MUNNOMBRE;CANNOMBRE;PARNOMBRE;VOTOS
ALMEIDA;Juan Carlos Sanchez Lesmes;PARTIDO ALIANZA VERDE;79
ALMEIDA;Fanny Raquel Avila Vallejo;PARTIDO CONSERVADOR COLOMBIANO;75
ALMEIDA;Angela Johanna Diaz Alfonso;PARTIDO ALIANZA VERDE;71
ALMEIDA;Juan Isidro Mondragon Vaca;NUEVA FUERZA DEMOCRÁTICA;69
ALMEIDA;Monica Piedad Diaz Daza;PARTIDO CAMBIO RADICAL;66
ALMEIDA;Claudia Merced Rodriguez Oliveros;PARTIDO CONSERVADOR COLOMBIANO;64
ALMEIDA;Yan Ester Lesmes Sanchez;PARTIDO ALIANZA VERDE;60
ALMEIDA;Cebrian Esteban Pinto Segura;PARTIDO ALIANZA VERDE;53
ALMEIDA;Fraiver Hernando Calderon Perilla;PARTIDO DE LA UNIÓN POR LA GENTE - PARTIDO DE LA U;53
ALMEIDA;Luis Gustavo Buitrago Barreto;NUEVA FUERZA DEMOCRÁTICA;49
ALMEIDA;Luis Alberto Morales Montenegro;PARTIDO CONSERVADOR COLOMBIANO;42
ALMEIDA;Fredy Alexander Morales Toloza;PARTIDO CONSERVADOR COLOMBIANO;41
ALMEIDA;Yomaira Monroy Lopez;PARTIDO ALIANZA VERDE;37
ALMEIDA;Jhonny Alejandro Ruiz Daza;NUEVA FUERZA DEMOCRÁTICA;36
ALMEIDA;Angel Custodio Sanchez Roa;PARTIDO ALIANZA VERDE;35
ALMEIDA;Fredy Yesid Romero Montenegro;PARTIDO CENTRO DEMOCRÁTICO;34
ALMEIDA;Willintong Rafael Ruiz Franco;PARTIDO CAMBIO RADICAL;32
ALMEIDA;Jairo Eliecer Gonzalez Algarra;PARTIDO DE LA UNIÓN POR LA GENTE - PARTIDO DE LA U;31
ALMEIDA;Jose Hipolito Calderon Bohorquez;NUEVA FUERZA DEMOCRÁTICA;31
ALMEIDA;Luz Amanda Castañeda;PARTIDO CONSERVADOR COLOMBIANO;30
ALMEIDA;Sonia Yolima Calderon Daza;NUEVA FUERZA DEMOCRÁTICA;29
ALMEIDA;Jeison Stid Lesmes Montenegro;"MOVIMIENTO ALTERNATIVO INDÍGENA Y SOCIAL ""MAIS""";28
ALMEIDA;Alba Lucia Moreno Lugo;PARTIDO DE LA UNIÓN POR LA GENTE - PARTIDO DE LA U;27
ALMEIDA;Alba Ines Sanchez Alfonso;PARTIDO CENTRO DEMOCRÁTICO;25
ALMEIDA;Orfa Lorenza Diaz Perilla;PARTIDO DE LA UNIÓN POR LA GENTE - PARTIDO DE LA U;25
ALMEIDA;Angie Lorena Mondragon Mondragon;PARTIDO CAMBIO RADICAL;23
ALMEIDA;Aurell Duvan Molina Gonzalez;PARTIDO CENTRO DEMOCRÁTICO;20
ALMEIDA;Guillermo Chavarro Tellez;PARTIDO CENTRO DEMOCRÁTICO;19
ALMEIDA;Luz Aurora Salinas Vaca;PARTIDO ALIANZA VERDE;18
ALMEIDA;Karen Yiley Daza Lopez;PARTIDO CONSERVADOR COLOMBIANO;17
ALMEIDA;Partido Alianza Verde;PARTIDO ALIANZA VERDE;17
ALMEIDA;Rafael Antonio Barreto Calderon;PARTIDO CAMBIO RADICAL;17
ALMEIDA;Diego Alexandro Gutierrez Ruiz;PARTIDO DE LA UNIÓN POR LA GENTE - PARTIDO DE LA U;16
ALMEIDA;Yudy Yolanda Daza Daza;NUEVA FUERZA DEMOCRÁTICA;15
ALMEIDA;Agustin Peña;PARTIDO DE LA UNIÓN POR LA GENTE - PARTIDO DE LA U;14
ALMEIDA;Ana Ubaldina Bohorquez Bohorquez;PARTIDO CENTRO DEMOCRÁTICO;12
ALMEIDA;Jeffer Ariel Barrera Daza;PARTIDO LIBERAL COLOMBIANO;12
ALMEIDA;Partido Conservador Colombiano;PARTIDO CONSERVADOR COLOMBIANO;11
ALMEIDA;Juan De Dios Otalora;PARTIDO CONSERVADOR COLOMBIANO;10
ALMEIDA;Marye Lorena Montenegro Romero;"MOVIMIENTO ALTERNATIVO INDÍGENA Y SOCIAL ""MAIS""";10
ALMEIDA;Miyer Yoany Sanchez Abril;PARTIDO CAMBIO RADICAL;10
ALMEIDA;Nubia Milena Romero Bohorquez;PARTIDO LIBERAL COLOMBIANO;10
ALMEIDA;Nueva Fuerza Democrática;NUEVA FUERZA DEMOCRÁTICA;10
ALMEIDA;Deisi Edith Avila Monroy;PARTIDO LIBERAL COLOMBIANO;7
ALMEIDA;Freddy Oswaldo Contreras Vaca;PARTIDO LIBERAL COLOMBIANO;7
ALMEIDA;Partido Centro Democrático;PARTIDO CENTRO DEMOCRÁTICO;5
ALMEIDA;Maria Ines Vargas Vargas;NUEVA FUERZA DEMOCRÁTICA;4
ALMEIDA;Partido Cambio Radical;PARTIDO CAMBIO RADICAL;4
ALMEIDA;Zoraida Liceth Arevalo Avila;PARTIDO DE LA UNIÓN POR LA GENTE - PARTIDO DE LA U;4
ALMEIDA;Andersson Efrain Diaz Alfonso;PARTIDO LIBERAL COLOMBIANO;3
ALMEIDA;Partido De La Unión Por La Gente - Partido De La U;PARTIDO DE LA UNIÓN POR LA GENTE - PARTIDO DE LA U;3
ALMEIDA;Paula Sofia Von Walter Abirama;PARTIDO LIBERAL COLOMBIANO;3
ALMEIDA;Brayan Ferney Mondragon Mondragon;"MOVIMIENTO ALTERNATIVO INDÍGENA Y SOCIAL ""MAIS""";2
ALMEIDA;Partido Liberal Colombiano;PARTIDO LIBERAL COLOMBIANO;2
ALMEIDA;Fredy Castillo Bohorquez;PARTIDO CENTRO DEMOCRÁTICO;1
ALMEIDA;"Movimiento Alternativo Indígena Y Social ""Mais""";"MOVIMIENTO ALTERNATIVO INDÍGENA Y SOCIAL ""MAIS""";1
AQUITANIA (PUEBLOVIEJO);Yamid Emel Perez Ceron;PARTIDO CAMBIO RADICAL;403
AQUITANIA (PUEBLOVIEJO);Omar Alberto Alarcon Avila;PARTIDO ALIANZA VERDE;381
AQUITANIA (PUEBLOVIEJO);Jose Luis Becerra;"PARTIDO ALIANZA SOCIAL INDEPENDIENTE ""ASI""";380
AQUITANIA (PUEBLOVIEJO);Pablo Andres Mesa Acevedo;PARTIDO ALIANZA VERDE;368
AQUITANIA (PUEBLOVIEJO);Brian Andres Guanumen Nossa;PARTIDO CONSERVADOR COLOMBIANO;362
AQUITANIA (PUEBLOVIEJO);Omar Alberto Mesa Mesa;PARTIDO CONSERVADOR COLOMBIANO;329
AQUITANIA (PUEBLOVIEJO);Clelia Alarcon Lemus;PARTIDO CONSERVADOR COLOMBIANO;327
AQUITANIA (PUEBLOVIEJO);Hector Fernando Quezada Quezada;"PARTIDO ALIANZA SOCIAL INDEPENDIENTE ""ASI""";281
AQUITANIA (PUEBLOVIEJO);Fabio Orlando Cepeda Aguirre;PARTIDO ALIANZA VERDE;273
AQUITANIA (PUEBLOVIEJO);Yimmy Arley Diaz Acevedo;"MOVIMIENTO ALTERNATIVO INDÍGENA Y SOCIAL ""MAIS""";251
AQUITANIA (PUEBLOVIEJO);Hely Emiro Riaño Acevedo;PARTIDO CAMBIO RADICAL;248
AQUITANIA (PUEBLOVIEJO);Diego Alejandro Montaña Cadena;"MOVIMIENTO ALTERNATIVO INDÍGENA Y SOCIAL ""MAIS""";222
AQUITANIA (PUEBLOVIEJO);Fabian Andres Ramirez Perez;PARTIDO CENTRO DEMOCRÁTICO;207
AQUITANIA (PUEBLOVIEJO);Jhon Fernando Sotaquira Chaparro;PARTIDO ALIANZA VERDE;206
AQUITANIA (PUEBLOVIEJO);Fredy Alonso Rico Martinez;PARTIDO CENTRO DEMOCRÁTICO;204
AQUITANIA (PUEBLOVIEJO);Luis Fernando Gomez Gomez;"MOVIMIENTO ALTERNATIVO INDÍGENA Y SOCIAL ""MAIS""";194
AQUITANIA (PUEBLOVIEJO);Elkin Yamid Rios Trujillo;"PARTIDO ALIANZA SOCIAL INDEPENDIENTE ""ASI""";190
AQUITANIA (PUEBLOVIEJO);Laly Yaneth Chaparro Fonseca;PARTIDO DE LA UNIÓN POR LA GENTE - PARTIDO DE LA U;174
AQUITANIA (PUEBLOVIEJO);Jorge Luis Hernandez Rodriguez;PARTIDO CAMBIO RADICAL;160
AQUITANIA (PUEBLOVIEJO);Raul Paez Martinez;PARTIDO CONSERVADOR COLOMBIANO;158
AQUITANIA (PUEBLOVIEJO);Ever Alvarado Lemus;"MOVIMIENTO ALTERNATIVO INDÍGENA Y SOCIAL ""MAIS""";155
AQUITANIA (PUEBLOVIEJO);Ignacio Montaña Montaña;"MOVIMIENTO ALTERNATIVO INDÍGENA Y SOCIAL ""MAIS""";155
AQUITANIA (PUEBLOVIEJO);Rosana Riveros Lemus;"PARTIDO ALIANZA SOCIAL INDEPENDIENTE ""ASI""";151
AQUITANIA (PUEBLOVIEJO);Jhon Alexander Hernandez Parada;PARTIDO DE LA UNIÓN POR LA GENTE - PARTIDO DE LA U;149
AQUITANIA (PUEBLOVIEJO);Albeiro Armando Cepeda Cepeda;PARTIDO DE LA UNIÓN POR LA GENTE - PARTIDO DE LA U;138
AQUITANIA (PUEBLOVIEJO);Pablo Antonio Rincon Becerra;PARTIDO CAMBIO RADICAL;136
AQUITANIA (PUEBLOVIEJO);Narciso Becerra Daza;"MOVIMIENTO ALTERNATIVO INDÍGENA Y SOCIAL ""MAIS""";133
AQUITANIA (PUEBLOVIEJO);Luis Duban Espinel Sierra;PARTIDO DE LA UNIÓN POR LA GENTE - PARTIDO DE LA U;126
AQUITANIA (PUEBLOVIEJO);Kimo Alexander Perez Vargas;PARTIDO ALIANZA VERDE;125
AQUITANIA (PUEBLOVIEJO);Blanca Omaira Rosas Rodriguez;PARTIDO ALIANZA VERDE;116
AQUITANIA (PUEBLOVIEJO);Miguel Antonio Salamanca Rico;PARTIDO CAMBIO RADICAL;109
AQUITANIA (PUEBLOVIEJO);Nelson Eduardo Perez Riveros;PARTIDO CENTRO DEMOCRÁTICO;106
AQUITANIA (PUEBLOVIEJO);Campo Elias Alarcon Aguirre;MOVIMIENTO SALVACIÓN NACIONAL;100
AQUITANIA (PUEBLOVIEJO);Gina Paola Salcedo Montaña;PARTIDO DE LA UNIÓN POR LA GENTE - PARTIDO DE LA U;95
AQUITANIA (PUEBLOVIEJO);Carlos Dario Moreno Vargas;MOVIMIENTO SALVACIÓN NACIONAL;90
AQUITANIA (PUEBLOVIEJO);Erika Daniela Chaparro Alvarado;"PARTIDO ALIANZA SOCIAL INDEPENDIENTE ""ASI""";88
AQUITANIA (PUEBLOVIEJO);Partido Conservador Colombiano;PARTIDO CONSERVADOR COLOMBIANO;87
AQUITANIA (PUEBLOVIEJO);Yenny Yoana Plazas Gutierrez;PARTIDO CENTRO DEMOCRÁTICO;85
AQUITANIA (PUEBLOVIEJO);Partido Alianza Verde;PARTIDO ALIANZA VERDE;82
AQUITANIA (PUEBLOVIEJO);Dumar Fernando Rios Chaparro;PARTIDO CENTRO DEMOCRÁTICO;75
AQUITANIA (PUEBLOVIEJO);Olman Hernando Santos Cadena;PARTIDO DE LA UNIÓN POR LA GENTE - PARTIDO DE LA U;73
AQUITANIA (PUEBLOVIEJO);Diego Santos Pedraza;PARTIDO ALIANZA VERDE;71
AQUITANIA (PUEBLOVIEJO);Daniel Gerardo Chaparro Perez;PARTIDO POLÍTICO DIGNIDAD & COMPROMISO;66
AQUITANIA (PUEBLOVIEJO);Andres Camilo Cubides Rojas;PARTIDO CONSERVADOR COLOMBIANO;63
AQUITANIA (PUEBLOVIEJO);Edixon Rolando Rincon Chaparro;"PARTIDO ALIANZA SOCIAL INDEPENDIENTE ""ASI""";59
AQUITANIA (PUEBLOVIEJO);Nelson Bello;PARTIDO CENTRO DEMOCRÁTICO;54
AQUITANIA (PUEBLOVIEJO);Deicy Jimena Gutierrez Perez;PARTIDO CONSERVADOR COLOMBIANO;50
AQUITANIA (PUEBLOVIEJO);Camilo Andres Uribe Montaña;MOVIMIENTO SALVACIÓN NACIONAL;47
AQUITANIA (PUEBLOVIEJO);Sara Lucia Perez Montaña;PARTIDO ALIANZA VERDE;46
AQUITANIA (PUEBLOVIEJO);Cristian Camilo Chaparro Castro;PARTIDO CENTRO DEMOCRÁTICO;44
AQUITANIA (PUEBLOVIEJO);Maria Isabel Ramirez;PARTIDO CENTRO DEMOCRÁTICO;43
AQUITANIA (PUEBLOVIEJO);Partido Centro Democrático;PARTIDO CENTRO DEMOCRÁTICO;42
AQUITANIA (PUEBLOVIEJO);Sandra Teresa Sanchez Ramirez;PARTIDO ALIANZA VERDE;41
AQUITANIA (PUEBLOVIEJO);German Augusto Bello;"PARTIDO ALIANZA SOCIAL INDEPENDIENTE ""ASI""";38
AQUITANIA (PUEBLOVIEJO);Jose Antonio Alarcon Mogollon;MOVIMIENTO SALVACIÓN NACIONAL;36
AQUITANIA (PUEBLOVIEJO);Manuel Cadena Perez;PARTIDO CAMBIO RADICAL;35
AQUITANIA (PUEBLOVIEJO);Mauricio Cardozo Rincon;PARTIDO CAMBIO RADICAL;33
AQUITANIA (PUEBLOVIEJO);Cristian David Moreno Cardozo;"PARTIDO ALIANZA SOCIAL INDEPENDIENTE ""ASI""";31
AQUITANIA (PUEBLOVIEJO);Oscar Andres Rico Piragauta;"MOVIMIENTO ALTERNATIVO INDÍGENA Y SOCIAL ""MAIS""";31
AQUITANIA (PUEBLOVIEJO);Jeimy Adriana Martinez Sanchez;"MOVIMIENTO ALTERNATIVO INDÍGENA Y SOCIAL ""MAIS""";29
AQUITANIA (PUEBLOVIEJO);Maria Patricia Cardozo Chaparro;"PARTIDO ALIANZA SOCIAL INDEPENDIENTE ""ASI""";29
AQUITANIA (PUEBLOVIEJO);Yefferson Alexander Chaparro Rodriguez;PARTIDO DE LA UNIÓN POR LA GENTE - PARTIDO DE LA U;29
AQUITANIA (PUEBLOVIEJO);Fredy David Cepeda Mesa;PARTIDO CENTRO DEMOCRÁTICO;27
AQUITANIA (PUEBLOVIEJO);Gloria Yaneth Gomez Moreno;PARTIDO CAMBIO RADICAL;27
AQUITANIA (PUEBLOVIEJO);"Partido Alianza Social Independiente ""Asi""";"PARTIDO ALIANZA SOCIAL INDEPENDIENTE ""ASI""";27
AQUITANIA (PUEBLOVIEJO);Rolando Bladimir Alarcon Perez;PARTIDO CONSERVADOR COLOMBIANO;27
AQUITANIA (PUEBLOVIEJO);Edgar Fabian Satoba Chaparro;PARTIDO DE LA UNIÓN POR LA GENTE - PARTIDO DE LA U;26
AQUITANIA (PUEBLOVIEJO);Partido De La Unión Por La Gente - Partido De La U;PARTIDO DE LA UNIÓN POR LA GENTE - PARTIDO DE LA U;26
AQUITANIA (PUEBLOVIEJO);"Movimiento Alternativo Indígena Y Social ""Mais""";"MOVIMIENTO ALTERNATIVO INDÍGENA Y SOCIAL ""MAIS""";25
AQUITANIA (PUEBLOVIEJO);Partido Cambio Radical;PARTIDO CAMBIO RADICAL;23
AQUITANIA (PUEBLOVIEJO);Angel Rafael Chaparro Cepeda;"PARTIDO ALIANZA SOCIAL INDEPENDIENTE ""ASI""";22
AQUITANIA (PUEBLOVIEJO);Yamileth Cristobal Yande;PARTIDO CAMBIO RADICAL;22
AQUITANIA (PUEBLOVIEJO);Julio Cesar Rico Barinas;PARTIDO DE LA UNIÓN POR LA GENTE - PARTIDO DE LA U;21
AQUITANIA (PUEBLOVIEJO);Servilio Lopez Parra;MOVIMIENTO SALVACIÓN NACIONAL;20
AQUITANIA (PUEBLOVIEJO);Paola Andrea Perez Chaparro;PARTIDO CONSERVADOR COLOMBIANO;19
AQUITANIA (PUEBLOVIEJO);Jaime Omar Perez Bernal;PARTIDO CONSERVADOR COLOMBIANO;18
AQUITANIA (PUEBLOVIEJO);Yexid Ximena Gutierrez Soto;PARTIDO ALIANZA VERDE;18
AQUITANIA (PUEBLOVIEJO);Bertha Yolima Laverde Diaz;PARTIDO CAMBIO RADICAL;17
AQUITANIA (PUEBLOVIEJO);Hugo Armando Ramirez Acevedo;PARTIDO POLÍTICO DIGNIDAD & COMPROMISO;16
AQUITANIA (PUEBLOVIEJO);Jose Giovanny Montaña Espinel;MOVIMIENTO SALVACIÓN NACIONAL;14
AQUITANIA (PUEBLOVIEJO);Luz Mariela Alarcon Alvarez;PARTIDO DE LA UNIÓN POR LA GENTE - PARTIDO DE LA U;13
AQUITANIA (PUEBLOVIEJO);Deisy Alexandra Fonseca Fonseca;PARTIDO DE LA UNIÓN POR LA GENTE - PARTIDO DE LA U;12
AQUITANIA (PUEBLOVIEJO);Yuly Andrea Cepeda Montaña;MOVIMIENTO SALVACIÓN NACIONAL;12
AQUITANIA (PUEBLOVIEJO);Catalina Ochoa Avendaño;PARTIDO CONSERVADOR COLOMBIANO;10
AQUITANIA (PUEBLOVIEJO);Elkin Javier Munevar Perez;PARTIDO CONSERVADOR COLOMBIANO;10
AQUITANIA (PUEBLOVIEJO);Javier Chaparro Vargas;MOVIMIENTO SALVACIÓN NACIONAL;8
AQUITANIA (PUEBLOVIEJO);Movimiento Politico Fuerza Ciudadana;MOVIMIENTO POLITICO FUERZA CIUDADANA;8
AQUITANIA (PUEBLOVIEJO);Nayibe Natalia Vargas Leon;PARTIDO POLÍTICO DIGNIDAD & COMPROMISO;8
AQUITANIA (PUEBLOVIEJO);Adriana Marcela Bernal Chaparro;PARTIDO POLÍTICO DIGNIDAD & COMPROMISO;7
AQUITANIA (PUEBLOVIEJO);Leydi Paola Florez Uribe;"MOVIMIENTO ALTERNATIVO INDÍGENA Y SOCIAL ""MAIS""";5
AQUITANIA (PUEBLOVIEJO);Yined Dayanna Rodriguez Laverde;MOVIMIENTO SALVACIÓN NACIONAL;5
AQUITANIA (PUEBLOVIEJO);Angela Lucero Lopez Piragauta;PARTIDO CENTRO DEMOCRÁTICO;4
AQUITANIA (PUEBLOVIEJO);Dora Lizeth Jimenez Alarcon;"MOVIMIENTO ALTERNATIVO INDÍGENA Y SOCIAL ""MAIS""";4
AQUITANIA (PUEBLOVIEJO);Monica Liceth Lemus Chaparro;"MOVIMIENTO ALTERNATIVO INDÍGENA Y SOCIAL ""MAIS""";4
AQUITANIA (PUEBLOVIEJO);Partido Político Dignidad & Compromiso;PARTIDO POLÍTICO DIGNIDAD & COMPROMISO;4
AQUITANIA (PUEBLOVIEJO);Suly Magaly Sanchez Muñoz;MOVIMIENTO SALVACIÓN NACIONAL;4
AQUITANIA (PUEBLOVIEJO);Alba Victoria Gutierrez Riveros;PARTIDO CENTRO DEMOCRÁTICO;3
AQUITANIA (PUEBLOVIEJO);Movimiento  Salvación Nacional;MOVIMIENTO SALVACIÓN NACIONAL;3
AQUITANIA (PUEBLOVIEJO);Karen Dayana Fonseca Perez;MOVIMIENTO SALVACIÓN NACIONAL;2
ARCABUCO;Agustin Hernandez Jimenez;PARTIDO CENTRO DEMOCRÁTICO;257
ARCABUCO;Diego Armando Luis Hernandez;PARTIDO LIBERAL COLOMBIANO;192
ARCABUCO;Wilfredo Benitez Roncancio;PARTIDO ALIANZA VERDE;183
ARCABUCO;Fabio Luis Ruiz;PARTIDO CAMBIO RADICAL;179
ARCABUCO;Hector Jaime Poveda Aguilera;PARTIDO LIBERAL COLOMBIANO;164
ARCABUCO;David Felipe Castellanos Vega;PARTIDO CONSERVADOR COLOMBIANO;154
ARCABUCO;Jorge Eduardo Saenz Poveda;ACUERDO DE COALICÓN ENTRE EL PARTIDO DE LA U Y PARTIDO MIRA;154
ARCABUCO;Jaime Antonio Guerrero Forero;PARTIDO CONSERVADOR COLOMBIANO;152
ARCABUCO;Abisain Montoya Lopez;PARTIDO ALIANZA VERDE;132
ARCABUCO;Anatolio Hernandez Reyes;PARTIDO ALIANZA VERDE;124
ARCABUCO;Fabian Camilo Poveda Torres;PARTIDO LIBERAL COLOMBIANO;123
ARCABUCO;Harol Daniel Lopez Simijaca;PARTIDO CENTRO DEMOCRÁTICO;123
ARCABUCO;Henry Roberto Mayorga Pulido;PARTIDO CONSERVADOR COLOMBIANO;99
ARCABUCO;Javier Castellanos Beltran;AGRUPACIÓN POLÍTICA EN MARCHA;94
ARCABUCO;Nelson Duvan Aguilera Aguilera;PARTIDO CENTRO DEMOCRÁTICO;91
ARCABUCO;Diego Armando Robles Villamil;PARTIDO CENTRO DEMOCRÁTICO;89
ARCABUCO;Diogenes Camargo Robles;PARTIDO CAMBIO RADICAL;86
ARCABUCO;Ana Paola Cetina Lopez;PARTIDO ALIANZA VERDE;81
ARCABUCO;Jose Alfredo Cardenas Garcia;PARTIDO CAMBIO RADICAL;81
ARCABUCO;Eliana Edme Gamboa Navarro;ACUERDO DE COALICÓN ENTRE EL PARTIDO DE LA U Y PARTIDO MIRA;78
ARCABUCO;Lina Constanza Paez Ramirez;PARTIDO CONSERVADOR COLOMBIANO;77
ARCABUCO;Helber Alexi Agudelo Lopez;ACUERDO DE COALICÓN ENTRE EL PARTIDO DE LA U Y PARTIDO MIRA;64
ARCABUCO;Luis Alejandro Rubio Rojas;PARTIDO ALIANZA VERDE;59
ARCABUCO;Wilson Garcia Roncancio;PARTIDO LIBERAL COLOMBIANO;56
ARCABUCO;Jaime Humberto Bustos Guzman;ACUERDO DE COALICÓN ENTRE EL PARTIDO DE LA U Y PARTIDO MIRA;55
ARCABUCO;Jose Eudoxio Avila Puin;ACUERDO DE COALICÓN ENTRE EL PARTIDO DE LA U Y PARTIDO MIRA;55
ARCABUCO;Julieth Escarraga Pachon;AGRUPACIÓN POLÍTICA EN MARCHA;46
ARCABUCO;Yuri Viviana Saavedra Chirivi;AGRUPACIÓN POLÍTICA EN MARCHA;45
ARCABUCO;Catherinne Malagon Poveda;PARTIDO ALIANZA VERDE;42
ARCABUCO;Jorge Alfredo Herran Robles;PARTIDO ALIANZA VERDE;39
ARCABUCO;Martin Emilio Fuquene Cative;PARTIDO CAMBIO RADICAL;39
ARCABUCO;Tania Daniela Martinez Lopez;PARTIDO CENTRO DEMOCRÁTICO;37
ARCABUCO;Sindy Yulieth Rubio Pacheco;PARTIDO CONSERVADOR COLOMBIANO;36
ARCABUCO;Alcides Aguilar Jimenez;PARTIDO CENTRO DEMOCRÁTICO;35
ARCABUCO;Libardo Bautista Tunarrosa;AGRUPACIÓN POLÍTICA EN MARCHA;34
ARCABUCO;Sulay Jimenez Suarez;PARTIDO ALIANZA VERDE;33
ARCABUCO;Carlos Norbey Rico;PARTIDO LIBERAL COLOMBIANO;32
ARCABUCO;Andrey Leonardo Pinilla Luengas;PARTIDO CONSERVADOR COLOMBIANO;26
ARCABUCO;Ana Lucrecia Acero Castellanos;PARTIDO CAMBIO RADICAL;22
ARCABUCO;Diana Maria Franco Guzman;ACUERDO DE COALICÓN ENTRE EL PARTIDO DE LA U Y PARTIDO MIRA;22
ARCABUCO;Javier Pinilla Niño;AGRUPACIÓN POLÍTICA EN MARCHA;22
ARCABUCO;Maycol Wilfredo Piña Rubio;PARTIDO CONSERVADOR COLOMBIANO;22
ARCABUCO;Nancy Jaqueline Rodriguez Guzman;PARTIDO LIBERAL COLOMBIANO;21
ARCABUCO;Partido Centro Democrático;PARTIDO CENTRO DEMOCRÁTICO;21
ARCABUCO;Yerson Alejandro Garcia Garavito;PARTIDO CAMBIO RADICAL;20
ARCABUCO;Marcelina Robles Garavito;AGRUPACIÓN POLÍTICA EN MARCHA;19
ARCABUCO;Aderley Aguilera Contreras;AGRUPACIÓN POLÍTICA EN MARCHA;17
ARCABUCO;Diana Marcela Hoyos Hernandez;ACUERDO DE COALICÓN ENTRE EL PARTIDO DE LA U Y PARTIDO MIRA;17
ARCABUCO;Jose Ramiro Sacantiva Tibruza;ACUERDO DE COALICÓN ENTRE EL PARTIDO DE LA U Y PARTIDO MIRA;17
ARCABUCO;Rafael Eduardo Cuesta Hernandez;PARTIDO CAMBIO RADICAL;17
ARCABUCO;Martha Lucia Castellanos Mariño;PARTIDO CAMBIO RADICAL;16
ARCABUCO;Partido Alianza Verde;PARTIDO ALIANZA VERDE;13
ARCABUCO;Rosa Maria Villamil Poveda;PARTIDO CAMBIO RADICAL;13
ARCABUCO;Valeria Robles Aponte;PARTIDO LIBERAL COLOMBIANO;13
ARCABUCO;Agrupación Política En Marcha;AGRUPACIÓN POLÍTICA EN MARCHA;11
ARCABUCO;Jose Ivander Acero Casteblanco;AGRUPACIÓN POLÍTICA EN MARCHA;11
ARCABUCO;Partido Cambio Radical;PARTIDO CAMBIO RADICAL;10
ARCABUCO;Fredy Yesid Amezquita Pineda;PARTIDO ALIANZA VERDE;9
ARCABUCO;Luis Hernando Contreras Cabrera;PARTIDO CENTRO DEMOCRÁTICO;9
ARCABUCO;Luisa Alejandra Malagon Vargas;PARTIDO CONSERVADOR COLOMBIANO;9
ARCABUCO;Partido Liberal Colombiano;PARTIDO LIBERAL COLOMBIANO;9
ARCABUCO;Maria Fernanda Robles Saavedra;PARTIDO CENTRO DEMOCRÁTICO;8
ARCABUCO;Partido Conservador Colombiano;PARTIDO CONSERVADOR COLOMBIANO;8
ARCABUCO;Angel Arquimedes Cardenas Bustos;PARTIDO CONSERVADOR COLOMBIANO;7
ARCABUCO;Elmer Josue Guerrero Malagon;ACUERDO DE COALICÓN ENTRE EL PARTIDO DE LA U Y PARTIDO MIRA;7
ARCABUCO;Cesar Andres Garavito Cubides;AGRUPACIÓN POLÍTICA EN MARCHA;6
ARCABUCO;Tania Camila Olarte Acero;PARTIDO LIBERAL COLOMBIANO;5
ARCABUCO;Acuerdo De Coalicón Entre El Partido De La U Y Par Tido Mira;ACUERDO DE COALICÓN ENTRE EL PARTIDO DE LA U Y PARTIDO MIRA;2
ARCABUCO;Laura Natalia Garcia Gonzalez;PARTIDO CENTRO DEMOCRÁTICO;2
ARCABUCO;Mady Yulieth Rodriguez Guerrero;PARTIDO LIBERAL COLOMBIANO;1
BELEN;Diego Sebastian Rodriguez Guerrero;PARTIDO CAMBIO RADICAL;363
BELEN;Alvaro Toledo Uribe;PARTIDO LIBERAL COLOMBIANO;300
BELEN;Misael Ojeda Alfonso;PARTIDO LIBERAL COLOMBIANO;299
BELEN;Erbin Castro Ayala;PARTIDO LIBERAL COLOMBIANO;298
BELEN;Luis Adrian Gallo Pineda;PARTIDO LIBERAL COLOMBIANO;278
BELEN;Ivan Dario Carreño Pineda;PARTIDO ALIANZA VERDE;255
BELEN;Harold Sebastian Castañeda Hernandez;PARTIDO CAMBIO RADICAL;224
BELEN;Francy Johanna Amado Cely;PARTIDO ALIANZA VERDE;213
BELEN;Maria Helena Castro Pineda;PARTIDO LIBERAL COLOMBIANO;200
BELEN;Gina Paola Blanco Castro;PARTIDO LIBERAL COLOMBIANO;195
BELEN;"Movimiento Alternativo Indígena Y Social ""Mais""";"MOVIMIENTO ALTERNATIVO INDÍGENA Y SOCIAL ""MAIS""";159
BELEN;Wilmer Alexander Bautista Alarcon;PARTIDO CONSERVADOR COLOMBIANO;130
BELEN;Willton Emilio Torres Castro;PARTIDO ALIANZA VERDE;128
BELEN;Segundo Miguel Parra Carvajal;PARTIDO CONSERVADOR COLOMBIANO;124
BELEN;Luis Alfredo Rojas Silva;PARTIDO LIBERAL COLOMBIANO;112
BELEN;Ezequiel Mesa Torres;PARTIDO ALIANZA VERDE;103
BELEN;Julio Alberto Rojas Estepa;PARTIDO CAMBIO RADICAL;97
BELEN;Luis Francisco Torres Castro;PARTIDO LIBERAL COLOMBIANO;95
BELEN;Hector Julio Cristancho Fernandez;PARTIDO CONSERVADOR COLOMBIANO;85
BELEN;Jesica Geraldin Cristancho Ayala;PARTIDO ALIANZA VERDE;84
BELEN;Orlando Rincon Balaguera;PARTIDO ALIANZA VERDE;81
BELEN;Yamile Guevara Machuca;PARTIDO CAMBIO RADICAL;81
BELEN;Cristian Rafael Santos Prieto;PARTIDO ALIANZA VERDE;80
BELEN;Brigith Ubaldina Cordoba Balaguera;PARTIDO CAMBIO RADICAL;77
BELEN;Yenny Lucia Fuentes Contreras;PARTIDO CONSERVADOR COLOMBIANO;69
BELEN;Ivan Dario Torres Piñeros;PARTIDO ALIANZA VERDE;66
BELEN;Carlos Jose Perea Amaya;PARTIDO CONSERVADOR COLOMBIANO;61
BELEN;Elsy Catalina Sisa Blanco;PARTIDO ALIANZA VERDE;61
BELEN;Jorge Ivan Cristancho Balaguera;PARTIDO CONSERVADOR COLOMBIANO;58
BELEN;Estrella Silva Silva;PARTIDO CAMBIO RADICAL;56
BELEN;Juan Dario Vidal Albarracin;PARTIDO CAMBIO RADICAL;48
BELEN;John Fredy Marquez Porras;PARTIDO CAMBIO RADICAL;46
BELEN;Maria Alejandra Cardenas Tobon;PARTIDO LIBERAL COLOMBIANO;45
BELEN;Jenny Maria Barbosa Samora;PARTIDO CAMBIO RADICAL;42
BELEN;Partido Liberal Colombiano;PARTIDO LIBERAL COLOMBIANO;39
BELEN;Martha Yaneth Roa Amado;PARTIDO CONSERVADOR COLOMBIANO;35
BELEN;Partido Alianza Verde;PARTIDO ALIANZA VERDE;29
BELEN;Johana Pahola Pernett Peña;PARTIDO CONSERVADOR COLOMBIANO;27
BELEN;Luis Eduardo Moreno Araque;PARTIDO CONSERVADOR COLOMBIANO;25
BELEN;Partido Conservador Colombiano;PARTIDO CONSERVADOR COLOMBIANO;21
BELEN;Partido Cambio Radical;PARTIDO CAMBIO RADICAL;13
BERBEO;Francisco Javier Alfonso Alfonso;PARTIDO ALIANZA VERDE;134
BERBEO;Carlos Fernando Galindo;PARTIDO LIBERAL COLOMBIANO;77
BERBEO;Ana Hilda Pinzon Martinez;PARTIDO DE LA UNIÓN POR LA GENTE - PARTIDO DE LA U;69
BERBEO;Nelson Henrique Ruiz;PARTIDO CAMBIO RADICAL;68
BERBEO;Yilver Alfonso Pirateque;PARTIDO CAMBIO RADICAL;60
BERBEO;Willmar Rincon Caro;PARTIDO LIBERAL COLOMBIANO;56
BERBEO;Miyer Jose Vargas Contreras;PARTIDO DE LA UNIÓN POR LA GENTE - PARTIDO DE LA U;54
BERBEO;Jimer Alberto Mahecha Castillo;PARTIDO ALIANZA VERDE;50
BERBEO;Rolfe Uriel Vega Roa;PARTIDO LIBERAL COLOMBIANO;50
BERBEO;Nelson Marin Huertas Buitrago;"MOVIMIENTO ALTERNATIVO INDÍGENA Y SOCIAL ""MAIS""";43
BERBEO;Nestor Fabio Moreno Camacho;PARTIDO CAMBIO RADICAL;39
BERBEO;Ana Cecilia Pulido Castelblanco;PARTIDO CAMBIO RADICAL;38
BERBEO;Marcela Edith Cotame Parra;PARTIDO CAMBIO RADICAL;36
BERBEO;Martha Cecilia Ibañez Guio;PARTIDO LIBERAL COLOMBIANO;36
BERBEO;Yefrey Ansizar Reyes Rincon;PARTIDO LIBERAL COLOMBIANO;36
BERBEO;Jose Salvador Alfonso Contreras;PARTIDO ALIANZA VERDE;30
BERBEO;Cristian David Niño Diaz;PARTIDO DE LA UNIÓN POR LA GENTE - PARTIDO DE LA U;28
BERBEO;Lina Marcela Cardenas Montañez;PARTIDO LIBERAL COLOMBIANO;27
BERBEO;Yeison Andres Garzon Alfonso;"MOVIMIENTO ALTERNATIVO INDÍGENA Y SOCIAL ""MAIS""";27
BERBEO;"Partido Alianza Social Independiente ""Asi""";"PARTIDO ALIANZA SOCIAL INDEPENDIENTE ""ASI""";26
BERBEO;Pedro Jose Diaz Lamus;PARTIDO CAMBIO RADICAL;26
BERBEO;Julio Medardo Martinez Romero;PARTIDO DE LA UNIÓN POR LA GENTE - PARTIDO DE LA U;23
BERBEO;Amelio Gomez Sanchez;PARTIDO ALIANZA VERDE;19
BERBEO;Maritza Jaimes Mesa;PARTIDO ALIANZA VERDE;19
BERBEO;Claudia Rodriguez Pirateque;PARTIDO DE LA UNIÓN POR LA GENTE - PARTIDO DE LA U;18
BERBEO;Gloria Edilma Roldan Hernandez;PARTIDO CAMBIO RADICAL;18
BERBEO;Leydy Johana Vargas Reinoso;PARTIDO LIBERAL COLOMBIANO;18
BERBEO;Daniela Alejandra Barreto Caro;"MOVIMIENTO ALTERNATIVO INDÍGENA Y SOCIAL ""MAIS""";16
BERBEO;Andrea Paola Bernal Morales;PARTIDO ALIANZA VERDE;14
BERBEO;Yosman Coronado Oicata;"MOVIMIENTO ALTERNATIVO INDÍGENA Y SOCIAL ""MAIS""";12
BERBEO;Partido Alianza Verde;PARTIDO ALIANZA VERDE;11
BERBEO;Luz Mery Peña Hernandez;"MOVIMIENTO ALTERNATIVO INDÍGENA Y SOCIAL ""MAIS""";8
BERBEO;Daniel Moises Sanchez Daza;PARTIDO DE LA UNIÓN POR LA GENTE - PARTIDO DE LA U;6
BERBEO;Nanci Rodriguez Perilla;PARTIDO DE LA UNIÓN POR LA GENTE - PARTIDO DE LA U;5
BERBEO;Olga Marina Granados Ayala;"MOVIMIENTO ALTERNATIVO INDÍGENA Y SOCIAL ""MAIS""";4
BERBEO;Partido Liberal Colombiano;PARTIDO LIBERAL COLOMBIANO;4
BERBEO;Blanca Odilia Amaya Vargas;PARTIDO ALIANZA VERDE;3
BERBEO;Irenarco Cala Bayona;"MOVIMIENTO ALTERNATIVO INDÍGENA Y SOCIAL ""MAIS""";3
BERBEO;"Movimiento Alternativo Indígena Y Social ""Mais""";"MOVIMIENTO ALTERNATIVO INDÍGENA Y SOCIAL ""MAIS""";2
BERBEO;Partido Cambio Radical;PARTIDO CAMBIO RADICAL;1
BERBEO;Partido De La Unión Por La Gente - Partido De La U;PARTIDO DE LA UNIÓN POR LA GENTE - PARTIDO DE LA U;1
BETEITIVA;Jose Antonio Albarracin Cely;"MOVIMIENTO ALTERNATIVO INDÍGENA Y SOCIAL ""MAIS""";127
BETEITIVA;Liliana Cardenas Leon;PARTIDO LIBERAL COLOMBIANO;102
BETEITIVA;Camilo Andres Cely Gil;PARTIDO LIBERAL COLOMBIANO;92
BETEITIVA;Helkin Javier Daza Machuca;PARTIDO CAMBIO RADICAL;92
BETEITIVA;John Edisson Correa Albarracin;PARTIDO LIBERAL COLOMBIANO;82
BETEITIVA;Abel Machuca Rojas;PARTIDO DE LA UNIÓN POR LA GENTE - PARTIDO DE LA U;81
BETEITIVA;Adrian Oswaldo Acero Gil;PARTIDO CONSERVADOR COLOMBIANO;80
BETEITIVA;Mary Luz Vargas Vargas;PARTIDO DE LA UNIÓN POR LA GENTE - PARTIDO DE LA U;80
BETEITIVA;Daniel Sanchez Martinez;PARTIDO CAMBIO RADICAL;75
BETEITIVA;Cristobal Angarita Cardenas;PARTIDO CENTRO DEMOCRÁTICO;70
BETEITIVA;Omar Cely Wittinghan;PARTIDO CENTRO DEMOCRÁTICO;69
BETEITIVA;Pablo Antonio Araque Rojas;PARTIDO ALIANZA VERDE;67
BETEITIVA;Edilberto Gil Cardenas;PARTIDO LIBERAL COLOMBIANO;60
BETEITIVA;Campo Elias Triana Rivera;PARTIDO ALIANZA VERDE;55
BETEITIVA;Robinson Javier Vargas Vargas;PARTIDO LIBERAL COLOMBIANO;53
BETEITIVA;Jose Alirio Rivera Perez;PARTIDO ALIANZA VERDE;51
BETEITIVA;Ronald Alexis Montañez Berdugo;PARTIDO DE LA UNIÓN POR LA GENTE - PARTIDO DE LA U;48
BETEITIVA;Claudia Milena Perez Rincon;PARTIDO ALIANZA VERDE;35
BETEITIVA;Yeimi Carolina Gil Angarita;PARTIDO ALIANZA VERDE;33
BETEITIVA;Yeny Emilcen Alfonso Rojas;PARTIDO LIBERAL COLOMBIANO;33
BETEITIVA;Daniel Rojas Cely;PARTIDO CAMBIO RADICAL;30
BETEITIVA;Bernardo Leon;PARTIDO DE LA UNIÓN POR LA GENTE - PARTIDO DE LA U;25
BETEITIVA;Paola Andrea Cely Riveros;PARTIDO LIBERAL COLOMBIANO;18
BETEITIVA;Aura Juliana Rojas Acero;PARTIDO CAMBIO RADICAL;16
BETEITIVA;Juan Carlos Gil;PARTIDO ALIANZA VERDE;14
BETEITIVA;Carmen Rosa Rojas Angarita;PARTIDO CAMBIO RADICAL;13
BETEITIVA;Silenia Edith Silva Silva;PARTIDO ALIANZA VERDE;12
BETEITIVA;Doris Berdugo Joya;PARTIDO POLÍTICO DIGNIDAD & COMPROMISO;11
BETEITIVA;Martha Leticia Berdugo Gonzalez;"MOVIMIENTO ALTERNATIVO INDÍGENA Y SOCIAL ""MAIS""";11
BETEITIVA;Sandra Mirella Angarita Angarita;PARTIDO CAMBIO RADICAL;11
BETEITIVA;Manuel Alvarez Niño;"MOVIMIENTO ALTERNATIVO INDÍGENA Y SOCIAL ""MAIS""";10
BETEITIVA;Miller Humberto Rojas Gil;PARTIDO CONSERVADOR COLOMBIANO;7
BETEITIVA;Partido Alianza Verde;PARTIDO ALIANZA VERDE;7
BETEITIVA;Partido De La Unión Por La Gente - Partido De La U;PARTIDO DE LA UNIÓN POR LA GENTE - PARTIDO DE LA U;7
BETEITIVA;Partido Liberal Colombiano;PARTIDO LIBERAL COLOMBIANO;5
BETEITIVA;Maria Cristina Tellez Alvarez;"MOVIMIENTO ALTERNATIVO INDÍGENA Y SOCIAL ""MAIS""";4
BETEITIVA;Partido Cambio Radical;PARTIDO CAMBIO RADICAL;4
BETEITIVA;Carmelina Cossio Cerpa;PARTIDO CENTRO DEMOCRÁTICO;3
BETEITIVA;Elsy Mercedes Araque Cely;PARTIDO DE LA UNIÓN POR LA GENTE - PARTIDO DE LA U;3
BETEITIVA;Jolman Yesit Cadena Cely;"MOVIMIENTO ALTERNATIVO INDÍGENA Y SOCIAL ""MAIS""";3
BETEITIVA;"Movimiento Alternativo Indígena Y Social ""Mais""";"MOVIMIENTO ALTERNATIVO INDÍGENA Y SOCIAL ""MAIS""";3
BETEITIVA;Partido Conservador Colombiano;PARTIDO CONSERVADOR COLOMBIANO;3
BETEITIVA;Emilcen Leon Leon;PARTIDO CONSERVADOR COLOMBIANO;2
BETEITIVA;Partido Centro Democrático;PARTIDO CENTRO DEMOCRÁTICO;1
BETEITIVA;Partido Político Dignidad & Compromiso;PARTIDO POLÍTICO DIGNIDAD & COMPROMISO;1
BOAVITA;Luis Libardo Carreño Antolinez;PARTIDO CENTRO DEMOCRÁTICO;193
BOAVITA;Jose Gustavo Aponte Garcia;PARTIDO ALIANZA VERDE;151
BOAVITA;Hernando Gomez Vega;PARTIDO ALIANZA VERDE;129
BOAVITA;Maria Medina Aponte;PARTIDO ALIANZA VERDE;129
BOAVITA;Martha Lucia Perez Casas;PARTIDO ALIANZA VERDE;129
BOAVITA;Jose Eleuterio Aponte Vega;PARTIDO CONSERVADOR COLOMBIANO;125
BOAVITA;Rodrigo Sanchez Gomez;PARTIDO CONSERVADOR COLOMBIANO;111
BOAVITA;Blanca Myriam Albarracin Burgos;PARTIDO CENTRO DEMOCRÁTICO;97
BOAVITA;Alfredo Baez Gomez;PARTIDO CAMBIO RADICAL;93
BOAVITA;Johnathan Efrain Casas Dueñas;PARTIDO ALIANZA VERDE;91
BOAVITA;Jorge Ignacio Peña Bonilla;PARTIDO CONSERVADOR COLOMBIANO;87
BOAVITA;Helena Garcia Celis;PARTIDO CENTRO DEMOCRÁTICO;86
BOAVITA;Juan Evangelista Sanchez Gomez;PARTIDO DE LA UNIÓN POR LA GENTE - PARTIDO DE LA U;82
BOAVITA;Catalina Garcia Tarazona;PARTIDO CAMBIO RADICAL;80
BOAVITA;Gustavo Aponte Velasco;PARTIDO CONSERVADOR COLOMBIANO;64
BOAVITA;Vicente Vega Casas;PARTIDO DE LA UNIÓN POR LA GENTE - PARTIDO DE LA U;64
BOAVITA;Jorge Arturo Diaz Sanchez;PARTIDO ALIANZA VERDE;63
BOAVITA;Luis Ariel Velasco;MOVIMIENTO SALVACIÓN NACIONAL;58
BOAVITA;Angela Daniela Aponte Briceño;PARTIDO CAMBIO RADICAL;57
BOAVITA;Heiver Arvey Mojica Escobar;PARTIDO CONSERVADOR COLOMBIANO;54
BOAVITA;Movimiento Político Colombia Humana;MOVIMIENTO POLÍTICO COLOMBIA HUMANA;50
BOAVITA;Marinela Carreño Burgos;AGRUPACIÓN POLÍTICA EN MARCHA;49
BOAVITA;Carlos Carreño;PARTIDO CAMBIO RADICAL;46
BOAVITA;Custodio Parra Riaño;AGRUPACIÓN POLÍTICA EN MARCHA;46
BOAVITA;Hugo Rene Arias Correa;PARTIDO ALIANZA VERDE;46
BOAVITA;Yulian Ernesto Burgos Diaz;PARTIDO DE LA UNIÓN POR LA GENTE - PARTIDO DE LA U;45
BOAVITA;Emilio Rincon Medina;AGRUPACIÓN POLÍTICA EN MARCHA;44
BOAVITA;Juan Jose Valenzuela Lizarazo;AGRUPACIÓN POLÍTICA EN MARCHA;41
BOAVITA;Mariano Baez Baron;PARTIDO CAMBIO RADICAL;38
BOAVITA;Carlos Jimenez Casas;PARTIDO CONSERVADOR COLOMBIANO;37
BOAVITA;Diego Alejandro Sanguino Perez;PARTIDO CAMBIO RADICAL;37
BOAVITA;Silvia Cristina Jimenez Tarazona;PARTIDO CONSERVADOR COLOMBIANO;37
BOAVITA;Lucas Armando Osorio Sepulveda;PARTIDO DE LA UNIÓN POR LA GENTE - PARTIDO DE LA U;35
BOAVITA;Mario Bolivar Lizarazo;PARTIDO CENTRO DEMOCRÁTICO;35
BOAVITA;Erika Yohana Soto Correa;PARTIDO DE LA UNIÓN POR LA GENTE - PARTIDO DE LA U;34
BOAVITA;Partido Alianza Verde;PARTIDO ALIANZA VERDE;34
BOAVITA;Samuel Salazar Jimenez;PARTIDO CENTRO DEMOCRÁTICO;34
BOAVITA;Laura Florez Hernandez;PARTIDO ALIANZA VERDE;33
BOAVITA;Uriel Oswaldo Lizarazo Galvis;RENACER;31
BOAVITA;Luz Marina Lagos Dueñas;AGRUPACIÓN POLÍTICA EN MARCHA;30
BOAVITA;Mario Humberto Colmenares Carreño;PARTIDO CENTRO DEMOCRÁTICO;30
BOAVITA;Henry Vega Betancourth;MOVIMIENTO SALVACIÓN NACIONAL;29
BOAVITA;Mario Rosas Bermudez;AGRUPACIÓN POLÍTICA EN MARCHA;29
BOAVITA;Laura Yulieth Duarte Cuadros;MOVIMIENTO SALVACIÓN NACIONAL;27
BOAVITA;Nixon Alexander Parra Diaz;PARTIDO CAMBIO RADICAL;27
BOAVITA;Ruth Carolina Lizarazo Carrillo;PARTIDO CONSERVADOR COLOMBIANO;27
BOAVITA;Juan Andres Estupiñan Diaz;PARTIDO CENTRO DEMOCRÁTICO;26
BOAVITA;Manuel Humberto Galvis Corso;PARTIDO ALIANZA VERDE;21
BOAVITA;Luis Daniel Duitama;PARTIDO DE LA UNIÓN POR LA GENTE - PARTIDO DE LA U;18
BOAVITA;Adriano Baron Diaz;PARTIDO DE LA UNIÓN POR LA GENTE - PARTIDO DE LA U;17
BOAVITA;Ana Isabel Aponte Mojica;MOVIMIENTO SALVACIÓN NACIONAL;17
BOAVITA;Astrid Alejandra Bolivar Diaz;PARTIDO CENTRO DEMOCRÁTICO;17
BOAVITA;Carlos Humberto Soto Cely;AGRUPACIÓN POLÍTICA EN MARCHA;17
BOAVITA;Maria Conchita Cardenas Sanchez;PARTIDO CONSERVADOR COLOMBIANO;16
BOAVITA;Gabriel Betancourth Rincon;MOVIMIENTO SALVACIÓN NACIONAL;13
BOAVITA;Miguel Bolivar Sanchez;PARTIDO CENTRO DEMOCRÁTICO;12
BOAVITA;Leonor Perez;PARTIDO CAMBIO RADICAL;11
BOAVITA;Partido Centro Democrático;PARTIDO CENTRO DEMOCRÁTICO;11
BOAVITA;Elizabeth Zapata Navarro;RENACER;9
BOAVITA;Partido Conservador Colombiano;PARTIDO CONSERVADOR COLOMBIANO;7
BOAVITA;Mileidy Zoraida Bustamante Sanchez;RENACER;6
BOAVITA;Edilberto Tarazona Angarita;RENACER;5
BOAVITA;Francisco Javier Bonilla Cordoba;AGRUPACIÓN POLÍTICA EN MARCHA;5
BOAVITA;Partido De La Unión Por La Gente - Partido De La U;PARTIDO DE LA UNIÓN POR LA GENTE - PARTIDO DE LA U;5
BOAVITA;Efrain Correa Figueroa;RENACER;4
BOAVITA;Partido Cambio Radical;PARTIDO CAMBIO RADICAL;3
BOAVITA;Rosa Helena Esteban Bustacara;PARTIDO DE LA UNIÓN POR LA GENTE - PARTIDO DE LA U;3
BOAVITA;Agrupación Política En Marcha;AGRUPACIÓN POLÍTICA EN MARCHA;1
BOAVITA;Elizabeth Palencia Burgos;PARTIDO DE LA UNIÓN POR LA GENTE - PARTIDO DE LA U;1
BOAVITA;Movimiento  Salvación Nacional;MOVIMIENTO SALVACIÓN NACIONAL;1
BOAVITA;Nubia Stella Valderrama;AGRUPACIÓN POLÍTICA EN MARCHA;1
BOYACA;Pedro Julio Parada Rativa;PARTIDO ALIANZA VERDE;268
BOYACA;Juan Carlos Vargas Callejas;PARTIDO CAMBIO RADICAL;247
BOYACA;William Mauricio Barajas Liberato;PARTIDO LIBERAL COLOMBIANO;240
BOYACA;Cesar Aquilino Rincon Sanchez;PARTIDO DE LA UNIÓN POR LA GENTE - PARTIDO DE LA U;206
BOYACA;Alveiro Plazas Ortiz;PARTIDO ALIANZA VERDE;194
BOYACA;Diana Paola Fonseca Torres;PARTIDO CAMBIO RADICAL;190
BOYACA;Rodulfo Tovar Paez;PARTIDO CENTRO DEMOCRÁTICO;177
BOYACA;Nelly Yazmin Contreras Moreno;PARTIDO CENTRO DEMOCRÁTICO;150
BOYACA;Flor Alba Ibañez Merchan;PARTIDO CENTRO DEMOCRÁTICO;148
BOYACA;Milton Delio Sosa Rodriguez;PARTIDO CENTRO DEMOCRÁTICO;134
BOYACA;Jose Dario Cupa Bernal;PARTIDO ALIANZA VERDE;130
BOYACA;Lorenzo Cuellar Daza;PARTIDO ALIANZA VERDE;127
BOYACA;Rafael Humberto Muñoz Cifuentes;PARTIDO DE LA UNIÓN POR LA GENTE - PARTIDO DE LA U;118
BOYACA;Luis Antonio Merchan Callejas;PARTIDO LIBERAL COLOMBIANO;111
BOYACA;Jose Pepe Cifuentes Sosa;PARTIDO LIBERAL COLOMBIANO;95
BOYACA;Wilson Montes Suarique;PARTIDO CENTRO DEMOCRÁTICO;77
BOYACA;Elizabeth Callejas Bermudez;PARTIDO ALIANZA VERDE;69
BOYACA;Victor Manuel Arias Pirazan;PARTIDO ALIANZA VERDE;63
BOYACA;Martha Elizabeth Quintero Suarique;PARTIDO DE LA UNIÓN POR LA GENTE - PARTIDO DE LA U;55
BOYACA;Campo Elias Malagon Reyes;PARTIDO CAMBIO RADICAL;54
BOYACA;Partido Liberal Colombiano;PARTIDO LIBERAL COLOMBIANO;54
BOYACA;Delio Sanabria Muñoz;PARTIDO LIBERAL COLOMBIANO;51
BOYACA;Ana Lucia Gaona Camargo;PARTIDO LIBERAL COLOMBIANO;49
BOYACA;Leidy Sofia Cruz Cuervo;PARTIDO ALIANZA VERDE;49
BOYACA;Jairo Enrique Sanchez Sanchez;PARTIDO DE LA UNIÓN POR LA GENTE - PARTIDO DE LA U;45
BOYACA;Sandra Milena Moreno Pamplona;PARTIDO CAMBIO RADICAL;45
BOYACA;Wilson Lopez Callejas;PARTIDO DE LA UNIÓN POR LA GENTE - PARTIDO DE LA U;45
BOYACA;Jose Antonio Rincon Paez;PARTIDO ALIANZA VERDE;41
BOYACA;Mayerlin Arias Neira;PARTIDO ALIANZA VERDE;36
BOYACA;Nelson Yecid Bautista Lopez;PARTIDO DE LA UNIÓN POR LA GENTE - PARTIDO DE LA U;34
BOYACA;Jeidy Marisol Rique Mancipe;INDEPENDIENTES;32
BOYACA;Luis Alejandro Sora Quintero;PARTIDO LIBERAL COLOMBIANO;28
BOYACA;Liseth Dayana Coronado Gama;PARTIDO CAMBIO RADICAL;27
BOYACA;Rosatilia Garcia Sandobal;PARTIDO CAMBIO RADICAL;26
BOYACA;Jeisson Alexander Pinzon Rativa;PARTIDO CENTRO DEMOCRÁTICO;25
BOYACA;Partido Alianza Verde;PARTIDO ALIANZA VERDE;21
BOYACA;Angie Paola Rique Sabogal;PARTIDO DE LA UNIÓN POR LA GENTE - PARTIDO DE LA U;18
BOYACA;William Andres Palacio Beltran;INDEPENDIENTES;18
BOYACA;Yuli Catherine Gama Garay;PARTIDO DE LA UNIÓN POR LA GENTE - PARTIDO DE LA U;16
BOYACA;Humberto Gaona Peña;PARTIDO CAMBIO RADICAL;15
BOYACA;Nelcy Johana Peña Moreno;PARTIDO CENTRO DEMOCRÁTICO;15
BOYACA;Partido Cambio Radical;PARTIDO CAMBIO RADICAL;15
BOYACA;Partido Centro Democrático;PARTIDO CENTRO DEMOCRÁTICO;12
BOYACA;Partido De La Unión Por La Gente - Partido De La U;PARTIDO DE LA UNIÓN POR LA GENTE - PARTIDO DE LA U;12
BOYACA;Luz Marina Suarique Depablos;PARTIDO LIBERAL COLOMBIANO;11
BOYACA;Jose Cloromido Bermudez Parra;PARTIDO CAMBIO RADICAL;10
BOYACA;Independientes;INDEPENDIENTES;7
BOYACA;Maria Ofelia Torres Neira;PARTIDO LIBERAL COLOMBIANO;5
BOYACA;Enrique Velandia Velandia;PARTIDO DE LA UNIÓN POR LA GENTE - PARTIDO DE LA U;3
BOYACA;Pablo Emilio Torres Pirazan;PARTIDO LIBERAL COLOMBIANO;0
BRICEÑO;Fabio Enrique Rocha Peña;PARTIDO CAMBIO RADICAL;167
BRICEÑO;Marcos Florindo Montañez Abril;PARTIDO ALIANZA VERDE;150
BRICEÑO;Jeison Alexander Cañon Casas;PARTIDO CONSERVADOR COLOMBIANO;149
BRICEÑO;Julio Luvinel Rojas Ortiz;PARTIDO ALIANZA VERDE;148
BRICEÑO;Celio Gonzalo Ramirez Peña;PARTIDO CONSERVADOR COLOMBIANO;144
BRICEÑO;Jose Onofre Virguez Rojas;PARTIDO CONSERVADOR COLOMBIANO;124
BRICEÑO;Jhon Arley Pineda Gonzalez;PARTIDO CAMBIO RADICAL;103
BRICEÑO;Gregorio Hernando Sanchez Ortiz;PARTIDO POLÍTICO CREEMOS;102
BRICEÑO;Henry Alirio Rodriguez Pineda;PARTIDO POLÍTICO CREEMOS;89
BRICEÑO;Cristian Arley Gonzalez Solano;PARTIDO CENTRO DEMOCRÁTICO;80
BRICEÑO;Jose Ilvar Kennedy Leon Garcia;PARTIDO CENTRO DEMOCRÁTICO;71
BRICEÑO;Yosmi Alex Pineda Suarez;PARTIDO CENTRO DEMOCRÁTICO;69
BRICEÑO;Luz Margoth Ramos Daza;PARTIDO CAMBIO RADICAL;66
BRICEÑO;Wauldino Parra Figueredo;PARTIDO CAMBIO RADICAL;59
BRICEÑO;Anderson Fabian Ramos Mendieta;PARTIDO POLÍTICO CREEMOS;43
BRICEÑO;Blanca Lilia Pineda Montañez;PARTIDO ALIANZA VERDE;40
BRICEÑO;Erika Sirley Rojas Gonzalez;PARTIDO POLÍTICO CREEMOS;40
BRICEÑO;Viany Ruby Ramos;PARTIDO CENTRO DEMOCRÁTICO;37
BRICEÑO;Alfonso Eliban Forero;PARTIDO CONSERVADOR COLOMBIANO;34
BRICEÑO;Fany Jaimes Hernandez;PARTIDO ALIANZA VERDE;31
BRICEÑO;Publio Joaquin Ortiz Pedroza;PARTIDO CAMBIO RADICAL;25
BRICEÑO;Uriel Albeiro Sanchez Carvajal;PARTIDO CENTRO DEMOCRÁTICO;20
BRICEÑO;Edith Yaneth Wilches Ortiz;PARTIDO ALIANZA VERDE;19
BRICEÑO;Sonia Masmela Sierra;PARTIDO ALIANZA VERDE;18
BRICEÑO;Lisardo Aguilar Sanchez;PARTIDO POLÍTICO CREEMOS;16
BRICEÑO;Partido Alianza Verde;PARTIDO ALIANZA VERDE;14
BRICEÑO;Partido Conservador Colombiano;PARTIDO CONSERVADOR COLOMBIANO;13
BRICEÑO;Pilar Rocio Hernandez Velasquez;PARTIDO ALIANZA VERDE;11
BRICEÑO;Yenny Andrea Vega Villanueva;PARTIDO CONSERVADOR COLOMBIANO;9
BRICEÑO;Flor Marina Sanchez Carvajal;PARTIDO CONSERVADOR COLOMBIANO;8
BRICEÑO;Partido Político Creemos;PARTIDO POLÍTICO CREEMOS;6
BRICEÑO;Betty Ortiz Mesa;PARTIDO CAMBIO RADICAL;5
BRICEÑO;Claudia Yazmin Ballesteros Gallego;PARTIDO POLÍTICO CREEMOS;4
BRICEÑO;Partido Centro Democrático;PARTIDO CENTRO DEMOCRÁTICO;4
BRICEÑO;Ana Nergui Diaz Lemus;PARTIDO CAMBIO RADICAL;3
BRICEÑO;Partido Cambio Radical;PARTIDO CAMBIO RADICAL;2
BRICEÑO;Nancy Victoria Rivera Gonzalez;PARTIDO CENTRO DEMOCRÁTICO;1
BUENAVISTA;Andres Felipe Ortiz Rivera;PARTIDO COLOMBIA RENACIENTE;356
BUENAVISTA;Willyam Murcia Barragan;MOVIMIENTO SALVACIÓN NACIONAL;167
BUENAVISTA;Dainer Stiven Duran Gonzalez;PARTIDO CAMBIO RADICAL;152
BUENAVISTA;Jose Fabio Ballen Arevalo;PARTIDO ALIANZA VERDE;147
BUENAVISTA;Oscar Leonel Salgado Blanco;PARTIDO CENTRO DEMOCRÁTICO;139
BUENAVISTA;Camilo Alexander Pinilla Buitrago;PARTIDO CENTRO DEMOCRÁTICO;133
BUENAVISTA;Ilver Rodriguez Bustos;PARTIDO DE LA UNIÓN POR LA GENTE - PARTIDO DE LA U;131
BUENAVISTA;Nilson Oswaldo Antonio Sanchez;PARTIDO CENTRO DEMOCRÁTICO;122
BUENAVISTA;Miguel Antonio Sanchez Beltran;PARTIDO CAMBIO RADICAL;117
BUENAVISTA;Erika Fernanda Arevalo Rodriguez;PARTIDO ALIANZA VERDE;109
BUENAVISTA;Hermes Alfonso Ballen Villamil;MOVIMIENTO SALVACIÓN NACIONAL;105
BUENAVISTA;Luis Carlos Forero Matallana;MOVIMIENTO SALVACIÓN NACIONAL;105
BUENAVISTA;Florencio Buitrago;PARTIDO CAMBIO RADICAL;104
BUENAVISTA;Luis Fernando Arevalo Ramirez;PARTIDO ALIANZA VERDE;104
BUENAVISTA;Angel Mauricio Niño Barragan;MOVIMIENTO SALVACIÓN NACIONAL;98
BUENAVISTA;Digman Ancel Rojas Rodriguez;PARTIDO DE LA UNIÓN POR LA GENTE - PARTIDO DE LA U;98
BUENAVISTA;Gloria Milena Lara Rodriguez;PARTIDO CAMBIO RADICAL;86
BUENAVISTA;Tito Dinael Romero Cuervo;PARTIDO ALIANZA VERDE;85
BUENAVISTA;Alba Luz Alarcon Castiblanco;PARTIDO POLÍTICO CREEMOS;82
BUENAVISTA;Luz Myriam Antonio Quiroga;PARTIDO CENTRO DEMOCRÁTICO;75
BUENAVISTA;Adelina Castellanos Forero;PARTIDO POLÍTICO CREEMOS;72
BUENAVISTA;Audin Rodriguez Fandiño;PARTIDO CENTRO DEMOCRÁTICO;72
BUENAVISTA;Derian Jose Gonzalez Garcia;PARTIDO DE LA UNIÓN POR LA GENTE - PARTIDO DE LA U;56
BUENAVISTA;Jairo Cortes Peraza;PARTIDO DE LA UNIÓN POR LA GENTE - PARTIDO DE LA U;53
BUENAVISTA;John Freddy Antonio Salinas;PARTIDO ALIANZA VERDE;50
BUENAVISTA;Luis Gerardo Alarcon Alarcon;PARTIDO DE LA UNIÓN POR LA GENTE - PARTIDO DE LA U;50
BUENAVISTA;Henry Norbey Suarez Castro;PARTIDO COLOMBIA RENACIENTE;49
BUENAVISTA;Cristian Camilo Ortiz Fandiño;PARTIDO COLOMBIA RENACIENTE;47
BUENAVISTA;Yecid Leonardo Parra Camacho;PARTIDO CAMBIO RADICAL;47
BUENAVISTA;Hildebrando Avendaño Castellanos;PARTIDO DE LA UNIÓN POR LA GENTE - PARTIDO DE LA U;45
BUENAVISTA;Eddy Sandoval Gaitan;PARTIDO POLÍTICO CREEMOS;41
BUENAVISTA;Flor Miryam Espitia Sicacha;MOVIMIENTO SALVACIÓN NACIONAL;37
BUENAVISTA;Yenny Rocio Giraldo Pineda;PARTIDO POLÍTICO CREEMOS;36
BUENAVISTA;Neidys Yeraldin Sanchez Suarez;PARTIDO COLOMBIA RENACIENTE;33
BUENAVISTA;Nelson Javier Paez Paez;PARTIDO CAMBIO RADICAL;30
BUENAVISTA;Leidy Marcela Parra Cañon;PARTIDO CENTRO DEMOCRÁTICO;29
BUENAVISTA;Derly Raquel Celis Villamil;PARTIDO COLOMBIA RENACIENTE;28
BUENAVISTA;Edilberto Murcia Pinilla;PARTIDO POLÍTICO CREEMOS;23
BUENAVISTA;Stella Menjura Espinosa;PARTIDO DE LA UNIÓN POR LA GENTE - PARTIDO DE LA U;22
BUENAVISTA;Martha Elena Cruz Gutierrez;MOVIMIENTO SALVACIÓN NACIONAL;21
BUENAVISTA;Flor Yaneth Buitrago Pedraza;PARTIDO DE LA UNIÓN POR LA GENTE - PARTIDO DE LA U;19
BUENAVISTA;Luz Adriana Gutierrez Sicacha;PARTIDO CAMBIO RADICAL;18
BUENAVISTA;Alva Lucia Villagran Murcia;PARTIDO CAMBIO RADICAL;17
BUENAVISTA;Jose Zamir Pineda Velandia;PARTIDO CAMBIO RADICAL;17
BUENAVISTA;Movimiento  Salvación Nacional;MOVIMIENTO SALVACIÓN NACIONAL;17
BUENAVISTA;Partido Cambio Radical;PARTIDO CAMBIO RADICAL;17
BUENAVISTA;Jorge Luis Arias Conde;PARTIDO COLOMBIA RENACIENTE;15
BUENAVISTA;Nelsy Yamile Angel Rodriguez;PARTIDO POLÍTICO CREEMOS;15
BUENAVISTA;Partido De La Unión Por La Gente - Partido De La U;PARTIDO DE LA UNIÓN POR LA GENTE - PARTIDO DE LA U;15
BUENAVISTA;Oscar Fernando Avila Morato;PARTIDO CENTRO DEMOCRÁTICO;14
BUENAVISTA;Partido Alianza Verde;PARTIDO ALIANZA VERDE;14
BUENAVISTA;Partido Centro Democrático;PARTIDO CENTRO DEMOCRÁTICO;14
BUENAVISTA;Espar David Ramirez Arias;MOVIMIENTO SALVACIÓN NACIONAL;12
BUENAVISTA;Jeimy Catherine Giraldo Jimenez;PARTIDO ALIANZA VERDE;12
BUENAVISTA;Partido Colombia Renaciente;PARTIDO COLOMBIA RENACIENTE;12
BUENAVISTA;Lauren Yulieth Wilches Ramirez;PARTIDO ALIANZA VERDE;11
BUENAVISTA;Deicy Dayana Salinas Reyes;MOVIMIENTO SALVACIÓN NACIONAL;10
BUENAVISTA;Israel Camacho;PARTIDO COLOMBIA RENACIENTE;10
BUENAVISTA;Nicolas Santiago Antonio Lopez;PARTIDO ALIANZA VERDE;9
BUENAVISTA;Lindon Zamir Forero Espitia;PARTIDO POLÍTICO CREEMOS;6
BUENAVISTA;Jhonier Ocampo;MOVIMIENTO SALVACIÓN NACIONAL;5
BUENAVISTA;Partido Político Creemos;PARTIDO POLÍTICO CREEMOS;5
BUENAVISTA;Lyda Amparo Rodriguez Peña;PARTIDO COLOMBIA RENACIENTE;3
BUENAVISTA;Yuly Estefani Suarez Castro;PARTIDO CENTRO DEMOCRÁTICO;3
BUENAVISTA;Brayan Eduardo Rojas Castillo;PARTIDO POLÍTICO CREEMOS;2
BUENAVISTA;Flor Elba Rivera Cortes;PARTIDO DE LA UNIÓN POR LA GENTE - PARTIDO DE LA U;2
BUENAVISTA;Lina Mayerly Moreno;PARTIDO COLOMBIA RENACIENTE;1
BUENAVISTA;Luis David Matallana Suarez;PARTIDO POLÍTICO CREEMOS;1
BUSBANZA;Ismael Adame Cristancho;"PARTIDO ALIANZA SOCIAL INDEPENDIENTE ""ASI""";124
BUSBANZA;Marco Fidel Suarez Leguizamo;PARTIDO ALIANZA VERDE;91
BUSBANZA;Carmen Rosa Sanchez Martinez;PARTIDO CONSERVADOR COLOMBIANO;80
BUSBANZA;Miguel Angel Ducon Vargas;PARTIDO ALIANZA VERDE;77
BUSBANZA;Sergio Ivan Riaño Salamanca;"PARTIDO ALIANZA SOCIAL INDEPENDIENTE ""ASI""";71
BUSBANZA;Pedro Antonio Prieto Torres;PARTIDO CONSERVADOR COLOMBIANO;67
BUSBANZA;Alba Ignacia Rodriguez Adame;PARTIDO CONSERVADOR COLOMBIANO;66
BUSBANZA;Myriam Albarracin Vargas;PARTIDO ALIANZA VERDE;64
BUSBANZA;Melquesided Vargas Cardenas;"PARTIDO ALIANZA SOCIAL INDEPENDIENTE ""ASI""";60
BUSBANZA;Luis Humberto Vargas Gil;PARTIDO CONSERVADOR COLOMBIANO;55
BUSBANZA;Omar Vargas Albarracin;PARTIDO CONSERVADOR COLOMBIANO;55
BUSBANZA;Jenny Esperanza Salamanca Martinez;PARTIDO ALIANZA VERDE;15
BUSBANZA;July Alexandra Adame Calderon;"PARTIDO ALIANZA SOCIAL INDEPENDIENTE ""ASI""";12
BUSBANZA;Ramiro Rodriguez Cuy;PARTIDO CONSERVADOR COLOMBIANO;10
BUSBANZA;Martha Janeth Cabrera Benavides;PARTIDO CONSERVADOR COLOMBIANO;9
BUSBANZA;Yeny Patricia Rodriguez Orozco;"PARTIDO ALIANZA SOCIAL INDEPENDIENTE ""ASI""";9
BUSBANZA;Edilberto Rodriguez Rodriguez;PARTIDO ALIANZA VERDE;7
BUSBANZA;Jose Del Carmen Montañez Rodriguez;PARTIDO ALIANZA VERDE;7
BUSBANZA;Justo Pastor Holguin Gomez;"PARTIDO ALIANZA SOCIAL INDEPENDIENTE ""ASI""";4
BUSBANZA;Partido Alianza Verde;PARTIDO ALIANZA VERDE;3
BUSBANZA;Partido Conservador Colombiano;PARTIDO CONSERVADOR COLOMBIANO;3
BUSBANZA;Angelica Maria Orozco;PARTIDO ALIANZA VERDE;1
CALDAS;Cristian Fabian Lopez Castillo;PARTIDO ALIANZA VERDE;212
CALDAS;Hilda Judith Nuñez Suarez;PARTIDO ALIANZA VERDE;150
CALDAS;Fredy Albeiro Ortega Daza;PARTIDO NUEVO LIBERALISMO;149
CALDAS;Ediner Mauricio Mateus Cortes;PARTIDO LIBERAL COLOMBIANO;140
CALDAS;Ruth Guauque Castro;PARTIDO LIBERAL COLOMBIANO;134
CALDAS;Jesus Alonso Guzman Gonzalez;PARTIDO ALIANZA VERDE;131
CALDAS;Carlos Ivan Peña Lancheros;PARTIDO LIBERAL COLOMBIANO;121
CALDAS;William Ferney Hernandez Pachon;PARTIDO NUEVO LIBERALISMO;120
CALDAS;Jose William Albornoz Ortega;PARTIDO LIBERAL COLOMBIANO;117
CALDAS;Oscar Ivan Salas Gonzalez;PARTIDO ALIANZA VERDE;115
CALDAS;Diego Armando Piñeros Gonzalez;PARTIDO NUEVO LIBERALISMO;94
CALDAS;Javier Orlando Heredia Sanchez;"PARTIDO ALIANZA SOCIAL INDEPENDIENTE ""ASI""";93
CALDAS;Jessica Alejandra Lancheros Olmos;PARTIDO CAMBIO RADICAL;93
CALDAS;Fredy Evangelista Cortes Cañon;"PARTIDO ALIANZA SOCIAL INDEPENDIENTE ""ASI""";90
CALDAS;Segundo Eustaquio Gonzalez Forero;PARTIDO ALIANZA VERDE;88
CALDAS;Cesar Augusto Sanchez Rivera;PARTIDO LIBERAL COLOMBIANO;73
CALDAS;Dagoberto Castillo Roncancio;"PARTIDO ALIANZA SOCIAL INDEPENDIENTE ""ASI""";70
CALDAS;Camilo Esteban Casas Arenas;PARTIDO CAMBIO RADICAL;50
CALDAS;Luis Eduardo Prieto Ruiz;PARTIDO DE LA UNIÓN POR LA GENTE - PARTIDO DE LA U;46
CALDAS;David Fernando Sanchez Sanchez;PARTIDO DE LA UNIÓN POR LA GENTE - PARTIDO DE LA U;45
CALDAS;Ruth Biviana Forero Sierra;PARTIDO ALIANZA VERDE;43
CALDAS;Yeyson Ferney Sierra Rodriguez;PARTIDO CAMBIO RADICAL;39
CALDAS;Xiomara Leticia Casallas Torres;PARTIDO NUEVO LIBERALISMO;30
CALDAS;Yuly Patricia Cañon Franco;PARTIDO NUEVO LIBERALISMO;25
CALDAS;Yeison Yobany Lancheros Cancelado;PARTIDO NUEVO LIBERALISMO;24
CALDAS;Karen Daniela Sanchez Gomez;PARTIDO CENTRO DEMOCRÁTICO;22
CALDAS;Ana Lidia Rodriguez Romero;PARTIDO LIBERAL COLOMBIANO;21
CALDAS;Juan Humberto Ramirez Yepez;"MOVIMIENTO ALTERNATIVO INDÍGENA Y SOCIAL ""MAIS""";21
CALDAS;Ana Beatriz Urrego Verano;"PARTIDO ALIANZA SOCIAL INDEPENDIENTE ""ASI""";20
CALDAS;Edgar Zamir Guzman Suarez;"PARTIDO ALIANZA SOCIAL INDEPENDIENTE ""ASI""";18
CALDAS;Partido Liberal Colombiano;PARTIDO LIBERAL COLOMBIANO;16
CALDAS;Lyda Fernanda Pinilla Albornoz;PARTIDO ALIANZA VERDE;14
CALDAS;Ruth Patricia Cortes Rodriguez;PARTIDO CAMBIO RADICAL;12
CALDAS;Sandra Patricia Prado Suarez;PARTIDO CAMBIO RADICAL;12
CALDAS;Nidia Manuela Gonzalez Briceño;PARTIDO NUEVO LIBERALISMO;11
CALDAS;Partido Nuevo Liberalismo;PARTIDO NUEVO LIBERALISMO;11
CALDAS;Jose Dioselino Garzon Guzman;PARTIDO CENTRO DEMOCRÁTICO;10
CALDAS;Nixson Fernando Pinilla Bravo;"MOVIMIENTO ALTERNATIVO INDÍGENA Y SOCIAL ""MAIS""";10
CALDAS;Deisy Andrea Antonio Antonio;PARTIDO CAMBIO RADICAL;9
CALDAS;Diane Esperanza Sanchez Forero;"MOVIMIENTO ALTERNATIVO INDÍGENA Y SOCIAL ""MAIS""";6
CALDAS;Partido Alianza Verde;PARTIDO ALIANZA VERDE;6
CALDAS;Partido Cambio Radical;PARTIDO CAMBIO RADICAL;5
CALDAS;Gloria Isabel Yepes Reiba;PARTIDO LIBERAL COLOMBIANO;4
CALDAS;Gloria Stella Peña Murcia;"MOVIMIENTO ALTERNATIVO INDÍGENA Y SOCIAL ""MAIS""";4
CALDAS;Lina Esperanza Forero Pineda;"PARTIDO ALIANZA SOCIAL INDEPENDIENTE ""ASI""";4
CALDAS;Juana Valentina Castro Forero;PARTIDO CENTRO DEMOCRÁTICO;3
CALDAS;"Partido Alianza Social Independiente ""Asi""";"PARTIDO ALIANZA SOCIAL INDEPENDIENTE ""ASI""";3
CALDAS;Partido Centro Democrático;PARTIDO CENTRO DEMOCRÁTICO;3
CALDAS;Partido De La Unión Por La Gente - Partido De La U;PARTIDO DE LA UNIÓN POR LA GENTE - PARTIDO DE LA U;3
CALDAS;Alba Yaneth Guevara Avendaño;PARTIDO DE LA UNIÓN POR LA GENTE - PARTIDO DE LA U;1
CALDAS;"Movimiento Alternativo Indígena Y Social ""Mais""";"MOVIMIENTO ALTERNATIVO INDÍGENA Y SOCIAL ""MAIS""";1
CAMPOHERMOSO;Cristian Alejandro Sanchez Dueñas;"PARTIDO ALIANZA SOCIAL INDEPENDIENTE ""ASI""";259
CAMPOHERMOSO;Wilson Ariel Bernal Torres;PARTIDO DE LA UNIÓN POR LA GENTE - PARTIDO DE LA U;169
CAMPOHERMOSO;Jose Fernando Lopez Arevalo;PARTIDO CONSERVADOR COLOMBIANO;153
CAMPOHERMOSO;Tito Avila Rodriguez;PARTIDO LIBERAL COLOMBIANO;135
CAMPOHERMOSO;Stiven Alveiro Buitrago Melo;PARTIDO CONSERVADOR COLOMBIANO;113
CAMPOHERMOSO;Jose Vicente Vera Gamba;PARTIDO CONSERVADOR COLOMBIANO;88
CAMPOHERMOSO;Robinson Ferney Rojas;PARTIDO ALIANZA VERDE;77
CAMPOHERMOSO;Yuvi Johana Ramirez Lopez;PARTIDO CONSERVADOR COLOMBIANO;77
CAMPOHERMOSO;Alexander Moreno Gordillo;PARTIDO ALIANZA VERDE;69
CAMPOHERMOSO;Nubia Amanda Avila Peña;PARTIDO CENTRO DEMOCRÁTICO;54
CAMPOHERMOSO;Fredy Geovanny Cubides Monroy;PARTIDO CENTRO DEMOCRÁTICO;53
CAMPOHERMOSO;Jaiber Uriel Lopez Parra;PARTIDO DE LA UNIÓN POR LA GENTE - PARTIDO DE LA U;50
CAMPOHERMOSO;Jeison Fabian Toro Trujillo;PARTIDO LIBERAL COLOMBIANO;44
CAMPOHERMOSO;Wilman Johan Vega Sanchez;PARTIDO ALIANZA VERDE;43
CAMPOHERMOSO;Jose Alvaro Diaz Caro;PARTIDO CAMBIO RADICAL;41
CAMPOHERMOSO;Yina Paola Rey Cardenas;PARTIDO CONSERVADOR COLOMBIANO;41
CAMPOHERMOSO;Ximena Paola Salazar Hernandez;PARTIDO ALIANZA VERDE;37
CAMPOHERMOSO;Cecilia Galindo Tolosa;PARTIDO ALIANZA VERDE;34
CAMPOHERMOSO;Lucio Barrera Vega;PARTIDO DE LA UNIÓN POR LA GENTE - PARTIDO DE LA U;30
CAMPOHERMOSO;Nidia Emilce Rivera Cruz;PARTIDO ALIANZA VERDE;29
CAMPOHERMOSO;Nubia Buitrago Martinez;PARTIDO DE LA UNIÓN POR LA GENTE - PARTIDO DE LA U;27
CAMPOHERMOSO;Deisy Andrea Sosa Novoa;PARTIDO CENTRO DEMOCRÁTICO;21
CAMPOHERMOSO;Derlly Geraldin Melo Aragon;PARTIDO DE LA UNIÓN POR LA GENTE - PARTIDO DE LA U;21
CAMPOHERMOSO;Samuel Antonio Aguirre Vega;PARTIDO CAMBIO RADICAL;18
CAMPOHERMOSO;Yadid Aneyda Huertas Sarmiento;PARTIDO CONSERVADOR COLOMBIANO;18
CAMPOHERMOSO;Olmar Cibel Parra Jimenez;"PARTIDO ALIANZA SOCIAL INDEPENDIENTE ""ASI""";14
CAMPOHERMOSO;Gentil Benavides Tose;PARTIDO CAMBIO RADICAL;12
CAMPOHERMOSO;Niria Esperanza Varela Torres;PARTIDO DE LA UNIÓN POR LA GENTE - PARTIDO DE LA U;11
CAMPOHERMOSO;Nestor Yovanny Osorio Bacca;PARTIDO CONSERVADOR COLOMBIANO;9
CAMPOHERMOSO;Pablo Enrique Martinez Galindo;PARTIDO LIBERAL COLOMBIANO;9
CAMPOHERMOSO;Partido Conservador Colombiano;PARTIDO CONSERVADOR COLOMBIANO;9
CAMPOHERMOSO;Partido Alianza Verde;PARTIDO ALIANZA VERDE;8
CAMPOHERMOSO;Flor Marina Moreno Moreno;PARTIDO CAMBIO RADICAL;7
CAMPOHERMOSO;Partido Centro Democrático;PARTIDO CENTRO DEMOCRÁTICO;7
CAMPOHERMOSO;Emilse Huertas Bohorquez;PARTIDO DE LA UNIÓN POR LA GENTE - PARTIDO DE LA U;6
CAMPOHERMOSO;Partido De La Unión Por La Gente - Partido De La U;PARTIDO DE LA UNIÓN POR LA GENTE - PARTIDO DE LA U;6
CAMPOHERMOSO;"Partido Alianza Social Independiente ""Asi""";"PARTIDO ALIANZA SOCIAL INDEPENDIENTE ""ASI""";4
CAMPOHERMOSO;Partido Cambio Radical;PARTIDO CAMBIO RADICAL;3
CAMPOHERMOSO;Partido Liberal Colombiano;PARTIDO LIBERAL COLOMBIANO;3
CAMPOHERMOSO;Diana Milena Rincon Galeano;"PARTIDO ALIANZA SOCIAL INDEPENDIENTE ""ASI""";2
CAMPOHERMOSO;Erika Yulieth Aguirre Lopez;PARTIDO LIBERAL COLOMBIANO;2
CAMPOHERMOSO;Sandra Patricia Rada Corredor;PARTIDO CAMBIO RADICAL;1
CAMPOHERMOSO;Yinary Mayerly Melo Roa;PARTIDO LIBERAL COLOMBIANO;1
CERINZA;Ana Jimena Contreras Perez;PARTIDO CONSERVADOR COLOMBIANO;233
CERINZA;Cesar Antonio Pico Peña;NUEVA FUERZA DEMOCRÁTICA;155
CERINZA;Christian Camilo Manosalva Pico;PARTIDO LIBERAL COLOMBIANO;136
CERINZA;Esperanza Acuña Castro;PARTIDO CONSERVADOR COLOMBIANO;134
CERINZA;Laura Maria Corredor Reyes;PARTIDO CONSERVADOR COLOMBIANO;127
CERINZA;Liliana Marcela Santos Cardenas;NUEVA FUERZA DEMOCRÁTICA;123
CERINZA;Leidy Xiomara Alvarez Blanco;NUEVA FUERZA DEMOCRÁTICA;111
CERINZA;Daniel Fernando Cely Verdugo;PARTIDO CAMBIO RADICAL;110
CERINZA;Diego Arley Ramirez Albarracin;PARTIDO ALIANZA VERDE;95
CERINZA;Liliana Ayala Morantes;NUEVA FUERZA DEMOCRÁTICA;95
CERINZA;Wilson Cely Amaya;PARTIDO CAMBIO RADICAL;92
CERINZA;Partido Liberal Colombiano;PARTIDO LIBERAL COLOMBIANO;89
CERINZA;Diego Ivan Pita Moreno;NUEVA FUERZA DEMOCRÁTICA;81
CERINZA;Carmenza Maldonado Albarracin;PARTIDO ALIANZA VERDE;80
CERINZA;Leonel Fernando Baez Becerra;NUEVA FUERZA DEMOCRÁTICA;78
CERINZA;Blanca Edilia Cardenas Becerra;"PARTIDO UNIÓN PATRIÓTICA ""UP""";74
CERINZA;Julio Cesar Parada Silva;PARTIDO ALIANZA VERDE;74
CERINZA;Independientes;INDEPENDIENTES;72
CERINZA;Jhojan Durley Baez Silva;PARTIDO CONSERVADOR COLOMBIANO;68
CERINZA;Liliana Patricia Becerra Herrera;PARTIDO ALIANZA VERDE;63
CERINZA;Leidy Yohana Torres Balaguera;PARTIDO ALIANZA VERDE;60
CERINZA;Juan Edwin Castro Castellanos;PARTIDO LIBERAL COLOMBIANO;54
CERINZA;Luis Felipe Torres Balaguera;NUEVA FUERZA DEMOCRÁTICA;50
CERINZA;Juan Carlos Lara Piñeros;PARTIDO CONSERVADOR COLOMBIANO;48
CERINZA;Yanneth Alexandra Sanchez Medina;PARTIDO ALIANZA VERDE;39
CERINZA;Vladimir Orozco Vega;PARTIDO ALIANZA VERDE;32
CERINZA;Deicy Milena Cely Solano;PARTIDO CONSERVADOR COLOMBIANO;30
CERINZA;Diana Paola Manrrique Corredor;PARTIDO CAMBIO RADICAL;30
CERINZA;Gyovany Styben Morantes Rojas;PARTIDO CAMBIO RADICAL;30
CERINZA;Julio Cesar Lara Morantes;PARTIDO LIBERAL COLOMBIANO;29
CERINZA;Angela Carolina Niño Leon;PARTIDO LIBERAL COLOMBIANO;22
CERINZA;Carlos Julio Berdugo Cepeda;PARTIDO CAMBIO RADICAL;19
CERINZA;Partido Alianza Verde;PARTIDO ALIANZA VERDE;19
CERINZA;Angel Rafael Vargas Torres;PARTIDO CONSERVADOR COLOMBIANO;18
CERINZA;Liliana Milena Grimaldos Perea;PARTIDO CAMBIO RADICAL;16
CERINZA;Yuri Caterine Alvarez Martinez;PARTIDO LIBERAL COLOMBIANO;16
CERINZA;"Partido Unión Patriótica ""Up""";"PARTIDO UNIÓN PATRIÓTICA ""UP""";15
CERINZA;Nueva Fuerza Democrática;NUEVA FUERZA DEMOCRÁTICA;14
CERINZA;Partido Conservador Colombiano;PARTIDO CONSERVADOR COLOMBIANO;11
CERINZA;Anny Sofia Cardenas Rojas;PARTIDO CAMBIO RADICAL;5
CERINZA;Partido Cambio Radical;PARTIDO CAMBIO RADICAL;5
CERINZA;Merly Xiomara Diaz Piranquive;PARTIDO LIBERAL COLOMBIANO;3
CHINAVITA;Luis Angel Segura Gomez;PARTIDO DE LA UNIÓN POR LA GENTE - PARTIDO DE LA U;189
CHINAVITA;Camilo Pineda Buitrago;PARTIDO CENTRO DEMOCRÁTICO;184
CHINAVITA;Carlos Manuel Amado Aldana;PARTIDO ALIANZA VERDE;173
CHINAVITA;Edgar Fabian Sarmiento;PARTIDO ALIANZA VERDE;165
CHINAVITA;Juli Nathaly Cano Leguizamo;PARTIDO DE LA UNIÓN POR LA GENTE - PARTIDO DE LA U;159
CHINAVITA;Mary Luz Sora Gonzalez;PARTIDO ALIANZA VERDE;153
CHINAVITA;Cerafin Fonseca Duarte;PARTIDO ALIANZA VERDE;139
CHINAVITA;German Dario Sanabria Molina;PARTIDO DE LA UNIÓN POR LA GENTE - PARTIDO DE LA U;111
CHINAVITA;Omar Hernando Peña Rubiano;PARTIDO CENTRO DEMOCRÁTICO;110
CHINAVITA;Saulo Gabriel Sanchez Paez;PARTIDO ALIANZA VERDE;109
CHINAVITA;Raimundo Gomez Cruz;PARTIDO DE LA UNIÓN POR LA GENTE - PARTIDO DE LA U;101
CHINAVITA;Maria Stella Rojas Porras;PARTIDO ALIANZA VERDE;96
CHINAVITA;Mercedes Morales Torres;PARTIDO ALIANZA VERDE;82
CHINAVITA;John Jairo Arango Gamez;PARTIDO DE LA UNIÓN POR LA GENTE - PARTIDO DE LA U;55
CHINAVITA;Doris Del Rosario Molina Mora;PARTIDO DE LA UNIÓN POR LA GENTE - PARTIDO DE LA U;52
CHINAVITA;"Partido Alianza Social Independiente ""Asi""";"PARTIDO ALIANZA SOCIAL INDEPENDIENTE ""ASI""";40
CHINAVITA;Partido Alianza Verde;PARTIDO ALIANZA VERDE;30
CHINAVITA;Sandra Liliana Esquivel Lesmes;PARTIDO DE LA UNIÓN POR LA GENTE - PARTIDO DE LA U;24
CHINAVITA;Cristian Alfredo Cepeda Torres;PARTIDO CENTRO DEMOCRÁTICO;22
CHINAVITA;Ludovina Rincon Rincon;PARTIDO CENTRO DEMOCRÁTICO;21
CHINAVITA;Partido Centro Democrático;PARTIDO CENTRO DEMOCRÁTICO;17
CHINAVITA;Partido De La Unión Por La Gente - Partido De La U;PARTIDO DE LA UNIÓN POR LA GENTE - PARTIDO DE LA U;17
CHINAVITA;Nidia Catalina Muñoz Peña;PARTIDO CENTRO DEMOCRÁTICO;13
CHINAVITA;Rosa Elena Amaya Pabon;PARTIDO CENTRO DEMOCRÁTICO;13
CHINAVITA;Uriel Suarez Pabon;PARTIDO CENTRO DEMOCRÁTICO;10
CHIQUINQUIRA;Sergio Andres Obando Parra;CHIQUINQUIRA LA U MIRA;1296
CHIQUINQUIRA;Deysy Liliana Peña Peña;PARTIDO ALIANZA VERDE;1115
CHIQUINQUIRA;Ronald Alexis Burgos Ortiz;PARTIDO CONSERVADOR COLOMBIANO;1048
CHIQUINQUIRA;Juan Carlos Jimenez Suarez;PARTIDO ALIANZA VERDE;889
CHIQUINQUIRA;Cristian Leonardo Gonzalez Combita;CHIQUINQUIRA LA U MIRA;884
CHIQUINQUIRA;Edwin Quimbayo Scarpetta;PARTIDO ALIANZA VERDE;679
CHIQUINQUIRA;Carlos Ivan Martinez Suarez;PARTIDO COLOMBIA RENACIENTE;601
CHIQUINQUIRA;Camilo Andres Garcia Delgado;PARTIDO CENTRO DEMOCRÁTICO;550
CHIQUINQUIRA;German Paez Arenas;CHIQUINQUIRA LA U MIRA;519
CHIQUINQUIRA;Julio Vicente Ortegon Ortegon;PARTIDO ALIANZA VERDE;507
CHIQUINQUIRA;Oscar Lein Daza Cañon;PARTIDO CENTRO DEMOCRÁTICO;471
CHIQUINQUIRA;Nestor Octavio Zambrano Barragan;PARTIDO VERDE OXÍGENO;467
CHIQUINQUIRA;Sandra Imelda Sanchez Peña;PARTIDO ALIANZA VERDE;428
CHIQUINQUIRA;Luis Alberto Aguilar Espitia;"MOVIMIENTO ALTERNATIVO INDÍGENA Y SOCIAL ""MAIS""";406
CHIQUINQUIRA;Javier Ernesto Lopez Salinas;PARTIDO ALIANZA VERDE;374
CHIQUINQUIRA;Jose Tomas Merchan Fresno;PARTIDO CONSERVADOR COLOMBIANO;345
CHIQUINQUIRA;Jaime Eliecer Murcia Quiroga;PARTIDO COLOMBIA RENACIENTE;340
CHIQUINQUIRA;Liliana Marcela Espitia Ovalle;PARTIDO ALIANZA VERDE;331
CHIQUINQUIRA;Nancy Yaneth Zapata Pachon;CHIQUINQUIRA LA U MIRA;319
CHIQUINQUIRA;Edgar Lopez Sanchez;PARTIDO LIBERAL COLOMBIANO;311
CHIQUINQUIRA;Miller Daniel Suavita Cordoba;INDEPENDIENTES;300
CHIQUINQUIRA;Julian David Rodriguez Rodriguez;PARTIDO CAMBIO RADICAL;298
CHIQUINQUIRA;Ronal Alexander Infante Gonzalez;PARTIDO CAMBIO RADICAL;292
CHIQUINQUIRA;Luis Alfredo Sandoval Sandoval;CHIQUINQUIRA LA U MIRA;284
CHIQUINQUIRA;Partido Alianza Verde;PARTIDO ALIANZA VERDE;268
CHIQUINQUIRA;Juan Pablo Caro Paez;PARTIDO CAMBIO RADICAL;265
CHIQUINQUIRA;Pedro Nel Espitia Poveda;PARTIDO CENTRO DEMOCRÁTICO;250
CHIQUINQUIRA;Jose Enrique Poveda Saza;PARTIDO CENTRO DEMOCRÁTICO;222
CHIQUINQUIRA;Cesar Iradiel Garcia Castellanos;CHIQUINQUIRA LA U MIRA;215
CHIQUINQUIRA;Jairo Montero Malaver;PARTIDO COLOMBIA RENACIENTE;214
CHIQUINQUIRA;Oscar Alirio Murcia Rodriguez;AGRUPACIÓN POLÍTICA EN MARCHA;211
CHIQUINQUIRA;Carlos Humberto Castañeda Ordoñez;PARTIDO COLOMBIA RENACIENTE;210
CHIQUINQUIRA;Nayith Fernando Rincon Molina;PARTIDO VERDE OXÍGENO;207
CHIQUINQUIRA;Flor Maria Anzola Peña;CHIQUINQUIRA LA U MIRA;201
CHIQUINQUIRA;Susana Angelica Salinas Alfonso;PARTIDO CONSERVADOR COLOMBIANO;197
CHIQUINQUIRA;Andres Felipe Cañon Bravo;PARTIDO VERDE OXÍGENO;192
CHIQUINQUIRA;Wilian Ricardo Cortes Peña;"PARTIDO ALIANZA SOCIAL INDEPENDIENTE ""ASI""";188
CHIQUINQUIRA;Omar Armando Rodriguez Gonzalez;PARTIDO CAMBIO RADICAL;182
CHIQUINQUIRA;Nelson Javier Cancelado Castillo;PARTIDO VERDE OXÍGENO;160
CHIQUINQUIRA;Duvan Andres Camilo Arguelles Camacho;PARTIDO ALIANZA VERDE;150
CHIQUINQUIRA;Fredy Orlando Fuentes Diaz;PARTIDO VERDE OXÍGENO;148
CHIQUINQUIRA;Hernando Mahecha Orjuela;PARTIDO VERDE OXÍGENO;145
CHIQUINQUIRA;Andres Julian Cifuentes Silva;PARTIDO LIBERAL COLOMBIANO;141
CHIQUINQUIRA;Luis Antonio Borja Castro;"MOVIMIENTO ALTERNATIVO INDÍGENA Y SOCIAL ""MAIS""";140
CHIQUINQUIRA;Juan Sebastian Aguirre Amador;"MOVIMIENTO AUTORIDADES INDÍGENAS DE COLOMBIA ""AICO""";138
CHIQUINQUIRA;Ricardo Alfredo Herrera Espitia;"MOVIMIENTO ALTERNATIVO INDÍGENA Y SOCIAL ""MAIS""";136
CHIQUINQUIRA;Luis Pascual Ortiz;PARTIDO CONSERVADOR COLOMBIANO;134
CHIQUINQUIRA;Fabian Alberto Arevalo Monroy;"MOVIMIENTO ALTERNATIVO INDÍGENA Y SOCIAL ""MAIS""";132
CHIQUINQUIRA;Oscar Julian Alvarez Mesa;AGRUPACIÓN POLÍTICA EN MARCHA;129
CHIQUINQUIRA;Partido Centro Democrático;PARTIDO CENTRO DEMOCRÁTICO;129
CHIQUINQUIRA;Jose Aquileo Benitez Ortega;PARTIDO VERDE OXÍGENO;127
CHIQUINQUIRA;Sonia Alejandra Lucas Aguilar;PARTIDO LIBERAL COLOMBIANO;126
CHIQUINQUIRA;Jonathan Alfonso Burgos Ortiz;AGRUPACIÓN POLÍTICA EN MARCHA;124
CHIQUINQUIRA;Jose Daladier Castillo Antonio;PARTIDO COLOMBIA RENACIENTE;119
CHIQUINQUIRA;Juan Carlos Cañon Pineda;PARTIDO CENTRO DEMOCRÁTICO;117
CHIQUINQUIRA;Ivan Sebastian Peña Cano;PARTIDO LIBERAL COLOMBIANO;116
CHIQUINQUIRA;Jorge Alejandro Salinas Villamil;"PARTIDO ALIANZA SOCIAL INDEPENDIENTE ""ASI""";116
CHIQUINQUIRA;Jose Juvenal Giraldo Arroyave;PARTIDO COLOMBIA RENACIENTE;108
CHIQUINQUIRA;Jose Israel Ruge Romero;INDEPENDIENTES;105
CHIQUINQUIRA;Darwin Esneider Gonzalez Pinilla;PARTIDO CENTRO DEMOCRÁTICO;104
CHIQUINQUIRA;Manuel Francisco Medrano Diaz;PARTIDO LIBERAL COLOMBIANO;103
CHIQUINQUIRA;Ivan Flaminio Celis Gonzalez;INDEPENDIENTES;97
CHIQUINQUIRA;Jhon Kevin Roncancio Rodriguez;PARTIDO LIBERAL COLOMBIANO;96
CHIQUINQUIRA;Jaime Raul Rodriguez Verano;CHIQUINQUIRA LA U MIRA;91
CHIQUINQUIRA;Jeffer Daniel Varela Sanchez;"MOVIMIENTO ALTERNATIVO INDÍGENA Y SOCIAL ""MAIS""";88
CHIQUINQUIRA;Chiquinquira La U Mira;CHIQUINQUIRA LA U MIRA;87
CHIQUINQUIRA;Loreen Viviana Cuervo Delgadillo;PARTIDO ALIANZA VERDE;84
CHIQUINQUIRA;Hector Fernando Ballen Castro;PARTIDO COLOMBIA RENACIENTE;81
CHIQUINQUIRA;Sandra Jaydibe Parra Montenegro;AGRUPACIÓN POLÍTICA EN MARCHA;76
CHIQUINQUIRA;Gustavo Gil Delgado;PARTIDO CAMBIO RADICAL;75
CHIQUINQUIRA;Luz Miriam Pineda Pachon;PARTIDO CAMBIO RADICAL;75
CHIQUINQUIRA;Edil Bigael Ortegon Peña;PARTIDO VERDE OXÍGENO;73
CHIQUINQUIRA;Ligia Moreno Pedroza;PARTIDO CAMBIO RADICAL;73
CHIQUINQUIRA;Luis Carlos Pinzon Cifuentes;PARTIDO CENTRO DEMOCRÁTICO;73
CHIQUINQUIRA;Juan Carlos Rodriguez Bernal;"PARTIDO ALIANZA SOCIAL INDEPENDIENTE ""ASI""";72
CHIQUINQUIRA;Luis Yobany Osorio Ortiz;PARTIDO CENTRO DEMOCRÁTICO;71
CHIQUINQUIRA;Diego Andres Pinilla Duran;PARTIDO CENTRO DEMOCRÁTICO;70
CHIQUINQUIRA;Juan Carlos Ferro Pompeyo;PARTIDO ALIANZA VERDE;70
CHIQUINQUIRA;Edith Xiomara Alvarez Fajardo;PARTIDO COLOMBIA RENACIENTE;69
CHIQUINQUIRA;Partido Conservador Colombiano;PARTIDO CONSERVADOR COLOMBIANO;68
CHIQUINQUIRA;Brayan Guillermo Tique Suesca;AGRUPACIÓN POLÍTICA EN MARCHA;66
CHIQUINQUIRA;Jose Camilo Gonzalez Quiroga;INDEPENDIENTES;66
CHIQUINQUIRA;Fabio Leonidas Cañon Solano;CHIQUINQUIRA LA U MIRA;64
CHIQUINQUIRA;Viviana Rodriguez Cortes;PARTIDO NUEVO LIBERALISMO;64
CHIQUINQUIRA;Alexander Hernandez Arenas;INDEPENDIENTES;62
CHIQUINQUIRA;Camila Andrea Ballen Cifuentes;PARTIDO POLÍTICO DIGNIDAD & COMPROMISO;62
CHIQUINQUIRA;Melco Noe De Jesus Herreño Bayona;PARTIDO POLÍTICO DIGNIDAD & COMPROMISO;62
CHIQUINQUIRA;Jose Agustin Benitez Martinez;"PARTIDO ALIANZA SOCIAL INDEPENDIENTE ""ASI""";61
CHIQUINQUIRA;Juan Sebastian Quiroga Poveda;PARTIDO CAMBIO RADICAL;60
CHIQUINQUIRA;Marcos Arenas Diaz;PARTIDO NUEVO LIBERALISMO;60
CHIQUINQUIRA;Carmen Rosa Fontecha Cubides;"PARTIDO ALIANZA SOCIAL INDEPENDIENTE ""ASI""";59
CHIQUINQUIRA;Fabio Humberto Yate Garnica;PARTIDO CAMBIO RADICAL;59
CHIQUINQUIRA;Hilda Esperanza Poveda;PARTIDO COLOMBIA RENACIENTE;59
CHIQUINQUIRA;Lenin Orlando Suarez Mejia;PARTIDO POLÍTICO DIGNIDAD & COMPROMISO;58
CHIQUINQUIRA;Sandro Mauricio Caro Moreno;PARTIDO CONSERVADOR COLOMBIANO;58
CHIQUINQUIRA;Maria Mercedes Rozo Ruiz;"MOVIMIENTO ALTERNATIVO INDÍGENA Y SOCIAL ""MAIS""";56
CHIQUINQUIRA;Rodolfo Armando Amador Torres;CHIQUINQUIRA LA U MIRA;56
CHIQUINQUIRA;Jose Guillermo Mendieta Padilla;PARTIDO CONSERVADOR COLOMBIANO;55
CHIQUINQUIRA;Partido Colombia Renaciente;PARTIDO COLOMBIA RENACIENTE;55
CHIQUINQUIRA;Yolanda Marcela Diaz Martinez;PARTIDO CAMBIO RADICAL;54
CHIQUINQUIRA;Luisa Manuela Sepulveda Gomez;"MOVIMIENTO ALTERNATIVO INDÍGENA Y SOCIAL ""MAIS""";53
CHIQUINQUIRA;Nelson Buitrago Olarte;PARTIDO NUEVO LIBERALISMO;53
CHIQUINQUIRA;Juan Diego Alfonso Ramirez;MOVIMIENTO SALVACIÓN NACIONAL;52
CHIQUINQUIRA;Juan Pablo Parra Murcia;"PARTIDO ALIANZA SOCIAL INDEPENDIENTE ""ASI""";52
CHIQUINQUIRA;Martha Stella Garcia Villamil;PARTIDO CENTRO DEMOCRÁTICO;50
CHIQUINQUIRA;Partido Liberal Colombiano;PARTIDO LIBERAL COLOMBIANO;49
CHIQUINQUIRA;Andres Camilo Huertas Pineda;PARTIDO LIBERAL COLOMBIANO;48
CHIQUINQUIRA;Fabian Alberto Garcia Rodriguez;PARTIDO POLÍTICO DIGNIDAD & COMPROMISO;47
CHIQUINQUIRA;Jeferson Andres Mahecha Rodriguez;"MOVIMIENTO AUTORIDADES INDÍGENAS DE COLOMBIA ""AICO""";47
CHIQUINQUIRA;Laura Fernanda Morales Florez;PARTIDO CONSERVADOR COLOMBIANO;46
CHIQUINQUIRA;"Partido Alianza Social Independiente ""Asi""";"PARTIDO ALIANZA SOCIAL INDEPENDIENTE ""ASI""";46
CHIQUINQUIRA;Jenifer Tatiana Castro Prada;AGRUPACIÓN POLÍTICA EN MARCHA;44
CHIQUINQUIRA;Partido Cambio Radical;PARTIDO CAMBIO RADICAL;44
CHIQUINQUIRA;Partido Verde Oxígeno;PARTIDO VERDE OXÍGENO;44
CHIQUINQUIRA;Jose David Castro Parra;PARTIDO CENTRO DEMOCRÁTICO;43
CHIQUINQUIRA;Juan David Villamil Ruiz;INDEPENDIENTES;43
CHIQUINQUIRA;Julieth Johanna Saavedra Rubiano;PARTIDO COLOMBIA RENACIENTE;43
CHIQUINQUIRA;Hector Clemente Rojas Carvajal;PARTIDO COLOMBIA RENACIENTE;42
CHIQUINQUIRA;Edith Johana Peña Garcia;PARTIDO CENTRO DEMOCRÁTICO;41
CHIQUINQUIRA;Fredy Alexander Romero Matallana;PARTIDO COLOMBIA RENACIENTE;40
CHIQUINQUIRA;Independientes;INDEPENDIENTES;38
CHIQUINQUIRA;Angela Miyerlan Forero Gambino;PARTIDO ECOLOGISTA COLOMBIANO;37
CHIQUINQUIRA;Eduwin Ricardo Garcia Wilches;PARTIDO CAMBIO RADICAL;37
CHIQUINQUIRA;Nicolas Alberto Martinez Oviedo;PARTIDO CONSERVADOR COLOMBIANO;36
CHIQUINQUIRA;"Movimiento Alternativo Indígena Y Social ""Mais""";"MOVIMIENTO ALTERNATIVO INDÍGENA Y SOCIAL ""MAIS""";35
CHIQUINQUIRA;Lesly Mavid Torres Alvarado;"MOVIMIENTO ALTERNATIVO INDÍGENA Y SOCIAL ""MAIS""";34
CHIQUINQUIRA;Luisa Fernanda Silva Sanchez;PARTIDO VERDE OXÍGENO;34
CHIQUINQUIRA;Oscar Yesid Hernandez Leon;INDEPENDIENTES;34
CHIQUINQUIRA;Yenifer Zulay Leguizamon Sanchez;PARTIDO NUEVO LIBERALISMO;34
CHIQUINQUIRA;Partido Nuevo Liberalismo;PARTIDO NUEVO LIBERALISMO;33
CHIQUINQUIRA;Didimo Buitrago Peña;MOVIMIENTO POLITICO FUERZA CIUDADANA;32
CHIQUINQUIRA;Fredy Jefferson Olarte Parra;PARTIDO LIBERAL COLOMBIANO;32
CHIQUINQUIRA;Jeisson Arbey Martinez Rojas;PARTIDO NUEVO LIBERALISMO;32
CHIQUINQUIRA;Omar Andres Moya Guzman;PARTIDO CAMBIO RADICAL;31
CHIQUINQUIRA;Agrupación Política En Marcha;AGRUPACIÓN POLÍTICA EN MARCHA;29
CHIQUINQUIRA;Albiana Chacon Rodriguez;PARTIDO VERDE OXÍGENO;29
CHIQUINQUIRA;Hector Alonso Velasquez Coy;PARTIDO ECOLOGISTA COLOMBIANO;27
CHIQUINQUIRA;Yomer Jairo Ortiz Monsalve;PARTIDO NUEVO LIBERALISMO;27
CHIQUINQUIRA;Diana Consuelo Beltran Congo;PARTIDO NUEVO LIBERALISMO;26
CHIQUINQUIRA;Yudi Paola Gonzalez Pinilla;PARTIDO NUEVO LIBERALISMO;26
CHIQUINQUIRA;Jhon Estevan Rojas Cortes;INDEPENDIENTES;25
CHIQUINQUIRA;Raul David Peña Pachon;MOVIMIENTO SALVACIÓN NACIONAL;25
CHIQUINQUIRA;Nancy Yamile Castellanos Coca;PARTIDO NUEVO LIBERALISMO;24
CHIQUINQUIRA;Richard Gerardo Sanabria Gonzalez;"PARTIDO ALIANZA SOCIAL INDEPENDIENTE ""ASI""";24
CHIQUINQUIRA;Diana Carolina Ramirez Mendieta;"PARTIDO ALIANZA SOCIAL INDEPENDIENTE ""ASI""";23
CHIQUINQUIRA;Erika Tatiana Torres Solano;INDEPENDIENTES;22
CHIQUINQUIRA;Hector Uriel Parra Chaparro;"PARTIDO ALIANZA SOCIAL INDEPENDIENTE ""ASI""";22
CHIQUINQUIRA;Lizeth Fernanda Franco Cruz;PARTIDO CAMBIO RADICAL;22
CHIQUINQUIRA;Partido Ecologista Colombiano;PARTIDO ECOLOGISTA COLOMBIANO;22
CHIQUINQUIRA;Carol Tatiana Cardenas Santafe;"PARTIDO ALIANZA SOCIAL INDEPENDIENTE ""ASI""";21
CHIQUINQUIRA;Diana Cristina Varela Londoño;PARTIDO CONSERVADOR COLOMBIANO;21
CHIQUINQUIRA;Lucero Villamil Rodriguez;PARTIDO NUEVO LIBERALISMO;21
CHIQUINQUIRA;Luz Amparo Prado Rojas;PARTIDO CENTRO DEMOCRÁTICO;21
CHIQUINQUIRA;Gabriel Edilson Cardenas Castellanos;MOVIMIENTO POLITICO FUERZA CIUDADANA;20
CHIQUINQUIRA;Juan Sebastian Arias Peña;MOVIMIENTO POLITICO FUERZA CIUDADANA;20
CHIQUINQUIRA;Marlon Eduardo Pulido Martinez;AGRUPACIÓN POLÍTICA EN MARCHA;20
CHIQUINQUIRA;Carlos Ernesto Moncada Parra;PARTIDO CAMBIO RADICAL;19
CHIQUINQUIRA;Edwin Agustin Suarez Roncancio;"MOVIMIENTO ALTERNATIVO INDÍGENA Y SOCIAL ""MAIS""";19
CHIQUINQUIRA;Maribel Paez Varela;MOVIMIENTO SALVACIÓN NACIONAL;19
CHIQUINQUIRA;Angie Daniela Castiblanco Forero;PARTIDO CONSERVADOR COLOMBIANO;17
CHIQUINQUIRA;Aristoteles Centeno Rangel;PARTIDO CONSERVADOR COLOMBIANO;17
CHIQUINQUIRA;Gloria Liliana Rodriguez Pachon;PARTIDO ECOLOGISTA COLOMBIANO;17
CHIQUINQUIRA;Julian David Garcia Peña;"PARTIDO ALIANZA SOCIAL INDEPENDIENTE ""ASI""";16
CHIQUINQUIRA;Leidy Tatiana Paez Velandia;PARTIDO CAMBIO RADICAL;16
CHIQUINQUIRA;Nohora Ximena Rojas Sepulveda;PARTIDO LIBERAL COLOMBIANO;16
CHIQUINQUIRA;Ilvar Sley Carmona Cañon;"MOVIMIENTO ALTERNATIVO INDÍGENA Y SOCIAL ""MAIS""";15
CHIQUINQUIRA;Leidy Mayory Galvis Cortes;"MOVIMIENTO ALTERNATIVO INDÍGENA Y SOCIAL ""MAIS""";15
CHIQUINQUIRA;Diomar Janeth Murcia Parra;CHIQUINQUIRA LA U MIRA;14
CHIQUINQUIRA;Edwar Fabian Calderon Lara;"MOVIMIENTO ALTERNATIVO INDÍGENA Y SOCIAL ""MAIS""";14
CHIQUINQUIRA;John Stiven Rojas Pedreros;PARTIDO ECOLOGISTA COLOMBIANO;14
CHIQUINQUIRA;Jony Alejandro Diaz Ortiz;"MOVIMIENTO ALTERNATIVO INDÍGENA Y SOCIAL ""MAIS""";14
CHIQUINQUIRA;Jose Daniel Doctor Salgado;PARTIDO NUEVO LIBERALISMO;13
CHIQUINQUIRA;Juan Jose Martinez Contreras;"PARTIDO ALIANZA SOCIAL INDEPENDIENTE ""ASI""";13
CHIQUINQUIRA;Liliana Andrea Bautista Ovalle;"PARTIDO ALIANZA SOCIAL INDEPENDIENTE ""ASI""";13
CHIQUINQUIRA;Luisa Angela Mendez Santana;PARTIDO COLOMBIA RENACIENTE;13
CHIQUINQUIRA;Olga Isabel Antonio Antonio;MOVIMIENTO POLITICO FUERZA CIUDADANA;13
CHIQUINQUIRA;Pedro Nel Salas Pinilla;INDEPENDIENTES;13
CHIQUINQUIRA;Aleyda Lorena Pastran Tellez;INDEPENDIENTES;12
CHIQUINQUIRA;Betty Esmeralda Ortiz Sierra;PARTIDO CENTRO DEMOCRÁTICO;12
CHIQUINQUIRA;Dirma Yurani Hernandez Sierra;"MOVIMIENTO AUTORIDADES INDÍGENAS DE COLOMBIA ""AICO""";12
CHIQUINQUIRA;Gloria Elvira Olarte Letrado;"PARTIDO ALIANZA SOCIAL INDEPENDIENTE ""ASI""";12
CHIQUINQUIRA;Juana Camila Cano Merchan;"MOVIMIENTO AUTORIDADES INDÍGENAS DE COLOMBIA ""AICO""";12
CHIQUINQUIRA;Yuly Andrea Guerrero Marin;CHIQUINQUIRA LA U MIRA;12
CHIQUINQUIRA;Eduardo Pinilla Poveda;INDEPENDIENTES;11
CHIQUINQUIRA;Martin Ramiro Cortes Rodriguez;"PARTIDO ALIANZA SOCIAL INDEPENDIENTE ""ASI""";11
CHIQUINQUIRA;Movimiento Politico Fuerza Ciudadana;MOVIMIENTO POLITICO FUERZA CIUDADANA;11
CHIQUINQUIRA;Yeferson Orlando Ramos Buitrago;"MOVIMIENTO AUTORIDADES INDÍGENAS DE COLOMBIA ""AICO""";11
CHIQUINQUIRA;Zamir Andrey Gomez Lopez;MOVIMIENTO POLITICO FUERZA CIUDADANA;11
CHIQUINQUIRA;Jose Manuel Velandia;AGRUPACIÓN POLÍTICA EN MARCHA;10
CHIQUINQUIRA;Luis Jorge Sierra Nieto;MOVIMIENTO POLITICO FUERZA CIUDADANA;10
CHIQUINQUIRA;Luz Evelia Laiton Hernandez;MOVIMIENTO POLITICO FUERZA CIUDADANA;10
CHIQUINQUIRA;Movimiento  Salvación Nacional;MOVIMIENTO SALVACIÓN NACIONAL;10
CHIQUINQUIRA;Angie Valentina Valbuena Chacon;INDEPENDIENTES;9
CHIQUINQUIRA;Cristian Gustavo Cabra Galeano;PARTIDO ECOLOGISTA COLOMBIANO;9
CHIQUINQUIRA;Edwin Alexander Buitrago Varela;PARTIDO ECOLOGISTA COLOMBIANO;9
CHIQUINQUIRA;Maria Elena Briceño Gutierrez;PARTIDO ECOLOGISTA COLOMBIANO;9
CHIQUINQUIRA;Zully Rubiela Torres Quiroga;PARTIDO CONSERVADOR COLOMBIANO;9
CHIQUINQUIRA;Andrea Valentina Chiquiza Poveda;PARTIDO LIBERAL COLOMBIANO;8
CHIQUINQUIRA;Avir Sophia Avila Abril;INDEPENDIENTES;8
CHIQUINQUIRA;Laura Sofia Garzon Cortes;INDEPENDIENTES;8
CHIQUINQUIRA;Michael Johan Soto Umaña;"MOVIMIENTO AUTORIDADES INDÍGENAS DE COLOMBIA ""AICO""";8
CHIQUINQUIRA;"Movimiento Autoridades Indígenas De Colombia ""Aico """;"MOVIMIENTO AUTORIDADES INDÍGENAS DE COLOMBIA ""AICO""";8
CHIQUINQUIRA;Nayda Judith Pachon Murcia;MOVIMIENTO POLITICO FUERZA CIUDADANA;8
CHIQUINQUIRA;Carlos Andres Acosta Forero;PARTIDO CONSERVADOR COLOMBIANO;7
CHIQUINQUIRA;Maria Fernanda Gomez Pineda;AGRUPACIÓN POLÍTICA EN MARCHA;7
CHIQUINQUIRA;Partido Político Dignidad & Compromiso;PARTIDO POLÍTICO DIGNIDAD & COMPROMISO;7
CHIQUINQUIRA;Jennifer Aida Piracon Velandia;PARTIDO NUEVO LIBERALISMO;6
CHIQUINQUIRA;Nicolas Alberto Delgadillo Paez;PARTIDO POLÍTICO DIGNIDAD & COMPROMISO;6
CHIQUINQUIRA;Sonia Marcela Zapata Pachon;MOVIMIENTO SALVACIÓN NACIONAL;6
CHIQUINQUIRA;Carlos Daniel Chate Yonda;"MOVIMIENTO AUTORIDADES INDÍGENAS DE COLOMBIA ""AICO""";5
CHIQUINQUIRA;Dany Valentina Varela Buitrago;AGRUPACIÓN POLÍTICA EN MARCHA;5
CHIQUINQUIRA;Karen Sofia Gonzalez Rozo;PARTIDO ECOLOGISTA COLOMBIANO;5
CHIQUINQUIRA;Marion Suley Pinilla Coca;PARTIDO COLOMBIA RENACIENTE;5
CHIQUINQUIRA;Ana Lucia Duran Peralta;MOVIMIENTO POLITICO FUERZA CIUDADANA;4
CHIQUINQUIRA;Carlos Andres Perez Camacho;PARTIDO ECOLOGISTA COLOMBIANO;4
CHIQUINQUIRA;Cesar Agustin Vanegas Martinez;"MOVIMIENTO AUTORIDADES INDÍGENAS DE COLOMBIA ""AICO""";4
CHIQUINQUIRA;Maria Alejandra Marimon Querguelen;PARTIDO POLÍTICO DIGNIDAD & COMPROMISO;4
CHIQUINQUIRA;Robinson Eulises Hurtado Pinilla;AGRUPACIÓN POLÍTICA EN MARCHA;4
CHIQUINQUIRA;Claudia Vergel Poveda Burgos;"MOVIMIENTO AUTORIDADES INDÍGENAS DE COLOMBIA ""AICO""";3
CHIQUINQUIRA;Esneider Yecid Peña Salinas;PARTIDO ECOLOGISTA COLOMBIANO;3
CHIQUINQUIRA;Helena Yacith Peña Peña;MOVIMIENTO SALVACIÓN NACIONAL;3
CHIQUINQUIRA;Ana Lucia Prado Cortes;"MOVIMIENTO AUTORIDADES INDÍGENAS DE COLOMBIA ""AICO""";2
CHIQUINQUIRA;Carlos Emiro Vargas Pineda;MOVIMIENTO POLITICO FUERZA CIUDADANA;2
CHIQUINQUIRA;Kathryn Lorena Rosales De La Hoz;MOVIMIENTO SALVACIÓN NACIONAL;2
CHIQUINQUIRA;Lina Marcela Garcia Solano;PARTIDO POLÍTICO DIGNIDAD & COMPROMISO;2
CHIQUINQUIRA;Sandy Julieth Oviedo Torres;PARTIDO POLÍTICO DIGNIDAD & COMPROMISO;2
CHIQUINQUIRA;Kevin Andres Galindo Paez;"MOVIMIENTO AUTORIDADES INDÍGENAS DE COLOMBIA ""AICO""";1
CHIQUINQUIRA;Omar Raul Ortegon Barreto;MOVIMIENTO SALVACIÓN NACIONAL;1
CHIQUINQUIRA;Placido Roberto Zarate Buitrago;MOVIMIENTO SALVACIÓN NACIONAL;1
CHIQUINQUIRA;Yefer Andres Sanchez Amezquita;MOVIMIENTO SALVACIÓN NACIONAL;1
CHIQUIZA;Nestor Hernan Castro Suarez;PARTIDO CAMBIO RADICAL;252
CHIQUIZA;Jose Benito Suarez Suarez;PARTIDO CAMBIO RADICAL;247
CHIQUIZA;Nilton Ruano Suarez;PARTIDO DE LA UNIÓN POR LA GENTE - PARTIDO DE LA U;209
CHIQUIZA;Jose Javier Suarez Hurtado;PARTIDO COLOMBIA RENACIENTE;170
CHIQUIZA;Leydy Yohana Garcia Hurtado;PARTIDO LIBERAL COLOMBIANO;170
CHIQUIZA;Giovanny Rivera Pacheco;PARTIDO COLOMBIA RENACIENTE;167
CHIQUIZA;Edgar Abil Rivera Pineda;PARTIDO DE LA UNIÓN POR LA GENTE - PARTIDO DE LA U;166
CHIQUIZA;Deison Jose Reyes Cuervo;PARTIDO POLÍTICO DIGNIDAD & COMPROMISO;164
CHIQUIZA;Yuber Nairo Pineda Luis;PARTIDO DE LA UNIÓN POR LA GENTE - PARTIDO DE LA U;164
CHIQUIZA;Marcelino Amado Lopez;PARTIDO DE LA UNIÓN POR LA GENTE - PARTIDO DE LA U;143
CHIQUIZA;Oscar Herney Reyes Garcia;PARTIDO COLOMBIA RENACIENTE;143
CHIQUIZA;Yeison Nel Suarez Lopez;PARTIDO POLÍTICO LA FUERZA DE LA PAZ;139
CHIQUIZA;Miguel Angel Fonseca Fonseca;PARTIDO COLOMBIA RENACIENTE;137
CHIQUIZA;Jhon Jairo Parra Lopez;PARTIDO LIBERAL COLOMBIANO;135
CHIQUIZA;Villaldina Amado Diaz;PARTIDO CAMBIO RADICAL;120
CHIQUIZA;Jose Edy Garcia Jerez;PARTIDO CAMBIO RADICAL;110
CHIQUIZA;Ailarde Robelto;PARTIDO POLÍTICO LA FUERZA DE LA PAZ;101
CHIQUIZA;Jaime Alonso Suarez Pineda;PARTIDO POLÍTICO DIGNIDAD & COMPROMISO;95
CHIQUIZA;Helver Augusto Velasquez Lopez;PARTIDO POLÍTICO DIGNIDAD & COMPROMISO;83
CHIQUIZA;Jaime Mauricio Cardenas Lopez;PARTIDO ALIANZA VERDE;82
CHIQUIZA;Jose Salomon Amado Hurtado;PARTIDO POLÍTICO DIGNIDAD & COMPROMISO;80
CHIQUIZA;Yuber Andres Gil Garcia;PARTIDO ALIANZA VERDE;74
CHIQUIZA;Carlos Sierra Lopez;PARTIDO ALIANZA VERDE;67
CHIQUIZA;Eider Alfonso Molina Alvarado;PARTIDO POLÍTICO LA FUERZA DE LA PAZ;61
CHIQUIZA;Hector Rivera Suarez;PARTIDO DE LA UNIÓN POR LA GENTE - PARTIDO DE LA U;60
CHIQUIZA;Vilma Rocio Cuadrado Cuadrado;PARTIDO POLÍTICO LA FUERZA DE LA PAZ;59
CHIQUIZA;Luis Aldemar Garcia Quintero;PARTIDO COLOMBIA RENACIENTE;55
CHIQUIZA;Constantino Garcia Pacheco;PARTIDO LIBERAL COLOMBIANO;54
CHIQUIZA;Marileila Lopez Garcia;PARTIDO ALIANZA VERDE;53
CHIQUIZA;William Quintero Suarez;PARTIDO POLÍTICO DIGNIDAD & COMPROMISO;50
CHIQUIZA;Jesus Alberto Lopez Reyes;PARTIDO CAMBIO RADICAL;48
CHIQUIZA;Oscar Orlando Suarez Amado;PARTIDO LIBERAL COLOMBIANO;42
CHIQUIZA;Augusto Martinez Suarez;PARTIDO ALIANZA VERDE;38
CHIQUIZA;Edqui Jabier Luis Cuervo;AGRUPACIÓN POLÍTICA EN MARCHA;33
CHIQUIZA;Jose Antonio Suarez Pineda;PARTIDO DE LA UNIÓN POR LA GENTE - PARTIDO DE LA U;33
CHIQUIZA;Santos Giovanni Suarez Cabrera;PARTIDO LIBERAL COLOMBIANO;32
CHIQUIZA;Tarcisio De Jesus Cuervo Suarez;PARTIDO ALIANZA VERDE;29
CHIQUIZA;Felix Antonio Amado Garcia;PARTIDO LIBERAL COLOMBIANO;20
CHIQUIZA;Nohora Lizeth Cardenas Suarez;PARTIDO DE LA UNIÓN POR LA GENTE - PARTIDO DE LA U;18
CHIQUIZA;Salvador Cuadrado;PARTIDO POLÍTICO LA FUERZA DE LA PAZ;17
CHIQUIZA;Ana Bertilda Buitrago;PARTIDO POLÍTICO DIGNIDAD & COMPROMISO;16
CHIQUIZA;Partido Liberal Colombiano;PARTIDO LIBERAL COLOMBIANO;13
CHIQUIZA;Leidy Yohana Vargas Rivera;PARTIDO CAMBIO RADICAL;11
CHIQUIZA;Partido De La Unión Por La Gente - Partido De La U;PARTIDO DE LA UNIÓN POR LA GENTE - PARTIDO DE LA U;10
CHIQUIZA;Edilson Zamir Sierra Sierra;AGRUPACIÓN POLÍTICA EN MARCHA;9
CHIQUIZA;Partido Alianza Verde;PARTIDO ALIANZA VERDE;9
CHIQUIZA;Alexander Suarez Molina;PARTIDO COLOMBIA RENACIENTE;6
CHIQUIZA;Neyla Rojas Molina;AGRUPACIÓN POLÍTICA EN MARCHA;5
CHIQUIZA;Partido Cambio Radical;PARTIDO CAMBIO RADICAL;5
CHIQUIZA;Partido Colombia Renaciente;PARTIDO COLOMBIA RENACIENTE;5
CHIQUIZA;Adriana Marcela Garcia Pineda;PARTIDO POLÍTICO DIGNIDAD & COMPROMISO;4
CHIQUIZA;Betty Rubio Pacheco;PARTIDO LIBERAL COLOMBIANO;3
CHIQUIZA;Partido Político La Fuerza De La Paz;PARTIDO POLÍTICO LA FUERZA DE LA PAZ;3
CHIQUIZA;Rosaura Lopez Pineda;PARTIDO POLÍTICO LA FUERZA DE LA PAZ;3
CHIQUIZA;Claudia Yaneth Sierra Sierra;PARTIDO ALIANZA VERDE;2
CHIQUIZA;Deyanira Garcia Motivar;AGRUPACIÓN POLÍTICA EN MARCHA;2
CHIQUIZA;Eduwin Abraham Espitia Sierra;PARTIDO ALIANZA VERDE;2
CHIQUIZA;Lina Amado Hernandez;PARTIDO LIBERAL COLOMBIANO;2
CHIQUIZA;Marliria Lopez Daza;PARTIDO ALIANZA VERDE;2
CHIQUIZA;Aldeymar Cuervo Cuervo;PARTIDO POLÍTICO LA FUERZA DE LA PAZ;1
CHIQUIZA;Anayive Diaz Cardenas;PARTIDO COLOMBIA RENACIENTE;1
CHIQUIZA;Doris Adriana Molina Ibague;PARTIDO COLOMBIA RENACIENTE;1
CHIQUIZA;Miller Duvan Garcia Guerrero;AGRUPACIÓN POLÍTICA EN MARCHA;1
CHIQUIZA;Partido Político Dignidad & Compromiso;PARTIDO POLÍTICO DIGNIDAD & COMPROMISO;1
CHIQUIZA;Yenny Marcela Lopez Luis;PARTIDO DE LA UNIÓN POR LA GENTE - PARTIDO DE LA U;1
CHISCAS;Wilson Arturo Castellanos Correa;PARTIDO DE LA UNIÓN POR LA GENTE - PARTIDO DE LA U;158
CHISCAS;Juan Pablo Ortiz Villarreal;PARTIDO ALIANZA VERDE;137
CHISCAS;Carlos Efrain Cuadros Rodriguez;PARTIDO LIBERAL COLOMBIANO;121
CHISCAS;Wilson Prada Florez;PARTIDO DE LA UNIÓN POR LA GENTE - PARTIDO DE LA U;120
CHISCAS;Jose Gabriel Perez Riveros;PARTIDO CENTRO DEMOCRÁTICO;104
CHISCAS;Ana Ireth Florez Carreño;PARTIDO CENTRO DEMOCRÁTICO;96
CHISCAS;Alexander Cerinza Leal;PARTIDO CENTRO DEMOCRÁTICO;93
CHISCAS;Juan Pablo Cardenas Duarte;PARTIDO ALIANZA VERDE;93
CHISCAS;Carlos Alberto Duran Ramirez;PARTIDO LIBERAL COLOMBIANO;92
CHISCAS;Sandra Liliana Torres Carreño;PARTIDO ALIANZA VERDE;82
CHISCAS;Florinda Velandia;PARTIDO DE LA UNIÓN POR LA GENTE - PARTIDO DE LA U;74
CHISCAS;Maria Aleida Zuñiga Carreño;PARTIDO DE LA UNIÓN POR LA GENTE - PARTIDO DE LA U;74
CHISCAS;Yebrail Quintana Martinez;PARTIDO ALIANZA VERDE;69
CHISCAS;Victor Hugo Rincon Sepulveda;PARTIDO ALIANZA VERDE;68
CHISCAS;Emilio Solano Herrera;PARTIDO ALIANZA VERDE;66
CHISCAS;Wilson Duarte;PARTIDO DE LA UNIÓN POR LA GENTE - PARTIDO DE LA U;61
CHISCAS;Yesika Paola Solano Lozano;PARTIDO CENTRO DEMOCRÁTICO;61
CHISCAS;Hermes Duarte Perez;PARTIDO DE LA UNIÓN POR LA GENTE - PARTIDO DE LA U;55
CHISCAS;Jaime Dario Baez Rios;PARTIDO LIBERAL COLOMBIANO;53
CHISCAS;Sorangel Correa Basto;PARTIDO LIBERAL COLOMBIANO;50
CHISCAS;Omar Estupiñan Correa;PARTIDO ALIANZA VERDE;45
CHISCAS;Daniel Bermudez Niño;PARTIDO CENTRO DEMOCRÁTICO;35
CHISCAS;Juan Carlos Prada Florez;PARTIDO LIBERAL COLOMBIANO;35
CHISCAS;Dayan Steven Laureano Cordero;PARTIDO NUEVO LIBERALISMO;33
CHISCAS;Vicente Suescun Rios;PARTIDO LIBERAL COLOMBIANO;32
CHISCAS;Crispin Sanchez;PARTIDO CENTRO DEMOCRÁTICO;31
CHISCAS;Josue David Monroy Lozano;PARTIDO LIBERAL COLOMBIANO;28
CHISCAS;Diana Rocio Solano Montaña;PARTIDO LIBERAL COLOMBIANO;21
CHISCAS;Weimar Ruiz Valbuena;PARTIDO DE LA UNIÓN POR LA GENTE - PARTIDO DE LA U;19
CHISCAS;Maria Alejandrina Sierra Chacon;PARTIDO ALIANZA VERDE;18
CHISCAS;Gabriel Garcia;PARTIDO CENTRO DEMOCRÁTICO;17
CHISCAS;Floriselda Puentes Correa;PARTIDO ALIANZA VERDE;16
CHISCAS;Diana Milena Peña Niño;PARTIDO LIBERAL COLOMBIANO;9
CHISCAS;Partido Centro Democrático;PARTIDO CENTRO DEMOCRÁTICO;9
CHISCAS;Evelyn Dariana Solano Carreño;PARTIDO NUEVO LIBERALISMO;6
CHISCAS;Partido Alianza Verde;PARTIDO ALIANZA VERDE;5
CHISCAS;Enrique Pedraza Silva;PARTIDO NUEVO LIBERALISMO;3
CHISCAS;Partido De La Unión Por La Gente - Partido De La U;PARTIDO DE LA UNIÓN POR LA GENTE - PARTIDO DE LA U;3
CHISCAS;Partido Liberal Colombiano;PARTIDO LIBERAL COLOMBIANO;3
CHISCAS;Zoraida Lozano Herrera;PARTIDO NUEVO LIBERALISMO;3
CHISCAS;Hugo Medina Cuadros;PARTIDO NUEVO LIBERALISMO;2
CHISCAS;Martha Nelly Leal Lozano;PARTIDO DE LA UNIÓN POR LA GENTE - PARTIDO DE LA U;1
CHISCAS;Yuderky Sepulveda Duarte;PARTIDO CENTRO DEMOCRÁTICO;1
CHITA;Omar Acevedo Silva;"PARTIDO ALIANZA SOCIAL INDEPENDIENTE ""ASI""";331
CHITA;Jose Manuel Siabato Cetina;PARTIDO ALIANZA VERDE;198
CHITA;Pedro Nel Duarte Cuevas;PARTIDO CONSERVADOR COLOMBIANO;182
CHITA;Edgar Antonio Pico Alvarado;PARTIDO CONSERVADOR COLOMBIANO;168
CHITA;Oscar Hernan Buitrago Lopez;PARTIDO CAMBIO RADICAL;157
CHITA;Pedro Luis Alarcon Ochoa;PARTIDO CENTRO DEMOCRÁTICO;153
CHITA;Wilson Cifuentes Suarez;"MOVIMIENTO ALTERNATIVO INDÍGENA Y SOCIAL ""MAIS""";149
CHITA;Luis Alejandro Cuevas Gomez;"MOVIMIENTO ALTERNATIVO INDÍGENA Y SOCIAL ""MAIS""";130
CHITA;Jose Elias Cetina Calderon;PARTIDO CONSERVADOR COLOMBIANO;98
CHITA;Alvaro Martinez Fuentes;PARTIDO CAMBIO RADICAL;97
CHITA;Ana Elsa Zarate;"MOVIMIENTO ALTERNATIVO INDÍGENA Y SOCIAL ""MAIS""";94
CHITA;Segundo Adan Nieto Hernandez;PARTIDO CAMBIO RADICAL;92
CHITA;Jhon Eliecer Fuentes Cogollo;"MOVIMIENTO ALTERNATIVO INDÍGENA Y SOCIAL ""MAIS""";91
CHITA;Simon Fuentes Ochoa;PARTIDO CENTRO DEMOCRÁTICO;89
CHITA;Diana Milena Fuentes Fuentes;PARTIDO CONSERVADOR COLOMBIANO;85
CHITA;Hermes Garcia Ochoa;PARTIDO CAMBIO RADICAL;84
CHITA;Ana Cecilia Beltran Silva;PARTIDO CONSERVADOR COLOMBIANO;78
CHITA;Jose Abigail Cuevas Romero;PARTIDO CAMBIO RADICAL;75
CHITA;Maria Elena Gomez Mongui;"PARTIDO ALIANZA SOCIAL INDEPENDIENTE ""ASI""";75
CHITA;Jose Alcides Bossa;PARTIDO ALIANZA VERDE;73
CHITA;Edgar Fabian Reay Ochoa;PARTIDO DE LA UNIÓN POR LA GENTE - PARTIDO DE LA U;72
CHITA;Jhorman Jair Fonseca Cruz;"PARTIDO ALIANZA SOCIAL INDEPENDIENTE ""ASI""";70
CHITA;Segundo Alirio Bossa Laguilavo;PARTIDO CONSERVADOR COLOMBIANO;70
CHITA;Inocencio Hormaza Sepulveda;PARTIDO DE LA UNIÓN POR LA GENTE - PARTIDO DE LA U;69
CHITA;Angelica Judit Riscanevo Arero;"PARTIDO ALIANZA SOCIAL INDEPENDIENTE ""ASI""";64
CHITA;Maria Concepcion Perez Velandia;PARTIDO CAMBIO RADICAL;64
CHITA;Segundo Ambrosio Cañas Riscanevo;PARTIDO CAMBIO RADICAL;64
CHITA;Victor Julio Caceres Hernandez;"MOVIMIENTO ALTERNATIVO INDÍGENA Y SOCIAL ""MAIS""";60
CHITA;Luis Riscanevo Vega;"PARTIDO ALIANZA SOCIAL INDEPENDIENTE ""ASI""";59
CHITA;Maria Leonor Velandia Calderon;"PARTIDO ALIANZA SOCIAL INDEPENDIENTE ""ASI""";56
CHITA;Luz Mery Lavacude Comezaquira;"MOVIMIENTO ALTERNATIVO INDÍGENA Y SOCIAL ""MAIS""";46
CHITA;Honorio Fuentes Santos;PARTIDO CENTRO DEMOCRÁTICO;44
CHITA;Yefer Andres Hernandez Leon;PARTIDO CONSERVADOR COLOMBIANO;44
CHITA;Alvaro Manuel Cetina Leon;"MOVIMIENTO ALTERNATIVO INDÍGENA Y SOCIAL ""MAIS""";39
CHITA;Luis Maria Ochoa Fuentes;PARTIDO ALIANZA VERDE;39
CHITA;Jose Custodio Firavitoba Leon;"MOVIMIENTO ALTERNATIVO INDÍGENA Y SOCIAL ""MAIS""";35
CHITA;Diana Marcela Gomez Hernandez;PARTIDO POLÍTICO DIGNIDAD & COMPROMISO;34
CHITA;Luz Dianira Alarcon Marquez;PARTIDO CENTRO DEMOCRÁTICO;34
CHITA;Jose Mesias Bayona Pico;PARTIDO ALIANZA VERDE;31
CHITA;Luz Dary Cardenas Bayona;PARTIDO CAMBIO RADICAL;31
CHITA;Nancy Carolina Cristancho Jaime;PARTIDO CONSERVADOR COLOMBIANO;31
CHITA;Luis Alfredo Rodriguez Sandoval;PARTIDO ALIANZA VERDE;29
CHITA;Rosa Auralid Avellaneda Avellaneda;PARTIDO DE LA UNIÓN POR LA GENTE - PARTIDO DE LA U;29
CHITA;Segundo Enrique Martinez Cuevas;PARTIDO ALIANZA VERDE;29
CHITA;Jose Geyler Riscanevo Moreno;"MOVIMIENTO ALTERNATIVO INDÍGENA Y SOCIAL ""MAIS""";28
CHITA;Eudes Gomez Cetina;PARTIDO POLÍTICO DIGNIDAD & COMPROMISO;27
CHITA;Luis Alfonso Reay Cotrina;PARTIDO POLÍTICO DIGNIDAD & COMPROMISO;26
CHITA;Partido Conservador Colombiano;PARTIDO CONSERVADOR COLOMBIANO;26
CHITA;Carlos Julio Calderon Medina;PARTIDO DE LA UNIÓN POR LA GENTE - PARTIDO DE LA U;25
CHITA;Mayerly Avellaneda Montoya;PARTIDO POLÍTICO DIGNIDAD & COMPROMISO;25
CHITA;Partido Centro Democrático;PARTIDO CENTRO DEMOCRÁTICO;23
CHITA;Erika Yuliana Portilla Riscanevo;"MOVIMIENTO ALTERNATIVO INDÍGENA Y SOCIAL ""MAIS""";22
CHITA;"Movimiento Alternativo Indígena Y Social ""Mais""";"MOVIMIENTO ALTERNATIVO INDÍGENA Y SOCIAL ""MAIS""";22
CHITA;Partido Cambio Radical;PARTIDO CAMBIO RADICAL;21
CHITA;Pedro Ignacio Poblador Comezaquira;PARTIDO CONSERVADOR COLOMBIANO;21
CHITA;Luis Arnulfo Sepulveda Alvarado;PARTIDO ALIANZA VERDE;20
CHITA;"Partido Alianza Social Independiente ""Asi""";"PARTIDO ALIANZA SOCIAL INDEPENDIENTE ""ASI""";20
CHITA;Susan Briceida Riaño Riaño;PARTIDO ALIANZA VERDE;20
CHITA;Campo Abel Niño;PARTIDO POLÍTICO DIGNIDAD & COMPROMISO;19
CHITA;Jaime Luis Portilla Cerinza;PARTIDO POLÍTICO DIGNIDAD & COMPROMISO;19
CHITA;Luz Estella Hipolito Beltran;PARTIDO ALIANZA VERDE;18
CHITA;Maria Ines Rozo Rodriguez;PARTIDO DE LA UNIÓN POR LA GENTE - PARTIDO DE LA U;15
CHITA;Jose Joaquin Fuentes Combita;PARTIDO POLÍTICO DIGNIDAD & COMPROMISO;14
CHITA;Partido De La Unión Por La Gente - Partido De La U;PARTIDO DE LA UNIÓN POR LA GENTE - PARTIDO DE LA U;14
CHITA;Adelina Cordoba Parada;PARTIDO CAMBIO RADICAL;13
CHITA;Partido Alianza Verde;PARTIDO ALIANZA VERDE;13
CHITA;Javier Miguel Portilla Fuentes;PARTIDO DE LA UNIÓN POR LA GENTE - PARTIDO DE LA U;12
CHITA;Luis Robinson Riscanevo Gonzalez;"PARTIDO ALIANZA SOCIAL INDEPENDIENTE ""ASI""";10
CHITA;Teresa Poblador Fuentes;PARTIDO DE LA UNIÓN POR LA GENTE - PARTIDO DE LA U;10
CHITA;Ana Lucila Blanco Mora;PARTIDO CONSERVADOR COLOMBIANO;9
CHITA;Herson Javier Mendivelso Duran;PARTIDO DE LA UNIÓN POR LA GENTE - PARTIDO DE LA U;9
CHITA;Carlos Andres Viracacha Ramos;PARTIDO CENTRO DEMOCRÁTICO;8
CHITA;Doralba Goyeneche Lemus;PARTIDO CENTRO DEMOCRÁTICO;8
CHITA;Luz Estella Perez Alvarado;"MOVIMIENTO ALTERNATIVO INDÍGENA Y SOCIAL ""MAIS""";7
CHITA;Maria Del Carmen Hormasa Sepulveda;PARTIDO POLÍTICO DIGNIDAD & COMPROMISO;6
CHITA;Sagrario Diaz Gomez;PARTIDO ALIANZA VERDE;6
CHITA;John Jairo Alarcon Carreño;PARTIDO CAMBIO RADICAL;5
CHITA;Maria Aurora Cerinza Chivata;"PARTIDO ALIANZA SOCIAL INDEPENDIENTE ""ASI""";5
CHITA;Partido Político Dignidad & Compromiso;PARTIDO POLÍTICO DIGNIDAD & COMPROMISO;4
CHITA;Unberto Alarcon Duarte;"PARTIDO ALIANZA SOCIAL INDEPENDIENTE ""ASI""";3
CHITA;Heidy Yolima Gomez Cordoba;"PARTIDO ALIANZA SOCIAL INDEPENDIENTE ""ASI""";2
CHITARAQUE;Carlos Mosquera Ruiz;PARTIDO DE LA UNIÓN POR LA GENTE - PARTIDO DE LA U;173
CHITARAQUE;Cristian Arley Mateus Rivas;PARTIDO LIBERAL COLOMBIANO;144
CHITARAQUE;Henry Alfredo Cruz Ramos;PARTIDO CENTRO DEMOCRÁTICO;143
CHITARAQUE;Maria Del Rosario Baron Urrea;PARTIDO CENTRO DEMOCRÁTICO;142
CHITARAQUE;Michel Aguilar Garavito;PARTIDO CAMBIO RADICAL;137
CHITARAQUE;Yeni Carolina Camacho Suarez;PARTIDO DE LA UNIÓN POR LA GENTE - PARTIDO DE LA U;137
CHITARAQUE;Joselin Garcia Cardenas;PARTIDO DE LA UNIÓN POR LA GENTE - PARTIDO DE LA U;128
CHITARAQUE;Patricia Ramirez Melo;PARTIDO ALIANZA VERDE;122
CHITARAQUE;Francisco Ignacio Espitia Martinez;PARTIDO ALIANZA VERDE;118
CHITARAQUE;Julian Ruiz Aranda;PARTIDO LIBERAL COLOMBIANO;117
CHITARAQUE;Carlos Julio Leon Garcia;PARTIDO CAMBIO RADICAL;111
CHITARAQUE;Juan Camilo Martinez Campos;PARTIDO CAMBIO RADICAL;111
CHITARAQUE;Jose Daniel Poveda Velasco;PARTIDO CAMBIO RADICAL;110
CHITARAQUE;Raimundo Sanabria Guerrero;PARTIDO DE LA UNIÓN POR LA GENTE - PARTIDO DE LA U;110
CHITARAQUE;Roosevelt Ropero;PARTIDO ALIANZA VERDE;106
CHITARAQUE;Gonzalo Esteban Baron Rojas;PARTIDO LIBERAL COLOMBIANO;103
CHITARAQUE;Mary Luz Garavito Toloza;PARTIDO ALIANZA VERDE;101
CHITARAQUE;Rafael Antonio Calvo Molina;PARTIDO CENTRO DEMOCRÁTICO;100
CHITARAQUE;Jaime Enrique Bautista Castro;PARTIDO DE LA UNIÓN POR LA GENTE - PARTIDO DE LA U;93
CHITARAQUE;Edward Oscar Leon Gonzalez;PARTIDO CENTRO DEMOCRÁTICO;90
CHITARAQUE;Huber Niño Urrea;PARTIDO ALIANZA VERDE;88
CHITARAQUE;Elkin Hernan Lozada Nino;PARTIDO CONSERVADOR COLOMBIANO;85
CHITARAQUE;Luis Felipe Hernandez Garcia;PARTIDO LIBERAL COLOMBIANO;81
CHITARAQUE;Luis Felipe Guerrero Ruiz;PARTIDO CONSERVADOR COLOMBIANO;77
CHITARAQUE;Reinaldo Ulloa Sanchez;PARTIDO CENTRO DEMOCRÁTICO;74
CHITARAQUE;Sagrario Robles Garavito;PARTIDO CAMBIO RADICAL;57
CHITARAQUE;Yuliana Aranda Barreto;PARTIDO CONSERVADOR COLOMBIANO;53
CHITARAQUE;Cesar Camilo Camacho Hurtado;PARTIDO CONSERVADOR COLOMBIANO;47
CHITARAQUE;Rubiela Ulloa Lozada;PARTIDO CENTRO DEMOCRÁTICO;46
CHITARAQUE;Luz Yira Guerrero Leon;PARTIDO DE LA UNIÓN POR LA GENTE - PARTIDO DE LA U;45
CHITARAQUE;Jorge Luis Castellanos Ulloa;PARTIDO CONSERVADOR COLOMBIANO;44
CHITARAQUE;Julio Alberto Mejia Robles;PARTIDO DE LA UNIÓN POR LA GENTE - PARTIDO DE LA U;44
CHITARAQUE;Partido Político Dignidad & Compromiso;PARTIDO POLÍTICO DIGNIDAD & COMPROMISO;44
CHITARAQUE;Anderson Aranda Suarez;PARTIDO CENTRO DEMOCRÁTICO;41
CHITARAQUE;Osmar Julio Sanchez Sanchez;PARTIDO CAMBIO RADICAL;40
CHITARAQUE;Edilberto Robles Gomez;PARTIDO CAMBIO RADICAL;39
CHITARAQUE;Luz Yamile Hurtado Jimenez;PARTIDO DE LA UNIÓN POR LA GENTE - PARTIDO DE LA U;38
CHITARAQUE;Yanire Camacho Ruiz;PARTIDO LIBERAL COLOMBIANO;38
CHITARAQUE;Julio Emiro Jaramillo Zayas;AGRUPACIÓN POLÍTICA EN MARCHA;36
CHITARAQUE;Ernesto Campos Urrea;PARTIDO LIBERAL COLOMBIANO;35
CHITARAQUE;Fabio Lozada Hernandez;AGRUPACIÓN POLÍTICA EN MARCHA;32
CHITARAQUE;Osmar Alvarez Gaona;PARTIDO LIBERAL COLOMBIANO;29
CHITARAQUE;Zaida Marcela Baron Espitia;PARTIDO DE LA UNIÓN POR LA GENTE - PARTIDO DE LA U;29
CHITARAQUE;Partido Alianza Verde;PARTIDO ALIANZA VERDE;25
CHITARAQUE;Alvaro Niño Urrea;PARTIDO CENTRO DEMOCRÁTICO;24
CHITARAQUE;Partido De La Unión Por La Gente - Partido De La U;PARTIDO DE LA UNIÓN POR LA GENTE - PARTIDO DE LA U;24
CHITARAQUE;Andrea Olmos Vega;PARTIDO CAMBIO RADICAL;23
CHITARAQUE;Ariel Iglesias;PARTIDO ALIANZA VERDE;22
CHITARAQUE;Alfonso Sanchez Gomez;PARTIDO CONSERVADOR COLOMBIANO;21
CHITARAQUE;German Antonio Orjuela Vasquez;PARTIDO ALIANZA VERDE;21
CHITARAQUE;Partido Centro Democrático;PARTIDO CENTRO DEMOCRÁTICO;20
CHITARAQUE;Maribel Campos Urrea;PARTIDO ALIANZA VERDE;19
CHITARAQUE;Erika Fernanda Rojas Forero;PARTIDO LIBERAL COLOMBIANO;18
CHITARAQUE;Jorge Enrique Hernandez Gomez;PARTIDO ALIANZA VERDE;18
CHITARAQUE;Yenifer Dayana Ayala Espitia;PARTIDO LIBERAL COLOMBIANO;18
CHITARAQUE;Partido Cambio Radical;PARTIDO CAMBIO RADICAL;15
CHITARAQUE;Partido Nuevo Liberalismo;PARTIDO NUEVO LIBERALISMO;15
CHITARAQUE;Partido Liberal Colombiano;PARTIDO LIBERAL COLOMBIANO;13
CHITARAQUE;Reines Alexis Rojas Sanchez;AGRUPACIÓN POLÍTICA EN MARCHA;13
CHITARAQUE;Isolina Melo Ramirez;PARTIDO CAMBIO RADICAL;8
CHITARAQUE;Partido Conservador Colombiano;PARTIDO CONSERVADOR COLOMBIANO;8
CHITARAQUE;Agrupación Política En Marcha;AGRUPACIÓN POLÍTICA EN MARCHA;6
CHITARAQUE;Yazmin Saavedra Peñaloza;PARTIDO CONSERVADOR COLOMBIANO;6
CHITARAQUE;Yolanda Leon Garavito;PARTIDO CENTRO DEMOCRÁTICO;6
CHITARAQUE;Luisa Fernanda Rojas Rios;AGRUPACIÓN POLÍTICA EN MARCHA;4
CHITARAQUE;Isidro Noguera Rodriguez;AGRUPACIÓN POLÍTICA EN MARCHA;3
CHITARAQUE;Liliana Rivera Zabala;PARTIDO CONSERVADOR COLOMBIANO;3
CHITARAQUE;Yamile Ramirez Rubiano;PARTIDO CONSERVADOR COLOMBIANO;2
CHITARAQUE;Ismael Aranda Bautista;AGRUPACIÓN POLÍTICA EN MARCHA;1
CHITARAQUE;Luz Mery Ropero Garavito;AGRUPACIÓN POLÍTICA EN MARCHA;1
CHIVATA;Oliver Guerrero Molano;PARTIDO ALIANZA VERDE;240
CHIVATA;Nestor Rene Rivera Martinez;"MOVIMIENTO ALTERNATIVO INDÍGENA Y SOCIAL ""MAIS""";141
CHIVATA;Ingrid Paola Fagua Contreras;PARTIDO ALIANZA VERDE;139
CHIVATA;Jaime Rosendo Gutierrez Cruz;PARTIDO CAMBIO RADICAL;122
CHIVATA;Edwin Ferney Quiroz Quiroz;PARTIDO CAMBIO RADICAL;111
CHIVATA;Hernan Dario Tibambre Montero;PARTIDO ALIANZA VERDE;111
CHIVATA;Ana Mildreth Piracoca Fagua;PARTIDO ALIANZA VERDE;110
CHIVATA;Hector Orlando Pirachican Aguillon;PARTIDO CONSERVADOR COLOMBIANO;104
CHIVATA;Jose De Jesus Bautista Rodriguez;"MOVIMIENTO ALTERNATIVO INDÍGENA Y SOCIAL ""MAIS""";101
CHIVATA;Rocio Montero Martinez;PARTIDO ALIANZA VERDE;95
CHIVATA;Fredy Fernando Castro Quiroz;PARTIDO CONSERVADOR COLOMBIANO;94
CHIVATA;Jose Armando Martinez Nausan;PARTIDO CAMBIO RADICAL;87
CHIVATA;Edison Libardo Gonzalez Numpaque;PARTIDO CONSERVADOR COLOMBIANO;80
CHIVATA;Ana Edith Vargas Caro;PARTIDO CONSERVADOR COLOMBIANO;77
CHIVATA;Martha Fabiola Fagua Gonzalez;PARTIDO CAMBIO RADICAL;71
CHIVATA;Pedro Gutierrez;PARTIDO CAMBIO RADICAL;71
CHIVATA;Zulma Rocio Palma Chontal;PARTIDO CONSERVADOR COLOMBIANO;69
CHIVATA;Marco Rafael Rodriguez Vargas;PARTIDO ALIANZA VERDE;66
CHIVATA;Efrain Garcia Quiroz;"PARTIDO ALIANZA SOCIAL INDEPENDIENTE ""ASI""";65
CHIVATA;Jorge Isaias Montero Guerrero;"PARTIDO ALIANZA SOCIAL INDEPENDIENTE ""ASI""";64
CHIVATA;Libardo Numpaque Gutierrez;PARTIDO CONSERVADOR COLOMBIANO;64
CHIVATA;Rosendo Pirachican Aguillon;"MOVIMIENTO ALTERNATIVO INDÍGENA Y SOCIAL ""MAIS""";62
CHIVATA;Fabio Alexander Quiroz Mancipe;"PARTIDO ALIANZA SOCIAL INDEPENDIENTE ""ASI""";50
CHIVATA;Luyi Desmir Nonzoque Cely;PARTIDO CAMBIO RADICAL;49
CHIVATA;Jose Nolberto Nausan Numpaque;PARTIDO CAMBIO RADICAL;48
CHIVATA;Yimi Rodolfo Niño Rodriguez;PARTIDO CONSERVADOR COLOMBIANO;42
CHIVATA;Brayan Leonardo Muñoz Ortiz;"PARTIDO ALIANZA SOCIAL INDEPENDIENTE ""ASI""";40
CHIVATA;Carlos Humberto Rodriguez Martinez;PARTIDO ALIANZA VERDE;38
CHIVATA;Jose Humberto Pineda;PARTIDO ALIANZA VERDE;29
CHIVATA;Jose Jhonnatan Huertas Cardenas;"MOVIMIENTO ALTERNATIVO INDÍGENA Y SOCIAL ""MAIS""";25
CHIVATA;Maria Yanet Peña Peña;PARTIDO CONSERVADOR COLOMBIANO;23
CHIVATA;Claudia Jimena Nempeque Rodriguez;"MOVIMIENTO ALTERNATIVO INDÍGENA Y SOCIAL ""MAIS""";22
CHIVATA;Yamile Rodriguez Bernal;"PARTIDO ALIANZA SOCIAL INDEPENDIENTE ""ASI""";15
CHIVATA;Partido Conservador Colombiano;PARTIDO CONSERVADOR COLOMBIANO;11
CHIVATA;Partido Alianza Verde;PARTIDO ALIANZA VERDE;9
CHIVATA;Partido Cambio Radical;PARTIDO CAMBIO RADICAL;8
CHIVATA;Yohana Patricia Guayacan Cruz;"MOVIMIENTO ALTERNATIVO INDÍGENA Y SOCIAL ""MAIS""";6
CHIVATA;Carmensa Quemba Guerrero;"PARTIDO ALIANZA SOCIAL INDEPENDIENTE ""ASI""";5
CHIVATA;Jaime Pacheco Garcia;PARTIDO CONSERVADOR COLOMBIANO;4
CHIVATA;Laura Ximena Fonseca Becerra;PARTIDO CAMBIO RADICAL;4
CHIVATA;"Movimiento Alternativo Indígena Y Social ""Mais""";"MOVIMIENTO ALTERNATIVO INDÍGENA Y SOCIAL ""MAIS""";3
CHIVATA;"Partido Alianza Social Independiente ""Asi""";"PARTIDO ALIANZA SOCIAL INDEPENDIENTE ""ASI""";3
CHIVOR;Jose Ricardo Vargas Parra;PARTIDO ALIANZA VERDE;148
CHIVOR;Liz Estefania Bonilla Martinez;PARTIDO CONSERVADOR COLOMBIANO;114
CHIVOR;Lady Johana Chitiva Lopez;PARTIDO CENTRO DEMOCRÁTICO;105
CHIVOR;Luz Del Trancito Perilla Martinez;PARTIDO CAMBIO RADICAL;84
CHIVOR;Mariluz Lopez Ramirez;PARTIDO CONSERVADOR COLOMBIANO;80
CHIVOR;Robinsson Augusto Romero Linares;PARTIDO CAMBIO RADICAL;78
CHIVOR;Marcelo Yeferson Arevalo Salguero;PARTIDO CENTRO DEMOCRÁTICO;75
CHIVOR;William Ricardo Aldana Gonzalez;PARTIDO ALIANZA VERDE;66
CHIVOR;Luis Leonardo Leguizamon Higuera;PARTIDO ALIANZA VERDE;52
CHIVOR;Daisy Estrella Lopez Ramirez;PARTIDO CONSERVADOR COLOMBIANO;48
CHIVOR;Deisy Ximena Caballero Lopez;PARTIDO ALIANZA VERDE;48
CHIVOR;Yobani Antonio Lopez Romero;PARTIDO CONSERVADOR COLOMBIANO;48
CHIVOR;Sandra Patricia Lopez Sanchez;PARTIDO CONSERVADOR COLOMBIANO;44
CHIVOR;Dianamaria Montenegro Daza;PARTIDO ALIANZA VERDE;36
CHIVOR;Harold Sebastian Ruiz Vega;PARTIDO CONSERVADOR COLOMBIANO;35
CHIVOR;Eduil Javier Daza Vaca;PARTIDO CAMBIO RADICAL;33
CHIVOR;Luis Antonio Daza Martinez;PARTIDO ALIANZA VERDE;33
CHIVOR;Gloria Stella Novoa Roa;PARTIDO CENTRO DEMOCRÁTICO;32
CHIVOR;Lilia Marlen Mondragon;PARTIDO ALIANZA VERDE;30
CHIVOR;Francisco Javier Cely Novoa;PARTIDO CENTRO DEMOCRÁTICO;26
CHIVOR;Angela Rocio Rodriguez Barrera;PARTIDO CENTRO DEMOCRÁTICO;25
CHIVOR;Angel Maria Sanchez Daza;PARTIDO CAMBIO RADICAL;23
CHIVOR;Maryen Zyhomara Mondragon Salinas;PARTIDO CENTRO DEMOCRÁTICO;19
CHIVOR;Partido Alianza Verde;PARTIDO ALIANZA VERDE;13
CHIVOR;Miguel David Contreras Lopez;PARTIDO CAMBIO RADICAL;11
CHIVOR;Partido Conservador Colombiano;PARTIDO CONSERVADOR COLOMBIANO;4
CHIVOR;Lenys Rincon Velandia;PARTIDO CAMBIO RADICAL;3
CHIVOR;Partido Cambio Radical;PARTIDO CAMBIO RADICAL;3
CHIVOR;Partido Centro Democrático;PARTIDO CENTRO DEMOCRÁTICO;3
CIENEGA;Jaison David Guerra Barajas;PARTIDO ALIANZA VERDE;259
CIENEGA;Siervo De Jesus Cruz Gomez;PARTIDO CAMBIO RADICAL;205
CIENEGA;Andres Felipe Jimenez Jimenez;PARTIDO ALIANZA VERDE;199
CIENEGA;Jose Oliverio Borda Plazas;PARTIDO CONSERVADOR COLOMBIANO;142
CIENEGA;Hildebrando Cruz Sanabria;PARTIDO ALIANZA VERDE;141
CIENEGA;Luis Alberto Arias Galindo;PARTIDO POLÍTICO DIGNIDAD & COMPROMISO;139
CIENEGA;Julio Ruben Plazas Sanabria;"MOVIMIENTO ALTERNATIVO INDÍGENA Y SOCIAL ""MAIS""";138
CIENEGA;Eccehomo Sanabria Muñoz;PARTIDO POLÍTICO DIGNIDAD & COMPROMISO;133
CIENEGA;Carlos Dionicio Barajas Galindo;"MOVIMIENTO ALTERNATIVO INDÍGENA Y SOCIAL ""MAIS""";118
CIENEGA;Christian Camilo Espinosa Hernandez;PARTIDO POLÍTICO DIGNIDAD & COMPROMISO;112
CIENEGA;Miguel Ballardo Sanabria Silva;PARTIDO ALIANZA VERDE;109
CIENEGA;Jorge Emilio Bernal Hernandez;PARTIDO CAMBIO RADICAL;102
CIENEGA;Carlos Alberto Cuervo Espinosa;PARTIDO CONSERVADOR COLOMBIANO;96
CIENEGA;Ruby Del Carmen Plazas Caro;PARTIDO CAMBIO RADICAL;96
CIENEGA;Sandra Patricia Sanabria Gomez;PARTIDO DE LA UNIÓN POR LA GENTE - PARTIDO DE LA U;94
CIENEGA;Pablo Emilio Gomez Soler;PARTIDO CAMBIO RADICAL;88
CIENEGA;Jorge Arturo Guerrero Arias;PARTIDO DE LA UNIÓN POR LA GENTE - PARTIDO DE LA U;76
CIENEGA;Rosa Nelly Jimenez Plazas;PARTIDO DE LA UNIÓN POR LA GENTE - PARTIDO DE LA U;72
CIENEGA;John Fredy Paez Pirachican;PARTIDO CONSERVADOR COLOMBIANO;67
CIENEGA;Andrea Paola Parra Coronado;PARTIDO CAMBIO RADICAL;66
CIENEGA;Claudia Muñoz Muñoz;PARTIDO POLÍTICO DIGNIDAD & COMPROMISO;60
CIENEGA;Misael Cruz Caro;PARTIDO POLÍTICO DIGNIDAD & COMPROMISO;60
CIENEGA;Luis Felipe Gomez Vargas;"MOVIMIENTO ALTERNATIVO INDÍGENA Y SOCIAL ""MAIS""";57
CIENEGA;Jose Del Carmen Rojas Sanabria;PARTIDO DE LA UNIÓN POR LA GENTE - PARTIDO DE LA U;51
CIENEGA;Lina Maria Hernandez Caro;PARTIDO ALIANZA VERDE;49
CIENEGA;Efrain Borda Silva;PARTIDO DE LA UNIÓN POR LA GENTE - PARTIDO DE LA U;45
CIENEGA;Neida Liseth Guerrero Cruz;PARTIDO ALIANZA VERDE;40
CIENEGA;Partido Alianza Verde;PARTIDO ALIANZA VERDE;35
CIENEGA;Jaime Andres Rodriguez Hernandez;"MOVIMIENTO ALTERNATIVO INDÍGENA Y SOCIAL ""MAIS""";33
CIENEGA;Manuel Pineda Sanabria;PARTIDO CONSERVADOR COLOMBIANO;33
CIENEGA;Adriana Paola Cruz Sanabria;"MOVIMIENTO ALTERNATIVO INDÍGENA Y SOCIAL ""MAIS""";27
CIENEGA;German Caro Jimenez;"MOVIMIENTO ALTERNATIVO INDÍGENA Y SOCIAL ""MAIS""";18
CIENEGA;Partido Cambio Radical;PARTIDO CAMBIO RADICAL;11
CIENEGA;Partido Conservador Colombiano;PARTIDO CONSERVADOR COLOMBIANO;10
CIENEGA;Juan Pablo Lopez Aguirre;PARTIDO CONSERVADOR COLOMBIANO;9
CIENEGA;Partido De La Unión Por La Gente - Partido De La U;PARTIDO DE LA UNIÓN POR LA GENTE - PARTIDO DE LA U;9
CIENEGA;"Movimiento Alternativo Indígena Y Social ""Mais""";"MOVIMIENTO ALTERNATIVO INDÍGENA Y SOCIAL ""MAIS""";6
CIENEGA;Karen Dayana Oviedo Arias;PARTIDO DE LA UNIÓN POR LA GENTE - PARTIDO DE LA U;5
CIENEGA;Partido Político Dignidad & Compromiso;PARTIDO POLÍTICO DIGNIDAD & COMPROMISO;4
CIENEGA;Sara Melisa Ubaque Pedroza;PARTIDO POLÍTICO DIGNIDAD & COMPROMISO;4
CIENEGA;Andres Camilo Daza Leguizamon;PARTIDO DE LA UNIÓN POR LA GENTE - PARTIDO DE LA U;3
CIENEGA;Zamir Alfonso Cruz Cruz;"MOVIMIENTO ALTERNATIVO INDÍGENA Y SOCIAL ""MAIS""";3
CIENEGA;Duvan Camilo Avila Lopez;PARTIDO CAMBIO RADICAL;2
CIENEGA;Edison Giovanni Vargas Parada;PARTIDO CAMBIO RADICAL;2
CIENEGA;David Fernando Arias Lopez;PARTIDO POLÍTICO DIGNIDAD & COMPROMISO;1
CIENEGA;Deizy Liliana Rivera Reyes;PARTIDO CONSERVADOR COLOMBIANO;1
CIENEGA;Maria Cenaida Guerrero Silva;"MOVIMIENTO ALTERNATIVO INDÍGENA Y SOCIAL ""MAIS""";1
CIENEGA;Nancy Liliana Hernandez Espinosa;PARTIDO CONSERVADOR COLOMBIANO;1
CIENEGA;Nereida Consuelo Gonzalez Rojas;PARTIDO POLÍTICO DIGNIDAD & COMPROMISO;1
COMBITA;Blanca Dorisana Hernandez Muñoz;PARTIDO LIBERAL COLOMBIANO;401
COMBITA;Eduard Yesid Suspe Garcia;PARTIDO LIBERAL COLOMBIANO;335
COMBITA;Brian Ferney Salazar Jimenez;"MOVIMIENTO AUTORIDADES INDÍGENAS DE COLOMBIA ""AICO""";269
COMBITA;Robinzon Steven Sarmiento Rodriguez;PARTIDO DE LA UNIÓN POR LA GENTE - PARTIDO DE LA U;268
COMBITA;Yaneth Cristina Garavito Tunarrosa;PARTIDO POLÍTICO LA FUERZA DE LA PAZ;254
COMBITA;Milton Enrique Rubio Ferro;PARTIDO ALIANZA VERDE;238
COMBITA;Lorenzo Efren Camargo Zarate;PARTIDO ALIANZA VERDE;236
COMBITA;Jesus Fonseca Sanchez;PARTIDO LIBERAL COLOMBIANO;223
COMBITA;Segundo Jorge Antonio Ruiz Garcia;PARTIDO CAMBIO RADICAL;219
COMBITA;Jose Rodrigo Tocarruncho Aguilar;PARTIDO NUEVO LIBERALISMO;212
COMBITA;Hector Silvino Rodriguez Suarez;PARTIDO CENTRO DEMOCRÁTICO;204
COMBITA;Armando Bolivar Nope;PARTIDO POLÍTICO LA FUERZA DE LA PAZ;199
COMBITA;Luis Francisco Sandoval Vargas;PARTIDO CAMBIO RADICAL;197
COMBITA;Edwin Lorenzo Gonzalez Farias;PARTIDO DE LA UNIÓN POR LA GENTE - PARTIDO DE LA U;191
COMBITA;Miguel Ramon Amado Sarmiento;PARTIDO NUEVO LIBERALISMO;183
COMBITA;Ivan Felipe Uribe Sandoval;PARTIDO DE LA UNIÓN POR LA GENTE - PARTIDO DE LA U;177
COMBITA;John Jaime Monroy Lopez;PARTIDO LIBERAL COLOMBIANO;160
COMBITA;Harold Esteban Baron Rojas;PARTIDO CONSERVADOR COLOMBIANO;158
COMBITA;Juan Camilo Gonzalez Gonzalez;PARTIDO ALIANZA VERDE;156
COMBITA;Juan Manuel Mora Ruiz;"MOVIMIENTO ALTERNATIVO INDÍGENA Y SOCIAL ""MAIS""";139
COMBITA;Xavier Samaca Cantor;"MOVIMIENTO AUTORIDADES INDÍGENAS DE COLOMBIA ""AICO""";139
COMBITA;Marco Abel Aguilar Suarez;PARTIDO NUEVO LIBERALISMO;136
COMBITA;Deisy Alexandra Acosta Fuquen;"MOVIMIENTO AUTORIDADES INDÍGENAS DE COLOMBIA ""AICO""";132
COMBITA;Cleyder Alexander Ramirez Ruiz;PARTIDO CONSERVADOR COLOMBIANO;131
COMBITA;Jose Cibel Aguilar Suarez;PARTIDO NUEVO LIBERALISMO;131
COMBITA;Hugo Fernando Fuquen Quintero;PARTIDO NUEVO LIBERALISMO;128
COMBITA;Marco Tulio Pineda Cantor;PARTIDO CENTRO DEMOCRÁTICO;128
COMBITA;Plinio Sarmiento Sarmiento;PARTIDO LIBERAL COLOMBIANO;123
COMBITA;Fernando Hernandez Fuquene;PARTIDO CONSERVADOR COLOMBIANO;104
COMBITA;Myriam Waldina Molina Zamora;"MOVIMIENTO AUTORIDADES INDÍGENAS DE COLOMBIA ""AICO""";104
COMBITA;Rosa Helena Tocarruncho Quintana;PARTIDO ALIANZA VERDE;103
COMBITA;Rafael Antonio Garavito Leon;PARTIDO DE LA UNIÓN POR LA GENTE - PARTIDO DE LA U;100
COMBITA;Luis Fernando Jimenez Martinez;PARTIDO DE LA UNIÓN POR LA GENTE - PARTIDO DE LA U;98
COMBITA;Emilse Ruiz Monroy;PARTIDO CAMBIO RADICAL;96
COMBITA;Jhon Jairo Llano Hernandez;PARTIDO CAMBIO RADICAL;96
COMBITA;Ramiro Sarmiento Sarmiento;PARTIDO NUEVO LIBERALISMO;92
COMBITA;Manuel Antonio Fuquen Tocarruncho;PARTIDO ALIANZA VERDE;87
COMBITA;Oscar Julian Correa Hernandez;PARTIDO DE LA UNIÓN POR LA GENTE - PARTIDO DE LA U;85
COMBITA;Edgar De Jesus Garcia Samaca;PARTIDO CONSERVADOR COLOMBIANO;84
COMBITA;Juan Pablo Moreno;PARTIDO POLÍTICO LA FUERZA DE LA PAZ;73
COMBITA;Doralba Suarez Avila;PARTIDO POLÍTICO LA FUERZA DE LA PAZ;70
COMBITA;Diego Andres Suarez Pedraza;"MOVIMIENTO AUTORIDADES INDÍGENAS DE COLOMBIA ""AICO""";67
COMBITA;Francisco Rios Pineda;PARTIDO CAMBIO RADICAL;61
COMBITA;Julian Fernando Rodriguez Hernandez;PARTIDO ALIANZA VERDE;56
COMBITA;Jose Ismael Sarmiento Riaño;PARTIDO CAMBIO RADICAL;50
COMBITA;Jairo Edilson Suarez Suarez;"MOVIMIENTO AUTORIDADES INDÍGENAS DE COLOMBIA ""AICO""";46
COMBITA;Belsa Isabeth Matta Riaño;PARTIDO DE LA UNIÓN POR LA GENTE - PARTIDO DE LA U;42
COMBITA;Maria Herminda Baron Suarez;PARTIDO CONSERVADOR COLOMBIANO;42
COMBITA;Carlos Andres Rios Farfan;PARTIDO CENTRO DEMOCRÁTICO;41
COMBITA;Carlos Arturo Sarmiento Sarmiento;"MOVIMIENTO ALTERNATIVO INDÍGENA Y SOCIAL ""MAIS""";41
COMBITA;Jose Uriel Sarmiento Diaz;PARTIDO NUEVO LIBERALISMO;41
COMBITA;Partido Alianza Verde;PARTIDO ALIANZA VERDE;40
COMBITA;Zulma Rocio Ruiz Samaca;PARTIDO POLÍTICO LA FUERZA DE LA PAZ;38
COMBITA;Jhinet Garcia Suspes;"MOVIMIENTO AUTORIDADES INDÍGENAS DE COLOMBIA ""AICO""";37
COMBITA;Partido Liberal Colombiano;PARTIDO LIBERAL COLOMBIANO;36
COMBITA;Jose Norbey Tocarruncho Arias;PARTIDO POLÍTICO LA FUERZA DE LA PAZ;31
COMBITA;Lubia Esperanza Lopez Fonseca;PARTIDO ALIANZA VERDE;31
COMBITA;Jaime Piña Fonseca;PARTIDO CAMBIO RADICAL;30
COMBITA;William Andres Fuquene Cantor;PARTIDO CAMBIO RADICAL;30
COMBITA;Marcela Fonseca Caro;PARTIDO CAMBIO RADICAL;27
COMBITA;Maria Ignacia Becerra Salamanca;PARTIDO CENTRO DEMOCRÁTICO;26
COMBITA;Wilson Garcia Piracon;PARTIDO CENTRO DEMOCRÁTICO;26
COMBITA;Leydy Yiced Valderrama Jimenez;PARTIDO LIBERAL COLOMBIANO;25
COMBITA;Maria Elisabeth Tocarruncho Rivera;PARTIDO NUEVO LIBERALISMO;24
COMBITA;Andrea Del Pilar Tocarruncho Tocarruncho;PARTIDO CAMBIO RADICAL;23
COMBITA;Maria Angelica Arias Hernandez;PARTIDO CONSERVADOR COLOMBIANO;22
COMBITA;Cibel Salazar Gonzalez;"MOVIMIENTO ALTERNATIVO INDÍGENA Y SOCIAL ""MAIS""";21
COMBITA;Claudia Marcela Tibacuy Piratoba;PARTIDO ALIANZA VERDE;21
COMBITA;Maria Carmenza Hernandez Suarez;PARTIDO ALIANZA VERDE;21
COMBITA;Partido Cambio Radical;PARTIDO CAMBIO RADICAL;21
COMBITA;Melba Yolima Cuervo Vargas;PARTIDO CENTRO DEMOCRÁTICO;20
COMBITA;Partido Centro Democrático;PARTIDO CENTRO DEMOCRÁTICO;20
COMBITA;Rubiela Viasus Cifuentes;PARTIDO CAMBIO RADICAL;19
COMBITA;Ana Delina Piracon Tocarruncho;PARTIDO ALIANZA VERDE;18
COMBITA;"Movimiento Autoridades Indígenas De Colombia ""Aico """;"MOVIMIENTO AUTORIDADES INDÍGENAS DE COLOMBIA ""AICO""";17
COMBITA;Partido Nuevo Liberalismo;PARTIDO NUEVO LIBERALISMO;17
COMBITA;Claudia Yaneth Cuervo Avila;PARTIDO CENTRO DEMOCRÁTICO;16
COMBITA;Jose Agapito Romero Gomez;"MOVIMIENTO AUTORIDADES INDÍGENAS DE COLOMBIA ""AICO""";15
COMBITA;Jose Mauricio Salas Suarez;PARTIDO CENTRO DEMOCRÁTICO;15
COMBITA;Yulieth Esperanza Ayala Pirabague;PARTIDO NUEVO LIBERALISMO;15
COMBITA;Jose Camilo Amezquita Malaver;"MOVIMIENTO AUTORIDADES INDÍGENAS DE COLOMBIA ""AICO""";14
COMBITA;Partido De La Unión Por La Gente - Partido De La U;PARTIDO DE LA UNIÓN POR LA GENTE - PARTIDO DE LA U;13
COMBITA;Viviana Lizeth Cely Ramirez;PARTIDO LIBERAL COLOMBIANO;13
COMBITA;Segundo Jorge Aunta Diaz;PARTIDO LIBERAL COLOMBIANO;12
COMBITA;Edison Felipe Garcia Piravague;PARTIDO POLÍTICO LA FUERZA DE LA PAZ;11
COMBITA;Laura Juliette Aguilar Vargas;PARTIDO NUEVO LIBERALISMO;11
COMBITA;Edwar Stiven Monroy Garcia;"MOVIMIENTO ALTERNATIVO INDÍGENA Y SOCIAL ""MAIS""";10
COMBITA;Yolima Harvely Piamonte Lopez;PARTIDO LIBERAL COLOMBIANO;10
COMBITA;Ana Maria Lopez Escobar;PARTIDO NUEVO LIBERALISMO;9
COMBITA;Elkin Yovany Hernandez Quintana;PARTIDO CENTRO DEMOCRÁTICO;9
COMBITA;Marcos Fabian Aguilar Rojas;PARTIDO LIBERAL COLOMBIANO;9
COMBITA;Partido Conservador Colombiano;PARTIDO CONSERVADOR COLOMBIANO;9
COMBITA;Partido Político La Fuerza De La Paz;PARTIDO POLÍTICO LA FUERZA DE LA PAZ;8
COMBITA;Fabian Leonardo Umba Torres;PARTIDO CONSERVADOR COLOMBIANO;6
COMBITA;"Movimiento Alternativo Indígena Y Social ""Mais""";"MOVIMIENTO ALTERNATIVO INDÍGENA Y SOCIAL ""MAIS""";6
COMBITA;Yadi Patricia Serna Vanegas;PARTIDO DE LA UNIÓN POR LA GENTE - PARTIDO DE LA U;6
COMBITA;Jeimi Yohana Sogamoso Vargas;"MOVIMIENTO AUTORIDADES INDÍGENAS DE COLOMBIA ""AICO""";5
COMBITA;Jose Ignacio Lopez Pedraza;"MOVIMIENTO ALTERNATIVO INDÍGENA Y SOCIAL ""MAIS""";5
COMBITA;Lina Maria Dottor Piraneque;PARTIDO DE LA UNIÓN POR LA GENTE - PARTIDO DE LA U;5
COMBITA;Hugo Alexander Rojas Piratoba;PARTIDO POLÍTICO LA FUERZA DE LA PAZ;4
COMBITA;Lina Dayana Piratova Rubio;PARTIDO DE LA UNIÓN POR LA GENTE - PARTIDO DE LA U;4
COMBITA;Alirio Barragan Piratoba;"MOVIMIENTO ALTERNATIVO INDÍGENA Y SOCIAL ""MAIS""";3
COMBITA;Daniela Andrea Piraneque Rojas;PARTIDO CENTRO DEMOCRÁTICO;3
COMBITA;Mildreth Vanessa Rodriguez Moreno;"MOVIMIENTO ALTERNATIVO INDÍGENA Y SOCIAL ""MAIS""";2
COMBITA;Wilisfredo Atanacio Garcia Tocarruncho;"MOVIMIENTO ALTERNATIVO INDÍGENA Y SOCIAL ""MAIS""";2
COMBITA;Delfir Sanchez Higuera;PARTIDO CONSERVADOR COLOMBIANO;1
COMBITA;Laura Milena Dottor Piraneque;"MOVIMIENTO ALTERNATIVO INDÍGENA Y SOCIAL ""MAIS""";1
COMBITA;Yeny Paola Salas Suarez;PARTIDO POLÍTICO LA FUERZA DE LA PAZ;1
COPER;Johnnatan Castañeda Mora;PARTIDO CENTRO DEMOCRÁTICO;174
COPER;Chayanne Yesid Carrillo;PARTIDO ALIANZA VERDE;173
COPER;Yazmin Adelia Piraquive Villamil;PARTIDO CONSERVADOR COLOMBIANO;167
COPER;Luis Ovidio Sanchez Fraile;PARTIDO POLÍTICO DIGNIDAD & COMPROMISO;161
COPER;Plinio Elver Ramirez Moreno;PARTIDO ALIANZA VERDE;141
COPER;Maira Fernanda Angulo Carvajal;PARTIDO ALIANZA VERDE;138
COPER;Jose Joaquin Umaña;PARTIDO CAMBIO RADICAL;131
COPER;Jeferson Mauricio Peña Ballen;PARTIDO POLÍTICO DIGNIDAD & COMPROMISO;125
COPER;Kevin Felipe Castellanos Rodriguez;PARTIDO DE LA UNIÓN POR LA GENTE - PARTIDO DE LA U;114
COPER;Niyan Andrea Merchan Barrantes;PARTIDO VERDE OXÍGENO;106
COPER;Alvaro Avila Aldana;PARTIDO POLÍTICO DIGNIDAD & COMPROMISO;105
COPER;Elba Garcia Ortiz;PARTIDO CONSERVADOR COLOMBIANO;104
COPER;Leidy Johana Murcia Diaz;PARTIDO POLÍTICO DIGNIDAD & COMPROMISO;88
COPER;Javier Cristobal Rodriguez Torres;PARTIDO VERDE OXÍGENO;68
COPER;Luz Mery Gambino Sanchez;PARTIDO CAMBIO RADICAL;50
COPER;Jose Celimo Robayo Diaz;PARTIDO ALIANZA VERDE;49
COPER;Wilmer Ricardo Cabanzo Quiñones;PARTIDO CENTRO DEMOCRÁTICO;46
COPER;Luis Rolando Sierra Saza;PARTIDO DE LA UNIÓN POR LA GENTE - PARTIDO DE LA U;44
COPER;Adolfo Pachon;PARTIDO CAMBIO RADICAL;42
COPER;Dinael Villamil Villalobos;PARTIDO CENTRO DEMOCRÁTICO;41
COPER;Luz Aleida Cortes Villamil;PARTIDO VERDE OXÍGENO;34
COPER;Jhon Alexander Ramirez Santana;PARTIDO DE LA UNIÓN POR LA GENTE - PARTIDO DE LA U;33
COPER;Jonathan Arley Leon Medina;PARTIDO CONSERVADOR COLOMBIANO;33
COPER;Adriana Gisel Zambrano Barrantes;PARTIDO CAMBIO RADICAL;29
COPER;Efren Latorre Rincon;PARTIDO CAMBIO RADICAL;29
COPER;Sindy Fernanda Malaver Fresneda;PARTIDO POLÍTICO DIGNIDAD & COMPROMISO;21
COPER;Partido Conservador Colombiano;PARTIDO CONSERVADOR COLOMBIANO;18
COPER;Yeison Cortes Frisneda;PARTIDO CENTRO DEMOCRÁTICO;18
COPER;Leidy Dahariana Murcia Rodriguez;PARTIDO ALIANZA VERDE;16
COPER;Antonio Ericindo Guzman Rodriguez;PARTIDO CAMBIO RADICAL;15
COPER;Victor Basilio Torres Buitrago;PARTIDO CONSERVADOR COLOMBIANO;13
COPER;Jose Yesid Molina Rodriguez;PARTIDO CONSERVADOR COLOMBIANO;12
COPER;Partido Alianza Verde;PARTIDO ALIANZA VERDE;12
COPER;Laura Vanessa Briceño Lozano;PARTIDO DE LA UNIÓN POR LA GENTE - PARTIDO DE LA U;11
COPER;Alvina Runza Suta;PARTIDO CENTRO DEMOCRÁTICO;9
COPER;Nubia Mayerly Parra Ortiz;PARTIDO CAMBIO RADICAL;9
COPER;Jersley Jhasbleidy Prieto Restrepo;PARTIDO DE LA UNIÓN POR LA GENTE - PARTIDO DE LA U;8
COPER;Partido Centro Democrático;PARTIDO CENTRO DEMOCRÁTICO;8
COPER;Sandra Patricia Murcia Pinilla;PARTIDO DE LA UNIÓN POR LA GENTE - PARTIDO DE LA U;8
COPER;Julian Andrey Gomez Fonseca;PARTIDO CONSERVADOR COLOMBIANO;7
COPER;Partido Cambio Radical;PARTIDO CAMBIO RADICAL;7
COPER;Regulo Amadeo Moreno Garcia;PARTIDO DE LA UNIÓN POR LA GENTE - PARTIDO DE LA U;6
COPER;Nubia Santana Martinez;PARTIDO CENTRO DEMOCRÁTICO;5
COPER;Partido Verde Oxígeno;PARTIDO VERDE OXÍGENO;5
COPER;Dora Yamile Rincon Rincon;PARTIDO ALIANZA VERDE;4
COPER;Partido De La Unión Por La Gente - Partido De La U;PARTIDO DE LA UNIÓN POR LA GENTE - PARTIDO DE LA U;2
COPER;Partido Político Dignidad & Compromiso;PARTIDO POLÍTICO DIGNIDAD & COMPROMISO;2
COPER;Yury Teresa Torres Bernal;PARTIDO CENTRO DEMOCRÁTICO;2
CORRALES;Helber Giovany Acero Gil;PARTIDO CONSERVADOR COLOMBIANO;196
CORRALES;Maryluna Botia Camacho;PARTIDO DE LA UNIÓN POR LA GENTE - PARTIDO DE LA U;193
CORRALES;Luisa Torres Agudelo;PARTIDO CONSERVADOR COLOMBIANO;184
CORRALES;Andres Felipe Rojas Gil;PARTIDO ALIANZA VERDE;176
CORRALES;Deysy Smith Caro Acero;PARTIDO DE LA UNIÓN POR LA GENTE - PARTIDO DE LA U;150
CORRALES;Edison Alexander Gonzalez Fracica;PARTIDO CONSERVADOR COLOMBIANO;141
CORRALES;Ivan Angarita Montañez;PARTIDO CONSERVADOR COLOMBIANO;116
CORRALES;Gloria Maria Agudelo Guevara;PARTIDO ALIANZA VERDE;106
CORRALES;Henry Alberto Torres Perez;PARTIDO CONSERVADOR COLOMBIANO;104
CORRALES;Yeny Viviana Farasica Rojas;PARTIDO ALIANZA VERDE;75
CORRALES;Jose Silvino Fonseca Cardenas;PARTIDO ALIANZA VERDE;66
CORRALES;Julieth Alejandra Espitia Ricaurte;PARTIDO ALIANZA VERDE;64
CORRALES;Cesar Ivan Naranjo Torres;PARTIDO DE LA UNIÓN POR LA GENTE - PARTIDO DE LA U;59
CORRALES;Luis Humberto Gonzalez Gomez;PARTIDO DE LA UNIÓN POR LA GENTE - PARTIDO DE LA U;59
CORRALES;Jose Del Carmen Colmenares Guevara;PARTIDO DE LA UNIÓN POR LA GENTE - PARTIDO DE LA U;39
CORRALES;Astrid Dayana Leon Rojas;PARTIDO DE LA UNIÓN POR LA GENTE - PARTIDO DE LA U;29
CORRALES;Yuly Constanza Perez Beltran;PARTIDO ALIANZA VERDE;27
CORRALES;Deysy Tatiana Vargas Parra;PARTIDO CONSERVADOR COLOMBIANO;21
CORRALES;Jairo Leonel Torres Cely;PARTIDO DE LA UNIÓN POR LA GENTE - PARTIDO DE LA U;20
CORRALES;Partido Conservador Colombiano;PARTIDO CONSERVADOR COLOMBIANO;20
CORRALES;Andres Santiago Albarracin Ricaurte;PARTIDO ALIANZA VERDE;18
CORRALES;Angela Marcela Torres Acero;PARTIDO CONSERVADOR COLOMBIANO;16
CORRALES;Partido Alianza Verde;PARTIDO ALIANZA VERDE;8
CORRALES;Partido De La Unión Por La Gente - Partido De La U;PARTIDO DE LA UNIÓN POR LA GENTE - PARTIDO DE LA U;5
COVARACHIA;Jorge Adriano Aparicio Quintero;PARTIDO CONSERVADOR COLOMBIANO;248
COVARACHIA;Cesar David Patiño Chaparro;"PARTIDO ALIANZA SOCIAL INDEPENDIENTE ""ASI""";239
COVARACHIA;Ubirley Blanco Siza;PARTIDO POLO DEMOCRÁTICO ALTERNATIVO;184
COVARACHIA;Elkin Jobany Laso Poveda;PARTIDO ALIANZA VERDE;169
COVARACHIA;Diego Fernando Sanabria Aparicio;PARTIDO CONSERVADOR COLOMBIANO;146
COVARACHIA;Luz Angela Lopez;PARTIDO CAMBIO RADICAL;146
COVARACHIA;Luis Alfonso Camacho Tellez;PARTIDO ALIANZA VERDE;128
COVARACHIA;German Cuevas Riaño;"PARTIDO ALIANZA SOCIAL INDEPENDIENTE ""ASI""";124
COVARACHIA;Luis Alberto Sequera Aparicio;PARTIDO POLO DEMOCRÁTICO ALTERNATIVO;124
COVARACHIA;Luis Felipe Forero Alvarez;PARTIDO POLO DEMOCRÁTICO ALTERNATIVO;118
COVARACHIA;Virgilio Colmenares Palencia;PARTIDO POLO DEMOCRÁTICO ALTERNATIVO;104
COVARACHIA;Jorge Armando Salazar Hernandez;"MOVIMIENTO ALTERNATIVO INDÍGENA Y SOCIAL ""MAIS""";83
COVARACHIA;Angel Yoinder Florez Goyeneche;"MOVIMIENTO ALTERNATIVO INDÍGENA Y SOCIAL ""MAIS""";82
COVARACHIA;Miguel Angel Riaño Moreno;"MOVIMIENTO ALTERNATIVO INDÍGENA Y SOCIAL ""MAIS""";81
COVARACHIA;Maribel Palencia Mojica;PARTIDO POLO DEMOCRÁTICO ALTERNATIVO;74
COVARACHIA;Raul Mendoza Aparicio;PARTIDO LIBERAL COLOMBIANO;71
COVARACHIA;Raul Florez Hernandez;PARTIDO ALIANZA VERDE;68
COVARACHIA;Yeison Danilo Castro Barrera;PARTIDO LIBERAL COLOMBIANO;62
COVARACHIA;Yessica Paola Vergara Roa;PARTIDO POLO DEMOCRÁTICO ALTERNATIVO;61
COVARACHIA;Cristian Danilo Chaparro Camacho;"MOVIMIENTO ALTERNATIVO INDÍGENA Y SOCIAL ""MAIS""";53
COVARACHIA;Alirio Salamanca Salazar;PARTIDO ALIANZA VERDE;38
COVARACHIA;Miguel Rincon Sisa;PARTIDO LIBERAL COLOMBIANO;34
COVARACHIA;Nidia Yanitza Florez;"PARTIDO ALIANZA SOCIAL INDEPENDIENTE ""ASI""";23
COVARACHIA;Partido Alianza Verde;PARTIDO ALIANZA VERDE;22
COVARACHIA;Partido Polo Democrático Alternativo;PARTIDO POLO DEMOCRÁTICO ALTERNATIVO;17
COVARACHIA;Luis Hernando Torres Tibaduiza;PARTIDO CAMBIO RADICAL;15
COVARACHIA;Paula Andrea Duran Cardenas;"PARTIDO ALIANZA SOCIAL INDEPENDIENTE ""ASI""";11
COVARACHIA;Martha Ines Corzo Mariño;PARTIDO CAMBIO RADICAL;9
COVARACHIA;Cleyber Adrian Riaño Castro;PARTIDO LIBERAL COLOMBIANO;8
COVARACHIA;"Movimiento Alternativo Indígena Y Social ""Mais""";"MOVIMIENTO ALTERNATIVO INDÍGENA Y SOCIAL ""MAIS""";7
COVARACHIA;"Partido Alianza Social Independiente ""Asi""";"PARTIDO ALIANZA SOCIAL INDEPENDIENTE ""ASI""";7
COVARACHIA;Partido Conservador Colombiano;PARTIDO CONSERVADOR COLOMBIANO;7
COVARACHIA;Partido De La Unión Por La Gente - Partido De La U;PARTIDO DE LA UNIÓN POR LA GENTE - PARTIDO DE LA U;7
COVARACHIA;Partido Cambio Radical;PARTIDO CAMBIO RADICAL;6
COVARACHIA;Sandra Aracely Velandia;"MOVIMIENTO ALTERNATIVO INDÍGENA Y SOCIAL ""MAIS""";5
COVARACHIA;Emilia Yarid Garcia Siza;PARTIDO DE LA UNIÓN POR LA GENTE - PARTIDO DE LA U;4
COVARACHIA;Luzdary Bohorquez Martinez;PARTIDO POLO DEMOCRÁTICO ALTERNATIVO;4
COVARACHIA;Adriana Carolina Garcia Pinto;PARTIDO ALIANZA VERDE;3
COVARACHIA;Diana Milena Poblador Niño;PARTIDO LIBERAL COLOMBIANO;3
COVARACHIA;Elsa Lucia Buitrago Silva;PARTIDO LIBERAL COLOMBIANO;3
COVARACHIA;Hernan Ortiz Gualdron;"PARTIDO ALIANZA SOCIAL INDEPENDIENTE ""ASI""";3
COVARACHIA;Jhon Edinson Soto Merchan;PARTIDO CONSERVADOR COLOMBIANO;3
COVARACHIA;Maria Del Carmen Suarez Mayorga;"PARTIDO ALIANZA SOCIAL INDEPENDIENTE ""ASI""";3
COVARACHIA;Maria Eugenia Palencia Patiño;PARTIDO CAMBIO RADICAL;3
COVARACHIA;Nancy Rocio Adarme Rivera;PARTIDO ALIANZA VERDE;3
COVARACHIA;Partido Liberal Colombiano;PARTIDO LIBERAL COLOMBIANO;3
COVARACHIA;Alvaro Antonio Niño;PARTIDO DE LA UNIÓN POR LA GENTE - PARTIDO DE LA U;2
COVARACHIA;Campo Elias Duran Corso;PARTIDO CONSERVADOR COLOMBIANO;2
COVARACHIA;Gustavo Florez Toloza;PARTIDO CAMBIO RADICAL;2
COVARACHIA;Ivan Dario Ruiz Castañeda;PARTIDO DE LA UNIÓN POR LA GENTE - PARTIDO DE LA U;2
COVARACHIA;Jose Albeiro Delgado Martinez;PARTIDO CAMBIO RADICAL;2
COVARACHIA;Blanca Maria Tellez Pinto;PARTIDO CAMBIO RADICAL;1
COVARACHIA;Custodia Pinto Monsalve;PARTIDO CONSERVADOR COLOMBIANO;1
COVARACHIA;Heidy Tatiana Diaz Lasso;PARTIDO DE LA UNIÓN POR LA GENTE - PARTIDO DE LA U;1
COVARACHIA;Johanna Marcela Trujillo Garzon;"MOVIMIENTO ALTERNATIVO INDÍGENA Y SOCIAL ""MAIS""";1
COVARACHIA;Lucy Castañeda Ayala;"PARTIDO ALIANZA SOCIAL INDEPENDIENTE ""ASI""";1
COVARACHIA;Luis Gundy Adarme Lizarazo;PARTIDO DE LA UNIÓN POR LA GENTE - PARTIDO DE LA U;1
COVARACHIA;Yeny Lucero Pinto Vega;PARTIDO CONSERVADOR COLOMBIANO;1
COVARACHIA;Yesica Liliana Correa Niño;PARTIDO ALIANZA VERDE;1
CUBARA;Heibar Jose Garcia Sanchez;PARTIDO LIBERAL COLOMBIANO;268
CUBARA;William Ignacio Bernal Vargas;PARTIDO CONSERVADOR COLOMBIANO;246
CUBARA;Jose Edilberto Alonso Lopez;PARTIDO LIBERAL COLOMBIANO;216
CUBARA;Omar Becerra Mora;PARTIDO CONSERVADOR COLOMBIANO;189
CUBARA;Luis Julio Rubio Peña;"MOVIMIENTO ALTERNATIVO INDÍGENA Y SOCIAL ""MAIS""";163
CUBARA;Paula Andrea Vargas Tegria;"MOVIMIENTO ALTERNATIVO INDÍGENA Y SOCIAL ""MAIS""";163
CUBARA;Pedro Ivan Chaparro Aponte;PARTIDO CONSERVADOR COLOMBIANO;160
CUBARA;Angie Daniela Suescun Medina;PARTIDO LIBERAL COLOMBIANO;138
CUBARA;Pascual Mendoza Vera;"MOVIMIENTO ALTERNATIVO INDÍGENA Y SOCIAL ""MAIS""";124
CUBARA;Claudia Patricia Cobaria Bocota;"MOVIMIENTO ALTERNATIVO INDÍGENA Y SOCIAL ""MAIS""";120
CUBARA;Ferney Pacheco;PARTIDO ALIANZA VERDE;117
CUBARA;Fabio Tegria Uncaria;"MOVIMIENTO ALTERNATIVO INDÍGENA Y SOCIAL ""MAIS""";114
CUBARA;Orlando Ramirez Leal;PARTIDO ALIANZA VERDE;99
CUBARA;Blanca Doris Gereda Mora;PARTIDO ALIANZA VERDE;88
CUBARA;Luz Celia Aguirre Montañez;PARTIDO CONSERVADOR COLOMBIANO;86
CUBARA;Sandra Patricia Rincon;PARTIDO CONSERVADOR COLOMBIANO;79
CUBARA;Marina Aponte Torres;PARTIDO LIBERAL COLOMBIANO;70
CUBARA;Edna Shirley Hernandez Mora;PARTIDO LIBERAL COLOMBIANO;69
CUBARA;Luis Francisco Tarazona Cobaria;PARTIDO CONSERVADOR COLOMBIANO;59
CUBARA;Natan Saenz Buitrago;"MOVIMIENTO ALTERNATIVO INDÍGENA Y SOCIAL ""MAIS""";57
CUBARA;Saul Sanchez Leal;PARTIDO LIBERAL COLOMBIANO;56
CUBARA;"Movimiento Alternativo Indígena Y Social ""Mais""";"MOVIMIENTO ALTERNATIVO INDÍGENA Y SOCIAL ""MAIS""";52
CUBARA;Maria Consuelo Sierra Palacio;PARTIDO CONSERVADOR COLOMBIANO;48
CUBARA;Ruby Esperanza Mendoza;PARTIDO LIBERAL COLOMBIANO;46
CUBARA;Partido Conservador Colombiano;PARTIDO CONSERVADOR COLOMBIANO;41
CUBARA;Partido Liberal Colombiano;PARTIDO LIBERAL COLOMBIANO;40
CUBARA;Jenny Johana Ocampo Vera;PARTIDO CONSERVADOR COLOMBIANO;39
CUBARA;Isbelia Berbesi Villamizar;PARTIDO ALIANZA VERDE;37
CUBARA;Osman Yesid Duarte Pabon;PARTIDO ALIANZA VERDE;35
CUBARA;Wachuru Tegria Tegria;"MOVIMIENTO ALTERNATIVO INDÍGENA Y SOCIAL ""MAIS""";25
CUBARA;Jose Felicitas Caicedo Sanchez;PARTIDO LIBERAL COLOMBIANO;21
CUBARA;Partido Alianza Verde;PARTIDO ALIANZA VERDE;12
CUBARA;Nelson Duvan Gamboa Serrano;PARTIDO CONSERVADOR COLOMBIANO;6
CUBARA;Haymeth Raisaya Tegria Uncaria;"MOVIMIENTO ALTERNATIVO INDÍGENA Y SOCIAL ""MAIS""";4
CUCAITA;Rosa Elvira Sierra Alvarado;"MOVIMIENTO ALTERNATIVO INDÍGENA Y SOCIAL ""MAIS""";267
CUCAITA;Daniel Alejandro Vanegas Toba;"MOVIMIENTO ALTERNATIVO INDÍGENA Y SOCIAL ""MAIS""";264
CUCAITA;Carlos Enrique Castellanos Reyes;PARTIDO ALIANZA VERDE;235
CUCAITA;Ivan Andres Gil Niño;"MOVIMIENTO ALTERNATIVO INDÍGENA Y SOCIAL ""MAIS""";213
CUCAITA;Orlando Moreno Bastidas;"MOVIMIENTO ALTERNATIVO INDÍGENA Y SOCIAL ""MAIS""";209
CUCAITA;Javier Enrique Niño Borda;PARTIDO CONSERVADOR COLOMBIANO;200
CUCAITA;Hector Alfonso Garcia Niño;"MOVIMIENTO ALTERNATIVO INDÍGENA Y SOCIAL ""MAIS""";170
CUCAITA;Enid Margaret Ovalle Salazar;PARTIDO CONSERVADOR COLOMBIANO;128
CUCAITA;Marco Heli Robles Alba;"PARTIDO ALIANZA SOCIAL INDEPENDIENTE ""ASI""";123
CUCAITA;Carlos Eduardo Contador Florez;PARTIDO CONSERVADOR COLOMBIANO;116
CUCAITA;Andrea Patricia Espitia Paez;"MOVIMIENTO ALTERNATIVO INDÍGENA Y SOCIAL ""MAIS""";102
CUCAITA;Agustin Vanegas Otalora;PARTIDO ALIANZA VERDE;100
CUCAITA;Nelson Enrique Lopez Robles;"PARTIDO ALIANZA SOCIAL INDEPENDIENTE ""ASI""";80
CUCAITA;Luis Gerardo Castillo Bautista;PARTIDO LIBERAL COLOMBIANO;78
CUCAITA;Jose Henry Rodriguez Chavarria;"PARTIDO ALIANZA SOCIAL INDEPENDIENTE ""ASI""";50
CUCAITA;Hector Julio Borda Parra;"PARTIDO ALIANZA SOCIAL INDEPENDIENTE ""ASI""";49
CUCAITA;Jose Alexander Gil Rodriguez;PARTIDO CONSERVADOR COLOMBIANO;41
CUCAITA;Karen Yulith Ramirez Niño;PARTIDO CONSERVADOR COLOMBIANO;41
CUCAITA;Carlos Alberto Coy Tovar;PARTIDO ALIANZA VERDE;40
CUCAITA;"Movimiento Alternativo Indígena Y Social ""Mais""";"MOVIMIENTO ALTERNATIVO INDÍGENA Y SOCIAL ""MAIS""";25
CUCAITA;Diana Rocio Vanegas Munevar;PARTIDO LIBERAL COLOMBIANO;23
CUCAITA;Edison Camilo Garcia Buitrago;PARTIDO LIBERAL COLOMBIANO;19
CUCAITA;Jorge Eduardo Borda Daza;PARTIDO CONSERVADOR COLOMBIANO;19
CUCAITA;Luisa Fernanda Largo Morales;PARTIDO ALIANZA VERDE;18
CUCAITA;Partido Conservador Colombiano;PARTIDO CONSERVADOR COLOMBIANO;17
CUCAITA;Partido Alianza Verde;PARTIDO ALIANZA VERDE;15
CUCAITA;Derly Catherin Alarcon Beltran;"MOVIMIENTO ALTERNATIVO INDÍGENA Y SOCIAL ""MAIS""";14
CUCAITA;Victor Elias Joya Camargo;PARTIDO LIBERAL COLOMBIANO;13
CUCAITA;Luis Orlando Cely Buitrago;PARTIDO ALIANZA VERDE;12
CUCAITA;Daily Lorena Quiroga Navas;PARTIDO ALIANZA VERDE;11
CUCAITA;Marco Abel Larotta;PARTIDO LIBERAL COLOMBIANO;11
CUCAITA;Ingrid Tatiana Ruiz Hurtado;"PARTIDO ALIANZA SOCIAL INDEPENDIENTE ""ASI""";10
CUCAITA;"Partido Alianza Social Independiente ""Asi""";"PARTIDO ALIANZA SOCIAL INDEPENDIENTE ""ASI""";10
CUCAITA;Maria Victoria Ruth Echeverria Alba;"PARTIDO ALIANZA SOCIAL INDEPENDIENTE ""ASI""";9
CUCAITA;Partido Liberal Colombiano;PARTIDO LIBERAL COLOMBIANO;9
CUCAITA;Dayana Alexandra Reyes Lopez;PARTIDO LIBERAL COLOMBIANO;1
CUITIVA;Edixon Yair Vargas Perez;PARTIDO DE LA UNIÓN POR LA GENTE - PARTIDO DE LA U;144
CUITIVA;Jairo Edwin Suarez Correa;PARTIDO ALIANZA VERDE;131
CUITIVA;Wilmer Fabian Toca Macias;PARTIDO ALIANZA VERDE;119
CUITIVA;Yined Milady Preciado Cruz;"MOVIMIENTO ALTERNATIVO INDÍGENA Y SOCIAL ""MAIS""";116
CUITIVA;Juan Camilo Gutierrez Amezquita;PARTIDO LIBERAL COLOMBIANO;85
CUITIVA;Sebastian Alfonso Urbano;PARTIDO CONSERVADOR COLOMBIANO;80
CUITIVA;Lina Marcela Tobon Cepeda;PARTIDO LIBERAL COLOMBIANO;79
CUITIVA;Edwar Jovanny Morales Fonseca;"MOVIMIENTO ALTERNATIVO INDÍGENA Y SOCIAL ""MAIS""";73
CUITIVA;Sergio Afanador;"MOVIMIENTO ALTERNATIVO INDÍGENA Y SOCIAL ""MAIS""";70
CUITIVA;Irma Yurani Suarez Correa;"MOVIMIENTO ALTERNATIVO INDÍGENA Y SOCIAL ""MAIS""";66
CUITIVA;Nairo Yesid Vargas Diaz;PARTIDO LIBERAL COLOMBIANO;57
CUITIVA;Luis Gerardo Chaparro Rodriguez;PARTIDO LIBERAL COLOMBIANO;51
CUITIVA;Camilo Andres Gavidia Suarez;PARTIDO LIBERAL COLOMBIANO;49
CUITIVA;Jorge Espinel Rodriguez;PARTIDO DE LA UNIÓN POR LA GENTE - PARTIDO DE LA U;41
CUITIVA;Flor Angela Suarez Suarez;PARTIDO CONSERVADOR COLOMBIANO;30
CUITIVA;Daniel Fabian Fuquen Barinas;PARTIDO CONSERVADOR COLOMBIANO;29
CUITIVA;Sandra Patricia Parra Preciado;PARTIDO CONSERVADOR COLOMBIANO;29
CUITIVA;Auli De Jesus Suarez Suarez;PARTIDO CONSERVADOR COLOMBIANO;23
CUITIVA;Yecid Gilberto Moncada Moreno;PARTIDO ALIANZA VERDE;21
CUITIVA;John Jairo Barrera Guzman;"MOVIMIENTO ALTERNATIVO INDÍGENA Y SOCIAL ""MAIS""";17
CUITIVA;Carol Yulied Cubides Moreno;PARTIDO LIBERAL COLOMBIANO;16
CUITIVA;Jose Misael Umba Parra;PARTIDO DE LA UNIÓN POR LA GENTE - PARTIDO DE LA U;13
CUITIVA;Partido Liberal Colombiano;PARTIDO LIBERAL COLOMBIANO;13
CUITIVA;Alfredo Morales Rincon;PARTIDO ALIANZA VERDE;8
CUITIVA;Martha Lucia Ayala;PARTIDO DE LA UNIÓN POR LA GENTE - PARTIDO DE LA U;8
CUITIVA;"Movimiento Alternativo Indígena Y Social ""Mais""";"MOVIMIENTO ALTERNATIVO INDÍGENA Y SOCIAL ""MAIS""";8
CUITIVA;Abel Penagos Piragauta;PARTIDO CONSERVADOR COLOMBIANO;7
CUITIVA;Leady Patricia Chaparro Piragauta;PARTIDO LIBERAL COLOMBIANO;7
CUITIVA;Partido Conservador Colombiano;PARTIDO CONSERVADOR COLOMBIANO;6
CUITIVA;Marta Cecilia Trujillo Trujillo;"MOVIMIENTO ALTERNATIVO INDÍGENA Y SOCIAL ""MAIS""";5
CUITIVA;Partido Alianza Verde;PARTIDO ALIANZA VERDE;5
CUITIVA;Partido De La Unión Por La Gente - Partido De La U;PARTIDO DE LA UNIÓN POR LA GENTE - PARTIDO DE LA U;5
CUITIVA;Yuli Andrea Suarez Correa;PARTIDO DE LA UNIÓN POR LA GENTE - PARTIDO DE LA U;3
CUITIVA;Constanza Mabel Correa Correa;PARTIDO CONSERVADOR COLOMBIANO;2
CUITIVA;Flor Alba Amaya;PARTIDO DE LA UNIÓN POR LA GENTE - PARTIDO DE LA U;2
CUITIVA;Jeimy Andrea Diaz Rivera;PARTIDO ALIANZA VERDE;2
CUITIVA;Nancy Yamile Garcia Correa;PARTIDO ALIANZA VERDE;1
DUITAMA;Leonardo Andres Joya Niño;PARTIDO LIBERAL COLOMBIANO;914
DUITAMA;Julian Andres Gomez Martinez;PARTIDO CAMBIO RADICAL;853
DUITAMA;Hector Julio Rodriguez Sierra;COALICION PARTIDO DE LA U- PARTIDO POLITICO MIRA;849
DUITAMA;Juan Felipe Mejia Romero;PARTIDO NUEVO LIBERALISMO;815
DUITAMA;Francisco Javier Garcia Castañeda;PARTIDO CONSERVADOR COLOMBIANO;814
DUITAMA;Josue Daniel Cristiano Jacome;PARTIDO ALIANZA VERDE;793
DUITAMA;William Flechas Gomez;PARTIDO CAMBIO RADICAL;749
DUITAMA;Guillermo Andres Reyes Martinez;PARTIDO CONSERVADOR COLOMBIANO;747
DUITAMA;Serafin Infante Peña;PARTIDO CONSERVADOR COLOMBIANO;736
DUITAMA;Jeison Javier Cely Rincon;PARTIDO CAMBIO RADICAL;735
DUITAMA;Fernando Alfonso Bayona Rincon;PACTO HISTORICO;691
DUITAMA;Paula Yaneth Cerinza Ricaurte;PARTIDO VERDE OXÍGENO;687
DUITAMA;Jose Luis Gil Sosa;PARTIDO ALIANZA VERDE;663
DUITAMA;Jorge Eliecer Diaz Mateus;MOVIMIENTO SALVACIÓN NACIONAL;660
DUITAMA;Hector Ricardo Rivera Gomez;PARTIDO VERDE OXÍGENO;648
DUITAMA;Ana Jeannette Torres Rueda;PARTIDO VERDE OXÍGENO;637
DUITAMA;Marco Alonso Rincon Albarracin;PARTIDO CAMBIO RADICAL;630
DUITAMA;Jorge Luis Montañez Becerra;PARTIDO LIBERAL COLOMBIANO;622
DUITAMA;Duvan Mauricio Quesada Soler;PARTIDO ALIANZA VERDE;612
DUITAMA;David Santiago Piza Reyes;PARTIDO CONSERVADOR COLOMBIANO;584
DUITAMA;Henry Eulogio Quintana Torres;PARTIDO LIBERAL COLOMBIANO;576
DUITAMA;Rolando Puerto Granados;PARTIDO NUEVO LIBERALISMO;570
DUITAMA;Diego Joaquin Silva Medina;PARTIDO LIBERAL COLOMBIANO;550
DUITAMA;Carlos Fabian Rojas Alvarado;PARTIDO LIBERAL COLOMBIANO;548
DUITAMA;Julio Enrique Salcedo Lopez;PARTIDO ALIANZA VERDE;543
DUITAMA;Nimrod Alexander Zambrano Adame;"PARTIDO ALIANZA SOCIAL INDEPENDIENTE ""ASI""";542
DUITAMA;Pacto Historico;PACTO HISTORICO;541
DUITAMA;Anyi Dahiana Becerra Becerra;PARTIDO ALIANZA VERDE;539
DUITAMA;Melissa Alejandra Gonzalez Mendivelso;PARTIDO CAMBIO RADICAL;536
DUITAMA;Olinto Rodriguez Silva;PARTIDO CAMBIO RADICAL;519
DUITAMA;Wilman Alonso Becerra Guecha;PARTIDO LIBERAL COLOMBIANO;516
DUITAMA;Orlando Rodriguez Rodriguez;PARTIDO CONSERVADOR COLOMBIANO;512
DUITAMA;Neil Edwin Mauricio Avella Gonzalez;PARTIDO ALIANZA VERDE;482
DUITAMA;Diana Marcela Aldana Salazar;PARTIDO ALIANZA VERDE;469
DUITAMA;Eduardo Alexander Sandoval Rojas;PARTIDO POLÍTICO GENTE EN MOVIMIENTO;448
DUITAMA;Juan Manuel Valderrama Hernandez;"PARTIDO ALIANZA SOCIAL INDEPENDIENTE ""ASI""";433
DUITAMA;Cesar Dario Rangel Ramirez;PARTIDO CAMBIO RADICAL;424
DUITAMA;Manuel Ricardo Parra Vargas;PARTIDO ALIANZA VERDE;414
DUITAMA;Angie Milena Archila Orduz;"PARTIDO ALIANZA SOCIAL INDEPENDIENTE ""ASI""";408
DUITAMA;Luis Miguel Colmenares Becerra;PARTIDO LIBERAL COLOMBIANO;408
DUITAMA;Oscar Jovany Benitez Niño;PARTIDO CONSERVADOR COLOMBIANO;403
DUITAMA;Juan Felipe Rojas Sepulveda;MOVIMIENTO SALVACIÓN NACIONAL;394
DUITAMA;Ronald Franccesco Puentes Leon;PARTIDO POLO DEMOCRÁTICO ALTERNATIVO;394
DUITAMA;Camilo Andres Meneses Cuervo;"PARTIDO ALIANZA SOCIAL INDEPENDIENTE ""ASI""";390
DUITAMA;William Ernesto Ayala Ayala;PARTIDO CAMBIO RADICAL;390
DUITAMA;Richard Yamid Diaz Concicion;PARTIDO ALIANZA VERDE;383
DUITAMA;Raul Pinzon Blanco;PARTIDO VERDE OXÍGENO;372
DUITAMA;Ader Leonidas Morales Matallana;"MOVIMIENTO ALTERNATIVO INDÍGENA Y SOCIAL ""MAIS""";370
DUITAMA;Edisson Leandro Adame Gomez;PACTO HISTORICO;368
DUITAMA;Jose Roberto Cely Pava;MOVIMIENTO SALVACIÓN NACIONAL;355
DUITAMA;Cristhian Leonardo Becerra Daza;PACTO HISTORICO;351
DUITAMA;Carlos Alfredo Dehaquiz Infante;PARTIDO NUEVO LIBERALISMO;349
DUITAMA;Partido Alianza Verde;PARTIDO ALIANZA VERDE;347
DUITAMA;Camilo Alejandro Tamara Puerto;PACTO HISTORICO;344
DUITAMA;Augusto Cardenas Leon;PARTIDO POLÍTICO GENTE EN MOVIMIENTO;342
DUITAMA;John Fredy Gallo Miranda;PARTIDO LIBERAL COLOMBIANO;332
DUITAMA;Farid Nicolas Chavez Rodriguez;PACTO HISTORICO;325
DUITAMA;Derlin Astrid Guerrero Riaño;PARTIDO ALIANZA VERDE;314
DUITAMA;Milton Ricardo Lopez Pacheco;"PARTIDO ALIANZA SOCIAL INDEPENDIENTE ""ASI""";311
DUITAMA;Rafael Antonio Cristancho Patarroyo;PARTIDO VERDE OXÍGENO;296
DUITAMA;Luis Arcadio Corredor Lagos;PARTIDO VERDE OXÍGENO;286
DUITAMA;Andry Yiseth Ortegon Castro;PARTIDO POLO DEMOCRÁTICO ALTERNATIVO;275
DUITAMA;Yoneider Alvarez Moreno;PARTIDO VERDE OXÍGENO;274
DUITAMA;Jhon Fredy Tiria Martinez;"PARTIDO ALIANZA SOCIAL INDEPENDIENTE ""ASI""";273
DUITAMA;Jorge Ernesto Reyes Becerra;PACTO HISTORICO;268
DUITAMA;Yeimy Yulieth Salamanca Martinez;PARTIDO CAMBIO RADICAL;266
DUITAMA;Yeison Uriel Ardila Mejia;MOVIMIENTO SALVACIÓN NACIONAL;266
DUITAMA;Ghorghe Mateo Manrique Lopez;"MOVIMIENTO ALTERNATIVO INDÍGENA Y SOCIAL ""MAIS""";259
DUITAMA;Jose Alirio Paez Velandia;PARTIDO CAMBIO RADICAL;257
DUITAMA;Adriana Isabel Plata Gonzalez;PARTIDO CAMBIO RADICAL;256
DUITAMA;Alirio Rincon Gonzalez;PARTIDO ALIANZA VERDE;250
DUITAMA;Edilberto Bolivar Becerra;PARTIDO CAMBIO RADICAL;249
DUITAMA;Nancy Stella Martinez Bohorquez;MOVIMIENTO SALVACIÓN NACIONAL;239
DUITAMA;Nidian Rocio Velandia Romero;PARTIDO LIBERAL COLOMBIANO;238
DUITAMA;Pedro Emilio Merchan Flechas;PARTIDO VERDE OXÍGENO;238
DUITAMA;Jorge Humberto Manrique Puerto;PARTIDO POLÍTICO GENTE EN MOVIMIENTO;236
DUITAMA;William Fernando Gonzalez Tobo;PARTIDO LIBERAL COLOMBIANO;236
DUITAMA;Partido Liberal Colombiano;PARTIDO LIBERAL COLOMBIANO;228
DUITAMA;Jose Mauricio Buitrago Rivera;PARTIDO CONSERVADOR COLOMBIANO;226
DUITAMA;Jose Felix Taita Camargo;PARTIDO VERDE OXÍGENO;224
DUITAMA;Daniel Enrique Vargas Villar;PARTIDO ALIANZA VERDE;222
DUITAMA;Elkin Carrillo Solano;"PARTIDO ALIANZA SOCIAL INDEPENDIENTE ""ASI""";220
DUITAMA;Nestor Antonio Martinez Cely;PACTO HISTORICO;217
DUITAMA;Manuel Ignacio Mesa Aparicio;PACTO HISTORICO;215
DUITAMA;Jairo Alfonso Cuspoca Martinez;PARTIDO CAMBIO RADICAL;213
DUITAMA;Amanda Ivette Barbosa Serrano;PARTIDO LIBERAL COLOMBIANO;210
DUITAMA;Victor Enrique Jaimes Lopez;PARTIDO POLO DEMOCRÁTICO ALTERNATIVO;207
DUITAMA;Diana Maria Ruiz Cuspoca;PACTO HISTORICO;206
DUITAMA;Jeferson Dario Pineda Cadena;PARTIDO POLÍTICO GENTE EN MOVIMIENTO;205
DUITAMA;Jhonathan David Bustos Acevedo;"MOVIMIENTO ALTERNATIVO INDÍGENA Y SOCIAL ""MAIS""";201
DUITAMA;Luis Duitama Lagos;PARTIDO VERDE OXÍGENO;201
DUITAMA;Jonathan Alcala Galvis;PARTIDO NUEVO LIBERALISMO;200
DUITAMA;Leidy Marisol Pedraza Vivas;PARTIDO POLÍTICO GENTE EN MOVIMIENTO;198
DUITAMA;Luis Cilfredo Torres Hernandez;PARTIDO POLO DEMOCRÁTICO ALTERNATIVO;195
DUITAMA;Partido Cambio Radical;PARTIDO CAMBIO RADICAL;192
DUITAMA;Yeimi Katerine Cañon Diaz;"PARTIDO ALIANZA SOCIAL INDEPENDIENTE ""ASI""";185
DUITAMA;Yeny Avila Avila;PARTIDO CAMBIO RADICAL;185
DUITAMA;Fredy Renne Rincon Becerra;PARTIDO CONSERVADOR COLOMBIANO;184
DUITAMA;Cesar Augusto Barrera Barbosa;"MOVIMIENTO ALTERNATIVO INDÍGENA Y SOCIAL ""MAIS""";183
DUITAMA;Juan Esteban Cepeda Hernandez;PARTIDO LIBERAL COLOMBIANO;182
DUITAMA;Independientes;INDEPENDIENTES;180
DUITAMA;Vivian Lisseth Covo Castillo;PACTO HISTORICO;178
DUITAMA;Partido Nuevo Liberalismo;PARTIDO NUEVO LIBERALISMO;176
DUITAMA;Edinson Roberto Medina Higuera;"PARTIDO ALIANZA SOCIAL INDEPENDIENTE ""ASI""";171
DUITAMA;Partido Conservador Colombiano;PARTIDO CONSERVADOR COLOMBIANO;171
DUITAMA;Paulina Bustacara Garcia;"PARTIDO ALIANZA SOCIAL INDEPENDIENTE ""ASI""";171
DUITAMA;Francisco Celedonio Becerra Florez;"MOVIMIENTO ALTERNATIVO INDÍGENA Y SOCIAL ""MAIS""";170
DUITAMA;Julian Leonel Sierra Paredes;PARTIDO NUEVO LIBERALISMO;168
DUITAMA;Javier Granados Rios;"PARTIDO ALIANZA SOCIAL INDEPENDIENTE ""ASI""";167
DUITAMA;Heidy Viviana Sandoval Silva;PARTIDO LIBERAL COLOMBIANO;163
DUITAMA;Diana Carolina Rodriguez Tobos;PARTIDO ALIANZA VERDE;159
DUITAMA;Raul Rincon Ortiz;PARTIDO CONSERVADOR COLOMBIANO;158
DUITAMA;Luisa Fernanda Sierra Espejo;PARTIDO LIBERAL COLOMBIANO;156
DUITAMA;Miguel Angel Ciceri Niño;PARTIDO POLO DEMOCRÁTICO ALTERNATIVO;156
DUITAMA;Sandra Milena Puerto Velandia;PARTIDO CONSERVADOR COLOMBIANO;153
DUITAMA;Luis Miguel Gomez Martinez;"PARTIDO ALIANZA SOCIAL INDEPENDIENTE ""ASI""";149
DUITAMA;Juan Carlos Montañez Joya;PARTIDO ALIANZA VERDE;148
DUITAMA;Cesar Humberto Jaime Diaz;PARTIDO ALIANZA VERDE;146
DUITAMA;Omar Andres Torres Morantes;PARTIDO LIGA GOBERNANTES ANTICORRUPCIÓN - LIGA;144
DUITAMA;Carlos Humberto Salcedo Hernandez;COALICION PARTIDO DE LA U- PARTIDO POLITICO MIRA;143
DUITAMA;Cesar Augusto Rua Gallego;PACTO HISTORICO;143
DUITAMA;Raul Hernando Avila;PACTO HISTORICO;141
DUITAMA;Felipe Alberto Iza Alarcon;MOVIMIENTO SALVACIÓN NACIONAL;138
DUITAMA;Orlando Alexander Amezquita Rivera;PARTIDO NUEVO LIBERALISMO;138
DUITAMA;Andrea Del Pilar Diaz Virguez;PARTIDO NUEVO LIBERALISMO;137
DUITAMA;Oscar Antonio Becerra Reyes;PARTIDO NUEVO LIBERALISMO;136
DUITAMA;Dora Yaneth Cristancho Patiño;PARTIDO LIGA GOBERNANTES ANTICORRUPCIÓN - LIGA;135
DUITAMA;Lydia Yolanda Becerra Pacheco;PARTIDO ALIANZA VERDE;132
DUITAMA;Maria Fernanda Velandia Vargas;PARTIDO VERDE OXÍGENO;128
DUITAMA;Segundo Mariano Leon Sanchez;PARTIDO POLO DEMOCRÁTICO ALTERNATIVO;128
DUITAMA;Carlos Alfonso Nitola Camargo;"PARTIDO ALIANZA SOCIAL INDEPENDIENTE ""ASI""";124
DUITAMA;Leonardo Torres Arboleda;PACTO HISTORICO;124
DUITAMA;"Partido Alianza Social Independiente ""Asi""";"PARTIDO ALIANZA SOCIAL INDEPENDIENTE ""ASI""";123
DUITAMA;Patricia Pelaez Robayo;PARTIDO ALIANZA VERDE;123
DUITAMA;Diana Paola Chizaba Bolivar;PARTIDO LIBERAL COLOMBIANO;120
DUITAMA;Jose Alirio Diaz Riveros;PARTIDO POLO DEMOCRÁTICO ALTERNATIVO;119
DUITAMA;Dario Alfredo Peñuela Infante;MOVIMIENTO SALVACIÓN NACIONAL;118
DUITAMA;Cesar Uriel Vasquez Corredor;MOVIMIENTO SALVACIÓN NACIONAL;114
DUITAMA;Marly Naranjo Peña;PARTIDO VERDE OXÍGENO;114
DUITAMA;Nidia Patricia Panqueva Ariza;MOVIMIENTO SALVACIÓN NACIONAL;114
DUITAMA;Gloria Yolima Rativa Peña;PARTIDO NUEVO LIBERALISMO;111
DUITAMA;Jeisson Daniel Albarracin Medina;PARTIDO CAMBIO RADICAL;111
DUITAMA;Edgar Alfonso Fonseca Alarcon;PARTIDO POLO DEMOCRÁTICO ALTERNATIVO;108
DUITAMA;Nestor Miguel Fernandez Caceres;"MOVIMIENTO ALTERNATIVO INDÍGENA Y SOCIAL ""MAIS""";108
DUITAMA;Julio Abel Rojas Manosalva;COALICION PARTIDO DE LA U- PARTIDO POLITICO MIRA;107
DUITAMA;Julio Cesar Ortiz Galvis;PARTIDO POLO DEMOCRÁTICO ALTERNATIVO;107
DUITAMA;Edgar Orlando Sanabria Pinzon;"MOVIMIENTO ALTERNATIVO INDÍGENA Y SOCIAL ""MAIS""";106
DUITAMA;Olga Lucia Rincon Granados;PARTIDO NUEVO LIBERALISMO;106
DUITAMA;Danilo Enrique Medina Salamanca;PARTIDO NUEVO LIBERALISMO;104
DUITAMA;Partido Verde Oxígeno;PARTIDO VERDE OXÍGENO;104
DUITAMA;Ximena Yojana Mateus Pirajan;PARTIDO CONSERVADOR COLOMBIANO;100
DUITAMA;Xiomara Valentina Pineda Fonseca;MOVIMIENTO SALVACIÓN NACIONAL;100
DUITAMA;Laura Daniela Puerto Mesa;PARTIDO CONSERVADOR COLOMBIANO;99
DUITAMA;Fredy Jovanny Rodriguez Avila;PARTIDO CONSERVADOR COLOMBIANO;98
DUITAMA;Yeny Viviana Becerra Suescun;PACTO HISTORICO;96
DUITAMA;Eliana Florelia Cucunuba Gonzalez;PACTO HISTORICO;92
DUITAMA;Edilberto Sandoval Baron;"MOVIMIENTO ALTERNATIVO INDÍGENA Y SOCIAL ""MAIS""";85
DUITAMA;Rafael Eduardo Becerra Mendoza;PARTIDO POLO DEMOCRÁTICO ALTERNATIVO;83
DUITAMA;Angela Yiced Rincon Medina;COALICION PARTIDO DE LA U- PARTIDO POLITICO MIRA;82
DUITAMA;Movimiento  Salvación Nacional;MOVIMIENTO SALVACIÓN NACIONAL;82
DUITAMA;Abraham Chaparro Becerra;PARTIDO POLO DEMOCRÁTICO ALTERNATIVO;81
DUITAMA;Jose Manuel Martinez Cepeda;PARTIDO POLÍTICO GENTE EN MOVIMIENTO;81
DUITAMA;Andrea Paola Tavera Cuervo;PARTIDO POLO DEMOCRÁTICO ALTERNATIVO;79
DUITAMA;Jhon Alexis Caicedo Amaya;PARTIDO LIGA GOBERNANTES ANTICORRUPCIÓN - LIGA;77
DUITAMA;Esteban Garcia Duarte;"PARTIDO ALIANZA SOCIAL INDEPENDIENTE ""ASI""";75
DUITAMA;Rosa Maria Marmol Mendez;PARTIDO POLÍTICO GENTE EN MOVIMIENTO;74
DUITAMA;Jireth Sofia Ortiz Garcia;PARTIDO POLO DEMOCRÁTICO ALTERNATIVO;73
DUITAMA;"Movimiento Alternativo Indígena Y Social ""Mais""";"MOVIMIENTO ALTERNATIVO INDÍGENA Y SOCIAL ""MAIS""";73
DUITAMA;Polo Fabian Rodriguez Guevara;PARTIDO VERDE OXÍGENO;72
DUITAMA;Sandra Lucia Moreno Camacho;PARTIDO LIGA GOBERNANTES ANTICORRUPCIÓN - LIGA;72
DUITAMA;Luis Gerardo Rivera Cely;PARTIDO CONSERVADOR COLOMBIANO;71
DUITAMA;Coalicion Partido De La U- Partido Politico Mira;COALICION PARTIDO DE LA U- PARTIDO POLITICO MIRA;68
DUITAMA;Edwin Rene Parra Sanabria;PARTIDO VERDE OXÍGENO;68
DUITAMA;Gladis Velandia Cely;COALICION PARTIDO DE LA U- PARTIDO POLITICO MIRA;66
DUITAMA;Luis Fernando Caro;PARTIDO POLÍTICO GENTE EN MOVIMIENTO;66
DUITAMA;Liliana Herrera Millan;PARTIDO VERDE OXÍGENO;64
DUITAMA;Partido Polo Democrático Alternativo;PARTIDO POLO DEMOCRÁTICO ALTERNATIVO;64
DUITAMA;Weimar Castro Yate;PARTIDO POLÍTICO GENTE EN MOVIMIENTO;64
DUITAMA;Yohan Nicolas Diaz Alvarez;COALICION PARTIDO DE LA U- PARTIDO POLITICO MIRA;63
DUITAMA;Maria Fernanda Cristancho Dallos;PARTIDO VERDE OXÍGENO;60
DUITAMA;Lizeth Viviana Cely Rios;PARTIDO POLÍTICO GENTE EN MOVIMIENTO;58
DUITAMA;Jair Alonso Peña Pita;"MOVIMIENTO ALTERNATIVO INDÍGENA Y SOCIAL ""MAIS""";57
DUITAMA;Jorge Enrique Guerrero Rincon;PARTIDO VERDE OXÍGENO;57
DUITAMA;Jose Yesid Cuesta Numpaque;PARTIDO POLÍTICO GENTE EN MOVIMIENTO;57
DUITAMA;Maribel Morales Barrera;"MOVIMIENTO ALTERNATIVO INDÍGENA Y SOCIAL ""MAIS""";57
DUITAMA;Sonia Andrea Orduz Alvarado;COALICION PARTIDO DE LA U- PARTIDO POLITICO MIRA;57
DUITAMA;Ana Milena Gonzalez Martinez;PARTIDO NUEVO LIBERALISMO;56
DUITAMA;Elsa Maria Alfonso;PARTIDO CONSERVADOR COLOMBIANO;56
DUITAMA;Plinio Jimenez Cubides;COALICION PARTIDO DE LA U- PARTIDO POLITICO MIRA;55
DUITAMA;Ludy Esperanza Motivar Suarez;PARTIDO POLÍTICO GENTE EN MOVIMIENTO;51
DUITAMA;Cristian Daniel Avendaño Corredor;COALICION PARTIDO DE LA U- PARTIDO POLITICO MIRA;50
DUITAMA;Juan Alirio Vergara Hernandez;MOVIMIENTO SALVACIÓN NACIONAL;50
DUITAMA;Andrea Gutierrez Alba;PARTIDO LIBERAL COLOMBIANO;49
DUITAMA;Beybi Biana Cristancho Pita;"PARTIDO ALIANZA SOCIAL INDEPENDIENTE ""ASI""";48
DUITAMA;Partido Político Gente En Movimiento;PARTIDO POLÍTICO GENTE EN MOVIMIENTO;47
DUITAMA;Ilda Corredor Camargo;PARTIDO CONSERVADOR COLOMBIANO;46
DUITAMA;Ana Maria Sanchez Pineda;PARTIDO LIGA GOBERNANTES ANTICORRUPCIÓN - LIGA;45
DUITAMA;Ludy Rucud Socha Garzon;PARTIDO CAMBIO RADICAL;44
DUITAMA;Monica Katherine Poveda Corredor;PARTIDO POLÍTICO GENTE EN MOVIMIENTO;44
DUITAMA;Sandra Patricia Velandia Balaguera;PARTIDO LIBERAL COLOMBIANO;42
DUITAMA;Edwin Alirio Guevara Chaparro;PARTIDO NUEVO LIBERALISMO;41
DUITAMA;Andrea Judith Quintero Ramirez;PARTIDO CAMBIO RADICAL;40
DUITAMA;Erica Jineth Del Pilar Puerto Mojica;PARTIDO POLÍTICO GENTE EN MOVIMIENTO;40
DUITAMA;Paula Alejandra Saavedra Parra;PACTO HISTORICO;38
DUITAMA;Janeth Rocio Araque Uscategui;PACTO HISTORICO;37
DUITAMA;Monica Edith Duarte;PARTIDO POLÍTICO GENTE EN MOVIMIENTO;35
DUITAMA;Samuel De Jesus Chicino Vargas;PARTIDO LIGA GOBERNANTES ANTICORRUPCIÓN - LIGA;33
DUITAMA;Claudia Liliana Becerra Caceres;MOVIMIENTO SALVACIÓN NACIONAL;32
DUITAMA;Jesica Tatiana Santamaria Tuta;PARTIDO LIGA GOBERNANTES ANTICORRUPCIÓN - LIGA;32
DUITAMA;Camilo Andres Sandoval Buitrago;PARTIDO LIGA GOBERNANTES ANTICORRUPCIÓN - LIGA;29
DUITAMA;Erwin Nicolas Guerrero Parra;"MOVIMIENTO ALTERNATIVO INDÍGENA Y SOCIAL ""MAIS""";29
DUITAMA;Myriam Yolima Araque Perez;COALICION PARTIDO DE LA U- PARTIDO POLITICO MIRA;29
DUITAMA;Rosa Yolanda Gutierrez Gutierrez;PARTIDO NUEVO LIBERALISMO;27
DUITAMA;Carlos Andres Urrutia Velandia;MOVIMIENTO SALVACIÓN NACIONAL;26
DUITAMA;Diana Isabel Chicuasuque Ramirez;MOVIMIENTO SALVACIÓN NACIONAL;25
DUITAMA;Fanny Balaguera Castro;PARTIDO POLÍTICO GENTE EN MOVIMIENTO;25
DUITAMA;Camilo Andres Ibañez Pinto;COALICION PARTIDO DE LA U- PARTIDO POLITICO MIRA;23
DUITAMA;Yeimmy Katherine Rodriguez;MOVIMIENTO SALVACIÓN NACIONAL;23
DUITAMA;Diego Alejandro Cardenas Pineda;PARTIDO POLO DEMOCRÁTICO ALTERNATIVO;22
DUITAMA;Laura Jobana Caceres Cely;"MOVIMIENTO ALTERNATIVO INDÍGENA Y SOCIAL ""MAIS""";22
DUITAMA;Cyndi Jhohanna Niño Rodriguez;PARTIDO LIGA GOBERNANTES ANTICORRUPCIÓN - LIGA;21
DUITAMA;Alva Lucia Joya Alvarado;PARTIDO POLO DEMOCRÁTICO ALTERNATIVO;20
DUITAMA;Arlex Antonio Montaña Robles;MOVIMIENTO SALVACIÓN NACIONAL;19
DUITAMA;Janeth Rueda Gonzalez;"MOVIMIENTO ALTERNATIVO INDÍGENA Y SOCIAL ""MAIS""";19
DUITAMA;Partido Liga Gobernantes Anticorrupción - Liga;PARTIDO LIGA GOBERNANTES ANTICORRUPCIÓN - LIGA;19
DUITAMA;Juan De Jesus Ochoa Cuy;PARTIDO LIGA GOBERNANTES ANTICORRUPCIÓN - LIGA;18
DUITAMA;Maria Nimia Alvarado Alvarez;"PARTIDO ALIANZA SOCIAL INDEPENDIENTE ""ASI""";17
DUITAMA;Diomedes Gomez Baron;COALICION PARTIDO DE LA U- PARTIDO POLITICO MIRA;16
DUITAMA;Jose Nicolas Garzon;PARTIDO LIGA GOBERNANTES ANTICORRUPCIÓN - LIGA;15
DUITAMA;Rolando Cruz Gualteros;"MOVIMIENTO ALTERNATIVO INDÍGENA Y SOCIAL ""MAIS""";14
DUITAMA;Claudia Patricia Salcedo Barrera;PARTIDO POLO DEMOCRÁTICO ALTERNATIVO;9
DUITAMA;Erika Rodriguez Gonzalez;COALICION PARTIDO DE LA U- PARTIDO POLITICO MIRA;9
DUITAMA;Jhon Jairo Sandoval Muñoz;PARTIDO LIGA GOBERNANTES ANTICORRUPCIÓN - LIGA;9
DUITAMA;Adriana Yolima Martinez Tibamosca;"MOVIMIENTO ALTERNATIVO INDÍGENA Y SOCIAL ""MAIS""";8
DUITAMA;Monica Alexandra Gonzalez Santamaria;"MOVIMIENTO ALTERNATIVO INDÍGENA Y SOCIAL ""MAIS""";8
DUITAMA;Cristian Jacob Matias Nuñez Melo;PARTIDO LIGA GOBERNANTES ANTICORRUPCIÓN - LIGA;6
DUITAMA;Maryin Paola Alonso Rodriguez;PARTIDO POLÍTICO GENTE EN MOVIMIENTO;4
DUITAMA;Natalia Andrea Luna Pulido;PARTIDO LIGA GOBERNANTES ANTICORRUPCIÓN - LIGA;3
EL COCUY;Deisy Lucia Merchan Zambrano;PARTIDO LIBERAL COLOMBIANO;153
EL COCUY;Partido De La Unión Por La Gente - Partido De La U;PARTIDO DE LA UNIÓN POR LA GENTE - PARTIDO DE LA U;144
EL COCUY;Maria Eugenia Buitrago Jaime;PARTIDO LIBERAL COLOMBIANO;139
EL COCUY;Fany Patricia Delgado Cardenas;PARTIDO ALIANZA VERDE;134
EL COCUY;Rigoberto Corredor Vargas;PARTIDO LIBERAL COLOMBIANO;130
EL COCUY;Jairo Humberto Carreño Mora;PARTIDO LIBERAL COLOMBIANO;122
EL COCUY;Edwar Hernando Carrero Mora;PARTIDO CONSERVADOR COLOMBIANO;118
EL COCUY;Sandra Milena Garcia Ruiz;PARTIDO ALIANZA VERDE;99
EL COCUY;Julio Cesar Silva Valbuena;PARTIDO LIBERAL COLOMBIANO;97
EL COCUY;Pedro Ignacio Baron Mora;PARTIDO CENTRO DEMOCRÁTICO;94
EL COCUY;Pedro Antonio Carrero Duarte;PARTIDO LIBERAL COLOMBIANO;85
EL COCUY;Jose Salvador Pico Lizarazo;PARTIDO LIBERAL COLOMBIANO;84
EL COCUY;Oscar Hernando Alarcon Rico;MOVIMIENTO SALVACIÓN NACIONAL;76
EL COCUY;Ilder Albeiro Avendaño Alarcon;PARTIDO CONSERVADOR COLOMBIANO;67
EL COCUY;Jairo Alonso Rico Araque;MOVIMIENTO SALVACIÓN NACIONAL;62
EL COCUY;Jorge Hernando Rojas Caceres;PARTIDO LIBERAL COLOMBIANO;61
EL COCUY;Juan Carlos Torres Velandia;MOVIMIENTO SALVACIÓN NACIONAL;56
EL COCUY;Pedro Ignacio Velandia Barrera;MOVIMIENTO SALVACIÓN NACIONAL;56
EL COCUY;Carlos Julio Lopez Correa;PARTIDO CONSERVADOR COLOMBIANO;55
EL COCUY;Yeisson Alberto Daza Salcedo;PARTIDO ALIANZA VERDE;54
EL COCUY;Fabio Olivares Diaz;PARTIDO ALIANZA VERDE;52
EL COCUY;Cristian David Urbano Tellez;MOVIMIENTO SALVACIÓN NACIONAL;33
EL COCUY;Partido Liberal Colombiano;PARTIDO LIBERAL COLOMBIANO;30
EL COCUY;Fabian Eduardo Lopez Carreño;PARTIDO ALIANZA VERDE;28
EL COCUY;Carmen Liliana Mora Diaz;PARTIDO CONSERVADOR COLOMBIANO;23
EL COCUY;Carol Lizeth Garcia Garcia;PARTIDO LIBERAL COLOMBIANO;23
EL COCUY;Carmen Alicia Vargas Baron;MOVIMIENTO SALVACIÓN NACIONAL;20
EL COCUY;Martha Lucia Reyes Leal;PARTIDO CENTRO DEMOCRÁTICO;18
EL COCUY;Diego Alejandro Daza Baron;PARTIDO ALIANZA VERDE;16
EL COCUY;Rodolfo Nuñez Buitrago;PARTIDO CENTRO DEMOCRÁTICO;12
EL COCUY;Partido Alianza Verde;PARTIDO ALIANZA VERDE;11
EL COCUY;Partido Conservador Colombiano;PARTIDO CONSERVADOR COLOMBIANO;10
EL COCUY;Maria Del Carmen Mora Urbano;PARTIDO CONSERVADOR COLOMBIANO;8
EL COCUY;Pedro Antonio Nuñez Espinoza;PARTIDO CONSERVADOR COLOMBIANO;8
EL COCUY;Alba Leticia Velandia Barrera;PARTIDO CENTRO DEMOCRÁTICO;5
EL COCUY;Partido Centro Democrático;PARTIDO CENTRO DEMOCRÁTICO;4
EL COCUY;Sixta Elena Alarcon Duarte;MOVIMIENTO SALVACIÓN NACIONAL;3
EL COCUY;Luz Edilma Lopez Sandoval;MOVIMIENTO SALVACIÓN NACIONAL;2
EL COCUY;Movimiento  Salvación Nacional;MOVIMIENTO SALVACIÓN NACIONAL;1
EL ESPINO;Manuel Alcides Velandia Paramero;PARTIDO CENTRO DEMOCRÁTICO;151
EL ESPINO;Yilber Mauricio Caceres Correa;PARTIDO CONSERVADOR COLOMBIANO;126
EL ESPINO;Hildebrando Cuadros Hernandez;PARTIDO CENTRO DEMOCRÁTICO;98
EL ESPINO;Luis Carlos Lopez Urete;PARTIDO CONSERVADOR COLOMBIANO;85
EL ESPINO;Maria Concepcion Carreño Gomez;PARTIDO CENTRO DEMOCRÁTICO;81
EL ESPINO;Elinebardo Pacheco Quintana;PARTIDO POLÍTICO LA FUERZA DE LA PAZ;80
EL ESPINO;Diana Mayerli Carreño Puentes;PARTIDO CONSERVADOR COLOMBIANO;69
EL ESPINO;Cesar Javier Buitrago Vega;NUEVA FUERZA DEMOCRÁTICA;68
EL ESPINO;Claudia Milena Carreño Archila;PARTIDO POLÍTICO LA FUERZA DE LA PAZ;65
EL ESPINO;Lubia Buitrago Hernandez;PARTIDO CAMBIO RADICAL;64
EL ESPINO;Jhon Mario Abril Duarte;PARTIDO CONSERVADOR COLOMBIANO;57
EL ESPINO;Gerardo Buitrago Abril;PARTIDO CENTRO DEMOCRÁTICO;51
EL ESPINO;Bertha Benilda Rincon Toscano;"PARTIDO ALIANZA SOCIAL INDEPENDIENTE ""ASI""";50
EL ESPINO;Maria Santos Landinez Suescun;PARTIDO CONSERVADOR COLOMBIANO;48
EL ESPINO;Yolanda Rojas Puentes;NUEVA FUERZA DEMOCRÁTICA;48
EL ESPINO;Juan Luis Ballesteros Olivos;"PARTIDO ALIANZA SOCIAL INDEPENDIENTE ""ASI""";46
EL ESPINO;Yeixmi Liliana Wilches Baron;"PARTIDO ALIANZA SOCIAL INDEPENDIENTE ""ASI""";46
EL ESPINO;Jose Oliveros Manrique Moreno;PARTIDO CENTRO DEMOCRÁTICO;45
EL ESPINO;Alonso Torres Niño;"PARTIDO ALIANZA SOCIAL INDEPENDIENTE ""ASI""";34
EL ESPINO;Martha Beatriz Manrique Lizarazo;PARTIDO POLÍTICO LA FUERZA DE LA PAZ;34
EL ESPINO;Ana Beatriz Rincon Abril;PARTIDO CONSERVADOR COLOMBIANO;27
EL ESPINO;Ruben Dario Castro Mejia;"PARTIDO ALIANZA SOCIAL INDEPENDIENTE ""ASI""";25
EL ESPINO;Ramiro Quintero Vargas;PARTIDO POLÍTICO LA FUERZA DE LA PAZ;22
EL ESPINO;Claudia Yaneth Mendez Rosas;PARTIDO CAMBIO RADICAL;19
EL ESPINO;Partido Centro Democrático;PARTIDO CENTRO DEMOCRÁTICO;18
EL ESPINO;Victor Julio Albarracin Jaime;PARTIDO CONSERVADOR COLOMBIANO;17
EL ESPINO;Sara Lucia Santander Baron;"PARTIDO ALIANZA SOCIAL INDEPENDIENTE ""ASI""";16
EL ESPINO;Wilder Velandia Salamanca;PARTIDO CAMBIO RADICAL;15
EL ESPINO;Luis Enrique Pacheco Puentes;PARTIDO CAMBIO RADICAL;14
EL ESPINO;Maria Camila Niño Lopez;PARTIDO CAMBIO RADICAL;14
EL ESPINO;Wilfredo Cuevas Fuentes;PARTIDO POLÍTICO LA FUERZA DE LA PAZ;14
EL ESPINO;Adriana Vanesa Martinez Perez;NUEVA FUERZA DEMOCRÁTICA;12
EL ESPINO;Luz Aleyda Leon Pedraoz;PARTIDO CENTRO DEMOCRÁTICO;11
EL ESPINO;Nydia Chacon Puentes;PARTIDO POLÍTICO LA FUERZA DE LA PAZ;11
EL ESPINO;Hernando Silva Ruiz;NUEVA FUERZA DEMOCRÁTICA;10
EL ESPINO;Hermes Albarracin Toscano;PARTIDO POLÍTICO LA FUERZA DE LA PAZ;9
EL ESPINO;Jose Vicente Lombana Morales;NUEVA FUERZA DEMOCRÁTICA;9
EL ESPINO;Leonor Antolinez Quintana;PARTIDO CENTRO DEMOCRÁTICO;9
EL ESPINO;Emilio Rincon Lopez;NUEVA FUERZA DEMOCRÁTICA;7
EL ESPINO;Neisy Paola Buitrago Tristancho;NUEVA FUERZA DEMOCRÁTICA;5
EL ESPINO;Partido Conservador Colombiano;PARTIDO CONSERVADOR COLOMBIANO;4
EL ESPINO;Nueva Fuerza Democrática;NUEVA FUERZA DEMOCRÁTICA;3
EL ESPINO;"Partido Alianza Social Independiente ""Asi""";"PARTIDO ALIANZA SOCIAL INDEPENDIENTE ""ASI""";3
EL ESPINO;Partido Político La Fuerza De La Paz;PARTIDO POLÍTICO LA FUERZA DE LA PAZ;2
EL ESPINO;Partido Cambio Radical;PARTIDO CAMBIO RADICAL;1
FIRAVITOBA;Nancy Milena Rodriguez Barrera;PARTIDO LIBERAL COLOMBIANO;228
FIRAVITOBA;Hugo Alexander Coy Fula;PARTIDO CENTRO DEMOCRÁTICO;196
FIRAVITOBA;Luis Antonio Acosta Zambrano;PARTIDO CONSERVADOR COLOMBIANO;186
FIRAVITOBA;Luis Angel Cadena Molano;PARTIDO DE LA UNIÓN POR LA GENTE - PARTIDO DE LA U;183
FIRAVITOBA;William Arturo Zea;PARTIDO DE LA UNIÓN POR LA GENTE - PARTIDO DE LA U;151
FIRAVITOBA;Edwar Benjamin Bayona Peña;AGRUPACIÓN POLÍTICA EN MARCHA;117
FIRAVITOBA;William Augusto Quijano Rodriguez;PARTIDO DE LA UNIÓN POR LA GENTE - PARTIDO DE LA U;114
FIRAVITOBA;Javier Andres Avella Diaz;PARTIDO LIBERAL COLOMBIANO;100
FIRAVITOBA;Daniel Rodriguez Naranjo;PARTIDO DE LA UNIÓN POR LA GENTE - PARTIDO DE LA U;91
FIRAVITOBA;Wilmar Fabian Fonseca Vargas;"MOVIMIENTO ALTERNATIVO INDÍGENA Y SOCIAL ""MAIS""";87
FIRAVITOBA;Jorge Andres Salamanca Rojas;"MOVIMIENTO ALTERNATIVO INDÍGENA Y SOCIAL ""MAIS""";86
FIRAVITOBA;Orlando Fonseca Cristancho;PARTIDO NUEVO LIBERALISMO;82
FIRAVITOBA;Efrain Antonio Patiño Vargas;PARTIDO DE LA UNIÓN POR LA GENTE - PARTIDO DE LA U;81
FIRAVITOBA;Ana Milena Solorzano Farfan;"MOVIMIENTO ALTERNATIVO INDÍGENA Y SOCIAL ""MAIS""";76
FIRAVITOBA;Leidy Yaneth Zorro Bayona;PARTIDO CONSERVADOR COLOMBIANO;72
FIRAVITOBA;Yesid Oswaldo Fonseca Rojas;"MOVIMIENTO ALTERNATIVO INDÍGENA Y SOCIAL ""MAIS""";68
FIRAVITOBA;Wilson Yamith Silva Sanabria;PARTIDO ALIANZA VERDE;63
FIRAVITOBA;Norberto Melo Chaparro;PARTIDO ALIANZA VERDE;62
FIRAVITOBA;Olfa Marina Rodriguez Ramirez;PARTIDO CENTRO DEMOCRÁTICO;62
FIRAVITOBA;Gustavo Adolfo Boyaca;PARTIDO POLÍTICO DIGNIDAD & COMPROMISO;61
FIRAVITOBA;Edwin Ricardo Bonilla Cely;PARTIDO CONSERVADOR COLOMBIANO;60
FIRAVITOBA;Tobias Lumbaque Coronado;AGRUPACIÓN POLÍTICA EN MARCHA;58
FIRAVITOBA;Luis Fernando Muñoz Ceballos;AGRUPACIÓN POLÍTICA EN MARCHA;55
FIRAVITOBA;Sergio Alberto Ochoa Vargas;PARTIDO ALIANZA VERDE;55
FIRAVITOBA;Amelia Noy Mariño;PARTIDO CENTRO DEMOCRÁTICO;53
FIRAVITOBA;Tania Leonor Silva Vargas;"MOVIMIENTO ALTERNATIVO INDÍGENA Y SOCIAL ""MAIS""";51
FIRAVITOBA;Edwin Estrada Hurtado;PARTIDO CENTRO DEMOCRÁTICO;50
FIRAVITOBA;Pedro Enrique Abril;"MOVIMIENTO ALTERNATIVO INDÍGENA Y SOCIAL ""MAIS""";50
FIRAVITOBA;Aura Yolima Garcia Rodriguez;PARTIDO DE LA UNIÓN POR LA GENTE - PARTIDO DE LA U;49
FIRAVITOBA;Mary Luz Cuadros Alvarado;PARTIDO NUEVO LIBERALISMO;48
FIRAVITOBA;Hugo Ferney Vargas Cuchigay;PARTIDO LIBERAL COLOMBIANO;44
FIRAVITOBA;Carlos Aurelio Cely Salamanca;PARTIDO DE LA UNIÓN POR LA GENTE - PARTIDO DE LA U;43
FIRAVITOBA;Carlos Rodrigo Carvajal Mesa;PARTIDO ALIANZA VERDE;42
FIRAVITOBA;Miguel Leonardo Herrera Melo;"MOVIMIENTO ALTERNATIVO INDÍGENA Y SOCIAL ""MAIS""";42
FIRAVITOBA;Sandra Valderrama Perez;PARTIDO CENTRO DEMOCRÁTICO;42
FIRAVITOBA;Jairo Enrique Perez Forero;PARTIDO POLÍTICO DIGNIDAD & COMPROMISO;40
FIRAVITOBA;Jorge Luis Guatibonza Zea;INDEPENDIENTES;40
FIRAVITOBA;Marcela Vargas Zorro;PARTIDO ALIANZA VERDE;40
FIRAVITOBA;Eduardo Rodolfo Plazas Guzman;PARTIDO NUEVO LIBERALISMO;39
FIRAVITOBA;Sandra Yadira Bonilla Figueroa;PARTIDO LIBERAL COLOMBIANO;37
FIRAVITOBA;Lucila Sanabria Zambrano;INDEPENDIENTES;35
FIRAVITOBA;Edinson Yovany Malaver Ferrucho;PARTIDO LIBERAL COLOMBIANO;34
FIRAVITOBA;Ludy Yesenia Sanchez Salinas;PARTIDO LIBERAL COLOMBIANO;34
FIRAVITOBA;Pedro Antonio Ferrucho Pulido;PARTIDO NUEVO LIBERALISMO;34
FIRAVITOBA;Edelmira Gutierrez Sierra;PARTIDO ALIANZA VERDE;33
FIRAVITOBA;Juan Carlos Alvarez Bonilla;AGRUPACIÓN POLÍTICA EN MARCHA;33
FIRAVITOBA;Nicolas David Tirano Solano;AGRUPACIÓN POLÍTICA EN MARCHA;33
FIRAVITOBA;Diana Maria Salamanca Gonzalez;PARTIDO NUEVO LIBERALISMO;32
FIRAVITOBA;Juan Manuel Fonseca Chirivi;AGRUPACIÓN POLÍTICA EN MARCHA;31
FIRAVITOBA;David Estiven Camacho Gaitan;PARTIDO LIBERAL COLOMBIANO;30
FIRAVITOBA;Ligia Esperanza Rodriguez Patiño;PARTIDO CONSERVADOR COLOMBIANO;28
FIRAVITOBA;Maria Alejandra Ramirez Sanchez;AGRUPACIÓN POLÍTICA EN MARCHA;28
FIRAVITOBA;Paulina Hernandez Forero;AGRUPACIÓN POLÍTICA EN MARCHA;28
FIRAVITOBA;Javier Ignacio Patiño Medina;PARTIDO ALIANZA VERDE;27
FIRAVITOBA;Claudia Patricia Salamanca Molano;PARTIDO ALIANZA VERDE;26
FIRAVITOBA;Edgar Daza Vega;INDEPENDIENTES;26
FIRAVITOBA;Elver Javier Rojas Rojas;"MOVIMIENTO ALTERNATIVO INDÍGENA Y SOCIAL ""MAIS""";26
FIRAVITOBA;Jose Rodrigo Sotaquira Avella;PARTIDO CONSERVADOR COLOMBIANO;25
FIRAVITOBA;Partido Alianza Verde;PARTIDO ALIANZA VERDE;24
FIRAVITOBA;Teofilo Hastorgio Silva Benavides;PARTIDO CENTRO DEMOCRÁTICO;24
FIRAVITOBA;Ana Isaura Perez Alvarez;AGRUPACIÓN POLÍTICA EN MARCHA;23
FIRAVITOBA;Mauricio Niño Chaparro;PARTIDO NUEVO LIBERALISMO;22
FIRAVITOBA;Partido Centro Democrático;PARTIDO CENTRO DEMOCRÁTICO;22
FIRAVITOBA;Andres Yesid Usaquen Rivas;PARTIDO LIBERAL COLOMBIANO;21
FIRAVITOBA;Carmen Forero Bohada;PARTIDO CENTRO DEMOCRÁTICO;19
FIRAVITOBA;Partido De La Unión Por La Gente - Partido De La U;PARTIDO DE LA UNIÓN POR LA GENTE - PARTIDO DE LA U;17
FIRAVITOBA;Partido Liberal Colombiano;PARTIDO LIBERAL COLOMBIANO;17
FIRAVITOBA;Agrupación Política En Marcha;AGRUPACIÓN POLÍTICA EN MARCHA;16
FIRAVITOBA;Anyi Paola Vargas Barrera;"MOVIMIENTO ALTERNATIVO INDÍGENA Y SOCIAL ""MAIS""";16
FIRAVITOBA;Gloria Cecilia Orduz Garzon;PARTIDO DE LA UNIÓN POR LA GENTE - PARTIDO DE LA U;15
FIRAVITOBA;Juan Felipe Fonseca Rosas;INDEPENDIENTES;14
FIRAVITOBA;Juan Manuel Castillo Aponte;PARTIDO NUEVO LIBERALISMO;14
FIRAVITOBA;Partido Conservador Colombiano;PARTIDO CONSERVADOR COLOMBIANO;14
FIRAVITOBA;"Movimiento Alternativo Indígena Y Social ""Mais""";"MOVIMIENTO ALTERNATIVO INDÍGENA Y SOCIAL ""MAIS""";13
FIRAVITOBA;Orlando Gamboa Sotaquira;PARTIDO POLÍTICO DIGNIDAD & COMPROMISO;11
FIRAVITOBA;Jimena Niño Albarracin;PARTIDO POLÍTICO DIGNIDAD & COMPROMISO;10
FIRAVITOBA;Ivan Dario Barrera Vargas;PARTIDO LIBERAL COLOMBIANO;9
FIRAVITOBA;Adriana Del Pilar Ayala Mesa;PARTIDO DE LA UNIÓN POR LA GENTE - PARTIDO DE LA U;8
FIRAVITOBA;Emilse Fabiola Diaz;PARTIDO POLÍTICO DIGNIDAD & COMPROMISO;8
FIRAVITOBA;Juan Pablo Zipa Parrado;PARTIDO CONSERVADOR COLOMBIANO;8
FIRAVITOBA;Nestor Hugo Gonzalez Daza;PARTIDO POLÍTICO DIGNIDAD & COMPROMISO;8
FIRAVITOBA;Edith Yesenia Forero Boyaca;PARTIDO NUEVO LIBERALISMO;7
FIRAVITOBA;Beronica Briyith Moreno Silva;PARTIDO POLÍTICO DIGNIDAD & COMPROMISO;5
FIRAVITOBA;Partido Nuevo Liberalismo;PARTIDO NUEVO LIBERALISMO;5
FIRAVITOBA;Partido Político Dignidad & Compromiso;PARTIDO POLÍTICO DIGNIDAD & COMPROMISO;3
FIRAVITOBA;Brayan Camilo Bonilla Ayala;PARTIDO POLÍTICO DIGNIDAD & COMPROMISO;2
FIRAVITOBA;Gloria Sirley Corredor Perez;PARTIDO ALIANZA VERDE;2
FIRAVITOBA;Independientes;INDEPENDIENTES;2
FLORESTA;Mauricio Alexander Reyes Castro;PARTIDO CAMBIO RADICAL;199
FLORESTA;Aura Nelcy Verdugo Niño;PARTIDO VERDE OXÍGENO;177
FLORESTA;Jehison Mateo Prieto Silva;AGRUPACIÓN POLÍTICA EN MARCHA;172
FLORESTA;Ligia Rocio Barbosa Granados;PARTIDO CAMBIO RADICAL;163
FLORESTA;Alba Luz Murcia Silva;PARTIDO LIBERAL COLOMBIANO;144
FLORESTA;Constanza Mireya Jaime Barbosa;PARTIDO CENTRO DEMOCRÁTICO;141
FLORESTA;Marisol Rodriguez Cely;PARTIDO CENTRO DEMOCRÁTICO;132
FLORESTA;Maria Ines Gomez Cely;PARTIDO CAMBIO RADICAL;128
FLORESTA;Gilberto Leon Montañez;PARTIDO ALIANZA VERDE;111
FLORESTA;Juan Rolando Bernal Higuera;AGRUPACIÓN POLÍTICA EN MARCHA;111
FLORESTA;Yerlly Andrea Mazo Rincon;PARTIDO ALIANZA VERDE;110
FLORESTA;Jose Bernardo Cely Rojas;PARTIDO LIBERAL COLOMBIANO;109
FLORESTA;Edilmer Javier Torres Vargas;PARTIDO CAMBIO RADICAL;92
FLORESTA;Bertha Cecilia Silva Rincon;PARTIDO VERDE OXÍGENO;91
FLORESTA;Fernando Alonso Prieto Rincon;PARTIDO VERDE OXÍGENO;70
FLORESTA;Luisa Rocio Granados Mariño;PARTIDO CENTRO DEMOCRÁTICO;70
FLORESTA;Juan Paulo Albarracin Cely;PARTIDO CENTRO DEMOCRÁTICO;65
FLORESTA;Yadira Esperanza Martinez Niño;PARTIDO CAMBIO RADICAL;59
FLORESTA;Dora Patricia Vargas Manosalba;PARTIDO DE LA UNIÓN POR LA GENTE - PARTIDO DE LA U;51
FLORESTA;Juan Carlos Torres Olivares;PARTIDO DE LA UNIÓN POR LA GENTE - PARTIDO DE LA U;51
FLORESTA;Madilsa Puentes Adame;AGRUPACIÓN POLÍTICA EN MARCHA;51
FLORESTA;Zuleima Mercedes Gonzalez Martinez;AGRUPACIÓN POLÍTICA EN MARCHA;39
FLORESTA;Rodrigo Antonio Cely Cristancho;AGRUPACIÓN POLÍTICA EN MARCHA;38
FLORESTA;Edgar Augusto Cristancho Becerra;PARTIDO VERDE OXÍGENO;37
FLORESTA;Omar Duvan Silva Acero;PARTIDO VERDE OXÍGENO;32
FLORESTA;Javier Torres Sanchez;PARTIDO DE LA UNIÓN POR LA GENTE - PARTIDO DE LA U;30
FLORESTA;Luz Marina Vargas Acero;PARTIDO CAMBIO RADICAL;27
FLORESTA;Omar De Jesus Silva Alvarez;PARTIDO ALIANZA VERDE;26
FLORESTA;Fabian Sneyder Gonzalez Lozano;PARTIDO VERDE OXÍGENO;23
FLORESTA;Diego Gustavo Barrera Corredor;PARTIDO CENTRO DEMOCRÁTICO;18
FLORESTA;William Jimmy Cifuentes Rojas;PARTIDO CENTRO DEMOCRÁTICO;18
FLORESTA;Fabio Andres Alvarez Torres;AGRUPACIÓN POLÍTICA EN MARCHA;16
FLORESTA;Sergio Ivan Mariño Rivera;PARTIDO ALIANZA VERDE;15
FLORESTA;Luz Leidy Solano Manosalva;PARTIDO CENTRO DEMOCRÁTICO;14
FLORESTA;Brayan Alonso Rodriguez Castro;PARTIDO LIBERAL COLOMBIANO;12
FLORESTA;Edwin Alexander Orozco Solano;PARTIDO CAMBIO RADICAL;12
FLORESTA;Maria Erika Granados Martinez;PARTIDO VERDE OXÍGENO;12
FLORESTA;Partido Centro Democrático;PARTIDO CENTRO DEMOCRÁTICO;11
FLORESTA;Gloria Azucena Acevedo Rojas;PARTIDO ALIANZA VERDE;10
FLORESTA;Laura Sofia Agudelo Garcia;PARTIDO ALIANZA VERDE;9
FLORESTA;Agrupación Política En Marcha;AGRUPACIÓN POLÍTICA EN MARCHA;8
FLORESTA;Wilson Javier Gonzalez Rincon;PARTIDO LIBERAL COLOMBIANO;7
FLORESTA;Michell Katherine Diaz Castañeda;PARTIDO LIBERAL COLOMBIANO;6
FLORESTA;Deisy Dayana Umaña Alvarez;PARTIDO DE LA UNIÓN POR LA GENTE - PARTIDO DE LA U;5
FLORESTA;Partido Alianza Verde;PARTIDO ALIANZA VERDE;5
FLORESTA;Partido Liberal Colombiano;PARTIDO LIBERAL COLOMBIANO;5
FLORESTA;Partido Verde Oxígeno;PARTIDO VERDE OXÍGENO;5
FLORESTA;Partido De La Unión Por La Gente - Partido De La U;PARTIDO DE LA UNIÓN POR LA GENTE - PARTIDO DE LA U;4
FLORESTA;Partido Cambio Radical;PARTIDO CAMBIO RADICAL;3
FLORESTA;Angie Yuliet Torres Ochoa;AGRUPACIÓN POLÍTICA EN MARCHA;2
FLORESTA;Mauricio Juvenal Leon Espinel;PARTIDO LIBERAL COLOMBIANO;2
FLORESTA;Lindsay Stephanie Joya Moreno;PARTIDO DE LA UNIÓN POR LA GENTE - PARTIDO DE LA U;1
GACHANTIVA;Agrupación Política En Marcha;AGRUPACIÓN POLÍTICA EN MARCHA;0
GACHANTIVA;Belquis Olanda Merchan Castillo;AGRUPACIÓN POLÍTICA EN MARCHA;0
GACHANTIVA;Bertha Angelica Saavedra Puentes;PARTIDO ALIANZA VERDE;0
GACHANTIVA;Carlos Humberto Camargo Saenz;AGRUPACIÓN POLÍTICA EN MARCHA;0
GACHANTIVA;Carlos Libardo Roncancio Saenz;AGRUPACIÓN POLÍTICA EN MARCHA;0
GACHANTIVA;Claudia Yolanda Monsalve Forero;PARTIDO ALIANZA VERDE;0
GACHANTIVA;Didi Alexander Sanchez Moreno;PARTIDO CONSERVADOR COLOMBIANO;0
GACHANTIVA;Dustano Peña Piza;PARTIDO LIBERAL COLOMBIANO;0
GACHANTIVA;Fabian Andres Castillo Quintero;PARTIDO CAMBIO RADICAL;0
GACHANTIVA;Fabian Andres Reyes Gonzalez;PARTIDO CAMBIO RADICAL;0
GACHANTIVA;Freddy Barrios Moreno;PARTIDO LIBERAL COLOMBIANO;0
GACHANTIVA;Geraldine Melisa Castillo Saavedra;AGRUPACIÓN POLÍTICA EN MARCHA;0
GACHANTIVA;Gilbardo Saenz Peña;PARTIDO CONSERVADOR COLOMBIANO;0
GACHANTIVA;Hector Alfonso Sanchez Lopez;PARTIDO CONSERVADOR COLOMBIANO;0
GACHANTIVA;Henry Merchan Saenz;AGRUPACIÓN POLÍTICA EN MARCHA;0
GACHANTIVA;Ivonne Patricia Benavides Saavedra;PARTIDO ALIANZA VERDE;0
GACHANTIVA;Juan David Mesa Olarte;PARTIDO ALIANZA VERDE;0
GACHANTIVA;Laura Yesenia Palacios Saavedra;PARTIDO CONSERVADOR COLOMBIANO;0
GACHANTIVA;Lida Marcela Malagon Saenz;PARTIDO CONSERVADOR COLOMBIANO;0
GACHANTIVA;Lucero Escilda Monsalve Forero;"MOVIMIENTO ALTERNATIVO INDÍGENA Y SOCIAL ""MAIS""";0
GACHANTIVA;Luis Alberto Saavedra Suarez;"MOVIMIENTO ALTERNATIVO INDÍGENA Y SOCIAL ""MAIS""";0
GACHANTIVA;Luis Carlos Guerrero;PARTIDO ALIANZA VERDE;0
GACHANTIVA;Luis Evelio Piza Piza;"MOVIMIENTO ALTERNATIVO INDÍGENA Y SOCIAL ""MAIS""";0
GACHANTIVA;Luis Fernando Saavedra Buitrago;PARTIDO ALIANZA VERDE;0
GACHANTIVA;Luis Orlando Forero Saenz;"MOVIMIENTO ALTERNATIVO INDÍGENA Y SOCIAL ""MAIS""";0
GACHANTIVA;Maria Francelina Acero Acero;PARTIDO CONSERVADOR COLOMBIANO;0
GACHANTIVA;Maryury Cristina Castillo Forero;PARTIDO LIBERAL COLOMBIANO;0
GACHANTIVA;Miguel Antonio Santamaria Moreno;PARTIDO ALIANZA VERDE;0
GACHANTIVA;"Movimiento Alternativo Indígena Y Social ""Mais""";"MOVIMIENTO ALTERNATIVO INDÍGENA Y SOCIAL ""MAIS""";0
GACHANTIVA;Neftali Guerrero Sanchez;PARTIDO LIBERAL COLOMBIANO;0
GACHANTIVA;Nelly Luzdary Suarez Cubides;AGRUPACIÓN POLÍTICA EN MARCHA;0
GACHANTIVA;Nubia Judith Barajas Suarez;"MOVIMIENTO ALTERNATIVO INDÍGENA Y SOCIAL ""MAIS""";0
GACHANTIVA;Partido Alianza Verde;PARTIDO ALIANZA VERDE;0
GACHANTIVA;Partido Cambio Radical;PARTIDO CAMBIO RADICAL;0
GACHANTIVA;Partido Conservador Colombiano;PARTIDO CONSERVADOR COLOMBIANO;0
GACHANTIVA;Partido Liberal Colombiano;PARTIDO LIBERAL COLOMBIANO;0
GACHANTIVA;Paula Catalina Jimenez Merchan;PARTIDO LIBERAL COLOMBIANO;0
GACHANTIVA;Pedro Jose Guerrero Pardo;PARTIDO CONSERVADOR COLOMBIANO;0
GACHANTIVA;Ramiro Piza Saavedra;"MOVIMIENTO ALTERNATIVO INDÍGENA Y SOCIAL ""MAIS""";0
GACHANTIVA;Ros Mary Pardo Puentes;PARTIDO LIBERAL COLOMBIANO;0
GACHANTIVA;Sandra Camila Santamaria Merchan;PARTIDO CAMBIO RADICAL;0
GACHANTIVA;Siervo Tulio Rodriguez Forero;PARTIDO CAMBIO RADICAL;0
GACHANTIVA;Teresa De Jesus Velasquez Sanchez;"MOVIMIENTO ALTERNATIVO INDÍGENA Y SOCIAL ""MAIS""";0
GACHANTIVA;Yefer Euclides Castro Castro;PARTIDO LIBERAL COLOMBIANO;0
GACHANTIVA;Yenni Elizabeth Garcia Rodriguez;AGRUPACIÓN POLÍTICA EN MARCHA;0
GACHANTIVA;Yenny Paola Piza Ruiz;PARTIDO CAMBIO RADICAL;0
GACHANTIVA;Yuber Antonio Salas Amador;PARTIDO CAMBIO RADICAL;0
GAMEZA;Fabio Humberto Parra Cristancho;PARTIDO DE LA UNIÓN POR LA GENTE - PARTIDO DE LA U;138
GAMEZA;Leidy Tatiana Perez Corredor;PARTIDO LIBERAL COLOMBIANO;118
GAMEZA;Juan Jose Cusba;PARTIDO CONSERVADOR COLOMBIANO;113
GAMEZA;Cesar Andres Rico Ballesteros;PARTIDO CAMBIO RADICAL;101
GAMEZA;Jairo Oswaldo Nontoa Hernandez;PARTIDO LIBERAL COLOMBIANO;101
GAMEZA;Ricardo Javier Cristancho Perez;PARTIDO LIBERAL COLOMBIANO;95
GAMEZA;Brayan Andres Cuta Caro;PARTIDO CENTRO DEMOCRÁTICO;86
GAMEZA;Jesus Alberto Castro Albarracin;PARTIDO CONSERVADOR COLOMBIANO;85
GAMEZA;Julio Enrique Perez Quiroga;PARTIDO LIBERAL COLOMBIANO;85
GAMEZA;Edilma Ruviet Puentes Colmenares;PARTIDO CENTRO DEMOCRÁTICO;83
GAMEZA;Heiler Steven Niño Suarez;PARTIDO ALIANZA VERDE;79
GAMEZA;Eduwin Alexander Pinto Romero;PARTIDO DE LA UNIÓN POR LA GENTE - PARTIDO DE LA U;76
GAMEZA;Pedro Elias Torres Perez;PARTIDO ALIANZA VERDE;75
GAMEZA;Jorge Duvan Vega Perez;PARTIDO ALIANZA VERDE;74
GAMEZA;Gameza Para Todos;GAMEZA PARA TODOS;70
GAMEZA;Giovanny Andres Gonzalez Parra;PARTIDO CENTRO DEMOCRÁTICO;64
GAMEZA;Karen Solanger Cusba Ojeda;PARTIDO CENTRO DEMOCRÁTICO;61
GAMEZA;Kimberly Tatiana Cuervo Moreno;PARTIDO ALIANZA VERDE;60
GAMEZA;Alvaro Villamarin Ballesteros;PARTIDO CONSERVADOR COLOMBIANO;56
GAMEZA;Angel Tiberio Nontoa Cuta;PARTIDO CONSERVADOR COLOMBIANO;56
GAMEZA;Marco Julio Parra Rincon;PARTIDO CAMBIO RADICAL;55
GAMEZA;Jose Wilmar Gonzalez Rodriguez;"MOVIMIENTO ALTERNATIVO INDÍGENA Y SOCIAL ""MAIS""";53
GAMEZA;Edison Alexander Quintana Tibaduiza;PARTIDO DE LA UNIÓN POR LA GENTE - PARTIDO DE LA U;51
GAMEZA;Jose Nicanor Siaucho Lara;PARTIDO LIBERAL COLOMBIANO;50
GAMEZA;Johan Santiago Rincon Cely;MOVIMIENTO SALVACIÓN NACIONAL;41
GAMEZA;Salomon Benavides Zarabanda;PARTIDO ALIANZA VERDE;41
GAMEZA;Silvio De Jesus Tibaduiza Martinez;PARTIDO LIBERAL COLOMBIANO;41
GAMEZA;Rosa Elizabeth Vargas Combita;PARTIDO CONSERVADOR COLOMBIANO;40
GAMEZA;Johan Sebastian Alfonso Pinto;PARTIDO ALIANZA VERDE;39
GAMEZA;Cesar Antonio Colmenares Vargas;PARTIDO CONSERVADOR COLOMBIANO;37
GAMEZA;Aristobulo Silva Castañeda;PARTIDO ALIANZA VERDE;36
GAMEZA;Claudia Yolima Parra Diaz;PARTIDO DE LA UNIÓN POR LA GENTE - PARTIDO DE LA U;35
GAMEZA;Luis Manuel Cardenas Caro;PARTIDO CONSERVADOR COLOMBIANO;34
GAMEZA;Mary Luz Barrera Alarcon;PARTIDO ALIANZA VERDE;33
GAMEZA;Juan Pablo Suarez Hernandez;MOVIMIENTO SALVACIÓN NACIONAL;32
GAMEZA;Ana Yulieth Cuta Cuta;"MOVIMIENTO ALTERNATIVO INDÍGENA Y SOCIAL ""MAIS""";29
GAMEZA;Edwin Javier Herrera Gonzalez;PARTIDO CENTRO DEMOCRÁTICO;29
GAMEZA;Jose Joaquin Perez Rincon;MOVIMIENTO SALVACIÓN NACIONAL;27
GAMEZA;Ananias Gonzalez Villamarin;PARTIDO DE LA UNIÓN POR LA GENTE - PARTIDO DE LA U;26
GAMEZA;Diana Cristina Solano Suarez;PARTIDO CONSERVADOR COLOMBIANO;25
GAMEZA;Aura Maria Cusba Ballesteros;"MOVIMIENTO ALTERNATIVO INDÍGENA Y SOCIAL ""MAIS""";24
GAMEZA;Andrea Del Pilar Gonzalez Quintana;PARTIDO CAMBIO RADICAL;23
GAMEZA;Flor Benavides Lucero;MOVIMIENTO POLÍTICO COLOMBIA HUMANA;23
GAMEZA;Rosalia Agudelo Serrano;PARTIDO CAMBIO RADICAL;22
GAMEZA;Aida Cuta Rojas;"MOVIMIENTO ALTERNATIVO INDÍGENA Y SOCIAL ""MAIS""";19
GAMEZA;Laura Jimena Merchan Hurtado;PARTIDO CAMBIO RADICAL;19
GAMEZA;Lina Yohana Moreno Rincon;PARTIDO CENTRO DEMOCRÁTICO;19
GAMEZA;Maria Blanca Nubia Perez Ruiz;PARTIDO ALIANZA VERDE;19
GAMEZA;Dora Ines Torres Duran;PARTIDO CONSERVADOR COLOMBIANO;18
GAMEZA;Maria Fernanda Merchan Martinez;MOVIMIENTO POLÍTICO COLOMBIA HUMANA;17
GAMEZA;Partido Liberal Colombiano;PARTIDO LIBERAL COLOMBIANO;17
GAMEZA;Yeisson Camilo Gonzalez Fuentes;"MOVIMIENTO ALTERNATIVO INDÍGENA Y SOCIAL ""MAIS""";17
GAMEZA;Jose Maria Ballesteros;PARTIDO LIBERAL COLOMBIANO;15
GAMEZA;Partido De La Unión Por La Gente - Partido De La U;PARTIDO DE LA UNIÓN POR LA GENTE - PARTIDO DE LA U;15
GAMEZA;Pedro Alirio Faracica Ruiz;PARTIDO DE LA UNIÓN POR LA GENTE - PARTIDO DE LA U;15
GAMEZA;Ildefonso Hernandez Ochica;MOVIMIENTO POLÍTICO COLOMBIA HUMANA;14
GAMEZA;Leidy Johana Tibaduiza Caro;PARTIDO LIBERAL COLOMBIANO;14
GAMEZA;Antonio Dario Barrera Cardenas;PARTIDO CENTRO DEMOCRÁTICO;12
GAMEZA;Fredy Alexander Rincon Perez;"MOVIMIENTO ALTERNATIVO INDÍGENA Y SOCIAL ""MAIS""";12
GAMEZA;Luis Enrique Ballesteros Rodriguez;PARTIDO CAMBIO RADICAL;12
GAMEZA;Pedro Humberto Gonzalez Quintana;PARTIDO CAMBIO RADICAL;11
GAMEZA;Partido Alianza Verde;PARTIDO ALIANZA VERDE;9
GAMEZA;Partido Centro Democrático;PARTIDO CENTRO DEMOCRÁTICO;9
GAMEZA;Paula Alejandra Quintana Alfonso;PARTIDO DE LA UNIÓN POR LA GENTE - PARTIDO DE LA U;9
GAMEZA;Geiner Oliverio Gutierrez Gonzalez;PARTIDO CENTRO DEMOCRÁTICO;8
GAMEZA;"Movimiento Alternativo Indígena Y Social ""Mais""";"MOVIMIENTO ALTERNATIVO INDÍGENA Y SOCIAL ""MAIS""";8
GAMEZA;Moises Fuentes Corredor;"MOVIMIENTO ALTERNATIVO INDÍGENA Y SOCIAL ""MAIS""";7
GAMEZA;Movimiento  Salvación Nacional;MOVIMIENTO SALVACIÓN NACIONAL;6
GAMEZA;Nuvia Maribel Quintana Pinto;MOVIMIENTO SALVACIÓN NACIONAL;6
GAMEZA;Partido Conservador Colombiano;PARTIDO CONSERVADOR COLOMBIANO;6
GAMEZA;Jaime Humberto Barrera Alfonso;PARTIDO CAMBIO RADICAL;5
GAMEZA;Partido Cambio Radical;PARTIDO CAMBIO RADICAL;5
GAMEZA;Jose Edilberto Parra Cristancho;PARTIDO CENTRO DEMOCRÁTICO;4
GAMEZA;Claudia Rocio Morales Parra;PARTIDO DE LA UNIÓN POR LA GENTE - PARTIDO DE LA U;3
GAMEZA;Jose Abiseno Rivera Machuca;MOVIMIENTO POLÍTICO COLOMBIA HUMANA;3
GAMEZA;Laura Mireya Robayo Tapias;MOVIMIENTO SALVACIÓN NACIONAL;3
GAMEZA;Alba Lucia Gutierrez Siaucho;MOVIMIENTO POLÍTICO COLOMBIA HUMANA;2
GAMEZA;Estefania Baron Morales;MOVIMIENTO SALVACIÓN NACIONAL;2
GAMEZA;Flor Alba Parra Cristancho;PARTIDO LIBERAL COLOMBIANO;2
GAMEZA;Jose Alirio Perez Perez;MOVIMIENTO POLÍTICO COLOMBIA HUMANA;2
GAMEZA;Maria Flor Del Carmen Alfonso Cuta;MOVIMIENTO SALVACIÓN NACIONAL;1
GAMEZA;Movimiento Político Colombia Humana;MOVIMIENTO POLÍTICO COLOMBIA HUMANA;1
GARAGOA;Leyda Yiceth Velasquez Velasquez;PARTIDO CONSERVADOR COLOMBIANO;401
GARAGOA;Dania Soraya Gamba Fernandez;PARTIDO ALIANZA VERDE;281
GARAGOA;Maicoll Duban Leguizamon Gamez;PARTIDO ALIANZA VERDE;247
GARAGOA;Edwin Fernando Castañeda Vera;PARTIDO CAMBIO RADICAL;212
GARAGOA;Elias Antonio Cubides Monroy;PARTIDO ALIANZA VERDE;211
GARAGOA;Fabio Vargas Cristancho;PARTIDO CENTRO DEMOCRÁTICO;210
GARAGOA;Jose Eleuterio Peña Rivera;PARTIDO CONSERVADOR COLOMBIANO;188
GARAGOA;Angel Maria Cardenas Alfonso;PARTIDO CONSERVADOR COLOMBIANO;183
GARAGOA;Diego Antonio Cruz Velez;PARTIDO CONSERVADOR COLOMBIANO;181
GARAGOA;Milton Henry Rivera Rivera;PARTIDO DE LA UNIÓN POR LA GENTE - PARTIDO DE LA U;175
GARAGOA;Jorge Honorio Cuesta Alfonso;PARTIDO ALIANZA VERDE;170
GARAGOA;Carlos Alberto Sanchez Amaya;"MOVIMIENTO ALTERNATIVO INDÍGENA Y SOCIAL ""MAIS""";164
GARAGOA;Wilgen Fabian Martinez Cardenas;PARTIDO CENTRO DEMOCRÁTICO;162
GARAGOA;Luz Mery Roa Bermudez;PARTIDO CONSERVADOR COLOMBIANO;156
GARAGOA;Rafael Ricardo Toloza Castañeda;PARTIDO COLOMBIA RENACIENTE;138
GARAGOA;Julieta Leguizamon Alfonso;PARTIDO CENTRO DEMOCRÁTICO;136
GARAGOA;Wilson Mora Mojica;PARTIDO LIBERAL COLOMBIANO;135
GARAGOA;Gloria Amparo Babativa Leon;PARTIDO CONSERVADOR COLOMBIANO;134
GARAGOA;Alfredo Pineda Roa;PARTIDO LIBERAL COLOMBIANO;123
GARAGOA;Gerardo Enrique Vera Gamez;PARTIDO COLOMBIA RENACIENTE;119
GARAGOA;Aureliano Molina Ramos;PARTIDO CONSERVADOR COLOMBIANO;116
GARAGOA;Yolanda Moreno Toro;PARTIDO ALIANZA VERDE;113
GARAGOA;Jose Roberto Vargas Toloza;PARTIDO CONSERVADOR COLOMBIANO;108
GARAGOA;Jaime Alexander Lesmes;PARTIDO DE LA UNIÓN POR LA GENTE - PARTIDO DE LA U;101
GARAGOA;Melby Yorleny Peña Aguirre;PARTIDO CONSERVADOR COLOMBIANO;98
GARAGOA;Jose Evangelista Gamba Mora;PARTIDO CONSERVADOR COLOMBIANO;93
GARAGOA;Israel Leonardo Pinto Monroy;PARTIDO LIBERAL COLOMBIANO;89
GARAGOA;Victor Julio Mendoza Contreras;PARTIDO DE LA UNIÓN POR LA GENTE - PARTIDO DE LA U;87
GARAGOA;Martha Judith Rodriguez Avila;PARTIDO COLOMBIA RENACIENTE;84
GARAGOA;Ruben Dario Mendoza Rincon;PARTIDO DE LA UNIÓN POR LA GENTE - PARTIDO DE LA U;83
GARAGOA;Angel Jose Ricaurte Arrieta;PARTIDO CONSERVADOR COLOMBIANO;80
GARAGOA;Jady Milena Alfonso Gaitan;PARTIDO DE LA UNIÓN POR LA GENTE - PARTIDO DE LA U;78
GARAGOA;Cesar Alexander Martinez Alfonso;PARTIDO CENTRO DEMOCRÁTICO;77
GARAGOA;Hernando Perilla Contreras;PARTIDO CENTRO DEMOCRÁTICO;76
GARAGOA;Independientes;INDEPENDIENTES;76
GARAGOA;Cayetano Delgado Torres;PARTIDO NUEVO LIBERALISMO;73
GARAGOA;Dora Nelly Monsalve Parra;PARTIDO DE LA UNIÓN POR LA GENTE - PARTIDO DE LA U;73
GARAGOA;John Alexander Corredor Camacho;PARTIDO CAMBIO RADICAL;72
GARAGOA;Maycol Jhonatan Romero Ramirez;PARTIDO CAMBIO RADICAL;68
GARAGOA;Partido Alianza Verde;PARTIDO ALIANZA VERDE;62
GARAGOA;Olga Lucia Toloza Guerrero;PARTIDO CENTRO DEMOCRÁTICO;61
GARAGOA;Ruth Stella Montañez Fernandez;PARTIDO DE LA UNIÓN POR LA GENTE - PARTIDO DE LA U;57
GARAGOA;Nelcy Esperanza Novoa Bermudez;PARTIDO LIBERAL COLOMBIANO;53
GARAGOA;Oscar Yamid Ruiz Medina;PARTIDO NUEVO LIBERALISMO;53
GARAGOA;Partido Conservador Colombiano;PARTIDO CONSERVADOR COLOMBIANO;53
GARAGOA;Jaime Alirio Roa Guerrero;PARTIDO LIBERAL COLOMBIANO;52
GARAGOA;Mauricio Yecid Moncada Montenegro;AGRUPACIÓN POLÍTICA EN MARCHA;52
GARAGOA;Sandra Milena Garnica Dueñas;PARTIDO ALIANZA VERDE;50
GARAGOA;Karol Delfina Romero Mora;PARTIDO LIBERAL COLOMBIANO;48
GARAGOA;Yuly Nayely Alfonso Velasquez;AGRUPACIÓN POLÍTICA EN MARCHA;48
GARAGOA;Elva Yaneth Leguizamo Carranza;PARTIDO LIBERAL COLOMBIANO;47
GARAGOA;Carlos Antonio Pineda Gamba;PARTIDO CAMBIO RADICAL;46
GARAGOA;Maria Del Carmen Yanguatin Botina;PARTIDO DE LA UNIÓN POR LA GENTE - PARTIDO DE LA U;46
GARAGOA;Any Giccelly Alfonso Acevedo;"MOVIMIENTO ALTERNATIVO INDÍGENA Y SOCIAL ""MAIS""";45
GARAGOA;Daniel Ernesto Salgado Mondragon;PARTIDO NUEVO LIBERALISMO;45
GARAGOA;Henry David Rodriguez Parada;PARTIDO COLOMBIA RENACIENTE;44
GARAGOA;Javier Alejandro Gamez Moreno;PARTIDO ALIANZA VERDE;42
GARAGOA;Maria Hercilia Leon Torres;PARTIDO CAMBIO RADICAL;41
GARAGOA;Nestor Gonzalo Cardenas Valero;PARTIDO CAMBIO RADICAL;41
GARAGOA;Jose Luis Daza Olmos;PARTIDO ALIANZA VERDE;40
GARAGOA;Partido Centro Democrático;PARTIDO CENTRO DEMOCRÁTICO;40
GARAGOA;Heydi Yobana Orjuela Jimenez;PARTIDO CAMBIO RADICAL;39
GARAGOA;Johanna Patricia Sosa Gomez;PARTIDO ALIANZA VERDE;38
GARAGOA;Jamesson Humberto Cabezas Vargas;PARTIDO LIBERAL COLOMBIANO;35
GARAGOA;Jose Ramon Pabon Rodriguez;PARTIDO NUEVO LIBERALISMO;34
GARAGOA;Liliana De Jesus Vera Villamil;AGRUPACIÓN POLÍTICA EN MARCHA;34
GARAGOA;Jose Oscar Quesada Rodriguez;PARTIDO NUEVO LIBERALISMO;33
GARAGOA;Ruben Dario Pinzon Serrano;PARTIDO LIBERAL COLOMBIANO;33
GARAGOA;Maria Alejandra Quiroga Ramirez;PARTIDO DE LA UNIÓN POR LA GENTE - PARTIDO DE LA U;32
GARAGOA;Ruth Andrea Lesmes Montañez;PARTIDO CENTRO DEMOCRÁTICO;31
GARAGOA;Yanid Avila Arevalo;PARTIDO COLOMBIA JUSTA LIBRES;31
GARAGOA;Partido Cambio Radical;PARTIDO CAMBIO RADICAL;30
GARAGOA;Rosita Evidalia Bueno Martinez;PARTIDO DE LA UNIÓN POR LA GENTE - PARTIDO DE LA U;30
GARAGOA;Partido Liberal Colombiano;PARTIDO LIBERAL COLOMBIANO;29
GARAGOA;Danna Lilley Betancourt Bernal;"MOVIMIENTO ALTERNATIVO INDÍGENA Y SOCIAL ""MAIS""";28
GARAGOA;Rafael Eduardo Sanchez Torres;PARTIDO COLOMBIA RENACIENTE;26
GARAGOA;Marco Aurelio Avila Bonilla;PARTIDO CAMBIO RADICAL;25
GARAGOA;Maria Camila Parada Sanabria;PARTIDO CAMBIO RADICAL;25
GARAGOA;Oscar Fabian Martinez Alfonso;PARTIDO CENTRO DEMOCRÁTICO;25
GARAGOA;Doris Stefanny Rubiano Rodriguez;PARTIDO NUEVO LIBERALISMO;24
GARAGOA;Farith Saac Garcia Porras;PARTIDO CENTRO DEMOCRÁTICO;24
GARAGOA;Francy Milena Bohorquez Colmenares;PARTIDO ALIANZA VERDE;24
GARAGOA;Ida Esmid Parada Cubides;PARTIDO NUEVO LIBERALISMO;24
GARAGOA;Deisy Tatiana Duarte Sanchez;PARTIDO CAMBIO RADICAL;22
GARAGOA;Mario Humberto Castillo Gamez;"MOVIMIENTO ALTERNATIVO INDÍGENA Y SOCIAL ""MAIS""";22
GARAGOA;Partido Nuevo Liberalismo;PARTIDO NUEVO LIBERALISMO;22
GARAGOA;Juliana Andrea Alfonso Martinez;PARTIDO LIBERAL COLOMBIANO;21
GARAGOA;Jenny Marcela Morales Porras;PARTIDO CAMBIO RADICAL;20
GARAGOA;Marilin Poveda Hernandez;"MOVIMIENTO ALTERNATIVO INDÍGENA Y SOCIAL ""MAIS""";20
GARAGOA;Pedro Valero Lopez;PARTIDO COLOMBIA RENACIENTE;20
GARAGOA;Carlos Andres Perez Toro;"MOVIMIENTO ALTERNATIVO INDÍGENA Y SOCIAL ""MAIS""";17
GARAGOA;Henry Falcao Perez Diaz;"MOVIMIENTO ALTERNATIVO INDÍGENA Y SOCIAL ""MAIS""";17
GARAGOA;Partido Colombia Renaciente;PARTIDO COLOMBIA RENACIENTE;17
GARAGOA;Lina Viviana Moreno Leon;PARTIDO COLOMBIA RENACIENTE;16
GARAGOA;Partido De La Unión Por La Gente - Partido De La U;PARTIDO DE LA UNIÓN POR LA GENTE - PARTIDO DE LA U;16
GARAGOA;Angel Maria Contreras Sanchez;AGRUPACIÓN POLÍTICA EN MARCHA;15
GARAGOA;Nixson Elay Esquivel Buitrago;PARTIDO COLOMBIA RENACIENTE;15
GARAGOA;Luz Mireya Sanchez Daza;AGRUPACIÓN POLÍTICA EN MARCHA;14
GARAGOA;Rosalba Fula Garnica;PARTIDO COLOMBIA JUSTA LIBRES;12
GARAGOA;Sonia Katerine Parada Rodriguez;PARTIDO CENTRO DEMOCRÁTICO;12
GARAGOA;Angelica Guzman;PARTIDO COLOMBIA RENACIENTE;11
GARAGOA;Wilson Yiovany Vera Rodriguez;PARTIDO COLOMBIA JUSTA LIBRES;11
GARAGOA;Erika Yamile Martinez Martinez;AGRUPACIÓN POLÍTICA EN MARCHA;10
GARAGOA;Julian Alberto Rivera Alfonso;AGRUPACIÓN POLÍTICA EN MARCHA;10
GARAGOA;Tania Vanessa Cruz Vera;AGRUPACIÓN POLÍTICA EN MARCHA;10
GARAGOA;Lina Jazmin Tamayo Rojas;PARTIDO COLOMBIA RENACIENTE;9
GARAGOA;"Movimiento Alternativo Indígena Y Social ""Mais""";"MOVIMIENTO ALTERNATIVO INDÍGENA Y SOCIAL ""MAIS""";9
GARAGOA;Raul Farney Urrego;"MOVIMIENTO ALTERNATIVO INDÍGENA Y SOCIAL ""MAIS""";9
GARAGOA;Agrupación Política En Marcha;AGRUPACIÓN POLÍTICA EN MARCHA;8
GARAGOA;Beimar Ramos Peña;PARTIDO ALIANZA VERDE;8
GARAGOA;Diana Chirley Toloza Amaya;AGRUPACIÓN POLÍTICA EN MARCHA;8
GARAGOA;Rosa Elena Dueñas Garcia;PARTIDO COLOMBIA JUSTA LIBRES;8
GARAGOA;Gonzalo Barreto Olmos;"MOVIMIENTO ALTERNATIVO INDÍGENA Y SOCIAL ""MAIS""";7
GARAGOA;Luis Alfonso Ramirez Cano;PARTIDO COLOMBIA JUSTA LIBRES;7
GARAGOA;Miller Arley Montañez Cubides;PARTIDO LIBERAL COLOMBIANO;7
GARAGOA;Olga Maria Vanegas Rubiano;PARTIDO COLOMBIA RENACIENTE;7
GARAGOA;Partido Colombia Justa Libres;PARTIDO COLOMBIA JUSTA LIBRES;7
GARAGOA;Gary Fernando Leon Gonzalez;PARTIDO NUEVO LIBERALISMO;6
GARAGOA;Alicia Montañez Montañez;PARTIDO COLOMBIA JUSTA LIBRES;5
GARAGOA;Luis Yobany Huertas Jimenez;PARTIDO NUEVO LIBERALISMO;5
GARAGOA;Danna Valentina Orozco Romero;AGRUPACIÓN POLÍTICA EN MARCHA;4
GARAGOA;Uriel Bernal Cuesta;PARTIDO COLOMBIA JUSTA LIBRES;4
GARAGOA;Yeimy Viviana Valero Briñez;PARTIDO NUEVO LIBERALISMO;4
GARAGOA;Wendy Tatiana Romero Peña;PARTIDO DE LA UNIÓN POR LA GENTE - PARTIDO DE LA U;3
GARAGOA;Angela Gissell Martinez Monroy;AGRUPACIÓN POLÍTICA EN MARCHA;2
GARAGOA;Hugo Humberto Franco;PARTIDO COLOMBIA JUSTA LIBRES;2
GARAGOA;Roberto Avila Gonzalez;PARTIDO COLOMBIA JUSTA LIBRES;2
GUACAMAYAS;Luis Alfredo Triana Acevedo;PARTIDO CENTRO DEMOCRÁTICO;129
GUACAMAYAS;Celestino Gonzalez Gonzalez;PARTIDO CONSERVADOR COLOMBIANO;126
GUACAMAYAS;Maria Helena Baron Tequia;PARTIDO CAMBIO RADICAL;113
GUACAMAYAS;Rafael Blanco Neira;PARTIDO CONSERVADOR COLOMBIANO;105
GUACAMAYAS;Jairo Alexander Duarte Buitrago;PARTIDO VERDE OXÍGENO;95
GUACAMAYAS;Jorge Serafin Jurado Jurado;PARTIDO CENTRO DEMOCRÁTICO;92
GUACAMAYAS;Jhon Jairo Carreño Arenas;PARTIDO VERDE OXÍGENO;76
GUACAMAYAS;Blanca Flor Jurado Blanco;PARTIDO CONSERVADOR COLOMBIANO;65
GUACAMAYAS;Ramiro Ignacio Suescun Niño;PARTIDO VERDE OXÍGENO;59
GUACAMAYAS;Andres Camilo Montañez Meneses;PARTIDO VERDE OXÍGENO;56
GUACAMAYAS;Ivan Dario Bustacara Largo;PARTIDO CAMBIO RADICAL;53
GUACAMAYAS;Luis Alejandro Blanco Albarracin;PARTIDO CONSERVADOR COLOMBIANO;46
GUACAMAYAS;Emilio Largo Gonzalez;PARTIDO CONSERVADOR COLOMBIANO;32
GUACAMAYAS;Camila Fernanda Rincón Gonzalez;PARTIDO CENTRO DEMOCRÁTICO;28
GUACAMAYAS;Paola Andrea Barrera Florez;PARTIDO CENTRO DEMOCRÁTICO;19
GUACAMAYAS;Pedro Jose Silva Godoy;PARTIDO CENTRO DEMOCRÁTICO;19
GUACAMAYAS;Nury Stella Garcia Silva;PARTIDO CONSERVADOR COLOMBIANO;18
GUACAMAYAS;Rosa Maria Cordon Espinosa;PARTIDO DE LA UNIÓN POR LA GENTE - PARTIDO DE LA U;15
GUACAMAYAS;Dora Carmenza Lizarazo Sepulveda;PARTIDO VERDE OXÍGENO;11
GUACAMAYAS;Alejandro Cordero Blanco;PARTIDO CAMBIO RADICAL;9
GUACAMAYAS;Guillermo Rico;PARTIDO DE LA UNIÓN POR LA GENTE - PARTIDO DE LA U;9
GUACAMAYAS;Isaura Valderrama Neira;PARTIDO CONSERVADOR COLOMBIANO;9
GUACAMAYAS;Oscar Javier Cordon Espinosa;PARTIDO CAMBIO RADICAL;9
GUACAMAYAS;Rosa Sierra Sierra;PARTIDO VERDE OXÍGENO;9
GUACAMAYAS;Partido Verde Oxígeno;PARTIDO VERDE OXÍGENO;8
GUACAMAYAS;Ana Joaquina Sepulveda Sierra;PARTIDO CAMBIO RADICAL;6
GUACAMAYAS;Partido Centro Democrático;PARTIDO CENTRO DEMOCRÁTICO;6
GUACAMAYAS;Partido Conservador Colombiano;PARTIDO CONSERVADOR COLOMBIANO;5
GUACAMAYAS;Partido Cambio Radical;PARTIDO CAMBIO RADICAL;4
GUACAMAYAS;Jhon Fredy Blanco Vanegas;PARTIDO CAMBIO RADICAL;1
GUACAMAYAS;Partido De La Unión Por La Gente - Partido De La U;PARTIDO DE LA UNIÓN POR LA GENTE - PARTIDO DE LA U;1
GUACAMAYAS;Rubiela Amparo Sanchez Celis;PARTIDO CAMBIO RADICAL;1
GUATEQUE;Diego Fernando Moreno Pirateque;PARTIDO LIBERAL COLOMBIANO;271
GUATEQUE;Jorge Amelio Perilla Ramirez;PARTIDO ALIANZA VERDE;202
GUATEQUE;Pablo Alonso Marquez Velasco;PARTIDO ALIANZA VERDE;186
GUATEQUE;Blanca Lilia Ramirez Arismendy;AGRUPACIÓN POLÍTICA EN MARCHA;173
GUATEQUE;Nelson Hernan Moya Barreto;PARTIDO CAMBIO RADICAL;167
GUATEQUE;Monica Del Pilar Sanchez Arevalo;PARTIDO CONSERVADOR COLOMBIANO;157
GUATEQUE;Jefferson Damian Garzon Martinez;PARTIDO CAMBIO RADICAL;153
GUATEQUE;Neil Rolando Garcia Rodriguez;PARTIDO LIBERAL COLOMBIANO;138
GUATEQUE;Eloisa Del Carmen Dueñas Bohorquez;PARTIDO ALIANZA VERDE;137
GUATEQUE;Juan Cristobal Vargas;PARTIDO LIBERAL COLOMBIANO;135
GUATEQUE;Jose Santos Martinez Moreno;MOVIMIENTO POLITICO FUERZA CIUDADANA;128
GUATEQUE;Julieth Paola Hernandez Morales;PARTIDO ALIANZA VERDE;128
GUATEQUE;Jhonn Edilson Corredor Carvajal;AGRUPACIÓN POLÍTICA EN MARCHA;122
GUATEQUE;Dario Armando Fandiño Martinez;PARTIDO ALIANZA VERDE;114
GUATEQUE;Jairo Oswaldo Roa Novoa;PARTIDO CAMBIO RADICAL;114
GUATEQUE;Juan Manuel Camero Medina;"PARTIDO ALIANZA SOCIAL INDEPENDIENTE ""ASI""";114
GUATEQUE;Diego Alexander Corba Panadero;MOVIMIENTO POLITICO FUERZA CIUDADANA;113
GUATEQUE;Carlos Eduardo Martinez Doncel;PARTIDO LIBERAL COLOMBIANO;107
GUATEQUE;Cristian Alberto Fernandez Sanchez;PARTIDO CONSERVADOR COLOMBIANO;107
GUATEQUE;Erika Alexandra Nieto Preciado;PARTIDO LIBERAL COLOMBIANO;104
GUATEQUE;German Mauricio Ruiz Leon;PARTIDO ALIANZA VERDE;90
GUATEQUE;Sergio Andres Castro Martinez;PARTIDO POLÍTICO DIGNIDAD & COMPROMISO;90
GUATEQUE;Dumar Andrey Roa Ruiz;PARTIDO CONSERVADOR COLOMBIANO;82
GUATEQUE;Nilson David Umbasia Cardenas;PARTIDO LIBERAL COLOMBIANO;76
GUATEQUE;Emiliano Parra Castañeda;PARTIDO CENTRO DEMOCRÁTICO;72
GUATEQUE;Carlos Andres Hernandez;AGRUPACIÓN POLÍTICA EN MARCHA;69
GUATEQUE;Jose Segundo Canchala Arteaga;AGRUPACIÓN POLÍTICA EN MARCHA;66
GUATEQUE;Daniel Vicente Hernandez Mondragon;PARTIDO ALIANZA VERDE;63
GUATEQUE;Francy Lorena Rojas Alfonso;MOVIMIENTO POLITICO FUERZA CIUDADANA;62
GUATEQUE;William Hernando Suarez Sanchez;"MOVIMIENTO ALTERNATIVO INDÍGENA Y SOCIAL ""MAIS""";62
GUATEQUE;Andres Camilo Fernandez Bueno;PARTIDO ALIANZA VERDE;57
GUATEQUE;Partido Alianza Verde;PARTIDO ALIANZA VERDE;57
GUATEQUE;Angela Carolina Chaves Muñoz;PARTIDO ALIANZA VERDE;55
GUATEQUE;Maria Rocio Negret Calero;MOVIMIENTO POLITICO FUERZA CIUDADANA;54
GUATEQUE;Partido Político Creemos;PARTIDO POLÍTICO CREEMOS;48
GUATEQUE;Partido Liberal Colombiano;PARTIDO LIBERAL COLOMBIANO;45
GUATEQUE;Jose Ernesto Bohorquez Parra;"MOVIMIENTO ALTERNATIVO INDÍGENA Y SOCIAL ""MAIS""";44
GUATEQUE;Misael Antonio Contreras Villagran;PARTIDO POLÍTICO DIGNIDAD & COMPROMISO;44
GUATEQUE;Ricardo Torres Muñoz;PARTIDO CONSERVADOR COLOMBIANO;44
GUATEQUE;Yuleidy Corba Medina;PARTIDO LIBERAL COLOMBIANO;44
GUATEQUE;Gustavo Ariel Sarmiento Ruiz;PARTIDO LIBERAL COLOMBIANO;43
GUATEQUE;Edison Steven Carranza Carranza;"MOVIMIENTO ALTERNATIVO INDÍGENA Y SOCIAL ""MAIS""";41
GUATEQUE;Yuri Aleyda Cuesta Guataquira;PARTIDO ALIANZA VERDE;40
GUATEQUE;Blanca Cecilia Galvis Medina;PARTIDO CONSERVADOR COLOMBIANO;39
GUATEQUE;Heidy Johanna Ramirez Roa;PARTIDO POLÍTICO DIGNIDAD & COMPROMISO;39
GUATEQUE;Martha Mateus Zorro;"MOVIMIENTO ALTERNATIVO INDÍGENA Y SOCIAL ""MAIS""";37
GUATEQUE;Leidy Vanessa Martin Tandioy;AGRUPACIÓN POLÍTICA EN MARCHA;33
GUATEQUE;Luis Carlos Morales Moreno;PARTIDO LIBERAL COLOMBIANO;33
GUATEQUE;Oscar Alexander Roa Murcia;"PARTIDO ALIANZA SOCIAL INDEPENDIENTE ""ASI""";33
GUATEQUE;Adrian Ricardo Jimenez Perez;PARTIDO CONSERVADOR COLOMBIANO;31
GUATEQUE;Julio Roberto Moreno Daza;PARTIDO ALIANZA VERDE;31
GUATEQUE;Luis Alberto Pinto Romero;"PARTIDO ALIANZA SOCIAL INDEPENDIENTE ""ASI""";31
GUATEQUE;Duvan Nicolas Daza Celis;PARTIDO CAMBIO RADICAL;30
GUATEQUE;Ana Ilda Zamora Fernandez;MOVIMIENTO POLITICO FUERZA CIUDADANA;29
GUATEQUE;Laura Alejandra Velaides Morales;PARTIDO POLÍTICO DIGNIDAD & COMPROMISO;28
GUATEQUE;Movimiento Politico Fuerza Ciudadana;MOVIMIENTO POLITICO FUERZA CIUDADANA;27
GUATEQUE;Partido Cambio Radical;PARTIDO CAMBIO RADICAL;27
GUATEQUE;Sonia Marlene Santamaria Perilla;PARTIDO CAMBIO RADICAL;27
GUATEQUE;William Fabian Castañeda Diaz;AGRUPACIÓN POLÍTICA EN MARCHA;27
GUATEQUE;Jeronimo Parada Soler;PARTIDO LIGA GOBERNANTES ANTICORRUPCIÓN - LIGA;25
GUATEQUE;Mirya Astrid Buitrago Acevedo;PARTIDO LIBERAL COLOMBIANO;25
GUATEQUE;Deogracias Camilo Romero Nino;AGRUPACIÓN POLÍTICA EN MARCHA;23
GUATEQUE;Graciela Roa Pirateque;NUEVA FUERZA DEMOCRÁTICA;23
GUATEQUE;Franck Diego Castillo Martinez;"MOVIMIENTO ALTERNATIVO INDÍGENA Y SOCIAL ""MAIS""";22
GUATEQUE;Mayra Natalia Vacca Perilla;PARTIDO CONSERVADOR COLOMBIANO;22
GUATEQUE;Carol Yuliana Melo Pinto;PARTIDO CAMBIO RADICAL;21
GUATEQUE;"Movimiento Alternativo Indígena Y Social ""Mais""";"MOVIMIENTO ALTERNATIVO INDÍGENA Y SOCIAL ""MAIS""";21
GUATEQUE;Natalia Romero Ramirez;PARTIDO POLÍTICO DIGNIDAD & COMPROMISO;21
GUATEQUE;Guillermo Rafael Carranza Ruiz;"PARTIDO ALIANZA SOCIAL INDEPENDIENTE ""ASI""";19
GUATEQUE;Orlando Hernandez Gonzalez;PARTIDO LIGA GOBERNANTES ANTICORRUPCIÓN - LIGA;19
GUATEQUE;Claudia Corredor Diaz;"PARTIDO ALIANZA SOCIAL INDEPENDIENTE ""ASI""";18
GUATEQUE;Karol Nathalia Sanchez Rojo;PARTIDO LIBERAL COLOMBIANO;18
GUATEQUE;Juan Gabriel Franco Gonzalez;PARTIDO CAMBIO RADICAL;17
GUATEQUE;Michell Alejandra Sacristan Romero;PARTIDO CAMBIO RADICAL;17
GUATEQUE;Partido Conservador Colombiano;PARTIDO CONSERVADOR COLOMBIANO;17
GUATEQUE;Diana Milena Bernal Guacheta;PARTIDO POLÍTICO DIGNIDAD & COMPROMISO;16
GUATEQUE;Angela Maria Salgado Higuera;PARTIDO CENTRO DEMOCRÁTICO;15
GUATEQUE;Michael Alexis Hurtado Cortes;PARTIDO CONSERVADOR COLOMBIANO;15
GUATEQUE;Pedro Vicente Alfonso Celis;"MOVIMIENTO ALTERNATIVO INDÍGENA Y SOCIAL ""MAIS""";15
GUATEQUE;Jose Gabriel Peña;PARTIDO CONSERVADOR COLOMBIANO;14
GUATEQUE;Felix Eduardo Diaz Piñeros;PARTIDO CENTRO DEMOCRÁTICO;12
GUATEQUE;Ingrit Carolina Castiblanco Soriano;"PARTIDO ALIANZA SOCIAL INDEPENDIENTE ""ASI""";12
GUATEQUE;Ronald Fernando Rocha Bohorquez;"MOVIMIENTO ALTERNATIVO INDÍGENA Y SOCIAL ""MAIS""";12
GUATEQUE;Cesar Ernesto Alvarez Ramirez;AGRUPACIÓN POLÍTICA EN MARCHA;11
GUATEQUE;Fredy Alexander Ramirez Castro;NUEVA FUERZA DEMOCRÁTICA;11
GUATEQUE;Humberto Sacristan Cuesta;NUEVA FUERZA DEMOCRÁTICA;11
GUATEQUE;Partido Centro Democrático;PARTIDO CENTRO DEMOCRÁTICO;11
GUATEQUE;Rafael Andres Gonzalez Perilla;"PARTIDO ALIANZA SOCIAL INDEPENDIENTE ""ASI""";11
GUATEQUE;Alba Rocio Peña Vargas;PARTIDO LIGA GOBERNANTES ANTICORRUPCIÓN - LIGA;10
GUATEQUE;Concepcion Roa Lopez;PARTIDO CENTRO DEMOCRÁTICO;10
GUATEQUE;Heidy Lorena Sanchez Sanchez;"MOVIMIENTO ALTERNATIVO INDÍGENA Y SOCIAL ""MAIS""";10
GUATEQUE;Sandy Yulieth Guacheta Alfonso;"PARTIDO ALIANZA SOCIAL INDEPENDIENTE ""ASI""";10
GUATEQUE;Estefany Yudit Castillo Sierra;NUEVA FUERZA DEMOCRÁTICA;9
GUATEQUE;Leidy Carolina Primiciero Tolosa;PARTIDO CENTRO DEMOCRÁTICO;9
GUATEQUE;River Frank Yaya Ramos;PARTIDO CONSERVADOR COLOMBIANO;9
GUATEQUE;Victor Armando Gomez Roa;PARTIDO LIGA GOBERNANTES ANTICORRUPCIÓN - LIGA;9
GUATEQUE;Angie Carolina Moreno Gonzalez;"MOVIMIENTO ALTERNATIVO INDÍGENA Y SOCIAL ""MAIS""";8
GUATEQUE;Angie Magnary Moreno Bernal;PARTIDO POLÍTICO DIGNIDAD & COMPROMISO;8
GUATEQUE;Camilo Antonio Leon Vanegas;MOVIMIENTO SALVACIÓN NACIONAL;8
GUATEQUE;Fernando Leon Bedoya Serna;PARTIDO POLÍTICO DIGNIDAD & COMPROMISO;8
GUATEQUE;Ronal De Jesus Ariza Andrade;AGRUPACIÓN POLÍTICA EN MARCHA;8
GUATEQUE;Ingrid Yorleni Calderon Carranza;PARTIDO LIGA GOBERNANTES ANTICORRUPCIÓN - LIGA;7
GUATEQUE;Lida Del Pilar Salas Benavides;PARTIDO CONSERVADOR COLOMBIANO;7
GUATEQUE;"Partido Alianza Social Independiente ""Asi""";"PARTIDO ALIANZA SOCIAL INDEPENDIENTE ""ASI""";7
GUATEQUE;Sully Fernanda Gutierrez Montenegro;AGRUPACIÓN POLÍTICA EN MARCHA;7
GUATEQUE;Yeny Esperanza Garcia Martin;NUEVA FUERZA DEMOCRÁTICA;7
GUATEQUE;David Eduardo Bernal Rodriguez;NUEVA FUERZA DEMOCRÁTICA;6
GUATEQUE;Yorley Mileni Mora Castillo;AGRUPACIÓN POLÍTICA EN MARCHA;6
GUATEQUE;Dayana Patricia Calderon Ramirez;PARTIDO CENTRO DEMOCRÁTICO;5
GUATEQUE;Fredy Salgado Sarmiento;PARTIDO LIGA GOBERNANTES ANTICORRUPCIÓN - LIGA;4
GUATEQUE;Jeimy Catherine Guerrero Mendoza;MOVIMIENTO SALVACIÓN NACIONAL;4
GUATEQUE;Jose Alvaro Gutierrez Bohorquez;NUEVA FUERZA DEMOCRÁTICA;4
GUATEQUE;Marco Fidel Alfonso Salazar;"PARTIDO ALIANZA SOCIAL INDEPENDIENTE ""ASI""";4
GUATEQUE;Nueva Fuerza Democrática;NUEVA FUERZA DEMOCRÁTICA;4
GUATEQUE;Partido Liga Gobernantes Anticorrupción - Liga;PARTIDO LIGA GOBERNANTES ANTICORRUPCIÓN - LIGA;4
GUATEQUE;Partido Político Dignidad & Compromiso;PARTIDO POLÍTICO DIGNIDAD & COMPROMISO;4
GUATEQUE;Agrupación Política En Marcha;AGRUPACIÓN POLÍTICA EN MARCHA;3
GUATEQUE;Ema Cecilia Ladino;"PARTIDO ALIANZA SOCIAL INDEPENDIENTE ""ASI""";3
GUATEQUE;Maricela Gonzalez Rodriguez;PARTIDO LIGA GOBERNANTES ANTICORRUPCIÓN - LIGA;3
GUATEQUE;Solanyi Torres Cortes;"MOVIMIENTO ALTERNATIVO INDÍGENA Y SOCIAL ""MAIS""";3
GUATEQUE;Ana Del Carmen Barrera Rodriguez;"PARTIDO ALIANZA SOCIAL INDEPENDIENTE ""ASI""";2
GUATEQUE;Laura Andrea Sanchez Alfonso;NUEVA FUERZA DEMOCRÁTICA;2
GUATEQUE;Nasly Daniela Lemus Alfonso;PARTIDO POLÍTICO DIGNIDAD & COMPROMISO;2
GUATEQUE;Henry Leonardo Romero Castillo;PARTIDO POLÍTICO DIGNIDAD & COMPROMISO;1
GUATEQUE;Jose Ricardo Matiz Pardo;NUEVA FUERZA DEMOCRÁTICA;1
GUATEQUE;Movimiento  Salvación Nacional;MOVIMIENTO SALVACIÓN NACIONAL;1
GUAYATA;William Alfonso Cardozo;RENOVACIÓN CIUDADANA;183
GUAYATA;Yenny Paola Roa Arboleda;PARTIDO CONSERVADOR COLOMBIANO;166
GUAYATA;Jose Dario Ramirez Orjuela;PARTIDO ALIANZA VERDE;163
GUAYATA;Omar Aurelio Parra Piñeros;PARTIDO ALIANZA VERDE;140
GUAYATA;Ignacio Heredia Ruiz;PARTIDO CONSERVADOR COLOMBIANO;139
GUAYATA;Juan Numael Piñeros;PARTIDO ALIANZA VERDE;139
GUAYATA;Oscar Ferney Lopez Moreno;PARTIDO CENTRO DEMOCRÁTICO;126
GUAYATA;William Alonso Guerrero Castro;PARTIDO CENTRO DEMOCRÁTICO;124
GUAYATA;Segundo Serafin Ruiz Piñeros;PARTIDO ALIANZA VERDE;121
GUAYATA;Juan Alejandro Quintero Bravo;ARRAIGO GUAYATUNO;119
GUAYATA;Yonson Moises Barreto Alfonso;PARTIDO DE LA UNIÓN POR LA GENTE - PARTIDO DE LA U;118
GUAYATA;German Orlando Novoa Barrera;PARTIDO CONSERVADOR COLOMBIANO;90
GUAYATA;Gina Paola Lopez Ramirez;PARTIDO ALIANZA VERDE;87
GUAYATA;Jose Adolfo Rubio Barrera;PARTIDO CONSERVADOR COLOMBIANO;86
GUAYATA;Miguel Angel Piñeros Piñeros;PARTIDO CONSERVADOR COLOMBIANO;85
GUAYATA;Daniela Alexandra Rubiano Piñeros;PARTIDO ALIANZA VERDE;71
GUAYATA;Enrique Alberto Dueñas Piñeros;PARTIDO ALIANZA VERDE;66
GUAYATA;Dielith Noraldi Castro Guanay;PARTIDO CONSERVADOR COLOMBIANO;63
GUAYATA;Manuel Hernando Cuesta Gaitan;PARTIDO CENTRO DEMOCRÁTICO;63
GUAYATA;Andres Alberto Salinas Diaz;PARTIDO DE LA UNIÓN POR LA GENTE - PARTIDO DE LA U;59
GUAYATA;Segundo Diaz Vargas;PARTIDO ALIANZA VERDE;58
GUAYATA;Edgar Hernando Lopez Martin;PARTIDO DE LA UNIÓN POR LA GENTE - PARTIDO DE LA U;54
GUAYATA;Fredy Albeiro Pinto;PARTIDO DE LA UNIÓN POR LA GENTE - PARTIDO DE LA U;50
GUAYATA;Favian Mauricio Leon Buitrago;PARTIDO CONSERVADOR COLOMBIANO;48
GUAYATA;Lorena Yiseth Gutierrez Gutierrez;PARTIDO CENTRO DEMOCRÁTICO;45
GUAYATA;Diego Vargas Diaz;ARRAIGO GUAYATUNO;44
GUAYATA;Fabio Ernesto Piñeros Ramirez;PARTIDO CONSERVADOR COLOMBIANO;42
GUAYATA;Ana Lucinda Lopez Martin;ARRAIGO GUAYATUNO;35
GUAYATA;German Alirio Mesa Zambrano;PARTIDO LIBERAL COLOMBIANO;33
GUAYATA;Alejandro Parra;PARTIDO DE LA UNIÓN POR LA GENTE - PARTIDO DE LA U;27
GUAYATA;Hugo Hernando Garcia Piñeros;RENOVACIÓN CIUDADANA;26
GUAYATA;Ingrid Karime Rodriguez Lujan;RENOVACIÓN CIUDADANA;26
GUAYATA;Partido Alianza Verde;PARTIDO ALIANZA VERDE;20
GUAYATA;Camilo Andres Piñeros Garzon;PARTIDO LIBERAL COLOMBIANO;19
GUAYATA;Partido Centro Democrático;PARTIDO CENTRO DEMOCRÁTICO;18
GUAYATA;Yankelina Montenegro Pineda;PARTIDO ALIANZA VERDE;18
GUAYATA;Juan Mario Acosta Salinas;PARTIDO LIBERAL COLOMBIANO;17
GUAYATA;Mauricio Montenegro Perilla;PARTIDO LIBERAL COLOMBIANO;15
GUAYATA;Partido Conservador Colombiano;PARTIDO CONSERVADOR COLOMBIANO;15
GUAYATA;Renovación Ciudadana;RENOVACIÓN CIUDADANA;12
GUAYATA;Partido De La Unión Por La Gente - Partido De La U;PARTIDO DE LA UNIÓN POR LA GENTE - PARTIDO DE LA U;11
GUAYATA;Angela Carolina Montenegro Barrera;PARTIDO CENTRO DEMOCRÁTICO;10
GUAYATA;Deisy Natalia Morales Cardenas;PARTIDO CENTRO DEMOCRÁTICO;10
GUAYATA;Andrea Yulied Escobar Gutierrez;PARTIDO DE LA UNIÓN POR LA GENTE - PARTIDO DE LA U;9
GUAYATA;Katherine Milena Roa Paez;PARTIDO LIBERAL COLOMBIANO;8
GUAYATA;Raul Antonio Espejo Piñeros;PARTIDO CENTRO DEMOCRÁTICO;8
GUAYATA;Ana Irene Barreto Gutierrez;PARTIDO DE LA UNIÓN POR LA GENTE - PARTIDO DE LA U;7
GUAYATA;Angie Catalina Chaves Guerrero;PARTIDO DE LA UNIÓN POR LA GENTE - PARTIDO DE LA U;7
GUAYATA;Gustavo Andres Ruiz Ruiz;PARTIDO DE LA UNIÓN POR LA GENTE - PARTIDO DE LA U;7
GUAYATA;Liliana Carolina Martin Leon;PARTIDO LIBERAL COLOMBIANO;7
GUAYATA;Luisa Yolanda Gomez;PARTIDO LIBERAL COLOMBIANO;7
GUAYATA;Partido Liberal Colombiano;PARTIDO LIBERAL COLOMBIANO;6
GUAYATA;Nohora Clemencia Zambrano Piñeros;PARTIDO CONSERVADOR COLOMBIANO;5
GUAYATA;Willian Armando Rincon Ramirez;PARTIDO LIBERAL COLOMBIANO;5
GUAYATA;Arraigo Guayatuno;ARRAIGO GUAYATUNO;4
GUAYATA;Derly Gineth Cifuentes Gutierrez;PARTIDO CENTRO DEMOCRÁTICO;4
GUAYATA;Luz Marina Roldan Martin;PARTIDO CENTRO DEMOCRÁTICO;1
GUICAN;Hildebrando Palacios Lopez;PARTIDO ALIANZA VERDE;133
GUICAN;Fabio Humberto Medina Lopez;"PARTIDO ALIANZA SOCIAL INDEPENDIENTE ""ASI""";119
GUICAN;Carlos Javier Niño Cocunubo;PARTIDO CAMBIO RADICAL;105
GUICAN;Movimiento Político Colombia Humana;MOVIMIENTO POLÍTICO COLOMBIA HUMANA;89
GUICAN;Hernando Carrero Quintero;PARTIDO ALIANZA VERDE;81
GUICAN;Nelson Alarcon Baron;PARTIDO CAMBIO RADICAL;77
GUICAN;Daniel Morales Cristancho;"PARTIDO ALIANZA SOCIAL INDEPENDIENTE ""ASI""";70
GUICAN;Jose Alfredo Carrero Baron;PARTIDO CENTRO DEMOCRÁTICO;68
GUICAN;Roque Esteban Leal;PARTIDO DE LA UNIÓN POR LA GENTE - PARTIDO DE LA U;68
GUICAN;Juan Felix Santisteban Muñoz;PARTIDO CAMBIO RADICAL;64
GUICAN;Marlon Jose Carvajal Correa;PARTIDO CONSERVADOR COLOMBIANO;61
GUICAN;Alveiro Javier Montañez Niño;PARTIDO ALIANZA VERDE;57
GUICAN;Ana Victoria Sua Lopez;"PARTIDO ALIANZA SOCIAL INDEPENDIENTE ""ASI""";52
GUICAN;Andres Gildardo Sinsiga Patiño;PARTIDO ALIANZA VERDE;51
GUICAN;Angela Yadira Correa Barrera;PARTIDO CONSERVADOR COLOMBIANO;49
GUICAN;Pedro Maria Vargas;PARTIDO DE LA UNIÓN POR LA GENTE - PARTIDO DE LA U;48
GUICAN;Jesus Emilio Niño Muñoz;"PARTIDO ALIANZA SOCIAL INDEPENDIENTE ""ASI""";42
GUICAN;Miguel Angel Prada Nieto;PARTIDO POLÍTICO DIGNIDAD & COMPROMISO;40
GUICAN;Selso Vicente Santisteban Leal;PARTIDO CENTRO DEMOCRÁTICO;39
GUICAN;Ana Maria Niño Bernal;PARTIDO POLÍTICO DIGNIDAD & COMPROMISO;36
GUICAN;Nelson Isidro Bernal;PARTIDO CONSERVADOR COLOMBIANO;34
GUICAN;Yaneth Cristina Leal Valbuena;PARTIDO CONSERVADOR COLOMBIANO;34
GUICAN;Herbert Humberto Orjuela Cortez;PARTIDO POLÍTICO DIGNIDAD & COMPROMISO;33
GUICAN;Giovani Ussa Mariño;"PARTIDO ALIANZA SOCIAL INDEPENDIENTE ""ASI""";30
GUICAN;Victor Hernando Esteban Leal;PARTIDO CAMBIO RADICAL;30
GUICAN;Angel Hernando Carreño Perez;PARTIDO CAMBIO RADICAL;29
GUICAN;Cesar Fernando Albarracin Borja;PARTIDO CONSERVADOR COLOMBIANO;25
GUICAN;Olga Leonor Niño Castro;"MOVIMIENTO ALTERNATIVO INDÍGENA Y SOCIAL ""MAIS""";25
GUICAN;Miguel Antonio Carreño Muñoz;PARTIDO CENTRO DEMOCRÁTICO;24
GUICAN;Eduin Antonio Valbuena Castro;PARTIDO CAMBIO RADICAL;21
GUICAN;Ginna Paola Ruiz Diaz;PARTIDO ALIANZA VERDE;21
GUICAN;Lina Marcela Rojas Mariño;"PARTIDO ALIANZA SOCIAL INDEPENDIENTE ""ASI""";20
GUICAN;Luz Marina Medrano Medina;PARTIDO CENTRO DEMOCRÁTICO;20
GUICAN;Paulina Quintero Lopez;PARTIDO ALIANZA VERDE;20
GUICAN;Rosalina Salazar Baez;PARTIDO CENTRO DEMOCRÁTICO;17
GUICAN;Luis Alberto Carrero Ussa;"PARTIDO ALIANZA SOCIAL INDEPENDIENTE ""ASI""";16
GUICAN;Alonso Barrera Velandia;PARTIDO CENTRO DEMOCRÁTICO;15
GUICAN;Luis Alfonso Ussa;"MOVIMIENTO ALTERNATIVO INDÍGENA Y SOCIAL ""MAIS""";15
GUICAN;Sandra Maria Perez Madrid;PARTIDO POLÍTICO DIGNIDAD & COMPROMISO;15
GUICAN;Jorge Carrillo Ibañez;PARTIDO CENTRO DEMOCRÁTICO;13
GUICAN;Luz Mery Leal Esteban;PARTIDO DE LA UNIÓN POR LA GENTE - PARTIDO DE LA U;13
GUICAN;Nobsa Patricia Siachoque Medina;PARTIDO CONSERVADOR COLOMBIANO;13
GUICAN;Sandra Liliana Velandia Quintero;PARTIDO CAMBIO RADICAL;13
GUICAN;Angel Maria Blanco;INDEPENDIENTES;12
GUICAN;Javier Jejen;"PARTIDO ALIANZA SOCIAL INDEPENDIENTE ""ASI""";12
GUICAN;Karen Alexandra Hernandez Valbuena;"PARTIDO ALIANZA SOCIAL INDEPENDIENTE ""ASI""";12
GUICAN;Anyi Tatiana Cristancho Tegria;"MOVIMIENTO ALTERNATIVO INDÍGENA Y SOCIAL ""MAIS""";11
GUICAN;Miguel Angel Rojas Leal;PARTIDO CONSERVADOR COLOMBIANO;9
GUICAN;Partido Alianza Verde;PARTIDO ALIANZA VERDE;9
GUICAN;Sonia Elizabeth Nuñez Amaya;PARTIDO ALIANZA VERDE;9
GUICAN;Adriana Rocio Lopez Barrera;PARTIDO DE LA UNIÓN POR LA GENTE - PARTIDO DE LA U;8
GUICAN;Martha Cecilia Vargas Ramos;PARTIDO CENTRO DEMOCRÁTICO;8
GUICAN;Nieves Ines Leal Bernal;PARTIDO POLÍTICO DIGNIDAD & COMPROMISO;8
GUICAN;"Partido Alianza Social Independiente ""Asi""";"PARTIDO ALIANZA SOCIAL INDEPENDIENTE ""ASI""";8
GUICAN;Erika Daniela Velazco Salazar;PARTIDO CAMBIO RADICAL;7
GUICAN;Javier Alarcon Muñoz;PARTIDO DE LA UNIÓN POR LA GENTE - PARTIDO DE LA U;7
GUICAN;Jorge Eduardo Valbuena Puentes;PARTIDO CONSERVADOR COLOMBIANO;7
GUICAN;Eduhar Jose Velasco Leal;PARTIDO CONSERVADOR COLOMBIANO;6
GUICAN;Marcela Leal Baez;INDEPENDIENTES;6
GUICAN;Rosalba Villareal;INDEPENDIENTES;6
GUICAN;Jorge Luis Herrera Blanco;INDEPENDIENTES;5
GUICAN;"Movimiento Alternativo Indígena Y Social ""Mais""";"MOVIMIENTO ALTERNATIVO INDÍGENA Y SOCIAL ""MAIS""";5
GUICAN;Partido Conservador Colombiano;PARTIDO CONSERVADOR COLOMBIANO;5
GUICAN;Feliciano Rojas Quintero;PARTIDO DE LA UNIÓN POR LA GENTE - PARTIDO DE LA U;4
GUICAN;Jose Alfredo Alarcon Sandoval;"MOVIMIENTO ALTERNATIVO INDÍGENA Y SOCIAL ""MAIS""";4
GUICAN;Juan Pablo Fernandez Prada;PARTIDO POLÍTICO DIGNIDAD & COMPROMISO;4
GUICAN;Marco Aurelio Muñoz Puentes;PARTIDO ALIANZA VERDE;4
GUICAN;Partido Cambio Radical;PARTIDO CAMBIO RADICAL;4
GUICAN;Partido Centro Democrático;PARTIDO CENTRO DEMOCRÁTICO;4
GUICAN;Partido De La Unión Por La Gente - Partido De La U;PARTIDO DE LA UNIÓN POR LA GENTE - PARTIDO DE LA U;4
GUICAN;Exmid Jimena Mora Puentes;"MOVIMIENTO ALTERNATIVO INDÍGENA Y SOCIAL ""MAIS""";3
GUICAN;Karen Daniela Castro Correa;PARTIDO CAMBIO RADICAL;3
GUICAN;Partido Político Dignidad & Compromiso;PARTIDO POLÍTICO DIGNIDAD & COMPROMISO;2
GUICAN;Luis Uriel Rivera Gamboa;INDEPENDIENTES;1
GUICAN;Yunria Monica Rinconada Rinconada;"MOVIMIENTO ALTERNATIVO INDÍGENA Y SOCIAL ""MAIS""";1
IZA;Fabio Emel Sotaquira Rincon;PARTIDO ALIANZA VERDE;163
IZA;Estefania Santana Parada;PARTIDO CENTRO DEMOCRÁTICO;139
IZA;Monica Paola Ruiz Guauque;PARTIDO ALIANZA VERDE;139
IZA;Andres Leonardo Lopez Perez;PARTIDO LIBERAL COLOMBIANO;106
IZA;Patricia Alejandra Macias;PARTIDO CONSERVADOR COLOMBIANO;95
IZA;German Alberto Vega Laverde;PARTIDO DE LA UNIÓN POR LA GENTE - PARTIDO DE LA U;83
IZA;Michael Adolfo Preciado Alvarez;PARTIDO ALIANZA VERDE;81
IZA;Manuel Jose Salamanca Castellanos;PARTIDO CENTRO DEMOCRÁTICO;80
IZA;Roberto Cepeda Turga;PARTIDO CENTRO DEMOCRÁTICO;75
IZA;Oscar Fernando Camargo Chaparro;PARTIDO CONSERVADOR COLOMBIANO;73
IZA;Victor Manuel Sanchez Lopez;PARTIDO CONSERVADOR COLOMBIANO;72
IZA;Fernando Diaz Gomez;PARTIDO DE LA UNIÓN POR LA GENTE - PARTIDO DE LA U;62
IZA;Edwin Armando Sanchez Morales;PARTIDO DE LA UNIÓN POR LA GENTE - PARTIDO DE LA U;54
IZA;Julian Andres Camargo Diaz;PARTIDO LIBERAL COLOMBIANO;51
IZA;Yolanda Amaya Archila;PARTIDO DE LA UNIÓN POR LA GENTE - PARTIDO DE LA U;49
IZA;Robert Augusto Sanabria Montenegro;PARTIDO CONSERVADOR COLOMBIANO;48
IZA;Gabriel Antonio Rincon Santana;PARTIDO CENTRO DEMOCRÁTICO;45
IZA;Edward Porras Villabona;"PARTIDO ALIANZA SOCIAL INDEPENDIENTE ""ASI""";43
IZA;Francisco Javier Cubides Molano;PARTIDO ALIANZA VERDE;38
IZA;Miguel Antonio Patiño Rodriguez;"PARTIDO ALIANZA SOCIAL INDEPENDIENTE ""ASI""";34
IZA;Jose Roberto Rodriguez Fonseca;PARTIDO LIBERAL COLOMBIANO;32
IZA;Sandra Paola Carrillo Perez;PARTIDO LIBERAL COLOMBIANO;29
IZA;Yolja Milena Becerra Barrera;PARTIDO ALIANZA VERDE;27
IZA;Maira Alejandra Marin Medina;PARTIDO CONSERVADOR COLOMBIANO;17
IZA;Ana Yanet Perez Pedraza;PARTIDO CONSERVADOR COLOMBIANO;14
IZA;Antonio Barrera Piragauta;PARTIDO CENTRO DEMOCRÁTICO;13
IZA;Partido Centro Democrático;PARTIDO CENTRO DEMOCRÁTICO;13
IZA;Maria Isabel Espinel Lopez;PARTIDO LIBERAL COLOMBIANO;11
IZA;Nelly Jhoanna Duarte Diaz;"PARTIDO ALIANZA SOCIAL INDEPENDIENTE ""ASI""";9
IZA;Partido Liberal Colombiano;PARTIDO LIBERAL COLOMBIANO;8
IZA;Nicolas Mateo Perez Zorro;PARTIDO DE LA UNIÓN POR LA GENTE - PARTIDO DE LA U;6
IZA;Eliana Sofia Gualteros Lemus;PARTIDO DE LA UNIÓN POR LA GENTE - PARTIDO DE LA U;5
IZA;"Partido Alianza Social Independiente ""Asi""";"PARTIDO ALIANZA SOCIAL INDEPENDIENTE ""ASI""";5
IZA;Partido Alianza Verde;PARTIDO ALIANZA VERDE;5
IZA;Sandra Milena Guauque Duarte;PARTIDO CENTRO DEMOCRÁTICO;5
IZA;Partido Conservador Colombiano;PARTIDO CONSERVADOR COLOMBIANO;4
IZA;Lina Fernanda Salamanca Sanchez;"PARTIDO ALIANZA SOCIAL INDEPENDIENTE ""ASI""";3
IZA;Partido De La Unión Por La Gente - Partido De La U;PARTIDO DE LA UNIÓN POR LA GENTE - PARTIDO DE LA U;3
IZA;Jose Guillermo Jaimes Lozano;PARTIDO LIBERAL COLOMBIANO;2
IZA;Heraclio Torres;"PARTIDO ALIANZA SOCIAL INDEPENDIENTE ""ASI""";0
JENESANO;Jaime Edilberto Baron Aponte;PARTIDO DE LA UNIÓN POR LA GENTE - PARTIDO DE LA U;288
JENESANO;Luis Miguel Arias Arias;PARTIDO ALIANZA VERDE;280
JENESANO;Heimer Eliecer Diaz Salomon;PARTIDO CAMBIO RADICAL;279
JENESANO;Luis Alejandro Pulido Porras;PARTIDO ALIANZA VERDE;260
JENESANO;Duvan Ferney Becerra Cruz;PARTIDO ALIANZA VERDE;252
JENESANO;Juan Sebastian Fandiño Caro;PARTIDO DE LA UNIÓN POR LA GENTE - PARTIDO DE LA U;245
JENESANO;Salvador Zambrano Hernandez;PARTIDO CAMBIO RADICAL;242
JENESANO;Edgar Soler Moreno;PARTIDO CAMBIO RADICAL;197
JENESANO;Jacinto Rojas Daza;PARTIDO ALIANZA VERDE;192
JENESANO;Johon Jairo Parra Moreno;PARTIDO CAMBIO RADICAL;189
JENESANO;Ana Elsa Ibañez Rincon;PARTIDO DE LA UNIÓN POR LA GENTE - PARTIDO DE LA U;182
JENESANO;Luz Herminda Galindo Gomez;PARTIDO DE LA UNIÓN POR LA GENTE - PARTIDO DE LA U;182
JENESANO;Jorge Alberto Rodriguez Herrera;PARTIDO LIBERAL COLOMBIANO;147
JENESANO;Maria Del Carmen Parra Sanabria;PARTIDO ALIANZA VERDE;137
JENESANO;Ana Beatriz Sanchez Soler;PARTIDO DE LA UNIÓN POR LA GENTE - PARTIDO DE LA U;110
JENESANO;Jose Rodrigo Soler Velandia;PARTIDO DE LA UNIÓN POR LA GENTE - PARTIDO DE LA U;101
JENESANO;Claudia Yaneth Prieto Marciales;PARTIDO LIBERAL COLOMBIANO;100
JENESANO;Wilinton Ospina Alvarez;PARTIDO LIBERAL COLOMBIANO;86
JENESANO;Alex Ferney Gomez Ibañez;PARTIDO DE LA UNIÓN POR LA GENTE - PARTIDO DE LA U;78
JENESANO;Marco Tulio Soler Moreno;PARTIDO DE LA UNIÓN POR LA GENTE - PARTIDO DE LA U;72
JENESANO;Juan Miguel Arias Castelblanco;"PARTIDO ALIANZA SOCIAL INDEPENDIENTE ""ASI""";63
JENESANO;Yenny Lorena Ipuz Manrique;"PARTIDO ALIANZA SOCIAL INDEPENDIENTE ""ASI""";55
JENESANO;Julio Cesar Galindo Castelblanco;PARTIDO LIBERAL COLOMBIANO;54
JENESANO;Julieth Maribel Guerrero Molina;"PARTIDO ALIANZA SOCIAL INDEPENDIENTE ""ASI""";48
JENESANO;Mayerlin Pulido Amaya;PARTIDO ALIANZA VERDE;46
JENESANO;Pedro Nel Parada Arias;"PARTIDO ALIANZA SOCIAL INDEPENDIENTE ""ASI""";44
JENESANO;Pedro Antonio Gomez Castelblanco;PARTIDO ALIANZA VERDE;41
JENESANO;Omar Leonardo Ochoa Garcia;PARTIDO LIBERAL COLOMBIANO;40
JENESANO;Segundo Mario Bernal Gomez;PARTIDO LIBERAL COLOMBIANO;40
JENESANO;Victor Alfonso Mendoza Vargas;PARTIDO CAMBIO RADICAL;39
JENESANO;Cipriano Vargas Rodriguez;PARTIDO CAMBIO RADICAL;38
JENESANO;Partido Alianza Verde;PARTIDO ALIANZA VERDE;38
JENESANO;Maria Blanca Ines Castelblanco Castelblanco;"PARTIDO ALIANZA SOCIAL INDEPENDIENTE ""ASI""";30
JENESANO;Ferney Alonso Arias Guerrero;"PARTIDO ALIANZA SOCIAL INDEPENDIENTE ""ASI""";27
JENESANO;Partido Cambio Radical;PARTIDO CAMBIO RADICAL;26
JENESANO;Partido Liberal Colombiano;PARTIDO LIBERAL COLOMBIANO;26
JENESANO;Rosa Stella Soler Peña;PARTIDO LIBERAL COLOMBIANO;26
JENESANO;Leidy Marcela Velandia Soler;PARTIDO LIBERAL COLOMBIANO;25
JENESANO;Partido De La Unión Por La Gente - Partido De La U;PARTIDO DE LA UNIÓN POR LA GENTE - PARTIDO DE LA U;20
JENESANO;Victor Heraclio Alvarado Pinzon;"PARTIDO ALIANZA SOCIAL INDEPENDIENTE ""ASI""";15
JENESANO;Victor Julio Mendoza Diaz;PARTIDO ALIANZA VERDE;14
JENESANO;Guillermo Augusto Figueredo Morales;PARTIDO NUEVO LIBERALISMO;13
JENESANO;Victor Alfonso Gomez Rubriche;"PARTIDO ALIANZA SOCIAL INDEPENDIENTE ""ASI""";13
JENESANO;Clara Ines Rodriguez Vargas;PARTIDO CAMBIO RADICAL;12
JENESANO;Mauricio Navarrete Moreno;PARTIDO DE LA UNIÓN POR LA GENTE - PARTIDO DE LA U;12
JENESANO;Maria Ernestina Fuentes Barrera;PARTIDO ALIANZA VERDE;11
JENESANO;Partido Nuevo Liberalismo;PARTIDO NUEVO LIBERALISMO;10
JENESANO;Olga Lucia Parra Jimenez;PARTIDO CAMBIO RADICAL;8
JENESANO;Leidy Julipsa Arias Ibañez;"PARTIDO ALIANZA SOCIAL INDEPENDIENTE ""ASI""";6
JENESANO;"Partido Alianza Social Independiente ""Asi""";"PARTIDO ALIANZA SOCIAL INDEPENDIENTE ""ASI""";5
JENESANO;Astrid Eliana Gomez Garzon;PARTIDO CAMBIO RADICAL;4
JERICO;Luis Enrique Duarte Duran;PARTIDO CENTRO DEMOCRÁTICO;216
JERICO;Georgina Paredes Cordero;PARTIDO CONSERVADOR COLOMBIANO;160
JERICO;John Fredy Fuentes Montoya;PARTIDO CONSERVADOR COLOMBIANO;150
JERICO;Weimar Humberto Paredes Pelayo;"MOVIMIENTO ALTERNATIVO INDÍGENA Y SOCIAL ""MAIS""";145
JERICO;Carlos Humberto Niño Villamarin;"MOVIMIENTO ALTERNATIVO INDÍGENA Y SOCIAL ""MAIS""";118
JERICO;Josue Alexandro Baron Duarte;"PARTIDO ALIANZA SOCIAL INDEPENDIENTE ""ASI""";118
JERICO;Fany Consuelo Silva Duran;"PARTIDO ALIANZA SOCIAL INDEPENDIENTE ""ASI""";117
JERICO;Angela Mariela Torres Medina;PARTIDO CONSERVADOR COLOMBIANO;114
JERICO;Nelly Isabel Espinosa Mendivelso;PARTIDO CONSERVADOR COLOMBIANO;110
JERICO;Yenny Diorley Silva Cetina;"PARTIDO ALIANZA SOCIAL INDEPENDIENTE ""ASI""";109
JERICO;Wilsson Gomez Fonseca;"PARTIDO ALIANZA SOCIAL INDEPENDIENTE ""ASI""";101
JERICO;Edil Alfonso Gomez Lizarazo;PARTIDO CENTRO DEMOCRÁTICO;71
JERICO;Juan Manuel Martinez Avellaneda;"MOVIMIENTO ALTERNATIVO INDÍGENA Y SOCIAL ""MAIS""";70
JERICO;Juan David Martinez Martinez;PARTIDO CENTRO DEMOCRÁTICO;67
JERICO;Jose Miguel Lopez Gomez;PARTIDO ALIANZA VERDE;62
JERICO;Rodulfo Gomez Castañeda;PARTIDO CENTRO DEMOCRÁTICO;62
JERICO;Cristian Gustavo Duarte Albarracin;PARTIDO CONSERVADOR COLOMBIANO;60
JERICO;Jose Alberto Vargas Perez;PARTIDO DE LA UNIÓN POR LA GENTE - PARTIDO DE LA U;59
JERICO;Duvan Kaleb Gomez Siabato;PARTIDO LIBERAL COLOMBIANO;58
JERICO;Crisostomo Fonseca Garcia;"MOVIMIENTO ALTERNATIVO INDÍGENA Y SOCIAL ""MAIS""";57
JERICO;Jose Libardo Fuentes Panqueva;PARTIDO CONSERVADOR COLOMBIANO;51
JERICO;Alix Estela Villamarin Suarez;PARTIDO POLÍTICO DIGNIDAD & COMPROMISO;38
JERICO;Yuri Mayerli Hernandez Pineda;"MOVIMIENTO ALTERNATIVO INDÍGENA Y SOCIAL ""MAIS""";36
JERICO;Pedro Rubiel Romero Matallana;PARTIDO ALIANZA VERDE;34
JERICO;Hernando Antonio Castañeda Saenz;"PARTIDO ALIANZA SOCIAL INDEPENDIENTE ""ASI""";28
JERICO;Jeny Marlen Alfonso Rodriguez;PARTIDO DE LA UNIÓN POR LA GENTE - PARTIDO DE LA U;24
JERICO;Luis Alberto Duran Gomez;"PARTIDO ALIANZA SOCIAL INDEPENDIENTE ""ASI""";21
JERICO;Jairo Alberto Cuevas Garcia;PARTIDO ALIANZA VERDE;19
JERICO;Lisandro Marin Rincon;PARTIDO POLÍTICO DIGNIDAD & COMPROMISO;19
JERICO;Carmen Saida Duarte Fuentes;PARTIDO ALIANZA VERDE;17
JERICO;Jose David Benitez Gomez;PARTIDO LIBERAL COLOMBIANO;17
JERICO;Luis Julian Castañeda Cardenas;PARTIDO ALIANZA VERDE;15
JERICO;Ramon Dario Lopez Joya;PARTIDO LIBERAL COLOMBIANO;15
JERICO;Flor Alexandra Barrera Pineda;PARTIDO ALIANZA VERDE;14
JERICO;Laura Camila Santos Lizarazo;PARTIDO POLÍTICO DIGNIDAD & COMPROMISO;14
JERICO;Rocio Monsocua Silva;PARTIDO DE LA UNIÓN POR LA GENTE - PARTIDO DE LA U;13
JERICO;Alba Jineth Cardenas Cepeda;PARTIDO CONSERVADOR COLOMBIANO;10
JERICO;"Movimiento Alternativo Indígena Y Social ""Mais""";"MOVIMIENTO ALTERNATIVO INDÍGENA Y SOCIAL ""MAIS""";10
JERICO;Partido Alianza Verde;PARTIDO ALIANZA VERDE;9
JERICO;Umayra Villamarin Duran;PARTIDO POLÍTICO DIGNIDAD & COMPROMISO;9
JERICO;Partido Centro Democrático;PARTIDO CENTRO DEMOCRÁTICO;8
JERICO;"Partido Alianza Social Independiente ""Asi""";"PARTIDO ALIANZA SOCIAL INDEPENDIENTE ""ASI""";7
JERICO;Rito Antonio Marin Florez;PARTIDO DE LA UNIÓN POR LA GENTE - PARTIDO DE LA U;7
JERICO;Jose Leonardo Perez Ayala;PARTIDO POLÍTICO DIGNIDAD & COMPROMISO;6
JERICO;Betty Yoleida Rincon Cuevas;PARTIDO LIBERAL COLOMBIANO;5
JERICO;Marlen Mendivelso Chaparro;PARTIDO CENTRO DEMOCRÁTICO;5
JERICO;Partido Conservador Colombiano;PARTIDO CONSERVADOR COLOMBIANO;5
JERICO;Yadira Suleima Zambrano Gomez;PARTIDO ALIANZA VERDE;5
JERICO;Lady Gissela Paredes Merchan;PARTIDO CENTRO DEMOCRÁTICO;4
JERICO;Disnaida Barrera Montoya;PARTIDO LIBERAL COLOMBIANO;3
JERICO;Partido De La Unión Por La Gente - Partido De La U;PARTIDO DE LA UNIÓN POR LA GENTE - PARTIDO DE LA U;3
JERICO;Partido Liberal Colombiano;PARTIDO LIBERAL COLOMBIANO;3
JERICO;Jose Del Carmen Cetina Panqueba;PARTIDO LIBERAL COLOMBIANO;2
JERICO;Maria Aurelia Gomez Santiesteban;"PARTIDO ALIANZA SOCIAL INDEPENDIENTE ""ASI""";2
JERICO;Martha Stella Cuevas;PARTIDO LIBERAL COLOMBIANO;2
JERICO;Partido Político Dignidad & Compromiso;PARTIDO POLÍTICO DIGNIDAD & COMPROMISO;2
JERICO;Sandra Milena Calderon Gomez;PARTIDO CENTRO DEMOCRÁTICO;2
JERICO;Deicy Elena Obando Santisteban;"MOVIMIENTO ALTERNATIVO INDÍGENA Y SOCIAL ""MAIS""";1
JERICO;Yeimy Lorena Gomez Zambrano;"MOVIMIENTO ALTERNATIVO INDÍGENA Y SOCIAL ""MAIS""";1
LA CAPILLA;Viviana Paola Salamanca Ramirez;PARTIDO CONSERVADOR COLOMBIANO;207
LA CAPILLA;Orlando Misael Garcia Lopez;PARTIDO CONSERVADOR COLOMBIANO;206
LA CAPILLA;Olga Cristina Garcia Mora;PARTIDO CONSERVADOR COLOMBIANO;196
LA CAPILLA;Jairo Alonso Chavarro Roa;PARTIDO CONSERVADOR COLOMBIANO;187
LA CAPILLA;Marleny Rodriguez Parra;PARTIDO CONSERVADOR COLOMBIANO;181
LA CAPILLA;Pedro Jose Jimenez Fernandez;PARTIDO DE LA UNIÓN POR LA GENTE - PARTIDO DE LA U;176
LA CAPILLA;Elyda Yanira Martin Roa;PARTIDO ALIANZA VERDE;135
LA CAPILLA;Orlando Diaz Barrera;PARTIDO CONSERVADOR COLOMBIANO;126
LA CAPILLA;Ismael Salamanca Fernandez;PARTIDO DE LA UNIÓN POR LA GENTE - PARTIDO DE LA U;111
LA CAPILLA;Gilberth Steeven Montejo Diaz;PARTIDO CONSERVADOR COLOMBIANO;87
LA CAPILLA;Jose Ignacio Bohorquez Fernandez;PARTIDO ALIANZA VERDE;32
LA CAPILLA;Yulid Paola Cuesta Moreno;PARTIDO DE LA UNIÓN POR LA GENTE - PARTIDO DE LA U;31
LA CAPILLA;Raul Ortega Montenegro;PARTIDO ALIANZA VERDE;24
LA CAPILLA;Partido Conservador Colombiano;PARTIDO CONSERVADOR COLOMBIANO;23
LA CAPILLA;Gonzalo Ignacio Gil;PARTIDO ALIANZA VERDE;16
LA CAPILLA;Maria De Las Mercedes Zubieta Gomez;PARTIDO ALIANZA VERDE;16
LA CAPILLA;Gonzalo Raul Fernandez Rojas;PARTIDO DE LA UNIÓN POR LA GENTE - PARTIDO DE LA U;14
LA CAPILLA;Ana Irene Roa Fernandez;PARTIDO DE LA UNIÓN POR LA GENTE - PARTIDO DE LA U;13
LA CAPILLA;Andrea Milena Velandia;PARTIDO DE LA UNIÓN POR LA GENTE - PARTIDO DE LA U;12
LA CAPILLA;Jose Rafael Ortega Ortega;PARTIDO DE LA UNIÓN POR LA GENTE - PARTIDO DE LA U;10
LA CAPILLA;Partido Alianza Verde;PARTIDO ALIANZA VERDE;6
LA CAPILLA;Partido De La Unión Por La Gente - Partido De La U;PARTIDO DE LA UNIÓN POR LA GENTE - PARTIDO DE LA U;2
LA UVITA;William Alejandro Murillo Ossa;PARTIDO ALIANZA VERDE;175
LA UVITA;Angie Jimena Paez Florez;"PARTIDO ALIANZA SOCIAL INDEPENDIENTE ""ASI""";102
LA UVITA;Juan Andres Galvis Jaime;PARTIDO CAMBIO RADICAL;101
LA UVITA;Jose Joaquin Delgado Quintero;"PARTIDO ALIANZA SOCIAL INDEPENDIENTE ""ASI""";96
LA UVITA;Victor Manuel Galvis;PARTIDO DE LA UNIÓN POR LA GENTE - PARTIDO DE LA U;92
LA UVITA;German Dario Bermudez Lopez;PARTIDO CENTRO DEMOCRÁTICO;89
LA UVITA;Marco Tulio Hernandez Duran;PARTIDO ALIANZA VERDE;89
LA UVITA;Luis Francisco Gonzalez Robayo;NUEVA FUERZA DEMOCRÁTICA;88
LA UVITA;Sandra Patricia Colmenares Hernandez;PARTIDO CAMBIO RADICAL;79
LA UVITA;Alfonso Maria Perez Caceres;NUEVA FUERZA DEMOCRÁTICA;67
LA UVITA;Ever Dayro Fuentes Barrera;PARTIDO CONSERVADOR COLOMBIANO;67
LA UVITA;Luis Hermogenes Perez Tarazona;PARTIDO CONSERVADOR COLOMBIANO;66
LA UVITA;Fredy Humberto Correa Ortiz;PARTIDO CONSERVADOR COLOMBIANO;56
LA UVITA;Nelly Fabiola Caceres Hernandez;PARTIDO ALIANZA VERDE;52
LA UVITA;Jhon Francisco Nieto Sepulveda;PARTIDO DE LA UNIÓN POR LA GENTE - PARTIDO DE LA U;50
LA UVITA;Luis Arcadio Velandia Niño;PARTIDO CENTRO DEMOCRÁTICO;50
LA UVITA;Ruth Marina Hernandez Tarazona;PARTIDO CENTRO DEMOCRÁTICO;47
LA UVITA;Lucy Esperanza Galvis Tarazona;PARTIDO CENTRO DEMOCRÁTICO;46
LA UVITA;Flor Marina Bolivar Chaves;"PARTIDO ALIANZA SOCIAL INDEPENDIENTE ""ASI""";45
LA UVITA;Elvia Ines Robayo Niño;PARTIDO CONSERVADOR COLOMBIANO;38
LA UVITA;Luis Antonio Gomez Rodriguez;"PARTIDO ALIANZA SOCIAL INDEPENDIENTE ""ASI""";34
LA UVITA;Milciades Bonilla Limas;PARTIDO CAMBIO RADICAL;30
LA UVITA;Yeferson David Soto Rojas;PARTIDO CAMBIO RADICAL;26
LA UVITA;Andres Duarte Bermudez;PARTIDO DE LA UNIÓN POR LA GENTE - PARTIDO DE LA U;23
LA UVITA;Arnulfo Antonio Lizarazo Niño;"PARTIDO ALIANZA SOCIAL INDEPENDIENTE ""ASI""";23
LA UVITA;Carlos Yesid Paez Rojas;PARTIDO CONSERVADOR COLOMBIANO;21
LA UVITA;Ernesto Hernandez Niño;PARTIDO CENTRO DEMOCRÁTICO;17
LA UVITA;Elizabeth Vargas Gomez;PARTIDO CAMBIO RADICAL;14
LA UVITA;Nathalia Estefania Leon Gomez;NUEVA FUERZA DEMOCRÁTICA;14
LA UVITA;Darwin Duvan Duarte Duarte;"PARTIDO ALIANZA SOCIAL INDEPENDIENTE ""ASI""";13
LA UVITA;Ana Claudia Hernandez Niño;PARTIDO CONSERVADOR COLOMBIANO;12
LA UVITA;Oscar Gonzalez Lopez;PARTIDO DE LA UNIÓN POR LA GENTE - PARTIDO DE LA U;12
LA UVITA;Maria De Jesus Paez Lopez;PARTIDO ALIANZA VERDE;11
LA UVITA;Laura Fernanda Daza Jaimes;"PARTIDO ALIANZA SOCIAL INDEPENDIENTE ""ASI""";10
LA UVITA;Nidya Mercedes Berrio Leon;PARTIDO CENTRO DEMOCRÁTICO;10
LA UVITA;Abrahan Galvis Morales;PARTIDO ALIANZA VERDE;9
LA UVITA;Angel Albino Berrio Caceres;PARTIDO ALIANZA VERDE;9
LA UVITA;Hernando Oliveros Carvajal;PARTIDO CENTRO DEMOCRÁTICO;9
LA UVITA;Jinneth Paola Niño Galvis;PARTIDO DE LA UNIÓN POR LA GENTE - PARTIDO DE LA U;9
LA UVITA;Shirley Valentina Bautista Alvarado;PARTIDO DE LA UNIÓN POR LA GENTE - PARTIDO DE LA U;8
LA UVITA;Elizabeth Prieto;PARTIDO ALIANZA VERDE;7
LA UVITA;Nueva Fuerza Democrática;NUEVA FUERZA DEMOCRÁTICA;5
LA UVITA;Partido Conservador Colombiano;PARTIDO CONSERVADOR COLOMBIANO;4
LA UVITA;Yudylady Adriana Oliveros Camero;PARTIDO DE LA UNIÓN POR LA GENTE - PARTIDO DE LA U;4
LA UVITA;"Partido Alianza Social Independiente ""Asi""";"PARTIDO ALIANZA SOCIAL INDEPENDIENTE ""ASI""";2
LA UVITA;Partido Alianza Verde;PARTIDO ALIANZA VERDE;2
LA UVITA;Partido Centro Democrático;PARTIDO CENTRO DEMOCRÁTICO;2
LA UVITA;Partido Cambio Radical;PARTIDO CAMBIO RADICAL;1
LA VICTORIA;Deissi Viviana Urrego Basallo;PARTIDO ALIANZA VERDE;92
LA VICTORIA;Luz Mayerly Peña Delgado;PARTIDO CAMBIO RADICAL;92
LA VICTORIA;Lorena Andrea Montaño Basallo;PARTIDO LIBERAL COLOMBIANO;69
LA VICTORIA;Miguel Angel Florido Rueda;PARTIDO CENTRO DEMOCRÁTICO;67
LA VICTORIA;Willian Eduardo Bustos Gallo;PARTIDO CAMBIO RADICAL;62
LA VICTORIA;Camilo Antonio Muñoz Alvarez;PARTIDO LIBERAL COLOMBIANO;60
LA VICTORIA;Duvan Alexis Pabon Torres;PARTIDO ALIANZA VERDE;60
LA VICTORIA;Luisa Fernanda Rivero Rueda;PARTIDO CENTRO DEMOCRÁTICO;60
LA VICTORIA;Fredy Augusto Chavarro Tovar;PARTIDO LIBERAL COLOMBIANO;58
LA VICTORIA;Daniel Retavisca Rodriguez;PARTIDO ALIANZA VERDE;57
LA VICTORIA;Luz Miryam Fonseca Saldaña;PARTIDO LIBERAL COLOMBIANO;56
LA VICTORIA;Maria Laudi Florido Saldaña;PARTIDO CENTRO DEMOCRÁTICO;56
LA VICTORIA;Eutimio Florido Bulla;PARTIDO CAMBIO RADICAL;55
LA VICTORIA;Mercedes Triana Alvarez;PARTIDO CAMBIO RADICAL;55
LA VICTORIA;Jhon Freddy Caballero Florido;PARTIDO LIBERAL COLOMBIANO;43
LA VICTORIA;Walder Julian Marino;PARTIDO CENTRO DEMOCRÁTICO;43
LA VICTORIA;Alirio Bautista Poveda;PARTIDO CAMBIO RADICAL;42
LA VICTORIA;Jenny Delgado Leon;PARTIDO LIBERAL COLOMBIANO;41
LA VICTORIA;Judith Escarraga Escarraga;PARTIDO ALIANZA VERDE;39
LA VICTORIA;William Delgado Sanabria;PARTIDO ALIANZA VERDE;38
LA VICTORIA;Jose Noel Virguez Florido;PARTIDO CENTRO DEMOCRÁTICO;36
LA VICTORIA;Uriel Camilo Rueda Alvarez;PARTIDO LIBERAL COLOMBIANO;32
LA VICTORIA;Carlos Humberto Perez;PARTIDO ALIANZA VERDE;23
LA VICTORIA;Sollally Alexandra Galindo Rueda;PARTIDO CAMBIO RADICAL;19
LA VICTORIA;Karol Juliana Rueda Escarraga;PARTIDO CAMBIO RADICAL;17
LA VICTORIA;Carlos Enrique Perez Osma;PARTIDO CENTRO DEMOCRÁTICO;10
LA VICTORIA;Partido Alianza Verde;PARTIDO ALIANZA VERDE;7
LA VICTORIA;Jenny Andrea Acuña Montero;PARTIDO ALIANZA VERDE;6
LA VICTORIA;Partido Liberal Colombiano;PARTIDO LIBERAL COLOMBIANO;3
LA VICTORIA;Partido Cambio Radical;PARTIDO CAMBIO RADICAL;2
LA VICTORIA;Partido Centro Democrático;PARTIDO CENTRO DEMOCRÁTICO;2
LABRANZAGRANDE;Victor Julio Moreno Patiño;PARTIDO LIBERAL COLOMBIANO;172
LABRANZAGRANDE;Osman Alexis Peña Alvarez;PARTIDO DE LA UNIÓN POR LA GENTE - PARTIDO DE LA U;157
LABRANZAGRANDE;Jorge Eliecer Montaña Alarcon;PARTIDO ALIANZA VERDE;154
LABRANZAGRANDE;Brayan Erley Silva Uscategui;PARTIDO CONSERVADOR COLOMBIANO;147
LABRANZAGRANDE;Segundo Benjamin Ascencio Beltran;PARTIDO ALIANZA VERDE;138
LABRANZAGRANDE;Edilberto Perez Fernandez;PARTIDO LIBERAL COLOMBIANO;128
LABRANZAGRANDE;Nelson Augusto Rodriguez Bello;PARTIDO LIBERAL COLOMBIANO;128
LABRANZAGRANDE;Betsy Abigail Pico Perez;PARTIDO ALIANZA VERDE;127
LABRANZAGRANDE;Heiner Dario Fernandez Pinto;PARTIDO DE LA UNIÓN POR LA GENTE - PARTIDO DE LA U;116
LABRANZAGRANDE;Asned Jimenez Aracica;PARTIDO LIBERAL COLOMBIANO;103
LABRANZAGRANDE;Yolman Dario Gutierrez Gutierrez;PARTIDO LIBERAL COLOMBIANO;102
LABRANZAGRANDE;Jose Omar Leon Reyes;PARTIDO CONSERVADOR COLOMBIANO;97
LABRANZAGRANDE;Franklin Fernando Puerto Reina;PARTIDO ALIANZA VERDE;90
LABRANZAGRANDE;Miguel Angel Plazas Vega;PARTIDO DE LA UNIÓN POR LA GENTE - PARTIDO DE LA U;89
LABRANZAGRANDE;Henry Leonardo Perez Angel;PARTIDO CAMBIO RADICAL;74
LABRANZAGRANDE;Neftali Perez Fernandez;PARTIDO ALIANZA VERDE;74
LABRANZAGRANDE;Olga Liliana Morales Poveda;PARTIDO LIBERAL COLOMBIANO;70
LABRANZAGRANDE;Ernesto Gutierrez Bello;PARTIDO DE LA UNIÓN POR LA GENTE - PARTIDO DE LA U;69
LABRANZAGRANDE;Jose Leandro Plazas Pinto;PARTIDO CONSERVADOR COLOMBIANO;64
LABRANZAGRANDE;Edgar Perez Chaparro;PARTIDO DE LA UNIÓN POR LA GENTE - PARTIDO DE LA U;63
LABRANZAGRANDE;Pedro Arturo Montaña Riveros;PARTIDO LIBERAL COLOMBIANO;61
LABRANZAGRANDE;Edilson Arley Rosas Gutierrez;PARTIDO ALIANZA VERDE;57
LABRANZAGRANDE;Marco Antonio Africano Jaque;PARTIDO CONSERVADOR COLOMBIANO;55
LABRANZAGRANDE;Nidya Cacerez Guio;PARTIDO DE LA UNIÓN POR LA GENTE - PARTIDO DE LA U;55
LABRANZAGRANDE;Sergio Andres Rodriguez Rios;PARTIDO ALIANZA VERDE;52
LABRANZAGRANDE;Jorge Eliecer Bernal Garcia;PARTIDO CONSERVADOR COLOMBIANO;40
LABRANZAGRANDE;Angie Yessenia Riveros Gutierrez;PARTIDO CONSERVADOR COLOMBIANO;39
LABRANZAGRANDE;Deisy Johana Chaparro Laverde;PARTIDO LIBERAL COLOMBIANO;37
LABRANZAGRANDE;Rosalba Diaz Vega;PARTIDO ALIANZA VERDE;35
LABRANZAGRANDE;Sergio Alejandro Garcia Rincon;PARTIDO CONSERVADOR COLOMBIANO;23
LABRANZAGRANDE;Argemiro Beltran Albarracin;PARTIDO DE LA UNIÓN POR LA GENTE - PARTIDO DE LA U;22
LABRANZAGRANDE;Partido Alianza Verde;PARTIDO ALIANZA VERDE;20
LABRANZAGRANDE;Flor Delia Garcia Chaparro;PARTIDO ALIANZA VERDE;19
LABRANZAGRANDE;Maria Yolanda Perez Vega;PARTIDO CONSERVADOR COLOMBIANO;10
LABRANZAGRANDE;Julian Santiago Castro Parra;PARTIDO CAMBIO RADICAL;9
LABRANZAGRANDE;Partido Liberal Colombiano;PARTIDO LIBERAL COLOMBIANO;9
LABRANZAGRANDE;Partido Conservador Colombiano;PARTIDO CONSERVADOR COLOMBIANO;5
LABRANZAGRANDE;Partido De La Unión Por La Gente - Partido De La U;PARTIDO DE LA UNIÓN POR LA GENTE - PARTIDO DE LA U;4
LABRANZAGRANDE;Elisabeth Milagros Castro Guerrero;PARTIDO LIBERAL COLOMBIANO;3
LABRANZAGRANDE;Maria Veronica Fernandez Piracon;PARTIDO CAMBIO RADICAL;2
LABRANZAGRANDE;Angie Fernanda Montañez Siaucho;PARTIDO DE LA UNIÓN POR LA GENTE - PARTIDO DE LA U;1
LABRANZAGRANDE;Partido Cambio Radical;PARTIDO CAMBIO RADICAL;1
MACANAL;Maria Emilse Ramirez Moreno;PARTIDO DE LA UNIÓN POR LA GENTE - PARTIDO DE LA U;238
MACANAL;Oscar Fabian Vega Vargas;PARTIDO DE LA UNIÓN POR LA GENTE - PARTIDO DE LA U;235
MACANAL;Erica Nayibe Bonilla Mendoza;PARTIDO DE LA UNIÓN POR LA GENTE - PARTIDO DE LA U;226
MACANAL;Henry Antonio Vaca Salguero;PARTIDO DE LA UNIÓN POR LA GENTE - PARTIDO DE LA U;218
MACANAL;Jose Alonso Gonzalez Angel;PARTIDO DE LA UNIÓN POR LA GENTE - PARTIDO DE LA U;191
MACANAL;Yeison Davian Arenas Gaitan;PARTIDO DE LA UNIÓN POR LA GENTE - PARTIDO DE LA U;143
MACANAL;Juan David Vega Perilla;MOVIMIENTO SALVACIÓN NACIONAL;120
MACANAL;Vicenza Paola Avila Roa;PARTIDO DE LA UNIÓN POR LA GENTE - PARTIDO DE LA U;119
MACANAL;Luis Eduardo Dueñas Muñoz;MOVIMIENTO SALVACIÓN NACIONAL;103
MACANAL;Adriana Rocio Sanchez Martin;PARTIDO CONSERVADOR COLOMBIANO;97
MACANAL;Fabian Orlando Olmos Ramirez;PARTIDO CONSERVADOR COLOMBIANO;93
MACANAL;David Santiago Piñeros Gutierrez;MOVIMIENTO SALVACIÓN NACIONAL;81
MACANAL;Gustavo Rodrigo Martinez Contento;MOVIMIENTO SALVACIÓN NACIONAL;81
MACANAL;Andres Romero Rodriguez;PARTIDO CONSERVADOR COLOMBIANO;74
MACANAL;Danilo Monroy Avila;PARTIDO CONSERVADOR COLOMBIANO;73
MACANAL;Yeyson Elias Avila Bermejo;PARTIDO CONSERVADOR COLOMBIANO;73
MACANAL;Flor Sofia Valero Vargas;MOVIMIENTO SALVACIÓN NACIONAL;56
MACANAL;Mildre Aurey Barreto Vanegas;PARTIDO CONSERVADOR COLOMBIANO;51
MACANAL;Edgar Armando Bohorquez Calderon;PARTIDO ALIANZA VERDE;49
MACANAL;Valentina Zahray Alfonso Nuñez;PARTIDO ALIANZA VERDE;40
MACANAL;Cecilia Del Pilar Alfonso Moreno;PARTIDO CONSERVADOR COLOMBIANO;35
MACANAL;Partido De La Unión Por La Gente - Partido De La U;PARTIDO DE LA UNIÓN POR LA GENTE - PARTIDO DE LA U;34
MACANAL;Zoraida Yisela Aragon Daza;MOVIMIENTO SALVACIÓN NACIONAL;22
MACANAL;Maria Del Carmen Holguin Monroy;PARTIDO ALIANZA VERDE;18
MACANAL;Nicolas David Bohorquez Parrado;PARTIDO ALIANZA VERDE;15
MACANAL;Deissy Haneth Campos Roldan;PARTIDO ALIANZA VERDE;14
MACANAL;Maria Del Pilar Guarnizo Timote;PARTIDO ALIANZA VERDE;14
MACANAL;Movimiento  Salvación Nacional;MOVIMIENTO SALVACIÓN NACIONAL;14
MACANAL;Partido Conservador Colombiano;PARTIDO CONSERVADOR COLOMBIANO;13
MACANAL;Partido Alianza Verde;PARTIDO ALIANZA VERDE;9
MACANAL;Diego Fernando Alfonso Avila;PARTIDO ALIANZA VERDE;7
MARIPI;Henry Yobany Cañon Murcia;PARTIDO LIBERAL COLOMBIANO;311
MARIPI;Jose Hermogenes Gonzalez Gonzalez;PARTIDO DE LA UNIÓN POR LA GENTE - PARTIDO DE LA U;309
MARIPI;William Ricardo Rodriguez Sanchez;NUEVA FUERZA DEMOCRÁTICA;277
MARIPI;Edison Andrey Paez Ortega;PARTIDO CENTRO DEMOCRÁTICO;230
MARIPI;Fernando Rodriguez Arevalo;PARTIDO ALIANZA VERDE;229
MARIPI;Salvador Franco Carrillo;PARTIDO ALIANZA VERDE;221
MARIPI;Capitolino Redondo Rodriguez;PARTIDO DE LA UNIÓN POR LA GENTE - PARTIDO DE LA U;217
MARIPI;Hector Alfonso Paez Castro;NUEVA FUERZA DEMOCRÁTICA;215
MARIPI;Segundo David Arevalo Obando;PARTIDO LIBERAL COLOMBIANO;190
MARIPI;Jose Fernando Monroy Monroy;PARTIDO DE LA UNIÓN POR LA GENTE - PARTIDO DE LA U;188
MARIPI;Luis Eder Pachon Pabon;PARTIDO DE LA UNIÓN POR LA GENTE - PARTIDO DE LA U;188
MARIPI;Karol Giovan Rincon Reyes;PARTIDO CENTRO DEMOCRÁTICO;184
MARIPI;Miller Fabian Barreto Garzon;PARTIDO ALIANZA VERDE;179
MARIPI;Doris Maiden Monroy Briceño;PARTIDO ALIANZA VERDE;136
MARIPI;Elver Alirio Monroy Benitez;PARTIDO DE LA UNIÓN POR LA GENTE - PARTIDO DE LA U;131
MARIPI;Yeimy Yurany Barragan Gonzalez;PARTIDO ALIANZA VERDE;124
MARIPI;Fernando Albeiro Rodriguez Valbuena;PARTIDO CENTRO DEMOCRÁTICO;116
MARIPI;Fanny Yaneth Murcia Vargas;PARTIDO CENTRO DEMOCRÁTICO;110
MARIPI;Ana Maria Gutierrez Pinilla;PARTIDO ALIANZA VERDE;93
MARIPI;Luis Eduardo Gomez Saavedra;PARTIDO ALIANZA VERDE;82
MARIPI;William Alfonso Delgado Pinilla;NUEVA FUERZA DEMOCRÁTICA;80
MARIPI;Matutino Cuadrado Gonzalez;PARTIDO CENTRO DEMOCRÁTICO;63
MARIPI;Monica Yulieth Cortes Cortes;PARTIDO LIBERAL COLOMBIANO;52
MARIPI;Yenny Luzney Gonzalez Suarez;NUEVA FUERZA DEMOCRÁTICA;47
MARIPI;Jose Vicente Romero Monroy;PARTIDO ALIANZA VERDE;42
MARIPI;Partido De La Unión Por La Gente - Partido De La U;PARTIDO DE LA UNIÓN POR LA GENTE - PARTIDO DE LA U;39
MARIPI;Partido Centro Democrático;PARTIDO CENTRO DEMOCRÁTICO;25
MARIPI;Partido Alianza Verde;PARTIDO ALIANZA VERDE;22
MARIPI;Julia Castañeda Benitez;PARTIDO CENTRO DEMOCRÁTICO;21
MARIPI;Jose Miguel Pinilla Pinilla;NUEVA FUERZA DEMOCRÁTICA;18
MARIPI;Partido Liberal Colombiano;PARTIDO LIBERAL COLOMBIANO;18
MARIPI;Flor Elisa Orjuela Abril;PARTIDO CENTRO DEMOCRÁTICO;15
MARIPI;Gustavo Delgado Gonzalez;PARTIDO CENTRO DEMOCRÁTICO;15
MARIPI;Nueva Fuerza Democrática;NUEVA FUERZA DEMOCRÁTICA;14
MARIPI;Yeimy Yurani Robayo Rincon;PARTIDO LIBERAL COLOMBIANO;14
MARIPI;German Asdrubal Casas;PARTIDO CENTRO DEMOCRÁTICO;13
MARIPI;Handry Luzdeimy Gonzalez Pabon;PARTIDO LIBERAL COLOMBIANO;5
MARIPI;Kevin Felipe Miranda Gonzalez;PARTIDO LIBERAL COLOMBIANO;4
MARIPI;Nidia Evidalia Suarez Pachon;PARTIDO DE LA UNIÓN POR LA GENTE - PARTIDO DE LA U;4
MARIPI;Edwin Yesid Camargo Rincon;PARTIDO LIBERAL COLOMBIANO;2
MARIPI;Maria Fernanda Alarcon Gonzalez;PARTIDO DE LA UNIÓN POR LA GENTE - PARTIDO DE LA U;1
MARIPI;Miguel Angel Rodriguez Buitrago;PARTIDO LIBERAL COLOMBIANO;1
MARIPI;Yeimy Jacqueline Nuñez Rodriguez;PARTIDO DE LA UNIÓN POR LA GENTE - PARTIDO DE LA U;0
MIRAFLORES;Cristian Guillermo Rojas Esquivel;PARTIDO DE LA UNIÓN POR LA GENTE - PARTIDO DE LA U;379
MIRAFLORES;Mario Rafael Barreto Alfonso;PARTIDO DE LA UNIÓN POR LA GENTE - PARTIDO DE LA U;270
MIRAFLORES;Juan Carlos Rojas Velasquez;PARTIDO COLOMBIA RENACIENTE;267
MIRAFLORES;Brayan Camilo Barahona Palacios;PARTIDO LIBERAL COLOMBIANO;266
MIRAFLORES;Carlos Humberto Alfonso;"PARTIDO ALIANZA SOCIAL INDEPENDIENTE ""ASI""";232
MIRAFLORES;Milena Paez Parra;PARTIDO ALIANZA VERDE;232
MIRAFLORES;Carlos Ariel Roa Rubio;PARTIDO DE LA UNIÓN POR LA GENTE - PARTIDO DE LA U;231
MIRAFLORES;Yamith Homero Puentes Ramirez;PARTIDO DE LA UNIÓN POR LA GENTE - PARTIDO DE LA U;228
MIRAFLORES;Giovanny Vargas Martinez;PARTIDO ALIANZA VERDE;206
MIRAFLORES;Jose Leonardo Cuadros Vargas;PARTIDO DE LA UNIÓN POR LA GENTE - PARTIDO DE LA U;202
MIRAFLORES;Wilson Enrique Martinez Parra;PARTIDO DE LA UNIÓN POR LA GENTE - PARTIDO DE LA U;202
MIRAFLORES;Flor Alba Gil Sanchez;PARTIDO DE LA UNIÓN POR LA GENTE - PARTIDO DE LA U;179
MIRAFLORES;Pedro Antonio Barreto Roa;PARTIDO LIBERAL COLOMBIANO;165
MIRAFLORES;Pedro Adberto Martinez Torres;PARTIDO LIBERAL COLOMBIANO;164
MIRAFLORES;Yilber Ferney Barrera Paez;PARTIDO LIBERAL COLOMBIANO;156
MIRAFLORES;Wilson Gustavo Mora;PARTIDO ALIANZA VERDE;151
MIRAFLORES;Teresa Moreno Jimenez;PARTIDO DE LA UNIÓN POR LA GENTE - PARTIDO DE LA U;130
MIRAFLORES;Beatriz Salamanca Castelblanco;PARTIDO COLOMBIA RENACIENTE;114
MIRAFLORES;Luz Helena Moreno Franco;PARTIDO COLOMBIA RENACIENTE;107
MIRAFLORES;Daniel Hugo Gomez Sierra;PARTIDO LIBERAL COLOMBIANO;99
MIRAFLORES;Nestor Danilo Caro Coronado;PARTIDO ALIANZA VERDE;98
MIRAFLORES;Luis Alfredo Pasto Castañeda;PARTIDO LIBERAL COLOMBIANO;89
MIRAFLORES;David Sebastian Prieto Perez;PARTIDO COLOMBIA RENACIENTE;79
MIRAFLORES;Brayan Andrey Sanchez Garzon;PARTIDO ALIANZA VERDE;74
MIRAFLORES;Ana Betzabe Palacios Mahecha;PARTIDO DE LA UNIÓN POR LA GENTE - PARTIDO DE LA U;73
MIRAFLORES;Deysy Patricia Isairias Barreto;PARTIDO COLOMBIA RENACIENTE;72
MIRAFLORES;Rafael Antonio Alfonso Alfonso;PARTIDO ALIANZA VERDE;65
MIRAFLORES;Ligia Stella Lesmes Mora;PARTIDO LIBERAL COLOMBIANO;63
MIRAFLORES;Lilia Carmenza Romero Gonzales;PARTIDO COLOMBIA RENACIENTE;59
MIRAFLORES;Johan Leandro Ruiz Cruz;"PARTIDO ALIANZA SOCIAL INDEPENDIENTE ""ASI""";55
MIRAFLORES;Angel Ariel Galindo Turmeque;PARTIDO ALIANZA VERDE;53
MIRAFLORES;Cindy Natali Roberto Salinas;PARTIDO ALIANZA VERDE;53
MIRAFLORES;Eduard Alexander Vaca Ibañez;PARTIDO COLOMBIA RENACIENTE;53
MIRAFLORES;Luisa Fernanda Mendoza Ramirez;PARTIDO ALIANZA VERDE;50
MIRAFLORES;Gerardo Auli Garzon Sanchez;"PARTIDO ALIANZA SOCIAL INDEPENDIENTE ""ASI""";49
MIRAFLORES;Jenny Carolina Tibaquira;"PARTIDO ALIANZA SOCIAL INDEPENDIENTE ""ASI""";47
MIRAFLORES;Partido De La Unión Por La Gente - Partido De La U;PARTIDO DE LA UNIÓN POR LA GENTE - PARTIDO DE LA U;43
MIRAFLORES;Gundisalvo Pasto Salinas;PARTIDO COLOMBIA RENACIENTE;42
MIRAFLORES;Sandra Milena Ramirez Barreto;"PARTIDO ALIANZA SOCIAL INDEPENDIENTE ""ASI""";41
MIRAFLORES;Blanca Nelly Barreto Carvajal;PARTIDO LIBERAL COLOMBIANO;40
MIRAFLORES;Hector Jose Caro Aguirre;"PARTIDO ALIANZA SOCIAL INDEPENDIENTE ""ASI""";40
MIRAFLORES;Partido Liberal Colombiano;PARTIDO LIBERAL COLOMBIANO;38
MIRAFLORES;Luis Octavio Naranjo Sanabria;"PARTIDO ALIANZA SOCIAL INDEPENDIENTE ""ASI""";32
MIRAFLORES;Diana Mercedes Ruiz Molina;"PARTIDO ALIANZA SOCIAL INDEPENDIENTE ""ASI""";31
MIRAFLORES;Partido Alianza Verde;PARTIDO ALIANZA VERDE;25
MIRAFLORES;Hector Gabriel Barreto Caro;"PARTIDO ALIANZA SOCIAL INDEPENDIENTE ""ASI""";23
MIRAFLORES;Mariela Gama Alfonso;PARTIDO LIBERAL COLOMBIANO;22
MIRAFLORES;Moises Cufiño Pinzon;PARTIDO COLOMBIA RENACIENTE;20
MIRAFLORES;"Partido Alianza Social Independiente ""Asi""";"PARTIDO ALIANZA SOCIAL INDEPENDIENTE ""ASI""";12
MIRAFLORES;Partido Colombia Renaciente;PARTIDO COLOMBIA RENACIENTE;12
MONGUA;Miguel Puerto Cristancho;PARTIDO DE LA UNIÓN POR LA GENTE - PARTIDO DE LA U;202
MONGUA;Adan Salamanca Merchan;MOVIMIENTO SALVACIÓN NACIONAL;187
MONGUA;Edna Karina Barrera Corregidor;PARTIDO DE LA UNIÓN POR LA GENTE - PARTIDO DE LA U;141
MONGUA;Luis Alfredo Perez Curtidor;"PARTIDO ALIANZA SOCIAL INDEPENDIENTE ""ASI""";135
MONGUA;Carlos Andres Pinto Hernandez;PARTIDO CENTRO DEMOCRÁTICO;118
MONGUA;Eli Acevedo Peña;PARTIDO LIBERAL COLOMBIANO;118
MONGUA;German Puerto Pinto;PARTIDO ALIANZA VERDE;118
MONGUA;Jorge Alberto Saavedra Corredor;PARTIDO CENTRO DEMOCRÁTICO;118
MONGUA;Doris Yolima Acevedo Rojas;MOVIMIENTO SALVACIÓN NACIONAL;103
MONGUA;Jose Fidel Chisino Suelta;PARTIDO CAMBIO RADICAL;102
MONGUA;Sandra Ruth Corredor Gonzalez;"PARTIDO ALIANZA SOCIAL INDEPENDIENTE ""ASI""";99
MONGUA;Miguel Antonio Diaz Socha;PARTIDO ALIANZA VERDE;96
MONGUA;Edwin Leonardo Parra Neita;PARTIDO ALIANZA VERDE;95
MONGUA;Daniel Leandro Torres Chisino;PARTIDO CONSERVADOR COLOMBIANO;92
MONGUA;Rafael Antonio Niño Rojas;PARTIDO CONSERVADOR COLOMBIANO;88
MONGUA;Wilson Humberto Torres Viancha;PARTIDO CONSERVADOR COLOMBIANO;79
MONGUA;Edgar Yesid Barrera Barrera;PARTIDO ALIANZA VERDE;77
MONGUA;Jesus Antonio Manosalva Gaitan;PARTIDO CAMBIO RADICAL;77
MONGUA;Cesar Augusto Rincon Serrano;"PARTIDO ALIANZA SOCIAL INDEPENDIENTE ""ASI""";65
MONGUA;Jose Orlando Mesa Siabato;"PARTIDO ALIANZA SOCIAL INDEPENDIENTE ""ASI""";54
MONGUA;Carmenza Sierra Prieto;PARTIDO LIBERAL COLOMBIANO;51
MONGUA;Sonia Yasmin Alfonso Pinto;MOVIMIENTO SALVACIÓN NACIONAL;51
MONGUA;Jose Andres Gonzalez Socha;"PARTIDO ALIANZA SOCIAL INDEPENDIENTE ""ASI""";49
MONGUA;Roberto Alirio Conde Rincon;PARTIDO DE LA UNIÓN POR LA GENTE - PARTIDO DE LA U;45
MONGUA;Sonia Nair Agudelo;PARTIDO DE LA UNIÓN POR LA GENTE - PARTIDO DE LA U;45
MONGUA;Rafael Antonio Neita Chisino;PARTIDO CONSERVADOR COLOMBIANO;42
MONGUA;Rafael Antonio Rincon Gonzalez;PARTIDO ALIANZA VERDE;41
MONGUA;Leonardo Alfonso Rojas Solano;PARTIDO DE LA UNIÓN POR LA GENTE - PARTIDO DE LA U;39
MONGUA;Luis Hugo Corredor Salamanca;PARTIDO CENTRO DEMOCRÁTICO;38
MONGUA;Nury Mabel Diaz Torres;PARTIDO ALIANZA VERDE;38
MONGUA;Eduardo Castañeda Medina;PARTIDO LIBERAL COLOMBIANO;36
MONGUA;German Ovalle Prieto;MOVIMIENTO SALVACIÓN NACIONAL;35
MONGUA;Samuel Sandoval Ortiz;PARTIDO LIBERAL COLOMBIANO;33
MONGUA;Angie Carolina Perez Silva;PARTIDO ALIANZA VERDE;31
MONGUA;Martha Ines Montañez Torres;PARTIDO ALIANZA VERDE;30
MONGUA;Angela Enith Rincon Cristancho;MOVIMIENTO SALVACIÓN NACIONAL;29
MONGUA;Miguel Antonio Senejoa Landinez;MOVIMIENTO SALVACIÓN NACIONAL;29
MONGUA;Pablo Antonio Angel Gonzalez;PARTIDO DE LA UNIÓN POR LA GENTE - PARTIDO DE LA U;29
MONGUA;Eliana Rocio Rincon Torres;PARTIDO CONSERVADOR COLOMBIANO;27
MONGUA;Nidia Sarit Chaparro Mesa;"PARTIDO ALIANZA SOCIAL INDEPENDIENTE ""ASI""";27
MONGUA;Reinaldo Andres Porras Vargas;PARTIDO DE LA UNIÓN POR LA GENTE - PARTIDO DE LA U;27
MONGUA;Javier Alonso Montañez Socha;PARTIDO CENTRO DEMOCRÁTICO;25
MONGUA;Marco Aurelio Niño Vega;PARTIDO DE LA UNIÓN POR LA GENTE - PARTIDO DE LA U;24
MONGUA;Jose Miguel Gutierrez Rojas;"PARTIDO ALIANZA SOCIAL INDEPENDIENTE ""ASI""";22
MONGUA;Carlos Orlando Perez Corredor;"PARTIDO ALIANZA SOCIAL INDEPENDIENTE ""ASI""";21
MONGUA;Jose Omar Rojas Corredor;PARTIDO CONSERVADOR COLOMBIANO;21
MONGUA;Fabio Andres Rincon Hurtado;PARTIDO LIBERAL COLOMBIANO;20
MONGUA;Jairo Enrique Diaz Diaz;MOVIMIENTO SALVACIÓN NACIONAL;20
MONGUA;Elsa Maria Castro Neita;PARTIDO CENTRO DEMOCRÁTICO;19
MONGUA;Jose Luis Manosalva Torres;PARTIDO CAMBIO RADICAL;18
MONGUA;Jose Maria Reyes Ruiz;PARTIDO ALIANZA VERDE;18
MONGUA;Carlos Fabian Lopez Gonzalez;PARTIDO CENTRO DEMOCRÁTICO;17
MONGUA;Edgar Leonardo Tangua Tapias;PARTIDO LIBERAL COLOMBIANO;17
MONGUA;Martha Elena Perez Siabato;PARTIDO CENTRO DEMOCRÁTICO;16
MONGUA;Zulma Edilsen Hurtado Pinto;PARTIDO LIBERAL COLOMBIANO;15
MONGUA;Jose Gabriel Socha Perez;MOVIMIENTO SALVACIÓN NACIONAL;13
MONGUA;Yenny Yadira Fonseca Medina;"PARTIDO ALIANZA SOCIAL INDEPENDIENTE ""ASI""";13
MONGUA;Maria Betulia Rodriguez Castro;PARTIDO CENTRO DEMOCRÁTICO;11
MONGUA;Movimiento Político Colombia Humana;MOVIMIENTO POLÍTICO COLOMBIA HUMANA;11
MONGUA;Myriam Del Carmen Rodriguez Curtidor;PARTIDO CAMBIO RADICAL;11
MONGUA;Partido De La Unión Por La Gente - Partido De La U;PARTIDO DE LA UNIÓN POR LA GENTE - PARTIDO DE LA U;11
MONGUA;Deissy Yamile Verdugo Rojas;PARTIDO DE LA UNIÓN POR LA GENTE - PARTIDO DE LA U;10
MONGUA;Partido Centro Democrático;PARTIDO CENTRO DEMOCRÁTICO;10
MONGUA;Claudia Rocio Rodriguez Perez;PARTIDO CONSERVADOR COLOMBIANO;9
MONGUA;Alix Yerley Pedraza Gonzalez;PARTIDO CENTRO DEMOCRÁTICO;7
MONGUA;Sandra Milena Saavedra Campos;PARTIDO CAMBIO RADICAL;7
MONGUA;Partido Alianza Verde;PARTIDO ALIANZA VERDE;6
MONGUA;Camila Andrea Pinto Merchan;PARTIDO LIBERAL COLOMBIANO;5
MONGUA;Claudia Andrea Cordoba Merchan;PARTIDO CONSERVADOR COLOMBIANO;5
MONGUA;Mauricio Arturo Castañeda Herrera;PARTIDO CONSERVADOR COLOMBIANO;5
MONGUA;Pedro Rubiano Talero Gonzalez;PARTIDO CAMBIO RADICAL;5
MONGUA;Movimiento  Salvación Nacional;MOVIMIENTO SALVACIÓN NACIONAL;4
MONGUA;Erika Nayibe Neita Sierra;PARTIDO CAMBIO RADICAL;3
MONGUA;"Partido Alianza Social Independiente ""Asi""";"PARTIDO ALIANZA SOCIAL INDEPENDIENTE ""ASI""";3
MONGUA;Partido Cambio Radical;PARTIDO CAMBIO RADICAL;3
MONGUA;Partido Conservador Colombiano;PARTIDO CONSERVADOR COLOMBIANO;3
MONGUA;Partido Liberal Colombiano;PARTIDO LIBERAL COLOMBIANO;2
MONGUI;"Movimiento Alternativo Indígena Y Social ""Mais""";"MOVIMIENTO ALTERNATIVO INDÍGENA Y SOCIAL ""MAIS""";258
MONGUI;Edwin Javier Monroy Barrera;PARTIDO CONSERVADOR COLOMBIANO;208
MONGUI;Duvan Alexander Ceron Avella;PARTIDO CAMBIO RADICAL;205
MONGUI;Jhon Alexander Dueñas Sierra;PARTIDO CAMBIO RADICAL;186
MONGUI;Rafael Hernando Acevedo Siabato;PARTIDO CONSERVADOR COLOMBIANO;177
MONGUI;Julian Dario Garcia Merchan;PARTIDO CONSERVADOR COLOMBIANO;102
MONGUI;Luis Alejandro Tapias Parada;PARTIDO ALIANZA VERDE;95
MONGUI;Luis Francisco Hurtado Neita;PARTIDO DE LA UNIÓN POR LA GENTE - PARTIDO DE LA U;89
MONGUI;Partido Político Dignidad & Compromiso;PARTIDO POLÍTICO DIGNIDAD & COMPROMISO;88
MONGUI;Silbio Alberto Gomez Ladino;PARTIDO CAMBIO RADICAL;88
MONGUI;Luis Agustin Bonilla Panqueba;PARTIDO CAMBIO RADICAL;82
MONGUI;Carmenza Molina Merchan;PARTIDO CAMBIO RADICAL;80
MONGUI;Laudice Del Carmen Gomez Saenz;PARTIDO ALIANZA VERDE;76
MONGUI;Edgar Francisco Ladino Saenz;PARTIDO ALIANZA VERDE;75
MONGUI;Eisen Sneyder Holguin Holguin;PARTIDO CONSERVADOR COLOMBIANO;72
MONGUI;Adriana Liseth Saenz Agudelo;PARTIDO ALIANZA VERDE;70
MONGUI;Carlos Arturo Siabato;PARTIDO ALIANZA VERDE;69
MONGUI;Ezequias Pedraza Perez;PARTIDO DE LA UNIÓN POR LA GENTE - PARTIDO DE LA U;69
MONGUI;Leidi Angelica Rincon Escobar;PARTIDO DE LA UNIÓN POR LA GENTE - PARTIDO DE LA U;61
MONGUI;Alberto Ceron Bonilla;PARTIDO ALIANZA VERDE;58
MONGUI;Martha Liliana Gonzalez Montañez;PARTIDO DE LA UNIÓN POR LA GENTE - PARTIDO DE LA U;56
MONGUI;Yenni Carolina Agudelo Rios;PARTIDO CAMBIO RADICAL;55
MONGUI;Ana Milena Orduz Rincon;PARTIDO CAMBIO RADICAL;48
MONGUI;German Peña;PARTIDO ALIANZA VERDE;47
MONGUI;Jose Rafael Chaparro Cipagauta;PARTIDO CONSERVADOR COLOMBIANO;46
MONGUI;Marco Elias Juez Puentes;PARTIDO DE LA UNIÓN POR LA GENTE - PARTIDO DE LA U;45
MONGUI;Pablo Bernardino Merchan Guio;PARTIDO DE LA UNIÓN POR LA GENTE - PARTIDO DE LA U;44
MONGUI;Juan Israel Saenz Cujabante;PARTIDO DE LA UNIÓN POR LA GENTE - PARTIDO DE LA U;41
MONGUI;Alirio Patiño Ceron;PARTIDO CONSERVADOR COLOMBIANO;38
MONGUI;Myriam Acevedo Jimenez;PARTIDO ALIANZA VERDE;37
MONGUI;Johana Medina Contreras;PARTIDO CAMBIO RADICAL;34
MONGUI;Luz Milena Acero Montañez;PARTIDO DE LA UNIÓN POR LA GENTE - PARTIDO DE LA U;34
MONGUI;Yobany Alfredo Moreno Tinjaca;PARTIDO CAMBIO RADICAL;31
MONGUI;Carmen Sofia Castro Cruz;PARTIDO DE LA UNIÓN POR LA GENTE - PARTIDO DE LA U;27
MONGUI;Ayda Fernanda Saenz Hurtado;PARTIDO CONSERVADOR COLOMBIANO;25
MONGUI;Fabio Humberto Cely Acevedo;MOVIMIENTO SALVACIÓN NACIONAL;25
MONGUI;Maria Angelica Gutierrez Dueñas;PARTIDO VERDE OXÍGENO;25
MONGUI;Claudia Liliana Tapias Parra;MOVIMIENTO SALVACIÓN NACIONAL;24
MONGUI;Partido Alianza Verde;PARTIDO ALIANZA VERDE;17
MONGUI;Partido Conservador Colombiano;PARTIDO CONSERVADOR COLOMBIANO;17
MONGUI;Jennyfer Alexandra Barrera Dueñas;PARTIDO CONSERVADOR COLOMBIANO;16
MONGUI;Partido Cambio Radical;PARTIDO CAMBIO RADICAL;12
MONGUI;Deisy Ibeth Siabato Quiroz;PARTIDO CONSERVADOR COLOMBIANO;7
MONGUI;Partido De La Unión Por La Gente - Partido De La U;PARTIDO DE LA UNIÓN POR LA GENTE - PARTIDO DE LA U;6
MONGUI;Sonia Lili Triana Ramirez;PARTIDO VERDE OXÍGENO;6
MONGUI;Yasmin Adriana Siabatto Gaitan;PARTIDO ALIANZA VERDE;5
MONGUI;Jaime Curtidor Arguello;MOVIMIENTO SALVACIÓN NACIONAL;4
MONGUI;Movimiento  Salvación Nacional;MOVIMIENTO SALVACIÓN NACIONAL;4
MONGUI;Partido Verde Oxígeno;PARTIDO VERDE OXÍGENO;4
MONGUI;Erika Liliana Amaya Moreno;PARTIDO VERDE OXÍGENO;2
MONGUI;Maria Elizabeth Parra Castro;PARTIDO VERDE OXÍGENO;2
MONIQUIRA;Alexander Peña Saenz;PARTIDO LIBERAL COLOMBIANO;495
MONIQUIRA;Javier Orlando Beltran Sierra;PARTIDO ALIANZA VERDE;391
MONIQUIRA;Audy Vela Fajardo;PARTIDO LIBERAL COLOMBIANO;365
MONIQUIRA;Yaqueline Castro Torres;PARTIDO ALIANZA VERDE;349
MONIQUIRA;Jaime Bacares Toledo;PARTIDO LIBERAL COLOMBIANO;298
MONIQUIRA;Ruth Emilce Vargas Rubiano;INDEPENDIENTES;291
MONIQUIRA;John Hernando Ramirez Franco;PARTIDO DE LA U Y EL PARTIDO POLITICO MIRA;278
MONIQUIRA;Jose Anceno Guerrero Avila;PARTIDO CONSERVADOR COLOMBIANO;266
MONIQUIRA;Lina Maria Castillo Franco;PARTIDO CAMBIO RADICAL;259
MONIQUIRA;Wilder Leandro Castellanos Forero;PARTIDO CENTRO DEMOCRÁTICO;248
MONIQUIRA;Juan Alejandro Florez Torres;PARTIDO CAMBIO RADICAL;246
MONIQUIRA;Ramon Elias Suarez Guerrero;PARTIDO CONSERVADOR COLOMBIANO;245
MONIQUIRA;Miguel Angel Angulo Corredor;PARTIDO CONSERVADOR COLOMBIANO;242
MONIQUIRA;Juan Freyle Salas Rodriguez;PARTIDO LIBERAL COLOMBIANO;232
MONIQUIRA;Heider Hurtado Saenz;PARTIDO CENTRO DEMOCRÁTICO;225
MONIQUIRA;Enrique Monroy Pachon;PARTIDO LIBERAL COLOMBIANO;217
MONIQUIRA;Wilson Rubiano Beltran;PARTIDO CENTRO DEMOCRÁTICO;207
MONIQUIRA;Wilson Sosa Rozo;PARTIDO CONSERVADOR COLOMBIANO;206
MONIQUIRA;Jhon Fredy Camacho Garcia;PARTIDO CAMBIO RADICAL;204
MONIQUIRA;Javier Mauricio Forero Forero;PARTIDO LIBERAL COLOMBIANO;202
MONIQUIRA;Tiberio Ortiz Alvarez;PARTIDO CONSERVADOR COLOMBIANO;201
MONIQUIRA;Julio Alberto Santamaria Moreno;PARTIDO LIBERAL COLOMBIANO;195
MONIQUIRA;Jorge Enrique Ramirez Jimenez;PARTIDO LIBERAL COLOMBIANO;193
MONIQUIRA;Orlay Soto Paiba;PARTIDO ALIANZA VERDE;191
MONIQUIRA;Jose Joaquin Camacho Suarez;PARTIDO CENTRO DEMOCRÁTICO;181
MONIQUIRA;Julio Eduardo Mejia Granados;PARTIDO CAMBIO RADICAL;173
MONIQUIRA;Juan David Cuellar Garcia;INDEPENDIENTES;163
MONIQUIRA;Mayer Andres Hernandez Bautista;PARTIDO POLÍTICO DIGNIDAD & COMPROMISO;160
MONIQUIRA;Segundo Alfonso Rubiano Quintero;PARTIDO DE LA U Y EL PARTIDO POLITICO MIRA;153
MONIQUIRA;Luis Carlos Saenz Castellanos;"MOVIMIENTO ALTERNATIVO INDÍGENA Y SOCIAL ""MAIS""";122
MONIQUIRA;Willian Alexander Herrera Urazan;PARTIDO POLÍTICO DIGNIDAD & COMPROMISO;118
MONIQUIRA;Sandra Dianud Villamil Rivera;PARTIDO LIBERAL COLOMBIANO;116
MONIQUIRA;Juan Carlos Ortegon Moreno;PARTIDO CONSERVADOR COLOMBIANO;114
MONIQUIRA;Omar Eliecer Pinzon Gaona;PARTIDO DE LA U Y EL PARTIDO POLITICO MIRA;114
MONIQUIRA;Segundo Elias Puentes Beltran;PARTIDO ALIANZA VERDE;113
MONIQUIRA;Zuly Carolina Ramirez Cepeda;PARTIDO CONSERVADOR COLOMBIANO;113
MONIQUIRA;Carmen Pureza Quiroga Romero;PARTIDO ALIANZA VERDE;110
MONIQUIRA;Erwin Sneider Quintero Gutierrez;PARTIDO ALIANZA VERDE;110
MONIQUIRA;Bercely Tipazoca Malagon;PARTIDO ALIANZA VERDE;105
MONIQUIRA;Edgar Yesid Alvarado Martinez;PARTIDO LIBERAL COLOMBIANO;103
MONIQUIRA;Nancy Esperanza Saenz Beltran;PARTIDO CENTRO DEMOCRÁTICO;103
MONIQUIRA;Belin Olimpo Suarez Gonzalez;"MOVIMIENTO ALTERNATIVO INDÍGENA Y SOCIAL ""MAIS""";99
MONIQUIRA;Edwin Ricardo Vergel Mosquera;"PARTIDO ALIANZA SOCIAL INDEPENDIENTE ""ASI""";99
MONIQUIRA;Orlando Pinzon Ruiz;PARTIDO CENTRO DEMOCRÁTICO;94
MONIQUIRA;Harvey Correa Herrera;AGRUPACIÓN POLÍTICA EN MARCHA;92
MONIQUIRA;Julio Cesar Cristancho Moreno;PARTIDO VERDE OXÍGENO;91
MONIQUIRA;Partido Liberal Colombiano;PARTIDO LIBERAL COLOMBIANO;89
MONIQUIRA;Jhonathan Gonzalez Suarez;"PARTIDO ALIANZA SOCIAL INDEPENDIENTE ""ASI""";88
MONIQUIRA;Julio Alberto Reyes Puentes;"MOVIMIENTO ALTERNATIVO INDÍGENA Y SOCIAL ""MAIS""";88
MONIQUIRA;Roman Alexander Suarez;PARTIDO DE LA U Y EL PARTIDO POLITICO MIRA;84
MONIQUIRA;Juan Beltran Perez;PARTIDO DE LA U Y EL PARTIDO POLITICO MIRA;83
MONIQUIRA;Otto Dilman Trujillo Polania;"PARTIDO ALIANZA SOCIAL INDEPENDIENTE ""ASI""";83
MONIQUIRA;Gonzalo Cadena Gutierrez;"PARTIDO ALIANZA SOCIAL INDEPENDIENTE ""ASI""";82
MONIQUIRA;Rafael Arturo Castellanos Torres;"PARTIDO ALIANZA SOCIAL INDEPENDIENTE ""ASI""";81
MONIQUIRA;Sandra Patricia Munevar Urazan;PARTIDO CAMBIO RADICAL;79
MONIQUIRA;Nelson Javier Suarez Saiz;PARTIDO DE LA U Y EL PARTIDO POLITICO MIRA;78
MONIQUIRA;Partido Centro Democrático;PARTIDO CENTRO DEMOCRÁTICO;78
MONIQUIRA;Carlos William Palacios Marin;PARTIDO POLÍTICO DIGNIDAD & COMPROMISO;77
MONIQUIRA;Helber Orlando Olarte Barrera;"PARTIDO ALIANZA SOCIAL INDEPENDIENTE ""ASI""";76
MONIQUIRA;Wilmar Dario Mora Garcia;"PARTIDO ALIANZA SOCIAL INDEPENDIENTE ""ASI""";73
MONIQUIRA;Partido Alianza Verde;PARTIDO ALIANZA VERDE;67
MONIQUIRA;Juan Sebastian Marquez Cortizo;INDEPENDIENTES;65
MONIQUIRA;Diana Maria Agudelo Forero;PARTIDO LIBERAL COLOMBIANO;62
MONIQUIRA;Sandra Patricia Saenz Piza;INDEPENDIENTES;62
MONIQUIRA;Isidro Camacho Suarez;PARTIDO CONSERVADOR COLOMBIANO;54
MONIQUIRA;Octavio Carlos Corzo Robles;PARTIDO POLÍTICO DIGNIDAD & COMPROMISO;54
MONIQUIRA;Gladys Cepeda Alonso;AGRUPACIÓN POLÍTICA EN MARCHA;51
MONIQUIRA;Franky Julian Rubiano Pineda;PARTIDO POLÍTICO DIGNIDAD & COMPROMISO;50
MONIQUIRA;Edwin Herrera Rodriguez;PARTIDO CENTRO DEMOCRÁTICO;48
MONIQUIRA;Carlos Alberto Wilches Goyeneche;PARTIDO VERDE OXÍGENO;46
MONIQUIRA;Maria Mayerli Forero Torres;PARTIDO VERDE OXÍGENO;46
MONIQUIRA;Aura Fernanda Fajardo Sanchez;PARTIDO LIBERAL COLOMBIANO;45
MONIQUIRA;Fabiola Saavedra Garzon;PARTIDO DE LA U Y EL PARTIDO POLITICO MIRA;44
MONIQUIRA;Partido Conservador Colombiano;PARTIDO CONSERVADOR COLOMBIANO;44
MONIQUIRA;Maria Marcel Daza Martinez;INDEPENDIENTES;43
MONIQUIRA;Hector Mauricio Castellanos Cañon;INDEPENDIENTES;42
MONIQUIRA;Jorge Heli Villamil;"MOVIMIENTO ALTERNATIVO INDÍGENA Y SOCIAL ""MAIS""";42
MONIQUIRA;Jose Francisco Rojas Piza;PARTIDO ALIANZA VERDE;42
MONIQUIRA;German Cardenas Guerrero;PARTIDO POLÍTICO DIGNIDAD & COMPROMISO;39
MONIQUIRA;Tulia Ilse Agudelo Lopez;AGRUPACIÓN POLÍTICA EN MARCHA;38
MONIQUIRA;Jessica Paola Peña Abril;PARTIDO VERDE OXÍGENO;36
MONIQUIRA;Jose Henry Gonzalez Camacho;"PARTIDO ALIANZA SOCIAL INDEPENDIENTE ""ASI""";35
MONIQUIRA;Luis Hernando Gutierrez Fajardo;"PARTIDO ALIANZA SOCIAL INDEPENDIENTE ""ASI""";34
MONIQUIRA;Diana Maria Motta Pinzon;PARTIDO CENTRO DEMOCRÁTICO;31
MONIQUIRA;Ricardo Garcia Santamaria;PARTIDO CENTRO DEMOCRÁTICO;30
MONIQUIRA;Libardo Bernal Castro;INDEPENDIENTES;29
MONIQUIRA;Marisol Duran Palomino;PARTIDO ALIANZA VERDE;28
MONIQUIRA;Cool Walter Espinosa Guerrero;PARTIDO CAMBIO RADICAL;27
MONIQUIRA;Partido De La U Y El Partido Politico Mira;PARTIDO DE LA U Y EL PARTIDO POLITICO MIRA;26
MONIQUIRA;Ruben Blanco Blanco;PARTIDO CONSERVADOR COLOMBIANO;26
MONIQUIRA;Ana Emilse Hurtado Pardo;PARTIDO DE LA U Y EL PARTIDO POLITICO MIRA;25
MONIQUIRA;Campo Elias Amador Beltran;"MOVIMIENTO ALTERNATIVO INDÍGENA Y SOCIAL ""MAIS""";24
MONIQUIRA;Julian Sierra Camacho;PARTIDO CONSERVADOR COLOMBIANO;24
MONIQUIRA;Lizeth Dayana Estrada Salamanca;INDEPENDIENTES;24
MONIQUIRA;Monica Yanneth Mora;PARTIDO CENTRO DEMOCRÁTICO;24
MONIQUIRA;"Partido Alianza Social Independiente ""Asi""";"PARTIDO ALIANZA SOCIAL INDEPENDIENTE ""ASI""";23
MONIQUIRA;Partido Cambio Radical;PARTIDO CAMBIO RADICAL;23
MONIQUIRA;Ruby Cisney Avila Saenz;AGRUPACIÓN POLÍTICA EN MARCHA;23
MONIQUIRA;Daniel Castellanos Sanabria;AGRUPACIÓN POLÍTICA EN MARCHA;21
MONIQUIRA;Hemerson Mendoza Vargas;INDEPENDIENTES;21
MONIQUIRA;"Movimiento Alternativo Indígena Y Social ""Mais""";"MOVIMIENTO ALTERNATIVO INDÍGENA Y SOCIAL ""MAIS""";21
MONIQUIRA;Yenyfer Paola Niño Medina;PARTIDO DE LA U Y EL PARTIDO POLITICO MIRA;21
MONIQUIRA;Luz Amanda Solorzano Mayorga;"MOVIMIENTO ALTERNATIVO INDÍGENA Y SOCIAL ""MAIS""";20
MONIQUIRA;Ximena Alexandra Fajardo Aguirre;"PARTIDO ALIANZA SOCIAL INDEPENDIENTE ""ASI""";20
MONIQUIRA;Johan Arthuro Suarez Romero;PARTIDO CENTRO DEMOCRÁTICO;19
MONIQUIRA;Diana Carolina Sanchez Bolaños;"PARTIDO ALIANZA SOCIAL INDEPENDIENTE ""ASI""";18
MONIQUIRA;Eidy Yina Morales Ramos;PARTIDO POLÍTICO DIGNIDAD & COMPROMISO;18
MONIQUIRA;Independientes;INDEPENDIENTES;15
MONIQUIRA;Laura Stephany Pinzon Hernandez;PARTIDO DE LA U Y EL PARTIDO POLITICO MIRA;15
MONIQUIRA;Norbely Maiideline Raba Suarez;PARTIDO CENTRO DEMOCRÁTICO;15
MONIQUIRA;Omar Andres Fernandez;PARTIDO POLÍTICO DIGNIDAD & COMPROMISO;15
MONIQUIRA;Partido Verde Oxígeno;PARTIDO VERDE OXÍGENO;15
MONIQUIRA;Claudia Milena Rivero Arguello;PARTIDO DE LA U Y EL PARTIDO POLITICO MIRA;14
MONIQUIRA;Genny Lizeth Espinosa Saenz;PARTIDO POLÍTICO DIGNIDAD & COMPROMISO;14
MONIQUIRA;Jhony Vargas Castellanos;PARTIDO POLÍTICO DIGNIDAD & COMPROMISO;14
MONIQUIRA;Andrea Liliana Gonzalez Ruiz;PARTIDO POLÍTICO DIGNIDAD & COMPROMISO;13
MONIQUIRA;Lady Marcela Vargas Diaz;PARTIDO CONSERVADOR COLOMBIANO;13
MONIQUIRA;Lilia Claudia Morales Martinez;PARTIDO CAMBIO RADICAL;13
MONIQUIRA;Partido Político Dignidad & Compromiso;PARTIDO POLÍTICO DIGNIDAD & COMPROMISO;13
MONIQUIRA;Dario Fernando Saavedra;AGRUPACIÓN POLÍTICA EN MARCHA;12
MONIQUIRA;Erika Alexandra Rodriguez Guerrero;PARTIDO CONSERVADOR COLOMBIANO;12
MONIQUIRA;Angy Mariana Villamil Zuñiga;"PARTIDO ALIANZA SOCIAL INDEPENDIENTE ""ASI""";11
MONIQUIRA;Leidy Johanna Suarez Canchon;PARTIDO CONSERVADOR COLOMBIANO;11
MONIQUIRA;Lina Marcela Supelano Vargas;PARTIDO POLÍTICO DIGNIDAD & COMPROMISO;11
MONIQUIRA;Alexander Parra Quitian;AGRUPACIÓN POLÍTICA EN MARCHA;10
MONIQUIRA;David Santiago Angarita Mojica;PARTIDO CENTRO DEMOCRÁTICO;10
MONIQUIRA;Laura Yolanda Torres Fajardo;"MOVIMIENTO ALTERNATIVO INDÍGENA Y SOCIAL ""MAIS""";9
MONIQUIRA;Selvio Castellanos Saenz;PARTIDO POLÍTICO DIGNIDAD & COMPROMISO;9
MONIQUIRA;Ana Clelia Cardenas Hernandez;INDEPENDIENTES;8
MONIQUIRA;Reinel Saenz Saenz;AGRUPACIÓN POLÍTICA EN MARCHA;8
MONIQUIRA;Angela Viviana Salazar Ulloa;PARTIDO LIBERAL COLOMBIANO;6
MONIQUIRA;Agrupación Política En Marcha;AGRUPACIÓN POLÍTICA EN MARCHA;5
MONIQUIRA;Maria Nelly Bustamante Camargo;"MOVIMIENTO ALTERNATIVO INDÍGENA Y SOCIAL ""MAIS""";4
MONIQUIRA;Lina Gabriela Torres Pardo;"PARTIDO ALIANZA SOCIAL INDEPENDIENTE ""ASI""";3
MONIQUIRA;Aura Shirley Gomez Parra;PARTIDO CAMBIO RADICAL;2
MOTAVITA;Carlos Humberto Sainea Rivera;"MOVIMIENTO AUTORIDADES INDÍGENAS DE COLOMBIA ""AICO""";238
MOTAVITA;Fabian Leonardo Rojas Tobasura;"MOVIMIENTO ALTERNATIVO INDÍGENA Y SOCIAL ""MAIS""";224
MOTAVITA;William Alfonso Rubio Pacheco;PARTIDO COLOMBIA RENACIENTE;180
MOTAVITA;Ilber Fabian Luis Suarez;AGRUPACIÓN POLÍTICA EN MARCHA;168
MOTAVITA;Carlos Jose Pamplona Pacheco;PARTIDO ALIANZA VERDE;165
MOTAVITA;Alberth Camilo Parra Alvarado;PARTIDO LIGA GOBERNANTES ANTICORRUPCIÓN - LIGA;161
MOTAVITA;Auly Reyes Quintero;PARTIDO LIGA GOBERNANTES ANTICORRUPCIÓN - LIGA;157
MOTAVITA;Luis Jose Barajas Almanza;PARTIDO LIBERAL COLOMBIANO;140
MOTAVITA;Jose Efrain Hernandez Reyes;PARTIDO ALIANZA VERDE;133
MOTAVITA;Jaime Alberto Molina Rodriguez;PARTIDO LIBERAL COLOMBIANO;131
MOTAVITA;Carlos Maximino Molina Cantor;PARTIDO ALIANZA VERDE;126
MOTAVITA;Darwing Camilo Fuya Fuya;PARTIDO POLÍTICO DIGNIDAD & COMPROMISO;122
MOTAVITA;Ana Lorena Lopez Barragan;AGRUPACIÓN POLÍTICA EN MARCHA;113
MOTAVITA;Maria Magdalena Rojas Suarez;PARTIDO COLOMBIA RENACIENTE;103
MOTAVITA;Fabian Orlando Corredor Hernandez;PARTIDO LIGA GOBERNANTES ANTICORRUPCIÓN - LIGA;100
MOTAVITA;Praxedes Gonzalez Arcos;PARTIDO COLOMBIA RENACIENTE;100
MOTAVITA;Carlos Arturo Rubio Rubio;"MOVIMIENTO AUTORIDADES INDÍGENAS DE COLOMBIA ""AICO""";99
MOTAVITA;Jorge Leonardo Roberto Echeverria;"MOVIMIENTO ALTERNATIVO INDÍGENA Y SOCIAL ""MAIS""";99
MOTAVITA;Partido Nuevo Liberalismo;PARTIDO NUEVO LIBERALISMO;99
MOTAVITA;Yeffer Humberto Rodriguez Burgos;"MOVIMIENTO AUTORIDADES INDÍGENAS DE COLOMBIA ""AICO""";95
MOTAVITA;Claudia Milena Suarez Garcia;PARTIDO COLOMBIA RENACIENTE;88
MOTAVITA;Hector Heli Vanegas Roberto;PARTIDO ALIANZA VERDE;87
MOTAVITA;Roberto Suarez Suarez;PARTIDO POLÍTICO DIGNIDAD & COMPROMISO;84
MOTAVITA;Sandra Milena Suarez Cely;PARTIDO LIBERAL COLOMBIANO;84
MOTAVITA;Pablo Enrique Molina;PARTIDO COLOMBIA RENACIENTE;82
MOTAVITA;Rodulfo Antonio Mozo Echeverria;PARTIDO LIBERAL COLOMBIANO;80
MOTAVITA;Jose Osbaldo Rivera Suarez;PARTIDO LIGA GOBERNANTES ANTICORRUPCIÓN - LIGA;79
MOTAVITA;Nairo Jose Malaver Suarez;PARTIDO COLOMBIA RENACIENTE;75
MOTAVITA;Hernan Ricardo Leon Gomez;"PARTIDO ALIANZA SOCIAL INDEPENDIENTE ""ASI""";72
MOTAVITA;Miyer Alberto Quintero Echeverria;"MOVIMIENTO ALTERNATIVO INDÍGENA Y SOCIAL ""MAIS""";72
MOTAVITA;Edwin Francisco Rivera Suarez;PARTIDO POLÍTICO DIGNIDAD & COMPROMISO;70
MOTAVITA;Victor Jaime Alvarado Echeverria;AGRUPACIÓN POLÍTICA EN MARCHA;68
MOTAVITA;Andres Jovanny Barajas Avila;"MOVIMIENTO AUTORIDADES INDÍGENAS DE COLOMBIA ""AICO""";66
MOTAVITA;Bladimir Contador Gonzalez;"MOVIMIENTO ALTERNATIVO INDÍGENA Y SOCIAL ""MAIS""";65
MOTAVITA;Edisson Suarez Simijaca;PARTIDO COLOMBIA RENACIENTE;64
MOTAVITA;Jhonathan Andres Carrillo Parra;AGRUPACIÓN POLÍTICA EN MARCHA;63
MOTAVITA;Cesar Aldemar Quintero Suarez;AGRUPACIÓN POLÍTICA EN MARCHA;61
MOTAVITA;Jose Delmer Vargas Pineda;"MOVIMIENTO AUTORIDADES INDÍGENAS DE COLOMBIA ""AICO""";58
MOTAVITA;Fabian Humberto Quintero Vanegas;PARTIDO LIBERAL COLOMBIANO;56
MOTAVITA;Yair Esney Gonzalez Santiago;"MOVIMIENTO AUTORIDADES INDÍGENAS DE COLOMBIA ""AICO""";53
MOTAVITA;Maria Yaqueline Garcia Reyes;PARTIDO POLÍTICO DIGNIDAD & COMPROMISO;44
MOTAVITA;Maria Aliya Cuervo Suarez;PARTIDO ALIANZA VERDE;39
MOTAVITA;Sandra Yaquelin Quintana Rojas;"MOVIMIENTO ALTERNATIVO INDÍGENA Y SOCIAL ""MAIS""";34
MOTAVITA;Jose Del Carmen Roberto Samaca;PARTIDO LIBERAL COLOMBIANO;28
MOTAVITA;Abinael Amado Suarez;PARTIDO ALIANZA VERDE;27
MOTAVITA;Ildebrando Cuervo Echeverria;PARTIDO LIGA GOBERNANTES ANTICORRUPCIÓN - LIGA;26
MOTAVITA;Pedro Antonio Pacheco Cely;"MOVIMIENTO ALTERNATIVO INDÍGENA Y SOCIAL ""MAIS""";26
MOTAVITA;Laura Gineth Fuya Sanabria;PARTIDO ALIANZA VERDE;25
MOTAVITA;Partido Liberal Colombiano;PARTIDO LIBERAL COLOMBIANO;22
MOTAVITA;Doris Dalila Cuncanchon Cuervo;"MOVIMIENTO AUTORIDADES INDÍGENAS DE COLOMBIA ""AICO""";20
MOTAVITA;Jose Javier Echeverria Silva;PARTIDO POLÍTICO DIGNIDAD & COMPROMISO;20
MOTAVITA;Lina Rocio Pineda Cuncanchon;PARTIDO LIBERAL COLOMBIANO;19
MOTAVITA;Daliz Liliana Rojas Lopez;"PARTIDO ALIANZA SOCIAL INDEPENDIENTE ""ASI""";18
MOTAVITA;Sonia Rocio Molina Pineda;"MOVIMIENTO ALTERNATIVO INDÍGENA Y SOCIAL ""MAIS""";18
MOTAVITA;Giovanni Alejandro Cardenas Rojas;"PARTIDO ALIANZA SOCIAL INDEPENDIENTE ""ASI""";17
MOTAVITA;Mauricio Alejandro Aponte Soler;PARTIDO POLÍTICO DIGNIDAD & COMPROMISO;17
MOTAVITA;Partido Alianza Verde;PARTIDO ALIANZA VERDE;17
MOTAVITA;Elsa Maria Lopez Botia;"MOVIMIENTO ALTERNATIVO INDÍGENA Y SOCIAL ""MAIS""";16
MOTAVITA;Leonardo De Jesus Mora Hernandez;"PARTIDO ALIANZA SOCIAL INDEPENDIENTE ""ASI""";14
MOTAVITA;Andrea Hurtado Suarez;PARTIDO LIBERAL COLOMBIANO;12
MOTAVITA;"Movimiento Alternativo Indígena Y Social ""Mais""";"MOVIMIENTO ALTERNATIVO INDÍGENA Y SOCIAL ""MAIS""";12
MOTAVITA;Nidia Esperanza Hernandez Molina;PARTIDO ALIANZA VERDE;12
MOTAVITA;Nidia Esperanza Herrera Herrera;PARTIDO POLÍTICO DIGNIDAD & COMPROMISO;12
MOTAVITA;Gisella Del Carmen Ramirez Torres;"PARTIDO ALIANZA SOCIAL INDEPENDIENTE ""ASI""";11
MOTAVITA;Nancy Rojas Parra;PARTIDO COLOMBIA RENACIENTE;11
MOTAVITA;Aura Delia Suarez Molina;PARTIDO ALIANZA VERDE;10
MOTAVITA;Lizeth Dayanna Rodriguez Sandoval;PARTIDO CONSERVADOR COLOMBIANO;9
MOTAVITA;Agrupación Política En Marcha;AGRUPACIÓN POLÍTICA EN MARCHA;7
MOTAVITA;"Movimiento Autoridades Indígenas De Colombia ""Aico """;"MOVIMIENTO AUTORIDADES INDÍGENAS DE COLOMBIA ""AICO""";7
MOTAVITA;"Partido Alianza Social Independiente ""Asi""";"PARTIDO ALIANZA SOCIAL INDEPENDIENTE ""ASI""";7
MOTAVITA;Partido Colombia Renaciente;PARTIDO COLOMBIA RENACIENTE;5
MOTAVITA;Partido Conservador Colombiano;PARTIDO CONSERVADOR COLOMBIANO;4
MOTAVITA;Partido Liga Gobernantes Anticorrupción - Liga;PARTIDO LIGA GOBERNANTES ANTICORRUPCIÓN - LIGA;4
MOTAVITA;Partido Político Dignidad & Compromiso;PARTIDO POLÍTICO DIGNIDAD & COMPROMISO;4
MOTAVITA;Carmen Rosa Perez Galvis;PARTIDO LIGA GOBERNANTES ANTICORRUPCIÓN - LIGA;3
MOTAVITA;Erika Tatiana Puentes;PARTIDO POLÍTICO DIGNIDAD & COMPROMISO;3
MOTAVITA;Gina Solanye Villarreal Rojas;PARTIDO LIBERAL COLOMBIANO;3
MOTAVITA;Javier Alexander Rojas Lopez;PARTIDO CONSERVADOR COLOMBIANO;3
MOTAVITA;Jorge Enrique Alvarado Mora;PARTIDO CONSERVADOR COLOMBIANO;3
MOTAVITA;Nancy Torres Hernandez;PARTIDO LIGA GOBERNANTES ANTICORRUPCIÓN - LIGA;3
MOTAVITA;Andrea Natalia Niño Cardenas;"MOVIMIENTO AUTORIDADES INDÍGENAS DE COLOMBIA ""AICO""";2
MOTAVITA;Carlos David Medina Burgos;AGRUPACIÓN POLÍTICA EN MARCHA;1
MOTAVITA;Karen Milena Hurtado Hurtado;AGRUPACIÓN POLÍTICA EN MARCHA;1
MOTAVITA;Lyda Jimena Quintero Vanegas;PARTIDO COLOMBIA RENACIENTE;1
MOTAVITA;Martha Yaneth Fonseca Gallo;AGRUPACIÓN POLÍTICA EN MARCHA;1
MOTAVITA;Olga Lucia Rivera Motivar;PARTIDO LIGA GOBERNANTES ANTICORRUPCIÓN - LIGA;1
MUZO;Jose Onofre Cortes Mora;PARTIDO ALIANZA VERDE;382
MUZO;Bayron Andres Rodriguez Rodriguez;"MOVIMIENTO ALTERNATIVO INDÍGENA Y SOCIAL ""MAIS""";344
MUZO;Uriel Ferney Mahecha Castillo;PARTIDO DE LA UNIÓN POR LA GENTE - PARTIDO DE LA U;314
MUZO;Mario Nel Gonzalez Pachon;PARTIDO CONSERVADOR COLOMBIANO;237
MUZO;Omar Rodriguez Molina;PARTIDO ALIANZA VERDE;195
MUZO;Yesica Maria Melo Solano;PARTIDO ALIANZA VERDE;191
MUZO;Mario Orlando Cifuentes Fajardo;PARTIDO ALIANZA VERDE;189
MUZO;Jhon Leonardo Avila Riveros;PARTIDO CONSERVADOR COLOMBIANO;188
MUZO;Wilmer Esneider Mendez Gonzalez;"MOVIMIENTO ALTERNATIVO INDÍGENA Y SOCIAL ""MAIS""";187
MUZO;Nidia Carolina Bustos Suarez;PARTIDO ALIANZA VERDE;174
MUZO;Gonzalo Benitez Castillo;PARTIDO CONSERVADOR COLOMBIANO;159
MUZO;Luis Fernando Diaz Rodriguez;PARTIDO CONSERVADOR COLOMBIANO;158
MUZO;Aubin Cañon Torres;PARTIDO ALIANZA VERDE;153
MUZO;Martha Isabel Alonso Medina;PARTIDO DE LA UNIÓN POR LA GENTE - PARTIDO DE LA U;150
MUZO;Johan Andres Guerrero Becerra;"MOVIMIENTO ALTERNATIVO INDÍGENA Y SOCIAL ""MAIS""";133
MUZO;Diego Enrique Ahumada Chacon;PARTIDO CAMBIO RADICAL;132
MUZO;Aleida Yohana Guerrero Buitrago;PARTIDO DE LA UNIÓN POR LA GENTE - PARTIDO DE LA U;125
MUZO;Jose Vicente Mahecha Marcelo;PARTIDO CONSERVADOR COLOMBIANO;122
MUZO;Huviesner Gaitan Rodriguez;PARTIDO ALIANZA VERDE;117
MUZO;Edwin Alberto Murcia Calvo;PARTIDO ALIANZA VERDE;109
MUZO;Wilmer Alejandro Castillo Rodriguez;PARTIDO CAMBIO RADICAL;98
MUZO;Wilson Javier Acosta Mahecha;"MOVIMIENTO ALTERNATIVO INDÍGENA Y SOCIAL ""MAIS""";82
MUZO;William Javier Pachon Rodriguez;PARTIDO CENTRO DEMOCRÁTICO;73
MUZO;Jeyson Duvier Guayacundo Montaño;PARTIDO CENTRO DEMOCRÁTICO;70
MUZO;Angel Gabriel Rincon Rodriguez;PARTIDO DE LA UNIÓN POR LA GENTE - PARTIDO DE LA U;67
MUZO;Pablo Emilio Vanegas;MOVIMIENTO SALVACIÓN NACIONAL;62
MUZO;Santos Orlando Torres Cruz;PARTIDO ALIANZA VERDE;55
MUZO;Uldy Liceth Valderrama Vela;PARTIDO ALIANZA VERDE;53
MUZO;Lucy Rodriguez Chilito;PARTIDO DE LA UNIÓN POR LA GENTE - PARTIDO DE LA U;50
MUZO;Hermes Fabian Tello Carrillo;PARTIDO DE LA UNIÓN POR LA GENTE - PARTIDO DE LA U;47
MUZO;Jeider Alexander Ladino Soloza;PARTIDO CENTRO DEMOCRÁTICO;46
MUZO;Denys Yohana Monsalve Robayo;PARTIDO CENTRO DEMOCRÁTICO;37
MUZO;Erica Yulieth Umaña Diaz;PARTIDO CENTRO DEMOCRÁTICO;35
MUZO;Alexander Gonzalez Angel;PARTIDO CENTRO DEMOCRÁTICO;33
MUZO;Jonathan Estith Pinilla;PARTIDO POLO DEMOCRÁTICO ALTERNATIVO;31
MUZO;Darwin Alirio Gonzalez Zaravanda;MOVIMIENTO SALVACIÓN NACIONAL;30
MUZO;Partido Alianza Verde;PARTIDO ALIANZA VERDE;30
MUZO;Fredy Alexander Forero Lopez;PARTIDO CENTRO DEMOCRÁTICO;29
MUZO;Jhon Sebastian Marroquin;MOVIMIENTO SALVACIÓN NACIONAL;28
MUZO;Elsy Yohana Castañeda Buitrago;"MOVIMIENTO ALTERNATIVO INDÍGENA Y SOCIAL ""MAIS""";24
MUZO;Uriel Antonio Peña;PARTIDO DE LA UNIÓN POR LA GENTE - PARTIDO DE LA U;24
MUZO;Heidy Johana Pulido Monroy;PARTIDO CENTRO DEMOCRÁTICO;23
MUZO;Karen Viviana Chacon;"MOVIMIENTO ALTERNATIVO INDÍGENA Y SOCIAL ""MAIS""";23
MUZO;Bertha Yaqueline Maldonado Briceño;MOVIMIENTO SALVACIÓN NACIONAL;22
MUZO;Maria Eugenia Jimenez Cifuentes;PARTIDO DE LA UNIÓN POR LA GENTE - PARTIDO DE LA U;22
MUZO;Ingrid Viviana Martinez Cortes;PARTIDO CENTRO DEMOCRÁTICO;21
MUZO;Jose Gildardo Medina;"MOVIMIENTO ALTERNATIVO INDÍGENA Y SOCIAL ""MAIS""";19
MUZO;Partido Conservador Colombiano;PARTIDO CONSERVADOR COLOMBIANO;19
MUZO;Partido De La Unión Por La Gente - Partido De La U;PARTIDO DE LA UNIÓN POR LA GENTE - PARTIDO DE LA U;19
MUZO;Julian David Monroy Duran;PARTIDO CAMBIO RADICAL;18
MUZO;Yesika Catherin Mahecha Verano;PARTIDO DE LA UNIÓN POR LA GENTE - PARTIDO DE LA U;18
MUZO;Yeisson Fernando Hernandez Reina;PARTIDO DE LA UNIÓN POR LA GENTE - PARTIDO DE LA U;15
MUZO;Jaime Gonzalez Paez;MOVIMIENTO POLÍTICO COLOMBIA HUMANA;13
MUZO;"Movimiento Alternativo Indígena Y Social ""Mais""";"MOVIMIENTO ALTERNATIVO INDÍGENA Y SOCIAL ""MAIS""";12
MUZO;Neyder Stiven Perez Camacho;PARTIDO CENTRO DEMOCRÁTICO;12
MUZO;Oduwal Andres Romero Ramirez;PARTIDO CAMBIO RADICAL;12
MUZO;Claudia Patricia Rojas Cortes;PARTIDO POLO DEMOCRÁTICO ALTERNATIVO;11
MUZO;Partido Centro Democrático;PARTIDO CENTRO DEMOCRÁTICO;11
MUZO;Maddy Alejandra Ome Castiblanco;MOVIMIENTO SALVACIÓN NACIONAL;10
MUZO;Clara Patricia Rojas Lugo;PARTIDO POLO DEMOCRÁTICO ALTERNATIVO;9
MUZO;Edilma Rodriguez Villamil;PARTIDO CONSERVADOR COLOMBIANO;9
MUZO;Francisco Antonio Leon Cardenas;PARTIDO POLO DEMOCRÁTICO ALTERNATIVO;9
MUZO;Movimiento Político Colombia Humana;MOVIMIENTO POLÍTICO COLOMBIA HUMANA;9
MUZO;Yuly Esperanza Caicedo Moya;MOVIMIENTO SALVACIÓN NACIONAL;9
MUZO;Jhonatan Yessid Patacon Campos;PARTIDO POLO DEMOCRÁTICO ALTERNATIVO;8
MUZO;Partido Polo Democrático Alternativo;PARTIDO POLO DEMOCRÁTICO ALTERNATIVO;8
MUZO;Clara Ines Sanchez Orjuela;PARTIDO POLO DEMOCRÁTICO ALTERNATIVO;7
MUZO;Erika Marcela Vega Diaz;PARTIDO ALIANZA VERDE;7
MUZO;Maria Custodia Pineda Solosa;PARTIDO CONSERVADOR COLOMBIANO;7
MUZO;Movimiento  Salvación Nacional;MOVIMIENTO SALVACIÓN NACIONAL;7
MUZO;Ana Silvia Garcia Suarez;PARTIDO CONSERVADOR COLOMBIANO;6
MUZO;Fray Alexander Gonzalez Martinez;"MOVIMIENTO ALTERNATIVO INDÍGENA Y SOCIAL ""MAIS""";6
MUZO;Leslie Gabriela Hincapie Campos;PARTIDO CAMBIO RADICAL;6
MUZO;Ronal Daniel Paz Falla;"MOVIMIENTO ALTERNATIVO INDÍGENA Y SOCIAL ""MAIS""";6
MUZO;Jeison Andres Sanchez Muñoz;PARTIDO CAMBIO RADICAL;5
MUZO;Partido Cambio Radical;PARTIDO CAMBIO RADICAL;5
MUZO;Yenzury Gabriela Ortiz Beltran;PARTIDO CENTRO DEMOCRÁTICO;5
MUZO;Blanca Nieves Perez Zapata;PARTIDO POLO DEMOCRÁTICO ALTERNATIVO;4
MUZO;Cindy Paola Sierra Dorado;PARTIDO POLO DEMOCRÁTICO ALTERNATIVO;4
MUZO;Elver Roman Jimenez;MOVIMIENTO SALVACIÓN NACIONAL;4
MUZO;Larry Jeseth Ramirez Bohorquez;MOVIMIENTO SALVACIÓN NACIONAL;4
MUZO;Raul Galicia Rodriguez;PARTIDO POLO DEMOCRÁTICO ALTERNATIVO;4
MUZO;Angy Maritza Vargas Moreno;"MOVIMIENTO ALTERNATIVO INDÍGENA Y SOCIAL ""MAIS""";3
MUZO;Luz Maritza Ahumada Montaño;"MOVIMIENTO ALTERNATIVO INDÍGENA Y SOCIAL ""MAIS""";3
MUZO;Jhon Fredi Palacios Monroy;PARTIDO POLO DEMOCRÁTICO ALTERNATIVO;2
MUZO;Luz Marina Ballen Perez;MOVIMIENTO SALVACIÓN NACIONAL;2
MUZO;Yudy Adriana Torres Arevalo;MOVIMIENTO SALVACIÓN NACIONAL;2
NOBSA;Leonidas Salcedo Herrera;"MOVIMIENTO AUTORIDADES INDÍGENAS DE COLOMBIA ""AICO""";442
NOBSA;Diego Alejandro Aguilar Barragan;PARTIDO ALIANZA VERDE;395
NOBSA;Cesar Ivan Cely Ortiz;PARTIDO ALIANZA VERDE;345
NOBSA;Jose Antonio Gonzalez Faracica;PARTIDO CAMBIO RADICAL;338
NOBSA;German Rincon Fonseca;PARTIDO CAMBIO RADICAL;312
NOBSA;"Partido Unión Patriótica ""Up""";"PARTIDO UNIÓN PATRIÓTICA ""UP""";291
NOBSA;Juan Carlos Caceres Moreno;PARTIDO CONSERVADOR COLOMBIANO;288
NOBSA;Diego Andres Siachoque Saavedra;"MOVIMIENTO AUTORIDADES INDÍGENAS DE COLOMBIA ""AICO""";260
NOBSA;Henry Alberto Barragan Alfonso;PARTIDO LIBERAL COLOMBIANO;232
NOBSA;Dora Yaneth Rincon Gonzalez;PARTIDO ALIANZA VERDE;221
NOBSA;Jose Miguel Hernandez Gomez;PARTIDO ALIANZA VERDE;221
NOBSA;Luis Alberto Socha Jimenez;PARTIDO CONSERVADOR COLOMBIANO;218
NOBSA;Carlos Mario Hernandez Siachoque;PARTIDO LIBERAL COLOMBIANO;214
NOBSA;Harold Esteban Lopez Orduz;PARTIDO ALIANZA VERDE;193
NOBSA;Sandra Milena Cristancho Granados;PARTIDO CONSERVADOR COLOMBIANO;188
NOBSA;Carlos Andres Guauque Guiza;PARTIDO LIBERAL COLOMBIANO;170
NOBSA;Deisy Paola Hernandez Guiza;PARTIDO ALIANZA VERDE;167
NOBSA;Adrian Camilo Gomez Dueñas;PARTIDO COLOMBIA RENACIENTE;155
NOBSA;Camilo Jose Valenzuela Castelblanco;PARTIDO CAMBIO RADICAL;153
NOBSA;Maribel Suarez Rodriguez;PARTIDO LIBERAL COLOMBIANO;153
NOBSA;Duvan Mauricio Tristancho Lopez;PARTIDO CONSERVADOR COLOMBIANO;149
NOBSA;Edwin Dario Cardenas Salamanca;PARTIDO ALIANZA VERDE;149
NOBSA;Juan Pablo Rodriguez Rincon;PARTIDO LIBERAL COLOMBIANO;149
NOBSA;Cesar Augusto Dueñas Baron;PARTIDO CAMBIO RADICAL;144
NOBSA;Elda Jimena Leon Rojas;PARTIDO CAMBIO RADICAL;143
NOBSA;Luz Eliana Barragan Beltran;PARTIDO CONSERVADOR COLOMBIANO;141
NOBSA;Rigoberto Quijano Cabrera;PARTIDO DE LA UNIÓN POR LA GENTE - PARTIDO DE LA U;140
NOBSA;Victor Alfonso Rodriguez Gomez;PARTIDO POLÍTICO LA FUERZA DE LA PAZ;140
NOBSA;Miguel Angel Viancha Valderrama;PARTIDO CONSERVADOR COLOMBIANO;138
NOBSA;Roque Widmar Mariño Amaya;PARTIDO COLOMBIA RENACIENTE;136
NOBSA;Hector Alfonso Correa Torres;PARTIDO CONSERVADOR COLOMBIANO;135
NOBSA;Ivan Dario Pinzon Melo;PARTIDO ALIANZA VERDE;124
NOBSA;Jenifer Alexandra Ascanio Alarcon;PARTIDO ALIANZA VERDE;121
NOBSA;Maria Nancy Calixto Cely;PARTIDO ALIANZA VERDE;119
NOBSA;Wilson Vargas Fernandez;PARTIDO LIBERAL COLOMBIANO;111
NOBSA;Henry Alexander Barrera Sierra;PARTIDO CAMBIO RADICAL;96
NOBSA;Miller Yesid Plazas Gonzalez;PARTIDO COLOMBIA RENACIENTE;96
NOBSA;Movimiento Político Colombia Humana;MOVIMIENTO POLÍTICO COLOMBIA HUMANA;94
NOBSA;Salvador Castillo Ramirez;PARTIDO POLÍTICO LA FUERZA DE LA PAZ;93
NOBSA;Angelica Maria Hernandez Siachoque;AGRUPACIÓN POLÍTICA EN MARCHA;90
NOBSA;Jonathan Arley Jarro Cuida;INDEPENDIENTES;87
NOBSA;Jose Adriano Guio Naranjo;MAIS - POLO;86
NOBSA;Diego Ivan Perez Torres;AGRUPACIÓN POLÍTICA EN MARCHA;85
NOBSA;Leonel Alberto Martinez Lopez;PARTIDO DE LA UNIÓN POR LA GENTE - PARTIDO DE LA U;83
NOBSA;Jaime Alberto Plazas Morales;PARTIDO CONSERVADOR COLOMBIANO;82
NOBSA;Maria Angelica Negro Moreno;MAIS - POLO;80
NOBSA;Ricardo Antonio Agudelo Guiza;MAIS - POLO;79
NOBSA;Yenny Yolidsa Pamplona Fuentes;PARTIDO DE LA UNIÓN POR LA GENTE - PARTIDO DE LA U;78
NOBSA;Fabio Fajardo Quijano;AGRUPACIÓN POLÍTICA EN MARCHA;76
NOBSA;Adriana Lucia Angel Estepa;PARTIDO POLÍTICO LA FUERZA DE LA PAZ;71
NOBSA;Juan Camilo Vija Guarin;PARTIDO COLOMBIA RENACIENTE;71
NOBSA;Robert Edison Alfonso Velasco;PARTIDO LIBERAL COLOMBIANO;66
NOBSA;Diego Alejandro Mesa Salamanca;PARTIDO POLÍTICO LA FUERZA DE LA PAZ;65
NOBSA;Partido Político Dignidad & Compromiso;PARTIDO POLÍTICO DIGNIDAD & COMPROMISO;65
NOBSA;Juan Diego Barragan Castillo;PARTIDO COLOMBIA RENACIENTE;61
NOBSA;Tilsia Maria Barbosa Ricaurte;PARTIDO CAMBIO RADICAL;57
NOBSA;Jeovana Del Pilar Lopez Alvarez;PARTIDO LIBERAL COLOMBIANO;55
NOBSA;Luz Marina Herrera Ariza;MAIS - POLO;54
NOBSA;Edgar Andres Cristancho Rodriguez;INDEPENDIENTES;53
NOBSA;Danya Marely Rodriguez Suescun;PARTIDO CONSERVADOR COLOMBIANO;52
NOBSA;Javier Emiro Gomez Socha;PARTIDO DE LA UNIÓN POR LA GENTE - PARTIDO DE LA U;52
NOBSA;Rosendo Hernandez Torres;PARTIDO LIBERAL COLOMBIANO;52
NOBSA;Jose Alcides Gaviria Vega;MAIS - POLO;51
NOBSA;Luis Carlos Montaña Cristancho;PARTIDO POLÍTICO LA FUERZA DE LA PAZ;49
NOBSA;William Argemiro Barragan Hernandez;INDEPENDIENTES;46
NOBSA;Teodulo Benavides Becerra;"MOVIMIENTO AUTORIDADES INDÍGENAS DE COLOMBIA ""AICO""";45
NOBSA;Cristian Ricardo Rincon Jimenez;PARTIDO CAMBIO RADICAL;42
NOBSA;Gabriel Orlando Torres Lopez;AGRUPACIÓN POLÍTICA EN MARCHA;42
NOBSA;Edgar Enrique Moreno Tapias;"MOVIMIENTO AUTORIDADES INDÍGENAS DE COLOMBIA ""AICO""";40
NOBSA;Felix Javier Bernal Salcedo;PARTIDO POLÍTICO LA FUERZA DE LA PAZ;40
NOBSA;Partido Alianza Verde;PARTIDO ALIANZA VERDE;39
NOBSA;Henry Guiza Agudelo;AGRUPACIÓN POLÍTICA EN MARCHA;38
NOBSA;Michael Jefeerson Avendaño Balcero;PARTIDO NUEVO LIBERALISMO;37
NOBSA;Cristian Leonardo Montañez Cardenas;PARTIDO CONSERVADOR COLOMBIANO;34
NOBSA;Diana Paola Peña Viancha;PARTIDO CAMBIO RADICAL;34
NOBSA;Jose Alejandro Salcedo Lopez;INDEPENDIENTES;33
NOBSA;Partido Cambio Radical;PARTIDO CAMBIO RADICAL;32
NOBSA;Cristian Camilo Hernandez Güiza;PARTIDO POLÍTICO LA FUERZA DE LA PAZ;31
NOBSA;William Fernando Perez Barragan;MAIS - POLO;31
NOBSA;Fredy Uriel Camargo Rodriguez;"MOVIMIENTO AUTORIDADES INDÍGENAS DE COLOMBIA ""AICO""";30
NOBSA;Luz Marina Lopez Siachoque;AGRUPACIÓN POLÍTICA EN MARCHA;29
NOBSA;Julio Cesar Calderon Cano;AGRUPACIÓN POLÍTICA EN MARCHA;25
NOBSA;Kelly Johanna Fajardo Cardozo;PARTIDO POLÍTICO LA FUERZA DE LA PAZ;25
NOBSA;Lady Daniela Bernal Guaquira;PARTIDO COLOMBIA RENACIENTE;25
NOBSA;Zulma Isabel Rincon Morales;PARTIDO DE LA UNIÓN POR LA GENTE - PARTIDO DE LA U;24
NOBSA;Julio Alberto Mariño Arenas;PARTIDO ALIANZA VERDE;23
NOBSA;Partido Liberal Colombiano;PARTIDO LIBERAL COLOMBIANO;23
NOBSA;Carlos Andres Walteros Martinez;PARTIDO COLOMBIA RENACIENTE;22
NOBSA;Saul Urquijo Vega;MAIS - POLO;22
NOBSA;Blanca Lilia Castañeda Guiza;PARTIDO COLOMBIA RENACIENTE;21
NOBSA;Luis Alejandro Guio;PARTIDO CAMBIO RADICAL;21
NOBSA;Partido De La Unión Por La Gente - Partido De La U;PARTIDO DE LA UNIÓN POR LA GENTE - PARTIDO DE LA U;21
NOBSA;Victor Leonardo Araque Barrera;INDEPENDIENTES;21
NOBSA;Jesus Enrique Moscoso Manrique;PARTIDO DE LA UNIÓN POR LA GENTE - PARTIDO DE LA U;20
NOBSA;Angelica Maria Rodriguez Castro;INDEPENDIENTES;19
NOBSA;"Movimiento Autoridades Indígenas De Colombia ""Aico """;"MOVIMIENTO AUTORIDADES INDÍGENAS DE COLOMBIA ""AICO""";18
NOBSA;Manuel Augusto Suancha Parra;MAIS - POLO;17
NOBSA;Maria Fernanda Serrano Becerra;PARTIDO DE LA UNIÓN POR LA GENTE - PARTIDO DE LA U;17
NOBSA;Flor Milena Alvarez Gomez;INDEPENDIENTES;16
NOBSA;Jose Arcadio Lopez Camargo;PARTIDO COLOMBIA RENACIENTE;16
NOBSA;Juliana Maria Abello Manzanares;PARTIDO COLOMBIA RENACIENTE;16
NOBSA;Sandra Milena Riveros Uriza;PARTIDO CAMBIO RADICAL;16
NOBSA;Florinda Caviatiba Niño;PARTIDO NUEVO LIBERALISMO;15
NOBSA;Jose Rodolfo Viancha Viancha;"MOVIMIENTO AUTORIDADES INDÍGENAS DE COLOMBIA ""AICO""";14
NOBSA;Partido Conservador Colombiano;PARTIDO CONSERVADOR COLOMBIANO;13
NOBSA;Alvaro Javier Quijano Carvajal;"MOVIMIENTO AUTORIDADES INDÍGENAS DE COLOMBIA ""AICO""";12
NOBSA;Angela Madelaile Angarita Velandia;PARTIDO CONSERVADOR COLOMBIANO;12
NOBSA;Henry Steven Medina Pineda;INDEPENDIENTES;12
NOBSA;Mariliz Piragauta Paipa;PARTIDO NUEVO LIBERALISMO;12
NOBSA;Omeya Paola Vargas Rincon;PARTIDO DE LA UNIÓN POR LA GENTE - PARTIDO DE LA U;11
NOBSA;Partido Político La Fuerza De La Paz;PARTIDO POLÍTICO LA FUERZA DE LA PAZ;10
NOBSA;Angela Sofia Alarcon Botia;PARTIDO POLÍTICO LA FUERZA DE LA PAZ;9
NOBSA;Luz Mery Vargas Vargas;"MOVIMIENTO AUTORIDADES INDÍGENAS DE COLOMBIA ""AICO""";9
NOBSA;Mais - Polo;MAIS - POLO;9
NOBSA;Maria Camila Alvarez Rojas;MAIS - POLO;9
NOBSA;Milton Daniel Morantes Guio;PARTIDO POLÍTICO LA FUERZA DE LA PAZ;8
NOBSA;Partido Colombia Renaciente;PARTIDO COLOMBIA RENACIENTE;8
NOBSA;Victor Manuel Perez Gutierrez;PARTIDO NUEVO LIBERALISMO;8
NOBSA;Daniel Alejandro Torres Becerra;PARTIDO DE LA UNIÓN POR LA GENTE - PARTIDO DE LA U;7
NOBSA;Diana Fernanda Salcedo Diaz;PARTIDO LIBERAL COLOMBIANO;6
NOBSA;Juana Xiomara Lizarazo Cely;"MOVIMIENTO AUTORIDADES INDÍGENAS DE COLOMBIA ""AICO""";6
NOBSA;Agrupación Política En Marcha;AGRUPACIÓN POLÍTICA EN MARCHA;5
NOBSA;Fredy Eduardo Siachoque Siachoque;PARTIDO DE LA UNIÓN POR LA GENTE - PARTIDO DE LA U;5
NOBSA;Johnson Arturo Alarcon Carreño;AGRUPACIÓN POLÍTICA EN MARCHA;5
NOBSA;Juan Carlos Cely Jimenez;PARTIDO NUEVO LIBERALISMO;5
NOBSA;Danna Valentina Rojas Vargas;PARTIDO NUEVO LIBERALISMO;4
NOBSA;Independientes;INDEPENDIENTES;4
NOBSA;Jose Otoniel Zaque Diaz;INDEPENDIENTES;4
NOBSA;Kelly Yhojanna Perez Rincon;"MOVIMIENTO AUTORIDADES INDÍGENAS DE COLOMBIA ""AICO""";4
NOBSA;Partido Nuevo Liberalismo;PARTIDO NUEVO LIBERALISMO;4
NOBSA;Cindy Caterin Silva Nova;PARTIDO POLÍTICO LA FUERZA DE LA PAZ;3
NOBSA;Laudy Selena Barrera Diaz;MAIS - POLO;3
NOBSA;Leydi Alexandra Rubio Siachoque;PARTIDO LIBERAL COLOMBIANO;3
NOBSA;Maria Amparo Caicedo Jimenez;INDEPENDIENTES;3
NOBSA;Dahiana Marcela Salamanca Cruz;PARTIDO COLOMBIA RENACIENTE;1
NOBSA;Deisy Marcela Carreño Acero;AGRUPACIÓN POLÍTICA EN MARCHA;1
NOBSA;Dolly Estefania Hernandez Salamanca;PARTIDO DE LA UNIÓN POR LA GENTE - PARTIDO DE LA U;1
NOBSA;Ibeth Rocio Vega Socha;"MOVIMIENTO AUTORIDADES INDÍGENAS DE COLOMBIA ""AICO""";1
NOBSA;Yesid Oswaldo Rincon Sanchez;AGRUPACIÓN POLÍTICA EN MARCHA;1
NUEVO COLON;Juan Carlos Castiblanco Castelblanco;INDEPENDIENTES;236
NUEVO COLON;Diego Armando Gonzalez Muñoz;PARTIDO ALIANZA VERDE;221
NUEVO COLON;Edgar Yoan Moreno Casteblanco;PARTIDO LIBERAL COLOMBIANO;214
NUEVO COLON;Hector Armando Sosa Castiblanco;PARTIDO LIBERAL COLOMBIANO;163
NUEVO COLON;Luis Daniel Gamba Castro;PARTIDO POLÍTICO LA FUERZA DE LA PAZ;162
NUEVO COLON;Milton Andres Merchan Soler;INDEPENDIENTES;159
NUEVO COLON;Gustavo Gamba Wilches;PARTIDO DE LA UNIÓN POR LA GENTE - PARTIDO DE LA U;141
NUEVO COLON;Tito Anibal Niampira Porras;INDEPENDIENTES;139
NUEVO COLON;Eduard Israel Corredor Sosa;INDEPENDIENTES;133
NUEVO COLON;Claudia Lilian Moreno Castelblanco;PARTIDO ALIANZA VERDE;130
NUEVO COLON;Dania Lorena Pulido Aponte;PARTIDO POLÍTICO LA FUERZA DE LA PAZ;125
NUEVO COLON;Oscar Patiño Meneses;PARTIDO DE LA UNIÓN POR LA GENTE - PARTIDO DE LA U;124
NUEVO COLON;Hector Julio Chavarro Fandiño;PARTIDO LIBERAL COLOMBIANO;123
NUEVO COLON;Maria Antonia Aponte Mancipe;INDEPENDIENTES;122
NUEVO COLON;Luis Alfonso Cadena Lopez;PARTIDO ALIANZA VERDE;117
NUEVO COLON;Gratiniano Lancheros Vela;PARTIDO ALIANZA VERDE;115
NUEVO COLON;Ana Delia Avendaño Hernandez;PARTIDO LIBERAL COLOMBIANO;99
NUEVO COLON;Claudia Patricia Muñoz Sanchez;PARTIDO ALIANZA VERDE;82
NUEVO COLON;Wilson Gerardo Gamba Gil;INDEPENDIENTES;80
NUEVO COLON;Eduardo Vargas Ramirez;PARTIDO LIBERAL COLOMBIANO;77
NUEVO COLON;Francisco Diaz Bonilla;PARTIDO POLÍTICO LA FUERZA DE LA PAZ;67
NUEVO COLON;Jeiny Paola Garcia Ibañez;PARTIDO LIBERAL COLOMBIANO;63
NUEVO COLON;Fanny Esperanza Orjuela Buitrago;PARTIDO POLÍTICO LA FUERZA DE LA PAZ;61
NUEVO COLON;Giovanny Andres Vargas Romero;PARTIDO ALIANZA VERDE;58
NUEVO COLON;Mario Rene Aponte Lopez;PARTIDO DE LA UNIÓN POR LA GENTE - PARTIDO DE LA U;57
NUEVO COLON;Euclides Chavarro Lopez;PARTIDO LIBERAL COLOMBIANO;56
NUEVO COLON;Luis Alejandro Pulido Garay;PARTIDO DE LA UNIÓN POR LA GENTE - PARTIDO DE LA U;54
NUEVO COLON;Rigoberto Gil Lopez;PARTIDO DE LA UNIÓN POR LA GENTE - PARTIDO DE LA U;50
NUEVO COLON;Rita Isabel Romero Chacon;PARTIDO POLÍTICO LA FUERZA DE LA PAZ;50
NUEVO COLON;Carlos Emilio Paez Gamba;PARTIDO LIBERAL COLOMBIANO;49
NUEVO COLON;Ana Florinda Pulido Paez;INDEPENDIENTES;45
NUEVO COLON;Luz Mery Garay Ortiz;INDEPENDIENTES;45
NUEVO COLON;Luz Andrea Daza Castelblanco;PARTIDO ALIANZA VERDE;39
NUEVO COLON;Elmer Eduardo Contreras Castro;PARTIDO POLÍTICO LA FUERZA DE LA PAZ;31
NUEVO COLON;Jose Antonio Alfaro Muñoz;PARTIDO ALIANZA VERDE;30
NUEVO COLON;Pedro Antonio Cruz Cruz;INDEPENDIENTES;24
NUEVO COLON;Daniel Yezid Cuervo Cuervo;PARTIDO POLÍTICO LA FUERZA DE LA PAZ;17
NUEVO COLON;Independientes;INDEPENDIENTES;15
NUEVO COLON;Partido Liberal Colombiano;PARTIDO LIBERAL COLOMBIANO;15
NUEVO COLON;Partido Alianza Verde;PARTIDO ALIANZA VERDE;13
NUEVO COLON;Marlen Sosa Quincos;PARTIDO ALIANZA VERDE;12
NUEVO COLON;Sandra Rubiela Ortiz Cruz;PARTIDO LIBERAL COLOMBIANO;12
NUEVO COLON;Hector Danilo Arias Vargas;PARTIDO DE LA UNIÓN POR LA GENTE - PARTIDO DE LA U;11
NUEVO COLON;Partido De La Unión Por La Gente - Partido De La U;PARTIDO DE LA UNIÓN POR LA GENTE - PARTIDO DE LA U;9
NUEVO COLON;Carlos Julio Romero Rodriguez;PARTIDO POLÍTICO LA FUERZA DE LA PAZ;8
NUEVO COLON;Jenny Mariela Pulido Segura;PARTIDO DE LA UNIÓN POR LA GENTE - PARTIDO DE LA U;6
NUEVO COLON;Alexandra Muñoz Ortiz;PARTIDO DE LA UNIÓN POR LA GENTE - PARTIDO DE LA U;4
NUEVO COLON;Partido Político La Fuerza De La Paz;PARTIDO POLÍTICO LA FUERZA DE LA PAZ;4
NUEVO COLON;Claudia Marlen Rodriguez Rodriguez;PARTIDO DE LA UNIÓN POR LA GENTE - PARTIDO DE LA U;3
OICATA;Diego Edigson Flores Jimenez;PARTIDO POLÍTICO LA FUERZA DE LA PAZ;158
OICATA;Wilmer Jimenez Piracon;PARTIDO CONSERVADOR COLOMBIANO;123
OICATA;Hugo Alfredo Moreno Cuesta;PARTIDO LIBERAL COLOMBIANO;121
OICATA;Marisol Lopez Castro;PARTIDO POLO DEMOCRÁTICO ALTERNATIVO;112
OICATA;Laura Tatiana Riaño Amezquita;PARTIDO ALIANZA VERDE;95
OICATA;Yeimy Alejandra Munevar Otalora;PARTIDO ALIANZA VERDE;90
OICATA;Carlos Javier Peña Pelaez;PARTIDO LIBERAL COLOMBIANO;89
OICATA;Estiben Eduardo Valero Pulido;PARTIDO POLO DEMOCRÁTICO ALTERNATIVO;85
OICATA;Hector Orlando Molina Avendaño;PARTIDO NUEVO LIBERALISMO;84
OICATA;Jose Pascual Molina Ayala;"PARTIDO ALIANZA SOCIAL INDEPENDIENTE ""ASI""";82
OICATA;Lina Paola Cruz Rodriguez;PARTIDO CONSERVADOR COLOMBIANO;82
OICATA;Brayan Esteban Cuchivaguen Caldas;PARTIDO POLO DEMOCRÁTICO ALTERNATIVO;81
OICATA;Olga Yaneth Martinez Quica;PARTIDO LIBERAL COLOMBIANO;78
OICATA;Yuber Fabian Alarcon Gallo;PARTIDO DE LA UNIÓN POR LA GENTE - PARTIDO DE LA U;74
OICATA;Luz Dary Vargas Sanchez;PARTIDO POLO DEMOCRÁTICO ALTERNATIVO;54
OICATA;Jose Leonidas Tunarrosa Rios;PARTIDO ALIANZA VERDE;53
OICATA;Alex Fernando Rodriguez Usgame;PARTIDO DE LA UNIÓN POR LA GENTE - PARTIDO DE LA U;42
OICATA;Nelson Enrique Ramirez Zambrano;PARTIDO POLÍTICO LA FUERZA DE LA PAZ;42
OICATA;Sandra Pilar Fonseca Fraile;PARTIDO ALIANZA VERDE;39
OICATA;Jose Armando Cruz Portilla;PARTIDO CONSERVADOR COLOMBIANO;37
OICATA;Elisa Maria Avellaneda Diaz;"PARTIDO ALIANZA SOCIAL INDEPENDIENTE ""ASI""";33
OICATA;Laura Jimena Quito Martinez;PARTIDO DE LA UNIÓN POR LA GENTE - PARTIDO DE LA U;32
OICATA;Fidel Antonio Rodriguez Fagua;PARTIDO NUEVO LIBERALISMO;30
OICATA;Jose Mauricio Cruz Bautista;"PARTIDO ALIANZA SOCIAL INDEPENDIENTE ""ASI""";30
OICATA;Maria Ines Baron Cuadrado;PARTIDO CENTRO DEMOCRÁTICO;29
OICATA;Camilo Arturo Mora Moreno;"PARTIDO ALIANZA SOCIAL INDEPENDIENTE ""ASI""";28
OICATA;Ruben Dario Calixto Ramirez;PARTIDO ALIANZA VERDE;26
OICATA;Martha Cristina Cabrejo Corredor;PARTIDO POLO DEMOCRÁTICO ALTERNATIVO;24
OICATA;Wilson Gonzalez Cely;PARTIDO DE LA UNIÓN POR LA GENTE - PARTIDO DE LA U;23
OICATA;Katleen Stephany Cruz Niño;PARTIDO LIBERAL COLOMBIANO;22
OICATA;Fabian Alexis Ceferino Piamonte;PARTIDO DE LA UNIÓN POR LA GENTE - PARTIDO DE LA U;21
OICATA;Miguel Angel Viasus Sanchez;PARTIDO NUEVO LIBERALISMO;21
OICATA;Armando Piamonte Ocasion;"PARTIDO ALIANZA SOCIAL INDEPENDIENTE ""ASI""";20
OICATA;German Giovanni Largo Paez;PARTIDO POLÍTICO LA FUERZA DE LA PAZ;20
OICATA;Jose Israel Borda Gil;PARTIDO POLO DEMOCRÁTICO ALTERNATIVO;18
OICATA;Luz Del Carmen Medina Uzgame;PARTIDO CENTRO DEMOCRÁTICO;18
OICATA;Claudia Fernanda Quito Baron;PARTIDO ALIANZA VERDE;16
OICATA;Miguel Alexander Ossa Joyas;PARTIDO CENTRO DEMOCRÁTICO;16
OICATA;Deicy Mabel Pulido Castro;PARTIDO CONSERVADOR COLOMBIANO;15
OICATA;Nelson Clodoveo Piracon Cano;PARTIDO POLÍTICO LA FUERZA DE LA PAZ;15
OICATA;Angela Yolima Cuervo Bonilla;PARTIDO POLÍTICO LA FUERZA DE LA PAZ;14
OICATA;Manuel Paez Martinez;PARTIDO CONSERVADOR COLOMBIANO;13
OICATA;Nelly Catalina Torres Niño;PARTIDO NUEVO LIBERALISMO;13
OICATA;Partido Liberal Colombiano;PARTIDO LIBERAL COLOMBIANO;13
OICATA;Alvaro Viasus Angarita;PARTIDO CENTRO DEMOCRÁTICO;12
OICATA;Deicy Paola Contreras Jimenez;PARTIDO NUEVO LIBERALISMO;12
OICATA;Maria Patricia Valentin;PARTIDO CENTRO DEMOCRÁTICO;12
OICATA;Andres Felipe Matheus Vega;PARTIDO LIBERAL COLOMBIANO;11
OICATA;Claudia Milena Roa Salgado;PARTIDO DE LA UNIÓN POR LA GENTE - PARTIDO DE LA U;11
OICATA;Narly Lorena Garcia Gomez;"PARTIDO ALIANZA SOCIAL INDEPENDIENTE ""ASI""";10
OICATA;Olga Huertas Lopez;PARTIDO ALIANZA VERDE;10
OICATA;Jaime Andres Amezquita Suarez;PARTIDO CONSERVADOR COLOMBIANO;9
OICATA;Luis Henry Ruiz Rodriguez;PARTIDO LIBERAL COLOMBIANO;9
OICATA;Partido Alianza Verde;PARTIDO ALIANZA VERDE;9
OICATA;Partido Polo Democrático Alternativo;PARTIDO POLO DEMOCRÁTICO ALTERNATIVO;9
OICATA;Ana Elizabeth Numpaque Urbano;PARTIDO POLÍTICO LA FUERZA DE LA PAZ;7
OICATA;Gina Mayetsy Lopez Rivera;PARTIDO POLÍTICO DIGNIDAD & COMPROMISO;6
OICATA;Luz Danelly Lopez Garcia;PARTIDO POLÍTICO DIGNIDAD & COMPROMISO;6
OICATA;"Partido Alianza Social Independiente ""Asi""";"PARTIDO ALIANZA SOCIAL INDEPENDIENTE ""ASI""";6
OICATA;Partido Centro Democrático;PARTIDO CENTRO DEMOCRÁTICO;6
OICATA;Partido De La Unión Por La Gente - Partido De La U;PARTIDO DE LA UNIÓN POR LA GENTE - PARTIDO DE LA U;6
OICATA;Wilson Hernandez Sanchez;PARTIDO POLO DEMOCRÁTICO ALTERNATIVO;6
OICATA;Partido Conservador Colombiano;PARTIDO CONSERVADOR COLOMBIANO;5
OICATA;Partido Nuevo Liberalismo;PARTIDO NUEVO LIBERALISMO;5
OICATA;Partido Político La Fuerza De La Paz;PARTIDO POLÍTICO LA FUERZA DE LA PAZ;4
OICATA;Alcira Gomez Villamarin;"PARTIDO ALIANZA SOCIAL INDEPENDIENTE ""ASI""";3
OICATA;Jonathan Augusto Reyes Espinosa;PARTIDO POLÍTICO DIGNIDAD & COMPROMISO;2
OICATA;Luz Yamile Cano Baron;PARTIDO CENTRO DEMOCRÁTICO;2
OICATA;Nathaly Dayana Cruz Sastoque;PARTIDO NUEVO LIBERALISMO;2
OICATA;Partido Cambio Radical;PARTIDO CAMBIO RADICAL;2
OICATA;Nicolas Cantor Hernandez;PARTIDO CAMBIO RADICAL;1
OICATA;Oscar Fernando Sanchez Avendaño;PARTIDO POLÍTICO DIGNIDAD & COMPROMISO;1
OTANCHE;Ray Nicole Melo Cordoba;PARTIDO ALIANZA VERDE;237
OTANCHE;Angel Alirio Melo Delgado;PARTIDO CONSERVADOR COLOMBIANO;226
OTANCHE;Melquisedec Cifuentes Anzola;"PARTIDO ALIANZA SOCIAL INDEPENDIENTE ""ASI""";207
OTANCHE;Luis Angel Carrillo;"MOVIMIENTO ALTERNATIVO INDÍGENA Y SOCIAL ""MAIS""";185
OTANCHE;Yilber Smith Pinilla Rojas;"PARTIDO ALIANZA SOCIAL INDEPENDIENTE ""ASI""";167
OTANCHE;Rosenberg Ramirez Ortiz;PARTIDO CAMBIO RADICAL;166
OTANCHE;Carlos Daniel Moreno Duarte;PARTIDO CONSERVADOR COLOMBIANO;158
OTANCHE;Nelson Ferney Caro Arenas;"PARTIDO ALIANZA SOCIAL INDEPENDIENTE ""ASI""";157
OTANCHE;Jose Leovigildo Cruz Norato;PARTIDO CONSERVADOR COLOMBIANO;142
OTANCHE;Jhon Hamilton Peña Ramos;"PARTIDO ALIANZA SOCIAL INDEPENDIENTE ""ASI""";123
OTANCHE;Elber Antonio Carrillo Escarraga;PARTIDO CONSERVADOR COLOMBIANO;121
OTANCHE;Alexander Pineda Saavedra;PARTIDO CENTRO DEMOCRÁTICO;117
OTANCHE;Miguel Angel Rodriguez Gonzalez;PARTIDO ALIANZA VERDE;111
OTANCHE;Jhan Marco Gomez Cortes;PARTIDO DE LA UNIÓN POR LA GENTE - PARTIDO DE LA U;101
OTANCHE;Jose Clodocindo Bernal Florian;PARTIDO CENTRO DEMOCRÁTICO;101
OTANCHE;Yuly Eliana Sanchez Hernandez;"MOVIMIENTO ALTERNATIVO INDÍGENA Y SOCIAL ""MAIS""";100
OTANCHE;Ana Lucia Lopez Mendoza;INDEPENDIENTES;98
OTANCHE;Elkin Fabian Saavedra Galindo;PARTIDO ALIANZA VERDE;98
OTANCHE;Wilmar Ferney Lopez Saavedra;PARTIDO POLÍTICO DIGNIDAD & COMPROMISO;95
OTANCHE;Fredy Alberto Ordoñez Cristancho;MOVIMIENTO SALVACIÓN NACIONAL;91
OTANCHE;Jhon Wilmar Norato Cruz;PARTIDO CAMBIO RADICAL;86
OTANCHE;Gina Lizeth Valero Walteros;PARTIDO CENTRO DEMOCRÁTICO;85
OTANCHE;Luis Alejandro Zamudio Coca;PARTIDO CAMBIO RADICAL;80
OTANCHE;Holman Javier Garces Anzola;PARTIDO DE LA UNIÓN POR LA GENTE - PARTIDO DE LA U;79
OTANCHE;Zuly Milena Ordoñez Mahecha;PARTIDO CAMBIO RADICAL;77
OTANCHE;Robinson Duban Lancheros Moreno;PARTIDO DE LA UNIÓN POR LA GENTE - PARTIDO DE LA U;76
OTANCHE;Victor Manuel Ovalle Medina;PARTIDO DE LA UNIÓN POR LA GENTE - PARTIDO DE LA U;71
OTANCHE;Leandro Jimenez Cortes;PARTIDO CONSERVADOR COLOMBIANO;70
OTANCHE;Jose Antonio Gualteros Gonzalez;PARTIDO ALIANZA VERDE;57
OTANCHE;Jully Paulin Suarez;PARTIDO DE LA UNIÓN POR LA GENTE - PARTIDO DE LA U;57
OTANCHE;Jessika Viviana Benitez Vargas;PARTIDO CONSERVADOR COLOMBIANO;52
OTANCHE;Sebastian Leonardo Sanchez Moreno;MOVIMIENTO SALVACIÓN NACIONAL;51
OTANCHE;Pascual Bello Rico;PARTIDO CAMBIO RADICAL;49
OTANCHE;Luz Dary Sanchez Triana;PARTIDO ALIANZA VERDE;48
OTANCHE;Ida Maria Anzola Anzola;"MOVIMIENTO ALTERNATIVO INDÍGENA Y SOCIAL ""MAIS""";42
OTANCHE;Jose Ademar Torres Pulido;PARTIDO ALIANZA VERDE;42
OTANCHE;Blanca Delia Quintero Malagon;"PARTIDO ALIANZA SOCIAL INDEPENDIENTE ""ASI""";38
OTANCHE;Isaias Navarrete Martinez;PARTIDO POLÍTICO DIGNIDAD & COMPROMISO;38
OTANCHE;Partido Cambio Radical;PARTIDO CAMBIO RADICAL;38
OTANCHE;Eliem Lucelly Moreno Velasco;PARTIDO CONSERVADOR COLOMBIANO;37
OTANCHE;Jose Norbey Galindo Tejedor;INDEPENDIENTES;36
OTANCHE;Derly Tatiana Carrillo Galindo;INDEPENDIENTES;33
OTANCHE;Oscar Tejedor Guerrero;INDEPENDIENTES;33
OTANCHE;Maria Mayerly Anzola Ordoñez;PARTIDO DE LA UNIÓN POR LA GENTE - PARTIDO DE LA U;31
OTANCHE;Leidy Fernanda Herrera;PARTIDO CONSERVADOR COLOMBIANO;28
OTANCHE;William Alonso Guerrero Soto;"MOVIMIENTO ALTERNATIVO INDÍGENA Y SOCIAL ""MAIS""";28
OTANCHE;Delsy Ofir Ballen Marroquin;PARTIDO VERDE OXÍGENO;27
OTANCHE;Fanny Galindo Jimenez;PARTIDO CAMBIO RADICAL;27
OTANCHE;Luz Yamile Lancheros Rocha;PARTIDO CONSERVADOR COLOMBIANO;27
OTANCHE;Jose Elias Useche;PARTIDO CAMBIO RADICAL;26
OTANCHE;Maria Edilsa Gonzalez Saavedra;PARTIDO CENTRO DEMOCRÁTICO;24
OTANCHE;Lucia Edilma Villamil Salazar;"MOVIMIENTO ALTERNATIVO INDÍGENA Y SOCIAL ""MAIS""";23
OTANCHE;Partido Alianza Verde;PARTIDO ALIANZA VERDE;23
OTANCHE;Edgar Wilson Parra Cifuentes;PARTIDO CENTRO DEMOCRÁTICO;22
OTANCHE;Jhorman Alexander Bustos;"MOVIMIENTO ALTERNATIVO INDÍGENA Y SOCIAL ""MAIS""";22
OTANCHE;Laura Yulieth Hernandez Paez;MOVIMIENTO SALVACIÓN NACIONAL;22
OTANCHE;Luz Aurora Barragan Damian;"PARTIDO ALIANZA SOCIAL INDEPENDIENTE ""ASI""";21
OTANCHE;Partido Conservador Colombiano;PARTIDO CONSERVADOR COLOMBIANO;20
OTANCHE;Valeriano Anzola;PARTIDO CONSERVADOR COLOMBIANO;20
OTANCHE;Jose Eusebio Real Castro;MOVIMIENTO SALVACIÓN NACIONAL;19
OTANCHE;Maria Rocio Cancelado Varela;MOVIMIENTO SALVACIÓN NACIONAL;19
OTANCHE;Yeison Ismael Ramirez Cortes;INDEPENDIENTES;19
OTANCHE;Blanca Nieves Tejedor Anzola;PARTIDO DE LA UNIÓN POR LA GENTE - PARTIDO DE LA U;17
OTANCHE;Danigsa Ramos Cardenas;PARTIDO CENTRO DEMOCRÁTICO;17
OTANCHE;Franklyn Neysser Malagon Cancelado;PARTIDO POLÍTICO DIGNIDAD & COMPROMISO;17
OTANCHE;Jorge Hernan Lesmes Umbacia;PARTIDO VERDE OXÍGENO;16
OTANCHE;Luis Hernando Acosta Farfan;PARTIDO POLÍTICO DIGNIDAD & COMPROMISO;16
OTANCHE;Ricardo Saavedra Useche;PARTIDO POLÍTICO DIGNIDAD & COMPROMISO;16
OTANCHE;Albeiro Martinez Parra;PARTIDO DE LA UNIÓN POR LA GENTE - PARTIDO DE LA U;15
OTANCHE;Alcibiades Anzola Ordoñez;PARTIDO ALIANZA VERDE;15
OTANCHE;Javier Zamudio Jimenez;"PARTIDO ALIANZA SOCIAL INDEPENDIENTE ""ASI""";15
OTANCHE;"Partido Alianza Social Independiente ""Asi""";"PARTIDO ALIANZA SOCIAL INDEPENDIENTE ""ASI""";15
OTANCHE;Derly Yanette Gonzalez Ordoñez;PARTIDO POLÍTICO DIGNIDAD & COMPROMISO;14
OTANCHE;Jonhs Rover Velasquez;"MOVIMIENTO ALTERNATIVO INDÍGENA Y SOCIAL ""MAIS""";14
OTANCHE;Leidy Torres Gamboa;MOVIMIENTO SALVACIÓN NACIONAL;14
OTANCHE;Lisday Estefania Sanchez Benites;PARTIDO ALIANZA VERDE;14
OTANCHE;Sandra Bibiana Gamboa;PARTIDO ALIANZA VERDE;14
OTANCHE;Greis Gisela Rodriguez;"PARTIDO ALIANZA SOCIAL INDEPENDIENTE ""ASI""";13
OTANCHE;Jorge Alonso Martinez Navarrete;"MOVIMIENTO ALTERNATIVO INDÍGENA Y SOCIAL ""MAIS""";13
OTANCHE;Yeimy Yisley Jimenez Jimenez;PARTIDO POLÍTICO DIGNIDAD & COMPROMISO;13
OTANCHE;Sandra Milena Tejedor Bermudez;PARTIDO CENTRO DEMOCRÁTICO;12
OTANCHE;Adriana Maria Real Anzola;INDEPENDIENTES;11
OTANCHE;Independientes;INDEPENDIENTES;10
OTANCHE;Maria Mayerly Nuñez Leon;MOVIMIENTO SALVACIÓN NACIONAL;10
OTANCHE;Nancy Ostos Triana;PARTIDO POLÍTICO DIGNIDAD & COMPROMISO;10
OTANCHE;Maria Audelina Bravo;PARTIDO CONSERVADOR COLOMBIANO;9
OTANCHE;Marisol Bernal Velandia;PARTIDO CAMBIO RADICAL;9
OTANCHE;Partido Centro Democrático;PARTIDO CENTRO DEMOCRÁTICO;9
OTANCHE;Leidy Yaneth Martinez Cifuentes;PARTIDO DE LA UNIÓN POR LA GENTE - PARTIDO DE LA U;7
OTANCHE;"Movimiento Alternativo Indígena Y Social ""Mais""";"MOVIMIENTO ALTERNATIVO INDÍGENA Y SOCIAL ""MAIS""";7
OTANCHE;Nancy Milena Bustos Saavedra;MOVIMIENTO SALVACIÓN NACIONAL;7
OTANCHE;Doli Yojana Rodriguez Anzola;MOVIMIENTO SALVACIÓN NACIONAL;6
OTANCHE;Maria Camila Vivas Lisca;PARTIDO CAMBIO RADICAL;6
OTANCHE;Myriam Eudalia Briceño Espejo;INDEPENDIENTES;6
OTANCHE;Partido Político Dignidad & Compromiso;PARTIDO POLÍTICO DIGNIDAD & COMPROMISO;6
OTANCHE;Partido Verde Oxígeno;PARTIDO VERDE OXÍGENO;6
OTANCHE;Yeison Zamir Lancheros Mahecha;INDEPENDIENTES;5
OTANCHE;Movimiento  Salvación Nacional;MOVIMIENTO SALVACIÓN NACIONAL;4
OTANCHE;Oscar Nicolas Briceño Escobar;INDEPENDIENTES;4
OTANCHE;Partido De La Unión Por La Gente - Partido De La U;PARTIDO DE LA UNIÓN POR LA GENTE - PARTIDO DE LA U;4
OTANCHE;Heyman Leonardo Olivos Ortiz;"PARTIDO ALIANZA SOCIAL INDEPENDIENTE ""ASI""";3
OTANCHE;Maria Jose Calvera Romero;PARTIDO CENTRO DEMOCRÁTICO;3
OTANCHE;Nestor Delgado Briceño;MOVIMIENTO SALVACIÓN NACIONAL;1
PACHAVITA;Fredy Gamboa Cuesta;PARTIDO CONSERVADOR COLOMBIANO;87
PACHAVITA;Eliana Buitrago Orjuela;AGRUPACIÓN POLÍTICA EN MARCHA;80
PACHAVITA;Maria Isabel Mora Guerrero;PARTIDO CENTRO DEMOCRÁTICO;79
PACHAVITA;Lady Johana Valero Buitrago;PARTIDO CONSERVADOR COLOMBIANO;78
PACHAVITA;Luz Miriam Arias Melo;PARTIDO ALIANZA VERDE;75
PACHAVITA;Roger Alonso Bautista Cubillos;PARTIDO DE LA UNIÓN POR LA GENTE - PARTIDO DE LA U;75
PACHAVITA;Antonio Maria Medina Buitrago;PARTIDO ALIANZA VERDE;71
PACHAVITA;Aura Nelcy Porras Valero;PARTIDO DE LA UNIÓN POR LA GENTE - PARTIDO DE LA U;71
PACHAVITA;Jorge Hernan Buitrago Amaya;PARTIDO DE LA UNIÓN POR LA GENTE - PARTIDO DE LA U;55
PACHAVITA;Jorge Alberto Buitrago Cristancho;AGRUPACIÓN POLÍTICA EN MARCHA;54
PACHAVITA;Jose Vicente Rojas Diaz;PARTIDO CENTRO DEMOCRÁTICO;54
PACHAVITA;Rosa Helena Torres Vela;PARTIDO ALIANZA VERDE;52
PACHAVITA;Claudia Mercedes Guerrero;PARTIDO CONSERVADOR COLOMBIANO;48
PACHAVITA;Carolina Porras Buitrago;PARTIDO DE LA UNIÓN POR LA GENTE - PARTIDO DE LA U;47
PACHAVITA;Danilo Andres Vargas Diaz;PARTIDO CONSERVADOR COLOMBIANO;47
PACHAVITA;Paola Andrea Buitrago Leguizamon;AGRUPACIÓN POLÍTICA EN MARCHA;42
PACHAVITA;Edgar Ricardo Franco Huertas;PARTIDO CENTRO DEMOCRÁTICO;41
PACHAVITA;Ovidio Huertas Torres;PARTIDO ALIANZA VERDE;41
PACHAVITA;Jorge Andres Laverde Melo;PARTIDO DE LA UNIÓN POR LA GENTE - PARTIDO DE LA U;39
PACHAVITA;Josue Henry Buitrago Amaya;PARTIDO CONSERVADOR COLOMBIANO;38
PACHAVITA;Blanca Gladiz Rey Arias;PARTIDO CENTRO DEMOCRÁTICO;35
PACHAVITA;Wilson Giovanni Macias Campos;PARTIDO CONSERVADOR COLOMBIANO;32
PACHAVITA;Maria Irma Torres Rivera;PARTIDO CONSERVADOR COLOMBIANO;31
PACHAVITA;Helbert Rojas Gil;PARTIDO ALIANZA VERDE;25
PACHAVITA;Claudia Patricia Vargas Ospina;PARTIDO DE LA UNIÓN POR LA GENTE - PARTIDO DE LA U;19
PACHAVITA;Juan Diego Vela Amaya;PARTIDO CENTRO DEMOCRÁTICO;17
PACHAVITA;Adrian Gabriel Merchan Rojas;PARTIDO CENTRO DEMOCRÁTICO;16
PACHAVITA;Arcesio Diaz Huertas;PARTIDO DE LA UNIÓN POR LA GENTE - PARTIDO DE LA U;16
PACHAVITA;Partido Centro Democrático;PARTIDO CENTRO DEMOCRÁTICO;15
PACHAVITA;Ligia Nora Hernandez Diaz;PARTIDO CENTRO DEMOCRÁTICO;14
PACHAVITA;Mariela Huertas Amaya;AGRUPACIÓN POLÍTICA EN MARCHA;12
PACHAVITA;Partido Alianza Verde;PARTIDO ALIANZA VERDE;10
PACHAVITA;Partido Conservador Colombiano;PARTIDO CONSERVADOR COLOMBIANO;10
PACHAVITA;Partido De La Unión Por La Gente - Partido De La U;PARTIDO DE LA UNIÓN POR LA GENTE - PARTIDO DE LA U;8
PACHAVITA;Efrain Amaya Gamba;AGRUPACIÓN POLÍTICA EN MARCHA;5
PACHAVITA;Agrupación Política En Marcha;AGRUPACIÓN POLÍTICA EN MARCHA;1
PAEZ;Partido Nuevo Liberalismo;PARTIDO NUEVO LIBERALISMO;300
PAEZ;Zolmar Arnaldo Lozano Fonseca;PARTIDO DE LA UNIÓN POR LA GENTE - PARTIDO DE LA U;208
PAEZ;Israel Calderon;PARTIDO ALIANZA VERDE;182
PAEZ;Geison Ferney Barinas Lopez;PARTIDO DE LA UNIÓN POR LA GENTE - PARTIDO DE LA U;172
PAEZ;Blanca Evelia Contreras Alfonso;PARTIDO ALIANZA VERDE;159
PAEZ;Claudia Patricia Bernal Lozano;PARTIDO DE LA UNIÓN POR LA GENTE - PARTIDO DE LA U;132
PAEZ;Aura Natalia Monroy Rosas;PARTIDO ALIANZA VERDE;105
PAEZ;Hector Bohorquez Carranza;PARTIDO ALIANZA VERDE;84
PAEZ;Cloves Alfidio Paez Rodriguez;PARTIDO DE LA UNIÓN POR LA GENTE - PARTIDO DE LA U;73
PAEZ;Marlon Albeiro Moreno Colmenares;PARTIDO ALIANZA VERDE;66
PAEZ;Jenny Carolina Parra Romero;PARTIDO DE LA UNIÓN POR LA GENTE - PARTIDO DE LA U;60
PAEZ;Jhon Jairo Buitrago Monroy;PARTIDO LIBERAL COLOMBIANO;37
PAEZ;Gloria Estela Guaduas Rojas;PARTIDO ALIANZA VERDE;35
PAEZ;Jonathan Albeiro Amaya Chacon;AGRUPACIÓN POLÍTICA EN MARCHA;26
PAEZ;Gimber Inocencio Melo Rodriguez;AGRUPACIÓN POLÍTICA EN MARCHA;24
PAEZ;Partido Liberal Colombiano;PARTIDO LIBERAL COLOMBIANO;24
PAEZ;Luz Miryam Garzon Torres;PARTIDO DE LA UNIÓN POR LA GENTE - PARTIDO DE LA U;21
PAEZ;Mauricio Leguizamo Sanabria;PARTIDO LIBERAL COLOMBIANO;19
PAEZ;Helver Fernando Ramirez Lozano;PARTIDO ALIANZA VERDE;14
PAEZ;Partido Alianza Verde;PARTIDO ALIANZA VERDE;14
PAEZ;Partido De La Unión Por La Gente - Partido De La U;PARTIDO DE LA UNIÓN POR LA GENTE - PARTIDO DE LA U;11
PAEZ;Derly Fabiola Alfonso Vargas;AGRUPACIÓN POLÍTICA EN MARCHA;9
PAEZ;Dianey Marcela Macias Vargas;PARTIDO LIBERAL COLOMBIANO;5
PAEZ;Edgar Harley Lopez Bohorquez;PARTIDO LIBERAL COLOMBIANO;5
PAEZ;Vicenta Guaduas Chacon;PARTIDO LIBERAL COLOMBIANO;5
PAIPA;Andres Dario Tamayo Gomez;PARTIDO CONSERVADOR COLOMBIANO;903
PAIPA;Ivan Yecid Monroy Ochoa;PARTIDO LIBERAL COLOMBIANO;781
PAIPA;Henrry Duarte;PARTIDO ALIANZA VERDE;643
PAIPA;Olga Yaneth Becerra Fonseca;PARTIDO ALIANZA VERDE;624
PAIPA;Fredy Humberto Henao Diaz;PARTIDO CAMBIO RADICAL;616
PAIPA;Juan Pablo Andrade Lee;PARTIDO LIBERAL COLOMBIANO;562
PAIPA;Adelina Avellaneda Espinosa;PARTIDO LIBERAL COLOMBIANO;510
PAIPA;Brayan Eduardo Pacheco Medina;PARTIDO CONSERVADOR COLOMBIANO;478
PAIPA;Freddy Alexander Avendano Benitez;PARTIDO CONSERVADOR COLOMBIANO;464
PAIPA;Yuber Giovanny Lopez Ruiz;PARTIDO ALIANZA VERDE;443
PAIPA;Jhan Alexander Zambrano Perez;PARTIDO ALIANZA VERDE;430
PAIPA;Leonell Alfredo Rodriguez Rodriguez;PARTIDO CONSERVADOR COLOMBIANO;427
PAIPA;Marco Antonio Garcia Castillo;PARTIDO CONSERVADOR COLOMBIANO;417
PAIPA;Omar Augusto Bermudez Ruiz;PARTIDO ALIANZA VERDE;406
PAIPA;Edward Felipe Tabaco Vivas;PARTIDO LIBERAL COLOMBIANO;405
PAIPA;Emerson German Rodriguez Bosiga;PARTIDO LIBERAL COLOMBIANO;392
PAIPA;Jesus Andres Camargo Morales;PARTIDO LIBERAL COLOMBIANO;357
PAIPA;Carlos Andres Coronado Mejia;PARTIDO LIBERAL COLOMBIANO;355
PAIPA;Yeferson Arturo Camargo Alba;PARTIDO LIBERAL COLOMBIANO;351
PAIPA;Maria Del Rosario Sanchez Tuta;PARTIDO LIBERAL COLOMBIANO;330
PAIPA;Eduardo Antonio Brijaldo Suarez;PARTIDO ALIANZA VERDE;300
PAIPA;Edward Gabriel Tobito Sanabria;PARTIDO NUEVO LIBERALISMO;287
PAIPA;Nasly Maritza Baron Figueredo;PARTIDO LIBERAL COLOMBIANO;267
PAIPA;Henry Guio Corredor;PARTIDO LIBERAL COLOMBIANO;266
PAIPA;Movimiento Político Colombia Humana;MOVIMIENTO POLÍTICO COLOMBIA HUMANA;266
PAIPA;"Partido Unión Patriótica ""Up""";"PARTIDO UNIÓN PATRIÓTICA ""UP""";248
PAIPA;Jorge Abraham Camacho Bautista;PARTIDO LIBERAL COLOMBIANO;247
PAIPA;German Lopez Diaz;PARTIDO CONSERVADOR COLOMBIANO;245
PAIPA;Blanca Cecilia Valderrama Cruz;PARTIDO ALIANZA VERDE;236
PAIPA;Kevin Santiago Mesa Zanguña;PARTIDO POLÍTICO DIGNIDAD & COMPROMISO;227
PAIPA;Partido Liberal Colombiano;PARTIDO LIBERAL COLOMBIANO;226
PAIPA;Diana Carolina Gomez Alvarez;PARTIDO ALIANZA VERDE;222
PAIPA;Gustavo Ovidio Diaz Tamayo;PARTIDO CENTRO DEMOCRÁTICO;222
PAIPA;Moises Alvaro Moreno Sandoval;PARTIDO NUEVO LIBERALISMO;194
PAIPA;Yeison Fabian Rodriguez Valderrama;PARTIDO CAMBIO RADICAL;181
PAIPA;Diego Alexander Sandoval Becerra;PARTIDO NUEVO LIBERALISMO;178
PAIPA;Nelson Javier Acosta Rueda;PARTIDO CENTRO DEMOCRÁTICO;173
PAIPA;Martha Luz Yeni Suarez Salazar;PARTIDO POLÍTICO DIGNIDAD & COMPROMISO;163
PAIPA;Jorge Armando Ochoa Rosas;PARTIDO NUEVO LIBERALISMO;157
PAIPA;Juan Carlos Pacheco Vasquez;PARTIDO NUEVO LIBERALISMO;150
PAIPA;Lida Yaneth Rosas Puerto;PARTIDO CONSERVADOR COLOMBIANO;150
PAIPA;Partido Alianza Verde;PARTIDO ALIANZA VERDE;142
PAIPA;Francisco Javier Alvarado Niño;PARTIDO CONSERVADOR COLOMBIANO;141
PAIPA;Edwin Arley Fonseca Hernandez;PARTIDO ALIANZA VERDE;137
PAIPA;Ronald Alexander Pulido Sana;PARTIDO POLÍTICO DIGNIDAD & COMPROMISO;132
PAIPA;Andrea Catherine Paipilla Zanguña;PARTIDO ALIANZA VERDE;131
PAIPA;Claudia Mercedes Diaz Tocarruncho;PARTIDO CONSERVADOR COLOMBIANO;128
PAIPA;Cesar Augusto Molina Ochoa;PARTIDO POLÍTICO DIGNIDAD & COMPROMISO;127
PAIPA;Aida Griceth Ochoa Patarroyo;PARTIDO CONSERVADOR COLOMBIANO;125
PAIPA;Luis Fernando Solano Pacheco;PARTIDO NUEVO LIBERALISMO;115
PAIPA;Monica Teresa Barrera Pirabaguen;PARTIDO NUEVO LIBERALISMO;114
PAIPA;Julio Cesar Rodriguez Zetina;PARTIDO POLÍTICO DIGNIDAD & COMPROMISO;102
PAIPA;Diego Armando Castro Rodriguez;PARTIDO ALIANZA VERDE;91
PAIPA;Sandra Marcela Rojas Barrera;PARTIDO NUEVO LIBERALISMO;89
PAIPA;Luz Dary Rodriguez Avila;PARTIDO LIBERAL COLOMBIANO;88
PAIPA;Ferrel Rodriguez Rodriguez;PARTIDO POLÍTICO DIGNIDAD & COMPROMISO;87
PAIPA;Julian Ricardo Nino Ruiz;PARTIDO ALIANZA VERDE;87
PAIPA;Partido Conservador Colombiano;PARTIDO CONSERVADOR COLOMBIANO;86
PAIPA;Jhon Jairo Rosas Villanueva;PARTIDO CAMBIO RADICAL;83
PAIPA;Yeimy Viviana Pinzon Rios;PARTIDO CONSERVADOR COLOMBIANO;81
PAIPA;Deisy Forero Lache;PARTIDO NUEVO LIBERALISMO;80
PAIPA;John Jairo Zambrano Rincon;PARTIDO CAMBIO RADICAL;77
PAIPA;Partido Centro Democrático;PARTIDO CENTRO DEMOCRÁTICO;76
PAIPA;Jorge Enrique Niño Rivera;PARTIDO CONSERVADOR COLOMBIANO;75
PAIPA;Jose Humberto Bayona Torres;PARTIDO NUEVO LIBERALISMO;75
PAIPA;Maria Del Carmen Guio Ojeda;PARTIDO POLÍTICO DIGNIDAD & COMPROMISO;71
PAIPA;Pedro Jose Jimenez Rachen;PARTIDO NUEVO LIBERALISMO;69
PAIPA;Edwin Uribe Caro;PARTIDO CENTRO DEMOCRÁTICO;66
PAIPA;Gildardo Antonio Avendaño Diaz;PARTIDO CAMBIO RADICAL;66
PAIPA;Luis Abelardo Ruiz Becerra;PARTIDO CONSERVADOR COLOMBIANO;64
PAIPA;Carlos Fonseca Fonseca;PARTIDO CENTRO DEMOCRÁTICO;62
PAIPA;Aura Mayerly Puerto Prieto;PARTIDO CAMBIO RADICAL;61
PAIPA;Karen Mayerly Alfonso Rosas;PARTIDO CENTRO DEMOCRÁTICO;61
PAIPA;Jairo Sosa Tamayo;PARTIDO POLÍTICO DIGNIDAD & COMPROMISO;57
PAIPA;Partido Nuevo Liberalismo;PARTIDO NUEVO LIBERALISMO;50
PAIPA;Deiby Alejandro Bolivar Alba;PARTIDO CENTRO DEMOCRÁTICO;48
PAIPA;Eder Leonardo Maldonado Caballero;PARTIDO POLÍTICO DIGNIDAD & COMPROMISO;47
PAIPA;"Movimiento Alternativo Indígena Y Social ""Mais""";"MOVIMIENTO ALTERNATIVO INDÍGENA Y SOCIAL ""MAIS""";46
PAIPA;Partido Cambio Radical;PARTIDO CAMBIO RADICAL;45
PAIPA;Angie Karina Ochoa Pedraza;PARTIDO CAMBIO RADICAL;44
PAIPA;Angela Tatiana Silva Vergara;PARTIDO CAMBIO RADICAL;42
PAIPA;Clara Yaneth Fonseca Rojas;PARTIDO NUEVO LIBERALISMO;40
PAIPA;Myriam Jeanethe Peña Niño;PARTIDO POLÍTICO DIGNIDAD & COMPROMISO;37
PAIPA;Fanny Rincon Torres;PARTIDO CENTRO DEMOCRÁTICO;34
PAIPA;Marisol Sierra Velandia;PARTIDO ALIANZA VERDE;33
PAIPA;Oscar Javier Rodriguez Mejia;PARTIDO CENTRO DEMOCRÁTICO;33
PAIPA;Yeison David Martinez Lanza;PARTIDO POLÍTICO DIGNIDAD & COMPROMISO;33
PAIPA;Jose Anatolio Vasquez Corredor;PARTIDO NUEVO LIBERALISMO;31
PAIPA;Angie Rocio Castelblanco Peña;PARTIDO CENTRO DEMOCRÁTICO;30
PAIPA;Lazaro Martinez Cruz;PARTIDO CAMBIO RADICAL;30
PAIPA;Pedro Hernan Alvarado Granados;PARTIDO POLÍTICO DIGNIDAD & COMPROMISO;25
PAIPA;Hector Manuel Jimenez Jara;PARTIDO CAMBIO RADICAL;24
PAIPA;Leonardo Lopez Corredor;PARTIDO CENTRO DEMOCRÁTICO;24
PAIPA;Yeison Andres Camargo Avella;PARTIDO CAMBIO RADICAL;24
PAIPA;Valerio Andrade Garavito;PARTIDO CENTRO DEMOCRÁTICO;20
PAIPA;Eliana Fernanda Mateus Avendaño;PARTIDO POLÍTICO DIGNIDAD & COMPROMISO;19
PAIPA;Partido Político Dignidad & Compromiso;PARTIDO POLÍTICO DIGNIDAD & COMPROMISO;19
PAIPA;Richard Yamid Martin Morales Parra;PARTIDO CENTRO DEMOCRÁTICO;15
PAIPA;Karen Andrea Rojas Bello;PARTIDO CENTRO DEMOCRÁTICO;13
PAIPA;Lina Alexandra Espinosa Mejia;PARTIDO CAMBIO RADICAL;13
PAJARITO;Yonfredy Salamanca;PARTIDO LIBERAL COLOMBIANO;120
PAJARITO;Fernando Sanchez Cardozo;PARTIDO POLÍTICO DIGNIDAD & COMPROMISO;108
PAJARITO;Ineldo Rodriguez Zubieta;PARTIDO NUEVO LIBERALISMO;95
PAJARITO;Partido De La Unión Por La Gente - Partido De La U;PARTIDO DE LA UNIÓN POR LA GENTE - PARTIDO DE LA U;77
PAJARITO;Claudia Isabel Cardenas Sanchez;PARTIDO POLÍTICO DIGNIDAD & COMPROMISO;73
PAJARITO;Mauricio Retiz Alvarez;PARTIDO LIBERAL COLOMBIANO;72
PAJARITO;Angel Maria Perez Jimenez;PARTIDO NUEVO LIBERALISMO;67
PAJARITO;Julio Roberto Patiño Montaña;PARTIDO POLÍTICO DIGNIDAD & COMPROMISO;65
PAJARITO;Esther Rodriguez Rodriguez;"MOVIMIENTO ALTERNATIVO INDÍGENA Y SOCIAL ""MAIS""";62
PAJARITO;Erika Ximena Silva Caro;PARTIDO NUEVO LIBERALISMO;61
PAJARITO;Martha Rocio Mora Morales;PARTIDO LIBERAL COLOMBIANO;58
PAJARITO;Nicolas Alfonso Hernandez;"MOVIMIENTO ALTERNATIVO INDÍGENA Y SOCIAL ""MAIS""";58
PAJARITO;Rodrigo Torres Sanabria;PARTIDO POLÍTICO DIGNIDAD & COMPROMISO;58
PAJARITO;Ana Isolina Vargas Balaguera;PARTIDO POLÍTICO DIGNIDAD & COMPROMISO;50
PAJARITO;Sergio Nicolas Buitrago Rodriguez;PARTIDO NUEVO LIBERALISMO;47
PAJARITO;Angie Constanza Montaña Montaña;"MOVIMIENTO ALTERNATIVO INDÍGENA Y SOCIAL ""MAIS""";42
PAJARITO;Angelica Maria Hernandez Riaño;PARTIDO NUEVO LIBERALISMO;38
PAJARITO;Janeth Monsalve Preciado;PARTIDO ALIANZA VERDE;34
PAJARITO;Hernan Patiño Vega;PARTIDO LIBERAL COLOMBIANO;28
PAJARITO;Maria Yenith Rincon;PARTIDO ALIANZA VERDE;27
PAJARITO;Vanesa Catalina Sanchez Naranjo;PARTIDO LIBERAL COLOMBIANO;27
PAJARITO;Luz Mary Romero Cocinero;PARTIDO LIBERAL COLOMBIANO;25
PAJARITO;Jairo Achagua Cardenas;PARTIDO LIBERAL COLOMBIANO;21
PAJARITO;Shirly Karinna Chaparro Chaparro;"MOVIMIENTO ALTERNATIVO INDÍGENA Y SOCIAL ""MAIS""";21
PAJARITO;Sandra Yanneth Riveros Espinel;PARTIDO ALIANZA VERDE;15
PAJARITO;Laurencio Angarita Cetina;PARTIDO ALIANZA VERDE;12
PAJARITO;Marco Tulio Diaz;"MOVIMIENTO ALTERNATIVO INDÍGENA Y SOCIAL ""MAIS""";12
PAJARITO;Yerson Julian Cardenas Rojas;"MOVIMIENTO ALTERNATIVO INDÍGENA Y SOCIAL ""MAIS""";11
PAJARITO;Alirio Salcedo Inocencio;"MOVIMIENTO ALTERNATIVO INDÍGENA Y SOCIAL ""MAIS""";10
PAJARITO;Miguel Montaña Rivera;PARTIDO ALIANZA VERDE;7
PAJARITO;Partido Nuevo Liberalismo;PARTIDO NUEVO LIBERALISMO;7
PAJARITO;Partido Alianza Verde;PARTIDO ALIANZA VERDE;5
PAJARITO;Partido Liberal Colombiano;PARTIDO LIBERAL COLOMBIANO;4
PAJARITO;Fredy Ricardo Gutierrez Torres;PARTIDO ALIANZA VERDE;3
PAJARITO;Jose Luis Miranda Bustos;PARTIDO POLÍTICO DIGNIDAD & COMPROMISO;3
PAJARITO;Partido Político Dignidad & Compromiso;PARTIDO POLÍTICO DIGNIDAD & COMPROMISO;3
PAJARITO;"Movimiento Alternativo Indígena Y Social ""Mais""";"MOVIMIENTO ALTERNATIVO INDÍGENA Y SOCIAL ""MAIS""";2
PAJARITO;Teodoro Barrera;PARTIDO NUEVO LIBERALISMO;2
PANQUEBA;Nelver Emilio Mora Bareño;PARTIDO ALIANZA VERDE;135
PANQUEBA;John Guillermo Escamilla Correa;PARTIDO LIBERAL COLOMBIANO;111
PANQUEBA;Luis Hernando Romero Puentes;PARTIDO CONSERVADOR COLOMBIANO;75
PANQUEBA;Jose Aristides Barrera Carreño;"PARTIDO ALIANZA SOCIAL INDEPENDIENTE ""ASI""";71
PANQUEBA;Angela Ines Susano Alvarez;"PARTIDO ALIANZA SOCIAL INDEPENDIENTE ""ASI""";58
PANQUEBA;Cesar Julio Nuñez Velandia;PARTIDO CONSERVADOR COLOMBIANO;58
PANQUEBA;Maria Teresa Gonzalez Sua;PARTIDO CONSERVADOR COLOMBIANO;53
PANQUEBA;Hugo Alejandro Carreño Diaz;PARTIDO ALIANZA VERDE;47
PANQUEBA;Aura Cecilia Nieto Velandia;PARTIDO POLÍTICO LA FUERZA DE LA PAZ;43
PANQUEBA;Rosa Elena Velandia Gonzalez;PARTIDO ALIANZA VERDE;43
PANQUEBA;Tania Mayerly Carrero Guecha;PARTIDO LIBERAL COLOMBIANO;43
PANQUEBA;Joseph Nicolaine Peña Muete;PARTIDO POLÍTICO LA FUERZA DE LA PAZ;41
PANQUEBA;Ana Marleni Velandia Sandoval;"PARTIDO ALIANZA SOCIAL INDEPENDIENTE ""ASI""";39
PANQUEBA;Javier Muñoz Limas;"PARTIDO ALIANZA SOCIAL INDEPENDIENTE ""ASI""";37
PANQUEBA;Rigoberto Jaime Angarita;"PARTIDO ALIANZA SOCIAL INDEPENDIENTE ""ASI""";34
PANQUEBA;Oscar Javier Carrillo Ballesteros;PARTIDO CONSERVADOR COLOMBIANO;33
PANQUEBA;Luis Encarnacion Siachoque Moreno;PARTIDO CONSERVADOR COLOMBIANO;32
PANQUEBA;Maria Griselda Garcia Bernal;PARTIDO LIBERAL COLOMBIANO;32
PANQUEBA;Jairo Humberto Blanco Mora;PARTIDO POLÍTICO LA FUERZA DE LA PAZ;31
PANQUEBA;Juan Carlos Bernal Muñoz;PARTIDO ALIANZA VERDE;29
PANQUEBA;Monica Paola Varon Blanco;PARTIDO CONSERVADOR COLOMBIANO;27
PANQUEBA;Juan De Dios Silva Lizarazo;PARTIDO ALIANZA VERDE;22
PANQUEBA;Hector Orlando Martinez Duran;PARTIDO LIBERAL COLOMBIANO;21
PANQUEBA;Belkys Zulay De Avila Martinez;PARTIDO LIBERAL COLOMBIANO;16
PANQUEBA;Yeison Andres Bolivar Largo;"PARTIDO ALIANZA SOCIAL INDEPENDIENTE ""ASI""";16
PANQUEBA;Olga Lucila Blanco;PARTIDO POLÍTICO LA FUERZA DE LA PAZ;14
PANQUEBA;Partido Conservador Colombiano;PARTIDO CONSERVADOR COLOMBIANO;7
PANQUEBA;Kevin Steven Gomez Garcia;PARTIDO POLÍTICO LA FUERZA DE LA PAZ;6
PANQUEBA;Lilia Senaida Torres Eslava;PARTIDO ALIANZA VERDE;6
PANQUEBA;Partido Alianza Verde;PARTIDO ALIANZA VERDE;6
PANQUEBA;Partido Liberal Colombiano;PARTIDO LIBERAL COLOMBIANO;2
PANQUEBA;Ingrid Johana Forero Rojas;PARTIDO ALIANZA VERDE;1
PANQUEBA;Partido Político La Fuerza De La Paz;PARTIDO POLÍTICO LA FUERZA DE LA PAZ;1
PAUNA;Milton Uriel Bonilla Ballen;PARTIDO ALIANZA VERDE;313
PAUNA;Yecid Roncancio Garcia;PARTIDO DE LA UNIÓN POR LA GENTE - PARTIDO DE LA U;226
PAUNA;Mayerly Buitrago Sanchez;PARTIDO CENTRO DEMOCRÁTICO;211
PAUNA;Wilson Ferney Rodriguez Castro;PARTIDO CAMBIO RADICAL;198
PAUNA;Jose Israel Florian Florian;PARTIDO CONSERVADOR COLOMBIANO;183
PAUNA;Deicy Yanira Antonio Martinez;PARTIDO DE LA UNIÓN POR LA GENTE - PARTIDO DE LA U;179
PAUNA;Javier Hernando Villamil Garcia;PARTIDO DE LA UNIÓN POR LA GENTE - PARTIDO DE LA U;171
PAUNA;Luis Humberto Alfonso Garcia;PARTIDO CENTRO DEMOCRÁTICO;167
PAUNA;Julian Ramiro Cañon Florian;PARTIDO LIBERAL COLOMBIANO;151
PAUNA;Cesar Andres Vargas Rodriguez;PARTIDO ALIANZA VERDE;140
PAUNA;Gabrielina Caro Paez;PARTIDO CONSERVADOR COLOMBIANO;140
PAUNA;Yamid Antonio Santana Beltran;"PARTIDO ALIANZA SOCIAL INDEPENDIENTE ""ASI""";135
PAUNA;Diego Edilberto Gonzalez Guerrero;PARTIDO CENTRO DEMOCRÁTICO;129
PAUNA;Derman Orley Guevara Castro;PARTIDO CONSERVADOR COLOMBIANO;120
PAUNA;Victor Alfonso Nieto Suarez;PARTIDO CAMBIO RADICAL;120
PAUNA;Flavio Eduardo Gonzalez Casallas;PARTIDO LIBERAL COLOMBIANO;94
PAUNA;Fredy Alexander Cañon Carvajal;"PARTIDO ALIANZA SOCIAL INDEPENDIENTE ""ASI""";84
PAUNA;Yerson Libardo Villalobos Garcia;PARTIDO ALIANZA VERDE;83
PAUNA;Wilmer Yesid Ortiz Buitrago;PARTIDO POLÍTICO CREEMOS;70
PAUNA;Hector Julio Forero Samudio;PARTIDO POLÍTICO CREEMOS;69
PAUNA;Jose Omar Alfonso Rojas;PARTIDO CENTRO DEMOCRÁTICO;67
PAUNA;Jonatan Estiven Lopez Buitrago;PARTIDO POLÍTICO CREEMOS;66
PAUNA;Carlos Endres Melo Espejo;PARTIDO CENTRO DEMOCRÁTICO;65
PAUNA;Luis Emiro Garcia Garcia;PARTIDO DE LA UNIÓN POR LA GENTE - PARTIDO DE LA U;64
PAUNA;Gilberto Disney Gonzalez Acosta;PARTIDO DE LA UNIÓN POR LA GENTE - PARTIDO DE LA U;63
PAUNA;Yenni Johanna Pineda Salas;PARTIDO DE LA UNIÓN POR LA GENTE - PARTIDO DE LA U;61
PAUNA;Jorge Armando Rocha Cañon;PARTIDO CAMBIO RADICAL;55
PAUNA;Dirley Romero Forero;PARTIDO CAMBIO RADICAL;54
PAUNA;Denis Andrea Castiblanco Rodriguez;PARTIDO CAMBIO RADICAL;52
PAUNA;Jorge Enrique Rendon Pinilla;PARTIDO LIBERAL COLOMBIANO;52
PAUNA;Marleny Murcia Murcia;PARTIDO CAMBIO RADICAL;48
PAUNA;Nancy Mireya Garcia Rodriguez;PARTIDO DE LA UNIÓN POR LA GENTE - PARTIDO DE LA U;46
PAUNA;Jose Dario Celis Gonzalez;PARTIDO DE LA UNIÓN POR LA GENTE - PARTIDO DE LA U;41
PAUNA;William Alfredo Matallana Pineda;PARTIDO CAMBIO RADICAL;41
PAUNA;Jose Raul Poveda Paez;PARTIDO CONSERVADOR COLOMBIANO;39
PAUNA;Carlos Tobias Rodriguez Torres;PARTIDO CENTRO DEMOCRÁTICO;37
PAUNA;Jakeline Reyes Cabieles;PARTIDO CENTRO DEMOCRÁTICO;37
PAUNA;Maria Yisela Garcia Barreto;PARTIDO POLÍTICO CREEMOS;36
PAUNA;Viviana Liceth Avila Villamil;PARTIDO DE LA UNIÓN POR LA GENTE - PARTIDO DE LA U;36
PAUNA;Blanca Mery Neisa Arguello;PARTIDO LIBERAL COLOMBIANO;35
PAUNA;Carlos Fabian Peña Candela;PARTIDO CAMBIO RADICAL;34
PAUNA;Luis Hernando Sierra Leon;PARTIDO CAMBIO RADICAL;33
PAUNA;Yenni Miryan Gonzalez Florian;PARTIDO POLÍTICO CREEMOS;30
PAUNA;Alexis Johan Sierra Garcia;PARTIDO CONSERVADOR COLOMBIANO;28
PAUNA;Martin Emilio Urbano Barrera;"PARTIDO ALIANZA SOCIAL INDEPENDIENTE ""ASI""";28
PAUNA;Nidia Johanna Cañon Garcia;PARTIDO ALIANZA VERDE;23
PAUNA;Jorge Alirio Murillo Torres;PARTIDO ALIANZA VERDE;22
PAUNA;Luz Miriam Garcia Paez;PARTIDO POLÍTICO CREEMOS;22
PAUNA;Nestor Antonio Puentes Castro;PARTIDO DE LA UNIÓN POR LA GENTE - PARTIDO DE LA U;22
PAUNA;Partido Centro Democrático;PARTIDO CENTRO DEMOCRÁTICO;22
PAUNA;Samuel Orjuela Lancheros;PARTIDO CENTRO DEMOCRÁTICO;22
PAUNA;Yubilia Milena Niño Alfonso;PARTIDO ALIANZA VERDE;22
PAUNA;Sandra Milena Chavez Candela;PARTIDO POLÍTICO CREEMOS;21
PAUNA;Partido De La Unión Por La Gente - Partido De La U;PARTIDO DE LA UNIÓN POR LA GENTE - PARTIDO DE LA U;20
PAUNA;Felix Gabriel Candela Murcia;PARTIDO VERDE OXÍGENO;19
PAUNA;Partido Conservador Colombiano;PARTIDO CONSERVADOR COLOMBIANO;19
PAUNA;Carmen Julia Jara Riveros;PARTIDO CAMBIO RADICAL;18
PAUNA;Dianira Amparo Ritiva Peña;PARTIDO DE LA UNIÓN POR LA GENTE - PARTIDO DE LA U;18
PAUNA;Bernardo Antonio Antonio;PARTIDO VERDE OXÍGENO;17
PAUNA;Partido Cambio Radical;PARTIDO CAMBIO RADICAL;17
PAUNA;Victor Manuel Ruiz Murcia;PARTIDO POLÍTICO CREEMOS;17
PAUNA;Yohana Alexandra Gonzalez Caicedo;PARTIDO VERDE OXÍGENO;17
PAUNA;Yeny Alexandra Caro Monrroy;"PARTIDO ALIANZA SOCIAL INDEPENDIENTE ""ASI""";16
PAUNA;Yeyson Alexander Rodriguez Burgos;PARTIDO CENTRO DEMOCRÁTICO;16
PAUNA;David Adolfo Gutierrez Fajardo;PARTIDO CONSERVADOR COLOMBIANO;15
PAUNA;Doris Cecilia Garcia Lopez;PARTIDO POLÍTICO CREEMOS;14
PAUNA;Partido Alianza Verde;PARTIDO ALIANZA VERDE;14
PAUNA;Partido Liberal Colombiano;PARTIDO LIBERAL COLOMBIANO;14
PAUNA;Jenssy Villamil Ortiz;PARTIDO VERDE OXÍGENO;13
PAUNA;Rosalbina Roncancio Russi;PARTIDO LIBERAL COLOMBIANO;13
PAUNA;Yerson Alexis Solano Carrillo;PARTIDO ALIANZA VERDE;13
PAUNA;Blanca Lilia Castro Benitez;PARTIDO CENTRO DEMOCRÁTICO;12
PAUNA;Gloria Emilce Buitrago Hernandez;PARTIDO POLÍTICO CREEMOS;12
PAUNA;Jose Danilo Reyes Vaquiro;PARTIDO ALIANZA VERDE;12
PAUNA;Brayan Yesid Sanchez Delgadillo;PARTIDO LIBERAL COLOMBIANO;11
PAUNA;Gerardo Alberto Murcia Pinilla;PARTIDO POLÍTICO CREEMOS;11
PAUNA;Leddy Edilsa Sierra Peña;PARTIDO CONSERVADOR COLOMBIANO;11
PAUNA;"Partido Alianza Social Independiente ""Asi""";"PARTIDO ALIANZA SOCIAL INDEPENDIENTE ""ASI""";11
PAUNA;Yenny Paola Garcia Rodriguez;PARTIDO ALIANZA VERDE;9
PAUNA;Zulma Alieth Cortes Lancheros;PARTIDO VERDE OXÍGENO;9
PAUNA;Yady Marcela Forero Murcia;PARTIDO LIBERAL COLOMBIANO;7
PAUNA;Mailor Peña Poveda;PARTIDO LIBERAL COLOMBIANO;6
PAUNA;Yailine Yajaira Quintero Rodriguez;PARTIDO CONSERVADOR COLOMBIANO;6
PAUNA;Yudy Alejandra Villamil Sanchez;PARTIDO CENTRO DEMOCRÁTICO;6
PAUNA;Caren Daniela Ramos Murcia;PARTIDO LIBERAL COLOMBIANO;5
PAUNA;Edy Katherine Pineda Bautista;PARTIDO VERDE OXÍGENO;5
PAUNA;Ana Rosa Castellanos;PARTIDO ALIANZA VERDE;4
PAUNA;Leandro Sebastian Pinzon Quintero;PARTIDO ALIANZA VERDE;4
PAUNA;Partido Político Creemos;PARTIDO POLÍTICO CREEMOS;4
PAUNA;Yahiris Haidy Vargas Castro;PARTIDO CAMBIO RADICAL;4
PAUNA;Gloria Lucia Gomez;PARTIDO POLÍTICO DIGNIDAD & COMPROMISO;3
PAUNA;Partido Político Dignidad & Compromiso;PARTIDO POLÍTICO DIGNIDAD & COMPROMISO;2
PAUNA;Partido Verde Oxígeno;PARTIDO VERDE OXÍGENO;2
PAUNA;Pedro Nel Rojas Linares;PARTIDO POLÍTICO DIGNIDAD & COMPROMISO;2
PAUNA;Sonia Andrea Garcia Cañon;"PARTIDO ALIANZA SOCIAL INDEPENDIENTE ""ASI""";2
PAUNA;Jaiver Alexis Parra Cañon;PARTIDO POLÍTICO DIGNIDAD & COMPROMISO;1
PAYA;Jose Dadey Garcia Alferez;"MOVIMIENTO ALTERNATIVO INDÍGENA Y SOCIAL ""MAIS""";194
PAYA;Nelcy Rivera Sotaban;PARTIDO CONSERVADOR COLOMBIANO;132
PAYA;Rosalbina Ortiz Teatin;PARTIDO POLÍTICO DIGNIDAD & COMPROMISO;110
PAYA;Edwin Higuera Maldonado;PARTIDO CONSERVADOR COLOMBIANO;95
PAYA;Julio Enrique Bautista Montaña;PARTIDO ALIANZA VERDE;90
PAYA;Plutarco Ochoa Cruz;PARTIDO CAMBIO RADICAL;90
PAYA;Alix Maria Leon Benavides;PARTIDO ALIANZA VERDE;64
PAYA;Edwin Mauricio Tabaco Perez;PARTIDO CAMBIO RADICAL;61
PAYA;Luz Mila Garcia Piraban;PARTIDO ALIANZA VERDE;57
PAYA;Jose Hector Maldonado Rivera;PARTIDO ALIANZA VERDE;54
PAYA;Jose Alirio Piraban Cataño;"MOVIMIENTO ALTERNATIVO INDÍGENA Y SOCIAL ""MAIS""";51
PAYA;Yeny Lucila Moreno Vivas;PARTIDO CAMBIO RADICAL;49
PAYA;Alberto Molina Maldonado;PARTIDO ALIANZA VERDE;48
PAYA;Victor Hugo Rios Maldonado;PARTIDO CAMBIO RADICAL;46
PAYA;Maria Del Carmen Torres Pereira;"MOVIMIENTO ALTERNATIVO INDÍGENA Y SOCIAL ""MAIS""";45
PAYA;Leidy Tatiana Largo Rojas;PARTIDO POLÍTICO DIGNIDAD & COMPROMISO;34
PAYA;Jose Fredy Rojas Urbano;"MOVIMIENTO ALTERNATIVO INDÍGENA Y SOCIAL ""MAIS""";33
PAYA;Jose Roamir Montaña Maldonado;PARTIDO POLÍTICO DIGNIDAD & COMPROMISO;32
PAYA;Leonardo Cachay Maldonado;PARTIDO ALIANZA VERDE;32
PAYA;Jose Adan Piraban Largo;PARTIDO CONSERVADOR COLOMBIANO;27
PAYA;Walter Piraban Sotaban;PARTIDO CONSERVADOR COLOMBIANO;26
PAYA;Maria Angelica Perez Botello;PARTIDO CONSERVADOR COLOMBIANO;18
PAYA;Yamile Cristancho Sanchez;PARTIDO CONSERVADOR COLOMBIANO;13
PAYA;Baudilio Guanaro Largo;"MOVIMIENTO ALTERNATIVO INDÍGENA Y SOCIAL ""MAIS""";12
PAYA;Fabian Andres Perez Jimenez;PARTIDO POLÍTICO DIGNIDAD & COMPROMISO;12
PAYA;Partido Alianza Verde;PARTIDO ALIANZA VERDE;12
PAYA;"Movimiento Alternativo Indígena Y Social ""Mais""";"MOVIMIENTO ALTERNATIVO INDÍGENA Y SOCIAL ""MAIS""";11
PAYA;Partido Conservador Colombiano;PARTIDO CONSERVADOR COLOMBIANO;8
PAYA;Diana Marcela Garces Cataño;PARTIDO CAMBIO RADICAL;6
PAYA;Partido Cambio Radical;PARTIDO CAMBIO RADICAL;6
PAYA;Maria Lucia Rojas Largo;"MOVIMIENTO ALTERNATIVO INDÍGENA Y SOCIAL ""MAIS""";5
PAYA;Henry Javier Fuentes Robles;PARTIDO POLÍTICO DIGNIDAD & COMPROMISO;4
PAYA;Leidy Yohana Piraban Lombana;"MOVIMIENTO ALTERNATIVO INDÍGENA Y SOCIAL ""MAIS""";4
PAYA;Partido Político Dignidad & Compromiso;PARTIDO POLÍTICO DIGNIDAD & COMPROMISO;4
PAYA;Hercilia Garces Quiquive;PARTIDO CAMBIO RADICAL;2
PAYA;Yorley Montaña Cachay;PARTIDO DE LA UNIÓN POR LA GENTE - PARTIDO DE LA U;2
PAYA;Harbey Montaña Rodriguez;PARTIDO DE LA UNIÓN POR LA GENTE - PARTIDO DE LA U;1
PAYA;Yanira Alferez Teatin;PARTIDO DE LA UNIÓN POR LA GENTE - PARTIDO DE LA U;1
PAYA;Jose Fernando Maldonado Perez;PARTIDO POLÍTICO DIGNIDAD & COMPROMISO;0
PAZ DE RIO;Gloria Lucia Avellaneda Mojica;PARTIDO LIBERAL COLOMBIANO;162
PAZ DE RIO;Jose Libardo Romero;PARTIDO LIBERAL COLOMBIANO;133
PAZ DE RIO;Jorge Andres Barrera Gallo;PARTIDO ALIANZA VERDE;129
PAZ DE RIO;Yohn Eduardo Cardenas Goyeneche;PARTIDO CONSERVADOR COLOMBIANO;123
PAZ DE RIO;Luis Javier Vega Uscategui;PARTIDO DE LA UNIÓN POR LA GENTE - PARTIDO DE LA U;102
PAZ DE RIO;Diana Carolina Gil Rojas;PARTIDO LIBERAL COLOMBIANO;93
PAZ DE RIO;Pedro Jose Araque Aldana;AGRUPACIÓN POLÍTICA EN MARCHA;92
PAZ DE RIO;Servulo Andres Macias Bello;AGRUPACIÓN POLÍTICA EN MARCHA;92
PAZ DE RIO;Dialile Martinez Gallo;PARTIDO CAMBIO RADICAL;91
PAZ DE RIO;Tito Arnulfo Camargo Espitia;PARTIDO ALIANZA VERDE;90
PAZ DE RIO;Adriana Katherine Saenz Reyes;PARTIDO ALIANZA VERDE;87
PAZ DE RIO;Yimy Rolando Martinez Siza;PARTIDO DE LA UNIÓN POR LA GENTE - PARTIDO DE LA U;81
PAZ DE RIO;Juan Carlos Zambrano Triana;AGRUPACIÓN POLÍTICA EN MARCHA;80
PAZ DE RIO;Carlos Javier Amaya Medina;PARTIDO LIBERAL COLOMBIANO;78
PAZ DE RIO;Carlos Gilberto Alvarado Merchan;PARTIDO LIBERAL COLOMBIANO;68
PAZ DE RIO;Cesar Leonardo Eslava Suarez;PARTIDO LIBERAL COLOMBIANO;68
PAZ DE RIO;Blanca Ceneth Caceres Martinez;PARTIDO DE LA UNIÓN POR LA GENTE - PARTIDO DE LA U;67
PAZ DE RIO;Carlos Arturo Fuentes Gomez;PARTIDO DE LA UNIÓN POR LA GENTE - PARTIDO DE LA U;66
PAZ DE RIO;Edy Paola Cardenas Vanegas;PARTIDO DE LA UNIÓN POR LA GENTE - PARTIDO DE LA U;65
PAZ DE RIO;Estefany Lizeth Quiroga Riaño;AGRUPACIÓN POLÍTICA EN MARCHA;64
PAZ DE RIO;Angel Maria Custodio Vela Gamba;AGRUPACIÓN POLÍTICA EN MARCHA;60
PAZ DE RIO;Nelcy Johana Caceres Rojas;PARTIDO LIBERAL COLOMBIANO;60
PAZ DE RIO;Julian Camilo Melo Barrera;PARTIDO LIBERAL COLOMBIANO;54
PAZ DE RIO;Santos Tadeo Martinez Aldana;AGRUPACIÓN POLÍTICA EN MARCHA;52
PAZ DE RIO;Julio Cesar Gomez Martinez;PARTIDO CAMBIO RADICAL;51
PAZ DE RIO;Alveiro Balaguera Cuevas;PARTIDO ALIANZA VERDE;48
PAZ DE RIO;Edgardo Alexander Zarate Gomez;PARTIDO LIBERAL COLOMBIANO;47
PAZ DE RIO;Eduard Orlando Duran Caceres;MOVIMIENTO POLÍTICO COLOMBIA HUMANA;44
PAZ DE RIO;Gabino Duran Acuña;PARTIDO CONSERVADOR COLOMBIANO;41
PAZ DE RIO;Juan Carlos Moreno Gomez;PARTIDO DE LA UNIÓN POR LA GENTE - PARTIDO DE LA U;40
PAZ DE RIO;Daniel Felipe Angarita Abril;MOVIMIENTO POLÍTICO COLOMBIA HUMANA;37
PAZ DE RIO;Maria Janneth Jimenez Contreras;PARTIDO ALIANZA VERDE;33
PAZ DE RIO;Johana Cristina Araque Eslava;PARTIDO ALIANZA VERDE;30
PAZ DE RIO;David Mora Reyes;PARTIDO ALIANZA VERDE;29
PAZ DE RIO;Carlos Enrique Balaguera Ortiz;PARTIDO DE LA UNIÓN POR LA GENTE - PARTIDO DE LA U;27
PAZ DE RIO;Sonia Judith Fuentes Fuentes;MOVIMIENTO POLÍTICO COLOMBIA HUMANA;24
PAZ DE RIO;Elsa Paola Garzon Araque;PARTIDO DE LA UNIÓN POR LA GENTE - PARTIDO DE LA U;23
PAZ DE RIO;John Moises Castañeda Chaparro;PARTIDO CONSERVADOR COLOMBIANO;21
PAZ DE RIO;Pioquinto De Jesus Angarita Duran;PARTIDO CAMBIO RADICAL;20
PAZ DE RIO;Karol Juliana Estupiñan Gallo;PARTIDO CONSERVADOR COLOMBIANO;19
PAZ DE RIO;Marleny Lizarazo Rodriguez;AGRUPACIÓN POLÍTICA EN MARCHA;18
PAZ DE RIO;Partido Liberal Colombiano;PARTIDO LIBERAL COLOMBIANO;18
PAZ DE RIO;Julio Fredy Rojas Martinez;PARTIDO ALIANZA VERDE;15
PAZ DE RIO;Maria Zoila Avila Lopez;AGRUPACIÓN POLÍTICA EN MARCHA;14
PAZ DE RIO;Edgardo Martinez Quintero;MOVIMIENTO POLÍTICO COLOMBIA HUMANA;13
PAZ DE RIO;Leidy Karina Sanchez Delgado;PARTIDO ALIANZA VERDE;13
PAZ DE RIO;Cesar Enrrique Calderon Araque;MOVIMIENTO POLÍTICO COLOMBIA HUMANA;12
PAZ DE RIO;Partido Alianza Verde;PARTIDO ALIANZA VERDE;12
PAZ DE RIO;Yiseth Dayana Sabogal Lievano;PARTIDO CONSERVADOR COLOMBIANO;10
PAZ DE RIO;Partido De La Unión Por La Gente - Partido De La U;PARTIDO DE LA UNIÓN POR LA GENTE - PARTIDO DE LA U;9
PAZ DE RIO;Agrupación Política En Marcha;AGRUPACIÓN POLÍTICA EN MARCHA;6
PAZ DE RIO;Partido Cambio Radical;PARTIDO CAMBIO RADICAL;6
PAZ DE RIO;Daniela Alejandra Davila Montoya;PARTIDO CONSERVADOR COLOMBIANO;5
PAZ DE RIO;Movimiento Político Colombia Humana;MOVIMIENTO POLÍTICO COLOMBIA HUMANA;5
PAZ DE RIO;Partido Conservador Colombiano;PARTIDO CONSERVADOR COLOMBIANO;5
PAZ DE RIO;Deicy Fabiola Martinez Estupiñan;MOVIMIENTO POLÍTICO COLOMBIA HUMANA;1
PESCA;Eduardo Garcia Perez;PARTIDO ALIANZA VERDE;238
PESCA;Luis Agustin Cardenas Bayona;"PARTIDO ALIANZA SOCIAL INDEPENDIENTE ""ASI""";221
PESCA;Oscar Julian Mendigano Vargas;PARTIDO POLÍTICO LA FUERZA DE LA PAZ;194
PESCA;Saul Silva Silva;MOVIMIENTO SALVACIÓN NACIONAL;168
PESCA;Diana Fernanda Pacheco Martinez;PARTIDO CAMBIO RADICAL;166
PESCA;Freddy Alexander Bocachica Cruz;PARTIDO CENTRO DEMOCRÁTICO;161
PESCA;Dilson Fabian Chaparro Guerrero;PARTIDO DE LA UNIÓN POR LA GENTE - PARTIDO DE LA U;155
PESCA;Hector Julio Chaparro Maldonado;PARTIDO CAMBIO RADICAL;145
PESCA;Edicson Francisco Sanchez Diaz;MOVIMIENTO SALVACIÓN NACIONAL;143
PESCA;Jose Danilo Pacheco Sanchez;"PARTIDO ALIANZA SOCIAL INDEPENDIENTE ""ASI""";143
PESCA;German Pedroza Pulido;"PARTIDO ALIANZA SOCIAL INDEPENDIENTE ""ASI""";142
PESCA;Carlos Eduardo Chaparro Lemus;PARTIDO CONSERVADOR COLOMBIANO;135
PESCA;Leidy Tatiana Rincon Chaparro;PARTIDO LIBERAL COLOMBIANO;124
PESCA;Martha Cecilia Herrera Bayona;"PARTIDO ALIANZA SOCIAL INDEPENDIENTE ""ASI""";117
PESCA;Yesith Leonardo Soler Quemba;"PARTIDO ALIANZA SOCIAL INDEPENDIENTE ""ASI""";111
PESCA;Sandra Patricia Daza Ramirez;PARTIDO LIBERAL COLOMBIANO;106
PESCA;Maria Yesmith Chaparro Moreno;PARTIDO CONSERVADOR COLOMBIANO;105
PESCA;Favio Enrique Camargo Rodriguez;PARTIDO POLÍTICO LA FUERZA DE LA PAZ;104
PESCA;Ignacio Osma Tibocha;PARTIDO CENTRO DEMOCRÁTICO;95
PESCA;Fernando Farias Camargo;PARTIDO CAMBIO RADICAL;94
PESCA;Victor Julio Daza Pulido;PARTIDO ALIANZA VERDE;88
PESCA;Diego Gustavo Guerrero Vargas;PARTIDO CONSERVADOR COLOMBIANO;80
PESCA;Hugo Hernando Camargo Camargo;PARTIDO CAMBIO RADICAL;80
PESCA;Jose Agustin Lopez Puerto;MOVIMIENTO SALVACIÓN NACIONAL;71
PESCA;Juan Diego Rivas Avendaño;PARTIDO CAMBIO RADICAL;71
PESCA;Ernesto Rodriguez Tibocha;MOVIMIENTO SALVACIÓN NACIONAL;69
PESCA;Miguel Angel Bolivar Soraca;MOVIMIENTO SALVACIÓN NACIONAL;67
PESCA;John Ricardo Avella Lopez;PARTIDO DE LA UNIÓN POR LA GENTE - PARTIDO DE LA U;60
PESCA;Marco Antonio Tambo Rivera;PARTIDO CONSERVADOR COLOMBIANO;58
PESCA;Partido Cambio Radical;PARTIDO CAMBIO RADICAL;53
PESCA;John Jairo Limas Millan;PARTIDO ALIANZA VERDE;49
PESCA;Clemencia Lopez Diaz;MOVIMIENTO SALVACIÓN NACIONAL;48
PESCA;Jhon Jairo Vargas Perez;PARTIDO CAMBIO RADICAL;42
PESCA;Monica Lorena Chinchilla Cordoba;MOVIMIENTO SALVACIÓN NACIONAL;40
PESCA;Luis Agustin Alba Camargo;PARTIDO ALIANZA VERDE;38
PESCA;Carlos Ivan Martinez Melo;PARTIDO CENTRO DEMOCRÁTICO;37
PESCA;Nubia Esperanza Rodriguez Lopez;PARTIDO ALIANZA VERDE;37
PESCA;Partido De La Unión Por La Gente - Partido De La U;PARTIDO DE LA UNIÓN POR LA GENTE - PARTIDO DE LA U;36
PESCA;Leider Camilo Camero Chaparro;PARTIDO LIBERAL COLOMBIANO;33
PESCA;Angela Amparo Castro Valero;PARTIDO CAMBIO RADICAL;32
PESCA;Cindy Lorena Quemba Camargo;PARTIDO CENTRO DEMOCRÁTICO;31
PESCA;Partido Conservador Colombiano;PARTIDO CONSERVADOR COLOMBIANO;31
PESCA;Maricela Rodriguez Lopez;PARTIDO POLÍTICO LA FUERZA DE LA PAZ;29
PESCA;Israel Vela Moreno;PARTIDO CENTRO DEMOCRÁTICO;27
PESCA;Claudia Yaneth Mogollon Perez;"PARTIDO ALIANZA SOCIAL INDEPENDIENTE ""ASI""";26
PESCA;Haroll Esteban Leguizamon Rodriguez;PARTIDO POLÍTICO LA FUERZA DE LA PAZ;25
PESCA;Grace Andrea Vacca Ramos;PARTIDO CONSERVADOR COLOMBIANO;24
PESCA;Martha Isabel Rodriguez Plazas;PARTIDO POLÍTICO LA FUERZA DE LA PAZ;24
PESCA;Juan Esteban Galvis Rodriguez;PARTIDO CENTRO DEMOCRÁTICO;22
PESCA;Luis Hernando Moreno Joya;"PARTIDO ALIANZA SOCIAL INDEPENDIENTE ""ASI""";22
PESCA;Paula Andrea Avendaño Cuchigay;PARTIDO ALIANZA VERDE;20
PESCA;Yeimy Tatiana Espinel Vargas;PARTIDO CONSERVADOR COLOMBIANO;20
PESCA;Myriam Janneth Solano Higuera;PARTIDO POLÍTICO LA FUERZA DE LA PAZ;19
PESCA;William Herrera Mogollon;PARTIDO ALIANZA VERDE;19
PESCA;Kevin Dionisio Mendoza Daza;PARTIDO CONSERVADOR COLOMBIANO;16
PESCA;"Partido Alianza Social Independiente ""Asi""";"PARTIDO ALIANZA SOCIAL INDEPENDIENTE ""ASI""";16
PESCA;Angie Rocio Torres Limas;PARTIDO LIBERAL COLOMBIANO;15
PESCA;Flavio Hernan Perez Maldonado;PARTIDO POLÍTICO LA FUERZA DE LA PAZ;15
PESCA;Jose Angel Vasquez Brand;PARTIDO LIBERAL COLOMBIANO;14
PESCA;Sandra Yaneth Martinez Lopez;PARTIDO CENTRO DEMOCRÁTICO;14
PESCA;Adriana Milena Lopez Ramirez;PARTIDO CENTRO DEMOCRÁTICO;13
PESCA;Derly Yurany Daza Rojas;"PARTIDO ALIANZA SOCIAL INDEPENDIENTE ""ASI""";13
PESCA;Partido Alianza Verde;PARTIDO ALIANZA VERDE;13
PESCA;Yeimi Lorena Ochoa;PARTIDO ALIANZA VERDE;11
PESCA;Andrea Liliana Herrera Malaver;PARTIDO LIBERAL COLOMBIANO;10
PESCA;Jose Luis Guerrero Hoyos;PARTIDO DE LA UNIÓN POR LA GENTE - PARTIDO DE LA U;10
PESCA;Juan Pedro Perez Perez;PARTIDO DE LA UNIÓN POR LA GENTE - PARTIDO DE LA U;10
PESCA;Nohora Deisy Lemus Sanchez;PARTIDO CENTRO DEMOCRÁTICO;9
PESCA;Jackeline Oviedo Murcia;PARTIDO CAMBIO RADICAL;8
PESCA;Partido Liberal Colombiano;PARTIDO LIBERAL COLOMBIANO;8
PESCA;Blanca Nelly Lopez Lopez;PARTIDO DE LA UNIÓN POR LA GENTE - PARTIDO DE LA U;7
PESCA;Carlos Alberto Joya Cardozo;PARTIDO LIBERAL COLOMBIANO;6
PESCA;Partido Centro Democrático;PARTIDO CENTRO DEMOCRÁTICO;6
PESCA;Yimer Alonso Ferrucho Alba;PARTIDO DE LA UNIÓN POR LA GENTE - PARTIDO DE LA U;6
PESCA;Movimiento  Salvación Nacional;MOVIMIENTO SALVACIÓN NACIONAL;5
PESCA;Diego Fernando Ramirez Plazas;PARTIDO LIBERAL COLOMBIANO;4
PESCA;Elda Nayibe Adan Adan;MOVIMIENTO SALVACIÓN NACIONAL;4
PESCA;Partido Político La Fuerza De La Paz;PARTIDO POLÍTICO LA FUERZA DE LA PAZ;4
PESCA;Jhonatan Alfredo Lagos Pacanchique;"PARTIDO ALIANZA SOCIAL INDEPENDIENTE ""ASI""";3
PESCA;Mauricio Vela Martinez;PARTIDO LIBERAL COLOMBIANO;3
PESCA;Sara Valentina Huerfano Rodriguez;PARTIDO CONSERVADOR COLOMBIANO;3
PESCA;Neider Nicolas Chaparro Aranguren;PARTIDO ALIANZA VERDE;2
PESCA;Leivy Tatiana Sanabria Aranguren;PARTIDO DE LA UNIÓN POR LA GENTE - PARTIDO DE LA U;1
PESCA;Maria Elena Joya Cardozo;PARTIDO POLÍTICO LA FUERZA DE LA PAZ;1
PESCA;Zenaida Joya Camargo;PARTIDO DE LA UNIÓN POR LA GENTE - PARTIDO DE LA U;1
PESCA;Aristobulo Lagos Cardenas;PARTIDO CONSERVADOR COLOMBIANO;0
PESCA;Jose Jaime Pirajan Vargas;PARTIDO CAMBIO RADICAL;0
PESCA;Luis Eduardo Lopez Puerto;PARTIDO DE LA UNIÓN POR LA GENTE - PARTIDO DE LA U;0
PISBA;Dianey Florencio Herrera Garcia;PARTIDO CONSERVADOR COLOMBIANO;80
PISBA;Jaidumar Duran Tabaco;PARTIDO LIBERAL COLOMBIANO;69
PISBA;Rosalba Pidiache Estupinan;PARTIDO ALIANZA VERDE;63
PISBA;Jose Maria Duran Tabaco;PARTIDO CONSERVADOR COLOMBIANO;59
PISBA;Reinel Cucunuba Tabaco;"MOVIMIENTO ALTERNATIVO INDÍGENA Y SOCIAL ""MAIS""";57
PISBA;Emilse Ravelo Cuevas;PARTIDO CONSERVADOR COLOMBIANO;56
PISBA;Maria Mercedes Garcia Maldonado;"MOVIMIENTO ALTERNATIVO INDÍGENA Y SOCIAL ""MAIS""";52
PISBA;Doralba Sua Pidiache;PARTIDO LIBERAL COLOMBIANO;44
PISBA;Jose Leopoldo Perez Pinto;PARTIDO ALIANZA VERDE;41
PISBA;Milton Aldemar Martinez Herrera;"MOVIMIENTO ALTERNATIVO INDÍGENA Y SOCIAL ""MAIS""";37
PISBA;Diana Evarista Abril Estepa;PARTIDO DE LA UNIÓN POR LA GENTE - PARTIDO DE LA U;35
PISBA;Claudia Rocio Cuta Cristancho;PARTIDO ALIANZA VERDE;34
PISBA;Didier Oswaldo Maldonado Tabaco;PARTIDO CONSERVADOR COLOMBIANO;32
PISBA;Jose Fermin Estepa Diaz;PARTIDO NUEVO LIBERALISMO;29
PISBA;Lercy Yizhet Maldonado Maldonado;PARTIDO CONSERVADOR COLOMBIANO;28
PISBA;Jose Roberto Mendivelso Tabaco;PARTIDO LIBERAL COLOMBIANO;26
PISBA;Michel Giovanny Tabaco Tabaco;PARTIDO LIBERAL COLOMBIANO;25
PISBA;Maria Rosana Pan Maldonado;PARTIDO CONSERVADOR COLOMBIANO;23
PISBA;Yosma Neider Herrera Herrera;PARTIDO CAMBIO RADICAL;23
PISBA;Ceira Efigenia Cardenas;PARTIDO NUEVO LIBERALISMO;22
PISBA;Billamin Ivan Pan Hernandez;PARTIDO DE LA UNIÓN POR LA GENTE - PARTIDO DE LA U;21
PISBA;Fabian Alexander Sandoval Gomez;"MOVIMIENTO ALTERNATIVO INDÍGENA Y SOCIAL ""MAIS""";20
PISBA;Reynel Maldonado Lara;PARTIDO ALIANZA VERDE;18
PISBA;Jose Aldruman Tabaco Pan;PARTIDO CONSERVADOR COLOMBIANO;17
PISBA;Maria Yasmin Maldonado Garcia;PARTIDO LIBERAL COLOMBIANO;17
PISBA;Yamid Clodomiro Leon Correa;PARTIDO NUEVO LIBERALISMO;11
PISBA;Julian Alberto Maldonado Duran;PARTIDO CAMBIO RADICAL;8
PISBA;Manuel Augusto Fuentes Mojica;PARTIDO LIBERAL COLOMBIANO;8
PISBA;Partido Liberal Colombiano;PARTIDO LIBERAL COLOMBIANO;7
PISBA;Thalia Esperanza Martinez Mora;PARTIDO LIBERAL COLOMBIANO;6
PISBA;Liliana Mildred Maldonado Herrera;"MOVIMIENTO ALTERNATIVO INDÍGENA Y SOCIAL ""MAIS""";5
PISBA;Maria Benilda Pidiache Maldonado;PARTIDO CAMBIO RADICAL;5
PISBA;Partido Alianza Verde;PARTIDO ALIANZA VERDE;5
PISBA;Partido Conservador Colombiano;PARTIDO CONSERVADOR COLOMBIANO;5
PISBA;Alba Lucia Goyeneche Luna;PARTIDO ALIANZA VERDE;4
PISBA;Isrrael Tabaco Maldonado;PARTIDO DE LA UNIÓN POR LA GENTE - PARTIDO DE LA U;4
PISBA;Humberto Herrera Tabaco;PARTIDO ALIANZA VERDE;3
PISBA;Mayerli Andrea Leon Miranda;"MOVIMIENTO ALTERNATIVO INDÍGENA Y SOCIAL ""MAIS""";3
PISBA;Nidia Johana Martinez Mora;PARTIDO CAMBIO RADICAL;3
PISBA;"Movimiento Alternativo Indígena Y Social ""Mais""";"MOVIMIENTO ALTERNATIVO INDÍGENA Y SOCIAL ""MAIS""";1
PISBA;Partido De La Unión Por La Gente - Partido De La U;PARTIDO DE LA UNIÓN POR LA GENTE - PARTIDO DE LA U;1
PISBA;Partido Nuevo Liberalismo;PARTIDO NUEVO LIBERALISMO;1
PISBA;Rafael Antonio Tabaco Lopez;PARTIDO CAMBIO RADICAL;1
PUERTO BOYACA;Juan Fernando Delgado Vasquez;PARTIDO ALIANZA VERDE;730
PUERTO BOYACA;Stiven Mahecha Villa;PARTIDO DEMÓCRATA COLOMBIANO;572
PUERTO BOYACA;Ricardo Andres Mosquera Palacios;AGRUPACIÓN POLÍTICA EN MARCHA;565
PUERTO BOYACA;Camilo Andres Corrales Aguilar;"PARTIDO ALIANZA SOCIAL INDEPENDIENTE ""ASI""";531
PUERTO BOYACA;Jesus Javib Uribe Polo;PARTIDO POLÍTICO DIGNIDAD & COMPROMISO;531
PUERTO BOYACA;Jose Gabriel Alfaro Rios;PARTIDO LIBERAL COLOMBIANO;498
PUERTO BOYACA;Juan David Ramirez Galvis;AGRUPACIÓN POLÍTICA EN MARCHA;458
PUERTO BOYACA;Gertrudis Gallego Osorio;PARTIDO CAMBIO RADICAL;439
PUERTO BOYACA;Ruben Dario Orozco Saldarriaga;PARTIDO DE LA U Y EL PARTIDO POLITICO MIRA;423
PUERTO BOYACA;Omar Bernal Gonzalez;PARTIDO CENTRO DEMOCRÁTICO;414
PUERTO BOYACA;Jorge Orlando Toro Alzate;PARTIDO CONSERVADOR COLOMBIANO;408
PUERTO BOYACA;Robinson Franco Chaverra;"PARTIDO ALIANZA SOCIAL INDEPENDIENTE ""ASI""";403
PUERTO BOYACA;Norman De Jesus Quintero Gallego;PARTIDO CAMBIO RADICAL;400
PUERTO BOYACA;Janner David Manrique Pava;"MOVIMIENTO AUTORIDADES INDÍGENAS DE COLOMBIA ""AICO""";393
PUERTO BOYACA;Jorge Leonardo Cruz Chavez;"MOVIMIENTO AUTORIDADES INDÍGENAS DE COLOMBIA ""AICO""";391
PUERTO BOYACA;Samuel Fernando Suarez Garcia;PARTIDO ALIANZA VERDE;345
PUERTO BOYACA;Wilfran Jirney Uribe Sepulveda;PARTIDO LIBERAL COLOMBIANO;323
PUERTO BOYACA;Sergio Armando Carrizosa Torres;PARTIDO CONSERVADOR COLOMBIANO;318
PUERTO BOYACA;Jose Alfonso Cifuentes Cifuentes;PARTIDO CAMBIO RADICAL;315
PUERTO BOYACA;Luisa Fernanda Castaño Gonzalez;PARTIDO CAMBIO RADICAL;314
PUERTO BOYACA;Anyi Alejandra Machado Cifuentes;"MOVIMIENTO ALTERNATIVO INDÍGENA Y SOCIAL ""MAIS""";296
PUERTO BOYACA;Oscar Arturo Garzon Guevara;PARTIDO LIBERAL COLOMBIANO;291
PUERTO BOYACA;Anderson Montoya Campos;PARTIDO DE LA U Y EL PARTIDO POLITICO MIRA;282
PUERTO BOYACA;Andres Felipe Lora Barrios;PARTIDO LIBERAL COLOMBIANO;282
PUERTO BOYACA;Juan Carlos Forero Sanchez;PARTIDO CAMBIO RADICAL;282
PUERTO BOYACA;Ismael Guzman Perez;PARTIDO DE LA U Y EL PARTIDO POLITICO MIRA;262
PUERTO BOYACA;Carlos Edison Ordoñez Gonzalez;MOVIMIENTO SALVACIÓN NACIONAL;261
PUERTO BOYACA;Adrian Sanchez Arenas;PARTIDO COLOMBIA RENACIENTE;256
PUERTO BOYACA;Jaider Julian Gonzalez Urrea;PARTIDO LIBERAL COLOMBIANO;238
PUERTO BOYACA;Yesid Mahecha Mahecha;MOVIMIENTO SALVACIÓN NACIONAL;225
PUERTO BOYACA;Dilson Andres Sepulveda Arias;PARTIDO CAMBIO RADICAL;220
PUERTO BOYACA;Eddier Garcia;MOVIMIENTO SALVACIÓN NACIONAL;219
PUERTO BOYACA;Gladis Ramirez Betancurth;PARTIDO CONSERVADOR COLOMBIANO;215
PUERTO BOYACA;Luis Carlos Machado Zapata;PARTIDO ALIANZA VERDE;202
PUERTO BOYACA;Oscar Albeiro Perez Caviedes;AGRUPACIÓN POLÍTICA EN MARCHA;189
PUERTO BOYACA;Regulo Perez Toro;PARTIDO ALIANZA VERDE;176
PUERTO BOYACA;Cristian Camilo Gallego Lloreda;PARTIDO DEMÓCRATA COLOMBIANO;175
PUERTO BOYACA;Cindy Cartagena Gomez;PARTIDO POLÍTICO DIGNIDAD & COMPROMISO;174
PUERTO BOYACA;Jeidy Johana Gordillo Roldan;"MOVIMIENTO AUTORIDADES INDÍGENAS DE COLOMBIA ""AICO""";167
PUERTO BOYACA;Partido Alianza Verde;PARTIDO ALIANZA VERDE;163
PUERTO BOYACA;Jorge Eliecer Miranda Burbano;PARTIDO DEMÓCRATA COLOMBIANO;162
PUERTO BOYACA;John Esteban Escobar Morales;PARTIDO CONSERVADOR COLOMBIANO;160
PUERTO BOYACA;Astrit Bibiana Cataño Rincon;MOVIMIENTO SALVACIÓN NACIONAL;155
PUERTO BOYACA;Arcenio Bedoya Villa;PARTIDO VERDE OXÍGENO;154
PUERTO BOYACA;Frans Dimaz Soto Alzate;PARTIDO LIBERAL COLOMBIANO;153
PUERTO BOYACA;Nelson Perez Escarraga;NUEVA FUERZA DEMOCRÁTICA;153
PUERTO BOYACA;Juan David Vargas Diaz;PARTIDO CAMBIO RADICAL;150
PUERTO BOYACA;Victor David Moncada Cardona;PARTIDO CAMBIO RADICAL;150
PUERTO BOYACA;William Esquivel Rubio;PARTIDO DE LA U Y EL PARTIDO POLITICO MIRA;147
PUERTO BOYACA;Jhonathan Andres Mosquera;AGRUPACIÓN POLÍTICA EN MARCHA;146
PUERTO BOYACA;Jose Daniel Carpintero Gonzalez;"MOVIMIENTO ALTERNATIVO INDÍGENA Y SOCIAL ""MAIS""";137
PUERTO BOYACA;Luis Eduardo Sevillano Guerrero;PARTIDO CENTRO DEMOCRÁTICO;133
PUERTO BOYACA;Hugo Alberto Trujillo Cuadrado;"MOVIMIENTO ALTERNATIVO INDÍGENA Y SOCIAL ""MAIS""";132
PUERTO BOYACA;Jackson Alexander Rodriguez Echavarria;"PARTIDO ALIANZA SOCIAL INDEPENDIENTE ""ASI""";131
PUERTO BOYACA;Brayan Fernando Corrales Palacios;MOVIMIENTO SALVACIÓN NACIONAL;127
PUERTO BOYACA;Esmeralda Hernandez Olarte;PARTIDO COLOMBIA RENACIENTE;126
PUERTO BOYACA;Juan Carlos Molina Castro;"PARTIDO ALIANZA SOCIAL INDEPENDIENTE ""ASI""";125
PUERTO BOYACA;Luz Mary Duran Guarnizo;PARTIDO LIBERAL COLOMBIANO;122
PUERTO BOYACA;Lilia Indira Tarazona Navarro;AGRUPACIÓN POLÍTICA EN MARCHA;120
PUERTO BOYACA;Partido Cambio Radical;PARTIDO CAMBIO RADICAL;116
PUERTO BOYACA;Fortunato Machado Nagles;PARTIDO COLOMBIA RENACIENTE;115
PUERTO BOYACA;Cris Fernando Urrea Burbano;PARTIDO LIBERAL COLOMBIANO;114
PUERTO BOYACA;Jose Hernando Herrera;PARTIDO DE LA U Y EL PARTIDO POLITICO MIRA;113
PUERTO BOYACA;Pablo Andres Villarreal Sanchez;PARTIDO CAMBIO RADICAL;113
PUERTO BOYACA;Fanny Paola Lucas Lopez;"PARTIDO ALIANZA SOCIAL INDEPENDIENTE ""ASI""";112
PUERTO BOYACA;Maria Isabel Cardona Lopez;PARTIDO DEMÓCRATA COLOMBIANO;112
PUERTO BOYACA;Yanira Herrera Garcia;"MOVIMIENTO AUTORIDADES INDÍGENAS DE COLOMBIA ""AICO""";111
PUERTO BOYACA;Jose Alberto Perez Echeverry;NUEVA FUERZA DEMOCRÁTICA;108
PUERTO BOYACA;John Jairo Vera Galban;PARTIDO VERDE OXÍGENO;105
PUERTO BOYACA;Wilson Valencia Villa;PARTIDO CONSERVADOR COLOMBIANO;105
PUERTO BOYACA;Cristobal Gomez Duque;MOVIMIENTO SALVACIÓN NACIONAL;104
PUERTO BOYACA;Partido Centro Democrático;PARTIDO CENTRO DEMOCRÁTICO;103
PUERTO BOYACA;Diver Alejandro Cerquera Rubiano;AGRUPACIÓN POLÍTICA EN MARCHA;98
PUERTO BOYACA;Ernesto Guzman Bejarano;PARTIDO CENTRO DEMOCRÁTICO;97
PUERTO BOYACA;Manuel Antonio Leon Salas;AGRUPACIÓN POLÍTICA EN MARCHA;96
PUERTO BOYACA;Sandra Milena Vargas Riaño;PARTIDO LIBERAL COLOMBIANO;93
PUERTO BOYACA;Partido Liberal Colombiano;PARTIDO LIBERAL COLOMBIANO;90
PUERTO BOYACA;Luz Mery Ramirez;PARTIDO CENTRO DEMOCRÁTICO;89
PUERTO BOYACA;Lina Marcela Rios Perlaza;"MOVIMIENTO AUTORIDADES INDÍGENAS DE COLOMBIA ""AICO""";88
PUERTO BOYACA;William Jesus Varon Bermudez;AGRUPACIÓN POLÍTICA EN MARCHA;87
PUERTO BOYACA;Julian David Guzman;PARTIDO VERDE OXÍGENO;85
PUERTO BOYACA;Cesar Arturo Betancur Isaza;"PARTIDO ALIANZA SOCIAL INDEPENDIENTE ""ASI""";80
PUERTO BOYACA;Partido Político La Fuerza De La Paz;PARTIDO POLÍTICO LA FUERZA DE LA PAZ;79
PUERTO BOYACA;Maria Yodilia Guarin Arias;AGRUPACIÓN POLÍTICA EN MARCHA;78
PUERTO BOYACA;Diego Fernando Parra Gomez;MOVIMIENTO SALVACIÓN NACIONAL;76
PUERTO BOYACA;Cristian Camilo Paez Rivera;PARTIDO LIBERAL COLOMBIANO;73
PUERTO BOYACA;John Fredy Gonzalez Macias;"PARTIDO ALIANZA SOCIAL INDEPENDIENTE ""ASI""";72
PUERTO BOYACA;Ivan Dario Sierra Abaunza;PARTIDO POLÍTICO DIGNIDAD & COMPROMISO;69
PUERTO BOYACA;Miguel Roberto Plata Salazar;PARTIDO COLOMBIA RENACIENTE;68
PUERTO BOYACA;Carlos Martin Torres Florian;PARTIDO DE LA U Y EL PARTIDO POLITICO MIRA;67
PUERTO BOYACA;Herney Gomez Gutierrez;"MOVIMIENTO ALTERNATIVO INDÍGENA Y SOCIAL ""MAIS""";64
PUERTO BOYACA;Marisela Polanco Romero;PARTIDO ECOLOGISTA COLOMBIANO;64
PUERTO BOYACA;Partido Demócrata Colombiano;PARTIDO DEMÓCRATA COLOMBIANO;64
PUERTO BOYACA;Kelys Johana Amaris Mattos;AGRUPACIÓN POLÍTICA EN MARCHA;62
PUERTO BOYACA;Partido De La U Y El Partido Politico Mira;PARTIDO DE LA U Y EL PARTIDO POLITICO MIRA;62
PUERTO BOYACA;Gricela Urrea Torres;PARTIDO CONSERVADOR COLOMBIANO;61
PUERTO BOYACA;Partido Conservador Colombiano;PARTIDO CONSERVADOR COLOMBIANO;59
PUERTO BOYACA;Movimiento  Salvación Nacional;MOVIMIENTO SALVACIÓN NACIONAL;57
PUERTO BOYACA;Estid Leonardo Bello Cossio;AGRUPACIÓN POLÍTICA EN MARCHA;56
PUERTO BOYACA;Jose Alfredo Zamudio Castro;PARTIDO COLOMBIA RENACIENTE;54
PUERTO BOYACA;Mario Alberto Giraldo Duque;PARTIDO COLOMBIA RENACIENTE;54
PUERTO BOYACA;Julian Andres Calderon Herrera;PARTIDO DEMÓCRATA COLOMBIANO;53
PUERTO BOYACA;Valentina Restrepo Zapata;PARTIDO POLÍTICO GENTE EN MOVIMIENTO;53
PUERTO BOYACA;"Partido Alianza Social Independiente ""Asi""";"PARTIDO ALIANZA SOCIAL INDEPENDIENTE ""ASI""";52
PUERTO BOYACA;Derlidia Bastidas Sepulveda;NUEVA FUERZA DEMOCRÁTICA;51
PUERTO BOYACA;James Alejandro Giraldo Caro;PARTIDO CAMBIO RADICAL;51
PUERTO BOYACA;John David Aguirre Morales;"MOVIMIENTO AUTORIDADES INDÍGENAS DE COLOMBIA ""AICO""";50
PUERTO BOYACA;Melina Manco Moreno;PARTIDO COLOMBIA RENACIENTE;50
PUERTO BOYACA;Laidy Diana Aguirre Velosa;PARTIDO POLÍTICO DIGNIDAD & COMPROMISO;49
PUERTO BOYACA;Partido Verde Oxígeno;PARTIDO VERDE OXÍGENO;49
PUERTO BOYACA;Ricardo Calle Vega;AGRUPACIÓN POLÍTICA EN MARCHA;49
PUERTO BOYACA;Maria Nancy Mejia Calderon;PARTIDO DEMÓCRATA COLOMBIANO;48
PUERTO BOYACA;Jhon Fredy Guzman Luna;PARTIDO DEMÓCRATA COLOMBIANO;46
PUERTO BOYACA;Juan Carlos Alzate Muñeton;"MOVIMIENTO ALTERNATIVO INDÍGENA Y SOCIAL ""MAIS""";45
PUERTO BOYACA;"Movimiento Autoridades Indígenas De Colombia ""Aico """;"MOVIMIENTO AUTORIDADES INDÍGENAS DE COLOMBIA ""AICO""";45
PUERTO BOYACA;Agrupación Política En Marcha;AGRUPACIÓN POLÍTICA EN MARCHA;44
PUERTO BOYACA;Gilberto Elias Anzola Ramos;MOVIMIENTO SALVACIÓN NACIONAL;42
PUERTO BOYACA;Juan Felipe Herrera Morales;PARTIDO DEMÓCRATA COLOMBIANO;42
PUERTO BOYACA;Luis Alberto Agudelo Parra;PARTIDO VERDE OXÍGENO;42
PUERTO BOYACA;Ronal Mosquera Ruiz;PARTIDO POLÍTICO DIGNIDAD & COMPROMISO;42
PUERTO BOYACA;Jose Adriano Gonzalez Rodriguez;PARTIDO VERDE OXÍGENO;40
PUERTO BOYACA;Jose Alcides Beltran Luna;PARTIDO VERDE OXÍGENO;40
PUERTO BOYACA;Jose Gregorio Rubio Hernandez;NUEVA FUERZA DEMOCRÁTICA;40
PUERTO BOYACA;Sandra Patricia Isaza Velasquez;PARTIDO CONSERVADOR COLOMBIANO;40
PUERTO BOYACA;Partido Colombia Renaciente;PARTIDO COLOMBIA RENACIENTE;39
PUERTO BOYACA;Alvaro De Jesus Velez Lopera;AGRUPACIÓN POLÍTICA EN MARCHA;38
PUERTO BOYACA;Jose Nevio Gomez Vera;NUEVA FUERZA DEMOCRÁTICA;38
PUERTO BOYACA;Alisson Stefany Murillo Arango;PARTIDO CAMBIO RADICAL;37
PUERTO BOYACA;Fanny Rodriguez Osorio;MOVIMIENTO SALVACIÓN NACIONAL;37
PUERTO BOYACA;Juan Pablo Muñoz Avila;"MOVIMIENTO AUTORIDADES INDÍGENAS DE COLOMBIA ""AICO""";37
PUERTO BOYACA;Nueva Fuerza Democrática;NUEVA FUERZA DEMOCRÁTICA;37
PUERTO BOYACA;Edilcen Restrepo Beltran;PARTIDO VERDE OXÍGENO;36
PUERTO BOYACA;Jorge Andres Ordoñez Ospina;PARTIDO ALIANZA VERDE;36
PUERTO BOYACA;"Movimiento Alternativo Indígena Y Social ""Mais""";"MOVIMIENTO ALTERNATIVO INDÍGENA Y SOCIAL ""MAIS""";35
PUERTO BOYACA;Yomairo De Jesus Ramirez Giraldo;NUEVA FUERZA DEMOCRÁTICA;35
PUERTO BOYACA;Cesar Enrique Rodriguez Valencia;PARTIDO COLOMBIA RENACIENTE;34
PUERTO BOYACA;Luis Javier Arango Durango;MOVIMIENTO SALVACIÓN NACIONAL;34
PUERTO BOYACA;Maria Aracely Mancilla;PARTIDO NUEVO LIBERALISMO;34
PUERTO BOYACA;Cristian Fernando Miranda Vargas;"MOVIMIENTO AUTORIDADES INDÍGENAS DE COLOMBIA ""AICO""";33
PUERTO BOYACA;Gloria Marcela Cobos Ramirez;AGRUPACIÓN POLÍTICA EN MARCHA;32
PUERTO BOYACA;Nubiola Vallejo Rodriguez;PARTIDO COLOMBIA RENACIENTE;32
PUERTO BOYACA;Hector Moreno Perdomo;PARTIDO DEMÓCRATA COLOMBIANO;31
PUERTO BOYACA;Jorge Eduardo Vargas Angarita;PARTIDO POLÍTICO DIGNIDAD & COMPROMISO;30
PUERTO BOYACA;Jack Arbey Hernandez Romero;PARTIDO ALIANZA VERDE;29
PUERTO BOYACA;Luis Armando Sarmiento;PARTIDO DEMÓCRATA COLOMBIANO;29
PUERTO BOYACA;Dionisio Bernal Jaramillo;PARTIDO ALIANZA VERDE;28
PUERTO BOYACA;Eliecer David Quiroz Pedraza;PARTIDO DEMÓCRATA COLOMBIANO;28
PUERTO BOYACA;Luis Miguel Camelo Moreno;PARTIDO ALIANZA VERDE;28
PUERTO BOYACA;Oliverio Rojas Corrales;PARTIDO COLOMBIA RENACIENTE;28
PUERTO BOYACA;Partido Ecologista Colombiano;PARTIDO ECOLOGISTA COLOMBIANO;28
PUERTO BOYACA;Daniel Felipe Molina Zambrano;MOVIMIENTO SALVACIÓN NACIONAL;27
PUERTO BOYACA;Jaider David Hernandez Hoyos;PARTIDO DE LA U Y EL PARTIDO POLITICO MIRA;27
PUERTO BOYACA;Juliana Gil Cortes;"MOVIMIENTO ALTERNATIVO INDÍGENA Y SOCIAL ""MAIS""";27
PUERTO BOYACA;Maria Del Carmen Hernandez Vega;PARTIDO VERDE OXÍGENO;27
PUERTO BOYACA;Eduin Alberto Chaverra Arango;PARTIDO POLÍTICO GENTE EN MOVIMIENTO;26
PUERTO BOYACA;Yerkis Yurannis Jimenez Villada;"PARTIDO ALIANZA SOCIAL INDEPENDIENTE ""ASI""";26
PUERTO BOYACA;Marco Antonio Rincon Acuña;MOVIMIENTO SALVACIÓN NACIONAL;25
PUERTO BOYACA;Maria Clementina Romero Pulgarin;AGRUPACIÓN POLÍTICA EN MARCHA;25
PUERTO BOYACA;Luz Stella Castillo Moreno;PARTIDO ALIANZA VERDE;24
PUERTO BOYACA;Dario Antonio Monsalve Echeverry;PARTIDO CENTRO DEMOCRÁTICO;23
PUERTO BOYACA;Gustavo Ramirez Cardozo;"MOVIMIENTO AUTORIDADES INDÍGENAS DE COLOMBIA ""AICO""";23
PUERTO BOYACA;Isabel Cristina Garcia;"MOVIMIENTO ALTERNATIVO INDÍGENA Y SOCIAL ""MAIS""";23
PUERTO BOYACA;Jessica Catherine Tapias Muriel;MOVIMIENTO SALVACIÓN NACIONAL;22
PUERTO BOYACA;Paola Alexandra Hernandez Gonzalez;PARTIDO LIBERAL COLOMBIANO;22
PUERTO BOYACA;Angie Liliana Muñoz Eraso;PARTIDO LIBERAL COLOMBIANO;21
PUERTO BOYACA;Clara Mercedes Diaz Sanchez;PARTIDO CAMBIO RADICAL;21
PUERTO BOYACA;Jaime Leon Cifuentes Jaramillo;PARTIDO CENTRO DEMOCRÁTICO;21
PUERTO BOYACA;Linda Julissa Ardila Renteria;PARTIDO LIBERAL COLOMBIANO;21
PUERTO BOYACA;Partido Nuevo Liberalismo;PARTIDO NUEVO LIBERALISMO;21
PUERTO BOYACA;Alexander Correa Rodriguez;PARTIDO ECOLOGISTA COLOMBIANO;20
PUERTO BOYACA;Cristian Camilo Perez Pedroza;NUEVA FUERZA DEMOCRÁTICA;20
PUERTO BOYACA;John Jairo Padilla Beltran;PARTIDO VERDE OXÍGENO;20
PUERTO BOYACA;Nelly Torres Vargas;PARTIDO DEMÓCRATA COLOMBIANO;20
PUERTO BOYACA;Pedro Antonio Romero Rodriguez;PARTIDO COLOMBIA RENACIENTE;20
PUERTO BOYACA;Richard Olano Olmos;PARTIDO ALIANZA VERDE;20
PUERTO BOYACA;Horacio Carvajal Tarazona;PARTIDO DE LA U Y EL PARTIDO POLITICO MIRA;19
PUERTO BOYACA;Partido Político Dignidad & Compromiso;PARTIDO POLÍTICO DIGNIDAD & COMPROMISO;19
PUERTO BOYACA;Yorleny Cotrino Virguez;PARTIDO CAMBIO RADICAL;19
PUERTO BOYACA;Aleyda Barrantes Mejia;PARTIDO POLÍTICO DIGNIDAD & COMPROMISO;18
PUERTO BOYACA;Daniel Ricardo Osorio;PARTIDO VERDE OXÍGENO;18
PUERTO BOYACA;Gloria Argenis Serna Puerta;PARTIDO VERDE OXÍGENO;18
PUERTO BOYACA;Luz Milena Noreña Gutierrez;PARTIDO CENTRO DEMOCRÁTICO;18
PUERTO BOYACA;Carlos Alberto Cadena Acosta;PARTIDO POLÍTICO GENTE EN MOVIMIENTO;17
PUERTO BOYACA;Jose Rolanyani Marulanda Ramirez;PARTIDO COLOMBIA RENACIENTE;17
PUERTO BOYACA;Luz Rosalba Bustos Alvarez;PARTIDO VERDE OXÍGENO;17
PUERTO BOYACA;Paola Andrea Campos Gaviria;"MOVIMIENTO AUTORIDADES INDÍGENAS DE COLOMBIA ""AICO""";17
PUERTO BOYACA;Vilma Nodier Pulgarin Cañola;PARTIDO ALIANZA VERDE;17
PUERTO BOYACA;Diego Yesid Nuñez Delgado;PARTIDO CAMBIO RADICAL;16
PUERTO BOYACA;Isabel Castillo Aguirre;PARTIDO ALIANZA VERDE;16
PUERTO BOYACA;Nitza Viviana Useche Rueda;PARTIDO DEMÓCRATA COLOMBIANO;16
PUERTO BOYACA;Oscar Garcia Valencia;PARTIDO POLÍTICO GENTE EN MOVIMIENTO;16
PUERTO BOYACA;Libanover Castaño Correa;PARTIDO DE LA U Y EL PARTIDO POLITICO MIRA;15
PUERTO BOYACA;Maria Luz Mary Ramirez Jaramillo;PARTIDO DEMÓCRATA COLOMBIANO;15
PUERTO BOYACA;Sindy Jineth Caicedo Valderrama;PARTIDO CONSERVADOR COLOMBIANO;15
PUERTO BOYACA;Emmilly Yihad Herrera Giraldo;PARTIDO ALIANZA VERDE;14
PUERTO BOYACA;Gerardo Sanchez Montenegro;PARTIDO DEMÓCRATA COLOMBIANO;14
PUERTO BOYACA;Jacqueline Gallego Sanchez;MOVIMIENTO SALVACIÓN NACIONAL;14
PUERTO BOYACA;Julian Andres Caro Gutierrez;"PARTIDO ALIANZA SOCIAL INDEPENDIENTE ""ASI""";14
PUERTO BOYACA;Manuel Euripides Mosquera Hurtado;PARTIDO NUEVO LIBERALISMO;14
PUERTO BOYACA;Yolanda Vega Barrios;PARTIDO NUEVO LIBERALISMO;14
PUERTO BOYACA;Alba De Jesus Valencia Dorado;PARTIDO CONSERVADOR COLOMBIANO;13
PUERTO BOYACA;Albino Rubiano Galindo;PARTIDO ECOLOGISTA COLOMBIANO;13
PUERTO BOYACA;Cesar Augusto Villescas Romero;"PARTIDO ALIANZA SOCIAL INDEPENDIENTE ""ASI""";13
PUERTO BOYACA;Jesus Antonio Idarraga Moreno;PARTIDO VERDE OXÍGENO;13
PUERTO BOYACA;Nury Ramirez Garcia;PARTIDO POLÍTICO GENTE EN MOVIMIENTO;13
PUERTO BOYACA;Luis Felipe Hurtado Otalora;"PARTIDO ALIANZA SOCIAL INDEPENDIENTE ""ASI""";12
PUERTO BOYACA;Paola Andrea Galindo Velasquez;PARTIDO LIBERAL COLOMBIANO;12
PUERTO BOYACA;Flor Maria Valdes Lopez;PARTIDO ALIANZA VERDE;11
PUERTO BOYACA;Guillermo Leon Hernandez Garcia;PARTIDO ECOLOGISTA COLOMBIANO;11
PUERTO BOYACA;Maria Camila Corrales Rojas;PARTIDO CENTRO DEMOCRÁTICO;11
PUERTO BOYACA;Maria Ladys Valencia Manjarres;PARTIDO COLOMBIA RENACIENTE;11
PUERTO BOYACA;Ana Milena Montañez Ramirez;PARTIDO CAMBIO RADICAL;10
PUERTO BOYACA;Heber Suarez Vega;PARTIDO CONSERVADOR COLOMBIANO;10
PUERTO BOYACA;Hilda Caicedo Martinez;PARTIDO POLÍTICO GENTE EN MOVIMIENTO;10
PUERTO BOYACA;Jeiman Whalter Mahecha Ramirez;PARTIDO ECOLOGISTA COLOMBIANO;10
PUERTO BOYACA;Laura Jimena Monsalve Herrera;PARTIDO CENTRO DEMOCRÁTICO;10
PUERTO BOYACA;Olga Lucia Londoño Cruz;PARTIDO DE LA U Y EL PARTIDO POLITICO MIRA;10
PUERTO BOYACA;Rodolfo Mur Vergara;PARTIDO POLÍTICO GENTE EN MOVIMIENTO;10
PUERTO BOYACA;Hermes Marin Cardona;NUEVA FUERZA DEMOCRÁTICA;9
PUERTO BOYACA;Nadia Melida Reyes Quintana;PARTIDO ECOLOGISTA COLOMBIANO;9
PUERTO BOYACA;Nidyired Garcia Rios;PARTIDO DE LA U Y EL PARTIDO POLITICO MIRA;9
PUERTO BOYACA;Ana Consuelo Guerrero Vega;"MOVIMIENTO AUTORIDADES INDÍGENAS DE COLOMBIA ""AICO""";8
PUERTO BOYACA;Diana Alejandra Pinzon Castillo;PARTIDO DE LA U Y EL PARTIDO POLITICO MIRA;8
PUERTO BOYACA;Elkin Emilio Velasquez Zora;PARTIDO CENTRO DEMOCRÁTICO;8
PUERTO BOYACA;Fausto Martin Blanco Torres;PARTIDO NUEVO LIBERALISMO;8
PUERTO BOYACA;Manuela Vega Molina;"PARTIDO ALIANZA SOCIAL INDEPENDIENTE ""ASI""";8
PUERTO BOYACA;Partido Político Gente En Movimiento;PARTIDO POLÍTICO GENTE EN MOVIMIENTO;8
PUERTO BOYACA;Sandra Patricia Sabogal Carrillo;"PARTIDO ALIANZA SOCIAL INDEPENDIENTE ""ASI""";8
PUERTO BOYACA;Yeimy Janeth Aramburo Urrego;PARTIDO CONSERVADOR COLOMBIANO;8
PUERTO BOYACA;Yirleny Johana Garcia Cruz;NUEVA FUERZA DEMOCRÁTICA;8
PUERTO BOYACA;Clara Yesmen Mendez Guerra;PARTIDO COLOMBIA RENACIENTE;7
PUERTO BOYACA;Jean Carlos Alfonso Londoño;"PARTIDO ALIANZA SOCIAL INDEPENDIENTE ""ASI""";7
PUERTO BOYACA;Katherine Gallego Guarin;PARTIDO ECOLOGISTA COLOMBIANO;7
PUERTO BOYACA;Odilse Quintero Rendon;PARTIDO CONSERVADOR COLOMBIANO;7
PUERTO BOYACA;Sandy Paola Anzola Ordoñez;PARTIDO CENTRO DEMOCRÁTICO;7
PUERTO BOYACA;Agustin Lopez Ariza;PARTIDO NUEVO LIBERALISMO;6
PUERTO BOYACA;Julian Stiven Valencia Olaya;PARTIDO ECOLOGISTA COLOMBIANO;6
PUERTO BOYACA;Robinson Serna Velez;PARTIDO ECOLOGISTA COLOMBIANO;6
PUERTO BOYACA;Victor Alexander Morales Galindo;PARTIDO NUEVO LIBERALISMO;6
PUERTO BOYACA;Christian Camilo Cantillo Teuta;PARTIDO DE LA U Y EL PARTIDO POLITICO MIRA;5
PUERTO BOYACA;Manuel Antonio Castillo Aguirre;PARTIDO ECOLOGISTA COLOMBIANO;5
PUERTO BOYACA;Pablo Emilio Camargo Ceballos;PARTIDO NUEVO LIBERALISMO;5
PUERTO BOYACA;Jesus David Gonzalez Lozano;PARTIDO POLÍTICO DIGNIDAD & COMPROMISO;4
PUERTO BOYACA;Marinely Ciro Largo;"PARTIDO ALIANZA SOCIAL INDEPENDIENTE ""ASI""";4
PUERTO BOYACA;Pedro Nel Galeano Mejia;PARTIDO CONSERVADOR COLOMBIANO;4
PUERTO BOYACA;Dora Cecilia Nuñez Cantero;PARTIDO DE LA U Y EL PARTIDO POLITICO MIRA;3
PUERTO BOYACA;Herminso De Jesus Moreno Alvarez;PARTIDO NUEVO LIBERALISMO;3
PUERTO BOYACA;Lucila Gamboa Correa;PARTIDO NUEVO LIBERALISMO;3
PUERTO BOYACA;Nancy Tatiana Restrepo Salgado;PARTIDO DE LA U Y EL PARTIDO POLITICO MIRA;3
PUERTO BOYACA;Rafael Antonio Bustamante Cruz;PARTIDO POLÍTICO GENTE EN MOVIMIENTO;3
PUERTO BOYACA;Yenny Julieth Gallego Guarin;PARTIDO ECOLOGISTA COLOMBIANO;3
PUERTO BOYACA;Yina Marcela Bueno Parada;NUEVA FUERZA DEMOCRÁTICA;3
PUERTO BOYACA;Carmen Elena Martinez Escobar;PARTIDO POLÍTICO GENTE EN MOVIMIENTO;2
PUERTO BOYACA;Fabio Serrano Rua;PARTIDO NUEVO LIBERALISMO;2
PUERTO BOYACA;Helber Alape Romero;PARTIDO ECOLOGISTA COLOMBIANO;2
PUERTO BOYACA;Humberto Ulloa;PARTIDO COLOMBIA RENACIENTE;2
PUERTO BOYACA;Jesus Leonardo Buitrago Vega;NUEVA FUERZA DEMOCRÁTICA;2
PUERTO BOYACA;John Jairo Rivillas Pulgarin;"MOVIMIENTO AUTORIDADES INDÍGENAS DE COLOMBIA ""AICO""";2
PUERTO BOYACA;Jose Antonio Rozo Giraldo;PARTIDO POLÍTICO GENTE EN MOVIMIENTO;2
PUERTO BOYACA;Libia Marina Espitia De Martinez;PARTIDO POLÍTICO GENTE EN MOVIMIENTO;2
PUERTO BOYACA;Lina Mercedes Montes Mosquera;MOVIMIENTO SALVACIÓN NACIONAL;2
PUERTO BOYACA;Luis Alfonso Velez Bohorquez;PARTIDO ECOLOGISTA COLOMBIANO;2
PUERTO BOYACA;Martha Evidalia Galeon Salas;PARTIDO NUEVO LIBERALISMO;2
PUERTO BOYACA;Camilo Eduardo Sanchez Medina;PARTIDO POLÍTICO GENTE EN MOVIMIENTO;1
PUERTO BOYACA;Claudia Yazmin Triana Cardenas;PARTIDO NUEVO LIBERALISMO;1
PUERTO BOYACA;Deyanira Caro Rojas;PARTIDO ECOLOGISTA COLOMBIANO;1
PUERTO BOYACA;Elvis Darwing Martinez Arguello;PARTIDO POLÍTICO GENTE EN MOVIMIENTO;1
PUERTO BOYACA;Luis Felipe Camargo Ceballos;PARTIDO POLÍTICO GENTE EN MOVIMIENTO;1
PUERTO BOYACA;Natalia Sanchez Escalante;PARTIDO NUEVO LIBERALISMO;1
PUERTO BOYACA;Valeria Rodas Montoya;NUEVA FUERZA DEMOCRÁTICA;1
QUIPAMA;Elverarnoldo Triana Calvo;PARTIDO LIBERAL COLOMBIANO;278
QUIPAMA;Eduar Andres Anzola Puertas;PARTIDO LIBERAL COLOMBIANO;170
QUIPAMA;"Movimiento Alternativo Indígena Y Social ""Mais""";"MOVIMIENTO ALTERNATIVO INDÍGENA Y SOCIAL ""MAIS""";166
QUIPAMA;Brayam Augusto Castelblanco Bustos;"MOVIMIENTO ALTERNATIVO INDÍGENA Y SOCIAL ""MAIS""";157
QUIPAMA;Orlando Orjuela Bustos;PARTIDO CENTRO DEMOCRÁTICO;157
QUIPAMA;Over Hernando Briceño Castro;PARTIDO CONSERVADOR COLOMBIANO;157
QUIPAMA;Carlos Francisco Cardenas Torres;PARTIDO CAMBIO RADICAL;141
QUIPAMA;Edgar Hernan Moron Triana;PARTIDO ALIANZA VERDE;130
QUIPAMA;Blanca Cecilia Ordoñez Galindo;PARTIDO ALIANZA VERDE;128
QUIPAMA;Luz Herminda Navarrete Vargas;PARTIDO VERDE OXÍGENO;128
QUIPAMA;Gabriel Salamanca Salamanca;PARTIDO CAMBIO RADICAL;110
QUIPAMA;Jose Omar Diaz Bolaños;PARTIDO LIBERAL COLOMBIANO;110
QUIPAMA;Maria Patricia Carrillo Bravo;PARTIDO ALIANZA VERDE;110
QUIPAMA;Jose Anderson Jimenez Leon;PARTIDO ALIANZA VERDE;109
QUIPAMA;Jose Perez;PARTIDO ALIANZA VERDE;89
QUIPAMA;Alexander Gamboa Hueso;PARTIDO CONSERVADOR COLOMBIANO;81
QUIPAMA;Aldemar Castillo Romero;PARTIDO CAMBIO RADICAL;79
QUIPAMA;Cristian Alejandro Bustos Riveros;PARTIDO CENTRO DEMOCRÁTICO;79
QUIPAMA;Elisabet Rodriguez Saldaña;PARTIDO ALIANZA VERDE;76
QUIPAMA;Jose Diomedes Perez Espejo;PARTIDO CAMBIO RADICAL;66
QUIPAMA;Wildon Dionso Delgado Florido;PARTIDO LIBERAL COLOMBIANO;65
QUIPAMA;Jose Miguel Sanchez Basallo;PARTIDO VERDE OXÍGENO;57
QUIPAMA;Maria Biyi Alvarado Barrera;PARTIDO CAMBIO RADICAL;53
QUIPAMA;John Federico Beltran;PARTIDO LIBERAL COLOMBIANO;52
QUIPAMA;Heidy Paola Marin Ruiz;PARTIDO VERDE OXÍGENO;50
QUIPAMA;Alonso Palacios Calvera;PARTIDO ALIANZA VERDE;42
QUIPAMA;Omar Augusto Alvarez;PARTIDO DE LA UNIÓN POR LA GENTE - PARTIDO DE LA U;40
QUIPAMA;Nicolas Tellez Valencia;PARTIDO CONSERVADOR COLOMBIANO;39
QUIPAMA;Carely Andrea Molina Rodriguez;PARTIDO CONSERVADOR COLOMBIANO;38
QUIPAMA;Jose De Jesus Triana Ordoñez;PARTIDO CENTRO DEMOCRÁTICO;37
QUIPAMA;Carlos Jose Martinez;"MOVIMIENTO ALTERNATIVO INDÍGENA Y SOCIAL ""MAIS""";36
QUIPAMA;Joselin Vargas Monroy;"MOVIMIENTO ALTERNATIVO INDÍGENA Y SOCIAL ""MAIS""";32
QUIPAMA;Angie Dayana Reyes;"MOVIMIENTO ALTERNATIVO INDÍGENA Y SOCIAL ""MAIS""";29
QUIPAMA;Raul Yovanny Anzola Jimenez;PARTIDO CONSERVADOR COLOMBIANO;28
QUIPAMA;Maria Edilma Vega Paez;PARTIDO CAMBIO RADICAL;27
QUIPAMA;Partido Alianza Verde;PARTIDO ALIANZA VERDE;22
QUIPAMA;Irene Diaz Rubiano;PARTIDO CONSERVADOR COLOMBIANO;20
QUIPAMA;Ismaelina Rojas Espinoza;PARTIDO ALIANZA VERDE;18
QUIPAMA;Mayra Andrea Solis Lopez;PARTIDO DE LA UNIÓN POR LA GENTE - PARTIDO DE LA U;18
QUIPAMA;Fanor Herney Florido;PARTIDO ALIANZA VERDE;16
QUIPAMA;Partido Liberal Colombiano;PARTIDO LIBERAL COLOMBIANO;16
QUIPAMA;Rafael Antonio Gil Escobar;PARTIDO DE LA UNIÓN POR LA GENTE - PARTIDO DE LA U;15
QUIPAMA;Hector Eduardo Albarracin Suarez;PARTIDO CENTRO DEMOCRÁTICO;12
QUIPAMA;Partido Polo Democrático Alternativo;PARTIDO POLO DEMOCRÁTICO ALTERNATIVO;12
QUIPAMA;Partido Verde Oxígeno;PARTIDO VERDE OXÍGENO;11
QUIPAMA;Yuri Rubiela Castillo Vega;PARTIDO CONSERVADOR COLOMBIANO;11
QUIPAMA;Carlos Andres Orjuela Cañon;PARTIDO DE LA UNIÓN POR LA GENTE - PARTIDO DE LA U;10
QUIPAMA;Partido Centro Democrático;PARTIDO CENTRO DEMOCRÁTICO;10
QUIPAMA;Edder Abaunza Arevalo;PARTIDO VERDE OXÍGENO;9
QUIPAMA;Geimar Vega Montero;PARTIDO DE LA UNIÓN POR LA GENTE - PARTIDO DE LA U;9
QUIPAMA;Marlon Duvan Puertas Rogeles;"MOVIMIENTO ALTERNATIVO INDÍGENA Y SOCIAL ""MAIS""";9
QUIPAMA;Partido De La Unión Por La Gente - Partido De La U;PARTIDO DE LA UNIÓN POR LA GENTE - PARTIDO DE LA U;9
QUIPAMA;Yanneth Martinez Lara;"MOVIMIENTO ALTERNATIVO INDÍGENA Y SOCIAL ""MAIS""";8
QUIPAMA;Luz Adriana Torres Leon;PARTIDO LIBERAL COLOMBIANO;7
QUIPAMA;Partido Cambio Radical;PARTIDO CAMBIO RADICAL;7
QUIPAMA;Wilson Esteban Anzola;PARTIDO VERDE OXÍGENO;7
QUIPAMA;Partido Conservador Colombiano;PARTIDO CONSERVADOR COLOMBIANO;6
QUIPAMA;Sandra Yirley Bernal Hoyos;PARTIDO CENTRO DEMOCRÁTICO;6
QUIPAMA;Yeisson Andres Angulo Buitrago;PARTIDO CENTRO DEMOCRÁTICO;5
QUIPAMA;Angela Susana Sanchez;PARTIDO CENTRO DEMOCRÁTICO;4
QUIPAMA;Willington Medina Rincon;"MOVIMIENTO ALTERNATIVO INDÍGENA Y SOCIAL ""MAIS""";4
QUIPAMA;Asbleidy Solangie Almonacid Diaz;PARTIDO LIBERAL COLOMBIANO;3
QUIPAMA;Clara Celmira Beltran Hueso;PARTIDO LIBERAL COLOMBIANO;3
QUIPAMA;Dana Gabriela Escarraga Riveros;PARTIDO CENTRO DEMOCRÁTICO;3
QUIPAMA;Elizabeth Real Latorre;PARTIDO CAMBIO RADICAL;3
QUIPAMA;Juana Valentina Gonzalez Marin;PARTIDO LIBERAL COLOMBIANO;3
QUIPAMA;Edison Leonardo Triana Saenz;PARTIDO CENTRO DEMOCRÁTICO;2
QUIPAMA;Juan Diego Villanueva Beltran;PARTIDO VERDE OXÍGENO;2
QUIPAMA;Marisol Marin Merchan;"MOVIMIENTO ALTERNATIVO INDÍGENA Y SOCIAL ""MAIS""";2
QUIPAMA;Cristian David Acuña Bustos;PARTIDO CONSERVADOR COLOMBIANO;1
QUIPAMA;Flor Yanira Acero Diaz;PARTIDO DE LA UNIÓN POR LA GENTE - PARTIDO DE LA U;1
RAMIRIQUI;Andres Camilo Avila Mendoza;"MOVIMIENTO ALTERNATIVO INDÍGENA Y SOCIAL ""MAIS""";332
RAMIRIQUI;Jonathan Rene Borda Silva;"MOVIMIENTO ALTERNATIVO INDÍGENA Y SOCIAL ""MAIS""";298
RAMIRIQUI;Jose Rodrigo Mendoza Rincon;PARTIDO CONSERVADOR COLOMBIANO;293
RAMIRIQUI;Cristian Eduardo Guerrero Paez;PARTIDO LIBERAL COLOMBIANO;276
RAMIRIQUI;Lyda Maireth Cuervo Gamba;PARTIDO ALIANZA VERDE;259
RAMIRIQUI;Juan Ernesto Gomez Vargas;PARTIDO CAMBIO RADICAL;250
RAMIRIQUI;Uriel Alexander Sosa Caro;PARTIDO LIBERAL COLOMBIANO;249
RAMIRIQUI;Jose Humberto Ramos Pulido;PARTIDO CONSERVADOR COLOMBIANO;248
RAMIRIQUI;Fredy Andres Soler Moreno;PARTIDO ALIANZA VERDE;243
RAMIRIQUI;Sandra Patricia Molina Avendano;AGRUPACIÓN POLÍTICA EN MARCHA;238
RAMIRIQUI;Jose Manuel Ulloa Sanabria;PARTIDO CAMBIO RADICAL;228
RAMIRIQUI;Mauricio Cuervo Ruiz;PARTIDO LIBERAL COLOMBIANO;212
RAMIRIQUI;Edgar Bernardo Bonilla Avila;PARTIDO ALIANZA VERDE;198
RAMIRIQUI;Alexander Cepeda Garcia;PARTIDO CONSERVADOR COLOMBIANO;193
RAMIRIQUI;Movimiento Político Colombia Humana;MOVIMIENTO POLÍTICO COLOMBIA HUMANA;154
RAMIRIQUI;Pedro Pablo Parra Pulido;PARTIDO ALIANZA VERDE;148
RAMIRIQUI;Jose Raul Muñoz Olarte;PARTIDO LIBERAL COLOMBIANO;147
RAMIRIQUI;Simon Alvehiro Torres Arias;"MOVIMIENTO ALTERNATIVO INDÍGENA Y SOCIAL ""MAIS""";141
RAMIRIQUI;Martha Yaned Cristancho Cifuentes;AGRUPACIÓN POLÍTICA EN MARCHA;137
RAMIRIQUI;Wilder Ernesto Pulido Mendoza;PARTIDO CONSERVADOR COLOMBIANO;136
RAMIRIQUI;Andres Felipe Chavez Contreras;PARTIDO CAMBIO RADICAL;115
RAMIRIQUI;Carlos Mauricio Gomez Parra;AGRUPACIÓN POLÍTICA EN MARCHA;115
RAMIRIQUI;Victor Alonso Cruz Pulido;PARTIDO LIBERAL COLOMBIANO;108
RAMIRIQUI;Lindaura Parra Pulido;PARTIDO LIBERAL COLOMBIANO;102
RAMIRIQUI;Oscar Velandia Salamanca;PARTIDO LIBERAL COLOMBIANO;102
RAMIRIQUI;Diego Fernando Fonseca Torres;AGRUPACIÓN POLÍTICA EN MARCHA;95
RAMIRIQUI;Jose Dario Moreno Buitrago;PARTIDO ALIANZA VERDE;93
RAMIRIQUI;Independientes;INDEPENDIENTES;92
RAMIRIQUI;Yeny Eliceth Vargas Cruz;PARTIDO ALIANZA VERDE;86
RAMIRIQUI;Anderson Cruz Ulloa;"MOVIMIENTO ALTERNATIVO INDÍGENA Y SOCIAL ""MAIS""";83
RAMIRIQUI;Cindy Lorena Olarte Jimenez;PARTIDO CAMBIO RADICAL;82
RAMIRIQUI;Marco Aurelio Arias Parra;PARTIDO CONSERVADOR COLOMBIANO;70
RAMIRIQUI;Jose Miguel Torres Lopez;PARTIDO ALIANZA VERDE;67
RAMIRIQUI;Juan De Jesus Parra Talero;AGRUPACIÓN POLÍTICA EN MARCHA;66
RAMIRIQUI;Carlos Avila Vargas;PARTIDO CAMBIO RADICAL;64
RAMIRIQUI;Juan Pablo Arias Doza;AGRUPACIÓN POLÍTICA EN MARCHA;62
RAMIRIQUI;Gerlei Pulido Vargas;PARTIDO CAMBIO RADICAL;61
RAMIRIQUI;Oscar Javier Arias Valbuena;"MOVIMIENTO ALTERNATIVO INDÍGENA Y SOCIAL ""MAIS""";61
RAMIRIQUI;Jose Danilo Muñoz Junco;PARTIDO ALIANZA VERDE;49
RAMIRIQUI;Agustin Gaona Gaona;PARTIDO CONSERVADOR COLOMBIANO;44
RAMIRIQUI;Ferney Alexander Vicentes;PARTIDO CAMBIO RADICAL;42
RAMIRIQUI;Partido Liberal Colombiano;PARTIDO LIBERAL COLOMBIANO;34
RAMIRIQUI;Partido Alianza Verde;PARTIDO ALIANZA VERDE;32
RAMIRIQUI;Partido Conservador Colombiano;PARTIDO CONSERVADOR COLOMBIANO;32
RAMIRIQUI;Yesica Ruiz Cristancho;"MOVIMIENTO ALTERNATIVO INDÍGENA Y SOCIAL ""MAIS""";32
RAMIRIQUI;Plinio Alfonso Parra Vega;PARTIDO CONSERVADOR COLOMBIANO;30
RAMIRIQUI;Angie Alejandra Toro Sanabria;PARTIDO LIBERAL COLOMBIANO;25
RAMIRIQUI;"Movimiento Alternativo Indígena Y Social ""Mais""";"MOVIMIENTO ALTERNATIVO INDÍGENA Y SOCIAL ""MAIS""";25
RAMIRIQUI;Nohora Milena Rincon Salamanca;PARTIDO CONSERVADOR COLOMBIANO;24
RAMIRIQUI;Carmen Julio Rivera Rincon;AGRUPACIÓN POLÍTICA EN MARCHA;19
RAMIRIQUI;Maritza Alejandra Ramos Morales;PARTIDO CONSERVADOR COLOMBIANO;18
RAMIRIQUI;Yulieth Katherine Ramirez Soler;PARTIDO ALIANZA VERDE;18
RAMIRIQUI;Juan Pablo Olarte Moreno;PARTIDO CAMBIO RADICAL;17
RAMIRIQUI;Partido Cambio Radical;PARTIDO CAMBIO RADICAL;17
RAMIRIQUI;Adriana Lucia Parra Ruiz;"MOVIMIENTO ALTERNATIVO INDÍGENA Y SOCIAL ""MAIS""";16
RAMIRIQUI;Lina Maria Soler Ramos;PARTIDO LIBERAL COLOMBIANO;15
RAMIRIQUI;Maria Jose Vargas Vargas;PARTIDO CONSERVADOR COLOMBIANO;14
RAMIRIQUI;"Partido Unión Patriótica ""Up""";"PARTIDO UNIÓN PATRIÓTICA ""UP""";14
RAMIRIQUI;Leidy Alexandra Espinosa Plazas;AGRUPACIÓN POLÍTICA EN MARCHA;13
RAMIRIQUI;Jennyfer Katerine Sainea Reyes;PARTIDO CAMBIO RADICAL;12
RAMIRIQUI;Agrupación Política En Marcha;AGRUPACIÓN POLÍTICA EN MARCHA;11
RAMIRIQUI;Monica Liliana Pulido Ulloa;PARTIDO CONSERVADOR COLOMBIANO;8
RAMIRIQUI;Roberto Carlos Cruz Vargas;"PARTIDO UNIÓN PATRIÓTICA ""UP""";8
RAMIRIQUI;Hector Raul Gomez Cruz;"MOVIMIENTO ALTERNATIVO INDÍGENA Y SOCIAL ""MAIS""";7
RAMIRIQUI;Julia Anita Talero Buitrago;PARTIDO LIBERAL COLOMBIANO;7
RAMIRIQUI;Nedys Elisa Perez Navas;"MOVIMIENTO ALTERNATIVO INDÍGENA Y SOCIAL ""MAIS""";7
RAMIRIQUI;"Partido Alianza Social Independiente ""Asi""";"PARTIDO ALIANZA SOCIAL INDEPENDIENTE ""ASI""";7
RAMIRIQUI;Yenifer Alejandra Pardo Marquez;"PARTIDO ALIANZA SOCIAL INDEPENDIENTE ""ASI""";7
RAMIRIQUI;Kevin Sneyder Ramos Galindo;"MOVIMIENTO ALTERNATIVO INDÍGENA Y SOCIAL ""MAIS""";6
RAMIRIQUI;Leidy Vanessa Vanegas Clavijo;PARTIDO CAMBIO RADICAL;6
RAMIRIQUI;Yeimmy Paola Parada Jimenez;"MOVIMIENTO ALTERNATIVO INDÍGENA Y SOCIAL ""MAIS""";6
RAMIRIQUI;Andrea Nataly Acosta Marquez;"PARTIDO ALIANZA SOCIAL INDEPENDIENTE ""ASI""";5
RAMIRIQUI;Yefersson Miguel Cuadros Garcia;"PARTIDO ALIANZA SOCIAL INDEPENDIENTE ""ASI""";2
RAMIRIQUI;Jose Alfredo Torres Bautista;"PARTIDO ALIANZA SOCIAL INDEPENDIENTE ""ASI""";1
RAMIRIQUI;Nelson Eduardo Parra Gaona;AGRUPACIÓN POLÍTICA EN MARCHA;1
RAQUIRA;Luz Marina Chacon Parra;PARTIDO CAMBIO RADICAL;187
RAQUIRA;Jose Adriano Mendieta Vargas;PARTIDO POLÍTICO DIGNIDAD & COMPROMISO;176
RAQUIRA;Wilmer Ferney Cardenas Casas;PARTIDO ALIANZA VERDE;158
RAQUIRA;Carlos Agustin Valbuena Rodriguez;PARTIDO CAMBIO RADICAL;143
RAQUIRA;Nubia Aracely Vargas Bojaca;PARTIDO ALIANZA VERDE;140
RAQUIRA;Leydi Yulieth Forero Cardenas;PARTIDO CAMBIO RADICAL;115
RAQUIRA;Mirian Londoño Muñoz;PARTIDO CAMBIO RADICAL;115
RAQUIRA;Pedro Javier Casas Casas;PARTIDO DE LA UNIÓN POR LA GENTE - PARTIDO DE LA U;112
RAQUIRA;Claudia Marcela Diaz Quintero;PARTIDO DE LA UNIÓN POR LA GENTE - PARTIDO DE LA U;108
RAQUIRA;Jose Omar Florez Roncancio;PARTIDO POLÍTICO DIGNIDAD & COMPROMISO;106
RAQUIRA;Octavio Forero Cardenas;PARTIDO LIBERAL COLOMBIANO;106
RAQUIRA;Hernan Dario Arevalo Sierra;PARTIDO CAMBIO RADICAL;105
RAQUIRA;Ivan Dario Castillo Rodriguez;PARTIDO DE LA UNIÓN POR LA GENTE - PARTIDO DE LA U;103
RAQUIRA;Samuel Cardenas Verdugo;PARTIDO CAMBIO RADICAL;103
RAQUIRA;Erika Andrea Castillo Aguilar;PARTIDO CENTRO DEMOCRÁTICO;102
RAQUIRA;Robinzon Mauricio Melo Rios;PARTIDO CONSERVADOR COLOMBIANO;90
RAQUIRA;Arturo Aguilar Gomez;PARTIDO LIBERAL COLOMBIANO;87
RAQUIRA;Fabio Eliberto Sierra Rodriguez;PARTIDO POLÍTICO DIGNIDAD & COMPROMISO;86
RAQUIRA;Dino Vargas Rubiano;PARTIDO CAMBIO RADICAL;83
RAQUIRA;Fabio Fernando Castillo Sierra;PARTIDO ALIANZA VERDE;83
RAQUIRA;Julio Tomas Melo Martinez;PARTIDO ALIANZA VERDE;81
RAQUIRA;Luis Eduardo Murcia Castellanos;PARTIDO LIBERAL COLOMBIANO;79
RAQUIRA;Hector Daniel Martinez Arevalo;PARTIDO ALIANZA VERDE;73
RAQUIRA;Maurix Valero Casas;PARTIDO POLÍTICO DIGNIDAD & COMPROMISO;73
RAQUIRA;Armando Molina Rodriguez;PARTIDO LIBERAL COLOMBIANO;71
RAQUIRA;Jenny Paola Vargas Valbuena;PARTIDO DE LA UNIÓN POR LA GENTE - PARTIDO DE LA U;69
RAQUIRA;Lalo Ventura Melo;PARTIDO CONSERVADOR COLOMBIANO;69
RAQUIRA;Edison Arley Lancheros Fandiño;PARTIDO POLÍTICO DIGNIDAD & COMPROMISO;63
RAQUIRA;William Alexander Riaño Peralta;PARTIDO CAMBIO RADICAL;63
RAQUIRA;Ruben Sierra Mendieta;PARTIDO CONSERVADOR COLOMBIANO;60
RAQUIRA;Miguel Angel Mendieta Gonzalez;PARTIDO CONSERVADOR COLOMBIANO;58
RAQUIRA;Andres Felipe Castillo Baptista;PARTIDO DE LA UNIÓN POR LA GENTE - PARTIDO DE LA U;56
RAQUIRA;Wilfer Bautista Jerez;PARTIDO LIBERAL COLOMBIANO;55
RAQUIRA;Blanca Lilia Avila Quiroga;PARTIDO CONSERVADOR COLOMBIANO;54
RAQUIRA;Sebastian David Ruiz Buitrago;PARTIDO LIBERAL COLOMBIANO;50
RAQUIRA;Yeens Oniyer Liberato Ruiz;PARTIDO CAMBIO RADICAL;50
RAQUIRA;Nancy Maricela Osorio Casas;PARTIDO ALIANZA VERDE;46
RAQUIRA;Luz Helena Ruiz Suazo;PARTIDO POLÍTICO DIGNIDAD & COMPROMISO;43
RAQUIRA;Tito Rodriguez Buitrago;PARTIDO CENTRO DEMOCRÁTICO;41
RAQUIRA;Jose Efren Sierra Romero;PARTIDO DE LA UNIÓN POR LA GENTE - PARTIDO DE LA U;35
RAQUIRA;Blanca Nubia Reyes Galeano;PARTIDO CENTRO DEMOCRÁTICO;32
RAQUIRA;Dilsa Fernanda Dorado Sierra;PARTIDO DE LA UNIÓN POR LA GENTE - PARTIDO DE LA U;32
RAQUIRA;Cesar Augusto Rodriguez Buitrago;PARTIDO LIBERAL COLOMBIANO;31
RAQUIRA;Gloria Pablina Sierra Casas;PARTIDO LIBERAL COLOMBIANO;31
RAQUIRA;Marleny Bautista Varela;PARTIDO CAMBIO RADICAL;30
RAQUIRA;Jose Gustavo Mendieta;PARTIDO CENTRO DEMOCRÁTICO;29
RAQUIRA;Juliana Lopez Valeriano;PARTIDO POLÍTICO DIGNIDAD & COMPROMISO;28
RAQUIRA;Maria Del Carmen Herrera Amezquita;PARTIDO POLÍTICO DIGNIDAD & COMPROMISO;28
RAQUIRA;Edelmira Sierra Castiblanco;PARTIDO DE LA UNIÓN POR LA GENTE - PARTIDO DE LA U;25
RAQUIRA;Isnardo Mauricio Murcia Nova;PARTIDO ALIANZA VERDE;25
RAQUIRA;Partido Alianza Verde;PARTIDO ALIANZA VERDE;25
RAQUIRA;Carlos Jacinto Gonzalez Vela;PARTIDO CONSERVADOR COLOMBIANO;23
RAQUIRA;Cesar Rodriguez Alba;PARTIDO DE LA UNIÓN POR LA GENTE - PARTIDO DE LA U;23
RAQUIRA;Julio Cesar Botia Veloza;PARTIDO DE LA UNIÓN POR LA GENTE - PARTIDO DE LA U;23
RAQUIRA;Carlos Eduardo Sierra Casas;PARTIDO DE LA UNIÓN POR LA GENTE - PARTIDO DE LA U;22
RAQUIRA;John Jairo Rodriguez Buitrago;PARTIDO POLÍTICO DIGNIDAD & COMPROMISO;21
RAQUIRA;Jose Tomas Escallon Avila;PARTIDO CAMBIO RADICAL;19
RAQUIRA;Margarita Castellanos Vargas;PARTIDO ALIANZA VERDE;19
RAQUIRA;Partido Cambio Radical;PARTIDO CAMBIO RADICAL;19
RAQUIRA;Partido De La Unión Por La Gente - Partido De La U;PARTIDO DE LA UNIÓN POR LA GENTE - PARTIDO DE LA U;19
RAQUIRA;Nataly Charito Murcia Carreño;PARTIDO ALIANZA VERDE;17
RAQUIRA;Partido Centro Democrático;PARTIDO CENTRO DEMOCRÁTICO;14
RAQUIRA;Jesus Orlando Lancheros Valbuena;PARTIDO ALIANZA VERDE;12
RAQUIRA;Diana Carolina Gutierrez Correa;PARTIDO CONSERVADOR COLOMBIANO;9
RAQUIRA;Leydy Johana Sanchez Tivasoza;PARTIDO CONSERVADOR COLOMBIANO;9
RAQUIRA;Partido Político Dignidad & Compromiso;PARTIDO POLÍTICO DIGNIDAD & COMPROMISO;9
RAQUIRA;Luz Marina Vargas;PARTIDO LIBERAL COLOMBIANO;8
RAQUIRA;Partido Liberal Colombiano;PARTIDO LIBERAL COLOMBIANO;8
RAQUIRA;Romulo De Jesus Zuluaga Duque;PARTIDO CENTRO DEMOCRÁTICO;6
RAQUIRA;Partido Conservador Colombiano;PARTIDO CONSERVADOR COLOMBIANO;4
RAQUIRA;Carlos Julio Suarez Leon;PARTIDO CENTRO DEMOCRÁTICO;1
RAQUIRA;Yeny Paola Rico Melo;PARTIDO LIBERAL COLOMBIANO;1
RONDON;Julio German Reyes Barahona;"PARTIDO ALIANZA SOCIAL INDEPENDIENTE ""ASI""";196
RONDON;Wilinton Ramirez Aguirre;PARTIDO DE LA UNIÓN POR LA GENTE - PARTIDO DE LA U;186
RONDON;Cesar Alberto Alvarez Cuervo;PARTIDO ALIANZA VERDE;154
RONDON;Michael Andres Romero Hernandez;"PARTIDO ALIANZA SOCIAL INDEPENDIENTE ""ASI""";144
RONDON;David Mendoza Patiño;PARTIDO ALIANZA VERDE;139
RONDON;Jose Quintiliano Cuadros Sanabria;"PARTIDO ALIANZA SOCIAL INDEPENDIENTE ""ASI""";131
RONDON;Hernan Jose Alba Galindo;PARTIDO CAMBIO RADICAL;123
RONDON;Angel Osvaldo Gomez Rojas;PARTIDO ALIANZA VERDE;116
RONDON;Rutbel Angel Arias Avila;PARTIDO CAMBIO RADICAL;107
RONDON;Hildebrando Vargas;PARTIDO DE LA UNIÓN POR LA GENTE - PARTIDO DE LA U;100
RONDON;Sonia Esmeralda Moreno Sanabria;PARTIDO ALIANZA VERDE;90
RONDON;Dagoberto Arias Caro;PARTIDO CAMBIO RADICAL;69
RONDON;Astrid Rocio Vargas Ojeda;PARTIDO DE LA UNIÓN POR LA GENTE - PARTIDO DE LA U;49
RONDON;Deisy Astrid Ojeda Parada;"PARTIDO ALIANZA SOCIAL INDEPENDIENTE ""ASI""";49
RONDON;Astrid Carolina Vargas Chavez;PARTIDO DE LA UNIÓN POR LA GENTE - PARTIDO DE LA U;34
RONDON;Victor Alfonso Velasquez Caro;"PARTIDO ALIANZA SOCIAL INDEPENDIENTE ""ASI""";28
RONDON;Jhon Jairo Soler Soler;PARTIDO ALIANZA VERDE;24
RONDON;Deyer Julian Reyes Vargas;"MOVIMIENTO ALTERNATIVO INDÍGENA Y SOCIAL ""MAIS""";17
RONDON;Isai Espinosa Moreno;PARTIDO DE LA UNIÓN POR LA GENTE - PARTIDO DE LA U;16
RONDON;Lirian Irene Avila Duarte;"PARTIDO ALIANZA SOCIAL INDEPENDIENTE ""ASI""";16
RONDON;Luisa Enira Arias Mendoza;PARTIDO ALIANZA VERDE;11
RONDON;Luz Estela Perez Perez;"PARTIDO ALIANZA SOCIAL INDEPENDIENTE ""ASI""";9
RONDON;Nancy Liliana Velasquez Reyes;PARTIDO CAMBIO RADICAL;5
RONDON;"Partido Alianza Social Independiente ""Asi""";"PARTIDO ALIANZA SOCIAL INDEPENDIENTE ""ASI""";4
RONDON;Partido De La Unión Por La Gente - Partido De La U;PARTIDO DE LA UNIÓN POR LA GENTE - PARTIDO DE LA U;4
RONDON;Deysy Alexandra Sanabria Barajas;PARTIDO CAMBIO RADICAL;2
RONDON;Partido Alianza Verde;PARTIDO ALIANZA VERDE;2
RONDON;Partido Cambio Radical;PARTIDO CAMBIO RADICAL;1
SABOYA;Leidy Elizabeth Castellanos Villamil;PARTIDO ALIANZA VERDE;463
SABOYA;Yeison Yarley Ortiz Torres;PARTIDO DE LA UNIÓN POR LA GENTE - PARTIDO DE LA U;386
SABOYA;Cristian Fernando Avila Peña;PARTIDO ALIANZA VERDE;366
SABOYA;Heimar Alberto Sotelo Salgado;PARTIDO ALIANZA VERDE;297
SABOYA;Henry Alexander Gonzalez Burgos;"PARTIDO ALIANZA SOCIAL INDEPENDIENTE ""ASI""";297
SABOYA;Jorge Armando Roncancio;PARTIDO DE LA UNIÓN POR LA GENTE - PARTIDO DE LA U;278
SABOYA;Jorge Enrique Castellanos Castellanos;PARTIDO CONSERVADOR COLOMBIANO;230
SABOYA;Jose Mauricio Arias Vargas;PARTIDO ALIANZA VERDE;216
SABOYA;Braulio David Villamil Rodriguez;PARTIDO CONSERVADOR COLOMBIANO;210
SABOYA;Luis Eduardo Suarez;PARTIDO CONSERVADOR COLOMBIANO;206
SABOYA;Julio Arnaldo Alarcon Nino;PARTIDO VERDE OXÍGENO;187
SABOYA;Martha Isabel Suarez Ortiz;PARTIDO DE LA UNIÓN POR LA GENTE - PARTIDO DE LA U;180
SABOYA;Angel Norbey Castellanos Suarez;PARTIDO VERDE OXÍGENO;174
SABOYA;Einar Steven Pachon Velandia;PARTIDO ALIANZA VERDE;173
SABOYA;Natalia Suarez Rojas;PARTIDO LIBERAL COLOMBIANO;172
SABOYA;Luis Dagoberto Ramos Hernandez;PARTIDO CAMBIO RADICAL;171
SABOYA;Luisa Fernanda Ballesteros Casas;PARTIDO CONSERVADOR COLOMBIANO;166
SABOYA;Floro De Jesus Combita Mendez;PARTIDO LIBERAL COLOMBIANO;161
SABOYA;Julian Sanchez Torres;PARTIDO CONSERVADOR COLOMBIANO;153
SABOYA;Jerson Hernan Cubides Garcia;PARTIDO CAMBIO RADICAL;150
SABOYA;Lindon Jonson Gamboa Sotelo;PARTIDO CAMBIO RADICAL;146
SABOYA;Gabriel Vicente Castellanos Castellanos;PARTIDO ALIANZA VERDE;141
SABOYA;Jeymy Albeiro Pineda Varela;PARTIDO VERDE OXÍGENO;137
SABOYA;Juan Carlos Rodriguez Gonzalez;PARTIDO LIBERAL COLOMBIANO;134
SABOYA;Jose Angel Maria Laiton Avila;PARTIDO LIBERAL COLOMBIANO;131
SABOYA;Erika Fernanda Gonzalez Puentes;PARTIDO CONSERVADOR COLOMBIANO;113
SABOYA;Omar Eduardo Ortiz Olarte;PARTIDO LIBERAL COLOMBIANO;112
SABOYA;Edwar Orlando Salinas Burgos;PARTIDO CAMBIO RADICAL;104
SABOYA;Juan Damaso Sanchez Villamil;PARTIDO DE LA UNIÓN POR LA GENTE - PARTIDO DE LA U;90
SABOYA;Edgar Javier Martinez Castellanos;PARTIDO VERDE OXÍGENO;86
SABOYA;Cirle Natali Casas Casas;PARTIDO ALIANZA VERDE;81
SABOYA;Silvio Aristobulo Burgos Rojas;PARTIDO CONSERVADOR COLOMBIANO;80
SABOYA;Doraida Avila Garcia;PARTIDO DE LA UNIÓN POR LA GENTE - PARTIDO DE LA U;79
SABOYA;Victor Manuel Alvarado Poveda;PARTIDO VERDE OXÍGENO;78
SABOYA;Karen Daniela Martinez Sanchez;PARTIDO ALIANZA VERDE;77
SABOYA;Nelcy Liliana Ruge Castellanos;PARTIDO ALIANZA VERDE;77
SABOYA;Dylan Yesid Garcia Poveda;PARTIDO ALIANZA VERDE;73
SABOYA;Jaime Uriel Garcia Sarmiento;"PARTIDO ALIANZA SOCIAL INDEPENDIENTE ""ASI""";71
SABOYA;Jorge Armando Puentes Avila;PARTIDO DE LA UNIÓN POR LA GENTE - PARTIDO DE LA U;63
SABOYA;Ismael Peña Castellanos;PARTIDO VERDE OXÍGENO;61
SABOYA;Partido Alianza Verde;PARTIDO ALIANZA VERDE;61
SABOYA;Partido Conservador Colombiano;PARTIDO CONSERVADOR COLOMBIANO;58
SABOYA;Sandra Gabriela Castiblanco Villamil;PARTIDO CONSERVADOR COLOMBIANO;56
SABOYA;Tirso Alonso Arias Rodriguez;PARTIDO ALIANZA VERDE;54
SABOYA;Mauricio Alexander Sotelo Salgado;PARTIDO LIBERAL COLOMBIANO;48
SABOYA;Yessica Johana Sanchez Alfonso;"PARTIDO ALIANZA SOCIAL INDEPENDIENTE ""ASI""";47
SABOYA;Braulio Hernando Peña Rodriguez;PARTIDO CAMBIO RADICAL;46
SABOYA;Maicol Alexis Fajardo Rodriguez;PARTIDO LIBERAL COLOMBIANO;45
SABOYA;Jonathan Ignacio Sanchez Sanchez;PARTIDO CONSERVADOR COLOMBIANO;43
SABOYA;Jorge Eliecer Bruno Aparicio;PARTIDO VERDE OXÍGENO;43
SABOYA;July Marcela Ruge Ruge;PARTIDO LIBERAL COLOMBIANO;42
SABOYA;Omayra Catalina Becerra Poveda;PARTIDO VERDE OXÍGENO;38
SABOYA;Jesus Armando Castellanos Castellanos;PARTIDO CAMBIO RADICAL;36
SABOYA;Sandra Yoana Sanchez Villamil;PARTIDO CONSERVADOR COLOMBIANO;33
SABOYA;Adin Carol Voitila Sierra Poveda;"PARTIDO ALIANZA SOCIAL INDEPENDIENTE ""ASI""";31
SABOYA;Luis Hernando Gonzalez Peña;PARTIDO LIBERAL COLOMBIANO;30
SABOYA;Nuvia Esperanza Sanchez Villamil;PARTIDO VERDE OXÍGENO;30
SABOYA;Luz Marina Villamil Rojas;PARTIDO DE LA UNIÓN POR LA GENTE - PARTIDO DE LA U;29
SABOYA;Partido De La Unión Por La Gente - Partido De La U;PARTIDO DE LA UNIÓN POR LA GENTE - PARTIDO DE LA U;27
SABOYA;Hector Jairo Sanchez Martinez;PARTIDO CONSERVADOR COLOMBIANO;26
SABOYA;Ligia Esperanza Rincon Valderrama;"PARTIDO ALIANZA SOCIAL INDEPENDIENTE ""ASI""";26
SABOYA;Partido Liberal Colombiano;PARTIDO LIBERAL COLOMBIANO;26
SABOYA;Carlos Andres Valero;"PARTIDO ALIANZA SOCIAL INDEPENDIENTE ""ASI""";25
SABOYA;Sandra Diaz Vargas;PARTIDO LIBERAL COLOMBIANO;19
SABOYA;Yennifer Yulieth Romero Ruge;"PARTIDO ALIANZA SOCIAL INDEPENDIENTE ""ASI""";18
SABOYA;Partido Cambio Radical;PARTIDO CAMBIO RADICAL;17
SABOYA;Sandra Patricia Garzon Bernal;PARTIDO VERDE OXÍGENO;17
SABOYA;Angel Roberto Ortiz Roncancio;"PARTIDO ALIANZA SOCIAL INDEPENDIENTE ""ASI""";16
SABOYA;Partido Verde Oxígeno;PARTIDO VERDE OXÍGENO;15
SABOYA;"Partido Alianza Social Independiente ""Asi""";"PARTIDO ALIANZA SOCIAL INDEPENDIENTE ""ASI""";14
SABOYA;Zaida Milena Gonzalez Castellanos;PARTIDO LIBERAL COLOMBIANO;13
SABOYA;Andrea Liliana Solano Pacheco;PARTIDO CAMBIO RADICAL;9
SABOYA;Segundo Manuel Sotelo Fajardo;"PARTIDO ALIANZA SOCIAL INDEPENDIENTE ""ASI""";9
SABOYA;Liliana Suarez Avila;PARTIDO CAMBIO RADICAL;8
SABOYA;Mary Luz Paez Castellanos;PARTIDO DE LA UNIÓN POR LA GENTE - PARTIDO DE LA U;7
SABOYA;Alexander Sanchez Villamil;PARTIDO DE LA UNIÓN POR LA GENTE - PARTIDO DE LA U;5
SABOYA;Jorge Emerio Valbuena Casas;"PARTIDO ALIANZA SOCIAL INDEPENDIENTE ""ASI""";4
SABOYA;Luis Albeiro Poveda Martinez;PARTIDO CAMBIO RADICAL;3
SABOYA;Jose Ignacio Sanchez;PARTIDO DE LA UNIÓN POR LA GENTE - PARTIDO DE LA U;2
SABOYA;Aracely Sotelo Sanchez;PARTIDO CAMBIO RADICAL;1
SACHICA;Yaddy Carolina Saba Lopez;PARTIDO DE LA UNIÓN POR LA GENTE - PARTIDO DE LA U;213
SACHICA;Cristian Camilo Pardo Castellanos;PARTIDO LIBERAL COLOMBIANO;195
SACHICA;David Fernando Galindo Velandia;PARTIDO DE LA UNIÓN POR LA GENTE - PARTIDO DE LA U;177
SACHICA;Campo Alvercio Alba Torres;"MOVIMIENTO ALTERNATIVO INDÍGENA Y SOCIAL ""MAIS""";134
SACHICA;Evelin Yuleidy Cabezas Ordoñez;PARTIDO CENTRO DEMOCRATICO-PARTIDO POLITICO MIRA;131
SACHICA;Daniel Ferney Duran Yagama;INDEPENDIENTES;102
SACHICA;David Alirio Duran Corredor;PARTIDO CENTRO DEMOCRATICO-PARTIDO POLITICO MIRA;102
SACHICA;Giovanni Pardo Cuadrado;PARTIDO LIBERAL COLOMBIANO;101
SACHICA;Raul Humberto Duran Yagama;AGRUPACIÓN POLÍTICA EN MARCHA;101
SACHICA;Sindy Paola Amado Niño;PARTIDO LIBERAL COLOMBIANO;100
SACHICA;Ivan Dario Cuadrado Lopez;PARTIDO ALIANZA VERDE;99
SACHICA;Wady Emir Medina Nova;AGRUPACIÓN POLÍTICA EN MARCHA;96
SACHICA;Alfredo Quintero Amado;PARTIDO CAMBIO RADICAL;94
SACHICA;Luis Alejandro Corredor Pardo;"PARTIDO ALIANZA SOCIAL INDEPENDIENTE ""ASI""";93
SACHICA;Jose Isnardo Gil Vargas;PARTIDO LIBERAL COLOMBIANO;85
SACHICA;Juan Esteban Torres Sierra;PARTIDO CENTRO DEMOCRATICO-PARTIDO POLITICO MIRA;83
SACHICA;Ivan Daniel Jerez Duran;PARTIDO CAMBIO RADICAL;64
SACHICA;Jorge Enrique Monroy Sierra;PARTIDO LIBERAL COLOMBIANO;62
SACHICA;Maria Luz Herminda Jerez Heredia;AGRUPACIÓN POLÍTICA EN MARCHA;62
SACHICA;Yeisson Javier Sierra Jerez;"MOVIMIENTO ALTERNATIVO INDÍGENA Y SOCIAL ""MAIS""";57
SACHICA;Partido Nuevo Liberalismo;PARTIDO NUEVO LIBERALISMO;54
SACHICA;Yeison Rolando Hurtado Espitia;PARTIDO CAMBIO RADICAL;54
SACHICA;Diana Marcela Nova Sierra;INDEPENDIENTES;53
SACHICA;Diego Oswaldo Corredor Yagama;"PARTIDO ALIANZA SOCIAL INDEPENDIENTE ""ASI""";48
SACHICA;Jairo Reyes Pardo;AGRUPACIÓN POLÍTICA EN MARCHA;47
SACHICA;Oscar Javier Sierra Sanchez;"MOVIMIENTO ALTERNATIVO INDÍGENA Y SOCIAL ""MAIS""";47
SACHICA;Jorge Misael Ortiz Parra;"MOVIMIENTO ALTERNATIVO INDÍGENA Y SOCIAL ""MAIS""";46
SACHICA;Yuleidy Esperanza Reyes Reyes;PARTIDO DE LA UNIÓN POR LA GENTE - PARTIDO DE LA U;43
SACHICA;Luz Myriam Duran;MOVIMIENTO SALVACIÓN NACIONAL;40
SACHICA;Juan Antonio Vargas Corredor;"PARTIDO ALIANZA SOCIAL INDEPENDIENTE ""ASI""";39
SACHICA;Carlos Aldrubal Torres Corredor;"PARTIDO ALIANZA SOCIAL INDEPENDIENTE ""ASI""";38
SACHICA;Jose Alexander Sierra Fajardo;PARTIDO DE LA UNIÓN POR LA GENTE - PARTIDO DE LA U;38
SACHICA;Partido Liberal Colombiano;PARTIDO LIBERAL COLOMBIANO;36
SACHICA;Luis Ernesto Neira Reyes;PARTIDO ALIANZA VERDE;33
SACHICA;Yudy Amparo Pardo Vega;"PARTIDO ALIANZA SOCIAL INDEPENDIENTE ""ASI""";33
SACHICA;Jose Alirio Soledad Martinez;PARTIDO CAMBIO RADICAL;32
SACHICA;Carlos Alberto Amado Sierra;PARTIDO DE LA UNIÓN POR LA GENTE - PARTIDO DE LA U;29
SACHICA;Luis Henry Corredor Plazas;PARTIDO ALIANZA VERDE;28
SACHICA;Diana Mireya Lopez Torres;PARTIDO ALIANZA VERDE;26
SACHICA;Astrid Esperanza Medina Sierra;PARTIDO DE LA UNIÓN POR LA GENTE - PARTIDO DE LA U;25
SACHICA;Doris Reyes Pardo;INDEPENDIENTES;25
SACHICA;Laura Cristina Reyes Cuadrado;INDEPENDIENTES;25
SACHICA;Carlos Alberto Pardo Virguez;AGRUPACIÓN POLÍTICA EN MARCHA;23
SACHICA;Yalith Adriana Holguin Rodriguez;MOVIMIENTO SALVACIÓN NACIONAL;23
SACHICA;Paula Andrea Sierra Sierra;PARTIDO CAMBIO RADICAL;21
SACHICA;Olga Marina Pinzon Galindo;AGRUPACIÓN POLÍTICA EN MARCHA;20
SACHICA;Rosa Angelica Yagama Yagama;"PARTIDO ALIANZA SOCIAL INDEPENDIENTE ""ASI""";20
SACHICA;Sirleyht Cenaida Sepulveda Espinosa;"MOVIMIENTO ALTERNATIVO INDÍGENA Y SOCIAL ""MAIS""";20
SACHICA;Rudy Katerine Corredor Yagama;AGRUPACIÓN POLÍTICA EN MARCHA;19
SACHICA;Yeimy Yohana Torres Camargo;"MOVIMIENTO ALTERNATIVO INDÍGENA Y SOCIAL ""MAIS""";19
SACHICA;Zaira Liliana Heredia Duran;PARTIDO ALIANZA VERDE;18
SACHICA;Carmen Cecilia Castellanos Jerez;PARTIDO CAMBIO RADICAL;17
SACHICA;Jose Angel Alba Torres;MOVIMIENTO SALVACIÓN NACIONAL;17
SACHICA;Ana Mileide Monroy Cuadrado;PARTIDO CAMBIO RADICAL;16
SACHICA;Juana Valentina Sandoval Vargas;PARTIDO DE LA UNIÓN POR LA GENTE - PARTIDO DE LA U;16
SACHICA;Monica Sierra Villamil;PARTIDO LIBERAL COLOMBIANO;15
SACHICA;Yesid Osbaldo Nieto Rojas;INDEPENDIENTES;15
SACHICA;Partido Cambio Radical;PARTIDO CAMBIO RADICAL;13
SACHICA;Clodosindo Jerez Fajardo;MOVIMIENTO SALVACIÓN NACIONAL;12
SACHICA;Karol Lizeth Paez Galindo;PARTIDO CENTRO DEMOCRATICO-PARTIDO POLITICO MIRA;12
SACHICA;Luis Alfredo Reyes Gutierrez;PARTIDO CENTRO DEMOCRATICO-PARTIDO POLITICO MIRA;12
SACHICA;"Partido Alianza Social Independiente ""Asi""";"PARTIDO ALIANZA SOCIAL INDEPENDIENTE ""ASI""";12
SACHICA;Partido Centro Democratico-Partido Politico Mira;PARTIDO CENTRO DEMOCRATICO-PARTIDO POLITICO MIRA;12
SACHICA;Partido De La Unión Por La Gente - Partido De La U;PARTIDO DE LA UNIÓN POR LA GENTE - PARTIDO DE LA U;12
SACHICA;"Movimiento Alternativo Indígena Y Social ""Mais""";"MOVIMIENTO ALTERNATIVO INDÍGENA Y SOCIAL ""MAIS""";10
SACHICA;Partido Alianza Verde;PARTIDO ALIANZA VERDE;10
SACHICA;Wilmer Andres Gomez;MOVIMIENTO SALVACIÓN NACIONAL;10
SACHICA;Jorge Eduardo Becerra Fonseca;PARTIDO ALIANZA VERDE;9
SACHICA;Agrupación Política En Marcha;AGRUPACIÓN POLÍTICA EN MARCHA;6
SACHICA;Deisy Yohana Buitrago Espitia;PARTIDO LIBERAL COLOMBIANO;5
SACHICA;Independientes;INDEPENDIENTES;3
SACHICA;Juan Olegario Saba Olibella;INDEPENDIENTES;2
SACHICA;Movimiento  Salvación Nacional;MOVIMIENTO SALVACIÓN NACIONAL;2
SAMACA;Ivan Jose Fonseca Cardenas;PARTIDO CAMBIO RADICAL;667
SAMACA;Sergio Camilo Cruz Montañez;PARTIDO LIBERAL COLOMBIANO;525
SAMACA;Jose Ricardo Sierra Castillo;PARTIDO LIBERAL COLOMBIANO;374
SAMACA;Victor Manuel Firacative Buitrago;PARTIDO CAMBIO RADICAL;349
SAMACA;Carlos Neiza Hornero;PARTIDO LIBERAL COLOMBIANO;343
SAMACA;Carlos Yebrayn Sierra Saavedra;PARTIDO CAMBIO RADICAL;314
SAMACA;Juan Camilo Gil Duarte;COALICION PARTIDO DE LA U -PARTIDO POLITICO MIRA;314
SAMACA;Javier Buitrago Rodriguez;"MOVIMIENTO ALTERNATIVO INDÍGENA Y SOCIAL ""MAIS""";279
SAMACA;Carlos Orlando Castiblanco Vega;PARTIDO CONSERVADOR COLOMBIANO;267
SAMACA;Sergio Alexander Lancheros Buitrago;COALICION PARTIDO DE LA U -PARTIDO POLITICO MIRA;263
SAMACA;Claudia Marcela Parra Rodriguez;PARTIDO ALIANZA VERDE;239
SAMACA;Gina Rubiela Rodriguez Gil;"MOVIMIENTO ALTERNATIVO INDÍGENA Y SOCIAL ""MAIS""";235
SAMACA;Ruben Dario Buitrago Sanchez;COALICION PARTIDO DE LA U -PARTIDO POLITICO MIRA;234
SAMACA;Erlin Yoan La Rotta Betancourt;"PARTIDO ALIANZA SOCIAL INDEPENDIENTE ""ASI""";231
SAMACA;Pablo Andres Cely Cardenas;"PARTIDO ALIANZA SOCIAL INDEPENDIENTE ""ASI""";214
SAMACA;Ivan Dario Muñoz Parra;PARTIDO CONSERVADOR COLOMBIANO;199
SAMACA;Yenny Esperanza Sierra Gil;PARTIDO CONSERVADOR COLOMBIANO;189
SAMACA;Edwin Gaby Galindo Ojeda;PARTIDO ALIANZA VERDE;182
SAMACA;Santiago Javier Sanchez Rojas;PARTIDO LIBERAL COLOMBIANO;181
SAMACA;Jhon Alexander Ramirez Rativa;PARTIDO LIBERAL COLOMBIANO;173
SAMACA;Juan Carlos Rodriguez Rojas;"PARTIDO ALIANZA SOCIAL INDEPENDIENTE ""ASI""";173
SAMACA;Baltazar Jerez Amado;"MOVIMIENTO ALTERNATIVO INDÍGENA Y SOCIAL ""MAIS""";170
SAMACA;Luis Carlos Pineda Vargas;PARTIDO ALIANZA VERDE;148
SAMACA;Yudi Yohana Rodriguez Junco;PARTIDO LIBERAL COLOMBIANO;148
SAMACA;Nestor Mauricio Buitrago Castillo;"MOVIMIENTO ALTERNATIVO INDÍGENA Y SOCIAL ""MAIS""";145
SAMACA;Danilo Leon Jimenez;PARTIDO ALIANZA VERDE;138
SAMACA;Jose Santos Gil Sierra;COALICION PARTIDO DE LA U -PARTIDO POLITICO MIRA;137
SAMACA;Gustavo Parra;PARTIDO COLOMBIA RENACIENTE;130
SAMACA;Helber Antonio Castiblanco Romero;"PARTIDO ALIANZA SOCIAL INDEPENDIENTE ""ASI""";126
SAMACA;Alfonso Vargas Rodriguez;PARTIDO CAMBIO RADICAL;121
SAMACA;Gloria Omaira Lopez Rodriguez;PARTIDO ALIANZA VERDE;114
SAMACA;Raul Rodriguez;PARTIDO ALIANZA VERDE;114
SAMACA;Marlon Alexander Lancheros Turca;PARTIDO CAMBIO RADICAL;111
SAMACA;Jairo Atara Parra;PARTIDO LIBERAL COLOMBIANO;109
SAMACA;Mauricio Ramirez Ramirez;"MOVIMIENTO ALTERNATIVO INDÍGENA Y SOCIAL ""MAIS""";102
SAMACA;Wilson Escobar Cruz;PARTIDO CAMBIO RADICAL;94
SAMACA;Luis Anibal Quiroga Betancourt;"MOVIMIENTO ALTERNATIVO INDÍGENA Y SOCIAL ""MAIS""";91
SAMACA;German Rodriguez Cruz;PARTIDO ALIANZA VERDE;90
SAMACA;Erika Jasmin Lopez Castiblanco;"PARTIDO ALIANZA SOCIAL INDEPENDIENTE ""ASI""";89
SAMACA;Abelardo Rivera Muñoz;PARTIDO CAMBIO RADICAL;86
SAMACA;Oscar Uriel Castiblanco Sierra;PARTIDO VERDE OXÍGENO;86
SAMACA;Ana Herminia Matamoros Castro;COALICION PARTIDO DE LA U -PARTIDO POLITICO MIRA;85
SAMACA;Arcenio Espinosa Ruiz;PARTIDO VERDE OXÍGENO;85
SAMACA;Jairo Sierra Sierra;"PARTIDO ALIANZA SOCIAL INDEPENDIENTE ""ASI""";79
SAMACA;Luz Myriam Parra Niño;PARTIDO LIBERAL COLOMBIANO;78
SAMACA;Cristian Julian Martinez Castiblanco;COALICION PARTIDO DE LA U -PARTIDO POLITICO MIRA;77
SAMACA;Rafael Romero Sierra;"PARTIDO ALIANZA SOCIAL INDEPENDIENTE ""ASI""";71
SAMACA;Pedro Manuel Sanchez Torres;COALICION PARTIDO DE LA U -PARTIDO POLITICO MIRA;61
SAMACA;Partido Liberal Colombiano;PARTIDO LIBERAL COLOMBIANO;60
SAMACA;Pedro Matamoros Garcia;PARTIDO CONSERVADOR COLOMBIANO;59
SAMACA;Karen Lizeth Gomez Parra;PARTIDO ALIANZA VERDE;58
SAMACA;Luis Hernando Lopez Torres;PARTIDO ALIANZA VERDE;56
SAMACA;Evenide Camargo Cardenas;PARTIDO LIBERAL COLOMBIANO;55
SAMACA;Cristian Danilo Carlos Aponte;PARTIDO LIBERAL COLOMBIANO;52
SAMACA;Manuel Fernando Gil Betancourt;"PARTIDO ALIANZA SOCIAL INDEPENDIENTE ""ASI""";51
SAMACA;Jeidy Johanna Rodriguez Echeverria;PARTIDO COLOMBIA RENACIENTE;50
SAMACA;Laura Maria Chivata Manosalva;PARTIDO ALIANZA VERDE;48
SAMACA;Andrea Jeraldinne Grijalba Alvarado;PARTIDO CAMBIO RADICAL;46
SAMACA;Diana Hanyeli Pinzon Rodriguez;PARTIDO CAMBIO RADICAL;46
SAMACA;Partido Cambio Radical;PARTIDO CAMBIO RADICAL;46
SAMACA;Partido Alianza Verde;PARTIDO ALIANZA VERDE;44
SAMACA;Claudia Yael Parra Ramirez;"PARTIDO ALIANZA SOCIAL INDEPENDIENTE ""ASI""";43
SAMACA;Elder David Jerez Gil;PARTIDO CONSERVADOR COLOMBIANO;43
SAMACA;Claudia Esperanza Ramirez Galindo;PARTIDO CAMBIO RADICAL;40
SAMACA;"Movimiento Alternativo Indígena Y Social ""Mais""";"MOVIMIENTO ALTERNATIVO INDÍGENA Y SOCIAL ""MAIS""";38
SAMACA;Yeisson Camilo Buitrago Parra;"MOVIMIENTO ALTERNATIVO INDÍGENA Y SOCIAL ""MAIS""";38
SAMACA;William Camilo Sierra Buitrago;COALICION PARTIDO DE LA U -PARTIDO POLITICO MIRA;36
SAMACA;Liliana Paola Godoy Rincon;PARTIDO VERDE OXÍGENO;34
SAMACA;Luz Adriana Rios La Rotta;COALICION PARTIDO DE LA U -PARTIDO POLITICO MIRA;34
SAMACA;Coalicion Partido De La U -Partido Politico Mira;COALICION PARTIDO DE LA U -PARTIDO POLITICO MIRA;32
SAMACA;Laura Mayerly Aponte Rojas;"MOVIMIENTO ALTERNATIVO INDÍGENA Y SOCIAL ""MAIS""";32
SAMACA;Diana Fernanda Gil Gomez;PARTIDO CAMBIO RADICAL;31
SAMACA;Luis Guillermo Gonzalez Reyes;PARTIDO CONSERVADOR COLOMBIANO;31
SAMACA;Jorge Alirio Rodriguez Aponte;PARTIDO VERDE OXÍGENO;29
SAMACA;Angela Maria Rodriguez Parra;PARTIDO LIBERAL COLOMBIANO;27
SAMACA;Dilan Camilo Rativa Castiblanco;"MOVIMIENTO ALTERNATIVO INDÍGENA Y SOCIAL ""MAIS""";27
SAMACA;Luis Alberto Vargas Sierra;PARTIDO CONSERVADOR COLOMBIANO;27
SAMACA;Diana Marisol Martinez Lancheros;COALICION PARTIDO DE LA U -PARTIDO POLITICO MIRA;26
SAMACA;Carlos Agusto Rodriguez Cely;PARTIDO VERDE OXÍGENO;24
SAMACA;Flor Alba Rodriguez Lopez;PARTIDO COLOMBIA RENACIENTE;24
SAMACA;Fredy Fabian Sierra Suarez;PARTIDO VERDE OXÍGENO;22
SAMACA;"Partido Alianza Social Independiente ""Asi""";"PARTIDO ALIANZA SOCIAL INDEPENDIENTE ""ASI""";21
SAMACA;Diana Carolina Becerra Suescun;"MOVIMIENTO ALTERNATIVO INDÍGENA Y SOCIAL ""MAIS""";20
SAMACA;Ingrid Alejandra Alzate Rojas;"MOVIMIENTO ALTERNATIVO INDÍGENA Y SOCIAL ""MAIS""";18
SAMACA;Flor Elisa Ruiz Tobar;PARTIDO ALIANZA VERDE;17
SAMACA;Partido Conservador Colombiano;PARTIDO CONSERVADOR COLOMBIANO;16
SAMACA;Angie Lorena Rodriguez Vargas;"PARTIDO ALIANZA SOCIAL INDEPENDIENTE ""ASI""";15
SAMACA;Julio Roberto Atara Parra;PARTIDO VERDE OXÍGENO;14
SAMACA;Neidy Liliana Gil Rodriguez;PARTIDO COLOMBIA RENACIENTE;14
SAMACA;Sindy Mireya Martinez Gonzalez;PARTIDO VERDE OXÍGENO;13
SAMACA;Aida Lucero Morales Morales;COALICION PARTIDO DE LA U -PARTIDO POLITICO MIRA;12
SAMACA;Erika Rocio Forero Castillo;PARTIDO CONSERVADOR COLOMBIANO;10
SAMACA;Deisy Paola Rodriguez Pamplona;PARTIDO VERDE OXÍGENO;9
SAMACA;Andres Yobany Castellanos Jerez;PARTIDO COLOMBIA RENACIENTE;8
SAMACA;Edwin Alexander Callejas Higuera;PARTIDO COLOMBIA RENACIENTE;8
SAMACA;Partido Verde Oxígeno;PARTIDO VERDE OXÍGENO;8
SAMACA;Sandra Milena Espinosa Espinosa;PARTIDO COLOMBIA RENACIENTE;8
SAMACA;Partido Colombia Renaciente;PARTIDO COLOMBIA RENACIENTE;7
SAMACA;Enrique Arturo Cordoba Ortiz;PARTIDO CONSERVADOR COLOMBIANO;5
SAMACA;Miguel Angel Castiblanco Galvis;PARTIDO COLOMBIA RENACIENTE;4
SAMACA;Yulie Astrid Cely Gil;PARTIDO VERDE OXÍGENO;3
SAMACA;Martha Isabel Rodriguez Buitrago;PARTIDO COLOMBIA RENACIENTE;2
SAMACA;Jose Julio Rativa Chacon;PARTIDO VERDE OXÍGENO;1
SAMACA;Miguel Arcangel Betancour Cely;PARTIDO COLOMBIA RENACIENTE;1
SAN EDUARDO;Aquilino Lopez Bermudez;PARTIDO ALIANZA VERDE;105
SAN EDUARDO;Juan Carlos Sanchez;PARTIDO LIBERAL COLOMBIANO;73
SAN EDUARDO;Juan Sebastian Morales Santamaria;"MOVIMIENTO ALTERNATIVO INDÍGENA Y SOCIAL ""MAIS""";72
SAN EDUARDO;Fabio Jacinto Montaña Rodriguez;"MOVIMIENTO ALTERNATIVO INDÍGENA Y SOCIAL ""MAIS""";71
SAN EDUARDO;Zuly Yasmin Cano Saldaña;"MOVIMIENTO ALTERNATIVO INDÍGENA Y SOCIAL ""MAIS""";68
SAN EDUARDO;Miguel Angel Albarracin Rojas;PARTIDO LIBERAL COLOMBIANO;63
SAN EDUARDO;Fahir German Aguirre Morales;PARTIDO LIBERAL COLOMBIANO;62
SAN EDUARDO;Marco Tulio Parra Quintero;PARTIDO ALIANZA VERDE;59
SAN EDUARDO;Nelson Nope Rincon;PARTIDO ALIANZA VERDE;53
SAN EDUARDO;Robinson Julian Moreno Patarroyo;PARTIDO ALIANZA VERDE;46
SAN EDUARDO;Adriana Espitia Gaona;"MOVIMIENTO ALTERNATIVO INDÍGENA Y SOCIAL ""MAIS""";40
SAN EDUARDO;Marco Antonio Fernandez Cortes;"MOVIMIENTO ALTERNATIVO INDÍGENA Y SOCIAL ""MAIS""";36
SAN EDUARDO;Marlon Yesid Torres Luna;PARTIDO DE LA UNIÓN POR LA GENTE - PARTIDO DE LA U;36
SAN EDUARDO;Sandra Patricia Mahecha Castillo;PARTIDO DE LA UNIÓN POR LA GENTE - PARTIDO DE LA U;36
SAN EDUARDO;Maria Barbara Palacios Ovalle;PARTIDO ALIANZA VERDE;33
SAN EDUARDO;Miller Ferney Riaño Mendoza;PARTIDO CENTRO DEMOCRÁTICO;30
SAN EDUARDO;Nestor Alfonso Aponte;PARTIDO CENTRO DEMOCRÁTICO;29
SAN EDUARDO;Oscar Edilson Gutierrez Rojas;"MOVIMIENTO ALTERNATIVO INDÍGENA Y SOCIAL ""MAIS""";29
SAN EDUARDO;Flor Maria De Jesus Lopez Bohorquez;PARTIDO DE LA UNIÓN POR LA GENTE - PARTIDO DE LA U;28
SAN EDUARDO;Rosa Fernanda Garcia Bacca;PARTIDO LIBERAL COLOMBIANO;27
SAN EDUARDO;Ruby Slendy Leon Diaz;PARTIDO CENTRO DEMOCRÁTICO;27
SAN EDUARDO;Luis Efren Santamaria Nieves;PARTIDO LIBERAL COLOMBIANO;26
SAN EDUARDO;Sandra Julieth Roa Diaz;PARTIDO ALIANZA VERDE;26
SAN EDUARDO;Nohora Yanet Jimenez Bohorquez;PARTIDO CENTRO DEMOCRÁTICO;25
SAN EDUARDO;Maria Eugenia Bohorquez Castañeda;PARTIDO ALIANZA VERDE;24
SAN EDUARDO;Pedro Senen Guzman Galindo;PARTIDO DE LA UNIÓN POR LA GENTE - PARTIDO DE LA U;21
SAN EDUARDO;Maritza Martinez Acevedo;PARTIDO LIBERAL COLOMBIANO;20
SAN EDUARDO;Oscar Fernando Galindo Garcia;PARTIDO DE LA UNIÓN POR LA GENTE - PARTIDO DE LA U;20
SAN EDUARDO;Oswal Montejo Galindo;PARTIDO CENTRO DEMOCRÁTICO;20
SAN EDUARDO;Ruth Maria Carvajal Acevedo;PARTIDO DE LA UNIÓN POR LA GENTE - PARTIDO DE LA U;18
SAN EDUARDO;Diego Fernando Mora Cristancho;PARTIDO DE LA UNIÓN POR LA GENTE - PARTIDO DE LA U;14
SAN EDUARDO;Martha Yolanda Espitia Gaona;PARTIDO LIBERAL COLOMBIANO;9
SAN EDUARDO;Nancy Rubio Monroy;"MOVIMIENTO ALTERNATIVO INDÍGENA Y SOCIAL ""MAIS""";7
SAN EDUARDO;Partido Alianza Verde;PARTIDO ALIANZA VERDE;7
SAN EDUARDO;Partido De La Unión Por La Gente - Partido De La U;PARTIDO DE LA UNIÓN POR LA GENTE - PARTIDO DE LA U;4
SAN EDUARDO;Partido Demócrata Colombiano;PARTIDO DEMÓCRATA COLOMBIANO;4
SAN EDUARDO;Wilfredo Parra Mendoza;PARTIDO CENTRO DEMOCRÁTICO;4
SAN EDUARDO;Edgar Hildebrando Cano Gonzalez;PARTIDO DEMÓCRATA COLOMBIANO;3
SAN EDUARDO;"Movimiento Alternativo Indígena Y Social ""Mais""";"MOVIMIENTO ALTERNATIVO INDÍGENA Y SOCIAL ""MAIS""";3
SAN EDUARDO;Partido Liberal Colombiano;PARTIDO LIBERAL COLOMBIANO;3
SAN EDUARDO;Diana Marcela Rojas Suarez;PARTIDO CENTRO DEMOCRÁTICO;1
SAN EDUARDO;Partido Centro Democrático;PARTIDO CENTRO DEMOCRÁTICO;1
SAN JOSE DE PARE;Cesar Augusto Chacon Pinzon;PARTIDO LIBERAL COLOMBIANO;293
SAN JOSE DE PARE;Yamid Rivera Molina;PARTIDO CENTRO DEMOCRÁTICO;222
SAN JOSE DE PARE;Gelman Enrique Pinzon Aguilar;PARTIDO ALIANZA VERDE;218
SAN JOSE DE PARE;Jean Paul Pineda Mosquera;PARTIDO ALIANZA VERDE;191
SAN JOSE DE PARE;Nelson Melo Beltran;PARTIDO DE LA UNIÓN POR LA GENTE - PARTIDO DE LA U;173
SAN JOSE DE PARE;Hernan Gutierrez Lopez;PARTIDO ALIANZA VERDE;162
SAN JOSE DE PARE;Jose Heraclio Gonzalez Salas;PARTIDO LIBERAL COLOMBIANO;162
SAN JOSE DE PARE;Cesar Rojas Becerra;AGRUPACIÓN POLÍTICA EN MARCHA;159
SAN JOSE DE PARE;Rafael Segundo Campos Fino;PARTIDO LIBERAL COLOMBIANO;144
SAN JOSE DE PARE;Luis Alfonso Zuñiga Ariza;AGRUPACIÓN POLÍTICA EN MARCHA;121
SAN JOSE DE PARE;Elvis Oswaldo Suarez Guzman;"PARTIDO ALIANZA SOCIAL INDEPENDIENTE ""ASI""";116
SAN JOSE DE PARE;Luz Dari Zaraza Velasco;PARTIDO ALIANZA VERDE;104
SAN JOSE DE PARE;Pilar Rocio Hurtado Rodriguez;"MOVIMIENTO ALTERNATIVO INDÍGENA Y SOCIAL ""MAIS""";103
SAN JOSE DE PARE;Isaias Monroy Contreras;PARTIDO ALIANZA VERDE;102
SAN JOSE DE PARE;Alexander Saenz Lopez;PARTIDO LIBERAL COLOMBIANO;96
SAN JOSE DE PARE;Jose Telesforo Mejia Saavedra;PARTIDO LIBERAL COLOMBIANO;93
SAN JOSE DE PARE;Blanca Lucia Castañeda Garces;PARTIDO LIBERAL COLOMBIANO;90
SAN JOSE DE PARE;Moises Francisco Acero Mejia;"PARTIDO ALIANZA SOCIAL INDEPENDIENTE ""ASI""";84
SAN JOSE DE PARE;Ana Fulvia Pardo Gonzalez;PARTIDO ALIANZA VERDE;73
SAN JOSE DE PARE;Jorge Cepeda Rodriguez;PARTIDO NUEVO LIBERALISMO;71
SAN JOSE DE PARE;Ronald Javier Campos Quintero;PARTIDO ALIANZA VERDE;66
SAN JOSE DE PARE;Jose Ignacio Mateus Rivera;PARTIDO DE LA UNIÓN POR LA GENTE - PARTIDO DE LA U;65
SAN JOSE DE PARE;Mariela Guiza Farfan;PARTIDO ALIANZA VERDE;60
SAN JOSE DE PARE;Cristian Alberto Gonzalez Rivera;PARTIDO CENTRO DEMOCRÁTICO;57
SAN JOSE DE PARE;Jose Del Carmen Barrera Plazas;PARTIDO LIBERAL COLOMBIANO;57
SAN JOSE DE PARE;Jose Javier Chacon Castillo;PARTIDO ALIANZA VERDE;56
SAN JOSE DE PARE;Mauricio Guiza Guiza;AGRUPACIÓN POLÍTICA EN MARCHA;54
SAN JOSE DE PARE;Sirley Gamboa Pachon;"MOVIMIENTO ALTERNATIVO INDÍGENA Y SOCIAL ""MAIS""";53
SAN JOSE DE PARE;Partido Alianza Verde;PARTIDO ALIANZA VERDE;48
SAN JOSE DE PARE;Abinadab Pardo Suarez;PARTIDO CENTRO DEMOCRÁTICO;46
SAN JOSE DE PARE;Pedro Julian Camacho Rubiano;PARTIDO CENTRO DEMOCRÁTICO;43
SAN JOSE DE PARE;Gloria Maria Quintero Largo;PARTIDO NUEVO LIBERALISMO;40
SAN JOSE DE PARE;Geraldine Valderrama Agudelo;"MOVIMIENTO ALTERNATIVO INDÍGENA Y SOCIAL ""MAIS""";38
SAN JOSE DE PARE;Nelson David Hernandez Moreno;PARTIDO DE LA UNIÓN POR LA GENTE - PARTIDO DE LA U;38
SAN JOSE DE PARE;Miguel Alfonso Sotomonte Rojas;AGRUPACIÓN POLÍTICA EN MARCHA;32
SAN JOSE DE PARE;Luis Francisco Olarte Alcantar;PARTIDO DE LA UNIÓN POR LA GENTE - PARTIDO DE LA U;29
SAN JOSE DE PARE;Luz Mireya Gonzalez Ariza;PARTIDO NUEVO LIBERALISMO;28
SAN JOSE DE PARE;Carlos Enrique Agudelo Niño;"MOVIMIENTO ALTERNATIVO INDÍGENA Y SOCIAL ""MAIS""";24
SAN JOSE DE PARE;Israel Beltran Camargo;PARTIDO CENTRO DEMOCRÁTICO;23
SAN JOSE DE PARE;Marco Tulio Diaz Sanchez;PARTIDO NUEVO LIBERALISMO;20
SAN JOSE DE PARE;Partido Liberal Colombiano;PARTIDO LIBERAL COLOMBIANO;20
SAN JOSE DE PARE;Adriana Alexandra Estrada Becerra;"PARTIDO ALIANZA SOCIAL INDEPENDIENTE ""ASI""";19
SAN JOSE DE PARE;Derli Romero Fajardo;PARTIDO DE LA UNIÓN POR LA GENTE - PARTIDO DE LA U;19
SAN JOSE DE PARE;Yesenia Fajardo;PARTIDO LIBERAL COLOMBIANO;18
SAN JOSE DE PARE;Jorge Andres Rojas Forero;PARTIDO DE LA UNIÓN POR LA GENTE - PARTIDO DE LA U;17
SAN JOSE DE PARE;Danilo Alejandro Pinzon Suarez;AGRUPACIÓN POLÍTICA EN MARCHA;13
SAN JOSE DE PARE;Edgar Harvey Naranjo Bareño;"MOVIMIENTO ALTERNATIVO INDÍGENA Y SOCIAL ""MAIS""";12
SAN JOSE DE PARE;Partido Nuevo Liberalismo;PARTIDO NUEVO LIBERALISMO;12
SAN JOSE DE PARE;Claudia Rocio Monroy Sotomonte;PARTIDO LIBERAL COLOMBIANO;11
SAN JOSE DE PARE;Guillermo Alfonso Peña Lopez;"PARTIDO ALIANZA SOCIAL INDEPENDIENTE ""ASI""";11
SAN JOSE DE PARE;"Partido Alianza Social Independiente ""Asi""";"PARTIDO ALIANZA SOCIAL INDEPENDIENTE ""ASI""";9
SAN JOSE DE PARE;Partido De La Unión Por La Gente - Partido De La U;PARTIDO DE LA UNIÓN POR LA GENTE - PARTIDO DE LA U;9
SAN JOSE DE PARE;Partido Centro Democrático;PARTIDO CENTRO DEMOCRÁTICO;8
SAN JOSE DE PARE;Dumar Camacho Rivera;"MOVIMIENTO ALTERNATIVO INDÍGENA Y SOCIAL ""MAIS""";7
SAN JOSE DE PARE;"Movimiento Alternativo Indígena Y Social ""Mais""";"MOVIMIENTO ALTERNATIVO INDÍGENA Y SOCIAL ""MAIS""";7
SAN JOSE DE PARE;Yeni Gonzalez Peña;AGRUPACIÓN POLÍTICA EN MARCHA;7
SAN JOSE DE PARE;Alejandra Rodriguez Zarta;AGRUPACIÓN POLÍTICA EN MARCHA;6
SAN JOSE DE PARE;Diana Katherine Lopez Guzman;AGRUPACIÓN POLÍTICA EN MARCHA;6
SAN JOSE DE PARE;Alcira Rubiano Peña;PARTIDO DE LA UNIÓN POR LA GENTE - PARTIDO DE LA U;5
SAN JOSE DE PARE;Laudy Yulieth Suarez Diaz;"PARTIDO ALIANZA SOCIAL INDEPENDIENTE ""ASI""";5
SAN JOSE DE PARE;Marcelino Ruiz Gaona;AGRUPACIÓN POLÍTICA EN MARCHA;5
SAN JOSE DE PARE;Marleny Quiroz Camacho;PARTIDO CENTRO DEMOCRÁTICO;5
SAN JOSE DE PARE;Gina Paola Agudelo Cantor;PARTIDO DE LA UNIÓN POR LA GENTE - PARTIDO DE LA U;4
SAN JOSE DE PARE;Gustavo Rativa Reyes;PARTIDO CENTRO DEMOCRÁTICO;4
SAN JOSE DE PARE;Kevin Lezmes Russi;"MOVIMIENTO ALTERNATIVO INDÍGENA Y SOCIAL ""MAIS""";4
SAN JOSE DE PARE;Lisa Pamela Castro Reyes;PARTIDO CENTRO DEMOCRÁTICO;4
SAN JOSE DE PARE;Zuly Yanina Moreno Suarez;PARTIDO CENTRO DEMOCRÁTICO;3
SAN JOSE DE PARE;Agrupación Política En Marcha;AGRUPACIÓN POLÍTICA EN MARCHA;2
SAN JOSE DE PARE;Juan Sebastian Gonzalez Camargo;"PARTIDO ALIANZA SOCIAL INDEPENDIENTE ""ASI""";2
SAN LUIS DE GACENO;Hugo Yair Gutierrez Mondragon;PARTIDO ALIANZA VERDE;328
SAN LUIS DE GACENO;Mary Luz Gomez Jimenez;PARTIDO CONSERVADOR COLOMBIANO;284
SAN LUIS DE GACENO;Manuel Ginalbert Zarate Lopez;PARTIDO ALIANZA VERDE;207
SAN LUIS DE GACENO;Bernardino Fandiño Bermudez;PARTIDO CONSERVADOR COLOMBIANO;183
SAN LUIS DE GACENO;Jaime Heriberto Leon Salas;PARTIDO ALIANZA VERDE;151
SAN LUIS DE GACENO;Aureliano Avila;"PARTIDO ALIANZA SOCIAL INDEPENDIENTE ""ASI""";146
SAN LUIS DE GACENO;Eduard Alejandro Monroy Zamora;PARTIDO LIBERAL COLOMBIANO;141
SAN LUIS DE GACENO;Margarita Perilla Moreno;PARTIDO CONSERVADOR COLOMBIANO;130
SAN LUIS DE GACENO;Alexander Quiroga Rodriguez;PARTIDO DE LA UNIÓN POR LA GENTE - PARTIDO DE LA U;109
SAN LUIS DE GACENO;Maria Cristina Perilla Perilla;PARTIDO ALIANZA VERDE;106
SAN LUIS DE GACENO;German Rodriguez Casas;PARTIDO ALIANZA VERDE;100
SAN LUIS DE GACENO;Elsa Maria Alfonso Ovalle;PARTIDO ALIANZA VERDE;99
SAN LUIS DE GACENO;Ismael Morales Rojas;"PARTIDO ALIANZA SOCIAL INDEPENDIENTE ""ASI""";97
SAN LUIS DE GACENO;Juan Ramon Sanchez Alfonso;PARTIDO CONSERVADOR COLOMBIANO;97
SAN LUIS DE GACENO;Lyly Espinel Franco;PARTIDO LIBERAL COLOMBIANO;86
SAN LUIS DE GACENO;Nestor Narciso Ramirez Galindo;AGRUPACIÓN POLÍTICA EN MARCHA;85
SAN LUIS DE GACENO;Arnoldo Muñoz Ruiz;AGRUPACIÓN POLÍTICA EN MARCHA;73
SAN LUIS DE GACENO;Oscar Holguin Riapira;PARTIDO CONSERVADOR COLOMBIANO;70
SAN LUIS DE GACENO;Nofre Antonio Sanchez Bonilla;PARTIDO LIBERAL COLOMBIANO;64
SAN LUIS DE GACENO;Diana Carolina Velandia Arango;PARTIDO CONSERVADOR COLOMBIANO;62
SAN LUIS DE GACENO;Diyer Norbey Roa Dueñas;AGRUPACIÓN POLÍTICA EN MARCHA;60
SAN LUIS DE GACENO;Fernando Tolosa Medellin;PARTIDO DE LA UNIÓN POR LA GENTE - PARTIDO DE LA U;47
SAN LUIS DE GACENO;Mariluz Sanchez Lopez;PARTIDO DE LA UNIÓN POR LA GENTE - PARTIDO DE LA U;46
SAN LUIS DE GACENO;Rosa Zoila Mora Guerrero;PARTIDO CONSERVADOR COLOMBIANO;40
SAN LUIS DE GACENO;Juan Eliseo Diaz Vera;AGRUPACIÓN POLÍTICA EN MARCHA;37
SAN LUIS DE GACENO;Ariel Fernando Alfonso Rivera;PARTIDO ALIANZA VERDE;29
SAN LUIS DE GACENO;Carlos Fernando Maldonado Romero;PARTIDO CONSERVADOR COLOMBIANO;28
SAN LUIS DE GACENO;Maria Nelsy Moreno Lesmes;PARTIDO ALIANZA VERDE;26
SAN LUIS DE GACENO;Diego Fernando Forero Barrera;PARTIDO ALIANZA VERDE;20
SAN LUIS DE GACENO;Maria Eulalia Zarate Hernandez;PARTIDO LIBERAL COLOMBIANO;19
SAN LUIS DE GACENO;Tito Alvaro Martinez Rodriguez;PARTIDO DE LA UNIÓN POR LA GENTE - PARTIDO DE LA U;15
SAN LUIS DE GACENO;Juan Carlos Ovalle Perilla;PARTIDO LIBERAL COLOMBIANO;14
SAN LUIS DE GACENO;Miguel Andres Porras Sabogal;AGRUPACIÓN POLÍTICA EN MARCHA;11
SAN LUIS DE GACENO;Partido Conservador Colombiano;PARTIDO CONSERVADOR COLOMBIANO;10
SAN LUIS DE GACENO;Partido Alianza Verde;PARTIDO ALIANZA VERDE;9
SAN LUIS DE GACENO;Angela Yineth Mora Barrera;PARTIDO DE LA UNIÓN POR LA GENTE - PARTIDO DE LA U;5
SAN LUIS DE GACENO;Juan Felipe Zea Ruiz;PARTIDO DE LA UNIÓN POR LA GENTE - PARTIDO DE LA U;5
SAN LUIS DE GACENO;Partido Liberal Colombiano;PARTIDO LIBERAL COLOMBIANO;5
SAN LUIS DE GACENO;Franklin Jahir Mendoza Paez;AGRUPACIÓN POLÍTICA EN MARCHA;4
SAN LUIS DE GACENO;"Partido Alianza Social Independiente ""Asi""";"PARTIDO ALIANZA SOCIAL INDEPENDIENTE ""ASI""";4
SAN LUIS DE GACENO;Agrupación Política En Marcha;AGRUPACIÓN POLÍTICA EN MARCHA;3
SAN LUIS DE GACENO;Ana Mercedes Piñeros Ramos;AGRUPACIÓN POLÍTICA EN MARCHA;3
SAN LUIS DE GACENO;Flor Nidia Castañeda Guerrero;AGRUPACIÓN POLÍTICA EN MARCHA;3
SAN LUIS DE GACENO;Shirley Paola Piraquive Camacho;"PARTIDO ALIANZA SOCIAL INDEPENDIENTE ""ASI""";3
SAN LUIS DE GACENO;Partido De La Unión Por La Gente - Partido De La U;PARTIDO DE LA UNIÓN POR LA GENTE - PARTIDO DE LA U;2
SAN LUIS DE GACENO;Yuli Paola Tirado Pantoja;"PARTIDO ALIANZA SOCIAL INDEPENDIENTE ""ASI""";1
SAN MATEO;Eder Wilson Silva Gomez;PARTIDO CONSERVADOR COLOMBIANO;246
SAN MATEO;Sandra Milena Perez Gomez;PARTIDO CONSERVADOR COLOMBIANO;216
SAN MATEO;Eduviges Gallo Arias;PARTIDO ALIANZA VERDE;211
SAN MATEO;Yovany Ferney Rodriguez Barajas;PARTIDO CONSERVADOR COLOMBIANO;188
SAN MATEO;Anderson Alexander Hernandez Mariño;PARTIDO ALIANZA VERDE;175
SAN MATEO;Luis Rafael Jaime Carreño;PARTIDO CAMBIO RADICAL;150
SAN MATEO;Duqueiro Rincon Rojas;PARTIDO ALIANZA VERDE;146
SAN MATEO;Oliverio Mejia Ramirez;PARTIDO DE LA UNIÓN POR LA GENTE - PARTIDO DE LA U;138
SAN MATEO;Nestor Ivan Correa Patiño;PARTIDO CONSERVADOR COLOMBIANO;137
SAN MATEO;Domingo Tarazona Carreño;PARTIDO CENTRO DEMOCRÁTICO;135
SAN MATEO;Gabriel Burgos Vargas;PARTIDO CAMBIO RADICAL;128
SAN MATEO;Jose Joaquin Lopez Figueroa;PARTIDO CENTRO DEMOCRÁTICO;110
SAN MATEO;Rofer Alberto Moreno Tarazona;PARTIDO CONSERVADOR COLOMBIANO;110
SAN MATEO;Edilberto Cordon Mejia;PARTIDO CAMBIO RADICAL;107
SAN MATEO;Edgar Sepulveda Leguizamon;PARTIDO ALIANZA VERDE;46
SAN MATEO;Alba Lucia Davila Bonilla;PARTIDO ALIANZA VERDE;38
SAN MATEO;Cesar Augusto Rojas Tarazona;PARTIDO DE LA UNIÓN POR LA GENTE - PARTIDO DE LA U;35
SAN MATEO;Fabio Alexander Perez Burgos;PARTIDO CENTRO DEMOCRÁTICO;34
SAN MATEO;Maria De Jesus Carreño Burgos;PARTIDO CENTRO DEMOCRÁTICO;28
SAN MATEO;Julio Cesar Montejo Riaño;PARTIDO CAMBIO RADICAL;27
SAN MATEO;Maria Silvia Burgos Barrera;PARTIDO CONSERVADOR COLOMBIANO;27
SAN MATEO;Yamid Dario Velandia Barbosa;PARTIDO ALIANZA VERDE;21
SAN MATEO;Deisy Lorena Tarazona Benitez;PARTIDO CAMBIO RADICAL;20
SAN MATEO;Lizeth Tatiana Niño Monrroy;PARTIDO CAMBIO RADICAL;17
SAN MATEO;Partido Centro Democrático;PARTIDO CENTRO DEMOCRÁTICO;16
SAN MATEO;Ana Cecilia Galvis Bonilla;PARTIDO ALIANZA VERDE;14
SAN MATEO;Marlen Ortiz;PARTIDO CAMBIO RADICAL;14
SAN MATEO;Partido Alianza Verde;PARTIDO ALIANZA VERDE;13
SAN MATEO;Ludy Yanira Sua Ruiz;PARTIDO CONSERVADOR COLOMBIANO;11
SAN MATEO;Partido Conservador Colombiano;PARTIDO CONSERVADOR COLOMBIANO;11
SAN MATEO;Partido De La Unión Por La Gente - Partido De La U;PARTIDO DE LA UNIÓN POR LA GENTE - PARTIDO DE LA U;6
SAN MATEO;Angelica Jimena Espitia Quintero;PARTIDO CENTRO DEMOCRÁTICO;4
SAN MATEO;Jaisbeth Lewjthie Arango Florez;PARTIDO DE LA UNIÓN POR LA GENTE - PARTIDO DE LA U;4
SAN MATEO;Deybi Leandro Nuñez Medina;PARTIDO CENTRO DEMOCRÁTICO;2
SAN MATEO;Diana Paola Lopez Medina;PARTIDO CENTRO DEMOCRÁTICO;2
SAN MATEO;Partido Cambio Radical;PARTIDO CAMBIO RADICAL;1
SAN MIGUEL DE SEMA;Maria Claudia Rodriguez Redondo;PARTIDO NUEVO LIBERALISMO;184
SAN MIGUEL DE SEMA;Quebin Fernando Gonzalez Avila;PARTIDO CONSERVADOR COLOMBIANO;173
SAN MIGUEL DE SEMA;Edwin Edilson Mendieta Forero;PARTIDO LIBERAL COLOMBIANO;170
SAN MIGUEL DE SEMA;Brayan Verano Leguizamo;PARTIDO CONSERVADOR COLOMBIANO;152
SAN MIGUEL DE SEMA;Partido Conservador Colombiano;PARTIDO CONSERVADOR COLOMBIANO;135
SAN MIGUEL DE SEMA;Luis Enrique Rodriguez Castillo;PARTIDO LIBERAL COLOMBIANO;127
SAN MIGUEL DE SEMA;Rodrigo Ruiz Castro;PARTIDO ALIANZA VERDE;124
SAN MIGUEL DE SEMA;Luisa Katerin Villamil Pineda;PARTIDO LIBERAL COLOMBIANO;116
SAN MIGUEL DE SEMA;Manuel Antonio Jimenez Mendieta;PARTIDO CONSERVADOR COLOMBIANO;116
SAN MIGUEL DE SEMA;Carolina Sanchez Rodriguez;PARTIDO LIBERAL COLOMBIANO;111
SAN MIGUEL DE SEMA;Jose Martin Rozo Becerra;PARTIDO NUEVO LIBERALISMO;99
SAN MIGUEL DE SEMA;Kimberling Dayana Cardenas Silva;PARTIDO CONSERVADOR COLOMBIANO;87
SAN MIGUEL DE SEMA;Luciano Hernandez Orjuela;PARTIDO LIBERAL COLOMBIANO;76
SAN MIGUEL DE SEMA;Freddy Alberto Cristancho Sanchez;PARTIDO ALIANZA VERDE;71
SAN MIGUEL DE SEMA;Flor Esperanza Sanchez Hernandez;PARTIDO LIBERAL COLOMBIANO;66
SAN MIGUEL DE SEMA;Baldomero Sierra Rodriguez;PARTIDO CONSERVADOR COLOMBIANO;56
SAN MIGUEL DE SEMA;Maribel Elisa Acevedo Valbuena;PARTIDO CONSERVADOR COLOMBIANO;56
SAN MIGUEL DE SEMA;Jorge Alberto Salinas Rodriguez;PARTIDO LIBERAL COLOMBIANO;49
SAN MIGUEL DE SEMA;Ruben Dario Sanchez Castellanos;PARTIDO NUEVO LIBERALISMO;37
SAN MIGUEL DE SEMA;Partido Liberal Colombiano;PARTIDO LIBERAL COLOMBIANO;33
SAN MIGUEL DE SEMA;Alvaro Alirio Espitia Murcia;PARTIDO NUEVO LIBERALISMO;31
SAN MIGUEL DE SEMA;Rosa Ines Rodriguez Sierra;PARTIDO ALIANZA VERDE;30
SAN MIGUEL DE SEMA;Gloria Elvira Castiblanco Pineda;PARTIDO NUEVO LIBERALISMO;19
SAN MIGUEL DE SEMA;Partido Alianza Verde;PARTIDO ALIANZA VERDE;13
SAN MIGUEL DE SEMA;Partido Nuevo Liberalismo;PARTIDO NUEVO LIBERALISMO;11
SAN MIGUEL DE SEMA;Juan Pablo Piza Piza;MOVIMIENTO SALVACIÓN NACIONAL;9
SAN MIGUEL DE SEMA;Jesus Martin Sanchez Jimenez;MOVIMIENTO SALVACIÓN NACIONAL;6
SAN MIGUEL DE SEMA;Pablo Enrique Hernandez;MOVIMIENTO SALVACIÓN NACIONAL;4
SAN PABLO DE BORBUR;Elinarco Ortiz Pachon;PARTIDO CENTRO DEMOCRÁTICO;236
SAN PABLO DE BORBUR;Raul Fernando Sierra Ruiz;PARTIDO CONSERVADOR COLOMBIANO;214
SAN PABLO DE BORBUR;Jose Mauricio Porras Ramos;PARTIDO CONSERVADOR COLOMBIANO;211
SAN PABLO DE BORBUR;Jose Uldarico Pinzon Delgado;PARTIDO CAMBIO RADICAL;178
SAN PABLO DE BORBUR;Diego Alexander Bonilla Pinilla;PARTIDO CONSERVADOR COLOMBIANO;174
SAN PABLO DE BORBUR;Jorge Osvaldo Quiñonez Bernal;PARTIDO ALIANZA VERDE;168
SAN PABLO DE BORBUR;Fredy Gabriel Gonzalez;PARTIDO ALIANZA VERDE;163
SAN PABLO DE BORBUR;Dairo Daniel Ortiz Ortiz;PARTIDO CAMBIO RADICAL;162
SAN PABLO DE BORBUR;Jose Vidal Cortes Guerrero;PARTIDO ALIANZA VERDE;151
SAN PABLO DE BORBUR;Wilmer Yovany Forero Garcia;PARTIDO ALIANZA VERDE;144
SAN PABLO DE BORBUR;Daniel Steven Peña Gabalan;PARTIDO CENTRO DEMOCRÁTICO;138
SAN PABLO DE BORBUR;Luis Armando Gonzalez;PARTIDO DE LA UNIÓN POR LA GENTE - PARTIDO DE LA U;126
SAN PABLO DE BORBUR;Grosdan Raimundo Osma Florez;PARTIDO CONSERVADOR COLOMBIANO;115
SAN PABLO DE BORBUR;Maria Delfina Garcia Rojas;PARTIDO ALIANZA VERDE;114
SAN PABLO DE BORBUR;Maria De Los Angeles Torres Castellanos;PARTIDO DE LA UNIÓN POR LA GENTE - PARTIDO DE LA U;110
SAN PABLO DE BORBUR;Laura Liliana Rodriguez Forero;PARTIDO CONSERVADOR COLOMBIANO;99
SAN PABLO DE BORBUR;Oscar Farid Gonzalez Paez;PARTIDO CAMBIO RADICAL;99
SAN PABLO DE BORBUR;Carlos Enrique Leon;PARTIDO LIBERAL COLOMBIANO;93
SAN PABLO DE BORBUR;Eduardo Fajardo Cancelado;PARTIDO ALIANZA VERDE;87
SAN PABLO DE BORBUR;Ronal Ferney Gualteros Garcia;PARTIDO CAMBIO RADICAL;81
SAN PABLO DE BORBUR;Yolanda Gutierrez Paez;PARTIDO DE LA UNIÓN POR LA GENTE - PARTIDO DE LA U;80
SAN PABLO DE BORBUR;Yicela Cirley Cancelado Torres;PARTIDO CONSERVADOR COLOMBIANO;76
SAN PABLO DE BORBUR;Jhophan Paez Cañon;PARTIDO CONSERVADOR COLOMBIANO;75
SAN PABLO DE BORBUR;Fredy Alonso Rojas Hernandez;PARTIDO LIBERAL COLOMBIANO;67
SAN PABLO DE BORBUR;Jose Javier Rodriguez Forero;PARTIDO DE LA UNIÓN POR LA GENTE - PARTIDO DE LA U;65
SAN PABLO DE BORBUR;Lennis Eulalia Alfonso Fajardo;PARTIDO ALIANZA VERDE;63
SAN PABLO DE BORBUR;Yeison Andres Castellanos Ramos;PARTIDO DE LA UNIÓN POR LA GENTE - PARTIDO DE LA U;60
SAN PABLO DE BORBUR;Alvaro Enrique Gualteros Yepes;PARTIDO ALIANZA VERDE;57
SAN PABLO DE BORBUR;Miyer Norbey Cuellar Varela;PARTIDO CONSERVADOR COLOMBIANO;56
SAN PABLO DE BORBUR;Heidy Dayana Cañon Puentes;PARTIDO CONSERVADOR COLOMBIANO;49
SAN PABLO DE BORBUR;Jeisson Miguel Neiza Anzola;PARTIDO CENTRO DEMOCRÁTICO;40
SAN PABLO DE BORBUR;Juan Francisco Fajardo Camacho;PARTIDO CENTRO DEMOCRÁTICO;40
SAN PABLO DE BORBUR;Martha Isabel Avila Sanchez;PARTIDO CAMBIO RADICAL;40
SAN PABLO DE BORBUR;Lizeth Tatiana Diaz Forero;PARTIDO ALIANZA VERDE;39
SAN PABLO DE BORBUR;Heidy Tatiana Osorio Rueda;PARTIDO CENTRO DEMOCRÁTICO;38
SAN PABLO DE BORBUR;Yeisson David Pinilla Ramos;PARTIDO DE LA UNIÓN POR LA GENTE - PARTIDO DE LA U;36
SAN PABLO DE BORBUR;Wilson Eduardo Letrado Poveda;PARTIDO CAMBIO RADICAL;35
SAN PABLO DE BORBUR;Luz Magnolia Daza Coca;PARTIDO CENTRO DEMOCRÁTICO;34
SAN PABLO DE BORBUR;Lorenzo Ortiz Velasco;PARTIDO DE LA UNIÓN POR LA GENTE - PARTIDO DE LA U;33
SAN PABLO DE BORBUR;Partido Alianza Verde;PARTIDO ALIANZA VERDE;30
SAN PABLO DE BORBUR;Nelsy Edid Burgos Mendieta;PARTIDO CONSERVADOR COLOMBIANO;29
SAN PABLO DE BORBUR;Partido Conservador Colombiano;PARTIDO CONSERVADOR COLOMBIANO;25
SAN PABLO DE BORBUR;Partido Centro Democrático;PARTIDO CENTRO DEMOCRÁTICO;19
SAN PABLO DE BORBUR;Albeiro Norato Hincapie;PARTIDO LIBERAL COLOMBIANO;17
SAN PABLO DE BORBUR;Partido De La Unión Por La Gente - Partido De La U;PARTIDO DE LA UNIÓN POR LA GENTE - PARTIDO DE LA U;17
SAN PABLO DE BORBUR;Gabriel Castellanos;PARTIDO DE LA UNIÓN POR LA GENTE - PARTIDO DE LA U;16
SAN PABLO DE BORBUR;Ana Zulay Buitrago Ocampo;PARTIDO CAMBIO RADICAL;14
SAN PABLO DE BORBUR;Partido Cambio Radical;PARTIDO CAMBIO RADICAL;13
SAN PABLO DE BORBUR;Partido Liberal Colombiano;PARTIDO LIBERAL COLOMBIANO;10
SAN PABLO DE BORBUR;Myriam Esperanza Murcia Salinas;PARTIDO CENTRO DEMOCRÁTICO;9
SAN PABLO DE BORBUR;Edgar Jesus Beltran Rojas;PARTIDO CENTRO DEMOCRÁTICO;8
SAN PABLO DE BORBUR;Ana Maricela Arias Antonio;PARTIDO CENTRO DEMOCRÁTICO;6
SAN PABLO DE BORBUR;Lizeth Paola Alfonso Salazar;PARTIDO CAMBIO RADICAL;6
SAN PABLO DE BORBUR;Yanelis Digna Ramirez Fernandez;PARTIDO DE LA UNIÓN POR LA GENTE - PARTIDO DE LA U;3
SAN PABLO DE BORBUR;Anyi Caterin Cuellar Castiblanco;PARTIDO LIBERAL COLOMBIANO;2
SAN PABLO DE BORBUR;Blanca Yamile Puentes Sierra;PARTIDO LIBERAL COLOMBIANO;1
SANTA MARIA;Neidy Paola Cifuentes Gutierrez;PARTIDO ALIANZA VERDE;184
SANTA MARIA;Emilce Yanira Vega Sanchez;PARTIDO DE LA UNIÓN POR LA GENTE - PARTIDO DE LA U;182
SANTA MARIA;Wilson Manuel Romero Quintero;PARTIDO ALIANZA VERDE;148
SANTA MARIA;Julian Mauricio Valderrama Diaz;PARTIDO ALIANZA VERDE;143
SANTA MARIA;Oscar Jair Bejarano Barahona;PARTIDO CONSERVADOR COLOMBIANO;119
SANTA MARIA;Orlando Vargas Roldan;PARTIDO CONSERVADOR COLOMBIANO;116
SANTA MARIA;Ersy Mariel Vargas Castañeda;PARTIDO ALIANZA VERDE;115
SANTA MARIA;Erika Marcela Ariza Maldonado;PARTIDO ALIANZA VERDE;104
SANTA MARIA;Juan Daniel Salgado Moreno;PARTIDO ALIANZA VERDE;101
SANTA MARIA;Jorge Andres Leon Tuquerrez;PARTIDO CAMBIO RADICAL;96
SANTA MARIA;Miller Adrian Cuesta Ramirez;PARTIDO CENTRO DEMOCRÁTICO;89
SANTA MARIA;Deisy Daza Calderon;PARTIDO CONSERVADOR COLOMBIANO;83
SANTA MARIA;Dalia Mildred Villamor Roa;PARTIDO CAMBIO RADICAL;80
SANTA MARIA;Merardo Gutierrez Alfonso;PARTIDO CAMBIO RADICAL;66
SANTA MARIA;Carlos Didier Bejarano Martinez;PARTIDO POLÍTICO DIGNIDAD & COMPROMISO;58
SANTA MARIA;Andrea Yiseth Olarte Vargas;PARTIDO CONSERVADOR COLOMBIANO;44
SANTA MARIA;Heber Humberto Tejedor Salamanca;"MOVIMIENTO ALTERNATIVO INDÍGENA Y SOCIAL ""MAIS""";42
SANTA MARIA;Eydy Johana Mojica Moreno;PARTIDO CONSERVADOR COLOMBIANO;35
SANTA MARIA;Juan Daniel Perilla Romero;PARTIDO DE LA UNIÓN POR LA GENTE - PARTIDO DE LA U;34
SANTA MARIA;Hector Fabio Vallejo Franco;PARTIDO CONSERVADOR COLOMBIANO;30
SANTA MARIA;Partido Alianza Verde;PARTIDO ALIANZA VERDE;28
SANTA MARIA;Claudia Viviana Lopez Moreno;PARTIDO ALIANZA VERDE;26
SANTA MARIA;Loren Valentina Gutierrez Morales;"MOVIMIENTO ALTERNATIVO INDÍGENA Y SOCIAL ""MAIS""";24
SANTA MARIA;Dayana Michell Salgado Avila;PARTIDO POLÍTICO DIGNIDAD & COMPROMISO;21
SANTA MARIA;Karen Astrid Ramirez Moncayo;MOVIMIENTO SALVACIÓN NACIONAL;19
SANTA MARIA;Karen Sorelly Castañeda Bermudez;PARTIDO CENTRO DEMOCRÁTICO;17
SANTA MARIA;Alberto Daza Ramirez;PARTIDO DE LA UNIÓN POR LA GENTE - PARTIDO DE LA U;16
SANTA MARIA;Hugo Jonas Daza Barahona;PARTIDO CENTRO DEMOCRÁTICO;16
SANTA MARIA;Sandra Maria Bernal Rodriguez;PARTIDO CENTRO DEMOCRÁTICO;16
SANTA MARIA;Hugo Alirio Salgado Moreno;PARTIDO CENTRO DEMOCRÁTICO;15
SANTA MARIA;Laura Rocio Rodriguez Bejarano;PARTIDO DE LA UNIÓN POR LA GENTE - PARTIDO DE LA U;14
SANTA MARIA;Juan Elias Vanegas;PARTIDO CAMBIO RADICAL;13
SANTA MARIA;Jonny Stivenson Perez Monroy;PARTIDO CONSERVADOR COLOMBIANO;12
SANTA MARIA;Misael Luis Barahona Lopez;"MOVIMIENTO ALTERNATIVO INDÍGENA Y SOCIAL ""MAIS""";10
SANTA MARIA;Saira Julieth Cruz Gamba;PARTIDO POLÍTICO DIGNIDAD & COMPROMISO;10
SANTA MARIA;Partido Cambio Radical;PARTIDO CAMBIO RADICAL;9
SANTA MARIA;Rafael Ricardo Diaz Daza;MOVIMIENTO SALVACIÓN NACIONAL;9
SANTA MARIA;Partido Conservador Colombiano;PARTIDO CONSERVADOR COLOMBIANO;7
SANTA MARIA;Patricia Castañeda Monroy;PARTIDO POLÍTICO DIGNIDAD & COMPROMISO;7
SANTA MARIA;Omar Otalora Perilla;"MOVIMIENTO ALTERNATIVO INDÍGENA Y SOCIAL ""MAIS""";6
SANTA MARIA;Partido Centro Democrático;PARTIDO CENTRO DEMOCRÁTICO;6
SANTA MARIA;Lilianmayerly Cuervo Rojas;MOVIMIENTO SALVACIÓN NACIONAL;5
SANTA MARIA;Noe Lidio Vanegas Cano;PARTIDO POLÍTICO DIGNIDAD & COMPROMISO;5
SANTA MARIA;Partido De La Unión Por La Gente - Partido De La U;PARTIDO DE LA UNIÓN POR LA GENTE - PARTIDO DE LA U;5
SANTA MARIA;Dora Omaira Rodriguez Beltran;PARTIDO CENTRO DEMOCRÁTICO;4
SANTA MARIA;Yuranny Alejandra Rincon Gil;PARTIDO CAMBIO RADICAL;4
SANTA MARIA;Movimiento  Salvación Nacional;MOVIMIENTO SALVACIÓN NACIONAL;2
SANTA MARIA;"Movimiento Alternativo Indígena Y Social ""Mais""";"MOVIMIENTO ALTERNATIVO INDÍGENA Y SOCIAL ""MAIS""";2
SANTA MARIA;Partido Político Dignidad & Compromiso;PARTIDO POLÍTICO DIGNIDAD & COMPROMISO;1
SANTA ROSA DE VITERBO;Diego Esteban Guio Rodriguez;PODEMOS;306
SANTA ROSA DE VITERBO;Pedro Antonio Sanchez Cely;PARTIDO CENTRO DEMOCRÁTICO;276
SANTA ROSA DE VITERBO;Omar Mejia Mejia;PARTIDO VERDE OXÍGENO;206
SANTA ROSA DE VITERBO;Maritza Isabel Mejia Valcarcel;PARTIDO CENTRO DEMOCRÁTICO;201
SANTA ROSA DE VITERBO;Hugo Cruz Rincon;PARTIDO DE LA UNIÓN POR LA GENTE - PARTIDO DE LA U;200
SANTA ROSA DE VITERBO;Jorge Javier Parada Mogollon;PARTIDO DE LA UNIÓN POR LA GENTE - PARTIDO DE LA U;194
SANTA ROSA DE VITERBO;Jenny Marcela Mariño Moreno;PARTIDO CAMBIO RADICAL;187
SANTA ROSA DE VITERBO;Erika Natalia Buitrago Corredor;PARTIDO DE LA UNIÓN POR LA GENTE - PARTIDO DE LA U;183
SANTA ROSA DE VITERBO;Carlos Humberto Pedraza Vargas;PARTIDO ALIANZA VERDE;180
SANTA ROSA DE VITERBO;Jimmy Ivan Diaz Fonseca;PARTIDO VERDE OXÍGENO;173
SANTA ROSA DE VITERBO;Uriel Alvarez Tobacia;PARTIDO ALIANZA VERDE;146
SANTA ROSA DE VITERBO;Eduard Franklin Serrano Rivera;PARTIDO CONSERVADOR COLOMBIANO;143
SANTA ROSA DE VITERBO;Roberto Gil Gomez;PARTIDO CENTRO DEMOCRÁTICO;137
SANTA ROSA DE VITERBO;Javier Viasus Camargo;PARTIDO CONSERVADOR COLOMBIANO;133
SANTA ROSA DE VITERBO;Luis Alirio Camargo Morales;PARTIDO CONSERVADOR COLOMBIANO;133
SANTA ROSA DE VITERBO;Brayan Daniel Daza Araque;PARTIDO ALIANZA VERDE;121
SANTA ROSA DE VITERBO;Climaco Fonseca Torres;PARTIDO DE LA UNIÓN POR LA GENTE - PARTIDO DE LA U;120
SANTA ROSA DE VITERBO;Jose Bernardo Vivas Holguin;PARTIDO ALIANZA VERDE;116
SANTA ROSA DE VITERBO;Carlos David Camargo Torres;PARTIDO VERDE OXÍGENO;115
SANTA ROSA DE VITERBO;Jose Abelardo Bustacara Herrera;PARTIDO CONSERVADOR COLOMBIANO;113
SANTA ROSA DE VITERBO;Jesus David Cordero Reyes;PARTIDO CAMBIO RADICAL;102
SANTA ROSA DE VITERBO;Mario Alexander Morales Rojas;PARTIDO CONSERVADOR COLOMBIANO;92
SANTA ROSA DE VITERBO;Nelson Alvarez Torres;PARTIDO ALIANZA VERDE;91
SANTA ROSA DE VITERBO;Diego Andres Herrera Pinto;PARTIDO CAMBIO RADICAL;88
SANTA ROSA DE VITERBO;Francisco Javier Pinto Torres;PODEMOS;88
SANTA ROSA DE VITERBO;Eliecer Alexander Castro Santos;PARTIDO DE LA UNIÓN POR LA GENTE - PARTIDO DE LA U;87
SANTA ROSA DE VITERBO;Jose Armando Melo Gonzalez;PODEMOS;81
SANTA ROSA DE VITERBO;Deissy Carolina Ochoa Barrera;PARTIDO ALIANZA VERDE;80
SANTA ROSA DE VITERBO;Diana Rocio Flechas Gonzalez;PARTIDO CENTRO DEMOCRÁTICO;80
SANTA ROSA DE VITERBO;Andrea Chinome Hernandez;PARTIDO DE LA UNIÓN POR LA GENTE - PARTIDO DE LA U;79
SANTA ROSA DE VITERBO;Doris Yaned Castiblanco Camacho;PARTIDO CAMBIO RADICAL;79
SANTA ROSA DE VITERBO;German Dario Nuñez Solano;PODEMOS;76
SANTA ROSA DE VITERBO;Pedro Leandro Flechas Diaz;PARTIDO DE LA UNIÓN POR LA GENTE - PARTIDO DE LA U;76
SANTA ROSA DE VITERBO;Ricardo Antonio Gomez Rojas;PARTIDO ALIANZA VERDE;76
SANTA ROSA DE VITERBO;Blanca Miriam Pedraza Beltran;PODEMOS;73
SANTA ROSA DE VITERBO;Flor Olga Ulloa Chinome;PARTIDO CAMBIO RADICAL;68
SANTA ROSA DE VITERBO;Cristian Augusto Figueroa Torres;PODEMOS;67
SANTA ROSA DE VITERBO;Luis Alejandro Camacho Garcia;PARTIDO VERDE OXÍGENO;67
SANTA ROSA DE VITERBO;Ana Constanza Aranguren Diaz;PODEMOS;66
SANTA ROSA DE VITERBO;Enrique Torres Cruz;PARTIDO ALIANZA VERDE;62
SANTA ROSA DE VITERBO;Holman Dario Moreno Torres;PARTIDO CONSERVADOR COLOMBIANO;61
SANTA ROSA DE VITERBO;Karen Tatiana Rivera Fonseca;PARTIDO ALIANZA VERDE;60
SANTA ROSA DE VITERBO;German David Ramirez Gomez;PARTIDO DE LA UNIÓN POR LA GENTE - PARTIDO DE LA U;58
SANTA ROSA DE VITERBO;Jose Ricardo Mariño Ramirez;PARTIDO CAMBIO RADICAL;53
SANTA ROSA DE VITERBO;Paula Andrea Bastidas Rincon;PARTIDO DE LA UNIÓN POR LA GENTE - PARTIDO DE LA U;52
SANTA ROSA DE VITERBO;Aide Lucia Correa Alvarez;PODEMOS;49
SANTA ROSA DE VITERBO;Yenny Marcela Gonzalez Cely;PARTIDO CONSERVADOR COLOMBIANO;48
SANTA ROSA DE VITERBO;Nulfo Antonio Leon Gil;PODEMOS;46
SANTA ROSA DE VITERBO;Sandra Yasmin Angarita Mancipe;PARTIDO DE LA UNIÓN POR LA GENTE - PARTIDO DE LA U;45
SANTA ROSA DE VITERBO;Partido Alianza Verde;PARTIDO ALIANZA VERDE;44
SANTA ROSA DE VITERBO;Yeimi Lorena Pinzon Valencia;PARTIDO CAMBIO RADICAL;41
SANTA ROSA DE VITERBO;Alba Alicia Girata Girata;PARTIDO CONSERVADOR COLOMBIANO;40
SANTA ROSA DE VITERBO;Jose Guillermo Holguin;PARTIDO VERDE OXÍGENO;38
SANTA ROSA DE VITERBO;Juan Carlos Diaz Ibañez;PARTIDO VERDE OXÍGENO;38
SANTA ROSA DE VITERBO;Angela Lorena Pachon Hernandez;PARTIDO ALIANZA VERDE;37
SANTA ROSA DE VITERBO;Partido Conservador Colombiano;PARTIDO CONSERVADOR COLOMBIANO;35
SANTA ROSA DE VITERBO;Claudia Patricia Eslava Martinez;PARTIDO CONSERVADOR COLOMBIANO;31
SANTA ROSA DE VITERBO;Heidy Yolanda Sepulveda Pelayo;PODEMOS;31
SANTA ROSA DE VITERBO;Ana Veronica Alfonso Becerra;PARTIDO CAMBIO RADICAL;28
SANTA ROSA DE VITERBO;Eustaquio Clemente Guarin Morales;PARTIDO CONSERVADOR COLOMBIANO;28
SANTA ROSA DE VITERBO;Partido De La Unión Por La Gente - Partido De La U;PARTIDO DE LA UNIÓN POR LA GENTE - PARTIDO DE LA U;28
SANTA ROSA DE VITERBO;Jeniffer Soranyi Tamara Rincon;PARTIDO VERDE OXÍGENO;26
SANTA ROSA DE VITERBO;Jorge Quintana Moreno;PARTIDO CENTRO DEMOCRÁTICO;25
SANTA ROSA DE VITERBO;Partido Centro Democrático;PARTIDO CENTRO DEMOCRÁTICO;24
SANTA ROSA DE VITERBO;Olga Lucia Mariño Patarroyo;PARTIDO CAMBIO RADICAL;23
SANTA ROSA DE VITERBO;Francisco Javier Silva Camacho;PARTIDO VERDE OXÍGENO;22
SANTA ROSA DE VITERBO;Jorge Orlando Rincon;PARTIDO CENTRO DEMOCRÁTICO;21
SANTA ROSA DE VITERBO;Luis Eduardo Leon Vargas;PARTIDO CAMBIO RADICAL;21
SANTA ROSA DE VITERBO;Nahir Yadira Daza Poveda;PARTIDO CENTRO DEMOCRÁTICO;21
SANTA ROSA DE VITERBO;Podemos;PODEMOS;21
SANTA ROSA DE VITERBO;Flor Angela Gomez Baez;PARTIDO CAMBIO RADICAL;17
SANTA ROSA DE VITERBO;Partido Verde Oxígeno;PARTIDO VERDE OXÍGENO;17
SANTA ROSA DE VITERBO;Ivon Adriana Palacios Torres;PARTIDO CENTRO DEMOCRÁTICO;15
SANTA ROSA DE VITERBO;Partido Cambio Radical;PARTIDO CAMBIO RADICAL;14
SANTA ROSA DE VITERBO;Diana Rocio Silva Cely;PARTIDO VERDE OXÍGENO;13
SANTA ROSA DE VITERBO;Miller Alvarez Rodriguez;PARTIDO CENTRO DEMOCRÁTICO;12
SANTA ROSA DE VITERBO;Diego Sebastian Calixto Becerra;PARTIDO CENTRO DEMOCRÁTICO;11
SANTA ROSA DE VITERBO;Miguel Angel Serrano Perez;PARTIDO CENTRO DEMOCRÁTICO;10
SANTA ROSA DE VITERBO;Yuliana Marcela Niño Leon;PARTIDO CONSERVADOR COLOMBIANO;9
SANTA ROSA DE VITERBO;Erika Liliana Ruiz Perez;PARTIDO VERDE OXÍGENO;8
SANTA ROSA DE VITERBO;Paula Alejandra Tuta Valderrama;PARTIDO ALIANZA VERDE;0
SANTA SOFIA;Juan Andres Parra Aponte;PARTIDO ALIANZA VERDE;291
SANTA SOFIA;Esteban Salamanca Saez;PARTIDO ALIANZA VERDE;198
SANTA SOFIA;Cesar Augusto Naranjo Gonzalez;PARTIDO CONSERVADOR COLOMBIANO;129
SANTA SOFIA;Luz Miryam Salas;PARTIDO CAMBIO RADICAL;121
SANTA SOFIA;Gloria Nancy Vanegas Avila;PARTIDO ALIANZA VERDE;117
SANTA SOFIA;Nixon Albeiro Garcia Rodriguez;MOVIMIENTO SALVACIÓN NACIONAL;110
SANTA SOFIA;Lelio Salas Avila;PARTIDO VERDE OXÍGENO;100
SANTA SOFIA;Leonel Beltran Villamil;PARTIDO VERDE OXÍGENO;97
SANTA SOFIA;Oscar Javier Saez Hamon;PARTIDO DE LA UNIÓN POR LA GENTE - PARTIDO DE LA U;89
SANTA SOFIA;Pedro Erasmo Peña Sanchez;PARTIDO CENTRO DEMOCRÁTICO;85
SANTA SOFIA;Jaime Fajardo Malagon;PARTIDO VERDE OXÍGENO;78
SANTA SOFIA;Jose Israel Gonzalez Martinez;PARTIDO DE LA UNIÓN POR LA GENTE - PARTIDO DE LA U;78
SANTA SOFIA;Jose Lelio Menjura Morales;PARTIDO ALIANZA VERDE;78
SANTA SOFIA;Wilson Rene Jimenez Lara;PARTIDO CENTRO DEMOCRÁTICO;76
SANTA SOFIA;Diego Gamboa Hamon;PARTIDO ALIANZA VERDE;73
SANTA SOFIA;Deisy Carolina Peña Velandia;PARTIDO DE LA UNIÓN POR LA GENTE - PARTIDO DE LA U;66
SANTA SOFIA;Delma Etelvina Suarez Hamon;MOVIMIENTO SALVACIÓN NACIONAL;63
SANTA SOFIA;Alvaro William Zaraza Naranjo;PARTIDO DE LA UNIÓN POR LA GENTE - PARTIDO DE LA U;54
SANTA SOFIA;Andres Fabian Hamon Beltran;MOVIMIENTO SALVACIÓN NACIONAL;46
SANTA SOFIA;Angel Maria Hernandez Saenz;PARTIDO CAMBIO RADICAL;41
SANTA SOFIA;Deisy Yineth Velasquez Sanchez;PARTIDO DE LA UNIÓN POR LA GENTE - PARTIDO DE LA U;38
SANTA SOFIA;Martha Liliana Gamboa Monroy;MOVIMIENTO SALVACIÓN NACIONAL;34
SANTA SOFIA;Nelson Enrique Paez Rodriguez;PARTIDO VERDE OXÍGENO;34
SANTA SOFIA;Henry Galan Guerrero;PARTIDO CAMBIO RADICAL;33
SANTA SOFIA;Ricardo Rodriguez Rodriguez;MOVIMIENTO SALVACIÓN NACIONAL;33
SANTA SOFIA;Arbey Andres Aguilera Martinez;PARTIDO CONSERVADOR COLOMBIANO;27
SANTA SOFIA;Claudio Rodriguez;PARTIDO DE LA UNIÓN POR LA GENTE - PARTIDO DE LA U;27
SANTA SOFIA;Nicole Alexandra Avellaneda Igua;PARTIDO ALIANZA VERDE;27
SANTA SOFIA;Ismael Vanegas Suarez;PARTIDO CAMBIO RADICAL;26
SANTA SOFIA;Santana Malagon Gamba;PARTIDO CAMBIO RADICAL;26
SANTA SOFIA;Manuel Antonio Mancipe Guerrero;MOVIMIENTO SALVACIÓN NACIONAL;25
SANTA SOFIA;Maria Alejandra Jimenez Pinzon;PARTIDO CONSERVADOR COLOMBIANO;25
SANTA SOFIA;Mercy Yolanda Jimenez Fino;PARTIDO ALIANZA VERDE;23
SANTA SOFIA;Efrain Sanchez Fajardo;PARTIDO CENTRO DEMOCRÁTICO;19
SANTA SOFIA;Nidia Esmeralda Rodriguez Rodriguez;PARTIDO VERDE OXÍGENO;19
SANTA SOFIA;Partido Alianza Verde;PARTIDO ALIANZA VERDE;19
SANTA SOFIA;Sandra Sofia Ciprian Sarmiento;MOVIMIENTO SALVACIÓN NACIONAL;18
SANTA SOFIA;Auro Alberto Fajardo Rivera;PARTIDO CONSERVADOR COLOMBIANO;17
SANTA SOFIA;Leidy Lorena Avila Paternina;PARTIDO VERDE OXÍGENO;15
SANTA SOFIA;Maria Olga Isabel Naranjo Gamboa;PARTIDO CONSERVADOR COLOMBIANO;15
SANTA SOFIA;Leandro Leonel Garcia Rodriguez;PARTIDO CENTRO DEMOCRÁTICO;11
SANTA SOFIA;Juliana Andrea Peña Avila;PARTIDO CONSERVADOR COLOMBIANO;10
SANTA SOFIA;Hector Horacio Hernandez Vanegas;PARTIDO CAMBIO RADICAL;9
SANTA SOFIA;Fany Esperanza Gonzalez Castillo;PARTIDO CAMBIO RADICAL;7
SANTA SOFIA;Lida Arenas Acero;PARTIDO DE LA UNIÓN POR LA GENTE - PARTIDO DE LA U;7
SANTA SOFIA;Partido Conservador Colombiano;PARTIDO CONSERVADOR COLOMBIANO;6
SANTA SOFIA;Jose Mario Gamboa Paez;PARTIDO CONSERVADOR COLOMBIANO;5
SANTA SOFIA;Leidy Camila Mestizo Rivera;PARTIDO CENTRO DEMOCRÁTICO;5
SANTA SOFIA;Partido Verde Oxígeno;PARTIDO VERDE OXÍGENO;5
SANTA SOFIA;Partido Centro Democrático;PARTIDO CENTRO DEMOCRÁTICO;4
SANTA SOFIA;Partido De La Unión Por La Gente - Partido De La U;PARTIDO DE LA UNIÓN POR LA GENTE - PARTIDO DE LA U;4
SANTA SOFIA;Movimiento  Salvación Nacional;MOVIMIENTO SALVACIÓN NACIONAL;3
SANTA SOFIA;Ana Rocio Gordillo Gomez;PARTIDO CENTRO DEMOCRÁTICO;2
SANTA SOFIA;Ana Carmela Diaz Martinez;PARTIDO CENTRO DEMOCRÁTICO;1
SANTA SOFIA;Kelly Yohana Lozano Gonzalez;PARTIDO VERDE OXÍGENO;1
SANTA SOFIA;Partido Cambio Radical;PARTIDO CAMBIO RADICAL;1
SANTANA;Yamidth Eduardo Agudelo Martinez;PARTIDO CENTRO DEMOCRÁTICO;296
SANTANA;Jesus Antonio Hernandez Murcia;PARTIDO CENTRO DEMOCRÁTICO;293
SANTANA;Linder Frankly Fonseca Fajardo;PARTIDO ALIANZA VERDE;266
SANTANA;Laura Ximena Cardenas Tamayo;PARTIDO ALIANZA VERDE;257
SANTANA;Diego Armando Ruiz Russi;PARTIDO DE LA UNIÓN POR LA GENTE - PARTIDO DE LA U;226
SANTANA;Fabian Alberto Noguera Gamboa;PARTIDO LIBERAL COLOMBIANO;219
SANTANA;Ferney Hernando Gaona Forero;MOVIMIENTO ALIANZA DEMOCRÁTICA AMPLIA - Res. 2049 de 2021;203
SANTANA;Javier Enrique Sanchez Olarte;PARTIDO ALIANZA VERDE;200
SANTANA;Jhorman Faruk Ruiz Ulloa;PARTIDO LIBERAL COLOMBIANO;177
SANTANA;Andrea Consuelo Bermudez Suarez;PARTIDO CENTRO DEMOCRÁTICO;174
SANTANA;Edgar Daniel Chacon Urquijo;PARTIDO LIBERAL COLOMBIANO;173
SANTANA;Julian Alberto Castellanos Garavito;PARTIDO LIBERAL COLOMBIANO;166
SANTANA;William Ruiz Grandas;PARTIDO ALIANZA VERDE;155
SANTANA;Hamilton Alexander Ariza Sanchez;PARTIDO CENTRO DEMOCRÁTICO;131
SANTANA;Horacio Hernandez Ventura;PARTIDO ALIANZA VERDE;131
SANTANA;Alvaro Camacho Camacho;PARTIDO CAMBIO RADICAL;130
SANTANA;Ruben Alfonso Mora Valero;PARTIDO CAMBIO RADICAL;130
SANTANA;Alexander Moreno Ruiz;PARTIDO CENTRO DEMOCRÁTICO;126
SANTANA;Geronimo Quintero Saenz;MOVIMIENTO ALIANZA DEMOCRÁTICA AMPLIA - Res. 2049 de 2021;123
SANTANA;Marco Antonio Zaraza Fonseca;MOVIMIENTO ALIANZA DEMOCRÁTICA AMPLIA - Res. 2049 de 2021;117
SANTANA;Fisela Suarez Hernandez;PARTIDO CENTRO DEMOCRÁTICO;113
SANTANA;"Movimiento Alternativo Indígena Y Social ""Mais""";"MOVIMIENTO ALTERNATIVO INDÍGENA Y SOCIAL ""MAIS""";109
SANTANA;Prudencio Castañeda;MOVIMIENTO ALIANZA DEMOCRÁTICA AMPLIA - Res. 2049 de 2021;96
SANTANA;Raul Vargas Patiño;MOVIMIENTO ALIANZA DEMOCRÁTICA AMPLIA - Res. 2049 de 2021;82
SANTANA;Partido Centro Democrático;PARTIDO CENTRO DEMOCRÁTICO;59
SANTANA;Natalia Alcantar Saenz;PARTIDO LIBERAL COLOMBIANO;55
SANTANA;Segundo Aldemar Cadena;PARTIDO CAMBIO RADICAL;50
SANTANA;Nelson Alvarez Gualdron;PARTIDO DE LA UNIÓN POR LA GENTE - PARTIDO DE LA U;49
SANTANA;Heliberto Ruiz Cadena;PARTIDO CENTRO DEMOCRÁTICO;42
SANTANA;Yeisson Rodriguez Lopez;PARTIDO DE LA UNIÓN POR LA GENTE - PARTIDO DE LA U;39
SANTANA;Jose Albeiro Garzon Cadena;PARTIDO CENTRO DEMOCRÁTICO;35
SANTANA;Partido Liberal Colombiano;PARTIDO LIBERAL COLOMBIANO;34
SANTANA;Pedro Vega Fontecha;MOVIMIENTO ALIANZA DEMOCRÁTICA AMPLIA - Res. 2049 de 2021;34
SANTANA;Leonel Osma Bareño;PARTIDO DE LA UNIÓN POR LA GENTE - PARTIDO DE LA U;33
SANTANA;Jhon Andrei Garzon Fajardo;PARTIDO LIBERAL COLOMBIANO;32
SANTANA;Olga Lucia Camacho Marin;PARTIDO ALIANZA VERDE;32
SANTANA;Robinson Daniel Cabanzo Alcantar;PARTIDO ALIANZA VERDE;32
SANTANA;Libia Astrid Santoyo Delgado;PARTIDO CAMBIO RADICAL;31
SANTANA;Partido Alianza Verde;PARTIDO ALIANZA VERDE;26
SANTANA;Daris Dayanna Noguera Sanchez;PARTIDO CAMBIO RADICAL;25
SANTANA;Blanca Gladys Ramirez Mateus;PARTIDO LIBERAL COLOMBIANO;24
SANTANA;Jorge Enrique Pinzon Reyes;PARTIDO DE LA UNIÓN POR LA GENTE - PARTIDO DE LA U;22
SANTANA;Emilcen Tavera Medina;MOVIMIENTO ALIANZA DEMOCRÁTICA AMPLIA - Res. 2049 de 2021;21
SANTANA;Partido De La Unión Por La Gente - Partido De La U;PARTIDO DE LA UNIÓN POR LA GENTE - PARTIDO DE LA U;16
SANTANA;Mauricio Pardo Diaz;PARTIDO DE LA UNIÓN POR LA GENTE - PARTIDO DE LA U;14
SANTANA;Partido Cambio Radical;PARTIDO CAMBIO RADICAL;14
SANTANA;Elver Hernan Rivero Ramirez;PARTIDO CAMBIO RADICAL;13
SANTANA;Ana Rocio Mosquera Cuevas;PARTIDO DE LA UNIÓN POR LA GENTE - PARTIDO DE LA U;12
SANTANA;Movimiento Alianza Democrática Amplia;MOVIMIENTO ALIANZA DEMOCRÁTICA AMPLIA - Res. 2049 de 2021;12
SANTANA;Nidia Carolina Chacon Pinzon;MOVIMIENTO ALIANZA DEMOCRÁTICA AMPLIA - Res. 2049 de 2021;12
SANTANA;Sandra Milena Forero Juagibioy;PARTIDO DE LA UNIÓN POR LA GENTE - PARTIDO DE LA U;10
SANTANA;Yaneth Esperanza Ruiz Gaona;PARTIDO LIBERAL COLOMBIANO;10
SANTANA;Carolina Gordillo Tolosa;PARTIDO DE LA UNIÓN POR LA GENTE - PARTIDO DE LA U;6
SANTANA;Luisa Fernanda Corredor Rios;PARTIDO CENTRO DEMOCRÁTICO;6
SANTANA;Nelcy Pricila Roncancio Quitian;PARTIDO ALIANZA VERDE;6
SANTANA;Monica Garzon Rodriguez;MOVIMIENTO ALIANZA DEMOCRÁTICA AMPLIA - Res. 2049 de 2021;5
SANTANA;Victor Hugo Avila Vargas;PARTIDO LIBERAL COLOMBIANO;5
SATIVANORTE;Nydia Esperanza Rincon Gomez;PARTIDO DE LA UNIÓN POR LA GENTE - PARTIDO DE LA U;205
SATIVANORTE;Oscar Figueredo Baez;PARTIDO ALIANZA VERDE;176
SATIVANORTE;Diego Armando Gomez Montañez;PARTIDO CAMBIO RADICAL;172
SATIVANORTE;Maria Jimena Joya;PARTIDO DE LA UNIÓN POR LA GENTE - PARTIDO DE LA U;162
SATIVANORTE;Henry Camacho Velandia;PARTIDO ALIANZA VERDE;159
SATIVANORTE;Publio Garcia Garcia;PARTIDO ALIANZA VERDE;123
SATIVANORTE;Daniel Ronderos Tellez;PARTIDO DE LA UNIÓN POR LA GENTE - PARTIDO DE LA U;112
SATIVANORTE;Carlos Gonzalo Sandoval Estupiñan;PARTIDO DE LA UNIÓN POR LA GENTE - PARTIDO DE LA U;109
SATIVANORTE;Yaneth Perez Serna;PARTIDO ALIANZA VERDE;101
SATIVANORTE;Juan De Dios Suarez Suarez;PARTIDO CAMBIO RADICAL;91
SATIVANORTE;Jose Ramiro Blanco Miranda;PARTIDO CAMBIO RADICAL;87
SATIVANORTE;Fabio Alonso Aparicio Quintero;PARTIDO DE LA UNIÓN POR LA GENTE - PARTIDO DE LA U;72
SATIVANORTE;Nidia Magali Suarez Cely;PARTIDO DE LA UNIÓN POR LA GENTE - PARTIDO DE LA U;61
SATIVANORTE;Partido Centro Democrático;PARTIDO CENTRO DEMOCRÁTICO;56
SATIVANORTE;Jose Arturo Aparicio Suarez;PARTIDO CAMBIO RADICAL;42
SATIVANORTE;Neyda Amanda Pineda Briceño;PARTIDO ALIANZA VERDE;39
SATIVANORTE;Pedro Estupiñan Aparicio;PARTIDO ALIANZA VERDE;38
SATIVANORTE;Luis Remigio Silva Cuevas;PARTIDO DE LA UNIÓN POR LA GENTE - PARTIDO DE LA U;37
SATIVANORTE;Duvan Ferney Avila Rodriguez;"PARTIDO ALIANZA SOCIAL INDEPENDIENTE ""ASI""";31
SATIVANORTE;Jhon Mario Palencia Leon;"PARTIDO ALIANZA SOCIAL INDEPENDIENTE ""ASI""";27
SATIVANORTE;Deisy Camila Orozco Quintero;"PARTIDO ALIANZA SOCIAL INDEPENDIENTE ""ASI""";22
SATIVANORTE;Partido Alianza Verde;PARTIDO ALIANZA VERDE;22
SATIVANORTE;Partido De La Unión Por La Gente - Partido De La U;PARTIDO DE LA UNIÓN POR LA GENTE - PARTIDO DE LA U;22
SATIVANORTE;Sandra Patricia Joya Aparicio;PARTIDO CAMBIO RADICAL;22
SATIVANORTE;Maria Claudia Avila Avila;PARTIDO CAMBIO RADICAL;21
SATIVANORTE;Nelson Romero Gomez;"PARTIDO ALIANZA SOCIAL INDEPENDIENTE ""ASI""";20
SATIVANORTE;Nini Johana Baez Ruiz;"PARTIDO ALIANZA SOCIAL INDEPENDIENTE ""ASI""";16
SATIVANORTE;Rosa Maria Baez Baez;PARTIDO ALIANZA VERDE;15
SATIVANORTE;Oscar Andres Ordoñez Bello;MOVIMIENTO SALVACIÓN NACIONAL;9
SATIVANORTE;Partido Cambio Radical;PARTIDO CAMBIO RADICAL;7
SATIVANORTE;Sofia Velandia Suarez;MOVIMIENTO SALVACIÓN NACIONAL;6
SATIVANORTE;"Partido Alianza Social Independiente ""Asi""";"PARTIDO ALIANZA SOCIAL INDEPENDIENTE ""ASI""";3
SATIVANORTE;Movimiento  Salvación Nacional;MOVIMIENTO SALVACIÓN NACIONAL;1
SATIVASUR;Partido Alianza Verde;PARTIDO ALIANZA VERDE;247
SATIVASUR;Nelly Yasmith Higuera Corredor;PARTIDO CONSERVADOR COLOMBIANO;177
SATIVASUR;Juan Pablo Joya Leon;PARTIDO CONSERVADOR COLOMBIANO;145
SATIVASUR;Hamilton Mejia Gomez;PARTIDO LIBERAL COLOMBIANO;90
SATIVASUR;Jose Miguel Guerrero Sanchez;PARTIDO CONSERVADOR COLOMBIANO;88
SATIVASUR;Rened Alexander Martinez Martinez;PARTIDO LIBERAL COLOMBIANO;74
SATIVASUR;Edgar Wilson Salazar Sequera;PARTIDO LIBERAL COLOMBIANO;57
SATIVASUR;Daniel Leonardo Marin Diaz;PARTIDO CONSERVADOR COLOMBIANO;52
SATIVASUR;Sonia Paola Nova;PARTIDO LIBERAL COLOMBIANO;44
SATIVASUR;Jaime Enrique Guerrero Consicion;PARTIDO CONSERVADOR COLOMBIANO;40
SATIVASUR;Aura Rosa Diaz Martinez;PARTIDO CONSERVADOR COLOMBIANO;24
SATIVASUR;Partido Conservador Colombiano;PARTIDO CONSERVADOR COLOMBIANO;16
SATIVASUR;Yasmin Milena Silva Pita;PARTIDO LIBERAL COLOMBIANO;12
SATIVASUR;Gladys Maria Diaz Telles;PARTIDO LIBERAL COLOMBIANO;11
SATIVASUR;Olga Lucia Perez Orozco;PARTIDO CONSERVADOR COLOMBIANO;10
SATIVASUR;Elver Cardenas Salazar;PARTIDO LIBERAL COLOMBIANO;7
SATIVASUR;Partido Liberal Colombiano;PARTIDO LIBERAL COLOMBIANO;6
SIACHOQUE;Blanca Mireya Medina Niño;PARTIDO LIBERAL COLOMBIANO;215
SIACHOQUE;Jose Nepomuceno Paipa Vega;"PARTIDO ALIANZA SOCIAL INDEPENDIENTE ""ASI""";214
SIACHOQUE;Diana Carolina Leon Pira;PARTIDO CONSERVADOR COLOMBIANO;205
SIACHOQUE;Fabio Alexander Leon Pardo;PARTIDO LIBERAL COLOMBIANO;164
SIACHOQUE;Edison Oswaldo Aguilar Granados;PARTIDO COLOMBIA RENACIENTE;153
SIACHOQUE;Segundo Albeiro Amaya Lopez;PARTIDO LIBERAL COLOMBIANO;150
SIACHOQUE;Luis Miguel Boyaca Aguilar;PARTIDO CONSERVADOR COLOMBIANO;149
SIACHOQUE;Pablo Jacinto Gonzalez Rojas;"PARTIDO ALIANZA SOCIAL INDEPENDIENTE ""ASI""";147
SIACHOQUE;Manuel Alberto Hernandez Pacanchique;PARTIDO NUEVO LIBERALISMO;141
SIACHOQUE;Melquecidec Cuervo Acuña;PARTIDO LIBERAL COLOMBIANO;137
SIACHOQUE;Jolman Sanchez Quemba;PARTIDO ALIANZA VERDE;129
SIACHOQUE;Jesus Arley Pirachican Grijalba;PARTIDO CONSERVADOR COLOMBIANO;114
SIACHOQUE;Segundo Vicente Lopez Hernandez;PARTIDO DE LA UNIÓN POR LA GENTE - PARTIDO DE LA U;112
SIACHOQUE;Javier Angel Gonzalez Rojas;PARTIDO CAMBIO RADICAL;106
SIACHOQUE;Jaime Leon Soto;PARTIDO COLOMBIA RENACIENTE;103
SIACHOQUE;Fabio Enrique Boyaca De Salvador;PARTIDO CAMBIO RADICAL;94
SIACHOQUE;Leidy Johana Pacanchique Panche;PARTIDO LIBERAL COLOMBIANO;91
SIACHOQUE;Jose Miguel Avila Puin;PARTIDO NUEVO LIBERALISMO;87
SIACHOQUE;Luis German Amaya Florez;PARTIDO ALIANZA VERDE;87
SIACHOQUE;Jairo Alonso Granados Granados;PARTIDO CAMBIO RADICAL;86
SIACHOQUE;Edilson Vargas Caro;PARTIDO CONSERVADOR COLOMBIANO;85
SIACHOQUE;Victor Alonso Camargo Sanabria;PARTIDO LIBERAL COLOMBIANO;83
SIACHOQUE;Luis Alfredo Hernandez Avila;"PARTIDO ALIANZA SOCIAL INDEPENDIENTE ""ASI""";80
SIACHOQUE;William Fernando Medina Giraldo;PARTIDO CONSERVADOR COLOMBIANO;76
SIACHOQUE;Jennifer Carolina Vargas Alvarado;PARTIDO ALIANZA VERDE;75
SIACHOQUE;Francisco Javier Bernal Quiroz;"PARTIDO ALIANZA SOCIAL INDEPENDIENTE ""ASI""";71
SIACHOQUE;Plinio Lopez Pulido;PARTIDO LIBERAL COLOMBIANO;68
SIACHOQUE;Carlos Julio Moreno Castelblanco;PARTIDO DE LA UNIÓN POR LA GENTE - PARTIDO DE LA U;64
SIACHOQUE;Rita Gonzalez Suesca;PARTIDO CONSERVADOR COLOMBIANO;62
SIACHOQUE;William Fernando Espinosa Cardenas;PARTIDO ALIANZA VERDE;61
SIACHOQUE;Cesar Augusto Jimenez Martinez;PARTIDO ALIANZA VERDE;57
SIACHOQUE;Jefer Enrique Catolico Ramirez;PARTIDO CONSERVADOR COLOMBIANO;57
SIACHOQUE;Luis Miguel Zipasuca Avila;PARTIDO DE LA UNIÓN POR LA GENTE - PARTIDO DE LA U;57
SIACHOQUE;Segundo Ricardo Baron Garcia;PARTIDO ALIANZA VERDE;57
SIACHOQUE;Alexander Quemba Garcia;PARTIDO NUEVO LIBERALISMO;52
SIACHOQUE;Gabriel Galindo Avila;PARTIDO NUEVO LIBERALISMO;51
SIACHOQUE;Jairo Miguel Sanchez Espinel;PARTIDO DE LA UNIÓN POR LA GENTE - PARTIDO DE LA U;49
SIACHOQUE;Uriel Parada Jimenez;PARTIDO CAMBIO RADICAL;47
SIACHOQUE;Wilmer Yesid Boyaca Calderon;PARTIDO ALIANZA VERDE;47
SIACHOQUE;Luis Alejandro Baron Bernal;PARTIDO NUEVO LIBERALISMO;42
SIACHOQUE;Helber Motavita Lopez;PARTIDO DE LA UNIÓN POR LA GENTE - PARTIDO DE LA U;41
SIACHOQUE;Ana Milena Espitia Castro;PARTIDO DE LA UNIÓN POR LA GENTE - PARTIDO DE LA U;36
SIACHOQUE;Apuleyo La Rotta Rachen;"PARTIDO ALIANZA SOCIAL INDEPENDIENTE ""ASI""";36
SIACHOQUE;Yina Marcela Pacanchique Ramirez;PARTIDO CAMBIO RADICAL;36
SIACHOQUE;Hector Daniel Rojas Neva;PARTIDO DE LA UNIÓN POR LA GENTE - PARTIDO DE LA U;34
SIACHOQUE;Maria Primitiva Vargas Choconta;PARTIDO NUEVO LIBERALISMO;34
SIACHOQUE;Maria Teresa Vargas Avila;"PARTIDO ALIANZA SOCIAL INDEPENDIENTE ""ASI""";34
SIACHOQUE;Zulma Naydu Moreno Pineda;"PARTIDO ALIANZA SOCIAL INDEPENDIENTE ""ASI""";31
SIACHOQUE;Edgar Ortega Pacavita;PARTIDO CAMBIO RADICAL;29
SIACHOQUE;Sergio Esteban Ayala Pita;"MOVIMIENTO ALTERNATIVO INDÍGENA Y SOCIAL ""MAIS""";28
SIACHOQUE;Liseth Adriana Rativa Grijalba;PARTIDO CENTRO DEMOCRÁTICO;25
SIACHOQUE;Raul Tenza Cardenal;PARTIDO COLOMBIA RENACIENTE;22
SIACHOQUE;Diana Marcela Boyaca Espitia;PARTIDO CENTRO DEMOCRÁTICO;21
SIACHOQUE;Isabel Valenzuela Alvarado;PARTIDO LIBERAL COLOMBIANO;21
SIACHOQUE;Carmen Jeanet Calderon Tenza;PARTIDO COLOMBIA RENACIENTE;20
SIACHOQUE;Partido Alianza Verde;PARTIDO ALIANZA VERDE;20
SIACHOQUE;Maria Del Transito Juisa Desalvador;PARTIDO ALIANZA VERDE;19
SIACHOQUE;"Partido Alianza Social Independiente ""Asi""";"PARTIDO ALIANZA SOCIAL INDEPENDIENTE ""ASI""";19
SIACHOQUE;Sandra Marcela Espinel Cepeda;PARTIDO ALIANZA VERDE;19
SIACHOQUE;Yenni Carolina Jimenez Gonzalez;PARTIDO DE LA UNIÓN POR LA GENTE - PARTIDO DE LA U;17
SIACHOQUE;Eduardo Valiente Pirazan;"MOVIMIENTO ALTERNATIVO INDÍGENA Y SOCIAL ""MAIS""";15
SIACHOQUE;Jorge Alejandro Vargas Chinchilla;"PARTIDO ALIANZA SOCIAL INDEPENDIENTE ""ASI""";15
SIACHOQUE;Maria Ana Guevara Garcia;PARTIDO COLOMBIA RENACIENTE;14
SIACHOQUE;Yeimy Tatiana Cuellar Cuellar;"PARTIDO ALIANZA SOCIAL INDEPENDIENTE ""ASI""";14
SIACHOQUE;Jose Alberto Rodriguez Carabuena;PARTIDO COLOMBIA RENACIENTE;12
SIACHOQUE;Partido Colombia Renaciente;PARTIDO COLOMBIA RENACIENTE;12
SIACHOQUE;Partido Conservador Colombiano;PARTIDO CONSERVADOR COLOMBIANO;12
SIACHOQUE;Pedro Jose Lopez Huertas;PARTIDO LIBERAL COLOMBIANO;12
SIACHOQUE;Yenny Elizabeth Raquira Pirazan;PARTIDO CAMBIO RADICAL;11
SIACHOQUE;Diana Carolina Lucero Tibata;PARTIDO CONSERVADOR COLOMBIANO;10
SIACHOQUE;Graciela Moreno Castelblanco;"MOVIMIENTO ALTERNATIVO INDÍGENA Y SOCIAL ""MAIS""";10
SIACHOQUE;Partido Liberal Colombiano;PARTIDO LIBERAL COLOMBIANO;10
SIACHOQUE;Segundo Rosendo Avila Cruz;PARTIDO NUEVO LIBERALISMO;10
SIACHOQUE;Yesica Fernanda Alvarado Ortega;PARTIDO CAMBIO RADICAL;10
SIACHOQUE;Laura Jimena Garcia Moreno;PARTIDO COLOMBIA RENACIENTE;9
SIACHOQUE;Partido Cambio Radical;PARTIDO CAMBIO RADICAL;9
SIACHOQUE;Partido Nuevo Liberalismo;PARTIDO NUEVO LIBERALISMO;9
SIACHOQUE;Ana Mercedes Suesca Quemba;"MOVIMIENTO ALTERNATIVO INDÍGENA Y SOCIAL ""MAIS""";8
SIACHOQUE;Partido De La Unión Por La Gente - Partido De La U;PARTIDO DE LA UNIÓN POR LA GENTE - PARTIDO DE LA U;8
SIACHOQUE;Maria Camila Murcia Rodriguez;PARTIDO CENTRO DEMOCRÁTICO;6
SIACHOQUE;Partido Centro Democrático;PARTIDO CENTRO DEMOCRÁTICO;6
SIACHOQUE;"Movimiento Alternativo Indígena Y Social ""Mais""";"MOVIMIENTO ALTERNATIVO INDÍGENA Y SOCIAL ""MAIS""";5
SIACHOQUE;Yenni Paola Muñoz Garcia;"MOVIMIENTO ALTERNATIVO INDÍGENA Y SOCIAL ""MAIS""";5
SIACHOQUE;Luz Mery Caro Espinosa;PARTIDO NUEVO LIBERALISMO;4
SIACHOQUE;Flor Alba Rodriguez Garcia;"MOVIMIENTO ALTERNATIVO INDÍGENA Y SOCIAL ""MAIS""";3
SIACHOQUE;Marco Tulio Garcia Duarte;PARTIDO CONSERVADOR COLOMBIANO;3
SIACHOQUE;Maria Del Carmen Sichaca Benavides;PARTIDO DE LA UNIÓN POR LA GENTE - PARTIDO DE LA U;3
SIACHOQUE;Carmen Nathalia Lozada Carlosama;PARTIDO NUEVO LIBERALISMO;2
SIACHOQUE;Jorge Leonardo Amaya Caicedo;PARTIDO CAMBIO RADICAL;2
SIACHOQUE;Maribel Desalvador Vargas;PARTIDO CENTRO DEMOCRÁTICO;2
SOATA;Luis Eduardo Guerrero Carreño;PARTIDO CENTRO DEMOCRÁTICO;251
SOATA;Manuel Leonardo Mojica Acevedo;RENOVACION SOATENSE;243
SOATA;Hector Ivan Correa Diaz;PARTIDO CAMBIO RADICAL;241
SOATA;Oscar Orlando Llanes Blanco;RENOVACION SOATENSE;231
SOATA;Carlos Humberto Acero Botia;PARTIDO CENTRO DEMOCRÁTICO;218
SOATA;Duvan Dario Barrera Orozco;RENOVACION SOATENSE;201
SOATA;Maira Daniela Bohorquez Gomez;MOVIMIENTO SALVACIÓN NACIONAL;187
SOATA;Nelson Joaquin Angarita Rojas;PARTIDO ALIANZA VERDE;171
SOATA;Ramiro Salcedo Reyes;"MOVIMIENTO ALTERNATIVO INDÍGENA Y SOCIAL ""MAIS""";163
SOATA;Partido Liberal Colombiano;PARTIDO LIBERAL COLOMBIANO;160
SOATA;John Diaz Fuentes;"MOVIMIENTO ALTERNATIVO INDÍGENA Y SOCIAL ""MAIS""";152
SOATA;Luis Alirio Mojica Rincon;PARTIDO CONSERVADOR COLOMBIANO;151
SOATA;Edwin Angarita Rincon;PARTIDO ALIANZA VERDE;150
SOATA;Javier Alberto Maldonado Mojica;RENOVACION SOATENSE;130
SOATA;Julio Alexander Mojica Bonilla;RENOVACION SOATENSE;125
SOATA;Leonardo Alberto Carrillo Perez;PARTIDO POLÍTICO DIGNIDAD & COMPROMISO;102
SOATA;Luz Neyra Lizarazo Blanco;"MOVIMIENTO ALTERNATIVO INDÍGENA Y SOCIAL ""MAIS""";101
SOATA;Abel De Jesus Bonilla Melendez;MOVIMIENTO SALVACIÓN NACIONAL;98
SOATA;Lina Fernanda Rodriguez Bonilla;MOVIMIENTO SALVACIÓN NACIONAL;97
SOATA;Rosa Beatriz Medina Aponte;PARTIDO ALIANZA VERDE;92
SOATA;Luis Augusto Bonilla Diez;PARTIDO ALIANZA VERDE;86
SOATA;Ramiro Antonio Medina Lopez;INDEPENDIENTES;86
SOATA;Luz Angela Lizarazo Rojas;PARTIDO CAMBIO RADICAL;84
SOATA;Jorge Luis Lopez Sotelo;PARTIDO ALIANZA VERDE;83
SOATA;Jose Luis Baez Baez;PARTIDO CAMBIO RADICAL;81
SOATA;Jorge Enrique Reyes Angarita;PARTIDO POLÍTICO DIGNIDAD & COMPROMISO;78
SOATA;Gustavo Avila Avila;PARTIDO CAMBIO RADICAL;75
SOATA;Jairo Antonio Velandia Cely;MOVIMIENTO SALVACIÓN NACIONAL;73
SOATA;Nestor Yecid Burgos Perez;PARTIDO CAMBIO RADICAL;72
SOATA;Oscar Humberto Baron Suarez;PARTIDO CENTRO DEMOCRÁTICO;71
SOATA;Ana Ester Sandoval Rojas;RENOVACION SOATENSE;62
SOATA;Nancy Liliana Gutierrez Torres;PARTIDO ALIANZA VERDE;56
SOATA;Jairo Enrique Malaver Panqueba;RENOVACION SOATENSE;55
SOATA;Ana Consuelo Gomez Cardenas;RENOVACION SOATENSE;53
SOATA;Edwin Leonardo Lizarazo Cifuentes;PARTIDO ALIANZA VERDE;53
SOATA;Maria Lorena Quintero Galvis;PARTIDO CENTRO DEMOCRÁTICO;53
SOATA;Juan Pablo Niño Bonilla;PARTIDO ALIANZA VERDE;52
SOATA;Maria Isabel Gomez Mojica;"MOVIMIENTO ALTERNATIVO INDÍGENA Y SOCIAL ""MAIS""";52
SOATA;Estiver Ferney Mojica Briceño;INDEPENDIENTES;51
SOATA;Fabian Mauricio Mancipe Moreno;"MOVIMIENTO ALTERNATIVO INDÍGENA Y SOCIAL ""MAIS""";49
SOATA;Britman Julian Blanco Rodriguez;PARTIDO POLÍTICO DIGNIDAD & COMPROMISO;44
SOATA;Anyi Veronica Pinzon Manrique;"MOVIMIENTO ALTERNATIVO INDÍGENA Y SOCIAL ""MAIS""";43
SOATA;Sonia Lucia Forero Baez;PARTIDO CAMBIO RADICAL;43
SOATA;Juan Carlos Gomez Sandoval;INDEPENDIENTES;38
SOATA;Paula Lorena Manrique Misse;PARTIDO ALIANZA VERDE;36
SOATA;Luis Orlando Vivas Baez;INDEPENDIENTES;35
SOATA;Karen Lorena Salcedo Rojas;RENOVACION SOATENSE;34
SOATA;Deisy Yohana Sanchez Lizarazo;PARTIDO CAMBIO RADICAL;32
SOATA;Lili Jazmin Dueñas;INDEPENDIENTES;29
SOATA;Maria Stella Lopez Gomez;MOVIMIENTO SALVACIÓN NACIONAL;29
SOATA;Partido Conservador Colombiano;PARTIDO CONSERVADOR COLOMBIANO;29
SOATA;Victor Eduardo Cardenas Gonzalez;PARTIDO POLÍTICO DIGNIDAD & COMPROMISO;23
SOATA;Diana Carolina Cudris Duarte;INDEPENDIENTES;22
SOATA;Partido Alianza Verde;PARTIDO ALIANZA VERDE;22
SOATA;Carlos Adrian Angarita Gualteros;PARTIDO CAMBIO RADICAL;21
SOATA;Diego Mauricio Sandoval Blanco;PARTIDO CAMBIO RADICAL;20
SOATA;Partido Centro Democrático;PARTIDO CENTRO DEMOCRÁTICO;15
SOATA;Renovacion Soatense;RENOVACION SOATENSE;14
SOATA;Reynaldo Baez Baez;PARTIDO POLÍTICO DIGNIDAD & COMPROMISO;14
SOATA;Horacio Jose Manrique Gomez;INDEPENDIENTES;13
SOATA;Yolanda Rojas Quintero;PARTIDO POLÍTICO DIGNIDAD & COMPROMISO;12
SOATA;Jairo Edilberto Cifuentes Poveda;INDEPENDIENTES;10
SOATA;Quiterio Baez Lizarazo;PARTIDO CENTRO DEMOCRÁTICO;10
SOATA;Genny Tatiana Mongui Alarcon;PARTIDO POLÍTICO DIGNIDAD & COMPROMISO;9
SOATA;"Movimiento Alternativo Indígena Y Social ""Mais""";"MOVIMIENTO ALTERNATIVO INDÍGENA Y SOCIAL ""MAIS""";9
SOATA;Linda Evelyn Sepulveda Corredor;"MOVIMIENTO ALTERNATIVO INDÍGENA Y SOCIAL ""MAIS""";8
SOATA;Partido Cambio Radical;PARTIDO CAMBIO RADICAL;8
SOATA;Walter Oswaldo Salamanca Valenzuela;PARTIDO POLÍTICO DIGNIDAD & COMPROMISO;8
SOATA;Movimiento  Salvación Nacional;MOVIMIENTO SALVACIÓN NACIONAL;7
SOATA;Angelica Patricia Correa Caceres;PARTIDO CENTRO DEMOCRÁTICO;6
SOATA;Yesenia Orosco Acuña;PARTIDO POLÍTICO DIGNIDAD & COMPROMISO;6
SOATA;Leyla Maritza Moreno Ibarra;INDEPENDIENTES;4
SOATA;Independientes;INDEPENDIENTES;2
SOATA;Partido Político Dignidad & Compromiso;PARTIDO POLÍTICO DIGNIDAD & COMPROMISO;2
SOCHA;Edwin Rolando Araque Montañez;PARTIDO LIBERAL COLOMBIANO;309
SOCHA;Evert Alfonso Mejia Amaya;PARTIDO LIBERAL COLOMBIANO;303
SOCHA;Edgar Benitez Patiño;PARTIDO CONSERVADOR COLOMBIANO;279
SOCHA;Edgar Alfonso Estepa Gomez;PARTIDO ALIANZA VERDE;182
SOCHA;Meliton Severo Arismendy Perez;PARTIDO DE LA UNIÓN POR LA GENTE - PARTIDO DE LA U;181
SOCHA;Victor Alfonso Martinez Uscategui;PARTIDO DE LA UNIÓN POR LA GENTE - PARTIDO DE LA U;166
SOCHA;Omar De Jesus Araque Martinez;PARTIDO CAMBIO RADICAL;162
SOCHA;Omar Waldo Sanchez Carvajal;PARTIDO CONSERVADOR COLOMBIANO;147
SOCHA;Marianela De La Coromoto Araque Garcia;PARTIDO LIBERAL COLOMBIANO;146
SOCHA;Wilver Yesid Sua Salcedo;PARTIDO ALIANZA VERDE;143
SOCHA;Blanca Zoraida Angel Sanchez;PARTIDO LIBERAL COLOMBIANO;142
SOCHA;Martha Elena Sua Cuevas;PARTIDO DE LA UNIÓN POR LA GENTE - PARTIDO DE LA U;135
SOCHA;Oscar Sanchez Zarate;PARTIDO ALIANZA VERDE;132
SOCHA;Laura Katherine Arciniegas Tellez;PARTIDO LIBERAL COLOMBIANO;119
SOCHA;Paula Andrea Bernal Miranda;PARTIDO ALIANZA VERDE;114
SOCHA;Yeimy Rocio Manrique Carreño;PARTIDO LIBERAL COLOMBIANO;110
SOCHA;Jose De Jesus Zocadagui Cayachoa;PARTIDO CONSERVADOR COLOMBIANO;103
SOCHA;Jose Roberto Amaya Rojas;PARTIDO CONSERVADOR COLOMBIANO;103
SOCHA;Luis Mauricio Melo Cardenas;SUMERCÉ;91
SOCHA;Diego Mauricio Vargas Masmela;PARTIDO CAMBIO RADICAL;90
SOCHA;Jeisson Rodrigo Caro;PARTIDO ALIANZA VERDE;88
SOCHA;Carlos Arturo Granados Ojeda;PARTIDO ALIANZA VERDE;84
SOCHA;Ana Elizabeth Araque Montañez;SUMERCÉ;83
SOCHA;Diego Leonardo Tibaduiza Estupinan;PARTIDO LIBERAL COLOMBIANO;75
SOCHA;Lady Paola Garcia Vergara;PARTIDO CAMBIO RADICAL;72
SOCHA;Santiago Estivenson Malpica Bustos;SUMERCÉ;72
SOCHA;Nidia Paola Rojas Cuy;PARTIDO DE LA UNIÓN POR LA GENTE - PARTIDO DE LA U;61
SOCHA;Kevin De Jesus Vargas Uscategui;PARTIDO ALIANZA VERDE;56
SOCHA;Ruben Dario Arismendy Escamilla;PARTIDO LIBERAL COLOMBIANO;56
SOCHA;Mary Nelly Gomez Estupiñan;PARTIDO CAMBIO RADICAL;53
SOCHA;Paula Vanessa Duran Estupiñan;PARTIDO ALIANZA VERDE;53
SOCHA;John Edisson Vega Gomez;SUMERCÉ;52
SOCHA;Edna Rocio Duran Avellaneda;PARTIDO CONSERVADOR COLOMBIANO;46
SOCHA;Nelson Ortega Rodriguez;SUMERCÉ;46
SOCHA;Jorge Enrique Estupiñan Lopez;PARTIDO CAMBIO RADICAL;41
SOCHA;Partido Liberal Colombiano;PARTIDO LIBERAL COLOMBIANO;39
SOCHA;Samanda Patricia Estupiñan Mercado;PARTIDO CONSERVADOR COLOMBIANO;34
SOCHA;German Riaño Niño;PARTIDO DE LA UNIÓN POR LA GENTE - PARTIDO DE LA U;33
SOCHA;Jonh Jairo Masmela Vargas;PARTIDO LIBERAL COLOMBIANO;31
SOCHA;Pablo Antonio Manrique Arismendy;SUMERCÉ;30
SOCHA;Partido Conservador Colombiano;PARTIDO CONSERVADOR COLOMBIANO;30
SOCHA;Herminda Herrera Cuevas;SUMERCÉ;27
SOCHA;Nohora Natalia Jimenez Estupiñan;PARTIDO ALIANZA VERDE;26
SOCHA;Partido Alianza Verde;PARTIDO ALIANZA VERDE;24
SOCHA;Pedro Ramiro Gutierrez Benitez;PARTIDO CAMBIO RADICAL;23
SOCHA;Aida Julieth Triana Granados;PARTIDO CONSERVADOR COLOMBIANO;22
SOCHA;Liliana Cely Uscategui;PARTIDO CONSERVADOR COLOMBIANO;20
SOCHA;Sumercé;SUMERCÉ;19
SOCHA;Mayra Alejandra Suarez Arismendy;SUMERCÉ;18
SOCHA;Juan Diego Sua Marin;PARTIDO DE LA UNIÓN POR LA GENTE - PARTIDO DE LA U;16
SOCHA;Gilberto Camacho Vera;PARTIDO CAMBIO RADICAL;15
SOCHA;Gilmen Ricardo Arismendi Sanabria;PARTIDO CONSERVADOR COLOMBIANO;14
SOCHA;Martha Rocio Vergara Niño;PARTIDO CAMBIO RADICAL;10
SOCHA;Deisy Susana Olivares Fuentes;PARTIDO DE LA UNIÓN POR LA GENTE - PARTIDO DE LA U;9
SOCHA;Partido Cambio Radical;PARTIDO CAMBIO RADICAL;9
SOCHA;Partido De La Unión Por La Gente - Partido De La U;PARTIDO DE LA UNIÓN POR LA GENTE - PARTIDO DE LA U;7
SOCOTA;Fraydel Velandia Carvajal;PARTIDO DE LA UNIÓN POR LA GENTE - PARTIDO DE LA U;271
SOCOTA;Luz Yaneth Cruz Rodriguez;PARTIDO CENTRO DEMOCRÁTICO;206
SOCOTA;Dayce Esperanza Alfonso Salcedo;PARTIDO DE LA UNIÓN POR LA GENTE - PARTIDO DE LA U;183
SOCOTA;Eduardo Bello Riaño;PARTIDO DE LA UNIÓN POR LA GENTE - PARTIDO DE LA U;168
SOCOTA;Jose Daniel Niño Niño;PARTIDO DE LA UNIÓN POR LA GENTE - PARTIDO DE LA U;161
SOCOTA;Numar Cucunuba Cubaque;PARTIDO VERDE OXÍGENO;153
SOCOTA;Wilson Gerardo Niño Duran;"PARTIDO ALIANZA SOCIAL INDEPENDIENTE ""ASI""";150
SOCOTA;Juan De Jesus Duarte Chaparro;PARTIDO ALIANZA VERDE;133
SOCOTA;Rigoberto Blanco Barrera;PARTIDO LIBERAL COLOMBIANO;130
SOCOTA;Nelso Velandia Mendivelso;PARTIDO ALIANZA VERDE;127
SOCOTA;Edwin Alexander Bolaños Toncon;PARTIDO CENTRO DEMOCRÁTICO;124
SOCOTA;Maria Eugenia Castro Diaz;PARTIDO DE LA UNIÓN POR LA GENTE - PARTIDO DE LA U;120
SOCOTA;Victor Asdrubal Sepulveda Benitez;PARTIDO LIBERAL COLOMBIANO;113
SOCOTA;Luis Eduardo Porras Ojeda;MOVIMIENTO POLITICO FUERZA CIUDADANA;108
SOCOTA;Yeferson Aldair Mendivelso Gil;MOVIMIENTO POLITICO FUERZA CIUDADANA;107
SOCOTA;Segundo Euclides Velandia Ojeda;PARTIDO LIBERAL COLOMBIANO;100
SOCOTA;Luz Pohema Cristiano Ojeda;PARTIDO LIBERAL COLOMBIANO;92
SOCOTA;Edwin Alexander Ravelo Montoya;MOVIMIENTO POLITICO FUERZA CIUDADANA;89
SOCOTA;Luis Esteban Riaño Montoya;PARTIDO VERDE OXÍGENO;80
SOCOTA;Eduardo Fernandez Goyeneche;PARTIDO ALIANZA VERDE;68
SOCOTA;Jose Efren Cristiano Alba;"MOVIMIENTO ALTERNATIVO INDÍGENA Y SOCIAL ""MAIS""";66
SOCOTA;Andres Salcedo Leal;PARTIDO LIBERAL COLOMBIANO;60
SOCOTA;Juan Carlos Duran Duran;MOVIMIENTO POLITICO FUERZA CIUDADANA;59
SOCOTA;Tito Andres Mendivelso Ortiz;PARTIDO NUEVO LIBERALISMO;59
SOCOTA;Jeisson Stiven Niño Riaño;"MOVIMIENTO ALTERNATIVO INDÍGENA Y SOCIAL ""MAIS""";57
SOCOTA;Yobany Alfonso Ramirez Carreño;PARTIDO LIBERAL COLOMBIANO;54
SOCOTA;Julian Goyeneche Manrique;"PARTIDO ALIANZA SOCIAL INDEPENDIENTE ""ASI""";52
SOCOTA;Laura Alejandra Ramirez Mendivelso;PARTIDO ALIANZA VERDE;52
SOCOTA;Carlos Augusto Vega;PARTIDO VERDE OXÍGENO;51
SOCOTA;Luz Dary Galvis Sua;"PARTIDO ALIANZA SOCIAL INDEPENDIENTE ""ASI""";50
SOCOTA;Domingo Libaniel Baron Avellaneda;PARTIDO VERDE OXÍGENO;49
SOCOTA;Pablo Emilio Gallo Pasachoa;PARTIDO VERDE OXÍGENO;49
SOCOTA;Carlos Fernandez Romero;PARTIDO DE LA UNIÓN POR LA GENTE - PARTIDO DE LA U;47
SOCOTA;Dionisio Sua Mendivelso;"PARTIDO ALIANZA SOCIAL INDEPENDIENTE ""ASI""";42
SOCOTA;Jose Lubertino Niño Sepulveda;PARTIDO NUEVO LIBERALISMO;41
SOCOTA;Maicolth Felipe Manrique Perez;PARTIDO LIBERAL COLOMBIANO;40
SOCOTA;Ciro Yecid Goyeneche Castro;PARTIDO LIBERAL COLOMBIANO;39
SOCOTA;Segundo Prospero Gomez Gomez;PARTIDO NUEVO LIBERALISMO;36
SOCOTA;Danny Ferney Torres Castro;"PARTIDO ALIANZA SOCIAL INDEPENDIENTE ""ASI""";35
SOCOTA;Jilmer Niño Duran;PARTIDO NUEVO LIBERALISMO;35
SOCOTA;Partido De La Unión Por La Gente - Partido De La U;PARTIDO DE LA UNIÓN POR LA GENTE - PARTIDO DE LA U;35
SOCOTA;Partido Liberal Colombiano;PARTIDO LIBERAL COLOMBIANO;34
SOCOTA;Ana Milena Abril Cruz;MOVIMIENTO POLITICO FUERZA CIUDADANA;32
SOCOTA;Dirley Goyeneche Niño;PARTIDO ALIANZA VERDE;32
SOCOTA;Wlber Danilo Aldana Riaño;PARTIDO NUEVO LIBERALISMO;32
SOCOTA;Daniel Cristiano Perez;MOVIMIENTO POLITICO FUERZA CIUDADANA;30
SOCOTA;Claudia Moreno Leal;PARTIDO ALIANZA VERDE;24
SOCOTA;Isolina Cardenas;PARTIDO DE LA UNIÓN POR LA GENTE - PARTIDO DE LA U;23
SOCOTA;Mery Malagon Murillo;PARTIDO NUEVO LIBERALISMO;22
SOCOTA;Pedro Olivares Mendivelso;MOVIMIENTO POLITICO FUERZA CIUDADANA;21
SOCOTA;Marilce Soto Orozco;PARTIDO ALIANZA VERDE;20
SOCOTA;Hector Duran Goyeneche;PARTIDO VERDE OXÍGENO;19
SOCOTA;Johann Stiwar Carreño Coronel;PARTIDO CENTRO DEMOCRÁTICO;19
SOCOTA;Esteban Rincon Marin;"MOVIMIENTO ALTERNATIVO INDÍGENA Y SOCIAL ""MAIS""";15
SOCOTA;Partido Alianza Verde;PARTIDO ALIANZA VERDE;15
SOCOTA;Efren Salcedo Sua;"MOVIMIENTO ALTERNATIVO INDÍGENA Y SOCIAL ""MAIS""";14
SOCOTA;Partido Centro Democrático;PARTIDO CENTRO DEMOCRÁTICO;14
SOCOTA;Yeny Paola Salamanca Rodriguez;PARTIDO VERDE OXÍGENO;14
SOCOTA;Yohana Riaño Fernandez;PARTIDO CENTRO DEMOCRÁTICO;14
SOCOTA;Marco Antonio Gualteros Vargas;"PARTIDO ALIANZA SOCIAL INDEPENDIENTE ""ASI""";13
SOCOTA;Partido Verde Oxígeno;PARTIDO VERDE OXÍGENO;12
SOCOTA;Ruben Benitez Chaparro;"PARTIDO ALIANZA SOCIAL INDEPENDIENTE ""ASI""";12
SOCOTA;Carlos Julio Zarate Valbuena;MOVIMIENTO POLITICO FUERZA CIUDADANA;11
SOCOTA;Lisimaco Duran;PARTIDO VERDE OXÍGENO;11
SOCOTA;Lucelida Daza Pinzon;PARTIDO NUEVO LIBERALISMO;11
SOCOTA;Movimiento Politico Fuerza Ciudadana;MOVIMIENTO POLITICO FUERZA CIUDADANA;11
SOCOTA;Ayda Sufey Mendivelso Mendivelso;PARTIDO VERDE OXÍGENO;9
SOCOTA;Nestor Felipe Calderon Vega;PARTIDO NUEVO LIBERALISMO;9
SOCOTA;Diana Lucia Sua Porras;PARTIDO VERDE OXÍGENO;8
SOCOTA;Luisa Fernanda Mafla Tapia;PARTIDO LIBERAL COLOMBIANO;8
SOCOTA;Maria Eugenia Toncon Velandia;MOVIMIENTO POLITICO FUERZA CIUDADANA;8
SOCOTA;Jose Fabio Vega Gutierrez;PARTIDO CENTRO DEMOCRÁTICO;7
SOCOTA;"Partido Alianza Social Independiente ""Asi""";"PARTIDO ALIANZA SOCIAL INDEPENDIENTE ""ASI""";7
SOCOTA;Ana Rita Goyeneche Leal;PARTIDO NUEVO LIBERALISMO;6
SOCOTA;Luis Jaime Duran Velandia;PARTIDO NUEVO LIBERALISMO;5
SOCOTA;Maria Hercilia Zambrano Estepa;PARTIDO VERDE OXÍGENO;4
SOCOTA;Olegario Ojeda Albarracin;PARTIDO DE LA UNIÓN POR LA GENTE - PARTIDO DE LA U;4
SOCOTA;Partido Nuevo Liberalismo;PARTIDO NUEVO LIBERALISMO;4
SOCOTA;Yessica Paola Duran Goyeneche;PARTIDO LIBERAL COLOMBIANO;4
SOCOTA;Nury Constanza Goyeneche Perez;PARTIDO NUEVO LIBERALISMO;3
SOCOTA;Seidy Carolina Garcia Duran;"PARTIDO ALIANZA SOCIAL INDEPENDIENTE ""ASI""";3
SOCOTA;Alicia Azucena Mendivelso;"MOVIMIENTO ALTERNATIVO INDÍGENA Y SOCIAL ""MAIS""";2
SOCOTA;Maria Carolina Toncon Velandia;"MOVIMIENTO ALTERNATIVO INDÍGENA Y SOCIAL ""MAIS""";2
SOCOTA;Maria Stella Masmela Mesa;PARTIDO LIBERAL COLOMBIANO;2
SOCOTA;"Movimiento Alternativo Indígena Y Social ""Mais""";"MOVIMIENTO ALTERNATIVO INDÍGENA Y SOCIAL ""MAIS""";2
SOCOTA;Jose Niceforo Benitez Torres;PARTIDO DE LA UNIÓN POR LA GENTE - PARTIDO DE LA U;1
SOCOTA;Nidia Patricia Cruz Pasachoa;PARTIDO DE LA UNIÓN POR LA GENTE - PARTIDO DE LA U;1
SOCOTA;Rocio Omaira Avila Martinez;"PARTIDO ALIANZA SOCIAL INDEPENDIENTE ""ASI""";1
SOGAMOSO;Luz Stella Fernandez Chaparro;PARTIDO LIBERAL COLOMBIANO;1657
SOGAMOSO;Willian Rodrigo Palacios Alvarado;PARTIDO LIBERAL COLOMBIANO;1095
SOGAMOSO;Helena Sofia Figueroa Cogollos;PARTIDO LIBERAL COLOMBIANO;1037
SOGAMOSO;Rodrigo Alonso Perez Orduz;PARTIDO LIBERAL COLOMBIANO;941
SOGAMOSO;Marco Alirio Marquez Quintero;PARTIDO LIBERAL COLOMBIANO;922
SOGAMOSO;Pedro Yahir Rodriguez Cardenas;PARTIDO CONSERVADOR COLOMBIANO;870
SOGAMOSO;Diego Fernando Fagua Torres;PARTIDO ALIANZA VERDE;831
SOGAMOSO;Henry Alonso Garcia Mesa;PARTIDO COLOMBIA RENACIENTE;776
SOGAMOSO;Diego Norberto Perez Rodriguez;COALICION CIVICA POR SOGAMOSO;766
SOGAMOSO;John Jairo Rincon Preciado;"MOVIMIENTO ALTERNATIVO INDÍGENA Y SOCIAL ""MAIS""";758
SOGAMOSO;Hernan Dario Triana Pulido;PACTO HISTORICO;731
SOGAMOSO;Edwin Barrera Sierra;PARTIDO CONSERVADOR COLOMBIANO;721
SOGAMOSO;Omar Javier Medina Alfonso;"MOVIMIENTO ALTERNATIVO INDÍGENA Y SOCIAL ""MAIS""";714
SOGAMOSO;Carlos Andres Bello Paez;"PARTIDO ALIANZA SOCIAL INDEPENDIENTE ""ASI""";709
SOGAMOSO;Edwar Santiago Hurtado Plazas;MOVIMIENTO POLITICO FUERZA CIUDADANA;696
SOGAMOSO;Gustavo Adolfo Avella Romero;PARTIDO NUEVO LIBERALISMO;660
SOGAMOSO;Luz Fany Zambrano Soraca;PARTIDO NUEVO LIBERALISMO;657
SOGAMOSO;Dumar Perez Garcia;PARTIDO CENTRO DEMOCRÁTICO;627
SOGAMOSO;Allan Rene Forero Acevedo;PARTIDO CONSERVADOR COLOMBIANO;626
SOGAMOSO;Jairo Sebastian Acevedo Lizarazo;PARTIDO CONSERVADOR COLOMBIANO;614
SOGAMOSO;Maria Camila Pesca Chaparro;PARTIDO COLOMBIA RENACIENTE;605
SOGAMOSO;Yasmin Liliana Alvarez Morales;COALICION CIVICA POR SOGAMOSO;580
SOGAMOSO;Jose Anyelo Naranjo Amaya;PARTIDO CENTRO DEMOCRÁTICO;575
SOGAMOSO;Nicolas Rodriguez Perez;PARTIDO ALIANZA VERDE;565
SOGAMOSO;Heiner Yair Chaparro Lopez;PARTIDO NUEVO LIBERALISMO;548
SOGAMOSO;Juan Carlos Pinilla Camargo;COALICION CIVICA POR SOGAMOSO;547
SOGAMOSO;Jose Ignacio Suarez Moreno;PARTIDO NUEVO LIBERALISMO;535
SOGAMOSO;Bayron Lozano Sanchez;PARTIDO NUEVO LIBERALISMO;516
SOGAMOSO;Mireya Esperanza Moreno Sanchez;PARTIDO CONSERVADOR COLOMBIANO;505
SOGAMOSO;Miguel Angel Castillo Camargo;PARTIDO NUEVO LIBERALISMO;504
SOGAMOSO;Samuel Fernando Perez Perez;"MOVIMIENTO ALTERNATIVO INDÍGENA Y SOCIAL ""MAIS""";498
SOGAMOSO;Diego Fernando Castillo Cardenas;PARTIDO CONSERVADOR COLOMBIANO;491
SOGAMOSO;Juan Diego Rojas Siachoque;PARTIDO POLÍTICO LA FUERZA DE LA PAZ;489
SOGAMOSO;John Jairo Ricaurte Alarcon;MOVIMIENTO POLITICO FUERZA CIUDADANA;475
SOGAMOSO;Gerardo Palacios Amezquita;PARTIDO CONSERVADOR COLOMBIANO;471
SOGAMOSO;Ana Bolena Avella Delgado;PARTIDO DEMÓCRATA COLOMBIANO;463
SOGAMOSO;Juan Carlos Moreno Sierra;PARTIDO NUEVO LIBERALISMO;459
SOGAMOSO;Wilkins Fernando Chaparro Cuervo;PARTIDO COLOMBIA RENACIENTE;453
SOGAMOSO;Jesus Maria Sanchez Moreno;PARTIDO COLOMBIA RENACIENTE;449
SOGAMOSO;Nicolas Camargo Rodriguez;PARTIDO DE LA UNIÓN POR LA GENTE - PARTIDO DE LA U;449
SOGAMOSO;Pacto Historico;PACTO HISTORICO;442
SOGAMOSO;Andres Mateo Quemba Niño;PARTIDO CONSERVADOR COLOMBIANO;439
SOGAMOSO;Miguel Angel Salcedo Castro;PARTIDO COLOMBIA RENACIENTE;408
SOGAMOSO;Edgar Gualteros Amaya;PACTO HISTORICO;404
SOGAMOSO;Miguel Rios Diaz;PARTIDO NUEVO LIBERALISMO;396
SOGAMOSO;Carlos Danilo Puerto Camargo;PARTIDO LIBERAL COLOMBIANO;390
SOGAMOSO;Edilberto Alvarez Avella;MOVIMIENTO POLITICO FUERZA CIUDADANA;382
SOGAMOSO;Ana Maria Medina Vanegas;PARTIDO NUEVO LIBERALISMO;374
SOGAMOSO;Javier Orlando Garzon Perez;PARTIDO COLOMBIA RENACIENTE;373
SOGAMOSO;Javier Alexander Guarin;COALICION CIVICA POR SOGAMOSO;370
SOGAMOSO;Andres Felipe Porras Acero;PARTIDO NUEVO LIBERALISMO;365
SOGAMOSO;Olga Lucia Vargas Bautista;PARTIDO ALIANZA VERDE;363
SOGAMOSO;Willian Orlando Silva Barrera;"MOVIMIENTO ALTERNATIVO INDÍGENA Y SOCIAL ""MAIS""";362
SOGAMOSO;Maria Estela Patiño Ramirez;PARTIDO NUEVO LIBERALISMO;360
SOGAMOSO;Partido Liberal Colombiano;PARTIDO LIBERAL COLOMBIANO;357
SOGAMOSO;Cesar Augusto Manrique Arismendy;PARTIDO LIBERAL COLOMBIANO;341
SOGAMOSO;Jose Cenen Montañez Espitia;"MOVIMIENTO ALTERNATIVO INDÍGENA Y SOCIAL ""MAIS""";338
SOGAMOSO;Whilfredo Rivera Cogua;MOVIMIENTO POLITICO FUERZA CIUDADANA;336
SOGAMOSO;Jose Ubaldo Poveda Poveda;MOVIMIENTO POLITICO FUERZA CIUDADANA;332
SOGAMOSO;Miguel Angel Lozano Franco;"PARTIDO ALIANZA SOCIAL INDEPENDIENTE ""ASI""";329
SOGAMOSO;Nestor Rafael Cabana Gonzalez;PACTO HISTORICO;320
SOGAMOSO;Cristian Mateo Silva;PACTO HISTORICO;317
SOGAMOSO;Julio Roberto Moreno Lopez;PARTIDO COLOMBIA RENACIENTE;315
SOGAMOSO;Luis Benigno Castillo Mesa;PARTIDO COLOMBIA RENACIENTE;311
SOGAMOSO;Maria Nelly Sierra Gutierrez;PARTIDO NUEVO LIBERALISMO;308
SOGAMOSO;Luisa Natalia Bayona Niño;PARTIDO NUEVO LIBERALISMO;303
SOGAMOSO;Elizabeth Piragauta Rodriguez;PARTIDO LIBERAL COLOMBIANO;302
SOGAMOSO;Luis Alberto Vega Rodriguez;MOVIMIENTO POLITICO FUERZA CIUDADANA;302
SOGAMOSO;Miguel Alexander Montoya Echeverry;PARTIDO ALIANZA VERDE;300
SOGAMOSO;Jenniferliced Garcia Rojas;PARTIDO LIBERAL COLOMBIANO;292
SOGAMOSO;Ana Victoria Cardenas Aguirre;PARTIDO CONSERVADOR COLOMBIANO;289
SOGAMOSO;Fabio Andres Olarte Artunduaga;"MOVIMIENTO ALTERNATIVO INDÍGENA Y SOCIAL ""MAIS""";278
SOGAMOSO;Yiber Esteban Pesca Gomez;PARTIDO POLÍTICO LA FUERZA DE LA PAZ;275
SOGAMOSO;Partido Centro Democrático;PARTIDO CENTRO DEMOCRÁTICO;265
SOGAMOSO;Fanny Jannethe Alvarado Siachoque;PARTIDO COLOMBIA RENACIENTE;256
SOGAMOSO;Maria Yaneth Torres Agudelo;PARTIDO LIBERAL COLOMBIANO;252
SOGAMOSO;Christian Leandro Diaz Velandia;COALICION CIVICA POR SOGAMOSO;249
SOGAMOSO;Partido Nuevo Liberalismo;PARTIDO NUEVO LIBERALISMO;248
SOGAMOSO;Roberto Barrera Plazas;PARTIDO COLOMBIA RENACIENTE;248
SOGAMOSO;Sandra Ixcelina Hurtado Niño;PARTIDO NUEVO LIBERALISMO;244
SOGAMOSO;John Fredy Patiño Chaparro;COALICION CIVICA POR SOGAMOSO;242
SOGAMOSO;Camilo Andres Hernandez Ayala;MOVIMIENTO POLITICO FUERZA CIUDADANA;240
SOGAMOSO;Roberto Carlos Chaparro Alarcon;PARTIDO NUEVO LIBERALISMO;237
SOGAMOSO;Victor Manuel Vega Berdugo;"MOVIMIENTO ALTERNATIVO INDÍGENA Y SOCIAL ""MAIS""";235
SOGAMOSO;Elizabeth Ferrucho Moreno;"PARTIDO ALIANZA SOCIAL INDEPENDIENTE ""ASI""";234
SOGAMOSO;Monica Jinneth Pedraza Perez;PARTIDO ALIANZA VERDE;228
SOGAMOSO;Andrea Johana Rincon Castro;COALICION CIVICA POR SOGAMOSO;226
SOGAMOSO;Jorge Enrique Tami Naranjo;PACTO HISTORICO;224
SOGAMOSO;Edwin Ferney Gil Cardenas;PACTO HISTORICO;223
SOGAMOSO;Hector Julio Vargas Malaver;COALICION CIVICA POR SOGAMOSO;222
SOGAMOSO;Partido Alianza Verde;PARTIDO ALIANZA VERDE;222
SOGAMOSO;Maria Camila Gutierrez Patiño;PARTIDO CENTRO DEMOCRÁTICO;220
SOGAMOSO;Andrea Barragan Reyes;PARTIDO LIBERAL COLOMBIANO;216
SOGAMOSO;Hector Alfonso Agaton Alvarez;PARTIDO CENTRO DEMOCRÁTICO;214
SOGAMOSO;Gilberto Daza Cardona;PARTIDO CONSERVADOR COLOMBIANO;206
SOGAMOSO;William Giovany Puentes Rincon;PARTIDO POLÍTICO LA FUERZA DE LA PAZ;206
SOGAMOSO;Edwin Efrain Cardozo Mesa;PARTIDO DEMÓCRATA COLOMBIANO;203
SOGAMOSO;Karol Sofia Gutierrez Cepeda;"MOVIMIENTO ALTERNATIVO INDÍGENA Y SOCIAL ""MAIS""";190
SOGAMOSO;Carlos Alexander Mariño Salgado;PARTIDO NUEVO LIBERALISMO;187
SOGAMOSO;Lina Tatiana Naranjo Guio;PARTIDO DEMÓCRATA COLOMBIANO;187
SOGAMOSO;Diego Alirio Plazas Figueroa;PARTIDO ALIANZA VERDE;183
SOGAMOSO;Luis Eduardo Suarez Norato;PARTIDO POLÍTICO LA FUERZA DE LA PAZ;183
SOGAMOSO;Edinson Andres Cardona Corredor;PARTIDO DE LA UNIÓN POR LA GENTE - PARTIDO DE LA U;182
SOGAMOSO;Jaime Alexis Avella Coy;PARTIDO ALIANZA VERDE;181
SOGAMOSO;David Alonso Mesa Montaña;PACTO HISTORICO;172
SOGAMOSO;Willian Andres Reina Torres;"PARTIDO ALIANZA SOCIAL INDEPENDIENTE ""ASI""";172
SOGAMOSO;Jaider Estiben Murillo Ramos;"PARTIDO ALIANZA SOCIAL INDEPENDIENTE ""ASI""";167
SOGAMOSO;Mayra Judith Paez Garcia;"MOVIMIENTO ALTERNATIVO INDÍGENA Y SOCIAL ""MAIS""";167
SOGAMOSO;Oscar Eduardo Orduz Cruz;PARTIDO POLÍTICO LA FUERZA DE LA PAZ;166
SOGAMOSO;Cristian David Camargo Choconta;PARTIDO COLOMBIA RENACIENTE;164
SOGAMOSO;Plinio Mendoza Buitrago;PARTIDO POLÍTICO LA FUERZA DE LA PAZ;161
SOGAMOSO;Henry Amezquita Perez;PARTIDO POLÍTICO LA FUERZA DE LA PAZ;154
SOGAMOSO;Vicente Uriel Mesa Gonzalez;PARTIDO CONSERVADOR COLOMBIANO;152
SOGAMOSO;Raul Hector Lara Ojeda;PARTIDO LIBERAL COLOMBIANO;149
SOGAMOSO;Partido Conservador Colombiano;PARTIDO CONSERVADOR COLOMBIANO;147
SOGAMOSO;Wilton Javier Echeverria;PACTO HISTORICO;145
SOGAMOSO;Edgar Eliecer Mojica Martinez;PARTIDO CENTRO DEMOCRÁTICO;143
SOGAMOSO;Martha Liliana Romero Español;COALICION CIVICA POR SOGAMOSO;141
SOGAMOSO;Cesar Augusto Puentes Perez;PARTIDO CONSERVADOR COLOMBIANO;140
SOGAMOSO;Yolisbeth Del Valle Perez Pinto;COALICION CIVICA POR SOGAMOSO;140
SOGAMOSO;Miguel Geovany Patiño Maldonado;PARTIDO CENTRO DEMOCRÁTICO;138
SOGAMOSO;Steve Austin Medina Merchan;"MOVIMIENTO ALTERNATIVO INDÍGENA Y SOCIAL ""MAIS""";138
SOGAMOSO;Heiner Fabian Peña Alarcon;"MOVIMIENTO ALTERNATIVO INDÍGENA Y SOCIAL ""MAIS""";137
SOGAMOSO;"Movimiento Alternativo Indígena Y Social ""Mais""";"MOVIMIENTO ALTERNATIVO INDÍGENA Y SOCIAL ""MAIS""";135
SOGAMOSO;Holman Rolando Velasquez Mesa;COALICION CIVICA POR SOGAMOSO;132
SOGAMOSO;Juan Sebastian Rojas Cruz;PARTIDO LIBERAL COLOMBIANO;131
SOGAMOSO;Andres Felipe Bautista Vera;PARTIDO NUEVO LIBERALISMO;130
SOGAMOSO;Elizabeth Fonseca Abella;PACTO HISTORICO;130
SOGAMOSO;Nestor Orlando Alarcon Piragauta;PARTIDO DEMÓCRATA COLOMBIANO;128
SOGAMOSO;Jonathan Alexander Diaz Rodriguez;PARTIDO DEMÓCRATA COLOMBIANO;127
SOGAMOSO;Oscar Eduardo Dueñas Vargas;PARTIDO ALIANZA VERDE;127
SOGAMOSO;Partido Colombia Renaciente;PARTIDO COLOMBIA RENACIENTE;126
SOGAMOSO;Cristhian Camilo Rios Perez;PARTIDO DE LA UNIÓN POR LA GENTE - PARTIDO DE LA U;125
SOGAMOSO;Carlos German Florian Hernandez;PARTIDO POLÍTICO LA FUERZA DE LA PAZ;124
SOGAMOSO;Constanza Tenjo Macias;PARTIDO DEMÓCRATA COLOMBIANO;121
SOGAMOSO;Nestor Mauricio Gonzalez Hernandez;PARTIDO DE LA UNIÓN POR LA GENTE - PARTIDO DE LA U;120
SOGAMOSO;Angie Lorena Diaz Alba;PARTIDO COLOMBIA RENACIENTE;119
SOGAMOSO;Juan Camilo Fernandez Carrillo;MOVIMIENTO POLITICO FUERZA CIUDADANA;118
SOGAMOSO;Julian Felipe Robles Chaparro;"PARTIDO ALIANZA SOCIAL INDEPENDIENTE ""ASI""";116
SOGAMOSO;Cesar David Perez Gonzalez;PARTIDO LIBERAL COLOMBIANO;114
SOGAMOSO;Sandra Rocio Viancha Fonseca;PARTIDO CONSERVADOR COLOMBIANO;113
SOGAMOSO;Adriana Chavez Rodriguez;PARTIDO CENTRO DEMOCRÁTICO;112
SOGAMOSO;Ingrid Marcela Pardo;PARTIDO DEMÓCRATA COLOMBIANO;112
SOGAMOSO;Diego Luis Guzman Pachon;PARTIDO DE LA UNIÓN POR LA GENTE - PARTIDO DE LA U;111
SOGAMOSO;Mauricio Cristancho Manchego;MOVIMIENTO POLITICO FUERZA CIUDADANA;109
SOGAMOSO;Henry Octavio Sanchez Hurtado;"PARTIDO ALIANZA SOCIAL INDEPENDIENTE ""ASI""";108
SOGAMOSO;Brayan Yesid Moyano Lopez;PARTIDO DE LA UNIÓN POR LA GENTE - PARTIDO DE LA U;106
SOGAMOSO;Julieth Alejandra Saavedra Mesa;PARTIDO CONSERVADOR COLOMBIANO;106
SOGAMOSO;Victor Alonso Cardozo Pesca;PARTIDO DEMÓCRATA COLOMBIANO;104
SOGAMOSO;Bryam Stev Cortazar Ortiz;PARTIDO CENTRO DEMOCRÁTICO;103
SOGAMOSO;Partido De La Unión Por La Gente - Partido De La U;PARTIDO DE LA UNIÓN POR LA GENTE - PARTIDO DE LA U;103
SOGAMOSO;Sandra Yadira Barrera Florez;PARTIDO CONSERVADOR COLOMBIANO;103
SOGAMOSO;Yaneth Del Carmen Parra Martinez;"PARTIDO ALIANZA SOCIAL INDEPENDIENTE ""ASI""";100
SOGAMOSO;Zujaila Abuassi Fonseca;PACTO HISTORICO;100
SOGAMOSO;Fidel Alexander Rivera Tapias;PARTIDO DEMÓCRATA COLOMBIANO;98
SOGAMOSO;Flor Mireya Romero Gutierrez;PARTIDO DEMÓCRATA COLOMBIANO;98
SOGAMOSO;Liliana Mercedes Hernandez Perez;MOVIMIENTO POLITICO FUERZA CIUDADANA;98
SOGAMOSO;Sebastian Leandro Cardozo Saenz;PARTIDO DE LA UNIÓN POR LA GENTE - PARTIDO DE LA U;98
SOGAMOSO;Alvaro Pineda Verdugo;PARTIDO LIBERAL COLOMBIANO;96
SOGAMOSO;Henrry Giovanny Lopez Rivas;PARTIDO COLOMBIA RENACIENTE;96
SOGAMOSO;Luis Orlando Galvis Barinas;PACTO HISTORICO;95
SOGAMOSO;Luis Antonio Rincon Gonzalez;COALICION CIVICA POR SOGAMOSO;93
SOGAMOSO;Douglas Joaquin Donoso Orozco;PARTIDO COLOMBIA RENACIENTE;92
SOGAMOSO;Zulma Yadira Guerrero Tocaria;PARTIDO DE LA UNIÓN POR LA GENTE - PARTIDO DE LA U;92
SOGAMOSO;Edna Tatiana Bohorquez Fracica;PARTIDO CENTRO DEMOCRÁTICO;91
SOGAMOSO;Gabriel Leonardo Perez Peña;PARTIDO POLÍTICO LA FUERZA DE LA PAZ;88
SOGAMOSO;Jhon Sebastian Acevedo Camargo;PARTIDO ALIANZA VERDE;88
SOGAMOSO;Heyner Doranse Osorio Perez;"PARTIDO ALIANZA SOCIAL INDEPENDIENTE ""ASI""";87
SOGAMOSO;Nydia Carolina Bello Africano;"PARTIDO ALIANZA SOCIAL INDEPENDIENTE ""ASI""";85
SOGAMOSO;Humberto Monroy Torres;"PARTIDO ALIANZA SOCIAL INDEPENDIENTE ""ASI""";84
SOGAMOSO;Jorge Hernando Dueñas Topia;PARTIDO POLÍTICO LA FUERZA DE LA PAZ;83
SOGAMOSO;Haidy Elizabhet Villarreal Perilla;PARTIDO CENTRO DEMOCRÁTICO;82
SOGAMOSO;Diana Carolina Cristancho Gomez;PARTIDO ALIANZA VERDE;80
SOGAMOSO;Jesus Arnulfo Rincon Agudelo;PARTIDO DEMÓCRATA COLOMBIANO;80
SOGAMOSO;Jorge Eliecer Vargas Naranjo;"MOVIMIENTO ALTERNATIVO INDÍGENA Y SOCIAL ""MAIS""";78
SOGAMOSO;Juan Carlos Pinto Rincon;COALICION CIVICA POR SOGAMOSO;78
SOGAMOSO;Rosa Cecilia Molina Sierra;PARTIDO POLÍTICO LA FUERZA DE LA PAZ;77
SOGAMOSO;Fredy Alexander Sanchez Zamora;COALICION CIVICA POR SOGAMOSO;75
SOGAMOSO;Movimiento Politico Fuerza Ciudadana;MOVIMIENTO POLITICO FUERZA CIUDADANA;75
SOGAMOSO;Robinson Cepeda Tenza;PARTIDO CENTRO DEMOCRÁTICO;75
SOGAMOSO;Vanessa Alexandra Ramirez Quiroga;PACTO HISTORICO;75
SOGAMOSO;Mayra Daniela Cubides Medina;PARTIDO DE LA UNIÓN POR LA GENTE - PARTIDO DE LA U;73
SOGAMOSO;"Partido Alianza Social Independiente ""Asi""";"PARTIDO ALIANZA SOCIAL INDEPENDIENTE ""ASI""";72
SOGAMOSO;Partido Demócrata Colombiano;PARTIDO DEMÓCRATA COLOMBIANO;71
SOGAMOSO;Evelin Yanaralupita Serrano Moreno;PARTIDO DEMÓCRATA COLOMBIANO;70
SOGAMOSO;Laura Liseth Sanabria Suarez;MOVIMIENTO POLITICO FUERZA CIUDADANA;70
SOGAMOSO;Teresa Helena Sanabria Barrera;PARTIDO CENTRO DEMOCRÁTICO;69
SOGAMOSO;Coalicion Civica Por Sogamoso;COALICION CIVICA POR SOGAMOSO;67
SOGAMOSO;Sonia Beatriz Quintero Rodriguez;PARTIDO ALIANZA VERDE;67
SOGAMOSO;Mauricio Alexander Piragauta Rojas;PARTIDO ALIANZA VERDE;66
SOGAMOSO;Pedro Pulido Pico;"PARTIDO ALIANZA SOCIAL INDEPENDIENTE ""ASI""";65
SOGAMOSO;Andres Fabian Calderon Soto;PACTO HISTORICO;64
SOGAMOSO;Esther Sofia Perez Vega;PACTO HISTORICO;63
SOGAMOSO;William Martinez Arias;PARTIDO DE LA UNIÓN POR LA GENTE - PARTIDO DE LA U;63
SOGAMOSO;Hector Miguel Ramirez Sanchez;"PARTIDO ALIANZA SOCIAL INDEPENDIENTE ""ASI""";62
SOGAMOSO;Edison Joel Cardenas Aguirre;COALICION CIVICA POR SOGAMOSO;61
SOGAMOSO;Andrea Carolina Forero Rodriguez;PARTIDO CENTRO DEMOCRÁTICO;60
SOGAMOSO;Lida Bibiana Pinto Cardenas;PARTIDO DE LA UNIÓN POR LA GENTE - PARTIDO DE LA U;60
SOGAMOSO;Linda Maria Pinzon Gordillo;COALICION CIVICA POR SOGAMOSO;58
SOGAMOSO;Caroll Melisa Avella Preciado;PARTIDO CENTRO DEMOCRÁTICO;57
SOGAMOSO;Eduar Mauricio Vargas Higuera;PARTIDO DEMÓCRATA COLOMBIANO;57
SOGAMOSO;German Rodrigo Argotty Ospina;MOVIMIENTO POLITICO FUERZA CIUDADANA;57
SOGAMOSO;Juan Sebastian Castro Aguirre;PARTIDO CENTRO DEMOCRÁTICO;56
SOGAMOSO;William Camacho Acosta;PARTIDO DEMÓCRATA COLOMBIANO;56
SOGAMOSO;Maria Ubaldina Soler Pedreros;PARTIDO POLÍTICO LA FUERZA DE LA PAZ;55
SOGAMOSO;Claudia Marlen Pulido Diaz;MOVIMIENTO POLITICO FUERZA CIUDADANA;53
SOGAMOSO;Martha Lucia Alarcon Lopez;PACTO HISTORICO;53
SOGAMOSO;Fabian Camilo Toca Beltran;"MOVIMIENTO ALTERNATIVO INDÍGENA Y SOCIAL ""MAIS""";51
SOGAMOSO;Diego Ivan Bello Becerra;"PARTIDO ALIANZA SOCIAL INDEPENDIENTE ""ASI""";48
SOGAMOSO;Yolanda Arias Rodriguez;PARTIDO DEMÓCRATA COLOMBIANO;47
SOGAMOSO;Juliana Sofia Chacon Fagua;PARTIDO COLOMBIA RENACIENTE;44
SOGAMOSO;Partido Político La Fuerza De La Paz;PARTIDO POLÍTICO LA FUERZA DE LA PAZ;44
SOGAMOSO;Jaime Campos Rojas;PARTIDO DE LA UNIÓN POR LA GENTE - PARTIDO DE LA U;42
SOGAMOSO;Yesika Liliana Barrera Gutierrez;"MOVIMIENTO ALTERNATIVO INDÍGENA Y SOCIAL ""MAIS""";41
SOGAMOSO;Paula Fernanda Perez Sarmiento;PARTIDO ALIANZA VERDE;38
SOGAMOSO;Paula Andrea Benavides Avella;PARTIDO DE LA UNIÓN POR LA GENTE - PARTIDO DE LA U;36
SOGAMOSO;Daniel Quintana Gonzalez;MOVIMIENTO POLITICO FUERZA CIUDADANA;35
SOGAMOSO;Claudia Isabel Trujillo Ortega;PACTO HISTORICO;34
SOGAMOSO;Yoly Mariseth Espindola Cristancho;"MOVIMIENTO ALTERNATIVO INDÍGENA Y SOCIAL ""MAIS""";34
SOGAMOSO;Santiago Andres Perez Vega;PACTO HISTORICO;33
SOGAMOSO;Fredy Armando Garcia Beltran;PARTIDO CONSERVADOR COLOMBIANO;32
SOGAMOSO;Nury Yanneth Neita Gonzalez;"PARTIDO ALIANZA SOCIAL INDEPENDIENTE ""ASI""";32
SOGAMOSO;Nydia Milena Piragauta Ojeda;PARTIDO POLÍTICO LA FUERZA DE LA PAZ;32
SOGAMOSO;Hector Alejandro Manrique Pasachoa;PARTIDO ALIANZA VERDE;31
SOGAMOSO;Esmeralda Romero Totaitive;PARTIDO DE LA UNIÓN POR LA GENTE - PARTIDO DE LA U;30
SOGAMOSO;Viviana Alejandra Moreno Adame;PARTIDO COLOMBIA RENACIENTE;28
SOGAMOSO;Andrea Marcela Fuentes Herrera;PARTIDO POLÍTICO LA FUERZA DE LA PAZ;27
SOGAMOSO;Cattia Yolanda Caro Alarcon;PARTIDO POLÍTICO LA FUERZA DE LA PAZ;26
SOGAMOSO;Gladis Cecilia Quemba Plazas;"PARTIDO ALIANZA SOCIAL INDEPENDIENTE ""ASI""";25
SOGAMOSO;Ingrid Astrid Rodriguez Ramirez;PARTIDO DE LA UNIÓN POR LA GENTE - PARTIDO DE LA U;24
SOGAMOSO;Manuela Acevedo Barrera;PARTIDO DE LA UNIÓN POR LA GENTE - PARTIDO DE LA U;23
SOGAMOSO;Marion Yarith Vela Gomez;"PARTIDO ALIANZA SOCIAL INDEPENDIENTE ""ASI""";22
SOGAMOSO;Ruth Viviana Sierra Acevedo;PARTIDO CENTRO DEMOCRÁTICO;21
SOGAMOSO;Diana Marcela Fonseca Gongora;"MOVIMIENTO ALTERNATIVO INDÍGENA Y SOCIAL ""MAIS""";20
SOGAMOSO;Sandra Patricia Jarro Rodas;PARTIDO POLÍTICO LA FUERZA DE LA PAZ;19
SOGAMOSO;Ana Maria Barrera Siachoque;MOVIMIENTO POLITICO FUERZA CIUDADANA;18
SOGAMOSO;Diana Patricia Prieto Bonilla;MOVIMIENTO POLITICO FUERZA CIUDADANA;18
SOGAMOSO;Chayanne Leonardo Melgarejo Rodriguez;PARTIDO POLÍTICO LA FUERZA DE LA PAZ;16
SOGAMOSO;Sarith Yuliana Gonzalez Guauque;PARTIDO COLOMBIA RENACIENTE;16
SOGAMOSO;Juan David Torres Chaparro;PARTIDO DE LA UNIÓN POR LA GENTE - PARTIDO DE LA U;15
SOGAMOSO;Diana Sofia Africano Montaña;"MOVIMIENTO ALTERNATIVO INDÍGENA Y SOCIAL ""MAIS""";12
SOGAMOSO;Diana Carolina Pulido Niño;COALICION CIVICA POR SOGAMOSO;10
SOGAMOSO;Manuel Alejandro Molano Vergara;PARTIDO DEMÓCRATA COLOMBIANO;5
SOMONDOCO;Angelo Napoleon Ruiz Perilla;PARTIDO CAMBIO RADICAL;147
SOMONDOCO;Wilmer David Buitrago Garzon;PARTIDO POLÍTICO DIGNIDAD & COMPROMISO;139
SOMONDOCO;Elkin Alberto Mondragon Piñeros;PARTIDO POLÍTICO DIGNIDAD & COMPROMISO;118
SOMONDOCO;Raul Antonio Bohorquez Alfonso;PARTIDO DE LA UNIÓN POR LA GENTE - PARTIDO DE LA U;109
SOMONDOCO;Olivia Avila Torres;PARTIDO POLÍTICO DIGNIDAD & COMPROMISO;104
SOMONDOCO;Sandra Paola Sanchez Gutierrez;PARTIDO DE LA UNIÓN POR LA GENTE - PARTIDO DE LA U;104
SOMONDOCO;Pablo Antonio Alvarado Bravo;PARTIDO CAMBIO RADICAL;101
SOMONDOCO;Marcos Mauricio Bohorquez Perilla;PARTIDO CAMBIO RADICAL;100
SOMONDOCO;Luis Alderson Gutierrez Bohorquez;PARTIDO CONSERVADOR COLOMBIANO;98
SOMONDOCO;Fredy Alberto Vaca Ramirez;PARTIDO ALIANZA VERDE;92
SOMONDOCO;Olga Lucila Cardenas Contreras;PARTIDO CONSERVADOR COLOMBIANO;90
SOMONDOCO;Ernesto Javier Villamor Alvarado;PARTIDO POLÍTICO DIGNIDAD & COMPROMISO;87
SOMONDOCO;Ana Cruz Bohorquez Gamez;PARTIDO CAMBIO RADICAL;84
SOMONDOCO;Flor Andrea Vaca Salinas;PARTIDO ALIANZA VERDE;66
SOMONDOCO;Lina Marcela Morales Lopez;PARTIDO CAMBIO RADICAL;66
SOMONDOCO;Andrea Liliana Alvarado Aragon;PARTIDO CENTRO DEMOCRÁTICO;54
SOMONDOCO;Yennis Milena Chivata Vacca;PARTIDO DE LA UNIÓN POR LA GENTE - PARTIDO DE LA U;43
SOMONDOCO;Jose Manuel Martinez Perilla;PARTIDO DE LA UNIÓN POR LA GENTE - PARTIDO DE LA U;42
SOMONDOCO;Manuel Arnulfo Chivata Aragon;PARTIDO POLÍTICO DIGNIDAD & COMPROMISO;40
SOMONDOCO;Victor Julio Lopez Vacca;PARTIDO CENTRO DEMOCRÁTICO;40
SOMONDOCO;Genith Adriana Perilla Paris;PARTIDO DE LA UNIÓN POR LA GENTE - PARTIDO DE LA U;37
SOMONDOCO;Mauricio Alfredo Fernandez Gaitan;PARTIDO DE LA UNIÓN POR LA GENTE - PARTIDO DE LA U;37
SOMONDOCO;Julio Cesar Piñeros Gonzalez;PARTIDO CONSERVADOR COLOMBIANO;36
SOMONDOCO;Graciela Mondragon Vaca;PARTIDO ALIANZA VERDE;34
SOMONDOCO;Maria Fernanda Romero Alfonso;PARTIDO POLÍTICO DIGNIDAD & COMPROMISO;34
SOMONDOCO;Miguel Angel Velandia Roa;PARTIDO ALIANZA VERDE;34
SOMONDOCO;Sandia Milena Barrera Lopez;PARTIDO CONSERVADOR COLOMBIANO;34
SOMONDOCO;Marinela Acosta Alvarado;PARTIDO ALIANZA VERDE;29
SOMONDOCO;Maira Alejandra Aragon Bohorquez;PARTIDO CAMBIO RADICAL;26
SOMONDOCO;Karen Ospina Bonilla;PARTIDO POLÍTICO DIGNIDAD & COMPROMISO;23
SOMONDOCO;Nelly Yaneth Sanchez Salinas;PARTIDO CAMBIO RADICAL;20
SOMONDOCO;Edith Yobana Avila Chivata;PARTIDO CENTRO DEMOCRÁTICO;17
SOMONDOCO;Duban Camilo Diaz Barrera;PARTIDO CENTRO DEMOCRÁTICO;15
SOMONDOCO;Neyla Mireya Franco Valencia;PARTIDO CONSERVADOR COLOMBIANO;15
SOMONDOCO;Partido De La Unión Por La Gente - Partido De La U;PARTIDO DE LA UNIÓN POR LA GENTE - PARTIDO DE LA U;15
SOMONDOCO;Roselino Castañeda Barrera;PARTIDO ALIANZA VERDE;14
SOMONDOCO;Partido Alianza Verde;PARTIDO ALIANZA VERDE;13
SOMONDOCO;Arquimedes Valeriano Astroz;PARTIDO CONSERVADOR COLOMBIANO;12
SOMONDOCO;Maria Camila Sanchez Salinas;PARTIDO DE LA UNIÓN POR LA GENTE - PARTIDO DE LA U;10
SOMONDOCO;Partido Cambio Radical;PARTIDO CAMBIO RADICAL;10
SOMONDOCO;Marleny Caro Mariño;PARTIDO CENTRO DEMOCRÁTICO;8
SOMONDOCO;Partido Centro Democrático;PARTIDO CENTRO DEMOCRÁTICO;8
SOMONDOCO;Partido Político Dignidad & Compromiso;PARTIDO POLÍTICO DIGNIDAD & COMPROMISO;8
SOMONDOCO;Partido Conservador Colombiano;PARTIDO CONSERVADOR COLOMBIANO;7
SOMONDOCO;Jairo Bernal Monroy;PARTIDO CONSERVADOR COLOMBIANO;4
SORA;Alvaro Javier Otero Reyes;PARTIDO ALIANZA VERDE;259
SORA;Diego Armando Rojas Pacheco;PARTIDO LIBERAL COLOMBIANO;237
SORA;Juan Pablo Forero Espitia;PARTIDO ALIANZA VERDE;223
SORA;Yeismir Largo Lopez;PARTIDO DE LA UNIÓN POR LA GENTE - PARTIDO DE LA U;179
SORA;Laura Patricia Vaca Luis;PARTIDO ALIANZA VERDE;166
SORA;Fabio Enrique Camargo Espitia;PARTIDO ALIANZA VERDE;151
SORA;Henyer Andres Pineda Acosta;PARTIDO DE LA UNIÓN POR LA GENTE - PARTIDO DE LA U;120
SORA;Jhon Neiver Pineda Acosta;INDEPENDIENTES;114
SORA;Maria Elena Reyes Pineda;PARTIDO ALIANZA VERDE;97
SORA;Yamir Roberto Rubio;INDEPENDIENTES;92
SORA;Norbey Roberto Rojas;PARTIDO DE LA UNIÓN POR LA GENTE - PARTIDO DE LA U;90
SORA;Juan Diego Luis Raba;PARTIDO POLÍTICO DIGNIDAD & COMPROMISO;78
SORA;Alveiro Acosta Pineda;PARTIDO LIBERAL COLOMBIANO;73
SORA;Elkin Fabian Barajas Paez;INDEPENDIENTES;72
SORA;Yonh Orlando Roberto Rubio;PARTIDO LIBERAL COLOMBIANO;69
SORA;Erica Viviana Lopez Rampla;PARTIDO LIBERAL COLOMBIANO;66
SORA;Yudi Paola Rojas Pineda;PARTIDO DE LA UNIÓN POR LA GENTE - PARTIDO DE LA U;62
SORA;Jose Joaquin Acosta;PARTIDO LIBERAL COLOMBIANO;57
SORA;Yuber Erney Suarez Barajas;PARTIDO DE LA UNIÓN POR LA GENTE - PARTIDO DE LA U;54
SORA;Cesar Augusto Garcia Ruiz;PARTIDO POLÍTICO DIGNIDAD & COMPROMISO;49
SORA;Carlos Eduardo Matamoros Acosta;PARTIDO POLÍTICO DIGNIDAD & COMPROMISO;47
SORA;Ana Milena Sierra Roberto;PARTIDO POLÍTICO DIGNIDAD & COMPROMISO;45
SORA;Ivan Mauricio Luis Rodriguez;PARTIDO POLÍTICO DIGNIDAD & COMPROMISO;39
SORA;Claudia Suarez Reyes;PARTIDO POLÍTICO DIGNIDAD & COMPROMISO;31
SORA;Nestor Dairo Roberto Lopez;INDEPENDIENTES;31
SORA;Edgar Hernan Acosta Camino;PARTIDO ALIANZA VERDE;28
SORA;Yanet Duran Suarez;PARTIDO ALIANZA VERDE;19
SORA;Liliana Edith Prieto Cetina;PARTIDO DE LA UNIÓN POR LA GENTE - PARTIDO DE LA U;16
SORA;Yaneth Ospina Camino;INDEPENDIENTES;16
SORA;Paula Geraldine Martinez Largo;INDEPENDIENTES;12
SORA;Jaqueline Niño Bustamante;PARTIDO DE LA UNIÓN POR LA GENTE - PARTIDO DE LA U;9
SORA;Partido Liberal Colombiano;PARTIDO LIBERAL COLOMBIANO;8
SORA;Partido Alianza Verde;PARTIDO ALIANZA VERDE;7
SORA;Partido De La Unión Por La Gente - Partido De La U;PARTIDO DE LA UNIÓN POR LA GENTE - PARTIDO DE LA U;7
SORA;Independientes;INDEPENDIENTES;4
SORA;Melby Yamile Cuervo Barajas;PARTIDO POLÍTICO DIGNIDAD & COMPROMISO;3
SORA;Adriana Milena Pineda Garcia;PARTIDO LIBERAL COLOMBIANO;2
SORA;Partido Político Dignidad & Compromiso;PARTIDO POLÍTICO DIGNIDAD & COMPROMISO;1
SORACA;Jair Alexander Funeme Huertas;PARTIDO CONSERVADOR COLOMBIANO;293
SORACA;Edwin Alexander Huertas Castelblanco;PARTIDO ALIANZA VERDE;205
SORACA;Jaime Benito Paipa Lancheros;"MOVIMIENTO ALTERNATIVO INDÍGENA Y SOCIAL ""MAIS""";194
SORACA;Carlos Julio Pedraza Huertas;PARTIDO ALIANZA VERDE;179
SORACA;Wilson Luciano Neva Urian;MOVIMIENTO SALVACIÓN NACIONAL;165
SORACA;Wilson Leon Medina;MOVIMIENTO SALVACIÓN NACIONAL;151
SORACA;Angel Yessyd Pacateque Huertas;PARTIDO CENTRO DEMOCRÁTICO;129
SORACA;Wilson Bernal Lopez;PARTIDO NUEVO LIBERALISMO;128
SORACA;Nicolas Enrique Bernal Castro;"MOVIMIENTO ALTERNATIVO INDÍGENA Y SOCIAL ""MAIS""";127
SORACA;Maira Alejandra Pardo Pacabaque;PARTIDO LIBERAL COLOMBIANO;120
SORACA;Diego Alfonso Medina Urian;PARTIDO CAMBIO RADICAL;115
SORACA;Fabian Mauricio Pacasuca Peña;PARTIDO CENTRO DEMOCRÁTICO;110
SORACA;Jose Liborio Martinez Pacasuca;PARTIDO CENTRO DEMOCRÁTICO;110
SORACA;Jose Agustin Solano Sanchez;PARTIDO POLÍTICO LA FUERZA DE LA PAZ;103
SORACA;Carlos Arturo Gonzalez Urian;PARTIDO LIBERAL COLOMBIANO;100
SORACA;Blanca Yaneth Huertas Bernal;PARTIDO ALIANZA VERDE;93
SORACA;Jose Alexander Sosa Auzaque;PARTIDO CAMBIO RADICAL;89
SORACA;Wilson Fabian Lopez Boyaca;PARTIDO LIBERAL COLOMBIANO;87
SORACA;Jose Manuel Ayala Sosa;PARTIDO LIBERAL COLOMBIANO;82
SORACA;Jose Alcidez Hernandez Velandia;PARTIDO ALIANZA VERDE;78
SORACA;Juan Sebastian Guevara Niño;MOVIMIENTO SALVACIÓN NACIONAL;77
SORACA;Jose Alisandro Ocacion Suesca;PARTIDO CENTRO DEMOCRÁTICO;76
SORACA;Jose Agustin Perez Rivera;PARTIDO ALIANZA VERDE;71
SORACA;Yenny Esperanza Borda Suesca;INDEPENDIENTES;70
SORACA;Jose Plinio Moreno Campos;PARTIDO ALIANZA VERDE;68
SORACA;Jose Manuel Vargas Bernal;"MOVIMIENTO ALTERNATIVO INDÍGENA Y SOCIAL ""MAIS""";66
SORACA;Eliana Ivonne Moreno Bernal;PARTIDO CENTRO DEMOCRÁTICO;65
SORACA;Jose Sergio Quito Valentin;INDEPENDIENTES;62
SORACA;Deisy Lorena Arias Galindo;PARTIDO ALIANZA VERDE;61
SORACA;Jose Silvestre Moreno Ortega;PARTIDO CENTRO DEMOCRÁTICO;60
SORACA;Edilfonso Yanquen Hernandez;PARTIDO CAMBIO RADICAL;58
SORACA;Adriana Julieth Duran Fuquen;PARTIDO ALIANZA VERDE;54
SORACA;Martha Patricia Quincho Fagua;PARTIDO CAMBIO RADICAL;54
SORACA;Pablo Hipolito Gonzalez Suarez;PARTIDO CONSERVADOR COLOMBIANO;52
SORACA;Adriana Rocio Tibata Millan;PARTIDO CAMBIO RADICAL;48
SORACA;Dora Alba Suesca Medina;INDEPENDIENTES;47
SORACA;Salvador Sosa Huertas;PARTIDO LIBERAL COLOMBIANO;47
SORACA;Jenny Alexandra Rodriguez Lara;PARTIDO CAMBIO RADICAL;46
SORACA;Edwin Andres Hernandez Saenz;PARTIDO POLÍTICO LA FUERZA DE LA PAZ;44
SORACA;Alba Lucia Bernal Hernandez;PARTIDO CENTRO DEMOCRÁTICO;43
SORACA;Geidy Nathalia Garcia Plazas;INDEPENDIENTES;41
SORACA;Leonel Lopez Yanquen;PARTIDO LIBERAL COLOMBIANO;40
SORACA;Jose Exehomo Raquira Neva;MOVIMIENTO SALVACIÓN NACIONAL;39
SORACA;Julian David Gonzalez Avila;INDEPENDIENTES;37
SORACA;Cesar Augusto Rojas Suesca;"MOVIMIENTO ALTERNATIVO INDÍGENA Y SOCIAL ""MAIS""";36
SORACA;Andres Felipe Hernandez Bautista;PARTIDO ALIANZA VERDE;34
SORACA;Flor Elizabeth Mozo Gonzalez;PARTIDO NUEVO LIBERALISMO;34
SORACA;Hector Alejandro Diaz Diaz;PARTIDO NUEVO LIBERALISMO;34
SORACA;Manuel Alonso Casteblanco Huertas;PARTIDO CONSERVADOR COLOMBIANO;34
SORACA;Vicente Israel Duran Ferrucho;MOVIMIENTO SALVACIÓN NACIONAL;34
SORACA;Maria Rosalia Moreno Neva;"MOVIMIENTO ALTERNATIVO INDÍGENA Y SOCIAL ""MAIS""";33
SORACA;Jose Eduardo Paipa Leon;PARTIDO CAMBIO RADICAL;32
SORACA;Eide Lorena Rativa Baron;PARTIDO LIBERAL COLOMBIANO;31
SORACA;Luz Estela Urian Pacazuca;"MOVIMIENTO ALTERNATIVO INDÍGENA Y SOCIAL ""MAIS""";31
SORACA;Johanna Lancheros Castro;"MOVIMIENTO ALTERNATIVO INDÍGENA Y SOCIAL ""MAIS""";30
SORACA;Victor Julio Solano Guayacan;PARTIDO CAMBIO RADICAL;29
SORACA;Alexander Espitia Reyes;PARTIDO NUEVO LIBERALISMO;28
SORACA;Rosalba Urian Ayala;INDEPENDIENTES;28
SORACA;Delio Martinez Martinez;MOVIMIENTO SALVACIÓN NACIONAL;27
SORACA;Milton Joaquin Gamez Gonzalez;PARTIDO LIBERAL COLOMBIANO;27
SORACA;Juan Pablo Avila Rojas;PARTIDO CENTRO DEMOCRÁTICO;26
SORACA;Rubiela Gamez Jimenez;"PARTIDO ALIANZA SOCIAL INDEPENDIENTE ""ASI""";25
SORACA;Floresmiro Caro Pira;"PARTIDO ALIANZA SOCIAL INDEPENDIENTE ""ASI""";24
SORACA;Edwin Armando Baron Huertas;"PARTIDO ALIANZA SOCIAL INDEPENDIENTE ""ASI""";22
SORACA;Jenny Johana Urian Quintero;INDEPENDIENTES;22
SORACA;Partido Alianza Verde;PARTIDO ALIANZA VERDE;22
SORACA;Pedro Jose Gonzalez Ramirez;PARTIDO NUEVO LIBERALISMO;22
SORACA;Lilian Esperanza Quincho Guayacan;PARTIDO LIBERAL COLOMBIANO;20
SORACA;Agustin Suesca Cruz;PARTIDO CONSERVADOR COLOMBIANO;19
SORACA;Gloria Mireya Tibagan Fuquen;PARTIDO CENTRO DEMOCRÁTICO;19
SORACA;Edgar Fernando Castro Viasus;MOVIMIENTO POLITICO FUERZA CIUDADANA;18
SORACA;Yeimmy Paola Guayacan Tibata;PARTIDO CAMBIO RADICAL;18
SORACA;Ana Milena Urian Martinez;PARTIDO NUEVO LIBERALISMO;17
SORACA;Jose Orlando Camacho Reyes;PARTIDO POLÍTICO LA FUERZA DE LA PAZ;17
SORACA;Leidy Esperanza Pacazuca Nova;MOVIMIENTO POLITICO FUERZA CIUDADANA;17
SORACA;Yudy Catalina Martinez Raquira;PARTIDO CONSERVADOR COLOMBIANO;17
SORACA;Edgar Eccehomo Moreno Avila;PARTIDO NUEVO LIBERALISMO;16
SORACA;Jose Israel Raquira Martinez;MOVIMIENTO POLITICO FUERZA CIUDADANA;16
SORACA;"Movimiento Alternativo Indígena Y Social ""Mais""";"MOVIMIENTO ALTERNATIVO INDÍGENA Y SOCIAL ""MAIS""";16
SORACA;Pedro Jose Corredor Gonzalez;MOVIMIENTO POLITICO FUERZA CIUDADANA;16
SORACA;Steven Mauricio Prieto Rojas;PARTIDO CONSERVADOR COLOMBIANO;16
SORACA;Victor Alfonso Ocasion Suesca;"PARTIDO ALIANZA SOCIAL INDEPENDIENTE ""ASI""";15
SORACA;Jose Moises Medina Fuquen;PARTIDO POLÍTICO LA FUERZA DE LA PAZ;14
SORACA;Jose Misael Duran Ferrucho;"MOVIMIENTO ALTERNATIVO INDÍGENA Y SOCIAL ""MAIS""";13
SORACA;Jose Samuel Rojas Torres;PARTIDO LIGA GOBERNANTES ANTICORRUPCIÓN - LIGA;13
SORACA;Partido Liberal Colombiano;PARTIDO LIBERAL COLOMBIANO;12
SORACA;Paula Katerine Espitia Rojas;MOVIMIENTO SALVACIÓN NACIONAL;11
SORACA;Partido Conservador Colombiano;PARTIDO CONSERVADOR COLOMBIANO;10
SORACA;Edwin Jose Guayacan Ausaque;PARTIDO LIGA GOBERNANTES ANTICORRUPCIÓN - LIGA;9
SORACA;Movimiento  Salvación Nacional;MOVIMIENTO SALVACIÓN NACIONAL;9
SORACA;Angela Patricia Lopez Primiciero;"PARTIDO ALIANZA SOCIAL INDEPENDIENTE ""ASI""";8
SORACA;Partido Cambio Radical;PARTIDO CAMBIO RADICAL;8
SORACA;Ana Marlen Hernandez Yanquen;PARTIDO NUEVO LIBERALISMO;7
SORACA;Elizabeht Cruz Raquira;"MOVIMIENTO ALTERNATIVO INDÍGENA Y SOCIAL ""MAIS""";7
SORACA;Jhon Carlos Sanchez Pita;"PARTIDO ALIANZA SOCIAL INDEPENDIENTE ""ASI""";7
SORACA;Jose Omar Ortega Bolivar;PARTIDO NUEVO LIBERALISMO;7
SORACA;Partido Nuevo Liberalismo;PARTIDO NUEVO LIBERALISMO;7
SORACA;Independientes;INDEPENDIENTES;6
SORACA;Maria Jesus Corredor Parra;PARTIDO LIGA GOBERNANTES ANTICORRUPCIÓN - LIGA;6
SORACA;Suledmy Katerine España Rodriguez;PARTIDO CONSERVADOR COLOMBIANO;6
SORACA;Yuli Katerine Fuquen Tibagan;PARTIDO CONSERVADOR COLOMBIANO;6
SORACA;Yulyeth Katherine Valentin Sosa;PARTIDO LIGA GOBERNANTES ANTICORRUPCIÓN - LIGA;6
SORACA;Angelica Maria Cely Torres;MOVIMIENTO POLITICO FUERZA CIUDADANA;5
SORACA;Jose Jaminton Camacho Diaz;PARTIDO LIGA GOBERNANTES ANTICORRUPCIÓN - LIGA;5
SORACA;Partido Centro Democrático;PARTIDO CENTRO DEMOCRÁTICO;5
SORACA;Yenny Carolina Tenza Rodriguez;PARTIDO POLÍTICO LA FUERZA DE LA PAZ;5
SORACA;Alba Luzely Corredor;PARTIDO LIGA GOBERNANTES ANTICORRUPCIÓN - LIGA;3
SORACA;Luisa Juliana Vargas Urian;MOVIMIENTO SALVACIÓN NACIONAL;3
SORACA;Maritza Carolina Rodriguez Corredor;PARTIDO LIGA GOBERNANTES ANTICORRUPCIÓN - LIGA;3
SORACA;"Partido Alianza Social Independiente ""Asi""";"PARTIDO ALIANZA SOCIAL INDEPENDIENTE ""ASI""";3
SORACA;Yamil Leonardo Castro Soraca;PARTIDO POLÍTICO LA FUERZA DE LA PAZ;3
SORACA;Claudia Rocio Medina Gonzalez;MOVIMIENTO POLITICO FUERZA CIUDADANA;2
SORACA;Erika Tatiana Yanquen Urian;MOVIMIENTO SALVACIÓN NACIONAL;2
SORACA;Movimiento Politico Fuerza Ciudadana;MOVIMIENTO POLITICO FUERZA CIUDADANA;2
SORACA;Partido Liga Gobernantes Anticorrupción - Liga;PARTIDO LIGA GOBERNANTES ANTICORRUPCIÓN - LIGA;2
SORACA;Angie Lorena Marciales Florez;PARTIDO LIGA GOBERNANTES ANTICORRUPCIÓN - LIGA;1
SORACA;Karen Eliana Parra Rodriguez;PARTIDO POLÍTICO LA FUERZA DE LA PAZ;1
SORACA;Lorena Briyith Pedraza Gonzalez;PARTIDO POLÍTICO LA FUERZA DE LA PAZ;1
SORACA;Partido Político La Fuerza De La Paz;PARTIDO POLÍTICO LA FUERZA DE LA PAZ;1
SOTAQUIRA;Oscar Armando Benitez Matta;PARTIDO NUEVO LIBERALISMO;243
SOTAQUIRA;Alexander Villate Torres;PARTIDO CONSERVADOR COLOMBIANO;228
SOTAQUIRA;Henry Alfonso Garcia;"PARTIDO ALIANZA SOCIAL INDEPENDIENTE ""ASI""";225
SOTAQUIRA;Maira Alexandra Gutierrez Luis;PARTIDO NUEVO LIBERALISMO;223
SOTAQUIRA;Segundo Pablo Corredor Pedraza;PARTIDO DE LA UNIÓN POR LA GENTE - PARTIDO DE LA U;185
SOTAQUIRA;Mailith Dayana Barrera Torres;PARTIDO LIBERAL COLOMBIANO;167
SOTAQUIRA;Esequiel Iglesias Machuca;PARTIDO NUEVO LIBERALISMO;163
SOTAQUIRA;Joaquin Quintana Suarez;PARTIDO CAMBIO RADICAL;149
SOTAQUIRA;Abelardo Robles Gutierrez;PARTIDO CAMBIO RADICAL;142
SOTAQUIRA;Jose Bernardo Garavito Higuera;"PARTIDO ALIANZA SOCIAL INDEPENDIENTE ""ASI""";132
SOTAQUIRA;Sandra Milena Monroy Rodriguez;PARTIDO LIBERAL COLOMBIANO;129
SOTAQUIRA;Juan Pablo Sanchez Mateus;PARTIDO DE LA UNIÓN POR LA GENTE - PARTIDO DE LA U;121
SOTAQUIRA;Luis Bernardo Cifuentes Robles;PARTIDO ALIANZA VERDE;121
SOTAQUIRA;Jose David Talero Sarmiento;PARTIDO CENTRO DEMOCRÁTICO;115
SOTAQUIRA;Carlos Alberto Cifuentes Perez;PARTIDO ALIANZA VERDE;114
SOTAQUIRA;Cristian Albert Uscategui Sanchez;PARTIDO NUEVO LIBERALISMO;113
SOTAQUIRA;Hernando Robles Sandoval;PARTIDO ALIANZA VERDE;108
SOTAQUIRA;Hugo Fernando Plazas Santana;AGRUPACIÓN POLÍTICA EN MARCHA;106
SOTAQUIRA;Carlos Julio Rojas Gonzalez;"PARTIDO ALIANZA SOCIAL INDEPENDIENTE ""ASI""";104
SOTAQUIRA;William Garcia Rico;PARTIDO CONSERVADOR COLOMBIANO;104
SOTAQUIRA;Darian Arcelio Sanchez Pulido;PARTIDO NUEVO LIBERALISMO;98
SOTAQUIRA;Yenny Cecilia Combariza Garcia;PARTIDO NUEVO LIBERALISMO;95
SOTAQUIRA;John Freddy Lopez Gil;AGRUPACIÓN POLÍTICA EN MARCHA;92
SOTAQUIRA;Marcelino Largo Rivera;AGRUPACIÓN POLÍTICA EN MARCHA;84
SOTAQUIRA;Angela Liset Numpaque Lopez;PARTIDO CENTRO DEMOCRÁTICO;83
SOTAQUIRA;Julian Camilo Machuca Henao;PARTIDO LIBERAL COLOMBIANO;76
SOTAQUIRA;Ana Victoria Lopez Martinez;PARTIDO ALIANZA VERDE;73
SOTAQUIRA;Nelson David Romero Gomez;PARTIDO LIBERAL COLOMBIANO;73
SOTAQUIRA;Luis Alfonso Higuera Perez;PARTIDO LIBERAL COLOMBIANO;72
SOTAQUIRA;Agrupación Política En Marcha;AGRUPACIÓN POLÍTICA EN MARCHA;62
SOTAQUIRA;Viviana Hernandez Mora;PARTIDO NUEVO LIBERALISMO;61
SOTAQUIRA;Mario Hernandez Fonseca;PARTIDO ALIANZA VERDE;58
SOTAQUIRA;Cesar Homero Amezquita Garcia;PARTIDO CENTRO DEMOCRÁTICO;54
SOTAQUIRA;Leidy Gloriceth Rodriguez Saenz;PARTIDO DE LA UNIÓN POR LA GENTE - PARTIDO DE LA U;51
SOTAQUIRA;Partido Alianza Verde;PARTIDO ALIANZA VERDE;46
SOTAQUIRA;Partido Nuevo Liberalismo;PARTIDO NUEVO LIBERALISMO;45
SOTAQUIRA;Jose Ricardo Gonzalez Molina;"PARTIDO ALIANZA SOCIAL INDEPENDIENTE ""ASI""";44
SOTAQUIRA;Jose Eulises Barrera Alvarez;PARTIDO NUEVO LIBERALISMO;42
SOTAQUIRA;Paulo Cesar Donado Paredes;PARTIDO ALIANZA VERDE;40
SOTAQUIRA;Jose Hector Garcia Higuera;PARTIDO LIBERAL COLOMBIANO;38
SOTAQUIRA;Gladys Robles Baron;AGRUPACIÓN POLÍTICA EN MARCHA;37
SOTAQUIRA;Olga Nereyda Galvis Perez;AGRUPACIÓN POLÍTICA EN MARCHA;34
SOTAQUIRA;Mariela Sanchez Avila;PARTIDO ALIANZA VERDE;29
SOTAQUIRA;Mydi Johana Cipacon Sanabria;AGRUPACIÓN POLÍTICA EN MARCHA;26
SOTAQUIRA;Partido Centro Democrático;PARTIDO CENTRO DEMOCRÁTICO;22
SOTAQUIRA;Carol Juliet Camargo Borda;PARTIDO CONSERVADOR COLOMBIANO;21
SOTAQUIRA;Jose Hermogenes Garcia Garcia;PARTIDO NUEVO LIBERALISMO;21
SOTAQUIRA;Diana Carolina Mayorga Martinez;PARTIDO LIBERAL COLOMBIANO;20
SOTAQUIRA;Orlando Pacavita Mateus;"PARTIDO ALIANZA SOCIAL INDEPENDIENTE ""ASI""";20
SOTAQUIRA;Julio Enrique Rodriguez Salazar;PARTIDO CAMBIO RADICAL;19
SOTAQUIRA;"Partido Alianza Social Independiente ""Asi""";"PARTIDO ALIANZA SOCIAL INDEPENDIENTE ""ASI""";18
SOTAQUIRA;Partido Conservador Colombiano;PARTIDO CONSERVADOR COLOMBIANO;18
SOTAQUIRA;Partido Liberal Colombiano;PARTIDO LIBERAL COLOMBIANO;18
SOTAQUIRA;Ronald Leonardo Acevedo Lizarazo;PARTIDO LIBERAL COLOMBIANO;18
SOTAQUIRA;Benjamin Avellaneda Leal;PARTIDO ALIANZA VERDE;15
SOTAQUIRA;Deisy Catherine Mateus Rodriguez;PARTIDO CENTRO DEMOCRÁTICO;14
SOTAQUIRA;Jairo Toro;PARTIDO CENTRO DEMOCRÁTICO;12
SOTAQUIRA;Partido De La Unión Por La Gente - Partido De La U;PARTIDO DE LA UNIÓN POR LA GENTE - PARTIDO DE LA U;9
SOTAQUIRA;Jhon Sebastian Palacios Gil;"PARTIDO ALIANZA SOCIAL INDEPENDIENTE ""ASI""";8
SOTAQUIRA;Leidy Marcela Macana;"PARTIDO ALIANZA SOCIAL INDEPENDIENTE ""ASI""";8
SOTAQUIRA;Partido Cambio Radical;PARTIDO CAMBIO RADICAL;7
SOTAQUIRA;Jeny Carolina Saavedra Monroy;PARTIDO DE LA UNIÓN POR LA GENTE - PARTIDO DE LA U;6
SOTAQUIRA;Yenny Paola Figueredo Largo;PARTIDO CONSERVADOR COLOMBIANO;6
SOTAQUIRA;Orlando Ramirez Torres;PARTIDO CONSERVADOR COLOMBIANO;5
SOTAQUIRA;Adelis Elayne Corredor Martinez;"PARTIDO ALIANZA SOCIAL INDEPENDIENTE ""ASI""";4
SOTAQUIRA;Jhon Fredy Fonseca Rodriguez;PARTIDO CAMBIO RADICAL;4
SOTAQUIRA;Luz Dary Zipacon Fuquen;PARTIDO CAMBIO RADICAL;4
SOTAQUIRA;Nasario Cetina Rodriguez;PARTIDO DE LA UNIÓN POR LA GENTE - PARTIDO DE LA U;4
SOTAQUIRA;Angela Patricia Fonseca Chaparro;PARTIDO CONSERVADOR COLOMBIANO;3
SOTAQUIRA;Viviana Del Pilar Mora Rabelo;PARTIDO CAMBIO RADICAL;3
SOTAQUIRA;Gilberto Cardenas Amezquita;PARTIDO DE LA UNIÓN POR LA GENTE - PARTIDO DE LA U;2
SOTAQUIRA;Henry Garcia Gomez;PARTIDO CONSERVADOR COLOMBIANO;2
SOTAQUIRA;Maritza Florez Pirazan;PARTIDO ALIANZA VERDE;2
SOTAQUIRA;Maribel Mateus Acuña;"PARTIDO ALIANZA SOCIAL INDEPENDIENTE ""ASI""";1
SOTAQUIRA;Fidel Dario Nova Higuera;AGRUPACIÓN POLÍTICA EN MARCHA;0
SUSACON;Omar Ricardo Miranda Aponte;PARTIDO ALIANZA VERDE;200
SUSACON;Alirio Suarez Mesa;PARTIDO CONSERVADOR COLOMBIANO;180
SUSACON;Jaime Enrique Davila Baez;PARTIDO CONSERVADOR COLOMBIANO;164
SUSACON;Jose Luis Mesa Vargas;PARTIDO ALIANZA VERDE;133
SUSACON;Cenaida Oliveros Pinzon;PARTIDO CAMBIO RADICAL;128
SUSACON;Diego Rafael Leon Mesa;"PARTIDO ALIANZA SOCIAL INDEPENDIENTE ""ASI""";118
SUSACON;Yennifer Andrea Gomez Barrera;PARTIDO ALIANZA VERDE;114
SUSACON;Claudia Lorena Barrera Joya;PARTIDO ALIANZA VERDE;107
SUSACON;Clara Ines Castañeda Joya;PARTIDO CONSERVADOR COLOMBIANO;88
SUSACON;Luis Nevardo Gomez Sandoval;PARTIDO CONSERVADOR COLOMBIANO;86
SUSACON;Fredy Laureano Mejia Medina;PARTIDO CAMBIO RADICAL;72
SUSACON;Marco Emilio Orozco;PARTIDO CONSERVADOR COLOMBIANO;65
SUSACON;Mauricio Orozco Sandoval;PARTIDO ALIANZA VERDE;61
SUSACON;Cristian Mauricio Hernandez Lopez;PARTIDO CAMBIO RADICAL;58
SUSACON;Aracelly Barrera Sandoval;PARTIDO ALIANZA VERDE;57
SUSACON;Gina Efigenia Sequera Lizarazo;"PARTIDO ALIANZA SOCIAL INDEPENDIENTE ""ASI""";46
SUSACON;Reinaldo Camacho Bonilla;PARTIDO ALIANZA VERDE;46
SUSACON;Juan Mesa Davila;PARTIDO CAMBIO RADICAL;28
SUSACON;Partido Conservador Colombiano;PARTIDO CONSERVADOR COLOMBIANO;25
SUSACON;Luis Antonio Quiroz Bonilla;PARTIDO CAMBIO RADICAL;22
SUSACON;Partido Alianza Verde;PARTIDO ALIANZA VERDE;20
SUSACON;Andrea Del Pilar Sandoval Silva;PARTIDO LIBERAL COLOMBIANO;16
SUSACON;Milton Perez Gaitan;PARTIDO LIBERAL COLOMBIANO;16
SUSACON;Natividad Joya Palencia;PARTIDO CONSERVADOR COLOMBIANO;15
SUSACON;Partido Cambio Radical;PARTIDO CAMBIO RADICAL;12
SUSACON;Luz Mery Mesa Figueredo;PARTIDO CAMBIO RADICAL;11
SUSACON;Doris Gomez Tolosa;PARTIDO CAMBIO RADICAL;10
SUSACON;Francy Alejandra Sandoval Leon;PARTIDO CONSERVADOR COLOMBIANO;9
SUSACON;Vicente Sandoval Sanabria;"PARTIDO ALIANZA SOCIAL INDEPENDIENTE ""ASI""";7
SUSACON;Mirian Del Transito Mesa Correa;"PARTIDO ALIANZA SOCIAL INDEPENDIENTE ""ASI""";6
SUSACON;Melba Fideligna Gonzalez Oliveros;"PARTIDO ALIANZA SOCIAL INDEPENDIENTE ""ASI""";5
SUSACON;"Partido Alianza Social Independiente ""Asi""";"PARTIDO ALIANZA SOCIAL INDEPENDIENTE ""ASI""";5
SUSACON;Elvia Lucia Medina Gomez;PARTIDO LIBERAL COLOMBIANO;4
SUSACON;Ivan Javier Sandoval Mesa;"PARTIDO ALIANZA SOCIAL INDEPENDIENTE ""ASI""";4
SUSACON;Diana Rosmira Mesa Figueredo;PARTIDO LIBERAL COLOMBIANO;3
SUSACON;Partido Liberal Colombiano;PARTIDO LIBERAL COLOMBIANO;1
SUSACON;Wilson Orlando Briceño Davila;PARTIDO LIBERAL COLOMBIANO;1
SUTAMARCHAN;Eliam Yecid Velandia Russi;PARTIDO CAMBIO RADICAL;296
SUTAMARCHAN;Jhonatan Alexis Gonzalez Menjura;PARTIDO ALIANZA VERDE;280
SUTAMARCHAN;Pedro Eudelio Velandia Gonzalez;PARTIDO ALIANZA VERDE;251
SUTAMARCHAN;Deibis Jose Buitrago Castellanos;PARTIDO DE LA UNIÓN POR LA GENTE - PARTIDO DE LA U;247
SUTAMARCHAN;Partido Centro Democrático;PARTIDO CENTRO DEMOCRÁTICO;226
SUTAMARCHAN;Jorge Daniel Cortes Bohorquez;PARTIDO LIBERAL COLOMBIANO;210
SUTAMARCHAN;Victor Eduardo Alvarado Muñoz;PARTIDO LIBERAL COLOMBIANO;199
SUTAMARCHAN;Manuel Steven Rodriguez Gonzalez;PARTIDO LIBERAL COLOMBIANO;191
SUTAMARCHAN;Fideligno Rodriguez Villamil;PARTIDO ALIANZA VERDE;185
SUTAMARCHAN;Adriana Lucero Mendieta Calderon;PARTIDO ALIANZA VERDE;183
SUTAMARCHAN;Pedro Mariano Coy Avila;PARTIDO POLÍTICO LA FUERZA DE LA PAZ;179
SUTAMARCHAN;Julian Hernan Tibaduiza Fino;PARTIDO CAMBIO RADICAL;177
SUTAMARCHAN;Edicson Leandro Murcia Coy;PARTIDO DE LA UNIÓN POR LA GENTE - PARTIDO DE LA U;168
SUTAMARCHAN;Diego Javier Gonzalez Laiton;"PARTIDO ALIANZA SOCIAL INDEPENDIENTE ""ASI""";166
SUTAMARCHAN;Ricardo Alonso Rodriguez Castellanos;PARTIDO DE LA UNIÓN POR LA GENTE - PARTIDO DE LA U;156
SUTAMARCHAN;Willian Felipe Vargas Vargas;PARTIDO DE LA UNIÓN POR LA GENTE - PARTIDO DE LA U;145
SUTAMARCHAN;Samuel Orlando Rivera Laiton;"PARTIDO ALIANZA SOCIAL INDEPENDIENTE ""ASI""";132
SUTAMARCHAN;Rooselvelt Diaz Cardenas;PARTIDO DE LA UNIÓN POR LA GENTE - PARTIDO DE LA U;128
SUTAMARCHAN;Movimiento Político Colombia Humana;MOVIMIENTO POLÍTICO COLOMBIA HUMANA;123
SUTAMARCHAN;Yuly Maureni Villanueva Coy;PARTIDO LIBERAL COLOMBIANO;123
SUTAMARCHAN;Jhon Steven Avila Velandia;"PARTIDO ALIANZA SOCIAL INDEPENDIENTE ""ASI""";122
SUTAMARCHAN;Hector Julio Coy Paez;"PARTIDO ALIANZA SOCIAL INDEPENDIENTE ""ASI""";110
SUTAMARCHAN;Julio Cesar Neira Gonzalez;PARTIDO POLÍTICO LA FUERZA DE LA PAZ;97
SUTAMARCHAN;Ivan Daniel Rugeth Paez;PARTIDO CAMBIO RADICAL;84
SUTAMARCHAN;Jairo Noe Garcia Avendaño;"PARTIDO ALIANZA SOCIAL INDEPENDIENTE ""ASI""";83
SUTAMARCHAN;Elkin Donney Gonzalez Velandia;PARTIDO CAMBIO RADICAL;79
SUTAMARCHAN;Gerardo Angulo Cifuentes;PARTIDO ALIANZA VERDE;79
SUTAMARCHAN;Hermes Castellanos Peña;"PARTIDO ALIANZA SOCIAL INDEPENDIENTE ""ASI""";79
SUTAMARCHAN;Saul Felipe Avila Gonzalez;PARTIDO ALIANZA VERDE;70
SUTAMARCHAN;Edwin Humberto Cuellar Castellanos;PARTIDO CAMBIO RADICAL;54
SUTAMARCHAN;Jose Marco Olimpo Alarcon Castellanos;PARTIDO CAMBIO RADICAL;49
SUTAMARCHAN;Edwin Camilo Martinez Castellanos;PARTIDO POLÍTICO LA FUERZA DE LA PAZ;45
SUTAMARCHAN;Luis Antonio Paez Palacios;PARTIDO POLÍTICO LA FUERZA DE LA PAZ;38
SUTAMARCHAN;Dicson Fernando Laiton Gonzalez;PARTIDO POLÍTICO LA FUERZA DE LA PAZ;36
SUTAMARCHAN;Lucio Ferney Fino Russi;PARTIDO LIBERAL COLOMBIANO;30
SUTAMARCHAN;William Hernan Sierra Contreras;PARTIDO LIBERAL COLOMBIANO;30
SUTAMARCHAN;Partido Alianza Verde;PARTIDO ALIANZA VERDE;24
SUTAMARCHAN;Laura Isabel Suarez Rodriguez;PARTIDO LIBERAL COLOMBIANO;19
SUTAMARCHAN;Efrain Leonel Medina Martinez;PARTIDO LIBERAL COLOMBIANO;17
SUTAMARCHAN;Martha Isabel Casas Velasquez;PARTIDO LIBERAL COLOMBIANO;17
SUTAMARCHAN;Flor Imelda Dominguez Moreno;PARTIDO DE LA UNIÓN POR LA GENTE - PARTIDO DE LA U;16
SUTAMARCHAN;Angi Judith Gonzalez Laiton;"PARTIDO ALIANZA SOCIAL INDEPENDIENTE ""ASI""";13
SUTAMARCHAN;Omar Josue Rugeth Paez;PARTIDO POLÍTICO LA FUERZA DE LA PAZ;13
SUTAMARCHAN;Partido Liberal Colombiano;PARTIDO LIBERAL COLOMBIANO;12
SUTAMARCHAN;Eimy Alejandra Rodriguez Mora;PARTIDO POLÍTICO LA FUERZA DE LA PAZ;11
SUTAMARCHAN;Juan Carlos Sanchez Silva;PARTIDO DE LA UNIÓN POR LA GENTE - PARTIDO DE LA U;11
SUTAMARCHAN;Independientes;INDEPENDIENTES;9
SUTAMARCHAN;Partido Cambio Radical;PARTIDO CAMBIO RADICAL;9
SUTAMARCHAN;Partido De La Unión Por La Gente - Partido De La U;PARTIDO DE LA UNIÓN POR LA GENTE - PARTIDO DE LA U;9
SUTAMARCHAN;Jose Gonzalo Lopez;PARTIDO ALIANZA VERDE;8
SUTAMARCHAN;"Partido Alianza Social Independiente ""Asi""";"PARTIDO ALIANZA SOCIAL INDEPENDIENTE ""ASI""";7
SUTAMARCHAN;Zulma Liliana Russi;PARTIDO ALIANZA VERDE;7
SUTAMARCHAN;Laura Marcela Fino Aguilera;PARTIDO POLÍTICO LA FUERZA DE LA PAZ;6
SUTAMARCHAN;Martha Liliana Delgadillo Sierra;"PARTIDO ALIANZA SOCIAL INDEPENDIENTE ""ASI""";6
SUTAMARCHAN;Partido Político La Fuerza De La Paz;PARTIDO POLÍTICO LA FUERZA DE LA PAZ;4
SUTAMARCHAN;Maria Elena Velosa Villamil;PARTIDO DE LA UNIÓN POR LA GENTE - PARTIDO DE LA U;3
SUTAMARCHAN;Maria Rubiela Gomez Carvajal;PARTIDO CAMBIO RADICAL;3
SUTAMARCHAN;Sonia Del Carmen Castellanos Paez;"PARTIDO ALIANZA SOCIAL INDEPENDIENTE ""ASI""";2
SUTAMARCHAN;Yeni Paola Villamil;PARTIDO POLÍTICO LA FUERZA DE LA PAZ;2
SUTAMARCHAN;Delsy Mayerli Coy Coy;PARTIDO CAMBIO RADICAL;1
SUTAMARCHAN;Erika Juliana Garcia Marin;PARTIDO DE LA UNIÓN POR LA GENTE - PARTIDO DE LA U;1
SUTATENZA;Alvaro Javier Barreto Corba;PARTIDO ALIANZA VERDE;189
SUTATENZA;Luis Alejandro Bravo Uribe;PARTIDO LIBERAL COLOMBIANO;175
SUTATENZA;Jeisson Camilo Sanchez Silva;PARTIDO CAMBIO RADICAL;169
SUTATENZA;Julio Roberto Niño Arevalo;PARTIDO ALIANZA VERDE;156
SUTATENZA;Martha Lucila Garcia Salcedo;PARTIDO DE LA UNIÓN POR LA GENTE - PARTIDO DE LA U;152
SUTATENZA;Olga Marina Muñoz Becerra;PARTIDO CAMBIO RADICAL;128
SUTATENZA;Rodolfo Moreno Moreno;PARTIDO CAMBIO RADICAL;127
SUTATENZA;Yaditza Carreño Duarte;PARTIDO CONSERVADOR COLOMBIANO;107
SUTATENZA;Aura Cristina Alfonso Martinez;PARTIDO CAMBIO RADICAL;102
SUTATENZA;Hugo Hernando Roa Guerrero;PARTIDO LIBERAL COLOMBIANO;98
SUTATENZA;Marly Yakeline Quintero Rojas;PARTIDO DE LA UNIÓN POR LA GENTE - PARTIDO DE LA U;97
SUTATENZA;Fredy Emilio Sacristan Barreto;PARTIDO CAMBIO RADICAL;90
SUTATENZA;Jose William Perez Duran;PARTIDO CONSERVADOR COLOMBIANO;87
SUTATENZA;Oscar Alexis Zarate Celis;PARTIDO DE LA UNIÓN POR LA GENTE - PARTIDO DE LA U;81
SUTATENZA;Carlos Jose Dueñas Dueñas;PARTIDO CAMBIO RADICAL;73
SUTATENZA;Javier Alexander Lopez Perilla;PARTIDO DE LA UNIÓN POR LA GENTE - PARTIDO DE LA U;70
SUTATENZA;Nelson Fabio Cuesta Barrera;PARTIDO DE LA UNIÓN POR LA GENTE - PARTIDO DE LA U;69
SUTATENZA;Sebastian Felipe Rodriguez Hernandez;PARTIDO ALIANZA VERDE;69
SUTATENZA;Mario Andres Fuentes Quiroga;PARTIDO CENTRO DEMOCRÁTICO;67
SUTATENZA;Liber Yesid Muñoz Algarra;PARTIDO CENTRO DEMOCRÁTICO;58
SUTATENZA;Noe Fabian Molina Celis;PARTIDO ALIANZA VERDE;54
SUTATENZA;Neilda Arevalo Niño;PARTIDO ALIANZA VERDE;50
SUTATENZA;Santiago Avendaño Ruiz;PARTIDO CENTRO DEMOCRÁTICO;50
SUTATENZA;Raul Enrique Coba Bueno;PARTIDO LIBERAL COLOMBIANO;49
SUTATENZA;Maria Del Carmen Alfonso Celis;PARTIDO CENTRO DEMOCRÁTICO;48
SUTATENZA;Jenny Paola Ardila Ardila;PARTIDO LIBERAL COLOMBIANO;45
SUTATENZA;Carlos Steffan Vargas Bueno;PARTIDO DE LA UNIÓN POR LA GENTE - PARTIDO DE LA U;37
SUTATENZA;Yair Estiven Fula Bernal;PARTIDO CENTRO DEMOCRÁTICO;37
SUTATENZA;Partido Alianza Verde;PARTIDO ALIANZA VERDE;35
SUTATENZA;Salomon Juez Ballesteros;PARTIDO CONSERVADOR COLOMBIANO;30
SUTATENZA;Maria Helena Pineda;PARTIDO DE LA UNIÓN POR LA GENTE - PARTIDO DE LA U;29
SUTATENZA;Alexandra Niño;PARTIDO CONSERVADOR COLOMBIANO;28
SUTATENZA;Jaime Manuel Garcia Robles;PARTIDO LIBERAL COLOMBIANO;28
SUTATENZA;Maria Rosario Nieto Salcedo;PARTIDO LIBERAL COLOMBIANO;27
SUTATENZA;Partido Liberal Colombiano;PARTIDO LIBERAL COLOMBIANO;25
SUTATENZA;Jubi Stephany Bulla Castillo;PARTIDO CENTRO DEMOCRÁTICO;24
SUTATENZA;Luis Etilio Leyva Leyva;PARTIDO CONSERVADOR COLOMBIANO;24
SUTATENZA;Partido Centro Democrático;PARTIDO CENTRO DEMOCRÁTICO;22
SUTATENZA;Dora Ines Sanchez Vaca;PARTIDO CENTRO DEMOCRÁTICO;18
SUTATENZA;Partido Cambio Radical;PARTIDO CAMBIO RADICAL;18
SUTATENZA;Partido De La Unión Por La Gente - Partido De La U;PARTIDO DE LA UNIÓN POR LA GENTE - PARTIDO DE LA U;18
SUTATENZA;Efrain Cuesta Barreto;"PARTIDO ALIANZA SOCIAL INDEPENDIENTE ""ASI""";16
SUTATENZA;Italo Oswaldo Ramirez Cuesta;"PARTIDO ALIANZA SOCIAL INDEPENDIENTE ""ASI""";12
SUTATENZA;Partido Conservador Colombiano;PARTIDO CONSERVADOR COLOMBIANO;11
SUTATENZA;Yasmina Bueno Peralta;"PARTIDO ALIANZA SOCIAL INDEPENDIENTE ""ASI""";11
SUTATENZA;Sandra Yulisa Vergara Martinez;PARTIDO ALIANZA VERDE;10
SUTATENZA;Jesus Avilio Cuesta;"PARTIDO ALIANZA SOCIAL INDEPENDIENTE ""ASI""";6
SUTATENZA;Dora Cecilia Pinto Dueñas;"PARTIDO ALIANZA SOCIAL INDEPENDIENTE ""ASI""";5
SUTATENZA;Sandra Yamile Rojas Gil;"PARTIDO ALIANZA SOCIAL INDEPENDIENTE ""ASI""";5
SUTATENZA;Diego Alejandro Niño Cortes;"PARTIDO ALIANZA SOCIAL INDEPENDIENTE ""ASI""";2
TASCO;Eduardo Estupiñan Amaya;PARTIDO CAMBIO RADICAL;277
TASCO;Juan Jose Cely Rivera;PARTIDO LIBERAL COLOMBIANO;269
TASCO;Miguel Angel Verdugo Verdugo;PACTO HISTORICO;247
TASCO;Luz Mary Castillo Cristancho;PARTIDO LIBERAL COLOMBIANO;239
TASCO;Hernan Dario Marquez Chiquillo;"MOVIMIENTO AUTORIDADES INDÍGENAS DE COLOMBIA ""AICO""";200
TASCO;Pedro Nel Castañeda Berdugo;PARTIDO LIBERAL COLOMBIANO;188
TASCO;Diego Torres Fuentes;PARTIDO LIBERAL COLOMBIANO;142
TASCO;Jhon Alexander Gomez Chia;PACTO HISTORICO;140
TASCO;Luis Oswaldo Barrera Chaparro;"MOVIMIENTO AUTORIDADES INDÍGENAS DE COLOMBIA ""AICO""";139
TASCO;Viviana Camila Alfonso Pava;PARTIDO LIBERAL COLOMBIANO;109
TASCO;Humberto Pulido Castañeda;PARTIDO DE LA UNIÓN POR LA GENTE - PARTIDO DE LA U;92
TASCO;Ruben Albeiro Garcia;PARTIDO LIBERAL COLOMBIANO;86
TASCO;Jhon Fredy Garzon Palencia;PARTIDO CAMBIO RADICAL;84
TASCO;Alvaro Javier Pava Castañeda;PARTIDO NUEVO LIBERALISMO;82
TASCO;Luis Alejandro Cardenas Perez;PARTIDO LIBERAL COLOMBIANO;81
TASCO;Jose William Berdugo Vega;PACTO HISTORICO;78
TASCO;Carlos Hernan Martinez Vega;PARTIDO DE LA UNIÓN POR LA GENTE - PARTIDO DE LA U;71
TASCO;Gilberto David Orozco Parra;PACTO HISTORICO;69
TASCO;Ana Dorelly Ramos Cruz;PARTIDO DE LA UNIÓN POR LA GENTE - PARTIDO DE LA U;63
TASCO;Jawer Yamid Mora Berdugo;"MOVIMIENTO AUTORIDADES INDÍGENAS DE COLOMBIA ""AICO""";59
TASCO;Luis Carlos Hernandez Reyes;"MOVIMIENTO AUTORIDADES INDÍGENAS DE COLOMBIA ""AICO""";58
TASCO;Edgar Gomez Alfonso;PARTIDO NUEVO LIBERALISMO;56
TASCO;Lenis Yobana Rincon Vega;PACTO HISTORICO;56
TASCO;Alvaro Javier Chia Garzon;PARTIDO CAMBIO RADICAL;55
TASCO;Yon Alexander Estupiñan Vega;"MOVIMIENTO AUTORIDADES INDÍGENAS DE COLOMBIA ""AICO""";49
TASCO;Jose Ignacio Castillo Berdugo;PARTIDO LIBERAL COLOMBIANO;48
TASCO;Jose Santos Gil Cardenas;PARTIDO POLÍTICO DIGNIDAD & COMPROMISO;37
TASCO;Fraviel Blanco Parra;PARTIDO POLÍTICO DIGNIDAD & COMPROMISO;33
TASCO;Heydy Maria Rincon Sanchez;PARTIDO CAMBIO RADICAL;33
TASCO;Blanca Cecilia Gualteros Parra;"MOVIMIENTO AUTORIDADES INDÍGENAS DE COLOMBIA ""AICO""";26
TASCO;Alberto Amaya Estupinan;PACTO HISTORICO;25
TASCO;Marcela Alfonso;PARTIDO LIBERAL COLOMBIANO;24
TASCO;Guillermo Cuevas;PARTIDO CAMBIO RADICAL;22
TASCO;Jorge Humberto Gonzalez Joya;"MOVIMIENTO AUTORIDADES INDÍGENAS DE COLOMBIA ""AICO""";22
TASCO;Partido Liberal Colombiano;PARTIDO LIBERAL COLOMBIANO;22
TASCO;Marcela Murillo Rodriguez;PARTIDO NUEVO LIBERALISMO;21
TASCO;Diego Frankli Cotamo Romero;PARTIDO DE LA UNIÓN POR LA GENTE - PARTIDO DE LA U;19
TASCO;Lidis Johana Maldonado Rodriguez;"MOVIMIENTO AUTORIDADES INDÍGENAS DE COLOMBIA ""AICO""";17
TASCO;Pedro Avel Castañeda Rincon;PARTIDO POLÍTICO DIGNIDAD & COMPROMISO;17
TASCO;Pacto Historico;PACTO HISTORICO;15
TASCO;Rosa Maria Mendivelso Romero;PACTO HISTORICO;12
TASCO;Flor Edith Sanabria Vargas;"MOVIMIENTO AUTORIDADES INDÍGENAS DE COLOMBIA ""AICO""";11
TASCO;Partido Cambio Radical;PARTIDO CAMBIO RADICAL;11
TASCO;Jaime Arismendy Arismendy;PARTIDO NUEVO LIBERALISMO;10
TASCO;Jose Rodrigo Reyes Verdugo;PARTIDO POLÍTICO DIGNIDAD & COMPROMISO;10
TASCO;Partido De La Unión Por La Gente - Partido De La U;PARTIDO DE LA UNIÓN POR LA GENTE - PARTIDO DE LA U;10
TASCO;Juan Carlos Naranjo Chaparro;PARTIDO NUEVO LIBERALISMO;8
TASCO;"Movimiento Autoridades Indígenas De Colombia ""Aico """;"MOVIMIENTO AUTORIDADES INDÍGENAS DE COLOMBIA ""AICO""";7
TASCO;Aura Maria Reyes Rodriguez;PARTIDO POLÍTICO DIGNIDAD & COMPROMISO;6
TASCO;Dora Lilia Oliveros Amaya;PACTO HISTORICO;6
TASCO;Yovana Melo Diaz;PARTIDO NUEVO LIBERALISMO;6
TASCO;Luz Mila Romero Alvarado;PARTIDO NUEVO LIBERALISMO;5
TASCO;Ingrid Liseth Barrera Parra;PARTIDO DE LA UNIÓN POR LA GENTE - PARTIDO DE LA U;4
TASCO;Maria Celina Malpica Pava;PARTIDO CAMBIO RADICAL;4
TASCO;Wilmer Oswaldo Amaya Cristancho;PACTO HISTORICO;3
TASCO;Partido Nuevo Liberalismo;PARTIDO NUEVO LIBERALISMO;2
TASCO;Partido Político Dignidad & Compromiso;PARTIDO POLÍTICO DIGNIDAD & COMPROMISO;1
TENZA;Miryam Yaneth Martinez Avila;PARTIDO ALIANZA VERDE;245
TENZA;Marcohe Buitrago Calderon;PARTIDO DE LA UNIÓN POR LA GENTE - PARTIDO DE LA U;243
TENZA;Efrain Martinez Rodriguez;PARTIDO DE LA UNIÓN POR LA GENTE - PARTIDO DE LA U;234
TENZA;Julian Andres Martin Gordo;PARTIDO CONSERVADOR COLOMBIANO;190
TENZA;Yon Jairo Sierra Gomez;PARTIDO ALIANZA VERDE;148
TENZA;Gloria Esperanza Chaves Rodriguez;PARTIDO CONSERVADOR COLOMBIANO;141
TENZA;Hector Gabriel Avila Ramirez;PARTIDO DE LA UNIÓN POR LA GENTE - PARTIDO DE LA U;121
TENZA;Tito Lozano Junco;PARTIDO COLOMBIA RENACIENTE;106
TENZA;Laurentino Garcia Martin;PARTIDO ALIANZA VERDE;90
TENZA;Yovany Castañeda Bohorquez;PARTIDO ALIANZA VERDE;85
TENZA;Marina Niño Celis;PARTIDO ALIANZA VERDE;78
TENZA;Camilo Andres Niño Amaya;PARTIDO COLOMBIA RENACIENTE;77
TENZA;Lucia Mariela Roa Roa;PARTIDO CONSERVADOR COLOMBIANO;69
TENZA;Milciades Jimenez Jimenez;PARTIDO DE LA UNIÓN POR LA GENTE - PARTIDO DE LA U;69
TENZA;Jose Libardo Mendez Herrera;PARTIDO ALIANZA VERDE;68
TENZA;Miguel Angel Buitrago Martin;PARTIDO COLOMBIA RENACIENTE;61
TENZA;Henrry Antonio Bohorquez Lopez;PARTIDO CONSERVADOR COLOMBIANO;57
TENZA;Jimena Alexandra Jimenez Contreras;PARTIDO DE LA UNIÓN POR LA GENTE - PARTIDO DE LA U;57
TENZA;Gloria Maria Parra Mora;PARTIDO CONSERVADOR COLOMBIANO;52
TENZA;Pedro Jose Sierra Lozano;"PARTIDO ALIANZA SOCIAL INDEPENDIENTE ""ASI""";43
TENZA;Milton Damiam Duque Barragan;PARTIDO COLOMBIA RENACIENTE;37
TENZA;Partido Alianza Verde;PARTIDO ALIANZA VERDE;37
TENZA;Ana Oliva Vaca Vaca;PARTIDO COLOMBIA RENACIENTE;36
TENZA;Wilson Javier Franco Jimenez;"PARTIDO ALIANZA SOCIAL INDEPENDIENTE ""ASI""";36
TENZA;Jair Andres Campos Riaño;PARTIDO CONSERVADOR COLOMBIANO;34
TENZA;Monica Yuliana Robles Martinez;PARTIDO DE LA UNIÓN POR LA GENTE - PARTIDO DE LA U;33
TENZA;Pedro Miguel Fernandez Gomez;"PARTIDO ALIANZA SOCIAL INDEPENDIENTE ""ASI""";32
TENZA;Edinson Camilo Romero Gutierrez;"PARTIDO ALIANZA SOCIAL INDEPENDIENTE ""ASI""";28
TENZA;Leydi Johana Martinez;"PARTIDO ALIANZA SOCIAL INDEPENDIENTE ""ASI""";28
TENZA;Martha Nelci Guerrero Avila;"PARTIDO ALIANZA SOCIAL INDEPENDIENTE ""ASI""";16
TENZA;"Movimiento Alternativo Indígena Y Social ""Mais""";"MOVIMIENTO ALTERNATIVO INDÍGENA Y SOCIAL ""MAIS""";14
TENZA;Rafael Antonio Camacho Esguerra;PARTIDO CONSERVADOR COLOMBIANO;14
TENZA;Gloria Cecilia Alfonso Velandia;"PARTIDO ALIANZA SOCIAL INDEPENDIENTE ""ASI""";13
TENZA;Partido De La Unión Por La Gente - Partido De La U;PARTIDO DE LA UNIÓN POR LA GENTE - PARTIDO DE LA U;13
TENZA;Partido Conservador Colombiano;PARTIDO CONSERVADOR COLOMBIANO;12
TENZA;"Partido Alianza Social Independiente ""Asi""";"PARTIDO ALIANZA SOCIAL INDEPENDIENTE ""ASI""";5
TENZA;Lina Mayerly Rubiano Contreras;PARTIDO DE LA UNIÓN POR LA GENTE - PARTIDO DE LA U;4
TENZA;Nubia Lucero Ramirez Uñate;PARTIDO COLOMBIA RENACIENTE;2
TENZA;Partido Colombia Renaciente;PARTIDO COLOMBIA RENACIENTE;2
TIBANA;Wilson Martin Gil Romero;PARTIDO LIBERAL COLOMBIANO;394
TIBANA;Nohemi Gil Galindo;PARTIDO CAMBIO RADICAL;354
TIBANA;Joham Sebastian Galindo Riapira;PARTIDO POLÍTICO LA FUERZA DE LA PAZ;342
TIBANA;Wilmer Alfonso Perez Gamba;PARTIDO DE LA UNIÓN POR LA GENTE - PARTIDO DE LA U;303
TIBANA;Wilson Cabeza Suarez;PARTIDO CAMBIO RADICAL;284
TIBANA;Jose Benigno Mancipe Perez;PARTIDO LIBERAL COLOMBIANO;270
TIBANA;Manuel Fernando Paez Moreno;PARTIDO LIBERAL COLOMBIANO;258
TIBANA;Jorge Eliecer Siatame Bohorquez;PARTIDO ALIANZA VERDE;249
TIBANA;Luis Hernando Gil Pinzon;PARTIDO DE LA UNIÓN POR LA GENTE - PARTIDO DE LA U;232
TIBANA;Carlos Julio Galindo Paez;PARTIDO DE LA UNIÓN POR LA GENTE - PARTIDO DE LA U;175
TIBANA;Hernando Mancipe Sarmiento;PARTIDO ALIANZA VERDE;171
TIBANA;Ferney Rodrigo Bohorquez Ruiz;PARTIDO POLÍTICO LA FUERZA DE LA PAZ;166
TIBANA;Albeiro Caballero Cano;PARTIDO CAMBIO RADICAL;163
TIBANA;Hector Muñoz Bernal;PARTIDO LIBERAL COLOMBIANO;150
TIBANA;Raul Maldonado Rincon;PARTIDO LIBERAL COLOMBIANO;135
TIBANA;Martha Yaneth Mancipe Lopez;PARTIDO ALIANZA VERDE;102
TIBANA;Blanca Cecilia Orjuela Muñoz;PARTIDO LIBERAL COLOMBIANO;96
TIBANA;Ana Abigail Galindo Parra;PARTIDO LIBERAL COLOMBIANO;92
TIBANA;Partido Liberal Colombiano;PARTIDO LIBERAL COLOMBIANO;84
TIBANA;Movimiento Político Colombia Humana;MOVIMIENTO POLÍTICO COLOMBIA HUMANA;82
TIBANA;Julio Cesar Mancipe Martinez;PARTIDO ALIANZA VERDE;80
TIBANA;Numael Pulido Velasquez;PARTIDO ALIANZA VERDE;76
TIBANA;Julie Patricia Huertas Aponte;PARTIDO CAMBIO RADICAL;73
TIBANA;Partido Alianza Verde;PARTIDO ALIANZA VERDE;54
TIBANA;Gladys Aponte Montaña;PARTIDO ALIANZA VERDE;46
TIBANA;Jaime Andres Arevalo Martinez;PARTIDO POLÍTICO LA FUERZA DE LA PAZ;45
TIBANA;William Galindo Casteblanco;PARTIDO LIBERAL COLOMBIANO;45
TIBANA;Jose Arquimedes Cano Cordero;PARTIDO CAMBIO RADICAL;43
TIBANA;Angel Amelio Sanchez Fandiño;PARTIDO ALIANZA VERDE;39
TIBANA;Oscar Augusto Martinez Gil;PARTIDO CAMBIO RADICAL;39
TIBANA;Partido Cambio Radical;PARTIDO CAMBIO RADICAL;32
TIBANA;Paula Gissela Aponte Vargas;PARTIDO POLÍTICO LA FUERZA DE LA PAZ;31
TIBANA;Josue Orlando Galindo Infante;PARTIDO DE LA UNIÓN POR LA GENTE - PARTIDO DE LA U;30
TIBANA;Partido De La Unión Por La Gente - Partido De La U;PARTIDO DE LA UNIÓN POR LA GENTE - PARTIDO DE LA U;26
TIBANA;Leydi Yohana Aguirre Aponte;PARTIDO LIBERAL COLOMBIANO;24
TIBANA;Maria Blanca Cruz Cruz;PARTIDO POLÍTICO LA FUERZA DE LA PAZ;23
TIBANA;Jonathan Paulino Nope Marquez;PARTIDO POLÍTICO LA FUERZA DE LA PAZ;21
TIBANA;Gloria Ines Cruz Cabeza;PARTIDO DE LA UNIÓN POR LA GENTE - PARTIDO DE LA U;18
TIBANA;Viviana Rincon Maldonado;PARTIDO ALIANZA VERDE;18
TIBANA;Israel Galindo Paez;PARTIDO POLÍTICO LA FUERZA DE LA PAZ;14
TIBANA;Diana Maria Chasque Pisso;PARTIDO POLÍTICO LA FUERZA DE LA PAZ;11
TIBANA;Ana Mery Rodriguez Suarez;PARTIDO DE LA UNIÓN POR LA GENTE - PARTIDO DE LA U;7
TIBANA;Karin Samantha Ballen Pulido;PARTIDO DE LA UNIÓN POR LA GENTE - PARTIDO DE LA U;6
TIBANA;Partido Político La Fuerza De La Paz;PARTIDO POLÍTICO LA FUERZA DE LA PAZ;6
TIBANA;Deyny Yanira Hernandez Sierra;PARTIDO CAMBIO RADICAL;5
TIBANA;Jose German Garcia Moreno;PARTIDO POLÍTICO LA FUERZA DE LA PAZ;5
TIBASOSA;Leonardo Adolfo Bernal Molina;PARTIDO ALIANZA VERDE;262
TIBASOSA;Jesus Armando Rosas Camargo;MOVIMIENTO SALVACIÓN NACIONAL;250
TIBASOSA;Edison Correa Cardozo;PARTIDO ALIANZA VERDE;242
TIBASOSA;Julian Alberto Molano Barrera;PARTIDO LIBERAL COLOMBIANO;240
TIBASOSA;Monica Liliana Galan Gutierrez;PARTIDO DE LA UNIÓN POR LA GENTE - PARTIDO DE LA U;205
TIBASOSA;Juan Carlos Reyes Pulido;PARTIDO CONSERVADOR COLOMBIANO;189
TIBASOSA;Jenny Alejandra Sastoque Hernandez;PARTIDO CONSERVADOR COLOMBIANO;185
TIBASOSA;Derly Esperanza Galvis Alba;PARTIDO DE LA UNIÓN POR LA GENTE - PARTIDO DE LA U;178
TIBASOSA;Oscar Javier Saenz Neira;"MOVIMIENTO ALTERNATIVO INDÍGENA Y SOCIAL ""MAIS""";160
TIBASOSA;Michel Yolima Saganome Silva;PARTIDO POLÍTICO CREEMOS;157
TIBASOSA;Jorge Armando Soraca Perez;PARTIDO POLÍTICO CREEMOS;151
TIBASOSA;Simon Antonio Bolivar Chaparro;PARTIDO NUEVO LIBERALISMO;138
TIBASOSA;Luis Ricardo Moyano Castañeda;PARTIDO ALIANZA VERDE;134
TIBASOSA;Blanca Libia Noy Benavides;PARTIDO ALIANZA VERDE;132
TIBASOSA;Maria Elvira Del Transito Romero Cordoba;INDEPENDIENTES;124
TIBASOSA;Leidy Alejandra Espitia Correa;PARTIDO POLÍTICO CREEMOS;119
TIBASOSA;Leidy Yanneth Pineda Torres;PARTIDO LIBERAL COLOMBIANO;119
TIBASOSA;Maria Yesenia Leon;PARTIDO LIBERAL COLOMBIANO;118
TIBASOSA;Juan Jose Lopez Fernandez;PARTIDO LIBERAL COLOMBIANO;116
TIBASOSA;Juan Felipe Cuenca Granados;PARTIDO CONSERVADOR COLOMBIANO;115
TIBASOSA;Yairo Benitez Duran;PARTIDO LIBERAL COLOMBIANO;113
TIBASOSA;Hector Ivan Zea Carvajal;PARTIDO LIBERAL COLOMBIANO;112
TIBASOSA;Jenny Lorena Faura Castiblanco;PARTIDO ALIANZA VERDE;107
TIBASOSA;Jorge Guillermo Estepa Cruz;PARTIDO DE LA UNIÓN POR LA GENTE - PARTIDO DE LA U;103
TIBASOSA;Tilcia Nohemi Triana Lopez;PARTIDO CONSERVADOR COLOMBIANO;101
TIBASOSA;Alfonso Maria De Ligorio Cuchango;PARTIDO CONSERVADOR COLOMBIANO;98
TIBASOSA;Juan Pablo Poveda Niño;PARTIDO POLÍTICO CREEMOS;98
TIBASOSA;Ruben Dario Pulido Ochoa;PARTIDO VERDE OXÍGENO;92
TIBASOSA;Karen Michel Zea Torres;PARTIDO LIBERAL COLOMBIANO;86
TIBASOSA;Manuel Garavito Camargo;NUEVA FUERZA DEMOCRÁTICA;83
TIBASOSA;Mayerly Viviana Cuida Castro;PARTIDO DE LA UNIÓN POR LA GENTE - PARTIDO DE LA U;83
TIBASOSA;Jose Sebastian Granados Garavito;PARTIDO ALIANZA VERDE;78
TIBASOSA;Juan Pablo Cabrera Bonilla;PARTIDO ECOLOGISTA COLOMBIANO;77
TIBASOSA;Luis Felipe Gomez Lumbaque;PARTIDO ECOLOGISTA COLOMBIANO;77
TIBASOSA;Stella Imelda Bayona Fonseca;NUEVA FUERZA DEMOCRÁTICA;76
TIBASOSA;Pablo Antonio Reyes Perez;PARTIDO DE LA UNIÓN POR LA GENTE - PARTIDO DE LA U;70
TIBASOSA;Jorge Enrique Grosso Camargo;NUEVA FUERZA DEMOCRÁTICA;67
TIBASOSA;Rosa Tulia Corredor Perez;PARTIDO POLÍTICO CREEMOS;67
TIBASOSA;Juanita Isabeth Mora Gonzalez;"PARTIDO ALIANZA SOCIAL INDEPENDIENTE ""ASI""";61
TIBASOSA;Julio Cesar Castro Parada;NUEVA FUERZA DEMOCRÁTICA;61
TIBASOSA;Jose Leonidas Correa Torres;PARTIDO ALIANZA VERDE;60
TIBASOSA;Juan Manuel Salcedo Gaviria;MOVIMIENTO SALVACIÓN NACIONAL;58
TIBASOSA;Fredy Alexander Gallo Costo;PARTIDO ALIANZA VERDE;57
TIBASOSA;Juan Antonio Cubaque Gomez;NUEVA FUERZA DEMOCRÁTICA;57
TIBASOSA;Camilo Alexander Castro Velandia;PARTIDO NUEVO LIBERALISMO;55
TIBASOSA;Jaime Armando Orduz Rodriguez;PARTIDO POLÍTICO CREEMOS;55
TIBASOSA;Carmenza Sogamoso Sandoval;INDEPENDIENTES;54
TIBASOSA;Claudia Liliana Vargas Camargo;PARTIDO POLÍTICO CREEMOS;52
TIBASOSA;Fabio Andres Camargo Rodriguez;PARTIDO POLÍTICO CREEMOS;52
TIBASOSA;Fernando Duran Cely;PARTIDO NUEVO LIBERALISMO;52
TIBASOSA;Miguel Alfredo Camargo Sanabria;PARTIDO CONSERVADOR COLOMBIANO;52
TIBASOSA;Carolina Ramirez Bonilla;PARTIDO POLÍTICO CREEMOS;51
TIBASOSA;Santiago Adolfo Diaz Ruiz;PARTIDO LIBERAL COLOMBIANO;50
TIBASOSA;Nohora Yamile Hernandez Leon;MOVIMIENTO SALVACIÓN NACIONAL;49
TIBASOSA;Cesar Felipe Eslava Camargo;"PARTIDO ALIANZA SOCIAL INDEPENDIENTE ""ASI""";48
TIBASOSA;Partido Alianza Verde;PARTIDO ALIANZA VERDE;48
TIBASOSA;Ana Milena Tristancho Cepeda;PARTIDO ALIANZA VERDE;44
TIBASOSA;Nelly Barrera Cruz;PARTIDO NUEVO LIBERALISMO;44
TIBASOSA;Laura Johana Molano Sierra;PARTIDO LIBERAL COLOMBIANO;43
TIBASOSA;Luis Fernando Camargo Cipa;PARTIDO DE LA UNIÓN POR LA GENTE - PARTIDO DE LA U;42
TIBASOSA;Dairo Felipe Camargo Montañez;PARTIDO CONSERVADOR COLOMBIANO;38
TIBASOSA;Juan Carlos Monroy Rodriguez;PARTIDO NUEVO LIBERALISMO;36
TIBASOSA;Sergio Zea Fonseca;PARTIDO NUEVO LIBERALISMO;36
TIBASOSA;Juan Felipe Salamanca Sanabria;PARTIDO POLÍTICO CREEMOS;35
TIBASOSA;Jairo Armando Aguilar Rodriguez;"MOVIMIENTO ALTERNATIVO INDÍGENA Y SOCIAL ""MAIS""";34
TIBASOSA;Tatiana Ruiz Rodriguez;"MOVIMIENTO ALTERNATIVO INDÍGENA Y SOCIAL ""MAIS""";33
TIBASOSA;Yamile Tellez Gomez;PARTIDO DE LA UNIÓN POR LA GENTE - PARTIDO DE LA U;32
TIBASOSA;Edilberto Tellez Fernandez;PARTIDO ECOLOGISTA COLOMBIANO;31
TIBASOSA;Partido Liberal Colombiano;PARTIDO LIBERAL COLOMBIANO;31
TIBASOSA;Transito Gonzalez Combariza;PARTIDO ECOLOGISTA COLOMBIANO;29
TIBASOSA;Juan David Tapiero Carreño;"PARTIDO ALIANZA SOCIAL INDEPENDIENTE ""ASI""";28
TIBASOSA;Yohan Arley Cardenas Sanabria;"MOVIMIENTO ALTERNATIVO INDÍGENA Y SOCIAL ""MAIS""";28
TIBASOSA;Ana Graciela Moreno Jimenez;PARTIDO CONSERVADOR COLOMBIANO;27
TIBASOSA;Elias Alejandro Pinto Gonzalez;MOVIMIENTO SALVACIÓN NACIONAL;27
TIBASOSA;Partido Conservador Colombiano;PARTIDO CONSERVADOR COLOMBIANO;27
TIBASOSA;Diana Camila Becerra Rojas;MOVIMIENTO SALVACIÓN NACIONAL;26
TIBASOSA;Maria Angela Lizarazo Fonseca;INDEPENDIENTES;26
TIBASOSA;Partido De La Unión Por La Gente - Partido De La U;PARTIDO DE LA UNIÓN POR LA GENTE - PARTIDO DE LA U;26
TIBASOSA;Solange Bernal Barrera;PARTIDO CONSERVADOR COLOMBIANO;26
TIBASOSA;Gabriel Libardo Hernandez Vasquez;PARTIDO DE LA UNIÓN POR LA GENTE - PARTIDO DE LA U;25
TIBASOSA;Javier Rojas Jaramillo;PARTIDO LIBERAL COLOMBIANO;25
TIBASOSA;Sonia Cristina Diaz Carrero;PARTIDO DE LA UNIÓN POR LA GENTE - PARTIDO DE LA U;25
TIBASOSA;Yanio De Jesus Triana Calderon;PARTIDO CONSERVADOR COLOMBIANO;25
TIBASOSA;Yuhevely Catalina Rincon Mesa;PARTIDO ECOLOGISTA COLOMBIANO;25
TIBASOSA;Lucia Del Carmen Alba Sanabria;PARTIDO ECOLOGISTA COLOMBIANO;24
TIBASOSA;Diego German Rojas Patiño;PARTIDO NUEVO LIBERALISMO;23
TIBASOSA;Gladis Leyla Preciado Alvarado;PARTIDO ECOLOGISTA COLOMBIANO;23
TIBASOSA;Partido Nuevo Liberalismo;PARTIDO NUEVO LIBERALISMO;23
TIBASOSA;Partido Verde Oxígeno;PARTIDO VERDE OXÍGENO;23
TIBASOSA;Carlos Andres Maldonado Cristancho;"PARTIDO ALIANZA SOCIAL INDEPENDIENTE ""ASI""";21
TIBASOSA;Rafael Enrique Monroy Ortiz;PARTIDO LIBERAL COLOMBIANO;21
TIBASOSA;Guillermo Ariel Gutierrez Melo;PARTIDO NUEVO LIBERALISMO;20
TIBASOSA;Dolly Jasmina Zea Riaño;PARTIDO ECOLOGISTA COLOMBIANO;19
TIBASOSA;Partido Político Creemos;PARTIDO POLÍTICO CREEMOS;17
TIBASOSA;Luz Marilce Benitez Rincon;INDEPENDIENTES;16
TIBASOSA;Mario Jacinto Alba Cabrera;NUEVA FUERZA DEMOCRÁTICA;16
TIBASOSA;Miguel Angel Bolivar Carrero;INDEPENDIENTES;16
TIBASOSA;Olga Ivon Torres Perez;PARTIDO CONSERVADOR COLOMBIANO;16
TIBASOSA;Alvaro Octavio Infante Riaño;INDEPENDIENTES;14
TIBASOSA;Hernando Alberto Chavez Ayala;INDEPENDIENTES;13
TIBASOSA;Movimiento  Salvación Nacional;MOVIMIENTO SALVACIÓN NACIONAL;13
TIBASOSA;Flor De Maria Perez Perez;"PARTIDO ALIANZA SOCIAL INDEPENDIENTE ""ASI""";12
TIBASOSA;Nueva Fuerza Democrática;NUEVA FUERZA DEMOCRÁTICA;12
TIBASOSA;Fredy Leonardo Santos Martinez;PARTIDO DE LA UNIÓN POR LA GENTE - PARTIDO DE LA U;11
TIBASOSA;Leyber Faride Ladino Mesa;PARTIDO ECOLOGISTA COLOMBIANO;11
TIBASOSA;Martha Cecilia Palacios Ojeda;INDEPENDIENTES;11
TIBASOSA;"Movimiento Alternativo Indígena Y Social ""Mais""";"MOVIMIENTO ALTERNATIVO INDÍGENA Y SOCIAL ""MAIS""";11
TIBASOSA;Ana Milena Perez Parra;INDEPENDIENTES;10
TIBASOSA;Independientes;INDEPENDIENTES;9
TIBASOSA;Neyla Esperanza Figueroa Barrera;INDEPENDIENTES;9
TIBASOSA;Laura Nataly Lopez Guauque;PARTIDO NUEVO LIBERALISMO;8
TIBASOSA;Leyda Catalina Ariza Montañez;PARTIDO ECOLOGISTA COLOMBIANO;6
TIBASOSA;Luis Felipe Gomez Maldonado;MOVIMIENTO SALVACIÓN NACIONAL;6
TIBASOSA;"Partido Alianza Social Independiente ""Asi""";"PARTIDO ALIANZA SOCIAL INDEPENDIENTE ""ASI""";6
TIBASOSA;Ana Gabriela Salamanca Martinez;"MOVIMIENTO ALTERNATIVO INDÍGENA Y SOCIAL ""MAIS""";5
TIBASOSA;Partido Ecologista Colombiano;PARTIDO ECOLOGISTA COLOMBIANO;4
TIBASOSA;Angela Esperanza Rosas Camargo;NUEVA FUERZA DEMOCRÁTICA;3
TIBASOSA;Juan Francisco Correa Lopez;NUEVA FUERZA DEMOCRÁTICA;3
TIBASOSA;July Andrea Rincon Duarte;PARTIDO NUEVO LIBERALISMO;3
TIBASOSA;Geluy Alvarez Calderon;NUEVA FUERZA DEMOCRÁTICA;2
TIBASOSA;Laura Vanessa Lopez Perez;MOVIMIENTO SALVACIÓN NACIONAL;2
TIBASOSA;Wendy Xiomara Ramirez Leguizamon;NUEVA FUERZA DEMOCRÁTICA;2
TIBASOSA;Camilo Leon Bosa;PARTIDO POLÍTICO CREEMOS;1
TIBASOSA;Ingrith Yaneth Penagos Gonzalez;NUEVA FUERZA DEMOCRÁTICA;1
TIBASOSA;Julian Camilo Sanabria Granados;"MOVIMIENTO ALTERNATIVO INDÍGENA Y SOCIAL ""MAIS""";1
TINJACA;Carlos Ivan Cortes Ruiz;PARTIDO ALIANZA VERDE;248
TINJACA;Julian Andres Castellanos Casallas;PARTIDO ALIANZA VERDE;190
TINJACA;Carlos Armando Paez Santafe;PARTIDO POLÍTICO DIGNIDAD & COMPROMISO;165
TINJACA;Rosa Ines Lopez Castro;PARTIDO CONSERVADOR COLOMBIANO;152
TINJACA;Diose Mario Santafe Castillo;PARTIDO POLÍTICO DIGNIDAD & COMPROMISO;146
TINJACA;Claudia Patricia Buitrago Romero;PARTIDO POLÍTICO DIGNIDAD & COMPROMISO;144
TINJACA;Lilia Esperanza Mendieta Gonzalez;PARTIDO CONSERVADOR COLOMBIANO;142
TINJACA;Nelson Yefer Ruiz Salinas;PARTIDO CONSERVADOR COLOMBIANO;137
TINJACA;Pedro Alejandro Villamil Candela;"PARTIDO ALIANZA SOCIAL INDEPENDIENTE ""ASI""";135
TINJACA;Alberto Robayo Molina;"PARTIDO ALIANZA SOCIAL INDEPENDIENTE ""ASI""";131
TINJACA;Nilson Giovanny Sierra Sierra;PARTIDO CONSERVADOR COLOMBIANO;104
TINJACA;Ignacio Antonio Vargas Soler;PARTIDO CONSERVADOR COLOMBIANO;97
TINJACA;Martha Cecilia Duran Villamil;PARTIDO ALIANZA VERDE;93
TINJACA;Adalberto Avila Peña;"PARTIDO ALIANZA SOCIAL INDEPENDIENTE ""ASI""";74
TINJACA;Wilson Ricardo Chacon Gonzalez;"PARTIDO ALIANZA SOCIAL INDEPENDIENTE ""ASI""";74
TINJACA;Roger Antonio Sierra Diaz;PARTIDO ALIANZA VERDE;67
TINJACA;Cesar Augusto Gonzalez;"MOVIMIENTO ALTERNATIVO INDÍGENA Y SOCIAL ""MAIS""";53
TINJACA;Marco Aurelio Duran Paez;PARTIDO POLÍTICO DIGNIDAD & COMPROMISO;45
TINJACA;Ludy Isabel Samaca Mora;"PARTIDO ALIANZA SOCIAL INDEPENDIENTE ""ASI""";39
TINJACA;Jarvin Alfonso Dajome Tellez;PARTIDO CONSERVADOR COLOMBIANO;27
TINJACA;Ruben Eduardo Lopez Torres;PARTIDO DE LA UNIÓN POR LA GENTE - PARTIDO DE LA U;21
TINJACA;Johan Sebastian Diaz Castellanos;PARTIDO ALIANZA VERDE;20
TINJACA;Juan Cesar Bonilla Gonzalez;"MOVIMIENTO ALTERNATIVO INDÍGENA Y SOCIAL ""MAIS""";18
TINJACA;Partido Conservador Colombiano;PARTIDO CONSERVADOR COLOMBIANO;17
TINJACA;Partido Alianza Verde;PARTIDO ALIANZA VERDE;14
TINJACA;Dayana Marcela Garavito Espitia;PARTIDO CONSERVADOR COLOMBIANO;13
TINJACA;"Movimiento Alternativo Indígena Y Social ""Mais""";"MOVIMIENTO ALTERNATIVO INDÍGENA Y SOCIAL ""MAIS""";9
TINJACA;Doris Marlen Abril Rocha;"MOVIMIENTO ALTERNATIVO INDÍGENA Y SOCIAL ""MAIS""";8
TINJACA;Felix Leonardo Guerrero Peralta;"MOVIMIENTO ALTERNATIVO INDÍGENA Y SOCIAL ""MAIS""";7
TINJACA;Gloria Cristina Franco Forero;"PARTIDO ALIANZA SOCIAL INDEPENDIENTE ""ASI""";7
TINJACA;Yenny Paola Henao Ortiz;"PARTIDO ALIANZA SOCIAL INDEPENDIENTE ""ASI""";7
TINJACA;Sonia Esperanza Sierra Sierra;PARTIDO ALIANZA VERDE;5
TINJACA;Angela Melo Rodriguez;"MOVIMIENTO ALTERNATIVO INDÍGENA Y SOCIAL ""MAIS""";4
TINJACA;Partido De La Unión Por La Gente - Partido De La U;PARTIDO DE LA UNIÓN POR LA GENTE - PARTIDO DE LA U;4
TINJACA;Miguel Angel Sierra Guerrero;PARTIDO DE LA UNIÓN POR LA GENTE - PARTIDO DE LA U;3
TINJACA;"Partido Alianza Social Independiente ""Asi""";"PARTIDO ALIANZA SOCIAL INDEPENDIENTE ""ASI""";3
TINJACA;Partido Político Dignidad & Compromiso;PARTIDO POLÍTICO DIGNIDAD & COMPROMISO;3
TINJACA;Maria Del Rosario Fonseca Castro;PARTIDO DE LA UNIÓN POR LA GENTE - PARTIDO DE LA U;2
TINJACA;Maria Jaqueline Gomez Barrera;PARTIDO POLÍTICO DIGNIDAD & COMPROMISO;2
TINJACA;Nolberto Hernandez Cifuentes;PARTIDO DE LA UNIÓN POR LA GENTE - PARTIDO DE LA U;1
TINJACA;Sandra Maritza Santafe Robayo;PARTIDO DE LA UNIÓN POR LA GENTE - PARTIDO DE LA U;1
TINJACA;Yenis Aragon Polo;PARTIDO POLÍTICO DIGNIDAD & COMPROMISO;1
TINJACA;Yolanda Duque Gil;PARTIDO DE LA UNIÓN POR LA GENTE - PARTIDO DE LA U;1
TIPACOQUE;Jose Francisco Alvarez Botia;PARTIDO CENTRO DEMOCRÁTICO;317
TIPACOQUE;Joselito Barrera Melgarejo;PARTIDO ALIANZA VERDE;236
TIPACOQUE;Jerithza Nataly Reina Quintero;"MOVIMIENTO AUTORIDADES INDÍGENAS DE COLOMBIA ""AICO""";180
TIPACOQUE;Jose Yair Quintero Coronado;PARTIDO LIBERAL COLOMBIANO;179
TIPACOQUE;Oscar Quintero Pimiento;PARTIDO LIBERAL COLOMBIANO;176
TIPACOQUE;Maria Nayib Prieto Martinez;PARTIDO ALIANZA VERDE;123
TIPACOQUE;Isaac Adelino Romero Rojas;PARTIDO LIBERAL COLOMBIANO;122
TIPACOQUE;Jhon Alexander Melgarejo Melgarejo;"MOVIMIENTO AUTORIDADES INDÍGENAS DE COLOMBIA ""AICO""";110
TIPACOQUE;Jose Edgar Reina Lopez;PARTIDO CAMBIO RADICAL;100
TIPACOQUE;Maria Silvia Cetina Ramirez;PARTIDO DE LA UNIÓN POR LA GENTE - PARTIDO DE LA U;99
TIPACOQUE;Nelson Tufi Sotelo Salazar;PARTIDO CENTRO DEMOCRÁTICO;98
TIPACOQUE;Andres Palencia Mayorga;"PARTIDO ALIANZA SOCIAL INDEPENDIENTE ""ASI""";95
TIPACOQUE;Ivan Francisco Gallo Hernandez;"MOVIMIENTO AUTORIDADES INDÍGENAS DE COLOMBIA ""AICO""";84
TIPACOQUE;Lucia Fernanda Hernandez Sepulveda;"MOVIMIENTO ALTERNATIVO INDÍGENA Y SOCIAL ""MAIS""";75
TIPACOQUE;Carmen Hercilia Rincon Maldonado;"MOVIMIENTO ALTERNATIVO INDÍGENA Y SOCIAL ""MAIS""";70
TIPACOQUE;Jose Luis Hernandez Lopez;"PARTIDO ALIANZA SOCIAL INDEPENDIENTE ""ASI""";51
TIPACOQUE;Niceforo Martinez Lopez;"PARTIDO ALIANZA SOCIAL INDEPENDIENTE ""ASI""";47
TIPACOQUE;Fabian Manrique Torres;PARTIDO CAMBIO RADICAL;40
TIPACOQUE;Alberto Rincon Pimiento;PARTIDO CENTRO DEMOCRÁTICO;39
TIPACOQUE;Crispin Sanabria Angarita;PARTIDO ALIANZA VERDE;35
TIPACOQUE;Jose Edilson Prieto Suarez;"PARTIDO ALIANZA SOCIAL INDEPENDIENTE ""ASI""";34
TIPACOQUE;Henry Lopez Reina;"MOVIMIENTO ALTERNATIVO INDÍGENA Y SOCIAL ""MAIS""";31
TIPACOQUE;Jesus Velandia Archila;"MOVIMIENTO ALTERNATIVO INDÍGENA Y SOCIAL ""MAIS""";29
TIPACOQUE;Andrea Cruz Castañeda;"PARTIDO ALIANZA SOCIAL INDEPENDIENTE ""ASI""";28
TIPACOQUE;Benigno Cardenas Acosta;PARTIDO ALIANZA VERDE;25
TIPACOQUE;Raul Guerrero Prieto;"MOVIMIENTO AUTORIDADES INDÍGENAS DE COLOMBIA ""AICO""";22
TIPACOQUE;Juana Pilar Alvarez Guerrero;PARTIDO CENTRO DEMOCRÁTICO;20
TIPACOQUE;Partido Liberal Colombiano;PARTIDO LIBERAL COLOMBIANO;20
TIPACOQUE;Sandra Liliana Zarate Pimiento;PARTIDO CENTRO DEMOCRÁTICO;20
TIPACOQUE;Partido Centro Democrático;PARTIDO CENTRO DEMOCRÁTICO;17
TIPACOQUE;Victor Julio Mora Camacho;PARTIDO DE LA UNIÓN POR LA GENTE - PARTIDO DE LA U;17
TIPACOQUE;Indira Gandy Sepulveda Niño;PARTIDO LIBERAL COLOMBIANO;15
TIPACOQUE;Jose Albeiro Pita Garcia;PARTIDO CAMBIO RADICAL;15
TIPACOQUE;Olga Cecilia Blanco;PARTIDO CAMBIO RADICAL;15
TIPACOQUE;Luz Dary Lopez Reina;"PARTIDO ALIANZA SOCIAL INDEPENDIENTE ""ASI""";14
TIPACOQUE;Alejandro Hernandez Prieto;PARTIDO CAMBIO RADICAL;13
TIPACOQUE;Amilcar Aparicio Torres;PARTIDO DE LA UNIÓN POR LA GENTE - PARTIDO DE LA U;13
TIPACOQUE;Hermogenes Suarez Gomez;PARTIDO LIBERAL COLOMBIANO;13
TIPACOQUE;Nubia Cecilia Rincon Pimiento;PARTIDO ALIANZA VERDE;12
TIPACOQUE;Jose Manuel Rojas Guerrero;PARTIDO ALIANZA VERDE;11
TIPACOQUE;Partido Alianza Verde;PARTIDO ALIANZA VERDE;11
TIPACOQUE;Alcibiades Delgado Estupiñan;PARTIDO DE LA UNIÓN POR LA GENTE - PARTIDO DE LA U;10
TIPACOQUE;Blanca Mayoly Misse Delgado;PARTIDO CAMBIO RADICAL;10
TIPACOQUE;Fabian Perez Eslava;PARTIDO DE LA UNIÓN POR LA GENTE - PARTIDO DE LA U;8
TIPACOQUE;Isidoro Guerrero Pinto;"MOVIMIENTO ALTERNATIVO INDÍGENA Y SOCIAL ""MAIS""";8
TIPACOQUE;Rodrigo Cardenas Vega;PARTIDO CENTRO DEMOCRÁTICO;8
TIPACOQUE;Ruth Garcia Moreno;PARTIDO LIBERAL COLOMBIANO;7
TIPACOQUE;Leyla Milena Rojas Torres;PARTIDO DE LA UNIÓN POR LA GENTE - PARTIDO DE LA U;6
TIPACOQUE;Pedro Agustin Fuentes Estupiñan;"MOVIMIENTO AUTORIDADES INDÍGENAS DE COLOMBIA ""AICO""";6
TIPACOQUE;"Partido Alianza Social Independiente ""Asi""";"PARTIDO ALIANZA SOCIAL INDEPENDIENTE ""ASI""";4
TIPACOQUE;Yenny Paola Reina Gallo;PARTIDO CENTRO DEMOCRÁTICO;4
TIPACOQUE;Yesica Marcela Lopez Rojas;"MOVIMIENTO AUTORIDADES INDÍGENAS DE COLOMBIA ""AICO""";4
TIPACOQUE;"Movimiento Autoridades Indígenas De Colombia ""Aico """;"MOVIMIENTO AUTORIDADES INDÍGENAS DE COLOMBIA ""AICO""";3
TIPACOQUE;"Movimiento Alternativo Indígena Y Social ""Mais""";"MOVIMIENTO ALTERNATIVO INDÍGENA Y SOCIAL ""MAIS""";2
TIPACOQUE;Partido De La Unión Por La Gente - Partido De La U;PARTIDO DE LA UNIÓN POR LA GENTE - PARTIDO DE LA U;2
TOCA;Helmer Leonardo Avila Jimenez;PARTIDO ALIANZA VERDE;619
TOCA;Jonathan Sebastian Amaya Pedraza;PARTIDO ALIANZA VERDE;261
TOCA;Wilmer Alberto Burgos Burgos;PARTIDO ALIANZA VERDE;249
TOCA;Angel Lucero Alba Velandia;PARTIDO LIBERAL COLOMBIANO;218
TOCA;Diego Fernando Rodriguez Becerra;PARTIDO ALIANZA VERDE;198
TOCA;Jose Agustin Jimenez Becerra;PARTIDO ALIANZA VERDE;193
TOCA;Jose Orlando Diaz Pulgar;PARTIDO LIBERAL COLOMBIANO;192
TOCA;Edgar Elicio Boyaca Neira;PARTIDO ALIANZA VERDE;185
TOCA;David Orlando Martinez Camargo;PARTIDO CAMBIO RADICAL;181
TOCA;Juan Esteban Leguizamon Alba;PARTIDO DE LA UNIÓN POR LA GENTE - PARTIDO DE LA U;177
TOCA;Julian Oswaldo Camargo Moyano;PARTIDO POLÍTICO LA FUERZA DE LA PAZ;177
TOCA;Wilman Rolando Guerrero Sanchez;PARTIDO POLÍTICO LA FUERZA DE LA PAZ;161
TOCA;Yeison Hernan Ayala Burgos;PARTIDO DE LA UNIÓN POR LA GENTE - PARTIDO DE LA U;159
TOCA;Omar Alarcon Sosa;PARTIDO LIBERAL COLOMBIANO;157
TOCA;Ricardo Ayala Jimenez;PARTIDO ALIANZA VERDE;152
TOCA;Cristian Alexander Moreno Guio;PARTIDO CAMBIO RADICAL;146
TOCA;Jose Rodrigo Alvarez Garzon;PARTIDO POLÍTICO LA FUERZA DE LA PAZ;146
TOCA;Partido Político Dignidad & Compromiso;PARTIDO POLÍTICO DIGNIDAD & COMPROMISO;141
TOCA;Javier Acuña Acevedo;PARTIDO CAMBIO RADICAL;118
TOCA;Yimmy Alejandro Moreno Moreno;PARTIDO LIBERAL COLOMBIANO;118
TOCA;Elver Hely Parada Pita;PARTIDO LIBERAL COLOMBIANO;117
TOCA;Juan David Martinez Ochoa;PARTIDO CAMBIO RADICAL;102
TOCA;Jonathan Rodrigo Vergara Bernal;AGRUPACIÓN POLÍTICA EN MARCHA;101
TOCA;Tania Marcela Caycedo Sierra;PARTIDO DE LA UNIÓN POR LA GENTE - PARTIDO DE LA U;93
TOCA;Wilson Antonio Fonseca Camargo;PARTIDO POLÍTICO LA FUERZA DE LA PAZ;93
TOCA;Yuber Alonzo Acuña Acuña;PARTIDO DE LA UNIÓN POR LA GENTE - PARTIDO DE LA U;92
TOCA;Eder Johan Rubiano Jimenez;PARTIDO LIBERAL COLOMBIANO;90
TOCA;Diana Carolina Soler Rodriguez;PARTIDO ALIANZA VERDE;89
TOCA;Luis Alfredo Rodriguez Cuervo;PARTIDO CAMBIO RADICAL;89
TOCA;Luz Marina Camargo Hernandez;PARTIDO LIBERAL COLOMBIANO;74
TOCA;Nelson Hernando Becerra Sanabria;PARTIDO POLÍTICO LA FUERZA DE LA PAZ;74
TOCA;Gonzalo Jimenez Niño;AGRUPACIÓN POLÍTICA EN MARCHA;73
TOCA;German Alberto Parada Parada;AGRUPACIÓN POLÍTICA EN MARCHA;69
TOCA;Yeison David Aguilar Rios;AGRUPACIÓN POLÍTICA EN MARCHA;56
TOCA;Lisbeth Paola Alba Boada;PARTIDO ALIANZA VERDE;54
TOCA;Johan Rodrigo Alba Bautista;PARTIDO CAMBIO RADICAL;52
TOCA;Partido Alianza Verde;PARTIDO ALIANZA VERDE;52
TOCA;Ana Maritza Reyes Solano;PARTIDO POLÍTICO LA FUERZA DE LA PAZ;47
TOCA;Jose Vidal Monroy Becerra;PARTIDO POLÍTICO LA FUERZA DE LA PAZ;45
TOCA;Mayerly Rocio Guerrero Martinez;PARTIDO CAMBIO RADICAL;45
TOCA;David Pompilio Vergara Rojas;PARTIDO CAMBIO RADICAL;43
TOCA;Lisandro Burgos Acosta;PARTIDO DE LA UNIÓN POR LA GENTE - PARTIDO DE LA U;41
TOCA;Claudia Liliana Rojas Martinez;PARTIDO CAMBIO RADICAL;40
TOCA;Yenny Marcela Choconta Avila;PARTIDO POLÍTICO LA FUERZA DE LA PAZ;37
TOCA;Joaquin Soler Perez;PARTIDO LIBERAL COLOMBIANO;36
TOCA;Graciela Ramos;PARTIDO ALIANZA VERDE;34
TOCA;Nestor Izariza Pacanchique;PARTIDO DE LA UNIÓN POR LA GENTE - PARTIDO DE LA U;31
TOCA;Cindy Paola Pardo Aguilar;PARTIDO LIBERAL COLOMBIANO;30
TOCA;Partido Liberal Colombiano;PARTIDO LIBERAL COLOMBIANO;27
TOCA;Rodrigo Arquimedes Alba Acuña;AGRUPACIÓN POLÍTICA EN MARCHA;27
TOCA;Erika Nathalia Acuña Becerra;AGRUPACIÓN POLÍTICA EN MARCHA;26
TOCA;Sebastian Avendaño Acuña;PARTIDO DE LA UNIÓN POR LA GENTE - PARTIDO DE LA U;26
TOCA;Yinna Marcela Neva Soler;PARTIDO DE LA UNIÓN POR LA GENTE - PARTIDO DE LA U;20
TOCA;Leidy Viviana Vergara Palacios;PARTIDO LIBERAL COLOMBIANO;18
TOCA;Partido Político La Fuerza De La Paz;PARTIDO POLÍTICO LA FUERZA DE LA PAZ;14
TOCA;Yanet Ochoa Jimenez;PARTIDO DE LA UNIÓN POR LA GENTE - PARTIDO DE LA U;13
TOCA;Erika Charicha Garcia;AGRUPACIÓN POLÍTICA EN MARCHA;10
TOCA;Martha Yaneth Guio Martinez;PARTIDO POLÍTICO LA FUERZA DE LA PAZ;10
TOCA;Partido Cambio Radical;PARTIDO CAMBIO RADICAL;10
TOCA;Partido De La Unión Por La Gente - Partido De La U;PARTIDO DE LA UNIÓN POR LA GENTE - PARTIDO DE LA U;10
TOCA;Francy Camargo Ayala;PARTIDO CAMBIO RADICAL;7
TOCA;Celia Katerinn Espinosa Fonseca;AGRUPACIÓN POLÍTICA EN MARCHA;6
TOCA;Agrupación Política En Marcha;AGRUPACIÓN POLÍTICA EN MARCHA;4
TOCA;Carlos Andres Vergara Monroy;PARTIDO DE LA UNIÓN POR LA GENTE - PARTIDO DE LA U;4
TOCA;Wendy Yurany Cuervo Guerrero;PARTIDO ALIANZA VERDE;1
TOGUI;Edit Rodriguez Bermudez;PARTIDO CENTRO DEMOCRÁTICO;191
TOGUI;Jorge Esteban Castellanos Bautista;PARTIDO CONSERVADOR COLOMBIANO;172
TOGUI;Jorge Daniel Pinzon Cardenas;PARTIDO CONSERVADOR COLOMBIANO;170
TOGUI;Jaime Edilberto Campos Castellanos;PARTIDO LIBERAL COLOMBIANO;132
TOGUI;Rosana Ceron Guevara;PARTIDO CENTRO DEMOCRÁTICO;128
TOGUI;Johan Sebastian Vargas Hurtado;PARTIDO LIBERAL COLOMBIANO;122
TOGUI;Fabio Isney Jimenez Jimenez;PARTIDO LIBERAL COLOMBIANO;120
TOGUI;Edilberto Rivera Garcia;PARTIDO CONSERVADOR COLOMBIANO;114
TOGUI;Yolima Neira Torres;PARTIDO CONSERVADOR COLOMBIANO;112
TOGUI;Nicolas Roncancio Galvis;PARTIDO CENTRO DEMOCRÁTICO;110
TOGUI;Sandra Milena Guerrero Ramos;PARTIDO CENTRO DEMOCRÁTICO;107
TOGUI;Huber Daniel Abril Sanchez;PARTIDO LIBERAL COLOMBIANO;105
TOGUI;Nidia Margoth Rubiano Figueroa;PARTIDO CONSERVADOR COLOMBIANO;96
TOGUI;Daffener Iriarte Malagon;PARTIDO LIBERAL COLOMBIANO;90
TOGUI;Luis Fernando Ardila Gutierrez;"MOVIMIENTO ALTERNATIVO INDÍGENA Y SOCIAL ""MAIS""";85
TOGUI;German Eduardo Castellanos Hurtado;PARTIDO ALIANZA VERDE;81
TOGUI;Miguel Angel Moreno Saavedra;PARTIDO LIBERAL COLOMBIANO;67
TOGUI;Sandra Margoth Ariza Candela;PARTIDO CONSERVADOR COLOMBIANO;67
TOGUI;Ismael Suarez Garces;PARTIDO LIBERAL COLOMBIANO;59
TOGUI;Maria Yalile Avila Beltran;PARTIDO LIBERAL COLOMBIANO;57
TOGUI;Partido Liberal Colombiano;PARTIDO LIBERAL COLOMBIANO;57
TOGUI;Camilo Reyes Luna;PARTIDO ALIANZA VERDE;52
TOGUI;Partido Centro Democrático;PARTIDO CENTRO DEMOCRÁTICO;42
TOGUI;Partido Conservador Colombiano;PARTIDO CONSERVADOR COLOMBIANO;39
TOGUI;Wilson Giovanni Aranda Pinilla;PARTIDO CENTRO DEMOCRÁTICO;31
TOGUI;Dionicia Aguilar Rueda;PARTIDO ALIANZA VERDE;27
TOGUI;Constanza Jasbleidy Muñoz Gutierrez;"MOVIMIENTO ALTERNATIVO INDÍGENA Y SOCIAL ""MAIS""";26
TOGUI;Primo Antonio Garces Malagon;"MOVIMIENTO ALTERNATIVO INDÍGENA Y SOCIAL ""MAIS""";25
TOGUI;Luis Carlos Cortes Garavito;PARTIDO ALIANZA VERDE;22
TOGUI;Luis Hernando Sanchez Vargas;PARTIDO ALIANZA VERDE;21
TOGUI;Partido Alianza Verde;PARTIDO ALIANZA VERDE;16
TOGUI;Aleida Castellanos Franco;PARTIDO ALIANZA VERDE;14
TOGUI;"Movimiento Alternativo Indígena Y Social ""Mais""";"MOVIMIENTO ALTERNATIVO INDÍGENA Y SOCIAL ""MAIS""";14
TOGUI;Paola Andrea Arenas Rosas;PARTIDO CENTRO DEMOCRÁTICO;12
TOGUI;Cesar Augusto Sandoval Rivera;PARTIDO CENTRO DEMOCRÁTICO;10
TOGUI;Angie Lorena Rubiano Castro;"MOVIMIENTO ALTERNATIVO INDÍGENA Y SOCIAL ""MAIS""";7
TOGUI;Isidoro Marin Agudelo;"MOVIMIENTO ALTERNATIVO INDÍGENA Y SOCIAL ""MAIS""";7
TOGUI;Orfi Nineyi Moreno Mateus;PARTIDO ALIANZA VERDE;7
TOGUI;Partido Nuevo Liberalismo;PARTIDO NUEVO LIBERALISMO;4
TOPAGA;Jose Humberto Curtidor Barrera;PARTIDO CONSERVADOR COLOMBIANO;179
TOPAGA;Fredy Leonardo Llanos Rincon;PARTIDO CONSERVADOR COLOMBIANO;136
TOPAGA;Jose Vicente Cruz Alvarez;PARTIDO CAMBIO RADICAL;123
TOPAGA;Oscar Oswaldo Cuta Lara;PARTIDO DE LA UNIÓN POR LA GENTE - PARTIDO DE LA U;123
TOPAGA;Jorge Orlando Castañeda Medina;PARTIDO CAMBIO RADICAL;121
TOPAGA;Oscar Daniel Verdugo Acero;PARTIDO LIBERAL COLOMBIANO;116
TOPAGA;Carlos Mauricio Torres Cristancho;"PARTIDO ALIANZA SOCIAL INDEPENDIENTE ""ASI""";113
TOPAGA;Julian David Gonzalez Cruz;PARTIDO POLÍTICO DIGNIDAD & COMPROMISO;112
TOPAGA;Wilson Montañez Orduz;INDEPENDIENTES;103
TOPAGA;Carlos Julian Cruz Lozano;PARTIDO LIBERAL COLOMBIANO;97
TOPAGA;Henry Amador Salamanca;PARTIDO CENTRO DEMOCRÁTICO;83
TOPAGA;Edwin Fabian Rincon Fonseca;PARTIDO ALIANZA VERDE;73
TOPAGA;Juan Camilo Granados Saavedra;PARTIDO DE LA UNIÓN POR LA GENTE - PARTIDO DE LA U;60
TOPAGA;Nelson Rodriguez Gaitan;PARTIDO CAMBIO RADICAL;60
TOPAGA;Leidi Yohana Montañez Araque;PARTIDO CONSERVADOR COLOMBIANO;56
TOPAGA;Jorge Andres Paipa Hurtado;PARTIDO LIBERAL COLOMBIANO;55
TOPAGA;Eliecer Macana Nuvan;PARTIDO CONSERVADOR COLOMBIANO;53
TOPAGA;Helver Gustavo Perez Salamanca;INDEPENDIENTES;52
TOPAGA;Paula Andrea Corredor Rincon;PARTIDO CONSERVADOR COLOMBIANO;46
TOPAGA;Juan Carlos Ruiz Guaidia;INDEPENDIENTES;44
TOPAGA;Carlos Alberto Alvarez Barrera;PARTIDO ALIANZA VERDE;43
TOPAGA;Benjamin Cardenas Sativa;"PARTIDO ALIANZA SOCIAL INDEPENDIENTE ""ASI""";42
TOPAGA;Andres Camilo Alvarez Rodriguez;PARTIDO POLÍTICO DIGNIDAD & COMPROMISO;39
TOPAGA;Edgar Humberto Vasquez Carreño;PARTIDO ALIANZA VERDE;36
TOPAGA;Duvan Alfonso Rincon Figueredo;PARTIDO CAMBIO RADICAL;35
TOPAGA;Edisson Ferney Perez Rodriguez;PARTIDO CENTRO DEMOCRÁTICO;35
TOPAGA;Fabio Alejandro Umaña Sanchez;NUEVA FUERZA DEMOCRÁTICA;34
TOPAGA;Jorge Mario Valcarcel Castro;"PARTIDO ALIANZA SOCIAL INDEPENDIENTE ""ASI""";34
TOPAGA;Rosa Cecilia Riaño Marquez;PARTIDO POLÍTICO DIGNIDAD & COMPROMISO;34
TOPAGA;Carlos Humberto Silva;PARTIDO POLÍTICO DIGNIDAD & COMPROMISO;33
TOPAGA;Yuly Margarita Herrera Martinez;INDEPENDIENTES;33
TOPAGA;Andres Felipe Gonzalez Naranjo;PARTIDO CONSERVADOR COLOMBIANO;32
TOPAGA;Jose German Gaitan Neita;PARTIDO DE LA UNIÓN POR LA GENTE - PARTIDO DE LA U;29
TOPAGA;Segundo Juan Niño Merchan;"PARTIDO ALIANZA SOCIAL INDEPENDIENTE ""ASI""";28
TOPAGA;Alejandra Zoraima Pirajon Moreno;PARTIDO CENTRO DEMOCRÁTICO;26
TOPAGA;Julio Simon Acevedo Rodriguez;PARTIDO POLÍTICO DIGNIDAD & COMPROMISO;24
TOPAGA;Neyith Lohana Gaitan Rincon;PARTIDO ALIANZA VERDE;24
TOPAGA;Claire Idaly Herrera Adame;MOVIMIENTO SALVACIÓN NACIONAL;23
TOPAGA;Gloria Esperanza Rodriguez Camargo;INDEPENDIENTES;21
TOPAGA;Luz Amanda Carvajal Rincon;"PARTIDO ALIANZA SOCIAL INDEPENDIENTE ""ASI""";20
TOPAGA;Ana Joaquina Mesa Araque;PARTIDO LIBERAL COLOMBIANO;17
TOPAGA;Claudia Lucia Leon Acero;PARTIDO LIBERAL COLOMBIANO;17
TOPAGA;Luis Albeiro Barrera Medina;PARTIDO CENTRO DEMOCRÁTICO;16
TOPAGA;Nelson Daniel Valderrama Ciendua;PARTIDO ALIANZA VERDE;16
TOPAGA;Luis Carlos Rojas Socha;PARTIDO LIBERAL COLOMBIANO;15
TOPAGA;Maria Jimena Maldonado Rojas;INDEPENDIENTES;15
TOPAGA;Maria Nancy Acevedo Cujaban;PARTIDO CONSERVADOR COLOMBIANO;15
TOPAGA;Luz Elena Gonzalez Velandia;PARTIDO LIBERAL COLOMBIANO;14
TOPAGA;Marcos Mauricio Gil Carvajal;MOVIMIENTO SALVACIÓN NACIONAL;14
TOPAGA;Maria Leonor Medina Gomez;PARTIDO CAMBIO RADICAL;14
TOPAGA;Partido Conservador Colombiano;PARTIDO CONSERVADOR COLOMBIANO;13
TOPAGA;Dora Perez Perez;"PARTIDO ALIANZA SOCIAL INDEPENDIENTE ""ASI""";12
TOPAGA;Guillermo Alfonso Adame Perez;NUEVA FUERZA DEMOCRÁTICA;12
TOPAGA;Oscar Mauricio Peña Pineda;PARTIDO CENTRO DEMOCRÁTICO;12
TOPAGA;Rosa Elena Perez Torres;PARTIDO DE LA UNIÓN POR LA GENTE - PARTIDO DE LA U;12
TOPAGA;Ivonne Natalia Nuvan Diaz;PARTIDO POLÍTICO DIGNIDAD & COMPROMISO;11
TOPAGA;Nohora Helena Rincon Castañeda;MOVIMIENTO SALVACIÓN NACIONAL;11
TOPAGA;Partido De La Unión Por La Gente - Partido De La U;PARTIDO DE LA UNIÓN POR LA GENTE - PARTIDO DE LA U;11
TOPAGA;William Plata Silva;MOVIMIENTO SALVACIÓN NACIONAL;11
TOPAGA;David Ricardo Alvarez Vega;INDEPENDIENTES;10
TOPAGA;Kelly Johana Moreno Moreno;PARTIDO ALIANZA VERDE;9
TOPAGA;Mariana Alejandra Monterrosa Gonzalez;NUEVA FUERZA DEMOCRÁTICA;9
TOPAGA;Partido Alianza Verde;PARTIDO ALIANZA VERDE;9
TOPAGA;Emili Vanesa Velasquez Cruz;MOVIMIENTO SALVACIÓN NACIONAL;8
TOPAGA;Lina Maria Ortiz Ponguta;NUEVA FUERZA DEMOCRÁTICA;8
TOPAGA;Gloria Maria Barrera Torres;NUEVA FUERZA DEMOCRÁTICA;7
TOPAGA;Luis Fernando Torres Ponguta;NUEVA FUERZA DEMOCRÁTICA;7
TOPAGA;Rosalba Rodriguez Lara;PARTIDO CAMBIO RADICAL;7
TOPAGA;Partido Centro Democrático;PARTIDO CENTRO DEMOCRÁTICO;6
TOPAGA;Diana Melisa Cruz Corredor;PARTIDO CENTRO DEMOCRÁTICO;5
TOPAGA;German Martinez Torres;NUEVA FUERZA DEMOCRÁTICA;4
TOPAGA;Ingrid Carolina Barrera Daza;PARTIDO CENTRO DEMOCRÁTICO;4
TOPAGA;"Partido Alianza Social Independiente ""Asi""";"PARTIDO ALIANZA SOCIAL INDEPENDIENTE ""ASI""";4
TOPAGA;Independientes;INDEPENDIENTES;3
TOPAGA;Maricela Merchan Gutierrez;"PARTIDO ALIANZA SOCIAL INDEPENDIENTE ""ASI""";3
TOPAGA;Partido Cambio Radical;PARTIDO CAMBIO RADICAL;3
TOPAGA;Partido Político Dignidad & Compromiso;PARTIDO POLÍTICO DIGNIDAD & COMPROMISO;3
TOPAGA;Angela Rocio Rodriguez Morales;PARTIDO ALIANZA VERDE;2
TOPAGA;Partido Liberal Colombiano;PARTIDO LIBERAL COLOMBIANO;2
TOPAGA;Yuly Alejandra Meneses Alarcon;PARTIDO DE LA UNIÓN POR LA GENTE - PARTIDO DE LA U;2
TOPAGA;Movimiento  Salvación Nacional;MOVIMIENTO SALVACIÓN NACIONAL;1
TOPAGA;Nueva Fuerza Democrática;NUEVA FUERZA DEMOCRÁTICA;1
TOTA;Mauricio Martinez Rodriguez;PARTIDO CENTRO DEMOCRÁTICO;222
TOTA;Johel Ivan Aranguren Leon;PARTIDO ALIANZA VERDE;191
TOTA;Jonathan Fernando Pulido Martinez;"PARTIDO ALIANZA SOCIAL INDEPENDIENTE ""ASI""";186
TOTA;Jhon Fredy Lemus Gutierrez;PARTIDO CAMBIO RADICAL;151
TOTA;Nelso Ivan Huerfano Correa;PARTIDO CONSERVADOR COLOMBIANO;143
TOTA;Edwin Alexander Soto Choconta;AGRUPACIÓN POLÍTICA EN MARCHA;140
TOTA;Leonel Huerfano Pulido;PARTIDO DE LA UNIÓN POR LA GENTE - PARTIDO DE LA U;133
TOTA;Julio Armando Talero Joya;PARTIDO DE LA UNIÓN POR LA GENTE - PARTIDO DE LA U;118
TOTA;Edixon Albeiro Aguirre Pedraza;PARTIDO POLÍTICO DIGNIDAD & COMPROMISO;112
TOTA;Jose Alexander Jimenez Jimenez;PARTIDO CAMBIO RADICAL;110
TOTA;Karen Alexandra Nossa Martinez;AGRUPACIÓN POLÍTICA EN MARCHA;95
TOTA;William Alexander Martinez Chaparro;PARTIDO CONSERVADOR COLOMBIANO;92
TOTA;Luis Alberto Lemus Alba;PARTIDO POLÍTICO DIGNIDAD & COMPROMISO;76
TOTA;Myriam Ceron Rincon;PARTIDO DE LA UNIÓN POR LA GENTE - PARTIDO DE LA U;73
TOTA;Jorge Alberto Diaz Bautista;PARTIDO LIBERAL COLOMBIANO;70
TOTA;Maria Emilia Cuadrado Pulido;AGRUPACIÓN POLÍTICA EN MARCHA;68
TOTA;Emiro Tenjo Condiza;PARTIDO CONSERVADOR COLOMBIANO;67
TOTA;Johanna Andrea Caro Velasquez;PARTIDO ALIANZA VERDE;65
TOTA;Nevardo Rodriguez Riaño;PARTIDO ALIANZA VERDE;64
TOTA;Alexander Riaño Giral;"PARTIDO ALIANZA SOCIAL INDEPENDIENTE ""ASI""";61
TOTA;David Fernando Suancha Nomesque;"PARTIDO ALIANZA SOCIAL INDEPENDIENTE ""ASI""";61
TOTA;Pedro Antonio Lemus Choconta;PARTIDO LIBERAL COLOMBIANO;59
TOTA;Zuleimy Dayana Cabezas Barrera;PARTIDO LIBERAL COLOMBIANO;58
TOTA;Edwin David Choconta Lopez;PARTIDO CONSERVADOR COLOMBIANO;56
TOTA;Remigio Talero Sanchez;PARTIDO LIBERAL COLOMBIANO;53
TOTA;Jose Orlando Moreno Guanumen;PARTIDO CONSERVADOR COLOMBIANO;52
TOTA;Wilson Rojas Bayona;"MOVIMIENTO ALTERNATIVO INDÍGENA Y SOCIAL ""MAIS""";48
TOTA;Johanna Jimena Peñarete Gutierrez;PARTIDO LIBERAL COLOMBIANO;45
TOTA;Carlos Gabriel Morales Morales;PARTIDO LIBERAL COLOMBIANO;43
TOTA;Wilfredo Leon Bautista;PARTIDO POLÍTICO DIGNIDAD & COMPROMISO;43
TOTA;Duvan Arley Cardozo Chaparro;PARTIDO LIBERAL COLOMBIANO;42
TOTA;Jaime Edilberto Alba Lopez;PARTIDO DE LA UNIÓN POR LA GENTE - PARTIDO DE LA U;41
TOTA;Dilver Moreno Rojas;PARTIDO LIBERAL COLOMBIANO;37
TOTA;Carlos Omairo Martinez Chaparro;PARTIDO CAMBIO RADICAL;34
TOTA;Jose Alexander Suancha Nomesque;"MOVIMIENTO ALTERNATIVO INDÍGENA Y SOCIAL ""MAIS""";34
TOTA;Anderson Riaño Leon;PARTIDO NUEVO LIBERALISMO;32
TOTA;Jose Antonio Garcia Correa;AGRUPACIÓN POLÍTICA EN MARCHA;32
TOTA;Luis Carlos Millan Aranguren;"MOVIMIENTO ALTERNATIVO INDÍGENA Y SOCIAL ""MAIS""";31
TOTA;Fredy Hernan Piragauta Lopez;PARTIDO CENTRO DEMOCRÁTICO;29
TOTA;Yorguin Vargas Alba;PARTIDO CENTRO DEMOCRÁTICO;28
TOTA;Carlos Cuchigay Leon;PARTIDO CENTRO DEMOCRÁTICO;25
TOTA;Levi Rodrigo Martinez Riaño;PARTIDO ALIANZA VERDE;25
TOTA;Diana Paola Calvo Barrera;"MOVIMIENTO ALTERNATIVO INDÍGENA Y SOCIAL ""MAIS""";20
TOTA;Partido Alianza Verde;PARTIDO ALIANZA VERDE;20
TOTA;Alexander Leon Lemus;PARTIDO ALIANZA VERDE;18
TOTA;Didier Duvan Moreno Suancha;PARTIDO CENTRO DEMOCRÁTICO;16
TOTA;Partido Centro Democrático;PARTIDO CENTRO DEMOCRÁTICO;15
TOTA;Peter Alejandro Martinez Herrera;"MOVIMIENTO ALTERNATIVO INDÍGENA Y SOCIAL ""MAIS""";15
TOTA;Libardo Antonio Alba Leon;PARTIDO NUEVO LIBERALISMO;13
TOTA;Yeny Carolina Condiza Guanumen;PARTIDO CONSERVADOR COLOMBIANO;13
TOTA;Yuber Miguel Suancha Soto;PARTIDO DE LA UNIÓN POR LA GENTE - PARTIDO DE LA U;13
TOTA;Luis Hernando Martinez Alarcon;"MOVIMIENTO ALTERNATIVO INDÍGENA Y SOCIAL ""MAIS""";12
TOTA;Partido Cambio Radical;PARTIDO CAMBIO RADICAL;11
TOTA;Partido Conservador Colombiano;PARTIDO CONSERVADOR COLOMBIANO;11
TOTA;Pedro Nel Vargas Lopez;PARTIDO CAMBIO RADICAL;11
TOTA;"Partido Alianza Social Independiente ""Asi""";"PARTIDO ALIANZA SOCIAL INDEPENDIENTE ""ASI""";10
TOTA;Partido Liberal Colombiano;PARTIDO LIBERAL COLOMBIANO;10
TOTA;Nelson Leonel Martinez Herrera;"PARTIDO ALIANZA SOCIAL INDEPENDIENTE ""ASI""";8
TOTA;Partido De La Unión Por La Gente - Partido De La U;PARTIDO DE LA UNIÓN POR LA GENTE - PARTIDO DE LA U;8
TOTA;Partido Nuevo Liberalismo;PARTIDO NUEVO LIBERALISMO;6
TOTA;Diego Fernando Lopez Riaño;PARTIDO DE LA UNIÓN POR LA GENTE - PARTIDO DE LA U;5
TOTA;Jennyfer Alejandra Paredes Martinez;PARTIDO CAMBIO RADICAL;5
TOTA;Yineth Marcela Vargas Lopez;PARTIDO ALIANZA VERDE;5
TOTA;Ciro Antonio Talero;PARTIDO CONSERVADOR COLOMBIANO;4
TOTA;Deisy Elizabeth Martinez Alarcon;PARTIDO CAMBIO RADICAL;4
TOTA;Duvan Oswaldo Garcia Ramirez;PARTIDO NUEVO LIBERALISMO;4
TOTA;Luis Erminzul Condia Barrera;PARTIDO NUEVO LIBERALISMO;4
TOTA;Mercedes Ceron Trujillo;PARTIDO CENTRO DEMOCRÁTICO;4
TOTA;Laura Alejandra Lemus Lemus;"PARTIDO ALIANZA SOCIAL INDEPENDIENTE ""ASI""";3
TOTA;Luz Maricela Chaparro Alba;"PARTIDO ALIANZA SOCIAL INDEPENDIENTE ""ASI""";3
TOTA;Nanci Cruz Bayona;PARTIDO NUEVO LIBERALISMO;3
TOTA;Partido Político Dignidad & Compromiso;PARTIDO POLÍTICO DIGNIDAD & COMPROMISO;3
TOTA;Dery Johana Cardozo Huerfano;PARTIDO CONSERVADOR COLOMBIANO;2
TOTA;Javier Condiza Rojas;"PARTIDO ALIANZA SOCIAL INDEPENDIENTE ""ASI""";2
TOTA;Judy Isabel Soto Chasoi;PARTIDO DE LA UNIÓN POR LA GENTE - PARTIDO DE LA U;2
TOTA;Marcela Esperanza Pineda Ochoa;PARTIDO LIBERAL COLOMBIANO;2
TOTA;Sandra Liliana Rodriguez Martinez;PARTIDO POLÍTICO DIGNIDAD & COMPROMISO;2
TOTA;Zaidy Natalia Martinez Rodriguez;AGRUPACIÓN POLÍTICA EN MARCHA;2
TOTA;Angela Andrea Quintero Rodriguez;"MOVIMIENTO ALTERNATIVO INDÍGENA Y SOCIAL ""MAIS""";1
TOTA;Claudia Nomesque Campos;PARTIDO ALIANZA VERDE;1
TOTA;Fredy Alejandro Perez Hernandez;PARTIDO NUEVO LIBERALISMO;1
TOTA;Ingrid Lisbeth Martinez Rodriguez;PARTIDO CENTRO DEMOCRÁTICO;1
TOTA;Mary Esmeralda Melo Riscanevo;AGRUPACIÓN POLÍTICA EN MARCHA;1
TOTA;"Movimiento Alternativo Indígena Y Social ""Mais""";"MOVIMIENTO ALTERNATIVO INDÍGENA Y SOCIAL ""MAIS""";1
TOTA;Sandra Yuliana Lemus Rico;PARTIDO CAMBIO RADICAL;1
TOTA;Vanessa Alejandra Caro Velasquez;PARTIDO DE LA UNIÓN POR LA GENTE - PARTIDO DE LA U;1
TOTA;Yanile Andrea Lemus Sanchez;AGRUPACIÓN POLÍTICA EN MARCHA;1
TOTA;Yeni Paola Ojeda Pineda;PARTIDO ALIANZA VERDE;1
TOTA;Yenny Carolina Afanador Giral;"MOVIMIENTO ALTERNATIVO INDÍGENA Y SOCIAL ""MAIS""";1
TOTA;Yuri Tatiana Merchan Lopez;PARTIDO POLÍTICO DIGNIDAD & COMPROMISO;1
TOTA;Zonia Yamile Riaño Afanador;PARTIDO CONSERVADOR COLOMBIANO;1
TUNJA;Juan Eduardo Escobar Vargas;PARTIDO DE LA U Y PARTIDO MIRA;3070
TUNJA;Brahiam Fernando Quintana Martinez;PARTIDO ALIANZA VERDE;1645
TUNJA;Mario Josue Junco Orduz;PARTIDO LIBERAL COLOMBIANO;1588
TUNJA;Wilmar Javier Mesa Funeme;PARTIDO CONSERVADOR COLOMBIANO;1528
TUNJA;Pedro Alexander Pineda Avila;PARTIDO ALIANZA VERDE;1524
TUNJA;Sandra Milena Estupiñan Orjuela;PARTIDO CAMBIO RADICAL;1505
TUNJA;Camilo Hernan Hoyos Gomez;PARTIDO CONSERVADOR COLOMBIANO;1476
TUNJA;Julian Yamith Lopez Laiton;PARTIDO ALIANZA VERDE;1374
TUNJA;Fabian Camilo Rios Fonseca;PARTIDO CAMBIO RADICAL;1300
TUNJA;Yecid Staly Forero Rojas;PARTIDO CAMBIO RADICAL;1240
TUNJA;Jeffer Simon Parra Bohorquez;"MOVIMIENTO ALTERNATIVO INDÍGENA Y SOCIAL ""MAIS""";1157
TUNJA;Luisa Fernanda Rodriguez Alfonso;PARTIDO ALIANZA VERDE;1136
TUNJA;Juan Diego Moreno Gonzalez;PARTIDO ALIANZA VERDE;1126
TUNJA;Andres Felipe Cely Martinez;PARTIDO ALIANZA VERDE;1109
TUNJA;Edgar Leonardo Saavedra Caceres;"MOVIMIENTO ALTERNATIVO INDÍGENA Y SOCIAL ""MAIS""";1089
TUNJA;Giovanny Garcia Garcia;"PARTIDO ALIANZA SOCIAL INDEPENDIENTE ""ASI""";995
TUNJA;Carlos Felipe Prieto Rodriguez;PARTIDO CONSERVADOR COLOMBIANO;992
TUNJA;Karol Stephany Bustos Suarez;PARTIDO CONSERVADOR COLOMBIANO;933
TUNJA;Pacto Historico;PACTO HISTORICO;905
TUNJA;Roman Enrique Quintero Corredor;PARTIDO LIBERAL COLOMBIANO;882
TUNJA;Yeison Haider Perez Lizarazo;PARTIDO COLOMBIA RENACIENTE Y PARTIDO VERDE OXIGENO;858
TUNJA;Geovani Torres Pulido;PARTIDO COLOMBIA RENACIENTE Y PARTIDO VERDE OXIGENO;848
TUNJA;Jairo Hernan Chillan Reyes;PARTIDO CAMBIO RADICAL;843
TUNJA;Oscar Javier Guio Cajigas;"PARTIDO ALIANZA SOCIAL INDEPENDIENTE ""ASI""";826
TUNJA;Laura Elena Silva Roldan;PACTO HISTORICO;807
TUNJA;Edwin Orlando Rodriguez Avendaño;AGRUPACIÓN POLÍTICA EN MARCHA;806
TUNJA;Victor Alfonso Reyes Suarez;PARTIDO CAMBIO RADICAL;804
TUNJA;Juan Camilo Murcia Garzon;PARTIDO LIBERAL COLOMBIANO;782
TUNJA;Oscar Javier Molina Rojas;PARTIDO LIBERAL COLOMBIANO;760
TUNJA;Doly Nelsy Hernandez Baron;PARTIDO CONSERVADOR COLOMBIANO;745
TUNJA;Nelson Enrique Parra Guerrero;"PARTIDO ALIANZA SOCIAL INDEPENDIENTE ""ASI""";745
TUNJA;Partido Alianza Verde;PARTIDO ALIANZA VERDE;741
TUNJA;Carlos Antonio Rodriguez Molina;PACTO HISTORICO;722
TUNJA;Enrique Armando Cortes Martinez;PARTIDO CAMBIO RADICAL;676
TUNJA;Julian Edgardo Guerrero Rincon;PARTIDO ALIANZA VERDE;673
TUNJA;Jose Vicente Pineda Lemus;AGRUPACIÓN POLÍTICA EN MARCHA;650
TUNJA;Andres Felipe Duarte Gonzalez;PARTIDO POLÍTICO DIGNIDAD & COMPROMISO;648
TUNJA;Alexander Amezquita Puerto;PARTIDO CAMBIO RADICAL;647
TUNJA;William Fernando Pacheco Suarez;PARTIDO CONSERVADOR COLOMBIANO;642
TUNJA;Jorge Ivan Amarillo Giraldo;PARTIDO COLOMBIA RENACIENTE Y PARTIDO VERDE OXIGENO;641
TUNJA;Gloria Yasmin Garcia Vargas;PARTIDO DE LA U Y PARTIDO MIRA;626
TUNJA;Jose Alexander Carreño Cortes;PACTO HISTORICO;614
TUNJA;Jairo Cesar Fuquene Ramos;"PARTIDO ALIANZA SOCIAL INDEPENDIENTE ""ASI""";610
TUNJA;Diego Andres Mesa Ramirez;PARTIDO CONSERVADOR COLOMBIANO;605
TUNJA;Javier Humberto Fuentes Ortega;PARTIDO LIBERAL COLOMBIANO;589
TUNJA;Erika Emilia Moreno Cuy;PARTIDO LIBERAL COLOMBIANO;587
TUNJA;Monica Fernanda Gonzalez Moreno;PARTIDO DE LA U Y PARTIDO MIRA;587
TUNJA;Heller Steven Alvarez Cristancho;"MOVIMIENTO ALTERNATIVO INDÍGENA Y SOCIAL ""MAIS""";527
TUNJA;Alfredo Arias Campos;TUNJA MERECE MÁS;512
TUNJA;Adriana Mercedes Florez Daza;PARTIDO LIBERAL COLOMBIANO;506
TUNJA;Hollman Smith Sanchez Cuevas;TUNJA MERECE MÁS;503
TUNJA;Walter Hernan Vega Plazas;PARTIDO CAMBIO RADICAL;497
TUNJA;Ricardo Andres Puentes Rubiano;PARTIDO ALIANZA VERDE;489
TUNJA;Maritza Rocio Lobaton Piñeros;PARTIDO ALIANZA VERDE;486
TUNJA;Juvenal Santisteban Rodriguez;TUNJA MERECE MÁS;465
TUNJA;Wilfredo Aunta;"PARTIDO ALIANZA SOCIAL INDEPENDIENTE ""ASI""";462
TUNJA;Fredy Alexander Sierra Rodriguez;"PARTIDO ALIANZA SOCIAL INDEPENDIENTE ""ASI""";461
TUNJA;Oscar Fernando Castillo Amaya;TUNJA MERECE MÁS;447
TUNJA;Luis Eduardo Vargas Espinosa;PARTIDO CONSERVADOR COLOMBIANO;445
TUNJA;Gustavo Ivan Gallego Alvarez;PARTIDO COLOMBIA RENACIENTE Y PARTIDO VERDE OXIGENO;442
TUNJA;German Ramiro Barajas Mesa;"PARTIDO ALIANZA SOCIAL INDEPENDIENTE ""ASI""";418
TUNJA;Diana Paola Rodriguez Robles;PARTIDO DE LA U Y PARTIDO MIRA;413
TUNJA;Yuri Andrea Mozo Bernal;PARTIDO ALIANZA VERDE;412
TUNJA;Camilo Andres Corredor Parra;"PARTIDO ALIANZA SOCIAL INDEPENDIENTE ""ASI""";408
TUNJA;William Gustavo Leiva Alvarez;PARTIDO CONSERVADOR COLOMBIANO;407
TUNJA;Carolina Avila Puerto;AGRUPACIÓN POLÍTICA EN MARCHA;402
TUNJA;David Esteban Moreno Mora;"PARTIDO ALIANZA SOCIAL INDEPENDIENTE ""ASI""";383
TUNJA;Nicolas Esteban Pedraza Estupiñan;AGRUPACIÓN POLÍTICA EN MARCHA;381
TUNJA;Cesar Augusto Medina Pulido;AGRUPACIÓN POLÍTICA EN MARCHA;380
TUNJA;Jose Miguel Garay Barrera;PARTIDO POLÍTICO DIGNIDAD & COMPROMISO;363
TUNJA;Nestor Felipe Leal Noy;TUNJA MERECE MÁS;356
TUNJA;Yehison Fernando Vargas Moreno;TUNJA MERECE MÁS;355
TUNJA;Alexandra Mariño Diaz;PARTIDO ALIANZA VERDE;351
TUNJA;Edgar Eduardo Orjuela Chaparro;PARTIDO DE LA U Y PARTIDO MIRA;332
TUNJA;Hugo Hernan Avila Palacios;PARTIDO LIBERAL COLOMBIANO;331
TUNJA;Franklyn Alexander Vargas Arcos;"MOVIMIENTO ALTERNATIVO INDÍGENA Y SOCIAL ""MAIS""";323
TUNJA;Fabian Gerardo Soto Gorraiz;PARTIDO CONSERVADOR COLOMBIANO;314
TUNJA;Nestor Fernando De Los Rios Saavedra;PARTIDO ALIANZA VERDE;307
TUNJA;Deisy Carolina Marulanda Rodriguez;PARTIDO ALIANZA VERDE;306
TUNJA;Jhonnatan Felipe Montoya Quiceno;PACTO HISTORICO;297
TUNJA;Wilder Buitrago Rodriguez;PARTIDO ALIANZA VERDE;293
TUNJA;Partido Centro Democrático;PARTIDO CENTRO DEMOCRÁTICO;287
TUNJA;Nairo Hernando Mozo Lopez;PARTIDO POLÍTICO DIGNIDAD & COMPROMISO;286
TUNJA;Jairo Andres Barajas Tocarruncho;PARTIDO LIBERAL COLOMBIANO;284
TUNJA;Ruth Milena Lopez Pinzon;PARTIDO POLÍTICO DIGNIDAD & COMPROMISO;283
TUNJA;Andres Fernando Ortiz Chaparro;PARTIDO POLÍTICO DIGNIDAD & COMPROMISO;280
TUNJA;Partido Liberal Colombiano;PARTIDO LIBERAL COLOMBIANO;274
TUNJA;Partido Conservador Colombiano;PARTIDO CONSERVADOR COLOMBIANO;258
TUNJA;Sara Catalina Pedraza Canaria;PARTIDO POLÍTICO DIGNIDAD & COMPROMISO;255
TUNJA;Jhon Alexander Torres Parada;PARTIDO DE LA U Y PARTIDO MIRA;254
TUNJA;Edisson Fabian Barrera Cendales;AGRUPACIÓN POLÍTICA EN MARCHA;253
TUNJA;Sergio Alejandro Bernal Ruiz;PARTIDO CAMBIO RADICAL;251
TUNJA;Julian Camilo Monroy Bernal;PARTIDO DE LA U Y PARTIDO MIRA;248
TUNJA;Johon Fray Tocarruncho Tocarruncho;PARTIDO LIBERAL COLOMBIANO;243
TUNJA;Mayra Alejandra Franco Perdomo;PARTIDO CENTRO DEMOCRÁTICO;243
TUNJA;Ligia Esperanza Barrera Mora;AGRUPACIÓN POLÍTICA EN MARCHA;240
TUNJA;Carlos Julio Vaca Bohorquez;TUNJA MERECE MÁS;230
TUNJA;Nicolas Devia Buitrago;"MOVIMIENTO ALTERNATIVO INDÍGENA Y SOCIAL ""MAIS""";230
TUNJA;Gabriel Fernando Mendoza Niño;PARTIDO CONSERVADOR COLOMBIANO;229
TUNJA;Gustavo Adolfo Castañeda Barreto;"PARTIDO ALIANZA SOCIAL INDEPENDIENTE ""ASI""";220
TUNJA;Erika Eugenia Riaño Pesca;TUNJA MERECE MÁS;217
TUNJA;Jose Cristobal Suarez Alba;PARTIDO POLÍTICO DIGNIDAD & COMPROMISO;215
TUNJA;Sonia Patricia Martinez Morales;PARTIDO LIBERAL COLOMBIANO;215
TUNJA;Jorge Eliecer Alba Mendoza;TUNJA MERECE MÁS;214
TUNJA;Hector Alfonso Baron Santisteban;PACTO HISTORICO;213
TUNJA;Andres Sneyder Barrantes Martin;PARTIDO CENTRO DEMOCRÁTICO;210
TUNJA;Duban Antonio Granados Galindo;TUNJA MERECE MÁS;205
TUNJA;Hernan Guillermo Ramirez Montejo;PARTIDO POLÍTICO LA FUERZA DE LA PAZ;204
TUNJA;Partido Cambio Radical;PARTIDO CAMBIO RADICAL;202
TUNJA;Movimiento Politico Fuerza Ciudadana;MOVIMIENTO POLITICO FUERZA CIUDADANA;199
TUNJA;Dietter Edgardo Numpaque Acosta;PARTIDO LIBERAL COLOMBIANO;197
TUNJA;Diana Quiroga Gonzalez;TUNJA MERECE MÁS;195
TUNJA;Mauricio Neisa Alvarado;PARTIDO POLÍTICO DIGNIDAD & COMPROMISO;195
TUNJA;Gina Sofia Luna Cardenas;PARTIDO CAMBIO RADICAL;191
TUNJA;Maria Constanza Cuervo Galindo;PACTO HISTORICO;190
TUNJA;Oscar David Vargas Diaz;PARTIDO COLOMBIA RENACIENTE Y PARTIDO VERDE OXIGENO;187
TUNJA;Carlos Augusto Romero Salamanca;PARTIDO CAMBIO RADICAL;186
TUNJA;Yodys Karina Reatiga Daza;PARTIDO CENTRO DEMOCRÁTICO;186
TUNJA;Yeny Esperanza Moreno Sanchez;"PARTIDO ALIANZA SOCIAL INDEPENDIENTE ""ASI""";185
TUNJA;Luis Alejandro Moreno Huerfano;TUNJA MERECE MÁS;184
TUNJA;Juan Carlos Perez Mesa;PARTIDO CAMBIO RADICAL;181
TUNJA;David Leonardo Hernandez Guerrero;PARTIDO ALIANZA VERDE;179
TUNJA;Jorge Eliecer Moreno Quiroga;AGRUPACIÓN POLÍTICA EN MARCHA;179
TUNJA;Wilson Yoban Benitez Escobar;PARTIDO CAMBIO RADICAL;179
TUNJA;Jhonathan Leonel Sanchez Becerra;PARTIDO POLÍTICO LA FUERZA DE LA PAZ;178
TUNJA;Efrain Sanabria Jimenez;AGRUPACIÓN POLÍTICA EN MARCHA;176
TUNJA;Jose Luis Bautista Gutierrez;PARTIDO DE LA U Y PARTIDO MIRA;175
TUNJA;Nidia Fuentes Rebolledo;PARTIDO ALIANZA VERDE;175
TUNJA;Gerardo Alfonso Cipamocha Pinto;PARTIDO DE LA U Y PARTIDO MIRA;172
TUNJA;Omar Yesith Dueñas Bohorquez;AGRUPACIÓN POLÍTICA EN MARCHA;170
TUNJA;Ariel Armando Avila Cely;PARTIDO CONSERVADOR COLOMBIANO;164
TUNJA;Carmen Alicia Rodriguez Largo;PARTIDO CONSERVADOR COLOMBIANO;164
TUNJA;Ramon Alberto Rincon Sosa;PARTIDO POLÍTICO CREEMOS;163
TUNJA;Gabriel Sebastian Numpaque Fagua;"MOVIMIENTO ALTERNATIVO INDÍGENA Y SOCIAL ""MAIS""";161
TUNJA;Merardo Vargas Roa;"MOVIMIENTO ALTERNATIVO INDÍGENA Y SOCIAL ""MAIS""";159
TUNJA;Lina Fernanda Mantilla Sotaquira;AGRUPACIÓN POLÍTICA EN MARCHA;158
TUNJA;Orlando Camargo Alfonso;PARTIDO LIBERAL COLOMBIANO;152
TUNJA;Sandra Nubiola Lopez Silva;PARTIDO CONSERVADOR COLOMBIANO;152
TUNJA;Diana Bustamante Ruiz;PARTIDO COLOMBIA RENACIENTE Y PARTIDO VERDE OXIGENO;150
TUNJA;Paola Andrea Montes Salazar;PARTIDO LIBERAL COLOMBIANO;149
TUNJA;Manuel Antonio Gamba Niño;PARTIDO DEMÓCRATA COLOMBIANO;148
TUNJA;Sandra Ximena Fonseca Farfan;"MOVIMIENTO ALTERNATIVO INDÍGENA Y SOCIAL ""MAIS""";148
TUNJA;Heliodoro Fonseca Lopez;PARTIDO POLÍTICO DIGNIDAD & COMPROMISO;145
TUNJA;"Movimiento Alternativo Indígena Y Social ""Mais""";"MOVIMIENTO ALTERNATIVO INDÍGENA Y SOCIAL ""MAIS""";145
TUNJA;Hover Camargo Sanjuan;"MOVIMIENTO ALTERNATIVO INDÍGENA Y SOCIAL ""MAIS""";144
TUNJA;Jesus Antonio Rojas Alvarez;PARTIDO DE LA U Y PARTIDO MIRA;143
TUNJA;Raul Fidel Galan Galan;PARTIDO COLOMBIA RENACIENTE Y PARTIDO VERDE OXIGENO;142
TUNJA;Daniel Santiago Vargas Salinas;AGRUPACIÓN POLÍTICA EN MARCHA;140
TUNJA;Jose Leonidas Moreno Galindo;MOVIMIENTO SALVACIÓN NACIONAL;139
TUNJA;Julian Camilo Quintero Largo;PARTIDO POLÍTICO DIGNIDAD & COMPROMISO;138
TUNJA;Luz Mary Salcedo Quevedo;PARTIDO POLÍTICO DIGNIDAD & COMPROMISO;138
TUNJA;Diana Esperanza Moreno Sosa;PARTIDO COLOMBIA RENACIENTE Y PARTIDO VERDE OXIGENO;137
TUNJA;Graciela Ramirez Monroy;PARTIDO POLÍTICO DIGNIDAD & COMPROMISO;137
TUNJA;Jairo Orlando Sanchez Vargas;PARTIDO DEMÓCRATA COLOMBIANO;133
TUNJA;Flor Alba Duran Olivares;PARTIDO CONSERVADOR COLOMBIANO;130
TUNJA;Maria Luzdari Castillo Hernandez;TUNJA MERECE MÁS;127
TUNJA;Monica Rocio Medina Alba;"MOVIMIENTO ALTERNATIVO INDÍGENA Y SOCIAL ""MAIS""";127
TUNJA;Karen Viviana Ramirez Bueno;"PARTIDO ALIANZA SOCIAL INDEPENDIENTE ""ASI""";117
TUNJA;"Partido Alianza Social Independiente ""Asi""";"PARTIDO ALIANZA SOCIAL INDEPENDIENTE ""ASI""";115
TUNJA;Layoneth Grandas Villamil;PARTIDO POLÍTICO DIGNIDAD & COMPROMISO;114
TUNJA;Adriana Milena Suarez Pulido;PARTIDO CONSERVADOR COLOMBIANO;111
TUNJA;Gustavo Lopez Munevar;"MOVIMIENTO ALTERNATIVO INDÍGENA Y SOCIAL ""MAIS""";111
TUNJA;Partido De La U Y Partido Mira;PARTIDO DE LA U Y PARTIDO MIRA;107
TUNJA;Mario Octavio Leguizamo Abril;MOVIMIENTO SALVACIÓN NACIONAL;106
TUNJA;Gloria Yasmin Blanco Ortega;TUNJA MERECE MÁS;104
TUNJA;Diana Marcela Gonzalez Ruiz;"PARTIDO ALIANZA SOCIAL INDEPENDIENTE ""ASI""";98
TUNJA;Olga Lucia Vanegas Moreno;PARTIDO POLÍTICO CREEMOS;98
TUNJA;Alexander Peña Santoya;PARTIDO DE LA U Y PARTIDO MIRA;95
TUNJA;Edward Gerardo Fonseca Luengas;PARTIDO POLÍTICO LA FUERZA DE LA PAZ;94
TUNJA;Rolando Robles Gonzalez;PARTIDO POLÍTICO DIGNIDAD & COMPROMISO;90
TUNJA;Tunja Merece Más;TUNJA MERECE MÁS;90
TUNJA;Mayra Rossana Hernandez Urrea;"MOVIMIENTO ALTERNATIVO INDÍGENA Y SOCIAL ""MAIS""";86
TUNJA;Alvaro Martinez Cruz;PARTIDO DEMÓCRATA COLOMBIANO;81
TUNJA;Eduardo Josue Garay Escobar;PARTIDO POLÍTICO DIGNIDAD & COMPROMISO;76
TUNJA;Silvestre Cusba Morales;PARTIDO LIBERAL COLOMBIANO;75
TUNJA;Soley Dayana Rodriguez Diaz;"PARTIDO ALIANZA SOCIAL INDEPENDIENTE ""ASI""";75
TUNJA;Maria Adelfa Fonseca Diagama;PARTIDO POLÍTICO CREEMOS;72
TUNJA;Gloria Cecilia Boyaca Caro;"PARTIDO ALIANZA SOCIAL INDEPENDIENTE ""ASI""";71
TUNJA;Edna Esperanza Perez Corredor;PARTIDO LIGA GOBERNANTES ANTICORRUPCIÓN - LIGA;70
TUNJA;Nathalia Paola Muñoz Aguilar;PARTIDO LIBERAL COLOMBIANO;68
TUNJA;Mario Alexander Fernandez Bautista;PARTIDO COLOMBIA RENACIENTE Y PARTIDO VERDE OXIGENO;64
TUNJA;Partido Político La Fuerza De La Paz;PARTIDO POLÍTICO LA FUERZA DE LA PAZ;63
TUNJA;Maria Fernanda Cuesta Bernal;PARTIDO CAMBIO RADICAL;62
TUNJA;Partido Colombia Renaciente Y Partido Verde Oxigen O;PARTIDO COLOMBIA RENACIENTE Y PARTIDO VERDE OXIGENO;61
TUNJA;Raul Armando Tovar Quiroz;PARTIDO COLOMBIA RENACIENTE Y PARTIDO VERDE OXIGENO;60
TUNJA;Diana Maritza Fonseca Agudelo;AGRUPACIÓN POLÍTICA EN MARCHA;59
TUNJA;Agrupación Política En Marcha;AGRUPACIÓN POLÍTICA EN MARCHA;58
TUNJA;Amparo Baron Leon;PARTIDO LIGA GOBERNANTES ANTICORRUPCIÓN - LIGA;58
TUNJA;Edison Yamid Vega Vega;PARTIDO COLOMBIA RENACIENTE Y PARTIDO VERDE OXIGENO;56
TUNJA;Tatiana Alejandra Castiblanco Abril;PARTIDO LIBERAL COLOMBIANO;56
TUNJA;Luisa Fernanda Vela Parra;PARTIDO CAMBIO RADICAL;54
TUNJA;Rodrigo Alberto Cabrera Fonseca;PARTIDO DE LA U Y PARTIDO MIRA;54
TUNJA;Leidy Carolina Guerrero Riaño;PARTIDO ALIANZA VERDE;53
TUNJA;Daniela Esther Brieva Martelo;PARTIDO POLÍTICO LA FUERZA DE LA PAZ;51
TUNJA;Doris Consuelo Neira Rubio;PARTIDO POLÍTICO LA FUERZA DE LA PAZ;51
TUNJA;Weimar Vergara Rivera;PARTIDO POLÍTICO LA FUERZA DE LA PAZ;51
TUNJA;Ana Yolanda Cajica Arias;AGRUPACIÓN POLÍTICA EN MARCHA;50
TUNJA;Luis Felipe Burgos Fonseca;"MOVIMIENTO ALTERNATIVO INDÍGENA Y SOCIAL ""MAIS""";49
TUNJA;Magnolia Condia Cetina;PARTIDO DE LA U Y PARTIDO MIRA;49
TUNJA;Ledy Nathaly Moreno Rocha;PARTIDO POLÍTICO LA FUERZA DE LA PAZ;47
TUNJA;Edgar David Bohorquez Pacheco;"MOVIMIENTO ALTERNATIVO INDÍGENA Y SOCIAL ""MAIS""";46
TUNJA;Mayerly Katherine Rojas Leon;TUNJA MERECE MÁS;45
TUNJA;Miguel Angel Jimenez Pineda;PARTIDO DEMÓCRATA COLOMBIANO;44
TUNJA;Partido Político Dignidad & Compromiso;PARTIDO POLÍTICO DIGNIDAD & COMPROMISO;44
TUNJA;Bayron Sayd Martinez Gonzalez;PARTIDO COLOMBIA RENACIENTE Y PARTIDO VERDE OXIGENO;43
TUNJA;Elvira Cristina Bermudez Toledo;PARTIDO DE LA U Y PARTIDO MIRA;43
TUNJA;Elkin Mauricio Cardenal;PARTIDO POLÍTICO LA FUERZA DE LA PAZ;42
TUNJA;Karen Tatiana Becerra Rodriguez;PARTIDO POLÍTICO LA FUERZA DE LA PAZ;41
TUNJA;Karen Eliana Sastoque Burgos;PARTIDO COLOMBIA RENACIENTE Y PARTIDO VERDE OXIGENO;39
TUNJA;Sara Yolanda Tenza Paez;"MOVIMIENTO ALTERNATIVO INDÍGENA Y SOCIAL ""MAIS""";39
TUNJA;Edna Maritza Venegas Mendoza;MOVIMIENTO SALVACIÓN NACIONAL;38
TUNJA;Jose Alfredo Jimenez Cristiano;PARTIDO POLÍTICO LA FUERZA DE LA PAZ;38
TUNJA;Leidy Tatiana Siabato Ojeda;PARTIDO CAMBIO RADICAL;38
TUNJA;Jose Hernando Vargas Lozano;PARTIDO DEMÓCRATA COLOMBIANO;37
TUNJA;Luis Gabriel Granados Yepes;AGRUPACIÓN POLÍTICA EN MARCHA;36
TUNJA;Andrea Carolina Perez Velasquez;"MOVIMIENTO ALTERNATIVO INDÍGENA Y SOCIAL ""MAIS""";34
TUNJA;Partido Político Creemos;PARTIDO POLÍTICO CREEMOS;33
TUNJA;Sergio Eduardo Mayorga Medina;PARTIDO LIGA GOBERNANTES ANTICORRUPCIÓN - LIGA;33
TUNJA;Victor Jose Prieto Dueñas;PARTIDO POLÍTICO CREEMOS;33
TUNJA;Xiomara Vanessa Del Pilar Arias Gamboa;"PARTIDO ALIANZA SOCIAL INDEPENDIENTE ""ASI""";33
TUNJA;Angel Marino Lancheros Ramirez;PARTIDO POLÍTICO CREEMOS;32
TUNJA;Movimiento  Salvación Nacional;MOVIMIENTO SALVACIÓN NACIONAL;32
TUNJA;Heidy Lizeth Urango Doria;PARTIDO POLÍTICO DIGNIDAD & COMPROMISO;30
TUNJA;Lina Sofia Lopez Rache;MOVIMIENTO SALVACIÓN NACIONAL;30
TUNJA;Luisa Fernanda Garcia Mesa;PARTIDO DE LA U Y PARTIDO MIRA;30
TUNJA;Partido Demócrata Colombiano;PARTIDO DEMÓCRATA COLOMBIANO;30
TUNJA;Camilo Hernan Paredes Benavides;"PARTIDO ALIANZA SOCIAL INDEPENDIENTE ""ASI""";29
TUNJA;Myriam Consuelo Sosa Parra;PARTIDO COLOMBIA RENACIENTE Y PARTIDO VERDE OXIGENO;29
TUNJA;Omar Fernando Colmenares Cala;PARTIDO POLÍTICO LA FUERZA DE LA PAZ;29
TUNJA;Abelardo Cardenas Garcia;PARTIDO DEMÓCRATA COLOMBIANO;27
TUNJA;Ferney Miguel Lemus Soler;PARTIDO POLÍTICO LA FUERZA DE LA PAZ;26
TUNJA;Yulie Tatiana Avila Castelblanco;PARTIDO POLÍTICO DIGNIDAD & COMPROMISO;26
TUNJA;Juan Yamil Eldin Lopez;PARTIDO POLÍTICO LA FUERZA DE LA PAZ;25
TUNJA;Jose Gonzalo Acero Jimenez;PARTIDO POLÍTICO CREEMOS;23
TUNJA;Miguel Angel Lasso Reyes;PARTIDO POLÍTICO CREEMOS;22
TUNJA;Thomas Esteban Martinez Castellanos;PARTIDO LIGA GOBERNANTES ANTICORRUPCIÓN - LIGA;22
TUNJA;Hernando Jimenez Camargo;PARTIDO POLÍTICO CREEMOS;17
TUNJA;Karin Muriel Ardila Garcia;PARTIDO LIGA GOBERNANTES ANTICORRUPCIÓN - LIGA;17
TUNJA;Erika Marcela Angel Carreño;PARTIDO DE LA U Y PARTIDO MIRA;16
TUNJA;German Meza Vargas;PARTIDO POLÍTICO CREEMOS;16
TUNJA;Hedna Patricia Fresno Samaca;MOVIMIENTO SALVACIÓN NACIONAL;16
TUNJA;Luis Eduardo Orduz;MOVIMIENTO SALVACIÓN NACIONAL;16
TUNJA;Maribel Pulido Pulido;PARTIDO DEMÓCRATA COLOMBIANO;16
TUNJA;Alba Yamile Cruz Santiago;PARTIDO COLOMBIA RENACIENTE Y PARTIDO VERDE OXIGENO;15
TUNJA;Gonzalo Suarez Riaño;PARTIDO POLÍTICO CREEMOS;15
TUNJA;Luz Marina Suarez Rodriguez;TUNJA MERECE MÁS;15
TUNJA;Ana Mery Cardenas Sierra;PARTIDO POLÍTICO LA FUERZA DE LA PAZ;14
TUNJA;Jennifer Alejandra Guanga Jeres;PARTIDO LIGA GOBERNANTES ANTICORRUPCIÓN - LIGA;14
TUNJA;Partido Liga Gobernantes Anticorrupción - Liga;PARTIDO LIGA GOBERNANTES ANTICORRUPCIÓN - LIGA;14
TUNJA;Ciro A. Estevan Calderon;PARTIDO POLÍTICO CREEMOS;13
TUNJA;Daniel Arturo Suescun Hernandez;PARTIDO LIGA GOBERNANTES ANTICORRUPCIÓN - LIGA;13
TUNJA;Maria Alejandra Camargo Amaya;PARTIDO POLÍTICO CREEMOS;12
TUNJA;Lorena Garcia Jaramillo;PARTIDO POLÍTICO LA FUERZA DE LA PAZ;11
TUNJA;Maria Helena Rodriguez Figueroa;PARTIDO LIGA GOBERNANTES ANTICORRUPCIÓN - LIGA;11
TUNJA;Jose Adirson Steeven Bastidas Suarez;PARTIDO LIGA GOBERNANTES ANTICORRUPCIÓN - LIGA;10
TUNJA;Lina Vanessa Remolina Galindo;PARTIDO COLOMBIA RENACIENTE Y PARTIDO VERDE OXIGENO;10
TUNJA;Oscar Jesus Humberto Palacios Lopez;PARTIDO POLÍTICO LA FUERZA DE LA PAZ;10
TUNJA;Maria Nelsy Sotaban Cucunuba;PARTIDO POLÍTICO LA FUERZA DE LA PAZ;8
TUNJA;Maria Yaneth Carrillo Ortiz;PARTIDO POLÍTICO CREEMOS;8
TUNJA;Eliana Gineth Martinez Novoa;AGRUPACIÓN POLÍTICA EN MARCHA;7
TUNJA;Johanna Vanessa Guarin Higuera;PARTIDO POLÍTICO CREEMOS;6
TUNJA;Brayan Giovanny Quevedo Ladino;PARTIDO LIGA GOBERNANTES ANTICORRUPCIÓN - LIGA;5
TUNJA;Erika Paola Cuellar Cuervo;PARTIDO COLOMBIA RENACIENTE Y PARTIDO VERDE OXIGENO;4
TUNJA;Freddy Lopez Martinez;PARTIDO LIGA GOBERNANTES ANTICORRUPCIÓN - LIGA;4
TUNJA;Monica Fernanda Araque Angarita;PARTIDO DEMÓCRATA COLOMBIANO;4
TUNJA;Lady Carolina Torres Torres;PARTIDO DEMÓCRATA COLOMBIANO;3
TUNJA;Ivan David Ramos Castro;PARTIDO LIGA GOBERNANTES ANTICORRUPCIÓN - LIGA;2
TUNJA;Carlos Alberto Malaver Rodriguez;PARTIDO DEMÓCRATA COLOMBIANO;0
TUNJA;Edilma Pineda Salamanca;PARTIDO CAMBIO RADICAL;0
TUNJA;Francisco Javier Bernal Espitia;PARTIDO CONSERVADOR COLOMBIANO;0
TUNJA;Ivan Alfredo Gutierrez Castillo;AGRUPACIÓN POLÍTICA EN MARCHA;0
TUNJA;John Fredy Molina Molina;PARTIDO DEMÓCRATA COLOMBIANO;0
TUNJA;Luz Estela Ordoñez Mendez;PARTIDO DEMÓCRATA COLOMBIANO;0
TUNUNGUA;Oscar Ariel Murillo Rojas;PARTIDO CENTRO DEMOCRÁTICO;109
TUNUNGUA;Jaime Enrique Salamanca Rodriguez;PARTIDO LIBERAL COLOMBIANO;98
TUNUNGUA;Yefry Styg Parra Gomez;PARTIDO ALIANZA VERDE;88
TUNUNGUA;Fabio Nel Sanchez Orjuela;PARTIDO DE LA UNIÓN POR LA GENTE - PARTIDO DE LA U;85
TUNUNGUA;Luz Mary Villamil Combita;PARTIDO LIBERAL COLOMBIANO;72
TUNUNGUA;Heverson Stiden Pineda Bustos;PARTIDO DE LA UNIÓN POR LA GENTE - PARTIDO DE LA U;71
TUNUNGUA;Cindy Yineth Laiton Castellanos;PARTIDO ALIANZA VERDE;68
TUNUNGUA;Huber Darey Camacho Saza;PARTIDO POLÍTICO DIGNIDAD & COMPROMISO;63
TUNUNGUA;Josue Humberto Lemus Peña;PARTIDO CENTRO DEMOCRÁTICO;56
TUNUNGUA;Milgen Durlay Pineda Vargas;PARTIDO ALIANZA VERDE;55
TUNUNGUA;Yeferson Mauricio Castillo Peña;PARTIDO ALIANZA VERDE;50
TUNUNGUA;Hover Yesid Virguez Torres;PARTIDO POLÍTICO DIGNIDAD & COMPROMISO;47
TUNUNGUA;Wilson Nel Pastran Florez;PARTIDO CENTRO DEMOCRÁTICO;47
TUNUNGUA;Jaime Dolay Torres Mendieta;PARTIDO ALIANZA VERDE;45
TUNUNGUA;Miguel Angel Suarez Villamil;PARTIDO LIBERAL COLOMBIANO;45
TUNUNGUA;Lesly Jhoanna Gomez Pineda;PARTIDO POLÍTICO DIGNIDAD & COMPROMISO;40
TUNUNGUA;Angie Tatiana Combita Villamil;PARTIDO DE LA UNIÓN POR LA GENTE - PARTIDO DE LA U;37
TUNUNGUA;Milton Siseron Casas Rodriguez;PARTIDO DE LA UNIÓN POR LA GENTE - PARTIDO DE LA U;37
TUNUNGUA;Sandra Patricia Pachon Monsalve;PARTIDO ALIANZA VERDE;35
TUNUNGUA;Oscar Leonardo Ramos Orjuela;PARTIDO ALIANZA VERDE;30
TUNUNGUA;Andres Felipe Lemus Castillo;PARTIDO POLÍTICO DIGNIDAD & COMPROMISO;29
TUNUNGUA;Sandra Patricia Carvajal Saza;PARTIDO POLÍTICO DIGNIDAD & COMPROMISO;26
TUNUNGUA;Blanca Yovana Pineda Diaz;PARTIDO CENTRO DEMOCRÁTICO;20
TUNUNGUA;Jeison Fernando Suarez Sanchez;PARTIDO CENTRO DEMOCRÁTICO;12
TUNUNGUA;Lyda Marcela Santana Suazo;PARTIDO CENTRO DEMOCRÁTICO;12
TUNUNGUA;Carlos Eduardo Guzman;PARTIDO LIBERAL COLOMBIANO;10
TUNUNGUA;Maria Isabel Parra;PARTIDO POLÍTICO DIGNIDAD & COMPROMISO;9
TUNUNGUA;Ovidio Morales Peña;PARTIDO LIBERAL COLOMBIANO;8
TUNUNGUA;Leidy Patricia Ortiz Forero;PARTIDO DE LA UNIÓN POR LA GENTE - PARTIDO DE LA U;6
TUNUNGUA;Myriam Del Carmen Santamaria Murillo;PARTIDO LIBERAL COLOMBIANO;5
TUNUNGUA;Raul Lenin Martinez Farrera;PARTIDO DE LA UNIÓN POR LA GENTE - PARTIDO DE LA U;5
TUNUNGUA;Partido Alianza Verde;PARTIDO ALIANZA VERDE;2
TUNUNGUA;Partido Centro Democrático;PARTIDO CENTRO DEMOCRÁTICO;2
TUNUNGUA;Partido Liberal Colombiano;PARTIDO LIBERAL COLOMBIANO;2
TURMEQUE;Miguel Angel Gomez;PARTIDO POLÍTICO DIGNIDAD & COMPROMISO;256
TURMEQUE;Aura Consuelo Jimenez Pinzon;PARTIDO LIBERAL COLOMBIANO;254
TURMEQUE;Marlenne Muñoz Ajiaco;PARTIDO ALIANZA VERDE;234
TURMEQUE;Jully Zoraida Garcia Lamprea;PARTIDO POLÍTICO DIGNIDAD & COMPROMISO;183
TURMEQUE;Days Yaybleydith Sanchez Pedraza;PARTIDO ALIANZA VERDE;146
TURMEQUE;Luis Elber Valero Veloza;"MOVIMIENTO ALTERNATIVO INDÍGENA Y SOCIAL ""MAIS""";145
TURMEQUE;Esmer Hernan Muñoz Puentes;PARTIDO LIBERAL COLOMBIANO;144
TURMEQUE;Jose Pedro Naranjo Gordo;PARTIDO ALIANZA VERDE;142
TURMEQUE;Jefferson Andres Sanchez Muñoz;PARTIDO ALIANZA VERDE;141
TURMEQUE;William Alberto Novoa Muñoz;PARTIDO LIBERAL COLOMBIANO;137
TURMEQUE;Carolina Gordo Bernal;PARTIDO LIBERAL COLOMBIANO;113
TURMEQUE;Edinzon Julian Muñoz Muñoz;"MOVIMIENTO ALTERNATIVO INDÍGENA Y SOCIAL ""MAIS""";110
TURMEQUE;Ruth Yaneth Cruz Villalobos;PARTIDO ALIANZA VERDE;99
TURMEQUE;Hernan Naranjo Muñoz;PARTIDO LIBERAL COLOMBIANO;93
TURMEQUE;Oscar Fabian Malagon Perez;PARTIDO LIBERAL COLOMBIANO;92
TURMEQUE;Jose Alberto Barreto Martinez;PARTIDO POLÍTICO DIGNIDAD & COMPROMISO;84
TURMEQUE;Wilson Garzon Muñoz;"MOVIMIENTO ALTERNATIVO INDÍGENA Y SOCIAL ""MAIS""";83
TURMEQUE;Arlei Mauricio Niampira Soracipa;PARTIDO LIBERAL COLOMBIANO;79
TURMEQUE;Flor Delina Saboya Torres;PARTIDO ALIANZA VERDE;76
TURMEQUE;Yuricela Contreras Porras;PARTIDO POLÍTICO DIGNIDAD & COMPROMISO;76
TURMEQUE;Maria Del Pilar Toro Lancheros;PARTIDO LIBERAL COLOMBIANO;68
TURMEQUE;Yamith Usaquin Rodriguez;PARTIDO POLÍTICO DIGNIDAD & COMPROMISO;68
TURMEQUE;Alvaro Vasquez Rodriguez;PARTIDO ALIANZA VERDE;60
TURMEQUE;Diego Fernando Romero Pinzon;PARTIDO POLÍTICO DIGNIDAD & COMPROMISO;58
TURMEQUE;Edgar Hernan Robayo Moreno;PARTIDO ALIANZA VERDE;55
TURMEQUE;Jeison Javier Mendoza Robayo;PARTIDO NUEVO LIBERALISMO;50
TURMEQUE;Cesar Hernan Monroy Cruz;PARTIDO POLÍTICO DIGNIDAD & COMPROMISO;46
TURMEQUE;Maria Nilce Lopez;"MOVIMIENTO ALTERNATIVO INDÍGENA Y SOCIAL ""MAIS""";46
TURMEQUE;Luz Emilia Segura Lozano;"MOVIMIENTO ALTERNATIVO INDÍGENA Y SOCIAL ""MAIS""";43
TURMEQUE;Faminzon Smith Fuquen Plazas;PARTIDO NUEVO LIBERALISMO;42
TURMEQUE;Jesus Leonel Torres Forero;PARTIDO ALIANZA VERDE;42
TURMEQUE;Luz Mery Vela Romero;PARTIDO NUEVO LIBERALISMO;37
TURMEQUE;Myrian Cicua Latorre;PARTIDO POLÍTICO DIGNIDAD & COMPROMISO;36
TURMEQUE;Partido Liberal Colombiano;PARTIDO LIBERAL COLOMBIANO;34
TURMEQUE;Karina Andrea Santos Quintana;"MOVIMIENTO ALTERNATIVO INDÍGENA Y SOCIAL ""MAIS""";26
TURMEQUE;Partido Alianza Verde;PARTIDO ALIANZA VERDE;26
TURMEQUE;Aristides Gomez Soba;"MOVIMIENTO ALTERNATIVO INDÍGENA Y SOCIAL ""MAIS""";22
TURMEQUE;Sonia Rocio Muñoz Moreno;PARTIDO NUEVO LIBERALISMO;21
TURMEQUE;Eudoro Villabon Silva;PARTIDO NUEVO LIBERALISMO;20
TURMEQUE;Fabio Alexander Beltran;"MOVIMIENTO ALTERNATIVO INDÍGENA Y SOCIAL ""MAIS""";18
TURMEQUE;Glosman Muñoz Veloza;PARTIDO NUEVO LIBERALISMO;18
TURMEQUE;"Movimiento Alternativo Indígena Y Social ""Mais""";"MOVIMIENTO ALTERNATIVO INDÍGENA Y SOCIAL ""MAIS""";18
TURMEQUE;Jose Pedro Nel Lancheros Monastoque;PARTIDO POLÍTICO DIGNIDAD & COMPROMISO;17
TURMEQUE;Partido Nuevo Liberalismo;PARTIDO NUEVO LIBERALISMO;17
TURMEQUE;Carlos Alberto Robayo Rey;PARTIDO NUEVO LIBERALISMO;10
TURMEQUE;Partido Político Dignidad & Compromiso;PARTIDO POLÍTICO DIGNIDAD & COMPROMISO;10
TURMEQUE;Leidy Paola Pulido Martinez;"MOVIMIENTO ALTERNATIVO INDÍGENA Y SOCIAL ""MAIS""";9
TURMEQUE;Claudia Patricia Robayo Sierra;PARTIDO NUEVO LIBERALISMO;6
TUTA;Oliverio Del Carmen Puerto Fonseca;PARTIDO CONSERVADOR COLOMBIANO;265
TUTA;Flor Marina Fonseca Cifuentes;PARTIDO LIBERAL COLOMBIANO;261
TUTA;Bernardo Bohorquez Castro;PARTIDO ALIANZA VERDE;257
TUTA;Nubia Andrea Espitia Lemus;PARTIDO CAMBIO RADICAL;256
TUTA;Jeisson David Uribe Hurtado;PARTIDO CAMBIO RADICAL;234
TUTA;Jorge Alfredo Gomez Diaz;PARTIDO LIBERAL COLOMBIANO;219
TUTA;Oscar Leonardo Lopez Bolivar;PARTIDO LIBERAL COLOMBIANO;215
TUTA;Rodolfo Hernan Zambrano Granados;PARTIDO LIBERAL COLOMBIANO;209
TUTA;Sandra Yohana Martinez Figueredo;PARTIDO LIBERAL COLOMBIANO;205
TUTA;Roberth Alexander Caicedo Montañez;PARTIDO CAMBIO RADICAL;203
TUTA;Victor Mateo Avila Ropero;"PARTIDO ALIANZA SOCIAL INDEPENDIENTE ""ASI""";203
TUTA;Ramon Rodriguez Cuervo;PARTIDO CONSERVADOR COLOMBIANO;191
TUTA;Fabio Andres Coronado Viasus;PARTIDO CAMBIO RADICAL;163
TUTA;Nelson Enrique Gonzalez Riaño;"PARTIDO ALIANZA SOCIAL INDEPENDIENTE ""ASI""";153
TUTA;David Fernando Rivera Vargas;MOVIMIENTO POLITICO FUERZA CIUDADANA;150
TUTA;Jairo Guillermo Reyes Guerrero;PARTIDO ALIANZA VERDE;147
TUTA;Yeimy Bibiana Riaño Alfonso;PARTIDO ALIANZA VERDE;138
TUTA;Marco Tulio Rodriguez Cipagauta;PARTIDO DE LA UNIÓN POR LA GENTE - PARTIDO DE LA U;137
TUTA;Julio Ivan Rodriguez Larrota;PARTIDO ALIANZA VERDE;130
TUTA;Hector Jimenez Sanchez;"PARTIDO ALIANZA SOCIAL INDEPENDIENTE ""ASI""";127
TUTA;Marcos Fidel Cano Lopez;PARTIDO ALIANZA VERDE;124
TUTA;Teresa De Jesus Cano;"PARTIDO ALIANZA SOCIAL INDEPENDIENTE ""ASI""";121
TUTA;Adrian Alveiro Cano Fonseca;PARTIDO LIBERAL COLOMBIANO;117
TUTA;Sindy Johana Cano Sanchez;AGRUPACIÓN POLÍTICA EN MARCHA;114
TUTA;Oscar Manuel Gonzalez Torres;"PARTIDO ALIANZA SOCIAL INDEPENDIENTE ""ASI""";108
TUTA;Daniel Ferney Cano Figueredo;PARTIDO ALIANZA VERDE;101
TUTA;Maria Odilia Viasus Rojas;"PARTIDO ALIANZA SOCIAL INDEPENDIENTE ""ASI""";84
TUTA;Robert Hernan Prada Fonseca;AGRUPACIÓN POLÍTICA EN MARCHA;82
TUTA;Mayerly Milena Camargo Martinez;PARTIDO CAMBIO RADICAL;79
TUTA;Bruslee Javier Hernandez Fonseca;PARTIDO DE LA UNIÓN POR LA GENTE - PARTIDO DE LA U;71
TUTA;Jeisson Ferney Acosta Palacios;"PARTIDO ALIANZA SOCIAL INDEPENDIENTE ""ASI""";69
TUTA;Jose Ricardo Torres Garzon;PARTIDO CAMBIO RADICAL;64
TUTA;Maria Esther Garzon Quito;PARTIDO LIBERAL COLOMBIANO;64
TUTA;Octavio Alonso Alvarez Medina;"PARTIDO ALIANZA SOCIAL INDEPENDIENTE ""ASI""";64
TUTA;Jhon Andres Granados Bolivar;PARTIDO CAMBIO RADICAL;61
TUTA;Franco Arnoldo Espitia Cely;"MOVIMIENTO ALTERNATIVO INDÍGENA Y SOCIAL ""MAIS""";60
TUTA;Maria Hercilia Cano Bautista;PARTIDO ALIANZA VERDE;59
TUTA;Jehimy Katherinne Becerra Rodriguez;PARTIDO ALIANZA VERDE;57
TUTA;Lisandro Delgado Pacheco;PARTIDO LIBERAL COLOMBIANO;57
TUTA;Ruben Dario Bolivar Bolivar;MOVIMIENTO POLITICO FUERZA CIUDADANA;56
TUTA;Yoana Carolina Montañez Salamanca;AGRUPACIÓN POLÍTICA EN MARCHA;55
TUTA;Helmuth Humberto Vargas Santos;PARTIDO CONSERVADOR COLOMBIANO;54
TUTA;Andres Fernando Rodriguez Ropero;AGRUPACIÓN POLÍTICA EN MARCHA;49
TUTA;Epimenio Corredor;PARTIDO LIBERAL COLOMBIANO;47
TUTA;Maria Agueda Rodriguez Quiroga;"MOVIMIENTO ALTERNATIVO INDÍGENA Y SOCIAL ""MAIS""";43
TUTA;John Anderson Galeano Paez;PARTIDO DE LA UNIÓN POR LA GENTE - PARTIDO DE LA U;42
TUTA;Franco Emilio Romero Molano;PARTIDO DE LA UNIÓN POR LA GENTE - PARTIDO DE LA U;38
TUTA;Nelva Ines Corredor Cano;"PARTIDO ALIANZA SOCIAL INDEPENDIENTE ""ASI""";38
TUTA;Angela Yannine Rodriguez Granados;AGRUPACIÓN POLÍTICA EN MARCHA;33
TUTA;Faryde Bechara Torres;AGRUPACIÓN POLÍTICA EN MARCHA;33
TUTA;Jairo Ernesto Correales Rodriguez;PARTIDO ALIANZA VERDE;33
TUTA;Brisa Del Carmen Mesa Fuquen;"MOVIMIENTO ALTERNATIVO INDÍGENA Y SOCIAL ""MAIS""";30
TUTA;Partido Liberal Colombiano;PARTIDO LIBERAL COLOMBIANO;30
TUTA;Andrea Lucia Escobar Cifuentes;MOVIMIENTO POLITICO FUERZA CIUDADANA;29
TUTA;Claudia Yaneth Pedraza Cely;PARTIDO CAMBIO RADICAL;27
TUTA;Melba Elena Mesa Becerra;AGRUPACIÓN POLÍTICA EN MARCHA;27
TUTA;Jose Nelson Marciales Espinosa;PARTIDO DE LA UNIÓN POR LA GENTE - PARTIDO DE LA U;25
TUTA;Partido Alianza Verde;PARTIDO ALIANZA VERDE;25
TUTA;Andrea Johana Rodriguez Sanchez;MOVIMIENTO POLITICO FUERZA CIUDADANA;24
TUTA;Nelson Yobany Coronado Garavito;"MOVIMIENTO ALTERNATIVO INDÍGENA Y SOCIAL ""MAIS""";24
TUTA;Sandra Pinilla Caicedo;AGRUPACIÓN POLÍTICA EN MARCHA;24
TUTA;Anyi Elizabeth Gomez Suescun;MOVIMIENTO POLITICO FUERZA CIUDADANA;23
TUTA;Diego Andres Monroy Bolivar;PARTIDO CONSERVADOR COLOMBIANO;20
TUTA;Segundo Pedro Rodriguez Salamanca;PARTIDO DE LA UNIÓN POR LA GENTE - PARTIDO DE LA U;19
TUTA;Rosa Maria Ostos Cano;PARTIDO DE LA UNIÓN POR LA GENTE - PARTIDO DE LA U;18
TUTA;Darzy Lizeth Huertas Bolivar;PARTIDO DE LA UNIÓN POR LA GENTE - PARTIDO DE LA U;16
TUTA;Partido De La Unión Por La Gente - Partido De La U;PARTIDO DE LA UNIÓN POR LA GENTE - PARTIDO DE LA U;16
TUTA;Ana Olga Rodriguez Largo;MOVIMIENTO POLITICO FUERZA CIUDADANA;15
TUTA;"Partido Alianza Social Independiente ""Asi""";"PARTIDO ALIANZA SOCIAL INDEPENDIENTE ""ASI""";15
TUTA;Carolina Sierra Fonseca;PARTIDO CONSERVADOR COLOMBIANO;14
TUTA;Yuly Solange Ostos Rodriguez;PARTIDO CONSERVADOR COLOMBIANO;14
TUTA;Carolina Hurtado Granados;PARTIDO DE LA UNIÓN POR LA GENTE - PARTIDO DE LA U;13
TUTA;Elva Celandia Acuña Rodriguez;MOVIMIENTO POLITICO FUERZA CIUDADANA;13
TUTA;Partido Cambio Radical;PARTIDO CAMBIO RADICAL;13
TUTA;Partido Conservador Colombiano;PARTIDO CONSERVADOR COLOMBIANO;13
TUTA;Movimiento  Salvación Nacional;MOVIMIENTO SALVACIÓN NACIONAL;10
TUTA;Sonia Liney Torres Jaimes;PARTIDO CONSERVADOR COLOMBIANO;10
TUTA;Jesika Dayana Pacheco Pacheco;AGRUPACIÓN POLÍTICA EN MARCHA;6
TUTA;Javier Zorro Quiroga;PARTIDO CONSERVADOR COLOMBIANO;5
TUTA;Jose Alirio Baron Silva;PARTIDO CONSERVADOR COLOMBIANO;5
TUTA;Agrupación Política En Marcha;AGRUPACIÓN POLÍTICA EN MARCHA;4
TUTA;Movimiento Politico Fuerza Ciudadana;MOVIMIENTO POLITICO FUERZA CIUDADANA;4
TUTA;"Movimiento Alternativo Indígena Y Social ""Mais""";"MOVIMIENTO ALTERNATIVO INDÍGENA Y SOCIAL ""MAIS""";3
TUTA;Pedro Antonio Fonseca Castro;MOVIMIENTO POLITICO FUERZA CIUDADANA;2
TUTAZA;Johan Alejandro Sisa Rojas;PARTIDO CAMBIO RADICAL;220
TUTAZA;Andres Fernando Cordoba Castro;PARTIDO LIBERAL COLOMBIANO;159
TUTAZA;Eriberto Cardenas Gomez;"PARTIDO ALIANZA SOCIAL INDEPENDIENTE ""ASI""";130
TUTAZA;Harvey Said Cristancho Castro;PARTIDO DE LA UNIÓN POR LA GENTE - PARTIDO DE LA U;110
TUTAZA;Yorly Julieth Reyes Aparicio;PARTIDO LIBERAL COLOMBIANO;102
TUTAZA;Jose Wilmar Arguello Parra;PARTIDO CAMBIO RADICAL;89
TUTAZA;Henry Alberto Ravelo Castro;PARTIDO ALIANZA VERDE;86
TUTAZA;Adriana Yiseet Paredes Garcia;PARTIDO LIBERAL COLOMBIANO;80
TUTAZA;Wendy Dayana Diaz Aparicio;"PARTIDO ALIANZA SOCIAL INDEPENDIENTE ""ASI""";70
TUTAZA;Orlando Ojeda Benavides;"MOVIMIENTO ALTERNATIVO INDÍGENA Y SOCIAL ""MAIS""";68
TUTAZA;Carlos Sebastian Diaz Dueñas;"PARTIDO ALIANZA SOCIAL INDEPENDIENTE ""ASI""";60
TUTAZA;Juan Camilo Niño Ayala;"MOVIMIENTO ALTERNATIVO INDÍGENA Y SOCIAL ""MAIS""";57
TUTAZA;Hector Manuel Gomez Rodriguez;PARTIDO LIBERAL COLOMBIANO;46
TUTAZA;Jairo Hernandez Cardenas;PARTIDO ALIANZA VERDE;46
TUTAZA;Gilberto Triana Sisa;"PARTIDO ALIANZA SOCIAL INDEPENDIENTE ""ASI""";43
TUTAZA;Maria Alejandra Aponte Ravelo;"PARTIDO ALIANZA SOCIAL INDEPENDIENTE ""ASI""";43
TUTAZA;Martha Merchan Alarcon;PARTIDO DE LA UNIÓN POR LA GENTE - PARTIDO DE LA U;43
TUTAZA;Ricardo Garcia Dueñas;PARTIDO LIBERAL COLOMBIANO;41
TUTAZA;Nelson Enrique Angarita Becerra;PARTIDO DE LA UNIÓN POR LA GENTE - PARTIDO DE LA U;38
TUTAZA;Yessy Paola Merchan Alarcon;"PARTIDO ALIANZA SOCIAL INDEPENDIENTE ""ASI""";31
TUTAZA;Javier Alexander Gonzalez Martinez;"MOVIMIENTO ALTERNATIVO INDÍGENA Y SOCIAL ""MAIS""";27
TUTAZA;Alba Luz Amado Daza;INDEPENDIENTES;23
TUTAZA;Custodio De La Cruz Rodriguez Rodriguez;INDEPENDIENTES;23
TUTAZA;Oscar Sissa Sissa;PARTIDO ALIANZA VERDE;22
TUTAZA;Briceida Silva Ayala;PARTIDO LIBERAL COLOMBIANO;21
TUTAZA;Yuber Arley Castro Gonzalez;PARTIDO ALIANZA VERDE;21
TUTAZA;Yenny Marcela Hernandez Millan;PARTIDO DE LA UNIÓN POR LA GENTE - PARTIDO DE LA U;15
TUTAZA;Nuri Paola Sandoval Sandoval;PARTIDO CAMBIO RADICAL;14
TUTAZA;Angie Lorena Bautista Orozco;PARTIDO ALIANZA VERDE;13
TUTAZA;Luis Carlos Bautista Guerrero;PARTIDO DE LA UNIÓN POR LA GENTE - PARTIDO DE LA U;13
TUTAZA;Brayan Fernando Hernandez Alarcon;PARTIDO DE LA UNIÓN POR LA GENTE - PARTIDO DE LA U;12
TUTAZA;Jorge Alejandro Hernandez Martinez;INDEPENDIENTES;12
TUTAZA;William Hernando Sisa Triana;"MOVIMIENTO ALTERNATIVO INDÍGENA Y SOCIAL ""MAIS""";11
TUTAZA;Derica Carolina Niño Fernandez;PARTIDO ALIANZA VERDE;10
TUTAZA;Ismenia Parra Benavides;"MOVIMIENTO ALTERNATIVO INDÍGENA Y SOCIAL ""MAIS""";10
TUTAZA;Luis Ilberto Triana Garcia;PARTIDO LIBERAL COLOMBIANO;10
TUTAZA;Ruth Milena Gomez Parra;PARTIDO CAMBIO RADICAL;9
TUTAZA;Partido Cambio Radical;PARTIDO CAMBIO RADICAL;8
TUTAZA;Juan Carlos Jaime Verdugo;INDEPENDIENTES;7
TUTAZA;Alirio Sachica Rojas;PARTIDO CAMBIO RADICAL;6
TUTAZA;Partido Liberal Colombiano;PARTIDO LIBERAL COLOMBIANO;6
TUTAZA;Lina Marcella Aldana Sissa;INDEPENDIENTES;5
TUTAZA;Silvia Del Carmen Hernandez Sissa;PARTIDO DE LA UNIÓN POR LA GENTE - PARTIDO DE LA U;5
TUTAZA;"Partido Alianza Social Independiente ""Asi""";"PARTIDO ALIANZA SOCIAL INDEPENDIENTE ""ASI""";3
TUTAZA;Rodrigo Vargas Niño;"PARTIDO ALIANZA SOCIAL INDEPENDIENTE ""ASI""";3
TUTAZA;Jessica Estefania Nuñez Niño;"MOVIMIENTO ALTERNATIVO INDÍGENA Y SOCIAL ""MAIS""";2
TUTAZA;Partido Alianza Verde;PARTIDO ALIANZA VERDE;2
TUTAZA;Partido De La Unión Por La Gente - Partido De La U;PARTIDO DE LA UNIÓN POR LA GENTE - PARTIDO DE LA U;2
TUTAZA;"Movimiento Alternativo Indígena Y Social ""Mais""";"MOVIMIENTO ALTERNATIVO INDÍGENA Y SOCIAL ""MAIS""";1
UMBITA;Bernardo Octavio Parra Martinez;PARTIDO ALIANZA VERDE;247
UMBITA;Eric Julian Martinez Martinez;"MOVIMIENTO ALTERNATIVO INDÍGENA Y SOCIAL ""MAIS""";218
UMBITA;Virginia Paez Melo;PARTIDO ALIANZA VERDE;212
UMBITA;Jaime Galindo Casallas;PARTIDO CONSERVADOR COLOMBIANO;185
UMBITA;Tito German Huertas Mancipe;PARTIDO CONSERVADOR COLOMBIANO;167
UMBITA;Yesica Vanesa Arteaga Rojas;PARTIDO CONSERVADOR COLOMBIANO;165
UMBITA;Edwin Reinaldo Gomez Hernandez;PARTIDO POLÍTICO LA FUERZA DE LA PAZ;161
UMBITA;Nidia Rodriguez;PARTIDO POLÍTICO LA FUERZA DE LA PAZ;152
UMBITA;Jose Samuel Cortes Garcia;PARTIDO DE LA UNIÓN POR LA GENTE - PARTIDO DE LA U;149
UMBITA;Pedro Julio Gil Contreras;PARTIDO CONSERVADOR COLOMBIANO;139
UMBITA;Henry Martinez Bohorquez;"MOVIMIENTO ALTERNATIVO INDÍGENA Y SOCIAL ""MAIS""";134
UMBITA;Jaime Bernal Moreno;PARTIDO ALIANZA VERDE;134
UMBITA;Rafael Antonio Huertas Fonseca;PARTIDO CAMBIO RADICAL;133
UMBITA;William Ferney Fonseca Porras;PARTIDO POLÍTICO LA FUERZA DE LA PAZ;131
UMBITA;Jose Miguel Porras Romero;PARTIDO DE LA UNIÓN POR LA GENTE - PARTIDO DE LA U;130
UMBITA;Juan Carlos Martinez Sanchez;"MOVIMIENTO ALTERNATIVO INDÍGENA Y SOCIAL ""MAIS""";125
UMBITA;Abelardo De Jesus Martinez;PARTIDO DE LA UNIÓN POR LA GENTE - PARTIDO DE LA U;123
UMBITA;Miyer Alejandro Yaya Vargas;PARTIDO ALIANZA VERDE;114
UMBITA;Edgar Cañon Huertas;PARTIDO ALIANZA VERDE;109
UMBITA;Ricardo Sarmiento Otalora;PARTIDO DE LA UNIÓN POR LA GENTE - PARTIDO DE LA U;108
UMBITA;Rubiela Moreno Gil;PARTIDO CONSERVADOR COLOMBIANO;108
UMBITA;Yeferson Dwan Diaz Morales;PARTIDO POLÍTICO LA FUERZA DE LA PAZ;103
UMBITA;Jose Mauricio Sarmiento Bohorquez;PARTIDO DE LA UNIÓN POR LA GENTE - PARTIDO DE LA U;97
UMBITA;Oscar Yesid Rubiano Huertas;"MOVIMIENTO ALTERNATIVO INDÍGENA Y SOCIAL ""MAIS""";94
UMBITA;Maikol Fabian Mendoza;PARTIDO ALIANZA VERDE;89
UMBITA;Leidy Sofia Huertas Velosa;PARTIDO CONSERVADOR COLOMBIANO;88
UMBITA;Diego Fabian Pulido Soler;PARTIDO CAMBIO RADICAL;72
UMBITA;Gabriel Fernando Guerra Orjuela;PARTIDO POLÍTICO LA FUERZA DE LA PAZ;67
UMBITA;Pedro Antonio Heredia Ramos;PARTIDO ALIANZA VERDE;64
UMBITA;Yesika Marcela Ramirez Sierra;PARTIDO DE LA UNIÓN POR LA GENTE - PARTIDO DE LA U;62
UMBITA;Nubia Milena Velosa Velosa;PARTIDO POLÍTICO LA FUERZA DE LA PAZ;52
UMBITA;Diego Fernando Martinez Diaz;PARTIDO CONSERVADOR COLOMBIANO;50
UMBITA;Luis Enrique Torres Huertas;PARTIDO CONSERVADOR COLOMBIANO;48
UMBITA;Jose Mario Huertas Toro;PARTIDO DE LA UNIÓN POR LA GENTE - PARTIDO DE LA U;42
UMBITA;Carol Melissa Cante Martinez;PARTIDO CAMBIO RADICAL;36
UMBITA;Partido Alianza Verde;PARTIDO ALIANZA VERDE;33
UMBITA;Nidia Del Carmen Zamudio Soler;"MOVIMIENTO ALTERNATIVO INDÍGENA Y SOCIAL ""MAIS""";31
UMBITA;Pricila Porras Lopez;PARTIDO CONSERVADOR COLOMBIANO;29
UMBITA;Maria Fernanda Alvarez Alarcon;PARTIDO ALIANZA VERDE;26
UMBITA;Yohan Nicolas Rincon Mendoza;"MOVIMIENTO ALTERNATIVO INDÍGENA Y SOCIAL ""MAIS""";23
UMBITA;Partido Conservador Colombiano;PARTIDO CONSERVADOR COLOMBIANO;19
UMBITA;Andrea Katherine Fuquen Parada;"MOVIMIENTO ALTERNATIVO INDÍGENA Y SOCIAL ""MAIS""";16
UMBITA;Carlos Arturo Duarte Salinas;PARTIDO ALIANZA VERDE;16
UMBITA;Jose Isaac Huertas Huertas;PARTIDO CAMBIO RADICAL;14
UMBITA;Marcos Otto Parra Klusmann;"MOVIMIENTO ALTERNATIVO INDÍGENA Y SOCIAL ""MAIS""";14
UMBITA;Ricardo Bohorquez Bohorquez;PARTIDO CONSERVADOR COLOMBIANO;11
UMBITA;Karenth Lorena Suarez Sanchez;PARTIDO CAMBIO RADICAL;10
UMBITA;Maria Del Carmen Rubiano Molina;"MOVIMIENTO ALTERNATIVO INDÍGENA Y SOCIAL ""MAIS""";10
UMBITA;Marby Neyla Romero Gomez;PARTIDO ALIANZA VERDE;9
UMBITA;Martha Liliana Sarmiento Cardenas;PARTIDO ALIANZA VERDE;9
UMBITA;"Movimiento Alternativo Indígena Y Social ""Mais""";"MOVIMIENTO ALTERNATIVO INDÍGENA Y SOCIAL ""MAIS""";8
UMBITA;Partido De La Unión Por La Gente - Partido De La U;PARTIDO DE LA UNIÓN POR LA GENTE - PARTIDO DE LA U;8
UMBITA;Partido Político La Fuerza De La Paz;PARTIDO POLÍTICO LA FUERZA DE LA PAZ;7
UMBITA;Deisy Martinez Martinez;PARTIDO DE LA UNIÓN POR LA GENTE - PARTIDO DE LA U;6
UMBITA;Jenny Angelica Puentes Huertas;PARTIDO DE LA UNIÓN POR LA GENTE - PARTIDO DE LA U;6
UMBITA;Nancy Milena Heredia Gonzalez;PARTIDO DE LA UNIÓN POR LA GENTE - PARTIDO DE LA U;6
UMBITA;Partido Cambio Radical;PARTIDO CAMBIO RADICAL;5
UMBITA;Emigdio Orjuela Sarmiento;"MOVIMIENTO ALTERNATIVO INDÍGENA Y SOCIAL ""MAIS""";2
VENTAQUEMADA;Juan Guillermo Muñoz Rubiano;PARTIDO CONSERVADOR COLOMBIANO;517
VENTAQUEMADA;Juan David Moreno Ruiz;PARTIDO LIBERAL COLOMBIANO;303
VENTAQUEMADA;Guillermo Navarrete Quiroga;PARTIDO DE LA UNIÓN POR LA GENTE - PARTIDO DE LA U;257
VENTAQUEMADA;Ivan Dario Gomez Aldana;"MOVIMIENTO ALTERNATIVO INDÍGENA Y SOCIAL ""MAIS""";243
VENTAQUEMADA;Jose Benito Barrantes Farfan;PARTIDO CONSERVADOR COLOMBIANO;241
VENTAQUEMADA;Wilmer Javier Pedraza Lopez;PARTIDO ALIANZA VERDE;226
VENTAQUEMADA;Fredy Alexander Cabrera Gomez;PARTIDO DE LA UNIÓN POR LA GENTE - PARTIDO DE LA U;222
VENTAQUEMADA;Juan Antonio Mancipe Aldana;PARTIDO ALIANZA VERDE;214
VENTAQUEMADA;Tito Rojas Buitrago;PARTIDO CENTRO DEMOCRÁTICO;213
VENTAQUEMADA;Juan Carlos Espinosa Sanchez;PARTIDO DE LA UNIÓN POR LA GENTE - PARTIDO DE LA U;210
VENTAQUEMADA;Jairo Alexander Gomez Bohorquez;"MOVIMIENTO ALTERNATIVO INDÍGENA Y SOCIAL ""MAIS""";207
VENTAQUEMADA;Andrea Stefania Hernandez Cantor;PARTIDO DE LA UNIÓN POR LA GENTE - PARTIDO DE LA U;205
VENTAQUEMADA;Juan Jeisson Lopez Suarez;PARTIDO LIBERAL COLOMBIANO;203
VENTAQUEMADA;Adolfo Rivera Hernandez;AGRUPACIÓN POLÍTICA EN MARCHA;192
VENTAQUEMADA;Carlos Arturo Reina Bautista;AGRUPACIÓN POLÍTICA EN MARCHA;180
VENTAQUEMADA;Carlos Andres Torres Malagon;PARTIDO LIBERAL COLOMBIANO;176
VENTAQUEMADA;Edgar Alonso Moreno Veloza;PARTIDO CONSERVADOR COLOMBIANO;165
VENTAQUEMADA;Jose Esteban Gomez Reina;PARTIDO CONSERVADOR COLOMBIANO;159
VENTAQUEMADA;Jamerson Yesid Gomez Vargas;PARTIDO DE LA UNIÓN POR LA GENTE - PARTIDO DE LA U;151
VENTAQUEMADA;Raul Castro Casallas;"MOVIMIENTO ALTERNATIVO INDÍGENA Y SOCIAL ""MAIS""";136
VENTAQUEMADA;Anggy Ximena Castro Montaña;PARTIDO CONSERVADOR COLOMBIANO;135
VENTAQUEMADA;Luis Antonio Ruiz Castro;PARTIDO LIBERAL COLOMBIANO;125
VENTAQUEMADA;Karen Yineth Farfan Mancipe;"MOVIMIENTO ALTERNATIVO INDÍGENA Y SOCIAL ""MAIS""";124
VENTAQUEMADA;Faustino Gil Reina;PARTIDO LIBERAL COLOMBIANO;123
VENTAQUEMADA;Cesar Augusto Otalora Arevalo;PARTIDO CENTRO DEMOCRÁTICO;112
VENTAQUEMADA;Edisson Ferney Lopez Garay;MOVIMIENTO SALVACIÓN NACIONAL;106
VENTAQUEMADA;Yamile Moreno Muñoz;"MOVIMIENTO ALTERNATIVO INDÍGENA Y SOCIAL ""MAIS""";104
VENTAQUEMADA;Julio Cesar Garcia Aldana;PARTIDO LIBERAL COLOMBIANO;102
VENTAQUEMADA;Heinner David Lancheros Moreno;PARTIDO CONSERVADOR COLOMBIANO;99
VENTAQUEMADA;Juan Carlos Ruiz Vargas;MOVIMIENTO SALVACIÓN NACIONAL;98
VENTAQUEMADA;Jose Emigdio Garcia Novoa;AGRUPACIÓN POLÍTICA EN MARCHA;95
VENTAQUEMADA;Yasmin Soraya Moreno Velasquez;PARTIDO DE LA UNIÓN POR LA GENTE - PARTIDO DE LA U;95
VENTAQUEMADA;Yeison Adrian Bohorquez Cuervo;MOVIMIENTO SALVACIÓN NACIONAL;90
VENTAQUEMADA;Claudia Mariela Rubiano Ruiz;AGRUPACIÓN POLÍTICA EN MARCHA;89
VENTAQUEMADA;Paola Andrea Ruiz Daza;PARTIDO LIBERAL COLOMBIANO;83
VENTAQUEMADA;Emir Alfonso Rios Moreno;AGRUPACIÓN POLÍTICA EN MARCHA;79
VENTAQUEMADA;Israel Otalora Arevalo;PARTIDO LIBERAL COLOMBIANO;75
VENTAQUEMADA;Miguel Angel Ruiz Ruiz;PARTIDO ALIANZA VERDE;74
VENTAQUEMADA;Yenny Liliana Rodriguez Moreno;AGRUPACIÓN POLÍTICA EN MARCHA;74
VENTAQUEMADA;Nestor Fernando Mancipe Espinosa;"MOVIMIENTO ALTERNATIVO INDÍGENA Y SOCIAL ""MAIS""";72
VENTAQUEMADA;Miguel Angel Martinez Yara;"MOVIMIENTO ALTERNATIVO INDÍGENA Y SOCIAL ""MAIS""";70
VENTAQUEMADA;Sonia Teresa Garcia Porras;PARTIDO LIBERAL COLOMBIANO;69
VENTAQUEMADA;Jose Luis Vela;"PARTIDO ALIANZA SOCIAL INDEPENDIENTE ""ASI""";65
VENTAQUEMADA;William Alberto Rojas Saenz;PARTIDO CONSERVADOR COLOMBIANO;63
VENTAQUEMADA;Angi Zulena Medina Junco;AGRUPACIÓN POLÍTICA EN MARCHA;61
VENTAQUEMADA;Oscar Casallas Torres;AGRUPACIÓN POLÍTICA EN MARCHA;60
VENTAQUEMADA;Yuly Milena Mesa Briceño;PARTIDO DE LA UNIÓN POR LA GENTE - PARTIDO DE LA U;59
VENTAQUEMADA;Rubiela Mesa;MOVIMIENTO SALVACIÓN NACIONAL;57
VENTAQUEMADA;William Avendaño Juan De Dios;AGRUPACIÓN POLÍTICA EN MARCHA;56
VENTAQUEMADA;Alfonso Garcia Rios;"MOVIMIENTO ALTERNATIVO INDÍGENA Y SOCIAL ""MAIS""";55
VENTAQUEMADA;Alexander Huerfano Garcia;"PARTIDO ALIANZA SOCIAL INDEPENDIENTE ""ASI""";53
VENTAQUEMADA;Nancy Lorena Martinez Maldonado;PARTIDO LIBERAL COLOMBIANO;53
VENTAQUEMADA;Miguel Angel Duarte Vargas;PARTIDO ALIANZA VERDE;52
VENTAQUEMADA;Partido Conservador Colombiano;PARTIDO CONSERVADOR COLOMBIANO;51
VENTAQUEMADA;Blanca Cecilia Maldonado Muñoz;AGRUPACIÓN POLÍTICA EN MARCHA;50
VENTAQUEMADA;Trinidad Jimenez Ballares;"MOVIMIENTO ALTERNATIVO INDÍGENA Y SOCIAL ""MAIS""";48
VENTAQUEMADA;"Movimiento Alternativo Indígena Y Social ""Mais""";"MOVIMIENTO ALTERNATIVO INDÍGENA Y SOCIAL ""MAIS""";43
VENTAQUEMADA;Partido Alianza Verde;PARTIDO ALIANZA VERDE;43
VENTAQUEMADA;Partido De La Unión Por La Gente - Partido De La U;PARTIDO DE LA UNIÓN POR LA GENTE - PARTIDO DE LA U;43
VENTAQUEMADA;Partido Liberal Colombiano;PARTIDO LIBERAL COLOMBIANO;38
VENTAQUEMADA;Partido Centro Democrático;PARTIDO CENTRO DEMOCRÁTICO;36
VENTAQUEMADA;Wilson Garay Ruiz;AGRUPACIÓN POLÍTICA EN MARCHA;36
VENTAQUEMADA;Marta Lucila Tovar Vargas;PARTIDO CONSERVADOR COLOMBIANO;33
VENTAQUEMADA;Carlos Estiven Cortes;"MOVIMIENTO ALTERNATIVO INDÍGENA Y SOCIAL ""MAIS""";32
VENTAQUEMADA;Julio Lopez Ruiz;PARTIDO CONSERVADOR COLOMBIANO;31
VENTAQUEMADA;Independientes;INDEPENDIENTES;27
VENTAQUEMADA;Laura Lizeth Heredia Millan;PARTIDO CENTRO DEMOCRÁTICO;27
VENTAQUEMADA;Orlando Buitrago Reina;MOVIMIENTO SALVACIÓN NACIONAL;27
VENTAQUEMADA;Julian Santiago Espitia Medina;"PARTIDO ALIANZA SOCIAL INDEPENDIENTE ""ASI""";25
VENTAQUEMADA;Yecid Betancourt Briceño;PARTIDO CENTRO DEMOCRÁTICO;25
VENTAQUEMADA;Movimiento  Salvación Nacional;MOVIMIENTO SALVACIÓN NACIONAL;24
VENTAQUEMADA;Nubia Esperanza Rodriguez Rojas;PARTIDO DE LA UNIÓN POR LA GENTE - PARTIDO DE LA U;24
VENTAQUEMADA;Agrupación Política En Marcha;AGRUPACIÓN POLÍTICA EN MARCHA;22
VENTAQUEMADA;Jose Olimpo Moreno Rojas;"PARTIDO ALIANZA SOCIAL INDEPENDIENTE ""ASI""";22
VENTAQUEMADA;Nubia Jeannette Vargas Muñoz;PARTIDO CONSERVADOR COLOMBIANO;22
VENTAQUEMADA;Esperanza Ruiz Martinez;PARTIDO DE LA UNIÓN POR LA GENTE - PARTIDO DE LA U;19
VENTAQUEMADA;Julian Rodrigo Torres Sierra;"PARTIDO ALIANZA SOCIAL INDEPENDIENTE ""ASI""";19
VENTAQUEMADA;Luis Enrique Farfan Moreno;MOVIMIENTO SALVACIÓN NACIONAL;18
VENTAQUEMADA;Edison Ferney Mancipe Alvarado;MOVIMIENTO SALVACIÓN NACIONAL;16
VENTAQUEMADA;Blanca Lilia Pamplona Betancourt;"PARTIDO ALIANZA SOCIAL INDEPENDIENTE ""ASI""";14
VENTAQUEMADA;Katya Alexandra Gonzalez Barrios;"PARTIDO ALIANZA SOCIAL INDEPENDIENTE ""ASI""";14
VENTAQUEMADA;Juan Jose Rondon Rico;PARTIDO ALIANZA VERDE;11
VENTAQUEMADA;Luceidy Vanesa Reina Garcia;PARTIDO CENTRO DEMOCRÁTICO;10
VENTAQUEMADA;Yadith Sened Rodriguez Ayala;PARTIDO LIBERAL COLOMBIANO;9
VENTAQUEMADA;Martha Patricia Briceño Farfan;PARTIDO ALIANZA VERDE;8
VENTAQUEMADA;"Partido Alianza Social Independiente ""Asi""";"PARTIDO ALIANZA SOCIAL INDEPENDIENTE ""ASI""";8
VENTAQUEMADA;Elver Camilo Mora Soler;"PARTIDO ALIANZA SOCIAL INDEPENDIENTE ""ASI""";7
VENTAQUEMADA;Jimmy Alexander Aldana Molina;PARTIDO ALIANZA VERDE;7
VENTAQUEMADA;Jairo Antonio Parada Moreno;"PARTIDO ALIANZA SOCIAL INDEPENDIENTE ""ASI""";6
VENTAQUEMADA;Monica Maria Rios Moreno;PARTIDO ALIANZA VERDE;6
VENTAQUEMADA;Aura Maria Reyes Reina;PARTIDO ALIANZA VERDE;5
VENTAQUEMADA;Lida Isabel Garcia Reina;"PARTIDO ALIANZA SOCIAL INDEPENDIENTE ""ASI""";5
VENTAQUEMADA;Maria Fernanda Ruiz Ladino;"PARTIDO ALIANZA SOCIAL INDEPENDIENTE ""ASI""";5
VENTAQUEMADA;Marisol Lugo Urrego;PARTIDO CENTRO DEMOCRÁTICO;5
VENTAQUEMADA;Mileidy Yurany Patiño Caballero;PARTIDO ALIANZA VERDE;5
VENTAQUEMADA;Yeymy Angelica Casallas Melo;MOVIMIENTO SALVACIÓN NACIONAL;5
VENTAQUEMADA;Derly Yarithza Farfan Moreno;MOVIMIENTO SALVACIÓN NACIONAL;2
VILLA DE LEIVA;Rodrigo Delgado Hernandez;PARTIDO LIBERAL COLOMBIANO;554
VILLA DE LEIVA;Asdruval Sotelo Cortes;PARTIDO LIBERAL COLOMBIANO;525
VILLA DE LEIVA;Javier Alexis Munevar Torres;PARTIDO LIBERAL COLOMBIANO;480
VILLA DE LEIVA;Gustavo Adolfo Lopez Rodriguez;"PARTIDO ALIANZA SOCIAL INDEPENDIENTE ""ASI""";405
VILLA DE LEIVA;Juan David Bermudez Vergara;PARTIDO CENTRO DEMOCRÁTICO;368
VILLA DE LEIVA;Andrea Katerine Pimiento Zuñiga;PRESENTES POR UN FUTURO SEGURO;339
VILLA DE LEIVA;Maria Monica Espitia Cortes;PARTIDO LIBERAL COLOMBIANO;325
VILLA DE LEIVA;Fredy Alexander Martinez Munevar;PRESENTES POR UN FUTURO SEGURO;314
VILLA DE LEIVA;David Alejandro Murcia Igua;PRESENTES POR UN FUTURO SEGURO;291
VILLA DE LEIVA;Oscar Guerrero Lopez;PARTIDO CAMBIO RADICAL;272
VILLA DE LEIVA;Luis Fernando Quintero Munevar;PARTIDO LIBERAL COLOMBIANO;262
VILLA DE LEIVA;Daniel Santiago Hernandez Suarez;PARTIDO LIBERAL COLOMBIANO;249
VILLA DE LEIVA;Maria Teresa Reina Forero;PACTO HISTORICO;249
VILLA DE LEIVA;Nestor Fabio Torres Cubides;PARTIDO LIBERAL COLOMBIANO;243
VILLA DE LEIVA;Camilo Gonzalez Huerfano;PRESENTES POR UN FUTURO SEGURO;199
VILLA DE LEIVA;Saul Enrique Saenz;PRESENTES POR UN FUTURO SEGURO;196
VILLA DE LEIVA;Azael Bastidas Roa;PARTIDO CAMBIO RADICAL;169
VILLA DE LEIVA;Edgar Gerardo Beltran Casallas;"PARTIDO ALIANZA SOCIAL INDEPENDIENTE ""ASI""";168
VILLA DE LEIVA;Alfonso Latorre Torres;PARTIDO CENTRO DEMOCRÁTICO;161
VILLA DE LEIVA;Carlos Alexis Martinez Santana;MOVIMIENTO SALVACIÓN NACIONAL;155
VILLA DE LEIVA;Carlos Eduardo Borras Buitrago;"PARTIDO ALIANZA SOCIAL INDEPENDIENTE ""ASI""";151
VILLA DE LEIVA;Pablo Alejandro Sanchez Mora;PACTO HISTORICO;145
VILLA DE LEIVA;Carolina Sanchez Collins;PARTIDO DE LA U-PARTIDO MIRA;130
VILLA DE LEIVA;Alexander Cortes Supelano;PARTIDO CENTRO DEMOCRÁTICO;128
VILLA DE LEIVA;Carlos Edilson Huerfano Lopez;PRESENTES POR UN FUTURO SEGURO;124
VILLA DE LEIVA;Dayne Rubiela Camacho Umba;"PARTIDO ALIANZA SOCIAL INDEPENDIENTE ""ASI""";100
VILLA DE LEIVA;Joaquin Eduardo Rico Piza;PACTO HISTORICO;95
VILLA DE LEIVA;John Riquelme Cortes Cortes;PARTIDO CAMBIO RADICAL;95
VILLA DE LEIVA;Jose Danilo Aguazaco Castillo;PARTIDO NUEVO LIBERALISMO;94
VILLA DE LEIVA;Partido Liberal Colombiano;PARTIDO LIBERAL COLOMBIANO;89
VILLA DE LEIVA;Cesar Eduardo Jerez Rico;PARTIDO CAMBIO RADICAL;84
VILLA DE LEIVA;Claudia Esperanza Parra Saenz;"PARTIDO ALIANZA SOCIAL INDEPENDIENTE ""ASI""";70
VILLA DE LEIVA;Monica Tatiana Martinez Jauregui;PACTO HISTORICO;67
VILLA DE LEIVA;Jose Vicente Aguasaco Castillo;PARTIDO LIBERAL COLOMBIANO;66
VILLA DE LEIVA;Maria Fernanda Navas Perez;PARTIDO DE LA U-PARTIDO MIRA;66
VILLA DE LEIVA;Camilo Andres Munevar Poveda;PARTIDO NUEVO LIBERALISMO;60
VILLA DE LEIVA;Pacto Historico;PACTO HISTORICO;60
VILLA DE LEIVA;Marcela Millan Aleman;PARTIDO DE LA U-PARTIDO MIRA;59
VILLA DE LEIVA;Partido Centro Democrático;PARTIDO CENTRO DEMOCRÁTICO;59
VILLA DE LEIVA;Rito Armando Saavedra Niño;MOVIMIENTO SALVACIÓN NACIONAL;59
VILLA DE LEIVA;Marco Antonio Saenz Huerfano;MOVIMIENTO SALVACIÓN NACIONAL;57
VILLA DE LEIVA;Carlos Julian Tovar Ramirez;"PARTIDO ALIANZA SOCIAL INDEPENDIENTE ""ASI""";56
VILLA DE LEIVA;Sebastian Vivas Casallas;PARTIDO CAMBIO RADICAL;53
VILLA DE LEIVA;Yenny Lozano Garcia;PARTIDO NUEVO LIBERALISMO;53
VILLA DE LEIVA;Amalia Bautista Espitia;"PARTIDO ALIANZA SOCIAL INDEPENDIENTE ""ASI""";52
VILLA DE LEIVA;Presentes Por Un Futuro Seguro;PRESENTES POR UN FUTURO SEGURO;50
VILLA DE LEIVA;Nelson Yoani Pereira Rojas;PARTIDO DE LA U-PARTIDO MIRA;46
VILLA DE LEIVA;Ruth Dalila Franco Huerfano;PARTIDO LIBERAL COLOMBIANO;46
VILLA DE LEIVA;Alba Lucero Tellez Peña;PARTIDO CAMBIO RADICAL;44
VILLA DE LEIVA;Diego Nicolas Rojas Vargas;PRESENTES POR UN FUTURO SEGURO;43
VILLA DE LEIVA;Gladys Sepulveda Galeano;PARTIDO LIBERAL COLOMBIANO;41
VILLA DE LEIVA;Cesar Augusto Reyes Fino;PARTIDO CAMBIO RADICAL;40
VILLA DE LEIVA;Pablo Alexander Luis Pineda;PARTIDO DE LA U-PARTIDO MIRA;40
VILLA DE LEIVA;Partido Nuevo Liberalismo;PARTIDO NUEVO LIBERALISMO;39
VILLA DE LEIVA;Luvian Fernando Sierra Garcia;MOVIMIENTO SALVACIÓN NACIONAL;38
VILLA DE LEIVA;William Adolfo Castellanos Pachon;PARTIDO NUEVO LIBERALISMO;35
VILLA DE LEIVA;Julian Alberto Hernandez Fuentes;MOVIMIENTO SALVACIÓN NACIONAL;34
VILLA DE LEIVA;Luis Antonio Munevar Munevar;PARTIDO DE LA U-PARTIDO MIRA;34
VILLA DE LEIVA;Omar Daniel Gonzalez Lopez;PRESENTES POR UN FUTURO SEGURO;33
VILLA DE LEIVA;Bruno Gerardo Rodriguez Giraldo;"PARTIDO ALIANZA SOCIAL INDEPENDIENTE ""ASI""";32
VILLA DE LEIVA;Andres Felipe Rojas Rayo;PARTIDO NUEVO LIBERALISMO;31
VILLA DE LEIVA;Ingrith Tatiana Peña Rojas;PRESENTES POR UN FUTURO SEGURO;29
VILLA DE LEIVA;Laura Tatiana Jutinico Parra;PARTIDO NUEVO LIBERALISMO;29
VILLA DE LEIVA;Martha Liliana Hernandez Marin;PARTIDO CENTRO DEMOCRÁTICO;29
VILLA DE LEIVA;Laura Tatiana Rojas Espitia;PRESENTES POR UN FUTURO SEGURO;28
VILLA DE LEIVA;Andres Felipe Aponte Sanchez;MOVIMIENTO SALVACIÓN NACIONAL;27
VILLA DE LEIVA;Tulio Hernan Pizano Arroyave;MOVIMIENTO SALVACIÓN NACIONAL;27
VILLA DE LEIVA;Partido Cambio Radical;PARTIDO CAMBIO RADICAL;24
VILLA DE LEIVA;Partido De La U-Partido Mira;PARTIDO DE LA U-PARTIDO MIRA;24
VILLA DE LEIVA;Juan David Gonzalez Cuadrado;PARTIDO DE LA U-PARTIDO MIRA;23
VILLA DE LEIVA;Maria Fernanda Corredor Rubio;PARTIDO LIBERAL COLOMBIANO;23
VILLA DE LEIVA;Ceydi Tatiana Florez Buitrago;PARTIDO CAMBIO RADICAL;19
VILLA DE LEIVA;"Partido Alianza Social Independiente ""Asi""";"PARTIDO ALIANZA SOCIAL INDEPENDIENTE ""ASI""";19
VILLA DE LEIVA;Luis Alberto Moreno Sierra;PARTIDO DE LA U-PARTIDO MIRA;18
VILLA DE LEIVA;John Camilo Torres Torres;PARTIDO DE LA U-PARTIDO MIRA;17
VILLA DE LEIVA;Juan Pablo Navarrete Duran;PARTIDO CENTRO DEMOCRÁTICO;17
VILLA DE LEIVA;Luz Nauceyi Mora Arevalo;MOVIMIENTO SALVACIÓN NACIONAL;17
VILLA DE LEIVA;Stefania Amador Garcia;PARTIDO NUEVO LIBERALISMO;17
VILLA DE LEIVA;Maria Patricia Saenz Soler;PRESENTES POR UN FUTURO SEGURO;16
VILLA DE LEIVA;Astrid Dayann Reyes Rodriguez;PARTIDO CAMBIO RADICAL;15
VILLA DE LEIVA;Jairo Hernando Guevara Patiño;PARTIDO CAMBIO RADICAL;15
VILLA DE LEIVA;Luz Stella Amaya Saenz;"PARTIDO ALIANZA SOCIAL INDEPENDIENTE ""ASI""";15
VILLA DE LEIVA;Movimiento  Salvación Nacional;MOVIMIENTO SALVACIÓN NACIONAL;15
VILLA DE LEIVA;Jose Hernando Rodriguez Quiroga;PARTIDO NUEVO LIBERALISMO;14
VILLA DE LEIVA;Luz Edith Espitia Ropero;PARTIDO CENTRO DEMOCRÁTICO;13
VILLA DE LEIVA;Santiago Mateo Medina Lievano;PARTIDO CENTRO DEMOCRÁTICO;13
VILLA DE LEIVA;Nancy Fandiño Quevedo;PARTIDO CENTRO DEMOCRÁTICO;12
VILLA DE LEIVA;Luisa Arreaza Gempeler;PARTIDO NUEVO LIBERALISMO;11
VILLA DE LEIVA;Shirley Steffany Buitrago Guzman;PARTIDO CENTRO DEMOCRÁTICO;11
VILLA DE LEIVA;Camilo Andres Cardenas Cardenas;"PARTIDO ALIANZA SOCIAL INDEPENDIENTE ""ASI""";10
VILLA DE LEIVA;Eduardo Lozano Cuellar;PARTIDO CENTRO DEMOCRÁTICO;10
VILLA DE LEIVA;Diana Rocio Rubio Herrera;PARTIDO DE LA U-PARTIDO MIRA;9
VILLA DE LEIVA;Jorge Eliecer Alvarado Neira;PARTIDO DE LA U-PARTIDO MIRA;9
VILLA DE LEIVA;Karen Eliana Montañez Bautista;PARTIDO CENTRO DEMOCRÁTICO;9
VILLA DE LEIVA;Ana Magdalena Sanchez Saenz;MOVIMIENTO SALVACIÓN NACIONAL;7
VILLA DE LEIVA;Ana Maria Pabon Ayala;MOVIMIENTO SALVACIÓN NACIONAL;7
VILLA DE LEIVA;Jose Nairo Amado Suarez;"PARTIDO ALIANZA SOCIAL INDEPENDIENTE ""ASI""";7
VILLA DE LEIVA;Katherin Angelica Rivera Millan;MOVIMIENTO SALVACIÓN NACIONAL;4
VILLA DE LEIVA;Maria Camila Martinez Umaña;PARTIDO CAMBIO RADICAL;2
VIRACACHA;Edilsa Yohana Puin Camacho;PARTIDO CONSERVADOR COLOMBIANO;282
VIRACACHA;Jose Antonio Galindo Velasco;PARTIDO CONSERVADOR COLOMBIANO;200
VIRACACHA;Laura Ximena Torres Montaña;PARTIDO ALIANZA VERDE;172
VIRACACHA;Jose Albeiro Caro Muñoz;PARTIDO ALIANZA VERDE;125
VIRACACHA;Hildebrando Bernal Rodriguez;PARTIDO CONSERVADOR COLOMBIANO;117
VIRACACHA;Hugo Plinio Guerra Galindo;PARTIDO CONSERVADOR COLOMBIANO;110
VIRACACHA;Ana Mercedes Pedraza Arias;PARTIDO CONSERVADOR COLOMBIANO;94
VIRACACHA;Pablo Antonio Arias Pineda;PARTIDO ALIANZA VERDE;94
VIRACACHA;Diana Elizeth Paez Jimenez;PARTIDO ALIANZA VERDE;93
VIRACACHA;Jose Constantino Velasco Lopez;PARTIDO ALIANZA VERDE;92
VIRACACHA;Margarita Del Carmen Fonseca Rojas;PARTIDO ALIANZA VERDE;81
VIRACACHA;Cesar Orlando Avila Vargas;PARTIDO ALIANZA VERDE;77
VIRACACHA;Segundo Rosendo Leguizamon Caro;PARTIDO CENTRO DEMOCRÁTICO;71
VIRACACHA;Sixta Elena Galindo Galindo;PARTIDO CONSERVADOR COLOMBIANO;70
VIRACACHA;Milton Javier Puin Rodriguez;PARTIDO CONSERVADOR COLOMBIANO;65
VIRACACHA;Carolina Perez Lopez;PARTIDO CENTRO DEMOCRÁTICO;36
VIRACACHA;Partido Alianza Verde;PARTIDO ALIANZA VERDE;24
VIRACACHA;Partido Conservador Colombiano;PARTIDO CONSERVADOR COLOMBIANO;22
VIRACACHA;Blanca Nelly Velasco Rubio;PARTIDO CENTRO DEMOCRÁTICO;17
VIRACACHA;Blanca Cecilia Vargas Parra;PARTIDO CENTRO DEMOCRÁTICO;16
VIRACACHA;Jose Julian Avila Parada;PARTIDO CENTRO DEMOCRÁTICO;13
VIRACACHA;Partido Centro Democrático;PARTIDO CENTRO DEMOCRÁTICO;11
ZETAQUIRA;Jose Julio Parra Romero;"MOVIMIENTO ALTERNATIVO INDÍGENA Y SOCIAL ""MAIS""";307
ZETAQUIRA;Milton Alberto Morales Arias;PARTIDO ALIANZA VERDE;276
ZETAQUIRA;Edwin Danilo Zorro Camargo;PARTIDO ALIANZA VERDE;231
ZETAQUIRA;Fabian Andres Martinez Pulido;PARTIDO ALIANZA VERDE;226
ZETAQUIRA;Jaime Eulises Romero Jimenez;"MOVIMIENTO ALTERNATIVO INDÍGENA Y SOCIAL ""MAIS""";224
ZETAQUIRA;Jeison Alberto Ramirez Sanchez;PARTIDO DE LA UNIÓN POR LA GENTE - PARTIDO DE LA U;183
ZETAQUIRA;Lizeth Dayana Bonilla Rojas;"MOVIMIENTO ALTERNATIVO INDÍGENA Y SOCIAL ""MAIS""";177
ZETAQUIRA;Yeimy Tatiana Soler Marin;PARTIDO CONSERVADOR COLOMBIANO;152
ZETAQUIRA;Yuliet Cristina Bernal Vargas;PARTIDO ALIANZA VERDE;152
ZETAQUIRA;Jose Victor Hugo Romero Torres;PARTIDO DE LA UNIÓN POR LA GENTE - PARTIDO DE LA U;144
ZETAQUIRA;Justo Yessith Vanegas Talero;PARTIDO LIBERAL COLOMBIANO;139
ZETAQUIRA;William Humberto Alvarez Paez;PARTIDO DE LA UNIÓN POR LA GENTE - PARTIDO DE LA U;139
ZETAQUIRA;Jhon Alexander Gomez Tabares;PARTIDO ALIANZA VERDE;129
ZETAQUIRA;Cesar Armando Gutierrez Leon;PARTIDO LIBERAL COLOMBIANO;127
ZETAQUIRA;Luis Antonio Reyes Romero;PARTIDO CONSERVADOR COLOMBIANO;114
ZETAQUIRA;Luis Gonzalo Campos Parra;PARTIDO LIBERAL COLOMBIANO;114
ZETAQUIRA;Ramiro Vargas Martinez;"MOVIMIENTO ALTERNATIVO INDÍGENA Y SOCIAL ""MAIS""";110
ZETAQUIRA;Flor Marina Castro Morales;PARTIDO ALIANZA VERDE;102
ZETAQUIRA;Juan David Camargo Fonseca;PARTIDO CONSERVADOR COLOMBIANO;69
ZETAQUIRA;Alex Giovanni Morales Mendoza;PARTIDO DE LA UNIÓN POR LA GENTE - PARTIDO DE LA U;56
ZETAQUIRA;Adriana Marleny Garnica Cano;PARTIDO ALIANZA VERDE;55
ZETAQUIRA;Beyer Orlando Rojas Parra;PARTIDO DE LA UNIÓN POR LA GENTE - PARTIDO DE LA U;51
ZETAQUIRA;Nelson Felipe Soler Rios;PARTIDO DE LA UNIÓN POR LA GENTE - PARTIDO DE LA U;49
ZETAQUIRA;Hugo Aurelio Mendieta Avila;PARTIDO CONSERVADOR COLOMBIANO;30
ZETAQUIRA;Nancy Julieta Chaparro Ruiz;"MOVIMIENTO ALTERNATIVO INDÍGENA Y SOCIAL ""MAIS""";26
ZETAQUIRA;Gustavo Alonso Ruiz Aragon;PARTIDO CONSERVADOR COLOMBIANO;19
ZETAQUIRA;Partido Alianza Verde;PARTIDO ALIANZA VERDE;19
ZETAQUIRA;Efrain Patarroyo Patarroyo;"MOVIMIENTO ALTERNATIVO INDÍGENA Y SOCIAL ""MAIS""";18
ZETAQUIRA;Jose Del Carmen Soler Parra;PARTIDO LIBERAL COLOMBIANO;18
ZETAQUIRA;Jose Tobias Castelblanco Sosa;PARTIDO LIBERAL COLOMBIANO;16
ZETAQUIRA;Dioselin Alberto Muñoz Vargas;PARTIDO LIBERAL COLOMBIANO;12
ZETAQUIRA;Partido Liberal Colombiano;PARTIDO LIBERAL COLOMBIANO;10
ZETAQUIRA;Blanca Cecilia Salinas Castelblanco;PARTIDO CONSERVADOR COLOMBIANO;9
ZETAQUIRA;"Movimiento Alternativo Indígena Y Social ""Mais""";"MOVIMIENTO ALTERNATIVO INDÍGENA Y SOCIAL ""MAIS""";7
ZETAQUIRA;Diana Milena Galindo Jimenez;PARTIDO LIBERAL COLOMBIANO;6
ZETAQUIRA;Luz Stella Mesa Mesa;PARTIDO LIBERAL COLOMBIANO;5
ZETAQUIRA;Karol Thatiana Moreno Coronel;PARTIDO CONSERVADOR COLOMBIANO;4
ZETAQUIRA;Nubia Fidela Guerrero Parra;PARTIDO ALIANZA VERDE;4
ZETAQUIRA;Partido Conservador Colombiano;PARTIDO CONSERVADOR COLOMBIANO;3
ZETAQUIRA;Partido De La Unión Por La Gente - Partido De La U;PARTIDO DE LA UNIÓN POR LA GENTE - PARTIDO DE LA U;3
ZETAQUIRA;Laura Dayana Parra Daza;PARTIDO LIBERAL COLOMBIANO;2
ZETAQUIRA;Maria Cristina Borda Diaz;PARTIDO DE LA UNIÓN POR LA GENTE - PARTIDO DE LA U;1
ZETAQUIRA;Nubia Mercedes Umbarila Herrera;PARTIDO DE LA UNIÓN POR LA GENTE - PARTIDO DE LA U;1
ZETAQUIRA;Vivian Lorena Ramirez Arias;PARTIDO DE LA UNIÓN POR LA GENTE - PARTIDO DE LA U;1
