MUNNOMBRE;CANNOMBRE;PARNOMBRE;VOTOS
ALMEIDA;Juan Carlos Sanchez Lesmes;PARTIDO ALIANZA VERDE;123
ALMEIDA;Fraiver Hernando Calderon Perilla;PARTIDO SOCIAL DE UNIDAD NACIONAL  PARTIDO DE LA U;97
ALMEIDA;Yuli Andrea Sanchez Romero;PARTIDO CAMBIO RADICAL;79
ALMEIDA;Victor Manuel Sanchez Lopez;PARTIDO CENTRO DEMOCRATICO;68
ALMEIDA;Fredy Alexander Morales Toloza;PARTIDO ALIANZA SOCIAL INDEPENDIENTE ASI;65
ALMEIDA;Angel Fabian Garcia Bohorquez;PARTIDO ALIANZA VERDE;57
ALMEIDA;Willintong Rafael Ruiz Franco;PARTIDO CAMBIO RADICAL;57
ALMEIDA;Alba Ines Sanchez Alfonso;PARTIDO CENTRO DEMOCRATICO;54
ALMEIDA;Jairo Eliecer Gonzalez Algarra;PARTIDO SOCIAL DE UNIDAD NACIONAL  PARTIDO DE LA U;54
ALMEIDA;Martha Isabel Roa Vaca;PARTIDO SOCIAL DE UNIDAD NACIONAL  PARTIDO DE LA U;49
ALMEIDA;Jeison Stid Lesmes Montenegro;PARTIDO LIBERAL COLOMBIANO;48
ALMEIDA;Julio Crisanto Vargas;PARTIDO CAMBIO RADICAL;43
ALMEIDA;Luis Alberto Morales Montenegro;PARTIDO CAMBIO RADICAL;42
ALMEIDA;Ana Leonila Vallejo Calderon;PARTIDO CENTRO DEMOCRATICO;37
ALMEIDA;Nury Stella Daza Castañeda;PARTIDO SOCIAL DE UNIDAD NACIONAL  PARTIDO DE LA U;33
ALMEIDA;Wilson Henry Daza Vaca;PARTIDO CAMBIO RADICAL;32
ALMEIDA;Hermelindo Gutierrez Buitrago;PARTIDO LIBERAL COLOMBIANO;30
ALMEIDA;Hector Julio Tibocha Fonseca;PARTIDO CENTRO DEMOCRATICO;28
ALMEIDA;Jose Anibal Dueñas Martin;PARTIDO SOCIAL DE UNIDAD NACIONAL  PARTIDO DE LA U;28
ALMEIDA;Victor Manuel Romero Romero;PARTIDO CENTRO DEMOCRATICO;26
ALMEIDA;Gloria Nelsy Salinas Celis;PARTIDO CENTRO DEMOCRATICO;25
ALMEIDA;Wiliam Javier Gutierrez Daza;PARTIDO ALIANZA SOCIAL INDEPENDIENTE ASI;25
ALMEIDA;Yenny Carolina Chivata Sanchez;PARTIDO CENTRO DEMOCRATICO;22
ALMEIDA;Jorge Oriol Barreto Gonzalez;PARTIDO ALIANZA VERDE;21
ALMEIDA;Maria Elisabeth Martinez Alfonso;PARTIDO CAMBIO RADICAL;21
ALMEIDA;Partido Cambio Radical;PARTIDO CAMBIO RADICAL;19
ALMEIDA;Pedro Jose Gutierrez Sanchez;PARTIDO CONSERVADOR COLOMBIANO;19
ALMEIDA;Emma Omaira Daza Calderon;PARTIDO CAMBIO RADICAL;17
ALMEIDA;Deison Yamid Avila Holguin;PARTIDO ALIANZA VERDE;16
ALMEIDA;Juan Ramon Daza Castañeda;PARTIDO SOCIAL DE UNIDAD NACIONAL  PARTIDO DE LA U;16
ALMEIDA;Maria Del Carmen Sanchez Alfonso;PARTIDO ALIANZA VERDE;13
ALMEIDA;Partido Alianza Verde;PARTIDO ALIANZA VERDE;10
ALMEIDA;Partido Social De Unidad Nacional  Partido De La U;PARTIDO SOCIAL DE UNIDAD NACIONAL  PARTIDO DE LA U;9
ALMEIDA;Alba Zoraida Sanchez Lopez;PARTIDO CONSERVADOR COLOMBIANO;8
ALMEIDA;Ana Zenaida Romero Bohorquez;PARTIDO CONSERVADOR COLOMBIANO;8
ALMEIDA;Jose Abraham Moreno Ruiz;PARTIDO ALIANZA SOCIAL INDEPENDIENTE ASI;8
ALMEIDA;Partido Centro Democratico;PARTIDO CENTRO DEMOCRATICO;8
ALMEIDA;Gabriel Von-Walter Rodriguez;PARTIDO ALIANZA SOCIAL INDEPENDIENTE ASI;7
ALMEIDA;Melba Maria Chivata Lopez;PARTIDO SOCIAL DE UNIDAD NACIONAL  PARTIDO DE LA U;5
ALMEIDA;Edwar Yovany Rubiano Gutierrez;PARTIDO CONSERVADOR COLOMBIANO;4
ALMEIDA;Partido Alianza Social Independiente Asi;PARTIDO ALIANZA SOCIAL INDEPENDIENTE ASI;4
ALMEIDA;Partido Liberal Colombiano;PARTIDO LIBERAL COLOMBIANO;4
ALMEIDA;Ana Paulina Lopez Sanchez;PARTIDO ALIANZA VERDE;3
ALMEIDA;Claudia Margarita Chivata;PARTIDO ALIANZA SOCIAL INDEPENDIENTE ASI;3
ALMEIDA;Francy Rudt Leon Hernandez;PARTIDO CONSERVADOR COLOMBIANO;3
ALMEIDA;Partido Conservador Colombiano;PARTIDO CONSERVADOR COLOMBIANO;3
ALMEIDA;Blanca Mireya Bernal Martinez;PARTIDO LIBERAL COLOMBIANO;2
ALMEIDA;Laura Viviana Gutierrez Useche;PARTIDO ALIANZA SOCIAL INDEPENDIENTE ASI;1
AQUITANIA PUEBLOVIEJO;Omar Alberto Alarcon Avila;PARTIDO ALIANZA VERDE;453
AQUITANIA PUEBLOVIEJO;Ricardo Alfonso Vargas Cardozo;PARTIDO ALIANZA VERDE;373
AQUITANIA PUEBLOVIEJO;Jhon Fernando Sotaquira Chaparro;SOMOS EL CAMBIO;340
AQUITANIA PUEBLOVIEJO;Hector Fernando Quezada Quezada;PARTIDO ALIANZA SOCIAL INDEPENDIENTE ASI;332
AQUITANIA PUEBLOVIEJO;Clelia Alarcon Lemus;PARTIDO CONSERVADOR COLOMBIANO;325
AQUITANIA PUEBLOVIEJO;Omar Alberto Mesa Mesa;PARTIDO CONSERVADOR COLOMBIANO;305
AQUITANIA PUEBLOVIEJO;Ronal Gutierrez Gutierrez;PARTIDO CENTRO DEMOCRATICO;245
AQUITANIA PUEBLOVIEJO;Juan Manuel Santos Chaparro;SOMOS EL CAMBIO;240
AQUITANIA PUEBLOVIEJO;Albeiro Armando Cepeda Cepeda;PARTIDO SOCIAL DE UNIDAD NACIONAL  PARTIDO DE LA U;238
AQUITANIA PUEBLOVIEJO;Fabio Hernando Santos Vargas;SOMOS EL CAMBIO;229
AQUITANIA PUEBLOVIEJO;Luis Fernando Gomez Gomez;PARTIDO SOCIAL DE UNIDAD NACIONAL  PARTIDO DE LA U;199
AQUITANIA PUEBLOVIEJO;Yimmy Arley Diaz Acevedo;SOMOS EL CAMBIO;185
AQUITANIA PUEBLOVIEJO;Jose Luis Becerra;PARTIDO ALIANZA SOCIAL INDEPENDIENTE ASI;184
AQUITANIA PUEBLOVIEJO;Milton Armando Gutierrez Lemus;MOVIMIENTO ALTERNATIVO INDIGENA Y SOCIAL MAIS;183
AQUITANIA PUEBLOVIEJO;Crispolo German Montaña Montaña;PARTIDO SOCIAL DE UNIDAD NACIONAL  PARTIDO DE LA U;181
AQUITANIA PUEBLOVIEJO;Milton Gabriel Vargas Orduz;PARTIDO CONSERVADOR COLOMBIANO;172
AQUITANIA PUEBLOVIEJO;Fabio Orlando Cepeda Aguirre;PARTIDO CONSERVADOR COLOMBIANO;166
AQUITANIA PUEBLOVIEJO;Cosme Emiro Barrera Rodriguez;PARTIDO ALIANZA VERDE;165
AQUITANIA PUEBLOVIEJO;Brian Andres Guanumen Nossa;SOMOS EL CAMBIO;164
AQUITANIA PUEBLOVIEJO;Jency Ricardo Perez Perez;PARTIDO ALIANZA SOCIAL INDEPENDIENTE ASI;164
AQUITANIA PUEBLOVIEJO;Maria Isabel Ramirez;PARTIDO CONSERVADOR COLOMBIANO;154
AQUITANIA PUEBLOVIEJO;Blanca Omaira Rosas Rodriguez;PARTIDO ALIANZA VERDE;151
AQUITANIA PUEBLOVIEJO;Pablo Antonio Rincon Becerra;PARTIDO CAMBIO RADICAL;145
AQUITANIA PUEBLOVIEJO;Diego Santos Pedraza;PARTIDO ALIANZA SOCIAL INDEPENDIENTE ASI;143
AQUITANIA PUEBLOVIEJO;Kimo Alexander Perez Vargas;PARTIDO CAMBIO RADICAL;128
AQUITANIA PUEBLOVIEJO;Milton Arvey Perez Montaña;PARTIDO ALIANZA VERDE;128
AQUITANIA PUEBLOVIEJO;Edgar Orlando Plazas Mesa;PARTIDO CAMBIO RADICAL;122
AQUITANIA PUEBLOVIEJO;Victor Fabian Contreras Mesa;PARTIDO CONSERVADOR COLOMBIANO;122
AQUITANIA PUEBLOVIEJO;Olman Hernando Santos Cadena;PARTIDO SOCIAL DE UNIDAD NACIONAL  PARTIDO DE LA U;114
AQUITANIA PUEBLOVIEJO;Cesar Augusto Moreno Pesca;PARTIDO CONSERVADOR COLOMBIANO;105
AQUITANIA PUEBLOVIEJO;Ferney Perez Chaparro;PARTIDO ALIANZA VERDE;99
AQUITANIA PUEBLOVIEJO;Willian Jordan Jimenez Perez;PARTIDO SOCIAL DE UNIDAD NACIONAL  PARTIDO DE LA U;95
AQUITANIA PUEBLOVIEJO;Partido Conservador Colombiano;PARTIDO CONSERVADOR COLOMBIANO;94
AQUITANIA PUEBLOVIEJO;Diego Ricardo Espinel Cepeda;PARTIDO ALIANZA SOCIAL INDEPENDIENTE ASI;93
AQUITANIA PUEBLOVIEJO;Mathiun Emilio Prieto Rojas;SOMOS EL CAMBIO;85
AQUITANIA PUEBLOVIEJO;Edwin Antonio Mogollon Montaña;MOVIMIENTO ALTERNATIVO INDIGENA Y SOCIAL MAIS;73
AQUITANIA PUEBLOVIEJO;Leila Patricia Piragauta Rodriguez;PARTIDO CAMBIO RADICAL;73
AQUITANIA PUEBLOVIEJO;Fabian Andres Ramirez Perez;PARTIDO CENTRO DEMOCRATICO;67
AQUITANIA PUEBLOVIEJO;Luis Rolando Patarroyo Ramirez;PARTIDO CAMBIO RADICAL;67
AQUITANIA PUEBLOVIEJO;Luis Norberto Perez Preciado;PARTIDO CENTRO DEMOCRATICO;66
AQUITANIA PUEBLOVIEJO;Partido Alianza Verde;PARTIDO ALIANZA VERDE;66
AQUITANIA PUEBLOVIEJO;Marco Isaac Pesca Contreras;PARTIDO CONSERVADOR COLOMBIANO;65
AQUITANIA PUEBLOVIEJO;Marcos Fernando Montaña Chaparro;PARTIDO CENTRO DEMOCRATICO;64
AQUITANIA PUEBLOVIEJO;Alba Johana Mesa Garcia;SOMOS EL CAMBIO;59
AQUITANIA PUEBLOVIEJO;Nairo Ernesto Martinez Moreno;PARTIDO CAMBIO RADICAL;59
AQUITANIA PUEBLOVIEJO;Maria Patricia Cardozo Chaparro;PARTIDO ALIANZA VERDE;55
AQUITANIA PUEBLOVIEJO;Lucila Barrera De Chaparro;PARTIDO ALIANZA SOCIAL INDEPENDIENTE ASI;54
AQUITANIA PUEBLOVIEJO;Josue Vargas Montaña;PARTIDO CAMBIO RADICAL;53
AQUITANIA PUEBLOVIEJO;Erasmo De Jesus Diaz Santos;PARTIDO ALIANZA SOCIAL INDEPENDIENTE ASI;48
AQUITANIA PUEBLOVIEJO;Luis Humberto Lemus Chaparro;PARTIDO ALIANZA SOCIAL INDEPENDIENTE ASI;48
AQUITANIA PUEBLOVIEJO;Olga Yasmin Lopez Tejedor;MOVIMIENTO ALTERNATIVO INDIGENA Y SOCIAL MAIS;48
AQUITANIA PUEBLOVIEJO;Somos El Cambio;SOMOS EL CAMBIO;48
AQUITANIA PUEBLOVIEJO;Mauricio Caceres Fonseca;MOVIMIENTO ALTERNATIVO INDIGENA Y SOCIAL MAIS;47
AQUITANIA PUEBLOVIEJO;Yuber Fernando Piragauta Montaña;PARTIDO SOCIAL DE UNIDAD NACIONAL  PARTIDO DE LA U;45
AQUITANIA PUEBLOVIEJO;Omar Fernando Martinez Vargas;MOVIMIENTO ALTERNATIVO INDIGENA Y SOCIAL MAIS;42
AQUITANIA PUEBLOVIEJO;Partido Social De Unidad Nacional  Partido De La U;PARTIDO SOCIAL DE UNIDAD NACIONAL  PARTIDO DE LA U;42
AQUITANIA PUEBLOVIEJO;Angie Lorena Cepeda Mesa;PARTIDO CENTRO DEMOCRATICO;38
AQUITANIA PUEBLOVIEJO;Nelson Uriel Ayala Perez;PARTIDO ALIANZA VERDE;38
AQUITANIA PUEBLOVIEJO;Segundo Antonio Rico Mesa;PARTIDO CONSERVADOR COLOMBIANO;38
AQUITANIA PUEBLOVIEJO;Diana Patricia Preciado Piragauta;PARTIDO CAMBIO RADICAL;37
AQUITANIA PUEBLOVIEJO;Jhon Jairo Alvarez Pedraza;PARTIDO CAMBIO RADICAL;37
AQUITANIA PUEBLOVIEJO;Orlando Mesa Mesa;PARTIDO POLITICO  MIRA;35
AQUITANIA PUEBLOVIEJO;Partido Centro Democratico;PARTIDO CENTRO DEMOCRATICO;35
AQUITANIA PUEBLOVIEJO;Sandra Teresa Sanchez Ramirez;PARTIDO CONSERVADOR COLOMBIANO;35
AQUITANIA PUEBLOVIEJO;Nelson Yoan Herrera Perez;MOVIMIENTO ALTERNATIVO INDIGENA Y SOCIAL MAIS;32
AQUITANIA PUEBLOVIEJO;Eduar Campo Elias Pesca Contreras;SOMOS EL CAMBIO;31
AQUITANIA PUEBLOVIEJO;Partido Alianza Social Independiente Asi;PARTIDO ALIANZA SOCIAL INDEPENDIENTE ASI;31
AQUITANIA PUEBLOVIEJO;Partido Cambio Radical;PARTIDO CAMBIO RADICAL;31
AQUITANIA PUEBLOVIEJO;Luz Mery Chaparro Chaparro;PARTIDO CONSERVADOR COLOMBIANO;29
AQUITANIA PUEBLOVIEJO;Martha Cecilia Pedraza Lopez;PARTIDO CENTRO DEMOCRATICO;27
AQUITANIA PUEBLOVIEJO;Movimiento Alternativo Indigena Y Social Mais;MOVIMIENTO ALTERNATIVO INDIGENA Y SOCIAL MAIS;26
AQUITANIA PUEBLOVIEJO;Clelia Yaneth Diaz Perez;SOMOS EL CAMBIO;22
AQUITANIA PUEBLOVIEJO;Nydia Zarith Perez Castellanos;MOVIMIENTO ALTERNATIVO INDIGENA Y SOCIAL MAIS;22
AQUITANIA PUEBLOVIEJO;Yined Dayanna Rodriguez Laverde;PARTIDO ALIANZA SOCIAL INDEPENDIENTE ASI;21
AQUITANIA PUEBLOVIEJO;Claudia Ibeth Avella Parada;MOVIMIENTO ALTERNATIVO INDIGENA Y SOCIAL MAIS;17
AQUITANIA PUEBLOVIEJO;Santiago Bohorquez Perez;PARTIDO CENTRO DEMOCRATICO;17
AQUITANIA PUEBLOVIEJO;Carlos Daniel Parada Alarcon;PARTIDO SOCIAL DE UNIDAD NACIONAL  PARTIDO DE LA U;16
AQUITANIA PUEBLOVIEJO;Jose Nairo Alarcon Cadena;PARTIDO ALIANZA VERDE;15
AQUITANIA PUEBLOVIEJO;Octavio Lopez Gutierrez;PARTIDO CENTRO DEMOCRATICO;13
AQUITANIA PUEBLOVIEJO;Angela Consuelo Rojas Galindo;PARTIDO ALIANZA VERDE;12
AQUITANIA PUEBLOVIEJO;Lucila Correa Manrique;PARTIDO CENTRO DEMOCRATICO;12
AQUITANIA PUEBLOVIEJO;Nancy Lorena Hernandez Mesa;SOMOS EL CAMBIO;12
AQUITANIA PUEBLOVIEJO;Nury Gisella Gutierrez Avella;SOMOS EL CAMBIO;11
AQUITANIA PUEBLOVIEJO;Ana Patricia Villegas Zequeira;PARTIDO ALIANZA SOCIAL INDEPENDIENTE ASI;10
AQUITANIA PUEBLOVIEJO;Deisy Alexandra Fonseca Fonseca;PARTIDO SOCIAL DE UNIDAD NACIONAL  PARTIDO DE LA U;10
AQUITANIA PUEBLOVIEJO;Libia Consuelo Perez Salamanca;PARTIDO POLITICO  MIRA;10
AQUITANIA PUEBLOVIEJO;Laura Tatiana Salamanca Santos;PARTIDO SOCIAL DE UNIDAD NACIONAL  PARTIDO DE LA U;9
AQUITANIA PUEBLOVIEJO;Leydy Rocio Riaño Rodriguez;PARTIDO ALIANZA SOCIAL INDEPENDIENTE ASI;8
AQUITANIA PUEBLOVIEJO;Monica Yasmin Jimenez Chaparro;PARTIDO SOCIAL DE UNIDAD NACIONAL  PARTIDO DE LA U;6
AQUITANIA PUEBLOVIEJO;Nelson Enrique Chaparro Barrera;MOVIMIENTO ALTERNATIVO INDIGENA Y SOCIAL MAIS;6
AQUITANIA PUEBLOVIEJO;Wilson Ramiro Granados Daza;MOVIMIENTO ALTERNATIVO INDIGENA Y SOCIAL MAIS;6
AQUITANIA PUEBLOVIEJO;Adelia Alarcon Daza;PARTIDO CAMBIO RADICAL;5
AQUITANIA PUEBLOVIEJO;Yeissy Yanith Martinez Mesa;PARTIDO CENTRO DEMOCRATICO;5
AQUITANIA PUEBLOVIEJO;Sara Lucia Perez Montaña;PARTIDO SOCIAL DE UNIDAD NACIONAL  PARTIDO DE LA U;3
AQUITANIA PUEBLOVIEJO;Partido Politico  Mira;PARTIDO POLITICO  MIRA;2
ARCABUCO;Abel Arnulfo Robles Simijaca;PARTIDO CENTRO DEMOCRATICO;221
ARCABUCO;Carlos David Zarate Baez;PARTIDO ALIANZA VERDE;189
ARCABUCO;Fabian Camilo Hernandez Bernal;PARTIDO CENTRO DEMOCRATICO;182
ARCABUCO;Deyanira Suarez Pinilla;PARTIDO CONSERVADOR COLOMBIANO;157
ARCABUCO;Agustin Hernandez Jimenez;PARTIDO CENTRO DEMOCRATICO;149
ARCABUCO;Ivan Alirio Alba;PARTIDO SOCIAL DE UNIDAD NACIONAL  PARTIDO DE LA U;132
ARCABUCO;Jaime Antonio Guerrero Forero;PARTIDO CONSERVADOR COLOMBIANO;131
ARCABUCO;Diego Armando Luis Hernandez;PARTIDO LIBERAL COLOMBIANO;130
ARCABUCO;Wilfredo Benitez Roncancio;PARTIDO ALIANZA VERDE;125
ARCABUCO;Henry Roberto Mayorga Pulido;PARTIDO CONSERVADOR COLOMBIANO;119
ARCABUCO;Mary Luz Pinilla Lopez;PARTIDO ALIANZA SOCIAL INDEPENDIENTE ASI;114
ARCABUCO;Jhon Mauricio Cruz Vargas;PARTIDO LIBERAL COLOMBIANO;95
ARCABUCO;Edgar Ivan Malagon Hurtado;PARTIDO CENTRO DEMOCRATICO;91
ARCABUCO;Alexis Armando Guerrero Saavedra;PARTIDO ALIANZA VERDE;87
ARCABUCO;Robinson Espitia Tolosa;PARTIDO CAMBIO RADICAL;84
ARCABUCO;David Felipe Castellanos Vega;MOVIMIENTO ALTERNATIVO INDIGENA Y SOCIAL MAIS;82
ARCABUCO;Maycol Wilfredo Piña Rubio;PARTIDO SOCIAL DE UNIDAD NACIONAL  PARTIDO DE LA U;77
ARCABUCO;Hector Jaime Poveda Aguilera;PARTIDO LIBERAL COLOMBIANO;74
ARCABUCO;Edilma Simona Guzman Guzman;PARTIDO CONSERVADOR COLOMBIANO;73
ARCABUCO;Gladys Amparo Guarin Acero;PARTIDO ALIANZA SOCIAL INDEPENDIENTE ASI;62
ARCABUCO;Diego Alejandro Ortiz Garcia;MOVIMIENTO ALTERNATIVO INDIGENA Y SOCIAL MAIS;60
ARCABUCO;Jose Eduardo Aunta Suarez;PARTIDO SOCIAL DE UNIDAD NACIONAL  PARTIDO DE LA U;56
ARCABUCO;Jose Arnoldo Pacheco Rubio;PARTIDO SOCIAL DE UNIDAD NACIONAL  PARTIDO DE LA U;54
ARCABUCO;Jose Domingo Guzman Hurtado;PARTIDO ALIANZA SOCIAL INDEPENDIENTE ASI;54
ARCABUCO;Martin Emilio Fuquene Cative;PARTIDO COLOMBIA RENACIENTE;52
ARCABUCO;Lisandro Prieto Velasquez;PARTIDO CONSERVADOR COLOMBIANO;46
ARCABUCO;Wilson Hernan Garcia Molina;PARTIDO COLOMBIA RENACIENTE;46
ARCABUCO;Oscar Eduardo Poveda;PARTIDO ALIANZA SOCIAL INDEPENDIENTE ASI;43
ARCABUCO;Nydia Yamile Ruiz Lopez;PARTIDO CAMBIO RADICAL;40
ARCABUCO;Armando Tellez Rodriguez;PARTIDO CAMBIO RADICAL;38
ARCABUCO;Tatiana Cardenas Sandoval;PARTIDO ALIANZA VERDE;36
ARCABUCO;Jose Eudoxio Avila Puin;PARTIDO SOCIAL DE UNIDAD NACIONAL  PARTIDO DE LA U;35
ARCABUCO;Alcides Aguilar Jimenez;PARTIDO ALIANZA SOCIAL INDEPENDIENTE ASI;34
ARCABUCO;Ferney Ruiz Piratova;PARTIDO CAMBIO RADICAL;34
ARCABUCO;Hineldo Guzman;PARTIDO COLOMBIA RENACIENTE;34
ARCABUCO;Nayibe Torres Ruiz;MOVIMIENTO ALTERNATIVO INDIGENA Y SOCIAL MAIS;33
ARCABUCO;Rosa Angelica Rodriguez Guerrero;PARTIDO ALIANZA SOCIAL INDEPENDIENTE ASI;31
ARCABUCO;Jose Luis Rodriguez Rios;PARTIDO ALIANZA VERDE;29
ARCABUCO;Santos Pinilla Peña;PARTIDO ALIANZA VERDE;28
ARCABUCO;Johanna Doris Quintero Castelblanco;PARTIDO CENTRO DEMOCRATICO;23
ARCABUCO;Javier Enrique Tovar Puentes;PARTIDO CONSERVADOR COLOMBIANO;22
ARCABUCO;Jose Tobias Lopez Lopez;PARTIDO CAMBIO RADICAL;20
ARCABUCO;Angy Constanza Montañez Rico;PARTIDO CONSERVADOR COLOMBIANO;19
ARCABUCO;Carlos Eduardo Jimenez Guzman;PARTIDO ALIANZA SOCIAL INDEPENDIENTE ASI;19
ARCABUCO;Jose Gregorio Rodriguez Gil;MOVIMIENTO ALTERNATIVO INDIGENA Y SOCIAL MAIS;18
ARCABUCO;Partido Alianza Verde;PARTIDO ALIANZA VERDE;17
ARCABUCO;Yeison Arturo Roberto Robayo;PARTIDO COLOMBIA RENACIENTE;16
ARCABUCO;Ivan Alberto Cardenas Lopez;PARTIDO CENTRO DEMOCRATICO;15
ARCABUCO;Pedro Remberto Castellanos Rojas;PARTIDO CAMBIO RADICAL;15
ARCABUCO;Armando Ruiz Oidor;PARTIDO CAMBIO RADICAL;14
ARCABUCO;Jose Whillans Aguilera Bautista;PARTIDO COLOMBIA RENACIENTE;14
ARCABUCO;Laura Camila Guzman Saenz;PARTIDO CENTRO DEMOCRATICO;14
ARCABUCO;Nelver Amanda Acosta Molina;PARTIDO COLOMBIA RENACIENTE;14
ARCABUCO;Rosa Elvia Acero De Pinilla;PARTIDO CAMBIO RADICAL;14
ARCABUCO;Yefer Esteban Hernandez Rubio;MOVIMIENTO ALTERNATIVO INDIGENA Y SOCIAL MAIS;14
ARCABUCO;Angel Arquimedes Cardenas Bustos;PARTIDO CONSERVADOR COLOMBIANO;12
ARCABUCO;Nancy Jaqueline Rodriguez Guzman;PARTIDO COLOMBIA RENACIENTE;12
ARCABUCO;Willinton Asdrubal Medina Aguilar;PARTIDO ALIANZA SOCIAL INDEPENDIENTE ASI;12
ARCABUCO;Angie Thatiana Castelblanco Rodriguez;PARTIDO CAMBIO RADICAL;11
ARCABUCO;Aura Ligia Torres Rincon;PARTIDO LIBERAL COLOMBIANO;11
ARCABUCO;Jimmy Alberto Piratova Garcia;PARTIDO ALIANZA SOCIAL INDEPENDIENTE ASI;11
ARCABUCO;Pedro Jose Tovar Rodriguez;PARTIDO COLOMBIA RENACIENTE;11
ARCABUCO;Laura Daniela Niño Garces;PARTIDO SOCIAL DE UNIDAD NACIONAL  PARTIDO DE LA U;10
ARCABUCO;Oscar Fabian Cordoba Meneses;PARTIDO LIBERAL COLOMBIANO;10
ARCABUCO;Partido Centro Democratico;PARTIDO CENTRO DEMOCRATICO;10
ARCABUCO;Gina Marcela Daza Pinilla;PARTIDO LIBERAL COLOMBIANO;9
ARCABUCO;Jeny Libeth Castelblanco Robles;PARTIDO LIBERAL COLOMBIANO;9
ARCABUCO;Rafael Eduardo Cuesta Hernandez;MOVIMIENTO ALTERNATIVO INDIGENA Y SOCIAL MAIS;9
ARCABUCO;Jose Eduardo Rodriguez Carvajal;PARTIDO LIBERAL COLOMBIANO;8
ARCABUCO;Cesar Augusto Guerrero Malagon;PARTIDO SOCIAL DE UNIDAD NACIONAL  PARTIDO DE LA U;7
ARCABUCO;Erika Liliana Saavedra Guerrero;PARTIDO COLOMBIA RENACIENTE;7
ARCABUCO;Luis Hernando Contreras Cabrera;PARTIDO ALIANZA VERDE;7
ARCABUCO;Michel Fernanda Ruano Garcia;PARTIDO ALIANZA VERDE;7
ARCABUCO;Movimiento Alternativo Indigena Y Social Mais;MOVIMIENTO ALTERNATIVO INDIGENA Y SOCIAL MAIS;7
ARCABUCO;Nuvia Cecilia Guarin Acero;PARTIDO ALIANZA VERDE;7
ARCABUCO;Partido Conservador Colombiano;PARTIDO CONSERVADOR COLOMBIANO;7
ARCABUCO;Karen Liliana Martinez Alvarez;PARTIDO SOCIAL DE UNIDAD NACIONAL  PARTIDO DE LA U;6
ARCABUCO;Marisol Malagon Suarez;PARTIDO CENTRO DEMOCRATICO;6
ARCABUCO;Helder Samir Rico Parra;MOVIMIENTO ALTERNATIVO INDIGENA Y SOCIAL MAIS;5
ARCABUCO;Maria Nelba Molina Molina;MOVIMIENTO ALTERNATIVO INDIGENA Y SOCIAL MAIS;5
ARCABUCO;Partido Liberal Colombiano;PARTIDO LIBERAL COLOMBIANO;5
ARCABUCO;Partido Social De Unidad Nacional  Partido De La U;PARTIDO SOCIAL DE UNIDAD NACIONAL  PARTIDO DE LA U;5
ARCABUCO;Partido Cambio Radical;PARTIDO CAMBIO RADICAL;4
ARCABUCO;Partido Colombia Renaciente;PARTIDO COLOMBIA RENACIENTE;3
ARCABUCO;Diana Patricia Ayala Aguilera;MOVIMIENTO ALTERNATIVO INDIGENA Y SOCIAL MAIS;2
ARCABUCO;Juan Camilo Quintero Pinilla;PARTIDO LIBERAL COLOMBIANO;2
ARCABUCO;Liliana Natale Natale;PARTIDO SOCIAL DE UNIDAD NACIONAL  PARTIDO DE LA U;2
ARCABUCO;Partido Alianza Social Independiente Asi;PARTIDO ALIANZA SOCIAL INDEPENDIENTE ASI;1
BELEN;Jorge Andres Parra Parra;PARTIDO ALIANZA SOCIAL INDEPENDIENTE ASI;413
BELEN;Fabio Alexander Sisa Castro;PARTIDO ALIANZA SOCIAL INDEPENDIENTE ASI;354
BELEN;Alvaro Toledo Uribe;PARTIDO LIBERAL COLOMBIANO;263
BELEN;Luis Adrian Gallo Pineda;PARTIDO LIBERAL COLOMBIANO;262
BELEN;Partido Centro Democratico;PARTIDO CENTRO DEMOCRATICO;205
BELEN;Erbin Castro Ayala;PARTIDO LIBERAL COLOMBIANO;182
BELEN;Arturo Espindola Mateus;MOVIMIENTO ALTERNATIVO INDIGENA Y SOCIAL MAIS;175
BELEN;Ana Elvia Moreno Amado;PARTIDO ALIANZA SOCIAL INDEPENDIENTE ASI;173
BELEN;Yamit Fabian Rivera Rodriguez;PARTIDO ALIANZA SOCIAL INDEPENDIENTE ASI;153
BELEN;Yeison Ricardo Triana Reyes;PARTIDO ALIANZA SOCIAL INDEPENDIENTE ASI;149
BELEN;Wilmer Alexander Bautista Alarcon;PARTIDO CONSERVADOR COLOMBIANO;140
BELEN;Fabio Rincon Guerrero;PARTIDO LIBERAL COLOMBIANO;138
BELEN;Celina Beatriz Morantes Valderrama;PARTIDO ALIANZA SOCIAL INDEPENDIENTE ASI;135
BELEN;Diego Sebastian Rodriguez Guerrero;PARTIDO CONSERVADOR COLOMBIANO;133
BELEN;Jeffer Ignacio Alvarez Rodriguez;PARTIDO LIBERAL COLOMBIANO;131
BELEN;Edison Javier Infante Verdugo;PARTIDO CONSERVADOR COLOMBIANO;123
BELEN;Julio Enrique Cely Caro;PARTIDO ALIANZA SOCIAL INDEPENDIENTE ASI;110
BELEN;Fabio Antonio Fernandez Balaguera;PARTIDO CONSERVADOR COLOMBIANO;107
BELEN;Marisol Castro Castro;PARTIDO ALIANZA SOCIAL INDEPENDIENTE ASI;94
BELEN;Willton Emilio Torres Castro;PARTIDO ALIANZA VERDE;90
BELEN;Hermes Silva Alarcon;PARTIDO CONSERVADOR COLOMBIANO;81
BELEN;Rodrigo De Jesus Rincon Castro;PARTIDO CONSERVADOR COLOMBIANO;81
BELEN;Evelyn Dayana Molina Rojas;PARTIDO ALIANZA VERDE;73
BELEN;Rafael Antonio Perez Sisa;PARTIDO ALIANZA VERDE;72
BELEN;Mabel Estupiñan Fernandez;PARTIDO ALIANZA VERDE;69
BELEN;Karen Liced Paredes Olarte;MOVIMIENTO ALTERNATIVO INDIGENA Y SOCIAL MAIS;61
BELEN;Pedro Hermes Gomez Vega;MOVIMIENTO ALTERNATIVO INDIGENA Y SOCIAL MAIS;59
BELEN;Carlos Eduardo Quintero Ruiz;PARTIDO ALIANZA VERDE;58
BELEN;John Alejandro Vega Sandoval;MOVIMIENTO ALTERNATIVO INDIGENA Y SOCIAL MAIS;57
BELEN;Irma Yaneth Sanchez Cepeda;PARTIDO CONSERVADOR COLOMBIANO;56
BELEN;Omar De Jesus Diaz Rincon;PARTIDO ALIANZA VERDE;55
BELEN;Nory Amanda Gallo Contreras;PARTIDO CONSERVADOR COLOMBIANO;50
BELEN;Alexander Osorio Cortes;PARTIDO ALIANZA SOCIAL INDEPENDIENTE ASI;49
BELEN;Carmen Rosa Rojas Angarita;MOVIMIENTO ALTERNATIVO INDIGENA Y SOCIAL MAIS;40
BELEN;Saul Perez Castro;PARTIDO LIBERAL COLOMBIANO;39
BELEN;Jeferson Ivan Amado Parra;PARTIDO ALIANZA VERDE;38
BELEN;Partido Alianza Social Independiente Asi;PARTIDO ALIANZA SOCIAL INDEPENDIENTE ASI;36
BELEN;Maria Fernanda Gomez Machuca;PARTIDO LIBERAL COLOMBIANO;35
BELEN;Partido Liberal Colombiano;PARTIDO LIBERAL COLOMBIANO;35
BELEN;Andrea Milena Pachon Olarte;MOVIMIENTO ALTERNATIVO INDIGENA Y SOCIAL MAIS;31
BELEN;Leslien Paola Trillos Jimenez;PARTIDO LIBERAL COLOMBIANO;27
BELEN;Partido Conservador Colombiano;PARTIDO CONSERVADOR COLOMBIANO;21
BELEN;Movimiento Alternativo Indigena Y Social Mais;MOVIMIENTO ALTERNATIVO INDIGENA Y SOCIAL MAIS;17
BELEN;Gladys Guevara Alvarez;MOVIMIENTO ALTERNATIVO INDIGENA Y SOCIAL MAIS;16
BELEN;Partido Alianza Verde;PARTIDO ALIANZA VERDE;15
BELEN;Jhon Esneider Castro Guerrero;PARTIDO ALIANZA VERDE;14
BELEN;Ruth Maribel Rivera;PARTIDO ALIANZA VERDE;14
BELEN;Maria Alejandra Gallo Castro;PARTIDO LIBERAL COLOMBIANO;12
BELEN;Virly Karina Gallo Bocarejo;PARTIDO CONSERVADOR COLOMBIANO;12
BERBEO;Francisco Javier Alfonso Alfonso;PARTIDO ALIANZA VERDE;152
BERBEO;Jose Antonio Lara Martinez;PARTIDO CENTRO DEMOCRATICO;95
BERBEO;Miyer Jose Vargas Contreras;PARTIDO SOCIAL DE UNIDAD NACIONAL  PARTIDO DE LA U;89
BERBEO;Jimer Alberto Mahecha Castillo;PARTIDO ALIANZA VERDE;74
BERBEO;Wilmer Fernando Montanez Parra;PARTIDO LIBERAL COLOMBIANO;70
BERBEO;Luz Herminda Huertas Bohorquez;PARTIDO LIBERAL COLOMBIANO;57
BERBEO;Nestor Fabio Moreno Camacho;PARTIDO LIBERAL COLOMBIANO;56
BERBEO;Cristian David Niño Diaz;PARTIDO SOCIAL DE UNIDAD NACIONAL  PARTIDO DE LA U;54
BERBEO;Sandra Maribel Buitrago Buitrago;PARTIDO ALIANZA VERDE;40
BERBEO;Nelson Marin Huertas Buitrago;PARTIDO CAMBIO RADICAL;37
BERBEO;Lidia Graciela Gomez Sanchez;PARTIDO SOCIAL DE UNIDAD NACIONAL  PARTIDO DE LA U;36
BERBEO;Deicy Daniela Lesmes Martinez;PARTIDO CENTRO DEMOCRATICO;31
BERBEO;Nemesio Andres Vargas Roa;PARTIDO CAMBIO RADICAL;30
BERBEO;Pedro Jose Diaz Lamus;PARTIDO SOCIAL DE UNIDAD NACIONAL  PARTIDO DE LA U;30
BERBEO;Jose De Jesus Rincon Vanegas;PARTIDO SOCIAL DE UNIDAD NACIONAL  PARTIDO DE LA U;24
BERBEO;Olga Marina Granados Ayala;PARTIDO LIBERAL COLOMBIANO;24
BERBEO;Juan Dario Vargas Rodriguez;PARTIDO LIBERAL COLOMBIANO;20
BERBEO;Yury Mayerly Rodriguez Daza;PARTIDO SOCIAL DE UNIDAD NACIONAL  PARTIDO DE LA U;20
BERBEO;Nanci Rodriguez Perilla;PARTIDO ALIANZA VERDE;19
BERBEO;Maria Anail Rogeles Salinas;PARTIDO ALIANZA VERDE;15
BERBEO;Carmen Rosa Vargas Galindo;PARTIDO CENTRO DEMOCRATICO;14
BERBEO;Yenny Yazmin Lopez Sanchez;PARTIDO CENTRO DEMOCRATICO;14
BERBEO;Gustavo Adolfo Huertas Moreno;PARTIDO CENTRO DEMOCRATICO;13
BERBEO;Yined Susana Coronado Oicata;PARTIDO CAMBIO RADICAL;12
BERBEO;Patricia Castaño Silva;PARTIDO LIBERAL COLOMBIANO;11
BERBEO;Wilson Jose Bernal Calderon;PARTIDO CAMBIO RADICAL;11
BERBEO;Cesar Andres Hernandez Niño;PARTIDO LIBERAL COLOMBIANO;10
BERBEO;Ilder Granados Montañez;PARTIDO ALIANZA VERDE;10
BERBEO;Leidy Lorena Leon Bonilla;PARTIDO CAMBIO RADICAL;8
BERBEO;Dora Nelsy Caro Pulido;PARTIDO CAMBIO RADICAL;7
BERBEO;Partido Alianza Verde;PARTIDO ALIANZA VERDE;7
BERBEO;Partido Liberal Colombiano;PARTIDO LIBERAL COLOMBIANO;7
BERBEO;Claudia Rocio Perilla Huertas;PARTIDO SOCIAL DE UNIDAD NACIONAL  PARTIDO DE LA U;6
BERBEO;Julian Aurelio Muñoz Velasquez;PARTIDO ALIANZA VERDE;6
BERBEO;Jose Domingo Calderon Buitrago;PARTIDO CENTRO DEMOCRATICO;5
BERBEO;Partido Centro Democratico;PARTIDO CENTRO DEMOCRATICO;3
BERBEO;Partido Social De Unidad Nacional  Partido De La U;PARTIDO SOCIAL DE UNIDAD NACIONAL  PARTIDO DE LA U;1
BETEITIVA;Adrian Oswaldo Acero Gil;PARTIDO CONSERVADOR COLOMBIANO;123
BETEITIVA;Jose Antonio Albarracin Cely;MOVIMIENTO ALTERNATIVO INDIGENA Y SOCIAL MAIS;123
BETEITIVA;Jefferson Fermin Murillo Torres;PARTIDO CONSERVADOR COLOMBIANO;117
BETEITIVA;Daniel Rojas Cely;PARTIDO CAMBIO RADICAL;79
BETEITIVA;Willman Correa Cardenas;PARTIDO SOCIAL DE UNIDAD NACIONAL  PARTIDO DE LA U;79
BETEITIVA;Victor Julio Perez Araque;PARTIDO CAMBIO RADICAL;78
BETEITIVA;Cristobal Angarita Cardenas;PARTIDO CENTRO DEMOCRATICO;74
BETEITIVA;John Edisson Correa Albarracin;PARTIDO LIBERAL COLOMBIANO;73
BETEITIVA;Mary Luz Vargas Vargas;PARTIDO SOCIAL DE UNIDAD NACIONAL  PARTIDO DE LA U;72
BETEITIVA;Wilmer Alfonso Correa Alvarez;PARTIDO LIBERAL COLOMBIANO;69
BETEITIVA;Alberto Triana Reyes;PARTIDO CENTRO DEMOCRATICO;67
BETEITIVA;Humberto Rojas Araque;PARTIDO CENTRO DEMOCRATICO;58
BETEITIVA;Bernardo Leon;PARTIDO CENTRO DEMOCRATICO;52
BETEITIVA;Esperanza Araque Rojas;PARTIDO CENTRO DEMOCRATICO;50
BETEITIVA;Abel Machuca Rojas;PARTIDO SOCIAL DE UNIDAD NACIONAL  PARTIDO DE LA U;48
BETEITIVA;Heli Albarracin Verdugo;MOVIMIENTO ALTERNATIVO INDIGENA Y SOCIAL MAIS;44
BETEITIVA;Nidia Perez Fernandez;PARTIDO CONSERVADOR COLOMBIANO;39
BETEITIVA;Diana Cristina Angarita Albarracin;MOVIMIENTO ALTERNATIVO INDIGENA Y SOCIAL MAIS;37
BETEITIVA;Maria Del Carmen Rojas Diaz;PARTIDO CENTRO DEMOCRATICO;33
BETEITIVA;Mary Luz Cely Cely;PARTIDO LIBERAL COLOMBIANO;33
BETEITIVA;Arturo Silva Cely;MOVIMIENTO ALTERNATIVO INDIGENA Y SOCIAL MAIS;26
BETEITIVA;Edilberto Gil Cardenas;PARTIDO LIBERAL COLOMBIANO;25
BETEITIVA;Marco Antonio Rojas Rojas;PARTIDO CAMBIO RADICAL;20
BETEITIVA;Astryd Rocio Vargas Angarita;PARTIDO CAMBIO RADICAL;18
BETEITIVA;Daisy Constanza Quimbayo Daza;MOVIMIENTO ALTERNATIVO INDIGENA Y SOCIAL MAIS;15
BETEITIVA;Gloria Ines Rojas Gil;PARTIDO CAMBIO RADICAL;11
BETEITIVA;Yuly Nataly Leon Estevez;PARTIDO LIBERAL COLOMBIANO;10
BETEITIVA;Partido Cambio Radical;PARTIDO CAMBIO RADICAL;9
BETEITIVA;Diana Marcela Ojeda Cely;PARTIDO SOCIAL DE UNIDAD NACIONAL  PARTIDO DE LA U;8
BETEITIVA;Luz Mila Martinez Garcia;MOVIMIENTO ALTERNATIVO INDIGENA Y SOCIAL MAIS;7
BETEITIVA;Diana Consuelo Rojas;PARTIDO CONSERVADOR COLOMBIANO;5
BETEITIVA;Enir Lindaura Soler Caro;PARTIDO CAMBIO RADICAL;5
BETEITIVA;Jose Jaime Leon Vargas;PARTIDO CAMBIO RADICAL;4
BETEITIVA;Partido Centro Democratico;PARTIDO CENTRO DEMOCRATICO;4
BETEITIVA;Partido Liberal Colombiano;PARTIDO LIBERAL COLOMBIANO;4
BETEITIVA;Deisy Yolima Rojas Araque;PARTIDO LIBERAL COLOMBIANO;2
BETEITIVA;Ines Rojas;PARTIDO CENTRO DEMOCRATICO;2
BETEITIVA;Movimiento Alternativo Indigena Y Social Mais;MOVIMIENTO ALTERNATIVO INDIGENA Y SOCIAL MAIS;2
BETEITIVA;Partido Conservador Colombiano;PARTIDO CONSERVADOR COLOMBIANO;2
BETEITIVA;Partido Social De Unidad Nacional  Partido De La U;PARTIDO SOCIAL DE UNIDAD NACIONAL  PARTIDO DE LA U;2
BETEITIVA;Yamira Araque Eslava;PARTIDO SOCIAL DE UNIDAD NACIONAL  PARTIDO DE LA U;2
BETEITIVA;Jessica Bustos Acevedo;PARTIDO CONSERVADOR COLOMBIANO;1
BOAVITA;Manuel Humberto Galvis Corso;PARTIDO ALIANZA VERDE;193
BOAVITA;Jorge Arturo Diaz Sanchez;PARTIDO ALIANZA VERDE;185
BOAVITA;Martha Lucia Perez Casas;PARTIDO ALIANZA VERDE;161
BOAVITA;Oliva Aponte Garcia;PARTIDO ALIANZA VERDE;147
BOAVITA;Mariano Baez Baron;PARTIDO CAMBIO RADICAL;139
BOAVITA;Javier Ortiz;PARTIDO ALIANZA VERDE;135
BOAVITA;Jose Eleuterio Aponte Vega;PARTIDO ALIANZA VERDE;129
BOAVITA;Jose Gustavo Aponte Garcia;PARTIDO CAMBIO RADICAL;124
BOAVITA;Carlos Jimenez Casas;PARTIDO CONSERVADOR COLOMBIANO;123
BOAVITA;Rodrigo Sanchez Gomez;PARTIDO CONSERVADOR COLOMBIANO;118
BOAVITA;Hugo Rene Arias Correa;PARTIDO ALIANZA VERDE;111
BOAVITA;Helena Garcia Celis;PARTIDO CONSERVADOR COLOMBIANO;103
BOAVITA;Maria Medina Aponte;PARTIDO ALIANZA VERDE;97
BOAVITA;Hermes Perez Guerrero;MOVIMIENTO ALTERNATIVO INDIGENA Y SOCIAL MAIS;81
BOAVITA;Primo Gustavo Mojica Avellaneda;MOVIMIENTO ALTERNATIVO INDIGENA Y SOCIAL MAIS;77
BOAVITA;Alberto Sandoval Valcarcel;PARTIDO CENTRO DEMOCRATICO;71
BOAVITA;Marta Yaneth Rodriguez;MOVIMIENTO ALTERNATIVO INDIGENA Y SOCIAL MAIS;71
BOAVITA;Vicente Vega Casas;PARTIDO CENTRO DEMOCRATICO;70
BOAVITA;Ricardo Bolivar Burgos;PARTIDO SOCIAL DE UNIDAD NACIONAL  PARTIDO DE LA U;68
BOAVITA;Jeferson Sleider Romero Angarita;MOVIMIENTO ALTERNATIVO INDIGENA Y SOCIAL MAIS;67
BOAVITA;Partido Alianza Verde;PARTIDO ALIANZA VERDE;66
BOAVITA;Custodio Parra Riaño;PARTIDO CAMBIO RADICAL;62
BOAVITA;Luis Daniel Duitama;PARTIDO CONSERVADOR COLOMBIANO;56
BOAVITA;Neptali Tarazona Jaimes;PARTIDO CONSERVADOR COLOMBIANO;48
BOAVITA;Catalina Garcia Tarazona;PARTIDO CONSERVADOR COLOMBIANO;46
BOAVITA;Oscar David Casas Blanco;PARTIDO CAMBIO RADICAL;44
BOAVITA;Francisco Javier Gonzalez Perez;PARTIDO SOCIAL DE UNIDAD NACIONAL  PARTIDO DE LA U;42
BOAVITA;Gloria Lucia Fonseca Corso;PARTIDO CAMBIO RADICAL;38
BOAVITA;Javier Fernando Velasco Velasco;PARTIDO CONSERVADOR COLOMBIANO;38
BOAVITA;Gabriel Hernando Elizalde Araque;PARTIDO CENTRO DEMOCRATICO;35
BOAVITA;Hector Efrain Sandoval Bonilla;PARTIDO CENTRO DEMOCRATICO;35
BOAVITA;Partido Conservador Colombiano;PARTIDO CONSERVADOR COLOMBIANO;33
BOAVITA;Lucas Armando Osorio Sepulveda;PARTIDO SOCIAL DE UNIDAD NACIONAL  PARTIDO DE LA U;32
BOAVITA;Luis Ariel Velasco;MOVIMIENTO ALTERNATIVO INDIGENA Y SOCIAL MAIS;32
BOAVITA;Javier Medina Hernandez;PARTIDO CAMBIO RADICAL;25
BOAVITA;Diego Alexander Lizarazo Sanchez;MOVIMIENTO ALTERNATIVO INDIGENA Y SOCIAL MAIS;24
BOAVITA;Erika Johana Valenzuela Mojica;PARTIDO CONSERVADOR COLOMBIANO;24
BOAVITA;Samuel Salazar Jimenez;PARTIDO CENTRO DEMOCRATICO;18
BOAVITA;Partido Cambio Radical;PARTIDO CAMBIO RADICAL;16
BOAVITA;Silvino Correa Carreño;PARTIDO ALIANZA VERDE;16
BOAVITA;Maria Conchita Cardenas Sanchez;PARTIDO SOCIAL DE UNIDAD NACIONAL  PARTIDO DE LA U;15
BOAVITA;Anlli Stefi Figueroa Galvis;PARTIDO SOCIAL DE UNIDAD NACIONAL  PARTIDO DE LA U;14
BOAVITA;Otoniel Niño Estupiñan;MOVIMIENTO ALTERNATIVO INDIGENA Y SOCIAL MAIS;14
BOAVITA;Aura Rosa Ruiz Umaña;PARTIDO CENTRO DEMOCRATICO;13
BOAVITA;Marta Rincon Merchan;MOVIMIENTO ALTERNATIVO INDIGENA Y SOCIAL MAIS;13
BOAVITA;Mary Claudia Parra Diaz;PARTIDO CAMBIO RADICAL;12
BOAVITA;Hermes Argelio Sandoval Mesa;PARTIDO CONSERVADOR COLOMBIANO;11
BOAVITA;Angy Paola Estupiñan Burgos;PARTIDO CENTRO DEMOCRATICO;10
BOAVITA;Daniela Sofia Duarte Romero;PARTIDO CENTRO DEMOCRATICO;10
BOAVITA;Partido Centro Democratico;PARTIDO CENTRO DEMOCRATICO;10
BOAVITA;Jorge Alberto Rincon Blanco;PARTIDO CENTRO DEMOCRATICO;9
BOAVITA;Movimiento Alternativo Indigena Y Social Mais;MOVIMIENTO ALTERNATIVO INDIGENA Y SOCIAL MAIS;9
BOAVITA;Ruth Carolina Lizarazo Carrillo;PARTIDO CAMBIO RADICAL;9
BOAVITA;Partido Social De Unidad Nacional  Partido De La U;PARTIDO SOCIAL DE UNIDAD NACIONAL  PARTIDO DE LA U;8
BOAVITA;Andres Ricardo Martinez Riscanevo;PARTIDO CAMBIO RADICAL;7
BOAVITA;Exmid Jimena Mora Puentes;MOVIMIENTO ALTERNATIVO INDIGENA Y SOCIAL MAIS;6
BOAVITA;William Arley Patiño Anaya;PARTIDO SOCIAL DE UNIDAD NACIONAL  PARTIDO DE LA U;5
BOAVITA;Luz Selcy Jaime Romero;PARTIDO SOCIAL DE UNIDAD NACIONAL  PARTIDO DE LA U;4
BOAVITA;Jairo Sanchez Davila;PARTIDO SOCIAL DE UNIDAD NACIONAL  PARTIDO DE LA U;2
BOYACA;Nelly Yazmin Contreras Moreno;PARTIDO CENTRO DEMOCRATICO;215
BOYACA;William Mauricio Barajas Liberato;PARTIDO LIBERAL COLOMBIANO;207
BOYACA;Rodulfo Tovar Paez;PARTIDO CENTRO DEMOCRATICO;178
BOYACA;Jose Parmenio Ibañez Merchan;PARTIDO SOCIAL DE UNIDAD NACIONAL  PARTIDO DE LA U;170
BOYACA;Jose Pepe Cifuentes Sosa;PARTIDO LIBERAL COLOMBIANO;164
BOYACA;Pedro Julio Parada Rativa;PARTIDO LIBERAL COLOMBIANO;161
BOYACA;Jairo Enrique Sanchez Sanchez;PARTIDO SOCIAL DE UNIDAD NACIONAL  PARTIDO DE LA U;154
BOYACA;Rafael Humberto Muñoz Cifuentes;PARTIDO SOCIAL DE UNIDAD NACIONAL  PARTIDO DE LA U;150
BOYACA;Jose Dario Cupa Bernal;PARTIDO ALIANZA VERDE;148
BOYACA;Leider Bohorquez Sanchez;PARTIDO LIBERAL COLOMBIANO;139
BOYACA;Ana Lucia Gaona Camargo;PARTIDO LIBERAL COLOMBIANO;129
BOYACA;Jose Fernando Galindo Rodriguez;PARTIDO CENTRO DEMOCRATICO;108
BOYACA;Sandra Carmenza Leon Daza;PARTIDO ALIANZA VERDE;99
BOYACA;Fabian Vargas Cepeda;PARTIDO LIBERAL COLOMBIANO;93
BOYACA;Milton Delio Sosa Rodriguez;PARTIDO CENTRO DEMOCRATICO;93
BOYACA;Jhon Alexander Bermudez Ospina;PARTIDO ALIANZA VERDE;89
BOYACA;Amanda Patricia Moreno Moyano;PARTIDO ALIANZA VERDE;87
BOYACA;Luis Anibal Rodriguez Daza;PARTIDO ALIANZA VERDE;80
BOYACA;Pedro Julio Cupa Garcia;PARTIDO SOCIAL DE UNIDAD NACIONAL  PARTIDO DE LA U;80
BOYACA;Luis Nelson Caro Rojas;PARTIDO ALIANZA VERDE;73
BOYACA;Luis Antonio Merchan Callejas;PARTIDO CENTRO DEMOCRATICO;63
BOYACA;Antonio Paez Muñoz;PARTIDO ALIANZA VERDE;45
BOYACA;Leonidas Callejas Cifuentes;PARTIDO CENTRO DEMOCRATICO;45
BOYACA;Diana Paola Leguizamon Vargas;PARTIDO ALIANZA VERDE;44
BOYACA;Yuly Catalina Caro Rios;PARTIDO SOCIAL DE UNIDAD NACIONAL  PARTIDO DE LA U;44
BOYACA;Partido Liberal Colombiano;PARTIDO LIBERAL COLOMBIANO;39
BOYACA;Rosa Elena Martinez Cadena;PARTIDO CENTRO DEMOCRATICO;38
BOYACA;William Fernando Callejas Paez;PARTIDO CENTRO DEMOCRATICO;37
BOYACA;Luz Herminda Merchan Rincon;PARTIDO LIBERAL COLOMBIANO;36
BOYACA;Francisco Emilio Cifuentes Rodriguez;PARTIDO LIBERAL COLOMBIANO;35
BOYACA;Omar De Jesus Cifuentes Cifuentes;PARTIDO ALIANZA VERDE;35
BOYACA;Aura Maria Rodriguez Camelo;PARTIDO SOCIAL DE UNIDAD NACIONAL  PARTIDO DE LA U;30
BOYACA;Gloria Eddith Lopez Amaya;PARTIDO CENTRO DEMOCRATICO;30
BOYACA;Maria Claudia Quintero Malagon;PARTIDO SOCIAL DE UNIDAD NACIONAL  PARTIDO DE LA U;27
BOYACA;Maria Alicia Barajas;PARTIDO LIBERAL COLOMBIANO;25
BOYACA;Pablo Jose Suesca Lara;PARTIDO SOCIAL DE UNIDAD NACIONAL  PARTIDO DE LA U;25
BOYACA;Partido Alianza Verde;PARTIDO ALIANZA VERDE;20
BOYACA;Partido Centro Democratico;PARTIDO CENTRO DEMOCRATICO;11
BOYACA;Partido Social De Unidad Nacional  Partido De La U;PARTIDO SOCIAL DE UNIDAD NACIONAL  PARTIDO DE LA U;11
BOYACA;Alicia Callejas;PARTIDO SOCIAL DE UNIDAD NACIONAL  PARTIDO DE LA U;10
BRICEÑO;Jose Onofre Virguez Rojas;PARTIDO CONSERVADOR COLOMBIANO;149
BRICEÑO;Pedronel Villamil Castro;PARTIDO ALIANZA VERDE;141
BRICEÑO;Julio Luvinel Rojas Ortiz;PARTIDO ALIANZA VERDE;134
BRICEÑO;Fabio Enrique Rocha Peña;PARTIDO ALIANZA VERDE;129
BRICEÑO;Celio Gonzalo Ramirez Peña;PARTIDO ALIANZA SOCIAL INDEPENDIENTE ASI;119
BRICEÑO;Jeison Alexander Cañon Casas;PARTIDO CONSERVADOR COLOMBIANO;100
BRICEÑO;Robinson Fabian Pineda Peña;PARTIDO CENTRO DEMOCRATICO;89
BRICEÑO;Pedro Jose Cañon Moreno;PARTIDO CENTRO DEMOCRATICO;69
BRICEÑO;Gregorio Hernando Sanchez Ortiz;PARTIDO CAMBIO RADICAL;65
BRICEÑO;Luz Margoth Ramos Daza;PARTIDO CAMBIO RADICAL;65
BRICEÑO;Marcos Florindo Montañez Abril;PARTIDO CONSERVADOR COLOMBIANO;52
BRICEÑO;Ermes Reinel Rodriguez Ballares;PARTIDO CAMBIO RADICAL;47
BRICEÑO;Blanca Lilia Pineda Montañez;PARTIDO ALIANZA VERDE;45
BRICEÑO;Pedro Josue Sarmiento Ortiz;PARTIDO CONSERVADOR COLOMBIANO;40
BRICEÑO;Faustino Verano Benitez;PARTIDO ALIANZA VERDE;35
BRICEÑO;Fabio Hernando Leon Peña;MOVIMIENTO ALTERNATIVO INDIGENA Y SOCIAL MAIS;33
BRICEÑO;Luz Dary Virguez Murcia;MOVIMIENTO ALTERNATIVO INDIGENA Y SOCIAL MAIS;31
BRICEÑO;Partido Alianza Verde;PARTIDO ALIANZA VERDE;26
BRICEÑO;Partido Conservador Colombiano;PARTIDO CONSERVADOR COLOMBIANO;26
BRICEÑO;Deiner Juliana Burgos Velasquez;PARTIDO ALIANZA VERDE;24
BRICEÑO;Jhon Fredy Ortiz Torres;MOVIMIENTO ALTERNATIVO INDIGENA Y SOCIAL MAIS;24
BRICEÑO;Sonia Masmela Sierra;PARTIDO ALIANZA VERDE;24
BRICEÑO;Doris Yanira Rojas Gomez;PARTIDO CAMBIO RADICAL;22
BRICEÑO;Edith Yaneth Wilches Ortiz;PARTIDO ALIANZA SOCIAL INDEPENDIENTE ASI;22
BRICEÑO;Cristobal Alfonso Murcia Hernandez;PARTIDO CENTRO DEMOCRATICO;20
BRICEÑO;Ingrid Yulieth Buritica;PARTIDO CENTRO DEMOCRATICO;20
BRICEÑO;Blanca Hilda Buitrago Monroy;PARTIDO CENTRO DEMOCRATICO;17
BRICEÑO;Esmeralda Paola Bernal Luque;PARTIDO CONSERVADOR COLOMBIANO;15
BRICEÑO;Henry Hernandez Gutierrez;MOVIMIENTO ALTERNATIVO INDIGENA Y SOCIAL MAIS;14
BRICEÑO;Yerson Andres Castro Ballares;PARTIDO CAMBIO RADICAL;14
BRICEÑO;Partido Centro Democratico;PARTIDO CENTRO DEMOCRATICO;7
BRICEÑO;Wauldino Parra Figueredo;PARTIDO ALIANZA SOCIAL INDEPENDIENTE ASI;7
BRICEÑO;Maria Nubia Leon Arevalo;PARTIDO ALIANZA SOCIAL INDEPENDIENTE ASI;6
BRICEÑO;Karen Yesenia Bravo Cortes;PARTIDO CENTRO DEMOCRATICO;5
BRICEÑO;Maria Dully Pineda De Delgadillo;PARTIDO CONSERVADOR COLOMBIANO;5
BRICEÑO;Norberto Orlando Castillo Suarez;PARTIDO CENTRO DEMOCRATICO;4
BRICEÑO;Partido Alianza Social Independiente Asi;PARTIDO ALIANZA SOCIAL INDEPENDIENTE ASI;4
BRICEÑO;Partido Cambio Radical;PARTIDO CAMBIO RADICAL;4
BRICEÑO;Movimiento Alternativo Indigena Y Social Mais;MOVIMIENTO ALTERNATIVO INDIGENA Y SOCIAL MAIS;3
BRICEÑO;Zoraida Martinez Gonzalez;MOVIMIENTO ALTERNATIVO INDIGENA Y SOCIAL MAIS;2
BUENAVISTA;Luis Gerardo Paez Salinas;PARTIDO CONSERVADOR COLOMBIANO;256
BUENAVISTA;Digman Ancel Rojas Rodriguez;PARTIDO SOCIAL DE UNIDAD NACIONAL  PARTIDO DE LA U;193
BUENAVISTA;Ovidio Parra Peña;PARTIDO CAMBIO RADICAL;165
BUENAVISTA;Alexander Moya Solano;PARTIDO CONSERVADOR COLOMBIANO;154
BUENAVISTA;Audin Rodriguez Fandiño;PARTIDO CENTRO DEMOCRATICO;151
BUENAVISTA;Milton Arturo Valbuena;PARTIDO SOCIAL DE UNIDAD NACIONAL  PARTIDO DE LA U;148
BUENAVISTA;Camilo Alexander Pinilla Buitrago;PARTIDO CENTRO DEMOCRATICO;138
BUENAVISTA;Karen Natalia Gamboa Torres;PARTIDO CENTRO DEMOCRATICO;131
BUENAVISTA;Jose Edilfonso Paez Castillo;PARTIDO ALIANZA VERDE;122
BUENAVISTA;Florencio Buitrago;PARTIDO CAMBIO RADICAL;120
BUENAVISTA;Jairo Cortes Peraza;PARTIDO SOCIAL DE UNIDAD NACIONAL  PARTIDO DE LA U;119
BUENAVISTA;Edilson Inael Ramirez Chacon;PARTIDO CAMBIO RADICAL;110
BUENAVISTA;William Rivera Villamil;PARTIDO ALIANZA VERDE;108
BUENAVISTA;Edilberto Villamil Suarez;PARTIDO SOCIAL DE UNIDAD NACIONAL  PARTIDO DE LA U;95
BUENAVISTA;Ninfa Stella Reyes Gonzalez;PARTIDO CAMBIO RADICAL;88
BUENAVISTA;Deisy Milena Santana Paez;PARTIDO CENTRO DEMOCRATICO;84
BUENAVISTA;Mario Ocampo Rodriguez;PARTIDO LIBERAL COLOMBIANO;80
BUENAVISTA;Cristian Camilo Ortiz Fandiño;PARTIDO ALIANZA VERDE;76
BUENAVISTA;Rodolfo Villalobos Gaitan;PARTIDO SOCIAL DE UNIDAD NACIONAL  PARTIDO DE LA U;73
BUENAVISTA;Gloria Milena Lara Rodriguez;PARTIDO CONSERVADOR COLOMBIANO;66
BUENAVISTA;Luz Jhakeline Ballen Ballen;PARTIDO CONSERVADOR COLOMBIANO;66
BUENAVISTA;Pedro Nel Guzman Espitia;PARTIDO CENTRO DEMOCRATICO;61
BUENAVISTA;Israel Paez Peraza;PARTIDO CENTRO DEMOCRATICO;56
BUENAVISTA;Jenny Angelica Rincon Gonzalez;PARTIDO ALIANZA VERDE;56
BUENAVISTA;Katherine Forero Arevalo;PARTIDO CAMBIO RADICAL;56
BUENAVISTA;Clara Bertilda Rincon Gaitan;PARTIDO CONSERVADOR COLOMBIANO;54
BUENAVISTA;Javier Arevalo Sosa;PARTIDO SOCIAL DE UNIDAD NACIONAL  PARTIDO DE LA U;51
BUENAVISTA;Emilce Avila Sierra;PARTIDO ALIANZA VERDE;40
BUENAVISTA;Esneider Yesid Murcia Suarez;PARTIDO CAMBIO RADICAL;37
BUENAVISTA;Justo Eliseo Varela Rodriguez;PARTIDO CONSERVADOR COLOMBIANO;33
BUENAVISTA;Carlos Julio Murcia Pinilla;PARTIDO LIBERAL COLOMBIANO;32
BUENAVISTA;Luis Alberto Cubides;PARTIDO CENTRO DEMOCRATICO;31
BUENAVISTA;Cristian Albeiro Avila Leon;PARTIDO ALIANZA VERDE;30
BUENAVISTA;Patricia Chavarro Clavijo;PARTIDO CAMBIO RADICAL;28
BUENAVISTA;Belma Fabiola Cabra Pinilla;PARTIDO ALIANZA VERDE;27
BUENAVISTA;Victor Lisandro Arevalo Arevalo;PARTIDO CAMBIO RADICAL;26
BUENAVISTA;Marco Heli Bogoya Angel;PARTIDO CAMBIO RADICAL;25
BUENAVISTA;Alva Lucia Villagran Murcia;PARTIDO SOCIAL DE UNIDAD NACIONAL  PARTIDO DE LA U;22
BUENAVISTA;Partido Centro Democratico;PARTIDO CENTRO DEMOCRATICO;21
BUENAVISTA;Partido Alianza Verde;PARTIDO ALIANZA VERDE;20
BUENAVISTA;Partido Cambio Radical;PARTIDO CAMBIO RADICAL;20
BUENAVISTA;Santos Manuel Arevalo Daza;PARTIDO LIBERAL COLOMBIANO;20
BUENAVISTA;Israel Camacho;PARTIDO CONSERVADOR COLOMBIANO;19
BUENAVISTA;Luis Antonio Romero Heredia;PARTIDO CENTRO DEMOCRATICO;19
BUENAVISTA;Partido Conservador Colombiano;PARTIDO CONSERVADOR COLOMBIANO;18
BUENAVISTA;Partido Liberal Colombiano;PARTIDO LIBERAL COLOMBIANO;18
BUENAVISTA;Yulieth Rocio Ramirez Franco;PARTIDO CENTRO DEMOCRATICO;17
BUENAVISTA;Alberto Cabra Cabra;PARTIDO CONSERVADOR COLOMBIANO;16
BUENAVISTA;Alfonso Coca Ortiz;PARTIDO ALIANZA VERDE;16
BUENAVISTA;Partido Social De Unidad Nacional  Partido De La U;PARTIDO SOCIAL DE UNIDAD NACIONAL  PARTIDO DE LA U;16
BUENAVISTA;Leonor Alvarado Castillo;PARTIDO SOCIAL DE UNIDAD NACIONAL  PARTIDO DE LA U;11
BUENAVISTA;Mayurly Andrea Hermosa Rodriguez;PARTIDO LIBERAL COLOMBIANO;9
BUENAVISTA;Angela Maria Villamil Martinez;PARTIDO SOCIAL DE UNIDAD NACIONAL  PARTIDO DE LA U;6
BUENAVISTA;Jazmin Amado Rincon;PARTIDO LIBERAL COLOMBIANO;4
BUSBANZA;Alba Ignacia Rodriguez Adame;PARTIDO CONSERVADOR COLOMBIANO;86
BUSBANZA;Melquesided Vargas Cardenas;PARTIDO ALIANZA SOCIAL INDEPENDIENTE ASI;79
BUSBANZA;Pedro Antonio Prieto Torres;PARTIDO CONSERVADOR COLOMBIANO;72
BUSBANZA;Marco Fidel Suarez Leguizamo;PARTIDO ALIANZA VERDE;59
BUSBANZA;Gilberto Salamanca Salamanca;PARTIDO ALIANZA SOCIAL INDEPENDIENTE ASI;58
BUSBANZA;Miguel Angel Ducon Vargas;PARTIDO ALIANZA VERDE;58
BUSBANZA;Luis Humberto Vargas Gil;PARTIDO CONSERVADOR COLOMBIANO;52
BUSBANZA;Jairo Albarracin Ducon;PARTIDO CONSERVADOR COLOMBIANO;47
BUSBANZA;Pedro Antonio Albarracin Vargas;PARTIDO ALIANZA VERDE;44
BUSBANZA;Martha Yaneth Cardenas Puentes;PARTIDO ALIANZA VERDE;43
BUSBANZA;Justo Pastor Holguin Gomez;PARTIDO CONSERVADOR COLOMBIANO;41
BUSBANZA;Oscar Mauricio Mateus Salamanca;PARTIDO ALIANZA VERDE;41
BUSBANZA;Azucena Del Carmen Adame Cristancho;PARTIDO ALIANZA VERDE;33
BUSBANZA;Jorge Antonio Salcedo Torres;PARTIDO ALIANZA SOCIAL INDEPENDIENTE ASI;22
BUSBANZA;Jose Alexander Orozco;PARTIDO ALIANZA SOCIAL INDEPENDIENTE ASI;13
BUSBANZA;Maria Paula Cabrera Benavides;PARTIDO ALIANZA VERDE;6
BUSBANZA;Mariela Orozco Alvarez;PARTIDO ALIANZA SOCIAL INDEPENDIENTE ASI;3
BUSBANZA;Partido Alianza Verde;PARTIDO ALIANZA VERDE;3
BUSBANZA;Partido Conservador Colombiano;PARTIDO CONSERVADOR COLOMBIANO;2
BUSBANZA;Elizabeth Rivera Rodas;PARTIDO ALIANZA SOCIAL INDEPENDIENTE ASI;1
BUSBANZA;Partido Alianza Social Independiente Asi;PARTIDO ALIANZA SOCIAL INDEPENDIENTE ASI;1
BUSBANZA;Sandra Milena Corredor Martinez;PARTIDO CONSERVADOR COLOMBIANO;1
CALDAS;Daniel Humberto Cortes Ortiz;PARTIDO SOCIAL DE UNIDAD NACIONAL  PARTIDO DE LA U;139
CALDAS;Cristian Fabian Lopez Castillo;PARTIDO ALIANZA VERDE;130
CALDAS;Ediner Mauricio Mateus Cortes;PARTIDO LIBERAL COLOMBIANO;130
CALDAS;Jesus Alonso Guzman Gonzalez;PARTIDO ALIANZA VERDE;118
CALDAS;Jose William Albornoz Ortega;PARTIDO LIBERAL COLOMBIANO;112
CALDAS;Gilberto Sanchez Burgos;PARTIDO CONSERVADOR COLOMBIANO;110
CALDAS;Hector Eduardo Quiroga Cano;PARTIDO ALIANZA VERDE;108
CALDAS;Dagoberto Castillo Roncancio;PARTIDO CONSERVADOR COLOMBIANO;106
CALDAS;Fredy Evangelista Cortes Cañon;PARTIDO ALIANZA SOCIAL INDEPENDIENTE ASI;106
CALDAS;Fredy Giovanni Peña Pinilla;PARTIDO CENTRO DEMOCRATICO;100
CALDAS;Segundo Eustaquio Gonzalez Forero;PARTIDO ALIANZA VERDE;94
CALDAS;Cesar Augusto Villamil Paez;PARTIDO LIBERAL COLOMBIANO;88
CALDAS;Cesar Augusto Sanchez Rivera;PARTIDO ALIANZA SOCIAL INDEPENDIENTE ASI;83
CALDAS;Andres Reinaldo Lancheros Olmos;PARTIDO ALIANZA SOCIAL INDEPENDIENTE ASI;75
CALDAS;Raul Hernando Peña Wilches;PARTIDO LIBERAL COLOMBIANO;72
CALDAS;Maribel Albornoz Lancheros;PARTIDO LIBERAL COLOMBIANO;63
CALDAS;Pedro Pablo Bravo Garcia;PARTIDO CONSERVADOR COLOMBIANO;56
CALDAS;Juan Humberto Ramirez Yepez;PARTIDO SOCIAL DE UNIDAD NACIONAL  PARTIDO DE LA U;51
CALDAS;Oscar Camilo Gonzalez;PARTIDO ALIANZA SOCIAL INDEPENDIENTE ASI;50
CALDAS;Ruth Guauque Castro;PARTIDO LIBERAL COLOMBIANO;45
CALDAS;Wilson Poveda Forero;PARTIDO SOCIAL DE UNIDAD NACIONAL  PARTIDO DE LA U;31
CALDAS;Yenny Marcela Solano Murcia;PARTIDO CONSERVADOR COLOMBIANO;28
CALDAS;Carmen Rosa Cortes Castellanos;PARTIDO ALIANZA VERDE;26
CALDAS;Partido Liberal Colombiano;PARTIDO LIBERAL COLOMBIANO;24
CALDAS;Claudia Esperanza Gonzalez Sanchez;PARTIDO LIBERAL COLOMBIANO;21
CALDAS;Dinain Antonio Bonilla;PARTIDO CENTRO DEMOCRATICO;21
CALDAS;Jose De Jesus Sanchez Ramirez;PARTIDO CENTRO DEMOCRATICO;21
CALDAS;Partido Alianza Verde;PARTIDO ALIANZA VERDE;21
CALDAS;Diego Duvan Rincon Peña;PARTIDO CENTRO DEMOCRATICO;18
CALDAS;Karen Daniela Castiblanco Camargo;PARTIDO ALIANZA VERDE;14
CALDAS;Partido Conservador Colombiano;PARTIDO CONSERVADOR COLOMBIANO;14
CALDAS;Lyda Fernanda Pinilla Albornoz;PARTIDO CENTRO DEMOCRATICO;13
CALDAS;Partido Alianza Social Independiente Asi;PARTIDO ALIANZA SOCIAL INDEPENDIENTE ASI;11
CALDAS;Rubiela Esperanza Cañon Forero;PARTIDO CENTRO DEMOCRATICO;11
CALDAS;Partido Centro Democratico;PARTIDO CENTRO DEMOCRATICO;9
CALDAS;Gladys Elvia Neira Bonilla;PARTIDO ALIANZA SOCIAL INDEPENDIENTE ASI;8
CALDAS;Gloria Isabel Yepes Reiba;PARTIDO CONSERVADOR COLOMBIANO;8
CALDAS;Margarita Geraldine Ruiz Bravo;PARTIDO ALIANZA SOCIAL INDEPENDIENTE ASI;8
CALDAS;Partido Social De Unidad Nacional  Partido De La U;PARTIDO SOCIAL DE UNIDAD NACIONAL  PARTIDO DE LA U;8
CALDAS;Jose Edilson Ortiz Gualteros;PARTIDO SOCIAL DE UNIDAD NACIONAL  PARTIDO DE LA U;5
CALDAS;Karen Daniela Rodriguez Abril;PARTIDO SOCIAL DE UNIDAD NACIONAL  PARTIDO DE LA U;5
CALDAS;Maria Edilsa Sanchez Ballen;PARTIDO CONSERVADOR COLOMBIANO;5
CALDAS;Yacqueline Pineda Parra;PARTIDO SOCIAL DE UNIDAD NACIONAL  PARTIDO DE LA U;1
CAMPOHERMOSO;Partido Social De Unidad Nacional  Partido De La U;PARTIDO SOCIAL DE UNIDAD NACIONAL  PARTIDO DE LA U;334
CAMPOHERMOSO;Partido Alianza Verde;PARTIDO ALIANZA VERDE;196
CAMPOHERMOSO;Julio Alberto Sosa Pachon;PARTIDO CONSERVADOR COLOMBIANO;178
CAMPOHERMOSO;Dario Montañez Peña;PARTIDO CONSERVADOR COLOMBIANO;164
CAMPOHERMOSO;Partido Centro Democratico;PARTIDO CENTRO DEMOCRATICO;143
CAMPOHERMOSO;Partido Alianza Social Independiente Asi;PARTIDO ALIANZA SOCIAL INDEPENDIENTE ASI;131
CAMPOHERMOSO;Moises Leonel Avila Arias;PARTIDO LIBERAL COLOMBIANO;105
CAMPOHERMOSO;Yuvi Johana Ramirez Lopez;PARTIDO CONSERVADOR COLOMBIANO;96
CAMPOHERMOSO;Yamid Lesmes Parra;PARTIDO CAMBIO RADICAL;86
CAMPOHERMOSO;Elizabeth Morales Cano;PARTIDO CAMBIO RADICAL;78
CAMPOHERMOSO;Jose Abelino Ortega Gomez;PARTIDO LIBERAL COLOMBIANO;67
CAMPOHERMOSO;Nubia Buitrago Martinez;PARTIDO CONSERVADOR COLOMBIANO;56
CAMPOHERMOSO;Henry Antonio Novoa Bacca;PARTIDO CONSERVADOR COLOMBIANO;46
CAMPOHERMOSO;Gentil Benavides Tose;PARTIDO LIBERAL COLOMBIANO;34
CAMPOHERMOSO;Claudia Marlen Huertas Melo;PARTIDO CONSERVADOR COLOMBIANO;20
CAMPOHERMOSO;Partido Conservador Colombiano;PARTIDO CONSERVADOR COLOMBIANO;16
CAMPOHERMOSO;Lida Marsela Vega Cubides;PARTIDO LIBERAL COLOMBIANO;13
CAMPOHERMOSO;Partido Cambio Radical;PARTIDO CAMBIO RADICAL;10
CAMPOHERMOSO;Partido Liberal Colombiano;PARTIDO LIBERAL COLOMBIANO;9
CAMPOHERMOSO;Pastor Lopez Jimenez;PARTIDO CAMBIO RADICAL;9
CAMPOHERMOSO;Alveiro Osorio Novoa;PARTIDO CONSERVADOR COLOMBIANO;7
CERINZA;Esperanza Acuña Castro;PARTIDO CONSERVADOR COLOMBIANO;224
CERINZA;Christian Camilo Manosalva Pico;PARTIDO CENTRO DEMOCRATICO;147
CERINZA;Lady Johanna Munevar Manrique;PARTIDO ALIANZA VERDE;138
CERINZA;Gustavo Rincon Cardenas;PARTIDO CENTRO DEMOCRATICO;135
CERINZA;Elsa Juliana Corredor Reyes;PARTIDO CONSERVADOR COLOMBIANO;134
CERINZA;Claudia Esperanza Infante Diaz;PARTIDO CONSERVADOR COLOMBIANO;107
CERINZA;Fredy Alberto Manosalva Manrique;PARTIDO ALIANZA VERDE;102
CERINZA;Fabian Ernesto Suarez Burgos;PARTIDO CONSERVADOR COLOMBIANO;100
CERINZA;Partido Colombia Justa Libres;PARTIDO COLOMBIA JUSTA LIBRES;87
CERINZA;Oscar Adolfo Alvarez Piñeros;PARTIDO CAMBIO RADICAL;83
CERINZA;Wilmer Dario Fonseca Calixto;PARTIDO ALIANZA VERDE;80
CERINZA;Deisy Johana Corredor Corredor;PARTIDO CENTRO DEMOCRATICO;72
CERINZA;Edwin Javier Balaguera Sanchez;PARTIDO ALIANZA VERDE;69
CERINZA;Expedito De Jesus Vargas Torres;PARTIDO CENTRO DEMOCRATICO;68
CERINZA;Teresa De Jesus Rojas Baez;PARTIDO ALIANZA VERDE;62
CERINZA;Eduin Dario Reyes Gonzalez;PARTIDO CAMBIO RADICAL;60
CERINZA;Gladys Becerra Moreno;PARTIDO CENTRO DEMOCRATICO;59
CERINZA;Luis Carlos Castro Martinez;PARTIDO CONSERVADOR COLOMBIANO;54
CERINZA;Blanca Cecilia Baez Rodriguez;PARTIDO CAMBIO RADICAL;48
CERINZA;Clara Rincon Puentes;PARTIDO CAMBIO RADICAL;48
CERINZA;Ana Milena Castro Rivera;PARTIDO CENTRO DEMOCRATICO;47
CERINZA;Luis Eduardo Garces Cepeda;PARTIDO CAMBIO RADICAL;46
CERINZA;Zaudiel Becerra Herrera;PARTIDO ALIANZA SOCIAL INDEPENDIENTE ASI;44
CERINZA;Juan Gabriel Pinto Morales;PARTIDO ALIANZA VERDE;42
CERINZA;Claudio De Jesus Estepa Albarracin;PARTIDO CAMBIO RADICAL;39
CERINZA;Aristulio Leon Moreno;PARTIDO ALIANZA SOCIAL INDEPENDIENTE ASI;38
CERINZA;Jonh Edison Corredor Baez;PARTIDO ALIANZA SOCIAL INDEPENDIENTE ASI;35
CERINZA;Ciomara Rios Cuy;PARTIDO ALIANZA SOCIAL INDEPENDIENTE ASI;30
CERINZA;Luisa Maria Sepulveda Bautista;PARTIDO ALIANZA VERDE;30
CERINZA;Nancy Alcira Gallo Tuta;PARTIDO CONSERVADOR COLOMBIANO;28
CERINZA;Partido Alianza Verde;PARTIDO ALIANZA VERDE;28
CERINZA;Gilma Del Transito Castro Castellanos;PARTIDO ALIANZA SOCIAL INDEPENDIENTE ASI;27
CERINZA;Carlos Julio Carvajal Castro;PARTIDO ALIANZA SOCIAL INDEPENDIENTE ASI;26
CERINZA;Ana Milena Becerra Morantes;PARTIDO CAMBIO RADICAL;25
CERINZA;Angel Rafael Vargas Torres;PARTIDO CONSERVADOR COLOMBIANO;25
CERINZA;Partido Alianza Social Independiente Asi;PARTIDO ALIANZA SOCIAL INDEPENDIENTE ASI;21
CERINZA;Yina Magnollia Vargas Perez;PARTIDO ALIANZA SOCIAL INDEPENDIENTE ASI;17
CERINZA;Libardo Castro Diaz;PARTIDO CENTRO DEMOCRATICO;15
CERINZA;Partido Conservador Colombiano;PARTIDO CONSERVADOR COLOMBIANO;15
CERINZA;Partido Cambio Radical;PARTIDO CAMBIO RADICAL;14
CERINZA;Partido Centro Democratico;PARTIDO CENTRO DEMOCRATICO;12
CHINAVITA;Maria Rosa Margarita Pedreros Huertas;PARTIDO ALIANZA VERDE;173
CHINAVITA;Edgar Fabian Sarmiento;PARTIDO ALIANZA VERDE;164
CHINAVITA;Jose Elias Parra Salcedo;PARTIDO ALIANZA VERDE;159
CHINAVITA;Rafael Antonio Gamez Rodriguez;PARTIDO CAMBIO RADICAL;127
CHINAVITA;Carlos Alberto Jimenez Ruiz;PARTIDO CONSERVADOR COLOMBIANO;105
CHINAVITA;German Dario Sanabria Molina;PARTIDO SOCIAL DE UNIDAD NACIONAL  PARTIDO DE LA U;93
CHINAVITA;Luis Angel Segura Gomez;PARTIDO SOCIAL DE UNIDAD NACIONAL  PARTIDO DE LA U;92
CHINAVITA;Luis Alfredo Fandiño Segura;PARTIDO ALIANZA VERDE;87
CHINAVITA;Omar Hernando Peña Rubiano;PARTIDO CENTRO DEMOCRATICO;87
CHINAVITA;Saulo Gabriel Sanchez Paez;PARTIDO CAMBIO RADICAL;85
CHINAVITA;Carlos Manuel Amado Aldana;PARTIDO CENTRO DEMOCRATICO;80
CHINAVITA;Raimundo Gomez Cruz;PARTIDO SOCIAL DE UNIDAD NACIONAL  PARTIDO DE LA U;70
CHINAVITA;Doris Del Rosario Molina Mora;PARTIDO CAMBIO RADICAL;66
CHINAVITA;Nohora Rosa Herrera Riaño;PARTIDO ALIANZA VERDE;66
CHINAVITA;Sandra Milena Gomez Aponte;PARTIDO CENTRO DEMOCRATICO;66
CHINAVITA;Juli Nathaly Cano Leguizamo;PARTIDO SOCIAL DE UNIDAD NACIONAL  PARTIDO DE LA U;65
CHINAVITA;Luis Alfonso Cepeda Rivera;PARTIDO ALIANZA VERDE;61
CHINAVITA;Paula Andrea Perez Parada;PARTIDO ALIANZA VERDE;44
CHINAVITA;Jose Martin Rubio Chacon;PARTIDO CENTRO DEMOCRATICO;43
CHINAVITA;Ana Tulia Rojas De Galindo;PARTIDO CENTRO DEMOCRATICO;40
CHINAVITA;Luis Felipe Rojas Naranjo;PARTIDO CENTRO DEMOCRATICO;40
CHINAVITA;Luz Mery Caballero Aponte;PARTIDO SOCIAL DE UNIDAD NACIONAL  PARTIDO DE LA U;40
CHINAVITA;Luz Mery Rivera Vanegas;PARTIDO SOCIAL DE UNIDAD NACIONAL  PARTIDO DE LA U;36
CHINAVITA;Luis Alfonso Nope Maldonado;PARTIDO SOCIAL DE UNIDAD NACIONAL  PARTIDO DE LA U;35
CHINAVITA;Milton Yesid Fandiño Gomez;PARTIDO CAMBIO RADICAL;31
CHINAVITA;Partido Alianza Verde;PARTIDO ALIANZA VERDE;26
CHINAVITA;Angela Patricia Chacon Torres;PARTIDO CONSERVADOR COLOMBIANO;24
CHINAVITA;Liliana Marcela Cardenas Pinzon;PARTIDO CENTRO DEMOCRATICO;20
CHINAVITA;Partido Social De Unidad Nacional  Partido De La U;PARTIDO SOCIAL DE UNIDAD NACIONAL  PARTIDO DE LA U;17
CHINAVITA;Partido Cambio Radical;PARTIDO CAMBIO RADICAL;9
CHINAVITA;Partido Centro Democratico;PARTIDO CENTRO DEMOCRATICO;9
CHINAVITA;Partido Conservador Colombiano;PARTIDO CONSERVADOR COLOMBIANO;6
CHINAVITA;Erika Vannesa Torres Fernandez;PARTIDO CAMBIO RADICAL;4
CHINAVITA;Jully Rojas Rivera;PARTIDO CAMBIO RADICAL;4
CHINAVITA;Leslie Vanesa Alfonso Alfonso;PARTIDO CONSERVADOR COLOMBIANO;3
CHIQUINQUIRA;Juan Sebastian Jimenez Jimenez;COALICION CAMBIO RADICAL - PARTIDO MIRA;936
CHIQUINQUIRA;Juan Carlos Jimenez Suarez;PARTIDO ALIANZA VERDE;897
CHIQUINQUIRA;Partido Colombia Justa Libres;PARTIDO COLOMBIA JUSTA LIBRES;815
CHIQUINQUIRA;Rosalba Burgos Castellanos;PARTIDO CONSERVADOR COLOMBIANO;635
CHIQUINQUIRA;Cesar Julian Pedreros Rua;PARTIDO ALIANZA VERDE;608
CHIQUINQUIRA;Edwin Quimbayo Scarpetta;PARTIDO ALIANZA VERDE;543
CHIQUINQUIRA;Hector Zamir Cabanzo Buitrago;PARTIDO SOCIAL DE UNIDAD NACIONAL  PARTIDO DE LA U;532
CHIQUINQUIRA;Julio Vicente Ortegon Ortegon;PARTIDO ALIANZA VERDE;487
CHIQUINQUIRA;Luis Javier Cortes Ferro;PARTIDO ALIANZA VERDE;458
CHIQUINQUIRA;Edgar Lopez Sanchez;PARTIDO LIBERAL COLOMBIANO;453
CHIQUINQUIRA;Oscar Lein Daza Cañon;PARTIDO ALIANZA VERDE;447
CHIQUINQUIRA;Wilian Ricardo Cortes Peña;PARTIDO ALIANZA SOCIAL INDEPENDIENTE ASI;421
CHIQUINQUIRA;Omar Armando Rodriguez Gonzalez;COALICION CAMBIO RADICAL - PARTIDO MIRA;393
CHIQUINQUIRA;Jose Enrique Poveda Saza;PARTIDO CENTRO DEMOCRATICO;383
CHIQUINQUIRA;Dairo Yesid Salinas Vargas;PARTIDO LIBERAL COLOMBIANO;380
CHIQUINQUIRA;Jose Tomas Merchan Fresno;PARTIDO CONSERVADOR COLOMBIANO;380
CHIQUINQUIRA;Luis Alfredo Sandoval Sandoval;PARTIDO SOCIAL DE UNIDAD NACIONAL  PARTIDO DE LA U;378
CHIQUINQUIRA;Nancy Yaneth Zapata Pachon;COALICION CAMBIO RADICAL - PARTIDO MIRA;376
CHIQUINQUIRA;Carlos Ivan Martinez Suarez;PARTIDO COLOMBIA RENACIENTE;373
CHIQUINQUIRA;Ligia Moreno Pedroza;COALICION CAMBIO RADICAL - PARTIDO MIRA;373
CHIQUINQUIRA;Carlos Yair Cortes Rivera;PARTIDO CENTRO DEMOCRATICO;348
CHIQUINQUIRA;Milton Eduardo Peña Cañon;PARTIDO CONSERVADOR COLOMBIANO;333
CHIQUINQUIRA;Luis Alberto Aguilar Espitia;MOVIMIENTO ALTERNATIVO INDIGENA Y SOCIAL MAIS;316
CHIQUINQUIRA;Ronald Alexis Burgos Ortiz;PARTIDO CONSERVADOR COLOMBIANO;305
CHIQUINQUIRA;Jeisson Arvey Granados Murcia;PARTIDO LIBERAL COLOMBIANO;295
CHIQUINQUIRA;Eduar Ramiro Berrio Castellanos;COALICION CAMBIO RADICAL - PARTIDO MIRA;288
CHIQUINQUIRA;Pedro Nel Espitia Poveda;PARTIDO CENTRO DEMOCRATICO;287
CHIQUINQUIRA;Ivan Eduardo Garzon Garcia;PARTIDO CONSERVADOR COLOMBIANO;276
CHIQUINQUIRA;Ronal Alberto Monroy Casas;PARTIDO ALIANZA VERDE;254
CHIQUINQUIRA;Jairo Montero Malaver;PARTIDO ALIANZA SOCIAL INDEPENDIENTE ASI;252
CHIQUINQUIRA;Rafael Alfonso Barrios Salinas;PARTIDO CONSERVADOR COLOMBIANO;252
CHIQUINQUIRA;Edgar Torres Garavito;COALICION CAMBIO RADICAL - PARTIDO MIRA;248
CHIQUINQUIRA;Segundo Aristarco Ortiz Martinez;PARTIDO ALIANZA VERDE;235
CHIQUINQUIRA;Jorge Eduardo Murcia Arenas;MOVIMIENTO ALTERNATIVO INDIGENA Y SOCIAL MAIS;227
CHIQUINQUIRA;Carlos Omar Rojas Ruge;MOVIMIENTO ALTERNATIVO INDIGENA Y SOCIAL MAIS;219
CHIQUINQUIRA;Juan Diego Guerra Florian;COLOMBIA HUMANA - UNION PATRIOTICA;217
CHIQUINQUIRA;Carlos Humberto Castañeda Ordoñez;COALICION CAMBIO RADICAL - PARTIDO MIRA;215
CHIQUINQUIRA;Fredy Alfonso Garcia Benitez;COALICION CAMBIO RADICAL - PARTIDO MIRA;211
CHIQUINQUIRA;Diego Bravo Martinez;PARTIDO SOCIAL DE UNIDAD NACIONAL  PARTIDO DE LA U;207
CHIQUINQUIRA;Partido Alianza Verde;PARTIDO ALIANZA VERDE;195
CHIQUINQUIRA;Hector Mauricio Parra Arenas;PARTIDO LIBERAL COLOMBIANO;193
CHIQUINQUIRA;Edgar Zamir Cortes Fajardo;PARTIDO CONSERVADOR COLOMBIANO;192
CHIQUINQUIRA;Fabian Alberto Garcia Rodriguez;PARTIDO SOCIAL DE UNIDAD NACIONAL  PARTIDO DE LA U;190
CHIQUINQUIRA;Luis German Nuñez Castellanos;PARTIDO CENTRO DEMOCRATICO;182
CHIQUINQUIRA;Jenny Leandra Castillo Perez;PARTIDO ALIANZA VERDE;181
CHIQUINQUIRA;Carlos Eduardo Aguilera Buitrago;PARTIDO ALIANZA VERDE;177
CHIQUINQUIRA;Jose Aquileo Benitez Ortega;MOVIMIENTO ALTERNATIVO INDIGENA Y SOCIAL MAIS;176
CHIQUINQUIRA;Rodolfo Armando Amador Torres;MOVIMIENTO ALTERNATIVO INDIGENA Y SOCIAL MAIS;176
CHIQUINQUIRA;Hector Fernando Ballen Castro;COALICION CAMBIO RADICAL - PARTIDO MIRA;174
CHIQUINQUIRA;Cesar Daniel Laiton Castillo;MOVIMIENTO ALTERNATIVO INDIGENA Y SOCIAL MAIS;172
CHIQUINQUIRA;Pedro Nel Salas Pinilla;MOVIMIENTO ALTERNATIVO INDIGENA Y SOCIAL MAIS;167
CHIQUINQUIRA;Alexander Rios Villamil;PARTIDO SOCIAL DE UNIDAD NACIONAL  PARTIDO DE LA U;161
CHIQUINQUIRA;German Eduardo Cuellar Parra;PARTIDO CONSERVADOR COLOMBIANO;158
CHIQUINQUIRA;Miguel Antonio Caro Borda;PARTIDO CENTRO DEMOCRATICO;156
CHIQUINQUIRA;Hernando Mahecha Orjuela;PARTIDO ALIANZA SOCIAL INDEPENDIENTE ASI;154
CHIQUINQUIRA;Manuel Francisco Medrano Diaz;MOVIMIENTO ALTERNATIVO INDIGENA Y SOCIAL MAIS;152
CHIQUINQUIRA;Angela Adriana Ortiz Castro;COALICION CAMBIO RADICAL - PARTIDO MIRA;147
CHIQUINQUIRA;Edgar Vega Silva;PARTIDO LIBERAL COLOMBIANO;144
CHIQUINQUIRA;Alba Maria Alfonso Salazar;MOVIMIENTO ALTERNATIVO INDIGENA Y SOCIAL MAIS;134
CHIQUINQUIRA;Partido Conservador Colombiano;PARTIDO CONSERVADOR COLOMBIANO;134
CHIQUINQUIRA;Alexander Hernandez Arenas;MOVIMIENTO ALTERNATIVO INDIGENA Y SOCIAL MAIS;131
CHIQUINQUIRA;Jose Mauricio Martinez Garcia;PARTIDO ALIANZA VERDE;131
CHIQUINQUIRA;Luis Eduardo Rodriguez Rocha;PARTIDO CENTRO DEMOCRATICO;131
CHIQUINQUIRA;Partido Centro Democratico;PARTIDO CENTRO DEMOCRATICO;131
CHIQUINQUIRA;Mayra Alejandra Rodriguez Real;PARTIDO ALIANZA SOCIAL INDEPENDIENTE ASI;130
CHIQUINQUIRA;Edisson Samuel Ruge Villamil;PARTIDO COLOMBIA RENACIENTE;128
CHIQUINQUIRA;Nayith Fernando Rincon Molina;COLOMBIA HUMANA - UNION PATRIOTICA;124
CHIQUINQUIRA;Jorge Andres Castillo Neiza;COALICION CAMBIO RADICAL - PARTIDO MIRA;122
CHIQUINQUIRA;Jose Florentino Garcia Norato;PARTIDO CENTRO DEMOCRATICO;120
CHIQUINQUIRA;Jorge Enrique Ortiz Laiton;PARTIDO ALIANZA SOCIAL INDEPENDIENTE ASI;117
CHIQUINQUIRA;Claudio Hernan Rojas Villanueva;PARTIDO CONSERVADOR COLOMBIANO;114
CHIQUINQUIRA;Melco Noe De Jesus Herreño Bayona;PARTIDO COLOMBIA RENACIENTE;113
CHIQUINQUIRA;Mary Johanna Velasquez Benitez;PARTIDO ALIANZA VERDE;112
CHIQUINQUIRA;Ana Nayibe Polania Diaz;PARTIDO CONSERVADOR COLOMBIANO;106
CHIQUINQUIRA;Camilo Antonio Borda Salinas;PARTIDO ALIANZA SOCIAL INDEPENDIENTE ASI;102
CHIQUINQUIRA;Ignacio Gustavo Aguirre Leal;PARTIDO POLO DEMOCRATICO ALTERNATIVO;99
CHIQUINQUIRA;Jose Daladier Castillo Antonio;PARTIDO ALIANZA SOCIAL INDEPENDIENTE ASI;97
CHIQUINQUIRA;Edilson Adolfo Sotelo Cortes;PARTIDO CENTRO DEMOCRATICO;96
CHIQUINQUIRA;Norbey Aya Herrera;PARTIDO CENTRO DEMOCRATICO;96
CHIQUINQUIRA;Johnny Alexander Hernandez Murcia;COLOMBIA HUMANA - UNION PATRIOTICA;94
CHIQUINQUIRA;Orlando Suarez Roncancio;COALICION CAMBIO RADICAL - PARTIDO MIRA;92
CHIQUINQUIRA;Luis Eduardo Valero Velasquez;PARTIDO LIBERAL COLOMBIANO;90
CHIQUINQUIRA;Carlos Alexander Pineda Espitia;PARTIDO COLOMBIA RENACIENTE;84
CHIQUINQUIRA;Jose Juvenal Giraldo Arroyave;PARTIDO ALIANZA SOCIAL INDEPENDIENTE ASI;83
CHIQUINQUIRA;Bibiana Esperanza Castro Aldana;PARTIDO CONSERVADOR COLOMBIANO;82
CHIQUINQUIRA;Nidia Celmira Castellanos Castillo;PARTIDO LIBERAL COLOMBIANO;82
CHIQUINQUIRA;Camila Andrea Ballen Cifuentes;PARTIDO POLO DEMOCRATICO ALTERNATIVO;81
CHIQUINQUIRA;Partido Liberal Colombiano;PARTIDO LIBERAL COLOMBIANO;81
CHIQUINQUIRA;Coalicion Cambio Radical - Partido Mira;COALICION CAMBIO RADICAL - PARTIDO MIRA;74
CHIQUINQUIRA;Elba Constanza Sanchez Gonzalez;PARTIDO SOCIAL DE UNIDAD NACIONAL  PARTIDO DE LA U;74
CHIQUINQUIRA;Movimiento Alternativo Indigena Y Social Mais;MOVIMIENTO ALTERNATIVO INDIGENA Y SOCIAL MAIS;72
CHIQUINQUIRA;Ricardo Alfredo Herrera Espitia;COLOMBIA HUMANA - UNION PATRIOTICA;68
CHIQUINQUIRA;Roman Eduardo Mercado Mejia;PARTIDO CONSERVADOR COLOMBIANO;68
CHIQUINQUIRA;Lizeth Fernanda Peña Urrego;PARTIDO CENTRO DEMOCRATICO;67
CHIQUINQUIRA;Liliana Paola Castillo Tobo;PARTIDO COLOMBIA RENACIENTE;66
CHIQUINQUIRA;Clara Daniela Velasco Nuñez;PARTIDO LIBERAL COLOMBIANO;65
CHIQUINQUIRA;Maria Del Carmen Peña Avila;PARTIDO SOCIAL DE UNIDAD NACIONAL  PARTIDO DE LA U;65
CHIQUINQUIRA;Sandra Patricia Moreno Forero;PARTIDO COLOMBIA RENACIENTE;65
CHIQUINQUIRA;Olga Liliana Castañeda Rodriguez;MOVIMIENTO ALTERNATIVO INDIGENA Y SOCIAL MAIS;64
CHIQUINQUIRA;Yesid Fernando Duran Garzon;PARTIDO COLOMBIA RENACIENTE;63
CHIQUINQUIRA;Karol Elibeth Hernandez Alfonso;PARTIDO COLOMBIA RENACIENTE;61
CHIQUINQUIRA;Yobani Armando Monroy Forero;PARTIDO COLOMBIA RENACIENTE;61
CHIQUINQUIRA;Edith Xiomara Alvarez Fajardo;PARTIDO CENTRO DEMOCRATICO;60
CHIQUINQUIRA;Juan De Jesus Peña Rincon;PARTIDO ALIANZA SOCIAL INDEPENDIENTE ASI;60
CHIQUINQUIRA;Ligia Isabel Fajardo Garavito;COLOMBIA HUMANA - UNION PATRIOTICA;59
CHIQUINQUIRA;Shary Mishelly Villamil Garcia;PARTIDO COLOMBIA RENACIENTE;59
CHIQUINQUIRA;Partido Alianza Social Independiente Asi;PARTIDO ALIANZA SOCIAL INDEPENDIENTE ASI;58
CHIQUINQUIRA;Hector Uriel Parra Chaparro;PARTIDO LIBERAL COLOMBIANO;56
CHIQUINQUIRA;Victor Julio Corredor Medina;PARTIDO SOCIAL DE UNIDAD NACIONAL  PARTIDO DE LA U;56
CHIQUINQUIRA;Leidy Johana Rodriguez Matallana;PARTIDO LIBERAL COLOMBIANO;53
CHIQUINQUIRA;Edilberto Gonzalez Vanegas;MOVIMIENTO ALTERNATIVO INDIGENA Y SOCIAL MAIS;52
CHIQUINQUIRA;Partido Social De Unidad Nacional  Partido De La U;PARTIDO SOCIAL DE UNIDAD NACIONAL  PARTIDO DE LA U;51
CHIQUINQUIRA;Anatilia Carreño De Villamil;PARTIDO CENTRO DEMOCRATICO;50
CHIQUINQUIRA;Jeisson Arbey Martinez Rojas;COLOMBIA HUMANA - UNION PATRIOTICA;49
CHIQUINQUIRA;Luz Marina Sanabria;PARTIDO CONSERVADOR COLOMBIANO;49
CHIQUINQUIRA;Rosemberg Ballesteros Cubides;PARTIDO COLOMBIA RENACIENTE;46
CHIQUINQUIRA;Eliana Andrea Ruiz Cuellar;PARTIDO ALIANZA VERDE;44
CHIQUINQUIRA;Victor Hugo Cortes Pirazan;PARTIDO COLOMBIA RENACIENTE;43
CHIQUINQUIRA;Javier Orlando Jimenez Sanabria;PARTIDO LIBERAL COLOMBIANO;40
CHIQUINQUIRA;Martha Diaz Mendez;PARTIDO LIBERAL COLOMBIANO;36
CHIQUINQUIRA;Colombia Humana - Union Patriotica;COLOMBIA HUMANA - UNION PATRIOTICA;35
CHIQUINQUIRA;Francisco Javier Villamil Jauregui;PARTIDO SOCIAL DE UNIDAD NACIONAL  PARTIDO DE LA U;35
CHIQUINQUIRA;Ronald Yesid Murcia Villamil;COLOMBIA HUMANA - UNION PATRIOTICA;35
CHIQUINQUIRA;Laura Ximena Acuña Sanabria;PARTIDO CENTRO DEMOCRATICO;33
CHIQUINQUIRA;Luis Eduardo Suarez Patiño;PARTIDO POLO DEMOCRATICO ALTERNATIVO;33
CHIQUINQUIRA;Raul Yesid Salinas Roa;PARTIDO LIBERAL COLOMBIANO;33
CHIQUINQUIRA;William Alexander Paez Avila;PARTIDO LIBERAL COLOMBIANO;33
CHIQUINQUIRA;Yury Ximena Gomez;PARTIDO ALIANZA VERDE;31
CHIQUINQUIRA;Cristian Camilo Vargas Castro;COLOMBIA HUMANA - UNION PATRIOTICA;30
CHIQUINQUIRA;Cristian Yesid Mahecha Castañeda;PARTIDO ALIANZA SOCIAL INDEPENDIENTE ASI;29
CHIQUINQUIRA;Luis Fernando Pedrozo Castro;PARTIDO SOCIAL DE UNIDAD NACIONAL  PARTIDO DE LA U;28
CHIQUINQUIRA;Juana Amalia Chacon Castro;COLOMBIA HUMANA - UNION PATRIOTICA;26
CHIQUINQUIRA;Partido Polo Democratico Alternativo;PARTIDO POLO DEMOCRATICO ALTERNATIVO;26
CHIQUINQUIRA;Brayan Felipe Hurtado Rojas;PARTIDO POLO DEMOCRATICO ALTERNATIVO;25
CHIQUINQUIRA;Gloria Marlen Benitez Guzman;PARTIDO COLOMBIA RENACIENTE;25
CHIQUINQUIRA;Jenny Andrea Hernandez Cordoba;PARTIDO POLO DEMOCRATICO ALTERNATIVO;25
CHIQUINQUIRA;Eduardo Pinilla Poveda;COLOMBIA HUMANA - UNION PATRIOTICA;24
CHIQUINQUIRA;Paula Daniela Peralta Matallana;PARTIDO CONSERVADOR COLOMBIANO;23
CHIQUINQUIRA;Andres Leonardo Garcia Alarcon;COALICION CAMBIO RADICAL - PARTIDO MIRA;22
CHIQUINQUIRA;Erika Tatiana Torres Solano;PARTIDO ALIANZA SOCIAL INDEPENDIENTE ASI;22
CHIQUINQUIRA;Liceth Vargas Veloza;MOVIMIENTO ALTERNATIVO INDIGENA Y SOCIAL MAIS;21
CHIQUINQUIRA;Partido Colombia Renaciente;PARTIDO COLOMBIA RENACIENTE;20
CHIQUINQUIRA;Deysi Mayerli Ortiz Peña;PARTIDO ALIANZA VERDE;17
CHIQUINQUIRA;Laura Alejandra Contreras Ulloa;PARTIDO ALIANZA SOCIAL INDEPENDIENTE ASI;17
CHIQUINQUIRA;Luis Felipe Escobar Gonzalez;PARTIDO POLO DEMOCRATICO ALTERNATIVO;17
CHIQUINQUIRA;Tanya Michell Moreno Ibañez;COALICION CAMBIO RADICAL - PARTIDO MIRA;17
CHIQUINQUIRA;Cesar Augusto Paez Pulido;COLOMBIA HUMANA - UNION PATRIOTICA;16
CHIQUINQUIRA;Lucio Rodriguez Mora;PARTIDO COLOMBIA RENACIENTE;16
CHIQUINQUIRA;Blanca Cecilia Paez Dominguez;COLOMBIA HUMANA - UNION PATRIOTICA;13
CHIQUINQUIRA;Laura Marcela Arevalo Valbuena;COLOMBIA HUMANA - UNION PATRIOTICA;13
CHIQUINQUIRA;Sebastian David Lancheros Suarez;COLOMBIA HUMANA - UNION PATRIOTICA;13
CHIQUINQUIRA;Martin Ramiro Cortes Rodriguez;PARTIDO COLOMBIA RENACIENTE;12
CHIQUINQUIRA;Jeniffer Stefania Acosta Carrillo;MOVIMIENTO ALTERNATIVO INDIGENA Y SOCIAL MAIS;11
CHIQUINQUIRA;Natali Yurani Norato Rodriguez;PARTIDO ALIANZA SOCIAL INDEPENDIENTE ASI;9
CHIQUINQUIRA;Diana Marcela Gualteros Paez;COALICION CAMBIO RADICAL - PARTIDO MIRA;8
CHIQUINQUIRA;Karen Lorena Aponte Buitrago;PARTIDO ALIANZA SOCIAL INDEPENDIENTE ASI;7
CHIQUINQUIRA;Yeny Paola Rojas Peña;PARTIDO LIBERAL COLOMBIANO;7
CHIQUINQUIRA;Carmen Rosa Matallana Rubiano;PARTIDO SOCIAL DE UNIDAD NACIONAL  PARTIDO DE LA U;5
CHIQUINQUIRA;Yennifer Liliana Avila Verano;MOVIMIENTO ALTERNATIVO INDIGENA Y SOCIAL MAIS;5
CHIQUINQUIRA;Yuly Andrea Guerrero Marin;PARTIDO SOCIAL DE UNIDAD NACIONAL  PARTIDO DE LA U;5
CHIQUINQUIRA;Laura Zuluaga Tique;COLOMBIA HUMANA - UNION PATRIOTICA;4
CHIQUIZA;Martin Emilio Lopez Suarez;PARTIDO ALIANZA VERDE;280
CHIQUIZA;Gilbert Yodan Alvarado Suarez;PARTIDO LIBERAL COLOMBIANO;279
CHIQUIZA;Oscar Fernando Rubio Luis;PARTIDO LIBERAL COLOMBIANO;234
CHIQUIZA;Jose Arley Garcia Pacheco;PARTIDO ALIANZA VERDE;210
CHIQUIZA;Elizabeth Rivera;PARTIDO COLOMBIA RENACIENTE;194
CHIQUIZA;Jimer Armando Suarez Acosta;PARTIDO ALIANZA VERDE;180
CHIQUIZA;Robinson Eduardo Suarez Suarez;PARTIDO CAMBIO RADICAL;173
CHIQUIZA;Giovanny Rivera Pacheco;PARTIDO LIBERAL COLOMBIANO;143
CHIQUIZA;Salvador Cardenas Suarez;PARTIDO COLOMBIA RENACIENTE;138
CHIQUIZA;Elber Suarez Pineda;PARTIDO COLOMBIA RENACIENTE;129
CHIQUIZA;Ailarde Robelto;PARTIDO COLOMBIA RENACIENTE;127
CHIQUIZA;Omar Erney Quintero Lopez;PARTIDO COLOMBIA RENACIENTE;124
CHIQUIZA;Rafael Antonio Garcia Cardenas;PARTIDO ALIANZA VERDE;122
CHIQUIZA;Jose Duban Reyes Cuervo;PARTIDO CAMBIO RADICAL;121
CHIQUIZA;Jose Salomon Amado Hurtado;PARTIDO ALIANZA VERDE;120
CHIQUIZA;Vicky Zuleima Sierra Reyes;PARTIDO CAMBIO RADICAL;119
CHIQUIZA;Silvino Lopez Reyes;PARTIDO ALIANZA VERDE;115
CHIQUIZA;Fabio Samuel Cuervo Rojas;PARTIDO CAMBIO RADICAL;103
CHIQUIZA;Joan Manuel Rivera Suarez;MOVIMIENTO ALTERNATIVO INDIGENA Y SOCIAL MAIS;100
CHIQUIZA;Miguel Angel Fonseca Fonseca;PARTIDO COLOMBIA RENACIENTE;93
CHIQUIZA;Luis Fernando Cardenas Lopez;PARTIDO LIBERAL COLOMBIANO;81
CHIQUIZA;Jose Arnulfo Suarez Garcia;PARTIDO COLOMBIA RENACIENTE;69
CHIQUIZA;Helver Augusto Velasquez Lopez;PARTIDO CAMBIO RADICAL;68
CHIQUIZA;Javier Mauricio Suarez Lopez;PARTIDO CAMBIO RADICAL;47
CHIQUIZA;Luis Alberto Rios Lopez;PARTIDO CAMBIO RADICAL;47
CHIQUIZA;Aracely Quintero Rivera;MOVIMIENTO ALTERNATIVO INDIGENA Y SOCIAL MAIS;44
CHIQUIZA;Partido Liberal Colombiano;PARTIDO LIBERAL COLOMBIANO;40
CHIQUIZA;Jose Jairo Fonseca Fonseca;PARTIDO LIBERAL COLOMBIANO;35
CHIQUIZA;Wilmar Ivan Reyes Garcia;MOVIMIENTO ALTERNATIVO INDIGENA Y SOCIAL MAIS;33
CHIQUIZA;Jorge Elberto Rivera Rojas;MOVIMIENTO ALTERNATIVO INDIGENA Y SOCIAL MAIS;27
CHIQUIZA;Partido Alianza Verde;PARTIDO ALIANZA VERDE;22
CHIQUIZA;Luz Aida Suarez Roberto;PARTIDO ALIANZA VERDE;20
CHIQUIZA;Diana Patricia Ruano Cardenas;PARTIDO LIBERAL COLOMBIANO;15
CHIQUIZA;Partido Cambio Radical;PARTIDO CAMBIO RADICAL;12
CHIQUIZA;Lina Amado Hernandez;PARTIDO ALIANZA VERDE;11
CHIQUIZA;Partido Colombia Renaciente;PARTIDO COLOMBIA RENACIENTE;11
CHIQUIZA;Enuvit Rivera Garcia;PARTIDO LIBERAL COLOMBIANO;10
CHIQUIZA;Ivan Camilo Forero Rojas;MOVIMIENTO ALTERNATIVO INDIGENA Y SOCIAL MAIS;9
CHIQUIZA;Marinel Cuervo Luis;PARTIDO LIBERAL COLOMBIANO;7
CHIQUIZA;Alcira Cardenas Pacheco;PARTIDO ALIANZA VERDE;6
CHIQUIZA;Laura Jhoana Reyes Reyes;MOVIMIENTO ALTERNATIVO INDIGENA Y SOCIAL MAIS;5
CHIQUIZA;Deisy Yanira Reyes Cardenas;PARTIDO COLOMBIA RENACIENTE;4
CHIQUIZA;Movimiento Alternativo Indigena Y Social Mais;MOVIMIENTO ALTERNATIVO INDIGENA Y SOCIAL MAIS;4
CHIQUIZA;Teofilde Rubio Pacheco;PARTIDO COLOMBIA RENACIENTE;4
CHIQUIZA;Maria Cruz Suarez Suarez;PARTIDO CAMBIO RADICAL;2
CHIQUIZA;Nancy Marina Cardenas Reyes;PARTIDO CAMBIO RADICAL;2
CHIQUIZA;Jose Yerly Rivera Pineda;MOVIMIENTO ALTERNATIVO INDIGENA Y SOCIAL MAIS;1
CHISCAS;Neyza Yulieth Baron Ruiz;PARTIDO CAMBIO RADICAL;142
CHISCAS;Luis Miguel Tibana;PARTIDO CAMBIO RADICAL;116
CHISCAS;Jose Agustin Duarte Moreno;PARTIDO ALIANZA SOCIAL INDEPENDIENTE ASI;100
CHISCAS;Edilberto Hernandez Zambrano;PARTIDO ALIANZA SOCIAL INDEPENDIENTE ASI;84
CHISCAS;Luis Alfredo Caicedo;PARTIDO CENTRO DEMOCRATICO;79
CHISCAS;Mery Solano Lozano;PARTIDO CENTRO DEMOCRATICO;77
CHISCAS;Carlos Efrain Cuadros Rodriguez;PARTIDO ALIANZA SOCIAL INDEPENDIENTE ASI;75
CHISCAS;Edilma Zambrano Valbuena;PARTIDO CENTRO DEMOCRATICO;69
CHISCAS;Victor Hugo Rincon Sepulveda;PARTIDO ALIANZA SOCIAL INDEPENDIENTE ASI;67
CHISCAS;William David Nuñez Rincon;PARTIDO SOCIAL DE UNIDAD NACIONAL  PARTIDO DE LA U;66
CHISCAS;Jose Elibrando Lozano Fuentes;PARTIDO CAMBIO RADICAL;61
CHISCAS;Martin Correa Bello;PARTIDO LIBERAL COLOMBIANO;59
CHISCAS;Gustavo Hernandez Ruiz;PARTIDO CENTRO DEMOCRATICO;58
CHISCAS;Jose Francisco Moreno Rosso;PARTIDO SOCIAL DE UNIDAD NACIONAL  PARTIDO DE LA U;57
CHISCAS;Blanca Cecilia Arismendi Hurtado;PARTIDO LIBERAL COLOMBIANO;56
CHISCAS;Yebrail Quintana Martinez;PARTIDO ALIANZA VERDE;56
CHISCAS;Heliodoro Zuñiga Carreño;PARTIDO CENTRO DEMOCRATICO;54
CHISCAS;Hildebrando Baron Ortiz;PARTIDO ALIANZA SOCIAL INDEPENDIENTE ASI;54
CHISCAS;Oscar Favian Suescun Correa;PARTIDO CAMBIO RADICAL;53
CHISCAS;David Ricardo Mendez Caicedo;PARTIDO CENTRO DEMOCRATICO;52
CHISCAS;Otilia Lache Herrera;PARTIDO SOCIAL DE UNIDAD NACIONAL  PARTIDO DE LA U;52
CHISCAS;Pedro Julio Jaimes Ruiz;PARTIDO ALIANZA SOCIAL INDEPENDIENTE ASI;48
CHISCAS;Luz Marina Mora De Duarte;PARTIDO CENTRO DEMOCRATICO;43
CHISCAS;Jose Antonio Perez Duarte;PARTIDO CAMBIO RADICAL;41
CHISCAS;Weimar Ruiz Valbuena;PARTIDO CAMBIO RADICAL;41
CHISCAS;Aura Alicia Mendez Mesa;PARTIDO LIBERAL COLOMBIANO;39
CHISCAS;Emilio Solano Herrera;PARTIDO LIBERAL COLOMBIANO;38
CHISCAS;Henry Duarte Orjuela;PARTIDO ALIANZA VERDE;34
CHISCAS;Nancy Yobeli Soto Tunaroza;PARTIDO ALIANZA VERDE;30
CHISCAS;Pedro Antonio Rojas Lozano;PARTIDO LIBERAL COLOMBIANO;29
CHISCAS;Alvaro Baron Correa;PARTIDO ALIANZA VERDE;21
CHISCAS;Hector Manuel Lozano Medina;PARTIDO ALIANZA VERDE;21
CHISCAS;Luz Loraly Puentes Gil;PARTIDO CENTRO DEMOCRATICO;18
CHISCAS;Diana Rocio Solano Montaña;PARTIDO CAMBIO RADICAL;17
CHISCAS;Luz Emilse Parra Correa;PARTIDO LIBERAL COLOMBIANO;17
CHISCAS;Marta Cecilia Leal Sierra;PARTIDO ALIANZA SOCIAL INDEPENDIENTE ASI;17
CHISCAS;Mayerly Correa Martinez;PARTIDO SOCIAL DE UNIDAD NACIONAL  PARTIDO DE LA U;17
CHISCAS;Ines Garcia Cairasco;PARTIDO CAMBIO RADICAL;16
CHISCAS;Oscar Alvarez;PARTIDO LIBERAL COLOMBIANO;13
CHISCAS;Elmer Suescun Molina;PARTIDO LIBERAL COLOMBIANO;10
CHISCAS;Yaneth Suarez Ruiz;PARTIDO ALIANZA VERDE;9
CHISCAS;Diana Milena Peña Niño;PARTIDO ALIANZA SOCIAL INDEPENDIENTE ASI;7
CHISCAS;Romualdo Ramirez Silva;PARTIDO CAMBIO RADICAL;7
CHISCAS;Yuderky Sepulveda Duarte;PARTIDO ALIANZA SOCIAL INDEPENDIENTE ASI;7
CHISCAS;Euclides Alberto Carreño Vargas;PARTIDO LIBERAL COLOMBIANO;6
CHISCAS;Floriselda Puentes Correa;PARTIDO ALIANZA VERDE;6
CHISCAS;Jhon Jairo Castillo Topaga;PARTIDO ALIANZA VERDE;6
CHISCAS;Luis Alfredo Ortiz Tellez;PARTIDO ALIANZA VERDE;6
CHISCAS;Jose Rodolfo Correa Correa;PARTIDO SOCIAL DE UNIDAD NACIONAL  PARTIDO DE LA U;5
CHISCAS;Juan Agustin Esteban Duarte;PARTIDO CENTRO DEMOCRATICO;4
CHISCAS;Partido Alianza Verde;PARTIDO ALIANZA VERDE;4
CHISCAS;Partido Liberal Colombiano;PARTIDO LIBERAL COLOMBIANO;4
CHISCAS;Jose Manuel Leal Puentes;PARTIDO SOCIAL DE UNIDAD NACIONAL  PARTIDO DE LA U;3
CHISCAS;Partido Alianza Social Independiente Asi;PARTIDO ALIANZA SOCIAL INDEPENDIENTE ASI;3
CHISCAS;Partido Cambio Radical;PARTIDO CAMBIO RADICAL;3
CHISCAS;Partido Centro Democratico;PARTIDO CENTRO DEMOCRATICO;3
CHISCAS;Partido Social De Unidad Nacional  Partido De La U;PARTIDO SOCIAL DE UNIDAD NACIONAL  PARTIDO DE LA U;3
CHISCAS;Randy Ernesto Piñeros Jimenez;PARTIDO SOCIAL DE UNIDAD NACIONAL  PARTIDO DE LA U;3
CHISCAS;Maria Hortensia Suarez Carreño;PARTIDO SOCIAL DE UNIDAD NACIONAL  PARTIDO DE LA U;2
CHITA;Oscar Hernan Buitrago Lopez;PARTIDO CAMBIO RADICAL;203
CHITA;Pedro Nel Fuentes Sepulveda;PARTIDO CONSERVADOR COLOMBIANO;183
CHITA;Pedro Luis Alarcon Ochoa;PARTIDO CENTRO DEMOCRATICO;170
CHITA;Jorge Ambrosio Cetina Vega;PARTIDO CAMBIO RADICAL;148
CHITA;Antony Alexander Leon Oicata;PARTIDO SOCIAL DE UNIDAD NACIONAL  PARTIDO DE LA U;143
CHITA;Pedro Alfonso Muñoz Diaz;PARTIDO ALIANZA VERDE;140
CHITA;Luz Mery Lavacude Comezaquira;MOVIMIENTO ALTERNATIVO INDIGENA Y SOCIAL MAIS;132
CHITA;Ana Elsa Zarate;MOVIMIENTO ALTERNATIVO INDIGENA Y SOCIAL MAIS;125
CHITA;Henry Cuevas Cuevas;PARTIDO CONSERVADOR COLOMBIANO;124
CHITA;Jose Clodoveo Fuentes;PARTIDO CAMBIO RADICAL;115
CHITA;Hermes Garcia Ochoa;PARTIDO CAMBIO RADICAL;109
CHITA;Maria Juvenilia Hernandez Cetina;PARTIDO ALIANZA VERDE;108
CHITA;Omar Acevedo Silva;PARTIDO SOCIAL DE UNIDAD NACIONAL  PARTIDO DE LA U;104
CHITA;Jose Abigail Cuevas Romero;PARTIDO CAMBIO RADICAL;101
CHITA;Hugo Cordoba Niño;MOVIMIENTO ALTERNATIVO INDIGENA Y SOCIAL MAIS;96
CHITA;Ana Isabel Viracacha Salazar;PARTIDO ALIANZA VERDE;95
CHITA;Jose Miguel Galvis Burgos;PARTIDO CONSERVADOR COLOMBIANO;88
CHITA;German Ojeda Goyoneche;MOVIMIENTO ALTERNATIVO INDIGENA Y SOCIAL MAIS;86
CHITA;Jose Alcides Bossa;PARTIDO ALIANZA VERDE;84
CHITA;Faustino Riscanevo Diaz;PARTIDO ALIANZA VERDE;79
CHITA;Segundo Adan Nieto Hernandez;PARTIDO CAMBIO RADICAL;79
CHITA;Juan De Jesus Cuadros Cuadros;MOVIMIENTO ALTERNATIVO INDIGENA Y SOCIAL MAIS;78
CHITA;Alba Margareth Gomez Baron;PARTIDO CENTRO DEMOCRATICO;77
CHITA;Herin Ochoa Riscanevo;MOVIMIENTO ALTERNATIVO INDIGENA Y SOCIAL MAIS;62
CHITA;Luis Maria Lopez Cotrina;PARTIDO CAMBIO RADICAL;59
CHITA;Jose Reyes Calderon Cuevas;PARTIDO ALIANZA VERDE;58
CHITA;Flor Marina Cuevas Cuevas;PARTIDO CAMBIO RADICAL;57
CHITA;Gloria Amparo Lavacude Mongui;PARTIDO CONSERVADOR COLOMBIANO;56
CHITA;Honorio Fuentes Santos;PARTIDO CENTRO DEMOCRATICO;54
CHITA;Fredy Omar Leon Alarcon;PARTIDO CONSERVADOR COLOMBIANO;53
CHITA;Dilma Cruz Salazar;PARTIDO CONSERVADOR COLOMBIANO;49
CHITA;Jose Apolonio Mongui Fuentes;PARTIDO CENTRO DEMOCRATICO;45
CHITA;Sandra Judith Eslava Landeros;PARTIDO ALIANZA VERDE;45
CHITA;Javier Hernandez Niño;PARTIDO CENTRO DEMOCRATICO;43
CHITA;Alex Fernando Fuentes Quintero;PARTIDO CONSERVADOR COLOMBIANO;41
CHITA;Arnulfo Poblador Jaime;MOVIMIENTO ALTERNATIVO INDIGENA Y SOCIAL MAIS;40
CHITA;Sonia Poblador Fuentes;PARTIDO CONSERVADOR COLOMBIANO;40
CHITA;Inocencio Hormaza Sepulveda;PARTIDO CONSERVADOR COLOMBIANO;38
CHITA;Partido Cambio Radical;PARTIDO CAMBIO RADICAL;36
CHITA;Olga Lucia Velandia Zafra;MOVIMIENTO ALTERNATIVO INDIGENA Y SOCIAL MAIS;31
CHITA;Partido Alianza Verde;PARTIDO ALIANZA VERDE;31
CHITA;Juan Carlos Alcantar;PARTIDO ALIANZA VERDE;30
CHITA;Jose Arturo Panqueva Ochoa;PARTIDO CENTRO DEMOCRATICO;27
CHITA;Oscar Dario Comezaquira Comezaquira;MOVIMIENTO ALTERNATIVO INDIGENA Y SOCIAL MAIS;27
CHITA;Campo Abel Niño;PARTIDO CENTRO DEMOCRATICO;26
CHITA;Gloria Imelda Gomez Fuentes;PARTIDO CAMBIO RADICAL;26
CHITA;Juan Evangelista Mendivelso Salamanca;PARTIDO SOCIAL DE UNIDAD NACIONAL  PARTIDO DE LA U;24
CHITA;Partido Conservador Colombiano;PARTIDO CONSERVADOR COLOMBIANO;24
CHITA;Movimiento Alternativo Indigena Y Social Mais;MOVIMIENTO ALTERNATIVO INDIGENA Y SOCIAL MAIS;22
CHITA;Jaime Luis Portilla Cerinza;PARTIDO CONSERVADOR COLOMBIANO;20
CHITA;Luis Enrique Fuentes Viracacha;MOVIMIENTO ALTERNATIVO INDIGENA Y SOCIAL MAIS;20
CHITA;Gloria Elsa Hernandez Alvarado;PARTIDO CAMBIO RADICAL;16
CHITA;Rosa Evelia Lizarazo;PARTIDO SOCIAL DE UNIDAD NACIONAL  PARTIDO DE LA U;16
CHITA;Partido Centro Democratico;PARTIDO CENTRO DEMOCRATICO;14
CHITA;Marco Antonio Parada Caro;PARTIDO CENTRO DEMOCRATICO;13
CHITA;Deisy Yanira Bautista Garcia;PARTIDO CENTRO DEMOCRATICO;12
CHITA;Javier Miguel Portilla Fuentes;PARTIDO ALIANZA VERDE;11
CHITA;Rosa Evelia Portilla Fuentes;PARTIDO CONSERVADOR COLOMBIANO;11
CHITA;William Jair Bautista Rincon;PARTIDO SOCIAL DE UNIDAD NACIONAL  PARTIDO DE LA U;11
CHITA;Nilsa Hernandez Comezaquira;PARTIDO CENTRO DEMOCRATICO;9
CHITA;Partido Social De Unidad Nacional  Partido De La U;PARTIDO SOCIAL DE UNIDAD NACIONAL  PARTIDO DE LA U;8
CHITA;Ana Alicia Riscanevo Alcantar;PARTIDO SOCIAL DE UNIDAD NACIONAL  PARTIDO DE LA U;2
CHITARAQUE;Omar Alfredo Medina Aguilar;PARTIDO CAMBIO RADICAL;273
CHITARAQUE;Jose Daniel Poveda Velasco;PARTIDO CAMBIO RADICAL;256
CHITARAQUE;Alexander Calvo Lopez;PARTIDO CENTRO DEMOCRATICO;214
CHITARAQUE;Osmar Julio Sanchez Sanchez;PARTIDO CAMBIO RADICAL;183
CHITARAQUE;Edilberto Robles Gomez;PARTIDO CAMBIO RADICAL;165
CHITARAQUE;Libardo Lopez Guerrero;PARTIDO CAMBIO RADICAL;147
CHITARAQUE;Jorge Enrique Hernandez Gomez;PARTIDO ALIANZA VERDE;144
CHITARAQUE;Alvaro Niño Urrea;PARTIDO CENTRO DEMOCRATICO;133
CHITARAQUE;Reinaldo Ulloa Sanchez;PARTIDO CENTRO DEMOCRATICO;118
CHITARAQUE;Clariza Sanchez Rodriguez;PARTIDO CAMBIO RADICAL;111
CHITARAQUE;Henry Alfredo Cruz Ramos;PARTIDO CENTRO DEMOCRATICO;100
CHITARAQUE;Ernesto Vargas;PARTIDO CONSERVADOR COLOMBIANO;95
CHITARAQUE;Maria Del Rosario Baron Urrea;PARTIDO CENTRO DEMOCRATICO;94
CHITARAQUE;Carmen Rosa Calvo Molina;PARTIDO CENTRO DEMOCRATICO;90
CHITARAQUE;Nayive Rivera Ibague;PARTIDO LIBERAL COLOMBIANO;90
CHITARAQUE;Hermilda Sanabria Guerrero;PARTIDO CAMBIO RADICAL;87
CHITARAQUE;Jaime Enrique Bautista Castro;PARTIDO SOCIAL DE UNIDAD NACIONAL  PARTIDO DE LA U;87
CHITARAQUE;Jose Manuel Garcia Reyes;PARTIDO SOCIAL DE UNIDAD NACIONAL  PARTIDO DE LA U;79
CHITARAQUE;Partido Colombia Justa Libres;PARTIDO COLOMBIA JUSTA LIBRES;78
CHITARAQUE;Rafael Antonio Abaunza Amador;PARTIDO ALIANZA VERDE;75
CHITARAQUE;Liliana Patricia Camacho Castellanos;PARTIDO CAMBIO RADICAL;68
CHITARAQUE;Luis Alberto Rodriguez Lopez;PARTIDO ALIANZA VERDE;63
CHITARAQUE;Francisco Ignacio Espitia Martinez;PARTIDO LIBERAL COLOMBIANO;58
CHITARAQUE;Jose Gonzalo Muñoz Carmona;PARTIDO CENTRO DEMOCRATICO;57
CHITARAQUE;Ana Licinia Ruiz Naranjo;PARTIDO LIBERAL COLOMBIANO;55
CHITARAQUE;Mary Luz Garavito Toloza;PARTIDO LIBERAL COLOMBIANO;55
CHITARAQUE;Shirley Lopez Gonzalez;PARTIDO ALIANZA VERDE;54
CHITARAQUE;Sonia Lizeth Camacho Castellanos;PARTIDO CENTRO DEMOCRATICO;50
CHITARAQUE;Sergio Wiliam Camacho Ruiz;PARTIDO CENTRO DEMOCRATICO;48
CHITARAQUE;Luis Felipe Guerrero Ruiz;PARTIDO CONSERVADOR COLOMBIANO;43
CHITARAQUE;Luz Yira Guerrero Leon;PARTIDO SOCIAL DE UNIDAD NACIONAL  PARTIDO DE LA U;39
CHITARAQUE;Partido Cambio Radical;PARTIDO CAMBIO RADICAL;38
CHITARAQUE;Claudia Parra Abaunza;PARTIDO CONSERVADOR COLOMBIANO;36
CHITARAQUE;Rito Alejo Sanchez Guerrero;PARTIDO LIBERAL COLOMBIANO;34
CHITARAQUE;Bernardino Aranda Gonzalez;PARTIDO ALIANZA SOCIAL INDEPENDIENTE ASI;33
CHITARAQUE;Milton Sanchez Vargas;PARTIDO CONSERVADOR COLOMBIANO;33
CHITARAQUE;Miguel Angel Saavedra Peñaloza;PARTIDO ALIANZA SOCIAL INDEPENDIENTE ASI;30
CHITARAQUE;Emir Baron Urrea;MOVIMIENTO ALTERNATIVO INDIGENA Y SOCIAL MAIS;28
CHITARAQUE;Pedro Alejandro Garavito Espitia;PARTIDO ALIANZA VERDE;28
CHITARAQUE;Partido Centro Democratico;PARTIDO CENTRO DEMOCRATICO;27
CHITARAQUE;Yosman Arney Gomez Pulido;PARTIDO ALIANZA SOCIAL INDEPENDIENTE ASI;25
CHITARAQUE;Eliana Alejandra Roa Rodriguez;MOVIMIENTO ALTERNATIVO INDIGENA Y SOCIAL MAIS;23
CHITARAQUE;Juan Camilo Ramirez Carmona;PARTIDO CONSERVADOR COLOMBIANO;23
CHITARAQUE;Luis Eduardo Ruiz Castellanos;PARTIDO CONSERVADOR COLOMBIANO;23
CHITARAQUE;Yulieth Calvo Sanchez;PARTIDO ALIANZA SOCIAL INDEPENDIENTE ASI;23
CHITARAQUE;Luz Aleida Sanchez Castillo;PARTIDO ALIANZA SOCIAL INDEPENDIENTE ASI;22
CHITARAQUE;Rafael Hernando Diaz Gonzalez;PARTIDO SOCIAL DE UNIDAD NACIONAL  PARTIDO DE LA U;22
CHITARAQUE;Roque Julio Mansilla Ramirez;PARTIDO ALIANZA VERDE;21
CHITARAQUE;Saida Yadira Lozada Niño;PARTIDO ALIANZA SOCIAL INDEPENDIENTE ASI;21
CHITARAQUE;Partido Alianza Verde;PARTIDO ALIANZA VERDE;20
CHITARAQUE;Dolly Mayerly Tibambre Lopez;PARTIDO ALIANZA SOCIAL INDEPENDIENTE ASI;19
CHITARAQUE;Alberto Rivera Noguera;PARTIDO SOCIAL DE UNIDAD NACIONAL  PARTIDO DE LA U;16
CHITARAQUE;Pascual Martinez Saavedra;PARTIDO CONSERVADOR COLOMBIANO;16
CHITARAQUE;Partido Liberal Colombiano;PARTIDO LIBERAL COLOMBIANO;12
CHITARAQUE;Partido Conservador Colombiano;PARTIDO CONSERVADOR COLOMBIANO;10
CHITARAQUE;Marlen Alvarez Jimenez;MOVIMIENTO ALTERNATIVO INDIGENA Y SOCIAL MAIS;9
CHITARAQUE;Elehazar Efren Abaunza Mejia;MOVIMIENTO ALTERNATIVO INDIGENA Y SOCIAL MAIS;7
CHITARAQUE;Nazario Bautista Hernandez;MOVIMIENTO ALTERNATIVO INDIGENA Y SOCIAL MAIS;7
CHITARAQUE;Partido Alianza Social Independiente Asi;PARTIDO ALIANZA SOCIAL INDEPENDIENTE ASI;7
CHITARAQUE;Partido Social De Unidad Nacional  Partido De La U;PARTIDO SOCIAL DE UNIDAD NACIONAL  PARTIDO DE LA U;7
CHITARAQUE;Fernando Avila Fajardo;MOVIMIENTO ALTERNATIVO INDIGENA Y SOCIAL MAIS;6
CHITARAQUE;Flor De Maria Parra Calvo;PARTIDO CONSERVADOR COLOMBIANO;6
CHITARAQUE;Movimiento Alternativo Indigena Y Social Mais;MOVIMIENTO ALTERNATIVO INDIGENA Y SOCIAL MAIS;6
CHITARAQUE;Adiela Sanchez Leon;PARTIDO SOCIAL DE UNIDAD NACIONAL  PARTIDO DE LA U;5
CHITARAQUE;Edith Yohana Calderon Holguin;PARTIDO CONSERVADOR COLOMBIANO;5
CHITARAQUE;Olfa Reyes Parra;PARTIDO ALIANZA VERDE;4
CHITARAQUE;Nubia Esperanza Sanchez Aguilar;PARTIDO ALIANZA VERDE;3
CHITARAQUE;Mireya Guerrero Leon;PARTIDO LIBERAL COLOMBIANO;2
CHITARAQUE;Nilson Aguilar Suarez;PARTIDO ALIANZA VERDE;2
CHITARAQUE;Serafin Camacho Avila;PARTIDO LIBERAL COLOMBIANO;2
CHITARAQUE;Yadira Ines Calvo Torres;PARTIDO LIBERAL COLOMBIANO;2
CHIVATA;Nelson Enrique Numpaque Diaz;PARTIDO SOCIAL DE UNIDAD NACIONAL  PARTIDO DE LA U;105
CHIVATA;Rocio Montero Martinez;PARTIDO ALIANZA VERDE;96
CHIVATA;Efrain Garcia Quiroz;PARTIDO ALIANZA SOCIAL INDEPENDIENTE ASI;93
CHIVATA;Ana Mildreth Piracoca Fagua;PARTIDO ALIANZA VERDE;89
CHIVATA;Blanca Irene Lopez Rivera;PARTIDO SOCIAL DE UNIDAD NACIONAL  PARTIDO DE LA U;89
CHIVATA;Jose Pedro Fagua;PARTIDO ALIANZA VERDE;87
CHIVATA;Carlos Eduardo Funeme Montero;PARTIDO SOCIAL DE UNIDAD NACIONAL  PARTIDO DE LA U;83
CHIVATA;Nestor Rene Rivera Martinez;MOVIMIENTO ALTERNATIVO INDIGENA Y SOCIAL MAIS;83
CHIVATA;Nelson Andres Guerrero Guio;PARTIDO ALIANZA VERDE;74
CHIVATA;Ana Edith Vargas Caro;PARTIDO CONSERVADOR COLOMBIANO;61
CHIVATA;Hernan Dario Tibambre Montero;MOVIMIENTO ALTERNATIVO INDIGENA Y SOCIAL MAIS;60
CHIVATA;Martha Fabiola Fagua Gonzalez;PARTIDO CAMBIO RADICAL;59
CHIVATA;Soraida Manuela Cardenas Cipamocha;PARTIDO SOCIAL DE UNIDAD NACIONAL  PARTIDO DE LA U;59
CHIVATA;Fredy Fernando Castro Quiroz;PARTIDO CONSERVADOR COLOMBIANO;58
CHIVATA;Pedro Gutierrez;PARTIDO CAMBIO RADICAL;58
CHIVATA;Rosendo Pirachican Aguillon;PARTIDO CONSERVADOR COLOMBIANO;56
CHIVATA;Lina Jizeth Martinez Bautista;MOVIMIENTO ALTERNATIVO INDIGENA Y SOCIAL MAIS;55
CHIVATA;Jorge Miguel Gutierrez Cruz;PARTIDO ALIANZA VERDE;52
CHIVATA;Jorge Isaias Montero Guerrero;PARTIDO CONSERVADOR COLOMBIANO;41
CHIVATA;Luis Alberto Quintero Quemba;PARTIDO ALIANZA SOCIAL INDEPENDIENTE ASI;39
CHIVATA;Amanda Lizeth Guerrero Piracoca;PARTIDO LIBERAL COLOMBIANO;38
CHIVATA;Saul Medina Auzaque;PARTIDO CAMBIO RADICAL;38
CHIVATA;Fabio Alexander Quiroz Mancipe;MOVIMIENTO ALTERNATIVO INDIGENA Y SOCIAL MAIS;37
CHIVATA;Heriberto Piraneque Quiroz;PARTIDO ALIANZA VERDE;36
CHIVATA;Jose Nolberto Nausan Numpaque;PARTIDO CAMBIO RADICAL;36
CHIVATA;Milton Arnulfo Nempeque Bautista;PARTIDO CAMBIO RADICAL;35
CHIVATA;Nelson Jimenez Alba;PARTIDO SOCIAL DE UNIDAD NACIONAL  PARTIDO DE LA U;34
CHIVATA;Cesar Enrique Simbasica Gutierrez;PARTIDO SOCIAL DE UNIDAD NACIONAL  PARTIDO DE LA U;31
CHIVATA;Edilson Cipamocha;MOVIMIENTO ALTERNATIVO INDIGENA Y SOCIAL MAIS;29
CHIVATA;Ricardo Lopez Nausan;PARTIDO ALIANZA VERDE;29
CHIVATA;Erika Paola Castellanos Numpaque;PARTIDO SOCIAL DE UNIDAD NACIONAL  PARTIDO DE LA U;26
CHIVATA;Julio Alberto Puentes Rodriguez;PARTIDO CONSERVADOR COLOMBIANO;24
CHIVATA;Camila Andrea Sierra Gambasica;PARTIDO ALIANZA SOCIAL INDEPENDIENTE ASI;23
CHIVATA;Diana Sofia Nonsoque Niño;PARTIDO LIBERAL COLOMBIANO;23
CHIVATA;Edilberto Gomez Bernal;PARTIDO CONSERVADOR COLOMBIANO;22
CHIVATA;Jose Maria Fagua Bautista;PARTIDO ALIANZA VERDE;22
CHIVATA;Luz Aida Torres Vargas;PARTIDO CAMBIO RADICAL;20
CHIVATA;Yimi Rodolfo Niño Rodriguez;PARTIDO SOCIAL DE UNIDAD NACIONAL  PARTIDO DE LA U;20
CHIVATA;Jose Alcibiades Moyano;PARTIDO LIBERAL COLOMBIANO;19
CHIVATA;Marco Tulio Fagua Bautista;PARTIDO LIBERAL COLOMBIANO;18
CHIVATA;Osbaldo Bernal Gamba;PARTIDO LIBERAL COLOMBIANO;18
CHIVATA;Clara Esmeralda Piracoca Piracoca;PARTIDO ALIANZA VERDE;17
CHIVATA;Javier Nonsoque Bernal;PARTIDO ALIANZA SOCIAL INDEPENDIENTE ASI;15
CHIVATA;Jose Orlando Fonseca Rodriguez;PARTIDO CAMBIO RADICAL;14
CHIVATA;Olga Patricia Numpaque Fagua;PARTIDO LIBERAL COLOMBIANO;13
CHIVATA;Partido Alianza Verde;PARTIDO ALIANZA VERDE;13
CHIVATA;Luis Eduardo Tolosa Fagua;MOVIMIENTO ALTERNATIVO INDIGENA Y SOCIAL MAIS;10
CHIVATA;Edilberto Nonsoque Cruz;PARTIDO ALIANZA SOCIAL INDEPENDIENTE ASI;9
CHIVATA;Jose Vicente Quito Guayacan;PARTIDO CAMBIO RADICAL;9
CHIVATA;Partido Social De Unidad Nacional  Partido De La U;PARTIDO SOCIAL DE UNIDAD NACIONAL  PARTIDO DE LA U;8
CHIVATA;Claudia Patricia Soler;PARTIDO ALIANZA SOCIAL INDEPENDIENTE ASI;7
CHIVATA;Diana Carolina Montero Palma;PARTIDO CONSERVADOR COLOMBIANO;7
CHIVATA;Leonardo Numpaque Acosta;PARTIDO CONSERVADOR COLOMBIANO;7
CHIVATA;Movimiento Alternativo Indigena Y Social Mais;MOVIMIENTO ALTERNATIVO INDIGENA Y SOCIAL MAIS;7
CHIVATA;Teresa De Jesus Parra Parra;MOVIMIENTO ALTERNATIVO INDIGENA Y SOCIAL MAIS;7
CHIVATA;Diana Marcela Numpaque Sala;PARTIDO CAMBIO RADICAL;6
CHIVATA;Partido Cambio Radical;PARTIDO CAMBIO RADICAL;5
CHIVATA;Partido Liberal Colombiano;PARTIDO LIBERAL COLOMBIANO;5
CHIVATA;Eliana Paola Fuquen Urian;MOVIMIENTO ALTERNATIVO INDIGENA Y SOCIAL MAIS;4
CHIVATA;Partido Alianza Social Independiente Asi;PARTIDO ALIANZA SOCIAL INDEPENDIENTE ASI;4
CHIVATA;Partido Conservador Colombiano;PARTIDO CONSERVADOR COLOMBIANO;4
CHIVATA;Luyi Desmir Nonzoque Cely;PARTIDO CONSERVADOR COLOMBIANO;2
CHIVOR;Gloria Stella Novoa Roa;PARTIDO CENTRO DEMOCRATICO;90
CHIVOR;Angela Rocio Rodriguez Barrera;PARTIDO CENTRO DEMOCRATICO;79
CHIVOR;Gonzalo Bohorquez Alfonso;PARTIDO CENTRO DEMOCRATICO;78
CHIVOR;William Ricardo Aldana Gonzalez;PARTIDO ALIANZA VERDE;72
CHIVOR;Robinsson Augusto Romero Linares;PARTIDO CAMBIO RADICAL;67
CHIVOR;Eduard Ubaldo Daza Roa;PARTIDO CENTRO DEMOCRATICO;61
CHIVOR;Gustavo Edil Bonilla Bonilla;PARTIDO CAMBIO RADICAL;58
CHIVOR;Hernan Montenegro Vacca;PARTIDO ALIANZA VERDE;58
CHIVOR;Andrea Patricia Novoa Roa;PARTIDO ALIANZA SOCIAL INDEPENDIENTE ASI;56
CHIVOR;Blanca Nohora Linares Almonacid;PARTIDO CENTRO DEMOCRATICO;54
CHIVOR;Pablo Andres Daza Salamanca;PARTIDO ALIANZA SOCIAL INDEPENDIENTE ASI;49
CHIVOR;Myriam Dayana Lopez Leon;PARTIDO ALIANZA VERDE;44
CHIVOR;Zuly Gisel Montenegro Sanchez;PARTIDO ALIANZA VERDE;36
CHIVOR;Jose Ricardo Vargas Parra;PARTIDO CENTRO DEMOCRATICO;33
CHIVOR;Mariluz Lopez Ramirez;PARTIDO ALIANZA SOCIAL INDEPENDIENTE ASI;33
CHIVOR;Yenni Reyes Vargas;PARTIDO ALIANZA VERDE;33
CHIVOR;Nestor Antonio Sanchez Cruz;PARTIDO ALIANZA SOCIAL INDEPENDIENTE ASI;31
CHIVOR;Yesid Olmedo Urrego Barahona;PARTIDO ALIANZA SOCIAL INDEPENDIENTE ASI;28
CHIVOR;Lady Johana Chitiva Lopez;PARTIDO CONSERVADOR COLOMBIANO;27
CHIVOR;Yisac Lopez Perilla;PARTIDO CONSERVADOR COLOMBIANO;26
CHIVOR;Luis Antonio Daza Martinez;PARTIDO ALIANZA VERDE;24
CHIVOR;Luz Del Trancito Perilla Martinez;PARTIDO CAMBIO RADICAL;23
CHIVOR;Rigonel Olmedo Daza Novoa;PARTIDO CENTRO DEMOCRATICO;20
CHIVOR;Yeny Paola Dueñas Vargas;PARTIDO CONSERVADOR COLOMBIANO;18
CHIVOR;Yuly Marcela Vasquez Daza;PARTIDO CONSERVADOR COLOMBIANO;16
CHIVOR;Felix Alirio Arevalo Cano;PARTIDO ALIANZA VERDE;15
CHIVOR;Partido Centro Democratico;PARTIDO CENTRO DEMOCRATICO;13
CHIVOR;Partido Alianza Verde;PARTIDO ALIANZA VERDE;12
CHIVOR;Rosa Natali Algarra Montenegro;PARTIDO CAMBIO RADICAL;12
CHIVOR;Elver Danilo Gutierrez Contento;PARTIDO CAMBIO RADICAL;11
CHIVOR;Ana Patricia Guatavita;PARTIDO CAMBIO RADICAL;9
CHIVOR;Partido Alianza Social Independiente Asi;PARTIDO ALIANZA SOCIAL INDEPENDIENTE ASI;8
CHIVOR;Yaneth Velandia Hortua;PARTIDO ALIANZA SOCIAL INDEPENDIENTE ASI;8
CHIVOR;Partido Cambio Radical;PARTIDO CAMBIO RADICAL;5
CHIVOR;Deivid Leonardo Mondragon Gutierrez;PARTIDO CAMBIO RADICAL;4
CHIVOR;Jose Mauricio Bueno;PARTIDO CONSERVADOR COLOMBIANO;4
CHIVOR;Partido Conservador Colombiano;PARTIDO CONSERVADOR COLOMBIANO;3
CIENEGA;Gilma Andrea Sanabria Gomez;PARTIDO SOCIAL DE UNIDAD NACIONAL  PARTIDO DE LA U;203
CIENEGA;Luis Hector Caro Mora;PARTIDO CENTRO DEMOCRATICO;160
CIENEGA;Martha Cecilia Leguizamon Cuervo;PARTIDO ALIANZA VERDE;157
CIENEGA;Lady Johana Silva Silva;PARTIDO ALIANZA VERDE;152
CIENEGA;Hernan Dario Guerra Caro;PARTIDO CENTRO DEMOCRATICO;145
CIENEGA;Andres Felipe Jimenez Jimenez;PARTIDO ALIANZA VERDE;137
CIENEGA;Siervo De Jesus Cruz Gomez;PARTIDO CAMBIO RADICAL;132
CIENEGA;Luis Alberto Arias Galindo;PARTIDO CENTRO DEMOCRATICO;130
CIENEGA;Eccehomo Sanabria Muñoz;PARTIDO ALIANZA VERDE;116
CIENEGA;Misael Cruz Caro;PARTIDO CENTRO DEMOCRATICO;108
CIENEGA;Javier Gomez Soler;PARTIDO CONSERVADOR COLOMBIANO;105
CIENEGA;Julio Roberto Borda Barajas;PARTIDO ALIANZA VERDE;99
CIENEGA;Benigno Jimenez Hernandez;PARTIDO ALIANZA VERDE;98
CIENEGA;Alirio Guerrero Muñoz;PARTIDO ALIANZA VERDE;92
CIENEGA;Manuel Antonio Soler Herrera;PARTIDO CENTRO DEMOCRATICO;92
CIENEGA;Sandra Patricia Sanabria Gomez;PARTIDO SOCIAL DE UNIDAD NACIONAL  PARTIDO DE LA U;85
CIENEGA;Jose Oliverio Borda Plazas;PARTIDO SOCIAL DE UNIDAD NACIONAL  PARTIDO DE LA U;84
CIENEGA;Ivan Dario Hernandez Espinosa;PARTIDO SOCIAL DE UNIDAD NACIONAL  PARTIDO DE LA U;76
CIENEGA;Lisandro Muñoz Muñoz;PARTIDO CONSERVADOR COLOMBIANO;74
CIENEGA;Julio Ruben Plazas Sanabria;PARTIDO CAMBIO RADICAL;65
CIENEGA;John Fredy Muñoz Guerrero;PARTIDO CONSERVADOR COLOMBIANO;62
CIENEGA;Jose Rosendo Reyes Bonilla;PARTIDO ALIANZA VERDE;52
CIENEGA;Juan De Jesus Parada Barajas;PARTIDO CENTRO DEMOCRATICO;51
CIENEGA;Arley Cardenas;PARTIDO CONSERVADOR COLOMBIANO;45
CIENEGA;Luz Patricia Espinosa Parada;PARTIDO CONSERVADOR COLOMBIANO;44
CIENEGA;Adrian Ricardo Cepeda Moreno;PARTIDO SOCIAL DE UNIDAD NACIONAL  PARTIDO DE LA U;43
CIENEGA;Jose Rodrigo Coronado Guerrero;PARTIDO CONSERVADOR COLOMBIANO;40
CIENEGA;Yolanda Ibeth Rojas Borda;PARTIDO CENTRO DEMOCRATICO;37
CIENEGA;Blanca Cecilia Rojas Arias;PARTIDO ALIANZA VERDE;30
CIENEGA;Jose Antonio Vargas Herrera;PARTIDO SOCIAL DE UNIDAD NACIONAL  PARTIDO DE LA U;29
CIENEGA;Alpina Gomez Cuervo;PARTIDO CENTRO DEMOCRATICO;28
CIENEGA;Partido Alianza Verde;PARTIDO ALIANZA VERDE;22
CIENEGA;Efrain Borda Silva;PARTIDO CAMBIO RADICAL;19
CIENEGA;Diego Efrain Caro Jimenez;PARTIDO CAMBIO RADICAL;17
CIENEGA;Blanca Lilia Parada Pineda;PARTIDO CAMBIO RADICAL;13
CIENEGA;Lizeth Juliana Cifuentes Cardozo;PARTIDO CAMBIO RADICAL;13
CIENEGA;Partido Centro Democratico;PARTIDO CENTRO DEMOCRATICO;12
CIENEGA;Partido Conservador Colombiano;PARTIDO CONSERVADOR COLOMBIANO;11
CIENEGA;Yuvileina Perez Silva;PARTIDO CAMBIO RADICAL;8
CIENEGA;Jenny Marcela Espinosa Espinosa;PARTIDO CENTRO DEMOCRATICO;7
CIENEGA;Ludy Sarai Arias Soler;PARTIDO CONSERVADOR COLOMBIANO;7
CIENEGA;Partido Social De Unidad Nacional  Partido De La U;PARTIDO SOCIAL DE UNIDAD NACIONAL  PARTIDO DE LA U;6
CIENEGA;Laura Vanessa Cruz Cespedes;PARTIDO SOCIAL DE UNIDAD NACIONAL  PARTIDO DE LA U;4
CIENEGA;Maritza Johana Cepeda Moreno;PARTIDO CONSERVADOR COLOMBIANO;4
CIENEGA;Partido Cambio Radical;PARTIDO CAMBIO RADICAL;4
COMBITA;Cristian Venancio Samaca Garcia;MOVIMIENTO ALTERNATIVO INDIGENA Y SOCIAL MAIS;496
COMBITA;Wilton Yovan Suspe Vargas;PARTIDO CAMBIO RADICAL;341
COMBITA;Nelson Alejandro Garcia Ayala;PARTIDO ALIANZA VERDE;333
COMBITA;Arley Saavedra Reyes;PARTIDO ALIANZA VERDE;314
COMBITA;Hector Silvino Rodriguez Suarez;PARTIDO CENTRO DEMOCRATICO;241
COMBITA;John Jaime Monroy Lopez;PARTIDO LIBERAL COLOMBIANO;240
COMBITA;Jesus Fonseca Sanchez;PARTIDO LIBERAL COLOMBIANO;215
COMBITA;Orlando Hernandez Muñoz;PARTIDO CAMBIO RADICAL;213
COMBITA;Jose Rodrigo Tocarruncho Aguilar;PARTIDO LIBERAL COLOMBIANO;194
COMBITA;Maria Nelcy Garcia Garcia;PARTIDO ADA;194
COMBITA;Marlen Camargo Zarate;PARTIDO CAMBIO RADICAL;190
COMBITA;Santiago Samaca Lopez;PARTIDO CENTRO DEMOCRATICO;188
COMBITA;Juan Manuel Mora Ruiz;MOVIMIENTO ALTERNATIVO INDIGENA Y SOCIAL MAIS;179
COMBITA;Myriam Waldina Molina Zamora;MOVIMIENTO AUTORIDADES INDIGENAS DE COLOMBIA AICO;179
COMBITA;Rodrigo Ferney Torres Garcia;PARTIDO ALIANZA VERDE;170
COMBITA;Eyver Camilo Aguilar Piratova;PARTIDO ADA;162
COMBITA;Gustavo Rios Pineda;MOVIMIENTO ALTERNATIVO INDIGENA Y SOCIAL MAIS;152
COMBITA;Davinson Felipe Peña Suarez;PARTIDO LIBERAL COLOMBIANO;145
COMBITA;Jose Domingo Salas Pacheco;MOVIMIENTO AUTORIDADES INDIGENAS DE COLOMBIA AICO;139
COMBITA;Oscar Celio Avila Avila;MOVIMIENTO AUTORIDADES INDIGENAS DE COLOMBIA AICO;139
COMBITA;Cibel Salazar Gonzalez;MOVIMIENTO ALTERNATIVO INDIGENA Y SOCIAL MAIS;132
COMBITA;Marco Tulio Pineda Cantor;PARTIDO CENTRO DEMOCRATICO;122
COMBITA;Orlando Alfonso Piraneque;PARTIDO CAMBIO RADICAL;121
COMBITA;Ivan Felipe Uribe Sandoval;MOVIMIENTO AUTORIDADES INDIGENAS DE COLOMBIA AICO;115
COMBITA;Henry Fernando Cantor Santiago;PARTIDO CAMBIO RADICAL;113
COMBITA;Yeffer Armando Piracon Tocarruncho;PARTIDO ADA;108
COMBITA;Zamir Stiven Avila Garavito;PARTIDO ADA;104
COMBITA;Maria Herminda Baron Suarez;PARTIDO CAMBIO RADICAL;103
COMBITA;Edgar Suarique Vargas;MOVIMIENTO ALTERNATIVO INDIGENA Y SOCIAL MAIS;93
COMBITA;Floriberto Aunta Barragan;MOVIMIENTO AUTORIDADES INDIGENAS DE COLOMBIA AICO;85
COMBITA;Francy Yazmin Lopez Galan;PARTIDO ALIANZA VERDE;80
COMBITA;Joaquin Suarez Ramirez;PARTIDO ADA;77
COMBITA;Neftali Pineda Saenz;PARTIDO CAMBIO RADICAL;76
COMBITA;Dora Esperanza Suarez Garavito;PARTIDO CENTRO DEMOCRATICO;73
COMBITA;Jose Parmenio Sarmiento Sarmiento;PARTIDO CENTRO DEMOCRATICO;68
COMBITA;Donny Edgardo Avila Vargas;PARTIDO LIBERAL COLOMBIANO;65
COMBITA;Rafael Antonio Malaver Suarez;PARTIDO LIBERAL COLOMBIANO;58
COMBITA;Efrain Vargas Riaño;PARTIDO CAMBIO RADICAL;57
COMBITA;Yohn Fredi Roncancio Baron;MOVIMIENTO AUTORIDADES INDIGENAS DE COLOMBIA AICO;54
COMBITA;Jose Alberto Aperador Tocarruncho;MOVIMIENTO ALTERNATIVO INDIGENA Y SOCIAL MAIS;52
COMBITA;Jose Mauricio Salas Suarez;PARTIDO CENTRO DEMOCRATICO;46
COMBITA;Luis Alfredo Garcia Morales;MOVIMIENTO ALTERNATIVO INDIGENA Y SOCIAL MAIS;44
COMBITA;Dumas Omar Cardenas Bernal;PARTIDO ALIANZA VERDE;42
COMBITA;Partido Alianza Verde;PARTIDO ALIANZA VERDE;41
COMBITA;Yohet Antonio Santiago Pineda;PARTIDO CAMBIO RADICAL;41
COMBITA;Juan Carlos Garcia Yanquen;PARTIDO LIBERAL COLOMBIANO;38
COMBITA;Maria Leticia Hernandez;PARTIDO ADA;34
COMBITA;Pablo Francisco Sierra Riaño;PARTIDO ALIANZA VERDE;27
COMBITA;Milton Edgar Jimenez Medina;PARTIDO ALIANZA VERDE;22
COMBITA;Nelly Bibiana Suspes Molina;MOVIMIENTO ALTERNATIVO INDIGENA Y SOCIAL MAIS;22
COMBITA;Partido Liberal Colombiano;PARTIDO LIBERAL COLOMBIANO;21
COMBITA;Laura Jazmin Pacheco Casas;PARTIDO CAMBIO RADICAL;19
COMBITA;Partido Cambio Radical;PARTIDO CAMBIO RADICAL;19
COMBITA;Carlina Martinez Zambrano;PARTIDO ALIANZA VERDE;18
COMBITA;Julian David Sarmiento Suarez;MOVIMIENTO AUTORIDADES INDIGENAS DE COLOMBIA AICO;18
COMBITA;Yadi Patricia Serna Vanegas;MOVIMIENTO ALTERNATIVO INDIGENA Y SOCIAL MAIS;17
COMBITA;Movimiento Alternativo Indigena Y Social Mais;MOVIMIENTO ALTERNATIVO INDIGENA Y SOCIAL MAIS;16
COMBITA;Partido Centro Democratico;PARTIDO CENTRO DEMOCRATICO;16
COMBITA;Mileidy Ocampo Alcalde;PARTIDO ADA;14
COMBITA;Movimiento Autoridades Indigenas De Colombia Aico;MOVIMIENTO AUTORIDADES INDIGENAS DE COLOMBIA AICO;13
COMBITA;Wilfredo Aunta;PARTIDO ALIANZA VERDE;12
COMBITA;Karen Alejandra Riaño Becerra;MOVIMIENTO AUTORIDADES INDIGENAS DE COLOMBIA AICO;11
COMBITA;Aura Nelly Suarez Garcia;MOVIMIENTO ALTERNATIVO INDIGENA Y SOCIAL MAIS;10
COMBITA;Partido Ada;PARTIDO ADA;10
COMBITA;Olga Lucia Aguilar Vargas;PARTIDO ALIANZA VERDE;9
COMBITA;Diana Constanza Matta Sarmiento;PARTIDO LIBERAL COLOMBIANO;8
COMBITA;Luz Dary Malaver Sarmiento;PARTIDO ALIANZA VERDE;8
COMBITA;Sandra Patricia Aguilar Piratoba;PARTIDO LIBERAL COLOMBIANO;7
COMBITA;Wilson Garcia Piracon;PARTIDO ADA;7
COMBITA;Noralba Sarmiento Matta;PARTIDO CENTRO DEMOCRATICO;6
COMBITA;Ana Mercedes Alfonso Espitia;MOVIMIENTO AUTORIDADES INDIGENAS DE COLOMBIA AICO;5
COMBITA;Alejandra Vargas Galan;PARTIDO SOCIAL DE UNIDAD NACIONAL  PARTIDO DE LA U;4
COMBITA;Maria Helena Salazar Jimenez;PARTIDO CENTRO DEMOCRATICO;4
COMBITA;Partido Social De Unidad Nacional  Partido De La U;PARTIDO SOCIAL DE UNIDAD NACIONAL  PARTIDO DE LA U;4
COMBITA;Alba Luz Ruiz Pacheco;PARTIDO LIBERAL COLOMBIANO;3
COMBITA;Luz Yamile Triana Montealegre;MOVIMIENTO AUTORIDADES INDIGENAS DE COLOMBIA AICO;3
COMBITA;Jorge Duvan Suspe Garcia;PARTIDO SOCIAL DE UNIDAD NACIONAL  PARTIDO DE LA U;2
COMBITA;Sandra Milena Contreras Cuchivaguen;PARTIDO SOCIAL DE UNIDAD NACIONAL  PARTIDO DE LA U;2
COMBITA;Lina Marcela Malaver Aunta;PARTIDO SOCIAL DE UNIDAD NACIONAL  PARTIDO DE LA U;1
COPER;Edwin Libardo Castellanos Pereira;PARTIDO CENTRO DEMOCRATICO;166
COPER;Pedro Elias Pinilla Umaña;PARTIDO CENTRO DEMOCRATICO;162
COPER;Abelardo Guzman Delgado;PARTIDO ALIANZA VERDE;155
COPER;Hugo Edilson Ortega;PARTIDO CENTRO DEMOCRATICO;140
COPER;Pacifico Piraquive Villamil;PARTIDO CONSERVADOR COLOMBIANO;113
COPER;Luis Rolando Sierra Saza;PARTIDO SOCIAL DE UNIDAD NACIONAL  PARTIDO DE LA U;109
COPER;Sandra Marcela Pinilla Pastran;PARTIDO SOCIAL DE UNIDAD NACIONAL  PARTIDO DE LA U;101
COPER;Maira Fernanda Angulo Carvajal;PARTIDO ALIANZA VERDE;86
COPER;Movimiento Alternativo Indigena Y Social Mais;MOVIMIENTO ALTERNATIVO INDIGENA Y SOCIAL MAIS;82
COPER;Betty Sofia Duarte Barragan;PARTIDO ALIANZA VERDE;76
COPER;Sandro Benitez Romero;PARTIDO ALIANZA VERDE;76
COPER;Kilian Rene Moreno Avila;PARTIDO LIBERAL COLOMBIANO;74
COPER;Ermides Martinez Piraquive;PARTIDO CONSERVADOR COLOMBIANO;73
COPER;Jose Adan Rojas Pachon;PARTIDO ALIANZA VERDE;71
COPER;Baudilio Antonio Martinez Gonzalez;PARTIDO CENTRO DEMOCRATICO;70
COPER;Elberth Yesid Pinzon Murcia;PARTIDO CAMBIO RADICAL;70
COPER;Wilinton Andrey Cortes Quiñones;PARTIDO ALIANZA SOCIAL INDEPENDIENTE ASI;63
COPER;Luis Alberto Garcia Nuñez;PARTIDO ALIANZA SOCIAL INDEPENDIENTE ASI;58
COPER;Edith Yolima Ramirez Roncancio;PARTIDO LIBERAL COLOMBIANO;57
COPER;Hector Horacio Leon Prieto;PARTIDO CAMBIO RADICAL;56
COPER;Yina Yohaira Espitia Cortes;PARTIDO ALIANZA VERDE;50
COPER;Jose Joaquin Umaña;PARTIDO LIBERAL COLOMBIANO;41
COPER;Hugo Leon Ortiz Pachon;PARTIDO SOCIAL DE UNIDAD NACIONAL  PARTIDO DE LA U;39
COPER;Graciela Ballen Quiroga;PARTIDO CONSERVADOR COLOMBIANO;27
COPER;Partido Alianza Verde;PARTIDO ALIANZA VERDE;27
COPER;Cesar Leonardo Silva Molano;PARTIDO LIBERAL COLOMBIANO;25
COPER;Maria Magdalena Rocha Guzman;PARTIDO CONSERVADOR COLOMBIANO;23
COPER;Gustavo Anibal Figueroa Moreno;PARTIDO ALIANZA VERDE;19
COPER;Alvina Runza Suta;PARTIDO ALIANZA SOCIAL INDEPENDIENTE ASI;18
COPER;Yuri Johana Hoyos Bayer;PARTIDO LIBERAL COLOMBIANO;17
COPER;Partido Liberal Colombiano;PARTIDO LIBERAL COLOMBIANO;15
COPER;Efren Latorre Rincon;PARTIDO ALIANZA SOCIAL INDEPENDIENTE ASI;14
COPER;Juan Leonardo Arevalo Bautista;PARTIDO ALIANZA SOCIAL INDEPENDIENTE ASI;13
COPER;Partido Centro Democratico;PARTIDO CENTRO DEMOCRATICO;13
COPER;Julio Cesar Estrada Peralta;PARTIDO CONSERVADOR COLOMBIANO;10
COPER;Jorge Vicente Murcia Pinilla;PARTIDO SOCIAL DE UNIDAD NACIONAL  PARTIDO DE LA U;8
COPER;Romelia Gloria Castillo Sanchez;PARTIDO SOCIAL DE UNIDAD NACIONAL  PARTIDO DE LA U;8
COPER;Partido Cambio Radical;PARTIDO CAMBIO RADICAL;7
COPER;Yury Teresa Torres Bernal;PARTIDO CENTRO DEMOCRATICO;6
COPER;Dora Marleny Mediorreal Almanza;PARTIDO CENTRO DEMOCRATICO;5
COPER;Partido Conservador Colombiano;PARTIDO CONSERVADOR COLOMBIANO;5
COPER;Partido Social De Unidad Nacional  Partido De La U;PARTIDO SOCIAL DE UNIDAD NACIONAL  PARTIDO DE LA U;5
COPER;Jeniffer Karina Castiblanco Arevalo;PARTIDO CAMBIO RADICAL;4
COPER;Partido Alianza Social Independiente Asi;PARTIDO ALIANZA SOCIAL INDEPENDIENTE ASI;4
COPER;Geraldine Castiblanco Garcia;PARTIDO CENTRO DEMOCRATICO;3
COPER;Carmen Elisa Buitrago Cortes;PARTIDO LIBERAL COLOMBIANO;2
COPER;Nelcy Lucero Ruiz Fandiño;PARTIDO SOCIAL DE UNIDAD NACIONAL  PARTIDO DE LA U;2
CORRALES;Cristian Santiago Castañeda Serrano;PARTIDO ALIANZA VERDE;226
CORRALES;Hector Guillermo Torres Torres;PARTIDO ALIANZA VERDE;224
CORRALES;William Ferney Fonseca Torres;PARTIDO CONSERVADOR COLOMBIANO;187
CORRALES;Jose Silvino Fonseca Cardenas;PARTIDO ALIANZA VERDE;183
CORRALES;Jorge Antonio Fracica Gomez;PARTIDO CONSERVADOR COLOMBIANO;164
CORRALES;Nancy Liliana Corredor Acero;PARTIDO CONSERVADOR COLOMBIANO;139
CORRALES;Guillermina Gonzalez Colmenares;PARTIDO CONSERVADOR COLOMBIANO;120
CORRALES;Gloria Maria Agudelo Guevara;PARTIDO ALIANZA VERDE;98
CORRALES;Pedro Alberto Agudelo Guevara;PARTIDO CONSERVADOR COLOMBIANO;97
CORRALES;Ivan Angarita Montañez;PARTIDO CONSERVADOR COLOMBIANO;84
CORRALES;Yolanda Soler Vargas;PARTIDO CONSERVADOR COLOMBIANO;39
CORRALES;Jeymy Alejandra Quintana Silva;PARTIDO ALIANZA VERDE;25
CORRALES;Maria Martha Colmenares Lopez;PARTIDO ALIANZA VERDE;23
CORRALES;Ruben Dario Deaquiz Cusba;PARTIDO ALIANZA VERDE;15
CORRALES;Partido Alianza Verde;PARTIDO ALIANZA VERDE;13
CORRALES;Partido Conservador Colombiano;PARTIDO CONSERVADOR COLOMBIANO;10
COVARACHIA;German Cuevas Riaño;PARTIDO ALIANZA SOCIAL INDEPENDIENTE ASI;235
COVARACHIA;Cesar David Patiño Chaparro;PARTIDO ALIANZA SOCIAL INDEPENDIENTE ASI;192
COVARACHIA;Yenny Salazar Prada;PARTIDO ALIANZA SOCIAL INDEPENDIENTE ASI;158
COVARACHIA;Luis Felipe Forero Alvarez;PARTIDO POLO DEMOCRATICO ALTERNATIVO;153
COVARACHIA;Luz Angela Lopez;PARTIDO CAMBIO RADICAL;149
COVARACHIA;Jorge Adriano Aparicio Quintero;PARTIDO CONSERVADOR COLOMBIANO;128
COVARACHIA;Diego Fernando Sanabria Aparicio;PARTIDO CONSERVADOR COLOMBIANO;103
COVARACHIA;Sandra Milena Soto Paipa;PARTIDO POLO DEMOCRATICO ALTERNATIVO;94
COVARACHIA;Alirio Salamanca Salazar;PARTIDO ALIANZA VERDE;92
COVARACHIA;Elkin Jobany Laso Poveda;MOVIMIENTO ALTERNATIVO INDIGENA Y SOCIAL MAIS;92
COVARACHIA;Raul Mendoza Aparicio;PARTIDO LIBERAL COLOMBIANO;91
COVARACHIA;Wilson Ignacio Soto Gonzalez;PARTIDO CONSERVADOR COLOMBIANO;89
COVARACHIA;Silvio Raul Cuevas Corso;PARTIDO CONSERVADOR COLOMBIANO;88
COVARACHIA;Adriana Yulieth Riaño Castro;PARTIDO CAMBIO RADICAL;73
COVARACHIA;Ubirley Blanco Siza;PARTIDO LIBERAL COLOMBIANO;73
COVARACHIA;Fausto Adarme Lizarazo;PARTIDO SOCIAL DE UNIDAD NACIONAL  PARTIDO DE LA U;37
COVARACHIA;Jose Israel Tolosa Dulcey;MOVIMIENTO ALTERNATIVO INDIGENA Y SOCIAL MAIS;28
COVARACHIA;Rodrigo Valderrama Aparicio;PARTIDO SOCIAL DE UNIDAD NACIONAL  PARTIDO DE LA U;22
COVARACHIA;Luis Enrique Alferez Bonilla;PARTIDO ALIANZA VERDE;21
COVARACHIA;Luis Hernando Torres Tibaduiza;PARTIDO CAMBIO RADICAL;21
COVARACHIA;Luz Herminda Sequeda Vega;PARTIDO SOCIAL DE UNIDAD NACIONAL  PARTIDO DE LA U;19
COVARACHIA;Anatolio Valderrama Villarreal;PARTIDO SOCIAL DE UNIDAD NACIONAL  PARTIDO DE LA U;18
COVARACHIA;Luis Alfonso Lopez Forero;PARTIDO CAMBIO RADICAL;16
COVARACHIA;Luis Hernando Tellez Salamanca;MOVIMIENTO ALTERNATIVO INDIGENA Y SOCIAL MAIS;16
COVARACHIA;Manuel Salazar Salazar;PARTIDO SOCIAL DE UNIDAD NACIONAL  PARTIDO DE LA U;14
COVARACHIA;Partido Conservador Colombiano;PARTIDO CONSERVADOR COLOMBIANO;14
COVARACHIA;Ivan Dario Ruiz Castañeda;PARTIDO POLO DEMOCRATICO ALTERNATIVO;13
COVARACHIA;Mariela Gomez Hernandez;PARTIDO ALIANZA VERDE;11
COVARACHIA;Eymar Lazzo Pineda;PARTIDO ALIANZA VERDE;10
COVARACHIA;Gustavo Florez Toloza;PARTIDO CAMBIO RADICAL;10
COVARACHIA;Victor Manuel Castro Quintero;PARTIDO POLO DEMOCRATICO ALTERNATIVO;10
COVARACHIA;Helio Jesus Aparicio;PARTIDO ALIANZA VERDE;8
COVARACHIA;Maria Benilda Alvarez Panqueva;PARTIDO LIBERAL COLOMBIANO;8
COVARACHIA;Partido Alianza Verde;PARTIDO ALIANZA VERDE;7
COVARACHIA;Yelismar Del Valle Garcia Perozo;MOVIMIENTO ALTERNATIVO INDIGENA Y SOCIAL MAIS;7
COVARACHIA;Luzdary Bohorquez Martinez;MOVIMIENTO ALTERNATIVO INDIGENA Y SOCIAL MAIS;6
COVARACHIA;Ramiro Ortiz Leon;PARTIDO LIBERAL COLOMBIANO;6
COVARACHIA;Adriana Leonides Florez Alvarez;PARTIDO ALIANZA SOCIAL INDEPENDIENTE ASI;5
COVARACHIA;Eugenio Colmenares Mayorga;PARTIDO LIBERAL COLOMBIANO;5
COVARACHIA;Partido Alianza Social Independiente Asi;PARTIDO ALIANZA SOCIAL INDEPENDIENTE ASI;5
COVARACHIA;Partido Cambio Radical;PARTIDO CAMBIO RADICAL;5
COVARACHIA;Partido Polo Democratico Alternativo;PARTIDO POLO DEMOCRATICO ALTERNATIVO;5
COVARACHIA;Tanya Yibreth Adarme Cuevas;PARTIDO ALIANZA VERDE;5
COVARACHIA;Calixto Albeiro Camacho Moreno;PARTIDO ALIANZA SOCIAL INDEPENDIENTE ASI;4
COVARACHIA;Claudia Patricia Palencia Aparicio;PARTIDO POLO DEMOCRATICO ALTERNATIVO;4
COVARACHIA;Partido Liberal Colombiano;PARTIDO LIBERAL COLOMBIANO;4
COVARACHIA;Yeny Lucero Pinto Vega;PARTIDO CONSERVADOR COLOMBIANO;4
COVARACHIA;Yeyny Pineda Garcia;PARTIDO ALIANZA VERDE;4
COVARACHIA;Bianeith Aparicio Sanabria;PARTIDO CAMBIO RADICAL;3
COVARACHIA;Javier Dulcey Estupiñan;PARTIDO CENTRO DEMOCRATICO;3
COVARACHIA;Mariela Quintero Gelvez;PARTIDO SOCIAL DE UNIDAD NACIONAL  PARTIDO DE LA U;3
COVARACHIA;Rafael Garcia Palencia;PARTIDO CENTRO DEMOCRATICO;3
COVARACHIA;Yancy Jhobany Diaz Pacheco;PARTIDO CAMBIO RADICAL;3
COVARACHIA;Alba Yadira Castro Prada;PARTIDO CONSERVADOR COLOMBIANO;2
COVARACHIA;Gloria Yarleny Rios Cely;PARTIDO ALIANZA SOCIAL INDEPENDIENTE ASI;2
COVARACHIA;Luis Hernando Quintero Vega;PARTIDO CENTRO DEMOCRATICO;2
COVARACHIA;Luly Cely Cely;MOVIMIENTO ALTERNATIVO INDIGENA Y SOCIAL MAIS;2
COVARACHIA;Partido Social De Unidad Nacional  Partido De La U;PARTIDO SOCIAL DE UNIDAD NACIONAL  PARTIDO DE LA U;2
COVARACHIA;Alexander Garcia Siza;PARTIDO ALIANZA SOCIAL INDEPENDIENTE ASI;1
COVARACHIA;Movimiento Alternativo Indigena Y Social Mais;MOVIMIENTO ALTERNATIVO INDIGENA Y SOCIAL MAIS;1
COVARACHIA;Partido Centro Democratico;PARTIDO CENTRO DEMOCRATICO;1
COVARACHIA;Rosa Yanet Dulcey Suarez;PARTIDO LIBERAL COLOMBIANO;1
CUBARA;Walter Saul Farias Rangel;PARTIDO ALIANZA SOCIAL INDEPENDIENTE ASI;198
CUBARA;Partido Polo Democratico Alternativo;PARTIDO POLO DEMOCRATICO ALTERNATIVO;188
CUBARA;Pascual Mendoza Vera;MOVIMIENTO ALTERNATIVO INDIGENA Y SOCIAL MAIS;161
CUBARA;Luz Celia Aguirre Montañez;PARTIDO CONSERVADOR COLOMBIANO;127
CUBARA;Omar Becerra Mora;PARTIDO CONSERVADOR COLOMBIANO;125
CUBARA;Lizeth Jurado Villamizar;PARTIDO CONSERVADOR COLOMBIANO;123
CUBARA;Davisnel Sepulveda Villamizar;PARTIDO LIBERAL COLOMBIANO;101
CUBARA;Luis Hernando Valencia Mora;PARTIDO LIBERAL COLOMBIANO;94
CUBARA;Orfa Dolores Najar Rojas;PARTIDO ALIANZA SOCIAL INDEPENDIENTE ASI;91
CUBARA;Jose Angel Mina Rincon;PARTIDO ALIANZA VERDE;86
CUBARA;Wachuru Tegria Tegria;MOVIMIENTO ALTERNATIVO INDIGENA Y SOCIAL MAIS;85
CUBARA;Carlos Jacob Valencia Merchan;PARTIDO SOCIAL DE UNIDAD NACIONAL  PARTIDO DE LA U;84
CUBARA;Nelson Vera Mogollon;PARTIDO CONSERVADOR COLOMBIANO;80
CUBARA;Jorge Eliecer Jerez Gil;PARTIDO ALIANZA SOCIAL INDEPENDIENTE ASI;79
CUBARA;Heibar Jose Garcia Sanchez;PARTIDO LIBERAL COLOMBIANO;75
CUBARA;Daniel Suescun Cobaria;MOVIMIENTO ALTERNATIVO INDIGENA Y SOCIAL MAIS;69
CUBARA;Ferney Pacheco;PARTIDO ALIANZA VERDE;69
CUBARA;Lizandro Moreno Esquivel;PARTIDO LIBERAL COLOMBIANO;65
CUBARA;Isbelia Berbesi Villamizar;PARTIDO SOCIAL DE UNIDAD NACIONAL  PARTIDO DE LA U;59
CUBARA;Movimiento Alternativo Indigena Y Social Mais;MOVIMIENTO ALTERNATIVO INDIGENA Y SOCIAL MAIS;57
CUBARA;Leonardo Hernandez Beltran;PARTIDO ALIANZA VERDE;56
CUBARA;Armando Berua Tegria Rinconada;MOVIMIENTO ALTERNATIVO INDIGENA Y SOCIAL MAIS;54
CUBARA;Jose Francisco Castellanos Rios;PARTIDO CONSERVADOR COLOMBIANO;53
CUBARA;Marina Aponte Torres;PARTIDO ALIANZA VERDE;53
CUBARA;Luis Bernardo Torres Mojica;PARTIDO LIBERAL COLOMBIANO;52
CUBARA;Walfredo Alvarez Gelvez;PARTIDO SOCIAL DE UNIDAD NACIONAL  PARTIDO DE LA U;51
CUBARA;Gustavo Aponte Cote;PARTIDO CONSERVADOR COLOMBIANO;47
CUBARA;Esteban Rosas Bocota;PARTIDO CONSERVADOR COLOMBIANO;45
CUBARA;Joel Saenz Sepulveda;PARTIDO SOCIAL DE UNIDAD NACIONAL  PARTIDO DE LA U;44
CUBARA;Luis Carlos Carrillo Tamaran;PARTIDO ALIANZA VERDE;40
CUBARA;Partido Conservador Colombiano;PARTIDO CONSERVADOR COLOMBIANO;40
CUBARA;Ana Milena Contreras Trujillo;MOVIMIENTO ALTERNATIVO INDIGENA Y SOCIAL MAIS;38
CUBARA;Diocelina Manrique Barrera;PARTIDO SOCIAL DE UNIDAD NACIONAL  PARTIDO DE LA U;31
CUBARA;Elizabeth Rubio;PARTIDO CONSERVADOR COLOMBIANO;29
CUBARA;Elieser Cobaria Bocota;MOVIMIENTO ALTERNATIVO INDIGENA Y SOCIAL MAIS;27
CUBARA;Blanca Nieves Villamizar Garcia;MOVIMIENTO ALTERNATIVO INDIGENA Y SOCIAL MAIS;25
CUBARA;Gladis Cecilia Martinez Vides;PARTIDO SOCIAL DE UNIDAD NACIONAL  PARTIDO DE LA U;22
CUBARA;Partido Alianza Verde;PARTIDO ALIANZA VERDE;22
CUBARA;Monica Paola Vargas Torres;PARTIDO CONSERVADOR COLOMBIANO;19
CUBARA;Partido Liberal Colombiano;PARTIDO LIBERAL COLOMBIANO;19
CUBARA;Yhonatan Alberto Tolosa Landazabal;PARTIDO SOCIAL DE UNIDAD NACIONAL  PARTIDO DE LA U;19
CUBARA;Partido Social De Unidad Nacional  Partido De La U;PARTIDO SOCIAL DE UNIDAD NACIONAL  PARTIDO DE LA U;17
CUBARA;Yeison Yohani Delgado Gamboa;PARTIDO ALIANZA VERDE;17
CUBARA;Anderse Mogollon Florez;MOVIMIENTO ALTERNATIVO INDIGENA Y SOCIAL MAIS;14
CUBARA;Ludy Alejandra Castellanos Rosas;PARTIDO LIBERAL COLOMBIANO;14
CUBARA;Blanca Herminia Barajas Silva;PARTIDO SOCIAL DE UNIDAD NACIONAL  PARTIDO DE LA U;13
CUBARA;Ciro Carmelo Baron Davila;PARTIDO ALIANZA SOCIAL INDEPENDIENTE ASI;11
CUBARA;Diana Carolina Franco Villamizar;PARTIDO ALIANZA VERDE;11
CUBARA;Trina Cote Florez;PARTIDO ALIANZA VERDE;11
CUBARA;Armando Bernabe Tegria Uncaria;PARTIDO ALIANZA SOCIAL INDEPENDIENTE ASI;10
CUBARA;Jakeline Gelvez;PARTIDO LIBERAL COLOMBIANO;10
CUBARA;Leidy Yurley Agudelo Angarita;PARTIDO SOCIAL DE UNIDAD NACIONAL  PARTIDO DE LA U;10
CUBARA;Marybel Enrique Rio;MOVIMIENTO ALTERNATIVO INDIGENA Y SOCIAL MAIS;10
CUBARA;Luz Neyda Pinto Vega;PARTIDO LIBERAL COLOMBIANO;9
CUBARA;Franklin Garcia Bateca;PARTIDO LIBERAL COLOMBIANO;7
CUBARA;Dabinson Farid Parada Salamanca;PARTIDO ALIANZA VERDE;6
CUBARA;Partido Alianza Social Independiente Asi;PARTIDO ALIANZA SOCIAL INDEPENDIENTE ASI;6
CUBARA;Abel Elieth Suescun Suescun;PARTIDO ALIANZA SOCIAL INDEPENDIENTE ASI;2
CUBARA;Francy Antolina Mora Mora;PARTIDO ALIANZA SOCIAL INDEPENDIENTE ASI;2
CUBARA;Ruby Esperanza Mendoza;PARTIDO ALIANZA SOCIAL INDEPENDIENTE ASI;2
CUCAITA;Javier Enrique Niño Borda;PARTIDO CONSERVADOR COLOMBIANO;219
CUCAITA;Nelson Niño Martinez;PARTIDO CONSERVADOR COLOMBIANO;172
CUCAITA;Agustin Vanegas Otalora;PARTIDO ALIANZA VERDE;156
CUCAITA;Harold Harvey Gil Castillo;PARTIDO CONSERVADOR COLOMBIANO;138
CUCAITA;John Azael Borda Vanegas;COLOMBIA HUMANA - UNION PATRIOTICA;134
CUCAITA;Carlos Javier Sanabria Gomez;COLOMBIA HUMANA - UNION PATRIOTICA;132
CUCAITA;Hernan Dario Parra Suarez;PARTIDO LIBERAL COLOMBIANO;127
CUCAITA;Hector Alfonso Garcia Niño;MOVIMIENTO ALTERNATIVO INDIGENA Y SOCIAL MAIS;115
CUCAITA;Carlos Eduardo Contador Florez;PARTIDO SOCIAL DE UNIDAD NACIONAL  PARTIDO DE LA U;95
CUCAITA;William Gerardo Sierra Vega;PARTIDO ALIANZA VERDE;95
CUCAITA;Pedro Francisco Gil Bautista;COLOMBIA HUMANA - UNION PATRIOTICA;90
CUCAITA;Edwin Fabian Garzon Castro;PARTIDO SOCIAL DE UNIDAD NACIONAL  PARTIDO DE LA U;86
CUCAITA;Jose German Borda Bautista;PARTIDO ALIANZA SOCIAL INDEPENDIENTE ASI;83
CUCAITA;Nelson Enrique Otalora Rodriguez;MOVIMIENTO AUTORIDADES INDIGENAS DE COLOMBIA AICO;82
CUCAITA;Jose Vicente Israel Robles Alba;PARTIDO ALIANZA SOCIAL INDEPENDIENTE ASI;79
CUCAITA;Elsa Marina Sierra Cely;MOVIMIENTO ALTERNATIVO INDIGENA Y SOCIAL MAIS;70
CUCAITA;Sergio Perez Castro;MOVIMIENTO ALTERNATIVO INDIGENA Y SOCIAL MAIS;62
CUCAITA;Elizabeth Niño Sierra;COLOMBIA HUMANA - UNION PATRIOTICA;56
CUCAITA;Nelson Enrique Lopez Robles;PARTIDO ALIANZA SOCIAL INDEPENDIENTE ASI;52
CUCAITA;Yesid Andres Moreno Chivata;PARTIDO LIBERAL COLOMBIANO;47
CUCAITA;Jorge Eduardo Borda Daza;PARTIDO ALIANZA VERDE;45
CUCAITA;Jose Alexander Gil Rodriguez;PARTIDO LIBERAL COLOMBIANO;44
CUCAITA;Maria Teresa Castellanos Vanegas;MOVIMIENTO AUTORIDADES INDIGENAS DE COLOMBIA AICO;41
CUCAITA;Alfonso Buitrago Espitia;PARTIDO SOCIAL DE UNIDAD NACIONAL  PARTIDO DE LA U;31
CUCAITA;Nelson Laureano Gomez Garcia;PARTIDO CONSERVADOR COLOMBIANO;29
CUCAITA;Camilo Alonso Vanegas Novoa;MOVIMIENTO ALTERNATIVO INDIGENA Y SOCIAL MAIS;28
CUCAITA;Cristian Ferney Parra Reyes;PARTIDO ALIANZA SOCIAL INDEPENDIENTE ASI;25
CUCAITA;Gonzalo Chivata;PARTIDO CAMBIO RADICAL;23
CUCAITA;Luis Parmenio Reyes Niño;PARTIDO SOCIAL DE UNIDAD NACIONAL  PARTIDO DE LA U;22
CUCAITA;Flor Angela Bautista Parra;PARTIDO ALIANZA SOCIAL INDEPENDIENTE ASI;21
CUCAITA;Jorge Enrique Herrera Currea;MOVIMIENTO ALTERNATIVO INDIGENA Y SOCIAL MAIS;20
CUCAITA;Partido Alianza Verde;PARTIDO ALIANZA VERDE;20
CUCAITA;Gloria Fernanda Rodriguez Parra;PARTIDO ALIANZA SOCIAL INDEPENDIENTE ASI;18
CUCAITA;Maria Del Rosario Chivata Sierra;PARTIDO ALIANZA SOCIAL INDEPENDIENTE ASI;18
CUCAITA;Edwin Armando Bautista Buitrago;PARTIDO LIBERAL COLOMBIANO;16
CUCAITA;Colombia Humana - Union Patriotica;COLOMBIA HUMANA - UNION PATRIOTICA;12
CUCAITA;Luz Victoria Bautista Castellanos;MOVIMIENTO AUTORIDADES INDIGENAS DE COLOMBIA AICO;12
CUCAITA;Diana Carolina Jimenez Contador;COLOMBIA HUMANA - UNION PATRIOTICA;10
CUCAITA;Movimiento Alternativo Indigena Y Social Mais;MOVIMIENTO ALTERNATIVO INDIGENA Y SOCIAL MAIS;10
CUCAITA;Partido Conservador Colombiano;PARTIDO CONSERVADOR COLOMBIANO;9
CUCAITA;Claudia Sierra Lopez;PARTIDO LIBERAL COLOMBIANO;8
CUCAITA;Liliana Isaza Salcedo;COLOMBIA HUMANA - UNION PATRIOTICA;7
CUCAITA;Maria Vitalina Lopez Lopez;MOVIMIENTO ALTERNATIVO INDIGENA Y SOCIAL MAIS;7
CUCAITA;Partido Liberal Colombiano;PARTIDO LIBERAL COLOMBIANO;7
CUCAITA;Partido Social De Unidad Nacional  Partido De La U;PARTIDO SOCIAL DE UNIDAD NACIONAL  PARTIDO DE LA U;7
CUCAITA;Flor Angela Gil Cely;PARTIDO LIBERAL COLOMBIANO;6
CUCAITA;Marco Abel Larotta;PARTIDO CAMBIO RADICAL;6
CUCAITA;Luisa Fernanda Largo Morales;PARTIDO ALIANZA VERDE;5
CUCAITA;Martha Janneth Junco Gonzalez;PARTIDO CAMBIO RADICAL;5
CUCAITA;Partido Alianza Social Independiente Asi;PARTIDO ALIANZA SOCIAL INDEPENDIENTE ASI;5
CUCAITA;Andrea Carolina Bautista Baron;PARTIDO ALIANZA VERDE;4
CUCAITA;Diana Patricia Garcia Buitrago;PARTIDO CAMBIO RADICAL;4
CUCAITA;Herica Herminia La Rotta Borda;PARTIDO ALIANZA VERDE;4
CUCAITA;Elsa Betulia Estupiñan Estupiñan;PARTIDO CONSERVADOR COLOMBIANO;3
CUCAITA;Martha Elena Bastidas Parra;PARTIDO SOCIAL DE UNIDAD NACIONAL  PARTIDO DE LA U;3
CUCAITA;Partido Cambio Radical;PARTIDO CAMBIO RADICAL;3
CUCAITA;Maria Natividad Niño Castillo;PARTIDO CONSERVADOR COLOMBIANO;2
CUCAITA;Sandra Marlen Bastidas Castillo;PARTIDO CAMBIO RADICAL;2
CUCAITA;Ingrid Tatiana Ruiz Hurtado;PARTIDO SOCIAL DE UNIDAD NACIONAL  PARTIDO DE LA U;1
CUCAITA;Movimiento Autoridades Indigenas De Colombia Aico;MOVIMIENTO AUTORIDADES INDIGENAS DE COLOMBIA AICO;1
CUITIVA;Luis David Lopez Rojas;PARTIDO LIBERAL COLOMBIANO;115
CUITIVA;Wilmer Fabian Toca Macias;PARTIDO ALIANZA VERDE;103
CUITIVA;Mirza Yanet Salamanca Correa;PARTIDO CONSERVADOR COLOMBIANO;102
CUITIVA;Hector Andres Pedraza Vargas;PARTIDO CENTRO DEMOCRATICO;91
CUITIVA;Oscar Hernan Suarez Piragua;PARTIDO CONSERVADOR COLOMBIANO;89
CUITIVA;Luis Gerardo Chaparro Rodriguez;PARTIDO LIBERAL COLOMBIANO;67
CUITIVA;Jorge Espinel Rodriguez;PARTIDO SOCIAL DE UNIDAD NACIONAL  PARTIDO DE LA U;65
CUITIVA;Nely Esperanza Menjuren Rico;PARTIDO ALIANZA VERDE;63
CUITIVA;Edixon Yair Vargas Perez;PARTIDO ALIANZA VERDE;55
CUITIVA;Marley Yesid Rodriguez Cardenas;PARTIDO SOCIAL DE UNIDAD NACIONAL  PARTIDO DE LA U;55
CUITIVA;Nairo Yesid Vargas Diaz;PARTIDO LIBERAL COLOMBIANO;47
CUITIVA;Nestor Fabio Suarez Gavidia;PARTIDO CAMBIO RADICAL;46
CUITIVA;Rosalba Martinez Rodriguez;PARTIDO SOCIAL DE UNIDAD NACIONAL  PARTIDO DE LA U;44
CUITIVA;Raul Suarez Suarez;PARTIDO SOCIAL DE UNIDAD NACIONAL  PARTIDO DE LA U;42
CUITIVA;Camilo Andres Gavidia Suarez;PARTIDO CAMBIO RADICAL;32
CUITIVA;Martha Lucia Ayala;PARTIDO ALIANZA VERDE;29
CUITIVA;Leady Patricia Chaparro Piragauta;PARTIDO ALIANZA VERDE;26
CUITIVA;Angel Hernan Menjuren Piragauta;PARTIDO CONSERVADOR COLOMBIANO;24
CUITIVA;Bertilde Perez;PARTIDO CONSERVADOR COLOMBIANO;22
CUITIVA;Diana Rocio Pesca Vargas;PARTIDO LIBERAL COLOMBIANO;18
CUITIVA;Fernando Javier Gomez Suarez;PARTIDO ALIANZA VERDE;16
CUITIVA;Jeani Del Carmen Correa Piragua;PARTIDO CAMBIO RADICAL;16
CUITIVA;Praxedis Mesa Chaparro;PARTIDO CONSERVADOR COLOMBIANO;16
CUITIVA;Segundo Libardo Piragauta Piragauta;PARTIDO ALIANZA VERDE;16
CUITIVA;Partido Social De Unidad Nacional  Partido De La U;PARTIDO SOCIAL DE UNIDAD NACIONAL  PARTIDO DE LA U;15
CUITIVA;Yuli Paola Ramos Correa;PARTIDO CENTRO DEMOCRATICO;14
CUITIVA;Luis Enry Molina Gavidia;PARTIDO CENTRO DEMOCRATICO;12
CUITIVA;Nidia Del Carmen Ramos Piragauta;PARTIDO CENTRO DEMOCRATICO;11
CUITIVA;Angel Antonio Pineda Suarez;MOVIMIENTO ALTERNATIVO INDIGENA Y SOCIAL MAIS;10
CUITIVA;Bertha Ines Correa Sanchez;PARTIDO LIBERAL COLOMBIANO;10
CUITIVA;Iveth Katherine Macias Puentes;MOVIMIENTO ALTERNATIVO INDIGENA Y SOCIAL MAIS;9
CUITIVA;Maria Jaqueline Murcia Forero;MOVIMIENTO ALTERNATIVO INDIGENA Y SOCIAL MAIS;9
CUITIVA;Nestor Eustorgio Chaparro Lopez;PARTIDO CAMBIO RADICAL;9
CUITIVA;Alexander Rodriguez Ojeda;PARTIDO SOCIAL DE UNIDAD NACIONAL  PARTIDO DE LA U;8
CUITIVA;Partido Liberal Colombiano;PARTIDO LIBERAL COLOMBIANO;8
CUITIVA;Julio Alejandro Rincon Ojeda;PARTIDO LIBERAL COLOMBIANO;7
CUITIVA;Partido Alianza Verde;PARTIDO ALIANZA VERDE;7
CUITIVA;Partido Conservador Colombiano;PARTIDO CONSERVADOR COLOMBIANO;7
CUITIVA;Yuli Andrea Suarez Correa;PARTIDO SOCIAL DE UNIDAD NACIONAL  PARTIDO DE LA U;6
CUITIVA;Luis Eduardo Jimenez Carreño;MOVIMIENTO ALTERNATIVO INDIGENA Y SOCIAL MAIS;5
CUITIVA;Hermes Diogenes Correa Piragauta;PARTIDO CONSERVADOR COLOMBIANO;3
CUITIVA;Movimiento Alternativo Indigena Y Social Mais;MOVIMIENTO ALTERNATIVO INDIGENA Y SOCIAL MAIS;3
CUITIVA;Partido Cambio Radical;PARTIDO CAMBIO RADICAL;3
CUITIVA;Diana Mercedes Piragauta;PARTIDO CAMBIO RADICAL;2
CUITIVA;Mauricio Chaparro Alarcon;PARTIDO CAMBIO RADICAL;2
CUITIVA;Partido Centro Democratico;PARTIDO CENTRO DEMOCRATICO;1
CUITIVA;Yury Caterine Rodriguez Benitez;MOVIMIENTO ALTERNATIVO INDIGENA Y SOCIAL MAIS;1
DUITAMA;Partido Colombia Justa Libres;PARTIDO COLOMBIA JUSTA LIBRES;1374
DUITAMA;Pablo Andres Santiago Berdugo;PARTIDO SOCIAL DE UNIDAD NACIONAL  PARTIDO DE LA U;1248
DUITAMA;Carlos Enrique Torres Tobito;MOVIMIENTO ALTERNATIVO INDIGENA Y SOCIAL MAIS;1165
DUITAMA;William Rene Higuera Morales;PARTIDO LIBERAL COLOMBIANO;1142
DUITAMA;Hernan Danilo Rodriguez Romero;PARTIDO LIBERAL COLOMBIANO;953
DUITAMA;Jose Julian Chia Matallana;PARTIDO CAMBIO RADICAL;940
DUITAMA;Christian Gabriel Albarracin Vasquez;PARTIDO LIBERAL COLOMBIANO;893
DUITAMA;Hector Mateo Centeno Agudelo;PARTIDO ALIANZA VERDE;879
DUITAMA;Jorge Luis Montañez Becerra;PARTIDO LIBERAL COLOMBIANO;870
DUITAMA;Segundo Pinzon Cardozo;PARTIDO CAMBIO RADICAL;866
DUITAMA;Julian David Garcia Rubio;PARTIDO ALIANZA VERDE;858
DUITAMA;Lupe Isabel Lopez Marquez;PARTIDO CAMBIO RADICAL;852
DUITAMA;Hector Julio Rodriguez Sierra;PARTIDO CENTRO DEMOCRATICO- PARTIDO POLITICO MIRA;795
DUITAMA;Julio Enrique Salcedo Lopez;PARTIDO ALIANZA VERDE;768
DUITAMA;Jeison Javier Cely Rincon;PARTIDO LIBERAL COLOMBIANO;756
DUITAMA;Omar James Puerto Medina;PARTIDO ALIANZA SOCIAL INDEPENDIENTE ASI;722
DUITAMA;Diego Leonardo Sandoval Cepeda;PARTIDO LIBERAL COLOMBIANO;708
DUITAMA;Doris Yolanda Castillo Niño;PARTIDO CONSERVADOR COLOMBIANO;708
DUITAMA;Luis Alirio Figueroa Cordon;PARTIDO CONSERVADOR COLOMBIANO;706
DUITAMA;Marco Alonso Rincon Albarracin;PARTIDO CAMBIO RADICAL;683
DUITAMA;Oscar Francisco Rosas Valderrama;PARTIDO SOCIAL DE UNIDAD NACIONAL  PARTIDO DE LA U;683
DUITAMA;Henry Manuel Gutierrez Sandoval;PARTIDO SOCIAL DE UNIDAD NACIONAL  PARTIDO DE LA U;672
DUITAMA;William Flechas Gomez;PARTIDO CAMBIO RADICAL;666
DUITAMA;Jose Alfredo Cely Pava;PARTIDO CONSERVADOR COLOMBIANO;648
DUITAMA;Partido Alianza Verde;PARTIDO ALIANZA VERDE;639
DUITAMA;Serafin Infante Peña;PARTIDO CONSERVADOR COLOMBIANO;630
DUITAMA;Jhon Alexander Suarez Parra;PARTIDO CAMBIO RADICAL;621
DUITAMA;Daniel Humberto Camargo Tibamosca;MOVIMIENTO ALTERNATIVO INDIGENA Y SOCIAL MAIS;606
DUITAMA;David Guillermo Delgado Sanabria;PARTIDO ALIANZA VERDE;606
DUITAMA;Jorge Eliecer Diaz Mateus;PARTIDO ALIANZA SOCIAL INDEPENDIENTE ASI;578
DUITAMA;Milton Ricardo Lopez Pacheco;PARTIDO ALIANZA SOCIAL INDEPENDIENTE ASI;576
DUITAMA;Sonia Yaneth Rodriguez Ramirez;PARTIDO CAMBIO RADICAL;538
DUITAMA;Jhon Fredy Tiria Martinez;PARTIDO ALIANZA SOCIAL INDEPENDIENTE ASI;531
DUITAMA;Olinto Rodriguez Silva;PARTIDO CAMBIO RADICAL;531
DUITAMA;Oscar Yecid Piza Carreño;PARTIDO CAMBIO RADICAL;521
DUITAMA;Anyi Dahiana Becerra Becerra;PARTIDO ALIANZA VERDE;518
DUITAMA;Ana Jeannette Torres Rueda;PARTIDO CAMBIO RADICAL;503
DUITAMA;Jose Felix Taita Camargo;PARTIDO CAMBIO RADICAL;502
DUITAMA;Yessica Yesneida Rincon Torres;PARTIDO ALIANZA VERDE;494
DUITAMA;Edgar Emiro Plaza Gaviria;MOVIMIENTO ALTERNATIVO INDIGENA Y SOCIAL MAIS;491
DUITAMA;Pedro Geovany Moreno Diaz;PARTIDO CONSERVADOR COLOMBIANO;488
DUITAMA;Jose Alexander Albarran Morales;PARTIDO ALIANZA VERDE;476
DUITAMA;Raul Pinzon Blanco;PARTIDO CAMBIO RADICAL;452
DUITAMA;Angelmiro Vargas Torres;PARTIDO POLO DEMOCRATICO ALTERNATIVO;450
DUITAMA;Jairo Albeiro Ramirez Mojica;PARTIDO ALIANZA VERDE;450
DUITAMA;Pedro Villate Briceño;PARTIDO ALIANZA VERDE;446
DUITAMA;Luis Miguel Colmenares Becerra;PARTIDO LIBERAL COLOMBIANO;430
DUITAMA;Franklin Manuel Merchan Ricaurte;PARTIDO ALIANZA VERDE;425
DUITAMA;Fredy Yesid Alvarado Martinez;MOVIMIENTO ALTERNATIVO INDIGENA Y SOCIAL MAIS;424
DUITAMA;Fredy Jovanny Rodriguez Avila;PARTIDO CONSERVADOR COLOMBIANO;407
DUITAMA;Ronald Franccesco Puentes Leon;PARTIDO POLO DEMOCRATICO ALTERNATIVO;398
DUITAMA;Belen Gabriela Escarria Peña;PARTIDO CAMBIO RADICAL;396
DUITAMA;Orlando Rodriguez Rodriguez;PARTIDO CENTRO DEMOCRATICO- PARTIDO POLITICO MIRA;357
DUITAMA;Willian Arturo Forero Vega;PARTIDO POLO DEMOCRATICO ALTERNATIVO;356
DUITAMA;Carlos Arturo Poveda Montes;PARTIDO ALIANZA VERDE;347
DUITAMA;Yebrail Lizarazo Ramirez;PARTIDO LIBERAL COLOMBIANO;341
DUITAMA;Yeison Uriel Ardila Mejia;PARTIDO CONSERVADOR COLOMBIANO;335
DUITAMA;Partido Liberal Colombiano;PARTIDO LIBERAL COLOMBIANO;331
DUITAMA;Jose Fernando Barajas Nova;PARTIDO ALIANZA SOCIAL INDEPENDIENTE ASI;328
DUITAMA;Jhon Fredy Chaparro Corredor;PARTIDO CENTRO DEMOCRATICO- PARTIDO POLITICO MIRA;320
DUITAMA;Claudia Milena Andrade Sanchez;PARTIDO CAMBIO RADICAL;304
DUITAMA;Diego Alejandro Estupiñan Chaparro;COLOMBIA HUMANA - UNION PATRIOTICA;300
DUITAMA;Jose Miguel Vergara Nova;COLOMBIA HUMANA - UNION PATRIOTICA;298
DUITAMA;Maira Patricia Barroso Vera;PARTIDO ALIANZA VERDE;291
DUITAMA;Omar Alfonso Nuñez Largo;PARTIDO ALIANZA SOCIAL INDEPENDIENTE ASI;289
DUITAMA;Wilmer Daniel Cepeda Amado;PARTIDO CENTRO DEMOCRATICO- PARTIDO POLITICO MIRA;283
DUITAMA;Juan Sebastian Solano Perez;PARTIDO ALIANZA VERDE;278
DUITAMA;Partido Cambio Radical;PARTIDO CAMBIO RADICAL;267
DUITAMA;Jonathan Alcala Galvis;PARTIDO CAMBIO RADICAL;264
DUITAMA;Carlos Julio Vargas Valderama;PARTIDO ALIANZA VERDE;259
DUITAMA;Consuelo Garcia Avendaño;PARTIDO ALIANZA VERDE;256
DUITAMA;Pedro Hernando Sanchez Cifuentes;PARTIDO CENTRO DEMOCRATICO- PARTIDO POLITICO MIRA;250
DUITAMA;Camilo Alejandro Tamara Puerto;PARTIDO SOCIAL DE UNIDAD NACIONAL  PARTIDO DE LA U;240
DUITAMA;Yenny Milena Acosta Ceron;PARTIDO ALIANZA VERDE;240
DUITAMA;Luis Arcadio Corredor Lagos;PARTIDO ALIANZA SOCIAL INDEPENDIENTE ASI;238
DUITAMA;Nestor De Jesus Torres Jimenez;MOVIMIENTO ALTERNATIVO INDIGENA Y SOCIAL MAIS;232
DUITAMA;Jose Alfredo Becerra Becerra;PARTIDO ALIANZA SOCIAL INDEPENDIENTE ASI;226
DUITAMA;Edilberto Bolivar Becerra;PARTIDO LIBERAL COLOMBIANO;225
DUITAMA;Segundo Mariano Leon Sanchez;PARTIDO POLO DEMOCRATICO ALTERNATIVO;221
DUITAMA;Edson Gilberto Perez Chaparro;PARTIDO ALIANZA SOCIAL INDEPENDIENTE ASI;202
DUITAMA;Carlos Alberto Medina Caceres;PARTIDO CENTRO DEMOCRATICO- PARTIDO POLITICO MIRA;198
DUITAMA;Leonardo Arturo Piñeros Acero;PARTIDO POLO DEMOCRATICO ALTERNATIVO;196
DUITAMA;Luis Duitama Lagos;PARTIDO ALIANZA SOCIAL INDEPENDIENTE ASI;195
DUITAMA;Edna Lucia Prieto Hernandez;PARTIDO ALIANZA VERDE;192
DUITAMA;Jenny Adriana Mesa Baron;PARTIDO CONSERVADOR COLOMBIANO;184
DUITAMA;Gladis Stella Avila Alvares;MOVIMIENTO ALTERNATIVO INDIGENA Y SOCIAL MAIS;181
DUITAMA;Ximena Patricia Corredor Perez;PARTIDO LIBERAL COLOMBIANO;179
DUITAMA;Jahir Ferney Toca Hernandez;PARTIDO POLO DEMOCRATICO ALTERNATIVO;178
DUITAMA;Jose Alirio Diaz Riveros;PARTIDO CAMBIO RADICAL;177
DUITAMA;Carolina Corredor Vivas;PARTIDO POLO DEMOCRATICO ALTERNATIVO;176
DUITAMA;Robinson Enrique Cardenas Guerrero;PARTIDO CONSERVADOR COLOMBIANO;175
DUITAMA;Colombia Humana - Union Patriotica;COLOMBIA HUMANA - UNION PATRIOTICA;173
DUITAMA;Gloria Edith Martinez Gomez;PARTIDO SOCIAL DE UNIDAD NACIONAL  PARTIDO DE LA U;168
DUITAMA;Partido Conservador Colombiano;PARTIDO CONSERVADOR COLOMBIANO;166
DUITAMA;Maria Alejandra Robles Sanchez;PARTIDO CONSERVADOR COLOMBIANO;164
DUITAMA;Luis Edwin Rojas Becerra;PARTIDO LIBERAL COLOMBIANO;163
DUITAMA;Hilda Nelly Ortiz Urrea;COLOMBIA HUMANA - UNION PATRIOTICA;155
DUITAMA;Jose Valderrama Vivas;PARTIDO CONSERVADOR COLOMBIANO;154
DUITAMA;Santos Miguel Cantor Diaz;PARTIDO SOCIAL DE UNIDAD NACIONAL  PARTIDO DE LA U;149
DUITAMA;Sagrario Valderrama Benitez;PARTIDO CENTRO DEMOCRATICO- PARTIDO POLITICO MIRA;148
DUITAMA;Sandra Lucia Moreno Camacho;PARTIDO CONSERVADOR COLOMBIANO;147
DUITAMA;Movimiento Alternativo Indigena Y Social Mais;MOVIMIENTO ALTERNATIVO INDIGENA Y SOCIAL MAIS;146
DUITAMA;Dora Yaneth Cristancho Patiño;"PARTIDO DE REIVINDICACION ETNICA ""PRE""";145
DUITAMA;Miguel Antonio Martinez Martinez;PARTIDO SOCIAL DE UNIDAD NACIONAL  PARTIDO DE LA U;141
DUITAMA;Jeferson Dario Pineda Cadena;PARTIDO CENTRO DEMOCRATICO- PARTIDO POLITICO MIRA;136
DUITAMA;Olmar Rafael Mantilla Parra;PARTIDO LIBERAL COLOMBIANO;136
DUITAMA;Luisa Fernanda Tobar Niño;PARTIDO LIBERAL COLOMBIANO;131
DUITAMA;Luz Marina Tobos De Estupiñan;PARTIDO SOCIAL DE UNIDAD NACIONAL  PARTIDO DE LA U;130
DUITAMA;Luz Amparo Torres Duran;MOVIMIENTO ALTERNATIVO INDIGENA Y SOCIAL MAIS;123
DUITAMA;Partido Centro Democratico- Partido Politico Mira;PARTIDO CENTRO DEMOCRATICO- PARTIDO POLITICO MIRA;122
DUITAMA;Brayan Jose Gonzalez Hostos;PARTIDO CENTRO DEMOCRATICO- PARTIDO POLITICO MIRA;120
DUITAMA;Nieves Jimena Gonzalez Pesca;PARTIDO ALIANZA SOCIAL INDEPENDIENTE ASI;119
DUITAMA;Julio Abel Rojas Manosalva;PARTIDO CENTRO DEMOCRATICO- PARTIDO POLITICO MIRA;117
DUITAMA;Wilmer Andres Araque Perez;PARTIDO SOCIAL DE UNIDAD NACIONAL  PARTIDO DE LA U;115
DUITAMA;Sandra Milena Puerto Velandia;PARTIDO CENTRO DEMOCRATICO- PARTIDO POLITICO MIRA;111
DUITAMA;Wilson Mauricio Puerto Cifuentes;MOVIMIENTO ALTERNATIVO INDIGENA Y SOCIAL MAIS;111
DUITAMA;Juan Alirio Vergara Hernandez;PARTIDO CONSERVADOR COLOMBIANO;110
DUITAMA;Polo Fabian Rodriguez Guevara;PARTIDO SOCIAL DE UNIDAD NACIONAL  PARTIDO DE LA U;110
DUITAMA;Partido Alianza Social Independiente Asi;PARTIDO ALIANZA SOCIAL INDEPENDIENTE ASI;107
DUITAMA;Manuel Jair Alquichire Duarte;PARTIDO POLO DEMOCRATICO ALTERNATIVO;106
DUITAMA;Carlos Otto Perez Oviedo;PARTIDO SOCIAL DE UNIDAD NACIONAL  PARTIDO DE LA U;95
DUITAMA;Omar Arturo Uscategui Blanco;COLOMBIA HUMANA - UNION PATRIOTICA;95
DUITAMA;Eliana Florelia Cucunuba Gonzalez;PARTIDO LIBERAL COLOMBIANO;94
DUITAMA;Sandra Lilian Cepeda Hernandez;PARTIDO LIBERAL COLOMBIANO;89
DUITAMA;Maryely Meide Ibica Pinzon;COLOMBIA HUMANA - UNION PATRIOTICA;88
DUITAMA;Partido Polo Democratico Alternativo;PARTIDO POLO DEMOCRATICO ALTERNATIVO;85
DUITAMA;Luis Francisco Pedraza Lizarazo;"PARTIDO DE REIVINDICACION ETNICA ""PRE""";80
DUITAMA;Partido Social De Unidad Nacional  Partido De La U;PARTIDO SOCIAL DE UNIDAD NACIONAL  PARTIDO DE LA U;78
DUITAMA;Ivan Andres Medina Martinez;PARTIDO CENTRO DEMOCRATICO- PARTIDO POLITICO MIRA;76
DUITAMA;Yina Viviana Munevar Tancon;PARTIDO LIBERAL COLOMBIANO;76
DUITAMA;Carlos Andres Urrutia Velandia;PARTIDO POLO DEMOCRATICO ALTERNATIVO;74
DUITAMA;Diana Carolina Acero Vargas;PARTIDO CAMBIO RADICAL;73
DUITAMA;Ilda Corredor Camargo;PARTIDO CENTRO DEMOCRATICO- PARTIDO POLITICO MIRA;73
DUITAMA;Nydia Rocio Cardenas Uscategui;COLOMBIA HUMANA - UNION PATRIOTICA;72
DUITAMA;Esteban Garcia Duarte;PARTIDO CONSERVADOR COLOMBIANO;71
DUITAMA;Luis Belarmino Alfonso Parra;MOVIMIENTO ALTERNATIVO INDIGENA Y SOCIAL MAIS;66
DUITAMA;Julia Espinosa Barrera;PARTIDO CONSERVADOR COLOMBIANO;65
DUITAMA;Ana Elvia Perez Pinzon;MOVIMIENTO ALTERNATIVO INDIGENA Y SOCIAL MAIS;64
DUITAMA;Edwin Ulises Chiquillo Molano;MOVIMIENTO ALTERNATIVO INDIGENA Y SOCIAL MAIS;64
DUITAMA;Sulma Constanza Pirazan Suarez;PARTIDO CONSERVADOR COLOMBIANO;63
DUITAMA;Oscar Leonardo Torres Torres;COLOMBIA HUMANA - UNION PATRIOTICA;60
DUITAMA;Jairo Arevalo Granados;COLOMBIA HUMANA - UNION PATRIOTICA;59
DUITAMA;Miguel Antonio Camacho Espejo;COLOMBIA HUMANA - UNION PATRIOTICA;59
DUITAMA;Maily Lorena Perez Diaz;MOVIMIENTO ALTERNATIVO INDIGENA Y SOCIAL MAIS;56
DUITAMA;Jhon Sebastian Malpica Estepa;MOVIMIENTO ALTERNATIVO INDIGENA Y SOCIAL MAIS;55
DUITAMA;Candelaria Beltran Garces;PARTIDO CONSERVADOR COLOMBIANO;54
DUITAMA;Emanuel Alvarez Munera;COLOMBIA HUMANA - UNION PATRIOTICA;52
DUITAMA;Candida Rosa Rojas Pinzon;PARTIDO CENTRO DEMOCRATICO- PARTIDO POLITICO MIRA;50
DUITAMA;Maria Fernanda Granados Rodriguez;PARTIDO LIBERAL COLOMBIANO;50
DUITAMA;Yesica Malena Gonzalez Camacho;"PARTIDO DE REIVINDICACION ETNICA ""PRE""";50
DUITAMA;Siomara Santamaria Salamanca;PARTIDO POLO DEMOCRATICO ALTERNATIVO;49
DUITAMA;Alirio Alvarado Calderon;PARTIDO SOCIAL DE UNIDAD NACIONAL  PARTIDO DE LA U;48
DUITAMA;Jose Luis Reyes Cuspoca;"PARTIDO DE REIVINDICACION ETNICA ""PRE""";47
DUITAMA;Diomedes Gomez Baron;PARTIDO ALIANZA SOCIAL INDEPENDIENTE ASI;44
DUITAMA;Rolando Cruz Gualteros;MOVIMIENTO ALTERNATIVO INDIGENA Y SOCIAL MAIS;44
DUITAMA;Claudia Liliana Becerra Caceres;PARTIDO SOCIAL DE UNIDAD NACIONAL  PARTIDO DE LA U;42
DUITAMA;Arlex Antonio Montaña Robles;PARTIDO POLO DEMOCRATICO ALTERNATIVO;41
DUITAMA;Dora Ines Vargas Benitez;PARTIDO CENTRO DEMOCRATICO- PARTIDO POLITICO MIRA;40
DUITAMA;Carmen Luz Reyes Leon;PARTIDO SOCIAL DE UNIDAD NACIONAL  PARTIDO DE LA U;38
DUITAMA;Luz Alexandra Hernandez Ramos;PARTIDO ALIANZA SOCIAL INDEPENDIENTE ASI;36
DUITAMA;Mariela Bohorquez;COLOMBIA HUMANA - UNION PATRIOTICA;34
DUITAMA;Sandra Yamile Martinez Arias;PARTIDO SOCIAL DE UNIDAD NACIONAL  PARTIDO DE LA U;32
DUITAMA;Amelia Patricia Bustacara Garcia;PARTIDO SOCIAL DE UNIDAD NACIONAL  PARTIDO DE LA U;31
DUITAMA;Edgar Alfonso Fonseca Alarcon;PARTIDO POLO DEMOCRATICO ALTERNATIVO;31
DUITAMA;Angie Katherine Riaño Albarracin;PARTIDO ALIANZA SOCIAL INDEPENDIENTE ASI;28
DUITAMA;Luz Elvira Sosa Medina;PARTIDO CENTRO DEMOCRATICO- PARTIDO POLITICO MIRA;26
DUITAMA;Angela Patricia Perez Lemus;PARTIDO ALIANZA SOCIAL INDEPENDIENTE ASI;25
DUITAMA;Gloria Esperanza Chisino Vargas;"PARTIDO DE REIVINDICACION ETNICA ""PRE""";25
DUITAMA;Yury Alexandra Becerra Correa;PARTIDO CENTRO DEMOCRATICO- PARTIDO POLITICO MIRA;24
DUITAMA;Omar Ismael Estupiñan Vega;"PARTIDO DE REIVINDICACION ETNICA ""PRE""";22
DUITAMA;"Partido De Reivindicacion Etnica ""Pre""";"PARTIDO DE REIVINDICACION ETNICA ""PRE""";21
DUITAMA;Ana Belen Vargas Becerra;"PARTIDO DE REIVINDICACION ETNICA ""PRE""";20
DUITAMA;Gladys Andrea Leon Rivera;PARTIDO ALIANZA SOCIAL INDEPENDIENTE ASI;20
DUITAMA;Liset Mercedes Elizalde Leal;MOVIMIENTO ALTERNATIVO INDIGENA Y SOCIAL MAIS;20
DUITAMA;Karen Dayana Ruiz Gil;PARTIDO ALIANZA SOCIAL INDEPENDIENTE ASI;19
DUITAMA;Mariluz Becerra Sosa;PARTIDO POLO DEMOCRATICO ALTERNATIVO;19
DUITAMA;Jose Patricio Garcia Piragua;PARTIDO ADA;16
DUITAMA;Luis Miguel Medina Bernal;PARTIDO POLO DEMOCRATICO ALTERNATIVO;13
DUITAMA;Andrea Esperanza Salazar Rojas;PARTIDO POLO DEMOCRATICO ALTERNATIVO;12
DUITAMA;Partido Ada;PARTIDO ADA;11
DUITAMA;Erika Paola Camargo Sanchez;PARTIDO ADA;9
DUITAMA;Nydia Yamile Torres Pedraza;PARTIDO POLO DEMOCRATICO ALTERNATIVO;9
DUITAMA;Adriana Santana Contreras;PARTIDO ADA;4
DUITAMA;Angie Paola Lopez Chirivi;PARTIDO ADA;4
DUITAMA;Jaime Antonio Barrera Rodriguez;"PARTIDO DE REIVINDICACION ETNICA ""PRE""";4
DUITAMA;Margarita Pulido Mesa;"PARTIDO DE REIVINDICACION ETNICA ""PRE""";4
DUITAMA;Marlen Ladino Cuevas;PARTIDO ADA;3
DUITAMA;Luis Orlando Benitez Prieto;PARTIDO ADA;2
EL COCUY;Cristian Fabian Ruiz Wilchez;PARTIDO LIBERAL COLOMBIANO;184
EL COCUY;Juan De Jesus Herrera Panqueba;PARTIDO CENTRO DEMOCRATICO;162
EL COCUY;Maria Eugenia Buitrago Jaime;PARTIDO LIBERAL COLOMBIANO;160
EL COCUY;Jairo Humberto Carreño Mora;PARTIDO LIBERAL COLOMBIANO;151
EL COCUY;Luis Alejandro Blanco Duarte;PARTIDO LIBERAL COLOMBIANO;147
EL COCUY;Maria Elena Baez Mora;PARTIDO CONSERVADOR COLOMBIANO;145
EL COCUY;Pedro Ignacio Baron Mora;PARTIDO CENTRO DEMOCRATICO;133
EL COCUY;Myriam Leonor Leal Blanco;PARTIDO CONSERVADOR COLOMBIANO;112
EL COCUY;Ilder Albeiro Avendaño Alarcon;PARTIDO CONSERVADOR COLOMBIANO;109
EL COCUY;Luis German Mora Bareño;PARTIDO CENTRO DEMOCRATICO;105
EL COCUY;Willian Orlando Romero Bautista;PARTIDO CONSERVADOR COLOMBIANO;104
EL COCUY;Omar Diaz Martinez;PARTIDO LIBERAL COLOMBIANO;98
EL COCUY;Leonor Diaz Quintero;PARTIDO LIBERAL COLOMBIANO;94
EL COCUY;Jhon Alejandro Muñoz Bareño;PARTIDO LIBERAL COLOMBIANO;68
EL COCUY;Carlos Julio Lopez Correa;PARTIDO CONSERVADOR COLOMBIANO;67
EL COCUY;Jairo Alonso Rico Araque;PARTIDO CONSERVADOR COLOMBIANO;52
EL COCUY;Alba Leticia Velandia Barrera;PARTIDO CENTRO DEMOCRATICO;48
EL COCUY;Wilmer Alexander Velandia Mora;PARTIDO CENTRO DEMOCRATICO;47
EL COCUY;Martha Lucia Reyes Leal;PARTIDO CENTRO DEMOCRATICO;45
EL COCUY;Elvira Arciniegas Arciniegas;PARTIDO CENTRO DEMOCRATICO;44
EL COCUY;Gloria Ines Corredor Vargas;PARTIDO LIBERAL COLOMBIANO;44
EL COCUY;Diego Alejandro Puentes Blanco;PARTIDO CENTRO DEMOCRATICO;42
EL COCUY;Partido Centro Democratico;PARTIDO CENTRO DEMOCRATICO;27
EL COCUY;Partido Liberal Colombiano;PARTIDO LIBERAL COLOMBIANO;23
EL COCUY;Partido Conservador Colombiano;PARTIDO CONSERVADOR COLOMBIANO;16
EL ESPINO;Saulo Yebrail Esteban Abril;PARTIDO CAMBIO RADICAL;119
EL ESPINO;Jose Pacomio Baron Santisteban;PARTIDO CENTRO DEMOCRATICO;108
EL ESPINO;Javier Dario Gonzalez Lopez;PARTIDO SOCIAL DE UNIDAD NACIONAL  PARTIDO DE LA U;97
EL ESPINO;Oscar Quintana Roncancio;PARTIDO CONSERVADOR COLOMBIANO;88
EL ESPINO;Lubia Buitrago Hernandez;PARTIDO CAMBIO RADICAL;71
EL ESPINO;Pedro Antonio Cardenas Carreño;PARTIDO ALIANZA VERDE;66
EL ESPINO;Maria Concepcion Carreño Gomez;PARTIDO ALIANZA VERDE;62
EL ESPINO;Jesus Puentes Baron;PARTIDO CAMBIO RADICAL;59
EL ESPINO;Arturo Velandia Mariño;PARTIDO SOCIAL DE UNIDAD NACIONAL  PARTIDO DE LA U;58
EL ESPINO;Jose Domingo Leon Carreño;MOVIMIENTO ALTERNATIVO INDIGENA Y SOCIAL MAIS;55
EL ESPINO;Maria Eugenia Perez Nuñez;PARTIDO SOCIAL DE UNIDAD NACIONAL  PARTIDO DE LA U;52
EL ESPINO;Jose Agustin Niño Perez;MOVIMIENTO ALTERNATIVO INDIGENA Y SOCIAL MAIS;51
EL ESPINO;Jose Del Carmen Barrera Plazas;PARTIDO ALIANZA SOCIAL INDEPENDIENTE ASI;48
EL ESPINO;Nelly Gualteros Ayala;PARTIDO CONSERVADOR COLOMBIANO;43
EL ESPINO;Maria Matilde Rodriguez Quintero;PARTIDO CONSERVADOR COLOMBIANO;42
EL ESPINO;Nubia Cecilia Perez;PARTIDO CAMBIO RADICAL;40
EL ESPINO;Hermes Cuadros Hernandez;PARTIDO CONSERVADOR COLOMBIANO;39
EL ESPINO;Dario Alberto Carreño Sandoval;PARTIDO CONSERVADOR COLOMBIANO;38
EL ESPINO;Yeimi Esperanza Baron Cuadros;MOVIMIENTO ALTERNATIVO INDIGENA Y SOCIAL MAIS;37
EL ESPINO;Gerardo Buitrago Abril;PARTIDO CENTRO DEMOCRATICO;36
EL ESPINO;Hugo Nevardo Mojica;PARTIDO ALIANZA SOCIAL INDEPENDIENTE ASI;34
EL ESPINO;Movimiento Autoridades Indigenas De Colombia Aico;MOVIMIENTO AUTORIDADES INDIGENAS DE COLOMBIA AICO;34
EL ESPINO;Luis Hernando Carrillo Lache;PARTIDO ALIANZA VERDE;33
EL ESPINO;Mario Antonio Abril Romero;PARTIDO CONSERVADOR COLOMBIANO;31
EL ESPINO;Diana Maritza Quintana Ussa;PARTIDO CONSERVADOR COLOMBIANO;29
EL ESPINO;Willian Puentes Abril;PARTIDO ALIANZA VERDE;29
EL ESPINO;Daniel Quintero Reyes;PARTIDO SOCIAL DE UNIDAD NACIONAL  PARTIDO DE LA U;26
EL ESPINO;Rafael Dario Figueroa Quintana;PARTIDO CENTRO DEMOCRATICO;26
EL ESPINO;Jacqueline Espinel Guage;PARTIDO CAMBIO RADICAL;20
EL ESPINO;Sara Lucia Santander Baron;MOVIMIENTO ALTERNATIVO INDIGENA Y SOCIAL MAIS;20
EL ESPINO;Jimy Orlando Cely Rincon;PARTIDO SOCIAL DE UNIDAD NACIONAL  PARTIDO DE LA U;19
EL ESPINO;German Waldino Carreño Archila;PARTIDO CAMBIO RADICAL;18
EL ESPINO;Diana Carolina Santisteban Goyeneche;PARTIDO SOCIAL DE UNIDAD NACIONAL  PARTIDO DE LA U;15
EL ESPINO;Javier Dario Buitrago Chavez;MOVIMIENTO ALTERNATIVO INDIGENA Y SOCIAL MAIS;14
EL ESPINO;Partido Conservador Colombiano;PARTIDO CONSERVADOR COLOMBIANO;14
EL ESPINO;Doris Velandia Maldonado;MOVIMIENTO ALTERNATIVO INDIGENA Y SOCIAL MAIS;11
EL ESPINO;Claudia Milena Rojas Calderon;PARTIDO CENTRO DEMOCRATICO;10
EL ESPINO;Ramiro Quintero Vargas;PARTIDO CAMBIO RADICAL;9
EL ESPINO;Partido Alianza Verde;PARTIDO ALIANZA VERDE;8
EL ESPINO;Juan Agustin Carrero Puentes;MOVIMIENTO ALTERNATIVO INDIGENA Y SOCIAL MAIS;7
EL ESPINO;Partido Social De Unidad Nacional  Partido De La U;PARTIDO SOCIAL DE UNIDAD NACIONAL  PARTIDO DE LA U;7
EL ESPINO;Maria Santos Carreño Buitrago;PARTIDO SOCIAL DE UNIDAD NACIONAL  PARTIDO DE LA U;6
EL ESPINO;Partido Centro Democratico;PARTIDO CENTRO DEMOCRATICO;6
EL ESPINO;Yolima Muñoz Nuñez;PARTIDO ALIANZA VERDE;6
EL ESPINO;Israel Rojas;PARTIDO ALIANZA VERDE;5
EL ESPINO;Yenny Paola Chacon Carrero;PARTIDO ALIANZA VERDE;5
EL ESPINO;Jose Antonio Wilches Fuentes;PARTIDO CENTRO DEMOCRATICO;4
EL ESPINO;Maria Antonia Ballesteros Vasquez;PARTIDO CENTRO DEMOCRATICO;4
EL ESPINO;Martha Cecilia Calderon Perez;PARTIDO ALIANZA SOCIAL INDEPENDIENTE ASI;3
EL ESPINO;Partido Alianza Social Independiente Asi;PARTIDO ALIANZA SOCIAL INDEPENDIENTE ASI;3
EL ESPINO;Partido Cambio Radical;PARTIDO CAMBIO RADICAL;3
EL ESPINO;Movimiento Alternativo Indigena Y Social Mais;MOVIMIENTO ALTERNATIVO INDIGENA Y SOCIAL MAIS;2
EL ESPINO;Nohora Rocio Palacios Lizarazo;PARTIDO ALIANZA SOCIAL INDEPENDIENTE ASI;1
FIRAVITOBA;Daniel Fernando Ochoa Zambrano;PARTIDO ALIANZA VERDE;266
FIRAVITOBA;Carlos Rodrigo Carvajal Mesa;PARTIDO ALIANZA VERDE;209
FIRAVITOBA;Nancy Milena Rodriguez Barrera;PARTIDO LIBERAL COLOMBIANO;208
FIRAVITOBA;Andres Felipe Fonseca Wilches;PARTIDO ALIANZA VERDE;148
FIRAVITOBA;Sonia Marlen Vega Patiño;PARTIDO SOCIAL DE UNIDAD NACIONAL  PARTIDO DE LA U;138
FIRAVITOBA;Rodrigo Torres Torres;PARTIDO CONSERVADOR COLOMBIANO;122
FIRAVITOBA;Teofilo Hastorgio Silva Benavides;PARTIDO CENTRO DEMOCRATICO;114
FIRAVITOBA;Harvy Oriol Ramirez Rivas;MOVIMIENTO ALTERNATIVO INDIGENA Y SOCIAL MAIS;107
FIRAVITOBA;Luis Ricardo Fonseca Rodriguez;PARTIDO LIBERAL COLOMBIANO;100
FIRAVITOBA;Marco Ivan Ayala Moyano;PARTIDO ALIANZA VERDE;95
FIRAVITOBA;Gustavo Chaparro Avella;PARTIDO CONSERVADOR COLOMBIANO;89
FIRAVITOBA;Eduardo Salamanca;PARTIDO CENTRO DEMOCRATICO;87
FIRAVITOBA;Gabriel Oswaldo Zipa Melo;MOVIMIENTO ALTERNATIVO INDIGENA Y SOCIAL MAIS;86
FIRAVITOBA;Jaime Alberto Rodriguez Molano;PARTIDO ALIANZA VERDE;81
FIRAVITOBA;Myriam Yaneth Acosta Salamanca;PARTIDO CAMBIO RADICAL;81
FIRAVITOBA;Ana Elvira Sanabria Diaz;PARTIDO ALIANZA VERDE;79
FIRAVITOBA;Maria Nelly Mozo Gomez;PARTIDO ALIANZA VERDE;79
FIRAVITOBA;Adriana Zea Gonzalez;PARTIDO CENTRO DEMOCRATICO;78
FIRAVITOBA;Claudia Mercedes Vargas Univio;PARTIDO CONSERVADOR COLOMBIANO;76
FIRAVITOBA;Amelia Noy Mariño;PARTIDO LIBERAL COLOMBIANO;75
FIRAVITOBA;Omaira Bonilla Cogua;PARTIDO CENTRO DEMOCRATICO;71
FIRAVITOBA;Vladimir Pineda Beltran;PARTIDO CAMBIO RADICAL;70
FIRAVITOBA;Reynel Mauricio Torres Camargo;PARTIDO CENTRO DEMOCRATICO;66
FIRAVITOBA;Maria Del Carmen Soraca Garcia;MOVIMIENTO ALTERNATIVO INDIGENA Y SOCIAL MAIS;65
FIRAVITOBA;Diego Andres Castro Patiño;PARTIDO SOCIAL DE UNIDAD NACIONAL  PARTIDO DE LA U;64
FIRAVITOBA;Edwin Estrada Hurtado;PARTIDO CENTRO DEMOCRATICO;62
FIRAVITOBA;Maria Yolanda Lopez Vargas;PARTIDO LIBERAL COLOMBIANO;61
FIRAVITOBA;Liliana Bonilla Sanabria;PARTIDO ALIANZA VERDE;60
FIRAVITOBA;Miguel Angel Manchego Preciado;PARTIDO CAMBIO RADICAL;59
FIRAVITOBA;Partido Alianza Verde;PARTIDO ALIANZA VERDE;58
FIRAVITOBA;Manuel Anselmo Bohada;MOVIMIENTO ALTERNATIVO INDIGENA Y SOCIAL MAIS;51
FIRAVITOBA;Carlos Aurelio Cely Salamanca;PARTIDO SOCIAL DE UNIDAD NACIONAL  PARTIDO DE LA U;49
FIRAVITOBA;Jose Humberto Solano Soraca;PARTIDO SOCIAL DE UNIDAD NACIONAL  PARTIDO DE LA U;49
FIRAVITOBA;Rigoberto Ayala Ayala;PARTIDO LIBERAL COLOMBIANO;49
FIRAVITOBA;Pedro Antonio Ferrucho Pulido;PARTIDO CENTRO DEMOCRATICO;45
FIRAVITOBA;Mary Luz Cuadros Alvarado;PARTIDO CAMBIO RADICAL;43
FIRAVITOBA;Carlos Omar Pedraza Rivera;PARTIDO ALIANZA VERDE;41
FIRAVITOBA;Edgar Daza Vega;PARTIDO CAMBIO RADICAL;39
FIRAVITOBA;William Augusto Quijano Rodriguez;PARTIDO SOCIAL DE UNIDAD NACIONAL  PARTIDO DE LA U;35
FIRAVITOBA;Leidy Yohana Sotaquira Sanchez;PARTIDO CAMBIO RADICAL;31
FIRAVITOBA;Cesar Julian Barrera Bohada;MOVIMIENTO ALTERNATIVO INDIGENA Y SOCIAL MAIS;27
FIRAVITOBA;Fabio Fonseca Salamanca;MOVIMIENTO ALTERNATIVO INDIGENA Y SOCIAL MAIS;26
FIRAVITOBA;Aura Yolima Garcia Rodriguez;PARTIDO CONSERVADOR COLOMBIANO;23
FIRAVITOBA;Elver Javier Rojas Rojas;MOVIMIENTO ALTERNATIVO INDIGENA Y SOCIAL MAIS;23
FIRAVITOBA;Jose Rodrigo Sotaquira Avella;PARTIDO CONSERVADOR COLOMBIANO;22
FIRAVITOBA;Joselyn Prieto Barrera;PARTIDO SOCIAL DE UNIDAD NACIONAL  PARTIDO DE LA U;22
FIRAVITOBA;Julio Guillermo Guerrero Niño;PARTIDO SOCIAL DE UNIDAD NACIONAL  PARTIDO DE LA U;21
FIRAVITOBA;Olfa Marina Rodriguez Ramirez;PARTIDO SOCIAL DE UNIDAD NACIONAL  PARTIDO DE LA U;21
FIRAVITOBA;William Solano Solano;PARTIDO CONSERVADOR COLOMBIANO;19
FIRAVITOBA;Edwin Fabian Avella Tolosa;PARTIDO CAMBIO RADICAL;18
FIRAVITOBA;Paola Liliana Rosas Perez;PARTIDO CENTRO DEMOCRATICO;15
FIRAVITOBA;Fernanda Cuadros Alvarado;PARTIDO SOCIAL DE UNIDAD NACIONAL  PARTIDO DE LA U;14
FIRAVITOBA;Partido Liberal Colombiano;PARTIDO LIBERAL COLOMBIANO;14
FIRAVITOBA;Partido Conservador Colombiano;PARTIDO CONSERVADOR COLOMBIANO;13
FIRAVITOBA;Daniel Esteban Rosas Navas;PARTIDO CONSERVADOR COLOMBIANO;12
FIRAVITOBA;Partido Centro Democratico;PARTIDO CENTRO DEMOCRATICO;12
FIRAVITOBA;Daniel Harley Salamanca Caceres;PARTIDO CENTRO DEMOCRATICO;11
FIRAVITOBA;Movimiento Alternativo Indigena Y Social Mais;MOVIMIENTO ALTERNATIVO INDIGENA Y SOCIAL MAIS;11
FIRAVITOBA;Alejandro Bautista Ortiz;PARTIDO CAMBIO RADICAL;10
FIRAVITOBA;Partido Cambio Radical;PARTIDO CAMBIO RADICAL;10
FIRAVITOBA;Doris Fabiola Carreño Manosalva;MOVIMIENTO ALTERNATIVO INDIGENA Y SOCIAL MAIS;9
FIRAVITOBA;Partido Social De Unidad Nacional  Partido De La U;PARTIDO SOCIAL DE UNIDAD NACIONAL  PARTIDO DE LA U;9
FIRAVITOBA;Jose Gabriel Patiño Vargas;PARTIDO CONSERVADOR COLOMBIANO;8
FIRAVITOBA;Mauricio Ramirez Barrera;PARTIDO CAMBIO RADICAL;7
FIRAVITOBA;Nelly Bayona Acevedo;MOVIMIENTO ALTERNATIVO INDIGENA Y SOCIAL MAIS;5
FIRAVITOBA;Yeni Carolina Nontien Mogollon;PARTIDO CONSERVADOR COLOMBIANO;5
FLORESTA;Fabio Alonso Aguilar Gomez;PARTIDO LIBERAL COLOMBIANO;207
FLORESTA;Sonia Quiroga Correa;PARTIDO CONSERVADOR COLOMBIANO;184
FLORESTA;Dora Patricia Vargas Manosalba;PARTIDO SOCIAL DE UNIDAD NACIONAL  PARTIDO DE LA U;179
FLORESTA;Mauricio Alexander Reyes Castro;PARTIDO CAMBIO RADICAL;179
FLORESTA;Gilberto Leon Montañez;PARTIDO ALIANZA VERDE;170
FLORESTA;Geyler Fabian Morales Cely;PARTIDO CAMBIO RADICAL;129
FLORESTA;Daniel Fernando Becerra Reyes;MOVIMIENTO ALTERNATIVO INDIGENA Y SOCIAL MAIS;124
FLORESTA;Alba Luz Murcia Silva;PARTIDO LIBERAL COLOMBIANO;123
FLORESTA;Hernan Saavedra Rojas;PARTIDO ALIANZA SOCIAL INDEPENDIENTE ASI;107
FLORESTA;Juan Rolando Bernal Higuera;MOVIMIENTO ALTERNATIVO INDIGENA Y SOCIAL MAIS;103
FLORESTA;Nelson Hernando Rojas Serrano;PARTIDO ALIANZA VERDE;93
FLORESTA;Diego Alfonso Silva Vargas;PARTIDO ALIANZA VERDE;88
FLORESTA;Wilmer Antonio Cely Cristancho;PARTIDO CAMBIO RADICAL;72
FLORESTA;Edilmer Javier Torres Vargas;PARTIDO LIBERAL COLOMBIANO;68
FLORESTA;Siervo Prieto Velandia;PARTIDO ALIANZA VERDE;64
FLORESTA;Javier Torres Sanchez;PARTIDO SOCIAL DE UNIDAD NACIONAL  PARTIDO DE LA U;58
FLORESTA;Edgar Augusto Cristancho Becerra;MOVIMIENTO ALTERNATIVO INDIGENA Y SOCIAL MAIS;51
FLORESTA;Juan Eduardo Vargas Silva;PARTIDO LIBERAL COLOMBIANO;44
FLORESTA;William Arturo Chinome Alvarez;PARTIDO ALIANZA SOCIAL INDEPENDIENTE ASI;42
FLORESTA;Nydia Paola Quintero Torres;PARTIDO ALIANZA VERDE;40
FLORESTA;Jesid Julian Morales Niño;PARTIDO LIBERAL COLOMBIANO;36
FLORESTA;Angel Custodio Cely Garcia;PARTIDO ALIANZA SOCIAL INDEPENDIENTE ASI;33
FLORESTA;Nancy Milena Alvarez Cely;PARTIDO CAMBIO RADICAL;24
FLORESTA;Erika Dayana Gonzalez Rojas;PARTIDO CAMBIO RADICAL;15
FLORESTA;Gloria Azucena Acevedo Rojas;PARTIDO LIBERAL COLOMBIANO;13
FLORESTA;Partido Alianza Verde;PARTIDO ALIANZA VERDE;13
FLORESTA;Juan Jose Silva Fonseca;PARTIDO ALIANZA SOCIAL INDEPENDIENTE ASI;12
FLORESTA;Partido Conservador Colombiano;PARTIDO CONSERVADOR COLOMBIANO;11
FLORESTA;Yenny Paola Reyes Gonzalez;PARTIDO CAMBIO RADICAL;11
FLORESTA;Partido Cambio Radical;PARTIDO CAMBIO RADICAL;10
FLORESTA;Uriel Granados Guarin;PARTIDO CONSERVADOR COLOMBIANO;10
FLORESTA;Guillermo Oswaldo Torres Cardenas;PARTIDO CAMBIO RADICAL;9
FLORESTA;Diana Consuelo Rincon Paredes;PARTIDO ALIANZA SOCIAL INDEPENDIENTE ASI;7
FLORESTA;Sandra Benitez Olivares;PARTIDO ALIANZA SOCIAL INDEPENDIENTE ASI;7
FLORESTA;Omar Izaquita Solano;MOVIMIENTO ALTERNATIVO INDIGENA Y SOCIAL MAIS;6
FLORESTA;Maria Mercedes Chinome Chinome;PARTIDO ALIANZA VERDE;5
FLORESTA;Partido Social De Unidad Nacional  Partido De La U;PARTIDO SOCIAL DE UNIDAD NACIONAL  PARTIDO DE LA U;5
FLORESTA;Laura Catalina Torres Marin;PARTIDO LIBERAL COLOMBIANO;4
FLORESTA;Sthefany Cely Colon;PARTIDO ALIANZA VERDE;4
FLORESTA;Jhon Camilo Rodriguez;PARTIDO SOCIAL DE UNIDAD NACIONAL  PARTIDO DE LA U;3
FLORESTA;Marlen Acero Vargas;MOVIMIENTO ALTERNATIVO INDIGENA Y SOCIAL MAIS;3
FLORESTA;Ninfa Luz Angarita Mancipe;MOVIMIENTO ALTERNATIVO INDIGENA Y SOCIAL MAIS;3
FLORESTA;Hector Julio Silva Rincon;PARTIDO SOCIAL DE UNIDAD NACIONAL  PARTIDO DE LA U;2
FLORESTA;Partido Liberal Colombiano;PARTIDO LIBERAL COLOMBIANO;2
FLORESTA;Wendy Camila Silva Cely;PARTIDO ALIANZA SOCIAL INDEPENDIENTE ASI;2
FLORESTA;Carlos Julio Cely Rincon;PARTIDO SOCIAL DE UNIDAD NACIONAL  PARTIDO DE LA U;1
FLORESTA;Elizabeth Nocua Nocua;PARTIDO SOCIAL DE UNIDAD NACIONAL  PARTIDO DE LA U;1
FLORESTA;Flor Aliria Martinez Medrano;MOVIMIENTO ALTERNATIVO INDIGENA Y SOCIAL MAIS;1
FLORESTA;Maria Antonia Gonzalez Velandia;PARTIDO SOCIAL DE UNIDAD NACIONAL  PARTIDO DE LA U;1
FLORESTA;Movimiento Alternativo Indigena Y Social Mais;MOVIMIENTO ALTERNATIVO INDIGENA Y SOCIAL MAIS;1
FLORESTA;Partido Alianza Social Independiente Asi;PARTIDO ALIANZA SOCIAL INDEPENDIENTE ASI;1
GACHANTIVA;Ever Ovidio Aguilera Piza;PARTIDO LIBERAL COLOMBIANO;157
GACHANTIVA;Luis Evelio Piza Piza;MOVIMIENTO ALTERNATIVO INDIGENA Y SOCIAL MAIS;137
GACHANTIVA;Siervo Tulio Rodriguez Forero;PARTIDO CAMBIO RADICAL;130
GACHANTIVA;Partido Centro Democratico;PARTIDO CENTRO DEMOCRATICO;95
GACHANTIVA;Pedro Jose Guerrero Pardo;PARTIDO CONSERVADOR COLOMBIANO;83
GACHANTIVA;Jorge William Puentes Suarez;PARTIDO ALIANZA VERDE;81
GACHANTIVA;Fabian Andres Reyes Gonzalez;PARTIDO CAMBIO RADICAL;77
GACHANTIVA;Juan Diego Galvis Sanabria;PARTIDO CONSERVADOR COLOMBIANO;77
GACHANTIVA;Ramon Eliecer Castillo Saavedra;MOVIMIENTO ALTERNATIVO INDIGENA Y SOCIAL MAIS;72
GACHANTIVA;Dustano Peña Piza;PARTIDO LIBERAL COLOMBIANO;68
GACHANTIVA;Cristobal Cubides Cubides;PARTIDO LIBERAL COLOMBIANO;67
GACHANTIVA;Miguel Antonio Santamaria Moreno;PARTIDO ALIANZA VERDE;62
GACHANTIVA;Ivonne Patricia Benavides Saavedra;MOVIMIENTO ALTERNATIVO INDIGENA Y SOCIAL MAIS;61
GACHANTIVA;Yerman Ivan Saavedra Cortes;MOVIMIENTO ALTERNATIVO INDIGENA Y SOCIAL MAIS;51
GACHANTIVA;Briceida Guerrero Moreno;PARTIDO POLO DEMOCRATICO ALTERNATIVO;49
GACHANTIVA;Mirta Ivonne Saenz Rondon;PARTIDO POLO DEMOCRATICO ALTERNATIVO;49
GACHANTIVA;Edith Esperanza Tobar Aguazaco;PARTIDO ALIANZA VERDE;46
GACHANTIVA;Cielo Piedad Salas Munevar;MOVIMIENTO ALTERNATIVO INDIGENA Y SOCIAL MAIS;45
GACHANTIVA;Hector Diaz Peña;PARTIDO CAMBIO RADICAL;45
GACHANTIVA;Heiner Adrian Castro Cetina;PARTIDO SOCIAL DE UNIDAD NACIONAL  PARTIDO DE LA U;43
GACHANTIVA;Andres Camilo Peña Lopez;PARTIDO ALIANZA VERDE;36
GACHANTIVA;Elva Myriam Raba Saavedra;PARTIDO CAMBIO RADICAL;33
GACHANTIVA;Humberto Castro Barajas;PARTIDO CAMBIO RADICAL;32
GACHANTIVA;Olegario Reina Torres;PARTIDO ALIANZA VERDE;32
GACHANTIVA;Pedro Nel Rondon Hernandez;PARTIDO SOCIAL DE UNIDAD NACIONAL  PARTIDO DE LA U;30
GACHANTIVA;Gerson Ronaldo Cardenas Arrieta;PARTIDO CONSERVADOR COLOMBIANO;29
GACHANTIVA;Roberto Forero Aguilera;PARTIDO SOCIAL DE UNIDAD NACIONAL  PARTIDO DE LA U;29
GACHANTIVA;Partido Liberal Colombiano;PARTIDO LIBERAL COLOMBIANO;27
GACHANTIVA;Joselin Peña Castillo;PARTIDO SOCIAL DE UNIDAD NACIONAL  PARTIDO DE LA U;26
GACHANTIVA;Luis Alberto Saavedra Suarez;PARTIDO CONSERVADOR COLOMBIANO;26
GACHANTIVA;Partido Alianza Verde;PARTIDO ALIANZA VERDE;26
GACHANTIVA;Angeli Cardenas Rubio;PARTIDO SOCIAL DE UNIDAD NACIONAL  PARTIDO DE LA U;24
GACHANTIVA;Sandra Camila Santamaria Merchan;PARTIDO CAMBIO RADICAL;22
GACHANTIVA;Yazmin Cristina Aguilera Castillo;PARTIDO ALIANZA VERDE;20
GACHANTIVA;Pablo Fernando Reina Reina;PARTIDO ALIANZA SOCIAL INDEPENDIENTE ASI;19
GACHANTIVA;Victor Julio Piza Reyes;PARTIDO POLO DEMOCRATICO ALTERNATIVO;18
GACHANTIVA;Jose Yamid Cuellar Saiz;MOVIMIENTO ALTERNATIVO INDIGENA Y SOCIAL MAIS;16
GACHANTIVA;Luis Eduardo Forero Guerrero;PARTIDO COLOMBIA RENACIENTE;16
GACHANTIVA;Nubia Judith Barajas Suarez;MOVIMIENTO ALTERNATIVO INDIGENA Y SOCIAL MAIS;16
GACHANTIVA;Myriam Saavedra Gonzalez;PARTIDO COLOMBIA RENACIENTE;15
GACHANTIVA;Luis Orlando Forero Saenz;PARTIDO POLO DEMOCRATICO ALTERNATIVO;14
GACHANTIVA;Movimiento Alternativo Indigena Y Social Mais;MOVIMIENTO ALTERNATIVO INDIGENA Y SOCIAL MAIS;14
GACHANTIVA;Partido Cambio Radical;PARTIDO CAMBIO RADICAL;14
GACHANTIVA;Partido Conservador Colombiano;PARTIDO CONSERVADOR COLOMBIANO;14
GACHANTIVA;Aura Cristina Suarez Suarez;PARTIDO POLO DEMOCRATICO ALTERNATIVO;13
GACHANTIVA;Julian Felipe Castillo Barajas;PARTIDO COLOMBIA RENACIENTE;13
GACHANTIVA;Yenny Paola Piza Ruiz;PARTIDO CAMBIO RADICAL;12
GACHANTIVA;Jose Enario Corredor Corredor;PARTIDO LIBERAL COLOMBIANO;11
GACHANTIVA;Partido Social De Unidad Nacional  Partido De La U;PARTIDO SOCIAL DE UNIDAD NACIONAL  PARTIDO DE LA U;11
GACHANTIVA;Partido Polo Democratico Alternativo;PARTIDO POLO DEMOCRATICO ALTERNATIVO;10
GACHANTIVA;Nohora Castillo Pizza;PARTIDO CONSERVADOR COLOMBIANO;9
GACHANTIVA;Gloria Nelly Monsalve Forero;PARTIDO CONSERVADOR COLOMBIANO;8
GACHANTIVA;Maria Lucia Reina Saavedra;PARTIDO ALIANZA VERDE;8
GACHANTIVA;Ramiro Salamanca Salas;PARTIDO COLOMBIA RENACIENTE;7
GACHANTIVA;Vicente Avila;PARTIDO COLOMBIA RENACIENTE;7
GACHANTIVA;Wendy Juliana Gafaro Palacios;PARTIDO COLOMBIA RENACIENTE;7
GACHANTIVA;Partido Colombia Renaciente;PARTIDO COLOMBIA RENACIENTE;6
GACHANTIVA;Sandra Milena Piza Ruiz;PARTIDO ALIANZA SOCIAL INDEPENDIENTE ASI;4
GACHANTIVA;Angela Yulieth Forero Betancourt;PARTIDO LIBERAL COLOMBIANO;3
GACHANTIVA;Cristian Norbey Hernandez Salas;PARTIDO ALIANZA SOCIAL INDEPENDIENTE ASI;3
GACHANTIVA;Dolores Merchan Castillo;PARTIDO CONSERVADOR COLOMBIANO;3
GACHANTIVA;Fabiola Alexandra Salazar Piza;PARTIDO LIBERAL COLOMBIANO;3
GACHANTIVA;Partido Alianza Social Independiente Asi;PARTIDO ALIANZA SOCIAL INDEPENDIENTE ASI;3
GACHANTIVA;Carmen Julia Saavedra Villamil;PARTIDO SOCIAL DE UNIDAD NACIONAL  PARTIDO DE LA U;2
GACHANTIVA;Ruth Guerrero Bautista;PARTIDO SOCIAL DE UNIDAD NACIONAL  PARTIDO DE LA U;2
GACHANTIVA;Luz Edith Suarez Saavedra;PARTIDO ALIANZA SOCIAL INDEPENDIENTE ASI;1
GACHANTIVA;Maria Consuelo Pizza Forero;PARTIDO ALIANZA SOCIAL INDEPENDIENTE ASI;1
GACHANTIVA;Yurely Katherin Naranjo Jerez;PARTIDO LIBERAL COLOMBIANO;1
GACHANTIVA;Sandra Milena Pinilla Castillo;PARTIDO COLOMBIA RENACIENTE;0
GAMEZA;Luis Alejandro Rodriguez Sanchez;PARTIDO ALIANZA VERDE;223
GAMEZA;Karen Solanger Cusba Ojeda;PARTIDO CENTRO DEMOCRATICO;182
GAMEZA;Carlos Ariosto Sativa Perez;PARTIDO ALIANZA VERDE;180
GAMEZA;Cesar Andres Rico Ballesteros;PARTIDO CAMBIO RADICAL;165
GAMEZA;Carlos Andres Vega Perez;PARTIDO ALIANZA VERDE;128
GAMEZA;Edilma Ruviet Puentes Colmenares;PARTIDO CENTRO DEMOCRATICO;121
GAMEZA;Jose Olegario Perez Herrera;PARTIDO LIBERAL COLOMBIANO;119
GAMEZA;Jose Wilmar Gonzalez Rodriguez;MOVIMIENTO ALTERNATIVO INDIGENA Y SOCIAL MAIS;111
GAMEZA;Samuel Hurtado Perez;PARTIDO CAMBIO RADICAL;100
GAMEZA;Marco Julio Parra Rincon;PARTIDO CENTRO DEMOCRATICO;91
GAMEZA;Hector German Castañeda Cristancho;PARTIDO ALIANZA VERDE;89
GAMEZA;Juan Carlos Cristancho Parra;MOVIMIENTO ALTERNATIVO INDIGENA Y SOCIAL MAIS;75
GAMEZA;Edgar Custodio Quintana Gonzalez;PARTIDO LIBERAL COLOMBIANO;73
GAMEZA;Jesus Tibaduiza Rodriguez;PARTIDO CONSERVADOR COLOMBIANO;59
GAMEZA;Diana Marcela Perez Garcia;PARTIDO LIBERAL COLOMBIANO;52
GAMEZA;Fabio Humberto Parra Cristancho;PARTIDO SOCIAL DE UNIDAD NACIONAL  PARTIDO DE LA U;50
GAMEZA;Luis Jose Morales Gonzalez;PARTIDO SOCIAL DE UNIDAD NACIONAL  PARTIDO DE LA U;49
GAMEZA;Fredy Alexander Acevedo Rincon;PARTIDO SOCIAL DE UNIDAD NACIONAL  PARTIDO DE LA U;48
GAMEZA;Mary Luz Barrera Alarcon;PARTIDO ALIANZA VERDE;45
GAMEZA;Ricardo Javier Cristancho Perez;PARTIDO CENTRO DEMOCRATICO;44
GAMEZA;Ariel Antonio Ochica Cuta;PARTIDO CONSERVADOR COLOMBIANO;42
GAMEZA;Luis Felipe Martinez Gonzalez;PARTIDO CONSERVADOR COLOMBIANO;42
GAMEZA;Edgar Silva Castañeda;PARTIDO CENTRO DEMOCRATICO;40
GAMEZA;Jonathan Ricardo Tinjaca Colmenares;PARTIDO ADA;39
GAMEZA;Rafael Ernesto Rincon Parra;PARTIDO CAMBIO RADICAL;39
GAMEZA;Rosa Elizabeth Vargas Combita;PARTIDO CENTRO DEMOCRATICO;39
GAMEZA;Alexander Alfonso Vargas;MOVIMIENTO ALTERNATIVO INDIGENA Y SOCIAL MAIS;34
GAMEZA;Jorge Eliecer Vega Ruiz;PARTIDO LIBERAL COLOMBIANO;32
GAMEZA;Wilder Javier Martinez;PARTIDO CONSERVADOR COLOMBIANO;31
GAMEZA;Ciro Rodriguez Cristancho;PARTIDO CAMBIO RADICAL;29
GAMEZA;Luis Hernando Moreno Torres;PARTIDO ALIANZA VERDE;28
GAMEZA;Nydia Azucena Moreno Socha;PARTIDO LIBERAL COLOMBIANO;28
GAMEZA;Ananias Gonzalez Villamarin;PARTIDO CONSERVADOR COLOMBIANO;26
GAMEZA;Edith Viviana Alfonso Rodriguez;PARTIDO SOCIAL DE UNIDAD NACIONAL  PARTIDO DE LA U;26
GAMEZA;Rosendo Colmenares Vargas;PARTIDO CENTRO DEMOCRATICO;25
GAMEZA;Antonio Dario Barrera Cardenas;PARTIDO SOCIAL DE UNIDAD NACIONAL  PARTIDO DE LA U;24
GAMEZA;Fabiola Herrera Gonzalez;PARTIDO SOCIAL DE UNIDAD NACIONAL  PARTIDO DE LA U;24
GAMEZA;Maria Blanca Nubia Perez Ruiz;PARTIDO ALIANZA VERDE;23
GAMEZA;Partido Alianza Verde;PARTIDO ALIANZA VERDE;23
GAMEZA;Gustavo Adolfo Caro Cristancho;PARTIDO ADA;22
GAMEZA;Jose Reinaldo Alvarez Perez;MOVIMIENTO ALTERNATIVO INDIGENA Y SOCIAL MAIS;22
GAMEZA;Jose Vicente Morales Tinjaca;PARTIDO LIBERAL COLOMBIANO;20
GAMEZA;Luis Antonio Perez Vargas;PARTIDO ALIANZA VERDE;20
GAMEZA;Luis Bernardo Cardenas Prieto;PARTIDO CONSERVADOR COLOMBIANO;20
GAMEZA;Carlos Julio Castañeda Rojas;PARTIDO ADA;18
GAMEZA;Jorge Orlando Serrano Tibaduiza;PARTIDO ADA;18
GAMEZA;Partido Liberal Colombiano;PARTIDO LIBERAL COLOMBIANO;18
GAMEZA;Miguel Arturo Rodriguez Pinto;PARTIDO ADA;17
GAMEZA;Ana Eloisa Gonzalez Espitia;MOVIMIENTO ALTERNATIVO INDIGENA Y SOCIAL MAIS;12
GAMEZA;Yeny Paola Villamarin Villamarin;PARTIDO ALIANZA VERDE;12
GAMEZA;Lina Marcela Rincon Vargas;MOVIMIENTO ALTERNATIVO INDIGENA Y SOCIAL MAIS;11
GAMEZA;Luis Jaime Barrera Cristancho;PARTIDO LIBERAL COLOMBIANO;11
GAMEZA;Maria Del Carmen Caro De Cardenas;PARTIDO ADA;11
GAMEZA;Partido Centro Democratico;PARTIDO CENTRO DEMOCRATICO;11
GAMEZA;Javier Perez Corredor;PARTIDO CENTRO DEMOCRATICO;10
GAMEZA;Luz Nelly Curtidor Hernandez;PARTIDO CONSERVADOR COLOMBIANO;10
GAMEZA;Abdon Albarracin Hernandez;PARTIDO LIBERAL COLOMBIANO;9
GAMEZA;Jabier Antonio Caro Rodriguez;PARTIDO ADA;9
GAMEZA;Martha Isabel Rodriguez Cañon;PARTIDO CAMBIO RADICAL;9
GAMEZA;Carlos Ariosto Tinjaca Gonzalez;PARTIDO CAMBIO RADICAL;8
GAMEZA;Erika Solany Moyano Villarraga;PARTIDO LIBERAL COLOMBIANO;8
GAMEZA;Jose Edgar Rincon Acevedo;MOVIMIENTO ALTERNATIVO INDIGENA Y SOCIAL MAIS;8
GAMEZA;Luis Alberto Silva Lizarazo;PARTIDO SOCIAL DE UNIDAD NACIONAL  PARTIDO DE LA U;8
GAMEZA;Miguel Angel Hernandez Gutierrez;PARTIDO SOCIAL DE UNIDAD NACIONAL  PARTIDO DE LA U;8
GAMEZA;Luis Alirio Torres Nontoa;MOVIMIENTO ALTERNATIVO INDIGENA Y SOCIAL MAIS;7
GAMEZA;Partido Cambio Radical;PARTIDO CAMBIO RADICAL;7
GAMEZA;Nancy Reyes Rodriguez;PARTIDO ADA;6
GAMEZA;Nelly Esperanza Salamanca Torres;PARTIDO CONSERVADOR COLOMBIANO;6
GAMEZA;Partido Conservador Colombiano;PARTIDO CONSERVADOR COLOMBIANO;6
GAMEZA;Partido Alianza Social Independiente Asi;PARTIDO ALIANZA SOCIAL INDEPENDIENTE ASI;5
GAMEZA;Partido Social De Unidad Nacional  Partido De La U;PARTIDO SOCIAL DE UNIDAD NACIONAL  PARTIDO DE LA U;5
GAMEZA;Edgar Danilo Alvarez;PARTIDO ALIANZA SOCIAL INDEPENDIENTE ASI;4
GAMEZA;Leidy Katerine Gonzalez Albarracin;MOVIMIENTO ALTERNATIVO INDIGENA Y SOCIAL MAIS;4
GAMEZA;Clara Amparo Nuñez Parra;PARTIDO SOCIAL DE UNIDAD NACIONAL  PARTIDO DE LA U;3
GAMEZA;Franceny Alvarez Pardo;PARTIDO ALIANZA SOCIAL INDEPENDIENTE ASI;3
GAMEZA;Movimiento Alternativo Indigena Y Social Mais;MOVIMIENTO ALTERNATIVO INDIGENA Y SOCIAL MAIS;3
GAMEZA;Partido Ada;PARTIDO ADA;3
GAMEZA;Yeraldin Viviana Rincon Gonzalez;PARTIDO CAMBIO RADICAL;3
GAMEZA;Flor Yasmin Tibaduiza Zarabanda;PARTIDO ADA;2
GAMEZA;Yina Marcela Morales Gonzalez;PARTIDO CAMBIO RADICAL;2
GARAGOA;Milton Henry Rivera Rivera;PARTIDO SOCIAL DE UNIDAD NACIONAL  PARTIDO DE LA U;340
GARAGOA;Harvey Leonardo Millan Celis;PARTIDO ALIANZA VERDE;252
GARAGOA;Jose Eleuterio Peña Rivera;PARTIDO CONSERVADOR COLOMBIANO;227
GARAGOA;Juan Camilo Bernal Ruiz;MOVIMIENTO ALTERNATIVO INDIGENA Y SOCIAL MAIS;217
GARAGOA;Nestor Leonel Gonzalez Espinosa;PARTIDO LIBERAL COLOMBIANO;217
GARAGOA;Sandra Catalina Cruz Useche;MOVIMIENTO ALTERNATIVO INDIGENA Y SOCIAL MAIS;202
GARAGOA;Maria Stella Vaca Morales;PARTIDO POLITICO  MIRA;196
GARAGOA;Jaime Alexander Lesmes;PARTIDO SOCIAL DE UNIDAD NACIONAL  PARTIDO DE LA U;188
GARAGOA;Mario Humberto Barreto Vera;PARTIDO CAMBIO RADICAL;185
GARAGOA;Jose Roberto Vargas Toloza;PARTIDO CONSERVADOR COLOMBIANO;181
GARAGOA;Duban Orlando Rivera Roa;PARTIDO ALIANZA VERDE;172
GARAGOA;Wilson Mora Mojica;PARTIDO LIBERAL COLOMBIANO;164
GARAGOA;Jorge Honorio Cuesta Alfonso;PARTIDO ALIANZA VERDE;159
GARAGOA;Fabio Vargas Cristancho;PARTIDO CENTRO DEMOCRATICO;150
GARAGOA;Tito Jose Honorio Avila Macias;PARTIDO CONSERVADOR COLOMBIANO;144
GARAGOA;Luis Eulogio Nieto Sanchez;PARTIDO CENTRO DEMOCRATICO;142
GARAGOA;Claudia Janeth Montañez Fernandez;PARTIDO LIBERAL COLOMBIANO;136
GARAGOA;Elcidia Mora Diaz;PARTIDO CAMBIO RADICAL;131
GARAGOA;Elias Antonio Cubides Monroy;PARTIDO ALIANZA VERDE;129
GARAGOA;Pablo Eliseo Lesmes Montañez;PARTIDO ALIANZA VERDE;127
GARAGOA;Yenny Yiseth Fernandez Guataquira;PARTIDO CONSERVADOR COLOMBIANO;127
GARAGOA;Maria Alied Guerrero Sarmiento;PARTIDO CONSERVADOR COLOMBIANO;118
GARAGOA;Karen Astrid Vega Jimenez;PARTIDO POLITICO  MIRA;112
GARAGOA;Sandra Marcela Martin Sanchez;PARTIDO CENTRO DEMOCRATICO;112
GARAGOA;Ana Graciela Cuervo De Vergara;PARTIDO CAMBIO RADICAL;107
GARAGOA;Ruben Dario Mendoza Rincon;PARTIDO SOCIAL DE UNIDAD NACIONAL  PARTIDO DE LA U;107
GARAGOA;Maria Aurora Peña Villamil;PARTIDO CAMBIO RADICAL;106
GARAGOA;Martha Judith Rodriguez Avila;PARTIDO ADA;101
GARAGOA;Rene Antonio Cubides Pabon;MOVIMIENTO ALTERNATIVO INDIGENA Y SOCIAL MAIS;90
GARAGOA;Hector Julio Sanabria Vera;PARTIDO CAMBIO RADICAL;87
GARAGOA;Partido Alianza Verde;PARTIDO ALIANZA VERDE;87
GARAGOA;Aura Esperanza Mojica Galindo;PARTIDO SOCIAL DE UNIDAD NACIONAL  PARTIDO DE LA U;79
GARAGOA;Jorge Enrique Lesmes Romero;PARTIDO POLITICO  MIRA;76
GARAGOA;Lina Faidy Vanegas Figueredo;MOVIMIENTO ALTERNATIVO INDIGENA Y SOCIAL MAIS;72
GARAGOA;Hector Julio Fernandez Alfonso;PARTIDO CONSERVADOR COLOMBIANO;69
GARAGOA;Jorge Luis Vega Parra;MOVIMIENTO ALTERNATIVO INDIGENA Y SOCIAL MAIS;68
GARAGOA;Jorge Roa Ruiz;PARTIDO CENTRO DEMOCRATICO;67
GARAGOA;Jose Evangelista Gamba Mora;PARTIDO CAMBIO RADICAL;67
GARAGOA;Gildarwin Arnoldo Rincon Rodriguez;MOVIMIENTO ALTERNATIVO INDIGENA Y SOCIAL MAIS;65
GARAGOA;Erika De Yannira Raigoso Avila;PARTIDO LIBERAL COLOMBIANO;64
GARAGOA;Partido Conservador Colombiano;PARTIDO CONSERVADOR COLOMBIANO;61
GARAGOA;Cesar Humberto Daza Fula;PARTIDO LIBERAL COLOMBIANO;57
GARAGOA;Partido Liberal Colombiano;PARTIDO LIBERAL COLOMBIANO;57
GARAGOA;Carlos Antonio Pineda Gamba;PARTIDO LIBERAL COLOMBIANO;55
GARAGOA;Jaime Humberto Gamba Mora;PARTIDO ALIANZA VERDE;55
GARAGOA;Angi Catherin Fernandez Torres;MOVIMIENTO ALTERNATIVO INDIGENA Y SOCIAL MAIS;54
GARAGOA;Milton Javier Velasco Gonzalez;PARTIDO SOCIAL DE UNIDAD NACIONAL  PARTIDO DE LA U;54
GARAGOA;Albert Ladino Rodriguez Gonzalez;PARTIDO LIBERAL COLOMBIANO;52
GARAGOA;Partido Social De Unidad Nacional  Partido De La U;PARTIDO SOCIAL DE UNIDAD NACIONAL  PARTIDO DE LA U;52
GARAGOA;Rolfe Ivan Vargas Grijalba;PARTIDO LIBERAL COLOMBIANO;52
GARAGOA;Rafael Eduardo Sanchez Torres;PARTIDO CONSERVADOR COLOMBIANO;51
GARAGOA;Maria Viviana Acosta Martinez;PARTIDO ALIANZA VERDE;48
GARAGOA;Partido Centro Democratico;PARTIDO CENTRO DEMOCRATICO;44
GARAGOA;Monica Lorena Romero Alfonso;PARTIDO CONSERVADOR COLOMBIANO;43
GARAGOA;Yudy Armira Daza Cortes;PARTIDO CONSERVADOR COLOMBIANO;43
GARAGOA;Myriam Janeth Arevalo Gamboa;PARTIDO SOCIAL DE UNIDAD NACIONAL  PARTIDO DE LA U;41
GARAGOA;Yeferson Eduardo Suarez Contreras;PARTIDO SOCIAL DE UNIDAD NACIONAL  PARTIDO DE LA U;39
GARAGOA;Diana Mileidy Parra Suarez;MOVIMIENTO ALTERNATIVO INDIGENA Y SOCIAL MAIS;38
GARAGOA;Marco Julio Ramirez Fandiño;PARTIDO CENTRO DEMOCRATICO;38
GARAGOA;Beimar Ramos Peña;PARTIDO ALIANZA VERDE;37
GARAGOA;Maria Hercilia Leon Torres;PARTIDO CENTRO DEMOCRATICO;35
GARAGOA;Emmanuel Ricardo Villa Tejedor;PARTIDO SOCIAL DE UNIDAD NACIONAL  PARTIDO DE LA U;34
GARAGOA;Ruben Dario Pinzon Serrano;PARTIDO LIBERAL COLOMBIANO;33
GARAGOA;Ana Benilda Ciprian Vacca;MOVIMIENTO ALTERNATIVO INDIGENA Y SOCIAL MAIS;32
GARAGOA;Movimiento Alternativo Indigena Y Social Mais;MOVIMIENTO ALTERNATIVO INDIGENA Y SOCIAL MAIS;32
GARAGOA;Elena Yorleny Sanchez Bolivar;PARTIDO SOCIAL DE UNIDAD NACIONAL  PARTIDO DE LA U;31
GARAGOA;Ayerim Danitssa Sanchez Cortes;PARTIDO SOCIAL DE UNIDAD NACIONAL  PARTIDO DE LA U;30
GARAGOA;Betty Uscatigue Torres;PARTIDO CENTRO DEMOCRATICO;30
GARAGOA;Maryen Stefanny Diaz Cuesta;PARTIDO LIBERAL COLOMBIANO;30
GARAGOA;Clarena Farfan Niño;PARTIDO CONSERVADOR COLOMBIANO;29
GARAGOA;Farith Saac Garcia Porras;PARTIDO CENTRO DEMOCRATICO;28
GARAGOA;Martha Yaneth Segura Contreras;PARTIDO ALIANZA VERDE;28
GARAGOA;Laura Juliana Bernal Olmos;PARTIDO SOCIAL DE UNIDAD NACIONAL  PARTIDO DE LA U;25
GARAGOA;Partido Cambio Radical;PARTIDO CAMBIO RADICAL;25
GARAGOA;Partido Politico  Mira;PARTIDO POLITICO  MIRA;21
GARAGOA;Carolina Hernandez Londoño;PARTIDO CAMBIO RADICAL;19
GARAGOA;Francy Milena Bohorquez Colmenares;PARTIDO ALIANZA VERDE;17
GARAGOA;Robinson Aldemar Guerra Martinez;MOVIMIENTO ALTERNATIVO INDIGENA Y SOCIAL MAIS;17
GARAGOA;Luis Miguel Castillo Rubiano;PARTIDO ADA;14
GARAGOA;Diego Alejandro Roa Montenegro;PARTIDO CENTRO DEMOCRATICO;12
GARAGOA;Diana Marcela Martinez;PARTIDO ADA;10
GARAGOA;Partido Ada;PARTIDO ADA;6
GARAGOA;Gladys Yesenia Pinto Morales;MOVIMIENTO ALTERNATIVO INDIGENA Y SOCIAL MAIS;4
GUACAMAYAS;Celestino Gonzalez Gonzalez;PARTIDO CONSERVADOR COLOMBIANO;114
GUACAMAYAS;Jorge Serafin Jurado Jurado;PARTIDO CENTRO DEMOCRATICO;111
GUACAMAYAS;Rafael Blanco Neira;PARTIDO CONSERVADOR COLOMBIANO;95
GUACAMAYAS;Pedro Jesus Pedroza Wilches;PARTIDO ALIANZA VERDE;79
GUACAMAYAS;Luis Alejandro Blanco Albarracin;PARTIDO CONSERVADOR COLOMBIANO;76
GUACAMAYAS;Luis Alfredo Triana Acevedo;PARTIDO CENTRO DEMOCRATICO;75
GUACAMAYAS;Joselyn Calderon Murillo;PARTIDO SOCIAL DE UNIDAD NACIONAL  PARTIDO DE LA U;71
GUACAMAYAS;Joselin Garcia Neira;PARTIDO CENTRO DEMOCRATICO;56
GUACAMAYAS;Jesus Alberto Carreño Nieto;PARTIDO SOCIAL DE UNIDAD NACIONAL  PARTIDO DE LA U;55
GUACAMAYAS;Ramiro Ignacio Suescun Niño;PARTIDO SOCIAL DE UNIDAD NACIONAL  PARTIDO DE LA U;53
GUACAMAYAS;Aura Evangelina Carreño Meneses;PARTIDO SOCIAL DE UNIDAD NACIONAL  PARTIDO DE LA U;49
GUACAMAYAS;Maria Adela Pinto Vargas;PARTIDO CAMBIO RADICAL;40
GUACAMAYAS;Pedro Luis Neira Alarcon;PARTIDO SOCIAL DE UNIDAD NACIONAL  PARTIDO DE LA U;28
GUACAMAYAS;Isaura Valderrama Neira;PARTIDO CONSERVADOR COLOMBIANO;27
GUACAMAYAS;Claudia Marcela Silva Guaje;PARTIDO ALIANZA VERDE;25
GUACAMAYAS;Luz Marina Bustacara Ortegate;PARTIDO CENTRO DEMOCRATICO;19
GUACAMAYAS;Jose Adriano Rincon Sepulveda;PARTIDO CAMBIO RADICAL;18
GUACAMAYAS;Rosa Nelly Jurado;PARTIDO CAMBIO RADICAL;18
GUACAMAYAS;Gilberto Gomez Cordero;PARTIDO CENTRO DEMOCRATICO;17
GUACAMAYAS;Dora Carmenza Lizarazo Sepulveda;PARTIDO SOCIAL DE UNIDAD NACIONAL  PARTIDO DE LA U;15
GUACAMAYAS;Luz Mery Acevedo Blanco;PARTIDO CONSERVADOR COLOMBIANO;13
GUACAMAYAS;Partido Alianza Verde;PARTIDO ALIANZA VERDE;13
GUACAMAYAS;Rubiela Amparo Sanchez Celis;PARTIDO ALIANZA VERDE;13
GUACAMAYAS;Angelina Sanchez Bustacara;PARTIDO CENTRO DEMOCRATICO;12
GUACAMAYAS;Jessica Alejandra Martinez Gomez;PARTIDO CAMBIO RADICAL;11
GUACAMAYAS;Sandra Milena Niño Gonzalez;PARTIDO ALIANZA VERDE;10
GUACAMAYAS;Luis Fernando Buitrago Gonzalez;PARTIDO CAMBIO RADICAL;9
GUACAMAYAS;Angie Paola Vega Sanchez;PARTIDO CONSERVADOR COLOMBIANO;8
GUACAMAYAS;Partido Conservador Colombiano;PARTIDO CONSERVADOR COLOMBIANO;7
GUACAMAYAS;Blanca Flor Jurado Blanco;PARTIDO CAMBIO RADICAL;4
GUACAMAYAS;Partido Cambio Radical;PARTIDO CAMBIO RADICAL;4
GUACAMAYAS;Partido Centro Democratico;PARTIDO CENTRO DEMOCRATICO;4
GUACAMAYAS;Paula Carolina Baron Sierra;PARTIDO ALIANZA VERDE;3
GUACAMAYAS;Gustavo Pedroza Blanco;PARTIDO ALIANZA VERDE;1
GUACAMAYAS;Partido Social De Unidad Nacional  Partido De La U;PARTIDO SOCIAL DE UNIDAD NACIONAL  PARTIDO DE LA U;1
GUATEQUE;Jose Ramon Carranza Diaz;PARTIDO LIBERAL COLOMBIANO;353
GUATEQUE;Ruben Rojas Bermudez;PARTIDO CAMBIO RADICAL;198
GUATEQUE;Mauro Sebastian Roa Camargo;PARTIDO CAMBIO RADICAL;193
GUATEQUE;Nelson Hernan Moya Barreto;PARTIDO CAMBIO RADICAL;180
GUATEQUE;Fabian Leonardo Esquivel Ramirez;PARTIDO ALIANZA SOCIAL INDEPENDIENTE ASI;176
GUATEQUE;Oscar Efrain Rocha Castañeda;PARTIDO ALIANZA VERDE;172
GUATEQUE;Neil Rolando Garcia Rodriguez;PARTIDO LIBERAL COLOMBIANO;153
GUATEQUE;Monica Del Pilar Sanchez Arevalo;PARTIDO CONSERVADOR COLOMBIANO;143
GUATEQUE;Marco Emilio Solano Franco;PARTIDO LIBERAL COLOMBIANO;140
GUATEQUE;Miguel Angel Panadero Dueñez;PARTIDO CONSERVADOR COLOMBIANO;125
GUATEQUE;Erney Gonzalo Ramos Guataquira;PARTIDO ALIANZA VERDE;117
GUATEQUE;Emiliano Parra Castañeda;PARTIDO CENTRO DEMOCRATICO;113
GUATEQUE;Pablo Alonso Marquez Velasco;PARTIDO CAMBIO RADICAL;102
GUATEQUE;Angela Marcela Torres Pinto;PARTIDO CAMBIO RADICAL;101
GUATEQUE;Erika Alexandra Nieto Preciado;PARTIDO LIBERAL COLOMBIANO;101
GUATEQUE;Alvaro Orlando Perez Gordillo;PARTIDO CENTRO DEMOCRATICO;95
GUATEQUE;Julio Roberto Moreno Daza;PARTIDO ALIANZA VERDE;91
GUATEQUE;Edwin Rolando Nieto Pinto;PARTIDO CAMBIO RADICAL;85
GUATEQUE;Karen Mercedes Rubiano Nieto;MOVIMIENTO ALTERNATIVO INDIGENA Y SOCIAL MAIS;80
GUATEQUE;Juan Cristobal Vargas;PARTIDO LIBERAL COLOMBIANO;75
GUATEQUE;Miguel Antonio Vargas Leguizamo;PARTIDO CENTRO DEMOCRATICO;75
GUATEQUE;Carlos Andres Hernandez;PARTIDO CAMBIO RADICAL;74
GUATEQUE;Tito Saul Vacca Buitrago;PARTIDO CONSERVADOR COLOMBIANO;71
GUATEQUE;Wilmar Giovanny Ruiz;PARTIDO SOCIAL DE UNIDAD NACIONAL  PARTIDO DE LA U;70
GUATEQUE;Dario Armando Fandiño Martinez;PARTIDO POLO DEMOCRATICO ALTERNATIVO;69
GUATEQUE;Prospero Arismendy Suarez;PARTIDO CAMBIO RADICAL;69
GUATEQUE;Carlos Eduardo Martinez Doncel;PARTIDO LIBERAL COLOMBIANO;67
GUATEQUE;Ivan Dario Hernandez Mondragon;PARTIDO CENTRO DEMOCRATICO;66
GUATEQUE;Carmenza Hermida Astudillo;PARTIDO CAMBIO RADICAL;63
GUATEQUE;Gustavo Ariel Sarmiento Ruiz;PARTIDO LIBERAL COLOMBIANO;62
GUATEQUE;Jefferson Damian Garzon Martinez;PARTIDO CENTRO DEMOCRATICO;62
GUATEQUE;Jose Jaime Bohorquez Lopez;PARTIDO CENTRO DEMOCRATICO;57
GUATEQUE;Edgar Orlando Rodriguez Bernal;PARTIDO ALIANZA VERDE;54
GUATEQUE;Jose Ascencion Moreno Moreno;PARTIDO CONSERVADOR COLOMBIANO;53
GUATEQUE;Partido Liberal Colombiano;PARTIDO LIBERAL COLOMBIANO;53
GUATEQUE;Carlos Fabian Bohorquez Leon;PARTIDO SOCIAL DE UNIDAD NACIONAL  PARTIDO DE LA U;52
GUATEQUE;Giovanny Montenegro Castro;PARTIDO CONSERVADOR COLOMBIANO;52
GUATEQUE;Ignacio Antonio Suarez Sanchez;PARTIDO CONSERVADOR COLOMBIANO;51
GUATEQUE;Nora Arenas;PARTIDO CAMBIO RADICAL;50
GUATEQUE;Stefanie Mahecha Morales;PARTIDO LIBERAL COLOMBIANO;48
GUATEQUE;Kely Yeraldyn Niño Cadena;PARTIDO LIBERAL COLOMBIANO;47
GUATEQUE;Luis Carlos Morales Moreno;PARTIDO LIBERAL COLOMBIANO;47
GUATEQUE;Flor Nancy Alvarado Sanchez;PARTIDO SOCIAL DE UNIDAD NACIONAL  PARTIDO DE LA U;46
GUATEQUE;Partido Cambio Radical;PARTIDO CAMBIO RADICAL;44
GUATEQUE;Hugo Henry Ruiz Vargas;PARTIDO ALIANZA VERDE;41
GUATEQUE;William Hernando Suarez Sanchez;PARTIDO SOCIAL DE UNIDAD NACIONAL  PARTIDO DE LA U;41
GUATEQUE;Paula Andrea Martinez Quintero;PARTIDO CONSERVADOR COLOMBIANO;39
GUATEQUE;Claudia Corredor Diaz;PARTIDO ALIANZA VERDE;35
GUATEQUE;Jairo Miguel Muñoz Buitrago;PARTIDO CENTRO DEMOCRATICO;35
GUATEQUE;Omar Gustavo Leiva Carranza;MOVIMIENTO ALTERNATIVO INDIGENA Y SOCIAL MAIS;35
GUATEQUE;Leonel Arturo Moniquira Mora;PARTIDO CONSERVADOR COLOMBIANO;34
GUATEQUE;Juliana Garzon Celis;PARTIDO CONSERVADOR COLOMBIANO;32
GUATEQUE;Ferney Yecid Niño Montañez;MOVIMIENTO ALTERNATIVO INDIGENA Y SOCIAL MAIS;30
GUATEQUE;Graciela Roa Pirateque;PARTIDO ALIANZA VERDE;30
GUATEQUE;Luz Obeida Leguizamon Sanchez;PARTIDO CENTRO DEMOCRATICO;30
GUATEQUE;Leidy Karina Sandoval Mondragon;PARTIDO LIBERAL COLOMBIANO;29
GUATEQUE;Partido Alianza Verde;PARTIDO ALIANZA VERDE;29
GUATEQUE;Jaime Alirio Diaz Martin;MOVIMIENTO ALTERNATIVO INDIGENA Y SOCIAL MAIS;28
GUATEQUE;Viterlicia Sanchez Rodriguez;PARTIDO CAMBIO RADICAL;28
GUATEQUE;Sandra Patricia Ramirez Ramirez;PARTIDO CENTRO DEMOCRATICO;27
GUATEQUE;Walfel Antonio Soriano Mateus;PARTIDO ALIANZA SOCIAL INDEPENDIENTE ASI;27
GUATEQUE;Mirya Astrid Buitrago Acevedo;MOVIMIENTO ALTERNATIVO INDIGENA Y SOCIAL MAIS;26
GUATEQUE;Concepcion Roa Lopez;PARTIDO CENTRO DEMOCRATICO;23
GUATEQUE;Holman Aurelio Morales Ballesteros;PARTIDO ALIANZA VERDE;23
GUATEQUE;Partido Alianza Social Independiente Asi;PARTIDO ALIANZA SOCIAL INDEPENDIENTE ASI;23
GUATEQUE;Cristian Andres Sanchez Alfonso;MOVIMIENTO ALTERNATIVO INDIGENA Y SOCIAL MAIS;22
GUATEQUE;Otoniel Cortes Aponte;PARTIDO ALIANZA SOCIAL INDEPENDIENTE ASI;20
GUATEQUE;Partido Centro Democratico;PARTIDO CENTRO DEMOCRATICO;19
GUATEQUE;Ana Luisa Acosta Piedrahita;PARTIDO ALIANZA SOCIAL INDEPENDIENTE ASI;18
GUATEQUE;Hector Elias Morales Moreno;PARTIDO ALIANZA SOCIAL INDEPENDIENTE ASI;18
GUATEQUE;Partido Social De Unidad Nacional  Partido De La U;PARTIDO SOCIAL DE UNIDAD NACIONAL  PARTIDO DE LA U;17
GUATEQUE;Yeison Fernando Ramirez Pinto;PARTIDO SOCIAL DE UNIDAD NACIONAL  PARTIDO DE LA U;17
GUATEQUE;Andres Fernando Mendoza Garzon;PARTIDO ALIANZA SOCIAL INDEPENDIENTE ASI;16
GUATEQUE;Jeronimo Parada Soler;PARTIDO SOCIAL DE UNIDAD NACIONAL  PARTIDO DE LA U;16
GUATEQUE;Diana Milena Bernal Guacheta;MOVIMIENTO ALTERNATIVO INDIGENA Y SOCIAL MAIS;15
GUATEQUE;Iveth Alejandra Castañeda Vargas;PARTIDO ALIANZA VERDE;15
GUATEQUE;Nelson Zipaquira Ramos;MOVIMIENTO ALTERNATIVO INDIGENA Y SOCIAL MAIS;15
GUATEQUE;Pablo Fernando Valero Lopez;PARTIDO ALIANZA SOCIAL INDEPENDIENTE ASI;14
GUATEQUE;Luis Alexander Roa;PARTIDO ALIANZA SOCIAL INDEPENDIENTE ASI;13
GUATEQUE;Maria Celmira Fandiño Bermudez;PARTIDO ALIANZA VERDE;13
GUATEQUE;Paola Andrea Rojas Carranza;PARTIDO CENTRO DEMOCRATICO;13
GUATEQUE;Campo Elias Bernal Jimenez;MOVIMIENTO ALTERNATIVO INDIGENA Y SOCIAL MAIS;12
GUATEQUE;Yiye Velasquez Romero;PARTIDO CONSERVADOR COLOMBIANO;11
GUATEQUE;Jineth Stefany Romero Perilla;PARTIDO CONSERVADOR COLOMBIANO;10
GUATEQUE;Movimiento Alternativo Indigena Y Social Mais;MOVIMIENTO ALTERNATIVO INDIGENA Y SOCIAL MAIS;10
GUATEQUE;Merley Yiceth Leguizamon Montañez;PARTIDO SOCIAL DE UNIDAD NACIONAL  PARTIDO DE LA U;9
GUATEQUE;Partido Conservador Colombiano;PARTIDO CONSERVADOR COLOMBIANO;9
GUATEQUE;Liliana Marcela Ramirez;PARTIDO ALIANZA SOCIAL INDEPENDIENTE ASI;7
GUATEQUE;Partido Polo Democratico Alternativo;PARTIDO POLO DEMOCRATICO ALTERNATIVO;6
GUATEQUE;Yohadry Lisbeth Parra Martinez;PARTIDO ALIANZA SOCIAL INDEPENDIENTE ASI;5
GUATEQUE;Angelica Janeth Alfonso Marroquin;MOVIMIENTO ALTERNATIVO INDIGENA Y SOCIAL MAIS;3
GUATEQUE;Carlos Fabian Aldana Tribaldos;MOVIMIENTO ALTERNATIVO INDIGENA Y SOCIAL MAIS;3
GUATEQUE;Heida Yinnet Alfonso Celis;PARTIDO SOCIAL DE UNIDAD NACIONAL  PARTIDO DE LA U;3
GUATEQUE;Blanca Cecilia Carranza Ruiz;PARTIDO SOCIAL DE UNIDAD NACIONAL  PARTIDO DE LA U;1
GUATEQUE;Maria De Los Angeles Amaya Sotelo;PARTIDO POLO DEMOCRATICO ALTERNATIVO;1
GUATEQUE;Zaida Camila Perez Cuadros;PARTIDO ALIANZA SOCIAL INDEPENDIENTE ASI;1
GUAYATA;German Alirio Mesa Zambrano;PARTIDO LIBERAL COLOMBIANO;175
GUAYATA;Favian Mauricio Leon Buitrago;PARTIDO CONSERVADOR COLOMBIANO;163
GUAYATA;Oscar Ferney Lopez Moreno;PARTIDO CENTRO DEMOCRATICO;152
GUAYATA;William Alonso Guerrero Castro;PARTIDO CENTRO DEMOCRATICO;147
GUAYATA;Yonson Moises Barreto Alfonso;PARTIDO SOCIAL DE UNIDAD NACIONAL  PARTIDO DE LA U;145
GUAYATA;Jenny Rocio Sanchez Ruiz;PARTIDO CONSERVADOR COLOMBIANO;136
GUAYATA;Partido Alianza Verde;PARTIDO ALIANZA VERDE;131
GUAYATA;Juana Gabriela Garzon Piñeros;PARTIDO CONSERVADOR COLOMBIANO;129
GUAYATA;Jose Dario Ramirez Orjuela;PARTIDO LIBERAL COLOMBIANO;117
GUAYATA;Miguel Angel Piñeros Piñeros;PARTIDO CONSERVADOR COLOMBIANO;107
GUAYATA;Dago Vargas Diaz;PARTIDO CONSERVADOR COLOMBIANO;97
GUAYATA;Edgar Hernando Lopez Martin;PARTIDO SOCIAL DE UNIDAD NACIONAL  PARTIDO DE LA U;93
GUAYATA;Jairo Vergara Carranza;PARTIDO CONSERVADOR COLOMBIANO;89
GUAYATA;Luis Enrique Garcia Moya;MOVIMIENTO ALTERNATIVO INDIGENA Y SOCIAL MAIS;71
GUAYATA;Fredy Albeiro Pinto;PARTIDO SOCIAL DE UNIDAD NACIONAL  PARTIDO DE LA U;67
GUAYATA;Jose Adolfo Rubio Barrera;PARTIDO CONSERVADOR COLOMBIANO;65
GUAYATA;Berta Belen Piñeros De Dueñas;PARTIDO SOCIAL DE UNIDAD NACIONAL  PARTIDO DE LA U;60
GUAYATA;John Fredy Cano Piñeros;PARTIDO CAMBIO RADICAL;60
GUAYATA;Campo Elias Gutierrez Daza;PARTIDO SOCIAL DE UNIDAD NACIONAL  PARTIDO DE LA U;54
GUAYATA;Blanca Alicia Zambrano Pinto;PARTIDO CENTRO DEMOCRATICO;49
GUAYATA;Ana Janeth Caballero Sanchez;PARTIDO LIBERAL COLOMBIANO;46
GUAYATA;Segundo Diaz Vargas;PARTIDO CAMBIO RADICAL;42
GUAYATA;Manuel Hernando Cuesta Gaitan;MOVIMIENTO ALTERNATIVO INDIGENA Y SOCIAL MAIS;41
GUAYATA;Henry Eduardo Ruiz Ramirez;MOVIMIENTO ALTERNATIVO INDIGENA Y SOCIAL MAIS;40
GUAYATA;Dielith Noraldi Castro Guanay;MOVIMIENTO ALTERNATIVO INDIGENA Y SOCIAL MAIS;37
GUAYATA;Partido Conservador Colombiano;PARTIDO CONSERVADOR COLOMBIANO;28
GUAYATA;Wilson Albeiro Vargas Montañez;PARTIDO LIBERAL COLOMBIANO;28
GUAYATA;Dilma Isabel Ramirez Gordillo;MOVIMIENTO ALTERNATIVO INDIGENA Y SOCIAL MAIS;27
GUAYATA;Roselino Castro Lopez;PARTIDO CONSERVADOR COLOMBIANO;22
GUAYATA;Yesid Tovar;PARTIDO CENTRO DEMOCRATICO;22
GUAYATA;Partido Centro Democratico;PARTIDO CENTRO DEMOCRATICO;21
GUAYATA;Miguel Antonio Pedreros Cardenas;PARTIDO CAMBIO RADICAL;18
GUAYATA;David Santiago Piñeros Gomez;PARTIDO CENTRO DEMOCRATICO;17
GUAYATA;Henry Alexander Aldana Santamaria;MOVIMIENTO ALTERNATIVO INDIGENA Y SOCIAL MAIS;17
GUAYATA;Martha Elena Piñeros Ramirez;PARTIDO CAMBIO RADICAL;17
GUAYATA;Partido Liberal Colombiano;PARTIDO LIBERAL COLOMBIANO;17
GUAYATA;Claudia Milena Pinto Herrera;PARTIDO CONSERVADOR COLOMBIANO;12
GUAYATA;Juan Rodrigo Camacho Rubiano;PARTIDO CENTRO DEMOCRATICO;12
GUAYATA;Dilma Elsa Piñeros Romero;PARTIDO LIBERAL COLOMBIANO;11
GUAYATA;Jose Antonio Ramos;PARTIDO CAMBIO RADICAL;11
GUAYATA;Elvia Maria Novoa Ramos;PARTIDO LIBERAL COLOMBIANO;10
GUAYATA;Luz Estela Piñeros Medina;MOVIMIENTO ALTERNATIVO INDIGENA Y SOCIAL MAIS;10
GUAYATA;Ana Irene Barreto Gutierrez;PARTIDO SOCIAL DE UNIDAD NACIONAL  PARTIDO DE LA U;9
GUAYATA;Javier Arturo Alfonso Piñeros;PARTIDO CENTRO DEMOCRATICO;9
GUAYATA;Monica Piñeros Piñeros;PARTIDO SOCIAL DE UNIDAD NACIONAL  PARTIDO DE LA U;8
GUAYATA;Partido Social De Unidad Nacional  Partido De La U;PARTIDO SOCIAL DE UNIDAD NACIONAL  PARTIDO DE LA U;8
GUAYATA;Yeimy Katerinne Ruiz Pinto;PARTIDO CENTRO DEMOCRATICO;8
GUAYATA;Amparo Martinez Castro;PARTIDO CAMBIO RADICAL;7
GUAYATA;Saul Ernesto Ortega Ramos;PARTIDO CAMBIO RADICAL;7
GUAYATA;Arnulfo Martinez Prieto;PARTIDO SOCIAL DE UNIDAD NACIONAL  PARTIDO DE LA U;5
GUAYATA;Claudia Paola Mendez Hernandez;PARTIDO CAMBIO RADICAL;4
GUAYATA;Maricela Ortega Martin;PARTIDO CENTRO DEMOCRATICO;4
GUAYATA;Movimiento Alternativo Indigena Y Social Mais;MOVIMIENTO ALTERNATIVO INDIGENA Y SOCIAL MAIS;4
GUAYATA;Pablo Enrique Ruiz;PARTIDO LIBERAL COLOMBIANO;4
GUAYATA;Partido Cambio Radical;PARTIDO CAMBIO RADICAL;1
GUICAN;Wilson Correa Blanco;PARTIDO ALIANZA VERDE;106
GUICAN;Luis Eduardo Barrera Siachoque;PARTIDO CONSERVADOR COLOMBIANO;103
GUICAN;Clodomiro Perez Lizarazo;PARTIDO CONSERVADOR COLOMBIANO;100
GUICAN;Imelda Del Pilar Silva Blanco;PARTIDO CONSERVADOR COLOMBIANO;93
GUICAN;Luis Hernando Carreño Baron;PARTIDO COLOMBIA JUSTA LIBRES;76
GUICAN;Blanca Ines Santisteban;PARTIDO CAMBIO RADICAL;75
GUICAN;Omar Jose Mora Barrera;PARTIDO COLOMBIA JUSTA LIBRES;75
GUICAN;Pedro Maria Vargas;PARTIDO SOCIAL DE UNIDAD NACIONAL  PARTIDO DE LA U;74
GUICAN;Nairo Alexander Duarte Jimenez;PARTIDO CENTRO DEMOCRATICO;63
GUICAN;Celedonio Santisteban Muñoz;MOVIMIENTO ALTERNATIVO INDIGENA Y SOCIAL MAIS;61
GUICAN;Roque Esteban Leal;PARTIDO COLOMBIA JUSTA LIBRES;61
GUICAN;Selso Vicente Santisteban Leal;PARTIDO SOCIAL DE UNIDAD NACIONAL  PARTIDO DE LA U;61
GUICAN;Ubaldo Andres Sepulveda Villarreal;PARTIDO CONSERVADOR COLOMBIANO;61
GUICAN;Nancy Elizabeth Muñoz Valbuena;PARTIDO COLOMBIA JUSTA LIBRES;51
GUICAN;Andres Gildardo Sinsiga Patiño;PARTIDO ALIANZA VERDE;50
GUICAN;Jose Alfredo Carrero Baron;PARTIDO CENTRO DEMOCRATICO;50
GUICAN;Diana Lissnelly Herrera Olivos;PARTIDO ALIANZA VERDE;49
GUICAN;Rafael Horacio Baron Quintero;PARTIDO ALIANZA VERDE;49
GUICAN;Mario Alfonso Nuñez Correa;PARTIDO CONSERVADOR COLOMBIANO;45
GUICAN;Hector Muñoz Bravo;PARTIDO COLOMBIA JUSTA LIBRES;44
GUICAN;Marco Emilio Esteban;PARTIDO SOCIAL DE UNIDAD NACIONAL  PARTIDO DE LA U;43
GUICAN;Teresa De Jesus Ibañez Ibañez;PARTIDO ALIANZA VERDE;38
GUICAN;Carmen Julio Rojas;PARTIDO CENTRO DEMOCRATICO;35
GUICAN;Luis Afranio Murillo Cruz;PARTIDO CENTRO DEMOCRATICO;35
GUICAN;Arturo Velandia Muñoz;PARTIDO CENTRO DEMOCRATICO;33
GUICAN;Jorge Hernando Carreño Nuñez;PARTIDO SOCIAL DE UNIDAD NACIONAL  PARTIDO DE LA U;32
GUICAN;Jesus Emilio Niño Muñoz;MOVIMIENTO ALTERNATIVO INDIGENA Y SOCIAL MAIS;31
GUICAN;Carlos Javier Niño Cocunubo;PARTIDO CAMBIO RADICAL;29
GUICAN;Maria De Jesus Velandia;PARTIDO SOCIAL DE UNIDAD NACIONAL  PARTIDO DE LA U;21
GUICAN;Francy Liliana Buitrago Valbuena;PARTIDO CENTRO DEMOCRATICO;20
GUICAN;Magola Niño Cocunubo;PARTIDO CONSERVADOR COLOMBIANO;19
GUICAN;Maria Luisa Nuñez Castro;PARTIDO SOCIAL DE UNIDAD NACIONAL  PARTIDO DE LA U;19
GUICAN;Luz Mary Baron De Alarcon;PARTIDO CENTRO DEMOCRATICO;16
GUICAN;Angela Marcela Sanchez Correa;PARTIDO ALIANZA VERDE;15
GUICAN;Elma Rocio Carrillo Perez;PARTIDO CAMBIO RADICAL;15
GUICAN;Juan Felix Santisteban Muñoz;PARTIDO CAMBIO RADICAL;15
GUICAN;Luis Efrain Sua Medina;MOVIMIENTO ALTERNATIVO INDIGENA Y SOCIAL MAIS;15
GUICAN;Paulino Valbuena Blanco;PARTIDO ALIANZA VERDE;14
GUICAN;Nieves Ines Leal Bernal;MOVIMIENTO ALTERNATIVO INDIGENA Y SOCIAL MAIS;13
GUICAN;Martin Velandia Bernal;PARTIDO CENTRO DEMOCRATICO;12
GUICAN;Viviana Carolina Ortiz Baez;PARTIDO CENTRO DEMOCRATICO;12
GUICAN;Carlos Julio Baron Suescun;PARTIDO CAMBIO RADICAL;11
GUICAN;Alonso Barrera Velandia;PARTIDO COLOMBIA JUSTA LIBRES;10
GUICAN;Leidy Milena Lopez Castro;PARTIDO COLOMBIA JUSTA LIBRES;10
GUICAN;Yesid Mauricio Leal Blanco;PARTIDO ALIANZA SOCIAL INDEPENDIENTE ASI;10
GUICAN;Erick Nicolas Mendez Villarreal;PARTIDO ALIANZA SOCIAL INDEPENDIENTE ASI;9
GUICAN;Luz Marina Castro Prada;PARTIDO COLOMBIA JUSTA LIBRES;9
GUICAN;Partido Conservador Colombiano;PARTIDO CONSERVADOR COLOMBIANO;9
GUICAN;Adriana Rocio Lopez Barrera;PARTIDO CONSERVADOR COLOMBIANO;8
GUICAN;Movimiento Alternativo Indigena Y Social Mais;MOVIMIENTO ALTERNATIVO INDIGENA Y SOCIAL MAIS;7
GUICAN;Ludivia Galindo Perez;MOVIMIENTO ALTERNATIVO INDIGENA Y SOCIAL MAIS;6
GUICAN;Partido Alianza Verde;PARTIDO ALIANZA VERDE;6
GUICAN;Partido Centro Democratico;PARTIDO CENTRO DEMOCRATICO;6
GUICAN;Partido Colombia Justa Libres;PARTIDO COLOMBIA JUSTA LIBRES;6
GUICAN;Aura Lucila Cocunubo Velandia;MOVIMIENTO ALTERNATIVO INDIGENA Y SOCIAL MAIS;5
GUICAN;Partido Cambio Radical;PARTIDO CAMBIO RADICAL;4
GUICAN;Partido Social De Unidad Nacional  Partido De La U;PARTIDO SOCIAL DE UNIDAD NACIONAL  PARTIDO DE LA U;4
GUICAN;Rafael Vergara Mejia;MOVIMIENTO ALTERNATIVO INDIGENA Y SOCIAL MAIS;4
GUICAN;Luis Alejandro Puentes Puentes;MOVIMIENTO ALTERNATIVO INDIGENA Y SOCIAL MAIS;3
GUICAN;Luis Uriel Rivera Gamboa;PARTIDO COLOMBIA JUSTA LIBRES;3
GUICAN;Anjie Paola Carreño Garcia;PARTIDO ALIANZA SOCIAL INDEPENDIENTE ASI;2
IZA;Carmen Rosa Santana Rojas;PARTIDO CENTRO DEMOCRATICO;193
IZA;Edgar Alexander Avella Florez;PARTIDO CENTRO DEMOCRATICO;137
IZA;Felix Alberto Leon Castro;PARTIDO SOCIAL DE UNIDAD NACIONAL  PARTIDO DE LA U;111
IZA;Michael Adolfo Preciado Alvarez;PARTIDO ALIANZA VERDE;105
IZA;Mercedes Perez Cardenas;PARTIDO SOCIAL DE UNIDAD NACIONAL  PARTIDO DE LA U;100
IZA;German Alberto Vega Laverde;PARTIDO SOCIAL DE UNIDAD NACIONAL  PARTIDO DE LA U;94
IZA;Efrain Bernal Chaparro;PARTIDO CAMBIO RADICAL;83
IZA;Elda Yaneth Sanchez Diaz;PARTIDO CAMBIO RADICAL;74
IZA;Fabio Emel Sotaquira Rincon;PARTIDO ALIANZA VERDE;74
IZA;Luis Argemiro Rincon Rincon;PARTIDO CONSERVADOR COLOMBIANO;63
IZA;John Danilo Pedraza Lopez;PARTIDO CAMBIO RADICAL;59
IZA;Eduardo Vargas Torres;PARTIDO CONSERVADOR COLOMBIANO;52
IZA;Gilberto Alvaro Salamanca Pedraza;PARTIDO ALIANZA VERDE;52
IZA;Ana Dorely Lemus Castro;PARTIDO CAMBIO RADICAL;45
IZA;Rocio Del Pilar Benavides Hernandez;PARTIDO CONSERVADOR COLOMBIANO;44
IZA;Alexander Sanchez Morales;PARTIDO SOCIAL DE UNIDAD NACIONAL  PARTIDO DE LA U;39
IZA;Ludim Javier Cubides Antolinez;PARTIDO CAMBIO RADICAL;37
IZA;Victor Manuel Sanchez Lopez;PARTIDO CENTRO DEMOCRATICO;34
IZA;Gloria Ines Jimenez Zorro;PARTIDO CENTRO DEMOCRATICO;33
IZA;Jose Guillermo Guauque Dueñas;PARTIDO CONSERVADOR COLOMBIANO;32
IZA;Maria De Los Angeles Quinchanegua Nontoa;PARTIDO ALIANZA VERDE;31
IZA;Juan David Martinez Maldonado;PARTIDO SOCIAL DE UNIDAD NACIONAL  PARTIDO DE LA U;24
IZA;Yesenia Johanna Rojas Urrutia;PARTIDO ALIANZA VERDE;24
IZA;Camila Alexandra Sanchez Africano;PARTIDO CONSERVADOR COLOMBIANO;21
IZA;Omaira Medina Petao;PARTIDO ALIANZA VERDE;16
IZA;Rosa Delia Archila;PARTIDO CAMBIO RADICAL;12
IZA;Partido Alianza Verde;PARTIDO ALIANZA VERDE;10
IZA;Partido Social De Unidad Nacional  Partido De La U;PARTIDO SOCIAL DE UNIDAD NACIONAL  PARTIDO DE LA U;8
IZA;Lina Alejandra Marin Castaño;PARTIDO CENTRO DEMOCRATICO;6
IZA;Mery Carrero;PARTIDO CENTRO DEMOCRATICO;6
IZA;Partido Cambio Radical;PARTIDO CAMBIO RADICAL;6
IZA;Angela Rocio Moreno Barrera;PARTIDO CONSERVADOR COLOMBIANO;5
IZA;Partido Centro Democratico;PARTIDO CENTRO DEMOCRATICO;5
IZA;Silvia Juliana Patiño Boada;PARTIDO SOCIAL DE UNIDAD NACIONAL  PARTIDO DE LA U;5
IZA;Jorge Alberto Paipa;PARTIDO CONSERVADOR COLOMBIANO;3
IZA;Partido Conservador Colombiano;PARTIDO CONSERVADOR COLOMBIANO;2
IZA;Lorena Muñoz Alvarado;PARTIDO SOCIAL DE UNIDAD NACIONAL  PARTIDO DE LA U;1
JENESANO;Jorge Alberto Rodriguez Herrera;PARTIDO LIBERAL COLOMBIANO;292
JENESANO;Luis Francisco Duitama Caro;PARTIDO LIBERAL COLOMBIANO;222
JENESANO;Victor Manuel Guerrero Pulido;PARTIDO SOCIAL DE UNIDAD NACIONAL  PARTIDO DE LA U;217
JENESANO;Jacinto Rojas Daza;PARTIDO ALIANZA VERDE;207
JENESANO;Johon Jairo Parra Moreno;PARTIDO CAMBIO RADICAL;205
JENESANO;Edgar Soler Moreno;PARTIDO CAMBIO RADICAL;199
JENESANO;Nelson Armando Aponte Caro;PARTIDO LIBERAL COLOMBIANO;196
JENESANO;Jeison Ivan Hernandez Aponte;PARTIDO LIBERAL COLOMBIANO;176
JENESANO;Maria Del Carmen Parra Sanabria;PARTIDO ALIANZA VERDE;174
JENESANO;Carlos Julio Parra Mendoza;PARTIDO ALIANZA VERDE;171
JENESANO;Salvador Zambrano Hernandez;PARTIDO CAMBIO RADICAL;159
JENESANO;Freyder Edilson Naizaque Aponte;PARTIDO CAMBIO RADICAL;150
JENESANO;Jose Armando Daza Caro;PARTIDO ALIANZA VERDE;141
JENESANO;Jose Antonio Tovar Aponte;PARTIDO LIBERAL COLOMBIANO;134
JENESANO;Miguel Angel Pinzon Ochoa;PARTIDO CAMBIO RADICAL;122
JENESANO;Miguel Antonio Caro Vargas;PARTIDO ALIANZA SOCIAL INDEPENDIENTE ASI;122
JENESANO;Aminta Milena Jeronimo Navas;PARTIDO ALIANZA VERDE;117
JENESANO;Juan Miguel Arias Castelblanco;PARTIDO ALIANZA SOCIAL INDEPENDIENTE ASI;106
JENESANO;Alirio Suarez Alvarado;PARTIDO ALIANZA VERDE;98
JENESANO;Partido Centro Democratico;PARTIDO CENTRO DEMOCRATICO;97
JENESANO;Patricia Daza Galindo;PARTIDO LIBERAL COLOMBIANO;84
JENESANO;Herminda Moreno Borda;PARTIDO LIBERAL COLOMBIANO;77
JENESANO;Jose Rodrigo Soler Velandia;PARTIDO SOCIAL DE UNIDAD NACIONAL  PARTIDO DE LA U;67
JENESANO;Edin Adiel Jara;MOVIMIENTO ALTERNATIVO INDIGENA Y SOCIAL MAIS;59
JENESANO;Gilma Deli Guerrero Parada;PARTIDO CAMBIO RADICAL;59
JENESANO;Juan Pablo Arias Barahona;PARTIDO ALIANZA SOCIAL INDEPENDIENTE ASI;58
JENESANO;Luis Alonso Quintero Bermudez;PARTIDO LIBERAL COLOMBIANO;56
JENESANO;Marco Tulio Soler Moreno;PARTIDO ALIANZA SOCIAL INDEPENDIENTE ASI;49
JENESANO;Cipriano Vargas Rodriguez;PARTIDO ALIANZA VERDE;47
JENESANO;Partido Alianza Verde;PARTIDO ALIANZA VERDE;40
JENESANO;Jaime Albeiro Bernal Rincon;PARTIDO ALIANZA SOCIAL INDEPENDIENTE ASI;36
JENESANO;Maria Luisa Rojas Contreras;PARTIDO LIBERAL COLOMBIANO;36
JENESANO;William Miguel Aponte Garcia;PARTIDO ALIANZA VERDE;31
JENESANO;Partido Liberal Colombiano;PARTIDO LIBERAL COLOMBIANO;29
JENESANO;Pablo Antonio Suarez Rivera;PARTIDO CAMBIO RADICAL;28
JENESANO;Partido Cambio Radical;PARTIDO CAMBIO RADICAL;22
JENESANO;Elkin Reinel Rincon Galindo;PARTIDO SOCIAL DE UNIDAD NACIONAL  PARTIDO DE LA U;17
JENESANO;Partido Social De Unidad Nacional  Partido De La U;PARTIDO SOCIAL DE UNIDAD NACIONAL  PARTIDO DE LA U;17
JENESANO;Miguel Antonio Gomez Arias;PARTIDO SOCIAL DE UNIDAD NACIONAL  PARTIDO DE LA U;16
JENESANO;Campo Elias Navarrete Moreno;PARTIDO SOCIAL DE UNIDAD NACIONAL  PARTIDO DE LA U;11
JENESANO;Partido Alianza Social Independiente Asi;PARTIDO ALIANZA SOCIAL INDEPENDIENTE ASI;10
JENESANO;Domingo Arias Vargas;PARTIDO SOCIAL DE UNIDAD NACIONAL  PARTIDO DE LA U;6
JENESANO;Luisa Fernanda Sanchez Salinas;MOVIMIENTO ALTERNATIVO INDIGENA Y SOCIAL MAIS;6
JENESANO;Rosalbina Guerrero Sanchez;PARTIDO ALIANZA VERDE;6
JENESANO;Dilsa Marlen Hernandez Caro;MOVIMIENTO ALTERNATIVO INDIGENA Y SOCIAL MAIS;5
JENESANO;Sherly Paola Garcia Serrano;PARTIDO ALIANZA SOCIAL INDEPENDIENTE ASI;5
JENESANO;Jacinto Caro Caro;MOVIMIENTO ALTERNATIVO INDIGENA Y SOCIAL MAIS;4
JENESANO;Marco Antonio Pulido Gonzalez;PARTIDO ALIANZA SOCIAL INDEPENDIENTE ASI;4
JENESANO;Movimiento Alternativo Indigena Y Social Mais;MOVIMIENTO ALTERNATIVO INDIGENA Y SOCIAL MAIS;4
JENESANO;Andrea Quevedo Prieto;PARTIDO ALIANZA SOCIAL INDEPENDIENTE ASI;3
JENESANO;Jose Agustin Villalba Becerra;MOVIMIENTO ALTERNATIVO INDIGENA Y SOCIAL MAIS;3
JENESANO;Elba Leonor Ruiz Sarmiento;PARTIDO CAMBIO RADICAL;2
JENESANO;Nancy Rodriguez Gil;MOVIMIENTO ALTERNATIVO INDIGENA Y SOCIAL MAIS;2
JENESANO;Aliria Campos Mendoza Leon;PARTIDO SOCIAL DE UNIDAD NACIONAL  PARTIDO DE LA U;1
JENESANO;Diana Maritza Torres Usa;PARTIDO ALIANZA SOCIAL INDEPENDIENTE ASI;1
JENESANO;Luz Herminda Galindo Gomez;PARTIDO SOCIAL DE UNIDAD NACIONAL  PARTIDO DE LA U;1
JERICO;Orlando Pelayo Murillo;PARTIDO CONSERVADOR COLOMBIANO;204
JERICO;William Edilberto Rojas Mejia;PARTIDO SOCIAL DE UNIDAD NACIONAL  PARTIDO DE LA U;145
JERICO;Yenny Diorley Silva Cetina;PARTIDO ALIANZA SOCIAL INDEPENDIENTE ASI;140
JERICO;Dirian Barrera Baez;PARTIDO CENTRO DEMOCRATICO;132
JERICO;Jorge Eliecer Rincon Vargas;PARTIDO ALIANZA VERDE;126
JERICO;Georgina Paredes Cordero;PARTIDO CONSERVADOR COLOMBIANO;122
JERICO;Luis Enrique Duarte Duran;PARTIDO CENTRO DEMOCRATICO;113
JERICO;Wilmer Nicolas Montoya Perez;PARTIDO SOCIAL DE UNIDAD NACIONAL  PARTIDO DE LA U;113
JERICO;Jose Alberto Vargas Perez;PARTIDO SOCIAL DE UNIDAD NACIONAL  PARTIDO DE LA U;107
JERICO;Carlos Humberto Niño Villamarin;MOVIMIENTO ALTERNATIVO INDIGENA Y SOCIAL MAIS;105
JERICO;Hernando Antonio Castañeda Saenz;PARTIDO ALIANZA VERDE;98
JERICO;Weimar Humberto Paredes Pelayo;MOVIMIENTO ALTERNATIVO INDIGENA Y SOCIAL MAIS;90
JERICO;Victor Alfonso Sepulveda Pelayo;PARTIDO ALIANZA SOCIAL INDEPENDIENTE ASI;80
JERICO;Elkin Erasmo Vargas Sandoval;PARTIDO ALIANZA VERDE;70
JERICO;Juan Romero Cuevas;PARTIDO CAMBIO RADICAL;59
JERICO;Yeny Daniela Gomez Sua;PARTIDO SOCIAL DE UNIDAD NACIONAL  PARTIDO DE LA U;55
JERICO;Jaime Humberto Fuentes Vargas;PARTIDO CONSERVADOR COLOMBIANO;54
JERICO;Omar Arturo Lizarazo Marin;PARTIDO ALIANZA SOCIAL INDEPENDIENTE ASI;52
JERICO;Nelly Isabel Espinosa Mendivelso;PARTIDO ALIANZA SOCIAL INDEPENDIENTE ASI;51
JERICO;Crisostomo Fonseca Garcia;PARTIDO ALIANZA VERDE;46
JERICO;Edil Alfonso Gomez Lizarazo;PARTIDO CAMBIO RADICAL;43
JERICO;Brenda Liliana Medina Gomez;PARTIDO SOCIAL DE UNIDAD NACIONAL  PARTIDO DE LA U;42
JERICO;Jose Joaquin Gomez Malagon;PARTIDO CAMBIO RADICAL;41
JERICO;Luis Argenis Fuentes Gomez;PARTIDO CENTRO DEMOCRATICO;36
JERICO;Edwin Amaya Triana;MOVIMIENTO ALTERNATIVO INDIGENA Y SOCIAL MAIS;33
JERICO;Wilsson Gomez Fonseca;PARTIDO ALIANZA SOCIAL INDEPENDIENTE ASI;32
JERICO;Dora Elena Siabato Gomez;PARTIDO ALIANZA VERDE;27
JERICO;Carmen Saida Duarte Fuentes;PARTIDO ALIANZA VERDE;26
JERICO;Maria Del Carmen Cuevas Lizarazo;PARTIDO SOCIAL DE UNIDAD NACIONAL  PARTIDO DE LA U;24
JERICO;Pablo Enoc Pelayo Cuevas;PARTIDO ALIANZA SOCIAL INDEPENDIENTE ASI;17
JERICO;Partido Alianza Verde;PARTIDO ALIANZA VERDE;15
JERICO;Sandra Milena Calderon Gomez;PARTIDO CAMBIO RADICAL;14
JERICO;William Alexander Santiesteban Panqueva;PARTIDO CAMBIO RADICAL;14
JERICO;Jose Adriano Fuentes Gomez;PARTIDO SOCIAL DE UNIDAD NACIONAL  PARTIDO DE LA U;13
JERICO;Mireya Marin Romero;PARTIDO ALIANZA SOCIAL INDEPENDIENTE ASI;12
JERICO;Tania Brigitte Lopez Sandoval;MOVIMIENTO ALTERNATIVO INDIGENA Y SOCIAL MAIS;12
JERICO;Nubia Pepa Perez Barrera;PARTIDO CAMBIO RADICAL;10
JERICO;Maryi Alexis Lavacude Sandoval;MOVIMIENTO ALTERNATIVO INDIGENA Y SOCIAL MAIS;8
JERICO;Partido Conservador Colombiano;PARTIDO CONSERVADOR COLOMBIANO;8
JERICO;Sibel Santistevan Riaño;PARTIDO CONSERVADOR COLOMBIANO;8
JERICO;Cesar Jimeno Rojas Mejia;MOVIMIENTO ALTERNATIVO INDIGENA Y SOCIAL MAIS;7
JERICO;Partido Alianza Social Independiente Asi;PARTIDO ALIANZA SOCIAL INDEPENDIENTE ASI;6
JERICO;Partido Centro Democratico;PARTIDO CENTRO DEMOCRATICO;6
JERICO;Partido Social De Unidad Nacional  Partido De La U;PARTIDO SOCIAL DE UNIDAD NACIONAL  PARTIDO DE LA U;6
JERICO;Evangelina Ormaza Niño;PARTIDO CENTRO DEMOCRATICO;4
JERICO;Fany Consuelo Silva Duran;PARTIDO CONSERVADOR COLOMBIANO;3
JERICO;Joaquin Alberto Gomez Fuentes;PARTIDO CENTRO DEMOCRATICO;3
JERICO;Maria Elizabeth Cogollo Cobos;PARTIDO CAMBIO RADICAL;3
JERICO;Deicy Elena Obando Santisteban;PARTIDO CENTRO DEMOCRATICO;2
JERICO;Jose Miguel Lopez Gomez;PARTIDO CONSERVADOR COLOMBIANO;2
JERICO;Nancy Del Carmen Ramirez Espinosa;PARTIDO CENTRO DEMOCRATICO;2
JERICO;Partido Cambio Radical;PARTIDO CAMBIO RADICAL;2
JERICO;Claudia Esmidt Joya Mejia;MOVIMIENTO ALTERNATIVO INDIGENA Y SOCIAL MAIS;1
JERICO;Luz Mabel Siabato Benitez;PARTIDO CONSERVADOR COLOMBIANO;1
JERICO;Movimiento Alternativo Indigena Y Social Mais;MOVIMIENTO ALTERNATIVO INDIGENA Y SOCIAL MAIS;1
LA CAPILLA;Hector Julio Grijalba Medina;PARTIDO ALIANZA VERDE;260
LA CAPILLA;Gustavo Peralta Gomez;PARTIDO ALIANZA VERDE;209
LA CAPILLA;Rudy Constanza Barrera Guerrero;PARTIDO CONSERVADOR COLOMBIANO;162
LA CAPILLA;Elyda Yanira Martin Roa;PARTIDO ALIANZA VERDE;146
LA CAPILLA;Ismael Salamanca Fernandez;PARTIDO SOCIAL DE UNIDAD NACIONAL  PARTIDO DE LA U;118
LA CAPILLA;Pedro Jose Jimenez Fernandez;PARTIDO SOCIAL DE UNIDAD NACIONAL  PARTIDO DE LA U;117
LA CAPILLA;Jose Miguel Montejo Bohorquez;PARTIDO SOCIAL DE UNIDAD NACIONAL  PARTIDO DE LA U;109
LA CAPILLA;Gloria Amparo Garzon Zubieta;PARTIDO SOCIAL DE UNIDAD NACIONAL  PARTIDO DE LA U;104
LA CAPILLA;Luz Janet Garcia Mora;PARTIDO SOCIAL DE UNIDAD NACIONAL  PARTIDO DE LA U;70
LA CAPILLA;Obidio Bermudez Chavarro;PARTIDO SOCIAL DE UNIDAD NACIONAL  PARTIDO DE LA U;68
LA CAPILLA;Yudy Viviana Alvarez;PARTIDO ALIANZA VERDE;68
LA CAPILLA;Maritza Bibiana Piñeros Ramirez;PARTIDO CONSERVADOR COLOMBIANO;61
LA CAPILLA;Raul Ortega Montenegro;PARTIDO ALIANZA VERDE;52
LA CAPILLA;Jairo Alonso Chavarro Roa;PARTIDO CONSERVADOR COLOMBIANO;45
LA CAPILLA;Maria Telma Bohorquez Roa;PARTIDO SOCIAL DE UNIDAD NACIONAL  PARTIDO DE LA U;38
LA CAPILLA;Dora Herminda Ramirez Aguirre;PARTIDO CENTRO DEMOCRATICO;37
LA CAPILLA;Luis Francisco Huertas Cardenas;PARTIDO CONSERVADOR COLOMBIANO;37
LA CAPILLA;Andrea Patricia Fernandez Roa;PARTIDO CONSERVADOR COLOMBIANO;34
LA CAPILLA;Gonzalo Ignacio Gil;PARTIDO ALIANZA VERDE;27
LA CAPILLA;Crhistian Alonso Salgado Fandiño;PARTIDO CONSERVADOR COLOMBIANO;26
LA CAPILLA;Partido Alianza Verde;PARTIDO ALIANZA VERDE;26
LA CAPILLA;Maria De Las Mercedes Zubieta Gomez;PARTIDO ALIANZA VERDE;23
LA CAPILLA;Luis Antonio Roa Lopez;PARTIDO CONSERVADOR COLOMBIANO;22
LA CAPILLA;Partido Conservador Colombiano;PARTIDO CONSERVADOR COLOMBIANO;16
LA CAPILLA;Partido Social De Unidad Nacional  Partido De La U;PARTIDO SOCIAL DE UNIDAD NACIONAL  PARTIDO DE LA U;15
LA CAPILLA;Nydia Alfonso Camacho;PARTIDO CENTRO DEMOCRATICO;8
LA CAPILLA;Luis Frayler Parra Lopez;PARTIDO CENTRO DEMOCRATICO;2
LA CAPILLA;Partido Centro Democratico;PARTIDO CENTRO DEMOCRATICO;2
LA UVITA;Ruth Marina Hernandez Tarazona;PARTIDO CENTRO DEMOCRATICO;119
LA UVITA;Luis Ramiro Caceres Fuentes;PARTIDO SOCIAL DE UNIDAD NACIONAL  PARTIDO DE LA U;105
LA UVITA;Luis Hermogenes Perez Tarazona;PARTIDO CONSERVADOR COLOMBIANO;101
LA UVITA;Sandra Patricia Colmenares Hernandez;PARTIDO CAMBIO RADICAL;99
LA UVITA;Ivan Rene Fuentes Barrera;PARTIDO CONSERVADOR COLOMBIANO;86
LA UVITA;Rosa Angela Vasquez Botia;PARTIDO ALIANZA VERDE;86
LA UVITA;Victor Julio Chaves Lopez;PARTIDO CONSERVADOR COLOMBIANO;86
LA UVITA;Luis Arcadio Velandia Niño;PARTIDO CENTRO DEMOCRATICO;79
LA UVITA;Maria Dolores Hernandez Murillo;PARTIDO CONSERVADOR COLOMBIANO;78
LA UVITA;Marco Tulio Hernandez Duran;PARTIDO ALIANZA VERDE;76
LA UVITA;Milciades Bonilla Limas;PARTIDO CAMBIO RADICAL;73
LA UVITA;Luis Francisco Gonzalez Robayo;MOVIMIENTO ALTERNATIVO INDIGENA Y SOCIAL MAIS;69
LA UVITA;Francisco Nieto Murillo;PARTIDO CAMBIO RADICAL;58
LA UVITA;Arnulfo Hilario Rojas Jimenez;PARTIDO CENTRO DEMOCRATICO;57
LA UVITA;Luis Antonio Gomez Rodriguez;PARTIDO CAMBIO RADICAL;55
LA UVITA;Mesias Rojas Fuentes;PARTIDO CENTRO DEMOCRATICO;42
LA UVITA;Adriana Ximena Gomez Murillo;PARTIDO ALIANZA VERDE;37
LA UVITA;Carlos Yesid Niño Caceres;PARTIDO SOCIAL DE UNIDAD NACIONAL  PARTIDO DE LA U;35
LA UVITA;Gloria Isabel Montoya Hernandez;PARTIDO CAMBIO RADICAL;32
LA UVITA;Jhon Fredy Fuentes Cifuentes;PARTIDO ALIANZA VERDE;31
LA UVITA;Pedro Pablo Lopez Cordero;PARTIDO SOCIAL DE UNIDAD NACIONAL  PARTIDO DE LA U;29
LA UVITA;Arnulfo Jaime Nieto;PARTIDO CONSERVADOR COLOMBIANO;27
LA UVITA;Ana Eloisa Jaime Rojas;PARTIDO COLOMBIA RENACIENTE;22
LA UVITA;Cristian Alexander Blanco Duarte;PARTIDO ALIANZA VERDE;21
LA UVITA;Elizabeth Vargas Gomez;MOVIMIENTO ALTERNATIVO INDIGENA Y SOCIAL MAIS;21
LA UVITA;Adriana Paola Botia Botia;PARTIDO CENTRO DEMOCRATICO;20
LA UVITA;Ana Claudia Hernandez Niño;PARTIDO CONSERVADOR COLOMBIANO;19
LA UVITA;Aneida Cubaque Cely;PARTIDO COLOMBIA RENACIENTE;17
LA UVITA;Carmen Cecilia Medina Quintero;MOVIMIENTO ALTERNATIVO INDIGENA Y SOCIAL MAIS;17
LA UVITA;Maria Isabel Caceres Hernandez;PARTIDO ALIANZA VERDE;17
LA UVITA;Carlos Arturo Berrio Caceres;PARTIDO COLOMBIA RENACIENTE;16
LA UVITA;Efrain Tarazona Ruiz;MOVIMIENTO ALTERNATIVO INDIGENA Y SOCIAL MAIS;16
LA UVITA;Rosaminta Limas Gomez;PARTIDO SOCIAL DE UNIDAD NACIONAL  PARTIDO DE LA U;14
LA UVITA;Ana Mireya Hernandez Sanabria;MOVIMIENTO ALTERNATIVO INDIGENA Y SOCIAL MAIS;13
LA UVITA;Partido Alianza Verde;PARTIDO ALIANZA VERDE;12
LA UVITA;Maria Angelica Limas Leon;PARTIDO CENTRO DEMOCRATICO;11
LA UVITA;Cesar Alfonso Barrera Tarazona;PARTIDO COLOMBIA RENACIENTE;10
LA UVITA;Luis Alberto Velandia Florez;MOVIMIENTO ALTERNATIVO INDIGENA Y SOCIAL MAIS;10
LA UVITA;Carlos Julio Caceres;PARTIDO ALIANZA VERDE;9
LA UVITA;Heberto Botia Hernandez;PARTIDO COLOMBIA RENACIENTE;9
LA UVITA;Stella Bernal Torres;PARTIDO COLOMBIA RENACIENTE;9
LA UVITA;Cielo Rocio Chavez Camero;PARTIDO SOCIAL DE UNIDAD NACIONAL  PARTIDO DE LA U;7
LA UVITA;Ingry Liliana Galvis Sepulveda;PARTIDO SOCIAL DE UNIDAD NACIONAL  PARTIDO DE LA U;7
LA UVITA;Daniel Fernando Gonzalez Limas;MOVIMIENTO ALTERNATIVO INDIGENA Y SOCIAL MAIS;6
LA UVITA;Oscar Medina Verano;PARTIDO CENTRO DEMOCRATICO;6
LA UVITA;Partido Conservador Colombiano;PARTIDO CONSERVADOR COLOMBIANO;6
LA UVITA;Eliana Rocio Rodriguez Peña;PARTIDO CONSERVADOR COLOMBIANO;5
LA UVITA;Movimiento Alternativo Indigena Y Social Mais;MOVIMIENTO ALTERNATIVO INDIGENA Y SOCIAL MAIS;5
LA UVITA;Partido Centro Democratico;PARTIDO CENTRO DEMOCRATICO;5
LA UVITA;Partido Social De Unidad Nacional  Partido De La U;PARTIDO SOCIAL DE UNIDAD NACIONAL  PARTIDO DE LA U;5
LA UVITA;Diego Alexander Fuentes Galvis;PARTIDO COLOMBIA RENACIENTE;2
LA UVITA;Partido Colombia Renaciente;PARTIDO COLOMBIA RENACIENTE;1
LA VICTORIA;Jairo Albino Triana Pinilla;PARTIDO ALIANZA VERDE;146
LA VICTORIA;Luz Mayerly Peña Delgado;PARTIDO CAMBIO RADICAL;93
LA VICTORIA;Angie Florido Soto;PARTIDO LIBERAL COLOMBIANO;82
LA VICTORIA;Elber Villa Urrego;PARTIDO LIBERAL COLOMBIANO;81
LA VICTORIA;Walder Julian Marino;PARTIDO CENTRO DEMOCRATICO;72
LA VICTORIA;Maria Martha Luz Carrillo Garzon;PARTIDO CENTRO DEMOCRATICO;68
LA VICTORIA;Romulo Marroquin Sanabria;PARTIDO LIBERAL COLOMBIANO;63
LA VICTORIA;Eutimio Florido Bulla;PARTIDO CENTRO DEMOCRATICO;61
LA VICTORIA;Herson Giovanny Sanchez Rueda;PARTIDO CENTRO DEMOCRATICO;61
LA VICTORIA;Ingrid Yurely Vega Pabon;PARTIDO LIBERAL COLOMBIANO;61
LA VICTORIA;Camilo Antonio Muñoz Alvarez;PARTIDO CENTRO DEMOCRATICO;55
LA VICTORIA;Guillermo Perez;PARTIDO CAMBIO RADICAL;48
LA VICTORIA;Humberto Delgado Cifuentes;PARTIDO CAMBIO RADICAL;45
LA VICTORIA;Martha Lidia Bustos Anzola;PARTIDO CAMBIO RADICAL;39
LA VICTORIA;Anderson Manuel Tellez Alvarez;PARTIDO ALIANZA VERDE;37
LA VICTORIA;Jeydy Jaritza Florido Perez;PARTIDO LIBERAL COLOMBIANO;36
LA VICTORIA;Maria Evidalia Barbosa Padilla;PARTIDO CENTRO DEMOCRATICO;35
LA VICTORIA;Ramiro Escarraga Tovar;PARTIDO CAMBIO RADICAL;33
LA VICTORIA;Javier Alfonso Bernal Lopez;PARTIDO LIBERAL COLOMBIANO;32
LA VICTORIA;Milton Robayo Rocha;PARTIDO CAMBIO RADICAL;30
LA VICTORIA;Francy Lorena Basallo Rojas;PARTIDO CENTRO DEMOCRATICO;28
LA VICTORIA;Dina Vega Escarraga;PARTIDO ALIANZA VERDE;27
LA VICTORIA;Alfonso Escarraga Escarraga;PARTIDO ALIANZA VERDE;11
LA VICTORIA;Julio Cesar Triana Bustos;PARTIDO ALIANZA VERDE;10
LA VICTORIA;Luis Alfonso Silva Escarraga;PARTIDO LIBERAL COLOMBIANO;10
LA VICTORIA;Partido Centro Democratico;PARTIDO CENTRO DEMOCRATICO;7
LA VICTORIA;Partido Liberal Colombiano;PARTIDO LIBERAL COLOMBIANO;7
LA VICTORIA;Jenny Andrea Acuña Montero;PARTIDO CAMBIO RADICAL;6
LA VICTORIA;Partido Alianza Verde;PARTIDO ALIANZA VERDE;4
LA VICTORIA;Flor Margarita Pico;PARTIDO ALIANZA VERDE;2
LA VICTORIA;Partido Cambio Radical;PARTIDO CAMBIO RADICAL;1
LABRANZAGRANDE;Deimar Alexis Leon Barrera;MOVIMIENTO ALTERNATIVO INDIGENA Y SOCIAL MAIS;145
LABRANZAGRANDE;Nancy Fernandez Fernandez;PARTIDO ALIANZA VERDE;109
LABRANZAGRANDE;Henry Socha Reyes;PARTIDO CAMBIO RADICAL;103
LABRANZAGRANDE;Noe Torres Sanabria;PARTIDO CENTRO DEMOCRATICO;101
LABRANZAGRANDE;Neftali Perez Fernandez;PARTIDO ALIANZA VERDE;98
LABRANZAGRANDE;Victor Julio Moreno Patiño;PARTIDO SOCIAL DE UNIDAD NACIONAL  PARTIDO DE LA U;96
LABRANZAGRANDE;Juan Carlos Pacagui Barrera;PARTIDO CAMBIO RADICAL;94
LABRANZAGRANDE;Carolina Montañez Preciado;PARTIDO CAMBIO RADICAL;81
LABRANZAGRANDE;Luis Guillermo Peña Archila;PARTIDO ALIANZA VERDE;80
LABRANZAGRANDE;Ruber Albeiro Patiño Hernandez;PARTIDO CAMBIO RADICAL;79
LABRANZAGRANDE;Richard Alexander Anajar Perez;MOVIMIENTO ALTERNATIVO INDIGENA Y SOCIAL MAIS;77
LABRANZAGRANDE;Adelfo Calderon Gaucha;PARTIDO LIBERAL COLOMBIANO;67
LABRANZAGRANDE;Ilba Yanory Alarcon Puerto;PARTIDO CENTRO DEMOCRATICO;61
LABRANZAGRANDE;Argemiro Beltran Albarracin;PARTIDO SOCIAL DE UNIDAD NACIONAL  PARTIDO DE LA U;59
LABRANZAGRANDE;Betsy Abigail Pico Perez;PARTIDO CENTRO DEMOCRATICO;59
LABRANZAGRANDE;Jackeline Caceres Vega;PARTIDO ALIANZA VERDE;59
LABRANZAGRANDE;Jose Plinio Perez Chaparro;PARTIDO CAMBIO RADICAL;57
LABRANZAGRANDE;Jorge Eliecer Montaña Alarcon;PARTIDO LIBERAL COLOMBIANO;56
LABRANZAGRANDE;Ernesto Gutierrez Bello;PARTIDO LIBERAL COLOMBIANO;53
LABRANZAGRANDE;Maria Rubi Tabaco Socha;PARTIDO ALIANZA VERDE;53
LABRANZAGRANDE;Nelson Cepeda Caserez;PARTIDO CENTRO DEMOCRATICO;51
LABRANZAGRANDE;Oscar Fernando Pinto Jimenez;MOVIMIENTO ALTERNATIVO INDIGENA Y SOCIAL MAIS;50
LABRANZAGRANDE;Luz Viviana Mendoza Pacagui;MOVIMIENTO ALTERNATIVO INDIGENA Y SOCIAL MAIS;48
LABRANZAGRANDE;Milton Cardenas Fernandez;MOVIMIENTO ALTERNATIVO INDIGENA Y SOCIAL MAIS;47
LABRANZAGRANDE;Angel Oswaldo Faracica Acevedo;PARTIDO ALIANZA VERDE;46
LABRANZAGRANDE;Jose De Jesus Vega;PARTIDO CENTRO DEMOCRATICO;46
LABRANZAGRANDE;Deicy Viviana Martinez Castro;PARTIDO CAMBIO RADICAL;42
LABRANZAGRANDE;Luis Hernando Poveda Cardenas;PARTIDO LIBERAL COLOMBIANO;37
LABRANZAGRANDE;Flor Delia Garcia Chaparro;PARTIDO CENTRO DEMOCRATICO;36
LABRANZAGRANDE;Carlos Ivan Fernandez Garcia;PARTIDO CAMBIO RADICAL;28
LABRANZAGRANDE;Miguel Angel Plazas Vega;PARTIDO CENTRO DEMOCRATICO;27
LABRANZAGRANDE;Maury Dayanna Niño Uscategui;MOVIMIENTO ALTERNATIVO INDIGENA Y SOCIAL MAIS;26
LABRANZAGRANDE;Zonia Yaneth Uscategui Fuentes;PARTIDO CAMBIO RADICAL;25
LABRANZAGRANDE;Jose Jairo Reyes Bonilla;PARTIDO CENTRO DEMOCRATICO;24
LABRANZAGRANDE;Partido Cambio Radical;PARTIDO CAMBIO RADICAL;24
LABRANZAGRANDE;Partido Alianza Verde;PARTIDO ALIANZA VERDE;23
LABRANZAGRANDE;Nelly Aurora Garcia Gonzalez;PARTIDO LIBERAL COLOMBIANO;22
LABRANZAGRANDE;Carlos Julio Fernandez Hernandez;PARTIDO LIBERAL COLOMBIANO;20
LABRANZAGRANDE;Ciro Alfonso Pinto Aguilar;MOVIMIENTO ALTERNATIVO INDIGENA Y SOCIAL MAIS;19
LABRANZAGRANDE;Jose Entigniano Jimenez;PARTIDO CAMBIO RADICAL;18
LABRANZAGRANDE;Teodoro Gutierrez Preciado;PARTIDO LIBERAL COLOMBIANO;16
LABRANZAGRANDE;Partido Centro Democratico;PARTIDO CENTRO DEMOCRATICO;13
LABRANZAGRANDE;Partido Liberal Colombiano;PARTIDO LIBERAL COLOMBIANO;13
LABRANZAGRANDE;Maria Del Transito Sanabria Perez;MOVIMIENTO ALTERNATIVO INDIGENA Y SOCIAL MAIS;12
LABRANZAGRANDE;Facundo Socha Peña;PARTIDO SOCIAL DE UNIDAD NACIONAL  PARTIDO DE LA U;11
LABRANZAGRANDE;Jose Del Carmen Puerto Cardenas;PARTIDO CENTRO DEMOCRATICO;11
LABRANZAGRANDE;Partido Social De Unidad Nacional  Partido De La U;PARTIDO SOCIAL DE UNIDAD NACIONAL  PARTIDO DE LA U;10
LABRANZAGRANDE;Angela Edith Fernandez Fernandez;PARTIDO LIBERAL COLOMBIANO;8
LABRANZAGRANDE;Ciro Antonio Perez Plazas;PARTIDO SOCIAL DE UNIDAD NACIONAL  PARTIDO DE LA U;8
LABRANZAGRANDE;Mauricio Lopez Barrera;PARTIDO SOCIAL DE UNIDAD NACIONAL  PARTIDO DE LA U;6
LABRANZAGRANDE;Movimiento Alternativo Indigena Y Social Mais;MOVIMIENTO ALTERNATIVO INDIGENA Y SOCIAL MAIS;5
LABRANZAGRANDE;Dilia Maria Beltran Hernandez;PARTIDO SOCIAL DE UNIDAD NACIONAL  PARTIDO DE LA U;3
LABRANZAGRANDE;Nasly Milena Angel Nuñez;PARTIDO SOCIAL DE UNIDAD NACIONAL  PARTIDO DE LA U;3
LABRANZAGRANDE;Nelson Cely Medina;PARTIDO ALIANZA VERDE;3
LABRANZAGRANDE;Hernais Fabio Fuentes Mesa;MOVIMIENTO ALTERNATIVO INDIGENA Y SOCIAL MAIS;2
LABRANZAGRANDE;Nancy Paola Verdugo Laverde;PARTIDO LIBERAL COLOMBIANO;2
LABRANZAGRANDE;Catalina Parra Perez;PARTIDO ALIANZA VERDE;1
LABRANZAGRANDE;Claudia Lucero Perez Fernandez;PARTIDO SOCIAL DE UNIDAD NACIONAL  PARTIDO DE LA U;1
LABRANZAGRANDE;Jorge Eliecer Bernal Garcia;PARTIDO ALIANZA VERDE;1
MACANAL;Edgar David Mora Colmenares;PARTIDO CENTRO DEMOCRATICO;239
MACANAL;Libardo Andrey Cubides Alfonso;PARTIDO ALIANZA SOCIAL INDEPENDIENTE ASI;186
MACANAL;Leidy Patricia Cano Avila;PARTIDO CONSERVADOR COLOMBIANO;170
MACANAL;Yeny Carolina Leguizamon Perilla;PARTIDO ALIANZA SOCIAL INDEPENDIENTE ASI;168
MACANAL;Melida Salazar Franco;PARTIDO CONSERVADOR COLOMBIANO;163
MACANAL;Henry Avila Barahona;PARTIDO CENTRO DEMOCRATICO;154
MACANAL;Juan De Dios Vaca Martin;PARTIDO CENTRO DEMOCRATICO;148
MACANAL;Nelson Dario Vega Bohorquez;PARTIDO CENTRO DEMOCRATICO;127
MACANAL;Luis Antonio Castillo Peña;PARTIDO CONSERVADOR COLOMBIANO;111
MACANAL;Laura Katherine Monroy Cubides;PARTIDO CENTRO DEMOCRATICO;101
MACANAL;Yeimy Caterine Tolosa Roa;PARTIDO CENTRO DEMOCRATICO;90
MACANAL;Norberto Forero Toloza;PARTIDO ALIANZA VERDE;77
MACANAL;Alirio Perilla Gonzalez;PARTIDO ALIANZA VERDE;76
MACANAL;Doralba Garzon Pineda;PARTIDO CENTRO DEMOCRATICO;71
MACANAL;Rosalba Vanegas Lopez;PARTIDO ALIANZA VERDE;69
MACANAL;Mery Daza Romero;PARTIDO ALIANZA SOCIAL INDEPENDIENTE ASI;59
MACANAL;Luis Alberto Alfonso Romero;PARTIDO CONSERVADOR COLOMBIANO;55
MACANAL;Jose Porfirio Mora Romero;PARTIDO ALIANZA SOCIAL INDEPENDIENTE ASI;48
MACANAL;Miyer Harvey Salguero Salgado;PARTIDO CONSERVADOR COLOMBIANO;43
MACANAL;Jose Alonso Gonzalez Angel;PARTIDO ALIANZA VERDE;36
MACANAL;Partido Centro Democratico;PARTIDO CENTRO DEMOCRATICO;35
MACANAL;Partido Alianza Verde;PARTIDO ALIANZA VERDE;34
MACANAL;Yeimy Lizeth Acevedo Daza;PARTIDO ALIANZA VERDE;34
MACANAL;Partido Conservador Colombiano;PARTIDO CONSERVADOR COLOMBIANO;24
MACANAL;Roberto Antonio Avila Sandoval;PARTIDO ALIANZA VERDE;19
MACANAL;Partido Alianza Social Independiente Asi;PARTIDO ALIANZA SOCIAL INDEPENDIENTE ASI;17
MACANAL;Dayanna Lizeth Artunduaga Montañez;PARTIDO ALIANZA VERDE;13
MARIPI;Miller Fabian Barreto Garzon;PARTIDO ALIANZA VERDE;297
MARIPI;Henry Yobany Cañon Murcia;PARTIDO LIBERAL COLOMBIANO;278
MARIPI;Segundo David Arevalo Obando;PARTIDO LIBERAL COLOMBIANO;275
MARIPI;Fernando Rodriguez Arevalo;PARTIDO LIBERAL COLOMBIANO;248
MARIPI;Julio Alfredo Rincon Castillo;PARTIDO CENTRO DEMOCRATICO;243
MARIPI;Salvador Franco Carrillo;PARTIDO ALIANZA VERDE;235
MARIPI;William Ricardo Rodriguez Sanchez;PARTIDO CENTRO DEMOCRATICO;234
MARIPI;William Alfonso Delgado Pinilla;PARTIDO CONSERVADOR COLOMBIANO;191
MARIPI;Jose Hermogenes Gonzalez Gonzalez;PARTIDO SOCIAL DE UNIDAD NACIONAL  PARTIDO DE LA U;176
MARIPI;Capitolino Redondo Rodriguez;PARTIDO SOCIAL DE UNIDAD NACIONAL  PARTIDO DE LA U;172
MARIPI;Fanny Yaneth Murcia Vargas;PARTIDO ALIANZA VERDE;165
MARIPI;Doris Maiden Monroy Briceño;PARTIDO ALIANZA VERDE;160
MARIPI;Hector Alfonso Paez Castro;PARTIDO CENTRO DEMOCRATICO;144
MARIPI;Jose Rodrigo Orjuela Gonzalez;PARTIDO CONSERVADOR COLOMBIANO;137
MARIPI;Claudia Maria Coca Rodriguez;PARTIDO CONSERVADOR COLOMBIANO;133
MARIPI;Bety Ceny Murcia Cortes;PARTIDO ALIANZA VERDE;106
MARIPI;Armando Quiñones Castiblanco;PARTIDO SOCIAL DE UNIDAD NACIONAL  PARTIDO DE LA U;80
MARIPI;Yenny Luzney Gonzalez Suarez;PARTIDO CONSERVADOR COLOMBIANO;76
MARIPI;Luz Mary Rodriguez Sanchez;PARTIDO CENTRO DEMOCRATICO;72
MARIPI;Nohemy Rodriguez Guerrero;PARTIDO LIBERAL COLOMBIANO;72
MARIPI;Elver Alirio Monroy Benitez;PARTIDO ALIANZA VERDE;64
MARIPI;Jose Isaac Peña Cubillos;PARTIDO ALIANZA VERDE;64
MARIPI;Dinael Gonzalez Ballarez;PARTIDO CENTRO DEMOCRATICO;62
MARIPI;Marcos Yobany Castiblanco Rodriguez;PARTIDO CENTRO DEMOCRATICO;60
MARIPI;Partido Liberal Colombiano;PARTIDO LIBERAL COLOMBIANO;47
MARIPI;Partido Alianza Verde;PARTIDO ALIANZA VERDE;37
MARIPI;Partido Centro Democratico;PARTIDO CENTRO DEMOCRATICO;33
MARIPI;Ricardo Villamil Parra;PARTIDO LIBERAL COLOMBIANO;23
MARIPI;Partido Conservador Colombiano;PARTIDO CONSERVADOR COLOMBIANO;19
MARIPI;Partido Social De Unidad Nacional  Partido De La U;PARTIDO SOCIAL DE UNIDAD NACIONAL  PARTIDO DE LA U;15
MARIPI;Carol Johanna Rodriguez Buitrago;PARTIDO CENTRO DEMOCRATICO;14
MARIPI;Maria Elisa Garzon Espitia;PARTIDO CENTRO DEMOCRATICO;14
MARIPI;William Camilo Garzon Castiblanco;PARTIDO ALIANZA VERDE;12
MARIPI;Floremilda Alarcon Antonio;PARTIDO SOCIAL DE UNIDAD NACIONAL  PARTIDO DE LA U;6
MARIPI;Ana Doris Vargas Torres;PARTIDO LIBERAL COLOMBIANO;5
MARIPI;Ana Isabel Cabra Gonzalez;PARTIDO SOCIAL DE UNIDAD NACIONAL  PARTIDO DE LA U;2
MIRAFLORES;Rommel Rolando Roldan Ramos;PARTIDO COLOMBIA RENACIENTE;460
MIRAFLORES;Wilson Gustavo Mora;PARTIDO ALIANZA VERDE;227
MIRAFLORES;Giovanny Vargas Martinez;PARTIDO ALIANZA VERDE;226
MIRAFLORES;Luis Alexander Cruz Leguizamon;PARTIDO ALIANZA VERDE;217
MIRAFLORES;Pedro Antonio Barreto Roa;PARTIDO LIBERAL COLOMBIANO;211
MIRAFLORES;Jose Leonardo Cuadros Vargas;PARTIDO SOCIAL DE UNIDAD NACIONAL  PARTIDO DE LA U;210
MIRAFLORES;Edwin Rafael Vargas Mendoza;PARTIDO ALIANZA SOCIAL INDEPENDIENTE ASI;184
MIRAFLORES;Carlos Andres Arevalo Cano;PARTIDO ALIANZA VERDE;175
MIRAFLORES;Ana Lucia Guerrero Guasco;PARTIDO SOCIAL DE UNIDAD NACIONAL  PARTIDO DE LA U;171
MIRAFLORES;Jenny Elisa Pulido Gutierrez;PARTIDO ALIANZA VERDE;168
MIRAFLORES;German Yesid Caro Vallejo;PARTIDO ALIANZA SOCIAL INDEPENDIENTE ASI;149
MIRAFLORES;Pedro Adberto Martinez Torres;PARTIDO LIBERAL COLOMBIANO;143
MIRAFLORES;Israel Vega Caro;PARTIDO ALIANZA VERDE;141
MIRAFLORES;Nestor Danilo Caro Coronado;PARTIDO ALIANZA SOCIAL INDEPENDIENTE ASI;131
MIRAFLORES;Jaime Soler Barreto;PARTIDO LIBERAL COLOMBIANO;113
MIRAFLORES;Carlos Andres Cristancho Orjuela;PARTIDO COLOMBIA RENACIENTE;105
MIRAFLORES;Jeisson Jose Parra Galindo;PARTIDO ALIANZA SOCIAL INDEPENDIENTE ASI;104
MIRAFLORES;Cristian Guillermo Rojas Esquivel;PARTIDO SOCIAL DE UNIDAD NACIONAL  PARTIDO DE LA U;102
MIRAFLORES;Blanca Ines Cruz Buitrago;PARTIDO ALIANZA VERDE;100
MIRAFLORES;Julio Cesar Cubides Caballero;PARTIDO LIBERAL COLOMBIANO;100
MIRAFLORES;Edwin Hernando Martinez Daza;PARTIDO SOCIAL DE UNIDAD NACIONAL  PARTIDO DE LA U;98
MIRAFLORES;Beatriz Salamanca Castelblanco;PARTIDO ALIANZA VERDE;94
MIRAFLORES;Jeny Jimena Garzon Molina;PARTIDO COLOMBIA RENACIENTE;93
MIRAFLORES;Marcos Gustavo Puentes Lopez;PARTIDO SOCIAL DE UNIDAD NACIONAL  PARTIDO DE LA U;87
MIRAFLORES;Beyer Piñeros Alfonso;PARTIDO CAMBIO RADICAL;85
MIRAFLORES;Partido Colombia Justa Libres;PARTIDO COLOMBIA JUSTA LIBRES;80
MIRAFLORES;Juan De Jesus Cruz Gomez;PARTIDO CAMBIO RADICAL;75
MIRAFLORES;Jaime Jesus Arboleda Carrera;PARTIDO SOCIAL DE UNIDAD NACIONAL  PARTIDO DE LA U;72
MIRAFLORES;Nubia Yaneth Garcia Morales;PARTIDO ALIANZA SOCIAL INDEPENDIENTE ASI;70
MIRAFLORES;Partido Liberal Colombiano;PARTIDO LIBERAL COLOMBIANO;70
MIRAFLORES;Claudia Patricia Cubides Guerra;PARTIDO LIBERAL COLOMBIANO;69
MIRAFLORES;Miguel Angel Ovalle Diaz;COLOMBIA HUMANA - UNION PATRIOTICA;66
MIRAFLORES;Luis Fernando Ortiz Salamanca;PARTIDO SOCIAL DE UNIDAD NACIONAL  PARTIDO DE LA U;65
MIRAFLORES;Margarita Avila Pacheco;COLOMBIA HUMANA - UNION PATRIOTICA;63
MIRAFLORES;Erika Paola Barrera Gamez;PARTIDO SOCIAL DE UNIDAD NACIONAL  PARTIDO DE LA U;62
MIRAFLORES;Cristina Sanchez;PARTIDO SOCIAL DE UNIDAD NACIONAL  PARTIDO DE LA U;61
MIRAFLORES;Ligia Stella Lesmes Mora;PARTIDO LIBERAL COLOMBIANO;55
MIRAFLORES;Cristian Humberto Alfonso Lancheros;PARTIDO ALIANZA SOCIAL INDEPENDIENTE ASI;54
MIRAFLORES;Ciro Antonio Roa Martinez;PARTIDO ALIANZA VERDE;52
MIRAFLORES;Alicia Judith Rubiano Sierra;PARTIDO CAMBIO RADICAL;50
MIRAFLORES;Nestor Orlando Vallejo Alfonso;PARTIDO LIBERAL COLOMBIANO;49
MIRAFLORES;Partido Alianza Verde;PARTIDO ALIANZA VERDE;49
MIRAFLORES;Xiomara Yuliana Sarmiento Gamez;PARTIDO LIBERAL COLOMBIANO;49
MIRAFLORES;William Roger Garcia Morales;PARTIDO LIBERAL COLOMBIANO;46
MIRAFLORES;Carolina Ruiz Huertas;PARTIDO ALIANZA SOCIAL INDEPENDIENTE ASI;40
MIRAFLORES;Diego Alberto Vega Soler;PARTIDO ALIANZA SOCIAL INDEPENDIENTE ASI;27
MIRAFLORES;Rosana Morales Daza;PARTIDO CAMBIO RADICAL;26
MIRAFLORES;Zulma Consuelo Monroy Rodriguez;PARTIDO CAMBIO RADICAL;26
MIRAFLORES;Diego Enrique Garcia Vargas;PARTIDO COLOMBIA RENACIENTE;25
MIRAFLORES;Partido Social De Unidad Nacional  Partido De La U;PARTIDO SOCIAL DE UNIDAD NACIONAL  PARTIDO DE LA U;24
MIRAFLORES;Alvaro Gomez Mejia;COLOMBIA HUMANA - UNION PATRIOTICA;20
MIRAFLORES;Carmen Milena Lesmes Castañeda;PARTIDO CAMBIO RADICAL;20
MIRAFLORES;Elsy Emerita Gamez Montaña;PARTIDO COLOMBIA RENACIENTE;20
MIRAFLORES;Rubiela Esperanza Melo Caro;PARTIDO CAMBIO RADICAL;16
MIRAFLORES;Partido Colombia Renaciente;PARTIDO COLOMBIA RENACIENTE;14
MIRAFLORES;Nidia Faizuly Uscategui Cuesta;PARTIDO COLOMBIA RENACIENTE;12
MIRAFLORES;Paula Andrea Calderon Buitrago;PARTIDO ALIANZA SOCIAL INDEPENDIENTE ASI;11
MIRAFLORES;Myriam Amina Vargas Leguizamo;PARTIDO CAMBIO RADICAL;10
MIRAFLORES;Gustavo Ramirez Ramirez;COLOMBIA HUMANA - UNION PATRIOTICA;9
MIRAFLORES;Martha Cecilia Boada;PARTIDO COLOMBIA RENACIENTE;9
MIRAFLORES;Partido Alianza Social Independiente Asi;PARTIDO ALIANZA SOCIAL INDEPENDIENTE ASI;9
MIRAFLORES;Partido Cambio Radical;PARTIDO CAMBIO RADICAL;9
MIRAFLORES;Fabio Avdegano Sanabria Leguizamo;COLOMBIA HUMANA - UNION PATRIOTICA;7
MIRAFLORES;Vilma Yaneth Jimenez Moreno;PARTIDO COLOMBIA RENACIENTE;7
MIRAFLORES;Colombia Humana - Union Patriotica;COLOMBIA HUMANA - UNION PATRIOTICA;5
MIRAFLORES;Sandra Liseth Lopez Holguin;COLOMBIA HUMANA - UNION PATRIOTICA;5
MIRAFLORES;Leonardo Gamba Leguizamo;PARTIDO CAMBIO RADICAL;3
MONGUA;Rafael Antonio Niño Rojas;PARTIDO CONSERVADOR COLOMBIANO;169
MONGUA;Jorge Andres Merchan Granados;PARTIDO LIBERAL COLOMBIANO;165
MONGUA;Rafael Antonio Neita Chisino;PARTIDO CONSERVADOR COLOMBIANO;121
MONGUA;Carlos Andres Pinto Hernandez;PARTIDO CONSERVADOR COLOMBIANO;116
MONGUA;Juan Manuel Rojas Medina;"PARTIDO DE REIVINDICACION ETNICA ""PRE""";116
MONGUA;Samuel Sandoval Ortiz;PARTIDO LIBERAL COLOMBIANO;109
MONGUA;Jesus Antonio Manosalva Gaitan;PARTIDO CAMBIO RADICAL;105
MONGUA;Doris Yolima Acevedo Rojas;PARTIDO CAMBIO RADICAL;92
MONGUA;Jorge Alberto Saavedra Corredor;"PARTIDO DE REIVINDICACION ETNICA ""PRE""";87
MONGUA;Luis Fernando Serrano Socha;PARTIDO CENTRO DEMOCRATICO;86
MONGUA;Leonardo Alfonso Rojas Solano;PARTIDO SOCIAL DE UNIDAD NACIONAL  PARTIDO DE LA U;83
MONGUA;Sandra Ruth Corredor Gonzalez;PARTIDO ALIANZA SOCIAL INDEPENDIENTE ASI;75
MONGUA;Juan Manuel Garzon Tapias;PARTIDO ADA;67
MONGUA;Luis Hugo Corredor Salamanca;PARTIDO CENTRO DEMOCRATICO;67
MONGUA;Pedro Rubiano Talero Gonzalez;"PARTIDO DE REIVINDICACION ETNICA ""PRE""";64
MONGUA;Hector Manuel Manco Pinto;PARTIDO SOCIAL DE UNIDAD NACIONAL  PARTIDO DE LA U;63
MONGUA;Martha Ines Montañez Torres;PARTIDO CONSERVADOR COLOMBIANO;61
MONGUA;Rafael Arturo Lagos Vargas;PARTIDO ALIANZA SOCIAL INDEPENDIENTE ASI;59
MONGUA;Jose Omar Rojas Corredor;PARTIDO CONSERVADOR COLOMBIANO;54
MONGUA;Luis Alfredo Perez Curtidor;PARTIDO CAMBIO RADICAL;52
MONGUA;Orlando Enrique Pinto Salamanca;PARTIDO ALIANZA SOCIAL INDEPENDIENTE ASI;51
MONGUA;Luis Hernando Perez Silva;PARTIDO SOCIAL DE UNIDAD NACIONAL  PARTIDO DE LA U;50
MONGUA;Wilson Orlando Cardenas Nuñez;PARTIDO CAMBIO RADICAL;50
MONGUA;Sandra Patricia Niño Neita;PARTIDO CENTRO DEMOCRATICO;47
MONGUA;Eduardo Castañeda Medina;PARTIDO LIBERAL COLOMBIANO;46
MONGUA;Luis Gerardo Tapias Alvarez;PARTIDO CENTRO DEMOCRATICO;46
MONGUA;Lida Paola Rojas Corredor;"PARTIDO DE REIVINDICACION ETNICA ""PRE""";45
MONGUA;Santiago Pinto;PARTIDO CONSERVADOR COLOMBIANO;45
MONGUA;Edwin Leonardo Manosalva Torres;"PARTIDO DE REIVINDICACION ETNICA ""PRE""";44
MONGUA;Felix German Verdugo Diaz;PARTIDO ADA;44
MONGUA;Flor Angela Cristancho Vargas;PARTIDO CENTRO DEMOCRATICO;42
MONGUA;Jaime Alberto Montañez Barrera;PARTIDO ALIANZA SOCIAL INDEPENDIENTE ASI;41
MONGUA;Duvan Felipe Orjuela Rodriguez;PARTIDO LIBERAL COLOMBIANO;39
MONGUA;Nelson Preciado Aguilar;PARTIDO SOCIAL DE UNIDAD NACIONAL  PARTIDO DE LA U;39
MONGUA;Edwin Gerardo Duran Acevedo;PARTIDO CAMBIO RADICAL;38
MONGUA;Jose Ezequiel Carreño Rojas;PARTIDO LIBERAL COLOMBIANO;38
MONGUA;Adan Segundo Porras Alvarado;PARTIDO CENTRO DEMOCRATICO;36
MONGUA;Eliana Rocio Rincon Torres;PARTIDO LIBERAL COLOMBIANO;36
MONGUA;Yolanda Fonseca Alvarez;"PARTIDO DE REIVINDICACION ETNICA ""PRE""";33
MONGUA;Beiman Salamanca Rincon;PARTIDO SOCIAL DE UNIDAD NACIONAL  PARTIDO DE LA U;32
MONGUA;Jose Miguel Gutierrez Rojas;PARTIDO CAMBIO RADICAL;31
MONGUA;Miguel Antonio Perez Moreno;PARTIDO ALIANZA SOCIAL INDEPENDIENTE ASI;31
MONGUA;Miguel De Jesus Pico Suarez;PARTIDO CAMBIO RADICAL;31
MONGUA;Yamile Astrid Cardenas Pico;PARTIDO CAMBIO RADICAL;31
MONGUA;Cesar Perez Cusba;PARTIDO ALIANZA SOCIAL INDEPENDIENTE ASI;27
MONGUA;Carlos Orlando Perez Corredor;"PARTIDO DE REIVINDICACION ETNICA ""PRE""";24
MONGUA;Miriam Del Carmen Sustampira Tapias;PARTIDO CONSERVADOR COLOMBIANO;24
MONGUA;Maria Betulia Rodriguez Castro;"PARTIDO DE REIVINDICACION ETNICA ""PRE""";23
MONGUA;Yoani De Jesus Niño Niño;PARTIDO ADA;23
MONGUA;Carmen Sofia Aguilar Niño;PARTIDO ADA;21
MONGUA;Martha Isabel Sierra Prieto;PARTIDO LIBERAL COLOMBIANO;21
MONGUA;Yenni Patricia Diaz Saavedra;PARTIDO CONSERVADOR COLOMBIANO;21
MONGUA;Jose Orlando Mesa Siabato;PARTIDO SOCIAL DE UNIDAD NACIONAL  PARTIDO DE LA U;19
MONGUA;Miguel Alfonso Fonseca Medina;PARTIDO CENTRO DEMOCRATICO;17
MONGUA;Pedro Alexander Hurtado Cusba;PARTIDO ALIANZA SOCIAL INDEPENDIENTE ASI;14
MONGUA;Tania Esperanza Rojas Ardila;PARTIDO CENTRO DEMOCRATICO;13
MONGUA;Ana Delia Perez Montanez;PARTIDO SOCIAL DE UNIDAD NACIONAL  PARTIDO DE LA U;12
MONGUA;Walter Ramiro Niño Calapsu;PARTIDO ADA;12
MONGUA;Clara Yolima Salamanca Cusba;PARTIDO CAMBIO RADICAL;11
MONGUA;Claudia Patricia Verdugo Rojas;PARTIDO LIBERAL COLOMBIANO;11
MONGUA;Jesus Alberto Lozano Aguirre;PARTIDO CENTRO DEMOCRATICO;11
MONGUA;Lina Maria Vija Montañez;PARTIDO ALIANZA SOCIAL INDEPENDIENTE ASI;11
MONGUA;Partido Centro Democratico;PARTIDO CENTRO DEMOCRATICO;11
MONGUA;Rotmy Andrea Saavedra Medina;PARTIDO ADA;11
MONGUA;Carmen Amelia Tibamosca Garzon;PARTIDO LIBERAL COLOMBIANO;10
MONGUA;Rosa Elena Porras Gomez;PARTIDO CONSERVADOR COLOMBIANO;10
MONGUA;Partido Conservador Colombiano;PARTIDO CONSERVADOR COLOMBIANO;9
MONGUA;Gloria Nadith Holguin Cely;PARTIDO SOCIAL DE UNIDAD NACIONAL  PARTIDO DE LA U;7
MONGUA;Diana Yamile Cuy Lopez;"PARTIDO DE REIVINDICACION ETNICA ""PRE""";6
MONGUA;Doris Carolina Socha Salamanca;PARTIDO SOCIAL DE UNIDAD NACIONAL  PARTIDO DE LA U;6
MONGUA;Partido Cambio Radical;PARTIDO CAMBIO RADICAL;6
MONGUA;"Partido De Reivindicacion Etnica ""Pre""";"PARTIDO DE REIVINDICACION ETNICA ""PRE""";6
MONGUA;Partido Liberal Colombiano;PARTIDO LIBERAL COLOMBIANO;6
MONGUA;Partido Social De Unidad Nacional  Partido De La U;PARTIDO SOCIAL DE UNIDAD NACIONAL  PARTIDO DE LA U;3
MONGUA;Arcelia Perez Silva;PARTIDO ALIANZA SOCIAL INDEPENDIENTE ASI;2
MONGUA;Partido Ada;PARTIDO ADA;2
MONGUA;Partido Alianza Social Independiente Asi;PARTIDO ALIANZA SOCIAL INDEPENDIENTE ASI;2
MONGUI;Jose Hernando Holguin Orduz;PARTIDO CENTRO DEMOCRATICO;200
MONGUI;Hernando Moreno Merchan;PARTIDO ALIANZA SOCIAL INDEPENDIENTE ASI;173
MONGUI;Luis Eduardo Ponguta Gutierrez;PARTIDO CENTRO DEMOCRATICO;134
MONGUI;Edison Fabian Patiño Siabatto;PARTIDO POLO DEMOCRATICO ALTERNATIVO;122
MONGUI;Segundo Antonio Barrera Fonseca;PARTIDO ALIANZA SOCIAL INDEPENDIENTE ASI;116
MONGUI;Brayan Alfonso Moreno Merchan;PARTIDO CENTRO DEMOCRATICO;109
MONGUI;Milton Javier Saenz Perez;PARTIDO ALIANZA SOCIAL INDEPENDIENTE ASI;107
MONGUI;Luis Felipe Ojeda Mesa;MOVIMIENTO ALTERNATIVO INDIGENA Y SOCIAL MAIS;104
MONGUI;Pedro Alfonso Siabatto Siabatto;PARTIDO CENTRO DEMOCRATICO;102
MONGUI;Herman Jesus Campos Hernandez;PARTIDO ADA;100
MONGUI;Maria Trinidad Ceron Avella;PARTIDO ALIANZA SOCIAL INDEPENDIENTE ASI;86
MONGUI;Luis Fernando Silva Castro;PARTIDO ALIANZA VERDE;80
MONGUI;Emiliano Ladino Avella;PARTIDO ALIANZA SOCIAL INDEPENDIENTE ASI;79
MONGUI;Laudice Del Carmen Gomez Saenz;PARTIDO ALIANZA VERDE;77
MONGUI;Luz Dary Diaz Niño;PARTIDO CENTRO DEMOCRATICO;72
MONGUI;Nydia Cecilia Gomez Gutierrez;PARTIDO ALIANZA SOCIAL INDEPENDIENTE ASI;68
MONGUI;Jesica Alejandra Merchan Orduz;PARTIDO ALIANZA SOCIAL INDEPENDIENTE ASI;63
MONGUI;Nelson Hurtado Siabato;PARTIDO CENTRO DEMOCRATICO;63
MONGUI;Oscar Eugenio Merchan Ladino;MOVIMIENTO ALTERNATIVO INDIGENA Y SOCIAL MAIS;63
MONGUI;Alexander Hernandez Hurtado;PARTIDO CENTRO DEMOCRATICO;57
MONGUI;Maria Eugenia Siabato Benavides;PARTIDO CENTRO DEMOCRATICO;56
MONGUI;Reyes Gutierrez Bernal;PARTIDO CONSERVADOR COLOMBIANO;51
MONGUI;Patricia Ojeda Moreno;PARTIDO CENTRO DEMOCRATICO;49
MONGUI;Jose Luis Ladino Arguello;PARTIDO LIBERAL COLOMBIANO;48
MONGUI;Hector Mauricio Arguello Vega;PARTIDO LIBERAL COLOMBIANO;42
MONGUI;Jose Alexander Sierra Mesa;PARTIDO LIBERAL COLOMBIANO;39
MONGUI;Nelson Humberto Acevedo Hurtado;PARTIDO ALIANZA VERDE;39
MONGUI;Wilson Morales Patiño;PARTIDO LIBERAL COLOMBIANO;39
MONGUI;Maria Alicia Urrutia Vargas;PARTIDO ALIANZA VERDE;37
MONGUI;Jose Joaquin Pedraza Perez;PARTIDO ALIANZA VERDE;36
MONGUI;Jesus Maria Aguilar Barrera;PARTIDO POLO DEMOCRATICO ALTERNATIVO;34
MONGUI;Juan Sebastian Perez Dueñas;MOVIMIENTO ALTERNATIVO INDIGENA Y SOCIAL MAIS;34
MONGUI;Gonzalo Jimenez Moreno;MOVIMIENTO ALTERNATIVO INDIGENA Y SOCIAL MAIS;32
MONGUI;Ismael Chaparro Sipagauta;PARTIDO ALIANZA VERDE;31
MONGUI;Facundo Barrera Olmos;PARTIDO LIBERAL COLOMBIANO;26
MONGUI;Maria Antonia Montañez De Hernandez;PARTIDO ALIANZA SOCIAL INDEPENDIENTE ASI;26
MONGUI;Luis Alejandro Tapias Parada;PARTIDO ALIANZA VERDE;22
MONGUI;Jose De Los Angeles Alvarez Ponguta;PARTIDO POLO DEMOCRATICO ALTERNATIVO;21
MONGUI;Moises Moreno Moreno;PARTIDO ALIANZA VERDE;20
MONGUI;Juan Carlos Merchan Mesa;MOVIMIENTO ALTERNATIVO INDIGENA Y SOCIAL MAIS;19
MONGUI;Omar Campos Gaitan;PARTIDO LIBERAL COLOMBIANO;18
MONGUI;Sandra Milena Fernandez Briceño;PARTIDO SOCIAL DE UNIDAD NACIONAL  PARTIDO DE LA U;16
MONGUI;Francy Yurleny Soto Arguello;PARTIDO POLO DEMOCRATICO ALTERNATIVO;15
MONGUI;Partido Alianza Verde;PARTIDO ALIANZA VERDE;15
MONGUI;Maria Camila Cubillos Gutierrez;PARTIDO ALIANZA VERDE;14
MONGUI;Sandra Yolima Neira Zamudio;PARTIDO LIBERAL COLOMBIANO;14
MONGUI;Partido Centro Democratico;PARTIDO CENTRO DEMOCRATICO;13
MONGUI;Wilson Adrian Hurtado Dueñas;PARTIDO SOCIAL DE UNIDAD NACIONAL  PARTIDO DE LA U;13
MONGUI;Angela Yazmin Gaitan Barrera;MOVIMIENTO ALTERNATIVO INDIGENA Y SOCIAL MAIS;10
MONGUI;Yolanda Mireya Patiño Moreno;PARTIDO ALIANZA SOCIAL INDEPENDIENTE ASI;10
MONGUI;Partido Alianza Social Independiente Asi;PARTIDO ALIANZA SOCIAL INDEPENDIENTE ASI;9
MONGUI;Diana Cristina Fernandez Salcedo;PARTIDO CONSERVADOR COLOMBIANO;8
MONGUI;Miriam Mancipe Cruz;PARTIDO CONSERVADOR COLOMBIANO;8
MONGUI;Partido Liberal Colombiano;PARTIDO LIBERAL COLOMBIANO;8
MONGUI;Natalia Geraldine Soto Siabato;PARTIDO SOCIAL DE UNIDAD NACIONAL  PARTIDO DE LA U;7
MONGUI;Diego Fernando Mesa Soto;PARTIDO SOCIAL DE UNIDAD NACIONAL  PARTIDO DE LA U;6
MONGUI;Diego Fernando Pedraza Ponguta;PARTIDO SOCIAL DE UNIDAD NACIONAL  PARTIDO DE LA U;6
MONGUI;Isidro Holguin Dueñas;PARTIDO CONSERVADOR COLOMBIANO;6
MONGUI;Partido Ada;PARTIDO ADA;6
MONGUI;Teresa Ojeda Chaparro;PARTIDO SOCIAL DE UNIDAD NACIONAL  PARTIDO DE LA U;6
MONGUI;Jose Anunciacion Soto Sierra;PARTIDO POLO DEMOCRATICO ALTERNATIVO;5
MONGUI;Olga Lucia Dueñas Gomez;PARTIDO LIBERAL COLOMBIANO;5
MONGUI;Yeni Patricia Saenz Moyano;PARTIDO LIBERAL COLOMBIANO;5
MONGUI;Movimiento Alternativo Indigena Y Social Mais;MOVIMIENTO ALTERNATIVO INDIGENA Y SOCIAL MAIS;4
MONGUI;Yeimy Yulieth Caceres Alvarado;MOVIMIENTO ALTERNATIVO INDIGENA Y SOCIAL MAIS;4
MONGUI;Alba Maria Paipa Patiño;MOVIMIENTO ALTERNATIVO INDIGENA Y SOCIAL MAIS;3
MONGUI;Jorge Eliecer Moreno Tinjaca;PARTIDO SOCIAL DE UNIDAD NACIONAL  PARTIDO DE LA U;3
MONGUI;Partido Polo Democratico Alternativo;PARTIDO POLO DEMOCRATICO ALTERNATIVO;3
MONGUI;Ruth Fideligna Gomez Perez;PARTIDO ADA;3
MONGUI;Lina Natalia Acevedo Hurtado;PARTIDO POLO DEMOCRATICO ALTERNATIVO;2
MONGUI;Partido Conservador Colombiano;PARTIDO CONSERVADOR COLOMBIANO;2
MONGUI;Partido Social De Unidad Nacional  Partido De La U;PARTIDO SOCIAL DE UNIDAD NACIONAL  PARTIDO DE LA U;2
MONIQUIRA;Partido Colombia Justa Libres;PARTIDO COLOMBIA JUSTA LIBRES;389
MONIQUIRA;Carlos Mauricio Leon Jimenez;PARTIDO ALIANZA VERDE;303
MONIQUIRA;Zuly Carolina Ramirez Cepeda;PARTIDO CONSERVADOR COLOMBIANO;259
MONIQUIRA;Carlos Andres Velandia Supelano;PARTIDO LIBERAL COLOMBIANO;255
MONIQUIRA;Ramon Elias Suarez Guerrero;PARTIDO CONSERVADOR COLOMBIANO;237
MONIQUIRA;Karen Lizeth Herreño Saenz;PARTIDO CENTRO DEMOCRATICO;229
MONIQUIRA;Wilson Rubiano Beltran;PARTIDO CENTRO DEMOCRATICO;226
MONIQUIRA;Segundo Elias Puentes Beltran;PARTIDO ALIANZA VERDE;217
MONIQUIRA;John Hernando Ramirez Franco;PARTIDO SOCIAL DE UNIDAD NACIONAL  PARTIDO DE LA U;197
MONIQUIRA;Javier Andres Garcia Gutierrez;PARTIDO LIBERAL COLOMBIANO;194
MONIQUIRA;Campo Elias Amador Beltran;MOVIMIENTO ALTERNATIVO INDIGENA Y SOCIAL MAIS;192
MONIQUIRA;Alejandro Soto Zuleta;MOVIMIENTO ALTERNATIVO INDIGENA Y SOCIAL MAIS;179
MONIQUIRA;Harold Alexander Arias Gonzalez;PARTIDO CENTRO DEMOCRATICO;175
MONIQUIRA;Julian Alfonso Munevar Rocha;PARTIDO SOCIAL DE UNIDAD NACIONAL  PARTIDO DE LA U;175
MONIQUIRA;Deyanira Garavito Espinel;PARTIDO CENTRO DEMOCRATICO;174
MONIQUIRA;Carlos Eduardo Saenz Vanegas;ALIANZA POR LA MONIQUIRA QUE QUEREMOS;167
MONIQUIRA;Miguel Angel Angulo Corredor;PARTIDO CENTRO DEMOCRATICO;167
MONIQUIRA;Bercely Tipazoca Malagon;MOVIMIENTO ALTERNATIVO INDIGENA Y SOCIAL MAIS;163
MONIQUIRA;Juan Alejandro Florez Torres;PARTIDO CAMBIO RADICAL;162
MONIQUIRA;Luis Alfredo Nova Peralta;PARTIDO CENTRO DEMOCRATICO;162
MONIQUIRA;Jorge Enrique Ramirez Jimenez;PARTIDO CAMBIO RADICAL;155
MONIQUIRA;Horacio Rodriguez Quiñonez;PARTIDO LIBERAL COLOMBIANO;153
MONIQUIRA;Orlando Pinzon Ruiz;PARTIDO CONSERVADOR COLOMBIANO;146
MONIQUIRA;Fernando Porras Hurtado;"PARTIDO DE REIVINDICACION ETNICA ""PRE""";142
MONIQUIRA;Tiberio Ortiz Alvarez;PARTIDO CENTRO DEMOCRATICO;142
MONIQUIRA;Movimiento Alternativo Indigena Y Social Mais;MOVIMIENTO ALTERNATIVO INDIGENA Y SOCIAL MAIS;139
MONIQUIRA;Wilson Sosa Rozo;PARTIDO CENTRO DEMOCRATICO;138
MONIQUIRA;Omar Yecid Garces Garavito;PARTIDO CONSERVADOR COLOMBIANO;134
MONIQUIRA;Clemencia Solorzano Mayorga;MOVIMIENTO ALTERNATIVO INDIGENA Y SOCIAL MAIS;129
MONIQUIRA;Francisco Eladio Tellez Santamaria;PARTIDO LIBERAL COLOMBIANO;128
MONIQUIRA;Javier Mauricio Forero Forero;PARTIDO LIBERAL COLOMBIANO;126
MONIQUIRA;Orlay Soto Paiba;PARTIDO CONSERVADOR COLOMBIANO;126
MONIQUIRA;Jose Anceno Guerrero Avila;PARTIDO CONSERVADOR COLOMBIANO;124
MONIQUIRA;Erika Julieth Riaño Parra;MOVIMIENTO ALTERNATIVO INDIGENA Y SOCIAL MAIS;120
MONIQUIRA;John Edison Lozada Garavito;PARTIDO CAMBIO RADICAL;119
MONIQUIRA;Felipe Torres Gonzalez;PARTIDO ALIANZA SOCIAL INDEPENDIENTE ASI;117
MONIQUIRA;Luis Eduardo Beltran Corredor;PARTIDO CENTRO DEMOCRATICO;116
MONIQUIRA;Genfree Camila Pardo Palacios;"PARTIDO DE REIVINDICACION ETNICA ""PRE""";115
MONIQUIRA;Roman Alexander Suarez;PARTIDO SOCIAL DE UNIDAD NACIONAL  PARTIDO DE LA U;115
MONIQUIRA;Diana Guerrero Rubiano;PARTIDO ALIANZA VERDE;112
MONIQUIRA;Hector Fabio Rengifo Rendon;MOVIMIENTO ALTERNATIVO INDIGENA Y SOCIAL MAIS;110
MONIQUIRA;Luis Hernando Gutierrez Fajardo;MOVIMIENTO ALTERNATIVO INDIGENA Y SOCIAL MAIS;110
MONIQUIRA;Carmen Pureza Quiroga Romero;PARTIDO ALIANZA VERDE;109
MONIQUIRA;Belin Olimpo Suarez Gonzalez;ALIANZA POR LA MONIQUIRA QUE QUEREMOS;104
MONIQUIRA;Partido Alianza Verde;PARTIDO ALIANZA VERDE;91
MONIQUIRA;Pedro Felipe Orjuela Benavides;PARTIDO ALIANZA VERDE;91
MONIQUIRA;Maria Nelcy Cardenas Fuquene;MOVIMIENTO ALTERNATIVO INDIGENA Y SOCIAL MAIS;89
MONIQUIRA;Manuel Antonio Fonseca Salamanca;ALIANZA POR LA MONIQUIRA QUE QUEREMOS;86
MONIQUIRA;Myriam Yolanda Diaz Diaz;PARTIDO CONSERVADOR COLOMBIANO;86
MONIQUIRA;Herlinda Ruge Villamil;PARTIDO SOCIAL DE UNIDAD NACIONAL  PARTIDO DE LA U;84
MONIQUIRA;Libardo Bernal Castro;PARTIDO ALIANZA VERDE;82
MONIQUIRA;Isidro Camacho Suarez;PARTIDO CONSERVADOR COLOMBIANO;81
MONIQUIRA;Nelson Saenz Buitrago;PARTIDO SOCIAL DE UNIDAD NACIONAL  PARTIDO DE LA U;81
MONIQUIRA;Aristobulo Mayorga Castro;PARTIDO CAMBIO RADICAL;79
MONIQUIRA;Ruffo Aldemar Lopez Buitrago;PARTIDO CAMBIO RADICAL;78
MONIQUIRA;Vitalin Zaire Acevedo Jerez;PARTIDO ALIANZA VERDE;78
MONIQUIRA;Nelson Javier Suarez Saiz;PARTIDO CAMBIO RADICAL;77
MONIQUIRA;Anayive Guerrero Suarez;PARTIDO ALIANZA SOCIAL INDEPENDIENTE ASI;75
MONIQUIRA;Gonzalo Cadena Gutierrez;PARTIDO CAMBIO RADICAL;73
MONIQUIRA;Jeffer Rolando Mateus Salas;MOVIMIENTO ALTERNATIVO INDIGENA Y SOCIAL MAIS;73
MONIQUIRA;Deisy Yesmith Leon Castillo;PARTIDO LIBERAL COLOMBIANO;71
MONIQUIRA;Gil Maria Pinzon Pinzon;PARTIDO LIBERAL COLOMBIANO;71
MONIQUIRA;Fabio Roberto Acuña Sanchez;PARTIDO CENTRO DEMOCRATICO;70
MONIQUIRA;Luis Alberto Saenz Leguizamon;PARTIDO SOCIAL DE UNIDAD NACIONAL  PARTIDO DE LA U;69
MONIQUIRA;Partido Centro Democratico;PARTIDO CENTRO DEMOCRATICO;67
MONIQUIRA;Maria Nidia Garces Rios;MOVIMIENTO ALTERNATIVO INDIGENA Y SOCIAL MAIS;65
MONIQUIRA;Uriel Franco Villamil;PARTIDO CONSERVADOR COLOMBIANO;65
MONIQUIRA;Hugo Santamaria Buitrago;PARTIDO CAMBIO RADICAL;64
MONIQUIRA;Juan De Jesus Guerra Moreno;PARTIDO LIBERAL COLOMBIANO;64
MONIQUIRA;Edgar Leon Fuentes;ALIANZA POR LA MONIQUIRA QUE QUEREMOS;63
MONIQUIRA;Miryam Latorre De Florez;PARTIDO ALIANZA SOCIAL INDEPENDIENTE ASI;62
MONIQUIRA;Alberto Rodriguez Buitrago;PARTIDO SOCIAL DE UNIDAD NACIONAL  PARTIDO DE LA U;61
MONIQUIRA;Betsabe Gamboa Martinez;PARTIDO CENTRO DEMOCRATICO;59
MONIQUIRA;Gerardo Nicolas Pinzon Ramirez;PARTIDO CONSERVADOR COLOMBIANO;59
MONIQUIRA;Partido Liberal Colombiano;PARTIDO LIBERAL COLOMBIANO;59
MONIQUIRA;Yamith Gustavo Mora Ruiz;PARTIDO SOCIAL DE UNIDAD NACIONAL  PARTIDO DE LA U;58
MONIQUIRA;Diana Paola Guatibonza Castro;PARTIDO SOCIAL DE UNIDAD NACIONAL  PARTIDO DE LA U;55
MONIQUIRA;Carlos Javier Ariza Chinome;PARTIDO ALIANZA VERDE;53
MONIQUIRA;Marco Lino Garcia Garcia;PARTIDO SOCIAL DE UNIDAD NACIONAL  PARTIDO DE LA U;53
MONIQUIRA;Monica Yanneth Mora;"PARTIDO DE REIVINDICACION ETNICA ""PRE""";53
MONIQUIRA;Segundo Esteban Pereira;"PARTIDO DE REIVINDICACION ETNICA ""PRE""";52
MONIQUIRA;Genny Paola Salazar Avila;PARTIDO SOCIAL DE UNIDAD NACIONAL  PARTIDO DE LA U;45
MONIQUIRA;Luz Mery Lopez De Torres;PARTIDO CONSERVADOR COLOMBIANO;42
MONIQUIRA;Marisol Contreras Silva;PARTIDO ALIANZA VERDE;42
MONIQUIRA;Melba Marina Sanchez Rodriguez;PARTIDO ALIANZA VERDE;41
MONIQUIRA;Jenny Carolina Cristancho Chaparro;PARTIDO CAMBIO RADICAL;40
MONIQUIRA;Jose Henry Gonzalez Camacho;"PARTIDO DE REIVINDICACION ETNICA ""PRE""";40
MONIQUIRA;Monica Andrea Plazas Camacho;PARTIDO LIBERAL COLOMBIANO;40
MONIQUIRA;Yendy Coy Perez;PARTIDO LIBERAL COLOMBIANO;40
MONIQUIRA;Yorleni Monsalve Robayo;PARTIDO LIBERAL COLOMBIANO;40
MONIQUIRA;Lizzeth Juliana Quiroga Velasquez;PARTIDO ALIANZA SOCIAL INDEPENDIENTE ASI;38
MONIQUIRA;Partido Conservador Colombiano;PARTIDO CONSERVADOR COLOMBIANO;37
MONIQUIRA;Partido Social De Unidad Nacional  Partido De La U;PARTIDO SOCIAL DE UNIDAD NACIONAL  PARTIDO DE LA U;37
MONIQUIRA;Partido Cambio Radical;PARTIDO CAMBIO RADICAL;35
MONIQUIRA;Andres Camilo Monroy Saavedra;"PARTIDO DE REIVINDICACION ETNICA ""PRE""";33
MONIQUIRA;Genny Lizeth Espinosa Saenz;MOVIMIENTO ALTERNATIVO INDIGENA Y SOCIAL MAIS;33
MONIQUIRA;Sandra Paola Camacho Peña;PARTIDO CONSERVADOR COLOMBIANO;33
MONIQUIRA;Alba Yaneth Saenz Forero;PARTIDO CENTRO DEMOCRATICO;31
MONIQUIRA;Brayam Andres Perez Lara;"PARTIDO DE REIVINDICACION ETNICA ""PRE""";30
MONIQUIRA;Deisy Rivera Rueda;PARTIDO CAMBIO RADICAL;30
MONIQUIRA;Pedro Pablo Abril Sanchez;PARTIDO ALIANZA SOCIAL INDEPENDIENTE ASI;29
MONIQUIRA;Diana Maria Motta Pinzon;PARTIDO CENTRO DEMOCRATICO;28
MONIQUIRA;Jorge Santamaria Villamil;PARTIDO LIBERAL COLOMBIANO;26
MONIQUIRA;Blanca Estrella Bautista Torres;PARTIDO CAMBIO RADICAL;25
MONIQUIRA;Carlos Andres Solorzano Ramirez;"PARTIDO DE REIVINDICACION ETNICA ""PRE""";24
MONIQUIRA;Marisol Duran Palomino;PARTIDO ALIANZA VERDE;23
MONIQUIRA;"Partido De Reivindicacion Etnica ""Pre""";"PARTIDO DE REIVINDICACION ETNICA ""PRE""";23
MONIQUIRA;Luz Dary Castellanos Ortiz;ALIANZA POR LA MONIQUIRA QUE QUEREMOS;22
MONIQUIRA;Abel Ariza Angulo;PARTIDO LIBERAL COLOMBIANO;20
MONIQUIRA;Jose Wilson Piza Hamon;MOVIMIENTO ALTERNATIVO INDIGENA Y SOCIAL MAIS;20
MONIQUIRA;Luis Mario Pineda Peralta;"PARTIDO DE REIVINDICACION ETNICA ""PRE""";20
MONIQUIRA;Martha Helena Fajardo Malagon;ALIANZA POR LA MONIQUIRA QUE QUEREMOS;20
MONIQUIRA;Mauricio Patiño Zorro;"PARTIDO DE REIVINDICACION ETNICA ""PRE""";20
MONIQUIRA;Yon Sebastian Cubides Rodriguez;PARTIDO ALIANZA VERDE;20
MONIQUIRA;Ana Victoria Saenz Pinzon;PARTIDO ALIANZA SOCIAL INDEPENDIENTE ASI;19
MONIQUIRA;Alianza Por La Moniquira Que Queremos;ALIANZA POR LA MONIQUIRA QUE QUEREMOS;18
MONIQUIRA;David Santiago Angarita Mojica;"PARTIDO DE REIVINDICACION ETNICA ""PRE""";18
MONIQUIRA;Cesar Augusto Ulloa Buitrago;PARTIDO SOCIAL DE UNIDAD NACIONAL  PARTIDO DE LA U;17
MONIQUIRA;Diana Carolina Pulgarin Coy;PARTIDO SOCIAL DE UNIDAD NACIONAL  PARTIDO DE LA U;17
MONIQUIRA;Ana Katherinne Vela Beltran;"PARTIDO DE REIVINDICACION ETNICA ""PRE""";15
MONIQUIRA;Luz Marina Guerrero Martinez;ALIANZA POR LA MONIQUIRA QUE QUEREMOS;15
MONIQUIRA;Maycon Smith Guerrero Suarez;PARTIDO ALIANZA SOCIAL INDEPENDIENTE ASI;15
MONIQUIRA;Angel Isidro Gutierrez Guerrero;PARTIDO CONSERVADOR COLOMBIANO;14
MONIQUIRA;Edwin Fernando Diagama Bautista;ALIANZA POR LA MONIQUIRA QUE QUEREMOS;13
MONIQUIRA;Hermes Garcia Varela;ALIANZA POR LA MONIQUIRA QUE QUEREMOS;12
MONIQUIRA;Luis Eduin Gamboa Ortiz;PARTIDO ALIANZA VERDE;12
MONIQUIRA;Dayanne Narciso Urazan;PARTIDO CAMBIO RADICAL;11
MONIQUIRA;Partido Alianza Social Independiente Asi;PARTIDO ALIANZA SOCIAL INDEPENDIENTE ASI;11
MONIQUIRA;James Ibañez Hernandez;ALIANZA POR LA MONIQUIRA QUE QUEREMOS;10
MONIQUIRA;Sebastian Yahir Gonzalez Castañeda;PARTIDO ALIANZA SOCIAL INDEPENDIENTE ASI;7
MONIQUIRA;Maria Teresa Rojas;"PARTIDO DE REIVINDICACION ETNICA ""PRE""";4
MOTAVITA;William Humberto Amado Rivera;PARTIDO POLO DEMOCRATICO ALTERNATIVO;177
MOTAVITA;Wilder Fabian Quintero Galeano;PARTIDO CENTRO DEMOCRATICO;161
MOTAVITA;Will Fredy Rojas Motivar;PARTIDO CAMBIO RADICAL;156
MOTAVITA;Wilson Javier Rojas Pulido;PARTIDO SOCIAL DE UNIDAD NACIONAL  PARTIDO DE LA U;146
MOTAVITA;William Fernando Fonseca Garcia;PARTIDO COLOMBIA RENACIENTE;138
MOTAVITA;Hugo Heli Suarez Quintero;PARTIDO LIBERAL COLOMBIANO;131
MOTAVITA;Daniel Felipe Mosso Coy;PARTIDO LIBERAL COLOMBIANO;130
MOTAVITA;Pablo Enrique Molina;PARTIDO CENTRO DEMOCRATICO;127
MOTAVITA;Adriano Rivera Molina;PARTIDO SOCIAL DE UNIDAD NACIONAL  PARTIDO DE LA U;113
MOTAVITA;Jesus Maria Fuya Mozo;PARTIDO CENTRO DEMOCRATICO;112
MOTAVITA;Omar Augusto Vargas Molina;PARTIDO ALIANZA VERDE;108
MOTAVITA;Pablo Leon Molina Suarez;COLOMBIA HUMANA - UNION PATRIOTICA;103
MOTAVITA;Omar Quintero Monroy;PARTIDO CAMBIO RADICAL;101
MOTAVITA;Angela Victoria Molina Fonseca;PARTIDO SOCIAL DE UNIDAD NACIONAL  PARTIDO DE LA U;100
MOTAVITA;Rodulfo Antonio Mozo Echeverria;PARTIDO LIBERAL COLOMBIANO;100
MOTAVITA;Jorge Leonardo Roberto Echeverria;MOVIMIENTO ALTERNATIVO INDIGENA Y SOCIAL MAIS;96
MOTAVITA;Carlos Antonio Suarez Gil;PARTIDO SOCIAL DE UNIDAD NACIONAL  PARTIDO DE LA U;94
MOTAVITA;Jaime Alberto Molina Rodriguez;PARTIDO ALIANZA VERDE;94
MOTAVITA;Plutarco Molina Molina;PARTIDO POLO DEMOCRATICO ALTERNATIVO;92
MOTAVITA;Nairo Hernando Mozo Lopez;PARTIDO CAMBIO RADICAL;90
MOTAVITA;Praxedes Gonzalez Arcos;PARTIDO COLOMBIA RENACIENTE;89
MOTAVITA;Victor Jaime Alvarado Echeverria;PARTIDO SOCIAL DE UNIDAD NACIONAL  PARTIDO DE LA U;86
MOTAVITA;Humberto Alvarado Reyes;COLOMBIA HUMANA - UNION PATRIOTICA;83
MOTAVITA;Erika Juliana Corredor Hernandez;PARTIDO ALIANZA SOCIAL INDEPENDIENTE ASI;77
MOTAVITA;Jesus Hernan Sandoval Torres;PARTIDO LIBERAL COLOMBIANO;76
MOTAVITA;Cesar Moreno Coronel;PARTIDO CENTRO DEMOCRATICO;70
MOTAVITA;Manuel Alberto Echeverria Pulido;PARTIDO ALIANZA SOCIAL INDEPENDIENTE ASI;66
MOTAVITA;Publio Enrique Cruz Aguilar;PARTIDO CAMBIO RADICAL;63
MOTAVITA;Ausberto Rodriguez;PARTIDO LIBERAL COLOMBIANO;60
MOTAVITA;Jairo Suarez Rivera;PARTIDO ALIANZA VERDE;59
MOTAVITA;Nairo Jose Malaver Suarez;MOVIMIENTO ALTERNATIVO INDIGENA Y SOCIAL MAIS;58
MOTAVITA;Javier Hernan Pacheco Munevar;PARTIDO SOCIAL DE UNIDAD NACIONAL  PARTIDO DE LA U;56
MOTAVITA;Ana Lorena Lopez Barragan;PARTIDO ALIANZA VERDE;54
MOTAVITA;Ildo Alfonso Arcos Garcia;PARTIDO CAMBIO RADICAL;53
MOTAVITA;Alfonso Sierra Reyes;PARTIDO COLOMBIA RENACIENTE;50
MOTAVITA;Ferney Alberto Cetina Molina;PARTIDO ALIANZA VERDE;50
MOTAVITA;Maria Consuelo Quintero Reyes;MOVIMIENTO ALTERNATIVO INDIGENA Y SOCIAL MAIS;38
MOTAVITA;Jose Fidel Amado Suarez;PARTIDO POLO DEMOCRATICO ALTERNATIVO;37
MOTAVITA;Milton Andres Garcia Fuya;PARTIDO SOCIAL DE UNIDAD NACIONAL  PARTIDO DE LA U;37
MOTAVITA;Leonel Cative Garcia;PARTIDO ALIANZA SOCIAL INDEPENDIENTE ASI;36
MOTAVITA;Daliz Liliana Rojas Lopez;MOVIMIENTO ALTERNATIVO INDIGENA Y SOCIAL MAIS;35
MOTAVITA;Angela Yiceth Suarez Torres;PARTIDO LIBERAL COLOMBIANO;34
MOTAVITA;Yedir Alexander Rivera Vargas;PARTIDO LIBERAL COLOMBIANO;33
MOTAVITA;Cristian Antonio Fuerte Cubides;PARTIDO COLOMBIA RENACIENTE;32
MOTAVITA;Gloria Esperanza Suarez Piratoba;PARTIDO ALIANZA VERDE;30
MOTAVITA;Librado Sierra Bolivar;PARTIDO ALIANZA VERDE;30
MOTAVITA;Manuel Antonio Quintero Suarez;PARTIDO COLOMBIA RENACIENTE;30
MOTAVITA;Jhonathan Andres Carrillo Parra;MOVIMIENTO ALTERNATIVO INDIGENA Y SOCIAL MAIS;29
MOTAVITA;Maria Ilba Garcia Vega;PARTIDO COLOMBIA RENACIENTE;29
MOTAVITA;Alex Fernando Burgos Cative;PARTIDO ALIANZA VERDE;24
MOTAVITA;Edwin Ricardo Buitrago Torres;COLOMBIA HUMANA - UNION PATRIOTICA;23
MOTAVITA;Ginna Andrea Lopez Hurtado;PARTIDO ALIANZA SOCIAL INDEPENDIENTE ASI;20
MOTAVITA;Isabel Cristina Lopez Lopez;PARTIDO COLOMBIA RENACIENTE;20
MOTAVITA;Yesica Paola Garcia Alvarado;PARTIDO CAMBIO RADICAL;20
MOTAVITA;Movimiento Alternativo Indigena Y Social Mais;MOVIMIENTO ALTERNATIVO INDIGENA Y SOCIAL MAIS;18
MOTAVITA;Partido Liberal Colombiano;PARTIDO LIBERAL COLOMBIANO;18
MOTAVITA;Jose Pascual Molina Molina;COLOMBIA HUMANA - UNION PATRIOTICA;17
MOTAVITA;Pedro Antonio Pacheco Cely;PARTIDO CENTRO DEMOCRATICO;17
MOTAVITA;Clementina Hernandez Molina;PARTIDO POLO DEMOCRATICO ALTERNATIVO;16
MOTAVITA;Jose Leonardo Lopez Barajas;MOVIMIENTO ALTERNATIVO INDIGENA Y SOCIAL MAIS;16
MOTAVITA;Lina Mayerly Reyes Gonzalez;PARTIDO LIBERAL COLOMBIANO;13
MOTAVITA;Partido Alianza Verde;PARTIDO ALIANZA VERDE;13
MOTAVITA;Hernan Alvarado Suarez;PARTIDO CAMBIO RADICAL;11
MOTAVITA;Partido Cambio Radical;PARTIDO CAMBIO RADICAL;11
MOTAVITA;Ana Elsa Quintero Lopez;PARTIDO CAMBIO RADICAL;10
MOTAVITA;Deicy Patricia Ferro Cative;MOVIMIENTO ALTERNATIVO INDIGENA Y SOCIAL MAIS;10
MOTAVITA;Diela Rubio Garcia;COLOMBIA HUMANA - UNION PATRIOTICA;10
MOTAVITA;Jorge Eli Lopez;MOVIMIENTO ALTERNATIVO INDIGENA Y SOCIAL MAIS;10
MOTAVITA;Julian David Tocarruncho Garcia;PARTIDO ALIANZA SOCIAL INDEPENDIENTE ASI;10
MOTAVITA;Nelson Enrique Rojas Parra;PARTIDO POLO DEMOCRATICO ALTERNATIVO;10
MOTAVITA;Oscar Siervo Pacheco Delgado;PARTIDO COLOMBIA RENACIENTE;10
MOTAVITA;Partido Centro Democratico;PARTIDO CENTRO DEMOCRATICO;10
MOTAVITA;Partido Social De Unidad Nacional  Partido De La U;PARTIDO SOCIAL DE UNIDAD NACIONAL  PARTIDO DE LA U;10
MOTAVITA;Marisol Maria Garcia Garay;PARTIDO CENTRO DEMOCRATICO;9
MOTAVITA;Deicy Viviana Rincon Jimenez;PARTIDO CENTRO DEMOCRATICO;8
MOTAVITA;Monica Lorena Rojas Niño;PARTIDO LIBERAL COLOMBIANO;8
MOTAVITA;Karen Milena Hurtado Hurtado;PARTIDO POLO DEMOCRATICO ALTERNATIVO;7
MOTAVITA;Gina Solanye Villarreal Rojas;PARTIDO CENTRO DEMOCRATICO;6
MOTAVITA;Miryam Hurtado Cative;PARTIDO COLOMBIA RENACIENTE;6
MOTAVITA;Carmen Rosa Perez Galvis;PARTIDO ALIANZA VERDE;5
MOTAVITA;Partido Colombia Renaciente;PARTIDO COLOMBIA RENACIENTE;5
MOTAVITA;John Fredy Quintero Lopez;PARTIDO ALIANZA SOCIAL INDEPENDIENTE ASI;4
MOTAVITA;Julieth Katherine Garcia Gamba;PARTIDO SOCIAL DE UNIDAD NACIONAL  PARTIDO DE LA U;4
MOTAVITA;Partido Alianza Social Independiente Asi;PARTIDO ALIANZA SOCIAL INDEPENDIENTE ASI;4
MOTAVITA;Colombia Humana - Union Patriotica;COLOMBIA HUMANA - UNION PATRIOTICA;3
MOTAVITA;Partido Polo Democratico Alternativo;PARTIDO POLO DEMOCRATICO ALTERNATIVO;3
MOTAVITA;Diana Carolina Reyes Rojas;PARTIDO CAMBIO RADICAL;2
MOTAVITA;Lady Nataly Monroy Torres;PARTIDO SOCIAL DE UNIDAD NACIONAL  PARTIDO DE LA U;2
MOTAVITA;Yolima Andrea Alvarado Quintero;PARTIDO ALIANZA SOCIAL INDEPENDIENTE ASI;2
MOTAVITA;Alvaro Andres Rubio Alba;PARTIDO ALIANZA SOCIAL INDEPENDIENTE ASI;1
MOTAVITA;Daicy Ximena Hurtado Hurtado;COLOMBIA HUMANA - UNION PATRIOTICA;1
MUZO;Mario Nel Gonzalez Pachon;PARTIDO CONSERVADOR COLOMBIANO;307
MUZO;Diego Enrique Ahumada Chacon;PARTIDO CAMBIO RADICAL;294
MUZO;Luis Fernando Diaz Rodriguez;PARTIDO CONSERVADOR COLOMBIANO;292
MUZO;Uriel Ferney Mahecha Castillo;PARTIDO SOCIAL DE UNIDAD NACIONAL  PARTIDO DE LA U;269
MUZO;Yeison Ermides Mahecha Carvajal;PARTIDO SOCIAL DE UNIDAD NACIONAL  PARTIDO DE LA U;246
MUZO;Gonzalo Benitez Castillo;PARTIDO CONSERVADOR COLOMBIANO;236
MUZO;Partido Colombia Justa Libres;PARTIDO COLOMBIA JUSTA LIBRES;226
MUZO;Aubin Cañon Torres;PARTIDO ALIANZA VERDE;204
MUZO;Jose Vicente Mahecha Marcelo;PARTIDO CONSERVADOR COLOMBIANO;195
MUZO;Jose Leonardo Martinez Sanchez;PARTIDO CENTRO DEMOCRATICO;192
MUZO;German Bolañoz Rodriguez;PARTIDO SOCIAL DE UNIDAD NACIONAL  PARTIDO DE LA U;170
MUZO;Jose Gildardo Calvo Carrillo;PARTIDO CENTRO DEMOCRATICO;154
MUZO;Aleida Yohana Guerrero Buitrago;PARTIDO CONSERVADOR COLOMBIANO;149
MUZO;Jerson Alonso Peña Pachon;PARTIDO CAMBIO RADICAL;148
MUZO;Zenon Mariano Araque Mahecha;PARTIDO CONSERVADOR COLOMBIANO;138
MUZO;Danilo Rodriguez Alarcon;PARTIDO CONSERVADOR COLOMBIANO;102
MUZO;Niny Johana Ruiz Rivera;PARTIDO SOCIAL DE UNIDAD NACIONAL  PARTIDO DE LA U;96
MUZO;Noel Pioquinto Ramirez Escarraga;PARTIDO ALIANZA VERDE;85
MUZO;Juan Manuel Cañon Redondo;PARTIDO CAMBIO RADICAL;84
MUZO;Omar Mauricio Gutierrez Gonzalez;PARTIDO CAMBIO RADICAL;74
MUZO;Cesar Stiven Suavita Patacon;PARTIDO ALIANZA VERDE;62
MUZO;Miller Daniel Suavita Cordoba;PARTIDO SOCIAL DE UNIDAD NACIONAL  PARTIDO DE LA U;55
MUZO;Partido Conservador Colombiano;PARTIDO CONSERVADOR COLOMBIANO;55
MUZO;William Alfonso Nandar Mendieta;PARTIDO CONSERVADOR COLOMBIANO;55
MUZO;Jose Reinaldo Campos Lara;PARTIDO ALIANZA VERDE;54
MUZO;Orosman Sanchez Santana;PARTIDO ALIANZA VERDE;46
MUZO;Jeider Alexander Ladino Soloza;PARTIDO ALIANZA VERDE;45
MUZO;Israel Leon Sanchez;PARTIDO CAMBIO RADICAL;43
MUZO;Leydi Dayana Castro Pinilla;MOVIMIENTO ALTERNATIVO INDIGENA Y SOCIAL MAIS;43
MUZO;Maria Claire Riveros Aldana;PARTIDO CONSERVADOR COLOMBIANO;34
MUZO;Yaneth Gomez Ramirez;PARTIDO CONSERVADOR COLOMBIANO;33
MUZO;Andres Orlando Porras Hernandez;PARTIDO CENTRO DEMOCRATICO;30
MUZO;Yesica Lorena Pulga Pulido;PARTIDO CENTRO DEMOCRATICO;29
MUZO;Bertha Yaqueline Maldonado Briceño;PARTIDO CONSERVADOR COLOMBIANO;28
MUZO;Rodrigo Ballesteros Martinez;PARTIDO ALIANZA SOCIAL INDEPENDIENTE ASI;28
MUZO;Segundo Saul Villamil Monroy;MOVIMIENTO ALTERNATIVO INDIGENA Y SOCIAL MAIS;28
MUZO;Ana Elvia Arevalo Ortiz;MOVIMIENTO ALTERNATIVO INDIGENA Y SOCIAL MAIS;26
MUZO;Luis Alberto Galicia Rodriguez;PARTIDO SOCIAL DE UNIDAD NACIONAL  PARTIDO DE LA U;26
MUZO;Luz Maritza Ahumada Montano;MOVIMIENTO ALTERNATIVO INDIGENA Y SOCIAL MAIS;25
MUZO;Jose Epifanio Tunjano Reyes;PARTIDO CAMBIO RADICAL;23
MUZO;Partido Alianza Verde;PARTIDO ALIANZA VERDE;23
MUZO;Sein Alonso Peñuela Pedraza;MOVIMIENTO ALTERNATIVO INDIGENA Y SOCIAL MAIS;23
MUZO;Movimiento Alternativo Indigena Y Social Mais;MOVIMIENTO ALTERNATIVO INDIGENA Y SOCIAL MAIS;21
MUZO;Lisbeth Diaz Quiacha;PARTIDO CENTRO DEMOCRATICO;20
MUZO;Partido Centro Democratico;PARTIDO CENTRO DEMOCRATICO;20
MUZO;Partido Social De Unidad Nacional  Partido De La U;PARTIDO SOCIAL DE UNIDAD NACIONAL  PARTIDO DE LA U;19
MUZO;Manuel Enrique Rodriguez Marquez;MOVIMIENTO ALTERNATIVO INDIGENA Y SOCIAL MAIS;18
MUZO;Partido Cambio Radical;PARTIDO CAMBIO RADICAL;16
MUZO;Sandra Liliana Estrada Otalora;PARTIDO CAMBIO RADICAL;16
MUZO;Fredy Alejandro Duran Pachon;PARTIDO SOCIAL DE UNIDAD NACIONAL  PARTIDO DE LA U;14
MUZO;Jeison Jair Pinilla Ortiz;PARTIDO ALIANZA SOCIAL INDEPENDIENTE ASI;14
MUZO;John Jaiver Jaramillo Ospina;PARTIDO CENTRO DEMOCRATICO;14
MUZO;Clara Ines Sanchez Orjuela;PARTIDO SOCIAL DE UNIDAD NACIONAL  PARTIDO DE LA U;11
MUZO;Luz Mery Rodriguez Bustos;PARTIDO SOCIAL DE UNIDAD NACIONAL  PARTIDO DE LA U;11
MUZO;Yinny Paola Polo Gaitan;PARTIDO ALIANZA VERDE;10
MUZO;Jose Stiven Ariza Suarez;PARTIDO ALIANZA SOCIAL INDEPENDIENTE ASI;9
MUZO;Yesly Camila Gaitan Achury;PARTIDO ALIANZA VERDE;9
MUZO;Dina Libey Escarraga Forero;PARTIDO CAMBIO RADICAL;8
MUZO;Yeison Fabian Melo Solano;MOVIMIENTO ALTERNATIVO INDIGENA Y SOCIAL MAIS;8
MUZO;Herminda Medina Rodriguez;PARTIDO ALIANZA SOCIAL INDEPENDIENTE ASI;6
MUZO;Shirley Yohana Umaña Ovalle;PARTIDO ALIANZA VERDE;6
MUZO;Ramiro Culma Rada;MOVIMIENTO ALTERNATIVO INDIGENA Y SOCIAL MAIS;5
MUZO;Partido Alianza Social Independiente Asi;PARTIDO ALIANZA SOCIAL INDEPENDIENTE ASI;4
MUZO;Yudi Paola Muñoz Rodriguez;PARTIDO ALIANZA SOCIAL INDEPENDIENTE ASI;4
MUZO;Blanca Lucila Ladino Caicedo;PARTIDO CAMBIO RADICAL;2
MUZO;Diana Marcela Reyes Alvarez;PARTIDO CAMBIO RADICAL;2
MUZO;Ilda Armero Suavita;PARTIDO ALIANZA VERDE;2
NOBSA;Maria Teresa Acevedo Cristancho;PARTIDO ALIANZA VERDE;512
NOBSA;Gerardo Andres Acevedo Gonzalez;COLOMBIA HUMANA - UNION PATRIOTICA;395
NOBSA;Leonidas Salcedo Herrera;MOVIMIENTO AUTORIDADES INDIGENAS DE COLOMBIA AICO;374
NOBSA;German Rincon Fonseca;PARTIDO CAMBIO RADICAL;313
NOBSA;Cesar Ivan Cely Ortiz;PARTIDO ALIANZA VERDE;298
NOBSA;Diego Andres Siachoque Saavedra;MOVIMIENTO AUTORIDADES INDIGENAS DE COLOMBIA AICO;277
NOBSA;Willian Martinez Acevedo;PARTIDO CONSERVADOR COLOMBIANO;274
NOBSA;Carlos Andres Guauque Guiza;PARTIDO LIBERAL COLOMBIANO;263
NOBSA;Omar Fernando Engativa Neita;PARTIDO CONSERVADOR COLOMBIANO;246
NOBSA;Jose Miguel Hernandez Gomez;PARTIDO ALIANZA VERDE;221
NOBSA;Jose Antonio Gonzalez Faracica;PARTIDO ALIANZA SOCIAL INDEPENDIENTE ASI;214
NOBSA;Oscar Ivan Cardenas Contreras;COLOMBIA HUMANA - UNION PATRIOTICA;210
NOBSA;Diana Paola Peña Viancha;PARTIDO ALIANZA VERDE;200
NOBSA;Jaime Enrique Cañas Velandia;PARTIDO LIBERAL COLOMBIANO;192
NOBSA;Henry Alberto Barragan Alfonso;PARTIDO LIBERAL COLOMBIANO;172
NOBSA;Julio Cesar Tristancho Molano;MOVIMIENTO AUTORIDADES INDIGENAS DE COLOMBIA AICO;172
NOBSA;Jorge Leonardo Holguin Maldonado;COLOMBIA HUMANA - UNION PATRIOTICA;163
NOBSA;Diego Alejandro Aguilar Barragan;PARTIDO ALIANZA VERDE;154
NOBSA;Dora Yaneth Rincon Gonzalez;PARTIDO ADA;149
NOBSA;Edilberto Cubides Hernandez;PARTIDO ALIANZA VERDE;149
NOBSA;Juan Gabriel Montaña Acuña;PARTIDO ALIANZA VERDE;143
NOBSA;Juan Jose Uscategui Montañez;MOVIMIENTO AUTORIDADES INDIGENAS DE COLOMBIA AICO;137
NOBSA;Rodulfo Ballesteros Alarcon;COLOMBIA HUMANA - UNION PATRIOTICA;129
NOBSA;Elda Jimena Leon Rojas;PARTIDO LIBERAL COLOMBIANO;126
NOBSA;Wilson Fernando Triana Moreno;MOVIMIENTO SOCIAL CIVICO Y DEPORTIVO #SOMOS NOBSA;120
NOBSA;Adan Guerrero Paez;PARTIDO CAMBIO RADICAL;119
NOBSA;Cesar Augusto Dueñas Baron;PARTIDO ALIANZA SOCIAL INDEPENDIENTE ASI;115
NOBSA;Rosendo Hernandez Torres;PARTIDO LIBERAL COLOMBIANO;112
NOBSA;Elber Gustavo Lopez Beltran;PARTIDO CAMBIO RADICAL;104
NOBSA;Jaime Alberto Plazas Morales;MOVIMIENTO SOCIAL CIVICO Y DEPORTIVO #SOMOS NOBSA;102
NOBSA;Miguel Angel Viancha Valderrama;MOVIMIENTO SOCIAL CIVICO Y DEPORTIVO #SOMOS NOBSA;101
NOBSA;Leonel Alberto Martinez Lopez;PARTIDO CONSERVADOR COLOMBIANO;97
NOBSA;Diego Sergei Romero Salcedo;PARTIDO ADA;91
NOBSA;Rigoberto Quijano Cabrera;PARTIDO SOCIAL DE UNIDAD NACIONAL  PARTIDO DE LA U;91
NOBSA;Rene Gonzalez Baron;PARTIDO COLOMBIA RENACIENTE;79
NOBSA;Vilma Yasmin Tobo Fajardo;MOVIMIENTO AUTORIDADES INDIGENAS DE COLOMBIA AICO;77
NOBSA;Jesid Domingo Martinez Moreno;PARTIDO SOCIAL DE UNIDAD NACIONAL  PARTIDO DE LA U;76
NOBSA;Juan Camilo Vija Guarin;PARTIDO ALIANZA SOCIAL INDEPENDIENTE ASI;76
NOBSA;Diego Alberto Acevedo Monroy;COLOMBIA HUMANA - UNION PATRIOTICA;72
NOBSA;Giovani Alexis Romero Rincon;PARTIDO ADA;71
NOBSA;Luis Alejandro Guio;PARTIDO CAMBIO RADICAL;69
NOBSA;Carlos Edilson Montoya Albarracin;PARTIDO CAMBIO RADICAL;65
NOBSA;Martha Yaneth Torres Joya;MOVIMIENTO SOCIAL CIVICO Y DEPORTIVO #SOMOS NOBSA;61
NOBSA;Hector Arley Barrera Montaña;PARTIDO ADA;60
NOBSA;Jaime Andres Ladino Pedraza;PARTIDO ALIANZA VERDE;60
NOBSA;Partido Alianza Verde;PARTIDO ALIANZA VERDE;60
NOBSA;Robert Edison Alfonso Velasco;PARTIDO SOCIAL DE UNIDAD NACIONAL  PARTIDO DE LA U;59
NOBSA;Flor Alba Barreto Alfonso;MOVIMIENTO SOCIAL CIVICO Y DEPORTIVO #SOMOS NOBSA;58
NOBSA;Luis Alexander Barinas Machado;PARTIDO SOCIAL DE UNIDAD NACIONAL  PARTIDO DE LA U;58
NOBSA;Edgar Augusto Bernal Granados;PARTIDO COLOMBIA RENACIENTE;57
NOBSA;Magda Libeth Guio Becerra;PARTIDO SOCIAL DE UNIDAD NACIONAL  PARTIDO DE LA U;57
NOBSA;Jorge Enrique Acevedo Salcedo;PARTIDO COLOMBIA RENACIENTE;56
NOBSA;Jose Adriano Guio Naranjo;MOVIMIENTO ALTERNATIVO INDIGENA Y SOCIAL MAIS;56
NOBSA;Ricardo Antonio Agudelo Guiza;PARTIDO COLOMBIA RENACIENTE;56
NOBSA;Juan Gabriel Hernandez Castañeda;PARTIDO ALIANZA SOCIAL INDEPENDIENTE ASI;55
NOBSA;Javier Emiro Gomez Socha;PARTIDO SOCIAL DE UNIDAD NACIONAL  PARTIDO DE LA U;54
NOBSA;Luis Carlos Montaña Cristancho;MOVIMIENTO SOCIAL CIVICO Y DEPORTIVO #SOMOS NOBSA;54
NOBSA;Vivian Andrea Hernandez Salamanca;PARTIDO COLOMBIA RENACIENTE;54
NOBSA;Boris Alberto Bossio Figueroba;PARTIDO CONSERVADOR COLOMBIANO;52
NOBSA;Luis German Florez Florez;PARTIDO ALIANZA VERDE;52
NOBSA;Partido Colombia Justa Libres;PARTIDO COLOMBIA JUSTA LIBRES;48
NOBSA;Argemiro Rincon Moreno;PARTIDO CONSERVADOR COLOMBIANO;47
NOBSA;Gladys Hortencia Gonzalez Rodriguez;PARTIDO ALIANZA VERDE;47
NOBSA;Pedro Nel Alba Farias;PARTIDO COLOMBIA RENACIENTE;47
NOBSA;Oscar Mauricio Velandia Siachoque;PARTIDO ADA;46
NOBSA;Zoraida Vega Guiza;PARTIDO LIBERAL COLOMBIANO;45
NOBSA;Cristian Camilo Chinome Lopez;PARTIDO LIBERAL COLOMBIANO;40
NOBSA;Jeovana Del Pilar Lopez Alvarez;PARTIDO CONSERVADOR COLOMBIANO;39
NOBSA;Julie Paola Fonseca Arenas;COLOMBIA HUMANA - UNION PATRIOTICA;39
NOBSA;Carlos Arturo Cubides Alba;MOVIMIENTO AUTORIDADES INDIGENAS DE COLOMBIA AICO;37
NOBSA;Cesar Manuel Hernandez;PARTIDO LIBERAL COLOMBIANO;37
NOBSA;Maria Fernanda Boada;MOVIMIENTO ALTERNATIVO INDIGENA Y SOCIAL MAIS;36
NOBSA;Myriam Chiquillo Martinez;MOVIMIENTO SOCIAL CIVICO Y DEPORTIVO #SOMOS NOBSA;33
NOBSA;Victor Manuel Perez Gutierrez;PARTIDO SOCIAL DE UNIDAD NACIONAL  PARTIDO DE LA U;33
NOBSA;Angel Gabriel Cruz Pinto;PARTIDO COLOMBIA RENACIENTE;32
NOBSA;Ulises Moreno Moreno;PARTIDO ALIANZA SOCIAL INDEPENDIENTE ASI;32
NOBSA;Afranio Nelson Beltran Guisa;PARTIDO SOCIAL DE UNIDAD NACIONAL  PARTIDO DE LA U;30
NOBSA;Claudia Patricia Baron Granados;COLOMBIA HUMANA - UNION PATRIOTICA;28
NOBSA;Luz Mery Vargas Vargas;MOVIMIENTO AUTORIDADES INDIGENAS DE COLOMBIA AICO;28
NOBSA;Cornelio Acevedo Cristancho;PARTIDO CONSERVADOR COLOMBIANO;27
NOBSA;Marilu Becerra Pinto;PARTIDO SOCIAL DE UNIDAD NACIONAL  PARTIDO DE LA U;27
NOBSA;Nelly Johanna Castro Ibata;PARTIDO CAMBIO RADICAL;27
NOBSA;Eimy Johana Alvarado Lora;PARTIDO COLOMBIA RENACIENTE;26
NOBSA;Teodoro Cardozo Hernandez;MOVIMIENTO ALTERNATIVO INDIGENA Y SOCIAL MAIS;26
NOBSA;Carmen Rosa Baron Duran;PARTIDO LIBERAL COLOMBIANO;25
NOBSA;Fredy Eduardo Siachoque Siachoque;PARTIDO LIBERAL COLOMBIANO;25
NOBSA;Jose Manuel Moyano Barrera;MOVIMIENTO SOCIAL CIVICO Y DEPORTIVO #SOMOS NOBSA;24
NOBSA;Yolima Roa Hernandez;COLOMBIA HUMANA - UNION PATRIOTICA;23
NOBSA;Yuli Liliana Leon Acuña;MOVIMIENTO SOCIAL CIVICO Y DEPORTIVO #SOMOS NOBSA;23
NOBSA;Alix Cristina Rincon Puentes;PARTIDO ALIANZA VERDE;21
NOBSA;Barbara Maria Ramirez Cardenas;PARTIDO CONSERVADOR COLOMBIANO;19
NOBSA;Henrry Camargo Rodriguez;MOVIMIENTO AUTORIDADES INDIGENAS DE COLOMBIA AICO;19
NOBSA;Nidia Andrea Montaña Cubides;PARTIDO CAMBIO RADICAL;19
NOBSA;Partido Liberal Colombiano;PARTIDO LIBERAL COLOMBIANO;19
NOBSA;Marly Gonzalez Castañeda;PARTIDO SOCIAL DE UNIDAD NACIONAL  PARTIDO DE LA U;18
NOBSA;Movimiento Social Civico Y Deportivo #Somos Nobsa;MOVIMIENTO SOCIAL CIVICO Y DEPORTIVO #SOMOS NOBSA;18
NOBSA;Movimiento Autoridades Indigenas De Colombia Aico;MOVIMIENTO AUTORIDADES INDIGENAS DE COLOMBIA AICO;17
NOBSA;Partido Conservador Colombiano;PARTIDO CONSERVADOR COLOMBIANO;17
NOBSA;Edgar Enrique Moreno Tapias;PARTIDO CONSERVADOR COLOMBIANO;16
NOBSA;Jhon Fredy Rojas Rincon;MOVIMIENTO SOCIAL CIVICO Y DEPORTIVO #SOMOS NOBSA;16
NOBSA;Weimar Gustavo Ramirez Cely;PARTIDO ALIANZA SOCIAL INDEPENDIENTE ASI;16
NOBSA;Irma Anaiz Medina Martinez;PARTIDO CONSERVADOR COLOMBIANO;15
NOBSA;Jaime Rolando Benitez Tristancho;MOVIMIENTO AUTORIDADES INDIGENAS DE COLOMBIA AICO;14
NOBSA;Sandra Yulieth Avila Rodriguez;PARTIDO SOCIAL DE UNIDAD NACIONAL  PARTIDO DE LA U;14
NOBSA;Wilson Guerrero Viancha;COLOMBIA HUMANA - UNION PATRIOTICA;14
NOBSA;Marco Aurelio Correa Lopez;MOVIMIENTO SOCIAL CIVICO Y DEPORTIVO #SOMOS NOBSA;13
NOBSA;Wilder Suley Diaz Corredor;PARTIDO CAMBIO RADICAL;13
NOBSA;Colombia Humana - Union Patriotica;COLOMBIA HUMANA - UNION PATRIOTICA;12
NOBSA;Edgar Gomez Malagon;COLOMBIA HUMANA - UNION PATRIOTICA;11
NOBSA;Juan Jose Rincon Molina;PARTIDO ADA;10
NOBSA;Juan Sebastian Quijano Mendez;PARTIDO CAMBIO RADICAL;10
NOBSA;Partido Alianza Social Independiente Asi;PARTIDO ALIANZA SOCIAL INDEPENDIENTE ASI;10
NOBSA;Partido Cambio Radical;PARTIDO CAMBIO RADICAL;10
NOBSA;Adriana Alejandra Nova Nuñez;PARTIDO ADA;9
NOBSA;Diana Yaneth Pulido Gomez;PARTIDO ALIANZA SOCIAL INDEPENDIENTE ASI;9
NOBSA;Erika Johanna Acero Rincon;PARTIDO ADA;9
NOBSA;Jessica Johana Cepeda Perez;PARTIDO COLOMBIA RENACIENTE;9
NOBSA;Ana Lucia Molano Fonseca;PARTIDO ALIANZA SOCIAL INDEPENDIENTE ASI;8
NOBSA;Frady Geraldiny Hernandez Pita;COLOMBIA HUMANA - UNION PATRIOTICA;8
NOBSA;Movimiento Alternativo Indigena Y Social Mais;MOVIMIENTO ALTERNATIVO INDIGENA Y SOCIAL MAIS;8
NOBSA;Partido Ada;PARTIDO ADA;8
NOBSA;Partido Colombia Renaciente;PARTIDO COLOMBIA RENACIENTE;8
NOBSA;Luis Antonio Gonzalez Gonzalez;MOVIMIENTO ALTERNATIVO INDIGENA Y SOCIAL MAIS;7
NOBSA;Maria Juana Castillo Ramirez;PARTIDO CAMBIO RADICAL;7
NOBSA;Monica Alejandra Ojeda Mogollon;MOVIMIENTO AUTORIDADES INDIGENAS DE COLOMBIA AICO;7
NOBSA;Nubia Esperanza Perez Dueñas;PARTIDO COLOMBIA RENACIENTE;7
NOBSA;Claudia Isabel Hernandez Alarcon;MOVIMIENTO ALTERNATIVO INDIGENA Y SOCIAL MAIS;6
NOBSA;Dahiana Marcela Salamanca Cruz;PARTIDO ALIANZA SOCIAL INDEPENDIENTE ASI;6
NOBSA;Leidy Johana Cardenas Medina;MOVIMIENTO AUTORIDADES INDIGENAS DE COLOMBIA AICO;6
NOBSA;Lina Maria Gomez Becerra;MOVIMIENTO ALTERNATIVO INDIGENA Y SOCIAL MAIS;6
NOBSA;Partido Social De Unidad Nacional  Partido De La U;PARTIDO SOCIAL DE UNIDAD NACIONAL  PARTIDO DE LA U;5
NOBSA;Julieth Lorena Leon Vargas;PARTIDO CONSERVADOR COLOMBIANO;4
NOBSA;Monica Dianey Rubio Siachoque;PARTIDO LIBERAL COLOMBIANO;4
NOBSA;Jose Baudilio Cepeda Mariño;PARTIDO COLOMBIA RENACIENTE;2
NOBSA;Luz Angela Salamanca Castell;MOVIMIENTO ALTERNATIVO INDIGENA Y SOCIAL MAIS;1
NUEVO COLON;Claudia Patricia Muñoz Sanchez;PARTIDO ALIANZA VERDE;194
NUEVO COLON;Aura Yamile Reyes Garzon;PARTIDO LIBERAL COLOMBIANO;173
NUEVO COLON;Edison Alejandro Reyes Muñoz;PARTIDO LIBERAL COLOMBIANO;144
NUEVO COLON;Rafael Gonzalez Muñoz;PARTIDO CONSERVADOR COLOMBIANO;139
NUEVO COLON;Oscar Patiño Meneses;PARTIDO CONSERVADOR COLOMBIANO;114
NUEVO COLON;Gratiniano Lancheros Vela;PARTIDO ALIANZA VERDE;109
NUEVO COLON;Fernando Parra Arias;PARTIDO ALIANZA VERDE;104
NUEVO COLON;Euclides Chavarro Lopez;PARTIDO LIBERAL COLOMBIANO;101
NUEVO COLON;Fabio Cuitiva Sierra;PARTIDO ALIANZA VERDE;101
NUEVO COLON;Elber Alfonso Garzon Pulido;PARTIDO LIBERAL COLOMBIANO;96
NUEVO COLON;Hector Armando Sosa Castiblanco;PARTIDO ALIANZA SOCIAL INDEPENDIENTE ASI;95
NUEVO COLON;Edgar Moreno Sosa;PARTIDO LIBERAL COLOMBIANO;93
NUEVO COLON;Pedro Hely Colmenares Sanchez;PARTIDO CENTRO DEMOCRATICO;91
NUEVO COLON;Mario Rene Aponte Lopez;PARTIDO SOCIAL DE UNIDAD NACIONAL  PARTIDO DE LA U;86
NUEVO COLON;William Cardenas Sanchez;PARTIDO CENTRO DEMOCRATICO;85
NUEVO COLON;Hernando Molina Moreno;PARTIDO LIBERAL COLOMBIANO;84
NUEVO COLON;Nicolas Gamba Castro;PARTIDO ALIANZA VERDE;84
NUEVO COLON;Alvaro Romero Gonzalez;PARTIDO ALIANZA VERDE;81
NUEVO COLON;Leidy Johana Castelblanco Espinosa;PARTIDO CAMBIO RADICAL;74
NUEVO COLON;Eduardo Vargas Ramirez;PARTIDO SOCIAL DE UNIDAD NACIONAL  PARTIDO DE LA U;67
NUEVO COLON;Rigoberto Gil Lopez;PARTIDO CAMBIO RADICAL;67
NUEVO COLON;Dionel Hernando Cardenas Lasso;PARTIDO SOCIAL DE UNIDAD NACIONAL  PARTIDO DE LA U;65
NUEVO COLON;Santiago Meneses Moreno;PARTIDO POLITICO  MIRA;64
NUEVO COLON;Anggie Xiomara Pulido Barajas;PARTIDO LIBERAL COLOMBIANO;59
NUEVO COLON;Yeison Gerardo Molina Bautista;PARTIDO ALIANZA VERDE;59
NUEVO COLON;Jose William Guerrero Sosa;PARTIDO CENTRO DEMOCRATICO;56
NUEVO COLON;Jenny Katherine Sanchez Riveros;PARTIDO SOCIAL DE UNIDAD NACIONAL  PARTIDO DE LA U;55
NUEVO COLON;Martha Cecilia Rodriguez Puerto;PARTIDO ALIANZA VERDE;55
NUEVO COLON;Uriel Pulido Corredor;PARTIDO CAMBIO RADICAL;52
NUEVO COLON;Alexander Castelblanco;PARTIDO CENTRO DEMOCRATICO;51
NUEVO COLON;Graciela Rodriguez Gordo;PARTIDO CONSERVADOR COLOMBIANO;50
NUEVO COLON;Arquimedes Cadena Galindo;PARTIDO CENTRO DEMOCRATICO;46
NUEVO COLON;Jose Alejandro Orjuela Moreno;PARTIDO LIBERAL COLOMBIANO;45
NUEVO COLON;Carlos Julio Romero Rodriguez;PARTIDO CENTRO DEMOCRATICO;44
NUEVO COLON;Jhon Jairo Muñoz Muñoz;PARTIDO ALIANZA SOCIAL INDEPENDIENTE ASI;41
NUEVO COLON;Jhonny Manuel Caro Benitez;PARTIDO SOCIAL DE UNIDAD NACIONAL  PARTIDO DE LA U;34
NUEVO COLON;Partido Alianza Verde;PARTIDO ALIANZA VERDE;34
NUEVO COLON;Jhoana Yiceth Pulido Garay;PARTIDO CENTRO DEMOCRATICO;31
NUEVO COLON;Saul Castelblanco Castelblanco;PARTIDO POLITICO  MIRA;31
NUEVO COLON;Monica Adriana Galindo Castelblanco;PARTIDO ALIANZA VERDE;28
NUEVO COLON;Nubia Galindo Merchan;PARTIDO CENTRO DEMOCRATICO;28
NUEVO COLON;Partido Liberal Colombiano;PARTIDO LIBERAL COLOMBIANO;28
NUEVO COLON;Reinaldo Porras Avendaño;PARTIDO CONSERVADOR COLOMBIANO;25
NUEVO COLON;Fidel Antonio Castro Rodriguez;PARTIDO ALIANZA SOCIAL INDEPENDIENTE ASI;24
NUEVO COLON;Arnulfo Vargas Muñoz;PARTIDO CAMBIO RADICAL;21
NUEVO COLON;Jose Gabriel Ramirez Vergara;PARTIDO CONSERVADOR COLOMBIANO;21
NUEVO COLON;Efrain Alberto Cadena Castelblanco;PARTIDO CAMBIO RADICAL;20
NUEVO COLON;Alba Ximena Ruiz Moreno;PARTIDO SOCIAL DE UNIDAD NACIONAL  PARTIDO DE LA U;18
NUEVO COLON;Berta Torres De Cadena;PARTIDO POLITICO  MIRA;18
NUEVO COLON;Vivian Lorena Urian Salazar;PARTIDO CAMBIO RADICAL;16
NUEVO COLON;Olga Elizabeth Cruz De Hernandez;PARTIDO CONSERVADOR COLOMBIANO;15
NUEVO COLON;Dioselino Chacon Garcia;PARTIDO ALIANZA SOCIAL INDEPENDIENTE ASI;14
NUEVO COLON;Rosa Emperatriz Gomez Cadena;PARTIDO SOCIAL DE UNIDAD NACIONAL  PARTIDO DE LA U;13
NUEVO COLON;Partido Centro Democratico;PARTIDO CENTRO DEMOCRATICO;12
NUEVO COLON;Jose Dionevar Paez Paez;PARTIDO ALIANZA SOCIAL INDEPENDIENTE ASI;11
NUEVO COLON;Maria De Los Angeles Avendaño Avendaño;PARTIDO ALIANZA SOCIAL INDEPENDIENTE ASI;11
NUEVO COLON;Isabel Cristina Guerrero Meneses;PARTIDO LIBERAL COLOMBIANO;10
NUEVO COLON;Martha Rubiela Largo Torres;PARTIDO ALIANZA SOCIAL INDEPENDIENTE ASI;10
NUEVO COLON;Camila Andrea Orjuela Forero;PARTIDO CAMBIO RADICAL;9
NUEVO COLON;Hector Dario Rivera Garay;PARTIDO ALIANZA SOCIAL INDEPENDIENTE ASI;9
NUEVO COLON;Partido Conservador Colombiano;PARTIDO CONSERVADOR COLOMBIANO;8
NUEVO COLON;Alfonso Orjuela Pulido;PARTIDO POLITICO  MIRA;7
NUEVO COLON;July Andrea Leguizamon Pulido;PARTIDO CONSERVADOR COLOMBIANO;7
NUEVO COLON;Lydda Isabel Mora Garzon;PARTIDO POLITICO  MIRA;7
NUEVO COLON;Yesica Soraya Leon Pulido;PARTIDO ALIANZA SOCIAL INDEPENDIENTE ASI;6
NUEVO COLON;Alvaro Romero Cadena;PARTIDO POLITICO  MIRA;4
NUEVO COLON;Claudio Leon Sosa;PARTIDO SOCIAL DE UNIDAD NACIONAL  PARTIDO DE LA U;4
NUEVO COLON;Jose Elias Cano Espinosa;PARTIDO SOCIAL DE UNIDAD NACIONAL  PARTIDO DE LA U;4
NUEVO COLON;Partido Cambio Radical;PARTIDO CAMBIO RADICAL;4
NUEVO COLON;Partido Politico  Mira;PARTIDO POLITICO  MIRA;3
NUEVO COLON;Partido Alianza Social Independiente Asi;PARTIDO ALIANZA SOCIAL INDEPENDIENTE ASI;2
NUEVO COLON;Partido Social De Unidad Nacional  Partido De La U;PARTIDO SOCIAL DE UNIDAD NACIONAL  PARTIDO DE LA U;2
OICATA;Victor Manuel Martinez Contreras;PARTIDO SOCIAL DE UNIDAD NACIONAL  PARTIDO DE LA U;141
OICATA;Flor Elisa Borda Vanegas;PARTIDO CENTRO DEMOCRATICO;130
OICATA;Alejandro Montañez Gamba;PARTIDO ALIANZA VERDE;107
OICATA;Marisol Lopez Castro;PARTIDO POLO DEMOCRATICO ALTERNATIVO;93
OICATA;Fredy Arley Suarez Pineda;PARTIDO ALIANZA VERDE;85
OICATA;Jose Leonidas Tunarrosa Rios;PARTIDO ALIANZA VERDE;77
OICATA;Luz Dary Vargas Sanchez;PARTIDO POLO DEMOCRATICO ALTERNATIVO;72
OICATA;Jose Alfredo Cruz Jimenez;PARTIDO SOCIAL DE UNIDAD NACIONAL  PARTIDO DE LA U;70
OICATA;Hector Orlando Molina Avendaño;PARTIDO POLO DEMOCRATICO ALTERNATIVO;66
OICATA;Jose Mauricio Cruz Bautista;PARTIDO ALIANZA SOCIAL INDEPENDIENTE ASI;59
OICATA;Jose Camilo Largo Uzgame;PARTIDO LIBERAL COLOMBIANO;54
OICATA;Jose Pascual Molina Ayala;PARTIDO ALIANZA SOCIAL INDEPENDIENTE ASI;50
OICATA;Maria Ana Silvia Camargo Tunarrosa;PARTIDO COLOMBIA RENACIENTE;47
OICATA;Wilmer Enrique Molina Piamonte;PARTIDO POLO DEMOCRATICO ALTERNATIVO;47
OICATA;Luis Alejandro Rodriguez Nauzan;PARTIDO CONSERVADOR COLOMBIANO;45
OICATA;Sully Marisol Martinez Cuadrado;PARTIDO SOCIAL DE UNIDAD NACIONAL  PARTIDO DE LA U;39
OICATA;Pedro Arturo Mora Pinzon;COLOMBIA HUMANA - UNION PATRIOTICA;36
OICATA;Esdras Rios Viasus;PARTIDO CENTRO DEMOCRATICO;35
OICATA;Wilson Eccehomo Puentes Pineda;PARTIDO CENTRO DEMOCRATICO;33
OICATA;Manuel Paez Martinez;PARTIDO CENTRO DEMOCRATICO;32
OICATA;Hernando Rodriguez Serrano;PARTIDO CONSERVADOR COLOMBIANO;31
OICATA;Odilio Jimenez Amezquita;PARTIDO ALIANZA VERDE;31
OICATA;Wilmer Jimenez Piracon;PARTIDO POLO DEMOCRATICO ALTERNATIVO;31
OICATA;Roman Quinchanegua Uzgame;PARTIDO COLOMBIA RENACIENTE;30
OICATA;Andres Humberto Torres Segura;PARTIDO LIBERAL COLOMBIANO;29
OICATA;Cristian Alonso Quito Martinez;PARTIDO CENTRO DEMOCRATICO;28
OICATA;Harold David Guio Gomez;PARTIDO CONSERVADOR COLOMBIANO;26
OICATA;Camilo Pulido Baron;PARTIDO POLO DEMOCRATICO ALTERNATIVO;25
OICATA;Nydia Constanza Hernandez Sanabria;COLOMBIA HUMANA - UNION PATRIOTICA;25
OICATA;Diego Fernando Pulido Amezquita;MOVIMIENTO ALTERNATIVO INDIGENA Y SOCIAL MAIS;22
OICATA;Alex Fernando Rodriguez Usgame;COLOMBIA HUMANA - UNION PATRIOTICA;20
OICATA;Ever Javier Bastidas Alba;MOVIMIENTO AUTORIDADES INDIGENAS DE COLOMBIA AICO;20
OICATA;Pedro Alfonso Lopez Mora;MOVIMIENTO AUTORIDADES INDIGENAS DE COLOMBIA AICO;20
OICATA;Jhony Fabian Contreras Aguilar;PARTIDO LIBERAL COLOMBIANO;19
OICATA;Luz Dary Rojas Bautista;PARTIDO CENTRO DEMOCRATICO;19
OICATA;Querubin Ramirez Paez;MOVIMIENTO AUTORIDADES INDIGENAS DE COLOMBIA AICO;19
OICATA;Yuli Marcela Cardenal Tiusaba;PARTIDO POLO DEMOCRATICO ALTERNATIVO;19
OICATA;Rafael Esteban Perez Quito;COLOMBIA HUMANA - UNION PATRIOTICA;18
OICATA;Yecid Adolfo Amezquita Quinchanegua;COLOMBIA HUMANA - UNION PATRIOTICA;18
OICATA;Diana Carolina Malaver Fagua;PARTIDO CONSERVADOR COLOMBIANO;17
OICATA;Leidy Liliana Bosiga Martinez;PARTIDO ALIANZA SOCIAL INDEPENDIENTE ASI;17
OICATA;Maria Elsa Rodriguez Yaquive;PARTIDO LIBERAL COLOMBIANO;17
OICATA;Daniel Alejandro Contreras Gonzalez;PARTIDO SOCIAL DE UNIDAD NACIONAL  PARTIDO DE LA U;15
OICATA;Nidia Patricia Fonseca Amezquita;PARTIDO CONSERVADOR COLOMBIANO;14
OICATA;Maria Teresa Azula Pereira;PARTIDO CONSERVADOR COLOMBIANO;13
OICATA;Ruth Indalecia Porras Lopez;PARTIDO ADA;13
OICATA;Partido Alianza Verde;PARTIDO ALIANZA VERDE;12
OICATA;Rafael Monroy Baron;PARTIDO ALIANZA SOCIAL INDEPENDIENTE ASI;12
OICATA;Alberto Cortes Barajas;PARTIDO LIBERAL COLOMBIANO;11
OICATA;Alvaro Viasus Angarita;PARTIDO SOCIAL DE UNIDAD NACIONAL  PARTIDO DE LA U;11
OICATA;Ana Cely Romero De Piamonte;PARTIDO COLOMBIA RENACIENTE;11
OICATA;Ludy Yonaida Pulido Acuña;PARTIDO COLOMBIA RENACIENTE;11
OICATA;Viviana Catalina Gomez Pinto;COLOMBIA HUMANA - UNION PATRIOTICA;11
OICATA;Claudia Cristina Acosta Alvarez;PARTIDO CENTRO DEMOCRATICO;10
OICATA;Miguel Angel Galindo Rodriguez;MOVIMIENTO AUTORIDADES INDIGENAS DE COLOMBIA AICO;10
OICATA;Enith Ruth Lemus Ramirez;PARTIDO ALIANZA SOCIAL INDEPENDIENTE ASI;9
OICATA;Eudoxia Quiroz Cuervo;PARTIDO ALIANZA SOCIAL INDEPENDIENTE ASI;9
OICATA;Julian Alberto Melo Fagua;PARTIDO COLOMBIA RENACIENTE;9
OICATA;Maria Guiomar Quica Urbano;PARTIDO ALIANZA VERDE;9
OICATA;Flor Elba Benilda Pulido Lopez;MOVIMIENTO AUTORIDADES INDIGENAS DE COLOMBIA AICO;7
OICATA;Angela Maria Camargo Cruz;PARTIDO ALIANZA SOCIAL INDEPENDIENTE ASI;6
OICATA;Yenni Paola Quinchanegua Mora;MOVIMIENTO ALTERNATIVO INDIGENA Y SOCIAL MAIS;6
OICATA;Claudia Gineth Molina Rodriguez;PARTIDO SOCIAL DE UNIDAD NACIONAL  PARTIDO DE LA U;5
OICATA;Heimar Orozco Beltran;PARTIDO ADA;5
OICATA;Maribel Camargo Fagua;PARTIDO ALIANZA VERDE;5
OICATA;Pablo Ramiro Viasus Viasus;PARTIDO COLOMBIA RENACIENTE;5
OICATA;Partido Conservador Colombiano;PARTIDO CONSERVADOR COLOMBIANO;5
OICATA;Partido Liberal Colombiano;PARTIDO LIBERAL COLOMBIANO;5
OICATA;Partido Social De Unidad Nacional  Partido De La U;PARTIDO SOCIAL DE UNIDAD NACIONAL  PARTIDO DE LA U;5
OICATA;Robinson Adolfo Uriza Chaparro;MOVIMIENTO ALTERNATIVO INDIGENA Y SOCIAL MAIS;5
OICATA;Colombia Humana - Union Patriotica;COLOMBIA HUMANA - UNION PATRIOTICA;4
OICATA;Monica Andrea Ramirez Alvarez;MOVIMIENTO ALTERNATIVO INDIGENA Y SOCIAL MAIS;4
OICATA;Partido Polo Democratico Alternativo;PARTIDO POLO DEMOCRATICO ALTERNATIVO;4
OICATA;Baudilio Cely Quito;PARTIDO COLOMBIA RENACIENTE;3
OICATA;Edna Alexandra Bernal Amezquita;MOVIMIENTO ALTERNATIVO INDIGENA Y SOCIAL MAIS;3
OICATA;Gloria Liliana Henao Ospina;MOVIMIENTO AUTORIDADES INDIGENAS DE COLOMBIA AICO;3
OICATA;Gloria Marlen Medina Piña;PARTIDO ADA;3
OICATA;Jose Alfonso Fuquene Sanchez;MOVIMIENTO ALTERNATIVO INDIGENA Y SOCIAL MAIS;3
OICATA;Partido Centro Democratico;PARTIDO CENTRO DEMOCRATICO;3
OICATA;Yeferson Medina Garcia;PARTIDO ADA;3
OICATA;Alba Yineth Ocacion;PARTIDO LIBERAL COLOMBIANO;2
OICATA;Javier Camilo Riaño Fernandez;MOVIMIENTO ALTERNATIVO INDIGENA Y SOCIAL MAIS;2
OICATA;Lina Marisol Peña Macana;PARTIDO SOCIAL DE UNIDAD NACIONAL  PARTIDO DE LA U;2
OICATA;Partido Colombia Renaciente;PARTIDO COLOMBIA RENACIENTE;2
OICATA;Movimiento Alternativo Indigena Y Social Mais;MOVIMIENTO ALTERNATIVO INDIGENA Y SOCIAL MAIS;1
OICATA;Partido Ada;PARTIDO ADA;1
OICATA;Partido Alianza Social Independiente Asi;PARTIDO ALIANZA SOCIAL INDEPENDIENTE ASI;1
OTANCHE;Dario Humberto Lopez Briceño;PARTIDO CAMBIO RADICAL;247
OTANCHE;Rosenberg Ramirez Ortiz;PARTIDO CAMBIO RADICAL;187
OTANCHE;Angel Alirio Melo Delgado;PARTIDO CONSERVADOR COLOMBIANO;175
OTANCHE;Alirio Valero Barbosa;PARTIDO CENTRO DEMOCRATICO;171
OTANCHE;Melquisedec Cifuentes Anzola;PARTIDO ALIANZA SOCIAL INDEPENDIENTE ASI;134
OTANCHE;Victor Modesto Cortes Castellanos;PARTIDO SOCIAL DE UNIDAD NACIONAL  PARTIDO DE LA U;130
OTANCHE;Ivan Jose Moreno;PARTIDO ADA;127
OTANCHE;Alexander Pineda Saavedra;PARTIDO CENTRO DEMOCRATICO;106
OTANCHE;Fernando Saavedra Charry;PARTIDO ALIANZA SOCIAL INDEPENDIENTE ASI;103
OTANCHE;Elber Antonio Carrillo Escarraga;PARTIDO CONSERVADOR COLOMBIANO;90
OTANCHE;Jose Alirio Carrillo Guerrero;PARTIDO CAMBIO RADICAL;90
OTANCHE;Harold Leandro Lopez Rojas;PARTIDO CENTRO DEMOCRATICO;85
OTANCHE;Jose Lino Oliveros Ortiz;PARTIDO CONSERVADOR COLOMBIANO;83
OTANCHE;Holman Yesid Martinez Valero;PARTIDO LIBERAL COLOMBIANO;82
OTANCHE;Cristobal Gonzalez Perez;PARTIDO CENTRO DEMOCRATICO;75
OTANCHE;Samir Peña Muñoz;PARTIDO COLOMBIA RENACIENTE;75
OTANCHE;Elkin Eduardo Alzate Araque;PARTIDO ALIANZA VERDE;70
OTANCHE;Jose Ademar Torres Pulido;PARTIDO ALIANZA VERDE;70
OTANCHE;Luz Yanira Parra Pinto;PARTIDO COLOMBIA RENACIENTE;70
OTANCHE;Ida Maria Anzola Anzola;MOVIMIENTO ALTERNATIVO INDIGENA Y SOCIAL MAIS;66
OTANCHE;Jose Antonio Gualteros Gonzalez;PARTIDO ALIANZA VERDE;66
OTANCHE;Miguel Angel Rodriguez Gonzalez;PARTIDO ALIANZA VERDE;66
OTANCHE;Oscar Javier Valero Walteros;PARTIDO SOCIAL DE UNIDAD NACIONAL  PARTIDO DE LA U;64
OTANCHE;Edilson Bolaños Rojas;PARTIDO CENTRO DEMOCRATICO;62
OTANCHE;Sileny Yaritza Reyes Bernal;PARTIDO ALIANZA SOCIAL INDEPENDIENTE ASI;60
OTANCHE;Martha Zarate Pinilla;PARTIDO SOCIAL DE UNIDAD NACIONAL  PARTIDO DE LA U;57
OTANCHE;Ludy Lisbeth Mendieta Cifuentes;MOVIMIENTO ALTERNATIVO INDIGENA Y SOCIAL MAIS;56
OTANCHE;Leonardo Guerrero Useche;MOVIMIENTO ALTERNATIVO INDIGENA Y SOCIAL MAIS;55
OTANCHE;Javier David Bernal Sierra;PARTIDO CAMBIO RADICAL;52
OTANCHE;Temilda Cortes Caro;PARTIDO ALIANZA SOCIAL INDEPENDIENTE ASI;52
OTANCHE;Lucely Peña Triviño;PARTIDO CONSERVADOR COLOMBIANO;51
OTANCHE;Rosmira Anzola Ordoñez;PARTIDO ALIANZA VERDE;51
OTANCHE;Orlando Alfonso Saavedra Soto;MOVIMIENTO ALTERNATIVO INDIGENA Y SOCIAL MAIS;50
OTANCHE;Victor Julio Soto Mariño;PARTIDO COLOMBIA RENACIENTE;49
OTANCHE;Jose Robinson Suarez;PARTIDO SOCIAL DE UNIDAD NACIONAL  PARTIDO DE LA U;46
OTANCHE;Luis Enrique Osorio Buitrago;PARTIDO CONSERVADOR COLOMBIANO;46
OTANCHE;Darwin Arley Gonzalez Saavedra;MOVIMIENTO ALTERNATIVO INDIGENA Y SOCIAL MAIS;42
OTANCHE;Veronica Marroquin Ramirez;PARTIDO CENTRO DEMOCRATICO;42
OTANCHE;Francisco Javier Vargas Lancheros;PARTIDO CAMBIO RADICAL;41
OTANCHE;Gisela Tatiana Rojas Velandia;PARTIDO COLOMBIA RENACIENTE;41
OTANCHE;Sandra Patricia Lopez;PARTIDO ALIANZA VERDE;40
OTANCHE;Victor Manuel Ovalle Medina;PARTIDO SOCIAL DE UNIDAD NACIONAL  PARTIDO DE LA U;40
OTANCHE;Rafael Humberto Lopez Castellanos;PARTIDO ALIANZA SOCIAL INDEPENDIENTE ASI;39
OTANCHE;Adriana Rocio Cordoba Guerrero;PARTIDO ALIANZA VERDE;38
OTANCHE;Ever Daniel Vargas Rodriguez;MOVIMIENTO ALTERNATIVO INDIGENA Y SOCIAL MAIS;38
OTANCHE;Efren Alfonso Mahecha Escarraga;PARTIDO SOCIAL DE UNIDAD NACIONAL  PARTIDO DE LA U;35
OTANCHE;Hamilton Edwin Ramirez Olarte;MOVIMIENTO ALTERNATIVO INDIGENA Y SOCIAL MAIS;32
OTANCHE;Maria Melvis Rayo Mahecha;PARTIDO COLOMBIA RENACIENTE;32
OTANCHE;Carmelo Hernandez Alvarez;PARTIDO CAMBIO RADICAL;31
OTANCHE;Maria Eugenia Parra Neiza;PARTIDO ALIANZA VERDE;30
OTANCHE;Blanca Delia Quintero Malagon;PARTIDO ALIANZA SOCIAL INDEPENDIENTE ASI;29
OTANCHE;Lyda Adriana Bautista Rodriguez;PARTIDO LIBERAL COLOMBIANO;28
OTANCHE;Norbey Anzola Saavedra;PARTIDO SOCIAL DE UNIDAD NACIONAL  PARTIDO DE LA U;27
OTANCHE;Alvaro Poveda Forero;PARTIDO ALIANZA VERDE;25
OTANCHE;Luz Heidy Meza Taicus;PARTIDO CONSERVADOR COLOMBIANO;24
OTANCHE;Leidy Yurany Castiblanco Saavedra;PARTIDO COLOMBIA RENACIENTE;23
OTANCHE;Miguel Angel Pinto;PARTIDO ALIANZA VERDE;23
OTANCHE;Oscar Nicolas Briceño Escobar;PARTIDO SOCIAL DE UNIDAD NACIONAL  PARTIDO DE LA U;23
OTANCHE;Felix Alberto Castellanos Torres;PARTIDO LIBERAL COLOMBIANO;22
OTANCHE;Partido Conservador Colombiano;PARTIDO CONSERVADOR COLOMBIANO;22
OTANCHE;Carlos Yezid Correa Jimenez;PARTIDO CAMBIO RADICAL;21
OTANCHE;Marta Lucero Pineda Anzola;PARTIDO CAMBIO RADICAL;19
OTANCHE;Miguel Antonio Bermudez;PARTIDO CONSERVADOR COLOMBIANO;19
OTANCHE;David Muñoz Silva;PARTIDO CONSERVADOR COLOMBIANO;18
OTANCHE;Fanny Galindo Jimenez;MOVIMIENTO ALTERNATIVO INDIGENA Y SOCIAL MAIS;18
OTANCHE;Loren Michael Velasco Coronado;PARTIDO CAMBIO RADICAL;17
OTANCHE;Maria Oliva Rojas Martinez;PARTIDO CONSERVADOR COLOMBIANO;17
OTANCHE;Maribel Salazar;PARTIDO CAMBIO RADICAL;16
OTANCHE;Partido Cambio Radical;PARTIDO CAMBIO RADICAL;16
OTANCHE;Duvan Dario Gonzalez Suarez;PARTIDO ADA;15
OTANCHE;Jaime Enrique Guerrero Saavedra;PARTIDO ALIANZA SOCIAL INDEPENDIENTE ASI;15
OTANCHE;Leonardo Escarraga Saavedra;PARTIDO LIBERAL COLOMBIANO;15
OTANCHE;Partido Alianza Verde;PARTIDO ALIANZA VERDE;14
OTANCHE;Franklyn Neysser Malagon Cancelado;PARTIDO LIBERAL COLOMBIANO;13
OTANCHE;Edgar Alfonso Melo Riaño;PARTIDO ADA;12
OTANCHE;Partido Colombia Renaciente;PARTIDO COLOMBIA RENACIENTE;12
OTANCHE;Partido Social De Unidad Nacional  Partido De La U;PARTIDO SOCIAL DE UNIDAD NACIONAL  PARTIDO DE LA U;12
OTANCHE;Adriana Maria Real Anzola;PARTIDO CENTRO DEMOCRATICO;11
OTANCHE;Doris Adiela Leon Garcia;PARTIDO ADA;9
OTANCHE;Jorge Arturo Benitez Peña;PARTIDO CONSERVADOR COLOMBIANO;9
OTANCHE;Maria Dolores Velasco Ortiz;PARTIDO CENTRO DEMOCRATICO;9
OTANCHE;Partido Centro Democratico;PARTIDO CENTRO DEMOCRATICO;9
OTANCHE;Luz Marina Martinez Pinilla;PARTIDO SOCIAL DE UNIDAD NACIONAL  PARTIDO DE LA U;8
OTANCHE;Partido Alianza Social Independiente Asi;PARTIDO ALIANZA SOCIAL INDEPENDIENTE ASI;8
OTANCHE;Maria Audelina Bravo;PARTIDO CONSERVADOR COLOMBIANO;7
OTANCHE;Sandra Patricia Mahecha Galvis;PARTIDO ADA;7
OTANCHE;Movimiento Alternativo Indigena Y Social Mais;MOVIMIENTO ALTERNATIVO INDIGENA Y SOCIAL MAIS;6
OTANCHE;Paola Andrea Romero Bautista;PARTIDO SOCIAL DE UNIDAD NACIONAL  PARTIDO DE LA U;6
OTANCHE;Partido Liberal Colombiano;PARTIDO LIBERAL COLOMBIANO;6
OTANCHE;Wilson Ferney Vargas Puentes;PARTIDO COLOMBIA RENACIENTE;6
OTANCHE;Marlen Congo Amaya;PARTIDO LIBERAL COLOMBIANO;5
OTANCHE;Marcela Benitez Tejedor;PARTIDO LIBERAL COLOMBIANO;4
OTANCHE;Camila Bernal Lopez;PARTIDO CAMBIO RADICAL;3
OTANCHE;Francisco Bonilla Ruiz;PARTIDO ALIANZA SOCIAL INDEPENDIENTE ASI;3
OTANCHE;Partido Ada;PARTIDO ADA;3
OTANCHE;Pilar Jisney Ortega Peña;PARTIDO ADA;3
OTANCHE;Luis Santiago Villamil Aldana;PARTIDO ALIANZA SOCIAL INDEPENDIENTE ASI;2
OTANCHE;Jaqueline Hernandez;PARTIDO CENTRO DEMOCRATICO;1
OTANCHE;Laura Liliana Rodriguez Forero;PARTIDO COLOMBIA RENACIENTE;1
PACHAVITA;Claudio Vargas Martinez;PARTIDO ALIANZA VERDE;145
PACHAVITA;Rosa Helena Torres Vela;PARTIDO ALIANZA VERDE;118
PACHAVITA;Edgar Ricardo Franco Huertas;PARTIDO CENTRO DEMOCRATICO;105
PACHAVITA;Luz Miriam Arias Melo;PARTIDO ALIANZA VERDE;86
PACHAVITA;Maria Isabel Mora Guerrero;PARTIDO CENTRO DEMOCRATICO;85
PACHAVITA;Aura Nelcy Porras Valero;PARTIDO SOCIAL DE UNIDAD NACIONAL  PARTIDO DE LA U;72
PACHAVITA;Jose Aristides Ortega Huertas;PARTIDO SOCIAL DE UNIDAD NACIONAL  PARTIDO DE LA U;68
PACHAVITA;Martha Yisel Prieto Huertas;PARTIDO CENTRO DEMOCRATICO;58
PACHAVITA;Yilber Jose Buitrago Rey;PARTIDO CONSERVADOR COLOMBIANO;58
PACHAVITA;Israel Bohorquez Rey;PARTIDO CONSERVADOR COLOMBIANO;53
PACHAVITA;Jeison Armando Rojas Romero;PARTIDO ALIANZA VERDE;52
PACHAVITA;Josue Henry Buitrago Amaya;PARTIDO CONSERVADOR COLOMBIANO;52
PACHAVITA;Reinaldo Merchan Rondon;PARTIDO CONSERVADOR COLOMBIANO;41
PACHAVITA;Claudia Mercedes Guerrero;PARTIDO SOCIAL DE UNIDAD NACIONAL  PARTIDO DE LA U;37
PACHAVITA;Jenny Valero Guzman;PARTIDO CONSERVADOR COLOMBIANO;37
PACHAVITA;Ligia Nora Hernandez Diaz;PARTIDO CONSERVADOR COLOMBIANO;33
PACHAVITA;Jorge Benavides Diaz;PARTIDO ALIANZA VERDE;32
PACHAVITA;Maria Marcela Mendoza Arias;PARTIDO ALIANZA VERDE;32
PACHAVITA;Luis Alfredo Macias Diaz;PARTIDO ALIANZA VERDE;31
PACHAVITA;Erika Yohana Gonzalez Ardila;PARTIDO CENTRO DEMOCRATICO;28
PACHAVITA;Gustavo Quintero Casas;PARTIDO CENTRO DEMOCRATICO;26
PACHAVITA;Carolina Porras Buitrago;PARTIDO ADA;24
PACHAVITA;Ignacio Suarez Buitrago;PARTIDO CENTRO DEMOCRATICO;20
PACHAVITA;Jose Manuel Porras Moreno;PARTIDO ADA;20
PACHAVITA;Partido Alianza Verde;PARTIDO ALIANZA VERDE;19
PACHAVITA;Jose Rafael Roa Diaz;PARTIDO ADA;18
PACHAVITA;Doemi Del Carmen Salamanca Huertas;PARTIDO CONSERVADOR COLOMBIANO;16
PACHAVITA;Pablo Alonso Suarez Vela;PARTIDO ADA;14
PACHAVITA;Edilfa Hernandez Gamba;PARTIDO SOCIAL DE UNIDAD NACIONAL  PARTIDO DE LA U;11
PACHAVITA;Efrain Amaya Gamba;PARTIDO SOCIAL DE UNIDAD NACIONAL  PARTIDO DE LA U;10
PACHAVITA;Partido Centro Democratico;PARTIDO CENTRO DEMOCRATICO;10
PACHAVITA;Jhon Eduard Gomez;PARTIDO SOCIAL DE UNIDAD NACIONAL  PARTIDO DE LA U;8
PACHAVITA;Nancy Medina Buitrago;PARTIDO ADA;6
PACHAVITA;Partido Conservador Colombiano;PARTIDO CONSERVADOR COLOMBIANO;5
PACHAVITA;Sandra Janeth Porras Chacon;PARTIDO SOCIAL DE UNIDAD NACIONAL  PARTIDO DE LA U;5
PACHAVITA;Partido Social De Unidad Nacional  Partido De La U;PARTIDO SOCIAL DE UNIDAD NACIONAL  PARTIDO DE LA U;2
PAEZ;Sonia Esperanza Vargas Turmeque;PARTIDO CENTRO DEMOCRATICO;215
PAEZ;Luis Hernando Coronado Zubieta;PARTIDO CENTRO DEMOCRATICO;178
PAEZ;Israel Calderon;PARTIDO ALIANZA VERDE;152
PAEZ;Claudia Patricia Bernal Lozano;PARTIDO SOCIAL DE UNIDAD NACIONAL  PARTIDO DE LA U;149
PAEZ;Hernan Elias Moreno Alfonso;PARTIDO LIBERAL COLOMBIANO;137
PAEZ;Edgar Harley Lopez Bohorquez;PARTIDO LIBERAL COLOMBIANO;112
PAEZ;Jorge Luis Isairias Suarez;PARTIDO CENTRO DEMOCRATICO;105
PAEZ;Gladys Stella Lopez Vargas;PARTIDO CENTRO DEMOCRATICO;90
PAEZ;Beder Jaime Acosta Alfonso;PARTIDO CENTRO DEMOCRATICO;82
PAEZ;Henry Hernan Monroy Ramirez;PARTIDO LIBERAL COLOMBIANO;82
PAEZ;Jose Ancelmo Cruz Moreno;PARTIDO ALIANZA VERDE;76
PAEZ;Rosalba Vega Amaya;PARTIDO ALIANZA VERDE;75
PAEZ;Jaime Mesa Pulido;PARTIDO ALIANZA VERDE;66
PAEZ;Leticia Paez Plazas;PARTIDO ALIANZA VERDE;61
PAEZ;Walter Ruiz Vega;PARTIDO SOCIAL DE UNIDAD NACIONAL  PARTIDO DE LA U;51
PAEZ;German Zubieta;PARTIDO SOCIAL DE UNIDAD NACIONAL  PARTIDO DE LA U;38
PAEZ;Gimber Inocencio Melo Rodriguez;PARTIDO ALIANZA VERDE;37
PAEZ;Jose Rolfe Juya Rubio;PARTIDO CENTRO DEMOCRATICO;37
PAEZ;Henrry Yonedar Zambrano Zambrano;PARTIDO SOCIAL DE UNIDAD NACIONAL  PARTIDO DE LA U;35
PAEZ;Epimenio Caballero Mendoza;PARTIDO SOCIAL DE UNIDAD NACIONAL  PARTIDO DE LA U;31
PAEZ;Lud Yelina Varela Contreras;PARTIDO SOCIAL DE UNIDAD NACIONAL  PARTIDO DE LA U;26
PAEZ;Jennifer Carolina Alfonso Cucaita;PARTIDO CENTRO DEMOCRATICO;25
PAEZ;Partido Liberal Colombiano;PARTIDO LIBERAL COLOMBIANO;19
PAEZ;Yerly Marisol Roa Arguello;PARTIDO LIBERAL COLOMBIANO;18
PAEZ;Hernan Mauricio Romero Guaduas;PARTIDO LIBERAL COLOMBIANO;14
PAEZ;Partido Alianza Verde;PARTIDO ALIANZA VERDE;10
PAEZ;Diana Marcela Carranza Morales;PARTIDO LIBERAL COLOMBIANO;9
PAEZ;Partido Social De Unidad Nacional  Partido De La U;PARTIDO SOCIAL DE UNIDAD NACIONAL  PARTIDO DE LA U;7
PAEZ;Partido Centro Democratico;PARTIDO CENTRO DEMOCRATICO;6
PAIPA;David Ricardo Camargo Higuera;PARTIDO LIBERAL COLOMBIANO;628
PAIPA;Partido Colombia Justa Libres;PARTIDO COLOMBIA JUSTA LIBRES;621
PAIPA;Pablo Cesar Perez Castro;PAIPA IDEAL;567
PAIPA;Felix Dario Tamayo Tamayo;PARTIDO CONSERVADOR COLOMBIANO;532
PAIPA;Jairo Andres Hurtado Ortiz;PARTIDO LIBERAL COLOMBIANO;529
PAIPA;Emerson German Rodriguez Bosiga;PARTIDO LIBERAL COLOMBIANO;524
PAIPA;Fredy Humberto Henao Diaz;PARTIDO CAMBIO RADICAL;518
PAIPA;Henrry Duarte;PARTIDO LIBERAL COLOMBIANO;513
PAIPA;Jose Medardo Leguizamo Diaz;PARTIDO ALIANZA VERDE;492
PAIPA;Luis Alejandro Neissa Hornero;PARTIDO LIBERAL COLOMBIANO;485
PAIPA;Libardo Ruiz;PARTIDO CONSERVADOR COLOMBIANO;476
PAIPA;Olga Yaneth Becerra Fonseca;PARTIDO ALIANZA VERDE;455
PAIPA;Ivan Ricardo Aguirre Prieto;PAIPA IDEAL;446
PAIPA;Marco Antonio Garcia Castillo;PAIPA IDEAL;430
PAIPA;Miguel Ignacio Vargas Aguilar;PARTIDO LIBERAL COLOMBIANO;394
PAIPA;Romelth Alberto Suarez Ayala;PAIPA IDEAL;363
PAIPA;Yovany Suarez Perez;PARTIDO ALIANZA VERDE;355
PAIPA;Angel Yesyd Morales Reina;MOVIMIENTO ALTERNATIVO INDIGENA Y SOCIAL MAIS;350
PAIPA;Mauricio Benavides Pamplona;PARTIDO ALIANZA VERDE;344
PAIPA;Brayan Eduardo Pacheco Medina;PARTIDO CONSERVADOR COLOMBIANO;335
PAIPA;Gustavo Ovidio Diaz Tamayo;PARTIDO CENTRO DEMOCRATICO;312
PAIPA;Miguel Iguavita Bohorques;PARTIDO ALIANZA SOCIAL INDEPENDIENTE ASI;295
PAIPA;Juan Pablo Andrade Lee;PARTIDO LIBERAL COLOMBIANO;294
PAIPA;Jose Jacinto Lopez Lopez;PARTIDO ALIANZA VERDE;282
PAIPA;Ivan Gabriel Lara Martinez;PARTIDO CAMBIO RADICAL;260
PAIPA;Maria Del Rosario Sanchez Tuta;PARTIDO LIBERAL COLOMBIANO;252
PAIPA;Wilson Antonio Ramirez Mosquera;PARTIDO ALIANZA SOCIAL INDEPENDIENTE ASI;240
PAIPA;Yeffer Alberto Patarroyo Rosas;PARTIDO ALIANZA VERDE;226
PAIPA;Leonell Alfredo Rodriguez Rodriguez;PARTIDO CENTRO DEMOCRATICO;214
PAIPA;Victor Julio Avellaneda Hurtado;PARTIDO CAMBIO RADICAL;213
PAIPA;Eider Hernando Ostos Sanchez;PAIPA IDEAL;211
PAIPA;Jhan Alexander Zambrano Perez;PARTIDO ALIANZA VERDE;208
PAIPA;Maria Alejandra Pico Gama;PARTIDO ALIANZA VERDE;208
PAIPA;Partido Alianza Verde;PARTIDO ALIANZA VERDE;198
PAIPA;Lucy Marcela Avendaño;PARTIDO POLITICO  MIRA;179
PAIPA;Rafael Antonio Lache Tuta;PARTIDO CAMBIO RADICAL;165
PAIPA;Luis Eduardo Cruz Baron;PARTIDO ALIANZA SOCIAL INDEPENDIENTE ASI;155
PAIPA;Wilson Rene Patarroyo Diaz;PARTIDO CONSERVADOR COLOMBIANO;152
PAIPA;Claudia Mercedes Diaz Tocarruncho;PARTIDO CONSERVADOR COLOMBIANO;144
PAIPA;Manuel Hugo Galeano Hurtado;MOVIMIENTO ALTERNATIVO INDIGENA Y SOCIAL MAIS;141
PAIPA;Miguel Angel Velandia Perez;PARTIDO CONSERVADOR COLOMBIANO;137
PAIPA;Carlos Andres Avendaño Chaves;PAIPA IDEAL;136
PAIPA;Partido Liberal Colombiano;PARTIDO LIBERAL COLOMBIANO;131
PAIPA;Julian Ricardo Niño Ruiz;PARTIDO ALIANZA VERDE;130
PAIPA;Rafael Enrique Hernandez Puerto;PARTIDO CENTRO DEMOCRATICO;127
PAIPA;Blanca Isabel Camargo Bonilla;PAIPA IDEAL;124
PAIPA;Blanca Josefina Pacheco De Solano;PARTIDO CONSERVADOR COLOMBIANO;122
PAIPA;Yorly Carolina Rodriguez Valderrama;PARTIDO CAMBIO RADICAL;111
PAIPA;Sandra Marcela Acevedo Gonzalez;COLOMBIA HUMANA - UNION PATRIOTICA;108
PAIPA;Henry Guio Corredor;PARTIDO ALIANZA SOCIAL INDEPENDIENTE ASI;104
PAIPA;Wilmar Dario Martinez Pacheco;MOVIMIENTO ALTERNATIVO INDIGENA Y SOCIAL MAIS;102
PAIPA;Sandra Milena Corredor Bustamante;PARTIDO CENTRO DEMOCRATICO;95
PAIPA;Ronald Leonardo Sanchez Barrera;MOVIMIENTO ALTERNATIVO INDIGENA Y SOCIAL MAIS;91
PAIPA;Luis Maximino Sandoval Camargo;PARTIDO ALIANZA SOCIAL INDEPENDIENTE ASI;90
PAIPA;Yecid Freddy Higuera Becerra;PARTIDO CENTRO DEMOCRATICO;88
PAIPA;Diana Paola Hosttos Ayala;PARTIDO CONSERVADOR COLOMBIANO;87
PAIPA;Alicia Rico Martinez;PARTIDO CONSERVADOR COLOMBIANO;82
PAIPA;Maria Del Pilar Herrera Puerto;PARTIDO LIBERAL COLOMBIANO;81
PAIPA;Juan Carlos Perez Puerto;PAIPA IDEAL;69
PAIPA;Nancy Pilar Gamboa Avila;PARTIDO ALIANZA VERDE;69
PAIPA;Humberto Lache Barrera;PARTIDO CONSERVADOR COLOMBIANO;66
PAIPA;Mario Quintero Baron;COLOMBIA HUMANA - UNION PATRIOTICA;66
PAIPA;Vilma Leonor Ochoa Barajas;PARTIDO CENTRO DEMOCRATICO;66
PAIPA;Camilo Andres Leandro Sierra;PARTIDO CAMBIO RADICAL;65
PAIPA;Ivan Yecid Monroy Ochoa;PARTIDO ALIANZA SOCIAL INDEPENDIENTE ASI;64
PAIPA;Gonzalo Rodriguez Monroy;COLOMBIA HUMANA - UNION PATRIOTICA;63
PAIPA;Jhon Fredy Ortiz Camargo;PARTIDO CENTRO DEMOCRATICO;63
PAIPA;Gina Paola Caicedo Waldron;PARTIDO ALIANZA VERDE;59
PAIPA;Carlos Andres Fonseca Avella;PARTIDO CENTRO DEMOCRATICO;58
PAIPA;Leidy Rocio Acuña Bosigas;PARTIDO POLITICO  MIRA;55
PAIPA;Abel Hostos Corredor;PARTIDO ALIANZA VERDE;53
PAIPA;Partido Centro Democratico;PARTIDO CENTRO DEMOCRATICO;53
PAIPA;Partido Conservador Colombiano;PARTIDO CONSERVADOR COLOMBIANO;53
PAIPA;Wilmer Orlando Tellez Botia;PARTIDO POLITICO  MIRA;53
PAIPA;Claudia Marcela Rojas Reyes;PAIPA IDEAL;52
PAIPA;Doris Dariela Portela Carranza;PARTIDO CAMBIO RADICAL;51
PAIPA;Jeimy Tocarruncho Arevalo;PARTIDO CENTRO DEMOCRATICO;50
PAIPA;Daniel Camilo Nossa Becerra;PARTIDO ALIANZA VERDE;46
PAIPA;Jenny Patricia Chipatecua Parra;PAIPA IDEAL;46
PAIPA;Laura Yineth Vargas Pineda;PARTIDO CONSERVADOR COLOMBIANO;46
PAIPA;Ivan David Rodriguez Hernandez;PARTIDO CAMBIO RADICAL;45
PAIPA;Eduardo Giraldo Umaña;COLOMBIA HUMANA - UNION PATRIOTICA;44
PAIPA;Paipa Ideal;PAIPA IDEAL;44
PAIPA;Maria Camila Alzate Granados;PARTIDO LIBERAL COLOMBIANO;42
PAIPA;Alejandra Arias Morales;PAIPA IDEAL;41
PAIPA;Luz Dary Rodriguez Avila;PARTIDO LIBERAL COLOMBIANO;41
PAIPA;Partido Alianza Social Independiente Asi;PARTIDO ALIANZA SOCIAL INDEPENDIENTE ASI;40
PAIPA;Rodrigo Jacinto Vasquez Agudelo;PARTIDO LIBERAL COLOMBIANO;38
PAIPA;Sergio Barrera Moreno;PARTIDO CAMBIO RADICAL;37
PAIPA;Sandro Sanabria Puerto;PARTIDO CENTRO DEMOCRATICO;35
PAIPA;Magda Liliana Orjuela Santamaria;MOVIMIENTO ALTERNATIVO INDIGENA Y SOCIAL MAIS;34
PAIPA;Sonia Helena Ortiz Saenz;PARTIDO CENTRO DEMOCRATICO;34
PAIPA;Jose Anatolio Vasquez Corredor;MOVIMIENTO ALTERNATIVO INDIGENA Y SOCIAL MAIS;33
PAIPA;Miller Gaston Canaria Alba;PARTIDO CENTRO DEMOCRATICO;33
PAIPA;Movimiento Alternativo Indigena Y Social Mais;MOVIMIENTO ALTERNATIVO INDIGENA Y SOCIAL MAIS;30
PAIPA;Partido Cambio Radical;PARTIDO CAMBIO RADICAL;30
PAIPA;Jose Eduardo Ortiz Rincon;PARTIDO CONSERVADOR COLOMBIANO;29
PAIPA;Oscar Andres Romero Ayala;COLOMBIA HUMANA - UNION PATRIOTICA;27
PAIPA;Yenny Yohana Peña Peña;PARTIDO CENTRO DEMOCRATICO;27
PAIPA;William David Valderrama Alvarado;PARTIDO POLITICO  MIRA;26
PAIPA;Colombia Humana - Union Patriotica;COLOMBIA HUMANA - UNION PATRIOTICA;25
PAIPA;Leidy Johana Niño Patarroyo;PARTIDO CAMBIO RADICAL;25
PAIPA;Angela Estefania Tova Garcia;COLOMBIA HUMANA - UNION PATRIOTICA;24
PAIPA;Gilberto Antonio Fonseca Echeverria;PARTIDO ALIANZA SOCIAL INDEPENDIENTE ASI;23
PAIPA;Ruth Mireya Sanchez Rodriguez;PARTIDO ALIANZA SOCIAL INDEPENDIENTE ASI;23
PAIPA;Silvino Camacho Quintero;PARTIDO CONSERVADOR COLOMBIANO;23
PAIPA;Diego Armando Benitez;MOVIMIENTO ALTERNATIVO INDIGENA Y SOCIAL MAIS;22
PAIPA;Jaime Paipilla Camargo;COLOMBIA HUMANA - UNION PATRIOTICA;22
PAIPA;Luz Alexandra Sierra Echeverry;PARTIDO CAMBIO RADICAL;21
PAIPA;Nelcy Eblin Piramanrique Piñeros;MOVIMIENTO ALTERNATIVO INDIGENA Y SOCIAL MAIS;21
PAIPA;Angela Maria Melo Gutierrez;MOVIMIENTO ALTERNATIVO INDIGENA Y SOCIAL MAIS;20
PAIPA;Andres Corredor Parra;MOVIMIENTO ALTERNATIVO INDIGENA Y SOCIAL MAIS;19
PAIPA;Fabio Alberto Barrera Rodriguez;PARTIDO CAMBIO RADICAL;19
PAIPA;Partido Politico  Mira;PARTIDO POLITICO  MIRA;18
PAIPA;Sandra Viviana Gomez Fierro;PARTIDO ALIANZA SOCIAL INDEPENDIENTE ASI;18
PAIPA;Angie Sthefanny Tellez Quintero;PARTIDO ALIANZA SOCIAL INDEPENDIENTE ASI;17
PAIPA;Maria Emilce Rojas Toba;PARTIDO ALIANZA SOCIAL INDEPENDIENTE ASI;15
PAIPA;Angela Consuelo Aponte Molina;PARTIDO CAMBIO RADICAL;13
PAIPA;Aurora Vittoria Giuseppina Mastromatteo Carreño;COLOMBIA HUMANA - UNION PATRIOTICA;13
PAIPA;Martha Lucia Fonseca Arcila;MOVIMIENTO ALTERNATIVO INDIGENA Y SOCIAL MAIS;12
PAIPA;Francisco Javier Monroy Ramirez;PAIPA IDEAL;11
PAIPA;Jorge Andres Ortega Gutierrez;PARTIDO ALIANZA SOCIAL INDEPENDIENTE ASI;9
PAJARITO;Yesica Natalia Rojas Naranjo;PARTIDO SOCIAL DE UNIDAD NACIONAL  PARTIDO DE LA U;112
PAJARITO;Jaime Sanchez Cruz;PARTIDO SOCIAL DE UNIDAD NACIONAL  PARTIDO DE LA U;77
PAJARITO;Alberto Duarte Guzman;MOVIMIENTO ALTERNATIVO INDIGENA Y SOCIAL MAIS;76
PAJARITO;Alfonso Uribe;PARTIDO CAMBIO RADICAL;68
PAJARITO;Feyberth Leonardo Miranda Rojas;PARTIDO LIBERAL COLOMBIANO;64
PAJARITO;Martha Rocio Mora Morales;PARTIDO LIBERAL COLOMBIANO;63
PAJARITO;Daniel Ricardo Suarez Daza;PARTIDO ALIANZA SOCIAL INDEPENDIENTE ASI;60
PAJARITO;Erika Ximena Silva Caro;MOVIMIENTO ALTERNATIVO INDIGENA Y SOCIAL MAIS;59
PAJARITO;Henry Calixto Chaparro Cardenas;PARTIDO SOCIAL DE UNIDAD NACIONAL  PARTIDO DE LA U;54
PAJARITO;Ismael Ayala Lemus;PARTIDO ALIANZA SOCIAL INDEPENDIENTE ASI;47
PAJARITO;Edwin Said Sanchez Gutierrez;PARTIDO CENTRO DEMOCRATICO;46
PAJARITO;Ineldo Rodriguez Zubieta;PARTIDO SOCIAL DE UNIDAD NACIONAL  PARTIDO DE LA U;46
PAJARITO;Ana Isolina Vargas Balaguera;PARTIDO COLOMBIA RENACIENTE;45
PAJARITO;Carlos Arturo Cruz Viasus;PARTIDO SOCIAL DE UNIDAD NACIONAL  PARTIDO DE LA U;37
PAJARITO;Rodrigo Torres Sanabria;PARTIDO COLOMBIA RENACIENTE;37
PAJARITO;Joan Sebastian Rojas Bayona;PARTIDO CAMBIO RADICAL;36
PAJARITO;Edgar Garnica Gomez;PARTIDO LIBERAL COLOMBIANO;33
PAJARITO;Gustavo Alfonso Acevedo Martinez;MOVIMIENTO ALTERNATIVO INDIGENA Y SOCIAL MAIS;33
PAJARITO;Claudia Isabel Cardenas Sanchez;PARTIDO ALIANZA SOCIAL INDEPENDIENTE ASI;31
PAJARITO;Jose Ricardo Bello Avella;PARTIDO ALIANZA SOCIAL INDEPENDIENTE ASI;30
PAJARITO;Luis Alejandro Rojas Caceres;PARTIDO COLOMBIA RENACIENTE;30
PAJARITO;Maria Yenith Rincon;PARTIDO SOCIAL DE UNIDAD NACIONAL  PARTIDO DE LA U;29
PAJARITO;Jorge Enrique Yanquen Sanchez;PARTIDO CAMBIO RADICAL;28
PAJARITO;Manuel Antonio Galindo Vega;PARTIDO CENTRO DEMOCRATICO;26
PAJARITO;Helber Danilo Rodriguez Munevar;PARTIDO CAMBIO RADICAL;24
PAJARITO;Petain Rodriguez Sanchez;PARTIDO ALIANZA VERDE;24
PAJARITO;Angelica Perez Gonzalez;PARTIDO CAMBIO RADICAL;18
PAJARITO;Cristian Andres Hernandez Barrera;PARTIDO COLOMBIA RENACIENTE;18
PAJARITO;Jayden Alexander Flores Africano;PARTIDO ALIANZA VERDE;14
PAJARITO;Yesenia Gutierrez Gutierrez;PARTIDO CENTRO DEMOCRATICO;12
PAJARITO;Adriana Lizeth Mariño Leon;PARTIDO CENTRO DEMOCRATICO;9
PAJARITO;Edgar Nestor Barrero Vega;PARTIDO CENTRO DEMOCRATICO;9
PAJARITO;Partido Social De Unidad Nacional  Partido De La U;PARTIDO SOCIAL DE UNIDAD NACIONAL  PARTIDO DE LA U;8
PAJARITO;Martha Ludy Rojas Fonseca;PARTIDO ALIANZA VERDE;7
PAJARITO;Partido Colombia Renaciente;PARTIDO COLOMBIA RENACIENTE;5
PAJARITO;Nydia Marcela Palacios Chaparro;PARTIDO LIBERAL COLOMBIANO;4
PAJARITO;Partido Cambio Radical;PARTIDO CAMBIO RADICAL;4
PAJARITO;Partido Liberal Colombiano;PARTIDO LIBERAL COLOMBIANO;4
PAJARITO;Fernando Albeiro Perez Solano;PARTIDO ALIANZA VERDE;3
PAJARITO;German Acevedo Rios;PARTIDO COLOMBIA RENACIENTE;3
PAJARITO;Kimberlly Maily Perez Hernandez;PARTIDO COLOMBIA RENACIENTE;3
PAJARITO;Partido Alianza Social Independiente Asi;PARTIDO ALIANZA SOCIAL INDEPENDIENTE ASI;3
PAJARITO;Wilmar Chavarria Posada;MOVIMIENTO ALTERNATIVO INDIGENA Y SOCIAL MAIS;3
PAJARITO;Estela Carrillo Carreño;PARTIDO ALIANZA SOCIAL INDEPENDIENTE ASI;2
PAJARITO;Luz Dary Caceres Ariza;PARTIDO ALIANZA VERDE;2
PAJARITO;Partido Centro Democratico;PARTIDO CENTRO DEMOCRATICO;2
PAJARITO;Andrea Paola Sanchez Gutierrez;MOVIMIENTO ALTERNATIVO INDIGENA Y SOCIAL MAIS;1
PAJARITO;Edilma Avella Barrera;PARTIDO LIBERAL COLOMBIANO;1
PAJARITO;Harol Norbey Chaparro Sanchez;PARTIDO ALIANZA VERDE;1
PAJARITO;Partido Alianza Verde;PARTIDO ALIANZA VERDE;1
PAJARITO;Movimiento Alternativo Indigena Y Social Mais;MOVIMIENTO ALTERNATIVO INDIGENA Y SOCIAL MAIS;0
PANQUEBA;John Guillermo Escamilla Correa;PARTIDO LIBERAL COLOMBIANO;174
PANQUEBA;Luis Miguel Rojas Nieto;PARTIDO CONSERVADOR COLOMBIANO;113
PANQUEBA;Rosa Elena Velandia Gonzalez;PARTIDO ALIANZA VERDE;98
PANQUEBA;Irma Maria Alvarez Mora;PARTIDO ALIANZA VERDE;85
PANQUEBA;Jose Armando Barrera Velandia;PARTIDO SOCIAL DE UNIDAD NACIONAL  PARTIDO DE LA U;79
PANQUEBA;Wiliam Blanco Torres;PARTIDO SOCIAL DE UNIDAD NACIONAL  PARTIDO DE LA U;75
PANQUEBA;Luis Hernando Romero Puentes;PARTIDO SOCIAL DE UNIDAD NACIONAL  PARTIDO DE LA U;62
PANQUEBA;Luz Marina Albarracin Estupiñan;PARTIDO ALIANZA VERDE;54
PANQUEBA;Maria Griselda Garcia Bernal;PARTIDO SOCIAL DE UNIDAD NACIONAL  PARTIDO DE LA U;53
PANQUEBA;Jairo Alonso Rojas Garcia;PARTIDO LIBERAL COLOMBIANO;45
PANQUEBA;Carmen Cecilia Guecha Cuevas;PARTIDO SOCIAL DE UNIDAD NACIONAL  PARTIDO DE LA U;41
PANQUEBA;Luis Gabriel Romero Duarte;PARTIDO CONSERVADOR COLOMBIANO;41
PANQUEBA;Oscar Javier Carrillo Ballesteros;PARTIDO ALIANZA VERDE;41
PANQUEBA;Rosa Edilsa Nieto Sua;PARTIDO CONSERVADOR COLOMBIANO;35
PANQUEBA;Oscar Ruben Wilches Perez;PARTIDO CONSERVADOR COLOMBIANO;33
PANQUEBA;Aura Cecilia Nieto Velandia;PARTIDO SOCIAL DE UNIDAD NACIONAL  PARTIDO DE LA U;25
PANQUEBA;Luis Hernando Bautista Bautista;PARTIDO ALIANZA VERDE;25
PANQUEBA;Partido Alianza Verde;PARTIDO ALIANZA VERDE;17
PANQUEBA;Julie Alexandra Carreño Eslava;PARTIDO ALIANZA VERDE;16
PANQUEBA;Berenice Salcedo;PARTIDO CENTRO DEMOCRATICO;14
PANQUEBA;Hermes Jose Torres Garcia;PARTIDO SOCIAL DE UNIDAD NACIONAL  PARTIDO DE LA U;14
PANQUEBA;Myriam Elizabeth Eslava Quintana;PARTIDO LIBERAL COLOMBIANO;11
PANQUEBA;Partido Liberal Colombiano;PARTIDO LIBERAL COLOMBIANO;9
PANQUEBA;Jenny Kateryne Salazar Guerrero;PARTIDO CENTRO DEMOCRATICO;7
PANQUEBA;Partido Social De Unidad Nacional  Partido De La U;PARTIDO SOCIAL DE UNIDAD NACIONAL  PARTIDO DE LA U;5
PANQUEBA;Aurora Garcia Rico;PARTIDO CONSERVADOR COLOMBIANO;4
PANQUEBA;Partido Conservador Colombiano;PARTIDO CONSERVADOR COLOMBIANO;4
PANQUEBA;Luis Eduardo Jaramillo Ortega;PARTIDO CENTRO DEMOCRATICO;2
PANQUEBA;Partido Centro Democratico;PARTIDO CENTRO DEMOCRATICO;1
PAUNA;Jose Israel Florian Florian;PARTIDO CONSERVADOR COLOMBIANO;220
PAUNA;Luis Humberto Alfonso Garcia;PARTIDO CENTRO DEMOCRATICO;205
PAUNA;Pedro Nel Forero Garcia;PARTIDO CAMBIO RADICAL;192
PAUNA;Luis Enrique Martinez Cañon;PARTIDO CONSERVADOR COLOMBIANO;184
PAUNA;Henry Jobanny Suarez Buitrago;PARTIDO CENTRO DEMOCRATICO;179
PAUNA;Diana Raquel Diaz Zapata;PARTIDO ALIANZA VERDE;171
PAUNA;Javier Hernando Villamil Garcia;PARTIDO SOCIAL DE UNIDAD NACIONAL  PARTIDO DE LA U;164
PAUNA;Edison Enrique Gonzalez Guerrero;PARTIDO ALIANZA VERDE;162
PAUNA;Jorge Humberto Pinilla Rodriguez;PARTIDO CAMBIO RADICAL;159
PAUNA;Mayerly Buitrago Sanchez;PARTIDO CENTRO DEMOCRATICO;147
PAUNA;Fredy Alexander Cañon Carvajal;PARTIDO ALIANZA SOCIAL INDEPENDIENTE ASI;139
PAUNA;Gustavo De Jesus Martinez Murcia;PARTIDO ALIANZA SOCIAL INDEPENDIENTE ASI;130
PAUNA;Vicente Ortiz Villamil;PARTIDO CENTRO DEMOCRATICO;130
PAUNA;Luis Emiro Garcia Garcia;PARTIDO SOCIAL DE UNIDAD NACIONAL  PARTIDO DE LA U;125
PAUNA;Claudia Marinela Carrillo Lancheros;MOVIMIENTO ALTERNATIVO INDIGENA Y SOCIAL MAIS;97
PAUNA;Segundo Guillermo Sanchez Garcia;PARTIDO CENTRO DEMOCRATICO;86
PAUNA;Jose Raul Poveda Paez;PARTIDO ALIANZA VERDE;74
PAUNA;Gisela Alejandra Alfonso Casallas;PARTIDO SOCIAL DE UNIDAD NACIONAL  PARTIDO DE LA U;73
PAUNA;Yamid Antonio Santana Beltran;PARTIDO SOCIAL DE UNIDAD NACIONAL  PARTIDO DE LA U;71
PAUNA;Flavio Amadeo Cañon Cañon;PARTIDO SOCIAL DE UNIDAD NACIONAL  PARTIDO DE LA U;70
PAUNA;Naida Julieth Olmos Guerrero;PARTIDO ALIANZA SOCIAL INDEPENDIENTE ASI;67
PAUNA;Gustavo Heladio Torres Sanchez;MOVIMIENTO ALTERNATIVO INDIGENA Y SOCIAL MAIS;66
PAUNA;Wilmer Yesid Ortiz Buitrago;PARTIDO ALIANZA VERDE;66
PAUNA;Cesar Andres Vargas Rodriguez;PARTIDO CONSERVADOR COLOMBIANO;64
PAUNA;Flavio Eduardo Gonzalez Casallas;PARTIDO CONSERVADOR COLOMBIANO;63
PAUNA;Alba Nelly Florez Riaño;PARTIDO CENTRO DEMOCRATICO;61
PAUNA;Dario Roa Camargo;PARTIDO ALIANZA SOCIAL INDEPENDIENTE ASI;57
PAUNA;Manuel Fernando Granados Canon;PARTIDO CAMBIO RADICAL;55
PAUNA;Enrrique Garcia Gonzalez;PARTIDO CENTRO DEMOCRATICO;54
PAUNA;Jose Ivan Lancheros Paez;PARTIDO CENTRO DEMOCRATICO;54
PAUNA;Derman Orley Guevara Castro;PARTIDO CAMBIO RADICAL;52
PAUNA;Jorge Alirio Murillo Torres;PARTIDO ALIANZA SOCIAL INDEPENDIENTE ASI;47
PAUNA;Jose Dario Celis Gonzalez;PARTIDO SOCIAL DE UNIDAD NACIONAL  PARTIDO DE LA U;47
PAUNA;Jorge Enrique Rendon Pinilla;PARTIDO ALIANZA SOCIAL INDEPENDIENTE ASI;46
PAUNA;Wilder Uriel Russi Murcia;PARTIDO SOCIAL DE UNIDAD NACIONAL  PARTIDO DE LA U;46
PAUNA;Partido Centro Democratico;PARTIDO CENTRO DEMOCRATICO;39
PAUNA;Luz Mery Vega Parra;PARTIDO SOCIAL DE UNIDAD NACIONAL  PARTIDO DE LA U;37
PAUNA;Luis Ezequiel Chaparro Castañeda;PARTIDO ALIANZA SOCIAL INDEPENDIENTE ASI;36
PAUNA;Gerardo Melo Angulo;PARTIDO ALIANZA SOCIAL INDEPENDIENTE ASI;35
PAUNA;Blanca Mery Neisa De Arguello;PARTIDO ALIANZA SOCIAL INDEPENDIENTE ASI;34
PAUNA;Eliades Garcia Garcia;PARTIDO CAMBIO RADICAL;31
PAUNA;Dora Mayerly Pineda Arias;PARTIDO CENTRO DEMOCRATICO;30
PAUNA;Martin Guzman Peralta;PARTIDO SOCIAL DE UNIDAD NACIONAL  PARTIDO DE LA U;30
PAUNA;Partido Alianza Verde;PARTIDO ALIANZA VERDE;28
PAUNA;Silvestre Mateus Prieto;PARTIDO CONSERVADOR COLOMBIANO;25
PAUNA;Nestor Antonio Puentes Castro;PARTIDO CONSERVADOR COLOMBIANO;22
PAUNA;Niba Margoth Albañil Furque;PARTIDO CENTRO DEMOCRATICO;22
PAUNA;Orlando Andres Villamil Amaranto;PARTIDO CAMBIO RADICAL;22
PAUNA;Siervo De Jesus Murcia;PARTIDO ALIANZA VERDE;22
PAUNA;Partido Cambio Radical;PARTIDO CAMBIO RADICAL;21
PAUNA;Edimer Alonso Villamil Villalobos;PARTIDO CENTRO DEMOCRATICO;19
PAUNA;Alba Luz Russi Pulido;PARTIDO ALIANZA VERDE;17
PAUNA;Ibeth Milena Parra Caro;PARTIDO SOCIAL DE UNIDAD NACIONAL  PARTIDO DE LA U;17
PAUNA;Nury Yadira Garcia Tello;PARTIDO CONSERVADOR COLOMBIANO;17
PAUNA;Partido Conservador Colombiano;PARTIDO CONSERVADOR COLOMBIANO;17
PAUNA;Dianira Amparo Ritiva Peña;PARTIDO SOCIAL DE UNIDAD NACIONAL  PARTIDO DE LA U;16
PAUNA;Yudy Marcela Peña Candela;PARTIDO CONSERVADOR COLOMBIANO;15
PAUNA;Partido Alianza Social Independiente Asi;PARTIDO ALIANZA SOCIAL INDEPENDIENTE ASI;14
PAUNA;Partido Social De Unidad Nacional  Partido De La U;PARTIDO SOCIAL DE UNIDAD NACIONAL  PARTIDO DE LA U;14
PAUNA;Angelmiro Bernal Peña;PARTIDO ALIANZA VERDE;13
PAUNA;Mayerly Herrera Neiza;PARTIDO CONSERVADOR COLOMBIANO;13
PAUNA;Leidy Julieth Salinas Guerrero;PARTIDO ALIANZA VERDE;12
PAUNA;Yenni Amanda Rojas Bonilla;PARTIDO CONSERVADOR COLOMBIANO;12
PAUNA;Marco Antonio Carrillo Sierra;PARTIDO CAMBIO RADICAL;11
PAUNA;Dora Emilce Porras Forero;PARTIDO CAMBIO RADICAL;10
PAUNA;Jorge Ivan Cañon Parra;MOVIMIENTO ALTERNATIVO INDIGENA Y SOCIAL MAIS;10
PAUNA;Jose Francelias Castillo Velandia;MOVIMIENTO ALTERNATIVO INDIGENA Y SOCIAL MAIS;10
PAUNA;Monica Lourdes Lancheros Delgado;PARTIDO CAMBIO RADICAL;10
PAUNA;Pedro Alfonso Leon;PARTIDO CONSERVADOR COLOMBIANO;9
PAUNA;Carmen Cecilia Bonilla Garcia;MOVIMIENTO ALTERNATIVO INDIGENA Y SOCIAL MAIS;8
PAUNA;Yani Mireya Castro Garcia;PARTIDO ALIANZA SOCIAL INDEPENDIENTE ASI;8
PAUNA;Movimiento Alternativo Indigena Y Social Mais;MOVIMIENTO ALTERNATIVO INDIGENA Y SOCIAL MAIS;7
PAUNA;Luis Eladio Cuellar Jimenez;MOVIMIENTO ALTERNATIVO INDIGENA Y SOCIAL MAIS;6
PAUNA;Blanca Ines Villalobos Osma;MOVIMIENTO ALTERNATIVO INDIGENA Y SOCIAL MAIS;5
PAUNA;Jeanson Arley Matallana Solano;PARTIDO ALIANZA VERDE;4
PAUNA;Hermelinda Pineda Peña;PARTIDO CAMBIO RADICAL;3
PAUNA;Myriam Janeth Cruz Garcia;MOVIMIENTO ALTERNATIVO INDIGENA Y SOCIAL MAIS;3
PAUNA;Ruby Yalexi Gonzalez Gonzalez;PARTIDO ALIANZA SOCIAL INDEPENDIENTE ASI;3
PAUNA;Clara Ines Ortiz Zabala;PARTIDO CAMBIO RADICAL;1
PAUNA;Claudia Patricia Quesada Castellanos;PARTIDO ALIANZA VERDE;1
PAYA;Gustavo Perez Vega;MOVIMIENTO ALTERNATIVO INDIGENA Y SOCIAL MAIS;139
PAYA;Guillermo Aaron Garcia Alferez;PARTIDO SOCIAL DE UNIDAD NACIONAL  PARTIDO DE LA U;94
PAYA;Nelcy Lorena Garcia Rivera;MOVIMIENTO ALTERNATIVO INDIGENA Y SOCIAL MAIS;85
PAYA;Maria Del Carmen Torres Pereira;MOVIMIENTO ALTERNATIVO INDIGENA Y SOCIAL MAIS;81
PAYA;Omaira Perez Vega;PARTIDO SOCIAL DE UNIDAD NACIONAL  PARTIDO DE LA U;80
PAYA;Albaro Fonseca Bautista;PARTIDO ALIANZA SOCIAL INDEPENDIENTE ASI;78
PAYA;Jorge Tabaco Largo;PARTIDO ALIANZA VERDE;46
PAYA;Fredy Montaña Pacagui;PARTIDO CENTRO DEMOCRATICO;39
PAYA;Victor Hugo Rios Maldonado;PARTIDO CAMBIO RADICAL;38
PAYA;Eliecer Caro Ortiz;MOVIMIENTO ALTERNATIVO INDIGENA Y SOCIAL MAIS;37
PAYA;Juan De Jesus Romero Diaz;PARTIDO ALIANZA SOCIAL INDEPENDIENTE ASI;34
PAYA;German Higuera Cardenas;PARTIDO SOCIAL DE UNIDAD NACIONAL  PARTIDO DE LA U;32
PAYA;Wilmar Rivera Garcia;PARTIDO ALIANZA SOCIAL INDEPENDIENTE ASI;30
PAYA;Walter Fernando Montoya Ibica;PARTIDO ALIANZA VERDE;28
PAYA;Jose Guzman Rojas Barchiloa;PARTIDO CAMBIO RADICAL;25
PAYA;Luz Dary Perez Galdamez;PARTIDO ALIANZA VERDE;25
PAYA;Serafin Peña Corredor;PARTIDO ALIANZA VERDE;25
PAYA;Yeny Lucila Moreno Vivas;PARTIDO CAMBIO RADICAL;25
PAYA;Jose Alirio Piraban Cataño;MOVIMIENTO ALTERNATIVO INDIGENA Y SOCIAL MAIS;22
PAYA;Pablo Antonio Cachay Molina;PARTIDO ALIANZA VERDE;19
PAYA;Rene Luna Niño;PARTIDO ALIANZA SOCIAL INDEPENDIENTE ASI;18
PAYA;Jose Alberto Vergara Maldonado;PARTIDO CAMBIO RADICAL;17
PAYA;Flor Alicia Maldonado Cely;PARTIDO ALIANZA SOCIAL INDEPENDIENTE ASI;16
PAYA;Maria Blanca Torres Cotinchara;PARTIDO ALIANZA SOCIAL INDEPENDIENTE ASI;16
PAYA;Maria Lucia Rojas Largo;PARTIDO SOCIAL DE UNIDAD NACIONAL  PARTIDO DE LA U;15
PAYA;Joany Andres Cristancho Pidiache;PARTIDO CONSERVADOR COLOMBIANO;13
PAYA;Jose Elias Ruiz Cotinchara;PARTIDO CENTRO DEMOCRATICO;13
PAYA;Hugo Alirio Rivera Montaña;PARTIDO CENTRO DEMOCRATICO;12
PAYA;Partido Alianza Verde;PARTIDO ALIANZA VERDE;12
PAYA;Roberto Duran Gomez;MOVIMIENTO ALTERNATIVO INDIGENA Y SOCIAL MAIS;12
PAYA;Jose Ferney Garcia Galdamez;PARTIDO CONSERVADOR COLOMBIANO;11
PAYA;Ana Zucel Montaña Roblez;PARTIDO CENTRO DEMOCRATICO;10
PAYA;Marilu Fiaga Guaidia;PARTIDO ALIANZA VERDE;10
PAYA;Fredy Garces Cataño;PARTIDO CAMBIO RADICAL;9
PAYA;Maria Angelica Perez Botello;PARTIDO CENTRO DEMOCRATICO;9
PAYA;Movimiento Alternativo Indigena Y Social Mais;MOVIMIENTO ALTERNATIVO INDIGENA Y SOCIAL MAIS;8
PAYA;Lulio Almincar Rivera Perez;PARTIDO CONSERVADOR COLOMBIANO;7
PAYA;Partido Cambio Radical;PARTIDO CAMBIO RADICAL;6
PAYA;Dora Maria Lesmes De Walteros;PARTIDO CONSERVADOR COLOMBIANO;4
PAYA;Partido Alianza Social Independiente Asi;PARTIDO ALIANZA SOCIAL INDEPENDIENTE ASI;4
PAYA;Partido Centro Democratico;PARTIDO CENTRO DEMOCRATICO;4
PAYA;Partido Conservador Colombiano;PARTIDO CONSERVADOR COLOMBIANO;4
PAYA;Rene Garzon Ruiz;PARTIDO SOCIAL DE UNIDAD NACIONAL  PARTIDO DE LA U;4
PAYA;Maria Johanna Perez Robles;PARTIDO CAMBIO RADICAL;2
PAYA;Partido Social De Unidad Nacional  Partido De La U;PARTIDO SOCIAL DE UNIDAD NACIONAL  PARTIDO DE LA U;2
PAYA;Rorvik Ysmaldo Ivica Arismendy;PARTIDO CENTRO DEMOCRATICO;2
PAYA;Yorley Yadira Malpica Mendivelso;PARTIDO SOCIAL DE UNIDAD NACIONAL  PARTIDO DE LA U;2
PAZ DE RIO;Wilson Alexander Riaño Manrique;PARTIDO CAMBIO RADICAL;170
PAZ DE RIO;Juan Manuel Gomez Caceres;PARTIDO LIBERAL COLOMBIANO;159
PAZ DE RIO;Laura Mariana Cely Gomez;PARTIDO ALIANZA VERDE;117
PAZ DE RIO;Omar Roberto Gomez Barrera;PARTIDO ALIANZA VERDE;114
PAZ DE RIO;Yohn Eduardo Cardenas Goyeneche;PARTIDO CONSERVADOR COLOMBIANO;111
PAZ DE RIO;Edgar Humberto Joya Botia;PARTIDO CAMBIO RADICAL;106
PAZ DE RIO;Gloria Lucia Avellaneda Mojica;PARTIDO LIBERAL COLOMBIANO;106
PAZ DE RIO;Cesar Leonardo Eslava Suarez;PARTIDO LIBERAL COLOMBIANO;101
PAZ DE RIO;Dialile Martinez Gallo;PARTIDO CAMBIO RADICAL;95
PAZ DE RIO;Elver Yesid Lizarazo;PARTIDO CAMBIO RADICAL;82
PAZ DE RIO;Edgar Giovanni Gomez Niño;PARTIDO LIBERAL COLOMBIANO;81
PAZ DE RIO;Jenny Lorena Goyeneche Cepeda;PARTIDO ALIANZA VERDE;79
PAZ DE RIO;Tito Arnulfo Camargo Espitia;PARTIDO ALIANZA VERDE;74
PAZ DE RIO;Milton Manuel Puentes Solano;PARTIDO CONSERVADOR COLOMBIANO;73
PAZ DE RIO;Reinaldo Gomez Gomez;PARTIDO CAMBIO RADICAL;69
PAZ DE RIO;Nubia Esperanza Diaz Martinez;PARTIDO CAMBIO RADICAL;64
PAZ DE RIO;Jose Rogelio Gomez Lizarazo;PARTIDO CAMBIO RADICAL;61
PAZ DE RIO;Jose Libardo Romero;PARTIDO LIBERAL COLOMBIANO;60
PAZ DE RIO;Gabino Duran Acuña;PARTIDO CONSERVADOR COLOMBIANO;51
PAZ DE RIO;Sindy Constanza Riaño Rojas;PARTIDO CAMBIO RADICAL;49
PAZ DE RIO;Blanca Ceneth Caceres Martinez;PARTIDO LIBERAL COLOMBIANO;42
PAZ DE RIO;Carlos Gilberto Alvarado Merchan;PARTIDO ALIANZA VERDE;40
PAZ DE RIO;Yimy Rolando Martinez Siza;PARTIDO ALIANZA VERDE;33
PAZ DE RIO;Jose Abel Avellaneda Martinez;PARTIDO LIBERAL COLOMBIANO;31
PAZ DE RIO;Juan Humberto Rojas Rojas;PARTIDO CAMBIO RADICAL;31
PAZ DE RIO;Julio Fredy Rojas Martinez;PARTIDO ALIANZA VERDE;29
PAZ DE RIO;Brisa Leonor Mejia Patiño;PARTIDO LIBERAL COLOMBIANO;24
PAZ DE RIO;Maria Janneth Jimenez Contreras;PARTIDO ALIANZA VERDE;24
PAZ DE RIO;Maria Trinidad Goyeneche Estupiñan;PARTIDO CONSERVADOR COLOMBIANO;21
PAZ DE RIO;Astrid Lorena Arismendy Avellaneda;PARTIDO CONSERVADOR COLOMBIANO;16
PAZ DE RIO;Partido Liberal Colombiano;PARTIDO LIBERAL COLOMBIANO;16
PAZ DE RIO;Partido Alianza Verde;PARTIDO ALIANZA VERDE;15
PAZ DE RIO;Didier Genaro Mesa Mosquera;PARTIDO LIBERAL COLOMBIANO;14
PAZ DE RIO;Erika Alexandra Avellaneda Medrano;PARTIDO CONSERVADOR COLOMBIANO;13
PAZ DE RIO;Jose Vicente Rojas Franco;PARTIDO ALIANZA VERDE;12
PAZ DE RIO;Partido Cambio Radical;PARTIDO CAMBIO RADICAL;7
PAZ DE RIO;Partido Conservador Colombiano;PARTIDO CONSERVADOR COLOMBIANO;3
PESCA;Fernando Farias Camargo;PARTIDO CAMBIO RADICAL;214
PESCA;Gustavo Vargas Español;PARTIDO CENTRO DEMOCRATICO;190
PESCA;Hector Mauricio Silva Rodriguez;PARTIDO LIBERAL COLOMBIANO;158
PESCA;Hugo Hernando Camargo Camargo;PARTIDO CAMBIO RADICAL;137
PESCA;Freddy Alexander Bocachica Cruz;PARTIDO CENTRO DEMOCRATICO;115
PESCA;Maria Yesmith Chaparro Moreno;PARTIDO CONSERVADOR COLOMBIANO;113
PESCA;Ignacio Osma Tibocha;PARTIDO POLO DEMOCRATICO ALTERNATIVO;110
PESCA;Carlos Andres Martinez Salinas;MOVIMIENTO AUTORIDADES INDIGENAS DE COLOMBIA AICO;108
PESCA;Omar De Jesus Plazas Limas;PARTIDO LIBERAL COLOMBIANO;106
PESCA;Angel Miguel Moreno Bautista;PARTIDO CAMBIO RADICAL;90
PESCA;Sandra Patricia Daza Ramirez;PARTIDO CONSERVADOR COLOMBIANO;86
PESCA;Dilson Fabian Chaparro Guerrero;MOVIMIENTO AUTORIDADES INDIGENAS DE COLOMBIA AICO;85
PESCA;Luis Agustin Alba Camargo;PARTIDO ALIANZA VERDE;84
PESCA;German Pedroza Pulido;PARTIDO CAMBIO RADICAL;83
PESCA;Yesith Leonardo Soler Quemba;PARTIDO CAMBIO RADICAL;81
PESCA;Yimer Alonso Ferrucho Alba;PARTIDO SOCIAL DE UNIDAD NACIONAL  PARTIDO DE LA U;81
PESCA;Gladys Edilsa Martinez Castro;PARTIDO ALIANZA SOCIAL INDEPENDIENTE ASI;78
PESCA;Hector Julio Chaparro Maldonado;PARTIDO CAMBIO RADICAL;72
PESCA;Laura Alejandra Cardenas Vargas;PARTIDO ALIANZA VERDE;72
PESCA;Misael Benavides Soler;PARTIDO CONSERVADOR COLOMBIANO;67
PESCA;Jaime Willan Monroy Arias;MOVIMIENTO AUTORIDADES INDIGENAS DE COLOMBIA AICO;65
PESCA;Jose Ignacio Quemba Bautista;PARTIDO CENTRO DEMOCRATICO;65
PESCA;Nelson Leonardo Martinez Camargo;PARTIDO CENTRO DEMOCRATICO;65
PESCA;Oromairo Amaya Mendoza;PARTIDO CONSERVADOR COLOMBIANO;65
PESCA;Hector Alfredo Tibocha Tirano;MOVIMIENTO AUTORIDADES INDIGENAS DE COLOMBIA AICO;61
PESCA;Luis Eduardo Lopez Puerto;PARTIDO SOCIAL DE UNIDAD NACIONAL  PARTIDO DE LA U;60
PESCA;Saul Antonio Rivas Bayona;PARTIDO ALIANZA VERDE;57
PESCA;Elsenidie Tangarife Contreras;PARTIDO SOCIAL DE UNIDAD NACIONAL  PARTIDO DE LA U;55
PESCA;Gilber Adelson Patiño Perez;PARTIDO ALIANZA VERDE;55
PESCA;Diego Humberto Rodriguez Chaparro;PARTIDO LIBERAL COLOMBIANO;54
PESCA;Hernando Martinez Aranguren;PARTIDO ALIANZA SOCIAL INDEPENDIENTE ASI;54
PESCA;Maria Teresa Nieto Pirajan;PARTIDO ALIANZA SOCIAL INDEPENDIENTE ASI;53
PESCA;Mauricio Benavides Landinez;PARTIDO SOCIAL DE UNIDAD NACIONAL  PARTIDO DE LA U;53
PESCA;Victor Julio Cordoba Cuervo;PARTIDO LIBERAL COLOMBIANO;53
PESCA;Nelcy Carolina Bolivar Maldonado;PARTIDO SOCIAL DE UNIDAD NACIONAL  PARTIDO DE LA U;52
PESCA;Pedro Elias Martinez Pirajan;PARTIDO LIBERAL COLOMBIANO;51
PESCA;David Vicente Maldonado Gutierrez;PARTIDO SOCIAL DE UNIDAD NACIONAL  PARTIDO DE LA U;49
PESCA;Vilma Rocio Moreno Chaparro;MOVIMIENTO ALTERNATIVO INDIGENA Y SOCIAL MAIS;48
PESCA;Gustavo Rodriguez Limas;PARTIDO SOCIAL DE UNIDAD NACIONAL  PARTIDO DE LA U;47
PESCA;Maria Edilma Pacheco Pacheco;PARTIDO POLO DEMOCRATICO ALTERNATIVO;47
PESCA;Pedro Antonio Barrera Ochoa;PARTIDO ALIANZA VERDE;43
PESCA;Carlos Alberto Parada Bolivar;PARTIDO ALIANZA VERDE;40
PESCA;Flor Emilsen Pulido Rincon;PARTIDO ALIANZA VERDE;39
PESCA;Nohora Deisy Lemus Sanchez;PARTIDO POLO DEMOCRATICO ALTERNATIVO;39
PESCA;Pedro Arturo Silva Lopez;PARTIDO ALIANZA SOCIAL INDEPENDIENTE ASI;39
PESCA;Carlos Eduardo Ardila Ramos;MOVIMIENTO ALTERNATIVO INDIGENA Y SOCIAL MAIS;37
PESCA;Jose Danilo Pacheco Sanchez;PARTIDO POLO DEMOCRATICO ALTERNATIVO;37
PESCA;Julio Alberto Ramirez Cruz;PARTIDO POLO DEMOCRATICO ALTERNATIVO;37
PESCA;Romulo Rodriguez Suesca;PARTIDO CENTRO DEMOCRATICO;37
PESCA;Jorge Eliecer Sanchez Bautista;PARTIDO ALIANZA VERDE;36
PESCA;Julio Roberto Salamanca Lopez;PARTIDO LIBERAL COLOMBIANO;36
PESCA;Fabio Hernando Bocachica Pirajan;PARTIDO CONSERVADOR COLOMBIANO;32
PESCA;Jose Joaquin Rodriguez Fonseca;PARTIDO CONSERVADOR COLOMBIANO;30
PESCA;Aristobulo Lagos Cardenas;MOVIMIENTO AUTORIDADES INDIGENAS DE COLOMBIA AICO;29
PESCA;Judith Ripe Gutierrez;MOVIMIENTO ALTERNATIVO INDIGENA Y SOCIAL MAIS;29
PESCA;Ana Yaneth Limas Rodriguez;PARTIDO CAMBIO RADICAL;26
PESCA;Jorge Armando Nieto;PARTIDO POLO DEMOCRATICO ALTERNATIVO;25
PESCA;Rodrigo Herrera Alba;PARTIDO CONSERVADOR COLOMBIANO;25
PESCA;Oscar Mauricio Martinez Vasquez;MOVIMIENTO ALTERNATIVO INDIGENA Y SOCIAL MAIS;24
PESCA;Sandra Yaneth Martinez Lopez;PARTIDO CENTRO DEMOCRATICO;24
PESCA;Jose Ramiro Perez;MOVIMIENTO ALTERNATIVO INDIGENA Y SOCIAL MAIS;22
PESCA;Olga Liliana Bayona Camargo;PARTIDO SOCIAL DE UNIDAD NACIONAL  PARTIDO DE LA U;21
PESCA;Rafael Antonio Bautista Duquino;MOVIMIENTO ALTERNATIVO INDIGENA Y SOCIAL MAIS;21
PESCA;Vicente Alba Sanchez;PARTIDO ALIANZA SOCIAL INDEPENDIENTE ASI;21
PESCA;Luz Adriana Rodriguez Perez;PARTIDO LIBERAL COLOMBIANO;20
PESCA;Maria Estela Aranguren Joya;PARTIDO ALIANZA SOCIAL INDEPENDIENTE ASI;20
PESCA;Monica Janeth Ramirez Lemus;MOVIMIENTO ALTERNATIVO INDIGENA Y SOCIAL MAIS;20
PESCA;Johanna Andrea Lagos Fonseca;PARTIDO CONSERVADOR COLOMBIANO;19
PESCA;Jose Antonio Moreno Bayona;PARTIDO ALIANZA SOCIAL INDEPENDIENTE ASI;19
PESCA;Partido Alianza Verde;PARTIDO ALIANZA VERDE;19
PESCA;Ana Lucia Aranguren Cuervo;MOVIMIENTO ALTERNATIVO INDIGENA Y SOCIAL MAIS;18
PESCA;Partido Conservador Colombiano;PARTIDO CONSERVADOR COLOMBIANO;18
PESCA;Movimiento Alternativo Indigena Y Social Mais;MOVIMIENTO ALTERNATIVO INDIGENA Y SOCIAL MAIS;16
PESCA;Partido Alianza Social Independiente Asi;PARTIDO ALIANZA SOCIAL INDEPENDIENTE ASI;16
PESCA;Partido Cambio Radical;PARTIDO CAMBIO RADICAL;15
PESCA;Sonia Marcela Camargo Perez;PARTIDO ALIANZA VERDE;15
PESCA;Edgar Mauricio Daza Bran;PARTIDO ALIANZA SOCIAL INDEPENDIENTE ASI;14
PESCA;Jose Misael Cruz Vasquez;PARTIDO ALIANZA SOCIAL INDEPENDIENTE ASI;13
PESCA;Sandra Patricia Lopez Bolivar;PARTIDO CAMBIO RADICAL;13
PESCA;Maria Marlen Alarcon;PARTIDO LIBERAL COLOMBIANO;12
PESCA;Adriana Milena Lopez Ramirez;PARTIDO CENTRO DEMOCRATICO;11
PESCA;Jose Luis Guerrero Hoyos;PARTIDO SOCIAL DE UNIDAD NACIONAL  PARTIDO DE LA U;11
PESCA;Maria Ruth Riaño Cruz;MOVIMIENTO AUTORIDADES INDIGENAS DE COLOMBIA AICO;11
PESCA;Partido Centro Democratico;PARTIDO CENTRO DEMOCRATICO;11
PESCA;Mariela Isabel Lopez Bolivar;PARTIDO POLO DEMOCRATICO ALTERNATIVO;10
PESCA;Partido Liberal Colombiano;PARTIDO LIBERAL COLOMBIANO;10
PESCA;Wilmar Giovanni Camargo Vargas;PARTIDO POLO DEMOCRATICO ALTERNATIVO;9
PESCA;Maria Estella Nieto Pirajan;MOVIMIENTO AUTORIDADES INDIGENAS DE COLOMBIA AICO;7
PESCA;Maria Nelsy Castiblanco Fuquen;PARTIDO CENTRO DEMOCRATICO;7
PESCA;Fabiola Cruz Guevara;PARTIDO LIBERAL COLOMBIANO;6
PESCA;Partido Social De Unidad Nacional  Partido De La U;PARTIDO SOCIAL DE UNIDAD NACIONAL  PARTIDO DE LA U;6
PESCA;Rigoberto Herrera;PARTIDO CENTRO DEMOCRATICO;6
PESCA;Partido Polo Democratico Alternativo;PARTIDO POLO DEMOCRATICO ALTERNATIVO;4
PESCA;Sandra Rocio Adan Adan;PARTIDO CAMBIO RADICAL;4
PESCA;Movimiento Autoridades Indigenas De Colombia Aico;MOVIMIENTO AUTORIDADES INDIGENAS DE COLOMBIA AICO;3
PESCA;Ana Yanet Camargo Farias;MOVIMIENTO AUTORIDADES INDIGENAS DE COLOMBIA AICO;2
PESCA;Carlos Alberto Guerrero Guzman;MOVIMIENTO AUTORIDADES INDIGENAS DE COLOMBIA AICO;1
PISBA;Yoly Marcela Pan Hernandez;PARTIDO ALIANZA VERDE;69
PISBA;Rosalba Pidiache Estupiñan;PARTIDO ALIANZA VERDE;49
PISBA;Alvaro Maldonado Maldonado;PARTIDO ALIANZA VERDE;48
PISBA;Arnulfo Cantor Pidiache;PARTIDO SOCIAL DE UNIDAD NACIONAL  PARTIDO DE LA U;40
PISBA;Luis Eduardo Fernandez Gomez;PARTIDO ALIANZA VERDE;38
PISBA;Hernando Diaz Pidiache;PARTIDO CENTRO DEMOCRATICO;35
PISBA;Jaidumar Duran Tabaco;PARTIDO SOCIAL DE UNIDAD NACIONAL  PARTIDO DE LA U;31
PISBA;Maria Yasmin Maldonado Garcia;PARTIDO LIBERAL COLOMBIANO;31
PISBA;Dorelly Pidiache Estupiñan;PARTIDO ALIANZA SOCIAL INDEPENDIENTE ASI;30
PISBA;Yolanda Gomez Sandoval;PARTIDO CONSERVADOR COLOMBIANO;29
PISBA;Jose Linares Vergara Maldonado;PARTIDO CAMBIO RADICAL;24
PISBA;Jose Ricardo Maldonado Tabaco;PARTIDO CAMBIO RADICAL;24
PISBA;Maya Bjorney Arango Herrera;PARTIDO ALIANZA VERDE;24
PISBA;William Guillermo Estupiñan Sanabria;PARTIDO ALIANZA SOCIAL INDEPENDIENTE ASI;24
PISBA;Jose Ismael Manrique;PARTIDO ALIANZA VERDE;21
PISBA;Hernan Lopez Tabaco;PARTIDO CENTRO DEMOCRATICO;19
PISBA;Luis Hernando Gomez Tabaco;PARTIDO CAMBIO RADICAL;19
PISBA;Manuel Augusto Fuentes Mojica;PARTIDO CONSERVADOR COLOMBIANO;18
PISBA;Melqui Yoan Garcia Maldonado;PARTIDO ALIANZA SOCIAL INDEPENDIENTE ASI;18
PISBA;Doralba Sua Pidiache;PARTIDO ALIANZA SOCIAL INDEPENDIENTE ASI;17
PISBA;Partido Alianza Verde;PARTIDO ALIANZA VERDE;17
PISBA;Jesus Maria Cardenas Barrera;PARTIDO LIBERAL COLOMBIANO;15
PISBA;Yancy Paola Ochoa Vega;PARTIDO LIBERAL COLOMBIANO;15
PISBA;Dianey Florencio Herrera Garcia;PARTIDO CAMBIO RADICAL;14
PISBA;Emilse Ravelo Cuevas;PARTIDO CENTRO DEMOCRATICO;13
PISBA;Lercy Yizhet Maldonado Maldonado;PARTIDO SOCIAL DE UNIDAD NACIONAL  PARTIDO DE LA U;13
PISBA;Karen Yisela Maldonado Maldonado;PARTIDO CENTRO DEMOCRATICO;12
PISBA;Milton Vargas Goyeneche;PARTIDO LIBERAL COLOMBIANO;12
PISBA;Jose Costantino Maldonado Duran;PARTIDO LIBERAL COLOMBIANO;11
PISBA;Ceira Efigenia Cardenas;PARTIDO SOCIAL DE UNIDAD NACIONAL  PARTIDO DE LA U;10
PISBA;Jose Emiro Estepa Maldonado;PARTIDO ALIANZA SOCIAL INDEPENDIENTE ASI;10
PISBA;Luz Neyla Millan Gomez;PARTIDO CENTRO DEMOCRATICO;10
PISBA;Oscar Fabian Estupiñan Tabaco;PARTIDO ALIANZA SOCIAL INDEPENDIENTE ASI;9
PISBA;Santiago Tabaco Pan;PARTIDO CENTRO DEMOCRATICO;9
PISBA;Isrrael Tabaco Maldonado;PARTIDO CENTRO DEMOCRATICO;8
PISBA;Leidher Garcia Maldonado;PARTIDO CONSERVADOR COLOMBIANO;8
PISBA;Martha Isabel Tabaco Socha;PARTIDO CAMBIO RADICAL;8
PISBA;Carlos Roberto Tabaco Pan;PARTIDO ALIANZA VERDE;7
PISBA;Alba Lucia Goyeneche Luna;PARTIDO ALIANZA SOCIAL INDEPENDIENTE ASI;6
PISBA;Ana Elizabeth Leon Diaz;PARTIDO SOCIAL DE UNIDAD NACIONAL  PARTIDO DE LA U;6
PISBA;Deisy Yureidy Puerto Martinez;PARTIDO CAMBIO RADICAL;5
PISBA;Maria Evelia Ruiz Leon;PARTIDO LIBERAL COLOMBIANO;5
PISBA;Fredi Antonio Tabaco Maldonado;PARTIDO SOCIAL DE UNIDAD NACIONAL  PARTIDO DE LA U;3
PISBA;Partido Centro Democratico;PARTIDO CENTRO DEMOCRATICO;3
PISBA;Partido Conservador Colombiano;PARTIDO CONSERVADOR COLOMBIANO;3
PISBA;Pedro Favier Leon Estupiñan;PARTIDO LIBERAL COLOMBIANO;3
PISBA;Edigma Fernandez Torres;PARTIDO CONSERVADOR COLOMBIANO;2
PISBA;John Bladimir Leon Estupiñan;PARTIDO SOCIAL DE UNIDAD NACIONAL  PARTIDO DE LA U;2
PISBA;Jose Gonzalo Estupiñan Estupiñan;PARTIDO CONSERVADOR COLOMBIANO;2
PISBA;Partido Alianza Social Independiente Asi;PARTIDO ALIANZA SOCIAL INDEPENDIENTE ASI;2
PISBA;Partido Cambio Radical;PARTIDO CAMBIO RADICAL;2
PISBA;Partido Social De Unidad Nacional  Partido De La U;PARTIDO SOCIAL DE UNIDAD NACIONAL  PARTIDO DE LA U;2
PISBA;Partido Liberal Colombiano;PARTIDO LIBERAL COLOMBIANO;1
PISBA;Maria Magdalena Leon Maldonado;PARTIDO CONSERVADOR COLOMBIANO;0
PUERTO BOYACA;Juan Fernando Delgado Vasquez;PARTIDO ALIANZA VERDE;653
PUERTO BOYACA;Jose Gabriel Alfaro Rios;PARTIDO LIBERAL COLOMBIANO;617
PUERTO BOYACA;Robinson Montoya Perez;PARTIDO ALIANZA VERDE;594
PUERTO BOYACA;Ruben Dario Orozco Saldarriaga;PARTIDO SOCIAL DE UNIDAD NACIONAL  PARTIDO DE LA U;575
PUERTO BOYACA;Camilo Andres Corrales Aguilar;PARTIDO ALIANZA SOCIAL INDEPENDIENTE ASI;510
PUERTO BOYACA;Diego Andres Sepulveda Castilla;PARTIDO LIBERAL COLOMBIANO;506
PUERTO BOYACA;Omar Bernal Gonzalez;PARTIDO CENTRO DEMOCRATICO;463
PUERTO BOYACA;Stiven Mahecha Villa;MOVIMIENTO ALTERNATIVO INDIGENA Y SOCIAL MAIS;366
PUERTO BOYACA;Gertrudis Gallego Osorio;PARTIDO CAMBIO RADICAL;358
PUERTO BOYACA;Oscar Arturo Garzon Guevara;PARTIDO LIBERAL COLOMBIANO;354
PUERTO BOYACA;Gladis Ramirez Betancurth;PARTIDO LIBERAL COLOMBIANO;347
PUERTO BOYACA;Robinson Franco Chaverra;PARTIDO ALIANZA SOCIAL INDEPENDIENTE ASI;338
PUERTO BOYACA;Juan Carlos Forero Sanchez;PARTIDO CAMBIO RADICAL;319
PUERTO BOYACA;Jaime Efrain Medina Ramirez;PARTIDO CAMBIO RADICAL;304
PUERTO BOYACA;Partido Alianza Verde;PARTIDO ALIANZA VERDE;300
PUERTO BOYACA;Jorge Orlando Toro Alzate;PARTIDO CONSERVADOR COLOMBIANO;293
PUERTO BOYACA;William Esquivel Rubio;PARTIDO ALIANZA SOCIAL INDEPENDIENTE ASI;282
PUERTO BOYACA;Frans Dimaz Soto Alzate;PARTIDO CAMBIO RADICAL;271
PUERTO BOYACA;Sergio Armando Carrizosa Torres;PARTIDO CAMBIO RADICAL;270
PUERTO BOYACA;Jeidy Johana Gordillo Roldan;PARTIDO ALIANZA SOCIAL INDEPENDIENTE ASI;259
PUERTO BOYACA;Jairo Hernan Sandoval Alvarez;PARTIDO CAMBIO RADICAL;254
PUERTO BOYACA;Jorge Eliecer Miranda Burbano;PARTIDO SOCIAL DE UNIDAD NACIONAL  PARTIDO DE LA U;242
PUERTO BOYACA;Marco Antonio Aldana Orjuela;PARTIDO CENTRO DEMOCRATICO;240
PUERTO BOYACA;Martha Ines Hernandez Parra;PARTIDO ALIANZA SOCIAL INDEPENDIENTE ASI;235
PUERTO BOYACA;Jose Nevio Gomez Vera;PARTIDO LIBERAL COLOMBIANO;231
PUERTO BOYACA;Luisa Fernanda Castaño Gonzalez;PARTIDO CONSERVADOR COLOMBIANO;225
PUERTO BOYACA;Helver Alejandro Ramirez Ramirez;PARTIDO ALIANZA SOCIAL INDEPENDIENTE ASI;224
PUERTO BOYACA;Luis Carlos Saldarriaga Cano;PARTIDO CAMBIO RADICAL;220
PUERTO BOYACA;Luis Enrique Uribe Delgado;PARTIDO CAMBIO RADICAL;201
PUERTO BOYACA;Samuel Fernando Suarez Garcia;PARTIDO ALIANZA VERDE;200
PUERTO BOYACA;Ana Consuelo Guerrero Vega;PARTIDO SOCIAL DE UNIDAD NACIONAL  PARTIDO DE LA U;198
PUERTO BOYACA;Mireya Martinez De Yepes;PARTIDO LIBERAL COLOMBIANO;197
PUERTO BOYACA;Nelson Perez Escarraga;PARTIDO ALIANZA VERDE;194
PUERTO BOYACA;Wilson Andres Florez Padilla;PARTIDO CAMBIO RADICAL;189
PUERTO BOYACA;Uriel Florido Beltran;PARTIDO CAMBIO RADICAL;178
PUERTO BOYACA;Luis Fernando Quintero Gallego;PARTIDO ALIANZA SOCIAL INDEPENDIENTE ASI;173
PUERTO BOYACA;Alexander Vasquez Chica;PARTIDO ALIANZA SOCIAL INDEPENDIENTE ASI;165
PUERTO BOYACA;Jose Virgilio Cortes Angarita;PARTIDO CONSERVADOR COLOMBIANO;163
PUERTO BOYACA;Jose Aureliano Rojas Ladino;PARTIDO LIBERAL COLOMBIANO;160
PUERTO BOYACA;Rodolfo Antonio Orozco Arrieta;PARTIDO ALIANZA VERDE;157
PUERTO BOYACA;Diana Camila Vasquez Giraldo;PARTIDO CONSERVADOR COLOMBIANO;152
PUERTO BOYACA;Partido Liberal Colombiano;PARTIDO LIBERAL COLOMBIANO;148
PUERTO BOYACA;Octavio Alberto Urrea Garces;PARTIDO CONSERVADOR COLOMBIANO;142
PUERTO BOYACA;Ramon Clavijo Alvarez;PARTIDO ALIANZA SOCIAL INDEPENDIENTE ASI;142
PUERTO BOYACA;Jaime Arnulfo Suaza Martinez;PARTIDO LIBERAL COLOMBIANO;139
PUERTO BOYACA;Andres Agudelo Ayala;PARTIDO ALIANZA VERDE;138
PUERTO BOYACA;Sandra Lucrecia Barrero Nieto;PARTIDO SOCIAL DE UNIDAD NACIONAL  PARTIDO DE LA U;138
PUERTO BOYACA;Jorge Leonardo Cruz Chavez;MOVIMIENTO AUTORIDADES INDIGENAS DE COLOMBIA AICO;133
PUERTO BOYACA;Astrid Hoyos Torres;PARTIDO ALIANZA VERDE;130
PUERTO BOYACA;Oliverio Rojas Corrales;PARTIDO ALIANZA SOCIAL INDEPENDIENTE ASI;129
PUERTO BOYACA;Yanira Herrera Garcia;PARTIDO LIBERAL COLOMBIANO;127
PUERTO BOYACA;Edwin Dadnover Muñetones Rivera;PARTIDO COLOMBIA RENACIENTE;126
PUERTO BOYACA;Jose Fidel Rondon;EL FUTURO LO PONEMOS JUNTOS;126
PUERTO BOYACA;Nancy Yamile Martinez Torres;PARTIDO POLITICO  MIRA;125
PUERTO BOYACA;Partido Centro Democratico;PARTIDO CENTRO DEMOCRATICO;125
PUERTO BOYACA;Carlos Julio Florez Chavez;PARTIDO CENTRO DEMOCRATICO;124
PUERTO BOYACA;Astrid Carolina Barrios Torres;MOVIMIENTO AUTORIDADES INDIGENAS DE COLOMBIA AICO;123
PUERTO BOYACA;Carlos Antonio Molina Castro;PARTIDO CAMBIO RADICAL;122
PUERTO BOYACA;Partido Alianza Social Independiente Asi;PARTIDO ALIANZA SOCIAL INDEPENDIENTE ASI;117
PUERTO BOYACA;Andres Felipe Lora Barrios;PARTIDO LIBERAL COLOMBIANO;115
PUERTO BOYACA;Doralice Caballero Galvis;PARTIDO ALIANZA VERDE;111
PUERTO BOYACA;Abrahan Alvarez Suarez;PARTIDO ALIANZA VERDE;110
PUERTO BOYACA;Omar Jair Arango Valencia;MOVIMIENTO AUTORIDADES INDIGENAS DE COLOMBIA AICO;110
PUERTO BOYACA;Partido Cambio Radical;PARTIDO CAMBIO RADICAL;109
PUERTO BOYACA;Gloria Estella Garcia Acevedo;PARTIDO CAMBIO RADICAL;106
PUERTO BOYACA;Derlidia Bastidas Sepulveda;PARTIDO CENTRO DEMOCRATICO;104
PUERTO BOYACA;Gabriel Guzman Luna;PARTIDO CENTRO DEMOCRATICO;103
PUERTO BOYACA;Evely Cifuentes Cifuentes;PARTIDO ALIANZA SOCIAL INDEPENDIENTE ASI;102
PUERTO BOYACA;Jose Alfonso Cifuentes Cifuentes;PARTIDO CONSERVADOR COLOMBIANO;101
PUERTO BOYACA;Carlos Martin Torres Florian;PARTIDO CENTRO DEMOCRATICO;97
PUERTO BOYACA;Clara Mercedes Diaz Sanchez;PARTIDO CAMBIO RADICAL;96
PUERTO BOYACA;Gustavo Andres Manrique Gomez;MOVIMIENTO ALTERNATIVO INDIGENA Y SOCIAL MAIS;96
PUERTO BOYACA;Ismael Guzman Perez;PARTIDO CENTRO DEMOCRATICO;96
PUERTO BOYACA;Paola Andrea Galindo Velasquez;PARTIDO SOCIAL DE UNIDAD NACIONAL  PARTIDO DE LA U;91
PUERTO BOYACA;Partido Social De Unidad Nacional  Partido De La U;PARTIDO SOCIAL DE UNIDAD NACIONAL  PARTIDO DE LA U;87
PUERTO BOYACA;William Acosta Ramirez;MOVIMIENTO AUTORIDADES INDIGENAS DE COLOMBIA AICO;87
PUERTO BOYACA;Virgelina Rios Morales;PARTIDO SOCIAL DE UNIDAD NACIONAL  PARTIDO DE LA U;84
PUERTO BOYACA;Marisela Polanco Romero;MOVIMIENTO AUTORIDADES INDIGENAS DE COLOMBIA AICO;83
PUERTO BOYACA;Maria Luisa Pedraza Hernandez;PARTIDO CAMBIO RADICAL;81
PUERTO BOYACA;Wilson De Jesus Antonio Mosquera;PARTIDO SOCIAL DE UNIDAD NACIONAL  PARTIDO DE LA U;81
PUERTO BOYACA;Yennifert Celis Parra;PARTIDO LIBERAL COLOMBIANO;81
PUERTO BOYACA;Dora Nancy Cardona Ospina;PARTIDO ALIANZA VERDE;80
PUERTO BOYACA;Jose Alfredo Zamudio Castro;PARTIDO LIBERAL COLOMBIANO;80
PUERTO BOYACA;Maira Alejandra Pareja Diaz;MOVIMIENTO ALTERNATIVO INDIGENA Y SOCIAL MAIS;78
PUERTO BOYACA;Walter David Hernandez Monsalve;PARTIDO ALIANZA VERDE;78
PUERTO BOYACA;Carlos Alberto Simancas Gomez;PARTIDO CONSERVADOR COLOMBIANO;77
PUERTO BOYACA;Diego Armando Valencia Ibarra;PARTIDO SOCIAL DE UNIDAD NACIONAL  PARTIDO DE LA U;77
PUERTO BOYACA;Miguel Angel Perez Fonseca;PARTIDO SOCIAL DE UNIDAD NACIONAL  PARTIDO DE LA U;77
PUERTO BOYACA;Alonso Ramirez Vargas;PARTIDO CENTRO DEMOCRATICO;75
PUERTO BOYACA;Yenfa Palacios Mosquera;MOVIMIENTO ALTERNATIVO INDIGENA Y SOCIAL MAIS;75
PUERTO BOYACA;Movimiento Autoridades Indigenas De Colombia Aico;MOVIMIENTO AUTORIDADES INDIGENAS DE COLOMBIA AICO;73
PUERTO BOYACA;Jaime Rodriguez Mancilla;PARTIDO CENTRO DEMOCRATICO;72
PUERTO BOYACA;Redy Willy Rocha Padierna;EL FUTURO LO PONEMOS JUNTOS;72
PUERTO BOYACA;Alveiro Anibal Duran Rodriguez;PARTIDO SOCIAL DE UNIDAD NACIONAL  PARTIDO DE LA U;70
PUERTO BOYACA;Partido Conservador Colombiano;PARTIDO CONSERVADOR COLOMBIANO;70
PUERTO BOYACA;Bladimir Olarte Delgadillo;PARTIDO LIBERAL COLOMBIANO;69
PUERTO BOYACA;Aleyda Maria Ortiz Chacon;PARTIDO CONSERVADOR COLOMBIANO;67
PUERTO BOYACA;Leonor Lozano Saldaña;MOVIMIENTO AUTORIDADES INDIGENAS DE COLOMBIA AICO;67
PUERTO BOYACA;Sandra Patricia Marin Arango;PARTIDO CENTRO DEMOCRATICO;66
PUERTO BOYACA;Armando Hermosa Guzman;PARTIDO ALIANZA SOCIAL INDEPENDIENTE ASI;65
PUERTO BOYACA;Maria Teresa Vargas Lozano;PARTIDO CENTRO DEMOCRATICO;65
PUERTO BOYACA;Vitelmo Palacios Palacios;MOVIMIENTO ALTERNATIVO INDIGENA Y SOCIAL MAIS;65
PUERTO BOYACA;Julian David Guzman;PARTIDO CONSERVADOR COLOMBIANO;62
PUERTO BOYACA;Carlos Virgilio Lloreda Mosquera;PARTIDO ALIANZA VERDE;61
PUERTO BOYACA;Yomairo De Jesus Ramirez Giraldo;PARTIDO CONSERVADOR COLOMBIANO;61
PUERTO BOYACA;Angela Patricia Zapata Orozco;PARTIDO LIBERAL COLOMBIANO;59
PUERTO BOYACA;Alvaro Leon Canchon;PARTIDO CENTRO DEMOCRATICO;57
PUERTO BOYACA;Jhonatan Sanabria Portela;PARTIDO SOCIAL DE UNIDAD NACIONAL  PARTIDO DE LA U;57
PUERTO BOYACA;Maria Nancy Vergara Bejarano;PARTIDO CAMBIO RADICAL;57
PUERTO BOYACA;Jamir Alveiro Daza Eraso;PARTIDO ALIANZA VERDE;55
PUERTO BOYACA;Laura Daniela Valenzuela Torres;PARTIDO ADA;53
PUERTO BOYACA;Jose Willian Castañeda Buritica;MOVIMIENTO AUTORIDADES INDIGENAS DE COLOMBIA AICO;52
PUERTO BOYACA;Luis Alonso Rios Cristancho;MOVIMIENTO AUTORIDADES INDIGENAS DE COLOMBIA AICO;52
PUERTO BOYACA;Sandra Liliana Avila Cadena;MOVIMIENTO AUTORIDADES INDIGENAS DE COLOMBIA AICO;51
PUERTO BOYACA;Leonardo Londoño Mosquera;MOVIMIENTO AUTORIDADES INDIGENAS DE COLOMBIA AICO;49
PUERTO BOYACA;Edna Eliana Galeano Ortiz;PARTIDO CENTRO DEMOCRATICO;48
PUERTO BOYACA;Julian David Hernandez Obregon;PARTIDO LIBERAL COLOMBIANO;48
PUERTO BOYACA;Manuel Euripides Mosquera Hurtado;MOVIMIENTO ALTERNATIVO INDIGENA Y SOCIAL MAIS;48
PUERTO BOYACA;Daniel Ricardo Osorio;PARTIDO CENTRO DEMOCRATICO;46
PUERTO BOYACA;Gerardo Reyes;EL FUTURO LO PONEMOS JUNTOS;46
PUERTO BOYACA;Jorge Willian Moreno Restrepo;PARTIDO ADA;46
PUERTO BOYACA;Movimiento Alternativo Indigena Y Social Mais;MOVIMIENTO ALTERNATIVO INDIGENA Y SOCIAL MAIS;46
PUERTO BOYACA;Carlos Enrique Restrepo Restrepo;PARTIDO ALIANZA SOCIAL INDEPENDIENTE ASI;45
PUERTO BOYACA;Milton Rene Guzman Duran;PARTIDO POLITICO  MIRA;43
PUERTO BOYACA;Jose Maiky Novoa Enciso;PARTIDO SOCIAL DE UNIDAD NACIONAL  PARTIDO DE LA U;41
PUERTO BOYACA;Ana Judith Ramirez;PARTIDO ADA;40
PUERTO BOYACA;Aide Ramirez Arias;PARTIDO ADA;39
PUERTO BOYACA;Edgar Lemus Palacios;PARTIDO CONSERVADOR COLOMBIANO;38
PUERTO BOYACA;Jose Navid Torres;EL FUTURO LO PONEMOS JUNTOS;38
PUERTO BOYACA;Anderson Montoya Campos;PARTIDO POLITICO  MIRA;37
PUERTO BOYACA;Oscar Barbosa Torres;PARTIDO CONSERVADOR COLOMBIANO;37
PUERTO BOYACA;Sandra Milena Silva Salguero;PARTIDO ALIANZA SOCIAL INDEPENDIENTE ASI;37
PUERTO BOYACA;El Futuro Lo Ponemos Juntos;EL FUTURO LO PONEMOS JUNTOS;36
PUERTO BOYACA;Fernando Mauricio Medina Burbano;PARTIDO SOCIAL DE UNIDAD NACIONAL  PARTIDO DE LA U;35
PUERTO BOYACA;Isabel Cristina Calderon Escobar;PARTIDO CENTRO DEMOCRATICO;35
PUERTO BOYACA;Anselmo Ortiz Patiño;PARTIDO SOCIAL DE UNIDAD NACIONAL  PARTIDO DE LA U;34
PUERTO BOYACA;Partido Politico  Mira;PARTIDO POLITICO  MIRA;32
PUERTO BOYACA;Wilfredo Buritica Avalo;MOVIMIENTO AUTORIDADES INDIGENAS DE COLOMBIA AICO;30
PUERTO BOYACA;Luz Marina Ramirez Portela;PARTIDO POLITICO  MIRA;29
PUERTO BOYACA;Angel Esteban Mondul Saldaña;MOVIMIENTO ALTERNATIVO INDIGENA Y SOCIAL MAIS;28
PUERTO BOYACA;Elsa Martinez Hernandez;MOVIMIENTO ALTERNATIVO INDIGENA Y SOCIAL MAIS;28
PUERTO BOYACA;Maryluz Ariza Castrillon;PARTIDO ALIANZA VERDE;28
PUERTO BOYACA;Partido Colombia Renaciente;PARTIDO COLOMBIA RENACIENTE;28
PUERTO BOYACA;Sobeida Archila Vega;MOVIMIENTO AUTORIDADES INDIGENAS DE COLOMBIA AICO;27
PUERTO BOYACA;Isis Aleth Gaitan Aviles;EL FUTURO LO PONEMOS JUNTOS;26
PUERTO BOYACA;Jorge Eliecer Vanegas Hernandez;PARTIDO POLITICO  MIRA;26
PUERTO BOYACA;Julio Cesar Perez Muñoz;PARTIDO POLITICO  MIRA;26
PUERTO BOYACA;Luz Mireya Rodriguez Mahecha;EL FUTURO LO PONEMOS JUNTOS;26
PUERTO BOYACA;Abilia Del Socorro Alvarez;PARTIDO ALIANZA VERDE;25
PUERTO BOYACA;Margarita Porras Agudelo;MOVIMIENTO AUTORIDADES INDIGENAS DE COLOMBIA AICO;25
PUERTO BOYACA;Leydi Yuliana Soto Aguirre;PARTIDO ALIANZA SOCIAL INDEPENDIENTE ASI;24
PUERTO BOYACA;Flora Maria Ibargue Castro;PARTIDO ADA;22
PUERTO BOYACA;Adalfia Henao Osorio;PARTIDO CONSERVADOR COLOMBIANO;20
PUERTO BOYACA;Juan Pablo Oviedo Arrieta;EL FUTURO LO PONEMOS JUNTOS;20
PUERTO BOYACA;Lisimaco Lozano Ortiz;MOVIMIENTO ALTERNATIVO INDIGENA Y SOCIAL MAIS;18
PUERTO BOYACA;Dorys Moreno Torres;PARTIDO ADA;17
PUERTO BOYACA;Maria Ladys Valencia Manjarres;PARTIDO ADA;17
PUERTO BOYACA;Maria Victoria Aya Bonilla;MOVIMIENTO ALTERNATIVO INDIGENA Y SOCIAL MAIS;17
PUERTO BOYACA;Partido Ada;PARTIDO ADA;17
PUERTO BOYACA;Catherine Galeano Bejarano;MOVIMIENTO ALTERNATIVO INDIGENA Y SOCIAL MAIS;16
PUERTO BOYACA;Kamyla Grisales Pastrana;MOVIMIENTO ALTERNATIVO INDIGENA Y SOCIAL MAIS;15
PUERTO BOYACA;Leidy Johanna Vargas Pineda;PARTIDO CONSERVADOR COLOMBIANO;15
PUERTO BOYACA;Isabel Avendaño;EL FUTURO LO PONEMOS JUNTOS;14
PUERTO BOYACA;Judy Stella Chica;EL FUTURO LO PONEMOS JUNTOS;14
PUERTO BOYACA;Edgar Montoya Ramirez;EL FUTURO LO PONEMOS JUNTOS;12
PUERTO BOYACA;Maria Margarita Devia Romero;PARTIDO ADA;12
PUERTO BOYACA;Luis Enrique Martinez;MOVIMIENTO ALTERNATIVO INDIGENA Y SOCIAL MAIS;11
PUERTO BOYACA;Martha Elena Diaz Tirado;PARTIDO POLITICO  MIRA;10
PUERTO BOYACA;Nelson Santos;EL FUTURO LO PONEMOS JUNTOS;10
PUERTO BOYACA;Daniela Andrea Duque Sanchez;PARTIDO SOCIAL DE UNIDAD NACIONAL  PARTIDO DE LA U;9
PUERTO BOYACA;Grayson Leyva Nacaber;MOVIMIENTO ALTERNATIVO INDIGENA Y SOCIAL MAIS;9
PUERTO BOYACA;Luz Dary Ariza Poveda;PARTIDO POLITICO  MIRA;9
PUERTO BOYACA;Francisco Antonio Hurtado;PARTIDO ADA;8
PUERTO BOYACA;Ivan De Jesus Naranjo Garcia;PARTIDO COLOMBIA RENACIENTE;8
PUERTO BOYACA;Julio Cesar Piedrahita Molina;EL FUTURO LO PONEMOS JUNTOS;8
PUERTO BOYACA;Onias Olaya;PARTIDO ADA;8
PUERTO BOYACA;Angel Maria Salguero Perez;MOVIMIENTO AUTORIDADES INDIGENAS DE COLOMBIA AICO;7
PUERTO BOYACA;Diomedes De Jesus Vergara;EL FUTURO LO PONEMOS JUNTOS;7
PUERTO BOYACA;Rosmery Cuero Perlaza;PARTIDO COLOMBIA RENACIENTE;7
PUERTO BOYACA;Vicente Herrera Amaya;MOVIMIENTO AUTORIDADES INDIGENAS DE COLOMBIA AICO;7
PUERTO BOYACA;Androny Allanger Cullman Alfonso;MOVIMIENTO ALTERNATIVO INDIGENA Y SOCIAL MAIS;6
PUERTO BOYACA;Maria Pricila Vivero Espinosa;PARTIDO COLOMBIA RENACIENTE;6
PUERTO BOYACA;Cayetano Mosquera Palomeque;PARTIDO ADA;5
PUERTO BOYACA;Luis Alberto Peñaloza Mosquera;PARTIDO COLOMBIA RENACIENTE;5
PUERTO BOYACA;Mary Luz Lopez;PARTIDO COLOMBIA RENACIENTE;5
PUERTO BOYACA;Sandra Isabel Huertas Lambraño;PARTIDO COLOMBIA RENACIENTE;5
PUERTO BOYACA;Rodrigo Jose Calderin Lopez;PARTIDO ADA;4
PUERTO BOYACA;Maria Eunice Velasquez Zora;PARTIDO ADA;3
PUERTO BOYACA;Yadira Gonzalez;PARTIDO COLOMBIA RENACIENTE;3
PUERTO BOYACA;Diana Paola Gonzalez Tobon;PARTIDO ADA;2
PUERTO BOYACA;Gloria Ilda Muñoz Ramirez;PARTIDO COLOMBIA RENACIENTE;2
PUERTO BOYACA;Yaritza Castañeda;PARTIDO ADA;2
PUERTO BOYACA;Yolima Fernanda Peralta Anzola;PARTIDO COLOMBIA RENACIENTE;2
PUERTO BOYACA;Maria Elena Agudelo Salazar;PARTIDO COLOMBIA RENACIENTE;1
PUERTO BOYACA;Vianey Astrid Castaño Valencia;EL FUTURO LO PONEMOS JUNTOS;1
QUIPAMA;Eduar Andres Anzola Puertas;PARTIDO LIBERAL COLOMBIANO;160
QUIPAMA;Aldemar Leon Salamanca;MOVIMIENTO AUTORIDADES INDIGENAS DE COLOMBIA AICO;157
QUIPAMA;Carlos Eduardo Real Carrillo;PARTIDO ALIANZA VERDE;146
QUIPAMA;Carlos Alberto Molina Castañeda;PARTIDO CONSERVADOR COLOMBIANO;138
QUIPAMA;Aldemar Castillo Romero;PARTIDO CAMBIO RADICAL;131
QUIPAMA;Elverarnoldo Triana Calvo;PARTIDO LIBERAL COLOMBIANO;129
QUIPAMA;Elizabeth Real Latorre;PARTIDO CAMBIO RADICAL;114
QUIPAMA;Ronald Fernando Moron Medina;PARTIDO LIBERAL COLOMBIANO;113
QUIPAMA;Jose Perez;PARTIDO ALIANZA VERDE;91
QUIPAMA;Wilson Javier Ordoñez Gutierrez;MOVIMIENTO AUTORIDADES INDIGENAS DE COLOMBIA AICO;85
QUIPAMA;Agustin Angel Cardenas Gomez;MOVIMIENTO AUTORIDADES INDIGENAS DE COLOMBIA AICO;79
QUIPAMA;Marcelenda Medina Yemayusa;PARTIDO SOCIAL DE UNIDAD NACIONAL  PARTIDO DE LA U;71
QUIPAMA;Blanca Cecilia Ordoñez Galindo;PARTIDO ALIANZA VERDE;70
QUIPAMA;Yuri Rubiela Castillo Vega;MOVIMIENTO AUTORIDADES INDIGENAS DE COLOMBIA AICO;69
QUIPAMA;Luis Omar Beltran Ramirez;PARTIDO CONSERVADOR COLOMBIANO;67
QUIPAMA;Over Hernando Briceño Castro;PARTIDO CENTRO DEMOCRATICO;66
QUIPAMA;Luz Mariela Bravo Medina;PARTIDO CAMBIO RADICAL;65
QUIPAMA;Leidy Yobana Gomez Murcia;MOVIMIENTO AUTORIDADES INDIGENAS DE COLOMBIA AICO;64
QUIPAMA;Elvecia Mahecha Obando;PARTIDO ALIANZA VERDE;63
QUIPAMA;Jose Rodrigo Avila Castillo;MOVIMIENTO AUTORIDADES INDIGENAS DE COLOMBIA AICO;62
QUIPAMA;Harod Alejandro Useche Saldaña;PARTIDO CAMBIO RADICAL;60
QUIPAMA;Oscar Hernando Quiroga Anzola;PARTIDO ALIANZA VERDE;57
QUIPAMA;Carlos Efrain Marcelo Varela;PARTIDO SOCIAL DE UNIDAD NACIONAL  PARTIDO DE LA U;56
QUIPAMA;Yamir Bustos Tejedor;PARTIDO CAMBIO RADICAL;56
QUIPAMA;Geidy Yovana Medina Cancelada;PARTIDO CENTRO DEMOCRATICO;53
QUIPAMA;Zamir Antonio Moreno Medina;MOVIMIENTO AUTORIDADES INDIGENAS DE COLOMBIA AICO;50
QUIPAMA;Carlos Arnulfo Orjuela Castillo;PARTIDO CENTRO DEMOCRATICO;49
QUIPAMA;Maria Biyi Alvarado Barrera;PARTIDO SOCIAL DE UNIDAD NACIONAL  PARTIDO DE LA U;44
QUIPAMA;William Hernando Vega Camacho;PARTIDO CONSERVADOR COLOMBIANO;44
QUIPAMA;Diana Lucero Soto Virguez;PARTIDO ALIANZA VERDE;41
QUIPAMA;Yerli Mildre Salamanca Salamanca;MOVIMIENTO AUTORIDADES INDIGENAS DE COLOMBIA AICO;38
QUIPAMA;Elvis Mauricio Vanegas;MOVIMIENTO AUTORIDADES INDIGENAS DE COLOMBIA AICO;37
QUIPAMA;Geizon Alfredo Rincon Garcia;PARTIDO CONSERVADOR COLOMBIANO;36
QUIPAMA;Jose Diomedes Perez Espejo;PARTIDO SOCIAL DE UNIDAD NACIONAL  PARTIDO DE LA U;36
QUIPAMA;Movimiento Autoridades Indigenas De Colombia Aico;MOVIMIENTO AUTORIDADES INDIGENAS DE COLOMBIA AICO;35
QUIPAMA;Fernando Basallo Garcia;PARTIDO ALIANZA VERDE;33
QUIPAMA;Clara Elsa Mendez Rosas;PARTIDO LIBERAL COLOMBIANO;30
QUIPAMA;Ronald Fabian Palacios Garzon;PARTIDO CAMBIO RADICAL;26
QUIPAMA;Gavino Rodriguez Rodriguez;PARTIDO LIBERAL COLOMBIANO;24
QUIPAMA;Gildardo Bautista Rojas;PARTIDO ALIANZA SOCIAL INDEPENDIENTE ASI;23
QUIPAMA;Nury Socorro Solano Piñeros;PARTIDO CAMBIO RADICAL;23
QUIPAMA;Partido Alianza Verde;PARTIDO ALIANZA VERDE;23
QUIPAMA;Eider Milena Anzola;PARTIDO ALIANZA VERDE;22
QUIPAMA;John Federico Beltran;PARTIDO CONSERVADOR COLOMBIANO;22
QUIPAMA;Adelmo Medina Hueso;PARTIDO ALIANZA VERDE;21
QUIPAMA;Yurley Bustos Rodriguez;PARTIDO ALIANZA SOCIAL INDEPENDIENTE ASI;20
QUIPAMA;Armando Cardona Castillo;PARTIDO ALIANZA SOCIAL INDEPENDIENTE ASI;19
QUIPAMA;Partido Liberal Colombiano;PARTIDO LIBERAL COLOMBIANO;19
QUIPAMA;Cesar Eduardo Cardenas Torres;PARTIDO ADA;17
QUIPAMA;Partido Social De Unidad Nacional  Partido De La U;PARTIDO SOCIAL DE UNIDAD NACIONAL  PARTIDO DE LA U;16
QUIPAMA;Jose Mauricio Silva Rodriguez;PARTIDO ALIANZA SOCIAL INDEPENDIENTE ASI;15
QUIPAMA;Santos Rueda Rojas;PARTIDO CAMBIO RADICAL;15
QUIPAMA;Robinson Castro Florido;PARTIDO CAMBIO RADICAL;13
QUIPAMA;Ubeimar Gasca Plazas;PARTIDO LIBERAL COLOMBIANO;13
QUIPAMA;Deisy Rosiris Ordoñez Saavedra;PARTIDO ALIANZA SOCIAL INDEPENDIENTE ASI;12
QUIPAMA;Maura Vega Vega;PARTIDO ADA;12
QUIPAMA;Luz Dary Rogeles Martinez;PARTIDO ALIANZA SOCIAL INDEPENDIENTE ASI;11
QUIPAMA;Partido Cambio Radical;PARTIDO CAMBIO RADICAL;11
QUIPAMA;Maria Nixen Saldaña Garcia;PARTIDO ADA;10
QUIPAMA;Partido Alianza Social Independiente Asi;PARTIDO ALIANZA SOCIAL INDEPENDIENTE ASI;10
QUIPAMA;Jairo Fajardo Galindo;PARTIDO ADA;9
QUIPAMA;Liliana Saldaña Rojas;PARTIDO CENTRO DEMOCRATICO;9
QUIPAMA;Milton Olmedo Murcia Cancelada;PARTIDO LIBERAL COLOMBIANO;8
QUIPAMA;Partido Centro Democratico;PARTIDO CENTRO DEMOCRATICO;8
QUIPAMA;Partido Conservador Colombiano;PARTIDO CONSERVADOR COLOMBIANO;6
QUIPAMA;Soffia Martinez Lagos;PARTIDO CENTRO DEMOCRATICO;5
QUIPAMA;Yesenia Salazar Marin;PARTIDO ADA;5
QUIPAMA;Johan Estiven Miranda Molina;PARTIDO SOCIAL DE UNIDAD NACIONAL  PARTIDO DE LA U;4
QUIPAMA;Jose Herney Saldaña Rogeles;PARTIDO CONSERVADOR COLOMBIANO;4
QUIPAMA;Jose Yecit Piñeros Pachon;PARTIDO ALIANZA SOCIAL INDEPENDIENTE ASI;4
QUIPAMA;Maria Fabiola Aguilar Gomez;PARTIDO LIBERAL COLOMBIANO;4
QUIPAMA;Nancy Palacios Galindo;PARTIDO SOCIAL DE UNIDAD NACIONAL  PARTIDO DE LA U;4
QUIPAMA;Asbleidy Solangie Almonacid Diaz;PARTIDO CONSERVADOR COLOMBIANO;3
QUIPAMA;Esleyder Linarez Montero;PARTIDO SOCIAL DE UNIDAD NACIONAL  PARTIDO DE LA U;3
QUIPAMA;Luz Adriana Torres Leon;PARTIDO ALIANZA SOCIAL INDEPENDIENTE ASI;3
QUIPAMA;Marta Cecilia Garzon Alvarez;PARTIDO LIBERAL COLOMBIANO;3
QUIPAMA;Partido Ada;PARTIDO ADA;3
QUIPAMA;Juana Valentina Gonzalez Marin;PARTIDO CENTRO DEMOCRATICO;2
QUIPAMA;Yeffer Eduardo Acosta Cifuentes;PARTIDO ADA;2
QUIPAMA;Gloria Blanco Galindo;PARTIDO CONSERVADOR COLOMBIANO;1
QUIPAMA;Pedro Miguel Moreno Gomez;PARTIDO ALIANZA SOCIAL INDEPENDIENTE ASI;1
QUIPAMA;Sandra Milena Lagos Marulanda;PARTIDO CONSERVADOR COLOMBIANO;1
RAMIRIQUI;Carlos Fabian Caro Martinez;PARTIDO LIBERAL COLOMBIANO;326
RAMIRIQUI;Yefer Armando Parra Sanabria;PARTIDO LIBERAL COLOMBIANO;322
RAMIRIQUI;Omar Eduardo Arias Torres;MOVIMIENTO ALTERNATIVO INDIGENA Y SOCIAL MAIS;319
RAMIRIQUI;Uriel Alexander Sosa Caro;PARTIDO SOCIAL DE UNIDAD NACIONAL  PARTIDO DE LA U;295
RAMIRIQUI;Raul Pulido Ulloa;PARTIDO CAMBIO RADICAL;240
RAMIRIQUI;Jhoan Ricardo Avila Cruz;PARTIDO CONSERVADOR COLOMBIANO;226
RAMIRIQUI;Juan Jose Cortes Pulido;PARTIDO CAMBIO RADICAL;223
RAMIRIQUI;Simon Alvehiro Torres Arias;MOVIMIENTO ALTERNATIVO INDIGENA Y SOCIAL MAIS;197
RAMIRIQUI;Jose Miguel Torres Lopez;PARTIDO ALIANZA VERDE;182
RAMIRIQUI;Julio Alfonso Mendoza Rincon;PARTIDO CONSERVADOR COLOMBIANO;166
RAMIRIQUI;Fausto Alexis Ruiz Pacheco;PARTIDO CONSERVADOR COLOMBIANO;164
RAMIRIQUI;Jefferson Mauricio Mora Mendoza;PARTIDO LIBERAL COLOMBIANO;156
RAMIRIQUI;Julio Cesar Ruiz Avila;PARTIDO LIBERAL COLOMBIANO;152
RAMIRIQUI;Carlos Mauricio Gomez Parra;MOVIMIENTO ALTERNATIVO INDIGENA Y SOCIAL MAIS;148
RAMIRIQUI;Carlos Avila Vargas;PARTIDO CAMBIO RADICAL;145
RAMIRIQUI;Guillermo Gaona Parra;PARTIDO LIBERAL COLOMBIANO;145
RAMIRIQUI;Alexander Cepeda Garcia;MOVIMIENTO ALTERNATIVO INDIGENA Y SOCIAL MAIS;144
RAMIRIQUI;Neidy Vanessa Arias Vargas;MOVIMIENTO ALTERNATIVO INDIGENA Y SOCIAL MAIS;143
RAMIRIQUI;Jose Raul Muñoz Olarte;PARTIDO LIBERAL COLOMBIANO;139
RAMIRIQUI;Partido Centro Democratico;PARTIDO CENTRO DEMOCRATICO;137
RAMIRIQUI;Jose Humberto Ramos Pulido;MOVIMIENTO ALTERNATIVO INDIGENA Y SOCIAL MAIS;119
RAMIRIQUI;Victor Alonso Cruz Pulido;PARTIDO CAMBIO RADICAL;114
RAMIRIQUI;Lindaura Parra Pulido;PARTIDO LIBERAL COLOMBIANO;110
RAMIRIQUI;Hector Julio Arias Millan;PARTIDO LIBERAL COLOMBIANO;105
RAMIRIQUI;Ana Milena Parra Olarte;PARTIDO LIBERAL COLOMBIANO;93
RAMIRIQUI;Posidio Olarte Pulido;PARTIDO ALIANZA VERDE;90
RAMIRIQUI;Yesica Ruiz Cristancho;PARTIDO ALIANZA VERDE;89
RAMIRIQUI;Pedro Julio Muñoz Cuervo;MOVIMIENTO ALTERNATIVO INDIGENA Y SOCIAL MAIS;88
RAMIRIQUI;Juan De Jesus Parra Talero;PARTIDO ALIANZA SOCIAL INDEPENDIENTE ASI;87
RAMIRIQUI;Luz Stella Abril De Arias;PARTIDO CONSERVADOR COLOMBIANO;87
RAMIRIQUI;Paula Andrea Bonilla Arias;PARTIDO ALIANZA VERDE;67
RAMIRIQUI;Partido Liberal Colombiano;PARTIDO LIBERAL COLOMBIANO;61
RAMIRIQUI;Pedro Jose Castelblanco Sanabria;PARTIDO CONSERVADOR COLOMBIANO;59
RAMIRIQUI;Ana Cristina Sarmiento Molina;PARTIDO LIBERAL COLOMBIANO;58
RAMIRIQUI;Hernan Camilo Vargas Avila;PARTIDO ALIANZA VERDE;58
RAMIRIQUI;Reyes Ramos Parra;PARTIDO CONSERVADOR COLOMBIANO;56
RAMIRIQUI;Francy Mirley Camelo Guerrero;PARTIDO LIBERAL COLOMBIANO;55
RAMIRIQUI;William Uribe Bello;PARTIDO CAMBIO RADICAL;54
RAMIRIQUI;Yefer Alexander Olarte Olarte;PARTIDO CONSERVADOR COLOMBIANO;46
RAMIRIQUI;Rafael Antonio Vargas Castro;PARTIDO CAMBIO RADICAL;33
RAMIRIQUI;Plinio Alfonso Parra Vega;PARTIDO CONSERVADOR COLOMBIANO;30
RAMIRIQUI;Daniela Gomez Leguizamo;MOVIMIENTO ALTERNATIVO INDIGENA Y SOCIAL MAIS;27
RAMIRIQUI;Ciro Arturo Pulido Caro;PARTIDO SOCIAL DE UNIDAD NACIONAL  PARTIDO DE LA U;26
RAMIRIQUI;Partido Conservador Colombiano;PARTIDO CONSERVADOR COLOMBIANO;24
RAMIRIQUI;Diocelina Salamanca Soler;PARTIDO CONSERVADOR COLOMBIANO;23
RAMIRIQUI;Aura Nelcy Torres Joya;PARTIDO CAMBIO RADICAL;22
RAMIRIQUI;Partido Alianza Verde;PARTIDO ALIANZA VERDE;22
RAMIRIQUI;Partido Cambio Radical;PARTIDO CAMBIO RADICAL;20
RAMIRIQUI;Carmen Ligia Leon Quitian;PARTIDO CONSERVADOR COLOMBIANO;19
RAMIRIQUI;Jhon Fredy Acevedo Avila;PARTIDO ALIANZA SOCIAL INDEPENDIENTE ASI;19
RAMIRIQUI;Movimiento Alternativo Indigena Y Social Mais;MOVIMIENTO ALTERNATIVO INDIGENA Y SOCIAL MAIS;17
RAMIRIQUI;Jaime Eduardo Olarte Moreno;PARTIDO ALIANZA VERDE;15
RAMIRIQUI;Maria Jose Vargas Vargas;PARTIDO CONSERVADOR COLOMBIANO;13
RAMIRIQUI;Partido Social De Unidad Nacional  Partido De La U;PARTIDO SOCIAL DE UNIDAD NACIONAL  PARTIDO DE LA U;11
RAMIRIQUI;Lina Maria Tirado Narvaez;PARTIDO ALIANZA SOCIAL INDEPENDIENTE ASI;10
RAMIRIQUI;Martha Rocio Avila Arguello;PARTIDO ALIANZA VERDE;10
RAMIRIQUI;Ana Cecilia Soler Cuadrado;MOVIMIENTO ALTERNATIVO INDIGENA Y SOCIAL MAIS;9
RAMIRIQUI;Luis Roberto Ramirez Gomez;PARTIDO SOCIAL DE UNIDAD NACIONAL  PARTIDO DE LA U;9
RAMIRIQUI;Elcy Beatriz Cuervo Diaz;PARTIDO CAMBIO RADICAL;7
RAMIRIQUI;Maria Eduvina Sanabria Pulido;PARTIDO CAMBIO RADICAL;5
RAMIRIQUI;Luz Marina Moreno Buitrago;PARTIDO SOCIAL DE UNIDAD NACIONAL  PARTIDO DE LA U;4
RAMIRIQUI;Sandra Yamile Ramirez Mota;PARTIDO SOCIAL DE UNIDAD NACIONAL  PARTIDO DE LA U;4
RAMIRIQUI;Andrea Yesmith Ramirez Motta;PARTIDO SOCIAL DE UNIDAD NACIONAL  PARTIDO DE LA U;3
RAMIRIQUI;Marta Liliana Grijalba Moreno;PARTIDO SOCIAL DE UNIDAD NACIONAL  PARTIDO DE LA U;3
RAMIRIQUI;Partido Alianza Social Independiente Asi;PARTIDO ALIANZA SOCIAL INDEPENDIENTE ASI;3
RAQUIRA;Erika Andrea Castillo Aguilar;PARTIDO CENTRO DEMOCRATICO;165
RAQUIRA;Diana Natali Ruiz Castellanos;PARTIDO CENTRO DEMOCRATICO;164
RAQUIRA;Jose Ivan Casas Sierra;PARTIDO CAMBIO RADICAL;161
RAQUIRA;Claudia Marcela Diaz Quintero;PARTIDO SOCIAL DE UNIDAD NACIONAL  PARTIDO DE LA U;145
RAQUIRA;Julio Tomas Melo Martinez;PARTIDO ALIANZA VERDE;144
RAQUIRA;Jesus Orlando Lancheros Valbuena;PARTIDO ALIANZA VERDE;141
RAQUIRA;Tito Rodriguez Buitrago;PARTIDO CENTRO DEMOCRATICO;133
RAQUIRA;Jaime Rodriguez Rodriguez;PARTIDO CAMBIO RADICAL;129
RAQUIRA;Jose Alfredo Mendieta Mendieta;PARTIDO LIBERAL COLOMBIANO;118
RAQUIRA;Isaias Rodriguez Forero;PARTIDO ALIANZA VERDE;112
RAQUIRA;Nubia Aracely Vargas Bojaca;PARTIDO ALIANZA VERDE;112
RAQUIRA;Mauricio Melo Martinez;PARTIDO CENTRO DEMOCRATICO;107
RAQUIRA;Luis Alejandro Melo Sierra;PARTIDO CONSERVADOR COLOMBIANO;106
RAQUIRA;Ruben Sierra Mendieta;PARTIDO CONSERVADOR COLOMBIANO;103
RAQUIRA;Samuel Casas Arevalo;PARTIDO CAMBIO RADICAL;102
RAQUIRA;Freddy Alexander Bautista Ovalle;PARTIDO CENTRO DEMOCRATICO;96
RAQUIRA;Jose Alejandro Ruiz Forero;PARTIDO CENTRO DEMOCRATICO;88
RAQUIRA;Laura Milena Casas Casas;PARTIDO CENTRO DEMOCRATICO;87
RAQUIRA;Octavio Forero Cardenas;PARTIDO LIBERAL COLOMBIANO;87
RAQUIRA;Carlos Julio Casas Casas;PARTIDO SOCIAL DE UNIDAD NACIONAL  PARTIDO DE LA U;78
RAQUIRA;William Oswaldo Diaz Reyes;PARTIDO ALIANZA VERDE;75
RAQUIRA;Katherinne Castillo Perez;PARTIDO ALIANZA VERDE;74
RAQUIRA;Lalo Ventura Melo;PARTIDO CONSERVADOR COLOMBIANO;70
RAQUIRA;Carmen Yanira Sierra Sanchez;PARTIDO CONSERVADOR COLOMBIANO;64
RAQUIRA;Carlos Arturo Chacon Mancipe;PARTIDO CENTRO DEMOCRATICO;63
RAQUIRA;Henry Alfonso Vargas Valbuena;PARTIDO LIBERAL COLOMBIANO;59
RAQUIRA;Luis Antonio Casas Castro;PARTIDO SOCIAL DE UNIDAD NACIONAL  PARTIDO DE LA U;57
RAQUIRA;Gloria Elisa Sierra Castillo;PARTIDO SOCIAL DE UNIDAD NACIONAL  PARTIDO DE LA U;54
RAQUIRA;Jairo Alonso Pinilla Mendieta;PARTIDO ALIANZA VERDE;53
RAQUIRA;Jose Efrain Lancheros Casas;PARTIDO SOCIAL DE UNIDAD NACIONAL  PARTIDO DE LA U;51
RAQUIRA;Carlos Julio Melo Castillo;PARTIDO CONSERVADOR COLOMBIANO;47
RAQUIRA;Saul Varela Buitrago;PARTIDO CONSERVADOR COLOMBIANO;42
RAQUIRA;Ninfa Oliva Parra Buitrago;PARTIDO CAMBIO RADICAL;41
RAQUIRA;Juan Pablo Reyes Paez;PARTIDO CAMBIO RADICAL;40
RAQUIRA;Jose Tomas Escallon Avila;PARTIDO LIBERAL COLOMBIANO;37
RAQUIRA;Partido Centro Democratico;PARTIDO CENTRO DEMOCRATICO;37
RAQUIRA;Wbeimar Samuel Bautista Jerez;PARTIDO ALIANZA VERDE;36
RAQUIRA;Gregorio Evaristo Quiroga Arevalo;PARTIDO SOCIAL DE UNIDAD NACIONAL  PARTIDO DE LA U;34
RAQUIRA;Dolores Nohemi Casas Castillo;PARTIDO CONSERVADOR COLOMBIANO;32
RAQUIRA;Wilson Eduardo Santana Molina;PARTIDO CENTRO DEMOCRATICO;32
RAQUIRA;Dilsa Fernanda Dorado Sierra;PARTIDO CENTRO DEMOCRATICO;29
RAQUIRA;Partido Alianza Verde;PARTIDO ALIANZA VERDE;29
RAQUIRA;Ana Maria Ulloa Puentes;PARTIDO CENTRO DEMOCRATICO;28
RAQUIRA;Oscar Mauricio Bedoya Gomez;PARTIDO CONSERVADOR COLOMBIANO;28
RAQUIRA;Gladiz Buitrago Forero;PARTIDO ALIANZA VERDE;27
RAQUIRA;Faviola Esperanza Ovalle Ruiz;PARTIDO CONSERVADOR COLOMBIANO;26
RAQUIRA;Henry Orlando Melo Rey;PARTIDO ALIANZA VERDE;24
RAQUIRA;Rosa Julia Guerrero Dorado;PARTIDO ALIANZA VERDE;24
RAQUIRA;Deicy Yaneth Rodriguez Villanueva;PARTIDO LIBERAL COLOMBIANO;22
RAQUIRA;Luz Mery Sierra Casas;PARTIDO CONSERVADOR COLOMBIANO;18
RAQUIRA;Partido Cambio Radical;PARTIDO CAMBIO RADICAL;17
RAQUIRA;Sandra Milena Barriga Parra;PARTIDO CAMBIO RADICAL;15
RAQUIRA;Partido Social De Unidad Nacional  Partido De La U;PARTIDO SOCIAL DE UNIDAD NACIONAL  PARTIDO DE LA U;13
RAQUIRA;Partido Liberal Colombiano;PARTIDO LIBERAL COLOMBIANO;12
RAQUIRA;Partido Conservador Colombiano;PARTIDO CONSERVADOR COLOMBIANO;7
RAQUIRA;Martha Yaneth Moreno Cometa;PARTIDO LIBERAL COLOMBIANO;6
RAQUIRA;Yency Paola Casas Salinas;PARTIDO SOCIAL DE UNIDAD NACIONAL  PARTIDO DE LA U;5
RONDON;Wilinton Ramirez Aguirre;PARTIDO SOCIAL DE UNIDAD NACIONAL  PARTIDO DE LA U;180
RONDON;Julio German Reyes Barahona;PARTIDO ALIANZA SOCIAL INDEPENDIENTE ASI;167
RONDON;Hernan Jose Alba Galindo;PARTIDO CAMBIO RADICAL;158
RONDON;Hildebrando Vargas;PARTIDO SOCIAL DE UNIDAD NACIONAL  PARTIDO DE LA U;156
RONDON;Dagoberto Arias Caro;PARTIDO CAMBIO RADICAL;140
RONDON;Silvio Jhon Fredy Lopez Reyes;PARTIDO ALIANZA SOCIAL INDEPENDIENTE ASI;138
RONDON;Nelson Uriel Soler Caro;PARTIDO CAMBIO RADICAL;136
RONDON;Sandra Mireya Rodriguez Vargas;PARTIDO CONSERVADOR COLOMBIANO;125
RONDON;Veyer Orlando Reyes Arias;PARTIDO CONSERVADOR COLOMBIANO;109
RONDON;Parmenio Arias Paez;PARTIDO CONSERVADOR COLOMBIANO;90
RONDON;Sendy Liliana Mesa Mancipe;PARTIDO CAMBIO RADICAL;86
RONDON;Luz Estela Perez Perez;PARTIDO SOCIAL DE UNIDAD NACIONAL  PARTIDO DE LA U;74
RONDON;Jose Quintiliano Cuadros Sanabria;PARTIDO SOCIAL DE UNIDAD NACIONAL  PARTIDO DE LA U;66
RONDON;Hipolito Vargas Rodriguez;PARTIDO CONSERVADOR COLOMBIANO;58
RONDON;Tulio Ricardo Rodriguez Arias;PARTIDO SOCIAL DE UNIDAD NACIONAL  PARTIDO DE LA U;50
RONDON;Claudia Patricia Arias Solano;PARTIDO CAMBIO RADICAL;35
RONDON;Angel Gustavo Orduña Mancipe;PARTIDO CONSERVADOR COLOMBIANO;32
RONDON;Jhon Jairo Soler Soler;PARTIDO ALIANZA SOCIAL INDEPENDIENTE ASI;26
RONDON;Luz Gloria Romero Ortiz;PARTIDO CAMBIO RADICAL;26
RONDON;Maria Dioselina Daza Galindo;PARTIDO CONSERVADOR COLOMBIANO;23
RONDON;Heydy Tatiana Moreno Parra;PARTIDO SOCIAL DE UNIDAD NACIONAL  PARTIDO DE LA U;15
RONDON;Deysy Alexandra Sanabria Barajas;PARTIDO CAMBIO RADICAL;13
RONDON;Yeysi Paola Duarte Ibañez;PARTIDO SOCIAL DE UNIDAD NACIONAL  PARTIDO DE LA U;10
RONDON;Partido Cambio Radical;PARTIDO CAMBIO RADICAL;7
RONDON;Angela Tatiana Espinosa Vargas;PARTIDO ALIANZA SOCIAL INDEPENDIENTE ASI;5
RONDON;Partido Conservador Colombiano;PARTIDO CONSERVADOR COLOMBIANO;5
RONDON;Partido Social De Unidad Nacional  Partido De La U;PARTIDO SOCIAL DE UNIDAD NACIONAL  PARTIDO DE LA U;5
RONDON;Blanca Flor Jimenez Soler;PARTIDO CONSERVADOR COLOMBIANO;4
RONDON;Partido Alianza Social Independiente Asi;PARTIDO ALIANZA SOCIAL INDEPENDIENTE ASI;4
RONDON;Nancy Liliana Velasquez Reyes;PARTIDO ALIANZA SOCIAL INDEPENDIENTE ASI;1
SABOYA;Guillermo Alonso Merchan Torres;PARTIDO ALIANZA VERDE;385
SABOYA;Juan Carlos Rodriguez Gonzalez;PARTIDO LIBERAL COLOMBIANO;330
SABOYA;Jose Angel Maria Laiton Avila;PARTIDO LIBERAL COLOMBIANO;307
SABOYA;Fabian Ricardo Avila Laiton;PARTIDO ALIANZA VERDE;303
SABOYA;Luisa Fernanda Ballesteros Casas;PARTIDO CONSERVADOR COLOMBIANO;283
SABOYA;Cirle Natali Casas Casas;PARTIDO ALIANZA VERDE;275
SABOYA;Cristian Fernando Avila Peña;PARTIDO ALIANZA VERDE;273
SABOYA;Belisario Antonio Romero Rojas;PARTIDO ALIANZA VERDE;244
SABOYA;Natalia Suarez Rojas;PARTIDO LIBERAL COLOMBIANO;228
SABOYA;Jimmy Alexander Caballero Paloma;PARTIDO LIBERAL COLOMBIANO;224
SABOYA;Juan Damaso Sanchez Villamil;PARTIDO SOCIAL DE UNIDAD NACIONAL  PARTIDO DE LA U;187
SABOYA;Omar Eduardo Ortiz Olarte;PARTIDO LIBERAL COLOMBIANO;185
SABOYA;Samir Armando Torres Villamil;PARTIDO ALIANZA VERDE;182
SABOYA;Oscar Julian Cortes Sanchez;PARTIDO ALIANZA VERDE;181
SABOYA;Silvio Aristobulo Burgos Rojas;PARTIDO CONSERVADOR COLOMBIANO;163
SABOYA;Leidy Elizabeth Castellanos Villamil;PARTIDO CONSERVADOR COLOMBIANO;158
SABOYA;Jose Arturo Martinez Martinez;PARTIDO LIBERAL COLOMBIANO;151
SABOYA;Floro De Jesus Combita Mendez;PARTIDO LIBERAL COLOMBIANO;142
SABOYA;Juan Gabriel Martinez Ortegon;PARTIDO LIBERAL COLOMBIANO;137
SABOYA;Luis Dagoberto Ramos Hernandez;PARTIDO CONSERVADOR COLOMBIANO;133
SABOYA;Luis Eduardo Suarez;PARTIDO CONSERVADOR COLOMBIANO;127
SABOYA;Julian Sanchez Torres;PARTIDO CENTRO DEMOCRATICO;123
SABOYA;Victor Manuel Alvarado Poveda;PARTIDO SOCIAL DE UNIDAD NACIONAL  PARTIDO DE LA U;122
SABOYA;Celso Gabriel Sanchez Hernandez;PARTIDO CONSERVADOR COLOMBIANO;119
SABOYA;Jerson Hernan Cubides Garcia;PARTIDO CAMBIO RADICAL;119
SABOYA;Carlos Andres Avila Rojas;PARTIDO SOCIAL DE UNIDAD NACIONAL  PARTIDO DE LA U;118
SABOYA;Publio Antonio Roncancio;PARTIDO CONSERVADOR COLOMBIANO;117
SABOYA;Javier Andres Castellanos Castellanos;PARTIDO CAMBIO RADICAL;114
SABOYA;Claudia Cristina Villamil Romero;PARTIDO ALIANZA VERDE;113
SABOYA;Braulio David Villamil Rodriguez;PARTIDO CENTRO DEMOCRATICO;110
SABOYA;Angel Norbey Castellanos Suarez;PARTIDO CAMBIO RADICAL;106
SABOYA;Partido Alianza Verde;PARTIDO ALIANZA VERDE;106
SABOYA;Eder Aureliano Castellanos Sotelo;PARTIDO ALIANZA VERDE;95
SABOYA;Ingri Camila Arguello Arguello;PARTIDO LIBERAL COLOMBIANO;94
SABOYA;Partido Liberal Colombiano;PARTIDO LIBERAL COLOMBIANO;92
SABOYA;Yeison Edelber Santana Lemus;PARTIDO CAMBIO RADICAL;85
SABOYA;Emiro Antonio Castellanos Villamil;PARTIDO CAMBIO RADICAL;84
SABOYA;Maria Anita Rojas Rozo;PARTIDO ALIANZA VERDE;71
SABOYA;Zuly Yolima Martinez Peña;PARTIDO LIBERAL COLOMBIANO;66
SABOYA;Maicol Alexis Fajardo Rodriguez;PARTIDO SOCIAL DE UNIDAD NACIONAL  PARTIDO DE LA U;65
SABOYA;Jose Cristobal Villamil Villamil;PARTIDO CONSERVADOR COLOMBIANO;64
SABOYA;Partido Conservador Colombiano;PARTIDO CONSERVADOR COLOMBIANO;64
SABOYA;Edy Jaime Pineda Avendano;PARTIDO CAMBIO RADICAL;60
SABOYA;Elcy Isabel Ortiz Beltran;PARTIDO ALIANZA VERDE;50
SABOYA;Claudia Lucero Avendaño Velandia;PARTIDO CAMBIO RADICAL;49
SABOYA;Viviana Bedoya Ramirez;PARTIDO CAMBIO RADICAL;46
SABOYA;Roberto Paloma Bernal;PARTIDO CONSERVADOR COLOMBIANO;36
SABOYA;Julian Vicente Romero Romero;PARTIDO CENTRO DEMOCRATICO;34
SABOYA;Partido Cambio Radical;PARTIDO CAMBIO RADICAL;33
SABOYA;Lelio Castro Fajardo;PARTIDO CENTRO DEMOCRATICO;28
SABOYA;Jorge Arley Sastoque Pineda;PARTIDO CAMBIO RADICAL;26
SABOYA;Partido Social De Unidad Nacional  Partido De La U;PARTIDO SOCIAL DE UNIDAD NACIONAL  PARTIDO DE LA U;25
SABOYA;Omar Emilio Reyes Alvarado;PARTIDO SOCIAL DE UNIDAD NACIONAL  PARTIDO DE LA U;22
SABOYA;Edward Ortiz Rodriguez;PARTIDO CENTRO DEMOCRATICO;20
SABOYA;Luz Marina Villamil Rojas;PARTIDO SOCIAL DE UNIDAD NACIONAL  PARTIDO DE LA U;20
SABOYA;Fernando Alirio Morales Mendieta;PARTIDO SOCIAL DE UNIDAD NACIONAL  PARTIDO DE LA U;19
SABOYA;Diana Rocio Porras Gaitan;PARTIDO CENTRO DEMOCRATICO;18
SABOYA;Partido Centro Democratico;PARTIDO CENTRO DEMOCRATICO;17
SABOYA;Lizeth Viviana Avila Sarmiento;PARTIDO CONSERVADOR COLOMBIANO;14
SABOYA;Camila Esperanza Bustos Rodriguez;PARTIDO CENTRO DEMOCRATICO;12
SABOYA;Mary Julieth Sanchez Niño;PARTIDO CENTRO DEMOCRATICO;11
SABOYA;Alex Arbey Sasa Cortes;PARTIDO CENTRO DEMOCRATICO;9
SABOYA;Liz Adriana Martinez Martinez;PARTIDO CONSERVADOR COLOMBIANO;8
SABOYA;Henry Humberto Figueroa Bonilla;PARTIDO SOCIAL DE UNIDAD NACIONAL  PARTIDO DE LA U;5
SABOYA;Maria Nohemy Romero Martinez;PARTIDO CAMBIO RADICAL;3
SABOYA;Gina Daniela Virguez Zapata;PARTIDO SOCIAL DE UNIDAD NACIONAL  PARTIDO DE LA U;2
SABOYA;Yecenia Casas Mendez;PARTIDO SOCIAL DE UNIDAD NACIONAL  PARTIDO DE LA U;2
SACHICA;Juan Eduardo Duran Yagama;PARTIDO POLO DEMOCRATICO ALTERNATIVO;185
SACHICA;Sindy Paola Amado Niño;PARTIDO LIBERAL COLOMBIANO;167
SACHICA;Ivan Dario Cuadrado Lopez;PARTIDO ALIANZA VERDE;151
SACHICA;David Fernando Galindo Velandia;PARTIDO SOCIAL DE UNIDAD NACIONAL  PARTIDO DE LA U;140
SACHICA;Julio Alejandro Monroy Buitrago;MOVIMIENTO ALTERNATIVO INDIGENA Y SOCIAL MAIS;119
SACHICA;Maria Luz Herminda Jerez Heredia;PARTIDO ALIANZA VERDE;116
SACHICA;Evelin Yuleidy Cabezas Ordoñez;PARTIDO CENTRO DEMOCRATICO- PARTIDO POLITICO MIRA;110
SACHICA;Jose Isnardo Gil Vargas;PARTIDO LIBERAL COLOMBIANO;109
SACHICA;Jesus Alfredo Buitrago Alba;PARTIDO POLO DEMOCRATICO ALTERNATIVO;108
SACHICA;Angela Patricia Cuadrado Rubio;PARTIDO LIBERAL COLOMBIANO;90
SACHICA;Juan Pablo Sierra Amado;PARTIDO LIBERAL COLOMBIANO;81
SACHICA;Carlos Aldrubal Torres Corredor;PARTIDO SOCIAL DE UNIDAD NACIONAL  PARTIDO DE LA U;75
SACHICA;Fredy Orlando Castellanos Pardo;PARTIDO POLO DEMOCRATICO ALTERNATIVO;71
SACHICA;Jairo Reyes Pardo;PARTIDO CENTRO DEMOCRATICO- PARTIDO POLITICO MIRA;69
SACHICA;Bernardo Yagama Yagama;PARTIDO SOCIAL DE UNIDAD NACIONAL  PARTIDO DE LA U;66
SACHICA;Jorge Enrique Monroy Sierra;PARTIDO SOCIAL DE UNIDAD NACIONAL  PARTIDO DE LA U;63
SACHICA;Daniel Ferney Duran Yagama;MOVIMIENTO AUTORIDADES INDIGENAS DE COLOMBIA AICO;61
SACHICA;Gilberto Lopez Pardo;PARTIDO LIBERAL COLOMBIANO;61
SACHICA;Jhonatan Javier Yagama Duran;MOVIMIENTO AUTORIDADES INDIGENAS DE COLOMBIA AICO;60
SACHICA;Luis Anatolio Espitia Ibañez;PARTIDO ALIANZA VERDE;59
SACHICA;Jose Jeronimo Reyes Reyes;PARTIDO CENTRO DEMOCRATICO- PARTIDO POLITICO MIRA;57
SACHICA;Jose Roque Vargas Yagama;PARTIDO ALIANZA SOCIAL INDEPENDIENTE ASI;52
SACHICA;Campo Alvercio Alba Torres;MOVIMIENTO ALTERNATIVO INDIGENA Y SOCIAL MAIS;46
SACHICA;Jose Ramiro Sierra Camargo;PARTIDO ALIANZA SOCIAL INDEPENDIENTE ASI;44
SACHICA;Saul Castellanos Castellanos;PARTIDO ALIANZA VERDE;42
SACHICA;Raul Emilio Rubio Pardo;COLOMBIA HUMANA - UNION PATRIOTICA;41
SACHICA;Wilmer Andres Gomez;COLOMBIA HUMANA - UNION PATRIOTICA;41
SACHICA;Hernando Gonzalez Sierra;PARTIDO ALIANZA SOCIAL INDEPENDIENTE ASI;40
SACHICA;Wilson Maria Sierra Hurtado;PARTIDO ALIANZA VERDE;36
SACHICA;Lina Maria Sierra Medina;PARTIDO ALIANZA SOCIAL INDEPENDIENTE ASI;32
SACHICA;Armando Rodriguez Parra;PARTIDO LIBERAL COLOMBIANO;31
SACHICA;Carlos Alberto Saba Sierra;PARTIDO POLO DEMOCRATICO ALTERNATIVO;31
SACHICA;Lisbe Consuelo Vega Espitia;COLOMBIA HUMANA - UNION PATRIOTICA;22
SACHICA;Maria Isabel Cuadrado Espitia;PARTIDO SOCIAL DE UNIDAD NACIONAL  PARTIDO DE LA U;22
SACHICA;Angy Katherin Rodriguez Amado;MOVIMIENTO ALTERNATIVO INDIGENA Y SOCIAL MAIS;21
SACHICA;Jose Eliecer Gil Duran;PARTIDO CENTRO DEMOCRATICO- PARTIDO POLITICO MIRA;21
SACHICA;Partido Liberal Colombiano;PARTIDO LIBERAL COLOMBIANO;21
SACHICA;Partido Alianza Verde;PARTIDO ALIANZA VERDE;20
SACHICA;Wilmar Alfonso Nova Castellanos;MOVIMIENTO AUTORIDADES INDIGENAS DE COLOMBIA AICO;20
SACHICA;Jose Bernardo Reyes;MOVIMIENTO AUTORIDADES INDIGENAS DE COLOMBIA AICO;19
SACHICA;Movimiento Alternativo Indigena Y Social Mais;MOVIMIENTO ALTERNATIVO INDIGENA Y SOCIAL MAIS;19
SACHICA;Elvis Maria Duran Ibañez;PARTIDO ALIANZA SOCIAL INDEPENDIENTE ASI;18
SACHICA;Maela Sierra Medina;PARTIDO CENTRO DEMOCRATICO- PARTIDO POLITICO MIRA;18
SACHICA;Pedro Nel Yagama Corredor;MOVIMIENTO ALTERNATIVO INDIGENA Y SOCIAL MAIS;17
SACHICA;Raul Alfonso Sanchez Abril;COLOMBIA HUMANA - UNION PATRIOTICA;15
SACHICA;Maria Del Rosario Jerez Alba;PARTIDO CENTRO DEMOCRATICO- PARTIDO POLITICO MIRA;14
SACHICA;Edy Johana Medina Medina;PARTIDO POLO DEMOCRATICO ALTERNATIVO;13
SACHICA;Johandra Vanessa Mantilla Rincon;PARTIDO ALIANZA VERDE;13
SACHICA;Diana Teresa Martinez Martinez;MOVIMIENTO ALTERNATIVO INDIGENA Y SOCIAL MAIS;12
SACHICA;Partido Centro Democratico- Partido Politico Mira;PARTIDO CENTRO DEMOCRATICO- PARTIDO POLITICO MIRA;11
SACHICA;Partido Social De Unidad Nacional  Partido De La U;PARTIDO SOCIAL DE UNIDAD NACIONAL  PARTIDO DE LA U;11
SACHICA;Albanis Lionelis Obando Saba;PARTIDO POLO DEMOCRATICO ALTERNATIVO;10
SACHICA;Tatiana Catalina Pardo Rubio;PARTIDO SOCIAL DE UNIDAD NACIONAL  PARTIDO DE LA U;9
SACHICA;Deyci Alexandra Cuadrado Cuadrado;MOVIMIENTO AUTORIDADES INDIGENAS DE COLOMBIA AICO;7
SACHICA;Partido Polo Democratico Alternativo;PARTIDO POLO DEMOCRATICO ALTERNATIVO;5
SACHICA;Movimiento Autoridades Indigenas De Colombia Aico;MOVIMIENTO AUTORIDADES INDIGENAS DE COLOMBIA AICO;3
SACHICA;Partido Alianza Social Independiente Asi;PARTIDO ALIANZA SOCIAL INDEPENDIENTE ASI;3
SACHICA;Sandra Milena Montaña Pinzon;PARTIDO ALIANZA SOCIAL INDEPENDIENTE ASI;3
SACHICA;Colombia Humana - Union Patriotica;COLOMBIA HUMANA - UNION PATRIOTICA;1
SACHICA;Yoana Andrea Ramirez Jimenez;COLOMBIA HUMANA - UNION PATRIOTICA;1
SACHICA;Rosa Cecilia Martinez Vargas;MOVIMIENTO AUTORIDADES INDIGENAS DE COLOMBIA AICO;0
SAMACA;Carlos Hernando Matamoros Chinchilla;PARTIDO SOCIAL DE UNIDAD NACIONAL  PARTIDO DE LA U;549
SAMACA;Sergio Duvan Ramirez Ospina;PARTIDO LIBERAL COLOMBIANO;325
SAMACA;Antonio Jose Cepeda Montañez;PARTIDO ALIANZA VERDE;321
SAMACA;Fabian Ricardo Sierra Pinilla;PARTIDO CONSERVADOR COLOMBIANO;321
SAMACA;Claudia Marcela Parra Rodriguez;PARTIDO ALIANZA VERDE;297
SAMACA;Carlos Yebrayn Sierra Saavedra;PARTIDO CAMBIO RADICAL;291
SAMACA;Luis Fernando Zamora Parra;PARTIDO CONSERVADOR COLOMBIANO;257
SAMACA;William Alexander Gil Garavito;PARTIDO LIBERAL COLOMBIANO;255
SAMACA;Nidia Marcela Pasachoa Vega;PARTIDO CONSERVADOR COLOMBIANO;250
SAMACA;Jose Arquimedes Gil Espino;PARTIDO ALIANZA VERDE;249
SAMACA;Diana Marcela Ruiz Gil;PARTIDO CAMBIO RADICAL;242
SAMACA;Jose Domingo Sierra Cruz;PARTIDO ALIANZA VERDE;240
SAMACA;Jose Ricardo Sierra Castillo;PARTIDO ALIANZA VERDE;229
SAMACA;Jose Antonio Parra Buitrago;PARTIDO LIBERAL COLOMBIANO;225
SAMACA;Jose Roberto Cucanchon Rodriguez;PARTIDO ALIANZA SOCIAL INDEPENDIENTE ASI;209
SAMACA;Tomas Cruz Sanchez;PARTIDO CENTRO DEMOCRATICO;195
SAMACA;Angel Augusto Lancheros Gil;PARTIDO CAMBIO RADICAL;194
SAMACA;Ruben Dario Buitrago Sanchez;PARTIDO SOCIAL DE UNIDAD NACIONAL  PARTIDO DE LA U;191
SAMACA;William Rodriguez Gil;PARTIDO CENTRO DEMOCRATICO;189
SAMACA;Julian Leonardo Cepeda Cardenas;MOVIMIENTO ALTERNATIVO INDIGENA Y SOCIAL MAIS;186
SAMACA;Yinna Alexandra Bastidas Rojas;PARTIDO CAMBIO RADICAL;184
SAMACA;Yenny Esperanza Sierra Gil;PARTIDO CONSERVADOR COLOMBIANO;181
SAMACA;Maria Isabel Vargas Vargas;PARTIDO LIBERAL COLOMBIANO;175
SAMACA;Arcenio Espinosa Ruiz;PARTIDO ALIANZA VERDE;159
SAMACA;Yonatan Castillo Buitrago;PARTIDO CONSERVADOR COLOMBIANO;159
SAMACA;Juan Sebastian Novoa Matamoros;PARTIDO CAMBIO RADICAL;150
SAMACA;Javier Buitrago Rodriguez;MOVIMIENTO ALTERNATIVO INDIGENA Y SOCIAL MAIS;143
SAMACA;Eduardo Buitrago Castiblanco;MOVIMIENTO ALTERNATIVO INDIGENA Y SOCIAL MAIS;135
SAMACA;Jose Francisco Matamoros Rodriguez;PARTIDO SOCIAL DE UNIDAD NACIONAL  PARTIDO DE LA U;131
SAMACA;Nelson Hair Patiño Cardenas;PARTIDO CENTRO DEMOCRATICO;127
SAMACA;Arnulfo Betancourt La Rotta;MOVIMIENTO ALTERNATIVO INDIGENA Y SOCIAL MAIS;119
SAMACA;Partido Alianza Verde;PARTIDO ALIANZA VERDE;116
SAMACA;Baltazar Jerez Amado;MOVIMIENTO ALTERNATIVO INDIGENA Y SOCIAL MAIS;113
SAMACA;Jose Alexander Cely Buitrago;MOVIMIENTO ALTERNATIVO INDIGENA Y SOCIAL MAIS;108
SAMACA;Marco Alfredo Rodriguez Cruz;PARTIDO SOCIAL DE UNIDAD NACIONAL  PARTIDO DE LA U;107
SAMACA;Jhon Ferley Castellanos Cely;PARTIDO CENTRO DEMOCRATICO;103
SAMACA;Javier Castiblanco Rodriguez;PARTIDO CENTRO DEMOCRATICO;97
SAMACA;Ivan Alirio Lopez Gil;PARTIDO LIBERAL COLOMBIANO;95
SAMACA;Manuel Fernando Parra Gil;PARTIDO CAMBIO RADICAL;94
SAMACA;Carlos Julio Castellanos;PARTIDO CENTRO DEMOCRATICO;91
SAMACA;Yimy Yobany Sierra Rodriguez;PARTIDO CAMBIO RADICAL;89
SAMACA;Aura Rosa Castiblanco Romero;MOVIMIENTO ALTERNATIVO INDIGENA Y SOCIAL MAIS;87
SAMACA;Gabriel Jimenez Castellanos;PARTIDO SOCIAL DE UNIDAD NACIONAL  PARTIDO DE LA U;86
SAMACA;Claudia Esperanza Ramirez Galindo;MOVIMIENTO ALTERNATIVO INDIGENA Y SOCIAL MAIS;83
SAMACA;Silvio Antonio Sanchez Parra;PARTIDO CONSERVADOR COLOMBIANO;81
SAMACA;Luis Felipe Tobar Rojas;PARTIDO CONSERVADOR COLOMBIANO;80
SAMACA;Alba Sadary Lima Roa;PARTIDO SOCIAL DE UNIDAD NACIONAL  PARTIDO DE LA U;76
SAMACA;Jose Antonio Espinosa Rodriguez;PARTIDO SOCIAL DE UNIDAD NACIONAL  PARTIDO DE LA U;75
SAMACA;Jose Francisco Aponte Gil;PARTIDO ALIANZA VERDE;72
SAMACA;Jhon Alexander Ramirez Rativa;PARTIDO ALIANZA SOCIAL INDEPENDIENTE ASI;67
SAMACA;Partido Liberal Colombiano;PARTIDO LIBERAL COLOMBIANO;65
SAMACA;Henry Vladimir Cardenas Sierra;PARTIDO SOCIAL DE UNIDAD NACIONAL  PARTIDO DE LA U;64
SAMACA;Javier Andres Gomez Neisa;PARTIDO ALIANZA SOCIAL INDEPENDIENTE ASI;59
SAMACA;Flor Alba Rativa Sanchez;PARTIDO ALIANZA VERDE;55
SAMACA;Movimiento Alternativo Indigena Y Social Mais;MOVIMIENTO ALTERNATIVO INDIGENA Y SOCIAL MAIS;53
SAMACA;Luis Alberto Vargas Sierra;PARTIDO CONSERVADOR COLOMBIANO;52
SAMACA;Jesus Hernando Zuñiga Zuñiga;PARTIDO ALIANZA VERDE;45
SAMACA;Olga Patricia Lancheros Aponte;PARTIDO CENTRO DEMOCRATICO;44
SAMACA;Maria Alexandra Parra Ramirez;PARTIDO ALIANZA VERDE;43
SAMACA;Oscar Nicolas Matamoros Espinosa;PARTIDO LIBERAL COLOMBIANO;43
SAMACA;Alba Lilia Matamoros Parra;MOVIMIENTO ALTERNATIVO INDIGENA Y SOCIAL MAIS;42
SAMACA;Alfredo Rodriguez Lopez;PARTIDO CAMBIO RADICAL;40
SAMACA;Juan Carlos Sanchez Gil;PARTIDO CENTRO DEMOCRATICO;40
SAMACA;Yenny Rocio Arevalo Martinez;PARTIDO CENTRO DEMOCRATICO;36
SAMACA;Flor Alba Rodriguez Zamora;PARTIDO ALIANZA VERDE;34
SAMACA;Partido Cambio Radical;PARTIDO CAMBIO RADICAL;34
SAMACA;Partido Conservador Colombiano;PARTIDO CONSERVADOR COLOMBIANO;34
SAMACA;Rosa Matilde Castiblanco La Rotta;PARTIDO SOCIAL DE UNIDAD NACIONAL  PARTIDO DE LA U;34
SAMACA;Partido Social De Unidad Nacional  Partido De La U;PARTIDO SOCIAL DE UNIDAD NACIONAL  PARTIDO DE LA U;31
SAMACA;Jose Libardo Hernandez Gonzalez;PARTIDO CONSERVADOR COLOMBIANO;29
SAMACA;Dafna Fernanda Barrera Sierra;PARTIDO ALIANZA SOCIAL INDEPENDIENTE ASI;28
SAMACA;Nury Constanza Pulido Bolivar;PARTIDO SOCIAL DE UNIDAD NACIONAL  PARTIDO DE LA U;28
SAMACA;Karen Viviana Gil Perez;PARTIDO CAMBIO RADICAL;27
SAMACA;Diana Carolina Toba Rodriguez;PARTIDO CONSERVADOR COLOMBIANO;26
SAMACA;Jose Everardo Larrota Rodriguez;PARTIDO LIBERAL COLOMBIANO;23
SAMACA;Partido Centro Democratico;PARTIDO CENTRO DEMOCRATICO;23
SAMACA;Luz Myriam Jerez Gonzalez;PARTIDO ALIANZA SOCIAL INDEPENDIENTE ASI;22
SAMACA;Neasle Lescey Urbina Gelves;PARTIDO CENTRO DEMOCRATICO;22
SAMACA;Gloria Rosario Firacative Aponte;PARTIDO SOCIAL DE UNIDAD NACIONAL  PARTIDO DE LA U;20
SAMACA;Libardo Cruz Rodriguez;PARTIDO LIBERAL COLOMBIANO;19
SAMACA;Hugo Espitia Parra;PARTIDO ALIANZA SOCIAL INDEPENDIENTE ASI;16
SAMACA;Daniela Martinez Mojica;PARTIDO LIBERAL COLOMBIANO;14
SAMACA;Martha Janneth Guerrero Lopez;PARTIDO LIBERAL COLOMBIANO;12
SAMACA;Partido Alianza Social Independiente Asi;PARTIDO ALIANZA SOCIAL INDEPENDIENTE ASI;12
SAMACA;Jose Juberth Espinosa Sanchez;PARTIDO ALIANZA SOCIAL INDEPENDIENTE ASI;11
SAMACA;Lina Paola Jerez Rodriguez;PARTIDO ALIANZA SOCIAL INDEPENDIENTE ASI;7
SAMACA;Nubia Marina Alvarado Echeverria;MOVIMIENTO ALTERNATIVO INDIGENA Y SOCIAL MAIS;7
SAMACA;Carlos Quiroga Sierra;PARTIDO ALIANZA SOCIAL INDEPENDIENTE ASI;5
SAMACA;Diana Patricia Matamoros Rodriguez;PARTIDO LIBERAL COLOMBIANO;5
SAMACA;German Martinez Gil;PARTIDO ALIANZA SOCIAL INDEPENDIENTE ASI;5
SAN EDUARDO;Luz Yanira Morales Forero;PARTIDO LIBERAL COLOMBIANO;93
SAN EDUARDO;Jaime Humberto Ovalle Castillo;PARTIDO SOCIAL DE UNIDAD NACIONAL  PARTIDO DE LA U;92
SAN EDUARDO;Sonia Gaona Poveda;PARTIDO LIBERAL COLOMBIANO;92
SAN EDUARDO;Julio Milton Romero Martinez;PARTIDO ALIANZA VERDE;88
SAN EDUARDO;Gabriel Arias Escobar;PARTIDO CENTRO DEMOCRATICO;78
SAN EDUARDO;Juan Antonio Varela Rubio;PARTIDO LIBERAL COLOMBIANO;63
SAN EDUARDO;Luis Octabio Rodriguez Patiño;PARTIDO CENTRO DEMOCRATICO;55
SAN EDUARDO;Nelson Nope Rincon;PARTIDO ALIANZA VERDE;51
SAN EDUARDO;Aquilino Lopez Bermudez;PARTIDO ALIANZA VERDE;50
SAN EDUARDO;Pedro Antonio Vargas Mendoza;PARTIDO CENTRO DEMOCRATICO;44
SAN EDUARDO;Maria Eugenia Santamaria Traslaviña;PARTIDO LIBERAL COLOMBIANO;41
SAN EDUARDO;Nestor Alfonso Aponte;PARTIDO CENTRO DEMOCRATICO;39
SAN EDUARDO;Ruby Slendy Leon Diaz;PARTIDO CENTRO DEMOCRATICO;39
SAN EDUARDO;Luis Efren Santamaria Nieves;PARTIDO LIBERAL COLOMBIANO;33
SAN EDUARDO;Milton Vargas Fernandez;PARTIDO CAMBIO RADICAL;32
SAN EDUARDO;Oscar Martinez Acevedo;PARTIDO LIBERAL COLOMBIANO;31
SAN EDUARDO;Hector Julio Parra Aponte;PARTIDO CAMBIO RADICAL;29
SAN EDUARDO;Adriana Espitia Gaona;PARTIDO SOCIAL DE UNIDAD NACIONAL  PARTIDO DE LA U;26
SAN EDUARDO;Lida Cristina Morales Montañez;PARTIDO CAMBIO RADICAL;23
SAN EDUARDO;Gladys Segura Sanchez;PARTIDO CENTRO DEMOCRATICO;22
SAN EDUARDO;Jose De Jesus Caro Moreno;PARTIDO CAMBIO RADICAL;22
SAN EDUARDO;Luis Alberto Martinez Suarez;PARTIDO ALIANZA VERDE;22
SAN EDUARDO;Martha Cecilia Romero Martinez;PARTIDO CENTRO DEMOCRATICO;18
SAN EDUARDO;Victoria Paola Rodriguez Segura;PARTIDO ALIANZA VERDE;16
SAN EDUARDO;Nubia Estella Rodriguez Jimenez;PARTIDO ALIANZA VERDE;14
SAN EDUARDO;Gladys Alfonso Fonseca;PARTIDO CAMBIO RADICAL;13
SAN EDUARDO;Lizeth Ximena Castelblanco Hastamorir;PARTIDO ALIANZA VERDE;11
SAN EDUARDO;Yeny Andrea Romero;PARTIDO SOCIAL DE UNIDAD NACIONAL  PARTIDO DE LA U;11
SAN EDUARDO;Luis Alberto Lopez Cristancho;MOVIMIENTO ALTERNATIVO INDIGENA Y SOCIAL MAIS;8
SAN EDUARDO;Luis Antonio Palacios Ovalle;PARTIDO SOCIAL DE UNIDAD NACIONAL  PARTIDO DE LA U;8
SAN EDUARDO;Naren Steven Cendales Martinez;PARTIDO CAMBIO RADICAL;8
SAN EDUARDO;Victor Fernando Huertas Gomez;PARTIDO SOCIAL DE UNIDAD NACIONAL  PARTIDO DE LA U;8
SAN EDUARDO;Partido Liberal Colombiano;PARTIDO LIBERAL COLOMBIANO;7
SAN EDUARDO;Eduin Johan Figueredo Garcia;PARTIDO SOCIAL DE UNIDAD NACIONAL  PARTIDO DE LA U;6
SAN EDUARDO;Marcela Perez Reyes;MOVIMIENTO ALTERNATIVO INDIGENA Y SOCIAL MAIS;6
SAN EDUARDO;Partido Centro Democratico;PARTIDO CENTRO DEMOCRATICO;6
SAN EDUARDO;Movimiento Alternativo Indigena Y Social Mais;MOVIMIENTO ALTERNATIVO INDIGENA Y SOCIAL MAIS;5
SAN EDUARDO;Sandra Patricia Sanabria Barreto;MOVIMIENTO ALTERNATIVO INDIGENA Y SOCIAL MAIS;4
SAN EDUARDO;Jose Sinivaldo Mendoza Mendoza;MOVIMIENTO ALTERNATIVO INDIGENA Y SOCIAL MAIS;2
SAN EDUARDO;Olga Lucia Mora Suarez;PARTIDO CAMBIO RADICAL;2
SAN EDUARDO;Partido Alianza Verde;PARTIDO ALIANZA VERDE;2
SAN EDUARDO;Partido Social De Unidad Nacional  Partido De La U;PARTIDO SOCIAL DE UNIDAD NACIONAL  PARTIDO DE LA U;1
SAN EDUARDO;Wilson Rolando Rodriguez Sanchez;MOVIMIENTO ALTERNATIVO INDIGENA Y SOCIAL MAIS;1
SAN JOSE DE PARE;Alexandro Suarez Pardo;PARTIDO CAMBIO RADICAL;226
SAN JOSE DE PARE;Hector Jesus Campos Corredor;PARTIDO ALIANZA VERDE;224
SAN JOSE DE PARE;Jose Eustaquio Ariza Pardo;PARTIDO CENTRO DEMOCRATICO;185
SAN JOSE DE PARE;Miguel David Alvarado Mosquera;PARTIDO CAMBIO RADICAL;185
SAN JOSE DE PARE;Steven Williams Mejia Castañeda;PARTIDO ALIANZA VERDE;173
SAN JOSE DE PARE;Jose Heraclio Gonzalez Salas;PARTIDO LIBERAL COLOMBIANO;171
SAN JOSE DE PARE;Efren Medina Neira;PARTIDO LIBERAL COLOMBIANO;169
SAN JOSE DE PARE;Camilo Andres Garcia Campos;PARTIDO ALIANZA VERDE;161
SAN JOSE DE PARE;Maria Nilgen Ortiz Cardenas;PARTIDO ALIANZA VERDE;155
SAN JOSE DE PARE;Edward Alonso Mateus Campos;PARTIDO SOCIAL DE UNIDAD NACIONAL  PARTIDO DE LA U;147
SAN JOSE DE PARE;Mayfair Abril Castañeda;PARTIDO LIBERAL COLOMBIANO;143
SAN JOSE DE PARE;Kennedy Ariza Vasquez;PARTIDO ALIANZA VERDE;130
SAN JOSE DE PARE;Miguel Angel Garces Sanchez;PARTIDO LIBERAL COLOMBIANO;130
SAN JOSE DE PARE;Renan Daniel Sedano Aguilar;PARTIDO SOCIAL DE UNIDAD NACIONAL  PARTIDO DE LA U;127
SAN JOSE DE PARE;John Sandro Del Rio Muñoz;PARTIDO CENTRO DEMOCRATICO;119
SAN JOSE DE PARE;Victor Julio Pardo Suarez;PARTIDO ALIANZA VERDE;114
SAN JOSE DE PARE;Maria Nidia Hurtado Rodriguez;PARTIDO CENTRO DEMOCRATICO;108
SAN JOSE DE PARE;Jaime Uriel Salazar Reyes;PARTIDO ALIANZA VERDE;107
SAN JOSE DE PARE;Leopoldo Villamil Molina;PARTIDO LIBERAL COLOMBIANO;106
SAN JOSE DE PARE;Esperanza Isabel Bareño Morales;PARTIDO SOCIAL DE UNIDAD NACIONAL  PARTIDO DE LA U;93
SAN JOSE DE PARE;Sebastian Camacho Jimenez;PARTIDO LIBERAL COLOMBIANO;82
SAN JOSE DE PARE;Luis Francisco Cepeda Rodriguez;PARTIDO LIBERAL COLOMBIANO;69
SAN JOSE DE PARE;Lorena Vela Forero;PARTIDO CAMBIO RADICAL;66
SAN JOSE DE PARE;Pedro Alejandro Rios Gonzalez;MOVIMIENTO ALTERNATIVO INDIGENA Y SOCIAL MAIS;57
SAN JOSE DE PARE;Yorle Milena Pinzon Chacon;PARTIDO CENTRO DEMOCRATICO;54
SAN JOSE DE PARE;Filemon Niño Marin;PARTIDO CAMBIO RADICAL;51
SAN JOSE DE PARE;Carlos Arturo Sierra Ardila;PARTIDO CENTRO DEMOCRATICO;45
SAN JOSE DE PARE;Partido Liberal Colombiano;PARTIDO LIBERAL COLOMBIANO;44
SAN JOSE DE PARE;Omaira Rojas Guaidia;PARTIDO ALIANZA VERDE;43
SAN JOSE DE PARE;Nelson David Hernandez Moreno;PARTIDO SOCIAL DE UNIDAD NACIONAL  PARTIDO DE LA U;36
SAN JOSE DE PARE;Partido Alianza Verde;PARTIDO ALIANZA VERDE;27
SAN JOSE DE PARE;Ana Yolanda Camacho Fonteche;PARTIDO LIBERAL COLOMBIANO;26
SAN JOSE DE PARE;Partido Centro Democratico;PARTIDO CENTRO DEMOCRATICO;26
SAN JOSE DE PARE;Alejandra Rodriguez Zarta;PARTIDO LIBERAL COLOMBIANO;23
SAN JOSE DE PARE;Jose Campo Elias Castillo Suarez;PARTIDO CENTRO DEMOCRATICO;21
SAN JOSE DE PARE;Nevardo Fino Becerra;PARTIDO CAMBIO RADICAL;20
SAN JOSE DE PARE;Excelino Fajardo Garces;MOVIMIENTO ALTERNATIVO INDIGENA Y SOCIAL MAIS;16
SAN JOSE DE PARE;Partido Social De Unidad Nacional  Partido De La U;PARTIDO SOCIAL DE UNIDAD NACIONAL  PARTIDO DE LA U;15
SAN JOSE DE PARE;Andrea Catherine Suarez Gonzalez;PARTIDO CENTRO DEMOCRATICO;14
SAN JOSE DE PARE;Partido Cambio Radical;PARTIDO CAMBIO RADICAL;12
SAN JOSE DE PARE;Movimiento Alternativo Indigena Y Social Mais;MOVIMIENTO ALTERNATIVO INDIGENA Y SOCIAL MAIS;9
SAN JOSE DE PARE;Yeimi Lorena Correa Sanjuan;PARTIDO ALIANZA VERDE;8
SAN JOSE DE PARE;Claudia Rocio Monroy Sotomonte;MOVIMIENTO ALTERNATIVO INDIGENA Y SOCIAL MAIS;7
SAN JOSE DE PARE;Jose Luis Buitrago Reyes;MOVIMIENTO ALTERNATIVO INDIGENA Y SOCIAL MAIS;7
SAN JOSE DE PARE;Severo Enrique Bareño Bareño;PARTIDO SOCIAL DE UNIDAD NACIONAL  PARTIDO DE LA U;7
SAN JOSE DE PARE;Libia Robelto Lopez;PARTIDO CAMBIO RADICAL;6
SAN JOSE DE PARE;Jan Yurley Suarez Gonzalez;PARTIDO CAMBIO RADICAL;5
SAN JOSE DE PARE;Zuly Yanina Moreno Suarez;PARTIDO CAMBIO RADICAL;5
SAN JOSE DE PARE;Jean Paul Pineda Mosquera;PARTIDO CENTRO DEMOCRATICO;4
SAN JOSE DE PARE;Oscar Jhair Peña Castro;MOVIMIENTO ALTERNATIVO INDIGENA Y SOCIAL MAIS;3
SAN JOSE DE PARE;Maria Angelica Camacho Alvarez;MOVIMIENTO ALTERNATIVO INDIGENA Y SOCIAL MAIS;2
SAN JOSE DE PARE;Danna Valentina Agudelo Olarte;PARTIDO SOCIAL DE UNIDAD NACIONAL  PARTIDO DE LA U;1
SAN LUIS DE GACENO;Alexander Quiroga Rodriguez;PARTIDO SOCIAL DE UNIDAD NACIONAL  PARTIDO DE LA U;187
SAN LUIS DE GACENO;Emilse Ramirez Vivas;PARTIDO ALIANZA SOCIAL INDEPENDIENTE ASI;181
SAN LUIS DE GACENO;Bernardino Fandiño Bermudez;PARTIDO CONSERVADOR COLOMBIANO;156
SAN LUIS DE GACENO;Fernando Tolosa Medellin;PARTIDO SOCIAL DE UNIDAD NACIONAL  PARTIDO DE LA U;150
SAN LUIS DE GACENO;Ismael Morales Rojas;PARTIDO ALIANZA SOCIAL INDEPENDIENTE ASI;143
SAN LUIS DE GACENO;Jose Farin Lopez Vargas;PARTIDO CENTRO DEMOCRATICO;136
SAN LUIS DE GACENO;Aureliano Avila;PARTIDO ALIANZA SOCIAL INDEPENDIENTE ASI;123
SAN LUIS DE GACENO;Luis Eriel Romero Calderon;PARTIDO ALIANZA SOCIAL INDEPENDIENTE ASI;115
SAN LUIS DE GACENO;Angela Milena Porras Sabogal;PARTIDO LIBERAL COLOMBIANO;113
SAN LUIS DE GACENO;Lyly Espinel Franco;PARTIDO CENTRO DEMOCRATICO;100
SAN LUIS DE GACENO;Maribel Herrera Rojas;PARTIDO ALIANZA SOCIAL INDEPENDIENTE ASI;93
SAN LUIS DE GACENO;Fernando Rodriguez Walteros;PARTIDO CONSERVADOR COLOMBIANO;92
SAN LUIS DE GACENO;Humberto Vacca Montenegro;PARTIDO CONSERVADOR COLOMBIANO;85
SAN LUIS DE GACENO;Oscar Herney Muñoz Ruiz;PARTIDO LIBERAL COLOMBIANO;85
SAN LUIS DE GACENO;Roger Lee Alfonso Fernandez;PARTIDO LIBERAL COLOMBIANO;78
SAN LUIS DE GACENO;Luis Eduardo Espinel Huertas;PARTIDO CAMBIO RADICAL;71
SAN LUIS DE GACENO;Mario Ernesto Roa Rivera;PARTIDO ALIANZA VERDE;70
SAN LUIS DE GACENO;Oscar Holguin Riapira;PARTIDO CONSERVADOR COLOMBIANO;70
SAN LUIS DE GACENO;John Jairo Gutierrez Roa;PARTIDO LIBERAL COLOMBIANO;63
SAN LUIS DE GACENO;Ana Ligia Cortes Franco;PARTIDO CONSERVADOR COLOMBIANO;62
SAN LUIS DE GACENO;Gabriel Chaparro;PARTIDO CENTRO DEMOCRATICO;57
SAN LUIS DE GACENO;Luz Angela Celis Morales;PARTIDO CENTRO DEMOCRATICO;55
SAN LUIS DE GACENO;Luz Heiddy Bermudez Castañeda;PARTIDO ALIANZA SOCIAL INDEPENDIENTE ASI;55
SAN LUIS DE GACENO;Faryde Bechara Torres;PARTIDO CONSERVADOR COLOMBIANO;46
SAN LUIS DE GACENO;Blanco Alirio Segura Lesmes;PARTIDO ALIANZA SOCIAL INDEPENDIENTE ASI;43
SAN LUIS DE GACENO;Victor Elias Martinez Cuesta;PARTIDO ALIANZA SOCIAL INDEPENDIENTE ASI;40
SAN LUIS DE GACENO;Jose Angel Mora Bermudez;PARTIDO SOCIAL DE UNIDAD NACIONAL  PARTIDO DE LA U;34
SAN LUIS DE GACENO;Miguel Acedes Mendoza Vallejo;PARTIDO CONSERVADOR COLOMBIANO;34
SAN LUIS DE GACENO;Virman Daniel Rinta Avila;PARTIDO LIBERAL COLOMBIANO;34
SAN LUIS DE GACENO;Yazmin Gil Castañeda;PARTIDO CENTRO DEMOCRATICO;30
SAN LUIS DE GACENO;Jose Vicente Sanchez Romero;PARTIDO ALIANZA SOCIAL INDEPENDIENTE ASI;24
SAN LUIS DE GACENO;Flor Nidia Castañeda Guerrero;PARTIDO CENTRO DEMOCRATICO;23
SAN LUIS DE GACENO;Laura Natalia Ruiz Rodriguez;PARTIDO LIBERAL COLOMBIANO;23
SAN LUIS DE GACENO;Partido Alianza Social Independiente Asi;PARTIDO ALIANZA SOCIAL INDEPENDIENTE ASI;21
SAN LUIS DE GACENO;Patricia Elizabeth Bernal Fernandez;PARTIDO SOCIAL DE UNIDAD NACIONAL  PARTIDO DE LA U;21
SAN LUIS DE GACENO;Partido Centro Democratico;PARTIDO CENTRO DEMOCRATICO;16
SAN LUIS DE GACENO;Partido Alianza Verde;PARTIDO ALIANZA VERDE;14
SAN LUIS DE GACENO;Partido Conservador Colombiano;PARTIDO CONSERVADOR COLOMBIANO;14
SAN LUIS DE GACENO;Ana Mercedes Piñeros Ramos;PARTIDO SOCIAL DE UNIDAD NACIONAL  PARTIDO DE LA U;13
SAN LUIS DE GACENO;Partido Liberal Colombiano;PARTIDO LIBERAL COLOMBIANO;13
SAN LUIS DE GACENO;Carmenza Sanchez Romero;PARTIDO SOCIAL DE UNIDAD NACIONAL  PARTIDO DE LA U;10
SAN LUIS DE GACENO;Victor Ayonel Parra Bohorquez;PARTIDO CENTRO DEMOCRATICO;10
SAN LUIS DE GACENO;Dangelo Gomez Aguirre;PARTIDO ALIANZA VERDE;9
SAN LUIS DE GACENO;Omaira Yaneth Pabon Garzon;PARTIDO SOCIAL DE UNIDAD NACIONAL  PARTIDO DE LA U;8
SAN LUIS DE GACENO;Ana Julia Mora Guerrero;PARTIDO CONSERVADOR COLOMBIANO;7
SAN LUIS DE GACENO;Partido Social De Unidad Nacional  Partido De La U;PARTIDO SOCIAL DE UNIDAD NACIONAL  PARTIDO DE LA U;7
SAN LUIS DE GACENO;Melida Lesmes Esguerra;PARTIDO ALIANZA VERDE;5
SAN LUIS DE GACENO;Partido Cambio Radical;PARTIDO CAMBIO RADICAL;5
SAN LUIS DE GACENO;Julio Roberto Vega Rodriguez;PARTIDO ALIANZA VERDE;4
SAN LUIS DE GACENO;Lina Guiovanna Moreno Morales;PARTIDO SOCIAL DE UNIDAD NACIONAL  PARTIDO DE LA U;3
SAN LUIS DE GACENO;Lina Mayerly Mora Barrera;PARTIDO CAMBIO RADICAL;3
SAN LUIS DE GACENO;Shirley Paola Piraquive Camacho;PARTIDO ALIANZA VERDE;2
SAN MATEO;Eduviges Gallo Arias;PARTIDO ALIANZA VERDE;314
SAN MATEO;Jose Joaquin Lopez Figueroa;PARTIDO CENTRO DEMOCRATICO;244
SAN MATEO;Yovany Ferney Rodriguez Barajas;PARTIDO CONSERVADOR COLOMBIANO;229
SAN MATEO;Eder Wilson Silva Gomez;PARTIDO CONSERVADOR COLOMBIANO;175
SAN MATEO;Luis Rafael Jaime Carreño;PARTIDO CAMBIO RADICAL;148
SAN MATEO;Edgar Gerardo Diaz Angarita;PARTIDO SOCIAL DE UNIDAD NACIONAL  PARTIDO DE LA U;146
SAN MATEO;Duqueiro Rincon Rojas;PARTIDO ALIANZA VERDE;130
SAN MATEO;Uriel Alexander Hernandez Sepulveda;PARTIDO CENTRO DEMOCRATICO;129
SAN MATEO;Maria Esperanza Estupiñan Burgos;PARTIDO CAMBIO RADICAL;111
SAN MATEO;Rigoberto Correa Hernandez;PARTIDO ALIANZA VERDE;106
SAN MATEO;Uriel Medina Barajas;PARTIDO ALIANZA VERDE;100
SAN MATEO;Cesar Augusto Rojas Tarazona;PARTIDO SOCIAL DE UNIDAD NACIONAL  PARTIDO DE LA U;98
SAN MATEO;Favio Mariño Bayona;PARTIDO CAMBIO RADICAL;88
SAN MATEO;Yebrail Diaz Blanco;PARTIDO CENTRO DEMOCRATICO;83
SAN MATEO;Luis Uriel Tarazona Medina;PARTIDO CONSERVADOR COLOMBIANO;58
SAN MATEO;Luis Antonio Hernandez Palencia;PARTIDO CAMBIO RADICAL;40
SAN MATEO;Jauri Antonio Rodriguez Zuñiga;PARTIDO CENTRO DEMOCRATICO;37
SAN MATEO;Luis Alvaro Mariño Rodriguez;PARTIDO CONSERVADOR COLOMBIANO;37
SAN MATEO;Ana Jesus Ortega Ramirez;PARTIDO CENTRO DEMOCRATICO;34
SAN MATEO;Ana Leonor Poblador Gomez;PARTIDO CENTRO DEMOCRATICO;31
SAN MATEO;Jenny Marcela Lizarazo Rojas;PARTIDO ALIANZA VERDE;31
SAN MATEO;Maira Fernanda Perez Godoy;PARTIDO CONSERVADOR COLOMBIANO;28
SAN MATEO;Jose Daniel Valderrama Araque;PARTIDO CAMBIO RADICAL;24
SAN MATEO;Pedro Cobos Triana;PARTIDO SOCIAL DE UNIDAD NACIONAL  PARTIDO DE LA U;24
SAN MATEO;Alba Luz Sepulveda Acuña;PARTIDO CAMBIO RADICAL;21
SAN MATEO;Daniel Tarazona Rojas;PARTIDO SOCIAL DE UNIDAD NACIONAL  PARTIDO DE LA U;21
SAN MATEO;Partido Alianza Verde;PARTIDO ALIANZA VERDE;21
SAN MATEO;Deyci Mayerly Nuñez Medina;PARTIDO SOCIAL DE UNIDAD NACIONAL  PARTIDO DE LA U;20
SAN MATEO;Sandra Carolina Galvis Colmenares;PARTIDO CAMBIO RADICAL;15
SAN MATEO;Diana Carolina Mejia Rojas;PARTIDO CENTRO DEMOCRATICO;13
SAN MATEO;Carmen Elisa Bolivar;PARTIDO ALIANZA VERDE;12
SAN MATEO;Partido Centro Democratico;PARTIDO CENTRO DEMOCRATICO;12
SAN MATEO;Maria Del Rosario Alarcon Gallo;PARTIDO SOCIAL DE UNIDAD NACIONAL  PARTIDO DE LA U;10
SAN MATEO;Espiritu Barrera;PARTIDO ALIANZA VERDE;9
SAN MATEO;Maria Emperatriz Medina Hernandez;PARTIDO CONSERVADOR COLOMBIANO;7
SAN MATEO;Partido Social De Unidad Nacional  Partido De La U;PARTIDO SOCIAL DE UNIDAD NACIONAL  PARTIDO DE LA U;7
SAN MATEO;Partido Conservador Colombiano;PARTIDO CONSERVADOR COLOMBIANO;4
SAN MATEO;Maria De Los Angeles Vanegas Rusinque;PARTIDO CONSERVADOR COLOMBIANO;3
SAN MATEO;Partido Cambio Radical;PARTIDO CAMBIO RADICAL;2
SAN MATEO;Martha Ines Tarazona Vasquez;PARTIDO SOCIAL DE UNIDAD NACIONAL  PARTIDO DE LA U;1
SAN MIGUEL DE SEMA;Manuel Antonio Jimenez Mendieta;PARTIDO CONSERVADOR COLOMBIANO;256
SAN MIGUEL DE SEMA;Ruth Eyanira Peralta Rodriguez;PARTIDO CONSERVADOR COLOMBIANO;194
SAN MIGUEL DE SEMA;Carolina Sanchez Rodriguez;PARTIDO LIBERAL COLOMBIANO;153
SAN MIGUEL DE SEMA;Flor Esperanza Sanchez Hernandez;PARTIDO LIBERAL COLOMBIANO;133
SAN MIGUEL DE SEMA;Jose Arcelio Rozo Forero;PARTIDO LIBERAL COLOMBIANO;101
SAN MIGUEL DE SEMA;Maribel Elisa Acevedo Valbuena;PARTIDO CONSERVADOR COLOMBIANO;100
SAN MIGUEL DE SEMA;Gloria Suarez Ramos;PARTIDO LIBERAL COLOMBIANO;98
SAN MIGUEL DE SEMA;Rodrigo Ruiz Castro;PARTIDO ALIANZA VERDE;91
SAN MIGUEL DE SEMA;Javier Enrique Forero Rodriguez;PARTIDO LIBERAL COLOMBIANO;88
SAN MIGUEL DE SEMA;Sandra Patricia Forero Rodriguez;PARTIDO LIBERAL COLOMBIANO;81
SAN MIGUEL DE SEMA;Baldomero Sierra Rodriguez;PARTIDO CONSERVADOR COLOMBIANO;78
SAN MIGUEL DE SEMA;Nidia Marcela Palma Sierra;PARTIDO CONSERVADOR COLOMBIANO;68
SAN MIGUEL DE SEMA;Partido Conservador Colombiano;PARTIDO CONSERVADOR COLOMBIANO;52
SAN MIGUEL DE SEMA;Angel Hildebrando Jimenez Sierra;PARTIDO CONSERVADOR COLOMBIANO;43
SAN MIGUEL DE SEMA;Brayan Javier Silva Sierra;PARTIDO CENTRO DEMOCRATICO;42
SAN MIGUEL DE SEMA;Partido Liberal Colombiano;PARTIDO LIBERAL COLOMBIANO;42
SAN MIGUEL DE SEMA;Jose Alirio Aguilar Herrera;PARTIDO ALIANZA VERDE;36
SAN MIGUEL DE SEMA;Oscar Eduardo Roncancio Sierra;PARTIDO ALIANZA VERDE;36
SAN MIGUEL DE SEMA;Maximiliano Sierra Rodriguez;PARTIDO LIBERAL COLOMBIANO;33
SAN MIGUEL DE SEMA;Jorge Arturo Garzon Rodriguez;PARTIDO CONSERVADOR COLOMBIANO;29
SAN MIGUEL DE SEMA;Magda Cecilia Cubides Castellanos;PARTIDO CENTRO DEMOCRATICO;26
SAN MIGUEL DE SEMA;Rosa Ines Rodriguez Sierra;PARTIDO ALIANZA VERDE;22
SAN MIGUEL DE SEMA;Nancy Leonor Betancourt Diaz;PARTIDO ALIANZA VERDE;19
SAN MIGUEL DE SEMA;Luis Alberto Forero Molina;PARTIDO CENTRO DEMOCRATICO;15
SAN MIGUEL DE SEMA;Pedro Alfonso Gil Casas;PARTIDO CENTRO DEMOCRATICO;15
SAN MIGUEL DE SEMA;Partido Alianza Verde;PARTIDO ALIANZA VERDE;13
SAN MIGUEL DE SEMA;Partido Centro Democratico;PARTIDO CENTRO DEMOCRATICO;5
SAN MIGUEL DE SEMA;Claudia Maria Josefina Garcia De Jeanjean;PARTIDO CENTRO DEMOCRATICO;3
SAN PABLO DE BORBUR;Jairo Wiliam Paez Chacon;PARTIDO CENTRO DEMOCRATICO;246
SAN PABLO DE BORBUR;Jose Nelson Barrantes Carrillo;PARTIDO CAMBIO RADICAL;228
SAN PABLO DE BORBUR;Elinarco Ortiz Pachon;PARTIDO CENTRO DEMOCRATICO;200
SAN PABLO DE BORBUR;Lennis Eulalia Alfonso Fajardo;PARTIDO ALIANZA VERDE;190
SAN PABLO DE BORBUR;Alonso Rojas Montaño;PARTIDO ALIANZA VERDE;179
SAN PABLO DE BORBUR;Jose Mauricio Porras Ramos;PARTIDO CONSERVADOR COLOMBIANO;178
SAN PABLO DE BORBUR;Fredy Alonso Rojas Hernandez;PARTIDO LIBERAL COLOMBIANO;155
SAN PABLO DE BORBUR;Carlos Enrique Leon;PARTIDO LIBERAL COLOMBIANO;154
SAN PABLO DE BORBUR;Jorge Osvaldo Quiñonez Bernal;PARTIDO ALIANZA VERDE;148
SAN PABLO DE BORBUR;Carlos Fernando Poveda Delgadillo;PARTIDO ALIANZA VERDE;136
SAN PABLO DE BORBUR;Wilmer Yovany Forero Garcia;PARTIDO ALIANZA VERDE;134
SAN PABLO DE BORBUR;Jose Uldarico Pinzon Delgado;PARTIDO CAMBIO RADICAL;133
SAN PABLO DE BORBUR;Jairo Cesar Fajardo Cancelado;PARTIDO CONSERVADOR COLOMBIANO;123
SAN PABLO DE BORBUR;Luis Alfonso Ramos Peña;PARTIDO CONSERVADOR COLOMBIANO;111
SAN PABLO DE BORBUR;Luis Armando Gonzalez;PARTIDO SOCIAL DE UNIDAD NACIONAL  PARTIDO DE LA U;109
SAN PABLO DE BORBUR;Ana Rosmira Gutierrez Alvarado;PARTIDO ALIANZA VERDE;106
SAN PABLO DE BORBUR;Maria Delfina Garcia Rojas;PARTIDO LIBERAL COLOMBIANO;106
SAN PABLO DE BORBUR;Yolanda Gutierrez Paez;PARTIDO ALIANZA VERDE;89
SAN PABLO DE BORBUR;Edilberto Roncancio Garcia;PARTIDO SOCIAL DE UNIDAD NACIONAL  PARTIDO DE LA U;88
SAN PABLO DE BORBUR;William Enrique Izquierdo Muñoz;PARTIDO LIBERAL COLOMBIANO;87
SAN PABLO DE BORBUR;Samuel Ignacio Sanchez Aguilar;PARTIDO SOCIAL DE UNIDAD NACIONAL  PARTIDO DE LA U;85
SAN PABLO DE BORBUR;Anyi Caterin Cuellar Castiblanco;PARTIDO LIBERAL COLOMBIANO;67
SAN PABLO DE BORBUR;Maria De Los Angeles Torres Castellanos;PARTIDO SOCIAL DE UNIDAD NACIONAL  PARTIDO DE LA U;65
SAN PABLO DE BORBUR;Rubier Ortiz Cordoba;PARTIDO CONSERVADOR COLOMBIANO;61
SAN PABLO DE BORBUR;Maximiliano Barbosa Tautiva;PARTIDO ALIANZA VERDE;60
SAN PABLO DE BORBUR;Miguel Antonio Hernandez Rodriguez;PARTIDO CAMBIO RADICAL;58
SAN PABLO DE BORBUR;Partido Alianza Verde;PARTIDO ALIANZA VERDE;48
SAN PABLO DE BORBUR;Carlos Wilinton Avila Pedreros;PARTIDO LIBERAL COLOMBIANO;44
SAN PABLO DE BORBUR;Jose Vidal Cortes Guerrero;PARTIDO ALIANZA VERDE;44
SAN PABLO DE BORBUR;Milcer Burgos Pineda;PARTIDO SOCIAL DE UNIDAD NACIONAL  PARTIDO DE LA U;43
SAN PABLO DE BORBUR;Deisy Lucila Rodriguez Pinilla;PARTIDO CENTRO DEMOCRATICO;42
SAN PABLO DE BORBUR;Hernando Castillo Gonzalez;PARTIDO CAMBIO RADICAL;38
SAN PABLO DE BORBUR;Jose Antonio Porras Salas;PARTIDO ALIANZA VERDE;34
SAN PABLO DE BORBUR;Diana Marcela Espejo Hernandez;PARTIDO LIBERAL COLOMBIANO;31
SAN PABLO DE BORBUR;Jose Fernando Diaz Muñoz;PARTIDO SOCIAL DE UNIDAD NACIONAL  PARTIDO DE LA U;30
SAN PABLO DE BORBUR;Fabio Hernando Gutierrez Suarez;PARTIDO CENTRO DEMOCRATICO;27
SAN PABLO DE BORBUR;Jesus Antonio Salinas Paez;PARTIDO LIBERAL COLOMBIANO;26
SAN PABLO DE BORBUR;Francisco Eduardo Cordoba Cordoba;PARTIDO SOCIAL DE UNIDAD NACIONAL  PARTIDO DE LA U;24
SAN PABLO DE BORBUR;Jose Domingo Orjuela Quintero;PARTIDO CENTRO DEMOCRATICO;21
SAN PABLO DE BORBUR;Luz Mery Fajardo Fajardo;PARTIDO CENTRO DEMOCRATICO;20
SAN PABLO DE BORBUR;Partido Conservador Colombiano;PARTIDO CONSERVADOR COLOMBIANO;16
SAN PABLO DE BORBUR;Jesus Albeiro Ramos Guerrero;PARTIDO CAMBIO RADICAL;15
SAN PABLO DE BORBUR;Partido Liberal Colombiano;PARTIDO LIBERAL COLOMBIANO;15
SAN PABLO DE BORBUR;Yulieth Andrea Buitrago Bonilla;PARTIDO CAMBIO RADICAL;15
SAN PABLO DE BORBUR;Partido Centro Democratico;PARTIDO CENTRO DEMOCRATICO;13
SAN PABLO DE BORBUR;Partido Cambio Radical;PARTIDO CAMBIO RADICAL;12
SAN PABLO DE BORBUR;Partido Social De Unidad Nacional  Partido De La U;PARTIDO SOCIAL DE UNIDAD NACIONAL  PARTIDO DE LA U;11
SAN PABLO DE BORBUR;Alexmin Pabon Forero;PARTIDO CONSERVADOR COLOMBIANO;10
SAN PABLO DE BORBUR;Reiny Johan Bernal Gutierrez;PARTIDO CONSERVADOR COLOMBIANO;10
SAN PABLO DE BORBUR;Ana Yasmin Murcia Salinas;PARTIDO CONSERVADOR COLOMBIANO;9
SAN PABLO DE BORBUR;Anita Delgadillo Rodriguez;PARTIDO CONSERVADOR COLOMBIANO;6
SAN PABLO DE BORBUR;Dora Isabel Ochoa Ortiz;PARTIDO SOCIAL DE UNIDAD NACIONAL  PARTIDO DE LA U;5
SAN PABLO DE BORBUR;Pedro Nel Castellanos Parra;PARTIDO CONSERVADOR COLOMBIANO;4
SAN PABLO DE BORBUR;Leida Edith Pinzon Salinas;PARTIDO CAMBIO RADICAL;3
SAN PABLO DE BORBUR;Luis Samuel Ramos Rojas;PARTIDO LIBERAL COLOMBIANO;3
SAN PABLO DE BORBUR;Vianneyth Judith Lopez Garcia;PARTIDO CAMBIO RADICAL;1
SANTA MARIA;Alfonso Benigno Perilla Romero;PARTIDO CONSERVADOR COLOMBIANO;147
SANTA MARIA;Wilson Manuel Romero Quintero;PARTIDO ALIANZA VERDE;147
SANTA MARIA;Wilian Efren Leguizamon Perilla;PARTIDO CONSERVADOR COLOMBIANO;133
SANTA MARIA;Jorge Andres Leon Tuquerrez;PARTIDO CAMBIO RADICAL;128
SANTA MARIA;Miller Adrian Cuesta Ramirez;PARTIDO CENTRO DEMOCRATICO;111
SANTA MARIA;Neidy Paola Cifuentes Gutierrez;PARTIDO ALIANZA VERDE;103
SANTA MARIA;Omar Alonso Castellanos Rodriguez;PARTIDO LIBERAL COLOMBIANO;100
SANTA MARIA;Emilce Yanira Vega Sanchez;PARTIDO SOCIAL DE UNIDAD NACIONAL  PARTIDO DE LA U;99
SANTA MARIA;Ersy Mariel Vargas Castañeda;PARTIDO ALIANZA VERDE;93
SANTA MARIA;Luz Marina Vallejo Martinez;PARTIDO CENTRO DEMOCRATICO;88
SANTA MARIA;Merardo Gutierrez Alfonso;PARTIDO CAMBIO RADICAL;73
SANTA MARIA;Ibis Yurani Vargas Mondragon;PARTIDO ALIANZA VERDE;71
SANTA MARIA;Juan Daniel Salgado Moreno;PARTIDO ALIANZA VERDE;67
SANTA MARIA;Yandri Lorena Guataquira Tejedor;PARTIDO ALIANZA VERDE;62
SANTA MARIA;Yefry Andres Daza Vargas;PARTIDO SOCIAL DE UNIDAD NACIONAL  PARTIDO DE LA U;61
SANTA MARIA;Fulvia Stella Morales Fernandez;PARTIDO CENTRO DEMOCRATICO;53
SANTA MARIA;Misael Luis Barahona Lopez;PARTIDO CENTRO DEMOCRATICO;53
SANTA MARIA;Marly Eunice Londoño;PARTIDO CAMBIO RADICAL;46
SANTA MARIA;Monica Cenaida Martinez Cano;PARTIDO LIBERAL COLOMBIANO;42
SANTA MARIA;Esperanza Galvis Escobar;PARTIDO CAMBIO RADICAL;33
SANTA MARIA;Alberto Daza Ramirez;PARTIDO SOCIAL DE UNIDAD NACIONAL  PARTIDO DE LA U;32
SANTA MARIA;Partido Alianza Verde;PARTIDO ALIANZA VERDE;31
SANTA MARIA;Ana Delia Salgado Ortega;PARTIDO CONSERVADOR COLOMBIANO;29
SANTA MARIA;Jennifer Tatiana Montañez Daza;PARTIDO CENTRO DEMOCRATICO;28
SANTA MARIA;Edgar Samuel Perilla Fernandez;PARTIDO CENTRO DEMOCRATICO;26
SANTA MARIA;Ingrid Tatiana Montenegro Fula;PARTIDO CONSERVADOR COLOMBIANO;26
SANTA MARIA;Luz Dary Valencia Duran;PARTIDO SOCIAL DE UNIDAD NACIONAL  PARTIDO DE LA U;23
SANTA MARIA;Favio Aristides Vargas Vanegas;PARTIDO SOCIAL DE UNIDAD NACIONAL  PARTIDO DE LA U;16
SANTA MARIA;Hugo Alirio Salgado Moreno;PARTIDO CONSERVADOR COLOMBIANO;16
SANTA MARIA;Alvaro Sanchez Caceres;PARTIDO CAMBIO RADICAL;15
SANTA MARIA;Cesar Julian Castañeda Perilla;PARTIDO SOCIAL DE UNIDAD NACIONAL  PARTIDO DE LA U;15
SANTA MARIA;Yohana Castañeda;PARTIDO CAMBIO RADICAL;15
SANTA MARIA;Doly Yaneth Gil Moreno;PARTIDO ALIANZA VERDE;13
SANTA MARIA;Edwin Alexander Garzon Barrera;PARTIDO CENTRO DEMOCRATICO;13
SANTA MARIA;Flor Alba Cuervo Ruiz;PARTIDO LIBERAL COLOMBIANO;12
SANTA MARIA;Jairo Delfin Zea Romero;PARTIDO CONSERVADOR COLOMBIANO;12
SANTA MARIA;Partido Liberal Colombiano;PARTIDO LIBERAL COLOMBIANO;12
SANTA MARIA;Martha Beatriz Beltran Peña;PARTIDO CONSERVADOR COLOMBIANO;11
SANTA MARIA;Partido Conservador Colombiano;PARTIDO CONSERVADOR COLOMBIANO;10
SANTA MARIA;Partido Centro Democratico;PARTIDO CENTRO DEMOCRATICO;9
SANTA MARIA;Partido Social De Unidad Nacional  Partido De La U;PARTIDO SOCIAL DE UNIDAD NACIONAL  PARTIDO DE LA U;9
SANTA MARIA;Partido Cambio Radical;PARTIDO CAMBIO RADICAL;7
SANTA ROSA DE VITERBO;Pedro Antonio Sanchez Cely;PARTIDO CENTRO DEMOCRATICO;218
SANTA ROSA DE VITERBO;Nilson Albeiro Alvarez Diaz;PARTIDO ALIANZA VERDE;182
SANTA ROSA DE VITERBO;Climaco Fonseca Torres;PARTIDO SOCIAL DE UNIDAD NACIONAL  PARTIDO DE LA U;171
SANTA ROSA DE VITERBO;Ivan Dario Fuentes Soledad;PARTIDO CONSERVADOR COLOMBIANO;165
SANTA ROSA DE VITERBO;Luis Aurelio Rojas Niño;PARTIDO CONSERVADOR COLOMBIANO;165
SANTA ROSA DE VITERBO;Andres Eduardo Daza Sanabria;PARTIDO CAMBIO RADICAL;162
SANTA ROSA DE VITERBO;Victor Eduardo Leon Flechas;PARTIDO ALIANZA SOCIAL INDEPENDIENTE ASI;153
SANTA ROSA DE VITERBO;Maritza Isabel Mejia Valcarcel;PARTIDO CENTRO DEMOCRATICO;150
SANTA ROSA DE VITERBO;Jimmy Ivan Diaz Fonseca;PARTIDO CENTRO DEMOCRATICO;148
SANTA ROSA DE VITERBO;Jenny Marcela Mariño Moreno;PARTIDO CAMBIO RADICAL;143
SANTA ROSA DE VITERBO;Jose Bernardo Vivas Holguin;PARTIDO CAMBIO RADICAL;141
SANTA ROSA DE VITERBO;Luis Alirio Camargo Morales;PARTIDO CONSERVADOR COLOMBIANO;138
SANTA ROSA DE VITERBO;Omar Mejia Mejia;PARTIDO CAMBIO RADICAL;135
SANTA ROSA DE VITERBO;German Dario Nuñez Solano;MOVIMIENTO ALTERNATIVO INDIGENA Y SOCIAL MAIS;134
SANTA ROSA DE VITERBO;Javier Gonzalo Nocua Moreno;PARTIDO ALIANZA SOCIAL INDEPENDIENTE ASI;128
SANTA ROSA DE VITERBO;Juan Leonardo Valcarcel Suarez;MOVIMIENTO ALTERNATIVO INDIGENA Y SOCIAL MAIS;122
SANTA ROSA DE VITERBO;Brayan Daniel Daza Araque;PARTIDO ALIANZA VERDE;121
SANTA ROSA DE VITERBO;Carlos Augusto Beltran Bernal;PARTIDO ALIANZA VERDE;119
SANTA ROSA DE VITERBO;Edwar Segundo Cepeda Barrera;PARTIDO CAMBIO RADICAL;111
SANTA ROSA DE VITERBO;Jose Manuel Cucaita;PARTIDO SOCIAL DE UNIDAD NACIONAL  PARTIDO DE LA U;99
SANTA ROSA DE VITERBO;Carlos Eduardo Guio Infante;PARTIDO CONSERVADOR COLOMBIANO;94
SANTA ROSA DE VITERBO;Edwin Fernando Fajardo Morales;PARTIDO CONSERVADOR COLOMBIANO;94
SANTA ROSA DE VITERBO;Olga Lucia Camargo Zambrano;PARTIDO CONSERVADOR COLOMBIANO;93
SANTA ROSA DE VITERBO;Alix Leonor Martinez Cardenas;PARTIDO CENTRO DEMOCRATICO;92
SANTA ROSA DE VITERBO;Guillermo Torres Puerto;PARTIDO CAMBIO RADICAL;90
SANTA ROSA DE VITERBO;Mario Alexander Morales Rojas;PARTIDO CENTRO DEMOCRATICO;83
SANTA ROSA DE VITERBO;Jhonatan Leonardo Angarita Manrique;PARTIDO CAMBIO RADICAL;82
SANTA ROSA DE VITERBO;Omar Yesid Alvarez Orduz;PARTIDO CAMBIO RADICAL;79
SANTA ROSA DE VITERBO;Antonio Palacios Salamanca;MOVIMIENTO ALTERNATIVO INDIGENA Y SOCIAL MAIS;77
SANTA ROSA DE VITERBO;Nikson Smith Mariño Rincon;PARTIDO SOCIAL DE UNIDAD NACIONAL  PARTIDO DE LA U;72
SANTA ROSA DE VITERBO;Juan Jose Tobos Medina;PARTIDO ALIANZA VERDE;69
SANTA ROSA DE VITERBO;Filiberto Mesa Vargas;PARTIDO CENTRO DEMOCRATICO;66
SANTA ROSA DE VITERBO;Laura Vanesa Reyes Garcia;PARTIDO CAMBIO RADICAL;65
SANTA ROSA DE VITERBO;Juan Carlos Camacho Arenas;PARTIDO ALIANZA SOCIAL INDEPENDIENTE ASI;64
SANTA ROSA DE VITERBO;Maria Alejandra Torres Palacios;PARTIDO CONSERVADOR COLOMBIANO;63
SANTA ROSA DE VITERBO;Blanca Elizabeth Torres Corredor;MOVIMIENTO ALTERNATIVO INDIGENA Y SOCIAL MAIS;58
SANTA ROSA DE VITERBO;Ana Reyes Alvarez Huesa;PARTIDO CONSERVADOR COLOMBIANO;57
SANTA ROSA DE VITERBO;Claudia Milena Baron Alfonso;PARTIDO CONSERVADOR COLOMBIANO;56
SANTA ROSA DE VITERBO;Hector Hernando Barrera Estupiñan;PARTIDO LIBERAL COLOMBIANO;56
SANTA ROSA DE VITERBO;Juan Dario Gomez Cely;PARTIDO ALIANZA VERDE;56
SANTA ROSA DE VITERBO;Luis Francisco Manchego Lopez;PARTIDO CONSERVADOR COLOMBIANO;56
SANTA ROSA DE VITERBO;Jorge Orlando Rincon;PARTIDO CENTRO DEMOCRATICO;55
SANTA ROSA DE VITERBO;Miguel Angel Ardila Velandia;PARTIDO LIBERAL COLOMBIANO;55
SANTA ROSA DE VITERBO;Trinidad Del Carmen Malaver Mariño;PARTIDO ALIANZA VERDE;55
SANTA ROSA DE VITERBO;Ferney Alonso Torres Torres;PARTIDO CENTRO DEMOCRATICO;54
SANTA ROSA DE VITERBO;Leidy Yolanda Avila Guerrero;PARTIDO CAMBIO RADICAL;53
SANTA ROSA DE VITERBO;Albeiro Torres Leon;MOVIMIENTO ALTERNATIVO INDIGENA Y SOCIAL MAIS;50
SANTA ROSA DE VITERBO;Felix Maria Gonzalez Quintana;PARTIDO SOCIAL DE UNIDAD NACIONAL  PARTIDO DE LA U;50
SANTA ROSA DE VITERBO;Ydalay Vargas Solano;PARTIDO ALIANZA VERDE;48
SANTA ROSA DE VITERBO;Andrea Liseth Gil Leon;PARTIDO CAMBIO RADICAL;47
SANTA ROSA DE VITERBO;Partido Alianza Verde;PARTIDO ALIANZA VERDE;47
SANTA ROSA DE VITERBO;Angela Milena Paipa Vargas;PARTIDO LIBERAL COLOMBIANO;42
SANTA ROSA DE VITERBO;Nelson Mauricio Rojas Escobar;PARTIDO ALIANZA VERDE;41
SANTA ROSA DE VITERBO;Partido Conservador Colombiano;PARTIDO CONSERVADOR COLOMBIANO;40
SANTA ROSA DE VITERBO;Ximena Lizeth Rincon Lucero;PARTIDO CONSERVADOR COLOMBIANO;38
SANTA ROSA DE VITERBO;Antonio Andres Acosta Rodriguez;PARTIDO LIBERAL COLOMBIANO;37
SANTA ROSA DE VITERBO;Luis Hernando Abril Silva;PARTIDO ALIANZA VERDE;31
SANTA ROSA DE VITERBO;Ciro Alfonso Corzo Reyes;PARTIDO ALIANZA SOCIAL INDEPENDIENTE ASI;30
SANTA ROSA DE VITERBO;Luis Ricardo Acosta Oliveros;PARTIDO LIBERAL COLOMBIANO;28
SANTA ROSA DE VITERBO;Partido Cambio Radical;PARTIDO CAMBIO RADICAL;26
SANTA ROSA DE VITERBO;Rubiela Andrea Rodriguez Torres;PARTIDO CENTRO DEMOCRATICO;26
SANTA ROSA DE VITERBO;William Andres Sanchez Alarcon;MOVIMIENTO ALTERNATIVO INDIGENA Y SOCIAL MAIS;26
SANTA ROSA DE VITERBO;Yeniffer Santana Nuñez;PARTIDO LIBERAL COLOMBIANO;26
SANTA ROSA DE VITERBO;Partido Centro Democratico;PARTIDO CENTRO DEMOCRATICO;25
SANTA ROSA DE VITERBO;Rafael Antonio Albarracin Martinez;PARTIDO LIBERAL COLOMBIANO;24
SANTA ROSA DE VITERBO;Emilsen Rocio Velandia Garcia;PARTIDO SOCIAL DE UNIDAD NACIONAL  PARTIDO DE LA U;23
SANTA ROSA DE VITERBO;Jhon Jairo Siza;PARTIDO ALIANZA SOCIAL INDEPENDIENTE ASI;23
SANTA ROSA DE VITERBO;Sandra Milena Guarin Fonseca;PARTIDO ALIANZA SOCIAL INDEPENDIENTE ASI;23
SANTA ROSA DE VITERBO;Diana Rocio Silva Cely;PARTIDO SOCIAL DE UNIDAD NACIONAL  PARTIDO DE LA U;21
SANTA ROSA DE VITERBO;Maria Yaneth Vega Laverde;MOVIMIENTO ALTERNATIVO INDIGENA Y SOCIAL MAIS;21
SANTA ROSA DE VITERBO;Sandra Yaneth Morales Leon;PARTIDO ALIANZA SOCIAL INDEPENDIENTE ASI;21
SANTA ROSA DE VITERBO;William Fernando Torres Manosalva;PARTIDO ALIANZA SOCIAL INDEPENDIENTE ASI;19
SANTA ROSA DE VITERBO;Deisy Viviana Acosta Alonso;PARTIDO ALIANZA VERDE;18
SANTA ROSA DE VITERBO;Movimiento Alternativo Indigena Y Social Mais;MOVIMIENTO ALTERNATIVO INDIGENA Y SOCIAL MAIS;17
SANTA ROSA DE VITERBO;Yolanda Leonor Caballero Gallego;PARTIDO ALIANZA SOCIAL INDEPENDIENTE ASI;17
SANTA ROSA DE VITERBO;Juan De Jesus Gomez Martinez;PARTIDO CENTRO DEMOCRATICO;12
SANTA ROSA DE VITERBO;Partido Alianza Social Independiente Asi;PARTIDO ALIANZA SOCIAL INDEPENDIENTE ASI;12
SANTA ROSA DE VITERBO;Partido Liberal Colombiano;PARTIDO LIBERAL COLOMBIANO;12
SANTA ROSA DE VITERBO;Ximena Margarita Dueñas Martinez;PARTIDO LIBERAL COLOMBIANO;12
SANTA ROSA DE VITERBO;Maria Isabel Moreno Camacho;PARTIDO ALIANZA SOCIAL INDEPENDIENTE ASI;10
SANTA ROSA DE VITERBO;Partido Social De Unidad Nacional  Partido De La U;PARTIDO SOCIAL DE UNIDAD NACIONAL  PARTIDO DE LA U;10
SANTA ROSA DE VITERBO;Clara Lizbeth Perez Rodriguez;PARTIDO SOCIAL DE UNIDAD NACIONAL  PARTIDO DE LA U;9
SANTA ROSA DE VITERBO;Mayerly Astrid Gil Dueñas;PARTIDO LIBERAL COLOMBIANO;9
SANTA ROSA DE VITERBO;Paola Andrea Castro Sepulveda;MOVIMIENTO ALTERNATIVO INDIGENA Y SOCIAL MAIS;8
SANTA ROSA DE VITERBO;Nidia Yaneth Alvarez Rincon;PARTIDO ALIANZA VERDE;7
SANTA ROSA DE VITERBO;Ginna Mayerly Torres Alvarez;PARTIDO LIBERAL COLOMBIANO;3
SANTA ROSA DE VITERBO;Hector Mauricio Silva Alfonso;PARTIDO ALIANZA SOCIAL INDEPENDIENTE ASI;3
SANTA SOFIA;Partido Centro Democratico;PARTIDO CENTRO DEMOCRATICO;404
SANTA SOFIA;Juan Florosindo Medina Fernandez;PARTIDO CONSERVADOR COLOMBIANO;148
SANTA SOFIA;Angel Johel Alarcon Gamboa;PARTIDO CONSERVADOR COLOMBIANO;147
SANTA SOFIA;Cesar Augusto Naranjo Gonzalez;PARTIDO CONSERVADOR COLOMBIANO;141
SANTA SOFIA;Pedro Erasmo Peña Sanchez;PARTIDO ALIANZA VERDE;130
SANTA SOFIA;Edilma Yolanda Fino Pinilla;PARTIDO CONSERVADOR COLOMBIANO;107
SANTA SOFIA;Esteban Salamanca Saez;PARTIDO CONSERVADOR COLOMBIANO;103
SANTA SOFIA;Oscar Javier Saez Hamon;PARTIDO SOCIAL DE UNIDAD NACIONAL  PARTIDO DE LA U;85
SANTA SOFIA;Santana Malagon De Gamba;PARTIDO CAMBIO RADICAL;85
SANTA SOFIA;Luz Miryam Salas;PARTIDO SOCIAL DE UNIDAD NACIONAL  PARTIDO DE LA U;81
SANTA SOFIA;Jose Israel Gamboa Coy;PARTIDO SOCIAL DE UNIDAD NACIONAL  PARTIDO DE LA U;69
SANTA SOFIA;Leidy Estela Gamba Espitia;PARTIDO SOCIAL DE UNIDAD NACIONAL  PARTIDO DE LA U;65
SANTA SOFIA;Cesar Orlando Hamon Gamboa;PARTIDO CAMBIO RADICAL;61
SANTA SOFIA;Pedro Maria Suarez Saenz;PARTIDO CAMBIO RADICAL;55
SANTA SOFIA;Jose Israel Gonzalez Martinez;PARTIDO CAMBIO RADICAL;46
SANTA SOFIA;Javier Norberto Martinez Gonzalez;PARTIDO CAMBIO RADICAL;37
SANTA SOFIA;Diego Alexander Torres Castiblanco;PARTIDO SOCIAL DE UNIDAD NACIONAL  PARTIDO DE LA U;30
SANTA SOFIA;Adilma Parra Parra;PARTIDO CONSERVADOR COLOMBIANO;25
SANTA SOFIA;Daniel Felipe Fajardo Aguirre;PARTIDO ALIANZA VERDE;25
SANTA SOFIA;Maria Alejandra Jimenez Pinzon;PARTIDO ALIANZA VERDE;25
SANTA SOFIA;Partido Conservador Colombiano;PARTIDO CONSERVADOR COLOMBIANO;21
SANTA SOFIA;Partido Alianza Verde;PARTIDO ALIANZA VERDE;19
SANTA SOFIA;Lili Consuelo Saenz Saez;PARTIDO CAMBIO RADICAL;18
SANTA SOFIA;Mireya Ruiz Gutierrez;PARTIDO CONSERVADOR COLOMBIANO;18
SANTA SOFIA;Leidy Lorena Avila Paternina;PARTIDO SOCIAL DE UNIDAD NACIONAL  PARTIDO DE LA U;16
SANTA SOFIA;Sonia Mireya Salas Pereira;PARTIDO CAMBIO RADICAL;15
SANTA SOFIA;Diego Aristobulo Rodriguez Herreño;PARTIDO ALIANZA VERDE;14
SANTA SOFIA;Partido Cambio Radical;PARTIDO CAMBIO RADICAL;13
SANTA SOFIA;Partido Social De Unidad Nacional  Partido De La U;PARTIDO SOCIAL DE UNIDAD NACIONAL  PARTIDO DE LA U;13
SANTA SOFIA;Jose Servilio Adan Fajardo Gutierrez;PARTIDO SOCIAL DE UNIDAD NACIONAL  PARTIDO DE LA U;9
SANTA SOFIA;Alejandra Quintero Paulsen;PARTIDO ALIANZA VERDE;7
SANTA SOFIA;Ana Rocio Gordillo Gomez;PARTIDO ALIANZA VERDE;4
SANTANA;Julian Alberto Castellanos Garavito;PARTIDO LIBERAL COLOMBIANO;261
SANTANA;Linder Frankly Fonseca Fajardo;PARTIDO ALIANZA VERDE;261
SANTANA;Ismael Hernandez Cardenas;PARTIDO CENTRO DEMOCRATICO;230
SANTANA;Fabian Alberto Noguera Gamboa;PARTIDO LIBERAL COLOMBIANO;222
SANTANA;Javier Enrique Sanchez Olarte;PARTIDO CAMBIO RADICAL;212
SANTANA;Alvaro Camacho Camacho;PARTIDO ALIANZA SOCIAL INDEPENDIENTE ASI;195
SANTANA;Oscar Torres Paez;PARTIDO ALIANZA VERDE;177
SANTANA;Horacio Hernandez Ventura;PARTIDO LIBERAL COLOMBIANO;169
SANTANA;Andrea Consuelo Bermudez Suarez;PARTIDO CENTRO DEMOCRATICO;164
SANTANA;Luis Mario Morales;PARTIDO LIBERAL COLOMBIANO;163
SANTANA;Partido Colombia Justa Libres;PARTIDO COLOMBIA JUSTA LIBRES;160
SANTANA;Geronimo Quintero Saenz;PARTIDO ADA;153
SANTANA;Victor Manuel Sua Guzman;PARTIDO CAMBIO RADICAL;152
SANTANA;Andres Felipe Noguera Cruz;PARTIDO CAMBIO RADICAL;144
SANTANA;Eduardo Gonzalez;PARTIDO ALIANZA VERDE;143
SANTANA;Jose Eladio Tamayo Parra;PARTIDO ADA;130
SANTANA;Ferney Hernando Gaona Forero;PARTIDO ADA;112
SANTANA;Prudencio Castañeda;PARTIDO CENTRO DEMOCRATICO;100
SANTANA;Maria Eugenia Garzon Cadena;PARTIDO CENTRO DEMOCRATICO;93
SANTANA;Luis Alfonso Mendivelso Mendivelso;PARTIDO ALIANZA VERDE;88
SANTANA;Brayan Daniel Ardila;PARTIDO ADA;83
SANTANA;Leydi Fontecha Vargas;PARTIDO ADA;83
SANTANA;Edward Hernandez Chacon;PARTIDO LIBERAL COLOMBIANO;82
SANTANA;Olga Patricia Angulo Cruz;PARTIDO CENTRO DEMOCRATICO;76
SANTANA;Libia Astrid Santoyo Delgado;PARTIDO LIBERAL COLOMBIANO;73
SANTANA;William Ulloa Medina;PARTIDO CAMBIO RADICAL;69
SANTANA;Cesar Andres Arevalo;PARTIDO ALIANZA VERDE;67
SANTANA;Jose Alirio Tolosa Guerrero;PARTIDO ADA;67
SANTANA;German Cardenas Fandiño;PARTIDO CAMBIO RADICAL;63
SANTANA;William Ruiz Grandas;PARTIDO CENTRO DEMOCRATICO;63
SANTANA;Ana Lucila Osma Cetina;PARTIDO LIBERAL COLOMBIANO;62
SANTANA;Lorenzo Chacon Pardo;PARTIDO LIBERAL COLOMBIANO;56
SANTANA;Wilson Peña Pardo;PARTIDO CENTRO DEMOCRATICO;56
SANTANA;Arnulfo Paez Tovar;PARTIDO ALIANZA SOCIAL INDEPENDIENTE ASI;51
SANTANA;Javier Suarez Amado;PARTIDO ALIANZA SOCIAL INDEPENDIENTE ASI;51
SANTANA;Milciades Olarte Amado;MOVIMIENTO ALTERNATIVO INDIGENA Y SOCIAL MAIS;50
SANTANA;Partido Liberal Colombiano;PARTIDO LIBERAL COLOMBIANO;39
SANTANA;Leonardo Zarate Camacho;PARTIDO ALIANZA SOCIAL INDEPENDIENTE ASI;35
SANTANA;Yeimi Yarledy Vargas Sandoval;MOVIMIENTO ALTERNATIVO INDIGENA Y SOCIAL MAIS;34
SANTANA;Diana Rocio Carrero Hernandez;PARTIDO ADA;31
SANTANA;Partido Alianza Verde;PARTIDO ALIANZA VERDE;30
SANTANA;Leonel Osma Bareño;MOVIMIENTO ALTERNATIVO INDIGENA Y SOCIAL MAIS;29
SANTANA;Marcela Tellez Gordon;PARTIDO CAMBIO RADICAL;27
SANTANA;Partido Cambio Radical;PARTIDO CAMBIO RADICAL;26
SANTANA;Partido Centro Democratico;PARTIDO CENTRO DEMOCRATICO;25
SANTANA;Pedro Nel Piza Olarte;PARTIDO CENTRO DEMOCRATICO;23
SANTANA;William Fernel Santamaria Borraiz;PARTIDO ADA;22
SANTANA;Jose Joaquin Castro Guiza;MOVIMIENTO ALTERNATIVO INDIGENA Y SOCIAL MAIS;21
SANTANA;Shirley Johana Ulloa Perez;PARTIDO ALIANZA VERDE;21
SANTANA;Ramiro Niño Benavides;PARTIDO ALIANZA VERDE;19
SANTANA;Partido Alianza Social Independiente Asi;PARTIDO ALIANZA SOCIAL INDEPENDIENTE ASI;17
SANTANA;Nicolas Gaona Granados;MOVIMIENTO ALTERNATIVO INDIGENA Y SOCIAL MAIS;16
SANTANA;Ana Rocio Mosquera Cuevas;PARTIDO LIBERAL COLOMBIANO;14
SANTANA;Fabian Octavio Tellez Cuevas;PARTIDO ALIANZA SOCIAL INDEPENDIENTE ASI;14
SANTANA;Sandra Milena Forero Juagibioy;PARTIDO CAMBIO RADICAL;14
SANTANA;Jose Luis Santos Garcia;PARTIDO CAMBIO RADICAL;12
SANTANA;Leidy Daniela Amador Diaz;MOVIMIENTO ALTERNATIVO INDIGENA Y SOCIAL MAIS;11
SANTANA;Luis Emiro Garavito Alfonso;MOVIMIENTO ALTERNATIVO INDIGENA Y SOCIAL MAIS;11
SANTANA;Mary Luz Castro;PARTIDO ALIANZA VERDE;10
SANTANA;Maritza Ardila;MOVIMIENTO ALTERNATIVO INDIGENA Y SOCIAL MAIS;8
SANTANA;Partido Ada;PARTIDO ADA;7
SANTANA;Yesica Lorena Holguin Borrais;PARTIDO ALIANZA SOCIAL INDEPENDIENTE ASI;6
SANTANA;Movimiento Alternativo Indigena Y Social Mais;MOVIMIENTO ALTERNATIVO INDIGENA Y SOCIAL MAIS;5
SANTANA;Nancy Edith Linares Hurtado;PARTIDO ALIANZA VERDE;5
SANTANA;Brigida Vargas Ramirez;MOVIMIENTO ALTERNATIVO INDIGENA Y SOCIAL MAIS;4
SANTANA;Lina Rocio Borrais Higuera;PARTIDO CAMBIO RADICAL;3
SANTANA;Olimpo Guiza Avendaño;PARTIDO ALIANZA SOCIAL INDEPENDIENTE ASI;3
SANTANA;Alba Dinny Cruz Fandiño;PARTIDO ALIANZA SOCIAL INDEPENDIENTE ASI;2
SANTANA;Maria Jose Ortiz Rubiano;PARTIDO ALIANZA SOCIAL INDEPENDIENTE ASI;2
SANTANA;Maryory Beltran Suarez;PARTIDO ADA;1
SATIVANORTE;Dilia Milena Velandia Camacho;PARTIDO CENTRO DEMOCRATICO;278
SATIVANORTE;Oscar Figueredo Baez;PARTIDO ALIANZA VERDE;207
SATIVANORTE;William Ubides Lagos Medina;PARTIDO CENTRO DEMOCRATICO;154
SATIVANORTE;Publio Garcia Garcia;PARTIDO ALIANZA VERDE;149
SATIVANORTE;Jorge Luis Gomez Blanco;PARTIDO CENTRO DEMOCRATICO;136
SATIVANORTE;Jose Arturo Aparicio Suarez;PARTIDO ALIANZA VERDE;125
SATIVANORTE;Aura Alicia Gomez Sandoval;PARTIDO ALIANZA VERDE;120
SATIVANORTE;Flor Icela Quiroz Quiroz;PARTIDO CENTRO DEMOCRATICO;101
SATIVANORTE;Gloria Amparo Joya Aparicio;PARTIDO ALIANZA VERDE;86
SATIVANORTE;Wilson Puentes Martinez;PARTIDO CENTRO DEMOCRATICO;70
SATIVANORTE;Nancy Fabiola Quintero Aparicio;PARTIDO SOCIAL DE UNIDAD NACIONAL  PARTIDO DE LA U;64
SATIVANORTE;Ciro Antonio Paredes Perez;PARTIDO SOCIAL DE UNIDAD NACIONAL  PARTIDO DE LA U;59
SATIVANORTE;Duvan Ferney Avila Rodriguez;PARTIDO SOCIAL DE UNIDAD NACIONAL  PARTIDO DE LA U;57
SATIVANORTE;Partido Alianza Verde;PARTIDO ALIANZA VERDE;48
SATIVANORTE;Andres Mesa Sanchez;PARTIDO CONSERVADOR COLOMBIANO;39
SATIVANORTE;Nini Johana Baez Ruiz;PARTIDO CONSERVADOR COLOMBIANO;38
SATIVANORTE;Nelson Romero Gomez;PARTIDO SOCIAL DE UNIDAD NACIONAL  PARTIDO DE LA U;28
SATIVANORTE;Partido Centro Democratico;PARTIDO CENTRO DEMOCRATICO;26
SATIVANORTE;Mario Sanchez Salazar;PARTIDO SOCIAL DE UNIDAD NACIONAL  PARTIDO DE LA U;19
SATIVANORTE;Deisy Camila Orozco Quintero;PARTIDO SOCIAL DE UNIDAD NACIONAL  PARTIDO DE LA U;17
SATIVANORTE;Daniel Ronderos Tellez;PARTIDO CONSERVADOR COLOMBIANO;12
SATIVANORTE;Partido Conservador Colombiano;PARTIDO CONSERVADOR COLOMBIANO;7
SATIVANORTE;Partido Social De Unidad Nacional  Partido De La U;PARTIDO SOCIAL DE UNIDAD NACIONAL  PARTIDO DE LA U;7
SATIVANORTE;Rosa Maria Baez Baez;PARTIDO SOCIAL DE UNIDAD NACIONAL  PARTIDO DE LA U;5
SATIVANORTE;Liliana Uscategui Benites;PARTIDO CONSERVADOR COLOMBIANO;4
SATIVASUR;Marco Aurelio Lopez Gomez;PARTIDO CENTRO DEMOCRATICO;110
SATIVASUR;Nelly Yasmith Higuera Corredor;PARTIDO CONSERVADOR COLOMBIANO;110
SATIVASUR;Luis Gilberto Patiño Barajas;PARTIDO LIBERAL COLOMBIANO;96
SATIVASUR;Sandra Esperanza Higuera Gomez;PARTIDO LIBERAL COLOMBIANO;91
SATIVASUR;Edgar Wilson Salazar Sequera;PARTIDO LIBERAL COLOMBIANO;88
SATIVASUR;Juan Pablo Joya Leon;PARTIDO CONSERVADOR COLOMBIANO;80
SATIVASUR;Henry Aldemar Diaz Gomez;PARTIDO CONSERVADOR COLOMBIANO;59
SATIVASUR;Sonia Carolina Mojica Zuñiga;PARTIDO LIBERAL COLOMBIANO;59
SATIVASUR;Cesar Dositeo Garzon Nova;PARTIDO CENTRO DEMOCRATICO;52
SATIVASUR;Maritza Yulieth Mejia Parra;PARTIDO LIBERAL COLOMBIANO;45
SATIVASUR;William Ivan Manrique Martinez;PARTIDO LIBERAL COLOMBIANO;40
SATIVASUR;Luz Mariela Gomez Delgado;PARTIDO CONSERVADOR COLOMBIANO;30
SATIVASUR;Tatiana Andrea Ayala Ayala;PARTIDO CENTRO DEMOCRATICO;29
SATIVASUR;Jose Ivan Salazar Martinez;PARTIDO CONSERVADOR COLOMBIANO;23
SATIVASUR;Oscar Javier Gomez Leon;PARTIDO CENTRO DEMOCRATICO;22
SATIVASUR;Laura Susana Aparicio Garcia;PARTIDO CONSERVADOR COLOMBIANO;19
SATIVASUR;Partido Liberal Colombiano;PARTIDO LIBERAL COLOMBIANO;13
SATIVASUR;Carmen Liliana Acosta Valbuena;PARTIDO CENTRO DEMOCRATICO;9
SATIVASUR;Partido Conservador Colombiano;PARTIDO CONSERVADOR COLOMBIANO;9
SATIVASUR;Adriana Cecilia Machuca Barajas;PARTIDO CENTRO DEMOCRATICO;8
SATIVASUR;Rolando Alban Duarte Angarita;PARTIDO LIBERAL COLOMBIANO;7
SATIVASUR;Brayan Asdrubal Gomez Arismendi;PARTIDO CONSERVADOR COLOMBIANO;3
SATIVASUR;Partido Centro Democratico;PARTIDO CENTRO DEMOCRATICO;2
SIACHOQUE;Carlos Arturo Leon Pira;PARTIDO CENTRO DEMOCRATICO;163
SIACHOQUE;Jorge Albeiro Catolico Ramirez;PARTIDO CONSERVADOR COLOMBIANO;162
SIACHOQUE;Melquecidec Cuervo Acuña;PARTIDO LIBERAL COLOMBIANO;147
SIACHOQUE;Fabio Enrique Boyaca De Salvador;PARTIDO CAMBIO RADICAL;144
SIACHOQUE;Julio Cesar Choconta Avila;PARTIDO CENTRO DEMOCRATICO;137
SIACHOQUE;Jose Nepomuceno Paipa Vega;PARTIDO CAMBIO RADICAL;130
SIACHOQUE;Segundo Vicente Lopez Hernandez;PARTIDO SOCIAL DE UNIDAD NACIONAL  PARTIDO DE LA U;130
SIACHOQUE;Jaime Leon Soto;PARTIDO COLOMBIA RENACIENTE;128
SIACHOQUE;Segundo Albeiro Amaya Lopez;PARTIDO LIBERAL COLOMBIANO;126
SIACHOQUE;Carlos Humberto Tibagan Calderon;PARTIDO ALIANZA VERDE;113
SIACHOQUE;William Fernando Medina Giraldo;PARTIDO POLO DEMOCRATICO ALTERNATIVO;103
SIACHOQUE;Fredy Armando Correales Acuña;PARTIDO ADA;98
SIACHOQUE;Mario Fernando Benavides Boyaca;PARTIDO CENTRO DEMOCRATICO;91
SIACHOQUE;Claudia Marcela Monroy Jimenez;PARTIDO LIBERAL COLOMBIANO;87
SIACHOQUE;Wilmar Fernando Sierra Espinosa;PARTIDO POLO DEMOCRATICO ALTERNATIVO;84
SIACHOQUE;Luis German Amaya Florez;PARTIDO ALIANZA VERDE;82
SIACHOQUE;Luis Miguel Boyaca Aguilar;PARTIDO ADA;81
SIACHOQUE;Victor Alonso Camargo Sanabria;PARTIDO SOCIAL DE UNIDAD NACIONAL  PARTIDO DE LA U;81
SIACHOQUE;Luis Eduardo Prieto Sanabria;PARTIDO CAMBIO RADICAL;80
SIACHOQUE;Edison Oswaldo Aguilar Granados;PARTIDO ALIANZA VERDE;79
SIACHOQUE;Apuleyo La Rotta Rachen;PARTIDO LIBERAL COLOMBIANO;78
SIACHOQUE;Alba Rocio Avila Primiciero;PARTIDO COLOMBIA RENACIENTE;77
SIACHOQUE;Segundo Ricardo Baron Garcia;PARTIDO ALIANZA VERDE;72
SIACHOQUE;Alexander Quemba Garcia;PARTIDO ALIANZA VERDE;70
SIACHOQUE;Jose Delfin Lopez Mongua;PARTIDO CONSERVADOR COLOMBIANO;68
SIACHOQUE;Francisco Javier Bernal Quiroz;PARTIDO ALIANZA SOCIAL INDEPENDIENTE ASI;63
SIACHOQUE;Nelson Enrique Avila Huertas;PARTIDO COLOMBIA RENACIENTE;63
SIACHOQUE;Jose Alirio Ramirez Lopez;PARTIDO CENTRO DEMOCRATICO;62
SIACHOQUE;Wilmer Jose Sanabria Galindo;PARTIDO COLOMBIA RENACIENTE;62
SIACHOQUE;Hector Garcia Ochoa;PARTIDO LIBERAL COLOMBIANO;61
SIACHOQUE;Edilson Vargas Caro;PARTIDO CONSERVADOR COLOMBIANO;59
SIACHOQUE;Saul Catolico Diaz;PARTIDO LIBERAL COLOMBIANO;57
SIACHOQUE;Aura Nelly Choconta Jimenez;PARTIDO COLOMBIA RENACIENTE;54
SIACHOQUE;Flor Alba Aguilar Quemba;PARTIDO COLOMBIA RENACIENTE;54
SIACHOQUE;Luis Alejandro Baron Bernal;PARTIDO ALIANZA VERDE;52
SIACHOQUE;Luis Gerardo Raigoso Pacanchique;PARTIDO CAMBIO RADICAL;51
SIACHOQUE;Carlos Julio Moreno Castelblanco;PARTIDO SOCIAL DE UNIDAD NACIONAL  PARTIDO DE LA U;50
SIACHOQUE;Carlos Javier Pirazan Guaman;PARTIDO SOCIAL DE UNIDAD NACIONAL  PARTIDO DE LA U;49
SIACHOQUE;Jose Miguel Avila Puin;PARTIDO COLOMBIA RENACIENTE;49
SIACHOQUE;Luz Myriam Vega Ramirez;PARTIDO ALIANZA VERDE;47
SIACHOQUE;Nelson Enrique Choconta Avila;PARTIDO CAMBIO RADICAL;47
SIACHOQUE;Juan De Jesus Arias Ortega;PARTIDO CENTRO DEMOCRATICO;45
SIACHOQUE;Yessica Marcela Salvador Gacha;MOVIMIENTO ALTERNATIVO INDIGENA Y SOCIAL MAIS;45
SIACHOQUE;Elvia Helena Silva Coronado;PARTIDO CENTRO DEMOCRATICO;44
SIACHOQUE;Luis Fernando Guevara;MOVIMIENTO ALTERNATIVO INDIGENA Y SOCIAL MAIS;42
SIACHOQUE;Ernesto Borda Lopez;PARTIDO ALIANZA SOCIAL INDEPENDIENTE ASI;41
SIACHOQUE;Clemencia Alvarado Avila;PARTIDO ALIANZA SOCIAL INDEPENDIENTE ASI;40
SIACHOQUE;Luis Alfredo Hernandez Avila;PARTIDO CAMBIO RADICAL;39
SIACHOQUE;Jose Misael Espitia Boyaca;PARTIDO ADA;36
SIACHOQUE;Vidal Waldo Panche Velasco;PARTIDO POLO DEMOCRATICO ALTERNATIVO;36
SIACHOQUE;Angela Cristina Tibata Chitivo;PARTIDO ALIANZA VERDE;34
SIACHOQUE;John Franky Pacavita Avila;PARTIDO POLO DEMOCRATICO ALTERNATIVO;34
SIACHOQUE;Matilde Farias Mongua;MOVIMIENTO ALTERNATIVO INDIGENA Y SOCIAL MAIS;34
SIACHOQUE;Gabriel Galindo Avila;PARTIDO ADA;30
SIACHOQUE;Nidia Patricia Rodriguez Calderon;PARTIDO CENTRO DEMOCRATICO;28
SIACHOQUE;Hector Jose Quintero Huertas;MOVIMIENTO ALTERNATIVO INDIGENA Y SOCIAL MAIS;27
SIACHOQUE;Hector Mario Chitivo Arias;PARTIDO SOCIAL DE UNIDAD NACIONAL  PARTIDO DE LA U;25
SIACHOQUE;Heriberto Cardenal Arias;PARTIDO ADA;25
SIACHOQUE;Luis Jose Alvarado;PARTIDO CONSERVADOR COLOMBIANO;25
SIACHOQUE;Partido Alianza Verde;PARTIDO ALIANZA VERDE;25
SIACHOQUE;Daniel Guillermo Wilchez Leon;MOVIMIENTO ALTERNATIVO INDIGENA Y SOCIAL MAIS;24
SIACHOQUE;Gladis Catolico Quemba;PARTIDO ADA;23
SIACHOQUE;Joaquin Farias Garcia;PARTIDO ALIANZA SOCIAL INDEPENDIENTE ASI;23
SIACHOQUE;Eugenio Sanchez Tibata;PARTIDO CENTRO DEMOCRATICO;21
SIACHOQUE;Felix Armando Calderon Hernandez;PARTIDO COLOMBIA RENACIENTE;20
SIACHOQUE;Jhon Jairo Ortega Forero;PARTIDO COLOMBIA RENACIENTE;20
SIACHOQUE;Jose Gabriel Cruz Alvarado;MOVIMIENTO ALTERNATIVO INDIGENA Y SOCIAL MAIS;18
SIACHOQUE;Pedro Jose Numpaque Castillo;PARTIDO CONSERVADOR COLOMBIANO;18
SIACHOQUE;Angela Jhoaira Garcia Zipasuca;PARTIDO ALIANZA VERDE;17
SIACHOQUE;Luz Idalba Rodriguez;PARTIDO CENTRO DEMOCRATICO;17
SIACHOQUE;Luis Francisco Santafe Blanco;PARTIDO POLO DEMOCRATICO ALTERNATIVO;16
SIACHOQUE;Partido Colombia Renaciente;PARTIDO COLOMBIA RENACIENTE;16
SIACHOQUE;Alvaro Arcenio Garcia Quemba;PARTIDO SOCIAL DE UNIDAD NACIONAL  PARTIDO DE LA U;15
SIACHOQUE;Eduardo Valiente Pirazan;PARTIDO POLO DEMOCRATICO ALTERNATIVO;15
SIACHOQUE;Partido Liberal Colombiano;PARTIDO LIBERAL COLOMBIANO;15
SIACHOQUE;Partido Centro Democratico;PARTIDO CENTRO DEMOCRATICO;13
SIACHOQUE;Aura Yaneth Guaman Monroy;PARTIDO SOCIAL DE UNIDAD NACIONAL  PARTIDO DE LA U;12
SIACHOQUE;Viviana Melissa Calderon Leandro;PARTIDO LIBERAL COLOMBIANO;11
SIACHOQUE;Yully Andrey Pardo Pardo;PARTIDO LIBERAL COLOMBIANO;11
SIACHOQUE;Nuvia Cristina Vargas Soler;PARTIDO CAMBIO RADICAL;9
SIACHOQUE;Partido Conservador Colombiano;PARTIDO CONSERVADOR COLOMBIANO;8
SIACHOQUE;Pedro Jose Lopez Huertas;MOVIMIENTO ALTERNATIVO INDIGENA Y SOCIAL MAIS;8
SIACHOQUE;Yeimy Magaly Avila Pira;PARTIDO CONSERVADOR COLOMBIANO;8
SIACHOQUE;Partido Social De Unidad Nacional  Partido De La U;PARTIDO SOCIAL DE UNIDAD NACIONAL  PARTIDO DE LA U;7
SIACHOQUE;Sandra Milena Guerrero;PARTIDO CAMBIO RADICAL;7
SIACHOQUE;Liliana Ojeda Parra;PARTIDO CAMBIO RADICAL;6
SIACHOQUE;Luz Doris Sanabria Castelblanco;MOVIMIENTO ALTERNATIVO INDIGENA Y SOCIAL MAIS;6
SIACHOQUE;Movimiento Alternativo Indigena Y Social Mais;MOVIMIENTO ALTERNATIVO INDIGENA Y SOCIAL MAIS;6
SIACHOQUE;Partido Cambio Radical;PARTIDO CAMBIO RADICAL;6
SIACHOQUE;Yessica Natalia Sichaca Sichaca;PARTIDO SOCIAL DE UNIDAD NACIONAL  PARTIDO DE LA U;6
SIACHOQUE;Partido Ada;PARTIDO ADA;5
SIACHOQUE;Partido Alianza Social Independiente Asi;PARTIDO ALIANZA SOCIAL INDEPENDIENTE ASI;5
SIACHOQUE;Segundo Pablo Granados Jimenez;PARTIDO LIBERAL COLOMBIANO;5
SIACHOQUE;Luis Alberto Ayala Silva;MOVIMIENTO ALTERNATIVO INDIGENA Y SOCIAL MAIS;4
SIACHOQUE;Partido Polo Democratico Alternativo;PARTIDO POLO DEMOCRATICO ALTERNATIVO;4
SIACHOQUE;Floralba Moreno Morales;PARTIDO POLO DEMOCRATICO ALTERNATIVO;3
SIACHOQUE;Jaime Garcia;PARTIDO ALIANZA SOCIAL INDEPENDIENTE ASI;3
SIACHOQUE;Maria Del Rosario Tibata Guevara;PARTIDO CONSERVADOR COLOMBIANO;3
SIACHOQUE;Maria Ines Ayala Vargas;PARTIDO CONSERVADOR COLOMBIANO;3
SIACHOQUE;Luz Mery Sanchez Junco;PARTIDO SOCIAL DE UNIDAD NACIONAL  PARTIDO DE LA U;2
SIACHOQUE;Martha Liliana Calderon Zipasuca;PARTIDO POLO DEMOCRATICO ALTERNATIVO;2
SIACHOQUE;Sandra Magaly Martinez Guerrero;PARTIDO ALIANZA SOCIAL INDEPENDIENTE ASI;2
SIACHOQUE;Ivone Daniela Pineda Bonilla;PARTIDO POLO DEMOCRATICO ALTERNATIVO;1
SIACHOQUE;Martha Isabel Catolico Leon;PARTIDO ADA;1
SOATA;Luis Eduardo Guerrero Carreño;PARTIDO CENTRO DEMOCRATICO;293
SOATA;Oscar Genaro Baez Gomez;PARTIDO CONSERVADOR COLOMBIANO;247
SOATA;Carlos Humberto Acero Botia;PARTIDO CENTRO DEMOCRATICO;245
SOATA;Humberto Garcia Camacho;PARTIDO CENTRO DEMOCRATICO;216
SOATA;Juan Segundo Vargas Salcedo;PARTIDO CENTRO DEMOCRATICO;212
SOATA;Jose Guillermo Amado Lopez;PARTIDO CENTRO DEMOCRATICO;208
SOATA;Luis Jose Millan Cobos;PARTIDO ALIANZA VERDE;206
SOATA;Carlos Barrera;PARTIDO SOCIAL DE UNIDAD NACIONAL  PARTIDO DE LA U;205
SOATA;Javier Pinzon Paez;PARTIDO SOCIAL DE UNIDAD NACIONAL  PARTIDO DE LA U;194
SOATA;Ramiro Salcedo Reyes;MOVIMIENTO ALTERNATIVO INDIGENA Y SOCIAL MAIS;188
SOATA;Leonardo Alberto Carrillo Perez;PARTIDO LIBERAL COLOMBIANO;161
SOATA;Ever Alonso Mojica Manrique;PARTIDO ALIANZA SOCIAL INDEPENDIENTE ASI;147
SOATA;Ivan Felipe Ramirez Barrera;PARTIDO ALIANZA VERDE;147
SOATA;Luis Alirio Mojica Rincon;PARTIDO CONSERVADOR COLOMBIANO;147
SOATA;Jose Alejandro Lopez Mesa;PARTIDO CENTRO DEMOCRATICO;138
SOATA;Giovanni Andres Archila Bonilla;PARTIDO CONSERVADOR COLOMBIANO;125
SOATA;Diego Andres Pineda Correa;PARTIDO ALIANZA SOCIAL INDEPENDIENTE ASI;113
SOATA;Fabio Leonidas Rodriguez Pinzon;PARTIDO CONSERVADOR COLOMBIANO;109
SOATA;Oscar Orlando Llanes Blanco;MOVIMIENTO ALTERNATIVO INDIGENA Y SOCIAL MAIS;107
SOATA;John Diaz Fuentes;PARTIDO SOCIAL DE UNIDAD NACIONAL  PARTIDO DE LA U;94
SOATA;Maria Getrudis Manrique Estupiñan;MOVIMIENTO ALTERNATIVO INDIGENA Y SOCIAL MAIS;92
SOATA;Alba Berenice Peña Herreño;PARTIDO SOCIAL DE UNIDAD NACIONAL  PARTIDO DE LA U;86
SOATA;Duvan Dario Barrera Orozco;PARTIDO ALIANZA SOCIAL INDEPENDIENTE ASI;85
SOATA;Jonathan Julian Prieto Rodriguez;PARTIDO CAMBIO RADICAL;81
SOATA;Sonia Mayoly Lopez Rojas;PARTIDO ALIANZA VERDE;80
SOATA;Agustin Paredes Gallo;PARTIDO ALIANZA VERDE;78
SOATA;Ines Juliana Avila Perico;PARTIDO ALIANZA VERDE;77
SOATA;Cesar Alberto Angarita Rincon;PARTIDO ALIANZA VERDE;76
SOATA;Mauricio Rogelio Cetina Garcia;MOVIMIENTO ALTERNATIVO INDIGENA Y SOCIAL MAIS;76
SOATA;Manuela Mesa Gutierrez;PARTIDO ALIANZA VERDE;67
SOATA;Estiver Ferney Mojica Briceño;PARTIDO ALIANZA VERDE;65
SOATA;Jose Antonio Baez Mojica;PARTIDO SOCIAL DE UNIDAD NACIONAL  PARTIDO DE LA U;61
SOATA;Leonardo Torres Carvajal;PARTIDO CAMBIO RADICAL;61
SOATA;Diana Milena Sandoval Paredes;PARTIDO CENTRO DEMOCRATICO;60
SOATA;Libardo Vivas;PARTIDO CAMBIO RADICAL;53
SOATA;Nancy Liliana Gutierrez Torres;PARTIDO CENTRO DEMOCRATICO;50
SOATA;Jaime Andres Martinez Fuentes;PARTIDO LIBERAL COLOMBIANO;48
SOATA;Osana Gomez Albarracin;MOVIMIENTO ALTERNATIVO INDIGENA Y SOCIAL MAIS;43
SOATA;Antonia Del Pilar Corredor Ramirez;PARTIDO CENTRO DEMOCRATICO;42
SOATA;John Leonardo Sotelo Garcia;MOVIMIENTO ALTERNATIVO INDIGENA Y SOCIAL MAIS;38
SOATA;Rosa Beatriz Medina Aponte;PARTIDO CONSERVADOR COLOMBIANO;38
SOATA;Carlos Julio Diaz Diaz;PARTIDO ALIANZA SOCIAL INDEPENDIENTE ASI;36
SOATA;Jonathan Fernando Reyes Angarita;PARTIDO CAMBIO RADICAL;35
SOATA;Horacio Jose Manrique Gomez;PARTIDO ALIANZA SOCIAL INDEPENDIENTE ASI;34
SOATA;Martha Ines Hernandez Gutierrez;PARTIDO CAMBIO RADICAL;32
SOATA;Mary Luz Hernandez Archila;MOVIMIENTO ALTERNATIVO INDIGENA Y SOCIAL MAIS;26
SOATA;Hedilberto Chacon Jaimes;PARTIDO ALIANZA VERDE;22
SOATA;Partido Alianza Verde;PARTIDO ALIANZA VERDE;21
SOATA;Jaime Rojas Mesa;PARTIDO LIBERAL COLOMBIANO;19
SOATA;Lida Fabiola Jimenez Burgos;PARTIDO CONSERVADOR COLOMBIANO;19
SOATA;Ruby Mayerly Llanes Lizarazo;PARTIDO CAMBIO RADICAL;19
SOATA;Partido Centro Democratico;PARTIDO CENTRO DEMOCRATICO;17
SOATA;Yolanda Yanira Gomez Manchego;PARTIDO CONSERVADOR COLOMBIANO;17
SOATA;Milder Astrid Martinez Combita;PARTIDO CONSERVADOR COLOMBIANO;15
SOATA;Nestor Yecid Burgos Perez;PARTIDO SOCIAL DE UNIDAD NACIONAL  PARTIDO DE LA U;15
SOATA;Partido Social De Unidad Nacional  Partido De La U;PARTIDO SOCIAL DE UNIDAD NACIONAL  PARTIDO DE LA U;12
SOATA;Jairo Edilberto Cifuentes Poveda;PARTIDO LIBERAL COLOMBIANO;11
SOATA;Movimiento Alternativo Indigena Y Social Mais;MOVIMIENTO ALTERNATIVO INDIGENA Y SOCIAL MAIS;11
SOATA;Gloria Yaneth Rodriguez Fuentes;PARTIDO SOCIAL DE UNIDAD NACIONAL  PARTIDO DE LA U;10
SOATA;Alexandra Milena Castro Vasquez;PARTIDO SOCIAL DE UNIDAD NACIONAL  PARTIDO DE LA U;9
SOATA;Julia Burgos Diaz;PARTIDO LIBERAL COLOMBIANO;7
SOATA;Marcela Medina Lopez;PARTIDO LIBERAL COLOMBIANO;7
SOATA;Partido Conservador Colombiano;PARTIDO CONSERVADOR COLOMBIANO;7
SOATA;Partido Alianza Social Independiente Asi;PARTIDO ALIANZA SOCIAL INDEPENDIENTE ASI;6
SOATA;Maria Sildana Sandoval Sandoval;MOVIMIENTO ALTERNATIVO INDIGENA Y SOCIAL MAIS;5
SOATA;Partido Cambio Radical;PARTIDO CAMBIO RADICAL;5
SOATA;Partido Liberal Colombiano;PARTIDO LIBERAL COLOMBIANO;5
SOATA;Rocio Del Pilar Salazar Cifuentes;PARTIDO ALIANZA SOCIAL INDEPENDIENTE ASI;5
SOATA;Alfonso Linares Guevara;PARTIDO LIBERAL COLOMBIANO;4
SOATA;Socorro Patiño Basto;PARTIDO ALIANZA SOCIAL INDEPENDIENTE ASI;3
SOATA;Juliana Andrea Ayala Delgado;PARTIDO LIBERAL COLOMBIANO;2
SOCHA;Claudia Patricia Gomez Ravelo;PARTIDO CONSERVADOR COLOMBIANO;320
SOCHA;Guillermo Mesa Soledad;PARTIDO CONSERVADOR COLOMBIANO;198
SOCHA;Jose Roberto Amaya Rojas;PARTIDO CONSERVADOR COLOMBIANO;175
SOCHA;Jose De Jesus Zocadagui Cayachoa;PARTIDO CONSERVADOR COLOMBIANO;143
SOCHA;Omar De Jesus Araque Martinez;PARTIDO CAMBIO RADICAL;143
SOCHA;Edgar Benitez Patiño;PARTIDO CONSERVADOR COLOMBIANO;142
SOCHA;Omar Emildo Mesa Perez;PARTIDO CENTRO DEMOCRATICO;139
SOCHA;Victor Hugo Niño Mateus;PARTIDO LIBERAL COLOMBIANO;124
SOCHA;Marianela De La Coromoto Araque Garcia;PARTIDO LIBERAL COLOMBIANO;121
SOCHA;Diego Mauricio Vargas Masmela;PARTIDO CAMBIO RADICAL;112
SOCHA;Martha Elena Sua Cuevas;PARTIDO CAMBIO RADICAL;111
SOCHA;Maria Cenaida Diaz Diaz;PARTIDO CONSERVADOR COLOMBIANO;105
SOCHA;Edgar Alfonso Estepa Gomez;PARTIDO ALIANZA VERDE;102
SOCHA;Marco Celidoneo Abril;PARTIDO LIBERAL COLOMBIANO;100
SOCHA;Jose Del Carmen Diaz;PARTIDO CAMBIO RADICAL;94
SOCHA;Willington Soledad Sarmiento;PARTIDO CENTRO DEMOCRATICO;94
SOCHA;Maria Rafaela Niño Carreño;PARTIDO CONSERVADOR COLOMBIANO;93
SOCHA;Edwin Fernando Merchan Espindola;PARTIDO CAMBIO RADICAL;90
SOCHA;Juan Guillermo Toncon Espindola;PARTIDO LIBERAL COLOMBIANO;87
SOCHA;Susan Giovana Acevedo Medina;PARTIDO LIBERAL COLOMBIANO;85
SOCHA;Pedro Jose Cely Soledad;PARTIDO ALIANZA VERDE;84
SOCHA;Angel Maria Angel Estupiñan;PARTIDO LIBERAL COLOMBIANO;75
SOCHA;Manuel Fernando Correa Martinez;PARTIDO CENTRO DEMOCRATICO;73
SOCHA;Diego Leonardo Tibaduiza Estupinan;MOVIMIENTO ALTERNATIVO INDIGENA Y SOCIAL MAIS;72
SOCHA;Jose Ruben Araque Montanez;PARTIDO CENTRO DEMOCRATICO;70
SOCHA;Leovigildo Fuentes Leon;PARTIDO ALIANZA VERDE;69
SOCHA;John Edisson Vega Gomez;PARTIDO CENTRO DEMOCRATICO;62
SOCHA;Claudia Milena Mejia Zuñiga;PARTIDO CENTRO DEMOCRATICO;60
SOCHA;Jose Orlando Arciniegas Vargas;PARTIDO SOCIAL DE UNIDAD NACIONAL  PARTIDO DE LA U;59
SOCHA;Luis Alexander Albarracin Sanchez;MOVIMIENTO ALTERNATIVO INDIGENA Y SOCIAL MAIS;58
SOCHA;Carlos Arturo Granados Ojeda;PARTIDO ALIANZA VERDE;53
SOCHA;Jorge Alexander Estupiñan Chiquillo;PARTIDO ALIANZA VERDE;53
SOCHA;Roberto Garcia Pinzon;PARTIDO ALIANZA VERDE;51
SOCHA;Ana Adela Diaz Montaña;PARTIDO ALIANZA VERDE;49
SOCHA;Luis Rolando Botia Joya;PARTIDO SOCIAL DE UNIDAD NACIONAL  PARTIDO DE LA U;49
SOCHA;Alvaro Malpica Rincon;PARTIDO LIBERAL COLOMBIANO;48
SOCHA;Cesar Alirio Chiquillo Sanchez;PARTIDO SOCIAL DE UNIDAD NACIONAL  PARTIDO DE LA U;47
SOCHA;Nestor Enrique Duran Rangel;PARTIDO CAMBIO RADICAL;40
SOCHA;Edward Giovanni Saenz Rodriguez;PARTIDO CONSERVADOR COLOMBIANO;39
SOCHA;Emiliano Cristiano Masmela;PARTIDO LIBERAL COLOMBIANO;39
SOCHA;German Alonso Garcia Araque;MOVIMIENTO ALTERNATIVO INDIGENA Y SOCIAL MAIS;38
SOCHA;Maria Fernanda Fonseca Mojica;PARTIDO ALIANZA VERDE;37
SOCHA;Luis Bayardo Rincon Mendivelso;MOVIMIENTO ALTERNATIVO INDIGENA Y SOCIAL MAIS;35
SOCHA;Carlos Eliecer Garcia Carreño;PARTIDO SOCIAL DE UNIDAD NACIONAL  PARTIDO DE LA U;34
SOCHA;Blanca Yanneth Camacho Gonzalez;PARTIDO SOCIAL DE UNIDAD NACIONAL  PARTIDO DE LA U;33
SOCHA;Maria Estela Toca Soto;MOVIMIENTO ALTERNATIVO INDIGENA Y SOCIAL MAIS;33
SOCHA;Hernan Alonso Tibaduiza Niño;PARTIDO CENTRO DEMOCRATICO;30
SOCHA;Jose Belarmino Uscategui Malpica;MOVIMIENTO ALTERNATIVO INDIGENA Y SOCIAL MAIS;29
SOCHA;Sandra Milena Higuera Corredor;PARTIDO ALIANZA VERDE;26
SOCHA;Partido Liberal Colombiano;PARTIDO LIBERAL COLOMBIANO;25
SOCHA;Margarita Fernandez Marquez;PARTIDO LIBERAL COLOMBIANO;24
SOCHA;Jose Sua Garcia;PARTIDO SOCIAL DE UNIDAD NACIONAL  PARTIDO DE LA U;23
SOCHA;Partido Alianza Verde;PARTIDO ALIANZA VERDE;21
SOCHA;Cindy Dariana Rincon Agudelo;PARTIDO CAMBIO RADICAL;18
SOCHA;Deissy Patricia Borja Estupiñan;PARTIDO SOCIAL DE UNIDAD NACIONAL  PARTIDO DE LA U;18
SOCHA;Luis Alfonso Cardenas Ruiz;PARTIDO CAMBIO RADICAL;17
SOCHA;Ana Rosa Garcia Espindola;PARTIDO CENTRO DEMOCRATICO;15
SOCHA;Ana Cristina Gaitan Rivera;PARTIDO CENTRO DEMOCRATICO;14
SOCHA;Movimiento Alternativo Indigena Y Social Mais;MOVIMIENTO ALTERNATIVO INDIGENA Y SOCIAL MAIS;14
SOCHA;Partido Conservador Colombiano;PARTIDO CONSERVADOR COLOMBIANO;12
SOCHA;Jose Nelson Abril Granados;PARTIDO SOCIAL DE UNIDAD NACIONAL  PARTIDO DE LA U;10
SOCHA;Rafael Augusto Socadagui Leon;PARTIDO CONSERVADOR COLOMBIANO;10
SOCHA;Karen Dayana Suta Alvarado;MOVIMIENTO ALTERNATIVO INDIGENA Y SOCIAL MAIS;9
SOCHA;Angela Viviana Perico Vargas;PARTIDO SOCIAL DE UNIDAD NACIONAL  PARTIDO DE LA U;8
SOCHA;Partido Social De Unidad Nacional  Partido De La U;PARTIDO SOCIAL DE UNIDAD NACIONAL  PARTIDO DE LA U;8
SOCHA;Partido Cambio Radical;PARTIDO CAMBIO RADICAL;7
SOCHA;Partido Centro Democratico;PARTIDO CENTRO DEMOCRATICO;6
SOCHA;Yuri Farley Berdugo Albarracin;PARTIDO CAMBIO RADICAL;6
SOCHA;Yessica Carolina Rodriguez Angel;MOVIMIENTO ALTERNATIVO INDIGENA Y SOCIAL MAIS;3
SOCOTA;Victor Asdrubal Sepulveda Benitez;PARTIDO LIBERAL COLOMBIANO;181
SOCOTA;Luz Yaneth Cruz Rodriguez;PARTIDO CENTRO DEMOCRATICO;177
SOCOTA;Ciro Adelfo Panqueva Cruz;PARTIDO SOCIAL DE UNIDAD NACIONAL  PARTIDO DE LA U;170
SOCOTA;Julian Goyeneche Manrique;PARTIDO ALIANZA SOCIAL INDEPENDIENTE ASI;146
SOCOTA;Guillermo Mendivelso Leal;PARTIDO CENTRO DEMOCRATICO;144
SOCOTA;Fredy Alexander Goyeneche Carreño;PARTIDO CENTRO DEMOCRATICO;140
SOCOTA;Rigoberto Blanco Barrera;PARTIDO LIBERAL COLOMBIANO;120
SOCOTA;Plutarco Ochoa Cruz;PARTIDO CENTRO DEMOCRATICO;119
SOCOTA;Antonio Vargas Salcedo;PARTIDO SOCIAL DE UNIDAD NACIONAL  PARTIDO DE LA U;109
SOCOTA;Juan De Jesus Duarte Chaparro;PARTIDO ALIANZA VERDE;108
SOCOTA;Luz Pohema Cristiano Ojeda;PARTIDO LIBERAL COLOMBIANO;107
SOCOTA;Wilson Gerardo Niño Duran;PARTIDO SOCIAL DE UNIDAD NACIONAL  PARTIDO DE LA U;103
SOCOTA;Jose Modesto Gomez;PARTIDO CAMBIO RADICAL;102
SOCOTA;Jose Daniel Niño Niño;MOVIMIENTO AUTORIDADES INDIGENAS DE COLOMBIA AICO;90
SOCOTA;Maria Eugenia Castro Diaz;PARTIDO LIBERAL COLOMBIANO;89
SOCOTA;Martha Cecilia Perez Niño;PARTIDO LIBERAL COLOMBIANO;88
SOCOTA;Liden Carvajal Daza;PARTIDO LIBERAL COLOMBIANO;87
SOCOTA;Marco Fidel Triana Cuevas;PARTIDO ALIANZA VERDE;87
SOCOTA;Eduardo Velandia Mendivelso;PARTIDO ALIANZA SOCIAL INDEPENDIENTE ASI;83
SOCOTA;Edwin Alexander Bolaños Toncon;MOVIMIENTO ALTERNATIVO INDIGENA Y SOCIAL MAIS;83
SOCOTA;Jose Diomedes Goyeneche Angarita;PARTIDO CENTRO DEMOCRATICO;82
SOCOTA;Wilson Yamid Sua Estepa;PARTIDO CENTRO DEMOCRATICO;69
SOCOTA;Jesus Niño Mendivelso;PARTIDO CENTRO DEMOCRATICO;66
SOCOTA;Jairo Alexander Duran Botia;PARTIDO LIBERAL COLOMBIANO;65
SOCOTA;Jose Lubertino Niño Sepulveda;PARTIDO LIBERAL COLOMBIANO;61
SOCOTA;Nancy Milena Ramirez Romero;PARTIDO COLOMBIA RENACIENTE;55
SOCOTA;Ramiro Goyeneche Niño;PARTIDO ALIANZA VERDE;53
SOCOTA;Juan Alberto Cruz Ortiz;PARTIDO SOCIAL DE UNIDAD NACIONAL  PARTIDO DE LA U;47
SOCOTA;Jhon Jairo Toncon Salcedo;PARTIDO ALIANZA VERDE;45
SOCOTA;Maria Stella Masmela Mesa;PARTIDO CENTRO DEMOCRATICO;43
SOCOTA;Jose Fabio Vega Gutierrez;PARTIDO CENTRO DEMOCRATICO;41
SOCOTA;Luz Angela Montoya Uyaban;PARTIDO ALIANZA SOCIAL INDEPENDIENTE ASI;41
SOCOTA;Duglas Salcedo Leal;PARTIDO ALIANZA SOCIAL INDEPENDIENTE ASI;40
SOCOTA;Elkin Norbey Salcedo Benitez;MOVIMIENTO ALTERNATIVO INDIGENA Y SOCIAL MAIS;40
SOCOTA;Ana Gladys Estepa Manrique;PARTIDO CAMBIO RADICAL;39
SOCOTA;Wilder Hernando Toncon Leal;PARTIDO CAMBIO RADICAL;37
SOCOTA;Jose Miguel Carvajal Ruiz;PARTIDO CAMBIO RADICAL;36
SOCOTA;Jorge Eliecer Duran Amado;PARTIDO ALIANZA SOCIAL INDEPENDIENTE ASI;35
SOCOTA;Carlos Eden Niño Niño;PARTIDO LIBERAL COLOMBIANO;33
SOCOTA;Partido Liberal Colombiano;PARTIDO LIBERAL COLOMBIANO;33
SOCOTA;Elsa Yurley Castro Duran;PARTIDO CAMBIO RADICAL;32
SOCOTA;Luis Alberto Gualteros;PARTIDO ALIANZA VERDE;32
SOCOTA;Luis Arpidio Niño Porras;PARTIDO ALIANZA VERDE;32
SOCOTA;Partido Centro Democratico;PARTIDO CENTRO DEMOCRATICO;32
SOCOTA;Partido Alianza Verde;PARTIDO ALIANZA VERDE;31
SOCOTA;Emperatriz Salcedo Duarte;PARTIDO ALIANZA VERDE;28
SOCOTA;Yirley Camila Velandia Romero;PARTIDO ALIANZA SOCIAL INDEPENDIENTE ASI;28
SOCOTA;Aurelio Gomez Mendivelso;PARTIDO LIBERAL COLOMBIANO;27
SOCOTA;Alexander Niño Perez;MOVIMIENTO ALTERNATIVO INDIGENA Y SOCIAL MAIS;26
SOCOTA;Andres Fernando Vega Parada;MOVIMIENTO AUTORIDADES INDIGENAS DE COLOMBIA AICO;25
SOCOTA;Edwin Orlando Mariño Santos;MOVIMIENTO ALTERNATIVO INDIGENA Y SOCIAL MAIS;24
SOCOTA;Jymmi Wilson Sua Perez;MOVIMIENTO ALTERNATIVO INDIGENA Y SOCIAL MAIS;24
SOCOTA;Laura Fabiola Mendivelso Perez;PARTIDO CAMBIO RADICAL;24
SOCOTA;Carlos Senen Leal Benitez;PARTIDO SOCIAL DE UNIDAD NACIONAL  PARTIDO DE LA U;23
SOCOTA;Luzmila Bello Riaño;PARTIDO LIBERAL COLOMBIANO;23
SOCOTA;Marina Duran Triana;PARTIDO ALIANZA VERDE;20
SOCOTA;Eloidina Moreno Rodriguez;PARTIDO CAMBIO RADICAL;18
SOCOTA;Luz Miriam Perez Fuentes;PARTIDO ALIANZA SOCIAL INDEPENDIENTE ASI;18
SOCOTA;Ronaldo Parada Benitez;PARTIDO ALIANZA VERDE;17
SOCOTA;Ferney Bello Mendivelso;MOVIMIENTO ALTERNATIVO INDIGENA Y SOCIAL MAIS;16
SOCOTA;Marta Elizabeth Valbuena Cristiano;PARTIDO ALIANZA VERDE;16
SOCOTA;Yurys Omaira Valdelamar De La Rosa;PARTIDO SOCIAL DE UNIDAD NACIONAL  PARTIDO DE LA U;16
SOCOTA;Jesus Adriano Benitez Porras;MOVIMIENTO ALTERNATIVO INDIGENA Y SOCIAL MAIS;15
SOCOTA;Jose Guido Maria Goyeneche Cantor;PARTIDO COLOMBIA RENACIENTE;15
SOCOTA;Luis Hernan Mendivelso Goyeneche;PARTIDO CAMBIO RADICAL;15
SOCOTA;Suly Nohemi Velandia Leal;PARTIDO SOCIAL DE UNIDAD NACIONAL  PARTIDO DE LA U;15
SOCOTA;Salomon Cordoba Rodriguez;PARTIDO SOCIAL DE UNIDAD NACIONAL  PARTIDO DE LA U;14
SOCOTA;Luisa Fernanda Cristiano Cristiano;PARTIDO CENTRO DEMOCRATICO;13
SOCOTA;Aura Nelly Leal Velandia;MOVIMIENTO AUTORIDADES INDIGENAS DE COLOMBIA AICO;11
SOCOTA;Maria Carolina Toncon Velandia;MOVIMIENTO ALTERNATIVO INDIGENA Y SOCIAL MAIS;11
SOCOTA;Olegario Ojeda Albarracin;MOVIMIENTO AUTORIDADES INDIGENAS DE COLOMBIA AICO;10
SOCOTA;Partido Social De Unidad Nacional  Partido De La U;PARTIDO SOCIAL DE UNIDAD NACIONAL  PARTIDO DE LA U;10
SOCOTA;Felida Marin Mendivelso;MOVIMIENTO AUTORIDADES INDIGENAS DE COLOMBIA AICO;9
SOCOTA;Partido Cambio Radical;PARTIDO CAMBIO RADICAL;9
SOCOTA;Movimiento Alternativo Indigena Y Social Mais;MOVIMIENTO ALTERNATIVO INDIGENA Y SOCIAL MAIS;8
SOCOTA;Partido Alianza Social Independiente Asi;PARTIDO ALIANZA SOCIAL INDEPENDIENTE ASI;8
SOCOTA;Adelfa Cristiano Mendivelso;PARTIDO SOCIAL DE UNIDAD NACIONAL  PARTIDO DE LA U;7
SOCOTA;Elvia Rosa Ortiz Montoya;MOVIMIENTO ALTERNATIVO INDIGENA Y SOCIAL MAIS;7
SOCOTA;Pedro Ojeda Cruz;PARTIDO SOCIAL DE UNIDAD NACIONAL  PARTIDO DE LA U;7
SOCOTA;Jose Baudilio Benitez Nocobe;MOVIMIENTO AUTORIDADES INDIGENAS DE COLOMBIA AICO;6
SOCOTA;Saidy Yaneth Garcia Niño;PARTIDO COLOMBIA RENACIENTE;6
SOCOTA;Amparo Alexandra Velandia Carvajal;PARTIDO CENTRO DEMOCRATICO;5
SOCOTA;Luis Eduardo Goyeneche Porras;PARTIDO ALIANZA SOCIAL INDEPENDIENTE ASI;5
SOCOTA;Claudia Patricia Romero Mendivelso;PARTIDO SOCIAL DE UNIDAD NACIONAL  PARTIDO DE LA U;4
SOCOTA;Derlly Esperanza Niño Fernandez;PARTIDO COLOMBIA RENACIENTE;4
SOCOTA;Emigdio Quintero;PARTIDO COLOMBIA RENACIENTE;4
SOCOTA;Israel Uscategui Salcedo;MOVIMIENTO AUTORIDADES INDIGENAS DE COLOMBIA AICO;4
SOCOTA;Laura Andrea Eslava Uscategui;PARTIDO CAMBIO RADICAL;4
SOCOTA;Luis Francisco Reyes Niño;MOVIMIENTO AUTORIDADES INDIGENAS DE COLOMBIA AICO;4
SOCOTA;Monica Enith Gomez Contreras;MOVIMIENTO ALTERNATIVO INDIGENA Y SOCIAL MAIS;4
SOCOTA;Movimiento Autoridades Indigenas De Colombia Aico;MOVIMIENTO AUTORIDADES INDIGENAS DE COLOMBIA AICO;4
SOCOTA;Gloria Gladys Duran Rodriguez;PARTIDO ALIANZA VERDE;3
SOCOTA;Ivan Alberto Niño Duran;PARTIDO COLOMBIA RENACIENTE;3
SOCOTA;Martha Irene Diaz Lizarazo;PARTIDO COLOMBIA RENACIENTE;3
SOCOTA;Partido Colombia Renaciente;PARTIDO COLOMBIA RENACIENTE;2
SOCOTA;Efrain Perez Mendivelso;MOVIMIENTO AUTORIDADES INDIGENAS DE COLOMBIA AICO;1
SOCOTA;Luz Mary Niño Romero;MOVIMIENTO AUTORIDADES INDIGENAS DE COLOMBIA AICO;1
SOGAMOSO;Partido Colombia Justa Libres;PARTIDO COLOMBIA JUSTA LIBRES;1351
SOGAMOSO;Luz Stella Fernandez Chaparro;PARTIDO LIBERAL COLOMBIANO;1155
SOGAMOSO;Osbaldo De Jesus Pesca Sandoval;PARTIDO SOCIAL DE UNIDAD NACIONAL  PARTIDO DE LA U;1002
SOGAMOSO;Miguel Armando Araque Vargas;PARTIDO SOCIAL DE UNIDAD NACIONAL  PARTIDO DE LA U;893
SOGAMOSO;Carlos Alberto Porras Castro;PARTIDO SOCIAL DE UNIDAD NACIONAL  PARTIDO DE LA U;886
SOGAMOSO;Carol Vanessa Perez Rodriguez;PARTIDO CONSERVADOR COLOMBIANO;833
SOGAMOSO;Willian Rodrigo Palacios Alvarado;PARTIDO SOCIAL DE UNIDAD NACIONAL  PARTIDO DE LA U;792
SOGAMOSO;Marco Alirio Marquez Quintero;PARTIDO LIBERAL COLOMBIANO;741
SOGAMOSO;Julio Cesar Gonzalez Orjuela;PARTIDO ALIANZA VERDE;734
SOGAMOSO;Juan Pablo Parra Isaza;PARTIDO CAMBIO RADICAL;706
SOGAMOSO;Diego Fernando Fagua Torres;PARTIDO ALIANZA VERDE;703
SOGAMOSO;Luz Fany Zambrano Soraca;PARTIDO SOCIAL DE UNIDAD NACIONAL  PARTIDO DE LA U;684
SOGAMOSO;Edilberto Alvarez Avella;ACCION SOGAMOSO;643
SOGAMOSO;Helena Sofia Figueroa Cogollos;PARTIDO LIBERAL COLOMBIANO;630
SOGAMOSO;Sergio Sneider Benavides Florez;MOVIMIENTO ALTERNATIVO INDIGENA Y SOCIAL MAIS;603
SOGAMOSO;Alvaro Dario Becerra Salazar;PARTIDO LIBERAL COLOMBIANO;600
SOGAMOSO;Ricardo Andres Caro Guevara;PARTIDO LIBERAL COLOMBIANO;582
SOGAMOSO;John Javier Perez Pinto;PARTIDO LIBERAL COLOMBIANO;570
SOGAMOSO;Alfredo Diaz Gomez;ACCION SOGAMOSO;569
SOGAMOSO;Jose Anyelo Naranjo Amaya;PARTIDO CENTRO DEMOCRATICO;567
SOGAMOSO;Diana Carolina Estepa Estepa;PARTIDO ALIANZA VERDE;564
SOGAMOSO;Lady Stefanny Lemus Daza;PARTIDO ALIANZA VERDE;548
SOGAMOSO;Carlos Andres Bello Paez;PARTIDO ALIANZA SOCIAL INDEPENDIENTE ASI;532
SOGAMOSO;Juan Carlos Pedraza Arias;PARTIDO LIBERAL COLOMBIANO;526
SOGAMOSO;Alexander Merchan Cely;MOVIMIENTO ALTERNATIVO INDIGENA Y SOCIAL MAIS;518
SOGAMOSO;Allan Rene Forero Acevedo;PARTIDO CONSERVADOR COLOMBIANO;512
SOGAMOSO;Partido Alianza Verde;PARTIDO ALIANZA VERDE;510
SOGAMOSO;Karent Daniela Chaparro Cuervo;PARTIDO LIBERAL COLOMBIANO;509
SOGAMOSO;Gustavo Adolfo Avella Romero;PARTIDO CAMBIO RADICAL;508
SOGAMOSO;Jorge Eduardo Medina Guio;PARTIDO ALIANZA VERDE;504
SOGAMOSO;Hector Rodrigo Mora;PARTIDO CONSERVADOR COLOMBIANO;492
SOGAMOSO;Willian Orlando Silva Barrera;PARTIDO LIBERAL COLOMBIANO;490
SOGAMOSO;Edwin Barrera Sierra;PARTIDO CENTRO DEMOCRATICO;486
SOGAMOSO;Javier Alexander Guarin;PARTIDO ALIANZA SOCIAL INDEPENDIENTE ASI;476
SOGAMOSO;Omar Javier Medina Alfonso;MOVIMIENTO ALTERNATIVO INDIGENA Y SOCIAL MAIS;469
SOGAMOSO;Rodrigo Alonso Perez Orduz;PARTIDO CAMBIO RADICAL;456
SOGAMOSO;Jesus Maria Sanchez Moreno;PARTIDO COLOMBIA RENACIENTE;451
SOGAMOSO;Edgar Samuel Godoy Galvis;PARTIDO CAMBIO RADICAL;447
SOGAMOSO;Diego Norberto Perez Rodriguez;PARTIDO POLITICO  MIRA;442
SOGAMOSO;Jose Ubaldo Poveda Poveda;PARTIDO ALIANZA VERDE;440
SOGAMOSO;Diego Alexander Jimenez Espinel;PARTIDO ALIANZA VERDE;435
SOGAMOSO;Fidel Fabian Rengifo Niño;PARTIDO ALIANZA SOCIAL INDEPENDIENTE ASI;435
SOGAMOSO;Luis Miguel Florez Torres;PARTIDO COLOMBIA RENACIENTE;433
SOGAMOSO;John Jairo Rincon Preciado;PARTIDO COLOMBIA RENACIENTE;432
SOGAMOSO;Manolo Salamanca Perez;ACCION SOGAMOSO;429
SOGAMOSO;Miguel Rios Diaz;MOVIMIENTO ALTERNATIVO INDIGENA Y SOCIAL MAIS;428
SOGAMOSO;Jose Fernando Sanabria Quijano;MOVIMIENTO ALTERNATIVO INDIGENA Y SOCIAL MAIS;405
SOGAMOSO;Pedro Yahir Rodriguez Cardenas;PARTIDO CONSERVADOR COLOMBIANO;368
SOGAMOSO;Mery Piragua Perez;PARTIDO ALIANZA VERDE;365
SOGAMOSO;Rodolfo Cely Condia;PARTIDO CAMBIO RADICAL;365
SOGAMOSO;Alvaro Javier Aragon Guerra;PARTIDO ALIANZA VERDE;364
SOGAMOSO;Diana Carolina Nova Molano;PARTIDO ALIANZA VERDE;364
SOGAMOSO;Elkin Martin Gonzalez Corredor;MOVIMIENTO ALTERNATIVO INDIGENA Y SOCIAL MAIS;353
SOGAMOSO;Pedro Alarcon Fernandez;PARTIDO POLITICO  MIRA;351
SOGAMOSO;Samuel Fernando Perez Perez;ACCION SOGAMOSO;350
SOGAMOSO;Maria Rosalbina Hernandez Amezquita;PARTIDO ALIANZA SOCIAL INDEPENDIENTE ASI;347
SOGAMOSO;Raul Alfredo Bernal;MOVIMIENTO ALTERNATIVO INDIGENA Y SOCIAL MAIS;347
SOGAMOSO;Miguel Angel Salcedo Castro;PARTIDO ALIANZA SOCIAL INDEPENDIENTE ASI;342
SOGAMOSO;Victor Andres Viancha Falck;PARTIDO COLOMBIA RENACIENTE;338
SOGAMOSO;Gabriel Peña Baracaldo;PARTIDO ALIANZA SOCIAL INDEPENDIENTE ASI;328
SOGAMOSO;Maria Filomena Faracica Bayona;ACCION SOGAMOSO;325
SOGAMOSO;Juan Carlos Moreno Sierra;LISTA DE LOS DECENTES;324
SOGAMOSO;Julio Roberto Moreno Lopez;PARTIDO CONSERVADOR COLOMBIANO;318
SOGAMOSO;Gabriel Torres Alfonso;PARTIDO CAMBIO RADICAL;313
SOGAMOSO;Mateo Fernando Cardozo Mesa;PARTIDO SOCIAL DE UNIDAD NACIONAL  PARTIDO DE LA U;313
SOGAMOSO;Carlos Javier Chaparro Serrano;PARTIDO LIBERAL COLOMBIANO;312
SOGAMOSO;Rosalba Albarracin Fonseca;PARTIDO CONSERVADOR COLOMBIANO;302
SOGAMOSO;Sonia Elvira Marin Cabrera;LISTA DE LOS DECENTES;299
SOGAMOSO;Carlos Arturo Cardenas Rincon;PARTIDO COLOMBIA RENACIENTE;291
SOGAMOSO;Carlos Mauricio Rodriguez Bernal;PARTIDO COLOMBIA RENACIENTE;291
SOGAMOSO;Marlio Jahir Sierra Monroy;PARTIDO ALIANZA SOCIAL INDEPENDIENTE ASI;291
SOGAMOSO;Diego Giovanni Huertas Carrero;PARTIDO CAMBIO RADICAL;288
SOGAMOSO;Carlos Eduardo Gutierrez Ceron;PARTIDO ALIANZA VERDE;275
SOGAMOSO;Mauricio Diaz Lopez;PARTIDO CAMBIO RADICAL;275
SOGAMOSO;Estiv Ostin Merchan Medina;PARTIDO POLO DEMOCRATICO ALTERNATIVO;261
SOGAMOSO;Hernando Benavides Salcedo;PARTIDO CONSERVADOR COLOMBIANO;260
SOGAMOSO;Jaime Lopez Salgado;PARTIDO ALIANZA VERDE;258
SOGAMOSO;Christian David Barajas Gallo;PARTIDO CONSERVADOR COLOMBIANO;241
SOGAMOSO;Karen Ximena Villamarin Caro;PARTIDO ADA;239
SOGAMOSO;Luis Alberto Vega Rodriguez;PARTIDO ALIANZA SOCIAL INDEPENDIENTE ASI;236
SOGAMOSO;Jonathan Alexander Perez Lemus;MOVIMIENTO ALTERNATIVO INDIGENA Y SOCIAL MAIS;230
SOGAMOSO;Partido Liberal Colombiano;PARTIDO LIBERAL COLOMBIANO;227
SOGAMOSO;Heiner Yair Chaparro Lopez;PARTIDO ALIANZA SOCIAL INDEPENDIENTE ASI;226
SOGAMOSO;Santiago Alvarez Bonilla;ACCION SOGAMOSO;226
SOGAMOSO;Barbara Lucia Sanchez Barrera;MOVIMIENTO ALTERNATIVO INDIGENA Y SOCIAL MAIS;225
SOGAMOSO;Fabio Andres Perez Zambrano;PARTIDO CONSERVADOR COLOMBIANO;220
SOGAMOSO;Marieta Orduz Chaparro;PARTIDO COLOMBIA RENACIENTE;219
SOGAMOSO;Mireya Esperanza Moreno Sanchez;PARTIDO CONSERVADOR COLOMBIANO;219
SOGAMOSO;Willian Uriel Quiroga Sierra;LISTA DE LOS DECENTES;219
SOGAMOSO;Cristian David Camargo Choconta;PARTIDO ADA;217
SOGAMOSO;Henry Javier Rozo Barreto;MOVIMIENTO ALTERNATIVO INDIGENA Y SOCIAL MAIS;217
SOGAMOSO;Victor Manuel Vega Berdugo;PARTIDO LIBERAL COLOMBIANO;217
SOGAMOSO;Rafael Antonio Valderrama Parra;PARTIDO CENTRO DEMOCRATICO;214
SOGAMOSO;Carmen Rocio Lagos Mora;PARTIDO CENTRO DEMOCRATICO;213
SOGAMOSO;Rosalba Cardenas Ladino;PARTIDO ALIANZA VERDE;208
SOGAMOSO;Luis Adolfo Torres Salazar;PARTIDO POLO DEMOCRATICO ALTERNATIVO;203
SOGAMOSO;Luis Fredy Chaparro Mesa;PARTIDO CONSERVADOR COLOMBIANO;200
SOGAMOSO;Edilberto Antonio Chaparro Orozco;PARTIDO LIBERAL COLOMBIANO;193
SOGAMOSO;Carlos Alberto Rodriguez Nossa;MOVIMIENTO ALTERNATIVO INDIGENA Y SOCIAL MAIS;192
SOGAMOSO;William David Perez Suarez;PARTIDO SOCIAL DE UNIDAD NACIONAL  PARTIDO DE LA U;192
SOGAMOSO;Jose Wilier Guerrero Cetina;PARTIDO ALIANZA VERDE;191
SOGAMOSO;Hernan Dario Duarte Hernandez;PARTIDO CONSERVADOR COLOMBIANO;187
SOGAMOSO;Luis Eduardo Suarez Norato;PARTIDO CENTRO DEMOCRATICO;187
SOGAMOSO;Alex Gabriel Morales Vargas;PARTIDO ADA;186
SOGAMOSO;Mauricio German Pulido Africano;PARTIDO CAMBIO RADICAL;185
SOGAMOSO;Camila Eugenia Niño Rodriguez;LISTA DE LOS DECENTES;182
SOGAMOSO;Adriana Maria Russi Suarez;PARTIDO CENTRO DEMOCRATICO;180
SOGAMOSO;Jhon Fredy Castellanos Martinez;ACCION SOGAMOSO;179
SOGAMOSO;Luis Alejandro Gonzalez Zambrano;ACCION SOGAMOSO;177
SOGAMOSO;Sofia Esperanza Chaparro Bonilla;PARTIDO CAMBIO RADICAL;175
SOGAMOSO;Diego Alexander Perez Sanabria;MOVIMIENTO ALTERNATIVO INDIGENA Y SOCIAL MAIS;174
SOGAMOSO;Nelson Hernan Gonzalez Sipamocha;LISTA DE LOS DECENTES;173
SOGAMOSO;Juan Carlos Pinto Rincon;PARTIDO ALIANZA VERDE;170
SOGAMOSO;Natalia Reyes Hernandez;ACCION SOGAMOSO;169
SOGAMOSO;Diego Mauricio Rodriguez Moreno;LISTA DE LOS DECENTES;163
SOGAMOSO;Eliana Azucena Pinzon Parra;PARTIDO CONSERVADOR COLOMBIANO;163
SOGAMOSO;Jose Gregorio Ortega Rojas;ACCION SOGAMOSO;163
SOGAMOSO;Camilo Andres Quiroga Mesa;PARTIDO ALIANZA SOCIAL INDEPENDIENTE ASI;160
SOGAMOSO;Movimiento Alternativo Indigena Y Social Mais;MOVIMIENTO ALTERNATIVO INDIGENA Y SOCIAL MAIS;159
SOGAMOSO;Marco Binicio Buitrago Tovar;PARTIDO COLOMBIA RENACIENTE;156
SOGAMOSO;Bryam Stev Cortazar Ortiz;PARTIDO ALIANZA SOCIAL INDEPENDIENTE ASI;154
SOGAMOSO;Helman Arley Castillo Peña;PARTIDO CONSERVADOR COLOMBIANO;153
SOGAMOSO;Andrea Marcela Soto Barbosa;PARTIDO CONSERVADOR COLOMBIANO;151
SOGAMOSO;Edwin Geovanny Zorro Niño;LISTA DE LOS DECENTES;146
SOGAMOSO;Juan Pablo Saenz Fonca;PARTIDO CENTRO DEMOCRATICO;146
SOGAMOSO;Raul Hector Lara Ojeda;PARTIDO LIBERAL COLOMBIANO;146
SOGAMOSO;Hector Julio Garcia Orduz;PARTIDO CONSERVADOR COLOMBIANO;145
SOGAMOSO;Diznarda Shaira Garcia Ronderos;ACCION SOGAMOSO;144
SOGAMOSO;Partido Social De Unidad Nacional  Partido De La U;PARTIDO SOCIAL DE UNIDAD NACIONAL  PARTIDO DE LA U;141
SOGAMOSO;Nancy Patricia Chaparro Alarcon;ACCION SOGAMOSO;139
SOGAMOSO;Daniela Alexandra Rincon Rincon;MOVIMIENTO ALTERNATIVO INDIGENA Y SOCIAL MAIS;138
SOGAMOSO;Diego Armando Chaparro Macias;ACCION SOGAMOSO;137
SOGAMOSO;Karol Viviana Diaz Gomez;PARTIDO SOCIAL DE UNIDAD NACIONAL  PARTIDO DE LA U;136
SOGAMOSO;Jessica Viviana Aguirre Leguizamon;PARTIDO COLOMBIA RENACIENTE;133
SOGAMOSO;Henry Amezquita Perez;PARTIDO CAMBIO RADICAL;132
SOGAMOSO;Partido Cambio Radical;PARTIDO CAMBIO RADICAL;132
SOGAMOSO;Jaime Arturo Peña Sanchez;LISTA DE LOS DECENTES;131
SOGAMOSO;Partido Centro Democratico;PARTIDO CENTRO DEMOCRATICO;130
SOGAMOSO;Edwin Alirio Chaparro Higuera;PARTIDO ALIANZA VERDE;127
SOGAMOSO;Partido Alianza Social Independiente Asi;PARTIDO ALIANZA SOCIAL INDEPENDIENTE ASI;124
SOGAMOSO;Eliana Consuelo Medina Gutierrez;MOVIMIENTO ALTERNATIVO INDIGENA Y SOCIAL MAIS;120
SOGAMOSO;Maria Alexandra Contreras Pulido;PARTIDO COLOMBIA RENACIENTE;120
SOGAMOSO;Heiner Fabian Peña Alarcon;PARTIDO COLOMBIA RENACIENTE;119
SOGAMOSO;Oscar Leonardo Condia Corredor;PARTIDO SOCIAL DE UNIDAD NACIONAL  PARTIDO DE LA U;115
SOGAMOSO;Georgeth Gomez Herrera;PARTIDO POLO DEMOCRATICO ALTERNATIVO;114
SOGAMOSO;Lista De Los Decentes;LISTA DE LOS DECENTES;114
SOGAMOSO;Maria Yamile Rolon Manrique;PARTIDO SOCIAL DE UNIDAD NACIONAL  PARTIDO DE LA U;113
SOGAMOSO;Henrry Giovanny Lopez Rivas;PARTIDO CENTRO DEMOCRATICO;112
SOGAMOSO;Ivan Alberto Salamanca Aponte;PARTIDO CENTRO DEMOCRATICO;112
SOGAMOSO;Lina Marcela Orduz Chaparro;LISTA DE LOS DECENTES;110
SOGAMOSO;Luz Amanda Montaña Bello;PARTIDO POLITICO  MIRA;110
SOGAMOSO;Jorge Armando Angel Rodriguez;LISTA DE LOS DECENTES;108
SOGAMOSO;Carlos Arturo Lizarazo Goyeneche;PARTIDO CAMBIO RADICAL;107
SOGAMOSO;Juan Carlos Perez Niño;PARTIDO POLO DEMOCRATICO ALTERNATIVO;106
SOGAMOSO;Carmen Rosa Ramirez Barrera;PARTIDO SOCIAL DE UNIDAD NACIONAL  PARTIDO DE LA U;105
SOGAMOSO;Alvaro Pineda Verdugo;PARTIDO ALIANZA SOCIAL INDEPENDIENTE ASI;102
SOGAMOSO;Juan Carlos Cubides Medina;PARTIDO SOCIAL DE UNIDAD NACIONAL  PARTIDO DE LA U;101
SOGAMOSO;Wilson Yecid Chaparro Gaitan;PARTIDO CENTRO DEMOCRATICO;100
SOGAMOSO;Sandra Lucia Fandiño Cardenas;PARTIDO CENTRO DEMOCRATICO;98
SOGAMOSO;Willian Sanchez Lizarazo;PARTIDO CENTRO DEMOCRATICO;98
SOGAMOSO;Willian Andres Reina Torres;PARTIDO SOCIAL DE UNIDAD NACIONAL  PARTIDO DE LA U;96
SOGAMOSO;German Roldan Torres;PARTIDO ADA;92
SOGAMOSO;Jeovanny Palacios Peña;PARTIDO POLO DEMOCRATICO ALTERNATIVO;92
SOGAMOSO;Douglas Joaquin Donoso Orozco;PARTIDO ADA;91
SOGAMOSO;Blanca Nelly Nore De Medina;PARTIDO POLITICO  MIRA;90
SOGAMOSO;Willian Alexander Mora Menjura;PARTIDO POLO DEMOCRATICO ALTERNATIVO;90
SOGAMOSO;German Rincon Herrera;ACCION SOGAMOSO;88
SOGAMOSO;Hector Miguel Ramirez Sanchez;PARTIDO POLO DEMOCRATICO ALTERNATIVO;88
SOGAMOSO;Partido Conservador Colombiano;PARTIDO CONSERVADOR COLOMBIANO;88
SOGAMOSO;Angie Lorena Rojas Murillo;PARTIDO CAMBIO RADICAL;87
SOGAMOSO;Sonia Beatriz Quintero Rodriguez;PARTIDO ALIANZA VERDE;86
SOGAMOSO;Martha Yaneth Sanchez Medina;PARTIDO ALIANZA SOCIAL INDEPENDIENTE ASI;84
SOGAMOSO;Partido Colombia Renaciente;PARTIDO COLOMBIA RENACIENTE;84
SOGAMOSO;Milena Eliceth Bonilla Perez;PARTIDO ALIANZA SOCIAL INDEPENDIENTE ASI;83
SOGAMOSO;Accion Sogamoso;ACCION SOGAMOSO;82
SOGAMOSO;Angelica Patricia Amaya Arias;PARTIDO CENTRO DEMOCRATICO;81
SOGAMOSO;Luz Mariela Herrera Acevedo;PARTIDO ALIANZA SOCIAL INDEPENDIENTE ASI;81
SOGAMOSO;Marco Aurelio Rincon Peña;PARTIDO LIBERAL COLOMBIANO;81
SOGAMOSO;Partido Polo Democratico Alternativo;PARTIDO POLO DEMOCRATICO ALTERNATIVO;80
SOGAMOSO;Luis Humberto Rivera Toro;PARTIDO ADA;78
SOGAMOSO;Gladis Cecilia Quemba Plazas;PARTIDO ADA;77
SOGAMOSO;Harold Fernando Chaparro Maldonado;PARTIDO SOCIAL DE UNIDAD NACIONAL  PARTIDO DE LA U;74
SOGAMOSO;Carmen Rosa Gonzalez Salamanca;ACCION SOGAMOSO;72
SOGAMOSO;Maria Leonor Acuña Burgos;PARTIDO ALIANZA SOCIAL INDEPENDIENTE ASI;72
SOGAMOSO;Blanca Nubia Rosas Barrera;PARTIDO POLITICO  MIRA;67
SOGAMOSO;Nydia Milena Piragauta Ojeda;PARTIDO SOCIAL DE UNIDAD NACIONAL  PARTIDO DE LA U;66
SOGAMOSO;Fernando Alberto Armirola Cabra;PARTIDO COLOMBIA RENACIENTE;62
SOGAMOSO;Martha Consuelo Avella Africano;PARTIDO LIBERAL COLOMBIANO;62
SOGAMOSO;Gabriel Alexander Garcia Muñoz;PARTIDO COLOMBIA RENACIENTE;61
SOGAMOSO;Sandra Carolina Piragauta;MOVIMIENTO ALTERNATIVO INDIGENA Y SOCIAL MAIS;59
SOGAMOSO;Luz Stella Diaz Vanegas;PARTIDO ADA;58
SOGAMOSO;Richar Stid Penagos;PARTIDO POLO DEMOCRATICO ALTERNATIVO;57
SOGAMOSO;Carmen Maritza Vera Contreras;PARTIDO LIBERAL COLOMBIANO;56
SOGAMOSO;Dalila Lucrecia Botia Molano;PARTIDO CAMBIO RADICAL;56
SOGAMOSO;Jhon Jairo Cely;PARTIDO COLOMBIA RENACIENTE;56
SOGAMOSO;Gonzalo Chaparro Mongui;LISTA DE LOS DECENTES;51
SOGAMOSO;Yuly Marieth Gallo Corredor;PARTIDO CAMBIO RADICAL;48
SOGAMOSO;Yurid Yohana Cisneros Barreto;PARTIDO SOCIAL DE UNIDAD NACIONAL  PARTIDO DE LA U;47
SOGAMOSO;Ana Lucia Diaz Rincon;PARTIDO CENTRO DEMOCRATICO;46
SOGAMOSO;Cristina Curcho Duran;ACCION SOGAMOSO;46
SOGAMOSO;Ligia Mercedes Suarez;PARTIDO POLO DEMOCRATICO ALTERNATIVO;46
SOGAMOSO;Partido Politico  Mira;PARTIDO POLITICO  MIRA;45
SOGAMOSO;Jhon Alejandro Caicedo Gonzalez;PARTIDO POLO DEMOCRATICO ALTERNATIVO;44
SOGAMOSO;Wilson Sierra Berrio;PARTIDO ADA;44
SOGAMOSO;Yecith Armando Leon Albarracin;PARTIDO ADA;43
SOGAMOSO;Andrea Marcela Fuentes Herrera;PARTIDO CAMBIO RADICAL;39
SOGAMOSO;Melquicedec Ascencio Uscategui Barrera;LISTA DE LOS DECENTES;39
SOGAMOSO;Olga Lucia Sarmiento Figueredo;LISTA DE LOS DECENTES;39
SOGAMOSO;Carlos Alirio Diaz Diaz;LISTA DE LOS DECENTES;38
SOGAMOSO;Claudia Liliana Gutierrez Barrera;MOVIMIENTO ALTERNATIVO INDIGENA Y SOCIAL MAIS;36
SOGAMOSO;Nancy Yanira Morales Rodriguez;PARTIDO CENTRO DEMOCRATICO;36
SOGAMOSO;Lizeth Sanabria Gutierrez;PARTIDO ALIANZA SOCIAL INDEPENDIENTE ASI;35
SOGAMOSO;Liliana Patricia Rincon;PARTIDO COLOMBIA RENACIENTE;34
SOGAMOSO;Maria Susana Africano Espinel;LISTA DE LOS DECENTES;34
SOGAMOSO;Edgar Vargas Hernandez;PARTIDO ADA;30
SOGAMOSO;Henry Ramirez Garcia;PARTIDO CENTRO DEMOCRATICO;30
SOGAMOSO;Juanita Andrea Ramirez Moreno;PARTIDO SOCIAL DE UNIDAD NACIONAL  PARTIDO DE LA U;30
SOGAMOSO;Yenny Fabiola Moreno Carreño;PARTIDO LIBERAL COLOMBIANO;30
SOGAMOSO;Liliana Mercedes Hernandez Perez;PARTIDO COLOMBIA RENACIENTE;29
SOGAMOSO;Raquel Angelica Sanchez Amado;PARTIDO POLO DEMOCRATICO ALTERNATIVO;27
SOGAMOSO;William Rene Boada Rodriguez;ACCION SOGAMOSO;27
SOGAMOSO;Maria Elena Fuentes Corredor;PARTIDO CAMBIO RADICAL;26
SOGAMOSO;Partido Ada;PARTIDO ADA;25
SOGAMOSO;Jenny Lucero Walker Ricaurte;PARTIDO COLOMBIA RENACIENTE;22
SOGAMOSO;Luz Angela Cabra Villarraga;MOVIMIENTO ALTERNATIVO INDIGENA Y SOCIAL MAIS;22
SOGAMOSO;Diana Lucia Camargo Monroy;PARTIDO CONSERVADOR COLOMBIANO;21
SOGAMOSO;Juan Carlos Saavedra Pinto;PARTIDO POLO DEMOCRATICO ALTERNATIVO;21
SOGAMOSO;Luz Marina Molina Vela;PARTIDO POLO DEMOCRATICO ALTERNATIVO;19
SOGAMOSO;Linda Milena Jimenez Blanco;PARTIDO ADA;18
SOGAMOSO;Jairo Euclides Hernandez Cruz;PARTIDO ADA;16
SOGAMOSO;Nini Tatiana Lozano Muñoz;PARTIDO ADA;12
SOGAMOSO;Henrry Hexeomo Chaparro Perez;PARTIDO POLO DEMOCRATICO ALTERNATIVO;11
SOGAMOSO;Elkin Eduardo Jimenez Hernandez;PARTIDO POLO DEMOCRATICO ALTERNATIVO;8
SOGAMOSO;Paula Dayana Perez Perez;PARTIDO POLO DEMOCRATICO ALTERNATIVO;8
SOGAMOSO;Sandra Patricia Patiño Perez;PARTIDO POLO DEMOCRATICO ALTERNATIVO;7
SOGAMOSO;Fabian Arcadio Carrero Saenz;PARTIDO ADA;4
SOGAMOSO;Maria Teresa Garcia Gil;PARTIDO ADA;3
SOMONDOCO;Flor Andrea Vaca Salinas;PARTIDO ALIANZA VERDE;164
SOMONDOCO;Fredy Alberto Vaca Ramirez;PARTIDO ALIANZA VERDE;149
SOMONDOCO;Milton Oswaldo Gordillo Carranza;PARTIDO CAMBIO RADICAL;148
SOMONDOCO;Marinela Acosta Alvarado;PARTIDO ALIANZA VERDE;120
SOMONDOCO;Ana Cruz Bohorquez Gamez;PARTIDO CAMBIO RADICAL;95
SOMONDOCO;Nelly Yaneth Sanchez Salinas;PARTIDO CAMBIO RADICAL;92
SOMONDOCO;Julio Alberto Novoa Ruiz;PARTIDO CONSERVADOR COLOMBIANO;90
SOMONDOCO;Luis Alderson Gutierrez Bohorquez;PARTIDO CONSERVADOR COLOMBIANO;90
SOMONDOCO;Francy Lorena Cano Vacca;PARTIDO CONSERVADOR COLOMBIANO;86
SOMONDOCO;Wilson Ernesto Gutierrez Novoa;PARTIDO ALIANZA VERDE;81
SOMONDOCO;Alonso Javier Aragon Bohorquez;PARTIDO CAMBIO RADICAL;62
SOMONDOCO;Fabio Eliecer Perilla Lopez;PARTIDO ALIANZA VERDE;58
SOMONDOCO;Raul Antonio Bohorquez Alfonso;PARTIDO CENTRO DEMOCRATICO;49
SOMONDOCO;Wilmer David Buitrago Garzon;PARTIDO COLOMBIA RENACIENTE;46
SOMONDOCO;Heliodoro Novoa Torres;PARTIDO CAMBIO RADICAL;45
SOMONDOCO;Maria Paula Alvarado Aragon;MOVIMIENTO ALTERNATIVO INDIGENA Y SOCIAL MAIS;44
SOMONDOCO;Miriam Barbara Bohorquez Alfonso;PARTIDO CAMBIO RADICAL;42
SOMONDOCO;Wilson Baudilio Vacca;PARTIDO COLOMBIA RENACIENTE;42
SOMONDOCO;Nixon Armando Barrera Montenegro;PARTIDO CENTRO DEMOCRATICO;36
SOMONDOCO;Bolivar Maldonado Ponton;PARTIDO CONSERVADOR COLOMBIANO;34
SOMONDOCO;Geremias Novoa Ruiz;PARTIDO CAMBIO RADICAL;33
SOMONDOCO;Bertulfo Piñeros Gonzalez;PARTIDO CONSERVADOR COLOMBIANO;31
SOMONDOCO;Arturo Urueña Galindo;PARTIDO CENTRO DEMOCRATICO;30
SOMONDOCO;Partido Alianza Verde;PARTIDO ALIANZA VERDE;27
SOMONDOCO;Flor Maria Montenegro Fernandez;PARTIDO CONSERVADOR COLOMBIANO;21
SOMONDOCO;Ana Milena Castañeda Barrera;PARTIDO ALIANZA VERDE;19
SOMONDOCO;Elkin Fabian Ortega Sanchez;PARTIDO ALIANZA VERDE;15
SOMONDOCO;Andres Fernando Salinas Lopez;PARTIDO COLOMBIA RENACIENTE;13
SOMONDOCO;Partido Cambio Radical;PARTIDO CAMBIO RADICAL;13
SOMONDOCO;Ana Yobeyi Daza Lopez;PARTIDO COLOMBIA RENACIENTE;12
SOMONDOCO;Martha Elvia Salinas Morales;MOVIMIENTO ALTERNATIVO INDIGENA Y SOCIAL MAIS;11
SOMONDOCO;Wendy Stephanie Ramirez Acero;PARTIDO CONSERVADOR COLOMBIANO;11
SOMONDOCO;Evelio Capera;PARTIDO CENTRO DEMOCRATICO;10
SOMONDOCO;Leydi Alejandra Duran Ruiz;PARTIDO COLOMBIA RENACIENTE;9
SOMONDOCO;Luz Alcira Vallejo Perilla;PARTIDO COLOMBIA RENACIENTE;9
SOMONDOCO;Omar Ernesto Salinas Novoa;MOVIMIENTO ALTERNATIVO INDIGENA Y SOCIAL MAIS;8
SOMONDOCO;Sandra Yaqueline Bohorquez Diaz;PARTIDO CENTRO DEMOCRATICO;8
SOMONDOCO;Blanca Dilma Garzon De Cuesta;PARTIDO CENTRO DEMOCRATICO;7
SOMONDOCO;Partido Centro Democratico;PARTIDO CENTRO DEMOCRATICO;7
SOMONDOCO;Enith Yamyle Moreno Vacca;PARTIDO CENTRO DEMOCRATICO;6
SOMONDOCO;Jose Andres Bohorquez;MOVIMIENTO ALTERNATIVO INDIGENA Y SOCIAL MAIS;5
SOMONDOCO;Partido Colombia Renaciente;PARTIDO COLOMBIA RENACIENTE;5
SOMONDOCO;Juan Jose Lopez Diaz;PARTIDO COLOMBIA RENACIENTE;4
SOMONDOCO;Partido Conservador Colombiano;PARTIDO CONSERVADOR COLOMBIANO;4
SOMONDOCO;Jose Orlando Salinas Castañeda;MOVIMIENTO ALTERNATIVO INDIGENA Y SOCIAL MAIS;3
SOMONDOCO;Sara Josefa Vacca Perilla;MOVIMIENTO ALTERNATIVO INDIGENA Y SOCIAL MAIS;3
SOMONDOCO;Movimiento Alternativo Indigena Y Social Mais;MOVIMIENTO ALTERNATIVO INDIGENA Y SOCIAL MAIS;2
SOMONDOCO;Camilo Andres Bermeo Fajardo;MOVIMIENTO ALTERNATIVO INDIGENA Y SOCIAL MAIS;1
SORA;Diego Favian Acosta Benitez;PARTIDO ALIANZA SOCIAL INDEPENDIENTE ASI;141
SORA;Jorge Gilberto Castellanos Capacho;PARTIDO CENTRO DEMOCRATICO;138
SORA;Omar Dario Suarez Duran;PARTIDO SOCIAL DE UNIDAD NACIONAL  PARTIDO DE LA U;123
SORA;Andres Ospina Camino;MOVIMIENTO ALTERNATIVO INDIGENA Y SOCIAL MAIS;117
SORA;Angel Yesid Rubio Pineda;PARTIDO SOCIAL DE UNIDAD NACIONAL  PARTIDO DE LA U;111
SORA;Juan Pablo Forero Espitia;PARTIDO SOCIAL DE UNIDAD NACIONAL  PARTIDO DE LA U;105
SORA;Alvaro Javier Otero Reyes;MOVIMIENTO ALTERNATIVO INDIGENA Y SOCIAL MAIS;94
SORA;Laura Patricia Vaca Luis;PARTIDO ALIANZA VERDE;93
SORA;Yonh Orlando Roberto Rubio;PARTIDO LIBERAL COLOMBIANO;91
SORA;Elber Pineda Pineda;PARTIDO LIBERAL COLOMBIANO;86
SORA;Yenso Cardenas Mozo;PARTIDO ALIANZA SOCIAL INDEPENDIENTE ASI;80
SORA;Eliana Marcela Rivera Espitia;PARTIDO LIBERAL COLOMBIANO;70
SORA;Nelson Suarez Pineda;PARTIDO CAMBIO RADICAL;64
SORA;Ana Milena Sierra Roberto;PARTIDO ALIANZA VERDE;63
SORA;Diego Alberto Espitia Pineda;PARTIDO LIBERAL COLOMBIANO;63
SORA;Gabriel Suarez Sierra;PARTIDO ALIANZA VERDE;63
SORA;Maria Elena Reyes Pineda;PARTIDO ALIANZA SOCIAL INDEPENDIENTE ASI;61
SORA;Flor Eloisa Pineda Molina;PARTIDO SOCIAL DE UNIDAD NACIONAL  PARTIDO DE LA U;56
SORA;Jose Santiago Roberto;PARTIDO ALIANZA VERDE;55
SORA;Luis Alfonso Delgado Tellez;PARTIDO ALIANZA VERDE;54
SORA;Sergio Fernando Silva Bautista;PARTIDO CAMBIO RADICAL;49
SORA;Pedro Jose Suarez Lopez;PARTIDO CENTRO DEMOCRATICO;45
SORA;Liliana Edith Prieto Cetina;PARTIDO CENTRO DEMOCRATICO;37
SORA;Yuber Erney Suarez Barajas;PARTIDO ALIANZA SOCIAL INDEPENDIENTE ASI;35
SORA;Juan Pablo Herrera Sierra;PARTIDO SOCIAL DE UNIDAD NACIONAL  PARTIDO DE LA U;33
SORA;Angel Yesid Cardenas Lopez;MOVIMIENTO ALTERNATIVO INDIGENA Y SOCIAL MAIS;30
SORA;Nubia Suarez Suarez;PARTIDO CAMBIO RADICAL;30
SORA;Luis Fernando Barajas Roberto;MOVIMIENTO ALTERNATIVO INDIGENA Y SOCIAL MAIS;29
SORA;Carlos Humberto Largo Lopez;PARTIDO CENTRO DEMOCRATICO;24
SORA;Yelsi Carolina Suarez Rondon;PARTIDO LIBERAL COLOMBIANO;23
SORA;Jose Vicente Rodriguez;PARTIDO CAMBIO RADICAL;22
SORA;Edhit Amanda Borda Roberto;PARTIDO ALIANZA VERDE;21
SORA;Hector Ricardo Suarez Rojas;PARTIDO LIBERAL COLOMBIANO;21
SORA;Dibian Gerardo Suarez Guacheta;PARTIDO CAMBIO RADICAL;18
SORA;Claudia Patricia Pineda Molina;PARTIDO ALIANZA SOCIAL INDEPENDIENTE ASI;17
SORA;Jose Adolfo Torres Muñoz;PARTIDO ALIANZA VERDE;13
SORA;Partido Alianza Verde;PARTIDO ALIANZA VERDE;13
SORA;Emilse Suarez Rubio;PARTIDO CENTRO DEMOCRATICO;11
SORA;Ligia Marcela Castellanos Luis;MOVIMIENTO ALTERNATIVO INDIGENA Y SOCIAL MAIS;11
SORA;Jorge Enrique Acosta Raba;PARTIDO CENTRO DEMOCRATICO;10
SORA;Diana Milena Espitia Rojas;PARTIDO ALIANZA SOCIAL INDEPENDIENTE ASI;9
SORA;Partido Alianza Social Independiente Asi;PARTIDO ALIANZA SOCIAL INDEPENDIENTE ASI;9
SORA;Saula Felix Forero Cadena;PARTIDO SOCIAL DE UNIDAD NACIONAL  PARTIDO DE LA U;9
SORA;Yanet Duran Suarez;PARTIDO CENTRO DEMOCRATICO;9
SORA;Yeimy Liliana Garcia Colmenares;PARTIDO CAMBIO RADICAL;9
SORA;Partido Liberal Colombiano;PARTIDO LIBERAL COLOMBIANO;8
SORA;Movimiento Alternativo Indigena Y Social Mais;MOVIMIENTO ALTERNATIVO INDIGENA Y SOCIAL MAIS;6
SORA;Jhonathan Elias Acosta Parra;PARTIDO ALIANZA SOCIAL INDEPENDIENTE ASI;5
SORA;Partido Centro Democratico;PARTIDO CENTRO DEMOCRATICO;5
SORA;Milena Yasmin Suarez Rivera;MOVIMIENTO ALTERNATIVO INDIGENA Y SOCIAL MAIS;4
SORA;Partido Social De Unidad Nacional  Partido De La U;PARTIDO SOCIAL DE UNIDAD NACIONAL  PARTIDO DE LA U;3
SORA;Partido Cambio Radical;PARTIDO CAMBIO RADICAL;2
SORACA;Nubia Quemba Castro;PARTIDO CENTRO DEMOCRATICO;226
SORACA;Imelda Lopez Medina;PARTIDO SOCIAL DE UNIDAD NACIONAL  PARTIDO DE LA U;201
SORACA;Jose Manuel Vargas Bernal;MOVIMIENTO ALTERNATIVO INDIGENA Y SOCIAL MAIS;187
SORACA;Nilson Valentin Yanquen;PARTIDO CENTRO DEMOCRATICO;172
SORACA;Andrey Antonio Medina Cruz;MOVIMIENTO ALTERNATIVO INDIGENA Y SOCIAL MAIS;165
SORACA;Rodrigo Castelblanco Huertas;PARTIDO CONSERVADOR COLOMBIANO;163
SORACA;Maria Cecilia Hernandez Hernandez;PARTIDO CONSERVADOR COLOMBIANO;159
SORACA;Alonso Bernal Huertas;PARTIDO LIBERAL COLOMBIANO;154
SORACA;Jaime Benito Paipa Lancheros;MOVIMIENTO ALTERNATIVO INDIGENA Y SOCIAL MAIS;139
SORACA;Wilson Leon Medina;PARTIDO CONSERVADOR COLOMBIANO;131
SORACA;Jose Saul Perez Yanquen;PARTIDO ALIANZA VERDE;117
SORACA;Hector Orlando Acuña Lara;MOVIMIENTO ALTERNATIVO INDIGENA Y SOCIAL MAIS;111
SORACA;Alfonso Medina Medina;PARTIDO SOCIAL DE UNIDAD NACIONAL  PARTIDO DE LA U;110
SORACA;Nestor Camilo Quemba Arias;PARTIDO CAMBIO RADICAL;99
SORACA;Jose Eduardo Paipa Leon;PARTIDO CONSERVADOR COLOMBIANO;98
SORACA;Luis Alfredo Guzman Primiciero;PARTIDO CONSERVADOR COLOMBIANO;97
SORACA;Julian David Gonzalez Avila;MOVIMIENTO ALTERNATIVO INDIGENA Y SOCIAL MAIS;96
SORACA;Jose Laurentino Amaya Pira;PARTIDO SOCIAL DE UNIDAD NACIONAL  PARTIDO DE LA U;93
SORACA;Diana Maritza Yanquen Montaña;PARTIDO LIBERAL COLOMBIANO;92
SORACA;Ovidio Ortega Moreno;PARTIDO SOCIAL DE UNIDAD NACIONAL  PARTIDO DE LA U;87
SORACA;Jose Alcidez Hernandez Velandia;PARTIDO ALIANZA VERDE;83
SORACA;Paola Yeraldin Huertas Castelblanco;PARTIDO ALIANZA VERDE;82
SORACA;Edilberto Sosa Paipa;MOVIMIENTO ALTERNATIVO INDIGENA Y SOCIAL MAIS;80
SORACA;Jerman Nova Leon;PARTIDO SOCIAL DE UNIDAD NACIONAL  PARTIDO DE LA U;76
SORACA;Jenny Johana Urian Quintero;PARTIDO ALIANZA VERDE;75
SORACA;Jose Pacifico Pineda Hernandez;PARTIDO ALIANZA VERDE;75
SORACA;Yudy Andrea Fuquen Urian;PARTIDO ALIANZA VERDE;72
SORACA;Omar Eduardo Tibata Lopez;PARTIDO ALIANZA VERDE;71
SORACA;Pedro Jose Auzaque Baron;PARTIDO CONSERVADOR COLOMBIANO;67
SORACA;Maria Del Pilar Guerrero Bautista;PARTIDO ALIANZA VERDE;62
SORACA;Sonia Milena Hernandez Arias;PARTIDO CAMBIO RADICAL;56
SORACA;Edison Benigno Moreno Pulido;PARTIDO LIBERAL COLOMBIANO;53
SORACA;Doris Rocio Vega Gonzalez;PARTIDO SOCIAL DE UNIDAD NACIONAL  PARTIDO DE LA U;52
SORACA;Belman Dario Yanquen Funeme;PARTIDO LIBERAL COLOMBIANO;49
SORACA;Cesar Augusto Rojas Suesca;PARTIDO CAMBIO RADICAL;48
SORACA;Elizabeht Cruz Raquira;PARTIDO CENTRO DEMOCRATICO;47
SORACA;Maria Del Carmen Duran Ferrucho;PARTIDO CONSERVADOR COLOMBIANO;46
SORACA;Fabio Nelson Tibagan Fuquen;PARTIDO SOCIAL DE UNIDAD NACIONAL  PARTIDO DE LA U;43
SORACA;Martha Lucia Torres Muñoz;PARTIDO LIBERAL COLOMBIANO;42
SORACA;Yeny Marcela Paipa Lopez;PARTIDO CONSERVADOR COLOMBIANO;42
SORACA;Alfonso Gonzalez Ramirez;PARTIDO LIBERAL COLOMBIANO;39
SORACA;Erika Tatiana Yanquen Urian;PARTIDO LIBERAL COLOMBIANO;37
SORACA;Jorge Arvey Jimenez Ruiz;PARTIDO CAMBIO RADICAL;36
SORACA;Jose Fabio Espitia Aguilar;PARTIDO CONSERVADOR COLOMBIANO;36
SORACA;Diana Patricia Niño Suarez;PARTIDO LIBERAL COLOMBIANO;35
SORACA;Yuli Marley Pacazuca Bautizta;PARTIDO CENTRO DEMOCRATICO;35
SORACA;Maria Cristina Urian Gonzalez;PARTIDO ALIANZA VERDE;34
SORACA;Alexander Espitia Reyes;PARTIDO CAMBIO RADICAL;33
SORACA;Ana Sofia Ayala Amaya;MOVIMIENTO ALTERNATIVO INDIGENA Y SOCIAL MAIS;30
SORACA;Berseli Sosa Medina;PARTIDO CENTRO DEMOCRATICO;30
SORACA;Wilinton Raquira Neva;PARTIDO CAMBIO RADICAL;23
SORACA;Partido Alianza Verde;PARTIDO ALIANZA VERDE;21
SORACA;Lina Patricia Gonzalez Bernal;PARTIDO CENTRO DEMOCRATICO;20
SORACA;Partido Social De Unidad Nacional  Partido De La U;PARTIDO SOCIAL DE UNIDAD NACIONAL  PARTIDO DE LA U;19
SORACA;Camila Andrea Mozo Gallo;MOVIMIENTO ALTERNATIVO INDIGENA Y SOCIAL MAIS;14
SORACA;Movimiento Alternativo Indigena Y Social Mais;MOVIMIENTO ALTERNATIVO INDIGENA Y SOCIAL MAIS;14
SORACA;Maria Amparo Vargas Bernal;PARTIDO CAMBIO RADICAL;13
SORACA;Maria Elvira Martinez Raquira;PARTIDO CAMBIO RADICAL;12
SORACA;Partido Cambio Radical;PARTIDO CAMBIO RADICAL;11
SORACA;Partido Conservador Colombiano;PARTIDO CONSERVADOR COLOMBIANO;10
SORACA;Noe Yanquen Gonzalez;PARTIDO CENTRO DEMOCRATICO;6
SORACA;Partido Liberal Colombiano;PARTIDO LIBERAL COLOMBIANO;6
SORACA;Teresa De Jesus Castelblanco Huertas;PARTIDO SOCIAL DE UNIDAD NACIONAL  PARTIDO DE LA U;6
SORACA;Alfonso Martinez Urian;PARTIDO CENTRO DEMOCRATICO;5
SORACA;Partido Centro Democratico;PARTIDO CENTRO DEMOCRATICO;4
SORACA;Angela Liliana Medina Medina;MOVIMIENTO ALTERNATIVO INDIGENA Y SOCIAL MAIS;3
SOTAQUIRA;Astrid Lorena Villamizar Ostos;PARTIDO ALIANZA VERDE;383
SOTAQUIRA;Abelardo Robles Gutierrez;PARTIDO CAMBIO RADICAL;246
SOTAQUIRA;Segundo Pablo Corredor Pedraza;PARTIDO SOCIAL DE UNIDAD NACIONAL  PARTIDO DE LA U;238
SOTAQUIRA;Julio Cifuentes Alfonso;PARTIDO CENTRO DEMOCRATICO;231
SOTAQUIRA;Laura Alexandra Lopez Garcia;PARTIDO ALIANZA VERDE;196
SOTAQUIRA;Mariela Pire Ramirez;PARTIDO CAMBIO RADICAL;190
SOTAQUIRA;Jose Joaquin Lopez Castillo;PARTIDO SOCIAL DE UNIDAD NACIONAL  PARTIDO DE LA U;185
SOTAQUIRA;Jorge Eduardo Largo Martinez;MOVIMIENTO ALTERNATIVO INDIGENA Y SOCIAL MAIS;179
SOTAQUIRA;Juan Francisco Guzman Pedraza;MOVIMIENTO ALTERNATIVO INDIGENA Y SOCIAL MAIS;176
SOTAQUIRA;Alexander Villate Torres;PARTIDO CONSERVADOR COLOMBIANO;168
SOTAQUIRA;Luis Bernardo Cifuentes Robles;PARTIDO ALIANZA VERDE;152
SOTAQUIRA;Carlos Julio Rojas Gonzalez;PARTIDO CAMBIO RADICAL;139
SOTAQUIRA;Partido Liberal Colombiano;PARTIDO LIBERAL COLOMBIANO;122
SOTAQUIRA;Yuli Mayerly Buitrago Sanchez;PARTIDO CONSERVADOR COLOMBIANO;107
SOTAQUIRA;Hernando Robles Sandoval;PARTIDO ALIANZA VERDE;89
SOTAQUIRA;Mario Hernandez Fonseca;PARTIDO ALIANZA VERDE;88
SOTAQUIRA;Jose Pablo Emilio Sanchez Cifuentes;MOVIMIENTO ALTERNATIVO INDIGENA Y SOCIAL MAIS;86
SOTAQUIRA;Raul Salamanca;PARTIDO ALIANZA VERDE;76
SOTAQUIRA;Veiman Bladimir Lara Garcia;PARTIDO SOCIAL DE UNIDAD NACIONAL  PARTIDO DE LA U;75
SOTAQUIRA;Movimiento Alternativo Indigena Y Social Mais;MOVIMIENTO ALTERNATIVO INDIGENA Y SOCIAL MAIS;73
SOTAQUIRA;Fabiola Niño Robles;PARTIDO ALIANZA VERDE;65
SOTAQUIRA;Partido Alianza Verde;PARTIDO ALIANZA VERDE;65
SOTAQUIRA;Edgar Manuel Garavito Martinez;PARTIDO SOCIAL DE UNIDAD NACIONAL  PARTIDO DE LA U;62
SOTAQUIRA;Nely Esperanza Rodriguez Hernandez;PARTIDO CONSERVADOR COLOMBIANO;62
SOTAQUIRA;Luz Leila Hernandez Ruiz;MOVIMIENTO ALTERNATIVO INDIGENA Y SOCIAL MAIS;56
SOTAQUIRA;Segundo Salomon Villate Gaona;PARTIDO ALIANZA VERDE;53
SOTAQUIRA;Wilmar Enrique Machuca Rodriguez;PARTIDO ALIANZA VERDE;48
SOTAQUIRA;Mariana Garcia Morales;MOVIMIENTO ALTERNATIVO INDIGENA Y SOCIAL MAIS;47
SOTAQUIRA;Sonia Nelfy Torres Gutierrez;PARTIDO CENTRO DEMOCRATICO;47
SOTAQUIRA;Juan David Robles Morales;PARTIDO CENTRO DEMOCRATICO;45
SOTAQUIRA;Miguel Antonio Cifuentes Aperador;PARTIDO CAMBIO RADICAL;45
SOTAQUIRA;Maria Eugenia Lopez Guio;PARTIDO SOCIAL DE UNIDAD NACIONAL  PARTIDO DE LA U;40
SOTAQUIRA;Filadelfo Chimbi Velandia;MOVIMIENTO ALTERNATIVO INDIGENA Y SOCIAL MAIS;39
SOTAQUIRA;Yeison Andres Diaz Rodriguez;PARTIDO CONSERVADOR COLOMBIANO;38
SOTAQUIRA;Erika Dayhana Lopez Suarez;MOVIMIENTO ALTERNATIVO INDIGENA Y SOCIAL MAIS;32
SOTAQUIRA;Partido Social De Unidad Nacional  Partido De La U;PARTIDO SOCIAL DE UNIDAD NACIONAL  PARTIDO DE LA U;31
SOTAQUIRA;Partido Cambio Radical;PARTIDO CAMBIO RADICAL;26
SOTAQUIRA;Jose Julian Suarez Sanchez;PARTIDO CENTRO DEMOCRATICO;22
SOTAQUIRA;Jose Jairo Cifuentes Cifuentes;MOVIMIENTO ALTERNATIVO INDIGENA Y SOCIAL MAIS;18
SOTAQUIRA;Partido Centro Democratico;PARTIDO CENTRO DEMOCRATICO;18
SOTAQUIRA;Tania Isleny Florez Acosta;PARTIDO CAMBIO RADICAL;18
SOTAQUIRA;Ana Mercedes Coronado Cuervo;PARTIDO CAMBIO RADICAL;17
SOTAQUIRA;David Fernando Garcia Avendaño;PARTIDO SOCIAL DE UNIDAD NACIONAL  PARTIDO DE LA U;15
SOTAQUIRA;Miguel Torres;PARTIDO CAMBIO RADICAL;13
SOTAQUIRA;Partido Conservador Colombiano;PARTIDO CONSERVADOR COLOMBIANO;13
SOTAQUIRA;Henry Garcia Gomez;PARTIDO CONSERVADOR COLOMBIANO;12
SOTAQUIRA;Luz Angela Vargas Florez;PARTIDO CENTRO DEMOCRATICO;10
SOTAQUIRA;Nicolas Forigua Paez;PARTIDO CAMBIO RADICAL;10
SOTAQUIRA;Francy Giovana Mateus Toca;PARTIDO CONSERVADOR COLOMBIANO;6
SOTAQUIRA;Luisa Fernanda Salamanca Martinez;PARTIDO CONSERVADOR COLOMBIANO;6
SOTAQUIRA;Karen Dayana Pulido Mayorga;PARTIDO SOCIAL DE UNIDAD NACIONAL  PARTIDO DE LA U;4
SOTAQUIRA;Martha Liliana Corredor Acevedo;PARTIDO SOCIAL DE UNIDAD NACIONAL  PARTIDO DE LA U;4
SOTAQUIRA;Angela Patricia Fonseca Chaparro;PARTIDO CONSERVADOR COLOMBIANO;3
SUSACON;Jose Luis Mesa Vargas;PARTIDO ALIANZA VERDE;178
SUSACON;Alirio Suarez Mesa;PARTIDO CONSERVADOR COLOMBIANO;168
SUSACON;Fredy Laureano Mejia Medina;PARTIDO CAMBIO RADICAL;165
SUSACON;Gregorio Sandoval Lizarazo;PARTIDO SOCIAL DE UNIDAD NACIONAL  PARTIDO DE LA U;153
SUSACON;Jaime Enrique Davila Baez;PARTIDO CONSERVADOR COLOMBIANO;153
SUSACON;Oscar Mauricio Hernandez Barrera;PARTIDO CAMBIO RADICAL;144
SUSACON;Luis Nevardo Gomez Sandoval;PARTIDO CONSERVADOR COLOMBIANO;129
SUSACON;Esperanza Barrera Sandoval;PARTIDO SOCIAL DE UNIDAD NACIONAL  PARTIDO DE LA U;128
SUSACON;Clara Ines Castañeda Joya;PARTIDO CONSERVADOR COLOMBIANO;127
SUSACON;Transito Edith Aponte Lizarazo;PARTIDO ALIANZA VERDE;120
SUSACON;Maria Nora Mesa;PARTIDO ALIANZA VERDE;97
SUSACON;Graciela Pinzon Pinzon;PARTIDO ALIANZA VERDE;64
SUSACON;Alicia Lizarazo Puentes;PARTIDO ALIANZA VERDE;53
SUSACON;Milton Velasco Miranda;PARTIDO CONSERVADOR COLOMBIANO;45
SUSACON;Edgar Antonio Sandoval Suarez;PARTIDO ALIANZA VERDE;44
SUSACON;Fernando Rincon Rojas;PARTIDO ALIANZA VERDE;41
SUSACON;Partido Alianza Verde;PARTIDO ALIANZA VERDE;28
SUSACON;Nidia Azucena Marin Mesa;PARTIDO CAMBIO RADICAL;24
SUSACON;Partido Conservador Colombiano;PARTIDO CONSERVADOR COLOMBIANO;24
SUSACON;Dora Esperanza Castañeda Cardenas;PARTIDO SOCIAL DE UNIDAD NACIONAL  PARTIDO DE LA U;23
SUSACON;Angie Katherine Mesa Sandoval;PARTIDO SOCIAL DE UNIDAD NACIONAL  PARTIDO DE LA U;16
SUSACON;Eli Baez Baez;PARTIDO CAMBIO RADICAL;15
SUSACON;Maria Antonia Lizarazo Rios;PARTIDO CONSERVADOR COLOMBIANO;12
SUSACON;Nelson Asdrubal Tolosa Suarez;PARTIDO SOCIAL DE UNIDAD NACIONAL  PARTIDO DE LA U;11
SUSACON;Partido Cambio Radical;PARTIDO CAMBIO RADICAL;11
SUSACON;Oscar Uriel Davila Duran;PARTIDO CAMBIO RADICAL;10
SUSACON;Luisa Margarita Arciniegas Mesa;PARTIDO CAMBIO RADICAL;9
SUSACON;Partido Social De Unidad Nacional  Partido De La U;PARTIDO SOCIAL DE UNIDAD NACIONAL  PARTIDO DE LA U;7
SUSACON;Nidia Rocio Castañeda Suarez;PARTIDO CAMBIO RADICAL;6
SUSACON;Maria Aracely Leon Leon;PARTIDO CONSERVADOR COLOMBIANO;3
SUTAMARCHAN;Antonio Guillermo Angulo;PARTIDO CENTRO DEMOCRATICO;269
SUTAMARCHAN;Rodrigo Alfonso Russi Velandia;PARTIDO CAMBIO RADICAL;236
SUTAMARCHAN;Anyi Alexsa Menjura Menjura;PARTIDO ALIANZA VERDE;231
SUTAMARCHAN;Mauricio German Alvarado Muñoz;PARTIDO CENTRO DEMOCRATICO;203
SUTAMARCHAN;Fideligno Rodriguez Villamil;PARTIDO ALIANZA VERDE;195
SUTAMARCHAN;Ana Milena Aguilera Rodriguez;PARTIDO ALIANZA VERDE;186
SUTAMARCHAN;Francisco Javier Pinilla Jimenez;PARTIDO CAMBIO RADICAL;162
SUTAMARCHAN;Edicson Leandro Murcia Coy;PARTIDO ALIANZA VERDE;159
SUTAMARCHAN;Jhon Alexander Ruiz Perez;PARTIDO CENTRO DEMOCRATICO;153
SUTAMARCHAN;Luis Enrique Avila Menjura;PARTIDO ALIANZA SOCIAL INDEPENDIENTE ASI;143
SUTAMARCHAN;Ricardo Alonso Rodriguez Castellanos;PARTIDO SOCIAL DE UNIDAD NACIONAL  PARTIDO DE LA U;141
SUTAMARCHAN;Jairo Tobias Rugeth Paez;PARTIDO ALIANZA SOCIAL INDEPENDIENTE ASI;137
SUTAMARCHAN;Fabian Antonio Sanchez Menjura;PARTIDO LIBERAL COLOMBIANO;125
SUTAMARCHAN;Hermes Castellanos Peña;PARTIDO ALIANZA SOCIAL INDEPENDIENTE ASI;120
SUTAMARCHAN;Gabriel Andres Vargas Pinilla;PARTIDO SOCIAL DE UNIDAD NACIONAL  PARTIDO DE LA U;117
SUTAMARCHAN;Carlos Andres Paez Medina;PARTIDO LIBERAL COLOMBIANO;116
SUTAMARCHAN;Ivan Yecid Velandia Martinez;PARTIDO ALIANZA VERDE;115
SUTAMARCHAN;Gerardo Pinilla Rodriguez;PARTIDO CENTRO DEMOCRATICO;112
SUTAMARCHAN;Jorge Roberto Cortes;PARTIDO LIBERAL COLOMBIANO;109
SUTAMARCHAN;Julio Cesar Neira Gonzalez;PARTIDO LIBERAL COLOMBIANO;106
SUTAMARCHAN;Pablo Vicente Rivera Laiton;PARTIDO SOCIAL DE UNIDAD NACIONAL  PARTIDO DE LA U;103
SUTAMARCHAN;Guillermo Leon Coy Avendaño;PARTIDO ALIANZA SOCIAL INDEPENDIENTE ASI;102
SUTAMARCHAN;Julian Hernan Tibaduiza Fino;PARTIDO ALIANZA SOCIAL INDEPENDIENTE ASI;96
SUTAMARCHAN;Brayam Felipe Gonzalez Velandia;PARTIDO ALIANZA VERDE;93
SUTAMARCHAN;Leon Cesar Russi Velandia;PARTIDO ALIANZA VERDE;71
SUTAMARCHAN;Eva Maria Garzon Moreno;PARTIDO ALIANZA SOCIAL INDEPENDIENTE ASI;60
SUTAMARCHAN;Nestor Fabian Rodriguez Vargas;PARTIDO ALIANZA SOCIAL INDEPENDIENTE ASI;59
SUTAMARCHAN;Jorge Armando Suarez;PARTIDO CAMBIO RADICAL;51
SUTAMARCHAN;Angie Milena Sierra Castellanos;PARTIDO ALIANZA VERDE;49
SUTAMARCHAN;Fredy Yesid Paez Gonzalez;PARTIDO CAMBIO RADICAL;48
SUTAMARCHAN;Ever Hernan Cardenas Rodriguez;PARTIDO LIBERAL COLOMBIANO;47
SUTAMARCHAN;Jairo Noe Garcia Avendaño;PARTIDO SOCIAL DE UNIDAD NACIONAL  PARTIDO DE LA U;47
SUTAMARCHAN;Jose Urbano Vargas Cardenas;PARTIDO LIBERAL COLOMBIANO;45
SUTAMARCHAN;Maria Eugenia Peña Velandia;PARTIDO SOCIAL DE UNIDAD NACIONAL  PARTIDO DE LA U;42
SUTAMARCHAN;Fany Yaneth Castro Vanegas;PARTIDO SOCIAL DE UNIDAD NACIONAL  PARTIDO DE LA U;40
SUTAMARCHAN;Laura Isabel Suarez Rodriguez;PARTIDO LIBERAL COLOMBIANO;38
SUTAMARCHAN;Partido Alianza Verde;PARTIDO ALIANZA VERDE;37
SUTAMARCHAN;Zoila Rosa Corredor Castillo;PARTIDO CENTRO DEMOCRATICO;34
SUTAMARCHAN;Edgar Ramon Russi;PARTIDO ALIANZA VERDE;33
SUTAMARCHAN;Raul Castillo Pulido;PARTIDO SOCIAL DE UNIDAD NACIONAL  PARTIDO DE LA U;30
SUTAMARCHAN;Yenny Xiomara Alvarado Villanueva;PARTIDO CAMBIO RADICAL;30
SUTAMARCHAN;Mauricio Yury Mausolan Suarez Rodriguez;PARTIDO CAMBIO RADICAL;29
SUTAMARCHAN;Yenifer Lopez Rodriguez;PARTIDO ALIANZA SOCIAL INDEPENDIENTE ASI;29
SUTAMARCHAN;Martha Isabel Casas Velasquez;PARTIDO CENTRO DEMOCRATICO;26
SUTAMARCHAN;Diana Paola Espitia Munevar;PARTIDO LIBERAL COLOMBIANO;21
SUTAMARCHAN;Rafael Antonio Russi Russi;PARTIDO CENTRO DEMOCRATICO;20
SUTAMARCHAN;Carlos Roselver Coy Monsalve;PARTIDO SOCIAL DE UNIDAD NACIONAL  PARTIDO DE LA U;17
SUTAMARCHAN;Luz Myriam Lancheros Ramirez;PARTIDO SOCIAL DE UNIDAD NACIONAL  PARTIDO DE LA U;17
SUTAMARCHAN;Partido Cambio Radical;PARTIDO CAMBIO RADICAL;17
SUTAMARCHAN;Jenny Paola Garnica Vaca;PARTIDO LIBERAL COLOMBIANO;16
SUTAMARCHAN;Partido Liberal Colombiano;PARTIDO LIBERAL COLOMBIANO;15
SUTAMARCHAN;Partido Social De Unidad Nacional  Partido De La U;PARTIDO SOCIAL DE UNIDAD NACIONAL  PARTIDO DE LA U;14
SUTAMARCHAN;Partido Centro Democratico;PARTIDO CENTRO DEMOCRATICO;13
SUTAMARCHAN;Flor De La Cruz Paez Gonzalez;PARTIDO CAMBIO RADICAL;10
SUTAMARCHAN;Maria Custodia Mendieta Menjura;PARTIDO CENTRO DEMOCRATICO;10
SUTAMARCHAN;Yuri Sulay Castillo Menjura;PARTIDO CAMBIO RADICAL;10
SUTAMARCHAN;Nancy Lindelia Fino Coy;PARTIDO ALIANZA SOCIAL INDEPENDIENTE ASI;6
SUTAMARCHAN;Partido Alianza Social Independiente Asi;PARTIDO ALIANZA SOCIAL INDEPENDIENTE ASI;6
SUTAMARCHAN;Diana Shirley Ortegon Valbuena;PARTIDO CAMBIO RADICAL;4
SUTAMARCHAN;Jose Efrain Forero Cortes;PARTIDO CENTRO DEMOCRATICO;2
SUTATENZA;Partido Centro Democratico;PARTIDO CENTRO DEMOCRATICO;246
SUTATENZA;Neilda Arevalo Niño;PARTIDO ALIANZA VERDE;223
SUTATENZA;Julio Roberto Niño Arevalo;PARTIDO ALIANZA VERDE;206
SUTATENZA;Luis Alejandro Bravo Uribe;PARTIDO LIBERAL COLOMBIANO;202
SUTATENZA;Ezequiel Luna Morales;PARTIDO CONSERVADOR COLOMBIANO;164
SUTATENZA;Raul Enrique Coba Bueno;PARTIDO LIBERAL COLOMBIANO;128
SUTATENZA;Rodolfo Moreno Moreno;PARTIDO CAMBIO RADICAL;126
SUTATENZA;Jose William Perez Duran;PARTIDO CAMBIO RADICAL;108
SUTATENZA;Jose Hermes Vargas Barreto;PARTIDO CONSERVADOR COLOMBIANO;105
SUTATENZA;Nelson Fabio Cuesta Barrera;PARTIDO CONSERVADOR COLOMBIANO;101
SUTATENZA;Jenny Paola Ardila Ardila;PARTIDO LIBERAL COLOMBIANO;95
SUTATENZA;Marly Yakeline Quintero Rojas;PARTIDO CAMBIO RADICAL;84
SUTATENZA;Noe Fabian Molina Celis;PARTIDO ALIANZA VERDE;83
SUTATENZA;Publio Alfonso Montenegro;PARTIDO LIBERAL COLOMBIANO;79
SUTATENZA;Jose Natalio Bueno Niño;PARTIDO CAMBIO RADICAL;76
SUTATENZA;Carlos Andres Cuesta Peralta;PARTIDO ALIANZA VERDE;62
SUTATENZA;Santiago Avendaño Ruiz;PARTIDO CONSERVADOR COLOMBIANO;62
SUTATENZA;Partido Alianza Verde;PARTIDO ALIANZA VERDE;59
SUTATENZA;Luis Alfonso Arciniegas Manrique;PARTIDO ALIANZA VERDE;52
SUTATENZA;Ruth Lucely Novoa Ladino;PARTIDO ALIANZA VERDE;48
SUTATENZA;Hector Julio Leguizamo Martin;PARTIDO CAMBIO RADICAL;43
SUTATENZA;Partido Conservador Colombiano;PARTIDO CONSERVADOR COLOMBIANO;41
SUTATENZA;Erica Paola Montenegro Novoa;PARTIDO CONSERVADOR COLOMBIANO;32
SUTATENZA;Partido Liberal Colombiano;PARTIDO LIBERAL COLOMBIANO;29
SUTATENZA;Partido Cambio Radical;PARTIDO CAMBIO RADICAL;21
SUTATENZA;Yeidy Paola Juez Guacheta;PARTIDO CAMBIO RADICAL;21
SUTATENZA;Floralba Sarmiento Lozano;PARTIDO LIBERAL COLOMBIANO;18
SUTATENZA;Sandra Milena Vaca Fandiño;PARTIDO CONSERVADOR COLOMBIANO;14
SUTATENZA;Giovany Anderson Nieto Peralta;PARTIDO LIBERAL COLOMBIANO;12
TASCO;Luis Eduardo Estupiñan Gomez;PARTIDO SOCIAL DE UNIDAD NACIONAL  PARTIDO DE LA U;330
TASCO;Juan Jose Cely Rivera;PARTIDO LIBERAL COLOMBIANO;298
TASCO;Ruben Albeiro Garcia;PARTIDO LIBERAL COLOMBIANO;205
TASCO;Diego Torres Fuentes;PARTIDO LIBERAL COLOMBIANO;182
TASCO;Hernan Dario Marquez Chiquillo;MOVIMIENTO AUTORIDADES INDIGENAS DE COLOMBIA AICO;166
TASCO;Luis Alejandro Cardenas Perez;PARTIDO LIBERAL COLOMBIANO;161
TASCO;Pedro Nel Castañeda Berdugo;PARTIDO LIBERAL COLOMBIANO;154
TASCO;Ricardo Rojas Cely;PARTIDO CAMBIO RADICAL;130
TASCO;Luis Alvaro Malpica Pava;PARTIDO CENTRO DEMOCRATICO;126
TASCO;Juan Nevardo Walteros Serrano;PARTIDO SOCIAL DE UNIDAD NACIONAL  PARTIDO DE LA U;106
TASCO;Eduardo Estupiñan Amaya;PARTIDO CAMBIO RADICAL;102
TASCO;Luis Oswaldo Barrera Chaparro;PARTIDO SOCIAL DE UNIDAD NACIONAL  PARTIDO DE LA U;84
TASCO;Olga Maria Barrera Angel;PARTIDO LIBERAL COLOMBIANO;83
TASCO;Rhobert Andres Angarita Daza;PARTIDO POLITICO  MIRA;78
TASCO;Alvaro Javier Chia Garzon;PARTIDO CAMBIO RADICAL;76
TASCO;Pedro Julio Marquez Castillo;PARTIDO LIBERAL COLOMBIANO;76
TASCO;Alvaro Javier Pava Castañeda;PARTIDO SOCIAL DE UNIDAD NACIONAL  PARTIDO DE LA U;67
TASCO;Jose William Berdugo Vega;MOVIMIENTO ALTERNATIVO INDIGENA Y SOCIAL MAIS;67
TASCO;Alirio Diaz Gualteros;MOVIMIENTO ALTERNATIVO INDIGENA Y SOCIAL MAIS;59
TASCO;Carlos Holmes Ballesteros Parra;PARTIDO SOCIAL DE UNIDAD NACIONAL  PARTIDO DE LA U;57
TASCO;Edgar Gomez Alfonso;MOVIMIENTO AUTORIDADES INDIGENAS DE COLOMBIA AICO;57
TASCO;Jhon Fredy Garzon Palencia;PARTIDO CAMBIO RADICAL;51
TASCO;Rafael Antonio Orozco Diaz;PARTIDO CENTRO DEMOCRATICO;49
TASCO;Partido Liberal Colombiano;PARTIDO LIBERAL COLOMBIANO;42
TASCO;Tomas Gonzalez Pava;PARTIDO POLITICO  MIRA;42
TASCO;Fredy Alfonso Hernandez Puentes;MOVIMIENTO AUTORIDADES INDIGENAS DE COLOMBIA AICO;40
TASCO;Carlos Humberto Castañeda Alfonso;PARTIDO SOCIAL DE UNIDAD NACIONAL  PARTIDO DE LA U;36
TASCO;Sofia Estupiñan Manrique;PARTIDO LIBERAL COLOMBIANO;35
TASCO;Jose Lisandro Rojas Cely;MOVIMIENTO ALTERNATIVO INDIGENA Y SOCIAL MAIS;34
TASCO;Gustavo Antonio Casallas Sanchez;PARTIDO CENTRO DEMOCRATICO;33
TASCO;Hermes Gonzalez Cabrera;MOVIMIENTO AUTORIDADES INDIGENAS DE COLOMBIA AICO;33
TASCO;Jeyzon Orley Verdugo Puentes;PARTIDO CAMBIO RADICAL;31
TASCO;Reina Maria Castañeda Dueñas;PARTIDO LIBERAL COLOMBIANO;29
TASCO;Diogenes Torres Torres;MOVIMIENTO AUTORIDADES INDIGENAS DE COLOMBIA AICO;26
TASCO;Javier Mora Lara;MOVIMIENTO ALTERNATIVO INDIGENA Y SOCIAL MAIS;24
TASCO;Juan Carlos Naranjo Chaparro;PARTIDO CAMBIO RADICAL;22
TASCO;Laura Veronica Ramos Medina;PARTIDO SOCIAL DE UNIDAD NACIONAL  PARTIDO DE LA U;19
TASCO;Jorge Humberto Gonzalez Joya;MOVIMIENTO ALTERNATIVO INDIGENA Y SOCIAL MAIS;18
TASCO;Dayana Carolina Murillo Gonzalez;MOVIMIENTO ALTERNATIVO INDIGENA Y SOCIAL MAIS;17
TASCO;Partido Social De Unidad Nacional  Partido De La U;PARTIDO SOCIAL DE UNIDAD NACIONAL  PARTIDO DE LA U;17
TASCO;Luz Mila Romero Alvarado;PARTIDO CAMBIO RADICAL;11
TASCO;Ximena Alexandra Perez Rodriguez;PARTIDO CENTRO DEMOCRATICO;11
TASCO;Luz Marina Castañeda Castillo;PARTIDO CENTRO DEMOCRATICO;9
TASCO;Maria Del Rosario Arismendy Sanabria;MOVIMIENTO AUTORIDADES INDIGENAS DE COLOMBIA AICO;9
TASCO;Yolanda Enith Alfonso Caro;MOVIMIENTO AUTORIDADES INDIGENAS DE COLOMBIA AICO;9
TASCO;Luz Helena Sanabria Rincon;PARTIDO POLITICO  MIRA;8
TASCO;Partido Cambio Radical;PARTIDO CAMBIO RADICAL;8
TASCO;Partido Centro Democratico;PARTIDO CENTRO DEMOCRATICO;7
TASCO;Jose Mario Rincon Silva;MOVIMIENTO ALTERNATIVO INDIGENA Y SOCIAL MAIS;6
TASCO;Ana Milena Otalora Puentes;MOVIMIENTO ALTERNATIVO INDIGENA Y SOCIAL MAIS;5
TASCO;Movimiento Autoridades Indigenas De Colombia Aico;MOVIMIENTO AUTORIDADES INDIGENAS DE COLOMBIA AICO;5
TASCO;Anyela Paulina Montoya Cardenas;PARTIDO CENTRO DEMOCRATICO;4
TASCO;Heidy Andrea Berdugo Vargas;PARTIDO CAMBIO RADICAL;4
TASCO;Movimiento Alternativo Indigena Y Social Mais;MOVIMIENTO ALTERNATIVO INDIGENA Y SOCIAL MAIS;4
TASCO;Fanny Amparo Gonzalez Avellaneda;PARTIDO SOCIAL DE UNIDAD NACIONAL  PARTIDO DE LA U;3
TASCO;Partido Politico  Mira;PARTIDO POLITICO  MIRA;3
TASCO;Ana Cecilia Cardenas Camacho;MOVIMIENTO AUTORIDADES INDIGENAS DE COLOMBIA AICO;2
TASCO;Flor Edith Sanabria Vargas;PARTIDO CAMBIO RADICAL;1
TASCO;Maria Celina Malpica Pava;PARTIDO SOCIAL DE UNIDAD NACIONAL  PARTIDO DE LA U;1
TENZA;Victor Hugo Lopez Fernandez;PARTIDO COLOMBIA RENACIENTE;175
TENZA;Erika Yisela Fernandez Mendoza;PARTIDO CONSERVADOR COLOMBIANO;153
TENZA;Laurentino Garcia Martin;PARTIDO ALIANZA VERDE;137
TENZA;Maria Rosalba Rodriguez Roa;MOVIMIENTO ALTERNATIVO INDIGENA Y SOCIAL MAIS;119
TENZA;Gloria Ines Rodriguez Roa;PARTIDO COLOMBIA RENACIENTE;101
TENZA;Jose Libardo Mendez Herrera;PARTIDO COLOMBIA RENACIENTE;98
TENZA;Angela Liliana Rodriguez Rodriguez;PARTIDO CENTRO DEMOCRATICO;96
TENZA;Carlos Alberto Carranza Martinez;PARTIDO CENTRO DEMOCRATICO;95
TENZA;Yovany Castañeda Bohorquez;PARTIDO ALIANZA VERDE;95
TENZA;Sandra Pilar Franco Lesmes;PARTIDO ALIANZA VERDE;93
TENZA;Tito Lozano Junco;PARTIDO ALIANZA VERDE;92
TENZA;Nubia Del Carmen Lopez Niño;MOVIMIENTO ALTERNATIVO INDIGENA Y SOCIAL MAIS;83
TENZA;Mireya Franco Medina;PARTIDO ALIANZA VERDE;80
TENZA;Pedro Jose Morales Bohorquez;PARTIDO CENTRO DEMOCRATICO;70
TENZA;Tulio Ernesto Bernal Moreno;PARTIDO SOCIAL DE UNIDAD NACIONAL  PARTIDO DE LA U;70
TENZA;Jose Heladio Lopez Ramirez;PARTIDO CENTRO DEMOCRATICO;68
TENZA;Nubia Yamile Vaca Vallejo;PARTIDO SOCIAL DE UNIDAD NACIONAL  PARTIDO DE LA U;67
TENZA;Hilda Patricia Garzon Rey;PARTIDO CENTRO DEMOCRATICO;66
TENZA;Ricardo Ivan Parra;PARTIDO SOCIAL DE UNIDAD NACIONAL  PARTIDO DE LA U;63
TENZA;Lucia Mariela Roa Roa;PARTIDO CONSERVADOR COLOMBIANO;54
TENZA;Miguel Antonio Buitrago Martin;MOVIMIENTO ALTERNATIVO INDIGENA Y SOCIAL MAIS;53
TENZA;Fredy Libardo Vargas Buitrago;PARTIDO CENTRO DEMOCRATICO;45
TENZA;Partido Alianza Verde;PARTIDO ALIANZA VERDE;44
TENZA;Hector Gabriel Avila Ramirez;PARTIDO SOCIAL DE UNIDAD NACIONAL  PARTIDO DE LA U;43
TENZA;Lilia Aurora Parra Lozano;PARTIDO CENTRO DEMOCRATICO;41
TENZA;Moises Medina Pabon;PARTIDO COLOMBIA RENACIENTE;39
TENZA;Luis Carlos Orjuela Jimenez;PARTIDO SOCIAL DE UNIDAD NACIONAL  PARTIDO DE LA U;33
TENZA;Aileen Dayana Alfonso Duarte;PARTIDO SOCIAL DE UNIDAD NACIONAL  PARTIDO DE LA U;32
TENZA;Nubia Marlen Lozano Rodriguez;PARTIDO ALIANZA VERDE;32
TENZA;Alonso De Jesus Franco Martinez;PARTIDO CONSERVADOR COLOMBIANO;30
TENZA;Campo Elias Barrera Martinez;PARTIDO CONSERVADOR COLOMBIANO;30
TENZA;Ilma Buitrago Morales;PARTIDO COLOMBIA RENACIENTE;28
TENZA;Jose Gerardo Jimenez Jimenez;MOVIMIENTO ALTERNATIVO INDIGENA Y SOCIAL MAIS;19
TENZA;Claudice Calderon Rodriguez;MOVIMIENTO ALTERNATIVO INDIGENA Y SOCIAL MAIS;17
TENZA;Hector Gabriel Molina Ramirez;MOVIMIENTO ALTERNATIVO INDIGENA Y SOCIAL MAIS;17
TENZA;Pedro Elias Bohorquez Lozano;PARTIDO CONSERVADOR COLOMBIANO;14
TENZA;Elmer Yamid Perilla Medina;PARTIDO COLOMBIA RENACIENTE;12
TENZA;Partido Centro Democratico;PARTIDO CENTRO DEMOCRATICO;10
TENZA;Partido Conservador Colombiano;PARTIDO CONSERVADOR COLOMBIANO;10
TENZA;Maria Oliva Pabon Ovalle;PARTIDO SOCIAL DE UNIDAD NACIONAL  PARTIDO DE LA U;8
TENZA;Movimiento Alternativo Indigena Y Social Mais;MOVIMIENTO ALTERNATIVO INDIGENA Y SOCIAL MAIS;8
TENZA;Roldan Alfredo Perilla Acosta;PARTIDO ALIANZA SOCIAL INDEPENDIENTE ASI;8
TENZA;Partido Colombia Renaciente;PARTIDO COLOMBIA RENACIENTE;7
TENZA;Angye Paola Mendoza Galindo;PARTIDO ALIANZA SOCIAL INDEPENDIENTE ASI;5
TENZA;Partido Social De Unidad Nacional  Partido De La U;PARTIDO SOCIAL DE UNIDAD NACIONAL  PARTIDO DE LA U;4
TENZA;Partido Alianza Social Independiente Asi;PARTIDO ALIANZA SOCIAL INDEPENDIENTE ASI;3
TENZA;Partido Cambio Radical;PARTIDO CAMBIO RADICAL;3
TENZA;Publio Elias Alfonso Castañeda;PARTIDO ALIANZA SOCIAL INDEPENDIENTE ASI;3
TENZA;Wilson Javier Franco Jimenez;PARTIDO CAMBIO RADICAL;3
TENZA;Yamile Nieves Tayo;PARTIDO CONSERVADOR COLOMBIANO;2
TENZA;Hector Julio Carrillo Guerrero;MOVIMIENTO ALTERNATIVO INDIGENA Y SOCIAL MAIS;1
TENZA;Maria Ines Contreras Contreras;PARTIDO ALIANZA SOCIAL INDEPENDIENTE ASI;1
TENZA;Maria Monica Leon Ramirez;PARTIDO CAMBIO RADICAL;1
TENZA;Yeny Daniela Castañeda Alfonso;PARTIDO ALIANZA SOCIAL INDEPENDIENTE ASI;1
TIBANA;Manuel Fernando Paez Moreno;PARTIDO LIBERAL COLOMBIANO;284
TIBANA;Wilson Martin Gil Romero;PARTIDO LIBERAL COLOMBIANO;282
TIBANA;Wilmer Alfonso Perez Gamba;PARTIDO SOCIAL DE UNIDAD NACIONAL  PARTIDO DE LA U;274
TIBANA;Luis Hernando Gil Pinzon;PARTIDO SOCIAL DE UNIDAD NACIONAL  PARTIDO DE LA U;269
TIBANA;Carlos Julio Galindo Paez;PARTIDO SOCIAL DE UNIDAD NACIONAL  PARTIDO DE LA U;252
TIBANA;Hector Muñoz Bernal;PARTIDO LIBERAL COLOMBIANO;240
TIBANA;Jorge Eliecer Siatame Bohorquez;PARTIDO LIBERAL COLOMBIANO;227
TIBANA;Jose Edilberto Ajiaco Pulido;PARTIDO SOCIAL DE UNIDAD NACIONAL  PARTIDO DE LA U;213
TIBANA;Jorge Luis Aponte Parra;PARTIDO CAMBIO RADICAL;201
TIBANA;Jorge Eliecer Galindo Gordillo;PARTIDO CENTRO DEMOCRATICO;193
TIBANA;Felix Antonio Cruz Fandiño;PARTIDO LIBERAL COLOMBIANO;169
TIBANA;Cesar Rincon Vargas;PARTIDO CENTRO DEMOCRATICO;155
TIBANA;Jorge Luis Jimenez Chacon;PARTIDO ALIANZA VERDE;142
TIBANA;Hernando Mancipe Sarmiento;PARTIDO ALIANZA VERDE;135
TIBANA;Nohemi Gil Galindo;PARTIDO CAMBIO RADICAL;127
TIBANA;Maria Nelly Robayo De Suarez;PARTIDO LIBERAL COLOMBIANO;122
TIBANA;Luis Eduardo Junco Muñoz;PARTIDO LIBERAL COLOMBIANO;117
TIBANA;Luis Armando Romero Ruiz;PARTIDO CAMBIO RADICAL;106
TIBANA;Jose Efrain Martinez Infante;MOVIMIENTO ALTERNATIVO INDIGENA Y SOCIAL MAIS;90
TIBANA;Partido Liberal Colombiano;PARTIDO LIBERAL COLOMBIANO;89
TIBANA;Daniela Bohorquez Siatame;PARTIDO CENTRO DEMOCRATICO;84
TIBANA;Edwin Antonio Sarmiento Martinez;PARTIDO CAMBIO RADICAL;68
TIBANA;Omaira Vargas Leguizamon;PARTIDO SOCIAL DE UNIDAD NACIONAL  PARTIDO DE LA U;66
TIBANA;Partido Social De Unidad Nacional  Partido De La U;PARTIDO SOCIAL DE UNIDAD NACIONAL  PARTIDO DE LA U;58
TIBANA;Luis Alfredo Martinez Martinez;PARTIDO CENTRO DEMOCRATICO;52
TIBANA;Ana Isabel Naizaque Vargas;MOVIMIENTO ALTERNATIVO INDIGENA Y SOCIAL MAIS;49
TIBANA;Jorge Anibal Barajas Rincon;PARTIDO SOCIAL DE UNIDAD NACIONAL  PARTIDO DE LA U;46
TIBANA;Luis Julian Buitrago Buitrago;PARTIDO ALIANZA VERDE;46
TIBANA;Partido Alianza Verde;PARTIDO ALIANZA VERDE;41
TIBANA;Claudia Milena Cano Cordero;PARTIDO CAMBIO RADICAL;37
TIBANA;Luis German Cruz Castañeda;PARTIDO ALIANZA VERDE;36
TIBANA;Martha Milena Castelblanco Infante;PARTIDO SOCIAL DE UNIDAD NACIONAL  PARTIDO DE LA U;36
TIBANA;David Aponte Gutierrez;MOVIMIENTO ALTERNATIVO INDIGENA Y SOCIAL MAIS;34
TIBANA;Partido Centro Democratico;PARTIDO CENTRO DEMOCRATICO;33
TIBANA;Roberto Vargas Valero;MOVIMIENTO ALTERNATIVO INDIGENA Y SOCIAL MAIS;33
TIBANA;Martha Oliva Cardenas Cadena;PARTIDO CONSERVADOR COLOMBIANO;32
TIBANA;Jose Andres Martinez Sarmiento;PARTIDO CAMBIO RADICAL;26
TIBANA;Josue Orlando Galindo Infante;PARTIDO SOCIAL DE UNIDAD NACIONAL  PARTIDO DE LA U;25
TIBANA;Laura Natalia Muñoz Guerrero;PARTIDO LIBERAL COLOMBIANO;25
TIBANA;Ashley Vanessa Acevedo Cepeda;PARTIDO LIBERAL COLOMBIANO;24
TIBANA;Edwin Mauricio Daza Suarez;MOVIMIENTO ALTERNATIVO INDIGENA Y SOCIAL MAIS;23
TIBANA;Nelcy Rubiela Moreno Bautista;PARTIDO ALIANZA VERDE;23
TIBANA;Partido Cambio Radical;PARTIDO CAMBIO RADICAL;20
TIBANA;Dimas Altagracia Pulido Rincon;PARTIDO ALIANZA VERDE;18
TIBANA;Ana Mery Rodriguez Suarez;PARTIDO CAMBIO RADICAL;17
TIBANA;Laura Andrea Jimenez Suarez;PARTIDO ALIANZA VERDE;16
TIBANA;Laurint Alfonso Barbosa;PARTIDO ALIANZA VERDE;16
TIBANA;Carlos Uriel Hernandez Portilla;PARTIDO CONSERVADOR COLOMBIANO;14
TIBANA;Oscar Aponte Aponte;PARTIDO CONSERVADOR COLOMBIANO;14
TIBANA;Andrea Liliana Galindo Galindo;PARTIDO CENTRO DEMOCRATICO;13
TIBANA;Hector Leandro Naizaque Acevedo;PARTIDO CONSERVADOR COLOMBIANO;12
TIBANA;Jelver Moreno Diaz;PARTIDO CENTRO DEMOCRATICO;12
TIBANA;Movimiento Alternativo Indigena Y Social Mais;MOVIMIENTO ALTERNATIVO INDIGENA Y SOCIAL MAIS;12
TIBANA;Luz Marina Leguizamon Leguizamon;PARTIDO SOCIAL DE UNIDAD NACIONAL  PARTIDO DE LA U;10
TIBANA;Diana Carolina Diaz Zambrano;PARTIDO CENTRO DEMOCRATICO;9
TIBANA;Ingrid Carolina Nope Rodriguez;MOVIMIENTO ALTERNATIVO INDIGENA Y SOCIAL MAIS;9
TIBANA;Blanca Cecilia Pulido Cuitiva;PARTIDO CONSERVADOR COLOMBIANO;6
TIBANA;Adriana Elisa Aponte Monroy;PARTIDO CONSERVADOR COLOMBIANO;2
TIBANA;Gerardo Leon Suarez;PARTIDO CONSERVADOR COLOMBIANO;1
TIBANA;Partido Conservador Colombiano;PARTIDO CONSERVADOR COLOMBIANO;1
TIBASOSA;Carlos Esteban Mogollon Molano;PARTIDO ALIANZA SOCIAL INDEPENDIENTE ASI;248
TIBASOSA;Jefferson Alexander Tapias Acevedo;PARTIDO SOCIAL DE UNIDAD NACIONAL  PARTIDO DE LA U;224
TIBASOSA;Stella Imelda Bayona Fonseca;PARTIDO CONSERVADOR COLOMBIANO;200
TIBASOSA;Wilson Raimundo Coy Granados;PARTIDO CENTRO DEMOCRATICO;175
TIBASOSA;Leonardo Adolfo Bernal Molina;PARTIDO ALIANZA VERDE;165
TIBASOSA;Juan Francisco Correa Lopez;PARTIDO CONSERVADOR COLOMBIANO;159
TIBASOSA;Christian Camilo Montaña Cely;PARTIDO SOCIAL DE UNIDAD NACIONAL  PARTIDO DE LA U;155
TIBASOSA;Manuel Garavito Camargo;PARTIDO CENTRO DEMOCRATICO;150
TIBASOSA;Simon Antonio Bolivar Chaparro;PARTIDO COLOMBIA RENACIENTE;150
TIBASOSA;Gravely Pineda Pineda;PARTIDO SOCIAL DE UNIDAD NACIONAL  PARTIDO DE LA U;148
TIBASOSA;Edison Correa Cardozo;PARTIDO ALIANZA VERDE;147
TIBASOSA;Oscar Javier Saenz Neira;MOVIMIENTO ALTERNATIVO INDIGENA Y SOCIAL MAIS;146
TIBASOSA;Teodoro Becerra Fonseca;PARTIDO CONSERVADOR COLOMBIANO;142
TIBASOSA;Anselmo Enrique Talero Alfonso;PARTIDO SOCIAL DE UNIDAD NACIONAL  PARTIDO DE LA U;133
TIBASOSA;Jorge Enrique Grosso Camargo;PARTIDO CENTRO DEMOCRATICO;124
TIBASOSA;Reyden Dario Galan Cabezas;PARTIDO ALIANZA SOCIAL INDEPENDIENTE ASI;117
TIBASOSA;Oscar Rene Rojas Bernal;PARTIDO ALIANZA VERDE;109
TIBASOSA;Nelson Enrique Espitia Gil;PARTIDO ALIANZA SOCIAL INDEPENDIENTE ASI;104
TIBASOSA;Carlos Alberto Ramirez Fonseca;PARTIDO ALIANZA VERDE;103
TIBASOSA;Angel Mesias Camargo Camargo;PARTIDO CENTRO DEMOCRATICO;100
TIBASOSA;Jose Manuel Barrera Boada;PARTIDO ALIANZA VERDE;100
TIBASOSA;Dayana Lucia Correa Chaparro;PARTIDO CONSERVADOR COLOMBIANO;99
TIBASOSA;Jorge Miguel Garavito Galan;TIBASOSA PRIMERO;97
TIBASOSA;Marcos Alonso Villalobos Riaño;PARTIDO ALIANZA SOCIAL INDEPENDIENTE ASI;95
TIBASOSA;Camilo Neira Huertas;PARTIDO CONSERVADOR COLOMBIANO;92
TIBASOSA;Luis Ricardo Moyano Castañeda;PARTIDO SOCIAL DE UNIDAD NACIONAL  PARTIDO DE LA U;87
TIBASOSA;Brayan Alexis Moreno Perez;MOVIMIENTO ALTERNATIVO INDIGENA Y SOCIAL MAIS;84
TIBASOSA;Juan David Villate Lagos;TIBASOSA PRIMERO;84
TIBASOSA;Blanca Ligia Guarin Zea;PARTIDO SOCIAL DE UNIDAD NACIONAL  PARTIDO DE LA U;83
TIBASOSA;Edwar Daniel Perez Lopez;PARTIDO CONSERVADOR COLOMBIANO;83
TIBASOSA;Tilcia Nohemi Triana Lopez;PARTIDO ALIANZA SOCIAL INDEPENDIENTE ASI;80
TIBASOSA;Magda Yolima Becerra Rojas;PARTIDO ALIANZA VERDE;76
TIBASOSA;Partido Alianza Verde;PARTIDO ALIANZA VERDE;75
TIBASOSA;Emma Perez Perez;PARTIDO CENTRO DEMOCRATICO;74
TIBASOSA;Edilberto Tellez Fernandez;PARTIDO ALIANZA VERDE;73
TIBASOSA;Jose Froilan Bernal Vergara;MOVIMIENTO ALTERNATIVO INDIGENA Y SOCIAL MAIS;72
TIBASOSA;Teresa De Jesus Sanabria Diaz;PARTIDO SOCIAL DE UNIDAD NACIONAL  PARTIDO DE LA U;68
TIBASOSA;Julio Cesar Castro Parada;PARTIDO CAMBIO RADICAL;67
TIBASOSA;Sara Maria Zea Barrera;PARTIDO CAMBIO RADICAL;67
TIBASOSA;Jose Sebastian Granados Garavito;MOVIMIENTO ALTERNATIVO INDIGENA Y SOCIAL MAIS;66
TIBASOSA;Fabio Fajardo Quijano;PARTIDO CAMBIO RADICAL;65
TIBASOSA;Diana Marcela Cadena Gutierrez;PARTIDO ALIANZA VERDE;63
TIBASOSA;Juan Pablo Patiño Vallot;PARTIDO CENTRO DEMOCRATICO;61
TIBASOSA;Juan De Dios Cogua Galan;PARTIDO SOCIAL DE UNIDAD NACIONAL  PARTIDO DE LA U;60
TIBASOSA;Alvaro Fernando Cardenas Camargo;TIBASOSA PRIMERO;55
TIBASOSA;Fabian Alfonso Vasquez Zea;PARTIDO CONSERVADOR COLOMBIANO;55
TIBASOSA;Ricardo Rios Pugliese;PARTIDO CONSERVADOR COLOMBIANO;54
TIBASOSA;Juan Manuel Salcedo Gaviria;PARTIDO COLOMBIA RENACIENTE;53
TIBASOSA;Jhon Alexander Daza Ahue;PARTIDO ALIANZA VERDE;52
TIBASOSA;Nancy Cristina Pulido Bonilla;PARTIDO CENTRO DEMOCRATICO;51
TIBASOSA;Tobias Molano Sanabria;PARTIDO SOCIAL DE UNIDAD NACIONAL  PARTIDO DE LA U;48
TIBASOSA;Ana Esther Carreño Aponte;PARTIDO ALIANZA VERDE;46
TIBASOSA;Nohora Yamile Hernandez Leon;PARTIDO CAMBIO RADICAL;44
TIBASOSA;Rafael Antonio Holguin Galan;PARTIDO CAMBIO RADICAL;43
TIBASOSA;Ricardo Cuida Castro;PARTIDO CAMBIO RADICAL;42
TIBASOSA;Ana Maria Diaz Infante;PARTIDO CENTRO DEMOCRATICO;41
TIBASOSA;Jessica Tatiana Cuida Plazas;MOVIMIENTO ALTERNATIVO INDIGENA Y SOCIAL MAIS;38
TIBASOSA;Jorge Humberto Caceres Medina;MOVIMIENTO ALTERNATIVO INDIGENA Y SOCIAL MAIS;34
TIBASOSA;Marco Eli Velandia Monroy;PARTIDO CONSERVADOR COLOMBIANO;33
TIBASOSA;Claudia Etelvina Bayona Bernal;PARTIDO SOCIAL DE UNIDAD NACIONAL  PARTIDO DE LA U;31
TIBASOSA;Movimiento Alternativo Indigena Y Social Mais;MOVIMIENTO ALTERNATIVO INDIGENA Y SOCIAL MAIS;31
TIBASOSA;Partido Centro Democratico;PARTIDO CENTRO DEMOCRATICO;31
TIBASOSA;William Alfonso Rosas Ayala;TIBASOSA PRIMERO;31
TIBASOSA;Omar Florez Sierra;PARTIDO CAMBIO RADICAL;30
TIBASOSA;Partido Social De Unidad Nacional  Partido De La U;PARTIDO SOCIAL DE UNIDAD NACIONAL  PARTIDO DE LA U;29
TIBASOSA;Partido Conservador Colombiano;PARTIDO CONSERVADOR COLOMBIANO;26
TIBASOSA;Elfar Tulio Infante Aguilar;TIBASOSA PRIMERO;25
TIBASOSA;Doris Sandra Hernandez Leon;PARTIDO CONSERVADOR COLOMBIANO;24
TIBASOSA;Jeisson Steele Diaz Cardenas;PARTIDO CENTRO DEMOCRATICO;24
TIBASOSA;Partido Alianza Social Independiente Asi;PARTIDO ALIANZA SOCIAL INDEPENDIENTE ASI;23
TIBASOSA;Esequiel Velandia Monroy;MOVIMIENTO ALTERNATIVO INDIGENA Y SOCIAL MAIS;21
TIBASOSA;Nelly Correa Lopez;PARTIDO ALIANZA SOCIAL INDEPENDIENTE ASI;21
TIBASOSA;Silvia Catalina Salamanca Benitez;MOVIMIENTO ALTERNATIVO INDIGENA Y SOCIAL MAIS;21
TIBASOSA;Laura Daniela Solano Cardenas;TIBASOSA PRIMERO;19
TIBASOSA;Luis Alexander Galan Rodriguez;PARTIDO CENTRO DEMOCRATICO;19
TIBASOSA;Oscar Javier Montaña Roman;PARTIDO CAMBIO RADICAL;19
TIBASOSA;Sandra Milena Gonzalez Silva;PARTIDO CAMBIO RADICAL;17
TIBASOSA;Margarita Suarez Leal;PARTIDO CENTRO DEMOCRATICO;16
TIBASOSA;Martha Leonor Moreno Ballesteros;TIBASOSA PRIMERO;14
TIBASOSA;Elva Maria Tristancho Lopez;MOVIMIENTO ALTERNATIVO INDIGENA Y SOCIAL MAIS;12
TIBASOSA;Luis Ernesto Rojas Rincon;PARTIDO COLOMBIA RENACIENTE;11
TIBASOSA;Maria Evelia Moyano Barrera;PARTIDO SOCIAL DE UNIDAD NACIONAL  PARTIDO DE LA U;11
TIBASOSA;Partido Cambio Radical;PARTIDO CAMBIO RADICAL;9
TIBASOSA;Partido Colombia Renaciente;PARTIDO COLOMBIA RENACIENTE;9
TIBASOSA;Maria Ana Delina Fernandez Barrera;MOVIMIENTO ALTERNATIVO INDIGENA Y SOCIAL MAIS;8
TIBASOSA;Lina Paola Trujillo Rincon;PARTIDO COLOMBIA RENACIENTE;7
TIBASOSA;Olga Isabel Sarmiento Perez;TIBASOSA PRIMERO;7
TIBASOSA;Tibasosa Primero;TIBASOSA PRIMERO;7
TIBASOSA;Liliana Marcela Perez Guarin;PARTIDO CAMBIO RADICAL;6
TIBASOSA;Jairo Hernando Avella Vergara;PARTIDO COLOMBIA RENACIENTE;5
TIBASOSA;Andrea Catherin Lugo Cadena;PARTIDO ALIANZA SOCIAL INDEPENDIENTE ASI;4
TIBASOSA;Maria De Los Angeles Neira Jaimes;PARTIDO COLOMBIA RENACIENTE;2
TIBASOSA;Jose Gabriel Herrera Acosta;TIBASOSA PRIMERO;1
TINJACA;Jhon Jaime Buitrago Sierra;PARTIDO CAMBIO RADICAL;151
TINJACA;Luis Enrique Pinilla Diaz;PARTIDO ALIANZA VERDE;140
TINJACA;Ugo Hernandez Castellanos;PARTIDO CENTRO DEMOCRATICO;128
TINJACA;Cesar Augusto Gonzalez;MOVIMIENTO ALTERNATIVO INDIGENA Y SOCIAL MAIS;125
TINJACA;Wilmer Guerrero Hernandez;PARTIDO CONSERVADOR COLOMBIANO;124
TINJACA;Alberto Robayo Molina;PARTIDO ALIANZA SOCIAL INDEPENDIENTE ASI;104
TINJACA;Carlos Armando Paez Santafe;PARTIDO CENTRO DEMOCRATICO;103
TINJACA;Diose Mario Santafe Castillo;PARTIDO ALIANZA VERDE;100
TINJACA;Leon Diomedes Castellanos Laiton;MOVIMIENTO ALTERNATIVO INDIGENA Y SOCIAL MAIS;96
TINJACA;Ignacio Antonio Vargas Soler;PARTIDO CONSERVADOR COLOMBIANO;91
TINJACA;Luis Alexander Ruiz Salinas;PARTIDO CAMBIO RADICAL;75
TINJACA;Wilson Ricardo Chacon Gonzalez;PARTIDO ALIANZA SOCIAL INDEPENDIENTE ASI;70
TINJACA;Luis Enrique Duran Avila;PARTIDO ALIANZA SOCIAL INDEPENDIENTE ASI;67
TINJACA;Rosa Ines Lopez Castro;PARTIDO ALIANZA SOCIAL INDEPENDIENTE ASI;66
TINJACA;Eliana Mayerly Gonzalez Rozo;PARTIDO ALIANZA VERDE;56
TINJACA;Miguel Angel Aguilar Hernandez;MOVIMIENTO ALTERNATIVO INDIGENA Y SOCIAL MAIS;51
TINJACA;Luis De Jesus Guerrero Guerrero;MOVIMIENTO ALTERNATIVO INDIGENA Y SOCIAL MAIS;41
TINJACA;Sandra Patricia Peralta Rodriguez;PARTIDO CENTRO DEMOCRATICO;38
TINJACA;Monica Pamplona Rodriguez;PARTIDO CENTRO DEMOCRATICO;36
TINJACA;Senen De Jesus Carrillo Duarte;PARTIDO ALIANZA VERDE;36
TINJACA;Ludy Isabel Samaca Mora;PARTIDO ALIANZA SOCIAL INDEPENDIENTE ASI;34
TINJACA;Jorge Arturo Hernandez Chacon;PARTIDO ALIANZA SOCIAL INDEPENDIENTE ASI;33
TINJACA;Wberth Fabian Sierra Hernandez;PARTIDO SOCIAL DE UNIDAD NACIONAL  PARTIDO DE LA U;33
TINJACA;Jose Luis Paredes Ardila;PARTIDO CAMBIO RADICAL;30
TINJACA;Martha Cecilia Duran Villamil;PARTIDO SOCIAL DE UNIDAD NACIONAL  PARTIDO DE LA U;30
TINJACA;Ricardo Nova Calderon;PARTIDO SOCIAL DE UNIDAD NACIONAL  PARTIDO DE LA U;25
TINJACA;Luis Alfredo Avila Peralta;PARTIDO CONSERVADOR COLOMBIANO;24
TINJACA;Virginia Yolima Mendieta Sierra;PARTIDO CAMBIO RADICAL;24
TINJACA;Jose Blas Coy Paez;PARTIDO CENTRO DEMOCRATICO;22
TINJACA;Movimiento Alternativo Indigena Y Social Mais;MOVIMIENTO ALTERNATIVO INDIGENA Y SOCIAL MAIS;18
TINJACA;Luz Carmenza Vargas Coca;PARTIDO CONSERVADOR COLOMBIANO;17
TINJACA;Miguel Angel Coy Coy;PARTIDO ALIANZA VERDE;14
TINJACA;Partido Conservador Colombiano;PARTIDO CONSERVADOR COLOMBIANO;14
TINJACA;Dinael Sierra Vanegas;PARTIDO CONSERVADOR COLOMBIANO;13
TINJACA;Adriana Judith Vanegas Farasica;PARTIDO SOCIAL DE UNIDAD NACIONAL  PARTIDO DE LA U;11
TINJACA;Flor Marina Paez Rendon;PARTIDO CAMBIO RADICAL;11
TINJACA;Ronald Hernando Montaño Moreno;PARTIDO CAMBIO RADICAL;11
TINJACA;Adriana Gisella Salinas Castiblanco;PARTIDO SOCIAL DE UNIDAD NACIONAL  PARTIDO DE LA U;10
TINJACA;Partido Alianza Verde;PARTIDO ALIANZA VERDE;10
TINJACA;Natividad Moreno De Dominguez;PARTIDO ALIANZA SOCIAL INDEPENDIENTE ASI;9
TINJACA;Partido Cambio Radical;PARTIDO CAMBIO RADICAL;7
TINJACA;Maria Del Carmen Villamil Alvarado;PARTIDO CONSERVADOR COLOMBIANO;6
TINJACA;Partido Alianza Social Independiente Asi;PARTIDO ALIANZA SOCIAL INDEPENDIENTE ASI;6
TINJACA;Luisa Fernanda Gutierrez Vega;MOVIMIENTO ALTERNATIVO INDIGENA Y SOCIAL MAIS;5
TINJACA;Irma Rocio Bautista Rodriguez;PARTIDO ALIANZA VERDE;4
TINJACA;Luz Aide Sierra Gonzalez;PARTIDO CONSERVADOR COLOMBIANO;4
TINJACA;Maria Del Carmen Duran Casas;PARTIDO CAMBIO RADICAL;4
TINJACA;Partido Centro Democratico;PARTIDO CENTRO DEMOCRATICO;4
TINJACA;Diana Cristina Fonseca Guerrero;PARTIDO CENTRO DEMOCRATICO;3
TINJACA;Sulay Bermudez Quitian;PARTIDO ALIANZA VERDE;3
TINJACA;Gustavo Castellanos Castillo;PARTIDO SOCIAL DE UNIDAD NACIONAL  PARTIDO DE LA U;2
TINJACA;Lina Julieth Gonzalez Valenzuela;PARTIDO SOCIAL DE UNIDAD NACIONAL  PARTIDO DE LA U;2
TINJACA;Luz Elena Rangel Morales;MOVIMIENTO ALTERNATIVO INDIGENA Y SOCIAL MAIS;2
TINJACA;Partido Social De Unidad Nacional  Partido De La U;PARTIDO SOCIAL DE UNIDAD NACIONAL  PARTIDO DE LA U;2
TINJACA;Leonel Nieto;PARTIDO CENTRO DEMOCRATICO;1
TIPACOQUE;Joselito Barrera Melgarejo;PARTIDO ALIANZA VERDE;183
TIPACOQUE;Jose Esteban Duarte;PARTIDO ALIANZA VERDE;150
TIPACOQUE;Amilcar Aparicio Torres;PARTIDO SOCIAL DE UNIDAD NACIONAL  PARTIDO DE LA U;125
TIPACOQUE;Lucia Fernanda Hernandez Sepulveda;MOVIMIENTO ALTERNATIVO INDIGENA Y SOCIAL MAIS;121
TIPACOQUE;Jose Edgar Reina Lopez;PARTIDO CAMBIO RADICAL;115
TIPACOQUE;Jose Yair Quintero Coronado;PARTIDO LIBERAL COLOMBIANO;115
TIPACOQUE;Ivan Francisco Gallo Hernandez;MOVIMIENTO AUTORIDADES INDIGENAS DE COLOMBIA AICO;98
TIPACOQUE;Jose Silvino Melgarejo Barrera;PARTIDO CENTRO DEMOCRATICO;97
TIPACOQUE;Maria Silvia Cetina Ramirez;PARTIDO SOCIAL DE UNIDAD NACIONAL  PARTIDO DE LA U;86
TIPACOQUE;Maria Nayib Prieto Martinez;PARTIDO ALIANZA VERDE;78
TIPACOQUE;Salustiano Delgado Cetina;PARTIDO LIBERAL COLOMBIANO;78
TIPACOQUE;Uriel Ramirez Angarita;PARTIDO LIBERAL COLOMBIANO;77
TIPACOQUE;Isaac Adelino Romero Rojas;PARTIDO LIBERAL COLOMBIANO;76
TIPACOQUE;Cesar Duvan Quintero Martinez;PARTIDO CAMBIO RADICAL;73
TIPACOQUE;Marlen Fonseca Manrique;PARTIDO ALIANZA SOCIAL INDEPENDIENTE ASI;57
TIPACOQUE;Carlos Julio Garcia Aparicio;MOVIMIENTO ALTERNATIVO INDIGENA Y SOCIAL MAIS;53
TIPACOQUE;Niceforo Martinez Lopez;MOVIMIENTO AUTORIDADES INDIGENAS DE COLOMBIA AICO;53
TIPACOQUE;Robertina Pita Cely;PARTIDO ALIANZA SOCIAL INDEPENDIENTE ASI;51
TIPACOQUE;Jose Alfonso Alvarez Hernandez;MOVIMIENTO ALTERNATIVO INDIGENA Y SOCIAL MAIS;40
TIPACOQUE;Carlos Julio Pimiento Niño;PARTIDO CENTRO DEMOCRATICO;39
TIPACOQUE;Rigoberto Castro Hernandez;PARTIDO CENTRO DEMOCRATICO;38
TIPACOQUE;Alirio Celi Pita;PARTIDO CENTRO DEMOCRATICO;37
TIPACOQUE;Maria Ismenia Prieto Suarez;MOVIMIENTO AUTORIDADES INDIGENAS DE COLOMBIA AICO;37
TIPACOQUE;Alexander Martinez Niño;MOVIMIENTO ALTERNATIVO INDIGENA Y SOCIAL MAIS;32
TIPACOQUE;Alberto Rincon Pimiento;MOVIMIENTO AUTORIDADES INDIGENAS DE COLOMBIA AICO;31
TIPACOQUE;Gladys Parra De Gomez;PARTIDO LIBERAL COLOMBIANO;31
TIPACOQUE;Ingrith Yohana Colmenares Perez;PARTIDO POLO DEMOCRATICO ALTERNATIVO;30
TIPACOQUE;Hector Andres Garcia Avila;PARTIDO ALIANZA SOCIAL INDEPENDIENTE ASI;29
TIPACOQUE;Hernan Figueroa Baron;PARTIDO ALIANZA SOCIAL INDEPENDIENTE ASI;28
TIPACOQUE;Jose German Sanabria Niño;PARTIDO POLO DEMOCRATICO ALTERNATIVO;28
TIPACOQUE;Pepe Coronado Rojas;PARTIDO CAMBIO RADICAL;28
TIPACOQUE;Luz Amanda Cruz Rincon;MOVIMIENTO ALTERNATIVO INDIGENA Y SOCIAL MAIS;27
TIPACOQUE;Benigno Cardenas Acosta;PARTIDO SOCIAL DE UNIDAD NACIONAL  PARTIDO DE LA U;24
TIPACOQUE;Javier Fernando Jimenez Hernandez;PARTIDO SOCIAL DE UNIDAD NACIONAL  PARTIDO DE LA U;24
TIPACOQUE;Rovino Paipa Prieto;PARTIDO CAMBIO RADICAL;23
TIPACOQUE;Esperanza Cetina Quintero;PARTIDO SOCIAL DE UNIDAD NACIONAL  PARTIDO DE LA U;22
TIPACOQUE;Hermogenes Suarez Gomez;PARTIDO POLO DEMOCRATICO ALTERNATIVO;22
TIPACOQUE;Maria De La Cruz Rojas Melendez;PARTIDO CAMBIO RADICAL;22
TIPACOQUE;Carlos Misse;PARTIDO POLO DEMOCRATICO ALTERNATIVO;21
TIPACOQUE;Graciela Castañeda Lopez;PARTIDO POLO DEMOCRATICO ALTERNATIVO;21
TIPACOQUE;Juan David Cobos Guerrero;MOVIMIENTO ALTERNATIVO INDIGENA Y SOCIAL MAIS;20
TIPACOQUE;Jose Manuel Rojas Guerrero;PARTIDO ALIANZA VERDE;19
TIPACOQUE;Ruth Angelica Rincon Garcia;PARTIDO LIBERAL COLOMBIANO;19
TIPACOQUE;Fabian Perez Eslava;PARTIDO SOCIAL DE UNIDAD NACIONAL  PARTIDO DE LA U;15
TIPACOQUE;Partido Liberal Colombiano;PARTIDO LIBERAL COLOMBIANO;15
TIPACOQUE;Omayra Lopez Reina;PARTIDO CENTRO DEMOCRATICO;13
TIPACOQUE;Jessica Galeano Henao;PARTIDO ALIANZA VERDE;12
TIPACOQUE;Maria Antonia Barrera Maldonado;PARTIDO ALIANZA VERDE;12
TIPACOQUE;Deisy Julieth Vargas Cetina;MOVIMIENTO AUTORIDADES INDIGENAS DE COLOMBIA AICO;11
TIPACOQUE;Partido Alianza Verde;PARTIDO ALIANZA VERDE;11
TIPACOQUE;Yuri Andrea Riveros Blanco;MOVIMIENTO ALTERNATIVO INDIGENA Y SOCIAL MAIS;11
TIPACOQUE;Luis Orlando Melendez Perez;PARTIDO POLO DEMOCRATICO ALTERNATIVO;10
TIPACOQUE;Leyla Milena Rojas Torres;PARTIDO CAMBIO RADICAL;9
TIPACOQUE;Pedro Agustin Fuentes Estupiñan;PARTIDO ALIANZA SOCIAL INDEPENDIENTE ASI;7
TIPACOQUE;Samuel Reina;PARTIDO ALIANZA SOCIAL INDEPENDIENTE ASI;6
TIPACOQUE;Movimiento Alternativo Indigena Y Social Mais;MOVIMIENTO ALTERNATIVO INDIGENA Y SOCIAL MAIS;5
TIPACOQUE;Movimiento Autoridades Indigenas De Colombia Aico;MOVIMIENTO AUTORIDADES INDIGENAS DE COLOMBIA AICO;5
TIPACOQUE;Partido Centro Democratico;PARTIDO CENTRO DEMOCRATICO;5
TIPACOQUE;Partido Polo Democratico Alternativo;PARTIDO POLO DEMOCRATICO ALTERNATIVO;5
TIPACOQUE;Partido Social De Unidad Nacional  Partido De La U;PARTIDO SOCIAL DE UNIDAD NACIONAL  PARTIDO DE LA U;5
TIPACOQUE;Partido Alianza Social Independiente Asi;PARTIDO ALIANZA SOCIAL INDEPENDIENTE ASI;4
TIPACOQUE;Rosa Efigenia Duarte Cetina;PARTIDO CENTRO DEMOCRATICO;4
TIPACOQUE;Yeny Liliana Gomez Echeverria;PARTIDO POLO DEMOCRATICO ALTERNATIVO;4
TIPACOQUE;Jose Ramiro Garcia Avila;MOVIMIENTO AUTORIDADES INDIGENAS DE COLOMBIA AICO;3
TIPACOQUE;Partido Cambio Radical;PARTIDO CAMBIO RADICAL;2
TOCA;Ivan Camilo Caicedo Chaparro;MOVIMIENTO ALTERNATIVO INDIGENA Y SOCIAL MAIS;241
TOCA;Jhonatan Alexander Parada Camargo;PARTIDO SOCIAL DE UNIDAD NACIONAL  PARTIDO DE LA U;235
TOCA;Diego Armando Alarcon Acuña;PARTIDO SOCIAL DE UNIDAD NACIONAL  PARTIDO DE LA U;228
TOCA;Miguel Andres Barreto Fonseca;PARTIDO LIBERAL COLOMBIANO;195
TOCA;Jose Miguel Guio Ochoa;PARTIDO COLOMBIA RENACIENTE;189
TOCA;Diego Fernando Rodriguez Becerra;PARTIDO ALIANZA VERDE;186
TOCA;Martha Consuelo Guio Neira;MOVIMIENTO ALTERNATIVO INDIGENA Y SOCIAL MAIS;184
TOCA;Angel Lucero Alba Velandia;MOVIMIENTO ALTERNATIVO INDIGENA Y SOCIAL MAIS;179
TOCA;Yenny Carolina Nuñez Peralta;PARTIDO LIBERAL COLOMBIANO;173
TOCA;Tito Edgar Parada Ortiz;PARTIDO COLOMBIA RENACIENTE;167
TOCA;Yeison Hernan Ayala Burgos;MOVIMIENTO ALTERNATIVO INDIGENA Y SOCIAL MAIS;154
TOCA;Partido Centro Democratico;PARTIDO CENTRO DEMOCRATICO;152
TOCA;Edgar Humberto Alarcon Ochoa;PARTIDO SOCIAL DE UNIDAD NACIONAL  PARTIDO DE LA U;146
TOCA;Absalon Vergara Pacheco;PARTIDO SOCIAL DE UNIDAD NACIONAL  PARTIDO DE LA U;139
TOCA;Wilman Rolando Guerrero Sanchez;PARTIDO SOCIAL DE UNIDAD NACIONAL  PARTIDO DE LA U;135
TOCA;Martin Bernardo Guerrero Rodriguez;PARTIDO ALIANZA VERDE;129
TOCA;Javier Acuña Acevedo;PARTIDO CAMBIO RADICAL;121
TOCA;Sara Valeria Ayala Pineda;PARTIDO COLOMBIA RENACIENTE;118
TOCA;Wilian Fernando Martinez Pita;PARTIDO COLOMBIA RENACIENTE;115
TOCA;Luis Alejandro Jimenez Perez;PARTIDO SOCIAL DE UNIDAD NACIONAL  PARTIDO DE LA U;114
TOCA;Yefer Cristobal Ochoa Pinzon;MOVIMIENTO ALTERNATIVO INDIGENA Y SOCIAL MAIS;112
TOCA;Jonathan Sebastian Amaya Pedraza;PARTIDO ALIANZA VERDE;105
TOCA;Angela Viviana Fonseca Leguizamon;PARTIDO ALIANZA VERDE;97
TOCA;Luis Antonio Moreno Guio;PARTIDO CAMBIO RADICAL;97
TOCA;Nubia Esperanza Daza Bayona;PARTIDO COLOMBIA RENACIENTE;97
TOCA;Angela Patricia Jimenez Alba;PARTIDO LIBERAL COLOMBIANO;96
TOCA;Nestor Izariza Pacanchique;PARTIDO LIBERAL COLOMBIANO;92
TOCA;Yessica Andrea Cruz Rios;PARTIDO LIBERAL COLOMBIANO;86
TOCA;Felix Antonio Velandia Monroy;PARTIDO LIBERAL COLOMBIANO;82
TOCA;Jose Jaime Forero Bolivar;PARTIDO COLOMBIA RENACIENTE;82
TOCA;Maria Cecilia Burgos Lara;PARTIDO CAMBIO RADICAL;82
TOCA;Luis Arcadio Supelano Guio;MOVIMIENTO ALTERNATIVO INDIGENA Y SOCIAL MAIS;75
TOCA;Luis Gonzalo Coronado Perez;PARTIDO SOCIAL DE UNIDAD NACIONAL  PARTIDO DE LA U;73
TOCA;Andres Yesid Arias Vergara;PARTIDO ALIANZA VERDE;72
TOCA;Luis Alfredo Rodriguez Cuervo;PARTIDO CAMBIO RADICAL;62
TOCA;Alberto Aldana Pamplona;PARTIDO COLOMBIA RENACIENTE;58
TOCA;Francy Camargo Ayala;PARTIDO SOCIAL DE UNIDAD NACIONAL  PARTIDO DE LA U;54
TOCA;Maria Elena Perez Aguilar;PARTIDO SOCIAL DE UNIDAD NACIONAL  PARTIDO DE LA U;53
TOCA;David Pompilio Vergara Rojas;PARTIDO CAMBIO RADICAL;52
TOCA;Hector Julio Supelano Guio;PARTIDO LIBERAL COLOMBIANO;50
TOCA;Carolina Mongui Guio;PARTIDO LIBERAL COLOMBIANO;49
TOCA;Martin Manuel Acosta Diaz;PARTIDO CAMBIO RADICAL;49
TOCA;Arveis Arturo Ramos Lagares;PARTIDO LIBERAL COLOMBIANO;45
TOCA;Kimena Rocio Ochoa Correales;MOVIMIENTO ALTERNATIVO INDIGENA Y SOCIAL MAIS;44
TOCA;Hector Danilo Bayona Rios;MOVIMIENTO ALTERNATIVO INDIGENA Y SOCIAL MAIS;43
TOCA;Oscar Humberto Acuña Becerra;PARTIDO CAMBIO RADICAL;43
TOCA;Jineth Alejandra Rodriguez Rodriguez;PARTIDO COLOMBIA RENACIENTE;37
TOCA;Lucio Antonio Guio Tibata;PARTIDO CAMBIO RADICAL;33
TOCA;Yeisson Alberto Martinez Vergara;PARTIDO COLOMBIA RENACIENTE;32
TOCA;Cristian Graciano Galan Moreno;PARTIDO LIBERAL COLOMBIANO;31
TOCA;Lucrecia Molano Tibambre;PARTIDO SOCIAL DE UNIDAD NACIONAL  PARTIDO DE LA U;29
TOCA;Luisa Fernanda Auzaque Martinez;MOVIMIENTO ALTERNATIVO INDIGENA Y SOCIAL MAIS;27
TOCA;Carlos Andres Bayona Moreno;PARTIDO LIBERAL COLOMBIANO;26
TOCA;Pedro Ernesto Guio Molano;PARTIDO ALIANZA VERDE;25
TOCA;Gustavo Pompilio Garcia Hernandez;PARTIDO COLOMBIA RENACIENTE;22
TOCA;Omar Diego Emanuel Rivera Moreno;PARTIDO ALIANZA VERDE;22
TOCA;Magda Yenny Parada Fonseca;PARTIDO ALIANZA VERDE;17
TOCA;Luz Mireya Barreto Moreno;PARTIDO CAMBIO RADICAL;16
TOCA;Partido Alianza Verde;PARTIDO ALIANZA VERDE;16
TOCA;Partido Cambio Radical;PARTIDO CAMBIO RADICAL;16
TOCA;Partido Colombia Renaciente;PARTIDO COLOMBIA RENACIENTE;15
TOCA;Partido Liberal Colombiano;PARTIDO LIBERAL COLOMBIANO;14
TOCA;Partido Social De Unidad Nacional  Partido De La U;PARTIDO SOCIAL DE UNIDAD NACIONAL  PARTIDO DE LA U;14
TOCA;Angie Carolina Avella Hernandez;PARTIDO ALIANZA VERDE;13
TOCA;Dayanna Alejandra Barrera Pita;PARTIDO CAMBIO RADICAL;9
TOCA;Movimiento Alternativo Indigena Y Social Mais;MOVIMIENTO ALTERNATIVO INDIGENA Y SOCIAL MAIS;9
TOGUI;Segundo Ventura Porras Pinilla;PARTIDO CONSERVADOR COLOMBIANO;186
TOGUI;Neison Ariza Riaño;PARTIDO CENTRO DEMOCRATICO;163
TOGUI;Fernando Abril Garcia;PARTIDO CONSERVADOR COLOMBIANO;142
TOGUI;Nidia Margoth Rubiano Figueroa;PARTIDO CONSERVADOR COLOMBIANO;142
TOGUI;Edit Rodriguez Bermudez;PARTIDO CENTRO DEMOCRATICO;137
TOGUI;Diego Fernando Rivera Velandia;PARTIDO LIBERAL COLOMBIANO;136
TOGUI;Miguel Hernando Niño Figueroa;PARTIDO CONSERVADOR COLOMBIANO;128
TOGUI;Maria Fernanda Suarez Aranda;PARTIDO LIBERAL COLOMBIANO;120
TOGUI;Andrea Chitiva Vasquez;PARTIDO CENTRO DEMOCRATICO;118
TOGUI;Eduardo Corredor Morales;PARTIDO ALIANZA VERDE;102
TOGUI;Dalida Audrey Fajardo Ortiz;PARTIDO CONSERVADOR COLOMBIANO;91
TOGUI;German Eduardo Castellanos Hurtado;PARTIDO ALIANZA VERDE;84
TOGUI;Edgar Garcia Saavedra;PARTIDO CENTRO DEMOCRATICO;83
TOGUI;Fredy Alexander Malagon Rivera;PARTIDO LIBERAL COLOMBIANO;80
TOGUI;Carlos Andres Gaona Suarez;PARTIDO ALIANZA VERDE;72
TOGUI;Hector Mario Sanchez Ibague;PARTIDO LIBERAL COLOMBIANO;61
TOGUI;Jose Gregorio Bohorquez Rodriguez;PARTIDO LIBERAL COLOMBIANO;58
TOGUI;Simon Jafed Morales Cuca;MOVIMIENTO ALTERNATIVO INDIGENA Y SOCIAL MAIS;56
TOGUI;Pablo Emiro Roncancio Velandia;PARTIDO CONSERVADOR COLOMBIANO;54
TOGUI;Aleida Castellanos Franco;PARTIDO ALIANZA VERDE;53
TOGUI;Gilberto Sanchez Jimenez;PARTIDO ALIANZA SOCIAL INDEPENDIENTE ASI;49
TOGUI;Jhonn Hitler Blanco Jimenez;PARTIDO ALIANZA VERDE;49
TOGUI;Fabio Isney Jimenez Jimenez;PARTIDO LIBERAL COLOMBIANO;44
TOGUI;Juan Gabriel Galvis Salas;PARTIDO CENTRO DEMOCRATICO;44
TOGUI;Benjamin Mejia Garces;PARTIDO ALIANZA VERDE;42
TOGUI;Oscar Javier Chaves Rodriguez;PARTIDO LIBERAL COLOMBIANO;40
TOGUI;Roque Jacinto Candela Rueda;PARTIDO CONSERVADOR COLOMBIANO;38
TOGUI;Partido Liberal Colombiano;PARTIDO LIBERAL COLOMBIANO;37
TOGUI;Partido Alianza Verde;PARTIDO ALIANZA VERDE;36
TOGUI;Juan Daniel Poveda Garcia;PARTIDO CONSERVADOR COLOMBIANO;35
TOGUI;Ana Hilda Gutierrez Hurtado;PARTIDO LIBERAL COLOMBIANO;31
TOGUI;Julio Fredis Ruiz Abril;PARTIDO ALIANZA VERDE;28
TOGUI;Katherine Ramos Pinzon;PARTIDO ALIANZA SOCIAL INDEPENDIENTE ASI;27
TOGUI;Maria Elena Ramos Amador;PARTIDO LIBERAL COLOMBIANO;25
TOGUI;Partido Conservador Colombiano;PARTIDO CONSERVADOR COLOMBIANO;25
TOGUI;Cesar Alfredo Sanchez Valcarcel;PARTIDO CENTRO DEMOCRATICO;23
TOGUI;Dionicia Aguilar Rueda;PARTIDO ALIANZA VERDE;21
TOGUI;Partido Centro Democratico;PARTIDO CENTRO DEMOCRATICO;16
TOGUI;Jeisson Cardona Piedrahita;MOVIMIENTO ALTERNATIVO INDIGENA Y SOCIAL MAIS;10
TOGUI;Jorge Enrique Rodriguez Avila;PARTIDO ALIANZA SOCIAL INDEPENDIENTE ASI;10
TOGUI;Uber Fabian Riocampo Martinez;MOVIMIENTO ALTERNATIVO INDIGENA Y SOCIAL MAIS;9
TOGUI;Judy Marcela Saavedra Rojas;PARTIDO CENTRO DEMOCRATICO;8
TOGUI;Ruben Fajardo;MOVIMIENTO ALTERNATIVO INDIGENA Y SOCIAL MAIS;8
TOGUI;Raimundo Vargas Salas;PARTIDO ALIANZA SOCIAL INDEPENDIENTE ASI;7
TOGUI;Partido Alianza Social Independiente Asi;PARTIDO ALIANZA SOCIAL INDEPENDIENTE ASI;5
TOGUI;Alejandra Robles;PARTIDO ALIANZA SOCIAL INDEPENDIENTE ASI;4
TOGUI;Luz Jeaneth Suarez Herran;MOVIMIENTO ALTERNATIVO INDIGENA Y SOCIAL MAIS;4
TOGUI;Natalia Ximena Camacho Abril;PARTIDO ALIANZA SOCIAL INDEPENDIENTE ASI;4
TOGUI;Rebeca Corredor Avila;PARTIDO ALIANZA VERDE;4
TOGUI;Alexander Hurtado;PARTIDO ALIANZA SOCIAL INDEPENDIENTE ASI;3
TOGUI;Movimiento Alternativo Indigena Y Social Mais;MOVIMIENTO ALTERNATIVO INDIGENA Y SOCIAL MAIS;3
TOGUI;Diana Marcela Sanchez Aguilar;PARTIDO CONSERVADOR COLOMBIANO;1
TOGUI;Jessica Lorena Fajardo Rodriguez;MOVIMIENTO ALTERNATIVO INDIGENA Y SOCIAL MAIS;1
TOPAGA;Edison Esteban Cardozo Rincon;PARTIDO CONSERVADOR COLOMBIANO;161
TOPAGA;Hector Guillermo Cruz Barrera;PARTIDO CONSERVADOR COLOMBIANO;156
TOPAGA;Wilson Montañez Orduz;MOVIMIENTO ALTERNATIVO INDIGENA Y SOCIAL MAIS;131
TOPAGA;Oscar Oswaldo Cuta Lara;PARTIDO SOCIAL DE UNIDAD NACIONAL  PARTIDO DE LA U;128
TOPAGA;Yesica Paola Merchan Castañeda;PARTIDO CONSERVADOR COLOMBIANO;122
TOPAGA;Ismael Rodriguez Rodriguez;PARTIDO SOCIAL DE UNIDAD NACIONAL  PARTIDO DE LA U;99
TOPAGA;Jorge Mario Valcarcel Castro;PARTIDO ALIANZA SOCIAL INDEPENDIENTE ASI;96
TOPAGA;Dimelsa Lucena Martinez Moreno;PARTIDO CONSERVADOR COLOMBIANO;92
TOPAGA;Jairo Hernando Silva Socha;PARTIDO SOCIAL DE UNIDAD NACIONAL  PARTIDO DE LA U;91
TOPAGA;Henry Amador Salamanca;PARTIDO CENTRO DEMOCRATICO;80
TOPAGA;Maria Ines Torres Camargo;PARTIDO ALIANZA SOCIAL INDEPENDIENTE ASI;76
TOPAGA;Nelson Rodriguez Gaitan;PARTIDO CAMBIO RADICAL;73
TOPAGA;Edwin Javier Perez Salamanca;PARTIDO ALIANZA VERDE;72
TOPAGA;Darwin Smith Nuvan Orduz;PARTIDO ALIANZA VERDE;65
TOPAGA;Oscar Orlando Lugo Carreño;PARTIDO ALIANZA SOCIAL INDEPENDIENTE ASI;64
TOPAGA;Jose Edilberto Salamanca Cruz;PARTIDO CENTRO DEMOCRATICO;63
TOPAGA;Agustin Bonilla Avella;PARTIDO ALIANZA SOCIAL INDEPENDIENTE ASI;56
TOPAGA;Doris Mireya Costilla Figueredo;PARTIDO SOCIAL DE UNIDAD NACIONAL  PARTIDO DE LA U;56
TOPAGA;Mirian Adame Cristancho;PARTIDO ALIANZA VERDE;54
TOPAGA;Hector Daniel Cruz Torres;PARTIDO CENTRO DEMOCRATICO;49
TOPAGA;Hector Tiberio Hurtado Rincon;PARTIDO CAMBIO RADICAL;48
TOPAGA;Ana Rosa Gomez Perez;PARTIDO CAMBIO RADICAL;44
TOPAGA;Viviana Andrea Mojica Gil;PARTIDO ALIANZA SOCIAL INDEPENDIENTE ASI;41
TOPAGA;Duvan Alfonso Rincon Figueredo;PARTIDO CAMBIO RADICAL;40
TOPAGA;Jaime Eyair Cañon Pirajon;PARTIDO CENTRO DEMOCRATICO;36
TOPAGA;Marta Rocio Pabon Rivera;PARTIDO CENTRO DEMOCRATICO;36
TOPAGA;Carlos Alberto Alvarez Barrera;PARTIDO CONSERVADOR COLOMBIANO;31
TOPAGA;Jaime Salamanca Cruz;PARTIDO CONSERVADOR COLOMBIANO;31
TOPAGA;Juan David Cristancho Espitia;PARTIDO ALIANZA VERDE;28
TOPAGA;Nancy Yamile Lemus Sanabria;PARTIDO ALIANZA SOCIAL INDEPENDIENTE ASI;28
TOPAGA;Maria Elvia Rodriguez Saavedra;PARTIDO CAMBIO RADICAL;24
TOPAGA;Luis Ernesto Castro Vargas;PARTIDO ALIANZA SOCIAL INDEPENDIENTE ASI;21
TOPAGA;Miguel Andres Salamanca Rincon;PARTIDO ALIANZA VERDE;21
TOPAGA;Luz Estela Perez Calderon;PARTIDO ALIANZA VERDE;20
TOPAGA;Maria Isabel Duarte Cuy;PARTIDO SOCIAL DE UNIDAD NACIONAL  PARTIDO DE LA U;15
TOPAGA;Merlyn Lizeth Corredor Gil;PARTIDO ALIANZA VERDE;12
TOPAGA;Lina Viviana Curtidor Barrera;MOVIMIENTO ALTERNATIVO INDIGENA Y SOCIAL MAIS;11
TOPAGA;Maria Alejandrina Gonzalez Siuta;PARTIDO CENTRO DEMOCRATICO;11
TOPAGA;Partido Alianza Verde;PARTIDO ALIANZA VERDE;11
TOPAGA;Jenny Esperanza Barrera Vasquez;PARTIDO CONSERVADOR COLOMBIANO;9
TOPAGA;Partido Conservador Colombiano;PARTIDO CONSERVADOR COLOMBIANO;9
TOPAGA;Partido Social De Unidad Nacional  Partido De La U;PARTIDO SOCIAL DE UNIDAD NACIONAL  PARTIDO DE LA U;8
TOPAGA;Nidia Aneth Rodriguez Rincon;MOVIMIENTO ALTERNATIVO INDIGENA Y SOCIAL MAIS;7
TOPAGA;Partido Centro Democratico;PARTIDO CENTRO DEMOCRATICO;7
TOPAGA;Silvio Alfredo Vega Castrillon;MOVIMIENTO ALTERNATIVO INDIGENA Y SOCIAL MAIS;6
TOPAGA;Jose Higinio Tejedor Romero;PARTIDO SOCIAL DE UNIDAD NACIONAL  PARTIDO DE LA U;5
TOPAGA;Movimiento Alternativo Indigena Y Social Mais;MOVIMIENTO ALTERNATIVO INDIGENA Y SOCIAL MAIS;5
TOPAGA;Partido Cambio Radical;PARTIDO CAMBIO RADICAL;5
TOPAGA;Partido Alianza Social Independiente Asi;PARTIDO ALIANZA SOCIAL INDEPENDIENTE ASI;3
TOPAGA;Jorge Daniel Adame Perez;PARTIDO CAMBIO RADICAL;2
TOPAGA;Veronica Cruz Chacon;PARTIDO CAMBIO RADICAL;2
TOPAGA;Astrid Rocio Aguirre Salamanca;PARTIDO CENTRO DEMOCRATICO;1
TOTA;Jonathan Fernando Pulido Martinez;PARTIDO ALIANZA SOCIAL INDEPENDIENTE ASI;252
TOTA;Mauricio Martinez Rodriguez;PARTIDO CENTRO DEMOCRATICO;191
TOTA;Ciro Antonio Talero;PARTIDO CONSERVADOR COLOMBIANO;181
TOTA;Edwin Arley Pineda Riaño;PARTIDO CENTRO DEMOCRATICO;164
TOTA;Javier Condiza Rojas;PARTIDO ALIANZA SOCIAL INDEPENDIENTE ASI;159
TOTA;Maria Yolanda Martinez Suancha;PARTIDO ALIANZA SOCIAL INDEPENDIENTE ASI;155
TOTA;William Alexander Martinez Chaparro;PARTIDO CONSERVADOR COLOMBIANO;118
TOTA;Nelso Ivan Huerfano Correa;PARTIDO CONSERVADOR COLOMBIANO;115
TOTA;Jose Willam Perez;PARTIDO CENTRO DEMOCRATICO;98
TOTA;Ana Patricia Martinez Herrera;PARTIDO ALIANZA VERDE;97
TOTA;Geyme Alecsander Garcia Rincon;PARTIDO ALIANZA VERDE;91
TOTA;Samuel Cardozo Gutierrez;PARTIDO LIBERAL COLOMBIANO;91
TOTA;Segundo Jose Perez Chaparro;PARTIDO ALIANZA VERDE;82
TOTA;Johel Ivan Aranguren Leon;PARTIDO ALIANZA VERDE;70
TOTA;Jorge Alberto Diaz Bautista;PARTIDO ALIANZA SOCIAL INDEPENDIENTE ASI;70
TOTA;Jose Orlando Moreno Guanumen;PARTIDO CONSERVADOR COLOMBIANO;68
TOTA;Pedro Nel Riaño Morales;PARTIDO LIBERAL COLOMBIANO;66
TOTA;Cristian Andres Martinez Aranguren;MOVIMIENTO ALTERNATIVO INDIGENA Y SOCIAL MAIS;61
TOTA;Diana Rocio Martinez Lopez;PARTIDO ALIANZA SOCIAL INDEPENDIENTE ASI;58
TOTA;Wilson Hernando Alba Lopez;PARTIDO ALIANZA SOCIAL INDEPENDIENTE ASI;56
TOTA;Lelio Jose Sanchez Riaño;PARTIDO CENTRO DEMOCRATICO;54
TOTA;Remigio Talero Sanchez;PARTIDO LIBERAL COLOMBIANO;51
TOTA;Johanna Jimena Peñarete Gutierrez;PARTIDO CONSERVADOR COLOMBIANO;50
TOTA;Carlos Alberto Bernal Rojas;PARTIDO SOCIAL DE UNIDAD NACIONAL  PARTIDO DE LA U;49
TOTA;Luis Carlos Millan Aranguren;MOVIMIENTO ALTERNATIVO INDIGENA Y SOCIAL MAIS;41
TOTA;Alonso Talero Sanchez;MOVIMIENTO ALTERNATIVO INDIGENA Y SOCIAL MAIS;38
TOTA;Jhonatan Alegre Guanume;PARTIDO CONSERVADOR COLOMBIANO;37
TOTA;Carlos Gabriel Morales Morales;PARTIDO CAMBIO RADICAL;36
TOTA;Nancy Rodriguez Riaño;PARTIDO SOCIAL DE UNIDAD NACIONAL  PARTIDO DE LA U;35
TOTA;Jaime Edilberto Alba Lopez;PARTIDO SOCIAL DE UNIDAD NACIONAL  PARTIDO DE LA U;34
TOTA;Cristian Alberto Lopez Martinez;PARTIDO CENTRO DEMOCRATICO;31
TOTA;German Giral Huerfano;PARTIDO CAMBIO RADICAL;29
TOTA;Judy Isabel Soto Chasoi;PARTIDO SOCIAL DE UNIDAD NACIONAL  PARTIDO DE LA U;29
TOTA;Myriam Ceron Rincon;PARTIDO SOCIAL DE UNIDAD NACIONAL  PARTIDO DE LA U;28
TOTA;Pedro Antonio Lemus Choconta;PARTIDO ALIANZA VERDE;25
TOTA;Carlos Arturo Wanumen Sanchez;PARTIDO CONSERVADOR COLOMBIANO;24
TOTA;Partido Liberal Colombiano;PARTIDO LIBERAL COLOMBIANO;17
TOTA;Blanca Rosio Camargo Pulido;MOVIMIENTO ALTERNATIVO INDIGENA Y SOCIAL MAIS;16
TOTA;Movimiento Alternativo Indigena Y Social Mais;MOVIMIENTO ALTERNATIVO INDIGENA Y SOCIAL MAIS;16
TOTA;Alvaro Lemus Forigua;PARTIDO LIBERAL COLOMBIANO;15
TOTA;Partido Alianza Verde;PARTIDO ALIANZA VERDE;15
TOTA;Deisy Elizabeth Martinez Alarcon;PARTIDO SOCIAL DE UNIDAD NACIONAL  PARTIDO DE LA U;14
TOTA;Marco Aurelio Martinez Diaz;PARTIDO LIBERAL COLOMBIANO;14
TOTA;Partido Centro Democratico;PARTIDO CENTRO DEMOCRATICO;14
TOTA;Partido Conservador Colombiano;PARTIDO CONSERVADOR COLOMBIANO;13
TOTA;Ana Elvira Vargas De Lopez;MOVIMIENTO ALTERNATIVO INDIGENA Y SOCIAL MAIS;12
TOTA;Millar Ceron Cruz;MOVIMIENTO ALTERNATIVO INDIGENA Y SOCIAL MAIS;12
TOTA;Partido Alianza Social Independiente Asi;PARTIDO ALIANZA SOCIAL INDEPENDIENTE ASI;12
TOTA;Yefer Yonander Chaparro Chaparro;PARTIDO ALIANZA VERDE;12
TOTA;Carlos Nelson Riaño Aranguren;PARTIDO LIBERAL COLOMBIANO;11
TOTA;Mauricio Bautista Diaz;PARTIDO ALIANZA VERDE;11
TOTA;Monica Jimena Riaño Melo;PARTIDO ALIANZA VERDE;6
TOTA;Francisney Restrepo Perez;MOVIMIENTO ALTERNATIVO INDIGENA Y SOCIAL MAIS;5
TOTA;Partido Cambio Radical;PARTIDO CAMBIO RADICAL;5
TOTA;Partido Social De Unidad Nacional  Partido De La U;PARTIDO SOCIAL DE UNIDAD NACIONAL  PARTIDO DE LA U;5
TOTA;Elizabeth Moreno Moreno;PARTIDO CENTRO DEMOCRATICO;4
TOTA;Maria Rosmira Joya Vargas;PARTIDO CAMBIO RADICAL;4
TOTA;Martha Liliana Martinez Suancha;PARTIDO CONSERVADOR COLOMBIANO;4
TOTA;Olga Maria Sierra Perez;PARTIDO SOCIAL DE UNIDAD NACIONAL  PARTIDO DE LA U;4
TOTA;Anderson Riaño Leon;PARTIDO CAMBIO RADICAL;3
TOTA;Diana Mayerly Lopez Lopez;PARTIDO CENTRO DEMOCRATICO;3
TOTA;Julio Armando Talero Joya;PARTIDO SOCIAL DE UNIDAD NACIONAL  PARTIDO DE LA U;3
TOTA;Leonel Martinez Diaz;PARTIDO CAMBIO RADICAL;3
TOTA;Maribel Vargas Chaparro;PARTIDO ALIANZA VERDE;3
TOTA;Nohora Jasmin Martinez Aranguen;PARTIDO CENTRO DEMOCRATICO;3
TOTA;Leidi Katherine Gomez Ochoa;PARTIDO ALIANZA SOCIAL INDEPENDIENTE ASI;2
TOTA;Ludy Tatiana Martinez Espejo;PARTIDO CONSERVADOR COLOMBIANO;2
TOTA;Neila Lorena Riaño Rojas;PARTIDO CAMBIO RADICAL;2
TOTA;Amira Marcela Perez Rojas;PARTIDO LIBERAL COLOMBIANO;1
TOTA;Claudia Patricia Martinez Diaz;PARTIDO LIBERAL COLOMBIANO;1
TOTA;Jhon Fredy Lemus Gutierrez;PARTIDO ALIANZA SOCIAL INDEPENDIENTE ASI;1
TUNJA;Partido Colombia Justa Libres;PARTIDO COLOMBIA JUSTA LIBRES;2161
TUNJA;Juan Carlos Borda Torres;PARTIDO ALIANZA SOCIAL INDEPENDIENTE ASI;1892
TUNJA;Pedro Alexander Pineda Avila;PARTIDO ALIANZA VERDE;1782
TUNJA;Mario Josue Junco Orduz;PARTIDO LIBERAL COLOMBIANO;1469
TUNJA;Karen Lucia Molano Granados;PARTIDO ALIANZA VERDE;1461
TUNJA;Camilo Hernan Hoyos Gomez;PARTIDO CONSERVADOR - PARTIDO POLITICO MIRA;1415
TUNJA;Eddye Yarik Reyes Grisales;PARTIDO ALIANZA VERDE;1340
TUNJA;Rafael Adolfo Rojas Martinez;PARTIDO LIBERAL COLOMBIANO;1289
TUNJA;Julian David Mariño Sosa;PARTIDO CONSERVADOR - PARTIDO POLITICO MIRA;1256
TUNJA;Juan Eduardo Escobar Vargas;PARTIDO SOCIAL DE UNIDAD NACIONAL  PARTIDO DE LA U;1238
TUNJA;Luis Alejandro Camargo Martinez;PARTIDO CENTRO DEMOCRATICO;1171
TUNJA;Julian Yamith Lopez Laiton;PARTIDO ALIANZA VERDE;1156
TUNJA;Jail Alexander Corredor Valderrama;PARTIDO LIBERAL COLOMBIANO;1055
TUNJA;Yefer Alexander Pinzon Alvarez;PARTIDO CONSERVADOR - PARTIDO POLITICO MIRA;1003
TUNJA;Brahiam Fernando Quintana Martinez;PARTIDO ALIANZA VERDE;992
TUNJA;Wilson Ruiz Lara;PARTIDO CAMBIO RADICAL;992
TUNJA;Sandra Milena Estupiñan Orjuela;PARTIDO CAMBIO RADICAL;980
TUNJA;Nelson Fabian Perez Burgos;PARTIDO CAMBIO RADICAL;962
TUNJA;Jonathan Armando Bosigas Malagon;MOVIMIENTO ALTERNATIVO INDIGENA Y SOCIAL MAIS;958
TUNJA;David Ricardo Contreras Alvarez;COALICION TUNJA;934
TUNJA;Carlos Andres Rondon Gonzalez;PARTIDO LIBERAL COLOMBIANO;904
TUNJA;Luz Magdalena Diaz Cardenas;PARTIDO CENTRO DEMOCRATICO;898
TUNJA;Javier Humberto Fuentes Ortega;PARTIDO LIBERAL COLOMBIANO;865
TUNJA;Diana Paola Rodriguez Robles;PARTIDO CAMBIO RADICAL;854
TUNJA;Jairo Orlando Pedraza Canaria;PARTIDO COLOMBIA RENACIENTE;840
TUNJA;Geovani Torres Pulido;PARTIDO COLOMBIA RENACIENTE;835
TUNJA;Maria Monica Saavedra Vargas;PARTIDO ALIANZA VERDE;828
TUNJA;Silvino Gil La Rotta;PARTIDO CONSERVADOR - PARTIDO POLITICO MIRA;819
TUNJA;Jeffer Simon Parra Bohorquez;MOVIMIENTO ALTERNATIVO INDIGENA Y SOCIAL MAIS;789
TUNJA;Enrique Armando Cortes Martinez;LATIMOS MOVIMIENTO CIVICO POR TUNJA;775
TUNJA;Juan Camilo Moreno Castelblanco;PARTIDO CONSERVADOR - PARTIDO POLITICO MIRA;770
TUNJA;Yecid Staly Forero Rojas;LATIMOS MOVIMIENTO CIVICO POR TUNJA;767
TUNJA;Edgar Leonardo Saavedra Caceres;LATIMOS MOVIMIENTO CIVICO POR TUNJA;757
TUNJA;Jairo Hernan Chillan Reyes;PARTIDO LIBERAL COLOMBIANO;750
TUNJA;Oscar Javier Guio Cajigas;LATIMOS MOVIMIENTO CIVICO POR TUNJA;738
TUNJA;Fabian Andres Arias Hernandez;LATIMOS MOVIMIENTO CIVICO POR TUNJA;732
TUNJA;Julio Cesar Chaparro Moreno;PARTIDO CONSERVADOR - PARTIDO POLITICO MIRA;709
TUNJA;Partido Alianza Verde;PARTIDO ALIANZA VERDE;697
TUNJA;Jorge Edisson Sanabria Gonzalez;PARTIDO CAMBIO RADICAL;687
TUNJA;Carlos Felipe Prieto Rodriguez;LATIMOS MOVIMIENTO CIVICO POR TUNJA;677
TUNJA;Juan Pablo Rivera Chisica;PARTIDO ALIANZA VERDE;656
TUNJA;Maryory Catherin Ortiz Alvarez;COALICION TUNJA;619
TUNJA;Pilar Bernal Zamora;PARTIDO CONSERVADOR - PARTIDO POLITICO MIRA;618
TUNJA;Carlos Alberto Plazas Beltran;PARTIDO LIBERAL COLOMBIANO;615
TUNJA;Carlos Antonio Rodriguez Molina;MOVIMIENTO ALTERNATIVO INDIGENA Y SOCIAL MAIS;607
TUNJA;Oscar Esteban Soler Arias;PARTIDO ALIANZA VERDE;585
TUNJA;Nelson Enrique Parra Guerrero;PARTIDO LIBERAL COLOMBIANO;577
TUNJA;Ilbar Edilson Lopez Ruiz;PARTIDO COLOMBIA RENACIENTE;554
TUNJA;Armando Rodriguez Rubio;MOVIMIENTO ALTERNATIVO INDIGENA Y SOCIAL MAIS;549
TUNJA;Juvenal Santisteban Rodriguez;PARTIDO ALIANZA VERDE;539
TUNJA;Miguel Angel Franco Yanquen;PARTIDO ALIANZA VERDE;532
TUNJA;Victor Alfonso Reyes Suarez;PARTIDO CAMBIO RADICAL;526
TUNJA;Blanca Rubi Mendieta Pastran;PARTIDO CONSERVADOR - PARTIDO POLITICO MIRA;520
TUNJA;Jeisson Fernando Forero Peña;MOVIMIENTO ALTERNATIVO INDIGENA Y SOCIAL MAIS;520
TUNJA;Emerson Mauricio Soler Najar;LATIMOS MOVIMIENTO CIVICO POR TUNJA;507
TUNJA;Simon Medina Moreno;MOVIMIENTO ALTERNATIVO INDIGENA Y SOCIAL MAIS;505
TUNJA;Hernan David Reyes Leon;PARTIDO ALIANZA VERDE;500
TUNJA;Omar Jose Sanabria Muñoz;PARTIDO LIBERAL COLOMBIANO;493
TUNJA;Julio Hernando Bautista Lopez;PARTIDO ALIANZA VERDE;485
TUNJA;Jose Joaquin Camacho Suarez;PARTIDO CENTRO DEMOCRATICO;483
TUNJA;Hugo Hernan Avila Palacios;PARTIDO LIBERAL COLOMBIANO;471
TUNJA;German Tarcicio Mora Sandoval;PARTIDO SOCIAL DE UNIDAD NACIONAL  PARTIDO DE LA U;466
TUNJA;Jose Epaminondas Muñoz Molano;MOVIMIENTO ALTERNATIVO INDIGENA Y SOCIAL MAIS;463
TUNJA;Jose Vicente Pineda Lemus;MOVIMIENTO AUTORIDADES INDIGENAS DE COLOMBIA AICO;453
TUNJA;Diego Matamoros Lopez;LATIMOS MOVIMIENTO CIVICO POR TUNJA;450
TUNJA;Tulio Enrique Rios Pineda;PARTIDO CONSERVADOR - PARTIDO POLITICO MIRA;438
TUNJA;Luz Marina Moreno Castillo;PARTIDO ALIANZA VERDE;430
TUNJA;Sandra Milena Castiblanco Molano;PARTIDO ALIANZA VERDE;429
TUNJA;Oswaldo Gonzalez Baron;PARTIDO SOCIAL DE UNIDAD NACIONAL  PARTIDO DE LA U;426
TUNJA;Nestor Alvarado Barrero;PARTIDO ALIANZA SOCIAL INDEPENDIENTE ASI;415
TUNJA;Gabriel Eduardo Gonzalez Cardenas;MOVIMIENTO ALTERNATIVO INDIGENA Y SOCIAL MAIS;414
TUNJA;Ivan Mauricio Guio Montoya;PARTIDO SOCIAL DE UNIDAD NACIONAL  PARTIDO DE LA U;403
TUNJA;Juan David Moreno Ramirez;PARTIDO SOCIAL DE UNIDAD NACIONAL  PARTIDO DE LA U;393
TUNJA;Edgar Eduardo Orjuela Chaparro;PARTIDO SOCIAL DE UNIDAD NACIONAL  PARTIDO DE LA U;380
TUNJA;Ana Margarita Velasquez Orjuela;PARTIDO LIBERAL COLOMBIANO;377
TUNJA;Frank Albert Martinez Macias;PARTIDO CENTRO DEMOCRATICO;377
TUNJA;Juver Orlando Garcia Vargas;PARTIDO SOCIAL DE UNIDAD NACIONAL  PARTIDO DE LA U;355
TUNJA;Sonia Patricia Martinez Morales;MOVIMIENTO ALTERNATIVO INDIGENA Y SOCIAL MAIS;354
TUNJA;Julio Alberto Maldonado Rodriguez;MOVIMIENTO AUTORIDADES INDIGENAS DE COLOMBIA AICO;345
TUNJA;Yudy Samantha Plata Jimenez;PARTIDO LIBERAL COLOMBIANO;341
TUNJA;Pablo Mendoza Vargas;PARTIDO LIBERAL COLOMBIANO;329
TUNJA;Jose Baudilio Lopez Garzon;PARTIDO CONSERVADOR - PARTIDO POLITICO MIRA;328
TUNJA;Ayda Nataly Bayona Espejo;LATIMOS MOVIMIENTO CIVICO POR TUNJA;324
TUNJA;Andres Felipe Duarte Gonzalez;PARTIDO CONSERVADOR - PARTIDO POLITICO MIRA;323
TUNJA;Adriana Martinez Rojas;PARTIDO CENTRO DEMOCRATICO;317
TUNJA;Soley Nayibe Diaz Niño;PARTIDO ALIANZA SOCIAL INDEPENDIENTE ASI;313
TUNJA;Milton Manuel Vargas Ruiz;PARTIDO ALIANZA VERDE;311
TUNJA;Emmel Mauricio Vargas Quiñones;MOVIMIENTO ALTERNATIVO INDIGENA Y SOCIAL MAIS;304
TUNJA;Jeniffer Alexandra Camargo Aguilar;MOVIMIENTO ALTERNATIVO INDIGENA Y SOCIAL MAIS;288
TUNJA;Aron Adelmo Sanabria Jimenez;PARTIDO CAMBIO RADICAL;280
TUNJA;Melquicedec Galindo Tovar;COALICION TUNJA;279
TUNJA;Henry Navarro Quintero;PARTIDO ALIANZA SOCIAL INDEPENDIENTE ASI;276
TUNJA;Janneth Alicia Alvarez Niño;PARTIDO CAMBIO RADICAL;271
TUNJA;Coalicion Tunja;COALICION TUNJA;269
TUNJA;Jhon Jairo Hernandez Gonzalez;PARTIDO SOCIAL DE UNIDAD NACIONAL  PARTIDO DE LA U;269
TUNJA;Movimiento Alternativo Indigena Y Social Mais;MOVIMIENTO ALTERNATIVO INDIGENA Y SOCIAL MAIS;265
TUNJA;Felipe Garcia Torres;PARTIDO CAMBIO RADICAL;254
TUNJA;Humberto Casteblanco Ruano;PARTIDO CAMBIO RADICAL;249
TUNJA;Jairo Andres Barajas Tocarruncho;PARTIDO CENTRO DEMOCRATICO;248
TUNJA;William Fonseca Ruiz;PARTIDO SOCIAL DE UNIDAD NACIONAL  PARTIDO DE LA U;246
TUNJA;Andres Fernando Diaz Parra;PARTIDO CAMBIO RADICAL;244
TUNJA;Jose Julio Borda Mancipe;MOVIMIENTO ALTERNATIVO INDIGENA Y SOCIAL MAIS;243
TUNJA;Partido Liberal Colombiano;PARTIDO LIBERAL COLOMBIANO;242
TUNJA;Jose Cristobal Suarez Alba;MOVIMIENTO ALTERNATIVO INDIGENA Y SOCIAL MAIS;236
TUNJA;Manuel Antonio Ayala Mosquera;PARTIDO ALIANZA SOCIAL INDEPENDIENTE ASI;231
TUNJA;Luz Marina Arias Plazas;PARTIDO ADA;230
TUNJA;John Alberto Moreno Galindo;PARTIDO CENTRO DEMOCRATICO;229
TUNJA;Partido Centro Democratico;PARTIDO CENTRO DEMOCRATICO;227
TUNJA;Rolfe Bohorquez Bernal;PARTIDO COLOMBIA RENACIENTE;221
TUNJA;Julian Santiago Rodriguez Rodriguez;COALICION TUNJA;215
TUNJA;Santiago Calderon Navarrete;PARTIDO COLOMBIA RENACIENTE;212
TUNJA;Yvone Dayana Quintero Contreras;LATIMOS MOVIMIENTO CIVICO POR TUNJA;202
TUNJA;Jorge Luis Lopez Parra;PARTIDO ALIANZA SOCIAL INDEPENDIENTE ASI;201
TUNJA;Julio Alberto Molano Bolivar;PARTIDO ALIANZA SOCIAL INDEPENDIENTE ASI;200
TUNJA;Gustavo Adolfo Castañeda Barreto;PARTIDO ALIANZA SOCIAL INDEPENDIENTE ASI;199
TUNJA;Nataly Yohana Callejas Rodriguez;LATIMOS MOVIMIENTO CIVICO POR TUNJA;189
TUNJA;Carlos Augusto Romero Salamanca;PARTIDO CONSERVADOR - PARTIDO POLITICO MIRA;186
TUNJA;Flor Alba Duran Olivares;LATIMOS MOVIMIENTO CIVICO POR TUNJA;186
TUNJA;Elsa Patricia Gonzalez Rodriguez;MOVIMIENTO ALTERNATIVO INDIGENA Y SOCIAL MAIS;184
TUNJA;Jose Eduardo Muñoz Garcia;LATIMOS MOVIMIENTO CIVICO POR TUNJA;184
TUNJA;Bianey Sanchez Tapias;PARTIDO SOCIAL DE UNIDAD NACIONAL  PARTIDO DE LA U;175
TUNJA;Liliam Zoraya Sanchez Moreno;PARTIDO CAMBIO RADICAL;171
TUNJA;Manuel Buitrago Cardenas;PARTIDO ALIANZA SOCIAL INDEPENDIENTE ASI;162
TUNJA;Maria Paulina Buitrago Alba;PARTIDO ALIANZA SOCIAL INDEPENDIENTE ASI;162
TUNJA;Nelson Omar Diaz Quintero;MOVIMIENTO AUTORIDADES INDIGENAS DE COLOMBIA AICO;162
TUNJA;Jose Alexander Fayad Gomez;PARTIDO ALIANZA SOCIAL INDEPENDIENTE ASI;153
TUNJA;Nerlly Valencia Castañeda;PARTIDO COLOMBIA RENACIENTE;150
TUNJA;Jeimy Nasdel Castro Grosso;PARTIDO ALIANZA SOCIAL INDEPENDIENTE ASI;147
TUNJA;Hector Alirio Guerrero Moreno;PARTIDO COLOMBIA RENACIENTE;146
TUNJA;Deisy Yolanda Del Carmen Rincon Arismendi;LATIMOS MOVIMIENTO CIVICO POR TUNJA;145
TUNJA;Partido Conservador - Partido Politico Mira;PARTIDO CONSERVADOR - PARTIDO POLITICO MIRA;145
TUNJA;Jesus Leonardo Yoldy Leon;COALICION TUNJA;144
TUNJA;Angela Bustamante Ruiz;MOVIMIENTO ALTERNATIVO INDIGENA Y SOCIAL MAIS;143
TUNJA;Jorge Alberto Vargas Buitrago;MOVIMIENTO AUTORIDADES INDIGENAS DE COLOMBIA AICO;143
TUNJA;Diana Marcela Herrera Guerrero;PARTIDO ALIANZA VERDE;141
TUNJA;Ehidy Edith Gonzalez Tibata;PARTIDO LIBERAL COLOMBIANO;139
TUNJA;Eduyn Manuel Perez Corredor;MOVIMIENTO AUTORIDADES INDIGENAS DE COLOMBIA AICO;133
TUNJA;Yolanda Cordoba Rincon;PARTIDO SOCIAL DE UNIDAD NACIONAL  PARTIDO DE LA U;133
TUNJA;Zelfa Kasandra Rincon Amaya;PARTIDO ALIANZA VERDE;132
TUNJA;Wilbert Yesid Diaz Solano;PARTIDO CAMBIO RADICAL;130
TUNJA;Kevin David Rodriguez Garay;PARTIDO ALIANZA SOCIAL INDEPENDIENTE ASI;124
TUNJA;Latimos Movimiento Civico Por Tunja;LATIMOS MOVIMIENTO CIVICO POR TUNJA;122
TUNJA;Silvestre Cusba Morales;PARTIDO CAMBIO RADICAL;120
TUNJA;Herlendy Teresa Perez Tamara;MOVIMIENTO ALTERNATIVO INDIGENA Y SOCIAL MAIS;119
TUNJA;Luis Abel Piñeros Santana;COALICION TUNJA;117
TUNJA;Clara Ines Forero Guio;PARTIDO ADA;114
TUNJA;Laura Milena Avila Fuya;LATIMOS MOVIMIENTO CIVICO POR TUNJA;113
TUNJA;Fabio Grijalba Plazas;PARTIDO COLOMBIA RENACIENTE;111
TUNJA;Cristian Alejandro Prieto Ramos;LATIMOS MOVIMIENTO CIVICO POR TUNJA;107
TUNJA;Partido Cambio Radical;PARTIDO CAMBIO RADICAL;104
TUNJA;Gilber Efren Burgos Puerta;PARTIDO CENTRO DEMOCRATICO;88
TUNJA;Juan Fernando Jimenez Rodriguez;PARTIDO ADA;88
TUNJA;Luz Dary Amaya Sanchez;PARTIDO ADA;88
TUNJA;Heriberto Vasquez Calderon;PARTIDO COLOMBIA RENACIENTE;86
TUNJA;Laura Ines Gomez Niño;PARTIDO CONSERVADOR - PARTIDO POLITICO MIRA;86
TUNJA;Ana Soledad Melgarejo Arevalo;PARTIDO CONSERVADOR - PARTIDO POLITICO MIRA;85
TUNJA;Ovidio Farfan Huertas;PARTIDO SOCIAL DE UNIDAD NACIONAL  PARTIDO DE LA U;85
TUNJA;Nelly Dayanne Paez Mesa;MOVIMIENTO AUTORIDADES INDIGENAS DE COLOMBIA AICO;82
TUNJA;Lady Carolina Martinez Molina;PARTIDO SOCIAL DE UNIDAD NACIONAL  PARTIDO DE LA U;79
TUNJA;Jairo Enrique Pachon Eugenio;PARTIDO COLOMBIA RENACIENTE;78
TUNJA;Jaime Alberto Cardona Sanchez;PARTIDO CAMBIO RADICAL;77
TUNJA;Jairo Humberto Vargas Najar;COALICION TUNJA;77
TUNJA;Jaime Roberto Vallarino Caro;COALICION TUNJA;74
TUNJA;Partido Alianza Social Independiente Asi;PARTIDO ALIANZA SOCIAL INDEPENDIENTE ASI;73
TUNJA;Claudia Marcela Rojas Arrazola;PARTIDO LIBERAL COLOMBIANO;70
TUNJA;Fernando Rojas Aguilar;COALICION TUNJA;70
TUNJA;Marcos Evangelista Ortiz Cardenas;MOVIMIENTO AUTORIDADES INDIGENAS DE COLOMBIA AICO;70
TUNJA;Partido Colombia Renaciente;PARTIDO COLOMBIA RENACIENTE;68
TUNJA;Cecilia Munevar Candela;PARTIDO COLOMBIA RENACIENTE;65
TUNJA;Ivon Alexandra Gonzalez Gomez;PARTIDO CENTRO DEMOCRATICO;65
TUNJA;Diana Yarley Gutierrez Rativa;PARTIDO CAMBIO RADICAL;64
TUNJA;Agueda Milena Vargas Vargas;MOVIMIENTO ALTERNATIVO INDIGENA Y SOCIAL MAIS;61
TUNJA;Alfonso Rojas Acero;COALICION TUNJA;59
TUNJA;Mayerly Katherine Rojas Leon;COALICION TUNJA;59
TUNJA;Yaqueline Castellanos Pachon;PARTIDO COLOMBIA RENACIENTE;59
TUNJA;Partido Social De Unidad Nacional  Partido De La U;PARTIDO SOCIAL DE UNIDAD NACIONAL  PARTIDO DE LA U;56
TUNJA;Rosalba Ruiz Parra;MOVIMIENTO AUTORIDADES INDIGENAS DE COLOMBIA AICO;56
TUNJA;Alexander Peña Santoya;MOVIMIENTO AUTORIDADES INDIGENAS DE COLOMBIA AICO;54
TUNJA;Cleotilde Garavito Merchan;PARTIDO LIBERAL COLOMBIANO;54
TUNJA;Olga Jannethe Molina Mendoza;PARTIDO CENTRO DEMOCRATICO;52
TUNJA;Carlos Arturo Raquira Rios;COALICION TUNJA;51
TUNJA;Carol Yuliana Zapata Lopez;PARTIDO COLOMBIA RENACIENTE;51
TUNJA;Juan Carlos Vargas Chaparro;PARTIDO SOCIAL DE UNIDAD NACIONAL  PARTIDO DE LA U;50
TUNJA;Julian Arley Rincon Gutierrez;PARTIDO CENTRO DEMOCRATICO;49
TUNJA;Luis Alberto Ramos Wilches;PARTIDO ADA;49
TUNJA;Leyda Muñoz Rodriguez;PARTIDO ADA;47
TUNJA;Miguel Alonso Molano Molano;PARTIDO ADA;47
TUNJA;Diego Fernando Reyes Calderon;PARTIDO CENTRO DEMOCRATICO;43
TUNJA;Elena Marcela Chivata Sierra;PARTIDO CONSERVADOR - PARTIDO POLITICO MIRA;41
TUNJA;Doris Parada;PARTIDO CAMBIO RADICAL;40
TUNJA;Angie Liliana Pedraza Zea;PARTIDO CONSERVADOR - PARTIDO POLITICO MIRA;39
TUNJA;Hilda Patricia Delgado Soler;PARTIDO COLOMBIA RENACIENTE;39
TUNJA;Karen Melisa Callejas Parra;PARTIDO CENTRO DEMOCRATICO;39
TUNJA;Luis Felipe Burgos Fonseca;MOVIMIENTO AUTORIDADES INDIGENAS DE COLOMBIA AICO;39
TUNJA;German Peña Becerra;PARTIDO ALIANZA SOCIAL INDEPENDIENTE ASI;38
TUNJA;Paola Andrea Rodriguez Tibocha;PARTIDO CENTRO DEMOCRATICO;37
TUNJA;Blanca Beatriz Medina Sepulveda;PARTIDO CENTRO DEMOCRATICO;35
TUNJA;Jeisson Camilo Nieto Hurtado;PARTIDO CENTRO DEMOCRATICO;35
TUNJA;Irenarco Cala Bayona;PARTIDO ADA;34
TUNJA;Laura Daniela Gamez Parada;PARTIDO SOCIAL DE UNIDAD NACIONAL  PARTIDO DE LA U;34
TUNJA;Fairus Ziomara Cortazar Nieto;PARTIDO SOCIAL DE UNIDAD NACIONAL  PARTIDO DE LA U;33
TUNJA;Jorge Armando Rodriguez Jaimes;PARTIDO ADA;33
TUNJA;Carolina Alvarez;PARTIDO ALIANZA SOCIAL INDEPENDIENTE ASI;31
TUNJA;Gloria Isabel Salamanca Amezquita;COALICION TUNJA;31
TUNJA;Maria Consuelo Caicedo Roman;PARTIDO COLOMBIA RENACIENTE;31
TUNJA;Daniela Katherine Figueroa Lopez;PARTIDO SOCIAL DE UNIDAD NACIONAL  PARTIDO DE LA U;30
TUNJA;Lida Rocio Ruiz Sanabria;PARTIDO ADA;28
TUNJA;Pedro Alfonso Sepulveda Diaz;PARTIDO ADA;28
TUNJA;Lina Maria Acero Suarez;PARTIDO ALIANZA SOCIAL INDEPENDIENTE ASI;27
TUNJA;Laura Ximena Riaño Moso;PARTIDO LIBERAL COLOMBIANO;26
TUNJA;Luz Miryan Lancheros Paez;PARTIDO ADA;26
TUNJA;Claudia Patricia Escobar Gomez;COALICION TUNJA;25
TUNJA;Liliana Paola Daza Perez;MOVIMIENTO AUTORIDADES INDIGENAS DE COLOMBIA AICO;25
TUNJA;Adriana Carolina Sanchez Gutierrez;COALICION TUNJA;24
TUNJA;Movimiento Autoridades Indigenas De Colombia Aico;MOVIMIENTO AUTORIDADES INDIGENAS DE COLOMBIA AICO;24
TUNJA;Pablo Antonio Murillo Palacios;PARTIDO ADA;23
TUNJA;Angie Cespedes Molano;PARTIDO ALIANZA SOCIAL INDEPENDIENTE ASI;22
TUNJA;Camilo Andres Riscanevo Medina;COALICION TUNJA;22
TUNJA;Blas Oliverio Pinzon Gonzalez;MOVIMIENTO AUTORIDADES INDIGENAS DE COLOMBIA AICO;19
TUNJA;Sindi Paola Marciales Fuquen;PARTIDO CENTRO DEMOCRATICO;17
TUNJA;Jose Ramon Pabon Rodriguez;PARTIDO ADA;16
TUNJA;Hugo Efren Granados Coronado;PARTIDO COLOMBIA RENACIENTE;15
TUNJA;Partido Ada;PARTIDO ADA;14
TUNJA;Diana Paola Gonzalez Motivar;MOVIMIENTO AUTORIDADES INDIGENAS DE COLOMBIA AICO;13
TUNJA;Omaira Plazas Barahona;MOVIMIENTO AUTORIDADES INDIGENAS DE COLOMBIA AICO;9
TUNJA;Duvan Esteban Bayona Mesa;MOVIMIENTO AUTORIDADES INDIGENAS DE COLOMBIA AICO;7
TUNJA;Bladimir Pastrana Caviedes;MOVIMIENTO AUTORIDADES INDIGENAS DE COLOMBIA AICO;5
TUNJA;Jeimy Paola Jimenez Quiroga;MOVIMIENTO AUTORIDADES INDIGENAS DE COLOMBIA AICO;4
TUNUNGUA;Diego Felipe Rivera Laiton;PARTIDO CENTRO DEMOCRATICO;153
TUNUNGUA;Adelmo Alirio Pastran Peña;PARTIDO SOCIAL DE UNIDAD NACIONAL  PARTIDO DE LA U;104
TUNUNGUA;Jorge Enrique Calderon Torres;PARTIDO CENTRO DEMOCRATICO;85
TUNUNGUA;Eduin Yanith Diaz Guerrero;PARTIDO CAMBIO RADICAL;75
TUNUNGUA;Jose Baldomiro Sanchez;PARTIDO SOCIAL DE UNIDAD NACIONAL  PARTIDO DE LA U;75
TUNUNGUA;Edgar Hipolito Ortiz Avila;PARTIDO CENTRO DEMOCRATICO;68
TUNUNGUA;Brayan Yesid Porras Pastran;PARTIDO LIBERAL COLOMBIANO;53
TUNUNGUA;Willian Alcantar Rojas;PARTIDO LIBERAL COLOMBIANO;52
TUNUNGUA;Yanny Enith Cortes Rojas;PARTIDO LIBERAL COLOMBIANO;49
TUNUNGUA;Jaime Enrique Salamanca Rodriguez;PARTIDO LIBERAL COLOMBIANO;44
TUNUNGUA;Josue Humberto Lemus Peña;PARTIDO CENTRO DEMOCRATICO;39
TUNUNGUA;Lorena Fabiola Pineda Vargas;PARTIDO CAMBIO RADICAL;38
TUNUNGUA;Blanca Yovana Pineda Diaz;PARTIDO CENTRO DEMOCRATICO;24
TUNUNGUA;Heverson Stiden Pineda Bustos;PARTIDO SOCIAL DE UNIDAD NACIONAL  PARTIDO DE LA U;15
TUNUNGUA;Laura Marcela Pinzon Santamaria;PARTIDO SOCIAL DE UNIDAD NACIONAL  PARTIDO DE LA U;12
TUNUNGUA;Partido Centro Democratico;PARTIDO CENTRO DEMOCRATICO;11
TUNUNGUA;Maryoli Lizeth Torres Saza;PARTIDO LIBERAL COLOMBIANO;10
TUNUNGUA;Maria Herlinda Varela Pineda;PARTIDO SOCIAL DE UNIDAD NACIONAL  PARTIDO DE LA U;9
TUNUNGUA;Jimmy Gerardo Barrera Casas;PARTIDO CAMBIO RADICAL;8
TUNUNGUA;Ariolfo Mauricio Saza Peña;PARTIDO CAMBIO RADICAL;7
TUNUNGUA;Lyda Marcela Santana Suazo;PARTIDO CENTRO DEMOCRATICO;7
TUNUNGUA;Partido Liberal Colombiano;PARTIDO LIBERAL COLOMBIANO;7
TUNUNGUA;Sandra Yamile Pineda Barrera;PARTIDO CAMBIO RADICAL;6
TUNUNGUA;Partido Social De Unidad Nacional  Partido De La U;PARTIDO SOCIAL DE UNIDAD NACIONAL  PARTIDO DE LA U;3
TUNUNGUA;Partido Cambio Radical;PARTIDO CAMBIO RADICAL;1
TURMEQUE;Aura Consuelo Jimenez Pinzon;PARTIDO LIBERAL COLOMBIANO;314
TURMEQUE;Nohemy Gamba Gamba;PARTIDO CENTRO DEMOCRATICO- PARTIDO POLITICO MIRA;221
TURMEQUE;Esmer Hernan Muñoz Puentes;PARTIDO LIBERAL COLOMBIANO;165
TURMEQUE;Luis Alirio Garcia Casallas;PARTIDO LIBERAL COLOMBIANO;162
TURMEQUE;Marlenne Muñoz Ajiaco;PARTIDO ALIANZA VERDE;154
TURMEQUE;Laura Carolina Lancheros Bernal;PARTIDO LIBERAL COLOMBIANO;152
TURMEQUE;Miguel Antonio Robayo Albino;PARTIDO LIBERAL COLOMBIANO;142
TURMEQUE;Jose Antonio Duarte Herrera;PARTIDO SOCIAL DE UNIDAD NACIONAL  PARTIDO DE LA U;136
TURMEQUE;William Alberto Novoa Muñoz;PARTIDO LIBERAL COLOMBIANO;124
TURMEQUE;Nelson Hernan Velosa Pulido;PARTIDO ALIANZA VERDE;123
TURMEQUE;Aldo Manuel Valero Veloza;PARTIDO CENTRO DEMOCRATICO- PARTIDO POLITICO MIRA;110
TURMEQUE;Jefferson Andres Sanchez Muñoz;PARTIDO ALIANZA VERDE;102
TURMEQUE;Luis Emilio Gonzalez Sandoval;PARTIDO ALIANZA VERDE;102
TURMEQUE;Edgar Hernan Robayo Moreno;PARTIDO LIBERAL COLOMBIANO;99
TURMEQUE;Edwin Eliecer Romero Cruz;PARTIDO LIBERAL COLOMBIANO;99
TURMEQUE;Jully Zoraida Garcia Lamprea;PARTIDO LIBERAL COLOMBIANO;80
TURMEQUE;Edinzon Julian Muñoz Muñoz;MOVIMIENTO ALTERNATIVO INDIGENA Y SOCIAL MAIS;62
TURMEQUE;Nelson Guerra Chavarro;PARTIDO CENTRO DEMOCRATICO- PARTIDO POLITICO MIRA;62
TURMEQUE;Hernan Muñoz Naranjo;PARTIDO CENTRO DEMOCRATICO- PARTIDO POLITICO MIRA;60
TURMEQUE;Fermin Hernandez Lancheros;PARTIDO CENTRO DEMOCRATICO- PARTIDO POLITICO MIRA;59
TURMEQUE;Edith Johana Garcia Leiva;PARTIDO ALIANZA VERDE;58
TURMEQUE;Pedro Nel Pulido Jimenez;PARTIDO SOCIAL DE UNIDAD NACIONAL  PARTIDO DE LA U;57
TURMEQUE;Elias Antonio Moreno Moreno;MOVIMIENTO ALTERNATIVO INDIGENA Y SOCIAL MAIS;55
TURMEQUE;Partido Liberal Colombiano;PARTIDO LIBERAL COLOMBIANO;54
TURMEQUE;Jose Alberto Barreto Martinez;PARTIDO POLO DEMOCRATICO ALTERNATIVO;53
TURMEQUE;Marta Orjuela Simbaqueba;PARTIDO SOCIAL DE UNIDAD NACIONAL  PARTIDO DE LA U;50
TURMEQUE;Guillermo Gomez Romero;PARTIDO CENTRO DEMOCRATICO- PARTIDO POLITICO MIRA;47
TURMEQUE;Nestor Tocua;PARTIDO CENTRO DEMOCRATICO- PARTIDO POLITICO MIRA;47
TURMEQUE;Heladio Moreno Moreno;PARTIDO ALIANZA VERDE;46
TURMEQUE;Flor Delina Saboya Torres;PARTIDO ALIANZA VERDE;43
TURMEQUE;Jose Heliodoro Bernal Castro;PARTIDO SOCIAL DE UNIDAD NACIONAL  PARTIDO DE LA U;43
TURMEQUE;Joseronal Malagon Arias;PARTIDO SOCIAL DE UNIDAD NACIONAL  PARTIDO DE LA U;42
TURMEQUE;Diana Carolina Beltran Novoa;PARTIDO CENTRO DEMOCRATICO- PARTIDO POLITICO MIRA;40
TURMEQUE;Javier Alberto Chavarro Gonzalez;PARTIDO COLOMBIA RENACIENTE;39
TURMEQUE;William Arevalo Otalora;PARTIDO COLOMBIA RENACIENTE;36
TURMEQUE;Aristides Gomez Soba;PARTIDO ALIANZA VERDE;34
TURMEQUE;Yuricela Contreras Porras;PARTIDO COLOMBIA RENACIENTE;29
TURMEQUE;Franci Deisy Quintero Fernandez;PARTIDO POLO DEMOCRATICO ALTERNATIVO;25
TURMEQUE;Marisol Robayo Pulido;PARTIDO SOCIAL DE UNIDAD NACIONAL  PARTIDO DE LA U;24
TURMEQUE;Partido Alianza Verde;PARTIDO ALIANZA VERDE;22
TURMEQUE;Jose Alcibiades Herrera Moreno;MOVIMIENTO ALTERNATIVO INDIGENA Y SOCIAL MAIS;20
TURMEQUE;Myrian Cicua Latorre;PARTIDO POLO DEMOCRATICO ALTERNATIVO;20
TURMEQUE;John Edinson Urrego Quintana;PARTIDO POLO DEMOCRATICO ALTERNATIVO;19
TURMEQUE;Angie Xiomara Perez Muñoz;PARTIDO POLO DEMOCRATICO ALTERNATIVO;18
TURMEQUE;Sandra Patricia Morales Hernandez;PARTIDO SOCIAL DE UNIDAD NACIONAL  PARTIDO DE LA U;18
TURMEQUE;Sigifredo Coronado;PARTIDO ALIANZA VERDE;17
TURMEQUE;Mario Alberto Osorio Robayo;PARTIDO COLOMBIA RENACIENTE;16
TURMEQUE;Rubi Esperanza Cortes Muñoz;PARTIDO CENTRO DEMOCRATICO- PARTIDO POLITICO MIRA;11
TURMEQUE;Glosman Muñoz Veloza;MOVIMIENTO ALTERNATIVO INDIGENA Y SOCIAL MAIS;10
TURMEQUE;Luz Emilia Segura Lozano;PARTIDO POLO DEMOCRATICO ALTERNATIVO;10
TURMEQUE;Omar Moreno;PARTIDO COLOMBIA RENACIENTE;10
TURMEQUE;Jeysson Andres Velosa Moreno;MOVIMIENTO ALTERNATIVO INDIGENA Y SOCIAL MAIS;9
TURMEQUE;Luis Enrique Sierra Cuitiva;MOVIMIENTO ALTERNATIVO INDIGENA Y SOCIAL MAIS;9
TURMEQUE;Partido Centro Democratico- Partido Politico Mira;PARTIDO CENTRO DEMOCRATICO- PARTIDO POLITICO MIRA;9
TURMEQUE;Movimiento Alternativo Indigena Y Social Mais;MOVIMIENTO ALTERNATIVO INDIGENA Y SOCIAL MAIS;8
TURMEQUE;Leidy Paola Pulido Martinez;PARTIDO POLO DEMOCRATICO ALTERNATIVO;7
TURMEQUE;Liliana Vargas Tovar;PARTIDO COLOMBIA RENACIENTE;7
TURMEQUE;Claudia Patricia Robayo Sierra;MOVIMIENTO ALTERNATIVO INDIGENA Y SOCIAL MAIS;6
TURMEQUE;Faminzon Smith Fuquen Plazas;PARTIDO ALIANZA SOCIAL INDEPENDIENTE ASI;6
TURMEQUE;Partido Social De Unidad Nacional  Partido De La U;PARTIDO SOCIAL DE UNIDAD NACIONAL  PARTIDO DE LA U;6
TURMEQUE;Johan Steven Muñoz Forero;PARTIDO COLOMBIA RENACIENTE;5
TURMEQUE;Maria Alejandra Bohorquez Machado;MOVIMIENTO ALTERNATIVO INDIGENA Y SOCIAL MAIS;5
TURMEQUE;Christian David Rodriguez Bustos;PARTIDO ALIANZA SOCIAL INDEPENDIENTE ASI;4
TURMEQUE;Deisy Liliana Muñoz Moreno;PARTIDO POLO DEMOCRATICO ALTERNATIVO;4
TURMEQUE;Luis Eduardo Lasso Espitia;PARTIDO POLO DEMOCRATICO ALTERNATIVO;4
TURMEQUE;Luz Marleny Celis Gomez;PARTIDO COLOMBIA RENACIENTE;4
TURMEQUE;Partido Polo Democratico Alternativo;PARTIDO POLO DEMOCRATICO ALTERNATIVO;4
TURMEQUE;Rafael Eduardo Suarez Leal;PARTIDO ALIANZA SOCIAL INDEPENDIENTE ASI;3
TURMEQUE;Xiomara Jazmin Romero Neira;MOVIMIENTO ALTERNATIVO INDIGENA Y SOCIAL MAIS;3
TURMEQUE;Yefer Alexander Orjuela Juan De Dios;PARTIDO COLOMBIA RENACIENTE;2
TURMEQUE;Leidy Alejandra Lancheros Borda;PARTIDO ALIANZA SOCIAL INDEPENDIENTE ASI;1
TURMEQUE;Partido Colombia Renaciente;PARTIDO COLOMBIA RENACIENTE;1
TUTA;Ramon Rodriguez Cuervo;PARTIDO CONSERVADOR COLOMBIANO;312
TUTA;Hector Flaminio Cano Acuña;PARTIDO LIBERAL COLOMBIANO;258
TUTA;Rodolfo Hernan Zambrano Granados;PARTIDO LIBERAL COLOMBIANO;249
TUTA;Pedro Alejandro Gonzalez Cifuentes;PARTIDO CAMBIO RADICAL;244
TUTA;Jorge Luis Rojas Cepeda;MOVIMIENTO ALTERNATIVO INDIGENA Y SOCIAL MAIS;241
TUTA;Oliverio Del Carmen Puerto Fonseca;PARTIDO CONSERVADOR COLOMBIANO;228
TUTA;Flor Marina Fonseca Cifuentes;PARTIDO LIBERAL COLOMBIANO;203
TUTA;Fabio Andres Coronado Viasus;PARTIDO CAMBIO RADICAL;187
TUTA;Marco Tulio Rodriguez Cipagauta;PARTIDO SOCIAL DE UNIDAD NACIONAL  PARTIDO DE LA U;183
TUTA;Hector Jimenez Sanchez;PARTIDO ALIANZA SOCIAL INDEPENDIENTE ASI;172
TUTA;Miller Leandro Benitez Rodriguez;PARTIDO CONSERVADOR COLOMBIANO;170
TUTA;Jairo Guillermo Reyes Guerrero;PARTIDO ALIANZA VERDE;169
TUTA;Bernardo Bohorquez Castro;PARTIDO SOCIAL DE UNIDAD NACIONAL  PARTIDO DE LA U;157
TUTA;Zoraida Hurtado Amador;PARTIDO ALIANZA VERDE;136
TUTA;Mary Luz Cifuentes Garzon;PARTIDO ALIANZA VERDE;135
TUTA;Jose Angel Camargo Perez;MOVIMIENTO ALTERNATIVO INDIGENA Y SOCIAL MAIS;128
TUTA;Edgar Jose Vargas Rubio;PARTIDO LIBERAL COLOMBIANO;119
TUTA;Carlos Alberto Rojas Uribe;PARTIDO ALIANZA SOCIAL INDEPENDIENTE ASI;114
TUTA;Jose Plutarco Gomez Alfonso;PARTIDO ALIANZA VERDE;107
TUTA;Liliana Marcela Espitia Buitrago;PARTIDO LIBERAL COLOMBIANO;93
TUTA;Nancy Maribel Bolivar Bolivar;PARTIDO SOCIAL DE UNIDAD NACIONAL  PARTIDO DE LA U;93
TUTA;Jose Edgar Niño Rodriguez;PARTIDO SOCIAL DE UNIDAD NACIONAL  PARTIDO DE LA U;87
TUTA;Claudia Alejandra Granados Molina;PARTIDO ALIANZA SOCIAL INDEPENDIENTE ASI;85
TUTA;Eduar Alberto Riaño Avila;PARTIDO ALIANZA SOCIAL INDEPENDIENTE ASI;83
TUTA;Eleazar Niño Bolivar;PARTIDO CAMBIO RADICAL;79
TUTA;Rafael Alexander Cano Diaz;PARTIDO LIBERAL COLOMBIANO;77
TUTA;Hector Julio Fonseca Viasus;PARTIDO ALIANZA SOCIAL INDEPENDIENTE ASI;73
TUTA;Ana Elizabeth Alvarez Fonseca;PARTIDO ALIANZA VERDE;64
TUTA;Claudia Ibeth Medina Diaz;PARTIDO CONSERVADOR COLOMBIANO;64
TUTA;David Fernando Rivera Vargas;PARTIDO ALIANZA VERDE;63
TUTA;Diego Felipe Montañez Salamanca;PARTIDO SOCIAL DE UNIDAD NACIONAL  PARTIDO DE LA U;63
TUTA;Luis Rodolfo Bolivar Garcia;PARTIDO ALIANZA SOCIAL INDEPENDIENTE ASI;63
TUTA;Orlando Espitia Garcia;PARTIDO CAMBIO RADICAL;63
TUTA;Jorge Orlando Becerra Estupiñan;MOVIMIENTO ALTERNATIVO INDIGENA Y SOCIAL MAIS;59
TUTA;Angy Lizeth Rodriguez Fonseca;PARTIDO ALIANZA SOCIAL INDEPENDIENTE ASI;57
TUTA;Marcos Dionicio Sanchez Vargas;PARTIDO ALIANZA VERDE;57
TUTA;Jose David Cruz Cano;PARTIDO SOCIAL DE UNIDAD NACIONAL  PARTIDO DE LA U;55
TUTA;Jose Mesias Gonzalez Viasus;PARTIDO LIBERAL COLOMBIANO;55
TUTA;Hector Julio Gonzalez Vargas;PARTIDO CAMBIO RADICAL;53
TUTA;Nohora Amado Gonzalez;PARTIDO ALIANZA SOCIAL INDEPENDIENTE ASI;52
TUTA;Leonardo Antonio Cifuentes Rios;PARTIDO ALIANZA VERDE;47
TUTA;Partido Alianza Verde;PARTIDO ALIANZA VERDE;47
TUTA;Angie Tatiana Ochoa Baron;PARTIDO SOCIAL DE UNIDAD NACIONAL  PARTIDO DE LA U;42
TUTA;Epimenio Corredor;MOVIMIENTO ALTERNATIVO INDIGENA Y SOCIAL MAIS;42
TUTA;Mireya Vanegas;PARTIDO SOCIAL DE UNIDAD NACIONAL  PARTIDO DE LA U;42
TUTA;Teresa De Jesus Cano;MOVIMIENTO ALTERNATIVO INDIGENA Y SOCIAL MAIS;40
TUTA;Maria Agueda Rodriguez Quiroga;PARTIDO SOCIAL DE UNIDAD NACIONAL  PARTIDO DE LA U;39
TUTA;Nohemi Guauque Muñoz;PARTIDO CAMBIO RADICAL;39
TUTA;Erika Marcela Lopez Tovar;PARTIDO LIBERAL COLOMBIANO;38
TUTA;Jaime Villamizar Leguizamon;PARTIDO CONSERVADOR COLOMBIANO;36
TUTA;Xiomar Yadira Camargo Martinez;PARTIDO CONSERVADOR COLOMBIANO;35
TUTA;Hilda Aleida Uribe Largo;PARTIDO CAMBIO RADICAL;34
TUTA;Jhon Edison Castro Jimenez;PARTIDO CAMBIO RADICAL;31
TUTA;Darzy Lizeth Huertas Bolivar;PARTIDO COLOMBIA RENACIENTE;30
TUTA;Alfonso Figueredo Figueredo;PARTIDO LIBERAL COLOMBIANO;29
TUTA;Martha Isabel Niño Acuña;PARTIDO ALIANZA VERDE;27
TUTA;Dora Lilia Rodriguez Bolivar;MOVIMIENTO ALTERNATIVO INDIGENA Y SOCIAL MAIS;26
TUTA;Oscar Fabian Espitia Cifuentes;PARTIDO CONSERVADOR COLOMBIANO;26
TUTA;Partido Liberal Colombiano;PARTIDO LIBERAL COLOMBIANO;24
TUTA;Melba Elena Mesa Becerra;PARTIDO ALIANZA SOCIAL INDEPENDIENTE ASI;21
TUTA;Luis Eduardo Coronado Rodriguez;MOVIMIENTO ALTERNATIVO INDIGENA Y SOCIAL MAIS;20
TUTA;Luisa Fernanda Fernandez Suarez;PARTIDO COLOMBIA RENACIENTE;19
TUTA;Jose Leovigildo Molano Ramirez;MOVIMIENTO ALTERNATIVO INDIGENA Y SOCIAL MAIS;17
TUTA;Miryam Zoraida Ramirez Torres;PARTIDO CAMBIO RADICAL;17
TUTA;Jose Alirio Baron Silva;PARTIDO CONSERVADOR COLOMBIANO;16
TUTA;Partido Social De Unidad Nacional  Partido De La U;PARTIDO SOCIAL DE UNIDAD NACIONAL  PARTIDO DE LA U;16
TUTA;Movimiento Alternativo Indigena Y Social Mais;MOVIMIENTO ALTERNATIVO INDIGENA Y SOCIAL MAIS;15
TUTA;Blanca Aidee Oquendo Acosta;PARTIDO CONSERVADOR COLOMBIANO;13
TUTA;Partido Conservador Colombiano;PARTIDO CONSERVADOR COLOMBIANO;13
TUTA;Sandra Patricia Figueredo Ramirez;PARTIDO COLOMBIA RENACIENTE;13
TUTA;Partido Cambio Radical;PARTIDO CAMBIO RADICAL;11
TUTA;Partido Colombia Renaciente;PARTIDO COLOMBIA RENACIENTE;9
TUTA;Betsy Astrid Araujo Vasquez;MOVIMIENTO ALTERNATIVO INDIGENA Y SOCIAL MAIS;7
TUTA;Partido Alianza Social Independiente Asi;PARTIDO ALIANZA SOCIAL INDEPENDIENTE ASI;7
TUTA;Hector Julio Sanchez Medina;PARTIDO COLOMBIA RENACIENTE;5
TUTA;Mariela Rosso Lopez;PARTIDO COLOMBIA RENACIENTE;5
TUTA;Pedro Enrique Rodriguez Suarez;PARTIDO COLOMBIA RENACIENTE;3
TUTAZA;Juan Camilo Niño Ayala;MOVIMIENTO ALTERNATIVO INDIGENA Y SOCIAL MAIS;140
TUTAZA;Lida Maide Solano Castro;PARTIDO ALIANZA VERDE;116
TUTAZA;Olivo De Jesus Triana Garcia;PARTIDO CENTRO DEMOCRATICO;105
TUTAZA;Luis Eduardo Sisa Niño;PARTIDO CONSERVADOR COLOMBIANO;92
TUTAZA;Cristobal Paredes Pineda;PARTIDO LIBERAL COLOMBIANO;89
TUTAZA;Leidy Tatiana Estupiñan Cordoba;PARTIDO ALIANZA VERDE;83
TUTAZA;Diana Carolina Estupiñan Castro;PARTIDO LIBERAL COLOMBIANO;74
TUTAZA;Ruben Dario Rojas Velandia;PARTIDO ALIANZA VERDE;72
TUTAZA;Angela Rocio Gonzalez Ravelo;MOVIMIENTO ALTERNATIVO INDIGENA Y SOCIAL MAIS;68
TUTAZA;Fabio Misael Castro Cardenas;PARTIDO LIBERAL COLOMBIANO;64
TUTAZA;Yorly Julieth Reyes Aparicio;MOVIMIENTO ALTERNATIVO INDIGENA Y SOCIAL MAIS;52
TUTAZA;Briceida Silva Ayala;PARTIDO CENTRO DEMOCRATICO;48
TUTAZA;Blanca Lucy Sissa Sissa;PARTIDO CENTRO DEMOCRATICO;46
TUTAZA;Jairo Delsar Solano Castro;PARTIDO CONSERVADOR COLOMBIANO;45
TUTAZA;Claudia Yaneth Verdugo Ojeda;PARTIDO CENTRO DEMOCRATICO;44
TUTAZA;Eriberto Ronderos Caceres;PARTIDO CAMBIO RADICAL;42
TUTAZA;Wilmer Alberto Castro Fuentes;MOVIMIENTO ALTERNATIVO INDIGENA Y SOCIAL MAIS;38
TUTAZA;Fredy Albeiro Sissa Sissa;PARTIDO ALIANZA VERDE;29
TUTAZA;Eulises Cordoba Aparicio;PARTIDO CAMBIO RADICAL;27
TUTAZA;Rafael Suan Sisa;PARTIDO LIBERAL COLOMBIANO;22
TUTAZA;Diomedes Ravelo Pinzon;PARTIDO CONSERVADOR COLOMBIANO;21
TUTAZA;Denis Gomez Hernandez;MOVIMIENTO ALTERNATIVO INDIGENA Y SOCIAL MAIS;17
TUTAZA;Marilcen Jaime Guerrero;MOVIMIENTO ALTERNATIVO INDIGENA Y SOCIAL MAIS;17
TUTAZA;Fredy Rodrigo Gomez Sissa;PARTIDO CONSERVADOR COLOMBIANO;14
TUTAZA;Henry Angarita Jaime;MOVIMIENTO ALTERNATIVO INDIGENA Y SOCIAL MAIS;13
TUTAZA;Jose Gabriel Jaime Ravelo;PARTIDO LIBERAL COLOMBIANO;13
TUTAZA;Yodary Torres Guerrero;PARTIDO CAMBIO RADICAL;13
TUTAZA;Alirio Sachica Rojas;PARTIDO ALIANZA VERDE;12
TUTAZA;Nelsy Alarcon Hernandez;PARTIDO CAMBIO RADICAL;12
TUTAZA;Rosalba Mejia Rojas;PARTIDO ALIANZA VERDE;12
TUTAZA;Alicia Alarcon Sissa;PARTIDO CENTRO DEMOCRATICO;11
TUTAZA;Luis Eduardo Monroy Villamarin;PARTIDO ALIANZA VERDE;11
TUTAZA;Luis Maria Garcia Gomez;PARTIDO CENTRO DEMOCRATICO;11
TUTAZA;Fabio Amado Perez;PARTIDO CAMBIO RADICAL;10
TUTAZA;Luis Ever Linares Escarraga;PARTIDO CENTRO DEMOCRATICO;9
TUTAZA;Nery Gallo Fuentes;PARTIDO CONSERVADOR COLOMBIANO;7
TUTAZA;Partido Liberal Colombiano;PARTIDO LIBERAL COLOMBIANO;7
TUTAZA;Yeni Paola Ojeda Pineda;PARTIDO LIBERAL COLOMBIANO;7
TUTAZA;Partido Alianza Verde;PARTIDO ALIANZA VERDE;6
TUTAZA;Marco Albeiro Villamizar Ortiz;PARTIDO CAMBIO RADICAL;5
TUTAZA;Gloria Estela Bolivar Chaves;PARTIDO CONSERVADOR COLOMBIANO;4
TUTAZA;Partido Centro Democratico;PARTIDO CENTRO DEMOCRATICO;4
TUTAZA;Movimiento Alternativo Indigena Y Social Mais;MOVIMIENTO ALTERNATIVO INDIGENA Y SOCIAL MAIS;3
TUTAZA;Partido Cambio Radical;PARTIDO CAMBIO RADICAL;2
TUTAZA;Partido Conservador Colombiano;PARTIDO CONSERVADOR COLOMBIANO;2
UMBITA;Yesica Vanesa Arteaga Rojas;PARTIDO CONSERVADOR COLOMBIANO;225
UMBITA;Henry Martinez Bohorquez;MOVIMIENTO ALTERNATIVO INDIGENA Y SOCIAL MAIS;190
UMBITA;Yon Fredy Gonzalez Huertas;PARTIDO ALIANZA VERDE;186
UMBITA;Juan Carlos Martinez Sanchez;MOVIMIENTO ALTERNATIVO INDIGENA Y SOCIAL MAIS;170
UMBITA;Oliverio Antonio Moreno Cruz;PARTIDO CONSERVADOR COLOMBIANO;169
UMBITA;Michael Romero Valero;PARTIDO CAMBIO RADICAL;162
UMBITA;Edgar Martinez Diaz;MOVIMIENTO ALTERNATIVO INDIGENA Y SOCIAL MAIS;159
UMBITA;Carlos Humberto Bohorquez Romero;PARTIDO ALIANZA VERDE;133
UMBITA;Luis Enrique Torres Huertas;PARTIDO CONSERVADOR COLOMBIANO;129
UMBITA;Rubiela Moreno Gil;PARTIDO CONSERVADOR COLOMBIANO;126
UMBITA;Elis Antonio Gomez Zamora;PARTIDO CAMBIO RADICAL;115
UMBITA;Edgar Cañon Huertas;PARTIDO ALIANZA VERDE;114
UMBITA;Edwin Reinaldo Gomez Hernandez;PARTIDO POLO DEMOCRATICO ALTERNATIVO;108
UMBITA;Alvaro Yamid Mendoza Gomez;PARTIDO POLO DEMOCRATICO ALTERNATIVO;107
UMBITA;Jose Pedro Gomez Moreno;PARTIDO CONSERVADOR COLOMBIANO;104
UMBITA;Jose Campo Ernesto Moreno Parada;PARTIDO CONSERVADOR COLOMBIANO;100
UMBITA;Gonzalo Moreno Chavarro;PARTIDO CENTRO DEMOCRATICO;97
UMBITA;Rafael Antonio Huertas Fonseca;PARTIDO CAMBIO RADICAL;93
UMBITA;Miyer Alejandro Yaya Vargas;PARTIDO ALIANZA VERDE;92
UMBITA;Martha Liliana Sarmiento Cardenas;PARTIDO ALIANZA VERDE;83
UMBITA;Pedro Julio Gil Contreras;PARTIDO CONSERVADOR COLOMBIANO;81
UMBITA;Jaime Bernal Moreno;PARTIDO CENTRO DEMOCRATICO;80
UMBITA;Jose Samuel Cortes Garcia;PARTIDO CAMBIO RADICAL;74
UMBITA;Leonardo Alfredo Diaz Velosa;PARTIDO CAMBIO RADICAL;74
UMBITA;Rodrigo Antonio Romero Romero;PARTIDO ALIANZA VERDE;67
UMBITA;Luz Angela Bernal Ramos;PARTIDO ALIANZA VERDE;59
UMBITA;Abelardo De Jesus Martinez;PARTIDO CENTRO DEMOCRATICO;58
UMBITA;Jose Gerardo Martinez Diaz;PARTIDO CENTRO DEMOCRATICO;58
UMBITA;Jhon Henry Moreno Veloza;PARTIDO ALIANZA VERDE;56
UMBITA;Edgar Martinez Martinez;MOVIMIENTO ALTERNATIVO INDIGENA Y SOCIAL MAIS;52
UMBITA;Laureano Emilio Moreno Pedreros;PARTIDO CONSERVADOR COLOMBIANO;51
UMBITA;Yuri Milena Hernandez Chacon;PARTIDO CAMBIO RADICAL;49
UMBITA;Willian Melo Valero;PARTIDO ALIANZA VERDE;44
UMBITA;Partido Alianza Verde;PARTIDO ALIANZA VERDE;41
UMBITA;Francisco Antonio Porras Huertas;PARTIDO CENTRO DEMOCRATICO;40
UMBITA;Juan De Dios Romero Diaz;MOVIMIENTO ALTERNATIVO INDIGENA Y SOCIAL MAIS;36
UMBITA;Maria Aurora Soler Melo;PARTIDO CONSERVADOR COLOMBIANO;34
UMBITA;Yenny Marcela Diaz Diaz;PARTIDO CONSERVADOR COLOMBIANO;34
UMBITA;Cristobal Morales Castelblanco;PARTIDO CENTRO DEMOCRATICO;32
UMBITA;Dilma Bernal Romero;MOVIMIENTO ALTERNATIVO INDIGENA Y SOCIAL MAIS;31
UMBITA;Partido Conservador Colombiano;PARTIDO CONSERVADOR COLOMBIANO;29
UMBITA;Ilba Mery Huertas Valero;MOVIMIENTO ALTERNATIVO INDIGENA Y SOCIAL MAIS;27
UMBITA;Leidy Yamile Valero Salamanca;PARTIDO ALIANZA VERDE;26
UMBITA;Angela Patricia Castelblanco Melo;PARTIDO CENTRO DEMOCRATICO;24
UMBITA;Hugo Martinez Cruz;MOVIMIENTO ALTERNATIVO INDIGENA Y SOCIAL MAIS;24
UMBITA;Elena Patricia Diaz Lopez;PARTIDO CENTRO DEMOCRATICO;21
UMBITA;Ligia Martinez Huertas;PARTIDO ALIANZA VERDE;19
UMBITA;Manuel Martin Torres Lara;PARTIDO POLO DEMOCRATICO ALTERNATIVO;19
UMBITA;Movimiento Alternativo Indigena Y Social Mais;MOVIMIENTO ALTERNATIVO INDIGENA Y SOCIAL MAIS;15
UMBITA;Partido Centro Democratico;PARTIDO CENTRO DEMOCRATICO;15
UMBITA;Luis Enrique Romero Huertas;PARTIDO SOCIAL DE UNIDAD NACIONAL  PARTIDO DE LA U;14
UMBITA;Blanca Herlinda Melo Torres;PARTIDO CENTRO DEMOCRATICO;12
UMBITA;Claudia Jimena Parra Romero;PARTIDO CAMBIO RADICAL;12
UMBITA;Maria Andrea Veloza Romero;MOVIMIENTO ALTERNATIVO INDIGENA Y SOCIAL MAIS;12
UMBITA;Blanca Luz Mery Valero Castelblanco;MOVIMIENTO ALTERNATIVO INDIGENA Y SOCIAL MAIS;11
UMBITA;Partido Cambio Radical;PARTIDO CAMBIO RADICAL;11
UMBITA;Partido Polo Democratico Alternativo;PARTIDO POLO DEMOCRATICO ALTERNATIVO;8
UMBITA;Sorayda Fabiola Torres Romero;PARTIDO CAMBIO RADICAL;7
UMBITA;Paula Andrea Heredia Mazorca;PARTIDO POLO DEMOCRATICO ALTERNATIVO;5
UMBITA;Claudia Yaneth Zamora Sarmiento;PARTIDO SOCIAL DE UNIDAD NACIONAL  PARTIDO DE LA U;3
UMBITA;Oscar Alejandro Acevedo Junco;PARTIDO CAMBIO RADICAL;3
UMBITA;Luz Angela Bohorquez Cruz;PARTIDO POLO DEMOCRATICO ALTERNATIVO;1
VENTAQUEMADA;Wilson Eduardo Reina Moreno;PARTIDO LIBERAL COLOMBIANO;325
VENTAQUEMADA;Jose Benito Barrantes Farfan;PARTIDO CONSERVADOR COLOMBIANO;288
VENTAQUEMADA;Jose Esteban Gomez Reina;PARTIDO CONSERVADOR COLOMBIANO;272
VENTAQUEMADA;Jimmy Fabian Montaña Martinez;PARTIDO LIBERAL COLOMBIANO;253
VENTAQUEMADA;Duvan Arley Arevalo Parra;MOVIMIENTO ALTERNATIVO INDIGENA Y SOCIAL MAIS;249
VENTAQUEMADA;Fredy Alexander Cabrera Gomez;PARTIDO SOCIAL DE UNIDAD NACIONAL  PARTIDO DE LA U;248
VENTAQUEMADA;Cesar Augusto Otalora Arevalo;PARTIDO CENTRO DEMOCRATICO;233
VENTAQUEMADA;Edgar Alonso Moreno Veloza;PARTIDO CONSERVADOR COLOMBIANO;231
VENTAQUEMADA;Jairo Alexander Gomez Bohorquez;MOVIMIENTO ALTERNATIVO INDIGENA Y SOCIAL MAIS;227
VENTAQUEMADA;Juan Carlos Espinosa Sanchez;MOVIMIENTO ALTERNATIVO INDIGENA Y SOCIAL MAIS;217
VENTAQUEMADA;Miguel Angel Moreno Lopez;PARTIDO CONSERVADOR COLOMBIANO;217
VENTAQUEMADA;Tito Rojas Buitrago;PARTIDO CENTRO DEMOCRATICO;209
VENTAQUEMADA;Miguel Angel Duarte Vargas;PARTIDO ALIANZA VERDE;204
VENTAQUEMADA;Jose Alejandrino Moreno Huerfano;PARTIDO CONSERVADOR COLOMBIANO;195
VENTAQUEMADA;Jose Norberto Briceño Bohorquez;PARTIDO CONSERVADOR COLOMBIANO;192
VENTAQUEMADA;Luz Mery Aldana Muñoz;PARTIDO CONSERVADOR COLOMBIANO;189
VENTAQUEMADA;Faustino Gil Reina;PARTIDO SOCIAL DE UNIDAD NACIONAL  PARTIDO DE LA U;188
VENTAQUEMADA;Adfedis Gil Castellanos;PARTIDO CENTRO DEMOCRATICO;184
VENTAQUEMADA;Miriam Gonzalez Vargas;PARTIDO CONSERVADOR COLOMBIANO;178
VENTAQUEMADA;Angel Yesid Gordo Riaño;MOVIMIENTO ALTERNATIVO INDIGENA Y SOCIAL MAIS;167
VENTAQUEMADA;Wilson Reina Garcia;PARTIDO SOCIAL DE UNIDAD NACIONAL  PARTIDO DE LA U;155
VENTAQUEMADA;Claudia Rubiela Martinez Gomez;PARTIDO CONSERVADOR COLOMBIANO;133
VENTAQUEMADA;Jose Emigdio Garcia Novoa;PARTIDO CENTRO DEMOCRATICO;128
VENTAQUEMADA;Juan Antonio Mancipe Aldana;PARTIDO ALIANZA VERDE;128
VENTAQUEMADA;Miryam Martinez Ruiz;PARTIDO ALIANZA VERDE;124
VENTAQUEMADA;Claudia Mariela Rubiano Ruiz;PARTIDO SOCIAL DE UNIDAD NACIONAL  PARTIDO DE LA U;119
VENTAQUEMADA;Luis Gerardo Ibañez Mesa;PARTIDO ALIANZA VERDE;112
VENTAQUEMADA;Emir Alfonso Rios Moreno;PARTIDO LIBERAL COLOMBIANO;109
VENTAQUEMADA;Wilson Garay Ruiz;PARTIDO ALIANZA VERDE;103
VENTAQUEMADA;Miguel Angel Ruiz Ruiz;PARTIDO ALIANZA VERDE;101
VENTAQUEMADA;Nidia Consuelo Mancipe Sanchez;PARTIDO LIBERAL COLOMBIANO;100
VENTAQUEMADA;Liliana Patricia Mancipe Bohorquez;PARTIDO CENTRO DEMOCRATICO;96
VENTAQUEMADA;Yesid Amir Gil Castellanos;PARTIDO ALIANZA SOCIAL INDEPENDIENTE ASI;95
VENTAQUEMADA;Miguel Antonio Rodriguez Soracipa;PARTIDO ALIANZA VERDE;92
VENTAQUEMADA;Andrea Stefania Hernandez Cantor;PARTIDO ALIANZA VERDE;91
VENTAQUEMADA;William Avendaño Juan De Dios;PARTIDO LIBERAL COLOMBIANO;91
VENTAQUEMADA;Alfredo Reina Ruiz;PARTIDO CENTRO DEMOCRATICO;90
VENTAQUEMADA;Partido Alianza Verde;PARTIDO ALIANZA VERDE;86
VENTAQUEMADA;Fabio Humberto Hernandez Ramirez;PARTIDO LIBERAL COLOMBIANO;85
VENTAQUEMADA;Juan Lopez Rodriguez;PARTIDO ALIANZA SOCIAL INDEPENDIENTE ASI;85
VENTAQUEMADA;Dora Elisa Mesa Merchan;PARTIDO LIBERAL COLOMBIANO;78
VENTAQUEMADA;Diana Constanza Rodriguez Cifuentes;PARTIDO SOCIAL DE UNIDAD NACIONAL  PARTIDO DE LA U;72
VENTAQUEMADA;Julio Lopez Ruiz;PARTIDO CONSERVADOR COLOMBIANO;64
VENTAQUEMADA;Blanca Cecilia Maldonado Muñoz;PARTIDO LIBERAL COLOMBIANO;62
VENTAQUEMADA;Movimiento Alternativo Indigena Y Social Mais;MOVIMIENTO ALTERNATIVO INDIGENA Y SOCIAL MAIS;60
VENTAQUEMADA;Leandro Camilo Hernandez Suarez;PARTIDO CAMBIO RADICAL;58
VENTAQUEMADA;Jose Giovanni Ruiz Mesa;PARTIDO CENTRO DEMOCRATICO;54
VENTAQUEMADA;Angel Yesid Mesa Espinosa;PARTIDO SOCIAL DE UNIDAD NACIONAL  PARTIDO DE LA U;52
VENTAQUEMADA;Raul Fernando Araque Hernandez;PARTIDO ALIANZA VERDE;52
VENTAQUEMADA;Partido Liberal Colombiano;PARTIDO LIBERAL COLOMBIANO;48
VENTAQUEMADA;Victor Alfonso Ruiz Melo;PARTIDO ALIANZA SOCIAL INDEPENDIENTE ASI;48
VENTAQUEMADA;Maria Consuelo Moreno Lopez;PARTIDO ALIANZA SOCIAL INDEPENDIENTE ASI;46
VENTAQUEMADA;Partido Conservador Colombiano;PARTIDO CONSERVADOR COLOMBIANO;44
VENTAQUEMADA;Edwin Alfonso Suarez Pulido;PARTIDO LIBERAL COLOMBIANO;43
VENTAQUEMADA;Leidy Johana Porras Muñoz;PARTIDO ALIANZA VERDE;43
VENTAQUEMADA;Rodolfo Galeano Ballen;PARTIDO CAMBIO RADICAL;42
VENTAQUEMADA;Elsy Juliet Ruiz Jimenez;PARTIDO ALIANZA SOCIAL INDEPENDIENTE ASI;37
VENTAQUEMADA;Ana Graciela Lancheros Urrea;MOVIMIENTO ALTERNATIVO INDIGENA Y SOCIAL MAIS;35
VENTAQUEMADA;Luis Enrique Farfan Moreno;PARTIDO ALIANZA SOCIAL INDEPENDIENTE ASI;35
VENTAQUEMADA;Yina Alexandra Pulido Paez;MOVIMIENTO ALTERNATIVO INDIGENA Y SOCIAL MAIS;35
VENTAQUEMADA;Claudia Rocio Grijalba Muñoz;PARTIDO CAMBIO RADICAL;31
VENTAQUEMADA;Jimmy Alberto Garcia Rios;PARTIDO ALIANZA SOCIAL INDEPENDIENTE ASI;31
VENTAQUEMADA;Carlos Arturo Gordillo Porras;MOVIMIENTO ALTERNATIVO INDIGENA Y SOCIAL MAIS;26
VENTAQUEMADA;Partido Centro Democratico;PARTIDO CENTRO DEMOCRATICO;26
VENTAQUEMADA;Flor Yaneth Rojas Casallas;PARTIDO CAMBIO RADICAL;25
VENTAQUEMADA;Diana Rocio Rodriguez Moreno;PARTIDO SOCIAL DE UNIDAD NACIONAL  PARTIDO DE LA U;23
VENTAQUEMADA;Partido Social De Unidad Nacional  Partido De La U;PARTIDO SOCIAL DE UNIDAD NACIONAL  PARTIDO DE LA U;23
VENTAQUEMADA;Juan Sebastian Arevalo Lopez;PARTIDO SOCIAL DE UNIDAD NACIONAL  PARTIDO DE LA U;22
VENTAQUEMADA;Leydi Lucero Mancipe Abril;MOVIMIENTO ALTERNATIVO INDIGENA Y SOCIAL MAIS;20
VENTAQUEMADA;Fanny Garcia Pedraza;MOVIMIENTO ALTERNATIVO INDIGENA Y SOCIAL MAIS;18
VENTAQUEMADA;Maria Paula Espinosa Merchan;PARTIDO SOCIAL DE UNIDAD NACIONAL  PARTIDO DE LA U;18
VENTAQUEMADA;Ana Isabel Rodriguez Igua;PARTIDO CENTRO DEMOCRATICO;17
VENTAQUEMADA;Angie Katerin Rodriguez Galeano;PARTIDO ALIANZA VERDE;17
VENTAQUEMADA;Ramiro Reina Rojas;PARTIDO LIBERAL COLOMBIANO;15
VENTAQUEMADA;Juan Pablo Acuña Bernal;PARTIDO CENTRO DEMOCRATICO;14
VENTAQUEMADA;Sandra Patricia Buitrago Briceño;PARTIDO CONSERVADOR COLOMBIANO;13
VENTAQUEMADA;Ana Milena Duarte Ruiz;PARTIDO SOCIAL DE UNIDAD NACIONAL  PARTIDO DE LA U;12
VENTAQUEMADA;Luz Marina Vanegas Rativa;PARTIDO CENTRO DEMOCRATICO;12
VENTAQUEMADA;Juan Pablo Albarracin;PARTIDO ALIANZA SOCIAL INDEPENDIENTE ASI;10
VENTAQUEMADA;Marisol Lugo Urrego;PARTIDO CENTRO DEMOCRATICO;10
VENTAQUEMADA;Wilson Ibañez Bohorquez;PARTIDO ALIANZA SOCIAL INDEPENDIENTE ASI;9
VENTAQUEMADA;Hanyi Yohana Meluk Moreno;PARTIDO LIBERAL COLOMBIANO;8
VENTAQUEMADA;Oscar Alejandro Briceoo Muooz;MOVIMIENTO ALTERNATIVO INDIGENA Y SOCIAL MAIS;7
VENTAQUEMADA;Partido Cambio Radical;PARTIDO CAMBIO RADICAL;6
VENTAQUEMADA;Partido Alianza Social Independiente Asi;PARTIDO ALIANZA SOCIAL INDEPENDIENTE ASI;4
VENTAQUEMADA;Paola Alejandra Gonzalez Reina;PARTIDO ALIANZA SOCIAL INDEPENDIENTE ASI;2
VENTAQUEMADA;Yaky Isabel Rodriguez Vela;PARTIDO ALIANZA SOCIAL INDEPENDIENTE ASI;1
VILLA DE LEIVA;Oscar Alejandro Garcia Espitia;PARTIDO CENTRO DEMOCRATICO;481
VILLA DE LEIVA;Jorge Eduardo Rojas Perez;PARTIDO ALIANZA VERDE;472
VILLA DE LEIVA;Jose Daniel Farfan Corzo;PARTIDO ALIANZA VERDE;423
VILLA DE LEIVA;Francisco Javier Castellanos Tovar;PARTIDO ALIANZA VERDE;403
VILLA DE LEIVA;Javier Alexander Munevar Gonzalez;PARTIDO CENTRO DEMOCRATICO;345
VILLA DE LEIVA;Juan David Bermudez Vergara;PARTIDO CENTRO DEMOCRATICO;300
VILLA DE LEIVA;Jose Demetrio Montañez;PARTIDO SOCIAL DE UNIDAD NACIONAL  PARTIDO DE LA U;299
VILLA DE LEIVA;Abel Madero Acuña;PARTIDO CONSERVADOR COLOMBIANO;255
VILLA DE LEIVA;Mario Ernesto Rodriguez Saenz;PARTIDO ALIANZA VERDE;218
VILLA DE LEIVA;Cesar Augusto Soler Cardenas;MOVIMIENTO AUTORIDADES INDIGENAS DE COLOMBIA AICO;213
VILLA DE LEIVA;Oscar Guerrero Lopez;"PARTIDO DE REIVINDICACION ETNICA ""PRE""";212
VILLA DE LEIVA;Fredy Alexander Martinez Munevar;PARTIDO ALIANZA VERDE;207
VILLA DE LEIVA;Maria Teresa Reina Forero;COLOMBIA HUMANA - UNION PATRIOTICA;187
VILLA DE LEIVA;Edgar Gerardo Beltran Casallas;PARTIDO ALIANZA SOCIAL INDEPENDIENTE ASI;183
VILLA DE LEIVA;Partido Colombia Justa Libres;PARTIDO COLOMBIA JUSTA LIBRES;160
VILLA DE LEIVA;Claudia Marcela Rico;PARTIDO ALIANZA VERDE;144
VILLA DE LEIVA;Asdruval Sotelo Cortes;PARTIDO LIBERAL COLOMBIANO;136
VILLA DE LEIVA;Elquin Leonardo Hernandez Coy;PARTIDO CONSERVADOR COLOMBIANO;136
VILLA DE LEIVA;Hamilton Cortes Aguazaco;COLOMBIA HUMANA - UNION PATRIOTICA;134
VILLA DE LEIVA;Julio Eduardo Sotelo Ruge;PARTIDO ALIANZA VERDE;130
VILLA DE LEIVA;Angel Miguel Saiz Saiz;PARTIDO CENTRO DEMOCRATICO;129
VILLA DE LEIVA;Luis Fernando Quintero Munevar;PARTIDO LIBERAL COLOMBIANO;128
VILLA DE LEIVA;Saul Enrique Saenz;PARTIDO ALIANZA SOCIAL INDEPENDIENTE ASI;121
VILLA DE LEIVA;Nestor Fabio Torres Cubides;PARTIDO LIBERAL COLOMBIANO;118
VILLA DE LEIVA;Azael Bastidas Roa;PARTIDO CONSERVADOR COLOMBIANO;111
VILLA DE LEIVA;Oscar Gerardo Saavedra Saavedra;PARTIDO LIBERAL COLOMBIANO;106
VILLA DE LEIVA;Bayron Cortes Guzman;MOVIMIENTO AUTORIDADES INDIGENAS DE COLOMBIA AICO;105
VILLA DE LEIVA;Partido Alianza Verde;PARTIDO ALIANZA VERDE;100
VILLA DE LEIVA;Maria Cristina Espitia Pinilla;PARTIDO ALIANZA VERDE;99
VILLA DE LEIVA;Jose Gabriel Suarez Borras;PARTIDO SOCIAL DE UNIDAD NACIONAL  PARTIDO DE LA U;91
VILLA DE LEIVA;Nydya Liliana Ramos Guzman;PARTIDO CONSERVADOR COLOMBIANO;88
VILLA DE LEIVA;Vilma Patricia Rodriguez Reyes;PARTIDO CONSERVADOR COLOMBIANO;85
VILLA DE LEIVA;Diana Esperanza Montejo Hernandez;COLOMBIA HUMANA - UNION PATRIOTICA;81
VILLA DE LEIVA;Manuel Adolfo Cordero Vargas;PARTIDO ALIANZA SOCIAL INDEPENDIENTE ASI;78
VILLA DE LEIVA;Jose Alfredo Saenz Espitia;PARTIDO LIBERAL COLOMBIANO;75
VILLA DE LEIVA;Julio Andres Niño Castillo;PARTIDO ALIANZA SOCIAL INDEPENDIENTE ASI;74
VILLA DE LEIVA;Manuel Felipe Saenz Martinez;PARTIDO ADA;74
VILLA DE LEIVA;Yineth Alexandra Arevalo Castillo;PARTIDO ALIANZA VERDE;72
VILLA DE LEIVA;Marcelo Aguazaco Castillo;PARTIDO SOCIAL DE UNIDAD NACIONAL  PARTIDO DE LA U;70
VILLA DE LEIVA;Sergio Javier Ramirez Villamil;MOVIMIENTO AUTORIDADES INDIGENAS DE COLOMBIA AICO;63
VILLA DE LEIVA;Luis Alberto Delgado;PARTIDO CENTRO DEMOCRATICO;60
VILLA DE LEIVA;Robert Aris Solera Ramos;PARTIDO SOCIAL DE UNIDAD NACIONAL  PARTIDO DE LA U;60
VILLA DE LEIVA;William Adolfo Castellanos Pachon;PARTIDO CONSERVADOR COLOMBIANO;58
VILLA DE LEIVA;Franklin David Blanco Quintana;PARTIDO CONSERVADOR COLOMBIANO;55
VILLA DE LEIVA;Regina Patricia Venegas Gomez;PARTIDO CENTRO DEMOCRATICO;53
VILLA DE LEIVA;Jaime Enrique Landinez Martinez;MOVIMIENTO AUTORIDADES INDIGENAS DE COLOMBIA AICO;51
VILLA DE LEIVA;Sandra Liliana Cortes Forero;"PARTIDO DE REIVINDICACION ETNICA ""PRE""";51
VILLA DE LEIVA;Partido Centro Democratico;PARTIDO CENTRO DEMOCRATICO;49
VILLA DE LEIVA;Maria Fernanda Pineda Hernandez;PARTIDO CONSERVADOR COLOMBIANO;46
VILLA DE LEIVA;Gustavo Poveda Rico;MOVIMIENTO ALTERNATIVO INDIGENA Y SOCIAL MAIS;45
VILLA DE LEIVA;Maria Del Pilar Manrique Espitia;PARTIDO CENTRO DEMOCRATICO;45
VILLA DE LEIVA;Yuly Katherine Castillo Peña;PARTIDO LIBERAL COLOMBIANO;45
VILLA DE LEIVA;Alfredo Ortegon Pulido;PARTIDO ALIANZA VERDE;42
VILLA DE LEIVA;Andres Felipe Saenz Munevar;PARTIDO SOCIAL DE UNIDAD NACIONAL  PARTIDO DE LA U;41
VILLA DE LEIVA;Alba Lucero Tellez Peña;PARTIDO CONSERVADOR COLOMBIANO;39
VILLA DE LEIVA;Fabio Hernando Hurtado Isaza;"PARTIDO DE REIVINDICACION ETNICA ""PRE""";39
VILLA DE LEIVA;Paola Maria Salamanca Hernandez;PARTIDO LIBERAL COLOMBIANO;38
VILLA DE LEIVA;Jose Ricardo Salas Salcedo;"PARTIDO DE REIVINDICACION ETNICA ""PRE""";36
VILLA DE LEIVA;Rafael Guillermo Cardenas Lozano;PARTIDO LIBERAL COLOMBIANO;36
VILLA DE LEIVA;Edgar Eduardo Sierra Saba;PARTIDO CENTRO DEMOCRATICO;35
VILLA DE LEIVA;Claudia Patricia Ortega Leon;PARTIDO ALIANZA VERDE;34
VILLA DE LEIVA;Partido Liberal Colombiano;PARTIDO LIBERAL COLOMBIANO;33
VILLA DE LEIVA;Gloria Josefa Velasquez De Woodocock;PARTIDO SOCIAL DE UNIDAD NACIONAL  PARTIDO DE LA U;32
VILLA DE LEIVA;Flor Angela Gonzalez Munevar;PARTIDO LIBERAL COLOMBIANO;30
VILLA DE LEIVA;Ludys Enith Rojas Vargas;PARTIDO CENTRO DEMOCRATICO;30
VILLA DE LEIVA;Camilo Andres Cardenas Cardenas;PARTIDO ALIANZA SOCIAL INDEPENDIENTE ASI;28
VILLA DE LEIVA;Alejandra Maria Ruiz Hernandez;PARTIDO SOCIAL DE UNIDAD NACIONAL  PARTIDO DE LA U;27
VILLA DE LEIVA;Maria Jose Arias Gonzalez;MOVIMIENTO ALTERNATIVO INDIGENA Y SOCIAL MAIS;27
VILLA DE LEIVA;Claudia Alejandra Plaza Bernal;"PARTIDO DE REIVINDICACION ETNICA ""PRE""";26
VILLA DE LEIVA;Cristian Andres Medina Torres;MOVIMIENTO ALTERNATIVO INDIGENA Y SOCIAL MAIS;25
VILLA DE LEIVA;German Eduardo Quintero Talero;"PARTIDO DE REIVINDICACION ETNICA ""PRE""";25
VILLA DE LEIVA;Fabian Andres Herrera Diaz;PARTIDO SOCIAL DE UNIDAD NACIONAL  PARTIDO DE LA U;22
VILLA DE LEIVA;Lina Maria Pinilla Poveda;COLOMBIA HUMANA - UNION PATRIOTICA;22
VILLA DE LEIVA;Luis Vicente Lopez Raba;COLOMBIA HUMANA - UNION PATRIOTICA;22
VILLA DE LEIVA;Carmen Elisa Centeno Diaz;MOVIMIENTO AUTORIDADES INDIGENAS DE COLOMBIA AICO;21
VILLA DE LEIVA;Jose Del Carmen Sierra Carranza;MOVIMIENTO ALTERNATIVO INDIGENA Y SOCIAL MAIS;21
VILLA DE LEIVA;Abdon Franco Cortes;PARTIDO CONSERVADOR COLOMBIANO;18
VILLA DE LEIVA;Alicia Elena Vega De Bedoya;PARTIDO CENTRO DEMOCRATICO;17
VILLA DE LEIVA;Colombia Humana - Union Patriotica;COLOMBIA HUMANA - UNION PATRIOTICA;17
VILLA DE LEIVA;Alexander Salas Fajardo;PARTIDO LIBERAL COLOMBIANO;16
VILLA DE LEIVA;Miguel Enrique Cortes Castellanos;PARTIDO CENTRO DEMOCRATICO;16
VILLA DE LEIVA;Vicky Alejandra Mendoza Moreno;COLOMBIA HUMANA - UNION PATRIOTICA;16
VILLA DE LEIVA;Arsenio Saenz Ibague;"PARTIDO DE REIVINDICACION ETNICA ""PRE""";15
VILLA DE LEIVA;Jonathan Eduardo Saenz Rodriguez;MOVIMIENTO ALTERNATIVO INDIGENA Y SOCIAL MAIS;15
VILLA DE LEIVA;Movimiento Autoridades Indigenas De Colombia Aico;MOVIMIENTO AUTORIDADES INDIGENAS DE COLOMBIA AICO;15
VILLA DE LEIVA;Carlos Alberto Herrera Castellanos;COLOMBIA HUMANA - UNION PATRIOTICA;14
VILLA DE LEIVA;Jhonatan Stiven Fajardo Suarez;COLOMBIA HUMANA - UNION PATRIOTICA;14
VILLA DE LEIVA;Jorge Eduardo Salinas Romero;PARTIDO CONSERVADOR COLOMBIANO;14
VILLA DE LEIVA;Partido Conservador Colombiano;PARTIDO CONSERVADOR COLOMBIANO;14
VILLA DE LEIVA;Partido Social De Unidad Nacional  Partido De La U;PARTIDO SOCIAL DE UNIDAD NACIONAL  PARTIDO DE LA U;14
VILLA DE LEIVA;Laura Daniela Munevar Poveda;PARTIDO SOCIAL DE UNIDAD NACIONAL  PARTIDO DE LA U;13
VILLA DE LEIVA;Luvian Fernando Sierra Garcia;MOVIMIENTO ALTERNATIVO INDIGENA Y SOCIAL MAIS;13
VILLA DE LEIVA;Juana Maritza Sepulveda Reyes;MOVIMIENTO AUTORIDADES INDIGENAS DE COLOMBIA AICO;12
VILLA DE LEIVA;Partido Alianza Social Independiente Asi;PARTIDO ALIANZA SOCIAL INDEPENDIENTE ASI;12
VILLA DE LEIVA;Patricia Del Pilar Bohorquez Benjumea;MOVIMIENTO AUTORIDADES INDIGENAS DE COLOMBIA AICO;12
VILLA DE LEIVA;Monica Amanda Moran Aguilar;PARTIDO ALIANZA SOCIAL INDEPENDIENTE ASI;11
VILLA DE LEIVA;Mario Alberto Barreto Reyes;"PARTIDO DE REIVINDICACION ETNICA ""PRE""";10
VILLA DE LEIVA;Movimiento Alternativo Indigena Y Social Mais;MOVIMIENTO ALTERNATIVO INDIGENA Y SOCIAL MAIS;10
VILLA DE LEIVA;Jose Uvaldo Rivera Ladino;PARTIDO ALIANZA SOCIAL INDEPENDIENTE ASI;9
VILLA DE LEIVA;Denis Carvajal Palomino;PARTIDO LIBERAL COLOMBIANO;8
VILLA DE LEIVA;Jorge Eduardo Jaramillo Restrepo;PARTIDO SOCIAL DE UNIDAD NACIONAL  PARTIDO DE LA U;8
VILLA DE LEIVA;Maria Sofia Cortes Santamaria;COLOMBIA HUMANA - UNION PATRIOTICA;8
VILLA DE LEIVA;"Partido De Reivindicacion Etnica ""Pre""";"PARTIDO DE REIVINDICACION ETNICA ""PRE""";7
VILLA DE LEIVA;Maria Carolina Guzman Villegas;PARTIDO ALIANZA SOCIAL INDEPENDIENTE ASI;6
VILLA DE LEIVA;Julio Antonio Aguazaco Castillo;MOVIMIENTO ALTERNATIVO INDIGENA Y SOCIAL MAIS;5
VILLA DE LEIVA;Nubia Esperanza Gil Yagama;MOVIMIENTO ALTERNATIVO INDIGENA Y SOCIAL MAIS;5
VILLA DE LEIVA;Gustavo Avellaneda Bermudez;MOVIMIENTO ALTERNATIVO INDIGENA Y SOCIAL MAIS;4
VILLA DE LEIVA;July Andrea Espinosa Sanchez;PARTIDO ALIANZA SOCIAL INDEPENDIENTE ASI;3
VILLA DE LEIVA;Sonia Carolina Hernandez Diaz;MOVIMIENTO ALTERNATIVO INDIGENA Y SOCIAL MAIS;3
VILLA DE LEIVA;Maria Alejandra Moreno Medina;MOVIMIENTO ALTERNATIVO INDIGENA Y SOCIAL MAIS;2
VILLA DE LEIVA;Partido Ada;PARTIDO ADA;2
VILLA DE LEIVA;Johanna Paola Rodriguez Devia;"PARTIDO DE REIVINDICACION ETNICA ""PRE""";1
VILLA DE LEIVA;Maria Leonilde Salinas Acevedo;PARTIDO ADA;1
VILLA DE LEIVA;Mario Enrique Lopez Castellanos;MOVIMIENTO AUTORIDADES INDIGENAS DE COLOMBIA AICO;1
VILLA DE LEIVA;Yasmile Cortes Cortes;MOVIMIENTO AUTORIDADES INDIGENAS DE COLOMBIA AICO;1
VIRACACHA;Edilsa Yohana Puin Camacho;PARTIDO CONSERVADOR COLOMBIANO;221
VIRACACHA;Nelson Aurelio Plazas Arias;PARTIDO CENTRO DEMOCRATICO;159
VIRACACHA;Alba Rocio Panche Muñoz;PARTIDO ALIANZA VERDE;106
VIRACACHA;Margarita Del Carmen Fonseca Rojas;PARTIDO ALIANZA VERDE;105
VIRACACHA;Fredy Yovani Arias Mendoza;PARTIDO CENTRO DEMOCRATICO;103
VIRACACHA;Jose Basilio Caro Plazas;PARTIDO CONSERVADOR COLOMBIANO;100
VIRACACHA;Jairo Alfonso Pulido Arias;PARTIDO CONSERVADOR COLOMBIANO;97
VIRACACHA;Pedro Alonso Rojas Benitez;PARTIDO LIBERAL COLOMBIANO;83
VIRACACHA;Blanca Virginia Rincon Lopez;PARTIDO ALIANZA VERDE;80
VIRACACHA;Luis Ignacio Sanchez Martinez;PARTIDO CONSERVADOR COLOMBIANO;80
VIRACACHA;Jose Rodrigo Parra Parada;PARTIDO ALIANZA VERDE;77
VIRACACHA;Nancy Aguilar Rodriguez;PARTIDO CONSERVADOR COLOMBIANO;69
VIRACACHA;Segundo Reinaldo Plazas Martinez;PARTIDO CONSERVADOR COLOMBIANO;69
VIRACACHA;Jaime Caro Muñoz;PARTIDO ALIANZA VERDE;62
VIRACACHA;Luis Alejandro Arias Avila;PARTIDO CENTRO DEMOCRATICO;47
VIRACACHA;Jaime Alvarado Pedraza;PARTIDO CENTRO DEMOCRATICO;46
VIRACACHA;Partido Alianza Verde;PARTIDO ALIANZA VERDE;42
VIRACACHA;Claudia Carolina Arias Caro;PARTIDO CONSERVADOR COLOMBIANO;34
VIRACACHA;Edgar Eduardo Caro;PARTIDO LIBERAL COLOMBIANO;34
VIRACACHA;Partido Conservador Colombiano;PARTIDO CONSERVADOR COLOMBIANO;31
VIRACACHA;Rodrigo Antonio Parra Pedraza;PARTIDO CAMBIO RADICAL;29
VIRACACHA;Hector Dario Rodriguez Catolico;PARTIDO CAMBIO RADICAL;28
VIRACACHA;Yeison Javier Mendoza Avila;PARTIDO ALIANZA VERDE;26
VIRACACHA;Dora Yaneth Caro Sosa;PARTIDO CENTRO DEMOCRATICO;24
VIRACACHA;Orlando Antonio Benitez Alvarado;PARTIDO ALIANZA VERDE;24
VIRACACHA;Wilson David Avila Pedraza;PARTIDO CAMBIO RADICAL;23
VIRACACHA;Jose Wilson Fagua Avila;PARTIDO CAMBIO RADICAL;15
VIRACACHA;Carmelina Quicazaque Camacho;PARTIDO CAMBIO RADICAL;11
VIRACACHA;Angie Geraldine Guerra Velasco;PARTIDO LIBERAL COLOMBIANO;10
VIRACACHA;Partido Centro Democratico;PARTIDO CENTRO DEMOCRATICO;9
VIRACACHA;Partido Cambio Radical;PARTIDO CAMBIO RADICAL;8
VIRACACHA;Partido Liberal Colombiano;PARTIDO LIBERAL COLOMBIANO;8
VIRACACHA;Betty Rosalba Vargas Parra;PARTIDO CENTRO DEMOCRATICO;4
VIRACACHA;Edy Fabiola Parada Avila;PARTIDO CAMBIO RADICAL;3
VIRACACHA;Yanneth Arias Bolivar;PARTIDO CENTRO DEMOCRATICO;3
ZETAQUIRA;Efren Edberto Bernal Vargas;MOVIMIENTO ALTERNATIVO INDIGENA Y SOCIAL MAIS;239
ZETAQUIRA;Giovanni Salamanca Arias;PARTIDO ALIANZA VERDE;191
ZETAQUIRA;Milton Alberto Morales Arias;PARTIDO ALIANZA VERDE;190
ZETAQUIRA;Neiro Humberto Romero Ayala;PARTIDO LIBERAL COLOMBIANO;189
ZETAQUIRA;Hugo Arley Moreno Ortiz;PARTIDO LIBERAL COLOMBIANO;179
ZETAQUIRA;Lidia Yohana Vanegas Talero;PARTIDO LIBERAL COLOMBIANO;170
ZETAQUIRA;Jairo Alirio Moreno Jimenez;PARTIDO LIBERAL COLOMBIANO;168
ZETAQUIRA;Jose Julio Parra Romero;PARTIDO LIBERAL COLOMBIANO;166
ZETAQUIRA;Jaime Eulises Romero Jimenez;MOVIMIENTO ALTERNATIVO INDIGENA Y SOCIAL MAIS;157
ZETAQUIRA;Ramiro Vargas Martinez;MOVIMIENTO ALTERNATIVO INDIGENA Y SOCIAL MAIS;150
ZETAQUIRA;Fabio Ernesto Rivera Torres;PARTIDO LIBERAL COLOMBIANO;145
ZETAQUIRA;Mario Humberto Moreno Moreno;MOVIMIENTO ALTERNATIVO INDIGENA Y SOCIAL MAIS;128
ZETAQUIRA;Nancy Julieta Chaparro Ruiz;ZETAQUIRA UNIDA MEJOR ALTERNATIVA (ZUMA);121
ZETAQUIRA;Oscar Celio Dominguez Caro;PARTIDO CAMBIO RADICAL;121
ZETAQUIRA;William Humberto Alvarez Paez;PARTIDO CAMBIO RADICAL;109
ZETAQUIRA;Beyer Orlando Rojas Parra;PARTIDO LIBERAL COLOMBIANO;100
ZETAQUIRA;Joana Milena Arias Mendoza;ZETAQUIRA UNIDA MEJOR ALTERNATIVA (ZUMA);96
ZETAQUIRA;Pablo Antonio Arias Velasquez;PARTIDO ALIANZA VERDE;92
ZETAQUIRA;Mario Alfonso Jimenez Arias;PARTIDO ALIANZA VERDE;90
ZETAQUIRA;Nelson Felipe Soler Rios;PARTIDO ALIANZA VERDE;89
ZETAQUIRA;Lizeth Dayana Bonilla Rojas;ZETAQUIRA UNIDA MEJOR ALTERNATIVA (ZUMA);69
ZETAQUIRA;Andres Camilo Mora Vargas;ZETAQUIRA UNIDA MEJOR ALTERNATIVA (ZUMA);66
ZETAQUIRA;Ignacio Antonio Quevedo Farias;PARTIDO CAMBIO RADICAL;54
ZETAQUIRA;Pedro Jose Arias Manrique;MOVIMIENTO ALTERNATIVO INDIGENA Y SOCIAL MAIS;51
ZETAQUIRA;Marco Aurelio Moreno Buitrago;PARTIDO CAMBIO RADICAL;47
ZETAQUIRA;Natividad Soler Soler;PARTIDO LIBERAL COLOMBIANO;25
ZETAQUIRA;Jorge Hernando Buitrago Niño;PARTIDO CAMBIO RADICAL;22
ZETAQUIRA;Partido Alianza Verde;PARTIDO ALIANZA VERDE;17
ZETAQUIRA;Partido Liberal Colombiano;PARTIDO LIBERAL COLOMBIANO;17
ZETAQUIRA;Flenny Mesa Sanabria;ZETAQUIRA UNIDA MEJOR ALTERNATIVA (ZUMA);13
ZETAQUIRA;Concepcion De Jesus Sanchez Buitrago;PARTIDO ALIANZA VERDE;9
ZETAQUIRA;Leidi Patricia Suarez Ramirez;PARTIDO ALIANZA VERDE;7
ZETAQUIRA;Jacqueline Arias Gamboa;PARTIDO LIBERAL COLOMBIANO;5
ZETAQUIRA;Movimiento Alternativo Indigena Y Social Mais;MOVIMIENTO ALTERNATIVO INDIGENA Y SOCIAL MAIS;5
ZETAQUIRA;Partido Cambio Radical;PARTIDO CAMBIO RADICAL;5
ZETAQUIRA;Monica Patricia Mendieta Suarez;PARTIDO ALIANZA VERDE;4
ZETAQUIRA;Nelly Luz Dary Vargas Soler;MOVIMIENTO ALTERNATIVO INDIGENA Y SOCIAL MAIS;3
ZETAQUIRA;Zetaquira Unida Mejor Alternativa (Zuma);ZETAQUIRA UNIDA MEJOR ALTERNATIVA (ZUMA);3
ZETAQUIRA;Adela Vanegas Ibañez;MOVIMIENTO ALTERNATIVO INDIGENA Y SOCIAL MAIS;2
ZETAQUIRA;Yani Aguirre Gamboa;MOVIMIENTO ALTERNATIVO INDIGENA Y SOCIAL MAIS;2
ZETAQUIRA;Ana Lucia Hernandez Suesca;PARTIDO CAMBIO RADICAL;1
ZETAQUIRA;Blanca Elvira Galindo Vargas;PARTIDO CAMBIO RADICAL;1
ZETAQUIRA;Flor Alba Moreno Romero;PARTIDO CAMBIO RADICAL;1
