MUNNOMBRE;CANNOMBRE;PARNOMBRE;VOTOS
ALMEIDA;Ingrid Marlen Sogamoso Alfonso;PARTIDO CONSERVADOR COLOMBIANO;253
ALMEIDA;Wilmer Yair Castellanos Hernandez;PARTIDO ALIANZA VERDE;94
ALMEIDA;Oscar Leonardo Avila Romero;PARTIDO CAMBIO RADICAL;86
ALMEIDA;Jaime Raul Salamanca Torres;PARTIDO ALIANZA VERDE;62
ALMEIDA;Jose Giovany Pinzon Baez;PACTO HISTÓRICO;28
ALMEIDA;Jairo Enrique Castiblanco Parra;COALICIÓN PARTIDOS DE LA U - MIRA - COLOMBIA JUSTA LIBRES - ASI;22
ALMEIDA;Partido Alianza Verde;PARTIDO ALIANZA VERDE;16
ALMEIDA;William Donato Gomez;PARTIDO CENTRO DEMOCRÁTICO;13
ALMEIDA;Humphrey Roa Sarmiento;PARTIDO CONSERVADOR COLOMBIANO;12
ALMEIDA;Jorge Eliecer Cortes Martinez;PARTIDO LIBERAL COLOMBIANO;12
ALMEIDA;Olga Yaneth Beltran Dorado;PARTIDO CENTRO DEMOCRÁTICO;12
ALMEIDA;Mayda Cecilia Velasquez Rueda;PARTIDO LIBERAL COLOMBIANO;8
ALMEIDA;Nidia Milena Torres Paez;PARTIDO CENTRO DEMOCRÁTICO;8
ALMEIDA;Eduar Alexis Triana Rincon;PARTIDO CENTRO DEMOCRÁTICO;7
ALMEIDA;German Tiberio Ojeda Pedraza;PARTIDO ALIANZA VERDE;7
ALMEIDA;Luis Alejandro Gutierrez Sanabria;PARTIDO ALIANZA VERDE;7
ALMEIDA;Jose Fernando Morales Acuña;PARTIDO CONSERVADOR COLOMBIANO;6
ALMEIDA;Pablo Emilio Cepeda Novoa;PARTIDO CAMBIO RADICAL;6
ALMEIDA;Cindy Yohana Bohorquez Garzon;PARTIDO CONSERVADOR COLOMBIANO;5
ALMEIDA;Jorge Ivan Amarillo Giraldo;COALICIÓN PARTIDOS DE LA U - MIRA - COLOMBIA JUSTA LIBRES - ASI;5
ALMEIDA;Jose Dario Mahecha Castillo;PARTIDO CONSERVADOR COLOMBIANO;5
ALMEIDA;Karol Ricardo Ramirez Silva;PACTO HISTÓRICO;5
ALMEIDA;Hector David Chaparro Chaparro;PARTIDO LIBERAL COLOMBIANO;4
ALMEIDA;Monica Yanneth Quiroga Castillo;PARTIDO CAMBIO RADICAL;4
ALMEIDA;Pacto Histórico;PACTO HISTÓRICO;4
ALMEIDA;Partido Cambio Radical;PARTIDO CAMBIO RADICAL;4
ALMEIDA;Partido Centro Democrático;PARTIDO CENTRO DEMOCRÁTICO;4
ALMEIDA;Partido Conservador Colombiano;PARTIDO CONSERVADOR COLOMBIANO;4
ALMEIDA;Wilder Ivan Suesca Ochoa;PARTIDO CONSERVADOR COLOMBIANO;4
ALMEIDA;Guillermo Leonardo Sanchez Sanchez;PARTIDO CENTRO DEMOCRÁTICO;3
ALMEIDA;Hector Angel Ortiz Nuñez;PARTIDO CENTRO DEMOCRÁTICO;3
ALMEIDA;Henry De Jesus Puerto Vasquez;PARTIDO NUEVO LIBERALISMO;3
ALMEIDA;Partido Liberal Colombiano;PARTIDO LIBERAL COLOMBIANO;3
ALMEIDA;Carolina Del Pilar Rodriguez Contreras;PACTO HISTÓRICO;2
ALMEIDA;Jonatan Sanchez Garavito;PARTIDO CAMBIO RADICAL;2
ALMEIDA;Karen Lucia Molano Granados;PARTIDO ALIANZA VERDE;2
ALMEIDA;Laura Andrea Bello Porras;PARTIDO ALIANZA VERDE;2
ALMEIDA;Leidy Alejandra Moreno Sanchez;PACTO HISTÓRICO;2
ALMEIDA;Pedro Jose Suarez Vacca;PACTO HISTÓRICO;2
ALMEIDA;Claudia Beatriz Duarte Acosta;PARTIDO NUEVO LIBERALISMO;1
ALMEIDA;Coalición Partidos De La U - Mira - Colombia Justa  Libres - Asi;COALICIÓN PARTIDOS DE LA U - MIRA - COLOMBIA JUSTA LIBRES - ASI;1
ALMEIDA;Diana Carolina Suarez Muñoz;COALICIÓN PARTIDOS DE LA U - MIRA - COLOMBIA JUSTA LIBRES - ASI;1
ALMEIDA;Fernando Ríos Hidalgo;FERNANDO RÍOS HIDALGO;1
ALMEIDA;Fundación Para El Desarrollo Social De Comunidades  Negras;FUNDACIÓN PARA EL DESARROLLO SOCIAL DE COMUNIDADES NEGRAS;1
ALMEIDA;Jorge Ivan Mina Lasso;CONSEJO COMUNITARIO MANUEL ZAPATA OLIVELLA DE SAN ANTERO;1
ALMEIDA;Mayra Alejandra Viancha Sanabria;PARTIDO LIBERAL COLOMBIANO;1
ALMEIDA;Olga Natalie Manrique Abril;COALICIÓN PARTIDOS DE LA U - MIRA - COLOMBIA JUSTA LIBRES - ASI;1
ALMEIDA;Partido Indígena Colombiano P.I.C;PARTIDO INDÍGENA COLOMBIANO P.I.C;1
ALMEIDA;Partido Nuevo Liberalismo;PARTIDO NUEVO LIBERALISMO;1
ALMEIDA;Sandro Nestor Condia Perez;PARTIDO LIBERAL COLOMBIANO;1
ALMEIDA;William Fernando Granados;PARTIDO NUEVO LIBERALISMO;1
ALMEIDA;Wilson Castiblanco Gil;PARTIDO LIBERAL COLOMBIANO;1
AQUITANIA (PUEBLOVIEJO);Wilmer Yair Castellanos Hernandez;PARTIDO ALIANZA VERDE;400
AQUITANIA (PUEBLOVIEJO);Jose Giovany Pinzon Baez;PACTO HISTÓRICO;316
AQUITANIA (PUEBLOVIEJO);Hector David Chaparro Chaparro;PARTIDO LIBERAL COLOMBIANO;310
AQUITANIA (PUEBLOVIEJO);Jaime Raul Salamanca Torres;PARTIDO ALIANZA VERDE;226
AQUITANIA (PUEBLOVIEJO);Luis Guillermo Barrera Gutierrez;PARTIDO CAMBIO RADICAL;182
AQUITANIA (PUEBLOVIEJO);Hector Angel Ortiz Nuñez;PARTIDO CENTRO DEMOCRÁTICO;180
AQUITANIA (PUEBLOVIEJO);Guillermo Leonardo Sanchez Sanchez;PARTIDO CENTRO DEMOCRÁTICO;161
AQUITANIA (PUEBLOVIEJO);Humphrey Roa Sarmiento;PARTIDO CONSERVADOR COLOMBIANO;160
AQUITANIA (PUEBLOVIEJO);Wilder Ivan Suesca Ochoa;PARTIDO CONSERVADOR COLOMBIANO;158
AQUITANIA (PUEBLOVIEJO);German Tiberio Ojeda Pedraza;PARTIDO ALIANZA VERDE;113
AQUITANIA (PUEBLOVIEJO);Eduar Alexis Triana Rincon;PARTIDO CENTRO DEMOCRÁTICO;109
AQUITANIA (PUEBLOVIEJO);Partido Alianza Verde;PARTIDO ALIANZA VERDE;93
AQUITANIA (PUEBLOVIEJO);Ingrid Marlen Sogamoso Alfonso;PARTIDO CONSERVADOR COLOMBIANO;85
AQUITANIA (PUEBLOVIEJO);Pacto Histórico;PACTO HISTÓRICO;85
AQUITANIA (PUEBLOVIEJO);Jairo Enrique Castiblanco Parra;COALICIÓN PARTIDOS DE LA U - MIRA - COLOMBIA JUSTA LIBRES - ASI;80
AQUITANIA (PUEBLOVIEJO);William Donato Gomez;PARTIDO CENTRO DEMOCRÁTICO;74
AQUITANIA (PUEBLOVIEJO);Karol Ricardo Ramirez Silva;PACTO HISTÓRICO;73
AQUITANIA (PUEBLOVIEJO);Partido Centro Democrático;PARTIDO CENTRO DEMOCRÁTICO;67
AQUITANIA (PUEBLOVIEJO);Partido Conservador Colombiano;PARTIDO CONSERVADOR COLOMBIANO;50
AQUITANIA (PUEBLOVIEJO);Pedro Jose Suarez Vacca;PACTO HISTÓRICO;50
AQUITANIA (PUEBLOVIEJO);Jorge Arturo Mayorga Esguerra;COALICIÓN PARTIDOS DE LA U - MIRA - COLOMBIA JUSTA LIBRES - ASI;47
AQUITANIA (PUEBLOVIEJO);Nidia Milena Torres Paez;PARTIDO CENTRO DEMOCRÁTICO;47
AQUITANIA (PUEBLOVIEJO);Jonatan Sanchez Garavito;PARTIDO CAMBIO RADICAL;46
AQUITANIA (PUEBLOVIEJO);Luis Alejandro Gutierrez Sanabria;PARTIDO ALIANZA VERDE;46
AQUITANIA (PUEBLOVIEJO);Cindy Yohana Bohorquez Garzon;PARTIDO CONSERVADOR COLOMBIANO;42
AQUITANIA (PUEBLOVIEJO);Olga Yaneth Beltran Dorado;PARTIDO CENTRO DEMOCRÁTICO;42
AQUITANIA (PUEBLOVIEJO);Jose Dario Mahecha Castillo;PARTIDO CONSERVADOR COLOMBIANO;41
AQUITANIA (PUEBLOVIEJO);Karen Lucia Molano Granados;PARTIDO ALIANZA VERDE;37
AQUITANIA (PUEBLOVIEJO);Lupe Isabel Lopez Marquez;PARTIDO CAMBIO RADICAL;37
AQUITANIA (PUEBLOVIEJO);Oscar Leonardo Avila Romero;PARTIDO CAMBIO RADICAL;35
AQUITANIA (PUEBLOVIEJO);Carolina Del Pilar Rodriguez Contreras;PACTO HISTÓRICO;34
AQUITANIA (PUEBLOVIEJO);Diana Carolina Suarez Muñoz;COALICIÓN PARTIDOS DE LA U - MIRA - COLOMBIA JUSTA LIBRES - ASI;32
AQUITANIA (PUEBLOVIEJO);Laura Andrea Bello Porras;PARTIDO ALIANZA VERDE;32
AQUITANIA (PUEBLOVIEJO);Sandro Nestor Condia Perez;PARTIDO LIBERAL COLOMBIANO;32
AQUITANIA (PUEBLOVIEJO);Jose Fernando Morales Acuña;PARTIDO CONSERVADOR COLOMBIANO;25
AQUITANIA (PUEBLOVIEJO);Jorge Eliecer Cortes Martinez;PARTIDO LIBERAL COLOMBIANO;24
AQUITANIA (PUEBLOVIEJO);Pablo Emilio Cepeda Novoa;PARTIDO CAMBIO RADICAL;22
AQUITANIA (PUEBLOVIEJO);Partido Cambio Radical;PARTIDO CAMBIO RADICAL;22
AQUITANIA (PUEBLOVIEJO);Maryory Catherin Ortiz Alvarez;PACTO HISTÓRICO;20
AQUITANIA (PUEBLOVIEJO);Wilson Castiblanco Gil;PARTIDO LIBERAL COLOMBIANO;18
AQUITANIA (PUEBLOVIEJO);Leidy Alejandra Moreno Sanchez;PACTO HISTÓRICO;17
AQUITANIA (PUEBLOVIEJO);Mayra Alejandra Viancha Sanabria;PARTIDO LIBERAL COLOMBIANO;16
AQUITANIA (PUEBLOVIEJO);Partido Liberal Colombiano;PARTIDO LIBERAL COLOMBIANO;14
AQUITANIA (PUEBLOVIEJO);Mayda Cecilia Velasquez Rueda;PARTIDO LIBERAL COLOMBIANO;12
AQUITANIA (PUEBLOVIEJO);Monica Yanneth Quiroga Castillo;PARTIDO CAMBIO RADICAL;9
AQUITANIA (PUEBLOVIEJO);Coalición Partidos De La U - Mira - Colombia Justa  Libres - Asi;COALICIÓN PARTIDOS DE LA U - MIRA - COLOMBIA JUSTA LIBRES - ASI;8
AQUITANIA (PUEBLOVIEJO);Henry De Jesus Puerto Vasquez;PARTIDO NUEVO LIBERALISMO;7
AQUITANIA (PUEBLOVIEJO);Jorge Ivan Amarillo Giraldo;COALICIÓN PARTIDOS DE LA U - MIRA - COLOMBIA JUSTA LIBRES - ASI;6
AQUITANIA (PUEBLOVIEJO);Pablo Mendoza Vargas;COALICIÓN PARTIDOS DE LA U - MIRA - COLOMBIA JUSTA LIBRES - ASI;6
AQUITANIA (PUEBLOVIEJO);Olga Maria Chivata Vargas;PARTIDO NUEVO LIBERALISMO;5
AQUITANIA (PUEBLOVIEJO);Olga Natalie Manrique Abril;COALICIÓN PARTIDOS DE LA U - MIRA - COLOMBIA JUSTA LIBRES - ASI;5
AQUITANIA (PUEBLOVIEJO);Partido Nuevo Liberalismo;PARTIDO NUEVO LIBERALISMO;5
AQUITANIA (PUEBLOVIEJO);Partido Político Dignidad;PARTIDO POLÍTICO DIGNIDAD;4
AQUITANIA (PUEBLOVIEJO);William Fernando Granados;PARTIDO NUEVO LIBERALISMO;4
AQUITANIA (PUEBLOVIEJO);Claudia Beatriz Duarte Acosta;PARTIDO NUEVO LIBERALISMO;3
AQUITANIA (PUEBLOVIEJO);Jaime Aguilar Dominguez;CONSEJO COMUNITARIO DE LOS CORREGIMIENTOS DE SAN ANTONIO Y EL CASTILLO MUNICIPIO DE EL CERRITO;2
AQUITANIA (PUEBLOVIEJO);Movimiento De Salvación Nacional;MOVIMIENTO DE SALVACIÓN NACIONAL;2
AQUITANIA (PUEBLOVIEJO);Consejo Comunitario De Comunidades Negras Socoland O;CONSEJO COMUNITARIO DE COMUNIDADES NEGRAS SOCOLANDO;1
AQUITANIA (PUEBLOVIEJO);Consejo Comunitario La Voz De Los Negros;CONSEJO COMUNITARIO LA VOZ DE LOS NEGROS;1
AQUITANIA (PUEBLOVIEJO);Diego Alberto Ramirez Prado;CONSEJO COMUNITARIO MAYOR DE CASIMIRO;1
AQUITANIA (PUEBLOVIEJO);Salomon Rafael Ruiz Bertel;CABILDO INDÍGENA AYWJAWASHI;1
ARCABUCO;Oscar Leonardo Avila Romero;PARTIDO CAMBIO RADICAL;289
ARCABUCO;Hector David Chaparro Chaparro;PARTIDO LIBERAL COLOMBIANO;241
ARCABUCO;Jaime Raul Salamanca Torres;PARTIDO ALIANZA VERDE;161
ARCABUCO;Jonatan Sanchez Garavito;PARTIDO CAMBIO RADICAL;107
ARCABUCO;Guillermo Leonardo Sanchez Sanchez;PARTIDO CENTRO DEMOCRÁTICO;100
ARCABUCO;Jorge Eliecer Cortes Martinez;PARTIDO LIBERAL COLOMBIANO;95
ARCABUCO;Pacto Histórico;PACTO HISTÓRICO;81
ARCABUCO;Pedro Jose Suarez Vacca;PACTO HISTÓRICO;75
ARCABUCO;Wilder Ivan Suesca Ochoa;PARTIDO CONSERVADOR COLOMBIANO;70
ARCABUCO;Eduar Alexis Triana Rincon;PARTIDO CENTRO DEMOCRÁTICO;68
ARCABUCO;Wilmer Yair Castellanos Hernandez;PARTIDO ALIANZA VERDE;68
ARCABUCO;Ingrid Marlen Sogamoso Alfonso;PARTIDO CONSERVADOR COLOMBIANO;62
ARCABUCO;Jose Giovany Pinzon Baez;PACTO HISTÓRICO;53
ARCABUCO;Karen Lucia Molano Granados;PARTIDO ALIANZA VERDE;51
ARCABUCO;Partido Alianza Verde;PARTIDO ALIANZA VERDE;39
ARCABUCO;Luis Alejandro Gutierrez Sanabria;PARTIDO ALIANZA VERDE;31
ARCABUCO;Diana Carolina Suarez Muñoz;COALICIÓN PARTIDOS DE LA U - MIRA - COLOMBIA JUSTA LIBRES - ASI;30
ARCABUCO;German Tiberio Ojeda Pedraza;PARTIDO ALIANZA VERDE;26
ARCABUCO;Humphrey Roa Sarmiento;PARTIDO CONSERVADOR COLOMBIANO;25
ARCABUCO;Pablo Emilio Cepeda Novoa;PARTIDO CAMBIO RADICAL;21
ARCABUCO;William Donato Gomez;PARTIDO CENTRO DEMOCRÁTICO;20
ARCABUCO;Wilson Castiblanco Gil;PARTIDO LIBERAL COLOMBIANO;19
ARCABUCO;Maryory Catherin Ortiz Alvarez;PACTO HISTÓRICO;18
ARCABUCO;Laura Andrea Bello Porras;PARTIDO ALIANZA VERDE;16
ARCABUCO;Jose Fernando Morales Acuña;PARTIDO CONSERVADOR COLOMBIANO;15
ARCABUCO;Luis Guillermo Barrera Gutierrez;PARTIDO CAMBIO RADICAL;15
ARCABUCO;Olga Yaneth Beltran Dorado;PARTIDO CENTRO DEMOCRÁTICO;15
ARCABUCO;Cindy Yohana Bohorquez Garzon;PARTIDO CONSERVADOR COLOMBIANO;12
ARCABUCO;Hector Angel Ortiz Nuñez;PARTIDO CENTRO DEMOCRÁTICO;12
ARCABUCO;Jorge Ivan Amarillo Giraldo;COALICIÓN PARTIDOS DE LA U - MIRA - COLOMBIA JUSTA LIBRES - ASI;11
ARCABUCO;Leidy Alejandra Moreno Sanchez;PACTO HISTÓRICO;10
ARCABUCO;Olga Natalie Manrique Abril;COALICIÓN PARTIDOS DE LA U - MIRA - COLOMBIA JUSTA LIBRES - ASI;10
ARCABUCO;Partido Centro Democrático;PARTIDO CENTRO DEMOCRÁTICO;10
ARCABUCO;Partido Conservador Colombiano;PARTIDO CONSERVADOR COLOMBIANO;10
ARCABUCO;Jairo Enrique Castiblanco Parra;COALICIÓN PARTIDOS DE LA U - MIRA - COLOMBIA JUSTA LIBRES - ASI;9
ARCABUCO;Jose Dario Mahecha Castillo;PARTIDO CONSERVADOR COLOMBIANO;9
ARCABUCO;Karol Ricardo Ramirez Silva;PACTO HISTÓRICO;9
ARCABUCO;Nidia Milena Torres Paez;PARTIDO CENTRO DEMOCRÁTICO;9
ARCABUCO;Mayda Cecilia Velasquez Rueda;PARTIDO LIBERAL COLOMBIANO;8
ARCABUCO;Partido Liberal Colombiano;PARTIDO LIBERAL COLOMBIANO;8
ARCABUCO;Sandro Nestor Condia Perez;PARTIDO LIBERAL COLOMBIANO;8
ARCABUCO;Carolina Del Pilar Rodriguez Contreras;PACTO HISTÓRICO;6
ARCABUCO;Pablo Mendoza Vargas;COALICIÓN PARTIDOS DE LA U - MIRA - COLOMBIA JUSTA LIBRES - ASI;6
ARCABUCO;Lupe Isabel Lopez Marquez;PARTIDO CAMBIO RADICAL;5
ARCABUCO;Coalición Partidos De La U - Mira - Colombia Justa  Libres - Asi;COALICIÓN PARTIDOS DE LA U - MIRA - COLOMBIA JUSTA LIBRES - ASI;4
ARCABUCO;Partido Cambio Radical;PARTIDO CAMBIO RADICAL;4
ARCABUCO;Partido Nuevo Liberalismo;PARTIDO NUEVO LIBERALISMO;4
ARCABUCO;Olga Maria Chivata Vargas;PARTIDO NUEVO LIBERALISMO;3
ARCABUCO;Ariel Rosebel Palacios Angulo;C.C LA TOMA;2
ARCABUCO;Claudia Beatriz Duarte Acosta;PARTIDO NUEVO LIBERALISMO;2
ARCABUCO;Henry De Jesus Puerto Vasquez;PARTIDO NUEVO LIBERALISMO;2
ARCABUCO;Mayra Alejandra Viancha Sanabria;PARTIDO LIBERAL COLOMBIANO;2
ARCABUCO;Fernando Ríos Hidalgo;FERNANDO RÍOS HIDALGO;1
ARCABUCO;Juvenal Arrieta Gonzalez;"MOVIMIENTO ALTERNATIVO INDÍGENA SOCIAL ""MAIS""";1
ARCABUCO;Monica Yanneth Quiroga Castillo;PARTIDO CAMBIO RADICAL;1
ARCABUCO;Partido Político Dignidad;PARTIDO POLÍTICO DIGNIDAD;1
ARCABUCO;William Fernando Granados;PARTIDO NUEVO LIBERALISMO;1
ARCABUCO;Yorly Jimena Floriano Hernandez;CONSEJO COMUNITARIO MAYOR DE CASIMIRO;1
BELEN;Hector David Chaparro Chaparro;PARTIDO LIBERAL COLOMBIANO;555
BELEN;Oscar Leonardo Avila Romero;PARTIDO CAMBIO RADICAL;366
BELEN;German Tiberio Ojeda Pedraza;PARTIDO ALIANZA VERDE;252
BELEN;Jose Fernando Morales Acuña;PARTIDO CONSERVADOR COLOMBIANO;218
BELEN;Jaime Raul Salamanca Torres;PARTIDO ALIANZA VERDE;146
BELEN;Wilson Castiblanco Gil;PARTIDO LIBERAL COLOMBIANO;112
BELEN;Wilmer Yair Castellanos Hernandez;PARTIDO ALIANZA VERDE;106
BELEN;Jose Giovany Pinzon Baez;PACTO HISTÓRICO;92
BELEN;Pedro Jose Suarez Vacca;PACTO HISTÓRICO;79
BELEN;Pacto Histórico;PACTO HISTÓRICO;67
BELEN;Partido Alianza Verde;PARTIDO ALIANZA VERDE;63
BELEN;Hector Angel Ortiz Nuñez;PARTIDO CENTRO DEMOCRÁTICO;59
BELEN;Jairo Enrique Castiblanco Parra;COALICIÓN PARTIDOS DE LA U - MIRA - COLOMBIA JUSTA LIBRES - ASI;55
BELEN;Laura Andrea Bello Porras;PARTIDO ALIANZA VERDE;55
BELEN;Wilder Ivan Suesca Ochoa;PARTIDO CONSERVADOR COLOMBIANO;52
BELEN;Guillermo Leonardo Sanchez Sanchez;PARTIDO CENTRO DEMOCRÁTICO;49
BELEN;Luis Guillermo Barrera Gutierrez;PARTIDO CAMBIO RADICAL;46
BELEN;Karen Lucia Molano Granados;PARTIDO ALIANZA VERDE;39
BELEN;Olga Natalie Manrique Abril;COALICIÓN PARTIDOS DE LA U - MIRA - COLOMBIA JUSTA LIBRES - ASI;39
BELEN;Luis Alejandro Gutierrez Sanabria;PARTIDO ALIANZA VERDE;35
BELEN;Ingrid Marlen Sogamoso Alfonso;PARTIDO CONSERVADOR COLOMBIANO;31
BELEN;Jorge Eliecer Cortes Martinez;PARTIDO LIBERAL COLOMBIANO;29
BELEN;Partido Liberal Colombiano;PARTIDO LIBERAL COLOMBIANO;27
BELEN;Jose Dario Mahecha Castillo;PARTIDO CONSERVADOR COLOMBIANO;24
BELEN;Partido Conservador Colombiano;PARTIDO CONSERVADOR COLOMBIANO;24
BELEN;Pablo Emilio Cepeda Novoa;PARTIDO CAMBIO RADICAL;23
BELEN;Pablo Mendoza Vargas;COALICIÓN PARTIDOS DE LA U - MIRA - COLOMBIA JUSTA LIBRES - ASI;23
BELEN;Diana Carolina Suarez Muñoz;COALICIÓN PARTIDOS DE LA U - MIRA - COLOMBIA JUSTA LIBRES - ASI;21
BELEN;Lupe Isabel Lopez Marquez;PARTIDO CAMBIO RADICAL;20
BELEN;Eduar Alexis Triana Rincon;PARTIDO CENTRO DEMOCRÁTICO;19
BELEN;Karol Ricardo Ramirez Silva;PACTO HISTÓRICO;19
BELEN;Nidia Milena Torres Paez;PARTIDO CENTRO DEMOCRÁTICO;18
BELEN;Jorge Ivan Amarillo Giraldo;COALICIÓN PARTIDOS DE LA U - MIRA - COLOMBIA JUSTA LIBRES - ASI;17
BELEN;William Donato Gomez;PARTIDO CENTRO DEMOCRÁTICO;17
BELEN;Leidy Alejandra Moreno Sanchez;PACTO HISTÓRICO;16
BELEN;Mayra Alejandra Viancha Sanabria;PARTIDO LIBERAL COLOMBIANO;15
BELEN;Jonatan Sanchez Garavito;PARTIDO CAMBIO RADICAL;14
BELEN;Mayda Cecilia Velasquez Rueda;PARTIDO LIBERAL COLOMBIANO;14
BELEN;Olga Yaneth Beltran Dorado;PARTIDO CENTRO DEMOCRÁTICO;14
BELEN;Humphrey Roa Sarmiento;PARTIDO CONSERVADOR COLOMBIANO;13
BELEN;Sandro Nestor Condia Perez;PARTIDO LIBERAL COLOMBIANO;11
BELEN;Partido Centro Democrático;PARTIDO CENTRO DEMOCRÁTICO;10
BELEN;Carolina Del Pilar Rodriguez Contreras;PACTO HISTÓRICO;9
BELEN;Monica Yanneth Quiroga Castillo;PARTIDO CAMBIO RADICAL;9
BELEN;Partido Cambio Radical;PARTIDO CAMBIO RADICAL;8
BELEN;Cindy Yohana Bohorquez Garzon;PARTIDO CONSERVADOR COLOMBIANO;7
BELEN;Partido Nuevo Liberalismo;PARTIDO NUEVO LIBERALISMO;7
BELEN;Claudia Beatriz Duarte Acosta;PARTIDO NUEVO LIBERALISMO;5
BELEN;Coalición Partidos De La U - Mira - Colombia Justa  Libres - Asi;COALICIÓN PARTIDOS DE LA U - MIRA - COLOMBIA JUSTA LIBRES - ASI;5
BELEN;Henry De Jesus Puerto Vasquez;PARTIDO NUEVO LIBERALISMO;5
BELEN;Jorge Ivan Mina Lasso;CONSEJO COMUNITARIO MANUEL ZAPATA OLIVELLA DE SAN ANTERO;5
BELEN;Maryory Catherin Ortiz Alvarez;PACTO HISTÓRICO;5
BELEN;William Fernando Granados;PARTIDO NUEVO LIBERALISMO;5
BELEN;Olga Maria Chivata Vargas;PARTIDO NUEVO LIBERALISMO;4
BELEN;Diego Alberto Ramirez Prado;CONSEJO COMUNITARIO MAYOR DE CASIMIRO;2
BELEN;Juvenal Arrieta Gonzalez;"MOVIMIENTO ALTERNATIVO INDÍGENA SOCIAL ""MAIS""";2
BELEN;Norman David Bañol Alvarez;"MOVIMIENTO ALTERNATIVO INDÍGENA SOCIAL ""MAIS""";2
BELEN;Consejo Comunitario Afrozabaletas;CONSEJO COMUNITARIO AFROZABALETAS;1
BELEN;"Consejo Comunitario De La Costa Pacífica ""Concosta """;"CONSEJO COMUNITARIO DE LA COSTA PACÍFICA ""CONCOSTA""";1
BELEN;Consejo Comunitario Del Río Guajuí;CONSEJO COMUNITARIO DEL RÍO GUAJUÍ;1
BELEN;Jhan Carlos Garcia Diaz;"CONSEJO COMUNITARIO DE LA COSTA PACÍFICA ""CONCOSTA""";1
BELEN;Jorge Arturo Mayorga Esguerra;COALICIÓN PARTIDOS DE LA U - MIRA - COLOMBIA JUSTA LIBRES - ASI;1
BELEN;Maria Yolanda Figueroa Celis;PARTIDO INDÍGENA COLOMBIANO P.I.C;1
BELEN;"Movimiento Alternativo Indígena Social ""Mais""";"MOVIMIENTO ALTERNATIVO INDÍGENA SOCIAL ""MAIS""";1
BELEN;Partido Indígena Colombiano P.I.C;PARTIDO INDÍGENA COLOMBIANO P.I.C;1
BELEN;Partido Político Dignidad;PARTIDO POLÍTICO DIGNIDAD;1
BERBEO;Jaime Raul Salamanca Torres;PARTIDO ALIANZA VERDE;147
BERBEO;Hector David Chaparro Chaparro;PARTIDO LIBERAL COLOMBIANO;100
BERBEO;Jose Giovany Pinzon Baez;PACTO HISTÓRICO;56
BERBEO;Jairo Enrique Castiblanco Parra;COALICIÓN PARTIDOS DE LA U - MIRA - COLOMBIA JUSTA LIBRES - ASI;44
BERBEO;Jorge Eliecer Cortes Martinez;PARTIDO LIBERAL COLOMBIANO;34
BERBEO;Wilmer Yair Castellanos Hernandez;PARTIDO ALIANZA VERDE;32
BERBEO;Partido Alianza Verde;PARTIDO ALIANZA VERDE;21
BERBEO;Jonatan Sanchez Garavito;PARTIDO CAMBIO RADICAL;18
BERBEO;Pacto Histórico;PACTO HISTÓRICO;18
BERBEO;Luis Guillermo Barrera Gutierrez;PARTIDO CAMBIO RADICAL;16
BERBEO;German Tiberio Ojeda Pedraza;PARTIDO ALIANZA VERDE;12
BERBEO;Pedro Jose Suarez Vacca;PACTO HISTÓRICO;11
BERBEO;Guillermo Leonardo Sanchez Sanchez;PARTIDO CENTRO DEMOCRÁTICO;8
BERBEO;Laura Andrea Bello Porras;PARTIDO ALIANZA VERDE;7
BERBEO;Oscar Leonardo Avila Romero;PARTIDO CAMBIO RADICAL;7
BERBEO;Karen Lucia Molano Granados;PARTIDO ALIANZA VERDE;6
BERBEO;Partido Centro Democrático;PARTIDO CENTRO DEMOCRÁTICO;6
BERBEO;Mayda Cecilia Velasquez Rueda;PARTIDO LIBERAL COLOMBIANO;5
BERBEO;Monica Yanneth Quiroga Castillo;PARTIDO CAMBIO RADICAL;5
BERBEO;Cindy Yohana Bohorquez Garzon;PARTIDO CONSERVADOR COLOMBIANO;4
BERBEO;Diana Carolina Suarez Muñoz;COALICIÓN PARTIDOS DE LA U - MIRA - COLOMBIA JUSTA LIBRES - ASI;4
BERBEO;Ingrid Marlen Sogamoso Alfonso;PARTIDO CONSERVADOR COLOMBIANO;4
BERBEO;Jorge Ivan Amarillo Giraldo;COALICIÓN PARTIDOS DE LA U - MIRA - COLOMBIA JUSTA LIBRES - ASI;4
BERBEO;Karol Ricardo Ramirez Silva;PACTO HISTÓRICO;4
BERBEO;Lupe Isabel Lopez Marquez;PARTIDO CAMBIO RADICAL;4
BERBEO;Wilson Castiblanco Gil;PARTIDO LIBERAL COLOMBIANO;4
BERBEO;Eduar Alexis Triana Rincon;PARTIDO CENTRO DEMOCRÁTICO;3
BERBEO;Hector Angel Ortiz Nuñez;PARTIDO CENTRO DEMOCRÁTICO;3
BERBEO;Olga Yaneth Beltran Dorado;PARTIDO CENTRO DEMOCRÁTICO;3
BERBEO;Partido Cambio Radical;PARTIDO CAMBIO RADICAL;3
BERBEO;Wilder Ivan Suesca Ochoa;PARTIDO CONSERVADOR COLOMBIANO;3
BERBEO;Coalición Partidos De La U - Mira - Colombia Justa  Libres - Asi;COALICIÓN PARTIDOS DE LA U - MIRA - COLOMBIA JUSTA LIBRES - ASI;2
BERBEO;Mayra Alejandra Viancha Sanabria;PARTIDO LIBERAL COLOMBIANO;2
BERBEO;Olga Natalie Manrique Abril;COALICIÓN PARTIDOS DE LA U - MIRA - COLOMBIA JUSTA LIBRES - ASI;2
BERBEO;Partido Liberal Colombiano;PARTIDO LIBERAL COLOMBIANO;2
BERBEO;Sandro Nestor Condia Perez;PARTIDO LIBERAL COLOMBIANO;2
BERBEO;William Donato Gomez;PARTIDO CENTRO DEMOCRÁTICO;2
BERBEO;Carolina Del Pilar Rodriguez Contreras;PACTO HISTÓRICO;1
BERBEO;Humphrey Roa Sarmiento;PARTIDO CONSERVADOR COLOMBIANO;1
BERBEO;Jose Fernando Morales Acuña;PARTIDO CONSERVADOR COLOMBIANO;1
BERBEO;Luis Alejandro Gutierrez Sanabria;PARTIDO ALIANZA VERDE;1
BERBEO;Maryory Catherin Ortiz Alvarez;PACTO HISTÓRICO;1
BERBEO;Nidia Milena Torres Paez;PARTIDO CENTRO DEMOCRÁTICO;1
BERBEO;Partido Nuevo Liberalismo;PARTIDO NUEVO LIBERALISMO;1
BETEITIVA;Hector David Chaparro Chaparro;PARTIDO LIBERAL COLOMBIANO;150
BETEITIVA;German Tiberio Ojeda Pedraza;PARTIDO ALIANZA VERDE;73
BETEITIVA;Jose Giovany Pinzon Baez;PACTO HISTÓRICO;67
BETEITIVA;Jaime Raul Salamanca Torres;PARTIDO ALIANZA VERDE;47
BETEITIVA;Wilmer Yair Castellanos Hernandez;PARTIDO ALIANZA VERDE;46
BETEITIVA;Olga Yaneth Beltran Dorado;PARTIDO CENTRO DEMOCRÁTICO;42
BETEITIVA;Jairo Enrique Castiblanco Parra;COALICIÓN PARTIDOS DE LA U - MIRA - COLOMBIA JUSTA LIBRES - ASI;37
BETEITIVA;Guillermo Leonardo Sanchez Sanchez;PARTIDO CENTRO DEMOCRÁTICO;34
BETEITIVA;Jose Fernando Morales Acuña;PARTIDO CONSERVADOR COLOMBIANO;25
BETEITIVA;Wilson Castiblanco Gil;PARTIDO LIBERAL COLOMBIANO;25
BETEITIVA;Jorge Eliecer Cortes Martinez;PARTIDO LIBERAL COLOMBIANO;21
BETEITIVA;Pedro Jose Suarez Vacca;PACTO HISTÓRICO;19
BETEITIVA;Ingrid Marlen Sogamoso Alfonso;PARTIDO CONSERVADOR COLOMBIANO;17
BETEITIVA;Jorge Ivan Amarillo Giraldo;COALICIÓN PARTIDOS DE LA U - MIRA - COLOMBIA JUSTA LIBRES - ASI;15
BETEITIVA;Jonatan Sanchez Garavito;PARTIDO CAMBIO RADICAL;14
BETEITIVA;Pacto Histórico;PACTO HISTÓRICO;13
BETEITIVA;Hector Angel Ortiz Nuñez;PARTIDO CENTRO DEMOCRÁTICO;12
BETEITIVA;Partido Alianza Verde;PARTIDO ALIANZA VERDE;11
BETEITIVA;William Donato Gomez;PARTIDO CENTRO DEMOCRÁTICO;9
BETEITIVA;Oscar Leonardo Avila Romero;PARTIDO CAMBIO RADICAL;8
BETEITIVA;Partido Centro Democrático;PARTIDO CENTRO DEMOCRÁTICO;8
BETEITIVA;Jose Dario Mahecha Castillo;PARTIDO CONSERVADOR COLOMBIANO;7
BETEITIVA;Wilder Ivan Suesca Ochoa;PARTIDO CONSERVADOR COLOMBIANO;7
BETEITIVA;Eduar Alexis Triana Rincon;PARTIDO CENTRO DEMOCRÁTICO;6
BETEITIVA;Karen Lucia Molano Granados;PARTIDO ALIANZA VERDE;6
BETEITIVA;Luis Alejandro Gutierrez Sanabria;PARTIDO ALIANZA VERDE;6
BETEITIVA;Lupe Isabel Lopez Marquez;PARTIDO CAMBIO RADICAL;5
BETEITIVA;Pablo Emilio Cepeda Novoa;PARTIDO CAMBIO RADICAL;5
BETEITIVA;Partido Conservador Colombiano;PARTIDO CONSERVADOR COLOMBIANO;5
BETEITIVA;Partido Liberal Colombiano;PARTIDO LIBERAL COLOMBIANO;5
BETEITIVA;Mayda Cecilia Velasquez Rueda;PARTIDO LIBERAL COLOMBIANO;4
BETEITIVA;Carolina Del Pilar Rodriguez Contreras;PACTO HISTÓRICO;3
BETEITIVA;Laura Andrea Bello Porras;PARTIDO ALIANZA VERDE;3
BETEITIVA;Maryory Catherin Ortiz Alvarez;PACTO HISTÓRICO;3
BETEITIVA;Mayra Alejandra Viancha Sanabria;PARTIDO LIBERAL COLOMBIANO;3
BETEITIVA;Nidia Milena Torres Paez;PARTIDO CENTRO DEMOCRÁTICO;3
BETEITIVA;Sandro Nestor Condia Perez;PARTIDO LIBERAL COLOMBIANO;3
BETEITIVA;Luis Guillermo Barrera Gutierrez;PARTIDO CAMBIO RADICAL;2
BETEITIVA;Partido Cambio Radical;PARTIDO CAMBIO RADICAL;2
BETEITIVA;Alianza Nacional Afrocolombiana;ALIANZA NACIONAL AFROCOLOMBIANA;1
BETEITIVA;Cindy Yohana Bohorquez Garzon;PARTIDO CONSERVADOR COLOMBIANO;1
BETEITIVA;Coalición Partidos De La U - Mira - Colombia Justa  Libres - Asi;COALICIÓN PARTIDOS DE LA U - MIRA - COLOMBIA JUSTA LIBRES - ASI;1
BETEITIVA;Diana Carolina Suarez Muñoz;COALICIÓN PARTIDOS DE LA U - MIRA - COLOMBIA JUSTA LIBRES - ASI;1
BETEITIVA;Humphrey Roa Sarmiento;PARTIDO CONSERVADOR COLOMBIANO;1
BETEITIVA;Jorge Ivan Mina Lasso;CONSEJO COMUNITARIO MANUEL ZAPATA OLIVELLA DE SAN ANTERO;1
BETEITIVA;Karol Ricardo Ramirez Silva;PACTO HISTÓRICO;1
BETEITIVA;Leidy Alejandra Moreno Sanchez;PACTO HISTÓRICO;1
BETEITIVA;Monica Yanneth Quiroga Castillo;PARTIDO CAMBIO RADICAL;1
BETEITIVA;Olga Maria Chivata Vargas;PARTIDO NUEVO LIBERALISMO;1
BETEITIVA;Olga Natalie Manrique Abril;COALICIÓN PARTIDOS DE LA U - MIRA - COLOMBIA JUSTA LIBRES - ASI;1
BETEITIVA;Pablo Mendoza Vargas;COALICIÓN PARTIDOS DE LA U - MIRA - COLOMBIA JUSTA LIBRES - ASI;1
BETEITIVA;Partido Nuevo Liberalismo;PARTIDO NUEVO LIBERALISMO;1
BETEITIVA;Partido Político Dignidad;PARTIDO POLÍTICO DIGNIDAD;1
BOAVITA;Wilmer Yair Castellanos Hernandez;PARTIDO ALIANZA VERDE;594
BOAVITA;Jose Giovany Pinzon Baez;PACTO HISTÓRICO;119
BOAVITA;Laura Andrea Bello Porras;PARTIDO ALIANZA VERDE;119
BOAVITA;Hector Angel Ortiz Nuñez;PARTIDO CENTRO DEMOCRÁTICO;107
BOAVITA;Jaime Raul Salamanca Torres;PARTIDO ALIANZA VERDE;98
BOAVITA;Partido Alianza Verde;PARTIDO ALIANZA VERDE;92
BOAVITA;Jairo Enrique Castiblanco Parra;COALICIÓN PARTIDOS DE LA U - MIRA - COLOMBIA JUSTA LIBRES - ASI;67
BOAVITA;German Tiberio Ojeda Pedraza;PARTIDO ALIANZA VERDE;46
BOAVITA;Ingrid Marlen Sogamoso Alfonso;PARTIDO CONSERVADOR COLOMBIANO;44
BOAVITA;Hector David Chaparro Chaparro;PARTIDO LIBERAL COLOMBIANO;34
BOAVITA;Wilson Castiblanco Gil;PARTIDO LIBERAL COLOMBIANO;34
BOAVITA;Pacto Histórico;PACTO HISTÓRICO;33
BOAVITA;Karen Lucia Molano Granados;PARTIDO ALIANZA VERDE;32
BOAVITA;Luis Alejandro Gutierrez Sanabria;PARTIDO ALIANZA VERDE;24
BOAVITA;Pedro Jose Suarez Vacca;PACTO HISTÓRICO;23
BOAVITA;Olga Yaneth Beltran Dorado;PARTIDO CENTRO DEMOCRÁTICO;22
BOAVITA;Jose Dario Mahecha Castillo;PARTIDO CONSERVADOR COLOMBIANO;20
BOAVITA;Wilder Ivan Suesca Ochoa;PARTIDO CONSERVADOR COLOMBIANO;19
BOAVITA;Partido Conservador Colombiano;PARTIDO CONSERVADOR COLOMBIANO;18
BOAVITA;Oscar Leonardo Avila Romero;PARTIDO CAMBIO RADICAL;17
BOAVITA;Humphrey Roa Sarmiento;PARTIDO CONSERVADOR COLOMBIANO;15
BOAVITA;Partido Político Dignidad;PARTIDO POLÍTICO DIGNIDAD;15
BOAVITA;Cindy Yohana Bohorquez Garzon;PARTIDO CONSERVADOR COLOMBIANO;14
BOAVITA;Partido Centro Democrático;PARTIDO CENTRO DEMOCRÁTICO;14
BOAVITA;Carolina Del Pilar Rodriguez Contreras;PACTO HISTÓRICO;12
BOAVITA;Jonatan Sanchez Garavito;PARTIDO CAMBIO RADICAL;12
BOAVITA;Jorge Eliecer Cortes Martinez;PARTIDO LIBERAL COLOMBIANO;11
BOAVITA;Jose Fernando Morales Acuña;PARTIDO CONSERVADOR COLOMBIANO;11
BOAVITA;Leidy Alejandra Moreno Sanchez;PACTO HISTÓRICO;11
BOAVITA;Pablo Emilio Cepeda Novoa;PARTIDO CAMBIO RADICAL;11
BOAVITA;Jorge Ivan Amarillo Giraldo;COALICIÓN PARTIDOS DE LA U - MIRA - COLOMBIA JUSTA LIBRES - ASI;10
BOAVITA;Monica Yanneth Quiroga Castillo;PARTIDO CAMBIO RADICAL;10
BOAVITA;Guillermo Leonardo Sanchez Sanchez;PARTIDO CENTRO DEMOCRÁTICO;9
BOAVITA;William Donato Gomez;PARTIDO CENTRO DEMOCRÁTICO;9
BOAVITA;Diana Carolina Suarez Muñoz;COALICIÓN PARTIDOS DE LA U - MIRA - COLOMBIA JUSTA LIBRES - ASI;8
BOAVITA;Lupe Isabel Lopez Marquez;PARTIDO CAMBIO RADICAL;8
BOAVITA;Maryory Catherin Ortiz Alvarez;PACTO HISTÓRICO;8
BOAVITA;Karol Ricardo Ramirez Silva;PACTO HISTÓRICO;7
BOAVITA;Olga Natalie Manrique Abril;COALICIÓN PARTIDOS DE LA U - MIRA - COLOMBIA JUSTA LIBRES - ASI;7
BOAVITA;Eduar Alexis Triana Rincon;PARTIDO CENTRO DEMOCRÁTICO;5
BOAVITA;Mayda Cecilia Velasquez Rueda;PARTIDO LIBERAL COLOMBIANO;4
BOAVITA;Nidia Milena Torres Paez;PARTIDO CENTRO DEMOCRÁTICO;3
BOAVITA;Olga Maria Chivata Vargas;PARTIDO NUEVO LIBERALISMO;3
BOAVITA;Jorge Arturo Mayorga Esguerra;COALICIÓN PARTIDOS DE LA U - MIRA - COLOMBIA JUSTA LIBRES - ASI;2
BOAVITA;Luis Guillermo Barrera Gutierrez;PARTIDO CAMBIO RADICAL;2
BOAVITA;Mayra Alejandra Viancha Sanabria;PARTIDO LIBERAL COLOMBIANO;2
BOAVITA;Pablo Mendoza Vargas;COALICIÓN PARTIDOS DE LA U - MIRA - COLOMBIA JUSTA LIBRES - ASI;2
BOAVITA;Partido Cambio Radical;PARTIDO CAMBIO RADICAL;2
BOAVITA;Partido Liberal Colombiano;PARTIDO LIBERAL COLOMBIANO;2
BOAVITA;Sandro Nestor Condia Perez;PARTIDO LIBERAL COLOMBIANO;2
BOAVITA;William Fernando Granados;PARTIDO NUEVO LIBERALISMO;2
BOAVITA;Coalición Partidos De La U - Mira - Colombia Justa  Libres - Asi;COALICIÓN PARTIDOS DE LA U - MIRA - COLOMBIA JUSTA LIBRES - ASI;1
BOAVITA;Ermes Rafael Urzola De La Barrera;ASOCIACIÓN NACIONAL DE CABILDOS Y AUTORIDADES INDÍGENAS EN COLOMBIA ANICOL;1
BOAVITA;Fernando Ríos Hidalgo;FERNANDO RÍOS HIDALGO;1
BOAVITA;Henry De Jesus Puerto Vasquez;PARTIDO NUEVO LIBERALISMO;1
BOAVITA;Juvenal Arrieta Gonzalez;"MOVIMIENTO ALTERNATIVO INDÍGENA SOCIAL ""MAIS""";1
BOAVITA;Movimiento Alianza Democrática Amplia;MOVIMIENTO ALIANZA DEMOCRÁTICA AMPLIA;1
BOAVITA;Movimiento De Salvación Nacional;MOVIMIENTO DE SALVACIÓN NACIONAL;1
BOAVITA;Norman David Bañol Alvarez;"MOVIMIENTO ALTERNATIVO INDÍGENA SOCIAL ""MAIS""";1
BOAVITA;Partido Nuevo Liberalismo;PARTIDO NUEVO LIBERALISMO;1
BOYACA;Hector David Chaparro Chaparro;PARTIDO LIBERAL COLOMBIANO;370
BOYACA;Wilmer Yair Castellanos Hernandez;PARTIDO ALIANZA VERDE;111
BOYACA;Eduar Alexis Triana Rincon;PARTIDO CENTRO DEMOCRÁTICO;93
BOYACA;Jose Giovany Pinzon Baez;PACTO HISTÓRICO;90
BOYACA;Pedro Jose Suarez Vacca;PACTO HISTÓRICO;69
BOYACA;Oscar Leonardo Avila Romero;PARTIDO CAMBIO RADICAL;67
BOYACA;Jorge Eliecer Cortes Martinez;PARTIDO LIBERAL COLOMBIANO;66
BOYACA;Hector Angel Ortiz Nuñez;PARTIDO CENTRO DEMOCRÁTICO;58
BOYACA;Jonatan Sanchez Garavito;PARTIDO CAMBIO RADICAL;53
BOYACA;Karen Lucia Molano Granados;PARTIDO ALIANZA VERDE;53
BOYACA;Wilder Ivan Suesca Ochoa;PARTIDO CONSERVADOR COLOMBIANO;39
BOYACA;Jaime Raul Salamanca Torres;PARTIDO ALIANZA VERDE;32
BOYACA;Partido Liberal Colombiano;PARTIDO LIBERAL COLOMBIANO;24
BOYACA;Wilson Castiblanco Gil;PARTIDO LIBERAL COLOMBIANO;24
BOYACA;German Tiberio Ojeda Pedraza;PARTIDO ALIANZA VERDE;23
BOYACA;Pacto Histórico;PACTO HISTÓRICO;23
BOYACA;Diana Carolina Suarez Muñoz;COALICIÓN PARTIDOS DE LA U - MIRA - COLOMBIA JUSTA LIBRES - ASI;21
BOYACA;Mayra Alejandra Viancha Sanabria;PARTIDO LIBERAL COLOMBIANO;21
BOYACA;Guillermo Leonardo Sanchez Sanchez;PARTIDO CENTRO DEMOCRÁTICO;18
BOYACA;Lupe Isabel Lopez Marquez;PARTIDO CAMBIO RADICAL;15
BOYACA;Luis Alejandro Gutierrez Sanabria;PARTIDO ALIANZA VERDE;14
BOYACA;Partido Alianza Verde;PARTIDO ALIANZA VERDE;13
BOYACA;Mayda Cecilia Velasquez Rueda;PARTIDO LIBERAL COLOMBIANO;12
BOYACA;Partido Cambio Radical;PARTIDO CAMBIO RADICAL;12
BOYACA;Maryory Catherin Ortiz Alvarez;PACTO HISTÓRICO;11
BOYACA;Monica Yanneth Quiroga Castillo;PARTIDO CAMBIO RADICAL;11
BOYACA;Luis Guillermo Barrera Gutierrez;PARTIDO CAMBIO RADICAL;10
BOYACA;Nidia Milena Torres Paez;PARTIDO CENTRO DEMOCRÁTICO;10
BOYACA;William Donato Gomez;PARTIDO CENTRO DEMOCRÁTICO;10
BOYACA;Olga Yaneth Beltran Dorado;PARTIDO CENTRO DEMOCRÁTICO;9
BOYACA;Partido Político Dignidad;PARTIDO POLÍTICO DIGNIDAD;8
BOYACA;Humphrey Roa Sarmiento;PARTIDO CONSERVADOR COLOMBIANO;7
BOYACA;Ingrid Marlen Sogamoso Alfonso;PARTIDO CONSERVADOR COLOMBIANO;7
BOYACA;Jairo Enrique Castiblanco Parra;COALICIÓN PARTIDOS DE LA U - MIRA - COLOMBIA JUSTA LIBRES - ASI;7
BOYACA;Leidy Alejandra Moreno Sanchez;PACTO HISTÓRICO;7
BOYACA;Sandro Nestor Condia Perez;PARTIDO LIBERAL COLOMBIANO;7
BOYACA;Carolina Del Pilar Rodriguez Contreras;PACTO HISTÓRICO;6
BOYACA;Cindy Yohana Bohorquez Garzon;PARTIDO CONSERVADOR COLOMBIANO;6
BOYACA;Pablo Emilio Cepeda Novoa;PARTIDO CAMBIO RADICAL;6
BOYACA;Partido Centro Democrático;PARTIDO CENTRO DEMOCRÁTICO;6
BOYACA;Coalición Partidos De La U - Mira - Colombia Justa  Libres - Asi;COALICIÓN PARTIDOS DE LA U - MIRA - COLOMBIA JUSTA LIBRES - ASI;4
BOYACA;Jorge Arturo Mayorga Esguerra;COALICIÓN PARTIDOS DE LA U - MIRA - COLOMBIA JUSTA LIBRES - ASI;4
BOYACA;Jorge Ivan Amarillo Giraldo;COALICIÓN PARTIDOS DE LA U - MIRA - COLOMBIA JUSTA LIBRES - ASI;4
BOYACA;Karol Ricardo Ramirez Silva;PACTO HISTÓRICO;4
BOYACA;Laura Andrea Bello Porras;PARTIDO ALIANZA VERDE;4
BOYACA;Olga Maria Chivata Vargas;PARTIDO NUEVO LIBERALISMO;4
BOYACA;Olga Natalie Manrique Abril;COALICIÓN PARTIDOS DE LA U - MIRA - COLOMBIA JUSTA LIBRES - ASI;4
BOYACA;Partido Nuevo Liberalismo;PARTIDO NUEVO LIBERALISMO;3
BOYACA;Jose Dario Mahecha Castillo;PARTIDO CONSERVADOR COLOMBIANO;2
BOYACA;Pablo Mendoza Vargas;COALICIÓN PARTIDOS DE LA U - MIRA - COLOMBIA JUSTA LIBRES - ASI;2
BOYACA;William Fernando Granados;PARTIDO NUEVO LIBERALISMO;2
BOYACA;Claudia Beatriz Duarte Acosta;PARTIDO NUEVO LIBERALISMO;1
BOYACA;Dualter Gutierrez Cabiche;"MOVIMIENTO AUTORIDADES INDÍGENAS DE COLOMBIA ""AICO""";1
BOYACA;Ermes Rafael Urzola De La Barrera;ASOCIACIÓN NACIONAL DE CABILDOS Y AUTORIDADES INDÍGENAS EN COLOMBIA ANICOL;1
BOYACA;Henry De Jesus Puerto Vasquez;PARTIDO NUEVO LIBERALISMO;1
BOYACA;Jose Fernando Morales Acuña;PARTIDO CONSERVADOR COLOMBIANO;1
BRICE?O;Eduar Alexis Triana Rincon;PARTIDO CENTRO DEMOCRÁTICO;162
BRICE?O;Hector David Chaparro Chaparro;PARTIDO LIBERAL COLOMBIANO;73
BRICE?O;Jonatan Sanchez Garavito;PARTIDO CAMBIO RADICAL;56
BRICE?O;Jaime Raul Salamanca Torres;PARTIDO ALIANZA VERDE;49
BRICE?O;Hector Angel Ortiz Nuñez;PARTIDO CENTRO DEMOCRÁTICO;37
BRICE?O;Guillermo Leonardo Sanchez Sanchez;PARTIDO CENTRO DEMOCRÁTICO;33
BRICE?O;Jairo Enrique Castiblanco Parra;COALICIÓN PARTIDOS DE LA U - MIRA - COLOMBIA JUSTA LIBRES - ASI;27
BRICE?O;Humphrey Roa Sarmiento;PARTIDO CONSERVADOR COLOMBIANO;23
BRICE?O;Wilmer Yair Castellanos Hernandez;PARTIDO ALIANZA VERDE;23
BRICE?O;German Tiberio Ojeda Pedraza;PARTIDO ALIANZA VERDE;21
BRICE?O;Cindy Yohana Bohorquez Garzon;PARTIDO CONSERVADOR COLOMBIANO;15
BRICE?O;Karen Lucia Molano Granados;PARTIDO ALIANZA VERDE;15
BRICE?O;Pacto Histórico;PACTO HISTÓRICO;15
BRICE?O;Olga Yaneth Beltran Dorado;PARTIDO CENTRO DEMOCRÁTICO;14
BRICE?O;Partido Alianza Verde;PARTIDO ALIANZA VERDE;14
BRICE?O;Maryory Catherin Ortiz Alvarez;PACTO HISTÓRICO;11
BRICE?O;Oscar Leonardo Avila Romero;PARTIDO CAMBIO RADICAL;11
BRICE?O;Laura Andrea Bello Porras;PARTIDO ALIANZA VERDE;10
BRICE?O;Nidia Milena Torres Paez;PARTIDO CENTRO DEMOCRÁTICO;9
BRICE?O;Wilder Ivan Suesca Ochoa;PARTIDO CONSERVADOR COLOMBIANO;9
BRICE?O;Partido Centro Democrático;PARTIDO CENTRO DEMOCRÁTICO;8
BRICE?O;Jose Dario Mahecha Castillo;PARTIDO CONSERVADOR COLOMBIANO;7
BRICE?O;Luis Alejandro Gutierrez Sanabria;PARTIDO ALIANZA VERDE;7
BRICE?O;Jose Giovany Pinzon Baez;PACTO HISTÓRICO;6
BRICE?O;Olga Natalie Manrique Abril;COALICIÓN PARTIDOS DE LA U - MIRA - COLOMBIA JUSTA LIBRES - ASI;6
BRICE?O;Pablo Emilio Cepeda Novoa;PARTIDO CAMBIO RADICAL;6
BRICE?O;Partido Conservador Colombiano;PARTIDO CONSERVADOR COLOMBIANO;6
BRICE?O;Mayda Cecilia Velasquez Rueda;PARTIDO LIBERAL COLOMBIANO;5
BRICE?O;William Donato Gomez;PARTIDO CENTRO DEMOCRÁTICO;5
BRICE?O;Wilson Castiblanco Gil;PARTIDO LIBERAL COLOMBIANO;5
BRICE?O;Jose Fernando Morales Acuña;PARTIDO CONSERVADOR COLOMBIANO;4
BRICE?O;Leidy Alejandra Moreno Sanchez;PACTO HISTÓRICO;4
BRICE?O;Partido Liberal Colombiano;PARTIDO LIBERAL COLOMBIANO;4
BRICE?O;Carolina Del Pilar Rodriguez Contreras;PACTO HISTÓRICO;3
BRICE?O;Coalición Partidos De La U - Mira - Colombia Justa  Libres - Asi;COALICIÓN PARTIDOS DE LA U - MIRA - COLOMBIA JUSTA LIBRES - ASI;3
BRICE?O;Jorge Eliecer Cortes Martinez;PARTIDO LIBERAL COLOMBIANO;3
BRICE?O;Jorge Ivan Amarillo Giraldo;COALICIÓN PARTIDOS DE LA U - MIRA - COLOMBIA JUSTA LIBRES - ASI;3
BRICE?O;Monica Yanneth Quiroga Castillo;PARTIDO CAMBIO RADICAL;3
BRICE?O;Pedro Jose Suarez Vacca;PACTO HISTÓRICO;3
BRICE?O;Diana Carolina Suarez Muñoz;COALICIÓN PARTIDOS DE LA U - MIRA - COLOMBIA JUSTA LIBRES - ASI;2
BRICE?O;Henry De Jesus Puerto Vasquez;PARTIDO NUEVO LIBERALISMO;2
BRICE?O;Ingrid Marlen Sogamoso Alfonso;PARTIDO CONSERVADOR COLOMBIANO;2
BRICE?O;Lupe Isabel Lopez Marquez;PARTIDO CAMBIO RADICAL;2
BRICE?O;Mayra Alejandra Viancha Sanabria;PARTIDO LIBERAL COLOMBIANO;2
BRICE?O;Movimiento De Salvación Nacional;MOVIMIENTO DE SALVACIÓN NACIONAL;2
BRICE?O;Sandro Nestor Condia Perez;PARTIDO LIBERAL COLOMBIANO;2
BRICE?O;Fernando Ríos Hidalgo;FERNANDO RÍOS HIDALGO;1
BRICE?O;Luis Guillermo Barrera Gutierrez;PARTIDO CAMBIO RADICAL;1
BRICE?O;Pablo Mendoza Vargas;COALICIÓN PARTIDOS DE LA U - MIRA - COLOMBIA JUSTA LIBRES - ASI;1
BRICE?O;Partido Cambio Radical;PARTIDO CAMBIO RADICAL;1
BRICE?O;William Fernando Granados;PARTIDO NUEVO LIBERALISMO;1
BUENAVISTA;Eduar Alexis Triana Rincon;PARTIDO CENTRO DEMOCRÁTICO;915
BUENAVISTA;Hector Angel Ortiz Nuñez;PARTIDO CENTRO DEMOCRÁTICO;385
BUENAVISTA;Jonatan Sanchez Garavito;PARTIDO CAMBIO RADICAL;165
BUENAVISTA;Jairo Enrique Castiblanco Parra;COALICIÓN PARTIDOS DE LA U - MIRA - COLOMBIA JUSTA LIBRES - ASI;83
BUENAVISTA;Humphrey Roa Sarmiento;PARTIDO CONSERVADOR COLOMBIANO;57
BUENAVISTA;Jaime Raul Salamanca Torres;PARTIDO ALIANZA VERDE;51
BUENAVISTA;Pablo Emilio Cepeda Novoa;PARTIDO CAMBIO RADICAL;46
BUENAVISTA;Olga Yaneth Beltran Dorado;PARTIDO CENTRO DEMOCRÁTICO;30
BUENAVISTA;German Tiberio Ojeda Pedraza;PARTIDO ALIANZA VERDE;29
BUENAVISTA;Pacto Histórico;PACTO HISTÓRICO;29
BUENAVISTA;Partido Alianza Verde;PARTIDO ALIANZA VERDE;27
BUENAVISTA;Partido Centro Democrático;PARTIDO CENTRO DEMOCRÁTICO;27
BUENAVISTA;Jose Dario Mahecha Castillo;PARTIDO CONSERVADOR COLOMBIANO;25
BUENAVISTA;Cindy Yohana Bohorquez Garzon;PARTIDO CONSERVADOR COLOMBIANO;24
BUENAVISTA;Maryory Catherin Ortiz Alvarez;PACTO HISTÓRICO;23
BUENAVISTA;Karen Lucia Molano Granados;PARTIDO ALIANZA VERDE;22
BUENAVISTA;Pedro Jose Suarez Vacca;PACTO HISTÓRICO;20
BUENAVISTA;Partido Conservador Colombiano;PARTIDO CONSERVADOR COLOMBIANO;19
BUENAVISTA;Wilson Castiblanco Gil;PARTIDO LIBERAL COLOMBIANO;15
BUENAVISTA;Guillermo Leonardo Sanchez Sanchez;PARTIDO CENTRO DEMOCRÁTICO;13
BUENAVISTA;Diana Carolina Suarez Muñoz;COALICIÓN PARTIDOS DE LA U - MIRA - COLOMBIA JUSTA LIBRES - ASI;11
BUENAVISTA;Wilmer Yair Castellanos Hernandez;PARTIDO ALIANZA VERDE;11
BUENAVISTA;Partido Político Dignidad;PARTIDO POLÍTICO DIGNIDAD;10
BUENAVISTA;Sandro Nestor Condia Perez;PARTIDO LIBERAL COLOMBIANO;9
BUENAVISTA;Luis Alejandro Gutierrez Sanabria;PARTIDO ALIANZA VERDE;8
BUENAVISTA;Partido Cambio Radical;PARTIDO CAMBIO RADICAL;8
BUENAVISTA;Monica Yanneth Quiroga Castillo;PARTIDO CAMBIO RADICAL;7
BUENAVISTA;Partido Liberal Colombiano;PARTIDO LIBERAL COLOMBIANO;7
BUENAVISTA;Coalición Partidos De La U - Mira - Colombia Justa  Libres - Asi;COALICIÓN PARTIDOS DE LA U - MIRA - COLOMBIA JUSTA LIBRES - ASI;6
BUENAVISTA;Jose Giovany Pinzon Baez;PACTO HISTÓRICO;6
BUENAVISTA;Mayda Cecilia Velasquez Rueda;PARTIDO LIBERAL COLOMBIANO;6
BUENAVISTA;William Donato Gomez;PARTIDO CENTRO DEMOCRÁTICO;6
BUENAVISTA;Jose Fernando Morales Acuña;PARTIDO CONSERVADOR COLOMBIANO;5
BUENAVISTA;Laura Andrea Bello Porras;PARTIDO ALIANZA VERDE;5
BUENAVISTA;Leidy Alejandra Moreno Sanchez;PACTO HISTÓRICO;5
BUENAVISTA;Jorge Ivan Amarillo Giraldo;COALICIÓN PARTIDOS DE LA U - MIRA - COLOMBIA JUSTA LIBRES - ASI;4
BUENAVISTA;Ingrid Marlen Sogamoso Alfonso;PARTIDO CONSERVADOR COLOMBIANO;3
BUENAVISTA;Karol Ricardo Ramirez Silva;PACTO HISTÓRICO;3
BUENAVISTA;Oscar Leonardo Avila Romero;PARTIDO CAMBIO RADICAL;3
BUENAVISTA;William Fernando Granados;PARTIDO NUEVO LIBERALISMO;3
BUENAVISTA;Hector David Chaparro Chaparro;PARTIDO LIBERAL COLOMBIANO;2
BUENAVISTA;Jorge Arturo Mayorga Esguerra;COALICIÓN PARTIDOS DE LA U - MIRA - COLOMBIA JUSTA LIBRES - ASI;2
BUENAVISTA;Nidia Milena Torres Paez;PARTIDO CENTRO DEMOCRÁTICO;2
BUENAVISTA;Partido Nuevo Liberalismo;PARTIDO NUEVO LIBERALISMO;2
BUENAVISTA;Wilder Ivan Suesca Ochoa;PARTIDO CONSERVADOR COLOMBIANO;2
BUENAVISTA;Claudia Beatriz Duarte Acosta;PARTIDO NUEVO LIBERALISMO;1
BUENAVISTA;Jorge Eliecer Cortes Martinez;PARTIDO LIBERAL COLOMBIANO;1
BUENAVISTA;Jorge Ivan Mina Lasso;CONSEJO COMUNITARIO MANUEL ZAPATA OLIVELLA DE SAN ANTERO;1
BUENAVISTA;Luis Guillermo Barrera Gutierrez;PARTIDO CAMBIO RADICAL;1
BUENAVISTA;Olga Maria Chivata Vargas;PARTIDO NUEVO LIBERALISMO;1
BUENAVISTA;Pedro Adan Torres Perez;PALENQUE DE LA VEREDA LAS TRECIENTAS Y DEL MUNICIPIO DE GALAPA;1
BUENAVISTA;Somos Identidad;SOMOS IDENTIDAD;1
BUSBANZA;Jose Fernando Morales Acuña;PARTIDO CONSERVADOR COLOMBIANO;98
BUSBANZA;Wilmer Yair Castellanos Hernandez;PARTIDO ALIANZA VERDE;98
BUSBANZA;Jaime Raul Salamanca Torres;PARTIDO ALIANZA VERDE;59
BUSBANZA;Hector David Chaparro Chaparro;PARTIDO LIBERAL COLOMBIANO;45
BUSBANZA;Wilder Ivan Suesca Ochoa;PARTIDO CONSERVADOR COLOMBIANO;28
BUSBANZA;German Tiberio Ojeda Pedraza;PARTIDO ALIANZA VERDE;23
BUSBANZA;Jose Giovany Pinzon Baez;PACTO HISTÓRICO;17
BUSBANZA;Pedro Jose Suarez Vacca;PACTO HISTÓRICO;16
BUSBANZA;Pacto Histórico;PACTO HISTÓRICO;14
BUSBANZA;Jairo Enrique Castiblanco Parra;COALICIÓN PARTIDOS DE LA U - MIRA - COLOMBIA JUSTA LIBRES - ASI;13
BUSBANZA;Jorge Arturo Mayorga Esguerra;COALICIÓN PARTIDOS DE LA U - MIRA - COLOMBIA JUSTA LIBRES - ASI;13
BUSBANZA;Jose Dario Mahecha Castillo;PARTIDO CONSERVADOR COLOMBIANO;9
BUSBANZA;Laura Andrea Bello Porras;PARTIDO ALIANZA VERDE;9
BUSBANZA;Guillermo Leonardo Sanchez Sanchez;PARTIDO CENTRO DEMOCRÁTICO;8
BUSBANZA;Hector Angel Ortiz Nuñez;PARTIDO CENTRO DEMOCRÁTICO;8
BUSBANZA;Jonatan Sanchez Garavito;PARTIDO CAMBIO RADICAL;8
BUSBANZA;Karen Lucia Molano Granados;PARTIDO ALIANZA VERDE;7
BUSBANZA;Partido Conservador Colombiano;PARTIDO CONSERVADOR COLOMBIANO;7
BUSBANZA;Cindy Yohana Bohorquez Garzon;PARTIDO CONSERVADOR COLOMBIANO;6
BUSBANZA;Ingrid Marlen Sogamoso Alfonso;PARTIDO CONSERVADOR COLOMBIANO;6
BUSBANZA;Partido Alianza Verde;PARTIDO ALIANZA VERDE;6
BUSBANZA;Humphrey Roa Sarmiento;PARTIDO CONSERVADOR COLOMBIANO;5
BUSBANZA;Karol Ricardo Ramirez Silva;PACTO HISTÓRICO;5
BUSBANZA;Luis Alejandro Gutierrez Sanabria;PARTIDO ALIANZA VERDE;5
BUSBANZA;Olga Yaneth Beltran Dorado;PARTIDO CENTRO DEMOCRÁTICO;5
BUSBANZA;Luis Guillermo Barrera Gutierrez;PARTIDO CAMBIO RADICAL;4
BUSBANZA;Pablo Emilio Cepeda Novoa;PARTIDO CAMBIO RADICAL;4
BUSBANZA;Diana Carolina Suarez Muñoz;COALICIÓN PARTIDOS DE LA U - MIRA - COLOMBIA JUSTA LIBRES - ASI;3
BUSBANZA;Jorge Ivan Amarillo Giraldo;COALICIÓN PARTIDOS DE LA U - MIRA - COLOMBIA JUSTA LIBRES - ASI;3
BUSBANZA;Leidy Alejandra Moreno Sanchez;PACTO HISTÓRICO;3
BUSBANZA;Maryory Catherin Ortiz Alvarez;PACTO HISTÓRICO;3
BUSBANZA;Wilson Castiblanco Gil;PARTIDO LIBERAL COLOMBIANO;3
BUSBANZA;Carolina Del Pilar Rodriguez Contreras;PACTO HISTÓRICO;2
BUSBANZA;Henry De Jesus Puerto Vasquez;PARTIDO NUEVO LIBERALISMO;2
BUSBANZA;Jorge Eliecer Cortes Martinez;PARTIDO LIBERAL COLOMBIANO;2
BUSBANZA;Partido Centro Democrático;PARTIDO CENTRO DEMOCRÁTICO;2
BUSBANZA;Partido Liberal Colombiano;PARTIDO LIBERAL COLOMBIANO;2
BUSBANZA;Partido Nuevo Liberalismo;PARTIDO NUEVO LIBERALISMO;2
BUSBANZA;William Donato Gomez;PARTIDO CENTRO DEMOCRÁTICO;2
BUSBANZA;Camilo Rivera Soto;CONSEJO COMUNITARIO AFROZABALETAS;1
BUSBANZA;Eduar Alexis Triana Rincon;PARTIDO CENTRO DEMOCRÁTICO;1
BUSBANZA;Mayda Cecilia Velasquez Rueda;PARTIDO LIBERAL COLOMBIANO;1
BUSBANZA;Mayra Alejandra Viancha Sanabria;PARTIDO LIBERAL COLOMBIANO;1
BUSBANZA;Monica Yanneth Quiroga Castillo;PARTIDO CAMBIO RADICAL;1
BUSBANZA;Olga Maria Chivata Vargas;PARTIDO NUEVO LIBERALISMO;1
BUSBANZA;Olga Natalie Manrique Abril;COALICIÓN PARTIDOS DE LA U - MIRA - COLOMBIA JUSTA LIBRES - ASI;1
BUSBANZA;Oscar Leonardo Avila Romero;PARTIDO CAMBIO RADICAL;1
BUSBANZA;Pablo Mendoza Vargas;COALICIÓN PARTIDOS DE LA U - MIRA - COLOMBIA JUSTA LIBRES - ASI;1
BUSBANZA;Sandro Nestor Condia Perez;PARTIDO LIBERAL COLOMBIANO;1
CALDAS;Eduar Alexis Triana Rincon;PARTIDO CENTRO DEMOCRÁTICO;322
CALDAS;Jonatan Sanchez Garavito;PARTIDO CAMBIO RADICAL;200
CALDAS;Wilmer Yair Castellanos Hernandez;PARTIDO ALIANZA VERDE;113
CALDAS;Jorge Eliecer Cortes Martinez;PARTIDO LIBERAL COLOMBIANO;110
CALDAS;Hector David Chaparro Chaparro;PARTIDO LIBERAL COLOMBIANO;57
CALDAS;Hector Angel Ortiz Nuñez;PARTIDO CENTRO DEMOCRÁTICO;36
CALDAS;Cindy Yohana Bohorquez Garzon;PARTIDO CONSERVADOR COLOMBIANO;34
CALDAS;Jaime Raul Salamanca Torres;PARTIDO ALIANZA VERDE;30
CALDAS;Jairo Enrique Castiblanco Parra;COALICIÓN PARTIDOS DE LA U - MIRA - COLOMBIA JUSTA LIBRES - ASI;27
CALDAS;Jose Giovany Pinzon Baez;PACTO HISTÓRICO;25
CALDAS;Oscar Leonardo Avila Romero;PARTIDO CAMBIO RADICAL;22
CALDAS;Pacto Histórico;PACTO HISTÓRICO;18
CALDAS;Pedro Jose Suarez Vacca;PACTO HISTÓRICO;16
CALDAS;Partido Alianza Verde;PARTIDO ALIANZA VERDE;15
CALDAS;Humphrey Roa Sarmiento;PARTIDO CONSERVADOR COLOMBIANO;13
CALDAS;Diana Carolina Suarez Muñoz;COALICIÓN PARTIDOS DE LA U - MIRA - COLOMBIA JUSTA LIBRES - ASI;11
CALDAS;Maryory Catherin Ortiz Alvarez;PACTO HISTÓRICO;11
CALDAS;Olga Yaneth Beltran Dorado;PARTIDO CENTRO DEMOCRÁTICO;11
CALDAS;Partido Centro Democrático;PARTIDO CENTRO DEMOCRÁTICO;11
CALDAS;Fernando Ríos Hidalgo;FERNANDO RÍOS HIDALGO;9
CALDAS;German Tiberio Ojeda Pedraza;PARTIDO ALIANZA VERDE;9
CALDAS;Karen Lucia Molano Granados;PARTIDO ALIANZA VERDE;9
CALDAS;Wilson Castiblanco Gil;PARTIDO LIBERAL COLOMBIANO;9
CALDAS;Jose Fernando Morales Acuña;PARTIDO CONSERVADOR COLOMBIANO;8
CALDAS;Partido Conservador Colombiano;PARTIDO CONSERVADOR COLOMBIANO;7
CALDAS;Partido Liberal Colombiano;PARTIDO LIBERAL COLOMBIANO;7
CALDAS;Guillermo Leonardo Sanchez Sanchez;PARTIDO CENTRO DEMOCRÁTICO;6
CALDAS;Ingrid Marlen Sogamoso Alfonso;PARTIDO CONSERVADOR COLOMBIANO;6
CALDAS;Jose Dario Mahecha Castillo;PARTIDO CONSERVADOR COLOMBIANO;6
CALDAS;Luis Alejandro Gutierrez Sanabria;PARTIDO ALIANZA VERDE;6
CALDAS;Partido Cambio Radical;PARTIDO CAMBIO RADICAL;6
CALDAS;Jorge Arturo Mayorga Esguerra;COALICIÓN PARTIDOS DE LA U - MIRA - COLOMBIA JUSTA LIBRES - ASI;5
CALDAS;Nidia Milena Torres Paez;PARTIDO CENTRO DEMOCRÁTICO;5
CALDAS;Sandro Nestor Condia Perez;PARTIDO LIBERAL COLOMBIANO;5
CALDAS;William Donato Gomez;PARTIDO CENTRO DEMOCRÁTICO;5
CALDAS;Partido Político Dignidad;PARTIDO POLÍTICO DIGNIDAD;4
CALDAS;Carolina Del Pilar Rodriguez Contreras;PACTO HISTÓRICO;3
CALDAS;Coalición Partidos De La U - Mira - Colombia Justa  Libres - Asi;COALICIÓN PARTIDOS DE LA U - MIRA - COLOMBIA JUSTA LIBRES - ASI;3
CALDAS;Karol Ricardo Ramirez Silva;PACTO HISTÓRICO;3
CALDAS;Leidy Alejandra Moreno Sanchez;PACTO HISTÓRICO;3
CALDAS;Partido Nuevo Liberalismo;PARTIDO NUEVO LIBERALISMO;3
CALDAS;Wilder Ivan Suesca Ochoa;PARTIDO CONSERVADOR COLOMBIANO;3
CALDAS;William Fernando Granados;PARTIDO NUEVO LIBERALISMO;3
CALDAS;Luis Guillermo Barrera Gutierrez;PARTIDO CAMBIO RADICAL;2
CALDAS;Lupe Isabel Lopez Marquez;PARTIDO CAMBIO RADICAL;2
CALDAS;Olga Maria Chivata Vargas;PARTIDO NUEVO LIBERALISMO;2
CALDAS;Pablo Emilio Cepeda Novoa;PARTIDO CAMBIO RADICAL;2
CALDAS;Claudia Beatriz Duarte Acosta;PARTIDO NUEVO LIBERALISMO;1
CALDAS;Consejo Comunitario De La Comunidad Negra Limones;CONSEJO COMUNITARIO DE LA COMUNIDAD NEGRA LIMONES;1
CALDAS;Henry De Jesus Puerto Vasquez;PARTIDO NUEVO LIBERALISMO;1
CALDAS;Jorge Ivan Amarillo Giraldo;COALICIÓN PARTIDOS DE LA U - MIRA - COLOMBIA JUSTA LIBRES - ASI;1
CALDAS;Jorge Ivan Mina Lasso;CONSEJO COMUNITARIO MANUEL ZAPATA OLIVELLA DE SAN ANTERO;1
CALDAS;Laura Andrea Bello Porras;PARTIDO ALIANZA VERDE;1
CALDAS;Mayda Cecilia Velasquez Rueda;PARTIDO LIBERAL COLOMBIANO;1
CALDAS;Monica Yanneth Quiroga Castillo;PARTIDO CAMBIO RADICAL;1
CALDAS;Movimiento De Salvación Nacional;MOVIMIENTO DE SALVACIÓN NACIONAL;1
CAMPOHERMOSO;Ingrid Marlen Sogamoso Alfonso;PARTIDO CONSERVADOR COLOMBIANO;199
CAMPOHERMOSO;Jaime Raul Salamanca Torres;PARTIDO ALIANZA VERDE;134
CAMPOHERMOSO;Wilmer Yair Castellanos Hernandez;PARTIDO ALIANZA VERDE;91
CAMPOHERMOSO;Jonatan Sanchez Garavito;PARTIDO CAMBIO RADICAL;48
CAMPOHERMOSO;Guillermo Leonardo Sanchez Sanchez;PARTIDO CENTRO DEMOCRÁTICO;45
CAMPOHERMOSO;Pablo Emilio Cepeda Novoa;PARTIDO CAMBIO RADICAL;44
CAMPOHERMOSO;Hector Angel Ortiz Nuñez;PARTIDO CENTRO DEMOCRÁTICO;40
CAMPOHERMOSO;Jose Giovany Pinzon Baez;PACTO HISTÓRICO;35
CAMPOHERMOSO;Partido Alianza Verde;PARTIDO ALIANZA VERDE;19
CAMPOHERMOSO;Jairo Enrique Castiblanco Parra;COALICIÓN PARTIDOS DE LA U - MIRA - COLOMBIA JUSTA LIBRES - ASI;16
CAMPOHERMOSO;Oscar Leonardo Avila Romero;PARTIDO CAMBIO RADICAL;16
CAMPOHERMOSO;Partido Centro Democrático;PARTIDO CENTRO DEMOCRÁTICO;15
CAMPOHERMOSO;Olga Yaneth Beltran Dorado;PARTIDO CENTRO DEMOCRÁTICO;14
CAMPOHERMOSO;Humphrey Roa Sarmiento;PARTIDO CONSERVADOR COLOMBIANO;13
CAMPOHERMOSO;Eduar Alexis Triana Rincon;PARTIDO CENTRO DEMOCRÁTICO;12
CAMPOHERMOSO;Carolina Del Pilar Rodriguez Contreras;PACTO HISTÓRICO;11
CAMPOHERMOSO;Jorge Eliecer Cortes Martinez;PARTIDO LIBERAL COLOMBIANO;10
CAMPOHERMOSO;Luis Alejandro Gutierrez Sanabria;PARTIDO ALIANZA VERDE;10
CAMPOHERMOSO;Pedro Jose Suarez Vacca;PACTO HISTÓRICO;9
CAMPOHERMOSO;Partido Conservador Colombiano;PARTIDO CONSERVADOR COLOMBIANO;8
CAMPOHERMOSO;German Tiberio Ojeda Pedraza;PARTIDO ALIANZA VERDE;7
CAMPOHERMOSO;Jose Dario Mahecha Castillo;PARTIDO CONSERVADOR COLOMBIANO;7
CAMPOHERMOSO;Pacto Histórico;PACTO HISTÓRICO;7
CAMPOHERMOSO;Wilson Castiblanco Gil;PARTIDO LIBERAL COLOMBIANO;7
CAMPOHERMOSO;Hector David Chaparro Chaparro;PARTIDO LIBERAL COLOMBIANO;6
CAMPOHERMOSO;Karen Lucia Molano Granados;PARTIDO ALIANZA VERDE;6
CAMPOHERMOSO;Karol Ricardo Ramirez Silva;PACTO HISTÓRICO;6
CAMPOHERMOSO;Monica Yanneth Quiroga Castillo;PARTIDO CAMBIO RADICAL;6
CAMPOHERMOSO;Nidia Milena Torres Paez;PARTIDO CENTRO DEMOCRÁTICO;6
CAMPOHERMOSO;Cindy Yohana Bohorquez Garzon;PARTIDO CONSERVADOR COLOMBIANO;5
CAMPOHERMOSO;Laura Andrea Bello Porras;PARTIDO ALIANZA VERDE;5
CAMPOHERMOSO;Wilder Ivan Suesca Ochoa;PARTIDO CONSERVADOR COLOMBIANO;5
CAMPOHERMOSO;Luis Guillermo Barrera Gutierrez;PARTIDO CAMBIO RADICAL;4
CAMPOHERMOSO;Lupe Isabel Lopez Marquez;PARTIDO CAMBIO RADICAL;4
CAMPOHERMOSO;Partido Liberal Colombiano;PARTIDO LIBERAL COLOMBIANO;4
CAMPOHERMOSO;William Donato Gomez;PARTIDO CENTRO DEMOCRÁTICO;4
CAMPOHERMOSO;Jose Fernando Morales Acuña;PARTIDO CONSERVADOR COLOMBIANO;3
CAMPOHERMOSO;Leidy Alejandra Moreno Sanchez;PACTO HISTÓRICO;3
CAMPOHERMOSO;Maryory Catherin Ortiz Alvarez;PACTO HISTÓRICO;3
CAMPOHERMOSO;Mayra Alejandra Viancha Sanabria;PARTIDO LIBERAL COLOMBIANO;3
CAMPOHERMOSO;Partido Cambio Radical;PARTIDO CAMBIO RADICAL;3
CAMPOHERMOSO;Coalición Partidos De La U - Mira - Colombia Justa  Libres - Asi;COALICIÓN PARTIDOS DE LA U - MIRA - COLOMBIA JUSTA LIBRES - ASI;2
CAMPOHERMOSO;Movimiento De Salvación Nacional;MOVIMIENTO DE SALVACIÓN NACIONAL;2
CAMPOHERMOSO;Pablo Mendoza Vargas;COALICIÓN PARTIDOS DE LA U - MIRA - COLOMBIA JUSTA LIBRES - ASI;2
CAMPOHERMOSO;Henry De Jesus Puerto Vasquez;PARTIDO NUEVO LIBERALISMO;1
CAMPOHERMOSO;Jorge Arturo Mayorga Esguerra;COALICIÓN PARTIDOS DE LA U - MIRA - COLOMBIA JUSTA LIBRES - ASI;1
CAMPOHERMOSO;Jorge Ivan Amarillo Giraldo;COALICIÓN PARTIDOS DE LA U - MIRA - COLOMBIA JUSTA LIBRES - ASI;1
CAMPOHERMOSO;Olga Maria Chivata Vargas;PARTIDO NUEVO LIBERALISMO;1
CAMPOHERMOSO;Olga Natalie Manrique Abril;COALICIÓN PARTIDOS DE LA U - MIRA - COLOMBIA JUSTA LIBRES - ASI;1
CAMPOHERMOSO;Sandro Nestor Condia Perez;PARTIDO LIBERAL COLOMBIANO;1
CERINZA;Jose Fernando Morales Acuña;PARTIDO CONSERVADOR COLOMBIANO;1003
CERINZA;Hector Angel Ortiz Nuñez;PARTIDO CENTRO DEMOCRÁTICO;213
CERINZA;Hector David Chaparro Chaparro;PARTIDO LIBERAL COLOMBIANO;131
CERINZA;Pedro Jose Suarez Vacca;PACTO HISTÓRICO;92
CERINZA;Jaime Raul Salamanca Torres;PARTIDO ALIANZA VERDE;75
CERINZA;Jose Giovany Pinzon Baez;PACTO HISTÓRICO;52
CERINZA;German Tiberio Ojeda Pedraza;PARTIDO ALIANZA VERDE;51
CERINZA;Wilmer Yair Castellanos Hernandez;PARTIDO ALIANZA VERDE;42
CERINZA;Guillermo Leonardo Sanchez Sanchez;PARTIDO CENTRO DEMOCRÁTICO;30
CERINZA;Jose Dario Mahecha Castillo;PARTIDO CONSERVADOR COLOMBIANO;29
CERINZA;Pacto Histórico;PACTO HISTÓRICO;26
CERINZA;Partido Conservador Colombiano;PARTIDO CONSERVADOR COLOMBIANO;21
CERINZA;Wilder Ivan Suesca Ochoa;PARTIDO CONSERVADOR COLOMBIANO;17
CERINZA;Partido Alianza Verde;PARTIDO ALIANZA VERDE;16
CERINZA;Leidy Alejandra Moreno Sanchez;PACTO HISTÓRICO;15
CERINZA;Ingrid Marlen Sogamoso Alfonso;PARTIDO CONSERVADOR COLOMBIANO;11
CERINZA;Pablo Emilio Cepeda Novoa;PARTIDO CAMBIO RADICAL;11
CERINZA;Laura Andrea Bello Porras;PARTIDO ALIANZA VERDE;10
CERINZA;Maryory Catherin Ortiz Alvarez;PACTO HISTÓRICO;10
CERINZA;Cindy Yohana Bohorquez Garzon;PARTIDO CONSERVADOR COLOMBIANO;9
CERINZA;Partido Centro Democrático;PARTIDO CENTRO DEMOCRÁTICO;8
CERINZA;Mayra Alejandra Viancha Sanabria;PARTIDO LIBERAL COLOMBIANO;7
CERINZA;Wilson Castiblanco Gil;PARTIDO LIBERAL COLOMBIANO;7
CERINZA;Carolina Del Pilar Rodriguez Contreras;PACTO HISTÓRICO;6
CERINZA;Karen Lucia Molano Granados;PARTIDO ALIANZA VERDE;6
CERINZA;Luis Guillermo Barrera Gutierrez;PARTIDO CAMBIO RADICAL;6
CERINZA;Olga Yaneth Beltran Dorado;PARTIDO CENTRO DEMOCRÁTICO;6
CERINZA;Jonatan Sanchez Garavito;PARTIDO CAMBIO RADICAL;5
CERINZA;Jorge Eliecer Cortes Martinez;PARTIDO LIBERAL COLOMBIANO;5
CERINZA;Nidia Milena Torres Paez;PARTIDO CENTRO DEMOCRÁTICO;5
CERINZA;Diana Carolina Suarez Muñoz;COALICIÓN PARTIDOS DE LA U - MIRA - COLOMBIA JUSTA LIBRES - ASI;4
CERINZA;Eduar Alexis Triana Rincon;PARTIDO CENTRO DEMOCRÁTICO;4
CERINZA;Mayda Cecilia Velasquez Rueda;PARTIDO LIBERAL COLOMBIANO;4
CERINZA;Humphrey Roa Sarmiento;PARTIDO CONSERVADOR COLOMBIANO;3
CERINZA;Jairo Enrique Castiblanco Parra;COALICIÓN PARTIDOS DE LA U - MIRA - COLOMBIA JUSTA LIBRES - ASI;3
CERINZA;Luis Alejandro Gutierrez Sanabria;PARTIDO ALIANZA VERDE;3
CERINZA;Lupe Isabel Lopez Marquez;PARTIDO CAMBIO RADICAL;3
CERINZA;Monica Yanneth Quiroga Castillo;PARTIDO CAMBIO RADICAL;3
CERINZA;William Fernando Granados;PARTIDO NUEVO LIBERALISMO;3
CERINZA;Karol Ricardo Ramirez Silva;PACTO HISTÓRICO;2
CERINZA;Oscar Leonardo Avila Romero;PARTIDO CAMBIO RADICAL;2
CERINZA;Partido Liberal Colombiano;PARTIDO LIBERAL COLOMBIANO;2
CERINZA;William Donato Gomez;PARTIDO CENTRO DEMOCRÁTICO;2
CERINZA;Claudia Beatriz Duarte Acosta;PARTIDO NUEVO LIBERALISMO;1
CERINZA;Coalición Partidos De La U - Mira - Colombia Justa  Libres - Asi;COALICIÓN PARTIDOS DE LA U - MIRA - COLOMBIA JUSTA LIBRES - ASI;1
CERINZA;Jorge Ivan Amarillo Giraldo;COALICIÓN PARTIDOS DE LA U - MIRA - COLOMBIA JUSTA LIBRES - ASI;1
CERINZA;Movimiento De Salvación Nacional;MOVIMIENTO DE SALVACIÓN NACIONAL;1
CERINZA;Olga Maria Chivata Vargas;PARTIDO NUEVO LIBERALISMO;1
CERINZA;Pablo Mendoza Vargas;COALICIÓN PARTIDOS DE LA U - MIRA - COLOMBIA JUSTA LIBRES - ASI;1
CERINZA;Partido Cambio Radical;PARTIDO CAMBIO RADICAL;1
CERINZA;Partido Nuevo Liberalismo;PARTIDO NUEVO LIBERALISMO;1
CHINAVITA;Humphrey Roa Sarmiento;PARTIDO CONSERVADOR COLOMBIANO;214
CHINAVITA;Jaime Raul Salamanca Torres;PARTIDO ALIANZA VERDE;204
CHINAVITA;Ingrid Marlen Sogamoso Alfonso;PARTIDO CONSERVADOR COLOMBIANO;107
CHINAVITA;Partido Alianza Verde;PARTIDO ALIANZA VERDE;43
CHINAVITA;Guillermo Leonardo Sanchez Sanchez;PARTIDO CENTRO DEMOCRÁTICO;37
CHINAVITA;Jose Dario Mahecha Castillo;PARTIDO CONSERVADOR COLOMBIANO;35
CHINAVITA;German Tiberio Ojeda Pedraza;PARTIDO ALIANZA VERDE;33
CHINAVITA;Hector David Chaparro Chaparro;PARTIDO LIBERAL COLOMBIANO;31
CHINAVITA;Jose Giovany Pinzon Baez;PACTO HISTÓRICO;28
CHINAVITA;Karen Lucia Molano Granados;PARTIDO ALIANZA VERDE;28
CHINAVITA;Pacto Histórico;PACTO HISTÓRICO;25
CHINAVITA;Olga Yaneth Beltran Dorado;PARTIDO CENTRO DEMOCRÁTICO;24
CHINAVITA;Cindy Yohana Bohorquez Garzon;PARTIDO CONSERVADOR COLOMBIANO;21
CHINAVITA;Partido Conservador Colombiano;PARTIDO CONSERVADOR COLOMBIANO;21
CHINAVITA;Hector Angel Ortiz Nuñez;PARTIDO CENTRO DEMOCRÁTICO;19
CHINAVITA;Luis Alejandro Gutierrez Sanabria;PARTIDO ALIANZA VERDE;18
CHINAVITA;Eduar Alexis Triana Rincon;PARTIDO CENTRO DEMOCRÁTICO;17
CHINAVITA;Jairo Enrique Castiblanco Parra;COALICIÓN PARTIDOS DE LA U - MIRA - COLOMBIA JUSTA LIBRES - ASI;17
CHINAVITA;Wilder Ivan Suesca Ochoa;PARTIDO CONSERVADOR COLOMBIANO;17
CHINAVITA;Jorge Eliecer Cortes Martinez;PARTIDO LIBERAL COLOMBIANO;12
CHINAVITA;Oscar Leonardo Avila Romero;PARTIDO CAMBIO RADICAL;11
CHINAVITA;Pablo Emilio Cepeda Novoa;PARTIDO CAMBIO RADICAL;11
CHINAVITA;Jonatan Sanchez Garavito;PARTIDO CAMBIO RADICAL;10
CHINAVITA;Maryory Catherin Ortiz Alvarez;PACTO HISTÓRICO;10
CHINAVITA;Carolina Del Pilar Rodriguez Contreras;PACTO HISTÓRICO;8
CHINAVITA;Wilson Castiblanco Gil;PARTIDO LIBERAL COLOMBIANO;8
CHINAVITA;Movimiento De Salvación Nacional;MOVIMIENTO DE SALVACIÓN NACIONAL;7
CHINAVITA;Laura Andrea Bello Porras;PARTIDO ALIANZA VERDE;6
CHINAVITA;William Donato Gomez;PARTIDO CENTRO DEMOCRÁTICO;6
CHINAVITA;Partido Centro Democrático;PARTIDO CENTRO DEMOCRÁTICO;5
CHINAVITA;Jose Fernando Morales Acuña;PARTIDO CONSERVADOR COLOMBIANO;4
CHINAVITA;Leidy Alejandra Moreno Sanchez;PACTO HISTÓRICO;4
CHINAVITA;Nidia Milena Torres Paez;PARTIDO CENTRO DEMOCRÁTICO;4
CHINAVITA;Partido Nuevo Liberalismo;PARTIDO NUEVO LIBERALISMO;4
CHINAVITA;Pedro Jose Suarez Vacca;PACTO HISTÓRICO;4
CHINAVITA;Jorge Ivan Amarillo Giraldo;COALICIÓN PARTIDOS DE LA U - MIRA - COLOMBIA JUSTA LIBRES - ASI;3
CHINAVITA;Mayda Cecilia Velasquez Rueda;PARTIDO LIBERAL COLOMBIANO;3
CHINAVITA;Mayra Alejandra Viancha Sanabria;PARTIDO LIBERAL COLOMBIANO;3
CHINAVITA;Partido Político Dignidad;PARTIDO POLÍTICO DIGNIDAD;3
CHINAVITA;Wilmer Yair Castellanos Hernandez;PARTIDO ALIANZA VERDE;3
CHINAVITA;Coalición Partidos De La U - Mira - Colombia Justa  Libres - Asi;COALICIÓN PARTIDOS DE LA U - MIRA - COLOMBIA JUSTA LIBRES - ASI;2
CHINAVITA;Diana Carolina Suarez Muñoz;COALICIÓN PARTIDOS DE LA U - MIRA - COLOMBIA JUSTA LIBRES - ASI;2
CHINAVITA;Fernando Ríos Hidalgo;FERNANDO RÍOS HIDALGO;2
CHINAVITA;Luis Guillermo Barrera Gutierrez;PARTIDO CAMBIO RADICAL;2
CHINAVITA;Lupe Isabel Lopez Marquez;PARTIDO CAMBIO RADICAL;2
CHINAVITA;Monica Yanneth Quiroga Castillo;PARTIDO CAMBIO RADICAL;2
CHINAVITA;Olga Natalie Manrique Abril;COALICIÓN PARTIDOS DE LA U - MIRA - COLOMBIA JUSTA LIBRES - ASI;2
CHINAVITA;Partido Cambio Radical;PARTIDO CAMBIO RADICAL;2
CHINAVITA;Claudia Beatriz Duarte Acosta;PARTIDO NUEVO LIBERALISMO;1
CHINAVITA;Consejo Comunitario Bocas De Taparal;CONSEJO COMUNITARIO BOCAS DE TAPARAL;1
CHINAVITA;Henry De Jesus Puerto Vasquez;PARTIDO NUEVO LIBERALISMO;1
CHINAVITA;Jorge Arturo Mayorga Esguerra;COALICIÓN PARTIDOS DE LA U - MIRA - COLOMBIA JUSTA LIBRES - ASI;1
CHINAVITA;Karol Ricardo Ramirez Silva;PACTO HISTÓRICO;1
CHINAVITA;Movimiento Alianza Democrática Amplia;MOVIMIENTO ALIANZA DEMOCRÁTICA AMPLIA;1
CHINAVITA;Olga Maria Chivata Vargas;PARTIDO NUEVO LIBERALISMO;1
CHINAVITA;Palenque De La Vereda Las Trecientas Y Del Municip Io De Galapa;PALENQUE DE LA VEREDA LAS TRECIENTAS Y DEL MUNICIPIO DE GALAPA;1
CHINAVITA;Sandro Nestor Condia Perez;PARTIDO LIBERAL COLOMBIANO;1
CHINAVITA;William Fernando Granados;PARTIDO NUEVO LIBERALISMO;1
CHIQUINQUIRA;Eduar Alexis Triana Rincon;PARTIDO CENTRO DEMOCRÁTICO;4669
CHIQUINQUIRA;Wilmer Yair Castellanos Hernandez;PARTIDO ALIANZA VERDE;2186
CHIQUINQUIRA;Hector Angel Ortiz Nuñez;PARTIDO CENTRO DEMOCRÁTICO;1015
CHIQUINQUIRA;Jose Giovany Pinzon Baez;PACTO HISTÓRICO;828
CHIQUINQUIRA;Jaime Raul Salamanca Torres;PARTIDO ALIANZA VERDE;781
CHIQUINQUIRA;Pacto Histórico;PACTO HISTÓRICO;757
CHIQUINQUIRA;Jonatan Sanchez Garavito;PARTIDO CAMBIO RADICAL;719
CHIQUINQUIRA;Pedro Jose Suarez Vacca;PACTO HISTÓRICO;581
CHIQUINQUIRA;Hector David Chaparro Chaparro;PARTIDO LIBERAL COLOMBIANO;440
CHIQUINQUIRA;German Tiberio Ojeda Pedraza;PARTIDO ALIANZA VERDE;399
CHIQUINQUIRA;Jairo Enrique Castiblanco Parra;COALICIÓN PARTIDOS DE LA U - MIRA - COLOMBIA JUSTA LIBRES - ASI;369
CHIQUINQUIRA;Olga Yaneth Beltran Dorado;PARTIDO CENTRO DEMOCRÁTICO;360
CHIQUINQUIRA;Jose Dario Mahecha Castillo;PARTIDO CONSERVADOR COLOMBIANO;326
CHIQUINQUIRA;Humphrey Roa Sarmiento;PARTIDO CONSERVADOR COLOMBIANO;311
CHIQUINQUIRA;Diana Carolina Suarez Muñoz;COALICIÓN PARTIDOS DE LA U - MIRA - COLOMBIA JUSTA LIBRES - ASI;308
CHIQUINQUIRA;Karen Lucia Molano Granados;PARTIDO ALIANZA VERDE;307
CHIQUINQUIRA;Guillermo Leonardo Sanchez Sanchez;PARTIDO CENTRO DEMOCRÁTICO;249
CHIQUINQUIRA;Partido Alianza Verde;PARTIDO ALIANZA VERDE;233
CHIQUINQUIRA;Maryory Catherin Ortiz Alvarez;PACTO HISTÓRICO;212
CHIQUINQUIRA;Partido Centro Democrático;PARTIDO CENTRO DEMOCRÁTICO;189
CHIQUINQUIRA;Carolina Del Pilar Rodriguez Contreras;PACTO HISTÓRICO;170
CHIQUINQUIRA;Partido Político Dignidad;PARTIDO POLÍTICO DIGNIDAD;166
CHIQUINQUIRA;Laura Andrea Bello Porras;PARTIDO ALIANZA VERDE;158
CHIQUINQUIRA;Leidy Alejandra Moreno Sanchez;PACTO HISTÓRICO;146
CHIQUINQUIRA;Ingrid Marlen Sogamoso Alfonso;PARTIDO CONSERVADOR COLOMBIANO;145
CHIQUINQUIRA;Cindy Yohana Bohorquez Garzon;PARTIDO CONSERVADOR COLOMBIANO;116
CHIQUINQUIRA;Pablo Emilio Cepeda Novoa;PARTIDO CAMBIO RADICAL;92
CHIQUINQUIRA;Luis Alejandro Gutierrez Sanabria;PARTIDO ALIANZA VERDE;88
CHIQUINQUIRA;Nidia Milena Torres Paez;PARTIDO CENTRO DEMOCRÁTICO;80
CHIQUINQUIRA;Jorge Eliecer Cortes Martinez;PARTIDO LIBERAL COLOMBIANO;79
CHIQUINQUIRA;Partido Conservador Colombiano;PARTIDO CONSERVADOR COLOMBIANO;79
CHIQUINQUIRA;Wilder Ivan Suesca Ochoa;PARTIDO CONSERVADOR COLOMBIANO;77
CHIQUINQUIRA;Karol Ricardo Ramirez Silva;PACTO HISTÓRICO;75
CHIQUINQUIRA;Partido Nuevo Liberalismo;PARTIDO NUEVO LIBERALISMO;71
CHIQUINQUIRA;William Donato Gomez;PARTIDO CENTRO DEMOCRÁTICO;71
CHIQUINQUIRA;Jorge Ivan Amarillo Giraldo;COALICIÓN PARTIDOS DE LA U - MIRA - COLOMBIA JUSTA LIBRES - ASI;67
CHIQUINQUIRA;Wilson Castiblanco Gil;PARTIDO LIBERAL COLOMBIANO;63
CHIQUINQUIRA;Jose Fernando Morales Acuña;PARTIDO CONSERVADOR COLOMBIANO;61
CHIQUINQUIRA;Monica Yanneth Quiroga Castillo;PARTIDO CAMBIO RADICAL;59
CHIQUINQUIRA;Pablo Mendoza Vargas;COALICIÓN PARTIDOS DE LA U - MIRA - COLOMBIA JUSTA LIBRES - ASI;59
CHIQUINQUIRA;Jorge Arturo Mayorga Esguerra;COALICIÓN PARTIDOS DE LA U - MIRA - COLOMBIA JUSTA LIBRES - ASI;55
CHIQUINQUIRA;Coalición Partidos De La U - Mira - Colombia Justa  Libres - Asi;COALICIÓN PARTIDOS DE LA U - MIRA - COLOMBIA JUSTA LIBRES - ASI;53
CHIQUINQUIRA;Luis Guillermo Barrera Gutierrez;PARTIDO CAMBIO RADICAL;51
CHIQUINQUIRA;Olga Maria Chivata Vargas;PARTIDO NUEVO LIBERALISMO;49
CHIQUINQUIRA;Sandro Nestor Condia Perez;PARTIDO LIBERAL COLOMBIANO;47
CHIQUINQUIRA;Oscar Leonardo Avila Romero;PARTIDO CAMBIO RADICAL;43
CHIQUINQUIRA;Partido Liberal Colombiano;PARTIDO LIBERAL COLOMBIANO;41
CHIQUINQUIRA;Lupe Isabel Lopez Marquez;PARTIDO CAMBIO RADICAL;34
CHIQUINQUIRA;Partido Cambio Radical;PARTIDO CAMBIO RADICAL;33
CHIQUINQUIRA;Olga Natalie Manrique Abril;COALICIÓN PARTIDOS DE LA U - MIRA - COLOMBIA JUSTA LIBRES - ASI;31
CHIQUINQUIRA;Mayda Cecilia Velasquez Rueda;PARTIDO LIBERAL COLOMBIANO;27
CHIQUINQUIRA;William Fernando Granados;PARTIDO NUEVO LIBERALISMO;22
CHIQUINQUIRA;Movimiento De Salvación Nacional;MOVIMIENTO DE SALVACIÓN NACIONAL;19
CHIQUINQUIRA;Claudia Beatriz Duarte Acosta;PARTIDO NUEVO LIBERALISMO;16
CHIQUINQUIRA;Mayra Alejandra Viancha Sanabria;PARTIDO LIBERAL COLOMBIANO;16
CHIQUINQUIRA;Consejo Comunitario De La Comunidad Negra Limones;CONSEJO COMUNITARIO DE LA COMUNIDAD NEGRA LIMONES;14
CHIQUINQUIRA;Henry De Jesus Puerto Vasquez;PARTIDO NUEVO LIBERALISMO;12
CHIQUINQUIRA;Fernando Ríos Hidalgo;FERNANDO RÍOS HIDALGO;6
CHIQUINQUIRA;C.C La Toma;C.C LA TOMA;4
CHIQUINQUIRA;Maria Yolanda Figueroa Celis;PARTIDO INDÍGENA COLOMBIANO P.I.C;4
CHIQUINQUIRA;Ali Bantu Ashanti;C.C LA TOMA;3
CHIQUINQUIRA;Ariel Rosebel Palacios Angulo;C.C LA TOMA;3
CHIQUINQUIRA;Jorge Ivan Mina Lasso;CONSEJO COMUNITARIO MANUEL ZAPATA OLIVELLA DE SAN ANTERO;3
CHIQUINQUIRA;Juvenal Arrieta Gonzalez;"MOVIMIENTO ALTERNATIVO INDÍGENA SOCIAL ""MAIS""";3
CHIQUINQUIRA;"Movimiento Alternativo Indígena Social ""Mais""";"MOVIMIENTO ALTERNATIVO INDÍGENA SOCIAL ""MAIS""";3
CHIQUINQUIRA;Cabildo Indígena Aywjawashi;CABILDO INDÍGENA AYWJAWASHI;2
CHIQUINQUIRA;Camilo Rivera Soto;CONSEJO COMUNITARIO AFROZABALETAS;2
CHIQUINQUIRA;Cenobia Torcuato Caicedo;"MOVIMIENTO ALTERNATIVO INDÍGENA SOCIAL ""MAIS""";2
CHIQUINQUIRA;Consejo Comunit. Piedras Bachichi Correg. Santa Ce Cilia;CONSEJO COMUNIT. PIEDRAS BACHICHI CORREG. SANTA CECILIA;2
CHIQUINQUIRA;Consejo Comunitario De Comunidades Negras De Guaya Bal;CONSEJO COMUNITARIO DE COMUNIDADES NEGRAS DE GUAYABAL;2
CHIQUINQUIRA;Diego Alberto Ramirez Prado;CONSEJO COMUNITARIO MAYOR DE CASIMIRO;2
CHIQUINQUIRA;Idalmy Minotta Teran;C.C LA TOMA;2
CHIQUINQUIRA;Norman David Bañol Alvarez;"MOVIMIENTO ALTERNATIVO INDÍGENA SOCIAL ""MAIS""";2
CHIQUINQUIRA;Otto Adel Medina Monterrosa;CONSEJO COMUNITARIO DE FLAMENCO - MUNICIPIO DE MARÍA LA BAJA;2
CHIQUINQUIRA;Paciano Asprilla Arboleda;"CONSEJO COMUNITARIO DE LA COSTA PACÍFICA ""CONCOSTA""";2
CHIQUINQUIRA;Partido Colombia Renaciente;PARTIDO COLOMBIA RENACIENTE;2
CHIQUINQUIRA;Partido Indígena Colombiano P.I.C;PARTIDO INDÍGENA COLOMBIANO P.I.C;2
CHIQUINQUIRA;Resguardo Indígena Zenú Del Alto San Jorge;RESGUARDO INDÍGENA ZENÚ DEL ALTO SAN JORGE;2
CHIQUINQUIRA;Salomon Rafael Ruiz Bertel;CABILDO INDÍGENA AYWJAWASHI;2
CHIQUINQUIRA;Alberto Segundo Pacheco Ocando;CONSEJO COMUNITARIO DE LOS CORREGIMIENTOS DE SAN ANTONIO Y EL CASTILLO MUNICIPIO DE EL CERRITO;1
CHIQUINQUIRA;Angel Eduardo Murillo Mosquera;"ASOC. AFROCOL. DESPLAZADOS MCPIO. GUACARÍ VALLE DEL CAUCA ""ADAG""";1
CHIQUINQUIRA;Coacneja;COACNEJA;1
CHIQUINQUIRA;Consejo Comunitario Bocas De Taparal;CONSEJO COMUNITARIO BOCAS DE TAPARAL;1
CHIQUINQUIRA;Consejo Comunitario De Comunidades Negras Socoland O;CONSEJO COMUNITARIO DE COMUNIDADES NEGRAS SOCOLANDO;1
CHIQUINQUIRA;Consejo Comunitario De La Comunidad Negra De Villa  Gloria;CONSEJO COMUNITARIO DE LA COMUNIDAD NEGRA DE VILLA GLORIA;1
CHIQUINQUIRA;"Consejo Comunitario De La Costa Pacífica ""Concosta """;"CONSEJO COMUNITARIO DE LA COSTA PACÍFICA ""CONCOSTA""";1
CHIQUINQUIRA;Consejo Comunitario De Vuelta Manza;CONSEJO COMUNITARIO DE VUELTA MANZA;1
CHIQUINQUIRA;Consejo Comunitario Integral De Lloró;CONSEJO COMUNITARIO INTEGRAL DE LLORÓ;1
CHIQUINQUIRA;Consejo Comunitario La Voz De Los Negros;CONSEJO COMUNITARIO LA VOZ DE LOS NEGROS;1
CHIQUINQUIRA;Didier Angulo Angulo;FUNDACIÓN PARA EL DESARROLLO SOCIAL DE COMUNIDADES NEGRAS;1
CHIQUINQUIRA;Dualter Gutierrez Cabiche;"MOVIMIENTO AUTORIDADES INDÍGENAS DE COLOMBIA ""AICO""";1
CHIQUINQUIRA;Eliecer Crecencio Quiñones Angulo;CONSEJO COMUNITARIO UNIÓN PATÍA VIEJO;1
CHIQUINQUIRA;Ermes Rafael Urzola De La Barrera;ASOCIACIÓN NACIONAL DE CABILDOS Y AUTORIDADES INDÍGENAS EN COLOMBIA ANICOL;1
CHIQUINQUIRA;Guillermo Alfredo Rodriguez Quispe;"MOVIMIENTO AUTORIDADES INDÍGENAS DE COLOMBIA ""AICO""";1
CHIQUINQUIRA;Hector Fabian Davila Orozco;CONSEJO COMUNITARIO MAYOR DE CASIMIRO;1
CHIQUINQUIRA;Movimiento Alianza Democrática Amplia;MOVIMIENTO ALIANZA DEMOCRÁTICA AMPLIA;1
CHIQUINQUIRA;"Movimiento Autoridades Indígenas De Colombia ""Aico """;"MOVIMIENTO AUTORIDADES INDÍGENAS DE COLOMBIA ""AICO""";1
CHIQUINQUIRA;Pedro Adan Torres Perez;PALENQUE DE LA VEREDA LAS TRECIENTAS Y DEL MUNICIPIO DE GALAPA;1
CHIQUINQUIRA;Resguardo Indígena Alta Y Media Guajira;RESGUARDO INDÍGENA ALTA Y MEDIA GUAJIRA;1
CHIQUINQUIRA;Somos Identidad;SOMOS IDENTIDAD;1
CHIQUINQUIRA;Ubaldo Julio Rojas Pardo;CORPORACIÓN KOFI ANNAN;1
CHIQUIZA;Hector David Chaparro Chaparro;PARTIDO LIBERAL COLOMBIANO;552
CHIQUIZA;Oscar Leonardo Avila Romero;PARTIDO CAMBIO RADICAL;267
CHIQUIZA;Wilmer Yair Castellanos Hernandez;PARTIDO ALIANZA VERDE;160
CHIQUIZA;Wilson Castiblanco Gil;PARTIDO LIBERAL COLOMBIANO;102
CHIQUIZA;Jose Giovany Pinzon Baez;PACTO HISTÓRICO;76
CHIQUIZA;Jorge Eliecer Cortes Martinez;PARTIDO LIBERAL COLOMBIANO;67
CHIQUIZA;Jaime Raul Salamanca Torres;PARTIDO ALIANZA VERDE;50
CHIQUIZA;Partido Liberal Colombiano;PARTIDO LIBERAL COLOMBIANO;35
CHIQUIZA;Jairo Enrique Castiblanco Parra;COALICIÓN PARTIDOS DE LA U - MIRA - COLOMBIA JUSTA LIBRES - ASI;30
CHIQUIZA;Laura Andrea Bello Porras;PARTIDO ALIANZA VERDE;30
CHIQUIZA;Pacto Histórico;PACTO HISTÓRICO;30
CHIQUIZA;Mayra Alejandra Viancha Sanabria;PARTIDO LIBERAL COLOMBIANO;29
CHIQUIZA;Pedro Jose Suarez Vacca;PACTO HISTÓRICO;26
CHIQUIZA;Hector Angel Ortiz Nuñez;PARTIDO CENTRO DEMOCRÁTICO;18
CHIQUIZA;Partido Alianza Verde;PARTIDO ALIANZA VERDE;17
CHIQUIZA;German Tiberio Ojeda Pedraza;PARTIDO ALIANZA VERDE;15
CHIQUIZA;Luis Alejandro Gutierrez Sanabria;PARTIDO ALIANZA VERDE;13
CHIQUIZA;Pablo Emilio Cepeda Novoa;PARTIDO CAMBIO RADICAL;13
CHIQUIZA;Ingrid Marlen Sogamoso Alfonso;PARTIDO CONSERVADOR COLOMBIANO;12
CHIQUIZA;Carolina Del Pilar Rodriguez Contreras;PACTO HISTÓRICO;11
CHIQUIZA;Jonatan Sanchez Garavito;PARTIDO CAMBIO RADICAL;10
CHIQUIZA;Sandro Nestor Condia Perez;PARTIDO LIBERAL COLOMBIANO;10
CHIQUIZA;Lupe Isabel Lopez Marquez;PARTIDO CAMBIO RADICAL;9
CHIQUIZA;Partido Conservador Colombiano;PARTIDO CONSERVADOR COLOMBIANO;7
CHIQUIZA;Karen Lucia Molano Granados;PARTIDO ALIANZA VERDE;6
CHIQUIZA;Partido Cambio Radical;PARTIDO CAMBIO RADICAL;6
CHIQUIZA;Partido Centro Democrático;PARTIDO CENTRO DEMOCRÁTICO;6
CHIQUIZA;Olga Natalie Manrique Abril;COALICIÓN PARTIDOS DE LA U - MIRA - COLOMBIA JUSTA LIBRES - ASI;5
CHIQUIZA;Olga Yaneth Beltran Dorado;PARTIDO CENTRO DEMOCRÁTICO;5
CHIQUIZA;Wilder Ivan Suesca Ochoa;PARTIDO CONSERVADOR COLOMBIANO;5
CHIQUIZA;Cindy Yohana Bohorquez Garzon;PARTIDO CONSERVADOR COLOMBIANO;4
CHIQUIZA;Guillermo Leonardo Sanchez Sanchez;PARTIDO CENTRO DEMOCRÁTICO;4
CHIQUIZA;Mayda Cecilia Velasquez Rueda;PARTIDO LIBERAL COLOMBIANO;4
CHIQUIZA;William Donato Gomez;PARTIDO CENTRO DEMOCRÁTICO;4
CHIQUIZA;Eduar Alexis Triana Rincon;PARTIDO CENTRO DEMOCRÁTICO;3
CHIQUIZA;Humphrey Roa Sarmiento;PARTIDO CONSERVADOR COLOMBIANO;3
CHIQUIZA;Jose Dario Mahecha Castillo;PARTIDO CONSERVADOR COLOMBIANO;3
CHIQUIZA;Nidia Milena Torres Paez;PARTIDO CENTRO DEMOCRÁTICO;3
CHIQUIZA;Partido Nuevo Liberalismo;PARTIDO NUEVO LIBERALISMO;3
CHIQUIZA;Coalición Partidos De La U - Mira - Colombia Justa  Libres - Asi;COALICIÓN PARTIDOS DE LA U - MIRA - COLOMBIA JUSTA LIBRES - ASI;2
CHIQUIZA;Luis Guillermo Barrera Gutierrez;PARTIDO CAMBIO RADICAL;2
CHIQUIZA;Maryory Catherin Ortiz Alvarez;PACTO HISTÓRICO;2
CHIQUIZA;Monica Yanneth Quiroga Castillo;PARTIDO CAMBIO RADICAL;2
CHIQUIZA;Pablo Mendoza Vargas;COALICIÓN PARTIDOS DE LA U - MIRA - COLOMBIA JUSTA LIBRES - ASI;2
CHIQUIZA;William Fernando Granados;PARTIDO NUEVO LIBERALISMO;2
CHIQUIZA;Claudia Beatriz Duarte Acosta;PARTIDO NUEVO LIBERALISMO;1
CHIQUIZA;Diana Carolina Suarez Muñoz;COALICIÓN PARTIDOS DE LA U - MIRA - COLOMBIA JUSTA LIBRES - ASI;1
CHIQUIZA;Henry De Jesus Puerto Vasquez;PARTIDO NUEVO LIBERALISMO;1
CHIQUIZA;Jorge Arturo Mayorga Esguerra;COALICIÓN PARTIDOS DE LA U - MIRA - COLOMBIA JUSTA LIBRES - ASI;1
CHIQUIZA;Jorge Ivan Amarillo Giraldo;COALICIÓN PARTIDOS DE LA U - MIRA - COLOMBIA JUSTA LIBRES - ASI;1
CHIQUIZA;Karol Ricardo Ramirez Silva;PACTO HISTÓRICO;1
CHIQUIZA;"Movimiento Alternativo Indígena Social ""Mais""";"MOVIMIENTO ALTERNATIVO INDÍGENA SOCIAL ""MAIS""";1
CHIQUIZA;Movimiento De Salvación Nacional;MOVIMIENTO DE SALVACIÓN NACIONAL;1
CHIQUIZA;Norman David Bañol Alvarez;"MOVIMIENTO ALTERNATIVO INDÍGENA SOCIAL ""MAIS""";1
CHIQUIZA;Olga Maria Chivata Vargas;PARTIDO NUEVO LIBERALISMO;1
CHIQUIZA;Partido Político Dignidad;PARTIDO POLÍTICO DIGNIDAD;1
CHISCAS;Wilmer Yair Castellanos Hernandez;PARTIDO ALIANZA VERDE;408
CHISCAS;Luis Guillermo Barrera Gutierrez;PARTIDO CAMBIO RADICAL;320
CHISCAS;Jaime Raul Salamanca Torres;PARTIDO ALIANZA VERDE;191
CHISCAS;Hector David Chaparro Chaparro;PARTIDO LIBERAL COLOMBIANO;54
CHISCAS;Laura Andrea Bello Porras;PARTIDO ALIANZA VERDE;35
CHISCAS;Partido Alianza Verde;PARTIDO ALIANZA VERDE;34
CHISCAS;Jairo Enrique Castiblanco Parra;COALICIÓN PARTIDOS DE LA U - MIRA - COLOMBIA JUSTA LIBRES - ASI;26
CHISCAS;Jose Giovany Pinzon Baez;PACTO HISTÓRICO;24
CHISCAS;Jorge Eliecer Cortes Martinez;PARTIDO LIBERAL COLOMBIANO;20
CHISCAS;Hector Angel Ortiz Nuñez;PARTIDO CENTRO DEMOCRÁTICO;18
CHISCAS;Lupe Isabel Lopez Marquez;PARTIDO CAMBIO RADICAL;13
CHISCAS;Pacto Histórico;PACTO HISTÓRICO;12
CHISCAS;Karen Lucia Molano Granados;PARTIDO ALIANZA VERDE;11
CHISCAS;Partido Cambio Radical;PARTIDO CAMBIO RADICAL;11
CHISCAS;Jonatan Sanchez Garavito;PARTIDO CAMBIO RADICAL;10
CHISCAS;German Tiberio Ojeda Pedraza;PARTIDO ALIANZA VERDE;9
CHISCAS;Ingrid Marlen Sogamoso Alfonso;PARTIDO CONSERVADOR COLOMBIANO;8
CHISCAS;Jorge Ivan Amarillo Giraldo;COALICIÓN PARTIDOS DE LA U - MIRA - COLOMBIA JUSTA LIBRES - ASI;8
CHISCAS;Luis Alejandro Gutierrez Sanabria;PARTIDO ALIANZA VERDE;8
CHISCAS;Pablo Mendoza Vargas;COALICIÓN PARTIDOS DE LA U - MIRA - COLOMBIA JUSTA LIBRES - ASI;8
CHISCAS;Partido Centro Democrático;PARTIDO CENTRO DEMOCRÁTICO;8
CHISCAS;Guillermo Leonardo Sanchez Sanchez;PARTIDO CENTRO DEMOCRÁTICO;7
CHISCAS;Wilder Ivan Suesca Ochoa;PARTIDO CONSERVADOR COLOMBIANO;7
CHISCAS;Mayda Cecilia Velasquez Rueda;PARTIDO LIBERAL COLOMBIANO;6
CHISCAS;Monica Yanneth Quiroga Castillo;PARTIDO CAMBIO RADICAL;6
CHISCAS;Olga Yaneth Beltran Dorado;PARTIDO CENTRO DEMOCRÁTICO;6
CHISCAS;Leidy Alejandra Moreno Sanchez;PACTO HISTÓRICO;5
CHISCAS;Nidia Milena Torres Paez;PARTIDO CENTRO DEMOCRÁTICO;5
CHISCAS;Oscar Leonardo Avila Romero;PARTIDO CAMBIO RADICAL;5
CHISCAS;Partido Político Dignidad;PARTIDO POLÍTICO DIGNIDAD;5
CHISCAS;Partido Liberal Colombiano;PARTIDO LIBERAL COLOMBIANO;4
CHISCAS;Wilson Castiblanco Gil;PARTIDO LIBERAL COLOMBIANO;4
CHISCAS;Ali Bantu Ashanti;C.C LA TOMA;3
CHISCAS;Pablo Emilio Cepeda Novoa;PARTIDO CAMBIO RADICAL;3
CHISCAS;Pedro Jose Suarez Vacca;PACTO HISTÓRICO;3
CHISCAS;Eduar Alexis Triana Rincon;PARTIDO CENTRO DEMOCRÁTICO;2
CHISCAS;Maryory Catherin Ortiz Alvarez;PACTO HISTÓRICO;2
CHISCAS;Olga Natalie Manrique Abril;COALICIÓN PARTIDOS DE LA U - MIRA - COLOMBIA JUSTA LIBRES - ASI;2
CHISCAS;William Donato Gomez;PARTIDO CENTRO DEMOCRÁTICO;2
CHISCAS;Carolina Del Pilar Rodriguez Contreras;PACTO HISTÓRICO;1
CHISCAS;Claudia Beatriz Duarte Acosta;PARTIDO NUEVO LIBERALISMO;1
CHISCAS;Coalición Partidos De La U - Mira - Colombia Justa  Libres - Asi;COALICIÓN PARTIDOS DE LA U - MIRA - COLOMBIA JUSTA LIBRES - ASI;1
CHISCAS;Diana Carolina Suarez Muñoz;COALICIÓN PARTIDOS DE LA U - MIRA - COLOMBIA JUSTA LIBRES - ASI;1
CHISCAS;Henry De Jesus Puerto Vasquez;PARTIDO NUEVO LIBERALISMO;1
CHISCAS;Jorge Arturo Mayorga Esguerra;COALICIÓN PARTIDOS DE LA U - MIRA - COLOMBIA JUSTA LIBRES - ASI;1
CHISCAS;Jose Dario Mahecha Castillo;PARTIDO CONSERVADOR COLOMBIANO;1
CHISCAS;Jose Fernando Morales Acuña;PARTIDO CONSERVADOR COLOMBIANO;1
CHISCAS;Olga Maria Chivata Vargas;PARTIDO NUEVO LIBERALISMO;1
CHISCAS;Partido Conservador Colombiano;PARTIDO CONSERVADOR COLOMBIANO;1
CHISCAS;Partido Nuevo Liberalismo;PARTIDO NUEVO LIBERALISMO;1
CHISCAS;Sandro Nestor Condia Perez;PARTIDO LIBERAL COLOMBIANO;1
CHITA;Jairo Enrique Castiblanco Parra;COALICIÓN PARTIDOS DE LA U - MIRA - COLOMBIA JUSTA LIBRES - ASI;259
CHITA;Hector Angel Ortiz Nuñez;PARTIDO CENTRO DEMOCRÁTICO;141
CHITA;Wilmer Yair Castellanos Hernandez;PARTIDO ALIANZA VERDE;134
CHITA;Jaime Raul Salamanca Torres;PARTIDO ALIANZA VERDE;116
CHITA;Wilson Castiblanco Gil;PARTIDO LIBERAL COLOMBIANO;116
CHITA;Partido Centro Democrático;PARTIDO CENTRO DEMOCRÁTICO;76
CHITA;Pedro Jose Suarez Vacca;PACTO HISTÓRICO;67
CHITA;German Tiberio Ojeda Pedraza;PARTIDO ALIANZA VERDE;64
CHITA;Partido Alianza Verde;PARTIDO ALIANZA VERDE;62
CHITA;Jose Giovany Pinzon Baez;PACTO HISTÓRICO;61
CHITA;Partido Conservador Colombiano;PARTIDO CONSERVADOR COLOMBIANO;56
CHITA;Guillermo Leonardo Sanchez Sanchez;PARTIDO CENTRO DEMOCRÁTICO;51
CHITA;Jonatan Sanchez Garavito;PARTIDO CAMBIO RADICAL;47
CHITA;Wilder Ivan Suesca Ochoa;PARTIDO CONSERVADOR COLOMBIANO;47
CHITA;Oscar Leonardo Avila Romero;PARTIDO CAMBIO RADICAL;46
CHITA;Eduar Alexis Triana Rincon;PARTIDO CENTRO DEMOCRÁTICO;37
CHITA;Ingrid Marlen Sogamoso Alfonso;PARTIDO CONSERVADOR COLOMBIANO;34
CHITA;Lupe Isabel Lopez Marquez;PARTIDO CAMBIO RADICAL;33
CHITA;Luis Guillermo Barrera Gutierrez;PARTIDO CAMBIO RADICAL;32
CHITA;Olga Yaneth Beltran Dorado;PARTIDO CENTRO DEMOCRÁTICO;32
CHITA;Humphrey Roa Sarmiento;PARTIDO CONSERVADOR COLOMBIANO;28
CHITA;Jose Dario Mahecha Castillo;PARTIDO CONSERVADOR COLOMBIANO;27
CHITA;Jose Fernando Morales Acuña;PARTIDO CONSERVADOR COLOMBIANO;25
CHITA;Pacto Histórico;PACTO HISTÓRICO;23
CHITA;Pablo Emilio Cepeda Novoa;PARTIDO CAMBIO RADICAL;20
CHITA;Partido Cambio Radical;PARTIDO CAMBIO RADICAL;18
CHITA;Hector David Chaparro Chaparro;PARTIDO LIBERAL COLOMBIANO;17
CHITA;Karen Lucia Molano Granados;PARTIDO ALIANZA VERDE;16
CHITA;Nidia Milena Torres Paez;PARTIDO CENTRO DEMOCRÁTICO;14
CHITA;Monica Yanneth Quiroga Castillo;PARTIDO CAMBIO RADICAL;13
CHITA;Coalición Partidos De La U - Mira - Colombia Justa  Libres - Asi;COALICIÓN PARTIDOS DE LA U - MIRA - COLOMBIA JUSTA LIBRES - ASI;12
CHITA;Luis Alejandro Gutierrez Sanabria;PARTIDO ALIANZA VERDE;12
CHITA;Partido Liberal Colombiano;PARTIDO LIBERAL COLOMBIANO;12
CHITA;Diana Carolina Suarez Muñoz;COALICIÓN PARTIDOS DE LA U - MIRA - COLOMBIA JUSTA LIBRES - ASI;11
CHITA;Carolina Del Pilar Rodriguez Contreras;PACTO HISTÓRICO;10
CHITA;Cindy Yohana Bohorquez Garzon;PARTIDO CONSERVADOR COLOMBIANO;10
CHITA;Maryory Catherin Ortiz Alvarez;PACTO HISTÓRICO;10
CHITA;William Donato Gomez;PARTIDO CENTRO DEMOCRÁTICO;10
CHITA;Laura Andrea Bello Porras;PARTIDO ALIANZA VERDE;7
CHITA;Sandro Nestor Condia Perez;PARTIDO LIBERAL COLOMBIANO;7
CHITA;Jorge Eliecer Cortes Martinez;PARTIDO LIBERAL COLOMBIANO;6
CHITA;Olga Natalie Manrique Abril;COALICIÓN PARTIDOS DE LA U - MIRA - COLOMBIA JUSTA LIBRES - ASI;6
CHITA;Leidy Alejandra Moreno Sanchez;PACTO HISTÓRICO;5
CHITA;Mayda Cecilia Velasquez Rueda;PARTIDO LIBERAL COLOMBIANO;5
CHITA;Partido Nuevo Liberalismo;PARTIDO NUEVO LIBERALISMO;5
CHITA;Jorge Arturo Mayorga Esguerra;COALICIÓN PARTIDOS DE LA U - MIRA - COLOMBIA JUSTA LIBRES - ASI;4
CHITA;Jorge Ivan Amarillo Giraldo;COALICIÓN PARTIDOS DE LA U - MIRA - COLOMBIA JUSTA LIBRES - ASI;4
CHITA;Karol Ricardo Ramirez Silva;PACTO HISTÓRICO;4
CHITA;Partido Político Dignidad;PARTIDO POLÍTICO DIGNIDAD;4
CHITA;Olga Maria Chivata Vargas;PARTIDO NUEVO LIBERALISMO;3
CHITA;Pablo Mendoza Vargas;COALICIÓN PARTIDOS DE LA U - MIRA - COLOMBIA JUSTA LIBRES - ASI;3
CHITA;William Fernando Granados;PARTIDO NUEVO LIBERALISMO;3
CHITA;Mayra Alejandra Viancha Sanabria;PARTIDO LIBERAL COLOMBIANO;2
CHITA;Cenobia Torcuato Caicedo;"MOVIMIENTO ALTERNATIVO INDÍGENA SOCIAL ""MAIS""";1
CHITA;Norman David Bañol Alvarez;"MOVIMIENTO ALTERNATIVO INDÍGENA SOCIAL ""MAIS""";1
CHITARAQUE;Wilmer Yair Castellanos Hernandez;PARTIDO ALIANZA VERDE;265
CHITARAQUE;Guillermo Leonardo Sanchez Sanchez;PARTIDO CENTRO DEMOCRÁTICO;235
CHITARAQUE;Eduar Alexis Triana Rincon;PARTIDO CENTRO DEMOCRÁTICO;125
CHITARAQUE;Jonatan Sanchez Garavito;PARTIDO CAMBIO RADICAL;123
CHITARAQUE;Hector David Chaparro Chaparro;PARTIDO LIBERAL COLOMBIANO;77
CHITARAQUE;Luis Guillermo Barrera Gutierrez;PARTIDO CAMBIO RADICAL;59
CHITARAQUE;Karen Lucia Molano Granados;PARTIDO ALIANZA VERDE;42
CHITARAQUE;Partido Centro Democrático;PARTIDO CENTRO DEMOCRÁTICO;39
CHITARAQUE;Pedro Jose Suarez Vacca;PACTO HISTÓRICO;37
CHITARAQUE;Wilder Ivan Suesca Ochoa;PARTIDO CONSERVADOR COLOMBIANO;31
CHITARAQUE;Pacto Histórico;PACTO HISTÓRICO;29
CHITARAQUE;Partido Alianza Verde;PARTIDO ALIANZA VERDE;28
CHITARAQUE;Humphrey Roa Sarmiento;PARTIDO CONSERVADOR COLOMBIANO;26
CHITARAQUE;Jose Giovany Pinzon Baez;PACTO HISTÓRICO;26
CHITARAQUE;Olga Yaneth Beltran Dorado;PARTIDO CENTRO DEMOCRÁTICO;26
CHITARAQUE;Jaime Raul Salamanca Torres;PARTIDO ALIANZA VERDE;21
CHITARAQUE;Hector Angel Ortiz Nuñez;PARTIDO CENTRO DEMOCRÁTICO;20
CHITARAQUE;Jorge Eliecer Cortes Martinez;PARTIDO LIBERAL COLOMBIANO;18
CHITARAQUE;Jose Fernando Morales Acuña;PARTIDO CONSERVADOR COLOMBIANO;18
CHITARAQUE;Partido Conservador Colombiano;PARTIDO CONSERVADOR COLOMBIANO;16
CHITARAQUE;Maryory Catherin Ortiz Alvarez;PACTO HISTÓRICO;14
CHITARAQUE;Nidia Milena Torres Paez;PARTIDO CENTRO DEMOCRÁTICO;14
CHITARAQUE;German Tiberio Ojeda Pedraza;PARTIDO ALIANZA VERDE;13
CHITARAQUE;Ingrid Marlen Sogamoso Alfonso;PARTIDO CONSERVADOR COLOMBIANO;12
CHITARAQUE;Oscar Leonardo Avila Romero;PARTIDO CAMBIO RADICAL;12
CHITARAQUE;Jorge Ivan Amarillo Giraldo;COALICIÓN PARTIDOS DE LA U - MIRA - COLOMBIA JUSTA LIBRES - ASI;11
CHITARAQUE;Lupe Isabel Lopez Marquez;PARTIDO CAMBIO RADICAL;11
CHITARAQUE;Mayda Cecilia Velasquez Rueda;PARTIDO LIBERAL COLOMBIANO;10
CHITARAQUE;Pablo Emilio Cepeda Novoa;PARTIDO CAMBIO RADICAL;10
CHITARAQUE;Cindy Yohana Bohorquez Garzon;PARTIDO CONSERVADOR COLOMBIANO;9
CHITARAQUE;Jairo Enrique Castiblanco Parra;COALICIÓN PARTIDOS DE LA U - MIRA - COLOMBIA JUSTA LIBRES - ASI;8
CHITARAQUE;Laura Andrea Bello Porras;PARTIDO ALIANZA VERDE;8
CHITARAQUE;Monica Yanneth Quiroga Castillo;PARTIDO CAMBIO RADICAL;8
CHITARAQUE;Jose Dario Mahecha Castillo;PARTIDO CONSERVADOR COLOMBIANO;7
CHITARAQUE;Luis Alejandro Gutierrez Sanabria;PARTIDO ALIANZA VERDE;7
CHITARAQUE;Partido Cambio Radical;PARTIDO CAMBIO RADICAL;7
CHITARAQUE;Carolina Del Pilar Rodriguez Contreras;PACTO HISTÓRICO;6
CHITARAQUE;Leidy Alejandra Moreno Sanchez;PACTO HISTÓRICO;6
CHITARAQUE;Jorge Arturo Mayorga Esguerra;COALICIÓN PARTIDOS DE LA U - MIRA - COLOMBIA JUSTA LIBRES - ASI;5
CHITARAQUE;Mayra Alejandra Viancha Sanabria;PARTIDO LIBERAL COLOMBIANO;5
CHITARAQUE;Olga Maria Chivata Vargas;PARTIDO NUEVO LIBERALISMO;5
CHITARAQUE;Sandro Nestor Condia Perez;PARTIDO LIBERAL COLOMBIANO;5
CHITARAQUE;William Donato Gomez;PARTIDO CENTRO DEMOCRÁTICO;5
CHITARAQUE;Claudia Beatriz Duarte Acosta;PARTIDO NUEVO LIBERALISMO;4
CHITARAQUE;Partido Liberal Colombiano;PARTIDO LIBERAL COLOMBIANO;4
CHITARAQUE;Partido Nuevo Liberalismo;PARTIDO NUEVO LIBERALISMO;4
CHITARAQUE;Diana Carolina Suarez Muñoz;COALICIÓN PARTIDOS DE LA U - MIRA - COLOMBIA JUSTA LIBRES - ASI;3
CHITARAQUE;Pablo Mendoza Vargas;COALICIÓN PARTIDOS DE LA U - MIRA - COLOMBIA JUSTA LIBRES - ASI;3
CHITARAQUE;Wilson Castiblanco Gil;PARTIDO LIBERAL COLOMBIANO;3
CHITARAQUE;Coalición Partidos De La U - Mira - Colombia Justa  Libres - Asi;COALICIÓN PARTIDOS DE LA U - MIRA - COLOMBIA JUSTA LIBRES - ASI;2
CHITARAQUE;Karol Ricardo Ramirez Silva;PACTO HISTÓRICO;2
CHITARAQUE;Movimiento De Salvación Nacional;MOVIMIENTO DE SALVACIÓN NACIONAL;2
CHITARAQUE;Olga Natalie Manrique Abril;COALICIÓN PARTIDOS DE LA U - MIRA - COLOMBIA JUSTA LIBRES - ASI;2
CHITARAQUE;William Fernando Granados;PARTIDO NUEVO LIBERALISMO;2
CHITARAQUE;Consejo Comunitario Rescate Las Varas;CONSEJO COMUNITARIO RESCATE LAS VARAS;1
CHITARAQUE;Fernando Ríos Hidalgo;FERNANDO RÍOS HIDALGO;1
CHITARAQUE;Norman David Bañol Alvarez;"MOVIMIENTO ALTERNATIVO INDÍGENA SOCIAL ""MAIS""";1
CHITARAQUE;Paciano Asprilla Arboleda;"CONSEJO COMUNITARIO DE LA COSTA PACÍFICA ""CONCOSTA""";1
CHITARAQUE;Partido Político Dignidad;PARTIDO POLÍTICO DIGNIDAD;1
CHITARAQUE;Ubaldo Julio Rojas Pardo;CORPORACIÓN KOFI ANNAN;1
CHIVATA;Wilmer Yair Castellanos Hernandez;PARTIDO ALIANZA VERDE;323
CHIVATA;Ingrid Marlen Sogamoso Alfonso;PARTIDO CONSERVADOR COLOMBIANO;143
CHIVATA;Wilder Ivan Suesca Ochoa;PARTIDO CONSERVADOR COLOMBIANO;126
CHIVATA;Oscar Leonardo Avila Romero;PARTIDO CAMBIO RADICAL;112
CHIVATA;Jaime Raul Salamanca Torres;PARTIDO ALIANZA VERDE;98
CHIVATA;Pablo Emilio Cepeda Novoa;PARTIDO CAMBIO RADICAL;59
CHIVATA;Jose Giovany Pinzon Baez;PACTO HISTÓRICO;57
CHIVATA;Jonatan Sanchez Garavito;PARTIDO CAMBIO RADICAL;41
CHIVATA;Karen Lucia Molano Granados;PARTIDO ALIANZA VERDE;40
CHIVATA;Hector Angel Ortiz Nuñez;PARTIDO CENTRO DEMOCRÁTICO;38
CHIVATA;Pedro Jose Suarez Vacca;PACTO HISTÓRICO;38
CHIVATA;Jairo Enrique Castiblanco Parra;COALICIÓN PARTIDOS DE LA U - MIRA - COLOMBIA JUSTA LIBRES - ASI;33
CHIVATA;Partido Alianza Verde;PARTIDO ALIANZA VERDE;31
CHIVATA;German Tiberio Ojeda Pedraza;PARTIDO ALIANZA VERDE;22
CHIVATA;Jorge Eliecer Cortes Martinez;PARTIDO LIBERAL COLOMBIANO;22
CHIVATA;Pacto Histórico;PACTO HISTÓRICO;22
CHIVATA;Wilson Castiblanco Gil;PARTIDO LIBERAL COLOMBIANO;22
CHIVATA;Hector David Chaparro Chaparro;PARTIDO LIBERAL COLOMBIANO;21
CHIVATA;Olga Natalie Manrique Abril;COALICIÓN PARTIDOS DE LA U - MIRA - COLOMBIA JUSTA LIBRES - ASI;17
CHIVATA;Jose Dario Mahecha Castillo;PARTIDO CONSERVADOR COLOMBIANO;16
CHIVATA;Luis Alejandro Gutierrez Sanabria;PARTIDO ALIANZA VERDE;16
CHIVATA;Partido Conservador Colombiano;PARTIDO CONSERVADOR COLOMBIANO;15
CHIVATA;Maryory Catherin Ortiz Alvarez;PACTO HISTÓRICO;14
CHIVATA;Laura Andrea Bello Porras;PARTIDO ALIANZA VERDE;12
CHIVATA;Luis Guillermo Barrera Gutierrez;PARTIDO CAMBIO RADICAL;11
CHIVATA;William Donato Gomez;PARTIDO CENTRO DEMOCRÁTICO;10
CHIVATA;Humphrey Roa Sarmiento;PARTIDO CONSERVADOR COLOMBIANO;9
CHIVATA;Olga Yaneth Beltran Dorado;PARTIDO CENTRO DEMOCRÁTICO;9
CHIVATA;Partido Cambio Radical;PARTIDO CAMBIO RADICAL;9
CHIVATA;Eduar Alexis Triana Rincon;PARTIDO CENTRO DEMOCRÁTICO;8
CHIVATA;Guillermo Leonardo Sanchez Sanchez;PARTIDO CENTRO DEMOCRÁTICO;8
CHIVATA;Jorge Ivan Amarillo Giraldo;COALICIÓN PARTIDOS DE LA U - MIRA - COLOMBIA JUSTA LIBRES - ASI;8
CHIVATA;Partido Centro Democrático;PARTIDO CENTRO DEMOCRÁTICO;7
CHIVATA;Nidia Milena Torres Paez;PARTIDO CENTRO DEMOCRÁTICO;6
CHIVATA;Carolina Del Pilar Rodriguez Contreras;PACTO HISTÓRICO;5
CHIVATA;Henry De Jesus Puerto Vasquez;PARTIDO NUEVO LIBERALISMO;5
CHIVATA;Jose Fernando Morales Acuña;PARTIDO CONSERVADOR COLOMBIANO;5
CHIVATA;Leidy Alejandra Moreno Sanchez;PACTO HISTÓRICO;5
CHIVATA;Lupe Isabel Lopez Marquez;PARTIDO CAMBIO RADICAL;5
CHIVATA;Monica Yanneth Quiroga Castillo;PARTIDO CAMBIO RADICAL;5
CHIVATA;Olga Maria Chivata Vargas;PARTIDO NUEVO LIBERALISMO;5
CHIVATA;Cindy Yohana Bohorquez Garzon;PARTIDO CONSERVADOR COLOMBIANO;3
CHIVATA;Karol Ricardo Ramirez Silva;PACTO HISTÓRICO;3
CHIVATA;Coalición Partidos De La U - Mira - Colombia Justa  Libres - Asi;COALICIÓN PARTIDOS DE LA U - MIRA - COLOMBIA JUSTA LIBRES - ASI;2
CHIVATA;Diana Carolina Suarez Muñoz;COALICIÓN PARTIDOS DE LA U - MIRA - COLOMBIA JUSTA LIBRES - ASI;2
CHIVATA;Jorge Arturo Mayorga Esguerra;COALICIÓN PARTIDOS DE LA U - MIRA - COLOMBIA JUSTA LIBRES - ASI;2
CHIVATA;Mayra Alejandra Viancha Sanabria;PARTIDO LIBERAL COLOMBIANO;2
CHIVATA;Partido Nuevo Liberalismo;PARTIDO NUEVO LIBERALISMO;2
CHIVATA;Claudia Beatriz Duarte Acosta;PARTIDO NUEVO LIBERALISMO;1
CHIVATA;Mayda Cecilia Velasquez Rueda;PARTIDO LIBERAL COLOMBIANO;1
CHIVATA;"Movimiento Alternativo Indígena Social ""Mais""";"MOVIMIENTO ALTERNATIVO INDÍGENA SOCIAL ""MAIS""";1
CHIVATA;Movimiento De Salvación Nacional;MOVIMIENTO DE SALVACIÓN NACIONAL;1
CHIVATA;Partido Político Dignidad;PARTIDO POLÍTICO DIGNIDAD;1
CHIVATA;Sandro Nestor Condia Perez;PARTIDO LIBERAL COLOMBIANO;1
CHIVOR;Ingrid Marlen Sogamoso Alfonso;PARTIDO CONSERVADOR COLOMBIANO;303
CHIVOR;Hector Angel Ortiz Nuñez;PARTIDO CENTRO DEMOCRÁTICO;36
CHIVOR;Cindy Yohana Bohorquez Garzon;PARTIDO CONSERVADOR COLOMBIANO;34
CHIVOR;Eduar Alexis Triana Rincon;PARTIDO CENTRO DEMOCRÁTICO;26
CHIVOR;Oscar Leonardo Avila Romero;PARTIDO CAMBIO RADICAL;23
CHIVOR;William Donato Gomez;PARTIDO CENTRO DEMOCRÁTICO;21
CHIVOR;Wilmer Yair Castellanos Hernandez;PARTIDO ALIANZA VERDE;21
CHIVOR;Partido Conservador Colombiano;PARTIDO CONSERVADOR COLOMBIANO;20
CHIVOR;Jaime Raul Salamanca Torres;PARTIDO ALIANZA VERDE;18
CHIVOR;Jose Dario Mahecha Castillo;PARTIDO CONSERVADOR COLOMBIANO;16
CHIVOR;Wilder Ivan Suesca Ochoa;PARTIDO CONSERVADOR COLOMBIANO;13
CHIVOR;Humphrey Roa Sarmiento;PARTIDO CONSERVADOR COLOMBIANO;12
CHIVOR;German Tiberio Ojeda Pedraza;PARTIDO ALIANZA VERDE;11
CHIVOR;Jose Fernando Morales Acuña;PARTIDO CONSERVADOR COLOMBIANO;9
CHIVOR;Olga Yaneth Beltran Dorado;PARTIDO CENTRO DEMOCRÁTICO;9
CHIVOR;Luis Alejandro Gutierrez Sanabria;PARTIDO ALIANZA VERDE;8
CHIVOR;Karol Ricardo Ramirez Silva;PACTO HISTÓRICO;7
CHIVOR;Partido Centro Democrático;PARTIDO CENTRO DEMOCRÁTICO;6
CHIVOR;Diana Carolina Suarez Muñoz;COALICIÓN PARTIDOS DE LA U - MIRA - COLOMBIA JUSTA LIBRES - ASI;5
CHIVOR;Jose Giovany Pinzon Baez;PACTO HISTÓRICO;5
CHIVOR;Laura Andrea Bello Porras;PARTIDO ALIANZA VERDE;5
CHIVOR;Pablo Emilio Cepeda Novoa;PARTIDO CAMBIO RADICAL;5
CHIVOR;Jonatan Sanchez Garavito;PARTIDO CAMBIO RADICAL;4
CHIVOR;Jorge Ivan Amarillo Giraldo;COALICIÓN PARTIDOS DE LA U - MIRA - COLOMBIA JUSTA LIBRES - ASI;4
CHIVOR;Mayda Cecilia Velasquez Rueda;PARTIDO LIBERAL COLOMBIANO;4
CHIVOR;Pacto Histórico;PACTO HISTÓRICO;4
CHIVOR;Partido Alianza Verde;PARTIDO ALIANZA VERDE;4
CHIVOR;Jorge Arturo Mayorga Esguerra;COALICIÓN PARTIDOS DE LA U - MIRA - COLOMBIA JUSTA LIBRES - ASI;3
CHIVOR;Nidia Milena Torres Paez;PARTIDO CENTRO DEMOCRÁTICO;3
CHIVOR;Guillermo Leonardo Sanchez Sanchez;PARTIDO CENTRO DEMOCRÁTICO;2
CHIVOR;Henry De Jesus Puerto Vasquez;PARTIDO NUEVO LIBERALISMO;2
CHIVOR;Karen Lucia Molano Granados;PARTIDO ALIANZA VERDE;2
CHIVOR;Lupe Isabel Lopez Marquez;PARTIDO CAMBIO RADICAL;2
CHIVOR;Pedro Jose Suarez Vacca;PACTO HISTÓRICO;2
CHIVOR;Wilson Castiblanco Gil;PARTIDO LIBERAL COLOMBIANO;2
CHIVOR;Carolina Del Pilar Rodriguez Contreras;PACTO HISTÓRICO;1
CHIVOR;Fernando Ríos Hidalgo;FERNANDO RÍOS HIDALGO;1
CHIVOR;Hector David Chaparro Chaparro;PARTIDO LIBERAL COLOMBIANO;1
CHIVOR;Jairo Enrique Castiblanco Parra;COALICIÓN PARTIDOS DE LA U - MIRA - COLOMBIA JUSTA LIBRES - ASI;1
CHIVOR;Jorge Eliecer Cortes Martinez;PARTIDO LIBERAL COLOMBIANO;1
CHIVOR;Leidy Alejandra Moreno Sanchez;PACTO HISTÓRICO;1
CHIVOR;Maryory Catherin Ortiz Alvarez;PACTO HISTÓRICO;1
CHIVOR;Monica Yanneth Quiroga Castillo;PARTIDO CAMBIO RADICAL;1
CHIVOR;Olga Maria Chivata Vargas;PARTIDO NUEVO LIBERALISMO;1
CHIVOR;Olga Natalie Manrique Abril;COALICIÓN PARTIDOS DE LA U - MIRA - COLOMBIA JUSTA LIBRES - ASI;1
CHIVOR;Partido Cambio Radical;PARTIDO CAMBIO RADICAL;1
CHIVOR;Partido Liberal Colombiano;PARTIDO LIBERAL COLOMBIANO;1
CHIVOR;Partido Nuevo Liberalismo;PARTIDO NUEVO LIBERALISMO;1
CHIVOR;Resguardo Indígena Alta Y Media Guajira;RESGUARDO INDÍGENA ALTA Y MEDIA GUAJIRA;1
CIENEGA;Luis Guillermo Barrera Gutierrez;PARTIDO CAMBIO RADICAL;153
CIENEGA;Wilmer Yair Castellanos Hernandez;PARTIDO ALIANZA VERDE;114
CIENEGA;Guillermo Leonardo Sanchez Sanchez;PARTIDO CENTRO DEMOCRÁTICO;106
CIENEGA;Oscar Leonardo Avila Romero;PARTIDO CAMBIO RADICAL;101
CIENEGA;Wilder Ivan Suesca Ochoa;PARTIDO CONSERVADOR COLOMBIANO;86
CIENEGA;Jose Giovany Pinzon Baez;PACTO HISTÓRICO;82
CIENEGA;Jaime Raul Salamanca Torres;PARTIDO ALIANZA VERDE;65
CIENEGA;Pablo Emilio Cepeda Novoa;PARTIDO CAMBIO RADICAL;48
CIENEGA;Jose Dario Mahecha Castillo;PARTIDO CONSERVADOR COLOMBIANO;44
CIENEGA;Partido Alianza Verde;PARTIDO ALIANZA VERDE;39
CIENEGA;German Tiberio Ojeda Pedraza;PARTIDO ALIANZA VERDE;26
CIENEGA;Partido Centro Democrático;PARTIDO CENTRO DEMOCRÁTICO;26
CIENEGA;Ingrid Marlen Sogamoso Alfonso;PARTIDO CONSERVADOR COLOMBIANO;25
CIENEGA;Pacto Histórico;PACTO HISTÓRICO;24
CIENEGA;Partido Conservador Colombiano;PARTIDO CONSERVADOR COLOMBIANO;24
CIENEGA;Luis Alejandro Gutierrez Sanabria;PARTIDO ALIANZA VERDE;22
CIENEGA;Hector David Chaparro Chaparro;PARTIDO LIBERAL COLOMBIANO;21
CIENEGA;Wilson Castiblanco Gil;PARTIDO LIBERAL COLOMBIANO;21
CIENEGA;Humphrey Roa Sarmiento;PARTIDO CONSERVADOR COLOMBIANO;20
CIENEGA;Jairo Enrique Castiblanco Parra;COALICIÓN PARTIDOS DE LA U - MIRA - COLOMBIA JUSTA LIBRES - ASI;19
CIENEGA;Jonatan Sanchez Garavito;PARTIDO CAMBIO RADICAL;19
CIENEGA;Eduar Alexis Triana Rincon;PARTIDO CENTRO DEMOCRÁTICO;16
CIENEGA;Karen Lucia Molano Granados;PARTIDO ALIANZA VERDE;15
CIENEGA;Laura Andrea Bello Porras;PARTIDO ALIANZA VERDE;15
CIENEGA;Olga Yaneth Beltran Dorado;PARTIDO CENTRO DEMOCRÁTICO;15
CIENEGA;Diana Carolina Suarez Muñoz;COALICIÓN PARTIDOS DE LA U - MIRA - COLOMBIA JUSTA LIBRES - ASI;13
CIENEGA;Hector Angel Ortiz Nuñez;PARTIDO CENTRO DEMOCRÁTICO;13
CIENEGA;Jose Fernando Morales Acuña;PARTIDO CONSERVADOR COLOMBIANO;12
CIENEGA;Leidy Alejandra Moreno Sanchez;PACTO HISTÓRICO;11
CIENEGA;Partido Cambio Radical;PARTIDO CAMBIO RADICAL;11
CIENEGA;William Donato Gomez;PARTIDO CENTRO DEMOCRÁTICO;11
CIENEGA;Lupe Isabel Lopez Marquez;PARTIDO CAMBIO RADICAL;10
CIENEGA;Nidia Milena Torres Paez;PARTIDO CENTRO DEMOCRÁTICO;10
CIENEGA;Jorge Ivan Amarillo Giraldo;COALICIÓN PARTIDOS DE LA U - MIRA - COLOMBIA JUSTA LIBRES - ASI;9
CIENEGA;Pedro Jose Suarez Vacca;PACTO HISTÓRICO;9
CIENEGA;Maryory Catherin Ortiz Alvarez;PACTO HISTÓRICO;7
CIENEGA;Carolina Del Pilar Rodriguez Contreras;PACTO HISTÓRICO;6
CIENEGA;Jorge Eliecer Cortes Martinez;PARTIDO LIBERAL COLOMBIANO;6
CIENEGA;Partido Liberal Colombiano;PARTIDO LIBERAL COLOMBIANO;6
CIENEGA;Mayra Alejandra Viancha Sanabria;PARTIDO LIBERAL COLOMBIANO;5
CIENEGA;Cindy Yohana Bohorquez Garzon;PARTIDO CONSERVADOR COLOMBIANO;4
CIENEGA;Jorge Arturo Mayorga Esguerra;COALICIÓN PARTIDOS DE LA U - MIRA - COLOMBIA JUSTA LIBRES - ASI;4
CIENEGA;Pablo Mendoza Vargas;COALICIÓN PARTIDOS DE LA U - MIRA - COLOMBIA JUSTA LIBRES - ASI;4
CIENEGA;Sandro Nestor Condia Perez;PARTIDO LIBERAL COLOMBIANO;4
CIENEGA;Mayda Cecilia Velasquez Rueda;PARTIDO LIBERAL COLOMBIANO;3
CIENEGA;Olga Natalie Manrique Abril;COALICIÓN PARTIDOS DE LA U - MIRA - COLOMBIA JUSTA LIBRES - ASI;3
CIENEGA;Karol Ricardo Ramirez Silva;PACTO HISTÓRICO;2
CIENEGA;Movimiento De Salvación Nacional;MOVIMIENTO DE SALVACIÓN NACIONAL;2
CIENEGA;Partido Político Dignidad;PARTIDO POLÍTICO DIGNIDAD;2
CIENEGA;William Fernando Granados;PARTIDO NUEVO LIBERALISMO;2
CIENEGA;Claudia Beatriz Duarte Acosta;PARTIDO NUEVO LIBERALISMO;1
CIENEGA;Coalición Partidos De La U - Mira - Colombia Justa  Libres - Asi;COALICIÓN PARTIDOS DE LA U - MIRA - COLOMBIA JUSTA LIBRES - ASI;1
CIENEGA;Henry De Jesus Puerto Vasquez;PARTIDO NUEVO LIBERALISMO;1
CIENEGA;Monica Yanneth Quiroga Castillo;PARTIDO CAMBIO RADICAL;1
CIENEGA;Olga Maria Chivata Vargas;PARTIDO NUEVO LIBERALISMO;1
CIENEGA;Partido Nuevo Liberalismo;PARTIDO NUEVO LIBERALISMO;1
COMBITA;Oscar Leonardo Avila Romero;PARTIDO CAMBIO RADICAL;2149
COMBITA;Hector David Chaparro Chaparro;PARTIDO LIBERAL COLOMBIANO;732
COMBITA;Jose Giovany Pinzon Baez;PACTO HISTÓRICO;308
COMBITA;Wilder Ivan Suesca Ochoa;PARTIDO CONSERVADOR COLOMBIANO;211
COMBITA;Hector Angel Ortiz Nuñez;PARTIDO CENTRO DEMOCRÁTICO;160
COMBITA;Jorge Eliecer Cortes Martinez;PARTIDO LIBERAL COLOMBIANO;131
COMBITA;Pedro Jose Suarez Vacca;PACTO HISTÓRICO;127
COMBITA;Jaime Raul Salamanca Torres;PARTIDO ALIANZA VERDE;121
COMBITA;Guillermo Leonardo Sanchez Sanchez;PARTIDO CENTRO DEMOCRÁTICO;96
COMBITA;Ingrid Marlen Sogamoso Alfonso;PARTIDO CONSERVADOR COLOMBIANO;96
COMBITA;Pacto Histórico;PACTO HISTÓRICO;95
COMBITA;Wilmer Yair Castellanos Hernandez;PARTIDO ALIANZA VERDE;81
COMBITA;Pablo Emilio Cepeda Novoa;PARTIDO CAMBIO RADICAL;60
COMBITA;Karen Lucia Molano Granados;PARTIDO ALIANZA VERDE;58
COMBITA;Luis Alejandro Gutierrez Sanabria;PARTIDO ALIANZA VERDE;57
COMBITA;Partido Cambio Radical;PARTIDO CAMBIO RADICAL;39
COMBITA;Jose Dario Mahecha Castillo;PARTIDO CONSERVADOR COLOMBIANO;37
COMBITA;Carolina Del Pilar Rodriguez Contreras;PACTO HISTÓRICO;36
COMBITA;Jairo Enrique Castiblanco Parra;COALICIÓN PARTIDOS DE LA U - MIRA - COLOMBIA JUSTA LIBRES - ASI;35
COMBITA;William Donato Gomez;PARTIDO CENTRO DEMOCRÁTICO;34
COMBITA;German Tiberio Ojeda Pedraza;PARTIDO ALIANZA VERDE;29
COMBITA;Karol Ricardo Ramirez Silva;PACTO HISTÓRICO;28
COMBITA;Partido Alianza Verde;PARTIDO ALIANZA VERDE;27
COMBITA;Jorge Ivan Amarillo Giraldo;COALICIÓN PARTIDOS DE LA U - MIRA - COLOMBIA JUSTA LIBRES - ASI;26
COMBITA;Lupe Isabel Lopez Marquez;PARTIDO CAMBIO RADICAL;26
COMBITA;Wilson Castiblanco Gil;PARTIDO LIBERAL COLOMBIANO;26
COMBITA;Partido Liberal Colombiano;PARTIDO LIBERAL COLOMBIANO;25
COMBITA;Jonatan Sanchez Garavito;PARTIDO CAMBIO RADICAL;24
COMBITA;Olga Yaneth Beltran Dorado;PARTIDO CENTRO DEMOCRÁTICO;18
COMBITA;Maryory Catherin Ortiz Alvarez;PACTO HISTÓRICO;17
COMBITA;Eduar Alexis Triana Rincon;PARTIDO CENTRO DEMOCRÁTICO;15
COMBITA;Nidia Milena Torres Paez;PARTIDO CENTRO DEMOCRÁTICO;13
COMBITA;Luis Guillermo Barrera Gutierrez;PARTIDO CAMBIO RADICAL;12
COMBITA;Diana Carolina Suarez Muñoz;COALICIÓN PARTIDOS DE LA U - MIRA - COLOMBIA JUSTA LIBRES - ASI;11
COMBITA;Laura Andrea Bello Porras;PARTIDO ALIANZA VERDE;11
COMBITA;Leidy Alejandra Moreno Sanchez;PACTO HISTÓRICO;11
COMBITA;Cindy Yohana Bohorquez Garzon;PARTIDO CONSERVADOR COLOMBIANO;10
COMBITA;Partido Centro Democrático;PARTIDO CENTRO DEMOCRÁTICO;10
COMBITA;Olga Natalie Manrique Abril;COALICIÓN PARTIDOS DE LA U - MIRA - COLOMBIA JUSTA LIBRES - ASI;9
COMBITA;Jose Fernando Morales Acuña;PARTIDO CONSERVADOR COLOMBIANO;8
COMBITA;Mayda Cecilia Velasquez Rueda;PARTIDO LIBERAL COLOMBIANO;8
COMBITA;Mayra Alejandra Viancha Sanabria;PARTIDO LIBERAL COLOMBIANO;8
COMBITA;Partido Conservador Colombiano;PARTIDO CONSERVADOR COLOMBIANO;8
COMBITA;Partido Nuevo Liberalismo;PARTIDO NUEVO LIBERALISMO;8
COMBITA;Partido Político Dignidad;PARTIDO POLÍTICO DIGNIDAD;7
COMBITA;Henry De Jesus Puerto Vasquez;PARTIDO NUEVO LIBERALISMO;6
COMBITA;Movimiento De Salvación Nacional;MOVIMIENTO DE SALVACIÓN NACIONAL;6
COMBITA;Monica Yanneth Quiroga Castillo;PARTIDO CAMBIO RADICAL;5
COMBITA;Pablo Mendoza Vargas;COALICIÓN PARTIDOS DE LA U - MIRA - COLOMBIA JUSTA LIBRES - ASI;5
COMBITA;Humphrey Roa Sarmiento;PARTIDO CONSERVADOR COLOMBIANO;4
COMBITA;Jorge Ivan Mina Lasso;CONSEJO COMUNITARIO MANUEL ZAPATA OLIVELLA DE SAN ANTERO;4
COMBITA;Sandro Nestor Condia Perez;PARTIDO LIBERAL COLOMBIANO;4
COMBITA;Olga Maria Chivata Vargas;PARTIDO NUEVO LIBERALISMO;3
COMBITA;Coalición Partidos De La U - Mira - Colombia Justa  Libres - Asi;COALICIÓN PARTIDOS DE LA U - MIRA - COLOMBIA JUSTA LIBRES - ASI;2
COMBITA;Jorge Arturo Mayorga Esguerra;COALICIÓN PARTIDOS DE LA U - MIRA - COLOMBIA JUSTA LIBRES - ASI;2
COMBITA;William Fernando Granados;PARTIDO NUEVO LIBERALISMO;2
COMBITA;Consejo Comunitario De Comunidades Negras De Campo  Hermoso;CONSEJO COMUNITARIO DE COMUNIDADES NEGRAS DE CAMPO HERMOSO;1
COMBITA;Luis Alberto Palacios Morales;CONSEJO COMUNITARIO MAYOR DE CERTEGUI;1
COMBITA;Maria Yolanda Figueroa Celis;PARTIDO INDÍGENA COLOMBIANO P.I.C;1
COMBITA;Somos Identidad;SOMOS IDENTIDAD;1
COPER;Eduar Alexis Triana Rincon;PARTIDO CENTRO DEMOCRÁTICO;650
COPER;Hector Angel Ortiz Nuñez;PARTIDO CENTRO DEMOCRÁTICO;225
COPER;Humphrey Roa Sarmiento;PARTIDO CONSERVADOR COLOMBIANO;69
COPER;Jaime Raul Salamanca Torres;PARTIDO ALIANZA VERDE;60
COPER;Jonatan Sanchez Garavito;PARTIDO CAMBIO RADICAL;38
COPER;Wilmer Yair Castellanos Hernandez;PARTIDO ALIANZA VERDE;38
COPER;Olga Yaneth Beltran Dorado;PARTIDO CENTRO DEMOCRÁTICO;24
COPER;Pedro Jose Suarez Vacca;PACTO HISTÓRICO;17
COPER;Hector David Chaparro Chaparro;PARTIDO LIBERAL COLOMBIANO;15
COPER;Partido Centro Democrático;PARTIDO CENTRO DEMOCRÁTICO;15
COPER;Jose Dario Mahecha Castillo;PARTIDO CONSERVADOR COLOMBIANO;13
COPER;Maryory Catherin Ortiz Alvarez;PACTO HISTÓRICO;13
COPER;Pablo Emilio Cepeda Novoa;PARTIDO CAMBIO RADICAL;11
COPER;Ingrid Marlen Sogamoso Alfonso;PARTIDO CONSERVADOR COLOMBIANO;10
COPER;German Tiberio Ojeda Pedraza;PARTIDO ALIANZA VERDE;8
COPER;Jose Fernando Morales Acuña;PARTIDO CONSERVADOR COLOMBIANO;8
COPER;Wilder Ivan Suesca Ochoa;PARTIDO CONSERVADOR COLOMBIANO;8
COPER;Pacto Histórico;PACTO HISTÓRICO;7
COPER;Jose Giovany Pinzon Baez;PACTO HISTÓRICO;5
COPER;Karen Lucia Molano Granados;PARTIDO ALIANZA VERDE;5
COPER;Oscar Leonardo Avila Romero;PARTIDO CAMBIO RADICAL;4
COPER;Partido Conservador Colombiano;PARTIDO CONSERVADOR COLOMBIANO;4
COPER;Wilson Castiblanco Gil;PARTIDO LIBERAL COLOMBIANO;4
COPER;Carolina Del Pilar Rodriguez Contreras;PACTO HISTÓRICO;3
COPER;Coalición Partidos De La U - Mira - Colombia Justa  Libres - Asi;COALICIÓN PARTIDOS DE LA U - MIRA - COLOMBIA JUSTA LIBRES - ASI;3
COPER;Guillermo Leonardo Sanchez Sanchez;PARTIDO CENTRO DEMOCRÁTICO;3
COPER;Monica Yanneth Quiroga Castillo;PARTIDO CAMBIO RADICAL;3
COPER;Sandro Nestor Condia Perez;PARTIDO LIBERAL COLOMBIANO;3
COPER;Cindy Yohana Bohorquez Garzon;PARTIDO CONSERVADOR COLOMBIANO;2
COPER;Diana Carolina Suarez Muñoz;COALICIÓN PARTIDOS DE LA U - MIRA - COLOMBIA JUSTA LIBRES - ASI;2
COPER;Fernando Ríos Hidalgo;FERNANDO RÍOS HIDALGO;2
COPER;Jairo Enrique Castiblanco Parra;COALICIÓN PARTIDOS DE LA U - MIRA - COLOMBIA JUSTA LIBRES - ASI;2
COPER;Jorge Arturo Mayorga Esguerra;COALICIÓN PARTIDOS DE LA U - MIRA - COLOMBIA JUSTA LIBRES - ASI;2
COPER;Leidy Alejandra Moreno Sanchez;PACTO HISTÓRICO;2
COPER;Lupe Isabel Lopez Marquez;PARTIDO CAMBIO RADICAL;2
COPER;Mayda Cecilia Velasquez Rueda;PARTIDO LIBERAL COLOMBIANO;2
COPER;Partido Alianza Verde;PARTIDO ALIANZA VERDE;2
COPER;William Fernando Granados;PARTIDO NUEVO LIBERALISMO;2
COPER;Jorge Eliecer Cortes Martinez;PARTIDO LIBERAL COLOMBIANO;1
COPER;Jorge Ivan Amarillo Giraldo;COALICIÓN PARTIDOS DE LA U - MIRA - COLOMBIA JUSTA LIBRES - ASI;1
COPER;Luis Alejandro Gutierrez Sanabria;PARTIDO ALIANZA VERDE;1
COPER;Movimiento De Salvación Nacional;MOVIMIENTO DE SALVACIÓN NACIONAL;1
COPER;Nidia Milena Torres Paez;PARTIDO CENTRO DEMOCRÁTICO;1
COPER;Partido Liberal Colombiano;PARTIDO LIBERAL COLOMBIANO;1
COPER;Partido Nuevo Liberalismo;PARTIDO NUEVO LIBERALISMO;1
COPER;Partido Político Dignidad;PARTIDO POLÍTICO DIGNIDAD;1
COPER;William Donato Gomez;PARTIDO CENTRO DEMOCRÁTICO;1
CORRALES;Jose Fernando Morales Acuña;PARTIDO CONSERVADOR COLOMBIANO;201
CORRALES;Hector David Chaparro Chaparro;PARTIDO LIBERAL COLOMBIANO;135
CORRALES;Wilmer Yair Castellanos Hernandez;PARTIDO ALIANZA VERDE;118
CORRALES;Jose Giovany Pinzon Baez;PACTO HISTÓRICO;93
CORRALES;Jaime Raul Salamanca Torres;PARTIDO ALIANZA VERDE;52
CORRALES;Pacto Histórico;PACTO HISTÓRICO;47
CORRALES;Karen Lucia Molano Granados;PARTIDO ALIANZA VERDE;31
CORRALES;Luis Guillermo Barrera Gutierrez;PARTIDO CAMBIO RADICAL;26
CORRALES;Ingrid Marlen Sogamoso Alfonso;PARTIDO CONSERVADOR COLOMBIANO;20
CORRALES;Karol Ricardo Ramirez Silva;PACTO HISTÓRICO;19
CORRALES;German Tiberio Ojeda Pedraza;PARTIDO ALIANZA VERDE;18
CORRALES;Partido Conservador Colombiano;PARTIDO CONSERVADOR COLOMBIANO;17
CORRALES;Pedro Jose Suarez Vacca;PACTO HISTÓRICO;15
CORRALES;Leidy Alejandra Moreno Sanchez;PACTO HISTÓRICO;14
CORRALES;Wilder Ivan Suesca Ochoa;PARTIDO CONSERVADOR COLOMBIANO;14
CORRALES;Jorge Eliecer Cortes Martinez;PARTIDO LIBERAL COLOMBIANO;13
CORRALES;Maryory Catherin Ortiz Alvarez;PACTO HISTÓRICO;13
CORRALES;Partido Alianza Verde;PARTIDO ALIANZA VERDE;13
CORRALES;Guillermo Leonardo Sanchez Sanchez;PARTIDO CENTRO DEMOCRÁTICO;11
CORRALES;Laura Andrea Bello Porras;PARTIDO ALIANZA VERDE;10
CORRALES;Jose Dario Mahecha Castillo;PARTIDO CONSERVADOR COLOMBIANO;9
CORRALES;Luis Alejandro Gutierrez Sanabria;PARTIDO ALIANZA VERDE;8
CORRALES;Hector Angel Ortiz Nuñez;PARTIDO CENTRO DEMOCRÁTICO;7
CORRALES;Humphrey Roa Sarmiento;PARTIDO CONSERVADOR COLOMBIANO;7
CORRALES;Jorge Ivan Amarillo Giraldo;COALICIÓN PARTIDOS DE LA U - MIRA - COLOMBIA JUSTA LIBRES - ASI;7
CORRALES;Carolina Del Pilar Rodriguez Contreras;PACTO HISTÓRICO;6
CORRALES;Cindy Yohana Bohorquez Garzon;PARTIDO CONSERVADOR COLOMBIANO;6
CORRALES;Jairo Enrique Castiblanco Parra;COALICIÓN PARTIDOS DE LA U - MIRA - COLOMBIA JUSTA LIBRES - ASI;6
CORRALES;Jonatan Sanchez Garavito;PARTIDO CAMBIO RADICAL;6
CORRALES;Olga Natalie Manrique Abril;COALICIÓN PARTIDOS DE LA U - MIRA - COLOMBIA JUSTA LIBRES - ASI;6
CORRALES;Oscar Leonardo Avila Romero;PARTIDO CAMBIO RADICAL;6
CORRALES;Partido Liberal Colombiano;PARTIDO LIBERAL COLOMBIANO;6
CORRALES;Wilson Castiblanco Gil;PARTIDO LIBERAL COLOMBIANO;6
CORRALES;Olga Yaneth Beltran Dorado;PARTIDO CENTRO DEMOCRÁTICO;5
CORRALES;Partido Centro Democrático;PARTIDO CENTRO DEMOCRÁTICO;5
CORRALES;Sandro Nestor Condia Perez;PARTIDO LIBERAL COLOMBIANO;5
CORRALES;Mayda Cecilia Velasquez Rueda;PARTIDO LIBERAL COLOMBIANO;4
CORRALES;Diana Carolina Suarez Muñoz;COALICIÓN PARTIDOS DE LA U - MIRA - COLOMBIA JUSTA LIBRES - ASI;3
CORRALES;Jorge Arturo Mayorga Esguerra;COALICIÓN PARTIDOS DE LA U - MIRA - COLOMBIA JUSTA LIBRES - ASI;3
CORRALES;Monica Yanneth Quiroga Castillo;PARTIDO CAMBIO RADICAL;3
CORRALES;Pablo Emilio Cepeda Novoa;PARTIDO CAMBIO RADICAL;3
CORRALES;Partido Cambio Radical;PARTIDO CAMBIO RADICAL;3
CORRALES;Partido Nuevo Liberalismo;PARTIDO NUEVO LIBERALISMO;3
CORRALES;William Donato Gomez;PARTIDO CENTRO DEMOCRÁTICO;3
CORRALES;Claudia Beatriz Duarte Acosta;PARTIDO NUEVO LIBERALISMO;2
CORRALES;Lupe Isabel Lopez Marquez;PARTIDO CAMBIO RADICAL;2
CORRALES;Mayra Alejandra Viancha Sanabria;PARTIDO LIBERAL COLOMBIANO;2
CORRALES;Olga Maria Chivata Vargas;PARTIDO NUEVO LIBERALISMO;2
CORRALES;Pablo Mendoza Vargas;COALICIÓN PARTIDOS DE LA U - MIRA - COLOMBIA JUSTA LIBRES - ASI;2
CORRALES;Coalición Partidos De La U - Mira - Colombia Justa  Libres - Asi;COALICIÓN PARTIDOS DE LA U - MIRA - COLOMBIA JUSTA LIBRES - ASI;1
CORRALES;Consejo Comunitario De Comunidades Negras De Guaya Bal;CONSEJO COMUNITARIO DE COMUNIDADES NEGRAS DE GUAYABAL;1
CORRALES;Eduar Alexis Triana Rincon;PARTIDO CENTRO DEMOCRÁTICO;1
CORRALES;Fernando Ríos Hidalgo;FERNANDO RÍOS HIDALGO;1
CORRALES;Henry De Jesus Puerto Vasquez;PARTIDO NUEVO LIBERALISMO;1
CORRALES;Jorge Ivan Mina Lasso;CONSEJO COMUNITARIO MANUEL ZAPATA OLIVELLA DE SAN ANTERO;1
CORRALES;Raymond Smith Palomeque Pino;CONSEJO COMUNITARIO MAYOR DE CERTEGUI;1
CORRALES;William Fernando Granados;PARTIDO NUEVO LIBERALISMO;1
COVARACHIA;Jaime Raul Salamanca Torres;PARTIDO ALIANZA VERDE;168
COVARACHIA;Wilmer Yair Castellanos Hernandez;PARTIDO ALIANZA VERDE;104
COVARACHIA;Hector David Chaparro Chaparro;PARTIDO LIBERAL COLOMBIANO;81
COVARACHIA;Jonatan Sanchez Garavito;PARTIDO CAMBIO RADICAL;50
COVARACHIA;Hector Angel Ortiz Nuñez;PARTIDO CENTRO DEMOCRÁTICO;45
COVARACHIA;Jose Giovany Pinzon Baez;PACTO HISTÓRICO;33
COVARACHIA;German Tiberio Ojeda Pedraza;PARTIDO ALIANZA VERDE;30
COVARACHIA;Jairo Enrique Castiblanco Parra;COALICIÓN PARTIDOS DE LA U - MIRA - COLOMBIA JUSTA LIBRES - ASI;28
COVARACHIA;Guillermo Leonardo Sanchez Sanchez;PARTIDO CENTRO DEMOCRÁTICO;27
COVARACHIA;Partido Alianza Verde;PARTIDO ALIANZA VERDE;27
COVARACHIA;Luis Guillermo Barrera Gutierrez;PARTIDO CAMBIO RADICAL;25
COVARACHIA;Ingrid Marlen Sogamoso Alfonso;PARTIDO CONSERVADOR COLOMBIANO;20
COVARACHIA;Olga Yaneth Beltran Dorado;PARTIDO CENTRO DEMOCRÁTICO;18
COVARACHIA;Laura Andrea Bello Porras;PARTIDO ALIANZA VERDE;14
COVARACHIA;Guillermo Alfredo Rodriguez Quispe;"MOVIMIENTO AUTORIDADES INDÍGENAS DE COLOMBIA ""AICO""";13
COVARACHIA;Diana Carolina Suarez Muñoz;COALICIÓN PARTIDOS DE LA U - MIRA - COLOMBIA JUSTA LIBRES - ASI;11
COVARACHIA;Jorge Ivan Amarillo Giraldo;COALICIÓN PARTIDOS DE LA U - MIRA - COLOMBIA JUSTA LIBRES - ASI;11
COVARACHIA;Karen Lucia Molano Granados;PARTIDO ALIANZA VERDE;10
COVARACHIA;Pablo Emilio Cepeda Novoa;PARTIDO CAMBIO RADICAL;9
COVARACHIA;Cindy Yohana Bohorquez Garzon;PARTIDO CONSERVADOR COLOMBIANO;8
COVARACHIA;Jose Dario Mahecha Castillo;PARTIDO CONSERVADOR COLOMBIANO;8
COVARACHIA;Mayda Cecilia Velasquez Rueda;PARTIDO LIBERAL COLOMBIANO;8
COVARACHIA;Monica Yanneth Quiroga Castillo;PARTIDO CAMBIO RADICAL;8
COVARACHIA;Pacto Histórico;PACTO HISTÓRICO;8
COVARACHIA;Sandro Nestor Condia Perez;PARTIDO LIBERAL COLOMBIANO;8
COVARACHIA;Humphrey Roa Sarmiento;PARTIDO CONSERVADOR COLOMBIANO;7
COVARACHIA;Jorge Eliecer Cortes Martinez;PARTIDO LIBERAL COLOMBIANO;7
COVARACHIA;Eduar Alexis Triana Rincon;PARTIDO CENTRO DEMOCRÁTICO;6
COVARACHIA;Jose Fernando Morales Acuña;PARTIDO CONSERVADOR COLOMBIANO;6
COVARACHIA;Luis Alejandro Gutierrez Sanabria;PARTIDO ALIANZA VERDE;6
COVARACHIA;Lupe Isabel Lopez Marquez;PARTIDO CAMBIO RADICAL;6
COVARACHIA;Partido Cambio Radical;PARTIDO CAMBIO RADICAL;6
COVARACHIA;Partido Centro Democrático;PARTIDO CENTRO DEMOCRÁTICO;6
COVARACHIA;Partido Conservador Colombiano;PARTIDO CONSERVADOR COLOMBIANO;6
COVARACHIA;William Donato Gomez;PARTIDO CENTRO DEMOCRÁTICO;6
COVARACHIA;Coalición Partidos De La U - Mira - Colombia Justa  Libres - Asi;COALICIÓN PARTIDOS DE LA U - MIRA - COLOMBIA JUSTA LIBRES - ASI;5
COVARACHIA;Nidia Milena Torres Paez;PARTIDO CENTRO DEMOCRÁTICO;5
COVARACHIA;Olga Natalie Manrique Abril;COALICIÓN PARTIDOS DE LA U - MIRA - COLOMBIA JUSTA LIBRES - ASI;5
COVARACHIA;Pedro Jose Suarez Vacca;PACTO HISTÓRICO;5
COVARACHIA;Wilder Ivan Suesca Ochoa;PARTIDO CONSERVADOR COLOMBIANO;5
COVARACHIA;Wilson Castiblanco Gil;PARTIDO LIBERAL COLOMBIANO;5
COVARACHIA;Maryory Catherin Ortiz Alvarez;PACTO HISTÓRICO;4
COVARACHIA;Partido Liberal Colombiano;PARTIDO LIBERAL COLOMBIANO;4
COVARACHIA;Jorge Arturo Mayorga Esguerra;COALICIÓN PARTIDOS DE LA U - MIRA - COLOMBIA JUSTA LIBRES - ASI;3
COVARACHIA;Oscar Leonardo Avila Romero;PARTIDO CAMBIO RADICAL;3
COVARACHIA;Carolina Del Pilar Rodriguez Contreras;PACTO HISTÓRICO;2
COVARACHIA;Mayra Alejandra Viancha Sanabria;PARTIDO LIBERAL COLOMBIANO;2
COVARACHIA;Olga Maria Chivata Vargas;PARTIDO NUEVO LIBERALISMO;2
COVARACHIA;Partido Nuevo Liberalismo;PARTIDO NUEVO LIBERALISMO;2
COVARACHIA;Partido Político Dignidad;PARTIDO POLÍTICO DIGNIDAD;2
COVARACHIA;Leidy Alejandra Moreno Sanchez;PACTO HISTÓRICO;1
COVARACHIA;Movimiento De Salvación Nacional;MOVIMIENTO DE SALVACIÓN NACIONAL;1
COVARACHIA;Nicolas Alberto Palacio Delgado;CONSEJO COMUNITARIO UNIÓN PATÍA VIEJO;1
COVARACHIA;Pablo Mendoza Vargas;COALICIÓN PARTIDOS DE LA U - MIRA - COLOMBIA JUSTA LIBRES - ASI;1
COVARACHIA;William Fernando Granados;PARTIDO NUEVO LIBERALISMO;1
CUBARA;Jaime Raul Salamanca Torres;PARTIDO ALIANZA VERDE;288
CUBARA;Hector David Chaparro Chaparro;PARTIDO LIBERAL COLOMBIANO;274
CUBARA;Wilmer Yair Castellanos Hernandez;PARTIDO ALIANZA VERDE;269
CUBARA;Jairo Enrique Castiblanco Parra;COALICIÓN PARTIDOS DE LA U - MIRA - COLOMBIA JUSTA LIBRES - ASI;108
CUBARA;Wilson Castiblanco Gil;PARTIDO LIBERAL COLOMBIANO;71
CUBARA;Pacto Histórico;PACTO HISTÓRICO;65
CUBARA;Pedro Jose Suarez Vacca;PACTO HISTÓRICO;52
CUBARA;Ingrid Marlen Sogamoso Alfonso;PARTIDO CONSERVADOR COLOMBIANO;50
CUBARA;Juvenal Arrieta Gonzalez;"MOVIMIENTO ALTERNATIVO INDÍGENA SOCIAL ""MAIS""";47
CUBARA;Jose Giovany Pinzon Baez;PACTO HISTÓRICO;45
CUBARA;"Movimiento Alternativo Indígena Social ""Mais""";"MOVIMIENTO ALTERNATIVO INDÍGENA SOCIAL ""MAIS""";40
CUBARA;Partido Alianza Verde;PARTIDO ALIANZA VERDE;40
CUBARA;Guillermo Leonardo Sanchez Sanchez;PARTIDO CENTRO DEMOCRÁTICO;38
CUBARA;Hector Angel Ortiz Nuñez;PARTIDO CENTRO DEMOCRÁTICO;31
CUBARA;Partido Liberal Colombiano;PARTIDO LIBERAL COLOMBIANO;31
CUBARA;German Tiberio Ojeda Pedraza;PARTIDO ALIANZA VERDE;28
CUBARA;Olga Yaneth Beltran Dorado;PARTIDO CENTRO DEMOCRÁTICO;18
CUBARA;Karen Lucia Molano Granados;PARTIDO ALIANZA VERDE;12
CUBARA;Maryory Catherin Ortiz Alvarez;PACTO HISTÓRICO;12
CUBARA;Wilder Ivan Suesca Ochoa;PARTIDO CONSERVADOR COLOMBIANO;12
CUBARA;Carolina Del Pilar Rodriguez Contreras;PACTO HISTÓRICO;11
CUBARA;Jorge Eliecer Cortes Martinez;PARTIDO LIBERAL COLOMBIANO;10
CUBARA;Jose Dario Mahecha Castillo;PARTIDO CONSERVADOR COLOMBIANO;10
CUBARA;Norman David Bañol Alvarez;"MOVIMIENTO ALTERNATIVO INDÍGENA SOCIAL ""MAIS""";10
CUBARA;Coalición Partidos De La U - Mira - Colombia Justa  Libres - Asi;COALICIÓN PARTIDOS DE LA U - MIRA - COLOMBIA JUSTA LIBRES - ASI;9
CUBARA;Mayda Cecilia Velasquez Rueda;PARTIDO LIBERAL COLOMBIANO;9
CUBARA;Mayra Alejandra Viancha Sanabria;PARTIDO LIBERAL COLOMBIANO;9
CUBARA;Monica Yanneth Quiroga Castillo;PARTIDO CAMBIO RADICAL;9
CUBARA;Partido Centro Democrático;PARTIDO CENTRO DEMOCRÁTICO;9
CUBARA;Partido Nuevo Liberalismo;PARTIDO NUEVO LIBERALISMO;9
CUBARA;Cindy Yohana Bohorquez Garzon;PARTIDO CONSERVADOR COLOMBIANO;8
CUBARA;Sandro Nestor Condia Perez;PARTIDO LIBERAL COLOMBIANO;8
CUBARA;Eduar Alexis Triana Rincon;PARTIDO CENTRO DEMOCRÁTICO;7
CUBARA;Laura Andrea Bello Porras;PARTIDO ALIANZA VERDE;7
CUBARA;Pablo Mendoza Vargas;COALICIÓN PARTIDOS DE LA U - MIRA - COLOMBIA JUSTA LIBRES - ASI;7
CUBARA;William Donato Gomez;PARTIDO CENTRO DEMOCRÁTICO;7
CUBARA;Leidy Alejandra Moreno Sanchez;PACTO HISTÓRICO;6
CUBARA;Jonatan Sanchez Garavito;PARTIDO CAMBIO RADICAL;5
CUBARA;Jose Fernando Morales Acuña;PARTIDO CONSERVADOR COLOMBIANO;5
CUBARA;Luis Alejandro Gutierrez Sanabria;PARTIDO ALIANZA VERDE;5
CUBARA;Partido Conservador Colombiano;PARTIDO CONSERVADOR COLOMBIANO;5
CUBARA;Diana Carolina Suarez Muñoz;COALICIÓN PARTIDOS DE LA U - MIRA - COLOMBIA JUSTA LIBRES - ASI;4
CUBARA;Humphrey Roa Sarmiento;PARTIDO CONSERVADOR COLOMBIANO;4
CUBARA;Lupe Isabel Lopez Marquez;PARTIDO CAMBIO RADICAL;4
CUBARA;Nidia Milena Torres Paez;PARTIDO CENTRO DEMOCRÁTICO;4
CUBARA;Olga Natalie Manrique Abril;COALICIÓN PARTIDOS DE LA U - MIRA - COLOMBIA JUSTA LIBRES - ASI;4
CUBARA;Cenobia Torcuato Caicedo;"MOVIMIENTO ALTERNATIVO INDÍGENA SOCIAL ""MAIS""";3
CUBARA;Consejo Comunitario La Voz De Los Negros;CONSEJO COMUNITARIO LA VOZ DE LOS NEGROS;3
CUBARA;Jorge Arturo Mayorga Esguerra;COALICIÓN PARTIDOS DE LA U - MIRA - COLOMBIA JUSTA LIBRES - ASI;3
CUBARA;Karol Ricardo Ramirez Silva;PACTO HISTÓRICO;3
CUBARA;Oscar Leonardo Avila Romero;PARTIDO CAMBIO RADICAL;3
CUBARA;Pablo Emilio Cepeda Novoa;PARTIDO CAMBIO RADICAL;3
CUBARA;Consejo Comunitario Afrozabaletas;CONSEJO COMUNITARIO AFROZABALETAS;2
CUBARA;Luis Guillermo Barrera Gutierrez;PARTIDO CAMBIO RADICAL;2
CUBARA;Movimiento De Salvación Nacional;MOVIMIENTO DE SALVACIÓN NACIONAL;2
CUBARA;Olga Maria Chivata Vargas;PARTIDO NUEVO LIBERALISMO;2
CUBARA;Cabildo Indígena Aywjawashi;CABILDO INDÍGENA AYWJAWASHI;1
CUBARA;Camilo Rivera Soto;CONSEJO COMUNITARIO AFROZABALETAS;1
CUBARA;Consejo Comunitario Alto Paraíso;CONSEJO COMUNITARIO ALTO PARAÍSO;1
CUBARA;Consejo Comunitario Bocas De Taparal;CONSEJO COMUNITARIO BOCAS DE TAPARAL;1
CUBARA;Dualter Gutierrez Cabiche;"MOVIMIENTO AUTORIDADES INDÍGENAS DE COLOMBIA ""AICO""";1
CUBARA;Fernando Ríos Hidalgo;FERNANDO RÍOS HIDALGO;1
CUBARA;Henry De Jesus Puerto Vasquez;PARTIDO NUEVO LIBERALISMO;1
CUBARA;Isaias Arias Aragon;CONSEJO COMUNITARIO MAYOR DE CERTEGUI;1
CUBARA;Jorge Ivan Amarillo Giraldo;COALICIÓN PARTIDOS DE LA U - MIRA - COLOMBIA JUSTA LIBRES - ASI;1
CUBARA;Maria Yolanda Figueroa Celis;PARTIDO INDÍGENA COLOMBIANO P.I.C;1
CUBARA;"Movimiento Autoridades Indígenas De Colombia ""Aico """;"MOVIMIENTO AUTORIDADES INDÍGENAS DE COLOMBIA ""AICO""";1
CUBARA;Partido Cambio Radical;PARTIDO CAMBIO RADICAL;1
CUBARA;Salomon Rafael Ruiz Bertel;CABILDO INDÍGENA AYWJAWASHI;1
CUBARA;William Fernando Granados;PARTIDO NUEVO LIBERALISMO;1
CUCAITA;Wilson Castiblanco Gil;PARTIDO LIBERAL COLOMBIANO;343
CUCAITA;Wilmer Yair Castellanos Hernandez;PARTIDO ALIANZA VERDE;124
CUCAITA;Luis Alejandro Gutierrez Sanabria;PARTIDO ALIANZA VERDE;99
CUCAITA;Jaime Raul Salamanca Torres;PARTIDO ALIANZA VERDE;94
CUCAITA;Pedro Jose Suarez Vacca;PACTO HISTÓRICO;85
CUCAITA;Jose Giovany Pinzon Baez;PACTO HISTÓRICO;81
CUCAITA;Hector David Chaparro Chaparro;PARTIDO LIBERAL COLOMBIANO;78
CUCAITA;Jairo Enrique Castiblanco Parra;COALICIÓN PARTIDOS DE LA U - MIRA - COLOMBIA JUSTA LIBRES - ASI;64
CUCAITA;Ingrid Marlen Sogamoso Alfonso;PARTIDO CONSERVADOR COLOMBIANO;58
CUCAITA;Pacto Histórico;PACTO HISTÓRICO;45
CUCAITA;German Tiberio Ojeda Pedraza;PARTIDO ALIANZA VERDE;43
CUCAITA;Jorge Eliecer Cortes Martinez;PARTIDO LIBERAL COLOMBIANO;37
CUCAITA;Wilder Ivan Suesca Ochoa;PARTIDO CONSERVADOR COLOMBIANO;33
CUCAITA;Partido Alianza Verde;PARTIDO ALIANZA VERDE;23
CUCAITA;Maryory Catherin Ortiz Alvarez;PACTO HISTÓRICO;20
CUCAITA;Luis Guillermo Barrera Gutierrez;PARTIDO CAMBIO RADICAL;19
CUCAITA;Hector Angel Ortiz Nuñez;PARTIDO CENTRO DEMOCRÁTICO;17
CUCAITA;Pablo Emilio Cepeda Novoa;PARTIDO CAMBIO RADICAL;17
CUCAITA;Guillermo Leonardo Sanchez Sanchez;PARTIDO CENTRO DEMOCRÁTICO;16
CUCAITA;Oscar Leonardo Avila Romero;PARTIDO CAMBIO RADICAL;15
CUCAITA;Laura Andrea Bello Porras;PARTIDO ALIANZA VERDE;12
CUCAITA;Jose Dario Mahecha Castillo;PARTIDO CONSERVADOR COLOMBIANO;11
CUCAITA;Carolina Del Pilar Rodriguez Contreras;PACTO HISTÓRICO;8
CUCAITA;Diana Carolina Suarez Muñoz;COALICIÓN PARTIDOS DE LA U - MIRA - COLOMBIA JUSTA LIBRES - ASI;8
CUCAITA;Eduar Alexis Triana Rincon;PARTIDO CENTRO DEMOCRÁTICO;8
CUCAITA;Karen Lucia Molano Granados;PARTIDO ALIANZA VERDE;8
CUCAITA;Olga Yaneth Beltran Dorado;PARTIDO CENTRO DEMOCRÁTICO;8
CUCAITA;Partido Centro Democrático;PARTIDO CENTRO DEMOCRÁTICO;8
CUCAITA;Partido Liberal Colombiano;PARTIDO LIBERAL COLOMBIANO;8
CUCAITA;William Fernando Granados;PARTIDO NUEVO LIBERALISMO;8
CUCAITA;Mayda Cecilia Velasquez Rueda;PARTIDO LIBERAL COLOMBIANO;7
CUCAITA;Partido Conservador Colombiano;PARTIDO CONSERVADOR COLOMBIANO;7
CUCAITA;Jonatan Sanchez Garavito;PARTIDO CAMBIO RADICAL;6
CUCAITA;Karol Ricardo Ramirez Silva;PACTO HISTÓRICO;6
CUCAITA;Leidy Alejandra Moreno Sanchez;PACTO HISTÓRICO;6
CUCAITA;Cindy Yohana Bohorquez Garzon;PARTIDO CONSERVADOR COLOMBIANO;5
CUCAITA;Partido Político Dignidad;PARTIDO POLÍTICO DIGNIDAD;5
CUCAITA;Humphrey Roa Sarmiento;PARTIDO CONSERVADOR COLOMBIANO;4
CUCAITA;Mayra Alejandra Viancha Sanabria;PARTIDO LIBERAL COLOMBIANO;4
CUCAITA;Olga Natalie Manrique Abril;COALICIÓN PARTIDOS DE LA U - MIRA - COLOMBIA JUSTA LIBRES - ASI;4
CUCAITA;Partido Nuevo Liberalismo;PARTIDO NUEVO LIBERALISMO;4
CUCAITA;William Donato Gomez;PARTIDO CENTRO DEMOCRÁTICO;4
CUCAITA;Coalición Partidos De La U - Mira - Colombia Justa  Libres - Asi;COALICIÓN PARTIDOS DE LA U - MIRA - COLOMBIA JUSTA LIBRES - ASI;3
CUCAITA;Olga Maria Chivata Vargas;PARTIDO NUEVO LIBERALISMO;3
CUCAITA;Ali Bantu Ashanti;C.C LA TOMA;2
CUCAITA;Jorge Arturo Mayorga Esguerra;COALICIÓN PARTIDOS DE LA U - MIRA - COLOMBIA JUSTA LIBRES - ASI;2
CUCAITA;Jorge Ivan Amarillo Giraldo;COALICIÓN PARTIDOS DE LA U - MIRA - COLOMBIA JUSTA LIBRES - ASI;2
CUCAITA;Jose Fernando Morales Acuña;PARTIDO CONSERVADOR COLOMBIANO;2
CUCAITA;Lupe Isabel Lopez Marquez;PARTIDO CAMBIO RADICAL;2
CUCAITA;Monica Yanneth Quiroga Castillo;PARTIDO CAMBIO RADICAL;2
CUCAITA;Sandro Nestor Condia Perez;PARTIDO LIBERAL COLOMBIANO;2
CUCAITA;Ariel Rosebel Palacios Angulo;C.C LA TOMA;1
CUCAITA;C.C La Toma;C.C LA TOMA;1
CUCAITA;Claudia Beatriz Duarte Acosta;PARTIDO NUEVO LIBERALISMO;1
CUCAITA;Consejo Comunitario Mayor De Casimiro;CONSEJO COMUNITARIO MAYOR DE CASIMIRO;1
CUCAITA;Ermes Rafael Urzola De La Barrera;ASOCIACIÓN NACIONAL DE CABILDOS Y AUTORIDADES INDÍGENAS EN COLOMBIA ANICOL;1
CUCAITA;Henry De Jesus Puerto Vasquez;PARTIDO NUEVO LIBERALISMO;1
CUCAITA;Nidia Milena Torres Paez;PARTIDO CENTRO DEMOCRÁTICO;1
CUCAITA;Partido Cambio Radical;PARTIDO CAMBIO RADICAL;1
CUITIVA;Karol Ricardo Ramirez Silva;PACTO HISTÓRICO;119
CUITIVA;Luis Guillermo Barrera Gutierrez;PARTIDO CAMBIO RADICAL;73
CUITIVA;Oscar Leonardo Avila Romero;PARTIDO CAMBIO RADICAL;52
CUITIVA;Hector David Chaparro Chaparro;PARTIDO LIBERAL COLOMBIANO;43
CUITIVA;German Tiberio Ojeda Pedraza;PARTIDO ALIANZA VERDE;35
CUITIVA;Jose Giovany Pinzon Baez;PACTO HISTÓRICO;24
CUITIVA;Humphrey Roa Sarmiento;PARTIDO CONSERVADOR COLOMBIANO;21
CUITIVA;Hector Angel Ortiz Nuñez;PARTIDO CENTRO DEMOCRÁTICO;20
CUITIVA;Jaime Raul Salamanca Torres;PARTIDO ALIANZA VERDE;20
CUITIVA;Jonatan Sanchez Garavito;PARTIDO CAMBIO RADICAL;20
CUITIVA;Luis Alejandro Gutierrez Sanabria;PARTIDO ALIANZA VERDE;17
CUITIVA;Jorge Ivan Amarillo Giraldo;COALICIÓN PARTIDOS DE LA U - MIRA - COLOMBIA JUSTA LIBRES - ASI;16
CUITIVA;Ingrid Marlen Sogamoso Alfonso;PARTIDO CONSERVADOR COLOMBIANO;15
CUITIVA;William Donato Gomez;PARTIDO CENTRO DEMOCRÁTICO;15
CUITIVA;Wilmer Yair Castellanos Hernandez;PARTIDO ALIANZA VERDE;14
CUITIVA;Pacto Histórico;PACTO HISTÓRICO;13
CUITIVA;Pedro Jose Suarez Vacca;PACTO HISTÓRICO;12
CUITIVA;Partido Conservador Colombiano;PARTIDO CONSERVADOR COLOMBIANO;11
CUITIVA;Sandro Nestor Condia Perez;PARTIDO LIBERAL COLOMBIANO;11
CUITIVA;Cindy Yohana Bohorquez Garzon;PARTIDO CONSERVADOR COLOMBIANO;9
CUITIVA;Jairo Enrique Castiblanco Parra;COALICIÓN PARTIDOS DE LA U - MIRA - COLOMBIA JUSTA LIBRES - ASI;9
CUITIVA;Partido Alianza Verde;PARTIDO ALIANZA VERDE;9
CUITIVA;Karen Lucia Molano Granados;PARTIDO ALIANZA VERDE;7
CUITIVA;Henry De Jesus Puerto Vasquez;PARTIDO NUEVO LIBERALISMO;6
CUITIVA;Partido Liberal Colombiano;PARTIDO LIBERAL COLOMBIANO;6
CUITIVA;Carolina Del Pilar Rodriguez Contreras;PACTO HISTÓRICO;5
CUITIVA;Jose Fernando Morales Acuña;PARTIDO CONSERVADOR COLOMBIANO;5
CUITIVA;Leidy Alejandra Moreno Sanchez;PACTO HISTÓRICO;5
CUITIVA;Maryory Catherin Ortiz Alvarez;PACTO HISTÓRICO;5
CUITIVA;Diana Carolina Suarez Muñoz;COALICIÓN PARTIDOS DE LA U - MIRA - COLOMBIA JUSTA LIBRES - ASI;4
CUITIVA;Eduar Alexis Triana Rincon;PARTIDO CENTRO DEMOCRÁTICO;4
CUITIVA;Laura Andrea Bello Porras;PARTIDO ALIANZA VERDE;4
CUITIVA;Pablo Emilio Cepeda Novoa;PARTIDO CAMBIO RADICAL;4
CUITIVA;Partido Cambio Radical;PARTIDO CAMBIO RADICAL;4
CUITIVA;Jorge Eliecer Cortes Martinez;PARTIDO LIBERAL COLOMBIANO;3
CUITIVA;Mayra Alejandra Viancha Sanabria;PARTIDO LIBERAL COLOMBIANO;3
CUITIVA;Monica Yanneth Quiroga Castillo;PARTIDO CAMBIO RADICAL;3
CUITIVA;Nidia Milena Torres Paez;PARTIDO CENTRO DEMOCRÁTICO;3
CUITIVA;Olga Yaneth Beltran Dorado;PARTIDO CENTRO DEMOCRÁTICO;3
CUITIVA;Pablo Mendoza Vargas;COALICIÓN PARTIDOS DE LA U - MIRA - COLOMBIA JUSTA LIBRES - ASI;3
CUITIVA;Partido Centro Democrático;PARTIDO CENTRO DEMOCRÁTICO;3
CUITIVA;Wilson Castiblanco Gil;PARTIDO LIBERAL COLOMBIANO;3
CUITIVA;Guillermo Leonardo Sanchez Sanchez;PARTIDO CENTRO DEMOCRÁTICO;2
CUITIVA;Movimiento De Salvación Nacional;MOVIMIENTO DE SALVACIÓN NACIONAL;2
CUITIVA;Partido Nuevo Liberalismo;PARTIDO NUEVO LIBERALISMO;2
CUITIVA;Coalición Partidos De La U - Mira - Colombia Justa  Libres - Asi;COALICIÓN PARTIDOS DE LA U - MIRA - COLOMBIA JUSTA LIBRES - ASI;1
CUITIVA;Jorge Arturo Mayorga Esguerra;COALICIÓN PARTIDOS DE LA U - MIRA - COLOMBIA JUSTA LIBRES - ASI;1
CUITIVA;Jose Dario Mahecha Castillo;PARTIDO CONSERVADOR COLOMBIANO;1
CUITIVA;Mayda Cecilia Velasquez Rueda;PARTIDO LIBERAL COLOMBIANO;1
CUITIVA;Olga Natalie Manrique Abril;COALICIÓN PARTIDOS DE LA U - MIRA - COLOMBIA JUSTA LIBRES - ASI;1
CUITIVA;Partido Político Dignidad;PARTIDO POLÍTICO DIGNIDAD;1
DUITAMA;Hector David Chaparro Chaparro;PARTIDO LIBERAL COLOMBIANO;8756
DUITAMA;German Tiberio Ojeda Pedraza;PARTIDO ALIANZA VERDE;4358
DUITAMA;Pedro Jose Suarez Vacca;PACTO HISTÓRICO;3457
DUITAMA;Pacto Histórico;PACTO HISTÓRICO;2527
DUITAMA;Jose Giovany Pinzon Baez;PACTO HISTÓRICO;2026
DUITAMA;Jaime Raul Salamanca Torres;PARTIDO ALIANZA VERDE;1747
DUITAMA;Guillermo Leonardo Sanchez Sanchez;PARTIDO CENTRO DEMOCRÁTICO;1470
DUITAMA;Wilmer Yair Castellanos Hernandez;PARTIDO ALIANZA VERDE;1421
DUITAMA;Hector Angel Ortiz Nuñez;PARTIDO CENTRO DEMOCRÁTICO;1059
DUITAMA;Diana Carolina Suarez Muñoz;COALICIÓN PARTIDOS DE LA U - MIRA - COLOMBIA JUSTA LIBRES - ASI;846
DUITAMA;Jorge Eliecer Cortes Martinez;PARTIDO LIBERAL COLOMBIANO;788
DUITAMA;Karen Lucia Molano Granados;PARTIDO ALIANZA VERDE;758
DUITAMA;Jairo Enrique Castiblanco Parra;COALICIÓN PARTIDOS DE LA U - MIRA - COLOMBIA JUSTA LIBRES - ASI;689
DUITAMA;Wilder Ivan Suesca Ochoa;PARTIDO CONSERVADOR COLOMBIANO;653
DUITAMA;Jose Fernando Morales Acuña;PARTIDO CONSERVADOR COLOMBIANO;587
DUITAMA;Partido Alianza Verde;PARTIDO ALIANZA VERDE;586
DUITAMA;Lupe Isabel Lopez Marquez;PARTIDO CAMBIO RADICAL;558
DUITAMA;Maryory Catherin Ortiz Alvarez;PACTO HISTÓRICO;554
DUITAMA;Leidy Alejandra Moreno Sanchez;PACTO HISTÓRICO;489
DUITAMA;Luis Alejandro Gutierrez Sanabria;PARTIDO ALIANZA VERDE;482
DUITAMA;Jonatan Sanchez Garavito;PARTIDO CAMBIO RADICAL;418
DUITAMA;Wilson Castiblanco Gil;PARTIDO LIBERAL COLOMBIANO;367
DUITAMA;Karol Ricardo Ramirez Silva;PACTO HISTÓRICO;361
DUITAMA;Carolina Del Pilar Rodriguez Contreras;PACTO HISTÓRICO;348
DUITAMA;Laura Andrea Bello Porras;PARTIDO ALIANZA VERDE;344
DUITAMA;Eduar Alexis Triana Rincon;PARTIDO CENTRO DEMOCRÁTICO;338
DUITAMA;Luis Guillermo Barrera Gutierrez;PARTIDO CAMBIO RADICAL;338
DUITAMA;Olga Yaneth Beltran Dorado;PARTIDO CENTRO DEMOCRÁTICO;327
DUITAMA;Jorge Ivan Amarillo Giraldo;COALICIÓN PARTIDOS DE LA U - MIRA - COLOMBIA JUSTA LIBRES - ASI;320
DUITAMA;Sandro Nestor Condia Perez;PARTIDO LIBERAL COLOMBIANO;311
DUITAMA;Ingrid Marlen Sogamoso Alfonso;PARTIDO CONSERVADOR COLOMBIANO;297
DUITAMA;Jose Dario Mahecha Castillo;PARTIDO CONSERVADOR COLOMBIANO;287
DUITAMA;Partido Centro Democrático;PARTIDO CENTRO DEMOCRÁTICO;284
DUITAMA;Oscar Leonardo Avila Romero;PARTIDO CAMBIO RADICAL;238
DUITAMA;Mayra Alejandra Viancha Sanabria;PARTIDO LIBERAL COLOMBIANO;214
DUITAMA;Partido Liberal Colombiano;PARTIDO LIBERAL COLOMBIANO;205
DUITAMA;Pablo Emilio Cepeda Novoa;PARTIDO CAMBIO RADICAL;204
DUITAMA;Henry De Jesus Puerto Vasquez;PARTIDO NUEVO LIBERALISMO;200
DUITAMA;Humphrey Roa Sarmiento;PARTIDO CONSERVADOR COLOMBIANO;196
DUITAMA;Pablo Mendoza Vargas;COALICIÓN PARTIDOS DE LA U - MIRA - COLOMBIA JUSTA LIBRES - ASI;195
DUITAMA;Nidia Milena Torres Paez;PARTIDO CENTRO DEMOCRÁTICO;193
DUITAMA;Partido Nuevo Liberalismo;PARTIDO NUEVO LIBERALISMO;190
DUITAMA;William Donato Gomez;PARTIDO CENTRO DEMOCRÁTICO;163
DUITAMA;Partido Político Dignidad;PARTIDO POLÍTICO DIGNIDAD;154
DUITAMA;Mayda Cecilia Velasquez Rueda;PARTIDO LIBERAL COLOMBIANO;149
DUITAMA;Olga Maria Chivata Vargas;PARTIDO NUEVO LIBERALISMO;149
DUITAMA;Olga Natalie Manrique Abril;COALICIÓN PARTIDOS DE LA U - MIRA - COLOMBIA JUSTA LIBRES - ASI;142
DUITAMA;Cindy Yohana Bohorquez Garzon;PARTIDO CONSERVADOR COLOMBIANO;139
DUITAMA;Partido Conservador Colombiano;PARTIDO CONSERVADOR COLOMBIANO;109
DUITAMA;Coalición Partidos De La U - Mira - Colombia Justa  Libres - Asi;COALICIÓN PARTIDOS DE LA U - MIRA - COLOMBIA JUSTA LIBRES - ASI;105
DUITAMA;Claudia Beatriz Duarte Acosta;PARTIDO NUEVO LIBERALISMO;98
DUITAMA;William Fernando Granados;PARTIDO NUEVO LIBERALISMO;89
DUITAMA;Partido Cambio Radical;PARTIDO CAMBIO RADICAL;64
DUITAMA;Monica Yanneth Quiroga Castillo;PARTIDO CAMBIO RADICAL;55
DUITAMA;Movimiento De Salvación Nacional;MOVIMIENTO DE SALVACIÓN NACIONAL;55
DUITAMA;Jorge Arturo Mayorga Esguerra;COALICIÓN PARTIDOS DE LA U - MIRA - COLOMBIA JUSTA LIBRES - ASI;49
DUITAMA;Ariel Rosebel Palacios Angulo;C.C LA TOMA;35
DUITAMA;Fernando Ríos Hidalgo;FERNANDO RÍOS HIDALGO;33
DUITAMA;Jorge Ivan Mina Lasso;CONSEJO COMUNITARIO MANUEL ZAPATA OLIVELLA DE SAN ANTERO;27
DUITAMA;"Movimiento Alternativo Indígena Social ""Mais""";"MOVIMIENTO ALTERNATIVO INDÍGENA SOCIAL ""MAIS""";19
DUITAMA;Juvenal Arrieta Gonzalez;"MOVIMIENTO ALTERNATIVO INDÍGENA SOCIAL ""MAIS""";16
DUITAMA;Norman David Bañol Alvarez;"MOVIMIENTO ALTERNATIVO INDÍGENA SOCIAL ""MAIS""";16
DUITAMA;Ali Bantu Ashanti;C.C LA TOMA;15
DUITAMA;Idalmy Minotta Teran;C.C LA TOMA;15
DUITAMA;Maria Yolanda Figueroa Celis;PARTIDO INDÍGENA COLOMBIANO P.I.C;15
DUITAMA;Consejo Comunitario Integral De Lloró;CONSEJO COMUNITARIO INTEGRAL DE LLORÓ;13
DUITAMA;Consejo Comunitario La Voz De Los Negros;CONSEJO COMUNITARIO LA VOZ DE LOS NEGROS;13
DUITAMA;Resguardo Indígena Alta Y Media Guajira;RESGUARDO INDÍGENA ALTA Y MEDIA GUAJIRA;13
DUITAMA;C.C La Toma;C.C LA TOMA;11
DUITAMA;Camilo Rivera Soto;CONSEJO COMUNITARIO AFROZABALETAS;11
DUITAMA;Consejo Comunitario De Comunidades Negras De Guaya Bal;CONSEJO COMUNITARIO DE COMUNIDADES NEGRAS DE GUAYABAL;10
DUITAMA;Partido Indígena Colombiano P.I.C;PARTIDO INDÍGENA COLOMBIANO P.I.C;10
DUITAMA;Consejo Comunitario De Comunidades Negras De Campo  Hermoso;CONSEJO COMUNITARIO DE COMUNIDADES NEGRAS DE CAMPO HERMOSO;8
DUITAMA;Somos Identidad;SOMOS IDENTIDAD;8
DUITAMA;Consejo Comunitario Afrozabaletas;CONSEJO COMUNITARIO AFROZABALETAS;7
DUITAMA;Guillermo Alfredo Rodriguez Quispe;"MOVIMIENTO AUTORIDADES INDÍGENAS DE COLOMBIA ""AICO""";7
DUITAMA;Paciano Asprilla Arboleda;"CONSEJO COMUNITARIO DE LA COSTA PACÍFICA ""CONCOSTA""";7
DUITAMA;Ermes Rafael Urzola De La Barrera;ASOCIACIÓN NACIONAL DE CABILDOS Y AUTORIDADES INDÍGENAS EN COLOMBIA ANICOL;6
DUITAMA;Pedro Adan Torres Perez;PALENQUE DE LA VEREDA LAS TRECIENTAS Y DEL MUNICIPIO DE GALAPA;6
DUITAMA;Consejo Comunitario De La Comunidad Negra Limones;CONSEJO COMUNITARIO DE LA COMUNIDAD NEGRA LIMONES;5
DUITAMA;"Movimiento Autoridades Indígenas De Colombia ""Aico """;"MOVIMIENTO AUTORIDADES INDÍGENAS DE COLOMBIA ""AICO""";5
DUITAMA;Andres Alfonso Tarazona Parra;CONSEJO COMUNITARIO DE COMUNIDADES NEGRAS SOCOLANDO;4
DUITAMA;Cenobia Torcuato Caicedo;"MOVIMIENTO ALTERNATIVO INDÍGENA SOCIAL ""MAIS""";4
DUITAMA;Consejo Comunitario Manuel Zapata Olivella De San Antero;CONSEJO COMUNITARIO MANUEL ZAPATA OLIVELLA DE SAN ANTERO;4
DUITAMA;Consejo Comunitario Rescate Las Varas;CONSEJO COMUNITARIO RESCATE LAS VARAS;4
DUITAMA;Diego Alberto Ramirez Prado;CONSEJO COMUNITARIO MAYOR DE CASIMIRO;4
DUITAMA;Dualter Gutierrez Cabiche;"MOVIMIENTO AUTORIDADES INDÍGENAS DE COLOMBIA ""AICO""";4
DUITAMA;Palenque De La Vereda Las Trecientas Y Del Municip Io De Galapa;PALENQUE DE LA VEREDA LAS TRECIENTAS Y DEL MUNICIPIO DE GALAPA;4
DUITAMA;Resguardo Indígena Zenú Del Alto San Jorge;RESGUARDO INDÍGENA ZENÚ DEL ALTO SAN JORGE;4
DUITAMA;Yorly Jimena Floriano Hernandez;CONSEJO COMUNITARIO MAYOR DE CASIMIRO;4
DUITAMA;Alianza Nacional Afrocolombiana;ALIANZA NACIONAL AFROCOLOMBIANA;3
DUITAMA;Ana Rogelia Monsalve Alvarez;PALENQUE DE LA VEREDA LAS TRECIENTAS Y DEL MUNICIPIO DE GALAPA;3
DUITAMA;Cabildo Indígena Aywjawashi;CABILDO INDÍGENA AYWJAWASHI;3
DUITAMA;Consejo Comunitario Bocas De Taparal;CONSEJO COMUNITARIO BOCAS DE TAPARAL;3
DUITAMA;Consejo Comunitario Bocas Del Atrato Y Leoncito;CONSEJO COMUNITARIO BOCAS DEL ATRATO Y LEONCITO;3
DUITAMA;Consejo Comunitario De La Comunidad Negra De Villa  Gloria;CONSEJO COMUNITARIO DE LA COMUNIDAD NEGRA DE VILLA GLORIA;3
DUITAMA;Consejo Comunitario Mayor De Casimiro;CONSEJO COMUNITARIO MAYOR DE CASIMIRO;3
DUITAMA;Didier Angulo Angulo;FUNDACIÓN PARA EL DESARROLLO SOCIAL DE COMUNIDADES NEGRAS;3
DUITAMA;Eliecer Crecencio Quiñones Angulo;CONSEJO COMUNITARIO UNIÓN PATÍA VIEJO;3
DUITAMA;Felix Antonio Castillo Mosquera;CONSEJO COMUNITARIO MANUEL ZAPATA OLIVELLA DE SAN ANTERO;3
DUITAMA;Jorge Humberto Cleves Rodriguez;"MOVIMIENTO AUTORIDADES INDÍGENAS DE COLOMBIA ""AICO""";3
DUITAMA;Angelica Asprilla Palacios;"CONSEJO COMUNITARIO DE LA COSTA PACÍFICA ""CONCOSTA""";2
DUITAMA;Consejo Comunitario De Vuelta Manza;CONSEJO COMUNITARIO DE VUELTA MANZA;2
DUITAMA;Consejo Comunitario Del Río Guajuí;CONSEJO COMUNITARIO DEL RÍO GUAJUÍ;2
DUITAMA;Consejo Comunitario Rio Curbaradó;CONSEJO COMUNITARIO RIO CURBARADÓ;2
DUITAMA;Hernando Enrique Acevedo Rosario;CONSEJO COMUNITARIO DE COMUNIDADES NEGRAS SOCOLANDO;2
DUITAMA;Luz Elena Mosquera Bazan;CONSEJO COMUNITARIO PUERTO GIRÓN;2
DUITAMA;Maria Cristina Ruiz Rengifo;CONSEJO COMUNITARIO VEREDAS UNIDAS UN BIEN COMÚN;2
DUITAMA;Movimiento Alianza Democrática Amplia;MOVIMIENTO ALIANZA DEMOCRÁTICA AMPLIA;2
DUITAMA;Roger Albeiro Guzman Lugo;CONSEJO COMUNITARIO PUERTO GIRÓN;2
DUITAMA;Salomon Rafael Ruiz Bertel;CABILDO INDÍGENA AYWJAWASHI;2
DUITAMA;Afromutata;AFROMUTATA;1
DUITAMA;Amado Aragon Garcia;CORPORACIÓN DE EDUCADORES DEL LITORAL PACIFICO CORELIPA;1
DUITAMA;Angel Eduardo Murillo Mosquera;"ASOC. AFROCOL. DESPLAZADOS MCPIO. GUACARÍ VALLE DEL CAUCA ""ADAG""";1
DUITAMA;"Asociación Afrodescendientes De Arboletes ""Afrodes Ar""";"ASOCIACIÓN AFRODESCENDIENTES DE ARBOLETES ""AFRODESAR""";1
DUITAMA;Asociación Nacional De Cabildos Y Autoridades Indí Genas En Colombia Anicol;ASOCIACIÓN NACIONAL DE CABILDOS Y AUTORIDADES INDÍGENAS EN COLOMBIA ANICOL;1
DUITAMA;Camilo Obando Angulo;CONSEJO COMUNITARIO VEREDAS UNIDAS UN BIEN COMÚN;1
DUITAMA;Cesar Augusto Cabezas Riascos;CONSEJO COMUNITARIO DEL RÍO GUAJUÍ;1
DUITAMA;Conmoguz;CONMOGUZ;1
DUITAMA;Consejo Comunit. Piedras Bachichi Correg. Santa Ce Cilia;CONSEJO COMUNIT. PIEDRAS BACHICHI CORREG. SANTA CECILIA;1
DUITAMA;Consejo Comunit. Recuerdo De Nuestros Ancestros Ri O Mejicano;CONSEJO COMUNIT. RECUERDO DE NUESTROS ANCESTROS RIO MEJICANO;1
DUITAMA;Consejo Comunitario Alto Paraíso;CONSEJO COMUNITARIO ALTO PARAÍSO;1
DUITAMA;Consejo Comunitario De Comunidades Negras Socoland O;CONSEJO COMUNITARIO DE COMUNIDADES NEGRAS SOCOLANDO;1
DUITAMA;"Consejo Comunitario De La Costa Pacífica ""Concosta """;"CONSEJO COMUNITARIO DE LA COSTA PACÍFICA ""CONCOSTA""";1
DUITAMA;Consejo Comunitario Del Guabal;CONSEJO COMUNITARIO DEL GUABAL;1
DUITAMA;Consejo Comunitario Puerto Girón;CONSEJO COMUNITARIO PUERTO GIRÓN;1
DUITAMA;Consejo Comunitario Veredas Unidas Un Bien Común;CONSEJO COMUNITARIO VEREDAS UNIDAS UN BIEN COMÚN;1
DUITAMA;Francy Mayeli Rojas Quiroga;CONSEJO COMUNITARIO DE LOS CORREGIMIENTOS DE SAN ANTONIO Y EL CASTILLO MUNICIPIO DE EL CERRITO;1
DUITAMA;Luis Alberto Palacios Morales;CONSEJO COMUNITARIO MAYOR DE CERTEGUI;1
DUITAMA;Nicolas Alberto Palacio Delgado;CONSEJO COMUNITARIO UNIÓN PATÍA VIEJO;1
DUITAMA;Nicole Dayana Caicedo Carabali;CONSEJO COMUNITARIO DEL RÍO GUAJUÍ;1
DUITAMA;Onis Pestaña Cordoba;CONSEJO COMUNITARIO DE VUELTA MANZA;1
DUITAMA;Partido Colombia Renaciente;PARTIDO COLOMBIA RENACIENTE;1
DUITAMA;Raymond Smith Palomeque Pino;CONSEJO COMUNITARIO MAYOR DE CERTEGUI;1
DUITAMA;Victor Hugo Hinestroza Obregon;CONSEJO COMUNITARIO DE VUELTA MANZA;1
EL COCUY;Hector David Chaparro Chaparro;PARTIDO LIBERAL COLOMBIANO;317
EL COCUY;Jaime Raul Salamanca Torres;PARTIDO ALIANZA VERDE;164
EL COCUY;Jorge Eliecer Cortes Martinez;PARTIDO LIBERAL COLOMBIANO;70
EL COCUY;Wilder Ivan Suesca Ochoa;PARTIDO CONSERVADOR COLOMBIANO;58
EL COCUY;Ingrid Marlen Sogamoso Alfonso;PARTIDO CONSERVADOR COLOMBIANO;56
EL COCUY;Guillermo Leonardo Sanchez Sanchez;PARTIDO CENTRO DEMOCRÁTICO;48
EL COCUY;Hector Angel Ortiz Nuñez;PARTIDO CENTRO DEMOCRÁTICO;46
EL COCUY;Oscar Leonardo Avila Romero;PARTIDO CAMBIO RADICAL;42
EL COCUY;Wilmer Yair Castellanos Hernandez;PARTIDO ALIANZA VERDE;40
EL COCUY;Pedro Jose Suarez Vacca;PACTO HISTÓRICO;30
EL COCUY;Jose Giovany Pinzon Baez;PACTO HISTÓRICO;21
EL COCUY;Cindy Yohana Bohorquez Garzon;PARTIDO CONSERVADOR COLOMBIANO;18
EL COCUY;Karen Lucia Molano Granados;PARTIDO ALIANZA VERDE;17
EL COCUY;Jonatan Sanchez Garavito;PARTIDO CAMBIO RADICAL;15
EL COCUY;Partido Centro Democrático;PARTIDO CENTRO DEMOCRÁTICO;14
EL COCUY;William Donato Gomez;PARTIDO CENTRO DEMOCRÁTICO;14
EL COCUY;Olga Yaneth Beltran Dorado;PARTIDO CENTRO DEMOCRÁTICO;13
EL COCUY;Partido Alianza Verde;PARTIDO ALIANZA VERDE;13
EL COCUY;Wilson Castiblanco Gil;PARTIDO LIBERAL COLOMBIANO;13
EL COCUY;Partido Conservador Colombiano;PARTIDO CONSERVADOR COLOMBIANO;12
EL COCUY;Partido Liberal Colombiano;PARTIDO LIBERAL COLOMBIANO;12
EL COCUY;Eduar Alexis Triana Rincon;PARTIDO CENTRO DEMOCRÁTICO;11
EL COCUY;Pacto Histórico;PACTO HISTÓRICO;11
EL COCUY;Luis Alejandro Gutierrez Sanabria;PARTIDO ALIANZA VERDE;10
EL COCUY;Lupe Isabel Lopez Marquez;PARTIDO CAMBIO RADICAL;10
EL COCUY;German Tiberio Ojeda Pedraza;PARTIDO ALIANZA VERDE;8
EL COCUY;Jose Dario Mahecha Castillo;PARTIDO CONSERVADOR COLOMBIANO;6
EL COCUY;Jose Fernando Morales Acuña;PARTIDO CONSERVADOR COLOMBIANO;6
EL COCUY;Mayda Cecilia Velasquez Rueda;PARTIDO LIBERAL COLOMBIANO;6
EL COCUY;Laura Andrea Bello Porras;PARTIDO ALIANZA VERDE;5
EL COCUY;Sandro Nestor Condia Perez;PARTIDO LIBERAL COLOMBIANO;5
EL COCUY;Jairo Enrique Castiblanco Parra;COALICIÓN PARTIDOS DE LA U - MIRA - COLOMBIA JUSTA LIBRES - ASI;4
EL COCUY;Mayra Alejandra Viancha Sanabria;PARTIDO LIBERAL COLOMBIANO;4
EL COCUY;Nidia Milena Torres Paez;PARTIDO CENTRO DEMOCRÁTICO;4
EL COCUY;Partido Nuevo Liberalismo;PARTIDO NUEVO LIBERALISMO;4
EL COCUY;Humphrey Roa Sarmiento;PARTIDO CONSERVADOR COLOMBIANO;3
EL COCUY;Olga Natalie Manrique Abril;COALICIÓN PARTIDOS DE LA U - MIRA - COLOMBIA JUSTA LIBRES - ASI;3
EL COCUY;Coalición Partidos De La U - Mira - Colombia Justa  Libres - Asi;COALICIÓN PARTIDOS DE LA U - MIRA - COLOMBIA JUSTA LIBRES - ASI;2
EL COCUY;Jorge Ivan Amarillo Giraldo;COALICIÓN PARTIDOS DE LA U - MIRA - COLOMBIA JUSTA LIBRES - ASI;2
EL COCUY;Pablo Emilio Cepeda Novoa;PARTIDO CAMBIO RADICAL;2
EL COCUY;Claudia Beatriz Duarte Acosta;PARTIDO NUEVO LIBERALISMO;1
EL COCUY;Henry De Jesus Puerto Vasquez;PARTIDO NUEVO LIBERALISMO;1
EL COCUY;Karol Ricardo Ramirez Silva;PACTO HISTÓRICO;1
EL COCUY;Leidy Alejandra Moreno Sanchez;PACTO HISTÓRICO;1
EL COCUY;Luis Guillermo Barrera Gutierrez;PARTIDO CAMBIO RADICAL;1
EL COCUY;Maryory Catherin Ortiz Alvarez;PACTO HISTÓRICO;1
EL COCUY;Monica Yanneth Quiroga Castillo;PARTIDO CAMBIO RADICAL;1
EL COCUY;Olga Maria Chivata Vargas;PARTIDO NUEVO LIBERALISMO;1
EL COCUY;Pablo Mendoza Vargas;COALICIÓN PARTIDOS DE LA U - MIRA - COLOMBIA JUSTA LIBRES - ASI;1
EL COCUY;Partido Cambio Radical;PARTIDO CAMBIO RADICAL;1
EL COCUY;Partido Político Dignidad;PARTIDO POLÍTICO DIGNIDAD;1
EL COCUY;Victor Hugo Hinestroza Obregon;CONSEJO COMUNITARIO DE VUELTA MANZA;1
EL ESPINO;Ingrid Marlen Sogamoso Alfonso;PARTIDO CONSERVADOR COLOMBIANO;177
EL ESPINO;Wilmer Yair Castellanos Hernandez;PARTIDO ALIANZA VERDE;161
EL ESPINO;Jose Fernando Morales Acuña;PARTIDO CONSERVADOR COLOMBIANO;62
EL ESPINO;Guillermo Leonardo Sanchez Sanchez;PARTIDO CENTRO DEMOCRÁTICO;41
EL ESPINO;Jaime Raul Salamanca Torres;PARTIDO ALIANZA VERDE;41
EL ESPINO;Wilder Ivan Suesca Ochoa;PARTIDO CONSERVADOR COLOMBIANO;36
EL ESPINO;William Donato Gomez;PARTIDO CENTRO DEMOCRÁTICO;26
EL ESPINO;Humphrey Roa Sarmiento;PARTIDO CONSERVADOR COLOMBIANO;22
EL ESPINO;Partido Centro Democrático;PARTIDO CENTRO DEMOCRÁTICO;21
EL ESPINO;Jose Giovany Pinzon Baez;PACTO HISTÓRICO;20
EL ESPINO;Luis Guillermo Barrera Gutierrez;PARTIDO CAMBIO RADICAL;20
EL ESPINO;Luis Alejandro Gutierrez Sanabria;PARTIDO ALIANZA VERDE;17
EL ESPINO;Oscar Leonardo Avila Romero;PARTIDO CAMBIO RADICAL;17
EL ESPINO;Jorge Ivan Amarillo Giraldo;COALICIÓN PARTIDOS DE LA U - MIRA - COLOMBIA JUSTA LIBRES - ASI;15
EL ESPINO;Partido Conservador Colombiano;PARTIDO CONSERVADOR COLOMBIANO;15
EL ESPINO;Hector David Chaparro Chaparro;PARTIDO LIBERAL COLOMBIANO;14
EL ESPINO;Karol Ricardo Ramirez Silva;PACTO HISTÓRICO;13
EL ESPINO;Jose Dario Mahecha Castillo;PARTIDO CONSERVADOR COLOMBIANO;12
EL ESPINO;German Tiberio Ojeda Pedraza;PARTIDO ALIANZA VERDE;11
EL ESPINO;Jairo Enrique Castiblanco Parra;COALICIÓN PARTIDOS DE LA U - MIRA - COLOMBIA JUSTA LIBRES - ASI;10
EL ESPINO;Karen Lucia Molano Granados;PARTIDO ALIANZA VERDE;10
EL ESPINO;Jorge Eliecer Cortes Martinez;PARTIDO LIBERAL COLOMBIANO;9
EL ESPINO;Partido Alianza Verde;PARTIDO ALIANZA VERDE;9
EL ESPINO;Nidia Milena Torres Paez;PARTIDO CENTRO DEMOCRÁTICO;8
EL ESPINO;Hector Angel Ortiz Nuñez;PARTIDO CENTRO DEMOCRÁTICO;7
EL ESPINO;Laura Andrea Bello Porras;PARTIDO ALIANZA VERDE;7
EL ESPINO;Olga Yaneth Beltran Dorado;PARTIDO CENTRO DEMOCRÁTICO;7
EL ESPINO;Pablo Mendoza Vargas;COALICIÓN PARTIDOS DE LA U - MIRA - COLOMBIA JUSTA LIBRES - ASI;7
EL ESPINO;Pacto Histórico;PACTO HISTÓRICO;7
EL ESPINO;Pedro Jose Suarez Vacca;PACTO HISTÓRICO;7
EL ESPINO;Eduar Alexis Triana Rincon;PARTIDO CENTRO DEMOCRÁTICO;5
EL ESPINO;Olga Natalie Manrique Abril;COALICIÓN PARTIDOS DE LA U - MIRA - COLOMBIA JUSTA LIBRES - ASI;5
EL ESPINO;Wilson Castiblanco Gil;PARTIDO LIBERAL COLOMBIANO;5
EL ESPINO;Lupe Isabel Lopez Marquez;PARTIDO CAMBIO RADICAL;4
EL ESPINO;Partido Cambio Radical;PARTIDO CAMBIO RADICAL;4
EL ESPINO;Cindy Yohana Bohorquez Garzon;PARTIDO CONSERVADOR COLOMBIANO;3
EL ESPINO;Coalición Partidos De La U - Mira - Colombia Justa  Libres - Asi;COALICIÓN PARTIDOS DE LA U - MIRA - COLOMBIA JUSTA LIBRES - ASI;3
EL ESPINO;Mayra Alejandra Viancha Sanabria;PARTIDO LIBERAL COLOMBIANO;3
EL ESPINO;Jonatan Sanchez Garavito;PARTIDO CAMBIO RADICAL;2
EL ESPINO;Pablo Emilio Cepeda Novoa;PARTIDO CAMBIO RADICAL;2
EL ESPINO;Partido Liberal Colombiano;PARTIDO LIBERAL COLOMBIANO;2
EL ESPINO;Sandro Nestor Condia Perez;PARTIDO LIBERAL COLOMBIANO;2
EL ESPINO;Carolina Del Pilar Rodriguez Contreras;PACTO HISTÓRICO;1
EL ESPINO;Fernando Ríos Hidalgo;FERNANDO RÍOS HIDALGO;1
EL ESPINO;Maryory Catherin Ortiz Alvarez;PACTO HISTÓRICO;1
EL ESPINO;Mayda Cecilia Velasquez Rueda;PARTIDO LIBERAL COLOMBIANO;1
EL ESPINO;Partido Nuevo Liberalismo;PARTIDO NUEVO LIBERALISMO;1
EL ESPINO;Partido Político Dignidad;PARTIDO POLÍTICO DIGNIDAD;1
EL ESPINO;Pedro Adan Torres Perez;PALENQUE DE LA VEREDA LAS TRECIENTAS Y DEL MUNICIPIO DE GALAPA;1
EL ESPINO;William Fernando Granados;PARTIDO NUEVO LIBERALISMO;1
FIRAVITOBA;Karol Ricardo Ramirez Silva;PACTO HISTÓRICO;985
FIRAVITOBA;Jaime Raul Salamanca Torres;PARTIDO ALIANZA VERDE;152
FIRAVITOBA;Wilmer Yair Castellanos Hernandez;PARTIDO ALIANZA VERDE;114
FIRAVITOBA;Hector David Chaparro Chaparro;PARTIDO LIBERAL COLOMBIANO;102
FIRAVITOBA;Pedro Jose Suarez Vacca;PACTO HISTÓRICO;93
FIRAVITOBA;Jose Giovany Pinzon Baez;PACTO HISTÓRICO;74
FIRAVITOBA;Luis Alejandro Gutierrez Sanabria;PARTIDO ALIANZA VERDE;67
FIRAVITOBA;Pacto Histórico;PACTO HISTÓRICO;53
FIRAVITOBA;Wilson Castiblanco Gil;PARTIDO LIBERAL COLOMBIANO;49
FIRAVITOBA;Jairo Enrique Castiblanco Parra;COALICIÓN PARTIDOS DE LA U - MIRA - COLOMBIA JUSTA LIBRES - ASI;48
FIRAVITOBA;Hector Angel Ortiz Nuñez;PARTIDO CENTRO DEMOCRÁTICO;47
FIRAVITOBA;German Tiberio Ojeda Pedraza;PARTIDO ALIANZA VERDE;38
FIRAVITOBA;William Donato Gomez;PARTIDO CENTRO DEMOCRÁTICO;34
FIRAVITOBA;Maryory Catherin Ortiz Alvarez;PACTO HISTÓRICO;33
FIRAVITOBA;Humphrey Roa Sarmiento;PARTIDO CONSERVADOR COLOMBIANO;30
FIRAVITOBA;Wilder Ivan Suesca Ochoa;PARTIDO CONSERVADOR COLOMBIANO;30
FIRAVITOBA;Jorge Eliecer Cortes Martinez;PARTIDO LIBERAL COLOMBIANO;29
FIRAVITOBA;Luis Guillermo Barrera Gutierrez;PARTIDO CAMBIO RADICAL;28
FIRAVITOBA;Partido Alianza Verde;PARTIDO ALIANZA VERDE;26
FIRAVITOBA;Karen Lucia Molano Granados;PARTIDO ALIANZA VERDE;25
FIRAVITOBA;Guillermo Leonardo Sanchez Sanchez;PARTIDO CENTRO DEMOCRÁTICO;24
FIRAVITOBA;Ingrid Marlen Sogamoso Alfonso;PARTIDO CONSERVADOR COLOMBIANO;24
FIRAVITOBA;Oscar Leonardo Avila Romero;PARTIDO CAMBIO RADICAL;24
FIRAVITOBA;Carolina Del Pilar Rodriguez Contreras;PACTO HISTÓRICO;22
FIRAVITOBA;Henry De Jesus Puerto Vasquez;PARTIDO NUEVO LIBERALISMO;16
FIRAVITOBA;Jonatan Sanchez Garavito;PARTIDO CAMBIO RADICAL;16
FIRAVITOBA;Jose Fernando Morales Acuña;PARTIDO CONSERVADOR COLOMBIANO;16
FIRAVITOBA;Jorge Ivan Amarillo Giraldo;COALICIÓN PARTIDOS DE LA U - MIRA - COLOMBIA JUSTA LIBRES - ASI;14
FIRAVITOBA;Diana Carolina Suarez Muñoz;COALICIÓN PARTIDOS DE LA U - MIRA - COLOMBIA JUSTA LIBRES - ASI;12
FIRAVITOBA;Pablo Emilio Cepeda Novoa;PARTIDO CAMBIO RADICAL;11
FIRAVITOBA;Leidy Alejandra Moreno Sanchez;PACTO HISTÓRICO;9
FIRAVITOBA;Partido Conservador Colombiano;PARTIDO CONSERVADOR COLOMBIANO;9
FIRAVITOBA;Partido Nuevo Liberalismo;PARTIDO NUEVO LIBERALISMO;9
FIRAVITOBA;Cindy Yohana Bohorquez Garzon;PARTIDO CONSERVADOR COLOMBIANO;8
FIRAVITOBA;Laura Andrea Bello Porras;PARTIDO ALIANZA VERDE;8
FIRAVITOBA;Partido Político Dignidad;PARTIDO POLÍTICO DIGNIDAD;7
FIRAVITOBA;Sandro Nestor Condia Perez;PARTIDO LIBERAL COLOMBIANO;7
FIRAVITOBA;Jorge Arturo Mayorga Esguerra;COALICIÓN PARTIDOS DE LA U - MIRA - COLOMBIA JUSTA LIBRES - ASI;6
FIRAVITOBA;Monica Yanneth Quiroga Castillo;PARTIDO CAMBIO RADICAL;6
FIRAVITOBA;Olga Natalie Manrique Abril;COALICIÓN PARTIDOS DE LA U - MIRA - COLOMBIA JUSTA LIBRES - ASI;6
FIRAVITOBA;Olga Yaneth Beltran Dorado;PARTIDO CENTRO DEMOCRÁTICO;6
FIRAVITOBA;Partido Centro Democrático;PARTIDO CENTRO DEMOCRÁTICO;6
FIRAVITOBA;Partido Liberal Colombiano;PARTIDO LIBERAL COLOMBIANO;6
FIRAVITOBA;Jose Dario Mahecha Castillo;PARTIDO CONSERVADOR COLOMBIANO;5
FIRAVITOBA;Mayda Cecilia Velasquez Rueda;PARTIDO LIBERAL COLOMBIANO;4
FIRAVITOBA;Pablo Mendoza Vargas;COALICIÓN PARTIDOS DE LA U - MIRA - COLOMBIA JUSTA LIBRES - ASI;4
FIRAVITOBA;Eduar Alexis Triana Rincon;PARTIDO CENTRO DEMOCRÁTICO;3
FIRAVITOBA;Lupe Isabel Lopez Marquez;PARTIDO CAMBIO RADICAL;3
FIRAVITOBA;Nidia Milena Torres Paez;PARTIDO CENTRO DEMOCRÁTICO;3
FIRAVITOBA;Coalición Partidos De La U - Mira - Colombia Justa  Libres - Asi;COALICIÓN PARTIDOS DE LA U - MIRA - COLOMBIA JUSTA LIBRES - ASI;2
FIRAVITOBA;Mayra Alejandra Viancha Sanabria;PARTIDO LIBERAL COLOMBIANO;2
FIRAVITOBA;Olga Maria Chivata Vargas;PARTIDO NUEVO LIBERALISMO;2
FIRAVITOBA;Claudia Beatriz Duarte Acosta;PARTIDO NUEVO LIBERALISMO;1
FIRAVITOBA;Consejo Comunitario De Comunidades Negras De Campo  Hermoso;CONSEJO COMUNITARIO DE COMUNIDADES NEGRAS DE CAMPO HERMOSO;1
FIRAVITOBA;Consejo Comunitario Rescate Las Varas;CONSEJO COMUNITARIO RESCATE LAS VARAS;1
FIRAVITOBA;Gustavo Adolfo Araujo Baute;CONSEJO COMUNITARIO ARCILLA, CARDÓN Y TUNA;1
FIRAVITOBA;Movimiento De Salvación Nacional;MOVIMIENTO DE SALVACIÓN NACIONAL;1
FIRAVITOBA;Norman David Bañol Alvarez;"MOVIMIENTO ALTERNATIVO INDÍGENA SOCIAL ""MAIS""";1
FIRAVITOBA;Partido Cambio Radical;PARTIDO CAMBIO RADICAL;1
FIRAVITOBA;Partido Indígena Colombiano P.I.C;PARTIDO INDÍGENA COLOMBIANO P.I.C;1
FIRAVITOBA;Resguardo Indígena Alta Y Media Guajira;RESGUARDO INDÍGENA ALTA Y MEDIA GUAJIRA;1
FIRAVITOBA;Teodolinda Ordoñez Erazo;FUNDACIÓN PARA EL DESARROLLO SOCIAL DE COMUNIDADES NEGRAS;1
FIRAVITOBA;William Fernando Granados;PARTIDO NUEVO LIBERALISMO;1
FLORESTA;Jaime Raul Salamanca Torres;PARTIDO ALIANZA VERDE;743
FLORESTA;Wilmer Yair Castellanos Hernandez;PARTIDO ALIANZA VERDE;609
FLORESTA;Hector David Chaparro Chaparro;PARTIDO LIBERAL COLOMBIANO;152
FLORESTA;Luis Guillermo Barrera Gutierrez;PARTIDO CAMBIO RADICAL;106
FLORESTA;Wilder Ivan Suesca Ochoa;PARTIDO CONSERVADOR COLOMBIANO;40
FLORESTA;Eduar Alexis Triana Rincon;PARTIDO CENTRO DEMOCRÁTICO;31
FLORESTA;Jose Giovany Pinzon Baez;PACTO HISTÓRICO;26
FLORESTA;Pacto Histórico;PACTO HISTÓRICO;18
FLORESTA;Partido Alianza Verde;PARTIDO ALIANZA VERDE;18
FLORESTA;Hector Angel Ortiz Nuñez;PARTIDO CENTRO DEMOCRÁTICO;14
FLORESTA;Pedro Jose Suarez Vacca;PACTO HISTÓRICO;14
FLORESTA;Jairo Enrique Castiblanco Parra;COALICIÓN PARTIDOS DE LA U - MIRA - COLOMBIA JUSTA LIBRES - ASI;13
FLORESTA;Laura Andrea Bello Porras;PARTIDO ALIANZA VERDE;13
FLORESTA;German Tiberio Ojeda Pedraza;PARTIDO ALIANZA VERDE;11
FLORESTA;Jorge Eliecer Cortes Martinez;PARTIDO LIBERAL COLOMBIANO;11
FLORESTA;Guillermo Leonardo Sanchez Sanchez;PARTIDO CENTRO DEMOCRÁTICO;10
FLORESTA;Karen Lucia Molano Granados;PARTIDO ALIANZA VERDE;10
FLORESTA;Lupe Isabel Lopez Marquez;PARTIDO CAMBIO RADICAL;7
FLORESTA;Jose Fernando Morales Acuña;PARTIDO CONSERVADOR COLOMBIANO;6
FLORESTA;Olga Yaneth Beltran Dorado;PARTIDO CENTRO DEMOCRÁTICO;6
FLORESTA;Partido Centro Democrático;PARTIDO CENTRO DEMOCRÁTICO;6
FLORESTA;Henry De Jesus Puerto Vasquez;PARTIDO NUEVO LIBERALISMO;5
FLORESTA;Carolina Del Pilar Rodriguez Contreras;PACTO HISTÓRICO;4
FLORESTA;Cindy Yohana Bohorquez Garzon;PARTIDO CONSERVADOR COLOMBIANO;4
FLORESTA;Jorge Arturo Mayorga Esguerra;COALICIÓN PARTIDOS DE LA U - MIRA - COLOMBIA JUSTA LIBRES - ASI;4
FLORESTA;Mayda Cecilia Velasquez Rueda;PARTIDO LIBERAL COLOMBIANO;4
FLORESTA;Monica Yanneth Quiroga Castillo;PARTIDO CAMBIO RADICAL;4
FLORESTA;Nidia Milena Torres Paez;PARTIDO CENTRO DEMOCRÁTICO;4
FLORESTA;Olga Natalie Manrique Abril;COALICIÓN PARTIDOS DE LA U - MIRA - COLOMBIA JUSTA LIBRES - ASI;4
FLORESTA;Pablo Emilio Cepeda Novoa;PARTIDO CAMBIO RADICAL;4
FLORESTA;Humphrey Roa Sarmiento;PARTIDO CONSERVADOR COLOMBIANO;3
FLORESTA;Luis Alejandro Gutierrez Sanabria;PARTIDO ALIANZA VERDE;3
FLORESTA;Partido Liberal Colombiano;PARTIDO LIBERAL COLOMBIANO;3
FLORESTA;Wilson Castiblanco Gil;PARTIDO LIBERAL COLOMBIANO;3
FLORESTA;Jorge Ivan Amarillo Giraldo;COALICIÓN PARTIDOS DE LA U - MIRA - COLOMBIA JUSTA LIBRES - ASI;2
FLORESTA;Jose Dario Mahecha Castillo;PARTIDO CONSERVADOR COLOMBIANO;2
FLORESTA;Mayra Alejandra Viancha Sanabria;PARTIDO LIBERAL COLOMBIANO;2
FLORESTA;Oscar Leonardo Avila Romero;PARTIDO CAMBIO RADICAL;2
FLORESTA;Sandro Nestor Condia Perez;PARTIDO LIBERAL COLOMBIANO;2
FLORESTA;Andres Alfonso Tarazona Parra;CONSEJO COMUNITARIO DE COMUNIDADES NEGRAS SOCOLANDO;1
FLORESTA;Coalición Partidos De La U - Mira - Colombia Justa  Libres - Asi;COALICIÓN PARTIDOS DE LA U - MIRA - COLOMBIA JUSTA LIBRES - ASI;1
FLORESTA;Diana Carolina Suarez Muñoz;COALICIÓN PARTIDOS DE LA U - MIRA - COLOMBIA JUSTA LIBRES - ASI;1
FLORESTA;Jonatan Sanchez Garavito;PARTIDO CAMBIO RADICAL;1
FLORESTA;Karol Ricardo Ramirez Silva;PACTO HISTÓRICO;1
FLORESTA;Maryory Catherin Ortiz Alvarez;PACTO HISTÓRICO;1
FLORESTA;Partido Cambio Radical;PARTIDO CAMBIO RADICAL;1
FLORESTA;Partido Conservador Colombiano;PARTIDO CONSERVADOR COLOMBIANO;1
FLORESTA;Partido Político Dignidad;PARTIDO POLÍTICO DIGNIDAD;1
FLORESTA;William Donato Gomez;PARTIDO CENTRO DEMOCRÁTICO;1
GACHANTIVA;Wilmer Yair Castellanos Hernandez;PARTIDO ALIANZA VERDE;193
GACHANTIVA;Jaime Raul Salamanca Torres;PARTIDO ALIANZA VERDE;166
GACHANTIVA;Oscar Leonardo Avila Romero;PARTIDO CAMBIO RADICAL;133
GACHANTIVA;Hector Angel Ortiz Nuñez;PARTIDO CENTRO DEMOCRÁTICO;82
GACHANTIVA;Pedro Jose Suarez Vacca;PACTO HISTÓRICO;74
GACHANTIVA;Hector David Chaparro Chaparro;PARTIDO LIBERAL COLOMBIANO;46
GACHANTIVA;Eduar Alexis Triana Rincon;PARTIDO CENTRO DEMOCRÁTICO;43
GACHANTIVA;Partido Alianza Verde;PARTIDO ALIANZA VERDE;41
GACHANTIVA;Jose Giovany Pinzon Baez;PACTO HISTÓRICO;39
GACHANTIVA;German Tiberio Ojeda Pedraza;PARTIDO ALIANZA VERDE;34
GACHANTIVA;Olga Yaneth Beltran Dorado;PARTIDO CENTRO DEMOCRÁTICO;28
GACHANTIVA;Wilder Ivan Suesca Ochoa;PARTIDO CONSERVADOR COLOMBIANO;27
GACHANTIVA;Jorge Eliecer Cortes Martinez;PARTIDO LIBERAL COLOMBIANO;25
GACHANTIVA;Cindy Yohana Bohorquez Garzon;PARTIDO CONSERVADOR COLOMBIANO;24
GACHANTIVA;Jairo Enrique Castiblanco Parra;COALICIÓN PARTIDOS DE LA U - MIRA - COLOMBIA JUSTA LIBRES - ASI;17
GACHANTIVA;Karen Lucia Molano Granados;PARTIDO ALIANZA VERDE;16
GACHANTIVA;Luis Alejandro Gutierrez Sanabria;PARTIDO ALIANZA VERDE;16
GACHANTIVA;Pacto Histórico;PACTO HISTÓRICO;16
GACHANTIVA;Guillermo Leonardo Sanchez Sanchez;PARTIDO CENTRO DEMOCRÁTICO;13
GACHANTIVA;Laura Andrea Bello Porras;PARTIDO ALIANZA VERDE;13
GACHANTIVA;Maryory Catherin Ortiz Alvarez;PACTO HISTÓRICO;13
GACHANTIVA;Partido Conservador Colombiano;PARTIDO CONSERVADOR COLOMBIANO;12
GACHANTIVA;Ingrid Marlen Sogamoso Alfonso;PARTIDO CONSERVADOR COLOMBIANO;11
GACHANTIVA;Pablo Emilio Cepeda Novoa;PARTIDO CAMBIO RADICAL;9
GACHANTIVA;Carolina Del Pilar Rodriguez Contreras;PACTO HISTÓRICO;8
GACHANTIVA;Jose Dario Mahecha Castillo;PARTIDO CONSERVADOR COLOMBIANO;8
GACHANTIVA;Partido Centro Democrático;PARTIDO CENTRO DEMOCRÁTICO;8
GACHANTIVA;Nidia Milena Torres Paez;PARTIDO CENTRO DEMOCRÁTICO;7
GACHANTIVA;Humphrey Roa Sarmiento;PARTIDO CONSERVADOR COLOMBIANO;5
GACHANTIVA;Jonatan Sanchez Garavito;PARTIDO CAMBIO RADICAL;5
GACHANTIVA;Partido Liberal Colombiano;PARTIDO LIBERAL COLOMBIANO;5
GACHANTIVA;Partido Nuevo Liberalismo;PARTIDO NUEVO LIBERALISMO;5
GACHANTIVA;William Donato Gomez;PARTIDO CENTRO DEMOCRÁTICO;5
GACHANTIVA;Wilson Castiblanco Gil;PARTIDO LIBERAL COLOMBIANO;5
GACHANTIVA;Jose Fernando Morales Acuña;PARTIDO CONSERVADOR COLOMBIANO;4
GACHANTIVA;Monica Yanneth Quiroga Castillo;PARTIDO CAMBIO RADICAL;4
GACHANTIVA;Olga Natalie Manrique Abril;COALICIÓN PARTIDOS DE LA U - MIRA - COLOMBIA JUSTA LIBRES - ASI;4
GACHANTIVA;Sandro Nestor Condia Perez;PARTIDO LIBERAL COLOMBIANO;4
GACHANTIVA;Diego Alberto Ramirez Prado;CONSEJO COMUNITARIO MAYOR DE CASIMIRO;3
GACHANTIVA;Jorge Ivan Mina Lasso;CONSEJO COMUNITARIO MANUEL ZAPATA OLIVELLA DE SAN ANTERO;3
GACHANTIVA;Karol Ricardo Ramirez Silva;PACTO HISTÓRICO;3
GACHANTIVA;Luis Guillermo Barrera Gutierrez;PARTIDO CAMBIO RADICAL;3
GACHANTIVA;Lupe Isabel Lopez Marquez;PARTIDO CAMBIO RADICAL;3
GACHANTIVA;Mayda Cecilia Velasquez Rueda;PARTIDO LIBERAL COLOMBIANO;3
GACHANTIVA;Partido Cambio Radical;PARTIDO CAMBIO RADICAL;3
GACHANTIVA;Partido Político Dignidad;PARTIDO POLÍTICO DIGNIDAD;3
GACHANTIVA;Raymond Smith Palomeque Pino;CONSEJO COMUNITARIO MAYOR DE CERTEGUI;3
GACHANTIVA;Diana Carolina Suarez Muñoz;COALICIÓN PARTIDOS DE LA U - MIRA - COLOMBIA JUSTA LIBRES - ASI;2
GACHANTIVA;Jorge Ivan Amarillo Giraldo;COALICIÓN PARTIDOS DE LA U - MIRA - COLOMBIA JUSTA LIBRES - ASI;2
GACHANTIVA;C.C La Toma;C.C LA TOMA;1
GACHANTIVA;Consejo Comunitario De La Comunidad Negra Limones;CONSEJO COMUNITARIO DE LA COMUNIDAD NEGRA LIMONES;1
GACHANTIVA;Consejo Comunitario Manuel Zapata Olivella De San Antero;CONSEJO COMUNITARIO MANUEL ZAPATA OLIVELLA DE SAN ANTERO;1
GACHANTIVA;Fernando Ríos Hidalgo;FERNANDO RÍOS HIDALGO;1
GACHANTIVA;Henry De Jesus Puerto Vasquez;PARTIDO NUEVO LIBERALISMO;1
GACHANTIVA;Leidy Alejandra Moreno Sanchez;PACTO HISTÓRICO;1
GAMEZA;Jorge Ivan Amarillo Giraldo;COALICIÓN PARTIDOS DE LA U - MIRA - COLOMBIA JUSTA LIBRES - ASI;554
GAMEZA;Jairo Enrique Castiblanco Parra;COALICIÓN PARTIDOS DE LA U - MIRA - COLOMBIA JUSTA LIBRES - ASI;89
GAMEZA;Hector David Chaparro Chaparro;PARTIDO LIBERAL COLOMBIANO;69
GAMEZA;Eduar Alexis Triana Rincon;PARTIDO CENTRO DEMOCRÁTICO;66
GAMEZA;Luis Guillermo Barrera Gutierrez;PARTIDO CAMBIO RADICAL;61
GAMEZA;Hector Angel Ortiz Nuñez;PARTIDO CENTRO DEMOCRÁTICO;47
GAMEZA;William Donato Gomez;PARTIDO CENTRO DEMOCRÁTICO;43
GAMEZA;Wilmer Yair Castellanos Hernandez;PARTIDO ALIANZA VERDE;36
GAMEZA;Jose Giovany Pinzon Baez;PACTO HISTÓRICO;35
GAMEZA;Jaime Raul Salamanca Torres;PARTIDO ALIANZA VERDE;33
GAMEZA;Karol Ricardo Ramirez Silva;PACTO HISTÓRICO;26
GAMEZA;Jorge Arturo Mayorga Esguerra;COALICIÓN PARTIDOS DE LA U - MIRA - COLOMBIA JUSTA LIBRES - ASI;25
GAMEZA;Luis Alejandro Gutierrez Sanabria;PARTIDO ALIANZA VERDE;25
GAMEZA;Ingrid Marlen Sogamoso Alfonso;PARTIDO CONSERVADOR COLOMBIANO;23
GAMEZA;Jorge Eliecer Cortes Martinez;PARTIDO LIBERAL COLOMBIANO;21
GAMEZA;Oscar Leonardo Avila Romero;PARTIDO CAMBIO RADICAL;20
GAMEZA;Pedro Jose Suarez Vacca;PACTO HISTÓRICO;20
GAMEZA;Olga Natalie Manrique Abril;COALICIÓN PARTIDOS DE LA U - MIRA - COLOMBIA JUSTA LIBRES - ASI;19
GAMEZA;Jonatan Sanchez Garavito;PARTIDO CAMBIO RADICAL;18
GAMEZA;Pacto Histórico;PACTO HISTÓRICO;16
GAMEZA;German Tiberio Ojeda Pedraza;PARTIDO ALIANZA VERDE;14
GAMEZA;Karen Lucia Molano Granados;PARTIDO ALIANZA VERDE;14
GAMEZA;Partido Alianza Verde;PARTIDO ALIANZA VERDE;13
GAMEZA;Jose Dario Mahecha Castillo;PARTIDO CONSERVADOR COLOMBIANO;12
GAMEZA;Lupe Isabel Lopez Marquez;PARTIDO CAMBIO RADICAL;11
GAMEZA;Partido Centro Democrático;PARTIDO CENTRO DEMOCRÁTICO;11
GAMEZA;Henry De Jesus Puerto Vasquez;PARTIDO NUEVO LIBERALISMO;10
GAMEZA;Guillermo Leonardo Sanchez Sanchez;PARTIDO CENTRO DEMOCRÁTICO;8
GAMEZA;Humphrey Roa Sarmiento;PARTIDO CONSERVADOR COLOMBIANO;8
GAMEZA;Partido Conservador Colombiano;PARTIDO CONSERVADOR COLOMBIANO;8
GAMEZA;Coalición Partidos De La U - Mira - Colombia Justa  Libres - Asi;COALICIÓN PARTIDOS DE LA U - MIRA - COLOMBIA JUSTA LIBRES - ASI;7
GAMEZA;Maryory Catherin Ortiz Alvarez;PACTO HISTÓRICO;7
GAMEZA;Pablo Emilio Cepeda Novoa;PARTIDO CAMBIO RADICAL;7
GAMEZA;Partido Liberal Colombiano;PARTIDO LIBERAL COLOMBIANO;7
GAMEZA;Diana Carolina Suarez Muñoz;COALICIÓN PARTIDOS DE LA U - MIRA - COLOMBIA JUSTA LIBRES - ASI;6
GAMEZA;Jose Fernando Morales Acuña;PARTIDO CONSERVADOR COLOMBIANO;6
GAMEZA;Nidia Milena Torres Paez;PARTIDO CENTRO DEMOCRÁTICO;6
GAMEZA;Pablo Mendoza Vargas;COALICIÓN PARTIDOS DE LA U - MIRA - COLOMBIA JUSTA LIBRES - ASI;6
GAMEZA;Wilson Castiblanco Gil;PARTIDO LIBERAL COLOMBIANO;6
GAMEZA;Olga Yaneth Beltran Dorado;PARTIDO CENTRO DEMOCRÁTICO;5
GAMEZA;Partido Cambio Radical;PARTIDO CAMBIO RADICAL;5
GAMEZA;Sandro Nestor Condia Perez;PARTIDO LIBERAL COLOMBIANO;5
GAMEZA;Cindy Yohana Bohorquez Garzon;PARTIDO CONSERVADOR COLOMBIANO;4
GAMEZA;Leidy Alejandra Moreno Sanchez;PACTO HISTÓRICO;4
GAMEZA;Partido Nuevo Liberalismo;PARTIDO NUEVO LIBERALISMO;4
GAMEZA;Laura Andrea Bello Porras;PARTIDO ALIANZA VERDE;3
GAMEZA;Olga Maria Chivata Vargas;PARTIDO NUEVO LIBERALISMO;3
GAMEZA;Wilder Ivan Suesca Ochoa;PARTIDO CONSERVADOR COLOMBIANO;3
GAMEZA;Carolina Del Pilar Rodriguez Contreras;PACTO HISTÓRICO;2
GAMEZA;Monica Yanneth Quiroga Castillo;PARTIDO CAMBIO RADICAL;2
GAMEZA;Partido Político Dignidad;PARTIDO POLÍTICO DIGNIDAD;2
GAMEZA;Mayda Cecilia Velasquez Rueda;PARTIDO LIBERAL COLOMBIANO;1
GAMEZA;Mayra Alejandra Viancha Sanabria;PARTIDO LIBERAL COLOMBIANO;1
GARAGOA;Ingrid Marlen Sogamoso Alfonso;PARTIDO CONSERVADOR COLOMBIANO;1980
GARAGOA;Jaime Raul Salamanca Torres;PARTIDO ALIANZA VERDE;366
GARAGOA;Jairo Enrique Castiblanco Parra;COALICIÓN PARTIDOS DE LA U - MIRA - COLOMBIA JUSTA LIBRES - ASI;290
GARAGOA;Humphrey Roa Sarmiento;PARTIDO CONSERVADOR COLOMBIANO;273
GARAGOA;Jose Giovany Pinzon Baez;PACTO HISTÓRICO;250
GARAGOA;Wilmer Yair Castellanos Hernandez;PARTIDO ALIANZA VERDE;206
GARAGOA;Pacto Histórico;PACTO HISTÓRICO;192
GARAGOA;Hector David Chaparro Chaparro;PARTIDO LIBERAL COLOMBIANO;184
GARAGOA;Diana Carolina Suarez Muñoz;COALICIÓN PARTIDOS DE LA U - MIRA - COLOMBIA JUSTA LIBRES - ASI;145
GARAGOA;Pedro Jose Suarez Vacca;PACTO HISTÓRICO;115
GARAGOA;Guillermo Leonardo Sanchez Sanchez;PARTIDO CENTRO DEMOCRÁTICO;83
GARAGOA;Jose Dario Mahecha Castillo;PARTIDO CONSERVADOR COLOMBIANO;81
GARAGOA;Partido Alianza Verde;PARTIDO ALIANZA VERDE;77
GARAGOA;Cindy Yohana Bohorquez Garzon;PARTIDO CONSERVADOR COLOMBIANO;76
GARAGOA;German Tiberio Ojeda Pedraza;PARTIDO ALIANZA VERDE;69
GARAGOA;Eduar Alexis Triana Rincon;PARTIDO CENTRO DEMOCRÁTICO;67
GARAGOA;Partido Conservador Colombiano;PARTIDO CONSERVADOR COLOMBIANO;61
GARAGOA;Wilder Ivan Suesca Ochoa;PARTIDO CONSERVADOR COLOMBIANO;61
GARAGOA;William Donato Gomez;PARTIDO CENTRO DEMOCRÁTICO;56
GARAGOA;Hector Angel Ortiz Nuñez;PARTIDO CENTRO DEMOCRÁTICO;54
GARAGOA;Jonatan Sanchez Garavito;PARTIDO CAMBIO RADICAL;47
GARAGOA;Karen Lucia Molano Granados;PARTIDO ALIANZA VERDE;46
GARAGOA;Luis Guillermo Barrera Gutierrez;PARTIDO CAMBIO RADICAL;46
GARAGOA;Olga Yaneth Beltran Dorado;PARTIDO CENTRO DEMOCRÁTICO;43
GARAGOA;Mayda Cecilia Velasquez Rueda;PARTIDO LIBERAL COLOMBIANO;42
GARAGOA;Pablo Emilio Cepeda Novoa;PARTIDO CAMBIO RADICAL;40
GARAGOA;Luis Alejandro Gutierrez Sanabria;PARTIDO ALIANZA VERDE;39
GARAGOA;Jorge Eliecer Cortes Martinez;PARTIDO LIBERAL COLOMBIANO;36
GARAGOA;Wilson Castiblanco Gil;PARTIDO LIBERAL COLOMBIANO;32
GARAGOA;Oscar Leonardo Avila Romero;PARTIDO CAMBIO RADICAL;31
GARAGOA;Jose Fernando Morales Acuña;PARTIDO CONSERVADOR COLOMBIANO;28
GARAGOA;Jorge Ivan Amarillo Giraldo;COALICIÓN PARTIDOS DE LA U - MIRA - COLOMBIA JUSTA LIBRES - ASI;26
GARAGOA;Karol Ricardo Ramirez Silva;PACTO HISTÓRICO;23
GARAGOA;Maryory Catherin Ortiz Alvarez;PACTO HISTÓRICO;23
GARAGOA;Laura Andrea Bello Porras;PARTIDO ALIANZA VERDE;22
GARAGOA;Leidy Alejandra Moreno Sanchez;PACTO HISTÓRICO;21
GARAGOA;Carolina Del Pilar Rodriguez Contreras;PACTO HISTÓRICO;20
GARAGOA;Partido Centro Democrático;PARTIDO CENTRO DEMOCRÁTICO;20
GARAGOA;Coalición Partidos De La U - Mira - Colombia Justa  Libres - Asi;COALICIÓN PARTIDOS DE LA U - MIRA - COLOMBIA JUSTA LIBRES - ASI;18
GARAGOA;Partido Nuevo Liberalismo;PARTIDO NUEVO LIBERALISMO;14
GARAGOA;Monica Yanneth Quiroga Castillo;PARTIDO CAMBIO RADICAL;12
GARAGOA;Olga Natalie Manrique Abril;COALICIÓN PARTIDOS DE LA U - MIRA - COLOMBIA JUSTA LIBRES - ASI;10
GARAGOA;Partido Liberal Colombiano;PARTIDO LIBERAL COLOMBIANO;10
GARAGOA;Claudia Beatriz Duarte Acosta;PARTIDO NUEVO LIBERALISMO;9
GARAGOA;Pablo Mendoza Vargas;COALICIÓN PARTIDOS DE LA U - MIRA - COLOMBIA JUSTA LIBRES - ASI;9
GARAGOA;Partido Cambio Radical;PARTIDO CAMBIO RADICAL;9
GARAGOA;Sandro Nestor Condia Perez;PARTIDO LIBERAL COLOMBIANO;9
GARAGOA;Jorge Arturo Mayorga Esguerra;COALICIÓN PARTIDOS DE LA U - MIRA - COLOMBIA JUSTA LIBRES - ASI;8
GARAGOA;Nidia Milena Torres Paez;PARTIDO CENTRO DEMOCRÁTICO;8
GARAGOA;Henry De Jesus Puerto Vasquez;PARTIDO NUEVO LIBERALISMO;7
GARAGOA;Movimiento De Salvación Nacional;MOVIMIENTO DE SALVACIÓN NACIONAL;7
GARAGOA;Mayra Alejandra Viancha Sanabria;PARTIDO LIBERAL COLOMBIANO;4
GARAGOA;Olga Maria Chivata Vargas;PARTIDO NUEVO LIBERALISMO;4
GARAGOA;Jorge Ivan Mina Lasso;CONSEJO COMUNITARIO MANUEL ZAPATA OLIVELLA DE SAN ANTERO;3
GARAGOA;Lupe Isabel Lopez Marquez;PARTIDO CAMBIO RADICAL;3
GARAGOA;Fernando Ríos Hidalgo;FERNANDO RÍOS HIDALGO;2
GARAGOA;Norman David Bañol Alvarez;"MOVIMIENTO ALTERNATIVO INDÍGENA SOCIAL ""MAIS""";2
GARAGOA;Partido Político Dignidad;PARTIDO POLÍTICO DIGNIDAD;2
GARAGOA;William Fernando Granados;PARTIDO NUEVO LIBERALISMO;2
GARAGOA;"Consejo Comunitario De La Costa Pacífica ""Concosta """;"CONSEJO COMUNITARIO DE LA COSTA PACÍFICA ""CONCOSTA""";1
GARAGOA;Diego Alberto Ramirez Prado;CONSEJO COMUNITARIO MAYOR DE CASIMIRO;1
GARAGOA;Guillermo Alfredo Rodriguez Quispe;"MOVIMIENTO AUTORIDADES INDÍGENAS DE COLOMBIA ""AICO""";1
GARAGOA;Maria Idalides Peralta Julio;CONSEJO COMUNITARIO DE COMUNIDADES NEGRAS SOCOLANDO;1
GARAGOA;Partido Indígena Colombiano P.I.C;PARTIDO INDÍGENA COLOMBIANO P.I.C;1
GUACAMAYAS;Guillermo Leonardo Sanchez Sanchez;PARTIDO CENTRO DEMOCRÁTICO;175
GUACAMAYAS;Jaime Raul Salamanca Torres;PARTIDO ALIANZA VERDE;144
GUACAMAYAS;Oscar Leonardo Avila Romero;PARTIDO CAMBIO RADICAL;38
GUACAMAYAS;Olga Yaneth Beltran Dorado;PARTIDO CENTRO DEMOCRÁTICO;29
GUACAMAYAS;Eduar Alexis Triana Rincon;PARTIDO CENTRO DEMOCRÁTICO;24
GUACAMAYAS;Wilder Ivan Suesca Ochoa;PARTIDO CONSERVADOR COLOMBIANO;24
GUACAMAYAS;Hector David Chaparro Chaparro;PARTIDO LIBERAL COLOMBIANO;22
GUACAMAYAS;Wilmer Yair Castellanos Hernandez;PARTIDO ALIANZA VERDE;20
GUACAMAYAS;Cindy Yohana Bohorquez Garzon;PARTIDO CONSERVADOR COLOMBIANO;16
GUACAMAYAS;Laura Andrea Bello Porras;PARTIDO ALIANZA VERDE;16
GUACAMAYAS;Partido Alianza Verde;PARTIDO ALIANZA VERDE;16
GUACAMAYAS;Karen Lucia Molano Granados;PARTIDO ALIANZA VERDE;14
GUACAMAYAS;Partido Centro Democrático;PARTIDO CENTRO DEMOCRÁTICO;13
GUACAMAYAS;Hector Angel Ortiz Nuñez;PARTIDO CENTRO DEMOCRÁTICO;11
GUACAMAYAS;Mayda Cecilia Velasquez Rueda;PARTIDO LIBERAL COLOMBIANO;11
GUACAMAYAS;Jose Giovany Pinzon Baez;PACTO HISTÓRICO;10
GUACAMAYAS;Partido Conservador Colombiano;PARTIDO CONSERVADOR COLOMBIANO;10
GUACAMAYAS;Jairo Enrique Castiblanco Parra;COALICIÓN PARTIDOS DE LA U - MIRA - COLOMBIA JUSTA LIBRES - ASI;9
GUACAMAYAS;Jose Fernando Morales Acuña;PARTIDO CONSERVADOR COLOMBIANO;9
GUACAMAYAS;German Tiberio Ojeda Pedraza;PARTIDO ALIANZA VERDE;8
GUACAMAYAS;Pedro Jose Suarez Vacca;PACTO HISTÓRICO;8
GUACAMAYAS;William Donato Gomez;PARTIDO CENTRO DEMOCRÁTICO;8
GUACAMAYAS;Pacto Histórico;PACTO HISTÓRICO;7
GUACAMAYAS;Nidia Milena Torres Paez;PARTIDO CENTRO DEMOCRÁTICO;6
GUACAMAYAS;Ingrid Marlen Sogamoso Alfonso;PARTIDO CONSERVADOR COLOMBIANO;5
GUACAMAYAS;Maryory Catherin Ortiz Alvarez;PACTO HISTÓRICO;5
GUACAMAYAS;Luis Guillermo Barrera Gutierrez;PARTIDO CAMBIO RADICAL;4
GUACAMAYAS;Partido Cambio Radical;PARTIDO CAMBIO RADICAL;4
GUACAMAYAS;Coalición Partidos De La U - Mira - Colombia Justa  Libres - Asi;COALICIÓN PARTIDOS DE LA U - MIRA - COLOMBIA JUSTA LIBRES - ASI;3
GUACAMAYAS;Jorge Ivan Amarillo Giraldo;COALICIÓN PARTIDOS DE LA U - MIRA - COLOMBIA JUSTA LIBRES - ASI;3
GUACAMAYAS;Jose Dario Mahecha Castillo;PARTIDO CONSERVADOR COLOMBIANO;3
GUACAMAYAS;Claudia Beatriz Duarte Acosta;PARTIDO NUEVO LIBERALISMO;2
GUACAMAYAS;Diana Carolina Suarez Muñoz;COALICIÓN PARTIDOS DE LA U - MIRA - COLOMBIA JUSTA LIBRES - ASI;2
GUACAMAYAS;Jonatan Sanchez Garavito;PARTIDO CAMBIO RADICAL;2
GUACAMAYAS;Jorge Eliecer Cortes Martinez;PARTIDO LIBERAL COLOMBIANO;2
GUACAMAYAS;Luis Alejandro Gutierrez Sanabria;PARTIDO ALIANZA VERDE;2
GUACAMAYAS;Lupe Isabel Lopez Marquez;PARTIDO CAMBIO RADICAL;2
GUACAMAYAS;Monica Yanneth Quiroga Castillo;PARTIDO CAMBIO RADICAL;2
GUACAMAYAS;Movimiento De Salvación Nacional;MOVIMIENTO DE SALVACIÓN NACIONAL;2
GUACAMAYAS;Partido Liberal Colombiano;PARTIDO LIBERAL COLOMBIANO;2
GUACAMAYAS;Humphrey Roa Sarmiento;PARTIDO CONSERVADOR COLOMBIANO;1
GUACAMAYAS;Jorge Arturo Mayorga Esguerra;COALICIÓN PARTIDOS DE LA U - MIRA - COLOMBIA JUSTA LIBRES - ASI;1
GUACAMAYAS;Karol Ricardo Ramirez Silva;PACTO HISTÓRICO;1
GUACAMAYAS;Leidy Alejandra Moreno Sanchez;PACTO HISTÓRICO;1
GUACAMAYAS;Olga Maria Chivata Vargas;PARTIDO NUEVO LIBERALISMO;1
GUACAMAYAS;Pablo Emilio Cepeda Novoa;PARTIDO CAMBIO RADICAL;1
GUACAMAYAS;Pablo Mendoza Vargas;COALICIÓN PARTIDOS DE LA U - MIRA - COLOMBIA JUSTA LIBRES - ASI;1
GUACAMAYAS;Partido Político Dignidad;PARTIDO POLÍTICO DIGNIDAD;1
GUACAMAYAS;Wilson Castiblanco Gil;PARTIDO LIBERAL COLOMBIANO;1
GUATEQUE;Ingrid Marlen Sogamoso Alfonso;PARTIDO CONSERVADOR COLOMBIANO;331
GUATEQUE;Cindy Yohana Bohorquez Garzon;PARTIDO CONSERVADOR COLOMBIANO;321
GUATEQUE;Jaime Raul Salamanca Torres;PARTIDO ALIANZA VERDE;312
GUATEQUE;Hector David Chaparro Chaparro;PARTIDO LIBERAL COLOMBIANO;287
GUATEQUE;Wilmer Yair Castellanos Hernandez;PARTIDO ALIANZA VERDE;194
GUATEQUE;Hector Angel Ortiz Nuñez;PARTIDO CENTRO DEMOCRÁTICO;138
GUATEQUE;Jose Giovany Pinzon Baez;PACTO HISTÓRICO;137
GUATEQUE;Jorge Eliecer Cortes Martinez;PARTIDO LIBERAL COLOMBIANO;134
GUATEQUE;Pacto Histórico;PACTO HISTÓRICO;131
GUATEQUE;Guillermo Leonardo Sanchez Sanchez;PARTIDO CENTRO DEMOCRÁTICO;96
GUATEQUE;Jose Dario Mahecha Castillo;PARTIDO CONSERVADOR COLOMBIANO;95
GUATEQUE;Eduar Alexis Triana Rincon;PARTIDO CENTRO DEMOCRÁTICO;84
GUATEQUE;Partido Alianza Verde;PARTIDO ALIANZA VERDE;83
GUATEQUE;Jairo Enrique Castiblanco Parra;COALICIÓN PARTIDOS DE LA U - MIRA - COLOMBIA JUSTA LIBRES - ASI;77
GUATEQUE;Oscar Leonardo Avila Romero;PARTIDO CAMBIO RADICAL;70
GUATEQUE;Pedro Jose Suarez Vacca;PACTO HISTÓRICO;70
GUATEQUE;German Tiberio Ojeda Pedraza;PARTIDO ALIANZA VERDE;66
GUATEQUE;Mayda Cecilia Velasquez Rueda;PARTIDO LIBERAL COLOMBIANO;62
GUATEQUE;Olga Yaneth Beltran Dorado;PARTIDO CENTRO DEMOCRÁTICO;58
GUATEQUE;Wilder Ivan Suesca Ochoa;PARTIDO CONSERVADOR COLOMBIANO;56
GUATEQUE;Wilson Castiblanco Gil;PARTIDO LIBERAL COLOMBIANO;53
GUATEQUE;Diana Carolina Suarez Muñoz;COALICIÓN PARTIDOS DE LA U - MIRA - COLOMBIA JUSTA LIBRES - ASI;48
GUATEQUE;Karen Lucia Molano Granados;PARTIDO ALIANZA VERDE;45
GUATEQUE;Partido Liberal Colombiano;PARTIDO LIBERAL COLOMBIANO;45
GUATEQUE;Partido Centro Democrático;PARTIDO CENTRO DEMOCRÁTICO;32
GUATEQUE;Jonatan Sanchez Garavito;PARTIDO CAMBIO RADICAL;29
GUATEQUE;Luis Alejandro Gutierrez Sanabria;PARTIDO ALIANZA VERDE;29
GUATEQUE;Partido Conservador Colombiano;PARTIDO CONSERVADOR COLOMBIANO;27
GUATEQUE;Pablo Emilio Cepeda Novoa;PARTIDO CAMBIO RADICAL;26
GUATEQUE;Laura Andrea Bello Porras;PARTIDO ALIANZA VERDE;24
GUATEQUE;William Donato Gomez;PARTIDO CENTRO DEMOCRÁTICO;24
GUATEQUE;Leidy Alejandra Moreno Sanchez;PACTO HISTÓRICO;22
GUATEQUE;Luis Guillermo Barrera Gutierrez;PARTIDO CAMBIO RADICAL;21
GUATEQUE;Nidia Milena Torres Paez;PARTIDO CENTRO DEMOCRÁTICO;21
GUATEQUE;Partido Nuevo Liberalismo;PARTIDO NUEVO LIBERALISMO;21
GUATEQUE;Karol Ricardo Ramirez Silva;PACTO HISTÓRICO;20
GUATEQUE;Maryory Catherin Ortiz Alvarez;PACTO HISTÓRICO;18
GUATEQUE;Humphrey Roa Sarmiento;PARTIDO CONSERVADOR COLOMBIANO;16
GUATEQUE;Carolina Del Pilar Rodriguez Contreras;PACTO HISTÓRICO;15
GUATEQUE;Partido Cambio Radical;PARTIDO CAMBIO RADICAL;15
GUATEQUE;Jose Fernando Morales Acuña;PARTIDO CONSERVADOR COLOMBIANO;13
GUATEQUE;Monica Yanneth Quiroga Castillo;PARTIDO CAMBIO RADICAL;12
GUATEQUE;Mayra Alejandra Viancha Sanabria;PARTIDO LIBERAL COLOMBIANO;11
GUATEQUE;Coalición Partidos De La U - Mira - Colombia Justa  Libres - Asi;COALICIÓN PARTIDOS DE LA U - MIRA - COLOMBIA JUSTA LIBRES - ASI;9
GUATEQUE;Claudia Beatriz Duarte Acosta;PARTIDO NUEVO LIBERALISMO;7
GUATEQUE;Lupe Isabel Lopez Marquez;PARTIDO CAMBIO RADICAL;7
GUATEQUE;William Fernando Granados;PARTIDO NUEVO LIBERALISMO;7
GUATEQUE;Olga Natalie Manrique Abril;COALICIÓN PARTIDOS DE LA U - MIRA - COLOMBIA JUSTA LIBRES - ASI;6
GUATEQUE;Sandro Nestor Condia Perez;PARTIDO LIBERAL COLOMBIANO;6
GUATEQUE;Jorge Ivan Amarillo Giraldo;COALICIÓN PARTIDOS DE LA U - MIRA - COLOMBIA JUSTA LIBRES - ASI;4
GUATEQUE;Consejo Comunitario De Comunidades Negras De Campo  Hermoso;CONSEJO COMUNITARIO DE COMUNIDADES NEGRAS DE CAMPO HERMOSO;3
GUATEQUE;Henry De Jesus Puerto Vasquez;PARTIDO NUEVO LIBERALISMO;3
GUATEQUE;Jorge Arturo Mayorga Esguerra;COALICIÓN PARTIDOS DE LA U - MIRA - COLOMBIA JUSTA LIBRES - ASI;3
GUATEQUE;Movimiento De Salvación Nacional;MOVIMIENTO DE SALVACIÓN NACIONAL;3
GUATEQUE;Norman David Bañol Alvarez;"MOVIMIENTO ALTERNATIVO INDÍGENA SOCIAL ""MAIS""";3
GUATEQUE;Partido Político Dignidad;PARTIDO POLÍTICO DIGNIDAD;3
GUATEQUE;Asociación Nacional De Cabildos Y Autoridades Indí Genas En Colombia Anicol;ASOCIACIÓN NACIONAL DE CABILDOS Y AUTORIDADES INDÍGENAS EN COLOMBIA ANICOL;2
GUATEQUE;Olga Maria Chivata Vargas;PARTIDO NUEVO LIBERALISMO;2
GUATEQUE;Pablo Mendoza Vargas;COALICIÓN PARTIDOS DE LA U - MIRA - COLOMBIA JUSTA LIBRES - ASI;2
GUATEQUE;C.C La Toma;C.C LA TOMA;1
GUATEQUE;Consejo Comunitario Integral De Lloró;CONSEJO COMUNITARIO INTEGRAL DE LLORÓ;1
GUATEQUE;Didier Angulo Angulo;FUNDACIÓN PARA EL DESARROLLO SOCIAL DE COMUNIDADES NEGRAS;1
GUATEQUE;Diego Alberto Ramirez Prado;CONSEJO COMUNITARIO MAYOR DE CASIMIRO;1
GUATEQUE;Eliecer Crecencio Quiñones Angulo;CONSEJO COMUNITARIO UNIÓN PATÍA VIEJO;1
GUATEQUE;Felix Antonio Castillo Mosquera;CONSEJO COMUNITARIO MANUEL ZAPATA OLIVELLA DE SAN ANTERO;1
GUATEQUE;Fernando Ríos Hidalgo;FERNANDO RÍOS HIDALGO;1
GUATEQUE;Fundación Social Magende Mi;FUNDACIÓN SOCIAL MAGENDE MI;1
GUATEQUE;Hernando Enrique Acevedo Rosario;CONSEJO COMUNITARIO DE COMUNIDADES NEGRAS SOCOLANDO;1
GUATEQUE;Jorge Ivan Mina Lasso;CONSEJO COMUNITARIO MANUEL ZAPATA OLIVELLA DE SAN ANTERO;1
GUATEQUE;Juvenal Arrieta Gonzalez;"MOVIMIENTO ALTERNATIVO INDÍGENA SOCIAL ""MAIS""";1
GUATEQUE;"Movimiento Alternativo Indígena Social ""Mais""";"MOVIMIENTO ALTERNATIVO INDÍGENA SOCIAL ""MAIS""";1
GUATEQUE;"Movimiento Autoridades Indígenas De Colombia ""Aico """;"MOVIMIENTO AUTORIDADES INDÍGENAS DE COLOMBIA ""AICO""";1
GUATEQUE;Paciano Asprilla Arboleda;"CONSEJO COMUNITARIO DE LA COSTA PACÍFICA ""CONCOSTA""";1
GUATEQUE;Partido Indígena Colombiano P.I.C;PARTIDO INDÍGENA COLOMBIANO P.I.C;1
GUATEQUE;Resguardo Indígena Alta Y Media Guajira;RESGUARDO INDÍGENA ALTA Y MEDIA GUAJIRA;1
GUAYATA;Ingrid Marlen Sogamoso Alfonso;PARTIDO CONSERVADOR COLOMBIANO;371
GUAYATA;Hector Angel Ortiz Nuñez;PARTIDO CENTRO DEMOCRÁTICO;132
GUAYATA;Wilder Ivan Suesca Ochoa;PARTIDO CONSERVADOR COLOMBIANO;124
GUAYATA;Jose Dario Mahecha Castillo;PARTIDO CONSERVADOR COLOMBIANO;101
GUAYATA;Wilmer Yair Castellanos Hernandez;PARTIDO ALIANZA VERDE;91
GUAYATA;Jaime Raul Salamanca Torres;PARTIDO ALIANZA VERDE;78
GUAYATA;Cindy Yohana Bohorquez Garzon;PARTIDO CONSERVADOR COLOMBIANO;66
GUAYATA;Guillermo Leonardo Sanchez Sanchez;PARTIDO CENTRO DEMOCRÁTICO;60
GUAYATA;Partido Alianza Verde;PARTIDO ALIANZA VERDE;47
GUAYATA;Partido Conservador Colombiano;PARTIDO CONSERVADOR COLOMBIANO;46
GUAYATA;German Tiberio Ojeda Pedraza;PARTIDO ALIANZA VERDE;42
GUAYATA;Humphrey Roa Sarmiento;PARTIDO CONSERVADOR COLOMBIANO;39
GUAYATA;William Donato Gomez;PARTIDO CENTRO DEMOCRÁTICO;38
GUAYATA;Jose Giovany Pinzon Baez;PACTO HISTÓRICO;37
GUAYATA;Hector David Chaparro Chaparro;PARTIDO LIBERAL COLOMBIANO;34
GUAYATA;Eduar Alexis Triana Rincon;PARTIDO CENTRO DEMOCRÁTICO;31
GUAYATA;Pacto Histórico;PACTO HISTÓRICO;25
GUAYATA;Luis Alejandro Gutierrez Sanabria;PARTIDO ALIANZA VERDE;21
GUAYATA;Diana Carolina Suarez Muñoz;COALICIÓN PARTIDOS DE LA U - MIRA - COLOMBIA JUSTA LIBRES - ASI;20
GUAYATA;Maryory Catherin Ortiz Alvarez;PACTO HISTÓRICO;19
GUAYATA;Olga Yaneth Beltran Dorado;PARTIDO CENTRO DEMOCRÁTICO;19
GUAYATA;Partido Centro Democrático;PARTIDO CENTRO DEMOCRÁTICO;15
GUAYATA;Pedro Jose Suarez Vacca;PACTO HISTÓRICO;14
GUAYATA;Jorge Ivan Amarillo Giraldo;COALICIÓN PARTIDOS DE LA U - MIRA - COLOMBIA JUSTA LIBRES - ASI;12
GUAYATA;Laura Andrea Bello Porras;PARTIDO ALIANZA VERDE;12
GUAYATA;Nidia Milena Torres Paez;PARTIDO CENTRO DEMOCRÁTICO;12
GUAYATA;Pablo Emilio Cepeda Novoa;PARTIDO CAMBIO RADICAL;11
GUAYATA;Carolina Del Pilar Rodriguez Contreras;PACTO HISTÓRICO;9
GUAYATA;Karen Lucia Molano Granados;PARTIDO ALIANZA VERDE;9
GUAYATA;Jairo Enrique Castiblanco Parra;COALICIÓN PARTIDOS DE LA U - MIRA - COLOMBIA JUSTA LIBRES - ASI;7
GUAYATA;Jonatan Sanchez Garavito;PARTIDO CAMBIO RADICAL;6
GUAYATA;Jose Fernando Morales Acuña;PARTIDO CONSERVADOR COLOMBIANO;6
GUAYATA;Jorge Eliecer Cortes Martinez;PARTIDO LIBERAL COLOMBIANO;5
GUAYATA;Claudia Beatriz Duarte Acosta;PARTIDO NUEVO LIBERALISMO;4
GUAYATA;Henry De Jesus Puerto Vasquez;PARTIDO NUEVO LIBERALISMO;4
GUAYATA;Leidy Alejandra Moreno Sanchez;PACTO HISTÓRICO;4
GUAYATA;Lupe Isabel Lopez Marquez;PARTIDO CAMBIO RADICAL;4
GUAYATA;Olga Maria Chivata Vargas;PARTIDO NUEVO LIBERALISMO;4
GUAYATA;Oscar Leonardo Avila Romero;PARTIDO CAMBIO RADICAL;4
GUAYATA;Partido Político Dignidad;PARTIDO POLÍTICO DIGNIDAD;4
GUAYATA;Pablo Mendoza Vargas;COALICIÓN PARTIDOS DE LA U - MIRA - COLOMBIA JUSTA LIBRES - ASI;3
GUAYATA;Partido Cambio Radical;PARTIDO CAMBIO RADICAL;3
GUAYATA;Partido Liberal Colombiano;PARTIDO LIBERAL COLOMBIANO;3
GUAYATA;Karol Ricardo Ramirez Silva;PACTO HISTÓRICO;2
GUAYATA;Luis Guillermo Barrera Gutierrez;PARTIDO CAMBIO RADICAL;2
GUAYATA;Mayda Cecilia Velasquez Rueda;PARTIDO LIBERAL COLOMBIANO;2
GUAYATA;Monica Yanneth Quiroga Castillo;PARTIDO CAMBIO RADICAL;2
GUAYATA;Movimiento De Salvación Nacional;MOVIMIENTO DE SALVACIÓN NACIONAL;2
GUAYATA;Olga Natalie Manrique Abril;COALICIÓN PARTIDOS DE LA U - MIRA - COLOMBIA JUSTA LIBRES - ASI;2
GUAYATA;Partido Nuevo Liberalismo;PARTIDO NUEVO LIBERALISMO;2
GUAYATA;Sandro Nestor Condia Perez;PARTIDO LIBERAL COLOMBIANO;2
GUAYATA;Wilson Castiblanco Gil;PARTIDO LIBERAL COLOMBIANO;2
GUAYATA;Ariel Rosebel Palacios Angulo;C.C LA TOMA;1
GUAYATA;C.C La Toma;C.C LA TOMA;1
GUAYATA;Coalición Partidos De La U - Mira - Colombia Justa  Libres - Asi;COALICIÓN PARTIDOS DE LA U - MIRA - COLOMBIA JUSTA LIBRES - ASI;1
GUAYATA;Consejo Comunitario Afrozabaletas;CONSEJO COMUNITARIO AFROZABALETAS;1
GUAYATA;Jorge Arturo Mayorga Esguerra;COALICIÓN PARTIDOS DE LA U - MIRA - COLOMBIA JUSTA LIBRES - ASI;1
GUAYATA;Juvenal Arrieta Gonzalez;"MOVIMIENTO ALTERNATIVO INDÍGENA SOCIAL ""MAIS""";1
GUAYATA;Yorly Jimena Floriano Hernandez;CONSEJO COMUNITARIO MAYOR DE CASIMIRO;1
GUICAN;Jaime Raul Salamanca Torres;PARTIDO ALIANZA VERDE;155
GUICAN;Pedro Jose Suarez Vacca;PACTO HISTÓRICO;103
GUICAN;Oscar Leonardo Avila Romero;PARTIDO CAMBIO RADICAL;99
GUICAN;Hector Angel Ortiz Nuñez;PARTIDO CENTRO DEMOCRÁTICO;64
GUICAN;Wilder Ivan Suesca Ochoa;PARTIDO CONSERVADOR COLOMBIANO;57
GUICAN;Partido Alianza Verde;PARTIDO ALIANZA VERDE;39
GUICAN;Wilmer Yair Castellanos Hernandez;PARTIDO ALIANZA VERDE;36
GUICAN;Luis Guillermo Barrera Gutierrez;PARTIDO CAMBIO RADICAL;35
GUICAN;Luis Alejandro Gutierrez Sanabria;PARTIDO ALIANZA VERDE;30
GUICAN;Jonatan Sanchez Garavito;PARTIDO CAMBIO RADICAL;29
GUICAN;Humphrey Roa Sarmiento;PARTIDO CONSERVADOR COLOMBIANO;27
GUICAN;Partido Conservador Colombiano;PARTIDO CONSERVADOR COLOMBIANO;27
GUICAN;Olga Yaneth Beltran Dorado;PARTIDO CENTRO DEMOCRÁTICO;23
GUICAN;German Tiberio Ojeda Pedraza;PARTIDO ALIANZA VERDE;22
GUICAN;Laura Andrea Bello Porras;PARTIDO ALIANZA VERDE;19
GUICAN;Pacto Histórico;PACTO HISTÓRICO;19
GUICAN;Eduar Alexis Triana Rincon;PARTIDO CENTRO DEMOCRÁTICO;18
GUICAN;Guillermo Leonardo Sanchez Sanchez;PARTIDO CENTRO DEMOCRÁTICO;18
GUICAN;Jose Giovany Pinzon Baez;PACTO HISTÓRICO;17
GUICAN;Cindy Yohana Bohorquez Garzon;PARTIDO CONSERVADOR COLOMBIANO;14
GUICAN;Ingrid Marlen Sogamoso Alfonso;PARTIDO CONSERVADOR COLOMBIANO;14
GUICAN;Partido Centro Democrático;PARTIDO CENTRO DEMOCRÁTICO;14
GUICAN;Karen Lucia Molano Granados;PARTIDO ALIANZA VERDE;13
GUICAN;Sandro Nestor Condia Perez;PARTIDO LIBERAL COLOMBIANO;11
GUICAN;Jairo Enrique Castiblanco Parra;COALICIÓN PARTIDOS DE LA U - MIRA - COLOMBIA JUSTA LIBRES - ASI;10
GUICAN;Pablo Emilio Cepeda Novoa;PARTIDO CAMBIO RADICAL;10
GUICAN;Jose Fernando Morales Acuña;PARTIDO CONSERVADOR COLOMBIANO;9
GUICAN;William Donato Gomez;PARTIDO CENTRO DEMOCRÁTICO;9
GUICAN;Hector David Chaparro Chaparro;PARTIDO LIBERAL COLOMBIANO;7
GUICAN;Jorge Eliecer Cortes Martinez;PARTIDO LIBERAL COLOMBIANO;7
GUICAN;Monica Yanneth Quiroga Castillo;PARTIDO CAMBIO RADICAL;7
GUICAN;Olga Natalie Manrique Abril;COALICIÓN PARTIDOS DE LA U - MIRA - COLOMBIA JUSTA LIBRES - ASI;7
GUICAN;Jose Dario Mahecha Castillo;PARTIDO CONSERVADOR COLOMBIANO;6
GUICAN;Karol Ricardo Ramirez Silva;PACTO HISTÓRICO;5
GUICAN;Lupe Isabel Lopez Marquez;PARTIDO CAMBIO RADICAL;5
GUICAN;Wilson Castiblanco Gil;PARTIDO LIBERAL COLOMBIANO;5
GUICAN;Jorge Ivan Amarillo Giraldo;COALICIÓN PARTIDOS DE LA U - MIRA - COLOMBIA JUSTA LIBRES - ASI;4
GUICAN;Maryory Catherin Ortiz Alvarez;PACTO HISTÓRICO;4
GUICAN;Norman David Bañol Alvarez;"MOVIMIENTO ALTERNATIVO INDÍGENA SOCIAL ""MAIS""";4
GUICAN;Partido Cambio Radical;PARTIDO CAMBIO RADICAL;4
GUICAN;Andres Alfonso Tarazona Parra;CONSEJO COMUNITARIO DE COMUNIDADES NEGRAS SOCOLANDO;3
GUICAN;Carolina Del Pilar Rodriguez Contreras;PACTO HISTÓRICO;3
GUICAN;Diana Carolina Suarez Muñoz;COALICIÓN PARTIDOS DE LA U - MIRA - COLOMBIA JUSTA LIBRES - ASI;3
GUICAN;Partido Nuevo Liberalismo;PARTIDO NUEVO LIBERALISMO;3
GUICAN;Jorge Ivan Mina Lasso;CONSEJO COMUNITARIO MANUEL ZAPATA OLIVELLA DE SAN ANTERO;2
GUICAN;Leidy Alejandra Moreno Sanchez;PACTO HISTÓRICO;2
GUICAN;"Movimiento Alternativo Indígena Social ""Mais""";"MOVIMIENTO ALTERNATIVO INDÍGENA SOCIAL ""MAIS""";2
GUICAN;Nidia Milena Torres Paez;PARTIDO CENTRO DEMOCRÁTICO;2
GUICAN;Pablo Mendoza Vargas;COALICIÓN PARTIDOS DE LA U - MIRA - COLOMBIA JUSTA LIBRES - ASI;2
GUICAN;Cenobia Torcuato Caicedo;"MOVIMIENTO ALTERNATIVO INDÍGENA SOCIAL ""MAIS""";1
GUICAN;Claudia Beatriz Duarte Acosta;PARTIDO NUEVO LIBERALISMO;1
GUICAN;Mayda Cecilia Velasquez Rueda;PARTIDO LIBERAL COLOMBIANO;1
GUICAN;William Fernando Granados;PARTIDO NUEVO LIBERALISMO;1
IZA;Karol Ricardo Ramirez Silva;PACTO HISTÓRICO;124
IZA;Jaime Raul Salamanca Torres;PARTIDO ALIANZA VERDE;70
IZA;Jose Giovany Pinzon Baez;PACTO HISTÓRICO;67
IZA;Guillermo Leonardo Sanchez Sanchez;PARTIDO CENTRO DEMOCRÁTICO;66
IZA;William Donato Gomez;PARTIDO CENTRO DEMOCRÁTICO;64
IZA;Wilmer Yair Castellanos Hernandez;PARTIDO ALIANZA VERDE;60
IZA;Hector David Chaparro Chaparro;PARTIDO LIBERAL COLOMBIANO;44
IZA;Luis Alejandro Gutierrez Sanabria;PARTIDO ALIANZA VERDE;42
IZA;Jonatan Sanchez Garavito;PARTIDO CAMBIO RADICAL;31
IZA;Pacto Histórico;PACTO HISTÓRICO;31
IZA;Hector Angel Ortiz Nuñez;PARTIDO CENTRO DEMOCRÁTICO;26
IZA;Jairo Enrique Castiblanco Parra;COALICIÓN PARTIDOS DE LA U - MIRA - COLOMBIA JUSTA LIBRES - ASI;24
IZA;Pedro Jose Suarez Vacca;PACTO HISTÓRICO;23
IZA;Oscar Leonardo Avila Romero;PARTIDO CAMBIO RADICAL;22
IZA;Partido Alianza Verde;PARTIDO ALIANZA VERDE;17
IZA;Jorge Eliecer Cortes Martinez;PARTIDO LIBERAL COLOMBIANO;16
IZA;Olga Yaneth Beltran Dorado;PARTIDO CENTRO DEMOCRÁTICO;15
IZA;Luis Guillermo Barrera Gutierrez;PARTIDO CAMBIO RADICAL;14
IZA;German Tiberio Ojeda Pedraza;PARTIDO ALIANZA VERDE;12
IZA;Humphrey Roa Sarmiento;PARTIDO CONSERVADOR COLOMBIANO;12
IZA;Jorge Ivan Amarillo Giraldo;COALICIÓN PARTIDOS DE LA U - MIRA - COLOMBIA JUSTA LIBRES - ASI;11
IZA;Maryory Catherin Ortiz Alvarez;PACTO HISTÓRICO;11
IZA;Jose Fernando Morales Acuña;PARTIDO CONSERVADOR COLOMBIANO;10
IZA;Karen Lucia Molano Granados;PARTIDO ALIANZA VERDE;10
IZA;Leidy Alejandra Moreno Sanchez;PACTO HISTÓRICO;10
IZA;Eduar Alexis Triana Rincon;PARTIDO CENTRO DEMOCRÁTICO;6
IZA;Jose Dario Mahecha Castillo;PARTIDO CONSERVADOR COLOMBIANO;6
IZA;Partido Centro Democrático;PARTIDO CENTRO DEMOCRÁTICO;6
IZA;Partido Liberal Colombiano;PARTIDO LIBERAL COLOMBIANO;6
IZA;Partido Nuevo Liberalismo;PARTIDO NUEVO LIBERALISMO;6
IZA;Sandro Nestor Condia Perez;PARTIDO LIBERAL COLOMBIANO;6
IZA;Wilder Ivan Suesca Ochoa;PARTIDO CONSERVADOR COLOMBIANO;6
IZA;Cindy Yohana Bohorquez Garzon;PARTIDO CONSERVADOR COLOMBIANO;5
IZA;Jorge Arturo Mayorga Esguerra;COALICIÓN PARTIDOS DE LA U - MIRA - COLOMBIA JUSTA LIBRES - ASI;5
IZA;Pablo Emilio Cepeda Novoa;PARTIDO CAMBIO RADICAL;5
IZA;Carolina Del Pilar Rodriguez Contreras;PACTO HISTÓRICO;4
IZA;Claudia Beatriz Duarte Acosta;PARTIDO NUEVO LIBERALISMO;4
IZA;Ingrid Marlen Sogamoso Alfonso;PARTIDO CONSERVADOR COLOMBIANO;4
IZA;Laura Andrea Bello Porras;PARTIDO ALIANZA VERDE;4
IZA;Olga Maria Chivata Vargas;PARTIDO NUEVO LIBERALISMO;4
IZA;Partido Cambio Radical;PARTIDO CAMBIO RADICAL;4
IZA;Partido Político Dignidad;PARTIDO POLÍTICO DIGNIDAD;4
IZA;Diana Carolina Suarez Muñoz;COALICIÓN PARTIDOS DE LA U - MIRA - COLOMBIA JUSTA LIBRES - ASI;3
IZA;Lupe Isabel Lopez Marquez;PARTIDO CAMBIO RADICAL;3
IZA;Mayra Alejandra Viancha Sanabria;PARTIDO LIBERAL COLOMBIANO;3
IZA;Consejo Comunitario De Comunidades Negras De Campo  Hermoso;CONSEJO COMUNITARIO DE COMUNIDADES NEGRAS DE CAMPO HERMOSO;2
IZA;Fernando Ríos Hidalgo;FERNANDO RÍOS HIDALGO;2
IZA;Mayda Cecilia Velasquez Rueda;PARTIDO LIBERAL COLOMBIANO;2
IZA;Monica Yanneth Quiroga Castillo;PARTIDO CAMBIO RADICAL;2
IZA;Partido Conservador Colombiano;PARTIDO CONSERVADOR COLOMBIANO;2
IZA;William Fernando Granados;PARTIDO NUEVO LIBERALISMO;2
IZA;Wilson Castiblanco Gil;PARTIDO LIBERAL COLOMBIANO;2
IZA;Movimiento Alianza Democrática Amplia;MOVIMIENTO ALIANZA DEMOCRÁTICA AMPLIA;1
IZA;Olga Natalie Manrique Abril;COALICIÓN PARTIDOS DE LA U - MIRA - COLOMBIA JUSTA LIBRES - ASI;1
IZA;Pablo Mendoza Vargas;COALICIÓN PARTIDOS DE LA U - MIRA - COLOMBIA JUSTA LIBRES - ASI;1
JENESANO;Wilmer Yair Castellanos Hernandez;PARTIDO ALIANZA VERDE;758
JENESANO;Hector David Chaparro Chaparro;PARTIDO LIBERAL COLOMBIANO;352
JENESANO;Hector Angel Ortiz Nuñez;PARTIDO CENTRO DEMOCRÁTICO;163
JENESANO;Partido Alianza Verde;PARTIDO ALIANZA VERDE;93
JENESANO;Pedro Jose Suarez Vacca;PACTO HISTÓRICO;80
JENESANO;Pacto Histórico;PACTO HISTÓRICO;74
JENESANO;Jose Giovany Pinzon Baez;PACTO HISTÓRICO;60
JENESANO;Karen Lucia Molano Granados;PARTIDO ALIANZA VERDE;60
JENESANO;German Tiberio Ojeda Pedraza;PARTIDO ALIANZA VERDE;58
JENESANO;Jaime Raul Salamanca Torres;PARTIDO ALIANZA VERDE;44
JENESANO;Diana Carolina Suarez Muñoz;COALICIÓN PARTIDOS DE LA U - MIRA - COLOMBIA JUSTA LIBRES - ASI;38
JENESANO;Luis Alejandro Gutierrez Sanabria;PARTIDO ALIANZA VERDE;34
JENESANO;Wilson Castiblanco Gil;PARTIDO LIBERAL COLOMBIANO;32
JENESANO;Oscar Leonardo Avila Romero;PARTIDO CAMBIO RADICAL;30
JENESANO;Guillermo Leonardo Sanchez Sanchez;PARTIDO CENTRO DEMOCRÁTICO;29
JENESANO;Jorge Eliecer Cortes Martinez;PARTIDO LIBERAL COLOMBIANO;24
JENESANO;Partido Liberal Colombiano;PARTIDO LIBERAL COLOMBIANO;23
JENESANO;Carolina Del Pilar Rodriguez Contreras;PACTO HISTÓRICO;22
JENESANO;Laura Andrea Bello Porras;PARTIDO ALIANZA VERDE;21
JENESANO;Partido Centro Democrático;PARTIDO CENTRO DEMOCRÁTICO;21
JENESANO;Wilder Ivan Suesca Ochoa;PARTIDO CONSERVADOR COLOMBIANO;21
JENESANO;Pablo Emilio Cepeda Novoa;PARTIDO CAMBIO RADICAL;19
JENESANO;Jairo Enrique Castiblanco Parra;COALICIÓN PARTIDOS DE LA U - MIRA - COLOMBIA JUSTA LIBRES - ASI;15
JENESANO;Olga Natalie Manrique Abril;COALICIÓN PARTIDOS DE LA U - MIRA - COLOMBIA JUSTA LIBRES - ASI;13
JENESANO;Olga Yaneth Beltran Dorado;PARTIDO CENTRO DEMOCRÁTICO;13
JENESANO;Pablo Mendoza Vargas;COALICIÓN PARTIDOS DE LA U - MIRA - COLOMBIA JUSTA LIBRES - ASI;13
JENESANO;Ingrid Marlen Sogamoso Alfonso;PARTIDO CONSERVADOR COLOMBIANO;12
JENESANO;Cindy Yohana Bohorquez Garzon;PARTIDO CONSERVADOR COLOMBIANO;10
JENESANO;Lupe Isabel Lopez Marquez;PARTIDO CAMBIO RADICAL;10
JENESANO;William Donato Gomez;PARTIDO CENTRO DEMOCRÁTICO;10
JENESANO;Nidia Milena Torres Paez;PARTIDO CENTRO DEMOCRÁTICO;9
JENESANO;Partido Nuevo Liberalismo;PARTIDO NUEVO LIBERALISMO;9
JENESANO;Jorge Arturo Mayorga Esguerra;COALICIÓN PARTIDOS DE LA U - MIRA - COLOMBIA JUSTA LIBRES - ASI;8
JENESANO;Leidy Alejandra Moreno Sanchez;PACTO HISTÓRICO;8
JENESANO;Eduar Alexis Triana Rincon;PARTIDO CENTRO DEMOCRÁTICO;7
JENESANO;Humphrey Roa Sarmiento;PARTIDO CONSERVADOR COLOMBIANO;7
JENESANO;Jorge Ivan Amarillo Giraldo;COALICIÓN PARTIDOS DE LA U - MIRA - COLOMBIA JUSTA LIBRES - ASI;7
JENESANO;Jose Dario Mahecha Castillo;PARTIDO CONSERVADOR COLOMBIANO;7
JENESANO;Mayda Cecilia Velasquez Rueda;PARTIDO LIBERAL COLOMBIANO;7
JENESANO;Luis Guillermo Barrera Gutierrez;PARTIDO CAMBIO RADICAL;6
JENESANO;Claudia Beatriz Duarte Acosta;PARTIDO NUEVO LIBERALISMO;5
JENESANO;Jonatan Sanchez Garavito;PARTIDO CAMBIO RADICAL;5
JENESANO;Maryory Catherin Ortiz Alvarez;PACTO HISTÓRICO;5
JENESANO;Mayra Alejandra Viancha Sanabria;PARTIDO LIBERAL COLOMBIANO;5
JENESANO;Partido Conservador Colombiano;PARTIDO CONSERVADOR COLOMBIANO;5
JENESANO;Partido Político Dignidad;PARTIDO POLÍTICO DIGNIDAD;5
JENESANO;Coalición Partidos De La U - Mira - Colombia Justa  Libres - Asi;COALICIÓN PARTIDOS DE LA U - MIRA - COLOMBIA JUSTA LIBRES - ASI;4
JENESANO;Karol Ricardo Ramirez Silva;PACTO HISTÓRICO;4
JENESANO;Henry De Jesus Puerto Vasquez;PARTIDO NUEVO LIBERALISMO;3
JENESANO;Jose Fernando Morales Acuña;PARTIDO CONSERVADOR COLOMBIANO;3
JENESANO;Movimiento De Salvación Nacional;MOVIMIENTO DE SALVACIÓN NACIONAL;3
JENESANO;Partido Cambio Radical;PARTIDO CAMBIO RADICAL;3
JENESANO;Sandro Nestor Condia Perez;PARTIDO LIBERAL COLOMBIANO;3
JENESANO;William Fernando Granados;PARTIDO NUEVO LIBERALISMO;3
JENESANO;Fernando Ríos Hidalgo;FERNANDO RÍOS HIDALGO;2
JENESANO;Monica Yanneth Quiroga Castillo;PARTIDO CAMBIO RADICAL;2
JENESANO;Olga Maria Chivata Vargas;PARTIDO NUEVO LIBERALISMO;2
JENESANO;C.C La Toma;C.C LA TOMA;1
JENESANO;Consejo Comunitario Integral De Lloró;CONSEJO COMUNITARIO INTEGRAL DE LLORÓ;1
JENESANO;Ermes Rafael Urzola De La Barrera;ASOCIACIÓN NACIONAL DE CABILDOS Y AUTORIDADES INDÍGENAS EN COLOMBIA ANICOL;1
JENESANO;Jorge Ivan Mina Lasso;CONSEJO COMUNITARIO MANUEL ZAPATA OLIVELLA DE SAN ANTERO;1
JERICO;Jairo Enrique Castiblanco Parra;COALICIÓN PARTIDOS DE LA U - MIRA - COLOMBIA JUSTA LIBRES - ASI;132
JERICO;Guillermo Leonardo Sanchez Sanchez;PARTIDO CENTRO DEMOCRÁTICO;63
JERICO;Wilder Ivan Suesca Ochoa;PARTIDO CONSERVADOR COLOMBIANO;63
JERICO;Jaime Raul Salamanca Torres;PARTIDO ALIANZA VERDE;54
JERICO;Hector David Chaparro Chaparro;PARTIDO LIBERAL COLOMBIANO;50
JERICO;Eduar Alexis Triana Rincon;PARTIDO CENTRO DEMOCRÁTICO;49
JERICO;Partido Alianza Verde;PARTIDO ALIANZA VERDE;48
JERICO;Hector Angel Ortiz Nuñez;PARTIDO CENTRO DEMOCRÁTICO;45
JERICO;German Tiberio Ojeda Pedraza;PARTIDO ALIANZA VERDE;38
JERICO;Partido Centro Democrático;PARTIDO CENTRO DEMOCRÁTICO;34
JERICO;Ingrid Marlen Sogamoso Alfonso;PARTIDO CONSERVADOR COLOMBIANO;30
JERICO;Luis Guillermo Barrera Gutierrez;PARTIDO CAMBIO RADICAL;23
JERICO;Pedro Jose Suarez Vacca;PACTO HISTÓRICO;21
JERICO;Olga Natalie Manrique Abril;COALICIÓN PARTIDOS DE LA U - MIRA - COLOMBIA JUSTA LIBRES - ASI;20
JERICO;Olga Yaneth Beltran Dorado;PARTIDO CENTRO DEMOCRÁTICO;17
JERICO;Partido Conservador Colombiano;PARTIDO CONSERVADOR COLOMBIANO;16
JERICO;Jose Giovany Pinzon Baez;PACTO HISTÓRICO;15
JERICO;Pacto Histórico;PACTO HISTÓRICO;14
JERICO;Luis Alejandro Gutierrez Sanabria;PARTIDO ALIANZA VERDE;13
JERICO;Jose Fernando Morales Acuña;PARTIDO CONSERVADOR COLOMBIANO;11
JERICO;Diana Carolina Suarez Muñoz;COALICIÓN PARTIDOS DE LA U - MIRA - COLOMBIA JUSTA LIBRES - ASI;10
JERICO;Laura Andrea Bello Porras;PARTIDO ALIANZA VERDE;10
JERICO;Nidia Milena Torres Paez;PARTIDO CENTRO DEMOCRÁTICO;10
JERICO;Cindy Yohana Bohorquez Garzon;PARTIDO CONSERVADOR COLOMBIANO;9
JERICO;Jose Dario Mahecha Castillo;PARTIDO CONSERVADOR COLOMBIANO;9
JERICO;Humphrey Roa Sarmiento;PARTIDO CONSERVADOR COLOMBIANO;8
JERICO;Jonatan Sanchez Garavito;PARTIDO CAMBIO RADICAL;8
JERICO;Coalición Partidos De La U - Mira - Colombia Justa  Libres - Asi;COALICIÓN PARTIDOS DE LA U - MIRA - COLOMBIA JUSTA LIBRES - ASI;7
JERICO;Maryory Catherin Ortiz Alvarez;PACTO HISTÓRICO;7
JERICO;Mayra Alejandra Viancha Sanabria;PARTIDO LIBERAL COLOMBIANO;7
JERICO;Pablo Mendoza Vargas;COALICIÓN PARTIDOS DE LA U - MIRA - COLOMBIA JUSTA LIBRES - ASI;7
JERICO;Partido Nuevo Liberalismo;PARTIDO NUEVO LIBERALISMO;7
JERICO;William Donato Gomez;PARTIDO CENTRO DEMOCRÁTICO;7
JERICO;Wilmer Yair Castellanos Hernandez;PARTIDO ALIANZA VERDE;7
JERICO;Monica Yanneth Quiroga Castillo;PARTIDO CAMBIO RADICAL;6
JERICO;Jorge Ivan Amarillo Giraldo;COALICIÓN PARTIDOS DE LA U - MIRA - COLOMBIA JUSTA LIBRES - ASI;5
JERICO;Wilson Castiblanco Gil;PARTIDO LIBERAL COLOMBIANO;5
JERICO;Claudia Beatriz Duarte Acosta;PARTIDO NUEVO LIBERALISMO;4
JERICO;Jorge Arturo Mayorga Esguerra;COALICIÓN PARTIDOS DE LA U - MIRA - COLOMBIA JUSTA LIBRES - ASI;4
JERICO;Karen Lucia Molano Granados;PARTIDO ALIANZA VERDE;4
JERICO;Leidy Alejandra Moreno Sanchez;PACTO HISTÓRICO;4
JERICO;Pablo Emilio Cepeda Novoa;PARTIDO CAMBIO RADICAL;4
JERICO;Carolina Del Pilar Rodriguez Contreras;PACTO HISTÓRICO;3
JERICO;Lupe Isabel Lopez Marquez;PARTIDO CAMBIO RADICAL;3
JERICO;Mayda Cecilia Velasquez Rueda;PARTIDO LIBERAL COLOMBIANO;3
JERICO;Partido Liberal Colombiano;PARTIDO LIBERAL COLOMBIANO;3
JERICO;Jorge Eliecer Cortes Martinez;PARTIDO LIBERAL COLOMBIANO;2
JERICO;Karol Ricardo Ramirez Silva;PACTO HISTÓRICO;2
JERICO;Olga Maria Chivata Vargas;PARTIDO NUEVO LIBERALISMO;2
JERICO;Oscar Leonardo Avila Romero;PARTIDO CAMBIO RADICAL;2
JERICO;Partido Cambio Radical;PARTIDO CAMBIO RADICAL;2
JERICO;Sandro Nestor Condia Perez;PARTIDO LIBERAL COLOMBIANO;2
JERICO;Partido Político Dignidad;PARTIDO POLÍTICO DIGNIDAD;1
LA CAPILLA;Ingrid Marlen Sogamoso Alfonso;PARTIDO CONSERVADOR COLOMBIANO;382
LA CAPILLA;Jaime Raul Salamanca Torres;PARTIDO ALIANZA VERDE;59
LA CAPILLA;Hector David Chaparro Chaparro;PARTIDO LIBERAL COLOMBIANO;53
LA CAPILLA;Wilmer Yair Castellanos Hernandez;PARTIDO ALIANZA VERDE;49
LA CAPILLA;Wilder Ivan Suesca Ochoa;PARTIDO CONSERVADOR COLOMBIANO;48
LA CAPILLA;Jairo Enrique Castiblanco Parra;COALICIÓN PARTIDOS DE LA U - MIRA - COLOMBIA JUSTA LIBRES - ASI;47
LA CAPILLA;Partido Conservador Colombiano;PARTIDO CONSERVADOR COLOMBIANO;28
LA CAPILLA;Guillermo Leonardo Sanchez Sanchez;PARTIDO CENTRO DEMOCRÁTICO;27
LA CAPILLA;Jose Dario Mahecha Castillo;PARTIDO CONSERVADOR COLOMBIANO;27
LA CAPILLA;Pacto Histórico;PACTO HISTÓRICO;27
LA CAPILLA;Jose Giovany Pinzon Baez;PACTO HISTÓRICO;21
LA CAPILLA;Diana Carolina Suarez Muñoz;COALICIÓN PARTIDOS DE LA U - MIRA - COLOMBIA JUSTA LIBRES - ASI;20
LA CAPILLA;Partido Alianza Verde;PARTIDO ALIANZA VERDE;18
LA CAPILLA;Jorge Eliecer Cortes Martinez;PARTIDO LIBERAL COLOMBIANO;17
LA CAPILLA;Luis Alejandro Gutierrez Sanabria;PARTIDO ALIANZA VERDE;16
LA CAPILLA;Pedro Jose Suarez Vacca;PACTO HISTÓRICO;15
LA CAPILLA;Cindy Yohana Bohorquez Garzon;PARTIDO CONSERVADOR COLOMBIANO;13
LA CAPILLA;Oscar Leonardo Avila Romero;PARTIDO CAMBIO RADICAL;13
LA CAPILLA;Karen Lucia Molano Granados;PARTIDO ALIANZA VERDE;12
LA CAPILLA;Mayda Cecilia Velasquez Rueda;PARTIDO LIBERAL COLOMBIANO;11
LA CAPILLA;Pablo Emilio Cepeda Novoa;PARTIDO CAMBIO RADICAL;11
LA CAPILLA;German Tiberio Ojeda Pedraza;PARTIDO ALIANZA VERDE;7
LA CAPILLA;Jose Fernando Morales Acuña;PARTIDO CONSERVADOR COLOMBIANO;7
LA CAPILLA;Partido Centro Democrático;PARTIDO CENTRO DEMOCRÁTICO;7
LA CAPILLA;Carolina Del Pilar Rodriguez Contreras;PACTO HISTÓRICO;6
LA CAPILLA;Humphrey Roa Sarmiento;PARTIDO CONSERVADOR COLOMBIANO;6
LA CAPILLA;William Donato Gomez;PARTIDO CENTRO DEMOCRÁTICO;6
LA CAPILLA;Hector Angel Ortiz Nuñez;PARTIDO CENTRO DEMOCRÁTICO;5
LA CAPILLA;Henry De Jesus Puerto Vasquez;PARTIDO NUEVO LIBERALISMO;5
LA CAPILLA;Jorge Arturo Mayorga Esguerra;COALICIÓN PARTIDOS DE LA U - MIRA - COLOMBIA JUSTA LIBRES - ASI;5
LA CAPILLA;Jorge Ivan Amarillo Giraldo;COALICIÓN PARTIDOS DE LA U - MIRA - COLOMBIA JUSTA LIBRES - ASI;5
LA CAPILLA;Laura Andrea Bello Porras;PARTIDO ALIANZA VERDE;5
LA CAPILLA;Lupe Isabel Lopez Marquez;PARTIDO CAMBIO RADICAL;5
LA CAPILLA;Partido Liberal Colombiano;PARTIDO LIBERAL COLOMBIANO;5
LA CAPILLA;Maryory Catherin Ortiz Alvarez;PACTO HISTÓRICO;4
LA CAPILLA;Olga Yaneth Beltran Dorado;PARTIDO CENTRO DEMOCRÁTICO;4
LA CAPILLA;Karol Ricardo Ramirez Silva;PACTO HISTÓRICO;3
LA CAPILLA;Leidy Alejandra Moreno Sanchez;PACTO HISTÓRICO;3
LA CAPILLA;Pablo Mendoza Vargas;COALICIÓN PARTIDOS DE LA U - MIRA - COLOMBIA JUSTA LIBRES - ASI;3
LA CAPILLA;Sandro Nestor Condia Perez;PARTIDO LIBERAL COLOMBIANO;3
LA CAPILLA;Mayra Alejandra Viancha Sanabria;PARTIDO LIBERAL COLOMBIANO;2
LA CAPILLA;Nidia Milena Torres Paez;PARTIDO CENTRO DEMOCRÁTICO;2
LA CAPILLA;Partido Nuevo Liberalismo;PARTIDO NUEVO LIBERALISMO;2
LA CAPILLA;Coalición Partidos De La U - Mira - Colombia Justa  Libres - Asi;COALICIÓN PARTIDOS DE LA U - MIRA - COLOMBIA JUSTA LIBRES - ASI;1
LA CAPILLA;Consejo Comunitario Bocas De Taparal;CONSEJO COMUNITARIO BOCAS DE TAPARAL;1
LA CAPILLA;Monica Yanneth Quiroga Castillo;PARTIDO CAMBIO RADICAL;1
LA CAPILLA;Olga Maria Chivata Vargas;PARTIDO NUEVO LIBERALISMO;1
LA CAPILLA;Olga Natalie Manrique Abril;COALICIÓN PARTIDOS DE LA U - MIRA - COLOMBIA JUSTA LIBRES - ASI;1
LA CAPILLA;Salomon Rafael Ruiz Bertel;CABILDO INDÍGENA AYWJAWASHI;1
LA CAPILLA;Wilson Castiblanco Gil;PARTIDO LIBERAL COLOMBIANO;1
LA UVITA;Jaime Raul Salamanca Torres;PARTIDO ALIANZA VERDE;288
LA UVITA;Humphrey Roa Sarmiento;PARTIDO CONSERVADOR COLOMBIANO;77
LA UVITA;Jairo Enrique Castiblanco Parra;COALICIÓN PARTIDOS DE LA U - MIRA - COLOMBIA JUSTA LIBRES - ASI;75
LA UVITA;Jose Giovany Pinzon Baez;PACTO HISTÓRICO;58
LA UVITA;Hector Angel Ortiz Nuñez;PARTIDO CENTRO DEMOCRÁTICO;46
LA UVITA;Partido Alianza Verde;PARTIDO ALIANZA VERDE;42
LA UVITA;Luis Guillermo Barrera Gutierrez;PARTIDO CAMBIO RADICAL;36
LA UVITA;Wilder Ivan Suesca Ochoa;PARTIDO CONSERVADOR COLOMBIANO;35
LA UVITA;Guillermo Leonardo Sanchez Sanchez;PARTIDO CENTRO DEMOCRÁTICO;34
LA UVITA;Karen Lucia Molano Granados;PARTIDO ALIANZA VERDE;29
LA UVITA;Eduar Alexis Triana Rincon;PARTIDO CENTRO DEMOCRÁTICO;26
LA UVITA;German Tiberio Ojeda Pedraza;PARTIDO ALIANZA VERDE;23
LA UVITA;Luis Alejandro Gutierrez Sanabria;PARTIDO ALIANZA VERDE;21
LA UVITA;Jonatan Sanchez Garavito;PARTIDO CAMBIO RADICAL;19
LA UVITA;Olga Yaneth Beltran Dorado;PARTIDO CENTRO DEMOCRÁTICO;17
LA UVITA;Cindy Yohana Bohorquez Garzon;PARTIDO CONSERVADOR COLOMBIANO;13
LA UVITA;Jorge Eliecer Cortes Martinez;PARTIDO LIBERAL COLOMBIANO;12
LA UVITA;William Donato Gomez;PARTIDO CENTRO DEMOCRÁTICO;12
LA UVITA;Wilmer Yair Castellanos Hernandez;PARTIDO ALIANZA VERDE;12
LA UVITA;Maryory Catherin Ortiz Alvarez;PACTO HISTÓRICO;11
LA UVITA;Hector David Chaparro Chaparro;PARTIDO LIBERAL COLOMBIANO;10
LA UVITA;Laura Andrea Bello Porras;PARTIDO ALIANZA VERDE;10
LA UVITA;Ingrid Marlen Sogamoso Alfonso;PARTIDO CONSERVADOR COLOMBIANO;7
LA UVITA;Oscar Leonardo Avila Romero;PARTIDO CAMBIO RADICAL;7
LA UVITA;Pacto Histórico;PACTO HISTÓRICO;7
LA UVITA;Partido Centro Democrático;PARTIDO CENTRO DEMOCRÁTICO;7
LA UVITA;Partido Conservador Colombiano;PARTIDO CONSERVADOR COLOMBIANO;7
LA UVITA;Pedro Jose Suarez Vacca;PACTO HISTÓRICO;7
LA UVITA;Henry De Jesus Puerto Vasquez;PARTIDO NUEVO LIBERALISMO;6
LA UVITA;Jose Dario Mahecha Castillo;PARTIDO CONSERVADOR COLOMBIANO;5
LA UVITA;Pablo Emilio Cepeda Novoa;PARTIDO CAMBIO RADICAL;5
LA UVITA;Karol Ricardo Ramirez Silva;PACTO HISTÓRICO;4
LA UVITA;Movimiento De Salvación Nacional;MOVIMIENTO DE SALVACIÓN NACIONAL;4
LA UVITA;Nidia Milena Torres Paez;PARTIDO CENTRO DEMOCRÁTICO;4
LA UVITA;Claudia Beatriz Duarte Acosta;PARTIDO NUEVO LIBERALISMO;3
LA UVITA;Edison Enrique Massa Samper;PALENQUE DE LA VEREDA LAS TRECIENTAS Y DEL MUNICIPIO DE GALAPA;3
LA UVITA;Fernando Ríos Hidalgo;FERNANDO RÍOS HIDALGO;3
LA UVITA;Jose Fernando Morales Acuña;PARTIDO CONSERVADOR COLOMBIANO;3
LA UVITA;Monica Yanneth Quiroga Castillo;PARTIDO CAMBIO RADICAL;3
LA UVITA;Partido Cambio Radical;PARTIDO CAMBIO RADICAL;3
LA UVITA;Partido Nuevo Liberalismo;PARTIDO NUEVO LIBERALISMO;3
LA UVITA;Wilson Castiblanco Gil;PARTIDO LIBERAL COLOMBIANO;3
LA UVITA;Carolina Del Pilar Rodriguez Contreras;PACTO HISTÓRICO;2
LA UVITA;Jorge Ivan Amarillo Giraldo;COALICIÓN PARTIDOS DE LA U - MIRA - COLOMBIA JUSTA LIBRES - ASI;2
LA UVITA;Leidy Alejandra Moreno Sanchez;PACTO HISTÓRICO;2
LA UVITA;Mayda Cecilia Velasquez Rueda;PARTIDO LIBERAL COLOMBIANO;2
LA UVITA;Norman David Bañol Alvarez;"MOVIMIENTO ALTERNATIVO INDÍGENA SOCIAL ""MAIS""";2
LA UVITA;Olga Maria Chivata Vargas;PARTIDO NUEVO LIBERALISMO;2
LA UVITA;Partido Político Dignidad;PARTIDO POLÍTICO DIGNIDAD;2
LA UVITA;Coalición Partidos De La U - Mira - Colombia Justa  Libres - Asi;COALICIÓN PARTIDOS DE LA U - MIRA - COLOMBIA JUSTA LIBRES - ASI;1
LA UVITA;Jorge Arturo Mayorga Esguerra;COALICIÓN PARTIDOS DE LA U - MIRA - COLOMBIA JUSTA LIBRES - ASI;1
LA UVITA;Jorge Ivan Mina Lasso;CONSEJO COMUNITARIO MANUEL ZAPATA OLIVELLA DE SAN ANTERO;1
LA UVITA;Lupe Isabel Lopez Marquez;PARTIDO CAMBIO RADICAL;1
LA UVITA;Mayra Alejandra Viancha Sanabria;PARTIDO LIBERAL COLOMBIANO;1
LA UVITA;Pablo Mendoza Vargas;COALICIÓN PARTIDOS DE LA U - MIRA - COLOMBIA JUSTA LIBRES - ASI;1
LA UVITA;Resguardo Indígena Zenú Del Alto San Jorge;RESGUARDO INDÍGENA ZENÚ DEL ALTO SAN JORGE;1
LA UVITA;Somos Identidad;SOMOS IDENTIDAD;1
LA VICTORIA;Eduar Alexis Triana Rincon;PARTIDO CENTRO DEMOCRÁTICO;291
LA VICTORIA;Wilmer Yair Castellanos Hernandez;PARTIDO ALIANZA VERDE;132
LA VICTORIA;Hector David Chaparro Chaparro;PARTIDO LIBERAL COLOMBIANO;42
LA VICTORIA;Hector Angel Ortiz Nuñez;PARTIDO CENTRO DEMOCRÁTICO;39
LA VICTORIA;Jonatan Sanchez Garavito;PARTIDO CAMBIO RADICAL;27
LA VICTORIA;Luis Guillermo Barrera Gutierrez;PARTIDO CAMBIO RADICAL;23
LA VICTORIA;Wilson Castiblanco Gil;PARTIDO LIBERAL COLOMBIANO;7
LA VICTORIA;Partido Liberal Colombiano;PARTIDO LIBERAL COLOMBIANO;6
LA VICTORIA;Guillermo Leonardo Sanchez Sanchez;PARTIDO CENTRO DEMOCRÁTICO;4
LA VICTORIA;Jorge Ivan Mina Lasso;CONSEJO COMUNITARIO MANUEL ZAPATA OLIVELLA DE SAN ANTERO;4
LA VICTORIA;Mayra Alejandra Viancha Sanabria;PARTIDO LIBERAL COLOMBIANO;4
LA VICTORIA;Pacto Histórico;PACTO HISTÓRICO;4
LA VICTORIA;Partido Centro Democrático;PARTIDO CENTRO DEMOCRÁTICO;4
LA VICTORIA;Cindy Yohana Bohorquez Garzon;PARTIDO CONSERVADOR COLOMBIANO;3
LA VICTORIA;Coalición Partidos De La U - Mira - Colombia Justa  Libres - Asi;COALICIÓN PARTIDOS DE LA U - MIRA - COLOMBIA JUSTA LIBRES - ASI;3
LA VICTORIA;Partido Alianza Verde;PARTIDO ALIANZA VERDE;3
LA VICTORIA;Sandro Nestor Condia Perez;PARTIDO LIBERAL COLOMBIANO;3
LA VICTORIA;German Tiberio Ojeda Pedraza;PARTIDO ALIANZA VERDE;2
LA VICTORIA;Jaime Raul Salamanca Torres;PARTIDO ALIANZA VERDE;2
LA VICTORIA;Jairo Enrique Castiblanco Parra;COALICIÓN PARTIDOS DE LA U - MIRA - COLOMBIA JUSTA LIBRES - ASI;2
LA VICTORIA;Jose Giovany Pinzon Baez;PACTO HISTÓRICO;2
LA VICTORIA;Partido Conservador Colombiano;PARTIDO CONSERVADOR COLOMBIANO;2
LA VICTORIA;Carolina Del Pilar Rodriguez Contreras;PACTO HISTÓRICO;1
LA VICTORIA;Humphrey Roa Sarmiento;PARTIDO CONSERVADOR COLOMBIANO;1
LA VICTORIA;Jorge Eliecer Cortes Martinez;PARTIDO LIBERAL COLOMBIANO;1
LA VICTORIA;Jorge Ivan Amarillo Giraldo;COALICIÓN PARTIDOS DE LA U - MIRA - COLOMBIA JUSTA LIBRES - ASI;1
LA VICTORIA;Jose Dario Mahecha Castillo;PARTIDO CONSERVADOR COLOMBIANO;1
LA VICTORIA;Maryory Catherin Ortiz Alvarez;PACTO HISTÓRICO;1
LA VICTORIA;Mayda Cecilia Velasquez Rueda;PARTIDO LIBERAL COLOMBIANO;1
LA VICTORIA;Olga Natalie Manrique Abril;COALICIÓN PARTIDOS DE LA U - MIRA - COLOMBIA JUSTA LIBRES - ASI;1
LA VICTORIA;Olga Yaneth Beltran Dorado;PARTIDO CENTRO DEMOCRÁTICO;1
LA VICTORIA;Partido Cambio Radical;PARTIDO CAMBIO RADICAL;1
LA VICTORIA;Partido Nuevo Liberalismo;PARTIDO NUEVO LIBERALISMO;1
LA VICTORIA;Partido Político Dignidad;PARTIDO POLÍTICO DIGNIDAD;1
LA VICTORIA;Wilder Ivan Suesca Ochoa;PARTIDO CONSERVADOR COLOMBIANO;1
LA VICTORIA;William Donato Gomez;PARTIDO CENTRO DEMOCRÁTICO;1
LABRANZAGRANDE;Wilmer Yair Castellanos Hernandez;PARTIDO ALIANZA VERDE;324
LABRANZAGRANDE;Luis Guillermo Barrera Gutierrez;PARTIDO CAMBIO RADICAL;257
LABRANZAGRANDE;Hector David Chaparro Chaparro;PARTIDO LIBERAL COLOMBIANO;100
LABRANZAGRANDE;Partido Alianza Verde;PARTIDO ALIANZA VERDE;73
LABRANZAGRANDE;Jairo Enrique Castiblanco Parra;COALICIÓN PARTIDOS DE LA U - MIRA - COLOMBIA JUSTA LIBRES - ASI;62
LABRANZAGRANDE;Jaime Raul Salamanca Torres;PARTIDO ALIANZA VERDE;43
LABRANZAGRANDE;Hector Angel Ortiz Nuñez;PARTIDO CENTRO DEMOCRÁTICO;28
LABRANZAGRANDE;Karen Lucia Molano Granados;PARTIDO ALIANZA VERDE;27
LABRANZAGRANDE;Lupe Isabel Lopez Marquez;PARTIDO CAMBIO RADICAL;27
LABRANZAGRANDE;Eduar Alexis Triana Rincon;PARTIDO CENTRO DEMOCRÁTICO;21
LABRANZAGRANDE;Karol Ricardo Ramirez Silva;PACTO HISTÓRICO;21
LABRANZAGRANDE;Laura Andrea Bello Porras;PARTIDO ALIANZA VERDE;20
LABRANZAGRANDE;Partido Cambio Radical;PARTIDO CAMBIO RADICAL;19
LABRANZAGRANDE;Pedro Jose Suarez Vacca;PACTO HISTÓRICO;17
LABRANZAGRANDE;Sandro Nestor Condia Perez;PARTIDO LIBERAL COLOMBIANO;17
LABRANZAGRANDE;Pacto Histórico;PACTO HISTÓRICO;16
LABRANZAGRANDE;German Tiberio Ojeda Pedraza;PARTIDO ALIANZA VERDE;14
LABRANZAGRANDE;Jose Giovany Pinzon Baez;PACTO HISTÓRICO;14
LABRANZAGRANDE;Maryory Catherin Ortiz Alvarez;PACTO HISTÓRICO;14
LABRANZAGRANDE;Guillermo Leonardo Sanchez Sanchez;PARTIDO CENTRO DEMOCRÁTICO;13
LABRANZAGRANDE;Partido Centro Democrático;PARTIDO CENTRO DEMOCRÁTICO;12
LABRANZAGRANDE;Nidia Milena Torres Paez;PARTIDO CENTRO DEMOCRÁTICO;10
LABRANZAGRANDE;Humphrey Roa Sarmiento;PARTIDO CONSERVADOR COLOMBIANO;9
LABRANZAGRANDE;Jorge Eliecer Cortes Martinez;PARTIDO LIBERAL COLOMBIANO;9
LABRANZAGRANDE;Olga Yaneth Beltran Dorado;PARTIDO CENTRO DEMOCRÁTICO;9
LABRANZAGRANDE;Carolina Del Pilar Rodriguez Contreras;PACTO HISTÓRICO;7
LABRANZAGRANDE;Luis Alejandro Gutierrez Sanabria;PARTIDO ALIANZA VERDE;7
LABRANZAGRANDE;Oscar Leonardo Avila Romero;PARTIDO CAMBIO RADICAL;7
LABRANZAGRANDE;Jonatan Sanchez Garavito;PARTIDO CAMBIO RADICAL;6
LABRANZAGRANDE;Partido Conservador Colombiano;PARTIDO CONSERVADOR COLOMBIANO;6
LABRANZAGRANDE;Jose Dario Mahecha Castillo;PARTIDO CONSERVADOR COLOMBIANO;5
LABRANZAGRANDE;Leidy Alejandra Moreno Sanchez;PACTO HISTÓRICO;5
LABRANZAGRANDE;Mayra Alejandra Viancha Sanabria;PARTIDO LIBERAL COLOMBIANO;5
LABRANZAGRANDE;Pablo Emilio Cepeda Novoa;PARTIDO CAMBIO RADICAL;5
LABRANZAGRANDE;Partido Liberal Colombiano;PARTIDO LIBERAL COLOMBIANO;5
LABRANZAGRANDE;Wilder Ivan Suesca Ochoa;PARTIDO CONSERVADOR COLOMBIANO;5
LABRANZAGRANDE;Wilson Castiblanco Gil;PARTIDO LIBERAL COLOMBIANO;5
LABRANZAGRANDE;Coalición Partidos De La U - Mira - Colombia Justa  Libres - Asi;COALICIÓN PARTIDOS DE LA U - MIRA - COLOMBIA JUSTA LIBRES - ASI;4
LABRANZAGRANDE;Monica Yanneth Quiroga Castillo;PARTIDO CAMBIO RADICAL;4
LABRANZAGRANDE;Partido Nuevo Liberalismo;PARTIDO NUEVO LIBERALISMO;4
LABRANZAGRANDE;Ingrid Marlen Sogamoso Alfonso;PARTIDO CONSERVADOR COLOMBIANO;3
LABRANZAGRANDE;Jose Fernando Morales Acuña;PARTIDO CONSERVADOR COLOMBIANO;3
LABRANZAGRANDE;Henry De Jesus Puerto Vasquez;PARTIDO NUEVO LIBERALISMO;2
LABRANZAGRANDE;Jorge Ivan Amarillo Giraldo;COALICIÓN PARTIDOS DE LA U - MIRA - COLOMBIA JUSTA LIBRES - ASI;2
LABRANZAGRANDE;Olga Maria Chivata Vargas;PARTIDO NUEVO LIBERALISMO;2
LABRANZAGRANDE;Olga Natalie Manrique Abril;COALICIÓN PARTIDOS DE LA U - MIRA - COLOMBIA JUSTA LIBRES - ASI;2
LABRANZAGRANDE;Claudia Beatriz Duarte Acosta;PARTIDO NUEVO LIBERALISMO;1
LABRANZAGRANDE;Diana Carolina Suarez Muñoz;COALICIÓN PARTIDOS DE LA U - MIRA - COLOMBIA JUSTA LIBRES - ASI;1
LABRANZAGRANDE;Jorge Arturo Mayorga Esguerra;COALICIÓN PARTIDOS DE LA U - MIRA - COLOMBIA JUSTA LIBRES - ASI;1
LABRANZAGRANDE;Norman David Bañol Alvarez;"MOVIMIENTO ALTERNATIVO INDÍGENA SOCIAL ""MAIS""";1
LABRANZAGRANDE;Pablo Mendoza Vargas;COALICIÓN PARTIDOS DE LA U - MIRA - COLOMBIA JUSTA LIBRES - ASI;1
LABRANZAGRANDE;Partido Político Dignidad;PARTIDO POLÍTICO DIGNIDAD;1
LABRANZAGRANDE;William Donato Gomez;PARTIDO CENTRO DEMOCRÁTICO;1
MACANAL;Ingrid Marlen Sogamoso Alfonso;PARTIDO CONSERVADOR COLOMBIANO;346
MACANAL;Oscar Leonardo Avila Romero;PARTIDO CAMBIO RADICAL;167
MACANAL;Jonatan Sanchez Garavito;PARTIDO CAMBIO RADICAL;156
MACANAL;Humphrey Roa Sarmiento;PARTIDO CONSERVADOR COLOMBIANO;119
MACANAL;Jaime Raul Salamanca Torres;PARTIDO ALIANZA VERDE;79
MACANAL;Eduar Alexis Triana Rincon;PARTIDO CENTRO DEMOCRÁTICO;51
MACANAL;Wilmer Yair Castellanos Hernandez;PARTIDO ALIANZA VERDE;44
MACANAL;Hector Angel Ortiz Nuñez;PARTIDO CENTRO DEMOCRÁTICO;38
MACANAL;Jose Giovany Pinzon Baez;PACTO HISTÓRICO;37
MACANAL;Mayda Cecilia Velasquez Rueda;PARTIDO LIBERAL COLOMBIANO;36
MACANAL;Karen Lucia Molano Granados;PARTIDO ALIANZA VERDE;27
MACANAL;Partido Alianza Verde;PARTIDO ALIANZA VERDE;25
MACANAL;Hector David Chaparro Chaparro;PARTIDO LIBERAL COLOMBIANO;23
MACANAL;William Donato Gomez;PARTIDO CENTRO DEMOCRÁTICO;22
MACANAL;Cindy Yohana Bohorquez Garzon;PARTIDO CONSERVADOR COLOMBIANO;21
MACANAL;German Tiberio Ojeda Pedraza;PARTIDO ALIANZA VERDE;21
MACANAL;Jose Dario Mahecha Castillo;PARTIDO CONSERVADOR COLOMBIANO;21
MACANAL;Jairo Enrique Castiblanco Parra;COALICIÓN PARTIDOS DE LA U - MIRA - COLOMBIA JUSTA LIBRES - ASI;18
MACANAL;Pacto Histórico;PACTO HISTÓRICO;18
MACANAL;Pedro Jose Suarez Vacca;PACTO HISTÓRICO;17
MACANAL;Pablo Emilio Cepeda Novoa;PARTIDO CAMBIO RADICAL;16
MACANAL;Wilson Castiblanco Gil;PARTIDO LIBERAL COLOMBIANO;15
MACANAL;Partido Conservador Colombiano;PARTIDO CONSERVADOR COLOMBIANO;13
MACANAL;Jose Fernando Morales Acuña;PARTIDO CONSERVADOR COLOMBIANO;12
MACANAL;Jorge Ivan Amarillo Giraldo;COALICIÓN PARTIDOS DE LA U - MIRA - COLOMBIA JUSTA LIBRES - ASI;10
MACANAL;Maryory Catherin Ortiz Alvarez;PACTO HISTÓRICO;10
MACANAL;Luis Alejandro Gutierrez Sanabria;PARTIDO ALIANZA VERDE;9
MACANAL;Olga Yaneth Beltran Dorado;PARTIDO CENTRO DEMOCRÁTICO;9
MACANAL;Partido Cambio Radical;PARTIDO CAMBIO RADICAL;9
MACANAL;Diana Carolina Suarez Muñoz;COALICIÓN PARTIDOS DE LA U - MIRA - COLOMBIA JUSTA LIBRES - ASI;7
MACANAL;Partido Centro Democrático;PARTIDO CENTRO DEMOCRÁTICO;7
MACANAL;Karol Ricardo Ramirez Silva;PACTO HISTÓRICO;6
MACANAL;Wilder Ivan Suesca Ochoa;PARTIDO CONSERVADOR COLOMBIANO;6
MACANAL;Jorge Eliecer Cortes Martinez;PARTIDO LIBERAL COLOMBIANO;5
MACANAL;Laura Andrea Bello Porras;PARTIDO ALIANZA VERDE;5
MACANAL;Monica Yanneth Quiroga Castillo;PARTIDO CAMBIO RADICAL;5
MACANAL;Olga Natalie Manrique Abril;COALICIÓN PARTIDOS DE LA U - MIRA - COLOMBIA JUSTA LIBRES - ASI;5
MACANAL;Guillermo Leonardo Sanchez Sanchez;PARTIDO CENTRO DEMOCRÁTICO;4
MACANAL;Pablo Mendoza Vargas;COALICIÓN PARTIDOS DE LA U - MIRA - COLOMBIA JUSTA LIBRES - ASI;4
MACANAL;Sandro Nestor Condia Perez;PARTIDO LIBERAL COLOMBIANO;4
MACANAL;Carolina Del Pilar Rodriguez Contreras;PACTO HISTÓRICO;3
MACANAL;Leidy Alejandra Moreno Sanchez;PACTO HISTÓRICO;3
MACANAL;Luis Guillermo Barrera Gutierrez;PARTIDO CAMBIO RADICAL;3
MACANAL;Lupe Isabel Lopez Marquez;PARTIDO CAMBIO RADICAL;3
MACANAL;Claudia Beatriz Duarte Acosta;PARTIDO NUEVO LIBERALISMO;2
MACANAL;Henry De Jesus Puerto Vasquez;PARTIDO NUEVO LIBERALISMO;2
MACANAL;Jorge Arturo Mayorga Esguerra;COALICIÓN PARTIDOS DE LA U - MIRA - COLOMBIA JUSTA LIBRES - ASI;2
MACANAL;Partido Liberal Colombiano;PARTIDO LIBERAL COLOMBIANO;2
MACANAL;Coalición Partidos De La U - Mira - Colombia Justa  Libres - Asi;COALICIÓN PARTIDOS DE LA U - MIRA - COLOMBIA JUSTA LIBRES - ASI;1
MACANAL;Movimiento De Salvación Nacional;MOVIMIENTO DE SALVACIÓN NACIONAL;1
MACANAL;Nidia Milena Torres Paez;PARTIDO CENTRO DEMOCRÁTICO;1
MACANAL;Olga Maria Chivata Vargas;PARTIDO NUEVO LIBERALISMO;1
MACANAL;Partido Nuevo Liberalismo;PARTIDO NUEVO LIBERALISMO;1
MARIPI;Eduar Alexis Triana Rincon;PARTIDO CENTRO DEMOCRÁTICO;2233
MARIPI;Humphrey Roa Sarmiento;PARTIDO CONSERVADOR COLOMBIANO;141
MARIPI;Hector Angel Ortiz Nuñez;PARTIDO CENTRO DEMOCRÁTICO;122
MARIPI;Jonatan Sanchez Garavito;PARTIDO CAMBIO RADICAL;64
MARIPI;Jorge Eliecer Cortes Martinez;PARTIDO LIBERAL COLOMBIANO;20
MARIPI;Partido Centro Democrático;PARTIDO CENTRO DEMOCRÁTICO;14
MARIPI;Partido Conservador Colombiano;PARTIDO CONSERVADOR COLOMBIANO;14
MARIPI;Guillermo Leonardo Sanchez Sanchez;PARTIDO CENTRO DEMOCRÁTICO;13
MARIPI;Maryory Catherin Ortiz Alvarez;PACTO HISTÓRICO;13
MARIPI;Wilmer Yair Castellanos Hernandez;PARTIDO ALIANZA VERDE;13
MARIPI;Pedro Jose Suarez Vacca;PACTO HISTÓRICO;12
MARIPI;Cindy Yohana Bohorquez Garzon;PARTIDO CONSERVADOR COLOMBIANO;11
MARIPI;Jaime Raul Salamanca Torres;PARTIDO ALIANZA VERDE;11
MARIPI;Jose Dario Mahecha Castillo;PARTIDO CONSERVADOR COLOMBIANO;11
MARIPI;Pacto Histórico;PACTO HISTÓRICO;11
MARIPI;Diana Carolina Suarez Muñoz;COALICIÓN PARTIDOS DE LA U - MIRA - COLOMBIA JUSTA LIBRES - ASI;7
MARIPI;Olga Yaneth Beltran Dorado;PARTIDO CENTRO DEMOCRÁTICO;7
MARIPI;German Tiberio Ojeda Pedraza;PARTIDO ALIANZA VERDE;6
MARIPI;Sandro Nestor Condia Perez;PARTIDO LIBERAL COLOMBIANO;6
MARIPI;Ingrid Marlen Sogamoso Alfonso;PARTIDO CONSERVADOR COLOMBIANO;5
MARIPI;Partido Alianza Verde;PARTIDO ALIANZA VERDE;5
MARIPI;Jairo Enrique Castiblanco Parra;COALICIÓN PARTIDOS DE LA U - MIRA - COLOMBIA JUSTA LIBRES - ASI;4
MARIPI;Jorge Arturo Mayorga Esguerra;COALICIÓN PARTIDOS DE LA U - MIRA - COLOMBIA JUSTA LIBRES - ASI;4
MARIPI;Jose Giovany Pinzon Baez;PACTO HISTÓRICO;4
MARIPI;Pablo Emilio Cepeda Novoa;PARTIDO CAMBIO RADICAL;4
MARIPI;Karen Lucia Molano Granados;PARTIDO ALIANZA VERDE;3
MARIPI;Partido Nuevo Liberalismo;PARTIDO NUEVO LIBERALISMO;3
MARIPI;Wilder Ivan Suesca Ochoa;PARTIDO CONSERVADOR COLOMBIANO;3
MARIPI;Hector David Chaparro Chaparro;PARTIDO LIBERAL COLOMBIANO;2
MARIPI;Movimiento De Salvación Nacional;MOVIMIENTO DE SALVACIÓN NACIONAL;2
MARIPI;Oscar Leonardo Avila Romero;PARTIDO CAMBIO RADICAL;2
MARIPI;Partido Cambio Radical;PARTIDO CAMBIO RADICAL;2
MARIPI;Partido Liberal Colombiano;PARTIDO LIBERAL COLOMBIANO;2
MARIPI;Wilson Castiblanco Gil;PARTIDO LIBERAL COLOMBIANO;2
MARIPI;Carolina Del Pilar Rodriguez Contreras;PACTO HISTÓRICO;1
MARIPI;Coalición Partidos De La U - Mira - Colombia Justa  Libres - Asi;COALICIÓN PARTIDOS DE LA U - MIRA - COLOMBIA JUSTA LIBRES - ASI;1
MARIPI;Henry De Jesus Puerto Vasquez;PARTIDO NUEVO LIBERALISMO;1
MARIPI;Jose Fernando Morales Acuña;PARTIDO CONSERVADOR COLOMBIANO;1
MARIPI;Laura Andrea Bello Porras;PARTIDO ALIANZA VERDE;1
MARIPI;Leidy Alejandra Moreno Sanchez;PACTO HISTÓRICO;1
MARIPI;Luis Alejandro Gutierrez Sanabria;PARTIDO ALIANZA VERDE;1
MARIPI;Mayra Alejandra Viancha Sanabria;PARTIDO LIBERAL COLOMBIANO;1
MARIPI;Olga Maria Chivata Vargas;PARTIDO NUEVO LIBERALISMO;1
MARIPI;William Donato Gomez;PARTIDO CENTRO DEMOCRÁTICO;1
MARIPI;William Fernando Granados;PARTIDO NUEVO LIBERALISMO;1
MIRAFLORES;Jairo Enrique Castiblanco Parra;COALICIÓN PARTIDOS DE LA U - MIRA - COLOMBIA JUSTA LIBRES - ASI;769
MIRAFLORES;Jaime Raul Salamanca Torres;PARTIDO ALIANZA VERDE;619
MIRAFLORES;Hector David Chaparro Chaparro;PARTIDO LIBERAL COLOMBIANO;429
MIRAFLORES;Jorge Eliecer Cortes Martinez;PARTIDO LIBERAL COLOMBIANO;412
MIRAFLORES;Jose Giovany Pinzon Baez;PACTO HISTÓRICO;188
MIRAFLORES;Pacto Histórico;PACTO HISTÓRICO;128
MIRAFLORES;Wilmer Yair Castellanos Hernandez;PARTIDO ALIANZA VERDE;90
MIRAFLORES;Partido Alianza Verde;PARTIDO ALIANZA VERDE;77
MIRAFLORES;Olga Yaneth Beltran Dorado;PARTIDO CENTRO DEMOCRÁTICO;60
MIRAFLORES;Karen Lucia Molano Granados;PARTIDO ALIANZA VERDE;56
MIRAFLORES;Mayda Cecilia Velasquez Rueda;PARTIDO LIBERAL COLOMBIANO;56
MIRAFLORES;Ingrid Marlen Sogamoso Alfonso;PARTIDO CONSERVADOR COLOMBIANO;55
MIRAFLORES;Pablo Emilio Cepeda Novoa;PARTIDO CAMBIO RADICAL;51
MIRAFLORES;Guillermo Leonardo Sanchez Sanchez;PARTIDO CENTRO DEMOCRÁTICO;50
MIRAFLORES;Pedro Jose Suarez Vacca;PACTO HISTÓRICO;49
MIRAFLORES;Luis Alejandro Gutierrez Sanabria;PARTIDO ALIANZA VERDE;47
MIRAFLORES;Oscar Leonardo Avila Romero;PARTIDO CAMBIO RADICAL;40
MIRAFLORES;Partido Liberal Colombiano;PARTIDO LIBERAL COLOMBIANO;38
MIRAFLORES;Carolina Del Pilar Rodriguez Contreras;PACTO HISTÓRICO;32
MIRAFLORES;German Tiberio Ojeda Pedraza;PARTIDO ALIANZA VERDE;32
MIRAFLORES;Jorge Ivan Amarillo Giraldo;COALICIÓN PARTIDOS DE LA U - MIRA - COLOMBIA JUSTA LIBRES - ASI;32
MIRAFLORES;Diana Carolina Suarez Muñoz;COALICIÓN PARTIDOS DE LA U - MIRA - COLOMBIA JUSTA LIBRES - ASI;31
MIRAFLORES;Monica Yanneth Quiroga Castillo;PARTIDO CAMBIO RADICAL;29
MIRAFLORES;Hector Angel Ortiz Nuñez;PARTIDO CENTRO DEMOCRÁTICO;27
MIRAFLORES;Karol Ricardo Ramirez Silva;PACTO HISTÓRICO;25
MIRAFLORES;Laura Andrea Bello Porras;PARTIDO ALIANZA VERDE;25
MIRAFLORES;Coalición Partidos De La U - Mira - Colombia Justa  Libres - Asi;COALICIÓN PARTIDOS DE LA U - MIRA - COLOMBIA JUSTA LIBRES - ASI;21
MIRAFLORES;Eduar Alexis Triana Rincon;PARTIDO CENTRO DEMOCRÁTICO;20
MIRAFLORES;Maryory Catherin Ortiz Alvarez;PACTO HISTÓRICO;18
MIRAFLORES;Wilson Castiblanco Gil;PARTIDO LIBERAL COLOMBIANO;17
MIRAFLORES;William Donato Gomez;PARTIDO CENTRO DEMOCRÁTICO;16
MIRAFLORES;Leidy Alejandra Moreno Sanchez;PACTO HISTÓRICO;14
MIRAFLORES;Nidia Milena Torres Paez;PARTIDO CENTRO DEMOCRÁTICO;14
MIRAFLORES;Henry De Jesus Puerto Vasquez;PARTIDO NUEVO LIBERALISMO;13
MIRAFLORES;Luis Guillermo Barrera Gutierrez;PARTIDO CAMBIO RADICAL;13
MIRAFLORES;Partido Nuevo Liberalismo;PARTIDO NUEVO LIBERALISMO;13
MIRAFLORES;Humphrey Roa Sarmiento;PARTIDO CONSERVADOR COLOMBIANO;12
MIRAFLORES;Partido Centro Democrático;PARTIDO CENTRO DEMOCRÁTICO;12
MIRAFLORES;Olga Natalie Manrique Abril;COALICIÓN PARTIDOS DE LA U - MIRA - COLOMBIA JUSTA LIBRES - ASI;11
MIRAFLORES;Pablo Mendoza Vargas;COALICIÓN PARTIDOS DE LA U - MIRA - COLOMBIA JUSTA LIBRES - ASI;11
MIRAFLORES;Partido Cambio Radical;PARTIDO CAMBIO RADICAL;11
MIRAFLORES;Mayra Alejandra Viancha Sanabria;PARTIDO LIBERAL COLOMBIANO;9
MIRAFLORES;Cindy Yohana Bohorquez Garzon;PARTIDO CONSERVADOR COLOMBIANO;8
MIRAFLORES;Jonatan Sanchez Garavito;PARTIDO CAMBIO RADICAL;8
MIRAFLORES;Sandro Nestor Condia Perez;PARTIDO LIBERAL COLOMBIANO;7
MIRAFLORES;Jorge Arturo Mayorga Esguerra;COALICIÓN PARTIDOS DE LA U - MIRA - COLOMBIA JUSTA LIBRES - ASI;6
MIRAFLORES;Jose Dario Mahecha Castillo;PARTIDO CONSERVADOR COLOMBIANO;5
MIRAFLORES;Lupe Isabel Lopez Marquez;PARTIDO CAMBIO RADICAL;5
MIRAFLORES;Olga Maria Chivata Vargas;PARTIDO NUEVO LIBERALISMO;5
MIRAFLORES;Wilder Ivan Suesca Ochoa;PARTIDO CONSERVADOR COLOMBIANO;4
MIRAFLORES;Claudia Beatriz Duarte Acosta;PARTIDO NUEVO LIBERALISMO;3
MIRAFLORES;Jose Fernando Morales Acuña;PARTIDO CONSERVADOR COLOMBIANO;3
MIRAFLORES;Movimiento De Salvación Nacional;MOVIMIENTO DE SALVACIÓN NACIONAL;3
MIRAFLORES;Partido Conservador Colombiano;PARTIDO CONSERVADOR COLOMBIANO;3
MIRAFLORES;Fernando Ríos Hidalgo;FERNANDO RÍOS HIDALGO;2
MIRAFLORES;Ariel Rosebel Palacios Angulo;C.C LA TOMA;1
MIRAFLORES;Didier Angulo Angulo;FUNDACIÓN PARA EL DESARROLLO SOCIAL DE COMUNIDADES NEGRAS;1
MIRAFLORES;"Movimiento Alternativo Indígena Social ""Mais""";"MOVIMIENTO ALTERNATIVO INDÍGENA SOCIAL ""MAIS""";1
MIRAFLORES;Salomon Rafael Ruiz Bertel;CABILDO INDÍGENA AYWJAWASHI;1
MONGUA;Guillermo Leonardo Sanchez Sanchez;PARTIDO CENTRO DEMOCRÁTICO;279
MONGUA;Hector Angel Ortiz Nuñez;PARTIDO CENTRO DEMOCRÁTICO;271
MONGUA;Wilmer Yair Castellanos Hernandez;PARTIDO ALIANZA VERDE;96
MONGUA;Jairo Enrique Castiblanco Parra;COALICIÓN PARTIDOS DE LA U - MIRA - COLOMBIA JUSTA LIBRES - ASI;87
MONGUA;Luis Guillermo Barrera Gutierrez;PARTIDO CAMBIO RADICAL;71
MONGUA;Hector David Chaparro Chaparro;PARTIDO LIBERAL COLOMBIANO;57
MONGUA;Jonatan Sanchez Garavito;PARTIDO CAMBIO RADICAL;53
MONGUA;Jaime Raul Salamanca Torres;PARTIDO ALIANZA VERDE;50
MONGUA;Jorge Ivan Amarillo Giraldo;COALICIÓN PARTIDOS DE LA U - MIRA - COLOMBIA JUSTA LIBRES - ASI;49
MONGUA;Eduar Alexis Triana Rincon;PARTIDO CENTRO DEMOCRÁTICO;37
MONGUA;Lupe Isabel Lopez Marquez;PARTIDO CAMBIO RADICAL;33
MONGUA;Jose Giovany Pinzon Baez;PACTO HISTÓRICO;32
MONGUA;Partido Centro Democrático;PARTIDO CENTRO DEMOCRÁTICO;32
MONGUA;Cindy Yohana Bohorquez Garzon;PARTIDO CONSERVADOR COLOMBIANO;31
MONGUA;Ingrid Marlen Sogamoso Alfonso;PARTIDO CONSERVADOR COLOMBIANO;31
MONGUA;Oscar Leonardo Avila Romero;PARTIDO CAMBIO RADICAL;29
MONGUA;Sandro Nestor Condia Perez;PARTIDO LIBERAL COLOMBIANO;28
MONGUA;Pedro Jose Suarez Vacca;PACTO HISTÓRICO;27
MONGUA;Pacto Histórico;PACTO HISTÓRICO;25
MONGUA;German Tiberio Ojeda Pedraza;PARTIDO ALIANZA VERDE;22
MONGUA;Jorge Eliecer Cortes Martinez;PARTIDO LIBERAL COLOMBIANO;22
MONGUA;Jose Dario Mahecha Castillo;PARTIDO CONSERVADOR COLOMBIANO;22
MONGUA;Nidia Milena Torres Paez;PARTIDO CENTRO DEMOCRÁTICO;21
MONGUA;Partido Político Dignidad;PARTIDO POLÍTICO DIGNIDAD;19
MONGUA;Wilson Castiblanco Gil;PARTIDO LIBERAL COLOMBIANO;19
MONGUA;Jorge Arturo Mayorga Esguerra;COALICIÓN PARTIDOS DE LA U - MIRA - COLOMBIA JUSTA LIBRES - ASI;17
MONGUA;Pablo Emilio Cepeda Novoa;PARTIDO CAMBIO RADICAL;17
MONGUA;William Donato Gomez;PARTIDO CENTRO DEMOCRÁTICO;17
MONGUA;Luis Alejandro Gutierrez Sanabria;PARTIDO ALIANZA VERDE;16
MONGUA;Olga Yaneth Beltran Dorado;PARTIDO CENTRO DEMOCRÁTICO;14
MONGUA;Partido Alianza Verde;PARTIDO ALIANZA VERDE;14
MONGUA;Karen Lucia Molano Granados;PARTIDO ALIANZA VERDE;13
MONGUA;Olga Natalie Manrique Abril;COALICIÓN PARTIDOS DE LA U - MIRA - COLOMBIA JUSTA LIBRES - ASI;11
MONGUA;Laura Andrea Bello Porras;PARTIDO ALIANZA VERDE;10
MONGUA;Partido Conservador Colombiano;PARTIDO CONSERVADOR COLOMBIANO;10
MONGUA;Diana Carolina Suarez Muñoz;COALICIÓN PARTIDOS DE LA U - MIRA - COLOMBIA JUSTA LIBRES - ASI;8
MONGUA;Humphrey Roa Sarmiento;PARTIDO CONSERVADOR COLOMBIANO;8
MONGUA;Wilder Ivan Suesca Ochoa;PARTIDO CONSERVADOR COLOMBIANO;8
MONGUA;Jose Fernando Morales Acuña;PARTIDO CONSERVADOR COLOMBIANO;7
MONGUA;Monica Yanneth Quiroga Castillo;PARTIDO CAMBIO RADICAL;7
MONGUA;Coalición Partidos De La U - Mira - Colombia Justa  Libres - Asi;COALICIÓN PARTIDOS DE LA U - MIRA - COLOMBIA JUSTA LIBRES - ASI;6
MONGUA;Mayra Alejandra Viancha Sanabria;PARTIDO LIBERAL COLOMBIANO;6
MONGUA;Partido Cambio Radical;PARTIDO CAMBIO RADICAL;6
MONGUA;Leidy Alejandra Moreno Sanchez;PACTO HISTÓRICO;5
MONGUA;Carolina Del Pilar Rodriguez Contreras;PACTO HISTÓRICO;4
MONGUA;Karol Ricardo Ramirez Silva;PACTO HISTÓRICO;4
MONGUA;Pablo Mendoza Vargas;COALICIÓN PARTIDOS DE LA U - MIRA - COLOMBIA JUSTA LIBRES - ASI;4
MONGUA;William Fernando Granados;PARTIDO NUEVO LIBERALISMO;4
MONGUA;Mayda Cecilia Velasquez Rueda;PARTIDO LIBERAL COLOMBIANO;3
MONGUA;Henry De Jesus Puerto Vasquez;PARTIDO NUEVO LIBERALISMO;2
MONGUA;Maryory Catherin Ortiz Alvarez;PACTO HISTÓRICO;2
MONGUA;Partido Liberal Colombiano;PARTIDO LIBERAL COLOMBIANO;2
MONGUA;Partido Nuevo Liberalismo;PARTIDO NUEVO LIBERALISMO;2
MONGUA;Claudia Beatriz Duarte Acosta;PARTIDO NUEVO LIBERALISMO;1
MONGUA;Consejo Comunitario Alto Paraíso;CONSEJO COMUNITARIO ALTO PARAÍSO;1
MONGUA;Fernando Ríos Hidalgo;FERNANDO RÍOS HIDALGO;1
MONGUA;Movimiento De Salvación Nacional;MOVIMIENTO DE SALVACIÓN NACIONAL;1
MONGUA;Pedro Adan Torres Perez;PALENQUE DE LA VEREDA LAS TRECIENTAS Y DEL MUNICIPIO DE GALAPA;1
MONGUI;Guillermo Leonardo Sanchez Sanchez;PARTIDO CENTRO DEMOCRÁTICO;163
MONGUI;Jaime Raul Salamanca Torres;PARTIDO ALIANZA VERDE;127
MONGUI;Hector David Chaparro Chaparro;PARTIDO LIBERAL COLOMBIANO;104
MONGUI;Jonatan Sanchez Garavito;PARTIDO CAMBIO RADICAL;102
MONGUI;Jose Giovany Pinzon Baez;PACTO HISTÓRICO;85
MONGUI;Luis Alejandro Gutierrez Sanabria;PARTIDO ALIANZA VERDE;73
MONGUI;Hector Angel Ortiz Nuñez;PARTIDO CENTRO DEMOCRÁTICO;58
MONGUI;Luis Guillermo Barrera Gutierrez;PARTIDO CAMBIO RADICAL;56
MONGUI;Jorge Arturo Mayorga Esguerra;COALICIÓN PARTIDOS DE LA U - MIRA - COLOMBIA JUSTA LIBRES - ASI;52
MONGUI;Karen Lucia Molano Granados;PARTIDO ALIANZA VERDE;51
MONGUI;Pacto Histórico;PACTO HISTÓRICO;48
MONGUI;Wilmer Yair Castellanos Hernandez;PARTIDO ALIANZA VERDE;42
MONGUI;Pedro Jose Suarez Vacca;PACTO HISTÓRICO;37
MONGUI;German Tiberio Ojeda Pedraza;PARTIDO ALIANZA VERDE;36
MONGUI;Eduar Alexis Triana Rincon;PARTIDO CENTRO DEMOCRÁTICO;29
MONGUI;Jose Fernando Morales Acuña;PARTIDO CONSERVADOR COLOMBIANO;27
MONGUI;Maryory Catherin Ortiz Alvarez;PACTO HISTÓRICO;27
MONGUI;Sandro Nestor Condia Perez;PARTIDO LIBERAL COLOMBIANO;25
MONGUI;Humphrey Roa Sarmiento;PARTIDO CONSERVADOR COLOMBIANO;24
MONGUI;Partido Alianza Verde;PARTIDO ALIANZA VERDE;23
MONGUI;Jorge Ivan Amarillo Giraldo;COALICIÓN PARTIDOS DE LA U - MIRA - COLOMBIA JUSTA LIBRES - ASI;22
MONGUI;Leidy Alejandra Moreno Sanchez;PACTO HISTÓRICO;21
MONGUI;Wilder Ivan Suesca Ochoa;PARTIDO CONSERVADOR COLOMBIANO;20
MONGUI;Partido Centro Democrático;PARTIDO CENTRO DEMOCRÁTICO;19
MONGUI;Laura Andrea Bello Porras;PARTIDO ALIANZA VERDE;16
MONGUI;Jairo Enrique Castiblanco Parra;COALICIÓN PARTIDOS DE LA U - MIRA - COLOMBIA JUSTA LIBRES - ASI;15
MONGUI;Jorge Eliecer Cortes Martinez;PARTIDO LIBERAL COLOMBIANO;15
MONGUI;Ingrid Marlen Sogamoso Alfonso;PARTIDO CONSERVADOR COLOMBIANO;14
MONGUI;Mayra Alejandra Viancha Sanabria;PARTIDO LIBERAL COLOMBIANO;14
MONGUI;Olga Yaneth Beltran Dorado;PARTIDO CENTRO DEMOCRÁTICO;14
MONGUI;Partido Político Dignidad;PARTIDO POLÍTICO DIGNIDAD;12
MONGUI;William Donato Gomez;PARTIDO CENTRO DEMOCRÁTICO;11
MONGUI;Cindy Yohana Bohorquez Garzon;PARTIDO CONSERVADOR COLOMBIANO;9
MONGUI;Nidia Milena Torres Paez;PARTIDO CENTRO DEMOCRÁTICO;9
MONGUI;Karol Ricardo Ramirez Silva;PACTO HISTÓRICO;8
MONGUI;Oscar Leonardo Avila Romero;PARTIDO CAMBIO RADICAL;8
MONGUI;Carolina Del Pilar Rodriguez Contreras;PACTO HISTÓRICO;7
MONGUI;Partido Conservador Colombiano;PARTIDO CONSERVADOR COLOMBIANO;7
MONGUI;Pablo Emilio Cepeda Novoa;PARTIDO CAMBIO RADICAL;6
MONGUI;Partido Cambio Radical;PARTIDO CAMBIO RADICAL;6
MONGUI;Mayda Cecilia Velasquez Rueda;PARTIDO LIBERAL COLOMBIANO;5
MONGUI;Olga Natalie Manrique Abril;COALICIÓN PARTIDOS DE LA U - MIRA - COLOMBIA JUSTA LIBRES - ASI;5
MONGUI;Diana Carolina Suarez Muñoz;COALICIÓN PARTIDOS DE LA U - MIRA - COLOMBIA JUSTA LIBRES - ASI;4
MONGUI;Jose Dario Mahecha Castillo;PARTIDO CONSERVADOR COLOMBIANO;4
MONGUI;Olga Maria Chivata Vargas;PARTIDO NUEVO LIBERALISMO;4
MONGUI;Partido Nuevo Liberalismo;PARTIDO NUEVO LIBERALISMO;4
MONGUI;Wilson Castiblanco Gil;PARTIDO LIBERAL COLOMBIANO;4
MONGUI;Lupe Isabel Lopez Marquez;PARTIDO CAMBIO RADICAL;3
MONGUI;William Fernando Granados;PARTIDO NUEVO LIBERALISMO;3
MONGUI;Monica Yanneth Quiroga Castillo;PARTIDO CAMBIO RADICAL;2
MONGUI;Partido Liberal Colombiano;PARTIDO LIBERAL COLOMBIANO;2
MONGUI;Ariel Rosebel Palacios Angulo;C.C LA TOMA;1
MONGUI;Coalición Partidos De La U - Mira - Colombia Justa  Libres - Asi;COALICIÓN PARTIDOS DE LA U - MIRA - COLOMBIA JUSTA LIBRES - ASI;1
MONGUI;Consejo Comunitario Manuel Zapata Olivella De San Antero;CONSEJO COMUNITARIO MANUEL ZAPATA OLIVELLA DE SAN ANTERO;1
MONGUI;Henry De Jesus Puerto Vasquez;PARTIDO NUEVO LIBERALISMO;1
MONGUI;Idalmy Minotta Teran;C.C LA TOMA;1
MONGUI;Movimiento De Salvación Nacional;MOVIMIENTO DE SALVACIÓN NACIONAL;1
MONGUI;Pablo Mendoza Vargas;COALICIÓN PARTIDOS DE LA U - MIRA - COLOMBIA JUSTA LIBRES - ASI;1
MONGUI;Teodolinda Ordoñez Erazo;FUNDACIÓN PARA EL DESARROLLO SOCIAL DE COMUNIDADES NEGRAS;1
MONIQUIRA;Jaime Raul Salamanca Torres;PARTIDO ALIANZA VERDE;947
MONIQUIRA;Hector David Chaparro Chaparro;PARTIDO LIBERAL COLOMBIANO;794
MONIQUIRA;Wilmer Yair Castellanos Hernandez;PARTIDO ALIANZA VERDE;514
MONIQUIRA;Hector Angel Ortiz Nuñez;PARTIDO CENTRO DEMOCRÁTICO;413
MONIQUIRA;Guillermo Leonardo Sanchez Sanchez;PARTIDO CENTRO DEMOCRÁTICO;406
MONIQUIRA;Humphrey Roa Sarmiento;PARTIDO CONSERVADOR COLOMBIANO;298
MONIQUIRA;Pedro Jose Suarez Vacca;PACTO HISTÓRICO;295
MONIQUIRA;Pacto Histórico;PACTO HISTÓRICO;287
MONIQUIRA;Jose Giovany Pinzon Baez;PACTO HISTÓRICO;257
MONIQUIRA;Jonatan Sanchez Garavito;PARTIDO CAMBIO RADICAL;254
MONIQUIRA;German Tiberio Ojeda Pedraza;PARTIDO ALIANZA VERDE;236
MONIQUIRA;Jairo Enrique Castiblanco Parra;COALICIÓN PARTIDOS DE LA U - MIRA - COLOMBIA JUSTA LIBRES - ASI;190
MONIQUIRA;Partido Alianza Verde;PARTIDO ALIANZA VERDE;188
MONIQUIRA;Wilder Ivan Suesca Ochoa;PARTIDO CONSERVADOR COLOMBIANO;159
MONIQUIRA;Olga Yaneth Beltran Dorado;PARTIDO CENTRO DEMOCRÁTICO;133
MONIQUIRA;Eduar Alexis Triana Rincon;PARTIDO CENTRO DEMOCRÁTICO;114
MONIQUIRA;Jorge Eliecer Cortes Martinez;PARTIDO LIBERAL COLOMBIANO;114
MONIQUIRA;Karen Lucia Molano Granados;PARTIDO ALIANZA VERDE;114
MONIQUIRA;Ingrid Marlen Sogamoso Alfonso;PARTIDO CONSERVADOR COLOMBIANO;109
MONIQUIRA;Partido Centro Democrático;PARTIDO CENTRO DEMOCRÁTICO;104
MONIQUIRA;Diana Carolina Suarez Muñoz;COALICIÓN PARTIDOS DE LA U - MIRA - COLOMBIA JUSTA LIBRES - ASI;95
MONIQUIRA;Pablo Emilio Cepeda Novoa;PARTIDO CAMBIO RADICAL;91
MONIQUIRA;Jose Dario Mahecha Castillo;PARTIDO CONSERVADOR COLOMBIANO;88
MONIQUIRA;Oscar Leonardo Avila Romero;PARTIDO CAMBIO RADICAL;86
MONIQUIRA;Luis Alejandro Gutierrez Sanabria;PARTIDO ALIANZA VERDE;81
MONIQUIRA;Partido Conservador Colombiano;PARTIDO CONSERVADOR COLOMBIANO;81
MONIQUIRA;Maryory Catherin Ortiz Alvarez;PACTO HISTÓRICO;80
MONIQUIRA;Pablo Mendoza Vargas;COALICIÓN PARTIDOS DE LA U - MIRA - COLOMBIA JUSTA LIBRES - ASI;71
MONIQUIRA;Laura Andrea Bello Porras;PARTIDO ALIANZA VERDE;70
MONIQUIRA;Leidy Alejandra Moreno Sanchez;PACTO HISTÓRICO;63
MONIQUIRA;Jose Fernando Morales Acuña;PARTIDO CONSERVADOR COLOMBIANO;58
MONIQUIRA;Cindy Yohana Bohorquez Garzon;PARTIDO CONSERVADOR COLOMBIANO;55
MONIQUIRA;Wilson Castiblanco Gil;PARTIDO LIBERAL COLOMBIANO;49
MONIQUIRA;Nidia Milena Torres Paez;PARTIDO CENTRO DEMOCRÁTICO;45
MONIQUIRA;Partido Liberal Colombiano;PARTIDO LIBERAL COLOMBIANO;42
MONIQUIRA;Luis Guillermo Barrera Gutierrez;PARTIDO CAMBIO RADICAL;41
MONIQUIRA;Carolina Del Pilar Rodriguez Contreras;PACTO HISTÓRICO;37
MONIQUIRA;Jorge Ivan Amarillo Giraldo;COALICIÓN PARTIDOS DE LA U - MIRA - COLOMBIA JUSTA LIBRES - ASI;37
MONIQUIRA;Sandro Nestor Condia Perez;PARTIDO LIBERAL COLOMBIANO;37
MONIQUIRA;William Donato Gomez;PARTIDO CENTRO DEMOCRÁTICO;37
MONIQUIRA;Partido Nuevo Liberalismo;PARTIDO NUEVO LIBERALISMO;34
MONIQUIRA;Karol Ricardo Ramirez Silva;PACTO HISTÓRICO;32
MONIQUIRA;Mayda Cecilia Velasquez Rueda;PARTIDO LIBERAL COLOMBIANO;28
MONIQUIRA;Mayra Alejandra Viancha Sanabria;PARTIDO LIBERAL COLOMBIANO;27
MONIQUIRA;Partido Cambio Radical;PARTIDO CAMBIO RADICAL;24
MONIQUIRA;Lupe Isabel Lopez Marquez;PARTIDO CAMBIO RADICAL;22
MONIQUIRA;Olga Natalie Manrique Abril;COALICIÓN PARTIDOS DE LA U - MIRA - COLOMBIA JUSTA LIBRES - ASI;20
MONIQUIRA;Claudia Beatriz Duarte Acosta;PARTIDO NUEVO LIBERALISMO;16
MONIQUIRA;Coalición Partidos De La U - Mira - Colombia Justa  Libres - Asi;COALICIÓN PARTIDOS DE LA U - MIRA - COLOMBIA JUSTA LIBRES - ASI;16
MONIQUIRA;Olga Maria Chivata Vargas;PARTIDO NUEVO LIBERALISMO;16
MONIQUIRA;Consejo Comunitario De La Comunidad Negra Limones;CONSEJO COMUNITARIO DE LA COMUNIDAD NEGRA LIMONES;14
MONIQUIRA;Movimiento De Salvación Nacional;MOVIMIENTO DE SALVACIÓN NACIONAL;13
MONIQUIRA;Monica Yanneth Quiroga Castillo;PARTIDO CAMBIO RADICAL;12
MONIQUIRA;Partido Político Dignidad;PARTIDO POLÍTICO DIGNIDAD;12
MONIQUIRA;Jorge Ivan Mina Lasso;CONSEJO COMUNITARIO MANUEL ZAPATA OLIVELLA DE SAN ANTERO;10
MONIQUIRA;Henry De Jesus Puerto Vasquez;PARTIDO NUEVO LIBERALISMO;9
MONIQUIRA;Jorge Arturo Mayorga Esguerra;COALICIÓN PARTIDOS DE LA U - MIRA - COLOMBIA JUSTA LIBRES - ASI;9
MONIQUIRA;William Fernando Granados;PARTIDO NUEVO LIBERALISMO;9
MONIQUIRA;Conmoguz;CONMOGUZ;7
MONIQUIRA;Fernando Ríos Hidalgo;FERNANDO RÍOS HIDALGO;5
MONIQUIRA;Alianza Nacional Afrocolombiana;ALIANZA NACIONAL AFROCOLOMBIANA;4
MONIQUIRA;Amado Aragon Garcia;CORPORACIÓN DE EDUCADORES DEL LITORAL PACIFICO CORELIPA;3
MONIQUIRA;Ali Bantu Ashanti;C.C LA TOMA;2
MONIQUIRA;Consejo Comunitario De Comunidades Negras De Campo  Hermoso;CONSEJO COMUNITARIO DE COMUNIDADES NEGRAS DE CAMPO HERMOSO;2
MONIQUIRA;Consejo Comunitario De Comunidades Negras Socoland O;CONSEJO COMUNITARIO DE COMUNIDADES NEGRAS SOCOLANDO;2
MONIQUIRA;Consejo Comunitario Integral De Lloró;CONSEJO COMUNITARIO INTEGRAL DE LLORÓ;2
MONIQUIRA;Cabildo Indígena Aywjawashi;CABILDO INDÍGENA AYWJAWASHI;1
MONIQUIRA;Consejo Comunitario Afrozabaletas;CONSEJO COMUNITARIO AFROZABALETAS;1
MONIQUIRA;Consejo Comunitario De Comunidades Negras De Guaya Bal;CONSEJO COMUNITARIO DE COMUNIDADES NEGRAS DE GUAYABAL;1
MONIQUIRA;Consejo Comunitario De Vuelta Manza;CONSEJO COMUNITARIO DE VUELTA MANZA;1
MONIQUIRA;Consejo Comunitario La Voz De Los Negros;CONSEJO COMUNITARIO LA VOZ DE LOS NEGROS;1
MONIQUIRA;Consejo Comunitario Mayor De Certegui;CONSEJO COMUNITARIO MAYOR DE CERTEGUI;1
MONIQUIRA;Eliecer Crecencio Quiñones Angulo;CONSEJO COMUNITARIO UNIÓN PATÍA VIEJO;1
MONIQUIRA;Ermes Rafael Urzola De La Barrera;ASOCIACIÓN NACIONAL DE CABILDOS Y AUTORIDADES INDÍGENAS EN COLOMBIA ANICOL;1
MONIQUIRA;Guillermo Alfredo Rodriguez Quispe;"MOVIMIENTO AUTORIDADES INDÍGENAS DE COLOMBIA ""AICO""";1
MONIQUIRA;Luz Estela De La Peña Corcho;CORPORACIÓN KOFI ANNAN;1
MONIQUIRA;Maria Yolanda Figueroa Celis;PARTIDO INDÍGENA COLOMBIANO P.I.C;1
MONIQUIRA;Norman David Bañol Alvarez;"MOVIMIENTO ALTERNATIVO INDÍGENA SOCIAL ""MAIS""";1
MONIQUIRA;Organización Étnica De Comunidades Afros Los Palen Kes;ORGANIZACIÓN ÉTNICA DE COMUNIDADES AFROS LOS PALENKES;1
MONIQUIRA;Palenque De La Vereda Las Trecientas Y Del Municip Io De Galapa;PALENQUE DE LA VEREDA LAS TRECIENTAS Y DEL MUNICIPIO DE GALAPA;1
MONIQUIRA;Partido Colombia Renaciente;PARTIDO COLOMBIA RENACIENTE;1
MONIQUIRA;Yorly Jimena Floriano Hernandez;CONSEJO COMUNITARIO MAYOR DE CASIMIRO;1
MOTAVITA;Hector David Chaparro Chaparro;PARTIDO LIBERAL COLOMBIANO;430
MOTAVITA;Oscar Leonardo Avila Romero;PARTIDO CAMBIO RADICAL;273
MOTAVITA;Wilmer Yair Castellanos Hernandez;PARTIDO ALIANZA VERDE;260
MOTAVITA;Pedro Jose Suarez Vacca;PACTO HISTÓRICO;198
MOTAVITA;Jaime Raul Salamanca Torres;PARTIDO ALIANZA VERDE;119
MOTAVITA;Jorge Eliecer Cortes Martinez;PARTIDO LIBERAL COLOMBIANO;106
MOTAVITA;Jairo Enrique Castiblanco Parra;COALICIÓN PARTIDOS DE LA U - MIRA - COLOMBIA JUSTA LIBRES - ASI;103
MOTAVITA;Wilson Castiblanco Gil;PARTIDO LIBERAL COLOMBIANO;90
MOTAVITA;Luis Alejandro Gutierrez Sanabria;PARTIDO ALIANZA VERDE;86
MOTAVITA;Jose Giovany Pinzon Baez;PACTO HISTÓRICO;79
MOTAVITA;Wilder Ivan Suesca Ochoa;PARTIDO CONSERVADOR COLOMBIANO;62
MOTAVITA;Pacto Histórico;PACTO HISTÓRICO;60
MOTAVITA;Ingrid Marlen Sogamoso Alfonso;PARTIDO CONSERVADOR COLOMBIANO;56
MOTAVITA;German Tiberio Ojeda Pedraza;PARTIDO ALIANZA VERDE;42
MOTAVITA;Hector Angel Ortiz Nuñez;PARTIDO CENTRO DEMOCRÁTICO;36
MOTAVITA;Jonatan Sanchez Garavito;PARTIDO CAMBIO RADICAL;36
MOTAVITA;Karen Lucia Molano Granados;PARTIDO ALIANZA VERDE;34
MOTAVITA;Luis Guillermo Barrera Gutierrez;PARTIDO CAMBIO RADICAL;29
MOTAVITA;Olga Natalie Manrique Abril;COALICIÓN PARTIDOS DE LA U - MIRA - COLOMBIA JUSTA LIBRES - ASI;28
MOTAVITA;Partido Alianza Verde;PARTIDO ALIANZA VERDE;27
MOTAVITA;Maryory Catherin Ortiz Alvarez;PACTO HISTÓRICO;26
MOTAVITA;Olga Yaneth Beltran Dorado;PARTIDO CENTRO DEMOCRÁTICO;23
MOTAVITA;Partido Liberal Colombiano;PARTIDO LIBERAL COLOMBIANO;20
MOTAVITA;Carolina Del Pilar Rodriguez Contreras;PACTO HISTÓRICO;18
MOTAVITA;Eduar Alexis Triana Rincon;PARTIDO CENTRO DEMOCRÁTICO;17
MOTAVITA;Pablo Emilio Cepeda Novoa;PARTIDO CAMBIO RADICAL;17
MOTAVITA;Jorge Ivan Amarillo Giraldo;COALICIÓN PARTIDOS DE LA U - MIRA - COLOMBIA JUSTA LIBRES - ASI;14
MOTAVITA;Jose Fernando Morales Acuña;PARTIDO CONSERVADOR COLOMBIANO;14
MOTAVITA;Karol Ricardo Ramirez Silva;PACTO HISTÓRICO;14
MOTAVITA;Lupe Isabel Lopez Marquez;PARTIDO CAMBIO RADICAL;14
MOTAVITA;William Donato Gomez;PARTIDO CENTRO DEMOCRÁTICO;13
MOTAVITA;Laura Andrea Bello Porras;PARTIDO ALIANZA VERDE;12
MOTAVITA;Partido Centro Democrático;PARTIDO CENTRO DEMOCRÁTICO;12
MOTAVITA;Jose Dario Mahecha Castillo;PARTIDO CONSERVADOR COLOMBIANO;11
MOTAVITA;Leidy Alejandra Moreno Sanchez;PACTO HISTÓRICO;11
MOTAVITA;Guillermo Leonardo Sanchez Sanchez;PARTIDO CENTRO DEMOCRÁTICO;10
MOTAVITA;Mayda Cecilia Velasquez Rueda;PARTIDO LIBERAL COLOMBIANO;10
MOTAVITA;Humphrey Roa Sarmiento;PARTIDO CONSERVADOR COLOMBIANO;9
MOTAVITA;Mayra Alejandra Viancha Sanabria;PARTIDO LIBERAL COLOMBIANO;9
MOTAVITA;Partido Nuevo Liberalismo;PARTIDO NUEVO LIBERALISMO;8
MOTAVITA;Sandro Nestor Condia Perez;PARTIDO LIBERAL COLOMBIANO;8
MOTAVITA;Partido Cambio Radical;PARTIDO CAMBIO RADICAL;7
MOTAVITA;Monica Yanneth Quiroga Castillo;PARTIDO CAMBIO RADICAL;5
MOTAVITA;Partido Conservador Colombiano;PARTIDO CONSERVADOR COLOMBIANO;5
MOTAVITA;William Fernando Granados;PARTIDO NUEVO LIBERALISMO;5
MOTAVITA;Cindy Yohana Bohorquez Garzon;PARTIDO CONSERVADOR COLOMBIANO;4
MOTAVITA;Henry De Jesus Puerto Vasquez;PARTIDO NUEVO LIBERALISMO;4
MOTAVITA;Partido Político Dignidad;PARTIDO POLÍTICO DIGNIDAD;4
MOTAVITA;Diana Carolina Suarez Muñoz;COALICIÓN PARTIDOS DE LA U - MIRA - COLOMBIA JUSTA LIBRES - ASI;3
MOTAVITA;Fernando Ríos Hidalgo;FERNANDO RÍOS HIDALGO;3
MOTAVITA;Nidia Milena Torres Paez;PARTIDO CENTRO DEMOCRÁTICO;3
MOTAVITA;Jorge Arturo Mayorga Esguerra;COALICIÓN PARTIDOS DE LA U - MIRA - COLOMBIA JUSTA LIBRES - ASI;2
MOTAVITA;Olga Maria Chivata Vargas;PARTIDO NUEVO LIBERALISMO;2
MOTAVITA;Partido Colombia Renaciente;PARTIDO COLOMBIA RENACIENTE;2
MOTAVITA;Andres Alfonso Tarazona Parra;CONSEJO COMUNITARIO DE COMUNIDADES NEGRAS SOCOLANDO;1
MOTAVITA;Camilo Rivera Soto;CONSEJO COMUNITARIO AFROZABALETAS;1
MOTAVITA;Claudia Beatriz Duarte Acosta;PARTIDO NUEVO LIBERALISMO;1
MOTAVITA;Coalición Partidos De La U - Mira - Colombia Justa  Libres - Asi;COALICIÓN PARTIDOS DE LA U - MIRA - COLOMBIA JUSTA LIBRES - ASI;1
MOTAVITA;Consejo Comunitario De Comunidades Negras De Guaya Bal;CONSEJO COMUNITARIO DE COMUNIDADES NEGRAS DE GUAYABAL;1
MOTAVITA;Juvenal Arrieta Gonzalez;"MOVIMIENTO ALTERNATIVO INDÍGENA SOCIAL ""MAIS""";1
MOTAVITA;Maria Yolanda Figueroa Celis;PARTIDO INDÍGENA COLOMBIANO P.I.C;1
MOTAVITA;Pablo Mendoza Vargas;COALICIÓN PARTIDOS DE LA U - MIRA - COLOMBIA JUSTA LIBRES - ASI;1
MOTAVITA;Paciano Asprilla Arboleda;"CONSEJO COMUNITARIO DE LA COSTA PACÍFICA ""CONCOSTA""";1
MUZO;Eduar Alexis Triana Rincon;PARTIDO CENTRO DEMOCRÁTICO;1743
MUZO;Hector Angel Ortiz Nuñez;PARTIDO CENTRO DEMOCRÁTICO;524
MUZO;Jonatan Sanchez Garavito;PARTIDO CAMBIO RADICAL;354
MUZO;Jose Dario Mahecha Castillo;PARTIDO CONSERVADOR COLOMBIANO;88
MUZO;Humphrey Roa Sarmiento;PARTIDO CONSERVADOR COLOMBIANO;59
MUZO;Cindy Yohana Bohorquez Garzon;PARTIDO CONSERVADOR COLOMBIANO;58
MUZO;German Tiberio Ojeda Pedraza;PARTIDO ALIANZA VERDE;58
MUZO;Maryory Catherin Ortiz Alvarez;PACTO HISTÓRICO;53
MUZO;Pablo Emilio Cepeda Novoa;PARTIDO CAMBIO RADICAL;44
MUZO;Carolina Del Pilar Rodriguez Contreras;PACTO HISTÓRICO;42
MUZO;Pacto Histórico;PACTO HISTÓRICO;40
MUZO;Olga Yaneth Beltran Dorado;PARTIDO CENTRO DEMOCRÁTICO;36
MUZO;Partido Centro Democrático;PARTIDO CENTRO DEMOCRÁTICO;36
MUZO;Wilmer Yair Castellanos Hernandez;PARTIDO ALIANZA VERDE;28
MUZO;Monica Yanneth Quiroga Castillo;PARTIDO CAMBIO RADICAL;22
MUZO;Partido Alianza Verde;PARTIDO ALIANZA VERDE;20
MUZO;Jose Giovany Pinzon Baez;PACTO HISTÓRICO;18
MUZO;Karen Lucia Molano Granados;PARTIDO ALIANZA VERDE;18
MUZO;Partido Conservador Colombiano;PARTIDO CONSERVADOR COLOMBIANO;16
MUZO;Pedro Jose Suarez Vacca;PACTO HISTÓRICO;15
MUZO;Hector David Chaparro Chaparro;PARTIDO LIBERAL COLOMBIANO;14
MUZO;Jaime Raul Salamanca Torres;PARTIDO ALIANZA VERDE;14
MUZO;Sandro Nestor Condia Perez;PARTIDO LIBERAL COLOMBIANO;9
MUZO;Guillermo Leonardo Sanchez Sanchez;PARTIDO CENTRO DEMOCRÁTICO;8
MUZO;Wilder Ivan Suesca Ochoa;PARTIDO CONSERVADOR COLOMBIANO;8
MUZO;Ingrid Marlen Sogamoso Alfonso;PARTIDO CONSERVADOR COLOMBIANO;7
MUZO;William Donato Gomez;PARTIDO CENTRO DEMOCRÁTICO;7
MUZO;Wilson Castiblanco Gil;PARTIDO LIBERAL COLOMBIANO;7
MUZO;Partido Cambio Radical;PARTIDO CAMBIO RADICAL;6
MUZO;Partido Nuevo Liberalismo;PARTIDO NUEVO LIBERALISMO;6
MUZO;Diana Carolina Suarez Muñoz;COALICIÓN PARTIDOS DE LA U - MIRA - COLOMBIA JUSTA LIBRES - ASI;5
MUZO;Jorge Arturo Mayorga Esguerra;COALICIÓN PARTIDOS DE LA U - MIRA - COLOMBIA JUSTA LIBRES - ASI;5
MUZO;Laura Andrea Bello Porras;PARTIDO ALIANZA VERDE;4
MUZO;Partido Político Dignidad;PARTIDO POLÍTICO DIGNIDAD;4
MUZO;Jairo Enrique Castiblanco Parra;COALICIÓN PARTIDOS DE LA U - MIRA - COLOMBIA JUSTA LIBRES - ASI;3
MUZO;Karol Ricardo Ramirez Silva;PACTO HISTÓRICO;3
MUZO;Mayra Alejandra Viancha Sanabria;PARTIDO LIBERAL COLOMBIANO;3
MUZO;Nidia Milena Torres Paez;PARTIDO CENTRO DEMOCRÁTICO;3
MUZO;Olga Maria Chivata Vargas;PARTIDO NUEVO LIBERALISMO;3
MUZO;Olga Natalie Manrique Abril;COALICIÓN PARTIDOS DE LA U - MIRA - COLOMBIA JUSTA LIBRES - ASI;3
MUZO;Oscar Leonardo Avila Romero;PARTIDO CAMBIO RADICAL;3
MUZO;Claudia Beatriz Duarte Acosta;PARTIDO NUEVO LIBERALISMO;2
MUZO;Henry De Jesus Puerto Vasquez;PARTIDO NUEVO LIBERALISMO;2
MUZO;Luis Alejandro Gutierrez Sanabria;PARTIDO ALIANZA VERDE;2
MUZO;Partido Liberal Colombiano;PARTIDO LIBERAL COLOMBIANO;2
MUZO;Coalición Partidos De La U - Mira - Colombia Justa  Libres - Asi;COALICIÓN PARTIDOS DE LA U - MIRA - COLOMBIA JUSTA LIBRES - ASI;1
MUZO;Consejo Comunitario De Comunidades Negras De Campo  Hermoso;CONSEJO COMUNITARIO DE COMUNIDADES NEGRAS DE CAMPO HERMOSO;1
MUZO;Jorge Eliecer Cortes Martinez;PARTIDO LIBERAL COLOMBIANO;1
MUZO;Leidy Alejandra Moreno Sanchez;PACTO HISTÓRICO;1
MUZO;Luis Guillermo Barrera Gutierrez;PARTIDO CAMBIO RADICAL;1
MUZO;Lupe Isabel Lopez Marquez;PARTIDO CAMBIO RADICAL;1
MUZO;Mayda Cecilia Velasquez Rueda;PARTIDO LIBERAL COLOMBIANO;1
MUZO;Movimiento De Salvación Nacional;MOVIMIENTO DE SALVACIÓN NACIONAL;1
MUZO;William Fernando Granados;PARTIDO NUEVO LIBERALISMO;1
NOBSA;Jaime Raul Salamanca Torres;PARTIDO ALIANZA VERDE;1104
NOBSA;Pedro Jose Suarez Vacca;PACTO HISTÓRICO;629
NOBSA;Jose Giovany Pinzon Baez;PACTO HISTÓRICO;519
NOBSA;Hector David Chaparro Chaparro;PARTIDO LIBERAL COLOMBIANO;458
NOBSA;Wilmer Yair Castellanos Hernandez;PARTIDO ALIANZA VERDE;423
NOBSA;Pacto Histórico;PACTO HISTÓRICO;400
NOBSA;Jairo Enrique Castiblanco Parra;COALICIÓN PARTIDOS DE LA U - MIRA - COLOMBIA JUSTA LIBRES - ASI;248
NOBSA;German Tiberio Ojeda Pedraza;PARTIDO ALIANZA VERDE;219
NOBSA;Oscar Leonardo Avila Romero;PARTIDO CAMBIO RADICAL;200
NOBSA;Partido Alianza Verde;PARTIDO ALIANZA VERDE;162
NOBSA;Hector Angel Ortiz Nuñez;PARTIDO CENTRO DEMOCRÁTICO;152
NOBSA;Ingrid Marlen Sogamoso Alfonso;PARTIDO CONSERVADOR COLOMBIANO;150
NOBSA;Luis Guillermo Barrera Gutierrez;PARTIDO CAMBIO RADICAL;141
NOBSA;Maryory Catherin Ortiz Alvarez;PACTO HISTÓRICO;138
NOBSA;Luis Alejandro Gutierrez Sanabria;PARTIDO ALIANZA VERDE;129
NOBSA;Jorge Eliecer Cortes Martinez;PARTIDO LIBERAL COLOMBIANO;127
NOBSA;Wilson Castiblanco Gil;PARTIDO LIBERAL COLOMBIANO;112
NOBSA;Karen Lucia Molano Granados;PARTIDO ALIANZA VERDE;109
NOBSA;Karol Ricardo Ramirez Silva;PACTO HISTÓRICO;103
NOBSA;Cindy Yohana Bohorquez Garzon;PARTIDO CONSERVADOR COLOMBIANO;96
NOBSA;Jose Fernando Morales Acuña;PARTIDO CONSERVADOR COLOMBIANO;84
NOBSA;Carolina Del Pilar Rodriguez Contreras;PACTO HISTÓRICO;74
NOBSA;Wilder Ivan Suesca Ochoa;PARTIDO CONSERVADOR COLOMBIANO;72
NOBSA;Jonatan Sanchez Garavito;PARTIDO CAMBIO RADICAL;66
NOBSA;Leidy Alejandra Moreno Sanchez;PACTO HISTÓRICO;61
NOBSA;Eduar Alexis Triana Rincon;PARTIDO CENTRO DEMOCRÁTICO;49
NOBSA;Olga Yaneth Beltran Dorado;PARTIDO CENTRO DEMOCRÁTICO;47
NOBSA;Guillermo Leonardo Sanchez Sanchez;PARTIDO CENTRO DEMOCRÁTICO;45
NOBSA;Mayra Alejandra Viancha Sanabria;PARTIDO LIBERAL COLOMBIANO;45
NOBSA;Diana Carolina Suarez Muñoz;COALICIÓN PARTIDOS DE LA U - MIRA - COLOMBIA JUSTA LIBRES - ASI;42
NOBSA;Jorge Arturo Mayorga Esguerra;COALICIÓN PARTIDOS DE LA U - MIRA - COLOMBIA JUSTA LIBRES - ASI;41
NOBSA;Jorge Ivan Amarillo Giraldo;COALICIÓN PARTIDOS DE LA U - MIRA - COLOMBIA JUSTA LIBRES - ASI;38
NOBSA;William Donato Gomez;PARTIDO CENTRO DEMOCRÁTICO;36
NOBSA;Partido Cambio Radical;PARTIDO CAMBIO RADICAL;34
NOBSA;Laura Andrea Bello Porras;PARTIDO ALIANZA VERDE;33
NOBSA;Sandro Nestor Condia Perez;PARTIDO LIBERAL COLOMBIANO;33
NOBSA;Jose Dario Mahecha Castillo;PARTIDO CONSERVADOR COLOMBIANO;32
NOBSA;Partido Centro Democrático;PARTIDO CENTRO DEMOCRÁTICO;32
NOBSA;Partido Liberal Colombiano;PARTIDO LIBERAL COLOMBIANO;32
NOBSA;Partido Político Dignidad;PARTIDO POLÍTICO DIGNIDAD;31
NOBSA;Mayda Cecilia Velasquez Rueda;PARTIDO LIBERAL COLOMBIANO;30
NOBSA;Humphrey Roa Sarmiento;PARTIDO CONSERVADOR COLOMBIANO;28
NOBSA;Partido Nuevo Liberalismo;PARTIDO NUEVO LIBERALISMO;25
NOBSA;Coalición Partidos De La U - Mira - Colombia Justa  Libres - Asi;COALICIÓN PARTIDOS DE LA U - MIRA - COLOMBIA JUSTA LIBRES - ASI;22
NOBSA;Monica Yanneth Quiroga Castillo;PARTIDO CAMBIO RADICAL;21
NOBSA;Pablo Emilio Cepeda Novoa;PARTIDO CAMBIO RADICAL;21
NOBSA;Partido Conservador Colombiano;PARTIDO CONSERVADOR COLOMBIANO;18
NOBSA;Olga Natalie Manrique Abril;COALICIÓN PARTIDOS DE LA U - MIRA - COLOMBIA JUSTA LIBRES - ASI;17
NOBSA;William Fernando Granados;PARTIDO NUEVO LIBERALISMO;16
NOBSA;Lupe Isabel Lopez Marquez;PARTIDO CAMBIO RADICAL;14
NOBSA;Nidia Milena Torres Paez;PARTIDO CENTRO DEMOCRÁTICO;14
NOBSA;Henry De Jesus Puerto Vasquez;PARTIDO NUEVO LIBERALISMO;13
NOBSA;Olga Maria Chivata Vargas;PARTIDO NUEVO LIBERALISMO;8
NOBSA;Claudia Beatriz Duarte Acosta;PARTIDO NUEVO LIBERALISMO;6
NOBSA;Jorge Ivan Mina Lasso;CONSEJO COMUNITARIO MANUEL ZAPATA OLIVELLA DE SAN ANTERO;3
NOBSA;Movimiento De Salvación Nacional;MOVIMIENTO DE SALVACIÓN NACIONAL;3
NOBSA;Ali Bantu Ashanti;C.C LA TOMA;2
NOBSA;Consejo Comunitario Integral De Lloró;CONSEJO COMUNITARIO INTEGRAL DE LLORÓ;2
NOBSA;Norman David Bañol Alvarez;"MOVIMIENTO ALTERNATIVO INDÍGENA SOCIAL ""MAIS""";2
NOBSA;Pablo Mendoza Vargas;COALICIÓN PARTIDOS DE LA U - MIRA - COLOMBIA JUSTA LIBRES - ASI;2
NOBSA;Raymond Smith Palomeque Pino;CONSEJO COMUNITARIO MAYOR DE CERTEGUI;2
NOBSA;Angelica Asprilla Palacios;"CONSEJO COMUNITARIO DE LA COSTA PACÍFICA ""CONCOSTA""";1
NOBSA;Ariel Rosebel Palacios Angulo;C.C LA TOMA;1
NOBSA;Consejo Comunit. Recuerdo De Nuestros Ancestros Ri O Mejicano;CONSEJO COMUNIT. RECUERDO DE NUESTROS ANCESTROS RIO MEJICANO;1
NOBSA;Consejo Comunitario De Comunidades Negras De Guaya Bal;CONSEJO COMUNITARIO DE COMUNIDADES NEGRAS DE GUAYABAL;1
NOBSA;"Consejo Comunitario De La Costa Pacífica ""Concosta """;"CONSEJO COMUNITARIO DE LA COSTA PACÍFICA ""CONCOSTA""";1
NOBSA;Partido Colombia Renaciente;PARTIDO COLOMBIA RENACIENTE;1
NOBSA;Wilman Lara Palacios;CONSEJO COMUNITARIO MANUEL ZAPATA OLIVELLA DE SAN ANTERO;1
NUEVO COLON;Wilmer Yair Castellanos Hernandez;PARTIDO ALIANZA VERDE;417
NUEVO COLON;Luis Guillermo Barrera Gutierrez;PARTIDO CAMBIO RADICAL;135
NUEVO COLON;Hector David Chaparro Chaparro;PARTIDO LIBERAL COLOMBIANO;132
NUEVO COLON;Jaime Raul Salamanca Torres;PARTIDO ALIANZA VERDE;119
NUEVO COLON;Partido Político Dignidad;PARTIDO POLÍTICO DIGNIDAD;107
NUEVO COLON;Pedro Jose Suarez Vacca;PACTO HISTÓRICO;83
NUEVO COLON;Jose Giovany Pinzon Baez;PACTO HISTÓRICO;66
NUEVO COLON;Jonatan Sanchez Garavito;PARTIDO CAMBIO RADICAL;56
NUEVO COLON;Partido Alianza Verde;PARTIDO ALIANZA VERDE;49
NUEVO COLON;Ingrid Marlen Sogamoso Alfonso;PARTIDO CONSERVADOR COLOMBIANO;45
NUEVO COLON;Diana Carolina Suarez Muñoz;COALICIÓN PARTIDOS DE LA U - MIRA - COLOMBIA JUSTA LIBRES - ASI;43
NUEVO COLON;Hector Angel Ortiz Nuñez;PARTIDO CENTRO DEMOCRÁTICO;39
NUEVO COLON;Karen Lucia Molano Granados;PARTIDO ALIANZA VERDE;39
NUEVO COLON;Carolina Del Pilar Rodriguez Contreras;PACTO HISTÓRICO;36
NUEVO COLON;Pacto Histórico;PACTO HISTÓRICO;35
NUEVO COLON;German Tiberio Ojeda Pedraza;PARTIDO ALIANZA VERDE;33
NUEVO COLON;Wilson Castiblanco Gil;PARTIDO LIBERAL COLOMBIANO;32
NUEVO COLON;Jairo Enrique Castiblanco Parra;COALICIÓN PARTIDOS DE LA U - MIRA - COLOMBIA JUSTA LIBRES - ASI;26
NUEVO COLON;Olga Yaneth Beltran Dorado;PARTIDO CENTRO DEMOCRÁTICO;24
NUEVO COLON;Jose Fernando Morales Acuña;PARTIDO CONSERVADOR COLOMBIANO;23
NUEVO COLON;Oscar Leonardo Avila Romero;PARTIDO CAMBIO RADICAL;21
NUEVO COLON;Laura Andrea Bello Porras;PARTIDO ALIANZA VERDE;18
NUEVO COLON;Wilder Ivan Suesca Ochoa;PARTIDO CONSERVADOR COLOMBIANO;18
NUEVO COLON;Jorge Eliecer Cortes Martinez;PARTIDO LIBERAL COLOMBIANO;16
NUEVO COLON;Luis Alejandro Gutierrez Sanabria;PARTIDO ALIANZA VERDE;16
NUEVO COLON;Maryory Catherin Ortiz Alvarez;PACTO HISTÓRICO;16
NUEVO COLON;Partido Liberal Colombiano;PARTIDO LIBERAL COLOMBIANO;15
NUEVO COLON;Guillermo Leonardo Sanchez Sanchez;PARTIDO CENTRO DEMOCRÁTICO;12
NUEVO COLON;Mayra Alejandra Viancha Sanabria;PARTIDO LIBERAL COLOMBIANO;11
NUEVO COLON;Nidia Milena Torres Paez;PARTIDO CENTRO DEMOCRÁTICO;11
NUEVO COLON;Pablo Emilio Cepeda Novoa;PARTIDO CAMBIO RADICAL;10
NUEVO COLON;Leidy Alejandra Moreno Sanchez;PACTO HISTÓRICO;9
NUEVO COLON;Partido Centro Democrático;PARTIDO CENTRO DEMOCRÁTICO;8
NUEVO COLON;Partido Nuevo Liberalismo;PARTIDO NUEVO LIBERALISMO;8
NUEVO COLON;Cindy Yohana Bohorquez Garzon;PARTIDO CONSERVADOR COLOMBIANO;7
NUEVO COLON;Coalición Partidos De La U - Mira - Colombia Justa  Libres - Asi;COALICIÓN PARTIDOS DE LA U - MIRA - COLOMBIA JUSTA LIBRES - ASI;7
NUEVO COLON;Jose Dario Mahecha Castillo;PARTIDO CONSERVADOR COLOMBIANO;7
NUEVO COLON;Pablo Mendoza Vargas;COALICIÓN PARTIDOS DE LA U - MIRA - COLOMBIA JUSTA LIBRES - ASI;6
NUEVO COLON;Eduar Alexis Triana Rincon;PARTIDO CENTRO DEMOCRÁTICO;5
NUEVO COLON;Lupe Isabel Lopez Marquez;PARTIDO CAMBIO RADICAL;5
NUEVO COLON;Monica Yanneth Quiroga Castillo;PARTIDO CAMBIO RADICAL;5
NUEVO COLON;Jorge Ivan Amarillo Giraldo;COALICIÓN PARTIDOS DE LA U - MIRA - COLOMBIA JUSTA LIBRES - ASI;4
NUEVO COLON;Olga Natalie Manrique Abril;COALICIÓN PARTIDOS DE LA U - MIRA - COLOMBIA JUSTA LIBRES - ASI;4
NUEVO COLON;Partido Cambio Radical;PARTIDO CAMBIO RADICAL;4
NUEVO COLON;Partido Conservador Colombiano;PARTIDO CONSERVADOR COLOMBIANO;4
NUEVO COLON;William Donato Gomez;PARTIDO CENTRO DEMOCRÁTICO;4
NUEVO COLON;Claudia Beatriz Duarte Acosta;PARTIDO NUEVO LIBERALISMO;3
NUEVO COLON;Humphrey Roa Sarmiento;PARTIDO CONSERVADOR COLOMBIANO;2
NUEVO COLON;Mayda Cecilia Velasquez Rueda;PARTIDO LIBERAL COLOMBIANO;2
NUEVO COLON;Olga Maria Chivata Vargas;PARTIDO NUEVO LIBERALISMO;2
NUEVO COLON;Sandro Nestor Condia Perez;PARTIDO LIBERAL COLOMBIANO;2
NUEVO COLON;Henry De Jesus Puerto Vasquez;PARTIDO NUEVO LIBERALISMO;1
NUEVO COLON;Jorge Ivan Mina Lasso;CONSEJO COMUNITARIO MANUEL ZAPATA OLIVELLA DE SAN ANTERO;1
NUEVO COLON;Karol Ricardo Ramirez Silva;PACTO HISTÓRICO;1
NUEVO COLON;Maria Yolanda Figueroa Celis;PARTIDO INDÍGENA COLOMBIANO P.I.C;1
NUEVO COLON;Movimiento De Salvación Nacional;MOVIMIENTO DE SALVACIÓN NACIONAL;1
NUEVO COLON;William Fernando Granados;PARTIDO NUEVO LIBERALISMO;1
OICATA;Wilmer Yair Castellanos Hernandez;PARTIDO ALIANZA VERDE;157
OICATA;Oscar Leonardo Avila Romero;PARTIDO CAMBIO RADICAL;122
OICATA;Hector David Chaparro Chaparro;PARTIDO LIBERAL COLOMBIANO;107
OICATA;Pedro Jose Suarez Vacca;PACTO HISTÓRICO;88
OICATA;Wilder Ivan Suesca Ochoa;PARTIDO CONSERVADOR COLOMBIANO;83
OICATA;Jose Giovany Pinzon Baez;PACTO HISTÓRICO;65
OICATA;Guillermo Leonardo Sanchez Sanchez;PARTIDO CENTRO DEMOCRÁTICO;49
OICATA;Hector Angel Ortiz Nuñez;PARTIDO CENTRO DEMOCRÁTICO;46
OICATA;Pacto Histórico;PACTO HISTÓRICO;45
OICATA;Jaime Raul Salamanca Torres;PARTIDO ALIANZA VERDE;43
OICATA;Pablo Emilio Cepeda Novoa;PARTIDO CAMBIO RADICAL;41
OICATA;Ingrid Marlen Sogamoso Alfonso;PARTIDO CONSERVADOR COLOMBIANO;37
OICATA;Jonatan Sanchez Garavito;PARTIDO CAMBIO RADICAL;35
OICATA;German Tiberio Ojeda Pedraza;PARTIDO ALIANZA VERDE;34
OICATA;Karen Lucia Molano Granados;PARTIDO ALIANZA VERDE;34
OICATA;Luis Alejandro Gutierrez Sanabria;PARTIDO ALIANZA VERDE;30
OICATA;Jorge Eliecer Cortes Martinez;PARTIDO LIBERAL COLOMBIANO;22
OICATA;Jose Dario Mahecha Castillo;PARTIDO CONSERVADOR COLOMBIANO;18
OICATA;Jairo Enrique Castiblanco Parra;COALICIÓN PARTIDOS DE LA U - MIRA - COLOMBIA JUSTA LIBRES - ASI;17
OICATA;Olga Yaneth Beltran Dorado;PARTIDO CENTRO DEMOCRÁTICO;15
OICATA;Carolina Del Pilar Rodriguez Contreras;PACTO HISTÓRICO;14
OICATA;Jorge Ivan Amarillo Giraldo;COALICIÓN PARTIDOS DE LA U - MIRA - COLOMBIA JUSTA LIBRES - ASI;14
OICATA;Partido Centro Democrático;PARTIDO CENTRO DEMOCRÁTICO;14
OICATA;Wilson Castiblanco Gil;PARTIDO LIBERAL COLOMBIANO;13
OICATA;Humphrey Roa Sarmiento;PARTIDO CONSERVADOR COLOMBIANO;11
OICATA;Maryory Catherin Ortiz Alvarez;PACTO HISTÓRICO;10
OICATA;Partido Alianza Verde;PARTIDO ALIANZA VERDE;10
OICATA;Luis Guillermo Barrera Gutierrez;PARTIDO CAMBIO RADICAL;9
OICATA;Lupe Isabel Lopez Marquez;PARTIDO CAMBIO RADICAL;9
OICATA;Karol Ricardo Ramirez Silva;PACTO HISTÓRICO;8
OICATA;Leidy Alejandra Moreno Sanchez;PACTO HISTÓRICO;8
OICATA;Nidia Milena Torres Paez;PARTIDO CENTRO DEMOCRÁTICO;8
OICATA;Diana Carolina Suarez Muñoz;COALICIÓN PARTIDOS DE LA U - MIRA - COLOMBIA JUSTA LIBRES - ASI;7
OICATA;Mayra Alejandra Viancha Sanabria;PARTIDO LIBERAL COLOMBIANO;7
OICATA;Cindy Yohana Bohorquez Garzon;PARTIDO CONSERVADOR COLOMBIANO;6
OICATA;Eduar Alexis Triana Rincon;PARTIDO CENTRO DEMOCRÁTICO;6
OICATA;Jose Fernando Morales Acuña;PARTIDO CONSERVADOR COLOMBIANO;6
OICATA;Coalición Partidos De La U - Mira - Colombia Justa  Libres - Asi;COALICIÓN PARTIDOS DE LA U - MIRA - COLOMBIA JUSTA LIBRES - ASI;5
OICATA;Laura Andrea Bello Porras;PARTIDO ALIANZA VERDE;5
OICATA;Partido Cambio Radical;PARTIDO CAMBIO RADICAL;5
OICATA;Partido Nuevo Liberalismo;PARTIDO NUEVO LIBERALISMO;5
OICATA;William Donato Gomez;PARTIDO CENTRO DEMOCRÁTICO;5
OICATA;Partido Conservador Colombiano;PARTIDO CONSERVADOR COLOMBIANO;4
OICATA;Partido Liberal Colombiano;PARTIDO LIBERAL COLOMBIANO;4
OICATA;Henry De Jesus Puerto Vasquez;PARTIDO NUEVO LIBERALISMO;3
OICATA;Mayda Cecilia Velasquez Rueda;PARTIDO LIBERAL COLOMBIANO;3
OICATA;Monica Yanneth Quiroga Castillo;PARTIDO CAMBIO RADICAL;3
OICATA;Olga Maria Chivata Vargas;PARTIDO NUEVO LIBERALISMO;3
OICATA;Olga Natalie Manrique Abril;COALICIÓN PARTIDOS DE LA U - MIRA - COLOMBIA JUSTA LIBRES - ASI;3
OICATA;Partido Político Dignidad;PARTIDO POLÍTICO DIGNIDAD;3
OICATA;Claudia Beatriz Duarte Acosta;PARTIDO NUEVO LIBERALISMO;2
OICATA;Jorge Arturo Mayorga Esguerra;COALICIÓN PARTIDOS DE LA U - MIRA - COLOMBIA JUSTA LIBRES - ASI;2
OICATA;Sandro Nestor Condia Perez;PARTIDO LIBERAL COLOMBIANO;2
OICATA;Consejo Comunit. Recuerdo De Nuestros Ancestros Ri O Mejicano;CONSEJO COMUNIT. RECUERDO DE NUESTROS ANCESTROS RIO MEJICANO;1
OICATA;Juvenal Arrieta Gonzalez;"MOVIMIENTO ALTERNATIVO INDÍGENA SOCIAL ""MAIS""";1
OTANCHE;Jonatan Sanchez Garavito;PARTIDO CAMBIO RADICAL;859
OTANCHE;Eduar Alexis Triana Rincon;PARTIDO CENTRO DEMOCRÁTICO;377
OTANCHE;Hector Angel Ortiz Nuñez;PARTIDO CENTRO DEMOCRÁTICO;318
OTANCHE;Humphrey Roa Sarmiento;PARTIDO CONSERVADOR COLOMBIANO;115
OTANCHE;Jaime Raul Salamanca Torres;PARTIDO ALIANZA VERDE;101
OTANCHE;Ingrid Marlen Sogamoso Alfonso;PARTIDO CONSERVADOR COLOMBIANO;77
OTANCHE;Wilmer Yair Castellanos Hernandez;PARTIDO ALIANZA VERDE;61
OTANCHE;Jairo Enrique Castiblanco Parra;COALICIÓN PARTIDOS DE LA U - MIRA - COLOMBIA JUSTA LIBRES - ASI;58
OTANCHE;Pablo Emilio Cepeda Novoa;PARTIDO CAMBIO RADICAL;57
OTANCHE;Partido Cambio Radical;PARTIDO CAMBIO RADICAL;37
OTANCHE;Diana Carolina Suarez Muñoz;COALICIÓN PARTIDOS DE LA U - MIRA - COLOMBIA JUSTA LIBRES - ASI;35
OTANCHE;Partido Alianza Verde;PARTIDO ALIANZA VERDE;30
OTANCHE;Partido Conservador Colombiano;PARTIDO CONSERVADOR COLOMBIANO;29
OTANCHE;Pedro Jose Suarez Vacca;PACTO HISTÓRICO;29
OTANCHE;Partido Político Dignidad;PARTIDO POLÍTICO DIGNIDAD;28
OTANCHE;Karen Lucia Molano Granados;PARTIDO ALIANZA VERDE;26
OTANCHE;Olga Yaneth Beltran Dorado;PARTIDO CENTRO DEMOCRÁTICO;26
OTANCHE;Pacto Histórico;PACTO HISTÓRICO;26
OTANCHE;German Tiberio Ojeda Pedraza;PARTIDO ALIANZA VERDE;25
OTANCHE;Maryory Catherin Ortiz Alvarez;PACTO HISTÓRICO;24
OTANCHE;Partido Centro Democrático;PARTIDO CENTRO DEMOCRÁTICO;24
OTANCHE;Luis Guillermo Barrera Gutierrez;PARTIDO CAMBIO RADICAL;22
OTANCHE;Jose Dario Mahecha Castillo;PARTIDO CONSERVADOR COLOMBIANO;21
OTANCHE;Jose Giovany Pinzon Baez;PACTO HISTÓRICO;21
OTANCHE;Jorge Arturo Mayorga Esguerra;COALICIÓN PARTIDOS DE LA U - MIRA - COLOMBIA JUSTA LIBRES - ASI;20
OTANCHE;Luis Alejandro Gutierrez Sanabria;PARTIDO ALIANZA VERDE;20
OTANCHE;Wilson Castiblanco Gil;PARTIDO LIBERAL COLOMBIANO;12
OTANCHE;Monica Yanneth Quiroga Castillo;PARTIDO CAMBIO RADICAL;11
OTANCHE;Jorge Eliecer Cortes Martinez;PARTIDO LIBERAL COLOMBIANO;10
OTANCHE;Cindy Yohana Bohorquez Garzon;PARTIDO CONSERVADOR COLOMBIANO;9
OTANCHE;Oscar Leonardo Avila Romero;PARTIDO CAMBIO RADICAL;9
OTANCHE;Sandro Nestor Condia Perez;PARTIDO LIBERAL COLOMBIANO;9
OTANCHE;Carolina Del Pilar Rodriguez Contreras;PACTO HISTÓRICO;8
OTANCHE;Guillermo Leonardo Sanchez Sanchez;PARTIDO CENTRO DEMOCRÁTICO;8
OTANCHE;Hector David Chaparro Chaparro;PARTIDO LIBERAL COLOMBIANO;7
OTANCHE;Laura Andrea Bello Porras;PARTIDO ALIANZA VERDE;7
OTANCHE;William Donato Gomez;PARTIDO CENTRO DEMOCRÁTICO;7
OTANCHE;Coalición Partidos De La U - Mira - Colombia Justa  Libres - Asi;COALICIÓN PARTIDOS DE LA U - MIRA - COLOMBIA JUSTA LIBRES - ASI;6
OTANCHE;Leidy Alejandra Moreno Sanchez;PACTO HISTÓRICO;6
OTANCHE;Nidia Milena Torres Paez;PARTIDO CENTRO DEMOCRÁTICO;5
OTANCHE;Wilder Ivan Suesca Ochoa;PARTIDO CONSERVADOR COLOMBIANO;5
OTANCHE;Olga Maria Chivata Vargas;PARTIDO NUEVO LIBERALISMO;4
OTANCHE;Partido Liberal Colombiano;PARTIDO LIBERAL COLOMBIANO;4
OTANCHE;Karol Ricardo Ramirez Silva;PACTO HISTÓRICO;3
OTANCHE;Jose Fernando Morales Acuña;PARTIDO CONSERVADOR COLOMBIANO;2
OTANCHE;William Fernando Granados;PARTIDO NUEVO LIBERALISMO;2
OTANCHE;Henry De Jesus Puerto Vasquez;PARTIDO NUEVO LIBERALISMO;1
OTANCHE;Jorge Ivan Amarillo Giraldo;COALICIÓN PARTIDOS DE LA U - MIRA - COLOMBIA JUSTA LIBRES - ASI;1
OTANCHE;Mayda Cecilia Velasquez Rueda;PARTIDO LIBERAL COLOMBIANO;1
OTANCHE;Movimiento De Salvación Nacional;MOVIMIENTO DE SALVACIÓN NACIONAL;1
OTANCHE;Pablo Mendoza Vargas;COALICIÓN PARTIDOS DE LA U - MIRA - COLOMBIA JUSTA LIBRES - ASI;1
OTANCHE;Partido Nuevo Liberalismo;PARTIDO NUEVO LIBERALISMO;1
OTANCHE;Raymond Smith Palomeque Pino;CONSEJO COMUNITARIO MAYOR DE CERTEGUI;1
PACHAVITA;Ingrid Marlen Sogamoso Alfonso;PARTIDO CONSERVADOR COLOMBIANO;196
PACHAVITA;Jaime Raul Salamanca Torres;PARTIDO ALIANZA VERDE;117
PACHAVITA;Oscar Leonardo Avila Romero;PARTIDO CAMBIO RADICAL;45
PACHAVITA;Jairo Enrique Castiblanco Parra;COALICIÓN PARTIDOS DE LA U - MIRA - COLOMBIA JUSTA LIBRES - ASI;43
PACHAVITA;Partido Alianza Verde;PARTIDO ALIANZA VERDE;38
PACHAVITA;Guillermo Leonardo Sanchez Sanchez;PARTIDO CENTRO DEMOCRÁTICO;34
PACHAVITA;German Tiberio Ojeda Pedraza;PARTIDO ALIANZA VERDE;27
PACHAVITA;Jose Giovany Pinzon Baez;PACTO HISTÓRICO;27
PACHAVITA;Olga Yaneth Beltran Dorado;PARTIDO CENTRO DEMOCRÁTICO;20
PACHAVITA;Hector Angel Ortiz Nuñez;PARTIDO CENTRO DEMOCRÁTICO;19
PACHAVITA;Karen Lucia Molano Granados;PARTIDO ALIANZA VERDE;19
PACHAVITA;Pacto Histórico;PACTO HISTÓRICO;18
PACHAVITA;Partido Centro Democrático;PARTIDO CENTRO DEMOCRÁTICO;18
PACHAVITA;Partido Conservador Colombiano;PARTIDO CONSERVADOR COLOMBIANO;17
PACHAVITA;Wilmer Yair Castellanos Hernandez;PARTIDO ALIANZA VERDE;16
PACHAVITA;Luis Alejandro Gutierrez Sanabria;PARTIDO ALIANZA VERDE;14
PACHAVITA;Laura Andrea Bello Porras;PARTIDO ALIANZA VERDE;13
PACHAVITA;Jorge Eliecer Cortes Martinez;PARTIDO LIBERAL COLOMBIANO;11
PACHAVITA;Wilder Ivan Suesca Ochoa;PARTIDO CONSERVADOR COLOMBIANO;11
PACHAVITA;Humphrey Roa Sarmiento;PARTIDO CONSERVADOR COLOMBIANO;9
PACHAVITA;William Donato Gomez;PARTIDO CENTRO DEMOCRÁTICO;9
PACHAVITA;Jose Fernando Morales Acuña;PARTIDO CONSERVADOR COLOMBIANO;8
PACHAVITA;Eduar Alexis Triana Rincon;PARTIDO CENTRO DEMOCRÁTICO;7
PACHAVITA;Pedro Jose Suarez Vacca;PACTO HISTÓRICO;7
PACHAVITA;Hector David Chaparro Chaparro;PARTIDO LIBERAL COLOMBIANO;6
PACHAVITA;Maryory Catherin Ortiz Alvarez;PACTO HISTÓRICO;6
PACHAVITA;Jose Dario Mahecha Castillo;PARTIDO CONSERVADOR COLOMBIANO;5
PACHAVITA;Cindy Yohana Bohorquez Garzon;PARTIDO CONSERVADOR COLOMBIANO;4
PACHAVITA;Lupe Isabel Lopez Marquez;PARTIDO CAMBIO RADICAL;4
PACHAVITA;Nidia Milena Torres Paez;PARTIDO CENTRO DEMOCRÁTICO;4
PACHAVITA;Pablo Emilio Cepeda Novoa;PARTIDO CAMBIO RADICAL;4
PACHAVITA;Partido Liberal Colombiano;PARTIDO LIBERAL COLOMBIANO;4
PACHAVITA;Coalición Partidos De La U - Mira - Colombia Justa  Libres - Asi;COALICIÓN PARTIDOS DE LA U - MIRA - COLOMBIA JUSTA LIBRES - ASI;3
PACHAVITA;Consejo Comunitario De La Comunidad Negra Limones;CONSEJO COMUNITARIO DE LA COMUNIDAD NEGRA LIMONES;3
PACHAVITA;Karol Ricardo Ramirez Silva;PACTO HISTÓRICO;3
PACHAVITA;Leidy Alejandra Moreno Sanchez;PACTO HISTÓRICO;3
PACHAVITA;Partido Nuevo Liberalismo;PARTIDO NUEVO LIBERALISMO;3
PACHAVITA;Sandro Nestor Condia Perez;PARTIDO LIBERAL COLOMBIANO;3
PACHAVITA;Carolina Del Pilar Rodriguez Contreras;PACTO HISTÓRICO;2
PACHAVITA;Jorge Arturo Mayorga Esguerra;COALICIÓN PARTIDOS DE LA U - MIRA - COLOMBIA JUSTA LIBRES - ASI;2
PACHAVITA;Jorge Ivan Amarillo Giraldo;COALICIÓN PARTIDOS DE LA U - MIRA - COLOMBIA JUSTA LIBRES - ASI;2
PACHAVITA;Mayda Cecilia Velasquez Rueda;PARTIDO LIBERAL COLOMBIANO;2
PACHAVITA;Monica Yanneth Quiroga Castillo;PARTIDO CAMBIO RADICAL;2
PACHAVITA;Pablo Mendoza Vargas;COALICIÓN PARTIDOS DE LA U - MIRA - COLOMBIA JUSTA LIBRES - ASI;2
PACHAVITA;Wilson Castiblanco Gil;PARTIDO LIBERAL COLOMBIANO;2
PACHAVITA;"Consejo Comunitario De La Costa Pacífica ""Concosta """;"CONSEJO COMUNITARIO DE LA COSTA PACÍFICA ""CONCOSTA""";1
PACHAVITA;Consejo Comunitario La Voz De Los Negros;CONSEJO COMUNITARIO LA VOZ DE LOS NEGROS;1
PACHAVITA;Diana Carolina Suarez Muñoz;COALICIÓN PARTIDOS DE LA U - MIRA - COLOMBIA JUSTA LIBRES - ASI;1
PACHAVITA;Henry De Jesus Puerto Vasquez;PARTIDO NUEVO LIBERALISMO;1
PACHAVITA;Jonatan Sanchez Garavito;PARTIDO CAMBIO RADICAL;1
PACHAVITA;Juvenal Arrieta Gonzalez;"MOVIMIENTO ALTERNATIVO INDÍGENA SOCIAL ""MAIS""";1
PACHAVITA;Mayra Alejandra Viancha Sanabria;PARTIDO LIBERAL COLOMBIANO;1
PACHAVITA;Olga Maria Chivata Vargas;PARTIDO NUEVO LIBERALISMO;1
PACHAVITA;Partido Cambio Radical;PARTIDO CAMBIO RADICAL;1
PACHAVITA;William Fernando Granados;PARTIDO NUEVO LIBERALISMO;1
PAEZ;Jaime Raul Salamanca Torres;PARTIDO ALIANZA VERDE;179
PAEZ;Jairo Enrique Castiblanco Parra;COALICIÓN PARTIDOS DE LA U - MIRA - COLOMBIA JUSTA LIBRES - ASI;152
PAEZ;Hector David Chaparro Chaparro;PARTIDO LIBERAL COLOMBIANO;86
PAEZ;Jorge Eliecer Cortes Martinez;PARTIDO LIBERAL COLOMBIANO;64
PAEZ;Wilmer Yair Castellanos Hernandez;PARTIDO ALIANZA VERDE;56
PAEZ;Wilson Castiblanco Gil;PARTIDO LIBERAL COLOMBIANO;32
PAEZ;Jonatan Sanchez Garavito;PARTIDO CAMBIO RADICAL;31
PAEZ;Jose Giovany Pinzon Baez;PACTO HISTÓRICO;30
PAEZ;Partido Alianza Verde;PARTIDO ALIANZA VERDE;29
PAEZ;Olga Yaneth Beltran Dorado;PARTIDO CENTRO DEMOCRÁTICO;19
PAEZ;Pacto Histórico;PACTO HISTÓRICO;19
PAEZ;German Tiberio Ojeda Pedraza;PARTIDO ALIANZA VERDE;18
PAEZ;Carolina Del Pilar Rodriguez Contreras;PACTO HISTÓRICO;17
PAEZ;Pablo Mendoza Vargas;COALICIÓN PARTIDOS DE LA U - MIRA - COLOMBIA JUSTA LIBRES - ASI;15
PAEZ;Partido Centro Democrático;PARTIDO CENTRO DEMOCRÁTICO;15
PAEZ;Diana Carolina Suarez Muñoz;COALICIÓN PARTIDOS DE LA U - MIRA - COLOMBIA JUSTA LIBRES - ASI;14
PAEZ;Mayda Cecilia Velasquez Rueda;PARTIDO LIBERAL COLOMBIANO;12
PAEZ;Guillermo Leonardo Sanchez Sanchez;PARTIDO CENTRO DEMOCRÁTICO;11
PAEZ;Monica Yanneth Quiroga Castillo;PARTIDO CAMBIO RADICAL;11
PAEZ;Olga Natalie Manrique Abril;COALICIÓN PARTIDOS DE LA U - MIRA - COLOMBIA JUSTA LIBRES - ASI;11
PAEZ;Eduar Alexis Triana Rincon;PARTIDO CENTRO DEMOCRÁTICO;9
PAEZ;Karen Lucia Molano Granados;PARTIDO ALIANZA VERDE;9
PAEZ;Jorge Ivan Amarillo Giraldo;COALICIÓN PARTIDOS DE LA U - MIRA - COLOMBIA JUSTA LIBRES - ASI;8
PAEZ;Luis Alejandro Gutierrez Sanabria;PARTIDO ALIANZA VERDE;8
PAEZ;Oscar Leonardo Avila Romero;PARTIDO CAMBIO RADICAL;7
PAEZ;Partido Cambio Radical;PARTIDO CAMBIO RADICAL;7
PAEZ;Consejo Comunitario La Voz De Los Negros;CONSEJO COMUNITARIO LA VOZ DE LOS NEGROS;6
PAEZ;Laura Andrea Bello Porras;PARTIDO ALIANZA VERDE;6
PAEZ;Pedro Jose Suarez Vacca;PACTO HISTÓRICO;6
PAEZ;Leidy Alejandra Moreno Sanchez;PACTO HISTÓRICO;5
PAEZ;Pablo Emilio Cepeda Novoa;PARTIDO CAMBIO RADICAL;5
PAEZ;Partido Nuevo Liberalismo;PARTIDO NUEVO LIBERALISMO;5
PAEZ;William Donato Gomez;PARTIDO CENTRO DEMOCRÁTICO;5
PAEZ;Hector Angel Ortiz Nuñez;PARTIDO CENTRO DEMOCRÁTICO;4
PAEZ;Henry De Jesus Puerto Vasquez;PARTIDO NUEVO LIBERALISMO;4
PAEZ;Maryory Catherin Ortiz Alvarez;PACTO HISTÓRICO;4
PAEZ;Partido Liberal Colombiano;PARTIDO LIBERAL COLOMBIANO;4
PAEZ;Sandro Nestor Condia Perez;PARTIDO LIBERAL COLOMBIANO;4
PAEZ;Cindy Yohana Bohorquez Garzon;PARTIDO CONSERVADOR COLOMBIANO;3
PAEZ;Coalición Partidos De La U - Mira - Colombia Justa  Libres - Asi;COALICIÓN PARTIDOS DE LA U - MIRA - COLOMBIA JUSTA LIBRES - ASI;3
PAEZ;Nidia Milena Torres Paez;PARTIDO CENTRO DEMOCRÁTICO;3
PAEZ;Consejo Comunitario De La Comunidad Negra Limones;CONSEJO COMUNITARIO DE LA COMUNIDAD NEGRA LIMONES;2
PAEZ;Jorge Arturo Mayorga Esguerra;COALICIÓN PARTIDOS DE LA U - MIRA - COLOMBIA JUSTA LIBRES - ASI;2
PAEZ;Jose Fernando Morales Acuña;PARTIDO CONSERVADOR COLOMBIANO;2
PAEZ;Luis Guillermo Barrera Gutierrez;PARTIDO CAMBIO RADICAL;2
PAEZ;Resguardo Indígena Alta Y Media Guajira;RESGUARDO INDÍGENA ALTA Y MEDIA GUAJIRA;2
PAEZ;Claudia Beatriz Duarte Acosta;PARTIDO NUEVO LIBERALISMO;1
PAEZ;Consejo Mayor Condoto Iró;CONSEJO MAYOR CONDOTO IRÓ;1
PAEZ;Jose Dario Mahecha Castillo;PARTIDO CONSERVADOR COLOMBIANO;1
PAEZ;Karol Ricardo Ramirez Silva;PACTO HISTÓRICO;1
PAEZ;Lupe Isabel Lopez Marquez;PARTIDO CAMBIO RADICAL;1
PAEZ;Mayra Alejandra Viancha Sanabria;PARTIDO LIBERAL COLOMBIANO;1
PAEZ;Movimiento De Salvación Nacional;MOVIMIENTO DE SALVACIÓN NACIONAL;1
PAEZ;Olga Maria Chivata Vargas;PARTIDO NUEVO LIBERALISMO;1
PAEZ;Partido Político Dignidad;PARTIDO POLÍTICO DIGNIDAD;1
PAEZ;Wilder Ivan Suesca Ochoa;PARTIDO CONSERVADOR COLOMBIANO;1
PAIPA;Jaime Raul Salamanca Torres;PARTIDO ALIANZA VERDE;1811
PAIPA;Henry De Jesus Puerto Vasquez;PARTIDO NUEVO LIBERALISMO;1444
PAIPA;Pedro Jose Suarez Vacca;PACTO HISTÓRICO;1232
PAIPA;Hector David Chaparro Chaparro;PARTIDO LIBERAL COLOMBIANO;936
PAIPA;Wilder Ivan Suesca Ochoa;PARTIDO CONSERVADOR COLOMBIANO;900
PAIPA;Jorge Eliecer Cortes Martinez;PARTIDO LIBERAL COLOMBIANO;570
PAIPA;Pacto Histórico;PACTO HISTÓRICO;569
PAIPA;Wilmer Yair Castellanos Hernandez;PARTIDO ALIANZA VERDE;517
PAIPA;Jose Giovany Pinzon Baez;PACTO HISTÓRICO;422
PAIPA;German Tiberio Ojeda Pedraza;PARTIDO ALIANZA VERDE;414
PAIPA;Guillermo Leonardo Sanchez Sanchez;PARTIDO CENTRO DEMOCRÁTICO;376
PAIPA;Hector Angel Ortiz Nuñez;PARTIDO CENTRO DEMOCRÁTICO;277
PAIPA;Jairo Enrique Castiblanco Parra;COALICIÓN PARTIDOS DE LA U - MIRA - COLOMBIA JUSTA LIBRES - ASI;249
PAIPA;Partido Alianza Verde;PARTIDO ALIANZA VERDE;243
PAIPA;Karen Lucia Molano Granados;PARTIDO ALIANZA VERDE;205
PAIPA;Diana Carolina Suarez Muñoz;COALICIÓN PARTIDOS DE LA U - MIRA - COLOMBIA JUSTA LIBRES - ASI;203
PAIPA;Jonatan Sanchez Garavito;PARTIDO CAMBIO RADICAL;202
PAIPA;Luis Alejandro Gutierrez Sanabria;PARTIDO ALIANZA VERDE;134
PAIPA;Maryory Catherin Ortiz Alvarez;PACTO HISTÓRICO;132
PAIPA;Wilson Castiblanco Gil;PARTIDO LIBERAL COLOMBIANO;129
PAIPA;Karol Ricardo Ramirez Silva;PACTO HISTÓRICO;128
PAIPA;Laura Andrea Bello Porras;PARTIDO ALIANZA VERDE;117
PAIPA;Leidy Alejandra Moreno Sanchez;PACTO HISTÓRICO;112
PAIPA;Ingrid Marlen Sogamoso Alfonso;PARTIDO CONSERVADOR COLOMBIANO;107
PAIPA;Pablo Emilio Cepeda Novoa;PARTIDO CAMBIO RADICAL;101
PAIPA;Eduar Alexis Triana Rincon;PARTIDO CENTRO DEMOCRÁTICO;100
PAIPA;Oscar Leonardo Avila Romero;PARTIDO CAMBIO RADICAL;94
PAIPA;Carolina Del Pilar Rodriguez Contreras;PACTO HISTÓRICO;93
PAIPA;Olga Yaneth Beltran Dorado;PARTIDO CENTRO DEMOCRÁTICO;93
PAIPA;Partido Centro Democrático;PARTIDO CENTRO DEMOCRÁTICO;78
PAIPA;Partido Nuevo Liberalismo;PARTIDO NUEVO LIBERALISMO;78
PAIPA;Partido Liberal Colombiano;PARTIDO LIBERAL COLOMBIANO;76
PAIPA;Claudia Beatriz Duarte Acosta;PARTIDO NUEVO LIBERALISMO;71
PAIPA;Luis Guillermo Barrera Gutierrez;PARTIDO CAMBIO RADICAL;71
PAIPA;Jose Fernando Morales Acuña;PARTIDO CONSERVADOR COLOMBIANO;68
PAIPA;Jose Dario Mahecha Castillo;PARTIDO CONSERVADOR COLOMBIANO;66
PAIPA;Partido Conservador Colombiano;PARTIDO CONSERVADOR COLOMBIANO;65
PAIPA;Sandro Nestor Condia Perez;PARTIDO LIBERAL COLOMBIANO;56
PAIPA;Lupe Isabel Lopez Marquez;PARTIDO CAMBIO RADICAL;50
PAIPA;Nidia Milena Torres Paez;PARTIDO CENTRO DEMOCRÁTICO;50
PAIPA;Cindy Yohana Bohorquez Garzon;PARTIDO CONSERVADOR COLOMBIANO;49
PAIPA;Mayra Alejandra Viancha Sanabria;PARTIDO LIBERAL COLOMBIANO;49
PAIPA;Olga Maria Chivata Vargas;PARTIDO NUEVO LIBERALISMO;49
PAIPA;Humphrey Roa Sarmiento;PARTIDO CONSERVADOR COLOMBIANO;47
PAIPA;Jorge Ivan Amarillo Giraldo;COALICIÓN PARTIDOS DE LA U - MIRA - COLOMBIA JUSTA LIBRES - ASI;47
PAIPA;William Donato Gomez;PARTIDO CENTRO DEMOCRÁTICO;47
PAIPA;Mayda Cecilia Velasquez Rueda;PARTIDO LIBERAL COLOMBIANO;45
PAIPA;Coalición Partidos De La U - Mira - Colombia Justa  Libres - Asi;COALICIÓN PARTIDOS DE LA U - MIRA - COLOMBIA JUSTA LIBRES - ASI;34
PAIPA;Olga Natalie Manrique Abril;COALICIÓN PARTIDOS DE LA U - MIRA - COLOMBIA JUSTA LIBRES - ASI;31
PAIPA;Partido Cambio Radical;PARTIDO CAMBIO RADICAL;30
PAIPA;William Fernando Granados;PARTIDO NUEVO LIBERALISMO;30
PAIPA;Partido Político Dignidad;PARTIDO POLÍTICO DIGNIDAD;23
PAIPA;Monica Yanneth Quiroga Castillo;PARTIDO CAMBIO RADICAL;20
PAIPA;Movimiento De Salvación Nacional;MOVIMIENTO DE SALVACIÓN NACIONAL;17
PAIPA;Pablo Mendoza Vargas;COALICIÓN PARTIDOS DE LA U - MIRA - COLOMBIA JUSTA LIBRES - ASI;15
PAIPA;Jorge Ivan Mina Lasso;CONSEJO COMUNITARIO MANUEL ZAPATA OLIVELLA DE SAN ANTERO;11
PAIPA;Jorge Arturo Mayorga Esguerra;COALICIÓN PARTIDOS DE LA U - MIRA - COLOMBIA JUSTA LIBRES - ASI;9
PAIPA;Fernando Ríos Hidalgo;FERNANDO RÍOS HIDALGO;6
PAIPA;Consejo Comunitario La Voz De Los Negros;CONSEJO COMUNITARIO LA VOZ DE LOS NEGROS;5
PAIPA;C.C La Toma;C.C LA TOMA;3
PAIPA;Camilo Rivera Soto;CONSEJO COMUNITARIO AFROZABALETAS;3
PAIPA;"Movimiento Alternativo Indígena Social ""Mais""";"MOVIMIENTO ALTERNATIVO INDÍGENA SOCIAL ""MAIS""";3
PAIPA;Salomon Rafael Ruiz Bertel;CABILDO INDÍGENA AYWJAWASHI;3
PAIPA;Ali Bantu Ashanti;C.C LA TOMA;2
PAIPA;Ariel Rosebel Palacios Angulo;C.C LA TOMA;2
PAIPA;Consejo Comunitario Bocas De Taparal;CONSEJO COMUNITARIO BOCAS DE TAPARAL;2
PAIPA;Consejo Comunitario De Comunidades Negras De Campo  Hermoso;CONSEJO COMUNITARIO DE COMUNIDADES NEGRAS DE CAMPO HERMOSO;2
PAIPA;Consejo Comunitario De La Comunidad Negra Limones;CONSEJO COMUNITARIO DE LA COMUNIDAD NEGRA LIMONES;2
PAIPA;Didier Angulo Angulo;FUNDACIÓN PARA EL DESARROLLO SOCIAL DE COMUNIDADES NEGRAS;2
PAIPA;Diego Alberto Ramirez Prado;CONSEJO COMUNITARIO MAYOR DE CASIMIRO;2
PAIPA;Guillermo Alfredo Rodriguez Quispe;"MOVIMIENTO AUTORIDADES INDÍGENAS DE COLOMBIA ""AICO""";2
PAIPA;Juvenal Arrieta Gonzalez;"MOVIMIENTO ALTERNATIVO INDÍGENA SOCIAL ""MAIS""";2
PAIPA;Paciano Asprilla Arboleda;"CONSEJO COMUNITARIO DE LA COSTA PACÍFICA ""CONCOSTA""";2
PAIPA;Pedro Adan Torres Perez;PALENQUE DE LA VEREDA LAS TRECIENTAS Y DEL MUNICIPIO DE GALAPA;2
PAIPA;Yorly Jimena Floriano Hernandez;CONSEJO COMUNITARIO MAYOR DE CASIMIRO;2
PAIPA;Alianza Nacional Afrocolombiana;ALIANZA NACIONAL AFROCOLOMBIANA;1
PAIPA;"Asociación Afrodescendientes De Arboletes ""Afrodes Ar""";"ASOCIACIÓN AFRODESCENDIENTES DE ARBOLETES ""AFRODESAR""";1
PAIPA;Asociación Nacional De Cabildos Y Autoridades Indí Genas En Colombia Anicol;ASOCIACIÓN NACIONAL DE CABILDOS Y AUTORIDADES INDÍGENAS EN COLOMBIA ANICOL;1
PAIPA;Conmoguz;CONMOGUZ;1
PAIPA;Consejo Comunitario Afrozabaletas;CONSEJO COMUNITARIO AFROZABALETAS;1
PAIPA;Consejo Comunitario De Comunidades Negras De Guaya Bal;CONSEJO COMUNITARIO DE COMUNIDADES NEGRAS DE GUAYABAL;1
PAIPA;Consejo Comunitario Mayor De Casimiro;CONSEJO COMUNITARIO MAYOR DE CASIMIRO;1
PAIPA;Felix Antonio Castillo Mosquera;CONSEJO COMUNITARIO MANUEL ZAPATA OLIVELLA DE SAN ANTERO;1
PAIPA;Idalmy Minotta Teran;C.C LA TOMA;1
PAIPA;Jorge Humberto Cleves Rodriguez;"MOVIMIENTO AUTORIDADES INDÍGENAS DE COLOMBIA ""AICO""";1
PAIPA;Maria Yolanda Figueroa Celis;PARTIDO INDÍGENA COLOMBIANO P.I.C;1
PAIPA;Norman David Bañol Alvarez;"MOVIMIENTO ALTERNATIVO INDÍGENA SOCIAL ""MAIS""";1
PAIPA;Odeprivicor;ODEPRIVICOR;1
PAIPA;Partido Colombia Renaciente;PARTIDO COLOMBIA RENACIENTE;1
PAIPA;Partido Indígena Colombiano P.I.C;PARTIDO INDÍGENA COLOMBIANO P.I.C;1
PAIPA;Resguardo Indígena Alta Y Media Guajira;RESGUARDO INDÍGENA ALTA Y MEDIA GUAJIRA;1
PAIPA;Teodolinda Ordoñez Erazo;FUNDACIÓN PARA EL DESARROLLO SOCIAL DE COMUNIDADES NEGRAS;1
PAIPA;Ubaldo Julio Rojas Pardo;CORPORACIÓN KOFI ANNAN;1
PAJARITO;Hector Angel Ortiz Nuñez;PARTIDO CENTRO DEMOCRÁTICO;89
PAJARITO;Jairo Enrique Castiblanco Parra;COALICIÓN PARTIDOS DE LA U - MIRA - COLOMBIA JUSTA LIBRES - ASI;81
PAJARITO;Luis Guillermo Barrera Gutierrez;PARTIDO CAMBIO RADICAL;73
PAJARITO;Eduar Alexis Triana Rincon;PARTIDO CENTRO DEMOCRÁTICO;72
PAJARITO;Hector David Chaparro Chaparro;PARTIDO LIBERAL COLOMBIANO;53
PAJARITO;Karol Ricardo Ramirez Silva;PACTO HISTÓRICO;53
PAJARITO;Jaime Raul Salamanca Torres;PARTIDO ALIANZA VERDE;37
PAJARITO;Jose Giovany Pinzon Baez;PACTO HISTÓRICO;29
PAJARITO;Guillermo Leonardo Sanchez Sanchez;PARTIDO CENTRO DEMOCRÁTICO;24
PAJARITO;Pedro Jose Suarez Vacca;PACTO HISTÓRICO;21
PAJARITO;Olga Yaneth Beltran Dorado;PARTIDO CENTRO DEMOCRÁTICO;17
PAJARITO;Wilmer Yair Castellanos Hernandez;PARTIDO ALIANZA VERDE;15
PAJARITO;Luis Alejandro Gutierrez Sanabria;PARTIDO ALIANZA VERDE;14
PAJARITO;Jonatan Sanchez Garavito;PARTIDO CAMBIO RADICAL;13
PAJARITO;Pacto Histórico;PACTO HISTÓRICO;11
PAJARITO;Laura Andrea Bello Porras;PARTIDO ALIANZA VERDE;10
PAJARITO;Maryory Catherin Ortiz Alvarez;PACTO HISTÓRICO;9
PAJARITO;Pablo Emilio Cepeda Novoa;PARTIDO CAMBIO RADICAL;9
PAJARITO;Partido Centro Democrático;PARTIDO CENTRO DEMOCRÁTICO;9
PAJARITO;William Donato Gomez;PARTIDO CENTRO DEMOCRÁTICO;8
PAJARITO;Wilson Castiblanco Gil;PARTIDO LIBERAL COLOMBIANO;8
PAJARITO;Monica Yanneth Quiroga Castillo;PARTIDO CAMBIO RADICAL;7
PAJARITO;German Tiberio Ojeda Pedraza;PARTIDO ALIANZA VERDE;6
PAJARITO;Mayra Alejandra Viancha Sanabria;PARTIDO LIBERAL COLOMBIANO;6
PAJARITO;Jorge Eliecer Cortes Martinez;PARTIDO LIBERAL COLOMBIANO;5
PAJARITO;Karen Lucia Molano Granados;PARTIDO ALIANZA VERDE;5
PAJARITO;Partido Alianza Verde;PARTIDO ALIANZA VERDE;5
PAJARITO;Diana Carolina Suarez Muñoz;COALICIÓN PARTIDOS DE LA U - MIRA - COLOMBIA JUSTA LIBRES - ASI;4
PAJARITO;Jorge Arturo Mayorga Esguerra;COALICIÓN PARTIDOS DE LA U - MIRA - COLOMBIA JUSTA LIBRES - ASI;4
PAJARITO;Jorge Ivan Amarillo Giraldo;COALICIÓN PARTIDOS DE LA U - MIRA - COLOMBIA JUSTA LIBRES - ASI;4
PAJARITO;Nidia Milena Torres Paez;PARTIDO CENTRO DEMOCRÁTICO;4
PAJARITO;Olga Natalie Manrique Abril;COALICIÓN PARTIDOS DE LA U - MIRA - COLOMBIA JUSTA LIBRES - ASI;4
PAJARITO;Oscar Leonardo Avila Romero;PARTIDO CAMBIO RADICAL;4
PAJARITO;Partido Cambio Radical;PARTIDO CAMBIO RADICAL;4
PAJARITO;Partido Liberal Colombiano;PARTIDO LIBERAL COLOMBIANO;4
PAJARITO;Carolina Del Pilar Rodriguez Contreras;PACTO HISTÓRICO;3
PAJARITO;Cindy Yohana Bohorquez Garzon;PARTIDO CONSERVADOR COLOMBIANO;3
PAJARITO;Sandro Nestor Condia Perez;PARTIDO LIBERAL COLOMBIANO;3
PAJARITO;Humphrey Roa Sarmiento;PARTIDO CONSERVADOR COLOMBIANO;2
PAJARITO;Ingrid Marlen Sogamoso Alfonso;PARTIDO CONSERVADOR COLOMBIANO;2
PAJARITO;Jose Dario Mahecha Castillo;PARTIDO CONSERVADOR COLOMBIANO;2
PAJARITO;Leidy Alejandra Moreno Sanchez;PACTO HISTÓRICO;2
PAJARITO;Mayda Cecilia Velasquez Rueda;PARTIDO LIBERAL COLOMBIANO;2
PAJARITO;Coalición Partidos De La U - Mira - Colombia Justa  Libres - Asi;COALICIÓN PARTIDOS DE LA U - MIRA - COLOMBIA JUSTA LIBRES - ASI;1
PAJARITO;Henry De Jesus Puerto Vasquez;PARTIDO NUEVO LIBERALISMO;1
PAJARITO;Lupe Isabel Lopez Marquez;PARTIDO CAMBIO RADICAL;1
PAJARITO;Olga Maria Chivata Vargas;PARTIDO NUEVO LIBERALISMO;1
PAJARITO;Partido Indígena Colombiano P.I.C;PARTIDO INDÍGENA COLOMBIANO P.I.C;1
PAJARITO;Partido Nuevo Liberalismo;PARTIDO NUEVO LIBERALISMO;1
PAJARITO;William Fernando Granados;PARTIDO NUEVO LIBERALISMO;1
PANQUEBA;Wilmer Yair Castellanos Hernandez;PARTIDO ALIANZA VERDE;152
PANQUEBA;Jose Giovany Pinzon Baez;PACTO HISTÓRICO;131
PANQUEBA;Guillermo Leonardo Sanchez Sanchez;PARTIDO CENTRO DEMOCRÁTICO;130
PANQUEBA;Jaime Raul Salamanca Torres;PARTIDO ALIANZA VERDE;30
PANQUEBA;Olga Yaneth Beltran Dorado;PARTIDO CENTRO DEMOCRÁTICO;18
PANQUEBA;Partido Alianza Verde;PARTIDO ALIANZA VERDE;18
PANQUEBA;Hector Angel Ortiz Nuñez;PARTIDO CENTRO DEMOCRÁTICO;14
PANQUEBA;Luis Guillermo Barrera Gutierrez;PARTIDO CAMBIO RADICAL;13
PANQUEBA;Wilder Ivan Suesca Ochoa;PARTIDO CONSERVADOR COLOMBIANO;13
PANQUEBA;Laura Andrea Bello Porras;PARTIDO ALIANZA VERDE;12
PANQUEBA;Partido Centro Democrático;PARTIDO CENTRO DEMOCRÁTICO;11
PANQUEBA;Humphrey Roa Sarmiento;PARTIDO CONSERVADOR COLOMBIANO;10
PANQUEBA;Oscar Leonardo Avila Romero;PARTIDO CAMBIO RADICAL;10
PANQUEBA;Luis Alejandro Gutierrez Sanabria;PARTIDO ALIANZA VERDE;8
PANQUEBA;Pablo Emilio Cepeda Novoa;PARTIDO CAMBIO RADICAL;8
PANQUEBA;Karen Lucia Molano Granados;PARTIDO ALIANZA VERDE;7
PANQUEBA;Eduar Alexis Triana Rincon;PARTIDO CENTRO DEMOCRÁTICO;6
PANQUEBA;Karol Ricardo Ramirez Silva;PACTO HISTÓRICO;6
PANQUEBA;Maryory Catherin Ortiz Alvarez;PACTO HISTÓRICO;6
PANQUEBA;Pedro Jose Suarez Vacca;PACTO HISTÓRICO;6
PANQUEBA;German Tiberio Ojeda Pedraza;PARTIDO ALIANZA VERDE;5
PANQUEBA;Lupe Isabel Lopez Marquez;PARTIDO CAMBIO RADICAL;5
PANQUEBA;Pacto Histórico;PACTO HISTÓRICO;5
PANQUEBA;Carolina Del Pilar Rodriguez Contreras;PACTO HISTÓRICO;4
PANQUEBA;Ingrid Marlen Sogamoso Alfonso;PARTIDO CONSERVADOR COLOMBIANO;3
PANQUEBA;Jonatan Sanchez Garavito;PARTIDO CAMBIO RADICAL;3
PANQUEBA;Jose Dario Mahecha Castillo;PARTIDO CONSERVADOR COLOMBIANO;3
PANQUEBA;Leidy Alejandra Moreno Sanchez;PACTO HISTÓRICO;3
PANQUEBA;Mayra Alejandra Viancha Sanabria;PARTIDO LIBERAL COLOMBIANO;3
PANQUEBA;Nidia Milena Torres Paez;PARTIDO CENTRO DEMOCRÁTICO;3
PANQUEBA;William Donato Gomez;PARTIDO CENTRO DEMOCRÁTICO;3
PANQUEBA;Cindy Yohana Bohorquez Garzon;PARTIDO CONSERVADOR COLOMBIANO;2
PANQUEBA;Claudia Beatriz Duarte Acosta;PARTIDO NUEVO LIBERALISMO;2
PANQUEBA;Hector David Chaparro Chaparro;PARTIDO LIBERAL COLOMBIANO;2
PANQUEBA;Jorge Ivan Amarillo Giraldo;COALICIÓN PARTIDOS DE LA U - MIRA - COLOMBIA JUSTA LIBRES - ASI;2
PANQUEBA;Partido Conservador Colombiano;PARTIDO CONSERVADOR COLOMBIANO;2
PANQUEBA;Wilson Castiblanco Gil;PARTIDO LIBERAL COLOMBIANO;2
PANQUEBA;Coalición Partidos De La U - Mira - Colombia Justa  Libres - Asi;COALICIÓN PARTIDOS DE LA U - MIRA - COLOMBIA JUSTA LIBRES - ASI;1
PANQUEBA;Diana Carolina Suarez Muñoz;COALICIÓN PARTIDOS DE LA U - MIRA - COLOMBIA JUSTA LIBRES - ASI;1
PANQUEBA;Jairo Enrique Castiblanco Parra;COALICIÓN PARTIDOS DE LA U - MIRA - COLOMBIA JUSTA LIBRES - ASI;1
PANQUEBA;Jose Fernando Morales Acuña;PARTIDO CONSERVADOR COLOMBIANO;1
PANQUEBA;Mayda Cecilia Velasquez Rueda;PARTIDO LIBERAL COLOMBIANO;1
PAUNA;Eduar Alexis Triana Rincon;PARTIDO CENTRO DEMOCRÁTICO;720
PAUNA;Hector Angel Ortiz Nuñez;PARTIDO CENTRO DEMOCRÁTICO;197
PAUNA;Guillermo Leonardo Sanchez Sanchez;PARTIDO CENTRO DEMOCRÁTICO;193
PAUNA;Jairo Enrique Castiblanco Parra;COALICIÓN PARTIDOS DE LA U - MIRA - COLOMBIA JUSTA LIBRES - ASI;168
PAUNA;Wilmer Yair Castellanos Hernandez;PARTIDO ALIANZA VERDE;148
PAUNA;Ingrid Marlen Sogamoso Alfonso;PARTIDO CONSERVADOR COLOMBIANO;143
PAUNA;Jonatan Sanchez Garavito;PARTIDO CAMBIO RADICAL;109
PAUNA;German Tiberio Ojeda Pedraza;PARTIDO ALIANZA VERDE;81
PAUNA;Humphrey Roa Sarmiento;PARTIDO CONSERVADOR COLOMBIANO;74
PAUNA;Jaime Raul Salamanca Torres;PARTIDO ALIANZA VERDE;72
PAUNA;Luis Guillermo Barrera Gutierrez;PARTIDO CAMBIO RADICAL;70
PAUNA;Pedro Jose Suarez Vacca;PACTO HISTÓRICO;62
PAUNA;Partido Centro Democrático;PARTIDO CENTRO DEMOCRÁTICO;61
PAUNA;Hector David Chaparro Chaparro;PARTIDO LIBERAL COLOMBIANO;48
PAUNA;Partido Alianza Verde;PARTIDO ALIANZA VERDE;41
PAUNA;Jose Dario Mahecha Castillo;PARTIDO CONSERVADOR COLOMBIANO;35
PAUNA;Karen Lucia Molano Granados;PARTIDO ALIANZA VERDE;33
PAUNA;Olga Yaneth Beltran Dorado;PARTIDO CENTRO DEMOCRÁTICO;29
PAUNA;Diana Carolina Suarez Muñoz;COALICIÓN PARTIDOS DE LA U - MIRA - COLOMBIA JUSTA LIBRES - ASI;28
PAUNA;Jose Giovany Pinzon Baez;PACTO HISTÓRICO;26
PAUNA;Pacto Histórico;PACTO HISTÓRICO;26
PAUNA;Partido Conservador Colombiano;PARTIDO CONSERVADOR COLOMBIANO;25
PAUNA;Maryory Catherin Ortiz Alvarez;PACTO HISTÓRICO;22
PAUNA;Laura Andrea Bello Porras;PARTIDO ALIANZA VERDE;20
PAUNA;Jorge Arturo Mayorga Esguerra;COALICIÓN PARTIDOS DE LA U - MIRA - COLOMBIA JUSTA LIBRES - ASI;15
PAUNA;Oscar Leonardo Avila Romero;PARTIDO CAMBIO RADICAL;15
PAUNA;Pablo Emilio Cepeda Novoa;PARTIDO CAMBIO RADICAL;14
PAUNA;Nidia Milena Torres Paez;PARTIDO CENTRO DEMOCRÁTICO;13
PAUNA;Jorge Ivan Amarillo Giraldo;COALICIÓN PARTIDOS DE LA U - MIRA - COLOMBIA JUSTA LIBRES - ASI;12
PAUNA;Cindy Yohana Bohorquez Garzon;PARTIDO CONSERVADOR COLOMBIANO;11
PAUNA;Jose Fernando Morales Acuña;PARTIDO CONSERVADOR COLOMBIANO;11
PAUNA;Wilder Ivan Suesca Ochoa;PARTIDO CONSERVADOR COLOMBIANO;11
PAUNA;Monica Yanneth Quiroga Castillo;PARTIDO CAMBIO RADICAL;8
PAUNA;Pablo Mendoza Vargas;COALICIÓN PARTIDOS DE LA U - MIRA - COLOMBIA JUSTA LIBRES - ASI;8
PAUNA;William Donato Gomez;PARTIDO CENTRO DEMOCRÁTICO;8
PAUNA;Coalición Partidos De La U - Mira - Colombia Justa  Libres - Asi;COALICIÓN PARTIDOS DE LA U - MIRA - COLOMBIA JUSTA LIBRES - ASI;7
PAUNA;Leidy Alejandra Moreno Sanchez;PACTO HISTÓRICO;6
PAUNA;Partido Liberal Colombiano;PARTIDO LIBERAL COLOMBIANO;6
PAUNA;Partido Político Dignidad;PARTIDO POLÍTICO DIGNIDAD;6
PAUNA;Partido Cambio Radical;PARTIDO CAMBIO RADICAL;5
PAUNA;Luis Alejandro Gutierrez Sanabria;PARTIDO ALIANZA VERDE;4
PAUNA;Mayda Cecilia Velasquez Rueda;PARTIDO LIBERAL COLOMBIANO;4
PAUNA;Wilson Castiblanco Gil;PARTIDO LIBERAL COLOMBIANO;4
PAUNA;Claudia Beatriz Duarte Acosta;PARTIDO NUEVO LIBERALISMO;3
PAUNA;Karol Ricardo Ramirez Silva;PACTO HISTÓRICO;3
PAUNA;Lupe Isabel Lopez Marquez;PARTIDO CAMBIO RADICAL;3
PAUNA;Olga Maria Chivata Vargas;PARTIDO NUEVO LIBERALISMO;3
PAUNA;Sandro Nestor Condia Perez;PARTIDO LIBERAL COLOMBIANO;3
PAUNA;Partido Nuevo Liberalismo;PARTIDO NUEVO LIBERALISMO;2
PAUNA;Carolina Del Pilar Rodriguez Contreras;PACTO HISTÓRICO;1
PAUNA;Henry De Jesus Puerto Vasquez;PARTIDO NUEVO LIBERALISMO;1
PAUNA;Jorge Eliecer Cortes Martinez;PARTIDO LIBERAL COLOMBIANO;1
PAUNA;Maria Cristina Ruiz Rengifo;CONSEJO COMUNITARIO VEREDAS UNIDAS UN BIEN COMÚN;1
PAUNA;Mayra Alejandra Viancha Sanabria;PARTIDO LIBERAL COLOMBIANO;1
PAUNA;Olga Natalie Manrique Abril;COALICIÓN PARTIDOS DE LA U - MIRA - COLOMBIA JUSTA LIBRES - ASI;1
PAUNA;William Fernando Granados;PARTIDO NUEVO LIBERALISMO;1
PAYA;Wilmer Yair Castellanos Hernandez;PARTIDO ALIANZA VERDE;246
PAYA;Ingrid Marlen Sogamoso Alfonso;PARTIDO CONSERVADOR COLOMBIANO;151
PAYA;Humphrey Roa Sarmiento;PARTIDO CONSERVADOR COLOMBIANO;64
PAYA;Partido Alianza Verde;PARTIDO ALIANZA VERDE;29
PAYA;Oscar Leonardo Avila Romero;PARTIDO CAMBIO RADICAL;26
PAYA;Karol Ricardo Ramirez Silva;PACTO HISTÓRICO;23
PAYA;Jaime Raul Salamanca Torres;PARTIDO ALIANZA VERDE;15
PAYA;Luis Guillermo Barrera Gutierrez;PARTIDO CAMBIO RADICAL;12
PAYA;Partido Conservador Colombiano;PARTIDO CONSERVADOR COLOMBIANO;12
PAYA;Jairo Enrique Castiblanco Parra;COALICIÓN PARTIDOS DE LA U - MIRA - COLOMBIA JUSTA LIBRES - ASI;10
PAYA;Karen Lucia Molano Granados;PARTIDO ALIANZA VERDE;9
PAYA;Eduar Alexis Triana Rincon;PARTIDO CENTRO DEMOCRÁTICO;8
PAYA;German Tiberio Ojeda Pedraza;PARTIDO ALIANZA VERDE;6
PAYA;Jose Giovany Pinzon Baez;PACTO HISTÓRICO;6
PAYA;William Donato Gomez;PARTIDO CENTRO DEMOCRÁTICO;6
PAYA;Luis Alejandro Gutierrez Sanabria;PARTIDO ALIANZA VERDE;5
PAYA;Partido Cambio Radical;PARTIDO CAMBIO RADICAL;5
PAYA;Hector David Chaparro Chaparro;PARTIDO LIBERAL COLOMBIANO;4
PAYA;Henry De Jesus Puerto Vasquez;PARTIDO NUEVO LIBERALISMO;4
PAYA;Laura Andrea Bello Porras;PARTIDO ALIANZA VERDE;4
PAYA;Pacto Histórico;PACTO HISTÓRICO;4
PAYA;Partido Centro Democrático;PARTIDO CENTRO DEMOCRÁTICO;4
PAYA;Carolina Del Pilar Rodriguez Contreras;PACTO HISTÓRICO;3
PAYA;Jorge Eliecer Cortes Martinez;PARTIDO LIBERAL COLOMBIANO;3
PAYA;Jose Dario Mahecha Castillo;PARTIDO CONSERVADOR COLOMBIANO;3
PAYA;Jose Fernando Morales Acuña;PARTIDO CONSERVADOR COLOMBIANO;3
PAYA;Lupe Isabel Lopez Marquez;PARTIDO CAMBIO RADICAL;3
PAYA;Wilder Ivan Suesca Ochoa;PARTIDO CONSERVADOR COLOMBIANO;3
PAYA;Cindy Yohana Bohorquez Garzon;PARTIDO CONSERVADOR COLOMBIANO;2
PAYA;Jorge Ivan Amarillo Giraldo;COALICIÓN PARTIDOS DE LA U - MIRA - COLOMBIA JUSTA LIBRES - ASI;2
PAYA;Nidia Milena Torres Paez;PARTIDO CENTRO DEMOCRÁTICO;2
PAYA;Olga Natalie Manrique Abril;COALICIÓN PARTIDOS DE LA U - MIRA - COLOMBIA JUSTA LIBRES - ASI;2
PAYA;Olga Yaneth Beltran Dorado;PARTIDO CENTRO DEMOCRÁTICO;2
PAYA;Guillermo Leonardo Sanchez Sanchez;PARTIDO CENTRO DEMOCRÁTICO;1
PAYA;Hector Angel Ortiz Nuñez;PARTIDO CENTRO DEMOCRÁTICO;1
PAYA;Jonatan Sanchez Garavito;PARTIDO CAMBIO RADICAL;1
PAYA;Mayda Cecilia Velasquez Rueda;PARTIDO LIBERAL COLOMBIANO;1
PAYA;Mayra Alejandra Viancha Sanabria;PARTIDO LIBERAL COLOMBIANO;1
PAYA;Monica Yanneth Quiroga Castillo;PARTIDO CAMBIO RADICAL;1
PAYA;Olga Maria Chivata Vargas;PARTIDO NUEVO LIBERALISMO;1
PAYA;Partido Liberal Colombiano;PARTIDO LIBERAL COLOMBIANO;1
PAYA;Partido Nuevo Liberalismo;PARTIDO NUEVO LIBERALISMO;1
PAZ DE RIO;Hector David Chaparro Chaparro;PARTIDO LIBERAL COLOMBIANO;385
PAZ DE RIO;German Tiberio Ojeda Pedraza;PARTIDO ALIANZA VERDE;327
PAZ DE RIO;Jaime Raul Salamanca Torres;PARTIDO ALIANZA VERDE;158
PAZ DE RIO;Karol Ricardo Ramirez Silva;PACTO HISTÓRICO;81
PAZ DE RIO;Ingrid Marlen Sogamoso Alfonso;PARTIDO CONSERVADOR COLOMBIANO;71
PAZ DE RIO;Jose Giovany Pinzon Baez;PACTO HISTÓRICO;67
PAZ DE RIO;Jairo Enrique Castiblanco Parra;COALICIÓN PARTIDOS DE LA U - MIRA - COLOMBIA JUSTA LIBRES - ASI;62
PAZ DE RIO;Pacto Histórico;PACTO HISTÓRICO;59
PAZ DE RIO;Wilmer Yair Castellanos Hernandez;PARTIDO ALIANZA VERDE;57
PAZ DE RIO;Pedro Jose Suarez Vacca;PACTO HISTÓRICO;55
PAZ DE RIO;Oscar Leonardo Avila Romero;PARTIDO CAMBIO RADICAL;49
PAZ DE RIO;Partido Alianza Verde;PARTIDO ALIANZA VERDE;45
PAZ DE RIO;Guillermo Leonardo Sanchez Sanchez;PARTIDO CENTRO DEMOCRÁTICO;37
PAZ DE RIO;Karen Lucia Molano Granados;PARTIDO ALIANZA VERDE;34
PAZ DE RIO;Wilson Castiblanco Gil;PARTIDO LIBERAL COLOMBIANO;34
PAZ DE RIO;Eduar Alexis Triana Rincon;PARTIDO CENTRO DEMOCRÁTICO;29
PAZ DE RIO;Pablo Emilio Cepeda Novoa;PARTIDO CAMBIO RADICAL;25
PAZ DE RIO;Laura Andrea Bello Porras;PARTIDO ALIANZA VERDE;24
PAZ DE RIO;Maryory Catherin Ortiz Alvarez;PACTO HISTÓRICO;24
PAZ DE RIO;Jorge Eliecer Cortes Martinez;PARTIDO LIBERAL COLOMBIANO;23
PAZ DE RIO;Partido Liberal Colombiano;PARTIDO LIBERAL COLOMBIANO;20
PAZ DE RIO;Jose Fernando Morales Acuña;PARTIDO CONSERVADOR COLOMBIANO;19
PAZ DE RIO;Jonatan Sanchez Garavito;PARTIDO CAMBIO RADICAL;18
PAZ DE RIO;Hector Angel Ortiz Nuñez;PARTIDO CENTRO DEMOCRÁTICO;15
PAZ DE RIO;Olga Yaneth Beltran Dorado;PARTIDO CENTRO DEMOCRÁTICO;14
PAZ DE RIO;Luis Alejandro Gutierrez Sanabria;PARTIDO ALIANZA VERDE;11
PAZ DE RIO;Partido Nuevo Liberalismo;PARTIDO NUEVO LIBERALISMO;11
PAZ DE RIO;Carolina Del Pilar Rodriguez Contreras;PACTO HISTÓRICO;10
PAZ DE RIO;Leidy Alejandra Moreno Sanchez;PACTO HISTÓRICO;9
PAZ DE RIO;Diana Carolina Suarez Muñoz;COALICIÓN PARTIDOS DE LA U - MIRA - COLOMBIA JUSTA LIBRES - ASI;8
PAZ DE RIO;Humphrey Roa Sarmiento;PARTIDO CONSERVADOR COLOMBIANO;8
PAZ DE RIO;Jose Dario Mahecha Castillo;PARTIDO CONSERVADOR COLOMBIANO;8
PAZ DE RIO;Lupe Isabel Lopez Marquez;PARTIDO CAMBIO RADICAL;8
PAZ DE RIO;Olga Natalie Manrique Abril;COALICIÓN PARTIDOS DE LA U - MIRA - COLOMBIA JUSTA LIBRES - ASI;8
PAZ DE RIO;Partido Conservador Colombiano;PARTIDO CONSERVADOR COLOMBIANO;8
PAZ DE RIO;Monica Yanneth Quiroga Castillo;PARTIDO CAMBIO RADICAL;7
PAZ DE RIO;Nidia Milena Torres Paez;PARTIDO CENTRO DEMOCRÁTICO;7
PAZ DE RIO;Henry De Jesus Puerto Vasquez;PARTIDO NUEVO LIBERALISMO;6
PAZ DE RIO;Mayda Cecilia Velasquez Rueda;PARTIDO LIBERAL COLOMBIANO;5
PAZ DE RIO;Pablo Mendoza Vargas;COALICIÓN PARTIDOS DE LA U - MIRA - COLOMBIA JUSTA LIBRES - ASI;5
PAZ DE RIO;Partido Centro Democrático;PARTIDO CENTRO DEMOCRÁTICO;5
PAZ DE RIO;Wilder Ivan Suesca Ochoa;PARTIDO CONSERVADOR COLOMBIANO;5
PAZ DE RIO;Claudia Beatriz Duarte Acosta;PARTIDO NUEVO LIBERALISMO;4
PAZ DE RIO;Jorge Ivan Amarillo Giraldo;COALICIÓN PARTIDOS DE LA U - MIRA - COLOMBIA JUSTA LIBRES - ASI;4
PAZ DE RIO;Luis Guillermo Barrera Gutierrez;PARTIDO CAMBIO RADICAL;4
PAZ DE RIO;William Donato Gomez;PARTIDO CENTRO DEMOCRÁTICO;4
PAZ DE RIO;Jorge Arturo Mayorga Esguerra;COALICIÓN PARTIDOS DE LA U - MIRA - COLOMBIA JUSTA LIBRES - ASI;3
PAZ DE RIO;Sandro Nestor Condia Perez;PARTIDO LIBERAL COLOMBIANO;3
PAZ DE RIO;Ariel Rosebel Palacios Angulo;C.C LA TOMA;2
PAZ DE RIO;Cindy Yohana Bohorquez Garzon;PARTIDO CONSERVADOR COLOMBIANO;2
PAZ DE RIO;Mayra Alejandra Viancha Sanabria;PARTIDO LIBERAL COLOMBIANO;2
PAZ DE RIO;Olga Maria Chivata Vargas;PARTIDO NUEVO LIBERALISMO;2
PAZ DE RIO;Partido Cambio Radical;PARTIDO CAMBIO RADICAL;2
PAZ DE RIO;Coalición Partidos De La U - Mira - Colombia Justa  Libres - Asi;COALICIÓN PARTIDOS DE LA U - MIRA - COLOMBIA JUSTA LIBRES - ASI;1
PAZ DE RIO;Movimiento De Salvación Nacional;MOVIMIENTO DE SALVACIÓN NACIONAL;1
PAZ DE RIO;Partido Político Dignidad;PARTIDO POLÍTICO DIGNIDAD;1
PESCA;Wilmer Yair Castellanos Hernandez;PARTIDO ALIANZA VERDE;612
PESCA;Karol Ricardo Ramirez Silva;PACTO HISTÓRICO;426
PESCA;Hector David Chaparro Chaparro;PARTIDO LIBERAL COLOMBIANO;240
PESCA;Wilder Ivan Suesca Ochoa;PARTIDO CONSERVADOR COLOMBIANO;106
PESCA;Luis Guillermo Barrera Gutierrez;PARTIDO CAMBIO RADICAL;100
PESCA;Jaime Raul Salamanca Torres;PARTIDO ALIANZA VERDE;73
PESCA;Hector Angel Ortiz Nuñez;PARTIDO CENTRO DEMOCRÁTICO;70
PESCA;Guillermo Leonardo Sanchez Sanchez;PARTIDO CENTRO DEMOCRÁTICO;65
PESCA;Jose Giovany Pinzon Baez;PACTO HISTÓRICO;64
PESCA;Jonatan Sanchez Garavito;PARTIDO CAMBIO RADICAL;53
PESCA;Partido Alianza Verde;PARTIDO ALIANZA VERDE;52
PESCA;Eduar Alexis Triana Rincon;PARTIDO CENTRO DEMOCRÁTICO;50
PESCA;Karen Lucia Molano Granados;PARTIDO ALIANZA VERDE;30
PESCA;Luis Alejandro Gutierrez Sanabria;PARTIDO ALIANZA VERDE;30
PESCA;Oscar Leonardo Avila Romero;PARTIDO CAMBIO RADICAL;30
PESCA;Partido Centro Democrático;PARTIDO CENTRO DEMOCRÁTICO;30
PESCA;Humphrey Roa Sarmiento;PARTIDO CONSERVADOR COLOMBIANO;28
PESCA;Pacto Histórico;PACTO HISTÓRICO;27
PESCA;Olga Yaneth Beltran Dorado;PARTIDO CENTRO DEMOCRÁTICO;25
PESCA;Carolina Del Pilar Rodriguez Contreras;PACTO HISTÓRICO;24
PESCA;German Tiberio Ojeda Pedraza;PARTIDO ALIANZA VERDE;24
PESCA;Nidia Milena Torres Paez;PARTIDO CENTRO DEMOCRÁTICO;20
PESCA;Pedro Jose Suarez Vacca;PACTO HISTÓRICO;19
PESCA;Laura Andrea Bello Porras;PARTIDO ALIANZA VERDE;18
PESCA;Olga Natalie Manrique Abril;COALICIÓN PARTIDOS DE LA U - MIRA - COLOMBIA JUSTA LIBRES - ASI;16
PESCA;Jairo Enrique Castiblanco Parra;COALICIÓN PARTIDOS DE LA U - MIRA - COLOMBIA JUSTA LIBRES - ASI;14
PESCA;Cindy Yohana Bohorquez Garzon;PARTIDO CONSERVADOR COLOMBIANO;13
PESCA;Jorge Eliecer Cortes Martinez;PARTIDO LIBERAL COLOMBIANO;13
PESCA;Lupe Isabel Lopez Marquez;PARTIDO CAMBIO RADICAL;13
PESCA;Partido Cambio Radical;PARTIDO CAMBIO RADICAL;13
PESCA;Sandro Nestor Condia Perez;PARTIDO LIBERAL COLOMBIANO;13
PESCA;Maryory Catherin Ortiz Alvarez;PACTO HISTÓRICO;12
PESCA;Partido Conservador Colombiano;PARTIDO CONSERVADOR COLOMBIANO;12
PESCA;Jose Dario Mahecha Castillo;PARTIDO CONSERVADOR COLOMBIANO;11
PESCA;Leidy Alejandra Moreno Sanchez;PACTO HISTÓRICO;11
PESCA;William Donato Gomez;PARTIDO CENTRO DEMOCRÁTICO;11
PESCA;Mayra Alejandra Viancha Sanabria;PARTIDO LIBERAL COLOMBIANO;10
PESCA;Ingrid Marlen Sogamoso Alfonso;PARTIDO CONSERVADOR COLOMBIANO;9
PESCA;Jose Fernando Morales Acuña;PARTIDO CONSERVADOR COLOMBIANO;9
PESCA;Pablo Emilio Cepeda Novoa;PARTIDO CAMBIO RADICAL;9
PESCA;Jorge Ivan Amarillo Giraldo;COALICIÓN PARTIDOS DE LA U - MIRA - COLOMBIA JUSTA LIBRES - ASI;6
PESCA;Jorge Arturo Mayorga Esguerra;COALICIÓN PARTIDOS DE LA U - MIRA - COLOMBIA JUSTA LIBRES - ASI;5
PESCA;Partido Liberal Colombiano;PARTIDO LIBERAL COLOMBIANO;5
PESCA;Partido Nuevo Liberalismo;PARTIDO NUEVO LIBERALISMO;5
PESCA;Wilson Castiblanco Gil;PARTIDO LIBERAL COLOMBIANO;5
PESCA;Coalición Partidos De La U - Mira - Colombia Justa  Libres - Asi;COALICIÓN PARTIDOS DE LA U - MIRA - COLOMBIA JUSTA LIBRES - ASI;4
PESCA;Henry De Jesus Puerto Vasquez;PARTIDO NUEVO LIBERALISMO;4
PESCA;Claudia Beatriz Duarte Acosta;PARTIDO NUEVO LIBERALISMO;3
PESCA;Monica Yanneth Quiroga Castillo;PARTIDO CAMBIO RADICAL;3
PESCA;Olga Maria Chivata Vargas;PARTIDO NUEVO LIBERALISMO;3
PESCA;Pablo Mendoza Vargas;COALICIÓN PARTIDOS DE LA U - MIRA - COLOMBIA JUSTA LIBRES - ASI;3
PESCA;Diana Carolina Suarez Muñoz;COALICIÓN PARTIDOS DE LA U - MIRA - COLOMBIA JUSTA LIBRES - ASI;2
PESCA;Mayda Cecilia Velasquez Rueda;PARTIDO LIBERAL COLOMBIANO;2
PESCA;Movimiento De Salvación Nacional;MOVIMIENTO DE SALVACIÓN NACIONAL;1
PESCA;Partido Político Dignidad;PARTIDO POLÍTICO DIGNIDAD;1
PESCA;William Fernando Granados;PARTIDO NUEVO LIBERALISMO;1
PISBA;Wilmer Yair Castellanos Hernandez;PARTIDO ALIANZA VERDE;165
PISBA;Hector David Chaparro Chaparro;PARTIDO LIBERAL COLOMBIANO;113
PISBA;Guillermo Leonardo Sanchez Sanchez;PARTIDO CENTRO DEMOCRÁTICO;42
PISBA;Jaime Raul Salamanca Torres;PARTIDO ALIANZA VERDE;26
PISBA;Humphrey Roa Sarmiento;PARTIDO CONSERVADOR COLOMBIANO;24
PISBA;Jose Giovany Pinzon Baez;PACTO HISTÓRICO;20
PISBA;Ingrid Marlen Sogamoso Alfonso;PARTIDO CONSERVADOR COLOMBIANO;18
PISBA;Karol Ricardo Ramirez Silva;PACTO HISTÓRICO;18
PISBA;Partido Alianza Verde;PARTIDO ALIANZA VERDE;13
PISBA;Nidia Milena Torres Paez;PARTIDO CENTRO DEMOCRÁTICO;12
PISBA;Partido Liberal Colombiano;PARTIDO LIBERAL COLOMBIANO;11
PISBA;Karen Lucia Molano Granados;PARTIDO ALIANZA VERDE;8
PISBA;Olga Yaneth Beltran Dorado;PARTIDO CENTRO DEMOCRÁTICO;7
PISBA;Pacto Histórico;PACTO HISTÓRICO;7
PISBA;Partido Centro Democrático;PARTIDO CENTRO DEMOCRÁTICO;7
PISBA;Partido Conservador Colombiano;PARTIDO CONSERVADOR COLOMBIANO;6
PISBA;Sandro Nestor Condia Perez;PARTIDO LIBERAL COLOMBIANO;5
PISBA;Laura Andrea Bello Porras;PARTIDO ALIANZA VERDE;4
PISBA;Carolina Del Pilar Rodriguez Contreras;PACTO HISTÓRICO;3
PISBA;Eduar Alexis Triana Rincon;PARTIDO CENTRO DEMOCRÁTICO;3
PISBA;German Tiberio Ojeda Pedraza;PARTIDO ALIANZA VERDE;3
PISBA;Partido Cambio Radical;PARTIDO CAMBIO RADICAL;3
PISBA;Pedro Jose Suarez Vacca;PACTO HISTÓRICO;3
PISBA;Cindy Yohana Bohorquez Garzon;PARTIDO CONSERVADOR COLOMBIANO;2
PISBA;Claudia Beatriz Duarte Acosta;PARTIDO NUEVO LIBERALISMO;2
PISBA;Hector Angel Ortiz Nuñez;PARTIDO CENTRO DEMOCRÁTICO;2
PISBA;Jonatan Sanchez Garavito;PARTIDO CAMBIO RADICAL;2
PISBA;Jorge Eliecer Cortes Martinez;PARTIDO LIBERAL COLOMBIANO;2
PISBA;Leidy Alejandra Moreno Sanchez;PACTO HISTÓRICO;2
PISBA;Luis Guillermo Barrera Gutierrez;PARTIDO CAMBIO RADICAL;2
PISBA;Lupe Isabel Lopez Marquez;PARTIDO CAMBIO RADICAL;2
PISBA;Pablo Emilio Cepeda Novoa;PARTIDO CAMBIO RADICAL;2
PISBA;Wilson Castiblanco Gil;PARTIDO LIBERAL COLOMBIANO;2
PISBA;"Consejo Comunitario De La Costa Pacífica ""Concosta """;"CONSEJO COMUNITARIO DE LA COSTA PACÍFICA ""CONCOSTA""";1
PISBA;Jairo Enrique Castiblanco Parra;COALICIÓN PARTIDOS DE LA U - MIRA - COLOMBIA JUSTA LIBRES - ASI;1
PISBA;Jorge Ivan Amarillo Giraldo;COALICIÓN PARTIDOS DE LA U - MIRA - COLOMBIA JUSTA LIBRES - ASI;1
PISBA;Jose Dario Mahecha Castillo;PARTIDO CONSERVADOR COLOMBIANO;1
PISBA;Monica Yanneth Quiroga Castillo;PARTIDO CAMBIO RADICAL;1
PISBA;Olga Maria Chivata Vargas;PARTIDO NUEVO LIBERALISMO;1
PISBA;Olga Natalie Manrique Abril;COALICIÓN PARTIDOS DE LA U - MIRA - COLOMBIA JUSTA LIBRES - ASI;1
PISBA;Oscar Leonardo Avila Romero;PARTIDO CAMBIO RADICAL;1
PISBA;Pablo Mendoza Vargas;COALICIÓN PARTIDOS DE LA U - MIRA - COLOMBIA JUSTA LIBRES - ASI;1
PISBA;Wilder Ivan Suesca Ochoa;PARTIDO CONSERVADOR COLOMBIANO;1
PISBA;William Donato Gomez;PARTIDO CENTRO DEMOCRÁTICO;1
PUERTO BOYACA;Luis Guillermo Barrera Gutierrez;PARTIDO CAMBIO RADICAL;1278
PUERTO BOYACA;Jose Giovany Pinzon Baez;PACTO HISTÓRICO;1030
PUERTO BOYACA;Eduar Alexis Triana Rincon;PARTIDO CENTRO DEMOCRÁTICO;980
PUERTO BOYACA;Luis Alberto Palacios Morales;CONSEJO COMUNITARIO MAYOR DE CERTEGUI;958
PUERTO BOYACA;Oscar Leonardo Avila Romero;PARTIDO CAMBIO RADICAL;913
PUERTO BOYACA;Jonatan Sanchez Garavito;PARTIDO CAMBIO RADICAL;778
PUERTO BOYACA;Hector David Chaparro Chaparro;PARTIDO LIBERAL COLOMBIANO;626
PUERTO BOYACA;Pacto Histórico;PACTO HISTÓRICO;564
PUERTO BOYACA;Pedro Jose Suarez Vacca;PACTO HISTÓRICO;405
PUERTO BOYACA;Jorge Eliecer Cortes Martinez;PARTIDO LIBERAL COLOMBIANO;377
PUERTO BOYACA;Olga Yaneth Beltran Dorado;PARTIDO CENTRO DEMOCRÁTICO;344
PUERTO BOYACA;Hector Angel Ortiz Nuñez;PARTIDO CENTRO DEMOCRÁTICO;300
PUERTO BOYACA;Guillermo Leonardo Sanchez Sanchez;PARTIDO CENTRO DEMOCRÁTICO;288
PUERTO BOYACA;Jaime Raul Salamanca Torres;PARTIDO ALIANZA VERDE;284
PUERTO BOYACA;Consejo Comunitario De La Comunidad Negra Limones;CONSEJO COMUNITARIO DE LA COMUNIDAD NEGRA LIMONES;256
PUERTO BOYACA;Luis Alejandro Gutierrez Sanabria;PARTIDO ALIANZA VERDE;251
PUERTO BOYACA;Partido Centro Democrático;PARTIDO CENTRO DEMOCRÁTICO;238
PUERTO BOYACA;Laura Andrea Bello Porras;PARTIDO ALIANZA VERDE;230
PUERTO BOYACA;Diana Carolina Suarez Muñoz;COALICIÓN PARTIDOS DE LA U - MIRA - COLOMBIA JUSTA LIBRES - ASI;212
PUERTO BOYACA;German Tiberio Ojeda Pedraza;PARTIDO ALIANZA VERDE;212
PUERTO BOYACA;Partido Alianza Verde;PARTIDO ALIANZA VERDE;212
PUERTO BOYACA;Pablo Mendoza Vargas;COALICIÓN PARTIDOS DE LA U - MIRA - COLOMBIA JUSTA LIBRES - ASI;207
PUERTO BOYACA;Partido Político Dignidad;PARTIDO POLÍTICO DIGNIDAD;167
PUERTO BOYACA;Wilmer Yair Castellanos Hernandez;PARTIDO ALIANZA VERDE;161
PUERTO BOYACA;Partido Cambio Radical;PARTIDO CAMBIO RADICAL;154
PUERTO BOYACA;Partido Liberal Colombiano;PARTIDO LIBERAL COLOMBIANO;142
PUERTO BOYACA;Pablo Emilio Cepeda Novoa;PARTIDO CAMBIO RADICAL;129
PUERTO BOYACA;Maryory Catherin Ortiz Alvarez;PACTO HISTÓRICO;117
PUERTO BOYACA;Jairo Enrique Castiblanco Parra;COALICIÓN PARTIDOS DE LA U - MIRA - COLOMBIA JUSTA LIBRES - ASI;112
PUERTO BOYACA;Leidy Alejandra Moreno Sanchez;PACTO HISTÓRICO;106
PUERTO BOYACA;Karen Lucia Molano Granados;PARTIDO ALIANZA VERDE;99
PUERTO BOYACA;Wilman Lara Palacios;CONSEJO COMUNITARIO MANUEL ZAPATA OLIVELLA DE SAN ANTERO;96
PUERTO BOYACA;Sandro Nestor Condia Perez;PARTIDO LIBERAL COLOMBIANO;94
PUERTO BOYACA;William Donato Gomez;PARTIDO CENTRO DEMOCRÁTICO;90
PUERTO BOYACA;Ingrid Marlen Sogamoso Alfonso;PARTIDO CONSERVADOR COLOMBIANO;87
PUERTO BOYACA;Wilson Castiblanco Gil;PARTIDO LIBERAL COLOMBIANO;85
PUERTO BOYACA;Coalición Partidos De La U - Mira - Colombia Justa  Libres - Asi;COALICIÓN PARTIDOS DE LA U - MIRA - COLOMBIA JUSTA LIBRES - ASI;82
PUERTO BOYACA;Mayra Alejandra Viancha Sanabria;PARTIDO LIBERAL COLOMBIANO;75
PUERTO BOYACA;Monica Yanneth Quiroga Castillo;PARTIDO CAMBIO RADICAL;75
PUERTO BOYACA;Karol Ricardo Ramirez Silva;PACTO HISTÓRICO;72
PUERTO BOYACA;Nidia Milena Torres Paez;PARTIDO CENTRO DEMOCRÁTICO;65
PUERTO BOYACA;Humphrey Roa Sarmiento;PARTIDO CONSERVADOR COLOMBIANO;64
PUERTO BOYACA;Mayda Cecilia Velasquez Rueda;PARTIDO LIBERAL COLOMBIANO;63
PUERTO BOYACA;Carolina Del Pilar Rodriguez Contreras;PACTO HISTÓRICO;61
PUERTO BOYACA;Partido Nuevo Liberalismo;PARTIDO NUEVO LIBERALISMO;61
PUERTO BOYACA;Wilder Ivan Suesca Ochoa;PARTIDO CONSERVADOR COLOMBIANO;61
PUERTO BOYACA;Jorge Ivan Amarillo Giraldo;COALICIÓN PARTIDOS DE LA U - MIRA - COLOMBIA JUSTA LIBRES - ASI;60
PUERTO BOYACA;Cindy Yohana Bohorquez Garzon;PARTIDO CONSERVADOR COLOMBIANO;58
PUERTO BOYACA;Olga Maria Chivata Vargas;PARTIDO NUEVO LIBERALISMO;56
PUERTO BOYACA;Lupe Isabel Lopez Marquez;PARTIDO CAMBIO RADICAL;50
PUERTO BOYACA;Consejo Comunitario Mayor De Certegui;CONSEJO COMUNITARIO MAYOR DE CERTEGUI;46
PUERTO BOYACA;Jorge Arturo Mayorga Esguerra;COALICIÓN PARTIDOS DE LA U - MIRA - COLOMBIA JUSTA LIBRES - ASI;46
PUERTO BOYACA;Consejo Comunitario Afrozabaletas;CONSEJO COMUNITARIO AFROZABALETAS;39
PUERTO BOYACA;Jose Fernando Morales Acuña;PARTIDO CONSERVADOR COLOMBIANO;37
PUERTO BOYACA;Henry De Jesus Puerto Vasquez;PARTIDO NUEVO LIBERALISMO;35
PUERTO BOYACA;Jose Dario Mahecha Castillo;PARTIDO CONSERVADOR COLOMBIANO;35
PUERTO BOYACA;Partido Conservador Colombiano;PARTIDO CONSERVADOR COLOMBIANO;34
PUERTO BOYACA;Jorge Ivan Mina Lasso;CONSEJO COMUNITARIO MANUEL ZAPATA OLIVELLA DE SAN ANTERO;33
PUERTO BOYACA;Claudia Beatriz Duarte Acosta;PARTIDO NUEVO LIBERALISMO;32
PUERTO BOYACA;Raymond Smith Palomeque Pino;CONSEJO COMUNITARIO MAYOR DE CERTEGUI;31
PUERTO BOYACA;Consejo Comunitario Manuel Zapata Olivella De San Antero;CONSEJO COMUNITARIO MANUEL ZAPATA OLIVELLA DE SAN ANTERO;30
PUERTO BOYACA;Fernando Ríos Hidalgo;FERNANDO RÍOS HIDALGO;28
PUERTO BOYACA;Consejo Comunitario La Voz De Los Negros;CONSEJO COMUNITARIO LA VOZ DE LOS NEGROS;27
PUERTO BOYACA;Isaias Arias Aragon;CONSEJO COMUNITARIO MAYOR DE CERTEGUI;27
PUERTO BOYACA;William Fernando Granados;PARTIDO NUEVO LIBERALISMO;27
PUERTO BOYACA;Movimiento De Salvación Nacional;MOVIMIENTO DE SALVACIÓN NACIONAL;24
PUERTO BOYACA;Camilo Rivera Soto;CONSEJO COMUNITARIO AFROZABALETAS;22
PUERTO BOYACA;Cesar Augusto Cabezas Riascos;CONSEJO COMUNITARIO DEL RÍO GUAJUÍ;21
PUERTO BOYACA;Maria Yolanda Figueroa Celis;PARTIDO INDÍGENA COLOMBIANO P.I.C;17
PUERTO BOYACA;Consejo Comunitario Bocas De Taparal;CONSEJO COMUNITARIO BOCAS DE TAPARAL;16
PUERTO BOYACA;Edison Enrique Massa Samper;PALENQUE DE LA VEREDA LAS TRECIENTAS Y DEL MUNICIPIO DE GALAPA;15
PUERTO BOYACA;"Movimiento Alternativo Indígena Social ""Mais""";"MOVIMIENTO ALTERNATIVO INDÍGENA SOCIAL ""MAIS""";15
PUERTO BOYACA;Norman David Bañol Alvarez;"MOVIMIENTO ALTERNATIVO INDÍGENA SOCIAL ""MAIS""";14
PUERTO BOYACA;Olga Natalie Manrique Abril;COALICIÓN PARTIDOS DE LA U - MIRA - COLOMBIA JUSTA LIBRES - ASI;14
PUERTO BOYACA;Felix Antonio Castillo Mosquera;CONSEJO COMUNITARIO MANUEL ZAPATA OLIVELLA DE SAN ANTERO;13
PUERTO BOYACA;Consejo Comunitario De Comunidades Negras De Guaya Bal;CONSEJO COMUNITARIO DE COMUNIDADES NEGRAS DE GUAYABAL;12
PUERTO BOYACA;Juvenal Arrieta Gonzalez;"MOVIMIENTO ALTERNATIVO INDÍGENA SOCIAL ""MAIS""";12
PUERTO BOYACA;Palenque De La Vereda Las Trecientas Y Del Municip Io De Galapa;PALENQUE DE LA VEREDA LAS TRECIENTAS Y DEL MUNICIPIO DE GALAPA;9
PUERTO BOYACA;Consejo Comunitario Del Guabal;CONSEJO COMUNITARIO DEL GUABAL;8
PUERTO BOYACA;"Consejo Comunitario De La Costa Pacífica ""Concosta """;"CONSEJO COMUNITARIO DE LA COSTA PACÍFICA ""CONCOSTA""";7
PUERTO BOYACA;Somos Identidad;SOMOS IDENTIDAD;7
PUERTO BOYACA;Alianza Nacional Afrocolombiana;ALIANZA NACIONAL AFROCOLOMBIANA;6
PUERTO BOYACA;Consejo Comunitario Rescate Las Varas;CONSEJO COMUNITARIO RESCATE LAS VARAS;6
PUERTO BOYACA;Pedro Adan Torres Perez;PALENQUE DE LA VEREDA LAS TRECIENTAS Y DEL MUNICIPIO DE GALAPA;6
PUERTO BOYACA;Consejo Comunitario De La Comunidad Negra De Villa  Gloria;CONSEJO COMUNITARIO DE LA COMUNIDAD NEGRA DE VILLA GLORIA;5
PUERTO BOYACA;Diego Alberto Ramirez Prado;CONSEJO COMUNITARIO MAYOR DE CASIMIRO;5
PUERTO BOYACA;"Movimiento Autoridades Indígenas De Colombia ""Aico """;"MOVIMIENTO AUTORIDADES INDÍGENAS DE COLOMBIA ""AICO""";5
PUERTO BOYACA;Ermes Rafael Urzola De La Barrera;ASOCIACIÓN NACIONAL DE CABILDOS Y AUTORIDADES INDÍGENAS EN COLOMBIA ANICOL;4
PUERTO BOYACA;Osvaldo Antonio Gutierrez Maestre;"ASOC. AFROCOL. DESPLAZADOS MCPIO. GUACARÍ VALLE DEL CAUCA ""ADAG""";4
PUERTO BOYACA;Partido Colombia Renaciente;PARTIDO COLOMBIA RENACIENTE;4
PUERTO BOYACA;Sor Marina Soliz Climaco;CONSEJO COMUNITARIO UNIÓN PATÍA VIEJO;4
PUERTO BOYACA;Ana Rogelia Monsalve Alvarez;PALENQUE DE LA VEREDA LAS TRECIENTAS Y DEL MUNICIPIO DE GALAPA;3
PUERTO BOYACA;Andres Alfonso Tarazona Parra;CONSEJO COMUNITARIO DE COMUNIDADES NEGRAS SOCOLANDO;3
PUERTO BOYACA;Angelica Asprilla Palacios;"CONSEJO COMUNITARIO DE LA COSTA PACÍFICA ""CONCOSTA""";3
PUERTO BOYACA;Cabildo Indígena Aywjawashi;CABILDO INDÍGENA AYWJAWASHI;3
PUERTO BOYACA;Consejo Comunitario Bocas Del Atrato Y Leoncito;CONSEJO COMUNITARIO BOCAS DEL ATRATO Y LEONCITO;3
PUERTO BOYACA;Consejo Comunitario De Vuelta Manza;CONSEJO COMUNITARIO DE VUELTA MANZA;3
PUERTO BOYACA;Consejo Comunitario Del Río Guajuí;CONSEJO COMUNITARIO DEL RÍO GUAJUÍ;3
PUERTO BOYACA;Dualter Gutierrez Cabiche;"MOVIMIENTO AUTORIDADES INDÍGENAS DE COLOMBIA ""AICO""";3
PUERTO BOYACA;Eliecer Crecencio Quiñones Angulo;CONSEJO COMUNITARIO UNIÓN PATÍA VIEJO;3
PUERTO BOYACA;Francy Mayeli Rojas Quiroga;CONSEJO COMUNITARIO DE LOS CORREGIMIENTOS DE SAN ANTONIO Y EL CASTILLO MUNICIPIO DE EL CERRITO;3
PUERTO BOYACA;Hugo Rengifo Hurtado;CORPORACIÓN DE EDUCADORES DEL LITORAL PACIFICO CORELIPA;3
PUERTO BOYACA;Idalmy Minotta Teran;C.C LA TOMA;3
PUERTO BOYACA;Movimiento Alianza Democrática Amplia;MOVIMIENTO ALIANZA DEMOCRÁTICA AMPLIA;3
PUERTO BOYACA;Resguardo Indígena Alta Y Media Guajira;RESGUARDO INDÍGENA ALTA Y MEDIA GUAJIRA;3
PUERTO BOYACA;Salomon Rafael Ruiz Bertel;CABILDO INDÍGENA AYWJAWASHI;3
PUERTO BOYACA;Teodolinda Ordoñez Erazo;FUNDACIÓN PARA EL DESARROLLO SOCIAL DE COMUNIDADES NEGRAS;3
PUERTO BOYACA;Yorly Jimena Floriano Hernandez;CONSEJO COMUNITARIO MAYOR DE CASIMIRO;3
PUERTO BOYACA;Afromutata;AFROMUTATA;2
PUERTO BOYACA;Ana Tatiana Cordoba Ramos;CONSEJO COMUNITARIO ARCILLA, CARDÓN Y TUNA;2
PUERTO BOYACA;Ariel Rosebel Palacios Angulo;C.C LA TOMA;2
PUERTO BOYACA;Asociación Nacional De Cabildos Y Autoridades Indí Genas En Colombia Anicol;ASOCIACIÓN NACIONAL DE CABILDOS Y AUTORIDADES INDÍGENAS EN COLOMBIA ANICOL;2
PUERTO BOYACA;C.C La Toma;C.C LA TOMA;2
PUERTO BOYACA;Camilo Obando Angulo;CONSEJO COMUNITARIO VEREDAS UNIDAS UN BIEN COMÚN;2
PUERTO BOYACA;Carlos Adalberto Angulo Gongora;CONSEJO COMUNITARIO DEL RÍO GUAJUÍ;2
PUERTO BOYACA;Conmoguz;CONMOGUZ;2
PUERTO BOYACA;Consejo Comunit. Piedras Bachichi Correg. Santa Ce Cilia;CONSEJO COMUNIT. PIEDRAS BACHICHI CORREG. SANTA CECILIA;2
PUERTO BOYACA;Consejo Comunitario Alto Paraíso;CONSEJO COMUNITARIO ALTO PARAÍSO;2
PUERTO BOYACA;Consejo Comunitario Arcilla, Cardón Y Tuna;CONSEJO COMUNITARIO ARCILLA, CARDÓN Y TUNA;2
PUERTO BOYACA;Consejo Comunitario De Comunidades Negras De Campo  Hermoso;CONSEJO COMUNITARIO DE COMUNIDADES NEGRAS DE CAMPO HERMOSO;2
PUERTO BOYACA;Consejo Comunitario Integral De Lloró;CONSEJO COMUNITARIO INTEGRAL DE LLORÓ;2
PUERTO BOYACA;Consejo Comunitario Mayor De Casimiro;CONSEJO COMUNITARIO MAYOR DE CASIMIRO;2
PUERTO BOYACA;Consejo Comunitario Unión Patía Viejo;CONSEJO COMUNITARIO UNIÓN PATÍA VIEJO;2
PUERTO BOYACA;Consejo Comunitario Veredas Unidas Un Bien Común;CONSEJO COMUNITARIO VEREDAS UNIDAS UN BIEN COMÚN;2
PUERTO BOYACA;Erika Patricia Correa Burgos;CONSEJO COMUNITARIO DE FLAMENCO - MUNICIPIO DE MARÍA LA BAJA;2
PUERTO BOYACA;Fundación Para El Desarrollo Social De Comunidades  Negras;FUNDACIÓN PARA EL DESARROLLO SOCIAL DE COMUNIDADES NEGRAS;2
PUERTO BOYACA;Fundación Social Magende Mi;FUNDACIÓN SOCIAL MAGENDE MI;2
PUERTO BOYACA;Guillermo Alfredo Rodriguez Quispe;"MOVIMIENTO AUTORIDADES INDÍGENAS DE COLOMBIA ""AICO""";2
PUERTO BOYACA;Jhan Carlos Garcia Diaz;"CONSEJO COMUNITARIO DE LA COSTA PACÍFICA ""CONCOSTA""";2
PUERTO BOYACA;Martin Gerardo Tobar Vidal;CONSEJO COMUNITARIO ARCILLA, CARDÓN Y TUNA;2
PUERTO BOYACA;Nicolas Alberto Palacio Delgado;CONSEJO COMUNITARIO UNIÓN PATÍA VIEJO;2
PUERTO BOYACA;Nicole Dayana Caicedo Carabali;CONSEJO COMUNITARIO DEL RÍO GUAJUÍ;2
PUERTO BOYACA;Partido Indígena Colombiano P.I.C;PARTIDO INDÍGENA COLOMBIANO P.I.C;2
PUERTO BOYACA;Resguardo Indígena Zenú Del Alto San Jorge;RESGUARDO INDÍGENA ZENÚ DEL ALTO SAN JORGE;2
PUERTO BOYACA;Ali Bantu Ashanti;C.C LA TOMA;1
PUERTO BOYACA;Amado Aragon Garcia;CORPORACIÓN DE EDUCADORES DEL LITORAL PACIFICO CORELIPA;1
PUERTO BOYACA;Cenobia Torcuato Caicedo;"MOVIMIENTO ALTERNATIVO INDÍGENA SOCIAL ""MAIS""";1
PUERTO BOYACA;Consejo Comunit. Recuerdo De Nuestros Ancestros Ri O Mejicano;CONSEJO COMUNIT. RECUERDO DE NUESTROS ANCESTROS RIO MEJICANO;1
PUERTO BOYACA;Consejo Comunitario De Comunidades Negras Socoland O;CONSEJO COMUNITARIO DE COMUNIDADES NEGRAS SOCOLANDO;1
PUERTO BOYACA;Consejo Comunitario De Flamenco - Municipio De Mar Ía La Baja;CONSEJO COMUNITARIO DE FLAMENCO - MUNICIPIO DE MARÍA LA BAJA;1
PUERTO BOYACA;Consejo Comunitario Puerto Girón;CONSEJO COMUNITARIO PUERTO GIRÓN;1
PUERTO BOYACA;Corporación Kofi Annan;CORPORACIÓN KOFI ANNAN;1
PUERTO BOYACA;Francisco Abdia Velasquez Salguero;CONSEJO COMUNITARIO DE VUELTA MANZA;1
PUERTO BOYACA;Gustavo Adolfo Araujo Baute;CONSEJO COMUNITARIO ARCILLA, CARDÓN Y TUNA;1
PUERTO BOYACA;Hector Fabian Davila Orozco;CONSEJO COMUNITARIO MAYOR DE CASIMIRO;1
PUERTO BOYACA;Hernando Enrique Acevedo Rosario;CONSEJO COMUNITARIO DE COMUNIDADES NEGRAS SOCOLANDO;1
PUERTO BOYACA;Jaime Aguilar Dominguez;CONSEJO COMUNITARIO DE LOS CORREGIMIENTOS DE SAN ANTONIO Y EL CASTILLO MUNICIPIO DE EL CERRITO;1
PUERTO BOYACA;Jorge Humberto Cleves Rodriguez;"MOVIMIENTO AUTORIDADES INDÍGENAS DE COLOMBIA ""AICO""";1
PUERTO BOYACA;Luz Estela De La Peña Corcho;CORPORACIÓN KOFI ANNAN;1
PUERTO BOYACA;Maria Cristina Ruiz Rengifo;CONSEJO COMUNITARIO VEREDAS UNIDAS UN BIEN COMÚN;1
PUERTO BOYACA;Maria Idalides Peralta Julio;CONSEJO COMUNITARIO DE COMUNIDADES NEGRAS SOCOLANDO;1
PUERTO BOYACA;Mireya Sinisterra Lopez;"ASOC. AFROCOL. DESPLAZADOS MCPIO. GUACARÍ VALLE DEL CAUCA ""ADAG""";1
PUERTO BOYACA;Odeprivicor;ODEPRIVICOR;1
PUERTO BOYACA;Onis Pestaña Cordoba;CONSEJO COMUNITARIO DE VUELTA MANZA;1
PUERTO BOYACA;Organización Étnica De Comunidades Afros Los Palen Kes;ORGANIZACIÓN ÉTNICA DE COMUNIDADES AFROS LOS PALENKES;1
PUERTO BOYACA;Paciano Asprilla Arboleda;"CONSEJO COMUNITARIO DE LA COSTA PACÍFICA ""CONCOSTA""";1
PUERTO BOYACA;Remberto Estupiñan Paz;CORPORACIÓN KOFI ANNAN;1
PUERTO BOYACA;Roger Albeiro Guzman Lugo;CONSEJO COMUNITARIO PUERTO GIRÓN;1
QUIPAMA;Hector Angel Ortiz Nuñez;PARTIDO CENTRO DEMOCRÁTICO;568
QUIPAMA;Eduar Alexis Triana Rincon;PARTIDO CENTRO DEMOCRÁTICO;411
QUIPAMA;Jonatan Sanchez Garavito;PARTIDO CAMBIO RADICAL;379
QUIPAMA;German Tiberio Ojeda Pedraza;PARTIDO ALIANZA VERDE;76
QUIPAMA;Hector David Chaparro Chaparro;PARTIDO LIBERAL COLOMBIANO;64
QUIPAMA;Pablo Emilio Cepeda Novoa;PARTIDO CAMBIO RADICAL;48
QUIPAMA;Carolina Del Pilar Rodriguez Contreras;PACTO HISTÓRICO;46
QUIPAMA;Jose Dario Mahecha Castillo;PARTIDO CONSERVADOR COLOMBIANO;27
QUIPAMA;Partido Centro Democrático;PARTIDO CENTRO DEMOCRÁTICO;27
QUIPAMA;Mayda Cecilia Velasquez Rueda;PARTIDO LIBERAL COLOMBIANO;21
QUIPAMA;Pacto Histórico;PACTO HISTÓRICO;21
QUIPAMA;Pedro Jose Suarez Vacca;PACTO HISTÓRICO;21
QUIPAMA;Wilmer Yair Castellanos Hernandez;PARTIDO ALIANZA VERDE;21
QUIPAMA;Humphrey Roa Sarmiento;PARTIDO CONSERVADOR COLOMBIANO;18
QUIPAMA;Cindy Yohana Bohorquez Garzon;PARTIDO CONSERVADOR COLOMBIANO;17
QUIPAMA;Partido Alianza Verde;PARTIDO ALIANZA VERDE;17
QUIPAMA;Wilson Castiblanco Gil;PARTIDO LIBERAL COLOMBIANO;16
QUIPAMA;Diana Carolina Suarez Muñoz;COALICIÓN PARTIDOS DE LA U - MIRA - COLOMBIA JUSTA LIBRES - ASI;15
QUIPAMA;Jose Giovany Pinzon Baez;PACTO HISTÓRICO;15
QUIPAMA;Olga Yaneth Beltran Dorado;PARTIDO CENTRO DEMOCRÁTICO;15
QUIPAMA;Nidia Milena Torres Paez;PARTIDO CENTRO DEMOCRÁTICO;13
QUIPAMA;Lupe Isabel Lopez Marquez;PARTIDO CAMBIO RADICAL;12
QUIPAMA;Guillermo Leonardo Sanchez Sanchez;PARTIDO CENTRO DEMOCRÁTICO;11
QUIPAMA;Jaime Raul Salamanca Torres;PARTIDO ALIANZA VERDE;11
QUIPAMA;Partido Conservador Colombiano;PARTIDO CONSERVADOR COLOMBIANO;11
QUIPAMA;Karen Lucia Molano Granados;PARTIDO ALIANZA VERDE;10
QUIPAMA;Partido Cambio Radical;PARTIDO CAMBIO RADICAL;10
QUIPAMA;Maryory Catherin Ortiz Alvarez;PACTO HISTÓRICO;7
QUIPAMA;Wilder Ivan Suesca Ochoa;PARTIDO CONSERVADOR COLOMBIANO;6
QUIPAMA;Coalición Partidos De La U - Mira - Colombia Justa  Libres - Asi;COALICIÓN PARTIDOS DE LA U - MIRA - COLOMBIA JUSTA LIBRES - ASI;5
QUIPAMA;Monica Yanneth Quiroga Castillo;PARTIDO CAMBIO RADICAL;5
QUIPAMA;Partido Político Dignidad;PARTIDO POLÍTICO DIGNIDAD;5
QUIPAMA;Partido Liberal Colombiano;PARTIDO LIBERAL COLOMBIANO;4
QUIPAMA;Sandro Nestor Condia Perez;PARTIDO LIBERAL COLOMBIANO;4
QUIPAMA;William Fernando Granados;PARTIDO NUEVO LIBERALISMO;4
QUIPAMA;Jorge Arturo Mayorga Esguerra;COALICIÓN PARTIDOS DE LA U - MIRA - COLOMBIA JUSTA LIBRES - ASI;3
QUIPAMA;Olga Natalie Manrique Abril;COALICIÓN PARTIDOS DE LA U - MIRA - COLOMBIA JUSTA LIBRES - ASI;3
QUIPAMA;Jairo Enrique Castiblanco Parra;COALICIÓN PARTIDOS DE LA U - MIRA - COLOMBIA JUSTA LIBRES - ASI;2
QUIPAMA;Karol Ricardo Ramirez Silva;PACTO HISTÓRICO;2
QUIPAMA;Laura Andrea Bello Porras;PARTIDO ALIANZA VERDE;2
QUIPAMA;Luis Guillermo Barrera Gutierrez;PARTIDO CAMBIO RADICAL;2
QUIPAMA;Mayra Alejandra Viancha Sanabria;PARTIDO LIBERAL COLOMBIANO;2
QUIPAMA;Olga Maria Chivata Vargas;PARTIDO NUEVO LIBERALISMO;2
QUIPAMA;Oscar Leonardo Avila Romero;PARTIDO CAMBIO RADICAL;2
QUIPAMA;Partido Nuevo Liberalismo;PARTIDO NUEVO LIBERALISMO;2
QUIPAMA;William Donato Gomez;PARTIDO CENTRO DEMOCRÁTICO;2
QUIPAMA;Claudia Beatriz Duarte Acosta;PARTIDO NUEVO LIBERALISMO;1
QUIPAMA;Henry De Jesus Puerto Vasquez;PARTIDO NUEVO LIBERALISMO;1
QUIPAMA;Jorge Eliecer Cortes Martinez;PARTIDO LIBERAL COLOMBIANO;1
QUIPAMA;Jorge Ivan Mina Lasso;CONSEJO COMUNITARIO MANUEL ZAPATA OLIVELLA DE SAN ANTERO;1
QUIPAMA;Jose Fernando Morales Acuña;PARTIDO CONSERVADOR COLOMBIANO;1
QUIPAMA;Luis Alejandro Gutierrez Sanabria;PARTIDO ALIANZA VERDE;1
QUIPAMA;Pablo Mendoza Vargas;COALICIÓN PARTIDOS DE LA U - MIRA - COLOMBIA JUSTA LIBRES - ASI;1
RAMIRIQUI;Hector David Chaparro Chaparro;PARTIDO LIBERAL COLOMBIANO;629
RAMIRIQUI;Wilmer Yair Castellanos Hernandez;PARTIDO ALIANZA VERDE;623
RAMIRIQUI;Jose Giovany Pinzon Baez;PACTO HISTÓRICO;262
RAMIRIQUI;Diana Carolina Suarez Muñoz;COALICIÓN PARTIDOS DE LA U - MIRA - COLOMBIA JUSTA LIBRES - ASI;166
RAMIRIQUI;Pedro Jose Suarez Vacca;PACTO HISTÓRICO;152
RAMIRIQUI;Hector Angel Ortiz Nuñez;PARTIDO CENTRO DEMOCRÁTICO;134
RAMIRIQUI;Jaime Raul Salamanca Torres;PARTIDO ALIANZA VERDE;134
RAMIRIQUI;Wilder Ivan Suesca Ochoa;PARTIDO CONSERVADOR COLOMBIANO;128
RAMIRIQUI;Wilson Castiblanco Gil;PARTIDO LIBERAL COLOMBIANO;117
RAMIRIQUI;Jorge Eliecer Cortes Martinez;PARTIDO LIBERAL COLOMBIANO;80
RAMIRIQUI;Luis Guillermo Barrera Gutierrez;PARTIDO CAMBIO RADICAL;78
RAMIRIQUI;Pacto Histórico;PACTO HISTÓRICO;78
RAMIRIQUI;German Tiberio Ojeda Pedraza;PARTIDO ALIANZA VERDE;70
RAMIRIQUI;Partido Alianza Verde;PARTIDO ALIANZA VERDE;58
RAMIRIQUI;Guillermo Leonardo Sanchez Sanchez;PARTIDO CENTRO DEMOCRÁTICO;45
RAMIRIQUI;Jairo Enrique Castiblanco Parra;COALICIÓN PARTIDOS DE LA U - MIRA - COLOMBIA JUSTA LIBRES - ASI;45
RAMIRIQUI;Karen Lucia Molano Granados;PARTIDO ALIANZA VERDE;42
RAMIRIQUI;Pablo Emilio Cepeda Novoa;PARTIDO CAMBIO RADICAL;38
RAMIRIQUI;Jose Dario Mahecha Castillo;PARTIDO CONSERVADOR COLOMBIANO;36
RAMIRIQUI;Olga Yaneth Beltran Dorado;PARTIDO CENTRO DEMOCRÁTICO;36
RAMIRIQUI;Partido Liberal Colombiano;PARTIDO LIBERAL COLOMBIANO;36
RAMIRIQUI;Mayra Alejandra Viancha Sanabria;PARTIDO LIBERAL COLOMBIANO;33
RAMIRIQUI;Luis Alejandro Gutierrez Sanabria;PARTIDO ALIANZA VERDE;31
RAMIRIQUI;Ingrid Marlen Sogamoso Alfonso;PARTIDO CONSERVADOR COLOMBIANO;30
RAMIRIQUI;Laura Andrea Bello Porras;PARTIDO ALIANZA VERDE;30
RAMIRIQUI;Nidia Milena Torres Paez;PARTIDO CENTRO DEMOCRÁTICO;30
RAMIRIQUI;Oscar Leonardo Avila Romero;PARTIDO CAMBIO RADICAL;25
RAMIRIQUI;Carolina Del Pilar Rodriguez Contreras;PACTO HISTÓRICO;24
RAMIRIQUI;Maryory Catherin Ortiz Alvarez;PACTO HISTÓRICO;24
RAMIRIQUI;Partido Conservador Colombiano;PARTIDO CONSERVADOR COLOMBIANO;22
RAMIRIQUI;Mayda Cecilia Velasquez Rueda;PARTIDO LIBERAL COLOMBIANO;21
RAMIRIQUI;Olga Natalie Manrique Abril;COALICIÓN PARTIDOS DE LA U - MIRA - COLOMBIA JUSTA LIBRES - ASI;20
RAMIRIQUI;Jorge Ivan Amarillo Giraldo;COALICIÓN PARTIDOS DE LA U - MIRA - COLOMBIA JUSTA LIBRES - ASI;19
RAMIRIQUI;Leidy Alejandra Moreno Sanchez;PACTO HISTÓRICO;19
RAMIRIQUI;William Donato Gomez;PARTIDO CENTRO DEMOCRÁTICO;19
RAMIRIQUI;Partido Centro Democrático;PARTIDO CENTRO DEMOCRÁTICO;17
RAMIRIQUI;Cindy Yohana Bohorquez Garzon;PARTIDO CONSERVADOR COLOMBIANO;16
RAMIRIQUI;Humphrey Roa Sarmiento;PARTIDO CONSERVADOR COLOMBIANO;16
RAMIRIQUI;Jonatan Sanchez Garavito;PARTIDO CAMBIO RADICAL;15
RAMIRIQUI;Eduar Alexis Triana Rincon;PARTIDO CENTRO DEMOCRÁTICO;14
RAMIRIQUI;Jose Fernando Morales Acuña;PARTIDO CONSERVADOR COLOMBIANO;14
RAMIRIQUI;Karol Ricardo Ramirez Silva;PACTO HISTÓRICO;12
RAMIRIQUI;Sandro Nestor Condia Perez;PARTIDO LIBERAL COLOMBIANO;12
RAMIRIQUI;Henry De Jesus Puerto Vasquez;PARTIDO NUEVO LIBERALISMO;10
RAMIRIQUI;Monica Yanneth Quiroga Castillo;PARTIDO CAMBIO RADICAL;10
RAMIRIQUI;Pablo Mendoza Vargas;COALICIÓN PARTIDOS DE LA U - MIRA - COLOMBIA JUSTA LIBRES - ASI;10
RAMIRIQUI;Partido Nuevo Liberalismo;PARTIDO NUEVO LIBERALISMO;10
RAMIRIQUI;Lupe Isabel Lopez Marquez;PARTIDO CAMBIO RADICAL;8
RAMIRIQUI;Partido Cambio Radical;PARTIDO CAMBIO RADICAL;8
RAMIRIQUI;Coalición Partidos De La U - Mira - Colombia Justa  Libres - Asi;COALICIÓN PARTIDOS DE LA U - MIRA - COLOMBIA JUSTA LIBRES - ASI;6
RAMIRIQUI;Claudia Beatriz Duarte Acosta;PARTIDO NUEVO LIBERALISMO;4
RAMIRIQUI;Jorge Arturo Mayorga Esguerra;COALICIÓN PARTIDOS DE LA U - MIRA - COLOMBIA JUSTA LIBRES - ASI;3
RAMIRIQUI;Movimiento De Salvación Nacional;MOVIMIENTO DE SALVACIÓN NACIONAL;3
RAMIRIQUI;William Fernando Granados;PARTIDO NUEVO LIBERALISMO;3
RAMIRIQUI;C.C La Toma;C.C LA TOMA;2
RAMIRIQUI;Fernando Ríos Hidalgo;FERNANDO RÍOS HIDALGO;2
RAMIRIQUI;Olga Maria Chivata Vargas;PARTIDO NUEVO LIBERALISMO;2
RAMIRIQUI;Ariel Rosebel Palacios Angulo;C.C LA TOMA;1
RAMIRIQUI;Consejo Comunitario De Comunidades Negras De Guaya Bal;CONSEJO COMUNITARIO DE COMUNIDADES NEGRAS DE GUAYABAL;1
RAMIRIQUI;Consejo Comunitario Manuel Zapata Olivella De San Antero;CONSEJO COMUNITARIO MANUEL ZAPATA OLIVELLA DE SAN ANTERO;1
RAMIRIQUI;Jorge Ivan Mina Lasso;CONSEJO COMUNITARIO MANUEL ZAPATA OLIVELLA DE SAN ANTERO;1
RAMIRIQUI;Partido Político Dignidad;PARTIDO POLÍTICO DIGNIDAD;1
RAMIRIQUI;Pedro Adan Torres Perez;PALENQUE DE LA VEREDA LAS TRECIENTAS Y DEL MUNICIPIO DE GALAPA;1
RAQUIRA;Wilmer Yair Castellanos Hernandez;PARTIDO ALIANZA VERDE;527
RAQUIRA;Jairo Enrique Castiblanco Parra;COALICIÓN PARTIDOS DE LA U - MIRA - COLOMBIA JUSTA LIBRES - ASI;191
RAQUIRA;Eduar Alexis Triana Rincon;PARTIDO CENTRO DEMOCRÁTICO;112
RAQUIRA;Jaime Raul Salamanca Torres;PARTIDO ALIANZA VERDE;80
RAQUIRA;Hector David Chaparro Chaparro;PARTIDO LIBERAL COLOMBIANO;76
RAQUIRA;Wilson Castiblanco Gil;PARTIDO LIBERAL COLOMBIANO;69
RAQUIRA;Partido Alianza Verde;PARTIDO ALIANZA VERDE;68
RAQUIRA;German Tiberio Ojeda Pedraza;PARTIDO ALIANZA VERDE;61
RAQUIRA;Pedro Jose Suarez Vacca;PACTO HISTÓRICO;56
RAQUIRA;Pacto Histórico;PACTO HISTÓRICO;53
RAQUIRA;Luis Guillermo Barrera Gutierrez;PARTIDO CAMBIO RADICAL;41
RAQUIRA;Ingrid Marlen Sogamoso Alfonso;PARTIDO CONSERVADOR COLOMBIANO;39
RAQUIRA;Jose Giovany Pinzon Baez;PACTO HISTÓRICO;38
RAQUIRA;Hector Angel Ortiz Nuñez;PARTIDO CENTRO DEMOCRÁTICO;35
RAQUIRA;Olga Yaneth Beltran Dorado;PARTIDO CENTRO DEMOCRÁTICO;34
RAQUIRA;Karen Lucia Molano Granados;PARTIDO ALIANZA VERDE;23
RAQUIRA;Laura Andrea Bello Porras;PARTIDO ALIANZA VERDE;22
RAQUIRA;Humphrey Roa Sarmiento;PARTIDO CONSERVADOR COLOMBIANO;20
RAQUIRA;Pablo Emilio Cepeda Novoa;PARTIDO CAMBIO RADICAL;20
RAQUIRA;Partido Centro Democrático;PARTIDO CENTRO DEMOCRÁTICO;20
RAQUIRA;Diana Carolina Suarez Muñoz;COALICIÓN PARTIDOS DE LA U - MIRA - COLOMBIA JUSTA LIBRES - ASI;18
RAQUIRA;Jorge Arturo Mayorga Esguerra;COALICIÓN PARTIDOS DE LA U - MIRA - COLOMBIA JUSTA LIBRES - ASI;18
RAQUIRA;Luis Alejandro Gutierrez Sanabria;PARTIDO ALIANZA VERDE;18
RAQUIRA;Jonatan Sanchez Garavito;PARTIDO CAMBIO RADICAL;15
RAQUIRA;Olga Natalie Manrique Abril;COALICIÓN PARTIDOS DE LA U - MIRA - COLOMBIA JUSTA LIBRES - ASI;13
RAQUIRA;Oscar Leonardo Avila Romero;PARTIDO CAMBIO RADICAL;13
RAQUIRA;Coalición Partidos De La U - Mira - Colombia Justa  Libres - Asi;COALICIÓN PARTIDOS DE LA U - MIRA - COLOMBIA JUSTA LIBRES - ASI;12
RAQUIRA;Guillermo Leonardo Sanchez Sanchez;PARTIDO CENTRO DEMOCRÁTICO;12
RAQUIRA;Nidia Milena Torres Paez;PARTIDO CENTRO DEMOCRÁTICO;12
RAQUIRA;Cindy Yohana Bohorquez Garzon;PARTIDO CONSERVADOR COLOMBIANO;11
RAQUIRA;Jorge Eliecer Cortes Martinez;PARTIDO LIBERAL COLOMBIANO;11
RAQUIRA;Jose Dario Mahecha Castillo;PARTIDO CONSERVADOR COLOMBIANO;11
RAQUIRA;Monica Yanneth Quiroga Castillo;PARTIDO CAMBIO RADICAL;11
RAQUIRA;Partido Nuevo Liberalismo;PARTIDO NUEVO LIBERALISMO;11
RAQUIRA;Carolina Del Pilar Rodriguez Contreras;PACTO HISTÓRICO;10
RAQUIRA;Karol Ricardo Ramirez Silva;PACTO HISTÓRICO;10
RAQUIRA;Lupe Isabel Lopez Marquez;PARTIDO CAMBIO RADICAL;10
RAQUIRA;Maryory Catherin Ortiz Alvarez;PACTO HISTÓRICO;10
RAQUIRA;Partido Liberal Colombiano;PARTIDO LIBERAL COLOMBIANO;10
RAQUIRA;Wilder Ivan Suesca Ochoa;PARTIDO CONSERVADOR COLOMBIANO;10
RAQUIRA;Leidy Alejandra Moreno Sanchez;PACTO HISTÓRICO;9
RAQUIRA;Partido Conservador Colombiano;PARTIDO CONSERVADOR COLOMBIANO;9
RAQUIRA;Mayda Cecilia Velasquez Rueda;PARTIDO LIBERAL COLOMBIANO;7
RAQUIRA;Partido Político Dignidad;PARTIDO POLÍTICO DIGNIDAD;7
RAQUIRA;Partido Cambio Radical;PARTIDO CAMBIO RADICAL;6
RAQUIRA;Claudia Beatriz Duarte Acosta;PARTIDO NUEVO LIBERALISMO;5
RAQUIRA;Jorge Ivan Amarillo Giraldo;COALICIÓN PARTIDOS DE LA U - MIRA - COLOMBIA JUSTA LIBRES - ASI;5
RAQUIRA;Olga Maria Chivata Vargas;PARTIDO NUEVO LIBERALISMO;5
RAQUIRA;William Donato Gomez;PARTIDO CENTRO DEMOCRÁTICO;5
RAQUIRA;Sandro Nestor Condia Perez;PARTIDO LIBERAL COLOMBIANO;4
RAQUIRA;Juvenal Arrieta Gonzalez;"MOVIMIENTO ALTERNATIVO INDÍGENA SOCIAL ""MAIS""";3
RAQUIRA;Pablo Mendoza Vargas;COALICIÓN PARTIDOS DE LA U - MIRA - COLOMBIA JUSTA LIBRES - ASI;3
RAQUIRA;William Fernando Granados;PARTIDO NUEVO LIBERALISMO;3
RAQUIRA;Henry De Jesus Puerto Vasquez;PARTIDO NUEVO LIBERALISMO;2
RAQUIRA;"Movimiento Alternativo Indígena Social ""Mais""";"MOVIMIENTO ALTERNATIVO INDÍGENA SOCIAL ""MAIS""";2
RAQUIRA;Movimiento De Salvación Nacional;MOVIMIENTO DE SALVACIÓN NACIONAL;2
RAQUIRA;Cabildo Indígena Aywjawashi;CABILDO INDÍGENA AYWJAWASHI;1
RAQUIRA;Consejo Comunitario Alto Paraíso;CONSEJO COMUNITARIO ALTO PARAÍSO;1
RAQUIRA;Diego Alberto Ramirez Prado;CONSEJO COMUNITARIO MAYOR DE CASIMIRO;1
RAQUIRA;Jorge Humberto Cleves Rodriguez;"MOVIMIENTO AUTORIDADES INDÍGENAS DE COLOMBIA ""AICO""";1
RAQUIRA;Jose Fernando Morales Acuña;PARTIDO CONSERVADOR COLOMBIANO;1
RAQUIRA;Mayra Alejandra Viancha Sanabria;PARTIDO LIBERAL COLOMBIANO;1
RAQUIRA;Norman David Bañol Alvarez;"MOVIMIENTO ALTERNATIVO INDÍGENA SOCIAL ""MAIS""";1
RAQUIRA;Salomon Rafael Ruiz Bertel;CABILDO INDÍGENA AYWJAWASHI;1
RONDON;Luis Guillermo Barrera Gutierrez;PARTIDO CAMBIO RADICAL;340
RONDON;Jonatan Sanchez Garavito;PARTIDO CAMBIO RADICAL;202
RONDON;Wilmer Yair Castellanos Hernandez;PARTIDO ALIANZA VERDE;60
RONDON;Oscar Leonardo Avila Romero;PARTIDO CAMBIO RADICAL;33
RONDON;Jairo Enrique Castiblanco Parra;COALICIÓN PARTIDOS DE LA U - MIRA - COLOMBIA JUSTA LIBRES - ASI;32
RONDON;Jose Giovany Pinzon Baez;PACTO HISTÓRICO;30
RONDON;Jaime Raul Salamanca Torres;PARTIDO ALIANZA VERDE;27
RONDON;Jorge Arturo Mayorga Esguerra;COALICIÓN PARTIDOS DE LA U - MIRA - COLOMBIA JUSTA LIBRES - ASI;25
RONDON;Eduar Alexis Triana Rincon;PARTIDO CENTRO DEMOCRÁTICO;24
RONDON;Guillermo Leonardo Sanchez Sanchez;PARTIDO CENTRO DEMOCRÁTICO;19
RONDON;Jorge Eliecer Cortes Martinez;PARTIDO LIBERAL COLOMBIANO;15
RONDON;Karen Lucia Molano Granados;PARTIDO ALIANZA VERDE;15
RONDON;Pacto Histórico;PACTO HISTÓRICO;15
RONDON;Hector Angel Ortiz Nuñez;PARTIDO CENTRO DEMOCRÁTICO;14
RONDON;Partido Cambio Radical;PARTIDO CAMBIO RADICAL;14
RONDON;Laura Andrea Bello Porras;PARTIDO ALIANZA VERDE;13
RONDON;Pablo Emilio Cepeda Novoa;PARTIDO CAMBIO RADICAL;12
RONDON;Wilder Ivan Suesca Ochoa;PARTIDO CONSERVADOR COLOMBIANO;12
RONDON;Jorge Ivan Amarillo Giraldo;COALICIÓN PARTIDOS DE LA U - MIRA - COLOMBIA JUSTA LIBRES - ASI;11
RONDON;Ingrid Marlen Sogamoso Alfonso;PARTIDO CONSERVADOR COLOMBIANO;10
RONDON;Hector David Chaparro Chaparro;PARTIDO LIBERAL COLOMBIANO;9
RONDON;Luis Alejandro Gutierrez Sanabria;PARTIDO ALIANZA VERDE;9
RONDON;Pedro Jose Suarez Vacca;PACTO HISTÓRICO;9
RONDON;Jose Fernando Morales Acuña;PARTIDO CONSERVADOR COLOMBIANO;8
RONDON;Partido Conservador Colombiano;PARTIDO CONSERVADOR COLOMBIANO;7
RONDON;Karol Ricardo Ramirez Silva;PACTO HISTÓRICO;6
RONDON;Olga Yaneth Beltran Dorado;PARTIDO CENTRO DEMOCRÁTICO;6
RONDON;Pablo Mendoza Vargas;COALICIÓN PARTIDOS DE LA U - MIRA - COLOMBIA JUSTA LIBRES - ASI;6
RONDON;Partido Alianza Verde;PARTIDO ALIANZA VERDE;6
RONDON;German Tiberio Ojeda Pedraza;PARTIDO ALIANZA VERDE;5
RONDON;Humphrey Roa Sarmiento;PARTIDO CONSERVADOR COLOMBIANO;5
RONDON;Maryory Catherin Ortiz Alvarez;PACTO HISTÓRICO;5
RONDON;Mayra Alejandra Viancha Sanabria;PARTIDO LIBERAL COLOMBIANO;5
RONDON;Coalición Partidos De La U - Mira - Colombia Justa  Libres - Asi;COALICIÓN PARTIDOS DE LA U - MIRA - COLOMBIA JUSTA LIBRES - ASI;4
RONDON;Leidy Alejandra Moreno Sanchez;PACTO HISTÓRICO;4
RONDON;Sandro Nestor Condia Perez;PARTIDO LIBERAL COLOMBIANO;4
RONDON;William Donato Gomez;PARTIDO CENTRO DEMOCRÁTICO;4
RONDON;Edison Enrique Massa Samper;PALENQUE DE LA VEREDA LAS TRECIENTAS Y DEL MUNICIPIO DE GALAPA;3
RONDON;Partido Centro Democrático;PARTIDO CENTRO DEMOCRÁTICO;3
RONDON;Diana Carolina Suarez Muñoz;COALICIÓN PARTIDOS DE LA U - MIRA - COLOMBIA JUSTA LIBRES - ASI;2
RONDON;Jose Dario Mahecha Castillo;PARTIDO CONSERVADOR COLOMBIANO;2
RONDON;Nidia Milena Torres Paez;PARTIDO CENTRO DEMOCRÁTICO;2
RONDON;Partido Político Dignidad;PARTIDO POLÍTICO DIGNIDAD;2
RONDON;Carolina Del Pilar Rodriguez Contreras;PACTO HISTÓRICO;1
RONDON;Cindy Yohana Bohorquez Garzon;PARTIDO CONSERVADOR COLOMBIANO;1
RONDON;Claudia Beatriz Duarte Acosta;PARTIDO NUEVO LIBERALISMO;1
RONDON;Henry De Jesus Puerto Vasquez;PARTIDO NUEVO LIBERALISMO;1
RONDON;Lupe Isabel Lopez Marquez;PARTIDO CAMBIO RADICAL;1
RONDON;Maria Yolanda Figueroa Celis;PARTIDO INDÍGENA COLOMBIANO P.I.C;1
RONDON;Monica Yanneth Quiroga Castillo;PARTIDO CAMBIO RADICAL;1
RONDON;Olga Natalie Manrique Abril;COALICIÓN PARTIDOS DE LA U - MIRA - COLOMBIA JUSTA LIBRES - ASI;1
RONDON;Partido Liberal Colombiano;PARTIDO LIBERAL COLOMBIANO;1
RONDON;Wilson Castiblanco Gil;PARTIDO LIBERAL COLOMBIANO;1
SABOYA;Wilmer Yair Castellanos Hernandez;PARTIDO ALIANZA VERDE;1014
SABOYA;Jaime Raul Salamanca Torres;PARTIDO ALIANZA VERDE;491
SABOYA;Hector Angel Ortiz Nuñez;PARTIDO CENTRO DEMOCRÁTICO;292
SABOYA;Eduar Alexis Triana Rincon;PARTIDO CENTRO DEMOCRÁTICO;268
SABOYA;German Tiberio Ojeda Pedraza;PARTIDO ALIANZA VERDE;212
SABOYA;Hector David Chaparro Chaparro;PARTIDO LIBERAL COLOMBIANO;185
SABOYA;Partido Alianza Verde;PARTIDO ALIANZA VERDE;169
SABOYA;Pacto Histórico;PACTO HISTÓRICO;132
SABOYA;Pedro Jose Suarez Vacca;PACTO HISTÓRICO;112
SABOYA;Jonatan Sanchez Garavito;PARTIDO CAMBIO RADICAL;95
SABOYA;Jose Giovany Pinzon Baez;PACTO HISTÓRICO;87
SABOYA;Diana Carolina Suarez Muñoz;COALICIÓN PARTIDOS DE LA U - MIRA - COLOMBIA JUSTA LIBRES - ASI;86
SABOYA;Karen Lucia Molano Granados;PARTIDO ALIANZA VERDE;82
SABOYA;Humphrey Roa Sarmiento;PARTIDO CONSERVADOR COLOMBIANO;80
SABOYA;Guillermo Leonardo Sanchez Sanchez;PARTIDO CENTRO DEMOCRÁTICO;72
SABOYA;Partido Centro Democrático;PARTIDO CENTRO DEMOCRÁTICO;69
SABOYA;Jose Dario Mahecha Castillo;PARTIDO CONSERVADOR COLOMBIANO;59
SABOYA;Partido Conservador Colombiano;PARTIDO CONSERVADOR COLOMBIANO;54
SABOYA;Jairo Enrique Castiblanco Parra;COALICIÓN PARTIDOS DE LA U - MIRA - COLOMBIA JUSTA LIBRES - ASI;43
SABOYA;Olga Yaneth Beltran Dorado;PARTIDO CENTRO DEMOCRÁTICO;36
SABOYA;Wilder Ivan Suesca Ochoa;PARTIDO CONSERVADOR COLOMBIANO;32
SABOYA;Nidia Milena Torres Paez;PARTIDO CENTRO DEMOCRÁTICO;29
SABOYA;Wilson Castiblanco Gil;PARTIDO LIBERAL COLOMBIANO;28
SABOYA;Partido Liberal Colombiano;PARTIDO LIBERAL COLOMBIANO;27
SABOYA;Ingrid Marlen Sogamoso Alfonso;PARTIDO CONSERVADOR COLOMBIANO;25
SABOYA;Maryory Catherin Ortiz Alvarez;PACTO HISTÓRICO;25
SABOYA;Carolina Del Pilar Rodriguez Contreras;PACTO HISTÓRICO;24
SABOYA;Cindy Yohana Bohorquez Garzon;PARTIDO CONSERVADOR COLOMBIANO;23
SABOYA;Leidy Alejandra Moreno Sanchez;PACTO HISTÓRICO;23
SABOYA;Jose Fernando Morales Acuña;PARTIDO CONSERVADOR COLOMBIANO;20
SABOYA;Laura Andrea Bello Porras;PARTIDO ALIANZA VERDE;20
SABOYA;Luis Alejandro Gutierrez Sanabria;PARTIDO ALIANZA VERDE;19
SABOYA;William Donato Gomez;PARTIDO CENTRO DEMOCRÁTICO;19
SABOYA;Luis Guillermo Barrera Gutierrez;PARTIDO CAMBIO RADICAL;18
SABOYA;Sandro Nestor Condia Perez;PARTIDO LIBERAL COLOMBIANO;18
SABOYA;Partido Nuevo Liberalismo;PARTIDO NUEVO LIBERALISMO;17
SABOYA;Jorge Eliecer Cortes Martinez;PARTIDO LIBERAL COLOMBIANO;16
SABOYA;Jorge Ivan Amarillo Giraldo;COALICIÓN PARTIDOS DE LA U - MIRA - COLOMBIA JUSTA LIBRES - ASI;15
SABOYA;Oscar Leonardo Avila Romero;PARTIDO CAMBIO RADICAL;15
SABOYA;Coalición Partidos De La U - Mira - Colombia Justa  Libres - Asi;COALICIÓN PARTIDOS DE LA U - MIRA - COLOMBIA JUSTA LIBRES - ASI;14
SABOYA;Partido Político Dignidad;PARTIDO POLÍTICO DIGNIDAD;14
SABOYA;Karol Ricardo Ramirez Silva;PACTO HISTÓRICO;12
SABOYA;Lupe Isabel Lopez Marquez;PARTIDO CAMBIO RADICAL;11
SABOYA;Mayra Alejandra Viancha Sanabria;PARTIDO LIBERAL COLOMBIANO;11
SABOYA;Pablo Emilio Cepeda Novoa;PARTIDO CAMBIO RADICAL;11
SABOYA;Olga Maria Chivata Vargas;PARTIDO NUEVO LIBERALISMO;10
SABOYA;Olga Natalie Manrique Abril;COALICIÓN PARTIDOS DE LA U - MIRA - COLOMBIA JUSTA LIBRES - ASI;9
SABOYA;Mayda Cecilia Velasquez Rueda;PARTIDO LIBERAL COLOMBIANO;8
SABOYA;Partido Cambio Radical;PARTIDO CAMBIO RADICAL;8
SABOYA;Pablo Mendoza Vargas;COALICIÓN PARTIDOS DE LA U - MIRA - COLOMBIA JUSTA LIBRES - ASI;7
SABOYA;Henry De Jesus Puerto Vasquez;PARTIDO NUEVO LIBERALISMO;6
SABOYA;Jorge Arturo Mayorga Esguerra;COALICIÓN PARTIDOS DE LA U - MIRA - COLOMBIA JUSTA LIBRES - ASI;6
SABOYA;Monica Yanneth Quiroga Castillo;PARTIDO CAMBIO RADICAL;6
SABOYA;Claudia Beatriz Duarte Acosta;PARTIDO NUEVO LIBERALISMO;5
SABOYA;Edison Enrique Massa Samper;PALENQUE DE LA VEREDA LAS TRECIENTAS Y DEL MUNICIPIO DE GALAPA;3
SABOYA;Consejo Mayor Condoto Iró;CONSEJO MAYOR CONDOTO IRÓ;2
SABOYA;Jorge Ivan Mina Lasso;CONSEJO COMUNITARIO MANUEL ZAPATA OLIVELLA DE SAN ANTERO;2
SABOYA;Movimiento De Salvación Nacional;MOVIMIENTO DE SALVACIÓN NACIONAL;2
SABOYA;William Fernando Granados;PARTIDO NUEVO LIBERALISMO;2
SABOYA;Consejo Comunitario Afrozabaletas;CONSEJO COMUNITARIO AFROZABALETAS;1
SABOYA;Consejo Comunitario De La Comunidad Negra Limones;CONSEJO COMUNITARIO DE LA COMUNIDAD NEGRA LIMONES;1
SABOYA;Fernando Ríos Hidalgo;FERNANDO RÍOS HIDALGO;1
SABOYA;Raymond Smith Palomeque Pino;CONSEJO COMUNITARIO MAYOR DE CERTEGUI;1
SACHICA;Wilmer Yair Castellanos Hernandez;PARTIDO ALIANZA VERDE;703
SACHICA;Jairo Enrique Castiblanco Parra;COALICIÓN PARTIDOS DE LA U - MIRA - COLOMBIA JUSTA LIBRES - ASI;262
SACHICA;Hector David Chaparro Chaparro;PARTIDO LIBERAL COLOMBIANO;224
SACHICA;Pedro Jose Suarez Vacca;PACTO HISTÓRICO;76
SACHICA;Diana Carolina Suarez Muñoz;COALICIÓN PARTIDOS DE LA U - MIRA - COLOMBIA JUSTA LIBRES - ASI;49
SACHICA;Eduar Alexis Triana Rincon;PARTIDO CENTRO DEMOCRÁTICO;45
SACHICA;Pacto Histórico;PACTO HISTÓRICO;42
SACHICA;Jose Giovany Pinzon Baez;PACTO HISTÓRICO;41
SACHICA;Jaime Raul Salamanca Torres;PARTIDO ALIANZA VERDE;40
SACHICA;German Tiberio Ojeda Pedraza;PARTIDO ALIANZA VERDE;35
SACHICA;Wilson Castiblanco Gil;PARTIDO LIBERAL COLOMBIANO;34
SACHICA;Hector Angel Ortiz Nuñez;PARTIDO CENTRO DEMOCRÁTICO;30
SACHICA;Partido Alianza Verde;PARTIDO ALIANZA VERDE;27
SACHICA;Jonatan Sanchez Garavito;PARTIDO CAMBIO RADICAL;26
SACHICA;Karen Lucia Molano Granados;PARTIDO ALIANZA VERDE;26
SACHICA;Olga Yaneth Beltran Dorado;PARTIDO CENTRO DEMOCRÁTICO;22
SACHICA;Partido Liberal Colombiano;PARTIDO LIBERAL COLOMBIANO;21
SACHICA;Maryory Catherin Ortiz Alvarez;PACTO HISTÓRICO;17
SACHICA;Luis Alejandro Gutierrez Sanabria;PARTIDO ALIANZA VERDE;14
SACHICA;Partido Centro Democrático;PARTIDO CENTRO DEMOCRÁTICO;13
SACHICA;Coalición Partidos De La U - Mira - Colombia Justa  Libres - Asi;COALICIÓN PARTIDOS DE LA U - MIRA - COLOMBIA JUSTA LIBRES - ASI;12
SACHICA;Monica Yanneth Quiroga Castillo;PARTIDO CAMBIO RADICAL;12
SACHICA;Jorge Eliecer Cortes Martinez;PARTIDO LIBERAL COLOMBIANO;11
SACHICA;Carolina Del Pilar Rodriguez Contreras;PACTO HISTÓRICO;10
SACHICA;Cindy Yohana Bohorquez Garzon;PARTIDO CONSERVADOR COLOMBIANO;10
SACHICA;Guillermo Leonardo Sanchez Sanchez;PARTIDO CENTRO DEMOCRÁTICO;10
SACHICA;Mayra Alejandra Viancha Sanabria;PARTIDO LIBERAL COLOMBIANO;9
SACHICA;Laura Andrea Bello Porras;PARTIDO ALIANZA VERDE;8
SACHICA;Leidy Alejandra Moreno Sanchez;PACTO HISTÓRICO;8
SACHICA;Lupe Isabel Lopez Marquez;PARTIDO CAMBIO RADICAL;8
SACHICA;Pablo Mendoza Vargas;COALICIÓN PARTIDOS DE LA U - MIRA - COLOMBIA JUSTA LIBRES - ASI;8
SACHICA;Jose Dario Mahecha Castillo;PARTIDO CONSERVADOR COLOMBIANO;7
SACHICA;Mayda Cecilia Velasquez Rueda;PARTIDO LIBERAL COLOMBIANO;7
SACHICA;Oscar Leonardo Avila Romero;PARTIDO CAMBIO RADICAL;7
SACHICA;Wilder Ivan Suesca Ochoa;PARTIDO CONSERVADOR COLOMBIANO;6
SACHICA;Humphrey Roa Sarmiento;PARTIDO CONSERVADOR COLOMBIANO;4
SACHICA;Nidia Milena Torres Paez;PARTIDO CENTRO DEMOCRÁTICO;4
SACHICA;Partido Conservador Colombiano;PARTIDO CONSERVADOR COLOMBIANO;4
SACHICA;Partido Político Dignidad;PARTIDO POLÍTICO DIGNIDAD;4
SACHICA;Sandro Nestor Condia Perez;PARTIDO LIBERAL COLOMBIANO;4
SACHICA;Fernando Ríos Hidalgo;FERNANDO RÍOS HIDALGO;3
SACHICA;Jorge Arturo Mayorga Esguerra;COALICIÓN PARTIDOS DE LA U - MIRA - COLOMBIA JUSTA LIBRES - ASI;3
SACHICA;Luis Guillermo Barrera Gutierrez;PARTIDO CAMBIO RADICAL;3
SACHICA;Olga Natalie Manrique Abril;COALICIÓN PARTIDOS DE LA U - MIRA - COLOMBIA JUSTA LIBRES - ASI;3
SACHICA;Partido Nuevo Liberalismo;PARTIDO NUEVO LIBERALISMO;3
SACHICA;Ali Bantu Ashanti;C.C LA TOMA;2
SACHICA;Claudia Beatriz Duarte Acosta;PARTIDO NUEVO LIBERALISMO;2
SACHICA;Consejo Comunitario De Comunidades Negras De Campo  Hermoso;CONSEJO COMUNITARIO DE COMUNIDADES NEGRAS DE CAMPO HERMOSO;2
SACHICA;Ingrid Marlen Sogamoso Alfonso;PARTIDO CONSERVADOR COLOMBIANO;2
SACHICA;Karol Ricardo Ramirez Silva;PACTO HISTÓRICO;2
SACHICA;Olga Maria Chivata Vargas;PARTIDO NUEVO LIBERALISMO;2
SACHICA;Pablo Emilio Cepeda Novoa;PARTIDO CAMBIO RADICAL;2
SACHICA;Consejo Comunitario La Voz De Los Negros;CONSEJO COMUNITARIO LA VOZ DE LOS NEGROS;1
SACHICA;Jose Fernando Morales Acuña;PARTIDO CONSERVADOR COLOMBIANO;1
SACHICA;Movimiento De Salvación Nacional;MOVIMIENTO DE SALVACIÓN NACIONAL;1
SACHICA;Partido Cambio Radical;PARTIDO CAMBIO RADICAL;1
SACHICA;William Donato Gomez;PARTIDO CENTRO DEMOCRÁTICO;1
SAMACA;Wilson Castiblanco Gil;PARTIDO LIBERAL COLOMBIANO;2925
SAMACA;Jairo Enrique Castiblanco Parra;COALICIÓN PARTIDOS DE LA U - MIRA - COLOMBIA JUSTA LIBRES - ASI;2624
SAMACA;Jose Giovany Pinzon Baez;PACTO HISTÓRICO;198
SAMACA;Diana Carolina Suarez Muñoz;COALICIÓN PARTIDOS DE LA U - MIRA - COLOMBIA JUSTA LIBRES - ASI;162
SAMACA;Pedro Jose Suarez Vacca;PACTO HISTÓRICO;114
SAMACA;Jaime Raul Salamanca Torres;PARTIDO ALIANZA VERDE;103
SAMACA;Pacto Histórico;PACTO HISTÓRICO;103
SAMACA;Mayda Cecilia Velasquez Rueda;PARTIDO LIBERAL COLOMBIANO;100
SAMACA;German Tiberio Ojeda Pedraza;PARTIDO ALIANZA VERDE;96
SAMACA;Olga Yaneth Beltran Dorado;PARTIDO CENTRO DEMOCRÁTICO;81
SAMACA;Partido Liberal Colombiano;PARTIDO LIBERAL COLOMBIANO;76
SAMACA;Hector Angel Ortiz Nuñez;PARTIDO CENTRO DEMOCRÁTICO;57
SAMACA;Wilmer Yair Castellanos Hernandez;PARTIDO ALIANZA VERDE;55
SAMACA;Karen Lucia Molano Granados;PARTIDO ALIANZA VERDE;51
SAMACA;Monica Yanneth Quiroga Castillo;PARTIDO CAMBIO RADICAL;49
SAMACA;Coalición Partidos De La U - Mira - Colombia Justa  Libres - Asi;COALICIÓN PARTIDOS DE LA U - MIRA - COLOMBIA JUSTA LIBRES - ASI;48
SAMACA;Partido Alianza Verde;PARTIDO ALIANZA VERDE;40
SAMACA;Pablo Emilio Cepeda Novoa;PARTIDO CAMBIO RADICAL;36
SAMACA;Jorge Eliecer Cortes Martinez;PARTIDO LIBERAL COLOMBIANO;29
SAMACA;Jose Dario Mahecha Castillo;PARTIDO CONSERVADOR COLOMBIANO;24
SAMACA;William Fernando Granados;PARTIDO NUEVO LIBERALISMO;21
SAMACA;Leidy Alejandra Moreno Sanchez;PACTO HISTÓRICO;20
SAMACA;Cindy Yohana Bohorquez Garzon;PARTIDO CONSERVADOR COLOMBIANO;19
SAMACA;Laura Andrea Bello Porras;PARTIDO ALIANZA VERDE;19
SAMACA;Jonatan Sanchez Garavito;PARTIDO CAMBIO RADICAL;18
SAMACA;Maryory Catherin Ortiz Alvarez;PACTO HISTÓRICO;18
SAMACA;Wilder Ivan Suesca Ochoa;PARTIDO CONSERVADOR COLOMBIANO;18
SAMACA;Eduar Alexis Triana Rincon;PARTIDO CENTRO DEMOCRÁTICO;17
SAMACA;Hector David Chaparro Chaparro;PARTIDO LIBERAL COLOMBIANO;17
SAMACA;Humphrey Roa Sarmiento;PARTIDO CONSERVADOR COLOMBIANO;17
SAMACA;Luis Alejandro Gutierrez Sanabria;PARTIDO ALIANZA VERDE;17
SAMACA;Sandro Nestor Condia Perez;PARTIDO LIBERAL COLOMBIANO;13
SAMACA;Pablo Mendoza Vargas;COALICIÓN PARTIDOS DE LA U - MIRA - COLOMBIA JUSTA LIBRES - ASI;12
SAMACA;Partido Conservador Colombiano;PARTIDO CONSERVADOR COLOMBIANO;12
SAMACA;Jorge Arturo Mayorga Esguerra;COALICIÓN PARTIDOS DE LA U - MIRA - COLOMBIA JUSTA LIBRES - ASI;11
SAMACA;Ingrid Marlen Sogamoso Alfonso;PARTIDO CONSERVADOR COLOMBIANO;10
SAMACA;Mayra Alejandra Viancha Sanabria;PARTIDO LIBERAL COLOMBIANO;10
SAMACA;Partido Centro Democrático;PARTIDO CENTRO DEMOCRÁTICO;10
SAMACA;Jorge Ivan Amarillo Giraldo;COALICIÓN PARTIDOS DE LA U - MIRA - COLOMBIA JUSTA LIBRES - ASI;9
SAMACA;Karol Ricardo Ramirez Silva;PACTO HISTÓRICO;9
SAMACA;Oscar Leonardo Avila Romero;PARTIDO CAMBIO RADICAL;8
SAMACA;Partido Cambio Radical;PARTIDO CAMBIO RADICAL;7
SAMACA;Partido Nuevo Liberalismo;PARTIDO NUEVO LIBERALISMO;7
SAMACA;Carolina Del Pilar Rodriguez Contreras;PACTO HISTÓRICO;6
SAMACA;Henry De Jesus Puerto Vasquez;PARTIDO NUEVO LIBERALISMO;6
SAMACA;Olga Maria Chivata Vargas;PARTIDO NUEVO LIBERALISMO;6
SAMACA;Guillermo Leonardo Sanchez Sanchez;PARTIDO CENTRO DEMOCRÁTICO;5
SAMACA;William Donato Gomez;PARTIDO CENTRO DEMOCRÁTICO;5
SAMACA;Movimiento De Salvación Nacional;MOVIMIENTO DE SALVACIÓN NACIONAL;4
SAMACA;Olga Natalie Manrique Abril;COALICIÓN PARTIDOS DE LA U - MIRA - COLOMBIA JUSTA LIBRES - ASI;4
SAMACA;Partido Político Dignidad;PARTIDO POLÍTICO DIGNIDAD;4
SAMACA;Claudia Beatriz Duarte Acosta;PARTIDO NUEVO LIBERALISMO;3
SAMACA;Jose Fernando Morales Acuña;PARTIDO CONSERVADOR COLOMBIANO;3
SAMACA;Lupe Isabel Lopez Marquez;PARTIDO CAMBIO RADICAL;3
SAMACA;Luis Guillermo Barrera Gutierrez;PARTIDO CAMBIO RADICAL;2
SAMACA;Norman David Bañol Alvarez;"MOVIMIENTO ALTERNATIVO INDÍGENA SOCIAL ""MAIS""";2
SAMACA;Ariel Rosebel Palacios Angulo;C.C LA TOMA;1
SAMACA;Consejo Comunitario De Comunidades Negras De Guaya Bal;CONSEJO COMUNITARIO DE COMUNIDADES NEGRAS DE GUAYABAL;1
SAMACA;Movimiento Alianza Democrática Amplia;MOVIMIENTO ALIANZA DEMOCRÁTICA AMPLIA;1
SAMACA;Nidia Milena Torres Paez;PARTIDO CENTRO DEMOCRÁTICO;1
SAMACA;Partido Indígena Colombiano P.I.C;PARTIDO INDÍGENA COLOMBIANO P.I.C;1
SAN EDUARDO;Wilmer Yair Castellanos Hernandez;PARTIDO ALIANZA VERDE;170
SAN EDUARDO;Guillermo Leonardo Sanchez Sanchez;PARTIDO CENTRO DEMOCRÁTICO;90
SAN EDUARDO;Jose Giovany Pinzon Baez;PACTO HISTÓRICO;46
SAN EDUARDO;Hector David Chaparro Chaparro;PARTIDO LIBERAL COLOMBIANO;43
SAN EDUARDO;Jairo Enrique Castiblanco Parra;COALICIÓN PARTIDOS DE LA U - MIRA - COLOMBIA JUSTA LIBRES - ASI;21
SAN EDUARDO;Pacto Histórico;PACTO HISTÓRICO;21
SAN EDUARDO;Partido Alianza Verde;PARTIDO ALIANZA VERDE;21
SAN EDUARDO;Jaime Raul Salamanca Torres;PARTIDO ALIANZA VERDE;15
SAN EDUARDO;Jonatan Sanchez Garavito;PARTIDO CAMBIO RADICAL;15
SAN EDUARDO;Jorge Eliecer Cortes Martinez;PARTIDO LIBERAL COLOMBIANO;14
SAN EDUARDO;Oscar Leonardo Avila Romero;PARTIDO CAMBIO RADICAL;14
SAN EDUARDO;Luis Alejandro Gutierrez Sanabria;PARTIDO ALIANZA VERDE;13
SAN EDUARDO;Pedro Jose Suarez Vacca;PACTO HISTÓRICO;11
SAN EDUARDO;Hector Angel Ortiz Nuñez;PARTIDO CENTRO DEMOCRÁTICO;9
SAN EDUARDO;Karen Lucia Molano Granados;PARTIDO ALIANZA VERDE;8
SAN EDUARDO;Sandro Nestor Condia Perez;PARTIDO LIBERAL COLOMBIANO;8
SAN EDUARDO;Wilder Ivan Suesca Ochoa;PARTIDO CONSERVADOR COLOMBIANO;8
SAN EDUARDO;Luis Guillermo Barrera Gutierrez;PARTIDO CAMBIO RADICAL;7
SAN EDUARDO;Humphrey Roa Sarmiento;PARTIDO CONSERVADOR COLOMBIANO;6
SAN EDUARDO;Karol Ricardo Ramirez Silva;PACTO HISTÓRICO;6
SAN EDUARDO;Eduar Alexis Triana Rincon;PARTIDO CENTRO DEMOCRÁTICO;5
SAN EDUARDO;German Tiberio Ojeda Pedraza;PARTIDO ALIANZA VERDE;5
SAN EDUARDO;Laura Andrea Bello Porras;PARTIDO ALIANZA VERDE;5
SAN EDUARDO;Carolina Del Pilar Rodriguez Contreras;PACTO HISTÓRICO;4
SAN EDUARDO;Leidy Alejandra Moreno Sanchez;PACTO HISTÓRICO;4
SAN EDUARDO;Pablo Emilio Cepeda Novoa;PARTIDO CAMBIO RADICAL;4
SAN EDUARDO;Partido Cambio Radical;PARTIDO CAMBIO RADICAL;4
SAN EDUARDO;Partido Centro Democrático;PARTIDO CENTRO DEMOCRÁTICO;4
SAN EDUARDO;Coalición Partidos De La U - Mira - Colombia Justa  Libres - Asi;COALICIÓN PARTIDOS DE LA U - MIRA - COLOMBIA JUSTA LIBRES - ASI;3
SAN EDUARDO;Jorge Ivan Amarillo Giraldo;COALICIÓN PARTIDOS DE LA U - MIRA - COLOMBIA JUSTA LIBRES - ASI;3
SAN EDUARDO;Lupe Isabel Lopez Marquez;PARTIDO CAMBIO RADICAL;3
SAN EDUARDO;Maryory Catherin Ortiz Alvarez;PACTO HISTÓRICO;3
SAN EDUARDO;Movimiento De Salvación Nacional;MOVIMIENTO DE SALVACIÓN NACIONAL;3
SAN EDUARDO;Nidia Milena Torres Paez;PARTIDO CENTRO DEMOCRÁTICO;3
SAN EDUARDO;Olga Yaneth Beltran Dorado;PARTIDO CENTRO DEMOCRÁTICO;3
SAN EDUARDO;Partido Liberal Colombiano;PARTIDO LIBERAL COLOMBIANO;3
SAN EDUARDO;Diana Carolina Suarez Muñoz;COALICIÓN PARTIDOS DE LA U - MIRA - COLOMBIA JUSTA LIBRES - ASI;2
SAN EDUARDO;Mayra Alejandra Viancha Sanabria;PARTIDO LIBERAL COLOMBIANO;2
SAN EDUARDO;William Donato Gomez;PARTIDO CENTRO DEMOCRÁTICO;2
SAN EDUARDO;Ingrid Marlen Sogamoso Alfonso;PARTIDO CONSERVADOR COLOMBIANO;1
SAN EDUARDO;Jose Dario Mahecha Castillo;PARTIDO CONSERVADOR COLOMBIANO;1
SAN EDUARDO;Mayda Cecilia Velasquez Rueda;PARTIDO LIBERAL COLOMBIANO;1
SAN EDUARDO;Monica Yanneth Quiroga Castillo;PARTIDO CAMBIO RADICAL;1
SAN EDUARDO;Olga Maria Chivata Vargas;PARTIDO NUEVO LIBERALISMO;1
SAN EDUARDO;Olga Natalie Manrique Abril;COALICIÓN PARTIDOS DE LA U - MIRA - COLOMBIA JUSTA LIBRES - ASI;1
SAN EDUARDO;Partido Conservador Colombiano;PARTIDO CONSERVADOR COLOMBIANO;1
SAN EDUARDO;Pedro Adan Torres Perez;PALENQUE DE LA VEREDA LAS TRECIENTAS Y DEL MUNICIPIO DE GALAPA;1
SAN EDUARDO;Raymond Smith Palomeque Pino;CONSEJO COMUNITARIO MAYOR DE CERTEGUI;1
SAN EDUARDO;William Fernando Granados;PARTIDO NUEVO LIBERALISMO;1
SAN JOSE DE PARE;Jaime Raul Salamanca Torres;PARTIDO ALIANZA VERDE;466
SAN JOSE DE PARE;Hector David Chaparro Chaparro;PARTIDO LIBERAL COLOMBIANO;226
SAN JOSE DE PARE;Guillermo Leonardo Sanchez Sanchez;PARTIDO CENTRO DEMOCRÁTICO;119
SAN JOSE DE PARE;Wilmer Yair Castellanos Hernandez;PARTIDO ALIANZA VERDE;107
SAN JOSE DE PARE;Jose Giovany Pinzon Baez;PACTO HISTÓRICO;94
SAN JOSE DE PARE;Eduar Alexis Triana Rincon;PARTIDO CENTRO DEMOCRÁTICO;73
SAN JOSE DE PARE;Jairo Enrique Castiblanco Parra;COALICIÓN PARTIDOS DE LA U - MIRA - COLOMBIA JUSTA LIBRES - ASI;68
SAN JOSE DE PARE;Hector Angel Ortiz Nuñez;PARTIDO CENTRO DEMOCRÁTICO;67
SAN JOSE DE PARE;Humphrey Roa Sarmiento;PARTIDO CONSERVADOR COLOMBIANO;65
SAN JOSE DE PARE;Partido Alianza Verde;PARTIDO ALIANZA VERDE;54
SAN JOSE DE PARE;Jonatan Sanchez Garavito;PARTIDO CAMBIO RADICAL;49
SAN JOSE DE PARE;Olga Yaneth Beltran Dorado;PARTIDO CENTRO DEMOCRÁTICO;43
SAN JOSE DE PARE;German Tiberio Ojeda Pedraza;PARTIDO ALIANZA VERDE;34
SAN JOSE DE PARE;Karen Lucia Molano Granados;PARTIDO ALIANZA VERDE;33
SAN JOSE DE PARE;Partido Centro Democrático;PARTIDO CENTRO DEMOCRÁTICO;25
SAN JOSE DE PARE;Wilson Castiblanco Gil;PARTIDO LIBERAL COLOMBIANO;22
SAN JOSE DE PARE;Pacto Histórico;PACTO HISTÓRICO;19
SAN JOSE DE PARE;Mayda Cecilia Velasquez Rueda;PARTIDO LIBERAL COLOMBIANO;18
SAN JOSE DE PARE;Nidia Milena Torres Paez;PARTIDO CENTRO DEMOCRÁTICO;18
SAN JOSE DE PARE;Pedro Jose Suarez Vacca;PACTO HISTÓRICO;18
SAN JOSE DE PARE;Maryory Catherin Ortiz Alvarez;PACTO HISTÓRICO;15
SAN JOSE DE PARE;Partido Liberal Colombiano;PARTIDO LIBERAL COLOMBIANO;15
SAN JOSE DE PARE;Luis Guillermo Barrera Gutierrez;PARTIDO CAMBIO RADICAL;13
SAN JOSE DE PARE;Wilder Ivan Suesca Ochoa;PARTIDO CONSERVADOR COLOMBIANO;12
SAN JOSE DE PARE;Ingrid Marlen Sogamoso Alfonso;PARTIDO CONSERVADOR COLOMBIANO;11
SAN JOSE DE PARE;Jose Dario Mahecha Castillo;PARTIDO CONSERVADOR COLOMBIANO;9
SAN JOSE DE PARE;Cindy Yohana Bohorquez Garzon;PARTIDO CONSERVADOR COLOMBIANO;8
SAN JOSE DE PARE;Laura Andrea Bello Porras;PARTIDO ALIANZA VERDE;8
SAN JOSE DE PARE;Partido Nuevo Liberalismo;PARTIDO NUEVO LIBERALISMO;8
SAN JOSE DE PARE;Oscar Leonardo Avila Romero;PARTIDO CAMBIO RADICAL;7
SAN JOSE DE PARE;Monica Yanneth Quiroga Castillo;PARTIDO CAMBIO RADICAL;6
SAN JOSE DE PARE;Sandro Nestor Condia Perez;PARTIDO LIBERAL COLOMBIANO;6
SAN JOSE DE PARE;Carolina Del Pilar Rodriguez Contreras;PACTO HISTÓRICO;5
SAN JOSE DE PARE;Coalición Partidos De La U - Mira - Colombia Justa  Libres - Asi;COALICIÓN PARTIDOS DE LA U - MIRA - COLOMBIA JUSTA LIBRES - ASI;5
SAN JOSE DE PARE;Jorge Eliecer Cortes Martinez;PARTIDO LIBERAL COLOMBIANO;5
SAN JOSE DE PARE;Luis Alejandro Gutierrez Sanabria;PARTIDO ALIANZA VERDE;5
SAN JOSE DE PARE;Pablo Emilio Cepeda Novoa;PARTIDO CAMBIO RADICAL;5
SAN JOSE DE PARE;Partido Cambio Radical;PARTIDO CAMBIO RADICAL;5
SAN JOSE DE PARE;Jorge Ivan Mina Lasso;CONSEJO COMUNITARIO MANUEL ZAPATA OLIVELLA DE SAN ANTERO;4
SAN JOSE DE PARE;Leidy Alejandra Moreno Sanchez;PACTO HISTÓRICO;4
SAN JOSE DE PARE;Mayra Alejandra Viancha Sanabria;PARTIDO LIBERAL COLOMBIANO;4
SAN JOSE DE PARE;Diana Carolina Suarez Muñoz;COALICIÓN PARTIDOS DE LA U - MIRA - COLOMBIA JUSTA LIBRES - ASI;3
SAN JOSE DE PARE;Karol Ricardo Ramirez Silva;PACTO HISTÓRICO;3
SAN JOSE DE PARE;Lupe Isabel Lopez Marquez;PARTIDO CAMBIO RADICAL;3
SAN JOSE DE PARE;Movimiento De Salvación Nacional;MOVIMIENTO DE SALVACIÓN NACIONAL;3
SAN JOSE DE PARE;Partido Conservador Colombiano;PARTIDO CONSERVADOR COLOMBIANO;3
SAN JOSE DE PARE;Jorge Ivan Amarillo Giraldo;COALICIÓN PARTIDOS DE LA U - MIRA - COLOMBIA JUSTA LIBRES - ASI;2
SAN JOSE DE PARE;Partido Político Dignidad;PARTIDO POLÍTICO DIGNIDAD;2
SAN JOSE DE PARE;William Donato Gomez;PARTIDO CENTRO DEMOCRÁTICO;2
SAN JOSE DE PARE;Claudia Beatriz Duarte Acosta;PARTIDO NUEVO LIBERALISMO;1
SAN JOSE DE PARE;Consejo Mayor Condoto Iró;CONSEJO MAYOR CONDOTO IRÓ;1
SAN JOSE DE PARE;Didier Angulo Angulo;FUNDACIÓN PARA EL DESARROLLO SOCIAL DE COMUNIDADES NEGRAS;1
SAN JOSE DE PARE;Fernando Ríos Hidalgo;FERNANDO RÍOS HIDALGO;1
SAN JOSE DE PARE;Henry De Jesus Puerto Vasquez;PARTIDO NUEVO LIBERALISMO;1
SAN JOSE DE PARE;Jorge Humberto Cleves Rodriguez;"MOVIMIENTO AUTORIDADES INDÍGENAS DE COLOMBIA ""AICO""";1
SAN JOSE DE PARE;"Movimiento Alternativo Indígena Social ""Mais""";"MOVIMIENTO ALTERNATIVO INDÍGENA SOCIAL ""MAIS""";1
SAN JOSE DE PARE;Olga Natalie Manrique Abril;COALICIÓN PARTIDOS DE LA U - MIRA - COLOMBIA JUSTA LIBRES - ASI;1
SAN JOSE DE PARE;William Fernando Granados;PARTIDO NUEVO LIBERALISMO;1
SAN LUIS DE GACENO;Ingrid Marlen Sogamoso Alfonso;PARTIDO CONSERVADOR COLOMBIANO;295
SAN LUIS DE GACENO;Hector Angel Ortiz Nuñez;PARTIDO CENTRO DEMOCRÁTICO;186
SAN LUIS DE GACENO;Jairo Enrique Castiblanco Parra;COALICIÓN PARTIDOS DE LA U - MIRA - COLOMBIA JUSTA LIBRES - ASI;131
SAN LUIS DE GACENO;Hector David Chaparro Chaparro;PARTIDO LIBERAL COLOMBIANO;103
SAN LUIS DE GACENO;Jonatan Sanchez Garavito;PARTIDO CAMBIO RADICAL;84
SAN LUIS DE GACENO;Wilder Ivan Suesca Ochoa;PARTIDO CONSERVADOR COLOMBIANO;70
SAN LUIS DE GACENO;Jaime Raul Salamanca Torres;PARTIDO ALIANZA VERDE;60
SAN LUIS DE GACENO;Eduar Alexis Triana Rincon;PARTIDO CENTRO DEMOCRÁTICO;59
SAN LUIS DE GACENO;Pablo Emilio Cepeda Novoa;PARTIDO CAMBIO RADICAL;45
SAN LUIS DE GACENO;Wilson Castiblanco Gil;PARTIDO LIBERAL COLOMBIANO;40
SAN LUIS DE GACENO;Oscar Leonardo Avila Romero;PARTIDO CAMBIO RADICAL;36
SAN LUIS DE GACENO;Pacto Histórico;PACTO HISTÓRICO;31
SAN LUIS DE GACENO;Jose Giovany Pinzon Baez;PACTO HISTÓRICO;30
SAN LUIS DE GACENO;William Donato Gomez;PARTIDO CENTRO DEMOCRÁTICO;29
SAN LUIS DE GACENO;Humphrey Roa Sarmiento;PARTIDO CONSERVADOR COLOMBIANO;26
SAN LUIS DE GACENO;Cindy Yohana Bohorquez Garzon;PARTIDO CONSERVADOR COLOMBIANO;24
SAN LUIS DE GACENO;Jorge Eliecer Cortes Martinez;PARTIDO LIBERAL COLOMBIANO;24
SAN LUIS DE GACENO;Partido Centro Democrático;PARTIDO CENTRO DEMOCRÁTICO;24
SAN LUIS DE GACENO;Pedro Jose Suarez Vacca;PACTO HISTÓRICO;24
SAN LUIS DE GACENO;Wilmer Yair Castellanos Hernandez;PARTIDO ALIANZA VERDE;24
SAN LUIS DE GACENO;Jose Dario Mahecha Castillo;PARTIDO CONSERVADOR COLOMBIANO;23
SAN LUIS DE GACENO;Olga Yaneth Beltran Dorado;PARTIDO CENTRO DEMOCRÁTICO;21
SAN LUIS DE GACENO;Partido Conservador Colombiano;PARTIDO CONSERVADOR COLOMBIANO;18
SAN LUIS DE GACENO;Luis Guillermo Barrera Gutierrez;PARTIDO CAMBIO RADICAL;16
SAN LUIS DE GACENO;Partido Liberal Colombiano;PARTIDO LIBERAL COLOMBIANO;16
SAN LUIS DE GACENO;Diana Carolina Suarez Muñoz;COALICIÓN PARTIDOS DE LA U - MIRA - COLOMBIA JUSTA LIBRES - ASI;15
SAN LUIS DE GACENO;Pablo Mendoza Vargas;COALICIÓN PARTIDOS DE LA U - MIRA - COLOMBIA JUSTA LIBRES - ASI;15
SAN LUIS DE GACENO;German Tiberio Ojeda Pedraza;PARTIDO ALIANZA VERDE;13
SAN LUIS DE GACENO;Jorge Arturo Mayorga Esguerra;COALICIÓN PARTIDOS DE LA U - MIRA - COLOMBIA JUSTA LIBRES - ASI;13
SAN LUIS DE GACENO;Luis Alejandro Gutierrez Sanabria;PARTIDO ALIANZA VERDE;9
SAN LUIS DE GACENO;Mayda Cecilia Velasquez Rueda;PARTIDO LIBERAL COLOMBIANO;9
SAN LUIS DE GACENO;Partido Alianza Verde;PARTIDO ALIANZA VERDE;9
SAN LUIS DE GACENO;Monica Yanneth Quiroga Castillo;PARTIDO CAMBIO RADICAL;8
SAN LUIS DE GACENO;Olga Natalie Manrique Abril;COALICIÓN PARTIDOS DE LA U - MIRA - COLOMBIA JUSTA LIBRES - ASI;8
SAN LUIS DE GACENO;Nidia Milena Torres Paez;PARTIDO CENTRO DEMOCRÁTICO;7
SAN LUIS DE GACENO;Carolina Del Pilar Rodriguez Contreras;PACTO HISTÓRICO;6
SAN LUIS DE GACENO;Coalición Partidos De La U - Mira - Colombia Justa  Libres - Asi;COALICIÓN PARTIDOS DE LA U - MIRA - COLOMBIA JUSTA LIBRES - ASI;6
SAN LUIS DE GACENO;Guillermo Leonardo Sanchez Sanchez;PARTIDO CENTRO DEMOCRÁTICO;6
SAN LUIS DE GACENO;Partido Cambio Radical;PARTIDO CAMBIO RADICAL;6
SAN LUIS DE GACENO;Karol Ricardo Ramirez Silva;PACTO HISTÓRICO;5
SAN LUIS DE GACENO;Maryory Catherin Ortiz Alvarez;PACTO HISTÓRICO;5
SAN LUIS DE GACENO;Olga Maria Chivata Vargas;PARTIDO NUEVO LIBERALISMO;5
SAN LUIS DE GACENO;Jose Fernando Morales Acuña;PARTIDO CONSERVADOR COLOMBIANO;4
SAN LUIS DE GACENO;Partido Nuevo Liberalismo;PARTIDO NUEVO LIBERALISMO;4
SAN LUIS DE GACENO;Jorge Ivan Amarillo Giraldo;COALICIÓN PARTIDOS DE LA U - MIRA - COLOMBIA JUSTA LIBRES - ASI;3
SAN LUIS DE GACENO;Karen Lucia Molano Granados;PARTIDO ALIANZA VERDE;3
SAN LUIS DE GACENO;Mayra Alejandra Viancha Sanabria;PARTIDO LIBERAL COLOMBIANO;3
SAN LUIS DE GACENO;Jorge Ivan Mina Lasso;CONSEJO COMUNITARIO MANUEL ZAPATA OLIVELLA DE SAN ANTERO;2
SAN LUIS DE GACENO;Leidy Alejandra Moreno Sanchez;PACTO HISTÓRICO;2
SAN LUIS DE GACENO;Lupe Isabel Lopez Marquez;PARTIDO CAMBIO RADICAL;2
SAN LUIS DE GACENO;Movimiento De Salvación Nacional;MOVIMIENTO DE SALVACIÓN NACIONAL;2
SAN LUIS DE GACENO;Sandro Nestor Condia Perez;PARTIDO LIBERAL COLOMBIANO;2
SAN LUIS DE GACENO;Claudia Beatriz Duarte Acosta;PARTIDO NUEVO LIBERALISMO;1
SAN LUIS DE GACENO;Consejo Comunitario Bocas De Taparal;CONSEJO COMUNITARIO BOCAS DE TAPARAL;1
SAN LUIS DE GACENO;Consejo Comunitario De Flamenco - Municipio De Mar Ía La Baja;CONSEJO COMUNITARIO DE FLAMENCO - MUNICIPIO DE MARÍA LA BAJA;1
SAN LUIS DE GACENO;Edison Enrique Massa Samper;PALENQUE DE LA VEREDA LAS TRECIENTAS Y DEL MUNICIPIO DE GALAPA;1
SAN LUIS DE GACENO;Laura Andrea Bello Porras;PARTIDO ALIANZA VERDE;1
SAN LUIS DE GACENO;Norman David Bañol Alvarez;"MOVIMIENTO ALTERNATIVO INDÍGENA SOCIAL ""MAIS""";1
SAN LUIS DE GACENO;Otto Adel Medina Monterrosa;CONSEJO COMUNITARIO DE FLAMENCO - MUNICIPIO DE MARÍA LA BAJA;1
SAN LUIS DE GACENO;Raymond Smith Palomeque Pino;CONSEJO COMUNITARIO MAYOR DE CERTEGUI;1
SAN LUIS DE GACENO;Salomon Rafael Ruiz Bertel;CABILDO INDÍGENA AYWJAWASHI;1
SAN LUIS DE GACENO;William Fernando Granados;PARTIDO NUEVO LIBERALISMO;1
SAN MATEO;Oscar Leonardo Avila Romero;PARTIDO CAMBIO RADICAL;180
SAN MATEO;Eduar Alexis Triana Rincon;PARTIDO CENTRO DEMOCRÁTICO;162
SAN MATEO;Ingrid Marlen Sogamoso Alfonso;PARTIDO CONSERVADOR COLOMBIANO;162
SAN MATEO;Jaime Raul Salamanca Torres;PARTIDO ALIANZA VERDE;111
SAN MATEO;Guillermo Leonardo Sanchez Sanchez;PARTIDO CENTRO DEMOCRÁTICO;108
SAN MATEO;Wilmer Yair Castellanos Hernandez;PARTIDO ALIANZA VERDE;96
SAN MATEO;Hector Angel Ortiz Nuñez;PARTIDO CENTRO DEMOCRÁTICO;67
SAN MATEO;Wilder Ivan Suesca Ochoa;PARTIDO CONSERVADOR COLOMBIANO;42
SAN MATEO;Luis Alejandro Gutierrez Sanabria;PARTIDO ALIANZA VERDE;25
SAN MATEO;Partido Centro Democrático;PARTIDO CENTRO DEMOCRÁTICO;25
SAN MATEO;Jonatan Sanchez Garavito;PARTIDO CAMBIO RADICAL;24
SAN MATEO;Humphrey Roa Sarmiento;PARTIDO CONSERVADOR COLOMBIANO;23
SAN MATEO;German Tiberio Ojeda Pedraza;PARTIDO ALIANZA VERDE;22
SAN MATEO;Partido Alianza Verde;PARTIDO ALIANZA VERDE;21
SAN MATEO;Hector David Chaparro Chaparro;PARTIDO LIBERAL COLOMBIANO;20
SAN MATEO;William Donato Gomez;PARTIDO CENTRO DEMOCRÁTICO;20
SAN MATEO;Monica Yanneth Quiroga Castillo;PARTIDO CAMBIO RADICAL;18
SAN MATEO;Olga Yaneth Beltran Dorado;PARTIDO CENTRO DEMOCRÁTICO;18
SAN MATEO;Jairo Enrique Castiblanco Parra;COALICIÓN PARTIDOS DE LA U - MIRA - COLOMBIA JUSTA LIBRES - ASI;17
SAN MATEO;Lupe Isabel Lopez Marquez;PARTIDO CAMBIO RADICAL;17
SAN MATEO;Partido Cambio Radical;PARTIDO CAMBIO RADICAL;17
SAN MATEO;Cindy Yohana Bohorquez Garzon;PARTIDO CONSERVADOR COLOMBIANO;16
SAN MATEO;Jorge Eliecer Cortes Martinez;PARTIDO LIBERAL COLOMBIANO;14
SAN MATEO;Jose Giovany Pinzon Baez;PACTO HISTÓRICO;12
SAN MATEO;Luis Guillermo Barrera Gutierrez;PARTIDO CAMBIO RADICAL;12
SAN MATEO;Partido Conservador Colombiano;PARTIDO CONSERVADOR COLOMBIANO;12
SAN MATEO;Jose Fernando Morales Acuña;PARTIDO CONSERVADOR COLOMBIANO;11
SAN MATEO;Jose Dario Mahecha Castillo;PARTIDO CONSERVADOR COLOMBIANO;9
SAN MATEO;Karen Lucia Molano Granados;PARTIDO ALIANZA VERDE;9
SAN MATEO;Pedro Jose Suarez Vacca;PACTO HISTÓRICO;9
SAN MATEO;Wilson Castiblanco Gil;PARTIDO LIBERAL COLOMBIANO;9
SAN MATEO;Laura Andrea Bello Porras;PARTIDO ALIANZA VERDE;7
SAN MATEO;Maryory Catherin Ortiz Alvarez;PACTO HISTÓRICO;7
SAN MATEO;Jorge Ivan Amarillo Giraldo;COALICIÓN PARTIDOS DE LA U - MIRA - COLOMBIA JUSTA LIBRES - ASI;6
SAN MATEO;Nidia Milena Torres Paez;PARTIDO CENTRO DEMOCRÁTICO;5
SAN MATEO;Pablo Emilio Cepeda Novoa;PARTIDO CAMBIO RADICAL;5
SAN MATEO;Pacto Histórico;PACTO HISTÓRICO;5
SAN MATEO;Partido Político Dignidad;PARTIDO POLÍTICO DIGNIDAD;5
SAN MATEO;Carolina Del Pilar Rodriguez Contreras;PACTO HISTÓRICO;4
SAN MATEO;Karol Ricardo Ramirez Silva;PACTO HISTÓRICO;4
SAN MATEO;Diana Carolina Suarez Muñoz;COALICIÓN PARTIDOS DE LA U - MIRA - COLOMBIA JUSTA LIBRES - ASI;3
SAN MATEO;Leidy Alejandra Moreno Sanchez;PACTO HISTÓRICO;3
SAN MATEO;Mayda Cecilia Velasquez Rueda;PARTIDO LIBERAL COLOMBIANO;3
SAN MATEO;Olga Maria Chivata Vargas;PARTIDO NUEVO LIBERALISMO;3
SAN MATEO;Claudia Beatriz Duarte Acosta;PARTIDO NUEVO LIBERALISMO;2
SAN MATEO;Coalición Partidos De La U - Mira - Colombia Justa  Libres - Asi;COALICIÓN PARTIDOS DE LA U - MIRA - COLOMBIA JUSTA LIBRES - ASI;2
SAN MATEO;Partido Liberal Colombiano;PARTIDO LIBERAL COLOMBIANO;2
SAN MATEO;Partido Nuevo Liberalismo;PARTIDO NUEVO LIBERALISMO;2
SAN MATEO;William Fernando Granados;PARTIDO NUEVO LIBERALISMO;2
SAN MATEO;Ali Bantu Ashanti;C.C LA TOMA;1
SAN MATEO;Ariel Rosebel Palacios Angulo;C.C LA TOMA;1
SAN MATEO;Henry De Jesus Puerto Vasquez;PARTIDO NUEVO LIBERALISMO;1
SAN MATEO;Idalmy Minotta Teran;C.C LA TOMA;1
SAN MATEO;Jorge Arturo Mayorga Esguerra;COALICIÓN PARTIDOS DE LA U - MIRA - COLOMBIA JUSTA LIBRES - ASI;1
SAN MATEO;Movimiento De Salvación Nacional;MOVIMIENTO DE SALVACIÓN NACIONAL;1
SAN MATEO;Pablo Mendoza Vargas;COALICIÓN PARTIDOS DE LA U - MIRA - COLOMBIA JUSTA LIBRES - ASI;1
SAN MATEO;Sandro Nestor Condia Perez;PARTIDO LIBERAL COLOMBIANO;1
SAN MIGUEL DE SEMA;Hector David Chaparro Chaparro;PARTIDO LIBERAL COLOMBIANO;133
SAN MIGUEL DE SEMA;Wilmer Yair Castellanos Hernandez;PARTIDO ALIANZA VERDE;110
SAN MIGUEL DE SEMA;Eduar Alexis Triana Rincon;PARTIDO CENTRO DEMOCRÁTICO;65
SAN MIGUEL DE SEMA;Ingrid Marlen Sogamoso Alfonso;PARTIDO CONSERVADOR COLOMBIANO;64
SAN MIGUEL DE SEMA;Jaime Raul Salamanca Torres;PARTIDO ALIANZA VERDE;54
SAN MIGUEL DE SEMA;Jonatan Sanchez Garavito;PARTIDO CAMBIO RADICAL;46
SAN MIGUEL DE SEMA;Jairo Enrique Castiblanco Parra;COALICIÓN PARTIDOS DE LA U - MIRA - COLOMBIA JUSTA LIBRES - ASI;37
SAN MIGUEL DE SEMA;Pacto Histórico;PACTO HISTÓRICO;23
SAN MIGUEL DE SEMA;Partido Liberal Colombiano;PARTIDO LIBERAL COLOMBIANO;23
SAN MIGUEL DE SEMA;Hector Angel Ortiz Nuñez;PARTIDO CENTRO DEMOCRÁTICO;22
SAN MIGUEL DE SEMA;Jose Giovany Pinzon Baez;PACTO HISTÓRICO;22
SAN MIGUEL DE SEMA;Partido Alianza Verde;PARTIDO ALIANZA VERDE;22
SAN MIGUEL DE SEMA;Partido Conservador Colombiano;PARTIDO CONSERVADOR COLOMBIANO;22
SAN MIGUEL DE SEMA;Cindy Yohana Bohorquez Garzon;PARTIDO CONSERVADOR COLOMBIANO;16
SAN MIGUEL DE SEMA;Pedro Jose Suarez Vacca;PACTO HISTÓRICO;15
SAN MIGUEL DE SEMA;Olga Yaneth Beltran Dorado;PARTIDO CENTRO DEMOCRÁTICO;14
SAN MIGUEL DE SEMA;Guillermo Leonardo Sanchez Sanchez;PARTIDO CENTRO DEMOCRÁTICO;13
SAN MIGUEL DE SEMA;Karen Lucia Molano Granados;PARTIDO ALIANZA VERDE;12
SAN MIGUEL DE SEMA;Luis Alejandro Gutierrez Sanabria;PARTIDO ALIANZA VERDE;12
SAN MIGUEL DE SEMA;William Donato Gomez;PARTIDO CENTRO DEMOCRÁTICO;11
SAN MIGUEL DE SEMA;German Tiberio Ojeda Pedraza;PARTIDO ALIANZA VERDE;10
SAN MIGUEL DE SEMA;Partido Centro Democrático;PARTIDO CENTRO DEMOCRÁTICO;10
SAN MIGUEL DE SEMA;Wilson Castiblanco Gil;PARTIDO LIBERAL COLOMBIANO;9
SAN MIGUEL DE SEMA;Jose Dario Mahecha Castillo;PARTIDO CONSERVADOR COLOMBIANO;8
SAN MIGUEL DE SEMA;Laura Andrea Bello Porras;PARTIDO ALIANZA VERDE;8
SAN MIGUEL DE SEMA;Diana Carolina Suarez Muñoz;COALICIÓN PARTIDOS DE LA U - MIRA - COLOMBIA JUSTA LIBRES - ASI;7
SAN MIGUEL DE SEMA;Pablo Emilio Cepeda Novoa;PARTIDO CAMBIO RADICAL;7
SAN MIGUEL DE SEMA;Wilder Ivan Suesca Ochoa;PARTIDO CONSERVADOR COLOMBIANO;7
SAN MIGUEL DE SEMA;Coalición Partidos De La U - Mira - Colombia Justa  Libres - Asi;COALICIÓN PARTIDOS DE LA U - MIRA - COLOMBIA JUSTA LIBRES - ASI;6
SAN MIGUEL DE SEMA;Humphrey Roa Sarmiento;PARTIDO CONSERVADOR COLOMBIANO;6
SAN MIGUEL DE SEMA;Olga Maria Chivata Vargas;PARTIDO NUEVO LIBERALISMO;6
SAN MIGUEL DE SEMA;Oscar Leonardo Avila Romero;PARTIDO CAMBIO RADICAL;6
SAN MIGUEL DE SEMA;Jorge Ivan Amarillo Giraldo;COALICIÓN PARTIDOS DE LA U - MIRA - COLOMBIA JUSTA LIBRES - ASI;5
SAN MIGUEL DE SEMA;Nidia Milena Torres Paez;PARTIDO CENTRO DEMOCRÁTICO;5
SAN MIGUEL DE SEMA;Partido Nuevo Liberalismo;PARTIDO NUEVO LIBERALISMO;5
SAN MIGUEL DE SEMA;Jorge Eliecer Cortes Martinez;PARTIDO LIBERAL COLOMBIANO;4
SAN MIGUEL DE SEMA;Mayra Alejandra Viancha Sanabria;PARTIDO LIBERAL COLOMBIANO;4
SAN MIGUEL DE SEMA;Maryory Catherin Ortiz Alvarez;PACTO HISTÓRICO;3
SAN MIGUEL DE SEMA;Mayda Cecilia Velasquez Rueda;PARTIDO LIBERAL COLOMBIANO;3
SAN MIGUEL DE SEMA;Monica Yanneth Quiroga Castillo;PARTIDO CAMBIO RADICAL;3
SAN MIGUEL DE SEMA;Partido Cambio Radical;PARTIDO CAMBIO RADICAL;3
SAN MIGUEL DE SEMA;Sandro Nestor Condia Perez;PARTIDO LIBERAL COLOMBIANO;3
SAN MIGUEL DE SEMA;Jose Fernando Morales Acuña;PARTIDO CONSERVADOR COLOMBIANO;2
SAN MIGUEL DE SEMA;Karol Ricardo Ramirez Silva;PACTO HISTÓRICO;2
SAN MIGUEL DE SEMA;Movimiento De Salvación Nacional;MOVIMIENTO DE SALVACIÓN NACIONAL;2
SAN MIGUEL DE SEMA;Olga Natalie Manrique Abril;COALICIÓN PARTIDOS DE LA U - MIRA - COLOMBIA JUSTA LIBRES - ASI;2
SAN MIGUEL DE SEMA;"Asociación Afrodescendientes De Arboletes ""Afrodes Ar""";"ASOCIACIÓN AFRODESCENDIENTES DE ARBOLETES ""AFRODESAR""";1
SAN MIGUEL DE SEMA;Claudia Beatriz Duarte Acosta;PARTIDO NUEVO LIBERALISMO;1
SAN MIGUEL DE SEMA;Consejo Comunit. Piedras Bachichi Correg. Santa Ce Cilia;CONSEJO COMUNIT. PIEDRAS BACHICHI CORREG. SANTA CECILIA;1
SAN MIGUEL DE SEMA;Consejo Comunitario De Comunidades Negras Socoland O;CONSEJO COMUNITARIO DE COMUNIDADES NEGRAS SOCOLANDO;1
SAN MIGUEL DE SEMA;Dualter Gutierrez Cabiche;"MOVIMIENTO AUTORIDADES INDÍGENAS DE COLOMBIA ""AICO""";1
SAN MIGUEL DE SEMA;Fernando Ríos Hidalgo;FERNANDO RÍOS HIDALGO;1
SAN MIGUEL DE SEMA;Jorge Arturo Mayorga Esguerra;COALICIÓN PARTIDOS DE LA U - MIRA - COLOMBIA JUSTA LIBRES - ASI;1
SAN MIGUEL DE SEMA;Leidy Alejandra Moreno Sanchez;PACTO HISTÓRICO;1
SAN MIGUEL DE SEMA;Luis Guillermo Barrera Gutierrez;PARTIDO CAMBIO RADICAL;1
SAN MIGUEL DE SEMA;Lupe Isabel Lopez Marquez;PARTIDO CAMBIO RADICAL;1
SAN MIGUEL DE SEMA;"Movimiento Alternativo Indígena Social ""Mais""";"MOVIMIENTO ALTERNATIVO INDÍGENA SOCIAL ""MAIS""";1
SAN MIGUEL DE SEMA;Pablo Mendoza Vargas;COALICIÓN PARTIDOS DE LA U - MIRA - COLOMBIA JUSTA LIBRES - ASI;1
SAN MIGUEL DE SEMA;Partido Político Dignidad;PARTIDO POLÍTICO DIGNIDAD;1
SAN MIGUEL DE SEMA;William Fernando Granados;PARTIDO NUEVO LIBERALISMO;1
SAN PABLO DE BORBUR;Eduar Alexis Triana Rincon;PARTIDO CENTRO DEMOCRÁTICO;721
SAN PABLO DE BORBUR;Hector Angel Ortiz Nuñez;PARTIDO CENTRO DEMOCRÁTICO;308
SAN PABLO DE BORBUR;Wilmer Yair Castellanos Hernandez;PARTIDO ALIANZA VERDE;231
SAN PABLO DE BORBUR;Jonatan Sanchez Garavito;PARTIDO CAMBIO RADICAL;202
SAN PABLO DE BORBUR;Hector David Chaparro Chaparro;PARTIDO LIBERAL COLOMBIANO;125
SAN PABLO DE BORBUR;Humphrey Roa Sarmiento;PARTIDO CONSERVADOR COLOMBIANO;63
SAN PABLO DE BORBUR;Jairo Enrique Castiblanco Parra;COALICIÓN PARTIDOS DE LA U - MIRA - COLOMBIA JUSTA LIBRES - ASI;58
SAN PABLO DE BORBUR;Guillermo Leonardo Sanchez Sanchez;PARTIDO CENTRO DEMOCRÁTICO;49
SAN PABLO DE BORBUR;Partido Centro Democrático;PARTIDO CENTRO DEMOCRÁTICO;40
SAN PABLO DE BORBUR;Jose Giovany Pinzon Baez;PACTO HISTÓRICO;31
SAN PABLO DE BORBUR;Karen Lucia Molano Granados;PARTIDO ALIANZA VERDE;29
SAN PABLO DE BORBUR;Maryory Catherin Ortiz Alvarez;PACTO HISTÓRICO;26
SAN PABLO DE BORBUR;Pedro Jose Suarez Vacca;PACTO HISTÓRICO;26
SAN PABLO DE BORBUR;Jose Dario Mahecha Castillo;PARTIDO CONSERVADOR COLOMBIANO;23
SAN PABLO DE BORBUR;Partido Alianza Verde;PARTIDO ALIANZA VERDE;23
SAN PABLO DE BORBUR;Nidia Milena Torres Paez;PARTIDO CENTRO DEMOCRÁTICO;18
SAN PABLO DE BORBUR;Olga Yaneth Beltran Dorado;PARTIDO CENTRO DEMOCRÁTICO;18
SAN PABLO DE BORBUR;Partido Conservador Colombiano;PARTIDO CONSERVADOR COLOMBIANO;18
SAN PABLO DE BORBUR;Diana Carolina Suarez Muñoz;COALICIÓN PARTIDOS DE LA U - MIRA - COLOMBIA JUSTA LIBRES - ASI;14
SAN PABLO DE BORBUR;Pablo Emilio Cepeda Novoa;PARTIDO CAMBIO RADICAL;13
SAN PABLO DE BORBUR;Wilder Ivan Suesca Ochoa;PARTIDO CONSERVADOR COLOMBIANO;13
SAN PABLO DE BORBUR;Pacto Histórico;PACTO HISTÓRICO;12
SAN PABLO DE BORBUR;German Tiberio Ojeda Pedraza;PARTIDO ALIANZA VERDE;11
SAN PABLO DE BORBUR;Jaime Raul Salamanca Torres;PARTIDO ALIANZA VERDE;11
SAN PABLO DE BORBUR;Carolina Del Pilar Rodriguez Contreras;PACTO HISTÓRICO;10
SAN PABLO DE BORBUR;Ingrid Marlen Sogamoso Alfonso;PARTIDO CONSERVADOR COLOMBIANO;10
SAN PABLO DE BORBUR;Partido Cambio Radical;PARTIDO CAMBIO RADICAL;10
SAN PABLO DE BORBUR;Cindy Yohana Bohorquez Garzon;PARTIDO CONSERVADOR COLOMBIANO;9
SAN PABLO DE BORBUR;Coalición Partidos De La U - Mira - Colombia Justa  Libres - Asi;COALICIÓN PARTIDOS DE LA U - MIRA - COLOMBIA JUSTA LIBRES - ASI;9
SAN PABLO DE BORBUR;Partido Liberal Colombiano;PARTIDO LIBERAL COLOMBIANO;9
SAN PABLO DE BORBUR;Jorge Arturo Mayorga Esguerra;COALICIÓN PARTIDOS DE LA U - MIRA - COLOMBIA JUSTA LIBRES - ASI;8
SAN PABLO DE BORBUR;Sandro Nestor Condia Perez;PARTIDO LIBERAL COLOMBIANO;8
SAN PABLO DE BORBUR;Laura Andrea Bello Porras;PARTIDO ALIANZA VERDE;7
SAN PABLO DE BORBUR;Luis Guillermo Barrera Gutierrez;PARTIDO CAMBIO RADICAL;7
SAN PABLO DE BORBUR;William Donato Gomez;PARTIDO CENTRO DEMOCRÁTICO;7
SAN PABLO DE BORBUR;Luis Alejandro Gutierrez Sanabria;PARTIDO ALIANZA VERDE;6
SAN PABLO DE BORBUR;Monica Yanneth Quiroga Castillo;PARTIDO CAMBIO RADICAL;6
SAN PABLO DE BORBUR;Lupe Isabel Lopez Marquez;PARTIDO CAMBIO RADICAL;5
SAN PABLO DE BORBUR;Olga Natalie Manrique Abril;COALICIÓN PARTIDOS DE LA U - MIRA - COLOMBIA JUSTA LIBRES - ASI;5
SAN PABLO DE BORBUR;Wilson Castiblanco Gil;PARTIDO LIBERAL COLOMBIANO;5
SAN PABLO DE BORBUR;Claudia Beatriz Duarte Acosta;PARTIDO NUEVO LIBERALISMO;3
SAN PABLO DE BORBUR;Jorge Eliecer Cortes Martinez;PARTIDO LIBERAL COLOMBIANO;3
SAN PABLO DE BORBUR;Jose Fernando Morales Acuña;PARTIDO CONSERVADOR COLOMBIANO;3
SAN PABLO DE BORBUR;Partido Nuevo Liberalismo;PARTIDO NUEVO LIBERALISMO;3
SAN PABLO DE BORBUR;Partido Político Dignidad;PARTIDO POLÍTICO DIGNIDAD;3
SAN PABLO DE BORBUR;Consejo Comunit. Piedras Bachichi Correg. Santa Ce Cilia;CONSEJO COMUNIT. PIEDRAS BACHICHI CORREG. SANTA CECILIA;2
SAN PABLO DE BORBUR;Fernando Ríos Hidalgo;FERNANDO RÍOS HIDALGO;2
SAN PABLO DE BORBUR;Olga Maria Chivata Vargas;PARTIDO NUEVO LIBERALISMO;2
SAN PABLO DE BORBUR;William Fernando Granados;PARTIDO NUEVO LIBERALISMO;2
SAN PABLO DE BORBUR;Leidy Alejandra Moreno Sanchez;PACTO HISTÓRICO;1
SAN PABLO DE BORBUR;Maria Yolanda Figueroa Celis;PARTIDO INDÍGENA COLOMBIANO P.I.C;1
SAN PABLO DE BORBUR;Mayda Cecilia Velasquez Rueda;PARTIDO LIBERAL COLOMBIANO;1
SAN PABLO DE BORBUR;Oscar Leonardo Avila Romero;PARTIDO CAMBIO RADICAL;1
SAN PABLO DE BORBUR;Somos Identidad;SOMOS IDENTIDAD;1
SANTA MARIA;Ingrid Marlen Sogamoso Alfonso;PARTIDO CONSERVADOR COLOMBIANO;273
SANTA MARIA;Hector Angel Ortiz Nuñez;PARTIDO CENTRO DEMOCRÁTICO;157
SANTA MARIA;Jaime Raul Salamanca Torres;PARTIDO ALIANZA VERDE;154
SANTA MARIA;Jairo Enrique Castiblanco Parra;COALICIÓN PARTIDOS DE LA U - MIRA - COLOMBIA JUSTA LIBRES - ASI;64
SANTA MARIA;Jonatan Sanchez Garavito;PARTIDO CAMBIO RADICAL;52
SANTA MARIA;Pacto Histórico;PACTO HISTÓRICO;49
SANTA MARIA;Partido Alianza Verde;PARTIDO ALIANZA VERDE;49
SANTA MARIA;Hector David Chaparro Chaparro;PARTIDO LIBERAL COLOMBIANO;46
SANTA MARIA;Humphrey Roa Sarmiento;PARTIDO CONSERVADOR COLOMBIANO;37
SANTA MARIA;Pablo Emilio Cepeda Novoa;PARTIDO CAMBIO RADICAL;30
SANTA MARIA;Karen Lucia Molano Granados;PARTIDO ALIANZA VERDE;28
SANTA MARIA;Jose Giovany Pinzon Baez;PACTO HISTÓRICO;23
SANTA MARIA;Wilmer Yair Castellanos Hernandez;PARTIDO ALIANZA VERDE;23
SANTA MARIA;Eduar Alexis Triana Rincon;PARTIDO CENTRO DEMOCRÁTICO;22
SANTA MARIA;Mayda Cecilia Velasquez Rueda;PARTIDO LIBERAL COLOMBIANO;21
SANTA MARIA;German Tiberio Ojeda Pedraza;PARTIDO ALIANZA VERDE;20
SANTA MARIA;Jose Dario Mahecha Castillo;PARTIDO CONSERVADOR COLOMBIANO;20
SANTA MARIA;Partido Centro Democrático;PARTIDO CENTRO DEMOCRÁTICO;18
SANTA MARIA;Cindy Yohana Bohorquez Garzon;PARTIDO CONSERVADOR COLOMBIANO;17
SANTA MARIA;Maryory Catherin Ortiz Alvarez;PACTO HISTÓRICO;14
SANTA MARIA;Luis Alejandro Gutierrez Sanabria;PARTIDO ALIANZA VERDE;13
SANTA MARIA;Olga Yaneth Beltran Dorado;PARTIDO CENTRO DEMOCRÁTICO;12
SANTA MARIA;Pedro Jose Suarez Vacca;PACTO HISTÓRICO;12
SANTA MARIA;Partido Conservador Colombiano;PARTIDO CONSERVADOR COLOMBIANO;10
SANTA MARIA;William Donato Gomez;PARTIDO CENTRO DEMOCRÁTICO;10
SANTA MARIA;Wilson Castiblanco Gil;PARTIDO LIBERAL COLOMBIANO;9
SANTA MARIA;Karol Ricardo Ramirez Silva;PACTO HISTÓRICO;8
SANTA MARIA;Leidy Alejandra Moreno Sanchez;PACTO HISTÓRICO;8
SANTA MARIA;Oscar Leonardo Avila Romero;PARTIDO CAMBIO RADICAL;8
SANTA MARIA;Monica Yanneth Quiroga Castillo;PARTIDO CAMBIO RADICAL;6
SANTA MARIA;Nidia Milena Torres Paez;PARTIDO CENTRO DEMOCRÁTICO;6
SANTA MARIA;Wilder Ivan Suesca Ochoa;PARTIDO CONSERVADOR COLOMBIANO;5
SANTA MARIA;Carolina Del Pilar Rodriguez Contreras;PACTO HISTÓRICO;4
SANTA MARIA;Coalición Partidos De La U - Mira - Colombia Justa  Libres - Asi;COALICIÓN PARTIDOS DE LA U - MIRA - COLOMBIA JUSTA LIBRES - ASI;4
SANTA MARIA;Diana Carolina Suarez Muñoz;COALICIÓN PARTIDOS DE LA U - MIRA - COLOMBIA JUSTA LIBRES - ASI;4
SANTA MARIA;Jorge Eliecer Cortes Martinez;PARTIDO LIBERAL COLOMBIANO;4
SANTA MARIA;Jorge Ivan Amarillo Giraldo;COALICIÓN PARTIDOS DE LA U - MIRA - COLOMBIA JUSTA LIBRES - ASI;4
SANTA MARIA;Laura Andrea Bello Porras;PARTIDO ALIANZA VERDE;4
SANTA MARIA;Henry De Jesus Puerto Vasquez;PARTIDO NUEVO LIBERALISMO;3
SANTA MARIA;Jorge Arturo Mayorga Esguerra;COALICIÓN PARTIDOS DE LA U - MIRA - COLOMBIA JUSTA LIBRES - ASI;3
SANTA MARIA;Lupe Isabel Lopez Marquez;PARTIDO CAMBIO RADICAL;3
SANTA MARIA;Partido Cambio Radical;PARTIDO CAMBIO RADICAL;3
SANTA MARIA;Guillermo Leonardo Sanchez Sanchez;PARTIDO CENTRO DEMOCRÁTICO;2
SANTA MARIA;Luis Guillermo Barrera Gutierrez;PARTIDO CAMBIO RADICAL;2
SANTA MARIA;Movimiento De Salvación Nacional;MOVIMIENTO DE SALVACIÓN NACIONAL;2
SANTA MARIA;Olga Maria Chivata Vargas;PARTIDO NUEVO LIBERALISMO;2
SANTA MARIA;Pablo Mendoza Vargas;COALICIÓN PARTIDOS DE LA U - MIRA - COLOMBIA JUSTA LIBRES - ASI;2
SANTA MARIA;Partido Liberal Colombiano;PARTIDO LIBERAL COLOMBIANO;2
SANTA MARIA;William Fernando Granados;PARTIDO NUEVO LIBERALISMO;2
SANTA MARIA;Ali Bantu Ashanti;C.C LA TOMA;1
SANTA MARIA;Consejo Comunitario Manuel Zapata Olivella De San Antero;CONSEJO COMUNITARIO MANUEL ZAPATA OLIVELLA DE SAN ANTERO;1
SANTA MARIA;Dualter Gutierrez Cabiche;"MOVIMIENTO AUTORIDADES INDÍGENAS DE COLOMBIA ""AICO""";1
SANTA MARIA;Jose Fernando Morales Acuña;PARTIDO CONSERVADOR COLOMBIANO;1
SANTA MARIA;Mayra Alejandra Viancha Sanabria;PARTIDO LIBERAL COLOMBIANO;1
SANTA MARIA;"Movimiento Autoridades Indígenas De Colombia ""Aico """;"MOVIMIENTO AUTORIDADES INDÍGENAS DE COLOMBIA ""AICO""";1
SANTA MARIA;Olga Natalie Manrique Abril;COALICIÓN PARTIDOS DE LA U - MIRA - COLOMBIA JUSTA LIBRES - ASI;1
SANTA MARIA;Resguardo Indígena Alta Y Media Guajira;RESGUARDO INDÍGENA ALTA Y MEDIA GUAJIRA;1
SANTA MARIA;Sandro Nestor Condia Perez;PARTIDO LIBERAL COLOMBIANO;1
SANTA ROSA DE VITERBO;Jaime Raul Salamanca Torres;PARTIDO ALIANZA VERDE;468
SANTA ROSA DE VITERBO;Guillermo Leonardo Sanchez Sanchez;PARTIDO CENTRO DEMOCRÁTICO;423
SANTA ROSA DE VITERBO;Hector David Chaparro Chaparro;PARTIDO LIBERAL COLOMBIANO;417
SANTA ROSA DE VITERBO;Wilmer Yair Castellanos Hernandez;PARTIDO ALIANZA VERDE;301
SANTA ROSA DE VITERBO;Laura Andrea Bello Porras;PARTIDO ALIANZA VERDE;232
SANTA ROSA DE VITERBO;Hector Angel Ortiz Nuñez;PARTIDO CENTRO DEMOCRÁTICO;185
SANTA ROSA DE VITERBO;Jose Giovany Pinzon Baez;PACTO HISTÓRICO;172
SANTA ROSA DE VITERBO;German Tiberio Ojeda Pedraza;PARTIDO ALIANZA VERDE;165
SANTA ROSA DE VITERBO;Pacto Histórico;PACTO HISTÓRICO;142
SANTA ROSA DE VITERBO;Pedro Jose Suarez Vacca;PACTO HISTÓRICO;139
SANTA ROSA DE VITERBO;Eduar Alexis Triana Rincon;PARTIDO CENTRO DEMOCRÁTICO;131
SANTA ROSA DE VITERBO;Jose Fernando Morales Acuña;PARTIDO CONSERVADOR COLOMBIANO;111
SANTA ROSA DE VITERBO;Wilder Ivan Suesca Ochoa;PARTIDO CONSERVADOR COLOMBIANO;105
SANTA ROSA DE VITERBO;Jairo Enrique Castiblanco Parra;COALICIÓN PARTIDOS DE LA U - MIRA - COLOMBIA JUSTA LIBRES - ASI;102
SANTA ROSA DE VITERBO;Luis Guillermo Barrera Gutierrez;PARTIDO CAMBIO RADICAL;91
SANTA ROSA DE VITERBO;Partido Alianza Verde;PARTIDO ALIANZA VERDE;91
SANTA ROSA DE VITERBO;Karen Lucia Molano Granados;PARTIDO ALIANZA VERDE;82
SANTA ROSA DE VITERBO;Ingrid Marlen Sogamoso Alfonso;PARTIDO CONSERVADOR COLOMBIANO;81
SANTA ROSA DE VITERBO;Jorge Ivan Amarillo Giraldo;COALICIÓN PARTIDOS DE LA U - MIRA - COLOMBIA JUSTA LIBRES - ASI;47
SANTA ROSA DE VITERBO;Olga Yaneth Beltran Dorado;PARTIDO CENTRO DEMOCRÁTICO;40
SANTA ROSA DE VITERBO;Jorge Eliecer Cortes Martinez;PARTIDO LIBERAL COLOMBIANO;36
SANTA ROSA DE VITERBO;Oscar Leonardo Avila Romero;PARTIDO CAMBIO RADICAL;36
SANTA ROSA DE VITERBO;Maryory Catherin Ortiz Alvarez;PACTO HISTÓRICO;35
SANTA ROSA DE VITERBO;Lupe Isabel Lopez Marquez;PARTIDO CAMBIO RADICAL;32
SANTA ROSA DE VITERBO;Luis Alejandro Gutierrez Sanabria;PARTIDO ALIANZA VERDE;31
SANTA ROSA DE VITERBO;Nidia Milena Torres Paez;PARTIDO CENTRO DEMOCRÁTICO;31
SANTA ROSA DE VITERBO;Partido Centro Democrático;PARTIDO CENTRO DEMOCRÁTICO;31
SANTA ROSA DE VITERBO;Carolina Del Pilar Rodriguez Contreras;PACTO HISTÓRICO;26
SANTA ROSA DE VITERBO;William Donato Gomez;PARTIDO CENTRO DEMOCRÁTICO;25
SANTA ROSA DE VITERBO;Leidy Alejandra Moreno Sanchez;PACTO HISTÓRICO;24
SANTA ROSA DE VITERBO;Cindy Yohana Bohorquez Garzon;PARTIDO CONSERVADOR COLOMBIANO;22
SANTA ROSA DE VITERBO;Jose Dario Mahecha Castillo;PARTIDO CONSERVADOR COLOMBIANO;22
SANTA ROSA DE VITERBO;Wilson Castiblanco Gil;PARTIDO LIBERAL COLOMBIANO;21
SANTA ROSA DE VITERBO;Humphrey Roa Sarmiento;PARTIDO CONSERVADOR COLOMBIANO;20
SANTA ROSA DE VITERBO;Jonatan Sanchez Garavito;PARTIDO CAMBIO RADICAL;20
SANTA ROSA DE VITERBO;Diana Carolina Suarez Muñoz;COALICIÓN PARTIDOS DE LA U - MIRA - COLOMBIA JUSTA LIBRES - ASI;18
SANTA ROSA DE VITERBO;Karol Ricardo Ramirez Silva;PACTO HISTÓRICO;17
SANTA ROSA DE VITERBO;Partido Conservador Colombiano;PARTIDO CONSERVADOR COLOMBIANO;17
SANTA ROSA DE VITERBO;Pablo Emilio Cepeda Novoa;PARTIDO CAMBIO RADICAL;15
SANTA ROSA DE VITERBO;Partido Político Dignidad;PARTIDO POLÍTICO DIGNIDAD;15
SANTA ROSA DE VITERBO;Mayra Alejandra Viancha Sanabria;PARTIDO LIBERAL COLOMBIANO;14
SANTA ROSA DE VITERBO;Pablo Mendoza Vargas;COALICIÓN PARTIDOS DE LA U - MIRA - COLOMBIA JUSTA LIBRES - ASI;14
SANTA ROSA DE VITERBO;Partido Liberal Colombiano;PARTIDO LIBERAL COLOMBIANO;13
SANTA ROSA DE VITERBO;Coalición Partidos De La U - Mira - Colombia Justa  Libres - Asi;COALICIÓN PARTIDOS DE LA U - MIRA - COLOMBIA JUSTA LIBRES - ASI;11
SANTA ROSA DE VITERBO;Mayda Cecilia Velasquez Rueda;PARTIDO LIBERAL COLOMBIANO;11
SANTA ROSA DE VITERBO;Monica Yanneth Quiroga Castillo;PARTIDO CAMBIO RADICAL;11
SANTA ROSA DE VITERBO;Partido Cambio Radical;PARTIDO CAMBIO RADICAL;11
SANTA ROSA DE VITERBO;Partido Nuevo Liberalismo;PARTIDO NUEVO LIBERALISMO;10
SANTA ROSA DE VITERBO;Sandro Nestor Condia Perez;PARTIDO LIBERAL COLOMBIANO;9
SANTA ROSA DE VITERBO;Henry De Jesus Puerto Vasquez;PARTIDO NUEVO LIBERALISMO;8
SANTA ROSA DE VITERBO;Claudia Beatriz Duarte Acosta;PARTIDO NUEVO LIBERALISMO;6
SANTA ROSA DE VITERBO;Jorge Arturo Mayorga Esguerra;COALICIÓN PARTIDOS DE LA U - MIRA - COLOMBIA JUSTA LIBRES - ASI;5
SANTA ROSA DE VITERBO;Olga Natalie Manrique Abril;COALICIÓN PARTIDOS DE LA U - MIRA - COLOMBIA JUSTA LIBRES - ASI;5
SANTA ROSA DE VITERBO;Olga Maria Chivata Vargas;PARTIDO NUEVO LIBERALISMO;4
SANTA ROSA DE VITERBO;Jorge Ivan Mina Lasso;CONSEJO COMUNITARIO MANUEL ZAPATA OLIVELLA DE SAN ANTERO;3
SANTA ROSA DE VITERBO;Movimiento De Salvación Nacional;MOVIMIENTO DE SALVACIÓN NACIONAL;3
SANTA ROSA DE VITERBO;Didier Angulo Angulo;FUNDACIÓN PARA EL DESARROLLO SOCIAL DE COMUNIDADES NEGRAS;2
SANTA ROSA DE VITERBO;Fernando Ríos Hidalgo;FERNANDO RÍOS HIDALGO;2
SANTA ROSA DE VITERBO;Angelica Asprilla Palacios;"CONSEJO COMUNITARIO DE LA COSTA PACÍFICA ""CONCOSTA""";1
SANTA ROSA DE VITERBO;Ariel Rosebel Palacios Angulo;C.C LA TOMA;1
SANTA ROSA DE VITERBO;Consejo Comunitario Alto Paraíso;CONSEJO COMUNITARIO ALTO PARAÍSO;1
SANTA ROSA DE VITERBO;Francisco Abdia Velasquez Salguero;CONSEJO COMUNITARIO DE VUELTA MANZA;1
SANTA ROSA DE VITERBO;Juvenal Arrieta Gonzalez;"MOVIMIENTO ALTERNATIVO INDÍGENA SOCIAL ""MAIS""";1
SANTA ROSA DE VITERBO;Maria Cristina Ruiz Rengifo;CONSEJO COMUNITARIO VEREDAS UNIDAS UN BIEN COMÚN;1
SANTA ROSA DE VITERBO;William Fernando Granados;PARTIDO NUEVO LIBERALISMO;1
SANTA SOFIA;Wilmer Yair Castellanos Hernandez;PARTIDO ALIANZA VERDE;665
SANTA SOFIA;Jaime Raul Salamanca Torres;PARTIDO ALIANZA VERDE;130
SANTA SOFIA;Wilder Ivan Suesca Ochoa;PARTIDO CONSERVADOR COLOMBIANO;75
SANTA SOFIA;Jose Giovany Pinzon Baez;PACTO HISTÓRICO;60
SANTA SOFIA;Wilson Castiblanco Gil;PARTIDO LIBERAL COLOMBIANO;40
SANTA SOFIA;Partido Alianza Verde;PARTIDO ALIANZA VERDE;36
SANTA SOFIA;Karen Lucia Molano Granados;PARTIDO ALIANZA VERDE;27
SANTA SOFIA;German Tiberio Ojeda Pedraza;PARTIDO ALIANZA VERDE;23
SANTA SOFIA;Cindy Yohana Bohorquez Garzon;PARTIDO CONSERVADOR COLOMBIANO;18
SANTA SOFIA;Humphrey Roa Sarmiento;PARTIDO CONSERVADOR COLOMBIANO;17
SANTA SOFIA;Pedro Jose Suarez Vacca;PACTO HISTÓRICO;16
SANTA SOFIA;Pacto Histórico;PACTO HISTÓRICO;15
SANTA SOFIA;Olga Yaneth Beltran Dorado;PARTIDO CENTRO DEMOCRÁTICO;13
SANTA SOFIA;Hector Angel Ortiz Nuñez;PARTIDO CENTRO DEMOCRÁTICO;12
SANTA SOFIA;Partido Conservador Colombiano;PARTIDO CONSERVADOR COLOMBIANO;12
SANTA SOFIA;Partido Centro Democrático;PARTIDO CENTRO DEMOCRÁTICO;10
SANTA SOFIA;Carolina Del Pilar Rodriguez Contreras;PACTO HISTÓRICO;9
SANTA SOFIA;Jairo Enrique Castiblanco Parra;COALICIÓN PARTIDOS DE LA U - MIRA - COLOMBIA JUSTA LIBRES - ASI;9
SANTA SOFIA;Laura Andrea Bello Porras;PARTIDO ALIANZA VERDE;9
SANTA SOFIA;Ingrid Marlen Sogamoso Alfonso;PARTIDO CONSERVADOR COLOMBIANO;8
SANTA SOFIA;Luis Alejandro Gutierrez Sanabria;PARTIDO ALIANZA VERDE;8
SANTA SOFIA;Guillermo Leonardo Sanchez Sanchez;PARTIDO CENTRO DEMOCRÁTICO;7
SANTA SOFIA;Hector David Chaparro Chaparro;PARTIDO LIBERAL COLOMBIANO;7
SANTA SOFIA;Jorge Eliecer Cortes Martinez;PARTIDO LIBERAL COLOMBIANO;7
SANTA SOFIA;Oscar Leonardo Avila Romero;PARTIDO CAMBIO RADICAL;7
SANTA SOFIA;Jose Dario Mahecha Castillo;PARTIDO CONSERVADOR COLOMBIANO;6
SANTA SOFIA;Lupe Isabel Lopez Marquez;PARTIDO CAMBIO RADICAL;6
SANTA SOFIA;Partido Liberal Colombiano;PARTIDO LIBERAL COLOMBIANO;5
SANTA SOFIA;Nidia Milena Torres Paez;PARTIDO CENTRO DEMOCRÁTICO;4
SANTA SOFIA;William Donato Gomez;PARTIDO CENTRO DEMOCRÁTICO;4
SANTA SOFIA;William Fernando Granados;PARTIDO NUEVO LIBERALISMO;4
SANTA SOFIA;Maryory Catherin Ortiz Alvarez;PACTO HISTÓRICO;3
SANTA SOFIA;Monica Yanneth Quiroga Castillo;PARTIDO CAMBIO RADICAL;3
SANTA SOFIA;Pablo Emilio Cepeda Novoa;PARTIDO CAMBIO RADICAL;3
SANTA SOFIA;Partido Nuevo Liberalismo;PARTIDO NUEVO LIBERALISMO;3
SANTA SOFIA;Claudia Beatriz Duarte Acosta;PARTIDO NUEVO LIBERALISMO;2
SANTA SOFIA;Diana Carolina Suarez Muñoz;COALICIÓN PARTIDOS DE LA U - MIRA - COLOMBIA JUSTA LIBRES - ASI;2
SANTA SOFIA;Jonatan Sanchez Garavito;PARTIDO CAMBIO RADICAL;2
SANTA SOFIA;Jorge Ivan Amarillo Giraldo;COALICIÓN PARTIDOS DE LA U - MIRA - COLOMBIA JUSTA LIBRES - ASI;2
SANTA SOFIA;Jose Fernando Morales Acuña;PARTIDO CONSERVADOR COLOMBIANO;2
SANTA SOFIA;Leidy Alejandra Moreno Sanchez;PACTO HISTÓRICO;2
SANTA SOFIA;Olga Maria Chivata Vargas;PARTIDO NUEVO LIBERALISMO;2
SANTA SOFIA;Olga Natalie Manrique Abril;COALICIÓN PARTIDOS DE LA U - MIRA - COLOMBIA JUSTA LIBRES - ASI;2
SANTA SOFIA;Partido Cambio Radical;PARTIDO CAMBIO RADICAL;2
SANTA SOFIA;Partido Político Dignidad;PARTIDO POLÍTICO DIGNIDAD;2
SANTA SOFIA;Coalición Partidos De La U - Mira - Colombia Justa  Libres - Asi;COALICIÓN PARTIDOS DE LA U - MIRA - COLOMBIA JUSTA LIBRES - ASI;1
SANTA SOFIA;Diego Alberto Ramirez Prado;CONSEJO COMUNITARIO MAYOR DE CASIMIRO;1
SANTA SOFIA;Eduar Alexis Triana Rincon;PARTIDO CENTRO DEMOCRÁTICO;1
SANTA SOFIA;Henry De Jesus Puerto Vasquez;PARTIDO NUEVO LIBERALISMO;1
SANTA SOFIA;Jorge Arturo Mayorga Esguerra;COALICIÓN PARTIDOS DE LA U - MIRA - COLOMBIA JUSTA LIBRES - ASI;1
SANTA SOFIA;Karol Ricardo Ramirez Silva;PACTO HISTÓRICO;1
SANTA SOFIA;Mayda Cecilia Velasquez Rueda;PARTIDO LIBERAL COLOMBIANO;1
SANTA SOFIA;Pedro Adan Torres Perez;PALENQUE DE LA VEREDA LAS TRECIENTAS Y DEL MUNICIPIO DE GALAPA;1
SANTANA;Wilmer Yair Castellanos Hernandez;PARTIDO ALIANZA VERDE;816
SANTANA;Guillermo Leonardo Sanchez Sanchez;PARTIDO CENTRO DEMOCRÁTICO;365
SANTANA;Jaime Raul Salamanca Torres;PARTIDO ALIANZA VERDE;247
SANTANA;Luis Guillermo Barrera Gutierrez;PARTIDO CAMBIO RADICAL;216
SANTANA;Hector David Chaparro Chaparro;PARTIDO LIBERAL COLOMBIANO;204
SANTANA;Hector Angel Ortiz Nuñez;PARTIDO CENTRO DEMOCRÁTICO;139
SANTANA;Jonatan Sanchez Garavito;PARTIDO CAMBIO RADICAL;106
SANTANA;Eduar Alexis Triana Rincon;PARTIDO CENTRO DEMOCRÁTICO;64
SANTANA;Pedro Jose Suarez Vacca;PACTO HISTÓRICO;58
SANTANA;Olga Yaneth Beltran Dorado;PARTIDO CENTRO DEMOCRÁTICO;56
SANTANA;Jairo Enrique Castiblanco Parra;COALICIÓN PARTIDOS DE LA U - MIRA - COLOMBIA JUSTA LIBRES - ASI;55
SANTANA;Luis Alejandro Gutierrez Sanabria;PARTIDO ALIANZA VERDE;42
SANTANA;Karen Lucia Molano Granados;PARTIDO ALIANZA VERDE;40
SANTANA;Jose Giovany Pinzon Baez;PACTO HISTÓRICO;39
SANTANA;Pacto Histórico;PACTO HISTÓRICO;39
SANTANA;Jorge Eliecer Cortes Martinez;PARTIDO LIBERAL COLOMBIANO;38
SANTANA;German Tiberio Ojeda Pedraza;PARTIDO ALIANZA VERDE;35
SANTANA;Partido Alianza Verde;PARTIDO ALIANZA VERDE;34
SANTANA;Humphrey Roa Sarmiento;PARTIDO CONSERVADOR COLOMBIANO;32
SANTANA;Laura Andrea Bello Porras;PARTIDO ALIANZA VERDE;25
SANTANA;Partido Centro Democrático;PARTIDO CENTRO DEMOCRÁTICO;25
SANTANA;Jose Fernando Morales Acuña;PARTIDO CONSERVADOR COLOMBIANO;23
SANTANA;Carolina Del Pilar Rodriguez Contreras;PACTO HISTÓRICO;19
SANTANA;Nidia Milena Torres Paez;PARTIDO CENTRO DEMOCRÁTICO;19
SANTANA;Jorge Ivan Amarillo Giraldo;COALICIÓN PARTIDOS DE LA U - MIRA - COLOMBIA JUSTA LIBRES - ASI;14
SANTANA;Leidy Alejandra Moreno Sanchez;PACTO HISTÓRICO;13
SANTANA;William Donato Gomez;PARTIDO CENTRO DEMOCRÁTICO;12
SANTANA;Diana Carolina Suarez Muñoz;COALICIÓN PARTIDOS DE LA U - MIRA - COLOMBIA JUSTA LIBRES - ASI;11
SANTANA;Maryory Catherin Ortiz Alvarez;PACTO HISTÓRICO;11
SANTANA;Wilder Ivan Suesca Ochoa;PARTIDO CONSERVADOR COLOMBIANO;10
SANTANA;Monica Yanneth Quiroga Castillo;PARTIDO CAMBIO RADICAL;9
SANTANA;Partido Liberal Colombiano;PARTIDO LIBERAL COLOMBIANO;9
SANTANA;Partido Nuevo Liberalismo;PARTIDO NUEVO LIBERALISMO;9
SANTANA;Ingrid Marlen Sogamoso Alfonso;PARTIDO CONSERVADOR COLOMBIANO;8
SANTANA;Lupe Isabel Lopez Marquez;PARTIDO CAMBIO RADICAL;8
SANTANA;Pablo Mendoza Vargas;COALICIÓN PARTIDOS DE LA U - MIRA - COLOMBIA JUSTA LIBRES - ASI;8
SANTANA;Claudia Beatriz Duarte Acosta;PARTIDO NUEVO LIBERALISMO;6
SANTANA;Jose Dario Mahecha Castillo;PARTIDO CONSERVADOR COLOMBIANO;6
SANTANA;Partido Cambio Radical;PARTIDO CAMBIO RADICAL;6
SANTANA;Partido Conservador Colombiano;PARTIDO CONSERVADOR COLOMBIANO;6
SANTANA;Mayra Alejandra Viancha Sanabria;PARTIDO LIBERAL COLOMBIANO;5
SANTANA;Pablo Emilio Cepeda Novoa;PARTIDO CAMBIO RADICAL;5
SANTANA;Sandro Nestor Condia Perez;PARTIDO LIBERAL COLOMBIANO;5
SANTANA;Cindy Yohana Bohorquez Garzon;PARTIDO CONSERVADOR COLOMBIANO;4
SANTANA;Coalición Partidos De La U - Mira - Colombia Justa  Libres - Asi;COALICIÓN PARTIDOS DE LA U - MIRA - COLOMBIA JUSTA LIBRES - ASI;4
SANTANA;Fernando Ríos Hidalgo;FERNANDO RÍOS HIDALGO;4
SANTANA;Jorge Arturo Mayorga Esguerra;COALICIÓN PARTIDOS DE LA U - MIRA - COLOMBIA JUSTA LIBRES - ASI;4
SANTANA;Olga Natalie Manrique Abril;COALICIÓN PARTIDOS DE LA U - MIRA - COLOMBIA JUSTA LIBRES - ASI;4
SANTANA;Oscar Leonardo Avila Romero;PARTIDO CAMBIO RADICAL;4
SANTANA;Henry De Jesus Puerto Vasquez;PARTIDO NUEVO LIBERALISMO;3
SANTANA;Mayda Cecilia Velasquez Rueda;PARTIDO LIBERAL COLOMBIANO;3
SANTANA;Karol Ricardo Ramirez Silva;PACTO HISTÓRICO;2
SANTANA;Olga Maria Chivata Vargas;PARTIDO NUEVO LIBERALISMO;2
SANTANA;Partido Político Dignidad;PARTIDO POLÍTICO DIGNIDAD;2
SANTANA;Camilo Rivera Soto;CONSEJO COMUNITARIO AFROZABALETAS;1
SANTANA;Diego Alberto Ramirez Prado;CONSEJO COMUNITARIO MAYOR DE CASIMIRO;1
SANTANA;William Fernando Granados;PARTIDO NUEVO LIBERALISMO;1
SANTANA;Wilson Castiblanco Gil;PARTIDO LIBERAL COLOMBIANO;1
SATIVANORTE;Jaime Raul Salamanca Torres;PARTIDO ALIANZA VERDE;193
SATIVANORTE;Guillermo Leonardo Sanchez Sanchez;PARTIDO CENTRO DEMOCRÁTICO;167
SATIVANORTE;Ingrid Marlen Sogamoso Alfonso;PARTIDO CONSERVADOR COLOMBIANO;84
SATIVANORTE;Hector Angel Ortiz Nuñez;PARTIDO CENTRO DEMOCRÁTICO;53
SATIVANORTE;Pablo Emilio Cepeda Novoa;PARTIDO CAMBIO RADICAL;39
SATIVANORTE;Wilder Ivan Suesca Ochoa;PARTIDO CONSERVADOR COLOMBIANO;33
SATIVANORTE;Jose Giovany Pinzon Baez;PACTO HISTÓRICO;22
SATIVANORTE;Partido Alianza Verde;PARTIDO ALIANZA VERDE;22
SATIVANORTE;Eduar Alexis Triana Rincon;PARTIDO CENTRO DEMOCRÁTICO;19
SATIVANORTE;Luis Alejandro Gutierrez Sanabria;PARTIDO ALIANZA VERDE;16
SATIVANORTE;Hector David Chaparro Chaparro;PARTIDO LIBERAL COLOMBIANO;14
SATIVANORTE;Olga Yaneth Beltran Dorado;PARTIDO CENTRO DEMOCRÁTICO;14
SATIVANORTE;Partido Centro Democrático;PARTIDO CENTRO DEMOCRÁTICO;14
SATIVANORTE;German Tiberio Ojeda Pedraza;PARTIDO ALIANZA VERDE;13
SATIVANORTE;Cindy Yohana Bohorquez Garzon;PARTIDO CONSERVADOR COLOMBIANO;12
SATIVANORTE;Laura Andrea Bello Porras;PARTIDO ALIANZA VERDE;12
SATIVANORTE;Pedro Jose Suarez Vacca;PACTO HISTÓRICO;11
SATIVANORTE;Karen Lucia Molano Granados;PARTIDO ALIANZA VERDE;8
SATIVANORTE;Pacto Histórico;PACTO HISTÓRICO;8
SATIVANORTE;Jonatan Sanchez Garavito;PARTIDO CAMBIO RADICAL;7
SATIVANORTE;Jose Fernando Morales Acuña;PARTIDO CONSERVADOR COLOMBIANO;7
SATIVANORTE;Partido Conservador Colombiano;PARTIDO CONSERVADOR COLOMBIANO;7
SATIVANORTE;Coalición Partidos De La U - Mira - Colombia Justa  Libres - Asi;COALICIÓN PARTIDOS DE LA U - MIRA - COLOMBIA JUSTA LIBRES - ASI;5
SATIVANORTE;Luis Guillermo Barrera Gutierrez;PARTIDO CAMBIO RADICAL;5
SATIVANORTE;Maryory Catherin Ortiz Alvarez;PACTO HISTÓRICO;5
SATIVANORTE;Oscar Leonardo Avila Romero;PARTIDO CAMBIO RADICAL;5
SATIVANORTE;Diana Carolina Suarez Muñoz;COALICIÓN PARTIDOS DE LA U - MIRA - COLOMBIA JUSTA LIBRES - ASI;4
SATIVANORTE;Jairo Enrique Castiblanco Parra;COALICIÓN PARTIDOS DE LA U - MIRA - COLOMBIA JUSTA LIBRES - ASI;4
SATIVANORTE;William Donato Gomez;PARTIDO CENTRO DEMOCRÁTICO;4
SATIVANORTE;Carolina Del Pilar Rodriguez Contreras;PACTO HISTÓRICO;3
SATIVANORTE;Humphrey Roa Sarmiento;PARTIDO CONSERVADOR COLOMBIANO;3
SATIVANORTE;Jorge Ivan Amarillo Giraldo;COALICIÓN PARTIDOS DE LA U - MIRA - COLOMBIA JUSTA LIBRES - ASI;3
SATIVANORTE;Jose Dario Mahecha Castillo;PARTIDO CONSERVADOR COLOMBIANO;3
SATIVANORTE;Leidy Alejandra Moreno Sanchez;PACTO HISTÓRICO;3
SATIVANORTE;Monica Yanneth Quiroga Castillo;PARTIDO CAMBIO RADICAL;3
SATIVANORTE;Pablo Mendoza Vargas;COALICIÓN PARTIDOS DE LA U - MIRA - COLOMBIA JUSTA LIBRES - ASI;3
SATIVANORTE;Paciano Asprilla Arboleda;"CONSEJO COMUNITARIO DE LA COSTA PACÍFICA ""CONCOSTA""";3
SATIVANORTE;Wilmer Yair Castellanos Hernandez;PARTIDO ALIANZA VERDE;3
SATIVANORTE;Claudia Beatriz Duarte Acosta;PARTIDO NUEVO LIBERALISMO;2
SATIVANORTE;Jorge Eliecer Cortes Martinez;PARTIDO LIBERAL COLOMBIANO;2
SATIVANORTE;Karol Ricardo Ramirez Silva;PACTO HISTÓRICO;2
SATIVANORTE;Lupe Isabel Lopez Marquez;PARTIDO CAMBIO RADICAL;2
SATIVANORTE;Mayra Alejandra Viancha Sanabria;PARTIDO LIBERAL COLOMBIANO;2
SATIVANORTE;Nidia Milena Torres Paez;PARTIDO CENTRO DEMOCRÁTICO;2
SATIVANORTE;Olga Maria Chivata Vargas;PARTIDO NUEVO LIBERALISMO;2
SATIVANORTE;Partido Nuevo Liberalismo;PARTIDO NUEVO LIBERALISMO;2
SATIVANORTE;Wilson Castiblanco Gil;PARTIDO LIBERAL COLOMBIANO;2
SATIVANORTE;Angelica Asprilla Palacios;"CONSEJO COMUNITARIO DE LA COSTA PACÍFICA ""CONCOSTA""";1
SATIVANORTE;Movimiento De Salvación Nacional;MOVIMIENTO DE SALVACIÓN NACIONAL;1
SATIVANORTE;Olga Natalie Manrique Abril;COALICIÓN PARTIDOS DE LA U - MIRA - COLOMBIA JUSTA LIBRES - ASI;1
SATIVANORTE;Partido Cambio Radical;PARTIDO CAMBIO RADICAL;1
SATIVASUR;Hector Angel Ortiz Nuñez;PARTIDO CENTRO DEMOCRÁTICO;118
SATIVASUR;Hector David Chaparro Chaparro;PARTIDO LIBERAL COLOMBIANO;103
SATIVASUR;Guillermo Leonardo Sanchez Sanchez;PARTIDO CENTRO DEMOCRÁTICO;80
SATIVASUR;Wilder Ivan Suesca Ochoa;PARTIDO CONSERVADOR COLOMBIANO;30
SATIVASUR;German Tiberio Ojeda Pedraza;PARTIDO ALIANZA VERDE;16
SATIVASUR;Jorge Ivan Amarillo Giraldo;COALICIÓN PARTIDOS DE LA U - MIRA - COLOMBIA JUSTA LIBRES - ASI;14
SATIVASUR;Jose Fernando Morales Acuña;PARTIDO CONSERVADOR COLOMBIANO;12
SATIVASUR;Jairo Enrique Castiblanco Parra;COALICIÓN PARTIDOS DE LA U - MIRA - COLOMBIA JUSTA LIBRES - ASI;11
SATIVASUR;Eduar Alexis Triana Rincon;PARTIDO CENTRO DEMOCRÁTICO;10
SATIVASUR;Mayra Alejandra Viancha Sanabria;PARTIDO LIBERAL COLOMBIANO;9
SATIVASUR;Pedro Jose Suarez Vacca;PACTO HISTÓRICO;9
SATIVASUR;Jaime Raul Salamanca Torres;PARTIDO ALIANZA VERDE;8
SATIVASUR;Jose Dario Mahecha Castillo;PARTIDO CONSERVADOR COLOMBIANO;8
SATIVASUR;Luis Alejandro Gutierrez Sanabria;PARTIDO ALIANZA VERDE;8
SATIVASUR;Wilson Castiblanco Gil;PARTIDO LIBERAL COLOMBIANO;8
SATIVASUR;Pacto Histórico;PACTO HISTÓRICO;6
SATIVASUR;Karen Lucia Molano Granados;PARTIDO ALIANZA VERDE;5
SATIVASUR;Carolina Del Pilar Rodriguez Contreras;PACTO HISTÓRICO;4
SATIVASUR;Humphrey Roa Sarmiento;PARTIDO CONSERVADOR COLOMBIANO;4
SATIVASUR;Pablo Emilio Cepeda Novoa;PARTIDO CAMBIO RADICAL;4
SATIVASUR;Partido Centro Democrático;PARTIDO CENTRO DEMOCRÁTICO;4
SATIVASUR;Partido Liberal Colombiano;PARTIDO LIBERAL COLOMBIANO;4
SATIVASUR;Claudia Beatriz Duarte Acosta;PARTIDO NUEVO LIBERALISMO;3
SATIVASUR;Jose Giovany Pinzon Baez;PACTO HISTÓRICO;3
SATIVASUR;Laura Andrea Bello Porras;PARTIDO ALIANZA VERDE;3
SATIVASUR;Leidy Alejandra Moreno Sanchez;PACTO HISTÓRICO;3
SATIVASUR;Nidia Milena Torres Paez;PARTIDO CENTRO DEMOCRÁTICO;3
SATIVASUR;Olga Yaneth Beltran Dorado;PARTIDO CENTRO DEMOCRÁTICO;3
SATIVASUR;Partido Alianza Verde;PARTIDO ALIANZA VERDE;3
SATIVASUR;Wilmer Yair Castellanos Hernandez;PARTIDO ALIANZA VERDE;3
SATIVASUR;Jorge Eliecer Cortes Martinez;PARTIDO LIBERAL COLOMBIANO;2
SATIVASUR;Karol Ricardo Ramirez Silva;PACTO HISTÓRICO;2
SATIVASUR;Luis Guillermo Barrera Gutierrez;PARTIDO CAMBIO RADICAL;2
SATIVASUR;Partido Conservador Colombiano;PARTIDO CONSERVADOR COLOMBIANO;2
SATIVASUR;William Donato Gomez;PARTIDO CENTRO DEMOCRÁTICO;2
SATIVASUR;"Asoc. Afrocol. Desplazados Mcpio. Guacarí Valle De L Cauca ""Adag""";"ASOC. AFROCOL. DESPLAZADOS MCPIO. GUACARÍ VALLE DEL CAUCA ""ADAG""";1
SATIVASUR;Cindy Yohana Bohorquez Garzon;PARTIDO CONSERVADOR COLOMBIANO;1
SATIVASUR;Diana Carolina Suarez Muñoz;COALICIÓN PARTIDOS DE LA U - MIRA - COLOMBIA JUSTA LIBRES - ASI;1
SATIVASUR;Felix Antonio Castillo Mosquera;CONSEJO COMUNITARIO MANUEL ZAPATA OLIVELLA DE SAN ANTERO;1
SATIVASUR;Henry De Jesus Puerto Vasquez;PARTIDO NUEVO LIBERALISMO;1
SATIVASUR;Jonatan Sanchez Garavito;PARTIDO CAMBIO RADICAL;1
SATIVASUR;Lupe Isabel Lopez Marquez;PARTIDO CAMBIO RADICAL;1
SATIVASUR;Maryory Catherin Ortiz Alvarez;PACTO HISTÓRICO;1
SATIVASUR;Mayda Cecilia Velasquez Rueda;PARTIDO LIBERAL COLOMBIANO;1
SATIVASUR;Monica Yanneth Quiroga Castillo;PARTIDO CAMBIO RADICAL;1
SATIVASUR;Partido Nuevo Liberalismo;PARTIDO NUEVO LIBERALISMO;1
SATIVASUR;Partido Político Dignidad;PARTIDO POLÍTICO DIGNIDAD;1
SATIVASUR;William Fernando Granados;PARTIDO NUEVO LIBERALISMO;1
SIACHOQUE;Hector Angel Ortiz Nuñez;PARTIDO CENTRO DEMOCRÁTICO;410
SIACHOQUE;Wilder Ivan Suesca Ochoa;PARTIDO CONSERVADOR COLOMBIANO;255
SIACHOQUE;Jaime Raul Salamanca Torres;PARTIDO ALIANZA VERDE;122
SIACHOQUE;Hector David Chaparro Chaparro;PARTIDO LIBERAL COLOMBIANO;120
SIACHOQUE;Karen Lucia Molano Granados;PARTIDO ALIANZA VERDE;116
SIACHOQUE;Luis Alejandro Gutierrez Sanabria;PARTIDO ALIANZA VERDE;91
SIACHOQUE;Partido Alianza Verde;PARTIDO ALIANZA VERDE;85
SIACHOQUE;Wilson Castiblanco Gil;PARTIDO LIBERAL COLOMBIANO;85
SIACHOQUE;Pedro Jose Suarez Vacca;PACTO HISTÓRICO;80
SIACHOQUE;German Tiberio Ojeda Pedraza;PARTIDO ALIANZA VERDE;79
SIACHOQUE;Pacto Histórico;PACTO HISTÓRICO;60
SIACHOQUE;Wilmer Yair Castellanos Hernandez;PARTIDO ALIANZA VERDE;55
SIACHOQUE;Ingrid Marlen Sogamoso Alfonso;PARTIDO CONSERVADOR COLOMBIANO;51
SIACHOQUE;Jose Giovany Pinzon Baez;PACTO HISTÓRICO;51
SIACHOQUE;Guillermo Leonardo Sanchez Sanchez;PARTIDO CENTRO DEMOCRÁTICO;43
SIACHOQUE;Jose Dario Mahecha Castillo;PARTIDO CONSERVADOR COLOMBIANO;42
SIACHOQUE;Jonatan Sanchez Garavito;PARTIDO CAMBIO RADICAL;41
SIACHOQUE;Pablo Emilio Cepeda Novoa;PARTIDO CAMBIO RADICAL;38
SIACHOQUE;Jairo Enrique Castiblanco Parra;COALICIÓN PARTIDOS DE LA U - MIRA - COLOMBIA JUSTA LIBRES - ASI;37
SIACHOQUE;Oscar Leonardo Avila Romero;PARTIDO CAMBIO RADICAL;37
SIACHOQUE;Olga Yaneth Beltran Dorado;PARTIDO CENTRO DEMOCRÁTICO;33
SIACHOQUE;Partido Centro Democrático;PARTIDO CENTRO DEMOCRÁTICO;32
SIACHOQUE;Jorge Eliecer Cortes Martinez;PARTIDO LIBERAL COLOMBIANO;28
SIACHOQUE;Partido Conservador Colombiano;PARTIDO CONSERVADOR COLOMBIANO;28
SIACHOQUE;Cindy Yohana Bohorquez Garzon;PARTIDO CONSERVADOR COLOMBIANO;21
SIACHOQUE;Laura Andrea Bello Porras;PARTIDO ALIANZA VERDE;20
SIACHOQUE;Partido Liberal Colombiano;PARTIDO LIBERAL COLOMBIANO;20
SIACHOQUE;Eduar Alexis Triana Rincon;PARTIDO CENTRO DEMOCRÁTICO;17
SIACHOQUE;Jorge Ivan Amarillo Giraldo;COALICIÓN PARTIDOS DE LA U - MIRA - COLOMBIA JUSTA LIBRES - ASI;17
SIACHOQUE;Diana Carolina Suarez Muñoz;COALICIÓN PARTIDOS DE LA U - MIRA - COLOMBIA JUSTA LIBRES - ASI;15
SIACHOQUE;Carolina Del Pilar Rodriguez Contreras;PACTO HISTÓRICO;14
SIACHOQUE;Leidy Alejandra Moreno Sanchez;PACTO HISTÓRICO;14
SIACHOQUE;Humphrey Roa Sarmiento;PARTIDO CONSERVADOR COLOMBIANO;13
SIACHOQUE;Nidia Milena Torres Paez;PARTIDO CENTRO DEMOCRÁTICO;13
SIACHOQUE;Jose Fernando Morales Acuña;PARTIDO CONSERVADOR COLOMBIANO;12
SIACHOQUE;Olga Natalie Manrique Abril;COALICIÓN PARTIDOS DE LA U - MIRA - COLOMBIA JUSTA LIBRES - ASI;12
SIACHOQUE;William Donato Gomez;PARTIDO CENTRO DEMOCRÁTICO;10
SIACHOQUE;Partido Nuevo Liberalismo;PARTIDO NUEVO LIBERALISMO;9
SIACHOQUE;Karol Ricardo Ramirez Silva;PACTO HISTÓRICO;8
SIACHOQUE;Luis Guillermo Barrera Gutierrez;PARTIDO CAMBIO RADICAL;8
SIACHOQUE;Monica Yanneth Quiroga Castillo;PARTIDO CAMBIO RADICAL;8
SIACHOQUE;Olga Maria Chivata Vargas;PARTIDO NUEVO LIBERALISMO;8
SIACHOQUE;Partido Cambio Radical;PARTIDO CAMBIO RADICAL;8
SIACHOQUE;William Fernando Granados;PARTIDO NUEVO LIBERALISMO;8
SIACHOQUE;Claudia Beatriz Duarte Acosta;PARTIDO NUEVO LIBERALISMO;7
SIACHOQUE;Mayda Cecilia Velasquez Rueda;PARTIDO LIBERAL COLOMBIANO;7
SIACHOQUE;Partido Político Dignidad;PARTIDO POLÍTICO DIGNIDAD;7
SIACHOQUE;Henry De Jesus Puerto Vasquez;PARTIDO NUEVO LIBERALISMO;6
SIACHOQUE;Maryory Catherin Ortiz Alvarez;PACTO HISTÓRICO;6
SIACHOQUE;Coalición Partidos De La U - Mira - Colombia Justa  Libres - Asi;COALICIÓN PARTIDOS DE LA U - MIRA - COLOMBIA JUSTA LIBRES - ASI;5
SIACHOQUE;Lupe Isabel Lopez Marquez;PARTIDO CAMBIO RADICAL;5
SIACHOQUE;Mayra Alejandra Viancha Sanabria;PARTIDO LIBERAL COLOMBIANO;5
SIACHOQUE;Sandro Nestor Condia Perez;PARTIDO LIBERAL COLOMBIANO;5
SIACHOQUE;Pablo Mendoza Vargas;COALICIÓN PARTIDOS DE LA U - MIRA - COLOMBIA JUSTA LIBRES - ASI;3
SIACHOQUE;Raymond Smith Palomeque Pino;CONSEJO COMUNITARIO MAYOR DE CERTEGUI;2
SIACHOQUE;Fernando Ríos Hidalgo;FERNANDO RÍOS HIDALGO;1
SIACHOQUE;Jorge Arturo Mayorga Esguerra;COALICIÓN PARTIDOS DE LA U - MIRA - COLOMBIA JUSTA LIBRES - ASI;1
SIACHOQUE;Movimiento De Salvación Nacional;MOVIMIENTO DE SALVACIÓN NACIONAL;1
SIACHOQUE;Otto Adel Medina Monterrosa;CONSEJO COMUNITARIO DE FLAMENCO - MUNICIPIO DE MARÍA LA BAJA;1
SOATA;Jose Giovany Pinzon Baez;PACTO HISTÓRICO;1357
SOATA;Guillermo Leonardo Sanchez Sanchez;PARTIDO CENTRO DEMOCRÁTICO;440
SOATA;Jaime Raul Salamanca Torres;PARTIDO ALIANZA VERDE;235
SOATA;Ingrid Marlen Sogamoso Alfonso;PARTIDO CONSERVADOR COLOMBIANO;177
SOATA;Wilmer Yair Castellanos Hernandez;PARTIDO ALIANZA VERDE;158
SOATA;Eduar Alexis Triana Rincon;PARTIDO CENTRO DEMOCRÁTICO;116
SOATA;Oscar Leonardo Avila Romero;PARTIDO CAMBIO RADICAL;106
SOATA;Hector Angel Ortiz Nuñez;PARTIDO CENTRO DEMOCRÁTICO;93
SOATA;Olga Yaneth Beltran Dorado;PARTIDO CENTRO DEMOCRÁTICO;91
SOATA;Pedro Jose Suarez Vacca;PACTO HISTÓRICO;74
SOATA;Wilder Ivan Suesca Ochoa;PARTIDO CONSERVADOR COLOMBIANO;68
SOATA;Cindy Yohana Bohorquez Garzon;PARTIDO CONSERVADOR COLOMBIANO;57
SOATA;German Tiberio Ojeda Pedraza;PARTIDO ALIANZA VERDE;49
SOATA;Pacto Histórico;PACTO HISTÓRICO;48
SOATA;Luis Guillermo Barrera Gutierrez;PARTIDO CAMBIO RADICAL;43
SOATA;William Donato Gomez;PARTIDO CENTRO DEMOCRÁTICO;40
SOATA;Jorge Eliecer Cortes Martinez;PARTIDO LIBERAL COLOMBIANO;39
SOATA;Partido Centro Democrático;PARTIDO CENTRO DEMOCRÁTICO;39
SOATA;Hector David Chaparro Chaparro;PARTIDO LIBERAL COLOMBIANO;36
SOATA;Partido Alianza Verde;PARTIDO ALIANZA VERDE;36
SOATA;Jonatan Sanchez Garavito;PARTIDO CAMBIO RADICAL;31
SOATA;Luis Alejandro Gutierrez Sanabria;PARTIDO ALIANZA VERDE;28
SOATA;Partido Conservador Colombiano;PARTIDO CONSERVADOR COLOMBIANO;27
SOATA;Jairo Enrique Castiblanco Parra;COALICIÓN PARTIDOS DE LA U - MIRA - COLOMBIA JUSTA LIBRES - ASI;26
SOATA;Jose Dario Mahecha Castillo;PARTIDO CONSERVADOR COLOMBIANO;26
SOATA;Wilson Castiblanco Gil;PARTIDO LIBERAL COLOMBIANO;26
SOATA;Jorge Ivan Amarillo Giraldo;COALICIÓN PARTIDOS DE LA U - MIRA - COLOMBIA JUSTA LIBRES - ASI;24
SOATA;Jose Fernando Morales Acuña;PARTIDO CONSERVADOR COLOMBIANO;21
SOATA;Karen Lucia Molano Granados;PARTIDO ALIANZA VERDE;20
SOATA;Maryory Catherin Ortiz Alvarez;PACTO HISTÓRICO;17
SOATA;Mayda Cecilia Velasquez Rueda;PARTIDO LIBERAL COLOMBIANO;17
SOATA;Monica Yanneth Quiroga Castillo;PARTIDO CAMBIO RADICAL;17
SOATA;Pablo Emilio Cepeda Novoa;PARTIDO CAMBIO RADICAL;17
SOATA;Laura Andrea Bello Porras;PARTIDO ALIANZA VERDE;14
SOATA;Leidy Alejandra Moreno Sanchez;PACTO HISTÓRICO;14
SOATA;Partido Liberal Colombiano;PARTIDO LIBERAL COLOMBIANO;11
SOATA;Humphrey Roa Sarmiento;PARTIDO CONSERVADOR COLOMBIANO;10
SOATA;Partido Cambio Radical;PARTIDO CAMBIO RADICAL;10
SOATA;Sandro Nestor Condia Perez;PARTIDO LIBERAL COLOMBIANO;9
SOATA;Olga Natalie Manrique Abril;COALICIÓN PARTIDOS DE LA U - MIRA - COLOMBIA JUSTA LIBRES - ASI;8
SOATA;Karol Ricardo Ramirez Silva;PACTO HISTÓRICO;7
SOATA;Mayra Alejandra Viancha Sanabria;PARTIDO LIBERAL COLOMBIANO;7
SOATA;Pablo Mendoza Vargas;COALICIÓN PARTIDOS DE LA U - MIRA - COLOMBIA JUSTA LIBRES - ASI;7
SOATA;Partido Nuevo Liberalismo;PARTIDO NUEVO LIBERALISMO;7
SOATA;Carolina Del Pilar Rodriguez Contreras;PACTO HISTÓRICO;6
SOATA;Nidia Milena Torres Paez;PARTIDO CENTRO DEMOCRÁTICO;6
SOATA;Partido Político Dignidad;PARTIDO POLÍTICO DIGNIDAD;6
SOATA;Claudia Beatriz Duarte Acosta;PARTIDO NUEVO LIBERALISMO;5
SOATA;Diana Carolina Suarez Muñoz;COALICIÓN PARTIDOS DE LA U - MIRA - COLOMBIA JUSTA LIBRES - ASI;5
SOATA;Movimiento De Salvación Nacional;MOVIMIENTO DE SALVACIÓN NACIONAL;5
SOATA;Olga Maria Chivata Vargas;PARTIDO NUEVO LIBERALISMO;5
SOATA;Coalición Partidos De La U - Mira - Colombia Justa  Libres - Asi;COALICIÓN PARTIDOS DE LA U - MIRA - COLOMBIA JUSTA LIBRES - ASI;4
SOATA;Fernando Ríos Hidalgo;FERNANDO RÍOS HIDALGO;3
SOATA;Henry De Jesus Puerto Vasquez;PARTIDO NUEVO LIBERALISMO;2
SOATA;Lupe Isabel Lopez Marquez;PARTIDO CAMBIO RADICAL;2
SOATA;Consejo Comunitario De La Comunidad Negra Limones;CONSEJO COMUNITARIO DE LA COMUNIDAD NEGRA LIMONES;1
SOATA;Consejo Comunitario Manuel Zapata Olivella De San Antero;CONSEJO COMUNITARIO MANUEL ZAPATA OLIVELLA DE SAN ANTERO;1
SOATA;Consejo Comunitario Puerto Girón;CONSEJO COMUNITARIO PUERTO GIRÓN;1
SOATA;Jorge Arturo Mayorga Esguerra;COALICIÓN PARTIDOS DE LA U - MIRA - COLOMBIA JUSTA LIBRES - ASI;1
SOATA;Jorge Ivan Mina Lasso;CONSEJO COMUNITARIO MANUEL ZAPATA OLIVELLA DE SAN ANTERO;1
SOATA;Juvenal Arrieta Gonzalez;"MOVIMIENTO ALTERNATIVO INDÍGENA SOCIAL ""MAIS""";1
SOATA;Maria Yolanda Figueroa Celis;PARTIDO INDÍGENA COLOMBIANO P.I.C;1
SOATA;"Movimiento Alternativo Indígena Social ""Mais""";"MOVIMIENTO ALTERNATIVO INDÍGENA SOCIAL ""MAIS""";1
SOATA;Pedro Adan Torres Perez;PALENQUE DE LA VEREDA LAS TRECIENTAS Y DEL MUNICIPIO DE GALAPA;1
SOATA;William Fernando Granados;PARTIDO NUEVO LIBERALISMO;1
SOCHA;Guillermo Leonardo Sanchez Sanchez;PARTIDO CENTRO DEMOCRÁTICO;629
SOCHA;Olga Natalie Manrique Abril;COALICIÓN PARTIDOS DE LA U - MIRA - COLOMBIA JUSTA LIBRES - ASI;376
SOCHA;Hector David Chaparro Chaparro;PARTIDO LIBERAL COLOMBIANO;225
SOCHA;Jorge Eliecer Cortes Martinez;PARTIDO LIBERAL COLOMBIANO;214
SOCHA;Jaime Raul Salamanca Torres;PARTIDO ALIANZA VERDE;168
SOCHA;Jairo Enrique Castiblanco Parra;COALICIÓN PARTIDOS DE LA U - MIRA - COLOMBIA JUSTA LIBRES - ASI;113
SOCHA;Karen Lucia Molano Granados;PARTIDO ALIANZA VERDE;111
SOCHA;German Tiberio Ojeda Pedraza;PARTIDO ALIANZA VERDE;98
SOCHA;Partido Alianza Verde;PARTIDO ALIANZA VERDE;83
SOCHA;Wilmer Yair Castellanos Hernandez;PARTIDO ALIANZA VERDE;81
SOCHA;Jose Fernando Morales Acuña;PARTIDO CONSERVADOR COLOMBIANO;57
SOCHA;Ingrid Marlen Sogamoso Alfonso;PARTIDO CONSERVADOR COLOMBIANO;54
SOCHA;Laura Andrea Bello Porras;PARTIDO ALIANZA VERDE;53
SOCHA;Pedro Jose Suarez Vacca;PACTO HISTÓRICO;51
SOCHA;Jose Giovany Pinzon Baez;PACTO HISTÓRICO;48
SOCHA;Pacto Histórico;PACTO HISTÓRICO;36
SOCHA;Oscar Leonardo Avila Romero;PARTIDO CAMBIO RADICAL;35
SOCHA;Nidia Milena Torres Paez;PARTIDO CENTRO DEMOCRÁTICO;34
SOCHA;Leidy Alejandra Moreno Sanchez;PACTO HISTÓRICO;30
SOCHA;Luis Guillermo Barrera Gutierrez;PARTIDO CAMBIO RADICAL;29
SOCHA;Wilder Ivan Suesca Ochoa;PARTIDO CONSERVADOR COLOMBIANO;28
SOCHA;Lupe Isabel Lopez Marquez;PARTIDO CAMBIO RADICAL;27
SOCHA;Luis Alejandro Gutierrez Sanabria;PARTIDO ALIANZA VERDE;26
SOCHA;Partido Centro Democrático;PARTIDO CENTRO DEMOCRÁTICO;25
SOCHA;Olga Yaneth Beltran Dorado;PARTIDO CENTRO DEMOCRÁTICO;21
SOCHA;Partido Liberal Colombiano;PARTIDO LIBERAL COLOMBIANO;19
SOCHA;Wilson Castiblanco Gil;PARTIDO LIBERAL COLOMBIANO;19
SOCHA;Cindy Yohana Bohorquez Garzon;PARTIDO CONSERVADOR COLOMBIANO;15
SOCHA;Eduar Alexis Triana Rincon;PARTIDO CENTRO DEMOCRÁTICO;15
SOCHA;Pablo Emilio Cepeda Novoa;PARTIDO CAMBIO RADICAL;15
SOCHA;Jorge Ivan Amarillo Giraldo;COALICIÓN PARTIDOS DE LA U - MIRA - COLOMBIA JUSTA LIBRES - ASI;14
SOCHA;Hector Angel Ortiz Nuñez;PARTIDO CENTRO DEMOCRÁTICO;13
SOCHA;Jonatan Sanchez Garavito;PARTIDO CAMBIO RADICAL;12
SOCHA;Carolina Del Pilar Rodriguez Contreras;PACTO HISTÓRICO;11
SOCHA;Diana Carolina Suarez Muñoz;COALICIÓN PARTIDOS DE LA U - MIRA - COLOMBIA JUSTA LIBRES - ASI;10
SOCHA;Jose Dario Mahecha Castillo;PARTIDO CONSERVADOR COLOMBIANO;10
SOCHA;Maryory Catherin Ortiz Alvarez;PACTO HISTÓRICO;10
SOCHA;Mayda Cecilia Velasquez Rueda;PARTIDO LIBERAL COLOMBIANO;10
SOCHA;Partido Conservador Colombiano;PARTIDO CONSERVADOR COLOMBIANO;10
SOCHA;Pablo Mendoza Vargas;COALICIÓN PARTIDOS DE LA U - MIRA - COLOMBIA JUSTA LIBRES - ASI;9
SOCHA;Sandro Nestor Condia Perez;PARTIDO LIBERAL COLOMBIANO;9
SOCHA;Mayra Alejandra Viancha Sanabria;PARTIDO LIBERAL COLOMBIANO;8
SOCHA;Monica Yanneth Quiroga Castillo;PARTIDO CAMBIO RADICAL;8
SOCHA;William Donato Gomez;PARTIDO CENTRO DEMOCRÁTICO;8
SOCHA;Henry De Jesus Puerto Vasquez;PARTIDO NUEVO LIBERALISMO;6
SOCHA;Karol Ricardo Ramirez Silva;PACTO HISTÓRICO;6
SOCHA;Coalición Partidos De La U - Mira - Colombia Justa  Libres - Asi;COALICIÓN PARTIDOS DE LA U - MIRA - COLOMBIA JUSTA LIBRES - ASI;5
SOCHA;Movimiento De Salvación Nacional;MOVIMIENTO DE SALVACIÓN NACIONAL;5
SOCHA;Claudia Beatriz Duarte Acosta;PARTIDO NUEVO LIBERALISMO;4
SOCHA;Partido Nuevo Liberalismo;PARTIDO NUEVO LIBERALISMO;4
SOCHA;Jorge Arturo Mayorga Esguerra;COALICIÓN PARTIDOS DE LA U - MIRA - COLOMBIA JUSTA LIBRES - ASI;3
SOCHA;Partido Cambio Radical;PARTIDO CAMBIO RADICAL;3
SOCHA;Partido Político Dignidad;PARTIDO POLÍTICO DIGNIDAD;3
SOCHA;William Fernando Granados;PARTIDO NUEVO LIBERALISMO;2
SOCHA;"Asoc. Afrocol. Desplazados Mcpio. Guacarí Valle De L Cauca ""Adag""";"ASOC. AFROCOL. DESPLAZADOS MCPIO. GUACARÍ VALLE DEL CAUCA ""ADAG""";1
SOCHA;Humphrey Roa Sarmiento;PARTIDO CONSERVADOR COLOMBIANO;1
SOCHA;Juvenal Arrieta Gonzalez;"MOVIMIENTO ALTERNATIVO INDÍGENA SOCIAL ""MAIS""";1
SOCHA;Partido Indígena Colombiano P.I.C;PARTIDO INDÍGENA COLOMBIANO P.I.C;1
SOCOTA;Hector David Chaparro Chaparro;PARTIDO LIBERAL COLOMBIANO;271
SOCOTA;Jorge Eliecer Cortes Martinez;PARTIDO LIBERAL COLOMBIANO;244
SOCOTA;Jaime Raul Salamanca Torres;PARTIDO ALIANZA VERDE;220
SOCOTA;Nidia Milena Torres Paez;PARTIDO CENTRO DEMOCRÁTICO;207
SOCOTA;Jairo Enrique Castiblanco Parra;COALICIÓN PARTIDOS DE LA U - MIRA - COLOMBIA JUSTA LIBRES - ASI;105
SOCOTA;Guillermo Leonardo Sanchez Sanchez;PARTIDO CENTRO DEMOCRÁTICO;98
SOCOTA;Olga Natalie Manrique Abril;COALICIÓN PARTIDOS DE LA U - MIRA - COLOMBIA JUSTA LIBRES - ASI;98
SOCOTA;German Tiberio Ojeda Pedraza;PARTIDO ALIANZA VERDE;67
SOCOTA;Jose Giovany Pinzon Baez;PACTO HISTÓRICO;50
SOCOTA;Partido Alianza Verde;PARTIDO ALIANZA VERDE;45
SOCOTA;Wilmer Yair Castellanos Hernandez;PARTIDO ALIANZA VERDE;45
SOCOTA;Partido Liberal Colombiano;PARTIDO LIBERAL COLOMBIANO;41
SOCOTA;Partido Centro Democrático;PARTIDO CENTRO DEMOCRÁTICO;35
SOCOTA;Olga Yaneth Beltran Dorado;PARTIDO CENTRO DEMOCRÁTICO;31
SOCOTA;Pedro Jose Suarez Vacca;PACTO HISTÓRICO;30
SOCOTA;Pacto Histórico;PACTO HISTÓRICO;28
SOCOTA;Karol Ricardo Ramirez Silva;PACTO HISTÓRICO;27
SOCOTA;Wilder Ivan Suesca Ochoa;PARTIDO CONSERVADOR COLOMBIANO;27
SOCOTA;Karen Lucia Molano Granados;PARTIDO ALIANZA VERDE;24
SOCOTA;Oscar Leonardo Avila Romero;PARTIDO CAMBIO RADICAL;21
SOCOTA;Hector Angel Ortiz Nuñez;PARTIDO CENTRO DEMOCRÁTICO;18
SOCOTA;Laura Andrea Bello Porras;PARTIDO ALIANZA VERDE;17
SOCOTA;Luis Alejandro Gutierrez Sanabria;PARTIDO ALIANZA VERDE;16
SOCOTA;Lupe Isabel Lopez Marquez;PARTIDO CAMBIO RADICAL;15
SOCOTA;Coalición Partidos De La U - Mira - Colombia Justa  Libres - Asi;COALICIÓN PARTIDOS DE LA U - MIRA - COLOMBIA JUSTA LIBRES - ASI;14
SOCOTA;Mayda Cecilia Velasquez Rueda;PARTIDO LIBERAL COLOMBIANO;14
SOCOTA;Monica Yanneth Quiroga Castillo;PARTIDO CAMBIO RADICAL;13
SOCOTA;Pablo Mendoza Vargas;COALICIÓN PARTIDOS DE LA U - MIRA - COLOMBIA JUSTA LIBRES - ASI;13
SOCOTA;Wilson Castiblanco Gil;PARTIDO LIBERAL COLOMBIANO;13
SOCOTA;Carolina Del Pilar Rodriguez Contreras;PACTO HISTÓRICO;12
SOCOTA;Partido Conservador Colombiano;PARTIDO CONSERVADOR COLOMBIANO;11
SOCOTA;William Donato Gomez;PARTIDO CENTRO DEMOCRÁTICO;10
SOCOTA;Henry De Jesus Puerto Vasquez;PARTIDO NUEVO LIBERALISMO;9
SOCOTA;Luis Guillermo Barrera Gutierrez;PARTIDO CAMBIO RADICAL;9
SOCOTA;Partido Cambio Radical;PARTIDO CAMBIO RADICAL;9
SOCOTA;Ingrid Marlen Sogamoso Alfonso;PARTIDO CONSERVADOR COLOMBIANO;8
SOCOTA;Leidy Alejandra Moreno Sanchez;PACTO HISTÓRICO;8
SOCOTA;Mayra Alejandra Viancha Sanabria;PARTIDO LIBERAL COLOMBIANO;8
SOCOTA;Eduar Alexis Triana Rincon;PARTIDO CENTRO DEMOCRÁTICO;7
SOCOTA;Pablo Emilio Cepeda Novoa;PARTIDO CAMBIO RADICAL;7
SOCOTA;Diana Carolina Suarez Muñoz;COALICIÓN PARTIDOS DE LA U - MIRA - COLOMBIA JUSTA LIBRES - ASI;6
SOCOTA;Partido Nuevo Liberalismo;PARTIDO NUEVO LIBERALISMO;6
SOCOTA;Cindy Yohana Bohorquez Garzon;PARTIDO CONSERVADOR COLOMBIANO;5
SOCOTA;Jonatan Sanchez Garavito;PARTIDO CAMBIO RADICAL;4
SOCOTA;Jose Dario Mahecha Castillo;PARTIDO CONSERVADOR COLOMBIANO;4
SOCOTA;Jose Fernando Morales Acuña;PARTIDO CONSERVADOR COLOMBIANO;4
SOCOTA;Maryory Catherin Ortiz Alvarez;PACTO HISTÓRICO;4
SOCOTA;Partido Político Dignidad;PARTIDO POLÍTICO DIGNIDAD;4
SOCOTA;Claudia Beatriz Duarte Acosta;PARTIDO NUEVO LIBERALISMO;3
SOCOTA;Sandro Nestor Condia Perez;PARTIDO LIBERAL COLOMBIANO;3
SOCOTA;Fernando Ríos Hidalgo;FERNANDO RÍOS HIDALGO;2
SOCOTA;Jorge Ivan Amarillo Giraldo;COALICIÓN PARTIDOS DE LA U - MIRA - COLOMBIA JUSTA LIBRES - ASI;2
SOCOTA;Olga Maria Chivata Vargas;PARTIDO NUEVO LIBERALISMO;2
SOCOTA;William Fernando Granados;PARTIDO NUEVO LIBERALISMO;2
SOCOTA;Consejo Comunitario De Los Corregimientos De San A Ntonio Y El Castillo Municipio De El Cerrito;CONSEJO COMUNITARIO DE LOS CORREGIMIENTOS DE SAN ANTONIO Y EL CASTILLO MUNICIPIO DE EL CERRITO;1
SOCOTA;Consejo Comunitario Mayor De Casimiro;CONSEJO COMUNITARIO MAYOR DE CASIMIRO;1
SOCOTA;Humphrey Roa Sarmiento;PARTIDO CONSERVADOR COLOMBIANO;1
SOGAMOSO;Luis Alejandro Gutierrez Sanabria;PARTIDO ALIANZA VERDE;3729
SOGAMOSO;Pedro Jose Suarez Vacca;PACTO HISTÓRICO;2894
SOGAMOSO;Pacto Histórico;PACTO HISTÓRICO;2712
SOGAMOSO;Wilmer Yair Castellanos Hernandez;PARTIDO ALIANZA VERDE;2598
SOGAMOSO;Luis Guillermo Barrera Gutierrez;PARTIDO CAMBIO RADICAL;2558
SOGAMOSO;Jaime Raul Salamanca Torres;PARTIDO ALIANZA VERDE;2483
SOGAMOSO;Jose Giovany Pinzon Baez;PACTO HISTÓRICO;2460
SOGAMOSO;Sandro Nestor Condia Perez;PARTIDO LIBERAL COLOMBIANO;2236
SOGAMOSO;Hector David Chaparro Chaparro;PARTIDO LIBERAL COLOMBIANO;2111
SOGAMOSO;Jorge Arturo Mayorga Esguerra;COALICIÓN PARTIDOS DE LA U - MIRA - COLOMBIA JUSTA LIBRES - ASI;1804
SOGAMOSO;Jairo Enrique Castiblanco Parra;COALICIÓN PARTIDOS DE LA U - MIRA - COLOMBIA JUSTA LIBRES - ASI;1727
SOGAMOSO;Karol Ricardo Ramirez Silva;PACTO HISTÓRICO;1218
SOGAMOSO;Hector Angel Ortiz Nuñez;PARTIDO CENTRO DEMOCRÁTICO;987
SOGAMOSO;Maryory Catherin Ortiz Alvarez;PACTO HISTÓRICO;906
SOGAMOSO;Ingrid Marlen Sogamoso Alfonso;PARTIDO CONSERVADOR COLOMBIANO;833
SOGAMOSO;German Tiberio Ojeda Pedraza;PARTIDO ALIANZA VERDE;814
SOGAMOSO;Karen Lucia Molano Granados;PARTIDO ALIANZA VERDE;801
SOGAMOSO;William Donato Gomez;PARTIDO CENTRO DEMOCRÁTICO;779
SOGAMOSO;Diana Carolina Suarez Muñoz;COALICIÓN PARTIDOS DE LA U - MIRA - COLOMBIA JUSTA LIBRES - ASI;733
SOGAMOSO;Partido Alianza Verde;PARTIDO ALIANZA VERDE;677
SOGAMOSO;Jorge Eliecer Cortes Martinez;PARTIDO LIBERAL COLOMBIANO;591
SOGAMOSO;Jonatan Sanchez Garavito;PARTIDO CAMBIO RADICAL;545
SOGAMOSO;Guillermo Leonardo Sanchez Sanchez;PARTIDO CENTRO DEMOCRÁTICO;543
SOGAMOSO;Eduar Alexis Triana Rincon;PARTIDO CENTRO DEMOCRÁTICO;507
SOGAMOSO;Leidy Alejandra Moreno Sanchez;PACTO HISTÓRICO;482
SOGAMOSO;Wilson Castiblanco Gil;PARTIDO LIBERAL COLOMBIANO;470
SOGAMOSO;Olga Yaneth Beltran Dorado;PARTIDO CENTRO DEMOCRÁTICO;418
SOGAMOSO;Jorge Ivan Amarillo Giraldo;COALICIÓN PARTIDOS DE LA U - MIRA - COLOMBIA JUSTA LIBRES - ASI;350
SOGAMOSO;Jose Fernando Morales Acuña;PARTIDO CONSERVADOR COLOMBIANO;344
SOGAMOSO;Humphrey Roa Sarmiento;PARTIDO CONSERVADOR COLOMBIANO;337
SOGAMOSO;Carolina Del Pilar Rodriguez Contreras;PACTO HISTÓRICO;332
SOGAMOSO;Laura Andrea Bello Porras;PARTIDO ALIANZA VERDE;321
SOGAMOSO;Partido Centro Democrático;PARTIDO CENTRO DEMOCRÁTICO;320
SOGAMOSO;Oscar Leonardo Avila Romero;PARTIDO CAMBIO RADICAL;299
SOGAMOSO;Mayda Cecilia Velasquez Rueda;PARTIDO LIBERAL COLOMBIANO;263
SOGAMOSO;Partido Liberal Colombiano;PARTIDO LIBERAL COLOMBIANO;245
SOGAMOSO;Partido Nuevo Liberalismo;PARTIDO NUEVO LIBERALISMO;241
SOGAMOSO;Jose Dario Mahecha Castillo;PARTIDO CONSERVADOR COLOMBIANO;200
SOGAMOSO;Wilder Ivan Suesca Ochoa;PARTIDO CONSERVADOR COLOMBIANO;200
SOGAMOSO;Mayra Alejandra Viancha Sanabria;PARTIDO LIBERAL COLOMBIANO;187
SOGAMOSO;Pablo Emilio Cepeda Novoa;PARTIDO CAMBIO RADICAL;187
SOGAMOSO;Cindy Yohana Bohorquez Garzon;PARTIDO CONSERVADOR COLOMBIANO;173
SOGAMOSO;Partido Conservador Colombiano;PARTIDO CONSERVADOR COLOMBIANO;152
SOGAMOSO;Olga Maria Chivata Vargas;PARTIDO NUEVO LIBERALISMO;149
SOGAMOSO;Olga Natalie Manrique Abril;COALICIÓN PARTIDOS DE LA U - MIRA - COLOMBIA JUSTA LIBRES - ASI;146
SOGAMOSO;Coalición Partidos De La U - Mira - Colombia Justa  Libres - Asi;COALICIÓN PARTIDOS DE LA U - MIRA - COLOMBIA JUSTA LIBRES - ASI;145
SOGAMOSO;Lupe Isabel Lopez Marquez;PARTIDO CAMBIO RADICAL;142
SOGAMOSO;William Fernando Granados;PARTIDO NUEVO LIBERALISMO;142
SOGAMOSO;Nidia Milena Torres Paez;PARTIDO CENTRO DEMOCRÁTICO;137
SOGAMOSO;Pablo Mendoza Vargas;COALICIÓN PARTIDOS DE LA U - MIRA - COLOMBIA JUSTA LIBRES - ASI;112
SOGAMOSO;Monica Yanneth Quiroga Castillo;PARTIDO CAMBIO RADICAL;105
SOGAMOSO;Partido Político Dignidad;PARTIDO POLÍTICO DIGNIDAD;102
SOGAMOSO;Partido Cambio Radical;PARTIDO CAMBIO RADICAL;98
SOGAMOSO;Claudia Beatriz Duarte Acosta;PARTIDO NUEVO LIBERALISMO;93
SOGAMOSO;Henry De Jesus Puerto Vasquez;PARTIDO NUEVO LIBERALISMO;88
SOGAMOSO;Movimiento De Salvación Nacional;MOVIMIENTO DE SALVACIÓN NACIONAL;68
SOGAMOSO;Fernando Ríos Hidalgo;FERNANDO RÍOS HIDALGO;39
SOGAMOSO;Jorge Ivan Mina Lasso;CONSEJO COMUNITARIO MANUEL ZAPATA OLIVELLA DE SAN ANTERO;19
SOGAMOSO;Ariel Rosebel Palacios Angulo;C.C LA TOMA;16
SOGAMOSO;Ali Bantu Ashanti;C.C LA TOMA;14
SOGAMOSO;Consejo Comunitario De La Comunidad Negra Limones;CONSEJO COMUNITARIO DE LA COMUNIDAD NEGRA LIMONES;10
SOGAMOSO;Juvenal Arrieta Gonzalez;"MOVIMIENTO ALTERNATIVO INDÍGENA SOCIAL ""MAIS""";10
SOGAMOSO;Maria Yolanda Figueroa Celis;PARTIDO INDÍGENA COLOMBIANO P.I.C;10
SOGAMOSO;Consejo Comunitario De Comunidades Negras De Guaya Bal;CONSEJO COMUNITARIO DE COMUNIDADES NEGRAS DE GUAYABAL;9
SOGAMOSO;Norman David Bañol Alvarez;"MOVIMIENTO ALTERNATIVO INDÍGENA SOCIAL ""MAIS""";8
SOGAMOSO;Partido Indígena Colombiano P.I.C;PARTIDO INDÍGENA COLOMBIANO P.I.C;8
SOGAMOSO;Consejo Comunitario Integral De Lloró;CONSEJO COMUNITARIO INTEGRAL DE LLORÓ;7
SOGAMOSO;Andres Alfonso Tarazona Parra;CONSEJO COMUNITARIO DE COMUNIDADES NEGRAS SOCOLANDO;5
SOGAMOSO;Consejo Comunitario Mayor De Casimiro;CONSEJO COMUNITARIO MAYOR DE CASIMIRO;5
SOGAMOSO;"Movimiento Alternativo Indígena Social ""Mais""";"MOVIMIENTO ALTERNATIVO INDÍGENA SOCIAL ""MAIS""";4
SOGAMOSO;Ana Rogelia Monsalve Alvarez;PALENQUE DE LA VEREDA LAS TRECIENTAS Y DEL MUNICIPIO DE GALAPA;3
SOGAMOSO;C.C La Toma;C.C LA TOMA;3
SOGAMOSO;Consejo Comunitario Manuel Zapata Olivella De San Antero;CONSEJO COMUNITARIO MANUEL ZAPATA OLIVELLA DE SAN ANTERO;3
SOGAMOSO;Ermes Rafael Urzola De La Barrera;ASOCIACIÓN NACIONAL DE CABILDOS Y AUTORIDADES INDÍGENAS EN COLOMBIA ANICOL;3
SOGAMOSO;Guillermo Alfredo Rodriguez Quispe;"MOVIMIENTO AUTORIDADES INDÍGENAS DE COLOMBIA ""AICO""";3
SOGAMOSO;"Movimiento Autoridades Indígenas De Colombia ""Aico """;"MOVIMIENTO AUTORIDADES INDÍGENAS DE COLOMBIA ""AICO""";3
SOGAMOSO;Nicolas Alberto Palacio Delgado;CONSEJO COMUNITARIO UNIÓN PATÍA VIEJO;3
SOGAMOSO;Asociación Nacional De Cabildos Y Autoridades Indí Genas En Colombia Anicol;ASOCIACIÓN NACIONAL DE CABILDOS Y AUTORIDADES INDÍGENAS EN COLOMBIA ANICOL;2
SOGAMOSO;Cabildo Indígena Aywjawashi;CABILDO INDÍGENA AYWJAWASHI;2
SOGAMOSO;Camilo Rivera Soto;CONSEJO COMUNITARIO AFROZABALETAS;2
SOGAMOSO;Consejo Comunitario Alto Paraíso;CONSEJO COMUNITARIO ALTO PARAÍSO;2
SOGAMOSO;Consejo Comunitario Bocas De Taparal;CONSEJO COMUNITARIO BOCAS DE TAPARAL;2
SOGAMOSO;Consejo Comunitario De Comunidades Negras De Campo  Hermoso;CONSEJO COMUNITARIO DE COMUNIDADES NEGRAS DE CAMPO HERMOSO;2
SOGAMOSO;Consejo Comunitario La Voz De Los Negros;CONSEJO COMUNITARIO LA VOZ DE LOS NEGROS;2
SOGAMOSO;Darlin Leoneida Blandon Blandon;CONSEJO COMUNITARIO DE FLAMENCO - MUNICIPIO DE MARÍA LA BAJA;2
SOGAMOSO;Dualter Gutierrez Cabiche;"MOVIMIENTO AUTORIDADES INDÍGENAS DE COLOMBIA ""AICO""";2
SOGAMOSO;Fundación Para El Desarrollo Social De Comunidades  Negras;FUNDACIÓN PARA EL DESARROLLO SOCIAL DE COMUNIDADES NEGRAS;2
SOGAMOSO;Maria Cristina Ruiz Rengifo;CONSEJO COMUNITARIO VEREDAS UNIDAS UN BIEN COMÚN;2
SOGAMOSO;Partido Colombia Renaciente;PARTIDO COLOMBIA RENACIENTE;2
SOGAMOSO;Resguardo Indígena Alta Y Media Guajira;RESGUARDO INDÍGENA ALTA Y MEDIA GUAJIRA;2
SOGAMOSO;Resguardo Indígena Zenú Del Alto San Jorge;RESGUARDO INDÍGENA ZENÚ DEL ALTO SAN JORGE;2
SOGAMOSO;Amado Aragon Garcia;CORPORACIÓN DE EDUCADORES DEL LITORAL PACIFICO CORELIPA;1
SOGAMOSO;"Asoc. Afrocol. Desplazados Mcpio. Guacarí Valle De L Cauca ""Adag""";"ASOC. AFROCOL. DESPLAZADOS MCPIO. GUACARÍ VALLE DEL CAUCA ""ADAG""";1
SOGAMOSO;Comunidad De Negros De Aguas Blancas;COMUNIDAD DE NEGROS DE AGUAS BLANCAS;1
SOGAMOSO;Consejo Comunit. Piedras Bachichi Correg. Santa Ce Cilia;CONSEJO COMUNIT. PIEDRAS BACHICHI CORREG. SANTA CECILIA;1
SOGAMOSO;Consejo Comunitario Afrozabaletas;CONSEJO COMUNITARIO AFROZABALETAS;1
SOGAMOSO;Consejo Comunitario Bocas Del Atrato Y Leoncito;CONSEJO COMUNITARIO BOCAS DEL ATRATO Y LEONCITO;1
SOGAMOSO;Consejo Comunitario De Comunidades Negras Socoland O;CONSEJO COMUNITARIO DE COMUNIDADES NEGRAS SOCOLANDO;1
SOGAMOSO;Consejo Comunitario De La Comunidad Negra De Villa  Gloria;CONSEJO COMUNITARIO DE LA COMUNIDAD NEGRA DE VILLA GLORIA;1
SOGAMOSO;"Consejo Comunitario De La Costa Pacífica ""Concosta """;"CONSEJO COMUNITARIO DE LA COSTA PACÍFICA ""CONCOSTA""";1
SOGAMOSO;Consejo Comunitario Del Guabal;CONSEJO COMUNITARIO DEL GUABAL;1
SOGAMOSO;Consejo Comunitario Mayor De Certegui;CONSEJO COMUNITARIO MAYOR DE CERTEGUI;1
SOGAMOSO;Gustavo Adolfo Araujo Baute;CONSEJO COMUNITARIO ARCILLA, CARDÓN Y TUNA;1
SOGAMOSO;Hector Fabian Davila Orozco;CONSEJO COMUNITARIO MAYOR DE CASIMIRO;1
SOGAMOSO;Idalmy Minotta Teran;C.C LA TOMA;1
SOGAMOSO;Isaias Arias Aragon;CONSEJO COMUNITARIO MAYOR DE CERTEGUI;1
SOGAMOSO;Luz Elena Mosquera Bazan;CONSEJO COMUNITARIO PUERTO GIRÓN;1
SOGAMOSO;Movimiento Alianza Democrática Amplia;MOVIMIENTO ALIANZA DEMOCRÁTICA AMPLIA;1
SOGAMOSO;Pedro Adan Torres Perez;PALENQUE DE LA VEREDA LAS TRECIENTAS Y DEL MUNICIPIO DE GALAPA;1
SOGAMOSO;Raymond Smith Palomeque Pino;CONSEJO COMUNITARIO MAYOR DE CERTEGUI;1
SOGAMOSO;Roger Albeiro Guzman Lugo;CONSEJO COMUNITARIO PUERTO GIRÓN;1
SOGAMOSO;Somos Identidad;SOMOS IDENTIDAD;1
SOGAMOSO;Yorly Jimena Floriano Hernandez;CONSEJO COMUNITARIO MAYOR DE CASIMIRO;1
SOMONDOCO;Jaime Raul Salamanca Torres;PARTIDO ALIANZA VERDE;215
SOMONDOCO;Ingrid Marlen Sogamoso Alfonso;PARTIDO CONSERVADOR COLOMBIANO;147
SOMONDOCO;Mayda Cecilia Velasquez Rueda;PARTIDO LIBERAL COLOMBIANO;134
SOMONDOCO;Wilmer Yair Castellanos Hernandez;PARTIDO ALIANZA VERDE;97
SOMONDOCO;Cindy Yohana Bohorquez Garzon;PARTIDO CONSERVADOR COLOMBIANO;82
SOMONDOCO;Wilder Ivan Suesca Ochoa;PARTIDO CONSERVADOR COLOMBIANO;64
SOMONDOCO;Eduar Alexis Triana Rincon;PARTIDO CENTRO DEMOCRÁTICO;42
SOMONDOCO;Humphrey Roa Sarmiento;PARTIDO CONSERVADOR COLOMBIANO;31
SOMONDOCO;Partido Alianza Verde;PARTIDO ALIANZA VERDE;29
SOMONDOCO;Jose Giovany Pinzon Baez;PACTO HISTÓRICO;26
SOMONDOCO;Pacto Histórico;PACTO HISTÓRICO;25
SOMONDOCO;Partido Conservador Colombiano;PARTIDO CONSERVADOR COLOMBIANO;23
SOMONDOCO;Jose Dario Mahecha Castillo;PARTIDO CONSERVADOR COLOMBIANO;18
SOMONDOCO;Jonatan Sanchez Garavito;PARTIDO CAMBIO RADICAL;17
SOMONDOCO;German Tiberio Ojeda Pedraza;PARTIDO ALIANZA VERDE;15
SOMONDOCO;Karen Lucia Molano Granados;PARTIDO ALIANZA VERDE;13
SOMONDOCO;Olga Yaneth Beltran Dorado;PARTIDO CENTRO DEMOCRÁTICO;12
SOMONDOCO;Pablo Emilio Cepeda Novoa;PARTIDO CAMBIO RADICAL;11
SOMONDOCO;Luis Alejandro Gutierrez Sanabria;PARTIDO ALIANZA VERDE;10
SOMONDOCO;Partido Centro Democrático;PARTIDO CENTRO DEMOCRÁTICO;8
SOMONDOCO;Wilson Castiblanco Gil;PARTIDO LIBERAL COLOMBIANO;8
SOMONDOCO;Laura Andrea Bello Porras;PARTIDO ALIANZA VERDE;7
SOMONDOCO;Hector Angel Ortiz Nuñez;PARTIDO CENTRO DEMOCRÁTICO;6
SOMONDOCO;Jorge Eliecer Cortes Martinez;PARTIDO LIBERAL COLOMBIANO;6
SOMONDOCO;Lupe Isabel Lopez Marquez;PARTIDO CAMBIO RADICAL;5
SOMONDOCO;Partido Liberal Colombiano;PARTIDO LIBERAL COLOMBIANO;4
SOMONDOCO;Pedro Jose Suarez Vacca;PACTO HISTÓRICO;4
SOMONDOCO;Carolina Del Pilar Rodriguez Contreras;PACTO HISTÓRICO;3
SOMONDOCO;Diana Carolina Suarez Muñoz;COALICIÓN PARTIDOS DE LA U - MIRA - COLOMBIA JUSTA LIBRES - ASI;3
SOMONDOCO;Guillermo Leonardo Sanchez Sanchez;PARTIDO CENTRO DEMOCRÁTICO;3
SOMONDOCO;Jorge Ivan Amarillo Giraldo;COALICIÓN PARTIDOS DE LA U - MIRA - COLOMBIA JUSTA LIBRES - ASI;3
SOMONDOCO;Monica Yanneth Quiroga Castillo;PARTIDO CAMBIO RADICAL;3
SOMONDOCO;Nidia Milena Torres Paez;PARTIDO CENTRO DEMOCRÁTICO;3
SOMONDOCO;Oscar Leonardo Avila Romero;PARTIDO CAMBIO RADICAL;3
SOMONDOCO;Partido Cambio Radical;PARTIDO CAMBIO RADICAL;3
SOMONDOCO;Partido Nuevo Liberalismo;PARTIDO NUEVO LIBERALISMO;3
SOMONDOCO;William Donato Gomez;PARTIDO CENTRO DEMOCRÁTICO;3
SOMONDOCO;Coalición Partidos De La U - Mira - Colombia Justa  Libres - Asi;COALICIÓN PARTIDOS DE LA U - MIRA - COLOMBIA JUSTA LIBRES - ASI;2
SOMONDOCO;Jairo Enrique Castiblanco Parra;COALICIÓN PARTIDOS DE LA U - MIRA - COLOMBIA JUSTA LIBRES - ASI;2
SOMONDOCO;Karol Ricardo Ramirez Silva;PACTO HISTÓRICO;2
SOMONDOCO;Leidy Alejandra Moreno Sanchez;PACTO HISTÓRICO;2
SOMONDOCO;Maryory Catherin Ortiz Alvarez;PACTO HISTÓRICO;2
SOMONDOCO;Olga Maria Chivata Vargas;PARTIDO NUEVO LIBERALISMO;2
SOMONDOCO;Consejo Comunitario De La Comunidad Negra Limones;CONSEJO COMUNITARIO DE LA COMUNIDAD NEGRA LIMONES;1
SOMONDOCO;Hector David Chaparro Chaparro;PARTIDO LIBERAL COLOMBIANO;1
SOMONDOCO;Henry De Jesus Puerto Vasquez;PARTIDO NUEVO LIBERALISMO;1
SOMONDOCO;Jorge Arturo Mayorga Esguerra;COALICIÓN PARTIDOS DE LA U - MIRA - COLOMBIA JUSTA LIBRES - ASI;1
SOMONDOCO;Luis Guillermo Barrera Gutierrez;PARTIDO CAMBIO RADICAL;1
SOMONDOCO;Olga Natalie Manrique Abril;COALICIÓN PARTIDOS DE LA U - MIRA - COLOMBIA JUSTA LIBRES - ASI;1
SOMONDOCO;Partido Político Dignidad;PARTIDO POLÍTICO DIGNIDAD;1
SORA;Jaime Raul Salamanca Torres;PARTIDO ALIANZA VERDE;127
SORA;Wilson Castiblanco Gil;PARTIDO LIBERAL COLOMBIANO;127
SORA;Hector David Chaparro Chaparro;PARTIDO LIBERAL COLOMBIANO;104
SORA;Jose Giovany Pinzon Baez;PACTO HISTÓRICO;102
SORA;Luis Guillermo Barrera Gutierrez;PARTIDO CAMBIO RADICAL;100
SORA;Wilmer Yair Castellanos Hernandez;PARTIDO ALIANZA VERDE;99
SORA;Jorge Eliecer Cortes Martinez;PARTIDO LIBERAL COLOMBIANO;59
SORA;Ingrid Marlen Sogamoso Alfonso;PARTIDO CONSERVADOR COLOMBIANO;46
SORA;Oscar Leonardo Avila Romero;PARTIDO CAMBIO RADICAL;42
SORA;Wilder Ivan Suesca Ochoa;PARTIDO CONSERVADOR COLOMBIANO;41
SORA;Jairo Enrique Castiblanco Parra;COALICIÓN PARTIDOS DE LA U - MIRA - COLOMBIA JUSTA LIBRES - ASI;39
SORA;Luis Alejandro Gutierrez Sanabria;PARTIDO ALIANZA VERDE;36
SORA;Pablo Emilio Cepeda Novoa;PARTIDO CAMBIO RADICAL;33
SORA;Pacto Histórico;PACTO HISTÓRICO;30
SORA;Partido Alianza Verde;PARTIDO ALIANZA VERDE;30
SORA;Pedro Jose Suarez Vacca;PACTO HISTÓRICO;29
SORA;Hector Angel Ortiz Nuñez;PARTIDO CENTRO DEMOCRÁTICO;28
SORA;Jonatan Sanchez Garavito;PARTIDO CAMBIO RADICAL;25
SORA;German Tiberio Ojeda Pedraza;PARTIDO ALIANZA VERDE;24
SORA;Jorge Ivan Amarillo Giraldo;COALICIÓN PARTIDOS DE LA U - MIRA - COLOMBIA JUSTA LIBRES - ASI;19
SORA;Guillermo Leonardo Sanchez Sanchez;PARTIDO CENTRO DEMOCRÁTICO;13
SORA;Laura Andrea Bello Porras;PARTIDO ALIANZA VERDE;13
SORA;Olga Yaneth Beltran Dorado;PARTIDO CENTRO DEMOCRÁTICO;13
SORA;William Donato Gomez;PARTIDO CENTRO DEMOCRÁTICO;9
SORA;Carolina Del Pilar Rodriguez Contreras;PACTO HISTÓRICO;8
SORA;Eduar Alexis Triana Rincon;PARTIDO CENTRO DEMOCRÁTICO;8
SORA;Leidy Alejandra Moreno Sanchez;PACTO HISTÓRICO;8
SORA;Partido Centro Democrático;PARTIDO CENTRO DEMOCRÁTICO;8
SORA;Humphrey Roa Sarmiento;PARTIDO CONSERVADOR COLOMBIANO;7
SORA;Partido Político Dignidad;PARTIDO POLÍTICO DIGNIDAD;7
SORA;Lupe Isabel Lopez Marquez;PARTIDO CAMBIO RADICAL;6
SORA;Partido Liberal Colombiano;PARTIDO LIBERAL COLOMBIANO;6
SORA;Karen Lucia Molano Granados;PARTIDO ALIANZA VERDE;5
SORA;Maryory Catherin Ortiz Alvarez;PACTO HISTÓRICO;5
SORA;Jose Fernando Morales Acuña;PARTIDO CONSERVADOR COLOMBIANO;4
SORA;Karol Ricardo Ramirez Silva;PACTO HISTÓRICO;4
SORA;Mayda Cecilia Velasquez Rueda;PARTIDO LIBERAL COLOMBIANO;4
SORA;Nidia Milena Torres Paez;PARTIDO CENTRO DEMOCRÁTICO;4
SORA;Cindy Yohana Bohorquez Garzon;PARTIDO CONSERVADOR COLOMBIANO;3
SORA;Diana Carolina Suarez Muñoz;COALICIÓN PARTIDOS DE LA U - MIRA - COLOMBIA JUSTA LIBRES - ASI;3
SORA;Jose Dario Mahecha Castillo;PARTIDO CONSERVADOR COLOMBIANO;3
SORA;Mayra Alejandra Viancha Sanabria;PARTIDO LIBERAL COLOMBIANO;3
SORA;Monica Yanneth Quiroga Castillo;PARTIDO CAMBIO RADICAL;3
SORA;Movimiento De Salvación Nacional;MOVIMIENTO DE SALVACIÓN NACIONAL;3
SORA;Olga Natalie Manrique Abril;COALICIÓN PARTIDOS DE LA U - MIRA - COLOMBIA JUSTA LIBRES - ASI;3
SORA;Partido Nuevo Liberalismo;PARTIDO NUEVO LIBERALISMO;3
SORA;Claudia Beatriz Duarte Acosta;PARTIDO NUEVO LIBERALISMO;2
SORA;Coalición Partidos De La U - Mira - Colombia Justa  Libres - Asi;COALICIÓN PARTIDOS DE LA U - MIRA - COLOMBIA JUSTA LIBRES - ASI;2
SORA;Jorge Arturo Mayorga Esguerra;COALICIÓN PARTIDOS DE LA U - MIRA - COLOMBIA JUSTA LIBRES - ASI;2
SORA;Sandro Nestor Condia Perez;PARTIDO LIBERAL COLOMBIANO;2
SORA;Henry De Jesus Puerto Vasquez;PARTIDO NUEVO LIBERALISMO;1
SORA;Olga Maria Chivata Vargas;PARTIDO NUEVO LIBERALISMO;1
SORA;Pablo Mendoza Vargas;COALICIÓN PARTIDOS DE LA U - MIRA - COLOMBIA JUSTA LIBRES - ASI;1
SORA;Partido Conservador Colombiano;PARTIDO CONSERVADOR COLOMBIANO;1
SORA;William Fernando Granados;PARTIDO NUEVO LIBERALISMO;1
SORACA;Jose Giovany Pinzon Baez;PACTO HISTÓRICO;231
SORACA;Ingrid Marlen Sogamoso Alfonso;PARTIDO CONSERVADOR COLOMBIANO;203
SORACA;Jonatan Sanchez Garavito;PARTIDO CAMBIO RADICAL;186
SORACA;Wilder Ivan Suesca Ochoa;PARTIDO CONSERVADOR COLOMBIANO;186
SORACA;Wilson Castiblanco Gil;PARTIDO LIBERAL COLOMBIANO;180
SORACA;Hector David Chaparro Chaparro;PARTIDO LIBERAL COLOMBIANO;179
SORACA;Jaime Raul Salamanca Torres;PARTIDO ALIANZA VERDE;138
SORACA;Oscar Leonardo Avila Romero;PARTIDO CAMBIO RADICAL;125
SORACA;German Tiberio Ojeda Pedraza;PARTIDO ALIANZA VERDE;115
SORACA;Pedro Jose Suarez Vacca;PACTO HISTÓRICO;100
SORACA;Wilmer Yair Castellanos Hernandez;PARTIDO ALIANZA VERDE;99
SORACA;Jairo Enrique Castiblanco Parra;COALICIÓN PARTIDOS DE LA U - MIRA - COLOMBIA JUSTA LIBRES - ASI;58
SORACA;Pacto Histórico;PACTO HISTÓRICO;53
SORACA;Partido Alianza Verde;PARTIDO ALIANZA VERDE;50
SORACA;Pablo Emilio Cepeda Novoa;PARTIDO CAMBIO RADICAL;47
SORACA;Jorge Eliecer Cortes Martinez;PARTIDO LIBERAL COLOMBIANO;46
SORACA;Luis Alejandro Gutierrez Sanabria;PARTIDO ALIANZA VERDE;43
SORACA;Karen Lucia Molano Granados;PARTIDO ALIANZA VERDE;39
SORACA;Olga Yaneth Beltran Dorado;PARTIDO CENTRO DEMOCRÁTICO;27
SORACA;Carolina Del Pilar Rodriguez Contreras;PACTO HISTÓRICO;24
SORACA;Guillermo Leonardo Sanchez Sanchez;PARTIDO CENTRO DEMOCRÁTICO;24
SORACA;Hector Angel Ortiz Nuñez;PARTIDO CENTRO DEMOCRÁTICO;24
SORACA;Humphrey Roa Sarmiento;PARTIDO CONSERVADOR COLOMBIANO;24
SORACA;Luis Guillermo Barrera Gutierrez;PARTIDO CAMBIO RADICAL;24
SORACA;Jose Fernando Morales Acuña;PARTIDO CONSERVADOR COLOMBIANO;23
SORACA;Cindy Yohana Bohorquez Garzon;PARTIDO CONSERVADOR COLOMBIANO;20
SORACA;Maryory Catherin Ortiz Alvarez;PACTO HISTÓRICO;20
SORACA;Jose Dario Mahecha Castillo;PARTIDO CONSERVADOR COLOMBIANO;19
SORACA;Leidy Alejandra Moreno Sanchez;PACTO HISTÓRICO;19
SORACA;Laura Andrea Bello Porras;PARTIDO ALIANZA VERDE;18
SORACA;Partido Conservador Colombiano;PARTIDO CONSERVADOR COLOMBIANO;18
SORACA;Partido Liberal Colombiano;PARTIDO LIBERAL COLOMBIANO;16
SORACA;Diana Carolina Suarez Muñoz;COALICIÓN PARTIDOS DE LA U - MIRA - COLOMBIA JUSTA LIBRES - ASI;15
SORACA;Karol Ricardo Ramirez Silva;PACTO HISTÓRICO;14
SORACA;Eduar Alexis Triana Rincon;PARTIDO CENTRO DEMOCRÁTICO;11
SORACA;Mayda Cecilia Velasquez Rueda;PARTIDO LIBERAL COLOMBIANO;11
SORACA;Partido Cambio Radical;PARTIDO CAMBIO RADICAL;11
SORACA;Jorge Ivan Amarillo Giraldo;COALICIÓN PARTIDOS DE LA U - MIRA - COLOMBIA JUSTA LIBRES - ASI;10
SORACA;Monica Yanneth Quiroga Castillo;PARTIDO CAMBIO RADICAL;9
SORACA;Henry De Jesus Puerto Vasquez;PARTIDO NUEVO LIBERALISMO;8
SORACA;Lupe Isabel Lopez Marquez;PARTIDO CAMBIO RADICAL;7
SORACA;Nidia Milena Torres Paez;PARTIDO CENTRO DEMOCRÁTICO;7
SORACA;Pablo Mendoza Vargas;COALICIÓN PARTIDOS DE LA U - MIRA - COLOMBIA JUSTA LIBRES - ASI;6
SORACA;Partido Centro Democrático;PARTIDO CENTRO DEMOCRÁTICO;6
SORACA;William Donato Gomez;PARTIDO CENTRO DEMOCRÁTICO;6
SORACA;Partido Nuevo Liberalismo;PARTIDO NUEVO LIBERALISMO;5
SORACA;Sandro Nestor Condia Perez;PARTIDO LIBERAL COLOMBIANO;5
SORACA;Coalición Partidos De La U - Mira - Colombia Justa  Libres - Asi;COALICIÓN PARTIDOS DE LA U - MIRA - COLOMBIA JUSTA LIBRES - ASI;4
SORACA;Mayra Alejandra Viancha Sanabria;PARTIDO LIBERAL COLOMBIANO;4
SORACA;Olga Maria Chivata Vargas;PARTIDO NUEVO LIBERALISMO;4
SORACA;Olga Natalie Manrique Abril;COALICIÓN PARTIDOS DE LA U - MIRA - COLOMBIA JUSTA LIBRES - ASI;4
SORACA;Jorge Arturo Mayorga Esguerra;COALICIÓN PARTIDOS DE LA U - MIRA - COLOMBIA JUSTA LIBRES - ASI;3
SORACA;Movimiento De Salvación Nacional;MOVIMIENTO DE SALVACIÓN NACIONAL;3
SORACA;William Fernando Granados;PARTIDO NUEVO LIBERALISMO;3
SORACA;Partido Político Dignidad;PARTIDO POLÍTICO DIGNIDAD;2
SORACA;Camilo Rivera Soto;CONSEJO COMUNITARIO AFROZABALETAS;1
SORACA;Cenobia Torcuato Caicedo;"MOVIMIENTO ALTERNATIVO INDÍGENA SOCIAL ""MAIS""";1
SORACA;Claudia Beatriz Duarte Acosta;PARTIDO NUEVO LIBERALISMO;1
SORACA;Consejo Comunitario Integral De Lloró;CONSEJO COMUNITARIO INTEGRAL DE LLORÓ;1
SORACA;Consejo Comunitario Manuel Zapata Olivella De San Antero;CONSEJO COMUNITARIO MANUEL ZAPATA OLIVELLA DE SAN ANTERO;1
SORACA;Dualter Gutierrez Cabiche;"MOVIMIENTO AUTORIDADES INDÍGENAS DE COLOMBIA ""AICO""";1
SORACA;Norman David Bañol Alvarez;"MOVIMIENTO ALTERNATIVO INDÍGENA SOCIAL ""MAIS""";1
SORACA;Victor Hugo Hinestroza Obregon;CONSEJO COMUNITARIO DE VUELTA MANZA;1
SOTAQUIRA;Jaime Raul Salamanca Torres;PARTIDO ALIANZA VERDE;1059
SOTAQUIRA;Oscar Leonardo Avila Romero;PARTIDO CAMBIO RADICAL;281
SOTAQUIRA;Wilder Ivan Suesca Ochoa;PARTIDO CONSERVADOR COLOMBIANO;211
SOTAQUIRA;Hector Angel Ortiz Nuñez;PARTIDO CENTRO DEMOCRÁTICO;139
SOTAQUIRA;Jose Giovany Pinzon Baez;PACTO HISTÓRICO;92
SOTAQUIRA;Pedro Jose Suarez Vacca;PACTO HISTÓRICO;81
SOTAQUIRA;Partido Alianza Verde;PARTIDO ALIANZA VERDE;76
SOTAQUIRA;Hector David Chaparro Chaparro;PARTIDO LIBERAL COLOMBIANO;66
SOTAQUIRA;Ingrid Marlen Sogamoso Alfonso;PARTIDO CONSERVADOR COLOMBIANO;51
SOTAQUIRA;Olga Yaneth Beltran Dorado;PARTIDO CENTRO DEMOCRÁTICO;51
SOTAQUIRA;German Tiberio Ojeda Pedraza;PARTIDO ALIANZA VERDE;47
SOTAQUIRA;Jorge Eliecer Cortes Martinez;PARTIDO LIBERAL COLOMBIANO;40
SOTAQUIRA;Pacto Histórico;PACTO HISTÓRICO;37
SOTAQUIRA;Wilmer Yair Castellanos Hernandez;PARTIDO ALIANZA VERDE;37
SOTAQUIRA;Guillermo Leonardo Sanchez Sanchez;PARTIDO CENTRO DEMOCRÁTICO;35
SOTAQUIRA;Partido Centro Democrático;PARTIDO CENTRO DEMOCRÁTICO;34
SOTAQUIRA;Wilson Castiblanco Gil;PARTIDO LIBERAL COLOMBIANO;31
SOTAQUIRA;William Donato Gomez;PARTIDO CENTRO DEMOCRÁTICO;29
SOTAQUIRA;Luis Alejandro Gutierrez Sanabria;PARTIDO ALIANZA VERDE;27
SOTAQUIRA;Jose Dario Mahecha Castillo;PARTIDO CONSERVADOR COLOMBIANO;25
SOTAQUIRA;Karen Lucia Molano Granados;PARTIDO ALIANZA VERDE;22
SOTAQUIRA;Pablo Emilio Cepeda Novoa;PARTIDO CAMBIO RADICAL;18
SOTAQUIRA;Partido Conservador Colombiano;PARTIDO CONSERVADOR COLOMBIANO;18
SOTAQUIRA;Henry De Jesus Puerto Vasquez;PARTIDO NUEVO LIBERALISMO;17
SOTAQUIRA;Eduar Alexis Triana Rincon;PARTIDO CENTRO DEMOCRÁTICO;16
SOTAQUIRA;Jonatan Sanchez Garavito;PARTIDO CAMBIO RADICAL;15
SOTAQUIRA;Nidia Milena Torres Paez;PARTIDO CENTRO DEMOCRÁTICO;15
SOTAQUIRA;Partido Nuevo Liberalismo;PARTIDO NUEVO LIBERALISMO;15
SOTAQUIRA;Mayda Cecilia Velasquez Rueda;PARTIDO LIBERAL COLOMBIANO;14
SOTAQUIRA;Monica Yanneth Quiroga Castillo;PARTIDO CAMBIO RADICAL;13
SOTAQUIRA;Maryory Catherin Ortiz Alvarez;PACTO HISTÓRICO;12
SOTAQUIRA;Partido Cambio Radical;PARTIDO CAMBIO RADICAL;12
SOTAQUIRA;Jairo Enrique Castiblanco Parra;COALICIÓN PARTIDOS DE LA U - MIRA - COLOMBIA JUSTA LIBRES - ASI;11
SOTAQUIRA;Lupe Isabel Lopez Marquez;PARTIDO CAMBIO RADICAL;11
SOTAQUIRA;Olga Maria Chivata Vargas;PARTIDO NUEVO LIBERALISMO;10
SOTAQUIRA;Carolina Del Pilar Rodriguez Contreras;PACTO HISTÓRICO;9
SOTAQUIRA;Cindy Yohana Bohorquez Garzon;PARTIDO CONSERVADOR COLOMBIANO;9
SOTAQUIRA;Partido Liberal Colombiano;PARTIDO LIBERAL COLOMBIANO;9
SOTAQUIRA;Karol Ricardo Ramirez Silva;PACTO HISTÓRICO;8
SOTAQUIRA;Leidy Alejandra Moreno Sanchez;PACTO HISTÓRICO;8
SOTAQUIRA;Claudia Beatriz Duarte Acosta;PARTIDO NUEVO LIBERALISMO;7
SOTAQUIRA;Luis Guillermo Barrera Gutierrez;PARTIDO CAMBIO RADICAL;7
SOTAQUIRA;Humphrey Roa Sarmiento;PARTIDO CONSERVADOR COLOMBIANO;6
SOTAQUIRA;Jorge Ivan Amarillo Giraldo;COALICIÓN PARTIDOS DE LA U - MIRA - COLOMBIA JUSTA LIBRES - ASI;6
SOTAQUIRA;Diana Carolina Suarez Muñoz;COALICIÓN PARTIDOS DE LA U - MIRA - COLOMBIA JUSTA LIBRES - ASI;4
SOTAQUIRA;Laura Andrea Bello Porras;PARTIDO ALIANZA VERDE;4
SOTAQUIRA;Coalición Partidos De La U - Mira - Colombia Justa  Libres - Asi;COALICIÓN PARTIDOS DE LA U - MIRA - COLOMBIA JUSTA LIBRES - ASI;3
SOTAQUIRA;Jose Fernando Morales Acuña;PARTIDO CONSERVADOR COLOMBIANO;3
SOTAQUIRA;Mayra Alejandra Viancha Sanabria;PARTIDO LIBERAL COLOMBIANO;2
SOTAQUIRA;Olga Natalie Manrique Abril;COALICIÓN PARTIDOS DE LA U - MIRA - COLOMBIA JUSTA LIBRES - ASI;2
SOTAQUIRA;Pablo Mendoza Vargas;COALICIÓN PARTIDOS DE LA U - MIRA - COLOMBIA JUSTA LIBRES - ASI;2
SOTAQUIRA;Partido Político Dignidad;PARTIDO POLÍTICO DIGNIDAD;2
SOTAQUIRA;Sandro Nestor Condia Perez;PARTIDO LIBERAL COLOMBIANO;2
SOTAQUIRA;William Fernando Granados;PARTIDO NUEVO LIBERALISMO;2
SOTAQUIRA;Camilo Rivera Soto;CONSEJO COMUNITARIO AFROZABALETAS;1
SOTAQUIRA;Consejo Comunitario Rescate Las Varas;CONSEJO COMUNITARIO RESCATE LAS VARAS;1
SOTAQUIRA;Fernando Ríos Hidalgo;FERNANDO RÍOS HIDALGO;1
SOTAQUIRA;Jorge Arturo Mayorga Esguerra;COALICIÓN PARTIDOS DE LA U - MIRA - COLOMBIA JUSTA LIBRES - ASI;1
SOTAQUIRA;Movimiento De Salvación Nacional;MOVIMIENTO DE SALVACIÓN NACIONAL;1
SUSACON;Hector Angel Ortiz Nuñez;PARTIDO CENTRO DEMOCRÁTICO;295
SUSACON;Jaime Raul Salamanca Torres;PARTIDO ALIANZA VERDE;166
SUSACON;Wilmer Yair Castellanos Hernandez;PARTIDO ALIANZA VERDE;139
SUSACON;Jose Giovany Pinzon Baez;PACTO HISTÓRICO;103
SUSACON;Guillermo Leonardo Sanchez Sanchez;PARTIDO CENTRO DEMOCRÁTICO;46
SUSACON;Jose Fernando Morales Acuña;PARTIDO CONSERVADOR COLOMBIANO;46
SUSACON;Hector David Chaparro Chaparro;PARTIDO LIBERAL COLOMBIANO;36
SUSACON;Jose Dario Mahecha Castillo;PARTIDO CONSERVADOR COLOMBIANO;22
SUSACON;Olga Yaneth Beltran Dorado;PARTIDO CENTRO DEMOCRÁTICO;22
SUSACON;Luis Guillermo Barrera Gutierrez;PARTIDO CAMBIO RADICAL;18
SUSACON;Jairo Enrique Castiblanco Parra;COALICIÓN PARTIDOS DE LA U - MIRA - COLOMBIA JUSTA LIBRES - ASI;17
SUSACON;Pedro Jose Suarez Vacca;PACTO HISTÓRICO;17
SUSACON;Wilder Ivan Suesca Ochoa;PARTIDO CONSERVADOR COLOMBIANO;16
SUSACON;German Tiberio Ojeda Pedraza;PARTIDO ALIANZA VERDE;14
SUSACON;Laura Andrea Bello Porras;PARTIDO ALIANZA VERDE;14
SUSACON;Partido Alianza Verde;PARTIDO ALIANZA VERDE;14
SUSACON;Oscar Leonardo Avila Romero;PARTIDO CAMBIO RADICAL;12
SUSACON;Partido Centro Democrático;PARTIDO CENTRO DEMOCRÁTICO;11
SUSACON;Partido Conservador Colombiano;PARTIDO CONSERVADOR COLOMBIANO;11
SUSACON;Nidia Milena Torres Paez;PARTIDO CENTRO DEMOCRÁTICO;10
SUSACON;Pacto Histórico;PACTO HISTÓRICO;9
SUSACON;Luis Alejandro Gutierrez Sanabria;PARTIDO ALIANZA VERDE;8
SUSACON;Karen Lucia Molano Granados;PARTIDO ALIANZA VERDE;7
SUSACON;Cindy Yohana Bohorquez Garzon;PARTIDO CONSERVADOR COLOMBIANO;6
SUSACON;Jonatan Sanchez Garavito;PARTIDO CAMBIO RADICAL;6
SUSACON;Jorge Ivan Amarillo Giraldo;COALICIÓN PARTIDOS DE LA U - MIRA - COLOMBIA JUSTA LIBRES - ASI;4
SUSACON;Leidy Alejandra Moreno Sanchez;PACTO HISTÓRICO;4
SUSACON;Lupe Isabel Lopez Marquez;PARTIDO CAMBIO RADICAL;4
SUSACON;Carolina Del Pilar Rodriguez Contreras;PACTO HISTÓRICO;3
SUSACON;Claudia Beatriz Duarte Acosta;PARTIDO NUEVO LIBERALISMO;3
SUSACON;Jorge Eliecer Cortes Martinez;PARTIDO LIBERAL COLOMBIANO;3
SUSACON;Karol Ricardo Ramirez Silva;PACTO HISTÓRICO;3
SUSACON;Maryory Catherin Ortiz Alvarez;PACTO HISTÓRICO;3
SUSACON;Mayra Alejandra Viancha Sanabria;PARTIDO LIBERAL COLOMBIANO;3
SUSACON;Monica Yanneth Quiroga Castillo;PARTIDO CAMBIO RADICAL;3
SUSACON;Pablo Emilio Cepeda Novoa;PARTIDO CAMBIO RADICAL;3
SUSACON;William Donato Gomez;PARTIDO CENTRO DEMOCRÁTICO;3
SUSACON;Coalición Partidos De La U - Mira - Colombia Justa  Libres - Asi;COALICIÓN PARTIDOS DE LA U - MIRA - COLOMBIA JUSTA LIBRES - ASI;2
SUSACON;Mayda Cecilia Velasquez Rueda;PARTIDO LIBERAL COLOMBIANO;2
SUSACON;Olga Maria Chivata Vargas;PARTIDO NUEVO LIBERALISMO;2
SUSACON;Partido Cambio Radical;PARTIDO CAMBIO RADICAL;2
SUSACON;Partido Liberal Colombiano;PARTIDO LIBERAL COLOMBIANO;2
SUSACON;Eduar Alexis Triana Rincon;PARTIDO CENTRO DEMOCRÁTICO;1
SUSACON;Fernando Ríos Hidalgo;FERNANDO RÍOS HIDALGO;1
SUSACON;Henry De Jesus Puerto Vasquez;PARTIDO NUEVO LIBERALISMO;1
SUSACON;Ingrid Marlen Sogamoso Alfonso;PARTIDO CONSERVADOR COLOMBIANO;1
SUSACON;Olga Natalie Manrique Abril;COALICIÓN PARTIDOS DE LA U - MIRA - COLOMBIA JUSTA LIBRES - ASI;1
SUSACON;Pablo Mendoza Vargas;COALICIÓN PARTIDOS DE LA U - MIRA - COLOMBIA JUSTA LIBRES - ASI;1
SUSACON;Partido Nuevo Liberalismo;PARTIDO NUEVO LIBERALISMO;1
SUSACON;Raymond Smith Palomeque Pino;CONSEJO COMUNITARIO MAYOR DE CERTEGUI;1
SUSACON;Sandro Nestor Condia Perez;PARTIDO LIBERAL COLOMBIANO;1
SUSACON;William Fernando Granados;PARTIDO NUEVO LIBERALISMO;1
SUTAMARCHAN;Wilmer Yair Castellanos Hernandez;PARTIDO ALIANZA VERDE;2385
SUTAMARCHAN;Guillermo Leonardo Sanchez Sanchez;PARTIDO CENTRO DEMOCRÁTICO;144
SUTAMARCHAN;Hector David Chaparro Chaparro;PARTIDO LIBERAL COLOMBIANO;129
SUTAMARCHAN;Eduar Alexis Triana Rincon;PARTIDO CENTRO DEMOCRÁTICO;127
SUTAMARCHAN;Pedro Jose Suarez Vacca;PACTO HISTÓRICO;83
SUTAMARCHAN;Jose Giovany Pinzon Baez;PACTO HISTÓRICO;50
SUTAMARCHAN;Jairo Enrique Castiblanco Parra;COALICIÓN PARTIDOS DE LA U - MIRA - COLOMBIA JUSTA LIBRES - ASI;42
SUTAMARCHAN;Partido Alianza Verde;PARTIDO ALIANZA VERDE;40
SUTAMARCHAN;Pacto Histórico;PACTO HISTÓRICO;39
SUTAMARCHAN;Karen Lucia Molano Granados;PARTIDO ALIANZA VERDE;28
SUTAMARCHAN;German Tiberio Ojeda Pedraza;PARTIDO ALIANZA VERDE;25
SUTAMARCHAN;Jaime Raul Salamanca Torres;PARTIDO ALIANZA VERDE;24
SUTAMARCHAN;Jonatan Sanchez Garavito;PARTIDO CAMBIO RADICAL;22
SUTAMARCHAN;Nidia Milena Torres Paez;PARTIDO CENTRO DEMOCRÁTICO;19
SUTAMARCHAN;Carolina Del Pilar Rodriguez Contreras;PACTO HISTÓRICO;16
SUTAMARCHAN;Wilder Ivan Suesca Ochoa;PARTIDO CONSERVADOR COLOMBIANO;16
SUTAMARCHAN;Laura Andrea Bello Porras;PARTIDO ALIANZA VERDE;13
SUTAMARCHAN;Ingrid Marlen Sogamoso Alfonso;PARTIDO CONSERVADOR COLOMBIANO;12
SUTAMARCHAN;Olga Yaneth Beltran Dorado;PARTIDO CENTRO DEMOCRÁTICO;12
SUTAMARCHAN;Partido Centro Democrático;PARTIDO CENTRO DEMOCRÁTICO;12
SUTAMARCHAN;Luis Guillermo Barrera Gutierrez;PARTIDO CAMBIO RADICAL;11
SUTAMARCHAN;Maryory Catherin Ortiz Alvarez;PACTO HISTÓRICO;11
SUTAMARCHAN;Hector Angel Ortiz Nuñez;PARTIDO CENTRO DEMOCRÁTICO;10
SUTAMARCHAN;Luis Alejandro Gutierrez Sanabria;PARTIDO ALIANZA VERDE;9
SUTAMARCHAN;Wilson Castiblanco Gil;PARTIDO LIBERAL COLOMBIANO;8
SUTAMARCHAN;Jorge Eliecer Cortes Martinez;PARTIDO LIBERAL COLOMBIANO;7
SUTAMARCHAN;Lupe Isabel Lopez Marquez;PARTIDO CAMBIO RADICAL;7
SUTAMARCHAN;Pablo Emilio Cepeda Novoa;PARTIDO CAMBIO RADICAL;7
SUTAMARCHAN;Diana Carolina Suarez Muñoz;COALICIÓN PARTIDOS DE LA U - MIRA - COLOMBIA JUSTA LIBRES - ASI;6
SUTAMARCHAN;Karol Ricardo Ramirez Silva;PACTO HISTÓRICO;6
SUTAMARCHAN;Olga Natalie Manrique Abril;COALICIÓN PARTIDOS DE LA U - MIRA - COLOMBIA JUSTA LIBRES - ASI;6
SUTAMARCHAN;Partido Nuevo Liberalismo;PARTIDO NUEVO LIBERALISMO;6
SUTAMARCHAN;Partido Liberal Colombiano;PARTIDO LIBERAL COLOMBIANO;5
SUTAMARCHAN;Jorge Ivan Amarillo Giraldo;COALICIÓN PARTIDOS DE LA U - MIRA - COLOMBIA JUSTA LIBRES - ASI;4
SUTAMARCHAN;Jose Fernando Morales Acuña;PARTIDO CONSERVADOR COLOMBIANO;4
SUTAMARCHAN;Mayda Cecilia Velasquez Rueda;PARTIDO LIBERAL COLOMBIANO;4
SUTAMARCHAN;Mayra Alejandra Viancha Sanabria;PARTIDO LIBERAL COLOMBIANO;4
SUTAMARCHAN;Oscar Leonardo Avila Romero;PARTIDO CAMBIO RADICAL;4
SUTAMARCHAN;Monica Yanneth Quiroga Castillo;PARTIDO CAMBIO RADICAL;3
SUTAMARCHAN;William Fernando Granados;PARTIDO NUEVO LIBERALISMO;3
SUTAMARCHAN;Cindy Yohana Bohorquez Garzon;PARTIDO CONSERVADOR COLOMBIANO;2
SUTAMARCHAN;Claudia Beatriz Duarte Acosta;PARTIDO NUEVO LIBERALISMO;2
SUTAMARCHAN;Jorge Arturo Mayorga Esguerra;COALICIÓN PARTIDOS DE LA U - MIRA - COLOMBIA JUSTA LIBRES - ASI;2
SUTAMARCHAN;Jose Dario Mahecha Castillo;PARTIDO CONSERVADOR COLOMBIANO;2
SUTAMARCHAN;Movimiento De Salvación Nacional;MOVIMIENTO DE SALVACIÓN NACIONAL;2
SUTAMARCHAN;Partido Conservador Colombiano;PARTIDO CONSERVADOR COLOMBIANO;2
SUTAMARCHAN;Sandro Nestor Condia Perez;PARTIDO LIBERAL COLOMBIANO;2
SUTAMARCHAN;William Donato Gomez;PARTIDO CENTRO DEMOCRÁTICO;2
SUTAMARCHAN;Consejo Comunitario De Comunidades Negras De Campo  Hermoso;CONSEJO COMUNITARIO DE COMUNIDADES NEGRAS DE CAMPO HERMOSO;1
SUTAMARCHAN;Humphrey Roa Sarmiento;PARTIDO CONSERVADOR COLOMBIANO;1
SUTAMARCHAN;Juvenal Arrieta Gonzalez;"MOVIMIENTO ALTERNATIVO INDÍGENA SOCIAL ""MAIS""";1
SUTAMARCHAN;Leidy Alejandra Moreno Sanchez;PACTO HISTÓRICO;1
SUTAMARCHAN;"Movimiento Alternativo Indígena Social ""Mais""";"MOVIMIENTO ALTERNATIVO INDÍGENA SOCIAL ""MAIS""";1
SUTAMARCHAN;Olga Maria Chivata Vargas;PARTIDO NUEVO LIBERALISMO;1
SUTAMARCHAN;Pablo Mendoza Vargas;COALICIÓN PARTIDOS DE LA U - MIRA - COLOMBIA JUSTA LIBRES - ASI;1
SUTAMARCHAN;Partido Cambio Radical;PARTIDO CAMBIO RADICAL;1
SUTAMARCHAN;Partido Político Dignidad;PARTIDO POLÍTICO DIGNIDAD;1
SUTATENZA;Wilmer Yair Castellanos Hernandez;PARTIDO ALIANZA VERDE;334
SUTATENZA;Hector Angel Ortiz Nuñez;PARTIDO CENTRO DEMOCRÁTICO;172
SUTATENZA;Eduar Alexis Triana Rincon;PARTIDO CENTRO DEMOCRÁTICO;129
SUTATENZA;Jose Dario Mahecha Castillo;PARTIDO CONSERVADOR COLOMBIANO;102
SUTATENZA;Ingrid Marlen Sogamoso Alfonso;PARTIDO CONSERVADOR COLOMBIANO;95
SUTATENZA;Jaime Raul Salamanca Torres;PARTIDO ALIANZA VERDE;95
SUTATENZA;Guillermo Leonardo Sanchez Sanchez;PARTIDO CENTRO DEMOCRÁTICO;58
SUTATENZA;Pacto Histórico;PACTO HISTÓRICO;50
SUTATENZA;Jairo Enrique Castiblanco Parra;COALICIÓN PARTIDOS DE LA U - MIRA - COLOMBIA JUSTA LIBRES - ASI;48
SUTATENZA;German Tiberio Ojeda Pedraza;PARTIDO ALIANZA VERDE;46
SUTATENZA;Mayda Cecilia Velasquez Rueda;PARTIDO LIBERAL COLOMBIANO;32
SUTATENZA;Partido Alianza Verde;PARTIDO ALIANZA VERDE;32
SUTATENZA;Cindy Yohana Bohorquez Garzon;PARTIDO CONSERVADOR COLOMBIANO;30
SUTATENZA;Hector David Chaparro Chaparro;PARTIDO LIBERAL COLOMBIANO;27
SUTATENZA;Olga Natalie Manrique Abril;COALICIÓN PARTIDOS DE LA U - MIRA - COLOMBIA JUSTA LIBRES - ASI;25
SUTATENZA;Partido Conservador Colombiano;PARTIDO CONSERVADOR COLOMBIANO;25
SUTATENZA;Pedro Jose Suarez Vacca;PACTO HISTÓRICO;25
SUTATENZA;Partido Centro Democrático;PARTIDO CENTRO DEMOCRÁTICO;23
SUTATENZA;Wilder Ivan Suesca Ochoa;PARTIDO CONSERVADOR COLOMBIANO;22
SUTATENZA;Jose Giovany Pinzon Baez;PACTO HISTÓRICO;16
SUTATENZA;Jorge Eliecer Cortes Martinez;PARTIDO LIBERAL COLOMBIANO;13
SUTATENZA;Olga Yaneth Beltran Dorado;PARTIDO CENTRO DEMOCRÁTICO;11
SUTATENZA;Oscar Leonardo Avila Romero;PARTIDO CAMBIO RADICAL;11
SUTATENZA;Diana Carolina Suarez Muñoz;COALICIÓN PARTIDOS DE LA U - MIRA - COLOMBIA JUSTA LIBRES - ASI;9
SUTATENZA;Jose Fernando Morales Acuña;PARTIDO CONSERVADOR COLOMBIANO;9
SUTATENZA;Karen Lucia Molano Granados;PARTIDO ALIANZA VERDE;9
SUTATENZA;Leidy Alejandra Moreno Sanchez;PACTO HISTÓRICO;9
SUTATENZA;Partido Liberal Colombiano;PARTIDO LIBERAL COLOMBIANO;9
SUTATENZA;Pablo Emilio Cepeda Novoa;PARTIDO CAMBIO RADICAL;8
SUTATENZA;Partido Cambio Radical;PARTIDO CAMBIO RADICAL;8
SUTATENZA;Wilson Castiblanco Gil;PARTIDO LIBERAL COLOMBIANO;8
SUTATENZA;Humphrey Roa Sarmiento;PARTIDO CONSERVADOR COLOMBIANO;7
SUTATENZA;Jonatan Sanchez Garavito;PARTIDO CAMBIO RADICAL;7
SUTATENZA;Maryory Catherin Ortiz Alvarez;PACTO HISTÓRICO;7
SUTATENZA;Carolina Del Pilar Rodriguez Contreras;PACTO HISTÓRICO;6
SUTATENZA;Laura Andrea Bello Porras;PARTIDO ALIANZA VERDE;6
SUTATENZA;Monica Yanneth Quiroga Castillo;PARTIDO CAMBIO RADICAL;6
SUTATENZA;Partido Nuevo Liberalismo;PARTIDO NUEVO LIBERALISMO;5
SUTATENZA;Luis Guillermo Barrera Gutierrez;PARTIDO CAMBIO RADICAL;4
SUTATENZA;Nidia Milena Torres Paez;PARTIDO CENTRO DEMOCRÁTICO;4
SUTATENZA;William Donato Gomez;PARTIDO CENTRO DEMOCRÁTICO;4
SUTATENZA;Jorge Ivan Amarillo Giraldo;COALICIÓN PARTIDOS DE LA U - MIRA - COLOMBIA JUSTA LIBRES - ASI;3
SUTATENZA;Karol Ricardo Ramirez Silva;PACTO HISTÓRICO;3
SUTATENZA;Luis Alejandro Gutierrez Sanabria;PARTIDO ALIANZA VERDE;3
SUTATENZA;Pablo Mendoza Vargas;COALICIÓN PARTIDOS DE LA U - MIRA - COLOMBIA JUSTA LIBRES - ASI;3
SUTATENZA;Claudia Beatriz Duarte Acosta;PARTIDO NUEVO LIBERALISMO;2
SUTATENZA;Mayra Alejandra Viancha Sanabria;PARTIDO LIBERAL COLOMBIANO;2
SUTATENZA;Movimiento De Salvación Nacional;MOVIMIENTO DE SALVACIÓN NACIONAL;2
SUTATENZA;Olga Maria Chivata Vargas;PARTIDO NUEVO LIBERALISMO;2
SUTATENZA;Partido Político Dignidad;PARTIDO POLÍTICO DIGNIDAD;2
SUTATENZA;William Fernando Granados;PARTIDO NUEVO LIBERALISMO;2
SUTATENZA;Consejo Comunitario De La Comunidad Negra Limones;CONSEJO COMUNITARIO DE LA COMUNIDAD NEGRA LIMONES;1
SUTATENZA;Henry De Jesus Puerto Vasquez;PARTIDO NUEVO LIBERALISMO;1
SUTATENZA;Jorge Arturo Mayorga Esguerra;COALICIÓN PARTIDOS DE LA U - MIRA - COLOMBIA JUSTA LIBRES - ASI;1
SUTATENZA;Norman David Bañol Alvarez;"MOVIMIENTO ALTERNATIVO INDÍGENA SOCIAL ""MAIS""";1
SUTATENZA;Partido Indígena Colombiano P.I.C;PARTIDO INDÍGENA COLOMBIANO P.I.C;1
TASCO;Hector David Chaparro Chaparro;PARTIDO LIBERAL COLOMBIANO;383
TASCO;Jaime Raul Salamanca Torres;PARTIDO ALIANZA VERDE;338
TASCO;Jairo Enrique Castiblanco Parra;COALICIÓN PARTIDOS DE LA U - MIRA - COLOMBIA JUSTA LIBRES - ASI;152
TASCO;Jose Giovany Pinzon Baez;PACTO HISTÓRICO;110
TASCO;Diana Carolina Suarez Muñoz;COALICIÓN PARTIDOS DE LA U - MIRA - COLOMBIA JUSTA LIBRES - ASI;79
TASCO;German Tiberio Ojeda Pedraza;PARTIDO ALIANZA VERDE;69
TASCO;Jonatan Sanchez Garavito;PARTIDO CAMBIO RADICAL;59
TASCO;Jorge Eliecer Cortes Martinez;PARTIDO LIBERAL COLOMBIANO;57
TASCO;Pacto Histórico;PACTO HISTÓRICO;43
TASCO;Pedro Jose Suarez Vacca;PACTO HISTÓRICO;43
TASCO;Wilmer Yair Castellanos Hernandez;PARTIDO ALIANZA VERDE;39
TASCO;Olga Natalie Manrique Abril;COALICIÓN PARTIDOS DE LA U - MIRA - COLOMBIA JUSTA LIBRES - ASI;31
TASCO;Partido Alianza Verde;PARTIDO ALIANZA VERDE;31
TASCO;Wilson Castiblanco Gil;PARTIDO LIBERAL COLOMBIANO;24
TASCO;Olga Yaneth Beltran Dorado;PARTIDO CENTRO DEMOCRÁTICO;23
TASCO;Carolina Del Pilar Rodriguez Contreras;PACTO HISTÓRICO;21
TASCO;Luis Alejandro Gutierrez Sanabria;PARTIDO ALIANZA VERDE;18
TASCO;Wilder Ivan Suesca Ochoa;PARTIDO CONSERVADOR COLOMBIANO;18
TASCO;Karen Lucia Molano Granados;PARTIDO ALIANZA VERDE;17
TASCO;Oscar Leonardo Avila Romero;PARTIDO CAMBIO RADICAL;16
TASCO;Mayda Cecilia Velasquez Rueda;PARTIDO LIBERAL COLOMBIANO;14
TASCO;Nidia Milena Torres Paez;PARTIDO CENTRO DEMOCRÁTICO;14
TASCO;Mayra Alejandra Viancha Sanabria;PARTIDO LIBERAL COLOMBIANO;13
TASCO;Jorge Ivan Amarillo Giraldo;COALICIÓN PARTIDOS DE LA U - MIRA - COLOMBIA JUSTA LIBRES - ASI;12
TASCO;Karol Ricardo Ramirez Silva;PACTO HISTÓRICO;12
TASCO;Partido Centro Democrático;PARTIDO CENTRO DEMOCRÁTICO;12
TASCO;Coalición Partidos De La U - Mira - Colombia Justa  Libres - Asi;COALICIÓN PARTIDOS DE LA U - MIRA - COLOMBIA JUSTA LIBRES - ASI;11
TASCO;Laura Andrea Bello Porras;PARTIDO ALIANZA VERDE;11
TASCO;Cindy Yohana Bohorquez Garzon;PARTIDO CONSERVADOR COLOMBIANO;10
TASCO;Monica Yanneth Quiroga Castillo;PARTIDO CAMBIO RADICAL;10
TASCO;Luis Guillermo Barrera Gutierrez;PARTIDO CAMBIO RADICAL;9
TASCO;Maryory Catherin Ortiz Alvarez;PACTO HISTÓRICO;9
TASCO;Hector Angel Ortiz Nuñez;PARTIDO CENTRO DEMOCRÁTICO;8
TASCO;Jose Fernando Morales Acuña;PARTIDO CONSERVADOR COLOMBIANO;8
TASCO;Leidy Alejandra Moreno Sanchez;PACTO HISTÓRICO;8
TASCO;Partido Liberal Colombiano;PARTIDO LIBERAL COLOMBIANO;8
TASCO;Sandro Nestor Condia Perez;PARTIDO LIBERAL COLOMBIANO;8
TASCO;Eduar Alexis Triana Rincon;PARTIDO CENTRO DEMOCRÁTICO;7
TASCO;Guillermo Leonardo Sanchez Sanchez;PARTIDO CENTRO DEMOCRÁTICO;7
TASCO;Henry De Jesus Puerto Vasquez;PARTIDO NUEVO LIBERALISMO;7
TASCO;Ingrid Marlen Sogamoso Alfonso;PARTIDO CONSERVADOR COLOMBIANO;6
TASCO;Pablo Emilio Cepeda Novoa;PARTIDO CAMBIO RADICAL;6
TASCO;Lupe Isabel Lopez Marquez;PARTIDO CAMBIO RADICAL;5
TASCO;William Donato Gomez;PARTIDO CENTRO DEMOCRÁTICO;5
TASCO;Jorge Arturo Mayorga Esguerra;COALICIÓN PARTIDOS DE LA U - MIRA - COLOMBIA JUSTA LIBRES - ASI;4
TASCO;Claudia Beatriz Duarte Acosta;PARTIDO NUEVO LIBERALISMO;3
TASCO;Humphrey Roa Sarmiento;PARTIDO CONSERVADOR COLOMBIANO;3
TASCO;Olga Maria Chivata Vargas;PARTIDO NUEVO LIBERALISMO;3
TASCO;Partido Cambio Radical;PARTIDO CAMBIO RADICAL;3
TASCO;Partido Conservador Colombiano;PARTIDO CONSERVADOR COLOMBIANO;3
TASCO;Jose Dario Mahecha Castillo;PARTIDO CONSERVADOR COLOMBIANO;2
TASCO;Partido Nuevo Liberalismo;PARTIDO NUEVO LIBERALISMO;2
TASCO;Jorge Ivan Mina Lasso;CONSEJO COMUNITARIO MANUEL ZAPATA OLIVELLA DE SAN ANTERO;1
TASCO;Paciano Asprilla Arboleda;"CONSEJO COMUNITARIO DE LA COSTA PACÍFICA ""CONCOSTA""";1
TASCO;Yorly Jimena Floriano Hernandez;CONSEJO COMUNITARIO MAYOR DE CASIMIRO;1
TENZA;Wilmer Yair Castellanos Hernandez;PARTIDO ALIANZA VERDE;558
TENZA;Ingrid Marlen Sogamoso Alfonso;PARTIDO CONSERVADOR COLOMBIANO;221
TENZA;Jaime Raul Salamanca Torres;PARTIDO ALIANZA VERDE;167
TENZA;Luis Alejandro Gutierrez Sanabria;PARTIDO ALIANZA VERDE;71
TENZA;Partido Alianza Verde;PARTIDO ALIANZA VERDE;62
TENZA;Jairo Enrique Castiblanco Parra;COALICIÓN PARTIDOS DE LA U - MIRA - COLOMBIA JUSTA LIBRES - ASI;54
TENZA;Hector Angel Ortiz Nuñez;PARTIDO CENTRO DEMOCRÁTICO;53
TENZA;Wilder Ivan Suesca Ochoa;PARTIDO CONSERVADOR COLOMBIANO;37
TENZA;Jose Dario Mahecha Castillo;PARTIDO CONSERVADOR COLOMBIANO;35
TENZA;German Tiberio Ojeda Pedraza;PARTIDO ALIANZA VERDE;29
TENZA;Diana Carolina Suarez Muñoz;COALICIÓN PARTIDOS DE LA U - MIRA - COLOMBIA JUSTA LIBRES - ASI;27
TENZA;Cindy Yohana Bohorquez Garzon;PARTIDO CONSERVADOR COLOMBIANO;16
TENZA;Jose Giovany Pinzon Baez;PACTO HISTÓRICO;16
TENZA;Eduar Alexis Triana Rincon;PARTIDO CENTRO DEMOCRÁTICO;15
TENZA;Partido Conservador Colombiano;PARTIDO CONSERVADOR COLOMBIANO;15
TENZA;Pedro Jose Suarez Vacca;PACTO HISTÓRICO;15
TENZA;Pacto Histórico;PACTO HISTÓRICO;14
TENZA;Carolina Del Pilar Rodriguez Contreras;PACTO HISTÓRICO;13
TENZA;Karen Lucia Molano Granados;PARTIDO ALIANZA VERDE;13
TENZA;Mayda Cecilia Velasquez Rueda;PARTIDO LIBERAL COLOMBIANO;13
TENZA;Nidia Milena Torres Paez;PARTIDO CENTRO DEMOCRÁTICO;12
TENZA;Laura Andrea Bello Porras;PARTIDO ALIANZA VERDE;11
TENZA;Olga Natalie Manrique Abril;COALICIÓN PARTIDOS DE LA U - MIRA - COLOMBIA JUSTA LIBRES - ASI;9
TENZA;Partido Centro Democrático;PARTIDO CENTRO DEMOCRÁTICO;9
TENZA;Olga Yaneth Beltran Dorado;PARTIDO CENTRO DEMOCRÁTICO;8
TENZA;Guillermo Leonardo Sanchez Sanchez;PARTIDO CENTRO DEMOCRÁTICO;7
TENZA;Humphrey Roa Sarmiento;PARTIDO CONSERVADOR COLOMBIANO;7
TENZA;Lupe Isabel Lopez Marquez;PARTIDO CAMBIO RADICAL;7
TENZA;Pablo Emilio Cepeda Novoa;PARTIDO CAMBIO RADICAL;7
TENZA;Oscar Leonardo Avila Romero;PARTIDO CAMBIO RADICAL;6
TENZA;William Donato Gomez;PARTIDO CENTRO DEMOCRÁTICO;6
TENZA;Leidy Alejandra Moreno Sanchez;PACTO HISTÓRICO;5
TENZA;Maryory Catherin Ortiz Alvarez;PACTO HISTÓRICO;5
TENZA;Jorge Ivan Amarillo Giraldo;COALICIÓN PARTIDOS DE LA U - MIRA - COLOMBIA JUSTA LIBRES - ASI;4
TENZA;Hector David Chaparro Chaparro;PARTIDO LIBERAL COLOMBIANO;3
TENZA;Henry De Jesus Puerto Vasquez;PARTIDO NUEVO LIBERALISMO;3
TENZA;Coalición Partidos De La U - Mira - Colombia Justa  Libres - Asi;COALICIÓN PARTIDOS DE LA U - MIRA - COLOMBIA JUSTA LIBRES - ASI;2
TENZA;Monica Yanneth Quiroga Castillo;PARTIDO CAMBIO RADICAL;2
TENZA;Partido Cambio Radical;PARTIDO CAMBIO RADICAL;2
TENZA;Afromutata;AFROMUTATA;1
TENZA;Ali Bantu Ashanti;C.C LA TOMA;1
TENZA;Consejo Comunitario Afrozabaletas;CONSEJO COMUNITARIO AFROZABALETAS;1
TENZA;Consejo Comunitario Rescate Las Varas;CONSEJO COMUNITARIO RESCATE LAS VARAS;1
TENZA;Jonatan Sanchez Garavito;PARTIDO CAMBIO RADICAL;1
TENZA;Jose Fernando Morales Acuña;PARTIDO CONSERVADOR COLOMBIANO;1
TENZA;Karol Ricardo Ramirez Silva;PACTO HISTÓRICO;1
TENZA;Mayra Alejandra Viancha Sanabria;PARTIDO LIBERAL COLOMBIANO;1
TENZA;Movimiento Alianza Democrática Amplia;MOVIMIENTO ALIANZA DEMOCRÁTICA AMPLIA;1
TENZA;Pablo Mendoza Vargas;COALICIÓN PARTIDOS DE LA U - MIRA - COLOMBIA JUSTA LIBRES - ASI;1
TENZA;Partido Nuevo Liberalismo;PARTIDO NUEVO LIBERALISMO;1
TENZA;Partido Político Dignidad;PARTIDO POLÍTICO DIGNIDAD;1
TENZA;Wilson Castiblanco Gil;PARTIDO LIBERAL COLOMBIANO;1
TIBANA;Hector David Chaparro Chaparro;PARTIDO LIBERAL COLOMBIANO;618
TIBANA;Hector Angel Ortiz Nuñez;PARTIDO CENTRO DEMOCRÁTICO;298
TIBANA;Jaime Raul Salamanca Torres;PARTIDO ALIANZA VERDE;185
TIBANA;Oscar Leonardo Avila Romero;PARTIDO CAMBIO RADICAL;158
TIBANA;Pedro Jose Suarez Vacca;PACTO HISTÓRICO;117
TIBANA;Wilson Castiblanco Gil;PARTIDO LIBERAL COLOMBIANO;111
TIBANA;Wilmer Yair Castellanos Hernandez;PARTIDO ALIANZA VERDE;106
TIBANA;Pacto Histórico;PACTO HISTÓRICO;69
TIBANA;Partido Alianza Verde;PARTIDO ALIANZA VERDE;68
TIBANA;Jose Giovany Pinzon Baez;PACTO HISTÓRICO;58
TIBANA;German Tiberio Ojeda Pedraza;PARTIDO ALIANZA VERDE;55
TIBANA;Diana Carolina Suarez Muñoz;COALICIÓN PARTIDOS DE LA U - MIRA - COLOMBIA JUSTA LIBRES - ASI;49
TIBANA;Partido Liberal Colombiano;PARTIDO LIBERAL COLOMBIANO;48
TIBANA;Karen Lucia Molano Granados;PARTIDO ALIANZA VERDE;39
TIBANA;Mayra Alejandra Viancha Sanabria;PARTIDO LIBERAL COLOMBIANO;38
TIBANA;Carolina Del Pilar Rodriguez Contreras;PACTO HISTÓRICO;25
TIBANA;Partido Centro Democrático;PARTIDO CENTRO DEMOCRÁTICO;25
TIBANA;Jorge Eliecer Cortes Martinez;PARTIDO LIBERAL COLOMBIANO;24
TIBANA;Pablo Emilio Cepeda Novoa;PARTIDO CAMBIO RADICAL;22
TIBANA;Olga Yaneth Beltran Dorado;PARTIDO CENTRO DEMOCRÁTICO;20
TIBANA;Olga Natalie Manrique Abril;COALICIÓN PARTIDOS DE LA U - MIRA - COLOMBIA JUSTA LIBRES - ASI;18
TIBANA;Luis Alejandro Gutierrez Sanabria;PARTIDO ALIANZA VERDE;16
TIBANA;Nidia Milena Torres Paez;PARTIDO CENTRO DEMOCRÁTICO;15
TIBANA;Partido Cambio Radical;PARTIDO CAMBIO RADICAL;14
TIBANA;Jonatan Sanchez Garavito;PARTIDO CAMBIO RADICAL;13
TIBANA;Jorge Ivan Amarillo Giraldo;COALICIÓN PARTIDOS DE LA U - MIRA - COLOMBIA JUSTA LIBRES - ASI;13
TIBANA;Cindy Yohana Bohorquez Garzon;PARTIDO CONSERVADOR COLOMBIANO;12
TIBANA;Laura Andrea Bello Porras;PARTIDO ALIANZA VERDE;12
TIBANA;Lupe Isabel Lopez Marquez;PARTIDO CAMBIO RADICAL;12
TIBANA;Maryory Catherin Ortiz Alvarez;PACTO HISTÓRICO;12
TIBANA;Ingrid Marlen Sogamoso Alfonso;PARTIDO CONSERVADOR COLOMBIANO;11
TIBANA;Luis Guillermo Barrera Gutierrez;PARTIDO CAMBIO RADICAL;11
TIBANA;Jairo Enrique Castiblanco Parra;COALICIÓN PARTIDOS DE LA U - MIRA - COLOMBIA JUSTA LIBRES - ASI;10
TIBANA;Leidy Alejandra Moreno Sanchez;PACTO HISTÓRICO;9
TIBANA;Wilder Ivan Suesca Ochoa;PARTIDO CONSERVADOR COLOMBIANO;9
TIBANA;Eduar Alexis Triana Rincon;PARTIDO CENTRO DEMOCRÁTICO;8
TIBANA;William Donato Gomez;PARTIDO CENTRO DEMOCRÁTICO;8
TIBANA;Karol Ricardo Ramirez Silva;PACTO HISTÓRICO;7
TIBANA;Mayda Cecilia Velasquez Rueda;PARTIDO LIBERAL COLOMBIANO;7
TIBANA;Jose Dario Mahecha Castillo;PARTIDO CONSERVADOR COLOMBIANO;6
TIBANA;Monica Yanneth Quiroga Castillo;PARTIDO CAMBIO RADICAL;6
TIBANA;Olga Maria Chivata Vargas;PARTIDO NUEVO LIBERALISMO;6
TIBANA;Paciano Asprilla Arboleda;"CONSEJO COMUNITARIO DE LA COSTA PACÍFICA ""CONCOSTA""";6
TIBANA;Partido Nuevo Liberalismo;PARTIDO NUEVO LIBERALISMO;6
TIBANA;Guillermo Leonardo Sanchez Sanchez;PARTIDO CENTRO DEMOCRÁTICO;5
TIBANA;Henry De Jesus Puerto Vasquez;PARTIDO NUEVO LIBERALISMO;5
TIBANA;Pablo Mendoza Vargas;COALICIÓN PARTIDOS DE LA U - MIRA - COLOMBIA JUSTA LIBRES - ASI;5
TIBANA;Coalición Partidos De La U - Mira - Colombia Justa  Libres - Asi;COALICIÓN PARTIDOS DE LA U - MIRA - COLOMBIA JUSTA LIBRES - ASI;4
TIBANA;Partido Conservador Colombiano;PARTIDO CONSERVADOR COLOMBIANO;4
TIBANA;Sandro Nestor Condia Perez;PARTIDO LIBERAL COLOMBIANO;4
TIBANA;Claudia Beatriz Duarte Acosta;PARTIDO NUEVO LIBERALISMO;3
TIBANA;Consejo Comunitario De Comunidades Negras De Guaya Bal;CONSEJO COMUNITARIO DE COMUNIDADES NEGRAS DE GUAYABAL;3
TIBANA;Jorge Arturo Mayorga Esguerra;COALICIÓN PARTIDOS DE LA U - MIRA - COLOMBIA JUSTA LIBRES - ASI;3
TIBANA;Jorge Ivan Mina Lasso;CONSEJO COMUNITARIO MANUEL ZAPATA OLIVELLA DE SAN ANTERO;3
TIBANA;Jose Fernando Morales Acuña;PARTIDO CONSERVADOR COLOMBIANO;3
TIBANA;William Fernando Granados;PARTIDO NUEVO LIBERALISMO;3
TIBANA;Humphrey Roa Sarmiento;PARTIDO CONSERVADOR COLOMBIANO;2
TIBANA;Maria Cristina Ruiz Rengifo;CONSEJO COMUNITARIO VEREDAS UNIDAS UN BIEN COMÚN;2
TIBANA;Movimiento De Salvación Nacional;MOVIMIENTO DE SALVACIÓN NACIONAL;2
TIBANA;Somos Identidad;SOMOS IDENTIDAD;2
TIBANA;Ali Bantu Ashanti;C.C LA TOMA;1
TIBANA;Consejo Comunitario Veredas Unidas Un Bien Común;CONSEJO COMUNITARIO VEREDAS UNIDAS UN BIEN COMÚN;1
TIBANA;"Movimiento Autoridades Indígenas De Colombia ""Aico """;"MOVIMIENTO AUTORIDADES INDÍGENAS DE COLOMBIA ""AICO""";1
TIBASOSA;Hector David Chaparro Chaparro;PARTIDO LIBERAL COLOMBIANO;335
TIBASOSA;Jaime Raul Salamanca Torres;PARTIDO ALIANZA VERDE;308
TIBASOSA;Pedro Jose Suarez Vacca;PACTO HISTÓRICO;263
TIBASOSA;Wilmer Yair Castellanos Hernandez;PARTIDO ALIANZA VERDE;232
TIBASOSA;Jose Giovany Pinzon Baez;PACTO HISTÓRICO;225
TIBASOSA;Jonatan Sanchez Garavito;PARTIDO CAMBIO RADICAL;206
TIBASOSA;Pacto Histórico;PACTO HISTÓRICO;206
TIBASOSA;Jose Fernando Morales Acuña;PARTIDO CONSERVADOR COLOMBIANO;171
TIBASOSA;Jorge Eliecer Cortes Martinez;PARTIDO LIBERAL COLOMBIANO;140
TIBASOSA;German Tiberio Ojeda Pedraza;PARTIDO ALIANZA VERDE;130
TIBASOSA;Luis Guillermo Barrera Gutierrez;PARTIDO CAMBIO RADICAL;130
TIBASOSA;Guillermo Leonardo Sanchez Sanchez;PARTIDO CENTRO DEMOCRÁTICO;124
TIBASOSA;Wilder Ivan Suesca Ochoa;PARTIDO CONSERVADOR COLOMBIANO;90
TIBASOSA;Karol Ricardo Ramirez Silva;PACTO HISTÓRICO;88
TIBASOSA;Jairo Enrique Castiblanco Parra;COALICIÓN PARTIDOS DE LA U - MIRA - COLOMBIA JUSTA LIBRES - ASI;87
TIBASOSA;Karen Lucia Molano Granados;PARTIDO ALIANZA VERDE;87
TIBASOSA;Luis Alejandro Gutierrez Sanabria;PARTIDO ALIANZA VERDE;81
TIBASOSA;Partido Alianza Verde;PARTIDO ALIANZA VERDE;77
TIBASOSA;Henry De Jesus Puerto Vasquez;PARTIDO NUEVO LIBERALISMO;66
TIBASOSA;Hector Angel Ortiz Nuñez;PARTIDO CENTRO DEMOCRÁTICO;59
TIBASOSA;Maryory Catherin Ortiz Alvarez;PACTO HISTÓRICO;57
TIBASOSA;Humphrey Roa Sarmiento;PARTIDO CONSERVADOR COLOMBIANO;55
TIBASOSA;Ingrid Marlen Sogamoso Alfonso;PARTIDO CONSERVADOR COLOMBIANO;49
TIBASOSA;Sandro Nestor Condia Perez;PARTIDO LIBERAL COLOMBIANO;46
TIBASOSA;Leidy Alejandra Moreno Sanchez;PACTO HISTÓRICO;41
TIBASOSA;Oscar Leonardo Avila Romero;PARTIDO CAMBIO RADICAL;41
TIBASOSA;Eduar Alexis Triana Rincon;PARTIDO CENTRO DEMOCRÁTICO;40
TIBASOSA;Wilson Castiblanco Gil;PARTIDO LIBERAL COLOMBIANO;39
TIBASOSA;Olga Yaneth Beltran Dorado;PARTIDO CENTRO DEMOCRÁTICO;37
TIBASOSA;Carolina Del Pilar Rodriguez Contreras;PACTO HISTÓRICO;35
TIBASOSA;Laura Andrea Bello Porras;PARTIDO ALIANZA VERDE;35
TIBASOSA;Jose Dario Mahecha Castillo;PARTIDO CONSERVADOR COLOMBIANO;33
TIBASOSA;Partido Centro Democrático;PARTIDO CENTRO DEMOCRÁTICO;33
TIBASOSA;Cindy Yohana Bohorquez Garzon;PARTIDO CONSERVADOR COLOMBIANO;27
TIBASOSA;Partido Conservador Colombiano;PARTIDO CONSERVADOR COLOMBIANO;25
TIBASOSA;William Donato Gomez;PARTIDO CENTRO DEMOCRÁTICO;25
TIBASOSA;Diana Carolina Suarez Muñoz;COALICIÓN PARTIDOS DE LA U - MIRA - COLOMBIA JUSTA LIBRES - ASI;24
TIBASOSA;Jorge Arturo Mayorga Esguerra;COALICIÓN PARTIDOS DE LA U - MIRA - COLOMBIA JUSTA LIBRES - ASI;22
TIBASOSA;Partido Nuevo Liberalismo;PARTIDO NUEVO LIBERALISMO;22
TIBASOSA;Pablo Emilio Cepeda Novoa;PARTIDO CAMBIO RADICAL;18
TIBASOSA;Pablo Mendoza Vargas;COALICIÓN PARTIDOS DE LA U - MIRA - COLOMBIA JUSTA LIBRES - ASI;18
TIBASOSA;Jorge Ivan Amarillo Giraldo;COALICIÓN PARTIDOS DE LA U - MIRA - COLOMBIA JUSTA LIBRES - ASI;17
TIBASOSA;Partido Político Dignidad;PARTIDO POLÍTICO DIGNIDAD;16
TIBASOSA;Lupe Isabel Lopez Marquez;PARTIDO CAMBIO RADICAL;14
TIBASOSA;Nidia Milena Torres Paez;PARTIDO CENTRO DEMOCRÁTICO;13
TIBASOSA;Olga Maria Chivata Vargas;PARTIDO NUEVO LIBERALISMO;13
TIBASOSA;Monica Yanneth Quiroga Castillo;PARTIDO CAMBIO RADICAL;12
TIBASOSA;Partido Liberal Colombiano;PARTIDO LIBERAL COLOMBIANO;12
TIBASOSA;Claudia Beatriz Duarte Acosta;PARTIDO NUEVO LIBERALISMO;11
TIBASOSA;Mayda Cecilia Velasquez Rueda;PARTIDO LIBERAL COLOMBIANO;11
TIBASOSA;Mayra Alejandra Viancha Sanabria;PARTIDO LIBERAL COLOMBIANO;9
TIBASOSA;Olga Natalie Manrique Abril;COALICIÓN PARTIDOS DE LA U - MIRA - COLOMBIA JUSTA LIBRES - ASI;8
TIBASOSA;Ali Bantu Ashanti;C.C LA TOMA;6
TIBASOSA;Coalición Partidos De La U - Mira - Colombia Justa  Libres - Asi;COALICIÓN PARTIDOS DE LA U - MIRA - COLOMBIA JUSTA LIBRES - ASI;6
TIBASOSA;Partido Cambio Radical;PARTIDO CAMBIO RADICAL;6
TIBASOSA;Movimiento De Salvación Nacional;MOVIMIENTO DE SALVACIÓN NACIONAL;3
TIBASOSA;William Fernando Granados;PARTIDO NUEVO LIBERALISMO;3
TIBASOSA;Ariel Rosebel Palacios Angulo;C.C LA TOMA;2
TIBASOSA;Fernando Ríos Hidalgo;FERNANDO RÍOS HIDALGO;2
TIBASOSA;Norman David Bañol Alvarez;"MOVIMIENTO ALTERNATIVO INDÍGENA SOCIAL ""MAIS""";2
TIBASOSA;Consejo Comunitario La Voz De Los Negros;CONSEJO COMUNITARIO LA VOZ DE LOS NEGROS;1
TIBASOSA;Consejo Comunitario Mayor De Certegui;CONSEJO COMUNITARIO MAYOR DE CERTEGUI;1
TIBASOSA;Eliecer Crecencio Quiñones Angulo;CONSEJO COMUNITARIO UNIÓN PATÍA VIEJO;1
TIBASOSA;Ermes Rafael Urzola De La Barrera;ASOCIACIÓN NACIONAL DE CABILDOS Y AUTORIDADES INDÍGENAS EN COLOMBIA ANICOL;1
TIBASOSA;Juvenal Arrieta Gonzalez;"MOVIMIENTO ALTERNATIVO INDÍGENA SOCIAL ""MAIS""";1
TINJACA;Wilmer Yair Castellanos Hernandez;PARTIDO ALIANZA VERDE;572
TINJACA;Hector Angel Ortiz Nuñez;PARTIDO CENTRO DEMOCRÁTICO;240
TINJACA;Pedro Jose Suarez Vacca;PACTO HISTÓRICO;216
TINJACA;Pacto Histórico;PACTO HISTÓRICO;46
TINJACA;German Tiberio Ojeda Pedraza;PARTIDO ALIANZA VERDE;38
TINJACA;Wilson Castiblanco Gil;PARTIDO LIBERAL COLOMBIANO;37
TINJACA;Eduar Alexis Triana Rincon;PARTIDO CENTRO DEMOCRÁTICO;27
TINJACA;Jaime Raul Salamanca Torres;PARTIDO ALIANZA VERDE;23
TINJACA;Ingrid Marlen Sogamoso Alfonso;PARTIDO CONSERVADOR COLOMBIANO;22
TINJACA;Olga Natalie Manrique Abril;COALICIÓN PARTIDOS DE LA U - MIRA - COLOMBIA JUSTA LIBRES - ASI;20
TINJACA;Pablo Emilio Cepeda Novoa;PARTIDO CAMBIO RADICAL;18
TINJACA;Wilder Ivan Suesca Ochoa;PARTIDO CONSERVADOR COLOMBIANO;18
TINJACA;William Donato Gomez;PARTIDO CENTRO DEMOCRÁTICO;18
TINJACA;Olga Yaneth Beltran Dorado;PARTIDO CENTRO DEMOCRÁTICO;17
TINJACA;Jairo Enrique Castiblanco Parra;COALICIÓN PARTIDOS DE LA U - MIRA - COLOMBIA JUSTA LIBRES - ASI;16
TINJACA;Jose Giovany Pinzon Baez;PACTO HISTÓRICO;16
TINJACA;Nidia Milena Torres Paez;PARTIDO CENTRO DEMOCRÁTICO;16
TINJACA;Partido Alianza Verde;PARTIDO ALIANZA VERDE;14
TINJACA;Hector David Chaparro Chaparro;PARTIDO LIBERAL COLOMBIANO;12
TINJACA;Karen Lucia Molano Granados;PARTIDO ALIANZA VERDE;12
TINJACA;Jose Dario Mahecha Castillo;PARTIDO CONSERVADOR COLOMBIANO;11
TINJACA;Partido Centro Democrático;PARTIDO CENTRO DEMOCRÁTICO;11
TINJACA;Lupe Isabel Lopez Marquez;PARTIDO CAMBIO RADICAL;9
TINJACA;Maryory Catherin Ortiz Alvarez;PACTO HISTÓRICO;9
TINJACA;Guillermo Leonardo Sanchez Sanchez;PARTIDO CENTRO DEMOCRÁTICO;8
TINJACA;Jonatan Sanchez Garavito;PARTIDO CAMBIO RADICAL;8
TINJACA;Carolina Del Pilar Rodriguez Contreras;PACTO HISTÓRICO;7
TINJACA;Claudia Beatriz Duarte Acosta;PARTIDO NUEVO LIBERALISMO;7
TINJACA;Humphrey Roa Sarmiento;PARTIDO CONSERVADOR COLOMBIANO;7
TINJACA;Jorge Ivan Amarillo Giraldo;COALICIÓN PARTIDOS DE LA U - MIRA - COLOMBIA JUSTA LIBRES - ASI;7
TINJACA;Leidy Alejandra Moreno Sanchez;PACTO HISTÓRICO;7
TINJACA;Luis Alejandro Gutierrez Sanabria;PARTIDO ALIANZA VERDE;7
TINJACA;Jorge Eliecer Cortes Martinez;PARTIDO LIBERAL COLOMBIANO;6
TINJACA;Oscar Leonardo Avila Romero;PARTIDO CAMBIO RADICAL;6
TINJACA;Partido Conservador Colombiano;PARTIDO CONSERVADOR COLOMBIANO;6
TINJACA;Karol Ricardo Ramirez Silva;PACTO HISTÓRICO;5
TINJACA;Partido Liberal Colombiano;PARTIDO LIBERAL COLOMBIANO;5
TINJACA;Diana Carolina Suarez Muñoz;COALICIÓN PARTIDOS DE LA U - MIRA - COLOMBIA JUSTA LIBRES - ASI;4
TINJACA;Partido Nuevo Liberalismo;PARTIDO NUEVO LIBERALISMO;3
TINJACA;Sandro Nestor Condia Perez;PARTIDO LIBERAL COLOMBIANO;3
TINJACA;Laura Andrea Bello Porras;PARTIDO ALIANZA VERDE;2
TINJACA;"Movimiento Alternativo Indígena Social ""Mais""";"MOVIMIENTO ALTERNATIVO INDÍGENA SOCIAL ""MAIS""";2
TINJACA;Partido Cambio Radical;PARTIDO CAMBIO RADICAL;2
TINJACA;Partido Político Dignidad;PARTIDO POLÍTICO DIGNIDAD;2
TINJACA;Pedro Adan Torres Perez;PALENQUE DE LA VEREDA LAS TRECIENTAS Y DEL MUNICIPIO DE GALAPA;2
TINJACA;William Fernando Granados;PARTIDO NUEVO LIBERALISMO;2
TINJACA;Coalición Partidos De La U - Mira - Colombia Justa  Libres - Asi;COALICIÓN PARTIDOS DE LA U - MIRA - COLOMBIA JUSTA LIBRES - ASI;1
TINJACA;Jorge Arturo Mayorga Esguerra;COALICIÓN PARTIDOS DE LA U - MIRA - COLOMBIA JUSTA LIBRES - ASI;1
TINJACA;Luis Guillermo Barrera Gutierrez;PARTIDO CAMBIO RADICAL;1
TINJACA;Mayda Cecilia Velasquez Rueda;PARTIDO LIBERAL COLOMBIANO;1
TINJACA;Monica Yanneth Quiroga Castillo;PARTIDO CAMBIO RADICAL;1
TINJACA;Olga Maria Chivata Vargas;PARTIDO NUEVO LIBERALISMO;1
TINJACA;Pablo Mendoza Vargas;COALICIÓN PARTIDOS DE LA U - MIRA - COLOMBIA JUSTA LIBRES - ASI;1
TIPACOQUE;Wilmer Yair Castellanos Hernandez;PARTIDO ALIANZA VERDE;510
TIPACOQUE;Jairo Enrique Castiblanco Parra;COALICIÓN PARTIDOS DE LA U - MIRA - COLOMBIA JUSTA LIBRES - ASI;154
TIPACOQUE;Jaime Raul Salamanca Torres;PARTIDO ALIANZA VERDE;126
TIPACOQUE;Jose Giovany Pinzon Baez;PACTO HISTÓRICO;106
TIPACOQUE;Jorge Eliecer Cortes Martinez;PARTIDO LIBERAL COLOMBIANO;77
TIPACOQUE;Hector David Chaparro Chaparro;PARTIDO LIBERAL COLOMBIANO;74
TIPACOQUE;Oscar Leonardo Avila Romero;PARTIDO CAMBIO RADICAL;43
TIPACOQUE;Partido Alianza Verde;PARTIDO ALIANZA VERDE;41
TIPACOQUE;Wilson Castiblanco Gil;PARTIDO LIBERAL COLOMBIANO;40
TIPACOQUE;Guillermo Leonardo Sanchez Sanchez;PARTIDO CENTRO DEMOCRÁTICO;38
TIPACOQUE;Pedro Jose Suarez Vacca;PACTO HISTÓRICO;37
TIPACOQUE;Olga Yaneth Beltran Dorado;PARTIDO CENTRO DEMOCRÁTICO;28
TIPACOQUE;Luis Alejandro Gutierrez Sanabria;PARTIDO ALIANZA VERDE;23
TIPACOQUE;Hector Angel Ortiz Nuñez;PARTIDO CENTRO DEMOCRÁTICO;18
TIPACOQUE;German Tiberio Ojeda Pedraza;PARTIDO ALIANZA VERDE;15
TIPACOQUE;Partido Centro Democrático;PARTIDO CENTRO DEMOCRÁTICO;14
TIPACOQUE;Partido Liberal Colombiano;PARTIDO LIBERAL COLOMBIANO;13
TIPACOQUE;Coalición Partidos De La U - Mira - Colombia Justa  Libres - Asi;COALICIÓN PARTIDOS DE LA U - MIRA - COLOMBIA JUSTA LIBRES - ASI;12
TIPACOQUE;Laura Andrea Bello Porras;PARTIDO ALIANZA VERDE;11
TIPACOQUE;Mayra Alejandra Viancha Sanabria;PARTIDO LIBERAL COLOMBIANO;11
TIPACOQUE;Karen Lucia Molano Granados;PARTIDO ALIANZA VERDE;9
TIPACOQUE;Monica Yanneth Quiroga Castillo;PARTIDO CAMBIO RADICAL;9
TIPACOQUE;Pacto Histórico;PACTO HISTÓRICO;8
TIPACOQUE;Nidia Milena Torres Paez;PARTIDO CENTRO DEMOCRÁTICO;7
TIPACOQUE;Eduar Alexis Triana Rincon;PARTIDO CENTRO DEMOCRÁTICO;6
TIPACOQUE;William Donato Gomez;PARTIDO CENTRO DEMOCRÁTICO;6
TIPACOQUE;Carolina Del Pilar Rodriguez Contreras;PACTO HISTÓRICO;5
TIPACOQUE;Jonatan Sanchez Garavito;PARTIDO CAMBIO RADICAL;5
TIPACOQUE;Diana Carolina Suarez Muñoz;COALICIÓN PARTIDOS DE LA U - MIRA - COLOMBIA JUSTA LIBRES - ASI;4
TIPACOQUE;Luis Guillermo Barrera Gutierrez;PARTIDO CAMBIO RADICAL;4
TIPACOQUE;Lupe Isabel Lopez Marquez;PARTIDO CAMBIO RADICAL;4
TIPACOQUE;Olga Natalie Manrique Abril;COALICIÓN PARTIDOS DE LA U - MIRA - COLOMBIA JUSTA LIBRES - ASI;4
TIPACOQUE;Partido Cambio Radical;PARTIDO CAMBIO RADICAL;4
TIPACOQUE;Partido Conservador Colombiano;PARTIDO CONSERVADOR COLOMBIANO;4
TIPACOQUE;Cindy Yohana Bohorquez Garzon;PARTIDO CONSERVADOR COLOMBIANO;3
TIPACOQUE;Maryory Catherin Ortiz Alvarez;PACTO HISTÓRICO;3
TIPACOQUE;Movimiento De Salvación Nacional;MOVIMIENTO DE SALVACIÓN NACIONAL;3
TIPACOQUE;Leidy Alejandra Moreno Sanchez;PACTO HISTÓRICO;2
TIPACOQUE;Mayda Cecilia Velasquez Rueda;PARTIDO LIBERAL COLOMBIANO;2
TIPACOQUE;Pablo Mendoza Vargas;COALICIÓN PARTIDOS DE LA U - MIRA - COLOMBIA JUSTA LIBRES - ASI;2
TIPACOQUE;Partido Nuevo Liberalismo;PARTIDO NUEVO LIBERALISMO;2
TIPACOQUE;Claudia Beatriz Duarte Acosta;PARTIDO NUEVO LIBERALISMO;1
TIPACOQUE;Fernando Ríos Hidalgo;FERNANDO RÍOS HIDALGO;1
TIPACOQUE;Henry De Jesus Puerto Vasquez;PARTIDO NUEVO LIBERALISMO;1
TIPACOQUE;Jorge Humberto Cleves Rodriguez;"MOVIMIENTO AUTORIDADES INDÍGENAS DE COLOMBIA ""AICO""";1
TIPACOQUE;Jorge Ivan Amarillo Giraldo;COALICIÓN PARTIDOS DE LA U - MIRA - COLOMBIA JUSTA LIBRES - ASI;1
TIPACOQUE;Jose Dario Mahecha Castillo;PARTIDO CONSERVADOR COLOMBIANO;1
TIPACOQUE;Pablo Emilio Cepeda Novoa;PARTIDO CAMBIO RADICAL;1
TIPACOQUE;Roger Albeiro Guzman Lugo;CONSEJO COMUNITARIO PUERTO GIRÓN;1
TIPACOQUE;Sandro Nestor Condia Perez;PARTIDO LIBERAL COLOMBIANO;1
TIPACOQUE;Wilder Ivan Suesca Ochoa;PARTIDO CONSERVADOR COLOMBIANO;1
TOCA;Hector David Chaparro Chaparro;PARTIDO LIBERAL COLOMBIANO;409
TOCA;Luis Guillermo Barrera Gutierrez;PARTIDO CAMBIO RADICAL;327
TOCA;Wilmer Yair Castellanos Hernandez;PARTIDO ALIANZA VERDE;300
TOCA;Wilder Ivan Suesca Ochoa;PARTIDO CONSERVADOR COLOMBIANO;286
TOCA;Jose Giovany Pinzon Baez;PACTO HISTÓRICO;259
TOCA;Jaime Raul Salamanca Torres;PARTIDO ALIANZA VERDE;157
TOCA;Jorge Eliecer Cortes Martinez;PARTIDO LIBERAL COLOMBIANO;120
TOCA;Pedro Jose Suarez Vacca;PACTO HISTÓRICO;100
TOCA;Oscar Leonardo Avila Romero;PARTIDO CAMBIO RADICAL;77
TOCA;Partido Alianza Verde;PARTIDO ALIANZA VERDE;69
TOCA;Pacto Histórico;PACTO HISTÓRICO;65
TOCA;Laura Andrea Bello Porras;PARTIDO ALIANZA VERDE;59
TOCA;Ingrid Marlen Sogamoso Alfonso;PARTIDO CONSERVADOR COLOMBIANO;41
TOCA;Luis Alejandro Gutierrez Sanabria;PARTIDO ALIANZA VERDE;41
TOCA;German Tiberio Ojeda Pedraza;PARTIDO ALIANZA VERDE;40
TOCA;Karen Lucia Molano Granados;PARTIDO ALIANZA VERDE;37
TOCA;Carolina Del Pilar Rodriguez Contreras;PACTO HISTÓRICO;27
TOCA;Hector Angel Ortiz Nuñez;PARTIDO CENTRO DEMOCRÁTICO;27
TOCA;Wilson Castiblanco Gil;PARTIDO LIBERAL COLOMBIANO;27
TOCA;Maryory Catherin Ortiz Alvarez;PACTO HISTÓRICO;25
TOCA;Olga Yaneth Beltran Dorado;PARTIDO CENTRO DEMOCRÁTICO;25
TOCA;Pablo Emilio Cepeda Novoa;PARTIDO CAMBIO RADICAL;24
TOCA;Jairo Enrique Castiblanco Parra;COALICIÓN PARTIDOS DE LA U - MIRA - COLOMBIA JUSTA LIBRES - ASI;22
TOCA;Guillermo Leonardo Sanchez Sanchez;PARTIDO CENTRO DEMOCRÁTICO;20
TOCA;Jose Fernando Morales Acuña;PARTIDO CONSERVADOR COLOMBIANO;19
TOCA;Partido Centro Democrático;PARTIDO CENTRO DEMOCRÁTICO;19
TOCA;Partido Conservador Colombiano;PARTIDO CONSERVADOR COLOMBIANO;19
TOCA;Partido Liberal Colombiano;PARTIDO LIBERAL COLOMBIANO;19
TOCA;Leidy Alejandra Moreno Sanchez;PACTO HISTÓRICO;18
TOCA;Lupe Isabel Lopez Marquez;PARTIDO CAMBIO RADICAL;18
TOCA;Karol Ricardo Ramirez Silva;PACTO HISTÓRICO;17
TOCA;Jonatan Sanchez Garavito;PARTIDO CAMBIO RADICAL;15
TOCA;Mayda Cecilia Velasquez Rueda;PARTIDO LIBERAL COLOMBIANO;15
TOCA;Monica Yanneth Quiroga Castillo;PARTIDO CAMBIO RADICAL;14
TOCA;Nidia Milena Torres Paez;PARTIDO CENTRO DEMOCRÁTICO;14
TOCA;Olga Natalie Manrique Abril;COALICIÓN PARTIDOS DE LA U - MIRA - COLOMBIA JUSTA LIBRES - ASI;14
TOCA;Partido Nuevo Liberalismo;PARTIDO NUEVO LIBERALISMO;14
TOCA;Jorge Ivan Amarillo Giraldo;COALICIÓN PARTIDOS DE LA U - MIRA - COLOMBIA JUSTA LIBRES - ASI;13
TOCA;Mayra Alejandra Viancha Sanabria;PARTIDO LIBERAL COLOMBIANO;11
TOCA;William Donato Gomez;PARTIDO CENTRO DEMOCRÁTICO;11
TOCA;Olga Maria Chivata Vargas;PARTIDO NUEVO LIBERALISMO;9
TOCA;Partido Cambio Radical;PARTIDO CAMBIO RADICAL;8
TOCA;Cindy Yohana Bohorquez Garzon;PARTIDO CONSERVADOR COLOMBIANO;7
TOCA;Claudia Beatriz Duarte Acosta;PARTIDO NUEVO LIBERALISMO;7
TOCA;Henry De Jesus Puerto Vasquez;PARTIDO NUEVO LIBERALISMO;7
TOCA;Jose Dario Mahecha Castillo;PARTIDO CONSERVADOR COLOMBIANO;7
TOCA;Diana Carolina Suarez Muñoz;COALICIÓN PARTIDOS DE LA U - MIRA - COLOMBIA JUSTA LIBRES - ASI;6
TOCA;Coalición Partidos De La U - Mira - Colombia Justa  Libres - Asi;COALICIÓN PARTIDOS DE LA U - MIRA - COLOMBIA JUSTA LIBRES - ASI;5
TOCA;Humphrey Roa Sarmiento;PARTIDO CONSERVADOR COLOMBIANO;5
TOCA;Eduar Alexis Triana Rincon;PARTIDO CENTRO DEMOCRÁTICO;4
TOCA;Movimiento De Salvación Nacional;MOVIMIENTO DE SALVACIÓN NACIONAL;4
TOCA;Partido Político Dignidad;PARTIDO POLÍTICO DIGNIDAD;4
TOCA;Sandro Nestor Condia Perez;PARTIDO LIBERAL COLOMBIANO;4
TOCA;Pablo Mendoza Vargas;COALICIÓN PARTIDOS DE LA U - MIRA - COLOMBIA JUSTA LIBRES - ASI;3
TOCA;William Fernando Granados;PARTIDO NUEVO LIBERALISMO;3
TOCA;Jorge Arturo Mayorga Esguerra;COALICIÓN PARTIDOS DE LA U - MIRA - COLOMBIA JUSTA LIBRES - ASI;2
TOGUI;Guillermo Leonardo Sanchez Sanchez;PARTIDO CENTRO DEMOCRÁTICO;144
TOGUI;Hector David Chaparro Chaparro;PARTIDO LIBERAL COLOMBIANO;131
TOGUI;Hector Angel Ortiz Nuñez;PARTIDO CENTRO DEMOCRÁTICO;97
TOGUI;Wilmer Yair Castellanos Hernandez;PARTIDO ALIANZA VERDE;83
TOGUI;Eduar Alexis Triana Rincon;PARTIDO CENTRO DEMOCRÁTICO;80
TOGUI;Humphrey Roa Sarmiento;PARTIDO CONSERVADOR COLOMBIANO;60
TOGUI;Olga Yaneth Beltran Dorado;PARTIDO CENTRO DEMOCRÁTICO;53
TOGUI;Jaime Raul Salamanca Torres;PARTIDO ALIANZA VERDE;51
TOGUI;Jose Giovany Pinzon Baez;PACTO HISTÓRICO;33
TOGUI;Pedro Jose Suarez Vacca;PACTO HISTÓRICO;29
TOGUI;Jose Fernando Morales Acuña;PARTIDO CONSERVADOR COLOMBIANO;21
TOGUI;Pacto Histórico;PACTO HISTÓRICO;21
TOGUI;Partido Alianza Verde;PARTIDO ALIANZA VERDE;21
TOGUI;German Tiberio Ojeda Pedraza;PARTIDO ALIANZA VERDE;19
TOGUI;Ingrid Marlen Sogamoso Alfonso;PARTIDO CONSERVADOR COLOMBIANO;19
TOGUI;Partido Centro Democrático;PARTIDO CENTRO DEMOCRÁTICO;18
TOGUI;Jose Dario Mahecha Castillo;PARTIDO CONSERVADOR COLOMBIANO;17
TOGUI;Maryory Catherin Ortiz Alvarez;PACTO HISTÓRICO;17
TOGUI;Wilder Ivan Suesca Ochoa;PARTIDO CONSERVADOR COLOMBIANO;16
TOGUI;Mayra Alejandra Viancha Sanabria;PARTIDO LIBERAL COLOMBIANO;14
TOGUI;Partido Liberal Colombiano;PARTIDO LIBERAL COLOMBIANO;13
TOGUI;Jonatan Sanchez Garavito;PARTIDO CAMBIO RADICAL;12
TOGUI;Nidia Milena Torres Paez;PARTIDO CENTRO DEMOCRÁTICO;12
TOGUI;Oscar Leonardo Avila Romero;PARTIDO CAMBIO RADICAL;12
TOGUI;Pablo Emilio Cepeda Novoa;PARTIDO CAMBIO RADICAL;11
TOGUI;Jorge Eliecer Cortes Martinez;PARTIDO LIBERAL COLOMBIANO;10
TOGUI;Karen Lucia Molano Granados;PARTIDO ALIANZA VERDE;10
TOGUI;Partido Conservador Colombiano;PARTIDO CONSERVADOR COLOMBIANO;10
TOGUI;Sandro Nestor Condia Perez;PARTIDO LIBERAL COLOMBIANO;10
TOGUI;Olga Natalie Manrique Abril;COALICIÓN PARTIDOS DE LA U - MIRA - COLOMBIA JUSTA LIBRES - ASI;9
TOGUI;Cindy Yohana Bohorquez Garzon;PARTIDO CONSERVADOR COLOMBIANO;8
TOGUI;Leidy Alejandra Moreno Sanchez;PACTO HISTÓRICO;8
TOGUI;Olga Maria Chivata Vargas;PARTIDO NUEVO LIBERALISMO;7
TOGUI;Laura Andrea Bello Porras;PARTIDO ALIANZA VERDE;6
TOGUI;Wilson Castiblanco Gil;PARTIDO LIBERAL COLOMBIANO;6
TOGUI;Monica Yanneth Quiroga Castillo;PARTIDO CAMBIO RADICAL;5
TOGUI;William Donato Gomez;PARTIDO CENTRO DEMOCRÁTICO;5
TOGUI;Carolina Del Pilar Rodriguez Contreras;PACTO HISTÓRICO;4
TOGUI;Diana Carolina Suarez Muñoz;COALICIÓN PARTIDOS DE LA U - MIRA - COLOMBIA JUSTA LIBRES - ASI;4
TOGUI;Jairo Enrique Castiblanco Parra;COALICIÓN PARTIDOS DE LA U - MIRA - COLOMBIA JUSTA LIBRES - ASI;4
TOGUI;Luis Alejandro Gutierrez Sanabria;PARTIDO ALIANZA VERDE;4
TOGUI;Partido Nuevo Liberalismo;PARTIDO NUEVO LIBERALISMO;4
TOGUI;Luis Guillermo Barrera Gutierrez;PARTIDO CAMBIO RADICAL;3
TOGUI;Partido Político Dignidad;PARTIDO POLÍTICO DIGNIDAD;3
TOGUI;Jorge Arturo Mayorga Esguerra;COALICIÓN PARTIDOS DE LA U - MIRA - COLOMBIA JUSTA LIBRES - ASI;2
TOGUI;Karol Ricardo Ramirez Silva;PACTO HISTÓRICO;2
TOGUI;Lupe Isabel Lopez Marquez;PARTIDO CAMBIO RADICAL;2
TOGUI;Mayda Cecilia Velasquez Rueda;PARTIDO LIBERAL COLOMBIANO;2
TOGUI;Pablo Mendoza Vargas;COALICIÓN PARTIDOS DE LA U - MIRA - COLOMBIA JUSTA LIBRES - ASI;2
TOGUI;Partido Cambio Radical;PARTIDO CAMBIO RADICAL;2
TOGUI;Henry De Jesus Puerto Vasquez;PARTIDO NUEVO LIBERALISMO;1
TOGUI;Jorge Ivan Amarillo Giraldo;COALICIÓN PARTIDOS DE LA U - MIRA - COLOMBIA JUSTA LIBRES - ASI;1
TOGUI;William Fernando Granados;PARTIDO NUEVO LIBERALISMO;1
TOPAGA;Jonatan Sanchez Garavito;PARTIDO CAMBIO RADICAL;150
TOPAGA;Jairo Enrique Castiblanco Parra;COALICIÓN PARTIDOS DE LA U - MIRA - COLOMBIA JUSTA LIBRES - ASI;134
TOPAGA;Luis Guillermo Barrera Gutierrez;PARTIDO CAMBIO RADICAL;131
TOPAGA;Wilmer Yair Castellanos Hernandez;PARTIDO ALIANZA VERDE;100
TOPAGA;Hector David Chaparro Chaparro;PARTIDO LIBERAL COLOMBIANO;89
TOPAGA;Jaime Raul Salamanca Torres;PARTIDO ALIANZA VERDE;65
TOPAGA;Hector Angel Ortiz Nuñez;PARTIDO CENTRO DEMOCRÁTICO;61
TOPAGA;Jose Giovany Pinzon Baez;PACTO HISTÓRICO;53
TOPAGA;German Tiberio Ojeda Pedraza;PARTIDO ALIANZA VERDE;50
TOPAGA;Ingrid Marlen Sogamoso Alfonso;PARTIDO CONSERVADOR COLOMBIANO;50
TOPAGA;Luis Alejandro Gutierrez Sanabria;PARTIDO ALIANZA VERDE;39
TOPAGA;Pacto Histórico;PACTO HISTÓRICO;37
TOPAGA;Jose Dario Mahecha Castillo;PARTIDO CONSERVADOR COLOMBIANO;30
TOPAGA;Karol Ricardo Ramirez Silva;PACTO HISTÓRICO;28
TOPAGA;Monica Yanneth Quiroga Castillo;PARTIDO CAMBIO RADICAL;28
TOPAGA;Sandro Nestor Condia Perez;PARTIDO LIBERAL COLOMBIANO;28
TOPAGA;Humphrey Roa Sarmiento;PARTIDO CONSERVADOR COLOMBIANO;27
TOPAGA;Jorge Ivan Amarillo Giraldo;COALICIÓN PARTIDOS DE LA U - MIRA - COLOMBIA JUSTA LIBRES - ASI;27
TOPAGA;Cindy Yohana Bohorquez Garzon;PARTIDO CONSERVADOR COLOMBIANO;26
TOPAGA;Pedro Jose Suarez Vacca;PACTO HISTÓRICO;25
TOPAGA;Jorge Eliecer Cortes Martinez;PARTIDO LIBERAL COLOMBIANO;21
TOPAGA;Eduar Alexis Triana Rincon;PARTIDO CENTRO DEMOCRÁTICO;19
TOPAGA;Laura Andrea Bello Porras;PARTIDO ALIANZA VERDE;18
TOPAGA;Partido Conservador Colombiano;PARTIDO CONSERVADOR COLOMBIANO;17
TOPAGA;Karen Lucia Molano Granados;PARTIDO ALIANZA VERDE;16
TOPAGA;Wilder Ivan Suesca Ochoa;PARTIDO CONSERVADOR COLOMBIANO;16
TOPAGA;Maryory Catherin Ortiz Alvarez;PACTO HISTÓRICO;15
TOPAGA;Olga Yaneth Beltran Dorado;PARTIDO CENTRO DEMOCRÁTICO;15
TOPAGA;Guillermo Leonardo Sanchez Sanchez;PARTIDO CENTRO DEMOCRÁTICO;14
TOPAGA;Pablo Emilio Cepeda Novoa;PARTIDO CAMBIO RADICAL;13
TOPAGA;Partido Cambio Radical;PARTIDO CAMBIO RADICAL;11
TOPAGA;Partido Centro Democrático;PARTIDO CENTRO DEMOCRÁTICO;11
TOPAGA;Diana Carolina Suarez Muñoz;COALICIÓN PARTIDOS DE LA U - MIRA - COLOMBIA JUSTA LIBRES - ASI;10
TOPAGA;Jose Fernando Morales Acuña;PARTIDO CONSERVADOR COLOMBIANO;10
TOPAGA;Leidy Alejandra Moreno Sanchez;PACTO HISTÓRICO;10
TOPAGA;Nidia Milena Torres Paez;PARTIDO CENTRO DEMOCRÁTICO;10
TOPAGA;Partido Alianza Verde;PARTIDO ALIANZA VERDE;10
TOPAGA;Partido Político Dignidad;PARTIDO POLÍTICO DIGNIDAD;10
TOPAGA;William Donato Gomez;PARTIDO CENTRO DEMOCRÁTICO;10
TOPAGA;Olga Natalie Manrique Abril;COALICIÓN PARTIDOS DE LA U - MIRA - COLOMBIA JUSTA LIBRES - ASI;7
TOPAGA;Henry De Jesus Puerto Vasquez;PARTIDO NUEVO LIBERALISMO;6
TOPAGA;Lupe Isabel Lopez Marquez;PARTIDO CAMBIO RADICAL;5
TOPAGA;Mayda Cecilia Velasquez Rueda;PARTIDO LIBERAL COLOMBIANO;5
TOPAGA;Mayra Alejandra Viancha Sanabria;PARTIDO LIBERAL COLOMBIANO;5
TOPAGA;Olga Maria Chivata Vargas;PARTIDO NUEVO LIBERALISMO;5
TOPAGA;Oscar Leonardo Avila Romero;PARTIDO CAMBIO RADICAL;5
TOPAGA;Partido Liberal Colombiano;PARTIDO LIBERAL COLOMBIANO;5
TOPAGA;Coalición Partidos De La U - Mira - Colombia Justa  Libres - Asi;COALICIÓN PARTIDOS DE LA U - MIRA - COLOMBIA JUSTA LIBRES - ASI;4
TOPAGA;Jorge Arturo Mayorga Esguerra;COALICIÓN PARTIDOS DE LA U - MIRA - COLOMBIA JUSTA LIBRES - ASI;4
TOPAGA;Partido Nuevo Liberalismo;PARTIDO NUEVO LIBERALISMO;4
TOPAGA;Wilson Castiblanco Gil;PARTIDO LIBERAL COLOMBIANO;4
TOPAGA;Carolina Del Pilar Rodriguez Contreras;PACTO HISTÓRICO;2
TOPAGA;Claudia Beatriz Duarte Acosta;PARTIDO NUEVO LIBERALISMO;1
TOPAGA;Movimiento De Salvación Nacional;MOVIMIENTO DE SALVACIÓN NACIONAL;1
TOPAGA;Pablo Mendoza Vargas;COALICIÓN PARTIDOS DE LA U - MIRA - COLOMBIA JUSTA LIBRES - ASI;1
TOPAGA;William Fernando Granados;PARTIDO NUEVO LIBERALISMO;1
TOTA;Jaime Raul Salamanca Torres;PARTIDO ALIANZA VERDE;218
TOTA;Wilmer Yair Castellanos Hernandez;PARTIDO ALIANZA VERDE;203
TOTA;Jose Giovany Pinzon Baez;PACTO HISTÓRICO;134
TOTA;Hector David Chaparro Chaparro;PARTIDO LIBERAL COLOMBIANO;117
TOTA;Jairo Enrique Castiblanco Parra;COALICIÓN PARTIDOS DE LA U - MIRA - COLOMBIA JUSTA LIBRES - ASI;67
TOTA;Partido Alianza Verde;PARTIDO ALIANZA VERDE;66
TOTA;Karol Ricardo Ramirez Silva;PACTO HISTÓRICO;57
TOTA;Hector Angel Ortiz Nuñez;PARTIDO CENTRO DEMOCRÁTICO;54
TOTA;Humphrey Roa Sarmiento;PARTIDO CONSERVADOR COLOMBIANO;48
TOTA;Guillermo Leonardo Sanchez Sanchez;PARTIDO CENTRO DEMOCRÁTICO;40
TOTA;Karen Lucia Molano Granados;PARTIDO ALIANZA VERDE;23
TOTA;Luis Guillermo Barrera Gutierrez;PARTIDO CAMBIO RADICAL;18
TOTA;German Tiberio Ojeda Pedraza;PARTIDO ALIANZA VERDE;16
TOTA;Olga Yaneth Beltran Dorado;PARTIDO CENTRO DEMOCRÁTICO;15
TOTA;Oscar Leonardo Avila Romero;PARTIDO CAMBIO RADICAL;15
TOTA;Mayda Cecilia Velasquez Rueda;PARTIDO LIBERAL COLOMBIANO;13
TOTA;Luis Alejandro Gutierrez Sanabria;PARTIDO ALIANZA VERDE;12
TOTA;Laura Andrea Bello Porras;PARTIDO ALIANZA VERDE;11
TOTA;Pacto Histórico;PACTO HISTÓRICO;11
TOTA;Pedro Jose Suarez Vacca;PACTO HISTÓRICO;11
TOTA;Jonatan Sanchez Garavito;PARTIDO CAMBIO RADICAL;10
TOTA;Partido Centro Democrático;PARTIDO CENTRO DEMOCRÁTICO;10
TOTA;Partido Conservador Colombiano;PARTIDO CONSERVADOR COLOMBIANO;10
TOTA;Partido Liberal Colombiano;PARTIDO LIBERAL COLOMBIANO;9
TOTA;Coalición Partidos De La U - Mira - Colombia Justa  Libres - Asi;COALICIÓN PARTIDOS DE LA U - MIRA - COLOMBIA JUSTA LIBRES - ASI;8
TOTA;Jorge Arturo Mayorga Esguerra;COALICIÓN PARTIDOS DE LA U - MIRA - COLOMBIA JUSTA LIBRES - ASI;7
TOTA;Leidy Alejandra Moreno Sanchez;PACTO HISTÓRICO;7
TOTA;Nidia Milena Torres Paez;PARTIDO CENTRO DEMOCRÁTICO;7
TOTA;Partido Cambio Radical;PARTIDO CAMBIO RADICAL;7
TOTA;Jorge Eliecer Cortes Martinez;PARTIDO LIBERAL COLOMBIANO;6
TOTA;Monica Yanneth Quiroga Castillo;PARTIDO CAMBIO RADICAL;6
TOTA;Wilder Ivan Suesca Ochoa;PARTIDO CONSERVADOR COLOMBIANO;6
TOTA;Diana Carolina Suarez Muñoz;COALICIÓN PARTIDOS DE LA U - MIRA - COLOMBIA JUSTA LIBRES - ASI;5
TOTA;Eduar Alexis Triana Rincon;PARTIDO CENTRO DEMOCRÁTICO;5
TOTA;Henry De Jesus Puerto Vasquez;PARTIDO NUEVO LIBERALISMO;5
TOTA;Ingrid Marlen Sogamoso Alfonso;PARTIDO CONSERVADOR COLOMBIANO;5
TOTA;Jose Fernando Morales Acuña;PARTIDO CONSERVADOR COLOMBIANO;4
TOTA;Mayra Alejandra Viancha Sanabria;PARTIDO LIBERAL COLOMBIANO;4
TOTA;Pablo Emilio Cepeda Novoa;PARTIDO CAMBIO RADICAL;4
TOTA;Wilson Castiblanco Gil;PARTIDO LIBERAL COLOMBIANO;4
TOTA;Carolina Del Pilar Rodriguez Contreras;PACTO HISTÓRICO;3
TOTA;William Donato Gomez;PARTIDO CENTRO DEMOCRÁTICO;3
TOTA;Cindy Yohana Bohorquez Garzon;PARTIDO CONSERVADOR COLOMBIANO;2
TOTA;Jose Dario Mahecha Castillo;PARTIDO CONSERVADOR COLOMBIANO;2
TOTA;Maryory Catherin Ortiz Alvarez;PACTO HISTÓRICO;2
TOTA;Sandro Nestor Condia Perez;PARTIDO LIBERAL COLOMBIANO;2
TOTA;William Fernando Granados;PARTIDO NUEVO LIBERALISMO;2
TOTA;Camilo Rivera Soto;CONSEJO COMUNITARIO AFROZABALETAS;1
TOTA;Claudia Beatriz Duarte Acosta;PARTIDO NUEVO LIBERALISMO;1
TOTA;Jorge Ivan Amarillo Giraldo;COALICIÓN PARTIDOS DE LA U - MIRA - COLOMBIA JUSTA LIBRES - ASI;1
TOTA;Partido Nuevo Liberalismo;PARTIDO NUEVO LIBERALISMO;1
TUNJA;Pedro Jose Suarez Vacca;PACTO HISTÓRICO;7413
TUNJA;Jose Giovany Pinzon Baez;PACTO HISTÓRICO;4519
TUNJA;Wilmer Yair Castellanos Hernandez;PARTIDO ALIANZA VERDE;4370
TUNJA;Ingrid Marlen Sogamoso Alfonso;PARTIDO CONSERVADOR COLOMBIANO;4016
TUNJA;Pacto Histórico;PACTO HISTÓRICO;3426
TUNJA;Hector David Chaparro Chaparro;PARTIDO LIBERAL COLOMBIANO;3270
TUNJA;Jaime Raul Salamanca Torres;PARTIDO ALIANZA VERDE;3149
TUNJA;Karen Lucia Molano Granados;PARTIDO ALIANZA VERDE;2994
TUNJA;Jorge Eliecer Cortes Martinez;PARTIDO LIBERAL COLOMBIANO;2404
TUNJA;Oscar Leonardo Avila Romero;PARTIDO CAMBIO RADICAL;2138
TUNJA;Pablo Emilio Cepeda Novoa;PARTIDO CAMBIO RADICAL;2131
TUNJA;Wilder Ivan Suesca Ochoa;PARTIDO CONSERVADOR COLOMBIANO;1871
TUNJA;Hector Angel Ortiz Nuñez;PARTIDO CENTRO DEMOCRÁTICO;1853
TUNJA;Jairo Enrique Castiblanco Parra;COALICIÓN PARTIDOS DE LA U - MIRA - COLOMBIA JUSTA LIBRES - ASI;1457
TUNJA;German Tiberio Ojeda Pedraza;PARTIDO ALIANZA VERDE;1401
TUNJA;Luis Alejandro Gutierrez Sanabria;PARTIDO ALIANZA VERDE;1393
TUNJA;Maryory Catherin Ortiz Alvarez;PACTO HISTÓRICO;1287
TUNJA;Wilson Castiblanco Gil;PARTIDO LIBERAL COLOMBIANO;1174
TUNJA;Jonatan Sanchez Garavito;PARTIDO CAMBIO RADICAL;1031
TUNJA;Guillermo Leonardo Sanchez Sanchez;PARTIDO CENTRO DEMOCRÁTICO;875
TUNJA;Leidy Alejandra Moreno Sanchez;PACTO HISTÓRICO;870
TUNJA;Olga Yaneth Beltran Dorado;PARTIDO CENTRO DEMOCRÁTICO;776
TUNJA;Jorge Ivan Amarillo Giraldo;COALICIÓN PARTIDOS DE LA U - MIRA - COLOMBIA JUSTA LIBRES - ASI;754
TUNJA;Partido Alianza Verde;PARTIDO ALIANZA VERDE;704
TUNJA;Diana Carolina Suarez Muñoz;COALICIÓN PARTIDOS DE LA U - MIRA - COLOMBIA JUSTA LIBRES - ASI;701
TUNJA;Laura Andrea Bello Porras;PARTIDO ALIANZA VERDE;673
TUNJA;Eduar Alexis Triana Rincon;PARTIDO CENTRO DEMOCRÁTICO;635
TUNJA;Carolina Del Pilar Rodriguez Contreras;PACTO HISTÓRICO;631
TUNJA;Humphrey Roa Sarmiento;PARTIDO CONSERVADOR COLOMBIANO;591
TUNJA;Luis Guillermo Barrera Gutierrez;PARTIDO CAMBIO RADICAL;553
TUNJA;Jose Fernando Morales Acuña;PARTIDO CONSERVADOR COLOMBIANO;552
TUNJA;Karol Ricardo Ramirez Silva;PACTO HISTÓRICO;537
TUNJA;Jose Dario Mahecha Castillo;PARTIDO CONSERVADOR COLOMBIANO;444
TUNJA;Olga Natalie Manrique Abril;COALICIÓN PARTIDOS DE LA U - MIRA - COLOMBIA JUSTA LIBRES - ASI;406
TUNJA;Pablo Mendoza Vargas;COALICIÓN PARTIDOS DE LA U - MIRA - COLOMBIA JUSTA LIBRES - ASI;396
TUNJA;Partido Centro Democrático;PARTIDO CENTRO DEMOCRÁTICO;368
TUNJA;Olga Maria Chivata Vargas;PARTIDO NUEVO LIBERALISMO;339
TUNJA;William Donato Gomez;PARTIDO CENTRO DEMOCRÁTICO;326
TUNJA;Cindy Yohana Bohorquez Garzon;PARTIDO CONSERVADOR COLOMBIANO;325
TUNJA;Mayra Alejandra Viancha Sanabria;PARTIDO LIBERAL COLOMBIANO;325
TUNJA;Mayda Cecilia Velasquez Rueda;PARTIDO LIBERAL COLOMBIANO;317
TUNJA;Partido Nuevo Liberalismo;PARTIDO NUEVO LIBERALISMO;275
TUNJA;Partido Político Dignidad;PARTIDO POLÍTICO DIGNIDAD;247
TUNJA;Sandro Nestor Condia Perez;PARTIDO LIBERAL COLOMBIANO;238
TUNJA;Partido Conservador Colombiano;PARTIDO CONSERVADOR COLOMBIANO;216
TUNJA;Partido Liberal Colombiano;PARTIDO LIBERAL COLOMBIANO;198
TUNJA;Henry De Jesus Puerto Vasquez;PARTIDO NUEVO LIBERALISMO;195
TUNJA;Nidia Milena Torres Paez;PARTIDO CENTRO DEMOCRÁTICO;195
TUNJA;Lupe Isabel Lopez Marquez;PARTIDO CAMBIO RADICAL;153
TUNJA;Monica Yanneth Quiroga Castillo;PARTIDO CAMBIO RADICAL;133
TUNJA;Coalición Partidos De La U - Mira - Colombia Justa  Libres - Asi;COALICIÓN PARTIDOS DE LA U - MIRA - COLOMBIA JUSTA LIBRES - ASI;129
TUNJA;Claudia Beatriz Duarte Acosta;PARTIDO NUEVO LIBERALISMO;125
TUNJA;William Fernando Granados;PARTIDO NUEVO LIBERALISMO;108
TUNJA;Fernando Ríos Hidalgo;FERNANDO RÍOS HIDALGO;102
TUNJA;Movimiento De Salvación Nacional;MOVIMIENTO DE SALVACIÓN NACIONAL;101
TUNJA;Partido Cambio Radical;PARTIDO CAMBIO RADICAL;96
TUNJA;Jorge Ivan Mina Lasso;CONSEJO COMUNITARIO MANUEL ZAPATA OLIVELLA DE SAN ANTERO;89
TUNJA;Jorge Arturo Mayorga Esguerra;COALICIÓN PARTIDOS DE LA U - MIRA - COLOMBIA JUSTA LIBRES - ASI;79
TUNJA;Ariel Rosebel Palacios Angulo;C.C LA TOMA;50
TUNJA;Maria Yolanda Figueroa Celis;PARTIDO INDÍGENA COLOMBIANO P.I.C;36
TUNJA;Consejo Comunitario De La Comunidad Negra Limones;CONSEJO COMUNITARIO DE LA COMUNIDAD NEGRA LIMONES;32
TUNJA;Ali Bantu Ashanti;C.C LA TOMA;29
TUNJA;Consejo Comunitario De Comunidades Negras De Guaya Bal;CONSEJO COMUNITARIO DE COMUNIDADES NEGRAS DE GUAYABAL;29
TUNJA;Norman David Bañol Alvarez;"MOVIMIENTO ALTERNATIVO INDÍGENA SOCIAL ""MAIS""";29
TUNJA;Juvenal Arrieta Gonzalez;"MOVIMIENTO ALTERNATIVO INDÍGENA SOCIAL ""MAIS""";26
TUNJA;Consejo Comunitario La Voz De Los Negros;CONSEJO COMUNITARIO LA VOZ DE LOS NEGROS;23
TUNJA;"Movimiento Alternativo Indígena Social ""Mais""";"MOVIMIENTO ALTERNATIVO INDÍGENA SOCIAL ""MAIS""";23
TUNJA;Partido Indígena Colombiano P.I.C;PARTIDO INDÍGENA COLOMBIANO P.I.C;21
TUNJA;Camilo Rivera Soto;CONSEJO COMUNITARIO AFROZABALETAS;19
TUNJA;Resguardo Indígena Alta Y Media Guajira;RESGUARDO INDÍGENA ALTA Y MEDIA GUAJIRA;18
TUNJA;Idalmy Minotta Teran;C.C LA TOMA;17
TUNJA;Amado Aragon Garcia;CORPORACIÓN DE EDUCADORES DEL LITORAL PACIFICO CORELIPA;14
TUNJA;Consejo Comunitario De Comunidades Negras De Campo  Hermoso;CONSEJO COMUNITARIO DE COMUNIDADES NEGRAS DE CAMPO HERMOSO;14
TUNJA;Guillermo Alfredo Rodriguez Quispe;"MOVIMIENTO AUTORIDADES INDÍGENAS DE COLOMBIA ""AICO""";14
TUNJA;Alianza Nacional Afrocolombiana;ALIANZA NACIONAL AFROCOLOMBIANA;13
TUNJA;"Movimiento Autoridades Indígenas De Colombia ""Aico """;"MOVIMIENTO AUTORIDADES INDÍGENAS DE COLOMBIA ""AICO""";13
TUNJA;Partido Colombia Renaciente;PARTIDO COLOMBIA RENACIENTE;13
TUNJA;Consejo Comunitario Integral De Lloró;CONSEJO COMUNITARIO INTEGRAL DE LLORÓ;12
TUNJA;C.C La Toma;C.C LA TOMA;11
TUNJA;Ermes Rafael Urzola De La Barrera;ASOCIACIÓN NACIONAL DE CABILDOS Y AUTORIDADES INDÍGENAS EN COLOMBIA ANICOL;11
TUNJA;Resguardo Indígena Zenú Del Alto San Jorge;RESGUARDO INDÍGENA ZENÚ DEL ALTO SAN JORGE;11
TUNJA;Salomon Rafael Ruiz Bertel;CABILDO INDÍGENA AYWJAWASHI;11
TUNJA;Consejo Comunitario Afrozabaletas;CONSEJO COMUNITARIO AFROZABALETAS;9
TUNJA;Asociación Nacional De Cabildos Y Autoridades Indí Genas En Colombia Anicol;ASOCIACIÓN NACIONAL DE CABILDOS Y AUTORIDADES INDÍGENAS EN COLOMBIA ANICOL;8
TUNJA;Dualter Gutierrez Cabiche;"MOVIMIENTO AUTORIDADES INDÍGENAS DE COLOMBIA ""AICO""";8
TUNJA;Somos Identidad;SOMOS IDENTIDAD;8
TUNJA;Cenobia Torcuato Caicedo;"MOVIMIENTO ALTERNATIVO INDÍGENA SOCIAL ""MAIS""";7
TUNJA;Consejo Comunitario Bocas De Taparal;CONSEJO COMUNITARIO BOCAS DE TAPARAL;7
TUNJA;Consejo Comunitario Rescate Las Varas;CONSEJO COMUNITARIO RESCATE LAS VARAS;7
TUNJA;Andres Alfonso Tarazona Parra;CONSEJO COMUNITARIO DE COMUNIDADES NEGRAS SOCOLANDO;6
TUNJA;Cabildo Indígena Aywjawashi;CABILDO INDÍGENA AYWJAWASHI;6
TUNJA;Consejo Comunit. Piedras Bachichi Correg. Santa Ce Cilia;CONSEJO COMUNIT. PIEDRAS BACHICHI CORREG. SANTA CECILIA;6
TUNJA;"Asociación Afrodescendientes De Arboletes ""Afrodes Ar""";"ASOCIACIÓN AFRODESCENDIENTES DE ARBOLETES ""AFRODESAR""";5
TUNJA;Consejo Comunitario De La Comunidad Negra De Villa  Gloria;CONSEJO COMUNITARIO DE LA COMUNIDAD NEGRA DE VILLA GLORIA;5
TUNJA;Consejo Comunitario Manuel Zapata Olivella De San Antero;CONSEJO COMUNITARIO MANUEL ZAPATA OLIVELLA DE SAN ANTERO;5
TUNJA;Roger Albeiro Guzman Lugo;CONSEJO COMUNITARIO PUERTO GIRÓN;5
TUNJA;Yorly Jimena Floriano Hernandez;CONSEJO COMUNITARIO MAYOR DE CASIMIRO;5
TUNJA;Consejo Mayor Condoto Iró;CONSEJO MAYOR CONDOTO IRÓ;4
TUNJA;Felix Antonio Castillo Mosquera;CONSEJO COMUNITARIO MANUEL ZAPATA OLIVELLA DE SAN ANTERO;4
TUNJA;Movimiento Alianza Democrática Amplia;MOVIMIENTO ALIANZA DEMOCRÁTICA AMPLIA;4
TUNJA;Paciano Asprilla Arboleda;"CONSEJO COMUNITARIO DE LA COSTA PACÍFICA ""CONCOSTA""";4
TUNJA;Raymond Smith Palomeque Pino;CONSEJO COMUNITARIO MAYOR DE CERTEGUI;4
TUNJA;Afromutata;AFROMUTATA;3
TUNJA;Angel Eduardo Murillo Mosquera;"ASOC. AFROCOL. DESPLAZADOS MCPIO. GUACARÍ VALLE DEL CAUCA ""ADAG""";3
TUNJA;Consejo Comunitario Alto Paraíso;CONSEJO COMUNITARIO ALTO PARAÍSO;3
TUNJA;Consejo Comunitario Bocas Del Atrato Y Leoncito;CONSEJO COMUNITARIO BOCAS DEL ATRATO Y LEONCITO;3
TUNJA;Corporación Kofi Annan;CORPORACIÓN KOFI ANNAN;3
TUNJA;Didier Angulo Angulo;FUNDACIÓN PARA EL DESARROLLO SOCIAL DE COMUNIDADES NEGRAS;3
TUNJA;Diego Alberto Ramirez Prado;CONSEJO COMUNITARIO MAYOR DE CASIMIRO;3
TUNJA;Fundación Para El Desarrollo Social De Comunidades  Negras;FUNDACIÓN PARA EL DESARROLLO SOCIAL DE COMUNIDADES NEGRAS;3
TUNJA;Jaime Aguilar Dominguez;CONSEJO COMUNITARIO DE LOS CORREGIMIENTOS DE SAN ANTONIO Y EL CASTILLO MUNICIPIO DE EL CERRITO;3
TUNJA;Luis Alberto Palacios Morales;CONSEJO COMUNITARIO MAYOR DE CERTEGUI;3
TUNJA;Luz Elena Mosquera Bazan;CONSEJO COMUNITARIO PUERTO GIRÓN;3
TUNJA;Palenque De La Vereda Las Trecientas Y Del Municip Io De Galapa;PALENQUE DE LA VEREDA LAS TRECIENTAS Y DEL MUNICIPIO DE GALAPA;3
TUNJA;Pedro Adan Torres Perez;PALENQUE DE LA VEREDA LAS TRECIENTAS Y DEL MUNICIPIO DE GALAPA;3
TUNJA;Ana Tatiana Cordoba Ramos;CONSEJO COMUNITARIO ARCILLA, CARDÓN Y TUNA;2
TUNJA;Angelica Asprilla Palacios;"CONSEJO COMUNITARIO DE LA COSTA PACÍFICA ""CONCOSTA""";2
TUNJA;Camilo Obando Angulo;CONSEJO COMUNITARIO VEREDAS UNIDAS UN BIEN COMÚN;2
TUNJA;Coacneja;COACNEJA;2
TUNJA;"Consejo Comunitario De La Costa Pacífica ""Concosta """;"CONSEJO COMUNITARIO DE LA COSTA PACÍFICA ""CONCOSTA""";2
TUNJA;Consejo Comunitario De Los Corregimientos De San A Ntonio Y El Castillo Municipio De El Cerrito;CONSEJO COMUNITARIO DE LOS CORREGIMIENTOS DE SAN ANTONIO Y EL CASTILLO MUNICIPIO DE EL CERRITO;2
TUNJA;Consejo Comunitario Del Guabal;CONSEJO COMUNITARIO DEL GUABAL;2
TUNJA;Gustavo Adolfo Araujo Baute;CONSEJO COMUNITARIO ARCILLA, CARDÓN Y TUNA;2
TUNJA;Hector Fabian Davila Orozco;CONSEJO COMUNITARIO MAYOR DE CASIMIRO;2
TUNJA;Hernando Enrique Acevedo Rosario;CONSEJO COMUNITARIO DE COMUNIDADES NEGRAS SOCOLANDO;2
TUNJA;Isaias Arias Aragon;CONSEJO COMUNITARIO MAYOR DE CERTEGUI;2
TUNJA;Jorge Humberto Cleves Rodriguez;"MOVIMIENTO AUTORIDADES INDÍGENAS DE COLOMBIA ""AICO""";2
TUNJA;Maria Cristina Ruiz Rengifo;CONSEJO COMUNITARIO VEREDAS UNIDAS UN BIEN COMÚN;2
TUNJA;Organización Étnica De Comunidades Afros Los Palen Kes;ORGANIZACIÓN ÉTNICA DE COMUNIDADES AFROS LOS PALENKES;2
TUNJA;Teodolinda Ordoñez Erazo;FUNDACIÓN PARA EL DESARROLLO SOCIAL DE COMUNIDADES NEGRAS;2
TUNJA;Alberto Segundo Pacheco Ocando;CONSEJO COMUNITARIO DE LOS CORREGIMIENTOS DE SAN ANTONIO Y EL CASTILLO MUNICIPIO DE EL CERRITO;1
TUNJA;Ana Rogelia Monsalve Alvarez;PALENQUE DE LA VEREDA LAS TRECIENTAS Y DEL MUNICIPIO DE GALAPA;1
TUNJA;Consejo Comunitario De Vuelta Manza;CONSEJO COMUNITARIO DE VUELTA MANZA;1
TUNJA;Consejo Comunitario Mayor De Casimiro;CONSEJO COMUNITARIO MAYOR DE CASIMIRO;1
TUNJA;Consejo Comunitario Veredas Unidas Un Bien Común;CONSEJO COMUNITARIO VEREDAS UNIDAS UN BIEN COMÚN;1
TUNJA;Corporación De Educadores Del Litoral Pacifico Cor Elipa;CORPORACIÓN DE EDUCADORES DEL LITORAL PACIFICO CORELIPA;1
TUNJA;Eliecer Crecencio Quiñones Angulo;CONSEJO COMUNITARIO UNIÓN PATÍA VIEJO;1
TUNJA;Fundación Social Magende Mi;FUNDACIÓN SOCIAL MAGENDE MI;1
TUNJA;Luz Estela De La Peña Corcho;CORPORACIÓN KOFI ANNAN;1
TUNJA;Maria Idalides Peralta Julio;CONSEJO COMUNITARIO DE COMUNIDADES NEGRAS SOCOLANDO;1
TUNJA;Martin Gerardo Tobar Vidal;CONSEJO COMUNITARIO ARCILLA, CARDÓN Y TUNA;1
TUNJA;Odeprivicor;ODEPRIVICOR;1
TUNJA;Otto Adel Medina Monterrosa;CONSEJO COMUNITARIO DE FLAMENCO - MUNICIPIO DE MARÍA LA BAJA;1
TUNJA;Remberto Estupiñan Paz;CORPORACIÓN KOFI ANNAN;1
TUNJA;Sor Marina Soliz Climaco;CONSEJO COMUNITARIO UNIÓN PATÍA VIEJO;1
TUNJA;Victor Hugo Hinestroza Obregon;CONSEJO COMUNITARIO DE VUELTA MANZA;1
TUNJA;Wilman Lara Palacios;CONSEJO COMUNITARIO MANUEL ZAPATA OLIVELLA DE SAN ANTERO;1
TUNUNGUA;Hector David Chaparro Chaparro;PARTIDO LIBERAL COLOMBIANO;206
TUNUNGUA;Jaime Raul Salamanca Torres;PARTIDO ALIANZA VERDE;154
TUNUNGUA;Eduar Alexis Triana Rincon;PARTIDO CENTRO DEMOCRÁTICO;38
TUNUNGUA;Pacto Histórico;PACTO HISTÓRICO;29
TUNUNGUA;Partido Alianza Verde;PARTIDO ALIANZA VERDE;17
TUNUNGUA;Wilmer Yair Castellanos Hernandez;PARTIDO ALIANZA VERDE;17
TUNUNGUA;German Tiberio Ojeda Pedraza;PARTIDO ALIANZA VERDE;14
TUNUNGUA;Partido Liberal Colombiano;PARTIDO LIBERAL COLOMBIANO;14
TUNUNGUA;Jonatan Sanchez Garavito;PARTIDO CAMBIO RADICAL;13
TUNUNGUA;Wilson Castiblanco Gil;PARTIDO LIBERAL COLOMBIANO;13
TUNUNGUA;Nidia Milena Torres Paez;PARTIDO CENTRO DEMOCRÁTICO;11
TUNUNGUA;Jose Giovany Pinzon Baez;PACTO HISTÓRICO;9
TUNUNGUA;Karen Lucia Molano Granados;PARTIDO ALIANZA VERDE;9
TUNUNGUA;Carolina Del Pilar Rodriguez Contreras;PACTO HISTÓRICO;8
TUNUNGUA;Jorge Eliecer Cortes Martinez;PARTIDO LIBERAL COLOMBIANO;8
TUNUNGUA;Pedro Jose Suarez Vacca;PACTO HISTÓRICO;8
TUNUNGUA;Mayda Cecilia Velasquez Rueda;PARTIDO LIBERAL COLOMBIANO;7
TUNUNGUA;Luis Guillermo Barrera Gutierrez;PARTIDO CAMBIO RADICAL;6
TUNUNGUA;Lupe Isabel Lopez Marquez;PARTIDO CAMBIO RADICAL;6
TUNUNGUA;Guillermo Leonardo Sanchez Sanchez;PARTIDO CENTRO DEMOCRÁTICO;5
TUNUNGUA;Mayra Alejandra Viancha Sanabria;PARTIDO LIBERAL COLOMBIANO;5
TUNUNGUA;Hector Angel Ortiz Nuñez;PARTIDO CENTRO DEMOCRÁTICO;4
TUNUNGUA;Laura Andrea Bello Porras;PARTIDO ALIANZA VERDE;4
TUNUNGUA;Maryory Catherin Ortiz Alvarez;PACTO HISTÓRICO;4
TUNUNGUA;Olga Yaneth Beltran Dorado;PARTIDO CENTRO DEMOCRÁTICO;4
TUNUNGUA;Sandro Nestor Condia Perez;PARTIDO LIBERAL COLOMBIANO;4
TUNUNGUA;Wilder Ivan Suesca Ochoa;PARTIDO CONSERVADOR COLOMBIANO;4
TUNUNGUA;Coalición Partidos De La U - Mira - Colombia Justa  Libres - Asi;COALICIÓN PARTIDOS DE LA U - MIRA - COLOMBIA JUSTA LIBRES - ASI;3
TUNUNGUA;Humphrey Roa Sarmiento;PARTIDO CONSERVADOR COLOMBIANO;3
TUNUNGUA;Oscar Leonardo Avila Romero;PARTIDO CAMBIO RADICAL;3
TUNUNGUA;Diana Carolina Suarez Muñoz;COALICIÓN PARTIDOS DE LA U - MIRA - COLOMBIA JUSTA LIBRES - ASI;2
TUNUNGUA;Jose Dario Mahecha Castillo;PARTIDO CONSERVADOR COLOMBIANO;2
TUNUNGUA;Karol Ricardo Ramirez Silva;PACTO HISTÓRICO;2
TUNUNGUA;Leidy Alejandra Moreno Sanchez;PACTO HISTÓRICO;2
TUNUNGUA;Partido Centro Democrático;PARTIDO CENTRO DEMOCRÁTICO;2
TUNUNGUA;Partido Político Dignidad;PARTIDO POLÍTICO DIGNIDAD;2
TUNUNGUA;Jairo Enrique Castiblanco Parra;COALICIÓN PARTIDOS DE LA U - MIRA - COLOMBIA JUSTA LIBRES - ASI;1
TUNUNGUA;Jorge Arturo Mayorga Esguerra;COALICIÓN PARTIDOS DE LA U - MIRA - COLOMBIA JUSTA LIBRES - ASI;1
TUNUNGUA;Olga Natalie Manrique Abril;COALICIÓN PARTIDOS DE LA U - MIRA - COLOMBIA JUSTA LIBRES - ASI;1
TUNUNGUA;Pablo Emilio Cepeda Novoa;PARTIDO CAMBIO RADICAL;1
TURMEQUE;Hector David Chaparro Chaparro;PARTIDO LIBERAL COLOMBIANO;456
TURMEQUE;Luis Guillermo Barrera Gutierrez;PARTIDO CAMBIO RADICAL;155
TURMEQUE;Wilmer Yair Castellanos Hernandez;PARTIDO ALIANZA VERDE;155
TURMEQUE;Diana Carolina Suarez Muñoz;COALICIÓN PARTIDOS DE LA U - MIRA - COLOMBIA JUSTA LIBRES - ASI;112
TURMEQUE;Pacto Histórico;PACTO HISTÓRICO;88
TURMEQUE;Jorge Eliecer Cortes Martinez;PARTIDO LIBERAL COLOMBIANO;84
TURMEQUE;Jaime Raul Salamanca Torres;PARTIDO ALIANZA VERDE;81
TURMEQUE;Wilson Castiblanco Gil;PARTIDO LIBERAL COLOMBIANO;61
TURMEQUE;Jose Giovany Pinzon Baez;PACTO HISTÓRICO;55
TURMEQUE;Pedro Jose Suarez Vacca;PACTO HISTÓRICO;54
TURMEQUE;Partido Alianza Verde;PARTIDO ALIANZA VERDE;53
TURMEQUE;Partido Político Dignidad;PARTIDO POLÍTICO DIGNIDAD;45
TURMEQUE;German Tiberio Ojeda Pedraza;PARTIDO ALIANZA VERDE;41
TURMEQUE;Karen Lucia Molano Granados;PARTIDO ALIANZA VERDE;36
TURMEQUE;Laura Andrea Bello Porras;PARTIDO ALIANZA VERDE;30
TURMEQUE;Wilder Ivan Suesca Ochoa;PARTIDO CONSERVADOR COLOMBIANO;30
TURMEQUE;Jairo Enrique Castiblanco Parra;COALICIÓN PARTIDOS DE LA U - MIRA - COLOMBIA JUSTA LIBRES - ASI;24
TURMEQUE;Partido Liberal Colombiano;PARTIDO LIBERAL COLOMBIANO;23
TURMEQUE;Hector Angel Ortiz Nuñez;PARTIDO CENTRO DEMOCRÁTICO;22
TURMEQUE;Luis Alejandro Gutierrez Sanabria;PARTIDO ALIANZA VERDE;22
TURMEQUE;Mayra Alejandra Viancha Sanabria;PARTIDO LIBERAL COLOMBIANO;18
TURMEQUE;Cindy Yohana Bohorquez Garzon;PARTIDO CONSERVADOR COLOMBIANO;17
TURMEQUE;Pablo Mendoza Vargas;COALICIÓN PARTIDOS DE LA U - MIRA - COLOMBIA JUSTA LIBRES - ASI;16
TURMEQUE;Olga Yaneth Beltran Dorado;PARTIDO CENTRO DEMOCRÁTICO;13
TURMEQUE;Carolina Del Pilar Rodriguez Contreras;PACTO HISTÓRICO;10
TURMEQUE;Lupe Isabel Lopez Marquez;PARTIDO CAMBIO RADICAL;10
TURMEQUE;Oscar Leonardo Avila Romero;PARTIDO CAMBIO RADICAL;10
TURMEQUE;Leidy Alejandra Moreno Sanchez;PACTO HISTÓRICO;9
TURMEQUE;Maryory Catherin Ortiz Alvarez;PACTO HISTÓRICO;9
TURMEQUE;Pablo Emilio Cepeda Novoa;PARTIDO CAMBIO RADICAL;9
TURMEQUE;Partido Cambio Radical;PARTIDO CAMBIO RADICAL;9
TURMEQUE;Guillermo Leonardo Sanchez Sanchez;PARTIDO CENTRO DEMOCRÁTICO;8
TURMEQUE;Nidia Milena Torres Paez;PARTIDO CENTRO DEMOCRÁTICO;8
TURMEQUE;Partido Centro Democrático;PARTIDO CENTRO DEMOCRÁTICO;8
TURMEQUE;Partido Nuevo Liberalismo;PARTIDO NUEVO LIBERALISMO;8
TURMEQUE;Sandro Nestor Condia Perez;PARTIDO LIBERAL COLOMBIANO;8
TURMEQUE;Jose Dario Mahecha Castillo;PARTIDO CONSERVADOR COLOMBIANO;7
TURMEQUE;Olga Natalie Manrique Abril;COALICIÓN PARTIDOS DE LA U - MIRA - COLOMBIA JUSTA LIBRES - ASI;7
TURMEQUE;Jose Fernando Morales Acuña;PARTIDO CONSERVADOR COLOMBIANO;6
TURMEQUE;Jorge Arturo Mayorga Esguerra;COALICIÓN PARTIDOS DE LA U - MIRA - COLOMBIA JUSTA LIBRES - ASI;5
TURMEQUE;Ingrid Marlen Sogamoso Alfonso;PARTIDO CONSERVADOR COLOMBIANO;4
TURMEQUE;Jonatan Sanchez Garavito;PARTIDO CAMBIO RADICAL;4
TURMEQUE;Mayda Cecilia Velasquez Rueda;PARTIDO LIBERAL COLOMBIANO;4
TURMEQUE;Olga Maria Chivata Vargas;PARTIDO NUEVO LIBERALISMO;4
TURMEQUE;Partido Conservador Colombiano;PARTIDO CONSERVADOR COLOMBIANO;4
TURMEQUE;William Donato Gomez;PARTIDO CENTRO DEMOCRÁTICO;4
TURMEQUE;Coalición Partidos De La U - Mira - Colombia Justa  Libres - Asi;COALICIÓN PARTIDOS DE LA U - MIRA - COLOMBIA JUSTA LIBRES - ASI;3
TURMEQUE;Henry De Jesus Puerto Vasquez;PARTIDO NUEVO LIBERALISMO;3
TURMEQUE;Humphrey Roa Sarmiento;PARTIDO CONSERVADOR COLOMBIANO;3
TURMEQUE;Karol Ricardo Ramirez Silva;PACTO HISTÓRICO;3
TURMEQUE;William Fernando Granados;PARTIDO NUEVO LIBERALISMO;3
TURMEQUE;Claudia Beatriz Duarte Acosta;PARTIDO NUEVO LIBERALISMO;2
TURMEQUE;Eduar Alexis Triana Rincon;PARTIDO CENTRO DEMOCRÁTICO;2
TURMEQUE;Jorge Ivan Amarillo Giraldo;COALICIÓN PARTIDOS DE LA U - MIRA - COLOMBIA JUSTA LIBRES - ASI;2
TURMEQUE;Jorge Ivan Mina Lasso;CONSEJO COMUNITARIO MANUEL ZAPATA OLIVELLA DE SAN ANTERO;1
TURMEQUE;Monica Yanneth Quiroga Castillo;PARTIDO CAMBIO RADICAL;1
TURMEQUE;Movimiento De Salvación Nacional;MOVIMIENTO DE SALVACIÓN NACIONAL;1
TURMEQUE;Raymond Smith Palomeque Pino;CONSEJO COMUNITARIO MAYOR DE CERTEGUI;1
TUTA;Wilder Ivan Suesca Ochoa;PARTIDO CONSERVADOR COLOMBIANO;1857
TUTA;Hector David Chaparro Chaparro;PARTIDO LIBERAL COLOMBIANO;784
TUTA;Jaime Raul Salamanca Torres;PARTIDO ALIANZA VERDE;238
TUTA;Jose Giovany Pinzon Baez;PACTO HISTÓRICO;180
TUTA;Oscar Leonardo Avila Romero;PARTIDO CAMBIO RADICAL;172
TUTA;Jorge Eliecer Cortes Martinez;PARTIDO LIBERAL COLOMBIANO;121
TUTA;Pedro Jose Suarez Vacca;PACTO HISTÓRICO;88
TUTA;Wilmer Yair Castellanos Hernandez;PARTIDO ALIANZA VERDE;62
TUTA;Pacto Histórico;PACTO HISTÓRICO;59
TUTA;Jonatan Sanchez Garavito;PARTIDO CAMBIO RADICAL;48
TUTA;Ingrid Marlen Sogamoso Alfonso;PARTIDO CONSERVADOR COLOMBIANO;43
TUTA;Karen Lucia Molano Granados;PARTIDO ALIANZA VERDE;41
TUTA;Partido Conservador Colombiano;PARTIDO CONSERVADOR COLOMBIANO;38
TUTA;Hector Angel Ortiz Nuñez;PARTIDO CENTRO DEMOCRÁTICO;35
TUTA;Nidia Milena Torres Paez;PARTIDO CENTRO DEMOCRÁTICO;35
TUTA;Wilson Castiblanco Gil;PARTIDO LIBERAL COLOMBIANO;34
TUTA;Jairo Enrique Castiblanco Parra;COALICIÓN PARTIDOS DE LA U - MIRA - COLOMBIA JUSTA LIBRES - ASI;33
TUTA;Lupe Isabel Lopez Marquez;PARTIDO CAMBIO RADICAL;33
TUTA;Jose Dario Mahecha Castillo;PARTIDO CONSERVADOR COLOMBIANO;31
TUTA;German Tiberio Ojeda Pedraza;PARTIDO ALIANZA VERDE;25
TUTA;Maryory Catherin Ortiz Alvarez;PACTO HISTÓRICO;25
TUTA;Partido Alianza Verde;PARTIDO ALIANZA VERDE;22
TUTA;Olga Natalie Manrique Abril;COALICIÓN PARTIDOS DE LA U - MIRA - COLOMBIA JUSTA LIBRES - ASI;21
TUTA;Partido Liberal Colombiano;PARTIDO LIBERAL COLOMBIANO;21
TUTA;Carolina Del Pilar Rodriguez Contreras;PACTO HISTÓRICO;20
TUTA;Luis Alejandro Gutierrez Sanabria;PARTIDO ALIANZA VERDE;19
TUTA;Pablo Emilio Cepeda Novoa;PARTIDO CAMBIO RADICAL;18
TUTA;Sandro Nestor Condia Perez;PARTIDO LIBERAL COLOMBIANO;18
TUTA;Partido Centro Democrático;PARTIDO CENTRO DEMOCRÁTICO;16
TUTA;Guillermo Leonardo Sanchez Sanchez;PARTIDO CENTRO DEMOCRÁTICO;15
TUTA;Leidy Alejandra Moreno Sanchez;PACTO HISTÓRICO;15
TUTA;William Donato Gomez;PARTIDO CENTRO DEMOCRÁTICO;14
TUTA;Henry De Jesus Puerto Vasquez;PARTIDO NUEVO LIBERALISMO;11
TUTA;Olga Yaneth Beltran Dorado;PARTIDO CENTRO DEMOCRÁTICO;11
TUTA;Eduar Alexis Triana Rincon;PARTIDO CENTRO DEMOCRÁTICO;10
TUTA;Karol Ricardo Ramirez Silva;PACTO HISTÓRICO;10
TUTA;Cindy Yohana Bohorquez Garzon;PARTIDO CONSERVADOR COLOMBIANO;9
TUTA;Mayra Alejandra Viancha Sanabria;PARTIDO LIBERAL COLOMBIANO;9
TUTA;Partido Cambio Radical;PARTIDO CAMBIO RADICAL;9
TUTA;Claudia Beatriz Duarte Acosta;PARTIDO NUEVO LIBERALISMO;8
TUTA;Humphrey Roa Sarmiento;PARTIDO CONSERVADOR COLOMBIANO;8
TUTA;Jorge Ivan Amarillo Giraldo;COALICIÓN PARTIDOS DE LA U - MIRA - COLOMBIA JUSTA LIBRES - ASI;8
TUTA;Mayda Cecilia Velasquez Rueda;PARTIDO LIBERAL COLOMBIANO;8
TUTA;Jose Fernando Morales Acuña;PARTIDO CONSERVADOR COLOMBIANO;7
TUTA;Laura Andrea Bello Porras;PARTIDO ALIANZA VERDE;7
TUTA;Partido Nuevo Liberalismo;PARTIDO NUEVO LIBERALISMO;7
TUTA;Olga Maria Chivata Vargas;PARTIDO NUEVO LIBERALISMO;6
TUTA;Diana Carolina Suarez Muñoz;COALICIÓN PARTIDOS DE LA U - MIRA - COLOMBIA JUSTA LIBRES - ASI;5
TUTA;Partido Político Dignidad;PARTIDO POLÍTICO DIGNIDAD;5
TUTA;Luis Guillermo Barrera Gutierrez;PARTIDO CAMBIO RADICAL;4
TUTA;Coalición Partidos De La U - Mira - Colombia Justa  Libres - Asi;COALICIÓN PARTIDOS DE LA U - MIRA - COLOMBIA JUSTA LIBRES - ASI;3
TUTA;Pablo Mendoza Vargas;COALICIÓN PARTIDOS DE LA U - MIRA - COLOMBIA JUSTA LIBRES - ASI;3
TUTA;William Fernando Granados;PARTIDO NUEVO LIBERALISMO;3
TUTA;Amado Aragon Garcia;CORPORACIÓN DE EDUCADORES DEL LITORAL PACIFICO CORELIPA;2
TUTA;Jorge Ivan Mina Lasso;CONSEJO COMUNITARIO MANUEL ZAPATA OLIVELLA DE SAN ANTERO;2
TUTA;Monica Yanneth Quiroga Castillo;PARTIDO CAMBIO RADICAL;2
TUTA;Consejo Comunitario Alto Paraíso;CONSEJO COMUNITARIO ALTO PARAÍSO;1
TUTA;Consejo Comunitario De Comunidades Negras De Guaya Bal;CONSEJO COMUNITARIO DE COMUNIDADES NEGRAS DE GUAYABAL;1
TUTA;Consejo Comunitario Mayor De Casimiro;CONSEJO COMUNITARIO MAYOR DE CASIMIRO;1
TUTA;Ermes Rafael Urzola De La Barrera;ASOCIACIÓN NACIONAL DE CABILDOS Y AUTORIDADES INDÍGENAS EN COLOMBIA ANICOL;1
TUTA;Guillermo Alfredo Rodriguez Quispe;"MOVIMIENTO AUTORIDADES INDÍGENAS DE COLOMBIA ""AICO""";1
TUTA;Maria Yolanda Figueroa Celis;PARTIDO INDÍGENA COLOMBIANO P.I.C;1
TUTA;"Movimiento Autoridades Indígenas De Colombia ""Aico """;"MOVIMIENTO AUTORIDADES INDÍGENAS DE COLOMBIA ""AICO""";1
TUTA;Movimiento De Salvación Nacional;MOVIMIENTO DE SALVACIÓN NACIONAL;1
TUTA;Paciano Asprilla Arboleda;"CONSEJO COMUNITARIO DE LA COSTA PACÍFICA ""CONCOSTA""";1
TUTA;Partido Indígena Colombiano P.I.C;PARTIDO INDÍGENA COLOMBIANO P.I.C;1
TUTAZA;German Tiberio Ojeda Pedraza;PARTIDO ALIANZA VERDE;211
TUTAZA;Jose Fernando Morales Acuña;PARTIDO CONSERVADOR COLOMBIANO;111
TUTAZA;Hector Angel Ortiz Nuñez;PARTIDO CENTRO DEMOCRÁTICO;95
TUTAZA;Hector David Chaparro Chaparro;PARTIDO LIBERAL COLOMBIANO;86
TUTAZA;Jose Giovany Pinzon Baez;PACTO HISTÓRICO;71
TUTAZA;Oscar Leonardo Avila Romero;PARTIDO CAMBIO RADICAL;54
TUTAZA;Partido Alianza Verde;PARTIDO ALIANZA VERDE;38
TUTAZA;Pedro Jose Suarez Vacca;PACTO HISTÓRICO;30
TUTAZA;Wilder Ivan Suesca Ochoa;PARTIDO CONSERVADOR COLOMBIANO;27
TUTAZA;Jorge Eliecer Cortes Martinez;PARTIDO LIBERAL COLOMBIANO;26
TUTAZA;Wilmer Yair Castellanos Hernandez;PARTIDO ALIANZA VERDE;23
TUTAZA;Jaime Raul Salamanca Torres;PARTIDO ALIANZA VERDE;22
TUTAZA;Jairo Enrique Castiblanco Parra;COALICIÓN PARTIDOS DE LA U - MIRA - COLOMBIA JUSTA LIBRES - ASI;20
TUTAZA;Pacto Histórico;PACTO HISTÓRICO;18
TUTAZA;Cindy Yohana Bohorquez Garzon;PARTIDO CONSERVADOR COLOMBIANO;16
TUTAZA;Luis Alejandro Gutierrez Sanabria;PARTIDO ALIANZA VERDE;16
TUTAZA;Guillermo Leonardo Sanchez Sanchez;PARTIDO CENTRO DEMOCRÁTICO;15
TUTAZA;Wilson Castiblanco Gil;PARTIDO LIBERAL COLOMBIANO;14
TUTAZA;Jose Dario Mahecha Castillo;PARTIDO CONSERVADOR COLOMBIANO;13
TUTAZA;Laura Andrea Bello Porras;PARTIDO ALIANZA VERDE;11
TUTAZA;Jonatan Sanchez Garavito;PARTIDO CAMBIO RADICAL;10
TUTAZA;Pablo Emilio Cepeda Novoa;PARTIDO CAMBIO RADICAL;10
TUTAZA;Lupe Isabel Lopez Marquez;PARTIDO CAMBIO RADICAL;9
TUTAZA;Partido Liberal Colombiano;PARTIDO LIBERAL COLOMBIANO;8
TUTAZA;Diana Carolina Suarez Muñoz;COALICIÓN PARTIDOS DE LA U - MIRA - COLOMBIA JUSTA LIBRES - ASI;6
TUTAZA;Karen Lucia Molano Granados;PARTIDO ALIANZA VERDE;6
TUTAZA;Mayda Cecilia Velasquez Rueda;PARTIDO LIBERAL COLOMBIANO;6
TUTAZA;Olga Yaneth Beltran Dorado;PARTIDO CENTRO DEMOCRÁTICO;5
TUTAZA;Partido Cambio Radical;PARTIDO CAMBIO RADICAL;5
TUTAZA;Partido Centro Democrático;PARTIDO CENTRO DEMOCRÁTICO;5
TUTAZA;Partido Conservador Colombiano;PARTIDO CONSERVADOR COLOMBIANO;5
TUTAZA;Eduar Alexis Triana Rincon;PARTIDO CENTRO DEMOCRÁTICO;4
TUTAZA;Humphrey Roa Sarmiento;PARTIDO CONSERVADOR COLOMBIANO;4
TUTAZA;Jorge Ivan Amarillo Giraldo;COALICIÓN PARTIDOS DE LA U - MIRA - COLOMBIA JUSTA LIBRES - ASI;4
TUTAZA;Nidia Milena Torres Paez;PARTIDO CENTRO DEMOCRÁTICO;4
TUTAZA;Mayra Alejandra Viancha Sanabria;PARTIDO LIBERAL COLOMBIANO;3
TUTAZA;Partido Nuevo Liberalismo;PARTIDO NUEVO LIBERALISMO;3
TUTAZA;Partido Político Dignidad;PARTIDO POLÍTICO DIGNIDAD;3
TUTAZA;Ingrid Marlen Sogamoso Alfonso;PARTIDO CONSERVADOR COLOMBIANO;2
TUTAZA;Leidy Alejandra Moreno Sanchez;PACTO HISTÓRICO;2
TUTAZA;Maryory Catherin Ortiz Alvarez;PACTO HISTÓRICO;2
TUTAZA;Monica Yanneth Quiroga Castillo;PARTIDO CAMBIO RADICAL;2
TUTAZA;Olga Maria Chivata Vargas;PARTIDO NUEVO LIBERALISMO;2
TUTAZA;William Donato Gomez;PARTIDO CENTRO DEMOCRÁTICO;2
TUTAZA;Ana Rogelia Monsalve Alvarez;PALENQUE DE LA VEREDA LAS TRECIENTAS Y DEL MUNICIPIO DE GALAPA;1
TUTAZA;Coalición Partidos De La U - Mira - Colombia Justa  Libres - Asi;COALICIÓN PARTIDOS DE LA U - MIRA - COLOMBIA JUSTA LIBRES - ASI;1
TUTAZA;Consejo Comunitario De Comunidades Negras De Campo  Hermoso;CONSEJO COMUNITARIO DE COMUNIDADES NEGRAS DE CAMPO HERMOSO;1
TUTAZA;Ermes Rafael Urzola De La Barrera;ASOCIACIÓN NACIONAL DE CABILDOS Y AUTORIDADES INDÍGENAS EN COLOMBIA ANICOL;1
TUTAZA;Jorge Arturo Mayorga Esguerra;COALICIÓN PARTIDOS DE LA U - MIRA - COLOMBIA JUSTA LIBRES - ASI;1
TUTAZA;Jorge Ivan Mina Lasso;CONSEJO COMUNITARIO MANUEL ZAPATA OLIVELLA DE SAN ANTERO;1
TUTAZA;Karol Ricardo Ramirez Silva;PACTO HISTÓRICO;1
TUTAZA;Luis Guillermo Barrera Gutierrez;PARTIDO CAMBIO RADICAL;1
TUTAZA;"Movimiento Alternativo Indígena Social ""Mais""";"MOVIMIENTO ALTERNATIVO INDÍGENA SOCIAL ""MAIS""";1
TUTAZA;Pablo Mendoza Vargas;COALICIÓN PARTIDOS DE LA U - MIRA - COLOMBIA JUSTA LIBRES - ASI;1
TUTAZA;Sandro Nestor Condia Perez;PARTIDO LIBERAL COLOMBIANO;1
UMBITA;Wilmer Yair Castellanos Hernandez;PARTIDO ALIANZA VERDE;743
UMBITA;Ingrid Marlen Sogamoso Alfonso;PARTIDO CONSERVADOR COLOMBIANO;349
UMBITA;Jaime Raul Salamanca Torres;PARTIDO ALIANZA VERDE;322
UMBITA;Oscar Leonardo Avila Romero;PARTIDO CAMBIO RADICAL;221
UMBITA;Wilder Ivan Suesca Ochoa;PARTIDO CONSERVADOR COLOMBIANO;141
UMBITA;Partido Alianza Verde;PARTIDO ALIANZA VERDE;112
UMBITA;Jose Giovany Pinzon Baez;PACTO HISTÓRICO;109
UMBITA;German Tiberio Ojeda Pedraza;PARTIDO ALIANZA VERDE;72
UMBITA;Karen Lucia Molano Granados;PARTIDO ALIANZA VERDE;66
UMBITA;Hector Angel Ortiz Nuñez;PARTIDO CENTRO DEMOCRÁTICO;62
UMBITA;Jonatan Sanchez Garavito;PARTIDO CAMBIO RADICAL;61
UMBITA;Luis Alejandro Gutierrez Sanabria;PARTIDO ALIANZA VERDE;57
UMBITA;Pedro Jose Suarez Vacca;PACTO HISTÓRICO;46
UMBITA;Pacto Histórico;PACTO HISTÓRICO;40
UMBITA;Partido Conservador Colombiano;PARTIDO CONSERVADOR COLOMBIANO;37
UMBITA;Humphrey Roa Sarmiento;PARTIDO CONSERVADOR COLOMBIANO;34
UMBITA;William Donato Gomez;PARTIDO CENTRO DEMOCRÁTICO;28
UMBITA;Eduar Alexis Triana Rincon;PARTIDO CENTRO DEMOCRÁTICO;27
UMBITA;Jose Dario Mahecha Castillo;PARTIDO CONSERVADOR COLOMBIANO;26
UMBITA;Pablo Emilio Cepeda Novoa;PARTIDO CAMBIO RADICAL;23
UMBITA;Carolina Del Pilar Rodriguez Contreras;PACTO HISTÓRICO;17
UMBITA;Guillermo Leonardo Sanchez Sanchez;PARTIDO CENTRO DEMOCRÁTICO;16
UMBITA;Olga Yaneth Beltran Dorado;PARTIDO CENTRO DEMOCRÁTICO;14
UMBITA;Jorge Eliecer Cortes Martinez;PARTIDO LIBERAL COLOMBIANO;13
UMBITA;Partido Centro Democrático;PARTIDO CENTRO DEMOCRÁTICO;13
UMBITA;Laura Andrea Bello Porras;PARTIDO ALIANZA VERDE;12
UMBITA;Maryory Catherin Ortiz Alvarez;PACTO HISTÓRICO;12
UMBITA;Partido Cambio Radical;PARTIDO CAMBIO RADICAL;11
UMBITA;Lupe Isabel Lopez Marquez;PARTIDO CAMBIO RADICAL;9
UMBITA;Karol Ricardo Ramirez Silva;PACTO HISTÓRICO;8
UMBITA;Jorge Ivan Amarillo Giraldo;COALICIÓN PARTIDOS DE LA U - MIRA - COLOMBIA JUSTA LIBRES - ASI;7
UMBITA;Leidy Alejandra Moreno Sanchez;PACTO HISTÓRICO;7
UMBITA;Nidia Milena Torres Paez;PARTIDO CENTRO DEMOCRÁTICO;7
UMBITA;Cindy Yohana Bohorquez Garzon;PARTIDO CONSERVADOR COLOMBIANO;6
UMBITA;Diana Carolina Suarez Muñoz;COALICIÓN PARTIDOS DE LA U - MIRA - COLOMBIA JUSTA LIBRES - ASI;6
UMBITA;Hector David Chaparro Chaparro;PARTIDO LIBERAL COLOMBIANO;6
UMBITA;Jairo Enrique Castiblanco Parra;COALICIÓN PARTIDOS DE LA U - MIRA - COLOMBIA JUSTA LIBRES - ASI;6
UMBITA;Jose Fernando Morales Acuña;PARTIDO CONSERVADOR COLOMBIANO;6
UMBITA;Monica Yanneth Quiroga Castillo;PARTIDO CAMBIO RADICAL;6
UMBITA;Henry De Jesus Puerto Vasquez;PARTIDO NUEVO LIBERALISMO;5
UMBITA;Luis Guillermo Barrera Gutierrez;PARTIDO CAMBIO RADICAL;3
UMBITA;Movimiento De Salvación Nacional;MOVIMIENTO DE SALVACIÓN NACIONAL;3
UMBITA;Wilson Castiblanco Gil;PARTIDO LIBERAL COLOMBIANO;3
UMBITA;Mayda Cecilia Velasquez Rueda;PARTIDO LIBERAL COLOMBIANO;2
UMBITA;Mayra Alejandra Viancha Sanabria;PARTIDO LIBERAL COLOMBIANO;2
UMBITA;Claudia Beatriz Duarte Acosta;PARTIDO NUEVO LIBERALISMO;1
UMBITA;Olga Natalie Manrique Abril;COALICIÓN PARTIDOS DE LA U - MIRA - COLOMBIA JUSTA LIBRES - ASI;1
UMBITA;Pablo Mendoza Vargas;COALICIÓN PARTIDOS DE LA U - MIRA - COLOMBIA JUSTA LIBRES - ASI;1
UMBITA;Partido Liberal Colombiano;PARTIDO LIBERAL COLOMBIANO;1
UMBITA;Partido Político Dignidad;PARTIDO POLÍTICO DIGNIDAD;1
UMBITA;Sandro Nestor Condia Perez;PARTIDO LIBERAL COLOMBIANO;1
UMBITA;William Fernando Granados;PARTIDO NUEVO LIBERALISMO;1
VENTAQUEMADA;Guillermo Leonardo Sanchez Sanchez;PARTIDO CENTRO DEMOCRÁTICO;432
VENTAQUEMADA;Jairo Enrique Castiblanco Parra;COALICIÓN PARTIDOS DE LA U - MIRA - COLOMBIA JUSTA LIBRES - ASI;414
VENTAQUEMADA;Hector David Chaparro Chaparro;PARTIDO LIBERAL COLOMBIANO;320
VENTAQUEMADA;Wilson Castiblanco Gil;PARTIDO LIBERAL COLOMBIANO;307
VENTAQUEMADA;Hector Angel Ortiz Nuñez;PARTIDO CENTRO DEMOCRÁTICO;270
VENTAQUEMADA;Jorge Eliecer Cortes Martinez;PARTIDO LIBERAL COLOMBIANO;231
VENTAQUEMADA;Wilder Ivan Suesca Ochoa;PARTIDO CONSERVADOR COLOMBIANO;223
VENTAQUEMADA;Jaime Raul Salamanca Torres;PARTIDO ALIANZA VERDE;211
VENTAQUEMADA;Wilmer Yair Castellanos Hernandez;PARTIDO ALIANZA VERDE;197
VENTAQUEMADA;Partido Político Dignidad;PARTIDO POLÍTICO DIGNIDAD;168
VENTAQUEMADA;Jose Giovany Pinzon Baez;PACTO HISTÓRICO;154
VENTAQUEMADA;Pedro Jose Suarez Vacca;PACTO HISTÓRICO;144
VENTAQUEMADA;Partido Alianza Verde;PARTIDO ALIANZA VERDE;118
VENTAQUEMADA;Pacto Histórico;PACTO HISTÓRICO;117
VENTAQUEMADA;German Tiberio Ojeda Pedraza;PARTIDO ALIANZA VERDE;99
VENTAQUEMADA;Eduar Alexis Triana Rincon;PARTIDO CENTRO DEMOCRÁTICO;88
VENTAQUEMADA;Ingrid Marlen Sogamoso Alfonso;PARTIDO CONSERVADOR COLOMBIANO;82
VENTAQUEMADA;Luis Guillermo Barrera Gutierrez;PARTIDO CAMBIO RADICAL;72
VENTAQUEMADA;Karen Lucia Molano Granados;PARTIDO ALIANZA VERDE;69
VENTAQUEMADA;Olga Yaneth Beltran Dorado;PARTIDO CENTRO DEMOCRÁTICO;59
VENTAQUEMADA;Luis Alejandro Gutierrez Sanabria;PARTIDO ALIANZA VERDE;57
VENTAQUEMADA;Oscar Leonardo Avila Romero;PARTIDO CAMBIO RADICAL;50
VENTAQUEMADA;Jose Fernando Morales Acuña;PARTIDO CONSERVADOR COLOMBIANO;49
VENTAQUEMADA;Partido Centro Democrático;PARTIDO CENTRO DEMOCRÁTICO;48
VENTAQUEMADA;Carolina Del Pilar Rodriguez Contreras;PACTO HISTÓRICO;44
VENTAQUEMADA;Partido Liberal Colombiano;PARTIDO LIBERAL COLOMBIANO;42
VENTAQUEMADA;Jose Dario Mahecha Castillo;PARTIDO CONSERVADOR COLOMBIANO;39
VENTAQUEMADA;Partido Conservador Colombiano;PARTIDO CONSERVADOR COLOMBIANO;34
VENTAQUEMADA;Laura Andrea Bello Porras;PARTIDO ALIANZA VERDE;31
VENTAQUEMADA;Leidy Alejandra Moreno Sanchez;PACTO HISTÓRICO;30
VENTAQUEMADA;Humphrey Roa Sarmiento;PARTIDO CONSERVADOR COLOMBIANO;26
VENTAQUEMADA;Mayra Alejandra Viancha Sanabria;PARTIDO LIBERAL COLOMBIANO;26
VENTAQUEMADA;Diana Carolina Suarez Muñoz;COALICIÓN PARTIDOS DE LA U - MIRA - COLOMBIA JUSTA LIBRES - ASI;25
VENTAQUEMADA;Cindy Yohana Bohorquez Garzon;PARTIDO CONSERVADOR COLOMBIANO;21
VENTAQUEMADA;Coalición Partidos De La U - Mira - Colombia Justa  Libres - Asi;COALICIÓN PARTIDOS DE LA U - MIRA - COLOMBIA JUSTA LIBRES - ASI;21
VENTAQUEMADA;Maryory Catherin Ortiz Alvarez;PACTO HISTÓRICO;21
VENTAQUEMADA;Jorge Ivan Amarillo Giraldo;COALICIÓN PARTIDOS DE LA U - MIRA - COLOMBIA JUSTA LIBRES - ASI;20
VENTAQUEMADA;Pablo Emilio Cepeda Novoa;PARTIDO CAMBIO RADICAL;19
VENTAQUEMADA;Monica Yanneth Quiroga Castillo;PARTIDO CAMBIO RADICAL;17
VENTAQUEMADA;Mayda Cecilia Velasquez Rueda;PARTIDO LIBERAL COLOMBIANO;16
VENTAQUEMADA;Karol Ricardo Ramirez Silva;PACTO HISTÓRICO;14
VENTAQUEMADA;Nidia Milena Torres Paez;PARTIDO CENTRO DEMOCRÁTICO;14
VENTAQUEMADA;William Fernando Granados;PARTIDO NUEVO LIBERALISMO;14
VENTAQUEMADA;Olga Maria Chivata Vargas;PARTIDO NUEVO LIBERALISMO;13
VENTAQUEMADA;Pablo Mendoza Vargas;COALICIÓN PARTIDOS DE LA U - MIRA - COLOMBIA JUSTA LIBRES - ASI;12
VENTAQUEMADA;Partido Nuevo Liberalismo;PARTIDO NUEVO LIBERALISMO;12
VENTAQUEMADA;Jorge Arturo Mayorga Esguerra;COALICIÓN PARTIDOS DE LA U - MIRA - COLOMBIA JUSTA LIBRES - ASI;11
VENTAQUEMADA;Lupe Isabel Lopez Marquez;PARTIDO CAMBIO RADICAL;11
VENTAQUEMADA;Partido Cambio Radical;PARTIDO CAMBIO RADICAL;11
VENTAQUEMADA;Jonatan Sanchez Garavito;PARTIDO CAMBIO RADICAL;10
VENTAQUEMADA;Olga Natalie Manrique Abril;COALICIÓN PARTIDOS DE LA U - MIRA - COLOMBIA JUSTA LIBRES - ASI;10
VENTAQUEMADA;Claudia Beatriz Duarte Acosta;PARTIDO NUEVO LIBERALISMO;9
VENTAQUEMADA;William Donato Gomez;PARTIDO CENTRO DEMOCRÁTICO;8
VENTAQUEMADA;Henry De Jesus Puerto Vasquez;PARTIDO NUEVO LIBERALISMO;7
VENTAQUEMADA;Sandro Nestor Condia Perez;PARTIDO LIBERAL COLOMBIANO;7
VENTAQUEMADA;Asociación Nacional De Cabildos Y Autoridades Indí Genas En Colombia Anicol;ASOCIACIÓN NACIONAL DE CABILDOS Y AUTORIDADES INDÍGENAS EN COLOMBIA ANICOL;3
VENTAQUEMADA;Jorge Ivan Mina Lasso;CONSEJO COMUNITARIO MANUEL ZAPATA OLIVELLA DE SAN ANTERO;2
VENTAQUEMADA;Consejo Comunitario Rescate Las Varas;CONSEJO COMUNITARIO RESCATE LAS VARAS;1
VENTAQUEMADA;Eliecer Crecencio Quiñones Angulo;CONSEJO COMUNITARIO UNIÓN PATÍA VIEJO;1
VENTAQUEMADA;Fernando Ríos Hidalgo;FERNANDO RÍOS HIDALGO;1
VENTAQUEMADA;Fundación Para El Desarrollo Social De Comunidades  Negras;FUNDACIÓN PARA EL DESARROLLO SOCIAL DE COMUNIDADES NEGRAS;1
VENTAQUEMADA;"Movimiento Alternativo Indígena Social ""Mais""";"MOVIMIENTO ALTERNATIVO INDÍGENA SOCIAL ""MAIS""";1
VENTAQUEMADA;Movimiento De Salvación Nacional;MOVIMIENTO DE SALVACIÓN NACIONAL;1
VILLA DE LEIVA;Wilmer Yair Castellanos Hernandez;PARTIDO ALIANZA VERDE;1617
VILLA DE LEIVA;Jairo Enrique Castiblanco Parra;COALICIÓN PARTIDOS DE LA U - MIRA - COLOMBIA JUSTA LIBRES - ASI;412
VILLA DE LEIVA;Pacto Histórico;PACTO HISTÓRICO;342
VILLA DE LEIVA;Hector David Chaparro Chaparro;PARTIDO LIBERAL COLOMBIANO;331
VILLA DE LEIVA;Pedro Jose Suarez Vacca;PACTO HISTÓRICO;297
VILLA DE LEIVA;Jose Giovany Pinzon Baez;PACTO HISTÓRICO;229
VILLA DE LEIVA;Jaime Raul Salamanca Torres;PARTIDO ALIANZA VERDE;159
VILLA DE LEIVA;Partido Alianza Verde;PARTIDO ALIANZA VERDE;145
VILLA DE LEIVA;Karen Lucia Molano Granados;PARTIDO ALIANZA VERDE;123
VILLA DE LEIVA;Olga Yaneth Beltran Dorado;PARTIDO CENTRO DEMOCRÁTICO;121
VILLA DE LEIVA;Guillermo Leonardo Sanchez Sanchez;PARTIDO CENTRO DEMOCRÁTICO;120
VILLA DE LEIVA;Partido Centro Democrático;PARTIDO CENTRO DEMOCRÁTICO;109
VILLA DE LEIVA;German Tiberio Ojeda Pedraza;PARTIDO ALIANZA VERDE;108
VILLA DE LEIVA;Jorge Eliecer Cortes Martinez;PARTIDO LIBERAL COLOMBIANO;94
VILLA DE LEIVA;Maryory Catherin Ortiz Alvarez;PACTO HISTÓRICO;86
VILLA DE LEIVA;Humphrey Roa Sarmiento;PARTIDO CONSERVADOR COLOMBIANO;76
VILLA DE LEIVA;Hector Angel Ortiz Nuñez;PARTIDO CENTRO DEMOCRÁTICO;73
VILLA DE LEIVA;Luis Guillermo Barrera Gutierrez;PARTIDO CAMBIO RADICAL;63
VILLA DE LEIVA;Jonatan Sanchez Garavito;PARTIDO CAMBIO RADICAL;60
VILLA DE LEIVA;Diana Carolina Suarez Muñoz;COALICIÓN PARTIDOS DE LA U - MIRA - COLOMBIA JUSTA LIBRES - ASI;57
VILLA DE LEIVA;Laura Andrea Bello Porras;PARTIDO ALIANZA VERDE;57
VILLA DE LEIVA;Carolina Del Pilar Rodriguez Contreras;PACTO HISTÓRICO;56
VILLA DE LEIVA;Wilson Castiblanco Gil;PARTIDO LIBERAL COLOMBIANO;49
VILLA DE LEIVA;Leidy Alejandra Moreno Sanchez;PACTO HISTÓRICO;44
VILLA DE LEIVA;Luis Alejandro Gutierrez Sanabria;PARTIDO ALIANZA VERDE;44
VILLA DE LEIVA;Partido Nuevo Liberalismo;PARTIDO NUEVO LIBERALISMO;43
VILLA DE LEIVA;Oscar Leonardo Avila Romero;PARTIDO CAMBIO RADICAL;41
VILLA DE LEIVA;Eduar Alexis Triana Rincon;PARTIDO CENTRO DEMOCRÁTICO;39
VILLA DE LEIVA;Olga Maria Chivata Vargas;PARTIDO NUEVO LIBERALISMO;38
VILLA DE LEIVA;Partido Político Dignidad;PARTIDO POLÍTICO DIGNIDAD;38
VILLA DE LEIVA;Wilder Ivan Suesca Ochoa;PARTIDO CONSERVADOR COLOMBIANO;35
VILLA DE LEIVA;Partido Liberal Colombiano;PARTIDO LIBERAL COLOMBIANO;34
VILLA DE LEIVA;Pablo Emilio Cepeda Novoa;PARTIDO CAMBIO RADICAL;33
VILLA DE LEIVA;Karol Ricardo Ramirez Silva;PACTO HISTÓRICO;31
VILLA DE LEIVA;Nidia Milena Torres Paez;PARTIDO CENTRO DEMOCRÁTICO;31
VILLA DE LEIVA;Cindy Yohana Bohorquez Garzon;PARTIDO CONSERVADOR COLOMBIANO;30
VILLA DE LEIVA;William Donato Gomez;PARTIDO CENTRO DEMOCRÁTICO;29
VILLA DE LEIVA;Ingrid Marlen Sogamoso Alfonso;PARTIDO CONSERVADOR COLOMBIANO;26
VILLA DE LEIVA;Jose Dario Mahecha Castillo;PARTIDO CONSERVADOR COLOMBIANO;25
VILLA DE LEIVA;Pablo Mendoza Vargas;COALICIÓN PARTIDOS DE LA U - MIRA - COLOMBIA JUSTA LIBRES - ASI;25
VILLA DE LEIVA;Coalición Partidos De La U - Mira - Colombia Justa  Libres - Asi;COALICIÓN PARTIDOS DE LA U - MIRA - COLOMBIA JUSTA LIBRES - ASI;24
VILLA DE LEIVA;Claudia Beatriz Duarte Acosta;PARTIDO NUEVO LIBERALISMO;21
VILLA DE LEIVA;Partido Conservador Colombiano;PARTIDO CONSERVADOR COLOMBIANO;21
VILLA DE LEIVA;Fernando Ríos Hidalgo;FERNANDO RÍOS HIDALGO;19
VILLA DE LEIVA;Mayda Cecilia Velasquez Rueda;PARTIDO LIBERAL COLOMBIANO;19
VILLA DE LEIVA;William Fernando Granados;PARTIDO NUEVO LIBERALISMO;19
VILLA DE LEIVA;Sandro Nestor Condia Perez;PARTIDO LIBERAL COLOMBIANO;17
VILLA DE LEIVA;Lupe Isabel Lopez Marquez;PARTIDO CAMBIO RADICAL;16
VILLA DE LEIVA;Mayra Alejandra Viancha Sanabria;PARTIDO LIBERAL COLOMBIANO;16
VILLA DE LEIVA;Jorge Ivan Amarillo Giraldo;COALICIÓN PARTIDOS DE LA U - MIRA - COLOMBIA JUSTA LIBRES - ASI;14
VILLA DE LEIVA;Olga Natalie Manrique Abril;COALICIÓN PARTIDOS DE LA U - MIRA - COLOMBIA JUSTA LIBRES - ASI;14
VILLA DE LEIVA;Henry De Jesus Puerto Vasquez;PARTIDO NUEVO LIBERALISMO;13
VILLA DE LEIVA;Jose Fernando Morales Acuña;PARTIDO CONSERVADOR COLOMBIANO;13
VILLA DE LEIVA;Movimiento De Salvación Nacional;MOVIMIENTO DE SALVACIÓN NACIONAL;13
VILLA DE LEIVA;Partido Cambio Radical;PARTIDO CAMBIO RADICAL;13
VILLA DE LEIVA;Jorge Arturo Mayorga Esguerra;COALICIÓN PARTIDOS DE LA U - MIRA - COLOMBIA JUSTA LIBRES - ASI;11
VILLA DE LEIVA;Monica Yanneth Quiroga Castillo;PARTIDO CAMBIO RADICAL;10
VILLA DE LEIVA;Consejo Comunitario De Comunidades Negras De Guaya Bal;CONSEJO COMUNITARIO DE COMUNIDADES NEGRAS DE GUAYABAL;5
VILLA DE LEIVA;Ariel Rosebel Palacios Angulo;C.C LA TOMA;4
VILLA DE LEIVA;C.C La Toma;C.C LA TOMA;3
VILLA DE LEIVA;Consejo Comunitario De La Comunidad Negra Limones;CONSEJO COMUNITARIO DE LA COMUNIDAD NEGRA LIMONES;3
VILLA DE LEIVA;Salomon Rafael Ruiz Bertel;CABILDO INDÍGENA AYWJAWASHI;3
VILLA DE LEIVA;Ali Bantu Ashanti;C.C LA TOMA;2
VILLA DE LEIVA;Juvenal Arrieta Gonzalez;"MOVIMIENTO ALTERNATIVO INDÍGENA SOCIAL ""MAIS""";2
VILLA DE LEIVA;"Movimiento Alternativo Indígena Social ""Mais""";"MOVIMIENTO ALTERNATIVO INDÍGENA SOCIAL ""MAIS""";2
VILLA DE LEIVA;Camilo Rivera Soto;CONSEJO COMUNITARIO AFROZABALETAS;1
VILLA DE LEIVA;Consejo Comunitario Afrozabaletas;CONSEJO COMUNITARIO AFROZABALETAS;1
VILLA DE LEIVA;Consejo Comunitario De Comunidades Negras De Campo  Hermoso;CONSEJO COMUNITARIO DE COMUNIDADES NEGRAS DE CAMPO HERMOSO;1
VILLA DE LEIVA;Consejo Comunitario Veredas Unidas Un Bien Común;CONSEJO COMUNITARIO VEREDAS UNIDAS UN BIEN COMÚN;1
VILLA DE LEIVA;Ermes Rafael Urzola De La Barrera;ASOCIACIÓN NACIONAL DE CABILDOS Y AUTORIDADES INDÍGENAS EN COLOMBIA ANICOL;1
VILLA DE LEIVA;Fundación Para El Desarrollo Social De Comunidades  Negras;FUNDACIÓN PARA EL DESARROLLO SOCIAL DE COMUNIDADES NEGRAS;1
VILLA DE LEIVA;Guillermo Alfredo Rodriguez Quispe;"MOVIMIENTO AUTORIDADES INDÍGENAS DE COLOMBIA ""AICO""";1
VILLA DE LEIVA;Hernando Enrique Acevedo Rosario;CONSEJO COMUNITARIO DE COMUNIDADES NEGRAS SOCOLANDO;1
VILLA DE LEIVA;Jorge Ivan Mina Lasso;CONSEJO COMUNITARIO MANUEL ZAPATA OLIVELLA DE SAN ANTERO;1
VILLA DE LEIVA;Maria Yolanda Figueroa Celis;PARTIDO INDÍGENA COLOMBIANO P.I.C;1
VILLA DE LEIVA;"Movimiento Autoridades Indígenas De Colombia ""Aico """;"MOVIMIENTO AUTORIDADES INDÍGENAS DE COLOMBIA ""AICO""";1
VILLA DE LEIVA;Palenque De La Vereda Las Trecientas Y Del Municip Io De Galapa;PALENQUE DE LA VEREDA LAS TRECIENTAS Y DEL MUNICIPIO DE GALAPA;1
VILLA DE LEIVA;Somos Identidad;SOMOS IDENTIDAD;1
VIRACACHA;Oscar Leonardo Avila Romero;PARTIDO CAMBIO RADICAL;166
VIRACACHA;Wilmer Yair Castellanos Hernandez;PARTIDO ALIANZA VERDE;137
VIRACACHA;Wilder Ivan Suesca Ochoa;PARTIDO CONSERVADOR COLOMBIANO;77
VIRACACHA;German Tiberio Ojeda Pedraza;PARTIDO ALIANZA VERDE;59
VIRACACHA;Wilson Castiblanco Gil;PARTIDO LIBERAL COLOMBIANO;58
VIRACACHA;Jaime Raul Salamanca Torres;PARTIDO ALIANZA VERDE;50
VIRACACHA;Partido Alianza Verde;PARTIDO ALIANZA VERDE;39
VIRACACHA;Hector Angel Ortiz Nuñez;PARTIDO CENTRO DEMOCRÁTICO;35
VIRACACHA;Jose Dario Mahecha Castillo;PARTIDO CONSERVADOR COLOMBIANO;31
VIRACACHA;Karen Lucia Molano Granados;PARTIDO ALIANZA VERDE;22
VIRACACHA;Guillermo Leonardo Sanchez Sanchez;PARTIDO CENTRO DEMOCRÁTICO;21
VIRACACHA;Partido Conservador Colombiano;PARTIDO CONSERVADOR COLOMBIANO;21
VIRACACHA;Ingrid Marlen Sogamoso Alfonso;PARTIDO CONSERVADOR COLOMBIANO;19
VIRACACHA;Luis Alejandro Gutierrez Sanabria;PARTIDO ALIANZA VERDE;19
VIRACACHA;Jose Giovany Pinzon Baez;PACTO HISTÓRICO;16
VIRACACHA;Pablo Emilio Cepeda Novoa;PARTIDO CAMBIO RADICAL;16
VIRACACHA;Pedro Jose Suarez Vacca;PACTO HISTÓRICO;14
VIRACACHA;Luis Guillermo Barrera Gutierrez;PARTIDO CAMBIO RADICAL;13
VIRACACHA;Pacto Histórico;PACTO HISTÓRICO;13
VIRACACHA;Jonatan Sanchez Garavito;PARTIDO CAMBIO RADICAL;11
VIRACACHA;Eduar Alexis Triana Rincon;PARTIDO CENTRO DEMOCRÁTICO;10
VIRACACHA;Partido Centro Democrático;PARTIDO CENTRO DEMOCRÁTICO;10
VIRACACHA;Jorge Eliecer Cortes Martinez;PARTIDO LIBERAL COLOMBIANO;9
VIRACACHA;Jose Fernando Morales Acuña;PARTIDO CONSERVADOR COLOMBIANO;8
VIRACACHA;Laura Andrea Bello Porras;PARTIDO ALIANZA VERDE;8
VIRACACHA;Partido Cambio Radical;PARTIDO CAMBIO RADICAL;8
VIRACACHA;Jairo Enrique Castiblanco Parra;COALICIÓN PARTIDOS DE LA U - MIRA - COLOMBIA JUSTA LIBRES - ASI;7
VIRACACHA;Partido Liberal Colombiano;PARTIDO LIBERAL COLOMBIANO;6
VIRACACHA;Hector David Chaparro Chaparro;PARTIDO LIBERAL COLOMBIANO;5
VIRACACHA;Lupe Isabel Lopez Marquez;PARTIDO CAMBIO RADICAL;5
VIRACACHA;William Donato Gomez;PARTIDO CENTRO DEMOCRÁTICO;5
VIRACACHA;Diana Carolina Suarez Muñoz;COALICIÓN PARTIDOS DE LA U - MIRA - COLOMBIA JUSTA LIBRES - ASI;3
VIRACACHA;Henry De Jesus Puerto Vasquez;PARTIDO NUEVO LIBERALISMO;3
VIRACACHA;Jorge Ivan Amarillo Giraldo;COALICIÓN PARTIDOS DE LA U - MIRA - COLOMBIA JUSTA LIBRES - ASI;3
VIRACACHA;Partido Nuevo Liberalismo;PARTIDO NUEVO LIBERALISMO;3
VIRACACHA;Sandro Nestor Condia Perez;PARTIDO LIBERAL COLOMBIANO;3
VIRACACHA;Carolina Del Pilar Rodriguez Contreras;PACTO HISTÓRICO;2
VIRACACHA;Cindy Yohana Bohorquez Garzon;PARTIDO CONSERVADOR COLOMBIANO;2
VIRACACHA;Coalición Partidos De La U - Mira - Colombia Justa  Libres - Asi;COALICIÓN PARTIDOS DE LA U - MIRA - COLOMBIA JUSTA LIBRES - ASI;2
VIRACACHA;Humphrey Roa Sarmiento;PARTIDO CONSERVADOR COLOMBIANO;2
VIRACACHA;Leidy Alejandra Moreno Sanchez;PACTO HISTÓRICO;2
VIRACACHA;Mayda Cecilia Velasquez Rueda;PARTIDO LIBERAL COLOMBIANO;2
VIRACACHA;Nidia Milena Torres Paez;PARTIDO CENTRO DEMOCRÁTICO;2
VIRACACHA;Olga Maria Chivata Vargas;PARTIDO NUEVO LIBERALISMO;2
VIRACACHA;Pablo Mendoza Vargas;COALICIÓN PARTIDOS DE LA U - MIRA - COLOMBIA JUSTA LIBRES - ASI;2
VIRACACHA;William Fernando Granados;PARTIDO NUEVO LIBERALISMO;2
VIRACACHA;Camilo Obando Angulo;CONSEJO COMUNITARIO VEREDAS UNIDAS UN BIEN COMÚN;1
VIRACACHA;Karol Ricardo Ramirez Silva;PACTO HISTÓRICO;1
VIRACACHA;"Movimiento Autoridades Indígenas De Colombia ""Aico """;"MOVIMIENTO AUTORIDADES INDÍGENAS DE COLOMBIA ""AICO""";1
VIRACACHA;Olga Natalie Manrique Abril;COALICIÓN PARTIDOS DE LA U - MIRA - COLOMBIA JUSTA LIBRES - ASI;1
ZETAQUIRA;Wilmer Yair Castellanos Hernandez;PARTIDO ALIANZA VERDE;655
ZETAQUIRA;Hector David Chaparro Chaparro;PARTIDO LIBERAL COLOMBIANO;431
ZETAQUIRA;Jose Giovany Pinzon Baez;PACTO HISTÓRICO;105
ZETAQUIRA;Jaime Raul Salamanca Torres;PARTIDO ALIANZA VERDE;89
ZETAQUIRA;Sandro Nestor Condia Perez;PARTIDO LIBERAL COLOMBIANO;67
ZETAQUIRA;Hector Angel Ortiz Nuñez;PARTIDO CENTRO DEMOCRÁTICO;62
ZETAQUIRA;Jorge Eliecer Cortes Martinez;PARTIDO LIBERAL COLOMBIANO;59
ZETAQUIRA;Partido Alianza Verde;PARTIDO ALIANZA VERDE;43
ZETAQUIRA;Jairo Enrique Castiblanco Parra;COALICIÓN PARTIDOS DE LA U - MIRA - COLOMBIA JUSTA LIBRES - ASI;42
ZETAQUIRA;Karen Lucia Molano Granados;PARTIDO ALIANZA VERDE;38
ZETAQUIRA;Pacto Histórico;PACTO HISTÓRICO;30
ZETAQUIRA;German Tiberio Ojeda Pedraza;PARTIDO ALIANZA VERDE;28
ZETAQUIRA;Guillermo Leonardo Sanchez Sanchez;PARTIDO CENTRO DEMOCRÁTICO;28
ZETAQUIRA;Jonatan Sanchez Garavito;PARTIDO CAMBIO RADICAL;25
ZETAQUIRA;Luis Alejandro Gutierrez Sanabria;PARTIDO ALIANZA VERDE;24
ZETAQUIRA;Wilson Castiblanco Gil;PARTIDO LIBERAL COLOMBIANO;22
ZETAQUIRA;Ingrid Marlen Sogamoso Alfonso;PARTIDO CONSERVADOR COLOMBIANO;20
ZETAQUIRA;Pedro Jose Suarez Vacca;PACTO HISTÓRICO;20
ZETAQUIRA;Carolina Del Pilar Rodriguez Contreras;PACTO HISTÓRICO;19
ZETAQUIRA;Jorge Ivan Amarillo Giraldo;COALICIÓN PARTIDOS DE LA U - MIRA - COLOMBIA JUSTA LIBRES - ASI;19
ZETAQUIRA;Diana Carolina Suarez Muñoz;COALICIÓN PARTIDOS DE LA U - MIRA - COLOMBIA JUSTA LIBRES - ASI;14
ZETAQUIRA;Karol Ricardo Ramirez Silva;PACTO HISTÓRICO;14
ZETAQUIRA;Olga Yaneth Beltran Dorado;PARTIDO CENTRO DEMOCRÁTICO;14
ZETAQUIRA;Pablo Emilio Cepeda Novoa;PARTIDO CAMBIO RADICAL;13
ZETAQUIRA;Partido Liberal Colombiano;PARTIDO LIBERAL COLOMBIANO;13
ZETAQUIRA;Wilder Ivan Suesca Ochoa;PARTIDO CONSERVADOR COLOMBIANO;13
ZETAQUIRA;Nidia Milena Torres Paez;PARTIDO CENTRO DEMOCRÁTICO;12
ZETAQUIRA;Lupe Isabel Lopez Marquez;PARTIDO CAMBIO RADICAL;9
ZETAQUIRA;Oscar Leonardo Avila Romero;PARTIDO CAMBIO RADICAL;9
ZETAQUIRA;Luis Guillermo Barrera Gutierrez;PARTIDO CAMBIO RADICAL;8
ZETAQUIRA;Partido Centro Democrático;PARTIDO CENTRO DEMOCRÁTICO;7
ZETAQUIRA;Laura Andrea Bello Porras;PARTIDO ALIANZA VERDE;6
ZETAQUIRA;Leidy Alejandra Moreno Sanchez;PACTO HISTÓRICO;6
ZETAQUIRA;Maryory Catherin Ortiz Alvarez;PACTO HISTÓRICO;6
ZETAQUIRA;Olga Natalie Manrique Abril;COALICIÓN PARTIDOS DE LA U - MIRA - COLOMBIA JUSTA LIBRES - ASI;6
ZETAQUIRA;Mayra Alejandra Viancha Sanabria;PARTIDO LIBERAL COLOMBIANO;5
ZETAQUIRA;William Donato Gomez;PARTIDO CENTRO DEMOCRÁTICO;5
ZETAQUIRA;Partido Conservador Colombiano;PARTIDO CONSERVADOR COLOMBIANO;4
ZETAQUIRA;Cindy Yohana Bohorquez Garzon;PARTIDO CONSERVADOR COLOMBIANO;3
ZETAQUIRA;Eduar Alexis Triana Rincon;PARTIDO CENTRO DEMOCRÁTICO;3
ZETAQUIRA;Jose Dario Mahecha Castillo;PARTIDO CONSERVADOR COLOMBIANO;3
ZETAQUIRA;Monica Yanneth Quiroga Castillo;PARTIDO CAMBIO RADICAL;3
ZETAQUIRA;Partido Nuevo Liberalismo;PARTIDO NUEVO LIBERALISMO;3
ZETAQUIRA;Coalición Partidos De La U - Mira - Colombia Justa  Libres - Asi;COALICIÓN PARTIDOS DE LA U - MIRA - COLOMBIA JUSTA LIBRES - ASI;2
ZETAQUIRA;Humphrey Roa Sarmiento;PARTIDO CONSERVADOR COLOMBIANO;2
ZETAQUIRA;Mayda Cecilia Velasquez Rueda;PARTIDO LIBERAL COLOMBIANO;2
ZETAQUIRA;Claudia Beatriz Duarte Acosta;PARTIDO NUEVO LIBERALISMO;1
ZETAQUIRA;Jorge Arturo Mayorga Esguerra;COALICIÓN PARTIDOS DE LA U - MIRA - COLOMBIA JUSTA LIBRES - ASI;1
ZETAQUIRA;Jose Fernando Morales Acuña;PARTIDO CONSERVADOR COLOMBIANO;1
ZETAQUIRA;Olga Maria Chivata Vargas;PARTIDO NUEVO LIBERALISMO;1
ZETAQUIRA;Partido Político Dignidad;PARTIDO POLÍTICO DIGNIDAD;1
