MUNNOMBRE;CANNOMBRE;PARNOMBRE;VOTOS
ALMEIDA;Fernando Augusto Diaz Saenz;PARTIDO CONSERVADOR COLOMBIANO;264
ALMEIDA;Ingrid Marlen Sogamoso Alfonso;PARTIDO CENTRO DEMOCRATICO;211
ALMEIDA;Yamir Oswaldo Lopez Peña;PARTIDO ALIANZA VERDE;91
ALMEIDA;Fernando Alexander Serrato Fonseca;PARTIDO LIBERAL COLOMBIANO;70
ALMEIDA;Nelson Mauricio Rodriguez Perez;PARTIDO CONSERVADOR COLOMBIANO;56
ALMEIDA;Anderson Joaquin Sanchez Ruiz;PARTIDO LIBERAL COLOMBIANO;50
ALMEIDA;Partido Alianza Verde;PARTIDO ALIANZA VERDE;32
ALMEIDA;Partido Cambio Radical;PARTIDO CAMBIO RADICAL;27
ALMEIDA;Partido Social De Unidad Nacional  Partido De La U;PARTIDO SOCIAL DE UNIDAD NACIONAL  PARTIDO DE LA U;20
ALMEIDA;Alfredo Horacio Correa Higuera;PARTIDO CAMBIO RADICAL;18
ALMEIDA;Flor Elba Velandia Cely;PARTIDO ALIANZA SOCIAL INDEPENDIENTE ASI;17
ALMEIDA;Johan Francisco Herrera Gualdron;PARTIDO ALIANZA VERDE;17
ALMEIDA;Maira Adriana Zerda Gonzalez;PARTIDO ALIANZA VERDE;17
ALMEIDA;Partido Centro Democratico;PARTIDO CENTRO DEMOCRATICO;15
ALMEIDA;Willian David Pabon Jimenez;PARTIDO SOCIAL DE UNIDAD NACIONAL  PARTIDO DE LA U;15
ALMEIDA;Partido Conservador Colombiano;PARTIDO CONSERVADOR COLOMBIANO;12
ALMEIDA;Sergio Cabra Sierra;PARTIDO SOCIAL DE UNIDAD NACIONAL  PARTIDO DE LA U;11
ALMEIDA;Jose Wilmar Leal Abril;PARTIDO CAMBIO RADICAL;10
ALMEIDA;Luisa Fernanda Rodriguez Alfonso;PARTIDO ALIANZA VERDE;10
ALMEIDA;Ivan Ricardo Pirachican Bernal;PARTIDO CONSERVADOR COLOMBIANO;9
ALMEIDA;Jose Armando Quiñones Garzon;PARTIDO CENTRO DEMOCRATICO;9
ALMEIDA;Jose Antonio Estupiñan Caceres;PARTIDO CONSERVADOR COLOMBIANO;8
ALMEIDA;Orlando Florez Cuervo;PARTIDO CENTRO DEMOCRATICO;8
ALMEIDA;Concha Jael Vargas Saavedra;PARTIDO CONSERVADOR COLOMBIANO;7
ALMEIDA;Oscar Leonardo Montañez Sierra;PARTIDO CAMBIO RADICAL;7
ALMEIDA;Fabian Camilo Rojas Barrera;PARTIDO LIBERAL COLOMBIANO;6
ALMEIDA;Mauricio Cadena Valero;PARTIDO CENTRO DEMOCRATICO;6
ALMEIDA;Partido Alianza Social Independiente Asi;PARTIDO ALIANZA SOCIAL INDEPENDIENTE ASI;6
ALMEIDA;Pedro Pablo Salas Hernandez;PARTIDO ALIANZA VERDE;6
ALMEIDA;William Rodolfo Mesa Avella;PARTIDO CENTRO DEMOCRATICO;6
ALMEIDA;Antonio Ernesto Leguizamo Diaz;PARTIDO LIBERAL COLOMBIANO;5
ALMEIDA;Aura Lucia Ortiz Cardona;PARTIDO CENTRO DEMOCRATICO;5
ALMEIDA;Jorge Eduardo Diaz Avendaño;MOVIMIENTO ALTERNATIVO INDIGENA Y SOCIAL MAIS;5
ALMEIDA;Jose Agustin Arias Millan;PARTIDO CENTRO DEMOCRATICO;5
ALMEIDA;Jose Dario Mahecha Castillo;PARTIDO CONSERVADOR COLOMBIANO;5
ALMEIDA;Partido Liberal Colombiano;PARTIDO LIBERAL COLOMBIANO;5
ALMEIDA;Roman Hernando Ortega Hernandez;PARTIDO ALIANZA VERDE;5
ALMEIDA;Segundo Fidel Salazar Gonzalez;PARTIDO SOCIAL DE UNIDAD NACIONAL  PARTIDO DE LA U;5
ALMEIDA;Angela Patricia Velandia Novoa;PARTIDO ALIANZA VERDE;4
ALMEIDA;Fredy Julian Castro Rodriguez;PARTIDO CENTRO DEMOCRATICO;4
ALMEIDA;Hector Josue Camacho Acosta;PARTIDO CENTRO DEMOCRATICO;4
ALMEIDA;Jairo Pacheco Suarez;PARTIDO LIBERAL COLOMBIANO;4
ALMEIDA;Partido Colombia Justa Libres;PARTIDO COLOMBIA JUSTA LIBRES;4
ALMEIDA;Wilton Fredy Castro Silva;PARTIDO ALIANZA VERDE;4
ALMEIDA;Andres Mauricio Escarria Barraza;PARTIDO CAMBIO RADICAL;3
ALMEIDA;Carlos Alfredo Siza Blanco;PARTIDO CONSERVADOR COLOMBIANO;3
ALMEIDA;Eliana Maria Villate Fonseca;PARTIDO CONSERVADOR COLOMBIANO;3
ALMEIDA;Irma Yineth Velandia Sandoval;PARTIDO CAMBIO RADICAL;3
ALMEIDA;Juddy Alexandra Jimenez Cuadros;PARTIDO SOCIAL DE UNIDAD NACIONAL  PARTIDO DE LA U;3
ALMEIDA;Luis Carlos Ochoa Pasachoa;PARTIDO ALIANZA VERDE;3
ALMEIDA;Manuel Ricardo Mesa Trujillo;PARTIDO SOCIAL DE UNIDAD NACIONAL  PARTIDO DE LA U;3
ALMEIDA;Merardo Vargas Roa;PARTIDO ALIANZA VERDE;3
ALMEIDA;Sandra Patricia Ricaurte Espinel;PARTIDO CAMBIO RADICAL;3
ALMEIDA;Sonia Esperanza Lopez Barrera;PARTIDO CONSERVADOR COLOMBIANO;3
ALMEIDA;Wilkins Fernando Chaparro Cuervo;PARTIDO ALIANZA SOCIAL INDEPENDIENTE ASI;3
ALMEIDA;Alberto Enrique Murillo Sanchez;PARTIDO CAMBIO RADICAL;2
ALMEIDA;Angela Rocio Umaña Rojas;PARTIDO CONSERVADOR COLOMBIANO;2
ALMEIDA;Edwin Andres Rodriguez Rodriguez;PARTIDO LIBERAL COLOMBIANO;2
ALMEIDA;Helver Ariel Avila Panche;PARTIDO CENTRO DEMOCRATICO;2
ALMEIDA;Hugo Alveiro Rosas Romero;PARTIDO ALIANZA VERDE;2
ALMEIDA;Jhonnatan Jairo Avellaneda Mesa;MOVIMIENTO ALTERNATIVO INDIGENA Y SOCIAL MAIS;2
ALMEIDA;Juan Camilo Morales Rodriguez;PARTIDO LIBERAL COLOMBIANO;2
ALMEIDA;Omar Fernando Valderrama Baez;PARTIDO CENTRO DEMOCRATICO;2
ALMEIDA;Omar Humberto Villamil Munevar;PARTIDO CONSERVADOR COLOMBIANO;2
ALMEIDA;Siervo Yesith Gonzalez Saavedra;PARTIDO CAMBIO RADICAL;2
ALMEIDA;Wilder Ivan Suesca Ochoa;PARTIDO CENTRO DEMOCRATICO;2
ALMEIDA;Alba Luz Becerra Becerra;PARTIDO ALIANZA SOCIAL INDEPENDIENTE ASI;1
ALMEIDA;Ana Adela Pulido Cuadros;PARTIDO CONSERVADOR COLOMBIANO;1
ALMEIDA;Armando Buitrago Acevedo;PARTIDO ALIANZA SOCIAL INDEPENDIENTE ASI;1
ALMEIDA;Boyaca Decente;BOYACA DECENTE;1
ALMEIDA;Carlos Eduardo Vega Alvarez;BOYACA DECENTE;1
ALMEIDA;Cesar Augusto Mojica Bedoya;PARTIDO SOCIAL DE UNIDAD NACIONAL  PARTIDO DE LA U;1
ALMEIDA;Claudia Yaneth Avila Castillo;PARTIDO SOCIAL DE UNIDAD NACIONAL  PARTIDO DE LA U;1
ALMEIDA;David Santiago Ochoa Garcia;PARTIDO SOCIAL DE UNIDAD NACIONAL  PARTIDO DE LA U;1
ALMEIDA;Eliana Hasleidy Gamez Pinilla;PARTIDO CAMBIO RADICAL;1
ALMEIDA;Elsa Marlen Manrique Pulgar;PARTIDO LIBERAL COLOMBIANO;1
ALMEIDA;Erika Dayana Piragauta Rodriguez;PARTIDO LIBERAL COLOMBIANO;1
ALMEIDA;Gregorio Morales Tovar;BOYACA DECENTE;1
ALMEIDA;Gustavo Eduardo Castañeda Niño;PARTIDO ALIANZA VERDE;1
ALMEIDA;Hernando Arias Ochoa;PARTIDO ALIANZA SOCIAL INDEPENDIENTE ASI;1
ALMEIDA;Jaime Andres Gomez Gomez;PARTIDO CONSERVADOR COLOMBIANO;1
ALMEIDA;Jhon Fredy Garavito Cortes;PARTIDO SOCIAL DE UNIDAD NACIONAL  PARTIDO DE LA U;1
ALMEIDA;Jorge Enrique Camacho Rodriguez;PARTIDO ALIANZA SOCIAL INDEPENDIENTE ASI;1
ALMEIDA;Jorge Marin Jerez Amado;PARTIDO LIBERAL COLOMBIANO;1
ALMEIDA;Jose Mauricio Buitrago Rivera;PARTIDO CAMBIO RADICAL;1
ALMEIDA;Julieth Rocio Montañez Niño;PARTIDO ALIANZA SOCIAL INDEPENDIENTE ASI;1
ALMEIDA;Katherin Tatiana Calderon Acosta;PARTIDO CENTRO DEMOCRATICO;1
ALMEIDA;Luis Carlos Machado Zapata;PARTIDO LIBERAL COLOMBIANO;1
ALMEIDA;Maria Francia Blanco Pedroza;BOYACA DECENTE;1
ALMEIDA;Movimiento Alternativo Indigena Y Social Mais;MOVIMIENTO ALTERNATIVO INDIGENA Y SOCIAL MAIS;1
ALMEIDA;Nereo Baron Tellez;MOVIMIENTO ALTERNATIVO INDIGENA Y SOCIAL MAIS;1
ALMEIDA;Olga Niño Rojas;PARTIDO CENTRO DEMOCRATICO;1
ALMEIDA;Pedro Humberto Vargas Gomez;PARTIDO LIBERAL COLOMBIANO;1
ALMEIDA;Sandra Milena Ramirez Moreno;PARTIDO CAMBIO RADICAL;1
ALMEIDA;Yadith Milena Martinez Farfan;PARTIDO CENTRO DEMOCRATICO;1
ALMEIDA;Yury Neill Diaz Aranguren;MOVIMIENTO ALTERNATIVO INDIGENA Y SOCIAL MAIS;1
ALMEIDA;William Chaparro Rodriguez;BOYACA DECENTE;0
AQUITANIA PUEBLOVIEJO;Carlos Ernesto Torres Aguirre;PARTIDO CONSERVADOR COLOMBIANO;3227
AQUITANIA PUEBLOVIEJO;Yury Neill Diaz Aranguren;MOVIMIENTO ALTERNATIVO INDIGENA Y SOCIAL MAIS;1033
AQUITANIA PUEBLOVIEJO;William Rodolfo Mesa Avella;PARTIDO CENTRO DEMOCRATICO;369
AQUITANIA PUEBLOVIEJO;Luis Carlos Bernal Mesa;PARTIDO SOCIAL DE UNIDAD NACIONAL  PARTIDO DE LA U;333
AQUITANIA PUEBLOVIEJO;Partido Conservador Colombiano;PARTIDO CONSERVADOR COLOMBIANO;149
AQUITANIA PUEBLOVIEJO;Partido Alianza Verde;PARTIDO ALIANZA VERDE;141
AQUITANIA PUEBLOVIEJO;Luis Carlos Ochoa Pasachoa;PARTIDO ALIANZA VERDE;111
AQUITANIA PUEBLOVIEJO;Fernando Alexander Serrato Fonseca;PARTIDO LIBERAL COLOMBIANO;108
AQUITANIA PUEBLOVIEJO;Wilkins Fernando Chaparro Cuervo;PARTIDO ALIANZA SOCIAL INDEPENDIENTE ASI;102
AQUITANIA PUEBLOVIEJO;Concha Jael Vargas Saavedra;PARTIDO CONSERVADOR COLOMBIANO;96
AQUITANIA PUEBLOVIEJO;Mauricio Cadena Valero;PARTIDO CENTRO DEMOCRATICO;94
AQUITANIA PUEBLOVIEJO;Irma Yineth Velandia Sandoval;PARTIDO CAMBIO RADICAL;84
AQUITANIA PUEBLOVIEJO;Uldarico Javier Ramirez Chilito;MOVIMIENTO ALTERNATIVO INDIGENA Y SOCIAL MAIS;80
AQUITANIA PUEBLOVIEJO;Jose Dario Mahecha Castillo;PARTIDO CONSERVADOR COLOMBIANO;76
AQUITANIA PUEBLOVIEJO;Yamir Oswaldo Lopez Peña;PARTIDO ALIANZA VERDE;76
AQUITANIA PUEBLOVIEJO;Partido Centro Democratico;PARTIDO CENTRO DEMOCRATICO;72
AQUITANIA PUEBLOVIEJO;Alba Luz Becerra Becerra;PARTIDO ALIANZA SOCIAL INDEPENDIENTE ASI;65
AQUITANIA PUEBLOVIEJO;Movimiento Alternativo Indigena Y Social Mais;MOVIMIENTO ALTERNATIVO INDIGENA Y SOCIAL MAIS;61
AQUITANIA PUEBLOVIEJO;Hernando Arias Ochoa;PARTIDO ALIANZA SOCIAL INDEPENDIENTE ASI;52
AQUITANIA PUEBLOVIEJO;Partido Alianza Social Independiente Asi;PARTIDO ALIANZA SOCIAL INDEPENDIENTE ASI;51
AQUITANIA PUEBLOVIEJO;Partido Cambio Radical;PARTIDO CAMBIO RADICAL;49
AQUITANIA PUEBLOVIEJO;Ricardo Andres Español Teatino;PARTIDO LIBERAL COLOMBIANO;48
AQUITANIA PUEBLOVIEJO;Fabian Camilo Rojas Barrera;PARTIDO LIBERAL COLOMBIANO;43
AQUITANIA PUEBLOVIEJO;Ivan Ricardo Pirachican Bernal;PARTIDO CONSERVADOR COLOMBIANO;42
AQUITANIA PUEBLOVIEJO;Partido Liberal Colombiano;PARTIDO LIBERAL COLOMBIANO;41
AQUITANIA PUEBLOVIEJO;Jairo Pacheco Suarez;PARTIDO LIBERAL COLOMBIANO;37
AQUITANIA PUEBLOVIEJO;Eliana Maria Villate Fonseca;PARTIDO CONSERVADOR COLOMBIANO;36
AQUITANIA PUEBLOVIEJO;Carlos Alfredo Siza Blanco;PARTIDO CONSERVADOR COLOMBIANO;35
AQUITANIA PUEBLOVIEJO;Jose Armando Quiñones Garzon;PARTIDO CENTRO DEMOCRATICO;34
AQUITANIA PUEBLOVIEJO;Partido Social De Unidad Nacional  Partido De La U;PARTIDO SOCIAL DE UNIDAD NACIONAL  PARTIDO DE LA U;33
AQUITANIA PUEBLOVIEJO;Hector Josue Camacho Acosta;PARTIDO CENTRO DEMOCRATICO;32
AQUITANIA PUEBLOVIEJO;Claudia Yaneth Avila Castillo;PARTIDO SOCIAL DE UNIDAD NACIONAL  PARTIDO DE LA U;30
AQUITANIA PUEBLOVIEJO;Manuel Ricardo Mesa Trujillo;PARTIDO SOCIAL DE UNIDAD NACIONAL  PARTIDO DE LA U;30
AQUITANIA PUEBLOVIEJO;Pedro Pablo Salas Hernandez;PARTIDO ALIANZA VERDE;29
AQUITANIA PUEBLOVIEJO;Ricardo Alonso Rojas Sachica;PARTIDO ALIANZA VERDE;29
AQUITANIA PUEBLOVIEJO;Ingrid Marlen Sogamoso Alfonso;PARTIDO CENTRO DEMOCRATICO;27
AQUITANIA PUEBLOVIEJO;Omar Fernando Valderrama Baez;PARTIDO CENTRO DEMOCRATICO;27
AQUITANIA PUEBLOVIEJO;Oscar Leonardo Montañez Sierra;PARTIDO CAMBIO RADICAL;27
AQUITANIA PUEBLOVIEJO;Jose Antonio Estupiñan Caceres;PARTIDO CONSERVADOR COLOMBIANO;26
AQUITANIA PUEBLOVIEJO;Nereo Baron Tellez;MOVIMIENTO ALTERNATIVO INDIGENA Y SOCIAL MAIS;24
AQUITANIA PUEBLOVIEJO;Estefany Johana Grajales Marin;MOVIMIENTO ALTERNATIVO INDIGENA Y SOCIAL MAIS;23
AQUITANIA PUEBLOVIEJO;Ana Adela Pulido Cuadros;PARTIDO CONSERVADOR COLOMBIANO;22
AQUITANIA PUEBLOVIEJO;Hugo Alveiro Rosas Romero;PARTIDO ALIANZA VERDE;20
AQUITANIA PUEBLOVIEJO;Roman Hernando Ortega Hernandez;PARTIDO ALIANZA VERDE;20
AQUITANIA PUEBLOVIEJO;Armando Buitrago Acevedo;PARTIDO ALIANZA SOCIAL INDEPENDIENTE ASI;19
AQUITANIA PUEBLOVIEJO;Jhon Fredy Garavito Cortes;PARTIDO SOCIAL DE UNIDAD NACIONAL  PARTIDO DE LA U;19
AQUITANIA PUEBLOVIEJO;Maria De Los Santos Salamanca Silva;PARTIDO ALIANZA VERDE;19
AQUITANIA PUEBLOVIEJO;Willian David Pabon Jimenez;PARTIDO SOCIAL DE UNIDAD NACIONAL  PARTIDO DE LA U;19
AQUITANIA PUEBLOVIEJO;Adriana Paola Laverde Rodriguez;MOVIMIENTO ALTERNATIVO INDIGENA Y SOCIAL MAIS;18
AQUITANIA PUEBLOVIEJO;Pablo Antonio Zambrano Salamanca;PARTIDO CONSERVADOR COLOMBIANO;18
AQUITANIA PUEBLOVIEJO;Sonia Esperanza Lopez Barrera;PARTIDO CONSERVADOR COLOMBIANO;18
AQUITANIA PUEBLOVIEJO;Angela Patricia Velandia Novoa;PARTIDO ALIANZA VERDE;17
AQUITANIA PUEBLOVIEJO;Johan Francisco Herrera Gualdron;PARTIDO ALIANZA VERDE;17
AQUITANIA PUEBLOVIEJO;Jhonnatan Jairo Avellaneda Mesa;MOVIMIENTO ALTERNATIVO INDIGENA Y SOCIAL MAIS;16
AQUITANIA PUEBLOVIEJO;Jaime Andres Gomez Gomez;PARTIDO CONSERVADOR COLOMBIANO;15
AQUITANIA PUEBLOVIEJO;Jorge Enrique Camacho Rodriguez;PARTIDO ALIANZA SOCIAL INDEPENDIENTE ASI;15
AQUITANIA PUEBLOVIEJO;Partido Colombia Justa Libres;PARTIDO COLOMBIA JUSTA LIBRES;15
AQUITANIA PUEBLOVIEJO;Gustavo Eduardo Castañeda Niño;PARTIDO ALIANZA VERDE;14
AQUITANIA PUEBLOVIEJO;Jairo Correa Acevedo;MOVIMIENTO ALTERNATIVO INDIGENA Y SOCIAL MAIS;14
AQUITANIA PUEBLOVIEJO;Jorge Ignacio Lopez Barrera;BOYACA DECENTE;14
AQUITANIA PUEBLOVIEJO;Luisa Fernanda Rodriguez Alfonso;PARTIDO ALIANZA VERDE;14
AQUITANIA PUEBLOVIEJO;Jose Wilmar Leal Abril;PARTIDO CAMBIO RADICAL;13
AQUITANIA PUEBLOVIEJO;Luz Dary Sevillano Guerrero;PARTIDO ALIANZA VERDE;13
AQUITANIA PUEBLOVIEJO;Sergio Cabra Sierra;PARTIDO SOCIAL DE UNIDAD NACIONAL  PARTIDO DE LA U;13
AQUITANIA PUEBLOVIEJO;Alfredo Horacio Correa Higuera;PARTIDO CAMBIO RADICAL;12
AQUITANIA PUEBLOVIEJO;Jorge Eduardo Diaz Avendaño;MOVIMIENTO ALTERNATIVO INDIGENA Y SOCIAL MAIS;11
AQUITANIA PUEBLOVIEJO;Alberto Enrique Murillo Sanchez;PARTIDO CAMBIO RADICAL;10
AQUITANIA PUEBLOVIEJO;Wilton Fredy Castro Silva;PARTIDO ALIANZA VERDE;10
AQUITANIA PUEBLOVIEJO;Alvaro Hernan Forero Hurtado;BOYACA DECENTE;9
AQUITANIA PUEBLOVIEJO;Fredy Leonardo Rojas Vargas;PARTIDO CENTRO DEMOCRATICO;9
AQUITANIA PUEBLOVIEJO;Julian Guillermo Camargo Amortegui;MOVIMIENTO ALTERNATIVO INDIGENA Y SOCIAL MAIS;9
AQUITANIA PUEBLOVIEJO;Julieth Rocio Montañez Niño;PARTIDO ALIANZA SOCIAL INDEPENDIENTE ASI;9
AQUITANIA PUEBLOVIEJO;Wilder Ivan Suesca Ochoa;PARTIDO CENTRO DEMOCRATICO;9
AQUITANIA PUEBLOVIEJO;Olga Niño Rojas;PARTIDO CENTRO DEMOCRATICO;8
AQUITANIA PUEBLOVIEJO;Omar Humberto Villamil Munevar;PARTIDO CONSERVADOR COLOMBIANO;8
AQUITANIA PUEBLOVIEJO;David Santiago Ochoa Garcia;PARTIDO SOCIAL DE UNIDAD NACIONAL  PARTIDO DE LA U;7
AQUITANIA PUEBLOVIEJO;Edwin Alfonso Perez Beltran;PARTIDO ALIANZA SOCIAL INDEPENDIENTE ASI;7
AQUITANIA PUEBLOVIEJO;Fredy Enrique Segura Alonso;BOYACA DECENTE;7
AQUITANIA PUEBLOVIEJO;Jose Mauricio Buitrago Rivera;PARTIDO CAMBIO RADICAL;7
AQUITANIA PUEBLOVIEJO;Juan Camilo Morales Rodriguez;PARTIDO LIBERAL COLOMBIANO;7
AQUITANIA PUEBLOVIEJO;Merardo Vargas Roa;PARTIDO ALIANZA VERDE;7
AQUITANIA PUEBLOVIEJO;Nelson Mauricio Rodriguez Perez;PARTIDO CONSERVADOR COLOMBIANO;7
AQUITANIA PUEBLOVIEJO;Norman De Jesus Quintero Gallego;PARTIDO CONSERVADOR COLOMBIANO;7
AQUITANIA PUEBLOVIEJO;Fredy Julian Castro Rodriguez;PARTIDO CENTRO DEMOCRATICO;6
AQUITANIA PUEBLOVIEJO;Jairo Enrique Cabana Fonseca;PARTIDO ALIANZA VERDE;6
AQUITANIA PUEBLOVIEJO;Jorge Marin Jerez Amado;PARTIDO LIBERAL COLOMBIANO;6
AQUITANIA PUEBLOVIEJO;Luis Carlos Machado Zapata;PARTIDO LIBERAL COLOMBIANO;6
AQUITANIA PUEBLOVIEJO;Sandra Patricia Contreras Soto;PARTIDO LIBERAL COLOMBIANO;6
AQUITANIA PUEBLOVIEJO;Ana Lucia Parra Monroy;PARTIDO SOCIAL DE UNIDAD NACIONAL  PARTIDO DE LA U;5
AQUITANIA PUEBLOVIEJO;Andres Mauricio Escarria Barraza;PARTIDO CAMBIO RADICAL;5
AQUITANIA PUEBLOVIEJO;Boyaca Decente;BOYACA DECENTE;5
AQUITANIA PUEBLOVIEJO;David Alejandro Avila Cely;MOVIMIENTO ALTERNATIVO INDIGENA Y SOCIAL MAIS;5
AQUITANIA PUEBLOVIEJO;Fernando Augusto Diaz Saenz;PARTIDO CONSERVADOR COLOMBIANO;5
AQUITANIA PUEBLOVIEJO;Helver Ariel Avila Panche;PARTIDO CENTRO DEMOCRATICO;5
AQUITANIA PUEBLOVIEJO;Orlando Florez Cuervo;PARTIDO CENTRO DEMOCRATICO;5
AQUITANIA PUEBLOVIEJO;Sandra Milena Ramirez Moreno;PARTIDO CAMBIO RADICAL;5
AQUITANIA PUEBLOVIEJO;Andrea Carolina Camargo Caro;MOVIMIENTO ALTERNATIVO INDIGENA Y SOCIAL MAIS;4
AQUITANIA PUEBLOVIEJO;Angela Rocio Umaña Rojas;PARTIDO CONSERVADOR COLOMBIANO;4
AQUITANIA PUEBLOVIEJO;Antonio Ernesto Leguizamo Diaz;PARTIDO LIBERAL COLOMBIANO;4
AQUITANIA PUEBLOVIEJO;Daniel Fernando Mejia Lozano;PARTIDO ALIANZA SOCIAL INDEPENDIENTE ASI;4
AQUITANIA PUEBLOVIEJO;Eliana Hasleidy Gamez Pinilla;PARTIDO CAMBIO RADICAL;4
AQUITANIA PUEBLOVIEJO;Henry Goyeneche Hormaza;PARTIDO ALIANZA SOCIAL INDEPENDIENTE ASI;4
AQUITANIA PUEBLOVIEJO;Jose Agustin Arias Millan;PARTIDO CENTRO DEMOCRATICO;4
AQUITANIA PUEBLOVIEJO;Lizeth Paola Saade Fuentes;MOVIMIENTO ALTERNATIVO INDIGENA Y SOCIAL MAIS;4
AQUITANIA PUEBLOVIEJO;Mariev Bejarano Ospina;BOYACA DECENTE;4
AQUITANIA PUEBLOVIEJO;Siervo Yesith Gonzalez Saavedra;PARTIDO CAMBIO RADICAL;4
AQUITANIA PUEBLOVIEJO;Carlos Eduardo Vega Alvarez;BOYACA DECENTE;3
AQUITANIA PUEBLOVIEJO;Claudia Patricia Barrera Patiño;PARTIDO SOCIAL DE UNIDAD NACIONAL  PARTIDO DE LA U;3
AQUITANIA PUEBLOVIEJO;David Santiago Diaz Guio;PARTIDO SOCIAL DE UNIDAD NACIONAL  PARTIDO DE LA U;3
AQUITANIA PUEBLOVIEJO;Juddy Alexandra Jimenez Cuadros;PARTIDO SOCIAL DE UNIDAD NACIONAL  PARTIDO DE LA U;3
AQUITANIA PUEBLOVIEJO;Laura Patricia Contreras Alvarez;PARTIDO ALIANZA SOCIAL INDEPENDIENTE ASI;3
AQUITANIA PUEBLOVIEJO;Sandra Patricia Ricaurte Espinel;PARTIDO CAMBIO RADICAL;3
AQUITANIA PUEBLOVIEJO;Anderson Joaquin Sanchez Ruiz;PARTIDO LIBERAL COLOMBIANO;2
AQUITANIA PUEBLOVIEJO;Carlos Julian Diaz Franco;PARTIDO ALIANZA SOCIAL INDEPENDIENTE ASI;2
AQUITANIA PUEBLOVIEJO;Elsa Marlen Manrique Pulgar;PARTIDO LIBERAL COLOMBIANO;2
AQUITANIA PUEBLOVIEJO;Ericka Leonor Amador Gamarra;PARTIDO SOCIAL DE UNIDAD NACIONAL  PARTIDO DE LA U;2
AQUITANIA PUEBLOVIEJO;Giovanna Del Pilar Soto Barreto;PARTIDO CAMBIO RADICAL;2
AQUITANIA PUEBLOVIEJO;Jose Leonidas Medina Cruz;PARTIDO SOCIAL DE UNIDAD NACIONAL  PARTIDO DE LA U;2
AQUITANIA PUEBLOVIEJO;Katherin Tatiana Calderon Acosta;PARTIDO CENTRO DEMOCRATICO;2
AQUITANIA PUEBLOVIEJO;Kiliam Ernesto Gonzalez Forero;BOYACA DECENTE;2
AQUITANIA PUEBLOVIEJO;Pedro Humberto Vargas Gomez;PARTIDO LIBERAL COLOMBIANO;2
AQUITANIA PUEBLOVIEJO;Segundo Fidel Salazar Gonzalez;PARTIDO SOCIAL DE UNIDAD NACIONAL  PARTIDO DE LA U;2
AQUITANIA PUEBLOVIEJO;Vivian Catherin Alvarez;PARTIDO ALIANZA SOCIAL INDEPENDIENTE ASI;2
AQUITANIA PUEBLOVIEJO;William Chaparro Rodriguez;BOYACA DECENTE;2
AQUITANIA PUEBLOVIEJO;Yadith Milena Martinez Farfan;PARTIDO CENTRO DEMOCRATICO;2
AQUITANIA PUEBLOVIEJO;Ana Delia Avendaño Hernandez;PARTIDO LIBERAL COLOMBIANO;1
AQUITANIA PUEBLOVIEJO;Angela Magaly Garcia Rivera;MOVIMIENTO ALTERNATIVO INDIGENA Y SOCIAL MAIS;1
AQUITANIA PUEBLOVIEJO;Aura Lucia Ortiz Cardona;PARTIDO CENTRO DEMOCRATICO;1
AQUITANIA PUEBLOVIEJO;Cesar Augusto Mojica Bedoya;PARTIDO SOCIAL DE UNIDAD NACIONAL  PARTIDO DE LA U;1
AQUITANIA PUEBLOVIEJO;Edwin Andres Rodriguez Rodriguez;PARTIDO LIBERAL COLOMBIANO;1
AQUITANIA PUEBLOVIEJO;Erika Dayana Piragauta Rodriguez;PARTIDO LIBERAL COLOMBIANO;1
AQUITANIA PUEBLOVIEJO;Flor Elba Velandia Cely;PARTIDO ALIANZA SOCIAL INDEPENDIENTE ASI;1
AQUITANIA PUEBLOVIEJO;Gregorio Morales Tovar;BOYACA DECENTE;1
AQUITANIA PUEBLOVIEJO;John Fredy Lopez Mora;MOVIMIENTO ALTERNATIVO INDIGENA Y SOCIAL MAIS;1
AQUITANIA PUEBLOVIEJO;Maria Francia Blanco Pedroza;BOYACA DECENTE;1
AQUITANIA PUEBLOVIEJO;Martha Ines Zipa Martinez;PARTIDO CAMBIO RADICAL;1
ARCABUCO;Jairo Pacheco Suarez;PARTIDO LIBERAL COLOMBIANO;392
ARCABUCO;Wilder Ivan Suesca Ochoa;PARTIDO CENTRO DEMOCRATICO;256
ARCABUCO;Pedro Pablo Salas Hernandez;PARTIDO ALIANZA VERDE;238
ARCABUCO;Angela Patricia Velandia Novoa;PARTIDO ALIANZA VERDE;195
ARCABUCO;Anderson Joaquin Sanchez Ruiz;PARTIDO LIBERAL COLOMBIANO;171
ARCABUCO;Fabian Camilo Rojas Barrera;PARTIDO LIBERAL COLOMBIANO;133
ARCABUCO;Fernando Alexander Serrato Fonseca;PARTIDO LIBERAL COLOMBIANO;114
ARCABUCO;Gustavo Eduardo Castañeda Niño;PARTIDO ALIANZA VERDE;113
ARCABUCO;Jose Armando Quiñones Garzon;PARTIDO CENTRO DEMOCRATICO;92
ARCABUCO;Yamir Oswaldo Lopez Peña;PARTIDO ALIANZA VERDE;75
ARCABUCO;Carlos Julian Diaz Franco;PARTIDO ALIANZA SOCIAL INDEPENDIENTE ASI;59
ARCABUCO;Hector Josue Camacho Acosta;PARTIDO CENTRO DEMOCRATICO;56
ARCABUCO;Ricardo Alonso Rojas Sachica;PARTIDO ALIANZA VERDE;52
ARCABUCO;Hugo Alveiro Rosas Romero;PARTIDO ALIANZA VERDE;46
ARCABUCO;Jairo Enrique Cabana Fonseca;PARTIDO ALIANZA VERDE;43
ARCABUCO;Juan Camilo Morales Rodriguez;PARTIDO LIBERAL COLOMBIANO;42
ARCABUCO;Partido Alianza Verde;PARTIDO ALIANZA VERDE;42
ARCABUCO;Nelson Mauricio Rodriguez Perez;PARTIDO CONSERVADOR COLOMBIANO;41
ARCABUCO;Jose Wilmar Leal Abril;PARTIDO CAMBIO RADICAL;36
ARCABUCO;Johan Francisco Herrera Gualdron;PARTIDO ALIANZA VERDE;33
ARCABUCO;Partido Centro Democratico;PARTIDO CENTRO DEMOCRATICO;30
ARCABUCO;Jhon Fredy Garavito Cortes;PARTIDO SOCIAL DE UNIDAD NACIONAL  PARTIDO DE LA U;25
ARCABUCO;Partido Liberal Colombiano;PARTIDO LIBERAL COLOMBIANO;25
ARCABUCO;Jhonnatan Jairo Avellaneda Mesa;MOVIMIENTO ALTERNATIVO INDIGENA Y SOCIAL MAIS;23
ARCABUCO;Segundo Fidel Salazar Gonzalez;PARTIDO SOCIAL DE UNIDAD NACIONAL  PARTIDO DE LA U;23
ARCABUCO;Partido Colombia Justa Libres;PARTIDO COLOMBIA JUSTA LIBRES;22
ARCABUCO;Ivan Ricardo Pirachican Bernal;PARTIDO CONSERVADOR COLOMBIANO;19
ARCABUCO;Eliana Hasleidy Gamez Pinilla;PARTIDO CAMBIO RADICAL;16
ARCABUCO;Elsa Marlen Manrique Pulgar;PARTIDO LIBERAL COLOMBIANO;16
ARCABUCO;Movimiento Alternativo Indigena Y Social Mais;MOVIMIENTO ALTERNATIVO INDIGENA Y SOCIAL MAIS;16
ARCABUCO;Omar Fernando Valderrama Baez;PARTIDO CENTRO DEMOCRATICO;16
ARCABUCO;Orlando Florez Cuervo;PARTIDO CENTRO DEMOCRATICO;16
ARCABUCO;Ingrid Marlen Sogamoso Alfonso;PARTIDO CENTRO DEMOCRATICO;15
ARCABUCO;Luisa Fernanda Rodriguez Alfonso;PARTIDO ALIANZA VERDE;15
ARCABUCO;Maria De Los Santos Salamanca Silva;PARTIDO ALIANZA VERDE;15
ARCABUCO;Luis Carlos Ochoa Pasachoa;PARTIDO ALIANZA VERDE;14
ARCABUCO;Partido Conservador Colombiano;PARTIDO CONSERVADOR COLOMBIANO;14
ARCABUCO;Wilton Fredy Castro Silva;PARTIDO ALIANZA VERDE;14
ARCABUCO;Jose Antonio Estupiñan Caceres;PARTIDO CONSERVADOR COLOMBIANO;13
ARCABUCO;Luis Carlos Machado Zapata;PARTIDO LIBERAL COLOMBIANO;13
ARCABUCO;Partido Alianza Social Independiente Asi;PARTIDO ALIANZA SOCIAL INDEPENDIENTE ASI;13
ARCABUCO;Roman Hernando Ortega Hernandez;PARTIDO ALIANZA VERDE;13
ARCABUCO;Armando Buitrago Acevedo;PARTIDO ALIANZA SOCIAL INDEPENDIENTE ASI;12
ARCABUCO;Oscar Leonardo Montañez Sierra;PARTIDO CAMBIO RADICAL;12
ARCABUCO;Partido Cambio Radical;PARTIDO CAMBIO RADICAL;11
ARCABUCO;Partido Social De Unidad Nacional  Partido De La U;PARTIDO SOCIAL DE UNIDAD NACIONAL  PARTIDO DE LA U;11
ARCABUCO;Ricardo Andres Español Teatino;PARTIDO LIBERAL COLOMBIANO;11
ARCABUCO;Sandra Patricia Contreras Soto;PARTIDO LIBERAL COLOMBIANO;11
ARCABUCO;Willian David Pabon Jimenez;PARTIDO SOCIAL DE UNIDAD NACIONAL  PARTIDO DE LA U;11
ARCABUCO;Alberto Enrique Murillo Sanchez;PARTIDO CAMBIO RADICAL;10
ARCABUCO;Jose Agustin Arias Millan;PARTIDO CENTRO DEMOCRATICO;10
ARCABUCO;Merardo Vargas Roa;PARTIDO ALIANZA VERDE;10
ARCABUCO;Siervo Yesith Gonzalez Saavedra;PARTIDO CAMBIO RADICAL;10
ARCABUCO;Alfredo Horacio Correa Higuera;PARTIDO CAMBIO RADICAL;9
ARCABUCO;Edwin Andres Rodriguez Rodriguez;PARTIDO LIBERAL COLOMBIANO;9
ARCABUCO;Luz Dary Sevillano Guerrero;PARTIDO ALIANZA VERDE;9
ARCABUCO;Manuel Ricardo Mesa Trujillo;PARTIDO SOCIAL DE UNIDAD NACIONAL  PARTIDO DE LA U;9
ARCABUCO;Alvaro Hernan Forero Hurtado;BOYACA DECENTE;8
ARCABUCO;Concha Jael Vargas Saavedra;PARTIDO CONSERVADOR COLOMBIANO;8
ARCABUCO;Flor Elba Velandia Cely;PARTIDO ALIANZA SOCIAL INDEPENDIENTE ASI;8
ARCABUCO;Jorge Marin Jerez Amado;PARTIDO LIBERAL COLOMBIANO;8
ARCABUCO;Mauricio Cadena Valero;PARTIDO CENTRO DEMOCRATICO;8
ARCABUCO;Nereo Baron Tellez;MOVIMIENTO ALTERNATIVO INDIGENA Y SOCIAL MAIS;8
ARCABUCO;Norman De Jesus Quintero Gallego;PARTIDO CONSERVADOR COLOMBIANO;8
ARCABUCO;Fredy Leonardo Rojas Vargas;PARTIDO CENTRO DEMOCRATICO;7
ARCABUCO;Olga Niño Rojas;PARTIDO CENTRO DEMOCRATICO;7
ARCABUCO;Adriana Paola Laverde Rodriguez;MOVIMIENTO ALTERNATIVO INDIGENA Y SOCIAL MAIS;6
ARCABUCO;Ana Lucia Parra Monroy;PARTIDO SOCIAL DE UNIDAD NACIONAL  PARTIDO DE LA U;6
ARCABUCO;Jose Mauricio Buitrago Rivera;PARTIDO CAMBIO RADICAL;6
ARCABUCO;Katherin Tatiana Calderon Acosta;PARTIDO CENTRO DEMOCRATICO;6
ARCABUCO;Pedro Humberto Vargas Gomez;PARTIDO LIBERAL COLOMBIANO;6
ARCABUCO;Sergio Cabra Sierra;PARTIDO SOCIAL DE UNIDAD NACIONAL  PARTIDO DE LA U;6
ARCABUCO;Yury Neill Diaz Aranguren;MOVIMIENTO ALTERNATIVO INDIGENA Y SOCIAL MAIS;6
ARCABUCO;Boyaca Decente;BOYACA DECENTE;5
ARCABUCO;Claudia Yaneth Avila Castillo;PARTIDO SOCIAL DE UNIDAD NACIONAL  PARTIDO DE LA U;5
ARCABUCO;Helver Ariel Avila Panche;PARTIDO CENTRO DEMOCRATICO;5
ARCABUCO;Henry Goyeneche Hormaza;PARTIDO ALIANZA SOCIAL INDEPENDIENTE ASI;5
ARCABUCO;Hernando Arias Ochoa;PARTIDO ALIANZA SOCIAL INDEPENDIENTE ASI;5
ARCABUCO;John Fredy Lopez Mora;MOVIMIENTO ALTERNATIVO INDIGENA Y SOCIAL MAIS;5
ARCABUCO;Juddy Alexandra Jimenez Cuadros;PARTIDO SOCIAL DE UNIDAD NACIONAL  PARTIDO DE LA U;5
ARCABUCO;Mariev Bejarano Ospina;BOYACA DECENTE;5
ARCABUCO;Wilkins Fernando Chaparro Cuervo;PARTIDO ALIANZA SOCIAL INDEPENDIENTE ASI;5
ARCABUCO;Antonio Ernesto Leguizamo Diaz;PARTIDO LIBERAL COLOMBIANO;4
ARCABUCO;Edwin Alfonso Perez Beltran;PARTIDO ALIANZA SOCIAL INDEPENDIENTE ASI;4
ARCABUCO;Jairo Correa Acevedo;MOVIMIENTO ALTERNATIVO INDIGENA Y SOCIAL MAIS;4
ARCABUCO;Jorge Eduardo Diaz Avendaño;MOVIMIENTO ALTERNATIVO INDIGENA Y SOCIAL MAIS;4
ARCABUCO;Jorge Enrique Camacho Rodriguez;PARTIDO ALIANZA SOCIAL INDEPENDIENTE ASI;4
ARCABUCO;Jose Dario Mahecha Castillo;PARTIDO CONSERVADOR COLOMBIANO;4
ARCABUCO;Julieth Rocio Montañez Niño;PARTIDO ALIANZA SOCIAL INDEPENDIENTE ASI;4
ARCABUCO;Neddy Esther Sandoval Figueredo;PARTIDO LIBERAL COLOMBIANO;4
ARCABUCO;Uldarico Javier Ramirez Chilito;MOVIMIENTO ALTERNATIVO INDIGENA Y SOCIAL MAIS;4
ARCABUCO;William Rodolfo Mesa Avella;PARTIDO CENTRO DEMOCRATICO;4
ARCABUCO;Andres Mauricio Escarria Barraza;PARTIDO CAMBIO RADICAL;3
ARCABUCO;Aura Lucia Ortiz Cardona;PARTIDO CENTRO DEMOCRATICO;3
ARCABUCO;Carlos Alfredo Siza Blanco;PARTIDO CONSERVADOR COLOMBIANO;3
ARCABUCO;Carlos Ernesto Torres Aguirre;PARTIDO CONSERVADOR COLOMBIANO;3
ARCABUCO;Daniel Fernando Mejia Lozano;PARTIDO ALIANZA SOCIAL INDEPENDIENTE ASI;3
ARCABUCO;David Santiago Ochoa Garcia;PARTIDO SOCIAL DE UNIDAD NACIONAL  PARTIDO DE LA U;3
ARCABUCO;Estefany Johana Grajales Marin;MOVIMIENTO ALTERNATIVO INDIGENA Y SOCIAL MAIS;3
ARCABUCO;Fredy Julian Castro Rodriguez;PARTIDO CENTRO DEMOCRATICO;3
ARCABUCO;Giovanna Del Pilar Soto Barreto;PARTIDO CAMBIO RADICAL;3
ARCABUCO;Julian Guillermo Camargo Amortegui;MOVIMIENTO ALTERNATIVO INDIGENA Y SOCIAL MAIS;3
ARCABUCO;Maira Adriana Zerda Gonzalez;PARTIDO ALIANZA VERDE;3
ARCABUCO;Martha Ines Zipa Martinez;PARTIDO CAMBIO RADICAL;3
ARCABUCO;Andrea Carolina Camargo Caro;MOVIMIENTO ALTERNATIVO INDIGENA Y SOCIAL MAIS;2
ARCABUCO;Angela Rocio Umaña Rojas;PARTIDO CONSERVADOR COLOMBIANO;2
ARCABUCO;Carlos Eduardo Vega Alvarez;BOYACA DECENTE;2
ARCABUCO;David Santiago Diaz Guio;PARTIDO SOCIAL DE UNIDAD NACIONAL  PARTIDO DE LA U;2
ARCABUCO;Eliana Maria Villate Fonseca;PARTIDO CONSERVADOR COLOMBIANO;2
ARCABUCO;Erika Dayana Piragauta Rodriguez;PARTIDO LIBERAL COLOMBIANO;2
ARCABUCO;Irma Yineth Velandia Sandoval;PARTIDO CAMBIO RADICAL;2
ARCABUCO;Laura Patricia Contreras Alvarez;PARTIDO ALIANZA SOCIAL INDEPENDIENTE ASI;2
ARCABUCO;Luis Carlos Bernal Mesa;PARTIDO SOCIAL DE UNIDAD NACIONAL  PARTIDO DE LA U;2
ARCABUCO;Pablo Antonio Zambrano Salamanca;PARTIDO CONSERVADOR COLOMBIANO;2
ARCABUCO;Sandra Milena Ramirez Moreno;PARTIDO CAMBIO RADICAL;2
ARCABUCO;Sandra Patricia Ricaurte Espinel;PARTIDO CAMBIO RADICAL;2
ARCABUCO;Alba Luz Becerra Becerra;PARTIDO ALIANZA SOCIAL INDEPENDIENTE ASI;1
ARCABUCO;Ana Adela Pulido Cuadros;PARTIDO CONSERVADOR COLOMBIANO;1
ARCABUCO;Ana Delia Avendaño Hernandez;PARTIDO LIBERAL COLOMBIANO;1
ARCABUCO;Carmen Liria Prieto Cortes;BOYACA DECENTE;1
ARCABUCO;Cesar Augusto Mojica Bedoya;PARTIDO SOCIAL DE UNIDAD NACIONAL  PARTIDO DE LA U;1
ARCABUCO;Claudia Patricia Barrera Patiño;PARTIDO SOCIAL DE UNIDAD NACIONAL  PARTIDO DE LA U;1
ARCABUCO;David Alejandro Avila Cely;MOVIMIENTO ALTERNATIVO INDIGENA Y SOCIAL MAIS;1
ARCABUCO;Ericka Leonor Amador Gamarra;PARTIDO SOCIAL DE UNIDAD NACIONAL  PARTIDO DE LA U;1
ARCABUCO;Fredy Enrique Segura Alonso;BOYACA DECENTE;1
ARCABUCO;Jose Leonidas Medina Cruz;PARTIDO SOCIAL DE UNIDAD NACIONAL  PARTIDO DE LA U;1
ARCABUCO;Omar Humberto Villamil Munevar;PARTIDO CONSERVADOR COLOMBIANO;1
ARCABUCO;Sonia Esperanza Lopez Barrera;PARTIDO CONSERVADOR COLOMBIANO;1
ARCABUCO;Vivian Catherin Alvarez;PARTIDO ALIANZA SOCIAL INDEPENDIENTE ASI;1
ARCABUCO;William Chaparro Rodriguez;BOYACA DECENTE;1
ARCABUCO;Yadith Milena Martinez Farfan;PARTIDO CENTRO DEMOCRATICO;1
BELEN;Jose Wilmar Leal Abril;PARTIDO CAMBIO RADICAL;1375
BELEN;Fernando Alexander Serrato Fonseca;PARTIDO LIBERAL COLOMBIANO;325
BELEN;John Fredy Lopez Mora;MOVIMIENTO ALTERNATIVO INDIGENA Y SOCIAL MAIS;177
BELEN;Omar Fernando Valderrama Baez;PARTIDO CENTRO DEMOCRATICO;148
BELEN;Yury Neill Diaz Aranguren;MOVIMIENTO ALTERNATIVO INDIGENA Y SOCIAL MAIS;114
BELEN;Jorge Enrique Camacho Rodriguez;PARTIDO ALIANZA SOCIAL INDEPENDIENTE ASI;106
BELEN;Jairo Pacheco Suarez;PARTIDO LIBERAL COLOMBIANO;94
BELEN;Fabian Camilo Rojas Barrera;PARTIDO LIBERAL COLOMBIANO;87
BELEN;Luis Carlos Ochoa Pasachoa;PARTIDO ALIANZA VERDE;72
BELEN;Anderson Joaquin Sanchez Ruiz;PARTIDO LIBERAL COLOMBIANO;70
BELEN;Flor Elba Velandia Cely;PARTIDO ALIANZA SOCIAL INDEPENDIENTE ASI;66
BELEN;Fernando Augusto Diaz Saenz;PARTIDO CONSERVADOR COLOMBIANO;61
BELEN;Segundo Fidel Salazar Gonzalez;PARTIDO SOCIAL DE UNIDAD NACIONAL  PARTIDO DE LA U;61
BELEN;Partido Alianza Social Independiente Asi;PARTIDO ALIANZA SOCIAL INDEPENDIENTE ASI;54
BELEN;Partido Liberal Colombiano;PARTIDO LIBERAL COLOMBIANO;52
BELEN;Hugo Alveiro Rosas Romero;PARTIDO ALIANZA VERDE;47
BELEN;Nelson Mauricio Rodriguez Perez;PARTIDO CONSERVADOR COLOMBIANO;47
BELEN;Partido Colombia Justa Libres;PARTIDO COLOMBIA JUSTA LIBRES;46
BELEN;Jose Antonio Estupiñan Caceres;PARTIDO CONSERVADOR COLOMBIANO;44
BELEN;Wilton Fredy Castro Silva;PARTIDO ALIANZA VERDE;41
BELEN;Ivan Ricardo Pirachican Bernal;PARTIDO CONSERVADOR COLOMBIANO;40
BELEN;Angela Patricia Velandia Novoa;PARTIDO ALIANZA VERDE;39
BELEN;Ricardo Alonso Rojas Sachica;PARTIDO ALIANZA VERDE;38
BELEN;Partido Alianza Verde;PARTIDO ALIANZA VERDE;34
BELEN;Fredy Julian Castro Rodriguez;PARTIDO CENTRO DEMOCRATICO;31
BELEN;Gustavo Eduardo Castañeda Niño;PARTIDO ALIANZA VERDE;31
BELEN;Roman Hernando Ortega Hernandez;PARTIDO ALIANZA VERDE;31
BELEN;Cesar Augusto Mojica Bedoya;PARTIDO SOCIAL DE UNIDAD NACIONAL  PARTIDO DE LA U;28
BELEN;Luisa Fernanda Rodriguez Alfonso;PARTIDO ALIANZA VERDE;28
BELEN;Movimiento Alternativo Indigena Y Social Mais;MOVIMIENTO ALTERNATIVO INDIGENA Y SOCIAL MAIS;28
BELEN;Ricardo Andres Español Teatino;PARTIDO LIBERAL COLOMBIANO;28
BELEN;Jose Armando Quiñones Garzon;PARTIDO CENTRO DEMOCRATICO;27
BELEN;Alfredo Horacio Correa Higuera;PARTIDO CAMBIO RADICAL;26
BELEN;Hector Josue Camacho Acosta;PARTIDO CENTRO DEMOCRATICO;25
BELEN;Jose Dario Mahecha Castillo;PARTIDO CONSERVADOR COLOMBIANO;24
BELEN;William Rodolfo Mesa Avella;PARTIDO CENTRO DEMOCRATICO;24
BELEN;Jorge Eduardo Diaz Avendaño;MOVIMIENTO ALTERNATIVO INDIGENA Y SOCIAL MAIS;21
BELEN;Luis Carlos Bernal Mesa;PARTIDO SOCIAL DE UNIDAD NACIONAL  PARTIDO DE LA U;21
BELEN;Alberto Enrique Murillo Sanchez;PARTIDO CAMBIO RADICAL;20
BELEN;Alvaro Hernan Forero Hurtado;BOYACA DECENTE;19
BELEN;Hernando Arias Ochoa;PARTIDO ALIANZA SOCIAL INDEPENDIENTE ASI;19
BELEN;Maria De Los Santos Salamanca Silva;PARTIDO ALIANZA VERDE;19
BELEN;Elsa Marlen Manrique Pulgar;PARTIDO LIBERAL COLOMBIANO;18
BELEN;Partido Conservador Colombiano;PARTIDO CONSERVADOR COLOMBIANO;18
BELEN;Partido Centro Democratico;PARTIDO CENTRO DEMOCRATICO;17
BELEN;Sandra Milena Ramirez Moreno;PARTIDO CAMBIO RADICAL;17
BELEN;Wilder Ivan Suesca Ochoa;PARTIDO CENTRO DEMOCRATICO;17
BELEN;Eliana Hasleidy Gamez Pinilla;PARTIDO CAMBIO RADICAL;16
BELEN;Sonia Esperanza Lopez Barrera;PARTIDO CONSERVADOR COLOMBIANO;16
BELEN;Uldarico Javier Ramirez Chilito;MOVIMIENTO ALTERNATIVO INDIGENA Y SOCIAL MAIS;16
BELEN;Estefany Johana Grajales Marin;MOVIMIENTO ALTERNATIVO INDIGENA Y SOCIAL MAIS;15
BELEN;Ana Adela Pulido Cuadros;PARTIDO CONSERVADOR COLOMBIANO;14
BELEN;Oscar Leonardo Montañez Sierra;PARTIDO CAMBIO RADICAL;13
BELEN;Partido Cambio Radical;PARTIDO CAMBIO RADICAL;13
BELEN;Siervo Yesith Gonzalez Saavedra;PARTIDO CAMBIO RADICAL;13
BELEN;Carlos Eduardo Vega Alvarez;BOYACA DECENTE;12
BELEN;Johan Francisco Herrera Gualdron;PARTIDO ALIANZA VERDE;12
BELEN;Jose Mauricio Buitrago Rivera;PARTIDO CAMBIO RADICAL;12
BELEN;Juan Camilo Morales Rodriguez;PARTIDO LIBERAL COLOMBIANO;12
BELEN;Pablo Antonio Zambrano Salamanca;PARTIDO CONSERVADOR COLOMBIANO;12
BELEN;Wilkins Fernando Chaparro Cuervo;PARTIDO ALIANZA SOCIAL INDEPENDIENTE ASI;12
BELEN;Carlos Ernesto Torres Aguirre;PARTIDO CONSERVADOR COLOMBIANO;11
BELEN;Daniel Fernando Mejia Lozano;PARTIDO ALIANZA SOCIAL INDEPENDIENTE ASI;11
BELEN;Yamir Oswaldo Lopez Peña;PARTIDO ALIANZA VERDE;11
BELEN;Concha Jael Vargas Saavedra;PARTIDO CONSERVADOR COLOMBIANO;10
BELEN;Jorge Marin Jerez Amado;PARTIDO LIBERAL COLOMBIANO;10
BELEN;Alba Luz Becerra Becerra;PARTIDO ALIANZA SOCIAL INDEPENDIENTE ASI;9
BELEN;Giovanna Del Pilar Soto Barreto;PARTIDO CAMBIO RADICAL;9
BELEN;Maira Adriana Zerda Gonzalez;PARTIDO ALIANZA VERDE;9
BELEN;Manuel Ricardo Mesa Trujillo;PARTIDO SOCIAL DE UNIDAD NACIONAL  PARTIDO DE LA U;9
BELEN;Pedro Humberto Vargas Gomez;PARTIDO LIBERAL COLOMBIANO;9
BELEN;Pedro Pablo Salas Hernandez;PARTIDO ALIANZA VERDE;9
BELEN;Carlos Alfredo Siza Blanco;PARTIDO CONSERVADOR COLOMBIANO;8
BELEN;Henry Goyeneche Hormaza;PARTIDO ALIANZA SOCIAL INDEPENDIENTE ASI;8
BELEN;Jaime Andres Gomez Gomez;PARTIDO CONSERVADOR COLOMBIANO;8
BELEN;Jairo Correa Acevedo;MOVIMIENTO ALTERNATIVO INDIGENA Y SOCIAL MAIS;8
BELEN;Luz Dary Sevillano Guerrero;PARTIDO ALIANZA VERDE;8
BELEN;Edwin Alfonso Perez Beltran;PARTIDO ALIANZA SOCIAL INDEPENDIENTE ASI;7
BELEN;Julieth Rocio Montañez Niño;PARTIDO ALIANZA SOCIAL INDEPENDIENTE ASI;7
BELEN;Adriana Paola Laverde Rodriguez;MOVIMIENTO ALTERNATIVO INDIGENA Y SOCIAL MAIS;6
BELEN;Katherin Tatiana Calderon Acosta;PARTIDO CENTRO DEMOCRATICO;6
BELEN;Laura Patricia Contreras Alvarez;PARTIDO ALIANZA SOCIAL INDEPENDIENTE ASI;6
BELEN;Lizeth Paola Saade Fuentes;MOVIMIENTO ALTERNATIVO INDIGENA Y SOCIAL MAIS;6
BELEN;Luis Carlos Machado Zapata;PARTIDO LIBERAL COLOMBIANO;6
BELEN;Orlando Florez Cuervo;PARTIDO CENTRO DEMOCRATICO;6
BELEN;Andres Mauricio Escarria Barraza;PARTIDO CAMBIO RADICAL;5
BELEN;Armando Buitrago Acevedo;PARTIDO ALIANZA SOCIAL INDEPENDIENTE ASI;5
BELEN;Edwin Andres Rodriguez Rodriguez;PARTIDO LIBERAL COLOMBIANO;5
BELEN;Neddy Esther Sandoval Figueredo;PARTIDO LIBERAL COLOMBIANO;5
BELEN;Sandra Patricia Contreras Soto;PARTIDO LIBERAL COLOMBIANO;5
BELEN;Ana Delia Avendaño Hernandez;PARTIDO LIBERAL COLOMBIANO;4
BELEN;Antonio Ernesto Leguizamo Diaz;PARTIDO LIBERAL COLOMBIANO;4
BELEN;David Alejandro Avila Cely;MOVIMIENTO ALTERNATIVO INDIGENA Y SOCIAL MAIS;4
BELEN;Irma Yineth Velandia Sandoval;PARTIDO CAMBIO RADICAL;4
BELEN;Olga Niño Rojas;PARTIDO CENTRO DEMOCRATICO;4
BELEN;Sandra Patricia Ricaurte Espinel;PARTIDO CAMBIO RADICAL;4
BELEN;Andrea Carolina Camargo Caro;MOVIMIENTO ALTERNATIVO INDIGENA Y SOCIAL MAIS;3
BELEN;David Santiago Ochoa Garcia;PARTIDO SOCIAL DE UNIDAD NACIONAL  PARTIDO DE LA U;3
BELEN;Fredy Leonardo Rojas Vargas;PARTIDO CENTRO DEMOCRATICO;3
BELEN;Ingrid Marlen Sogamoso Alfonso;PARTIDO CENTRO DEMOCRATICO;3
BELEN;Jhonnatan Jairo Avellaneda Mesa;MOVIMIENTO ALTERNATIVO INDIGENA Y SOCIAL MAIS;3
BELEN;Jose Agustin Arias Millan;PARTIDO CENTRO DEMOCRATICO;3
BELEN;Juddy Alexandra Jimenez Cuadros;PARTIDO SOCIAL DE UNIDAD NACIONAL  PARTIDO DE LA U;3
BELEN;Martha Ines Zipa Martinez;PARTIDO CAMBIO RADICAL;3
BELEN;Nereo Baron Tellez;MOVIMIENTO ALTERNATIVO INDIGENA Y SOCIAL MAIS;3
BELEN;Omar Humberto Villamil Munevar;PARTIDO CONSERVADOR COLOMBIANO;3
BELEN;Partido Social De Unidad Nacional  Partido De La U;PARTIDO SOCIAL DE UNIDAD NACIONAL  PARTIDO DE LA U;3
BELEN;Ana Lucia Parra Monroy;PARTIDO SOCIAL DE UNIDAD NACIONAL  PARTIDO DE LA U;2
BELEN;Carlos Julian Diaz Franco;PARTIDO ALIANZA SOCIAL INDEPENDIENTE ASI;2
BELEN;Claudia Yaneth Avila Castillo;PARTIDO SOCIAL DE UNIDAD NACIONAL  PARTIDO DE LA U;2
BELEN;Edgar Antulio Gonzalez Trujillo;BOYACA DECENTE;2
BELEN;Eliana Maria Villate Fonseca;PARTIDO CONSERVADOR COLOMBIANO;2
BELEN;Ericka Leonor Amador Gamarra;PARTIDO SOCIAL DE UNIDAD NACIONAL  PARTIDO DE LA U;2
BELEN;Helver Ariel Avila Panche;PARTIDO CENTRO DEMOCRATICO;2
BELEN;Jhon Fredy Garavito Cortes;PARTIDO SOCIAL DE UNIDAD NACIONAL  PARTIDO DE LA U;2
BELEN;Jorge Ignacio Lopez Barrera;BOYACA DECENTE;2
BELEN;Mauricio Cadena Valero;PARTIDO CENTRO DEMOCRATICO;2
BELEN;Merardo Vargas Roa;PARTIDO ALIANZA VERDE;2
BELEN;Norman De Jesus Quintero Gallego;PARTIDO CONSERVADOR COLOMBIANO;2
BELEN;Vivian Catherin Alvarez;PARTIDO ALIANZA SOCIAL INDEPENDIENTE ASI;2
BELEN;Angela Magaly Garcia Rivera;MOVIMIENTO ALTERNATIVO INDIGENA Y SOCIAL MAIS;1
BELEN;Aura Lucia Ortiz Cardona;PARTIDO CENTRO DEMOCRATICO;1
BELEN;Boyaca Decente;BOYACA DECENTE;1
BELEN;Erika Dayana Piragauta Rodriguez;PARTIDO LIBERAL COLOMBIANO;1
BELEN;Jairo Enrique Cabana Fonseca;PARTIDO ALIANZA VERDE;1
BELEN;Maria Francia Blanco Pedroza;BOYACA DECENTE;1
BELEN;Sergio Cabra Sierra;PARTIDO SOCIAL DE UNIDAD NACIONAL  PARTIDO DE LA U;1
BELEN;Willian David Pabon Jimenez;PARTIDO SOCIAL DE UNIDAD NACIONAL  PARTIDO DE LA U;1
BERBEO;Merardo Vargas Roa;PARTIDO ALIANZA VERDE;560
BERBEO;Fabian Camilo Rojas Barrera;PARTIDO LIBERAL COLOMBIANO;346
BERBEO;Anderson Joaquin Sanchez Ruiz;PARTIDO LIBERAL COLOMBIANO;27
BERBEO;Ingrid Marlen Sogamoso Alfonso;PARTIDO CENTRO DEMOCRATICO;16
BERBEO;Partido Liberal Colombiano;PARTIDO LIBERAL COLOMBIANO;15
BERBEO;Partido Alianza Verde;PARTIDO ALIANZA VERDE;11
BERBEO;Angela Patricia Velandia Novoa;PARTIDO ALIANZA VERDE;10
BERBEO;Jairo Pacheco Suarez;PARTIDO LIBERAL COLOMBIANO;9
BERBEO;Johan Francisco Herrera Gualdron;PARTIDO ALIANZA VERDE;9
BERBEO;Gustavo Eduardo Castañeda Niño;PARTIDO ALIANZA VERDE;8
BERBEO;Jhonnatan Jairo Avellaneda Mesa;MOVIMIENTO ALTERNATIVO INDIGENA Y SOCIAL MAIS;7
BERBEO;Elsa Marlen Manrique Pulgar;PARTIDO LIBERAL COLOMBIANO;6
BERBEO;Ana Lucia Parra Monroy;PARTIDO SOCIAL DE UNIDAD NACIONAL  PARTIDO DE LA U;5
BERBEO;Sergio Cabra Sierra;PARTIDO SOCIAL DE UNIDAD NACIONAL  PARTIDO DE LA U;5
BERBEO;Armando Buitrago Acevedo;PARTIDO ALIANZA SOCIAL INDEPENDIENTE ASI;4
BERBEO;Juan Camilo Morales Rodriguez;PARTIDO LIBERAL COLOMBIANO;4
BERBEO;Alfredo Horacio Correa Higuera;PARTIDO CAMBIO RADICAL;3
BERBEO;Fernando Alexander Serrato Fonseca;PARTIDO LIBERAL COLOMBIANO;3
BERBEO;Hugo Alveiro Rosas Romero;PARTIDO ALIANZA VERDE;3
BERBEO;Luis Carlos Machado Zapata;PARTIDO LIBERAL COLOMBIANO;3
BERBEO;Sandra Milena Ramirez Moreno;PARTIDO CAMBIO RADICAL;3
BERBEO;Yamir Oswaldo Lopez Peña;PARTIDO ALIANZA VERDE;3
BERBEO;Erika Dayana Piragauta Rodriguez;PARTIDO LIBERAL COLOMBIANO;2
BERBEO;Luis Carlos Ochoa Pasachoa;PARTIDO ALIANZA VERDE;2
BERBEO;Maira Adriana Zerda Gonzalez;PARTIDO ALIANZA VERDE;2
BERBEO;Nelson Mauricio Rodriguez Perez;PARTIDO CONSERVADOR COLOMBIANO;2
BERBEO;Pedro Pablo Salas Hernandez;PARTIDO ALIANZA VERDE;2
BERBEO;Roman Hernando Ortega Hernandez;PARTIDO ALIANZA VERDE;2
BERBEO;Wilkins Fernando Chaparro Cuervo;PARTIDO ALIANZA SOCIAL INDEPENDIENTE ASI;2
BERBEO;Yury Neill Diaz Aranguren;MOVIMIENTO ALTERNATIVO INDIGENA Y SOCIAL MAIS;2
BERBEO;Antonio Ernesto Leguizamo Diaz;PARTIDO LIBERAL COLOMBIANO;1
BERBEO;David Alejandro Avila Cely;MOVIMIENTO ALTERNATIVO INDIGENA Y SOCIAL MAIS;1
BERBEO;Ericka Leonor Amador Gamarra;PARTIDO SOCIAL DE UNIDAD NACIONAL  PARTIDO DE LA U;1
BERBEO;Fernando Augusto Diaz Saenz;PARTIDO CONSERVADOR COLOMBIANO;1
BERBEO;Hector Josue Camacho Acosta;PARTIDO CENTRO DEMOCRATICO;1
BERBEO;Jose Agustin Arias Millan;PARTIDO CENTRO DEMOCRATICO;1
BERBEO;Jose Antonio Estupiñan Caceres;PARTIDO CONSERVADOR COLOMBIANO;1
BERBEO;Jose Armando Quiñones Garzon;PARTIDO CENTRO DEMOCRATICO;1
BERBEO;Lizeth Paola Saade Fuentes;MOVIMIENTO ALTERNATIVO INDIGENA Y SOCIAL MAIS;1
BERBEO;Luz Dary Sevillano Guerrero;PARTIDO ALIANZA VERDE;1
BERBEO;Maria De Los Santos Salamanca Silva;PARTIDO ALIANZA VERDE;1
BERBEO;Mauricio Cadena Valero;PARTIDO CENTRO DEMOCRATICO;1
BERBEO;Neddy Esther Sandoval Figueredo;PARTIDO LIBERAL COLOMBIANO;1
BERBEO;Olga Niño Rojas;PARTIDO CENTRO DEMOCRATICO;1
BERBEO;Omar Fernando Valderrama Baez;PARTIDO CENTRO DEMOCRATICO;1
BERBEO;Oscar Leonardo Montañez Sierra;PARTIDO CAMBIO RADICAL;1
BERBEO;Partido Centro Democratico;PARTIDO CENTRO DEMOCRATICO;1
BERBEO;Partido Social De Unidad Nacional  Partido De La U;PARTIDO SOCIAL DE UNIDAD NACIONAL  PARTIDO DE LA U;1
BERBEO;Ricardo Andres Español Teatino;PARTIDO LIBERAL COLOMBIANO;1
BERBEO;Segundo Fidel Salazar Gonzalez;PARTIDO SOCIAL DE UNIDAD NACIONAL  PARTIDO DE LA U;1
BERBEO;Uldarico Javier Ramirez Chilito;MOVIMIENTO ALTERNATIVO INDIGENA Y SOCIAL MAIS;1
BETEITIVA;Fernando Alexander Serrato Fonseca;PARTIDO LIBERAL COLOMBIANO;208
BETEITIVA;Yury Neill Diaz Aranguren;MOVIMIENTO ALTERNATIVO INDIGENA Y SOCIAL MAIS;174
BETEITIVA;Luis Carlos Ochoa Pasachoa;PARTIDO ALIANZA VERDE;90
BETEITIVA;William Rodolfo Mesa Avella;PARTIDO CENTRO DEMOCRATICO;56
BETEITIVA;Fernando Augusto Diaz Saenz;PARTIDO CONSERVADOR COLOMBIANO;50
BETEITIVA;Yamir Oswaldo Lopez Peña;PARTIDO ALIANZA VERDE;44
BETEITIVA;Hugo Alveiro Rosas Romero;PARTIDO ALIANZA VERDE;24
BETEITIVA;Hector Josue Camacho Acosta;PARTIDO CENTRO DEMOCRATICO;22
BETEITIVA;Jose Wilmar Leal Abril;PARTIDO CAMBIO RADICAL;22
BETEITIVA;Luisa Fernanda Rodriguez Alfonso;PARTIDO ALIANZA VERDE;22
BETEITIVA;Manuel Ricardo Mesa Trujillo;PARTIDO SOCIAL DE UNIDAD NACIONAL  PARTIDO DE LA U;22
BETEITIVA;Jairo Pacheco Suarez;PARTIDO LIBERAL COLOMBIANO;20
BETEITIVA;Wilton Fredy Castro Silva;PARTIDO ALIANZA VERDE;20
BETEITIVA;Angela Patricia Velandia Novoa;PARTIDO ALIANZA VERDE;19
BETEITIVA;Roman Hernando Ortega Hernandez;PARTIDO ALIANZA VERDE;19
BETEITIVA;Partido Liberal Colombiano;PARTIDO LIBERAL COLOMBIANO;16
BETEITIVA;Fabian Camilo Rojas Barrera;PARTIDO LIBERAL COLOMBIANO;15
BETEITIVA;Uldarico Javier Ramirez Chilito;MOVIMIENTO ALTERNATIVO INDIGENA Y SOCIAL MAIS;15
BETEITIVA;Partido Alianza Verde;PARTIDO ALIANZA VERDE;14
BETEITIVA;Anderson Joaquin Sanchez Ruiz;PARTIDO LIBERAL COLOMBIANO;13
BETEITIVA;Jorge Enrique Camacho Rodriguez;PARTIDO ALIANZA SOCIAL INDEPENDIENTE ASI;12
BETEITIVA;Movimiento Alternativo Indigena Y Social Mais;MOVIMIENTO ALTERNATIVO INDIGENA Y SOCIAL MAIS;12
BETEITIVA;Partido Conservador Colombiano;PARTIDO CONSERVADOR COLOMBIANO;12
BETEITIVA;Jaime Andres Gomez Gomez;PARTIDO CONSERVADOR COLOMBIANO;11
BETEITIVA;Jorge Eduardo Diaz Avendaño;MOVIMIENTO ALTERNATIVO INDIGENA Y SOCIAL MAIS;11
BETEITIVA;Jose Armando Quiñones Garzon;PARTIDO CENTRO DEMOCRATICO;11
BETEITIVA;Johan Francisco Herrera Gualdron;PARTIDO ALIANZA VERDE;10
BETEITIVA;Jorge Ignacio Lopez Barrera;BOYACA DECENTE;10
BETEITIVA;Luis Carlos Bernal Mesa;PARTIDO SOCIAL DE UNIDAD NACIONAL  PARTIDO DE LA U;10
BETEITIVA;Partido Cambio Radical;PARTIDO CAMBIO RADICAL;10
BETEITIVA;Jose Mauricio Buitrago Rivera;PARTIDO CAMBIO RADICAL;9
BETEITIVA;Sandra Patricia Contreras Soto;PARTIDO LIBERAL COLOMBIANO;9
BETEITIVA;Estefany Johana Grajales Marin;MOVIMIENTO ALTERNATIVO INDIGENA Y SOCIAL MAIS;8
BETEITIVA;Oscar Leonardo Montañez Sierra;PARTIDO CAMBIO RADICAL;8
BETEITIVA;Partido Centro Democratico;PARTIDO CENTRO DEMOCRATICO;8
BETEITIVA;Ricardo Alonso Rojas Sachica;PARTIDO ALIANZA VERDE;8
BETEITIVA;Wilkins Fernando Chaparro Cuervo;PARTIDO ALIANZA SOCIAL INDEPENDIENTE ASI;8
BETEITIVA;Carlos Eduardo Vega Alvarez;BOYACA DECENTE;7
BETEITIVA;Concha Jael Vargas Saavedra;PARTIDO CONSERVADOR COLOMBIANO;7
BETEITIVA;John Fredy Lopez Mora;MOVIMIENTO ALTERNATIVO INDIGENA Y SOCIAL MAIS;7
BETEITIVA;Maria De Los Santos Salamanca Silva;PARTIDO ALIANZA VERDE;7
BETEITIVA;Elsa Marlen Manrique Pulgar;PARTIDO LIBERAL COLOMBIANO;6
BETEITIVA;Fredy Leonardo Rojas Vargas;PARTIDO CENTRO DEMOCRATICO;6
BETEITIVA;Jose Dario Mahecha Castillo;PARTIDO CONSERVADOR COLOMBIANO;6
BETEITIVA;Pedro Pablo Salas Hernandez;PARTIDO ALIANZA VERDE;6
BETEITIVA;Alfredo Horacio Correa Higuera;PARTIDO CAMBIO RADICAL;5
BETEITIVA;Jose Antonio Estupiñan Caceres;PARTIDO CONSERVADOR COLOMBIANO;5
BETEITIVA;Luis Carlos Machado Zapata;PARTIDO LIBERAL COLOMBIANO;5
BETEITIVA;Sandra Milena Ramirez Moreno;PARTIDO CAMBIO RADICAL;5
BETEITIVA;Fredy Julian Castro Rodriguez;PARTIDO CENTRO DEMOCRATICO;4
BETEITIVA;Gustavo Eduardo Castañeda Niño;PARTIDO ALIANZA VERDE;4
BETEITIVA;Jairo Enrique Cabana Fonseca;PARTIDO ALIANZA VERDE;4
BETEITIVA;Martha Ines Zipa Martinez;PARTIDO CAMBIO RADICAL;4
BETEITIVA;Ricardo Andres Español Teatino;PARTIDO LIBERAL COLOMBIANO;4
BETEITIVA;Sergio Cabra Sierra;PARTIDO SOCIAL DE UNIDAD NACIONAL  PARTIDO DE LA U;4
BETEITIVA;Sonia Esperanza Lopez Barrera;PARTIDO CONSERVADOR COLOMBIANO;4
BETEITIVA;Willian David Pabon Jimenez;PARTIDO SOCIAL DE UNIDAD NACIONAL  PARTIDO DE LA U;4
BETEITIVA;Antonio Ernesto Leguizamo Diaz;PARTIDO LIBERAL COLOMBIANO;3
BETEITIVA;Cesar Augusto Mojica Bedoya;PARTIDO SOCIAL DE UNIDAD NACIONAL  PARTIDO DE LA U;3
BETEITIVA;David Alejandro Avila Cely;MOVIMIENTO ALTERNATIVO INDIGENA Y SOCIAL MAIS;3
BETEITIVA;Edwin Andres Rodriguez Rodriguez;PARTIDO LIBERAL COLOMBIANO;3
BETEITIVA;Flor Elba Velandia Cely;PARTIDO ALIANZA SOCIAL INDEPENDIENTE ASI;3
BETEITIVA;Ivan Ricardo Pirachican Bernal;PARTIDO CONSERVADOR COLOMBIANO;3
BETEITIVA;Jairo Correa Acevedo;MOVIMIENTO ALTERNATIVO INDIGENA Y SOCIAL MAIS;3
BETEITIVA;Jhon Fredy Garavito Cortes;PARTIDO SOCIAL DE UNIDAD NACIONAL  PARTIDO DE LA U;3
BETEITIVA;Julian Guillermo Camargo Amortegui;MOVIMIENTO ALTERNATIVO INDIGENA Y SOCIAL MAIS;3
BETEITIVA;Mariev Bejarano Ospina;BOYACA DECENTE;3
BETEITIVA;Pablo Antonio Zambrano Salamanca;PARTIDO CONSERVADOR COLOMBIANO;3
BETEITIVA;Partido Colombia Justa Libres;PARTIDO COLOMBIA JUSTA LIBRES;3
BETEITIVA;Adriana Paola Laverde Rodriguez;MOVIMIENTO ALTERNATIVO INDIGENA Y SOCIAL MAIS;2
BETEITIVA;Alberto Enrique Murillo Sanchez;PARTIDO CAMBIO RADICAL;2
BETEITIVA;Ana Lucia Parra Monroy;PARTIDO SOCIAL DE UNIDAD NACIONAL  PARTIDO DE LA U;2
BETEITIVA;Andrea Carolina Camargo Caro;MOVIMIENTO ALTERNATIVO INDIGENA Y SOCIAL MAIS;2
BETEITIVA;Armando Buitrago Acevedo;PARTIDO ALIANZA SOCIAL INDEPENDIENTE ASI;2
BETEITIVA;Carlos Alfredo Siza Blanco;PARTIDO CONSERVADOR COLOMBIANO;2
BETEITIVA;Carlos Ernesto Torres Aguirre;PARTIDO CONSERVADOR COLOMBIANO;2
BETEITIVA;Eliana Maria Villate Fonseca;PARTIDO CONSERVADOR COLOMBIANO;2
BETEITIVA;Irma Yineth Velandia Sandoval;PARTIDO CAMBIO RADICAL;2
BETEITIVA;Jose Agustin Arias Millan;PARTIDO CENTRO DEMOCRATICO;2
BETEITIVA;Juan Camilo Morales Rodriguez;PARTIDO LIBERAL COLOMBIANO;2
BETEITIVA;Juddy Alexandra Jimenez Cuadros;PARTIDO SOCIAL DE UNIDAD NACIONAL  PARTIDO DE LA U;2
BETEITIVA;Lizeth Paola Saade Fuentes;MOVIMIENTO ALTERNATIVO INDIGENA Y SOCIAL MAIS;2
BETEITIVA;Luz Dary Sevillano Guerrero;PARTIDO ALIANZA VERDE;2
BETEITIVA;Nelson Mauricio Rodriguez Perez;PARTIDO CONSERVADOR COLOMBIANO;2
BETEITIVA;Nereo Baron Tellez;MOVIMIENTO ALTERNATIVO INDIGENA Y SOCIAL MAIS;2
BETEITIVA;Olga Niño Rojas;PARTIDO CENTRO DEMOCRATICO;2
BETEITIVA;Omar Fernando Valderrama Baez;PARTIDO CENTRO DEMOCRATICO;2
BETEITIVA;Pedro Humberto Vargas Gomez;PARTIDO LIBERAL COLOMBIANO;2
BETEITIVA;Wilder Ivan Suesca Ochoa;PARTIDO CENTRO DEMOCRATICO;2
BETEITIVA;Alvaro Hernan Forero Hurtado;BOYACA DECENTE;1
BETEITIVA;Ana Adela Pulido Cuadros;PARTIDO CONSERVADOR COLOMBIANO;1
BETEITIVA;Ana Delia Avendaño Hernandez;PARTIDO LIBERAL COLOMBIANO;1
BETEITIVA;Andres Mauricio Escarria Barraza;PARTIDO CAMBIO RADICAL;1
BETEITIVA;Angela Magaly Garcia Rivera;MOVIMIENTO ALTERNATIVO INDIGENA Y SOCIAL MAIS;1
BETEITIVA;Angela Rocio Umaña Rojas;PARTIDO CONSERVADOR COLOMBIANO;1
BETEITIVA;Boyaca Decente;BOYACA DECENTE;1
BETEITIVA;Claudia Patricia Barrera Patiño;PARTIDO SOCIAL DE UNIDAD NACIONAL  PARTIDO DE LA U;1
BETEITIVA;Claudia Yaneth Avila Castillo;PARTIDO SOCIAL DE UNIDAD NACIONAL  PARTIDO DE LA U;1
BETEITIVA;David Santiago Ochoa Garcia;PARTIDO SOCIAL DE UNIDAD NACIONAL  PARTIDO DE LA U;1
BETEITIVA;Eliana Hasleidy Gamez Pinilla;PARTIDO CAMBIO RADICAL;1
BETEITIVA;Ericka Leonor Amador Gamarra;PARTIDO SOCIAL DE UNIDAD NACIONAL  PARTIDO DE LA U;1
BETEITIVA;Erika Dayana Piragauta Rodriguez;PARTIDO LIBERAL COLOMBIANO;1
BETEITIVA;Hernando Arias Ochoa;PARTIDO ALIANZA SOCIAL INDEPENDIENTE ASI;1
BETEITIVA;Ingrid Marlen Sogamoso Alfonso;PARTIDO CENTRO DEMOCRATICO;1
BETEITIVA;Katherin Tatiana Calderon Acosta;PARTIDO CENTRO DEMOCRATICO;1
BETEITIVA;Maira Adriana Zerda Gonzalez;PARTIDO ALIANZA VERDE;1
BETEITIVA;Mauricio Cadena Valero;PARTIDO CENTRO DEMOCRATICO;1
BETEITIVA;Merardo Vargas Roa;PARTIDO ALIANZA VERDE;1
BETEITIVA;Neddy Esther Sandoval Figueredo;PARTIDO LIBERAL COLOMBIANO;1
BETEITIVA;Norman De Jesus Quintero Gallego;PARTIDO CONSERVADOR COLOMBIANO;1
BETEITIVA;Orlando Florez Cuervo;PARTIDO CENTRO DEMOCRATICO;1
BETEITIVA;Partido Social De Unidad Nacional  Partido De La U;PARTIDO SOCIAL DE UNIDAD NACIONAL  PARTIDO DE LA U;1
BETEITIVA;Sandra Patricia Ricaurte Espinel;PARTIDO CAMBIO RADICAL;1
BETEITIVA;Yadith Milena Martinez Farfan;PARTIDO CENTRO DEMOCRATICO;1
BOAVITA;Angela Patricia Velandia Novoa;PARTIDO ALIANZA VERDE;716
BOAVITA;Jairo Correa Acevedo;MOVIMIENTO ALTERNATIVO INDIGENA Y SOCIAL MAIS;558
BOAVITA;Nelson Mauricio Rodriguez Perez;PARTIDO CONSERVADOR COLOMBIANO;196
BOAVITA;Luisa Fernanda Rodriguez Alfonso;PARTIDO ALIANZA VERDE;137
BOAVITA;Partido Alianza Verde;PARTIDO ALIANZA VERDE;132
BOAVITA;Yamir Oswaldo Lopez Peña;PARTIDO ALIANZA VERDE;71
BOAVITA;Omar Fernando Valderrama Baez;PARTIDO CENTRO DEMOCRATICO;54
BOAVITA;Partido Conservador Colombiano;PARTIDO CONSERVADOR COLOMBIANO;52
BOAVITA;Jose Antonio Estupiñan Caceres;PARTIDO CONSERVADOR COLOMBIANO;40
BOAVITA;Manuel Ricardo Mesa Trujillo;PARTIDO SOCIAL DE UNIDAD NACIONAL  PARTIDO DE LA U;35
BOAVITA;Luis Carlos Ochoa Pasachoa;PARTIDO ALIANZA VERDE;33
BOAVITA;Gustavo Eduardo Castañeda Niño;PARTIDO ALIANZA VERDE;28
BOAVITA;William Rodolfo Mesa Avella;PARTIDO CENTRO DEMOCRATICO;28
BOAVITA;Johan Francisco Herrera Gualdron;PARTIDO ALIANZA VERDE;25
BOAVITA;Oscar Leonardo Montañez Sierra;PARTIDO CAMBIO RADICAL;25
BOAVITA;Irma Yineth Velandia Sandoval;PARTIDO CAMBIO RADICAL;24
BOAVITA;Partido Cambio Radical;PARTIDO CAMBIO RADICAL;24
BOAVITA;Partido Centro Democratico;PARTIDO CENTRO DEMOCRATICO;24
BOAVITA;Ivan Ricardo Pirachican Bernal;PARTIDO CONSERVADOR COLOMBIANO;23
BOAVITA;Orlando Florez Cuervo;PARTIDO CENTRO DEMOCRATICO;22
BOAVITA;Fernando Augusto Diaz Saenz;PARTIDO CONSERVADOR COLOMBIANO;20
BOAVITA;Hector Josue Camacho Acosta;PARTIDO CENTRO DEMOCRATICO;20
BOAVITA;Pedro Pablo Salas Hernandez;PARTIDO ALIANZA VERDE;20
BOAVITA;Sonia Esperanza Lopez Barrera;PARTIDO CONSERVADOR COLOMBIANO;20
BOAVITA;Siervo Yesith Gonzalez Saavedra;PARTIDO CAMBIO RADICAL;18
BOAVITA;Hugo Alveiro Rosas Romero;PARTIDO ALIANZA VERDE;17
BOAVITA;Movimiento Alternativo Indigena Y Social Mais;MOVIMIENTO ALTERNATIVO INDIGENA Y SOCIAL MAIS;17
BOAVITA;Carlos Alfredo Siza Blanco;PARTIDO CONSERVADOR COLOMBIANO;16
BOAVITA;Merardo Vargas Roa;PARTIDO ALIANZA VERDE;16
BOAVITA;Anderson Joaquin Sanchez Ruiz;PARTIDO LIBERAL COLOMBIANO;15
BOAVITA;Maira Adriana Zerda Gonzalez;PARTIDO ALIANZA VERDE;14
BOAVITA;Jose Wilmar Leal Abril;PARTIDO CAMBIO RADICAL;13
BOAVITA;Maria De Los Santos Salamanca Silva;PARTIDO ALIANZA VERDE;13
BOAVITA;Daniel Fernando Mejia Lozano;PARTIDO ALIANZA SOCIAL INDEPENDIENTE ASI;12
BOAVITA;Ricardo Alonso Rojas Sachica;PARTIDO ALIANZA VERDE;11
BOAVITA;Jose Armando Quiñones Garzon;PARTIDO CENTRO DEMOCRATICO;10
BOAVITA;Ana Adela Pulido Cuadros;PARTIDO CONSERVADOR COLOMBIANO;9
BOAVITA;Fredy Julian Castro Rodriguez;PARTIDO CENTRO DEMOCRATICO;9
BOAVITA;Partido Colombia Justa Libres;PARTIDO COLOMBIA JUSTA LIBRES;9
BOAVITA;Partido Social De Unidad Nacional  Partido De La U;PARTIDO SOCIAL DE UNIDAD NACIONAL  PARTIDO DE LA U;9
BOAVITA;Concha Jael Vargas Saavedra;PARTIDO CONSERVADOR COLOMBIANO;8
BOAVITA;Roman Hernando Ortega Hernandez;PARTIDO ALIANZA VERDE;8
BOAVITA;Segundo Fidel Salazar Gonzalez;PARTIDO SOCIAL DE UNIDAD NACIONAL  PARTIDO DE LA U;8
BOAVITA;Alberto Enrique Murillo Sanchez;PARTIDO CAMBIO RADICAL;7
BOAVITA;Luz Dary Sevillano Guerrero;PARTIDO ALIANZA VERDE;7
BOAVITA;Carlos Ernesto Torres Aguirre;PARTIDO CONSERVADOR COLOMBIANO;6
BOAVITA;Giovanna Del Pilar Soto Barreto;PARTIDO CAMBIO RADICAL;6
BOAVITA;Jose Dario Mahecha Castillo;PARTIDO CONSERVADOR COLOMBIANO;6
BOAVITA;Nereo Baron Tellez;MOVIMIENTO ALTERNATIVO INDIGENA Y SOCIAL MAIS;6
BOAVITA;Yury Neill Diaz Aranguren;MOVIMIENTO ALTERNATIVO INDIGENA Y SOCIAL MAIS;6
BOAVITA;Cesar Augusto Mojica Bedoya;PARTIDO SOCIAL DE UNIDAD NACIONAL  PARTIDO DE LA U;5
BOAVITA;David Santiago Diaz Guio;PARTIDO SOCIAL DE UNIDAD NACIONAL  PARTIDO DE LA U;5
BOAVITA;Estefany Johana Grajales Marin;MOVIMIENTO ALTERNATIVO INDIGENA Y SOCIAL MAIS;5
BOAVITA;Jairo Enrique Cabana Fonseca;PARTIDO ALIANZA VERDE;5
BOAVITA;Jhon Fredy Garavito Cortes;PARTIDO SOCIAL DE UNIDAD NACIONAL  PARTIDO DE LA U;5
BOAVITA;John Fredy Lopez Mora;MOVIMIENTO ALTERNATIVO INDIGENA Y SOCIAL MAIS;5
BOAVITA;Yadith Milena Martinez Farfan;PARTIDO CENTRO DEMOCRATICO;5
BOAVITA;Alfredo Horacio Correa Higuera;PARTIDO CAMBIO RADICAL;4
BOAVITA;Andres Mauricio Escarria Barraza;PARTIDO CAMBIO RADICAL;4
BOAVITA;Aura Lucia Ortiz Cardona;PARTIDO CENTRO DEMOCRATICO;4
BOAVITA;Fabian Camilo Rojas Barrera;PARTIDO LIBERAL COLOMBIANO;4
BOAVITA;Fernando Alexander Serrato Fonseca;PARTIDO LIBERAL COLOMBIANO;4
BOAVITA;Ingrid Marlen Sogamoso Alfonso;PARTIDO CENTRO DEMOCRATICO;4
BOAVITA;Jaime Andres Gomez Gomez;PARTIDO CONSERVADOR COLOMBIANO;4
BOAVITA;Juan Camilo Morales Rodriguez;PARTIDO LIBERAL COLOMBIANO;4
BOAVITA;Julian Guillermo Camargo Amortegui;MOVIMIENTO ALTERNATIVO INDIGENA Y SOCIAL MAIS;4
BOAVITA;Omar Humberto Villamil Munevar;PARTIDO CONSERVADOR COLOMBIANO;4
BOAVITA;Wilton Fredy Castro Silva;PARTIDO ALIANZA VERDE;4
BOAVITA;Angela Rocio Umaña Rojas;PARTIDO CONSERVADOR COLOMBIANO;3
BOAVITA;Carlos Eduardo Vega Alvarez;BOYACA DECENTE;3
BOAVITA;Claudia Yaneth Avila Castillo;PARTIDO SOCIAL DE UNIDAD NACIONAL  PARTIDO DE LA U;3
BOAVITA;Edwin Alfonso Perez Beltran;PARTIDO ALIANZA SOCIAL INDEPENDIENTE ASI;3
BOAVITA;Eliana Maria Villate Fonseca;PARTIDO CONSERVADOR COLOMBIANO;3
BOAVITA;Flor Elba Velandia Cely;PARTIDO ALIANZA SOCIAL INDEPENDIENTE ASI;3
BOAVITA;Fredy Leonardo Rojas Vargas;PARTIDO CENTRO DEMOCRATICO;3
BOAVITA;Jorge Eduardo Diaz Avendaño;MOVIMIENTO ALTERNATIVO INDIGENA Y SOCIAL MAIS;3
BOAVITA;Lizeth Paola Saade Fuentes;MOVIMIENTO ALTERNATIVO INDIGENA Y SOCIAL MAIS;3
BOAVITA;Mauricio Cadena Valero;PARTIDO CENTRO DEMOCRATICO;3
BOAVITA;Nelsy Yolanda Rivera Ferrucho;BOYACA DECENTE;3
BOAVITA;Partido Alianza Social Independiente Asi;PARTIDO ALIANZA SOCIAL INDEPENDIENTE ASI;3
BOAVITA;Partido Liberal Colombiano;PARTIDO LIBERAL COLOMBIANO;3
BOAVITA;Pedro Humberto Vargas Gomez;PARTIDO LIBERAL COLOMBIANO;3
BOAVITA;Uldarico Javier Ramirez Chilito;MOVIMIENTO ALTERNATIVO INDIGENA Y SOCIAL MAIS;3
BOAVITA;Adriana Paola Laverde Rodriguez;MOVIMIENTO ALTERNATIVO INDIGENA Y SOCIAL MAIS;2
BOAVITA;Ana Lucia Parra Monroy;PARTIDO SOCIAL DE UNIDAD NACIONAL  PARTIDO DE LA U;2
BOAVITA;Antonio Ernesto Leguizamo Diaz;PARTIDO LIBERAL COLOMBIANO;2
BOAVITA;David Alejandro Avila Cely;MOVIMIENTO ALTERNATIVO INDIGENA Y SOCIAL MAIS;2
BOAVITA;Edgar Antulio Gonzalez Trujillo;BOYACA DECENTE;2
BOAVITA;Eliana Hasleidy Gamez Pinilla;PARTIDO CAMBIO RADICAL;2
BOAVITA;Jorge Enrique Camacho Rodriguez;PARTIDO ALIANZA SOCIAL INDEPENDIENTE ASI;2
BOAVITA;Norman De Jesus Quintero Gallego;PARTIDO CONSERVADOR COLOMBIANO;2
BOAVITA;Pablo Antonio Zambrano Salamanca;PARTIDO CONSERVADOR COLOMBIANO;2
BOAVITA;Sergio Cabra Sierra;PARTIDO SOCIAL DE UNIDAD NACIONAL  PARTIDO DE LA U;2
BOAVITA;Alba Luz Becerra Becerra;PARTIDO ALIANZA SOCIAL INDEPENDIENTE ASI;1
BOAVITA;Ana Delia Avendaño Hernandez;PARTIDO LIBERAL COLOMBIANO;1
BOAVITA;Angela Magaly Garcia Rivera;MOVIMIENTO ALTERNATIVO INDIGENA Y SOCIAL MAIS;1
BOAVITA;Boyaca Decente;BOYACA DECENTE;1
BOAVITA;Claudia Patricia Barrera Patiño;PARTIDO SOCIAL DE UNIDAD NACIONAL  PARTIDO DE LA U;1
BOAVITA;Edwin Andres Rodriguez Rodriguez;PARTIDO LIBERAL COLOMBIANO;1
BOAVITA;Elsa Marlen Manrique Pulgar;PARTIDO LIBERAL COLOMBIANO;1
BOAVITA;Ericka Leonor Amador Gamarra;PARTIDO SOCIAL DE UNIDAD NACIONAL  PARTIDO DE LA U;1
BOAVITA;Erika Dayana Piragauta Rodriguez;PARTIDO LIBERAL COLOMBIANO;1
BOAVITA;Jairo Pacheco Suarez;PARTIDO LIBERAL COLOMBIANO;1
BOAVITA;Jorge Marin Jerez Amado;PARTIDO LIBERAL COLOMBIANO;1
BOAVITA;Jose Leonidas Medina Cruz;PARTIDO SOCIAL DE UNIDAD NACIONAL  PARTIDO DE LA U;1
BOAVITA;Luis Carlos Machado Zapata;PARTIDO LIBERAL COLOMBIANO;1
BOAVITA;Maria Francia Blanco Pedroza;BOYACA DECENTE;1
BOAVITA;Olga Niño Rojas;PARTIDO CENTRO DEMOCRATICO;1
BOAVITA;Ricardo Andres Español Teatino;PARTIDO LIBERAL COLOMBIANO;1
BOAVITA;Sandra Patricia Contreras Soto;PARTIDO LIBERAL COLOMBIANO;1
BOAVITA;Sandra Patricia Ricaurte Espinel;PARTIDO CAMBIO RADICAL;1
BOAVITA;Willian David Pabon Jimenez;PARTIDO SOCIAL DE UNIDAD NACIONAL  PARTIDO DE LA U;1
BOYACA;Yamir Oswaldo Lopez Peña;PARTIDO ALIANZA VERDE;409
BOYACA;Omar Fernando Valderrama Baez;PARTIDO CENTRO DEMOCRATICO;391
BOYACA;Jairo Pacheco Suarez;PARTIDO LIBERAL COLOMBIANO;333
BOYACA;Hugo Alveiro Rosas Romero;PARTIDO ALIANZA VERDE;159
BOYACA;Hector Josue Camacho Acosta;PARTIDO CENTRO DEMOCRATICO;83
BOYACA;Partido Liberal Colombiano;PARTIDO LIBERAL COLOMBIANO;75
BOYACA;Wilder Ivan Suesca Ochoa;PARTIDO CENTRO DEMOCRATICO;70
BOYACA;Alberto Enrique Murillo Sanchez;PARTIDO CAMBIO RADICAL;62
BOYACA;Jose Antonio Estupiñan Caceres;PARTIDO CONSERVADOR COLOMBIANO;57
BOYACA;Angela Patricia Velandia Novoa;PARTIDO ALIANZA VERDE;49
BOYACA;David Santiago Ochoa Garcia;PARTIDO SOCIAL DE UNIDAD NACIONAL  PARTIDO DE LA U;43
BOYACA;Juan Camilo Morales Rodriguez;PARTIDO LIBERAL COLOMBIANO;42
BOYACA;Anderson Joaquin Sanchez Ruiz;PARTIDO LIBERAL COLOMBIANO;38
BOYACA;Mauricio Cadena Valero;PARTIDO CENTRO DEMOCRATICO;38
BOYACA;Partido Alianza Verde;PARTIDO ALIANZA VERDE;38
BOYACA;Jose Agustin Arias Millan;PARTIDO CENTRO DEMOCRATICO;37
BOYACA;Jose Armando Quiñones Garzon;PARTIDO CENTRO DEMOCRATICO;34
BOYACA;Fabian Camilo Rojas Barrera;PARTIDO LIBERAL COLOMBIANO;33
BOYACA;Partido Centro Democratico;PARTIDO CENTRO DEMOCRATICO;29
BOYACA;Fernando Alexander Serrato Fonseca;PARTIDO LIBERAL COLOMBIANO;28
BOYACA;Ivan Ricardo Pirachican Bernal;PARTIDO CONSERVADOR COLOMBIANO;26
BOYACA;Jairo Enrique Cabana Fonseca;PARTIDO ALIANZA VERDE;23
BOYACA;Oscar Leonardo Montañez Sierra;PARTIDO CAMBIO RADICAL;23
BOYACA;Partido Social De Unidad Nacional  Partido De La U;PARTIDO SOCIAL DE UNIDAD NACIONAL  PARTIDO DE LA U;23
BOYACA;Cesar Augusto Mojica Bedoya;PARTIDO SOCIAL DE UNIDAD NACIONAL  PARTIDO DE LA U;21
BOYACA;Gustavo Eduardo Castañeda Niño;PARTIDO ALIANZA VERDE;17
BOYACA;Partido Colombia Justa Libres;PARTIDO COLOMBIA JUSTA LIBRES;17
BOYACA;Merardo Vargas Roa;PARTIDO ALIANZA VERDE;16
BOYACA;Neddy Esther Sandoval Figueredo;PARTIDO LIBERAL COLOMBIANO;16
BOYACA;Jorge Marin Jerez Amado;PARTIDO LIBERAL COLOMBIANO;15
BOYACA;Luis Carlos Ochoa Pasachoa;PARTIDO ALIANZA VERDE;15
BOYACA;Ericka Leonor Amador Gamarra;PARTIDO SOCIAL DE UNIDAD NACIONAL  PARTIDO DE LA U;14
BOYACA;Siervo Yesith Gonzalez Saavedra;PARTIDO CAMBIO RADICAL;14
BOYACA;Luis Carlos Machado Zapata;PARTIDO LIBERAL COLOMBIANO;13
BOYACA;Movimiento Alternativo Indigena Y Social Mais;MOVIMIENTO ALTERNATIVO INDIGENA Y SOCIAL MAIS;13
BOYACA;Sandra Patricia Contreras Soto;PARTIDO LIBERAL COLOMBIANO;13
BOYACA;Willian David Pabon Jimenez;PARTIDO SOCIAL DE UNIDAD NACIONAL  PARTIDO DE LA U;12
BOYACA;Yury Neill Diaz Aranguren;MOVIMIENTO ALTERNATIVO INDIGENA Y SOCIAL MAIS;12
BOYACA;Eliana Hasleidy Gamez Pinilla;PARTIDO CAMBIO RADICAL;11
BOYACA;Sergio Cabra Sierra;PARTIDO SOCIAL DE UNIDAD NACIONAL  PARTIDO DE LA U;11
BOYACA;William Rodolfo Mesa Avella;PARTIDO CENTRO DEMOCRATICO;11
BOYACA;Johan Francisco Herrera Gualdron;PARTIDO ALIANZA VERDE;9
BOYACA;Luz Dary Sevillano Guerrero;PARTIDO ALIANZA VERDE;9
BOYACA;Ricardo Alonso Rojas Sachica;PARTIDO ALIANZA VERDE;9
BOYACA;Pedro Pablo Salas Hernandez;PARTIDO ALIANZA VERDE;8
BOYACA;Jhon Fredy Garavito Cortes;PARTIDO SOCIAL DE UNIDAD NACIONAL  PARTIDO DE LA U;7
BOYACA;Segundo Fidel Salazar Gonzalez;PARTIDO SOCIAL DE UNIDAD NACIONAL  PARTIDO DE LA U;7
BOYACA;Yadith Milena Martinez Farfan;PARTIDO CENTRO DEMOCRATICO;7
BOYACA;Ana Adela Pulido Cuadros;PARTIDO CONSERVADOR COLOMBIANO;6
BOYACA;Claudia Yaneth Avila Castillo;PARTIDO SOCIAL DE UNIDAD NACIONAL  PARTIDO DE LA U;6
BOYACA;Elsa Marlen Manrique Pulgar;PARTIDO LIBERAL COLOMBIANO;6
BOYACA;Ingrid Marlen Sogamoso Alfonso;PARTIDO CENTRO DEMOCRATICO;6
BOYACA;Luis Carlos Bernal Mesa;PARTIDO SOCIAL DE UNIDAD NACIONAL  PARTIDO DE LA U;6
BOYACA;Martha Ines Zipa Martinez;PARTIDO CAMBIO RADICAL;6
BOYACA;Olga Niño Rojas;PARTIDO CENTRO DEMOCRATICO;6
BOYACA;Pedro Humberto Vargas Gomez;PARTIDO LIBERAL COLOMBIANO;6
BOYACA;Ricardo Andres Español Teatino;PARTIDO LIBERAL COLOMBIANO;6
BOYACA;Adriana Paola Laverde Rodriguez;MOVIMIENTO ALTERNATIVO INDIGENA Y SOCIAL MAIS;5
BOYACA;Alfredo Horacio Correa Higuera;PARTIDO CAMBIO RADICAL;5
BOYACA;Estefany Johana Grajales Marin;MOVIMIENTO ALTERNATIVO INDIGENA Y SOCIAL MAIS;5
BOYACA;Juddy Alexandra Jimenez Cuadros;PARTIDO SOCIAL DE UNIDAD NACIONAL  PARTIDO DE LA U;5
BOYACA;Julieth Rocio Montañez Niño;PARTIDO ALIANZA SOCIAL INDEPENDIENTE ASI;5
BOYACA;Luisa Fernanda Rodriguez Alfonso;PARTIDO ALIANZA VERDE;5
BOYACA;Orlando Florez Cuervo;PARTIDO CENTRO DEMOCRATICO;5
BOYACA;Ana Lucia Parra Monroy;PARTIDO SOCIAL DE UNIDAD NACIONAL  PARTIDO DE LA U;4
BOYACA;Andres Mauricio Escarria Barraza;PARTIDO CAMBIO RADICAL;4
BOYACA;Concha Jael Vargas Saavedra;PARTIDO CONSERVADOR COLOMBIANO;4
BOYACA;Jose Mauricio Buitrago Rivera;PARTIDO CAMBIO RADICAL;4
BOYACA;Partido Cambio Radical;PARTIDO CAMBIO RADICAL;4
BOYACA;Partido Conservador Colombiano;PARTIDO CONSERVADOR COLOMBIANO;4
BOYACA;Wilton Fredy Castro Silva;PARTIDO ALIANZA VERDE;4
BOYACA;Alvaro Hernan Forero Hurtado;BOYACA DECENTE;3
BOYACA;David Santiago Diaz Guio;PARTIDO SOCIAL DE UNIDAD NACIONAL  PARTIDO DE LA U;3
BOYACA;Fredy Julian Castro Rodriguez;PARTIDO CENTRO DEMOCRATICO;3
BOYACA;Helver Ariel Avila Panche;PARTIDO CENTRO DEMOCRATICO;3
BOYACA;Irma Yineth Velandia Sandoval;PARTIDO CAMBIO RADICAL;3
BOYACA;Jhonnatan Jairo Avellaneda Mesa;MOVIMIENTO ALTERNATIVO INDIGENA Y SOCIAL MAIS;3
BOYACA;Jorge Eduardo Diaz Avendaño;MOVIMIENTO ALTERNATIVO INDIGENA Y SOCIAL MAIS;3
BOYACA;Jose Dario Mahecha Castillo;PARTIDO CONSERVADOR COLOMBIANO;3
BOYACA;Maira Adriana Zerda Gonzalez;PARTIDO ALIANZA VERDE;3
BOYACA;Nelson Mauricio Rodriguez Perez;PARTIDO CONSERVADOR COLOMBIANO;3
BOYACA;Ana Delia Avendaño Hernandez;PARTIDO LIBERAL COLOMBIANO;2
BOYACA;Andrea Carolina Camargo Caro;MOVIMIENTO ALTERNATIVO INDIGENA Y SOCIAL MAIS;2
BOYACA;Boyaca Decente;BOYACA DECENTE;2
BOYACA;Claudia Patricia Barrera Patiño;PARTIDO SOCIAL DE UNIDAD NACIONAL  PARTIDO DE LA U;2
BOYACA;Erika Dayana Piragauta Rodriguez;PARTIDO LIBERAL COLOMBIANO;2
BOYACA;Fernando Augusto Diaz Saenz;PARTIDO CONSERVADOR COLOMBIANO;2
BOYACA;Fredy Leonardo Rojas Vargas;PARTIDO CENTRO DEMOCRATICO;2
BOYACA;Giovanna Del Pilar Soto Barreto;PARTIDO CAMBIO RADICAL;2
BOYACA;Hernando Arias Ochoa;PARTIDO ALIANZA SOCIAL INDEPENDIENTE ASI;2
BOYACA;Julian Guillermo Camargo Amortegui;MOVIMIENTO ALTERNATIVO INDIGENA Y SOCIAL MAIS;2
BOYACA;Katherin Tatiana Calderon Acosta;PARTIDO CENTRO DEMOCRATICO;2
BOYACA;Laura Patricia Contreras Alvarez;PARTIDO ALIANZA SOCIAL INDEPENDIENTE ASI;2
BOYACA;Partido Alianza Social Independiente Asi;PARTIDO ALIANZA SOCIAL INDEPENDIENTE ASI;2
BOYACA;Roman Hernando Ortega Hernandez;PARTIDO ALIANZA VERDE;2
BOYACA;Sandra Milena Ramirez Moreno;PARTIDO CAMBIO RADICAL;2
BOYACA;Wilkins Fernando Chaparro Cuervo;PARTIDO ALIANZA SOCIAL INDEPENDIENTE ASI;2
BOYACA;Alba Luz Becerra Becerra;PARTIDO ALIANZA SOCIAL INDEPENDIENTE ASI;1
BOYACA;Angela Magaly Garcia Rivera;MOVIMIENTO ALTERNATIVO INDIGENA Y SOCIAL MAIS;1
BOYACA;Armando Buitrago Acevedo;PARTIDO ALIANZA SOCIAL INDEPENDIENTE ASI;1
BOYACA;Carlos Alfredo Siza Blanco;PARTIDO CONSERVADOR COLOMBIANO;1
BOYACA;Carmen Liria Prieto Cortes;BOYACA DECENTE;1
BOYACA;Daniel Fernando Mejia Lozano;PARTIDO ALIANZA SOCIAL INDEPENDIENTE ASI;1
BOYACA;David Alejandro Avila Cely;MOVIMIENTO ALTERNATIVO INDIGENA Y SOCIAL MAIS;1
BOYACA;Edwin Alfonso Perez Beltran;PARTIDO ALIANZA SOCIAL INDEPENDIENTE ASI;1
BOYACA;Eliana Maria Villate Fonseca;PARTIDO CONSERVADOR COLOMBIANO;1
BOYACA;Fredy Enrique Segura Alonso;BOYACA DECENTE;1
BOYACA;Henry Goyeneche Hormaza;PARTIDO ALIANZA SOCIAL INDEPENDIENTE ASI;1
BOYACA;Jaime Andres Gomez Gomez;PARTIDO CONSERVADOR COLOMBIANO;1
BOYACA;Jose Leonidas Medina Cruz;PARTIDO SOCIAL DE UNIDAD NACIONAL  PARTIDO DE LA U;1
BOYACA;Jose Wilmar Leal Abril;PARTIDO CAMBIO RADICAL;1
BOYACA;Nereo Baron Tellez;MOVIMIENTO ALTERNATIVO INDIGENA Y SOCIAL MAIS;1
BOYACA;Uldarico Javier Ramirez Chilito;MOVIMIENTO ALTERNATIVO INDIGENA Y SOCIAL MAIS;1
BRICEÑO;Jose Dario Mahecha Castillo;PARTIDO CONSERVADOR COLOMBIANO;234
BRICEÑO;Yamir Oswaldo Lopez Peña;PARTIDO ALIANZA VERDE;202
BRICEÑO;Jose Armando Quiñones Garzon;PARTIDO CENTRO DEMOCRATICO;152
BRICEÑO;Omar Humberto Villamil Munevar;PARTIDO CONSERVADOR COLOMBIANO;101
BRICEÑO;Partido Alianza Verde;PARTIDO ALIANZA VERDE;70
BRICEÑO;Fernando Alexander Serrato Fonseca;PARTIDO LIBERAL COLOMBIANO;59
BRICEÑO;Partido Centro Democratico;PARTIDO CENTRO DEMOCRATICO;30
BRICEÑO;Partido Conservador Colombiano;PARTIDO CONSERVADOR COLOMBIANO;27
BRICEÑO;Angela Patricia Velandia Novoa;PARTIDO ALIANZA VERDE;25
BRICEÑO;Manuel Ricardo Mesa Trujillo;PARTIDO SOCIAL DE UNIDAD NACIONAL  PARTIDO DE LA U;25
BRICEÑO;Jose Antonio Estupiñan Caceres;PARTIDO CONSERVADOR COLOMBIANO;22
BRICEÑO;Concha Jael Vargas Saavedra;PARTIDO CONSERVADOR COLOMBIANO;20
BRICEÑO;Ana Adela Pulido Cuadros;PARTIDO CONSERVADOR COLOMBIANO;18
BRICEÑO;Pedro Pablo Salas Hernandez;PARTIDO ALIANZA VERDE;18
BRICEÑO;Partido Cambio Radical;PARTIDO CAMBIO RADICAL;17
BRICEÑO;Gustavo Eduardo Castañeda Niño;PARTIDO ALIANZA VERDE;16
BRICEÑO;Ivan Ricardo Pirachican Bernal;PARTIDO CONSERVADOR COLOMBIANO;16
BRICEÑO;Hector Josue Camacho Acosta;PARTIDO CENTRO DEMOCRATICO;14
BRICEÑO;Johan Francisco Herrera Gualdron;PARTIDO ALIANZA VERDE;14
BRICEÑO;Oscar Leonardo Montañez Sierra;PARTIDO CAMBIO RADICAL;13
BRICEÑO;Partido Colombia Justa Libres;PARTIDO COLOMBIA JUSTA LIBRES;12
BRICEÑO;Omar Fernando Valderrama Baez;PARTIDO CENTRO DEMOCRATICO;11
BRICEÑO;William Rodolfo Mesa Avella;PARTIDO CENTRO DEMOCRATICO;11
BRICEÑO;Armando Buitrago Acevedo;PARTIDO ALIANZA SOCIAL INDEPENDIENTE ASI;10
BRICEÑO;Alfredo Horacio Correa Higuera;PARTIDO CAMBIO RADICAL;9
BRICEÑO;Ingrid Marlen Sogamoso Alfonso;PARTIDO CENTRO DEMOCRATICO;9
BRICEÑO;Hugo Alveiro Rosas Romero;PARTIDO ALIANZA VERDE;8
BRICEÑO;Jairo Enrique Cabana Fonseca;PARTIDO ALIANZA VERDE;8
BRICEÑO;Luis Carlos Ochoa Pasachoa;PARTIDO ALIANZA VERDE;7
BRICEÑO;Roman Hernando Ortega Hernandez;PARTIDO ALIANZA VERDE;6
BRICEÑO;Edwin Alfonso Perez Beltran;PARTIDO ALIANZA SOCIAL INDEPENDIENTE ASI;5
BRICEÑO;Eliana Hasleidy Gamez Pinilla;PARTIDO CAMBIO RADICAL;5
BRICEÑO;Fredy Julian Castro Rodriguez;PARTIDO CENTRO DEMOCRATICO;5
BRICEÑO;Luz Dary Sevillano Guerrero;PARTIDO ALIANZA VERDE;5
BRICEÑO;Nelson Mauricio Rodriguez Perez;PARTIDO CONSERVADOR COLOMBIANO;5
BRICEÑO;Andres Mauricio Escarria Barraza;PARTIDO CAMBIO RADICAL;4
BRICEÑO;Carlos Alfredo Siza Blanco;PARTIDO CONSERVADOR COLOMBIANO;4
BRICEÑO;Carlos Ernesto Torres Aguirre;PARTIDO CONSERVADOR COLOMBIANO;4
BRICEÑO;David Santiago Diaz Guio;PARTIDO SOCIAL DE UNIDAD NACIONAL  PARTIDO DE LA U;4
BRICEÑO;Flor Elba Velandia Cely;PARTIDO ALIANZA SOCIAL INDEPENDIENTE ASI;4
BRICEÑO;Jhon Fredy Garavito Cortes;PARTIDO SOCIAL DE UNIDAD NACIONAL  PARTIDO DE LA U;4
BRICEÑO;Maria De Los Santos Salamanca Silva;PARTIDO ALIANZA VERDE;4
BRICEÑO;Partido Alianza Social Independiente Asi;PARTIDO ALIANZA SOCIAL INDEPENDIENTE ASI;4
BRICEÑO;Alberto Enrique Murillo Sanchez;PARTIDO CAMBIO RADICAL;3
BRICEÑO;Anderson Joaquin Sanchez Ruiz;PARTIDO LIBERAL COLOMBIANO;3
BRICEÑO;Angela Rocio Umaña Rojas;PARTIDO CONSERVADOR COLOMBIANO;3
BRICEÑO;Elsa Marlen Manrique Pulgar;PARTIDO LIBERAL COLOMBIANO;3
BRICEÑO;Jairo Pacheco Suarez;PARTIDO LIBERAL COLOMBIANO;3
BRICEÑO;Jorge Enrique Camacho Rodriguez;PARTIDO ALIANZA SOCIAL INDEPENDIENTE ASI;3
BRICEÑO;Jose Mauricio Buitrago Rivera;PARTIDO CAMBIO RADICAL;3
BRICEÑO;Jose Wilmar Leal Abril;PARTIDO CAMBIO RADICAL;3
BRICEÑO;Merardo Vargas Roa;PARTIDO ALIANZA VERDE;3
BRICEÑO;Olga Niño Rojas;PARTIDO CENTRO DEMOCRATICO;3
BRICEÑO;Partido Liberal Colombiano;PARTIDO LIBERAL COLOMBIANO;3
BRICEÑO;Partido Social De Unidad Nacional  Partido De La U;PARTIDO SOCIAL DE UNIDAD NACIONAL  PARTIDO DE LA U;3
BRICEÑO;Ricardo Alonso Rojas Sachica;PARTIDO ALIANZA VERDE;3
BRICEÑO;Sandra Patricia Ricaurte Espinel;PARTIDO CAMBIO RADICAL;3
BRICEÑO;Siervo Yesith Gonzalez Saavedra;PARTIDO CAMBIO RADICAL;3
BRICEÑO;Sonia Esperanza Lopez Barrera;PARTIDO CONSERVADOR COLOMBIANO;3
BRICEÑO;Wilton Fredy Castro Silva;PARTIDO ALIANZA VERDE;3
BRICEÑO;Ana Delia Avendaño Hernandez;PARTIDO LIBERAL COLOMBIANO;2
BRICEÑO;Antonio Ernesto Leguizamo Diaz;PARTIDO LIBERAL COLOMBIANO;2
BRICEÑO;Carlos Julian Diaz Franco;PARTIDO ALIANZA SOCIAL INDEPENDIENTE ASI;2
BRICEÑO;Daniel Fernando Mejia Lozano;PARTIDO ALIANZA SOCIAL INDEPENDIENTE ASI;2
BRICEÑO;Fredy Leonardo Rojas Vargas;PARTIDO CENTRO DEMOCRATICO;2
BRICEÑO;Hernando Arias Ochoa;PARTIDO ALIANZA SOCIAL INDEPENDIENTE ASI;2
BRICEÑO;Kiliam Ernesto Gonzalez Forero;BOYACA DECENTE;2
BRICEÑO;Martha Ines Zipa Martinez;PARTIDO CAMBIO RADICAL;2
BRICEÑO;Movimiento Alternativo Indigena Y Social Mais;MOVIMIENTO ALTERNATIVO INDIGENA Y SOCIAL MAIS;2
BRICEÑO;Nereo Baron Tellez;MOVIMIENTO ALTERNATIVO INDIGENA Y SOCIAL MAIS;2
BRICEÑO;Norman De Jesus Quintero Gallego;PARTIDO CONSERVADOR COLOMBIANO;2
BRICEÑO;Sandra Patricia Contreras Soto;PARTIDO LIBERAL COLOMBIANO;2
BRICEÑO;Uldarico Javier Ramirez Chilito;MOVIMIENTO ALTERNATIVO INDIGENA Y SOCIAL MAIS;2
BRICEÑO;Yury Neill Diaz Aranguren;MOVIMIENTO ALTERNATIVO INDIGENA Y SOCIAL MAIS;2
BRICEÑO;Alvaro Hernan Forero Hurtado;BOYACA DECENTE;1
BRICEÑO;Boyaca Decente;BOYACA DECENTE;1
BRICEÑO;David Santiago Ochoa Garcia;PARTIDO SOCIAL DE UNIDAD NACIONAL  PARTIDO DE LA U;1
BRICEÑO;Edwin Andres Rodriguez Rodriguez;PARTIDO LIBERAL COLOMBIANO;1
BRICEÑO;Eliana Maria Villate Fonseca;PARTIDO CONSERVADOR COLOMBIANO;1
BRICEÑO;Estefany Johana Grajales Marin;MOVIMIENTO ALTERNATIVO INDIGENA Y SOCIAL MAIS;1
BRICEÑO;Fabian Camilo Rojas Barrera;PARTIDO LIBERAL COLOMBIANO;1
BRICEÑO;Jaime Andres Gomez Gomez;PARTIDO CONSERVADOR COLOMBIANO;1
BRICEÑO;Jairo Correa Acevedo;MOVIMIENTO ALTERNATIVO INDIGENA Y SOCIAL MAIS;1
BRICEÑO;John Fredy Lopez Mora;MOVIMIENTO ALTERNATIVO INDIGENA Y SOCIAL MAIS;1
BRICEÑO;Jorge Eduardo Diaz Avendaño;MOVIMIENTO ALTERNATIVO INDIGENA Y SOCIAL MAIS;1
BRICEÑO;Jorge Ignacio Lopez Barrera;BOYACA DECENTE;1
BRICEÑO;Jose Agustin Arias Millan;PARTIDO CENTRO DEMOCRATICO;1
BRICEÑO;Juan Camilo Morales Rodriguez;PARTIDO LIBERAL COLOMBIANO;1
BRICEÑO;Katherin Tatiana Calderon Acosta;PARTIDO CENTRO DEMOCRATICO;1
BRICEÑO;Luis Carlos Machado Zapata;PARTIDO LIBERAL COLOMBIANO;1
BRICEÑO;Luisa Fernanda Rodriguez Alfonso;PARTIDO ALIANZA VERDE;1
BRICEÑO;Maira Adriana Zerda Gonzalez;PARTIDO ALIANZA VERDE;1
BRICEÑO;Maria Francia Blanco Pedroza;BOYACA DECENTE;1
BRICEÑO;Mauricio Cadena Valero;PARTIDO CENTRO DEMOCRATICO;1
BRICEÑO;Orlando Florez Cuervo;PARTIDO CENTRO DEMOCRATICO;1
BRICEÑO;Pablo Antonio Zambrano Salamanca;PARTIDO CONSERVADOR COLOMBIANO;1
BRICEÑO;Sandra Milena Ramirez Moreno;PARTIDO CAMBIO RADICAL;1
BRICEÑO;Vivian Catherin Alvarez;PARTIDO ALIANZA SOCIAL INDEPENDIENTE ASI;1
BRICEÑO;Wilder Ivan Suesca Ochoa;PARTIDO CENTRO DEMOCRATICO;1
BRICEÑO;Wilkins Fernando Chaparro Cuervo;PARTIDO ALIANZA SOCIAL INDEPENDIENTE ASI;1
BRICEÑO;Willian David Pabon Jimenez;PARTIDO SOCIAL DE UNIDAD NACIONAL  PARTIDO DE LA U;1
BRICEÑO;Yadith Milena Martinez Farfan;PARTIDO CENTRO DEMOCRATICO;1
BUENAVISTA;Jose Armando Quiñones Garzon;PARTIDO CENTRO DEMOCRATICO;813
BUENAVISTA;Jose Dario Mahecha Castillo;PARTIDO CONSERVADOR COLOMBIANO;471
BUENAVISTA;Yamir Oswaldo Lopez Peña;PARTIDO ALIANZA VERDE;195
BUENAVISTA;Oscar Leonardo Montañez Sierra;PARTIDO CAMBIO RADICAL;124
BUENAVISTA;Hector Josue Camacho Acosta;PARTIDO CENTRO DEMOCRATICO;96
BUENAVISTA;Jairo Pacheco Suarez;PARTIDO LIBERAL COLOMBIANO;71
BUENAVISTA;Willian David Pabon Jimenez;PARTIDO SOCIAL DE UNIDAD NACIONAL  PARTIDO DE LA U;61
BUENAVISTA;Partido Centro Democratico;PARTIDO CENTRO DEMOCRATICO;60
BUENAVISTA;Omar Humberto Villamil Munevar;PARTIDO CONSERVADOR COLOMBIANO;56
BUENAVISTA;Antonio Ernesto Leguizamo Diaz;PARTIDO LIBERAL COLOMBIANO;55
BUENAVISTA;Partido Alianza Verde;PARTIDO ALIANZA VERDE;50
BUENAVISTA;Partido Cambio Radical;PARTIDO CAMBIO RADICAL;45
BUENAVISTA;William Rodolfo Mesa Avella;PARTIDO CENTRO DEMOCRATICO;45
BUENAVISTA;Partido Conservador Colombiano;PARTIDO CONSERVADOR COLOMBIANO;40
BUENAVISTA;Partido Liberal Colombiano;PARTIDO LIBERAL COLOMBIANO;37
BUENAVISTA;Partido Colombia Justa Libres;PARTIDO COLOMBIA JUSTA LIBRES;36
BUENAVISTA;Concha Jael Vargas Saavedra;PARTIDO CONSERVADOR COLOMBIANO;35
BUENAVISTA;Jhon Fredy Garavito Cortes;PARTIDO SOCIAL DE UNIDAD NACIONAL  PARTIDO DE LA U;34
BUENAVISTA;Partido Social De Unidad Nacional  Partido De La U;PARTIDO SOCIAL DE UNIDAD NACIONAL  PARTIDO DE LA U;30
BUENAVISTA;Pedro Pablo Salas Hernandez;PARTIDO ALIANZA VERDE;28
BUENAVISTA;Gustavo Eduardo Castañeda Niño;PARTIDO ALIANZA VERDE;22
BUENAVISTA;Jairo Enrique Cabana Fonseca;PARTIDO ALIANZA VERDE;22
BUENAVISTA;Juan Camilo Morales Rodriguez;PARTIDO LIBERAL COLOMBIANO;22
BUENAVISTA;Ingrid Marlen Sogamoso Alfonso;PARTIDO CENTRO DEMOCRATICO;20
BUENAVISTA;Fredy Julian Castro Rodriguez;PARTIDO CENTRO DEMOCRATICO;16
BUENAVISTA;Ivan Ricardo Pirachican Bernal;PARTIDO CONSERVADOR COLOMBIANO;16
BUENAVISTA;Ricardo Alonso Rojas Sachica;PARTIDO ALIANZA VERDE;15
BUENAVISTA;Jose Mauricio Buitrago Rivera;PARTIDO CAMBIO RADICAL;14
BUENAVISTA;Alberto Enrique Murillo Sanchez;PARTIDO CAMBIO RADICAL;10
BUENAVISTA;Hernando Arias Ochoa;PARTIDO ALIANZA SOCIAL INDEPENDIENTE ASI;10
BUENAVISTA;Alfredo Horacio Correa Higuera;PARTIDO CAMBIO RADICAL;9
BUENAVISTA;Angela Rocio Umaña Rojas;PARTIDO CONSERVADOR COLOMBIANO;9
BUENAVISTA;Luis Carlos Machado Zapata;PARTIDO LIBERAL COLOMBIANO;8
BUENAVISTA;Luz Dary Sevillano Guerrero;PARTIDO ALIANZA VERDE;8
BUENAVISTA;Olga Niño Rojas;PARTIDO CENTRO DEMOCRATICO;8
BUENAVISTA;Siervo Yesith Gonzalez Saavedra;PARTIDO CAMBIO RADICAL;8
BUENAVISTA;Wilder Ivan Suesca Ochoa;PARTIDO CENTRO DEMOCRATICO;8
BUENAVISTA;Armando Buitrago Acevedo;PARTIDO ALIANZA SOCIAL INDEPENDIENTE ASI;7
BUENAVISTA;Fernando Alexander Serrato Fonseca;PARTIDO LIBERAL COLOMBIANO;7
BUENAVISTA;Sandra Patricia Contreras Soto;PARTIDO LIBERAL COLOMBIANO;7
BUENAVISTA;Ana Adela Pulido Cuadros;PARTIDO CONSERVADOR COLOMBIANO;6
BUENAVISTA;Carlos Alfredo Siza Blanco;PARTIDO CONSERVADOR COLOMBIANO;6
BUENAVISTA;Cesar Augusto Mojica Bedoya;PARTIDO SOCIAL DE UNIDAD NACIONAL  PARTIDO DE LA U;6
BUENAVISTA;Fernando Augusto Diaz Saenz;PARTIDO CONSERVADOR COLOMBIANO;6
BUENAVISTA;Yadith Milena Martinez Farfan;PARTIDO CENTRO DEMOCRATICO;6
BUENAVISTA;Anderson Joaquin Sanchez Ruiz;PARTIDO LIBERAL COLOMBIANO;5
BUENAVISTA;Angela Patricia Velandia Novoa;PARTIDO ALIANZA VERDE;5
BUENAVISTA;Elsa Marlen Manrique Pulgar;PARTIDO LIBERAL COLOMBIANO;5
BUENAVISTA;Fabian Camilo Rojas Barrera;PARTIDO LIBERAL COLOMBIANO;5
BUENAVISTA;Johan Francisco Herrera Gualdron;PARTIDO ALIANZA VERDE;5
BUENAVISTA;Jose Agustin Arias Millan;PARTIDO CENTRO DEMOCRATICO;5
BUENAVISTA;Luis Carlos Ochoa Pasachoa;PARTIDO ALIANZA VERDE;5
BUENAVISTA;Manuel Ricardo Mesa Trujillo;PARTIDO SOCIAL DE UNIDAD NACIONAL  PARTIDO DE LA U;5
BUENAVISTA;Roman Hernando Ortega Hernandez;PARTIDO ALIANZA VERDE;5
BUENAVISTA;Claudia Yaneth Avila Castillo;PARTIDO SOCIAL DE UNIDAD NACIONAL  PARTIDO DE LA U;4
BUENAVISTA;Eliana Hasleidy Gamez Pinilla;PARTIDO CAMBIO RADICAL;4
BUENAVISTA;Jorge Marin Jerez Amado;PARTIDO LIBERAL COLOMBIANO;4
BUENAVISTA;Luisa Fernanda Rodriguez Alfonso;PARTIDO ALIANZA VERDE;4
BUENAVISTA;Maria De Los Santos Salamanca Silva;PARTIDO ALIANZA VERDE;4
BUENAVISTA;Mariev Bejarano Ospina;BOYACA DECENTE;4
BUENAVISTA;Mauricio Cadena Valero;PARTIDO CENTRO DEMOCRATICO;4
BUENAVISTA;Movimiento Alternativo Indigena Y Social Mais;MOVIMIENTO ALTERNATIVO INDIGENA Y SOCIAL MAIS;4
BUENAVISTA;Omar Fernando Valderrama Baez;PARTIDO CENTRO DEMOCRATICO;4
BUENAVISTA;Yury Neill Diaz Aranguren;MOVIMIENTO ALTERNATIVO INDIGENA Y SOCIAL MAIS;4
BUENAVISTA;Alvaro Hernan Forero Hurtado;BOYACA DECENTE;3
BUENAVISTA;Andres Mauricio Escarria Barraza;PARTIDO CAMBIO RADICAL;3
BUENAVISTA;Aura Lucia Ortiz Cardona;PARTIDO CENTRO DEMOCRATICO;3
BUENAVISTA;David Santiago Ochoa Garcia;PARTIDO SOCIAL DE UNIDAD NACIONAL  PARTIDO DE LA U;3
BUENAVISTA;Ericka Leonor Amador Gamarra;PARTIDO SOCIAL DE UNIDAD NACIONAL  PARTIDO DE LA U;3
BUENAVISTA;Fredy Leonardo Rojas Vargas;PARTIDO CENTRO DEMOCRATICO;3
BUENAVISTA;Hugo Alveiro Rosas Romero;PARTIDO ALIANZA VERDE;3
BUENAVISTA;Neddy Esther Sandoval Figueredo;PARTIDO LIBERAL COLOMBIANO;3
BUENAVISTA;Norman De Jesus Quintero Gallego;PARTIDO CONSERVADOR COLOMBIANO;3
BUENAVISTA;Ricardo Andres Español Teatino;PARTIDO LIBERAL COLOMBIANO;3
BUENAVISTA;Sandra Milena Ramirez Moreno;PARTIDO CAMBIO RADICAL;3
BUENAVISTA;Segundo Fidel Salazar Gonzalez;PARTIDO SOCIAL DE UNIDAD NACIONAL  PARTIDO DE LA U;3
BUENAVISTA;Sergio Cabra Sierra;PARTIDO SOCIAL DE UNIDAD NACIONAL  PARTIDO DE LA U;3
BUENAVISTA;Alba Luz Becerra Becerra;PARTIDO ALIANZA SOCIAL INDEPENDIENTE ASI;2
BUENAVISTA;Ana Delia Avendaño Hernandez;PARTIDO LIBERAL COLOMBIANO;2
BUENAVISTA;Angela Magaly Garcia Rivera;MOVIMIENTO ALTERNATIVO INDIGENA Y SOCIAL MAIS;2
BUENAVISTA;Boyaca Decente;BOYACA DECENTE;2
BUENAVISTA;Erika Dayana Piragauta Rodriguez;PARTIDO LIBERAL COLOMBIANO;2
BUENAVISTA;Estefany Johana Grajales Marin;MOVIMIENTO ALTERNATIVO INDIGENA Y SOCIAL MAIS;2
BUENAVISTA;Giovanna Del Pilar Soto Barreto;PARTIDO CAMBIO RADICAL;2
BUENAVISTA;Helver Ariel Avila Panche;PARTIDO CENTRO DEMOCRATICO;2
BUENAVISTA;Irma Yineth Velandia Sandoval;PARTIDO CAMBIO RADICAL;2
BUENAVISTA;Jose Antonio Estupiñan Caceres;PARTIDO CONSERVADOR COLOMBIANO;2
BUENAVISTA;Maira Adriana Zerda Gonzalez;PARTIDO ALIANZA VERDE;2
BUENAVISTA;Merardo Vargas Roa;PARTIDO ALIANZA VERDE;2
BUENAVISTA;Nelson Mauricio Rodriguez Perez;PARTIDO CONSERVADOR COLOMBIANO;2
BUENAVISTA;Partido Alianza Social Independiente Asi;PARTIDO ALIANZA SOCIAL INDEPENDIENTE ASI;2
BUENAVISTA;Pedro Humberto Vargas Gomez;PARTIDO LIBERAL COLOMBIANO;2
BUENAVISTA;Sandra Patricia Ricaurte Espinel;PARTIDO CAMBIO RADICAL;2
BUENAVISTA;Sonia Esperanza Lopez Barrera;PARTIDO CONSERVADOR COLOMBIANO;2
BUENAVISTA;Wilton Fredy Castro Silva;PARTIDO ALIANZA VERDE;2
BUENAVISTA;Adriana Paola Laverde Rodriguez;MOVIMIENTO ALTERNATIVO INDIGENA Y SOCIAL MAIS;1
BUENAVISTA;Carlos Eduardo Vega Alvarez;BOYACA DECENTE;1
BUENAVISTA;Carlos Ernesto Torres Aguirre;PARTIDO CONSERVADOR COLOMBIANO;1
BUENAVISTA;Edwin Andres Rodriguez Rodriguez;PARTIDO LIBERAL COLOMBIANO;1
BUENAVISTA;Eliana Maria Villate Fonseca;PARTIDO CONSERVADOR COLOMBIANO;1
BUENAVISTA;Gregorio Morales Tovar;BOYACA DECENTE;1
BUENAVISTA;Jose Wilmar Leal Abril;PARTIDO CAMBIO RADICAL;1
BUENAVISTA;Juddy Alexandra Jimenez Cuadros;PARTIDO SOCIAL DE UNIDAD NACIONAL  PARTIDO DE LA U;1
BUENAVISTA;Julian Guillermo Camargo Amortegui;MOVIMIENTO ALTERNATIVO INDIGENA Y SOCIAL MAIS;1
BUENAVISTA;Katherin Tatiana Calderon Acosta;PARTIDO CENTRO DEMOCRATICO;1
BUENAVISTA;Laura Patricia Contreras Alvarez;PARTIDO ALIANZA SOCIAL INDEPENDIENTE ASI;1
BUENAVISTA;Luis Carlos Bernal Mesa;PARTIDO SOCIAL DE UNIDAD NACIONAL  PARTIDO DE LA U;1
BUENAVISTA;Maria Francia Blanco Pedroza;BOYACA DECENTE;1
BUENAVISTA;Nereo Baron Tellez;MOVIMIENTO ALTERNATIVO INDIGENA Y SOCIAL MAIS;1
BUENAVISTA;Pablo Antonio Zambrano Salamanca;PARTIDO CONSERVADOR COLOMBIANO;1
BUENAVISTA;Vivian Catherin Alvarez;PARTIDO ALIANZA SOCIAL INDEPENDIENTE ASI;1
BUENAVISTA;Wilkins Fernando Chaparro Cuervo;PARTIDO ALIANZA SOCIAL INDEPENDIENTE ASI;1
BUSBANZA;Wilton Fredy Castro Silva;PARTIDO ALIANZA VERDE;165
BUSBANZA;Luis Carlos Bernal Mesa;PARTIDO SOCIAL DE UNIDAD NACIONAL  PARTIDO DE LA U;41
BUSBANZA;Roman Hernando Ortega Hernandez;PARTIDO ALIANZA VERDE;38
BUSBANZA;Ivan Ricardo Pirachican Bernal;PARTIDO CONSERVADOR COLOMBIANO;36
BUSBANZA;Ricardo Alonso Rojas Sachica;PARTIDO ALIANZA VERDE;33
BUSBANZA;Manuel Ricardo Mesa Trujillo;PARTIDO SOCIAL DE UNIDAD NACIONAL  PARTIDO DE LA U;30
BUSBANZA;Uldarico Javier Ramirez Chilito;MOVIMIENTO ALTERNATIVO INDIGENA Y SOCIAL MAIS;27
BUSBANZA;Fernando Alexander Serrato Fonseca;PARTIDO LIBERAL COLOMBIANO;24
BUSBANZA;Hector Josue Camacho Acosta;PARTIDO CENTRO DEMOCRATICO;23
BUSBANZA;Jose Dario Mahecha Castillo;PARTIDO CONSERVADOR COLOMBIANO;17
BUSBANZA;Yamir Oswaldo Lopez Peña;PARTIDO ALIANZA VERDE;17
BUSBANZA;Claudia Yaneth Avila Castillo;PARTIDO SOCIAL DE UNIDAD NACIONAL  PARTIDO DE LA U;15
BUSBANZA;Jose Antonio Estupiñan Caceres;PARTIDO CONSERVADOR COLOMBIANO;15
BUSBANZA;Nelson Mauricio Rodriguez Perez;PARTIDO CONSERVADOR COLOMBIANO;13
BUSBANZA;Pablo Antonio Zambrano Salamanca;PARTIDO CONSERVADOR COLOMBIANO;12
BUSBANZA;Hernando Arias Ochoa;PARTIDO ALIANZA SOCIAL INDEPENDIENTE ASI;10
BUSBANZA;Jhon Fredy Garavito Cortes;PARTIDO SOCIAL DE UNIDAD NACIONAL  PARTIDO DE LA U;10
BUSBANZA;Jorge Enrique Camacho Rodriguez;PARTIDO ALIANZA SOCIAL INDEPENDIENTE ASI;10
BUSBANZA;Carlos Ernesto Torres Aguirre;PARTIDO CONSERVADOR COLOMBIANO;9
BUSBANZA;Partido Conservador Colombiano;PARTIDO CONSERVADOR COLOMBIANO;8
BUSBANZA;Johan Francisco Herrera Gualdron;PARTIDO ALIANZA VERDE;7
BUSBANZA;Luis Carlos Ochoa Pasachoa;PARTIDO ALIANZA VERDE;7
BUSBANZA;Maria De Los Santos Salamanca Silva;PARTIDO ALIANZA VERDE;7
BUSBANZA;Partido Colombia Justa Libres;PARTIDO COLOMBIA JUSTA LIBRES;7
BUSBANZA;Yury Neill Diaz Aranguren;MOVIMIENTO ALTERNATIVO INDIGENA Y SOCIAL MAIS;7
BUSBANZA;Ingrid Marlen Sogamoso Alfonso;PARTIDO CENTRO DEMOCRATICO;6
BUSBANZA;Partido Alianza Verde;PARTIDO ALIANZA VERDE;5
BUSBANZA;Jhonnatan Jairo Avellaneda Mesa;MOVIMIENTO ALTERNATIVO INDIGENA Y SOCIAL MAIS;4
BUSBANZA;Jorge Marin Jerez Amado;PARTIDO LIBERAL COLOMBIANO;4
BUSBANZA;Maira Adriana Zerda Gonzalez;PARTIDO ALIANZA VERDE;4
BUSBANZA;Pedro Pablo Salas Hernandez;PARTIDO ALIANZA VERDE;4
BUSBANZA;Alba Luz Becerra Becerra;PARTIDO ALIANZA SOCIAL INDEPENDIENTE ASI;3
BUSBANZA;Alfredo Horacio Correa Higuera;PARTIDO CAMBIO RADICAL;3
BUSBANZA;Cesar Augusto Mojica Bedoya;PARTIDO SOCIAL DE UNIDAD NACIONAL  PARTIDO DE LA U;3
BUSBANZA;Daniel Fernando Mejia Lozano;PARTIDO ALIANZA SOCIAL INDEPENDIENTE ASI;3
BUSBANZA;Fabian Camilo Rojas Barrera;PARTIDO LIBERAL COLOMBIANO;3
BUSBANZA;Fredy Leonardo Rojas Vargas;PARTIDO CENTRO DEMOCRATICO;3
BUSBANZA;Gustavo Eduardo Castañeda Niño;PARTIDO ALIANZA VERDE;3
BUSBANZA;Partido Alianza Social Independiente Asi;PARTIDO ALIANZA SOCIAL INDEPENDIENTE ASI;3
BUSBANZA;Partido Centro Democratico;PARTIDO CENTRO DEMOCRATICO;3
BUSBANZA;Partido Liberal Colombiano;PARTIDO LIBERAL COLOMBIANO;3
BUSBANZA;Sandra Patricia Ricaurte Espinel;PARTIDO CAMBIO RADICAL;3
BUSBANZA;Wilkins Fernando Chaparro Cuervo;PARTIDO ALIANZA SOCIAL INDEPENDIENTE ASI;3
BUSBANZA;William Rodolfo Mesa Avella;PARTIDO CENTRO DEMOCRATICO;3
BUSBANZA;Eliana Maria Villate Fonseca;PARTIDO CONSERVADOR COLOMBIANO;2
BUSBANZA;Jairo Enrique Cabana Fonseca;PARTIDO ALIANZA VERDE;2
BUSBANZA;Jairo Pacheco Suarez;PARTIDO LIBERAL COLOMBIANO;2
BUSBANZA;Jose Mauricio Buitrago Rivera;PARTIDO CAMBIO RADICAL;2
BUSBANZA;Julieth Rocio Montañez Niño;PARTIDO ALIANZA SOCIAL INDEPENDIENTE ASI;2
BUSBANZA;Luz Dary Sevillano Guerrero;PARTIDO ALIANZA VERDE;2
BUSBANZA;Merardo Vargas Roa;PARTIDO ALIANZA VERDE;2
BUSBANZA;Norman De Jesus Quintero Gallego;PARTIDO CONSERVADOR COLOMBIANO;2
BUSBANZA;Olga Niño Rojas;PARTIDO CENTRO DEMOCRATICO;2
BUSBANZA;Partido Cambio Radical;PARTIDO CAMBIO RADICAL;2
BUSBANZA;Partido Social De Unidad Nacional  Partido De La U;PARTIDO SOCIAL DE UNIDAD NACIONAL  PARTIDO DE LA U;2
BUSBANZA;Sandra Patricia Contreras Soto;PARTIDO LIBERAL COLOMBIANO;2
BUSBANZA;Vivian Catherin Alvarez;PARTIDO ALIANZA SOCIAL INDEPENDIENTE ASI;2
BUSBANZA;Ana Adela Pulido Cuadros;PARTIDO CONSERVADOR COLOMBIANO;1
BUSBANZA;Ana Lucia Parra Monroy;PARTIDO SOCIAL DE UNIDAD NACIONAL  PARTIDO DE LA U;1
BUSBANZA;Andrea Carolina Camargo Caro;MOVIMIENTO ALTERNATIVO INDIGENA Y SOCIAL MAIS;1
BUSBANZA;Angela Patricia Velandia Novoa;PARTIDO ALIANZA VERDE;1
BUSBANZA;Angela Rocio Umaña Rojas;PARTIDO CONSERVADOR COLOMBIANO;1
BUSBANZA;Carlos Alfredo Siza Blanco;PARTIDO CONSERVADOR COLOMBIANO;1
BUSBANZA;Carlos Julian Diaz Franco;PARTIDO ALIANZA SOCIAL INDEPENDIENTE ASI;1
BUSBANZA;David Santiago Ochoa Garcia;PARTIDO SOCIAL DE UNIDAD NACIONAL  PARTIDO DE LA U;1
BUSBANZA;Eliana Hasleidy Gamez Pinilla;PARTIDO CAMBIO RADICAL;1
BUSBANZA;Elsa Marlen Manrique Pulgar;PARTIDO LIBERAL COLOMBIANO;1
BUSBANZA;Erika Dayana Piragauta Rodriguez;PARTIDO LIBERAL COLOMBIANO;1
BUSBANZA;Fernando Augusto Diaz Saenz;PARTIDO CONSERVADOR COLOMBIANO;1
BUSBANZA;Fredy Enrique Segura Alonso;BOYACA DECENTE;1
BUSBANZA;Fredy Julian Castro Rodriguez;PARTIDO CENTRO DEMOCRATICO;1
BUSBANZA;Hugo Alveiro Rosas Romero;PARTIDO ALIANZA VERDE;1
BUSBANZA;Jairo Correa Acevedo;MOVIMIENTO ALTERNATIVO INDIGENA Y SOCIAL MAIS;1
BUSBANZA;John Fredy Lopez Mora;MOVIMIENTO ALTERNATIVO INDIGENA Y SOCIAL MAIS;1
BUSBANZA;Jorge Ignacio Lopez Barrera;BOYACA DECENTE;1
BUSBANZA;Laura Patricia Contreras Alvarez;PARTIDO ALIANZA SOCIAL INDEPENDIENTE ASI;1
BUSBANZA;Luisa Fernanda Rodriguez Alfonso;PARTIDO ALIANZA VERDE;1
BUSBANZA;Ricardo Andres Español Teatino;PARTIDO LIBERAL COLOMBIANO;1
BUSBANZA;Victor Tulio Ramirez Gutierrez;BOYACA DECENTE;1
BUSBANZA;Wilder Ivan Suesca Ochoa;PARTIDO CENTRO DEMOCRATICO;1
BUSBANZA;Yadith Milena Martinez Farfan;PARTIDO CENTRO DEMOCRATICO;1
CALDAS;Jose Armando Quiñones Garzon;PARTIDO CENTRO DEMOCRATICO;246
CALDAS;Juan Camilo Morales Rodriguez;PARTIDO LIBERAL COLOMBIANO;238
CALDAS;Yamir Oswaldo Lopez Peña;PARTIDO ALIANZA VERDE;138
CALDAS;Luis Carlos Ochoa Pasachoa;PARTIDO ALIANZA VERDE;127
CALDAS;Jose Dario Mahecha Castillo;PARTIDO CONSERVADOR COLOMBIANO;84
CALDAS;Omar Humberto Villamil Munevar;PARTIDO CONSERVADOR COLOMBIANO;80
CALDAS;Partido Alianza Verde;PARTIDO ALIANZA VERDE;49
CALDAS;Fabian Camilo Rojas Barrera;PARTIDO LIBERAL COLOMBIANO;43
CALDAS;Partido Liberal Colombiano;PARTIDO LIBERAL COLOMBIANO;42
CALDAS;Jairo Pacheco Suarez;PARTIDO LIBERAL COLOMBIANO;41
CALDAS;Oscar Leonardo Montañez Sierra;PARTIDO CAMBIO RADICAL;40
CALDAS;Fernando Alexander Serrato Fonseca;PARTIDO LIBERAL COLOMBIANO;34
CALDAS;Partido Colombia Justa Libres;PARTIDO COLOMBIA JUSTA LIBRES;32
CALDAS;Gustavo Eduardo Castañeda Niño;PARTIDO ALIANZA VERDE;30
CALDAS;Luisa Fernanda Rodriguez Alfonso;PARTIDO ALIANZA VERDE;30
CALDAS;Willian David Pabon Jimenez;PARTIDO SOCIAL DE UNIDAD NACIONAL  PARTIDO DE LA U;25
CALDAS;Angela Patricia Velandia Novoa;PARTIDO ALIANZA VERDE;24
CALDAS;Concha Jael Vargas Saavedra;PARTIDO CONSERVADOR COLOMBIANO;24
CALDAS;Nelson Mauricio Rodriguez Perez;PARTIDO CONSERVADOR COLOMBIANO;19
CALDAS;Partido Centro Democratico;PARTIDO CENTRO DEMOCRATICO;18
CALDAS;Alvaro Hernan Forero Hurtado;BOYACA DECENTE;16
CALDAS;Hugo Alveiro Rosas Romero;PARTIDO ALIANZA VERDE;16
CALDAS;Johan Francisco Herrera Gualdron;PARTIDO ALIANZA VERDE;15
CALDAS;Partido Social De Unidad Nacional  Partido De La U;PARTIDO SOCIAL DE UNIDAD NACIONAL  PARTIDO DE LA U;14
CALDAS;Manuel Ricardo Mesa Trujillo;PARTIDO SOCIAL DE UNIDAD NACIONAL  PARTIDO DE LA U;13
CALDAS;Orlando Florez Cuervo;PARTIDO CENTRO DEMOCRATICO;13
CALDAS;Partido Conservador Colombiano;PARTIDO CONSERVADOR COLOMBIANO;13
CALDAS;Omar Fernando Valderrama Baez;PARTIDO CENTRO DEMOCRATICO;11
CALDAS;Pedro Humberto Vargas Gomez;PARTIDO LIBERAL COLOMBIANO;11
CALDAS;Pedro Pablo Salas Hernandez;PARTIDO ALIANZA VERDE;11
CALDAS;Hector Josue Camacho Acosta;PARTIDO CENTRO DEMOCRATICO;10
CALDAS;Hernando Arias Ochoa;PARTIDO ALIANZA SOCIAL INDEPENDIENTE ASI;10
CALDAS;Partido Alianza Social Independiente Asi;PARTIDO ALIANZA SOCIAL INDEPENDIENTE ASI;10
CALDAS;Kiliam Ernesto Gonzalez Forero;BOYACA DECENTE;9
CALDAS;Carlos Ernesto Torres Aguirre;PARTIDO CONSERVADOR COLOMBIANO;7
CALDAS;Elsa Marlen Manrique Pulgar;PARTIDO LIBERAL COLOMBIANO;7
CALDAS;Fernando Augusto Diaz Saenz;PARTIDO CONSERVADOR COLOMBIANO;7
CALDAS;Ingrid Marlen Sogamoso Alfonso;PARTIDO CENTRO DEMOCRATICO;7
CALDAS;Jhon Fredy Garavito Cortes;PARTIDO SOCIAL DE UNIDAD NACIONAL  PARTIDO DE LA U;7
CALDAS;Jose Wilmar Leal Abril;PARTIDO CAMBIO RADICAL;7
CALDAS;Luis Carlos Machado Zapata;PARTIDO LIBERAL COLOMBIANO;7
CALDAS;Luz Dary Sevillano Guerrero;PARTIDO ALIANZA VERDE;7
CALDAS;Partido Cambio Radical;PARTIDO CAMBIO RADICAL;7
CALDAS;Anderson Joaquin Sanchez Ruiz;PARTIDO LIBERAL COLOMBIANO;6
CALDAS;Antonio Ernesto Leguizamo Diaz;PARTIDO LIBERAL COLOMBIANO;6
CALDAS;Jorge Marin Jerez Amado;PARTIDO LIBERAL COLOMBIANO;6
CALDAS;Movimiento Alternativo Indigena Y Social Mais;MOVIMIENTO ALTERNATIVO INDIGENA Y SOCIAL MAIS;6
CALDAS;Alberto Enrique Murillo Sanchez;PARTIDO CAMBIO RADICAL;5
CALDAS;Ana Lucia Parra Monroy;PARTIDO SOCIAL DE UNIDAD NACIONAL  PARTIDO DE LA U;5
CALDAS;Mauricio Cadena Valero;PARTIDO CENTRO DEMOCRATICO;5
CALDAS;Neddy Esther Sandoval Figueredo;PARTIDO LIBERAL COLOMBIANO;5
CALDAS;Olga Niño Rojas;PARTIDO CENTRO DEMOCRATICO;5
CALDAS;Ricardo Alonso Rojas Sachica;PARTIDO ALIANZA VERDE;5
CALDAS;Ana Adela Pulido Cuadros;PARTIDO CONSERVADOR COLOMBIANO;4
CALDAS;Wilder Ivan Suesca Ochoa;PARTIDO CENTRO DEMOCRATICO;4
CALDAS;Wilton Fredy Castro Silva;PARTIDO ALIANZA VERDE;4
CALDAS;Alba Luz Becerra Becerra;PARTIDO ALIANZA SOCIAL INDEPENDIENTE ASI;3
CALDAS;Carlos Julian Diaz Franco;PARTIDO ALIANZA SOCIAL INDEPENDIENTE ASI;3
CALDAS;David Santiago Diaz Guio;PARTIDO SOCIAL DE UNIDAD NACIONAL  PARTIDO DE LA U;3
CALDAS;Jose Antonio Estupiñan Caceres;PARTIDO CONSERVADOR COLOMBIANO;3
CALDAS;Katherin Tatiana Calderon Acosta;PARTIDO CENTRO DEMOCRATICO;3
CALDAS;Sandra Patricia Contreras Soto;PARTIDO LIBERAL COLOMBIANO;3
CALDAS;Sandra Patricia Ricaurte Espinel;PARTIDO CAMBIO RADICAL;3
CALDAS;Segundo Fidel Salazar Gonzalez;PARTIDO SOCIAL DE UNIDAD NACIONAL  PARTIDO DE LA U;3
CALDAS;Alfredo Horacio Correa Higuera;PARTIDO CAMBIO RADICAL;2
CALDAS;Angela Rocio Umaña Rojas;PARTIDO CONSERVADOR COLOMBIANO;2
CALDAS;Armando Buitrago Acevedo;PARTIDO ALIANZA SOCIAL INDEPENDIENTE ASI;2
CALDAS;Carlos Alfredo Siza Blanco;PARTIDO CONSERVADOR COLOMBIANO;2
CALDAS;Carlos Eduardo Vega Alvarez;BOYACA DECENTE;2
CALDAS;Ericka Leonor Amador Gamarra;PARTIDO SOCIAL DE UNIDAD NACIONAL  PARTIDO DE LA U;2
CALDAS;Flor Elba Velandia Cely;PARTIDO ALIANZA SOCIAL INDEPENDIENTE ASI;2
CALDAS;Fredy Julian Castro Rodriguez;PARTIDO CENTRO DEMOCRATICO;2
CALDAS;Ivan Ricardo Pirachican Bernal;PARTIDO CONSERVADOR COLOMBIANO;2
CALDAS;Jaime Andres Gomez Gomez;PARTIDO CONSERVADOR COLOMBIANO;2
CALDAS;Jairo Enrique Cabana Fonseca;PARTIDO ALIANZA VERDE;2
CALDAS;Jhonnatan Jairo Avellaneda Mesa;MOVIMIENTO ALTERNATIVO INDIGENA Y SOCIAL MAIS;2
CALDAS;Jose Agustin Arias Millan;PARTIDO CENTRO DEMOCRATICO;2
CALDAS;Jose Mauricio Buitrago Rivera;PARTIDO CAMBIO RADICAL;2
CALDAS;Julieth Rocio Montañez Niño;PARTIDO ALIANZA SOCIAL INDEPENDIENTE ASI;2
CALDAS;Merardo Vargas Roa;PARTIDO ALIANZA VERDE;2
CALDAS;Norman De Jesus Quintero Gallego;PARTIDO CONSERVADOR COLOMBIANO;2
CALDAS;Ricardo Andres Español Teatino;PARTIDO LIBERAL COLOMBIANO;2
CALDAS;Roman Hernando Ortega Hernandez;PARTIDO ALIANZA VERDE;2
CALDAS;Sergio Cabra Sierra;PARTIDO SOCIAL DE UNIDAD NACIONAL  PARTIDO DE LA U;2
CALDAS;Sonia Esperanza Lopez Barrera;PARTIDO CONSERVADOR COLOMBIANO;2
CALDAS;Wilkins Fernando Chaparro Cuervo;PARTIDO ALIANZA SOCIAL INDEPENDIENTE ASI;2
CALDAS;Yadith Milena Martinez Farfan;PARTIDO CENTRO DEMOCRATICO;2
CALDAS;Yury Neill Diaz Aranguren;MOVIMIENTO ALTERNATIVO INDIGENA Y SOCIAL MAIS;2
CALDAS;Cesar Augusto Mojica Bedoya;PARTIDO SOCIAL DE UNIDAD NACIONAL  PARTIDO DE LA U;1
CALDAS;David Santiago Ochoa Garcia;PARTIDO SOCIAL DE UNIDAD NACIONAL  PARTIDO DE LA U;1
CALDAS;Edwin Andres Rodriguez Rodriguez;PARTIDO LIBERAL COLOMBIANO;1
CALDAS;Eliana Maria Villate Fonseca;PARTIDO CONSERVADOR COLOMBIANO;1
CALDAS;Fredy Leonardo Rojas Vargas;PARTIDO CENTRO DEMOCRATICO;1
CALDAS;Jairo Correa Acevedo;MOVIMIENTO ALTERNATIVO INDIGENA Y SOCIAL MAIS;1
CALDAS;John Fredy Lopez Mora;MOVIMIENTO ALTERNATIVO INDIGENA Y SOCIAL MAIS;1
CALDAS;Jorge Enrique Camacho Rodriguez;PARTIDO ALIANZA SOCIAL INDEPENDIENTE ASI;1
CALDAS;Jose Leonidas Medina Cruz;PARTIDO SOCIAL DE UNIDAD NACIONAL  PARTIDO DE LA U;1
CALDAS;Julian Guillermo Camargo Amortegui;MOVIMIENTO ALTERNATIVO INDIGENA Y SOCIAL MAIS;1
CALDAS;Laura Patricia Contreras Alvarez;PARTIDO ALIANZA SOCIAL INDEPENDIENTE ASI;1
CALDAS;Maria De Los Santos Salamanca Silva;PARTIDO ALIANZA VERDE;1
CALDAS;Siervo Yesith Gonzalez Saavedra;PARTIDO CAMBIO RADICAL;1
CALDAS;William Rodolfo Mesa Avella;PARTIDO CENTRO DEMOCRATICO;1
CALDAS;Boyaca Decente;BOYACA DECENTE;0
CAMPOHERMOSO;Fabian Camilo Rojas Barrera;PARTIDO LIBERAL COLOMBIANO;388
CAMPOHERMOSO;Ingrid Marlen Sogamoso Alfonso;PARTIDO CENTRO DEMOCRATICO;218
CAMPOHERMOSO;Jose Antonio Estupiñan Caceres;PARTIDO CONSERVADOR COLOMBIANO;127
CAMPOHERMOSO;Yamir Oswaldo Lopez Peña;PARTIDO ALIANZA VERDE;111
CAMPOHERMOSO;Partido Alianza Verde;PARTIDO ALIANZA VERDE;69
CAMPOHERMOSO;Omar Fernando Valderrama Baez;PARTIDO CENTRO DEMOCRATICO;55
CAMPOHERMOSO;Armando Buitrago Acevedo;PARTIDO ALIANZA SOCIAL INDEPENDIENTE ASI;36
CAMPOHERMOSO;Partido Centro Democratico;PARTIDO CENTRO DEMOCRATICO;36
CAMPOHERMOSO;Partido Social De Unidad Nacional  Partido De La U;PARTIDO SOCIAL DE UNIDAD NACIONAL  PARTIDO DE LA U;35
CAMPOHERMOSO;Hugo Alveiro Rosas Romero;PARTIDO ALIANZA VERDE;33
CAMPOHERMOSO;Anderson Joaquin Sanchez Ruiz;PARTIDO LIBERAL COLOMBIANO;31
CAMPOHERMOSO;Jairo Pacheco Suarez;PARTIDO LIBERAL COLOMBIANO;31
CAMPOHERMOSO;Angela Patricia Velandia Novoa;PARTIDO ALIANZA VERDE;26
CAMPOHERMOSO;Ivan Ricardo Pirachican Bernal;PARTIDO CONSERVADOR COLOMBIANO;23
CAMPOHERMOSO;Partido Conservador Colombiano;PARTIDO CONSERVADOR COLOMBIANO;21
CAMPOHERMOSO;Johan Francisco Herrera Gualdron;PARTIDO ALIANZA VERDE;20
CAMPOHERMOSO;Alfredo Horacio Correa Higuera;PARTIDO CAMBIO RADICAL;17
CAMPOHERMOSO;Hector Josue Camacho Acosta;PARTIDO CENTRO DEMOCRATICO;16
CAMPOHERMOSO;Partido Liberal Colombiano;PARTIDO LIBERAL COLOMBIANO;16
CAMPOHERMOSO;Partido Alianza Social Independiente Asi;PARTIDO ALIANZA SOCIAL INDEPENDIENTE ASI;15
CAMPOHERMOSO;Willian David Pabon Jimenez;PARTIDO SOCIAL DE UNIDAD NACIONAL  PARTIDO DE LA U;15
CAMPOHERMOSO;Luis Carlos Ochoa Pasachoa;PARTIDO ALIANZA VERDE;14
CAMPOHERMOSO;Juan Camilo Morales Rodriguez;PARTIDO LIBERAL COLOMBIANO;11
CAMPOHERMOSO;Oscar Leonardo Montañez Sierra;PARTIDO CAMBIO RADICAL;11
CAMPOHERMOSO;Sergio Cabra Sierra;PARTIDO SOCIAL DE UNIDAD NACIONAL  PARTIDO DE LA U;11
CAMPOHERMOSO;Gustavo Eduardo Castañeda Niño;PARTIDO ALIANZA VERDE;10
CAMPOHERMOSO;Jose Dario Mahecha Castillo;PARTIDO CONSERVADOR COLOMBIANO;10
CAMPOHERMOSO;Concha Jael Vargas Saavedra;PARTIDO CONSERVADOR COLOMBIANO;9
CAMPOHERMOSO;Merardo Vargas Roa;PARTIDO ALIANZA VERDE;9
CAMPOHERMOSO;Neddy Esther Sandoval Figueredo;PARTIDO LIBERAL COLOMBIANO;8
CAMPOHERMOSO;Estefany Johana Grajales Marin;MOVIMIENTO ALTERNATIVO INDIGENA Y SOCIAL MAIS;7
CAMPOHERMOSO;Fernando Alexander Serrato Fonseca;PARTIDO LIBERAL COLOMBIANO;7
CAMPOHERMOSO;Wilkins Fernando Chaparro Cuervo;PARTIDO ALIANZA SOCIAL INDEPENDIENTE ASI;7
CAMPOHERMOSO;Jose Armando Quiñones Garzon;PARTIDO CENTRO DEMOCRATICO;6
CAMPOHERMOSO;Partido Cambio Radical;PARTIDO CAMBIO RADICAL;6
CAMPOHERMOSO;Wilder Ivan Suesca Ochoa;PARTIDO CENTRO DEMOCRATICO;6
CAMPOHERMOSO;Yadith Milena Martinez Farfan;PARTIDO CENTRO DEMOCRATICO;6
CAMPOHERMOSO;Jairo Enrique Cabana Fonseca;PARTIDO ALIANZA VERDE;5
CAMPOHERMOSO;Alberto Enrique Murillo Sanchez;PARTIDO CAMBIO RADICAL;4
CAMPOHERMOSO;David Santiago Ochoa Garcia;PARTIDO SOCIAL DE UNIDAD NACIONAL  PARTIDO DE LA U;4
CAMPOHERMOSO;Fernando Augusto Diaz Saenz;PARTIDO CONSERVADOR COLOMBIANO;4
CAMPOHERMOSO;Jhon Fredy Garavito Cortes;PARTIDO SOCIAL DE UNIDAD NACIONAL  PARTIDO DE LA U;4
CAMPOHERMOSO;Fredy Leonardo Rojas Vargas;PARTIDO CENTRO DEMOCRATICO;3
CAMPOHERMOSO;Maria De Los Santos Salamanca Silva;PARTIDO ALIANZA VERDE;3
CAMPOHERMOSO;Pedro Pablo Salas Hernandez;PARTIDO ALIANZA VERDE;3
CAMPOHERMOSO;Andres Mauricio Escarria Barraza;PARTIDO CAMBIO RADICAL;2
CAMPOHERMOSO;Elsa Marlen Manrique Pulgar;PARTIDO LIBERAL COLOMBIANO;2
CAMPOHERMOSO;Flor Elba Velandia Cely;PARTIDO ALIANZA SOCIAL INDEPENDIENTE ASI;2
CAMPOHERMOSO;Giovanna Del Pilar Soto Barreto;PARTIDO CAMBIO RADICAL;2
CAMPOHERMOSO;Hernando Arias Ochoa;PARTIDO ALIANZA SOCIAL INDEPENDIENTE ASI;2
CAMPOHERMOSO;Jose Agustin Arias Millan;PARTIDO CENTRO DEMOCRATICO;2
CAMPOHERMOSO;Juddy Alexandra Jimenez Cuadros;PARTIDO SOCIAL DE UNIDAD NACIONAL  PARTIDO DE LA U;2
CAMPOHERMOSO;Luis Carlos Machado Zapata;PARTIDO LIBERAL COLOMBIANO;2
CAMPOHERMOSO;Luisa Fernanda Rodriguez Alfonso;PARTIDO ALIANZA VERDE;2
CAMPOHERMOSO;Maira Adriana Zerda Gonzalez;PARTIDO ALIANZA VERDE;2
CAMPOHERMOSO;Nelson Mauricio Rodriguez Perez;PARTIDO CONSERVADOR COLOMBIANO;2
CAMPOHERMOSO;Pablo Antonio Zambrano Salamanca;PARTIDO CONSERVADOR COLOMBIANO;2
CAMPOHERMOSO;Ricardo Alonso Rojas Sachica;PARTIDO ALIANZA VERDE;2
CAMPOHERMOSO;Ana Adela Pulido Cuadros;PARTIDO CONSERVADOR COLOMBIANO;1
CAMPOHERMOSO;Carlos Alfredo Siza Blanco;PARTIDO CONSERVADOR COLOMBIANO;1
CAMPOHERMOSO;Claudia Yaneth Avila Castillo;PARTIDO SOCIAL DE UNIDAD NACIONAL  PARTIDO DE LA U;1
CAMPOHERMOSO;Edwin Alfonso Perez Beltran;PARTIDO ALIANZA SOCIAL INDEPENDIENTE ASI;1
CAMPOHERMOSO;Erika Dayana Piragauta Rodriguez;PARTIDO LIBERAL COLOMBIANO;1
CAMPOHERMOSO;Fredy Julian Castro Rodriguez;PARTIDO CENTRO DEMOCRATICO;1
CAMPOHERMOSO;Henry Goyeneche Hormaza;PARTIDO ALIANZA SOCIAL INDEPENDIENTE ASI;1
CAMPOHERMOSO;Jhonnatan Jairo Avellaneda Mesa;MOVIMIENTO ALTERNATIVO INDIGENA Y SOCIAL MAIS;1
CAMPOHERMOSO;Jorge Marin Jerez Amado;PARTIDO LIBERAL COLOMBIANO;1
CAMPOHERMOSO;Luz Dary Sevillano Guerrero;PARTIDO ALIANZA VERDE;1
CAMPOHERMOSO;Norman De Jesus Quintero Gallego;PARTIDO CONSERVADOR COLOMBIANO;1
CAMPOHERMOSO;Olga Niño Rojas;PARTIDO CENTRO DEMOCRATICO;1
CAMPOHERMOSO;Omar Humberto Villamil Munevar;PARTIDO CONSERVADOR COLOMBIANO;1
CAMPOHERMOSO;Partido Colombia Justa Libres;PARTIDO COLOMBIA JUSTA LIBRES;1
CAMPOHERMOSO;Pedro Humberto Vargas Gomez;PARTIDO LIBERAL COLOMBIANO;1
CAMPOHERMOSO;Roman Hernando Ortega Hernandez;PARTIDO ALIANZA VERDE;1
CAMPOHERMOSO;Sandra Patricia Contreras Soto;PARTIDO LIBERAL COLOMBIANO;1
CAMPOHERMOSO;Siervo Yesith Gonzalez Saavedra;PARTIDO CAMBIO RADICAL;1
CAMPOHERMOSO;Sonia Esperanza Lopez Barrera;PARTIDO CONSERVADOR COLOMBIANO;1
CAMPOHERMOSO;William Rodolfo Mesa Avella;PARTIDO CENTRO DEMOCRATICO;1
CERINZA;Ivan Ricardo Pirachican Bernal;PARTIDO CONSERVADOR COLOMBIANO;223
CERINZA;Yamir Oswaldo Lopez Peña;PARTIDO ALIANZA VERDE;211
CERINZA;Hector Josue Camacho Acosta;PARTIDO CENTRO DEMOCRATICO;145
CERINZA;Fernando Alexander Serrato Fonseca;PARTIDO LIBERAL COLOMBIANO;140
CERINZA;Jose Wilmar Leal Abril;PARTIDO CAMBIO RADICAL;87
CERINZA;Maria De Los Santos Salamanca Silva;PARTIDO ALIANZA VERDE;81
CERINZA;Omar Fernando Valderrama Baez;PARTIDO CENTRO DEMOCRATICO;81
CERINZA;Wilton Fredy Castro Silva;PARTIDO ALIANZA VERDE;80
CERINZA;Ricardo Alonso Rojas Sachica;PARTIDO ALIANZA VERDE;65
CERINZA;Fernando Augusto Diaz Saenz;PARTIDO CONSERVADOR COLOMBIANO;58
CERINZA;Gustavo Eduardo Castañeda Niño;PARTIDO ALIANZA VERDE;57
CERINZA;Partido Alianza Verde;PARTIDO ALIANZA VERDE;57
CERINZA;William Rodolfo Mesa Avella;PARTIDO CENTRO DEMOCRATICO;40
CERINZA;Jose Armando Quiñones Garzon;PARTIDO CENTRO DEMOCRATICO;39
CERINZA;Partido Conservador Colombiano;PARTIDO CONSERVADOR COLOMBIANO;35
CERINZA;John Fredy Lopez Mora;MOVIMIENTO ALTERNATIVO INDIGENA Y SOCIAL MAIS;34
CERINZA;Jose Antonio Estupiñan Caceres;PARTIDO CONSERVADOR COLOMBIANO;33
CERINZA;Hugo Alveiro Rosas Romero;PARTIDO ALIANZA VERDE;28
CERINZA;Partido Colombia Justa Libres;PARTIDO COLOMBIA JUSTA LIBRES;28
CERINZA;Partido Centro Democratico;PARTIDO CENTRO DEMOCRATICO;26
CERINZA;Jorge Enrique Camacho Rodriguez;PARTIDO ALIANZA SOCIAL INDEPENDIENTE ASI;25
CERINZA;Partido Alianza Social Independiente Asi;PARTIDO ALIANZA SOCIAL INDEPENDIENTE ASI;25
CERINZA;Alfredo Horacio Correa Higuera;PARTIDO CAMBIO RADICAL;24
CERINZA;Johan Francisco Herrera Gualdron;PARTIDO ALIANZA VERDE;24
CERINZA;Angela Patricia Velandia Novoa;PARTIDO ALIANZA VERDE;21
CERINZA;Jairo Enrique Cabana Fonseca;PARTIDO ALIANZA VERDE;20
CERINZA;Luz Dary Sevillano Guerrero;PARTIDO ALIANZA VERDE;20
CERINZA;Ana Adela Pulido Cuadros;PARTIDO CONSERVADOR COLOMBIANO;18
CERINZA;Merardo Vargas Roa;PARTIDO ALIANZA VERDE;18
CERINZA;Partido Cambio Radical;PARTIDO CAMBIO RADICAL;18
CERINZA;Pedro Pablo Salas Hernandez;PARTIDO ALIANZA VERDE;17
CERINZA;Uldarico Javier Ramirez Chilito;MOVIMIENTO ALTERNATIVO INDIGENA Y SOCIAL MAIS;17
CERINZA;Jorge Eduardo Diaz Avendaño;MOVIMIENTO ALTERNATIVO INDIGENA Y SOCIAL MAIS;16
CERINZA;Jose Dario Mahecha Castillo;PARTIDO CONSERVADOR COLOMBIANO;15
CERINZA;Jose Mauricio Buitrago Rivera;PARTIDO CAMBIO RADICAL;14
CERINZA;Juan Camilo Morales Rodriguez;PARTIDO LIBERAL COLOMBIANO;14
CERINZA;Concha Jael Vargas Saavedra;PARTIDO CONSERVADOR COLOMBIANO;13
CERINZA;Hernando Arias Ochoa;PARTIDO ALIANZA SOCIAL INDEPENDIENTE ASI;13
CERINZA;Ingrid Marlen Sogamoso Alfonso;PARTIDO CENTRO DEMOCRATICO;13
CERINZA;Luis Carlos Ochoa Pasachoa;PARTIDO ALIANZA VERDE;12
CERINZA;Luisa Fernanda Rodriguez Alfonso;PARTIDO ALIANZA VERDE;12
CERINZA;Oscar Leonardo Montañez Sierra;PARTIDO CAMBIO RADICAL;12
CERINZA;Roman Hernando Ortega Hernandez;PARTIDO ALIANZA VERDE;12
CERINZA;Eliana Maria Villate Fonseca;PARTIDO CONSERVADOR COLOMBIANO;11
CERINZA;Cesar Augusto Mojica Bedoya;PARTIDO SOCIAL DE UNIDAD NACIONAL  PARTIDO DE LA U;10
CERINZA;Neddy Esther Sandoval Figueredo;PARTIDO LIBERAL COLOMBIANO;10
CERINZA;Olga Niño Rojas;PARTIDO CENTRO DEMOCRATICO;10
CERINZA;Ana Delia Avendaño Hernandez;PARTIDO LIBERAL COLOMBIANO;9
CERINZA;Jairo Correa Acevedo;MOVIMIENTO ALTERNATIVO INDIGENA Y SOCIAL MAIS;9
CERINZA;Nelson Mauricio Rodriguez Perez;PARTIDO CONSERVADOR COLOMBIANO;9
CERINZA;Sonia Esperanza Lopez Barrera;PARTIDO CONSERVADOR COLOMBIANO;9
CERINZA;Fredy Julian Castro Rodriguez;PARTIDO CENTRO DEMOCRATICO;8
CERINZA;Wilder Ivan Suesca Ochoa;PARTIDO CENTRO DEMOCRATICO;8
CERINZA;Anderson Joaquin Sanchez Ruiz;PARTIDO LIBERAL COLOMBIANO;7
CERINZA;Carlos Alfredo Siza Blanco;PARTIDO CONSERVADOR COLOMBIANO;7
CERINZA;Jairo Pacheco Suarez;PARTIDO LIBERAL COLOMBIANO;7
CERINZA;Manuel Ricardo Mesa Trujillo;PARTIDO SOCIAL DE UNIDAD NACIONAL  PARTIDO DE LA U;7
CERINZA;Movimiento Alternativo Indigena Y Social Mais;MOVIMIENTO ALTERNATIVO INDIGENA Y SOCIAL MAIS;7
CERINZA;Wilkins Fernando Chaparro Cuervo;PARTIDO ALIANZA SOCIAL INDEPENDIENTE ASI;7
CERINZA;Alberto Enrique Murillo Sanchez;PARTIDO CAMBIO RADICAL;6
CERINZA;Alvaro Hernan Forero Hurtado;BOYACA DECENTE;6
CERINZA;Carmen Liria Prieto Cortes;BOYACA DECENTE;6
CERINZA;Carlos Ernesto Torres Aguirre;PARTIDO CONSERVADOR COLOMBIANO;5
CERINZA;Fabian Camilo Rojas Barrera;PARTIDO LIBERAL COLOMBIANO;5
CERINZA;Irma Yineth Velandia Sandoval;PARTIDO CAMBIO RADICAL;5
CERINZA;Jaime Andres Gomez Gomez;PARTIDO CONSERVADOR COLOMBIANO;5
CERINZA;Luis Carlos Machado Zapata;PARTIDO LIBERAL COLOMBIANO;5
CERINZA;Nereo Baron Tellez;MOVIMIENTO ALTERNATIVO INDIGENA Y SOCIAL MAIS;5
CERINZA;Orlando Florez Cuervo;PARTIDO CENTRO DEMOCRATICO;5
CERINZA;Partido Liberal Colombiano;PARTIDO LIBERAL COLOMBIANO;5
CERINZA;Daniel Fernando Mejia Lozano;PARTIDO ALIANZA SOCIAL INDEPENDIENTE ASI;4
CERINZA;Elsa Marlen Manrique Pulgar;PARTIDO LIBERAL COLOMBIANO;4
CERINZA;Flor Elba Velandia Cely;PARTIDO ALIANZA SOCIAL INDEPENDIENTE ASI;4
CERINZA;Jhon Fredy Garavito Cortes;PARTIDO SOCIAL DE UNIDAD NACIONAL  PARTIDO DE LA U;4
CERINZA;Norman De Jesus Quintero Gallego;PARTIDO CONSERVADOR COLOMBIANO;4
CERINZA;Pablo Antonio Zambrano Salamanca;PARTIDO CONSERVADOR COLOMBIANO;4
CERINZA;Partido Social De Unidad Nacional  Partido De La U;PARTIDO SOCIAL DE UNIDAD NACIONAL  PARTIDO DE LA U;4
CERINZA;Yadith Milena Martinez Farfan;PARTIDO CENTRO DEMOCRATICO;4
CERINZA;Boyaca Decente;BOYACA DECENTE;3
CERINZA;Edgar Antulio Gonzalez Trujillo;BOYACA DECENTE;3
CERINZA;Erika Dayana Piragauta Rodriguez;PARTIDO LIBERAL COLOMBIANO;3
CERINZA;Juddy Alexandra Jimenez Cuadros;PARTIDO SOCIAL DE UNIDAD NACIONAL  PARTIDO DE LA U;3
CERINZA;Julian Guillermo Camargo Amortegui;MOVIMIENTO ALTERNATIVO INDIGENA Y SOCIAL MAIS;3
CERINZA;Maira Adriana Zerda Gonzalez;PARTIDO ALIANZA VERDE;3
CERINZA;Yury Neill Diaz Aranguren;MOVIMIENTO ALTERNATIVO INDIGENA Y SOCIAL MAIS;3
CERINZA;Alba Luz Becerra Becerra;PARTIDO ALIANZA SOCIAL INDEPENDIENTE ASI;2
CERINZA;Ana Lucia Parra Monroy;PARTIDO SOCIAL DE UNIDAD NACIONAL  PARTIDO DE LA U;2
CERINZA;Andres Mauricio Escarria Barraza;PARTIDO CAMBIO RADICAL;2
CERINZA;Armando Buitrago Acevedo;PARTIDO ALIANZA SOCIAL INDEPENDIENTE ASI;2
CERINZA;David Santiago Ochoa Garcia;PARTIDO SOCIAL DE UNIDAD NACIONAL  PARTIDO DE LA U;2
CERINZA;Eliana Hasleidy Gamez Pinilla;PARTIDO CAMBIO RADICAL;2
CERINZA;Estefany Johana Grajales Marin;MOVIMIENTO ALTERNATIVO INDIGENA Y SOCIAL MAIS;2
CERINZA;Fredy Leonardo Rojas Vargas;PARTIDO CENTRO DEMOCRATICO;2
CERINZA;Henry Goyeneche Hormaza;PARTIDO ALIANZA SOCIAL INDEPENDIENTE ASI;2
CERINZA;Martha Ines Zipa Martinez;PARTIDO CAMBIO RADICAL;2
CERINZA;Mauricio Cadena Valero;PARTIDO CENTRO DEMOCRATICO;2
CERINZA;Sandra Milena Ramirez Moreno;PARTIDO CAMBIO RADICAL;2
CERINZA;Sandra Patricia Contreras Soto;PARTIDO LIBERAL COLOMBIANO;2
CERINZA;Sergio Cabra Sierra;PARTIDO SOCIAL DE UNIDAD NACIONAL  PARTIDO DE LA U;2
CERINZA;Vivian Catherin Alvarez;PARTIDO ALIANZA SOCIAL INDEPENDIENTE ASI;2
CERINZA;Adriana Paola Laverde Rodriguez;MOVIMIENTO ALTERNATIVO INDIGENA Y SOCIAL MAIS;1
CERINZA;Andrea Carolina Camargo Caro;MOVIMIENTO ALTERNATIVO INDIGENA Y SOCIAL MAIS;1
CERINZA;Angela Rocio Umaña Rojas;PARTIDO CONSERVADOR COLOMBIANO;1
CERINZA;Aura Lucia Ortiz Cardona;PARTIDO CENTRO DEMOCRATICO;1
CERINZA;Carlos Eduardo Vega Alvarez;BOYACA DECENTE;1
CERINZA;Carlos Julian Diaz Franco;PARTIDO ALIANZA SOCIAL INDEPENDIENTE ASI;1
CERINZA;Claudia Patricia Barrera Patiño;PARTIDO SOCIAL DE UNIDAD NACIONAL  PARTIDO DE LA U;1
CERINZA;David Alejandro Avila Cely;MOVIMIENTO ALTERNATIVO INDIGENA Y SOCIAL MAIS;1
CERINZA;Edwin Alfonso Perez Beltran;PARTIDO ALIANZA SOCIAL INDEPENDIENTE ASI;1
CERINZA;Edwin Andres Rodriguez Rodriguez;PARTIDO LIBERAL COLOMBIANO;1
CERINZA;Gregorio Morales Tovar;BOYACA DECENTE;1
CERINZA;Helver Ariel Avila Panche;PARTIDO CENTRO DEMOCRATICO;1
CERINZA;Jorge Marin Jerez Amado;PARTIDO LIBERAL COLOMBIANO;1
CERINZA;Jose Leonidas Medina Cruz;PARTIDO SOCIAL DE UNIDAD NACIONAL  PARTIDO DE LA U;1
CERINZA;Katherin Tatiana Calderon Acosta;PARTIDO CENTRO DEMOCRATICO;1
CERINZA;Laura Patricia Contreras Alvarez;PARTIDO ALIANZA SOCIAL INDEPENDIENTE ASI;1
CERINZA;Lizeth Paola Saade Fuentes;MOVIMIENTO ALTERNATIVO INDIGENA Y SOCIAL MAIS;1
CERINZA;Luis Carlos Bernal Mesa;PARTIDO SOCIAL DE UNIDAD NACIONAL  PARTIDO DE LA U;1
CERINZA;Ricardo Andres Español Teatino;PARTIDO LIBERAL COLOMBIANO;1
CERINZA;Sandra Patricia Ricaurte Espinel;PARTIDO CAMBIO RADICAL;1
CERINZA;Siervo Yesith Gonzalez Saavedra;PARTIDO CAMBIO RADICAL;1
CERINZA;William Chaparro Rodriguez;BOYACA DECENTE;1
CHINAVITA;Yamir Oswaldo Lopez Peña;PARTIDO ALIANZA VERDE;228
CHINAVITA;Ingrid Marlen Sogamoso Alfonso;PARTIDO CENTRO DEMOCRATICO;163
CHINAVITA;Luis Carlos Ochoa Pasachoa;PARTIDO ALIANZA VERDE;154
CHINAVITA;Jose Antonio Estupiñan Caceres;PARTIDO CONSERVADOR COLOMBIANO;135
CHINAVITA;Jose Armando Quiñones Garzon;PARTIDO CENTRO DEMOCRATICO;128
CHINAVITA;Partido Alianza Verde;PARTIDO ALIANZA VERDE;104
CHINAVITA;Gustavo Eduardo Castañeda Niño;PARTIDO ALIANZA VERDE;88
CHINAVITA;Fernando Alexander Serrato Fonseca;PARTIDO LIBERAL COLOMBIANO;63
CHINAVITA;Carlos Ernesto Torres Aguirre;PARTIDO CONSERVADOR COLOMBIANO;60
CHINAVITA;Partido Centro Democratico;PARTIDO CENTRO DEMOCRATICO;38
CHINAVITA;Johan Francisco Herrera Gualdron;PARTIDO ALIANZA VERDE;33
CHINAVITA;Maira Adriana Zerda Gonzalez;PARTIDO ALIANZA VERDE;33
CHINAVITA;Partido Social De Unidad Nacional  Partido De La U;PARTIDO SOCIAL DE UNIDAD NACIONAL  PARTIDO DE LA U;30
CHINAVITA;Ericka Leonor Amador Gamarra;PARTIDO SOCIAL DE UNIDAD NACIONAL  PARTIDO DE LA U;27
CHINAVITA;Ivan Ricardo Pirachican Bernal;PARTIDO CONSERVADOR COLOMBIANO;26
CHINAVITA;Willian David Pabon Jimenez;PARTIDO SOCIAL DE UNIDAD NACIONAL  PARTIDO DE LA U;25
CHINAVITA;Oscar Leonardo Montañez Sierra;PARTIDO CAMBIO RADICAL;17
CHINAVITA;Jairo Enrique Cabana Fonseca;PARTIDO ALIANZA VERDE;16
CHINAVITA;Mauricio Cadena Valero;PARTIDO CENTRO DEMOCRATICO;16
CHINAVITA;Merardo Vargas Roa;PARTIDO ALIANZA VERDE;16
CHINAVITA;Hugo Alveiro Rosas Romero;PARTIDO ALIANZA VERDE;15
CHINAVITA;Jairo Pacheco Suarez;PARTIDO LIBERAL COLOMBIANO;15
CHINAVITA;Alfredo Horacio Correa Higuera;PARTIDO CAMBIO RADICAL;14
CHINAVITA;Jose Dario Mahecha Castillo;PARTIDO CONSERVADOR COLOMBIANO;13
CHINAVITA;Partido Conservador Colombiano;PARTIDO CONSERVADOR COLOMBIANO;13
CHINAVITA;Ana Adela Pulido Cuadros;PARTIDO CONSERVADOR COLOMBIANO;12
CHINAVITA;Yadith Milena Martinez Farfan;PARTIDO CENTRO DEMOCRATICO;11
CHINAVITA;Jose Wilmar Leal Abril;PARTIDO CAMBIO RADICAL;10
CHINAVITA;Sandra Patricia Contreras Soto;PARTIDO LIBERAL COLOMBIANO;10
CHINAVITA;Sergio Cabra Sierra;PARTIDO SOCIAL DE UNIDAD NACIONAL  PARTIDO DE LA U;10
CHINAVITA;Anderson Joaquin Sanchez Ruiz;PARTIDO LIBERAL COLOMBIANO;9
CHINAVITA;Angela Patricia Velandia Novoa;PARTIDO ALIANZA VERDE;8
CHINAVITA;Estefany Johana Grajales Marin;MOVIMIENTO ALTERNATIVO INDIGENA Y SOCIAL MAIS;8
CHINAVITA;Luisa Fernanda Rodriguez Alfonso;PARTIDO ALIANZA VERDE;8
CHINAVITA;Luz Dary Sevillano Guerrero;PARTIDO ALIANZA VERDE;8
CHINAVITA;Concha Jael Vargas Saavedra;PARTIDO CONSERVADOR COLOMBIANO;7
CHINAVITA;Fabian Camilo Rojas Barrera;PARTIDO LIBERAL COLOMBIANO;7
CHINAVITA;Irma Yineth Velandia Sandoval;PARTIDO CAMBIO RADICAL;7
CHINAVITA;Juan Camilo Morales Rodriguez;PARTIDO LIBERAL COLOMBIANO;7
CHINAVITA;Omar Humberto Villamil Munevar;PARTIDO CONSERVADOR COLOMBIANO;7
CHINAVITA;Pedro Pablo Salas Hernandez;PARTIDO ALIANZA VERDE;7
CHINAVITA;Andres Mauricio Escarria Barraza;PARTIDO CAMBIO RADICAL;6
CHINAVITA;Carlos Alfredo Siza Blanco;PARTIDO CONSERVADOR COLOMBIANO;6
CHINAVITA;Claudia Yaneth Avila Castillo;PARTIDO SOCIAL DE UNIDAD NACIONAL  PARTIDO DE LA U;6
CHINAVITA;Partido Alianza Social Independiente Asi;PARTIDO ALIANZA SOCIAL INDEPENDIENTE ASI;6
CHINAVITA;Partido Cambio Radical;PARTIDO CAMBIO RADICAL;6
CHINAVITA;William Rodolfo Mesa Avella;PARTIDO CENTRO DEMOCRATICO;6
CHINAVITA;Wilton Fredy Castro Silva;PARTIDO ALIANZA VERDE;6
CHINAVITA;Alvaro Hernan Forero Hurtado;BOYACA DECENTE;5
CHINAVITA;Cesar Augusto Mojica Bedoya;PARTIDO SOCIAL DE UNIDAD NACIONAL  PARTIDO DE LA U;5
CHINAVITA;Hector Josue Camacho Acosta;PARTIDO CENTRO DEMOCRATICO;5
CHINAVITA;Jose Agustin Arias Millan;PARTIDO CENTRO DEMOCRATICO;5
CHINAVITA;Maria De Los Santos Salamanca Silva;PARTIDO ALIANZA VERDE;5
CHINAVITA;Nelson Mauricio Rodriguez Perez;PARTIDO CONSERVADOR COLOMBIANO;5
CHINAVITA;Omar Fernando Valderrama Baez;PARTIDO CENTRO DEMOCRATICO;5
CHINAVITA;Pablo Antonio Zambrano Salamanca;PARTIDO CONSERVADOR COLOMBIANO;5
CHINAVITA;Partido Liberal Colombiano;PARTIDO LIBERAL COLOMBIANO;5
CHINAVITA;Roman Hernando Ortega Hernandez;PARTIDO ALIANZA VERDE;5
CHINAVITA;David Santiago Ochoa Garcia;PARTIDO SOCIAL DE UNIDAD NACIONAL  PARTIDO DE LA U;4
CHINAVITA;Fredy Leonardo Rojas Vargas;PARTIDO CENTRO DEMOCRATICO;4
CHINAVITA;Luis Carlos Bernal Mesa;PARTIDO SOCIAL DE UNIDAD NACIONAL  PARTIDO DE LA U;4
CHINAVITA;Ricardo Alonso Rojas Sachica;PARTIDO ALIANZA VERDE;4
CHINAVITA;Alberto Enrique Murillo Sanchez;PARTIDO CAMBIO RADICAL;3
CHINAVITA;Ana Delia Avendaño Hernandez;PARTIDO LIBERAL COLOMBIANO;3
CHINAVITA;Edwin Alfonso Perez Beltran;PARTIDO ALIANZA SOCIAL INDEPENDIENTE ASI;3
CHINAVITA;Eliana Maria Villate Fonseca;PARTIDO CONSERVADOR COLOMBIANO;3
CHINAVITA;Elsa Marlen Manrique Pulgar;PARTIDO LIBERAL COLOMBIANO;3
CHINAVITA;Giovanna Del Pilar Soto Barreto;PARTIDO CAMBIO RADICAL;3
CHINAVITA;Gregorio Morales Tovar;BOYACA DECENTE;3
CHINAVITA;Jhon Fredy Garavito Cortes;PARTIDO SOCIAL DE UNIDAD NACIONAL  PARTIDO DE LA U;3
CHINAVITA;Jose Mauricio Buitrago Rivera;PARTIDO CAMBIO RADICAL;3
CHINAVITA;Yury Neill Diaz Aranguren;MOVIMIENTO ALTERNATIVO INDIGENA Y SOCIAL MAIS;3
CHINAVITA;Aura Lucia Ortiz Cardona;PARTIDO CENTRO DEMOCRATICO;2
CHINAVITA;Jhonnatan Jairo Avellaneda Mesa;MOVIMIENTO ALTERNATIVO INDIGENA Y SOCIAL MAIS;2
CHINAVITA;Manuel Ricardo Mesa Trujillo;PARTIDO SOCIAL DE UNIDAD NACIONAL  PARTIDO DE LA U;2
CHINAVITA;Neddy Esther Sandoval Figueredo;PARTIDO LIBERAL COLOMBIANO;2
CHINAVITA;Partido Colombia Justa Libres;PARTIDO COLOMBIA JUSTA LIBRES;2
CHINAVITA;Segundo Fidel Salazar Gonzalez;PARTIDO SOCIAL DE UNIDAD NACIONAL  PARTIDO DE LA U;2
CHINAVITA;Adriana Paola Laverde Rodriguez;MOVIMIENTO ALTERNATIVO INDIGENA Y SOCIAL MAIS;1
CHINAVITA;Antonio Ernesto Leguizamo Diaz;PARTIDO LIBERAL COLOMBIANO;1
CHINAVITA;Boyaca Decente;BOYACA DECENTE;1
CHINAVITA;Fernando Augusto Diaz Saenz;PARTIDO CONSERVADOR COLOMBIANO;1
CHINAVITA;Fredy Julian Castro Rodriguez;PARTIDO CENTRO DEMOCRATICO;1
CHINAVITA;Hernando Arias Ochoa;PARTIDO ALIANZA SOCIAL INDEPENDIENTE ASI;1
CHINAVITA;Jaime Andres Gomez Gomez;PARTIDO CONSERVADOR COLOMBIANO;1
CHINAVITA;John Fredy Lopez Mora;MOVIMIENTO ALTERNATIVO INDIGENA Y SOCIAL MAIS;1
CHINAVITA;Julieth Rocio Montañez Niño;PARTIDO ALIANZA SOCIAL INDEPENDIENTE ASI;1
CHINAVITA;Laura Patricia Contreras Alvarez;PARTIDO ALIANZA SOCIAL INDEPENDIENTE ASI;1
CHINAVITA;Luis Carlos Machado Zapata;PARTIDO LIBERAL COLOMBIANO;1
CHINAVITA;Martha Ines Zipa Martinez;PARTIDO CAMBIO RADICAL;1
CHINAVITA;Orlando Florez Cuervo;PARTIDO CENTRO DEMOCRATICO;1
CHINAVITA;Ricardo Andres Español Teatino;PARTIDO LIBERAL COLOMBIANO;1
CHINAVITA;Sandra Patricia Ricaurte Espinel;PARTIDO CAMBIO RADICAL;1
CHINAVITA;Siervo Yesith Gonzalez Saavedra;PARTIDO CAMBIO RADICAL;1
CHINAVITA;Wilder Ivan Suesca Ochoa;PARTIDO CENTRO DEMOCRATICO;1
CHINAVITA;Wilkins Fernando Chaparro Cuervo;PARTIDO ALIANZA SOCIAL INDEPENDIENTE ASI;1
CHIQUINQUIRA;Jose Armando Quiñones Garzon;PARTIDO CENTRO DEMOCRATICO;3366
CHIQUINQUIRA;Omar Humberto Villamil Munevar;PARTIDO CONSERVADOR COLOMBIANO;2711
CHIQUINQUIRA;Yamir Oswaldo Lopez Peña;PARTIDO ALIANZA VERDE;1711
CHIQUINQUIRA;Partido Colombia Justa Libres;PARTIDO COLOMBIA JUSTA LIBRES;1127
CHIQUINQUIRA;Jose Dario Mahecha Castillo;PARTIDO CONSERVADOR COLOMBIANO;694
CHIQUINQUIRA;Fernando Alexander Serrato Fonseca;PARTIDO LIBERAL COLOMBIANO;550
CHIQUINQUIRA;Oscar Leonardo Montañez Sierra;PARTIDO CAMBIO RADICAL;530
CHIQUINQUIRA;Gustavo Eduardo Castañeda Niño;PARTIDO ALIANZA VERDE;461
CHIQUINQUIRA;Partido Alianza Verde;PARTIDO ALIANZA VERDE;387
CHIQUINQUIRA;Fredy Julian Castro Rodriguez;PARTIDO CENTRO DEMOCRATICO;328
CHIQUINQUIRA;Hector Josue Camacho Acosta;PARTIDO CENTRO DEMOCRATICO;310
CHIQUINQUIRA;Partido Centro Democratico;PARTIDO CENTRO DEMOCRATICO;276
CHIQUINQUIRA;Concha Jael Vargas Saavedra;PARTIDO CONSERVADOR COLOMBIANO;263
CHIQUINQUIRA;Hugo Alveiro Rosas Romero;PARTIDO ALIANZA VERDE;261
CHIQUINQUIRA;Partido Conservador Colombiano;PARTIDO CONSERVADOR COLOMBIANO;233
CHIQUINQUIRA;Luis Carlos Ochoa Pasachoa;PARTIDO ALIANZA VERDE;232
CHIQUINQUIRA;Luisa Fernanda Rodriguez Alfonso;PARTIDO ALIANZA VERDE;225
CHIQUINQUIRA;Jairo Pacheco Suarez;PARTIDO LIBERAL COLOMBIANO;224
CHIQUINQUIRA;Juan Camilo Morales Rodriguez;PARTIDO LIBERAL COLOMBIANO;203
CHIQUINQUIRA;Jairo Enrique Cabana Fonseca;PARTIDO ALIANZA VERDE;188
CHIQUINQUIRA;Jose Wilmar Leal Abril;PARTIDO CAMBIO RADICAL;183
CHIQUINQUIRA;Nelson Mauricio Rodriguez Perez;PARTIDO CONSERVADOR COLOMBIANO;171
CHIQUINQUIRA;William Rodolfo Mesa Avella;PARTIDO CENTRO DEMOCRATICO;170
CHIQUINQUIRA;Pedro Pablo Salas Hernandez;PARTIDO ALIANZA VERDE;163
CHIQUINQUIRA;Angela Patricia Velandia Novoa;PARTIDO ALIANZA VERDE;161
CHIQUINQUIRA;Fabian Camilo Rojas Barrera;PARTIDO LIBERAL COLOMBIANO;153
CHIQUINQUIRA;Manuel Ricardo Mesa Trujillo;PARTIDO SOCIAL DE UNIDAD NACIONAL  PARTIDO DE LA U;152
CHIQUINQUIRA;Ricardo Alonso Rojas Sachica;PARTIDO ALIANZA VERDE;141
CHIQUINQUIRA;Partido Cambio Radical;PARTIDO CAMBIO RADICAL;140
CHIQUINQUIRA;Ana Adela Pulido Cuadros;PARTIDO CONSERVADOR COLOMBIANO;138
CHIQUINQUIRA;Jhonnatan Jairo Avellaneda Mesa;MOVIMIENTO ALTERNATIVO INDIGENA Y SOCIAL MAIS;138
CHIQUINQUIRA;Ivan Ricardo Pirachican Bernal;PARTIDO CONSERVADOR COLOMBIANO;118
CHIQUINQUIRA;Movimiento Alternativo Indigena Y Social Mais;MOVIMIENTO ALTERNATIVO INDIGENA Y SOCIAL MAIS;115
CHIQUINQUIRA;Partido Liberal Colombiano;PARTIDO LIBERAL COLOMBIANO;114
CHIQUINQUIRA;Willian David Pabon Jimenez;PARTIDO SOCIAL DE UNIDAD NACIONAL  PARTIDO DE LA U;113
CHIQUINQUIRA;Jose Agustin Arias Millan;PARTIDO CENTRO DEMOCRATICO;109
CHIQUINQUIRA;Johan Francisco Herrera Gualdron;PARTIDO ALIANZA VERDE;107
CHIQUINQUIRA;Kiliam Ernesto Gonzalez Forero;BOYACA DECENTE;104
CHIQUINQUIRA;Alvaro Hernan Forero Hurtado;BOYACA DECENTE;92
CHIQUINQUIRA;Wilder Ivan Suesca Ochoa;PARTIDO CENTRO DEMOCRATICO;89
CHIQUINQUIRA;Yury Neill Diaz Aranguren;MOVIMIENTO ALTERNATIVO INDIGENA Y SOCIAL MAIS;89
CHIQUINQUIRA;Katherin Tatiana Calderon Acosta;PARTIDO CENTRO DEMOCRATICO;86
CHIQUINQUIRA;Sandra Patricia Ricaurte Espinel;PARTIDO CAMBIO RADICAL;85
CHIQUINQUIRA;Anderson Joaquin Sanchez Ruiz;PARTIDO LIBERAL COLOMBIANO;84
CHIQUINQUIRA;Ingrid Marlen Sogamoso Alfonso;PARTIDO CENTRO DEMOCRATICO;82
CHIQUINQUIRA;Partido Social De Unidad Nacional  Partido De La U;PARTIDO SOCIAL DE UNIDAD NACIONAL  PARTIDO DE LA U;82
CHIQUINQUIRA;Alfredo Horacio Correa Higuera;PARTIDO CAMBIO RADICAL;80
CHIQUINQUIRA;Hernando Arias Ochoa;PARTIDO ALIANZA SOCIAL INDEPENDIENTE ASI;78
CHIQUINQUIRA;Orlando Florez Cuervo;PARTIDO CENTRO DEMOCRATICO;77
CHIQUINQUIRA;Merardo Vargas Roa;PARTIDO ALIANZA VERDE;76
CHIQUINQUIRA;Omar Fernando Valderrama Baez;PARTIDO CENTRO DEMOCRATICO;76
CHIQUINQUIRA;Wilton Fredy Castro Silva;PARTIDO ALIANZA VERDE;76
CHIQUINQUIRA;Estefany Johana Grajales Marin;MOVIMIENTO ALTERNATIVO INDIGENA Y SOCIAL MAIS;75
CHIQUINQUIRA;Luz Dary Sevillano Guerrero;PARTIDO ALIANZA VERDE;70
CHIQUINQUIRA;Partido Alianza Social Independiente Asi;PARTIDO ALIANZA SOCIAL INDEPENDIENTE ASI;66
CHIQUINQUIRA;Boyaca Decente;BOYACA DECENTE;63
CHIQUINQUIRA;Mariev Bejarano Ospina;BOYACA DECENTE;62
CHIQUINQUIRA;Roman Hernando Ortega Hernandez;PARTIDO ALIANZA VERDE;61
CHIQUINQUIRA;Jose Antonio Estupiñan Caceres;PARTIDO CONSERVADOR COLOMBIANO;58
CHIQUINQUIRA;Uldarico Javier Ramirez Chilito;MOVIMIENTO ALTERNATIVO INDIGENA Y SOCIAL MAIS;57
CHIQUINQUIRA;Carlos Alfredo Siza Blanco;PARTIDO CONSERVADOR COLOMBIANO;56
CHIQUINQUIRA;Carlos Julian Diaz Franco;PARTIDO ALIANZA SOCIAL INDEPENDIENTE ASI;56
CHIQUINQUIRA;Siervo Yesith Gonzalez Saavedra;PARTIDO CAMBIO RADICAL;55
CHIQUINQUIRA;Jose Mauricio Buitrago Rivera;PARTIDO CAMBIO RADICAL;53
CHIQUINQUIRA;Alberto Enrique Murillo Sanchez;PARTIDO CAMBIO RADICAL;52
CHIQUINQUIRA;Carlos Ernesto Torres Aguirre;PARTIDO CONSERVADOR COLOMBIANO;51
CHIQUINQUIRA;Edwin Alfonso Perez Beltran;PARTIDO ALIANZA SOCIAL INDEPENDIENTE ASI;51
CHIQUINQUIRA;Antonio Ernesto Leguizamo Diaz;PARTIDO LIBERAL COLOMBIANO;50
CHIQUINQUIRA;David Santiago Diaz Guio;PARTIDO SOCIAL DE UNIDAD NACIONAL  PARTIDO DE LA U;50
CHIQUINQUIRA;Mauricio Cadena Valero;PARTIDO CENTRO DEMOCRATICO;44
CHIQUINQUIRA;Olga Niño Rojas;PARTIDO CENTRO DEMOCRATICO;44
CHIQUINQUIRA;Fredy Leonardo Rojas Vargas;PARTIDO CENTRO DEMOCRATICO;43
CHIQUINQUIRA;Jhon Fredy Garavito Cortes;PARTIDO SOCIAL DE UNIDAD NACIONAL  PARTIDO DE LA U;42
CHIQUINQUIRA;Martha Ines Zipa Martinez;PARTIDO CAMBIO RADICAL;41
CHIQUINQUIRA;Eliana Hasleidy Gamez Pinilla;PARTIDO CAMBIO RADICAL;40
CHIQUINQUIRA;Eliana Maria Villate Fonseca;PARTIDO CONSERVADOR COLOMBIANO;40
CHIQUINQUIRA;Fernando Augusto Diaz Saenz;PARTIDO CONSERVADOR COLOMBIANO;39
CHIQUINQUIRA;John Fredy Lopez Mora;MOVIMIENTO ALTERNATIVO INDIGENA Y SOCIAL MAIS;39
CHIQUINQUIRA;Angela Rocio Umaña Rojas;PARTIDO CONSERVADOR COLOMBIANO;37
CHIQUINQUIRA;Neddy Esther Sandoval Figueredo;PARTIDO LIBERAL COLOMBIANO;37
CHIQUINQUIRA;Jorge Eduardo Diaz Avendaño;MOVIMIENTO ALTERNATIVO INDIGENA Y SOCIAL MAIS;36
CHIQUINQUIRA;Nereo Baron Tellez;MOVIMIENTO ALTERNATIVO INDIGENA Y SOCIAL MAIS;36
CHIQUINQUIRA;Norman De Jesus Quintero Gallego;PARTIDO CONSERVADOR COLOMBIANO;35
CHIQUINQUIRA;Jorge Marin Jerez Amado;PARTIDO LIBERAL COLOMBIANO;34
CHIQUINQUIRA;Flor Elba Velandia Cely;PARTIDO ALIANZA SOCIAL INDEPENDIENTE ASI;32
CHIQUINQUIRA;Luis Carlos Bernal Mesa;PARTIDO SOCIAL DE UNIDAD NACIONAL  PARTIDO DE LA U;32
CHIQUINQUIRA;Jairo Correa Acevedo;MOVIMIENTO ALTERNATIVO INDIGENA Y SOCIAL MAIS;31
CHIQUINQUIRA;Cesar Augusto Mojica Bedoya;PARTIDO SOCIAL DE UNIDAD NACIONAL  PARTIDO DE LA U;30
CHIQUINQUIRA;Maira Adriana Zerda Gonzalez;PARTIDO ALIANZA VERDE;29
CHIQUINQUIRA;Maria De Los Santos Salamanca Silva;PARTIDO ALIANZA VERDE;29
CHIQUINQUIRA;Sandra Milena Ramirez Moreno;PARTIDO CAMBIO RADICAL;29
CHIQUINQUIRA;Ana Delia Avendaño Hernandez;PARTIDO LIBERAL COLOMBIANO;28
CHIQUINQUIRA;Ana Lucia Parra Monroy;PARTIDO SOCIAL DE UNIDAD NACIONAL  PARTIDO DE LA U;28
CHIQUINQUIRA;Andres Mauricio Escarria Barraza;PARTIDO CAMBIO RADICAL;27
CHIQUINQUIRA;Yadith Milena Martinez Farfan;PARTIDO CENTRO DEMOCRATICO;26
CHIQUINQUIRA;David Santiago Ochoa Garcia;PARTIDO SOCIAL DE UNIDAD NACIONAL  PARTIDO DE LA U;25
CHIQUINQUIRA;Elsa Marlen Manrique Pulgar;PARTIDO LIBERAL COLOMBIANO;25
CHIQUINQUIRA;Luis Carlos Machado Zapata;PARTIDO LIBERAL COLOMBIANO;24
CHIQUINQUIRA;Jorge Enrique Camacho Rodriguez;PARTIDO ALIANZA SOCIAL INDEPENDIENTE ASI;23
CHIQUINQUIRA;Pablo Antonio Zambrano Salamanca;PARTIDO CONSERVADOR COLOMBIANO;23
CHIQUINQUIRA;Sandra Patricia Contreras Soto;PARTIDO LIBERAL COLOMBIANO;23
CHIQUINQUIRA;Irma Yineth Velandia Sandoval;PARTIDO CAMBIO RADICAL;22
CHIQUINQUIRA;Sonia Esperanza Lopez Barrera;PARTIDO CONSERVADOR COLOMBIANO;22
CHIQUINQUIRA;Giovanna Del Pilar Soto Barreto;PARTIDO CAMBIO RADICAL;21
CHIQUINQUIRA;Helver Ariel Avila Panche;PARTIDO CENTRO DEMOCRATICO;20
CHIQUINQUIRA;Wilkins Fernando Chaparro Cuervo;PARTIDO ALIANZA SOCIAL INDEPENDIENTE ASI;20
CHIQUINQUIRA;Fredy Enrique Segura Alonso;BOYACA DECENTE;19
CHIQUINQUIRA;Laura Patricia Contreras Alvarez;PARTIDO ALIANZA SOCIAL INDEPENDIENTE ASI;18
CHIQUINQUIRA;Ricardo Andres Español Teatino;PARTIDO LIBERAL COLOMBIANO;18
CHIQUINQUIRA;Sergio Cabra Sierra;PARTIDO SOCIAL DE UNIDAD NACIONAL  PARTIDO DE LA U;18
CHIQUINQUIRA;Adriana Paola Laverde Rodriguez;MOVIMIENTO ALTERNATIVO INDIGENA Y SOCIAL MAIS;17
CHIQUINQUIRA;Jaime Andres Gomez Gomez;PARTIDO CONSERVADOR COLOMBIANO;17
CHIQUINQUIRA;Pedro Humberto Vargas Gomez;PARTIDO LIBERAL COLOMBIANO;17
CHIQUINQUIRA;Armando Buitrago Acevedo;PARTIDO ALIANZA SOCIAL INDEPENDIENTE ASI;16
CHIQUINQUIRA;Edgar Antulio Gonzalez Trujillo;BOYACA DECENTE;16
CHIQUINQUIRA;Vivian Catherin Alvarez;PARTIDO ALIANZA SOCIAL INDEPENDIENTE ASI;16
CHIQUINQUIRA;Alba Luz Becerra Becerra;PARTIDO ALIANZA SOCIAL INDEPENDIENTE ASI;15
CHIQUINQUIRA;Angela Magaly Garcia Rivera;MOVIMIENTO ALTERNATIVO INDIGENA Y SOCIAL MAIS;15
CHIQUINQUIRA;Daniel Fernando Mejia Lozano;PARTIDO ALIANZA SOCIAL INDEPENDIENTE ASI;15
CHIQUINQUIRA;David Alejandro Avila Cely;MOVIMIENTO ALTERNATIVO INDIGENA Y SOCIAL MAIS;12
CHIQUINQUIRA;Ericka Leonor Amador Gamarra;PARTIDO SOCIAL DE UNIDAD NACIONAL  PARTIDO DE LA U;12
CHIQUINQUIRA;Aura Lucia Ortiz Cardona;PARTIDO CENTRO DEMOCRATICO;11
CHIQUINQUIRA;Claudia Yaneth Avila Castillo;PARTIDO SOCIAL DE UNIDAD NACIONAL  PARTIDO DE LA U;11
CHIQUINQUIRA;Juddy Alexandra Jimenez Cuadros;PARTIDO SOCIAL DE UNIDAD NACIONAL  PARTIDO DE LA U;11
CHIQUINQUIRA;Julian Guillermo Camargo Amortegui;MOVIMIENTO ALTERNATIVO INDIGENA Y SOCIAL MAIS;11
CHIQUINQUIRA;Edwin Andres Rodriguez Rodriguez;PARTIDO LIBERAL COLOMBIANO;10
CHIQUINQUIRA;Jose Leonidas Medina Cruz;PARTIDO SOCIAL DE UNIDAD NACIONAL  PARTIDO DE LA U;10
CHIQUINQUIRA;Segundo Fidel Salazar Gonzalez;PARTIDO SOCIAL DE UNIDAD NACIONAL  PARTIDO DE LA U;10
CHIQUINQUIRA;Nelsy Yolanda Rivera Ferrucho;BOYACA DECENTE;9
CHIQUINQUIRA;Andrea Carolina Camargo Caro;MOVIMIENTO ALTERNATIVO INDIGENA Y SOCIAL MAIS;8
CHIQUINQUIRA;Carlos Eduardo Vega Alvarez;BOYACA DECENTE;8
CHIQUINQUIRA;Claudia Patricia Barrera Patiño;PARTIDO SOCIAL DE UNIDAD NACIONAL  PARTIDO DE LA U;8
CHIQUINQUIRA;Julieth Rocio Montañez Niño;PARTIDO ALIANZA SOCIAL INDEPENDIENTE ASI;8
CHIQUINQUIRA;Carmen Liria Prieto Cortes;BOYACA DECENTE;7
CHIQUINQUIRA;Erika Dayana Piragauta Rodriguez;PARTIDO LIBERAL COLOMBIANO;7
CHIQUINQUIRA;Henry Goyeneche Hormaza;PARTIDO ALIANZA SOCIAL INDEPENDIENTE ASI;7
CHIQUINQUIRA;Lizeth Paola Saade Fuentes;MOVIMIENTO ALTERNATIVO INDIGENA Y SOCIAL MAIS;6
CHIQUINQUIRA;Gregorio Morales Tovar;BOYACA DECENTE;5
CHIQUINQUIRA;Jorge Ignacio Lopez Barrera;BOYACA DECENTE;4
CHIQUINQUIRA;Maria Francia Blanco Pedroza;BOYACA DECENTE;2
CHIQUINQUIRA;William Chaparro Rodriguez;BOYACA DECENTE;2
CHIQUINQUIRA;Victor Tulio Ramirez Gutierrez;BOYACA DECENTE;1
CHIQUIZA;Jairo Pacheco Suarez;PARTIDO LIBERAL COLOMBIANO;1868
CHIQUIZA;Fernando Alexander Serrato Fonseca;PARTIDO LIBERAL COLOMBIANO;295
CHIQUIZA;Fabian Camilo Rojas Barrera;PARTIDO LIBERAL COLOMBIANO;153
CHIQUIZA;Anderson Joaquin Sanchez Ruiz;PARTIDO LIBERAL COLOMBIANO;137
CHIQUIZA;Partido Liberal Colombiano;PARTIDO LIBERAL COLOMBIANO;96
CHIQUIZA;Yamir Oswaldo Lopez Peña;PARTIDO ALIANZA VERDE;59
CHIQUIZA;Yury Neill Diaz Aranguren;MOVIMIENTO ALTERNATIVO INDIGENA Y SOCIAL MAIS;57
CHIQUIZA;Angela Patricia Velandia Novoa;PARTIDO ALIANZA VERDE;50
CHIQUIZA;Jose Wilmar Leal Abril;PARTIDO CAMBIO RADICAL;47
CHIQUIZA;Partido Alianza Verde;PARTIDO ALIANZA VERDE;47
CHIQUIZA;Hugo Alveiro Rosas Romero;PARTIDO ALIANZA VERDE;40
CHIQUIZA;Elsa Marlen Manrique Pulgar;PARTIDO LIBERAL COLOMBIANO;36
CHIQUIZA;Ricardo Alonso Rojas Sachica;PARTIDO ALIANZA VERDE;34
CHIQUIZA;Oscar Leonardo Montañez Sierra;PARTIDO CAMBIO RADICAL;23
CHIQUIZA;Juan Camilo Morales Rodriguez;PARTIDO LIBERAL COLOMBIANO;20
CHIQUIZA;Sandra Patricia Contreras Soto;PARTIDO LIBERAL COLOMBIANO;19
CHIQUIZA;Movimiento Alternativo Indigena Y Social Mais;MOVIMIENTO ALTERNATIVO INDIGENA Y SOCIAL MAIS;18
CHIQUIZA;Jose Armando Quiñones Garzon;PARTIDO CENTRO DEMOCRATICO;16
CHIQUIZA;Partido Cambio Radical;PARTIDO CAMBIO RADICAL;16
CHIQUIZA;Jorge Marin Jerez Amado;PARTIDO LIBERAL COLOMBIANO;14
CHIQUIZA;Gustavo Eduardo Castañeda Niño;PARTIDO ALIANZA VERDE;13
CHIQUIZA;Pedro Humberto Vargas Gomez;PARTIDO LIBERAL COLOMBIANO;12
CHIQUIZA;Jairo Enrique Cabana Fonseca;PARTIDO ALIANZA VERDE;11
CHIQUIZA;Johan Francisco Herrera Gualdron;PARTIDO ALIANZA VERDE;9
CHIQUIZA;Partido Colombia Justa Libres;PARTIDO COLOMBIA JUSTA LIBRES;9
CHIQUIZA;Segundo Fidel Salazar Gonzalez;PARTIDO SOCIAL DE UNIDAD NACIONAL  PARTIDO DE LA U;9
CHIQUIZA;Neddy Esther Sandoval Figueredo;PARTIDO LIBERAL COLOMBIANO;8
CHIQUIZA;Roman Hernando Ortega Hernandez;PARTIDO ALIANZA VERDE;8
CHIQUIZA;Maria De Los Santos Salamanca Silva;PARTIDO ALIANZA VERDE;7
CHIQUIZA;Omar Humberto Villamil Munevar;PARTIDO CONSERVADOR COLOMBIANO;6
CHIQUIZA;Ricardo Andres Español Teatino;PARTIDO LIBERAL COLOMBIANO;6
CHIQUIZA;Alfredo Horacio Correa Higuera;PARTIDO CAMBIO RADICAL;5
CHIQUIZA;Carlos Ernesto Torres Aguirre;PARTIDO CONSERVADOR COLOMBIANO;5
CHIQUIZA;Luis Carlos Ochoa Pasachoa;PARTIDO ALIANZA VERDE;5
CHIQUIZA;Mariev Bejarano Ospina;BOYACA DECENTE;5
CHIQUIZA;Sandra Milena Ramirez Moreno;PARTIDO CAMBIO RADICAL;5
CHIQUIZA;Sergio Cabra Sierra;PARTIDO SOCIAL DE UNIDAD NACIONAL  PARTIDO DE LA U;5
CHIQUIZA;Wilder Ivan Suesca Ochoa;PARTIDO CENTRO DEMOCRATICO;5
CHIQUIZA;Willian David Pabon Jimenez;PARTIDO SOCIAL DE UNIDAD NACIONAL  PARTIDO DE LA U;5
CHIQUIZA;Alvaro Hernan Forero Hurtado;BOYACA DECENTE;4
CHIQUIZA;Ana Adela Pulido Cuadros;PARTIDO CONSERVADOR COLOMBIANO;4
CHIQUIZA;Eliana Hasleidy Gamez Pinilla;PARTIDO CAMBIO RADICAL;4
CHIQUIZA;Hernando Arias Ochoa;PARTIDO ALIANZA SOCIAL INDEPENDIENTE ASI;4
CHIQUIZA;Ivan Ricardo Pirachican Bernal;PARTIDO CONSERVADOR COLOMBIANO;4
CHIQUIZA;Jorge Eduardo Diaz Avendaño;MOVIMIENTO ALTERNATIVO INDIGENA Y SOCIAL MAIS;4
CHIQUIZA;Antonio Ernesto Leguizamo Diaz;PARTIDO LIBERAL COLOMBIANO;3
CHIQUIZA;Boyaca Decente;BOYACA DECENTE;3
CHIQUIZA;David Santiago Diaz Guio;PARTIDO SOCIAL DE UNIDAD NACIONAL  PARTIDO DE LA U;3
CHIQUIZA;Erika Dayana Piragauta Rodriguez;PARTIDO LIBERAL COLOMBIANO;3
CHIQUIZA;Fredy Julian Castro Rodriguez;PARTIDO CENTRO DEMOCRATICO;3
CHIQUIZA;Hector Josue Camacho Acosta;PARTIDO CENTRO DEMOCRATICO;3
CHIQUIZA;Irma Yineth Velandia Sandoval;PARTIDO CAMBIO RADICAL;3
CHIQUIZA;Luis Carlos Machado Zapata;PARTIDO LIBERAL COLOMBIANO;3
CHIQUIZA;Merardo Vargas Roa;PARTIDO ALIANZA VERDE;3
CHIQUIZA;Nelson Mauricio Rodriguez Perez;PARTIDO CONSERVADOR COLOMBIANO;3
CHIQUIZA;Partido Centro Democratico;PARTIDO CENTRO DEMOCRATICO;3
CHIQUIZA;Partido Social De Unidad Nacional  Partido De La U;PARTIDO SOCIAL DE UNIDAD NACIONAL  PARTIDO DE LA U;3
CHIQUIZA;Sandra Patricia Ricaurte Espinel;PARTIDO CAMBIO RADICAL;3
CHIQUIZA;Edwin Andres Rodriguez Rodriguez;PARTIDO LIBERAL COLOMBIANO;2
CHIQUIZA;Estefany Johana Grajales Marin;MOVIMIENTO ALTERNATIVO INDIGENA Y SOCIAL MAIS;2
CHIQUIZA;Flor Elba Velandia Cely;PARTIDO ALIANZA SOCIAL INDEPENDIENTE ASI;2
CHIQUIZA;Giovanna Del Pilar Soto Barreto;PARTIDO CAMBIO RADICAL;2
CHIQUIZA;Ingrid Marlen Sogamoso Alfonso;PARTIDO CENTRO DEMOCRATICO;2
CHIQUIZA;Julian Guillermo Camargo Amortegui;MOVIMIENTO ALTERNATIVO INDIGENA Y SOCIAL MAIS;2
CHIQUIZA;Luz Dary Sevillano Guerrero;PARTIDO ALIANZA VERDE;2
CHIQUIZA;Nereo Baron Tellez;MOVIMIENTO ALTERNATIVO INDIGENA Y SOCIAL MAIS;2
CHIQUIZA;Partido Alianza Social Independiente Asi;PARTIDO ALIANZA SOCIAL INDEPENDIENTE ASI;2
CHIQUIZA;Partido Conservador Colombiano;PARTIDO CONSERVADOR COLOMBIANO;2
CHIQUIZA;Siervo Yesith Gonzalez Saavedra;PARTIDO CAMBIO RADICAL;2
CHIQUIZA;Uldarico Javier Ramirez Chilito;MOVIMIENTO ALTERNATIVO INDIGENA Y SOCIAL MAIS;2
CHIQUIZA;Wilton Fredy Castro Silva;PARTIDO ALIANZA VERDE;2
CHIQUIZA;Adriana Paola Laverde Rodriguez;MOVIMIENTO ALTERNATIVO INDIGENA Y SOCIAL MAIS;1
CHIQUIZA;Alberto Enrique Murillo Sanchez;PARTIDO CAMBIO RADICAL;1
CHIQUIZA;Ana Delia Avendaño Hernandez;PARTIDO LIBERAL COLOMBIANO;1
CHIQUIZA;Andrea Carolina Camargo Caro;MOVIMIENTO ALTERNATIVO INDIGENA Y SOCIAL MAIS;1
CHIQUIZA;Cesar Augusto Mojica Bedoya;PARTIDO SOCIAL DE UNIDAD NACIONAL  PARTIDO DE LA U;1
CHIQUIZA;Claudia Yaneth Avila Castillo;PARTIDO SOCIAL DE UNIDAD NACIONAL  PARTIDO DE LA U;1
CHIQUIZA;David Santiago Ochoa Garcia;PARTIDO SOCIAL DE UNIDAD NACIONAL  PARTIDO DE LA U;1
CHIQUIZA;Ericka Leonor Amador Gamarra;PARTIDO SOCIAL DE UNIDAD NACIONAL  PARTIDO DE LA U;1
CHIQUIZA;Jairo Correa Acevedo;MOVIMIENTO ALTERNATIVO INDIGENA Y SOCIAL MAIS;1
CHIQUIZA;Jhon Fredy Garavito Cortes;PARTIDO SOCIAL DE UNIDAD NACIONAL  PARTIDO DE LA U;1
CHIQUIZA;John Fredy Lopez Mora;MOVIMIENTO ALTERNATIVO INDIGENA Y SOCIAL MAIS;1
CHIQUIZA;Jose Dario Mahecha Castillo;PARTIDO CONSERVADOR COLOMBIANO;1
CHIQUIZA;Jose Leonidas Medina Cruz;PARTIDO SOCIAL DE UNIDAD NACIONAL  PARTIDO DE LA U;1
CHIQUIZA;Jose Mauricio Buitrago Rivera;PARTIDO CAMBIO RADICAL;1
CHIQUIZA;Laura Patricia Contreras Alvarez;PARTIDO ALIANZA SOCIAL INDEPENDIENTE ASI;1
CHIQUIZA;Luisa Fernanda Rodriguez Alfonso;PARTIDO ALIANZA VERDE;1
CHIQUIZA;Maira Adriana Zerda Gonzalez;PARTIDO ALIANZA VERDE;1
CHIQUIZA;Manuel Ricardo Mesa Trujillo;PARTIDO SOCIAL DE UNIDAD NACIONAL  PARTIDO DE LA U;1
CHIQUIZA;Mauricio Cadena Valero;PARTIDO CENTRO DEMOCRATICO;1
CHIQUIZA;Norman De Jesus Quintero Gallego;PARTIDO CONSERVADOR COLOMBIANO;1
CHIQUIZA;Orlando Florez Cuervo;PARTIDO CENTRO DEMOCRATICO;1
CHIQUIZA;Vivian Catherin Alvarez;PARTIDO ALIANZA SOCIAL INDEPENDIENTE ASI;1
CHIQUIZA;William Rodolfo Mesa Avella;PARTIDO CENTRO DEMOCRATICO;1
CHISCAS;Johan Francisco Herrera Gualdron;PARTIDO ALIANZA VERDE;979
CHISCAS;William Rodolfo Mesa Avella;PARTIDO CENTRO DEMOCRATICO;119
CHISCAS;Fabian Camilo Rojas Barrera;PARTIDO LIBERAL COLOMBIANO;116
CHISCAS;Ricardo Alonso Rojas Sachica;PARTIDO ALIANZA VERDE;96
CHISCAS;Wilkins Fernando Chaparro Cuervo;PARTIDO ALIANZA SOCIAL INDEPENDIENTE ASI;70
CHISCAS;Partido Alianza Verde;PARTIDO ALIANZA VERDE;49
CHISCAS;Jose Wilmar Leal Abril;PARTIDO CAMBIO RADICAL;40
CHISCAS;Anderson Joaquin Sanchez Ruiz;PARTIDO LIBERAL COLOMBIANO;36
CHISCAS;Angela Patricia Velandia Novoa;PARTIDO ALIANZA VERDE;30
CHISCAS;Cesar Augusto Mojica Bedoya;PARTIDO SOCIAL DE UNIDAD NACIONAL  PARTIDO DE LA U;29
CHISCAS;Nelson Mauricio Rodriguez Perez;PARTIDO CONSERVADOR COLOMBIANO;25
CHISCAS;Hector Josue Camacho Acosta;PARTIDO CENTRO DEMOCRATICO;21
CHISCAS;Alfredo Horacio Correa Higuera;PARTIDO CAMBIO RADICAL;20
CHISCAS;Armando Buitrago Acevedo;PARTIDO ALIANZA SOCIAL INDEPENDIENTE ASI;20
CHISCAS;Fernando Augusto Diaz Saenz;PARTIDO CONSERVADOR COLOMBIANO;18
CHISCAS;Pedro Pablo Salas Hernandez;PARTIDO ALIANZA VERDE;15
CHISCAS;Partido Alianza Social Independiente Asi;PARTIDO ALIANZA SOCIAL INDEPENDIENTE ASI;11
CHISCAS;Partido Centro Democratico;PARTIDO CENTRO DEMOCRATICO;11
CHISCAS;Partido Liberal Colombiano;PARTIDO LIBERAL COLOMBIANO;11
CHISCAS;Jairo Pacheco Suarez;PARTIDO LIBERAL COLOMBIANO;10
CHISCAS;Partido Colombia Justa Libres;PARTIDO COLOMBIA JUSTA LIBRES;10
CHISCAS;Sergio Cabra Sierra;PARTIDO SOCIAL DE UNIDAD NACIONAL  PARTIDO DE LA U;10
CHISCAS;Yury Neill Diaz Aranguren;MOVIMIENTO ALTERNATIVO INDIGENA Y SOCIAL MAIS;10
CHISCAS;Fernando Alexander Serrato Fonseca;PARTIDO LIBERAL COLOMBIANO;9
CHISCAS;Ingrid Marlen Sogamoso Alfonso;PARTIDO CENTRO DEMOCRATICO;9
CHISCAS;Jairo Correa Acevedo;MOVIMIENTO ALTERNATIVO INDIGENA Y SOCIAL MAIS;8
CHISCAS;Yamir Oswaldo Lopez Peña;PARTIDO ALIANZA VERDE;8
CHISCAS;Andres Mauricio Escarria Barraza;PARTIDO CAMBIO RADICAL;7
CHISCAS;Gustavo Eduardo Castañeda Niño;PARTIDO ALIANZA VERDE;7
CHISCAS;Partido Cambio Radical;PARTIDO CAMBIO RADICAL;7
CHISCAS;Segundo Fidel Salazar Gonzalez;PARTIDO SOCIAL DE UNIDAD NACIONAL  PARTIDO DE LA U;6
CHISCAS;Jhon Fredy Garavito Cortes;PARTIDO SOCIAL DE UNIDAD NACIONAL  PARTIDO DE LA U;5
CHISCAS;Jorge Enrique Camacho Rodriguez;PARTIDO ALIANZA SOCIAL INDEPENDIENTE ASI;5
CHISCAS;Jorge Eduardo Diaz Avendaño;MOVIMIENTO ALTERNATIVO INDIGENA Y SOCIAL MAIS;4
CHISCAS;Jose Dario Mahecha Castillo;PARTIDO CONSERVADOR COLOMBIANO;4
CHISCAS;Luz Dary Sevillano Guerrero;PARTIDO ALIANZA VERDE;4
CHISCAS;Maira Adriana Zerda Gonzalez;PARTIDO ALIANZA VERDE;4
CHISCAS;Pedro Humberto Vargas Gomez;PARTIDO LIBERAL COLOMBIANO;4
CHISCAS;Antonio Ernesto Leguizamo Diaz;PARTIDO LIBERAL COLOMBIANO;3
CHISCAS;Flor Elba Velandia Cely;PARTIDO ALIANZA SOCIAL INDEPENDIENTE ASI;3
CHISCAS;Fredy Leonardo Rojas Vargas;PARTIDO CENTRO DEMOCRATICO;3
CHISCAS;Juddy Alexandra Jimenez Cuadros;PARTIDO SOCIAL DE UNIDAD NACIONAL  PARTIDO DE LA U;3
CHISCAS;Omar Fernando Valderrama Baez;PARTIDO CENTRO DEMOCRATICO;3
CHISCAS;Orlando Florez Cuervo;PARTIDO CENTRO DEMOCRATICO;3
CHISCAS;Partido Social De Unidad Nacional  Partido De La U;PARTIDO SOCIAL DE UNIDAD NACIONAL  PARTIDO DE LA U;3
CHISCAS;Roman Hernando Ortega Hernandez;PARTIDO ALIANZA VERDE;3
CHISCAS;Siervo Yesith Gonzalez Saavedra;PARTIDO CAMBIO RADICAL;3
CHISCAS;Uldarico Javier Ramirez Chilito;MOVIMIENTO ALTERNATIVO INDIGENA Y SOCIAL MAIS;3
CHISCAS;Alberto Enrique Murillo Sanchez;PARTIDO CAMBIO RADICAL;2
CHISCAS;Carlos Julian Diaz Franco;PARTIDO ALIANZA SOCIAL INDEPENDIENTE ASI;2
CHISCAS;Edwin Alfonso Perez Beltran;PARTIDO ALIANZA SOCIAL INDEPENDIENTE ASI;2
CHISCAS;Erika Dayana Piragauta Rodriguez;PARTIDO LIBERAL COLOMBIANO;2
CHISCAS;Henry Goyeneche Hormaza;PARTIDO ALIANZA SOCIAL INDEPENDIENTE ASI;2
CHISCAS;Juan Camilo Morales Rodriguez;PARTIDO LIBERAL COLOMBIANO;2
CHISCAS;Luis Carlos Machado Zapata;PARTIDO LIBERAL COLOMBIANO;2
CHISCAS;Merardo Vargas Roa;PARTIDO ALIANZA VERDE;2
CHISCAS;Oscar Leonardo Montañez Sierra;PARTIDO CAMBIO RADICAL;2
CHISCAS;Yadith Milena Martinez Farfan;PARTIDO CENTRO DEMOCRATICO;2
CHISCAS;Ana Lucia Parra Monroy;PARTIDO SOCIAL DE UNIDAD NACIONAL  PARTIDO DE LA U;1
CHISCAS;Carlos Alfredo Siza Blanco;PARTIDO CONSERVADOR COLOMBIANO;1
CHISCAS;Carlos Eduardo Vega Alvarez;BOYACA DECENTE;1
CHISCAS;Claudia Yaneth Avila Castillo;PARTIDO SOCIAL DE UNIDAD NACIONAL  PARTIDO DE LA U;1
CHISCAS;Daniel Fernando Mejia Lozano;PARTIDO ALIANZA SOCIAL INDEPENDIENTE ASI;1
CHISCAS;Eliana Hasleidy Gamez Pinilla;PARTIDO CAMBIO RADICAL;1
CHISCAS;Eliana Maria Villate Fonseca;PARTIDO CONSERVADOR COLOMBIANO;1
CHISCAS;Elsa Marlen Manrique Pulgar;PARTIDO LIBERAL COLOMBIANO;1
CHISCAS;Estefany Johana Grajales Marin;MOVIMIENTO ALTERNATIVO INDIGENA Y SOCIAL MAIS;1
CHISCAS;Fredy Julian Castro Rodriguez;PARTIDO CENTRO DEMOCRATICO;1
CHISCAS;Ivan Ricardo Pirachican Bernal;PARTIDO CONSERVADOR COLOMBIANO;1
CHISCAS;Jaime Andres Gomez Gomez;PARTIDO CONSERVADOR COLOMBIANO;1
CHISCAS;Jose Mauricio Buitrago Rivera;PARTIDO CAMBIO RADICAL;1
CHISCAS;Luis Carlos Ochoa Pasachoa;PARTIDO ALIANZA VERDE;1
CHISCAS;Mauricio Cadena Valero;PARTIDO CENTRO DEMOCRATICO;1
CHISCAS;Neddy Esther Sandoval Figueredo;PARTIDO LIBERAL COLOMBIANO;1
CHISCAS;Nelsy Yolanda Rivera Ferrucho;BOYACA DECENTE;1
CHISCAS;Nereo Baron Tellez;MOVIMIENTO ALTERNATIVO INDIGENA Y SOCIAL MAIS;1
CHISCAS;Olga Niño Rojas;PARTIDO CENTRO DEMOCRATICO;1
CHISCAS;Partido Conservador Colombiano;PARTIDO CONSERVADOR COLOMBIANO;1
CHISCAS;Sandra Milena Ramirez Moreno;PARTIDO CAMBIO RADICAL;1
CHITA;Jairo Correa Acevedo;MOVIMIENTO ALTERNATIVO INDIGENA Y SOCIAL MAIS;318
CHITA;Wilder Ivan Suesca Ochoa;PARTIDO CENTRO DEMOCRATICO;286
CHITA;Johan Francisco Herrera Gualdron;PARTIDO ALIANZA VERDE;212
CHITA;Yamir Oswaldo Lopez Peña;PARTIDO ALIANZA VERDE;151
CHITA;Angela Patricia Velandia Novoa;PARTIDO ALIANZA VERDE;101
CHITA;Luis Carlos Ochoa Pasachoa;PARTIDO ALIANZA VERDE;93
CHITA;Fernando Alexander Serrato Fonseca;PARTIDO LIBERAL COLOMBIANO;89
CHITA;Ivan Ricardo Pirachican Bernal;PARTIDO CONSERVADOR COLOMBIANO;87
CHITA;Hector Josue Camacho Acosta;PARTIDO CENTRO DEMOCRATICO;77
CHITA;Nelson Mauricio Rodriguez Perez;PARTIDO CONSERVADOR COLOMBIANO;70
CHITA;Partido Alianza Verde;PARTIDO ALIANZA VERDE;69
CHITA;Partido Colombia Justa Libres;PARTIDO COLOMBIA JUSTA LIBRES;62
CHITA;Partido Cambio Radical;PARTIDO CAMBIO RADICAL;58
CHITA;Partido Conservador Colombiano;PARTIDO CONSERVADOR COLOMBIANO;58
CHITA;Jose Antonio Estupiñan Caceres;PARTIDO CONSERVADOR COLOMBIANO;47
CHITA;Fernando Augusto Diaz Saenz;PARTIDO CONSERVADOR COLOMBIANO;46
CHITA;Jose Wilmar Leal Abril;PARTIDO CAMBIO RADICAL;45
CHITA;Partido Centro Democratico;PARTIDO CENTRO DEMOCRATICO;45
CHITA;Jose Dario Mahecha Castillo;PARTIDO CONSERVADOR COLOMBIANO;39
CHITA;Movimiento Alternativo Indigena Y Social Mais;MOVIMIENTO ALTERNATIVO INDIGENA Y SOCIAL MAIS;39
CHITA;Hugo Alveiro Rosas Romero;PARTIDO ALIANZA VERDE;31
CHITA;Jairo Pacheco Suarez;PARTIDO LIBERAL COLOMBIANO;30
CHITA;Pedro Pablo Salas Hernandez;PARTIDO ALIANZA VERDE;30
CHITA;Norman De Jesus Quintero Gallego;PARTIDO CONSERVADOR COLOMBIANO;29
CHITA;Ricardo Alonso Rojas Sachica;PARTIDO ALIANZA VERDE;29
CHITA;Antonio Ernesto Leguizamo Diaz;PARTIDO LIBERAL COLOMBIANO;28
CHITA;Siervo Yesith Gonzalez Saavedra;PARTIDO CAMBIO RADICAL;28
CHITA;Oscar Leonardo Montañez Sierra;PARTIDO CAMBIO RADICAL;26
CHITA;Gustavo Eduardo Castañeda Niño;PARTIDO ALIANZA VERDE;24
CHITA;Jose Armando Quiñones Garzon;PARTIDO CENTRO DEMOCRATICO;23
CHITA;Mauricio Cadena Valero;PARTIDO CENTRO DEMOCRATICO;22
CHITA;Alfredo Horacio Correa Higuera;PARTIDO CAMBIO RADICAL;21
CHITA;Irma Yineth Velandia Sandoval;PARTIDO CAMBIO RADICAL;20
CHITA;Juan Camilo Morales Rodriguez;PARTIDO LIBERAL COLOMBIANO;20
CHITA;Anderson Joaquin Sanchez Ruiz;PARTIDO LIBERAL COLOMBIANO;19
CHITA;Carlos Alfredo Siza Blanco;PARTIDO CONSERVADOR COLOMBIANO;17
CHITA;Orlando Florez Cuervo;PARTIDO CENTRO DEMOCRATICO;16
CHITA;Concha Jael Vargas Saavedra;PARTIDO CONSERVADOR COLOMBIANO;15
CHITA;Wilton Fredy Castro Silva;PARTIDO ALIANZA VERDE;15
CHITA;Ingrid Marlen Sogamoso Alfonso;PARTIDO CENTRO DEMOCRATICO;14
CHITA;Jaime Andres Gomez Gomez;PARTIDO CONSERVADOR COLOMBIANO;13
CHITA;Partido Liberal Colombiano;PARTIDO LIBERAL COLOMBIANO;13
CHITA;Wilkins Fernando Chaparro Cuervo;PARTIDO ALIANZA SOCIAL INDEPENDIENTE ASI;12
CHITA;Luz Dary Sevillano Guerrero;PARTIDO ALIANZA VERDE;10
CHITA;Merardo Vargas Roa;PARTIDO ALIANZA VERDE;10
CHITA;Roman Hernando Ortega Hernandez;PARTIDO ALIANZA VERDE;10
CHITA;William Rodolfo Mesa Avella;PARTIDO CENTRO DEMOCRATICO;10
CHITA;Eliana Hasleidy Gamez Pinilla;PARTIDO CAMBIO RADICAL;9
CHITA;Jorge Enrique Camacho Rodriguez;PARTIDO ALIANZA SOCIAL INDEPENDIENTE ASI;9
CHITA;Jose Mauricio Buitrago Rivera;PARTIDO CAMBIO RADICAL;9
CHITA;Maria De Los Santos Salamanca Silva;PARTIDO ALIANZA VERDE;9
CHITA;Partido Alianza Social Independiente Asi;PARTIDO ALIANZA SOCIAL INDEPENDIENTE ASI;9
CHITA;Alberto Enrique Murillo Sanchez;PARTIDO CAMBIO RADICAL;8
CHITA;Armando Buitrago Acevedo;PARTIDO ALIANZA SOCIAL INDEPENDIENTE ASI;8
CHITA;Jorge Eduardo Diaz Avendaño;MOVIMIENTO ALTERNATIVO INDIGENA Y SOCIAL MAIS;8
CHITA;Jose Agustin Arias Millan;PARTIDO CENTRO DEMOCRATICO;8
CHITA;Sandra Patricia Contreras Soto;PARTIDO LIBERAL COLOMBIANO;8
CHITA;Ana Adela Pulido Cuadros;PARTIDO CONSERVADOR COLOMBIANO;7
CHITA;Daniel Fernando Mejia Lozano;PARTIDO ALIANZA SOCIAL INDEPENDIENTE ASI;7
CHITA;Fredy Enrique Segura Alonso;BOYACA DECENTE;7
CHITA;Luisa Fernanda Rodriguez Alfonso;PARTIDO ALIANZA VERDE;7
CHITA;Omar Fernando Valderrama Baez;PARTIDO CENTRO DEMOCRATICO;7
CHITA;Partido Social De Unidad Nacional  Partido De La U;PARTIDO SOCIAL DE UNIDAD NACIONAL  PARTIDO DE LA U;7
CHITA;Sonia Esperanza Lopez Barrera;PARTIDO CONSERVADOR COLOMBIANO;7
CHITA;Fredy Leonardo Rojas Vargas;PARTIDO CENTRO DEMOCRATICO;6
CHITA;Helver Ariel Avila Panche;PARTIDO CENTRO DEMOCRATICO;6
CHITA;Jorge Marin Jerez Amado;PARTIDO LIBERAL COLOMBIANO;6
CHITA;Sandra Milena Ramirez Moreno;PARTIDO CAMBIO RADICAL;6
CHITA;Cesar Augusto Mojica Bedoya;PARTIDO SOCIAL DE UNIDAD NACIONAL  PARTIDO DE LA U;5
CHITA;Estefany Johana Grajales Marin;MOVIMIENTO ALTERNATIVO INDIGENA Y SOCIAL MAIS;5
CHITA;Fredy Julian Castro Rodriguez;PARTIDO CENTRO DEMOCRATICO;5
CHITA;John Fredy Lopez Mora;MOVIMIENTO ALTERNATIVO INDIGENA Y SOCIAL MAIS;5
CHITA;Juddy Alexandra Jimenez Cuadros;PARTIDO SOCIAL DE UNIDAD NACIONAL  PARTIDO DE LA U;5
CHITA;Julian Guillermo Camargo Amortegui;MOVIMIENTO ALTERNATIVO INDIGENA Y SOCIAL MAIS;5
CHITA;Pedro Humberto Vargas Gomez;PARTIDO LIBERAL COLOMBIANO;5
CHITA;Segundo Fidel Salazar Gonzalez;PARTIDO SOCIAL DE UNIDAD NACIONAL  PARTIDO DE LA U;5
CHITA;Angela Magaly Garcia Rivera;MOVIMIENTO ALTERNATIVO INDIGENA Y SOCIAL MAIS;4
CHITA;Eliana Maria Villate Fonseca;PARTIDO CONSERVADOR COLOMBIANO;4
CHITA;Elsa Marlen Manrique Pulgar;PARTIDO LIBERAL COLOMBIANO;4
CHITA;Hernando Arias Ochoa;PARTIDO ALIANZA SOCIAL INDEPENDIENTE ASI;4
CHITA;Lizeth Paola Saade Fuentes;MOVIMIENTO ALTERNATIVO INDIGENA Y SOCIAL MAIS;4
CHITA;Manuel Ricardo Mesa Trujillo;PARTIDO SOCIAL DE UNIDAD NACIONAL  PARTIDO DE LA U;4
CHITA;Olga Niño Rojas;PARTIDO CENTRO DEMOCRATICO;4
CHITA;Yury Neill Diaz Aranguren;MOVIMIENTO ALTERNATIVO INDIGENA Y SOCIAL MAIS;4
CHITA;Ana Delia Avendaño Hernandez;PARTIDO LIBERAL COLOMBIANO;3
CHITA;Andrea Carolina Camargo Caro;MOVIMIENTO ALTERNATIVO INDIGENA Y SOCIAL MAIS;3
CHITA;Andres Mauricio Escarria Barraza;PARTIDO CAMBIO RADICAL;3
CHITA;Carlos Ernesto Torres Aguirre;PARTIDO CONSERVADOR COLOMBIANO;3
CHITA;Fabian Camilo Rojas Barrera;PARTIDO LIBERAL COLOMBIANO;3
CHITA;Katherin Tatiana Calderon Acosta;PARTIDO CENTRO DEMOCRATICO;3
CHITA;Laura Patricia Contreras Alvarez;PARTIDO ALIANZA SOCIAL INDEPENDIENTE ASI;3
CHITA;Nelsy Yolanda Rivera Ferrucho;BOYACA DECENTE;3
CHITA;Willian David Pabon Jimenez;PARTIDO SOCIAL DE UNIDAD NACIONAL  PARTIDO DE LA U;3
CHITA;Adriana Paola Laverde Rodriguez;MOVIMIENTO ALTERNATIVO INDIGENA Y SOCIAL MAIS;2
CHITA;Alvaro Hernan Forero Hurtado;BOYACA DECENTE;2
CHITA;Aura Lucia Ortiz Cardona;PARTIDO CENTRO DEMOCRATICO;2
CHITA;Carmen Liria Prieto Cortes;BOYACA DECENTE;2
CHITA;Ericka Leonor Amador Gamarra;PARTIDO SOCIAL DE UNIDAD NACIONAL  PARTIDO DE LA U;2
CHITA;Giovanna Del Pilar Soto Barreto;PARTIDO CAMBIO RADICAL;2
CHITA;Henry Goyeneche Hormaza;PARTIDO ALIANZA SOCIAL INDEPENDIENTE ASI;2
CHITA;Jairo Enrique Cabana Fonseca;PARTIDO ALIANZA VERDE;2
CHITA;Jhon Fredy Garavito Cortes;PARTIDO SOCIAL DE UNIDAD NACIONAL  PARTIDO DE LA U;2
CHITA;Mariev Bejarano Ospina;BOYACA DECENTE;2
CHITA;Martha Ines Zipa Martinez;PARTIDO CAMBIO RADICAL;2
CHITA;Pablo Antonio Zambrano Salamanca;PARTIDO CONSERVADOR COLOMBIANO;2
CHITA;Sandra Patricia Ricaurte Espinel;PARTIDO CAMBIO RADICAL;2
CHITA;Sergio Cabra Sierra;PARTIDO SOCIAL DE UNIDAD NACIONAL  PARTIDO DE LA U;2
CHITA;Yadith Milena Martinez Farfan;PARTIDO CENTRO DEMOCRATICO;2
CHITA;Alba Luz Becerra Becerra;PARTIDO ALIANZA SOCIAL INDEPENDIENTE ASI;1
CHITA;Ana Lucia Parra Monroy;PARTIDO SOCIAL DE UNIDAD NACIONAL  PARTIDO DE LA U;1
CHITA;Angela Rocio Umaña Rojas;PARTIDO CONSERVADOR COLOMBIANO;1
CHITA;Boyaca Decente;BOYACA DECENTE;1
CHITA;Claudia Yaneth Avila Castillo;PARTIDO SOCIAL DE UNIDAD NACIONAL  PARTIDO DE LA U;1
CHITA;David Santiago Ochoa Garcia;PARTIDO SOCIAL DE UNIDAD NACIONAL  PARTIDO DE LA U;1
CHITA;Edwin Andres Rodriguez Rodriguez;PARTIDO LIBERAL COLOMBIANO;1
CHITA;Jhonnatan Jairo Avellaneda Mesa;MOVIMIENTO ALTERNATIVO INDIGENA Y SOCIAL MAIS;1
CHITA;Julieth Rocio Montañez Niño;PARTIDO ALIANZA SOCIAL INDEPENDIENTE ASI;1
CHITA;Luis Carlos Bernal Mesa;PARTIDO SOCIAL DE UNIDAD NACIONAL  PARTIDO DE LA U;1
CHITA;Luis Carlos Machado Zapata;PARTIDO LIBERAL COLOMBIANO;1
CHITA;Maira Adriana Zerda Gonzalez;PARTIDO ALIANZA VERDE;1
CHITA;Neddy Esther Sandoval Figueredo;PARTIDO LIBERAL COLOMBIANO;1
CHITA;Nereo Baron Tellez;MOVIMIENTO ALTERNATIVO INDIGENA Y SOCIAL MAIS;1
CHITA;Omar Humberto Villamil Munevar;PARTIDO CONSERVADOR COLOMBIANO;1
CHITA;Vivian Catherin Alvarez;PARTIDO ALIANZA SOCIAL INDEPENDIENTE ASI;1
CHITARAQUE;Partido Colombia Justa Libres;PARTIDO COLOMBIA JUSTA LIBRES;638
CHITARAQUE;Jose Armando Quiñones Garzon;PARTIDO CENTRO DEMOCRATICO;210
CHITARAQUE;Omar Fernando Valderrama Baez;PARTIDO CENTRO DEMOCRATICO;202
CHITARAQUE;Fernando Alexander Serrato Fonseca;PARTIDO LIBERAL COLOMBIANO;190
CHITARAQUE;Hector Josue Camacho Acosta;PARTIDO CENTRO DEMOCRATICO;124
CHITARAQUE;Luis Carlos Ochoa Pasachoa;PARTIDO ALIANZA VERDE;117
CHITARAQUE;Ingrid Marlen Sogamoso Alfonso;PARTIDO CENTRO DEMOCRATICO;96
CHITARAQUE;Partido Cambio Radical;PARTIDO CAMBIO RADICAL;89
CHITARAQUE;Partido Centro Democratico;PARTIDO CENTRO DEMOCRATICO;78
CHITARAQUE;Oscar Leonardo Montañez Sierra;PARTIDO CAMBIO RADICAL;71
CHITARAQUE;Jose Dario Mahecha Castillo;PARTIDO CONSERVADOR COLOMBIANO;68
CHITARAQUE;Carlos Julian Diaz Franco;PARTIDO ALIANZA SOCIAL INDEPENDIENTE ASI;58
CHITARAQUE;Partido Alianza Verde;PARTIDO ALIANZA VERDE;58
CHITARAQUE;Alberto Enrique Murillo Sanchez;PARTIDO CAMBIO RADICAL;45
CHITARAQUE;Hugo Alveiro Rosas Romero;PARTIDO ALIANZA VERDE;38
CHITARAQUE;Jose Mauricio Buitrago Rivera;PARTIDO CAMBIO RADICAL;37
CHITARAQUE;William Rodolfo Mesa Avella;PARTIDO CENTRO DEMOCRATICO;36
CHITARAQUE;Yamir Oswaldo Lopez Peña;PARTIDO ALIANZA VERDE;36
CHITARAQUE;Partido Liberal Colombiano;PARTIDO LIBERAL COLOMBIANO;35
CHITARAQUE;Yury Neill Diaz Aranguren;MOVIMIENTO ALTERNATIVO INDIGENA Y SOCIAL MAIS;33
CHITARAQUE;Luis Carlos Bernal Mesa;PARTIDO SOCIAL DE UNIDAD NACIONAL  PARTIDO DE LA U;32
CHITARAQUE;Anderson Joaquin Sanchez Ruiz;PARTIDO LIBERAL COLOMBIANO;31
CHITARAQUE;Roman Hernando Ortega Hernandez;PARTIDO ALIANZA VERDE;31
CHITARAQUE;Partido Social De Unidad Nacional  Partido De La U;PARTIDO SOCIAL DE UNIDAD NACIONAL  PARTIDO DE LA U;28
CHITARAQUE;Erika Dayana Piragauta Rodriguez;PARTIDO LIBERAL COLOMBIANO;27
CHITARAQUE;Manuel Ricardo Mesa Trujillo;PARTIDO SOCIAL DE UNIDAD NACIONAL  PARTIDO DE LA U;23
CHITARAQUE;Jorge Eduardo Diaz Avendaño;MOVIMIENTO ALTERNATIVO INDIGENA Y SOCIAL MAIS;22
CHITARAQUE;Elsa Marlen Manrique Pulgar;PARTIDO LIBERAL COLOMBIANO;19
CHITARAQUE;Alfredo Horacio Correa Higuera;PARTIDO CAMBIO RADICAL;18
CHITARAQUE;Andres Mauricio Escarria Barraza;PARTIDO CAMBIO RADICAL;17
CHITARAQUE;Ivan Ricardo Pirachican Bernal;PARTIDO CONSERVADOR COLOMBIANO;16
CHITARAQUE;Jairo Pacheco Suarez;PARTIDO LIBERAL COLOMBIANO;14
CHITARAQUE;Ricardo Andres Español Teatino;PARTIDO LIBERAL COLOMBIANO;14
CHITARAQUE;Johan Francisco Herrera Gualdron;PARTIDO ALIANZA VERDE;13
CHITARAQUE;Nereo Baron Tellez;MOVIMIENTO ALTERNATIVO INDIGENA Y SOCIAL MAIS;13
CHITARAQUE;Partido Conservador Colombiano;PARTIDO CONSERVADOR COLOMBIANO;13
CHITARAQUE;Fabian Camilo Rojas Barrera;PARTIDO LIBERAL COLOMBIANO;12
CHITARAQUE;Merardo Vargas Roa;PARTIDO ALIANZA VERDE;12
CHITARAQUE;Ricardo Alonso Rojas Sachica;PARTIDO ALIANZA VERDE;12
CHITARAQUE;Angela Patricia Velandia Novoa;PARTIDO ALIANZA VERDE;11
CHITARAQUE;Juan Camilo Morales Rodriguez;PARTIDO LIBERAL COLOMBIANO;11
CHITARAQUE;Yadith Milena Martinez Farfan;PARTIDO CENTRO DEMOCRATICO;11
CHITARAQUE;Siervo Yesith Gonzalez Saavedra;PARTIDO CAMBIO RADICAL;10
CHITARAQUE;Mauricio Cadena Valero;PARTIDO CENTRO DEMOCRATICO;9
CHITARAQUE;Olga Niño Rojas;PARTIDO CENTRO DEMOCRATICO;9
CHITARAQUE;Partido Alianza Social Independiente Asi;PARTIDO ALIANZA SOCIAL INDEPENDIENTE ASI;9
CHITARAQUE;Pedro Pablo Salas Hernandez;PARTIDO ALIANZA VERDE;9
CHITARAQUE;Fredy Leonardo Rojas Vargas;PARTIDO CENTRO DEMOCRATICO;8
CHITARAQUE;Irma Yineth Velandia Sandoval;PARTIDO CAMBIO RADICAL;8
CHITARAQUE;Movimiento Alternativo Indigena Y Social Mais;MOVIMIENTO ALTERNATIVO INDIGENA Y SOCIAL MAIS;8
CHITARAQUE;Orlando Florez Cuervo;PARTIDO CENTRO DEMOCRATICO;8
CHITARAQUE;Willian David Pabon Jimenez;PARTIDO SOCIAL DE UNIDAD NACIONAL  PARTIDO DE LA U;8
CHITARAQUE;Ana Lucia Parra Monroy;PARTIDO SOCIAL DE UNIDAD NACIONAL  PARTIDO DE LA U;7
CHITARAQUE;Fredy Julian Castro Rodriguez;PARTIDO CENTRO DEMOCRATICO;7
CHITARAQUE;Jose Wilmar Leal Abril;PARTIDO CAMBIO RADICAL;7
CHITARAQUE;Claudia Yaneth Avila Castillo;PARTIDO SOCIAL DE UNIDAD NACIONAL  PARTIDO DE LA U;6
CHITARAQUE;Gustavo Eduardo Castañeda Niño;PARTIDO ALIANZA VERDE;6
CHITARAQUE;Hernando Arias Ochoa;PARTIDO ALIANZA SOCIAL INDEPENDIENTE ASI;6
CHITARAQUE;Jorge Marin Jerez Amado;PARTIDO LIBERAL COLOMBIANO;6
CHITARAQUE;Jose Antonio Estupiñan Caceres;PARTIDO CONSERVADOR COLOMBIANO;6
CHITARAQUE;Armando Buitrago Acevedo;PARTIDO ALIANZA SOCIAL INDEPENDIENTE ASI;5
CHITARAQUE;Jhonnatan Jairo Avellaneda Mesa;MOVIMIENTO ALTERNATIVO INDIGENA Y SOCIAL MAIS;5
CHITARAQUE;Martha Ines Zipa Martinez;PARTIDO CAMBIO RADICAL;5
CHITARAQUE;Sandra Patricia Ricaurte Espinel;PARTIDO CAMBIO RADICAL;5
CHITARAQUE;Wilkins Fernando Chaparro Cuervo;PARTIDO ALIANZA SOCIAL INDEPENDIENTE ASI;5
CHITARAQUE;Ana Adela Pulido Cuadros;PARTIDO CONSERVADOR COLOMBIANO;4
CHITARAQUE;Angela Rocio Umaña Rojas;PARTIDO CONSERVADOR COLOMBIANO;4
CHITARAQUE;Concha Jael Vargas Saavedra;PARTIDO CONSERVADOR COLOMBIANO;4
CHITARAQUE;Giovanna Del Pilar Soto Barreto;PARTIDO CAMBIO RADICAL;4
CHITARAQUE;Jorge Enrique Camacho Rodriguez;PARTIDO ALIANZA SOCIAL INDEPENDIENTE ASI;4
CHITARAQUE;Luisa Fernanda Rodriguez Alfonso;PARTIDO ALIANZA VERDE;4
CHITARAQUE;Luz Dary Sevillano Guerrero;PARTIDO ALIANZA VERDE;4
CHITARAQUE;Maria De Los Santos Salamanca Silva;PARTIDO ALIANZA VERDE;4
CHITARAQUE;Pedro Humberto Vargas Gomez;PARTIDO LIBERAL COLOMBIANO;4
CHITARAQUE;Wilder Ivan Suesca Ochoa;PARTIDO CENTRO DEMOCRATICO;4
CHITARAQUE;Alba Luz Becerra Becerra;PARTIDO ALIANZA SOCIAL INDEPENDIENTE ASI;3
CHITARAQUE;Andrea Carolina Camargo Caro;MOVIMIENTO ALTERNATIVO INDIGENA Y SOCIAL MAIS;3
CHITARAQUE;Cesar Augusto Mojica Bedoya;PARTIDO SOCIAL DE UNIDAD NACIONAL  PARTIDO DE LA U;3
CHITARAQUE;David Santiago Ochoa Garcia;PARTIDO SOCIAL DE UNIDAD NACIONAL  PARTIDO DE LA U;3
CHITARAQUE;Edwin Alfonso Perez Beltran;PARTIDO ALIANZA SOCIAL INDEPENDIENTE ASI;3
CHITARAQUE;Eliana Hasleidy Gamez Pinilla;PARTIDO CAMBIO RADICAL;3
CHITARAQUE;Estefany Johana Grajales Marin;MOVIMIENTO ALTERNATIVO INDIGENA Y SOCIAL MAIS;3
CHITARAQUE;Fernando Augusto Diaz Saenz;PARTIDO CONSERVADOR COLOMBIANO;3
CHITARAQUE;Flor Elba Velandia Cely;PARTIDO ALIANZA SOCIAL INDEPENDIENTE ASI;3
CHITARAQUE;Helver Ariel Avila Panche;PARTIDO CENTRO DEMOCRATICO;3
CHITARAQUE;Jairo Enrique Cabana Fonseca;PARTIDO ALIANZA VERDE;3
CHITARAQUE;Jhon Fredy Garavito Cortes;PARTIDO SOCIAL DE UNIDAD NACIONAL  PARTIDO DE LA U;3
CHITARAQUE;Katherin Tatiana Calderon Acosta;PARTIDO CENTRO DEMOCRATICO;3
CHITARAQUE;Sandra Milena Ramirez Moreno;PARTIDO CAMBIO RADICAL;3
CHITARAQUE;Sonia Esperanza Lopez Barrera;PARTIDO CONSERVADOR COLOMBIANO;3
CHITARAQUE;Wilton Fredy Castro Silva;PARTIDO ALIANZA VERDE;3
CHITARAQUE;Adriana Paola Laverde Rodriguez;MOVIMIENTO ALTERNATIVO INDIGENA Y SOCIAL MAIS;2
CHITARAQUE;Boyaca Decente;BOYACA DECENTE;2
CHITARAQUE;Daniel Fernando Mejia Lozano;PARTIDO ALIANZA SOCIAL INDEPENDIENTE ASI;2
CHITARAQUE;Eliana Maria Villate Fonseca;PARTIDO CONSERVADOR COLOMBIANO;2
CHITARAQUE;Fredy Enrique Segura Alonso;BOYACA DECENTE;2
CHITARAQUE;Henry Goyeneche Hormaza;PARTIDO ALIANZA SOCIAL INDEPENDIENTE ASI;2
CHITARAQUE;Jose Agustin Arias Millan;PARTIDO CENTRO DEMOCRATICO;2
CHITARAQUE;Luis Carlos Machado Zapata;PARTIDO LIBERAL COLOMBIANO;2
CHITARAQUE;Nelson Mauricio Rodriguez Perez;PARTIDO CONSERVADOR COLOMBIANO;2
CHITARAQUE;Sergio Cabra Sierra;PARTIDO SOCIAL DE UNIDAD NACIONAL  PARTIDO DE LA U;2
CHITARAQUE;Alvaro Hernan Forero Hurtado;BOYACA DECENTE;1
CHITARAQUE;Ana Delia Avendaño Hernandez;PARTIDO LIBERAL COLOMBIANO;1
CHITARAQUE;Antonio Ernesto Leguizamo Diaz;PARTIDO LIBERAL COLOMBIANO;1
CHITARAQUE;Carlos Eduardo Vega Alvarez;BOYACA DECENTE;1
CHITARAQUE;Carlos Ernesto Torres Aguirre;PARTIDO CONSERVADOR COLOMBIANO;1
CHITARAQUE;Claudia Patricia Barrera Patiño;PARTIDO SOCIAL DE UNIDAD NACIONAL  PARTIDO DE LA U;1
CHITARAQUE;David Alejandro Avila Cely;MOVIMIENTO ALTERNATIVO INDIGENA Y SOCIAL MAIS;1
CHITARAQUE;David Santiago Diaz Guio;PARTIDO SOCIAL DE UNIDAD NACIONAL  PARTIDO DE LA U;1
CHITARAQUE;Edwin Andres Rodriguez Rodriguez;PARTIDO LIBERAL COLOMBIANO;1
CHITARAQUE;Ericka Leonor Amador Gamarra;PARTIDO SOCIAL DE UNIDAD NACIONAL  PARTIDO DE LA U;1
CHITARAQUE;Jaime Andres Gomez Gomez;PARTIDO CONSERVADOR COLOMBIANO;1
CHITARAQUE;John Fredy Lopez Mora;MOVIMIENTO ALTERNATIVO INDIGENA Y SOCIAL MAIS;1
CHITARAQUE;Juddy Alexandra Jimenez Cuadros;PARTIDO SOCIAL DE UNIDAD NACIONAL  PARTIDO DE LA U;1
CHITARAQUE;Julieth Rocio Montañez Niño;PARTIDO ALIANZA SOCIAL INDEPENDIENTE ASI;1
CHITARAQUE;Laura Patricia Contreras Alvarez;PARTIDO ALIANZA SOCIAL INDEPENDIENTE ASI;1
CHITARAQUE;Lizeth Paola Saade Fuentes;MOVIMIENTO ALTERNATIVO INDIGENA Y SOCIAL MAIS;1
CHITARAQUE;Mariev Bejarano Ospina;BOYACA DECENTE;1
CHITARAQUE;Neddy Esther Sandoval Figueredo;PARTIDO LIBERAL COLOMBIANO;1
CHITARAQUE;Pablo Antonio Zambrano Salamanca;PARTIDO CONSERVADOR COLOMBIANO;1
CHITARAQUE;Sandra Patricia Contreras Soto;PARTIDO LIBERAL COLOMBIANO;1
CHITARAQUE;Segundo Fidel Salazar Gonzalez;PARTIDO SOCIAL DE UNIDAD NACIONAL  PARTIDO DE LA U;1
CHITARAQUE;Uldarico Javier Ramirez Chilito;MOVIMIENTO ALTERNATIVO INDIGENA Y SOCIAL MAIS;1
CHIVATA;Ivan Ricardo Pirachican Bernal;PARTIDO CONSERVADOR COLOMBIANO;678
CHIVATA;Angela Patricia Velandia Novoa;PARTIDO ALIANZA VERDE;157
CHIVATA;Ricardo Alonso Rojas Sachica;PARTIDO ALIANZA VERDE;117
CHIVATA;Yamir Oswaldo Lopez Peña;PARTIDO ALIANZA VERDE;117
CHIVATA;Jairo Pacheco Suarez;PARTIDO LIBERAL COLOMBIANO;92
CHIVATA;Yury Neill Diaz Aranguren;MOVIMIENTO ALTERNATIVO INDIGENA Y SOCIAL MAIS;83
CHIVATA;Jorge Enrique Camacho Rodriguez;PARTIDO ALIANZA SOCIAL INDEPENDIENTE ASI;41
CHIVATA;Hugo Alveiro Rosas Romero;PARTIDO ALIANZA VERDE;37
CHIVATA;Partido Alianza Verde;PARTIDO ALIANZA VERDE;35
CHIVATA;Fabian Camilo Rojas Barrera;PARTIDO LIBERAL COLOMBIANO;30
CHIVATA;Alfredo Horacio Correa Higuera;PARTIDO CAMBIO RADICAL;28
CHIVATA;Wilder Ivan Suesca Ochoa;PARTIDO CENTRO DEMOCRATICO;27
CHIVATA;Luis Carlos Ochoa Pasachoa;PARTIDO ALIANZA VERDE;23
CHIVATA;Gustavo Eduardo Castañeda Niño;PARTIDO ALIANZA VERDE;21
CHIVATA;Nelson Mauricio Rodriguez Perez;PARTIDO CONSERVADOR COLOMBIANO;20
CHIVATA;Concha Jael Vargas Saavedra;PARTIDO CONSERVADOR COLOMBIANO;16
CHIVATA;Ana Adela Pulido Cuadros;PARTIDO CONSERVADOR COLOMBIANO;12
CHIVATA;Ingrid Marlen Sogamoso Alfonso;PARTIDO CENTRO DEMOCRATICO;11
CHIVATA;Johan Francisco Herrera Gualdron;PARTIDO ALIANZA VERDE;11
CHIVATA;Luisa Fernanda Rodriguez Alfonso;PARTIDO ALIANZA VERDE;11
CHIVATA;Oscar Leonardo Montañez Sierra;PARTIDO CAMBIO RADICAL;11
CHIVATA;Partido Conservador Colombiano;PARTIDO CONSERVADOR COLOMBIANO;11
CHIVATA;Hector Josue Camacho Acosta;PARTIDO CENTRO DEMOCRATICO;10
CHIVATA;Juan Camilo Morales Rodriguez;PARTIDO LIBERAL COLOMBIANO;10
CHIVATA;Merardo Vargas Roa;PARTIDO ALIANZA VERDE;10
CHIVATA;Partido Cambio Radical;PARTIDO CAMBIO RADICAL;9
CHIVATA;Jairo Enrique Cabana Fonseca;PARTIDO ALIANZA VERDE;8
CHIVATA;Partido Alianza Social Independiente Asi;PARTIDO ALIANZA SOCIAL INDEPENDIENTE ASI;8
CHIVATA;Partido Colombia Justa Libres;PARTIDO COLOMBIA JUSTA LIBRES;8
CHIVATA;Partido Liberal Colombiano;PARTIDO LIBERAL COLOMBIANO;8
CHIVATA;Carlos Alfredo Siza Blanco;PARTIDO CONSERVADOR COLOMBIANO;7
CHIVATA;Jose Dario Mahecha Castillo;PARTIDO CONSERVADOR COLOMBIANO;7
CHIVATA;Luis Carlos Bernal Mesa;PARTIDO SOCIAL DE UNIDAD NACIONAL  PARTIDO DE LA U;7
CHIVATA;Maria De Los Santos Salamanca Silva;PARTIDO ALIANZA VERDE;7
CHIVATA;Partido Social De Unidad Nacional  Partido De La U;PARTIDO SOCIAL DE UNIDAD NACIONAL  PARTIDO DE LA U;7
CHIVATA;Sandra Patricia Contreras Soto;PARTIDO LIBERAL COLOMBIANO;7
CHIVATA;Willian David Pabon Jimenez;PARTIDO SOCIAL DE UNIDAD NACIONAL  PARTIDO DE LA U;7
CHIVATA;Hernando Arias Ochoa;PARTIDO ALIANZA SOCIAL INDEPENDIENTE ASI;6
CHIVATA;Jorge Eduardo Diaz Avendaño;MOVIMIENTO ALTERNATIVO INDIGENA Y SOCIAL MAIS;6
CHIVATA;Omar Fernando Valderrama Baez;PARTIDO CENTRO DEMOCRATICO;6
CHIVATA;Ricardo Andres Español Teatino;PARTIDO LIBERAL COLOMBIANO;6
CHIVATA;Sergio Cabra Sierra;PARTIDO SOCIAL DE UNIDAD NACIONAL  PARTIDO DE LA U;6
CHIVATA;Wilkins Fernando Chaparro Cuervo;PARTIDO ALIANZA SOCIAL INDEPENDIENTE ASI;6
CHIVATA;Angela Magaly Garcia Rivera;MOVIMIENTO ALTERNATIVO INDIGENA Y SOCIAL MAIS;5
CHIVATA;Jorge Marin Jerez Amado;PARTIDO LIBERAL COLOMBIANO;5
CHIVATA;Juddy Alexandra Jimenez Cuadros;PARTIDO SOCIAL DE UNIDAD NACIONAL  PARTIDO DE LA U;5
CHIVATA;Julian Guillermo Camargo Amortegui;MOVIMIENTO ALTERNATIVO INDIGENA Y SOCIAL MAIS;5
CHIVATA;Luz Dary Sevillano Guerrero;PARTIDO ALIANZA VERDE;5
CHIVATA;Anderson Joaquin Sanchez Ruiz;PARTIDO LIBERAL COLOMBIANO;4
CHIVATA;Daniel Fernando Mejia Lozano;PARTIDO ALIANZA SOCIAL INDEPENDIENTE ASI;4
CHIVATA;Elsa Marlen Manrique Pulgar;PARTIDO LIBERAL COLOMBIANO;4
CHIVATA;Estefany Johana Grajales Marin;MOVIMIENTO ALTERNATIVO INDIGENA Y SOCIAL MAIS;4
CHIVATA;Fernando Alexander Serrato Fonseca;PARTIDO LIBERAL COLOMBIANO;4
CHIVATA;Jhon Fredy Garavito Cortes;PARTIDO SOCIAL DE UNIDAD NACIONAL  PARTIDO DE LA U;4
CHIVATA;Jose Armando Quiñones Garzon;PARTIDO CENTRO DEMOCRATICO;4
CHIVATA;Pablo Antonio Zambrano Salamanca;PARTIDO CONSERVADOR COLOMBIANO;4
CHIVATA;Uldarico Javier Ramirez Chilito;MOVIMIENTO ALTERNATIVO INDIGENA Y SOCIAL MAIS;4
CHIVATA;Adriana Paola Laverde Rodriguez;MOVIMIENTO ALTERNATIVO INDIGENA Y SOCIAL MAIS;3
CHIVATA;Andres Mauricio Escarria Barraza;PARTIDO CAMBIO RADICAL;3
CHIVATA;Carlos Ernesto Torres Aguirre;PARTIDO CONSERVADOR COLOMBIANO;3
CHIVATA;Eliana Maria Villate Fonseca;PARTIDO CONSERVADOR COLOMBIANO;3
CHIVATA;Laura Patricia Contreras Alvarez;PARTIDO ALIANZA SOCIAL INDEPENDIENTE ASI;3
CHIVATA;Partido Centro Democratico;PARTIDO CENTRO DEMOCRATICO;3
CHIVATA;Pedro Pablo Salas Hernandez;PARTIDO ALIANZA VERDE;3
CHIVATA;Sonia Esperanza Lopez Barrera;PARTIDO CONSERVADOR COLOMBIANO;3
CHIVATA;Wilton Fredy Castro Silva;PARTIDO ALIANZA VERDE;3
CHIVATA;Alvaro Hernan Forero Hurtado;BOYACA DECENTE;2
CHIVATA;Ana Delia Avendaño Hernandez;PARTIDO LIBERAL COLOMBIANO;2
CHIVATA;Angela Rocio Umaña Rojas;PARTIDO CONSERVADOR COLOMBIANO;2
CHIVATA;Carmen Liria Prieto Cortes;BOYACA DECENTE;2
CHIVATA;Edwin Alfonso Perez Beltran;PARTIDO ALIANZA SOCIAL INDEPENDIENTE ASI;2
CHIVATA;Ericka Leonor Amador Gamarra;PARTIDO SOCIAL DE UNIDAD NACIONAL  PARTIDO DE LA U;2
CHIVATA;Erika Dayana Piragauta Rodriguez;PARTIDO LIBERAL COLOMBIANO;2
CHIVATA;Flor Elba Velandia Cely;PARTIDO ALIANZA SOCIAL INDEPENDIENTE ASI;2
CHIVATA;Jose Agustin Arias Millan;PARTIDO CENTRO DEMOCRATICO;2
CHIVATA;Mauricio Cadena Valero;PARTIDO CENTRO DEMOCRATICO;2
CHIVATA;Nereo Baron Tellez;MOVIMIENTO ALTERNATIVO INDIGENA Y SOCIAL MAIS;2
CHIVATA;Roman Hernando Ortega Hernandez;PARTIDO ALIANZA VERDE;2
CHIVATA;Siervo Yesith Gonzalez Saavedra;PARTIDO CAMBIO RADICAL;2
CHIVATA;William Rodolfo Mesa Avella;PARTIDO CENTRO DEMOCRATICO;2
CHIVATA;Alba Luz Becerra Becerra;PARTIDO ALIANZA SOCIAL INDEPENDIENTE ASI;1
CHIVATA;Alberto Enrique Murillo Sanchez;PARTIDO CAMBIO RADICAL;1
CHIVATA;Armando Buitrago Acevedo;PARTIDO ALIANZA SOCIAL INDEPENDIENTE ASI;1
CHIVATA;Aura Lucia Ortiz Cardona;PARTIDO CENTRO DEMOCRATICO;1
CHIVATA;Boyaca Decente;BOYACA DECENTE;1
CHIVATA;Carlos Eduardo Vega Alvarez;BOYACA DECENTE;1
CHIVATA;Carlos Julian Diaz Franco;PARTIDO ALIANZA SOCIAL INDEPENDIENTE ASI;1
CHIVATA;Cesar Augusto Mojica Bedoya;PARTIDO SOCIAL DE UNIDAD NACIONAL  PARTIDO DE LA U;1
CHIVATA;Claudia Yaneth Avila Castillo;PARTIDO SOCIAL DE UNIDAD NACIONAL  PARTIDO DE LA U;1
CHIVATA;David Santiago Diaz Guio;PARTIDO SOCIAL DE UNIDAD NACIONAL  PARTIDO DE LA U;1
CHIVATA;Edwin Andres Rodriguez Rodriguez;PARTIDO LIBERAL COLOMBIANO;1
CHIVATA;Eliana Hasleidy Gamez Pinilla;PARTIDO CAMBIO RADICAL;1
CHIVATA;Fredy Enrique Segura Alonso;BOYACA DECENTE;1
CHIVATA;Giovanna Del Pilar Soto Barreto;PARTIDO CAMBIO RADICAL;1
CHIVATA;Gregorio Morales Tovar;BOYACA DECENTE;1
CHIVATA;Irma Yineth Velandia Sandoval;PARTIDO CAMBIO RADICAL;1
CHIVATA;Jaime Andres Gomez Gomez;PARTIDO CONSERVADOR COLOMBIANO;1
CHIVATA;Jairo Correa Acevedo;MOVIMIENTO ALTERNATIVO INDIGENA Y SOCIAL MAIS;1
CHIVATA;Jose Antonio Estupiñan Caceres;PARTIDO CONSERVADOR COLOMBIANO;1
CHIVATA;Jose Leonidas Medina Cruz;PARTIDO SOCIAL DE UNIDAD NACIONAL  PARTIDO DE LA U;1
CHIVATA;Jose Mauricio Buitrago Rivera;PARTIDO CAMBIO RADICAL;1
CHIVATA;Julieth Rocio Montañez Niño;PARTIDO ALIANZA SOCIAL INDEPENDIENTE ASI;1
CHIVATA;Lizeth Paola Saade Fuentes;MOVIMIENTO ALTERNATIVO INDIGENA Y SOCIAL MAIS;1
CHIVATA;Luis Carlos Machado Zapata;PARTIDO LIBERAL COLOMBIANO;1
CHIVATA;Mariev Bejarano Ospina;BOYACA DECENTE;1
CHIVATA;Neddy Esther Sandoval Figueredo;PARTIDO LIBERAL COLOMBIANO;1
CHIVATA;Nelsy Yolanda Rivera Ferrucho;BOYACA DECENTE;1
CHIVATA;Norman De Jesus Quintero Gallego;PARTIDO CONSERVADOR COLOMBIANO;1
CHIVATA;Sandra Milena Ramirez Moreno;PARTIDO CAMBIO RADICAL;1
CHIVATA;Segundo Fidel Salazar Gonzalez;PARTIDO SOCIAL DE UNIDAD NACIONAL  PARTIDO DE LA U;1
CHIVATA;Vivian Catherin Alvarez;PARTIDO ALIANZA SOCIAL INDEPENDIENTE ASI;1
CHIVOR;Ingrid Marlen Sogamoso Alfonso;PARTIDO CENTRO DEMOCRATICO;429
CHIVOR;Maira Adriana Zerda Gonzalez;PARTIDO ALIANZA VERDE;67
CHIVOR;Alfredo Horacio Correa Higuera;PARTIDO CAMBIO RADICAL;60
CHIVOR;Jose Wilmar Leal Abril;PARTIDO CAMBIO RADICAL;58
CHIVOR;Yamir Oswaldo Lopez Peña;PARTIDO ALIANZA VERDE;46
CHIVOR;Partido Centro Democratico;PARTIDO CENTRO DEMOCRATICO;37
CHIVOR;Armando Buitrago Acevedo;PARTIDO ALIANZA SOCIAL INDEPENDIENTE ASI;32
CHIVOR;Partido Alianza Social Independiente Asi;PARTIDO ALIANZA SOCIAL INDEPENDIENTE ASI;28
CHIVOR;Partido Alianza Verde;PARTIDO ALIANZA VERDE;26
CHIVOR;Jose Antonio Estupiñan Caceres;PARTIDO CONSERVADOR COLOMBIANO;23
CHIVOR;Wilkins Fernando Chaparro Cuervo;PARTIDO ALIANZA SOCIAL INDEPENDIENTE ASI;20
CHIVOR;William Rodolfo Mesa Avella;PARTIDO CENTRO DEMOCRATICO;20
CHIVOR;Ivan Ricardo Pirachican Bernal;PARTIDO CONSERVADOR COLOMBIANO;16
CHIVOR;Anderson Joaquin Sanchez Ruiz;PARTIDO LIBERAL COLOMBIANO;15
CHIVOR;Johan Francisco Herrera Gualdron;PARTIDO ALIANZA VERDE;14
CHIVOR;Jose Armando Quiñones Garzon;PARTIDO CENTRO DEMOCRATICO;13
CHIVOR;Partido Conservador Colombiano;PARTIDO CONSERVADOR COLOMBIANO;13
CHIVOR;Hernando Arias Ochoa;PARTIDO ALIANZA SOCIAL INDEPENDIENTE ASI;12
CHIVOR;Partido Cambio Radical;PARTIDO CAMBIO RADICAL;11
CHIVOR;Jose Dario Mahecha Castillo;PARTIDO CONSERVADOR COLOMBIANO;10
CHIVOR;Ricardo Alonso Rojas Sachica;PARTIDO ALIANZA VERDE;10
CHIVOR;Antonio Ernesto Leguizamo Diaz;PARTIDO LIBERAL COLOMBIANO;8
CHIVOR;Juan Camilo Morales Rodriguez;PARTIDO LIBERAL COLOMBIANO;8
CHIVOR;Omar Fernando Valderrama Baez;PARTIDO CENTRO DEMOCRATICO;8
CHIVOR;Carlos Julian Diaz Franco;PARTIDO ALIANZA SOCIAL INDEPENDIENTE ASI;5
CHIVOR;Fabian Camilo Rojas Barrera;PARTIDO LIBERAL COLOMBIANO;5
CHIVOR;Helver Ariel Avila Panche;PARTIDO CENTRO DEMOCRATICO;5
CHIVOR;Jorge Enrique Camacho Rodriguez;PARTIDO ALIANZA SOCIAL INDEPENDIENTE ASI;5
CHIVOR;Orlando Florez Cuervo;PARTIDO CENTRO DEMOCRATICO;5
CHIVOR;Sandra Milena Ramirez Moreno;PARTIDO CAMBIO RADICAL;5
CHIVOR;Alberto Enrique Murillo Sanchez;PARTIDO CAMBIO RADICAL;4
CHIVOR;Angela Patricia Velandia Novoa;PARTIDO ALIANZA VERDE;4
CHIVOR;Martha Ines Zipa Martinez;PARTIDO CAMBIO RADICAL;4
CHIVOR;Oscar Leonardo Montañez Sierra;PARTIDO CAMBIO RADICAL;4
CHIVOR;Partido Liberal Colombiano;PARTIDO LIBERAL COLOMBIANO;4
CHIVOR;Sergio Cabra Sierra;PARTIDO SOCIAL DE UNIDAD NACIONAL  PARTIDO DE LA U;4
CHIVOR;Ana Adela Pulido Cuadros;PARTIDO CONSERVADOR COLOMBIANO;3
CHIVOR;Claudia Yaneth Avila Castillo;PARTIDO SOCIAL DE UNIDAD NACIONAL  PARTIDO DE LA U;3
CHIVOR;Concha Jael Vargas Saavedra;PARTIDO CONSERVADOR COLOMBIANO;3
CHIVOR;Flor Elba Velandia Cely;PARTIDO ALIANZA SOCIAL INDEPENDIENTE ASI;3
CHIVOR;Jairo Enrique Cabana Fonseca;PARTIDO ALIANZA VERDE;3
CHIVOR;Luis Carlos Ochoa Pasachoa;PARTIDO ALIANZA VERDE;3
CHIVOR;Partido Colombia Justa Libres;PARTIDO COLOMBIA JUSTA LIBRES;3
CHIVOR;Pedro Pablo Salas Hernandez;PARTIDO ALIANZA VERDE;3
CHIVOR;Sonia Esperanza Lopez Barrera;PARTIDO CONSERVADOR COLOMBIANO;3
CHIVOR;Alba Luz Becerra Becerra;PARTIDO ALIANZA SOCIAL INDEPENDIENTE ASI;2
CHIVOR;Carlos Alfredo Siza Blanco;PARTIDO CONSERVADOR COLOMBIANO;2
CHIVOR;Carlos Ernesto Torres Aguirre;PARTIDO CONSERVADOR COLOMBIANO;2
CHIVOR;Edwin Alfonso Perez Beltran;PARTIDO ALIANZA SOCIAL INDEPENDIENTE ASI;2
CHIVOR;Eliana Hasleidy Gamez Pinilla;PARTIDO CAMBIO RADICAL;2
CHIVOR;Fredy Leonardo Rojas Vargas;PARTIDO CENTRO DEMOCRATICO;2
CHIVOR;Gustavo Eduardo Castañeda Niño;PARTIDO ALIANZA VERDE;2
CHIVOR;Hector Josue Camacho Acosta;PARTIDO CENTRO DEMOCRATICO;2
CHIVOR;Jairo Pacheco Suarez;PARTIDO LIBERAL COLOMBIANO;2
CHIVOR;Laura Patricia Contreras Alvarez;PARTIDO ALIANZA SOCIAL INDEPENDIENTE ASI;2
CHIVOR;Luis Carlos Bernal Mesa;PARTIDO SOCIAL DE UNIDAD NACIONAL  PARTIDO DE LA U;2
CHIVOR;Luz Dary Sevillano Guerrero;PARTIDO ALIANZA VERDE;2
CHIVOR;Mauricio Cadena Valero;PARTIDO CENTRO DEMOCRATICO;2
CHIVOR;Nelson Mauricio Rodriguez Perez;PARTIDO CONSERVADOR COLOMBIANO;2
CHIVOR;Olga Niño Rojas;PARTIDO CENTRO DEMOCRATICO;2
CHIVOR;Partido Social De Unidad Nacional  Partido De La U;PARTIDO SOCIAL DE UNIDAD NACIONAL  PARTIDO DE LA U;2
CHIVOR;Roman Hernando Ortega Hernandez;PARTIDO ALIANZA VERDE;2
CHIVOR;Yury Neill Diaz Aranguren;MOVIMIENTO ALTERNATIVO INDIGENA Y SOCIAL MAIS;2
CHIVOR;Andres Mauricio Escarria Barraza;PARTIDO CAMBIO RADICAL;1
CHIVOR;Aura Lucia Ortiz Cardona;PARTIDO CENTRO DEMOCRATICO;1
CHIVOR;Claudia Patricia Barrera Patiño;PARTIDO SOCIAL DE UNIDAD NACIONAL  PARTIDO DE LA U;1
CHIVOR;Daniel Fernando Mejia Lozano;PARTIDO ALIANZA SOCIAL INDEPENDIENTE ASI;1
CHIVOR;Fernando Augusto Diaz Saenz;PARTIDO CONSERVADOR COLOMBIANO;1
CHIVOR;Giovanna Del Pilar Soto Barreto;PARTIDO CAMBIO RADICAL;1
CHIVOR;Henry Goyeneche Hormaza;PARTIDO ALIANZA SOCIAL INDEPENDIENTE ASI;1
CHIVOR;Hugo Alveiro Rosas Romero;PARTIDO ALIANZA VERDE;1
CHIVOR;Jose Agustin Arias Millan;PARTIDO CENTRO DEMOCRATICO;1
CHIVOR;Julieth Rocio Montañez Niño;PARTIDO ALIANZA SOCIAL INDEPENDIENTE ASI;1
CHIVOR;Katherin Tatiana Calderon Acosta;PARTIDO CENTRO DEMOCRATICO;1
CHIVOR;Luis Carlos Machado Zapata;PARTIDO LIBERAL COLOMBIANO;1
CHIVOR;Maria De Los Santos Salamanca Silva;PARTIDO ALIANZA VERDE;1
CHIVOR;Mariev Bejarano Ospina;BOYACA DECENTE;1
CHIVOR;Merardo Vargas Roa;PARTIDO ALIANZA VERDE;1
CHIVOR;Movimiento Alternativo Indigena Y Social Mais;MOVIMIENTO ALTERNATIVO INDIGENA Y SOCIAL MAIS;1
CHIVOR;Nereo Baron Tellez;MOVIMIENTO ALTERNATIVO INDIGENA Y SOCIAL MAIS;1
CHIVOR;Sandra Patricia Ricaurte Espinel;PARTIDO CAMBIO RADICAL;1
CHIVOR;Vivian Catherin Alvarez;PARTIDO ALIANZA SOCIAL INDEPENDIENTE ASI;1
CHIVOR;William Chaparro Rodriguez;BOYACA DECENTE;1
CHIVOR;Wilton Fredy Castro Silva;PARTIDO ALIANZA VERDE;1
CHIVOR;Yadith Milena Martinez Farfan;PARTIDO CENTRO DEMOCRATICO;1
CIENEGA;William Rodolfo Mesa Avella;PARTIDO CENTRO DEMOCRATICO;458
CIENEGA;Hugo Alveiro Rosas Romero;PARTIDO ALIANZA VERDE;335
CIENEGA;Nelson Mauricio Rodriguez Perez;PARTIDO CONSERVADOR COLOMBIANO;159
CIENEGA;Ivan Ricardo Pirachican Bernal;PARTIDO CONSERVADOR COLOMBIANO;141
CIENEGA;Yamir Oswaldo Lopez Peña;PARTIDO ALIANZA VERDE;127
CIENEGA;Ana Adela Pulido Cuadros;PARTIDO CONSERVADOR COLOMBIANO;116
CIENEGA;Jose Agustin Arias Millan;PARTIDO CENTRO DEMOCRATICO;94
CIENEGA;Wilder Ivan Suesca Ochoa;PARTIDO CENTRO DEMOCRATICO;57
CIENEGA;Partido Alianza Verde;PARTIDO ALIANZA VERDE;50
CIENEGA;Pedro Pablo Salas Hernandez;PARTIDO ALIANZA VERDE;47
CIENEGA;Angela Patricia Velandia Novoa;PARTIDO ALIANZA VERDE;44
CIENEGA;Jose Dario Mahecha Castillo;PARTIDO CONSERVADOR COLOMBIANO;44
CIENEGA;Anderson Joaquin Sanchez Ruiz;PARTIDO LIBERAL COLOMBIANO;42
CIENEGA;Partido Centro Democratico;PARTIDO CENTRO DEMOCRATICO;42
CIENEGA;Fabian Camilo Rojas Barrera;PARTIDO LIBERAL COLOMBIANO;32
CIENEGA;Yadith Milena Martinez Farfan;PARTIDO CENTRO DEMOCRATICO;31
CIENEGA;Fernando Alexander Serrato Fonseca;PARTIDO LIBERAL COLOMBIANO;27
CIENEGA;Gustavo Eduardo Castañeda Niño;PARTIDO ALIANZA VERDE;24
CIENEGA;Jhon Fredy Garavito Cortes;PARTIDO SOCIAL DE UNIDAD NACIONAL  PARTIDO DE LA U;22
CIENEGA;Partido Conservador Colombiano;PARTIDO CONSERVADOR COLOMBIANO;22
CIENEGA;Concha Jael Vargas Saavedra;PARTIDO CONSERVADOR COLOMBIANO;20
CIENEGA;Willian David Pabon Jimenez;PARTIDO SOCIAL DE UNIDAD NACIONAL  PARTIDO DE LA U;20
CIENEGA;Johan Francisco Herrera Gualdron;PARTIDO ALIANZA VERDE;18
CIENEGA;Jose Antonio Estupiñan Caceres;PARTIDO CONSERVADOR COLOMBIANO;18
CIENEGA;Omar Fernando Valderrama Baez;PARTIDO CENTRO DEMOCRATICO;18
CIENEGA;Hector Josue Camacho Acosta;PARTIDO CENTRO DEMOCRATICO;16
CIENEGA;Jose Armando Quiñones Garzon;PARTIDO CENTRO DEMOCRATICO;16
CIENEGA;Partido Liberal Colombiano;PARTIDO LIBERAL COLOMBIANO;15
CIENEGA;Alberto Enrique Murillo Sanchez;PARTIDO CAMBIO RADICAL;13
CIENEGA;Roman Hernando Ortega Hernandez;PARTIDO ALIANZA VERDE;13
CIENEGA;Luis Carlos Machado Zapata;PARTIDO LIBERAL COLOMBIANO;12
CIENEGA;Manuel Ricardo Mesa Trujillo;PARTIDO SOCIAL DE UNIDAD NACIONAL  PARTIDO DE LA U;12
CIENEGA;Jairo Pacheco Suarez;PARTIDO LIBERAL COLOMBIANO;11
CIENEGA;Partido Cambio Radical;PARTIDO CAMBIO RADICAL;11
CIENEGA;Fredy Julian Castro Rodriguez;PARTIDO CENTRO DEMOCRATICO;10
CIENEGA;Ingrid Marlen Sogamoso Alfonso;PARTIDO CENTRO DEMOCRATICO;10
CIENEGA;Alfredo Horacio Correa Higuera;PARTIDO CAMBIO RADICAL;9
CIENEGA;Elsa Marlen Manrique Pulgar;PARTIDO LIBERAL COLOMBIANO;9
CIENEGA;Luisa Fernanda Rodriguez Alfonso;PARTIDO ALIANZA VERDE;9
CIENEGA;Merardo Vargas Roa;PARTIDO ALIANZA VERDE;9
CIENEGA;Neddy Esther Sandoval Figueredo;PARTIDO LIBERAL COLOMBIANO;9
CIENEGA;Carlos Ernesto Torres Aguirre;PARTIDO CONSERVADOR COLOMBIANO;8
CIENEGA;Cesar Augusto Mojica Bedoya;PARTIDO SOCIAL DE UNIDAD NACIONAL  PARTIDO DE LA U;8
CIENEGA;Ericka Leonor Amador Gamarra;PARTIDO SOCIAL DE UNIDAD NACIONAL  PARTIDO DE LA U;8
CIENEGA;Juan Camilo Morales Rodriguez;PARTIDO LIBERAL COLOMBIANO;8
CIENEGA;Mauricio Cadena Valero;PARTIDO CENTRO DEMOCRATICO;8
CIENEGA;Orlando Florez Cuervo;PARTIDO CENTRO DEMOCRATICO;8
CIENEGA;Eliana Hasleidy Gamez Pinilla;PARTIDO CAMBIO RADICAL;7
CIENEGA;Jose Wilmar Leal Abril;PARTIDO CAMBIO RADICAL;7
CIENEGA;Luz Dary Sevillano Guerrero;PARTIDO ALIANZA VERDE;7
CIENEGA;Martha Ines Zipa Martinez;PARTIDO CAMBIO RADICAL;7
CIENEGA;Olga Niño Rojas;PARTIDO CENTRO DEMOCRATICO;7
CIENEGA;Partido Colombia Justa Libres;PARTIDO COLOMBIA JUSTA LIBRES;7
CIENEGA;Armando Buitrago Acevedo;PARTIDO ALIANZA SOCIAL INDEPENDIENTE ASI;6
CIENEGA;Fernando Augusto Diaz Saenz;PARTIDO CONSERVADOR COLOMBIANO;6
CIENEGA;Partido Social De Unidad Nacional  Partido De La U;PARTIDO SOCIAL DE UNIDAD NACIONAL  PARTIDO DE LA U;6
CIENEGA;Andres Mauricio Escarria Barraza;PARTIDO CAMBIO RADICAL;5
CIENEGA;Claudia Yaneth Avila Castillo;PARTIDO SOCIAL DE UNIDAD NACIONAL  PARTIDO DE LA U;5
CIENEGA;Omar Humberto Villamil Munevar;PARTIDO CONSERVADOR COLOMBIANO;5
CIENEGA;Wilkins Fernando Chaparro Cuervo;PARTIDO ALIANZA SOCIAL INDEPENDIENTE ASI;5
CIENEGA;Yury Neill Diaz Aranguren;MOVIMIENTO ALTERNATIVO INDIGENA Y SOCIAL MAIS;5
CIENEGA;Carlos Alfredo Siza Blanco;PARTIDO CONSERVADOR COLOMBIANO;4
CIENEGA;Edwin Alfonso Perez Beltran;PARTIDO ALIANZA SOCIAL INDEPENDIENTE ASI;4
CIENEGA;Eliana Maria Villate Fonseca;PARTIDO CONSERVADOR COLOMBIANO;4
CIENEGA;Fredy Leonardo Rojas Vargas;PARTIDO CENTRO DEMOCRATICO;4
CIENEGA;Jairo Enrique Cabana Fonseca;PARTIDO ALIANZA VERDE;4
CIENEGA;Norman De Jesus Quintero Gallego;PARTIDO CONSERVADOR COLOMBIANO;4
CIENEGA;Oscar Leonardo Montañez Sierra;PARTIDO CAMBIO RADICAL;4
CIENEGA;Partido Alianza Social Independiente Asi;PARTIDO ALIANZA SOCIAL INDEPENDIENTE ASI;4
CIENEGA;Sergio Cabra Sierra;PARTIDO SOCIAL DE UNIDAD NACIONAL  PARTIDO DE LA U;4
CIENEGA;Angela Rocio Umaña Rojas;PARTIDO CONSERVADOR COLOMBIANO;3
CIENEGA;Estefany Johana Grajales Marin;MOVIMIENTO ALTERNATIVO INDIGENA Y SOCIAL MAIS;3
CIENEGA;Gregorio Morales Tovar;BOYACA DECENTE;3
CIENEGA;Helver Ariel Avila Panche;PARTIDO CENTRO DEMOCRATICO;3
CIENEGA;Irma Yineth Velandia Sandoval;PARTIDO CAMBIO RADICAL;3
CIENEGA;Jaime Andres Gomez Gomez;PARTIDO CONSERVADOR COLOMBIANO;3
CIENEGA;Jose Mauricio Buitrago Rivera;PARTIDO CAMBIO RADICAL;3
CIENEGA;Juddy Alexandra Jimenez Cuadros;PARTIDO SOCIAL DE UNIDAD NACIONAL  PARTIDO DE LA U;3
CIENEGA;Julian Guillermo Camargo Amortegui;MOVIMIENTO ALTERNATIVO INDIGENA Y SOCIAL MAIS;3
CIENEGA;Maira Adriana Zerda Gonzalez;PARTIDO ALIANZA VERDE;3
CIENEGA;Maria De Los Santos Salamanca Silva;PARTIDO ALIANZA VERDE;3
CIENEGA;Sandra Milena Ramirez Moreno;PARTIDO CAMBIO RADICAL;3
CIENEGA;Siervo Yesith Gonzalez Saavedra;PARTIDO CAMBIO RADICAL;3
CIENEGA;Wilton Fredy Castro Silva;PARTIDO ALIANZA VERDE;3
CIENEGA;Adriana Paola Laverde Rodriguez;MOVIMIENTO ALTERNATIVO INDIGENA Y SOCIAL MAIS;2
CIENEGA;Alba Luz Becerra Becerra;PARTIDO ALIANZA SOCIAL INDEPENDIENTE ASI;2
CIENEGA;Alvaro Hernan Forero Hurtado;BOYACA DECENTE;2
CIENEGA;Boyaca Decente;BOYACA DECENTE;2
CIENEGA;Daniel Fernando Mejia Lozano;PARTIDO ALIANZA SOCIAL INDEPENDIENTE ASI;2
CIENEGA;David Santiago Ochoa Garcia;PARTIDO SOCIAL DE UNIDAD NACIONAL  PARTIDO DE LA U;2
CIENEGA;John Fredy Lopez Mora;MOVIMIENTO ALTERNATIVO INDIGENA Y SOCIAL MAIS;2
CIENEGA;Katherin Tatiana Calderon Acosta;PARTIDO CENTRO DEMOCRATICO;2
CIENEGA;Luis Carlos Ochoa Pasachoa;PARTIDO ALIANZA VERDE;2
CIENEGA;Pedro Humberto Vargas Gomez;PARTIDO LIBERAL COLOMBIANO;2
CIENEGA;Ricardo Alonso Rojas Sachica;PARTIDO ALIANZA VERDE;2
CIENEGA;Sonia Esperanza Lopez Barrera;PARTIDO CONSERVADOR COLOMBIANO;2
CIENEGA;Uldarico Javier Ramirez Chilito;MOVIMIENTO ALTERNATIVO INDIGENA Y SOCIAL MAIS;2
CIENEGA;Ana Lucia Parra Monroy;PARTIDO SOCIAL DE UNIDAD NACIONAL  PARTIDO DE LA U;1
CIENEGA;Carmen Liria Prieto Cortes;BOYACA DECENTE;1
CIENEGA;Claudia Patricia Barrera Patiño;PARTIDO SOCIAL DE UNIDAD NACIONAL  PARTIDO DE LA U;1
CIENEGA;Edwin Andres Rodriguez Rodriguez;PARTIDO LIBERAL COLOMBIANO;1
CIENEGA;Henry Goyeneche Hormaza;PARTIDO ALIANZA SOCIAL INDEPENDIENTE ASI;1
CIENEGA;Hernando Arias Ochoa;PARTIDO ALIANZA SOCIAL INDEPENDIENTE ASI;1
CIENEGA;Jhonnatan Jairo Avellaneda Mesa;MOVIMIENTO ALTERNATIVO INDIGENA Y SOCIAL MAIS;1
CIENEGA;Jorge Ignacio Lopez Barrera;BOYACA DECENTE;1
CIENEGA;Jorge Marin Jerez Amado;PARTIDO LIBERAL COLOMBIANO;1
CIENEGA;Julieth Rocio Montañez Niño;PARTIDO ALIANZA SOCIAL INDEPENDIENTE ASI;1
CIENEGA;Laura Patricia Contreras Alvarez;PARTIDO ALIANZA SOCIAL INDEPENDIENTE ASI;1
CIENEGA;Luis Carlos Bernal Mesa;PARTIDO SOCIAL DE UNIDAD NACIONAL  PARTIDO DE LA U;1
CIENEGA;Mariev Bejarano Ospina;BOYACA DECENTE;1
CIENEGA;Movimiento Alternativo Indigena Y Social Mais;MOVIMIENTO ALTERNATIVO INDIGENA Y SOCIAL MAIS;1
CIENEGA;Nelsy Yolanda Rivera Ferrucho;BOYACA DECENTE;1
CIENEGA;Pablo Antonio Zambrano Salamanca;PARTIDO CONSERVADOR COLOMBIANO;1
CIENEGA;Segundo Fidel Salazar Gonzalez;PARTIDO SOCIAL DE UNIDAD NACIONAL  PARTIDO DE LA U;1
CIENEGA;William Chaparro Rodriguez;BOYACA DECENTE;1
COMBITA;Angela Patricia Velandia Novoa;PARTIDO ALIANZA VERDE;1817
COMBITA;Jairo Pacheco Suarez;PARTIDO LIBERAL COLOMBIANO;466
COMBITA;Wilder Ivan Suesca Ochoa;PARTIDO CENTRO DEMOCRATICO;462
COMBITA;Segundo Fidel Salazar Gonzalez;PARTIDO SOCIAL DE UNIDAD NACIONAL  PARTIDO DE LA U;389
COMBITA;Fabian Camilo Rojas Barrera;PARTIDO LIBERAL COLOMBIANO;205
COMBITA;Hector Josue Camacho Acosta;PARTIDO CENTRO DEMOCRATICO;174
COMBITA;Hugo Alveiro Rosas Romero;PARTIDO ALIANZA VERDE;117
COMBITA;Yamir Oswaldo Lopez Peña;PARTIDO ALIANZA VERDE;113
COMBITA;Juan Camilo Morales Rodriguez;PARTIDO LIBERAL COLOMBIANO;110
COMBITA;Partido Alianza Verde;PARTIDO ALIANZA VERDE;102
COMBITA;Ricardo Alonso Rojas Sachica;PARTIDO ALIANZA VERDE;88
COMBITA;Fernando Alexander Serrato Fonseca;PARTIDO LIBERAL COLOMBIANO;86
COMBITA;Ivan Ricardo Pirachican Bernal;PARTIDO CONSERVADOR COLOMBIANO;84
COMBITA;Anderson Joaquin Sanchez Ruiz;PARTIDO LIBERAL COLOMBIANO;77
COMBITA;Luis Carlos Ochoa Pasachoa;PARTIDO ALIANZA VERDE;66
COMBITA;Gustavo Eduardo Castañeda Niño;PARTIDO ALIANZA VERDE;61
COMBITA;Eliana Hasleidy Gamez Pinilla;PARTIDO CAMBIO RADICAL;58
COMBITA;Jose Armando Quiñones Garzon;PARTIDO CENTRO DEMOCRATICO;55
COMBITA;Sandra Patricia Contreras Soto;PARTIDO LIBERAL COLOMBIANO;51
COMBITA;Oscar Leonardo Montañez Sierra;PARTIDO CAMBIO RADICAL;48
COMBITA;Pedro Pablo Salas Hernandez;PARTIDO ALIANZA VERDE;47
COMBITA;Fernando Augusto Diaz Saenz;PARTIDO CONSERVADOR COLOMBIANO;44
COMBITA;Julian Guillermo Camargo Amortegui;MOVIMIENTO ALTERNATIVO INDIGENA Y SOCIAL MAIS;44
COMBITA;Partido Colombia Justa Libres;PARTIDO COLOMBIA JUSTA LIBRES;43
COMBITA;Partido Liberal Colombiano;PARTIDO LIBERAL COLOMBIANO;43
COMBITA;Yury Neill Diaz Aranguren;MOVIMIENTO ALTERNATIVO INDIGENA Y SOCIAL MAIS;40
COMBITA;Luisa Fernanda Rodriguez Alfonso;PARTIDO ALIANZA VERDE;39
COMBITA;Partido Cambio Radical;PARTIDO CAMBIO RADICAL;38
COMBITA;Siervo Yesith Gonzalez Saavedra;PARTIDO CAMBIO RADICAL;38
COMBITA;Jorge Marin Jerez Amado;PARTIDO LIBERAL COLOMBIANO;33
COMBITA;Jairo Enrique Cabana Fonseca;PARTIDO ALIANZA VERDE;31
COMBITA;Movimiento Alternativo Indigena Y Social Mais;MOVIMIENTO ALTERNATIVO INDIGENA Y SOCIAL MAIS;31
COMBITA;Merardo Vargas Roa;PARTIDO ALIANZA VERDE;30
COMBITA;Maria De Los Santos Salamanca Silva;PARTIDO ALIANZA VERDE;29
COMBITA;Jairo Correa Acevedo;MOVIMIENTO ALTERNATIVO INDIGENA Y SOCIAL MAIS;27
COMBITA;Jhon Fredy Garavito Cortes;PARTIDO SOCIAL DE UNIDAD NACIONAL  PARTIDO DE LA U;27
COMBITA;Jose Mauricio Buitrago Rivera;PARTIDO CAMBIO RADICAL;26
COMBITA;Partido Centro Democratico;PARTIDO CENTRO DEMOCRATICO;26
COMBITA;Orlando Florez Cuervo;PARTIDO CENTRO DEMOCRATICO;25
COMBITA;Omar Fernando Valderrama Baez;PARTIDO CENTRO DEMOCRATICO;22
COMBITA;Johan Francisco Herrera Gualdron;PARTIDO ALIANZA VERDE;20
COMBITA;Luis Carlos Machado Zapata;PARTIDO LIBERAL COLOMBIANO;19
COMBITA;Elsa Marlen Manrique Pulgar;PARTIDO LIBERAL COLOMBIANO;18
COMBITA;Alfredo Horacio Correa Higuera;PARTIDO CAMBIO RADICAL;17
COMBITA;Wilton Fredy Castro Silva;PARTIDO ALIANZA VERDE;17
COMBITA;Ingrid Marlen Sogamoso Alfonso;PARTIDO CENTRO DEMOCRATICO;16
COMBITA;Jose Antonio Estupiñan Caceres;PARTIDO CONSERVADOR COLOMBIANO;16
COMBITA;Antonio Ernesto Leguizamo Diaz;PARTIDO LIBERAL COLOMBIANO;14
COMBITA;Estefany Johana Grajales Marin;MOVIMIENTO ALTERNATIVO INDIGENA Y SOCIAL MAIS;14
COMBITA;Nelson Mauricio Rodriguez Perez;PARTIDO CONSERVADOR COLOMBIANO;14
COMBITA;Norman De Jesus Quintero Gallego;PARTIDO CONSERVADOR COLOMBIANO;14
COMBITA;Daniel Fernando Mejia Lozano;PARTIDO ALIANZA SOCIAL INDEPENDIENTE ASI;13
COMBITA;Adriana Paola Laverde Rodriguez;MOVIMIENTO ALTERNATIVO INDIGENA Y SOCIAL MAIS;11
COMBITA;Concha Jael Vargas Saavedra;PARTIDO CONSERVADOR COLOMBIANO;11
COMBITA;Luis Carlos Bernal Mesa;PARTIDO SOCIAL DE UNIDAD NACIONAL  PARTIDO DE LA U;11
COMBITA;Partido Social De Unidad Nacional  Partido De La U;PARTIDO SOCIAL DE UNIDAD NACIONAL  PARTIDO DE LA U;11
COMBITA;Ana Delia Avendaño Hernandez;PARTIDO LIBERAL COLOMBIANO;10
COMBITA;Cesar Augusto Mojica Bedoya;PARTIDO SOCIAL DE UNIDAD NACIONAL  PARTIDO DE LA U;10
COMBITA;Jorge Eduardo Diaz Avendaño;MOVIMIENTO ALTERNATIVO INDIGENA Y SOCIAL MAIS;10
COMBITA;Jose Wilmar Leal Abril;PARTIDO CAMBIO RADICAL;10
COMBITA;William Rodolfo Mesa Avella;PARTIDO CENTRO DEMOCRATICO;10
COMBITA;Willian David Pabon Jimenez;PARTIDO SOCIAL DE UNIDAD NACIONAL  PARTIDO DE LA U;10
COMBITA;Alvaro Hernan Forero Hurtado;BOYACA DECENTE;9
COMBITA;Fredy Leonardo Rojas Vargas;PARTIDO CENTRO DEMOCRATICO;9
COMBITA;Giovanna Del Pilar Soto Barreto;PARTIDO CAMBIO RADICAL;9
COMBITA;Jose Dario Mahecha Castillo;PARTIDO CONSERVADOR COLOMBIANO;9
COMBITA;Luz Dary Sevillano Guerrero;PARTIDO ALIANZA VERDE;9
COMBITA;Mauricio Cadena Valero;PARTIDO CENTRO DEMOCRATICO;9
COMBITA;Neddy Esther Sandoval Figueredo;PARTIDO LIBERAL COLOMBIANO;9
COMBITA;Ericka Leonor Amador Gamarra;PARTIDO SOCIAL DE UNIDAD NACIONAL  PARTIDO DE LA U;8
COMBITA;Irma Yineth Velandia Sandoval;PARTIDO CAMBIO RADICAL;8
COMBITA;Maira Adriana Zerda Gonzalez;PARTIDO ALIANZA VERDE;8
COMBITA;Ricardo Andres Español Teatino;PARTIDO LIBERAL COLOMBIANO;8
COMBITA;Roman Hernando Ortega Hernandez;PARTIDO ALIANZA VERDE;8
COMBITA;Sandra Milena Ramirez Moreno;PARTIDO CAMBIO RADICAL;8
COMBITA;Sergio Cabra Sierra;PARTIDO SOCIAL DE UNIDAD NACIONAL  PARTIDO DE LA U;8
COMBITA;Alberto Enrique Murillo Sanchez;PARTIDO CAMBIO RADICAL;7
COMBITA;Andrea Carolina Camargo Caro;MOVIMIENTO ALTERNATIVO INDIGENA Y SOCIAL MAIS;7
COMBITA;Carlos Alfredo Siza Blanco;PARTIDO CONSERVADOR COLOMBIANO;7
COMBITA;Hernando Arias Ochoa;PARTIDO ALIANZA SOCIAL INDEPENDIENTE ASI;7
COMBITA;John Fredy Lopez Mora;MOVIMIENTO ALTERNATIVO INDIGENA Y SOCIAL MAIS;7
COMBITA;Olga Niño Rojas;PARTIDO CENTRO DEMOCRATICO;7
COMBITA;Partido Conservador Colombiano;PARTIDO CONSERVADOR COLOMBIANO;7
COMBITA;Andres Mauricio Escarria Barraza;PARTIDO CAMBIO RADICAL;6
COMBITA;Angela Magaly Garcia Rivera;MOVIMIENTO ALTERNATIVO INDIGENA Y SOCIAL MAIS;6
COMBITA;Manuel Ricardo Mesa Trujillo;PARTIDO SOCIAL DE UNIDAD NACIONAL  PARTIDO DE LA U;6
COMBITA;Mariev Bejarano Ospina;BOYACA DECENTE;6
COMBITA;Pedro Humberto Vargas Gomez;PARTIDO LIBERAL COLOMBIANO;6
COMBITA;Uldarico Javier Ramirez Chilito;MOVIMIENTO ALTERNATIVO INDIGENA Y SOCIAL MAIS;6
COMBITA;Wilkins Fernando Chaparro Cuervo;PARTIDO ALIANZA SOCIAL INDEPENDIENTE ASI;6
COMBITA;Yadith Milena Martinez Farfan;PARTIDO CENTRO DEMOCRATICO;6
COMBITA;Armando Buitrago Acevedo;PARTIDO ALIANZA SOCIAL INDEPENDIENTE ASI;5
COMBITA;Boyaca Decente;BOYACA DECENTE;5
COMBITA;Edwin Andres Rodriguez Rodriguez;PARTIDO LIBERAL COLOMBIANO;5
COMBITA;Jhonnatan Jairo Avellaneda Mesa;MOVIMIENTO ALTERNATIVO INDIGENA Y SOCIAL MAIS;5
COMBITA;Laura Patricia Contreras Alvarez;PARTIDO ALIANZA SOCIAL INDEPENDIENTE ASI;5
COMBITA;Nelsy Yolanda Rivera Ferrucho;BOYACA DECENTE;5
COMBITA;Nereo Baron Tellez;MOVIMIENTO ALTERNATIVO INDIGENA Y SOCIAL MAIS;5
COMBITA;Carmen Liria Prieto Cortes;BOYACA DECENTE;4
COMBITA;David Santiago Ochoa Garcia;PARTIDO SOCIAL DE UNIDAD NACIONAL  PARTIDO DE LA U;4
COMBITA;Edwin Alfonso Perez Beltran;PARTIDO ALIANZA SOCIAL INDEPENDIENTE ASI;4
COMBITA;Erika Dayana Piragauta Rodriguez;PARTIDO LIBERAL COLOMBIANO;4
COMBITA;Jaime Andres Gomez Gomez;PARTIDO CONSERVADOR COLOMBIANO;4
COMBITA;Martha Ines Zipa Martinez;PARTIDO CAMBIO RADICAL;4
COMBITA;Alba Luz Becerra Becerra;PARTIDO ALIANZA SOCIAL INDEPENDIENTE ASI;3
COMBITA;Ana Lucia Parra Monroy;PARTIDO SOCIAL DE UNIDAD NACIONAL  PARTIDO DE LA U;3
COMBITA;Aura Lucia Ortiz Cardona;PARTIDO CENTRO DEMOCRATICO;3
COMBITA;Carlos Ernesto Torres Aguirre;PARTIDO CONSERVADOR COLOMBIANO;3
COMBITA;Fredy Enrique Segura Alonso;BOYACA DECENTE;3
COMBITA;Henry Goyeneche Hormaza;PARTIDO ALIANZA SOCIAL INDEPENDIENTE ASI;3
COMBITA;Jorge Enrique Camacho Rodriguez;PARTIDO ALIANZA SOCIAL INDEPENDIENTE ASI;3
COMBITA;Jose Agustin Arias Millan;PARTIDO CENTRO DEMOCRATICO;3
COMBITA;Jose Leonidas Medina Cruz;PARTIDO SOCIAL DE UNIDAD NACIONAL  PARTIDO DE LA U;3
COMBITA;Juddy Alexandra Jimenez Cuadros;PARTIDO SOCIAL DE UNIDAD NACIONAL  PARTIDO DE LA U;3
COMBITA;Partido Alianza Social Independiente Asi;PARTIDO ALIANZA SOCIAL INDEPENDIENTE ASI;3
COMBITA;Sonia Esperanza Lopez Barrera;PARTIDO CONSERVADOR COLOMBIANO;3
COMBITA;Ana Adela Pulido Cuadros;PARTIDO CONSERVADOR COLOMBIANO;2
COMBITA;Claudia Yaneth Avila Castillo;PARTIDO SOCIAL DE UNIDAD NACIONAL  PARTIDO DE LA U;2
COMBITA;David Alejandro Avila Cely;MOVIMIENTO ALTERNATIVO INDIGENA Y SOCIAL MAIS;2
COMBITA;David Santiago Diaz Guio;PARTIDO SOCIAL DE UNIDAD NACIONAL  PARTIDO DE LA U;2
COMBITA;Katherin Tatiana Calderon Acosta;PARTIDO CENTRO DEMOCRATICO;2
COMBITA;Omar Humberto Villamil Munevar;PARTIDO CONSERVADOR COLOMBIANO;2
COMBITA;Sandra Patricia Ricaurte Espinel;PARTIDO CAMBIO RADICAL;2
COMBITA;Carlos Eduardo Vega Alvarez;BOYACA DECENTE;1
COMBITA;Carlos Julian Diaz Franco;PARTIDO ALIANZA SOCIAL INDEPENDIENTE ASI;1
COMBITA;Eliana Maria Villate Fonseca;PARTIDO CONSERVADOR COLOMBIANO;1
COMBITA;Fredy Julian Castro Rodriguez;PARTIDO CENTRO DEMOCRATICO;1
COMBITA;Helver Ariel Avila Panche;PARTIDO CENTRO DEMOCRATICO;1
COMBITA;Lizeth Paola Saade Fuentes;MOVIMIENTO ALTERNATIVO INDIGENA Y SOCIAL MAIS;1
COMBITA;Maria Francia Blanco Pedroza;BOYACA DECENTE;1
COMBITA;Vivian Catherin Alvarez;PARTIDO ALIANZA SOCIAL INDEPENDIENTE ASI;1
COPER;Jose Dario Mahecha Castillo;PARTIDO CONSERVADOR COLOMBIANO;421
COPER;Jose Armando Quiñones Garzon;PARTIDO CENTRO DEMOCRATICO;168
COPER;Luis Carlos Ochoa Pasachoa;PARTIDO ALIANZA VERDE;129
COPER;Yamir Oswaldo Lopez Peña;PARTIDO ALIANZA VERDE;97
COPER;Jhon Fredy Garavito Cortes;PARTIDO SOCIAL DE UNIDAD NACIONAL  PARTIDO DE LA U;84
COPER;Partido Alianza Verde;PARTIDO ALIANZA VERDE;76
COPER;Angela Patricia Velandia Novoa;PARTIDO ALIANZA VERDE;75
COPER;Gustavo Eduardo Castañeda Niño;PARTIDO ALIANZA VERDE;58
COPER;Omar Humberto Villamil Munevar;PARTIDO CONSERVADOR COLOMBIANO;57
COPER;Partido Colombia Justa Libres;PARTIDO COLOMBIA JUSTA LIBRES;49
COPER;Pedro Pablo Salas Hernandez;PARTIDO ALIANZA VERDE;39
COPER;William Rodolfo Mesa Avella;PARTIDO CENTRO DEMOCRATICO;36
COPER;Jairo Enrique Cabana Fonseca;PARTIDO ALIANZA VERDE;25
COPER;Partido Conservador Colombiano;PARTIDO CONSERVADOR COLOMBIANO;25
COPER;Hugo Alveiro Rosas Romero;PARTIDO ALIANZA VERDE;20
COPER;Oscar Leonardo Montañez Sierra;PARTIDO CAMBIO RADICAL;20
COPER;Concha Jael Vargas Saavedra;PARTIDO CONSERVADOR COLOMBIANO;19
COPER;Manuel Ricardo Mesa Trujillo;PARTIDO SOCIAL DE UNIDAD NACIONAL  PARTIDO DE LA U;18
COPER;Partido Centro Democratico;PARTIDO CENTRO DEMOCRATICO;17
COPER;Partido Liberal Colombiano;PARTIDO LIBERAL COLOMBIANO;17
COPER;Willian David Pabon Jimenez;PARTIDO SOCIAL DE UNIDAD NACIONAL  PARTIDO DE LA U;14
COPER;Cesar Augusto Mojica Bedoya;PARTIDO SOCIAL DE UNIDAD NACIONAL  PARTIDO DE LA U;13
COPER;Partido Social De Unidad Nacional  Partido De La U;PARTIDO SOCIAL DE UNIDAD NACIONAL  PARTIDO DE LA U;13
COPER;Fernando Alexander Serrato Fonseca;PARTIDO LIBERAL COLOMBIANO;11
COPER;Hernando Arias Ochoa;PARTIDO ALIANZA SOCIAL INDEPENDIENTE ASI;11
COPER;Ivan Ricardo Pirachican Bernal;PARTIDO CONSERVADOR COLOMBIANO;11
COPER;Jose Agustin Arias Millan;PARTIDO CENTRO DEMOCRATICO;11
COPER;Juan Camilo Morales Rodriguez;PARTIDO LIBERAL COLOMBIANO;11
COPER;Partido Alianza Social Independiente Asi;PARTIDO ALIANZA SOCIAL INDEPENDIENTE ASI;10
COPER;Johan Francisco Herrera Gualdron;PARTIDO ALIANZA VERDE;9
COPER;Claudia Patricia Barrera Patiño;PARTIDO SOCIAL DE UNIDAD NACIONAL  PARTIDO DE LA U;8
COPER;Estefany Johana Grajales Marin;MOVIMIENTO ALTERNATIVO INDIGENA Y SOCIAL MAIS;8
COPER;Fredy Enrique Segura Alonso;BOYACA DECENTE;8
COPER;Hector Josue Camacho Acosta;PARTIDO CENTRO DEMOCRATICO;8
COPER;Luis Carlos Machado Zapata;PARTIDO LIBERAL COLOMBIANO;8
COPER;Movimiento Alternativo Indigena Y Social Mais;MOVIMIENTO ALTERNATIVO INDIGENA Y SOCIAL MAIS;8
COPER;Partido Cambio Radical;PARTIDO CAMBIO RADICAL;7
COPER;Wilder Ivan Suesca Ochoa;PARTIDO CENTRO DEMOCRATICO;7
COPER;Yury Neill Diaz Aranguren;MOVIMIENTO ALTERNATIVO INDIGENA Y SOCIAL MAIS;7
COPER;Ana Adela Pulido Cuadros;PARTIDO CONSERVADOR COLOMBIANO;6
COPER;Jairo Pacheco Suarez;PARTIDO LIBERAL COLOMBIANO;6
COPER;Luz Dary Sevillano Guerrero;PARTIDO ALIANZA VERDE;6
COPER;Omar Fernando Valderrama Baez;PARTIDO CENTRO DEMOCRATICO;6
COPER;Alfredo Horacio Correa Higuera;PARTIDO CAMBIO RADICAL;5
COPER;Edwin Alfonso Perez Beltran;PARTIDO ALIANZA SOCIAL INDEPENDIENTE ASI;5
COPER;Ingrid Marlen Sogamoso Alfonso;PARTIDO CENTRO DEMOCRATICO;5
COPER;Jose Antonio Estupiñan Caceres;PARTIDO CONSERVADOR COLOMBIANO;5
COPER;Sonia Esperanza Lopez Barrera;PARTIDO CONSERVADOR COLOMBIANO;5
COPER;Armando Buitrago Acevedo;PARTIDO ALIANZA SOCIAL INDEPENDIENTE ASI;4
COPER;Boyaca Decente;BOYACA DECENTE;4
COPER;Orlando Florez Cuervo;PARTIDO CENTRO DEMOCRATICO;4
COPER;Alvaro Hernan Forero Hurtado;BOYACA DECENTE;3
COPER;Ana Lucia Parra Monroy;PARTIDO SOCIAL DE UNIDAD NACIONAL  PARTIDO DE LA U;3
COPER;Andres Mauricio Escarria Barraza;PARTIDO CAMBIO RADICAL;3
COPER;Angela Rocio Umaña Rojas;PARTIDO CONSERVADOR COLOMBIANO;3
COPER;Carlos Ernesto Torres Aguirre;PARTIDO CONSERVADOR COLOMBIANO;3
COPER;Eliana Maria Villate Fonseca;PARTIDO CONSERVADOR COLOMBIANO;3
COPER;John Fredy Lopez Mora;MOVIMIENTO ALTERNATIVO INDIGENA Y SOCIAL MAIS;3
COPER;Jose Mauricio Buitrago Rivera;PARTIDO CAMBIO RADICAL;3
COPER;Norman De Jesus Quintero Gallego;PARTIDO CONSERVADOR COLOMBIANO;3
COPER;Ricardo Alonso Rojas Sachica;PARTIDO ALIANZA VERDE;3
COPER;Roman Hernando Ortega Hernandez;PARTIDO ALIANZA VERDE;3
COPER;Antonio Ernesto Leguizamo Diaz;PARTIDO LIBERAL COLOMBIANO;2
COPER;David Santiago Ochoa Garcia;PARTIDO SOCIAL DE UNIDAD NACIONAL  PARTIDO DE LA U;2
COPER;Edgar Antulio Gonzalez Trujillo;BOYACA DECENTE;2
COPER;Fabian Camilo Rojas Barrera;PARTIDO LIBERAL COLOMBIANO;2
COPER;Giovanna Del Pilar Soto Barreto;PARTIDO CAMBIO RADICAL;2
COPER;Jairo Correa Acevedo;MOVIMIENTO ALTERNATIVO INDIGENA Y SOCIAL MAIS;2
COPER;Katherin Tatiana Calderon Acosta;PARTIDO CENTRO DEMOCRATICO;2
COPER;Luisa Fernanda Rodriguez Alfonso;PARTIDO ALIANZA VERDE;2
COPER;Maria De Los Santos Salamanca Silva;PARTIDO ALIANZA VERDE;2
COPER;Nelson Mauricio Rodriguez Perez;PARTIDO CONSERVADOR COLOMBIANO;2
COPER;Pedro Humberto Vargas Gomez;PARTIDO LIBERAL COLOMBIANO;2
COPER;Segundo Fidel Salazar Gonzalez;PARTIDO SOCIAL DE UNIDAD NACIONAL  PARTIDO DE LA U;2
COPER;Wilton Fredy Castro Silva;PARTIDO ALIANZA VERDE;2
COPER;Alba Luz Becerra Becerra;PARTIDO ALIANZA SOCIAL INDEPENDIENTE ASI;1
COPER;Alberto Enrique Murillo Sanchez;PARTIDO CAMBIO RADICAL;1
COPER;Anderson Joaquin Sanchez Ruiz;PARTIDO LIBERAL COLOMBIANO;1
COPER;Andrea Carolina Camargo Caro;MOVIMIENTO ALTERNATIVO INDIGENA Y SOCIAL MAIS;1
COPER;Claudia Yaneth Avila Castillo;PARTIDO SOCIAL DE UNIDAD NACIONAL  PARTIDO DE LA U;1
COPER;Daniel Fernando Mejia Lozano;PARTIDO ALIANZA SOCIAL INDEPENDIENTE ASI;1
COPER;Erika Dayana Piragauta Rodriguez;PARTIDO LIBERAL COLOMBIANO;1
COPER;Flor Elba Velandia Cely;PARTIDO ALIANZA SOCIAL INDEPENDIENTE ASI;1
COPER;Henry Goyeneche Hormaza;PARTIDO ALIANZA SOCIAL INDEPENDIENTE ASI;1
COPER;Irma Yineth Velandia Sandoval;PARTIDO CAMBIO RADICAL;1
COPER;Jaime Andres Gomez Gomez;PARTIDO CONSERVADOR COLOMBIANO;1
COPER;Jorge Enrique Camacho Rodriguez;PARTIDO ALIANZA SOCIAL INDEPENDIENTE ASI;1
COPER;Jorge Marin Jerez Amado;PARTIDO LIBERAL COLOMBIANO;1
COPER;Mariev Bejarano Ospina;BOYACA DECENTE;1
COPER;Martha Ines Zipa Martinez;PARTIDO CAMBIO RADICAL;1
COPER;Mauricio Cadena Valero;PARTIDO CENTRO DEMOCRATICO;1
COPER;Nereo Baron Tellez;MOVIMIENTO ALTERNATIVO INDIGENA Y SOCIAL MAIS;1
COPER;Olga Niño Rojas;PARTIDO CENTRO DEMOCRATICO;1
COPER;Pablo Antonio Zambrano Salamanca;PARTIDO CONSERVADOR COLOMBIANO;1
COPER;Sandra Milena Ramirez Moreno;PARTIDO CAMBIO RADICAL;1
COPER;Sandra Patricia Contreras Soto;PARTIDO LIBERAL COLOMBIANO;1
COPER;Sergio Cabra Sierra;PARTIDO SOCIAL DE UNIDAD NACIONAL  PARTIDO DE LA U;1
COPER;Siervo Yesith Gonzalez Saavedra;PARTIDO CAMBIO RADICAL;1
COPER;Wilkins Fernando Chaparro Cuervo;PARTIDO ALIANZA SOCIAL INDEPENDIENTE ASI;1
COPER;Yadith Milena Martinez Farfan;PARTIDO CENTRO DEMOCRATICO;1
CORRALES;Roman Hernando Ortega Hernandez;PARTIDO ALIANZA VERDE;118
CORRALES;William Rodolfo Mesa Avella;PARTIDO CENTRO DEMOCRATICO;117
CORRALES;Ivan Ricardo Pirachican Bernal;PARTIDO CONSERVADOR COLOMBIANO;107
CORRALES;Fernando Alexander Serrato Fonseca;PARTIDO LIBERAL COLOMBIANO;101
CORRALES;Ricardo Alonso Rojas Sachica;PARTIDO ALIANZA VERDE;79
CORRALES;Maria De Los Santos Salamanca Silva;PARTIDO ALIANZA VERDE;74
CORRALES;Carlos Ernesto Torres Aguirre;PARTIDO CONSERVADOR COLOMBIANO;72
CORRALES;Angela Patricia Velandia Novoa;PARTIDO ALIANZA VERDE;60
CORRALES;Yury Neill Diaz Aranguren;MOVIMIENTO ALTERNATIVO INDIGENA Y SOCIAL MAIS;40
CORRALES;Luisa Fernanda Rodriguez Alfonso;PARTIDO ALIANZA VERDE;37
CORRALES;Jose Antonio Estupiñan Caceres;PARTIDO CONSERVADOR COLOMBIANO;33
CORRALES;Jose Wilmar Leal Abril;PARTIDO CAMBIO RADICAL;32
CORRALES;Hernando Arias Ochoa;PARTIDO ALIANZA SOCIAL INDEPENDIENTE ASI;29
CORRALES;Ricardo Andres Español Teatino;PARTIDO LIBERAL COLOMBIANO;28
CORRALES;Yamir Oswaldo Lopez Peña;PARTIDO ALIANZA VERDE;26
CORRALES;Hugo Alveiro Rosas Romero;PARTIDO ALIANZA VERDE;25
CORRALES;Jorge Ignacio Lopez Barrera;BOYACA DECENTE;25
CORRALES;Wilton Fredy Castro Silva;PARTIDO ALIANZA VERDE;23
CORRALES;Concha Jael Vargas Saavedra;PARTIDO CONSERVADOR COLOMBIANO;22
CORRALES;Luis Carlos Ochoa Pasachoa;PARTIDO ALIANZA VERDE;21
CORRALES;Partido Conservador Colombiano;PARTIDO CONSERVADOR COLOMBIANO;20
CORRALES;Nelson Mauricio Rodriguez Perez;PARTIDO CONSERVADOR COLOMBIANO;18
CORRALES;Willian David Pabon Jimenez;PARTIDO SOCIAL DE UNIDAD NACIONAL  PARTIDO DE LA U;18
CORRALES;Jose Dario Mahecha Castillo;PARTIDO CONSERVADOR COLOMBIANO;17
CORRALES;Partido Alianza Verde;PARTIDO ALIANZA VERDE;16
CORRALES;Elsa Marlen Manrique Pulgar;PARTIDO LIBERAL COLOMBIANO;14
CORRALES;Pedro Pablo Salas Hernandez;PARTIDO ALIANZA VERDE;13
CORRALES;Jhonnatan Jairo Avellaneda Mesa;MOVIMIENTO ALTERNATIVO INDIGENA Y SOCIAL MAIS;12
CORRALES;Manuel Ricardo Mesa Trujillo;PARTIDO SOCIAL DE UNIDAD NACIONAL  PARTIDO DE LA U;12
CORRALES;Omar Fernando Valderrama Baez;PARTIDO CENTRO DEMOCRATICO;12
CORRALES;Uldarico Javier Ramirez Chilito;MOVIMIENTO ALTERNATIVO INDIGENA Y SOCIAL MAIS;12
CORRALES;Alberto Enrique Murillo Sanchez;PARTIDO CAMBIO RADICAL;11
CORRALES;Partido Colombia Justa Libres;PARTIDO COLOMBIA JUSTA LIBRES;11
CORRALES;Gustavo Eduardo Castañeda Niño;PARTIDO ALIANZA VERDE;10
CORRALES;Wilkins Fernando Chaparro Cuervo;PARTIDO ALIANZA SOCIAL INDEPENDIENTE ASI;10
CORRALES;Eliana Maria Villate Fonseca;PARTIDO CONSERVADOR COLOMBIANO;9
CORRALES;Jaime Andres Gomez Gomez;PARTIDO CONSERVADOR COLOMBIANO;9
CORRALES;Merardo Vargas Roa;PARTIDO ALIANZA VERDE;9
CORRALES;Pablo Antonio Zambrano Salamanca;PARTIDO CONSERVADOR COLOMBIANO;9
CORRALES;Antonio Ernesto Leguizamo Diaz;PARTIDO LIBERAL COLOMBIANO;8
CORRALES;Carlos Eduardo Vega Alvarez;BOYACA DECENTE;8
CORRALES;Luis Carlos Bernal Mesa;PARTIDO SOCIAL DE UNIDAD NACIONAL  PARTIDO DE LA U;8
CORRALES;Sonia Esperanza Lopez Barrera;PARTIDO CONSERVADOR COLOMBIANO;8
CORRALES;Edwin Alfonso Perez Beltran;PARTIDO ALIANZA SOCIAL INDEPENDIENTE ASI;7
CORRALES;Jose Armando Quiñones Garzon;PARTIDO CENTRO DEMOCRATICO;7
CORRALES;Ana Adela Pulido Cuadros;PARTIDO CONSERVADOR COLOMBIANO;6
CORRALES;Jose Mauricio Buitrago Rivera;PARTIDO CAMBIO RADICAL;6
CORRALES;Ana Lucia Parra Monroy;PARTIDO SOCIAL DE UNIDAD NACIONAL  PARTIDO DE LA U;5
CORRALES;Fredy Leonardo Rojas Vargas;PARTIDO CENTRO DEMOCRATICO;5
CORRALES;Ingrid Marlen Sogamoso Alfonso;PARTIDO CENTRO DEMOCRATICO;5
CORRALES;Johan Francisco Herrera Gualdron;PARTIDO ALIANZA VERDE;5
CORRALES;Jose Agustin Arias Millan;PARTIDO CENTRO DEMOCRATICO;5
CORRALES;Maira Adriana Zerda Gonzalez;PARTIDO ALIANZA VERDE;5
CORRALES;Sandra Patricia Ricaurte Espinel;PARTIDO CAMBIO RADICAL;5
CORRALES;Alfredo Horacio Correa Higuera;PARTIDO CAMBIO RADICAL;4
CORRALES;Carlos Alfredo Siza Blanco;PARTIDO CONSERVADOR COLOMBIANO;4
CORRALES;Fernando Augusto Diaz Saenz;PARTIDO CONSERVADOR COLOMBIANO;4
CORRALES;Nereo Baron Tellez;MOVIMIENTO ALTERNATIVO INDIGENA Y SOCIAL MAIS;4
CORRALES;Partido Cambio Radical;PARTIDO CAMBIO RADICAL;4
CORRALES;Sandra Milena Ramirez Moreno;PARTIDO CAMBIO RADICAL;4
CORRALES;Anderson Joaquin Sanchez Ruiz;PARTIDO LIBERAL COLOMBIANO;3
CORRALES;Armando Buitrago Acevedo;PARTIDO ALIANZA SOCIAL INDEPENDIENTE ASI;3
CORRALES;Cesar Augusto Mojica Bedoya;PARTIDO SOCIAL DE UNIDAD NACIONAL  PARTIDO DE LA U;3
CORRALES;Edgar Antulio Gonzalez Trujillo;BOYACA DECENTE;3
CORRALES;Flor Elba Velandia Cely;PARTIDO ALIANZA SOCIAL INDEPENDIENTE ASI;3
CORRALES;Hector Josue Camacho Acosta;PARTIDO CENTRO DEMOCRATICO;3
CORRALES;Jairo Correa Acevedo;MOVIMIENTO ALTERNATIVO INDIGENA Y SOCIAL MAIS;3
CORRALES;Jairo Enrique Cabana Fonseca;PARTIDO ALIANZA VERDE;3
CORRALES;Jairo Pacheco Suarez;PARTIDO LIBERAL COLOMBIANO;3
CORRALES;Jorge Enrique Camacho Rodriguez;PARTIDO ALIANZA SOCIAL INDEPENDIENTE ASI;3
CORRALES;Julieth Rocio Montañez Niño;PARTIDO ALIANZA SOCIAL INDEPENDIENTE ASI;3
CORRALES;Martha Ines Zipa Martinez;PARTIDO CAMBIO RADICAL;3
CORRALES;Mauricio Cadena Valero;PARTIDO CENTRO DEMOCRATICO;3
CORRALES;Norman De Jesus Quintero Gallego;PARTIDO CONSERVADOR COLOMBIANO;3
CORRALES;Oscar Leonardo Montañez Sierra;PARTIDO CAMBIO RADICAL;3
CORRALES;Partido Liberal Colombiano;PARTIDO LIBERAL COLOMBIANO;3
CORRALES;Sandra Patricia Contreras Soto;PARTIDO LIBERAL COLOMBIANO;3
CORRALES;Fabian Camilo Rojas Barrera;PARTIDO LIBERAL COLOMBIANO;2
CORRALES;Fredy Enrique Segura Alonso;BOYACA DECENTE;2
CORRALES;Jhon Fredy Garavito Cortes;PARTIDO SOCIAL DE UNIDAD NACIONAL  PARTIDO DE LA U;2
CORRALES;Jorge Marin Jerez Amado;PARTIDO LIBERAL COLOMBIANO;2
CORRALES;Jose Leonidas Medina Cruz;PARTIDO SOCIAL DE UNIDAD NACIONAL  PARTIDO DE LA U;2
CORRALES;Juan Camilo Morales Rodriguez;PARTIDO LIBERAL COLOMBIANO;2
CORRALES;Laura Patricia Contreras Alvarez;PARTIDO ALIANZA SOCIAL INDEPENDIENTE ASI;2
CORRALES;Luz Dary Sevillano Guerrero;PARTIDO ALIANZA VERDE;2
CORRALES;Mariev Bejarano Ospina;BOYACA DECENTE;2
CORRALES;Neddy Esther Sandoval Figueredo;PARTIDO LIBERAL COLOMBIANO;2
CORRALES;Nelsy Yolanda Rivera Ferrucho;BOYACA DECENTE;2
CORRALES;Omar Humberto Villamil Munevar;PARTIDO CONSERVADOR COLOMBIANO;2
CORRALES;Orlando Florez Cuervo;PARTIDO CENTRO DEMOCRATICO;2
CORRALES;Partido Centro Democratico;PARTIDO CENTRO DEMOCRATICO;2
CORRALES;Partido Social De Unidad Nacional  Partido De La U;PARTIDO SOCIAL DE UNIDAD NACIONAL  PARTIDO DE LA U;2
CORRALES;Adriana Paola Laverde Rodriguez;MOVIMIENTO ALTERNATIVO INDIGENA Y SOCIAL MAIS;1
CORRALES;Andrea Carolina Camargo Caro;MOVIMIENTO ALTERNATIVO INDIGENA Y SOCIAL MAIS;1
CORRALES;Angela Magaly Garcia Rivera;MOVIMIENTO ALTERNATIVO INDIGENA Y SOCIAL MAIS;1
CORRALES;Angela Rocio Umaña Rojas;PARTIDO CONSERVADOR COLOMBIANO;1
CORRALES;Aura Lucia Ortiz Cardona;PARTIDO CENTRO DEMOCRATICO;1
CORRALES;Claudia Patricia Barrera Patiño;PARTIDO SOCIAL DE UNIDAD NACIONAL  PARTIDO DE LA U;1
CORRALES;Claudia Yaneth Avila Castillo;PARTIDO SOCIAL DE UNIDAD NACIONAL  PARTIDO DE LA U;1
CORRALES;Ericka Leonor Amador Gamarra;PARTIDO SOCIAL DE UNIDAD NACIONAL  PARTIDO DE LA U;1
CORRALES;Fredy Julian Castro Rodriguez;PARTIDO CENTRO DEMOCRATICO;1
CORRALES;Gregorio Morales Tovar;BOYACA DECENTE;1
CORRALES;Helver Ariel Avila Panche;PARTIDO CENTRO DEMOCRATICO;1
CORRALES;Henry Goyeneche Hormaza;PARTIDO ALIANZA SOCIAL INDEPENDIENTE ASI;1
CORRALES;Irma Yineth Velandia Sandoval;PARTIDO CAMBIO RADICAL;1
CORRALES;John Fredy Lopez Mora;MOVIMIENTO ALTERNATIVO INDIGENA Y SOCIAL MAIS;1
CORRALES;Jorge Eduardo Diaz Avendaño;MOVIMIENTO ALTERNATIVO INDIGENA Y SOCIAL MAIS;1
CORRALES;Juddy Alexandra Jimenez Cuadros;PARTIDO SOCIAL DE UNIDAD NACIONAL  PARTIDO DE LA U;1
CORRALES;Julian Guillermo Camargo Amortegui;MOVIMIENTO ALTERNATIVO INDIGENA Y SOCIAL MAIS;1
CORRALES;Kiliam Ernesto Gonzalez Forero;BOYACA DECENTE;1
CORRALES;Maria Francia Blanco Pedroza;BOYACA DECENTE;1
CORRALES;Partido Alianza Social Independiente Asi;PARTIDO ALIANZA SOCIAL INDEPENDIENTE ASI;1
CORRALES;Sergio Cabra Sierra;PARTIDO SOCIAL DE UNIDAD NACIONAL  PARTIDO DE LA U;1
CORRALES;Siervo Yesith Gonzalez Saavedra;PARTIDO CAMBIO RADICAL;1
CORRALES;Yadith Milena Martinez Farfan;PARTIDO CENTRO DEMOCRATICO;1
COVARACHIA;Carlos Alfredo Siza Blanco;PARTIDO CONSERVADOR COLOMBIANO;216
COVARACHIA;Angela Patricia Velandia Novoa;PARTIDO ALIANZA VERDE;116
COVARACHIA;Luis Carlos Ochoa Pasachoa;PARTIDO ALIANZA VERDE;107
COVARACHIA;Hugo Alveiro Rosas Romero;PARTIDO ALIANZA VERDE;95
COVARACHIA;Yamir Oswaldo Lopez Peña;PARTIDO ALIANZA VERDE;73
COVARACHIA;Nelson Mauricio Rodriguez Perez;PARTIDO CONSERVADOR COLOMBIANO;55
COVARACHIA;Anderson Joaquin Sanchez Ruiz;PARTIDO LIBERAL COLOMBIANO;49
COVARACHIA;Partido Alianza Verde;PARTIDO ALIANZA VERDE;45
COVARACHIA;Luisa Fernanda Rodriguez Alfonso;PARTIDO ALIANZA VERDE;39
COVARACHIA;Hernando Arias Ochoa;PARTIDO ALIANZA SOCIAL INDEPENDIENTE ASI;29
COVARACHIA;Fernando Alexander Serrato Fonseca;PARTIDO LIBERAL COLOMBIANO;28
COVARACHIA;Sergio Cabra Sierra;PARTIDO SOCIAL DE UNIDAD NACIONAL  PARTIDO DE LA U;28
COVARACHIA;Concha Jael Vargas Saavedra;PARTIDO CONSERVADOR COLOMBIANO;26
COVARACHIA;Fabian Camilo Rojas Barrera;PARTIDO LIBERAL COLOMBIANO;23
COVARACHIA;Jose Wilmar Leal Abril;PARTIDO CAMBIO RADICAL;23
COVARACHIA;Fernando Augusto Diaz Saenz;PARTIDO CONSERVADOR COLOMBIANO;22
COVARACHIA;Johan Francisco Herrera Gualdron;PARTIDO ALIANZA VERDE;19
COVARACHIA;Merardo Vargas Roa;PARTIDO ALIANZA VERDE;19
COVARACHIA;Partido Alianza Social Independiente Asi;PARTIDO ALIANZA SOCIAL INDEPENDIENTE ASI;19
COVARACHIA;Partido Conservador Colombiano;PARTIDO CONSERVADOR COLOMBIANO;18
COVARACHIA;Partido Liberal Colombiano;PARTIDO LIBERAL COLOMBIANO;18
COVARACHIA;Jose Armando Quiñones Garzon;PARTIDO CENTRO DEMOCRATICO;17
COVARACHIA;William Rodolfo Mesa Avella;PARTIDO CENTRO DEMOCRATICO;17
COVARACHIA;Oscar Leonardo Montañez Sierra;PARTIDO CAMBIO RADICAL;14
COVARACHIA;Wilder Ivan Suesca Ochoa;PARTIDO CENTRO DEMOCRATICO;14
COVARACHIA;Yury Neill Diaz Aranguren;MOVIMIENTO ALTERNATIVO INDIGENA Y SOCIAL MAIS;14
COVARACHIA;Sandra Milena Ramirez Moreno;PARTIDO CAMBIO RADICAL;12
COVARACHIA;Edwin Alfonso Perez Beltran;PARTIDO ALIANZA SOCIAL INDEPENDIENTE ASI;11
COVARACHIA;Gustavo Eduardo Castañeda Niño;PARTIDO ALIANZA VERDE;11
COVARACHIA;Jairo Correa Acevedo;MOVIMIENTO ALTERNATIVO INDIGENA Y SOCIAL MAIS;11
COVARACHIA;Jorge Enrique Camacho Rodriguez;PARTIDO ALIANZA SOCIAL INDEPENDIENTE ASI;11
COVARACHIA;Jose Dario Mahecha Castillo;PARTIDO CONSERVADOR COLOMBIANO;11
COVARACHIA;Pedro Pablo Salas Hernandez;PARTIDO ALIANZA VERDE;11
COVARACHIA;Sonia Esperanza Lopez Barrera;PARTIDO CONSERVADOR COLOMBIANO;11
COVARACHIA;Alfredo Horacio Correa Higuera;PARTIDO CAMBIO RADICAL;10
COVARACHIA;Ivan Ricardo Pirachican Bernal;PARTIDO CONSERVADOR COLOMBIANO;10
COVARACHIA;Movimiento Alternativo Indigena Y Social Mais;MOVIMIENTO ALTERNATIVO INDIGENA Y SOCIAL MAIS;9
COVARACHIA;Ana Adela Pulido Cuadros;PARTIDO CONSERVADOR COLOMBIANO;8
COVARACHIA;Jhon Fredy Garavito Cortes;PARTIDO SOCIAL DE UNIDAD NACIONAL  PARTIDO DE LA U;8
COVARACHIA;Jorge Marin Jerez Amado;PARTIDO LIBERAL COLOMBIANO;8
COVARACHIA;Juan Camilo Morales Rodriguez;PARTIDO LIBERAL COLOMBIANO;8
COVARACHIA;Partido Cambio Radical;PARTIDO CAMBIO RADICAL;8
COVARACHIA;Ricardo Alonso Rojas Sachica;PARTIDO ALIANZA VERDE;8
COVARACHIA;Elsa Marlen Manrique Pulgar;PARTIDO LIBERAL COLOMBIANO;7
COVARACHIA;Hector Josue Camacho Acosta;PARTIDO CENTRO DEMOCRATICO;7
COVARACHIA;Omar Fernando Valderrama Baez;PARTIDO CENTRO DEMOCRATICO;7
COVARACHIA;Alberto Enrique Murillo Sanchez;PARTIDO CAMBIO RADICAL;6
COVARACHIA;Cesar Augusto Mojica Bedoya;PARTIDO SOCIAL DE UNIDAD NACIONAL  PARTIDO DE LA U;6
COVARACHIA;Jaime Andres Gomez Gomez;PARTIDO CONSERVADOR COLOMBIANO;6
COVARACHIA;Jairo Pacheco Suarez;PARTIDO LIBERAL COLOMBIANO;6
COVARACHIA;Norman De Jesus Quintero Gallego;PARTIDO CONSERVADOR COLOMBIANO;6
COVARACHIA;Olga Niño Rojas;PARTIDO CENTRO DEMOCRATICO;6
COVARACHIA;Partido Centro Democratico;PARTIDO CENTRO DEMOCRATICO;6
COVARACHIA;Carlos Ernesto Torres Aguirre;PARTIDO CONSERVADOR COLOMBIANO;5
COVARACHIA;Daniel Fernando Mejia Lozano;PARTIDO ALIANZA SOCIAL INDEPENDIENTE ASI;5
COVARACHIA;Eliana Hasleidy Gamez Pinilla;PARTIDO CAMBIO RADICAL;5
COVARACHIA;Fredy Julian Castro Rodriguez;PARTIDO CENTRO DEMOCRATICO;5
COVARACHIA;Jose Antonio Estupiñan Caceres;PARTIDO CONSERVADOR COLOMBIANO;5
COVARACHIA;Julieth Rocio Montañez Niño;PARTIDO ALIANZA SOCIAL INDEPENDIENTE ASI;5
COVARACHIA;Luz Dary Sevillano Guerrero;PARTIDO ALIANZA VERDE;5
COVARACHIA;Partido Social De Unidad Nacional  Partido De La U;PARTIDO SOCIAL DE UNIDAD NACIONAL  PARTIDO DE LA U;5
COVARACHIA;Roman Hernando Ortega Hernandez;PARTIDO ALIANZA VERDE;5
COVARACHIA;Wilton Fredy Castro Silva;PARTIDO ALIANZA VERDE;5
COVARACHIA;Alba Luz Becerra Becerra;PARTIDO ALIANZA SOCIAL INDEPENDIENTE ASI;4
COVARACHIA;Erika Dayana Piragauta Rodriguez;PARTIDO LIBERAL COLOMBIANO;4
COVARACHIA;Henry Goyeneche Hormaza;PARTIDO ALIANZA SOCIAL INDEPENDIENTE ASI;4
COVARACHIA;Jairo Enrique Cabana Fonseca;PARTIDO ALIANZA VERDE;4
COVARACHIA;Eliana Maria Villate Fonseca;PARTIDO CONSERVADOR COLOMBIANO;3
COVARACHIA;Giovanna Del Pilar Soto Barreto;PARTIDO CAMBIO RADICAL;3
COVARACHIA;Ingrid Marlen Sogamoso Alfonso;PARTIDO CENTRO DEMOCRATICO;3
COVARACHIA;Jose Mauricio Buitrago Rivera;PARTIDO CAMBIO RADICAL;3
COVARACHIA;Julian Guillermo Camargo Amortegui;MOVIMIENTO ALTERNATIVO INDIGENA Y SOCIAL MAIS;3
COVARACHIA;Maira Adriana Zerda Gonzalez;PARTIDO ALIANZA VERDE;3
COVARACHIA;Neddy Esther Sandoval Figueredo;PARTIDO LIBERAL COLOMBIANO;3
COVARACHIA;Orlando Florez Cuervo;PARTIDO CENTRO DEMOCRATICO;3
COVARACHIA;Sandra Patricia Contreras Soto;PARTIDO LIBERAL COLOMBIANO;3
COVARACHIA;Adriana Paola Laverde Rodriguez;MOVIMIENTO ALTERNATIVO INDIGENA Y SOCIAL MAIS;2
COVARACHIA;Ana Lucia Parra Monroy;PARTIDO SOCIAL DE UNIDAD NACIONAL  PARTIDO DE LA U;2
COVARACHIA;Armando Buitrago Acevedo;PARTIDO ALIANZA SOCIAL INDEPENDIENTE ASI;2
COVARACHIA;Boyaca Decente;BOYACA DECENTE;2
COVARACHIA;Claudia Yaneth Avila Castillo;PARTIDO SOCIAL DE UNIDAD NACIONAL  PARTIDO DE LA U;2
COVARACHIA;Ericka Leonor Amador Gamarra;PARTIDO SOCIAL DE UNIDAD NACIONAL  PARTIDO DE LA U;2
COVARACHIA;Flor Elba Velandia Cely;PARTIDO ALIANZA SOCIAL INDEPENDIENTE ASI;2
COVARACHIA;Jose Agustin Arias Millan;PARTIDO CENTRO DEMOCRATICO;2
COVARACHIA;Luis Carlos Machado Zapata;PARTIDO LIBERAL COLOMBIANO;2
COVARACHIA;Manuel Ricardo Mesa Trujillo;PARTIDO SOCIAL DE UNIDAD NACIONAL  PARTIDO DE LA U;2
COVARACHIA;Wilkins Fernando Chaparro Cuervo;PARTIDO ALIANZA SOCIAL INDEPENDIENTE ASI;2
COVARACHIA;Alvaro Hernan Forero Hurtado;BOYACA DECENTE;1
COVARACHIA;Ana Delia Avendaño Hernandez;PARTIDO LIBERAL COLOMBIANO;1
COVARACHIA;Andres Mauricio Escarria Barraza;PARTIDO CAMBIO RADICAL;1
COVARACHIA;Angela Magaly Garcia Rivera;MOVIMIENTO ALTERNATIVO INDIGENA Y SOCIAL MAIS;1
COVARACHIA;Angela Rocio Umaña Rojas;PARTIDO CONSERVADOR COLOMBIANO;1
COVARACHIA;David Alejandro Avila Cely;MOVIMIENTO ALTERNATIVO INDIGENA Y SOCIAL MAIS;1
COVARACHIA;David Santiago Ochoa Garcia;PARTIDO SOCIAL DE UNIDAD NACIONAL  PARTIDO DE LA U;1
COVARACHIA;Estefany Johana Grajales Marin;MOVIMIENTO ALTERNATIVO INDIGENA Y SOCIAL MAIS;1
COVARACHIA;Irma Yineth Velandia Sandoval;PARTIDO CAMBIO RADICAL;1
COVARACHIA;Jhonnatan Jairo Avellaneda Mesa;MOVIMIENTO ALTERNATIVO INDIGENA Y SOCIAL MAIS;1
COVARACHIA;Katherin Tatiana Calderon Acosta;PARTIDO CENTRO DEMOCRATICO;1
COVARACHIA;Kiliam Ernesto Gonzalez Forero;BOYACA DECENTE;1
COVARACHIA;Lizeth Paola Saade Fuentes;MOVIMIENTO ALTERNATIVO INDIGENA Y SOCIAL MAIS;1
COVARACHIA;Mauricio Cadena Valero;PARTIDO CENTRO DEMOCRATICO;1
COVARACHIA;Omar Humberto Villamil Munevar;PARTIDO CONSERVADOR COLOMBIANO;1
COVARACHIA;Partido Colombia Justa Libres;PARTIDO COLOMBIA JUSTA LIBRES;1
COVARACHIA;Segundo Fidel Salazar Gonzalez;PARTIDO SOCIAL DE UNIDAD NACIONAL  PARTIDO DE LA U;1
COVARACHIA;Vivian Catherin Alvarez;PARTIDO ALIANZA SOCIAL INDEPENDIENTE ASI;1
COVARACHIA;William Chaparro Rodriguez;BOYACA DECENTE;1
COVARACHIA;Willian David Pabon Jimenez;PARTIDO SOCIAL DE UNIDAD NACIONAL  PARTIDO DE LA U;1
COVARACHIA;Yadith Milena Martinez Farfan;PARTIDO CENTRO DEMOCRATICO;1
CUBARA;Nelson Mauricio Rodriguez Perez;PARTIDO CONSERVADOR COLOMBIANO;304
CUBARA;Angela Patricia Velandia Novoa;PARTIDO ALIANZA VERDE;211
CUBARA;Luis Carlos Ochoa Pasachoa;PARTIDO ALIANZA VERDE;200
CUBARA;Luisa Fernanda Rodriguez Alfonso;PARTIDO ALIANZA VERDE;196
CUBARA;Movimiento Alternativo Indigena Y Social Mais;MOVIMIENTO ALTERNATIVO INDIGENA Y SOCIAL MAIS;142
CUBARA;Fernando Alexander Serrato Fonseca;PARTIDO LIBERAL COLOMBIANO;140
CUBARA;Jose Dario Mahecha Castillo;PARTIDO CONSERVADOR COLOMBIANO;104
CUBARA;Yury Neill Diaz Aranguren;MOVIMIENTO ALTERNATIVO INDIGENA Y SOCIAL MAIS;79
CUBARA;Partido Conservador Colombiano;PARTIDO CONSERVADOR COLOMBIANO;67
CUBARA;Ricardo Alonso Rojas Sachica;PARTIDO ALIANZA VERDE;66
CUBARA;Fabian Camilo Rojas Barrera;PARTIDO LIBERAL COLOMBIANO;62
CUBARA;Yamir Oswaldo Lopez Peña;PARTIDO ALIANZA VERDE;60
CUBARA;Partido Social De Unidad Nacional  Partido De La U;PARTIDO SOCIAL DE UNIDAD NACIONAL  PARTIDO DE LA U;59
CUBARA;Partido Colombia Justa Libres;PARTIDO COLOMBIA JUSTA LIBRES;49
CUBARA;Juan Camilo Morales Rodriguez;PARTIDO LIBERAL COLOMBIANO;42
CUBARA;Partido Liberal Colombiano;PARTIDO LIBERAL COLOMBIANO;39
CUBARA;Jorge Enrique Camacho Rodriguez;PARTIDO ALIANZA SOCIAL INDEPENDIENTE ASI;37
CUBARA;Partido Alianza Verde;PARTIDO ALIANZA VERDE;35
CUBARA;Ivan Ricardo Pirachican Bernal;PARTIDO CONSERVADOR COLOMBIANO;34
CUBARA;Gustavo Eduardo Castañeda Niño;PARTIDO ALIANZA VERDE;31
CUBARA;Merardo Vargas Roa;PARTIDO ALIANZA VERDE;30
CUBARA;Omar Fernando Valderrama Baez;PARTIDO CENTRO DEMOCRATICO;23
CUBARA;Ricardo Andres Español Teatino;PARTIDO LIBERAL COLOMBIANO;20
CUBARA;Johan Francisco Herrera Gualdron;PARTIDO ALIANZA VERDE;19
CUBARA;Roman Hernando Ortega Hernandez;PARTIDO ALIANZA VERDE;18
CUBARA;Partido Centro Democratico;PARTIDO CENTRO DEMOCRATICO;17
CUBARA;Cesar Augusto Mojica Bedoya;PARTIDO SOCIAL DE UNIDAD NACIONAL  PARTIDO DE LA U;16
CUBARA;Ingrid Marlen Sogamoso Alfonso;PARTIDO CENTRO DEMOCRATICO;16
CUBARA;Uldarico Javier Ramirez Chilito;MOVIMIENTO ALTERNATIVO INDIGENA Y SOCIAL MAIS;15
CUBARA;Anderson Joaquin Sanchez Ruiz;PARTIDO LIBERAL COLOMBIANO;14
CUBARA;Jairo Pacheco Suarez;PARTIDO LIBERAL COLOMBIANO;14
CUBARA;Manuel Ricardo Mesa Trujillo;PARTIDO SOCIAL DE UNIDAD NACIONAL  PARTIDO DE LA U;14
CUBARA;Jose Armando Quiñones Garzon;PARTIDO CENTRO DEMOCRATICO;13
CUBARA;Carlos Alfredo Siza Blanco;PARTIDO CONSERVADOR COLOMBIANO;12
CUBARA;Nereo Baron Tellez;MOVIMIENTO ALTERNATIVO INDIGENA Y SOCIAL MAIS;11
CUBARA;Willian David Pabon Jimenez;PARTIDO SOCIAL DE UNIDAD NACIONAL  PARTIDO DE LA U;10
CUBARA;Daniel Fernando Mejia Lozano;PARTIDO ALIANZA SOCIAL INDEPENDIENTE ASI;9
CUBARA;Pedro Pablo Salas Hernandez;PARTIDO ALIANZA VERDE;9
CUBARA;Estefany Johana Grajales Marin;MOVIMIENTO ALTERNATIVO INDIGENA Y SOCIAL MAIS;8
CUBARA;John Fredy Lopez Mora;MOVIMIENTO ALTERNATIVO INDIGENA Y SOCIAL MAIS;8
CUBARA;Partido Alianza Social Independiente Asi;PARTIDO ALIANZA SOCIAL INDEPENDIENTE ASI;8
CUBARA;Adriana Paola Laverde Rodriguez;MOVIMIENTO ALTERNATIVO INDIGENA Y SOCIAL MAIS;7
CUBARA;Flor Elba Velandia Cely;PARTIDO ALIANZA SOCIAL INDEPENDIENTE ASI;7
CUBARA;Jhon Fredy Garavito Cortes;PARTIDO SOCIAL DE UNIDAD NACIONAL  PARTIDO DE LA U;7
CUBARA;Luis Carlos Bernal Mesa;PARTIDO SOCIAL DE UNIDAD NACIONAL  PARTIDO DE LA U;7
CUBARA;Luz Dary Sevillano Guerrero;PARTIDO ALIANZA VERDE;7
CUBARA;Maria De Los Santos Salamanca Silva;PARTIDO ALIANZA VERDE;7
CUBARA;Claudia Yaneth Avila Castillo;PARTIDO SOCIAL DE UNIDAD NACIONAL  PARTIDO DE LA U;6
CUBARA;Hernando Arias Ochoa;PARTIDO ALIANZA SOCIAL INDEPENDIENTE ASI;6
CUBARA;Jairo Correa Acevedo;MOVIMIENTO ALTERNATIVO INDIGENA Y SOCIAL MAIS;6
CUBARA;Luis Carlos Machado Zapata;PARTIDO LIBERAL COLOMBIANO;6
CUBARA;Partido Cambio Radical;PARTIDO CAMBIO RADICAL;6
CUBARA;Segundo Fidel Salazar Gonzalez;PARTIDO SOCIAL DE UNIDAD NACIONAL  PARTIDO DE LA U;6
CUBARA;William Rodolfo Mesa Avella;PARTIDO CENTRO DEMOCRATICO;6
CUBARA;Wilton Fredy Castro Silva;PARTIDO ALIANZA VERDE;6
CUBARA;Antonio Ernesto Leguizamo Diaz;PARTIDO LIBERAL COLOMBIANO;5
CUBARA;Carlos Ernesto Torres Aguirre;PARTIDO CONSERVADOR COLOMBIANO;5
CUBARA;Hugo Alveiro Rosas Romero;PARTIDO ALIANZA VERDE;5
CUBARA;Jairo Enrique Cabana Fonseca;PARTIDO ALIANZA VERDE;5
CUBARA;Jorge Eduardo Diaz Avendaño;MOVIMIENTO ALTERNATIVO INDIGENA Y SOCIAL MAIS;5
CUBARA;Jorge Marin Jerez Amado;PARTIDO LIBERAL COLOMBIANO;5
CUBARA;Maira Adriana Zerda Gonzalez;PARTIDO ALIANZA VERDE;5
CUBARA;Sandra Patricia Contreras Soto;PARTIDO LIBERAL COLOMBIANO;5
CUBARA;Sergio Cabra Sierra;PARTIDO SOCIAL DE UNIDAD NACIONAL  PARTIDO DE LA U;5
CUBARA;Alba Luz Becerra Becerra;PARTIDO ALIANZA SOCIAL INDEPENDIENTE ASI;4
CUBARA;Angela Magaly Garcia Rivera;MOVIMIENTO ALTERNATIVO INDIGENA Y SOCIAL MAIS;4
CUBARA;Concha Jael Vargas Saavedra;PARTIDO CONSERVADOR COLOMBIANO;4
CUBARA;Jhonnatan Jairo Avellaneda Mesa;MOVIMIENTO ALTERNATIVO INDIGENA Y SOCIAL MAIS;4
CUBARA;Jose Antonio Estupiñan Caceres;PARTIDO CONSERVADOR COLOMBIANO;4
CUBARA;Julian Guillermo Camargo Amortegui;MOVIMIENTO ALTERNATIVO INDIGENA Y SOCIAL MAIS;4
CUBARA;Lizeth Paola Saade Fuentes;MOVIMIENTO ALTERNATIVO INDIGENA Y SOCIAL MAIS;4
CUBARA;Pablo Antonio Zambrano Salamanca;PARTIDO CONSERVADOR COLOMBIANO;4
CUBARA;Pedro Humberto Vargas Gomez;PARTIDO LIBERAL COLOMBIANO;4
CUBARA;Sonia Esperanza Lopez Barrera;PARTIDO CONSERVADOR COLOMBIANO;4
CUBARA;Ana Lucia Parra Monroy;PARTIDO SOCIAL DE UNIDAD NACIONAL  PARTIDO DE LA U;3
CUBARA;Carlos Julian Diaz Franco;PARTIDO ALIANZA SOCIAL INDEPENDIENTE ASI;3
CUBARA;David Santiago Diaz Guio;PARTIDO SOCIAL DE UNIDAD NACIONAL  PARTIDO DE LA U;3
CUBARA;Edwin Andres Rodriguez Rodriguez;PARTIDO LIBERAL COLOMBIANO;3
CUBARA;Fernando Augusto Diaz Saenz;PARTIDO CONSERVADOR COLOMBIANO;3
CUBARA;Fredy Julian Castro Rodriguez;PARTIDO CENTRO DEMOCRATICO;3
CUBARA;Fredy Leonardo Rojas Vargas;PARTIDO CENTRO DEMOCRATICO;3
CUBARA;Ana Adela Pulido Cuadros;PARTIDO CONSERVADOR COLOMBIANO;2
CUBARA;Andrea Carolina Camargo Caro;MOVIMIENTO ALTERNATIVO INDIGENA Y SOCIAL MAIS;2
CUBARA;Angela Rocio Umaña Rojas;PARTIDO CONSERVADOR COLOMBIANO;2
CUBARA;Armando Buitrago Acevedo;PARTIDO ALIANZA SOCIAL INDEPENDIENTE ASI;2
CUBARA;Aura Lucia Ortiz Cardona;PARTIDO CENTRO DEMOCRATICO;2
CUBARA;Boyaca Decente;BOYACA DECENTE;2
CUBARA;Eliana Maria Villate Fonseca;PARTIDO CONSERVADOR COLOMBIANO;2
CUBARA;Elsa Marlen Manrique Pulgar;PARTIDO LIBERAL COLOMBIANO;2
CUBARA;Erika Dayana Piragauta Rodriguez;PARTIDO LIBERAL COLOMBIANO;2
CUBARA;Jaime Andres Gomez Gomez;PARTIDO CONSERVADOR COLOMBIANO;2
CUBARA;Julieth Rocio Montañez Niño;PARTIDO ALIANZA SOCIAL INDEPENDIENTE ASI;2
CUBARA;Laura Patricia Contreras Alvarez;PARTIDO ALIANZA SOCIAL INDEPENDIENTE ASI;2
CUBARA;Mauricio Cadena Valero;PARTIDO CENTRO DEMOCRATICO;2
CUBARA;Orlando Florez Cuervo;PARTIDO CENTRO DEMOCRATICO;2
CUBARA;Siervo Yesith Gonzalez Saavedra;PARTIDO CAMBIO RADICAL;2
CUBARA;Wilkins Fernando Chaparro Cuervo;PARTIDO ALIANZA SOCIAL INDEPENDIENTE ASI;2
CUBARA;Alfredo Horacio Correa Higuera;PARTIDO CAMBIO RADICAL;1
CUBARA;Claudia Patricia Barrera Patiño;PARTIDO SOCIAL DE UNIDAD NACIONAL  PARTIDO DE LA U;1
CUBARA;David Alejandro Avila Cely;MOVIMIENTO ALTERNATIVO INDIGENA Y SOCIAL MAIS;1
CUBARA;David Santiago Ochoa Garcia;PARTIDO SOCIAL DE UNIDAD NACIONAL  PARTIDO DE LA U;1
CUBARA;Ericka Leonor Amador Gamarra;PARTIDO SOCIAL DE UNIDAD NACIONAL  PARTIDO DE LA U;1
CUBARA;Fredy Enrique Segura Alonso;BOYACA DECENTE;1
CUBARA;Giovanna Del Pilar Soto Barreto;PARTIDO CAMBIO RADICAL;1
CUBARA;Henry Goyeneche Hormaza;PARTIDO ALIANZA SOCIAL INDEPENDIENTE ASI;1
CUBARA;Maria Francia Blanco Pedroza;BOYACA DECENTE;1
CUBARA;Martha Ines Zipa Martinez;PARTIDO CAMBIO RADICAL;1
CUBARA;Norman De Jesus Quintero Gallego;PARTIDO CONSERVADOR COLOMBIANO;1
CUBARA;Olga Niño Rojas;PARTIDO CENTRO DEMOCRATICO;1
CUBARA;Omar Humberto Villamil Munevar;PARTIDO CONSERVADOR COLOMBIANO;1
CUBARA;Oscar Leonardo Montañez Sierra;PARTIDO CAMBIO RADICAL;1
CUBARA;Sandra Milena Ramirez Moreno;PARTIDO CAMBIO RADICAL;1
CUBARA;Vivian Catherin Alvarez;PARTIDO ALIANZA SOCIAL INDEPENDIENTE ASI;1
CUCAITA;Jorge Marin Jerez Amado;PARTIDO LIBERAL COLOMBIANO;470
CUCAITA;Jairo Pacheco Suarez;PARTIDO LIBERAL COLOMBIANO;283
CUCAITA;Angela Patricia Velandia Novoa;PARTIDO ALIANZA VERDE;146
CUCAITA;Jorge Eduardo Diaz Avendaño;MOVIMIENTO ALTERNATIVO INDIGENA Y SOCIAL MAIS;112
CUCAITA;Yamir Oswaldo Lopez Peña;PARTIDO ALIANZA VERDE;111
CUCAITA;Nelson Mauricio Rodriguez Perez;PARTIDO CONSERVADOR COLOMBIANO;71
CUCAITA;Ricardo Alonso Rojas Sachica;PARTIDO ALIANZA VERDE;70
CUCAITA;Partido Alianza Verde;PARTIDO ALIANZA VERDE;51
CUCAITA;Oscar Leonardo Montañez Sierra;PARTIDO CAMBIO RADICAL;43
CUCAITA;Omar Fernando Valderrama Baez;PARTIDO CENTRO DEMOCRATICO;40
CUCAITA;Luis Carlos Ochoa Pasachoa;PARTIDO ALIANZA VERDE;38
CUCAITA;Gustavo Eduardo Castañeda Niño;PARTIDO ALIANZA VERDE;36
CUCAITA;Hugo Alveiro Rosas Romero;PARTIDO ALIANZA VERDE;36
CUCAITA;Movimiento Alternativo Indigena Y Social Mais;MOVIMIENTO ALTERNATIVO INDIGENA Y SOCIAL MAIS;36
CUCAITA;Fabian Camilo Rojas Barrera;PARTIDO LIBERAL COLOMBIANO;34
CUCAITA;Ivan Ricardo Pirachican Bernal;PARTIDO CONSERVADOR COLOMBIANO;32
CUCAITA;Yury Neill Diaz Aranguren;MOVIMIENTO ALTERNATIVO INDIGENA Y SOCIAL MAIS;32
CUCAITA;Mariev Bejarano Ospina;BOYACA DECENTE;31
CUCAITA;Partido Conservador Colombiano;PARTIDO CONSERVADOR COLOMBIANO;30
CUCAITA;Willian David Pabon Jimenez;PARTIDO SOCIAL DE UNIDAD NACIONAL  PARTIDO DE LA U;26
CUCAITA;Hector Josue Camacho Acosta;PARTIDO CENTRO DEMOCRATICO;23
CUCAITA;Wilder Ivan Suesca Ochoa;PARTIDO CENTRO DEMOCRATICO;22
CUCAITA;Concha Jael Vargas Saavedra;PARTIDO CONSERVADOR COLOMBIANO;21
CUCAITA;Partido Liberal Colombiano;PARTIDO LIBERAL COLOMBIANO;21
CUCAITA;Johan Francisco Herrera Gualdron;PARTIDO ALIANZA VERDE;18
CUCAITA;Anderson Joaquin Sanchez Ruiz;PARTIDO LIBERAL COLOMBIANO;17
CUCAITA;Hernando Arias Ochoa;PARTIDO ALIANZA SOCIAL INDEPENDIENTE ASI;17
CUCAITA;Adriana Paola Laverde Rodriguez;MOVIMIENTO ALTERNATIVO INDIGENA Y SOCIAL MAIS;16
CUCAITA;Neddy Esther Sandoval Figueredo;PARTIDO LIBERAL COLOMBIANO;16
CUCAITA;Pedro Pablo Salas Hernandez;PARTIDO ALIANZA VERDE;16
CUCAITA;Manuel Ricardo Mesa Trujillo;PARTIDO SOCIAL DE UNIDAD NACIONAL  PARTIDO DE LA U;13
CUCAITA;Partido Alianza Social Independiente Asi;PARTIDO ALIANZA SOCIAL INDEPENDIENTE ASI;13
CUCAITA;Jairo Enrique Cabana Fonseca;PARTIDO ALIANZA VERDE;12
CUCAITA;Luz Dary Sevillano Guerrero;PARTIDO ALIANZA VERDE;11
CUCAITA;Nereo Baron Tellez;MOVIMIENTO ALTERNATIVO INDIGENA Y SOCIAL MAIS;11
CUCAITA;Estefany Johana Grajales Marin;MOVIMIENTO ALTERNATIVO INDIGENA Y SOCIAL MAIS;10
CUCAITA;Luis Carlos Bernal Mesa;PARTIDO SOCIAL DE UNIDAD NACIONAL  PARTIDO DE LA U;10
CUCAITA;Partido Colombia Justa Libres;PARTIDO COLOMBIA JUSTA LIBRES;10
CUCAITA;Partido Social De Unidad Nacional  Partido De La U;PARTIDO SOCIAL DE UNIDAD NACIONAL  PARTIDO DE LA U;10
CUCAITA;Alba Luz Becerra Becerra;PARTIDO ALIANZA SOCIAL INDEPENDIENTE ASI;9
CUCAITA;Alvaro Hernan Forero Hurtado;BOYACA DECENTE;9
CUCAITA;Carlos Ernesto Torres Aguirre;PARTIDO CONSERVADOR COLOMBIANO;9
CUCAITA;Luisa Fernanda Rodriguez Alfonso;PARTIDO ALIANZA VERDE;9
CUCAITA;Ana Adela Pulido Cuadros;PARTIDO CONSERVADOR COLOMBIANO;8
CUCAITA;Juan Camilo Morales Rodriguez;PARTIDO LIBERAL COLOMBIANO;8
CUCAITA;Claudia Yaneth Avila Castillo;PARTIDO SOCIAL DE UNIDAD NACIONAL  PARTIDO DE LA U;7
CUCAITA;Luis Carlos Machado Zapata;PARTIDO LIBERAL COLOMBIANO;7
CUCAITA;Partido Centro Democratico;PARTIDO CENTRO DEMOCRATICO;7
CUCAITA;Pedro Humberto Vargas Gomez;PARTIDO LIBERAL COLOMBIANO;7
CUCAITA;Segundo Fidel Salazar Gonzalez;PARTIDO SOCIAL DE UNIDAD NACIONAL  PARTIDO DE LA U;7
CUCAITA;Alfredo Horacio Correa Higuera;PARTIDO CAMBIO RADICAL;6
CUCAITA;Antonio Ernesto Leguizamo Diaz;PARTIDO LIBERAL COLOMBIANO;6
CUCAITA;Jorge Enrique Camacho Rodriguez;PARTIDO ALIANZA SOCIAL INDEPENDIENTE ASI;6
CUCAITA;Jose Armando Quiñones Garzon;PARTIDO CENTRO DEMOCRATICO;6
CUCAITA;Lizeth Paola Saade Fuentes;MOVIMIENTO ALTERNATIVO INDIGENA Y SOCIAL MAIS;6
CUCAITA;Wilkins Fernando Chaparro Cuervo;PARTIDO ALIANZA SOCIAL INDEPENDIENTE ASI;6
CUCAITA;Elsa Marlen Manrique Pulgar;PARTIDO LIBERAL COLOMBIANO;5
CUCAITA;Fernando Alexander Serrato Fonseca;PARTIDO LIBERAL COLOMBIANO;5
CUCAITA;Ingrid Marlen Sogamoso Alfonso;PARTIDO CENTRO DEMOCRATICO;5
CUCAITA;Jairo Correa Acevedo;MOVIMIENTO ALTERNATIVO INDIGENA Y SOCIAL MAIS;5
CUCAITA;Jhon Fredy Garavito Cortes;PARTIDO SOCIAL DE UNIDAD NACIONAL  PARTIDO DE LA U;5
CUCAITA;Jose Dario Mahecha Castillo;PARTIDO CONSERVADOR COLOMBIANO;5
CUCAITA;Maria De Los Santos Salamanca Silva;PARTIDO ALIANZA VERDE;5
CUCAITA;Mauricio Cadena Valero;PARTIDO CENTRO DEMOCRATICO;5
CUCAITA;Merardo Vargas Roa;PARTIDO ALIANZA VERDE;5
CUCAITA;Partido Cambio Radical;PARTIDO CAMBIO RADICAL;5
CUCAITA;Uldarico Javier Ramirez Chilito;MOVIMIENTO ALTERNATIVO INDIGENA Y SOCIAL MAIS;5
CUCAITA;William Rodolfo Mesa Avella;PARTIDO CENTRO DEMOCRATICO;5
CUCAITA;Cesar Augusto Mojica Bedoya;PARTIDO SOCIAL DE UNIDAD NACIONAL  PARTIDO DE LA U;4
CUCAITA;Daniel Fernando Mejia Lozano;PARTIDO ALIANZA SOCIAL INDEPENDIENTE ASI;4
CUCAITA;Irma Yineth Velandia Sandoval;PARTIDO CAMBIO RADICAL;4
CUCAITA;Laura Patricia Contreras Alvarez;PARTIDO ALIANZA SOCIAL INDEPENDIENTE ASI;4
CUCAITA;Nelsy Yolanda Rivera Ferrucho;BOYACA DECENTE;4
CUCAITA;Omar Humberto Villamil Munevar;PARTIDO CONSERVADOR COLOMBIANO;4
CUCAITA;Roman Hernando Ortega Hernandez;PARTIDO ALIANZA VERDE;4
CUCAITA;Siervo Yesith Gonzalez Saavedra;PARTIDO CAMBIO RADICAL;4
CUCAITA;Alberto Enrique Murillo Sanchez;PARTIDO CAMBIO RADICAL;3
CUCAITA;Boyaca Decente;BOYACA DECENTE;3
CUCAITA;Eliana Maria Villate Fonseca;PARTIDO CONSERVADOR COLOMBIANO;3
CUCAITA;Fernando Augusto Diaz Saenz;PARTIDO CONSERVADOR COLOMBIANO;3
CUCAITA;Jhonnatan Jairo Avellaneda Mesa;MOVIMIENTO ALTERNATIVO INDIGENA Y SOCIAL MAIS;3
CUCAITA;Jorge Ignacio Lopez Barrera;BOYACA DECENTE;3
CUCAITA;Jose Antonio Estupiñan Caceres;PARTIDO CONSERVADOR COLOMBIANO;3
CUCAITA;Sergio Cabra Sierra;PARTIDO SOCIAL DE UNIDAD NACIONAL  PARTIDO DE LA U;3
CUCAITA;Wilton Fredy Castro Silva;PARTIDO ALIANZA VERDE;3
CUCAITA;Andres Mauricio Escarria Barraza;PARTIDO CAMBIO RADICAL;2
CUCAITA;Armando Buitrago Acevedo;PARTIDO ALIANZA SOCIAL INDEPENDIENTE ASI;2
CUCAITA;Carlos Alfredo Siza Blanco;PARTIDO CONSERVADOR COLOMBIANO;2
CUCAITA;David Santiago Ochoa Garcia;PARTIDO SOCIAL DE UNIDAD NACIONAL  PARTIDO DE LA U;2
CUCAITA;Edwin Alfonso Perez Beltran;PARTIDO ALIANZA SOCIAL INDEPENDIENTE ASI;2
CUCAITA;Ericka Leonor Amador Gamarra;PARTIDO SOCIAL DE UNIDAD NACIONAL  PARTIDO DE LA U;2
CUCAITA;Erika Dayana Piragauta Rodriguez;PARTIDO LIBERAL COLOMBIANO;2
CUCAITA;Fredy Julian Castro Rodriguez;PARTIDO CENTRO DEMOCRATICO;2
CUCAITA;Henry Goyeneche Hormaza;PARTIDO ALIANZA SOCIAL INDEPENDIENTE ASI;2
CUCAITA;Julieth Rocio Montañez Niño;PARTIDO ALIANZA SOCIAL INDEPENDIENTE ASI;2
CUCAITA;Olga Niño Rojas;PARTIDO CENTRO DEMOCRATICO;2
CUCAITA;Orlando Florez Cuervo;PARTIDO CENTRO DEMOCRATICO;2
CUCAITA;Sonia Esperanza Lopez Barrera;PARTIDO CONSERVADOR COLOMBIANO;2
CUCAITA;William Chaparro Rodriguez;BOYACA DECENTE;2
CUCAITA;Ana Delia Avendaño Hernandez;PARTIDO LIBERAL COLOMBIANO;1
CUCAITA;Ana Lucia Parra Monroy;PARTIDO SOCIAL DE UNIDAD NACIONAL  PARTIDO DE LA U;1
CUCAITA;Andrea Carolina Camargo Caro;MOVIMIENTO ALTERNATIVO INDIGENA Y SOCIAL MAIS;1
CUCAITA;Angela Magaly Garcia Rivera;MOVIMIENTO ALTERNATIVO INDIGENA Y SOCIAL MAIS;1
CUCAITA;Aura Lucia Ortiz Cardona;PARTIDO CENTRO DEMOCRATICO;1
CUCAITA;Carlos Julian Diaz Franco;PARTIDO ALIANZA SOCIAL INDEPENDIENTE ASI;1
CUCAITA;Edwin Andres Rodriguez Rodriguez;PARTIDO LIBERAL COLOMBIANO;1
CUCAITA;Eliana Hasleidy Gamez Pinilla;PARTIDO CAMBIO RADICAL;1
CUCAITA;Flor Elba Velandia Cely;PARTIDO ALIANZA SOCIAL INDEPENDIENTE ASI;1
CUCAITA;Jaime Andres Gomez Gomez;PARTIDO CONSERVADOR COLOMBIANO;1
CUCAITA;John Fredy Lopez Mora;MOVIMIENTO ALTERNATIVO INDIGENA Y SOCIAL MAIS;1
CUCAITA;Jose Agustin Arias Millan;PARTIDO CENTRO DEMOCRATICO;1
CUCAITA;Jose Wilmar Leal Abril;PARTIDO CAMBIO RADICAL;1
CUCAITA;Juddy Alexandra Jimenez Cuadros;PARTIDO SOCIAL DE UNIDAD NACIONAL  PARTIDO DE LA U;1
CUCAITA;Julian Guillermo Camargo Amortegui;MOVIMIENTO ALTERNATIVO INDIGENA Y SOCIAL MAIS;1
CUCAITA;Katherin Tatiana Calderon Acosta;PARTIDO CENTRO DEMOCRATICO;1
CUCAITA;Kiliam Ernesto Gonzalez Forero;BOYACA DECENTE;1
CUCAITA;Maira Adriana Zerda Gonzalez;PARTIDO ALIANZA VERDE;1
CUCAITA;Martha Ines Zipa Martinez;PARTIDO CAMBIO RADICAL;1
CUCAITA;Pablo Antonio Zambrano Salamanca;PARTIDO CONSERVADOR COLOMBIANO;1
CUCAITA;Ricardo Andres Español Teatino;PARTIDO LIBERAL COLOMBIANO;1
CUCAITA;Sandra Patricia Contreras Soto;PARTIDO LIBERAL COLOMBIANO;1
CUCAITA;Sandra Patricia Ricaurte Espinel;PARTIDO CAMBIO RADICAL;1
CUCAITA;Victor Tulio Ramirez Gutierrez;BOYACA DECENTE;1
CUCAITA;Yadith Milena Martinez Farfan;PARTIDO CENTRO DEMOCRATICO;1
CUITIVA;Yury Neill Diaz Aranguren;MOVIMIENTO ALTERNATIVO INDIGENA Y SOCIAL MAIS;327
CUITIVA;Yamir Oswaldo Lopez Peña;PARTIDO ALIANZA VERDE;149
CUITIVA;Carlos Ernesto Torres Aguirre;PARTIDO CONSERVADOR COLOMBIANO;69
CUITIVA;Ricardo Andres Español Teatino;PARTIDO LIBERAL COLOMBIANO;61
CUITIVA;William Rodolfo Mesa Avella;PARTIDO CENTRO DEMOCRATICO;45
CUITIVA;Hector Josue Camacho Acosta;PARTIDO CENTRO DEMOCRATICO;42
CUITIVA;Partido Alianza Verde;PARTIDO ALIANZA VERDE;35
CUITIVA;Fernando Alexander Serrato Fonseca;PARTIDO LIBERAL COLOMBIANO;33
CUITIVA;Wilkins Fernando Chaparro Cuervo;PARTIDO ALIANZA SOCIAL INDEPENDIENTE ASI;33
CUITIVA;Jose Antonio Estupiñan Caceres;PARTIDO CONSERVADOR COLOMBIANO;30
CUITIVA;Willian David Pabon Jimenez;PARTIDO SOCIAL DE UNIDAD NACIONAL  PARTIDO DE LA U;29
CUITIVA;Angela Patricia Velandia Novoa;PARTIDO ALIANZA VERDE;20
CUITIVA;Movimiento Alternativo Indigena Y Social Mais;MOVIMIENTO ALTERNATIVO INDIGENA Y SOCIAL MAIS;15
CUITIVA;Hernando Arias Ochoa;PARTIDO ALIANZA SOCIAL INDEPENDIENTE ASI;14
CUITIVA;Partido Centro Democratico;PARTIDO CENTRO DEMOCRATICO;14
CUITIVA;Roman Hernando Ortega Hernandez;PARTIDO ALIANZA VERDE;14
CUITIVA;Erika Dayana Piragauta Rodriguez;PARTIDO LIBERAL COLOMBIANO;13
CUITIVA;Partido Conservador Colombiano;PARTIDO CONSERVADOR COLOMBIANO;12
CUITIVA;Ivan Ricardo Pirachican Bernal;PARTIDO CONSERVADOR COLOMBIANO;10
CUITIVA;Jairo Pacheco Suarez;PARTIDO LIBERAL COLOMBIANO;10
CUITIVA;Concha Jael Vargas Saavedra;PARTIDO CONSERVADOR COLOMBIANO;9
CUITIVA;Hugo Alveiro Rosas Romero;PARTIDO ALIANZA VERDE;9
CUITIVA;Partido Liberal Colombiano;PARTIDO LIBERAL COLOMBIANO;9
CUITIVA;Fredy Leonardo Rojas Vargas;PARTIDO CENTRO DEMOCRATICO;8
CUITIVA;Jaime Andres Gomez Gomez;PARTIDO CONSERVADOR COLOMBIANO;7
CUITIVA;Partido Colombia Justa Libres;PARTIDO COLOMBIA JUSTA LIBRES;7
CUITIVA;Ingrid Marlen Sogamoso Alfonso;PARTIDO CENTRO DEMOCRATICO;6
CUITIVA;Manuel Ricardo Mesa Trujillo;PARTIDO SOCIAL DE UNIDAD NACIONAL  PARTIDO DE LA U;6
CUITIVA;Partido Social De Unidad Nacional  Partido De La U;PARTIDO SOCIAL DE UNIDAD NACIONAL  PARTIDO DE LA U;6
CUITIVA;Uldarico Javier Ramirez Chilito;MOVIMIENTO ALTERNATIVO INDIGENA Y SOCIAL MAIS;6
CUITIVA;Jose Agustin Arias Millan;PARTIDO CENTRO DEMOCRATICO;5
CUITIVA;Luisa Fernanda Rodriguez Alfonso;PARTIDO ALIANZA VERDE;5
CUITIVA;Olga Niño Rojas;PARTIDO CENTRO DEMOCRATICO;5
CUITIVA;Omar Fernando Valderrama Baez;PARTIDO CENTRO DEMOCRATICO;5
CUITIVA;Partido Cambio Radical;PARTIDO CAMBIO RADICAL;5
CUITIVA;Fabian Camilo Rojas Barrera;PARTIDO LIBERAL COLOMBIANO;4
CUITIVA;Jairo Correa Acevedo;MOVIMIENTO ALTERNATIVO INDIGENA Y SOCIAL MAIS;4
CUITIVA;Johan Francisco Herrera Gualdron;PARTIDO ALIANZA VERDE;4
CUITIVA;Jose Armando Quiñones Garzon;PARTIDO CENTRO DEMOCRATICO;4
CUITIVA;Luis Carlos Ochoa Pasachoa;PARTIDO ALIANZA VERDE;4
CUITIVA;Luz Dary Sevillano Guerrero;PARTIDO ALIANZA VERDE;4
CUITIVA;Pedro Humberto Vargas Gomez;PARTIDO LIBERAL COLOMBIANO;4
CUITIVA;Anderson Joaquin Sanchez Ruiz;PARTIDO LIBERAL COLOMBIANO;3
CUITIVA;Estefany Johana Grajales Marin;MOVIMIENTO ALTERNATIVO INDIGENA Y SOCIAL MAIS;3
CUITIVA;Lizeth Paola Saade Fuentes;MOVIMIENTO ALTERNATIVO INDIGENA Y SOCIAL MAIS;3
CUITIVA;Nelson Mauricio Rodriguez Perez;PARTIDO CONSERVADOR COLOMBIANO;3
CUITIVA;Oscar Leonardo Montañez Sierra;PARTIDO CAMBIO RADICAL;3
CUITIVA;Pedro Pablo Salas Hernandez;PARTIDO ALIANZA VERDE;3
CUITIVA;Alvaro Hernan Forero Hurtado;BOYACA DECENTE;2
CUITIVA;Aura Lucia Ortiz Cardona;PARTIDO CENTRO DEMOCRATICO;2
CUITIVA;Eliana Maria Villate Fonseca;PARTIDO CONSERVADOR COLOMBIANO;2
CUITIVA;Gustavo Eduardo Castañeda Niño;PARTIDO ALIANZA VERDE;2
CUITIVA;Irma Yineth Velandia Sandoval;PARTIDO CAMBIO RADICAL;2
CUITIVA;Jorge Eduardo Diaz Avendaño;MOVIMIENTO ALTERNATIVO INDIGENA Y SOCIAL MAIS;2
CUITIVA;Jose Wilmar Leal Abril;PARTIDO CAMBIO RADICAL;2
CUITIVA;Julieth Rocio Montañez Niño;PARTIDO ALIANZA SOCIAL INDEPENDIENTE ASI;2
CUITIVA;Laura Patricia Contreras Alvarez;PARTIDO ALIANZA SOCIAL INDEPENDIENTE ASI;2
CUITIVA;Maira Adriana Zerda Gonzalez;PARTIDO ALIANZA VERDE;2
CUITIVA;Orlando Florez Cuervo;PARTIDO CENTRO DEMOCRATICO;2
CUITIVA;Ricardo Alonso Rojas Sachica;PARTIDO ALIANZA VERDE;2
CUITIVA;Sandra Patricia Contreras Soto;PARTIDO LIBERAL COLOMBIANO;2
CUITIVA;Sonia Esperanza Lopez Barrera;PARTIDO CONSERVADOR COLOMBIANO;2
CUITIVA;Wilder Ivan Suesca Ochoa;PARTIDO CENTRO DEMOCRATICO;2
CUITIVA;Adriana Paola Laverde Rodriguez;MOVIMIENTO ALTERNATIVO INDIGENA Y SOCIAL MAIS;1
CUITIVA;Alberto Enrique Murillo Sanchez;PARTIDO CAMBIO RADICAL;1
CUITIVA;Andres Mauricio Escarria Barraza;PARTIDO CAMBIO RADICAL;1
CUITIVA;Boyaca Decente;BOYACA DECENTE;1
CUITIVA;Carlos Alfredo Siza Blanco;PARTIDO CONSERVADOR COLOMBIANO;1
CUITIVA;Claudia Yaneth Avila Castillo;PARTIDO SOCIAL DE UNIDAD NACIONAL  PARTIDO DE LA U;1
CUITIVA;Daniel Fernando Mejia Lozano;PARTIDO ALIANZA SOCIAL INDEPENDIENTE ASI;1
CUITIVA;Edwin Andres Rodriguez Rodriguez;PARTIDO LIBERAL COLOMBIANO;1
CUITIVA;Flor Elba Velandia Cely;PARTIDO ALIANZA SOCIAL INDEPENDIENTE ASI;1
CUITIVA;Fredy Julian Castro Rodriguez;PARTIDO CENTRO DEMOCRATICO;1
CUITIVA;Jhonnatan Jairo Avellaneda Mesa;MOVIMIENTO ALTERNATIVO INDIGENA Y SOCIAL MAIS;1
CUITIVA;Jorge Enrique Camacho Rodriguez;PARTIDO ALIANZA SOCIAL INDEPENDIENTE ASI;1
CUITIVA;Jorge Ignacio Lopez Barrera;BOYACA DECENTE;1
CUITIVA;Jorge Marin Jerez Amado;PARTIDO LIBERAL COLOMBIANO;1
CUITIVA;Jose Dario Mahecha Castillo;PARTIDO CONSERVADOR COLOMBIANO;1
CUITIVA;Jose Mauricio Buitrago Rivera;PARTIDO CAMBIO RADICAL;1
CUITIVA;Juan Camilo Morales Rodriguez;PARTIDO LIBERAL COLOMBIANO;1
CUITIVA;Luis Carlos Bernal Mesa;PARTIDO SOCIAL DE UNIDAD NACIONAL  PARTIDO DE LA U;1
CUITIVA;Luis Carlos Machado Zapata;PARTIDO LIBERAL COLOMBIANO;1
CUITIVA;Maria De Los Santos Salamanca Silva;PARTIDO ALIANZA VERDE;1
CUITIVA;Martha Ines Zipa Martinez;PARTIDO CAMBIO RADICAL;1
CUITIVA;Mauricio Cadena Valero;PARTIDO CENTRO DEMOCRATICO;1
CUITIVA;Merardo Vargas Roa;PARTIDO ALIANZA VERDE;1
CUITIVA;Nelsy Yolanda Rivera Ferrucho;BOYACA DECENTE;1
CUITIVA;Nereo Baron Tellez;MOVIMIENTO ALTERNATIVO INDIGENA Y SOCIAL MAIS;1
CUITIVA;Sergio Cabra Sierra;PARTIDO SOCIAL DE UNIDAD NACIONAL  PARTIDO DE LA U;1
CUITIVA;Wilton Fredy Castro Silva;PARTIDO ALIANZA VERDE;1
CUITIVA;Yadith Milena Martinez Farfan;PARTIDO CENTRO DEMOCRATICO;1
DUITAMA;Fernando Alexander Serrato Fonseca;PARTIDO LIBERAL COLOMBIANO;5541
DUITAMA;Ricardo Alonso Rojas Sachica;PARTIDO ALIANZA VERDE;4774
DUITAMA;Jorge Enrique Camacho Rodriguez;PARTIDO ALIANZA SOCIAL INDEPENDIENTE ASI;2625
DUITAMA;Alfredo Horacio Correa Higuera;PARTIDO CAMBIO RADICAL;1855
DUITAMA;Hugo Alveiro Rosas Romero;PARTIDO ALIANZA VERDE;1852
DUITAMA;Partido Colombia Justa Libres;PARTIDO COLOMBIA JUSTA LIBRES;1568
DUITAMA;Pablo Antonio Zambrano Salamanca;PARTIDO CONSERVADOR COLOMBIANO;1185
DUITAMA;Jorge Eduardo Diaz Avendaño;MOVIMIENTO ALTERNATIVO INDIGENA Y SOCIAL MAIS;1124
DUITAMA;Jose Mauricio Buitrago Rivera;PARTIDO CAMBIO RADICAL;1092
DUITAMA;Cesar Augusto Mojica Bedoya;PARTIDO SOCIAL DE UNIDAD NACIONAL  PARTIDO DE LA U;990
DUITAMA;Yamir Oswaldo Lopez Peña;PARTIDO ALIANZA VERDE;964
DUITAMA;Hector Josue Camacho Acosta;PARTIDO CENTRO DEMOCRATICO;910
DUITAMA;Partido Alianza Verde;PARTIDO ALIANZA VERDE;885
DUITAMA;William Rodolfo Mesa Avella;PARTIDO CENTRO DEMOCRATICO;840
DUITAMA;Jose Wilmar Leal Abril;PARTIDO CAMBIO RADICAL;746
DUITAMA;Fernando Augusto Diaz Saenz;PARTIDO CONSERVADOR COLOMBIANO;685
DUITAMA;Antonio Ernesto Leguizamo Diaz;PARTIDO LIBERAL COLOMBIANO;651
DUITAMA;Gustavo Eduardo Castañeda Niño;PARTIDO ALIANZA VERDE;597
DUITAMA;Jhonnatan Jairo Avellaneda Mesa;MOVIMIENTO ALTERNATIVO INDIGENA Y SOCIAL MAIS;519
DUITAMA;Omar Fernando Valderrama Baez;PARTIDO CENTRO DEMOCRATICO;513
DUITAMA;Luisa Fernanda Rodriguez Alfonso;PARTIDO ALIANZA VERDE;511
DUITAMA;Angela Patricia Velandia Novoa;PARTIDO ALIANZA VERDE;465
DUITAMA;Maria De Los Santos Salamanca Silva;PARTIDO ALIANZA VERDE;440
DUITAMA;Jairo Correa Acevedo;MOVIMIENTO ALTERNATIVO INDIGENA Y SOCIAL MAIS;433
DUITAMA;Partido Liberal Colombiano;PARTIDO LIBERAL COLOMBIANO;400
DUITAMA;Uldarico Javier Ramirez Chilito;MOVIMIENTO ALTERNATIVO INDIGENA Y SOCIAL MAIS;380
DUITAMA;Fabian Camilo Rojas Barrera;PARTIDO LIBERAL COLOMBIANO;373
DUITAMA;Partido Cambio Radical;PARTIDO CAMBIO RADICAL;366
DUITAMA;Jairo Pacheco Suarez;PARTIDO LIBERAL COLOMBIANO;355
DUITAMA;Luis Carlos Ochoa Pasachoa;PARTIDO ALIANZA VERDE;340
DUITAMA;Roman Hernando Ortega Hernandez;PARTIDO ALIANZA VERDE;327
DUITAMA;Alvaro Hernan Forero Hurtado;BOYACA DECENTE;305
DUITAMA;Johan Francisco Herrera Gualdron;PARTIDO ALIANZA VERDE;288
DUITAMA;Ricardo Andres Español Teatino;PARTIDO LIBERAL COLOMBIANO;286
DUITAMA;Yury Neill Diaz Aranguren;MOVIMIENTO ALTERNATIVO INDIGENA Y SOCIAL MAIS;282
DUITAMA;Oscar Leonardo Montañez Sierra;PARTIDO CAMBIO RADICAL;274
DUITAMA;Wilton Fredy Castro Silva;PARTIDO ALIANZA VERDE;272
DUITAMA;Wilder Ivan Suesca Ochoa;PARTIDO CENTRO DEMOCRATICO;267
DUITAMA;Anderson Joaquin Sanchez Ruiz;PARTIDO LIBERAL COLOMBIANO;266
DUITAMA;Pedro Pablo Salas Hernandez;PARTIDO ALIANZA VERDE;265
DUITAMA;Nelson Mauricio Rodriguez Perez;PARTIDO CONSERVADOR COLOMBIANO;264
DUITAMA;Elsa Marlen Manrique Pulgar;PARTIDO LIBERAL COLOMBIANO;260
DUITAMA;Juan Camilo Morales Rodriguez;PARTIDO LIBERAL COLOMBIANO;252
DUITAMA;Alberto Enrique Murillo Sanchez;PARTIDO CAMBIO RADICAL;242
DUITAMA;Carlos Ernesto Torres Aguirre;PARTIDO CONSERVADOR COLOMBIANO;236
DUITAMA;Partido Centro Democratico;PARTIDO CENTRO DEMOCRATICO;234
DUITAMA;Movimiento Alternativo Indigena Y Social Mais;MOVIMIENTO ALTERNATIVO INDIGENA Y SOCIAL MAIS;232
DUITAMA;Boyaca Decente;BOYACA DECENTE;223
DUITAMA;Eliana Maria Villate Fonseca;PARTIDO CONSERVADOR COLOMBIANO;208
DUITAMA;Luz Dary Sevillano Guerrero;PARTIDO ALIANZA VERDE;194
DUITAMA;Jose Armando Quiñones Garzon;PARTIDO CENTRO DEMOCRATICO;190
DUITAMA;Eliana Hasleidy Gamez Pinilla;PARTIDO CAMBIO RADICAL;168
DUITAMA;Ivan Ricardo Pirachican Bernal;PARTIDO CONSERVADOR COLOMBIANO;162
DUITAMA;Sandra Patricia Contreras Soto;PARTIDO LIBERAL COLOMBIANO;162
DUITAMA;Fredy Leonardo Rojas Vargas;PARTIDO CENTRO DEMOCRATICO;158
DUITAMA;Partido Conservador Colombiano;PARTIDO CONSERVADOR COLOMBIANO;146
DUITAMA;John Fredy Lopez Mora;MOVIMIENTO ALTERNATIVO INDIGENA Y SOCIAL MAIS;145
DUITAMA;Jose Dario Mahecha Castillo;PARTIDO CONSERVADOR COLOMBIANO;142
DUITAMA;Carlos Alfredo Siza Blanco;PARTIDO CONSERVADOR COLOMBIANO;139
DUITAMA;Luis Carlos Bernal Mesa;PARTIDO SOCIAL DE UNIDAD NACIONAL  PARTIDO DE LA U;138
DUITAMA;Estefany Johana Grajales Marin;MOVIMIENTO ALTERNATIVO INDIGENA Y SOCIAL MAIS;136
DUITAMA;Merardo Vargas Roa;PARTIDO ALIANZA VERDE;136
DUITAMA;Hernando Arias Ochoa;PARTIDO ALIANZA SOCIAL INDEPENDIENTE ASI;135
DUITAMA;Juddy Alexandra Jimenez Cuadros;PARTIDO SOCIAL DE UNIDAD NACIONAL  PARTIDO DE LA U;134
DUITAMA;Partido Alianza Social Independiente Asi;PARTIDO ALIANZA SOCIAL INDEPENDIENTE ASI;134
DUITAMA;Maira Adriana Zerda Gonzalez;PARTIDO ALIANZA VERDE;128
DUITAMA;Manuel Ricardo Mesa Trujillo;PARTIDO SOCIAL DE UNIDAD NACIONAL  PARTIDO DE LA U;127
DUITAMA;Alba Luz Becerra Becerra;PARTIDO ALIANZA SOCIAL INDEPENDIENTE ASI;123
DUITAMA;Flor Elba Velandia Cely;PARTIDO ALIANZA SOCIAL INDEPENDIENTE ASI;121
DUITAMA;Olga Niño Rojas;PARTIDO CENTRO DEMOCRATICO;113
DUITAMA;Mariev Bejarano Ospina;BOYACA DECENTE;112
DUITAMA;Partido Social De Unidad Nacional  Partido De La U;PARTIDO SOCIAL DE UNIDAD NACIONAL  PARTIDO DE LA U;112
DUITAMA;Pedro Humberto Vargas Gomez;PARTIDO LIBERAL COLOMBIANO;111
DUITAMA;Irma Yineth Velandia Sandoval;PARTIDO CAMBIO RADICAL;109
DUITAMA;Edwin Alfonso Perez Beltran;PARTIDO ALIANZA SOCIAL INDEPENDIENTE ASI;107
DUITAMA;Wilkins Fernando Chaparro Cuervo;PARTIDO ALIANZA SOCIAL INDEPENDIENTE ASI;107
DUITAMA;Luis Carlos Machado Zapata;PARTIDO LIBERAL COLOMBIANO;104
DUITAMA;Jairo Enrique Cabana Fonseca;PARTIDO ALIANZA VERDE;101
DUITAMA;Sandra Milena Ramirez Moreno;PARTIDO CAMBIO RADICAL;100
DUITAMA;Giovanna Del Pilar Soto Barreto;PARTIDO CAMBIO RADICAL;95
DUITAMA;Nereo Baron Tellez;MOVIMIENTO ALTERNATIVO INDIGENA Y SOCIAL MAIS;93
DUITAMA;Jaime Andres Gomez Gomez;PARTIDO CONSERVADOR COLOMBIANO;92
DUITAMA;Ingrid Marlen Sogamoso Alfonso;PARTIDO CENTRO DEMOCRATICO;90
DUITAMA;Andres Mauricio Escarria Barraza;PARTIDO CAMBIO RADICAL;89
DUITAMA;Angela Magaly Garcia Rivera;MOVIMIENTO ALTERNATIVO INDIGENA Y SOCIAL MAIS;88
DUITAMA;Jorge Ignacio Lopez Barrera;BOYACA DECENTE;88
DUITAMA;Sonia Esperanza Lopez Barrera;PARTIDO CONSERVADOR COLOMBIANO;87
DUITAMA;Ana Delia Avendaño Hernandez;PARTIDO LIBERAL COLOMBIANO;85
DUITAMA;Jose Antonio Estupiñan Caceres;PARTIDO CONSERVADOR COLOMBIANO;85
DUITAMA;Neddy Esther Sandoval Figueredo;PARTIDO LIBERAL COLOMBIANO;82
DUITAMA;Martha Ines Zipa Martinez;PARTIDO CAMBIO RADICAL;79
DUITAMA;Carlos Eduardo Vega Alvarez;BOYACA DECENTE;78
DUITAMA;Henry Goyeneche Hormaza;PARTIDO ALIANZA SOCIAL INDEPENDIENTE ASI;76
DUITAMA;Fredy Julian Castro Rodriguez;PARTIDO CENTRO DEMOCRATICO;75
DUITAMA;Laura Patricia Contreras Alvarez;PARTIDO ALIANZA SOCIAL INDEPENDIENTE ASI;75
DUITAMA;Concha Jael Vargas Saavedra;PARTIDO CONSERVADOR COLOMBIANO;66
DUITAMA;Jorge Marin Jerez Amado;PARTIDO LIBERAL COLOMBIANO;60
DUITAMA;Segundo Fidel Salazar Gonzalez;PARTIDO SOCIAL DE UNIDAD NACIONAL  PARTIDO DE LA U;60
DUITAMA;Sergio Cabra Sierra;PARTIDO SOCIAL DE UNIDAD NACIONAL  PARTIDO DE LA U;60
DUITAMA;Ana Adela Pulido Cuadros;PARTIDO CONSERVADOR COLOMBIANO;56
DUITAMA;Fredy Enrique Segura Alonso;BOYACA DECENTE;56
DUITAMA;Jhon Fredy Garavito Cortes;PARTIDO SOCIAL DE UNIDAD NACIONAL  PARTIDO DE LA U;55
DUITAMA;Willian David Pabon Jimenez;PARTIDO SOCIAL DE UNIDAD NACIONAL  PARTIDO DE LA U;55
DUITAMA;Daniel Fernando Mejia Lozano;PARTIDO ALIANZA SOCIAL INDEPENDIENTE ASI;54
DUITAMA;Edwin Andres Rodriguez Rodriguez;PARTIDO LIBERAL COLOMBIANO;54
DUITAMA;Siervo Yesith Gonzalez Saavedra;PARTIDO CAMBIO RADICAL;53
DUITAMA;Sandra Patricia Ricaurte Espinel;PARTIDO CAMBIO RADICAL;52
DUITAMA;Andrea Carolina Camargo Caro;MOVIMIENTO ALTERNATIVO INDIGENA Y SOCIAL MAIS;51
DUITAMA;Jose Agustin Arias Millan;PARTIDO CENTRO DEMOCRATICO;50
DUITAMA;Mauricio Cadena Valero;PARTIDO CENTRO DEMOCRATICO;50
DUITAMA;Carmen Liria Prieto Cortes;BOYACA DECENTE;49
DUITAMA;Carlos Julian Diaz Franco;PARTIDO ALIANZA SOCIAL INDEPENDIENTE ASI;47
DUITAMA;Armando Buitrago Acevedo;PARTIDO ALIANZA SOCIAL INDEPENDIENTE ASI;45
DUITAMA;Lizeth Paola Saade Fuentes;MOVIMIENTO ALTERNATIVO INDIGENA Y SOCIAL MAIS;45
DUITAMA;Julian Guillermo Camargo Amortegui;MOVIMIENTO ALTERNATIVO INDIGENA Y SOCIAL MAIS;44
DUITAMA;Adriana Paola Laverde Rodriguez;MOVIMIENTO ALTERNATIVO INDIGENA Y SOCIAL MAIS;38
DUITAMA;Edgar Antulio Gonzalez Trujillo;BOYACA DECENTE;38
DUITAMA;Orlando Florez Cuervo;PARTIDO CENTRO DEMOCRATICO;38
DUITAMA;Yadith Milena Martinez Farfan;PARTIDO CENTRO DEMOCRATICO;37
DUITAMA;Erika Dayana Piragauta Rodriguez;PARTIDO LIBERAL COLOMBIANO;36
DUITAMA;David Alejandro Avila Cely;MOVIMIENTO ALTERNATIVO INDIGENA Y SOCIAL MAIS;35
DUITAMA;Claudia Yaneth Avila Castillo;PARTIDO SOCIAL DE UNIDAD NACIONAL  PARTIDO DE LA U;34
DUITAMA;David Santiago Ochoa Garcia;PARTIDO SOCIAL DE UNIDAD NACIONAL  PARTIDO DE LA U;33
DUITAMA;Julieth Rocio Montañez Niño;PARTIDO ALIANZA SOCIAL INDEPENDIENTE ASI;33
DUITAMA;Norman De Jesus Quintero Gallego;PARTIDO CONSERVADOR COLOMBIANO;33
DUITAMA;Ana Lucia Parra Monroy;PARTIDO SOCIAL DE UNIDAD NACIONAL  PARTIDO DE LA U;32
DUITAMA;Aura Lucia Ortiz Cardona;PARTIDO CENTRO DEMOCRATICO;32
DUITAMA;Ericka Leonor Amador Gamarra;PARTIDO SOCIAL DE UNIDAD NACIONAL  PARTIDO DE LA U;29
DUITAMA;Omar Humberto Villamil Munevar;PARTIDO CONSERVADOR COLOMBIANO;28
DUITAMA;Helver Ariel Avila Panche;PARTIDO CENTRO DEMOCRATICO;27
DUITAMA;Angela Rocio Umaña Rojas;PARTIDO CONSERVADOR COLOMBIANO;24
DUITAMA;Gregorio Morales Tovar;BOYACA DECENTE;21
DUITAMA;Jose Leonidas Medina Cruz;PARTIDO SOCIAL DE UNIDAD NACIONAL  PARTIDO DE LA U;19
DUITAMA;Vivian Catherin Alvarez;PARTIDO ALIANZA SOCIAL INDEPENDIENTE ASI;18
DUITAMA;Claudia Patricia Barrera Patiño;PARTIDO SOCIAL DE UNIDAD NACIONAL  PARTIDO DE LA U;17
DUITAMA;Katherin Tatiana Calderon Acosta;PARTIDO CENTRO DEMOCRATICO;16
DUITAMA;Nelsy Yolanda Rivera Ferrucho;BOYACA DECENTE;15
DUITAMA;Kiliam Ernesto Gonzalez Forero;BOYACA DECENTE;14
DUITAMA;Victor Tulio Ramirez Gutierrez;BOYACA DECENTE;14
DUITAMA;Maria Francia Blanco Pedroza;BOYACA DECENTE;13
DUITAMA;William Chaparro Rodriguez;BOYACA DECENTE;7
DUITAMA;David Santiago Diaz Guio;PARTIDO SOCIAL DE UNIDAD NACIONAL  PARTIDO DE LA U;5
EL COCUY;Fernando Alexander Serrato Fonseca;PARTIDO LIBERAL COLOMBIANO;268
EL COCUY;Yamir Oswaldo Lopez Peña;PARTIDO ALIANZA VERDE;178
EL COCUY;Nelson Mauricio Rodriguez Perez;PARTIDO CONSERVADOR COLOMBIANO;168
EL COCUY;Omar Fernando Valderrama Baez;PARTIDO CENTRO DEMOCRATICO;143
EL COCUY;Johan Francisco Herrera Gualdron;PARTIDO ALIANZA VERDE;112
EL COCUY;Fernando Augusto Diaz Saenz;PARTIDO CONSERVADOR COLOMBIANO;89
EL COCUY;Hector Josue Camacho Acosta;PARTIDO CENTRO DEMOCRATICO;70
EL COCUY;Angela Patricia Velandia Novoa;PARTIDO ALIANZA VERDE;65
EL COCUY;Ivan Ricardo Pirachican Bernal;PARTIDO CONSERVADOR COLOMBIANO;55
EL COCUY;Partido Conservador Colombiano;PARTIDO CONSERVADOR COLOMBIANO;42
EL COCUY;Jose Wilmar Leal Abril;PARTIDO CAMBIO RADICAL;38
EL COCUY;Ricardo Alonso Rojas Sachica;PARTIDO ALIANZA VERDE;38
EL COCUY;Partido Liberal Colombiano;PARTIDO LIBERAL COLOMBIANO;32
EL COCUY;Luisa Fernanda Rodriguez Alfonso;PARTIDO ALIANZA VERDE;27
EL COCUY;Partido Alianza Verde;PARTIDO ALIANZA VERDE;27
EL COCUY;Partido Centro Democratico;PARTIDO CENTRO DEMOCRATICO;27
EL COCUY;Anderson Joaquin Sanchez Ruiz;PARTIDO LIBERAL COLOMBIANO;25
EL COCUY;Roman Hernando Ortega Hernandez;PARTIDO ALIANZA VERDE;25
EL COCUY;Antonio Ernesto Leguizamo Diaz;PARTIDO LIBERAL COLOMBIANO;22
EL COCUY;Juan Camilo Morales Rodriguez;PARTIDO LIBERAL COLOMBIANO;21
EL COCUY;Fabian Camilo Rojas Barrera;PARTIDO LIBERAL COLOMBIANO;20
EL COCUY;Hugo Alveiro Rosas Romero;PARTIDO ALIANZA VERDE;18
EL COCUY;Jose Dario Mahecha Castillo;PARTIDO CONSERVADOR COLOMBIANO;18
EL COCUY;Partido Colombia Justa Libres;PARTIDO COLOMBIA JUSTA LIBRES;15
EL COCUY;Alfredo Horacio Correa Higuera;PARTIDO CAMBIO RADICAL;12
EL COCUY;Fredy Julian Castro Rodriguez;PARTIDO CENTRO DEMOCRATICO;12
EL COCUY;Ingrid Marlen Sogamoso Alfonso;PARTIDO CENTRO DEMOCRATICO;12
EL COCUY;Jairo Pacheco Suarez;PARTIDO LIBERAL COLOMBIANO;12
EL COCUY;Aura Lucia Ortiz Cardona;PARTIDO CENTRO DEMOCRATICO;11
EL COCUY;Jorge Enrique Camacho Rodriguez;PARTIDO ALIANZA SOCIAL INDEPENDIENTE ASI;11
EL COCUY;Ana Adela Pulido Cuadros;PARTIDO CONSERVADOR COLOMBIANO;9
EL COCUY;Gustavo Eduardo Castañeda Niño;PARTIDO ALIANZA VERDE;9
EL COCUY;Concha Jael Vargas Saavedra;PARTIDO CONSERVADOR COLOMBIANO;8
EL COCUY;Edwin Andres Rodriguez Rodriguez;PARTIDO LIBERAL COLOMBIANO;8
EL COCUY;Elsa Marlen Manrique Pulgar;PARTIDO LIBERAL COLOMBIANO;8
EL COCUY;Alberto Enrique Murillo Sanchez;PARTIDO CAMBIO RADICAL;7
EL COCUY;Alvaro Hernan Forero Hurtado;BOYACA DECENTE;7
EL COCUY;Edwin Alfonso Perez Beltran;PARTIDO ALIANZA SOCIAL INDEPENDIENTE ASI;7
EL COCUY;Ricardo Andres Español Teatino;PARTIDO LIBERAL COLOMBIANO;7
EL COCUY;Carlos Alfredo Siza Blanco;PARTIDO CONSERVADOR COLOMBIANO;6
EL COCUY;Maria De Los Santos Salamanca Silva;PARTIDO ALIANZA VERDE;6
EL COCUY;Pedro Pablo Salas Hernandez;PARTIDO ALIANZA VERDE;6
EL COCUY;Wilder Ivan Suesca Ochoa;PARTIDO CENTRO DEMOCRATICO;6
EL COCUY;Jose Armando Quiñones Garzon;PARTIDO CENTRO DEMOCRATICO;5
EL COCUY;Jose Mauricio Buitrago Rivera;PARTIDO CAMBIO RADICAL;5
EL COCUY;Orlando Florez Cuervo;PARTIDO CENTRO DEMOCRATICO;5
EL COCUY;Partido Cambio Radical;PARTIDO CAMBIO RADICAL;5
EL COCUY;Pedro Humberto Vargas Gomez;PARTIDO LIBERAL COLOMBIANO;5
EL COCUY;William Rodolfo Mesa Avella;PARTIDO CENTRO DEMOCRATICO;5
EL COCUY;Eliana Maria Villate Fonseca;PARTIDO CONSERVADOR COLOMBIANO;4
EL COCUY;Maira Adriana Zerda Gonzalez;PARTIDO ALIANZA VERDE;4
EL COCUY;Merardo Vargas Roa;PARTIDO ALIANZA VERDE;4
EL COCUY;Sandra Milena Ramirez Moreno;PARTIDO CAMBIO RADICAL;4
EL COCUY;Angela Rocio Umaña Rojas;PARTIDO CONSERVADOR COLOMBIANO;3
EL COCUY;Hernando Arias Ochoa;PARTIDO ALIANZA SOCIAL INDEPENDIENTE ASI;3
EL COCUY;Irma Yineth Velandia Sandoval;PARTIDO CAMBIO RADICAL;3
EL COCUY;Jorge Marin Jerez Amado;PARTIDO LIBERAL COLOMBIANO;3
EL COCUY;Luis Carlos Bernal Mesa;PARTIDO SOCIAL DE UNIDAD NACIONAL  PARTIDO DE LA U;3
EL COCUY;Luis Carlos Machado Zapata;PARTIDO LIBERAL COLOMBIANO;3
EL COCUY;Manuel Ricardo Mesa Trujillo;PARTIDO SOCIAL DE UNIDAD NACIONAL  PARTIDO DE LA U;3
EL COCUY;Movimiento Alternativo Indigena Y Social Mais;MOVIMIENTO ALTERNATIVO INDIGENA Y SOCIAL MAIS;3
EL COCUY;Olga Niño Rojas;PARTIDO CENTRO DEMOCRATICO;3
EL COCUY;Pablo Antonio Zambrano Salamanca;PARTIDO CONSERVADOR COLOMBIANO;3
EL COCUY;Partido Social De Unidad Nacional  Partido De La U;PARTIDO SOCIAL DE UNIDAD NACIONAL  PARTIDO DE LA U;3
EL COCUY;Sonia Esperanza Lopez Barrera;PARTIDO CONSERVADOR COLOMBIANO;3
EL COCUY;Carlos Ernesto Torres Aguirre;PARTIDO CONSERVADOR COLOMBIANO;2
EL COCUY;Flor Elba Velandia Cely;PARTIDO ALIANZA SOCIAL INDEPENDIENTE ASI;2
EL COCUY;Helver Ariel Avila Panche;PARTIDO CENTRO DEMOCRATICO;2
EL COCUY;John Fredy Lopez Mora;MOVIMIENTO ALTERNATIVO INDIGENA Y SOCIAL MAIS;2
EL COCUY;Jorge Eduardo Diaz Avendaño;MOVIMIENTO ALTERNATIVO INDIGENA Y SOCIAL MAIS;2
EL COCUY;Luz Dary Sevillano Guerrero;PARTIDO ALIANZA VERDE;2
EL COCUY;Mauricio Cadena Valero;PARTIDO CENTRO DEMOCRATICO;2
EL COCUY;Norman De Jesus Quintero Gallego;PARTIDO CONSERVADOR COLOMBIANO;2
EL COCUY;Omar Humberto Villamil Munevar;PARTIDO CONSERVADOR COLOMBIANO;2
EL COCUY;Oscar Leonardo Montañez Sierra;PARTIDO CAMBIO RADICAL;2
EL COCUY;Sandra Patricia Ricaurte Espinel;PARTIDO CAMBIO RADICAL;2
EL COCUY;Uldarico Javier Ramirez Chilito;MOVIMIENTO ALTERNATIVO INDIGENA Y SOCIAL MAIS;2
EL COCUY;Wilton Fredy Castro Silva;PARTIDO ALIANZA VERDE;2
EL COCUY;Alba Luz Becerra Becerra;PARTIDO ALIANZA SOCIAL INDEPENDIENTE ASI;1
EL COCUY;Carlos Eduardo Vega Alvarez;BOYACA DECENTE;1
EL COCUY;Daniel Fernando Mejia Lozano;PARTIDO ALIANZA SOCIAL INDEPENDIENTE ASI;1
EL COCUY;Edgar Antulio Gonzalez Trujillo;BOYACA DECENTE;1
EL COCUY;Eliana Hasleidy Gamez Pinilla;PARTIDO CAMBIO RADICAL;1
EL COCUY;Giovanna Del Pilar Soto Barreto;PARTIDO CAMBIO RADICAL;1
EL COCUY;Jaime Andres Gomez Gomez;PARTIDO CONSERVADOR COLOMBIANO;1
EL COCUY;Jairo Correa Acevedo;MOVIMIENTO ALTERNATIVO INDIGENA Y SOCIAL MAIS;1
EL COCUY;Jairo Enrique Cabana Fonseca;PARTIDO ALIANZA VERDE;1
EL COCUY;Jorge Ignacio Lopez Barrera;BOYACA DECENTE;1
EL COCUY;Katherin Tatiana Calderon Acosta;PARTIDO CENTRO DEMOCRATICO;1
EL COCUY;Kiliam Ernesto Gonzalez Forero;BOYACA DECENTE;1
EL COCUY;Lizeth Paola Saade Fuentes;MOVIMIENTO ALTERNATIVO INDIGENA Y SOCIAL MAIS;1
EL COCUY;Luis Carlos Ochoa Pasachoa;PARTIDO ALIANZA VERDE;1
EL COCUY;Mariev Bejarano Ospina;BOYACA DECENTE;1
EL COCUY;Nereo Baron Tellez;MOVIMIENTO ALTERNATIVO INDIGENA Y SOCIAL MAIS;1
EL COCUY;Segundo Fidel Salazar Gonzalez;PARTIDO SOCIAL DE UNIDAD NACIONAL  PARTIDO DE LA U;1
EL COCUY;Vivian Catherin Alvarez;PARTIDO ALIANZA SOCIAL INDEPENDIENTE ASI;1
EL COCUY;Wilkins Fernando Chaparro Cuervo;PARTIDO ALIANZA SOCIAL INDEPENDIENTE ASI;1
EL COCUY;Yadith Milena Martinez Farfan;PARTIDO CENTRO DEMOCRATICO;1
EL COCUY;Yury Neill Diaz Aranguren;MOVIMIENTO ALTERNATIVO INDIGENA Y SOCIAL MAIS;1
EL ESPINO;Nelson Mauricio Rodriguez Perez;PARTIDO CONSERVADOR COLOMBIANO;301
EL ESPINO;Johan Francisco Herrera Gualdron;PARTIDO ALIANZA VERDE;219
EL ESPINO;Fernando Augusto Diaz Saenz;PARTIDO CONSERVADOR COLOMBIANO;60
EL ESPINO;Ricardo Alonso Rojas Sachica;PARTIDO ALIANZA VERDE;55
EL ESPINO;Omar Fernando Valderrama Baez;PARTIDO CENTRO DEMOCRATICO;49
EL ESPINO;Jose Dario Mahecha Castillo;PARTIDO CONSERVADOR COLOMBIANO;36
EL ESPINO;Pablo Antonio Zambrano Salamanca;PARTIDO CONSERVADOR COLOMBIANO;36
EL ESPINO;Yamir Oswaldo Lopez Peña;PARTIDO ALIANZA VERDE;35
EL ESPINO;Partido Alianza Verde;PARTIDO ALIANZA VERDE;32
EL ESPINO;Angela Patricia Velandia Novoa;PARTIDO ALIANZA VERDE;29
EL ESPINO;Jairo Pacheco Suarez;PARTIDO LIBERAL COLOMBIANO;29
EL ESPINO;Hector Josue Camacho Acosta;PARTIDO CENTRO DEMOCRATICO;23
EL ESPINO;Jairo Correa Acevedo;MOVIMIENTO ALTERNATIVO INDIGENA Y SOCIAL MAIS;23
EL ESPINO;Flor Elba Velandia Cely;PARTIDO ALIANZA SOCIAL INDEPENDIENTE ASI;22
EL ESPINO;Fredy Leonardo Rojas Vargas;PARTIDO CENTRO DEMOCRATICO;22
EL ESPINO;Juan Camilo Morales Rodriguez;PARTIDO LIBERAL COLOMBIANO;22
EL ESPINO;Pedro Pablo Salas Hernandez;PARTIDO ALIANZA VERDE;22
EL ESPINO;Roman Hernando Ortega Hernandez;PARTIDO ALIANZA VERDE;22
EL ESPINO;Partido Conservador Colombiano;PARTIDO CONSERVADOR COLOMBIANO;20
EL ESPINO;Gustavo Eduardo Castañeda Niño;PARTIDO ALIANZA VERDE;16
EL ESPINO;Partido Colombia Justa Libres;PARTIDO COLOMBIA JUSTA LIBRES;16
EL ESPINO;Partido Centro Democratico;PARTIDO CENTRO DEMOCRATICO;14
EL ESPINO;Fredy Julian Castro Rodriguez;PARTIDO CENTRO DEMOCRATICO;13
EL ESPINO;Jose Wilmar Leal Abril;PARTIDO CAMBIO RADICAL;13
EL ESPINO;Merardo Vargas Roa;PARTIDO ALIANZA VERDE;13
EL ESPINO;William Rodolfo Mesa Avella;PARTIDO CENTRO DEMOCRATICO;13
EL ESPINO;Ingrid Marlen Sogamoso Alfonso;PARTIDO CENTRO DEMOCRATICO;11
EL ESPINO;Alberto Enrique Murillo Sanchez;PARTIDO CAMBIO RADICAL;10
EL ESPINO;Partido Cambio Radical;PARTIDO CAMBIO RADICAL;10
EL ESPINO;Jose Armando Quiñones Garzon;PARTIDO CENTRO DEMOCRATICO;9
EL ESPINO;Ivan Ricardo Pirachican Bernal;PARTIDO CONSERVADOR COLOMBIANO;8
EL ESPINO;Ana Adela Pulido Cuadros;PARTIDO CONSERVADOR COLOMBIANO;7
EL ESPINO;Luisa Fernanda Rodriguez Alfonso;PARTIDO ALIANZA VERDE;7
EL ESPINO;Partido Social De Unidad Nacional  Partido De La U;PARTIDO SOCIAL DE UNIDAD NACIONAL  PARTIDO DE LA U;7
EL ESPINO;Yury Neill Diaz Aranguren;MOVIMIENTO ALTERNATIVO INDIGENA Y SOCIAL MAIS;7
EL ESPINO;Anderson Joaquin Sanchez Ruiz;PARTIDO LIBERAL COLOMBIANO;6
EL ESPINO;Jose Antonio Estupiñan Caceres;PARTIDO CONSERVADOR COLOMBIANO;6
EL ESPINO;Alfredo Horacio Correa Higuera;PARTIDO CAMBIO RADICAL;5
EL ESPINO;Antonio Ernesto Leguizamo Diaz;PARTIDO LIBERAL COLOMBIANO;5
EL ESPINO;Fernando Alexander Serrato Fonseca;PARTIDO LIBERAL COLOMBIANO;5
EL ESPINO;Jairo Enrique Cabana Fonseca;PARTIDO ALIANZA VERDE;5
EL ESPINO;Jose Mauricio Buitrago Rivera;PARTIDO CAMBIO RADICAL;5
EL ESPINO;Movimiento Alternativo Indigena Y Social Mais;MOVIMIENTO ALTERNATIVO INDIGENA Y SOCIAL MAIS;5
EL ESPINO;Nereo Baron Tellez;MOVIMIENTO ALTERNATIVO INDIGENA Y SOCIAL MAIS;5
EL ESPINO;Oscar Leonardo Montañez Sierra;PARTIDO CAMBIO RADICAL;5
EL ESPINO;Carlos Alfredo Siza Blanco;PARTIDO CONSERVADOR COLOMBIANO;4
EL ESPINO;John Fredy Lopez Mora;MOVIMIENTO ALTERNATIVO INDIGENA Y SOCIAL MAIS;4
EL ESPINO;Luis Carlos Ochoa Pasachoa;PARTIDO ALIANZA VERDE;4
EL ESPINO;Partido Alianza Social Independiente Asi;PARTIDO ALIANZA SOCIAL INDEPENDIENTE ASI;4
EL ESPINO;Ricardo Andres Español Teatino;PARTIDO LIBERAL COLOMBIANO;4
EL ESPINO;Yadith Milena Martinez Farfan;PARTIDO CENTRO DEMOCRATICO;4
EL ESPINO;Alvaro Hernan Forero Hurtado;BOYACA DECENTE;3
EL ESPINO;Concha Jael Vargas Saavedra;PARTIDO CONSERVADOR COLOMBIANO;3
EL ESPINO;Eliana Maria Villate Fonseca;PARTIDO CONSERVADOR COLOMBIANO;3
EL ESPINO;Erika Dayana Piragauta Rodriguez;PARTIDO LIBERAL COLOMBIANO;3
EL ESPINO;Hugo Alveiro Rosas Romero;PARTIDO ALIANZA VERDE;3
EL ESPINO;Luis Carlos Bernal Mesa;PARTIDO SOCIAL DE UNIDAD NACIONAL  PARTIDO DE LA U;3
EL ESPINO;Maria De Los Santos Salamanca Silva;PARTIDO ALIANZA VERDE;3
EL ESPINO;Olga Niño Rojas;PARTIDO CENTRO DEMOCRATICO;3
EL ESPINO;Orlando Florez Cuervo;PARTIDO CENTRO DEMOCRATICO;3
EL ESPINO;Sandra Milena Ramirez Moreno;PARTIDO CAMBIO RADICAL;3
EL ESPINO;Wilder Ivan Suesca Ochoa;PARTIDO CENTRO DEMOCRATICO;3
EL ESPINO;Willian David Pabon Jimenez;PARTIDO SOCIAL DE UNIDAD NACIONAL  PARTIDO DE LA U;3
EL ESPINO;Adriana Paola Laverde Rodriguez;MOVIMIENTO ALTERNATIVO INDIGENA Y SOCIAL MAIS;2
EL ESPINO;Boyaca Decente;BOYACA DECENTE;2
EL ESPINO;Carlos Eduardo Vega Alvarez;BOYACA DECENTE;2
EL ESPINO;Estefany Johana Grajales Marin;MOVIMIENTO ALTERNATIVO INDIGENA Y SOCIAL MAIS;2
EL ESPINO;Henry Goyeneche Hormaza;PARTIDO ALIANZA SOCIAL INDEPENDIENTE ASI;2
EL ESPINO;Jaime Andres Gomez Gomez;PARTIDO CONSERVADOR COLOMBIANO;2
EL ESPINO;Partido Liberal Colombiano;PARTIDO LIBERAL COLOMBIANO;2
EL ESPINO;Sergio Cabra Sierra;PARTIDO SOCIAL DE UNIDAD NACIONAL  PARTIDO DE LA U;2
EL ESPINO;Siervo Yesith Gonzalez Saavedra;PARTIDO CAMBIO RADICAL;2
EL ESPINO;Sonia Esperanza Lopez Barrera;PARTIDO CONSERVADOR COLOMBIANO;2
EL ESPINO;Wilton Fredy Castro Silva;PARTIDO ALIANZA VERDE;2
EL ESPINO;Aura Lucia Ortiz Cardona;PARTIDO CENTRO DEMOCRATICO;1
EL ESPINO;Carlos Ernesto Torres Aguirre;PARTIDO CONSERVADOR COLOMBIANO;1
EL ESPINO;Cesar Augusto Mojica Bedoya;PARTIDO SOCIAL DE UNIDAD NACIONAL  PARTIDO DE LA U;1
EL ESPINO;David Alejandro Avila Cely;MOVIMIENTO ALTERNATIVO INDIGENA Y SOCIAL MAIS;1
EL ESPINO;David Santiago Ochoa Garcia;PARTIDO SOCIAL DE UNIDAD NACIONAL  PARTIDO DE LA U;1
EL ESPINO;Edgar Antulio Gonzalez Trujillo;BOYACA DECENTE;1
EL ESPINO;Eliana Hasleidy Gamez Pinilla;PARTIDO CAMBIO RADICAL;1
EL ESPINO;Fabian Camilo Rojas Barrera;PARTIDO LIBERAL COLOMBIANO;1
EL ESPINO;Fredy Enrique Segura Alonso;BOYACA DECENTE;1
EL ESPINO;Giovanna Del Pilar Soto Barreto;PARTIDO CAMBIO RADICAL;1
EL ESPINO;Hernando Arias Ochoa;PARTIDO ALIANZA SOCIAL INDEPENDIENTE ASI;1
EL ESPINO;Irma Yineth Velandia Sandoval;PARTIDO CAMBIO RADICAL;1
EL ESPINO;Jorge Enrique Camacho Rodriguez;PARTIDO ALIANZA SOCIAL INDEPENDIENTE ASI;1
EL ESPINO;Jose Agustin Arias Millan;PARTIDO CENTRO DEMOCRATICO;1
EL ESPINO;Jose Leonidas Medina Cruz;PARTIDO SOCIAL DE UNIDAD NACIONAL  PARTIDO DE LA U;1
EL ESPINO;Laura Patricia Contreras Alvarez;PARTIDO ALIANZA SOCIAL INDEPENDIENTE ASI;1
EL ESPINO;Maira Adriana Zerda Gonzalez;PARTIDO ALIANZA VERDE;1
EL ESPINO;Manuel Ricardo Mesa Trujillo;PARTIDO SOCIAL DE UNIDAD NACIONAL  PARTIDO DE LA U;1
EL ESPINO;Martha Ines Zipa Martinez;PARTIDO CAMBIO RADICAL;1
EL ESPINO;Norman De Jesus Quintero Gallego;PARTIDO CONSERVADOR COLOMBIANO;1
EL ESPINO;Uldarico Javier Ramirez Chilito;MOVIMIENTO ALTERNATIVO INDIGENA Y SOCIAL MAIS;1
EL ESPINO;Victor Tulio Ramirez Gutierrez;BOYACA DECENTE;1
EL ESPINO;Wilkins Fernando Chaparro Cuervo;PARTIDO ALIANZA SOCIAL INDEPENDIENTE ASI;1
EL ESPINO;William Chaparro Rodriguez;BOYACA DECENTE;1
FIRAVITOBA;Yury Neill Diaz Aranguren;MOVIMIENTO ALTERNATIVO INDIGENA Y SOCIAL MAIS;619
FIRAVITOBA;Maria De Los Santos Salamanca Silva;PARTIDO ALIANZA VERDE;512
FIRAVITOBA;Fernando Alexander Serrato Fonseca;PARTIDO LIBERAL COLOMBIANO;214
FIRAVITOBA;Luis Carlos Ochoa Pasachoa;PARTIDO ALIANZA VERDE;123
FIRAVITOBA;Jose Armando Quiñones Garzon;PARTIDO CENTRO DEMOCRATICO;106
FIRAVITOBA;Partido Alianza Verde;PARTIDO ALIANZA VERDE;105
FIRAVITOBA;Yamir Oswaldo Lopez Peña;PARTIDO ALIANZA VERDE;83
FIRAVITOBA;Hugo Alveiro Rosas Romero;PARTIDO ALIANZA VERDE;72
FIRAVITOBA;Carlos Ernesto Torres Aguirre;PARTIDO CONSERVADOR COLOMBIANO;66
FIRAVITOBA;Omar Fernando Valderrama Baez;PARTIDO CENTRO DEMOCRATICO;66
FIRAVITOBA;Willian David Pabon Jimenez;PARTIDO SOCIAL DE UNIDAD NACIONAL  PARTIDO DE LA U;64
FIRAVITOBA;Pedro Pablo Salas Hernandez;PARTIDO ALIANZA VERDE;61
FIRAVITOBA;Roman Hernando Ortega Hernandez;PARTIDO ALIANZA VERDE;59
FIRAVITOBA;Fredy Julian Castro Rodriguez;PARTIDO CENTRO DEMOCRATICO;53
FIRAVITOBA;Hector Josue Camacho Acosta;PARTIDO CENTRO DEMOCRATICO;41
FIRAVITOBA;Ivan Ricardo Pirachican Bernal;PARTIDO CONSERVADOR COLOMBIANO;38
FIRAVITOBA;Luis Carlos Bernal Mesa;PARTIDO SOCIAL DE UNIDAD NACIONAL  PARTIDO DE LA U;38
FIRAVITOBA;William Rodolfo Mesa Avella;PARTIDO CENTRO DEMOCRATICO;33
FIRAVITOBA;Jose Antonio Estupiñan Caceres;PARTIDO CONSERVADOR COLOMBIANO;32
FIRAVITOBA;Fabian Camilo Rojas Barrera;PARTIDO LIBERAL COLOMBIANO;29
FIRAVITOBA;Wilder Ivan Suesca Ochoa;PARTIDO CENTRO DEMOCRATICO;28
FIRAVITOBA;Anderson Joaquin Sanchez Ruiz;PARTIDO LIBERAL COLOMBIANO;25
FIRAVITOBA;Hernando Arias Ochoa;PARTIDO ALIANZA SOCIAL INDEPENDIENTE ASI;25
FIRAVITOBA;Ricardo Alonso Rojas Sachica;PARTIDO ALIANZA VERDE;25
FIRAVITOBA;Jairo Pacheco Suarez;PARTIDO LIBERAL COLOMBIANO;24
FIRAVITOBA;Partido Liberal Colombiano;PARTIDO LIBERAL COLOMBIANO;24
FIRAVITOBA;Uldarico Javier Ramirez Chilito;MOVIMIENTO ALTERNATIVO INDIGENA Y SOCIAL MAIS;23
FIRAVITOBA;Partido Centro Democratico;PARTIDO CENTRO DEMOCRATICO;22
FIRAVITOBA;Carlos Alfredo Siza Blanco;PARTIDO CONSERVADOR COLOMBIANO;19
FIRAVITOBA;Wilton Fredy Castro Silva;PARTIDO ALIANZA VERDE;19
FIRAVITOBA;Jhonnatan Jairo Avellaneda Mesa;MOVIMIENTO ALTERNATIVO INDIGENA Y SOCIAL MAIS;17
FIRAVITOBA;Movimiento Alternativo Indigena Y Social Mais;MOVIMIENTO ALTERNATIVO INDIGENA Y SOCIAL MAIS;17
FIRAVITOBA;Johan Francisco Herrera Gualdron;PARTIDO ALIANZA VERDE;16
FIRAVITOBA;Jose Wilmar Leal Abril;PARTIDO CAMBIO RADICAL;16
FIRAVITOBA;Oscar Leonardo Montañez Sierra;PARTIDO CAMBIO RADICAL;16
FIRAVITOBA;Wilkins Fernando Chaparro Cuervo;PARTIDO ALIANZA SOCIAL INDEPENDIENTE ASI;16
FIRAVITOBA;Jaime Andres Gomez Gomez;PARTIDO CONSERVADOR COLOMBIANO;15
FIRAVITOBA;Manuel Ricardo Mesa Trujillo;PARTIDO SOCIAL DE UNIDAD NACIONAL  PARTIDO DE LA U;15
FIRAVITOBA;Partido Social De Unidad Nacional  Partido De La U;PARTIDO SOCIAL DE UNIDAD NACIONAL  PARTIDO DE LA U;15
FIRAVITOBA;Alberto Enrique Murillo Sanchez;PARTIDO CAMBIO RADICAL;14
FIRAVITOBA;Gustavo Eduardo Castañeda Niño;PARTIDO ALIANZA VERDE;14
FIRAVITOBA;Jose Dario Mahecha Castillo;PARTIDO CONSERVADOR COLOMBIANO;14
FIRAVITOBA;Luz Dary Sevillano Guerrero;PARTIDO ALIANZA VERDE;14
FIRAVITOBA;Merardo Vargas Roa;PARTIDO ALIANZA VERDE;14
FIRAVITOBA;Partido Conservador Colombiano;PARTIDO CONSERVADOR COLOMBIANO;13
FIRAVITOBA;Ricardo Andres Español Teatino;PARTIDO LIBERAL COLOMBIANO;13
FIRAVITOBA;Alvaro Hernan Forero Hurtado;BOYACA DECENTE;12
FIRAVITOBA;Estefany Johana Grajales Marin;MOVIMIENTO ALTERNATIVO INDIGENA Y SOCIAL MAIS;12
FIRAVITOBA;Ingrid Marlen Sogamoso Alfonso;PARTIDO CENTRO DEMOCRATICO;12
FIRAVITOBA;Jose Agustin Arias Millan;PARTIDO CENTRO DEMOCRATICO;12
FIRAVITOBA;Maira Adriana Zerda Gonzalez;PARTIDO ALIANZA VERDE;12
FIRAVITOBA;Edwin Alfonso Perez Beltran;PARTIDO ALIANZA SOCIAL INDEPENDIENTE ASI;11
FIRAVITOBA;Erika Dayana Piragauta Rodriguez;PARTIDO LIBERAL COLOMBIANO;11
FIRAVITOBA;Jorge Eduardo Diaz Avendaño;MOVIMIENTO ALTERNATIVO INDIGENA Y SOCIAL MAIS;11
FIRAVITOBA;Mariev Bejarano Ospina;BOYACA DECENTE;11
FIRAVITOBA;Partido Cambio Radical;PARTIDO CAMBIO RADICAL;11
FIRAVITOBA;Partido Colombia Justa Libres;PARTIDO COLOMBIA JUSTA LIBRES;11
FIRAVITOBA;Claudia Patricia Barrera Patiño;PARTIDO SOCIAL DE UNIDAD NACIONAL  PARTIDO DE LA U;10
FIRAVITOBA;Angela Patricia Velandia Novoa;PARTIDO ALIANZA VERDE;9
FIRAVITOBA;Concha Jael Vargas Saavedra;PARTIDO CONSERVADOR COLOMBIANO;9
FIRAVITOBA;Eliana Maria Villate Fonseca;PARTIDO CONSERVADOR COLOMBIANO;9
FIRAVITOBA;Fernando Augusto Diaz Saenz;PARTIDO CONSERVADOR COLOMBIANO;9
FIRAVITOBA;Nelson Mauricio Rodriguez Perez;PARTIDO CONSERVADOR COLOMBIANO;9
FIRAVITOBA;Nereo Baron Tellez;MOVIMIENTO ALTERNATIVO INDIGENA Y SOCIAL MAIS;9
FIRAVITOBA;Fredy Leonardo Rojas Vargas;PARTIDO CENTRO DEMOCRATICO;8
FIRAVITOBA;Jorge Enrique Camacho Rodriguez;PARTIDO ALIANZA SOCIAL INDEPENDIENTE ASI;8
FIRAVITOBA;Sandra Patricia Contreras Soto;PARTIDO LIBERAL COLOMBIANO;8
FIRAVITOBA;Ana Adela Pulido Cuadros;PARTIDO CONSERVADOR COLOMBIANO;7
FIRAVITOBA;Aura Lucia Ortiz Cardona;PARTIDO CENTRO DEMOCRATICO;7
FIRAVITOBA;Jose Mauricio Buitrago Rivera;PARTIDO CAMBIO RADICAL;7
FIRAVITOBA;Pablo Antonio Zambrano Salamanca;PARTIDO CONSERVADOR COLOMBIANO;7
FIRAVITOBA;Angela Magaly Garcia Rivera;MOVIMIENTO ALTERNATIVO INDIGENA Y SOCIAL MAIS;6
FIRAVITOBA;Boyaca Decente;BOYACA DECENTE;6
FIRAVITOBA;Jorge Ignacio Lopez Barrera;BOYACA DECENTE;6
FIRAVITOBA;Luisa Fernanda Rodriguez Alfonso;PARTIDO ALIANZA VERDE;6
FIRAVITOBA;Alfredo Horacio Correa Higuera;PARTIDO CAMBIO RADICAL;5
FIRAVITOBA;Andrea Carolina Camargo Caro;MOVIMIENTO ALTERNATIVO INDIGENA Y SOCIAL MAIS;5
FIRAVITOBA;Angela Rocio Umaña Rojas;PARTIDO CONSERVADOR COLOMBIANO;5
FIRAVITOBA;Elsa Marlen Manrique Pulgar;PARTIDO LIBERAL COLOMBIANO;5
FIRAVITOBA;Irma Yineth Velandia Sandoval;PARTIDO CAMBIO RADICAL;5
FIRAVITOBA;Jairo Enrique Cabana Fonseca;PARTIDO ALIANZA VERDE;5
FIRAVITOBA;Jhon Fredy Garavito Cortes;PARTIDO SOCIAL DE UNIDAD NACIONAL  PARTIDO DE LA U;5
FIRAVITOBA;John Fredy Lopez Mora;MOVIMIENTO ALTERNATIVO INDIGENA Y SOCIAL MAIS;5
FIRAVITOBA;Jorge Marin Jerez Amado;PARTIDO LIBERAL COLOMBIANO;5
FIRAVITOBA;Martha Ines Zipa Martinez;PARTIDO CAMBIO RADICAL;5
FIRAVITOBA;Antonio Ernesto Leguizamo Diaz;PARTIDO LIBERAL COLOMBIANO;4
FIRAVITOBA;Eliana Hasleidy Gamez Pinilla;PARTIDO CAMBIO RADICAL;4
FIRAVITOBA;Juan Camilo Morales Rodriguez;PARTIDO LIBERAL COLOMBIANO;4
FIRAVITOBA;Kiliam Ernesto Gonzalez Forero;BOYACA DECENTE;4
FIRAVITOBA;Norman De Jesus Quintero Gallego;PARTIDO CONSERVADOR COLOMBIANO;4
FIRAVITOBA;Partido Alianza Social Independiente Asi;PARTIDO ALIANZA SOCIAL INDEPENDIENTE ASI;4
FIRAVITOBA;Yadith Milena Martinez Farfan;PARTIDO CENTRO DEMOCRATICO;4
FIRAVITOBA;Andres Mauricio Escarria Barraza;PARTIDO CAMBIO RADICAL;3
FIRAVITOBA;Carlos Eduardo Vega Alvarez;BOYACA DECENTE;3
FIRAVITOBA;Claudia Yaneth Avila Castillo;PARTIDO SOCIAL DE UNIDAD NACIONAL  PARTIDO DE LA U;3
FIRAVITOBA;David Santiago Diaz Guio;PARTIDO SOCIAL DE UNIDAD NACIONAL  PARTIDO DE LA U;3
FIRAVITOBA;Gregorio Morales Tovar;BOYACA DECENTE;3
FIRAVITOBA;Helver Ariel Avila Panche;PARTIDO CENTRO DEMOCRATICO;3
FIRAVITOBA;Jairo Correa Acevedo;MOVIMIENTO ALTERNATIVO INDIGENA Y SOCIAL MAIS;3
FIRAVITOBA;Julian Guillermo Camargo Amortegui;MOVIMIENTO ALTERNATIVO INDIGENA Y SOCIAL MAIS;3
FIRAVITOBA;Julieth Rocio Montañez Niño;PARTIDO ALIANZA SOCIAL INDEPENDIENTE ASI;3
FIRAVITOBA;Luis Carlos Machado Zapata;PARTIDO LIBERAL COLOMBIANO;3
FIRAVITOBA;Mauricio Cadena Valero;PARTIDO CENTRO DEMOCRATICO;3
FIRAVITOBA;Pedro Humberto Vargas Gomez;PARTIDO LIBERAL COLOMBIANO;3
FIRAVITOBA;Sandra Milena Ramirez Moreno;PARTIDO CAMBIO RADICAL;3
FIRAVITOBA;Sergio Cabra Sierra;PARTIDO SOCIAL DE UNIDAD NACIONAL  PARTIDO DE LA U;3
FIRAVITOBA;Sonia Esperanza Lopez Barrera;PARTIDO CONSERVADOR COLOMBIANO;3
FIRAVITOBA;Adriana Paola Laverde Rodriguez;MOVIMIENTO ALTERNATIVO INDIGENA Y SOCIAL MAIS;2
FIRAVITOBA;Alba Luz Becerra Becerra;PARTIDO ALIANZA SOCIAL INDEPENDIENTE ASI;2
FIRAVITOBA;Cesar Augusto Mojica Bedoya;PARTIDO SOCIAL DE UNIDAD NACIONAL  PARTIDO DE LA U;2
FIRAVITOBA;David Santiago Ochoa Garcia;PARTIDO SOCIAL DE UNIDAD NACIONAL  PARTIDO DE LA U;2
FIRAVITOBA;Flor Elba Velandia Cely;PARTIDO ALIANZA SOCIAL INDEPENDIENTE ASI;2
FIRAVITOBA;Fredy Enrique Segura Alonso;BOYACA DECENTE;2
FIRAVITOBA;Lizeth Paola Saade Fuentes;MOVIMIENTO ALTERNATIVO INDIGENA Y SOCIAL MAIS;2
FIRAVITOBA;Neddy Esther Sandoval Figueredo;PARTIDO LIBERAL COLOMBIANO;2
FIRAVITOBA;Olga Niño Rojas;PARTIDO CENTRO DEMOCRATICO;2
FIRAVITOBA;Omar Humberto Villamil Munevar;PARTIDO CONSERVADOR COLOMBIANO;2
FIRAVITOBA;Orlando Florez Cuervo;PARTIDO CENTRO DEMOCRATICO;2
FIRAVITOBA;William Chaparro Rodriguez;BOYACA DECENTE;2
FIRAVITOBA;Ana Delia Avendaño Hernandez;PARTIDO LIBERAL COLOMBIANO;1
FIRAVITOBA;Ana Lucia Parra Monroy;PARTIDO SOCIAL DE UNIDAD NACIONAL  PARTIDO DE LA U;1
FIRAVITOBA;Armando Buitrago Acevedo;PARTIDO ALIANZA SOCIAL INDEPENDIENTE ASI;1
FIRAVITOBA;Carlos Julian Diaz Franco;PARTIDO ALIANZA SOCIAL INDEPENDIENTE ASI;1
FIRAVITOBA;Carmen Liria Prieto Cortes;BOYACA DECENTE;1
FIRAVITOBA;Daniel Fernando Mejia Lozano;PARTIDO ALIANZA SOCIAL INDEPENDIENTE ASI;1
FIRAVITOBA;Edwin Andres Rodriguez Rodriguez;PARTIDO LIBERAL COLOMBIANO;1
FIRAVITOBA;Giovanna Del Pilar Soto Barreto;PARTIDO CAMBIO RADICAL;1
FIRAVITOBA;Jose Leonidas Medina Cruz;PARTIDO SOCIAL DE UNIDAD NACIONAL  PARTIDO DE LA U;1
FIRAVITOBA;Katherin Tatiana Calderon Acosta;PARTIDO CENTRO DEMOCRATICO;1
FIRAVITOBA;Laura Patricia Contreras Alvarez;PARTIDO ALIANZA SOCIAL INDEPENDIENTE ASI;1
FIRAVITOBA;Segundo Fidel Salazar Gonzalez;PARTIDO SOCIAL DE UNIDAD NACIONAL  PARTIDO DE LA U;1
FIRAVITOBA;Siervo Yesith Gonzalez Saavedra;PARTIDO CAMBIO RADICAL;1
FLORESTA;Wilton Fredy Castro Silva;PARTIDO ALIANZA VERDE;1032
FLORESTA;Fernando Alexander Serrato Fonseca;PARTIDO LIBERAL COLOMBIANO;173
FLORESTA;Yamir Oswaldo Lopez Peña;PARTIDO ALIANZA VERDE;146
FLORESTA;Maria De Los Santos Salamanca Silva;PARTIDO ALIANZA VERDE;77
FLORESTA;Jose Wilmar Leal Abril;PARTIDO CAMBIO RADICAL;76
FLORESTA;Wilder Ivan Suesca Ochoa;PARTIDO CENTRO DEMOCRATICO;56
FLORESTA;Hector Josue Camacho Acosta;PARTIDO CENTRO DEMOCRATICO;52
FLORESTA;Partido Alianza Verde;PARTIDO ALIANZA VERDE;47
FLORESTA;Ricardo Alonso Rojas Sachica;PARTIDO ALIANZA VERDE;36
FLORESTA;Eliana Hasleidy Gamez Pinilla;PARTIDO CAMBIO RADICAL;25
FLORESTA;Willian David Pabon Jimenez;PARTIDO SOCIAL DE UNIDAD NACIONAL  PARTIDO DE LA U;24
FLORESTA;William Rodolfo Mesa Avella;PARTIDO CENTRO DEMOCRATICO;22
FLORESTA;Roman Hernando Ortega Hernandez;PARTIDO ALIANZA VERDE;20
FLORESTA;Flor Elba Velandia Cely;PARTIDO ALIANZA SOCIAL INDEPENDIENTE ASI;18
FLORESTA;Jose Armando Quiñones Garzon;PARTIDO CENTRO DEMOCRATICO;18
FLORESTA;Fernando Augusto Diaz Saenz;PARTIDO CONSERVADOR COLOMBIANO;16
FLORESTA;Partido Colombia Justa Libres;PARTIDO COLOMBIA JUSTA LIBRES;15
FLORESTA;Oscar Leonardo Montañez Sierra;PARTIDO CAMBIO RADICAL;14
FLORESTA;Jorge Enrique Camacho Rodriguez;PARTIDO ALIANZA SOCIAL INDEPENDIENTE ASI;13
FLORESTA;Jorge Ignacio Lopez Barrera;BOYACA DECENTE;13
FLORESTA;Antonio Ernesto Leguizamo Diaz;PARTIDO LIBERAL COLOMBIANO;12
FLORESTA;Juddy Alexandra Jimenez Cuadros;PARTIDO SOCIAL DE UNIDAD NACIONAL  PARTIDO DE LA U;12
FLORESTA;Partido Conservador Colombiano;PARTIDO CONSERVADOR COLOMBIANO;12
FLORESTA;Yury Neill Diaz Aranguren;MOVIMIENTO ALTERNATIVO INDIGENA Y SOCIAL MAIS;12
FLORESTA;Ivan Ricardo Pirachican Bernal;PARTIDO CONSERVADOR COLOMBIANO;10
FLORESTA;Jairo Enrique Cabana Fonseca;PARTIDO ALIANZA VERDE;9
FLORESTA;Partido Cambio Radical;PARTIDO CAMBIO RADICAL;9
FLORESTA;Angela Patricia Velandia Novoa;PARTIDO ALIANZA VERDE;8
FLORESTA;Jose Antonio Estupiñan Caceres;PARTIDO CONSERVADOR COLOMBIANO;8
FLORESTA;Cesar Augusto Mojica Bedoya;PARTIDO SOCIAL DE UNIDAD NACIONAL  PARTIDO DE LA U;7
FLORESTA;Luisa Fernanda Rodriguez Alfonso;PARTIDO ALIANZA VERDE;7
FLORESTA;Maira Adriana Zerda Gonzalez;PARTIDO ALIANZA VERDE;7
FLORESTA;Partido Centro Democratico;PARTIDO CENTRO DEMOCRATICO;7
FLORESTA;Fredy Julian Castro Rodriguez;PARTIDO CENTRO DEMOCRATICO;6
FLORESTA;Jorge Eduardo Diaz Avendaño;MOVIMIENTO ALTERNATIVO INDIGENA Y SOCIAL MAIS;6
FLORESTA;Luz Dary Sevillano Guerrero;PARTIDO ALIANZA VERDE;6
FLORESTA;Omar Fernando Valderrama Baez;PARTIDO CENTRO DEMOCRATICO;6
FLORESTA;Partido Liberal Colombiano;PARTIDO LIBERAL COLOMBIANO;6
FLORESTA;Pedro Pablo Salas Hernandez;PARTIDO ALIANZA VERDE;6
FLORESTA;Sandra Patricia Contreras Soto;PARTIDO LIBERAL COLOMBIANO;6
FLORESTA;Concha Jael Vargas Saavedra;PARTIDO CONSERVADOR COLOMBIANO;5
FLORESTA;Jaime Andres Gomez Gomez;PARTIDO CONSERVADOR COLOMBIANO;5
FLORESTA;Andres Mauricio Escarria Barraza;PARTIDO CAMBIO RADICAL;4
FLORESTA;Hugo Alveiro Rosas Romero;PARTIDO ALIANZA VERDE;4
FLORESTA;Johan Francisco Herrera Gualdron;PARTIDO ALIANZA VERDE;4
FLORESTA;John Fredy Lopez Mora;MOVIMIENTO ALTERNATIVO INDIGENA Y SOCIAL MAIS;4
FLORESTA;Luis Carlos Ochoa Pasachoa;PARTIDO ALIANZA VERDE;4
FLORESTA;Movimiento Alternativo Indigena Y Social Mais;MOVIMIENTO ALTERNATIVO INDIGENA Y SOCIAL MAIS;4
FLORESTA;Nelson Mauricio Rodriguez Perez;PARTIDO CONSERVADOR COLOMBIANO;4
FLORESTA;Norman De Jesus Quintero Gallego;PARTIDO CONSERVADOR COLOMBIANO;4
FLORESTA;Andrea Carolina Camargo Caro;MOVIMIENTO ALTERNATIVO INDIGENA Y SOCIAL MAIS;3
FLORESTA;David Santiago Ochoa Garcia;PARTIDO SOCIAL DE UNIDAD NACIONAL  PARTIDO DE LA U;3
FLORESTA;Eliana Maria Villate Fonseca;PARTIDO CONSERVADOR COLOMBIANO;3
FLORESTA;Fabian Camilo Rojas Barrera;PARTIDO LIBERAL COLOMBIANO;3
FLORESTA;Gustavo Eduardo Castañeda Niño;PARTIDO ALIANZA VERDE;3
FLORESTA;Henry Goyeneche Hormaza;PARTIDO ALIANZA SOCIAL INDEPENDIENTE ASI;3
FLORESTA;Jairo Correa Acevedo;MOVIMIENTO ALTERNATIVO INDIGENA Y SOCIAL MAIS;3
FLORESTA;Jairo Pacheco Suarez;PARTIDO LIBERAL COLOMBIANO;3
FLORESTA;Jose Mauricio Buitrago Rivera;PARTIDO CAMBIO RADICAL;3
FLORESTA;Laura Patricia Contreras Alvarez;PARTIDO ALIANZA SOCIAL INDEPENDIENTE ASI;3
FLORESTA;Manuel Ricardo Mesa Trujillo;PARTIDO SOCIAL DE UNIDAD NACIONAL  PARTIDO DE LA U;3
FLORESTA;Partido Social De Unidad Nacional  Partido De La U;PARTIDO SOCIAL DE UNIDAD NACIONAL  PARTIDO DE LA U;3
FLORESTA;Sandra Patricia Ricaurte Espinel;PARTIDO CAMBIO RADICAL;3
FLORESTA;Wilkins Fernando Chaparro Cuervo;PARTIDO ALIANZA SOCIAL INDEPENDIENTE ASI;3
FLORESTA;Ana Lucia Parra Monroy;PARTIDO SOCIAL DE UNIDAD NACIONAL  PARTIDO DE LA U;2
FLORESTA;Aura Lucia Ortiz Cardona;PARTIDO CENTRO DEMOCRATICO;2
FLORESTA;Boyaca Decente;BOYACA DECENTE;2
FLORESTA;Edwin Alfonso Perez Beltran;PARTIDO ALIANZA SOCIAL INDEPENDIENTE ASI;2
FLORESTA;Hernando Arias Ochoa;PARTIDO ALIANZA SOCIAL INDEPENDIENTE ASI;2
FLORESTA;Jhon Fredy Garavito Cortes;PARTIDO SOCIAL DE UNIDAD NACIONAL  PARTIDO DE LA U;2
FLORESTA;Jhonnatan Jairo Avellaneda Mesa;MOVIMIENTO ALTERNATIVO INDIGENA Y SOCIAL MAIS;2
FLORESTA;Jose Agustin Arias Millan;PARTIDO CENTRO DEMOCRATICO;2
FLORESTA;Luis Carlos Bernal Mesa;PARTIDO SOCIAL DE UNIDAD NACIONAL  PARTIDO DE LA U;2
FLORESTA;Merardo Vargas Roa;PARTIDO ALIANZA VERDE;2
FLORESTA;Pablo Antonio Zambrano Salamanca;PARTIDO CONSERVADOR COLOMBIANO;2
FLORESTA;Sergio Cabra Sierra;PARTIDO SOCIAL DE UNIDAD NACIONAL  PARTIDO DE LA U;2
FLORESTA;Uldarico Javier Ramirez Chilito;MOVIMIENTO ALTERNATIVO INDIGENA Y SOCIAL MAIS;2
FLORESTA;Vivian Catherin Alvarez;PARTIDO ALIANZA SOCIAL INDEPENDIENTE ASI;2
FLORESTA;Alba Luz Becerra Becerra;PARTIDO ALIANZA SOCIAL INDEPENDIENTE ASI;1
FLORESTA;Alberto Enrique Murillo Sanchez;PARTIDO CAMBIO RADICAL;1
FLORESTA;Alfredo Horacio Correa Higuera;PARTIDO CAMBIO RADICAL;1
FLORESTA;Alvaro Hernan Forero Hurtado;BOYACA DECENTE;1
FLORESTA;Ana Delia Avendaño Hernandez;PARTIDO LIBERAL COLOMBIANO;1
FLORESTA;Anderson Joaquin Sanchez Ruiz;PARTIDO LIBERAL COLOMBIANO;1
FLORESTA;Carmen Liria Prieto Cortes;BOYACA DECENTE;1
FLORESTA;Claudia Patricia Barrera Patiño;PARTIDO SOCIAL DE UNIDAD NACIONAL  PARTIDO DE LA U;1
FLORESTA;David Alejandro Avila Cely;MOVIMIENTO ALTERNATIVO INDIGENA Y SOCIAL MAIS;1
FLORESTA;David Santiago Diaz Guio;PARTIDO SOCIAL DE UNIDAD NACIONAL  PARTIDO DE LA U;1
FLORESTA;Elsa Marlen Manrique Pulgar;PARTIDO LIBERAL COLOMBIANO;1
FLORESTA;Ericka Leonor Amador Gamarra;PARTIDO SOCIAL DE UNIDAD NACIONAL  PARTIDO DE LA U;1
FLORESTA;Erika Dayana Piragauta Rodriguez;PARTIDO LIBERAL COLOMBIANO;1
FLORESTA;Estefany Johana Grajales Marin;MOVIMIENTO ALTERNATIVO INDIGENA Y SOCIAL MAIS;1
FLORESTA;Giovanna Del Pilar Soto Barreto;PARTIDO CAMBIO RADICAL;1
FLORESTA;Gregorio Morales Tovar;BOYACA DECENTE;1
FLORESTA;Jorge Marin Jerez Amado;PARTIDO LIBERAL COLOMBIANO;1
FLORESTA;Juan Camilo Morales Rodriguez;PARTIDO LIBERAL COLOMBIANO;1
FLORESTA;Julieth Rocio Montañez Niño;PARTIDO ALIANZA SOCIAL INDEPENDIENTE ASI;1
FLORESTA;Luis Carlos Machado Zapata;PARTIDO LIBERAL COLOMBIANO;1
FLORESTA;Olga Niño Rojas;PARTIDO CENTRO DEMOCRATICO;1
FLORESTA;Omar Humberto Villamil Munevar;PARTIDO CONSERVADOR COLOMBIANO;1
FLORESTA;Ricardo Andres Español Teatino;PARTIDO LIBERAL COLOMBIANO;1
FLORESTA;Siervo Yesith Gonzalez Saavedra;PARTIDO CAMBIO RADICAL;1
GACHANTIVA;Hugo Alveiro Rosas Romero;PARTIDO ALIANZA VERDE;152
GACHANTIVA;Yamir Oswaldo Lopez Peña;PARTIDO ALIANZA VERDE;136
GACHANTIVA;Luis Carlos Ochoa Pasachoa;PARTIDO ALIANZA VERDE;135
GACHANTIVA;Nelson Mauricio Rodriguez Perez;PARTIDO CONSERVADOR COLOMBIANO;132
GACHANTIVA;Siervo Yesith Gonzalez Saavedra;PARTIDO CAMBIO RADICAL;100
GACHANTIVA;Pedro Pablo Salas Hernandez;PARTIDO ALIANZA VERDE;67
GACHANTIVA;Partido Alianza Verde;PARTIDO ALIANZA VERDE;62
GACHANTIVA;Jairo Pacheco Suarez;PARTIDO LIBERAL COLOMBIANO;51
GACHANTIVA;Angela Patricia Velandia Novoa;PARTIDO ALIANZA VERDE;48
GACHANTIVA;Ivan Ricardo Pirachican Bernal;PARTIDO CONSERVADOR COLOMBIANO;43
GACHANTIVA;Orlando Florez Cuervo;PARTIDO CENTRO DEMOCRATICO;42
GACHANTIVA;Omar Fernando Valderrama Baez;PARTIDO CENTRO DEMOCRATICO;40
GACHANTIVA;Gustavo Eduardo Castañeda Niño;PARTIDO ALIANZA VERDE;38
GACHANTIVA;Fernando Alexander Serrato Fonseca;PARTIDO LIBERAL COLOMBIANO;34
GACHANTIVA;Concha Jael Vargas Saavedra;PARTIDO CONSERVADOR COLOMBIANO;33
GACHANTIVA;Partido Liberal Colombiano;PARTIDO LIBERAL COLOMBIANO;29
GACHANTIVA;Partido Centro Democratico;PARTIDO CENTRO DEMOCRATICO;28
GACHANTIVA;Partido Conservador Colombiano;PARTIDO CONSERVADOR COLOMBIANO;28
GACHANTIVA;Luis Carlos Bernal Mesa;PARTIDO SOCIAL DE UNIDAD NACIONAL  PARTIDO DE LA U;27
GACHANTIVA;Ricardo Alonso Rojas Sachica;PARTIDO ALIANZA VERDE;27
GACHANTIVA;Wilder Ivan Suesca Ochoa;PARTIDO CENTRO DEMOCRATICO;26
GACHANTIVA;Movimiento Alternativo Indigena Y Social Mais;MOVIMIENTO ALTERNATIVO INDIGENA Y SOCIAL MAIS;25
GACHANTIVA;Roman Hernando Ortega Hernandez;PARTIDO ALIANZA VERDE;25
GACHANTIVA;Partido Colombia Justa Libres;PARTIDO COLOMBIA JUSTA LIBRES;22
GACHANTIVA;Partido Social De Unidad Nacional  Partido De La U;PARTIDO SOCIAL DE UNIDAD NACIONAL  PARTIDO DE LA U;19
GACHANTIVA;Jose Armando Quiñones Garzon;PARTIDO CENTRO DEMOCRATICO;18
GACHANTIVA;Oscar Leonardo Montañez Sierra;PARTIDO CAMBIO RADICAL;18
GACHANTIVA;Fabian Camilo Rojas Barrera;PARTIDO LIBERAL COLOMBIANO;14
GACHANTIVA;Johan Francisco Herrera Gualdron;PARTIDO ALIANZA VERDE;13
GACHANTIVA;Yury Neill Diaz Aranguren;MOVIMIENTO ALTERNATIVO INDIGENA Y SOCIAL MAIS;13
GACHANTIVA;Partido Cambio Radical;PARTIDO CAMBIO RADICAL;12
GACHANTIVA;Sandra Patricia Contreras Soto;PARTIDO LIBERAL COLOMBIANO;12
GACHANTIVA;Anderson Joaquin Sanchez Ruiz;PARTIDO LIBERAL COLOMBIANO;11
GACHANTIVA;John Fredy Lopez Mora;MOVIMIENTO ALTERNATIVO INDIGENA Y SOCIAL MAIS;11
GACHANTIVA;Antonio Ernesto Leguizamo Diaz;PARTIDO LIBERAL COLOMBIANO;10
GACHANTIVA;Jose Wilmar Leal Abril;PARTIDO CAMBIO RADICAL;9
GACHANTIVA;Luz Dary Sevillano Guerrero;PARTIDO ALIANZA VERDE;9
GACHANTIVA;Neddy Esther Sandoval Figueredo;PARTIDO LIBERAL COLOMBIANO;9
GACHANTIVA;Juan Camilo Morales Rodriguez;PARTIDO LIBERAL COLOMBIANO;8
GACHANTIVA;Fernando Augusto Diaz Saenz;PARTIDO CONSERVADOR COLOMBIANO;7
GACHANTIVA;Jorge Marin Jerez Amado;PARTIDO LIBERAL COLOMBIANO;7
GACHANTIVA;Partido Alianza Social Independiente Asi;PARTIDO ALIANZA SOCIAL INDEPENDIENTE ASI;7
GACHANTIVA;Adriana Paola Laverde Rodriguez;MOVIMIENTO ALTERNATIVO INDIGENA Y SOCIAL MAIS;6
GACHANTIVA;Alberto Enrique Murillo Sanchez;PARTIDO CAMBIO RADICAL;6
GACHANTIVA;Alfredo Horacio Correa Higuera;PARTIDO CAMBIO RADICAL;6
GACHANTIVA;Andres Mauricio Escarria Barraza;PARTIDO CAMBIO RADICAL;6
GACHANTIVA;Carlos Alfredo Siza Blanco;PARTIDO CONSERVADOR COLOMBIANO;6
GACHANTIVA;Carlos Ernesto Torres Aguirre;PARTIDO CONSERVADOR COLOMBIANO;6
GACHANTIVA;Carlos Julian Diaz Franco;PARTIDO ALIANZA SOCIAL INDEPENDIENTE ASI;6
GACHANTIVA;Estefany Johana Grajales Marin;MOVIMIENTO ALTERNATIVO INDIGENA Y SOCIAL MAIS;6
GACHANTIVA;Merardo Vargas Roa;PARTIDO ALIANZA VERDE;6
GACHANTIVA;Willian David Pabon Jimenez;PARTIDO SOCIAL DE UNIDAD NACIONAL  PARTIDO DE LA U;6
GACHANTIVA;Alvaro Hernan Forero Hurtado;BOYACA DECENTE;5
GACHANTIVA;Flor Elba Velandia Cely;PARTIDO ALIANZA SOCIAL INDEPENDIENTE ASI;5
GACHANTIVA;Hernando Arias Ochoa;PARTIDO ALIANZA SOCIAL INDEPENDIENTE ASI;5
GACHANTIVA;Jairo Correa Acevedo;MOVIMIENTO ALTERNATIVO INDIGENA Y SOCIAL MAIS;5
GACHANTIVA;Jose Dario Mahecha Castillo;PARTIDO CONSERVADOR COLOMBIANO;5
GACHANTIVA;Manuel Ricardo Mesa Trujillo;PARTIDO SOCIAL DE UNIDAD NACIONAL  PARTIDO DE LA U;5
GACHANTIVA;Norman De Jesus Quintero Gallego;PARTIDO CONSERVADOR COLOMBIANO;5
GACHANTIVA;Pablo Antonio Zambrano Salamanca;PARTIDO CONSERVADOR COLOMBIANO;5
GACHANTIVA;Sonia Esperanza Lopez Barrera;PARTIDO CONSERVADOR COLOMBIANO;5
GACHANTIVA;Eliana Hasleidy Gamez Pinilla;PARTIDO CAMBIO RADICAL;4
GACHANTIVA;Eliana Maria Villate Fonseca;PARTIDO CONSERVADOR COLOMBIANO;4
GACHANTIVA;Ericka Leonor Amador Gamarra;PARTIDO SOCIAL DE UNIDAD NACIONAL  PARTIDO DE LA U;4
GACHANTIVA;Fredy Leonardo Rojas Vargas;PARTIDO CENTRO DEMOCRATICO;4
GACHANTIVA;Ingrid Marlen Sogamoso Alfonso;PARTIDO CENTRO DEMOCRATICO;4
GACHANTIVA;Jose Antonio Estupiñan Caceres;PARTIDO CONSERVADOR COLOMBIANO;4
GACHANTIVA;Segundo Fidel Salazar Gonzalez;PARTIDO SOCIAL DE UNIDAD NACIONAL  PARTIDO DE LA U;4
GACHANTIVA;Sergio Cabra Sierra;PARTIDO SOCIAL DE UNIDAD NACIONAL  PARTIDO DE LA U;4
GACHANTIVA;Wilton Fredy Castro Silva;PARTIDO ALIANZA VERDE;4
GACHANTIVA;Andrea Carolina Camargo Caro;MOVIMIENTO ALTERNATIVO INDIGENA Y SOCIAL MAIS;3
GACHANTIVA;Carmen Liria Prieto Cortes;BOYACA DECENTE;3
GACHANTIVA;Fredy Julian Castro Rodriguez;PARTIDO CENTRO DEMOCRATICO;3
GACHANTIVA;Jairo Enrique Cabana Fonseca;PARTIDO ALIANZA VERDE;3
GACHANTIVA;Jhonnatan Jairo Avellaneda Mesa;MOVIMIENTO ALTERNATIVO INDIGENA Y SOCIAL MAIS;3
GACHANTIVA;Juddy Alexandra Jimenez Cuadros;PARTIDO SOCIAL DE UNIDAD NACIONAL  PARTIDO DE LA U;3
GACHANTIVA;Luisa Fernanda Rodriguez Alfonso;PARTIDO ALIANZA VERDE;3
GACHANTIVA;Maira Adriana Zerda Gonzalez;PARTIDO ALIANZA VERDE;3
GACHANTIVA;Maria De Los Santos Salamanca Silva;PARTIDO ALIANZA VERDE;3
GACHANTIVA;Mauricio Cadena Valero;PARTIDO CENTRO DEMOCRATICO;3
GACHANTIVA;Olga Niño Rojas;PARTIDO CENTRO DEMOCRATICO;3
GACHANTIVA;Ricardo Andres Español Teatino;PARTIDO LIBERAL COLOMBIANO;3
GACHANTIVA;Sandra Milena Ramirez Moreno;PARTIDO CAMBIO RADICAL;3
GACHANTIVA;Ana Adela Pulido Cuadros;PARTIDO CONSERVADOR COLOMBIANO;2
GACHANTIVA;Boyaca Decente;BOYACA DECENTE;2
GACHANTIVA;Daniel Fernando Mejia Lozano;PARTIDO ALIANZA SOCIAL INDEPENDIENTE ASI;2
GACHANTIVA;Edwin Alfonso Perez Beltran;PARTIDO ALIANZA SOCIAL INDEPENDIENTE ASI;2
GACHANTIVA;Elsa Marlen Manrique Pulgar;PARTIDO LIBERAL COLOMBIANO;2
GACHANTIVA;Irma Yineth Velandia Sandoval;PARTIDO CAMBIO RADICAL;2
GACHANTIVA;Julian Guillermo Camargo Amortegui;MOVIMIENTO ALTERNATIVO INDIGENA Y SOCIAL MAIS;2
GACHANTIVA;Julieth Rocio Montañez Niño;PARTIDO ALIANZA SOCIAL INDEPENDIENTE ASI;2
GACHANTIVA;Katherin Tatiana Calderon Acosta;PARTIDO CENTRO DEMOCRATICO;2
GACHANTIVA;Maria Francia Blanco Pedroza;BOYACA DECENTE;2
GACHANTIVA;Martha Ines Zipa Martinez;PARTIDO CAMBIO RADICAL;2
GACHANTIVA;Nereo Baron Tellez;MOVIMIENTO ALTERNATIVO INDIGENA Y SOCIAL MAIS;2
GACHANTIVA;Pedro Humberto Vargas Gomez;PARTIDO LIBERAL COLOMBIANO;2
GACHANTIVA;Uldarico Javier Ramirez Chilito;MOVIMIENTO ALTERNATIVO INDIGENA Y SOCIAL MAIS;2
GACHANTIVA;William Rodolfo Mesa Avella;PARTIDO CENTRO DEMOCRATICO;2
GACHANTIVA;Armando Buitrago Acevedo;PARTIDO ALIANZA SOCIAL INDEPENDIENTE ASI;1
GACHANTIVA;Claudia Patricia Barrera Patiño;PARTIDO SOCIAL DE UNIDAD NACIONAL  PARTIDO DE LA U;1
GACHANTIVA;David Alejandro Avila Cely;MOVIMIENTO ALTERNATIVO INDIGENA Y SOCIAL MAIS;1
GACHANTIVA;Hector Josue Camacho Acosta;PARTIDO CENTRO DEMOCRATICO;1
GACHANTIVA;Helver Ariel Avila Panche;PARTIDO CENTRO DEMOCRATICO;1
GACHANTIVA;Jaime Andres Gomez Gomez;PARTIDO CONSERVADOR COLOMBIANO;1
GACHANTIVA;Jhon Fredy Garavito Cortes;PARTIDO SOCIAL DE UNIDAD NACIONAL  PARTIDO DE LA U;1
GACHANTIVA;Jose Mauricio Buitrago Rivera;PARTIDO CAMBIO RADICAL;1
GACHANTIVA;Luis Carlos Machado Zapata;PARTIDO LIBERAL COLOMBIANO;1
GACHANTIVA;Mariev Bejarano Ospina;BOYACA DECENTE;1
GACHANTIVA;Omar Humberto Villamil Munevar;PARTIDO CONSERVADOR COLOMBIANO;1
GACHANTIVA;Yadith Milena Martinez Farfan;PARTIDO CENTRO DEMOCRATICO;1
GAMEZA;Fernando Alexander Serrato Fonseca;PARTIDO LIBERAL COLOMBIANO;228
GAMEZA;Yamir Oswaldo Lopez Peña;PARTIDO ALIANZA VERDE;206
GAMEZA;Yury Neill Diaz Aranguren;MOVIMIENTO ALTERNATIVO INDIGENA Y SOCIAL MAIS;167
GAMEZA;William Rodolfo Mesa Avella;PARTIDO CENTRO DEMOCRATICO;120
GAMEZA;Wilkins Fernando Chaparro Cuervo;PARTIDO ALIANZA SOCIAL INDEPENDIENTE ASI;105
GAMEZA;Carlos Ernesto Torres Aguirre;PARTIDO CONSERVADOR COLOMBIANO;104
GAMEZA;Ricardo Alonso Rojas Sachica;PARTIDO ALIANZA VERDE;89
GAMEZA;Hugo Alveiro Rosas Romero;PARTIDO ALIANZA VERDE;77
GAMEZA;Manuel Ricardo Mesa Trujillo;PARTIDO SOCIAL DE UNIDAD NACIONAL  PARTIDO DE LA U;75
GAMEZA;Partido Alianza Verde;PARTIDO ALIANZA VERDE;75
GAMEZA;Roman Hernando Ortega Hernandez;PARTIDO ALIANZA VERDE;67
GAMEZA;Jorge Enrique Camacho Rodriguez;PARTIDO ALIANZA SOCIAL INDEPENDIENTE ASI;63
GAMEZA;Luis Carlos Ochoa Pasachoa;PARTIDO ALIANZA VERDE;46
GAMEZA;Jose Armando Quiñones Garzon;PARTIDO CENTRO DEMOCRATICO;44
GAMEZA;Jose Antonio Estupiñan Caceres;PARTIDO CONSERVADOR COLOMBIANO;41
GAMEZA;Willian David Pabon Jimenez;PARTIDO SOCIAL DE UNIDAD NACIONAL  PARTIDO DE LA U;40
GAMEZA;Alberto Enrique Murillo Sanchez;PARTIDO CAMBIO RADICAL;28
GAMEZA;Edwin Alfonso Perez Beltran;PARTIDO ALIANZA SOCIAL INDEPENDIENTE ASI;28
GAMEZA;Pablo Antonio Zambrano Salamanca;PARTIDO CONSERVADOR COLOMBIANO;28
GAMEZA;Wilton Fredy Castro Silva;PARTIDO ALIANZA VERDE;28
GAMEZA;Cesar Augusto Mojica Bedoya;PARTIDO SOCIAL DE UNIDAD NACIONAL  PARTIDO DE LA U;26
GAMEZA;Ivan Ricardo Pirachican Bernal;PARTIDO CONSERVADOR COLOMBIANO;25
GAMEZA;Partido Social De Unidad Nacional  Partido De La U;PARTIDO SOCIAL DE UNIDAD NACIONAL  PARTIDO DE LA U;25
GAMEZA;Jorge Ignacio Lopez Barrera;BOYACA DECENTE;24
GAMEZA;Ricardo Andres Español Teatino;PARTIDO LIBERAL COLOMBIANO;24
GAMEZA;Gustavo Eduardo Castañeda Niño;PARTIDO ALIANZA VERDE;23
GAMEZA;Partido Centro Democratico;PARTIDO CENTRO DEMOCRATICO;23
GAMEZA;Fernando Augusto Diaz Saenz;PARTIDO CONSERVADOR COLOMBIANO;21
GAMEZA;Jose Dario Mahecha Castillo;PARTIDO CONSERVADOR COLOMBIANO;21
GAMEZA;Jairo Pacheco Suarez;PARTIDO LIBERAL COLOMBIANO;19
GAMEZA;Maria De Los Santos Salamanca Silva;PARTIDO ALIANZA VERDE;19
GAMEZA;Jorge Eduardo Diaz Avendaño;MOVIMIENTO ALTERNATIVO INDIGENA Y SOCIAL MAIS;18
GAMEZA;Movimiento Alternativo Indigena Y Social Mais;MOVIMIENTO ALTERNATIVO INDIGENA Y SOCIAL MAIS;17
GAMEZA;Partido Cambio Radical;PARTIDO CAMBIO RADICAL;17
GAMEZA;Partido Liberal Colombiano;PARTIDO LIBERAL COLOMBIANO;17
GAMEZA;Johan Francisco Herrera Gualdron;PARTIDO ALIANZA VERDE;16
GAMEZA;Luz Dary Sevillano Guerrero;PARTIDO ALIANZA VERDE;16
GAMEZA;Hernando Arias Ochoa;PARTIDO ALIANZA SOCIAL INDEPENDIENTE ASI;15
GAMEZA;Oscar Leonardo Montañez Sierra;PARTIDO CAMBIO RADICAL;15
GAMEZA;Partido Conservador Colombiano;PARTIDO CONSERVADOR COLOMBIANO;15
GAMEZA;Concha Jael Vargas Saavedra;PARTIDO CONSERVADOR COLOMBIANO;14
GAMEZA;Fabian Camilo Rojas Barrera;PARTIDO LIBERAL COLOMBIANO;14
GAMEZA;Jose Mauricio Buitrago Rivera;PARTIDO CAMBIO RADICAL;14
GAMEZA;Pedro Pablo Salas Hernandez;PARTIDO ALIANZA VERDE;14
GAMEZA;Uldarico Javier Ramirez Chilito;MOVIMIENTO ALTERNATIVO INDIGENA Y SOCIAL MAIS;14
GAMEZA;Eliana Maria Villate Fonseca;PARTIDO CONSERVADOR COLOMBIANO;12
GAMEZA;Merardo Vargas Roa;PARTIDO ALIANZA VERDE;12
GAMEZA;Angela Patricia Velandia Novoa;PARTIDO ALIANZA VERDE;11
GAMEZA;Carlos Alfredo Siza Blanco;PARTIDO CONSERVADOR COLOMBIANO;11
GAMEZA;Luisa Fernanda Rodriguez Alfonso;PARTIDO ALIANZA VERDE;11
GAMEZA;Partido Alianza Social Independiente Asi;PARTIDO ALIANZA SOCIAL INDEPENDIENTE ASI;11
GAMEZA;Carlos Eduardo Vega Alvarez;BOYACA DECENTE;10
GAMEZA;Ingrid Marlen Sogamoso Alfonso;PARTIDO CENTRO DEMOCRATICO;9
GAMEZA;Jhonnatan Jairo Avellaneda Mesa;MOVIMIENTO ALTERNATIVO INDIGENA Y SOCIAL MAIS;9
GAMEZA;Luis Carlos Bernal Mesa;PARTIDO SOCIAL DE UNIDAD NACIONAL  PARTIDO DE LA U;9
GAMEZA;Luis Carlos Machado Zapata;PARTIDO LIBERAL COLOMBIANO;9
GAMEZA;Elsa Marlen Manrique Pulgar;PARTIDO LIBERAL COLOMBIANO;8
GAMEZA;John Fredy Lopez Mora;MOVIMIENTO ALTERNATIVO INDIGENA Y SOCIAL MAIS;8
GAMEZA;Jorge Marin Jerez Amado;PARTIDO LIBERAL COLOMBIANO;8
GAMEZA;Alfredo Horacio Correa Higuera;PARTIDO CAMBIO RADICAL;7
GAMEZA;Anderson Joaquin Sanchez Ruiz;PARTIDO LIBERAL COLOMBIANO;7
GAMEZA;Fredy Julian Castro Rodriguez;PARTIDO CENTRO DEMOCRATICO;7
GAMEZA;Juan Camilo Morales Rodriguez;PARTIDO LIBERAL COLOMBIANO;7
GAMEZA;Sergio Cabra Sierra;PARTIDO SOCIAL DE UNIDAD NACIONAL  PARTIDO DE LA U;7
GAMEZA;Andres Mauricio Escarria Barraza;PARTIDO CAMBIO RADICAL;6
GAMEZA;Julian Guillermo Camargo Amortegui;MOVIMIENTO ALTERNATIVO INDIGENA Y SOCIAL MAIS;6
GAMEZA;Mauricio Cadena Valero;PARTIDO CENTRO DEMOCRATICO;6
GAMEZA;Omar Fernando Valderrama Baez;PARTIDO CENTRO DEMOCRATICO;6
GAMEZA;Orlando Florez Cuervo;PARTIDO CENTRO DEMOCRATICO;6
GAMEZA;Claudia Yaneth Avila Castillo;PARTIDO SOCIAL DE UNIDAD NACIONAL  PARTIDO DE LA U;5
GAMEZA;Estefany Johana Grajales Marin;MOVIMIENTO ALTERNATIVO INDIGENA Y SOCIAL MAIS;5
GAMEZA;Fredy Leonardo Rojas Vargas;PARTIDO CENTRO DEMOCRATICO;5
GAMEZA;Jaime Andres Gomez Gomez;PARTIDO CONSERVADOR COLOMBIANO;5
GAMEZA;Jose Wilmar Leal Abril;PARTIDO CAMBIO RADICAL;5
GAMEZA;Maira Adriana Zerda Gonzalez;PARTIDO ALIANZA VERDE;5
GAMEZA;Nelson Mauricio Rodriguez Perez;PARTIDO CONSERVADOR COLOMBIANO;5
GAMEZA;Sandra Milena Ramirez Moreno;PARTIDO CAMBIO RADICAL;5
GAMEZA;Sonia Esperanza Lopez Barrera;PARTIDO CONSERVADOR COLOMBIANO;5
GAMEZA;Aura Lucia Ortiz Cardona;PARTIDO CENTRO DEMOCRATICO;4
GAMEZA;Flor Elba Velandia Cely;PARTIDO ALIANZA SOCIAL INDEPENDIENTE ASI;4
GAMEZA;Hector Josue Camacho Acosta;PARTIDO CENTRO DEMOCRATICO;4
GAMEZA;Jairo Correa Acevedo;MOVIMIENTO ALTERNATIVO INDIGENA Y SOCIAL MAIS;4
GAMEZA;Laura Patricia Contreras Alvarez;PARTIDO ALIANZA SOCIAL INDEPENDIENTE ASI;4
GAMEZA;Partido Colombia Justa Libres;PARTIDO COLOMBIA JUSTA LIBRES;4
GAMEZA;Pedro Humberto Vargas Gomez;PARTIDO LIBERAL COLOMBIANO;4
GAMEZA;Siervo Yesith Gonzalez Saavedra;PARTIDO CAMBIO RADICAL;4
GAMEZA;Alba Luz Becerra Becerra;PARTIDO ALIANZA SOCIAL INDEPENDIENTE ASI;3
GAMEZA;Ana Adela Pulido Cuadros;PARTIDO CONSERVADOR COLOMBIANO;3
GAMEZA;Irma Yineth Velandia Sandoval;PARTIDO CAMBIO RADICAL;3
GAMEZA;Jhon Fredy Garavito Cortes;PARTIDO SOCIAL DE UNIDAD NACIONAL  PARTIDO DE LA U;3
GAMEZA;Nereo Baron Tellez;MOVIMIENTO ALTERNATIVO INDIGENA Y SOCIAL MAIS;3
GAMEZA;Olga Niño Rojas;PARTIDO CENTRO DEMOCRATICO;3
GAMEZA;Ana Lucia Parra Monroy;PARTIDO SOCIAL DE UNIDAD NACIONAL  PARTIDO DE LA U;2
GAMEZA;Andrea Carolina Camargo Caro;MOVIMIENTO ALTERNATIVO INDIGENA Y SOCIAL MAIS;2
GAMEZA;Armando Buitrago Acevedo;PARTIDO ALIANZA SOCIAL INDEPENDIENTE ASI;2
GAMEZA;David Santiago Diaz Guio;PARTIDO SOCIAL DE UNIDAD NACIONAL  PARTIDO DE LA U;2
GAMEZA;David Santiago Ochoa Garcia;PARTIDO SOCIAL DE UNIDAD NACIONAL  PARTIDO DE LA U;2
GAMEZA;Eliana Hasleidy Gamez Pinilla;PARTIDO CAMBIO RADICAL;2
GAMEZA;Ericka Leonor Amador Gamarra;PARTIDO SOCIAL DE UNIDAD NACIONAL  PARTIDO DE LA U;2
GAMEZA;Henry Goyeneche Hormaza;PARTIDO ALIANZA SOCIAL INDEPENDIENTE ASI;2
GAMEZA;Mariev Bejarano Ospina;BOYACA DECENTE;2
GAMEZA;Martha Ines Zipa Martinez;PARTIDO CAMBIO RADICAL;2
GAMEZA;Sandra Patricia Contreras Soto;PARTIDO LIBERAL COLOMBIANO;2
GAMEZA;Sandra Patricia Ricaurte Espinel;PARTIDO CAMBIO RADICAL;2
GAMEZA;Segundo Fidel Salazar Gonzalez;PARTIDO SOCIAL DE UNIDAD NACIONAL  PARTIDO DE LA U;2
GAMEZA;Wilder Ivan Suesca Ochoa;PARTIDO CENTRO DEMOCRATICO;2
GAMEZA;Adriana Paola Laverde Rodriguez;MOVIMIENTO ALTERNATIVO INDIGENA Y SOCIAL MAIS;1
GAMEZA;Alvaro Hernan Forero Hurtado;BOYACA DECENTE;1
GAMEZA;Angela Rocio Umaña Rojas;PARTIDO CONSERVADOR COLOMBIANO;1
GAMEZA;Antonio Ernesto Leguizamo Diaz;PARTIDO LIBERAL COLOMBIANO;1
GAMEZA;Boyaca Decente;BOYACA DECENTE;1
GAMEZA;Claudia Patricia Barrera Patiño;PARTIDO SOCIAL DE UNIDAD NACIONAL  PARTIDO DE LA U;1
GAMEZA;Daniel Fernando Mejia Lozano;PARTIDO ALIANZA SOCIAL INDEPENDIENTE ASI;1
GAMEZA;Edgar Antulio Gonzalez Trujillo;BOYACA DECENTE;1
GAMEZA;Helver Ariel Avila Panche;PARTIDO CENTRO DEMOCRATICO;1
GAMEZA;Jairo Enrique Cabana Fonseca;PARTIDO ALIANZA VERDE;1
GAMEZA;Jose Agustin Arias Millan;PARTIDO CENTRO DEMOCRATICO;1
GAMEZA;Jose Leonidas Medina Cruz;PARTIDO SOCIAL DE UNIDAD NACIONAL  PARTIDO DE LA U;1
GAMEZA;Juddy Alexandra Jimenez Cuadros;PARTIDO SOCIAL DE UNIDAD NACIONAL  PARTIDO DE LA U;1
GAMEZA;Julieth Rocio Montañez Niño;PARTIDO ALIANZA SOCIAL INDEPENDIENTE ASI;1
GAMEZA;Kiliam Ernesto Gonzalez Forero;BOYACA DECENTE;1
GAMEZA;Norman De Jesus Quintero Gallego;PARTIDO CONSERVADOR COLOMBIANO;1
GAMEZA;Yadith Milena Martinez Farfan;PARTIDO CENTRO DEMOCRATICO;1
GARAGOA;Ingrid Marlen Sogamoso Alfonso;PARTIDO CENTRO DEMOCRATICO;1881
GARAGOA;Yamir Oswaldo Lopez Peña;PARTIDO ALIANZA VERDE;591
GARAGOA;Maira Adriana Zerda Gonzalez;PARTIDO ALIANZA VERDE;336
GARAGOA;Alfredo Horacio Correa Higuera;PARTIDO CAMBIO RADICAL;229
GARAGOA;Ivan Ricardo Pirachican Bernal;PARTIDO CONSERVADOR COLOMBIANO;222
GARAGOA;Fabian Camilo Rojas Barrera;PARTIDO LIBERAL COLOMBIANO;174
GARAGOA;Partido Alianza Verde;PARTIDO ALIANZA VERDE;162
GARAGOA;Johan Francisco Herrera Gualdron;PARTIDO ALIANZA VERDE;135
GARAGOA;Fernando Alexander Serrato Fonseca;PARTIDO LIBERAL COLOMBIANO;110
GARAGOA;Jhonnatan Jairo Avellaneda Mesa;MOVIMIENTO ALTERNATIVO INDIGENA Y SOCIAL MAIS;100
GARAGOA;Jairo Correa Acevedo;MOVIMIENTO ALTERNATIVO INDIGENA Y SOCIAL MAIS;90
GARAGOA;Partido Colombia Justa Libres;PARTIDO COLOMBIA JUSTA LIBRES;90
GARAGOA;Jairo Pacheco Suarez;PARTIDO LIBERAL COLOMBIANO;84
GARAGOA;Ricardo Alonso Rojas Sachica;PARTIDO ALIANZA VERDE;72
GARAGOA;Anderson Joaquin Sanchez Ruiz;PARTIDO LIBERAL COLOMBIANO;71
GARAGOA;Luisa Fernanda Rodriguez Alfonso;PARTIDO ALIANZA VERDE;68
GARAGOA;Partido Liberal Colombiano;PARTIDO LIBERAL COLOMBIANO;67
GARAGOA;Angela Patricia Velandia Novoa;PARTIDO ALIANZA VERDE;66
GARAGOA;Partido Conservador Colombiano;PARTIDO CONSERVADOR COLOMBIANO;66
GARAGOA;Sergio Cabra Sierra;PARTIDO SOCIAL DE UNIDAD NACIONAL  PARTIDO DE LA U;62
GARAGOA;Partido Centro Democratico;PARTIDO CENTRO DEMOCRATICO;59
GARAGOA;Jose Armando Quiñones Garzon;PARTIDO CENTRO DEMOCRATICO;57
GARAGOA;Hugo Alveiro Rosas Romero;PARTIDO ALIANZA VERDE;51
GARAGOA;Fernando Augusto Diaz Saenz;PARTIDO CONSERVADOR COLOMBIANO;46
GARAGOA;Yury Neill Diaz Aranguren;MOVIMIENTO ALTERNATIVO INDIGENA Y SOCIAL MAIS;46
GARAGOA;Maria De Los Santos Salamanca Silva;PARTIDO ALIANZA VERDE;45
GARAGOA;Partido Social De Unidad Nacional  Partido De La U;PARTIDO SOCIAL DE UNIDAD NACIONAL  PARTIDO DE LA U;45
GARAGOA;Jose Wilmar Leal Abril;PARTIDO CAMBIO RADICAL;40
GARAGOA;Jose Dario Mahecha Castillo;PARTIDO CONSERVADOR COLOMBIANO;39
GARAGOA;Oscar Leonardo Montañez Sierra;PARTIDO CAMBIO RADICAL;37
GARAGOA;Partido Cambio Radical;PARTIDO CAMBIO RADICAL;37
GARAGOA;Estefany Johana Grajales Marin;MOVIMIENTO ALTERNATIVO INDIGENA Y SOCIAL MAIS;35
GARAGOA;William Rodolfo Mesa Avella;PARTIDO CENTRO DEMOCRATICO;35
GARAGOA;Concha Jael Vargas Saavedra;PARTIDO CONSERVADOR COLOMBIANO;34
GARAGOA;Pedro Pablo Salas Hernandez;PARTIDO ALIANZA VERDE;34
GARAGOA;Jose Antonio Estupiñan Caceres;PARTIDO CONSERVADOR COLOMBIANO;33
GARAGOA;Luis Carlos Ochoa Pasachoa;PARTIDO ALIANZA VERDE;31
GARAGOA;Willian David Pabon Jimenez;PARTIDO SOCIAL DE UNIDAD NACIONAL  PARTIDO DE LA U;28
GARAGOA;Hector Josue Camacho Acosta;PARTIDO CENTRO DEMOCRATICO;27
GARAGOA;Manuel Ricardo Mesa Trujillo;PARTIDO SOCIAL DE UNIDAD NACIONAL  PARTIDO DE LA U;27
GARAGOA;Mauricio Cadena Valero;PARTIDO CENTRO DEMOCRATICO;27
GARAGOA;Claudia Yaneth Avila Castillo;PARTIDO SOCIAL DE UNIDAD NACIONAL  PARTIDO DE LA U;26
GARAGOA;Gustavo Eduardo Castañeda Niño;PARTIDO ALIANZA VERDE;26
GARAGOA;Movimiento Alternativo Indigena Y Social Mais;MOVIMIENTO ALTERNATIVO INDIGENA Y SOCIAL MAIS;26
GARAGOA;Merardo Vargas Roa;PARTIDO ALIANZA VERDE;25
GARAGOA;Sandra Patricia Contreras Soto;PARTIDO LIBERAL COLOMBIANO;24
GARAGOA;Jairo Enrique Cabana Fonseca;PARTIDO ALIANZA VERDE;22
GARAGOA;Juan Camilo Morales Rodriguez;PARTIDO LIBERAL COLOMBIANO;22
GARAGOA;Omar Fernando Valderrama Baez;PARTIDO CENTRO DEMOCRATICO;22
GARAGOA;Jorge Enrique Camacho Rodriguez;PARTIDO ALIANZA SOCIAL INDEPENDIENTE ASI;21
GARAGOA;Nelson Mauricio Rodriguez Perez;PARTIDO CONSERVADOR COLOMBIANO;21
GARAGOA;Wilkins Fernando Chaparro Cuervo;PARTIDO ALIANZA SOCIAL INDEPENDIENTE ASI;20
GARAGOA;Carlos Alfredo Siza Blanco;PARTIDO CONSERVADOR COLOMBIANO;17
GARAGOA;Carlos Ernesto Torres Aguirre;PARTIDO CONSERVADOR COLOMBIANO;17
GARAGOA;Orlando Florez Cuervo;PARTIDO CENTRO DEMOCRATICO;17
GARAGOA;Yadith Milena Martinez Farfan;PARTIDO CENTRO DEMOCRATICO;17
GARAGOA;Ana Adela Pulido Cuadros;PARTIDO CONSERVADOR COLOMBIANO;15
GARAGOA;Roman Hernando Ortega Hernandez;PARTIDO ALIANZA VERDE;15
GARAGOA;Antonio Ernesto Leguizamo Diaz;PARTIDO LIBERAL COLOMBIANO;14
GARAGOA;Elsa Marlen Manrique Pulgar;PARTIDO LIBERAL COLOMBIANO;14
GARAGOA;Jose Mauricio Buitrago Rivera;PARTIDO CAMBIO RADICAL;14
GARAGOA;Ana Delia Avendaño Hernandez;PARTIDO LIBERAL COLOMBIANO;13
GARAGOA;Luis Carlos Bernal Mesa;PARTIDO SOCIAL DE UNIDAD NACIONAL  PARTIDO DE LA U;13
GARAGOA;Luis Carlos Machado Zapata;PARTIDO LIBERAL COLOMBIANO;13
GARAGOA;Olga Niño Rojas;PARTIDO CENTRO DEMOCRATICO;13
GARAGOA;Wilton Fredy Castro Silva;PARTIDO ALIANZA VERDE;13
GARAGOA;Partido Alianza Social Independiente Asi;PARTIDO ALIANZA SOCIAL INDEPENDIENTE ASI;11
GARAGOA;Nereo Baron Tellez;MOVIMIENTO ALTERNATIVO INDIGENA Y SOCIAL MAIS;10
GARAGOA;Alberto Enrique Murillo Sanchez;PARTIDO CAMBIO RADICAL;9
GARAGOA;Luz Dary Sevillano Guerrero;PARTIDO ALIANZA VERDE;9
GARAGOA;Alvaro Hernan Forero Hurtado;BOYACA DECENTE;8
GARAGOA;Armando Buitrago Acevedo;PARTIDO ALIANZA SOCIAL INDEPENDIENTE ASI;8
GARAGOA;Boyaca Decente;BOYACA DECENTE;8
GARAGOA;Helver Ariel Avila Panche;PARTIDO CENTRO DEMOCRATICO;8
GARAGOA;Jhon Fredy Garavito Cortes;PARTIDO SOCIAL DE UNIDAD NACIONAL  PARTIDO DE LA U;8
GARAGOA;John Fredy Lopez Mora;MOVIMIENTO ALTERNATIVO INDIGENA Y SOCIAL MAIS;8
GARAGOA;Jorge Marin Jerez Amado;PARTIDO LIBERAL COLOMBIANO;8
GARAGOA;Julieth Rocio Montañez Niño;PARTIDO ALIANZA SOCIAL INDEPENDIENTE ASI;8
GARAGOA;Carlos Eduardo Vega Alvarez;BOYACA DECENTE;7
GARAGOA;Fredy Julian Castro Rodriguez;PARTIDO CENTRO DEMOCRATICO;7
GARAGOA;Jose Leonidas Medina Cruz;PARTIDO SOCIAL DE UNIDAD NACIONAL  PARTIDO DE LA U;7
GARAGOA;Mariev Bejarano Ospina;BOYACA DECENTE;7
GARAGOA;Pedro Humberto Vargas Gomez;PARTIDO LIBERAL COLOMBIANO;7
GARAGOA;Wilder Ivan Suesca Ochoa;PARTIDO CENTRO DEMOCRATICO;7
GARAGOA;Edwin Alfonso Perez Beltran;PARTIDO ALIANZA SOCIAL INDEPENDIENTE ASI;6
GARAGOA;Ericka Leonor Amador Gamarra;PARTIDO SOCIAL DE UNIDAD NACIONAL  PARTIDO DE LA U;6
GARAGOA;Fredy Leonardo Rojas Vargas;PARTIDO CENTRO DEMOCRATICO;6
GARAGOA;Hernando Arias Ochoa;PARTIDO ALIANZA SOCIAL INDEPENDIENTE ASI;6
GARAGOA;Jaime Andres Gomez Gomez;PARTIDO CONSERVADOR COLOMBIANO;6
GARAGOA;Neddy Esther Sandoval Figueredo;PARTIDO LIBERAL COLOMBIANO;6
GARAGOA;Siervo Yesith Gonzalez Saavedra;PARTIDO CAMBIO RADICAL;6
GARAGOA;Sonia Esperanza Lopez Barrera;PARTIDO CONSERVADOR COLOMBIANO;6
GARAGOA;Andrea Carolina Camargo Caro;MOVIMIENTO ALTERNATIVO INDIGENA Y SOCIAL MAIS;5
GARAGOA;Cesar Augusto Mojica Bedoya;PARTIDO SOCIAL DE UNIDAD NACIONAL  PARTIDO DE LA U;5
GARAGOA;Daniel Fernando Mejia Lozano;PARTIDO ALIANZA SOCIAL INDEPENDIENTE ASI;5
GARAGOA;David Alejandro Avila Cely;MOVIMIENTO ALTERNATIVO INDIGENA Y SOCIAL MAIS;5
GARAGOA;Irma Yineth Velandia Sandoval;PARTIDO CAMBIO RADICAL;5
GARAGOA;Jorge Eduardo Diaz Avendaño;MOVIMIENTO ALTERNATIVO INDIGENA Y SOCIAL MAIS;5
GARAGOA;Jose Agustin Arias Millan;PARTIDO CENTRO DEMOCRATICO;5
GARAGOA;Lizeth Paola Saade Fuentes;MOVIMIENTO ALTERNATIVO INDIGENA Y SOCIAL MAIS;5
GARAGOA;Omar Humberto Villamil Munevar;PARTIDO CONSERVADOR COLOMBIANO;5
GARAGOA;Pablo Antonio Zambrano Salamanca;PARTIDO CONSERVADOR COLOMBIANO;5
GARAGOA;Ricardo Andres Español Teatino;PARTIDO LIBERAL COLOMBIANO;5
GARAGOA;Sandra Milena Ramirez Moreno;PARTIDO CAMBIO RADICAL;5
GARAGOA;Adriana Paola Laverde Rodriguez;MOVIMIENTO ALTERNATIVO INDIGENA Y SOCIAL MAIS;4
GARAGOA;Ana Lucia Parra Monroy;PARTIDO SOCIAL DE UNIDAD NACIONAL  PARTIDO DE LA U;4
GARAGOA;David Santiago Ochoa Garcia;PARTIDO SOCIAL DE UNIDAD NACIONAL  PARTIDO DE LA U;4
GARAGOA;Erika Dayana Piragauta Rodriguez;PARTIDO LIBERAL COLOMBIANO;4
GARAGOA;Segundo Fidel Salazar Gonzalez;PARTIDO SOCIAL DE UNIDAD NACIONAL  PARTIDO DE LA U;4
GARAGOA;Edwin Andres Rodriguez Rodriguez;PARTIDO LIBERAL COLOMBIANO;3
GARAGOA;Giovanna Del Pilar Soto Barreto;PARTIDO CAMBIO RADICAL;3
GARAGOA;Laura Patricia Contreras Alvarez;PARTIDO ALIANZA SOCIAL INDEPENDIENTE ASI;3
GARAGOA;Andres Mauricio Escarria Barraza;PARTIDO CAMBIO RADICAL;2
GARAGOA;Angela Magaly Garcia Rivera;MOVIMIENTO ALTERNATIVO INDIGENA Y SOCIAL MAIS;2
GARAGOA;Carlos Julian Diaz Franco;PARTIDO ALIANZA SOCIAL INDEPENDIENTE ASI;2
GARAGOA;David Santiago Diaz Guio;PARTIDO SOCIAL DE UNIDAD NACIONAL  PARTIDO DE LA U;2
GARAGOA;Eliana Maria Villate Fonseca;PARTIDO CONSERVADOR COLOMBIANO;2
GARAGOA;Flor Elba Velandia Cely;PARTIDO ALIANZA SOCIAL INDEPENDIENTE ASI;2
GARAGOA;Gregorio Morales Tovar;BOYACA DECENTE;2
GARAGOA;Henry Goyeneche Hormaza;PARTIDO ALIANZA SOCIAL INDEPENDIENTE ASI;2
GARAGOA;Jorge Ignacio Lopez Barrera;BOYACA DECENTE;2
GARAGOA;Norman De Jesus Quintero Gallego;PARTIDO CONSERVADOR COLOMBIANO;2
GARAGOA;Uldarico Javier Ramirez Chilito;MOVIMIENTO ALTERNATIVO INDIGENA Y SOCIAL MAIS;2
GARAGOA;Alba Luz Becerra Becerra;PARTIDO ALIANZA SOCIAL INDEPENDIENTE ASI;1
GARAGOA;Angela Rocio Umaña Rojas;PARTIDO CONSERVADOR COLOMBIANO;1
GARAGOA;Edgar Antulio Gonzalez Trujillo;BOYACA DECENTE;1
GARAGOA;Eliana Hasleidy Gamez Pinilla;PARTIDO CAMBIO RADICAL;1
GARAGOA;Kiliam Ernesto Gonzalez Forero;BOYACA DECENTE;1
GARAGOA;Maria Francia Blanco Pedroza;BOYACA DECENTE;1
GARAGOA;Martha Ines Zipa Martinez;PARTIDO CAMBIO RADICAL;1
GARAGOA;Sandra Patricia Ricaurte Espinel;PARTIDO CAMBIO RADICAL;1
GUACAMAYAS;Hector Josue Camacho Acosta;PARTIDO CENTRO DEMOCRATICO;192
GUACAMAYAS;Omar Fernando Valderrama Baez;PARTIDO CENTRO DEMOCRATICO;154
GUACAMAYAS;Angela Patricia Velandia Novoa;PARTIDO ALIANZA VERDE;121
GUACAMAYAS;Fernando Augusto Diaz Saenz;PARTIDO CONSERVADOR COLOMBIANO;44
GUACAMAYAS;Johan Francisco Herrera Gualdron;PARTIDO ALIANZA VERDE;43
GUACAMAYAS;Anderson Joaquin Sanchez Ruiz;PARTIDO LIBERAL COLOMBIANO;39
GUACAMAYAS;Fernando Alexander Serrato Fonseca;PARTIDO LIBERAL COLOMBIANO;30
GUACAMAYAS;Nelson Mauricio Rodriguez Perez;PARTIDO CONSERVADOR COLOMBIANO;26
GUACAMAYAS;Neddy Esther Sandoval Figueredo;PARTIDO LIBERAL COLOMBIANO;20
GUACAMAYAS;Partido Centro Democratico;PARTIDO CENTRO DEMOCRATICO;18
GUACAMAYAS;Partido Alianza Verde;PARTIDO ALIANZA VERDE;17
GUACAMAYAS;Cesar Augusto Mojica Bedoya;PARTIDO SOCIAL DE UNIDAD NACIONAL  PARTIDO DE LA U;16
GUACAMAYAS;Luz Dary Sevillano Guerrero;PARTIDO ALIANZA VERDE;14
GUACAMAYAS;Partido Conservador Colombiano;PARTIDO CONSERVADOR COLOMBIANO;14
GUACAMAYAS;Partido Colombia Justa Libres;PARTIDO COLOMBIA JUSTA LIBRES;12
GUACAMAYAS;Carlos Alfredo Siza Blanco;PARTIDO CONSERVADOR COLOMBIANO;11
GUACAMAYAS;Fabian Camilo Rojas Barrera;PARTIDO LIBERAL COLOMBIANO;10
GUACAMAYAS;Ana Adela Pulido Cuadros;PARTIDO CONSERVADOR COLOMBIANO;9
GUACAMAYAS;Gustavo Eduardo Castañeda Niño;PARTIDO ALIANZA VERDE;9
GUACAMAYAS;Jose Mauricio Buitrago Rivera;PARTIDO CAMBIO RADICAL;9
GUACAMAYAS;Partido Cambio Radical;PARTIDO CAMBIO RADICAL;9
GUACAMAYAS;Yury Neill Diaz Aranguren;MOVIMIENTO ALTERNATIVO INDIGENA Y SOCIAL MAIS;9
GUACAMAYAS;Eliana Maria Villate Fonseca;PARTIDO CONSERVADOR COLOMBIANO;8
GUACAMAYAS;Pedro Pablo Salas Hernandez;PARTIDO ALIANZA VERDE;8
GUACAMAYAS;Pablo Antonio Zambrano Salamanca;PARTIDO CONSERVADOR COLOMBIANO;7
GUACAMAYAS;Ricardo Alonso Rojas Sachica;PARTIDO ALIANZA VERDE;7
GUACAMAYAS;Hernando Arias Ochoa;PARTIDO ALIANZA SOCIAL INDEPENDIENTE ASI;6
GUACAMAYAS;Ivan Ricardo Pirachican Bernal;PARTIDO CONSERVADOR COLOMBIANO;6
GUACAMAYAS;Jose Wilmar Leal Abril;PARTIDO CAMBIO RADICAL;6
GUACAMAYAS;Roman Hernando Ortega Hernandez;PARTIDO ALIANZA VERDE;6
GUACAMAYAS;William Rodolfo Mesa Avella;PARTIDO CENTRO DEMOCRATICO;6
GUACAMAYAS;Fredy Julian Castro Rodriguez;PARTIDO CENTRO DEMOCRATICO;5
GUACAMAYAS;Ingrid Marlen Sogamoso Alfonso;PARTIDO CENTRO DEMOCRATICO;5
GUACAMAYAS;Jairo Enrique Cabana Fonseca;PARTIDO ALIANZA VERDE;5
GUACAMAYAS;Orlando Florez Cuervo;PARTIDO CENTRO DEMOCRATICO;5
GUACAMAYAS;Siervo Yesith Gonzalez Saavedra;PARTIDO CAMBIO RADICAL;5
GUACAMAYAS;Wilder Ivan Suesca Ochoa;PARTIDO CENTRO DEMOCRATICO;5
GUACAMAYAS;Jairo Pacheco Suarez;PARTIDO LIBERAL COLOMBIANO;4
GUACAMAYAS;Juan Camilo Morales Rodriguez;PARTIDO LIBERAL COLOMBIANO;4
GUACAMAYAS;Luisa Fernanda Rodriguez Alfonso;PARTIDO ALIANZA VERDE;4
GUACAMAYAS;Oscar Leonardo Montañez Sierra;PARTIDO CAMBIO RADICAL;4
GUACAMAYAS;Sandra Patricia Contreras Soto;PARTIDO LIBERAL COLOMBIANO;4
GUACAMAYAS;Alberto Enrique Murillo Sanchez;PARTIDO CAMBIO RADICAL;3
GUACAMAYAS;David Santiago Ochoa Garcia;PARTIDO SOCIAL DE UNIDAD NACIONAL  PARTIDO DE LA U;3
GUACAMAYAS;Estefany Johana Grajales Marin;MOVIMIENTO ALTERNATIVO INDIGENA Y SOCIAL MAIS;3
GUACAMAYAS;Helver Ariel Avila Panche;PARTIDO CENTRO DEMOCRATICO;3
GUACAMAYAS;Jorge Eduardo Diaz Avendaño;MOVIMIENTO ALTERNATIVO INDIGENA Y SOCIAL MAIS;3
GUACAMAYAS;Jose Armando Quiñones Garzon;PARTIDO CENTRO DEMOCRATICO;3
GUACAMAYAS;Jose Dario Mahecha Castillo;PARTIDO CONSERVADOR COLOMBIANO;3
GUACAMAYAS;Manuel Ricardo Mesa Trujillo;PARTIDO SOCIAL DE UNIDAD NACIONAL  PARTIDO DE LA U;3
GUACAMAYAS;Mauricio Cadena Valero;PARTIDO CENTRO DEMOCRATICO;3
GUACAMAYAS;Partido Liberal Colombiano;PARTIDO LIBERAL COLOMBIANO;3
GUACAMAYAS;Partido Social De Unidad Nacional  Partido De La U;PARTIDO SOCIAL DE UNIDAD NACIONAL  PARTIDO DE LA U;3
GUACAMAYAS;Yamir Oswaldo Lopez Peña;PARTIDO ALIANZA VERDE;3
GUACAMAYAS;Ana Lucia Parra Monroy;PARTIDO SOCIAL DE UNIDAD NACIONAL  PARTIDO DE LA U;2
GUACAMAYAS;Andres Mauricio Escarria Barraza;PARTIDO CAMBIO RADICAL;2
GUACAMAYAS;Concha Jael Vargas Saavedra;PARTIDO CONSERVADOR COLOMBIANO;2
GUACAMAYAS;Edwin Andres Rodriguez Rodriguez;PARTIDO LIBERAL COLOMBIANO;2
GUACAMAYAS;Elsa Marlen Manrique Pulgar;PARTIDO LIBERAL COLOMBIANO;2
GUACAMAYAS;Hugo Alveiro Rosas Romero;PARTIDO ALIANZA VERDE;2
GUACAMAYAS;Jose Agustin Arias Millan;PARTIDO CENTRO DEMOCRATICO;2
GUACAMAYAS;Merardo Vargas Roa;PARTIDO ALIANZA VERDE;2
GUACAMAYAS;Partido Alianza Social Independiente Asi;PARTIDO ALIANZA SOCIAL INDEPENDIENTE ASI;2
GUACAMAYAS;Sergio Cabra Sierra;PARTIDO SOCIAL DE UNIDAD NACIONAL  PARTIDO DE LA U;2
GUACAMAYAS;Willian David Pabon Jimenez;PARTIDO SOCIAL DE UNIDAD NACIONAL  PARTIDO DE LA U;2
GUACAMAYAS;Adriana Paola Laverde Rodriguez;MOVIMIENTO ALTERNATIVO INDIGENA Y SOCIAL MAIS;1
GUACAMAYAS;Alba Luz Becerra Becerra;PARTIDO ALIANZA SOCIAL INDEPENDIENTE ASI;1
GUACAMAYAS;Alfredo Horacio Correa Higuera;PARTIDO CAMBIO RADICAL;1
GUACAMAYAS;Alvaro Hernan Forero Hurtado;BOYACA DECENTE;1
GUACAMAYAS;Antonio Ernesto Leguizamo Diaz;PARTIDO LIBERAL COLOMBIANO;1
GUACAMAYAS;Aura Lucia Ortiz Cardona;PARTIDO CENTRO DEMOCRATICO;1
GUACAMAYAS;Claudia Patricia Barrera Patiño;PARTIDO SOCIAL DE UNIDAD NACIONAL  PARTIDO DE LA U;1
GUACAMAYAS;Claudia Yaneth Avila Castillo;PARTIDO SOCIAL DE UNIDAD NACIONAL  PARTIDO DE LA U;1
GUACAMAYAS;Ericka Leonor Amador Gamarra;PARTIDO SOCIAL DE UNIDAD NACIONAL  PARTIDO DE LA U;1
GUACAMAYAS;Erika Dayana Piragauta Rodriguez;PARTIDO LIBERAL COLOMBIANO;1
GUACAMAYAS;Giovanna Del Pilar Soto Barreto;PARTIDO CAMBIO RADICAL;1
GUACAMAYAS;Irma Yineth Velandia Sandoval;PARTIDO CAMBIO RADICAL;1
GUACAMAYAS;Jairo Correa Acevedo;MOVIMIENTO ALTERNATIVO INDIGENA Y SOCIAL MAIS;1
GUACAMAYAS;Jhon Fredy Garavito Cortes;PARTIDO SOCIAL DE UNIDAD NACIONAL  PARTIDO DE LA U;1
GUACAMAYAS;Jorge Enrique Camacho Rodriguez;PARTIDO ALIANZA SOCIAL INDEPENDIENTE ASI;1
GUACAMAYAS;Jose Antonio Estupiñan Caceres;PARTIDO CONSERVADOR COLOMBIANO;1
GUACAMAYAS;Kiliam Ernesto Gonzalez Forero;BOYACA DECENTE;1
GUACAMAYAS;Lizeth Paola Saade Fuentes;MOVIMIENTO ALTERNATIVO INDIGENA Y SOCIAL MAIS;1
GUACAMAYAS;Luis Carlos Bernal Mesa;PARTIDO SOCIAL DE UNIDAD NACIONAL  PARTIDO DE LA U;1
GUACAMAYAS;Luis Carlos Machado Zapata;PARTIDO LIBERAL COLOMBIANO;1
GUACAMAYAS;Nelsy Yolanda Rivera Ferrucho;BOYACA DECENTE;1
GUACAMAYAS;Olga Niño Rojas;PARTIDO CENTRO DEMOCRATICO;1
GUACAMAYAS;Omar Humberto Villamil Munevar;PARTIDO CONSERVADOR COLOMBIANO;1
GUACAMAYAS;Pedro Humberto Vargas Gomez;PARTIDO LIBERAL COLOMBIANO;1
GUACAMAYAS;Ricardo Andres Español Teatino;PARTIDO LIBERAL COLOMBIANO;1
GUACAMAYAS;Sandra Milena Ramirez Moreno;PARTIDO CAMBIO RADICAL;1
GUACAMAYAS;Segundo Fidel Salazar Gonzalez;PARTIDO SOCIAL DE UNIDAD NACIONAL  PARTIDO DE LA U;1
GUACAMAYAS;Sonia Esperanza Lopez Barrera;PARTIDO CONSERVADOR COLOMBIANO;1
GUACAMAYAS;Wilkins Fernando Chaparro Cuervo;PARTIDO ALIANZA SOCIAL INDEPENDIENTE ASI;1
GUATEQUE;Maira Adriana Zerda Gonzalez;PARTIDO ALIANZA VERDE;1014
GUATEQUE;Anderson Joaquin Sanchez Ruiz;PARTIDO LIBERAL COLOMBIANO;753
GUATEQUE;Ingrid Marlen Sogamoso Alfonso;PARTIDO CENTRO DEMOCRATICO;426
GUATEQUE;Fabian Camilo Rojas Barrera;PARTIDO LIBERAL COLOMBIANO;116
GUATEQUE;Jose Dario Mahecha Castillo;PARTIDO CONSERVADOR COLOMBIANO;107
GUATEQUE;Partido Liberal Colombiano;PARTIDO LIBERAL COLOMBIANO;98
GUATEQUE;Jose Wilmar Leal Abril;PARTIDO CAMBIO RADICAL;96
GUATEQUE;Alfredo Horacio Correa Higuera;PARTIDO CAMBIO RADICAL;84
GUATEQUE;Partido Alianza Verde;PARTIDO ALIANZA VERDE;83
GUATEQUE;Johan Francisco Herrera Gualdron;PARTIDO ALIANZA VERDE;82
GUATEQUE;Partido Cambio Radical;PARTIDO CAMBIO RADICAL;79
GUATEQUE;Yamir Oswaldo Lopez Peña;PARTIDO ALIANZA VERDE;69
GUATEQUE;Ivan Ricardo Pirachican Bernal;PARTIDO CONSERVADOR COLOMBIANO;67
GUATEQUE;Partido Colombia Justa Libres;PARTIDO COLOMBIA JUSTA LIBRES;65
GUATEQUE;Nelson Mauricio Rodriguez Perez;PARTIDO CONSERVADOR COLOMBIANO;57
GUATEQUE;Angela Patricia Velandia Novoa;PARTIDO ALIANZA VERDE;48
GUATEQUE;Fernando Alexander Serrato Fonseca;PARTIDO LIBERAL COLOMBIANO;46
GUATEQUE;Gustavo Eduardo Castañeda Niño;PARTIDO ALIANZA VERDE;43
GUATEQUE;Jose Armando Quiñones Garzon;PARTIDO CENTRO DEMOCRATICO;42
GUATEQUE;Oscar Leonardo Montañez Sierra;PARTIDO CAMBIO RADICAL;41
GUATEQUE;Jairo Pacheco Suarez;PARTIDO LIBERAL COLOMBIANO;35
GUATEQUE;Partido Centro Democratico;PARTIDO CENTRO DEMOCRATICO;35
GUATEQUE;Partido Social De Unidad Nacional  Partido De La U;PARTIDO SOCIAL DE UNIDAD NACIONAL  PARTIDO DE LA U;35
GUATEQUE;Partido Conservador Colombiano;PARTIDO CONSERVADOR COLOMBIANO;34
GUATEQUE;Ricardo Alonso Rojas Sachica;PARTIDO ALIANZA VERDE;31
GUATEQUE;Yury Neill Diaz Aranguren;MOVIMIENTO ALTERNATIVO INDIGENA Y SOCIAL MAIS;29
GUATEQUE;Carlos Ernesto Torres Aguirre;PARTIDO CONSERVADOR COLOMBIANO;28
GUATEQUE;Claudia Yaneth Avila Castillo;PARTIDO SOCIAL DE UNIDAD NACIONAL  PARTIDO DE LA U;28
GUATEQUE;Maria De Los Santos Salamanca Silva;PARTIDO ALIANZA VERDE;28
GUATEQUE;Concha Jael Vargas Saavedra;PARTIDO CONSERVADOR COLOMBIANO;23
GUATEQUE;Movimiento Alternativo Indigena Y Social Mais;MOVIMIENTO ALTERNATIVO INDIGENA Y SOCIAL MAIS;23
GUATEQUE;Pedro Pablo Salas Hernandez;PARTIDO ALIANZA VERDE;23
GUATEQUE;Wilton Fredy Castro Silva;PARTIDO ALIANZA VERDE;23
GUATEQUE;Roman Hernando Ortega Hernandez;PARTIDO ALIANZA VERDE;22
GUATEQUE;Jhonnatan Jairo Avellaneda Mesa;MOVIMIENTO ALTERNATIVO INDIGENA Y SOCIAL MAIS;20
GUATEQUE;Juan Camilo Morales Rodriguez;PARTIDO LIBERAL COLOMBIANO;20
GUATEQUE;Siervo Yesith Gonzalez Saavedra;PARTIDO CAMBIO RADICAL;20
GUATEQUE;Willian David Pabon Jimenez;PARTIDO SOCIAL DE UNIDAD NACIONAL  PARTIDO DE LA U;20
GUATEQUE;Luis Carlos Machado Zapata;PARTIDO LIBERAL COLOMBIANO;18
GUATEQUE;Giovanna Del Pilar Soto Barreto;PARTIDO CAMBIO RADICAL;17
GUATEQUE;Helver Ariel Avila Panche;PARTIDO CENTRO DEMOCRATICO;17
GUATEQUE;Mauricio Cadena Valero;PARTIDO CENTRO DEMOCRATICO;17
GUATEQUE;Orlando Florez Cuervo;PARTIDO CENTRO DEMOCRATICO;16
GUATEQUE;Partido Alianza Social Independiente Asi;PARTIDO ALIANZA SOCIAL INDEPENDIENTE ASI;16
GUATEQUE;Alberto Enrique Murillo Sanchez;PARTIDO CAMBIO RADICAL;15
GUATEQUE;Hugo Alveiro Rosas Romero;PARTIDO ALIANZA VERDE;15
GUATEQUE;Jairo Enrique Cabana Fonseca;PARTIDO ALIANZA VERDE;15
GUATEQUE;Luis Carlos Ochoa Pasachoa;PARTIDO ALIANZA VERDE;15
GUATEQUE;Jose Mauricio Buitrago Rivera;PARTIDO CAMBIO RADICAL;14
GUATEQUE;Mariev Bejarano Ospina;BOYACA DECENTE;13
GUATEQUE;Eliana Hasleidy Gamez Pinilla;PARTIDO CAMBIO RADICAL;12
GUATEQUE;Estefany Johana Grajales Marin;MOVIMIENTO ALTERNATIVO INDIGENA Y SOCIAL MAIS;12
GUATEQUE;Irma Yineth Velandia Sandoval;PARTIDO CAMBIO RADICAL;12
GUATEQUE;Merardo Vargas Roa;PARTIDO ALIANZA VERDE;12
GUATEQUE;Jose Antonio Estupiñan Caceres;PARTIDO CONSERVADOR COLOMBIANO;11
GUATEQUE;Sandra Milena Ramirez Moreno;PARTIDO CAMBIO RADICAL;11
GUATEQUE;Sandra Patricia Ricaurte Espinel;PARTIDO CAMBIO RADICAL;11
GUATEQUE;Sergio Cabra Sierra;PARTIDO SOCIAL DE UNIDAD NACIONAL  PARTIDO DE LA U;11
GUATEQUE;William Rodolfo Mesa Avella;PARTIDO CENTRO DEMOCRATICO;11
GUATEQUE;Antonio Ernesto Leguizamo Diaz;PARTIDO LIBERAL COLOMBIANO;10
GUATEQUE;Pedro Humberto Vargas Gomez;PARTIDO LIBERAL COLOMBIANO;10
GUATEQUE;Ricardo Andres Español Teatino;PARTIDO LIBERAL COLOMBIANO;10
GUATEQUE;Fernando Augusto Diaz Saenz;PARTIDO CONSERVADOR COLOMBIANO;9
GUATEQUE;Jorge Eduardo Diaz Avendaño;MOVIMIENTO ALTERNATIVO INDIGENA Y SOCIAL MAIS;9
GUATEQUE;Hector Josue Camacho Acosta;PARTIDO CENTRO DEMOCRATICO;8
GUATEQUE;Hernando Arias Ochoa;PARTIDO ALIANZA SOCIAL INDEPENDIENTE ASI;8
GUATEQUE;Luz Dary Sevillano Guerrero;PARTIDO ALIANZA VERDE;8
GUATEQUE;Adriana Paola Laverde Rodriguez;MOVIMIENTO ALTERNATIVO INDIGENA Y SOCIAL MAIS;7
GUATEQUE;Boyaca Decente;BOYACA DECENTE;7
GUATEQUE;Elsa Marlen Manrique Pulgar;PARTIDO LIBERAL COLOMBIANO;7
GUATEQUE;Jhon Fredy Garavito Cortes;PARTIDO SOCIAL DE UNIDAD NACIONAL  PARTIDO DE LA U;7
GUATEQUE;Martha Ines Zipa Martinez;PARTIDO CAMBIO RADICAL;7
GUATEQUE;Omar Fernando Valderrama Baez;PARTIDO CENTRO DEMOCRATICO;7
GUATEQUE;Segundo Fidel Salazar Gonzalez;PARTIDO SOCIAL DE UNIDAD NACIONAL  PARTIDO DE LA U;7
GUATEQUE;Sonia Esperanza Lopez Barrera;PARTIDO CONSERVADOR COLOMBIANO;7
GUATEQUE;Fredy Leonardo Rojas Vargas;PARTIDO CENTRO DEMOCRATICO;6
GUATEQUE;Jaime Andres Gomez Gomez;PARTIDO CONSERVADOR COLOMBIANO;6
GUATEQUE;Jairo Correa Acevedo;MOVIMIENTO ALTERNATIVO INDIGENA Y SOCIAL MAIS;6
GUATEQUE;Jorge Marin Jerez Amado;PARTIDO LIBERAL COLOMBIANO;6
GUATEQUE;Jose Leonidas Medina Cruz;PARTIDO SOCIAL DE UNIDAD NACIONAL  PARTIDO DE LA U;6
GUATEQUE;Luisa Fernanda Rodriguez Alfonso;PARTIDO ALIANZA VERDE;6
GUATEQUE;Nereo Baron Tellez;MOVIMIENTO ALTERNATIVO INDIGENA Y SOCIAL MAIS;6
GUATEQUE;Sandra Patricia Contreras Soto;PARTIDO LIBERAL COLOMBIANO;6
GUATEQUE;Ana Adela Pulido Cuadros;PARTIDO CONSERVADOR COLOMBIANO;5
GUATEQUE;Andres Mauricio Escarria Barraza;PARTIDO CAMBIO RADICAL;5
GUATEQUE;Armando Buitrago Acevedo;PARTIDO ALIANZA SOCIAL INDEPENDIENTE ASI;5
GUATEQUE;Fredy Julian Castro Rodriguez;PARTIDO CENTRO DEMOCRATICO;5
GUATEQUE;Alvaro Hernan Forero Hurtado;BOYACA DECENTE;4
GUATEQUE;Andrea Carolina Camargo Caro;MOVIMIENTO ALTERNATIVO INDIGENA Y SOCIAL MAIS;4
GUATEQUE;David Santiago Ochoa Garcia;PARTIDO SOCIAL DE UNIDAD NACIONAL  PARTIDO DE LA U;4
GUATEQUE;Eliana Maria Villate Fonseca;PARTIDO CONSERVADOR COLOMBIANO;4
GUATEQUE;Erika Dayana Piragauta Rodriguez;PARTIDO LIBERAL COLOMBIANO;4
GUATEQUE;Flor Elba Velandia Cely;PARTIDO ALIANZA SOCIAL INDEPENDIENTE ASI;4
GUATEQUE;Jorge Enrique Camacho Rodriguez;PARTIDO ALIANZA SOCIAL INDEPENDIENTE ASI;4
GUATEQUE;Jose Agustin Arias Millan;PARTIDO CENTRO DEMOCRATICO;4
GUATEQUE;Neddy Esther Sandoval Figueredo;PARTIDO LIBERAL COLOMBIANO;4
GUATEQUE;Olga Niño Rojas;PARTIDO CENTRO DEMOCRATICO;4
GUATEQUE;Carlos Julian Diaz Franco;PARTIDO ALIANZA SOCIAL INDEPENDIENTE ASI;3
GUATEQUE;Cesar Augusto Mojica Bedoya;PARTIDO SOCIAL DE UNIDAD NACIONAL  PARTIDO DE LA U;3
GUATEQUE;Edwin Andres Rodriguez Rodriguez;PARTIDO LIBERAL COLOMBIANO;3
GUATEQUE;Juddy Alexandra Jimenez Cuadros;PARTIDO SOCIAL DE UNIDAD NACIONAL  PARTIDO DE LA U;3
GUATEQUE;Julian Guillermo Camargo Amortegui;MOVIMIENTO ALTERNATIVO INDIGENA Y SOCIAL MAIS;3
GUATEQUE;Nelsy Yolanda Rivera Ferrucho;BOYACA DECENTE;3
GUATEQUE;Wilder Ivan Suesca Ochoa;PARTIDO CENTRO DEMOCRATICO;3
GUATEQUE;Carlos Alfredo Siza Blanco;PARTIDO CONSERVADOR COLOMBIANO;2
GUATEQUE;Claudia Patricia Barrera Patiño;PARTIDO SOCIAL DE UNIDAD NACIONAL  PARTIDO DE LA U;2
GUATEQUE;David Santiago Diaz Guio;PARTIDO SOCIAL DE UNIDAD NACIONAL  PARTIDO DE LA U;2
GUATEQUE;Julieth Rocio Montañez Niño;PARTIDO ALIANZA SOCIAL INDEPENDIENTE ASI;2
GUATEQUE;Lizeth Paola Saade Fuentes;MOVIMIENTO ALTERNATIVO INDIGENA Y SOCIAL MAIS;2
GUATEQUE;Manuel Ricardo Mesa Trujillo;PARTIDO SOCIAL DE UNIDAD NACIONAL  PARTIDO DE LA U;2
GUATEQUE;Pablo Antonio Zambrano Salamanca;PARTIDO CONSERVADOR COLOMBIANO;2
GUATEQUE;Uldarico Javier Ramirez Chilito;MOVIMIENTO ALTERNATIVO INDIGENA Y SOCIAL MAIS;2
GUATEQUE;Wilkins Fernando Chaparro Cuervo;PARTIDO ALIANZA SOCIAL INDEPENDIENTE ASI;2
GUATEQUE;Alba Luz Becerra Becerra;PARTIDO ALIANZA SOCIAL INDEPENDIENTE ASI;1
GUATEQUE;Ana Delia Avendaño Hernandez;PARTIDO LIBERAL COLOMBIANO;1
GUATEQUE;Ana Lucia Parra Monroy;PARTIDO SOCIAL DE UNIDAD NACIONAL  PARTIDO DE LA U;1
GUATEQUE;Angela Rocio Umaña Rojas;PARTIDO CONSERVADOR COLOMBIANO;1
GUATEQUE;Carlos Eduardo Vega Alvarez;BOYACA DECENTE;1
GUATEQUE;Daniel Fernando Mejia Lozano;PARTIDO ALIANZA SOCIAL INDEPENDIENTE ASI;1
GUATEQUE;David Alejandro Avila Cely;MOVIMIENTO ALTERNATIVO INDIGENA Y SOCIAL MAIS;1
GUATEQUE;Edwin Alfonso Perez Beltran;PARTIDO ALIANZA SOCIAL INDEPENDIENTE ASI;1
GUATEQUE;Ericka Leonor Amador Gamarra;PARTIDO SOCIAL DE UNIDAD NACIONAL  PARTIDO DE LA U;1
GUATEQUE;Fredy Enrique Segura Alonso;BOYACA DECENTE;1
GUATEQUE;John Fredy Lopez Mora;MOVIMIENTO ALTERNATIVO INDIGENA Y SOCIAL MAIS;1
GUATEQUE;Katherin Tatiana Calderon Acosta;PARTIDO CENTRO DEMOCRATICO;1
GUATEQUE;Kiliam Ernesto Gonzalez Forero;BOYACA DECENTE;1
GUATEQUE;Maria Francia Blanco Pedroza;BOYACA DECENTE;1
GUATEQUE;Victor Tulio Ramirez Gutierrez;BOYACA DECENTE;1
GUATEQUE;Yadith Milena Martinez Farfan;PARTIDO CENTRO DEMOCRATICO;1
GUAYATA;Ingrid Marlen Sogamoso Alfonso;PARTIDO CENTRO DEMOCRATICO;425
GUAYATA;Maira Adriana Zerda Gonzalez;PARTIDO ALIANZA VERDE;412
GUAYATA;Jose Dario Mahecha Castillo;PARTIDO CONSERVADOR COLOMBIANO;207
GUAYATA;Nelson Mauricio Rodriguez Perez;PARTIDO CONSERVADOR COLOMBIANO;185
GUAYATA;Yamir Oswaldo Lopez Peña;PARTIDO ALIANZA VERDE;151
GUAYATA;Ivan Ricardo Pirachican Bernal;PARTIDO CONSERVADOR COLOMBIANO;102
GUAYATA;Partido Alianza Verde;PARTIDO ALIANZA VERDE;89
GUAYATA;Partido Conservador Colombiano;PARTIDO CONSERVADOR COLOMBIANO;62
GUAYATA;Johan Francisco Herrera Gualdron;PARTIDO ALIANZA VERDE;54
GUAYATA;Anderson Joaquin Sanchez Ruiz;PARTIDO LIBERAL COLOMBIANO;50
GUAYATA;Partido Centro Democratico;PARTIDO CENTRO DEMOCRATICO;28
GUAYATA;Concha Jael Vargas Saavedra;PARTIDO CONSERVADOR COLOMBIANO;23
GUAYATA;Alfredo Horacio Correa Higuera;PARTIDO CAMBIO RADICAL;21
GUAYATA;Partido Social De Unidad Nacional  Partido De La U;PARTIDO SOCIAL DE UNIDAD NACIONAL  PARTIDO DE LA U;20
GUAYATA;Jose Armando Quiñones Garzon;PARTIDO CENTRO DEMOCRATICO;18
GUAYATA;Willian David Pabon Jimenez;PARTIDO SOCIAL DE UNIDAD NACIONAL  PARTIDO DE LA U;18
GUAYATA;Ricardo Alonso Rojas Sachica;PARTIDO ALIANZA VERDE;16
GUAYATA;Sergio Cabra Sierra;PARTIDO SOCIAL DE UNIDAD NACIONAL  PARTIDO DE LA U;16
GUAYATA;William Rodolfo Mesa Avella;PARTIDO CENTRO DEMOCRATICO;15
GUAYATA;Carlos Alfredo Siza Blanco;PARTIDO CONSERVADOR COLOMBIANO;14
GUAYATA;Fabian Camilo Rojas Barrera;PARTIDO LIBERAL COLOMBIANO;14
GUAYATA;Partido Liberal Colombiano;PARTIDO LIBERAL COLOMBIANO;14
GUAYATA;Roman Hernando Ortega Hernandez;PARTIDO ALIANZA VERDE;14
GUAYATA;Ana Adela Pulido Cuadros;PARTIDO CONSERVADOR COLOMBIANO;13
GUAYATA;Jairo Pacheco Suarez;PARTIDO LIBERAL COLOMBIANO;13
GUAYATA;Segundo Fidel Salazar Gonzalez;PARTIDO SOCIAL DE UNIDAD NACIONAL  PARTIDO DE LA U;12
GUAYATA;Wilton Fredy Castro Silva;PARTIDO ALIANZA VERDE;12
GUAYATA;Pedro Pablo Salas Hernandez;PARTIDO ALIANZA VERDE;11
GUAYATA;Sandra Milena Ramirez Moreno;PARTIDO CAMBIO RADICAL;10
GUAYATA;Sonia Esperanza Lopez Barrera;PARTIDO CONSERVADOR COLOMBIANO;10
GUAYATA;Hugo Alveiro Rosas Romero;PARTIDO ALIANZA VERDE;9
GUAYATA;Jaime Andres Gomez Gomez;PARTIDO CONSERVADOR COLOMBIANO;9
GUAYATA;Antonio Ernesto Leguizamo Diaz;PARTIDO LIBERAL COLOMBIANO;8
GUAYATA;Jose Leonidas Medina Cruz;PARTIDO SOCIAL DE UNIDAD NACIONAL  PARTIDO DE LA U;8
GUAYATA;Luz Dary Sevillano Guerrero;PARTIDO ALIANZA VERDE;8
GUAYATA;Angela Patricia Velandia Novoa;PARTIDO ALIANZA VERDE;7
GUAYATA;Jairo Enrique Cabana Fonseca;PARTIDO ALIANZA VERDE;7
GUAYATA;Luis Carlos Ochoa Pasachoa;PARTIDO ALIANZA VERDE;7
GUAYATA;Partido Cambio Radical;PARTIDO CAMBIO RADICAL;7
GUAYATA;Gustavo Eduardo Castañeda Niño;PARTIDO ALIANZA VERDE;6
GUAYATA;Hector Josue Camacho Acosta;PARTIDO CENTRO DEMOCRATICO;6
GUAYATA;Jhon Fredy Garavito Cortes;PARTIDO SOCIAL DE UNIDAD NACIONAL  PARTIDO DE LA U;6
GUAYATA;Juan Camilo Morales Rodriguez;PARTIDO LIBERAL COLOMBIANO;6
GUAYATA;Maria De Los Santos Salamanca Silva;PARTIDO ALIANZA VERDE;6
GUAYATA;Oscar Leonardo Montañez Sierra;PARTIDO CAMBIO RADICAL;6
GUAYATA;Partido Colombia Justa Libres;PARTIDO COLOMBIA JUSTA LIBRES;6
GUAYATA;Yury Neill Diaz Aranguren;MOVIMIENTO ALTERNATIVO INDIGENA Y SOCIAL MAIS;6
GUAYATA;David Santiago Ochoa Garcia;PARTIDO SOCIAL DE UNIDAD NACIONAL  PARTIDO DE LA U;5
GUAYATA;Giovanna Del Pilar Soto Barreto;PARTIDO CAMBIO RADICAL;5
GUAYATA;Mauricio Cadena Valero;PARTIDO CENTRO DEMOCRATICO;5
GUAYATA;Movimiento Alternativo Indigena Y Social Mais;MOVIMIENTO ALTERNATIVO INDIGENA Y SOCIAL MAIS;5
GUAYATA;Omar Fernando Valderrama Baez;PARTIDO CENTRO DEMOCRATICO;5
GUAYATA;Cesar Augusto Mojica Bedoya;PARTIDO SOCIAL DE UNIDAD NACIONAL  PARTIDO DE LA U;4
GUAYATA;David Alejandro Avila Cely;MOVIMIENTO ALTERNATIVO INDIGENA Y SOCIAL MAIS;4
GUAYATA;Fernando Augusto Diaz Saenz;PARTIDO CONSERVADOR COLOMBIANO;4
GUAYATA;Helver Ariel Avila Panche;PARTIDO CENTRO DEMOCRATICO;4
GUAYATA;Luis Carlos Machado Zapata;PARTIDO LIBERAL COLOMBIANO;4
GUAYATA;Pablo Antonio Zambrano Salamanca;PARTIDO CONSERVADOR COLOMBIANO;4
GUAYATA;Partido Alianza Social Independiente Asi;PARTIDO ALIANZA SOCIAL INDEPENDIENTE ASI;4
GUAYATA;Angela Rocio Umaña Rojas;PARTIDO CONSERVADOR COLOMBIANO;3
GUAYATA;Fernando Alexander Serrato Fonseca;PARTIDO LIBERAL COLOMBIANO;3
GUAYATA;Fredy Julian Castro Rodriguez;PARTIDO CENTRO DEMOCRATICO;3
GUAYATA;Fredy Leonardo Rojas Vargas;PARTIDO CENTRO DEMOCRATICO;3
GUAYATA;John Fredy Lopez Mora;MOVIMIENTO ALTERNATIVO INDIGENA Y SOCIAL MAIS;3
GUAYATA;Jose Antonio Estupiñan Caceres;PARTIDO CONSERVADOR COLOMBIANO;3
GUAYATA;Katherin Tatiana Calderon Acosta;PARTIDO CENTRO DEMOCRATICO;3
GUAYATA;Luis Carlos Bernal Mesa;PARTIDO SOCIAL DE UNIDAD NACIONAL  PARTIDO DE LA U;3
GUAYATA;Mariev Bejarano Ospina;BOYACA DECENTE;3
GUAYATA;Merardo Vargas Roa;PARTIDO ALIANZA VERDE;3
GUAYATA;Nereo Baron Tellez;MOVIMIENTO ALTERNATIVO INDIGENA Y SOCIAL MAIS;3
GUAYATA;Norman De Jesus Quintero Gallego;PARTIDO CONSERVADOR COLOMBIANO;3
GUAYATA;Olga Niño Rojas;PARTIDO CENTRO DEMOCRATICO;3
GUAYATA;Omar Humberto Villamil Munevar;PARTIDO CONSERVADOR COLOMBIANO;3
GUAYATA;Pedro Humberto Vargas Gomez;PARTIDO LIBERAL COLOMBIANO;3
GUAYATA;Siervo Yesith Gonzalez Saavedra;PARTIDO CAMBIO RADICAL;3
GUAYATA;Wilder Ivan Suesca Ochoa;PARTIDO CENTRO DEMOCRATICO;3
GUAYATA;Wilkins Fernando Chaparro Cuervo;PARTIDO ALIANZA SOCIAL INDEPENDIENTE ASI;3
GUAYATA;Andrea Carolina Camargo Caro;MOVIMIENTO ALTERNATIVO INDIGENA Y SOCIAL MAIS;2
GUAYATA;Carlos Ernesto Torres Aguirre;PARTIDO CONSERVADOR COLOMBIANO;2
GUAYATA;Claudia Yaneth Avila Castillo;PARTIDO SOCIAL DE UNIDAD NACIONAL  PARTIDO DE LA U;2
GUAYATA;Jhonnatan Jairo Avellaneda Mesa;MOVIMIENTO ALTERNATIVO INDIGENA Y SOCIAL MAIS;2
GUAYATA;Jose Mauricio Buitrago Rivera;PARTIDO CAMBIO RADICAL;2
GUAYATA;Kiliam Ernesto Gonzalez Forero;BOYACA DECENTE;2
GUAYATA;Martha Ines Zipa Martinez;PARTIDO CAMBIO RADICAL;2
GUAYATA;Neddy Esther Sandoval Figueredo;PARTIDO LIBERAL COLOMBIANO;2
GUAYATA;Orlando Florez Cuervo;PARTIDO CENTRO DEMOCRATICO;2
GUAYATA;Sandra Patricia Contreras Soto;PARTIDO LIBERAL COLOMBIANO;2
GUAYATA;Yadith Milena Martinez Farfan;PARTIDO CENTRO DEMOCRATICO;2
GUAYATA;Alberto Enrique Murillo Sanchez;PARTIDO CAMBIO RADICAL;1
GUAYATA;Alvaro Hernan Forero Hurtado;BOYACA DECENTE;1
GUAYATA;Ana Lucia Parra Monroy;PARTIDO SOCIAL DE UNIDAD NACIONAL  PARTIDO DE LA U;1
GUAYATA;Andres Mauricio Escarria Barraza;PARTIDO CAMBIO RADICAL;1
GUAYATA;Carlos Julian Diaz Franco;PARTIDO ALIANZA SOCIAL INDEPENDIENTE ASI;1
GUAYATA;David Santiago Diaz Guio;PARTIDO SOCIAL DE UNIDAD NACIONAL  PARTIDO DE LA U;1
GUAYATA;Edwin Andres Rodriguez Rodriguez;PARTIDO LIBERAL COLOMBIANO;1
GUAYATA;Eliana Hasleidy Gamez Pinilla;PARTIDO CAMBIO RADICAL;1
GUAYATA;Eliana Maria Villate Fonseca;PARTIDO CONSERVADOR COLOMBIANO;1
GUAYATA;Elsa Marlen Manrique Pulgar;PARTIDO LIBERAL COLOMBIANO;1
GUAYATA;Estefany Johana Grajales Marin;MOVIMIENTO ALTERNATIVO INDIGENA Y SOCIAL MAIS;1
GUAYATA;Hernando Arias Ochoa;PARTIDO ALIANZA SOCIAL INDEPENDIENTE ASI;1
GUAYATA;Irma Yineth Velandia Sandoval;PARTIDO CAMBIO RADICAL;1
GUAYATA;Jairo Correa Acevedo;MOVIMIENTO ALTERNATIVO INDIGENA Y SOCIAL MAIS;1
GUAYATA;Jorge Enrique Camacho Rodriguez;PARTIDO ALIANZA SOCIAL INDEPENDIENTE ASI;1
GUAYATA;Jorge Ignacio Lopez Barrera;BOYACA DECENTE;1
GUAYATA;Juddy Alexandra Jimenez Cuadros;PARTIDO SOCIAL DE UNIDAD NACIONAL  PARTIDO DE LA U;1
GUAYATA;Julieth Rocio Montañez Niño;PARTIDO ALIANZA SOCIAL INDEPENDIENTE ASI;1
GUAYATA;Manuel Ricardo Mesa Trujillo;PARTIDO SOCIAL DE UNIDAD NACIONAL  PARTIDO DE LA U;1
GUAYATA;Ricardo Andres Español Teatino;PARTIDO LIBERAL COLOMBIANO;1
GUAYATA;Uldarico Javier Ramirez Chilito;MOVIMIENTO ALTERNATIVO INDIGENA Y SOCIAL MAIS;1
GUAYATA;Victor Tulio Ramirez Gutierrez;BOYACA DECENTE;1
GUAYATA;Ana Delia Avendaño Hernandez;PARTIDO LIBERAL COLOMBIANO;0
GUICAN;Johan Francisco Herrera Gualdron;PARTIDO ALIANZA VERDE;259
GUICAN;Omar Fernando Valderrama Baez;PARTIDO CENTRO DEMOCRATICO;184
GUICAN;Angela Patricia Velandia Novoa;PARTIDO ALIANZA VERDE;117
GUICAN;Hector Josue Camacho Acosta;PARTIDO CENTRO DEMOCRATICO;105
GUICAN;Fernando Augusto Diaz Saenz;PARTIDO CONSERVADOR COLOMBIANO;88
GUICAN;Nelson Mauricio Rodriguez Perez;PARTIDO CONSERVADOR COLOMBIANO;79
GUICAN;Jairo Correa Acevedo;MOVIMIENTO ALTERNATIVO INDIGENA Y SOCIAL MAIS;51
GUICAN;Fabian Camilo Rojas Barrera;PARTIDO LIBERAL COLOMBIANO;48
GUICAN;Partido Alianza Verde;PARTIDO ALIANZA VERDE;47
GUICAN;Pedro Pablo Salas Hernandez;PARTIDO ALIANZA VERDE;44
GUICAN;Yamir Oswaldo Lopez Peña;PARTIDO ALIANZA VERDE;33
GUICAN;Partido Colombia Justa Libres;PARTIDO COLOMBIA JUSTA LIBRES;27
GUICAN;Partido Centro Democratico;PARTIDO CENTRO DEMOCRATICO;25
GUICAN;Orlando Florez Cuervo;PARTIDO CENTRO DEMOCRATICO;24
GUICAN;Partido Conservador Colombiano;PARTIDO CONSERVADOR COLOMBIANO;20
GUICAN;Hugo Alveiro Rosas Romero;PARTIDO ALIANZA VERDE;19
GUICAN;Ivan Ricardo Pirachican Bernal;PARTIDO CONSERVADOR COLOMBIANO;18
GUICAN;Jose Armando Quiñones Garzon;PARTIDO CENTRO DEMOCRATICO;18
GUICAN;Jairo Enrique Cabana Fonseca;PARTIDO ALIANZA VERDE;17
GUICAN;Movimiento Alternativo Indigena Y Social Mais;MOVIMIENTO ALTERNATIVO INDIGENA Y SOCIAL MAIS;17
GUICAN;William Rodolfo Mesa Avella;PARTIDO CENTRO DEMOCRATICO;15
GUICAN;Jaime Andres Gomez Gomez;PARTIDO CONSERVADOR COLOMBIANO;13
GUICAN;Gustavo Eduardo Castañeda Niño;PARTIDO ALIANZA VERDE;12
GUICAN;Luisa Fernanda Rodriguez Alfonso;PARTIDO ALIANZA VERDE;11
GUICAN;Merardo Vargas Roa;PARTIDO ALIANZA VERDE;9
GUICAN;Pablo Antonio Zambrano Salamanca;PARTIDO CONSERVADOR COLOMBIANO;9
GUICAN;Wilder Ivan Suesca Ochoa;PARTIDO CENTRO DEMOCRATICO;9
GUICAN;Ingrid Marlen Sogamoso Alfonso;PARTIDO CENTRO DEMOCRATICO;8
GUICAN;Juan Camilo Morales Rodriguez;PARTIDO LIBERAL COLOMBIANO;8
GUICAN;Ricardo Alonso Rojas Sachica;PARTIDO ALIANZA VERDE;8
GUICAN;Segundo Fidel Salazar Gonzalez;PARTIDO SOCIAL DE UNIDAD NACIONAL  PARTIDO DE LA U;8
GUICAN;Luis Carlos Bernal Mesa;PARTIDO SOCIAL DE UNIDAD NACIONAL  PARTIDO DE LA U;7
GUICAN;Mauricio Cadena Valero;PARTIDO CENTRO DEMOCRATICO;7
GUICAN;Partido Social De Unidad Nacional  Partido De La U;PARTIDO SOCIAL DE UNIDAD NACIONAL  PARTIDO DE LA U;7
GUICAN;Sonia Esperanza Lopez Barrera;PARTIDO CONSERVADOR COLOMBIANO;7
GUICAN;Alfredo Horacio Correa Higuera;PARTIDO CAMBIO RADICAL;6
GUICAN;Antonio Ernesto Leguizamo Diaz;PARTIDO LIBERAL COLOMBIANO;6
GUICAN;Aura Lucia Ortiz Cardona;PARTIDO CENTRO DEMOCRATICO;6
GUICAN;Jairo Pacheco Suarez;PARTIDO LIBERAL COLOMBIANO;6
GUICAN;Jose Agustin Arias Millan;PARTIDO CENTRO DEMOCRATICO;6
GUICAN;Luis Carlos Ochoa Pasachoa;PARTIDO ALIANZA VERDE;6
GUICAN;Luz Dary Sevillano Guerrero;PARTIDO ALIANZA VERDE;6
GUICAN;Partido Cambio Radical;PARTIDO CAMBIO RADICAL;6
GUICAN;Roman Hernando Ortega Hernandez;PARTIDO ALIANZA VERDE;6
GUICAN;Alberto Enrique Murillo Sanchez;PARTIDO CAMBIO RADICAL;5
GUICAN;Ana Adela Pulido Cuadros;PARTIDO CONSERVADOR COLOMBIANO;5
GUICAN;Carlos Alfredo Siza Blanco;PARTIDO CONSERVADOR COLOMBIANO;5
GUICAN;Concha Jael Vargas Saavedra;PARTIDO CONSERVADOR COLOMBIANO;5
GUICAN;Fredy Julian Castro Rodriguez;PARTIDO CENTRO DEMOCRATICO;5
GUICAN;Jorge Enrique Camacho Rodriguez;PARTIDO ALIANZA SOCIAL INDEPENDIENTE ASI;5
GUICAN;Nereo Baron Tellez;MOVIMIENTO ALTERNATIVO INDIGENA Y SOCIAL MAIS;5
GUICAN;Oscar Leonardo Montañez Sierra;PARTIDO CAMBIO RADICAL;5
GUICAN;Siervo Yesith Gonzalez Saavedra;PARTIDO CAMBIO RADICAL;5
GUICAN;Uldarico Javier Ramirez Chilito;MOVIMIENTO ALTERNATIVO INDIGENA Y SOCIAL MAIS;5
GUICAN;Willian David Pabon Jimenez;PARTIDO SOCIAL DE UNIDAD NACIONAL  PARTIDO DE LA U;5
GUICAN;Irma Yineth Velandia Sandoval;PARTIDO CAMBIO RADICAL;4
GUICAN;Jose Antonio Estupiñan Caceres;PARTIDO CONSERVADOR COLOMBIANO;4
GUICAN;Jose Dario Mahecha Castillo;PARTIDO CONSERVADOR COLOMBIANO;4
GUICAN;Olga Niño Rojas;PARTIDO CENTRO DEMOCRATICO;4
GUICAN;Partido Alianza Social Independiente Asi;PARTIDO ALIANZA SOCIAL INDEPENDIENTE ASI;4
GUICAN;Partido Liberal Colombiano;PARTIDO LIBERAL COLOMBIANO;4
GUICAN;Armando Buitrago Acevedo;PARTIDO ALIANZA SOCIAL INDEPENDIENTE ASI;3
GUICAN;Carlos Ernesto Torres Aguirre;PARTIDO CONSERVADOR COLOMBIANO;3
GUICAN;Cesar Augusto Mojica Bedoya;PARTIDO SOCIAL DE UNIDAD NACIONAL  PARTIDO DE LA U;3
GUICAN;David Santiago Ochoa Garcia;PARTIDO SOCIAL DE UNIDAD NACIONAL  PARTIDO DE LA U;3
GUICAN;Eliana Maria Villate Fonseca;PARTIDO CONSERVADOR COLOMBIANO;3
GUICAN;Fredy Leonardo Rojas Vargas;PARTIDO CENTRO DEMOCRATICO;3
GUICAN;Luis Carlos Machado Zapata;PARTIDO LIBERAL COLOMBIANO;3
GUICAN;Pedro Humberto Vargas Gomez;PARTIDO LIBERAL COLOMBIANO;3
GUICAN;Yury Neill Diaz Aranguren;MOVIMIENTO ALTERNATIVO INDIGENA Y SOCIAL MAIS;3
GUICAN;Adriana Paola Laverde Rodriguez;MOVIMIENTO ALTERNATIVO INDIGENA Y SOCIAL MAIS;2
GUICAN;Alvaro Hernan Forero Hurtado;BOYACA DECENTE;2
GUICAN;Andrea Carolina Camargo Caro;MOVIMIENTO ALTERNATIVO INDIGENA Y SOCIAL MAIS;2
GUICAN;Estefany Johana Grajales Marin;MOVIMIENTO ALTERNATIVO INDIGENA Y SOCIAL MAIS;2
GUICAN;Jorge Eduardo Diaz Avendaño;MOVIMIENTO ALTERNATIVO INDIGENA Y SOCIAL MAIS;2
GUICAN;Jose Mauricio Buitrago Rivera;PARTIDO CAMBIO RADICAL;2
GUICAN;Jose Wilmar Leal Abril;PARTIDO CAMBIO RADICAL;2
GUICAN;Lizeth Paola Saade Fuentes;MOVIMIENTO ALTERNATIVO INDIGENA Y SOCIAL MAIS;2
GUICAN;Maria De Los Santos Salamanca Silva;PARTIDO ALIANZA VERDE;2
GUICAN;Ricardo Andres Español Teatino;PARTIDO LIBERAL COLOMBIANO;2
GUICAN;Sergio Cabra Sierra;PARTIDO SOCIAL DE UNIDAD NACIONAL  PARTIDO DE LA U;2
GUICAN;Wilkins Fernando Chaparro Cuervo;PARTIDO ALIANZA SOCIAL INDEPENDIENTE ASI;2
GUICAN;Ana Lucia Parra Monroy;PARTIDO SOCIAL DE UNIDAD NACIONAL  PARTIDO DE LA U;1
GUICAN;Anderson Joaquin Sanchez Ruiz;PARTIDO LIBERAL COLOMBIANO;1
GUICAN;Andres Mauricio Escarria Barraza;PARTIDO CAMBIO RADICAL;1
GUICAN;Carlos Eduardo Vega Alvarez;BOYACA DECENTE;1
GUICAN;Carlos Julian Diaz Franco;PARTIDO ALIANZA SOCIAL INDEPENDIENTE ASI;1
GUICAN;Fernando Alexander Serrato Fonseca;PARTIDO LIBERAL COLOMBIANO;1
GUICAN;Giovanna Del Pilar Soto Barreto;PARTIDO CAMBIO RADICAL;1
GUICAN;Jhon Fredy Garavito Cortes;PARTIDO SOCIAL DE UNIDAD NACIONAL  PARTIDO DE LA U;1
GUICAN;Jhonnatan Jairo Avellaneda Mesa;MOVIMIENTO ALTERNATIVO INDIGENA Y SOCIAL MAIS;1
GUICAN;John Fredy Lopez Mora;MOVIMIENTO ALTERNATIVO INDIGENA Y SOCIAL MAIS;1
GUICAN;Katherin Tatiana Calderon Acosta;PARTIDO CENTRO DEMOCRATICO;1
GUICAN;Maira Adriana Zerda Gonzalez;PARTIDO ALIANZA VERDE;1
GUICAN;Manuel Ricardo Mesa Trujillo;PARTIDO SOCIAL DE UNIDAD NACIONAL  PARTIDO DE LA U;1
GUICAN;Mariev Bejarano Ospina;BOYACA DECENTE;1
GUICAN;Martha Ines Zipa Martinez;PARTIDO CAMBIO RADICAL;1
GUICAN;Neddy Esther Sandoval Figueredo;PARTIDO LIBERAL COLOMBIANO;1
GUICAN;Sandra Patricia Contreras Soto;PARTIDO LIBERAL COLOMBIANO;1
GUICAN;Vivian Catherin Alvarez;PARTIDO ALIANZA SOCIAL INDEPENDIENTE ASI;1
GUICAN;Wilton Fredy Castro Silva;PARTIDO ALIANZA VERDE;1
GUICAN;Yadith Milena Martinez Farfan;PARTIDO CENTRO DEMOCRATICO;1
IZA;Yury Neill Diaz Aranguren;MOVIMIENTO ALTERNATIVO INDIGENA Y SOCIAL MAIS;421
IZA;Carlos Ernesto Torres Aguirre;PARTIDO CONSERVADOR COLOMBIANO;79
IZA;Luis Carlos Ochoa Pasachoa;PARTIDO ALIANZA VERDE;57
IZA;Roman Hernando Ortega Hernandez;PARTIDO ALIANZA VERDE;56
IZA;Wilkins Fernando Chaparro Cuervo;PARTIDO ALIANZA SOCIAL INDEPENDIENTE ASI;49
IZA;Fernando Alexander Serrato Fonseca;PARTIDO LIBERAL COLOMBIANO;44
IZA;Partido Alianza Verde;PARTIDO ALIANZA VERDE;37
IZA;William Rodolfo Mesa Avella;PARTIDO CENTRO DEMOCRATICO;35
IZA;Hernando Arias Ochoa;PARTIDO ALIANZA SOCIAL INDEPENDIENTE ASI;33
IZA;Jorge Ignacio Lopez Barrera;BOYACA DECENTE;31
IZA;Yamir Oswaldo Lopez Peña;PARTIDO ALIANZA VERDE;31
IZA;Ivan Ricardo Pirachican Bernal;PARTIDO CONSERVADOR COLOMBIANO;28
IZA;Hector Josue Camacho Acosta;PARTIDO CENTRO DEMOCRATICO;27
IZA;Jose Armando Quiñones Garzon;PARTIDO CENTRO DEMOCRATICO;26
IZA;Luis Carlos Bernal Mesa;PARTIDO SOCIAL DE UNIDAD NACIONAL  PARTIDO DE LA U;20
IZA;Uldarico Javier Ramirez Chilito;MOVIMIENTO ALTERNATIVO INDIGENA Y SOCIAL MAIS;20
IZA;Eliana Maria Villate Fonseca;PARTIDO CONSERVADOR COLOMBIANO;19
IZA;Maria De Los Santos Salamanca Silva;PARTIDO ALIANZA VERDE;18
IZA;Jose Antonio Estupiñan Caceres;PARTIDO CONSERVADOR COLOMBIANO;15
IZA;Ricardo Andres Español Teatino;PARTIDO LIBERAL COLOMBIANO;15
IZA;Movimiento Alternativo Indigena Y Social Mais;MOVIMIENTO ALTERNATIVO INDIGENA Y SOCIAL MAIS;14
IZA;Hugo Alveiro Rosas Romero;PARTIDO ALIANZA VERDE;13
IZA;Juan Camilo Morales Rodriguez;PARTIDO LIBERAL COLOMBIANO;12
IZA;Antonio Ernesto Leguizamo Diaz;PARTIDO LIBERAL COLOMBIANO;11
IZA;Jairo Correa Acevedo;MOVIMIENTO ALTERNATIVO INDIGENA Y SOCIAL MAIS;11
IZA;Oscar Leonardo Montañez Sierra;PARTIDO CAMBIO RADICAL;11
IZA;Partido Centro Democratico;PARTIDO CENTRO DEMOCRATICO;11
IZA;Willian David Pabon Jimenez;PARTIDO SOCIAL DE UNIDAD NACIONAL  PARTIDO DE LA U;11
IZA;Partido Liberal Colombiano;PARTIDO LIBERAL COLOMBIANO;10
IZA;Ricardo Alonso Rojas Sachica;PARTIDO ALIANZA VERDE;10
IZA;Estefany Johana Grajales Marin;MOVIMIENTO ALTERNATIVO INDIGENA Y SOCIAL MAIS;9
IZA;Angela Patricia Velandia Novoa;PARTIDO ALIANZA VERDE;8
IZA;Jairo Enrique Cabana Fonseca;PARTIDO ALIANZA VERDE;8
IZA;Jose Dario Mahecha Castillo;PARTIDO CONSERVADOR COLOMBIANO;8
IZA;Partido Cambio Radical;PARTIDO CAMBIO RADICAL;8
IZA;Alvaro Hernan Forero Hurtado;BOYACA DECENTE;7
IZA;Cesar Augusto Mojica Bedoya;PARTIDO SOCIAL DE UNIDAD NACIONAL  PARTIDO DE LA U;7
IZA;Jairo Pacheco Suarez;PARTIDO LIBERAL COLOMBIANO;7
IZA;Jorge Eduardo Diaz Avendaño;MOVIMIENTO ALTERNATIVO INDIGENA Y SOCIAL MAIS;7
IZA;Nereo Baron Tellez;MOVIMIENTO ALTERNATIVO INDIGENA Y SOCIAL MAIS;7
IZA;Partido Colombia Justa Libres;PARTIDO COLOMBIA JUSTA LIBRES;7
IZA;Wilder Ivan Suesca Ochoa;PARTIDO CENTRO DEMOCRATICO;7
IZA;Alberto Enrique Murillo Sanchez;PARTIDO CAMBIO RADICAL;6
IZA;Edwin Alfonso Perez Beltran;PARTIDO ALIANZA SOCIAL INDEPENDIENTE ASI;6
IZA;Ingrid Marlen Sogamoso Alfonso;PARTIDO CENTRO DEMOCRATICO;6
IZA;Irma Yineth Velandia Sandoval;PARTIDO CAMBIO RADICAL;6
IZA;Jaime Andres Gomez Gomez;PARTIDO CONSERVADOR COLOMBIANO;6
IZA;Maira Adriana Zerda Gonzalez;PARTIDO ALIANZA VERDE;6
IZA;Nelson Mauricio Rodriguez Perez;PARTIDO CONSERVADOR COLOMBIANO;6
IZA;Omar Fernando Valderrama Baez;PARTIDO CENTRO DEMOCRATICO;6
IZA;Boyaca Decente;BOYACA DECENTE;5
IZA;Concha Jael Vargas Saavedra;PARTIDO CONSERVADOR COLOMBIANO;5
IZA;Fabian Camilo Rojas Barrera;PARTIDO LIBERAL COLOMBIANO;5
IZA;Fredy Leonardo Rojas Vargas;PARTIDO CENTRO DEMOCRATICO;5
IZA;Johan Francisco Herrera Gualdron;PARTIDO ALIANZA VERDE;5
IZA;Jose Wilmar Leal Abril;PARTIDO CAMBIO RADICAL;5
IZA;Mauricio Cadena Valero;PARTIDO CENTRO DEMOCRATICO;5
IZA;Partido Social De Unidad Nacional  Partido De La U;PARTIDO SOCIAL DE UNIDAD NACIONAL  PARTIDO DE LA U;5
IZA;Daniel Fernando Mejia Lozano;PARTIDO ALIANZA SOCIAL INDEPENDIENTE ASI;4
IZA;Julian Guillermo Camargo Amortegui;MOVIMIENTO ALTERNATIVO INDIGENA Y SOCIAL MAIS;4
IZA;Luisa Fernanda Rodriguez Alfonso;PARTIDO ALIANZA VERDE;4
IZA;Luz Dary Sevillano Guerrero;PARTIDO ALIANZA VERDE;4
IZA;Merardo Vargas Roa;PARTIDO ALIANZA VERDE;4
IZA;Alba Luz Becerra Becerra;PARTIDO ALIANZA SOCIAL INDEPENDIENTE ASI;3
IZA;Ana Lucia Parra Monroy;PARTIDO SOCIAL DE UNIDAD NACIONAL  PARTIDO DE LA U;3
IZA;Armando Buitrago Acevedo;PARTIDO ALIANZA SOCIAL INDEPENDIENTE ASI;3
IZA;Carlos Eduardo Vega Alvarez;BOYACA DECENTE;3
IZA;Gustavo Eduardo Castañeda Niño;PARTIDO ALIANZA VERDE;3
IZA;Lizeth Paola Saade Fuentes;MOVIMIENTO ALTERNATIVO INDIGENA Y SOCIAL MAIS;3
IZA;Partido Alianza Social Independiente Asi;PARTIDO ALIANZA SOCIAL INDEPENDIENTE ASI;3
IZA;Partido Conservador Colombiano;PARTIDO CONSERVADOR COLOMBIANO;3
IZA;Sandra Patricia Contreras Soto;PARTIDO LIBERAL COLOMBIANO;3
IZA;Sergio Cabra Sierra;PARTIDO SOCIAL DE UNIDAD NACIONAL  PARTIDO DE LA U;3
IZA;Siervo Yesith Gonzalez Saavedra;PARTIDO CAMBIO RADICAL;3
IZA;Wilton Fredy Castro Silva;PARTIDO ALIANZA VERDE;3
IZA;Ana Adela Pulido Cuadros;PARTIDO CONSERVADOR COLOMBIANO;2
IZA;Carlos Alfredo Siza Blanco;PARTIDO CONSERVADOR COLOMBIANO;2
IZA;Eliana Hasleidy Gamez Pinilla;PARTIDO CAMBIO RADICAL;2
IZA;Jhon Fredy Garavito Cortes;PARTIDO SOCIAL DE UNIDAD NACIONAL  PARTIDO DE LA U;2
IZA;Jorge Enrique Camacho Rodriguez;PARTIDO ALIANZA SOCIAL INDEPENDIENTE ASI;2
IZA;Jorge Marin Jerez Amado;PARTIDO LIBERAL COLOMBIANO;2
IZA;Martha Ines Zipa Martinez;PARTIDO CAMBIO RADICAL;2
IZA;Orlando Florez Cuervo;PARTIDO CENTRO DEMOCRATICO;2
IZA;Sandra Milena Ramirez Moreno;PARTIDO CAMBIO RADICAL;2
IZA;Yadith Milena Martinez Farfan;PARTIDO CENTRO DEMOCRATICO;2
IZA;Adriana Paola Laverde Rodriguez;MOVIMIENTO ALTERNATIVO INDIGENA Y SOCIAL MAIS;1
IZA;Alfredo Horacio Correa Higuera;PARTIDO CAMBIO RADICAL;1
IZA;Aura Lucia Ortiz Cardona;PARTIDO CENTRO DEMOCRATICO;1
IZA;Carlos Julian Diaz Franco;PARTIDO ALIANZA SOCIAL INDEPENDIENTE ASI;1
IZA;Carmen Liria Prieto Cortes;BOYACA DECENTE;1
IZA;Claudia Yaneth Avila Castillo;PARTIDO SOCIAL DE UNIDAD NACIONAL  PARTIDO DE LA U;1
IZA;David Santiago Ochoa Garcia;PARTIDO SOCIAL DE UNIDAD NACIONAL  PARTIDO DE LA U;1
IZA;Edwin Andres Rodriguez Rodriguez;PARTIDO LIBERAL COLOMBIANO;1
IZA;Elsa Marlen Manrique Pulgar;PARTIDO LIBERAL COLOMBIANO;1
IZA;Erika Dayana Piragauta Rodriguez;PARTIDO LIBERAL COLOMBIANO;1
IZA;Fernando Augusto Diaz Saenz;PARTIDO CONSERVADOR COLOMBIANO;1
IZA;Fredy Julian Castro Rodriguez;PARTIDO CENTRO DEMOCRATICO;1
IZA;Giovanna Del Pilar Soto Barreto;PARTIDO CAMBIO RADICAL;1
IZA;Helver Ariel Avila Panche;PARTIDO CENTRO DEMOCRATICO;1
IZA;Henry Goyeneche Hormaza;PARTIDO ALIANZA SOCIAL INDEPENDIENTE ASI;1
IZA;Jhonnatan Jairo Avellaneda Mesa;MOVIMIENTO ALTERNATIVO INDIGENA Y SOCIAL MAIS;1
IZA;Jose Agustin Arias Millan;PARTIDO CENTRO DEMOCRATICO;1
IZA;Jose Mauricio Buitrago Rivera;PARTIDO CAMBIO RADICAL;1
IZA;Laura Patricia Contreras Alvarez;PARTIDO ALIANZA SOCIAL INDEPENDIENTE ASI;1
IZA;Manuel Ricardo Mesa Trujillo;PARTIDO SOCIAL DE UNIDAD NACIONAL  PARTIDO DE LA U;1
IZA;Mariev Bejarano Ospina;BOYACA DECENTE;1
IZA;Olga Niño Rojas;PARTIDO CENTRO DEMOCRATICO;1
IZA;Pedro Humberto Vargas Gomez;PARTIDO LIBERAL COLOMBIANO;1
IZA;Pedro Pablo Salas Hernandez;PARTIDO ALIANZA VERDE;1
IZA;Sandra Patricia Ricaurte Espinel;PARTIDO CAMBIO RADICAL;1
IZA;Vivian Catherin Alvarez;PARTIDO ALIANZA SOCIAL INDEPENDIENTE ASI;1
JENESANO;Hugo Alveiro Rosas Romero;PARTIDO ALIANZA VERDE;1030
JENESANO;Jose Agustin Arias Millan;PARTIDO CENTRO DEMOCRATICO;609
JENESANO;Jairo Pacheco Suarez;PARTIDO LIBERAL COLOMBIANO;330
JENESANO;Mauricio Cadena Valero;PARTIDO CENTRO DEMOCRATICO;125
JENESANO;Martha Ines Zipa Martinez;PARTIDO CAMBIO RADICAL;84
JENESANO;Partido Liberal Colombiano;PARTIDO LIBERAL COLOMBIANO;81
JENESANO;Yamir Oswaldo Lopez Peña;PARTIDO ALIANZA VERDE;80
JENESANO;Anderson Joaquin Sanchez Ruiz;PARTIDO LIBERAL COLOMBIANO;69
JENESANO;Willian David Pabon Jimenez;PARTIDO SOCIAL DE UNIDAD NACIONAL  PARTIDO DE LA U;68
JENESANO;Partido Alianza Verde;PARTIDO ALIANZA VERDE;63
JENESANO;Fabian Camilo Rojas Barrera;PARTIDO LIBERAL COLOMBIANO;62
JENESANO;Juan Camilo Morales Rodriguez;PARTIDO LIBERAL COLOMBIANO;58
JENESANO;Fernando Alexander Serrato Fonseca;PARTIDO LIBERAL COLOMBIANO;45
JENESANO;Partido Centro Democratico;PARTIDO CENTRO DEMOCRATICO;39
JENESANO;Angela Patricia Velandia Novoa;PARTIDO ALIANZA VERDE;36
JENESANO;Partido Colombia Justa Libres;PARTIDO COLOMBIA JUSTA LIBRES;35
JENESANO;Neddy Esther Sandoval Figueredo;PARTIDO LIBERAL COLOMBIANO;33
JENESANO;Irma Yineth Velandia Sandoval;PARTIDO CAMBIO RADICAL;32
JENESANO;Ana Adela Pulido Cuadros;PARTIDO CONSERVADOR COLOMBIANO;30
JENESANO;Partido Cambio Radical;PARTIDO CAMBIO RADICAL;29
JENESANO;Maria De Los Santos Salamanca Silva;PARTIDO ALIANZA VERDE;25
JENESANO;Partido Social De Unidad Nacional  Partido De La U;PARTIDO SOCIAL DE UNIDAD NACIONAL  PARTIDO DE LA U;25
JENESANO;Erika Dayana Piragauta Rodriguez;PARTIDO LIBERAL COLOMBIANO;21
JENESANO;Jhonnatan Jairo Avellaneda Mesa;MOVIMIENTO ALTERNATIVO INDIGENA Y SOCIAL MAIS;20
JENESANO;Merardo Vargas Roa;PARTIDO ALIANZA VERDE;20
JENESANO;Pedro Pablo Salas Hernandez;PARTIDO ALIANZA VERDE;20
JENESANO;Luis Carlos Ochoa Pasachoa;PARTIDO ALIANZA VERDE;18
JENESANO;Gustavo Eduardo Castañeda Niño;PARTIDO ALIANZA VERDE;17
JENESANO;Ericka Leonor Amador Gamarra;PARTIDO SOCIAL DE UNIDAD NACIONAL  PARTIDO DE LA U;15
JENESANO;Jose Wilmar Leal Abril;PARTIDO CAMBIO RADICAL;15
JENESANO;Luis Carlos Machado Zapata;PARTIDO LIBERAL COLOMBIANO;15
JENESANO;William Rodolfo Mesa Avella;PARTIDO CENTRO DEMOCRATICO;15
JENESANO;Jose Armando Quiñones Garzon;PARTIDO CENTRO DEMOCRATICO;14
JENESANO;Nelson Mauricio Rodriguez Perez;PARTIDO CONSERVADOR COLOMBIANO;14
JENESANO;Oscar Leonardo Montañez Sierra;PARTIDO CAMBIO RADICAL;14
JENESANO;Jorge Marin Jerez Amado;PARTIDO LIBERAL COLOMBIANO;13
JENESANO;Alfredo Horacio Correa Higuera;PARTIDO CAMBIO RADICAL;12
JENESANO;Johan Francisco Herrera Gualdron;PARTIDO ALIANZA VERDE;12
JENESANO;Ricardo Alonso Rojas Sachica;PARTIDO ALIANZA VERDE;12
JENESANO;Alberto Enrique Murillo Sanchez;PARTIDO CAMBIO RADICAL;11
JENESANO;Andres Mauricio Escarria Barraza;PARTIDO CAMBIO RADICAL;11
JENESANO;Edwin Alfonso Perez Beltran;PARTIDO ALIANZA SOCIAL INDEPENDIENTE ASI;11
JENESANO;Giovanna Del Pilar Soto Barreto;PARTIDO CAMBIO RADICAL;11
JENESANO;Helver Ariel Avila Panche;PARTIDO CENTRO DEMOCRATICO;11
JENESANO;Jose Antonio Estupiñan Caceres;PARTIDO CONSERVADOR COLOMBIANO;11
JENESANO;Luisa Fernanda Rodriguez Alfonso;PARTIDO ALIANZA VERDE;11
JENESANO;Jairo Enrique Cabana Fonseca;PARTIDO ALIANZA VERDE;10
JENESANO;Movimiento Alternativo Indigena Y Social Mais;MOVIMIENTO ALTERNATIVO INDIGENA Y SOCIAL MAIS;10
JENESANO;Wilder Ivan Suesca Ochoa;PARTIDO CENTRO DEMOCRATICO;10
JENESANO;Antonio Ernesto Leguizamo Diaz;PARTIDO LIBERAL COLOMBIANO;9
JENESANO;Claudia Patricia Barrera Patiño;PARTIDO SOCIAL DE UNIDAD NACIONAL  PARTIDO DE LA U;9
JENESANO;Elsa Marlen Manrique Pulgar;PARTIDO LIBERAL COLOMBIANO;9
JENESANO;Yadith Milena Martinez Farfan;PARTIDO CENTRO DEMOCRATICO;9
JENESANO;Ivan Ricardo Pirachican Bernal;PARTIDO CONSERVADOR COLOMBIANO;8
JENESANO;Jorge Ignacio Lopez Barrera;BOYACA DECENTE;8
JENESANO;Julian Guillermo Camargo Amortegui;MOVIMIENTO ALTERNATIVO INDIGENA Y SOCIAL MAIS;8
JENESANO;Sandra Patricia Contreras Soto;PARTIDO LIBERAL COLOMBIANO;8
JENESANO;Yury Neill Diaz Aranguren;MOVIMIENTO ALTERNATIVO INDIGENA Y SOCIAL MAIS;8
JENESANO;David Santiago Diaz Guio;PARTIDO SOCIAL DE UNIDAD NACIONAL  PARTIDO DE LA U;7
JENESANO;Hernando Arias Ochoa;PARTIDO ALIANZA SOCIAL INDEPENDIENTE ASI;7
JENESANO;Partido Alianza Social Independiente Asi;PARTIDO ALIANZA SOCIAL INDEPENDIENTE ASI;7
JENESANO;William Chaparro Rodriguez;BOYACA DECENTE;7
JENESANO;Carlos Julian Diaz Franco;PARTIDO ALIANZA SOCIAL INDEPENDIENTE ASI;6
JENESANO;Estefany Johana Grajales Marin;MOVIMIENTO ALTERNATIVO INDIGENA Y SOCIAL MAIS;6
JENESANO;Ingrid Marlen Sogamoso Alfonso;PARTIDO CENTRO DEMOCRATICO;6
JENESANO;Luz Dary Sevillano Guerrero;PARTIDO ALIANZA VERDE;6
JENESANO;Olga Niño Rojas;PARTIDO CENTRO DEMOCRATICO;6
JENESANO;Pedro Humberto Vargas Gomez;PARTIDO LIBERAL COLOMBIANO;6
JENESANO;Angela Rocio Umaña Rojas;PARTIDO CONSERVADOR COLOMBIANO;5
JENESANO;Armando Buitrago Acevedo;PARTIDO ALIANZA SOCIAL INDEPENDIENTE ASI;5
JENESANO;Aura Lucia Ortiz Cardona;PARTIDO CENTRO DEMOCRATICO;5
JENESANO;Jose Mauricio Buitrago Rivera;PARTIDO CAMBIO RADICAL;5
JENESANO;Katherin Tatiana Calderon Acosta;PARTIDO CENTRO DEMOCRATICO;5
JENESANO;Roman Hernando Ortega Hernandez;PARTIDO ALIANZA VERDE;5
JENESANO;Wilkins Fernando Chaparro Cuervo;PARTIDO ALIANZA SOCIAL INDEPENDIENTE ASI;5
JENESANO;Alba Luz Becerra Becerra;PARTIDO ALIANZA SOCIAL INDEPENDIENTE ASI;4
JENESANO;Boyaca Decente;BOYACA DECENTE;4
JENESANO;Carlos Ernesto Torres Aguirre;PARTIDO CONSERVADOR COLOMBIANO;4
JENESANO;Fredy Julian Castro Rodriguez;PARTIDO CENTRO DEMOCRATICO;4
JENESANO;Gregorio Morales Tovar;BOYACA DECENTE;4
JENESANO;Manuel Ricardo Mesa Trujillo;PARTIDO SOCIAL DE UNIDAD NACIONAL  PARTIDO DE LA U;4
JENESANO;Nereo Baron Tellez;MOVIMIENTO ALTERNATIVO INDIGENA Y SOCIAL MAIS;4
JENESANO;Omar Fernando Valderrama Baez;PARTIDO CENTRO DEMOCRATICO;4
JENESANO;Siervo Yesith Gonzalez Saavedra;PARTIDO CAMBIO RADICAL;4
JENESANO;Ana Delia Avendaño Hernandez;PARTIDO LIBERAL COLOMBIANO;3
JENESANO;Carlos Alfredo Siza Blanco;PARTIDO CONSERVADOR COLOMBIANO;3
JENESANO;Eliana Hasleidy Gamez Pinilla;PARTIDO CAMBIO RADICAL;3
JENESANO;Flor Elba Velandia Cely;PARTIDO ALIANZA SOCIAL INDEPENDIENTE ASI;3
JENESANO;Hector Josue Camacho Acosta;PARTIDO CENTRO DEMOCRATICO;3
JENESANO;Jhon Fredy Garavito Cortes;PARTIDO SOCIAL DE UNIDAD NACIONAL  PARTIDO DE LA U;3
JENESANO;Orlando Florez Cuervo;PARTIDO CENTRO DEMOCRATICO;3
JENESANO;Partido Conservador Colombiano;PARTIDO CONSERVADOR COLOMBIANO;3
JENESANO;Sandra Milena Ramirez Moreno;PARTIDO CAMBIO RADICAL;3
JENESANO;Sergio Cabra Sierra;PARTIDO SOCIAL DE UNIDAD NACIONAL  PARTIDO DE LA U;3
JENESANO;David Alejandro Avila Cely;MOVIMIENTO ALTERNATIVO INDIGENA Y SOCIAL MAIS;2
JENESANO;David Santiago Ochoa Garcia;PARTIDO SOCIAL DE UNIDAD NACIONAL  PARTIDO DE LA U;2
JENESANO;Edgar Antulio Gonzalez Trujillo;BOYACA DECENTE;2
JENESANO;Edwin Andres Rodriguez Rodriguez;PARTIDO LIBERAL COLOMBIANO;2
JENESANO;Fredy Enrique Segura Alonso;BOYACA DECENTE;2
JENESANO;Jorge Eduardo Diaz Avendaño;MOVIMIENTO ALTERNATIVO INDIGENA Y SOCIAL MAIS;2
JENESANO;Juddy Alexandra Jimenez Cuadros;PARTIDO SOCIAL DE UNIDAD NACIONAL  PARTIDO DE LA U;2
JENESANO;Kiliam Ernesto Gonzalez Forero;BOYACA DECENTE;2
JENESANO;Maira Adriana Zerda Gonzalez;PARTIDO ALIANZA VERDE;2
JENESANO;Uldarico Javier Ramirez Chilito;MOVIMIENTO ALTERNATIVO INDIGENA Y SOCIAL MAIS;2
JENESANO;Wilton Fredy Castro Silva;PARTIDO ALIANZA VERDE;2
JENESANO;Alvaro Hernan Forero Hurtado;BOYACA DECENTE;1
JENESANO;Claudia Yaneth Avila Castillo;PARTIDO SOCIAL DE UNIDAD NACIONAL  PARTIDO DE LA U;1
JENESANO;Daniel Fernando Mejia Lozano;PARTIDO ALIANZA SOCIAL INDEPENDIENTE ASI;1
JENESANO;Eliana Maria Villate Fonseca;PARTIDO CONSERVADOR COLOMBIANO;1
JENESANO;Fredy Leonardo Rojas Vargas;PARTIDO CENTRO DEMOCRATICO;1
JENESANO;Henry Goyeneche Hormaza;PARTIDO ALIANZA SOCIAL INDEPENDIENTE ASI;1
JENESANO;Jaime Andres Gomez Gomez;PARTIDO CONSERVADOR COLOMBIANO;1
JENESANO;Jairo Correa Acevedo;MOVIMIENTO ALTERNATIVO INDIGENA Y SOCIAL MAIS;1
JENESANO;Jorge Enrique Camacho Rodriguez;PARTIDO ALIANZA SOCIAL INDEPENDIENTE ASI;1
JENESANO;Jose Dario Mahecha Castillo;PARTIDO CONSERVADOR COLOMBIANO;1
JENESANO;Laura Patricia Contreras Alvarez;PARTIDO ALIANZA SOCIAL INDEPENDIENTE ASI;1
JENESANO;Lizeth Paola Saade Fuentes;MOVIMIENTO ALTERNATIVO INDIGENA Y SOCIAL MAIS;1
JENESANO;Luis Carlos Bernal Mesa;PARTIDO SOCIAL DE UNIDAD NACIONAL  PARTIDO DE LA U;1
JENESANO;Mariev Bejarano Ospina;BOYACA DECENTE;1
JENESANO;Norman De Jesus Quintero Gallego;PARTIDO CONSERVADOR COLOMBIANO;1
JENESANO;Sandra Patricia Ricaurte Espinel;PARTIDO CAMBIO RADICAL;1
JENESANO;Segundo Fidel Salazar Gonzalez;PARTIDO SOCIAL DE UNIDAD NACIONAL  PARTIDO DE LA U;1
JERICO;Wilder Ivan Suesca Ochoa;PARTIDO CENTRO DEMOCRATICO;160
JERICO;Jorge Enrique Camacho Rodriguez;PARTIDO ALIANZA SOCIAL INDEPENDIENTE ASI;141
JERICO;Partido Colombia Justa Libres;PARTIDO COLOMBIA JUSTA LIBRES;119
JERICO;Yamir Oswaldo Lopez Peña;PARTIDO ALIANZA VERDE;117
JERICO;Ricardo Alonso Rojas Sachica;PARTIDO ALIANZA VERDE;95
JERICO;Angela Patricia Velandia Novoa;PARTIDO ALIANZA VERDE;74
JERICO;Gustavo Eduardo Castañeda Niño;PARTIDO ALIANZA VERDE;63
JERICO;Pablo Antonio Zambrano Salamanca;PARTIDO CONSERVADOR COLOMBIANO;62
JERICO;Jose Antonio Estupiñan Caceres;PARTIDO CONSERVADOR COLOMBIANO;56
JERICO;Partido Alianza Verde;PARTIDO ALIANZA VERDE;54
JERICO;Jairo Correa Acevedo;MOVIMIENTO ALTERNATIVO INDIGENA Y SOCIAL MAIS;52
JERICO;Fernando Alexander Serrato Fonseca;PARTIDO LIBERAL COLOMBIANO;38
JERICO;Partido Conservador Colombiano;PARTIDO CONSERVADOR COLOMBIANO;38
JERICO;Partido Social De Unidad Nacional  Partido De La U;PARTIDO SOCIAL DE UNIDAD NACIONAL  PARTIDO DE LA U;28
JERICO;Anderson Joaquin Sanchez Ruiz;PARTIDO LIBERAL COLOMBIANO;25
JERICO;Luis Carlos Bernal Mesa;PARTIDO SOCIAL DE UNIDAD NACIONAL  PARTIDO DE LA U;25
JERICO;Manuel Ricardo Mesa Trujillo;PARTIDO SOCIAL DE UNIDAD NACIONAL  PARTIDO DE LA U;23
JERICO;Laura Patricia Contreras Alvarez;PARTIDO ALIANZA SOCIAL INDEPENDIENTE ASI;22
JERICO;Partido Centro Democratico;PARTIDO CENTRO DEMOCRATICO;22
JERICO;Roman Hernando Ortega Hernandez;PARTIDO ALIANZA VERDE;22
JERICO;Norman De Jesus Quintero Gallego;PARTIDO CONSERVADOR COLOMBIANO;20
JERICO;Hugo Alveiro Rosas Romero;PARTIDO ALIANZA VERDE;19
JERICO;Partido Cambio Radical;PARTIDO CAMBIO RADICAL;18
JERICO;Concha Jael Vargas Saavedra;PARTIDO CONSERVADOR COLOMBIANO;17
JERICO;Eliana Hasleidy Gamez Pinilla;PARTIDO CAMBIO RADICAL;17
JERICO;Partido Alianza Social Independiente Asi;PARTIDO ALIANZA SOCIAL INDEPENDIENTE ASI;16
JERICO;Jose Armando Quiñones Garzon;PARTIDO CENTRO DEMOCRATICO;15
JERICO;Hernando Arias Ochoa;PARTIDO ALIANZA SOCIAL INDEPENDIENTE ASI;14
JERICO;Fredy Leonardo Rojas Vargas;PARTIDO CENTRO DEMOCRATICO;11
JERICO;Johan Francisco Herrera Gualdron;PARTIDO ALIANZA VERDE;11
JERICO;Edwin Alfonso Perez Beltran;PARTIDO ALIANZA SOCIAL INDEPENDIENTE ASI;10
JERICO;Jairo Pacheco Suarez;PARTIDO LIBERAL COLOMBIANO;10
JERICO;Movimiento Alternativo Indigena Y Social Mais;MOVIMIENTO ALTERNATIVO INDIGENA Y SOCIAL MAIS;10
JERICO;Oscar Leonardo Montañez Sierra;PARTIDO CAMBIO RADICAL;10
JERICO;Hector Josue Camacho Acosta;PARTIDO CENTRO DEMOCRATICO;9
JERICO;Luisa Fernanda Rodriguez Alfonso;PARTIDO ALIANZA VERDE;9
JERICO;Alfredo Horacio Correa Higuera;PARTIDO CAMBIO RADICAL;8
JERICO;Maria De Los Santos Salamanca Silva;PARTIDO ALIANZA VERDE;8
JERICO;William Rodolfo Mesa Avella;PARTIDO CENTRO DEMOCRATICO;8
JERICO;Ingrid Marlen Sogamoso Alfonso;PARTIDO CENTRO DEMOCRATICO;7
JERICO;Luis Carlos Ochoa Pasachoa;PARTIDO ALIANZA VERDE;7
JERICO;Cesar Augusto Mojica Bedoya;PARTIDO SOCIAL DE UNIDAD NACIONAL  PARTIDO DE LA U;6
JERICO;Fredy Julian Castro Rodriguez;PARTIDO CENTRO DEMOCRATICO;6
JERICO;Ivan Ricardo Pirachican Bernal;PARTIDO CONSERVADOR COLOMBIANO;6
JERICO;Daniel Fernando Mejia Lozano;PARTIDO ALIANZA SOCIAL INDEPENDIENTE ASI;5
JERICO;Flor Elba Velandia Cely;PARTIDO ALIANZA SOCIAL INDEPENDIENTE ASI;5
JERICO;Jose Dario Mahecha Castillo;PARTIDO CONSERVADOR COLOMBIANO;5
JERICO;Juan Camilo Morales Rodriguez;PARTIDO LIBERAL COLOMBIANO;5
JERICO;Luz Dary Sevillano Guerrero;PARTIDO ALIANZA VERDE;5
JERICO;Merardo Vargas Roa;PARTIDO ALIANZA VERDE;5
JERICO;Partido Liberal Colombiano;PARTIDO LIBERAL COLOMBIANO;5
JERICO;Willian David Pabon Jimenez;PARTIDO SOCIAL DE UNIDAD NACIONAL  PARTIDO DE LA U;5
JERICO;Ana Adela Pulido Cuadros;PARTIDO CONSERVADOR COLOMBIANO;4
JERICO;Andres Mauricio Escarria Barraza;PARTIDO CAMBIO RADICAL;4
JERICO;Angela Magaly Garcia Rivera;MOVIMIENTO ALTERNATIVO INDIGENA Y SOCIAL MAIS;4
JERICO;Elsa Marlen Manrique Pulgar;PARTIDO LIBERAL COLOMBIANO;4
JERICO;Giovanna Del Pilar Soto Barreto;PARTIDO CAMBIO RADICAL;4
JERICO;Maira Adriana Zerda Gonzalez;PARTIDO ALIANZA VERDE;4
JERICO;Nelson Mauricio Rodriguez Perez;PARTIDO CONSERVADOR COLOMBIANO;4
JERICO;Orlando Florez Cuervo;PARTIDO CENTRO DEMOCRATICO;4
JERICO;Pedro Pablo Salas Hernandez;PARTIDO ALIANZA VERDE;4
JERICO;Segundo Fidel Salazar Gonzalez;PARTIDO SOCIAL DE UNIDAD NACIONAL  PARTIDO DE LA U;4
JERICO;Wilton Fredy Castro Silva;PARTIDO ALIANZA VERDE;4
JERICO;Alba Luz Becerra Becerra;PARTIDO ALIANZA SOCIAL INDEPENDIENTE ASI;3
JERICO;Carlos Alfredo Siza Blanco;PARTIDO CONSERVADOR COLOMBIANO;3
JERICO;Fredy Enrique Segura Alonso;BOYACA DECENTE;3
JERICO;Henry Goyeneche Hormaza;PARTIDO ALIANZA SOCIAL INDEPENDIENTE ASI;3
JERICO;Irma Yineth Velandia Sandoval;PARTIDO CAMBIO RADICAL;3
JERICO;Jhon Fredy Garavito Cortes;PARTIDO SOCIAL DE UNIDAD NACIONAL  PARTIDO DE LA U;3
JERICO;Jorge Eduardo Diaz Avendaño;MOVIMIENTO ALTERNATIVO INDIGENA Y SOCIAL MAIS;3
JERICO;Jose Leonidas Medina Cruz;PARTIDO SOCIAL DE UNIDAD NACIONAL  PARTIDO DE LA U;3
JERICO;Jose Wilmar Leal Abril;PARTIDO CAMBIO RADICAL;3
JERICO;Juddy Alexandra Jimenez Cuadros;PARTIDO SOCIAL DE UNIDAD NACIONAL  PARTIDO DE LA U;3
JERICO;Katherin Tatiana Calderon Acosta;PARTIDO CENTRO DEMOCRATICO;3
JERICO;Olga Niño Rojas;PARTIDO CENTRO DEMOCRATICO;3
JERICO;Omar Fernando Valderrama Baez;PARTIDO CENTRO DEMOCRATICO;3
JERICO;Ricardo Andres Español Teatino;PARTIDO LIBERAL COLOMBIANO;3
JERICO;Sergio Cabra Sierra;PARTIDO SOCIAL DE UNIDAD NACIONAL  PARTIDO DE LA U;3
JERICO;Wilkins Fernando Chaparro Cuervo;PARTIDO ALIANZA SOCIAL INDEPENDIENTE ASI;3
JERICO;Yury Neill Diaz Aranguren;MOVIMIENTO ALTERNATIVO INDIGENA Y SOCIAL MAIS;3
JERICO;Alberto Enrique Murillo Sanchez;PARTIDO CAMBIO RADICAL;2
JERICO;Carlos Ernesto Torres Aguirre;PARTIDO CONSERVADOR COLOMBIANO;2
JERICO;Ericka Leonor Amador Gamarra;PARTIDO SOCIAL DE UNIDAD NACIONAL  PARTIDO DE LA U;2
JERICO;Estefany Johana Grajales Marin;MOVIMIENTO ALTERNATIVO INDIGENA Y SOCIAL MAIS;2
JERICO;Fernando Augusto Diaz Saenz;PARTIDO CONSERVADOR COLOMBIANO;2
JERICO;Jaime Andres Gomez Gomez;PARTIDO CONSERVADOR COLOMBIANO;2
JERICO;Jairo Enrique Cabana Fonseca;PARTIDO ALIANZA VERDE;2
JERICO;Jose Mauricio Buitrago Rivera;PARTIDO CAMBIO RADICAL;2
JERICO;Julieth Rocio Montañez Niño;PARTIDO ALIANZA SOCIAL INDEPENDIENTE ASI;2
JERICO;Lizeth Paola Saade Fuentes;MOVIMIENTO ALTERNATIVO INDIGENA Y SOCIAL MAIS;2
JERICO;Nereo Baron Tellez;MOVIMIENTO ALTERNATIVO INDIGENA Y SOCIAL MAIS;2
JERICO;Sandra Patricia Contreras Soto;PARTIDO LIBERAL COLOMBIANO;2
JERICO;Uldarico Javier Ramirez Chilito;MOVIMIENTO ALTERNATIVO INDIGENA Y SOCIAL MAIS;2
JERICO;Yadith Milena Martinez Farfan;PARTIDO CENTRO DEMOCRATICO;2
JERICO;Adriana Paola Laverde Rodriguez;MOVIMIENTO ALTERNATIVO INDIGENA Y SOCIAL MAIS;1
JERICO;Alvaro Hernan Forero Hurtado;BOYACA DECENTE;1
JERICO;Ana Lucia Parra Monroy;PARTIDO SOCIAL DE UNIDAD NACIONAL  PARTIDO DE LA U;1
JERICO;Andrea Carolina Camargo Caro;MOVIMIENTO ALTERNATIVO INDIGENA Y SOCIAL MAIS;1
JERICO;Angela Rocio Umaña Rojas;PARTIDO CONSERVADOR COLOMBIANO;1
JERICO;Antonio Ernesto Leguizamo Diaz;PARTIDO LIBERAL COLOMBIANO;1
JERICO;Armando Buitrago Acevedo;PARTIDO ALIANZA SOCIAL INDEPENDIENTE ASI;1
JERICO;Claudia Yaneth Avila Castillo;PARTIDO SOCIAL DE UNIDAD NACIONAL  PARTIDO DE LA U;1
JERICO;David Santiago Diaz Guio;PARTIDO SOCIAL DE UNIDAD NACIONAL  PARTIDO DE LA U;1
JERICO;David Santiago Ochoa Garcia;PARTIDO SOCIAL DE UNIDAD NACIONAL  PARTIDO DE LA U;1
JERICO;Eliana Maria Villate Fonseca;PARTIDO CONSERVADOR COLOMBIANO;1
JERICO;Fabian Camilo Rojas Barrera;PARTIDO LIBERAL COLOMBIANO;1
JERICO;Helver Ariel Avila Panche;PARTIDO CENTRO DEMOCRATICO;1
JERICO;Julian Guillermo Camargo Amortegui;MOVIMIENTO ALTERNATIVO INDIGENA Y SOCIAL MAIS;1
JERICO;Martha Ines Zipa Martinez;PARTIDO CAMBIO RADICAL;1
JERICO;Neddy Esther Sandoval Figueredo;PARTIDO LIBERAL COLOMBIANO;1
JERICO;Nelsy Yolanda Rivera Ferrucho;BOYACA DECENTE;1
JERICO;Omar Humberto Villamil Munevar;PARTIDO CONSERVADOR COLOMBIANO;1
JERICO;Pedro Humberto Vargas Gomez;PARTIDO LIBERAL COLOMBIANO;1
JERICO;Sandra Milena Ramirez Moreno;PARTIDO CAMBIO RADICAL;1
JERICO;Sandra Patricia Ricaurte Espinel;PARTIDO CAMBIO RADICAL;1
JERICO;Sonia Esperanza Lopez Barrera;PARTIDO CONSERVADOR COLOMBIANO;1
JERICO;Victor Tulio Ramirez Gutierrez;BOYACA DECENTE;1
JERICO;Vivian Catherin Alvarez;PARTIDO ALIANZA SOCIAL INDEPENDIENTE ASI;1
LA CAPILLA;Yamir Oswaldo Lopez Peña;PARTIDO ALIANZA VERDE;504
LA CAPILLA;Jose Dario Mahecha Castillo;PARTIDO CONSERVADOR COLOMBIANO;151
LA CAPILLA;Jose Wilmar Leal Abril;PARTIDO CAMBIO RADICAL;137
LA CAPILLA;Willian David Pabon Jimenez;PARTIDO SOCIAL DE UNIDAD NACIONAL  PARTIDO DE LA U;121
LA CAPILLA;Partido Alianza Verde;PARTIDO ALIANZA VERDE;88
LA CAPILLA;Fabian Camilo Rojas Barrera;PARTIDO LIBERAL COLOMBIANO;71
LA CAPILLA;Ingrid Marlen Sogamoso Alfonso;PARTIDO CENTRO DEMOCRATICO;55
LA CAPILLA;Luisa Fernanda Rodriguez Alfonso;PARTIDO ALIANZA VERDE;52
LA CAPILLA;Jhonnatan Jairo Avellaneda Mesa;MOVIMIENTO ALTERNATIVO INDIGENA Y SOCIAL MAIS;49
LA CAPILLA;Ivan Ricardo Pirachican Bernal;PARTIDO CONSERVADOR COLOMBIANO;31
LA CAPILLA;Angela Patricia Velandia Novoa;PARTIDO ALIANZA VERDE;29
LA CAPILLA;Johan Francisco Herrera Gualdron;PARTIDO ALIANZA VERDE;29
LA CAPILLA;Partido Social De Unidad Nacional  Partido De La U;PARTIDO SOCIAL DE UNIDAD NACIONAL  PARTIDO DE LA U;28
LA CAPILLA;Maira Adriana Zerda Gonzalez;PARTIDO ALIANZA VERDE;27
LA CAPILLA;Partido Conservador Colombiano;PARTIDO CONSERVADOR COLOMBIANO;22
LA CAPILLA;Pedro Pablo Salas Hernandez;PARTIDO ALIANZA VERDE;20
LA CAPILLA;Sergio Cabra Sierra;PARTIDO SOCIAL DE UNIDAD NACIONAL  PARTIDO DE LA U;16
LA CAPILLA;Fredy Enrique Segura Alonso;BOYACA DECENTE;15
LA CAPILLA;Ricardo Alonso Rojas Sachica;PARTIDO ALIANZA VERDE;15
LA CAPILLA;Manuel Ricardo Mesa Trujillo;PARTIDO SOCIAL DE UNIDAD NACIONAL  PARTIDO DE LA U;13
LA CAPILLA;Jairo Pacheco Suarez;PARTIDO LIBERAL COLOMBIANO;11
LA CAPILLA;Alfredo Horacio Correa Higuera;PARTIDO CAMBIO RADICAL;10
LA CAPILLA;Fernando Alexander Serrato Fonseca;PARTIDO LIBERAL COLOMBIANO;10
LA CAPILLA;Jose Armando Quiñones Garzon;PARTIDO CENTRO DEMOCRATICO;10
LA CAPILLA;Luz Dary Sevillano Guerrero;PARTIDO ALIANZA VERDE;10
LA CAPILLA;Concha Jael Vargas Saavedra;PARTIDO CONSERVADOR COLOMBIANO;9
LA CAPILLA;Partido Colombia Justa Libres;PARTIDO COLOMBIA JUSTA LIBRES;9
LA CAPILLA;William Rodolfo Mesa Avella;PARTIDO CENTRO DEMOCRATICO;9
LA CAPILLA;Wilton Fredy Castro Silva;PARTIDO ALIANZA VERDE;9
LA CAPILLA;Anderson Joaquin Sanchez Ruiz;PARTIDO LIBERAL COLOMBIANO;7
LA CAPILLA;Gustavo Eduardo Castañeda Niño;PARTIDO ALIANZA VERDE;7
LA CAPILLA;Hugo Alveiro Rosas Romero;PARTIDO ALIANZA VERDE;7
LA CAPILLA;Maria De Los Santos Salamanca Silva;PARTIDO ALIANZA VERDE;7
LA CAPILLA;Merardo Vargas Roa;PARTIDO ALIANZA VERDE;7
LA CAPILLA;Nelson Mauricio Rodriguez Perez;PARTIDO CONSERVADOR COLOMBIANO;7
LA CAPILLA;Jairo Enrique Cabana Fonseca;PARTIDO ALIANZA VERDE;6
LA CAPILLA;Jhon Fredy Garavito Cortes;PARTIDO SOCIAL DE UNIDAD NACIONAL  PARTIDO DE LA U;6
LA CAPILLA;Luis Carlos Ochoa Pasachoa;PARTIDO ALIANZA VERDE;6
LA CAPILLA;Armando Buitrago Acevedo;PARTIDO ALIANZA SOCIAL INDEPENDIENTE ASI;5
LA CAPILLA;Hernando Arias Ochoa;PARTIDO ALIANZA SOCIAL INDEPENDIENTE ASI;5
LA CAPILLA;Jose Agustin Arias Millan;PARTIDO CENTRO DEMOCRATICO;5
LA CAPILLA;Partido Liberal Colombiano;PARTIDO LIBERAL COLOMBIANO;5
LA CAPILLA;Jorge Eduardo Diaz Avendaño;MOVIMIENTO ALTERNATIVO INDIGENA Y SOCIAL MAIS;4
LA CAPILLA;Jose Antonio Estupiñan Caceres;PARTIDO CONSERVADOR COLOMBIANO;4
LA CAPILLA;Juan Camilo Morales Rodriguez;PARTIDO LIBERAL COLOMBIANO;4
LA CAPILLA;Oscar Leonardo Montañez Sierra;PARTIDO CAMBIO RADICAL;4
LA CAPILLA;Roman Hernando Ortega Hernandez;PARTIDO ALIANZA VERDE;4
LA CAPILLA;Yury Neill Diaz Aranguren;MOVIMIENTO ALTERNATIVO INDIGENA Y SOCIAL MAIS;4
LA CAPILLA;Andres Mauricio Escarria Barraza;PARTIDO CAMBIO RADICAL;3
LA CAPILLA;Antonio Ernesto Leguizamo Diaz;PARTIDO LIBERAL COLOMBIANO;3
LA CAPILLA;David Santiago Diaz Guio;PARTIDO SOCIAL DE UNIDAD NACIONAL  PARTIDO DE LA U;3
LA CAPILLA;Fernando Augusto Diaz Saenz;PARTIDO CONSERVADOR COLOMBIANO;3
LA CAPILLA;Fredy Leonardo Rojas Vargas;PARTIDO CENTRO DEMOCRATICO;3
LA CAPILLA;Movimiento Alternativo Indigena Y Social Mais;MOVIMIENTO ALTERNATIVO INDIGENA Y SOCIAL MAIS;3
LA CAPILLA;Partido Centro Democratico;PARTIDO CENTRO DEMOCRATICO;3
LA CAPILLA;Ana Adela Pulido Cuadros;PARTIDO CONSERVADOR COLOMBIANO;2
LA CAPILLA;Carlos Alfredo Siza Blanco;PARTIDO CONSERVADOR COLOMBIANO;2
LA CAPILLA;Claudia Yaneth Avila Castillo;PARTIDO SOCIAL DE UNIDAD NACIONAL  PARTIDO DE LA U;2
LA CAPILLA;David Santiago Ochoa Garcia;PARTIDO SOCIAL DE UNIDAD NACIONAL  PARTIDO DE LA U;2
LA CAPILLA;Elsa Marlen Manrique Pulgar;PARTIDO LIBERAL COLOMBIANO;2
LA CAPILLA;Ericka Leonor Amador Gamarra;PARTIDO SOCIAL DE UNIDAD NACIONAL  PARTIDO DE LA U;2
LA CAPILLA;Fredy Julian Castro Rodriguez;PARTIDO CENTRO DEMOCRATICO;2
LA CAPILLA;Helver Ariel Avila Panche;PARTIDO CENTRO DEMOCRATICO;2
LA CAPILLA;Jose Leonidas Medina Cruz;PARTIDO SOCIAL DE UNIDAD NACIONAL  PARTIDO DE LA U;2
LA CAPILLA;Juddy Alexandra Jimenez Cuadros;PARTIDO SOCIAL DE UNIDAD NACIONAL  PARTIDO DE LA U;2
LA CAPILLA;Luis Carlos Machado Zapata;PARTIDO LIBERAL COLOMBIANO;2
LA CAPILLA;Nereo Baron Tellez;MOVIMIENTO ALTERNATIVO INDIGENA Y SOCIAL MAIS;2
LA CAPILLA;William Chaparro Rodriguez;BOYACA DECENTE;2
LA CAPILLA;Yadith Milena Martinez Farfan;PARTIDO CENTRO DEMOCRATICO;2
LA CAPILLA;Alba Luz Becerra Becerra;PARTIDO ALIANZA SOCIAL INDEPENDIENTE ASI;1
LA CAPILLA;Alvaro Hernan Forero Hurtado;BOYACA DECENTE;1
LA CAPILLA;Ana Lucia Parra Monroy;PARTIDO SOCIAL DE UNIDAD NACIONAL  PARTIDO DE LA U;1
LA CAPILLA;Aura Lucia Ortiz Cardona;PARTIDO CENTRO DEMOCRATICO;1
LA CAPILLA;Cesar Augusto Mojica Bedoya;PARTIDO SOCIAL DE UNIDAD NACIONAL  PARTIDO DE LA U;1
LA CAPILLA;Claudia Patricia Barrera Patiño;PARTIDO SOCIAL DE UNIDAD NACIONAL  PARTIDO DE LA U;1
LA CAPILLA;Edwin Andres Rodriguez Rodriguez;PARTIDO LIBERAL COLOMBIANO;1
LA CAPILLA;Eliana Hasleidy Gamez Pinilla;PARTIDO CAMBIO RADICAL;1
LA CAPILLA;Estefany Johana Grajales Marin;MOVIMIENTO ALTERNATIVO INDIGENA Y SOCIAL MAIS;1
LA CAPILLA;Hector Josue Camacho Acosta;PARTIDO CENTRO DEMOCRATICO;1
LA CAPILLA;Henry Goyeneche Hormaza;PARTIDO ALIANZA SOCIAL INDEPENDIENTE ASI;1
LA CAPILLA;Jaime Andres Gomez Gomez;PARTIDO CONSERVADOR COLOMBIANO;1
LA CAPILLA;Jose Mauricio Buitrago Rivera;PARTIDO CAMBIO RADICAL;1
LA CAPILLA;Lizeth Paola Saade Fuentes;MOVIMIENTO ALTERNATIVO INDIGENA Y SOCIAL MAIS;1
LA CAPILLA;Luis Carlos Bernal Mesa;PARTIDO SOCIAL DE UNIDAD NACIONAL  PARTIDO DE LA U;1
LA CAPILLA;Martha Ines Zipa Martinez;PARTIDO CAMBIO RADICAL;1
LA CAPILLA;Neddy Esther Sandoval Figueredo;PARTIDO LIBERAL COLOMBIANO;1
LA CAPILLA;Norman De Jesus Quintero Gallego;PARTIDO CONSERVADOR COLOMBIANO;1
LA CAPILLA;Partido Alianza Social Independiente Asi;PARTIDO ALIANZA SOCIAL INDEPENDIENTE ASI;1
LA CAPILLA;Partido Cambio Radical;PARTIDO CAMBIO RADICAL;1
LA CAPILLA;Sandra Milena Ramirez Moreno;PARTIDO CAMBIO RADICAL;1
LA CAPILLA;Sandra Patricia Contreras Soto;PARTIDO LIBERAL COLOMBIANO;1
LA CAPILLA;Sandra Patricia Ricaurte Espinel;PARTIDO CAMBIO RADICAL;1
LA CAPILLA;Siervo Yesith Gonzalez Saavedra;PARTIDO CAMBIO RADICAL;1
LA CAPILLA;Sonia Esperanza Lopez Barrera;PARTIDO CONSERVADOR COLOMBIANO;1
LA CAPILLA;Wilkins Fernando Chaparro Cuervo;PARTIDO ALIANZA SOCIAL INDEPENDIENTE ASI;1
LA UVITA;Nelson Mauricio Rodriguez Perez;PARTIDO CONSERVADOR COLOMBIANO;145
LA UVITA;Fernando Augusto Diaz Saenz;PARTIDO CONSERVADOR COLOMBIANO;140
LA UVITA;William Rodolfo Mesa Avella;PARTIDO CENTRO DEMOCRATICO;136
LA UVITA;Angela Patricia Velandia Novoa;PARTIDO ALIANZA VERDE;120
LA UVITA;Yamir Oswaldo Lopez Peña;PARTIDO ALIANZA VERDE;110
LA UVITA;Johan Francisco Herrera Gualdron;PARTIDO ALIANZA VERDE;106
LA UVITA;Jairo Correa Acevedo;MOVIMIENTO ALTERNATIVO INDIGENA Y SOCIAL MAIS;105
LA UVITA;Luis Carlos Ochoa Pasachoa;PARTIDO ALIANZA VERDE;55
LA UVITA;Partido Alianza Verde;PARTIDO ALIANZA VERDE;46
LA UVITA;Willian David Pabon Jimenez;PARTIDO SOCIAL DE UNIDAD NACIONAL  PARTIDO DE LA U;46
LA UVITA;Jose Dario Mahecha Castillo;PARTIDO CONSERVADOR COLOMBIANO;30
LA UVITA;Hugo Alveiro Rosas Romero;PARTIDO ALIANZA VERDE;29
LA UVITA;Partido Centro Democratico;PARTIDO CENTRO DEMOCRATICO;25
LA UVITA;Fernando Alexander Serrato Fonseca;PARTIDO LIBERAL COLOMBIANO;24
LA UVITA;Jose Mauricio Buitrago Rivera;PARTIDO CAMBIO RADICAL;24
LA UVITA;Pedro Pablo Salas Hernandez;PARTIDO ALIANZA VERDE;20
LA UVITA;Anderson Joaquin Sanchez Ruiz;PARTIDO LIBERAL COLOMBIANO;18
LA UVITA;Omar Fernando Valderrama Baez;PARTIDO CENTRO DEMOCRATICO;18
LA UVITA;Pablo Antonio Zambrano Salamanca;PARTIDO CONSERVADOR COLOMBIANO;17
LA UVITA;Ricardo Alonso Rojas Sachica;PARTIDO ALIANZA VERDE;14
LA UVITA;Wilkins Fernando Chaparro Cuervo;PARTIDO ALIANZA SOCIAL INDEPENDIENTE ASI;14
LA UVITA;Partido Conservador Colombiano;PARTIDO CONSERVADOR COLOMBIANO;13
LA UVITA;Jorge Enrique Camacho Rodriguez;PARTIDO ALIANZA SOCIAL INDEPENDIENTE ASI;12
LA UVITA;Jose Wilmar Leal Abril;PARTIDO CAMBIO RADICAL;12
LA UVITA;Movimiento Alternativo Indigena Y Social Mais;MOVIMIENTO ALTERNATIVO INDIGENA Y SOCIAL MAIS;11
LA UVITA;Fabian Camilo Rojas Barrera;PARTIDO LIBERAL COLOMBIANO;10
LA UVITA;Gustavo Eduardo Castañeda Niño;PARTIDO ALIANZA VERDE;10
LA UVITA;Orlando Florez Cuervo;PARTIDO CENTRO DEMOCRATICO;10
LA UVITA;Hector Josue Camacho Acosta;PARTIDO CENTRO DEMOCRATICO;9
LA UVITA;Jose Armando Quiñones Garzon;PARTIDO CENTRO DEMOCRATICO;9
LA UVITA;Partido Social De Unidad Nacional  Partido De La U;PARTIDO SOCIAL DE UNIDAD NACIONAL  PARTIDO DE LA U;9
LA UVITA;Sonia Esperanza Lopez Barrera;PARTIDO CONSERVADOR COLOMBIANO;9
LA UVITA;Luisa Fernanda Rodriguez Alfonso;PARTIDO ALIANZA VERDE;8
LA UVITA;Concha Jael Vargas Saavedra;PARTIDO CONSERVADOR COLOMBIANO;7
LA UVITA;Giovanna Del Pilar Soto Barreto;PARTIDO CAMBIO RADICAL;7
LA UVITA;Jairo Pacheco Suarez;PARTIDO LIBERAL COLOMBIANO;7
LA UVITA;Merardo Vargas Roa;PARTIDO ALIANZA VERDE;7
LA UVITA;Partido Cambio Radical;PARTIDO CAMBIO RADICAL;7
LA UVITA;Wilder Ivan Suesca Ochoa;PARTIDO CENTRO DEMOCRATICO;7
LA UVITA;Yury Neill Diaz Aranguren;MOVIMIENTO ALTERNATIVO INDIGENA Y SOCIAL MAIS;7
LA UVITA;Angela Rocio Umaña Rojas;PARTIDO CONSERVADOR COLOMBIANO;6
LA UVITA;Cesar Augusto Mojica Bedoya;PARTIDO SOCIAL DE UNIDAD NACIONAL  PARTIDO DE LA U;6
LA UVITA;Ivan Ricardo Pirachican Bernal;PARTIDO CONSERVADOR COLOMBIANO;6
LA UVITA;Olga Niño Rojas;PARTIDO CENTRO DEMOCRATICO;6
LA UVITA;Oscar Leonardo Montañez Sierra;PARTIDO CAMBIO RADICAL;6
LA UVITA;Antonio Ernesto Leguizamo Diaz;PARTIDO LIBERAL COLOMBIANO;5
LA UVITA;Aura Lucia Ortiz Cardona;PARTIDO CENTRO DEMOCRATICO;5
LA UVITA;Daniel Fernando Mejia Lozano;PARTIDO ALIANZA SOCIAL INDEPENDIENTE ASI;5
LA UVITA;Luz Dary Sevillano Guerrero;PARTIDO ALIANZA VERDE;5
LA UVITA;Maira Adriana Zerda Gonzalez;PARTIDO ALIANZA VERDE;5
LA UVITA;Nereo Baron Tellez;MOVIMIENTO ALTERNATIVO INDIGENA Y SOCIAL MAIS;5
LA UVITA;Siervo Yesith Gonzalez Saavedra;PARTIDO CAMBIO RADICAL;5
LA UVITA;Carlos Alfredo Siza Blanco;PARTIDO CONSERVADOR COLOMBIANO;4
LA UVITA;Carlos Ernesto Torres Aguirre;PARTIDO CONSERVADOR COLOMBIANO;4
LA UVITA;Jose Antonio Estupiñan Caceres;PARTIDO CONSERVADOR COLOMBIANO;4
LA UVITA;Roman Hernando Ortega Hernandez;PARTIDO ALIANZA VERDE;4
LA UVITA;Sandra Milena Ramirez Moreno;PARTIDO CAMBIO RADICAL;4
LA UVITA;Yadith Milena Martinez Farfan;PARTIDO CENTRO DEMOCRATICO;4
LA UVITA;Alfredo Horacio Correa Higuera;PARTIDO CAMBIO RADICAL;3
LA UVITA;Ana Adela Pulido Cuadros;PARTIDO CONSERVADOR COLOMBIANO;3
LA UVITA;David Santiago Ochoa Garcia;PARTIDO SOCIAL DE UNIDAD NACIONAL  PARTIDO DE LA U;3
LA UVITA;Fredy Leonardo Rojas Vargas;PARTIDO CENTRO DEMOCRATICO;3
LA UVITA;Irma Yineth Velandia Sandoval;PARTIDO CAMBIO RADICAL;3
LA UVITA;Jaime Andres Gomez Gomez;PARTIDO CONSERVADOR COLOMBIANO;3
LA UVITA;Jose Agustin Arias Millan;PARTIDO CENTRO DEMOCRATICO;3
LA UVITA;Partido Liberal Colombiano;PARTIDO LIBERAL COLOMBIANO;3
LA UVITA;Alberto Enrique Murillo Sanchez;PARTIDO CAMBIO RADICAL;2
LA UVITA;Claudia Yaneth Avila Castillo;PARTIDO SOCIAL DE UNIDAD NACIONAL  PARTIDO DE LA U;2
LA UVITA;David Alejandro Avila Cely;MOVIMIENTO ALTERNATIVO INDIGENA Y SOCIAL MAIS;2
LA UVITA;Ingrid Marlen Sogamoso Alfonso;PARTIDO CENTRO DEMOCRATICO;2
LA UVITA;Jhon Fredy Garavito Cortes;PARTIDO SOCIAL DE UNIDAD NACIONAL  PARTIDO DE LA U;2
LA UVITA;Jorge Eduardo Diaz Avendaño;MOVIMIENTO ALTERNATIVO INDIGENA Y SOCIAL MAIS;2
LA UVITA;Juan Camilo Morales Rodriguez;PARTIDO LIBERAL COLOMBIANO;2
LA UVITA;Katherin Tatiana Calderon Acosta;PARTIDO CENTRO DEMOCRATICO;2
LA UVITA;Partido Alianza Social Independiente Asi;PARTIDO ALIANZA SOCIAL INDEPENDIENTE ASI;2
LA UVITA;Segundo Fidel Salazar Gonzalez;PARTIDO SOCIAL DE UNIDAD NACIONAL  PARTIDO DE LA U;2
LA UVITA;Sergio Cabra Sierra;PARTIDO SOCIAL DE UNIDAD NACIONAL  PARTIDO DE LA U;2
LA UVITA;Adriana Paola Laverde Rodriguez;MOVIMIENTO ALTERNATIVO INDIGENA Y SOCIAL MAIS;1
LA UVITA;Alvaro Hernan Forero Hurtado;BOYACA DECENTE;1
LA UVITA;Andrea Carolina Camargo Caro;MOVIMIENTO ALTERNATIVO INDIGENA Y SOCIAL MAIS;1
LA UVITA;Andres Mauricio Escarria Barraza;PARTIDO CAMBIO RADICAL;1
LA UVITA;Eliana Maria Villate Fonseca;PARTIDO CONSERVADOR COLOMBIANO;1
LA UVITA;Elsa Marlen Manrique Pulgar;PARTIDO LIBERAL COLOMBIANO;1
LA UVITA;Ericka Leonor Amador Gamarra;PARTIDO SOCIAL DE UNIDAD NACIONAL  PARTIDO DE LA U;1
LA UVITA;Flor Elba Velandia Cely;PARTIDO ALIANZA SOCIAL INDEPENDIENTE ASI;1
LA UVITA;Fredy Enrique Segura Alonso;BOYACA DECENTE;1
LA UVITA;Fredy Julian Castro Rodriguez;PARTIDO CENTRO DEMOCRATICO;1
LA UVITA;Hernando Arias Ochoa;PARTIDO ALIANZA SOCIAL INDEPENDIENTE ASI;1
LA UVITA;Jairo Enrique Cabana Fonseca;PARTIDO ALIANZA VERDE;1
LA UVITA;Jhonnatan Jairo Avellaneda Mesa;MOVIMIENTO ALTERNATIVO INDIGENA Y SOCIAL MAIS;1
LA UVITA;Jorge Marin Jerez Amado;PARTIDO LIBERAL COLOMBIANO;1
LA UVITA;Jose Leonidas Medina Cruz;PARTIDO SOCIAL DE UNIDAD NACIONAL  PARTIDO DE LA U;1
LA UVITA;Luis Carlos Bernal Mesa;PARTIDO SOCIAL DE UNIDAD NACIONAL  PARTIDO DE LA U;1
LA UVITA;Luis Carlos Machado Zapata;PARTIDO LIBERAL COLOMBIANO;1
LA UVITA;Manuel Ricardo Mesa Trujillo;PARTIDO SOCIAL DE UNIDAD NACIONAL  PARTIDO DE LA U;1
LA UVITA;Maria De Los Santos Salamanca Silva;PARTIDO ALIANZA VERDE;1
LA UVITA;Maria Francia Blanco Pedroza;BOYACA DECENTE;1
LA UVITA;Martha Ines Zipa Martinez;PARTIDO CAMBIO RADICAL;1
LA UVITA;Mauricio Cadena Valero;PARTIDO CENTRO DEMOCRATICO;1
LA UVITA;Neddy Esther Sandoval Figueredo;PARTIDO LIBERAL COLOMBIANO;1
LA UVITA;Omar Humberto Villamil Munevar;PARTIDO CONSERVADOR COLOMBIANO;1
LA UVITA;Partido Colombia Justa Libres;PARTIDO COLOMBIA JUSTA LIBRES;1
LA UVITA;Ricardo Andres Español Teatino;PARTIDO LIBERAL COLOMBIANO;1
LA UVITA;Sandra Patricia Ricaurte Espinel;PARTIDO CAMBIO RADICAL;1
LA UVITA;Uldarico Javier Ramirez Chilito;MOVIMIENTO ALTERNATIVO INDIGENA Y SOCIAL MAIS;1
LA UVITA;Wilton Fredy Castro Silva;PARTIDO ALIANZA VERDE;1
LA VICTORIA;Jose Dario Mahecha Castillo;PARTIDO CONSERVADOR COLOMBIANO;207
LA VICTORIA;Luisa Fernanda Rodriguez Alfonso;PARTIDO ALIANZA VERDE;164
LA VICTORIA;Jose Armando Quiñones Garzon;PARTIDO CENTRO DEMOCRATICO;69
LA VICTORIA;Hector Josue Camacho Acosta;PARTIDO CENTRO DEMOCRATICO;45
LA VICTORIA;Anderson Joaquin Sanchez Ruiz;PARTIDO LIBERAL COLOMBIANO;31
LA VICTORIA;Partido Colombia Justa Libres;PARTIDO COLOMBIA JUSTA LIBRES;30
LA VICTORIA;Uldarico Javier Ramirez Chilito;MOVIMIENTO ALTERNATIVO INDIGENA Y SOCIAL MAIS;30
LA VICTORIA;Partido Alianza Verde;PARTIDO ALIANZA VERDE;26
LA VICTORIA;Partido Centro Democratico;PARTIDO CENTRO DEMOCRATICO;23
LA VICTORIA;Partido Liberal Colombiano;PARTIDO LIBERAL COLOMBIANO;18
LA VICTORIA;Partido Cambio Radical;PARTIDO CAMBIO RADICAL;16
LA VICTORIA;William Rodolfo Mesa Avella;PARTIDO CENTRO DEMOCRATICO;14
LA VICTORIA;Yamir Oswaldo Lopez Peña;PARTIDO ALIANZA VERDE;14
LA VICTORIA;Alfredo Horacio Correa Higuera;PARTIDO CAMBIO RADICAL;13
LA VICTORIA;Oscar Leonardo Montañez Sierra;PARTIDO CAMBIO RADICAL;13
LA VICTORIA;Maria De Los Santos Salamanca Silva;PARTIDO ALIANZA VERDE;11
LA VICTORIA;Pedro Pablo Salas Hernandez;PARTIDO ALIANZA VERDE;10
LA VICTORIA;Ingrid Marlen Sogamoso Alfonso;PARTIDO CENTRO DEMOCRATICO;9
LA VICTORIA;Ivan Ricardo Pirachican Bernal;PARTIDO CONSERVADOR COLOMBIANO;8
LA VICTORIA;Luis Carlos Machado Zapata;PARTIDO LIBERAL COLOMBIANO;8
LA VICTORIA;Merardo Vargas Roa;PARTIDO ALIANZA VERDE;8
LA VICTORIA;Antonio Ernesto Leguizamo Diaz;PARTIDO LIBERAL COLOMBIANO;7
LA VICTORIA;Gustavo Eduardo Castañeda Niño;PARTIDO ALIANZA VERDE;7
LA VICTORIA;Partido Conservador Colombiano;PARTIDO CONSERVADOR COLOMBIANO;7
LA VICTORIA;Roman Hernando Ortega Hernandez;PARTIDO ALIANZA VERDE;7
LA VICTORIA;Juan Camilo Morales Rodriguez;PARTIDO LIBERAL COLOMBIANO;6
LA VICTORIA;Hugo Alveiro Rosas Romero;PARTIDO ALIANZA VERDE;5
LA VICTORIA;Orlando Florez Cuervo;PARTIDO CENTRO DEMOCRATICO;5
LA VICTORIA;Ana Adela Pulido Cuadros;PARTIDO CONSERVADOR COLOMBIANO;4
LA VICTORIA;Angela Patricia Velandia Novoa;PARTIDO ALIANZA VERDE;4
LA VICTORIA;Johan Francisco Herrera Gualdron;PARTIDO ALIANZA VERDE;4
LA VICTORIA;Jose Mauricio Buitrago Rivera;PARTIDO CAMBIO RADICAL;4
LA VICTORIA;Jose Wilmar Leal Abril;PARTIDO CAMBIO RADICAL;4
LA VICTORIA;Luz Dary Sevillano Guerrero;PARTIDO ALIANZA VERDE;4
LA VICTORIA;Partido Social De Unidad Nacional  Partido De La U;PARTIDO SOCIAL DE UNIDAD NACIONAL  PARTIDO DE LA U;4
LA VICTORIA;Yadith Milena Martinez Farfan;PARTIDO CENTRO DEMOCRATICO;4
LA VICTORIA;Alberto Enrique Murillo Sanchez;PARTIDO CAMBIO RADICAL;3
LA VICTORIA;Andres Mauricio Escarria Barraza;PARTIDO CAMBIO RADICAL;3
LA VICTORIA;Concha Jael Vargas Saavedra;PARTIDO CONSERVADOR COLOMBIANO;3
LA VICTORIA;Eliana Hasleidy Gamez Pinilla;PARTIDO CAMBIO RADICAL;3
LA VICTORIA;Eliana Maria Villate Fonseca;PARTIDO CONSERVADOR COLOMBIANO;3
LA VICTORIA;Jairo Pacheco Suarez;PARTIDO LIBERAL COLOMBIANO;3
LA VICTORIA;Omar Humberto Villamil Munevar;PARTIDO CONSERVADOR COLOMBIANO;3
LA VICTORIA;Ricardo Alonso Rojas Sachica;PARTIDO ALIANZA VERDE;3
LA VICTORIA;Wilton Fredy Castro Silva;PARTIDO ALIANZA VERDE;3
LA VICTORIA;Andrea Carolina Camargo Caro;MOVIMIENTO ALTERNATIVO INDIGENA Y SOCIAL MAIS;2
LA VICTORIA;Fredy Leonardo Rojas Vargas;PARTIDO CENTRO DEMOCRATICO;2
LA VICTORIA;Jorge Eduardo Diaz Avendaño;MOVIMIENTO ALTERNATIVO INDIGENA Y SOCIAL MAIS;2
LA VICTORIA;Nelson Mauricio Rodriguez Perez;PARTIDO CONSERVADOR COLOMBIANO;2
LA VICTORIA;Olga Niño Rojas;PARTIDO CENTRO DEMOCRATICO;2
LA VICTORIA;Pedro Humberto Vargas Gomez;PARTIDO LIBERAL COLOMBIANO;2
LA VICTORIA;Ricardo Andres Español Teatino;PARTIDO LIBERAL COLOMBIANO;2
LA VICTORIA;Sandra Patricia Ricaurte Espinel;PARTIDO CAMBIO RADICAL;2
LA VICTORIA;Siervo Yesith Gonzalez Saavedra;PARTIDO CAMBIO RADICAL;2
LA VICTORIA;Alvaro Hernan Forero Hurtado;BOYACA DECENTE;1
LA VICTORIA;Angela Rocio Umaña Rojas;PARTIDO CONSERVADOR COLOMBIANO;1
LA VICTORIA;Armando Buitrago Acevedo;PARTIDO ALIANZA SOCIAL INDEPENDIENTE ASI;1
LA VICTORIA;Aura Lucia Ortiz Cardona;PARTIDO CENTRO DEMOCRATICO;1
LA VICTORIA;Carlos Ernesto Torres Aguirre;PARTIDO CONSERVADOR COLOMBIANO;1
LA VICTORIA;Edgar Antulio Gonzalez Trujillo;BOYACA DECENTE;1
LA VICTORIA;Elsa Marlen Manrique Pulgar;PARTIDO LIBERAL COLOMBIANO;1
LA VICTORIA;Ericka Leonor Amador Gamarra;PARTIDO SOCIAL DE UNIDAD NACIONAL  PARTIDO DE LA U;1
LA VICTORIA;Estefany Johana Grajales Marin;MOVIMIENTO ALTERNATIVO INDIGENA Y SOCIAL MAIS;1
LA VICTORIA;Fabian Camilo Rojas Barrera;PARTIDO LIBERAL COLOMBIANO;1
LA VICTORIA;Fernando Alexander Serrato Fonseca;PARTIDO LIBERAL COLOMBIANO;1
LA VICTORIA;Fredy Julian Castro Rodriguez;PARTIDO CENTRO DEMOCRATICO;1
LA VICTORIA;Giovanna Del Pilar Soto Barreto;PARTIDO CAMBIO RADICAL;1
LA VICTORIA;Helver Ariel Avila Panche;PARTIDO CENTRO DEMOCRATICO;1
LA VICTORIA;Jairo Correa Acevedo;MOVIMIENTO ALTERNATIVO INDIGENA Y SOCIAL MAIS;1
LA VICTORIA;Jairo Enrique Cabana Fonseca;PARTIDO ALIANZA VERDE;1
LA VICTORIA;Jhon Fredy Garavito Cortes;PARTIDO SOCIAL DE UNIDAD NACIONAL  PARTIDO DE LA U;1
LA VICTORIA;Jhonnatan Jairo Avellaneda Mesa;MOVIMIENTO ALTERNATIVO INDIGENA Y SOCIAL MAIS;1
LA VICTORIA;Jorge Marin Jerez Amado;PARTIDO LIBERAL COLOMBIANO;1
LA VICTORIA;Jose Antonio Estupiñan Caceres;PARTIDO CONSERVADOR COLOMBIANO;1
LA VICTORIA;Katherin Tatiana Calderon Acosta;PARTIDO CENTRO DEMOCRATICO;1
LA VICTORIA;Lizeth Paola Saade Fuentes;MOVIMIENTO ALTERNATIVO INDIGENA Y SOCIAL MAIS;1
LA VICTORIA;Luis Carlos Ochoa Pasachoa;PARTIDO ALIANZA VERDE;1
LA VICTORIA;Mauricio Cadena Valero;PARTIDO CENTRO DEMOCRATICO;1
LA VICTORIA;Neddy Esther Sandoval Figueredo;PARTIDO LIBERAL COLOMBIANO;1
LA VICTORIA;Omar Fernando Valderrama Baez;PARTIDO CENTRO DEMOCRATICO;1
LA VICTORIA;Pablo Antonio Zambrano Salamanca;PARTIDO CONSERVADOR COLOMBIANO;1
LA VICTORIA;Partido Alianza Social Independiente Asi;PARTIDO ALIANZA SOCIAL INDEPENDIENTE ASI;1
LA VICTORIA;Sergio Cabra Sierra;PARTIDO SOCIAL DE UNIDAD NACIONAL  PARTIDO DE LA U;1
LA VICTORIA;Sonia Esperanza Lopez Barrera;PARTIDO CONSERVADOR COLOMBIANO;1
LA VICTORIA;Yury Neill Diaz Aranguren;MOVIMIENTO ALTERNATIVO INDIGENA Y SOCIAL MAIS;1
LABRANZAGRANDE;Yury Neill Diaz Aranguren;MOVIMIENTO ALTERNATIVO INDIGENA Y SOCIAL MAIS;312
LABRANZAGRANDE;Hugo Alveiro Rosas Romero;PARTIDO ALIANZA VERDE;227
LABRANZAGRANDE;Fernando Alexander Serrato Fonseca;PARTIDO LIBERAL COLOMBIANO;225
LABRANZAGRANDE;Hector Josue Camacho Acosta;PARTIDO CENTRO DEMOCRATICO;109
LABRANZAGRANDE;Willian David Pabon Jimenez;PARTIDO SOCIAL DE UNIDAD NACIONAL  PARTIDO DE LA U;61
LABRANZAGRANDE;Jose Wilmar Leal Abril;PARTIDO CAMBIO RADICAL;56
LABRANZAGRANDE;Carlos Ernesto Torres Aguirre;PARTIDO CONSERVADOR COLOMBIANO;49
LABRANZAGRANDE;Partido Alianza Verde;PARTIDO ALIANZA VERDE;39
LABRANZAGRANDE;Maria De Los Santos Salamanca Silva;PARTIDO ALIANZA VERDE;28
LABRANZAGRANDE;Roman Hernando Ortega Hernandez;PARTIDO ALIANZA VERDE;25
LABRANZAGRANDE;Partido Centro Democratico;PARTIDO CENTRO DEMOCRATICO;24
LABRANZAGRANDE;Jose Armando Quiñones Garzon;PARTIDO CENTRO DEMOCRATICO;23
LABRANZAGRANDE;Oscar Leonardo Montañez Sierra;PARTIDO CAMBIO RADICAL;23
LABRANZAGRANDE;Partido Cambio Radical;PARTIDO CAMBIO RADICAL;23
LABRANZAGRANDE;Partido Liberal Colombiano;PARTIDO LIBERAL COLOMBIANO;23
LABRANZAGRANDE;Ingrid Marlen Sogamoso Alfonso;PARTIDO CENTRO DEMOCRATICO;19
LABRANZAGRANDE;Yamir Oswaldo Lopez Peña;PARTIDO ALIANZA VERDE;18
LABRANZAGRANDE;Jose Mauricio Buitrago Rivera;PARTIDO CAMBIO RADICAL;15
LABRANZAGRANDE;Partido Social De Unidad Nacional  Partido De La U;PARTIDO SOCIAL DE UNIDAD NACIONAL  PARTIDO DE LA U;15
LABRANZAGRANDE;Movimiento Alternativo Indigena Y Social Mais;MOVIMIENTO ALTERNATIVO INDIGENA Y SOCIAL MAIS;14
LABRANZAGRANDE;Elsa Marlen Manrique Pulgar;PARTIDO LIBERAL COLOMBIANO;13
LABRANZAGRANDE;Jairo Pacheco Suarez;PARTIDO LIBERAL COLOMBIANO;13
LABRANZAGRANDE;Luisa Fernanda Rodriguez Alfonso;PARTIDO ALIANZA VERDE;12
LABRANZAGRANDE;Jairo Correa Acevedo;MOVIMIENTO ALTERNATIVO INDIGENA Y SOCIAL MAIS;11
LABRANZAGRANDE;Merardo Vargas Roa;PARTIDO ALIANZA VERDE;11
LABRANZAGRANDE;Cesar Augusto Mojica Bedoya;PARTIDO SOCIAL DE UNIDAD NACIONAL  PARTIDO DE LA U;9
LABRANZAGRANDE;Julian Guillermo Camargo Amortegui;MOVIMIENTO ALTERNATIVO INDIGENA Y SOCIAL MAIS;9
LABRANZAGRANDE;Ricardo Alonso Rojas Sachica;PARTIDO ALIANZA VERDE;9
LABRANZAGRANDE;Fredy Leonardo Rojas Vargas;PARTIDO CENTRO DEMOCRATICO;8
LABRANZAGRANDE;Wilton Fredy Castro Silva;PARTIDO ALIANZA VERDE;8
LABRANZAGRANDE;Neddy Esther Sandoval Figueredo;PARTIDO LIBERAL COLOMBIANO;7
LABRANZAGRANDE;Alvaro Hernan Forero Hurtado;BOYACA DECENTE;6
LABRANZAGRANDE;Carlos Alfredo Siza Blanco;PARTIDO CONSERVADOR COLOMBIANO;6
LABRANZAGRANDE;Edwin Andres Rodriguez Rodriguez;PARTIDO LIBERAL COLOMBIANO;6
LABRANZAGRANDE;Estefany Johana Grajales Marin;MOVIMIENTO ALTERNATIVO INDIGENA Y SOCIAL MAIS;6
LABRANZAGRANDE;Johan Francisco Herrera Gualdron;PARTIDO ALIANZA VERDE;6
LABRANZAGRANDE;Luis Carlos Bernal Mesa;PARTIDO SOCIAL DE UNIDAD NACIONAL  PARTIDO DE LA U;6
LABRANZAGRANDE;Partido Conservador Colombiano;PARTIDO CONSERVADOR COLOMBIANO;6
LABRANZAGRANDE;Alfredo Horacio Correa Higuera;PARTIDO CAMBIO RADICAL;5
LABRANZAGRANDE;Andres Mauricio Escarria Barraza;PARTIDO CAMBIO RADICAL;5
LABRANZAGRANDE;Angela Patricia Velandia Novoa;PARTIDO ALIANZA VERDE;5
LABRANZAGRANDE;Antonio Ernesto Leguizamo Diaz;PARTIDO LIBERAL COLOMBIANO;5
LABRANZAGRANDE;Fredy Julian Castro Rodriguez;PARTIDO CENTRO DEMOCRATICO;5
LABRANZAGRANDE;Giovanna Del Pilar Soto Barreto;PARTIDO CAMBIO RADICAL;5
LABRANZAGRANDE;John Fredy Lopez Mora;MOVIMIENTO ALTERNATIVO INDIGENA Y SOCIAL MAIS;5
LABRANZAGRANDE;Lizeth Paola Saade Fuentes;MOVIMIENTO ALTERNATIVO INDIGENA Y SOCIAL MAIS;5
LABRANZAGRANDE;Luis Carlos Ochoa Pasachoa;PARTIDO ALIANZA VERDE;5
LABRANZAGRANDE;Mauricio Cadena Valero;PARTIDO CENTRO DEMOCRATICO;5
LABRANZAGRANDE;Yadith Milena Martinez Farfan;PARTIDO CENTRO DEMOCRATICO;5
LABRANZAGRANDE;Irma Yineth Velandia Sandoval;PARTIDO CAMBIO RADICAL;4
LABRANZAGRANDE;Jose Agustin Arias Millan;PARTIDO CENTRO DEMOCRATICO;4
LABRANZAGRANDE;Olga Niño Rojas;PARTIDO CENTRO DEMOCRATICO;4
LABRANZAGRANDE;Pedro Pablo Salas Hernandez;PARTIDO ALIANZA VERDE;4
LABRANZAGRANDE;Claudia Yaneth Avila Castillo;PARTIDO SOCIAL DE UNIDAD NACIONAL  PARTIDO DE LA U;3
LABRANZAGRANDE;Fernando Augusto Diaz Saenz;PARTIDO CONSERVADOR COLOMBIANO;3
LABRANZAGRANDE;Hernando Arias Ochoa;PARTIDO ALIANZA SOCIAL INDEPENDIENTE ASI;3
LABRANZAGRANDE;Jose Antonio Estupiñan Caceres;PARTIDO CONSERVADOR COLOMBIANO;3
LABRANZAGRANDE;Luz Dary Sevillano Guerrero;PARTIDO ALIANZA VERDE;3
LABRANZAGRANDE;Manuel Ricardo Mesa Trujillo;PARTIDO SOCIAL DE UNIDAD NACIONAL  PARTIDO DE LA U;3
LABRANZAGRANDE;Nereo Baron Tellez;MOVIMIENTO ALTERNATIVO INDIGENA Y SOCIAL MAIS;3
LABRANZAGRANDE;Omar Fernando Valderrama Baez;PARTIDO CENTRO DEMOCRATICO;3
LABRANZAGRANDE;Orlando Florez Cuervo;PARTIDO CENTRO DEMOCRATICO;3
LABRANZAGRANDE;Partido Alianza Social Independiente Asi;PARTIDO ALIANZA SOCIAL INDEPENDIENTE ASI;3
LABRANZAGRANDE;Partido Colombia Justa Libres;PARTIDO COLOMBIA JUSTA LIBRES;3
LABRANZAGRANDE;Ricardo Andres Español Teatino;PARTIDO LIBERAL COLOMBIANO;3
LABRANZAGRANDE;Sandra Patricia Ricaurte Espinel;PARTIDO CAMBIO RADICAL;3
LABRANZAGRANDE;Alberto Enrique Murillo Sanchez;PARTIDO CAMBIO RADICAL;2
LABRANZAGRANDE;Ana Lucia Parra Monroy;PARTIDO SOCIAL DE UNIDAD NACIONAL  PARTIDO DE LA U;2
LABRANZAGRANDE;Aura Lucia Ortiz Cardona;PARTIDO CENTRO DEMOCRATICO;2
LABRANZAGRANDE;Concha Jael Vargas Saavedra;PARTIDO CONSERVADOR COLOMBIANO;2
LABRANZAGRANDE;Eliana Hasleidy Gamez Pinilla;PARTIDO CAMBIO RADICAL;2
LABRANZAGRANDE;Eliana Maria Villate Fonseca;PARTIDO CONSERVADOR COLOMBIANO;2
LABRANZAGRANDE;Fabian Camilo Rojas Barrera;PARTIDO LIBERAL COLOMBIANO;2
LABRANZAGRANDE;Gustavo Eduardo Castañeda Niño;PARTIDO ALIANZA VERDE;2
LABRANZAGRANDE;Ivan Ricardo Pirachican Bernal;PARTIDO CONSERVADOR COLOMBIANO;2
LABRANZAGRANDE;Jaime Andres Gomez Gomez;PARTIDO CONSERVADOR COLOMBIANO;2
LABRANZAGRANDE;Jorge Enrique Camacho Rodriguez;PARTIDO ALIANZA SOCIAL INDEPENDIENTE ASI;2
LABRANZAGRANDE;Jorge Marin Jerez Amado;PARTIDO LIBERAL COLOMBIANO;2
LABRANZAGRANDE;Sandra Milena Ramirez Moreno;PARTIDO CAMBIO RADICAL;2
LABRANZAGRANDE;Sandra Patricia Contreras Soto;PARTIDO LIBERAL COLOMBIANO;2
LABRANZAGRANDE;Segundo Fidel Salazar Gonzalez;PARTIDO SOCIAL DE UNIDAD NACIONAL  PARTIDO DE LA U;2
LABRANZAGRANDE;Sergio Cabra Sierra;PARTIDO SOCIAL DE UNIDAD NACIONAL  PARTIDO DE LA U;2
LABRANZAGRANDE;Uldarico Javier Ramirez Chilito;MOVIMIENTO ALTERNATIVO INDIGENA Y SOCIAL MAIS;2
LABRANZAGRANDE;Wilder Ivan Suesca Ochoa;PARTIDO CENTRO DEMOCRATICO;2
LABRANZAGRANDE;William Rodolfo Mesa Avella;PARTIDO CENTRO DEMOCRATICO;2
LABRANZAGRANDE;Adriana Paola Laverde Rodriguez;MOVIMIENTO ALTERNATIVO INDIGENA Y SOCIAL MAIS;1
LABRANZAGRANDE;Ana Delia Avendaño Hernandez;PARTIDO LIBERAL COLOMBIANO;1
LABRANZAGRANDE;Anderson Joaquin Sanchez Ruiz;PARTIDO LIBERAL COLOMBIANO;1
LABRANZAGRANDE;Andrea Carolina Camargo Caro;MOVIMIENTO ALTERNATIVO INDIGENA Y SOCIAL MAIS;1
LABRANZAGRANDE;Angela Magaly Garcia Rivera;MOVIMIENTO ALTERNATIVO INDIGENA Y SOCIAL MAIS;1
LABRANZAGRANDE;Boyaca Decente;BOYACA DECENTE;1
LABRANZAGRANDE;David Alejandro Avila Cely;MOVIMIENTO ALTERNATIVO INDIGENA Y SOCIAL MAIS;1
LABRANZAGRANDE;David Santiago Ochoa Garcia;PARTIDO SOCIAL DE UNIDAD NACIONAL  PARTIDO DE LA U;1
LABRANZAGRANDE;Ericka Leonor Amador Gamarra;PARTIDO SOCIAL DE UNIDAD NACIONAL  PARTIDO DE LA U;1
LABRANZAGRANDE;Erika Dayana Piragauta Rodriguez;PARTIDO LIBERAL COLOMBIANO;1
LABRANZAGRANDE;Henry Goyeneche Hormaza;PARTIDO ALIANZA SOCIAL INDEPENDIENTE ASI;1
LABRANZAGRANDE;Jhon Fredy Garavito Cortes;PARTIDO SOCIAL DE UNIDAD NACIONAL  PARTIDO DE LA U;1
LABRANZAGRANDE;Jhonnatan Jairo Avellaneda Mesa;MOVIMIENTO ALTERNATIVO INDIGENA Y SOCIAL MAIS;1
LABRANZAGRANDE;Jose Dario Mahecha Castillo;PARTIDO CONSERVADOR COLOMBIANO;1
LABRANZAGRANDE;Juan Camilo Morales Rodriguez;PARTIDO LIBERAL COLOMBIANO;1
LABRANZAGRANDE;Juddy Alexandra Jimenez Cuadros;PARTIDO SOCIAL DE UNIDAD NACIONAL  PARTIDO DE LA U;1
LABRANZAGRANDE;Julieth Rocio Montañez Niño;PARTIDO ALIANZA SOCIAL INDEPENDIENTE ASI;1
LABRANZAGRANDE;Maira Adriana Zerda Gonzalez;PARTIDO ALIANZA VERDE;1
LABRANZAGRANDE;Nelson Mauricio Rodriguez Perez;PARTIDO CONSERVADOR COLOMBIANO;1
LABRANZAGRANDE;Omar Humberto Villamil Munevar;PARTIDO CONSERVADOR COLOMBIANO;1
LABRANZAGRANDE;Pedro Humberto Vargas Gomez;PARTIDO LIBERAL COLOMBIANO;1
LABRANZAGRANDE;Siervo Yesith Gonzalez Saavedra;PARTIDO CAMBIO RADICAL;1
LABRANZAGRANDE;Victor Tulio Ramirez Gutierrez;BOYACA DECENTE;1
LABRANZAGRANDE;Wilkins Fernando Chaparro Cuervo;PARTIDO ALIANZA SOCIAL INDEPENDIENTE ASI;1
MACANAL;Ingrid Marlen Sogamoso Alfonso;PARTIDO CENTRO DEMOCRATICO;524
MACANAL;Fernando Augusto Diaz Saenz;PARTIDO CONSERVADOR COLOMBIANO;292
MACANAL;Luisa Fernanda Rodriguez Alfonso;PARTIDO ALIANZA VERDE;126
MACANAL;Yamir Oswaldo Lopez Peña;PARTIDO ALIANZA VERDE;84
MACANAL;Claudia Yaneth Avila Castillo;PARTIDO SOCIAL DE UNIDAD NACIONAL  PARTIDO DE LA U;79
MACANAL;Partido Conservador Colombiano;PARTIDO CONSERVADOR COLOMBIANO;61
MACANAL;Maira Adriana Zerda Gonzalez;PARTIDO ALIANZA VERDE;59
MACANAL;Gustavo Eduardo Castañeda Niño;PARTIDO ALIANZA VERDE;57
MACANAL;Partido Alianza Verde;PARTIDO ALIANZA VERDE;55
MACANAL;Partido Centro Democratico;PARTIDO CENTRO DEMOCRATICO;50
MACANAL;Johan Francisco Herrera Gualdron;PARTIDO ALIANZA VERDE;41
MACANAL;Jose Dario Mahecha Castillo;PARTIDO CONSERVADOR COLOMBIANO;41
MACANAL;Alfredo Horacio Correa Higuera;PARTIDO CAMBIO RADICAL;33
MACANAL;Ivan Ricardo Pirachican Bernal;PARTIDO CONSERVADOR COLOMBIANO;33
MACANAL;Jose Armando Quiñones Garzon;PARTIDO CENTRO DEMOCRATICO;28
MACANAL;Anderson Joaquin Sanchez Ruiz;PARTIDO LIBERAL COLOMBIANO;24
MACANAL;Partido Alianza Social Independiente Asi;PARTIDO ALIANZA SOCIAL INDEPENDIENTE ASI;23
MACANAL;Jose Antonio Estupiñan Caceres;PARTIDO CONSERVADOR COLOMBIANO;20
MACANAL;Concha Jael Vargas Saavedra;PARTIDO CONSERVADOR COLOMBIANO;19
MACANAL;William Rodolfo Mesa Avella;PARTIDO CENTRO DEMOCRATICO;17
MACANAL;Carlos Ernesto Torres Aguirre;PARTIDO CONSERVADOR COLOMBIANO;16
MACANAL;Jhonnatan Jairo Avellaneda Mesa;MOVIMIENTO ALTERNATIVO INDIGENA Y SOCIAL MAIS;15
MACANAL;Jose Wilmar Leal Abril;PARTIDO CAMBIO RADICAL;13
MACANAL;Sergio Cabra Sierra;PARTIDO SOCIAL DE UNIDAD NACIONAL  PARTIDO DE LA U;12
MACANAL;Wilkins Fernando Chaparro Cuervo;PARTIDO ALIANZA SOCIAL INDEPENDIENTE ASI;12
MACANAL;Aura Lucia Ortiz Cardona;PARTIDO CENTRO DEMOCRATICO;11
MACANAL;Hugo Alveiro Rosas Romero;PARTIDO ALIANZA VERDE;11
MACANAL;Partido Liberal Colombiano;PARTIDO LIBERAL COLOMBIANO;11
MACANAL;Fabian Camilo Rojas Barrera;PARTIDO LIBERAL COLOMBIANO;9
MACANAL;Sonia Esperanza Lopez Barrera;PARTIDO CONSERVADOR COLOMBIANO;9
MACANAL;Fernando Alexander Serrato Fonseca;PARTIDO LIBERAL COLOMBIANO;8
MACANAL;Partido Social De Unidad Nacional  Partido De La U;PARTIDO SOCIAL DE UNIDAD NACIONAL  PARTIDO DE LA U;8
MACANAL;Pedro Pablo Salas Hernandez;PARTIDO ALIANZA VERDE;8
MACANAL;Alberto Enrique Murillo Sanchez;PARTIDO CAMBIO RADICAL;7
MACANAL;Ana Adela Pulido Cuadros;PARTIDO CONSERVADOR COLOMBIANO;7
MACANAL;Carlos Alfredo Siza Blanco;PARTIDO CONSERVADOR COLOMBIANO;7
MACANAL;Helver Ariel Avila Panche;PARTIDO CENTRO DEMOCRATICO;7
MACANAL;Partido Colombia Justa Libres;PARTIDO COLOMBIA JUSTA LIBRES;7
MACANAL;Jairo Pacheco Suarez;PARTIDO LIBERAL COLOMBIANO;6
MACANAL;Jose Agustin Arias Millan;PARTIDO CENTRO DEMOCRATICO;6
MACANAL;Nelson Mauricio Rodriguez Perez;PARTIDO CONSERVADOR COLOMBIANO;6
MACANAL;Oscar Leonardo Montañez Sierra;PARTIDO CAMBIO RADICAL;6
MACANAL;Alvaro Hernan Forero Hurtado;BOYACA DECENTE;5
MACANAL;Angela Patricia Velandia Novoa;PARTIDO ALIANZA VERDE;5
MACANAL;David Santiago Ochoa Garcia;PARTIDO SOCIAL DE UNIDAD NACIONAL  PARTIDO DE LA U;5
MACANAL;Hernando Arias Ochoa;PARTIDO ALIANZA SOCIAL INDEPENDIENTE ASI;5
MACANAL;Juan Camilo Morales Rodriguez;PARTIDO LIBERAL COLOMBIANO;5
MACANAL;Omar Fernando Valderrama Baez;PARTIDO CENTRO DEMOCRATICO;5
MACANAL;Partido Cambio Radical;PARTIDO CAMBIO RADICAL;5
MACANAL;Yury Neill Diaz Aranguren;MOVIMIENTO ALTERNATIVO INDIGENA Y SOCIAL MAIS;5
MACANAL;Angela Rocio Umaña Rojas;PARTIDO CONSERVADOR COLOMBIANO;4
MACANAL;Boyaca Decente;BOYACA DECENTE;4
MACANAL;Eliana Maria Villate Fonseca;PARTIDO CONSERVADOR COLOMBIANO;4
MACANAL;Giovanna Del Pilar Soto Barreto;PARTIDO CAMBIO RADICAL;4
MACANAL;Luis Carlos Ochoa Pasachoa;PARTIDO ALIANZA VERDE;4
MACANAL;Luz Dary Sevillano Guerrero;PARTIDO ALIANZA VERDE;4
MACANAL;Mauricio Cadena Valero;PARTIDO CENTRO DEMOCRATICO;4
MACANAL;Norman De Jesus Quintero Gallego;PARTIDO CONSERVADOR COLOMBIANO;4
MACANAL;Olga Niño Rojas;PARTIDO CENTRO DEMOCRATICO;4
MACANAL;Willian David Pabon Jimenez;PARTIDO SOCIAL DE UNIDAD NACIONAL  PARTIDO DE LA U;4
MACANAL;Wilton Fredy Castro Silva;PARTIDO ALIANZA VERDE;4
MACANAL;Fredy Julian Castro Rodriguez;PARTIDO CENTRO DEMOCRATICO;3
MACANAL;Hector Josue Camacho Acosta;PARTIDO CENTRO DEMOCRATICO;3
MACANAL;Jaime Andres Gomez Gomez;PARTIDO CONSERVADOR COLOMBIANO;3
MACANAL;Maria De Los Santos Salamanca Silva;PARTIDO ALIANZA VERDE;3
MACANAL;Mariev Bejarano Ospina;BOYACA DECENTE;3
MACANAL;Merardo Vargas Roa;PARTIDO ALIANZA VERDE;3
MACANAL;Orlando Florez Cuervo;PARTIDO CENTRO DEMOCRATICO;3
MACANAL;Pablo Antonio Zambrano Salamanca;PARTIDO CONSERVADOR COLOMBIANO;3
MACANAL;Ricardo Alonso Rojas Sachica;PARTIDO ALIANZA VERDE;3
MACANAL;Alba Luz Becerra Becerra;PARTIDO ALIANZA SOCIAL INDEPENDIENTE ASI;2
MACANAL;Edwin Alfonso Perez Beltran;PARTIDO ALIANZA SOCIAL INDEPENDIENTE ASI;2
MACANAL;Estefany Johana Grajales Marin;MOVIMIENTO ALTERNATIVO INDIGENA Y SOCIAL MAIS;2
MACANAL;Fredy Leonardo Rojas Vargas;PARTIDO CENTRO DEMOCRATICO;2
MACANAL;Irma Yineth Velandia Sandoval;PARTIDO CAMBIO RADICAL;2
MACANAL;Jairo Correa Acevedo;MOVIMIENTO ALTERNATIVO INDIGENA Y SOCIAL MAIS;2
MACANAL;Jairo Enrique Cabana Fonseca;PARTIDO ALIANZA VERDE;2
MACANAL;Julieth Rocio Montañez Niño;PARTIDO ALIANZA SOCIAL INDEPENDIENTE ASI;2
MACANAL;Katherin Tatiana Calderon Acosta;PARTIDO CENTRO DEMOCRATICO;2
MACANAL;Movimiento Alternativo Indigena Y Social Mais;MOVIMIENTO ALTERNATIVO INDIGENA Y SOCIAL MAIS;2
MACANAL;Omar Humberto Villamil Munevar;PARTIDO CONSERVADOR COLOMBIANO;2
MACANAL;Wilder Ivan Suesca Ochoa;PARTIDO CENTRO DEMOCRATICO;2
MACANAL;Adriana Paola Laverde Rodriguez;MOVIMIENTO ALTERNATIVO INDIGENA Y SOCIAL MAIS;1
MACANAL;Ana Delia Avendaño Hernandez;PARTIDO LIBERAL COLOMBIANO;1
MACANAL;Ana Lucia Parra Monroy;PARTIDO SOCIAL DE UNIDAD NACIONAL  PARTIDO DE LA U;1
MACANAL;Andres Mauricio Escarria Barraza;PARTIDO CAMBIO RADICAL;1
MACANAL;Antonio Ernesto Leguizamo Diaz;PARTIDO LIBERAL COLOMBIANO;1
MACANAL;Armando Buitrago Acevedo;PARTIDO ALIANZA SOCIAL INDEPENDIENTE ASI;1
MACANAL;David Alejandro Avila Cely;MOVIMIENTO ALTERNATIVO INDIGENA Y SOCIAL MAIS;1
MACANAL;Eliana Hasleidy Gamez Pinilla;PARTIDO CAMBIO RADICAL;1
MACANAL;Jorge Eduardo Diaz Avendaño;MOVIMIENTO ALTERNATIVO INDIGENA Y SOCIAL MAIS;1
MACANAL;Jose Mauricio Buitrago Rivera;PARTIDO CAMBIO RADICAL;1
MACANAL;Luis Carlos Machado Zapata;PARTIDO LIBERAL COLOMBIANO;1
MACANAL;Manuel Ricardo Mesa Trujillo;PARTIDO SOCIAL DE UNIDAD NACIONAL  PARTIDO DE LA U;1
MACANAL;Neddy Esther Sandoval Figueredo;PARTIDO LIBERAL COLOMBIANO;1
MACANAL;Pedro Humberto Vargas Gomez;PARTIDO LIBERAL COLOMBIANO;1
MACANAL;Sandra Patricia Ricaurte Espinel;PARTIDO CAMBIO RADICAL;1
MACANAL;Segundo Fidel Salazar Gonzalez;PARTIDO SOCIAL DE UNIDAD NACIONAL  PARTIDO DE LA U;1
MACANAL;Uldarico Javier Ramirez Chilito;MOVIMIENTO ALTERNATIVO INDIGENA Y SOCIAL MAIS;1
MACANAL;Yadith Milena Martinez Farfan;PARTIDO CENTRO DEMOCRATICO;1
MACANAL;Nereo Baron Tellez;MOVIMIENTO ALTERNATIVO INDIGENA Y SOCIAL MAIS;0
MARIPI;Jose Armando Quiñones Garzon;PARTIDO CENTRO DEMOCRATICO;1067
MARIPI;Jose Dario Mahecha Castillo;PARTIDO CONSERVADOR COLOMBIANO;442
MARIPI;Hector Josue Camacho Acosta;PARTIDO CENTRO DEMOCRATICO;193
MARIPI;Yamir Oswaldo Lopez Peña;PARTIDO ALIANZA VERDE;179
MARIPI;Omar Humberto Villamil Munevar;PARTIDO CONSERVADOR COLOMBIANO;163
MARIPI;Partido Colombia Justa Libres;PARTIDO COLOMBIA JUSTA LIBRES;103
MARIPI;Carlos Ernesto Torres Aguirre;PARTIDO CONSERVADOR COLOMBIANO;95
MARIPI;Jairo Pacheco Suarez;PARTIDO LIBERAL COLOMBIANO;88
MARIPI;Ricardo Alonso Rojas Sachica;PARTIDO ALIANZA VERDE;80
MARIPI;Omar Fernando Valderrama Baez;PARTIDO CENTRO DEMOCRATICO;77
MARIPI;Oscar Leonardo Montañez Sierra;PARTIDO CAMBIO RADICAL;70
MARIPI;Partido Conservador Colombiano;PARTIDO CONSERVADOR COLOMBIANO;67
MARIPI;Partido Alianza Verde;PARTIDO ALIANZA VERDE;65
MARIPI;Partido Centro Democratico;PARTIDO CENTRO DEMOCRATICO;65
MARIPI;Concha Jael Vargas Saavedra;PARTIDO CONSERVADOR COLOMBIANO;50
MARIPI;Carlos Julian Diaz Franco;PARTIDO ALIANZA SOCIAL INDEPENDIENTE ASI;41
MARIPI;Partido Liberal Colombiano;PARTIDO LIBERAL COLOMBIANO;38
MARIPI;Ingrid Marlen Sogamoso Alfonso;PARTIDO CENTRO DEMOCRATICO;34
MARIPI;Eliana Maria Villate Fonseca;PARTIDO CONSERVADOR COLOMBIANO;30
MARIPI;William Rodolfo Mesa Avella;PARTIDO CENTRO DEMOCRATICO;30
MARIPI;Ana Adela Pulido Cuadros;PARTIDO CONSERVADOR COLOMBIANO;24
MARIPI;Willian David Pabon Jimenez;PARTIDO SOCIAL DE UNIDAD NACIONAL  PARTIDO DE LA U;21
MARIPI;Partido Social De Unidad Nacional  Partido De La U;PARTIDO SOCIAL DE UNIDAD NACIONAL  PARTIDO DE LA U;20
MARIPI;Roman Hernando Ortega Hernandez;PARTIDO ALIANZA VERDE;20
MARIPI;Jairo Enrique Cabana Fonseca;PARTIDO ALIANZA VERDE;18
MARIPI;Jose Mauricio Buitrago Rivera;PARTIDO CAMBIO RADICAL;17
MARIPI;Juan Camilo Morales Rodriguez;PARTIDO LIBERAL COLOMBIANO;17
MARIPI;Johan Francisco Herrera Gualdron;PARTIDO ALIANZA VERDE;16
MARIPI;Pedro Pablo Salas Hernandez;PARTIDO ALIANZA VERDE;16
MARIPI;Ivan Ricardo Pirachican Bernal;PARTIDO CONSERVADOR COLOMBIANO;15
MARIPI;Armando Buitrago Acevedo;PARTIDO ALIANZA SOCIAL INDEPENDIENTE ASI;14
MARIPI;Hernando Arias Ochoa;PARTIDO ALIANZA SOCIAL INDEPENDIENTE ASI;11
MARIPI;Jhon Fredy Garavito Cortes;PARTIDO SOCIAL DE UNIDAD NACIONAL  PARTIDO DE LA U;10
MARIPI;Alfredo Horacio Correa Higuera;PARTIDO CAMBIO RADICAL;9
MARIPI;Hugo Alveiro Rosas Romero;PARTIDO ALIANZA VERDE;8
MARIPI;Jose Wilmar Leal Abril;PARTIDO CAMBIO RADICAL;8
MARIPI;Gustavo Eduardo Castañeda Niño;PARTIDO ALIANZA VERDE;7
MARIPI;Nelson Mauricio Rodriguez Perez;PARTIDO CONSERVADOR COLOMBIANO;7
MARIPI;Partido Cambio Radical;PARTIDO CAMBIO RADICAL;7
MARIPI;Alvaro Hernan Forero Hurtado;BOYACA DECENTE;6
MARIPI;Angela Patricia Velandia Novoa;PARTIDO ALIANZA VERDE;6
MARIPI;Fabian Camilo Rojas Barrera;PARTIDO LIBERAL COLOMBIANO;6
MARIPI;Fredy Julian Castro Rodriguez;PARTIDO CENTRO DEMOCRATICO;6
MARIPI;Katherin Tatiana Calderon Acosta;PARTIDO CENTRO DEMOCRATICO;6
MARIPI;Luis Carlos Ochoa Pasachoa;PARTIDO ALIANZA VERDE;6
MARIPI;Boyaca Decente;BOYACA DECENTE;5
MARIPI;Carlos Alfredo Siza Blanco;PARTIDO CONSERVADOR COLOMBIANO;5
MARIPI;Partido Alianza Social Independiente Asi;PARTIDO ALIANZA SOCIAL INDEPENDIENTE ASI;5
MARIPI;Vivian Catherin Alvarez;PARTIDO ALIANZA SOCIAL INDEPENDIENTE ASI;5
MARIPI;Cesar Augusto Mojica Bedoya;PARTIDO SOCIAL DE UNIDAD NACIONAL  PARTIDO DE LA U;4
MARIPI;Fernando Alexander Serrato Fonseca;PARTIDO LIBERAL COLOMBIANO;4
MARIPI;Jaime Andres Gomez Gomez;PARTIDO CONSERVADOR COLOMBIANO;4
MARIPI;Luis Carlos Machado Zapata;PARTIDO LIBERAL COLOMBIANO;4
MARIPI;Mauricio Cadena Valero;PARTIDO CENTRO DEMOCRATICO;4
MARIPI;Orlando Florez Cuervo;PARTIDO CENTRO DEMOCRATICO;4
MARIPI;Pablo Antonio Zambrano Salamanca;PARTIDO CONSERVADOR COLOMBIANO;4
MARIPI;Sergio Cabra Sierra;PARTIDO SOCIAL DE UNIDAD NACIONAL  PARTIDO DE LA U;4
MARIPI;Sonia Esperanza Lopez Barrera;PARTIDO CONSERVADOR COLOMBIANO;4
MARIPI;Alberto Enrique Murillo Sanchez;PARTIDO CAMBIO RADICAL;3
MARIPI;Ana Lucia Parra Monroy;PARTIDO SOCIAL DE UNIDAD NACIONAL  PARTIDO DE LA U;3
MARIPI;Anderson Joaquin Sanchez Ruiz;PARTIDO LIBERAL COLOMBIANO;3
MARIPI;Claudia Yaneth Avila Castillo;PARTIDO SOCIAL DE UNIDAD NACIONAL  PARTIDO DE LA U;3
MARIPI;Jhonnatan Jairo Avellaneda Mesa;MOVIMIENTO ALTERNATIVO INDIGENA Y SOCIAL MAIS;3
MARIPI;Luz Dary Sevillano Guerrero;PARTIDO ALIANZA VERDE;3
MARIPI;Manuel Ricardo Mesa Trujillo;PARTIDO SOCIAL DE UNIDAD NACIONAL  PARTIDO DE LA U;3
MARIPI;Mariev Bejarano Ospina;BOYACA DECENTE;3
MARIPI;Olga Niño Rojas;PARTIDO CENTRO DEMOCRATICO;3
MARIPI;Segundo Fidel Salazar Gonzalez;PARTIDO SOCIAL DE UNIDAD NACIONAL  PARTIDO DE LA U;3
MARIPI;Wilton Fredy Castro Silva;PARTIDO ALIANZA VERDE;3
MARIPI;Yadith Milena Martinez Farfan;PARTIDO CENTRO DEMOCRATICO;3
MARIPI;Angela Rocio Umaña Rojas;PARTIDO CONSERVADOR COLOMBIANO;2
MARIPI;Antonio Ernesto Leguizamo Diaz;PARTIDO LIBERAL COLOMBIANO;2
MARIPI;Fredy Enrique Segura Alonso;BOYACA DECENTE;2
MARIPI;Irma Yineth Velandia Sandoval;PARTIDO CAMBIO RADICAL;2
MARIPI;Jose Antonio Estupiñan Caceres;PARTIDO CONSERVADOR COLOMBIANO;2
MARIPI;Juddy Alexandra Jimenez Cuadros;PARTIDO SOCIAL DE UNIDAD NACIONAL  PARTIDO DE LA U;2
MARIPI;Kiliam Ernesto Gonzalez Forero;BOYACA DECENTE;2
MARIPI;Maira Adriana Zerda Gonzalez;PARTIDO ALIANZA VERDE;2
MARIPI;Maria Francia Blanco Pedroza;BOYACA DECENTE;2
MARIPI;Merardo Vargas Roa;PARTIDO ALIANZA VERDE;2
MARIPI;Movimiento Alternativo Indigena Y Social Mais;MOVIMIENTO ALTERNATIVO INDIGENA Y SOCIAL MAIS;2
MARIPI;Nelsy Yolanda Rivera Ferrucho;BOYACA DECENTE;2
MARIPI;Norman De Jesus Quintero Gallego;PARTIDO CONSERVADOR COLOMBIANO;2
MARIPI;Ricardo Andres Español Teatino;PARTIDO LIBERAL COLOMBIANO;2
MARIPI;Sandra Patricia Contreras Soto;PARTIDO LIBERAL COLOMBIANO;2
MARIPI;Sandra Patricia Ricaurte Espinel;PARTIDO CAMBIO RADICAL;2
MARIPI;Siervo Yesith Gonzalez Saavedra;PARTIDO CAMBIO RADICAL;2
MARIPI;Yury Neill Diaz Aranguren;MOVIMIENTO ALTERNATIVO INDIGENA Y SOCIAL MAIS;2
MARIPI;Andres Mauricio Escarria Barraza;PARTIDO CAMBIO RADICAL;1
MARIPI;Angela Magaly Garcia Rivera;MOVIMIENTO ALTERNATIVO INDIGENA Y SOCIAL MAIS;1
MARIPI;Carlos Eduardo Vega Alvarez;BOYACA DECENTE;1
MARIPI;David Santiago Ochoa Garcia;PARTIDO SOCIAL DE UNIDAD NACIONAL  PARTIDO DE LA U;1
MARIPI;Edgar Antulio Gonzalez Trujillo;BOYACA DECENTE;1
MARIPI;Edwin Andres Rodriguez Rodriguez;PARTIDO LIBERAL COLOMBIANO;1
MARIPI;Eliana Hasleidy Gamez Pinilla;PARTIDO CAMBIO RADICAL;1
MARIPI;Elsa Marlen Manrique Pulgar;PARTIDO LIBERAL COLOMBIANO;1
MARIPI;Ericka Leonor Amador Gamarra;PARTIDO SOCIAL DE UNIDAD NACIONAL  PARTIDO DE LA U;1
MARIPI;Fernando Augusto Diaz Saenz;PARTIDO CONSERVADOR COLOMBIANO;1
MARIPI;Fredy Leonardo Rojas Vargas;PARTIDO CENTRO DEMOCRATICO;1
MARIPI;Helver Ariel Avila Panche;PARTIDO CENTRO DEMOCRATICO;1
MARIPI;Jairo Correa Acevedo;MOVIMIENTO ALTERNATIVO INDIGENA Y SOCIAL MAIS;1
MARIPI;Jorge Eduardo Diaz Avendaño;MOVIMIENTO ALTERNATIVO INDIGENA Y SOCIAL MAIS;1
MARIPI;Jorge Ignacio Lopez Barrera;BOYACA DECENTE;1
MARIPI;Jorge Marin Jerez Amado;PARTIDO LIBERAL COLOMBIANO;1
MARIPI;Lizeth Paola Saade Fuentes;MOVIMIENTO ALTERNATIVO INDIGENA Y SOCIAL MAIS;1
MARIPI;Luis Carlos Bernal Mesa;PARTIDO SOCIAL DE UNIDAD NACIONAL  PARTIDO DE LA U;1
MARIPI;Luisa Fernanda Rodriguez Alfonso;PARTIDO ALIANZA VERDE;1
MARIPI;Maria De Los Santos Salamanca Silva;PARTIDO ALIANZA VERDE;1
MARIPI;Martha Ines Zipa Martinez;PARTIDO CAMBIO RADICAL;1
MARIPI;Pedro Humberto Vargas Gomez;PARTIDO LIBERAL COLOMBIANO;1
MARIPI;Sandra Milena Ramirez Moreno;PARTIDO CAMBIO RADICAL;1
MIRAFLORES;Fabian Camilo Rojas Barrera;PARTIDO LIBERAL COLOMBIANO;3876
MIRAFLORES;Merardo Vargas Roa;PARTIDO ALIANZA VERDE;259
MIRAFLORES;Partido Liberal Colombiano;PARTIDO LIBERAL COLOMBIANO;98
MIRAFLORES;Jairo Pacheco Suarez;PARTIDO LIBERAL COLOMBIANO;96
MIRAFLORES;Partido Alianza Verde;PARTIDO ALIANZA VERDE;69
MIRAFLORES;Johan Francisco Herrera Gualdron;PARTIDO ALIANZA VERDE;68
MIRAFLORES;William Rodolfo Mesa Avella;PARTIDO CENTRO DEMOCRATICO;68
MIRAFLORES;Yamir Oswaldo Lopez Peña;PARTIDO ALIANZA VERDE;46
MIRAFLORES;Partido Colombia Justa Libres;PARTIDO COLOMBIA JUSTA LIBRES;44
MIRAFLORES;Fernando Alexander Serrato Fonseca;PARTIDO LIBERAL COLOMBIANO;42
MIRAFLORES;Angela Patricia Velandia Novoa;PARTIDO ALIANZA VERDE;40
MIRAFLORES;Juan Camilo Morales Rodriguez;PARTIDO LIBERAL COLOMBIANO;37
MIRAFLORES;Luis Carlos Ochoa Pasachoa;PARTIDO ALIANZA VERDE;32
MIRAFLORES;Anderson Joaquin Sanchez Ruiz;PARTIDO LIBERAL COLOMBIANO;30
MIRAFLORES;Alfredo Horacio Correa Higuera;PARTIDO CAMBIO RADICAL;29
MIRAFLORES;Elsa Marlen Manrique Pulgar;PARTIDO LIBERAL COLOMBIANO;25
MIRAFLORES;Luis Carlos Machado Zapata;PARTIDO LIBERAL COLOMBIANO;25
MIRAFLORES;Gustavo Eduardo Castañeda Niño;PARTIDO ALIANZA VERDE;24
MIRAFLORES;Pedro Pablo Salas Hernandez;PARTIDO ALIANZA VERDE;24
MIRAFLORES;Jhonnatan Jairo Avellaneda Mesa;MOVIMIENTO ALTERNATIVO INDIGENA Y SOCIAL MAIS;22
MIRAFLORES;Mauricio Cadena Valero;PARTIDO CENTRO DEMOCRATICO;22
MIRAFLORES;Wilder Ivan Suesca Ochoa;PARTIDO CENTRO DEMOCRATICO;20
MIRAFLORES;Luisa Fernanda Rodriguez Alfonso;PARTIDO ALIANZA VERDE;19
MIRAFLORES;Partido Cambio Radical;PARTIDO CAMBIO RADICAL;15
MIRAFLORES;Sergio Cabra Sierra;PARTIDO SOCIAL DE UNIDAD NACIONAL  PARTIDO DE LA U;15
MIRAFLORES;Wilkins Fernando Chaparro Cuervo;PARTIDO ALIANZA SOCIAL INDEPENDIENTE ASI;15
MIRAFLORES;Neddy Esther Sandoval Figueredo;PARTIDO LIBERAL COLOMBIANO;14
MIRAFLORES;Mariev Bejarano Ospina;BOYACA DECENTE;13
MIRAFLORES;Partido Alianza Social Independiente Asi;PARTIDO ALIANZA SOCIAL INDEPENDIENTE ASI;13
MIRAFLORES;Hugo Alveiro Rosas Romero;PARTIDO ALIANZA VERDE;12
MIRAFLORES;Jorge Marin Jerez Amado;PARTIDO LIBERAL COLOMBIANO;12
MIRAFLORES;Partido Social De Unidad Nacional  Partido De La U;PARTIDO SOCIAL DE UNIDAD NACIONAL  PARTIDO DE LA U;12
MIRAFLORES;Ricardo Alonso Rojas Sachica;PARTIDO ALIANZA VERDE;12
MIRAFLORES;Ingrid Marlen Sogamoso Alfonso;PARTIDO CENTRO DEMOCRATICO;9
MIRAFLORES;Jairo Correa Acevedo;MOVIMIENTO ALTERNATIVO INDIGENA Y SOCIAL MAIS;9
MIRAFLORES;Jorge Enrique Camacho Rodriguez;PARTIDO ALIANZA SOCIAL INDEPENDIENTE ASI;9
MIRAFLORES;Jhon Fredy Garavito Cortes;PARTIDO SOCIAL DE UNIDAD NACIONAL  PARTIDO DE LA U;8
MIRAFLORES;Luz Dary Sevillano Guerrero;PARTIDO ALIANZA VERDE;8
MIRAFLORES;Partido Centro Democratico;PARTIDO CENTRO DEMOCRATICO;8
MIRAFLORES;Alba Luz Becerra Becerra;PARTIDO ALIANZA SOCIAL INDEPENDIENTE ASI;7
MIRAFLORES;Ana Adela Pulido Cuadros;PARTIDO CONSERVADOR COLOMBIANO;7
MIRAFLORES;Antonio Ernesto Leguizamo Diaz;PARTIDO LIBERAL COLOMBIANO;7
MIRAFLORES;Jose Wilmar Leal Abril;PARTIDO CAMBIO RADICAL;7
MIRAFLORES;Armando Buitrago Acevedo;PARTIDO ALIANZA SOCIAL INDEPENDIENTE ASI;6
MIRAFLORES;Pedro Humberto Vargas Gomez;PARTIDO LIBERAL COLOMBIANO;6
MIRAFLORES;Hernando Arias Ochoa;PARTIDO ALIANZA SOCIAL INDEPENDIENTE ASI;5
MIRAFLORES;Irma Yineth Velandia Sandoval;PARTIDO CAMBIO RADICAL;5
MIRAFLORES;Jose Agustin Arias Millan;PARTIDO CENTRO DEMOCRATICO;5
MIRAFLORES;Sandra Patricia Contreras Soto;PARTIDO LIBERAL COLOMBIANO;5
MIRAFLORES;Yury Neill Diaz Aranguren;MOVIMIENTO ALTERNATIVO INDIGENA Y SOCIAL MAIS;5
MIRAFLORES;Claudia Yaneth Avila Castillo;PARTIDO SOCIAL DE UNIDAD NACIONAL  PARTIDO DE LA U;4
MIRAFLORES;Estefany Johana Grajales Marin;MOVIMIENTO ALTERNATIVO INDIGENA Y SOCIAL MAIS;4
MIRAFLORES;Ivan Ricardo Pirachican Bernal;PARTIDO CONSERVADOR COLOMBIANO;4
MIRAFLORES;Jairo Enrique Cabana Fonseca;PARTIDO ALIANZA VERDE;4
MIRAFLORES;Jose Antonio Estupiñan Caceres;PARTIDO CONSERVADOR COLOMBIANO;4
MIRAFLORES;Jose Armando Quiñones Garzon;PARTIDO CENTRO DEMOCRATICO;4
MIRAFLORES;Manuel Ricardo Mesa Trujillo;PARTIDO SOCIAL DE UNIDAD NACIONAL  PARTIDO DE LA U;4
MIRAFLORES;Willian David Pabon Jimenez;PARTIDO SOCIAL DE UNIDAD NACIONAL  PARTIDO DE LA U;4
MIRAFLORES;Alvaro Hernan Forero Hurtado;BOYACA DECENTE;3
MIRAFLORES;David Santiago Ochoa Garcia;PARTIDO SOCIAL DE UNIDAD NACIONAL  PARTIDO DE LA U;3
MIRAFLORES;Edwin Alfonso Perez Beltran;PARTIDO ALIANZA SOCIAL INDEPENDIENTE ASI;3
MIRAFLORES;Jose Leonidas Medina Cruz;PARTIDO SOCIAL DE UNIDAD NACIONAL  PARTIDO DE LA U;3
MIRAFLORES;Ricardo Andres Español Teatino;PARTIDO LIBERAL COLOMBIANO;3
MIRAFLORES;Uldarico Javier Ramirez Chilito;MOVIMIENTO ALTERNATIVO INDIGENA Y SOCIAL MAIS;3
MIRAFLORES;Adriana Paola Laverde Rodriguez;MOVIMIENTO ALTERNATIVO INDIGENA Y SOCIAL MAIS;2
MIRAFLORES;Alberto Enrique Murillo Sanchez;PARTIDO CAMBIO RADICAL;2
MIRAFLORES;Ana Lucia Parra Monroy;PARTIDO SOCIAL DE UNIDAD NACIONAL  PARTIDO DE LA U;2
MIRAFLORES;Cesar Augusto Mojica Bedoya;PARTIDO SOCIAL DE UNIDAD NACIONAL  PARTIDO DE LA U;2
MIRAFLORES;Daniel Fernando Mejia Lozano;PARTIDO ALIANZA SOCIAL INDEPENDIENTE ASI;2
MIRAFLORES;Eliana Hasleidy Gamez Pinilla;PARTIDO CAMBIO RADICAL;2
MIRAFLORES;Ericka Leonor Amador Gamarra;PARTIDO SOCIAL DE UNIDAD NACIONAL  PARTIDO DE LA U;2
MIRAFLORES;Erika Dayana Piragauta Rodriguez;PARTIDO LIBERAL COLOMBIANO;2
MIRAFLORES;Fredy Julian Castro Rodriguez;PARTIDO CENTRO DEMOCRATICO;2
MIRAFLORES;Fredy Leonardo Rojas Vargas;PARTIDO CENTRO DEMOCRATICO;2
MIRAFLORES;Maria De Los Santos Salamanca Silva;PARTIDO ALIANZA VERDE;2
MIRAFLORES;Olga Niño Rojas;PARTIDO CENTRO DEMOCRATICO;2
MIRAFLORES;Partido Conservador Colombiano;PARTIDO CONSERVADOR COLOMBIANO;2
MIRAFLORES;Roman Hernando Ortega Hernandez;PARTIDO ALIANZA VERDE;2
MIRAFLORES;Sandra Milena Ramirez Moreno;PARTIDO CAMBIO RADICAL;2
MIRAFLORES;Segundo Fidel Salazar Gonzalez;PARTIDO SOCIAL DE UNIDAD NACIONAL  PARTIDO DE LA U;2
MIRAFLORES;Ana Delia Avendaño Hernandez;PARTIDO LIBERAL COLOMBIANO;1
MIRAFLORES;Andrea Carolina Camargo Caro;MOVIMIENTO ALTERNATIVO INDIGENA Y SOCIAL MAIS;1
MIRAFLORES;Boyaca Decente;BOYACA DECENTE;1
MIRAFLORES;Carlos Alfredo Siza Blanco;PARTIDO CONSERVADOR COLOMBIANO;1
MIRAFLORES;Carlos Eduardo Vega Alvarez;BOYACA DECENTE;1
MIRAFLORES;Carlos Julian Diaz Franco;PARTIDO ALIANZA SOCIAL INDEPENDIENTE ASI;1
MIRAFLORES;Concha Jael Vargas Saavedra;PARTIDO CONSERVADOR COLOMBIANO;1
MIRAFLORES;Edgar Antulio Gonzalez Trujillo;BOYACA DECENTE;1
MIRAFLORES;Edwin Andres Rodriguez Rodriguez;PARTIDO LIBERAL COLOMBIANO;1
MIRAFLORES;Hector Josue Camacho Acosta;PARTIDO CENTRO DEMOCRATICO;1
MIRAFLORES;Jaime Andres Gomez Gomez;PARTIDO CONSERVADOR COLOMBIANO;1
MIRAFLORES;John Fredy Lopez Mora;MOVIMIENTO ALTERNATIVO INDIGENA Y SOCIAL MAIS;1
MIRAFLORES;Julieth Rocio Montañez Niño;PARTIDO ALIANZA SOCIAL INDEPENDIENTE ASI;1
MIRAFLORES;Maira Adriana Zerda Gonzalez;PARTIDO ALIANZA VERDE;1
MIRAFLORES;Movimiento Alternativo Indigena Y Social Mais;MOVIMIENTO ALTERNATIVO INDIGENA Y SOCIAL MAIS;1
MIRAFLORES;Nelsy Yolanda Rivera Ferrucho;BOYACA DECENTE;1
MIRAFLORES;Norman De Jesus Quintero Gallego;PARTIDO CONSERVADOR COLOMBIANO;1
MIRAFLORES;Omar Fernando Valderrama Baez;PARTIDO CENTRO DEMOCRATICO;1
MIRAFLORES;Siervo Yesith Gonzalez Saavedra;PARTIDO CAMBIO RADICAL;1
MIRAFLORES;Wilton Fredy Castro Silva;PARTIDO ALIANZA VERDE;1
MONGUA;William Rodolfo Mesa Avella;PARTIDO CENTRO DEMOCRATICO;408
MONGUA;Carlos Ernesto Torres Aguirre;PARTIDO CONSERVADOR COLOMBIANO;258
MONGUA;Jose Antonio Estupiñan Caceres;PARTIDO CONSERVADOR COLOMBIANO;185
MONGUA;Fernando Alexander Serrato Fonseca;PARTIDO LIBERAL COLOMBIANO;93
MONGUA;Hector Josue Camacho Acosta;PARTIDO CENTRO DEMOCRATICO;92
MONGUA;Maria De Los Santos Salamanca Silva;PARTIDO ALIANZA VERDE;68
MONGUA;Ingrid Marlen Sogamoso Alfonso;PARTIDO CENTRO DEMOCRATICO;57
MONGUA;Omar Fernando Valderrama Baez;PARTIDO CENTRO DEMOCRATICO;51
MONGUA;Fernando Augusto Diaz Saenz;PARTIDO CONSERVADOR COLOMBIANO;49
MONGUA;Wilder Ivan Suesca Ochoa;PARTIDO CENTRO DEMOCRATICO;49
MONGUA;Jose Dario Mahecha Castillo;PARTIDO CONSERVADOR COLOMBIANO;41
MONGUA;Partido Alianza Verde;PARTIDO ALIANZA VERDE;41
MONGUA;Roman Hernando Ortega Hernandez;PARTIDO ALIANZA VERDE;41
MONGUA;Willian David Pabon Jimenez;PARTIDO SOCIAL DE UNIDAD NACIONAL  PARTIDO DE LA U;39
MONGUA;Jose Armando Quiñones Garzon;PARTIDO CENTRO DEMOCRATICO;38
MONGUA;Partido Centro Democratico;PARTIDO CENTRO DEMOCRATICO;35
MONGUA;Nelson Mauricio Rodriguez Perez;PARTIDO CONSERVADOR COLOMBIANO;34
MONGUA;Hugo Alveiro Rosas Romero;PARTIDO ALIANZA VERDE;33
MONGUA;Fredy Leonardo Rojas Vargas;PARTIDO CENTRO DEMOCRATICO;32
MONGUA;Uldarico Javier Ramirez Chilito;MOVIMIENTO ALTERNATIVO INDIGENA Y SOCIAL MAIS;29
MONGUA;Anderson Joaquin Sanchez Ruiz;PARTIDO LIBERAL COLOMBIANO;28
MONGUA;Partido Conservador Colombiano;PARTIDO CONSERVADOR COLOMBIANO;28
MONGUA;Jose Wilmar Leal Abril;PARTIDO CAMBIO RADICAL;27
MONGUA;Yury Neill Diaz Aranguren;MOVIMIENTO ALTERNATIVO INDIGENA Y SOCIAL MAIS;27
MONGUA;Luisa Fernanda Rodriguez Alfonso;PARTIDO ALIANZA VERDE;24
MONGUA;Manuel Ricardo Mesa Trujillo;PARTIDO SOCIAL DE UNIDAD NACIONAL  PARTIDO DE LA U;24
MONGUA;Fredy Julian Castro Rodriguez;PARTIDO CENTRO DEMOCRATICO;23
MONGUA;Yamir Oswaldo Lopez Peña;PARTIDO ALIANZA VERDE;23
MONGUA;Pablo Antonio Zambrano Salamanca;PARTIDO CONSERVADOR COLOMBIANO;22
MONGUA;Jaime Andres Gomez Gomez;PARTIDO CONSERVADOR COLOMBIANO;20
MONGUA;Wilkins Fernando Chaparro Cuervo;PARTIDO ALIANZA SOCIAL INDEPENDIENTE ASI;20
MONGUA;Ricardo Alonso Rojas Sachica;PARTIDO ALIANZA VERDE;19
MONGUA;Jairo Pacheco Suarez;PARTIDO LIBERAL COLOMBIANO;16
MONGUA;Mauricio Cadena Valero;PARTIDO CENTRO DEMOCRATICO;16
MONGUA;Oscar Leonardo Montañez Sierra;PARTIDO CAMBIO RADICAL;16
MONGUA;Partido Cambio Radical;PARTIDO CAMBIO RADICAL;16
MONGUA;Partido Liberal Colombiano;PARTIDO LIBERAL COLOMBIANO;16
MONGUA;Jhon Fredy Garavito Cortes;PARTIDO SOCIAL DE UNIDAD NACIONAL  PARTIDO DE LA U;15
MONGUA;Luis Carlos Ochoa Pasachoa;PARTIDO ALIANZA VERDE;15
MONGUA;Hernando Arias Ochoa;PARTIDO ALIANZA SOCIAL INDEPENDIENTE ASI;14
MONGUA;Jose Mauricio Buitrago Rivera;PARTIDO CAMBIO RADICAL;14
MONGUA;Antonio Ernesto Leguizamo Diaz;PARTIDO LIBERAL COLOMBIANO;13
MONGUA;Armando Buitrago Acevedo;PARTIDO ALIANZA SOCIAL INDEPENDIENTE ASI;13
MONGUA;Cesar Augusto Mojica Bedoya;PARTIDO SOCIAL DE UNIDAD NACIONAL  PARTIDO DE LA U;13
MONGUA;Laura Patricia Contreras Alvarez;PARTIDO ALIANZA SOCIAL INDEPENDIENTE ASI;13
MONGUA;Pedro Pablo Salas Hernandez;PARTIDO ALIANZA VERDE;13
MONGUA;Gustavo Eduardo Castañeda Niño;PARTIDO ALIANZA VERDE;11
MONGUA;Ivan Ricardo Pirachican Bernal;PARTIDO CONSERVADOR COLOMBIANO;11
MONGUA;Alfredo Horacio Correa Higuera;PARTIDO CAMBIO RADICAL;10
MONGUA;Andres Mauricio Escarria Barraza;PARTIDO CAMBIO RADICAL;10
MONGUA;Carlos Alfredo Siza Blanco;PARTIDO CONSERVADOR COLOMBIANO;10
MONGUA;Luis Carlos Bernal Mesa;PARTIDO SOCIAL DE UNIDAD NACIONAL  PARTIDO DE LA U;10
MONGUA;Olga Niño Rojas;PARTIDO CENTRO DEMOCRATICO;10
MONGUA;Alberto Enrique Murillo Sanchez;PARTIDO CAMBIO RADICAL;9
MONGUA;Eliana Maria Villate Fonseca;PARTIDO CONSERVADOR COLOMBIANO;9
MONGUA;Irma Yineth Velandia Sandoval;PARTIDO CAMBIO RADICAL;9
MONGUA;Angela Patricia Velandia Novoa;PARTIDO ALIANZA VERDE;8
MONGUA;Edwin Andres Rodriguez Rodriguez;PARTIDO LIBERAL COLOMBIANO;8
MONGUA;Jairo Enrique Cabana Fonseca;PARTIDO ALIANZA VERDE;8
MONGUA;Juan Camilo Morales Rodriguez;PARTIDO LIBERAL COLOMBIANO;8
MONGUA;Luz Dary Sevillano Guerrero;PARTIDO ALIANZA VERDE;8
MONGUA;Partido Colombia Justa Libres;PARTIDO COLOMBIA JUSTA LIBRES;8
MONGUA;Partido Social De Unidad Nacional  Partido De La U;PARTIDO SOCIAL DE UNIDAD NACIONAL  PARTIDO DE LA U;8
MONGUA;Sonia Esperanza Lopez Barrera;PARTIDO CONSERVADOR COLOMBIANO;8
MONGUA;Ana Adela Pulido Cuadros;PARTIDO CONSERVADOR COLOMBIANO;7
MONGUA;Concha Jael Vargas Saavedra;PARTIDO CONSERVADOR COLOMBIANO;7
MONGUA;Edwin Alfonso Perez Beltran;PARTIDO ALIANZA SOCIAL INDEPENDIENTE ASI;7
MONGUA;Jhonnatan Jairo Avellaneda Mesa;MOVIMIENTO ALTERNATIVO INDIGENA Y SOCIAL MAIS;7
MONGUA;Jorge Marin Jerez Amado;PARTIDO LIBERAL COLOMBIANO;7
MONGUA;Luis Carlos Machado Zapata;PARTIDO LIBERAL COLOMBIANO;7
MONGUA;Norman De Jesus Quintero Gallego;PARTIDO CONSERVADOR COLOMBIANO;7
MONGUA;Ricardo Andres Español Teatino;PARTIDO LIBERAL COLOMBIANO;7
MONGUA;Sergio Cabra Sierra;PARTIDO SOCIAL DE UNIDAD NACIONAL  PARTIDO DE LA U;7
MONGUA;Adriana Paola Laverde Rodriguez;MOVIMIENTO ALTERNATIVO INDIGENA Y SOCIAL MAIS;6
MONGUA;Jorge Enrique Camacho Rodriguez;PARTIDO ALIANZA SOCIAL INDEPENDIENTE ASI;6
MONGUA;Jorge Ignacio Lopez Barrera;BOYACA DECENTE;6
MONGUA;Orlando Florez Cuervo;PARTIDO CENTRO DEMOCRATICO;6
MONGUA;Pedro Humberto Vargas Gomez;PARTIDO LIBERAL COLOMBIANO;6
MONGUA;Sandra Patricia Contreras Soto;PARTIDO LIBERAL COLOMBIANO;6
MONGUA;Ana Lucia Parra Monroy;PARTIDO SOCIAL DE UNIDAD NACIONAL  PARTIDO DE LA U;5
MONGUA;Angela Rocio Umaña Rojas;PARTIDO CONSERVADOR COLOMBIANO;5
MONGUA;Estefany Johana Grajales Marin;MOVIMIENTO ALTERNATIVO INDIGENA Y SOCIAL MAIS;5
MONGUA;Fabian Camilo Rojas Barrera;PARTIDO LIBERAL COLOMBIANO;5
MONGUA;Johan Francisco Herrera Gualdron;PARTIDO ALIANZA VERDE;5
MONGUA;Sandra Milena Ramirez Moreno;PARTIDO CAMBIO RADICAL;5
MONGUA;Boyaca Decente;BOYACA DECENTE;4
MONGUA;Eliana Hasleidy Gamez Pinilla;PARTIDO CAMBIO RADICAL;4
MONGUA;Elsa Marlen Manrique Pulgar;PARTIDO LIBERAL COLOMBIANO;4
MONGUA;Giovanna Del Pilar Soto Barreto;PARTIDO CAMBIO RADICAL;4
MONGUA;Jairo Correa Acevedo;MOVIMIENTO ALTERNATIVO INDIGENA Y SOCIAL MAIS;4
MONGUA;Omar Humberto Villamil Munevar;PARTIDO CONSERVADOR COLOMBIANO;4
MONGUA;Partido Alianza Social Independiente Asi;PARTIDO ALIANZA SOCIAL INDEPENDIENTE ASI;4
MONGUA;Siervo Yesith Gonzalez Saavedra;PARTIDO CAMBIO RADICAL;4
MONGUA;Yadith Milena Martinez Farfan;PARTIDO CENTRO DEMOCRATICO;4
MONGUA;Aura Lucia Ortiz Cardona;PARTIDO CENTRO DEMOCRATICO;3
MONGUA;Carlos Eduardo Vega Alvarez;BOYACA DECENTE;3
MONGUA;Claudia Patricia Barrera Patiño;PARTIDO SOCIAL DE UNIDAD NACIONAL  PARTIDO DE LA U;3
MONGUA;Claudia Yaneth Avila Castillo;PARTIDO SOCIAL DE UNIDAD NACIONAL  PARTIDO DE LA U;3
MONGUA;Daniel Fernando Mejia Lozano;PARTIDO ALIANZA SOCIAL INDEPENDIENTE ASI;3
MONGUA;Helver Ariel Avila Panche;PARTIDO CENTRO DEMOCRATICO;3
MONGUA;Jose Agustin Arias Millan;PARTIDO CENTRO DEMOCRATICO;3
MONGUA;Mariev Bejarano Ospina;BOYACA DECENTE;3
MONGUA;Movimiento Alternativo Indigena Y Social Mais;MOVIMIENTO ALTERNATIVO INDIGENA Y SOCIAL MAIS;3
MONGUA;Nereo Baron Tellez;MOVIMIENTO ALTERNATIVO INDIGENA Y SOCIAL MAIS;3
MONGUA;Wilton Fredy Castro Silva;PARTIDO ALIANZA VERDE;3
MONGUA;Alba Luz Becerra Becerra;PARTIDO ALIANZA SOCIAL INDEPENDIENTE ASI;2
MONGUA;John Fredy Lopez Mora;MOVIMIENTO ALTERNATIVO INDIGENA Y SOCIAL MAIS;2
MONGUA;Jorge Eduardo Diaz Avendaño;MOVIMIENTO ALTERNATIVO INDIGENA Y SOCIAL MAIS;2
MONGUA;Lizeth Paola Saade Fuentes;MOVIMIENTO ALTERNATIVO INDIGENA Y SOCIAL MAIS;2
MONGUA;Maira Adriana Zerda Gonzalez;PARTIDO ALIANZA VERDE;2
MONGUA;Martha Ines Zipa Martinez;PARTIDO CAMBIO RADICAL;2
MONGUA;Neddy Esther Sandoval Figueredo;PARTIDO LIBERAL COLOMBIANO;2
MONGUA;Nelsy Yolanda Rivera Ferrucho;BOYACA DECENTE;2
MONGUA;Sandra Patricia Ricaurte Espinel;PARTIDO CAMBIO RADICAL;2
MONGUA;Andrea Carolina Camargo Caro;MOVIMIENTO ALTERNATIVO INDIGENA Y SOCIAL MAIS;1
MONGUA;Carlos Julian Diaz Franco;PARTIDO ALIANZA SOCIAL INDEPENDIENTE ASI;1
MONGUA;Carmen Liria Prieto Cortes;BOYACA DECENTE;1
MONGUA;David Alejandro Avila Cely;MOVIMIENTO ALTERNATIVO INDIGENA Y SOCIAL MAIS;1
MONGUA;Edgar Antulio Gonzalez Trujillo;BOYACA DECENTE;1
MONGUA;Ericka Leonor Amador Gamarra;PARTIDO SOCIAL DE UNIDAD NACIONAL  PARTIDO DE LA U;1
MONGUA;Erika Dayana Piragauta Rodriguez;PARTIDO LIBERAL COLOMBIANO;1
MONGUA;Henry Goyeneche Hormaza;PARTIDO ALIANZA SOCIAL INDEPENDIENTE ASI;1
MONGUA;Julian Guillermo Camargo Amortegui;MOVIMIENTO ALTERNATIVO INDIGENA Y SOCIAL MAIS;1
MONGUA;Julieth Rocio Montañez Niño;PARTIDO ALIANZA SOCIAL INDEPENDIENTE ASI;1
MONGUA;Merardo Vargas Roa;PARTIDO ALIANZA VERDE;1
MONGUA;Victor Tulio Ramirez Gutierrez;BOYACA DECENTE;1
MONGUI;William Rodolfo Mesa Avella;PARTIDO CENTRO DEMOCRATICO;505
MONGUI;Yury Neill Diaz Aranguren;MOVIMIENTO ALTERNATIVO INDIGENA Y SOCIAL MAIS;225
MONGUI;Ricardo Alonso Rojas Sachica;PARTIDO ALIANZA VERDE;147
MONGUI;Uldarico Javier Ramirez Chilito;MOVIMIENTO ALTERNATIVO INDIGENA Y SOCIAL MAIS;124
MONGUI;Yamir Oswaldo Lopez Peña;PARTIDO ALIANZA VERDE;121
MONGUI;Hector Josue Camacho Acosta;PARTIDO CENTRO DEMOCRATICO;103
MONGUI;Carlos Ernesto Torres Aguirre;PARTIDO CONSERVADOR COLOMBIANO;57
MONGUI;Luis Carlos Ochoa Pasachoa;PARTIDO ALIANZA VERDE;57
MONGUI;Hernando Arias Ochoa;PARTIDO ALIANZA SOCIAL INDEPENDIENTE ASI;54
MONGUI;Fernando Alexander Serrato Fonseca;PARTIDO LIBERAL COLOMBIANO;49
MONGUI;Partido Centro Democratico;PARTIDO CENTRO DEMOCRATICO;49
MONGUI;Partido Alianza Verde;PARTIDO ALIANZA VERDE;48
MONGUI;Roman Hernando Ortega Hernandez;PARTIDO ALIANZA VERDE;45
MONGUI;Luis Carlos Bernal Mesa;PARTIDO SOCIAL DE UNIDAD NACIONAL  PARTIDO DE LA U;43
MONGUI;Wilkins Fernando Chaparro Cuervo;PARTIDO ALIANZA SOCIAL INDEPENDIENTE ASI;40
MONGUI;Maria De Los Santos Salamanca Silva;PARTIDO ALIANZA VERDE;38
MONGUI;Fernando Augusto Diaz Saenz;PARTIDO CONSERVADOR COLOMBIANO;32
MONGUI;Jorge Eduardo Diaz Avendaño;MOVIMIENTO ALTERNATIVO INDIGENA Y SOCIAL MAIS;32
MONGUI;Jose Armando Quiñones Garzon;PARTIDO CENTRO DEMOCRATICO;32
MONGUI;Wilton Fredy Castro Silva;PARTIDO ALIANZA VERDE;30
MONGUI;Pedro Pablo Salas Hernandez;PARTIDO ALIANZA VERDE;28
MONGUI;Luisa Fernanda Rodriguez Alfonso;PARTIDO ALIANZA VERDE;26
MONGUI;Ingrid Marlen Sogamoso Alfonso;PARTIDO CENTRO DEMOCRATICO;24
MONGUI;Jairo Pacheco Suarez;PARTIDO LIBERAL COLOMBIANO;22
MONGUI;Fabian Camilo Rojas Barrera;PARTIDO LIBERAL COLOMBIANO;21
MONGUI;Pablo Antonio Zambrano Salamanca;PARTIDO CONSERVADOR COLOMBIANO;21
MONGUI;Armando Buitrago Acevedo;PARTIDO ALIANZA SOCIAL INDEPENDIENTE ASI;19
MONGUI;Jose Antonio Estupiñan Caceres;PARTIDO CONSERVADOR COLOMBIANO;18
MONGUI;Hugo Alveiro Rosas Romero;PARTIDO ALIANZA VERDE;17
MONGUI;Manuel Ricardo Mesa Trujillo;PARTIDO SOCIAL DE UNIDAD NACIONAL  PARTIDO DE LA U;17
MONGUI;Ricardo Andres Español Teatino;PARTIDO LIBERAL COLOMBIANO;17
MONGUI;Johan Francisco Herrera Gualdron;PARTIDO ALIANZA VERDE;16
MONGUI;Mauricio Cadena Valero;PARTIDO CENTRO DEMOCRATICO;16
MONGUI;Luz Dary Sevillano Guerrero;PARTIDO ALIANZA VERDE;14
MONGUI;Omar Fernando Valderrama Baez;PARTIDO CENTRO DEMOCRATICO;14
MONGUI;Carlos Eduardo Vega Alvarez;BOYACA DECENTE;13
MONGUI;Jorge Enrique Camacho Rodriguez;PARTIDO ALIANZA SOCIAL INDEPENDIENTE ASI;13
MONGUI;Oscar Leonardo Montañez Sierra;PARTIDO CAMBIO RADICAL;13
MONGUI;Partido Alianza Social Independiente Asi;PARTIDO ALIANZA SOCIAL INDEPENDIENTE ASI;13
MONGUI;Estefany Johana Grajales Marin;MOVIMIENTO ALTERNATIVO INDIGENA Y SOCIAL MAIS;11
MONGUI;Jaime Andres Gomez Gomez;PARTIDO CONSERVADOR COLOMBIANO;11
MONGUI;Jorge Ignacio Lopez Barrera;BOYACA DECENTE;11
MONGUI;Movimiento Alternativo Indigena Y Social Mais;MOVIMIENTO ALTERNATIVO INDIGENA Y SOCIAL MAIS;11
MONGUI;Olga Niño Rojas;PARTIDO CENTRO DEMOCRATICO;11
MONGUI;Alba Luz Becerra Becerra;PARTIDO ALIANZA SOCIAL INDEPENDIENTE ASI;10
MONGUI;Antonio Ernesto Leguizamo Diaz;PARTIDO LIBERAL COLOMBIANO;10
MONGUI;Fredy Leonardo Rojas Vargas;PARTIDO CENTRO DEMOCRATICO;10
MONGUI;Gustavo Eduardo Castañeda Niño;PARTIDO ALIANZA VERDE;10
MONGUI;Juan Camilo Morales Rodriguez;PARTIDO LIBERAL COLOMBIANO;10
MONGUI;Alberto Enrique Murillo Sanchez;PARTIDO CAMBIO RADICAL;9
MONGUI;Alvaro Hernan Forero Hurtado;BOYACA DECENTE;9
MONGUI;Jhon Fredy Garavito Cortes;PARTIDO SOCIAL DE UNIDAD NACIONAL  PARTIDO DE LA U;9
MONGUI;Willian David Pabon Jimenez;PARTIDO SOCIAL DE UNIDAD NACIONAL  PARTIDO DE LA U;9
MONGUI;Alfredo Horacio Correa Higuera;PARTIDO CAMBIO RADICAL;8
MONGUI;Edwin Alfonso Perez Beltran;PARTIDO ALIANZA SOCIAL INDEPENDIENTE ASI;8
MONGUI;Flor Elba Velandia Cely;PARTIDO ALIANZA SOCIAL INDEPENDIENTE ASI;8
MONGUI;Fredy Julian Castro Rodriguez;PARTIDO CENTRO DEMOCRATICO;8
MONGUI;Partido Cambio Radical;PARTIDO CAMBIO RADICAL;8
MONGUI;Partido Colombia Justa Libres;PARTIDO COLOMBIA JUSTA LIBRES;8
MONGUI;Angela Patricia Velandia Novoa;PARTIDO ALIANZA VERDE;7
MONGUI;Jhonnatan Jairo Avellaneda Mesa;MOVIMIENTO ALTERNATIVO INDIGENA Y SOCIAL MAIS;7
MONGUI;Jose Mauricio Buitrago Rivera;PARTIDO CAMBIO RADICAL;7
MONGUI;Jose Wilmar Leal Abril;PARTIDO CAMBIO RADICAL;7
MONGUI;Luis Carlos Machado Zapata;PARTIDO LIBERAL COLOMBIANO;7
MONGUI;Andrea Carolina Camargo Caro;MOVIMIENTO ALTERNATIVO INDIGENA Y SOCIAL MAIS;6
MONGUI;Carlos Julian Diaz Franco;PARTIDO ALIANZA SOCIAL INDEPENDIENTE ASI;6
MONGUI;Concha Jael Vargas Saavedra;PARTIDO CONSERVADOR COLOMBIANO;6
MONGUI;Merardo Vargas Roa;PARTIDO ALIANZA VERDE;6
MONGUI;Nereo Baron Tellez;MOVIMIENTO ALTERNATIVO INDIGENA Y SOCIAL MAIS;6
MONGUI;Partido Liberal Colombiano;PARTIDO LIBERAL COLOMBIANO;6
MONGUI;Eliana Maria Villate Fonseca;PARTIDO CONSERVADOR COLOMBIANO;5
MONGUI;Jairo Enrique Cabana Fonseca;PARTIDO ALIANZA VERDE;5
MONGUI;Jose Agustin Arias Millan;PARTIDO CENTRO DEMOCRATICO;5
MONGUI;Jose Dario Mahecha Castillo;PARTIDO CONSERVADOR COLOMBIANO;5
MONGUI;Orlando Florez Cuervo;PARTIDO CENTRO DEMOCRATICO;5
MONGUI;Partido Conservador Colombiano;PARTIDO CONSERVADOR COLOMBIANO;5
MONGUI;Sandra Patricia Contreras Soto;PARTIDO LIBERAL COLOMBIANO;5
MONGUI;Anderson Joaquin Sanchez Ruiz;PARTIDO LIBERAL COLOMBIANO;4
MONGUI;Cesar Augusto Mojica Bedoya;PARTIDO SOCIAL DE UNIDAD NACIONAL  PARTIDO DE LA U;4
MONGUI;Claudia Patricia Barrera Patiño;PARTIDO SOCIAL DE UNIDAD NACIONAL  PARTIDO DE LA U;4
MONGUI;Daniel Fernando Mejia Lozano;PARTIDO ALIANZA SOCIAL INDEPENDIENTE ASI;4
MONGUI;Ericka Leonor Amador Gamarra;PARTIDO SOCIAL DE UNIDAD NACIONAL  PARTIDO DE LA U;4
MONGUI;Helver Ariel Avila Panche;PARTIDO CENTRO DEMOCRATICO;4
MONGUI;Irma Yineth Velandia Sandoval;PARTIDO CAMBIO RADICAL;4
MONGUI;John Fredy Lopez Mora;MOVIMIENTO ALTERNATIVO INDIGENA Y SOCIAL MAIS;4
MONGUI;Maira Adriana Zerda Gonzalez;PARTIDO ALIANZA VERDE;4
MONGUI;Sergio Cabra Sierra;PARTIDO SOCIAL DE UNIDAD NACIONAL  PARTIDO DE LA U;4
MONGUI;Yadith Milena Martinez Farfan;PARTIDO CENTRO DEMOCRATICO;4
MONGUI;Elsa Marlen Manrique Pulgar;PARTIDO LIBERAL COLOMBIANO;3
MONGUI;Giovanna Del Pilar Soto Barreto;PARTIDO CAMBIO RADICAL;3
MONGUI;Ivan Ricardo Pirachican Bernal;PARTIDO CONSERVADOR COLOMBIANO;3
MONGUI;Jairo Correa Acevedo;MOVIMIENTO ALTERNATIVO INDIGENA Y SOCIAL MAIS;3
MONGUI;Jorge Marin Jerez Amado;PARTIDO LIBERAL COLOMBIANO;3
MONGUI;Adriana Paola Laverde Rodriguez;MOVIMIENTO ALTERNATIVO INDIGENA Y SOCIAL MAIS;2
MONGUI;Ana Adela Pulido Cuadros;PARTIDO CONSERVADOR COLOMBIANO;2
MONGUI;Angela Magaly Garcia Rivera;MOVIMIENTO ALTERNATIVO INDIGENA Y SOCIAL MAIS;2
MONGUI;Angela Rocio Umaña Rojas;PARTIDO CONSERVADOR COLOMBIANO;2
MONGUI;Aura Lucia Ortiz Cardona;PARTIDO CENTRO DEMOCRATICO;2
MONGUI;Carlos Alfredo Siza Blanco;PARTIDO CONSERVADOR COLOMBIANO;2
MONGUI;Kiliam Ernesto Gonzalez Forero;BOYACA DECENTE;2
MONGUI;Neddy Esther Sandoval Figueredo;PARTIDO LIBERAL COLOMBIANO;2
MONGUI;Partido Social De Unidad Nacional  Partido De La U;PARTIDO SOCIAL DE UNIDAD NACIONAL  PARTIDO DE LA U;2
MONGUI;Pedro Humberto Vargas Gomez;PARTIDO LIBERAL COLOMBIANO;2
MONGUI;Sandra Milena Ramirez Moreno;PARTIDO CAMBIO RADICAL;2
MONGUI;Wilder Ivan Suesca Ochoa;PARTIDO CENTRO DEMOCRATICO;2
MONGUI;Boyaca Decente;BOYACA DECENTE;1
MONGUI;Claudia Yaneth Avila Castillo;PARTIDO SOCIAL DE UNIDAD NACIONAL  PARTIDO DE LA U;1
MONGUI;David Santiago Diaz Guio;PARTIDO SOCIAL DE UNIDAD NACIONAL  PARTIDO DE LA U;1
MONGUI;David Santiago Ochoa Garcia;PARTIDO SOCIAL DE UNIDAD NACIONAL  PARTIDO DE LA U;1
MONGUI;Eliana Hasleidy Gamez Pinilla;PARTIDO CAMBIO RADICAL;1
MONGUI;Gregorio Morales Tovar;BOYACA DECENTE;1
MONGUI;Henry Goyeneche Hormaza;PARTIDO ALIANZA SOCIAL INDEPENDIENTE ASI;1
MONGUI;Juddy Alexandra Jimenez Cuadros;PARTIDO SOCIAL DE UNIDAD NACIONAL  PARTIDO DE LA U;1
MONGUI;Laura Patricia Contreras Alvarez;PARTIDO ALIANZA SOCIAL INDEPENDIENTE ASI;1
MONGUI;Lizeth Paola Saade Fuentes;MOVIMIENTO ALTERNATIVO INDIGENA Y SOCIAL MAIS;1
MONGUI;Maria Francia Blanco Pedroza;BOYACA DECENTE;1
MONGUI;Mariev Bejarano Ospina;BOYACA DECENTE;1
MONGUI;Martha Ines Zipa Martinez;PARTIDO CAMBIO RADICAL;1
MONGUI;Omar Humberto Villamil Munevar;PARTIDO CONSERVADOR COLOMBIANO;1
MONGUI;Sandra Patricia Ricaurte Espinel;PARTIDO CAMBIO RADICAL;1
MONGUI;Siervo Yesith Gonzalez Saavedra;PARTIDO CAMBIO RADICAL;1
MONGUI;Vivian Catherin Alvarez;PARTIDO ALIANZA SOCIAL INDEPENDIENTE ASI;1
MONIQUIRA;Yamir Oswaldo Lopez Peña;PARTIDO ALIANZA VERDE;868
MONIQUIRA;Carlos Julian Diaz Franco;PARTIDO ALIANZA SOCIAL INDEPENDIENTE ASI;546
MONIQUIRA;Partido Colombia Justa Libres;PARTIDO COLOMBIA JUSTA LIBRES;505
MONIQUIRA;Luis Carlos Ochoa Pasachoa;PARTIDO ALIANZA VERDE;437
MONIQUIRA;Jairo Pacheco Suarez;PARTIDO LIBERAL COLOMBIANO;315
MONIQUIRA;Hugo Alveiro Rosas Romero;PARTIDO ALIANZA VERDE;286
MONIQUIRA;Movimiento Alternativo Indigena Y Social Mais;MOVIMIENTO ALTERNATIVO INDIGENA Y SOCIAL MAIS;286
MONIQUIRA;Jose Mauricio Buitrago Rivera;PARTIDO CAMBIO RADICAL;255
MONIQUIRA;Angela Patricia Velandia Novoa;PARTIDO ALIANZA VERDE;245
MONIQUIRA;Partido Alianza Verde;PARTIDO ALIANZA VERDE;229
MONIQUIRA;Anderson Joaquin Sanchez Ruiz;PARTIDO LIBERAL COLOMBIANO;186
MONIQUIRA;Jose Armando Quiñones Garzon;PARTIDO CENTRO DEMOCRATICO;174
MONIQUIRA;Estefany Johana Grajales Marin;MOVIMIENTO ALTERNATIVO INDIGENA Y SOCIAL MAIS;160
MONIQUIRA;William Rodolfo Mesa Avella;PARTIDO CENTRO DEMOCRATICO;159
MONIQUIRA;Sandra Patricia Contreras Soto;PARTIDO LIBERAL COLOMBIANO;151
MONIQUIRA;Pedro Pablo Salas Hernandez;PARTIDO ALIANZA VERDE;132
MONIQUIRA;Yury Neill Diaz Aranguren;MOVIMIENTO ALTERNATIVO INDIGENA Y SOCIAL MAIS;126
MONIQUIRA;Partido Centro Democratico;PARTIDO CENTRO DEMOCRATICO;123
MONIQUIRA;Fernando Alexander Serrato Fonseca;PARTIDO LIBERAL COLOMBIANO;116
MONIQUIRA;Nelson Mauricio Rodriguez Perez;PARTIDO CONSERVADOR COLOMBIANO;116
MONIQUIRA;Nereo Baron Tellez;MOVIMIENTO ALTERNATIVO INDIGENA Y SOCIAL MAIS;114
MONIQUIRA;Jose Antonio Estupiñan Caceres;PARTIDO CONSERVADOR COLOMBIANO;112
MONIQUIRA;Fernando Augusto Diaz Saenz;PARTIDO CONSERVADOR COLOMBIANO;111
MONIQUIRA;Ricardo Alonso Rojas Sachica;PARTIDO ALIANZA VERDE;107
MONIQUIRA;Ingrid Marlen Sogamoso Alfonso;PARTIDO CENTRO DEMOCRATICO;98
MONIQUIRA;Gustavo Eduardo Castañeda Niño;PARTIDO ALIANZA VERDE;95
MONIQUIRA;Juan Camilo Morales Rodriguez;PARTIDO LIBERAL COLOMBIANO;86
MONIQUIRA;Omar Fernando Valderrama Baez;PARTIDO CENTRO DEMOCRATICO;86
MONIQUIRA;Partido Liberal Colombiano;PARTIDO LIBERAL COLOMBIANO;83
MONIQUIRA;Luis Carlos Bernal Mesa;PARTIDO SOCIAL DE UNIDAD NACIONAL  PARTIDO DE LA U;70
MONIQUIRA;Jorge Eduardo Diaz Avendaño;MOVIMIENTO ALTERNATIVO INDIGENA Y SOCIAL MAIS;69
MONIQUIRA;Partido Conservador Colombiano;PARTIDO CONSERVADOR COLOMBIANO;69
MONIQUIRA;Partido Social De Unidad Nacional  Partido De La U;PARTIDO SOCIAL DE UNIDAD NACIONAL  PARTIDO DE LA U;69
MONIQUIRA;Jhonnatan Jairo Avellaneda Mesa;MOVIMIENTO ALTERNATIVO INDIGENA Y SOCIAL MAIS;68
MONIQUIRA;Luisa Fernanda Rodriguez Alfonso;PARTIDO ALIANZA VERDE;68
MONIQUIRA;Wilder Ivan Suesca Ochoa;PARTIDO CENTRO DEMOCRATICO;65
MONIQUIRA;Ivan Ricardo Pirachican Bernal;PARTIDO CONSERVADOR COLOMBIANO;63
MONIQUIRA;Partido Cambio Radical;PARTIDO CAMBIO RADICAL;58
MONIQUIRA;Hector Josue Camacho Acosta;PARTIDO CENTRO DEMOCRATICO;55
MONIQUIRA;Johan Francisco Herrera Gualdron;PARTIDO ALIANZA VERDE;50
MONIQUIRA;Luz Dary Sevillano Guerrero;PARTIDO ALIANZA VERDE;50
MONIQUIRA;Fabian Camilo Rojas Barrera;PARTIDO LIBERAL COLOMBIANO;49
MONIQUIRA;Elsa Marlen Manrique Pulgar;PARTIDO LIBERAL COLOMBIANO;48
MONIQUIRA;Manuel Ricardo Mesa Trujillo;PARTIDO SOCIAL DE UNIDAD NACIONAL  PARTIDO DE LA U;48
MONIQUIRA;Oscar Leonardo Montañez Sierra;PARTIDO CAMBIO RADICAL;43
MONIQUIRA;Concha Jael Vargas Saavedra;PARTIDO CONSERVADOR COLOMBIANO;42
MONIQUIRA;Uldarico Javier Ramirez Chilito;MOVIMIENTO ALTERNATIVO INDIGENA Y SOCIAL MAIS;39
MONIQUIRA;Alvaro Hernan Forero Hurtado;BOYACA DECENTE;38
MONIQUIRA;Carlos Ernesto Torres Aguirre;PARTIDO CONSERVADOR COLOMBIANO;38
MONIQUIRA;Andrea Carolina Camargo Caro;MOVIMIENTO ALTERNATIVO INDIGENA Y SOCIAL MAIS;37
MONIQUIRA;Adriana Paola Laverde Rodriguez;MOVIMIENTO ALTERNATIVO INDIGENA Y SOCIAL MAIS;36
MONIQUIRA;Willian David Pabon Jimenez;PARTIDO SOCIAL DE UNIDAD NACIONAL  PARTIDO DE LA U;35
MONIQUIRA;Fredy Enrique Segura Alonso;BOYACA DECENTE;30
MONIQUIRA;Andres Mauricio Escarria Barraza;PARTIDO CAMBIO RADICAL;29
MONIQUIRA;Edwin Alfonso Perez Beltran;PARTIDO ALIANZA SOCIAL INDEPENDIENTE ASI;29
MONIQUIRA;Jairo Correa Acevedo;MOVIMIENTO ALTERNATIVO INDIGENA Y SOCIAL MAIS;29
MONIQUIRA;Alfredo Horacio Correa Higuera;PARTIDO CAMBIO RADICAL;28
MONIQUIRA;Julian Guillermo Camargo Amortegui;MOVIMIENTO ALTERNATIVO INDIGENA Y SOCIAL MAIS;28
MONIQUIRA;Julieth Rocio Montañez Niño;PARTIDO ALIANZA SOCIAL INDEPENDIENTE ASI;27
MONIQUIRA;Roman Hernando Ortega Hernandez;PARTIDO ALIANZA VERDE;27
MONIQUIRA;Wilton Fredy Castro Silva;PARTIDO ALIANZA VERDE;27
MONIQUIRA;Luis Carlos Machado Zapata;PARTIDO LIBERAL COLOMBIANO;26
MONIQUIRA;Pedro Humberto Vargas Gomez;PARTIDO LIBERAL COLOMBIANO;26
MONIQUIRA;Jaime Andres Gomez Gomez;PARTIDO CONSERVADOR COLOMBIANO;25
MONIQUIRA;Partido Alianza Social Independiente Asi;PARTIDO ALIANZA SOCIAL INDEPENDIENTE ASI;25
MONIQUIRA;Siervo Yesith Gonzalez Saavedra;PARTIDO CAMBIO RADICAL;25
MONIQUIRA;Segundo Fidel Salazar Gonzalez;PARTIDO SOCIAL DE UNIDAD NACIONAL  PARTIDO DE LA U;24
MONIQUIRA;Fredy Leonardo Rojas Vargas;PARTIDO CENTRO DEMOCRATICO;23
MONIQUIRA;Maira Adriana Zerda Gonzalez;PARTIDO ALIANZA VERDE;23
MONIQUIRA;Neddy Esther Sandoval Figueredo;PARTIDO LIBERAL COLOMBIANO;23
MONIQUIRA;Armando Buitrago Acevedo;PARTIDO ALIANZA SOCIAL INDEPENDIENTE ASI;22
MONIQUIRA;Erika Dayana Piragauta Rodriguez;PARTIDO LIBERAL COLOMBIANO;22
MONIQUIRA;Orlando Florez Cuervo;PARTIDO CENTRO DEMOCRATICO;22
MONIQUIRA;Jairo Enrique Cabana Fonseca;PARTIDO ALIANZA VERDE;21
MONIQUIRA;Boyaca Decente;BOYACA DECENTE;20
MONIQUIRA;Jorge Enrique Camacho Rodriguez;PARTIDO ALIANZA SOCIAL INDEPENDIENTE ASI;20
MONIQUIRA;Jose Dario Mahecha Castillo;PARTIDO CONSERVADOR COLOMBIANO;20
MONIQUIRA;Jose Wilmar Leal Abril;PARTIDO CAMBIO RADICAL;20
MONIQUIRA;Merardo Vargas Roa;PARTIDO ALIANZA VERDE;20
MONIQUIRA;Ricardo Andres Español Teatino;PARTIDO LIBERAL COLOMBIANO;20
MONIQUIRA;Yadith Milena Martinez Farfan;PARTIDO CENTRO DEMOCRATICO;19
MONIQUIRA;Antonio Ernesto Leguizamo Diaz;PARTIDO LIBERAL COLOMBIANO;18
MONIQUIRA;Maria De Los Santos Salamanca Silva;PARTIDO ALIANZA VERDE;17
MONIQUIRA;Martha Ines Zipa Martinez;PARTIDO CAMBIO RADICAL;17
MONIQUIRA;Ana Lucia Parra Monroy;PARTIDO SOCIAL DE UNIDAD NACIONAL  PARTIDO DE LA U;16
MONIQUIRA;Claudia Patricia Barrera Patiño;PARTIDO SOCIAL DE UNIDAD NACIONAL  PARTIDO DE LA U;16
MONIQUIRA;Ericka Leonor Amador Gamarra;PARTIDO SOCIAL DE UNIDAD NACIONAL  PARTIDO DE LA U;16
MONIQUIRA;Hernando Arias Ochoa;PARTIDO ALIANZA SOCIAL INDEPENDIENTE ASI;16
MONIQUIRA;Irma Yineth Velandia Sandoval;PARTIDO CAMBIO RADICAL;16
MONIQUIRA;Mauricio Cadena Valero;PARTIDO CENTRO DEMOCRATICO;16
MONIQUIRA;Carlos Alfredo Siza Blanco;PARTIDO CONSERVADOR COLOMBIANO;15
MONIQUIRA;Flor Elba Velandia Cely;PARTIDO ALIANZA SOCIAL INDEPENDIENTE ASI;15
MONIQUIRA;John Fredy Lopez Mora;MOVIMIENTO ALTERNATIVO INDIGENA Y SOCIAL MAIS;15
MONIQUIRA;Laura Patricia Contreras Alvarez;PARTIDO ALIANZA SOCIAL INDEPENDIENTE ASI;15
MONIQUIRA;Olga Niño Rojas;PARTIDO CENTRO DEMOCRATICO;15
MONIQUIRA;Sandra Milena Ramirez Moreno;PARTIDO CAMBIO RADICAL;15
MONIQUIRA;Jorge Marin Jerez Amado;PARTIDO LIBERAL COLOMBIANO;14
MONIQUIRA;Mariev Bejarano Ospina;BOYACA DECENTE;14
MONIQUIRA;Norman De Jesus Quintero Gallego;PARTIDO CONSERVADOR COLOMBIANO;14
MONIQUIRA;Carlos Eduardo Vega Alvarez;BOYACA DECENTE;13
MONIQUIRA;Cesar Augusto Mojica Bedoya;PARTIDO SOCIAL DE UNIDAD NACIONAL  PARTIDO DE LA U;13
MONIQUIRA;Fredy Julian Castro Rodriguez;PARTIDO CENTRO DEMOCRATICO;13
MONIQUIRA;Lizeth Paola Saade Fuentes;MOVIMIENTO ALTERNATIVO INDIGENA Y SOCIAL MAIS;13
MONIQUIRA;Sergio Cabra Sierra;PARTIDO SOCIAL DE UNIDAD NACIONAL  PARTIDO DE LA U;13
MONIQUIRA;Daniel Fernando Mejia Lozano;PARTIDO ALIANZA SOCIAL INDEPENDIENTE ASI;12
MONIQUIRA;David Alejandro Avila Cely;MOVIMIENTO ALTERNATIVO INDIGENA Y SOCIAL MAIS;12
MONIQUIRA;Edwin Andres Rodriguez Rodriguez;PARTIDO LIBERAL COLOMBIANO;12
MONIQUIRA;Omar Humberto Villamil Munevar;PARTIDO CONSERVADOR COLOMBIANO;12
MONIQUIRA;Jhon Fredy Garavito Cortes;PARTIDO SOCIAL DE UNIDAD NACIONAL  PARTIDO DE LA U;11
MONIQUIRA;Jose Leonidas Medina Cruz;PARTIDO SOCIAL DE UNIDAD NACIONAL  PARTIDO DE LA U;11
MONIQUIRA;Katherin Tatiana Calderon Acosta;PARTIDO CENTRO DEMOCRATICO;11
MONIQUIRA;Sonia Esperanza Lopez Barrera;PARTIDO CONSERVADOR COLOMBIANO;11
MONIQUIRA;Wilkins Fernando Chaparro Cuervo;PARTIDO ALIANZA SOCIAL INDEPENDIENTE ASI;11
MONIQUIRA;Eliana Maria Villate Fonseca;PARTIDO CONSERVADOR COLOMBIANO;10
MONIQUIRA;Alba Luz Becerra Becerra;PARTIDO ALIANZA SOCIAL INDEPENDIENTE ASI;9
MONIQUIRA;Alberto Enrique Murillo Sanchez;PARTIDO CAMBIO RADICAL;9
MONIQUIRA;David Santiago Ochoa Garcia;PARTIDO SOCIAL DE UNIDAD NACIONAL  PARTIDO DE LA U;9
MONIQUIRA;Eliana Hasleidy Gamez Pinilla;PARTIDO CAMBIO RADICAL;9
MONIQUIRA;Helver Ariel Avila Panche;PARTIDO CENTRO DEMOCRATICO;9
MONIQUIRA;Jose Agustin Arias Millan;PARTIDO CENTRO DEMOCRATICO;9
MONIQUIRA;Pablo Antonio Zambrano Salamanca;PARTIDO CONSERVADOR COLOMBIANO;9
MONIQUIRA;Vivian Catherin Alvarez;PARTIDO ALIANZA SOCIAL INDEPENDIENTE ASI;9
MONIQUIRA;Ana Adela Pulido Cuadros;PARTIDO CONSERVADOR COLOMBIANO;8
MONIQUIRA;Ana Delia Avendaño Hernandez;PARTIDO LIBERAL COLOMBIANO;8
MONIQUIRA;Juddy Alexandra Jimenez Cuadros;PARTIDO SOCIAL DE UNIDAD NACIONAL  PARTIDO DE LA U;8
MONIQUIRA;Angela Magaly Garcia Rivera;MOVIMIENTO ALTERNATIVO INDIGENA Y SOCIAL MAIS;7
MONIQUIRA;Angela Rocio Umaña Rojas;PARTIDO CONSERVADOR COLOMBIANO;6
MONIQUIRA;Giovanna Del Pilar Soto Barreto;PARTIDO CAMBIO RADICAL;5
MONIQUIRA;Henry Goyeneche Hormaza;PARTIDO ALIANZA SOCIAL INDEPENDIENTE ASI;5
MONIQUIRA;William Chaparro Rodriguez;BOYACA DECENTE;5
MONIQUIRA;Aura Lucia Ortiz Cardona;PARTIDO CENTRO DEMOCRATICO;4
MONIQUIRA;Carmen Liria Prieto Cortes;BOYACA DECENTE;4
MONIQUIRA;Claudia Yaneth Avila Castillo;PARTIDO SOCIAL DE UNIDAD NACIONAL  PARTIDO DE LA U;3
MONIQUIRA;Edgar Antulio Gonzalez Trujillo;BOYACA DECENTE;3
MONIQUIRA;Gregorio Morales Tovar;BOYACA DECENTE;3
MONIQUIRA;Jorge Ignacio Lopez Barrera;BOYACA DECENTE;3
MONIQUIRA;Nelsy Yolanda Rivera Ferrucho;BOYACA DECENTE;3
MONIQUIRA;David Santiago Diaz Guio;PARTIDO SOCIAL DE UNIDAD NACIONAL  PARTIDO DE LA U;2
MONIQUIRA;Victor Tulio Ramirez Gutierrez;BOYACA DECENTE;2
MONIQUIRA;Kiliam Ernesto Gonzalez Forero;BOYACA DECENTE;1
MONIQUIRA;Maria Francia Blanco Pedroza;BOYACA DECENTE;1
MONIQUIRA;Sandra Patricia Ricaurte Espinel;PARTIDO CAMBIO RADICAL;1
MOTAVITA;Jairo Pacheco Suarez;PARTIDO LIBERAL COLOMBIANO;1081
MOTAVITA;Angela Patricia Velandia Novoa;PARTIDO ALIANZA VERDE;528
MOTAVITA;Hector Josue Camacho Acosta;PARTIDO CENTRO DEMOCRATICO;164
MOTAVITA;Ricardo Alonso Rojas Sachica;PARTIDO ALIANZA VERDE;147
MOTAVITA;Anderson Joaquin Sanchez Ruiz;PARTIDO LIBERAL COLOMBIANO;143
MOTAVITA;Fernando Alexander Serrato Fonseca;PARTIDO LIBERAL COLOMBIANO;136
MOTAVITA;Yamir Oswaldo Lopez Peña;PARTIDO ALIANZA VERDE;76
MOTAVITA;Hugo Alveiro Rosas Romero;PARTIDO ALIANZA VERDE;68
MOTAVITA;Yury Neill Diaz Aranguren;MOVIMIENTO ALTERNATIVO INDIGENA Y SOCIAL MAIS;64
MOTAVITA;Jairo Correa Acevedo;MOVIMIENTO ALTERNATIVO INDIGENA Y SOCIAL MAIS;62
MOTAVITA;Partido Liberal Colombiano;PARTIDO LIBERAL COLOMBIANO;61
MOTAVITA;Ivan Ricardo Pirachican Bernal;PARTIDO CONSERVADOR COLOMBIANO;60
MOTAVITA;Juan Camilo Morales Rodriguez;PARTIDO LIBERAL COLOMBIANO;53
MOTAVITA;Partido Alianza Verde;PARTIDO ALIANZA VERDE;50
MOTAVITA;Fabian Camilo Rojas Barrera;PARTIDO LIBERAL COLOMBIANO;46
MOTAVITA;Gustavo Eduardo Castañeda Niño;PARTIDO ALIANZA VERDE;44
MOTAVITA;Pedro Pablo Salas Hernandez;PARTIDO ALIANZA VERDE;37
MOTAVITA;Wilder Ivan Suesca Ochoa;PARTIDO CENTRO DEMOCRATICO;35
MOTAVITA;Segundo Fidel Salazar Gonzalez;PARTIDO SOCIAL DE UNIDAD NACIONAL  PARTIDO DE LA U;33
MOTAVITA;Jose Armando Quiñones Garzon;PARTIDO CENTRO DEMOCRATICO;31
MOTAVITA;Johan Francisco Herrera Gualdron;PARTIDO ALIANZA VERDE;28
MOTAVITA;Elsa Marlen Manrique Pulgar;PARTIDO LIBERAL COLOMBIANO;25
MOTAVITA;Luisa Fernanda Rodriguez Alfonso;PARTIDO ALIANZA VERDE;25
MOTAVITA;Partido Colombia Justa Libres;PARTIDO COLOMBIA JUSTA LIBRES;25
MOTAVITA;Oscar Leonardo Montañez Sierra;PARTIDO CAMBIO RADICAL;24
MOTAVITA;Jairo Enrique Cabana Fonseca;PARTIDO ALIANZA VERDE;23
MOTAVITA;Jose Antonio Estupiñan Caceres;PARTIDO CONSERVADOR COLOMBIANO;23
MOTAVITA;Jose Wilmar Leal Abril;PARTIDO CAMBIO RADICAL;23
MOTAVITA;Luis Carlos Machado Zapata;PARTIDO LIBERAL COLOMBIANO;22
MOTAVITA;Luis Carlos Ochoa Pasachoa;PARTIDO ALIANZA VERDE;22
MOTAVITA;Nelson Mauricio Rodriguez Perez;PARTIDO CONSERVADOR COLOMBIANO;20
MOTAVITA;Luz Dary Sevillano Guerrero;PARTIDO ALIANZA VERDE;18
MOTAVITA;Movimiento Alternativo Indigena Y Social Mais;MOVIMIENTO ALTERNATIVO INDIGENA Y SOCIAL MAIS;18
MOTAVITA;Concha Jael Vargas Saavedra;PARTIDO CONSERVADOR COLOMBIANO;17
MOTAVITA;Ericka Leonor Amador Gamarra;PARTIDO SOCIAL DE UNIDAD NACIONAL  PARTIDO DE LA U;17
MOTAVITA;Jorge Eduardo Diaz Avendaño;MOVIMIENTO ALTERNATIVO INDIGENA Y SOCIAL MAIS;17
MOTAVITA;Ricardo Andres Español Teatino;PARTIDO LIBERAL COLOMBIANO;17
MOTAVITA;Pedro Humberto Vargas Gomez;PARTIDO LIBERAL COLOMBIANO;16
MOTAVITA;Neddy Esther Sandoval Figueredo;PARTIDO LIBERAL COLOMBIANO;15
MOTAVITA;Jose Mauricio Buitrago Rivera;PARTIDO CAMBIO RADICAL;14
MOTAVITA;Sandra Patricia Contreras Soto;PARTIDO LIBERAL COLOMBIANO;14
MOTAVITA;Angela Magaly Garcia Rivera;MOVIMIENTO ALTERNATIVO INDIGENA Y SOCIAL MAIS;13
MOTAVITA;Ingrid Marlen Sogamoso Alfonso;PARTIDO CENTRO DEMOCRATICO;13
MOTAVITA;William Rodolfo Mesa Avella;PARTIDO CENTRO DEMOCRATICO;13
MOTAVITA;Willian David Pabon Jimenez;PARTIDO SOCIAL DE UNIDAD NACIONAL  PARTIDO DE LA U;13
MOTAVITA;Hernando Arias Ochoa;PARTIDO ALIANZA SOCIAL INDEPENDIENTE ASI;12
MOTAVITA;Partido Cambio Radical;PARTIDO CAMBIO RADICAL;12
MOTAVITA;Partido Centro Democratico;PARTIDO CENTRO DEMOCRATICO;12
MOTAVITA;Jorge Marin Jerez Amado;PARTIDO LIBERAL COLOMBIANO;11
MOTAVITA;Orlando Florez Cuervo;PARTIDO CENTRO DEMOCRATICO;11
MOTAVITA;Partido Social De Unidad Nacional  Partido De La U;PARTIDO SOCIAL DE UNIDAD NACIONAL  PARTIDO DE LA U;11
MOTAVITA;Adriana Paola Laverde Rodriguez;MOVIMIENTO ALTERNATIVO INDIGENA Y SOCIAL MAIS;10
MOTAVITA;Uldarico Javier Ramirez Chilito;MOVIMIENTO ALTERNATIVO INDIGENA Y SOCIAL MAIS;10
MOTAVITA;Merardo Vargas Roa;PARTIDO ALIANZA VERDE;9
MOTAVITA;Partido Alianza Social Independiente Asi;PARTIDO ALIANZA SOCIAL INDEPENDIENTE ASI;9
MOTAVITA;Alvaro Hernan Forero Hurtado;BOYACA DECENTE;8
MOTAVITA;Estefany Johana Grajales Marin;MOVIMIENTO ALTERNATIVO INDIGENA Y SOCIAL MAIS;8
MOTAVITA;Fredy Leonardo Rojas Vargas;PARTIDO CENTRO DEMOCRATICO;8
MOTAVITA;Daniel Fernando Mejia Lozano;PARTIDO ALIANZA SOCIAL INDEPENDIENTE ASI;7
MOTAVITA;Eliana Hasleidy Gamez Pinilla;PARTIDO CAMBIO RADICAL;7
MOTAVITA;Maira Adriana Zerda Gonzalez;PARTIDO ALIANZA VERDE;7
MOTAVITA;Maria De Los Santos Salamanca Silva;PARTIDO ALIANZA VERDE;7
MOTAVITA;Omar Fernando Valderrama Baez;PARTIDO CENTRO DEMOCRATICO;7
MOTAVITA;Roman Hernando Ortega Hernandez;PARTIDO ALIANZA VERDE;7
MOTAVITA;Ana Lucia Parra Monroy;PARTIDO SOCIAL DE UNIDAD NACIONAL  PARTIDO DE LA U;6
MOTAVITA;Lizeth Paola Saade Fuentes;MOVIMIENTO ALTERNATIVO INDIGENA Y SOCIAL MAIS;6
MOTAVITA;Mariev Bejarano Ospina;BOYACA DECENTE;6
MOTAVITA;Partido Conservador Colombiano;PARTIDO CONSERVADOR COLOMBIANO;6
MOTAVITA;Sergio Cabra Sierra;PARTIDO SOCIAL DE UNIDAD NACIONAL  PARTIDO DE LA U;6
MOTAVITA;Wilton Fredy Castro Silva;PARTIDO ALIANZA VERDE;6
MOTAVITA;Edwin Andres Rodriguez Rodriguez;PARTIDO LIBERAL COLOMBIANO;5
MOTAVITA;Jorge Enrique Camacho Rodriguez;PARTIDO ALIANZA SOCIAL INDEPENDIENTE ASI;5
MOTAVITA;Jose Dario Mahecha Castillo;PARTIDO CONSERVADOR COLOMBIANO;5
MOTAVITA;Juddy Alexandra Jimenez Cuadros;PARTIDO SOCIAL DE UNIDAD NACIONAL  PARTIDO DE LA U;5
MOTAVITA;Mauricio Cadena Valero;PARTIDO CENTRO DEMOCRATICO;5
MOTAVITA;Siervo Yesith Gonzalez Saavedra;PARTIDO CAMBIO RADICAL;5
MOTAVITA;Andres Mauricio Escarria Barraza;PARTIDO CAMBIO RADICAL;4
MOTAVITA;Antonio Ernesto Leguizamo Diaz;PARTIDO LIBERAL COLOMBIANO;4
MOTAVITA;Carlos Alfredo Siza Blanco;PARTIDO CONSERVADOR COLOMBIANO;4
MOTAVITA;Carmen Liria Prieto Cortes;BOYACA DECENTE;4
MOTAVITA;Flor Elba Velandia Cely;PARTIDO ALIANZA SOCIAL INDEPENDIENTE ASI;4
MOTAVITA;Giovanna Del Pilar Soto Barreto;PARTIDO CAMBIO RADICAL;4
MOTAVITA;Jhon Fredy Garavito Cortes;PARTIDO SOCIAL DE UNIDAD NACIONAL  PARTIDO DE LA U;4
MOTAVITA;Julian Guillermo Camargo Amortegui;MOVIMIENTO ALTERNATIVO INDIGENA Y SOCIAL MAIS;4
MOTAVITA;Martha Ines Zipa Martinez;PARTIDO CAMBIO RADICAL;4
MOTAVITA;Wilkins Fernando Chaparro Cuervo;PARTIDO ALIANZA SOCIAL INDEPENDIENTE ASI;4
MOTAVITA;Alfredo Horacio Correa Higuera;PARTIDO CAMBIO RADICAL;3
MOTAVITA;Armando Buitrago Acevedo;PARTIDO ALIANZA SOCIAL INDEPENDIENTE ASI;3
MOTAVITA;Edwin Alfonso Perez Beltran;PARTIDO ALIANZA SOCIAL INDEPENDIENTE ASI;3
MOTAVITA;Erika Dayana Piragauta Rodriguez;PARTIDO LIBERAL COLOMBIANO;3
MOTAVITA;Fredy Julian Castro Rodriguez;PARTIDO CENTRO DEMOCRATICO;3
MOTAVITA;Irma Yineth Velandia Sandoval;PARTIDO CAMBIO RADICAL;3
MOTAVITA;Jhonnatan Jairo Avellaneda Mesa;MOVIMIENTO ALTERNATIVO INDIGENA Y SOCIAL MAIS;3
MOTAVITA;Jose Agustin Arias Millan;PARTIDO CENTRO DEMOCRATICO;3
MOTAVITA;Luis Carlos Bernal Mesa;PARTIDO SOCIAL DE UNIDAD NACIONAL  PARTIDO DE LA U;3
MOTAVITA;Manuel Ricardo Mesa Trujillo;PARTIDO SOCIAL DE UNIDAD NACIONAL  PARTIDO DE LA U;3
MOTAVITA;Nelsy Yolanda Rivera Ferrucho;BOYACA DECENTE;3
MOTAVITA;Nereo Baron Tellez;MOVIMIENTO ALTERNATIVO INDIGENA Y SOCIAL MAIS;3
MOTAVITA;Alba Luz Becerra Becerra;PARTIDO ALIANZA SOCIAL INDEPENDIENTE ASI;2
MOTAVITA;Boyaca Decente;BOYACA DECENTE;2
MOTAVITA;Carlos Eduardo Vega Alvarez;BOYACA DECENTE;2
MOTAVITA;Carlos Ernesto Torres Aguirre;PARTIDO CONSERVADOR COLOMBIANO;2
MOTAVITA;Cesar Augusto Mojica Bedoya;PARTIDO SOCIAL DE UNIDAD NACIONAL  PARTIDO DE LA U;2
MOTAVITA;David Santiago Ochoa Garcia;PARTIDO SOCIAL DE UNIDAD NACIONAL  PARTIDO DE LA U;2
MOTAVITA;Edgar Antulio Gonzalez Trujillo;BOYACA DECENTE;2
MOTAVITA;John Fredy Lopez Mora;MOVIMIENTO ALTERNATIVO INDIGENA Y SOCIAL MAIS;2
MOTAVITA;Sonia Esperanza Lopez Barrera;PARTIDO CONSERVADOR COLOMBIANO;2
MOTAVITA;Vivian Catherin Alvarez;PARTIDO ALIANZA SOCIAL INDEPENDIENTE ASI;2
MOTAVITA;Yadith Milena Martinez Farfan;PARTIDO CENTRO DEMOCRATICO;2
MOTAVITA;Alberto Enrique Murillo Sanchez;PARTIDO CAMBIO RADICAL;1
MOTAVITA;Ana Adela Pulido Cuadros;PARTIDO CONSERVADOR COLOMBIANO;1
MOTAVITA;Ana Delia Avendaño Hernandez;PARTIDO LIBERAL COLOMBIANO;1
MOTAVITA;Andrea Carolina Camargo Caro;MOVIMIENTO ALTERNATIVO INDIGENA Y SOCIAL MAIS;1
MOTAVITA;Claudia Patricia Barrera Patiño;PARTIDO SOCIAL DE UNIDAD NACIONAL  PARTIDO DE LA U;1
MOTAVITA;Claudia Yaneth Avila Castillo;PARTIDO SOCIAL DE UNIDAD NACIONAL  PARTIDO DE LA U;1
MOTAVITA;David Alejandro Avila Cely;MOVIMIENTO ALTERNATIVO INDIGENA Y SOCIAL MAIS;1
MOTAVITA;Eliana Maria Villate Fonseca;PARTIDO CONSERVADOR COLOMBIANO;1
MOTAVITA;Fredy Enrique Segura Alonso;BOYACA DECENTE;1
MOTAVITA;Gregorio Morales Tovar;BOYACA DECENTE;1
MOTAVITA;Helver Ariel Avila Panche;PARTIDO CENTRO DEMOCRATICO;1
MOTAVITA;Jose Leonidas Medina Cruz;PARTIDO SOCIAL DE UNIDAD NACIONAL  PARTIDO DE LA U;1
MOTAVITA;Laura Patricia Contreras Alvarez;PARTIDO ALIANZA SOCIAL INDEPENDIENTE ASI;1
MOTAVITA;Norman De Jesus Quintero Gallego;PARTIDO CONSERVADOR COLOMBIANO;1
MOTAVITA;Olga Niño Rojas;PARTIDO CENTRO DEMOCRATICO;1
MOTAVITA;Omar Humberto Villamil Munevar;PARTIDO CONSERVADOR COLOMBIANO;1
MOTAVITA;Pablo Antonio Zambrano Salamanca;PARTIDO CONSERVADOR COLOMBIANO;1
MOTAVITA;Sandra Milena Ramirez Moreno;PARTIDO CAMBIO RADICAL;1
MUZO;Jose Dario Mahecha Castillo;PARTIDO CONSERVADOR COLOMBIANO;2134
MUZO;Partido Colombia Justa Libres;PARTIDO COLOMBIA JUSTA LIBRES;224
MUZO;Jose Armando Quiñones Garzon;PARTIDO CENTRO DEMOCRATICO;207
MUZO;Juan Camilo Morales Rodriguez;PARTIDO LIBERAL COLOMBIANO;128
MUZO;Yamir Oswaldo Lopez Peña;PARTIDO ALIANZA VERDE;121
MUZO;Partido Conservador Colombiano;PARTIDO CONSERVADOR COLOMBIANO;94
MUZO;William Rodolfo Mesa Avella;PARTIDO CENTRO DEMOCRATICO;88
MUZO;Concha Jael Vargas Saavedra;PARTIDO CONSERVADOR COLOMBIANO;69
MUZO;Partido Alianza Verde;PARTIDO ALIANZA VERDE;65
MUZO;Omar Humberto Villamil Munevar;PARTIDO CONSERVADOR COLOMBIANO;59
MUZO;Oscar Leonardo Montañez Sierra;PARTIDO CAMBIO RADICAL;58
MUZO;Jhon Fredy Garavito Cortes;PARTIDO SOCIAL DE UNIDAD NACIONAL  PARTIDO DE LA U;54
MUZO;Movimiento Alternativo Indigena Y Social Mais;MOVIMIENTO ALTERNATIVO INDIGENA Y SOCIAL MAIS;47
MUZO;Jorge Enrique Camacho Rodriguez;PARTIDO ALIANZA SOCIAL INDEPENDIENTE ASI;46
MUZO;Partido Social De Unidad Nacional  Partido De La U;PARTIDO SOCIAL DE UNIDAD NACIONAL  PARTIDO DE LA U;38
MUZO;Partido Centro Democratico;PARTIDO CENTRO DEMOCRATICO;36
MUZO;Pedro Pablo Salas Hernandez;PARTIDO ALIANZA VERDE;36
MUZO;Yury Neill Diaz Aranguren;MOVIMIENTO ALTERNATIVO INDIGENA Y SOCIAL MAIS;35
MUZO;Ivan Ricardo Pirachican Bernal;PARTIDO CONSERVADOR COLOMBIANO;29
MUZO;Ana Adela Pulido Cuadros;PARTIDO CONSERVADOR COLOMBIANO;27
MUZO;Partido Cambio Radical;PARTIDO CAMBIO RADICAL;27
MUZO;Jairo Pacheco Suarez;PARTIDO LIBERAL COLOMBIANO;26
MUZO;Jose Antonio Estupiñan Caceres;PARTIDO CONSERVADOR COLOMBIANO;21
MUZO;Eliana Maria Villate Fonseca;PARTIDO CONSERVADOR COLOMBIANO;18
MUZO;Nereo Baron Tellez;MOVIMIENTO ALTERNATIVO INDIGENA Y SOCIAL MAIS;17
MUZO;Partido Liberal Colombiano;PARTIDO LIBERAL COLOMBIANO;16
MUZO;Angela Rocio Umaña Rojas;PARTIDO CONSERVADOR COLOMBIANO;15
MUZO;Luis Carlos Machado Zapata;PARTIDO LIBERAL COLOMBIANO;15
MUZO;Alfredo Horacio Correa Higuera;PARTIDO CAMBIO RADICAL;14
MUZO;Carlos Alfredo Siza Blanco;PARTIDO CONSERVADOR COLOMBIANO;13
MUZO;Fernando Augusto Diaz Saenz;PARTIDO CONSERVADOR COLOMBIANO;13
MUZO;Gustavo Eduardo Castañeda Niño;PARTIDO ALIANZA VERDE;13
MUZO;Ingrid Marlen Sogamoso Alfonso;PARTIDO CENTRO DEMOCRATICO;12
MUZO;Willian David Pabon Jimenez;PARTIDO SOCIAL DE UNIDAD NACIONAL  PARTIDO DE LA U;12
MUZO;Armando Buitrago Acevedo;PARTIDO ALIANZA SOCIAL INDEPENDIENTE ASI;11
MUZO;Sonia Esperanza Lopez Barrera;PARTIDO CONSERVADOR COLOMBIANO;11
MUZO;Estefany Johana Grajales Marin;MOVIMIENTO ALTERNATIVO INDIGENA Y SOCIAL MAIS;10
MUZO;Luz Dary Sevillano Guerrero;PARTIDO ALIANZA VERDE;10
MUZO;Partido Alianza Social Independiente Asi;PARTIDO ALIANZA SOCIAL INDEPENDIENTE ASI;10
MUZO;Alberto Enrique Murillo Sanchez;PARTIDO CAMBIO RADICAL;9
MUZO;Anderson Joaquin Sanchez Ruiz;PARTIDO LIBERAL COLOMBIANO;9
MUZO;Fredy Julian Castro Rodriguez;PARTIDO CENTRO DEMOCRATICO;9
MUZO;Hector Josue Camacho Acosta;PARTIDO CENTRO DEMOCRATICO;9
MUZO;Johan Francisco Herrera Gualdron;PARTIDO ALIANZA VERDE;9
MUZO;Jose Agustin Arias Millan;PARTIDO CENTRO DEMOCRATICO;9
MUZO;Ricardo Alonso Rojas Sachica;PARTIDO ALIANZA VERDE;9
MUZO;Nelson Mauricio Rodriguez Perez;PARTIDO CONSERVADOR COLOMBIANO;8
MUZO;Omar Fernando Valderrama Baez;PARTIDO CENTRO DEMOCRATICO;8
MUZO;Claudia Patricia Barrera Patiño;PARTIDO SOCIAL DE UNIDAD NACIONAL  PARTIDO DE LA U;7
MUZO;John Fredy Lopez Mora;MOVIMIENTO ALTERNATIVO INDIGENA Y SOCIAL MAIS;7
MUZO;Uldarico Javier Ramirez Chilito;MOVIMIENTO ALTERNATIVO INDIGENA Y SOCIAL MAIS;7
MUZO;Boyaca Decente;BOYACA DECENTE;6
MUZO;Carlos Ernesto Torres Aguirre;PARTIDO CONSERVADOR COLOMBIANO;6
MUZO;Carlos Julian Diaz Franco;PARTIDO ALIANZA SOCIAL INDEPENDIENTE ASI;6
MUZO;Eliana Hasleidy Gamez Pinilla;PARTIDO CAMBIO RADICAL;6
MUZO;Hugo Alveiro Rosas Romero;PARTIDO ALIANZA VERDE;6
MUZO;Maira Adriana Zerda Gonzalez;PARTIDO ALIANZA VERDE;6
MUZO;Pablo Antonio Zambrano Salamanca;PARTIDO CONSERVADOR COLOMBIANO;6
MUZO;Angela Patricia Velandia Novoa;PARTIDO ALIANZA VERDE;5
MUZO;Jairo Enrique Cabana Fonseca;PARTIDO ALIANZA VERDE;5
MUZO;Jose Wilmar Leal Abril;PARTIDO CAMBIO RADICAL;5
MUZO;Luis Carlos Ochoa Pasachoa;PARTIDO ALIANZA VERDE;5
MUZO;Ana Delia Avendaño Hernandez;PARTIDO LIBERAL COLOMBIANO;4
MUZO;Andres Mauricio Escarria Barraza;PARTIDO CAMBIO RADICAL;4
MUZO;Manuel Ricardo Mesa Trujillo;PARTIDO SOCIAL DE UNIDAD NACIONAL  PARTIDO DE LA U;4
MUZO;Martha Ines Zipa Martinez;PARTIDO CAMBIO RADICAL;4
MUZO;Norman De Jesus Quintero Gallego;PARTIDO CONSERVADOR COLOMBIANO;4
MUZO;Olga Niño Rojas;PARTIDO CENTRO DEMOCRATICO;4
MUZO;Sergio Cabra Sierra;PARTIDO SOCIAL DE UNIDAD NACIONAL  PARTIDO DE LA U;4
MUZO;Yadith Milena Martinez Farfan;PARTIDO CENTRO DEMOCRATICO;4
MUZO;Adriana Paola Laverde Rodriguez;MOVIMIENTO ALTERNATIVO INDIGENA Y SOCIAL MAIS;3
MUZO;Ana Lucia Parra Monroy;PARTIDO SOCIAL DE UNIDAD NACIONAL  PARTIDO DE LA U;3
MUZO;Claudia Yaneth Avila Castillo;PARTIDO SOCIAL DE UNIDAD NACIONAL  PARTIDO DE LA U;3
MUZO;David Santiago Ochoa Garcia;PARTIDO SOCIAL DE UNIDAD NACIONAL  PARTIDO DE LA U;3
MUZO;Edwin Alfonso Perez Beltran;PARTIDO ALIANZA SOCIAL INDEPENDIENTE ASI;3
MUZO;Hernando Arias Ochoa;PARTIDO ALIANZA SOCIAL INDEPENDIENTE ASI;3
MUZO;Irma Yineth Velandia Sandoval;PARTIDO CAMBIO RADICAL;3
MUZO;Jorge Eduardo Diaz Avendaño;MOVIMIENTO ALTERNATIVO INDIGENA Y SOCIAL MAIS;3
MUZO;Orlando Florez Cuervo;PARTIDO CENTRO DEMOCRATICO;3
MUZO;Daniel Fernando Mejia Lozano;PARTIDO ALIANZA SOCIAL INDEPENDIENTE ASI;2
MUZO;Ericka Leonor Amador Gamarra;PARTIDO SOCIAL DE UNIDAD NACIONAL  PARTIDO DE LA U;2
MUZO;Fabian Camilo Rojas Barrera;PARTIDO LIBERAL COLOMBIANO;2
MUZO;Fredy Leonardo Rojas Vargas;PARTIDO CENTRO DEMOCRATICO;2
MUZO;Jairo Correa Acevedo;MOVIMIENTO ALTERNATIVO INDIGENA Y SOCIAL MAIS;2
MUZO;Jhonnatan Jairo Avellaneda Mesa;MOVIMIENTO ALTERNATIVO INDIGENA Y SOCIAL MAIS;2
MUZO;Jose Leonidas Medina Cruz;PARTIDO SOCIAL DE UNIDAD NACIONAL  PARTIDO DE LA U;2
MUZO;Jose Mauricio Buitrago Rivera;PARTIDO CAMBIO RADICAL;2
MUZO;Julian Guillermo Camargo Amortegui;MOVIMIENTO ALTERNATIVO INDIGENA Y SOCIAL MAIS;2
MUZO;Luisa Fernanda Rodriguez Alfonso;PARTIDO ALIANZA VERDE;2
MUZO;Mariev Bejarano Ospina;BOYACA DECENTE;2
MUZO;Mauricio Cadena Valero;PARTIDO CENTRO DEMOCRATICO;2
MUZO;Neddy Esther Sandoval Figueredo;PARTIDO LIBERAL COLOMBIANO;2
MUZO;Roman Hernando Ortega Hernandez;PARTIDO ALIANZA VERDE;2
MUZO;Sandra Patricia Ricaurte Espinel;PARTIDO CAMBIO RADICAL;2
MUZO;Segundo Fidel Salazar Gonzalez;PARTIDO SOCIAL DE UNIDAD NACIONAL  PARTIDO DE LA U;2
MUZO;Siervo Yesith Gonzalez Saavedra;PARTIDO CAMBIO RADICAL;2
MUZO;Wilkins Fernando Chaparro Cuervo;PARTIDO ALIANZA SOCIAL INDEPENDIENTE ASI;2
MUZO;Wilton Fredy Castro Silva;PARTIDO ALIANZA VERDE;2
MUZO;Angela Magaly Garcia Rivera;MOVIMIENTO ALTERNATIVO INDIGENA Y SOCIAL MAIS;1
MUZO;Carlos Eduardo Vega Alvarez;BOYACA DECENTE;1
MUZO;Carmen Liria Prieto Cortes;BOYACA DECENTE;1
MUZO;David Alejandro Avila Cely;MOVIMIENTO ALTERNATIVO INDIGENA Y SOCIAL MAIS;1
MUZO;David Santiago Diaz Guio;PARTIDO SOCIAL DE UNIDAD NACIONAL  PARTIDO DE LA U;1
MUZO;Elsa Marlen Manrique Pulgar;PARTIDO LIBERAL COLOMBIANO;1
MUZO;Flor Elba Velandia Cely;PARTIDO ALIANZA SOCIAL INDEPENDIENTE ASI;1
MUZO;Fredy Enrique Segura Alonso;BOYACA DECENTE;1
MUZO;Giovanna Del Pilar Soto Barreto;PARTIDO CAMBIO RADICAL;1
MUZO;Helver Ariel Avila Panche;PARTIDO CENTRO DEMOCRATICO;1
MUZO;Jaime Andres Gomez Gomez;PARTIDO CONSERVADOR COLOMBIANO;1
MUZO;Jorge Ignacio Lopez Barrera;BOYACA DECENTE;1
MUZO;Jorge Marin Jerez Amado;PARTIDO LIBERAL COLOMBIANO;1
MUZO;Katherin Tatiana Calderon Acosta;PARTIDO CENTRO DEMOCRATICO;1
MUZO;Lizeth Paola Saade Fuentes;MOVIMIENTO ALTERNATIVO INDIGENA Y SOCIAL MAIS;1
MUZO;Luis Carlos Bernal Mesa;PARTIDO SOCIAL DE UNIDAD NACIONAL  PARTIDO DE LA U;1
MUZO;Maria De Los Santos Salamanca Silva;PARTIDO ALIANZA VERDE;1
MUZO;Merardo Vargas Roa;PARTIDO ALIANZA VERDE;1
MUZO;Pedro Humberto Vargas Gomez;PARTIDO LIBERAL COLOMBIANO;1
MUZO;Ricardo Andres Español Teatino;PARTIDO LIBERAL COLOMBIANO;1
MUZO;Sandra Milena Ramirez Moreno;PARTIDO CAMBIO RADICAL;1
MUZO;Sandra Patricia Contreras Soto;PARTIDO LIBERAL COLOMBIANO;1
MUZO;Victor Tulio Ramirez Gutierrez;BOYACA DECENTE;1
MUZO;Wilder Ivan Suesca Ochoa;PARTIDO CENTRO DEMOCRATICO;1
NOBSA;Jaime Andres Gomez Gomez;PARTIDO CONSERVADOR COLOMBIANO;1508
NOBSA;Hugo Alveiro Rosas Romero;PARTIDO ALIANZA VERDE;437
NOBSA;Carlos Eduardo Vega Alvarez;BOYACA DECENTE;344
NOBSA;Ricardo Andres Español Teatino;PARTIDO LIBERAL COLOMBIANO;331
NOBSA;Fernando Alexander Serrato Fonseca;PARTIDO LIBERAL COLOMBIANO;319
NOBSA;Yury Neill Diaz Aranguren;MOVIMIENTO ALTERNATIVO INDIGENA Y SOCIAL MAIS;301
NOBSA;Ricardo Alonso Rojas Sachica;PARTIDO ALIANZA VERDE;291
NOBSA;Jose Wilmar Leal Abril;PARTIDO CAMBIO RADICAL;263
NOBSA;Roman Hernando Ortega Hernandez;PARTIDO ALIANZA VERDE;252
NOBSA;Luisa Fernanda Rodriguez Alfonso;PARTIDO ALIANZA VERDE;203
NOBSA;Manuel Ricardo Mesa Trujillo;PARTIDO SOCIAL DE UNIDAD NACIONAL  PARTIDO DE LA U;197
NOBSA;Carlos Ernesto Torres Aguirre;PARTIDO CONSERVADOR COLOMBIANO;175
NOBSA;Partido Alianza Verde;PARTIDO ALIANZA VERDE;155
NOBSA;Wilkins Fernando Chaparro Cuervo;PARTIDO ALIANZA SOCIAL INDEPENDIENTE ASI;125
NOBSA;Sandra Patricia Ricaurte Espinel;PARTIDO CAMBIO RADICAL;115
NOBSA;Jorge Enrique Camacho Rodriguez;PARTIDO ALIANZA SOCIAL INDEPENDIENTE ASI;113
NOBSA;Cesar Augusto Mojica Bedoya;PARTIDO SOCIAL DE UNIDAD NACIONAL  PARTIDO DE LA U;109
NOBSA;Partido Colombia Justa Libres;PARTIDO COLOMBIA JUSTA LIBRES;105
NOBSA;Pablo Antonio Zambrano Salamanca;PARTIDO CONSERVADOR COLOMBIANO;103
NOBSA;Yamir Oswaldo Lopez Peña;PARTIDO ALIANZA VERDE;99
NOBSA;Uldarico Javier Ramirez Chilito;MOVIMIENTO ALTERNATIVO INDIGENA Y SOCIAL MAIS;91
NOBSA;William Rodolfo Mesa Avella;PARTIDO CENTRO DEMOCRATICO;87
NOBSA;Luis Carlos Ochoa Pasachoa;PARTIDO ALIANZA VERDE;86
NOBSA;Angela Patricia Velandia Novoa;PARTIDO ALIANZA VERDE;75
NOBSA;Jorge Ignacio Lopez Barrera;BOYACA DECENTE;70
NOBSA;Nelson Mauricio Rodriguez Perez;PARTIDO CONSERVADOR COLOMBIANO;67
NOBSA;Wilton Fredy Castro Silva;PARTIDO ALIANZA VERDE;67
NOBSA;Alfredo Horacio Correa Higuera;PARTIDO CAMBIO RADICAL;66
NOBSA;Ivan Ricardo Pirachican Bernal;PARTIDO CONSERVADOR COLOMBIANO;63
NOBSA;Hector Josue Camacho Acosta;PARTIDO CENTRO DEMOCRATICO;61
NOBSA;Maria De Los Santos Salamanca Silva;PARTIDO ALIANZA VERDE;57
NOBSA;Gustavo Eduardo Castañeda Niño;PARTIDO ALIANZA VERDE;56
NOBSA;Jose Dario Mahecha Castillo;PARTIDO CONSERVADOR COLOMBIANO;56
NOBSA;Jhonnatan Jairo Avellaneda Mesa;MOVIMIENTO ALTERNATIVO INDIGENA Y SOCIAL MAIS;55
NOBSA;Edwin Alfonso Perez Beltran;PARTIDO ALIANZA SOCIAL INDEPENDIENTE ASI;54
NOBSA;Johan Francisco Herrera Gualdron;PARTIDO ALIANZA VERDE;54
NOBSA;Anderson Joaquin Sanchez Ruiz;PARTIDO LIBERAL COLOMBIANO;53
NOBSA;Alvaro Hernan Forero Hurtado;BOYACA DECENTE;52
NOBSA;Merardo Vargas Roa;PARTIDO ALIANZA VERDE;51
NOBSA;Luis Carlos Bernal Mesa;PARTIDO SOCIAL DE UNIDAD NACIONAL  PARTIDO DE LA U;48
NOBSA;Jorge Eduardo Diaz Avendaño;MOVIMIENTO ALTERNATIVO INDIGENA Y SOCIAL MAIS;46
NOBSA;Maira Adriana Zerda Gonzalez;PARTIDO ALIANZA VERDE;46
NOBSA;Elsa Marlen Manrique Pulgar;PARTIDO LIBERAL COLOMBIANO;45
NOBSA;Partido Conservador Colombiano;PARTIDO CONSERVADOR COLOMBIANO;45
NOBSA;Antonio Ernesto Leguizamo Diaz;PARTIDO LIBERAL COLOMBIANO;43
NOBSA;Jairo Pacheco Suarez;PARTIDO LIBERAL COLOMBIANO;43
NOBSA;Jose Antonio Estupiñan Caceres;PARTIDO CONSERVADOR COLOMBIANO;42
NOBSA;Jose Mauricio Buitrago Rivera;PARTIDO CAMBIO RADICAL;42
NOBSA;Boyaca Decente;BOYACA DECENTE;41
NOBSA;Ingrid Marlen Sogamoso Alfonso;PARTIDO CENTRO DEMOCRATICO;41
NOBSA;Estefany Johana Grajales Marin;MOVIMIENTO ALTERNATIVO INDIGENA Y SOCIAL MAIS;40
NOBSA;Hernando Arias Ochoa;PARTIDO ALIANZA SOCIAL INDEPENDIENTE ASI;36
NOBSA;Fernando Augusto Diaz Saenz;PARTIDO CONSERVADOR COLOMBIANO;35
NOBSA;Julieth Rocio Montañez Niño;PARTIDO ALIANZA SOCIAL INDEPENDIENTE ASI;35
NOBSA;Luz Dary Sevillano Guerrero;PARTIDO ALIANZA VERDE;35
NOBSA;Pedro Pablo Salas Hernandez;PARTIDO ALIANZA VERDE;35
NOBSA;Partido Liberal Colombiano;PARTIDO LIBERAL COLOMBIANO;33
NOBSA;Sandra Patricia Contreras Soto;PARTIDO LIBERAL COLOMBIANO;32
NOBSA;Concha Jael Vargas Saavedra;PARTIDO CONSERVADOR COLOMBIANO;30
NOBSA;Jairo Correa Acevedo;MOVIMIENTO ALTERNATIVO INDIGENA Y SOCIAL MAIS;30
NOBSA;Willian David Pabon Jimenez;PARTIDO SOCIAL DE UNIDAD NACIONAL  PARTIDO DE LA U;30
NOBSA;Alberto Enrique Murillo Sanchez;PARTIDO CAMBIO RADICAL;29
NOBSA;Norman De Jesus Quintero Gallego;PARTIDO CONSERVADOR COLOMBIANO;29
NOBSA;Partido Cambio Radical;PARTIDO CAMBIO RADICAL;28
NOBSA;Angela Rocio Umaña Rojas;PARTIDO CONSERVADOR COLOMBIANO;27
NOBSA;Giovanna Del Pilar Soto Barreto;PARTIDO CAMBIO RADICAL;27
NOBSA;Oscar Leonardo Montañez Sierra;PARTIDO CAMBIO RADICAL;27
NOBSA;Jairo Enrique Cabana Fonseca;PARTIDO ALIANZA VERDE;26
NOBSA;Pedro Humberto Vargas Gomez;PARTIDO LIBERAL COLOMBIANO;24
NOBSA;Jose Leonidas Medina Cruz;PARTIDO SOCIAL DE UNIDAD NACIONAL  PARTIDO DE LA U;23
NOBSA;Partido Alianza Social Independiente Asi;PARTIDO ALIANZA SOCIAL INDEPENDIENTE ASI;23
NOBSA;Wilder Ivan Suesca Ochoa;PARTIDO CENTRO DEMOCRATICO;22
NOBSA;John Fredy Lopez Mora;MOVIMIENTO ALTERNATIVO INDIGENA Y SOCIAL MAIS;21
NOBSA;Mariev Bejarano Ospina;BOYACA DECENTE;20
NOBSA;Sergio Cabra Sierra;PARTIDO SOCIAL DE UNIDAD NACIONAL  PARTIDO DE LA U;20
NOBSA;Ana Delia Avendaño Hernandez;PARTIDO LIBERAL COLOMBIANO;19
NOBSA;Eliana Maria Villate Fonseca;PARTIDO CONSERVADOR COLOMBIANO;19
NOBSA;Jose Armando Quiñones Garzon;PARTIDO CENTRO DEMOCRATICO;19
NOBSA;Movimiento Alternativo Indigena Y Social Mais;MOVIMIENTO ALTERNATIVO INDIGENA Y SOCIAL MAIS;19
NOBSA;Fabian Camilo Rojas Barrera;PARTIDO LIBERAL COLOMBIANO;18
NOBSA;Juan Camilo Morales Rodriguez;PARTIDO LIBERAL COLOMBIANO;18
NOBSA;Partido Social De Unidad Nacional  Partido De La U;PARTIDO SOCIAL DE UNIDAD NACIONAL  PARTIDO DE LA U;18
NOBSA;Carlos Alfredo Siza Blanco;PARTIDO CONSERVADOR COLOMBIANO;17
NOBSA;Fredy Leonardo Rojas Vargas;PARTIDO CENTRO DEMOCRATICO;17
NOBSA;Omar Humberto Villamil Munevar;PARTIDO CONSERVADOR COLOMBIANO;17
NOBSA;Ana Adela Pulido Cuadros;PARTIDO CONSERVADOR COLOMBIANO;15
NOBSA;Helver Ariel Avila Panche;PARTIDO CENTRO DEMOCRATICO;14
NOBSA;Jorge Marin Jerez Amado;PARTIDO LIBERAL COLOMBIANO;14
NOBSA;Nereo Baron Tellez;MOVIMIENTO ALTERNATIVO INDIGENA Y SOCIAL MAIS;14
NOBSA;Andres Mauricio Escarria Barraza;PARTIDO CAMBIO RADICAL;13
NOBSA;Fredy Enrique Segura Alonso;BOYACA DECENTE;13
NOBSA;Omar Fernando Valderrama Baez;PARTIDO CENTRO DEMOCRATICO;13
NOBSA;Kiliam Ernesto Gonzalez Forero;BOYACA DECENTE;12
NOBSA;Flor Elba Velandia Cely;PARTIDO ALIANZA SOCIAL INDEPENDIENTE ASI;11
NOBSA;Irma Yineth Velandia Sandoval;PARTIDO CAMBIO RADICAL;11
NOBSA;Jhon Fredy Garavito Cortes;PARTIDO SOCIAL DE UNIDAD NACIONAL  PARTIDO DE LA U;11
NOBSA;Martha Ines Zipa Martinez;PARTIDO CAMBIO RADICAL;11
NOBSA;Partido Centro Democratico;PARTIDO CENTRO DEMOCRATICO;11
NOBSA;Sandra Milena Ramirez Moreno;PARTIDO CAMBIO RADICAL;11
NOBSA;Sonia Esperanza Lopez Barrera;PARTIDO CONSERVADOR COLOMBIANO;11
NOBSA;Eliana Hasleidy Gamez Pinilla;PARTIDO CAMBIO RADICAL;10
NOBSA;Luis Carlos Machado Zapata;PARTIDO LIBERAL COLOMBIANO;10
NOBSA;Maria Francia Blanco Pedroza;BOYACA DECENTE;10
NOBSA;Neddy Esther Sandoval Figueredo;PARTIDO LIBERAL COLOMBIANO;10
NOBSA;David Santiago Ochoa Garcia;PARTIDO SOCIAL DE UNIDAD NACIONAL  PARTIDO DE LA U;9
NOBSA;Edwin Andres Rodriguez Rodriguez;PARTIDO LIBERAL COLOMBIANO;9
NOBSA;Gregorio Morales Tovar;BOYACA DECENTE;9
NOBSA;Lizeth Paola Saade Fuentes;MOVIMIENTO ALTERNATIVO INDIGENA Y SOCIAL MAIS;9
NOBSA;Andrea Carolina Camargo Caro;MOVIMIENTO ALTERNATIVO INDIGENA Y SOCIAL MAIS;8
NOBSA;Armando Buitrago Acevedo;PARTIDO ALIANZA SOCIAL INDEPENDIENTE ASI;8
NOBSA;David Alejandro Avila Cely;MOVIMIENTO ALTERNATIVO INDIGENA Y SOCIAL MAIS;8
NOBSA;Olga Niño Rojas;PARTIDO CENTRO DEMOCRATICO;8
NOBSA;Julian Guillermo Camargo Amortegui;MOVIMIENTO ALTERNATIVO INDIGENA Y SOCIAL MAIS;7
NOBSA;Mauricio Cadena Valero;PARTIDO CENTRO DEMOCRATICO;7
NOBSA;Siervo Yesith Gonzalez Saavedra;PARTIDO CAMBIO RADICAL;7
NOBSA;Alba Luz Becerra Becerra;PARTIDO ALIANZA SOCIAL INDEPENDIENTE ASI;6
NOBSA;Carmen Liria Prieto Cortes;BOYACA DECENTE;6
NOBSA;Claudia Patricia Barrera Patiño;PARTIDO SOCIAL DE UNIDAD NACIONAL  PARTIDO DE LA U;6
NOBSA;Daniel Fernando Mejia Lozano;PARTIDO ALIANZA SOCIAL INDEPENDIENTE ASI;6
NOBSA;Edgar Antulio Gonzalez Trujillo;BOYACA DECENTE;6
NOBSA;Erika Dayana Piragauta Rodriguez;PARTIDO LIBERAL COLOMBIANO;6
NOBSA;Yadith Milena Martinez Farfan;PARTIDO CENTRO DEMOCRATICO;6
NOBSA;Ericka Leonor Amador Gamarra;PARTIDO SOCIAL DE UNIDAD NACIONAL  PARTIDO DE LA U;5
NOBSA;Jose Agustin Arias Millan;PARTIDO CENTRO DEMOCRATICO;5
NOBSA;Carlos Julian Diaz Franco;PARTIDO ALIANZA SOCIAL INDEPENDIENTE ASI;4
NOBSA;Claudia Yaneth Avila Castillo;PARTIDO SOCIAL DE UNIDAD NACIONAL  PARTIDO DE LA U;4
NOBSA;Fredy Julian Castro Rodriguez;PARTIDO CENTRO DEMOCRATICO;4
NOBSA;Nelsy Yolanda Rivera Ferrucho;BOYACA DECENTE;4
NOBSA;Orlando Florez Cuervo;PARTIDO CENTRO DEMOCRATICO;4
NOBSA;Victor Tulio Ramirez Gutierrez;BOYACA DECENTE;4
NOBSA;Adriana Paola Laverde Rodriguez;MOVIMIENTO ALTERNATIVO INDIGENA Y SOCIAL MAIS;3
NOBSA;Ana Lucia Parra Monroy;PARTIDO SOCIAL DE UNIDAD NACIONAL  PARTIDO DE LA U;3
NOBSA;Henry Goyeneche Hormaza;PARTIDO ALIANZA SOCIAL INDEPENDIENTE ASI;3
NOBSA;Juddy Alexandra Jimenez Cuadros;PARTIDO SOCIAL DE UNIDAD NACIONAL  PARTIDO DE LA U;3
NOBSA;Segundo Fidel Salazar Gonzalez;PARTIDO SOCIAL DE UNIDAD NACIONAL  PARTIDO DE LA U;3
NOBSA;Aura Lucia Ortiz Cardona;PARTIDO CENTRO DEMOCRATICO;2
NOBSA;David Santiago Diaz Guio;PARTIDO SOCIAL DE UNIDAD NACIONAL  PARTIDO DE LA U;2
NOBSA;Laura Patricia Contreras Alvarez;PARTIDO ALIANZA SOCIAL INDEPENDIENTE ASI;2
NOBSA;Angela Magaly Garcia Rivera;MOVIMIENTO ALTERNATIVO INDIGENA Y SOCIAL MAIS;1
NOBSA;Katherin Tatiana Calderon Acosta;PARTIDO CENTRO DEMOCRATICO;1
NOBSA;Vivian Catherin Alvarez;PARTIDO ALIANZA SOCIAL INDEPENDIENTE ASI;1
NUEVO COLON;Ana Delia Avendaño Hernandez;PARTIDO LIBERAL COLOMBIANO;349
NUEVO COLON;Angela Patricia Velandia Novoa;PARTIDO ALIANZA VERDE;327
NUEVO COLON;Jairo Pacheco Suarez;PARTIDO LIBERAL COLOMBIANO;245
NUEVO COLON;Hugo Alveiro Rosas Romero;PARTIDO ALIANZA VERDE;222
NUEVO COLON;Anderson Joaquin Sanchez Ruiz;PARTIDO LIBERAL COLOMBIANO;217
NUEVO COLON;Ivan Ricardo Pirachican Bernal;PARTIDO CONSERVADOR COLOMBIANO;109
NUEVO COLON;Hector Josue Camacho Acosta;PARTIDO CENTRO DEMOCRATICO;107
NUEVO COLON;Juan Camilo Morales Rodriguez;PARTIDO LIBERAL COLOMBIANO;100
NUEVO COLON;Gustavo Eduardo Castañeda Niño;PARTIDO ALIANZA VERDE;93
NUEVO COLON;Nelson Mauricio Rodriguez Perez;PARTIDO CONSERVADOR COLOMBIANO;93
NUEVO COLON;Yamir Oswaldo Lopez Peña;PARTIDO ALIANZA VERDE;90
NUEVO COLON;Jairo Enrique Cabana Fonseca;PARTIDO ALIANZA VERDE;86
NUEVO COLON;Fernando Alexander Serrato Fonseca;PARTIDO LIBERAL COLOMBIANO;84
NUEVO COLON;Partido Alianza Verde;PARTIDO ALIANZA VERDE;82
NUEVO COLON;Partido Liberal Colombiano;PARTIDO LIBERAL COLOMBIANO;68
NUEVO COLON;Wilder Ivan Suesca Ochoa;PARTIDO CENTRO DEMOCRATICO;51
NUEVO COLON;Jhonnatan Jairo Avellaneda Mesa;MOVIMIENTO ALTERNATIVO INDIGENA Y SOCIAL MAIS;44
NUEVO COLON;Mauricio Cadena Valero;PARTIDO CENTRO DEMOCRATICO;37
NUEVO COLON;Fabian Camilo Rojas Barrera;PARTIDO LIBERAL COLOMBIANO;30
NUEVO COLON;Jose Antonio Estupiñan Caceres;PARTIDO CONSERVADOR COLOMBIANO;24
NUEVO COLON;Luz Dary Sevillano Guerrero;PARTIDO ALIANZA VERDE;22
NUEVO COLON;Partido Conservador Colombiano;PARTIDO CONSERVADOR COLOMBIANO;22
NUEVO COLON;Elsa Marlen Manrique Pulgar;PARTIDO LIBERAL COLOMBIANO;20
NUEVO COLON;Oscar Leonardo Montañez Sierra;PARTIDO CAMBIO RADICAL;20
NUEVO COLON;Partido Colombia Justa Libres;PARTIDO COLOMBIA JUSTA LIBRES;20
NUEVO COLON;Ana Adela Pulido Cuadros;PARTIDO CONSERVADOR COLOMBIANO;19
NUEVO COLON;Luis Carlos Ochoa Pasachoa;PARTIDO ALIANZA VERDE;17
NUEVO COLON;Pedro Pablo Salas Hernandez;PARTIDO ALIANZA VERDE;16
NUEVO COLON;Pedro Humberto Vargas Gomez;PARTIDO LIBERAL COLOMBIANO;14
NUEVO COLON;Concha Jael Vargas Saavedra;PARTIDO CONSERVADOR COLOMBIANO;13
NUEVO COLON;Jose Armando Quiñones Garzon;PARTIDO CENTRO DEMOCRATICO;12
NUEVO COLON;Eliana Maria Villate Fonseca;PARTIDO CONSERVADOR COLOMBIANO;11
NUEVO COLON;Jose Mauricio Buitrago Rivera;PARTIDO CAMBIO RADICAL;11
NUEVO COLON;Carlos Julian Diaz Franco;PARTIDO ALIANZA SOCIAL INDEPENDIENTE ASI;10
NUEVO COLON;Ingrid Marlen Sogamoso Alfonso;PARTIDO CENTRO DEMOCRATICO;10
NUEVO COLON;Johan Francisco Herrera Gualdron;PARTIDO ALIANZA VERDE;10
NUEVO COLON;Neddy Esther Sandoval Figueredo;PARTIDO LIBERAL COLOMBIANO;10
NUEVO COLON;Partido Centro Democratico;PARTIDO CENTRO DEMOCRATICO;10
NUEVO COLON;Wilton Fredy Castro Silva;PARTIDO ALIANZA VERDE;10
NUEVO COLON;Luis Carlos Machado Zapata;PARTIDO LIBERAL COLOMBIANO;9
NUEVO COLON;Ricardo Alonso Rojas Sachica;PARTIDO ALIANZA VERDE;9
NUEVO COLON;Cesar Augusto Mojica Bedoya;PARTIDO SOCIAL DE UNIDAD NACIONAL  PARTIDO DE LA U;8
NUEVO COLON;Merardo Vargas Roa;PARTIDO ALIANZA VERDE;8
NUEVO COLON;Orlando Florez Cuervo;PARTIDO CENTRO DEMOCRATICO;8
NUEVO COLON;Edwin Andres Rodriguez Rodriguez;PARTIDO LIBERAL COLOMBIANO;7
NUEVO COLON;Jose Agustin Arias Millan;PARTIDO CENTRO DEMOCRATICO;7
NUEVO COLON;Juddy Alexandra Jimenez Cuadros;PARTIDO SOCIAL DE UNIDAD NACIONAL  PARTIDO DE LA U;7
NUEVO COLON;Partido Social De Unidad Nacional  Partido De La U;PARTIDO SOCIAL DE UNIDAD NACIONAL  PARTIDO DE LA U;7
NUEVO COLON;Sandra Patricia Contreras Soto;PARTIDO LIBERAL COLOMBIANO;7
NUEVO COLON;Willian David Pabon Jimenez;PARTIDO SOCIAL DE UNIDAD NACIONAL  PARTIDO DE LA U;7
NUEVO COLON;Erika Dayana Piragauta Rodriguez;PARTIDO LIBERAL COLOMBIANO;6
NUEVO COLON;Jorge Enrique Camacho Rodriguez;PARTIDO ALIANZA SOCIAL INDEPENDIENTE ASI;6
NUEVO COLON;Jose Dario Mahecha Castillo;PARTIDO CONSERVADOR COLOMBIANO;6
NUEVO COLON;Luisa Fernanda Rodriguez Alfonso;PARTIDO ALIANZA VERDE;6
NUEVO COLON;Sonia Esperanza Lopez Barrera;PARTIDO CONSERVADOR COLOMBIANO;6
NUEVO COLON;Alfredo Horacio Correa Higuera;PARTIDO CAMBIO RADICAL;5
NUEVO COLON;Angela Magaly Garcia Rivera;MOVIMIENTO ALTERNATIVO INDIGENA Y SOCIAL MAIS;5
NUEVO COLON;Claudia Yaneth Avila Castillo;PARTIDO SOCIAL DE UNIDAD NACIONAL  PARTIDO DE LA U;5
NUEVO COLON;Hernando Arias Ochoa;PARTIDO ALIANZA SOCIAL INDEPENDIENTE ASI;5
NUEVO COLON;Irma Yineth Velandia Sandoval;PARTIDO CAMBIO RADICAL;5
NUEVO COLON;Jose Wilmar Leal Abril;PARTIDO CAMBIO RADICAL;5
NUEVO COLON;Maira Adriana Zerda Gonzalez;PARTIDO ALIANZA VERDE;5
NUEVO COLON;Nereo Baron Tellez;MOVIMIENTO ALTERNATIVO INDIGENA Y SOCIAL MAIS;5
NUEVO COLON;Olga Niño Rojas;PARTIDO CENTRO DEMOCRATICO;5
NUEVO COLON;Omar Humberto Villamil Munevar;PARTIDO CONSERVADOR COLOMBIANO;5
NUEVO COLON;Ricardo Andres Español Teatino;PARTIDO LIBERAL COLOMBIANO;5
NUEVO COLON;Siervo Yesith Gonzalez Saavedra;PARTIDO CAMBIO RADICAL;5
NUEVO COLON;William Rodolfo Mesa Avella;PARTIDO CENTRO DEMOCRATICO;5
NUEVO COLON;Daniel Fernando Mejia Lozano;PARTIDO ALIANZA SOCIAL INDEPENDIENTE ASI;4
NUEVO COLON;Ericka Leonor Amador Gamarra;PARTIDO SOCIAL DE UNIDAD NACIONAL  PARTIDO DE LA U;4
NUEVO COLON;Fredy Julian Castro Rodriguez;PARTIDO CENTRO DEMOCRATICO;4
NUEVO COLON;Fredy Leonardo Rojas Vargas;PARTIDO CENTRO DEMOCRATICO;4
NUEVO COLON;Jorge Marin Jerez Amado;PARTIDO LIBERAL COLOMBIANO;4
NUEVO COLON;Movimiento Alternativo Indigena Y Social Mais;MOVIMIENTO ALTERNATIVO INDIGENA Y SOCIAL MAIS;4
NUEVO COLON;Partido Alianza Social Independiente Asi;PARTIDO ALIANZA SOCIAL INDEPENDIENTE ASI;4
NUEVO COLON;Roman Hernando Ortega Hernandez;PARTIDO ALIANZA VERDE;4
NUEVO COLON;Yadith Milena Martinez Farfan;PARTIDO CENTRO DEMOCRATICO;4
NUEVO COLON;Alberto Enrique Murillo Sanchez;PARTIDO CAMBIO RADICAL;3
NUEVO COLON;Ana Lucia Parra Monroy;PARTIDO SOCIAL DE UNIDAD NACIONAL  PARTIDO DE LA U;3
NUEVO COLON;Andres Mauricio Escarria Barraza;PARTIDO CAMBIO RADICAL;3
NUEVO COLON;Carlos Alfredo Siza Blanco;PARTIDO CONSERVADOR COLOMBIANO;3
NUEVO COLON;David Santiago Ochoa Garcia;PARTIDO SOCIAL DE UNIDAD NACIONAL  PARTIDO DE LA U;3
NUEVO COLON;Eliana Hasleidy Gamez Pinilla;PARTIDO CAMBIO RADICAL;3
NUEVO COLON;Laura Patricia Contreras Alvarez;PARTIDO ALIANZA SOCIAL INDEPENDIENTE ASI;3
NUEVO COLON;Maria De Los Santos Salamanca Silva;PARTIDO ALIANZA VERDE;3
NUEVO COLON;Omar Fernando Valderrama Baez;PARTIDO CENTRO DEMOCRATICO;3
NUEVO COLON;Pablo Antonio Zambrano Salamanca;PARTIDO CONSERVADOR COLOMBIANO;3
NUEVO COLON;Segundo Fidel Salazar Gonzalez;PARTIDO SOCIAL DE UNIDAD NACIONAL  PARTIDO DE LA U;3
NUEVO COLON;Yury Neill Diaz Aranguren;MOVIMIENTO ALTERNATIVO INDIGENA Y SOCIAL MAIS;3
NUEVO COLON;Alba Luz Becerra Becerra;PARTIDO ALIANZA SOCIAL INDEPENDIENTE ASI;2
NUEVO COLON;Alvaro Hernan Forero Hurtado;BOYACA DECENTE;2
NUEVO COLON;Carmen Liria Prieto Cortes;BOYACA DECENTE;2
NUEVO COLON;Flor Elba Velandia Cely;PARTIDO ALIANZA SOCIAL INDEPENDIENTE ASI;2
NUEVO COLON;Henry Goyeneche Hormaza;PARTIDO ALIANZA SOCIAL INDEPENDIENTE ASI;2
NUEVO COLON;John Fredy Lopez Mora;MOVIMIENTO ALTERNATIVO INDIGENA Y SOCIAL MAIS;2
NUEVO COLON;Jorge Eduardo Diaz Avendaño;MOVIMIENTO ALTERNATIVO INDIGENA Y SOCIAL MAIS;2
NUEVO COLON;Julian Guillermo Camargo Amortegui;MOVIMIENTO ALTERNATIVO INDIGENA Y SOCIAL MAIS;2
NUEVO COLON;Katherin Tatiana Calderon Acosta;PARTIDO CENTRO DEMOCRATICO;2
NUEVO COLON;Maria Francia Blanco Pedroza;BOYACA DECENTE;2
NUEVO COLON;Partido Cambio Radical;PARTIDO CAMBIO RADICAL;2
NUEVO COLON;Sandra Milena Ramirez Moreno;PARTIDO CAMBIO RADICAL;2
NUEVO COLON;Wilkins Fernando Chaparro Cuervo;PARTIDO ALIANZA SOCIAL INDEPENDIENTE ASI;2
NUEVO COLON;Andrea Carolina Camargo Caro;MOVIMIENTO ALTERNATIVO INDIGENA Y SOCIAL MAIS;1
NUEVO COLON;Armando Buitrago Acevedo;PARTIDO ALIANZA SOCIAL INDEPENDIENTE ASI;1
NUEVO COLON;Aura Lucia Ortiz Cardona;PARTIDO CENTRO DEMOCRATICO;1
NUEVO COLON;Carlos Eduardo Vega Alvarez;BOYACA DECENTE;1
NUEVO COLON;Carlos Ernesto Torres Aguirre;PARTIDO CONSERVADOR COLOMBIANO;1
NUEVO COLON;Estefany Johana Grajales Marin;MOVIMIENTO ALTERNATIVO INDIGENA Y SOCIAL MAIS;1
NUEVO COLON;Helver Ariel Avila Panche;PARTIDO CENTRO DEMOCRATICO;1
NUEVO COLON;Jaime Andres Gomez Gomez;PARTIDO CONSERVADOR COLOMBIANO;1
NUEVO COLON;Jairo Correa Acevedo;MOVIMIENTO ALTERNATIVO INDIGENA Y SOCIAL MAIS;1
NUEVO COLON;Jhon Fredy Garavito Cortes;PARTIDO SOCIAL DE UNIDAD NACIONAL  PARTIDO DE LA U;1
NUEVO COLON;Jorge Ignacio Lopez Barrera;BOYACA DECENTE;1
NUEVO COLON;Martha Ines Zipa Martinez;PARTIDO CAMBIO RADICAL;1
NUEVO COLON;Norman De Jesus Quintero Gallego;PARTIDO CONSERVADOR COLOMBIANO;1
NUEVO COLON;Sandra Patricia Ricaurte Espinel;PARTIDO CAMBIO RADICAL;1
NUEVO COLON;Sergio Cabra Sierra;PARTIDO SOCIAL DE UNIDAD NACIONAL  PARTIDO DE LA U;1
NUEVO COLON;Antonio Ernesto Leguizamo Diaz;PARTIDO LIBERAL COLOMBIANO;0
OICATA;Angela Patricia Velandia Novoa;PARTIDO ALIANZA VERDE;186
OICATA;Ivan Ricardo Pirachican Bernal;PARTIDO CONSERVADOR COLOMBIANO;185
OICATA;Wilder Ivan Suesca Ochoa;PARTIDO CENTRO DEMOCRATICO;156
OICATA;Yamir Oswaldo Lopez Peña;PARTIDO ALIANZA VERDE;73
OICATA;Anderson Joaquin Sanchez Ruiz;PARTIDO LIBERAL COLOMBIANO;71
OICATA;Gustavo Eduardo Castañeda Niño;PARTIDO ALIANZA VERDE;68
OICATA;Jairo Pacheco Suarez;PARTIDO LIBERAL COLOMBIANO;67
OICATA;Juan Camilo Morales Rodriguez;PARTIDO LIBERAL COLOMBIANO;60
OICATA;Willian David Pabon Jimenez;PARTIDO SOCIAL DE UNIDAD NACIONAL  PARTIDO DE LA U;53
OICATA;Pedro Pablo Salas Hernandez;PARTIDO ALIANZA VERDE;41
OICATA;Luisa Fernanda Rodriguez Alfonso;PARTIDO ALIANZA VERDE;40
OICATA;Fabian Camilo Rojas Barrera;PARTIDO LIBERAL COLOMBIANO;32
OICATA;Partido Alianza Verde;PARTIDO ALIANZA VERDE;32
OICATA;Nelson Mauricio Rodriguez Perez;PARTIDO CONSERVADOR COLOMBIANO;30
OICATA;Hugo Alveiro Rosas Romero;PARTIDO ALIANZA VERDE;29
OICATA;Jose Armando Quiñones Garzon;PARTIDO CENTRO DEMOCRATICO;28
OICATA;Johan Francisco Herrera Gualdron;PARTIDO ALIANZA VERDE;27
OICATA;Jairo Enrique Cabana Fonseca;PARTIDO ALIANZA VERDE;26
OICATA;Jaime Andres Gomez Gomez;PARTIDO CONSERVADOR COLOMBIANO;25
OICATA;Merardo Vargas Roa;PARTIDO ALIANZA VERDE;20
OICATA;Alvaro Hernan Forero Hurtado;BOYACA DECENTE;19
OICATA;Hector Josue Camacho Acosta;PARTIDO CENTRO DEMOCRATICO;19
OICATA;Ricardo Alonso Rojas Sachica;PARTIDO ALIANZA VERDE;17
OICATA;Eliana Hasleidy Gamez Pinilla;PARTIDO CAMBIO RADICAL;15
OICATA;Ana Lucia Parra Monroy;PARTIDO SOCIAL DE UNIDAD NACIONAL  PARTIDO DE LA U;14
OICATA;Omar Fernando Valderrama Baez;PARTIDO CENTRO DEMOCRATICO;14
OICATA;Partido Centro Democratico;PARTIDO CENTRO DEMOCRATICO;14
OICATA;Partido Colombia Justa Libres;PARTIDO COLOMBIA JUSTA LIBRES;14
OICATA;Carlos Ernesto Torres Aguirre;PARTIDO CONSERVADOR COLOMBIANO;13
OICATA;Elsa Marlen Manrique Pulgar;PARTIDO LIBERAL COLOMBIANO;13
OICATA;Jose Antonio Estupiñan Caceres;PARTIDO CONSERVADOR COLOMBIANO;12
OICATA;Concha Jael Vargas Saavedra;PARTIDO CONSERVADOR COLOMBIANO;11
OICATA;Carlos Julian Diaz Franco;PARTIDO ALIANZA SOCIAL INDEPENDIENTE ASI;10
OICATA;Edwin Andres Rodriguez Rodriguez;PARTIDO LIBERAL COLOMBIANO;10
OICATA;Fernando Alexander Serrato Fonseca;PARTIDO LIBERAL COLOMBIANO;10
OICATA;Luis Carlos Machado Zapata;PARTIDO LIBERAL COLOMBIANO;10
OICATA;Oscar Leonardo Montañez Sierra;PARTIDO CAMBIO RADICAL;10
OICATA;William Rodolfo Mesa Avella;PARTIDO CENTRO DEMOCRATICO;10
OICATA;Wilton Fredy Castro Silva;PARTIDO ALIANZA VERDE;10
OICATA;Ingrid Marlen Sogamoso Alfonso;PARTIDO CENTRO DEMOCRATICO;9
OICATA;Movimiento Alternativo Indigena Y Social Mais;MOVIMIENTO ALTERNATIVO INDIGENA Y SOCIAL MAIS;9
OICATA;Partido Liberal Colombiano;PARTIDO LIBERAL COLOMBIANO;9
OICATA;Sandra Patricia Contreras Soto;PARTIDO LIBERAL COLOMBIANO;9
OICATA;Orlando Florez Cuervo;PARTIDO CENTRO DEMOCRATICO;8
OICATA;Partido Social De Unidad Nacional  Partido De La U;PARTIDO SOCIAL DE UNIDAD NACIONAL  PARTIDO DE LA U;8
OICATA;Segundo Fidel Salazar Gonzalez;PARTIDO SOCIAL DE UNIDAD NACIONAL  PARTIDO DE LA U;8
OICATA;Yury Neill Diaz Aranguren;MOVIMIENTO ALTERNATIVO INDIGENA Y SOCIAL MAIS;8
OICATA;Ericka Leonor Amador Gamarra;PARTIDO SOCIAL DE UNIDAD NACIONAL  PARTIDO DE LA U;7
OICATA;Flor Elba Velandia Cely;PARTIDO ALIANZA SOCIAL INDEPENDIENTE ASI;7
OICATA;Luis Carlos Ochoa Pasachoa;PARTIDO ALIANZA VERDE;7
OICATA;Sergio Cabra Sierra;PARTIDO SOCIAL DE UNIDAD NACIONAL  PARTIDO DE LA U;7
OICATA;Hernando Arias Ochoa;PARTIDO ALIANZA SOCIAL INDEPENDIENTE ASI;6
OICATA;Jhonnatan Jairo Avellaneda Mesa;MOVIMIENTO ALTERNATIVO INDIGENA Y SOCIAL MAIS;6
OICATA;Julieth Rocio Montañez Niño;PARTIDO ALIANZA SOCIAL INDEPENDIENTE ASI;6
OICATA;Laura Patricia Contreras Alvarez;PARTIDO ALIANZA SOCIAL INDEPENDIENTE ASI;6
OICATA;Luz Dary Sevillano Guerrero;PARTIDO ALIANZA VERDE;6
OICATA;Norman De Jesus Quintero Gallego;PARTIDO CONSERVADOR COLOMBIANO;6
OICATA;Pedro Humberto Vargas Gomez;PARTIDO LIBERAL COLOMBIANO;6
OICATA;Cesar Augusto Mojica Bedoya;PARTIDO SOCIAL DE UNIDAD NACIONAL  PARTIDO DE LA U;5
OICATA;Daniel Fernando Mejia Lozano;PARTIDO ALIANZA SOCIAL INDEPENDIENTE ASI;5
OICATA;Jose Dario Mahecha Castillo;PARTIDO CONSERVADOR COLOMBIANO;5
OICATA;Katherin Tatiana Calderon Acosta;PARTIDO CENTRO DEMOCRATICO;5
OICATA;Maria De Los Santos Salamanca Silva;PARTIDO ALIANZA VERDE;5
OICATA;Mariev Bejarano Ospina;BOYACA DECENTE;5
OICATA;Martha Ines Zipa Martinez;PARTIDO CAMBIO RADICAL;5
OICATA;Mauricio Cadena Valero;PARTIDO CENTRO DEMOCRATICO;5
OICATA;Partido Alianza Social Independiente Asi;PARTIDO ALIANZA SOCIAL INDEPENDIENTE ASI;5
OICATA;Partido Conservador Colombiano;PARTIDO CONSERVADOR COLOMBIANO;5
OICATA;Roman Hernando Ortega Hernandez;PARTIDO ALIANZA VERDE;5
OICATA;Antonio Ernesto Leguizamo Diaz;PARTIDO LIBERAL COLOMBIANO;4
OICATA;Boyaca Decente;BOYACA DECENTE;4
OICATA;Carlos Alfredo Siza Blanco;PARTIDO CONSERVADOR COLOMBIANO;4
OICATA;Fredy Julian Castro Rodriguez;PARTIDO CENTRO DEMOCRATICO;4
OICATA;Giovanna Del Pilar Soto Barreto;PARTIDO CAMBIO RADICAL;4
OICATA;Helver Ariel Avila Panche;PARTIDO CENTRO DEMOCRATICO;4
OICATA;Jhon Fredy Garavito Cortes;PARTIDO SOCIAL DE UNIDAD NACIONAL  PARTIDO DE LA U;4
OICATA;Olga Niño Rojas;PARTIDO CENTRO DEMOCRATICO;4
OICATA;Partido Cambio Radical;PARTIDO CAMBIO RADICAL;4
OICATA;Wilkins Fernando Chaparro Cuervo;PARTIDO ALIANZA SOCIAL INDEPENDIENTE ASI;4
OICATA;Ana Adela Pulido Cuadros;PARTIDO CONSERVADOR COLOMBIANO;3
OICATA;Armando Buitrago Acevedo;PARTIDO ALIANZA SOCIAL INDEPENDIENTE ASI;3
OICATA;Aura Lucia Ortiz Cardona;PARTIDO CENTRO DEMOCRATICO;3
OICATA;David Santiago Ochoa Garcia;PARTIDO SOCIAL DE UNIDAD NACIONAL  PARTIDO DE LA U;3
OICATA;Eliana Maria Villate Fonseca;PARTIDO CONSERVADOR COLOMBIANO;3
OICATA;Estefany Johana Grajales Marin;MOVIMIENTO ALTERNATIVO INDIGENA Y SOCIAL MAIS;3
OICATA;Fernando Augusto Diaz Saenz;PARTIDO CONSERVADOR COLOMBIANO;3
OICATA;Fredy Enrique Segura Alonso;BOYACA DECENTE;3
OICATA;Fredy Leonardo Rojas Vargas;PARTIDO CENTRO DEMOCRATICO;3
OICATA;Jorge Eduardo Diaz Avendaño;MOVIMIENTO ALTERNATIVO INDIGENA Y SOCIAL MAIS;3
OICATA;Jose Agustin Arias Millan;PARTIDO CENTRO DEMOCRATICO;3
OICATA;Jose Mauricio Buitrago Rivera;PARTIDO CAMBIO RADICAL;3
OICATA;Maira Adriana Zerda Gonzalez;PARTIDO ALIANZA VERDE;3
OICATA;Manuel Ricardo Mesa Trujillo;PARTIDO SOCIAL DE UNIDAD NACIONAL  PARTIDO DE LA U;3
OICATA;Siervo Yesith Gonzalez Saavedra;PARTIDO CAMBIO RADICAL;3
OICATA;Alfredo Horacio Correa Higuera;PARTIDO CAMBIO RADICAL;2
OICATA;Ana Delia Avendaño Hernandez;PARTIDO LIBERAL COLOMBIANO;2
OICATA;Edgar Antulio Gonzalez Trujillo;BOYACA DECENTE;2
OICATA;Erika Dayana Piragauta Rodriguez;PARTIDO LIBERAL COLOMBIANO;2
OICATA;Gregorio Morales Tovar;BOYACA DECENTE;2
OICATA;Henry Goyeneche Hormaza;PARTIDO ALIANZA SOCIAL INDEPENDIENTE ASI;2
OICATA;Irma Yineth Velandia Sandoval;PARTIDO CAMBIO RADICAL;2
OICATA;Jose Leonidas Medina Cruz;PARTIDO SOCIAL DE UNIDAD NACIONAL  PARTIDO DE LA U;2
OICATA;Jose Wilmar Leal Abril;PARTIDO CAMBIO RADICAL;2
OICATA;Luis Carlos Bernal Mesa;PARTIDO SOCIAL DE UNIDAD NACIONAL  PARTIDO DE LA U;2
OICATA;Neddy Esther Sandoval Figueredo;PARTIDO LIBERAL COLOMBIANO;2
OICATA;Nereo Baron Tellez;MOVIMIENTO ALTERNATIVO INDIGENA Y SOCIAL MAIS;2
OICATA;Sonia Esperanza Lopez Barrera;PARTIDO CONSERVADOR COLOMBIANO;2
OICATA;Uldarico Javier Ramirez Chilito;MOVIMIENTO ALTERNATIVO INDIGENA Y SOCIAL MAIS;2
OICATA;Yadith Milena Martinez Farfan;PARTIDO CENTRO DEMOCRATICO;2
OICATA;Alberto Enrique Murillo Sanchez;PARTIDO CAMBIO RADICAL;1
OICATA;Angela Magaly Garcia Rivera;MOVIMIENTO ALTERNATIVO INDIGENA Y SOCIAL MAIS;1
OICATA;Angela Rocio Umaña Rojas;PARTIDO CONSERVADOR COLOMBIANO;1
OICATA;Carlos Eduardo Vega Alvarez;BOYACA DECENTE;1
OICATA;Carmen Liria Prieto Cortes;BOYACA DECENTE;1
OICATA;Edwin Alfonso Perez Beltran;PARTIDO ALIANZA SOCIAL INDEPENDIENTE ASI;1
OICATA;Jorge Enrique Camacho Rodriguez;PARTIDO ALIANZA SOCIAL INDEPENDIENTE ASI;1
OICATA;Jorge Ignacio Lopez Barrera;BOYACA DECENTE;1
OICATA;Jorge Marin Jerez Amado;PARTIDO LIBERAL COLOMBIANO;1
OICATA;Julian Guillermo Camargo Amortegui;MOVIMIENTO ALTERNATIVO INDIGENA Y SOCIAL MAIS;1
OICATA;Lizeth Paola Saade Fuentes;MOVIMIENTO ALTERNATIVO INDIGENA Y SOCIAL MAIS;1
OICATA;Maria Francia Blanco Pedroza;BOYACA DECENTE;1
OICATA;Nelsy Yolanda Rivera Ferrucho;BOYACA DECENTE;1
OICATA;Omar Humberto Villamil Munevar;PARTIDO CONSERVADOR COLOMBIANO;1
OICATA;Ricardo Andres Español Teatino;PARTIDO LIBERAL COLOMBIANO;1
OICATA;Sandra Patricia Ricaurte Espinel;PARTIDO CAMBIO RADICAL;1
OICATA;William Chaparro Rodriguez;BOYACA DECENTE;1
OTANCHE;Jose Dario Mahecha Castillo;PARTIDO CONSERVADOR COLOMBIANO;582
OTANCHE;Jhon Fredy Garavito Cortes;PARTIDO SOCIAL DE UNIDAD NACIONAL  PARTIDO DE LA U;287
OTANCHE;Luis Carlos Ochoa Pasachoa;PARTIDO ALIANZA VERDE;215
OTANCHE;Jose Agustin Arias Millan;PARTIDO CENTRO DEMOCRATICO;208
OTANCHE;Yamir Oswaldo Lopez Peña;PARTIDO ALIANZA VERDE;171
OTANCHE;Norman De Jesus Quintero Gallego;PARTIDO CONSERVADOR COLOMBIANO;145
OTANCHE;Omar Humberto Villamil Munevar;PARTIDO CONSERVADOR COLOMBIANO;138
OTANCHE;Jose Armando Quiñones Garzon;PARTIDO CENTRO DEMOCRATICO;113
OTANCHE;Partido Colombia Justa Libres;PARTIDO COLOMBIA JUSTA LIBRES;111
OTANCHE;Sandra Milena Ramirez Moreno;PARTIDO CAMBIO RADICAL;99
OTANCHE;Jairo Pacheco Suarez;PARTIDO LIBERAL COLOMBIANO;85
OTANCHE;Partido Alianza Verde;PARTIDO ALIANZA VERDE;67
OTANCHE;William Rodolfo Mesa Avella;PARTIDO CENTRO DEMOCRATICO;66
OTANCHE;Fabian Camilo Rojas Barrera;PARTIDO LIBERAL COLOMBIANO;64
OTANCHE;Luisa Fernanda Rodriguez Alfonso;PARTIDO ALIANZA VERDE;52
OTANCHE;Partido Centro Democratico;PARTIDO CENTRO DEMOCRATICO;52
OTANCHE;Partido Conservador Colombiano;PARTIDO CONSERVADOR COLOMBIANO;42
OTANCHE;Carlos Ernesto Torres Aguirre;PARTIDO CONSERVADOR COLOMBIANO;41
OTANCHE;Angela Patricia Velandia Novoa;PARTIDO ALIANZA VERDE;33
OTANCHE;Hector Josue Camacho Acosta;PARTIDO CENTRO DEMOCRATICO;32
OTANCHE;Pedro Pablo Salas Hernandez;PARTIDO ALIANZA VERDE;32
OTANCHE;Concha Jael Vargas Saavedra;PARTIDO CONSERVADOR COLOMBIANO;31
OTANCHE;Fernando Alexander Serrato Fonseca;PARTIDO LIBERAL COLOMBIANO;28
OTANCHE;Johan Francisco Herrera Gualdron;PARTIDO ALIANZA VERDE;25
OTANCHE;Partido Social De Unidad Nacional  Partido De La U;PARTIDO SOCIAL DE UNIDAD NACIONAL  PARTIDO DE LA U;25
OTANCHE;Estefany Johana Grajales Marin;MOVIMIENTO ALTERNATIVO INDIGENA Y SOCIAL MAIS;24
OTANCHE;Angela Rocio Umaña Rojas;PARTIDO CONSERVADOR COLOMBIANO;22
OTANCHE;Jhonnatan Jairo Avellaneda Mesa;MOVIMIENTO ALTERNATIVO INDIGENA Y SOCIAL MAIS;21
OTANCHE;Willian David Pabon Jimenez;PARTIDO SOCIAL DE UNIDAD NACIONAL  PARTIDO DE LA U;21
OTANCHE;Gustavo Eduardo Castañeda Niño;PARTIDO ALIANZA VERDE;20
OTANCHE;Partido Alianza Social Independiente Asi;PARTIDO ALIANZA SOCIAL INDEPENDIENTE ASI;20
OTANCHE;Partido Cambio Radical;PARTIDO CAMBIO RADICAL;20
OTANCHE;Carlos Alfredo Siza Blanco;PARTIDO CONSERVADOR COLOMBIANO;19
OTANCHE;Luz Dary Sevillano Guerrero;PARTIDO ALIANZA VERDE;19
OTANCHE;Fernando Augusto Diaz Saenz;PARTIDO CONSERVADOR COLOMBIANO;17
OTANCHE;Oscar Leonardo Montañez Sierra;PARTIDO CAMBIO RADICAL;16
OTANCHE;Jairo Enrique Cabana Fonseca;PARTIDO ALIANZA VERDE;15
OTANCHE;Ana Adela Pulido Cuadros;PARTIDO CONSERVADOR COLOMBIANO;14
OTANCHE;Hugo Alveiro Rosas Romero;PARTIDO ALIANZA VERDE;14
OTANCHE;Sergio Cabra Sierra;PARTIDO SOCIAL DE UNIDAD NACIONAL  PARTIDO DE LA U;14
OTANCHE;Wilder Ivan Suesca Ochoa;PARTIDO CENTRO DEMOCRATICO;13
OTANCHE;Alfredo Horacio Correa Higuera;PARTIDO CAMBIO RADICAL;12
OTANCHE;Ivan Ricardo Pirachican Bernal;PARTIDO CONSERVADOR COLOMBIANO;12
OTANCHE;Jorge Enrique Camacho Rodriguez;PARTIDO ALIANZA SOCIAL INDEPENDIENTE ASI;12
OTANCHE;Jose Mauricio Buitrago Rivera;PARTIDO CAMBIO RADICAL;12
OTANCHE;Luis Carlos Machado Zapata;PARTIDO LIBERAL COLOMBIANO;12
OTANCHE;Jose Antonio Estupiñan Caceres;PARTIDO CONSERVADOR COLOMBIANO;11
OTANCHE;Nelson Mauricio Rodriguez Perez;PARTIDO CONSERVADOR COLOMBIANO;11
OTANCHE;Sonia Esperanza Lopez Barrera;PARTIDO CONSERVADOR COLOMBIANO;11
OTANCHE;Armando Buitrago Acevedo;PARTIDO ALIANZA SOCIAL INDEPENDIENTE ASI;10
OTANCHE;Flor Elba Velandia Cely;PARTIDO ALIANZA SOCIAL INDEPENDIENTE ASI;10
OTANCHE;Maria De Los Santos Salamanca Silva;PARTIDO ALIANZA VERDE;10
OTANCHE;Merardo Vargas Roa;PARTIDO ALIANZA VERDE;10
OTANCHE;Ricardo Alonso Rojas Sachica;PARTIDO ALIANZA VERDE;10
OTANCHE;Jose Wilmar Leal Abril;PARTIDO CAMBIO RADICAL;9
OTANCHE;Movimiento Alternativo Indigena Y Social Mais;MOVIMIENTO ALTERNATIVO INDIGENA Y SOCIAL MAIS;9
OTANCHE;Partido Liberal Colombiano;PARTIDO LIBERAL COLOMBIANO;9
OTANCHE;Anderson Joaquin Sanchez Ruiz;PARTIDO LIBERAL COLOMBIANO;8
OTANCHE;Claudia Patricia Barrera Patiño;PARTIDO SOCIAL DE UNIDAD NACIONAL  PARTIDO DE LA U;8
OTANCHE;Hernando Arias Ochoa;PARTIDO ALIANZA SOCIAL INDEPENDIENTE ASI;8
OTANCHE;Juan Camilo Morales Rodriguez;PARTIDO LIBERAL COLOMBIANO;8
OTANCHE;Martha Ines Zipa Martinez;PARTIDO CAMBIO RADICAL;8
OTANCHE;Wilton Fredy Castro Silva;PARTIDO ALIANZA VERDE;8
OTANCHE;Andres Mauricio Escarria Barraza;PARTIDO CAMBIO RADICAL;7
OTANCHE;Edwin Andres Rodriguez Rodriguez;PARTIDO LIBERAL COLOMBIANO;7
OTANCHE;Mauricio Cadena Valero;PARTIDO CENTRO DEMOCRATICO;7
OTANCHE;Nereo Baron Tellez;MOVIMIENTO ALTERNATIVO INDIGENA Y SOCIAL MAIS;7
OTANCHE;Omar Fernando Valderrama Baez;PARTIDO CENTRO DEMOCRATICO;7
OTANCHE;Siervo Yesith Gonzalez Saavedra;PARTIDO CAMBIO RADICAL;7
OTANCHE;Alberto Enrique Murillo Sanchez;PARTIDO CAMBIO RADICAL;6
OTANCHE;Ingrid Marlen Sogamoso Alfonso;PARTIDO CENTRO DEMOCRATICO;6
OTANCHE;Maira Adriana Zerda Gonzalez;PARTIDO ALIANZA VERDE;6
OTANCHE;Manuel Ricardo Mesa Trujillo;PARTIDO SOCIAL DE UNIDAD NACIONAL  PARTIDO DE LA U;6
OTANCHE;Olga Niño Rojas;PARTIDO CENTRO DEMOCRATICO;6
OTANCHE;Pablo Antonio Zambrano Salamanca;PARTIDO CONSERVADOR COLOMBIANO;6
OTANCHE;Roman Hernando Ortega Hernandez;PARTIDO ALIANZA VERDE;6
OTANCHE;Sandra Patricia Contreras Soto;PARTIDO LIBERAL COLOMBIANO;6
OTANCHE;Wilkins Fernando Chaparro Cuervo;PARTIDO ALIANZA SOCIAL INDEPENDIENTE ASI;6
OTANCHE;Alba Luz Becerra Becerra;PARTIDO ALIANZA SOCIAL INDEPENDIENTE ASI;5
OTANCHE;Aura Lucia Ortiz Cardona;PARTIDO CENTRO DEMOCRATICO;5
OTANCHE;Carlos Julian Diaz Franco;PARTIDO ALIANZA SOCIAL INDEPENDIENTE ASI;5
OTANCHE;David Santiago Ochoa Garcia;PARTIDO SOCIAL DE UNIDAD NACIONAL  PARTIDO DE LA U;5
OTANCHE;Irma Yineth Velandia Sandoval;PARTIDO CAMBIO RADICAL;5
OTANCHE;Cesar Augusto Mojica Bedoya;PARTIDO SOCIAL DE UNIDAD NACIONAL  PARTIDO DE LA U;4
OTANCHE;Claudia Yaneth Avila Castillo;PARTIDO SOCIAL DE UNIDAD NACIONAL  PARTIDO DE LA U;4
OTANCHE;Eliana Maria Villate Fonseca;PARTIDO CONSERVADOR COLOMBIANO;4
OTANCHE;Juddy Alexandra Jimenez Cuadros;PARTIDO SOCIAL DE UNIDAD NACIONAL  PARTIDO DE LA U;4
OTANCHE;Laura Patricia Contreras Alvarez;PARTIDO ALIANZA SOCIAL INDEPENDIENTE ASI;4
OTANCHE;Orlando Florez Cuervo;PARTIDO CENTRO DEMOCRATICO;4
OTANCHE;Sandra Patricia Ricaurte Espinel;PARTIDO CAMBIO RADICAL;4
OTANCHE;Yury Neill Diaz Aranguren;MOVIMIENTO ALTERNATIVO INDIGENA Y SOCIAL MAIS;4
OTANCHE;Ana Delia Avendaño Hernandez;PARTIDO LIBERAL COLOMBIANO;3
OTANCHE;David Santiago Diaz Guio;PARTIDO SOCIAL DE UNIDAD NACIONAL  PARTIDO DE LA U;3
OTANCHE;Eliana Hasleidy Gamez Pinilla;PARTIDO CAMBIO RADICAL;3
OTANCHE;Ericka Leonor Amador Gamarra;PARTIDO SOCIAL DE UNIDAD NACIONAL  PARTIDO DE LA U;3
OTANCHE;Erika Dayana Piragauta Rodriguez;PARTIDO LIBERAL COLOMBIANO;3
OTANCHE;Jaime Andres Gomez Gomez;PARTIDO CONSERVADOR COLOMBIANO;3
OTANCHE;Katherin Tatiana Calderon Acosta;PARTIDO CENTRO DEMOCRATICO;3
OTANCHE;Pedro Humberto Vargas Gomez;PARTIDO LIBERAL COLOMBIANO;3
OTANCHE;Yadith Milena Martinez Farfan;PARTIDO CENTRO DEMOCRATICO;3
OTANCHE;Adriana Paola Laverde Rodriguez;MOVIMIENTO ALTERNATIVO INDIGENA Y SOCIAL MAIS;2
OTANCHE;Alvaro Hernan Forero Hurtado;BOYACA DECENTE;2
OTANCHE;Ana Lucia Parra Monroy;PARTIDO SOCIAL DE UNIDAD NACIONAL  PARTIDO DE LA U;2
OTANCHE;Antonio Ernesto Leguizamo Diaz;PARTIDO LIBERAL COLOMBIANO;2
OTANCHE;Boyaca Decente;BOYACA DECENTE;2
OTANCHE;Fredy Leonardo Rojas Vargas;PARTIDO CENTRO DEMOCRATICO;2
OTANCHE;Giovanna Del Pilar Soto Barreto;PARTIDO CAMBIO RADICAL;2
OTANCHE;Helver Ariel Avila Panche;PARTIDO CENTRO DEMOCRATICO;2
OTANCHE;Kiliam Ernesto Gonzalez Forero;BOYACA DECENTE;2
OTANCHE;Mariev Bejarano Ospina;BOYACA DECENTE;2
OTANCHE;Segundo Fidel Salazar Gonzalez;PARTIDO SOCIAL DE UNIDAD NACIONAL  PARTIDO DE LA U;2
OTANCHE;Uldarico Javier Ramirez Chilito;MOVIMIENTO ALTERNATIVO INDIGENA Y SOCIAL MAIS;2
OTANCHE;Vivian Catherin Alvarez;PARTIDO ALIANZA SOCIAL INDEPENDIENTE ASI;2
OTANCHE;William Chaparro Rodriguez;BOYACA DECENTE;2
OTANCHE;Andrea Carolina Camargo Caro;MOVIMIENTO ALTERNATIVO INDIGENA Y SOCIAL MAIS;1
OTANCHE;Angela Magaly Garcia Rivera;MOVIMIENTO ALTERNATIVO INDIGENA Y SOCIAL MAIS;1
OTANCHE;Daniel Fernando Mejia Lozano;PARTIDO ALIANZA SOCIAL INDEPENDIENTE ASI;1
OTANCHE;David Alejandro Avila Cely;MOVIMIENTO ALTERNATIVO INDIGENA Y SOCIAL MAIS;1
OTANCHE;Edgar Antulio Gonzalez Trujillo;BOYACA DECENTE;1
OTANCHE;Edwin Alfonso Perez Beltran;PARTIDO ALIANZA SOCIAL INDEPENDIENTE ASI;1
OTANCHE;Elsa Marlen Manrique Pulgar;PARTIDO LIBERAL COLOMBIANO;1
OTANCHE;Fredy Julian Castro Rodriguez;PARTIDO CENTRO DEMOCRATICO;1
OTANCHE;Henry Goyeneche Hormaza;PARTIDO ALIANZA SOCIAL INDEPENDIENTE ASI;1
OTANCHE;Jairo Correa Acevedo;MOVIMIENTO ALTERNATIVO INDIGENA Y SOCIAL MAIS;1
OTANCHE;John Fredy Lopez Mora;MOVIMIENTO ALTERNATIVO INDIGENA Y SOCIAL MAIS;1
OTANCHE;Jorge Ignacio Lopez Barrera;BOYACA DECENTE;1
OTANCHE;Jose Leonidas Medina Cruz;PARTIDO SOCIAL DE UNIDAD NACIONAL  PARTIDO DE LA U;1
OTANCHE;Julieth Rocio Montañez Niño;PARTIDO ALIANZA SOCIAL INDEPENDIENTE ASI;1
OTANCHE;Lizeth Paola Saade Fuentes;MOVIMIENTO ALTERNATIVO INDIGENA Y SOCIAL MAIS;1
OTANCHE;Luis Carlos Bernal Mesa;PARTIDO SOCIAL DE UNIDAD NACIONAL  PARTIDO DE LA U;1
OTANCHE;Neddy Esther Sandoval Figueredo;PARTIDO LIBERAL COLOMBIANO;1
PACHAVITA;Yamir Oswaldo Lopez Peña;PARTIDO ALIANZA VERDE;289
PACHAVITA;Ingrid Marlen Sogamoso Alfonso;PARTIDO CENTRO DEMOCRATICO;243
PACHAVITA;Luis Carlos Ochoa Pasachoa;PARTIDO ALIANZA VERDE;126
PACHAVITA;Willian David Pabon Jimenez;PARTIDO SOCIAL DE UNIDAD NACIONAL  PARTIDO DE LA U;89
PACHAVITA;Jose Antonio Estupiñan Caceres;PARTIDO CONSERVADOR COLOMBIANO;72
PACHAVITA;Partido Alianza Verde;PARTIDO ALIANZA VERDE;47
PACHAVITA;Nelson Mauricio Rodriguez Perez;PARTIDO CONSERVADOR COLOMBIANO;35
PACHAVITA;Fernando Alexander Serrato Fonseca;PARTIDO LIBERAL COLOMBIANO;33
PACHAVITA;Ivan Ricardo Pirachican Bernal;PARTIDO CONSERVADOR COLOMBIANO;26
PACHAVITA;Claudia Yaneth Avila Castillo;PARTIDO SOCIAL DE UNIDAD NACIONAL  PARTIDO DE LA U;17
PACHAVITA;Partido Centro Democratico;PARTIDO CENTRO DEMOCRATICO;17
PACHAVITA;Maira Adriana Zerda Gonzalez;PARTIDO ALIANZA VERDE;16
PACHAVITA;Angela Patricia Velandia Novoa;PARTIDO ALIANZA VERDE;15
PACHAVITA;Gustavo Eduardo Castañeda Niño;PARTIDO ALIANZA VERDE;15
PACHAVITA;Alfredo Horacio Correa Higuera;PARTIDO CAMBIO RADICAL;12
PACHAVITA;Armando Buitrago Acevedo;PARTIDO ALIANZA SOCIAL INDEPENDIENTE ASI;12
PACHAVITA;Luisa Fernanda Rodriguez Alfonso;PARTIDO ALIANZA VERDE;12
PACHAVITA;Partido Social De Unidad Nacional  Partido De La U;PARTIDO SOCIAL DE UNIDAD NACIONAL  PARTIDO DE LA U;12
PACHAVITA;Johan Francisco Herrera Gualdron;PARTIDO ALIANZA VERDE;11
PACHAVITA;Concha Jael Vargas Saavedra;PARTIDO CONSERVADOR COLOMBIANO;10
PACHAVITA;Hugo Alveiro Rosas Romero;PARTIDO ALIANZA VERDE;10
PACHAVITA;Partido Conservador Colombiano;PARTIDO CONSERVADOR COLOMBIANO;10
PACHAVITA;Jose Armando Quiñones Garzon;PARTIDO CENTRO DEMOCRATICO;9
PACHAVITA;Pedro Pablo Salas Hernandez;PARTIDO ALIANZA VERDE;8
PACHAVITA;Sergio Cabra Sierra;PARTIDO SOCIAL DE UNIDAD NACIONAL  PARTIDO DE LA U;8
PACHAVITA;Jairo Pacheco Suarez;PARTIDO LIBERAL COLOMBIANO;7
PACHAVITA;Oscar Leonardo Montañez Sierra;PARTIDO CAMBIO RADICAL;7
PACHAVITA;Wilkins Fernando Chaparro Cuervo;PARTIDO ALIANZA SOCIAL INDEPENDIENTE ASI;6
PACHAVITA;Jairo Enrique Cabana Fonseca;PARTIDO ALIANZA VERDE;5
PACHAVITA;Jose Agustin Arias Millan;PARTIDO CENTRO DEMOCRATICO;5
PACHAVITA;Jose Dario Mahecha Castillo;PARTIDO CONSERVADOR COLOMBIANO;5
PACHAVITA;Partido Colombia Justa Libres;PARTIDO COLOMBIA JUSTA LIBRES;5
PACHAVITA;William Rodolfo Mesa Avella;PARTIDO CENTRO DEMOCRATICO;5
PACHAVITA;Yadith Milena Martinez Farfan;PARTIDO CENTRO DEMOCRATICO;5
PACHAVITA;Ana Adela Pulido Cuadros;PARTIDO CONSERVADOR COLOMBIANO;4
PACHAVITA;Elsa Marlen Manrique Pulgar;PARTIDO LIBERAL COLOMBIANO;4
PACHAVITA;Fredy Julian Castro Rodriguez;PARTIDO CENTRO DEMOCRATICO;4
PACHAVITA;Hernando Arias Ochoa;PARTIDO ALIANZA SOCIAL INDEPENDIENTE ASI;4
PACHAVITA;Juan Camilo Morales Rodriguez;PARTIDO LIBERAL COLOMBIANO;4
PACHAVITA;Luz Dary Sevillano Guerrero;PARTIDO ALIANZA VERDE;4
PACHAVITA;Roman Hernando Ortega Hernandez;PARTIDO ALIANZA VERDE;4
PACHAVITA;Sonia Esperanza Lopez Barrera;PARTIDO CONSERVADOR COLOMBIANO;4
PACHAVITA;Wilton Fredy Castro Silva;PARTIDO ALIANZA VERDE;4
PACHAVITA;Carlos Ernesto Torres Aguirre;PARTIDO CONSERVADOR COLOMBIANO;3
PACHAVITA;Fernando Augusto Diaz Saenz;PARTIDO CONSERVADOR COLOMBIANO;3
PACHAVITA;Hector Josue Camacho Acosta;PARTIDO CENTRO DEMOCRATICO;3
PACHAVITA;Jose Wilmar Leal Abril;PARTIDO CAMBIO RADICAL;3
PACHAVITA;Partido Alianza Social Independiente Asi;PARTIDO ALIANZA SOCIAL INDEPENDIENTE ASI;3
PACHAVITA;Yury Neill Diaz Aranguren;MOVIMIENTO ALTERNATIVO INDIGENA Y SOCIAL MAIS;3
PACHAVITA;Andres Mauricio Escarria Barraza;PARTIDO CAMBIO RADICAL;2
PACHAVITA;Fabian Camilo Rojas Barrera;PARTIDO LIBERAL COLOMBIANO;2
PACHAVITA;Merardo Vargas Roa;PARTIDO ALIANZA VERDE;2
PACHAVITA;Olga Niño Rojas;PARTIDO CENTRO DEMOCRATICO;2
PACHAVITA;Omar Fernando Valderrama Baez;PARTIDO CENTRO DEMOCRATICO;2
PACHAVITA;Partido Cambio Radical;PARTIDO CAMBIO RADICAL;2
PACHAVITA;Wilder Ivan Suesca Ochoa;PARTIDO CENTRO DEMOCRATICO;2
PACHAVITA;Alba Luz Becerra Becerra;PARTIDO ALIANZA SOCIAL INDEPENDIENTE ASI;1
PACHAVITA;Alberto Enrique Murillo Sanchez;PARTIDO CAMBIO RADICAL;1
PACHAVITA;Alvaro Hernan Forero Hurtado;BOYACA DECENTE;1
PACHAVITA;Ana Lucia Parra Monroy;PARTIDO SOCIAL DE UNIDAD NACIONAL  PARTIDO DE LA U;1
PACHAVITA;Anderson Joaquin Sanchez Ruiz;PARTIDO LIBERAL COLOMBIANO;1
PACHAVITA;Angela Rocio Umaña Rojas;PARTIDO CONSERVADOR COLOMBIANO;1
PACHAVITA;Claudia Patricia Barrera Patiño;PARTIDO SOCIAL DE UNIDAD NACIONAL  PARTIDO DE LA U;1
PACHAVITA;Ericka Leonor Amador Gamarra;PARTIDO SOCIAL DE UNIDAD NACIONAL  PARTIDO DE LA U;1
PACHAVITA;Fredy Enrique Segura Alonso;BOYACA DECENTE;1
PACHAVITA;Gregorio Morales Tovar;BOYACA DECENTE;1
PACHAVITA;Jhon Fredy Garavito Cortes;PARTIDO SOCIAL DE UNIDAD NACIONAL  PARTIDO DE LA U;1
PACHAVITA;John Fredy Lopez Mora;MOVIMIENTO ALTERNATIVO INDIGENA Y SOCIAL MAIS;1
PACHAVITA;Jorge Marin Jerez Amado;PARTIDO LIBERAL COLOMBIANO;1
PACHAVITA;Juddy Alexandra Jimenez Cuadros;PARTIDO SOCIAL DE UNIDAD NACIONAL  PARTIDO DE LA U;1
PACHAVITA;Julieth Rocio Montañez Niño;PARTIDO ALIANZA SOCIAL INDEPENDIENTE ASI;1
PACHAVITA;Luis Carlos Bernal Mesa;PARTIDO SOCIAL DE UNIDAD NACIONAL  PARTIDO DE LA U;1
PACHAVITA;Mauricio Cadena Valero;PARTIDO CENTRO DEMOCRATICO;1
PACHAVITA;Movimiento Alternativo Indigena Y Social Mais;MOVIMIENTO ALTERNATIVO INDIGENA Y SOCIAL MAIS;1
PACHAVITA;Neddy Esther Sandoval Figueredo;PARTIDO LIBERAL COLOMBIANO;1
PACHAVITA;Nereo Baron Tellez;MOVIMIENTO ALTERNATIVO INDIGENA Y SOCIAL MAIS;1
PACHAVITA;Norman De Jesus Quintero Gallego;PARTIDO CONSERVADOR COLOMBIANO;1
PACHAVITA;Orlando Florez Cuervo;PARTIDO CENTRO DEMOCRATICO;1
PACHAVITA;Pablo Antonio Zambrano Salamanca;PARTIDO CONSERVADOR COLOMBIANO;1
PACHAVITA;Sandra Patricia Contreras Soto;PARTIDO LIBERAL COLOMBIANO;1
PACHAVITA;Segundo Fidel Salazar Gonzalez;PARTIDO SOCIAL DE UNIDAD NACIONAL  PARTIDO DE LA U;1
PAEZ;Fabian Camilo Rojas Barrera;PARTIDO LIBERAL COLOMBIANO;680
PAEZ;Yamir Oswaldo Lopez Peña;PARTIDO ALIANZA VERDE;397
PAEZ;Anderson Joaquin Sanchez Ruiz;PARTIDO LIBERAL COLOMBIANO;120
PAEZ;Ricardo Andres Español Teatino;PARTIDO LIBERAL COLOMBIANO;64
PAEZ;Ingrid Marlen Sogamoso Alfonso;PARTIDO CENTRO DEMOCRATICO;47
PAEZ;Merardo Vargas Roa;PARTIDO ALIANZA VERDE;44
PAEZ;Jairo Pacheco Suarez;PARTIDO LIBERAL COLOMBIANO;43
PAEZ;Partido Colombia Justa Libres;PARTIDO COLOMBIA JUSTA LIBRES;37
PAEZ;Johan Francisco Herrera Gualdron;PARTIDO ALIANZA VERDE;33
PAEZ;Partido Alianza Verde;PARTIDO ALIANZA VERDE;32
PAEZ;Partido Liberal Colombiano;PARTIDO LIBERAL COLOMBIANO;24
PAEZ;Angela Patricia Velandia Novoa;PARTIDO ALIANZA VERDE;23
PAEZ;Gustavo Eduardo Castañeda Niño;PARTIDO ALIANZA VERDE;22
PAEZ;Omar Fernando Valderrama Baez;PARTIDO CENTRO DEMOCRATICO;20
PAEZ;Partido Centro Democratico;PARTIDO CENTRO DEMOCRATICO;19
PAEZ;Ivan Ricardo Pirachican Bernal;PARTIDO CONSERVADOR COLOMBIANO;17
PAEZ;Jose Armando Quiñones Garzon;PARTIDO CENTRO DEMOCRATICO;15
PAEZ;Jose Agustin Arias Millan;PARTIDO CENTRO DEMOCRATICO;14
PAEZ;Juan Camilo Morales Rodriguez;PARTIDO LIBERAL COLOMBIANO;14
PAEZ;Luis Carlos Machado Zapata;PARTIDO LIBERAL COLOMBIANO;11
PAEZ;Fernando Alexander Serrato Fonseca;PARTIDO LIBERAL COLOMBIANO;8
PAEZ;Manuel Ricardo Mesa Trujillo;PARTIDO SOCIAL DE UNIDAD NACIONAL  PARTIDO DE LA U;8
PAEZ;Willian David Pabon Jimenez;PARTIDO SOCIAL DE UNIDAD NACIONAL  PARTIDO DE LA U;8
PAEZ;Partido Social De Unidad Nacional  Partido De La U;PARTIDO SOCIAL DE UNIDAD NACIONAL  PARTIDO DE LA U;7
PAEZ;William Rodolfo Mesa Avella;PARTIDO CENTRO DEMOCRATICO;7
PAEZ;Elsa Marlen Manrique Pulgar;PARTIDO LIBERAL COLOMBIANO;6
PAEZ;Hugo Alveiro Rosas Romero;PARTIDO ALIANZA VERDE;6
PAEZ;David Santiago Ochoa Garcia;PARTIDO SOCIAL DE UNIDAD NACIONAL  PARTIDO DE LA U;5
PAEZ;Luisa Fernanda Rodriguez Alfonso;PARTIDO ALIANZA VERDE;5
PAEZ;Orlando Florez Cuervo;PARTIDO CENTRO DEMOCRATICO;5
PAEZ;Pedro Pablo Salas Hernandez;PARTIDO ALIANZA VERDE;5
PAEZ;Roman Hernando Ortega Hernandez;PARTIDO ALIANZA VERDE;5
PAEZ;Alfredo Horacio Correa Higuera;PARTIDO CAMBIO RADICAL;4
PAEZ;Alvaro Hernan Forero Hurtado;BOYACA DECENTE;4
PAEZ;Jorge Marin Jerez Amado;PARTIDO LIBERAL COLOMBIANO;4
PAEZ;Olga Niño Rojas;PARTIDO CENTRO DEMOCRATICO;4
PAEZ;Uldarico Javier Ramirez Chilito;MOVIMIENTO ALTERNATIVO INDIGENA Y SOCIAL MAIS;4
PAEZ;Wilton Fredy Castro Silva;PARTIDO ALIANZA VERDE;4
PAEZ;Ana Adela Pulido Cuadros;PARTIDO CONSERVADOR COLOMBIANO;3
PAEZ;Antonio Ernesto Leguizamo Diaz;PARTIDO LIBERAL COLOMBIANO;3
PAEZ;Fredy Leonardo Rojas Vargas;PARTIDO CENTRO DEMOCRATICO;3
PAEZ;Oscar Leonardo Montañez Sierra;PARTIDO CAMBIO RADICAL;3
PAEZ;Ana Lucia Parra Monroy;PARTIDO SOCIAL DE UNIDAD NACIONAL  PARTIDO DE LA U;2
PAEZ;Aura Lucia Ortiz Cardona;PARTIDO CENTRO DEMOCRATICO;2
PAEZ;Fredy Julian Castro Rodriguez;PARTIDO CENTRO DEMOCRATICO;2
PAEZ;Hector Josue Camacho Acosta;PARTIDO CENTRO DEMOCRATICO;2
PAEZ;Jhon Fredy Garavito Cortes;PARTIDO SOCIAL DE UNIDAD NACIONAL  PARTIDO DE LA U;2
PAEZ;Jorge Eduardo Diaz Avendaño;MOVIMIENTO ALTERNATIVO INDIGENA Y SOCIAL MAIS;2
PAEZ;Jose Wilmar Leal Abril;PARTIDO CAMBIO RADICAL;2
PAEZ;Luis Carlos Bernal Mesa;PARTIDO SOCIAL DE UNIDAD NACIONAL  PARTIDO DE LA U;2
PAEZ;Mariev Bejarano Ospina;BOYACA DECENTE;2
PAEZ;Nereo Baron Tellez;MOVIMIENTO ALTERNATIVO INDIGENA Y SOCIAL MAIS;2
PAEZ;Pablo Antonio Zambrano Salamanca;PARTIDO CONSERVADOR COLOMBIANO;2
PAEZ;Partido Alianza Social Independiente Asi;PARTIDO ALIANZA SOCIAL INDEPENDIENTE ASI;2
PAEZ;Segundo Fidel Salazar Gonzalez;PARTIDO SOCIAL DE UNIDAD NACIONAL  PARTIDO DE LA U;2
PAEZ;Sergio Cabra Sierra;PARTIDO SOCIAL DE UNIDAD NACIONAL  PARTIDO DE LA U;2
PAEZ;Alberto Enrique Murillo Sanchez;PARTIDO CAMBIO RADICAL;1
PAEZ;Boyaca Decente;BOYACA DECENTE;1
PAEZ;Claudia Yaneth Avila Castillo;PARTIDO SOCIAL DE UNIDAD NACIONAL  PARTIDO DE LA U;1
PAEZ;Concha Jael Vargas Saavedra;PARTIDO CONSERVADOR COLOMBIANO;1
PAEZ;Edwin Alfonso Perez Beltran;PARTIDO ALIANZA SOCIAL INDEPENDIENTE ASI;1
PAEZ;Eliana Hasleidy Gamez Pinilla;PARTIDO CAMBIO RADICAL;1
PAEZ;Ericka Leonor Amador Gamarra;PARTIDO SOCIAL DE UNIDAD NACIONAL  PARTIDO DE LA U;1
PAEZ;Estefany Johana Grajales Marin;MOVIMIENTO ALTERNATIVO INDIGENA Y SOCIAL MAIS;1
PAEZ;Helver Ariel Avila Panche;PARTIDO CENTRO DEMOCRATICO;1
PAEZ;Irma Yineth Velandia Sandoval;PARTIDO CAMBIO RADICAL;1
PAEZ;Jairo Enrique Cabana Fonseca;PARTIDO ALIANZA VERDE;1
PAEZ;Jhonnatan Jairo Avellaneda Mesa;MOVIMIENTO ALTERNATIVO INDIGENA Y SOCIAL MAIS;1
PAEZ;Jorge Enrique Camacho Rodriguez;PARTIDO ALIANZA SOCIAL INDEPENDIENTE ASI;1
PAEZ;Jose Dario Mahecha Castillo;PARTIDO CONSERVADOR COLOMBIANO;1
PAEZ;Luis Carlos Ochoa Pasachoa;PARTIDO ALIANZA VERDE;1
PAEZ;Luz Dary Sevillano Guerrero;PARTIDO ALIANZA VERDE;1
PAEZ;Maira Adriana Zerda Gonzalez;PARTIDO ALIANZA VERDE;1
PAEZ;Maria De Los Santos Salamanca Silva;PARTIDO ALIANZA VERDE;1
PAEZ;Martha Ines Zipa Martinez;PARTIDO CAMBIO RADICAL;1
PAEZ;Mauricio Cadena Valero;PARTIDO CENTRO DEMOCRATICO;1
PAEZ;Movimiento Alternativo Indigena Y Social Mais;MOVIMIENTO ALTERNATIVO INDIGENA Y SOCIAL MAIS;1
PAEZ;Neddy Esther Sandoval Figueredo;PARTIDO LIBERAL COLOMBIANO;1
PAEZ;Nelsy Yolanda Rivera Ferrucho;BOYACA DECENTE;1
PAEZ;Partido Cambio Radical;PARTIDO CAMBIO RADICAL;1
PAEZ;Ricardo Alonso Rojas Sachica;PARTIDO ALIANZA VERDE;1
PAEZ;Siervo Yesith Gonzalez Saavedra;PARTIDO CAMBIO RADICAL;1
PAIPA;Antonio Ernesto Leguizamo Diaz;PARTIDO LIBERAL COLOMBIANO;1593
PAIPA;Maria De Los Santos Salamanca Silva;PARTIDO ALIANZA VERDE;808
PAIPA;Yamir Oswaldo Lopez Peña;PARTIDO ALIANZA VERDE;751
PAIPA;Wilder Ivan Suesca Ochoa;PARTIDO CENTRO DEMOCRATICO;747
PAIPA;Fernando Alexander Serrato Fonseca;PARTIDO LIBERAL COLOMBIANO;582
PAIPA;Partido Colombia Justa Libres;PARTIDO COLOMBIA JUSTA LIBRES;571
PAIPA;Luis Carlos Ochoa Pasachoa;PARTIDO ALIANZA VERDE;544
PAIPA;Ricardo Alonso Rojas Sachica;PARTIDO ALIANZA VERDE;513
PAIPA;Fabian Camilo Rojas Barrera;PARTIDO LIBERAL COLOMBIANO;457
PAIPA;Omar Fernando Valderrama Baez;PARTIDO CENTRO DEMOCRATICO;445
PAIPA;William Rodolfo Mesa Avella;PARTIDO CENTRO DEMOCRATICO;373
PAIPA;Partido Alianza Verde;PARTIDO ALIANZA VERDE;367
PAIPA;Jorge Enrique Camacho Rodriguez;PARTIDO ALIANZA SOCIAL INDEPENDIENTE ASI;311
PAIPA;Fernando Augusto Diaz Saenz;PARTIDO CONSERVADOR COLOMBIANO;292
PAIPA;Jose Wilmar Leal Abril;PARTIDO CAMBIO RADICAL;235
PAIPA;Carlos Alfredo Siza Blanco;PARTIDO CONSERVADOR COLOMBIANO;221
PAIPA;Hugo Alveiro Rosas Romero;PARTIDO ALIANZA VERDE;213
PAIPA;Jorge Eduardo Diaz Avendaño;MOVIMIENTO ALTERNATIVO INDIGENA Y SOCIAL MAIS;203
PAIPA;Partido Liberal Colombiano;PARTIDO LIBERAL COLOMBIANO;184
PAIPA;Jose Armando Quiñones Garzon;PARTIDO CENTRO DEMOCRATICO;183
PAIPA;Angela Patricia Velandia Novoa;PARTIDO ALIANZA VERDE;174
PAIPA;Gustavo Eduardo Castañeda Niño;PARTIDO ALIANZA VERDE;168
PAIPA;Yury Neill Diaz Aranguren;MOVIMIENTO ALTERNATIVO INDIGENA Y SOCIAL MAIS;163
PAIPA;Hector Josue Camacho Acosta;PARTIDO CENTRO DEMOCRATICO;158
PAIPA;Pedro Pablo Salas Hernandez;PARTIDO ALIANZA VERDE;157
PAIPA;Maira Adriana Zerda Gonzalez;PARTIDO ALIANZA VERDE;143
PAIPA;Jairo Pacheco Suarez;PARTIDO LIBERAL COLOMBIANO;136
PAIPA;Jose Antonio Estupiñan Caceres;PARTIDO CONSERVADOR COLOMBIANO;130
PAIPA;Johan Francisco Herrera Gualdron;PARTIDO ALIANZA VERDE;125
PAIPA;Jhonnatan Jairo Avellaneda Mesa;MOVIMIENTO ALTERNATIVO INDIGENA Y SOCIAL MAIS;122
PAIPA;Luisa Fernanda Rodriguez Alfonso;PARTIDO ALIANZA VERDE;117
PAIPA;Edwin Alfonso Perez Beltran;PARTIDO ALIANZA SOCIAL INDEPENDIENTE ASI;112
PAIPA;Partido Centro Democratico;PARTIDO CENTRO DEMOCRATICO;109
PAIPA;Wilton Fredy Castro Silva;PARTIDO ALIANZA VERDE;107
PAIPA;Sandra Patricia Contreras Soto;PARTIDO LIBERAL COLOMBIANO;106
PAIPA;Alfredo Horacio Correa Higuera;PARTIDO CAMBIO RADICAL;102
PAIPA;Anderson Joaquin Sanchez Ruiz;PARTIDO LIBERAL COLOMBIANO;99
PAIPA;Partido Conservador Colombiano;PARTIDO CONSERVADOR COLOMBIANO;99
PAIPA;Alvaro Hernan Forero Hurtado;BOYACA DECENTE;98
PAIPA;Roman Hernando Ortega Hernandez;PARTIDO ALIANZA VERDE;96
PAIPA;Eliana Hasleidy Gamez Pinilla;PARTIDO CAMBIO RADICAL;95
PAIPA;Jose Mauricio Buitrago Rivera;PARTIDO CAMBIO RADICAL;89
PAIPA;Nelson Mauricio Rodriguez Perez;PARTIDO CONSERVADOR COLOMBIANO;89
PAIPA;Ricardo Andres Español Teatino;PARTIDO LIBERAL COLOMBIANO;88
PAIPA;Jairo Correa Acevedo;MOVIMIENTO ALTERNATIVO INDIGENA Y SOCIAL MAIS;86
PAIPA;Luz Dary Sevillano Guerrero;PARTIDO ALIANZA VERDE;82
PAIPA;Eliana Maria Villate Fonseca;PARTIDO CONSERVADOR COLOMBIANO;81
PAIPA;Julian Guillermo Camargo Amortegui;MOVIMIENTO ALTERNATIVO INDIGENA Y SOCIAL MAIS;79
PAIPA;Carlos Ernesto Torres Aguirre;PARTIDO CONSERVADOR COLOMBIANO;77
PAIPA;Victor Tulio Ramirez Gutierrez;BOYACA DECENTE;77
PAIPA;Ivan Ricardo Pirachican Bernal;PARTIDO CONSERVADOR COLOMBIANO;74
PAIPA;Pablo Antonio Zambrano Salamanca;PARTIDO CONSERVADOR COLOMBIANO;71
PAIPA;Concha Jael Vargas Saavedra;PARTIDO CONSERVADOR COLOMBIANO;70
PAIPA;Elsa Marlen Manrique Pulgar;PARTIDO LIBERAL COLOMBIANO;70
PAIPA;Juan Camilo Morales Rodriguez;PARTIDO LIBERAL COLOMBIANO;68
PAIPA;Jairo Enrique Cabana Fonseca;PARTIDO ALIANZA VERDE;66
PAIPA;Merardo Vargas Roa;PARTIDO ALIANZA VERDE;63
PAIPA;Luis Carlos Machado Zapata;PARTIDO LIBERAL COLOMBIANO;58
PAIPA;Erika Dayana Piragauta Rodriguez;PARTIDO LIBERAL COLOMBIANO;56
PAIPA;Partido Alianza Social Independiente Asi;PARTIDO ALIANZA SOCIAL INDEPENDIENTE ASI;55
PAIPA;Partido Cambio Radical;PARTIDO CAMBIO RADICAL;53
PAIPA;Angela Magaly Garcia Rivera;MOVIMIENTO ALTERNATIVO INDIGENA Y SOCIAL MAIS;51
PAIPA;Jose Dario Mahecha Castillo;PARTIDO CONSERVADOR COLOMBIANO;51
PAIPA;Jose Agustin Arias Millan;PARTIDO CENTRO DEMOCRATICO;48
PAIPA;Oscar Leonardo Montañez Sierra;PARTIDO CAMBIO RADICAL;48
PAIPA;Uldarico Javier Ramirez Chilito;MOVIMIENTO ALTERNATIVO INDIGENA Y SOCIAL MAIS;48
PAIPA;Movimiento Alternativo Indigena Y Social Mais;MOVIMIENTO ALTERNATIVO INDIGENA Y SOCIAL MAIS;47
PAIPA;Jorge Marin Jerez Amado;PARTIDO LIBERAL COLOMBIANO;46
PAIPA;Alberto Enrique Murillo Sanchez;PARTIDO CAMBIO RADICAL;45
PAIPA;Manuel Ricardo Mesa Trujillo;PARTIDO SOCIAL DE UNIDAD NACIONAL  PARTIDO DE LA U;44
PAIPA;Ingrid Marlen Sogamoso Alfonso;PARTIDO CENTRO DEMOCRATICO;42
PAIPA;Ana Adela Pulido Cuadros;PARTIDO CONSERVADOR COLOMBIANO;41
PAIPA;Edwin Andres Rodriguez Rodriguez;PARTIDO LIBERAL COLOMBIANO;40
PAIPA;Ana Delia Avendaño Hernandez;PARTIDO LIBERAL COLOMBIANO;38
PAIPA;John Fredy Lopez Mora;MOVIMIENTO ALTERNATIVO INDIGENA Y SOCIAL MAIS;38
PAIPA;Cesar Augusto Mojica Bedoya;PARTIDO SOCIAL DE UNIDAD NACIONAL  PARTIDO DE LA U;37
PAIPA;Fredy Leonardo Rojas Vargas;PARTIDO CENTRO DEMOCRATICO;37
PAIPA;Hernando Arias Ochoa;PARTIDO ALIANZA SOCIAL INDEPENDIENTE ASI;36
PAIPA;Jaime Andres Gomez Gomez;PARTIDO CONSERVADOR COLOMBIANO;33
PAIPA;Neddy Esther Sandoval Figueredo;PARTIDO LIBERAL COLOMBIANO;33
PAIPA;Pedro Humberto Vargas Gomez;PARTIDO LIBERAL COLOMBIANO;33
PAIPA;Norman De Jesus Quintero Gallego;PARTIDO CONSERVADOR COLOMBIANO;30
PAIPA;Estefany Johana Grajales Marin;MOVIMIENTO ALTERNATIVO INDIGENA Y SOCIAL MAIS;29
PAIPA;Boyaca Decente;BOYACA DECENTE;28
PAIPA;Laura Patricia Contreras Alvarez;PARTIDO ALIANZA SOCIAL INDEPENDIENTE ASI;27
PAIPA;Helver Ariel Avila Panche;PARTIDO CENTRO DEMOCRATICO;26
PAIPA;David Alejandro Avila Cely;MOVIMIENTO ALTERNATIVO INDIGENA Y SOCIAL MAIS;25
PAIPA;Carlos Eduardo Vega Alvarez;BOYACA DECENTE;24
PAIPA;Mariev Bejarano Ospina;BOYACA DECENTE;24
PAIPA;Giovanna Del Pilar Soto Barreto;PARTIDO CAMBIO RADICAL;23
PAIPA;Aura Lucia Ortiz Cardona;PARTIDO CENTRO DEMOCRATICO;22
PAIPA;Jhon Fredy Garavito Cortes;PARTIDO SOCIAL DE UNIDAD NACIONAL  PARTIDO DE LA U;22
PAIPA;Nereo Baron Tellez;MOVIMIENTO ALTERNATIVO INDIGENA Y SOCIAL MAIS;22
PAIPA;Olga Niño Rojas;PARTIDO CENTRO DEMOCRATICO;22
PAIPA;Willian David Pabon Jimenez;PARTIDO SOCIAL DE UNIDAD NACIONAL  PARTIDO DE LA U;22
PAIPA;Yadith Milena Martinez Farfan;PARTIDO CENTRO DEMOCRATICO;22
PAIPA;Julieth Rocio Montañez Niño;PARTIDO ALIANZA SOCIAL INDEPENDIENTE ASI;21
PAIPA;Martha Ines Zipa Martinez;PARTIDO CAMBIO RADICAL;21
PAIPA;Sonia Esperanza Lopez Barrera;PARTIDO CONSERVADOR COLOMBIANO;21
PAIPA;Alba Luz Becerra Becerra;PARTIDO ALIANZA SOCIAL INDEPENDIENTE ASI;20
PAIPA;Flor Elba Velandia Cely;PARTIDO ALIANZA SOCIAL INDEPENDIENTE ASI;20
PAIPA;Omar Humberto Villamil Munevar;PARTIDO CONSERVADOR COLOMBIANO;20
PAIPA;Andrea Carolina Camargo Caro;MOVIMIENTO ALTERNATIVO INDIGENA Y SOCIAL MAIS;19
PAIPA;Mauricio Cadena Valero;PARTIDO CENTRO DEMOCRATICO;19
PAIPA;Fredy Enrique Segura Alonso;BOYACA DECENTE;18
PAIPA;Sandra Milena Ramirez Moreno;PARTIDO CAMBIO RADICAL;18
PAIPA;Daniel Fernando Mejia Lozano;PARTIDO ALIANZA SOCIAL INDEPENDIENTE ASI;17
PAIPA;Fredy Julian Castro Rodriguez;PARTIDO CENTRO DEMOCRATICO;17
PAIPA;Wilkins Fernando Chaparro Cuervo;PARTIDO ALIANZA SOCIAL INDEPENDIENTE ASI;17
PAIPA;Armando Buitrago Acevedo;PARTIDO ALIANZA SOCIAL INDEPENDIENTE ASI;16
PAIPA;Lizeth Paola Saade Fuentes;MOVIMIENTO ALTERNATIVO INDIGENA Y SOCIAL MAIS;16
PAIPA;Partido Social De Unidad Nacional  Partido De La U;PARTIDO SOCIAL DE UNIDAD NACIONAL  PARTIDO DE LA U;16
PAIPA;Adriana Paola Laverde Rodriguez;MOVIMIENTO ALTERNATIVO INDIGENA Y SOCIAL MAIS;15
PAIPA;Irma Yineth Velandia Sandoval;PARTIDO CAMBIO RADICAL;15
PAIPA;Katherin Tatiana Calderon Acosta;PARTIDO CENTRO DEMOCRATICO;15
PAIPA;Luis Carlos Bernal Mesa;PARTIDO SOCIAL DE UNIDAD NACIONAL  PARTIDO DE LA U;15
PAIPA;Siervo Yesith Gonzalez Saavedra;PARTIDO CAMBIO RADICAL;15
PAIPA;Orlando Florez Cuervo;PARTIDO CENTRO DEMOCRATICO;14
PAIPA;Juddy Alexandra Jimenez Cuadros;PARTIDO SOCIAL DE UNIDAD NACIONAL  PARTIDO DE LA U;12
PAIPA;Sandra Patricia Ricaurte Espinel;PARTIDO CAMBIO RADICAL;12
PAIPA;Segundo Fidel Salazar Gonzalez;PARTIDO SOCIAL DE UNIDAD NACIONAL  PARTIDO DE LA U;12
PAIPA;Carlos Julian Diaz Franco;PARTIDO ALIANZA SOCIAL INDEPENDIENTE ASI;11
PAIPA;Carmen Liria Prieto Cortes;BOYACA DECENTE;11
PAIPA;Ericka Leonor Amador Gamarra;PARTIDO SOCIAL DE UNIDAD NACIONAL  PARTIDO DE LA U;11
PAIPA;Jorge Ignacio Lopez Barrera;BOYACA DECENTE;10
PAIPA;Andres Mauricio Escarria Barraza;PARTIDO CAMBIO RADICAL;9
PAIPA;Ana Lucia Parra Monroy;PARTIDO SOCIAL DE UNIDAD NACIONAL  PARTIDO DE LA U;8
PAIPA;Henry Goyeneche Hormaza;PARTIDO ALIANZA SOCIAL INDEPENDIENTE ASI;8
PAIPA;Vivian Catherin Alvarez;PARTIDO ALIANZA SOCIAL INDEPENDIENTE ASI;8
PAIPA;William Chaparro Rodriguez;BOYACA DECENTE;8
PAIPA;Gregorio Morales Tovar;BOYACA DECENTE;7
PAIPA;Sergio Cabra Sierra;PARTIDO SOCIAL DE UNIDAD NACIONAL  PARTIDO DE LA U;7
PAIPA;Claudia Yaneth Avila Castillo;PARTIDO SOCIAL DE UNIDAD NACIONAL  PARTIDO DE LA U;6
PAIPA;Angela Rocio Umaña Rojas;PARTIDO CONSERVADOR COLOMBIANO;5
PAIPA;Maria Francia Blanco Pedroza;BOYACA DECENTE;5
PAIPA;David Santiago Ochoa Garcia;PARTIDO SOCIAL DE UNIDAD NACIONAL  PARTIDO DE LA U;4
PAIPA;Claudia Patricia Barrera Patiño;PARTIDO SOCIAL DE UNIDAD NACIONAL  PARTIDO DE LA U;3
PAIPA;David Santiago Diaz Guio;PARTIDO SOCIAL DE UNIDAD NACIONAL  PARTIDO DE LA U;3
PAIPA;Edgar Antulio Gonzalez Trujillo;BOYACA DECENTE;3
PAIPA;Jose Leonidas Medina Cruz;PARTIDO SOCIAL DE UNIDAD NACIONAL  PARTIDO DE LA U;2
PAIPA;Kiliam Ernesto Gonzalez Forero;BOYACA DECENTE;2
PAIPA;Nelsy Yolanda Rivera Ferrucho;BOYACA DECENTE;1
PAJARITO;Luis Carlos Bernal Mesa;PARTIDO SOCIAL DE UNIDAD NACIONAL  PARTIDO DE LA U;218
PAJARITO;Manuel Ricardo Mesa Trujillo;PARTIDO SOCIAL DE UNIDAD NACIONAL  PARTIDO DE LA U;95
PAJARITO;Fernando Alexander Serrato Fonseca;PARTIDO LIBERAL COLOMBIANO;78
PAJARITO;Yury Neill Diaz Aranguren;MOVIMIENTO ALTERNATIVO INDIGENA Y SOCIAL MAIS;69
PAJARITO;Hector Josue Camacho Acosta;PARTIDO CENTRO DEMOCRATICO;67
PAJARITO;Anderson Joaquin Sanchez Ruiz;PARTIDO LIBERAL COLOMBIANO;37
PAJARITO;Hernando Arias Ochoa;PARTIDO ALIANZA SOCIAL INDEPENDIENTE ASI;22
PAJARITO;Willian David Pabon Jimenez;PARTIDO SOCIAL DE UNIDAD NACIONAL  PARTIDO DE LA U;20
PAJARITO;Partido Liberal Colombiano;PARTIDO LIBERAL COLOMBIANO;17
PAJARITO;Maria De Los Santos Salamanca Silva;PARTIDO ALIANZA VERDE;16
PAJARITO;Partido Social De Unidad Nacional  Partido De La U;PARTIDO SOCIAL DE UNIDAD NACIONAL  PARTIDO DE LA U;15
PAJARITO;Jairo Pacheco Suarez;PARTIDO LIBERAL COLOMBIANO;13
PAJARITO;Carlos Ernesto Torres Aguirre;PARTIDO CONSERVADOR COLOMBIANO;12
PAJARITO;Roman Hernando Ortega Hernandez;PARTIDO ALIANZA VERDE;12
PAJARITO;Pedro Pablo Salas Hernandez;PARTIDO ALIANZA VERDE;11
PAJARITO;William Rodolfo Mesa Avella;PARTIDO CENTRO DEMOCRATICO;11
PAJARITO;Antonio Ernesto Leguizamo Diaz;PARTIDO LIBERAL COLOMBIANO;10
PAJARITO;Partido Cambio Radical;PARTIDO CAMBIO RADICAL;9
PAJARITO;Ricardo Andres Español Teatino;PARTIDO LIBERAL COLOMBIANO;9
PAJARITO;Wilkins Fernando Chaparro Cuervo;PARTIDO ALIANZA SOCIAL INDEPENDIENTE ASI;9
PAJARITO;David Santiago Ochoa Garcia;PARTIDO SOCIAL DE UNIDAD NACIONAL  PARTIDO DE LA U;8
PAJARITO;Fredy Leonardo Rojas Vargas;PARTIDO CENTRO DEMOCRATICO;8
PAJARITO;Jorge Enrique Camacho Rodriguez;PARTIDO ALIANZA SOCIAL INDEPENDIENTE ASI;8
PAJARITO;Jose Armando Quiñones Garzon;PARTIDO CENTRO DEMOCRATICO;8
PAJARITO;Jose Wilmar Leal Abril;PARTIDO CAMBIO RADICAL;8
PAJARITO;Partido Alianza Verde;PARTIDO ALIANZA VERDE;8
PAJARITO;Partido Centro Democratico;PARTIDO CENTRO DEMOCRATICO;8
PAJARITO;Partido Colombia Justa Libres;PARTIDO COLOMBIA JUSTA LIBRES;8
PAJARITO;Angela Patricia Velandia Novoa;PARTIDO ALIANZA VERDE;7
PAJARITO;Jaime Andres Gomez Gomez;PARTIDO CONSERVADOR COLOMBIANO;7
PAJARITO;Juan Camilo Morales Rodriguez;PARTIDO LIBERAL COLOMBIANO;7
PAJARITO;Oscar Leonardo Montañez Sierra;PARTIDO CAMBIO RADICAL;7
PAJARITO;Ricardo Alonso Rojas Sachica;PARTIDO ALIANZA VERDE;7
PAJARITO;Yamir Oswaldo Lopez Peña;PARTIDO ALIANZA VERDE;7
PAJARITO;Luisa Fernanda Rodriguez Alfonso;PARTIDO ALIANZA VERDE;6
PAJARITO;Movimiento Alternativo Indigena Y Social Mais;MOVIMIENTO ALTERNATIVO INDIGENA Y SOCIAL MAIS;6
PAJARITO;Uldarico Javier Ramirez Chilito;MOVIMIENTO ALTERNATIVO INDIGENA Y SOCIAL MAIS;6
PAJARITO;Fredy Julian Castro Rodriguez;PARTIDO CENTRO DEMOCRATICO;5
PAJARITO;Gustavo Eduardo Castañeda Niño;PARTIDO ALIANZA VERDE;5
PAJARITO;Hugo Alveiro Rosas Romero;PARTIDO ALIANZA VERDE;4
PAJARITO;Ingrid Marlen Sogamoso Alfonso;PARTIDO CENTRO DEMOCRATICO;4
PAJARITO;Jhon Fredy Garavito Cortes;PARTIDO SOCIAL DE UNIDAD NACIONAL  PARTIDO DE LA U;4
PAJARITO;Jose Leonidas Medina Cruz;PARTIDO SOCIAL DE UNIDAD NACIONAL  PARTIDO DE LA U;4
PAJARITO;Olga Niño Rojas;PARTIDO CENTRO DEMOCRATICO;4
PAJARITO;Ana Lucia Parra Monroy;PARTIDO SOCIAL DE UNIDAD NACIONAL  PARTIDO DE LA U;3
PAJARITO;Claudia Yaneth Avila Castillo;PARTIDO SOCIAL DE UNIDAD NACIONAL  PARTIDO DE LA U;3
PAJARITO;Edwin Alfonso Perez Beltran;PARTIDO ALIANZA SOCIAL INDEPENDIENTE ASI;3
PAJARITO;Erika Dayana Piragauta Rodriguez;PARTIDO LIBERAL COLOMBIANO;3
PAJARITO;Flor Elba Velandia Cely;PARTIDO ALIANZA SOCIAL INDEPENDIENTE ASI;3
PAJARITO;Jhonnatan Jairo Avellaneda Mesa;MOVIMIENTO ALTERNATIVO INDIGENA Y SOCIAL MAIS;3
PAJARITO;John Fredy Lopez Mora;MOVIMIENTO ALTERNATIVO INDIGENA Y SOCIAL MAIS;3
PAJARITO;Jorge Ignacio Lopez Barrera;BOYACA DECENTE;3
PAJARITO;Jorge Marin Jerez Amado;PARTIDO LIBERAL COLOMBIANO;3
PAJARITO;Jose Mauricio Buitrago Rivera;PARTIDO CAMBIO RADICAL;3
PAJARITO;Luis Carlos Machado Zapata;PARTIDO LIBERAL COLOMBIANO;3
PAJARITO;Nelson Mauricio Rodriguez Perez;PARTIDO CONSERVADOR COLOMBIANO;3
PAJARITO;Boyaca Decente;BOYACA DECENTE;2
PAJARITO;Carmen Liria Prieto Cortes;BOYACA DECENTE;2
PAJARITO;Cesar Augusto Mojica Bedoya;PARTIDO SOCIAL DE UNIDAD NACIONAL  PARTIDO DE LA U;2
PAJARITO;Claudia Patricia Barrera Patiño;PARTIDO SOCIAL DE UNIDAD NACIONAL  PARTIDO DE LA U;2
PAJARITO;Daniel Fernando Mejia Lozano;PARTIDO ALIANZA SOCIAL INDEPENDIENTE ASI;2
PAJARITO;David Santiago Diaz Guio;PARTIDO SOCIAL DE UNIDAD NACIONAL  PARTIDO DE LA U;2
PAJARITO;Elsa Marlen Manrique Pulgar;PARTIDO LIBERAL COLOMBIANO;2
PAJARITO;Fabian Camilo Rojas Barrera;PARTIDO LIBERAL COLOMBIANO;2
PAJARITO;Irma Yineth Velandia Sandoval;PARTIDO CAMBIO RADICAL;2
PAJARITO;Johan Francisco Herrera Gualdron;PARTIDO ALIANZA VERDE;2
PAJARITO;Juddy Alexandra Jimenez Cuadros;PARTIDO SOCIAL DE UNIDAD NACIONAL  PARTIDO DE LA U;2
PAJARITO;Luis Carlos Ochoa Pasachoa;PARTIDO ALIANZA VERDE;2
PAJARITO;Merardo Vargas Roa;PARTIDO ALIANZA VERDE;2
PAJARITO;Nereo Baron Tellez;MOVIMIENTO ALTERNATIVO INDIGENA Y SOCIAL MAIS;2
PAJARITO;Omar Fernando Valderrama Baez;PARTIDO CENTRO DEMOCRATICO;2
PAJARITO;Partido Alianza Social Independiente Asi;PARTIDO ALIANZA SOCIAL INDEPENDIENTE ASI;2
PAJARITO;Pedro Humberto Vargas Gomez;PARTIDO LIBERAL COLOMBIANO;2
PAJARITO;Vivian Catherin Alvarez;PARTIDO ALIANZA SOCIAL INDEPENDIENTE ASI;2
PAJARITO;Alfredo Horacio Correa Higuera;PARTIDO CAMBIO RADICAL;1
PAJARITO;Andres Mauricio Escarria Barraza;PARTIDO CAMBIO RADICAL;1
PAJARITO;Armando Buitrago Acevedo;PARTIDO ALIANZA SOCIAL INDEPENDIENTE ASI;1
PAJARITO;Carlos Alfredo Siza Blanco;PARTIDO CONSERVADOR COLOMBIANO;1
PAJARITO;Concha Jael Vargas Saavedra;PARTIDO CONSERVADOR COLOMBIANO;1
PAJARITO;David Alejandro Avila Cely;MOVIMIENTO ALTERNATIVO INDIGENA Y SOCIAL MAIS;1
PAJARITO;Edwin Andres Rodriguez Rodriguez;PARTIDO LIBERAL COLOMBIANO;1
PAJARITO;Eliana Hasleidy Gamez Pinilla;PARTIDO CAMBIO RADICAL;1
PAJARITO;Eliana Maria Villate Fonseca;PARTIDO CONSERVADOR COLOMBIANO;1
PAJARITO;Ericka Leonor Amador Gamarra;PARTIDO SOCIAL DE UNIDAD NACIONAL  PARTIDO DE LA U;1
PAJARITO;Helver Ariel Avila Panche;PARTIDO CENTRO DEMOCRATICO;1
PAJARITO;Henry Goyeneche Hormaza;PARTIDO ALIANZA SOCIAL INDEPENDIENTE ASI;1
PAJARITO;Jairo Correa Acevedo;MOVIMIENTO ALTERNATIVO INDIGENA Y SOCIAL MAIS;1
PAJARITO;Jairo Enrique Cabana Fonseca;PARTIDO ALIANZA VERDE;1
PAJARITO;Katherin Tatiana Calderon Acosta;PARTIDO CENTRO DEMOCRATICO;1
PAJARITO;Lizeth Paola Saade Fuentes;MOVIMIENTO ALTERNATIVO INDIGENA Y SOCIAL MAIS;1
PAJARITO;Maira Adriana Zerda Gonzalez;PARTIDO ALIANZA VERDE;1
PAJARITO;Martha Ines Zipa Martinez;PARTIDO CAMBIO RADICAL;1
PAJARITO;Mauricio Cadena Valero;PARTIDO CENTRO DEMOCRATICO;1
PAJARITO;Pablo Antonio Zambrano Salamanca;PARTIDO CONSERVADOR COLOMBIANO;1
PAJARITO;Sandra Patricia Contreras Soto;PARTIDO LIBERAL COLOMBIANO;1
PAJARITO;Segundo Fidel Salazar Gonzalez;PARTIDO SOCIAL DE UNIDAD NACIONAL  PARTIDO DE LA U;1
PAJARITO;Sergio Cabra Sierra;PARTIDO SOCIAL DE UNIDAD NACIONAL  PARTIDO DE LA U;1
PAJARITO;Sonia Esperanza Lopez Barrera;PARTIDO CONSERVADOR COLOMBIANO;1
PAJARITO;Wilton Fredy Castro Silva;PARTIDO ALIANZA VERDE;1
PAJARITO;Estefany Johana Grajales Marin;MOVIMIENTO ALTERNATIVO INDIGENA Y SOCIAL MAIS;0
PAJARITO;Luz Dary Sevillano Guerrero;PARTIDO ALIANZA VERDE;0
PAJARITO;Partido Conservador Colombiano;PARTIDO CONSERVADOR COLOMBIANO;0
PANQUEBA;Hector Josue Camacho Acosta;PARTIDO CENTRO DEMOCRATICO;228
PANQUEBA;Ricardo Alonso Rojas Sachica;PARTIDO ALIANZA VERDE;121
PANQUEBA;Johan Francisco Herrera Gualdron;PARTIDO ALIANZA VERDE;96
PANQUEBA;Pedro Pablo Salas Hernandez;PARTIDO ALIANZA VERDE;56
PANQUEBA;Partido Alianza Verde;PARTIDO ALIANZA VERDE;54
PANQUEBA;Jairo Enrique Cabana Fonseca;PARTIDO ALIANZA VERDE;51
PANQUEBA;Angela Patricia Velandia Novoa;PARTIDO ALIANZA VERDE;37
PANQUEBA;Fernando Augusto Diaz Saenz;PARTIDO CONSERVADOR COLOMBIANO;32
PANQUEBA;Gustavo Eduardo Castañeda Niño;PARTIDO ALIANZA VERDE;18
PANQUEBA;Yamir Oswaldo Lopez Peña;PARTIDO ALIANZA VERDE;17
PANQUEBA;Cesar Augusto Mojica Bedoya;PARTIDO SOCIAL DE UNIDAD NACIONAL  PARTIDO DE LA U;16
PANQUEBA;Jose Agustin Arias Millan;PARTIDO CENTRO DEMOCRATICO;12
PANQUEBA;Jose Dario Mahecha Castillo;PARTIDO CONSERVADOR COLOMBIANO;11
PANQUEBA;Maria De Los Santos Salamanca Silva;PARTIDO ALIANZA VERDE;11
PANQUEBA;Partido Centro Democratico;PARTIDO CENTRO DEMOCRATICO;11
PANQUEBA;Jose Armando Quiñones Garzon;PARTIDO CENTRO DEMOCRATICO;10
PANQUEBA;Partido Liberal Colombiano;PARTIDO LIBERAL COLOMBIANO;9
PANQUEBA;Juan Camilo Morales Rodriguez;PARTIDO LIBERAL COLOMBIANO;8
PANQUEBA;Partido Social De Unidad Nacional  Partido De La U;PARTIDO SOCIAL DE UNIDAD NACIONAL  PARTIDO DE LA U;8
PANQUEBA;Pedro Humberto Vargas Gomez;PARTIDO LIBERAL COLOMBIANO;8
PANQUEBA;Anderson Joaquin Sanchez Ruiz;PARTIDO LIBERAL COLOMBIANO;7
PANQUEBA;Eliana Maria Villate Fonseca;PARTIDO CONSERVADOR COLOMBIANO;7
PANQUEBA;Jairo Correa Acevedo;MOVIMIENTO ALTERNATIVO INDIGENA Y SOCIAL MAIS;7
PANQUEBA;Maira Adriana Zerda Gonzalez;PARTIDO ALIANZA VERDE;7
PANQUEBA;Nelson Mauricio Rodriguez Perez;PARTIDO CONSERVADOR COLOMBIANO;7
PANQUEBA;Omar Fernando Valderrama Baez;PARTIDO CENTRO DEMOCRATICO;7
PANQUEBA;Luz Dary Sevillano Guerrero;PARTIDO ALIANZA VERDE;6
PANQUEBA;Partido Conservador Colombiano;PARTIDO CONSERVADOR COLOMBIANO;6
PANQUEBA;Ana Adela Pulido Cuadros;PARTIDO CONSERVADOR COLOMBIANO;5
PANQUEBA;Concha Jael Vargas Saavedra;PARTIDO CONSERVADOR COLOMBIANO;5
PANQUEBA;Jose Mauricio Buitrago Rivera;PARTIDO CAMBIO RADICAL;5
PANQUEBA;Luisa Fernanda Rodriguez Alfonso;PARTIDO ALIANZA VERDE;5
PANQUEBA;Olga Niño Rojas;PARTIDO CENTRO DEMOCRATICO;5
PANQUEBA;Partido Colombia Justa Libres;PARTIDO COLOMBIA JUSTA LIBRES;5
PANQUEBA;Ericka Leonor Amador Gamarra;PARTIDO SOCIAL DE UNIDAD NACIONAL  PARTIDO DE LA U;4
PANQUEBA;Fernando Alexander Serrato Fonseca;PARTIDO LIBERAL COLOMBIANO;4
PANQUEBA;Ivan Ricardo Pirachican Bernal;PARTIDO CONSERVADOR COLOMBIANO;4
PANQUEBA;Jorge Enrique Camacho Rodriguez;PARTIDO ALIANZA SOCIAL INDEPENDIENTE ASI;4
PANQUEBA;Merardo Vargas Roa;PARTIDO ALIANZA VERDE;4
PANQUEBA;William Rodolfo Mesa Avella;PARTIDO CENTRO DEMOCRATICO;4
PANQUEBA;Wilton Fredy Castro Silva;PARTIDO ALIANZA VERDE;4
PANQUEBA;Alfredo Horacio Correa Higuera;PARTIDO CAMBIO RADICAL;3
PANQUEBA;Ana Lucia Parra Monroy;PARTIDO SOCIAL DE UNIDAD NACIONAL  PARTIDO DE LA U;3
PANQUEBA;Carlos Alfredo Siza Blanco;PARTIDO CONSERVADOR COLOMBIANO;3
PANQUEBA;Eliana Hasleidy Gamez Pinilla;PARTIDO CAMBIO RADICAL;3
PANQUEBA;Ingrid Marlen Sogamoso Alfonso;PARTIDO CENTRO DEMOCRATICO;3
PANQUEBA;Jairo Pacheco Suarez;PARTIDO LIBERAL COLOMBIANO;3
PANQUEBA;Mauricio Cadena Valero;PARTIDO CENTRO DEMOCRATICO;3
PANQUEBA;Neddy Esther Sandoval Figueredo;PARTIDO LIBERAL COLOMBIANO;3
PANQUEBA;Omar Humberto Villamil Munevar;PARTIDO CONSERVADOR COLOMBIANO;3
PANQUEBA;Aura Lucia Ortiz Cardona;PARTIDO CENTRO DEMOCRATICO;2
PANQUEBA;Hugo Alveiro Rosas Romero;PARTIDO ALIANZA VERDE;2
PANQUEBA;Maria Francia Blanco Pedroza;BOYACA DECENTE;2
PANQUEBA;Oscar Leonardo Montañez Sierra;PARTIDO CAMBIO RADICAL;2
PANQUEBA;Pablo Antonio Zambrano Salamanca;PARTIDO CONSERVADOR COLOMBIANO;2
PANQUEBA;Roman Hernando Ortega Hernandez;PARTIDO ALIANZA VERDE;2
PANQUEBA;Andrea Carolina Camargo Caro;MOVIMIENTO ALTERNATIVO INDIGENA Y SOCIAL MAIS;1
PANQUEBA;Angela Magaly Garcia Rivera;MOVIMIENTO ALTERNATIVO INDIGENA Y SOCIAL MAIS;1
PANQUEBA;Antonio Ernesto Leguizamo Diaz;PARTIDO LIBERAL COLOMBIANO;1
PANQUEBA;Carlos Ernesto Torres Aguirre;PARTIDO CONSERVADOR COLOMBIANO;1
PANQUEBA;Edgar Antulio Gonzalez Trujillo;BOYACA DECENTE;1
PANQUEBA;Edwin Andres Rodriguez Rodriguez;PARTIDO LIBERAL COLOMBIANO;1
PANQUEBA;Elsa Marlen Manrique Pulgar;PARTIDO LIBERAL COLOMBIANO;1
PANQUEBA;Erika Dayana Piragauta Rodriguez;PARTIDO LIBERAL COLOMBIANO;1
PANQUEBA;Fredy Julian Castro Rodriguez;PARTIDO CENTRO DEMOCRATICO;1
PANQUEBA;Hernando Arias Ochoa;PARTIDO ALIANZA SOCIAL INDEPENDIENTE ASI;1
PANQUEBA;Jorge Eduardo Diaz Avendaño;MOVIMIENTO ALTERNATIVO INDIGENA Y SOCIAL MAIS;1
PANQUEBA;Jose Antonio Estupiñan Caceres;PARTIDO CONSERVADOR COLOMBIANO;1
PANQUEBA;Jose Leonidas Medina Cruz;PARTIDO SOCIAL DE UNIDAD NACIONAL  PARTIDO DE LA U;1
PANQUEBA;Jose Wilmar Leal Abril;PARTIDO CAMBIO RADICAL;1
PANQUEBA;Lizeth Paola Saade Fuentes;MOVIMIENTO ALTERNATIVO INDIGENA Y SOCIAL MAIS;1
PANQUEBA;Norman De Jesus Quintero Gallego;PARTIDO CONSERVADOR COLOMBIANO;1
PANQUEBA;Orlando Florez Cuervo;PARTIDO CENTRO DEMOCRATICO;1
PANQUEBA;Sergio Cabra Sierra;PARTIDO SOCIAL DE UNIDAD NACIONAL  PARTIDO DE LA U;1
PANQUEBA;Sonia Esperanza Lopez Barrera;PARTIDO CONSERVADOR COLOMBIANO;1
PANQUEBA;Wilkins Fernando Chaparro Cuervo;PARTIDO ALIANZA SOCIAL INDEPENDIENTE ASI;1
PANQUEBA;Willian David Pabon Jimenez;PARTIDO SOCIAL DE UNIDAD NACIONAL  PARTIDO DE LA U;1
PANQUEBA;Yadith Milena Martinez Farfan;PARTIDO CENTRO DEMOCRATICO;1
PAUNA;Jose Dario Mahecha Castillo;PARTIDO CONSERVADOR COLOMBIANO;728
PAUNA;Yamir Oswaldo Lopez Peña;PARTIDO ALIANZA VERDE;389
PAUNA;Omar Humberto Villamil Munevar;PARTIDO CONSERVADOR COLOMBIANO;315
PAUNA;Hector Josue Camacho Acosta;PARTIDO CENTRO DEMOCRATICO;289
PAUNA;Fernando Alexander Serrato Fonseca;PARTIDO LIBERAL COLOMBIANO;144
PAUNA;Ivan Ricardo Pirachican Bernal;PARTIDO CONSERVADOR COLOMBIANO;139
PAUNA;Gustavo Eduardo Castañeda Niño;PARTIDO ALIANZA VERDE;131
PAUNA;Jose Armando Quiñones Garzon;PARTIDO CENTRO DEMOCRATICO;100
PAUNA;Ingrid Marlen Sogamoso Alfonso;PARTIDO CENTRO DEMOCRATICO;85
PAUNA;Partido Conservador Colombiano;PARTIDO CONSERVADOR COLOMBIANO;80
PAUNA;Partido Colombia Justa Libres;PARTIDO COLOMBIA JUSTA LIBRES;71
PAUNA;William Rodolfo Mesa Avella;PARTIDO CENTRO DEMOCRATICO;64
PAUNA;Partido Alianza Verde;PARTIDO ALIANZA VERDE;59
PAUNA;Partido Centro Democratico;PARTIDO CENTRO DEMOCRATICO;57
PAUNA;Fabian Camilo Rojas Barrera;PARTIDO LIBERAL COLOMBIANO;49
PAUNA;Willian David Pabon Jimenez;PARTIDO SOCIAL DE UNIDAD NACIONAL  PARTIDO DE LA U;43
PAUNA;Sandra Patricia Contreras Soto;PARTIDO LIBERAL COLOMBIANO;42
PAUNA;Jairo Pacheco Suarez;PARTIDO LIBERAL COLOMBIANO;38
PAUNA;Ana Adela Pulido Cuadros;PARTIDO CONSERVADOR COLOMBIANO;36
PAUNA;Carlos Ernesto Torres Aguirre;PARTIDO CONSERVADOR COLOMBIANO;35
PAUNA;Concha Jael Vargas Saavedra;PARTIDO CONSERVADOR COLOMBIANO;33
PAUNA;Partido Social De Unidad Nacional  Partido De La U;PARTIDO SOCIAL DE UNIDAD NACIONAL  PARTIDO DE LA U;33
PAUNA;Jose Mauricio Buitrago Rivera;PARTIDO CAMBIO RADICAL;30
PAUNA;Partido Cambio Radical;PARTIDO CAMBIO RADICAL;28
PAUNA;Oscar Leonardo Montañez Sierra;PARTIDO CAMBIO RADICAL;27
PAUNA;Pedro Pablo Salas Hernandez;PARTIDO ALIANZA VERDE;27
PAUNA;Jose Antonio Estupiñan Caceres;PARTIDO CONSERVADOR COLOMBIANO;26
PAUNA;Omar Fernando Valderrama Baez;PARTIDO CENTRO DEMOCRATICO;25
PAUNA;Angela Rocio Umaña Rojas;PARTIDO CONSERVADOR COLOMBIANO;24
PAUNA;Nelson Mauricio Rodriguez Perez;PARTIDO CONSERVADOR COLOMBIANO;24
PAUNA;Luisa Fernanda Rodriguez Alfonso;PARTIDO ALIANZA VERDE;23
PAUNA;Eliana Maria Villate Fonseca;PARTIDO CONSERVADOR COLOMBIANO;22
PAUNA;Luis Carlos Ochoa Pasachoa;PARTIDO ALIANZA VERDE;20
PAUNA;Alfredo Horacio Correa Higuera;PARTIDO CAMBIO RADICAL;19
PAUNA;Movimiento Alternativo Indigena Y Social Mais;MOVIMIENTO ALTERNATIVO INDIGENA Y SOCIAL MAIS;19
PAUNA;Sandra Milena Ramirez Moreno;PARTIDO CAMBIO RADICAL;18
PAUNA;Jorge Eduardo Diaz Avendaño;MOVIMIENTO ALTERNATIVO INDIGENA Y SOCIAL MAIS;17
PAUNA;Luz Dary Sevillano Guerrero;PARTIDO ALIANZA VERDE;17
PAUNA;Jhonnatan Jairo Avellaneda Mesa;MOVIMIENTO ALTERNATIVO INDIGENA Y SOCIAL MAIS;16
PAUNA;Johan Francisco Herrera Gualdron;PARTIDO ALIANZA VERDE;16
PAUNA;Partido Liberal Colombiano;PARTIDO LIBERAL COLOMBIANO;13
PAUNA;Cesar Augusto Mojica Bedoya;PARTIDO SOCIAL DE UNIDAD NACIONAL  PARTIDO DE LA U;12
PAUNA;Carlos Alfredo Siza Blanco;PARTIDO CONSERVADOR COLOMBIANO;11
PAUNA;Angela Patricia Velandia Novoa;PARTIDO ALIANZA VERDE;10
PAUNA;Hugo Alveiro Rosas Romero;PARTIDO ALIANZA VERDE;10
PAUNA;Jhon Fredy Garavito Cortes;PARTIDO SOCIAL DE UNIDAD NACIONAL  PARTIDO DE LA U;10
PAUNA;Juan Camilo Morales Rodriguez;PARTIDO LIBERAL COLOMBIANO;10
PAUNA;Katherin Tatiana Calderon Acosta;PARTIDO CENTRO DEMOCRATICO;10
PAUNA;Manuel Ricardo Mesa Trujillo;PARTIDO SOCIAL DE UNIDAD NACIONAL  PARTIDO DE LA U;10
PAUNA;Nereo Baron Tellez;MOVIMIENTO ALTERNATIVO INDIGENA Y SOCIAL MAIS;10
PAUNA;Partido Alianza Social Independiente Asi;PARTIDO ALIANZA SOCIAL INDEPENDIENTE ASI;10
PAUNA;Jose Agustin Arias Millan;PARTIDO CENTRO DEMOCRATICO;9
PAUNA;Jose Wilmar Leal Abril;PARTIDO CAMBIO RADICAL;9
PAUNA;Neddy Esther Sandoval Figueredo;PARTIDO LIBERAL COLOMBIANO;9
PAUNA;Fernando Augusto Diaz Saenz;PARTIDO CONSERVADOR COLOMBIANO;8
PAUNA;Hernando Arias Ochoa;PARTIDO ALIANZA SOCIAL INDEPENDIENTE ASI;8
PAUNA;Kiliam Ernesto Gonzalez Forero;BOYACA DECENTE;8
PAUNA;Luis Carlos Machado Zapata;PARTIDO LIBERAL COLOMBIANO;8
PAUNA;Orlando Florez Cuervo;PARTIDO CENTRO DEMOCRATICO;8
PAUNA;Alvaro Hernan Forero Hurtado;BOYACA DECENTE;7
PAUNA;Armando Buitrago Acevedo;PARTIDO ALIANZA SOCIAL INDEPENDIENTE ASI;7
PAUNA;Edwin Alfonso Perez Beltran;PARTIDO ALIANZA SOCIAL INDEPENDIENTE ASI;7
PAUNA;Jairo Enrique Cabana Fonseca;PARTIDO ALIANZA VERDE;7
PAUNA;Mauricio Cadena Valero;PARTIDO CENTRO DEMOCRATICO;7
PAUNA;Merardo Vargas Roa;PARTIDO ALIANZA VERDE;7
PAUNA;Sergio Cabra Sierra;PARTIDO SOCIAL DE UNIDAD NACIONAL  PARTIDO DE LA U;7
PAUNA;Jorge Enrique Camacho Rodriguez;PARTIDO ALIANZA SOCIAL INDEPENDIENTE ASI;6
PAUNA;Sonia Esperanza Lopez Barrera;PARTIDO CONSERVADOR COLOMBIANO;6
PAUNA;Alberto Enrique Murillo Sanchez;PARTIDO CAMBIO RADICAL;5
PAUNA;Claudia Yaneth Avila Castillo;PARTIDO SOCIAL DE UNIDAD NACIONAL  PARTIDO DE LA U;5
PAUNA;David Santiago Ochoa Garcia;PARTIDO SOCIAL DE UNIDAD NACIONAL  PARTIDO DE LA U;5
PAUNA;Laura Patricia Contreras Alvarez;PARTIDO ALIANZA SOCIAL INDEPENDIENTE ASI;5
PAUNA;Olga Niño Rojas;PARTIDO CENTRO DEMOCRATICO;5
PAUNA;Ricardo Alonso Rojas Sachica;PARTIDO ALIANZA VERDE;5
PAUNA;Wilder Ivan Suesca Ochoa;PARTIDO CENTRO DEMOCRATICO;5
PAUNA;Wilkins Fernando Chaparro Cuervo;PARTIDO ALIANZA SOCIAL INDEPENDIENTE ASI;5
PAUNA;Yury Neill Diaz Aranguren;MOVIMIENTO ALTERNATIVO INDIGENA Y SOCIAL MAIS;5
PAUNA;Alba Luz Becerra Becerra;PARTIDO ALIANZA SOCIAL INDEPENDIENTE ASI;4
PAUNA;Anderson Joaquin Sanchez Ruiz;PARTIDO LIBERAL COLOMBIANO;4
PAUNA;Boyaca Decente;BOYACA DECENTE;4
PAUNA;Carlos Julian Diaz Franco;PARTIDO ALIANZA SOCIAL INDEPENDIENTE ASI;4
PAUNA;Fredy Julian Castro Rodriguez;PARTIDO CENTRO DEMOCRATICO;4
PAUNA;Maria De Los Santos Salamanca Silva;PARTIDO ALIANZA VERDE;4
PAUNA;Mariev Bejarano Ospina;BOYACA DECENTE;4
PAUNA;Norman De Jesus Quintero Gallego;PARTIDO CONSERVADOR COLOMBIANO;4
PAUNA;Roman Hernando Ortega Hernandez;PARTIDO ALIANZA VERDE;4
PAUNA;Sandra Patricia Ricaurte Espinel;PARTIDO CAMBIO RADICAL;4
PAUNA;Ana Lucia Parra Monroy;PARTIDO SOCIAL DE UNIDAD NACIONAL  PARTIDO DE LA U;3
PAUNA;Andres Mauricio Escarria Barraza;PARTIDO CAMBIO RADICAL;3
PAUNA;Erika Dayana Piragauta Rodriguez;PARTIDO LIBERAL COLOMBIANO;3
PAUNA;Irma Yineth Velandia Sandoval;PARTIDO CAMBIO RADICAL;3
PAUNA;Maira Adriana Zerda Gonzalez;PARTIDO ALIANZA VERDE;3
PAUNA;Maria Francia Blanco Pedroza;BOYACA DECENTE;3
PAUNA;Pablo Antonio Zambrano Salamanca;PARTIDO CONSERVADOR COLOMBIANO;3
PAUNA;Pedro Humberto Vargas Gomez;PARTIDO LIBERAL COLOMBIANO;3
PAUNA;Ana Delia Avendaño Hernandez;PARTIDO LIBERAL COLOMBIANO;2
PAUNA;Antonio Ernesto Leguizamo Diaz;PARTIDO LIBERAL COLOMBIANO;2
PAUNA;David Alejandro Avila Cely;MOVIMIENTO ALTERNATIVO INDIGENA Y SOCIAL MAIS;2
PAUNA;David Santiago Diaz Guio;PARTIDO SOCIAL DE UNIDAD NACIONAL  PARTIDO DE LA U;2
PAUNA;Eliana Hasleidy Gamez Pinilla;PARTIDO CAMBIO RADICAL;2
PAUNA;Elsa Marlen Manrique Pulgar;PARTIDO LIBERAL COLOMBIANO;2
PAUNA;Estefany Johana Grajales Marin;MOVIMIENTO ALTERNATIVO INDIGENA Y SOCIAL MAIS;2
PAUNA;Fredy Enrique Segura Alonso;BOYACA DECENTE;2
PAUNA;Helver Ariel Avila Panche;PARTIDO CENTRO DEMOCRATICO;2
PAUNA;Henry Goyeneche Hormaza;PARTIDO ALIANZA SOCIAL INDEPENDIENTE ASI;2
PAUNA;Jaime Andres Gomez Gomez;PARTIDO CONSERVADOR COLOMBIANO;2
PAUNA;Jairo Correa Acevedo;MOVIMIENTO ALTERNATIVO INDIGENA Y SOCIAL MAIS;2
PAUNA;John Fredy Lopez Mora;MOVIMIENTO ALTERNATIVO INDIGENA Y SOCIAL MAIS;2
PAUNA;Jorge Marin Jerez Amado;PARTIDO LIBERAL COLOMBIANO;2
PAUNA;Juddy Alexandra Jimenez Cuadros;PARTIDO SOCIAL DE UNIDAD NACIONAL  PARTIDO DE LA U;2
PAUNA;Martha Ines Zipa Martinez;PARTIDO CAMBIO RADICAL;2
PAUNA;Vivian Catherin Alvarez;PARTIDO ALIANZA SOCIAL INDEPENDIENTE ASI;2
PAUNA;Wilton Fredy Castro Silva;PARTIDO ALIANZA VERDE;2
PAUNA;Adriana Paola Laverde Rodriguez;MOVIMIENTO ALTERNATIVO INDIGENA Y SOCIAL MAIS;1
PAUNA;Andrea Carolina Camargo Caro;MOVIMIENTO ALTERNATIVO INDIGENA Y SOCIAL MAIS;1
PAUNA;Aura Lucia Ortiz Cardona;PARTIDO CENTRO DEMOCRATICO;1
PAUNA;Carlos Eduardo Vega Alvarez;BOYACA DECENTE;1
PAUNA;Claudia Patricia Barrera Patiño;PARTIDO SOCIAL DE UNIDAD NACIONAL  PARTIDO DE LA U;1
PAUNA;Daniel Fernando Mejia Lozano;PARTIDO ALIANZA SOCIAL INDEPENDIENTE ASI;1
PAUNA;Edgar Antulio Gonzalez Trujillo;BOYACA DECENTE;1
PAUNA;Ericka Leonor Amador Gamarra;PARTIDO SOCIAL DE UNIDAD NACIONAL  PARTIDO DE LA U;1
PAUNA;Luis Carlos Bernal Mesa;PARTIDO SOCIAL DE UNIDAD NACIONAL  PARTIDO DE LA U;1
PAUNA;Ricardo Andres Español Teatino;PARTIDO LIBERAL COLOMBIANO;1
PAUNA;Segundo Fidel Salazar Gonzalez;PARTIDO SOCIAL DE UNIDAD NACIONAL  PARTIDO DE LA U;1
PAUNA;Siervo Yesith Gonzalez Saavedra;PARTIDO CAMBIO RADICAL;1
PAYA;Yury Neill Diaz Aranguren;MOVIMIENTO ALTERNATIVO INDIGENA Y SOCIAL MAIS;256
PAYA;Ingrid Marlen Sogamoso Alfonso;PARTIDO CENTRO DEMOCRATICO;236
PAYA;Maria De Los Santos Salamanca Silva;PARTIDO ALIANZA VERDE;158
PAYA;Yamir Oswaldo Lopez Peña;PARTIDO ALIANZA VERDE;29
PAYA;Jaime Andres Gomez Gomez;PARTIDO CONSERVADOR COLOMBIANO;27
PAYA;Partido Alianza Verde;PARTIDO ALIANZA VERDE;24
PAYA;Gustavo Eduardo Castañeda Niño;PARTIDO ALIANZA VERDE;18
PAYA;Carlos Eduardo Vega Alvarez;BOYACA DECENTE;17
PAYA;Cesar Augusto Mojica Bedoya;PARTIDO SOCIAL DE UNIDAD NACIONAL  PARTIDO DE LA U;13
PAYA;Hernando Arias Ochoa;PARTIDO ALIANZA SOCIAL INDEPENDIENTE ASI;13
PAYA;Movimiento Alternativo Indigena Y Social Mais;MOVIMIENTO ALTERNATIVO INDIGENA Y SOCIAL MAIS;13
PAYA;Luis Carlos Ochoa Pasachoa;PARTIDO ALIANZA VERDE;11
PAYA;Pedro Pablo Salas Hernandez;PARTIDO ALIANZA VERDE;11
PAYA;Hugo Alveiro Rosas Romero;PARTIDO ALIANZA VERDE;10
PAYA;Manuel Ricardo Mesa Trujillo;PARTIDO SOCIAL DE UNIDAD NACIONAL  PARTIDO DE LA U;10
PAYA;William Rodolfo Mesa Avella;PARTIDO CENTRO DEMOCRATICO;10
PAYA;Roman Hernando Ortega Hernandez;PARTIDO ALIANZA VERDE;9
PAYA;Sergio Cabra Sierra;PARTIDO SOCIAL DE UNIDAD NACIONAL  PARTIDO DE LA U;9
PAYA;Alfredo Horacio Correa Higuera;PARTIDO CAMBIO RADICAL;8
PAYA;Johan Francisco Herrera Gualdron;PARTIDO ALIANZA VERDE;8
PAYA;Concha Jael Vargas Saavedra;PARTIDO CONSERVADOR COLOMBIANO;7
PAYA;Jose Armando Quiñones Garzon;PARTIDO CENTRO DEMOCRATICO;6
PAYA;Partido Social De Unidad Nacional  Partido De La U;PARTIDO SOCIAL DE UNIDAD NACIONAL  PARTIDO DE LA U;6
PAYA;Willian David Pabon Jimenez;PARTIDO SOCIAL DE UNIDAD NACIONAL  PARTIDO DE LA U;6
PAYA;Estefany Johana Grajales Marin;MOVIMIENTO ALTERNATIVO INDIGENA Y SOCIAL MAIS;5
PAYA;John Fredy Lopez Mora;MOVIMIENTO ALTERNATIVO INDIGENA Y SOCIAL MAIS;5
PAYA;Wilkins Fernando Chaparro Cuervo;PARTIDO ALIANZA SOCIAL INDEPENDIENTE ASI;5
PAYA;Ivan Ricardo Pirachican Bernal;PARTIDO CONSERVADOR COLOMBIANO;4
PAYA;Merardo Vargas Roa;PARTIDO ALIANZA VERDE;4
PAYA;Partido Cambio Radical;PARTIDO CAMBIO RADICAL;4
PAYA;Partido Centro Democratico;PARTIDO CENTRO DEMOCRATICO;4
PAYA;Ana Lucia Parra Monroy;PARTIDO SOCIAL DE UNIDAD NACIONAL  PARTIDO DE LA U;3
PAYA;Andrea Carolina Camargo Caro;MOVIMIENTO ALTERNATIVO INDIGENA Y SOCIAL MAIS;3
PAYA;Erika Dayana Piragauta Rodriguez;PARTIDO LIBERAL COLOMBIANO;3
PAYA;Hector Josue Camacho Acosta;PARTIDO CENTRO DEMOCRATICO;3
PAYA;Jose Wilmar Leal Abril;PARTIDO CAMBIO RADICAL;3
PAYA;Luisa Fernanda Rodriguez Alfonso;PARTIDO ALIANZA VERDE;3
PAYA;Omar Fernando Valderrama Baez;PARTIDO CENTRO DEMOCRATICO;3
PAYA;Partido Alianza Social Independiente Asi;PARTIDO ALIANZA SOCIAL INDEPENDIENTE ASI;3
PAYA;Wilton Fredy Castro Silva;PARTIDO ALIANZA VERDE;3
PAYA;Angela Magaly Garcia Rivera;MOVIMIENTO ALTERNATIVO INDIGENA Y SOCIAL MAIS;2
PAYA;Carlos Alfredo Siza Blanco;PARTIDO CONSERVADOR COLOMBIANO;2
PAYA;Carlos Ernesto Torres Aguirre;PARTIDO CONSERVADOR COLOMBIANO;2
PAYA;David Santiago Ochoa Garcia;PARTIDO SOCIAL DE UNIDAD NACIONAL  PARTIDO DE LA U;2
PAYA;Fabian Camilo Rojas Barrera;PARTIDO LIBERAL COLOMBIANO;2
PAYA;Jairo Pacheco Suarez;PARTIDO LIBERAL COLOMBIANO;2
PAYA;Jhonnatan Jairo Avellaneda Mesa;MOVIMIENTO ALTERNATIVO INDIGENA Y SOCIAL MAIS;2
PAYA;Jose Mauricio Buitrago Rivera;PARTIDO CAMBIO RADICAL;2
PAYA;Julian Guillermo Camargo Amortegui;MOVIMIENTO ALTERNATIVO INDIGENA Y SOCIAL MAIS;2
PAYA;Luz Dary Sevillano Guerrero;PARTIDO ALIANZA VERDE;2
PAYA;Oscar Leonardo Montañez Sierra;PARTIDO CAMBIO RADICAL;2
PAYA;Partido Liberal Colombiano;PARTIDO LIBERAL COLOMBIANO;2
PAYA;Sandra Patricia Contreras Soto;PARTIDO LIBERAL COLOMBIANO;2
PAYA;Alvaro Hernan Forero Hurtado;BOYACA DECENTE;1
PAYA;Ana Delia Avendaño Hernandez;PARTIDO LIBERAL COLOMBIANO;1
PAYA;Anderson Joaquin Sanchez Ruiz;PARTIDO LIBERAL COLOMBIANO;1
PAYA;Andres Mauricio Escarria Barraza;PARTIDO CAMBIO RADICAL;1
PAYA;Angela Patricia Velandia Novoa;PARTIDO ALIANZA VERDE;1
PAYA;Angela Rocio Umaña Rojas;PARTIDO CONSERVADOR COLOMBIANO;1
PAYA;Armando Buitrago Acevedo;PARTIDO ALIANZA SOCIAL INDEPENDIENTE ASI;1
PAYA;Claudia Yaneth Avila Castillo;PARTIDO SOCIAL DE UNIDAD NACIONAL  PARTIDO DE LA U;1
PAYA;Eliana Maria Villate Fonseca;PARTIDO CONSERVADOR COLOMBIANO;1
PAYA;Fredy Leonardo Rojas Vargas;PARTIDO CENTRO DEMOCRATICO;1
PAYA;Helver Ariel Avila Panche;PARTIDO CENTRO DEMOCRATICO;1
PAYA;Jairo Enrique Cabana Fonseca;PARTIDO ALIANZA VERDE;1
PAYA;Jhon Fredy Garavito Cortes;PARTIDO SOCIAL DE UNIDAD NACIONAL  PARTIDO DE LA U;1
PAYA;Jorge Eduardo Diaz Avendaño;MOVIMIENTO ALTERNATIVO INDIGENA Y SOCIAL MAIS;1
PAYA;Jorge Marin Jerez Amado;PARTIDO LIBERAL COLOMBIANO;1
PAYA;Jose Agustin Arias Millan;PARTIDO CENTRO DEMOCRATICO;1
PAYA;Kiliam Ernesto Gonzalez Forero;BOYACA DECENTE;1
PAYA;Laura Patricia Contreras Alvarez;PARTIDO ALIANZA SOCIAL INDEPENDIENTE ASI;1
PAYA;Mauricio Cadena Valero;PARTIDO CENTRO DEMOCRATICO;1
PAYA;Nelson Mauricio Rodriguez Perez;PARTIDO CONSERVADOR COLOMBIANO;1
PAYA;Nereo Baron Tellez;MOVIMIENTO ALTERNATIVO INDIGENA Y SOCIAL MAIS;1
PAYA;Omar Humberto Villamil Munevar;PARTIDO CONSERVADOR COLOMBIANO;1
PAYA;Partido Colombia Justa Libres;PARTIDO COLOMBIA JUSTA LIBRES;1
PAYA;Partido Conservador Colombiano;PARTIDO CONSERVADOR COLOMBIANO;1
PAYA;Pedro Humberto Vargas Gomez;PARTIDO LIBERAL COLOMBIANO;1
PAYA;Ricardo Alonso Rojas Sachica;PARTIDO ALIANZA VERDE;1
PAYA;Sandra Milena Ramirez Moreno;PARTIDO CAMBIO RADICAL;1
PAYA;Segundo Fidel Salazar Gonzalez;PARTIDO SOCIAL DE UNIDAD NACIONAL  PARTIDO DE LA U;1
PAYA;Siervo Yesith Gonzalez Saavedra;PARTIDO CAMBIO RADICAL;1
PAYA;Wilder Ivan Suesca Ochoa;PARTIDO CENTRO DEMOCRATICO;1
PAYA;William Chaparro Rodriguez;BOYACA DECENTE;1
PESCA;Yury Neill Diaz Aranguren;MOVIMIENTO ALTERNATIVO INDIGENA Y SOCIAL MAIS;1188
PESCA;William Rodolfo Mesa Avella;PARTIDO CENTRO DEMOCRATICO;225
PESCA;Fernando Alexander Serrato Fonseca;PARTIDO LIBERAL COLOMBIANO;221
PESCA;Yamir Oswaldo Lopez Peña;PARTIDO ALIANZA VERDE;202
PESCA;Luis Carlos Bernal Mesa;PARTIDO SOCIAL DE UNIDAD NACIONAL  PARTIDO DE LA U;179
PESCA;Ivan Ricardo Pirachican Bernal;PARTIDO CONSERVADOR COLOMBIANO;125
PESCA;Jose Antonio Estupiñan Caceres;PARTIDO CONSERVADOR COLOMBIANO;92
PESCA;Maria De Los Santos Salamanca Silva;PARTIDO ALIANZA VERDE;82
PESCA;Carlos Ernesto Torres Aguirre;PARTIDO CONSERVADOR COLOMBIANO;77
PESCA;Willian David Pabon Jimenez;PARTIDO SOCIAL DE UNIDAD NACIONAL  PARTIDO DE LA U;66
PESCA;Partido Alianza Verde;PARTIDO ALIANZA VERDE;52
PESCA;Ricardo Alonso Rojas Sachica;PARTIDO ALIANZA VERDE;50
PESCA;Hernando Arias Ochoa;PARTIDO ALIANZA SOCIAL INDEPENDIENTE ASI;42
PESCA;Movimiento Alternativo Indigena Y Social Mais;MOVIMIENTO ALTERNATIVO INDIGENA Y SOCIAL MAIS;41
PESCA;Roman Hernando Ortega Hernandez;PARTIDO ALIANZA VERDE;40
PESCA;Wilder Ivan Suesca Ochoa;PARTIDO CENTRO DEMOCRATICO;40
PESCA;Jose Armando Quiñones Garzon;PARTIDO CENTRO DEMOCRATICO;38
PESCA;Partido Cambio Radical;PARTIDO CAMBIO RADICAL;37
PESCA;Alfredo Horacio Correa Higuera;PARTIDO CAMBIO RADICAL;34
PESCA;Wilkins Fernando Chaparro Cuervo;PARTIDO ALIANZA SOCIAL INDEPENDIENTE ASI;33
PESCA;Oscar Leonardo Montañez Sierra;PARTIDO CAMBIO RADICAL;31
PESCA;Jorge Enrique Camacho Rodriguez;PARTIDO ALIANZA SOCIAL INDEPENDIENTE ASI;29
PESCA;Omar Fernando Valderrama Baez;PARTIDO CENTRO DEMOCRATICO;29
PESCA;Partido Liberal Colombiano;PARTIDO LIBERAL COLOMBIANO;24
PESCA;Jose Dario Mahecha Castillo;PARTIDO CONSERVADOR COLOMBIANO;23
PESCA;Hugo Alveiro Rosas Romero;PARTIDO ALIANZA VERDE;22
PESCA;Nereo Baron Tellez;MOVIMIENTO ALTERNATIVO INDIGENA Y SOCIAL MAIS;21
PESCA;Partido Conservador Colombiano;PARTIDO CONSERVADOR COLOMBIANO;21
PESCA;Alberto Enrique Murillo Sanchez;PARTIDO CAMBIO RADICAL;20
PESCA;Concha Jael Vargas Saavedra;PARTIDO CONSERVADOR COLOMBIANO;20
PESCA;Jairo Pacheco Suarez;PARTIDO LIBERAL COLOMBIANO;20
PESCA;Juan Camilo Morales Rodriguez;PARTIDO LIBERAL COLOMBIANO;20
PESCA;Hector Josue Camacho Acosta;PARTIDO CENTRO DEMOCRATICO;19
PESCA;Partido Centro Democratico;PARTIDO CENTRO DEMOCRATICO;19
PESCA;Partido Alianza Social Independiente Asi;PARTIDO ALIANZA SOCIAL INDEPENDIENTE ASI;17
PESCA;Partido Social De Unidad Nacional  Partido De La U;PARTIDO SOCIAL DE UNIDAD NACIONAL  PARTIDO DE LA U;17
PESCA;Estefany Johana Grajales Marin;MOVIMIENTO ALTERNATIVO INDIGENA Y SOCIAL MAIS;16
PESCA;Jairo Correa Acevedo;MOVIMIENTO ALTERNATIVO INDIGENA Y SOCIAL MAIS;16
PESCA;Johan Francisco Herrera Gualdron;PARTIDO ALIANZA VERDE;16
PESCA;Partido Colombia Justa Libres;PARTIDO COLOMBIA JUSTA LIBRES;16
PESCA;Uldarico Javier Ramirez Chilito;MOVIMIENTO ALTERNATIVO INDIGENA Y SOCIAL MAIS;16
PESCA;Angela Patricia Velandia Novoa;PARTIDO ALIANZA VERDE;15
PESCA;Julian Guillermo Camargo Amortegui;MOVIMIENTO ALTERNATIVO INDIGENA Y SOCIAL MAIS;14
PESCA;Yadith Milena Martinez Farfan;PARTIDO CENTRO DEMOCRATICO;14
PESCA;Luz Dary Sevillano Guerrero;PARTIDO ALIANZA VERDE;13
PESCA;Wilton Fredy Castro Silva;PARTIDO ALIANZA VERDE;13
PESCA;Edwin Alfonso Perez Beltran;PARTIDO ALIANZA SOCIAL INDEPENDIENTE ASI;12
PESCA;Ingrid Marlen Sogamoso Alfonso;PARTIDO CENTRO DEMOCRATICO;12
PESCA;Luis Carlos Ochoa Pasachoa;PARTIDO ALIANZA VERDE;11
PESCA;Andrea Carolina Camargo Caro;MOVIMIENTO ALTERNATIVO INDIGENA Y SOCIAL MAIS;10
PESCA;Pedro Pablo Salas Hernandez;PARTIDO ALIANZA VERDE;10
PESCA;Anderson Joaquin Sanchez Ruiz;PARTIDO LIBERAL COLOMBIANO;9
PESCA;Armando Buitrago Acevedo;PARTIDO ALIANZA SOCIAL INDEPENDIENTE ASI;9
PESCA;Fabian Camilo Rojas Barrera;PARTIDO LIBERAL COLOMBIANO;9
PESCA;Ana Adela Pulido Cuadros;PARTIDO CONSERVADOR COLOMBIANO;8
PESCA;Eliana Hasleidy Gamez Pinilla;PARTIDO CAMBIO RADICAL;8
PESCA;Julieth Rocio Montañez Niño;PARTIDO ALIANZA SOCIAL INDEPENDIENTE ASI;8
PESCA;Manuel Ricardo Mesa Trujillo;PARTIDO SOCIAL DE UNIDAD NACIONAL  PARTIDO DE LA U;8
PESCA;Nelson Mauricio Rodriguez Perez;PARTIDO CONSERVADOR COLOMBIANO;8
PESCA;Luisa Fernanda Rodriguez Alfonso;PARTIDO ALIANZA VERDE;7
PESCA;Ricardo Andres Español Teatino;PARTIDO LIBERAL COLOMBIANO;7
PESCA;Adriana Paola Laverde Rodriguez;MOVIMIENTO ALTERNATIVO INDIGENA Y SOCIAL MAIS;6
PESCA;Andres Mauricio Escarria Barraza;PARTIDO CAMBIO RADICAL;6
PESCA;Gustavo Eduardo Castañeda Niño;PARTIDO ALIANZA VERDE;6
PESCA;John Fredy Lopez Mora;MOVIMIENTO ALTERNATIVO INDIGENA Y SOCIAL MAIS;6
PESCA;Jorge Ignacio Lopez Barrera;BOYACA DECENTE;6
PESCA;Jose Wilmar Leal Abril;PARTIDO CAMBIO RADICAL;6
PESCA;Sandra Patricia Contreras Soto;PARTIDO LIBERAL COLOMBIANO;6
PESCA;Alvaro Hernan Forero Hurtado;BOYACA DECENTE;5
PESCA;Claudia Yaneth Avila Castillo;PARTIDO SOCIAL DE UNIDAD NACIONAL  PARTIDO DE LA U;5
PESCA;David Alejandro Avila Cely;MOVIMIENTO ALTERNATIVO INDIGENA Y SOCIAL MAIS;5
PESCA;Fredy Leonardo Rojas Vargas;PARTIDO CENTRO DEMOCRATICO;5
PESCA;Giovanna Del Pilar Soto Barreto;PARTIDO CAMBIO RADICAL;5
PESCA;Jaime Andres Gomez Gomez;PARTIDO CONSERVADOR COLOMBIANO;5
PESCA;Jhon Fredy Garavito Cortes;PARTIDO SOCIAL DE UNIDAD NACIONAL  PARTIDO DE LA U;5
PESCA;Jhonnatan Jairo Avellaneda Mesa;MOVIMIENTO ALTERNATIVO INDIGENA Y SOCIAL MAIS;5
PESCA;Jorge Eduardo Diaz Avendaño;MOVIMIENTO ALTERNATIVO INDIGENA Y SOCIAL MAIS;5
PESCA;Lizeth Paola Saade Fuentes;MOVIMIENTO ALTERNATIVO INDIGENA Y SOCIAL MAIS;5
PESCA;Mariev Bejarano Ospina;BOYACA DECENTE;5
PESCA;Mauricio Cadena Valero;PARTIDO CENTRO DEMOCRATICO;5
PESCA;Orlando Florez Cuervo;PARTIDO CENTRO DEMOCRATICO;5
PESCA;Pablo Antonio Zambrano Salamanca;PARTIDO CONSERVADOR COLOMBIANO;5
PESCA;Alba Luz Becerra Becerra;PARTIDO ALIANZA SOCIAL INDEPENDIENTE ASI;4
PESCA;Antonio Ernesto Leguizamo Diaz;PARTIDO LIBERAL COLOMBIANO;4
PESCA;Cesar Augusto Mojica Bedoya;PARTIDO SOCIAL DE UNIDAD NACIONAL  PARTIDO DE LA U;4
PESCA;Daniel Fernando Mejia Lozano;PARTIDO ALIANZA SOCIAL INDEPENDIENTE ASI;4
PESCA;Eliana Maria Villate Fonseca;PARTIDO CONSERVADOR COLOMBIANO;4
PESCA;Elsa Marlen Manrique Pulgar;PARTIDO LIBERAL COLOMBIANO;4
PESCA;Ericka Leonor Amador Gamarra;PARTIDO SOCIAL DE UNIDAD NACIONAL  PARTIDO DE LA U;4
PESCA;Flor Elba Velandia Cely;PARTIDO ALIANZA SOCIAL INDEPENDIENTE ASI;4
PESCA;Fredy Julian Castro Rodriguez;PARTIDO CENTRO DEMOCRATICO;4
PESCA;Henry Goyeneche Hormaza;PARTIDO ALIANZA SOCIAL INDEPENDIENTE ASI;4
PESCA;Irma Yineth Velandia Sandoval;PARTIDO CAMBIO RADICAL;4
PESCA;Luis Carlos Machado Zapata;PARTIDO LIBERAL COLOMBIANO;4
PESCA;Maira Adriana Zerda Gonzalez;PARTIDO ALIANZA VERDE;4
PESCA;Norman De Jesus Quintero Gallego;PARTIDO CONSERVADOR COLOMBIANO;4
PESCA;Siervo Yesith Gonzalez Saavedra;PARTIDO CAMBIO RADICAL;4
PESCA;Carlos Alfredo Siza Blanco;PARTIDO CONSERVADOR COLOMBIANO;3
PESCA;David Santiago Ochoa Garcia;PARTIDO SOCIAL DE UNIDAD NACIONAL  PARTIDO DE LA U;3
PESCA;Fernando Augusto Diaz Saenz;PARTIDO CONSERVADOR COLOMBIANO;3
PESCA;Jairo Enrique Cabana Fonseca;PARTIDO ALIANZA VERDE;3
PESCA;Jorge Marin Jerez Amado;PARTIDO LIBERAL COLOMBIANO;3
PESCA;Jose Mauricio Buitrago Rivera;PARTIDO CAMBIO RADICAL;3
PESCA;Merardo Vargas Roa;PARTIDO ALIANZA VERDE;3
PESCA;Neddy Esther Sandoval Figueredo;PARTIDO LIBERAL COLOMBIANO;3
PESCA;Olga Niño Rojas;PARTIDO CENTRO DEMOCRATICO;3
PESCA;Sergio Cabra Sierra;PARTIDO SOCIAL DE UNIDAD NACIONAL  PARTIDO DE LA U;3
PESCA;Sonia Esperanza Lopez Barrera;PARTIDO CONSERVADOR COLOMBIANO;3
PESCA;Carlos Julian Diaz Franco;PARTIDO ALIANZA SOCIAL INDEPENDIENTE ASI;2
PESCA;David Santiago Diaz Guio;PARTIDO SOCIAL DE UNIDAD NACIONAL  PARTIDO DE LA U;2
PESCA;Edwin Andres Rodriguez Rodriguez;PARTIDO LIBERAL COLOMBIANO;2
PESCA;Katherin Tatiana Calderon Acosta;PARTIDO CENTRO DEMOCRATICO;2
PESCA;Omar Humberto Villamil Munevar;PARTIDO CONSERVADOR COLOMBIANO;2
PESCA;Sandra Milena Ramirez Moreno;PARTIDO CAMBIO RADICAL;2
PESCA;Ana Delia Avendaño Hernandez;PARTIDO LIBERAL COLOMBIANO;1
PESCA;Ana Lucia Parra Monroy;PARTIDO SOCIAL DE UNIDAD NACIONAL  PARTIDO DE LA U;1
PESCA;Angela Magaly Garcia Rivera;MOVIMIENTO ALTERNATIVO INDIGENA Y SOCIAL MAIS;1
PESCA;Angela Rocio Umaña Rojas;PARTIDO CONSERVADOR COLOMBIANO;1
PESCA;Aura Lucia Ortiz Cardona;PARTIDO CENTRO DEMOCRATICO;1
PESCA;Boyaca Decente;BOYACA DECENTE;1
PESCA;Claudia Patricia Barrera Patiño;PARTIDO SOCIAL DE UNIDAD NACIONAL  PARTIDO DE LA U;1
PESCA;Erika Dayana Piragauta Rodriguez;PARTIDO LIBERAL COLOMBIANO;1
PESCA;Gregorio Morales Tovar;BOYACA DECENTE;1
PESCA;Helver Ariel Avila Panche;PARTIDO CENTRO DEMOCRATICO;1
PESCA;Jose Agustin Arias Millan;PARTIDO CENTRO DEMOCRATICO;1
PESCA;Jose Leonidas Medina Cruz;PARTIDO SOCIAL DE UNIDAD NACIONAL  PARTIDO DE LA U;1
PESCA;Juddy Alexandra Jimenez Cuadros;PARTIDO SOCIAL DE UNIDAD NACIONAL  PARTIDO DE LA U;1
PESCA;Martha Ines Zipa Martinez;PARTIDO CAMBIO RADICAL;1
PESCA;Sandra Patricia Ricaurte Espinel;PARTIDO CAMBIO RADICAL;1
PESCA;Segundo Fidel Salazar Gonzalez;PARTIDO SOCIAL DE UNIDAD NACIONAL  PARTIDO DE LA U;1
PISBA;Maria De Los Santos Salamanca Silva;PARTIDO ALIANZA VERDE;239
PISBA;Hector Josue Camacho Acosta;PARTIDO CENTRO DEMOCRATICO;78
PISBA;Anderson Joaquin Sanchez Ruiz;PARTIDO LIBERAL COLOMBIANO;37
PISBA;Partido Alianza Verde;PARTIDO ALIANZA VERDE;35
PISBA;Neddy Esther Sandoval Figueredo;PARTIDO LIBERAL COLOMBIANO;33
PISBA;Luis Carlos Bernal Mesa;PARTIDO SOCIAL DE UNIDAD NACIONAL  PARTIDO DE LA U;25
PISBA;Partido Centro Democratico;PARTIDO CENTRO DEMOCRATICO;15
PISBA;Jose Wilmar Leal Abril;PARTIDO CAMBIO RADICAL;13
PISBA;Gustavo Eduardo Castañeda Niño;PARTIDO ALIANZA VERDE;12
PISBA;Partido Cambio Radical;PARTIDO CAMBIO RADICAL;11
PISBA;Pedro Humberto Vargas Gomez;PARTIDO LIBERAL COLOMBIANO;11
PISBA;Yury Neill Diaz Aranguren;MOVIMIENTO ALTERNATIVO INDIGENA Y SOCIAL MAIS;9
PISBA;Angela Patricia Velandia Novoa;PARTIDO ALIANZA VERDE;8
PISBA;Fernando Alexander Serrato Fonseca;PARTIDO LIBERAL COLOMBIANO;7
PISBA;Jose Dario Mahecha Castillo;PARTIDO CONSERVADOR COLOMBIANO;7
PISBA;Partido Liberal Colombiano;PARTIDO LIBERAL COLOMBIANO;7
PISBA;Carlos Alfredo Siza Blanco;PARTIDO CONSERVADOR COLOMBIANO;6
PISBA;Carlos Julian Diaz Franco;PARTIDO ALIANZA SOCIAL INDEPENDIENTE ASI;6
PISBA;Hugo Alveiro Rosas Romero;PARTIDO ALIANZA VERDE;6
PISBA;Partido Alianza Social Independiente Asi;PARTIDO ALIANZA SOCIAL INDEPENDIENTE ASI;5
PISBA;Wilton Fredy Castro Silva;PARTIDO ALIANZA VERDE;5
PISBA;Angela Magaly Garcia Rivera;MOVIMIENTO ALTERNATIVO INDIGENA Y SOCIAL MAIS;4
PISBA;Claudia Patricia Barrera Patiño;PARTIDO SOCIAL DE UNIDAD NACIONAL  PARTIDO DE LA U;4
PISBA;Helver Ariel Avila Panche;PARTIDO CENTRO DEMOCRATICO;4
PISBA;Hernando Arias Ochoa;PARTIDO ALIANZA SOCIAL INDEPENDIENTE ASI;4
PISBA;Jaime Andres Gomez Gomez;PARTIDO CONSERVADOR COLOMBIANO;4
PISBA;Jose Armando Quiñones Garzon;PARTIDO CENTRO DEMOCRATICO;4
PISBA;Manuel Ricardo Mesa Trujillo;PARTIDO SOCIAL DE UNIDAD NACIONAL  PARTIDO DE LA U;4
PISBA;Orlando Florez Cuervo;PARTIDO CENTRO DEMOCRATICO;4
PISBA;Pedro Pablo Salas Hernandez;PARTIDO ALIANZA VERDE;4
PISBA;Sandra Milena Ramirez Moreno;PARTIDO CAMBIO RADICAL;4
PISBA;Jhonnatan Jairo Avellaneda Mesa;MOVIMIENTO ALTERNATIVO INDIGENA Y SOCIAL MAIS;3
PISBA;Jorge Eduardo Diaz Avendaño;MOVIMIENTO ALTERNATIVO INDIGENA Y SOCIAL MAIS;3
PISBA;Jose Antonio Estupiñan Caceres;PARTIDO CONSERVADOR COLOMBIANO;3
PISBA;Luisa Fernanda Rodriguez Alfonso;PARTIDO ALIANZA VERDE;3
PISBA;Maira Adriana Zerda Gonzalez;PARTIDO ALIANZA VERDE;3
PISBA;Pablo Antonio Zambrano Salamanca;PARTIDO CONSERVADOR COLOMBIANO;3
PISBA;Partido Conservador Colombiano;PARTIDO CONSERVADOR COLOMBIANO;3
PISBA;Roman Hernando Ortega Hernandez;PARTIDO ALIANZA VERDE;3
PISBA;Uldarico Javier Ramirez Chilito;MOVIMIENTO ALTERNATIVO INDIGENA Y SOCIAL MAIS;3
PISBA;Alfredo Horacio Correa Higuera;PARTIDO CAMBIO RADICAL;2
PISBA;Concha Jael Vargas Saavedra;PARTIDO CONSERVADOR COLOMBIANO;2
PISBA;Erika Dayana Piragauta Rodriguez;PARTIDO LIBERAL COLOMBIANO;2
PISBA;Ingrid Marlen Sogamoso Alfonso;PARTIDO CENTRO DEMOCRATICO;2
PISBA;Jairo Enrique Cabana Fonseca;PARTIDO ALIANZA VERDE;2
PISBA;Jose Mauricio Buitrago Rivera;PARTIDO CAMBIO RADICAL;2
PISBA;Juan Camilo Morales Rodriguez;PARTIDO LIBERAL COLOMBIANO;2
PISBA;Luis Carlos Machado Zapata;PARTIDO LIBERAL COLOMBIANO;2
PISBA;Mauricio Cadena Valero;PARTIDO CENTRO DEMOCRATICO;2
PISBA;Oscar Leonardo Montañez Sierra;PARTIDO CAMBIO RADICAL;2
PISBA;William Chaparro Rodriguez;BOYACA DECENTE;2
PISBA;William Rodolfo Mesa Avella;PARTIDO CENTRO DEMOCRATICO;2
PISBA;Alba Luz Becerra Becerra;PARTIDO ALIANZA SOCIAL INDEPENDIENTE ASI;1
PISBA;Carlos Ernesto Torres Aguirre;PARTIDO CONSERVADOR COLOMBIANO;1
PISBA;Edgar Antulio Gonzalez Trujillo;BOYACA DECENTE;1
PISBA;Eliana Maria Villate Fonseca;PARTIDO CONSERVADOR COLOMBIANO;1
PISBA;Elsa Marlen Manrique Pulgar;PARTIDO LIBERAL COLOMBIANO;1
PISBA;Fabian Camilo Rojas Barrera;PARTIDO LIBERAL COLOMBIANO;1
PISBA;Fredy Enrique Segura Alonso;BOYACA DECENTE;1
PISBA;Fredy Julian Castro Rodriguez;PARTIDO CENTRO DEMOCRATICO;1
PISBA;Fredy Leonardo Rojas Vargas;PARTIDO CENTRO DEMOCRATICO;1
PISBA;Henry Goyeneche Hormaza;PARTIDO ALIANZA SOCIAL INDEPENDIENTE ASI;1
PISBA;Irma Yineth Velandia Sandoval;PARTIDO CAMBIO RADICAL;1
PISBA;Jairo Pacheco Suarez;PARTIDO LIBERAL COLOMBIANO;1
PISBA;Jhon Fredy Garavito Cortes;PARTIDO SOCIAL DE UNIDAD NACIONAL  PARTIDO DE LA U;1
PISBA;Jose Leonidas Medina Cruz;PARTIDO SOCIAL DE UNIDAD NACIONAL  PARTIDO DE LA U;1
PISBA;Juddy Alexandra Jimenez Cuadros;PARTIDO SOCIAL DE UNIDAD NACIONAL  PARTIDO DE LA U;1
PISBA;Lizeth Paola Saade Fuentes;MOVIMIENTO ALTERNATIVO INDIGENA Y SOCIAL MAIS;1
PISBA;Maria Francia Blanco Pedroza;BOYACA DECENTE;1
PISBA;Movimiento Alternativo Indigena Y Social Mais;MOVIMIENTO ALTERNATIVO INDIGENA Y SOCIAL MAIS;1
PISBA;Nelsy Yolanda Rivera Ferrucho;BOYACA DECENTE;1
PISBA;Nereo Baron Tellez;MOVIMIENTO ALTERNATIVO INDIGENA Y SOCIAL MAIS;1
PISBA;Omar Fernando Valderrama Baez;PARTIDO CENTRO DEMOCRATICO;1
PISBA;Partido Social De Unidad Nacional  Partido De La U;PARTIDO SOCIAL DE UNIDAD NACIONAL  PARTIDO DE LA U;1
PISBA;Ricardo Alonso Rojas Sachica;PARTIDO ALIANZA VERDE;1
PISBA;Sandra Patricia Ricaurte Espinel;PARTIDO CAMBIO RADICAL;1
PISBA;Siervo Yesith Gonzalez Saavedra;PARTIDO CAMBIO RADICAL;1
PISBA;Yamir Oswaldo Lopez Peña;PARTIDO ALIANZA VERDE;1
PUERTO BOYACA;Luz Dary Sevillano Guerrero;PARTIDO ALIANZA VERDE;3222
PUERTO BOYACA;Norman De Jesus Quintero Gallego;PARTIDO CONSERVADOR COLOMBIANO;1266
PUERTO BOYACA;Luis Carlos Machado Zapata;PARTIDO LIBERAL COLOMBIANO;1071
PUERTO BOYACA;Partido Colombia Justa Libres;PARTIDO COLOMBIA JUSTA LIBRES;658
PUERTO BOYACA;Partido Alianza Verde;PARTIDO ALIANZA VERDE;587
PUERTO BOYACA;Estefany Johana Grajales Marin;MOVIMIENTO ALTERNATIVO INDIGENA Y SOCIAL MAIS;543
PUERTO BOYACA;Fernando Alexander Serrato Fonseca;PARTIDO LIBERAL COLOMBIANO;507
PUERTO BOYACA;Aura Lucia Ortiz Cardona;PARTIDO CENTRO DEMOCRATICO;420
PUERTO BOYACA;Luis Carlos Ochoa Pasachoa;PARTIDO ALIANZA VERDE;345
PUERTO BOYACA;Fabian Camilo Rojas Barrera;PARTIDO LIBERAL COLOMBIANO;339
PUERTO BOYACA;Yamir Oswaldo Lopez Peña;PARTIDO ALIANZA VERDE;330
PUERTO BOYACA;Partido Liberal Colombiano;PARTIDO LIBERAL COLOMBIANO;326
PUERTO BOYACA;Angela Patricia Velandia Novoa;PARTIDO ALIANZA VERDE;303
PUERTO BOYACA;Partido Cambio Radical;PARTIDO CAMBIO RADICAL;242
PUERTO BOYACA;Partido Centro Democratico;PARTIDO CENTRO DEMOCRATICO;231
PUERTO BOYACA;Partido Alianza Social Independiente Asi;PARTIDO ALIANZA SOCIAL INDEPENDIENTE ASI;199
PUERTO BOYACA;Jairo Pacheco Suarez;PARTIDO LIBERAL COLOMBIANO;191
PUERTO BOYACA;Johan Francisco Herrera Gualdron;PARTIDO ALIANZA VERDE;190
PUERTO BOYACA;Pedro Pablo Salas Hernandez;PARTIDO ALIANZA VERDE;181
PUERTO BOYACA;Gustavo Eduardo Castañeda Niño;PARTIDO ALIANZA VERDE;156
PUERTO BOYACA;Jose Wilmar Leal Abril;PARTIDO CAMBIO RADICAL;150
PUERTO BOYACA;Partido Social De Unidad Nacional  Partido De La U;PARTIDO SOCIAL DE UNIDAD NACIONAL  PARTIDO DE LA U;145
PUERTO BOYACA;Oscar Leonardo Montañez Sierra;PARTIDO CAMBIO RADICAL;144
PUERTO BOYACA;Jose Armando Quiñones Garzon;PARTIDO CENTRO DEMOCRATICO;137
PUERTO BOYACA;Wilton Fredy Castro Silva;PARTIDO ALIANZA VERDE;120
PUERTO BOYACA;Omar Fernando Valderrama Baez;PARTIDO CENTRO DEMOCRATICO;104
PUERTO BOYACA;Eliana Hasleidy Gamez Pinilla;PARTIDO CAMBIO RADICAL;102
PUERTO BOYACA;Hernando Arias Ochoa;PARTIDO ALIANZA SOCIAL INDEPENDIENTE ASI;100
PUERTO BOYACA;Hector Josue Camacho Acosta;PARTIDO CENTRO DEMOCRATICO;99
PUERTO BOYACA;Alfredo Horacio Correa Higuera;PARTIDO CAMBIO RADICAL;98
PUERTO BOYACA;Partido Conservador Colombiano;PARTIDO CONSERVADOR COLOMBIANO;96
PUERTO BOYACA;Ingrid Marlen Sogamoso Alfonso;PARTIDO CENTRO DEMOCRATICO;91
PUERTO BOYACA;Jose Antonio Estupiñan Caceres;PARTIDO CONSERVADOR COLOMBIANO;91
PUERTO BOYACA;Pedro Humberto Vargas Gomez;PARTIDO LIBERAL COLOMBIANO;88
PUERTO BOYACA;Ricardo Alonso Rojas Sachica;PARTIDO ALIANZA VERDE;78
PUERTO BOYACA;Concha Jael Vargas Saavedra;PARTIDO CONSERVADOR COLOMBIANO;77
PUERTO BOYACA;Movimiento Alternativo Indigena Y Social Mais;MOVIMIENTO ALTERNATIVO INDIGENA Y SOCIAL MAIS;76
PUERTO BOYACA;Laura Patricia Contreras Alvarez;PARTIDO ALIANZA SOCIAL INDEPENDIENTE ASI;73
PUERTO BOYACA;Juan Camilo Morales Rodriguez;PARTIDO LIBERAL COLOMBIANO;72
PUERTO BOYACA;Willian David Pabon Jimenez;PARTIDO SOCIAL DE UNIDAD NACIONAL  PARTIDO DE LA U;69
PUERTO BOYACA;Wilkins Fernando Chaparro Cuervo;PARTIDO ALIANZA SOCIAL INDEPENDIENTE ASI;68
PUERTO BOYACA;Jhonnatan Jairo Avellaneda Mesa;MOVIMIENTO ALTERNATIVO INDIGENA Y SOCIAL MAIS;64
PUERTO BOYACA;Merardo Vargas Roa;PARTIDO ALIANZA VERDE;64
PUERTO BOYACA;Nelson Mauricio Rodriguez Perez;PARTIDO CONSERVADOR COLOMBIANO;64
PUERTO BOYACA;Roman Hernando Ortega Hernandez;PARTIDO ALIANZA VERDE;64
PUERTO BOYACA;Jose Mauricio Buitrago Rivera;PARTIDO CAMBIO RADICAL;61
PUERTO BOYACA;Hugo Alveiro Rosas Romero;PARTIDO ALIANZA VERDE;60
PUERTO BOYACA;Sandra Patricia Contreras Soto;PARTIDO LIBERAL COLOMBIANO;59
PUERTO BOYACA;Anderson Joaquin Sanchez Ruiz;PARTIDO LIBERAL COLOMBIANO;57
PUERTO BOYACA;Wilder Ivan Suesca Ochoa;PARTIDO CENTRO DEMOCRATICO;54
PUERTO BOYACA;Yury Neill Diaz Aranguren;MOVIMIENTO ALTERNATIVO INDIGENA Y SOCIAL MAIS;53
PUERTO BOYACA;Armando Buitrago Acevedo;PARTIDO ALIANZA SOCIAL INDEPENDIENTE ASI;52
PUERTO BOYACA;Daniel Fernando Mejia Lozano;PARTIDO ALIANZA SOCIAL INDEPENDIENTE ASI;52
PUERTO BOYACA;William Rodolfo Mesa Avella;PARTIDO CENTRO DEMOCRATICO;51
PUERTO BOYACA;Nereo Baron Tellez;MOVIMIENTO ALTERNATIVO INDIGENA Y SOCIAL MAIS;50
PUERTO BOYACA;Alberto Enrique Murillo Sanchez;PARTIDO CAMBIO RADICAL;49
PUERTO BOYACA;Maira Adriana Zerda Gonzalez;PARTIDO ALIANZA VERDE;49
PUERTO BOYACA;Irma Yineth Velandia Sandoval;PARTIDO CAMBIO RADICAL;43
PUERTO BOYACA;Luisa Fernanda Rodriguez Alfonso;PARTIDO ALIANZA VERDE;42
PUERTO BOYACA;Cesar Augusto Mojica Bedoya;PARTIDO SOCIAL DE UNIDAD NACIONAL  PARTIDO DE LA U;40
PUERTO BOYACA;Mauricio Cadena Valero;PARTIDO CENTRO DEMOCRATICO;38
PUERTO BOYACA;Ricardo Andres Español Teatino;PARTIDO LIBERAL COLOMBIANO;38
PUERTO BOYACA;Omar Humberto Villamil Munevar;PARTIDO CONSERVADOR COLOMBIANO;37
PUERTO BOYACA;Edwin Andres Rodriguez Rodriguez;PARTIDO LIBERAL COLOMBIANO;36
PUERTO BOYACA;Jorge Marin Jerez Amado;PARTIDO LIBERAL COLOMBIANO;35
PUERTO BOYACA;Juddy Alexandra Jimenez Cuadros;PARTIDO SOCIAL DE UNIDAD NACIONAL  PARTIDO DE LA U;35
PUERTO BOYACA;Sergio Cabra Sierra;PARTIDO SOCIAL DE UNIDAD NACIONAL  PARTIDO DE LA U;35
PUERTO BOYACA;Manuel Ricardo Mesa Trujillo;PARTIDO SOCIAL DE UNIDAD NACIONAL  PARTIDO DE LA U;34
PUERTO BOYACA;Maria De Los Santos Salamanca Silva;PARTIDO ALIANZA VERDE;33
PUERTO BOYACA;Fredy Leonardo Rojas Vargas;PARTIDO CENTRO DEMOCRATICO;32
PUERTO BOYACA;Ivan Ricardo Pirachican Bernal;PARTIDO CONSERVADOR COLOMBIANO;32
PUERTO BOYACA;Neddy Esther Sandoval Figueredo;PARTIDO LIBERAL COLOMBIANO;32
PUERTO BOYACA;Elsa Marlen Manrique Pulgar;PARTIDO LIBERAL COLOMBIANO;30
PUERTO BOYACA;Jhon Fredy Garavito Cortes;PARTIDO SOCIAL DE UNIDAD NACIONAL  PARTIDO DE LA U;30
PUERTO BOYACA;Jose Dario Mahecha Castillo;PARTIDO CONSERVADOR COLOMBIANO;30
PUERTO BOYACA;Carlos Ernesto Torres Aguirre;PARTIDO CONSERVADOR COLOMBIANO;29
PUERTO BOYACA;Boyaca Decente;BOYACA DECENTE;28
PUERTO BOYACA;Katherin Tatiana Calderon Acosta;PARTIDO CENTRO DEMOCRATICO;28
PUERTO BOYACA;Orlando Florez Cuervo;PARTIDO CENTRO DEMOCRATICO;28
PUERTO BOYACA;Andres Mauricio Escarria Barraza;PARTIDO CAMBIO RADICAL;27
PUERTO BOYACA;Fredy Julian Castro Rodriguez;PARTIDO CENTRO DEMOCRATICO;27
PUERTO BOYACA;Antonio Ernesto Leguizamo Diaz;PARTIDO LIBERAL COLOMBIANO;26
PUERTO BOYACA;Jorge Eduardo Diaz Avendaño;MOVIMIENTO ALTERNATIVO INDIGENA Y SOCIAL MAIS;26
PUERTO BOYACA;Giovanna Del Pilar Soto Barreto;PARTIDO CAMBIO RADICAL;25
PUERTO BOYACA;Olga Niño Rojas;PARTIDO CENTRO DEMOCRATICO;25
PUERTO BOYACA;Fernando Augusto Diaz Saenz;PARTIDO CONSERVADOR COLOMBIANO;24
PUERTO BOYACA;Jairo Enrique Cabana Fonseca;PARTIDO ALIANZA VERDE;24
PUERTO BOYACA;Jorge Ignacio Lopez Barrera;BOYACA DECENTE;23
PUERTO BOYACA;Martha Ines Zipa Martinez;PARTIDO CAMBIO RADICAL;23
PUERTO BOYACA;Jorge Enrique Camacho Rodriguez;PARTIDO ALIANZA SOCIAL INDEPENDIENTE ASI;21
PUERTO BOYACA;Siervo Yesith Gonzalez Saavedra;PARTIDO CAMBIO RADICAL;21
PUERTO BOYACA;Adriana Paola Laverde Rodriguez;MOVIMIENTO ALTERNATIVO INDIGENA Y SOCIAL MAIS;20
PUERTO BOYACA;Erika Dayana Piragauta Rodriguez;PARTIDO LIBERAL COLOMBIANO;20
PUERTO BOYACA;Uldarico Javier Ramirez Chilito;MOVIMIENTO ALTERNATIVO INDIGENA Y SOCIAL MAIS;20
PUERTO BOYACA;Carlos Julian Diaz Franco;PARTIDO ALIANZA SOCIAL INDEPENDIENTE ASI;19
PUERTO BOYACA;Henry Goyeneche Hormaza;PARTIDO ALIANZA SOCIAL INDEPENDIENTE ASI;19
PUERTO BOYACA;John Fredy Lopez Mora;MOVIMIENTO ALTERNATIVO INDIGENA Y SOCIAL MAIS;19
PUERTO BOYACA;Jose Agustin Arias Millan;PARTIDO CENTRO DEMOCRATICO;19
PUERTO BOYACA;Alba Luz Becerra Becerra;PARTIDO ALIANZA SOCIAL INDEPENDIENTE ASI;18
PUERTO BOYACA;Alvaro Hernan Forero Hurtado;BOYACA DECENTE;18
PUERTO BOYACA;Ana Delia Avendaño Hernandez;PARTIDO LIBERAL COLOMBIANO;18
PUERTO BOYACA;Claudia Yaneth Avila Castillo;PARTIDO SOCIAL DE UNIDAD NACIONAL  PARTIDO DE LA U;17
PUERTO BOYACA;Luis Carlos Bernal Mesa;PARTIDO SOCIAL DE UNIDAD NACIONAL  PARTIDO DE LA U;17
PUERTO BOYACA;Angela Rocio Umaña Rojas;PARTIDO CONSERVADOR COLOMBIANO;16
PUERTO BOYACA;Eliana Maria Villate Fonseca;PARTIDO CONSERVADOR COLOMBIANO;16
PUERTO BOYACA;Jairo Correa Acevedo;MOVIMIENTO ALTERNATIVO INDIGENA Y SOCIAL MAIS;16
PUERTO BOYACA;Sonia Esperanza Lopez Barrera;PARTIDO CONSERVADOR COLOMBIANO;16
PUERTO BOYACA;Andrea Carolina Camargo Caro;MOVIMIENTO ALTERNATIVO INDIGENA Y SOCIAL MAIS;15
PUERTO BOYACA;Edgar Antulio Gonzalez Trujillo;BOYACA DECENTE;15
PUERTO BOYACA;Helver Ariel Avila Panche;PARTIDO CENTRO DEMOCRATICO;15
PUERTO BOYACA;Jaime Andres Gomez Gomez;PARTIDO CONSERVADOR COLOMBIANO;15
PUERTO BOYACA;Sandra Milena Ramirez Moreno;PARTIDO CAMBIO RADICAL;15
PUERTO BOYACA;Julieth Rocio Montañez Niño;PARTIDO ALIANZA SOCIAL INDEPENDIENTE ASI;14
PUERTO BOYACA;Segundo Fidel Salazar Gonzalez;PARTIDO SOCIAL DE UNIDAD NACIONAL  PARTIDO DE LA U;14
PUERTO BOYACA;David Santiago Ochoa Garcia;PARTIDO SOCIAL DE UNIDAD NACIONAL  PARTIDO DE LA U;12
PUERTO BOYACA;Pablo Antonio Zambrano Salamanca;PARTIDO CONSERVADOR COLOMBIANO;11
PUERTO BOYACA;Sandra Patricia Ricaurte Espinel;PARTIDO CAMBIO RADICAL;11
PUERTO BOYACA;Yadith Milena Martinez Farfan;PARTIDO CENTRO DEMOCRATICO;11
PUERTO BOYACA;Edwin Alfonso Perez Beltran;PARTIDO ALIANZA SOCIAL INDEPENDIENTE ASI;10
PUERTO BOYACA;Jose Leonidas Medina Cruz;PARTIDO SOCIAL DE UNIDAD NACIONAL  PARTIDO DE LA U;10
PUERTO BOYACA;David Santiago Diaz Guio;PARTIDO SOCIAL DE UNIDAD NACIONAL  PARTIDO DE LA U;9
PUERTO BOYACA;Ericka Leonor Amador Gamarra;PARTIDO SOCIAL DE UNIDAD NACIONAL  PARTIDO DE LA U;9
PUERTO BOYACA;Julian Guillermo Camargo Amortegui;MOVIMIENTO ALTERNATIVO INDIGENA Y SOCIAL MAIS;9
PUERTO BOYACA;Vivian Catherin Alvarez;PARTIDO ALIANZA SOCIAL INDEPENDIENTE ASI;9
PUERTO BOYACA;Carlos Alfredo Siza Blanco;PARTIDO CONSERVADOR COLOMBIANO;8
PUERTO BOYACA;Ana Adela Pulido Cuadros;PARTIDO CONSERVADOR COLOMBIANO;7
PUERTO BOYACA;Claudia Patricia Barrera Patiño;PARTIDO SOCIAL DE UNIDAD NACIONAL  PARTIDO DE LA U;7
PUERTO BOYACA;Flor Elba Velandia Cely;PARTIDO ALIANZA SOCIAL INDEPENDIENTE ASI;7
PUERTO BOYACA;Lizeth Paola Saade Fuentes;MOVIMIENTO ALTERNATIVO INDIGENA Y SOCIAL MAIS;7
PUERTO BOYACA;Mariev Bejarano Ospina;BOYACA DECENTE;6
PUERTO BOYACA;Ana Lucia Parra Monroy;PARTIDO SOCIAL DE UNIDAD NACIONAL  PARTIDO DE LA U;5
PUERTO BOYACA;Angela Magaly Garcia Rivera;MOVIMIENTO ALTERNATIVO INDIGENA Y SOCIAL MAIS;5
PUERTO BOYACA;Maria Francia Blanco Pedroza;BOYACA DECENTE;5
PUERTO BOYACA;Carlos Eduardo Vega Alvarez;BOYACA DECENTE;4
PUERTO BOYACA;David Alejandro Avila Cely;MOVIMIENTO ALTERNATIVO INDIGENA Y SOCIAL MAIS;4
PUERTO BOYACA;Fredy Enrique Segura Alonso;BOYACA DECENTE;4
PUERTO BOYACA;Carmen Liria Prieto Cortes;BOYACA DECENTE;3
PUERTO BOYACA;Kiliam Ernesto Gonzalez Forero;BOYACA DECENTE;3
PUERTO BOYACA;Gregorio Morales Tovar;BOYACA DECENTE;2
PUERTO BOYACA;Nelsy Yolanda Rivera Ferrucho;BOYACA DECENTE;2
PUERTO BOYACA;Victor Tulio Ramirez Gutierrez;BOYACA DECENTE;1
PUERTO BOYACA;William Chaparro Rodriguez;BOYACA DECENTE;1
QUIPAMA;Jose Dario Mahecha Castillo;PARTIDO CONSERVADOR COLOMBIANO;644
QUIPAMA;Yamir Oswaldo Lopez Peña;PARTIDO ALIANZA VERDE;245
QUIPAMA;Fernando Alexander Serrato Fonseca;PARTIDO LIBERAL COLOMBIANO;163
QUIPAMA;Luisa Fernanda Rodriguez Alfonso;PARTIDO ALIANZA VERDE;127
QUIPAMA;Partido Alianza Verde;PARTIDO ALIANZA VERDE;102
QUIPAMA;Partido Colombia Justa Libres;PARTIDO COLOMBIA JUSTA LIBRES;59
QUIPAMA;Concha Jael Vargas Saavedra;PARTIDO CONSERVADOR COLOMBIANO;52
QUIPAMA;William Rodolfo Mesa Avella;PARTIDO CENTRO DEMOCRATICO;47
QUIPAMA;Jose Agustin Arias Millan;PARTIDO CENTRO DEMOCRATICO;45
QUIPAMA;Anderson Joaquin Sanchez Ruiz;PARTIDO LIBERAL COLOMBIANO;43
QUIPAMA;Partido Conservador Colombiano;PARTIDO CONSERVADOR COLOMBIANO;38
QUIPAMA;Partido Liberal Colombiano;PARTIDO LIBERAL COLOMBIANO;34
QUIPAMA;Pedro Pablo Salas Hernandez;PARTIDO ALIANZA VERDE;34
QUIPAMA;Partido Alianza Social Independiente Asi;PARTIDO ALIANZA SOCIAL INDEPENDIENTE ASI;28
QUIPAMA;Hugo Alveiro Rosas Romero;PARTIDO ALIANZA VERDE;27
QUIPAMA;Jhon Fredy Garavito Cortes;PARTIDO SOCIAL DE UNIDAD NACIONAL  PARTIDO DE LA U;27
QUIPAMA;Carlos Julian Diaz Franco;PARTIDO ALIANZA SOCIAL INDEPENDIENTE ASI;24
QUIPAMA;Partido Centro Democratico;PARTIDO CENTRO DEMOCRATICO;24
QUIPAMA;Eliana Hasleidy Gamez Pinilla;PARTIDO CAMBIO RADICAL;23
QUIPAMA;Partido Cambio Radical;PARTIDO CAMBIO RADICAL;21
QUIPAMA;Armando Buitrago Acevedo;PARTIDO ALIANZA SOCIAL INDEPENDIENTE ASI;20
QUIPAMA;Partido Social De Unidad Nacional  Partido De La U;PARTIDO SOCIAL DE UNIDAD NACIONAL  PARTIDO DE LA U;20
QUIPAMA;Jose Armando Quiñones Garzon;PARTIDO CENTRO DEMOCRATICO;18
QUIPAMA;Angela Patricia Velandia Novoa;PARTIDO ALIANZA VERDE;17
QUIPAMA;Gustavo Eduardo Castañeda Niño;PARTIDO ALIANZA VERDE;17
QUIPAMA;Johan Francisco Herrera Gualdron;PARTIDO ALIANZA VERDE;17
QUIPAMA;Luis Carlos Ochoa Pasachoa;PARTIDO ALIANZA VERDE;17
QUIPAMA;Ana Adela Pulido Cuadros;PARTIDO CONSERVADOR COLOMBIANO;16
QUIPAMA;Jairo Pacheco Suarez;PARTIDO LIBERAL COLOMBIANO;15
QUIPAMA;Angela Rocio Umaña Rojas;PARTIDO CONSERVADOR COLOMBIANO;14
QUIPAMA;Hernando Arias Ochoa;PARTIDO ALIANZA SOCIAL INDEPENDIENTE ASI;14
QUIPAMA;Merardo Vargas Roa;PARTIDO ALIANZA VERDE;14
QUIPAMA;Ivan Ricardo Pirachican Bernal;PARTIDO CONSERVADOR COLOMBIANO;13
QUIPAMA;Juan Camilo Morales Rodriguez;PARTIDO LIBERAL COLOMBIANO;13
QUIPAMA;Luis Carlos Machado Zapata;PARTIDO LIBERAL COLOMBIANO;13
QUIPAMA;Oscar Leonardo Montañez Sierra;PARTIDO CAMBIO RADICAL;13
QUIPAMA;Luz Dary Sevillano Guerrero;PARTIDO ALIANZA VERDE;12
QUIPAMA;Maria De Los Santos Salamanca Silva;PARTIDO ALIANZA VERDE;12
QUIPAMA;Omar Fernando Valderrama Baez;PARTIDO CENTRO DEMOCRATICO;12
QUIPAMA;Uldarico Javier Ramirez Chilito;MOVIMIENTO ALTERNATIVO INDIGENA Y SOCIAL MAIS;12
QUIPAMA;Willian David Pabon Jimenez;PARTIDO SOCIAL DE UNIDAD NACIONAL  PARTIDO DE LA U;12
QUIPAMA;Fredy Julian Castro Rodriguez;PARTIDO CENTRO DEMOCRATICO;11
QUIPAMA;Hector Josue Camacho Acosta;PARTIDO CENTRO DEMOCRATICO;11
QUIPAMA;Ingrid Marlen Sogamoso Alfonso;PARTIDO CENTRO DEMOCRATICO;11
QUIPAMA;Jose Wilmar Leal Abril;PARTIDO CAMBIO RADICAL;11
QUIPAMA;Roman Hernando Ortega Hernandez;PARTIDO ALIANZA VERDE;11
QUIPAMA;Fernando Augusto Diaz Saenz;PARTIDO CONSERVADOR COLOMBIANO;10
QUIPAMA;Maira Adriana Zerda Gonzalez;PARTIDO ALIANZA VERDE;10
QUIPAMA;Ricardo Andres Español Teatino;PARTIDO LIBERAL COLOMBIANO;9
QUIPAMA;Jorge Enrique Camacho Rodriguez;PARTIDO ALIANZA SOCIAL INDEPENDIENTE ASI;8
QUIPAMA;Wilder Ivan Suesca Ochoa;PARTIDO CENTRO DEMOCRATICO;8
QUIPAMA;Neddy Esther Sandoval Figueredo;PARTIDO LIBERAL COLOMBIANO;7
QUIPAMA;Sergio Cabra Sierra;PARTIDO SOCIAL DE UNIDAD NACIONAL  PARTIDO DE LA U;7
QUIPAMA;Alberto Enrique Murillo Sanchez;PARTIDO CAMBIO RADICAL;6
QUIPAMA;Fabian Camilo Rojas Barrera;PARTIDO LIBERAL COLOMBIANO;6
QUIPAMA;Jhonnatan Jairo Avellaneda Mesa;MOVIMIENTO ALTERNATIVO INDIGENA Y SOCIAL MAIS;6
QUIPAMA;Movimiento Alternativo Indigena Y Social Mais;MOVIMIENTO ALTERNATIVO INDIGENA Y SOCIAL MAIS;6
QUIPAMA;Edwin Andres Rodriguez Rodriguez;PARTIDO LIBERAL COLOMBIANO;5
QUIPAMA;Jorge Marin Jerez Amado;PARTIDO LIBERAL COLOMBIANO;5
QUIPAMA;Jose Mauricio Buitrago Rivera;PARTIDO CAMBIO RADICAL;5
QUIPAMA;Martha Ines Zipa Martinez;PARTIDO CAMBIO RADICAL;5
QUIPAMA;Nelson Mauricio Rodriguez Perez;PARTIDO CONSERVADOR COLOMBIANO;5
QUIPAMA;Pablo Antonio Zambrano Salamanca;PARTIDO CONSERVADOR COLOMBIANO;5
QUIPAMA;Pedro Humberto Vargas Gomez;PARTIDO LIBERAL COLOMBIANO;5
QUIPAMA;Sandra Patricia Contreras Soto;PARTIDO LIBERAL COLOMBIANO;5
QUIPAMA;Wilkins Fernando Chaparro Cuervo;PARTIDO ALIANZA SOCIAL INDEPENDIENTE ASI;5
QUIPAMA;Boyaca Decente;BOYACA DECENTE;4
QUIPAMA;Carlos Ernesto Torres Aguirre;PARTIDO CONSERVADOR COLOMBIANO;4
QUIPAMA;Claudia Yaneth Avila Castillo;PARTIDO SOCIAL DE UNIDAD NACIONAL  PARTIDO DE LA U;4
QUIPAMA;Elsa Marlen Manrique Pulgar;PARTIDO LIBERAL COLOMBIANO;4
QUIPAMA;John Fredy Lopez Mora;MOVIMIENTO ALTERNATIVO INDIGENA Y SOCIAL MAIS;4
QUIPAMA;Juddy Alexandra Jimenez Cuadros;PARTIDO SOCIAL DE UNIDAD NACIONAL  PARTIDO DE LA U;4
QUIPAMA;Mariev Bejarano Ospina;BOYACA DECENTE;4
QUIPAMA;Orlando Florez Cuervo;PARTIDO CENTRO DEMOCRATICO;4
QUIPAMA;Ricardo Alonso Rojas Sachica;PARTIDO ALIANZA VERDE;4
QUIPAMA;Sandra Milena Ramirez Moreno;PARTIDO CAMBIO RADICAL;4
QUIPAMA;Wilton Fredy Castro Silva;PARTIDO ALIANZA VERDE;4
QUIPAMA;Yury Neill Diaz Aranguren;MOVIMIENTO ALTERNATIVO INDIGENA Y SOCIAL MAIS;4
QUIPAMA;Alfredo Horacio Correa Higuera;PARTIDO CAMBIO RADICAL;3
QUIPAMA;Carlos Alfredo Siza Blanco;PARTIDO CONSERVADOR COLOMBIANO;3
QUIPAMA;Eliana Maria Villate Fonseca;PARTIDO CONSERVADOR COLOMBIANO;3
QUIPAMA;Fredy Leonardo Rojas Vargas;PARTIDO CENTRO DEMOCRATICO;3
QUIPAMA;Jaime Andres Gomez Gomez;PARTIDO CONSERVADOR COLOMBIANO;3
QUIPAMA;Jose Antonio Estupiñan Caceres;PARTIDO CONSERVADOR COLOMBIANO;3
QUIPAMA;Manuel Ricardo Mesa Trujillo;PARTIDO SOCIAL DE UNIDAD NACIONAL  PARTIDO DE LA U;3
QUIPAMA;Mauricio Cadena Valero;PARTIDO CENTRO DEMOCRATICO;3
QUIPAMA;Omar Humberto Villamil Munevar;PARTIDO CONSERVADOR COLOMBIANO;3
QUIPAMA;Siervo Yesith Gonzalez Saavedra;PARTIDO CAMBIO RADICAL;3
QUIPAMA;Sonia Esperanza Lopez Barrera;PARTIDO CONSERVADOR COLOMBIANO;3
QUIPAMA;Alba Luz Becerra Becerra;PARTIDO ALIANZA SOCIAL INDEPENDIENTE ASI;2
QUIPAMA;Andres Mauricio Escarria Barraza;PARTIDO CAMBIO RADICAL;2
QUIPAMA;David Santiago Ochoa Garcia;PARTIDO SOCIAL DE UNIDAD NACIONAL  PARTIDO DE LA U;2
QUIPAMA;Edwin Alfonso Perez Beltran;PARTIDO ALIANZA SOCIAL INDEPENDIENTE ASI;2
QUIPAMA;Erika Dayana Piragauta Rodriguez;PARTIDO LIBERAL COLOMBIANO;2
QUIPAMA;Flor Elba Velandia Cely;PARTIDO ALIANZA SOCIAL INDEPENDIENTE ASI;2
QUIPAMA;Jairo Correa Acevedo;MOVIMIENTO ALTERNATIVO INDIGENA Y SOCIAL MAIS;2
QUIPAMA;Katherin Tatiana Calderon Acosta;PARTIDO CENTRO DEMOCRATICO;2
QUIPAMA;Laura Patricia Contreras Alvarez;PARTIDO ALIANZA SOCIAL INDEPENDIENTE ASI;2
QUIPAMA;Nereo Baron Tellez;MOVIMIENTO ALTERNATIVO INDIGENA Y SOCIAL MAIS;2
QUIPAMA;Adriana Paola Laverde Rodriguez;MOVIMIENTO ALTERNATIVO INDIGENA Y SOCIAL MAIS;1
QUIPAMA;Alvaro Hernan Forero Hurtado;BOYACA DECENTE;1
QUIPAMA;Ana Lucia Parra Monroy;PARTIDO SOCIAL DE UNIDAD NACIONAL  PARTIDO DE LA U;1
QUIPAMA;Angela Magaly Garcia Rivera;MOVIMIENTO ALTERNATIVO INDIGENA Y SOCIAL MAIS;1
QUIPAMA;Aura Lucia Ortiz Cardona;PARTIDO CENTRO DEMOCRATICO;1
QUIPAMA;Carmen Liria Prieto Cortes;BOYACA DECENTE;1
QUIPAMA;Cesar Augusto Mojica Bedoya;PARTIDO SOCIAL DE UNIDAD NACIONAL  PARTIDO DE LA U;1
QUIPAMA;Daniel Fernando Mejia Lozano;PARTIDO ALIANZA SOCIAL INDEPENDIENTE ASI;1
QUIPAMA;Edgar Antulio Gonzalez Trujillo;BOYACA DECENTE;1
QUIPAMA;Ericka Leonor Amador Gamarra;PARTIDO SOCIAL DE UNIDAD NACIONAL  PARTIDO DE LA U;1
QUIPAMA;Estefany Johana Grajales Marin;MOVIMIENTO ALTERNATIVO INDIGENA Y SOCIAL MAIS;1
QUIPAMA;Fredy Enrique Segura Alonso;BOYACA DECENTE;1
QUIPAMA;Irma Yineth Velandia Sandoval;PARTIDO CAMBIO RADICAL;1
QUIPAMA;Jorge Eduardo Diaz Avendaño;MOVIMIENTO ALTERNATIVO INDIGENA Y SOCIAL MAIS;1
QUIPAMA;Jorge Ignacio Lopez Barrera;BOYACA DECENTE;1
QUIPAMA;Lizeth Paola Saade Fuentes;MOVIMIENTO ALTERNATIVO INDIGENA Y SOCIAL MAIS;1
QUIPAMA;Olga Niño Rojas;PARTIDO CENTRO DEMOCRATICO;1
QUIPAMA;Segundo Fidel Salazar Gonzalez;PARTIDO SOCIAL DE UNIDAD NACIONAL  PARTIDO DE LA U;1
QUIPAMA;Vivian Catherin Alvarez;PARTIDO ALIANZA SOCIAL INDEPENDIENTE ASI;1
QUIPAMA;Yadith Milena Martinez Farfan;PARTIDO CENTRO DEMOCRATICO;1
RAMIRIQUI;Jose Agustin Arias Millan;PARTIDO CENTRO DEMOCRATICO;1752
RAMIRIQUI;Ana Adela Pulido Cuadros;PARTIDO CONSERVADOR COLOMBIANO;1140
RAMIRIQUI;Fabian Camilo Rojas Barrera;PARTIDO LIBERAL COLOMBIANO;226
RAMIRIQUI;Erika Dayana Piragauta Rodriguez;PARTIDO LIBERAL COLOMBIANO;156
RAMIRIQUI;Hugo Alveiro Rosas Romero;PARTIDO ALIANZA VERDE;136
RAMIRIQUI;Martha Ines Zipa Martinez;PARTIDO CAMBIO RADICAL;135
RAMIRIQUI;Gustavo Eduardo Castañeda Niño;PARTIDO ALIANZA VERDE;125
RAMIRIQUI;Aura Lucia Ortiz Cardona;PARTIDO CENTRO DEMOCRATICO;89
RAMIRIQUI;Partido Liberal Colombiano;PARTIDO LIBERAL COLOMBIANO;88
RAMIRIQUI;Anderson Joaquin Sanchez Ruiz;PARTIDO LIBERAL COLOMBIANO;81
RAMIRIQUI;Fernando Alexander Serrato Fonseca;PARTIDO LIBERAL COLOMBIANO;73
RAMIRIQUI;Partido Conservador Colombiano;PARTIDO CONSERVADOR COLOMBIANO;65
RAMIRIQUI;Partido Centro Democratico;PARTIDO CENTRO DEMOCRATICO;62
RAMIRIQUI;Jhonnatan Jairo Avellaneda Mesa;MOVIMIENTO ALTERNATIVO INDIGENA Y SOCIAL MAIS;47
RAMIRIQUI;Jose Dario Mahecha Castillo;PARTIDO CONSERVADOR COLOMBIANO;45
RAMIRIQUI;William Rodolfo Mesa Avella;PARTIDO CENTRO DEMOCRATICO;45
RAMIRIQUI;Luisa Fernanda Rodriguez Alfonso;PARTIDO ALIANZA VERDE;43
RAMIRIQUI;Juan Camilo Morales Rodriguez;PARTIDO LIBERAL COLOMBIANO;40
RAMIRIQUI;Jose Antonio Estupiñan Caceres;PARTIDO CONSERVADOR COLOMBIANO;38
RAMIRIQUI;Partido Alianza Verde;PARTIDO ALIANZA VERDE;38
RAMIRIQUI;Alberto Enrique Murillo Sanchez;PARTIDO CAMBIO RADICAL;35
RAMIRIQUI;Claudia Patricia Barrera Patiño;PARTIDO SOCIAL DE UNIDAD NACIONAL  PARTIDO DE LA U;35
RAMIRIQUI;Yamir Oswaldo Lopez Peña;PARTIDO ALIANZA VERDE;33
RAMIRIQUI;Jairo Pacheco Suarez;PARTIDO LIBERAL COLOMBIANO;31
RAMIRIQUI;Ivan Ricardo Pirachican Bernal;PARTIDO CONSERVADOR COLOMBIANO;30
RAMIRIQUI;Luis Carlos Machado Zapata;PARTIDO LIBERAL COLOMBIANO;28
RAMIRIQUI;Concha Jael Vargas Saavedra;PARTIDO CONSERVADOR COLOMBIANO;27
RAMIRIQUI;Movimiento Alternativo Indigena Y Social Mais;MOVIMIENTO ALTERNATIVO INDIGENA Y SOCIAL MAIS;24
RAMIRIQUI;Partido Cambio Radical;PARTIDO CAMBIO RADICAL;24
RAMIRIQUI;Omar Fernando Valderrama Baez;PARTIDO CENTRO DEMOCRATICO;22
RAMIRIQUI;Angela Patricia Velandia Novoa;PARTIDO ALIANZA VERDE;21
RAMIRIQUI;Estefany Johana Grajales Marin;MOVIMIENTO ALTERNATIVO INDIGENA Y SOCIAL MAIS;20
RAMIRIQUI;Jairo Enrique Cabana Fonseca;PARTIDO ALIANZA VERDE;20
RAMIRIQUI;Nelson Mauricio Rodriguez Perez;PARTIDO CONSERVADOR COLOMBIANO;20
RAMIRIQUI;Angela Rocio Umaña Rojas;PARTIDO CONSERVADOR COLOMBIANO;19
RAMIRIQUI;Pedro Pablo Salas Hernandez;PARTIDO ALIANZA VERDE;18
RAMIRIQUI;Sonia Esperanza Lopez Barrera;PARTIDO CONSERVADOR COLOMBIANO;18
RAMIRIQUI;Wilder Ivan Suesca Ochoa;PARTIDO CENTRO DEMOCRATICO;18
RAMIRIQUI;Jose Wilmar Leal Abril;PARTIDO CAMBIO RADICAL;17
RAMIRIQUI;Maria De Los Santos Salamanca Silva;PARTIDO ALIANZA VERDE;16
RAMIRIQUI;Oscar Leonardo Montañez Sierra;PARTIDO CAMBIO RADICAL;16
RAMIRIQUI;Partido Colombia Justa Libres;PARTIDO COLOMBIA JUSTA LIBRES;16
RAMIRIQUI;Partido Social De Unidad Nacional  Partido De La U;PARTIDO SOCIAL DE UNIDAD NACIONAL  PARTIDO DE LA U;15
RAMIRIQUI;Ricardo Andres Español Teatino;PARTIDO LIBERAL COLOMBIANO;15
RAMIRIQUI;Alfredo Horacio Correa Higuera;PARTIDO CAMBIO RADICAL;14
RAMIRIQUI;Neddy Esther Sandoval Figueredo;PARTIDO LIBERAL COLOMBIANO;14
RAMIRIQUI;Antonio Ernesto Leguizamo Diaz;PARTIDO LIBERAL COLOMBIANO;13
RAMIRIQUI;Carlos Julian Diaz Franco;PARTIDO ALIANZA SOCIAL INDEPENDIENTE ASI;13
RAMIRIQUI;Carlos Alfredo Siza Blanco;PARTIDO CONSERVADOR COLOMBIANO;12
RAMIRIQUI;Carlos Ernesto Torres Aguirre;PARTIDO CONSERVADOR COLOMBIANO;12
RAMIRIQUI;Helver Ariel Avila Panche;PARTIDO CENTRO DEMOCRATICO;12
RAMIRIQUI;Merardo Vargas Roa;PARTIDO ALIANZA VERDE;12
RAMIRIQUI;Ricardo Alonso Rojas Sachica;PARTIDO ALIANZA VERDE;12
RAMIRIQUI;Fredy Julian Castro Rodriguez;PARTIDO CENTRO DEMOCRATICO;11
RAMIRIQUI;Ingrid Marlen Sogamoso Alfonso;PARTIDO CENTRO DEMOCRATICO;11
RAMIRIQUI;Johan Francisco Herrera Gualdron;PARTIDO ALIANZA VERDE;11
RAMIRIQUI;Jorge Marin Jerez Amado;PARTIDO LIBERAL COLOMBIANO;11
RAMIRIQUI;Mauricio Cadena Valero;PARTIDO CENTRO DEMOCRATICO;11
RAMIRIQUI;Olga Niño Rojas;PARTIDO CENTRO DEMOCRATICO;11
RAMIRIQUI;Pedro Humberto Vargas Gomez;PARTIDO LIBERAL COLOMBIANO;11
RAMIRIQUI;Sandra Patricia Contreras Soto;PARTIDO LIBERAL COLOMBIANO;11
RAMIRIQUI;Edwin Alfonso Perez Beltran;PARTIDO ALIANZA SOCIAL INDEPENDIENTE ASI;10
RAMIRIQUI;Yury Neill Diaz Aranguren;MOVIMIENTO ALTERNATIVO INDIGENA Y SOCIAL MAIS;10
RAMIRIQUI;Jose Armando Quiñones Garzon;PARTIDO CENTRO DEMOCRATICO;9
RAMIRIQUI;Pablo Antonio Zambrano Salamanca;PARTIDO CONSERVADOR COLOMBIANO;9
RAMIRIQUI;Armando Buitrago Acevedo;PARTIDO ALIANZA SOCIAL INDEPENDIENTE ASI;8
RAMIRIQUI;David Santiago Ochoa Garcia;PARTIDO SOCIAL DE UNIDAD NACIONAL  PARTIDO DE LA U;8
RAMIRIQUI;Katherin Tatiana Calderon Acosta;PARTIDO CENTRO DEMOCRATICO;8
RAMIRIQUI;Uldarico Javier Ramirez Chilito;MOVIMIENTO ALTERNATIVO INDIGENA Y SOCIAL MAIS;8
RAMIRIQUI;Luis Carlos Ochoa Pasachoa;PARTIDO ALIANZA VERDE;7
RAMIRIQUI;Nereo Baron Tellez;MOVIMIENTO ALTERNATIVO INDIGENA Y SOCIAL MAIS;7
RAMIRIQUI;Norman De Jesus Quintero Gallego;PARTIDO CONSERVADOR COLOMBIANO;7
RAMIRIQUI;Omar Humberto Villamil Munevar;PARTIDO CONSERVADOR COLOMBIANO;7
RAMIRIQUI;Partido Alianza Social Independiente Asi;PARTIDO ALIANZA SOCIAL INDEPENDIENTE ASI;7
RAMIRIQUI;Ana Delia Avendaño Hernandez;PARTIDO LIBERAL COLOMBIANO;6
RAMIRIQUI;Eliana Maria Villate Fonseca;PARTIDO CONSERVADOR COLOMBIANO;6
RAMIRIQUI;Hector Josue Camacho Acosta;PARTIDO CENTRO DEMOCRATICO;6
RAMIRIQUI;John Fredy Lopez Mora;MOVIMIENTO ALTERNATIVO INDIGENA Y SOCIAL MAIS;6
RAMIRIQUI;Wilton Fredy Castro Silva;PARTIDO ALIANZA VERDE;6
RAMIRIQUI;Eliana Hasleidy Gamez Pinilla;PARTIDO CAMBIO RADICAL;5
RAMIRIQUI;Jaime Andres Gomez Gomez;PARTIDO CONSERVADOR COLOMBIANO;5
RAMIRIQUI;Mariev Bejarano Ospina;BOYACA DECENTE;5
RAMIRIQUI;Wilkins Fernando Chaparro Cuervo;PARTIDO ALIANZA SOCIAL INDEPENDIENTE ASI;5
RAMIRIQUI;William Chaparro Rodriguez;BOYACA DECENTE;5
RAMIRIQUI;Alvaro Hernan Forero Hurtado;BOYACA DECENTE;4
RAMIRIQUI;Edgar Antulio Gonzalez Trujillo;BOYACA DECENTE;4
RAMIRIQUI;Elsa Marlen Manrique Pulgar;PARTIDO LIBERAL COLOMBIANO;4
RAMIRIQUI;Ericka Leonor Amador Gamarra;PARTIDO SOCIAL DE UNIDAD NACIONAL  PARTIDO DE LA U;4
RAMIRIQUI;Irma Yineth Velandia Sandoval;PARTIDO CAMBIO RADICAL;4
RAMIRIQUI;Jairo Correa Acevedo;MOVIMIENTO ALTERNATIVO INDIGENA Y SOCIAL MAIS;4
RAMIRIQUI;Jorge Eduardo Diaz Avendaño;MOVIMIENTO ALTERNATIVO INDIGENA Y SOCIAL MAIS;4
RAMIRIQUI;Maira Adriana Zerda Gonzalez;PARTIDO ALIANZA VERDE;4
RAMIRIQUI;Sergio Cabra Sierra;PARTIDO SOCIAL DE UNIDAD NACIONAL  PARTIDO DE LA U;4
RAMIRIQUI;Siervo Yesith Gonzalez Saavedra;PARTIDO CAMBIO RADICAL;4
RAMIRIQUI;Alba Luz Becerra Becerra;PARTIDO ALIANZA SOCIAL INDEPENDIENTE ASI;3
RAMIRIQUI;Ana Lucia Parra Monroy;PARTIDO SOCIAL DE UNIDAD NACIONAL  PARTIDO DE LA U;3
RAMIRIQUI;Andrea Carolina Camargo Caro;MOVIMIENTO ALTERNATIVO INDIGENA Y SOCIAL MAIS;3
RAMIRIQUI;Andres Mauricio Escarria Barraza;PARTIDO CAMBIO RADICAL;3
RAMIRIQUI;Angela Magaly Garcia Rivera;MOVIMIENTO ALTERNATIVO INDIGENA Y SOCIAL MAIS;3
RAMIRIQUI;David Alejandro Avila Cely;MOVIMIENTO ALTERNATIVO INDIGENA Y SOCIAL MAIS;3
RAMIRIQUI;Edwin Andres Rodriguez Rodriguez;PARTIDO LIBERAL COLOMBIANO;3
RAMIRIQUI;Giovanna Del Pilar Soto Barreto;PARTIDO CAMBIO RADICAL;3
RAMIRIQUI;Jose Mauricio Buitrago Rivera;PARTIDO CAMBIO RADICAL;3
RAMIRIQUI;Luz Dary Sevillano Guerrero;PARTIDO ALIANZA VERDE;3
RAMIRIQUI;Sandra Milena Ramirez Moreno;PARTIDO CAMBIO RADICAL;3
RAMIRIQUI;Willian David Pabon Jimenez;PARTIDO SOCIAL DE UNIDAD NACIONAL  PARTIDO DE LA U;3
RAMIRIQUI;Yadith Milena Martinez Farfan;PARTIDO CENTRO DEMOCRATICO;3
RAMIRIQUI;Adriana Paola Laverde Rodriguez;MOVIMIENTO ALTERNATIVO INDIGENA Y SOCIAL MAIS;2
RAMIRIQUI;Boyaca Decente;BOYACA DECENTE;2
RAMIRIQUI;David Santiago Diaz Guio;PARTIDO SOCIAL DE UNIDAD NACIONAL  PARTIDO DE LA U;2
RAMIRIQUI;Hernando Arias Ochoa;PARTIDO ALIANZA SOCIAL INDEPENDIENTE ASI;2
RAMIRIQUI;Laura Patricia Contreras Alvarez;PARTIDO ALIANZA SOCIAL INDEPENDIENTE ASI;2
RAMIRIQUI;Luis Carlos Bernal Mesa;PARTIDO SOCIAL DE UNIDAD NACIONAL  PARTIDO DE LA U;2
RAMIRIQUI;Manuel Ricardo Mesa Trujillo;PARTIDO SOCIAL DE UNIDAD NACIONAL  PARTIDO DE LA U;2
RAMIRIQUI;Orlando Florez Cuervo;PARTIDO CENTRO DEMOCRATICO;2
RAMIRIQUI;Roman Hernando Ortega Hernandez;PARTIDO ALIANZA VERDE;2
RAMIRIQUI;Sandra Patricia Ricaurte Espinel;PARTIDO CAMBIO RADICAL;2
RAMIRIQUI;Carlos Eduardo Vega Alvarez;BOYACA DECENTE;1
RAMIRIQUI;Daniel Fernando Mejia Lozano;PARTIDO ALIANZA SOCIAL INDEPENDIENTE ASI;1
RAMIRIQUI;Fernando Augusto Diaz Saenz;PARTIDO CONSERVADOR COLOMBIANO;1
RAMIRIQUI;Flor Elba Velandia Cely;PARTIDO ALIANZA SOCIAL INDEPENDIENTE ASI;1
RAMIRIQUI;Fredy Enrique Segura Alonso;BOYACA DECENTE;1
RAMIRIQUI;Fredy Leonardo Rojas Vargas;PARTIDO CENTRO DEMOCRATICO;1
RAMIRIQUI;Gregorio Morales Tovar;BOYACA DECENTE;1
RAMIRIQUI;Henry Goyeneche Hormaza;PARTIDO ALIANZA SOCIAL INDEPENDIENTE ASI;1
RAMIRIQUI;Jhon Fredy Garavito Cortes;PARTIDO SOCIAL DE UNIDAD NACIONAL  PARTIDO DE LA U;1
RAMIRIQUI;Jorge Enrique Camacho Rodriguez;PARTIDO ALIANZA SOCIAL INDEPENDIENTE ASI;1
RAMIRIQUI;Jose Leonidas Medina Cruz;PARTIDO SOCIAL DE UNIDAD NACIONAL  PARTIDO DE LA U;1
RAMIRIQUI;Julian Guillermo Camargo Amortegui;MOVIMIENTO ALTERNATIVO INDIGENA Y SOCIAL MAIS;1
RAMIRIQUI;Nelsy Yolanda Rivera Ferrucho;BOYACA DECENTE;1
RAMIRIQUI;Segundo Fidel Salazar Gonzalez;PARTIDO SOCIAL DE UNIDAD NACIONAL  PARTIDO DE LA U;1
RAMIRIQUI;Vivian Catherin Alvarez;PARTIDO ALIANZA SOCIAL INDEPENDIENTE ASI;1
RAQUIRA;William Rodolfo Mesa Avella;PARTIDO CENTRO DEMOCRATICO;573
RAQUIRA;Yamir Oswaldo Lopez Peña;PARTIDO ALIANZA VERDE;406
RAQUIRA;Orlando Florez Cuervo;PARTIDO CENTRO DEMOCRATICO;173
RAQUIRA;Oscar Leonardo Montañez Sierra;PARTIDO CAMBIO RADICAL;118
RAQUIRA;Fernando Alexander Serrato Fonseca;PARTIDO LIBERAL COLOMBIANO;103
RAQUIRA;Jose Armando Quiñones Garzon;PARTIDO CENTRO DEMOCRATICO;98
RAQUIRA;Partido Alianza Verde;PARTIDO ALIANZA VERDE;98
RAQUIRA;Pedro Pablo Salas Hernandez;PARTIDO ALIANZA VERDE;79
RAQUIRA;Partido Centro Democratico;PARTIDO CENTRO DEMOCRATICO;71
RAQUIRA;Concha Jael Vargas Saavedra;PARTIDO CONSERVADOR COLOMBIANO;59
RAQUIRA;Hugo Alveiro Rosas Romero;PARTIDO ALIANZA VERDE;53
RAQUIRA;Angela Patricia Velandia Novoa;PARTIDO ALIANZA VERDE;52
RAQUIRA;Hector Josue Camacho Acosta;PARTIDO CENTRO DEMOCRATICO;52
RAQUIRA;Jorge Marin Jerez Amado;PARTIDO LIBERAL COLOMBIANO;47
RAQUIRA;Gustavo Eduardo Castañeda Niño;PARTIDO ALIANZA VERDE;46
RAQUIRA;Partido Cambio Radical;PARTIDO CAMBIO RADICAL;46
RAQUIRA;Johan Francisco Herrera Gualdron;PARTIDO ALIANZA VERDE;45
RAQUIRA;Jose Antonio Estupiñan Caceres;PARTIDO CONSERVADOR COLOMBIANO;44
RAQUIRA;Estefany Johana Grajales Marin;MOVIMIENTO ALTERNATIVO INDIGENA Y SOCIAL MAIS;37
RAQUIRA;Partido Liberal Colombiano;PARTIDO LIBERAL COLOMBIANO;32
RAQUIRA;Ivan Ricardo Pirachican Bernal;PARTIDO CONSERVADOR COLOMBIANO;30
RAQUIRA;Sandra Patricia Contreras Soto;PARTIDO LIBERAL COLOMBIANO;26
RAQUIRA;Juan Camilo Morales Rodriguez;PARTIDO LIBERAL COLOMBIANO;25
RAQUIRA;Omar Humberto Villamil Munevar;PARTIDO CONSERVADOR COLOMBIANO;25
RAQUIRA;Anderson Joaquin Sanchez Ruiz;PARTIDO LIBERAL COLOMBIANO;24
RAQUIRA;Ingrid Marlen Sogamoso Alfonso;PARTIDO CENTRO DEMOCRATICO;23
RAQUIRA;Partido Colombia Justa Libres;PARTIDO COLOMBIA JUSTA LIBRES;22
RAQUIRA;Fabian Camilo Rojas Barrera;PARTIDO LIBERAL COLOMBIANO;20
RAQUIRA;Jairo Pacheco Suarez;PARTIDO LIBERAL COLOMBIANO;20
RAQUIRA;Manuel Ricardo Mesa Trujillo;PARTIDO SOCIAL DE UNIDAD NACIONAL  PARTIDO DE LA U;19
RAQUIRA;Partido Social De Unidad Nacional  Partido De La U;PARTIDO SOCIAL DE UNIDAD NACIONAL  PARTIDO DE LA U;19
RAQUIRA;Ricardo Alonso Rojas Sachica;PARTIDO ALIANZA VERDE;19
RAQUIRA;Jhonnatan Jairo Avellaneda Mesa;MOVIMIENTO ALTERNATIVO INDIGENA Y SOCIAL MAIS;18
RAQUIRA;Siervo Yesith Gonzalez Saavedra;PARTIDO CAMBIO RADICAL;18
RAQUIRA;Omar Fernando Valderrama Baez;PARTIDO CENTRO DEMOCRATICO;17
RAQUIRA;Julieth Rocio Montañez Niño;PARTIDO ALIANZA SOCIAL INDEPENDIENTE ASI;16
RAQUIRA;Alfredo Horacio Correa Higuera;PARTIDO CAMBIO RADICAL;15
RAQUIRA;Fredy Julian Castro Rodriguez;PARTIDO CENTRO DEMOCRATICO;15
RAQUIRA;Maria De Los Santos Salamanca Silva;PARTIDO ALIANZA VERDE;15
RAQUIRA;Mauricio Cadena Valero;PARTIDO CENTRO DEMOCRATICO;15
RAQUIRA;Olga Niño Rojas;PARTIDO CENTRO DEMOCRATICO;15
RAQUIRA;Partido Conservador Colombiano;PARTIDO CONSERVADOR COLOMBIANO;14
RAQUIRA;Jose Wilmar Leal Abril;PARTIDO CAMBIO RADICAL;13
RAQUIRA;Merardo Vargas Roa;PARTIDO ALIANZA VERDE;13
RAQUIRA;Yury Neill Diaz Aranguren;MOVIMIENTO ALTERNATIVO INDIGENA Y SOCIAL MAIS;12
RAQUIRA;Roman Hernando Ortega Hernandez;PARTIDO ALIANZA VERDE;11
RAQUIRA;Antonio Ernesto Leguizamo Diaz;PARTIDO LIBERAL COLOMBIANO;10
RAQUIRA;Fredy Leonardo Rojas Vargas;PARTIDO CENTRO DEMOCRATICO;10
RAQUIRA;Jose Dario Mahecha Castillo;PARTIDO CONSERVADOR COLOMBIANO;10
RAQUIRA;Luis Carlos Ochoa Pasachoa;PARTIDO ALIANZA VERDE;10
RAQUIRA;Luz Dary Sevillano Guerrero;PARTIDO ALIANZA VERDE;10
RAQUIRA;Segundo Fidel Salazar Gonzalez;PARTIDO SOCIAL DE UNIDAD NACIONAL  PARTIDO DE LA U;10
RAQUIRA;Fernando Augusto Diaz Saenz;PARTIDO CONSERVADOR COLOMBIANO;9
RAQUIRA;Hernando Arias Ochoa;PARTIDO ALIANZA SOCIAL INDEPENDIENTE ASI;9
RAQUIRA;Jose Mauricio Buitrago Rivera;PARTIDO CAMBIO RADICAL;9
RAQUIRA;Luis Carlos Machado Zapata;PARTIDO LIBERAL COLOMBIANO;9
RAQUIRA;Luisa Fernanda Rodriguez Alfonso;PARTIDO ALIANZA VERDE;9
RAQUIRA;Movimiento Alternativo Indigena Y Social Mais;MOVIMIENTO ALTERNATIVO INDIGENA Y SOCIAL MAIS;9
RAQUIRA;Yadith Milena Martinez Farfan;PARTIDO CENTRO DEMOCRATICO;9
RAQUIRA;Elsa Marlen Manrique Pulgar;PARTIDO LIBERAL COLOMBIANO;8
RAQUIRA;Irma Yineth Velandia Sandoval;PARTIDO CAMBIO RADICAL;8
RAQUIRA;Jose Agustin Arias Millan;PARTIDO CENTRO DEMOCRATICO;8
RAQUIRA;Armando Buitrago Acevedo;PARTIDO ALIANZA SOCIAL INDEPENDIENTE ASI;7
RAQUIRA;Nelson Mauricio Rodriguez Perez;PARTIDO CONSERVADOR COLOMBIANO;7
RAQUIRA;Partido Alianza Social Independiente Asi;PARTIDO ALIANZA SOCIAL INDEPENDIENTE ASI;7
RAQUIRA;Willian David Pabon Jimenez;PARTIDO SOCIAL DE UNIDAD NACIONAL  PARTIDO DE LA U;7
RAQUIRA;Wilton Fredy Castro Silva;PARTIDO ALIANZA VERDE;7
RAQUIRA;Carlos Alfredo Siza Blanco;PARTIDO CONSERVADOR COLOMBIANO;6
RAQUIRA;David Santiago Ochoa Garcia;PARTIDO SOCIAL DE UNIDAD NACIONAL  PARTIDO DE LA U;6
RAQUIRA;Sonia Esperanza Lopez Barrera;PARTIDO CONSERVADOR COLOMBIANO;6
RAQUIRA;Carlos Ernesto Torres Aguirre;PARTIDO CONSERVADOR COLOMBIANO;5
RAQUIRA;Eliana Maria Villate Fonseca;PARTIDO CONSERVADOR COLOMBIANO;5
RAQUIRA;Ericka Leonor Amador Gamarra;PARTIDO SOCIAL DE UNIDAD NACIONAL  PARTIDO DE LA U;5
RAQUIRA;Nereo Baron Tellez;MOVIMIENTO ALTERNATIVO INDIGENA Y SOCIAL MAIS;5
RAQUIRA;Ricardo Andres Español Teatino;PARTIDO LIBERAL COLOMBIANO;5
RAQUIRA;Sandra Milena Ramirez Moreno;PARTIDO CAMBIO RADICAL;5
RAQUIRA;Alberto Enrique Murillo Sanchez;PARTIDO CAMBIO RADICAL;4
RAQUIRA;Ana Lucia Parra Monroy;PARTIDO SOCIAL DE UNIDAD NACIONAL  PARTIDO DE LA U;4
RAQUIRA;Aura Lucia Ortiz Cardona;PARTIDO CENTRO DEMOCRATICO;4
RAQUIRA;Boyaca Decente;BOYACA DECENTE;4
RAQUIRA;Eliana Hasleidy Gamez Pinilla;PARTIDO CAMBIO RADICAL;4
RAQUIRA;Neddy Esther Sandoval Figueredo;PARTIDO LIBERAL COLOMBIANO;4
RAQUIRA;Alba Luz Becerra Becerra;PARTIDO ALIANZA SOCIAL INDEPENDIENTE ASI;3
RAQUIRA;Helver Ariel Avila Panche;PARTIDO CENTRO DEMOCRATICO;3
RAQUIRA;Jairo Enrique Cabana Fonseca;PARTIDO ALIANZA VERDE;3
RAQUIRA;Jhon Fredy Garavito Cortes;PARTIDO SOCIAL DE UNIDAD NACIONAL  PARTIDO DE LA U;3
RAQUIRA;Maira Adriana Zerda Gonzalez;PARTIDO ALIANZA VERDE;3
RAQUIRA;Mariev Bejarano Ospina;BOYACA DECENTE;3
RAQUIRA;Sergio Cabra Sierra;PARTIDO SOCIAL DE UNIDAD NACIONAL  PARTIDO DE LA U;3
RAQUIRA;Uldarico Javier Ramirez Chilito;MOVIMIENTO ALTERNATIVO INDIGENA Y SOCIAL MAIS;3
RAQUIRA;Alvaro Hernan Forero Hurtado;BOYACA DECENTE;2
RAQUIRA;Ana Adela Pulido Cuadros;PARTIDO CONSERVADOR COLOMBIANO;2
RAQUIRA;Claudia Yaneth Avila Castillo;PARTIDO SOCIAL DE UNIDAD NACIONAL  PARTIDO DE LA U;2
RAQUIRA;Daniel Fernando Mejia Lozano;PARTIDO ALIANZA SOCIAL INDEPENDIENTE ASI;2
RAQUIRA;Julian Guillermo Camargo Amortegui;MOVIMIENTO ALTERNATIVO INDIGENA Y SOCIAL MAIS;2
RAQUIRA;Katherin Tatiana Calderon Acosta;PARTIDO CENTRO DEMOCRATICO;2
RAQUIRA;Martha Ines Zipa Martinez;PARTIDO CAMBIO RADICAL;2
RAQUIRA;Vivian Catherin Alvarez;PARTIDO ALIANZA SOCIAL INDEPENDIENTE ASI;2
RAQUIRA;Wilkins Fernando Chaparro Cuervo;PARTIDO ALIANZA SOCIAL INDEPENDIENTE ASI;2
RAQUIRA;Andrea Carolina Camargo Caro;MOVIMIENTO ALTERNATIVO INDIGENA Y SOCIAL MAIS;1
RAQUIRA;Andres Mauricio Escarria Barraza;PARTIDO CAMBIO RADICAL;1
RAQUIRA;Angela Rocio Umaña Rojas;PARTIDO CONSERVADOR COLOMBIANO;1
RAQUIRA;Carlos Julian Diaz Franco;PARTIDO ALIANZA SOCIAL INDEPENDIENTE ASI;1
RAQUIRA;Claudia Patricia Barrera Patiño;PARTIDO SOCIAL DE UNIDAD NACIONAL  PARTIDO DE LA U;1
RAQUIRA;Edwin Alfonso Perez Beltran;PARTIDO ALIANZA SOCIAL INDEPENDIENTE ASI;1
RAQUIRA;Erika Dayana Piragauta Rodriguez;PARTIDO LIBERAL COLOMBIANO;1
RAQUIRA;Giovanna Del Pilar Soto Barreto;PARTIDO CAMBIO RADICAL;1
RAQUIRA;Jairo Correa Acevedo;MOVIMIENTO ALTERNATIVO INDIGENA Y SOCIAL MAIS;1
RAQUIRA;John Fredy Lopez Mora;MOVIMIENTO ALTERNATIVO INDIGENA Y SOCIAL MAIS;1
RAQUIRA;Jorge Eduardo Diaz Avendaño;MOVIMIENTO ALTERNATIVO INDIGENA Y SOCIAL MAIS;1
RAQUIRA;Juddy Alexandra Jimenez Cuadros;PARTIDO SOCIAL DE UNIDAD NACIONAL  PARTIDO DE LA U;1
RAQUIRA;Luis Carlos Bernal Mesa;PARTIDO SOCIAL DE UNIDAD NACIONAL  PARTIDO DE LA U;1
RAQUIRA;Nelsy Yolanda Rivera Ferrucho;BOYACA DECENTE;1
RAQUIRA;Norman De Jesus Quintero Gallego;PARTIDO CONSERVADOR COLOMBIANO;1
RAQUIRA;Pedro Humberto Vargas Gomez;PARTIDO LIBERAL COLOMBIANO;1
RAQUIRA;Wilder Ivan Suesca Ochoa;PARTIDO CENTRO DEMOCRATICO;1
RONDON;Fabian Camilo Rojas Barrera;PARTIDO LIBERAL COLOMBIANO;447
RONDON;Edwin Alfonso Perez Beltran;PARTIDO ALIANZA SOCIAL INDEPENDIENTE ASI;256
RONDON;Manuel Ricardo Mesa Trujillo;PARTIDO SOCIAL DE UNIDAD NACIONAL  PARTIDO DE LA U;85
RONDON;Jose Agustin Arias Millan;PARTIDO CENTRO DEMOCRATICO;80
RONDON;Luis Carlos Ochoa Pasachoa;PARTIDO ALIANZA VERDE;60
RONDON;Jose Wilmar Leal Abril;PARTIDO CAMBIO RADICAL;40
RONDON;Wilder Ivan Suesca Ochoa;PARTIDO CENTRO DEMOCRATICO;34
RONDON;Hugo Alveiro Rosas Romero;PARTIDO ALIANZA VERDE;31
RONDON;Ivan Ricardo Pirachican Bernal;PARTIDO CONSERVADOR COLOMBIANO;29
RONDON;Jose Antonio Estupiñan Caceres;PARTIDO CONSERVADOR COLOMBIANO;29
RONDON;Merardo Vargas Roa;PARTIDO ALIANZA VERDE;25
RONDON;Jairo Pacheco Suarez;PARTIDO LIBERAL COLOMBIANO;22
RONDON;Mauricio Cadena Valero;PARTIDO CENTRO DEMOCRATICO;22
RONDON;Ana Adela Pulido Cuadros;PARTIDO CONSERVADOR COLOMBIANO;17
RONDON;Angela Patricia Velandia Novoa;PARTIDO ALIANZA VERDE;15
RONDON;Gustavo Eduardo Castañeda Niño;PARTIDO ALIANZA VERDE;15
RONDON;Hector Josue Camacho Acosta;PARTIDO CENTRO DEMOCRATICO;14
RONDON;Partido Social De Unidad Nacional  Partido De La U;PARTIDO SOCIAL DE UNIDAD NACIONAL  PARTIDO DE LA U;14
RONDON;Ericka Leonor Amador Gamarra;PARTIDO SOCIAL DE UNIDAD NACIONAL  PARTIDO DE LA U;13
RONDON;Giovanna Del Pilar Soto Barreto;PARTIDO CAMBIO RADICAL;13
RONDON;Luis Carlos Bernal Mesa;PARTIDO SOCIAL DE UNIDAD NACIONAL  PARTIDO DE LA U;13
RONDON;Partido Cambio Radical;PARTIDO CAMBIO RADICAL;13
RONDON;Partido Liberal Colombiano;PARTIDO LIBERAL COLOMBIANO;13
RONDON;Yamir Oswaldo Lopez Peña;PARTIDO ALIANZA VERDE;13
RONDON;Partido Alianza Verde;PARTIDO ALIANZA VERDE;12
RONDON;Wilkins Fernando Chaparro Cuervo;PARTIDO ALIANZA SOCIAL INDEPENDIENTE ASI;12
RONDON;Eliana Hasleidy Gamez Pinilla;PARTIDO CAMBIO RADICAL;11
RONDON;Fernando Alexander Serrato Fonseca;PARTIDO LIBERAL COLOMBIANO;11
RONDON;Alfredo Horacio Correa Higuera;PARTIDO CAMBIO RADICAL;10
RONDON;Anderson Joaquin Sanchez Ruiz;PARTIDO LIBERAL COLOMBIANO;10
RONDON;Armando Buitrago Acevedo;PARTIDO ALIANZA SOCIAL INDEPENDIENTE ASI;10
RONDON;Hernando Arias Ochoa;PARTIDO ALIANZA SOCIAL INDEPENDIENTE ASI;10
RONDON;Juan Camilo Morales Rodriguez;PARTIDO LIBERAL COLOMBIANO;10
RONDON;Ricardo Alonso Rojas Sachica;PARTIDO ALIANZA VERDE;10
RONDON;Concha Jael Vargas Saavedra;PARTIDO CONSERVADOR COLOMBIANO;9
RONDON;Martha Ines Zipa Martinez;PARTIDO CAMBIO RADICAL;9
RONDON;Neddy Esther Sandoval Figueredo;PARTIDO LIBERAL COLOMBIANO;9
RONDON;Oscar Leonardo Montañez Sierra;PARTIDO CAMBIO RADICAL;9
RONDON;Andres Mauricio Escarria Barraza;PARTIDO CAMBIO RADICAL;7
RONDON;Irma Yineth Velandia Sandoval;PARTIDO CAMBIO RADICAL;7
RONDON;Nelson Mauricio Rodriguez Perez;PARTIDO CONSERVADOR COLOMBIANO;7
RONDON;Omar Fernando Valderrama Baez;PARTIDO CENTRO DEMOCRATICO;7
RONDON;Partido Colombia Justa Libres;PARTIDO COLOMBIA JUSTA LIBRES;7
RONDON;Siervo Yesith Gonzalez Saavedra;PARTIDO CAMBIO RADICAL;7
RONDON;Luis Carlos Machado Zapata;PARTIDO LIBERAL COLOMBIANO;6
RONDON;Partido Alianza Social Independiente Asi;PARTIDO ALIANZA SOCIAL INDEPENDIENTE ASI;6
RONDON;Partido Conservador Colombiano;PARTIDO CONSERVADOR COLOMBIANO;6
RONDON;Sergio Cabra Sierra;PARTIDO SOCIAL DE UNIDAD NACIONAL  PARTIDO DE LA U;6
RONDON;William Rodolfo Mesa Avella;PARTIDO CENTRO DEMOCRATICO;6
RONDON;Antonio Ernesto Leguizamo Diaz;PARTIDO LIBERAL COLOMBIANO;5
RONDON;David Santiago Diaz Guio;PARTIDO SOCIAL DE UNIDAD NACIONAL  PARTIDO DE LA U;5
RONDON;Elsa Marlen Manrique Pulgar;PARTIDO LIBERAL COLOMBIANO;5
RONDON;Johan Francisco Herrera Gualdron;PARTIDO ALIANZA VERDE;5
RONDON;Jose Armando Quiñones Garzon;PARTIDO CENTRO DEMOCRATICO;5
RONDON;Olga Niño Rojas;PARTIDO CENTRO DEMOCRATICO;5
RONDON;Pedro Humberto Vargas Gomez;PARTIDO LIBERAL COLOMBIANO;5
RONDON;Angela Rocio Umaña Rojas;PARTIDO CONSERVADOR COLOMBIANO;4
RONDON;Cesar Augusto Mojica Bedoya;PARTIDO SOCIAL DE UNIDAD NACIONAL  PARTIDO DE LA U;4
RONDON;Jairo Enrique Cabana Fonseca;PARTIDO ALIANZA VERDE;4
RONDON;Jorge Enrique Camacho Rodriguez;PARTIDO ALIANZA SOCIAL INDEPENDIENTE ASI;4
RONDON;Jose Dario Mahecha Castillo;PARTIDO CONSERVADOR COLOMBIANO;4
RONDON;Juddy Alexandra Jimenez Cuadros;PARTIDO SOCIAL DE UNIDAD NACIONAL  PARTIDO DE LA U;4
RONDON;Laura Patricia Contreras Alvarez;PARTIDO ALIANZA SOCIAL INDEPENDIENTE ASI;4
RONDON;Willian David Pabon Jimenez;PARTIDO SOCIAL DE UNIDAD NACIONAL  PARTIDO DE LA U;4
RONDON;Alberto Enrique Murillo Sanchez;PARTIDO CAMBIO RADICAL;3
RONDON;Carlos Alfredo Siza Blanco;PARTIDO CONSERVADOR COLOMBIANO;3
RONDON;Claudia Patricia Barrera Patiño;PARTIDO SOCIAL DE UNIDAD NACIONAL  PARTIDO DE LA U;3
RONDON;Eliana Maria Villate Fonseca;PARTIDO CONSERVADOR COLOMBIANO;3
RONDON;Flor Elba Velandia Cely;PARTIDO ALIANZA SOCIAL INDEPENDIENTE ASI;3
RONDON;Ingrid Marlen Sogamoso Alfonso;PARTIDO CENTRO DEMOCRATICO;3
RONDON;Maira Adriana Zerda Gonzalez;PARTIDO ALIANZA VERDE;3
RONDON;Maria De Los Santos Salamanca Silva;PARTIDO ALIANZA VERDE;3
RONDON;Roman Hernando Ortega Hernandez;PARTIDO ALIANZA VERDE;3
RONDON;Sandra Milena Ramirez Moreno;PARTIDO CAMBIO RADICAL;3
RONDON;Ana Lucia Parra Monroy;PARTIDO SOCIAL DE UNIDAD NACIONAL  PARTIDO DE LA U;2
RONDON;Carlos Ernesto Torres Aguirre;PARTIDO CONSERVADOR COLOMBIANO;2
RONDON;Carlos Julian Diaz Franco;PARTIDO ALIANZA SOCIAL INDEPENDIENTE ASI;2
RONDON;Claudia Yaneth Avila Castillo;PARTIDO SOCIAL DE UNIDAD NACIONAL  PARTIDO DE LA U;2
RONDON;David Santiago Ochoa Garcia;PARTIDO SOCIAL DE UNIDAD NACIONAL  PARTIDO DE LA U;2
RONDON;Erika Dayana Piragauta Rodriguez;PARTIDO LIBERAL COLOMBIANO;2
RONDON;Estefany Johana Grajales Marin;MOVIMIENTO ALTERNATIVO INDIGENA Y SOCIAL MAIS;2
RONDON;Jhon Fredy Garavito Cortes;PARTIDO SOCIAL DE UNIDAD NACIONAL  PARTIDO DE LA U;2
RONDON;John Fredy Lopez Mora;MOVIMIENTO ALTERNATIVO INDIGENA Y SOCIAL MAIS;2
RONDON;Jose Mauricio Buitrago Rivera;PARTIDO CAMBIO RADICAL;2
RONDON;Luisa Fernanda Rodriguez Alfonso;PARTIDO ALIANZA VERDE;2
RONDON;Luz Dary Sevillano Guerrero;PARTIDO ALIANZA VERDE;2
RONDON;Partido Centro Democratico;PARTIDO CENTRO DEMOCRATICO;2
RONDON;Sandra Patricia Contreras Soto;PARTIDO LIBERAL COLOMBIANO;2
RONDON;Sonia Esperanza Lopez Barrera;PARTIDO CONSERVADOR COLOMBIANO;2
RONDON;Vivian Catherin Alvarez;PARTIDO ALIANZA SOCIAL INDEPENDIENTE ASI;2
RONDON;Wilton Fredy Castro Silva;PARTIDO ALIANZA VERDE;2
RONDON;Yadith Milena Martinez Farfan;PARTIDO CENTRO DEMOCRATICO;2
RONDON;Alvaro Hernan Forero Hurtado;BOYACA DECENTE;1
RONDON;Carmen Liria Prieto Cortes;BOYACA DECENTE;1
RONDON;Edwin Andres Rodriguez Rodriguez;PARTIDO LIBERAL COLOMBIANO;1
RONDON;Fredy Enrique Segura Alonso;BOYACA DECENTE;1
RONDON;Henry Goyeneche Hormaza;PARTIDO ALIANZA SOCIAL INDEPENDIENTE ASI;1
RONDON;Jairo Correa Acevedo;MOVIMIENTO ALTERNATIVO INDIGENA Y SOCIAL MAIS;1
RONDON;Jose Leonidas Medina Cruz;PARTIDO SOCIAL DE UNIDAD NACIONAL  PARTIDO DE LA U;1
RONDON;Julieth Rocio Montañez Niño;PARTIDO ALIANZA SOCIAL INDEPENDIENTE ASI;1
RONDON;Katherin Tatiana Calderon Acosta;PARTIDO CENTRO DEMOCRATICO;1
RONDON;Mariev Bejarano Ospina;BOYACA DECENTE;1
RONDON;Movimiento Alternativo Indigena Y Social Mais;MOVIMIENTO ALTERNATIVO INDIGENA Y SOCIAL MAIS;1
RONDON;Norman De Jesus Quintero Gallego;PARTIDO CONSERVADOR COLOMBIANO;1
RONDON;Omar Humberto Villamil Munevar;PARTIDO CONSERVADOR COLOMBIANO;1
RONDON;Pablo Antonio Zambrano Salamanca;PARTIDO CONSERVADOR COLOMBIANO;1
RONDON;Pedro Pablo Salas Hernandez;PARTIDO ALIANZA VERDE;1
RONDON;Ricardo Andres Español Teatino;PARTIDO LIBERAL COLOMBIANO;1
RONDON;Segundo Fidel Salazar Gonzalez;PARTIDO SOCIAL DE UNIDAD NACIONAL  PARTIDO DE LA U;1
SABOYA;Hugo Alveiro Rosas Romero;PARTIDO ALIANZA VERDE;1095
SABOYA;Jose Armando Quiñones Garzon;PARTIDO CENTRO DEMOCRATICO;712
SABOYA;Omar Humberto Villamil Munevar;PARTIDO CONSERVADOR COLOMBIANO;384
SABOYA;Fernando Alexander Serrato Fonseca;PARTIDO LIBERAL COLOMBIANO;302
SABOYA;Partido Alianza Verde;PARTIDO ALIANZA VERDE;255
SABOYA;Juan Camilo Morales Rodriguez;PARTIDO LIBERAL COLOMBIANO;180
SABOYA;Partido Liberal Colombiano;PARTIDO LIBERAL COLOMBIANO;168
SABOYA;Yamir Oswaldo Lopez Peña;PARTIDO ALIANZA VERDE;168
SABOYA;Gustavo Eduardo Castañeda Niño;PARTIDO ALIANZA VERDE;145
SABOYA;Hector Josue Camacho Acosta;PARTIDO CENTRO DEMOCRATICO;135
SABOYA;Jairo Pacheco Suarez;PARTIDO LIBERAL COLOMBIANO;135
SABOYA;Partido Conservador Colombiano;PARTIDO CONSERVADOR COLOMBIANO;129
SABOYA;Oscar Leonardo Montañez Sierra;PARTIDO CAMBIO RADICAL;105
SABOYA;Concha Jael Vargas Saavedra;PARTIDO CONSERVADOR COLOMBIANO;70
SABOYA;Jhonnatan Jairo Avellaneda Mesa;MOVIMIENTO ALTERNATIVO INDIGENA Y SOCIAL MAIS;63
SABOYA;Partido Centro Democratico;PARTIDO CENTRO DEMOCRATICO;57
SABOYA;Partido Colombia Justa Libres;PARTIDO COLOMBIA JUSTA LIBRES;55
SABOYA;Jose Antonio Estupiñan Caceres;PARTIDO CONSERVADOR COLOMBIANO;54
SABOYA;Partido Cambio Radical;PARTIDO CAMBIO RADICAL;54
SABOYA;Omar Fernando Valderrama Baez;PARTIDO CENTRO DEMOCRATICO;51
SABOYA;Luis Carlos Ochoa Pasachoa;PARTIDO ALIANZA VERDE;50
SABOYA;Cesar Augusto Mojica Bedoya;PARTIDO SOCIAL DE UNIDAD NACIONAL  PARTIDO DE LA U;45
SABOYA;Segundo Fidel Salazar Gonzalez;PARTIDO SOCIAL DE UNIDAD NACIONAL  PARTIDO DE LA U;41
SABOYA;Carlos Alfredo Siza Blanco;PARTIDO CONSERVADOR COLOMBIANO;40
SABOYA;Manuel Ricardo Mesa Trujillo;PARTIDO SOCIAL DE UNIDAD NACIONAL  PARTIDO DE LA U;39
SABOYA;Pedro Pablo Salas Hernandez;PARTIDO ALIANZA VERDE;38
SABOYA;Elsa Marlen Manrique Pulgar;PARTIDO LIBERAL COLOMBIANO;37
SABOYA;Fabian Camilo Rojas Barrera;PARTIDO LIBERAL COLOMBIANO;37
SABOYA;Merardo Vargas Roa;PARTIDO ALIANZA VERDE;36
SABOYA;Ricardo Alonso Rojas Sachica;PARTIDO ALIANZA VERDE;36
SABOYA;Pedro Humberto Vargas Gomez;PARTIDO LIBERAL COLOMBIANO;34
SABOYA;Willian David Pabon Jimenez;PARTIDO SOCIAL DE UNIDAD NACIONAL  PARTIDO DE LA U;34
SABOYA;Nelson Mauricio Rodriguez Perez;PARTIDO CONSERVADOR COLOMBIANO;31
SABOYA;Jairo Enrique Cabana Fonseca;PARTIDO ALIANZA VERDE;30
SABOYA;Neddy Esther Sandoval Figueredo;PARTIDO LIBERAL COLOMBIANO;28
SABOYA;Partido Social De Unidad Nacional  Partido De La U;PARTIDO SOCIAL DE UNIDAD NACIONAL  PARTIDO DE LA U;28
SABOYA;Ivan Ricardo Pirachican Bernal;PARTIDO CONSERVADOR COLOMBIANO;27
SABOYA;Luz Dary Sevillano Guerrero;PARTIDO ALIANZA VERDE;27
SABOYA;Ana Adela Pulido Cuadros;PARTIDO CONSERVADOR COLOMBIANO;25
SABOYA;Johan Francisco Herrera Gualdron;PARTIDO ALIANZA VERDE;25
SABOYA;Roman Hernando Ortega Hernandez;PARTIDO ALIANZA VERDE;25
SABOYA;Luis Carlos Machado Zapata;PARTIDO LIBERAL COLOMBIANO;24
SABOYA;Siervo Yesith Gonzalez Saavedra;PARTIDO CAMBIO RADICAL;24
SABOYA;William Rodolfo Mesa Avella;PARTIDO CENTRO DEMOCRATICO;24
SABOYA;Alberto Enrique Murillo Sanchez;PARTIDO CAMBIO RADICAL;23
SABOYA;Angela Patricia Velandia Novoa;PARTIDO ALIANZA VERDE;23
SABOYA;Jose Dario Mahecha Castillo;PARTIDO CONSERVADOR COLOMBIANO;23
SABOYA;Carlos Julian Diaz Franco;PARTIDO ALIANZA SOCIAL INDEPENDIENTE ASI;21
SABOYA;Jose Mauricio Buitrago Rivera;PARTIDO CAMBIO RADICAL;19
SABOYA;Jose Agustin Arias Millan;PARTIDO CENTRO DEMOCRATICO;18
SABOYA;Movimiento Alternativo Indigena Y Social Mais;MOVIMIENTO ALTERNATIVO INDIGENA Y SOCIAL MAIS;17
SABOYA;Yury Neill Diaz Aranguren;MOVIMIENTO ALTERNATIVO INDIGENA Y SOCIAL MAIS;17
SABOYA;Andres Mauricio Escarria Barraza;PARTIDO CAMBIO RADICAL;16
SABOYA;Ingrid Marlen Sogamoso Alfonso;PARTIDO CENTRO DEMOCRATICO;16
SABOYA;Norman De Jesus Quintero Gallego;PARTIDO CONSERVADOR COLOMBIANO;16
SABOYA;Ana Delia Avendaño Hernandez;PARTIDO LIBERAL COLOMBIANO;14
SABOYA;David Santiago Ochoa Garcia;PARTIDO SOCIAL DE UNIDAD NACIONAL  PARTIDO DE LA U;14
SABOYA;Erika Dayana Piragauta Rodriguez;PARTIDO LIBERAL COLOMBIANO;14
SABOYA;Jorge Marin Jerez Amado;PARTIDO LIBERAL COLOMBIANO;14
SABOYA;Ricardo Andres Español Teatino;PARTIDO LIBERAL COLOMBIANO;14
SABOYA;Jose Wilmar Leal Abril;PARTIDO CAMBIO RADICAL;13
SABOYA;Orlando Florez Cuervo;PARTIDO CENTRO DEMOCRATICO;13
SABOYA;Sandra Patricia Contreras Soto;PARTIDO LIBERAL COLOMBIANO;13
SABOYA;Alfredo Horacio Correa Higuera;PARTIDO CAMBIO RADICAL;12
SABOYA;Fredy Julian Castro Rodriguez;PARTIDO CENTRO DEMOCRATICO;12
SABOYA;Wilton Fredy Castro Silva;PARTIDO ALIANZA VERDE;12
SABOYA;Alvaro Hernan Forero Hurtado;BOYACA DECENTE;11
SABOYA;Eliana Maria Villate Fonseca;PARTIDO CONSERVADOR COLOMBIANO;11
SABOYA;Ericka Leonor Amador Gamarra;PARTIDO SOCIAL DE UNIDAD NACIONAL  PARTIDO DE LA U;11
SABOYA;Fernando Augusto Diaz Saenz;PARTIDO CONSERVADOR COLOMBIANO;11
SABOYA;Katherin Tatiana Calderon Acosta;PARTIDO CENTRO DEMOCRATICO;11
SABOYA;Maria De Los Santos Salamanca Silva;PARTIDO ALIANZA VERDE;11
SABOYA;Anderson Joaquin Sanchez Ruiz;PARTIDO LIBERAL COLOMBIANO;10
SABOYA;Estefany Johana Grajales Marin;MOVIMIENTO ALTERNATIVO INDIGENA Y SOCIAL MAIS;10
SABOYA;Hernando Arias Ochoa;PARTIDO ALIANZA SOCIAL INDEPENDIENTE ASI;10
SABOYA;Wilder Ivan Suesca Ochoa;PARTIDO CENTRO DEMOCRATICO;10
SABOYA;Yadith Milena Martinez Farfan;PARTIDO CENTRO DEMOCRATICO;10
SABOYA;Ana Lucia Parra Monroy;PARTIDO SOCIAL DE UNIDAD NACIONAL  PARTIDO DE LA U;9
SABOYA;Luisa Fernanda Rodriguez Alfonso;PARTIDO ALIANZA VERDE;9
SABOYA;Mariev Bejarano Ospina;BOYACA DECENTE;9
SABOYA;Olga Niño Rojas;PARTIDO CENTRO DEMOCRATICO;9
SABOYA;Sandra Milena Ramirez Moreno;PARTIDO CAMBIO RADICAL;9
SABOYA;Sandra Patricia Ricaurte Espinel;PARTIDO CAMBIO RADICAL;9
SABOYA;Angela Rocio Umaña Rojas;PARTIDO CONSERVADOR COLOMBIANO;8
SABOYA;Jhon Fredy Garavito Cortes;PARTIDO SOCIAL DE UNIDAD NACIONAL  PARTIDO DE LA U;8
SABOYA;Martha Ines Zipa Martinez;PARTIDO CAMBIO RADICAL;8
SABOYA;Partido Alianza Social Independiente Asi;PARTIDO ALIANZA SOCIAL INDEPENDIENTE ASI;8
SABOYA;John Fredy Lopez Mora;MOVIMIENTO ALTERNATIVO INDIGENA Y SOCIAL MAIS;6
SABOYA;Antonio Ernesto Leguizamo Diaz;PARTIDO LIBERAL COLOMBIANO;5
SABOYA;Carlos Ernesto Torres Aguirre;PARTIDO CONSERVADOR COLOMBIANO;5
SABOYA;David Santiago Diaz Guio;PARTIDO SOCIAL DE UNIDAD NACIONAL  PARTIDO DE LA U;5
SABOYA;Giovanna Del Pilar Soto Barreto;PARTIDO CAMBIO RADICAL;5
SABOYA;Irma Yineth Velandia Sandoval;PARTIDO CAMBIO RADICAL;5
SABOYA;Maira Adriana Zerda Gonzalez;PARTIDO ALIANZA VERDE;5
SABOYA;Nereo Baron Tellez;MOVIMIENTO ALTERNATIVO INDIGENA Y SOCIAL MAIS;5
SABOYA;Boyaca Decente;BOYACA DECENTE;4
SABOYA;Claudia Yaneth Avila Castillo;PARTIDO SOCIAL DE UNIDAD NACIONAL  PARTIDO DE LA U;4
SABOYA;David Alejandro Avila Cely;MOVIMIENTO ALTERNATIVO INDIGENA Y SOCIAL MAIS;4
SABOYA;Edwin Andres Rodriguez Rodriguez;PARTIDO LIBERAL COLOMBIANO;4
SABOYA;Jaime Andres Gomez Gomez;PARTIDO CONSERVADOR COLOMBIANO;4
SABOYA;Jorge Enrique Camacho Rodriguez;PARTIDO ALIANZA SOCIAL INDEPENDIENTE ASI;4
SABOYA;Mauricio Cadena Valero;PARTIDO CENTRO DEMOCRATICO;4
SABOYA;Sonia Esperanza Lopez Barrera;PARTIDO CONSERVADOR COLOMBIANO;4
SABOYA;Edwin Alfonso Perez Beltran;PARTIDO ALIANZA SOCIAL INDEPENDIENTE ASI;3
SABOYA;Eliana Hasleidy Gamez Pinilla;PARTIDO CAMBIO RADICAL;3
SABOYA;Flor Elba Velandia Cely;PARTIDO ALIANZA SOCIAL INDEPENDIENTE ASI;3
SABOYA;Fredy Leonardo Rojas Vargas;PARTIDO CENTRO DEMOCRATICO;3
SABOYA;Helver Ariel Avila Panche;PARTIDO CENTRO DEMOCRATICO;3
SABOYA;Pablo Antonio Zambrano Salamanca;PARTIDO CONSERVADOR COLOMBIANO;3
SABOYA;Uldarico Javier Ramirez Chilito;MOVIMIENTO ALTERNATIVO INDIGENA Y SOCIAL MAIS;3
SABOYA;Alba Luz Becerra Becerra;PARTIDO ALIANZA SOCIAL INDEPENDIENTE ASI;2
SABOYA;Andrea Carolina Camargo Caro;MOVIMIENTO ALTERNATIVO INDIGENA Y SOCIAL MAIS;2
SABOYA;Armando Buitrago Acevedo;PARTIDO ALIANZA SOCIAL INDEPENDIENTE ASI;2
SABOYA;Claudia Patricia Barrera Patiño;PARTIDO SOCIAL DE UNIDAD NACIONAL  PARTIDO DE LA U;2
SABOYA;Daniel Fernando Mejia Lozano;PARTIDO ALIANZA SOCIAL INDEPENDIENTE ASI;2
SABOYA;Edgar Antulio Gonzalez Trujillo;BOYACA DECENTE;2
SABOYA;Gregorio Morales Tovar;BOYACA DECENTE;2
SABOYA;Juddy Alexandra Jimenez Cuadros;PARTIDO SOCIAL DE UNIDAD NACIONAL  PARTIDO DE LA U;2
SABOYA;Julian Guillermo Camargo Amortegui;MOVIMIENTO ALTERNATIVO INDIGENA Y SOCIAL MAIS;2
SABOYA;Kiliam Ernesto Gonzalez Forero;BOYACA DECENTE;2
SABOYA;Vivian Catherin Alvarez;PARTIDO ALIANZA SOCIAL INDEPENDIENTE ASI;2
SABOYA;Adriana Paola Laverde Rodriguez;MOVIMIENTO ALTERNATIVO INDIGENA Y SOCIAL MAIS;1
SABOYA;Aura Lucia Ortiz Cardona;PARTIDO CENTRO DEMOCRATICO;1
SABOYA;Henry Goyeneche Hormaza;PARTIDO ALIANZA SOCIAL INDEPENDIENTE ASI;1
SABOYA;Jairo Correa Acevedo;MOVIMIENTO ALTERNATIVO INDIGENA Y SOCIAL MAIS;1
SABOYA;Jorge Eduardo Diaz Avendaño;MOVIMIENTO ALTERNATIVO INDIGENA Y SOCIAL MAIS;1
SABOYA;Jorge Ignacio Lopez Barrera;BOYACA DECENTE;1
SABOYA;Jose Leonidas Medina Cruz;PARTIDO SOCIAL DE UNIDAD NACIONAL  PARTIDO DE LA U;1
SABOYA;Julieth Rocio Montañez Niño;PARTIDO ALIANZA SOCIAL INDEPENDIENTE ASI;1
SABOYA;Laura Patricia Contreras Alvarez;PARTIDO ALIANZA SOCIAL INDEPENDIENTE ASI;1
SABOYA;Sergio Cabra Sierra;PARTIDO SOCIAL DE UNIDAD NACIONAL  PARTIDO DE LA U;1
SABOYA;William Chaparro Rodriguez;BOYACA DECENTE;1
SACHICA;Sergio Cabra Sierra;PARTIDO SOCIAL DE UNIDAD NACIONAL  PARTIDO DE LA U;584
SACHICA;Jorge Marin Jerez Amado;PARTIDO LIBERAL COLOMBIANO;223
SACHICA;Jairo Pacheco Suarez;PARTIDO LIBERAL COLOMBIANO;194
SACHICA;Fabian Camilo Rojas Barrera;PARTIDO LIBERAL COLOMBIANO;123
SACHICA;Yamir Oswaldo Lopez Peña;PARTIDO ALIANZA VERDE;123
SACHICA;Angela Patricia Velandia Novoa;PARTIDO ALIANZA VERDE;102
SACHICA;Jorge Eduardo Diaz Avendaño;MOVIMIENTO ALTERNATIVO INDIGENA Y SOCIAL MAIS;94
SACHICA;Jose Armando Quiñones Garzon;PARTIDO CENTRO DEMOCRATICO;93
SACHICA;Oscar Leonardo Montañez Sierra;PARTIDO CAMBIO RADICAL;84
SACHICA;Partido Alianza Verde;PARTIDO ALIANZA VERDE;49
SACHICA;Movimiento Alternativo Indigena Y Social Mais;MOVIMIENTO ALTERNATIVO INDIGENA Y SOCIAL MAIS;48
SACHICA;Partido Liberal Colombiano;PARTIDO LIBERAL COLOMBIANO;39
SACHICA;Hugo Alveiro Rosas Romero;PARTIDO ALIANZA VERDE;32
SACHICA;Johan Francisco Herrera Gualdron;PARTIDO ALIANZA VERDE;28
SACHICA;Yury Neill Diaz Aranguren;MOVIMIENTO ALTERNATIVO INDIGENA Y SOCIAL MAIS;26
SACHICA;Jhonnatan Jairo Avellaneda Mesa;MOVIMIENTO ALTERNATIVO INDIGENA Y SOCIAL MAIS;25
SACHICA;Partido Social De Unidad Nacional  Partido De La U;PARTIDO SOCIAL DE UNIDAD NACIONAL  PARTIDO DE LA U;25
SACHICA;Partido Colombia Justa Libres;PARTIDO COLOMBIA JUSTA LIBRES;24
SACHICA;Ivan Ricardo Pirachican Bernal;PARTIDO CONSERVADOR COLOMBIANO;23
SACHICA;Willian David Pabon Jimenez;PARTIDO SOCIAL DE UNIDAD NACIONAL  PARTIDO DE LA U;23
SACHICA;Hector Josue Camacho Acosta;PARTIDO CENTRO DEMOCRATICO;22
SACHICA;Juan Camilo Morales Rodriguez;PARTIDO LIBERAL COLOMBIANO;21
SACHICA;Estefany Johana Grajales Marin;MOVIMIENTO ALTERNATIVO INDIGENA Y SOCIAL MAIS;20
SACHICA;Cesar Augusto Mojica Bedoya;PARTIDO SOCIAL DE UNIDAD NACIONAL  PARTIDO DE LA U;18
SACHICA;Ricardo Alonso Rojas Sachica;PARTIDO ALIANZA VERDE;17
SACHICA;Nelson Mauricio Rodriguez Perez;PARTIDO CONSERVADOR COLOMBIANO;15
SACHICA;Partido Alianza Social Independiente Asi;PARTIDO ALIANZA SOCIAL INDEPENDIENTE ASI;14
SACHICA;Luz Dary Sevillano Guerrero;PARTIDO ALIANZA VERDE;13
SACHICA;Siervo Yesith Gonzalez Saavedra;PARTIDO CAMBIO RADICAL;13
SACHICA;Luisa Fernanda Rodriguez Alfonso;PARTIDO ALIANZA VERDE;12
SACHICA;Ingrid Marlen Sogamoso Alfonso;PARTIDO CENTRO DEMOCRATICO;11
SACHICA;Jhon Fredy Garavito Cortes;PARTIDO SOCIAL DE UNIDAD NACIONAL  PARTIDO DE LA U;11
SACHICA;Omar Fernando Valderrama Baez;PARTIDO CENTRO DEMOCRATICO;11
SACHICA;Sandra Patricia Contreras Soto;PARTIDO LIBERAL COLOMBIANO;11
SACHICA;Wilder Ivan Suesca Ochoa;PARTIDO CENTRO DEMOCRATICO;11
SACHICA;Alfredo Horacio Correa Higuera;PARTIDO CAMBIO RADICAL;10
SACHICA;David Santiago Ochoa Garcia;PARTIDO SOCIAL DE UNIDAD NACIONAL  PARTIDO DE LA U;10
SACHICA;Elsa Marlen Manrique Pulgar;PARTIDO LIBERAL COLOMBIANO;10
SACHICA;Neddy Esther Sandoval Figueredo;PARTIDO LIBERAL COLOMBIANO;10
SACHICA;Partido Centro Democratico;PARTIDO CENTRO DEMOCRATICO;10
SACHICA;Pedro Pablo Salas Hernandez;PARTIDO ALIANZA VERDE;10
SACHICA;Carlos Julian Diaz Franco;PARTIDO ALIANZA SOCIAL INDEPENDIENTE ASI;9
SACHICA;Luis Carlos Ochoa Pasachoa;PARTIDO ALIANZA VERDE;9
SACHICA;Concha Jael Vargas Saavedra;PARTIDO CONSERVADOR COLOMBIANO;8
SACHICA;Edwin Andres Rodriguez Rodriguez;PARTIDO LIBERAL COLOMBIANO;8
SACHICA;Gustavo Eduardo Castañeda Niño;PARTIDO ALIANZA VERDE;8
SACHICA;Hernando Arias Ochoa;PARTIDO ALIANZA SOCIAL INDEPENDIENTE ASI;8
SACHICA;Jose Agustin Arias Millan;PARTIDO CENTRO DEMOCRATICO;8
SACHICA;Anderson Joaquin Sanchez Ruiz;PARTIDO LIBERAL COLOMBIANO;7
SACHICA;Angela Rocio Umaña Rojas;PARTIDO CONSERVADOR COLOMBIANO;7
SACHICA;Carlos Eduardo Vega Alvarez;BOYACA DECENTE;7
SACHICA;Nereo Baron Tellez;MOVIMIENTO ALTERNATIVO INDIGENA Y SOCIAL MAIS;7
SACHICA;Partido Conservador Colombiano;PARTIDO CONSERVADOR COLOMBIANO;7
SACHICA;Pedro Humberto Vargas Gomez;PARTIDO LIBERAL COLOMBIANO;7
SACHICA;Segundo Fidel Salazar Gonzalez;PARTIDO SOCIAL DE UNIDAD NACIONAL  PARTIDO DE LA U;7
SACHICA;William Rodolfo Mesa Avella;PARTIDO CENTRO DEMOCRATICO;7
SACHICA;Alvaro Hernan Forero Hurtado;BOYACA DECENTE;6
SACHICA;Jairo Correa Acevedo;MOVIMIENTO ALTERNATIVO INDIGENA Y SOCIAL MAIS;6
SACHICA;Jose Dario Mahecha Castillo;PARTIDO CONSERVADOR COLOMBIANO;6
SACHICA;Jose Wilmar Leal Abril;PARTIDO CAMBIO RADICAL;6
SACHICA;Julian Guillermo Camargo Amortegui;MOVIMIENTO ALTERNATIVO INDIGENA Y SOCIAL MAIS;6
SACHICA;Luis Carlos Machado Zapata;PARTIDO LIBERAL COLOMBIANO;6
SACHICA;Partido Cambio Radical;PARTIDO CAMBIO RADICAL;6
SACHICA;Ricardo Andres Español Teatino;PARTIDO LIBERAL COLOMBIANO;6
SACHICA;Wilkins Fernando Chaparro Cuervo;PARTIDO ALIANZA SOCIAL INDEPENDIENTE ASI;6
SACHICA;Ericka Leonor Amador Gamarra;PARTIDO SOCIAL DE UNIDAD NACIONAL  PARTIDO DE LA U;5
SACHICA;Helver Ariel Avila Panche;PARTIDO CENTRO DEMOCRATICO;5
SACHICA;Jairo Enrique Cabana Fonseca;PARTIDO ALIANZA VERDE;5
SACHICA;Adriana Paola Laverde Rodriguez;MOVIMIENTO ALTERNATIVO INDIGENA Y SOCIAL MAIS;4
SACHICA;Ana Lucia Parra Monroy;PARTIDO SOCIAL DE UNIDAD NACIONAL  PARTIDO DE LA U;4
SACHICA;Antonio Ernesto Leguizamo Diaz;PARTIDO LIBERAL COLOMBIANO;4
SACHICA;Claudia Yaneth Avila Castillo;PARTIDO SOCIAL DE UNIDAD NACIONAL  PARTIDO DE LA U;4
SACHICA;Irma Yineth Velandia Sandoval;PARTIDO CAMBIO RADICAL;4
SACHICA;Maria De Los Santos Salamanca Silva;PARTIDO ALIANZA VERDE;4
SACHICA;Ana Delia Avendaño Hernandez;PARTIDO LIBERAL COLOMBIANO;3
SACHICA;Carlos Ernesto Torres Aguirre;PARTIDO CONSERVADOR COLOMBIANO;3
SACHICA;Fredy Julian Castro Rodriguez;PARTIDO CENTRO DEMOCRATICO;3
SACHICA;Jose Mauricio Buitrago Rivera;PARTIDO CAMBIO RADICAL;3
SACHICA;Olga Niño Rojas;PARTIDO CENTRO DEMOCRATICO;3
SACHICA;Alba Luz Becerra Becerra;PARTIDO ALIANZA SOCIAL INDEPENDIENTE ASI;2
SACHICA;David Alejandro Avila Cely;MOVIMIENTO ALTERNATIVO INDIGENA Y SOCIAL MAIS;2
SACHICA;Eliana Hasleidy Gamez Pinilla;PARTIDO CAMBIO RADICAL;2
SACHICA;Fernando Augusto Diaz Saenz;PARTIDO CONSERVADOR COLOMBIANO;2
SACHICA;Jose Leonidas Medina Cruz;PARTIDO SOCIAL DE UNIDAD NACIONAL  PARTIDO DE LA U;2
SACHICA;Lizeth Paola Saade Fuentes;MOVIMIENTO ALTERNATIVO INDIGENA Y SOCIAL MAIS;2
SACHICA;Mauricio Cadena Valero;PARTIDO CENTRO DEMOCRATICO;2
SACHICA;Merardo Vargas Roa;PARTIDO ALIANZA VERDE;2
SACHICA;Orlando Florez Cuervo;PARTIDO CENTRO DEMOCRATICO;2
SACHICA;Pablo Antonio Zambrano Salamanca;PARTIDO CONSERVADOR COLOMBIANO;2
SACHICA;Roman Hernando Ortega Hernandez;PARTIDO ALIANZA VERDE;2
SACHICA;Sandra Patricia Ricaurte Espinel;PARTIDO CAMBIO RADICAL;2
SACHICA;Yadith Milena Martinez Farfan;PARTIDO CENTRO DEMOCRATICO;2
SACHICA;Andres Mauricio Escarria Barraza;PARTIDO CAMBIO RADICAL;1
SACHICA;Angela Magaly Garcia Rivera;MOVIMIENTO ALTERNATIVO INDIGENA Y SOCIAL MAIS;1
SACHICA;Armando Buitrago Acevedo;PARTIDO ALIANZA SOCIAL INDEPENDIENTE ASI;1
SACHICA;Edwin Alfonso Perez Beltran;PARTIDO ALIANZA SOCIAL INDEPENDIENTE ASI;1
SACHICA;Erika Dayana Piragauta Rodriguez;PARTIDO LIBERAL COLOMBIANO;1
SACHICA;Fernando Alexander Serrato Fonseca;PARTIDO LIBERAL COLOMBIANO;1
SACHICA;Flor Elba Velandia Cely;PARTIDO ALIANZA SOCIAL INDEPENDIENTE ASI;1
SACHICA;Fredy Leonardo Rojas Vargas;PARTIDO CENTRO DEMOCRATICO;1
SACHICA;John Fredy Lopez Mora;MOVIMIENTO ALTERNATIVO INDIGENA Y SOCIAL MAIS;1
SACHICA;Jorge Enrique Camacho Rodriguez;PARTIDO ALIANZA SOCIAL INDEPENDIENTE ASI;1
SACHICA;Jose Antonio Estupiñan Caceres;PARTIDO CONSERVADOR COLOMBIANO;1
SACHICA;Katherin Tatiana Calderon Acosta;PARTIDO CENTRO DEMOCRATICO;1
SACHICA;Maira Adriana Zerda Gonzalez;PARTIDO ALIANZA VERDE;1
SACHICA;Manuel Ricardo Mesa Trujillo;PARTIDO SOCIAL DE UNIDAD NACIONAL  PARTIDO DE LA U;1
SACHICA;Maria Francia Blanco Pedroza;BOYACA DECENTE;1
SACHICA;Mariev Bejarano Ospina;BOYACA DECENTE;1
SACHICA;Sandra Milena Ramirez Moreno;PARTIDO CAMBIO RADICAL;1
SACHICA;Uldarico Javier Ramirez Chilito;MOVIMIENTO ALTERNATIVO INDIGENA Y SOCIAL MAIS;1
SACHICA;Wilton Fredy Castro Silva;PARTIDO ALIANZA VERDE;1
SAMACA;Jorge Marin Jerez Amado;PARTIDO LIBERAL COLOMBIANO;3243
SAMACA;Oscar Leonardo Montañez Sierra;PARTIDO CAMBIO RADICAL;1936
SAMACA;Angela Patricia Velandia Novoa;PARTIDO ALIANZA VERDE;245
SAMACA;Jairo Pacheco Suarez;PARTIDO LIBERAL COLOMBIANO;226
SAMACA;Hugo Alveiro Rosas Romero;PARTIDO ALIANZA VERDE;214
SAMACA;Partido Colombia Justa Libres;PARTIDO COLOMBIA JUSTA LIBRES;201
SAMACA;Yamir Oswaldo Lopez Peña;PARTIDO ALIANZA VERDE;185
SAMACA;Partido Alianza Verde;PARTIDO ALIANZA VERDE;157
SAMACA;Partido Liberal Colombiano;PARTIDO LIBERAL COLOMBIANO;127
SAMACA;Neddy Esther Sandoval Figueredo;PARTIDO LIBERAL COLOMBIANO;111
SAMACA;Luis Carlos Ochoa Pasachoa;PARTIDO ALIANZA VERDE;92
SAMACA;Partido Cambio Radical;PARTIDO CAMBIO RADICAL;78
SAMACA;Irma Yineth Velandia Sandoval;PARTIDO CAMBIO RADICAL;69
SAMACA;Fabian Camilo Rojas Barrera;PARTIDO LIBERAL COLOMBIANO;66
SAMACA;Movimiento Alternativo Indigena Y Social Mais;MOVIMIENTO ALTERNATIVO INDIGENA Y SOCIAL MAIS;64
SAMACA;Willian David Pabon Jimenez;PARTIDO SOCIAL DE UNIDAD NACIONAL  PARTIDO DE LA U;58
SAMACA;Jose Armando Quiñones Garzon;PARTIDO CENTRO DEMOCRATICO;56
SAMACA;Johan Francisco Herrera Gualdron;PARTIDO ALIANZA VERDE;54
SAMACA;Partido Social De Unidad Nacional  Partido De La U;PARTIDO SOCIAL DE UNIDAD NACIONAL  PARTIDO DE LA U;54
SAMACA;Juan Camilo Morales Rodriguez;PARTIDO LIBERAL COLOMBIANO;53
SAMACA;Elsa Marlen Manrique Pulgar;PARTIDO LIBERAL COLOMBIANO;47
SAMACA;Yury Neill Diaz Aranguren;MOVIMIENTO ALTERNATIVO INDIGENA Y SOCIAL MAIS;46
SAMACA;Andres Mauricio Escarria Barraza;PARTIDO CAMBIO RADICAL;44
SAMACA;Alfredo Horacio Correa Higuera;PARTIDO CAMBIO RADICAL;43
SAMACA;Jhonnatan Jairo Avellaneda Mesa;MOVIMIENTO ALTERNATIVO INDIGENA Y SOCIAL MAIS;42
SAMACA;Ivan Ricardo Pirachican Bernal;PARTIDO CONSERVADOR COLOMBIANO;41
SAMACA;Partido Centro Democratico;PARTIDO CENTRO DEMOCRATICO;39
SAMACA;Alberto Enrique Murillo Sanchez;PARTIDO CAMBIO RADICAL;38
SAMACA;Jose Antonio Estupiñan Caceres;PARTIDO CONSERVADOR COLOMBIANO;37
SAMACA;Anderson Joaquin Sanchez Ruiz;PARTIDO LIBERAL COLOMBIANO;36
SAMACA;Concha Jael Vargas Saavedra;PARTIDO CONSERVADOR COLOMBIANO;35
SAMACA;Adriana Paola Laverde Rodriguez;MOVIMIENTO ALTERNATIVO INDIGENA Y SOCIAL MAIS;33
SAMACA;Pedro Humberto Vargas Gomez;PARTIDO LIBERAL COLOMBIANO;33
SAMACA;Ricardo Alonso Rojas Sachica;PARTIDO ALIANZA VERDE;33
SAMACA;Sandra Patricia Contreras Soto;PARTIDO LIBERAL COLOMBIANO;32
SAMACA;Claudia Yaneth Avila Castillo;PARTIDO SOCIAL DE UNIDAD NACIONAL  PARTIDO DE LA U;30
SAMACA;William Rodolfo Mesa Avella;PARTIDO CENTRO DEMOCRATICO;29
SAMACA;Jhon Fredy Garavito Cortes;PARTIDO SOCIAL DE UNIDAD NACIONAL  PARTIDO DE LA U;28
SAMACA;Luis Carlos Machado Zapata;PARTIDO LIBERAL COLOMBIANO;27
SAMACA;Ericka Leonor Amador Gamarra;PARTIDO SOCIAL DE UNIDAD NACIONAL  PARTIDO DE LA U;26
SAMACA;Luz Dary Sevillano Guerrero;PARTIDO ALIANZA VERDE;26
SAMACA;Manuel Ricardo Mesa Trujillo;PARTIDO SOCIAL DE UNIDAD NACIONAL  PARTIDO DE LA U;24
SAMACA;Pedro Pablo Salas Hernandez;PARTIDO ALIANZA VERDE;24
SAMACA;Ricardo Andres Español Teatino;PARTIDO LIBERAL COLOMBIANO;23
SAMACA;Mauricio Cadena Valero;PARTIDO CENTRO DEMOCRATICO;22
SAMACA;Gustavo Eduardo Castañeda Niño;PARTIDO ALIANZA VERDE;21
SAMACA;Partido Alianza Social Independiente Asi;PARTIDO ALIANZA SOCIAL INDEPENDIENTE ASI;20
SAMACA;Siervo Yesith Gonzalez Saavedra;PARTIDO CAMBIO RADICAL;19
SAMACA;Alba Luz Becerra Becerra;PARTIDO ALIANZA SOCIAL INDEPENDIENTE ASI;18
SAMACA;Fernando Alexander Serrato Fonseca;PARTIDO LIBERAL COLOMBIANO;18
SAMACA;Luisa Fernanda Rodriguez Alfonso;PARTIDO ALIANZA VERDE;18
SAMACA;Nelson Mauricio Rodriguez Perez;PARTIDO CONSERVADOR COLOMBIANO;18
SAMACA;Sandra Milena Ramirez Moreno;PARTIDO CAMBIO RADICAL;18
SAMACA;Uldarico Javier Ramirez Chilito;MOVIMIENTO ALTERNATIVO INDIGENA Y SOCIAL MAIS;18
SAMACA;Estefany Johana Grajales Marin;MOVIMIENTO ALTERNATIVO INDIGENA Y SOCIAL MAIS;17
SAMACA;Merardo Vargas Roa;PARTIDO ALIANZA VERDE;16
SAMACA;Antonio Ernesto Leguizamo Diaz;PARTIDO LIBERAL COLOMBIANO;15
SAMACA;Hernando Arias Ochoa;PARTIDO ALIANZA SOCIAL INDEPENDIENTE ASI;15
SAMACA;Jorge Eduardo Diaz Avendaño;MOVIMIENTO ALTERNATIVO INDIGENA Y SOCIAL MAIS;15
SAMACA;Luis Carlos Bernal Mesa;PARTIDO SOCIAL DE UNIDAD NACIONAL  PARTIDO DE LA U;15
SAMACA;Partido Conservador Colombiano;PARTIDO CONSERVADOR COLOMBIANO;15
SAMACA;Sergio Cabra Sierra;PARTIDO SOCIAL DE UNIDAD NACIONAL  PARTIDO DE LA U;15
SAMACA;Wilder Ivan Suesca Ochoa;PARTIDO CENTRO DEMOCRATICO;15
SAMACA;Hector Josue Camacho Acosta;PARTIDO CENTRO DEMOCRATICO;14
SAMACA;Jose Dario Mahecha Castillo;PARTIDO CONSERVADOR COLOMBIANO;14
SAMACA;Wilton Fredy Castro Silva;PARTIDO ALIANZA VERDE;13
SAMACA;Carlos Ernesto Torres Aguirre;PARTIDO CONSERVADOR COLOMBIANO;12
SAMACA;David Santiago Ochoa Garcia;PARTIDO SOCIAL DE UNIDAD NACIONAL  PARTIDO DE LA U;11
SAMACA;Ingrid Marlen Sogamoso Alfonso;PARTIDO CENTRO DEMOCRATICO;11
SAMACA;Jose Mauricio Buitrago Rivera;PARTIDO CAMBIO RADICAL;11
SAMACA;Jose Wilmar Leal Abril;PARTIDO CAMBIO RADICAL;11
SAMACA;Nereo Baron Tellez;MOVIMIENTO ALTERNATIVO INDIGENA Y SOCIAL MAIS;11
SAMACA;Segundo Fidel Salazar Gonzalez;PARTIDO SOCIAL DE UNIDAD NACIONAL  PARTIDO DE LA U;11
SAMACA;Cesar Augusto Mojica Bedoya;PARTIDO SOCIAL DE UNIDAD NACIONAL  PARTIDO DE LA U;10
SAMACA;Martha Ines Zipa Martinez;PARTIDO CAMBIO RADICAL;10
SAMACA;Ana Lucia Parra Monroy;PARTIDO SOCIAL DE UNIDAD NACIONAL  PARTIDO DE LA U;9
SAMACA;Eliana Hasleidy Gamez Pinilla;PARTIDO CAMBIO RADICAL;9
SAMACA;Omar Fernando Valderrama Baez;PARTIDO CENTRO DEMOCRATICO;9
SAMACA;Yadith Milena Martinez Farfan;PARTIDO CENTRO DEMOCRATICO;9
SAMACA;Jairo Enrique Cabana Fonseca;PARTIDO ALIANZA VERDE;8
SAMACA;Jose Agustin Arias Millan;PARTIDO CENTRO DEMOCRATICO;8
SAMACA;Julian Guillermo Camargo Amortegui;MOVIMIENTO ALTERNATIVO INDIGENA Y SOCIAL MAIS;8
SAMACA;Omar Humberto Villamil Munevar;PARTIDO CONSERVADOR COLOMBIANO;8
SAMACA;Ana Adela Pulido Cuadros;PARTIDO CONSERVADOR COLOMBIANO;7
SAMACA;Eliana Maria Villate Fonseca;PARTIDO CONSERVADOR COLOMBIANO;7
SAMACA;Flor Elba Velandia Cely;PARTIDO ALIANZA SOCIAL INDEPENDIENTE ASI;7
SAMACA;Jorge Enrique Camacho Rodriguez;PARTIDO ALIANZA SOCIAL INDEPENDIENTE ASI;7
SAMACA;Roman Hernando Ortega Hernandez;PARTIDO ALIANZA VERDE;7
SAMACA;Alvaro Hernan Forero Hurtado;BOYACA DECENTE;6
SAMACA;Andrea Carolina Camargo Caro;MOVIMIENTO ALTERNATIVO INDIGENA Y SOCIAL MAIS;6
SAMACA;Claudia Patricia Barrera Patiño;PARTIDO SOCIAL DE UNIDAD NACIONAL  PARTIDO DE LA U;6
SAMACA;David Santiago Diaz Guio;PARTIDO SOCIAL DE UNIDAD NACIONAL  PARTIDO DE LA U;6
SAMACA;Maira Adriana Zerda Gonzalez;PARTIDO ALIANZA VERDE;6
SAMACA;Pablo Antonio Zambrano Salamanca;PARTIDO CONSERVADOR COLOMBIANO;6
SAMACA;Armando Buitrago Acevedo;PARTIDO ALIANZA SOCIAL INDEPENDIENTE ASI;5
SAMACA;Daniel Fernando Mejia Lozano;PARTIDO ALIANZA SOCIAL INDEPENDIENTE ASI;5
SAMACA;David Alejandro Avila Cely;MOVIMIENTO ALTERNATIVO INDIGENA Y SOCIAL MAIS;5
SAMACA;Giovanna Del Pilar Soto Barreto;PARTIDO CAMBIO RADICAL;5
SAMACA;Jairo Correa Acevedo;MOVIMIENTO ALTERNATIVO INDIGENA Y SOCIAL MAIS;5
SAMACA;Jorge Ignacio Lopez Barrera;BOYACA DECENTE;5
SAMACA;Orlando Florez Cuervo;PARTIDO CENTRO DEMOCRATICO;5
SAMACA;Erika Dayana Piragauta Rodriguez;PARTIDO LIBERAL COLOMBIANO;4
SAMACA;Laura Patricia Contreras Alvarez;PARTIDO ALIANZA SOCIAL INDEPENDIENTE ASI;4
SAMACA;Lizeth Paola Saade Fuentes;MOVIMIENTO ALTERNATIVO INDIGENA Y SOCIAL MAIS;4
SAMACA;Maria De Los Santos Salamanca Silva;PARTIDO ALIANZA VERDE;4
SAMACA;Carlos Eduardo Vega Alvarez;BOYACA DECENTE;3
SAMACA;Henry Goyeneche Hormaza;PARTIDO ALIANZA SOCIAL INDEPENDIENTE ASI;3
SAMACA;John Fredy Lopez Mora;MOVIMIENTO ALTERNATIVO INDIGENA Y SOCIAL MAIS;3
SAMACA;Juddy Alexandra Jimenez Cuadros;PARTIDO SOCIAL DE UNIDAD NACIONAL  PARTIDO DE LA U;3
SAMACA;Wilkins Fernando Chaparro Cuervo;PARTIDO ALIANZA SOCIAL INDEPENDIENTE ASI;3
SAMACA;Ana Delia Avendaño Hernandez;PARTIDO LIBERAL COLOMBIANO;2
SAMACA;Aura Lucia Ortiz Cardona;PARTIDO CENTRO DEMOCRATICO;2
SAMACA;Boyaca Decente;BOYACA DECENTE;2
SAMACA;Carlos Alfredo Siza Blanco;PARTIDO CONSERVADOR COLOMBIANO;2
SAMACA;Fernando Augusto Diaz Saenz;PARTIDO CONSERVADOR COLOMBIANO;2
SAMACA;Fredy Enrique Segura Alonso;BOYACA DECENTE;2
SAMACA;Helver Ariel Avila Panche;PARTIDO CENTRO DEMOCRATICO;2
SAMACA;Nelsy Yolanda Rivera Ferrucho;BOYACA DECENTE;2
SAMACA;Olga Niño Rojas;PARTIDO CENTRO DEMOCRATICO;2
SAMACA;Sandra Patricia Ricaurte Espinel;PARTIDO CAMBIO RADICAL;2
SAMACA;Edwin Alfonso Perez Beltran;PARTIDO ALIANZA SOCIAL INDEPENDIENTE ASI;1
SAMACA;Edwin Andres Rodriguez Rodriguez;PARTIDO LIBERAL COLOMBIANO;1
SAMACA;Fredy Julian Castro Rodriguez;PARTIDO CENTRO DEMOCRATICO;1
SAMACA;Fredy Leonardo Rojas Vargas;PARTIDO CENTRO DEMOCRATICO;1
SAMACA;Jaime Andres Gomez Gomez;PARTIDO CONSERVADOR COLOMBIANO;1
SAMACA;Kiliam Ernesto Gonzalez Forero;BOYACA DECENTE;1
SAMACA;Mariev Bejarano Ospina;BOYACA DECENTE;1
SAMACA;Sonia Esperanza Lopez Barrera;PARTIDO CONSERVADOR COLOMBIANO;1
SAMACA;Victor Tulio Ramirez Gutierrez;BOYACA DECENTE;1
SAMACA;Vivian Catherin Alvarez;PARTIDO ALIANZA SOCIAL INDEPENDIENTE ASI;1
SAN EDUARDO;Fabian Camilo Rojas Barrera;PARTIDO LIBERAL COLOMBIANO;437
SAN EDUARDO;Anderson Joaquin Sanchez Ruiz;PARTIDO LIBERAL COLOMBIANO;146
SAN EDUARDO;Merardo Vargas Roa;PARTIDO ALIANZA VERDE;139
SAN EDUARDO;William Rodolfo Mesa Avella;PARTIDO CENTRO DEMOCRATICO;73
SAN EDUARDO;Partido Liberal Colombiano;PARTIDO LIBERAL COLOMBIANO;30
SAN EDUARDO;Jairo Pacheco Suarez;PARTIDO LIBERAL COLOMBIANO;28
SAN EDUARDO;Yamir Oswaldo Lopez Peña;PARTIDO ALIANZA VERDE;24
SAN EDUARDO;Willian David Pabon Jimenez;PARTIDO SOCIAL DE UNIDAD NACIONAL  PARTIDO DE LA U;20
SAN EDUARDO;Angela Patricia Velandia Novoa;PARTIDO ALIANZA VERDE;19
SAN EDUARDO;Elsa Marlen Manrique Pulgar;PARTIDO LIBERAL COLOMBIANO;12
SAN EDUARDO;Partido Centro Democratico;PARTIDO CENTRO DEMOCRATICO;12
SAN EDUARDO;Gustavo Eduardo Castañeda Niño;PARTIDO ALIANZA VERDE;10
SAN EDUARDO;Partido Alianza Verde;PARTIDO ALIANZA VERDE;10
SAN EDUARDO;Alfredo Horacio Correa Higuera;PARTIDO CAMBIO RADICAL;7
SAN EDUARDO;Johan Francisco Herrera Gualdron;PARTIDO ALIANZA VERDE;7
SAN EDUARDO;Luis Carlos Machado Zapata;PARTIDO LIBERAL COLOMBIANO;7
SAN EDUARDO;Pedro Pablo Salas Hernandez;PARTIDO ALIANZA VERDE;7
SAN EDUARDO;Jhon Fredy Garavito Cortes;PARTIDO SOCIAL DE UNIDAD NACIONAL  PARTIDO DE LA U;6
SAN EDUARDO;Jose Agustin Arias Millan;PARTIDO CENTRO DEMOCRATICO;6
SAN EDUARDO;Orlando Florez Cuervo;PARTIDO CENTRO DEMOCRATICO;5
SAN EDUARDO;Sandra Patricia Contreras Soto;PARTIDO LIBERAL COLOMBIANO;5
SAN EDUARDO;Wilder Ivan Suesca Ochoa;PARTIDO CENTRO DEMOCRATICO;5
SAN EDUARDO;Ana Lucia Parra Monroy;PARTIDO SOCIAL DE UNIDAD NACIONAL  PARTIDO DE LA U;4
SAN EDUARDO;Ingrid Marlen Sogamoso Alfonso;PARTIDO CENTRO DEMOCRATICO;4
SAN EDUARDO;Ivan Ricardo Pirachican Bernal;PARTIDO CONSERVADOR COLOMBIANO;4
SAN EDUARDO;Partido Colombia Justa Libres;PARTIDO COLOMBIA JUSTA LIBRES;4
SAN EDUARDO;Armando Buitrago Acevedo;PARTIDO ALIANZA SOCIAL INDEPENDIENTE ASI;3
SAN EDUARDO;Hernando Arias Ochoa;PARTIDO ALIANZA SOCIAL INDEPENDIENTE ASI;3
SAN EDUARDO;Oscar Leonardo Montañez Sierra;PARTIDO CAMBIO RADICAL;3
SAN EDUARDO;Siervo Yesith Gonzalez Saavedra;PARTIDO CAMBIO RADICAL;3
SAN EDUARDO;Alberto Enrique Murillo Sanchez;PARTIDO CAMBIO RADICAL;2
SAN EDUARDO;Antonio Ernesto Leguizamo Diaz;PARTIDO LIBERAL COLOMBIANO;2
SAN EDUARDO;Edwin Andres Rodriguez Rodriguez;PARTIDO LIBERAL COLOMBIANO;2
SAN EDUARDO;Fredy Leonardo Rojas Vargas;PARTIDO CENTRO DEMOCRATICO;2
SAN EDUARDO;Hugo Alveiro Rosas Romero;PARTIDO ALIANZA VERDE;2
SAN EDUARDO;Jorge Marin Jerez Amado;PARTIDO LIBERAL COLOMBIANO;2
SAN EDUARDO;Jose Armando Quiñones Garzon;PARTIDO CENTRO DEMOCRATICO;2
SAN EDUARDO;Juan Camilo Morales Rodriguez;PARTIDO LIBERAL COLOMBIANO;2
SAN EDUARDO;Mauricio Cadena Valero;PARTIDO CENTRO DEMOCRATICO;2
SAN EDUARDO;Movimiento Alternativo Indigena Y Social Mais;MOVIMIENTO ALTERNATIVO INDIGENA Y SOCIAL MAIS;2
SAN EDUARDO;Olga Niño Rojas;PARTIDO CENTRO DEMOCRATICO;2
SAN EDUARDO;Partido Cambio Radical;PARTIDO CAMBIO RADICAL;2
SAN EDUARDO;Partido Conservador Colombiano;PARTIDO CONSERVADOR COLOMBIANO;2
SAN EDUARDO;Partido Social De Unidad Nacional  Partido De La U;PARTIDO SOCIAL DE UNIDAD NACIONAL  PARTIDO DE LA U;2
SAN EDUARDO;Ricardo Alonso Rojas Sachica;PARTIDO ALIANZA VERDE;2
SAN EDUARDO;Uldarico Javier Ramirez Chilito;MOVIMIENTO ALTERNATIVO INDIGENA Y SOCIAL MAIS;2
SAN EDUARDO;Yury Neill Diaz Aranguren;MOVIMIENTO ALTERNATIVO INDIGENA Y SOCIAL MAIS;2
SAN EDUARDO;Alvaro Hernan Forero Hurtado;BOYACA DECENTE;1
SAN EDUARDO;Andrea Carolina Camargo Caro;MOVIMIENTO ALTERNATIVO INDIGENA Y SOCIAL MAIS;1
SAN EDUARDO;Andres Mauricio Escarria Barraza;PARTIDO CAMBIO RADICAL;1
SAN EDUARDO;Carlos Ernesto Torres Aguirre;PARTIDO CONSERVADOR COLOMBIANO;1
SAN EDUARDO;Claudia Patricia Barrera Patiño;PARTIDO SOCIAL DE UNIDAD NACIONAL  PARTIDO DE LA U;1
SAN EDUARDO;Claudia Yaneth Avila Castillo;PARTIDO SOCIAL DE UNIDAD NACIONAL  PARTIDO DE LA U;1
SAN EDUARDO;David Santiago Ochoa Garcia;PARTIDO SOCIAL DE UNIDAD NACIONAL  PARTIDO DE LA U;1
SAN EDUARDO;Erika Dayana Piragauta Rodriguez;PARTIDO LIBERAL COLOMBIANO;1
SAN EDUARDO;Estefany Johana Grajales Marin;MOVIMIENTO ALTERNATIVO INDIGENA Y SOCIAL MAIS;1
SAN EDUARDO;Giovanna Del Pilar Soto Barreto;PARTIDO CAMBIO RADICAL;1
SAN EDUARDO;Hector Josue Camacho Acosta;PARTIDO CENTRO DEMOCRATICO;1
SAN EDUARDO;Jorge Eduardo Diaz Avendaño;MOVIMIENTO ALTERNATIVO INDIGENA Y SOCIAL MAIS;1
SAN EDUARDO;Jose Dario Mahecha Castillo;PARTIDO CONSERVADOR COLOMBIANO;1
SAN EDUARDO;Jose Mauricio Buitrago Rivera;PARTIDO CAMBIO RADICAL;1
SAN EDUARDO;Luis Carlos Bernal Mesa;PARTIDO SOCIAL DE UNIDAD NACIONAL  PARTIDO DE LA U;1
SAN EDUARDO;Luis Carlos Ochoa Pasachoa;PARTIDO ALIANZA VERDE;1
SAN EDUARDO;Neddy Esther Sandoval Figueredo;PARTIDO LIBERAL COLOMBIANO;1
SAN EDUARDO;Nelsy Yolanda Rivera Ferrucho;BOYACA DECENTE;1
SAN EDUARDO;Partido Alianza Social Independiente Asi;PARTIDO ALIANZA SOCIAL INDEPENDIENTE ASI;1
SAN EDUARDO;Pedro Humberto Vargas Gomez;PARTIDO LIBERAL COLOMBIANO;1
SAN EDUARDO;Ricardo Andres Español Teatino;PARTIDO LIBERAL COLOMBIANO;1
SAN EDUARDO;Segundo Fidel Salazar Gonzalez;PARTIDO SOCIAL DE UNIDAD NACIONAL  PARTIDO DE LA U;1
SAN JOSE DE PARE;Luis Carlos Ochoa Pasachoa;PARTIDO ALIANZA VERDE;534
SAN JOSE DE PARE;William Rodolfo Mesa Avella;PARTIDO CENTRO DEMOCRATICO;392
SAN JOSE DE PARE;Fernando Alexander Serrato Fonseca;PARTIDO LIBERAL COLOMBIANO;360
SAN JOSE DE PARE;Jose Armando Quiñones Garzon;PARTIDO CENTRO DEMOCRATICO;172
SAN JOSE DE PARE;Yamir Oswaldo Lopez Peña;PARTIDO ALIANZA VERDE;135
SAN JOSE DE PARE;Partido Colombia Justa Libres;PARTIDO COLOMBIA JUSTA LIBRES;91
SAN JOSE DE PARE;Partido Liberal Colombiano;PARTIDO LIBERAL COLOMBIANO;81
SAN JOSE DE PARE;Roman Hernando Ortega Hernandez;PARTIDO ALIANZA VERDE;67
SAN JOSE DE PARE;Partido Alianza Verde;PARTIDO ALIANZA VERDE;65
SAN JOSE DE PARE;Manuel Ricardo Mesa Trujillo;PARTIDO SOCIAL DE UNIDAD NACIONAL  PARTIDO DE LA U;47
SAN JOSE DE PARE;Oscar Leonardo Montañez Sierra;PARTIDO CAMBIO RADICAL;46
SAN JOSE DE PARE;Yury Neill Diaz Aranguren;MOVIMIENTO ALTERNATIVO INDIGENA Y SOCIAL MAIS;46
SAN JOSE DE PARE;Partido Centro Democratico;PARTIDO CENTRO DEMOCRATICO;42
SAN JOSE DE PARE;Ingrid Marlen Sogamoso Alfonso;PARTIDO CENTRO DEMOCRATICO;40
SAN JOSE DE PARE;Hector Josue Camacho Acosta;PARTIDO CENTRO DEMOCRATICO;39
SAN JOSE DE PARE;Jhon Fredy Garavito Cortes;PARTIDO SOCIAL DE UNIDAD NACIONAL  PARTIDO DE LA U;39
SAN JOSE DE PARE;Luz Dary Sevillano Guerrero;PARTIDO ALIANZA VERDE;39
SAN JOSE DE PARE;Juan Camilo Morales Rodriguez;PARTIDO LIBERAL COLOMBIANO;29
SAN JOSE DE PARE;Omar Fernando Valderrama Baez;PARTIDO CENTRO DEMOCRATICO;28
SAN JOSE DE PARE;Partido Cambio Radical;PARTIDO CAMBIO RADICAL;28
SAN JOSE DE PARE;Pedro Pablo Salas Hernandez;PARTIDO ALIANZA VERDE;27
SAN JOSE DE PARE;Jorge Marin Jerez Amado;PARTIDO LIBERAL COLOMBIANO;26
SAN JOSE DE PARE;Alfredo Horacio Correa Higuera;PARTIDO CAMBIO RADICAL;25
SAN JOSE DE PARE;Merardo Vargas Roa;PARTIDO ALIANZA VERDE;25
SAN JOSE DE PARE;Nereo Baron Tellez;MOVIMIENTO ALTERNATIVO INDIGENA Y SOCIAL MAIS;25
SAN JOSE DE PARE;Jairo Pacheco Suarez;PARTIDO LIBERAL COLOMBIANO;23
SAN JOSE DE PARE;Johan Francisco Herrera Gualdron;PARTIDO ALIANZA VERDE;21
SAN JOSE DE PARE;Nelson Mauricio Rodriguez Perez;PARTIDO CONSERVADOR COLOMBIANO;21
SAN JOSE DE PARE;Elsa Marlen Manrique Pulgar;PARTIDO LIBERAL COLOMBIANO;20
SAN JOSE DE PARE;Willian David Pabon Jimenez;PARTIDO SOCIAL DE UNIDAD NACIONAL  PARTIDO DE LA U;19
SAN JOSE DE PARE;Fredy Julian Castro Rodriguez;PARTIDO CENTRO DEMOCRATICO;18
SAN JOSE DE PARE;Partido Social De Unidad Nacional  Partido De La U;PARTIDO SOCIAL DE UNIDAD NACIONAL  PARTIDO DE LA U;17
SAN JOSE DE PARE;Carlos Julian Diaz Franco;PARTIDO ALIANZA SOCIAL INDEPENDIENTE ASI;16
SAN JOSE DE PARE;Fabian Camilo Rojas Barrera;PARTIDO LIBERAL COLOMBIANO;16
SAN JOSE DE PARE;Movimiento Alternativo Indigena Y Social Mais;MOVIMIENTO ALTERNATIVO INDIGENA Y SOCIAL MAIS;16
SAN JOSE DE PARE;Gustavo Eduardo Castañeda Niño;PARTIDO ALIANZA VERDE;15
SAN JOSE DE PARE;Luisa Fernanda Rodriguez Alfonso;PARTIDO ALIANZA VERDE;15
SAN JOSE DE PARE;Angela Patricia Velandia Novoa;PARTIDO ALIANZA VERDE;14
SAN JOSE DE PARE;Estefany Johana Grajales Marin;MOVIMIENTO ALTERNATIVO INDIGENA Y SOCIAL MAIS;14
SAN JOSE DE PARE;David Santiago Diaz Guio;PARTIDO SOCIAL DE UNIDAD NACIONAL  PARTIDO DE LA U;13
SAN JOSE DE PARE;Hugo Alveiro Rosas Romero;PARTIDO ALIANZA VERDE;13
SAN JOSE DE PARE;Olga Niño Rojas;PARTIDO CENTRO DEMOCRATICO;13
SAN JOSE DE PARE;Jose Mauricio Buitrago Rivera;PARTIDO CAMBIO RADICAL;12
SAN JOSE DE PARE;Sergio Cabra Sierra;PARTIDO SOCIAL DE UNIDAD NACIONAL  PARTIDO DE LA U;12
SAN JOSE DE PARE;Siervo Yesith Gonzalez Saavedra;PARTIDO CAMBIO RADICAL;12
SAN JOSE DE PARE;Irma Yineth Velandia Sandoval;PARTIDO CAMBIO RADICAL;11
SAN JOSE DE PARE;Jose Wilmar Leal Abril;PARTIDO CAMBIO RADICAL;11
SAN JOSE DE PARE;Maira Adriana Zerda Gonzalez;PARTIDO ALIANZA VERDE;11
SAN JOSE DE PARE;Orlando Florez Cuervo;PARTIDO CENTRO DEMOCRATICO;11
SAN JOSE DE PARE;Ricardo Alonso Rojas Sachica;PARTIDO ALIANZA VERDE;11
SAN JOSE DE PARE;Sandra Patricia Contreras Soto;PARTIDO LIBERAL COLOMBIANO;11
SAN JOSE DE PARE;Luis Carlos Machado Zapata;PARTIDO LIBERAL COLOMBIANO;10
SAN JOSE DE PARE;Alberto Enrique Murillo Sanchez;PARTIDO CAMBIO RADICAL;9
SAN JOSE DE PARE;Mauricio Cadena Valero;PARTIDO CENTRO DEMOCRATICO;8
SAN JOSE DE PARE;Anderson Joaquin Sanchez Ruiz;PARTIDO LIBERAL COLOMBIANO;7
SAN JOSE DE PARE;Fernando Augusto Diaz Saenz;PARTIDO CONSERVADOR COLOMBIANO;7
SAN JOSE DE PARE;Jorge Eduardo Diaz Avendaño;MOVIMIENTO ALTERNATIVO INDIGENA Y SOCIAL MAIS;7
SAN JOSE DE PARE;Neddy Esther Sandoval Figueredo;PARTIDO LIBERAL COLOMBIANO;7
SAN JOSE DE PARE;Armando Buitrago Acevedo;PARTIDO ALIANZA SOCIAL INDEPENDIENTE ASI;6
SAN JOSE DE PARE;Boyaca Decente;BOYACA DECENTE;6
SAN JOSE DE PARE;Fredy Leonardo Rojas Vargas;PARTIDO CENTRO DEMOCRATICO;6
SAN JOSE DE PARE;Julian Guillermo Camargo Amortegui;MOVIMIENTO ALTERNATIVO INDIGENA Y SOCIAL MAIS;6
SAN JOSE DE PARE;Pedro Humberto Vargas Gomez;PARTIDO LIBERAL COLOMBIANO;6
SAN JOSE DE PARE;Ricardo Andres Español Teatino;PARTIDO LIBERAL COLOMBIANO;6
SAN JOSE DE PARE;Wilton Fredy Castro Silva;PARTIDO ALIANZA VERDE;6
SAN JOSE DE PARE;David Santiago Ochoa Garcia;PARTIDO SOCIAL DE UNIDAD NACIONAL  PARTIDO DE LA U;5
SAN JOSE DE PARE;Jose Agustin Arias Millan;PARTIDO CENTRO DEMOCRATICO;5
SAN JOSE DE PARE;Edwin Andres Rodriguez Rodriguez;PARTIDO LIBERAL COLOMBIANO;4
SAN JOSE DE PARE;Erika Dayana Piragauta Rodriguez;PARTIDO LIBERAL COLOMBIANO;4
SAN JOSE DE PARE;Flor Elba Velandia Cely;PARTIDO ALIANZA SOCIAL INDEPENDIENTE ASI;4
SAN JOSE DE PARE;Helver Ariel Avila Panche;PARTIDO CENTRO DEMOCRATICO;4
SAN JOSE DE PARE;Ivan Ricardo Pirachican Bernal;PARTIDO CONSERVADOR COLOMBIANO;4
SAN JOSE DE PARE;Jorge Enrique Camacho Rodriguez;PARTIDO ALIANZA SOCIAL INDEPENDIENTE ASI;4
SAN JOSE DE PARE;Jose Antonio Estupiñan Caceres;PARTIDO CONSERVADOR COLOMBIANO;4
SAN JOSE DE PARE;Jose Dario Mahecha Castillo;PARTIDO CONSERVADOR COLOMBIANO;4
SAN JOSE DE PARE;Maria De Los Santos Salamanca Silva;PARTIDO ALIANZA VERDE;4
SAN JOSE DE PARE;Partido Conservador Colombiano;PARTIDO CONSERVADOR COLOMBIANO;4
SAN JOSE DE PARE;Adriana Paola Laverde Rodriguez;MOVIMIENTO ALTERNATIVO INDIGENA Y SOCIAL MAIS;3
SAN JOSE DE PARE;Ana Delia Avendaño Hernandez;PARTIDO LIBERAL COLOMBIANO;3
SAN JOSE DE PARE;Aura Lucia Ortiz Cardona;PARTIDO CENTRO DEMOCRATICO;3
SAN JOSE DE PARE;Hernando Arias Ochoa;PARTIDO ALIANZA SOCIAL INDEPENDIENTE ASI;3
SAN JOSE DE PARE;Luis Carlos Bernal Mesa;PARTIDO SOCIAL DE UNIDAD NACIONAL  PARTIDO DE LA U;3
SAN JOSE DE PARE;Martha Ines Zipa Martinez;PARTIDO CAMBIO RADICAL;3
SAN JOSE DE PARE;Wilder Ivan Suesca Ochoa;PARTIDO CENTRO DEMOCRATICO;3
SAN JOSE DE PARE;Wilkins Fernando Chaparro Cuervo;PARTIDO ALIANZA SOCIAL INDEPENDIENTE ASI;3
SAN JOSE DE PARE;Yadith Milena Martinez Farfan;PARTIDO CENTRO DEMOCRATICO;3
SAN JOSE DE PARE;Alvaro Hernan Forero Hurtado;BOYACA DECENTE;2
SAN JOSE DE PARE;Andres Mauricio Escarria Barraza;PARTIDO CAMBIO RADICAL;2
SAN JOSE DE PARE;Cesar Augusto Mojica Bedoya;PARTIDO SOCIAL DE UNIDAD NACIONAL  PARTIDO DE LA U;2
SAN JOSE DE PARE;Ericka Leonor Amador Gamarra;PARTIDO SOCIAL DE UNIDAD NACIONAL  PARTIDO DE LA U;2
SAN JOSE DE PARE;Jhonnatan Jairo Avellaneda Mesa;MOVIMIENTO ALTERNATIVO INDIGENA Y SOCIAL MAIS;2
SAN JOSE DE PARE;John Fredy Lopez Mora;MOVIMIENTO ALTERNATIVO INDIGENA Y SOCIAL MAIS;2
SAN JOSE DE PARE;Juddy Alexandra Jimenez Cuadros;PARTIDO SOCIAL DE UNIDAD NACIONAL  PARTIDO DE LA U;2
SAN JOSE DE PARE;Katherin Tatiana Calderon Acosta;PARTIDO CENTRO DEMOCRATICO;2
SAN JOSE DE PARE;Mariev Bejarano Ospina;BOYACA DECENTE;2
SAN JOSE DE PARE;Sandra Milena Ramirez Moreno;PARTIDO CAMBIO RADICAL;2
SAN JOSE DE PARE;Segundo Fidel Salazar Gonzalez;PARTIDO SOCIAL DE UNIDAD NACIONAL  PARTIDO DE LA U;2
SAN JOSE DE PARE;Ana Lucia Parra Monroy;PARTIDO SOCIAL DE UNIDAD NACIONAL  PARTIDO DE LA U;1
SAN JOSE DE PARE;Angela Rocio Umaña Rojas;PARTIDO CONSERVADOR COLOMBIANO;1
SAN JOSE DE PARE;Antonio Ernesto Leguizamo Diaz;PARTIDO LIBERAL COLOMBIANO;1
SAN JOSE DE PARE;Carlos Eduardo Vega Alvarez;BOYACA DECENTE;1
SAN JOSE DE PARE;Carlos Ernesto Torres Aguirre;PARTIDO CONSERVADOR COLOMBIANO;1
SAN JOSE DE PARE;Claudia Patricia Barrera Patiño;PARTIDO SOCIAL DE UNIDAD NACIONAL  PARTIDO DE LA U;1
SAN JOSE DE PARE;Claudia Yaneth Avila Castillo;PARTIDO SOCIAL DE UNIDAD NACIONAL  PARTIDO DE LA U;1
SAN JOSE DE PARE;Concha Jael Vargas Saavedra;PARTIDO CONSERVADOR COLOMBIANO;1
SAN JOSE DE PARE;Daniel Fernando Mejia Lozano;PARTIDO ALIANZA SOCIAL INDEPENDIENTE ASI;1
SAN JOSE DE PARE;Eliana Hasleidy Gamez Pinilla;PARTIDO CAMBIO RADICAL;1
SAN JOSE DE PARE;Jaime Andres Gomez Gomez;PARTIDO CONSERVADOR COLOMBIANO;1
SAN JOSE DE PARE;Jairo Enrique Cabana Fonseca;PARTIDO ALIANZA VERDE;1
SAN JOSE DE PARE;Jose Leonidas Medina Cruz;PARTIDO SOCIAL DE UNIDAD NACIONAL  PARTIDO DE LA U;1
SAN JOSE DE PARE;Julieth Rocio Montañez Niño;PARTIDO ALIANZA SOCIAL INDEPENDIENTE ASI;1
SAN JOSE DE PARE;Laura Patricia Contreras Alvarez;PARTIDO ALIANZA SOCIAL INDEPENDIENTE ASI;1
SAN JOSE DE PARE;Lizeth Paola Saade Fuentes;MOVIMIENTO ALTERNATIVO INDIGENA Y SOCIAL MAIS;1
SAN JOSE DE PARE;Omar Humberto Villamil Munevar;PARTIDO CONSERVADOR COLOMBIANO;1
SAN JOSE DE PARE;Sandra Patricia Ricaurte Espinel;PARTIDO CAMBIO RADICAL;1
SAN JOSE DE PARE;Uldarico Javier Ramirez Chilito;MOVIMIENTO ALTERNATIVO INDIGENA Y SOCIAL MAIS;1
SAN LUIS DE GACENO;Claudia Yaneth Avila Castillo;PARTIDO SOCIAL DE UNIDAD NACIONAL  PARTIDO DE LA U;844
SAN LUIS DE GACENO;Ingrid Marlen Sogamoso Alfonso;PARTIDO CENTRO DEMOCRATICO;636
SAN LUIS DE GACENO;Fabian Camilo Rojas Barrera;PARTIDO LIBERAL COLOMBIANO;205
SAN LUIS DE GACENO;Fernando Alexander Serrato Fonseca;PARTIDO LIBERAL COLOMBIANO;72
SAN LUIS DE GACENO;Nelson Mauricio Rodriguez Perez;PARTIDO CONSERVADOR COLOMBIANO;68
SAN LUIS DE GACENO;Fernando Augusto Diaz Saenz;PARTIDO CONSERVADOR COLOMBIANO;65
SAN LUIS DE GACENO;Yamir Oswaldo Lopez Peña;PARTIDO ALIANZA VERDE;55
SAN LUIS DE GACENO;Alba Luz Becerra Becerra;PARTIDO ALIANZA SOCIAL INDEPENDIENTE ASI;41
SAN LUIS DE GACENO;Ivan Ricardo Pirachican Bernal;PARTIDO CONSERVADOR COLOMBIANO;36
SAN LUIS DE GACENO;Maira Adriana Zerda Gonzalez;PARTIDO ALIANZA VERDE;36
SAN LUIS DE GACENO;Mauricio Cadena Valero;PARTIDO CENTRO DEMOCRATICO;32
SAN LUIS DE GACENO;Sergio Cabra Sierra;PARTIDO SOCIAL DE UNIDAD NACIONAL  PARTIDO DE LA U;32
SAN LUIS DE GACENO;Partido Centro Democratico;PARTIDO CENTRO DEMOCRATICO;27
SAN LUIS DE GACENO;Partido Alianza Social Independiente Asi;PARTIDO ALIANZA SOCIAL INDEPENDIENTE ASI;26
SAN LUIS DE GACENO;Alfredo Horacio Correa Higuera;PARTIDO CAMBIO RADICAL;24
SAN LUIS DE GACENO;Angela Patricia Velandia Novoa;PARTIDO ALIANZA VERDE;21
SAN LUIS DE GACENO;Edwin Alfonso Perez Beltran;PARTIDO ALIANZA SOCIAL INDEPENDIENTE ASI;19
SAN LUIS DE GACENO;Gustavo Eduardo Castañeda Niño;PARTIDO ALIANZA VERDE;18
SAN LUIS DE GACENO;Johan Francisco Herrera Gualdron;PARTIDO ALIANZA VERDE;17
SAN LUIS DE GACENO;Partido Social De Unidad Nacional  Partido De La U;PARTIDO SOCIAL DE UNIDAD NACIONAL  PARTIDO DE LA U;16
SAN LUIS DE GACENO;Partido Alianza Verde;PARTIDO ALIANZA VERDE;15
SAN LUIS DE GACENO;Anderson Joaquin Sanchez Ruiz;PARTIDO LIBERAL COLOMBIANO;14
SAN LUIS DE GACENO;Jose Armando Quiñones Garzon;PARTIDO CENTRO DEMOCRATICO;13
SAN LUIS DE GACENO;Luis Carlos Ochoa Pasachoa;PARTIDO ALIANZA VERDE;13
SAN LUIS DE GACENO;Wilkins Fernando Chaparro Cuervo;PARTIDO ALIANZA SOCIAL INDEPENDIENTE ASI;13
SAN LUIS DE GACENO;Carlos Ernesto Torres Aguirre;PARTIDO CONSERVADOR COLOMBIANO;12
SAN LUIS DE GACENO;Hernando Arias Ochoa;PARTIDO ALIANZA SOCIAL INDEPENDIENTE ASI;12
SAN LUIS DE GACENO;Jhon Fredy Garavito Cortes;PARTIDO SOCIAL DE UNIDAD NACIONAL  PARTIDO DE LA U;12
SAN LUIS DE GACENO;Omar Fernando Valderrama Baez;PARTIDO CENTRO DEMOCRATICO;12
SAN LUIS DE GACENO;Willian David Pabon Jimenez;PARTIDO SOCIAL DE UNIDAD NACIONAL  PARTIDO DE LA U;12
SAN LUIS DE GACENO;Jairo Pacheco Suarez;PARTIDO LIBERAL COLOMBIANO;11
SAN LUIS DE GACENO;Jorge Marin Jerez Amado;PARTIDO LIBERAL COLOMBIANO;10
SAN LUIS DE GACENO;Jose Wilmar Leal Abril;PARTIDO CAMBIO RADICAL;10
SAN LUIS DE GACENO;Partido Liberal Colombiano;PARTIDO LIBERAL COLOMBIANO;10
SAN LUIS DE GACENO;David Santiago Ochoa Garcia;PARTIDO SOCIAL DE UNIDAD NACIONAL  PARTIDO DE LA U;9
SAN LUIS DE GACENO;Ericka Leonor Amador Gamarra;PARTIDO SOCIAL DE UNIDAD NACIONAL  PARTIDO DE LA U;9
SAN LUIS DE GACENO;Juan Camilo Morales Rodriguez;PARTIDO LIBERAL COLOMBIANO;9
SAN LUIS DE GACENO;Luis Carlos Bernal Mesa;PARTIDO SOCIAL DE UNIDAD NACIONAL  PARTIDO DE LA U;9
SAN LUIS DE GACENO;Merardo Vargas Roa;PARTIDO ALIANZA VERDE;9
SAN LUIS DE GACENO;Oscar Leonardo Montañez Sierra;PARTIDO CAMBIO RADICAL;9
SAN LUIS DE GACENO;Cesar Augusto Mojica Bedoya;PARTIDO SOCIAL DE UNIDAD NACIONAL  PARTIDO DE LA U;8
SAN LUIS DE GACENO;Luisa Fernanda Rodriguez Alfonso;PARTIDO ALIANZA VERDE;8
SAN LUIS DE GACENO;Ana Lucia Parra Monroy;PARTIDO SOCIAL DE UNIDAD NACIONAL  PARTIDO DE LA U;7
SAN LUIS DE GACENO;Armando Buitrago Acevedo;PARTIDO ALIANZA SOCIAL INDEPENDIENTE ASI;7
SAN LUIS DE GACENO;Hector Josue Camacho Acosta;PARTIDO CENTRO DEMOCRATICO;7
SAN LUIS DE GACENO;Irma Yineth Velandia Sandoval;PARTIDO CAMBIO RADICAL;7
SAN LUIS DE GACENO;Partido Conservador Colombiano;PARTIDO CONSERVADOR COLOMBIANO;7
SAN LUIS DE GACENO;Daniel Fernando Mejia Lozano;PARTIDO ALIANZA SOCIAL INDEPENDIENTE ASI;6
SAN LUIS DE GACENO;Hugo Alveiro Rosas Romero;PARTIDO ALIANZA VERDE;6
SAN LUIS DE GACENO;Elsa Marlen Manrique Pulgar;PARTIDO LIBERAL COLOMBIANO;5
SAN LUIS DE GACENO;Jorge Enrique Camacho Rodriguez;PARTIDO ALIANZA SOCIAL INDEPENDIENTE ASI;5
SAN LUIS DE GACENO;Juddy Alexandra Jimenez Cuadros;PARTIDO SOCIAL DE UNIDAD NACIONAL  PARTIDO DE LA U;5
SAN LUIS DE GACENO;Partido Cambio Radical;PARTIDO CAMBIO RADICAL;5
SAN LUIS DE GACENO;Pedro Pablo Salas Hernandez;PARTIDO ALIANZA VERDE;5
SAN LUIS DE GACENO;Roman Hernando Ortega Hernandez;PARTIDO ALIANZA VERDE;5
SAN LUIS DE GACENO;Segundo Fidel Salazar Gonzalez;PARTIDO SOCIAL DE UNIDAD NACIONAL  PARTIDO DE LA U;5
SAN LUIS DE GACENO;Aura Lucia Ortiz Cardona;PARTIDO CENTRO DEMOCRATICO;4
SAN LUIS DE GACENO;Fredy Julian Castro Rodriguez;PARTIDO CENTRO DEMOCRATICO;4
SAN LUIS DE GACENO;Henry Goyeneche Hormaza;PARTIDO ALIANZA SOCIAL INDEPENDIENTE ASI;4
SAN LUIS DE GACENO;Jorge Ignacio Lopez Barrera;BOYACA DECENTE;4
SAN LUIS DE GACENO;Jose Antonio Estupiñan Caceres;PARTIDO CONSERVADOR COLOMBIANO;4
SAN LUIS DE GACENO;Laura Patricia Contreras Alvarez;PARTIDO ALIANZA SOCIAL INDEPENDIENTE ASI;4
SAN LUIS DE GACENO;Manuel Ricardo Mesa Trujillo;PARTIDO SOCIAL DE UNIDAD NACIONAL  PARTIDO DE LA U;4
SAN LUIS DE GACENO;Ricardo Alonso Rojas Sachica;PARTIDO ALIANZA VERDE;4
SAN LUIS DE GACENO;Sonia Esperanza Lopez Barrera;PARTIDO CONSERVADOR COLOMBIANO;4
SAN LUIS DE GACENO;William Rodolfo Mesa Avella;PARTIDO CENTRO DEMOCRATICO;4
SAN LUIS DE GACENO;Angela Rocio Umaña Rojas;PARTIDO CONSERVADOR COLOMBIANO;3
SAN LUIS DE GACENO;Claudia Patricia Barrera Patiño;PARTIDO SOCIAL DE UNIDAD NACIONAL  PARTIDO DE LA U;3
SAN LUIS DE GACENO;Jairo Enrique Cabana Fonseca;PARTIDO ALIANZA VERDE;3
SAN LUIS DE GACENO;Luis Carlos Machado Zapata;PARTIDO LIBERAL COLOMBIANO;3
SAN LUIS DE GACENO;Partido Colombia Justa Libres;PARTIDO COLOMBIA JUSTA LIBRES;3
SAN LUIS DE GACENO;Wilton Fredy Castro Silva;PARTIDO ALIANZA VERDE;3
SAN LUIS DE GACENO;Ana Adela Pulido Cuadros;PARTIDO CONSERVADOR COLOMBIANO;2
SAN LUIS DE GACENO;Carlos Alfredo Siza Blanco;PARTIDO CONSERVADOR COLOMBIANO;2
SAN LUIS DE GACENO;Concha Jael Vargas Saavedra;PARTIDO CONSERVADOR COLOMBIANO;2
SAN LUIS DE GACENO;Erika Dayana Piragauta Rodriguez;PARTIDO LIBERAL COLOMBIANO;2
SAN LUIS DE GACENO;Jairo Correa Acevedo;MOVIMIENTO ALTERNATIVO INDIGENA Y SOCIAL MAIS;2
SAN LUIS DE GACENO;Maria De Los Santos Salamanca Silva;PARTIDO ALIANZA VERDE;2
SAN LUIS DE GACENO;Olga Niño Rojas;PARTIDO CENTRO DEMOCRATICO;2
SAN LUIS DE GACENO;Omar Humberto Villamil Munevar;PARTIDO CONSERVADOR COLOMBIANO;2
SAN LUIS DE GACENO;Orlando Florez Cuervo;PARTIDO CENTRO DEMOCRATICO;2
SAN LUIS DE GACENO;Wilder Ivan Suesca Ochoa;PARTIDO CENTRO DEMOCRATICO;2
SAN LUIS DE GACENO;Yadith Milena Martinez Farfan;PARTIDO CENTRO DEMOCRATICO;2
SAN LUIS DE GACENO;Yury Neill Diaz Aranguren;MOVIMIENTO ALTERNATIVO INDIGENA Y SOCIAL MAIS;2
SAN LUIS DE GACENO;Andres Mauricio Escarria Barraza;PARTIDO CAMBIO RADICAL;1
SAN LUIS DE GACENO;Antonio Ernesto Leguizamo Diaz;PARTIDO LIBERAL COLOMBIANO;1
SAN LUIS DE GACENO;Carlos Eduardo Vega Alvarez;BOYACA DECENTE;1
SAN LUIS DE GACENO;Carlos Julian Diaz Franco;PARTIDO ALIANZA SOCIAL INDEPENDIENTE ASI;1
SAN LUIS DE GACENO;Edwin Andres Rodriguez Rodriguez;PARTIDO LIBERAL COLOMBIANO;1
SAN LUIS DE GACENO;Eliana Maria Villate Fonseca;PARTIDO CONSERVADOR COLOMBIANO;1
SAN LUIS DE GACENO;Estefany Johana Grajales Marin;MOVIMIENTO ALTERNATIVO INDIGENA Y SOCIAL MAIS;1
SAN LUIS DE GACENO;Flor Elba Velandia Cely;PARTIDO ALIANZA SOCIAL INDEPENDIENTE ASI;1
SAN LUIS DE GACENO;Fredy Enrique Segura Alonso;BOYACA DECENTE;1
SAN LUIS DE GACENO;Giovanna Del Pilar Soto Barreto;PARTIDO CAMBIO RADICAL;1
SAN LUIS DE GACENO;Helver Ariel Avila Panche;PARTIDO CENTRO DEMOCRATICO;1
SAN LUIS DE GACENO;John Fredy Lopez Mora;MOVIMIENTO ALTERNATIVO INDIGENA Y SOCIAL MAIS;1
SAN LUIS DE GACENO;Jose Agustin Arias Millan;PARTIDO CENTRO DEMOCRATICO;1
SAN LUIS DE GACENO;Jose Leonidas Medina Cruz;PARTIDO SOCIAL DE UNIDAD NACIONAL  PARTIDO DE LA U;1
SAN LUIS DE GACENO;Jose Mauricio Buitrago Rivera;PARTIDO CAMBIO RADICAL;1
SAN LUIS DE GACENO;Julieth Rocio Montañez Niño;PARTIDO ALIANZA SOCIAL INDEPENDIENTE ASI;1
SAN LUIS DE GACENO;Katherin Tatiana Calderon Acosta;PARTIDO CENTRO DEMOCRATICO;1
SAN LUIS DE GACENO;Luz Dary Sevillano Guerrero;PARTIDO ALIANZA VERDE;1
SAN LUIS DE GACENO;Mariev Bejarano Ospina;BOYACA DECENTE;1
SAN LUIS DE GACENO;Neddy Esther Sandoval Figueredo;PARTIDO LIBERAL COLOMBIANO;1
SAN LUIS DE GACENO;Ricardo Andres Español Teatino;PARTIDO LIBERAL COLOMBIANO;1
SAN LUIS DE GACENO;Sandra Patricia Ricaurte Espinel;PARTIDO CAMBIO RADICAL;1
SAN LUIS DE GACENO;Uldarico Javier Ramirez Chilito;MOVIMIENTO ALTERNATIVO INDIGENA Y SOCIAL MAIS;1
SAN MATEO;Angela Patricia Velandia Novoa;PARTIDO ALIANZA VERDE;644
SAN MATEO;Omar Fernando Valderrama Baez;PARTIDO CENTRO DEMOCRATICO;596
SAN MATEO;Luis Carlos Ochoa Pasachoa;PARTIDO ALIANZA VERDE;221
SAN MATEO;Johan Francisco Herrera Gualdron;PARTIDO ALIANZA VERDE;85
SAN MATEO;William Rodolfo Mesa Avella;PARTIDO CENTRO DEMOCRATICO;48
SAN MATEO;Nelson Mauricio Rodriguez Perez;PARTIDO CONSERVADOR COLOMBIANO;47
SAN MATEO;Pedro Pablo Salas Hernandez;PARTIDO ALIANZA VERDE;46
SAN MATEO;Partido Alianza Verde;PARTIDO ALIANZA VERDE;45
SAN MATEO;Ana Adela Pulido Cuadros;PARTIDO CONSERVADOR COLOMBIANO;37
SAN MATEO;Ivan Ricardo Pirachican Bernal;PARTIDO CONSERVADOR COLOMBIANO;36
SAN MATEO;Partido Centro Democratico;PARTIDO CENTRO DEMOCRATICO;28
SAN MATEO;Sergio Cabra Sierra;PARTIDO SOCIAL DE UNIDAD NACIONAL  PARTIDO DE LA U;28
SAN MATEO;Hector Josue Camacho Acosta;PARTIDO CENTRO DEMOCRATICO;27
SAN MATEO;Yamir Oswaldo Lopez Peña;PARTIDO ALIANZA VERDE;22
SAN MATEO;Gustavo Eduardo Castañeda Niño;PARTIDO ALIANZA VERDE;21
SAN MATEO;Luz Dary Sevillano Guerrero;PARTIDO ALIANZA VERDE;20
SAN MATEO;Jose Dario Mahecha Castillo;PARTIDO CONSERVADOR COLOMBIANO;19
SAN MATEO;Alberto Enrique Murillo Sanchez;PARTIDO CAMBIO RADICAL;18
SAN MATEO;Ingrid Marlen Sogamoso Alfonso;PARTIDO CENTRO DEMOCRATICO;17
SAN MATEO;Jose Armando Quiñones Garzon;PARTIDO CENTRO DEMOCRATICO;17
SAN MATEO;Fernando Alexander Serrato Fonseca;PARTIDO LIBERAL COLOMBIANO;16
SAN MATEO;Maria De Los Santos Salamanca Silva;PARTIDO ALIANZA VERDE;16
SAN MATEO;Carlos Alfredo Siza Blanco;PARTIDO CONSERVADOR COLOMBIANO;12
SAN MATEO;Jairo Pacheco Suarez;PARTIDO LIBERAL COLOMBIANO;12
SAN MATEO;Partido Cambio Radical;PARTIDO CAMBIO RADICAL;12
SAN MATEO;Merardo Vargas Roa;PARTIDO ALIANZA VERDE;11
SAN MATEO;Oscar Leonardo Montañez Sierra;PARTIDO CAMBIO RADICAL;10
SAN MATEO;Segundo Fidel Salazar Gonzalez;PARTIDO SOCIAL DE UNIDAD NACIONAL  PARTIDO DE LA U;9
SAN MATEO;Jose Antonio Estupiñan Caceres;PARTIDO CONSERVADOR COLOMBIANO;8
SAN MATEO;Partido Conservador Colombiano;PARTIDO CONSERVADOR COLOMBIANO;8
SAN MATEO;Anderson Joaquin Sanchez Ruiz;PARTIDO LIBERAL COLOMBIANO;7
SAN MATEO;David Santiago Ochoa Garcia;PARTIDO SOCIAL DE UNIDAD NACIONAL  PARTIDO DE LA U;7
SAN MATEO;Hugo Alveiro Rosas Romero;PARTIDO ALIANZA VERDE;7
SAN MATEO;Irma Yineth Velandia Sandoval;PARTIDO CAMBIO RADICAL;7
SAN MATEO;Jose Mauricio Buitrago Rivera;PARTIDO CAMBIO RADICAL;7
SAN MATEO;Orlando Florez Cuervo;PARTIDO CENTRO DEMOCRATICO;7
SAN MATEO;Ricardo Alonso Rojas Sachica;PARTIDO ALIANZA VERDE;7
SAN MATEO;Norman De Jesus Quintero Gallego;PARTIDO CONSERVADOR COLOMBIANO;6
SAN MATEO;Olga Niño Rojas;PARTIDO CENTRO DEMOCRATICO;6
SAN MATEO;Roman Hernando Ortega Hernandez;PARTIDO ALIANZA VERDE;6
SAN MATEO;Alfredo Horacio Correa Higuera;PARTIDO CAMBIO RADICAL;5
SAN MATEO;Concha Jael Vargas Saavedra;PARTIDO CONSERVADOR COLOMBIANO;5
SAN MATEO;Jairo Correa Acevedo;MOVIMIENTO ALTERNATIVO INDIGENA Y SOCIAL MAIS;5
SAN MATEO;Mauricio Cadena Valero;PARTIDO CENTRO DEMOCRATICO;5
SAN MATEO;Partido Social De Unidad Nacional  Partido De La U;PARTIDO SOCIAL DE UNIDAD NACIONAL  PARTIDO DE LA U;5
SAN MATEO;Yadith Milena Martinez Farfan;PARTIDO CENTRO DEMOCRATICO;5
SAN MATEO;Eliana Maria Villate Fonseca;PARTIDO CONSERVADOR COLOMBIANO;4
SAN MATEO;Fredy Leonardo Rojas Vargas;PARTIDO CENTRO DEMOCRATICO;4
SAN MATEO;Jairo Enrique Cabana Fonseca;PARTIDO ALIANZA VERDE;4
SAN MATEO;Juan Camilo Morales Rodriguez;PARTIDO LIBERAL COLOMBIANO;4
SAN MATEO;Manuel Ricardo Mesa Trujillo;PARTIDO SOCIAL DE UNIDAD NACIONAL  PARTIDO DE LA U;4
SAN MATEO;Siervo Yesith Gonzalez Saavedra;PARTIDO CAMBIO RADICAL;4
SAN MATEO;Wilton Fredy Castro Silva;PARTIDO ALIANZA VERDE;4
SAN MATEO;Alba Luz Becerra Becerra;PARTIDO ALIANZA SOCIAL INDEPENDIENTE ASI;3
SAN MATEO;Daniel Fernando Mejia Lozano;PARTIDO ALIANZA SOCIAL INDEPENDIENTE ASI;3
SAN MATEO;Fernando Augusto Diaz Saenz;PARTIDO CONSERVADOR COLOMBIANO;3
SAN MATEO;Giovanna Del Pilar Soto Barreto;PARTIDO CAMBIO RADICAL;3
SAN MATEO;Jaime Andres Gomez Gomez;PARTIDO CONSERVADOR COLOMBIANO;3
SAN MATEO;Jhon Fredy Garavito Cortes;PARTIDO SOCIAL DE UNIDAD NACIONAL  PARTIDO DE LA U;3
SAN MATEO;Jose Wilmar Leal Abril;PARTIDO CAMBIO RADICAL;3
SAN MATEO;Luis Carlos Machado Zapata;PARTIDO LIBERAL COLOMBIANO;3
SAN MATEO;Luisa Fernanda Rodriguez Alfonso;PARTIDO ALIANZA VERDE;3
SAN MATEO;Maira Adriana Zerda Gonzalez;PARTIDO ALIANZA VERDE;3
SAN MATEO;Martha Ines Zipa Martinez;PARTIDO CAMBIO RADICAL;3
SAN MATEO;Willian David Pabon Jimenez;PARTIDO SOCIAL DE UNIDAD NACIONAL  PARTIDO DE LA U;3
SAN MATEO;Armando Buitrago Acevedo;PARTIDO ALIANZA SOCIAL INDEPENDIENTE ASI;2
SAN MATEO;Cesar Augusto Mojica Bedoya;PARTIDO SOCIAL DE UNIDAD NACIONAL  PARTIDO DE LA U;2
SAN MATEO;Fabian Camilo Rojas Barrera;PARTIDO LIBERAL COLOMBIANO;2
SAN MATEO;Hernando Arias Ochoa;PARTIDO ALIANZA SOCIAL INDEPENDIENTE ASI;2
SAN MATEO;Jhonnatan Jairo Avellaneda Mesa;MOVIMIENTO ALTERNATIVO INDIGENA Y SOCIAL MAIS;2
SAN MATEO;Katherin Tatiana Calderon Acosta;PARTIDO CENTRO DEMOCRATICO;2
SAN MATEO;Movimiento Alternativo Indigena Y Social Mais;MOVIMIENTO ALTERNATIVO INDIGENA Y SOCIAL MAIS;2
SAN MATEO;Neddy Esther Sandoval Figueredo;PARTIDO LIBERAL COLOMBIANO;2
SAN MATEO;Nelsy Yolanda Rivera Ferrucho;BOYACA DECENTE;2
SAN MATEO;Omar Humberto Villamil Munevar;PARTIDO CONSERVADOR COLOMBIANO;2
SAN MATEO;Pablo Antonio Zambrano Salamanca;PARTIDO CONSERVADOR COLOMBIANO;2
SAN MATEO;Partido Colombia Justa Libres;PARTIDO COLOMBIA JUSTA LIBRES;2
SAN MATEO;Partido Liberal Colombiano;PARTIDO LIBERAL COLOMBIANO;2
SAN MATEO;Sonia Esperanza Lopez Barrera;PARTIDO CONSERVADOR COLOMBIANO;2
SAN MATEO;Wilder Ivan Suesca Ochoa;PARTIDO CENTRO DEMOCRATICO;2
SAN MATEO;Yury Neill Diaz Aranguren;MOVIMIENTO ALTERNATIVO INDIGENA Y SOCIAL MAIS;2
SAN MATEO;Adriana Paola Laverde Rodriguez;MOVIMIENTO ALTERNATIVO INDIGENA Y SOCIAL MAIS;1
SAN MATEO;Ana Delia Avendaño Hernandez;PARTIDO LIBERAL COLOMBIANO;1
SAN MATEO;Angela Rocio Umaña Rojas;PARTIDO CONSERVADOR COLOMBIANO;1
SAN MATEO;Antonio Ernesto Leguizamo Diaz;PARTIDO LIBERAL COLOMBIANO;1
SAN MATEO;Carlos Ernesto Torres Aguirre;PARTIDO CONSERVADOR COLOMBIANO;1
SAN MATEO;Claudia Yaneth Avila Castillo;PARTIDO SOCIAL DE UNIDAD NACIONAL  PARTIDO DE LA U;1
SAN MATEO;Eliana Hasleidy Gamez Pinilla;PARTIDO CAMBIO RADICAL;1
SAN MATEO;Elsa Marlen Manrique Pulgar;PARTIDO LIBERAL COLOMBIANO;1
SAN MATEO;Ericka Leonor Amador Gamarra;PARTIDO SOCIAL DE UNIDAD NACIONAL  PARTIDO DE LA U;1
SAN MATEO;Estefany Johana Grajales Marin;MOVIMIENTO ALTERNATIVO INDIGENA Y SOCIAL MAIS;1
SAN MATEO;Fredy Julian Castro Rodriguez;PARTIDO CENTRO DEMOCRATICO;1
SAN MATEO;John Fredy Lopez Mora;MOVIMIENTO ALTERNATIVO INDIGENA Y SOCIAL MAIS;1
SAN MATEO;Jorge Enrique Camacho Rodriguez;PARTIDO ALIANZA SOCIAL INDEPENDIENTE ASI;1
SAN MATEO;Jose Agustin Arias Millan;PARTIDO CENTRO DEMOCRATICO;1
SAN MATEO;Juddy Alexandra Jimenez Cuadros;PARTIDO SOCIAL DE UNIDAD NACIONAL  PARTIDO DE LA U;1
SAN MATEO;Kiliam Ernesto Gonzalez Forero;BOYACA DECENTE;1
SAN MATEO;Pedro Humberto Vargas Gomez;PARTIDO LIBERAL COLOMBIANO;1
SAN MATEO;Sandra Milena Ramirez Moreno;PARTIDO CAMBIO RADICAL;1
SAN MATEO;Sandra Patricia Contreras Soto;PARTIDO LIBERAL COLOMBIANO;1
SAN MATEO;Vivian Catherin Alvarez;PARTIDO ALIANZA SOCIAL INDEPENDIENTE ASI;1
SAN MIGUEL DE SEMA;Anderson Joaquin Sanchez Ruiz;PARTIDO LIBERAL COLOMBIANO;313
SAN MIGUEL DE SEMA;Ivan Ricardo Pirachican Bernal;PARTIDO CONSERVADOR COLOMBIANO;246
SAN MIGUEL DE SEMA;Partido Colombia Justa Libres;PARTIDO COLOMBIA JUSTA LIBRES;102
SAN MIGUEL DE SEMA;Partido Conservador Colombiano;PARTIDO CONSERVADOR COLOMBIANO;81
SAN MIGUEL DE SEMA;Partido Liberal Colombiano;PARTIDO LIBERAL COLOMBIANO;71
SAN MIGUEL DE SEMA;Luis Carlos Ochoa Pasachoa;PARTIDO ALIANZA VERDE;61
SAN MIGUEL DE SEMA;Estefany Johana Grajales Marin;MOVIMIENTO ALTERNATIVO INDIGENA Y SOCIAL MAIS;55
SAN MIGUEL DE SEMA;Omar Humberto Villamil Munevar;PARTIDO CONSERVADOR COLOMBIANO;44
SAN MIGUEL DE SEMA;Yamir Oswaldo Lopez Peña;PARTIDO ALIANZA VERDE;42
SAN MIGUEL DE SEMA;Ingrid Marlen Sogamoso Alfonso;PARTIDO CENTRO DEMOCRATICO;39
SAN MIGUEL DE SEMA;Jairo Pacheco Suarez;PARTIDO LIBERAL COLOMBIANO;29
SAN MIGUEL DE SEMA;Jose Armando Quiñones Garzon;PARTIDO CENTRO DEMOCRATICO;29
SAN MIGUEL DE SEMA;Concha Jael Vargas Saavedra;PARTIDO CONSERVADOR COLOMBIANO;26
SAN MIGUEL DE SEMA;Fernando Alexander Serrato Fonseca;PARTIDO LIBERAL COLOMBIANO;26
SAN MIGUEL DE SEMA;Partido Alianza Verde;PARTIDO ALIANZA VERDE;25
SAN MIGUEL DE SEMA;Jose Dario Mahecha Castillo;PARTIDO CONSERVADOR COLOMBIANO;21
SAN MIGUEL DE SEMA;Juan Camilo Morales Rodriguez;PARTIDO LIBERAL COLOMBIANO;20
SAN MIGUEL DE SEMA;Fabian Camilo Rojas Barrera;PARTIDO LIBERAL COLOMBIANO;17
SAN MIGUEL DE SEMA;Manuel Ricardo Mesa Trujillo;PARTIDO SOCIAL DE UNIDAD NACIONAL  PARTIDO DE LA U;17
SAN MIGUEL DE SEMA;Pedro Pablo Salas Hernandez;PARTIDO ALIANZA VERDE;16
SAN MIGUEL DE SEMA;Gustavo Eduardo Castañeda Niño;PARTIDO ALIANZA VERDE;15
SAN MIGUEL DE SEMA;Ana Adela Pulido Cuadros;PARTIDO CONSERVADOR COLOMBIANO;13
SAN MIGUEL DE SEMA;Angela Patricia Velandia Novoa;PARTIDO ALIANZA VERDE;13
SAN MIGUEL DE SEMA;Johan Francisco Herrera Gualdron;PARTIDO ALIANZA VERDE;13
SAN MIGUEL DE SEMA;Hernando Arias Ochoa;PARTIDO ALIANZA SOCIAL INDEPENDIENTE ASI;12
SAN MIGUEL DE SEMA;Elsa Marlen Manrique Pulgar;PARTIDO LIBERAL COLOMBIANO;9
SAN MIGUEL DE SEMA;Orlando Florez Cuervo;PARTIDO CENTRO DEMOCRATICO;9
SAN MIGUEL DE SEMA;Wilder Ivan Suesca Ochoa;PARTIDO CENTRO DEMOCRATICO;9
SAN MIGUEL DE SEMA;William Rodolfo Mesa Avella;PARTIDO CENTRO DEMOCRATICO;9
SAN MIGUEL DE SEMA;Jose Agustin Arias Millan;PARTIDO CENTRO DEMOCRATICO;8
SAN MIGUEL DE SEMA;Luis Carlos Machado Zapata;PARTIDO LIBERAL COLOMBIANO;8
SAN MIGUEL DE SEMA;Carlos Ernesto Torres Aguirre;PARTIDO CONSERVADOR COLOMBIANO;7
SAN MIGUEL DE SEMA;Jose Antonio Estupiñan Caceres;PARTIDO CONSERVADOR COLOMBIANO;7
SAN MIGUEL DE SEMA;Nelson Mauricio Rodriguez Perez;PARTIDO CONSERVADOR COLOMBIANO;7
SAN MIGUEL DE SEMA;Siervo Yesith Gonzalez Saavedra;PARTIDO CAMBIO RADICAL;7
SAN MIGUEL DE SEMA;Hugo Alveiro Rosas Romero;PARTIDO ALIANZA VERDE;6
SAN MIGUEL DE SEMA;Neddy Esther Sandoval Figueredo;PARTIDO LIBERAL COLOMBIANO;6
SAN MIGUEL DE SEMA;Partido Centro Democratico;PARTIDO CENTRO DEMOCRATICO;6
SAN MIGUEL DE SEMA;Willian David Pabon Jimenez;PARTIDO SOCIAL DE UNIDAD NACIONAL  PARTIDO DE LA U;6
SAN MIGUEL DE SEMA;Carlos Alfredo Siza Blanco;PARTIDO CONSERVADOR COLOMBIANO;5
SAN MIGUEL DE SEMA;Eliana Maria Villate Fonseca;PARTIDO CONSERVADOR COLOMBIANO;5
SAN MIGUEL DE SEMA;Hector Josue Camacho Acosta;PARTIDO CENTRO DEMOCRATICO;5
SAN MIGUEL DE SEMA;Jaime Andres Gomez Gomez;PARTIDO CONSERVADOR COLOMBIANO;5
SAN MIGUEL DE SEMA;Sandra Patricia Contreras Soto;PARTIDO LIBERAL COLOMBIANO;5
SAN MIGUEL DE SEMA;Sonia Esperanza Lopez Barrera;PARTIDO CONSERVADOR COLOMBIANO;5
SAN MIGUEL DE SEMA;Alfredo Horacio Correa Higuera;PARTIDO CAMBIO RADICAL;4
SAN MIGUEL DE SEMA;Fredy Julian Castro Rodriguez;PARTIDO CENTRO DEMOCRATICO;4
SAN MIGUEL DE SEMA;Jorge Marin Jerez Amado;PARTIDO LIBERAL COLOMBIANO;4
SAN MIGUEL DE SEMA;Luisa Fernanda Rodriguez Alfonso;PARTIDO ALIANZA VERDE;4
SAN MIGUEL DE SEMA;Merardo Vargas Roa;PARTIDO ALIANZA VERDE;4
SAN MIGUEL DE SEMA;Movimiento Alternativo Indigena Y Social Mais;MOVIMIENTO ALTERNATIVO INDIGENA Y SOCIAL MAIS;4
SAN MIGUEL DE SEMA;Norman De Jesus Quintero Gallego;PARTIDO CONSERVADOR COLOMBIANO;4
SAN MIGUEL DE SEMA;Omar Fernando Valderrama Baez;PARTIDO CENTRO DEMOCRATICO;4
SAN MIGUEL DE SEMA;Eliana Hasleidy Gamez Pinilla;PARTIDO CAMBIO RADICAL;3
SAN MIGUEL DE SEMA;Fernando Augusto Diaz Saenz;PARTIDO CONSERVADOR COLOMBIANO;3
SAN MIGUEL DE SEMA;Jose Mauricio Buitrago Rivera;PARTIDO CAMBIO RADICAL;3
SAN MIGUEL DE SEMA;Katherin Tatiana Calderon Acosta;PARTIDO CENTRO DEMOCRATICO;3
SAN MIGUEL DE SEMA;Luis Carlos Bernal Mesa;PARTIDO SOCIAL DE UNIDAD NACIONAL  PARTIDO DE LA U;3
SAN MIGUEL DE SEMA;Luz Dary Sevillano Guerrero;PARTIDO ALIANZA VERDE;3
SAN MIGUEL DE SEMA;Oscar Leonardo Montañez Sierra;PARTIDO CAMBIO RADICAL;3
SAN MIGUEL DE SEMA;Pablo Antonio Zambrano Salamanca;PARTIDO CONSERVADOR COLOMBIANO;3
SAN MIGUEL DE SEMA;Partido Cambio Radical;PARTIDO CAMBIO RADICAL;3
SAN MIGUEL DE SEMA;Ricardo Andres Español Teatino;PARTIDO LIBERAL COLOMBIANO;3
SAN MIGUEL DE SEMA;Segundo Fidel Salazar Gonzalez;PARTIDO SOCIAL DE UNIDAD NACIONAL  PARTIDO DE LA U;3
SAN MIGUEL DE SEMA;Ana Delia Avendaño Hernandez;PARTIDO LIBERAL COLOMBIANO;2
SAN MIGUEL DE SEMA;Ana Lucia Parra Monroy;PARTIDO SOCIAL DE UNIDAD NACIONAL  PARTIDO DE LA U;2
SAN MIGUEL DE SEMA;David Santiago Ochoa Garcia;PARTIDO SOCIAL DE UNIDAD NACIONAL  PARTIDO DE LA U;2
SAN MIGUEL DE SEMA;Erika Dayana Piragauta Rodriguez;PARTIDO LIBERAL COLOMBIANO;2
SAN MIGUEL DE SEMA;Jairo Correa Acevedo;MOVIMIENTO ALTERNATIVO INDIGENA Y SOCIAL MAIS;2
SAN MIGUEL DE SEMA;Kiliam Ernesto Gonzalez Forero;BOYACA DECENTE;2
SAN MIGUEL DE SEMA;Maria De Los Santos Salamanca Silva;PARTIDO ALIANZA VERDE;2
SAN MIGUEL DE SEMA;Mauricio Cadena Valero;PARTIDO CENTRO DEMOCRATICO;2
SAN MIGUEL DE SEMA;Partido Alianza Social Independiente Asi;PARTIDO ALIANZA SOCIAL INDEPENDIENTE ASI;2
SAN MIGUEL DE SEMA;Pedro Humberto Vargas Gomez;PARTIDO LIBERAL COLOMBIANO;2
SAN MIGUEL DE SEMA;Ricardo Alonso Rojas Sachica;PARTIDO ALIANZA VERDE;2
SAN MIGUEL DE SEMA;Sergio Cabra Sierra;PARTIDO SOCIAL DE UNIDAD NACIONAL  PARTIDO DE LA U;2
SAN MIGUEL DE SEMA;Yadith Milena Martinez Farfan;PARTIDO CENTRO DEMOCRATICO;2
SAN MIGUEL DE SEMA;Alberto Enrique Murillo Sanchez;PARTIDO CAMBIO RADICAL;1
SAN MIGUEL DE SEMA;Angela Magaly Garcia Rivera;MOVIMIENTO ALTERNATIVO INDIGENA Y SOCIAL MAIS;1
SAN MIGUEL DE SEMA;Angela Rocio Umaña Rojas;PARTIDO CONSERVADOR COLOMBIANO;1
SAN MIGUEL DE SEMA;Antonio Ernesto Leguizamo Diaz;PARTIDO LIBERAL COLOMBIANO;1
SAN MIGUEL DE SEMA;Aura Lucia Ortiz Cardona;PARTIDO CENTRO DEMOCRATICO;1
SAN MIGUEL DE SEMA;Carlos Eduardo Vega Alvarez;BOYACA DECENTE;1
SAN MIGUEL DE SEMA;Daniel Fernando Mejia Lozano;PARTIDO ALIANZA SOCIAL INDEPENDIENTE ASI;1
SAN MIGUEL DE SEMA;Edgar Antulio Gonzalez Trujillo;BOYACA DECENTE;1
SAN MIGUEL DE SEMA;Fredy Leonardo Rojas Vargas;PARTIDO CENTRO DEMOCRATICO;1
SAN MIGUEL DE SEMA;Giovanna Del Pilar Soto Barreto;PARTIDO CAMBIO RADICAL;1
SAN MIGUEL DE SEMA;Gregorio Morales Tovar;BOYACA DECENTE;1
SAN MIGUEL DE SEMA;Jairo Enrique Cabana Fonseca;PARTIDO ALIANZA VERDE;1
SAN MIGUEL DE SEMA;Jhon Fredy Garavito Cortes;PARTIDO SOCIAL DE UNIDAD NACIONAL  PARTIDO DE LA U;1
SAN MIGUEL DE SEMA;John Fredy Lopez Mora;MOVIMIENTO ALTERNATIVO INDIGENA Y SOCIAL MAIS;1
SAN MIGUEL DE SEMA;Jose Wilmar Leal Abril;PARTIDO CAMBIO RADICAL;1
SAN MIGUEL DE SEMA;Juddy Alexandra Jimenez Cuadros;PARTIDO SOCIAL DE UNIDAD NACIONAL  PARTIDO DE LA U;1
SAN MIGUEL DE SEMA;Julian Guillermo Camargo Amortegui;MOVIMIENTO ALTERNATIVO INDIGENA Y SOCIAL MAIS;1
SAN MIGUEL DE SEMA;Julieth Rocio Montañez Niño;PARTIDO ALIANZA SOCIAL INDEPENDIENTE ASI;1
SAN MIGUEL DE SEMA;Nelsy Yolanda Rivera Ferrucho;BOYACA DECENTE;1
SAN MIGUEL DE SEMA;Nereo Baron Tellez;MOVIMIENTO ALTERNATIVO INDIGENA Y SOCIAL MAIS;1
SAN MIGUEL DE SEMA;Olga Niño Rojas;PARTIDO CENTRO DEMOCRATICO;1
SAN MIGUEL DE SEMA;Partido Social De Unidad Nacional  Partido De La U;PARTIDO SOCIAL DE UNIDAD NACIONAL  PARTIDO DE LA U;1
SAN MIGUEL DE SEMA;Sandra Patricia Ricaurte Espinel;PARTIDO CAMBIO RADICAL;1
SAN MIGUEL DE SEMA;Wilkins Fernando Chaparro Cuervo;PARTIDO ALIANZA SOCIAL INDEPENDIENTE ASI;1
SAN MIGUEL DE SEMA;Yury Neill Diaz Aranguren;MOVIMIENTO ALTERNATIVO INDIGENA Y SOCIAL MAIS;1
SAN MIGUEL DE SEMA;David Alejandro Avila Cely;MOVIMIENTO ALTERNATIVO INDIGENA Y SOCIAL MAIS;0
SAN MIGUEL DE SEMA;Martha Ines Zipa Martinez;PARTIDO CAMBIO RADICAL;0
SAN MIGUEL DE SEMA;Uldarico Javier Ramirez Chilito;MOVIMIENTO ALTERNATIVO INDIGENA Y SOCIAL MAIS;0
SAN PABLO DE BORBUR;Jose Dario Mahecha Castillo;PARTIDO CONSERVADOR COLOMBIANO;842
SAN PABLO DE BORBUR;Luis Carlos Ochoa Pasachoa;PARTIDO ALIANZA VERDE;430
SAN PABLO DE BORBUR;Yamir Oswaldo Lopez Peña;PARTIDO ALIANZA VERDE;408
SAN PABLO DE BORBUR;Omar Humberto Villamil Munevar;PARTIDO CONSERVADOR COLOMBIANO;201
SAN PABLO DE BORBUR;Partido Colombia Justa Libres;PARTIDO COLOMBIA JUSTA LIBRES;189
SAN PABLO DE BORBUR;Jose Armando Quiñones Garzon;PARTIDO CENTRO DEMOCRATICO;128
SAN PABLO DE BORBUR;Partido Alianza Verde;PARTIDO ALIANZA VERDE;123
SAN PABLO DE BORBUR;Jose Agustin Arias Millan;PARTIDO CENTRO DEMOCRATICO;94
SAN PABLO DE BORBUR;Fernando Alexander Serrato Fonseca;PARTIDO LIBERAL COLOMBIANO;72
SAN PABLO DE BORBUR;Manuel Ricardo Mesa Trujillo;PARTIDO SOCIAL DE UNIDAD NACIONAL  PARTIDO DE LA U;53
SAN PABLO DE BORBUR;William Rodolfo Mesa Avella;PARTIDO CENTRO DEMOCRATICO;39
SAN PABLO DE BORBUR;Merardo Vargas Roa;PARTIDO ALIANZA VERDE;38
SAN PABLO DE BORBUR;Roman Hernando Ortega Hernandez;PARTIDO ALIANZA VERDE;38
SAN PABLO DE BORBUR;Partido Conservador Colombiano;PARTIDO CONSERVADOR COLOMBIANO;36
SAN PABLO DE BORBUR;Hugo Alveiro Rosas Romero;PARTIDO ALIANZA VERDE;35
SAN PABLO DE BORBUR;Jorge Enrique Camacho Rodriguez;PARTIDO ALIANZA SOCIAL INDEPENDIENTE ASI;33
SAN PABLO DE BORBUR;Pedro Pablo Salas Hernandez;PARTIDO ALIANZA VERDE;31
SAN PABLO DE BORBUR;Jhon Fredy Garavito Cortes;PARTIDO SOCIAL DE UNIDAD NACIONAL  PARTIDO DE LA U;30
SAN PABLO DE BORBUR;Fabian Camilo Rojas Barrera;PARTIDO LIBERAL COLOMBIANO;28
SAN PABLO DE BORBUR;Partido Liberal Colombiano;PARTIDO LIBERAL COLOMBIANO;28
SAN PABLO DE BORBUR;Luz Dary Sevillano Guerrero;PARTIDO ALIANZA VERDE;25
SAN PABLO DE BORBUR;Norman De Jesus Quintero Gallego;PARTIDO CONSERVADOR COLOMBIANO;24
SAN PABLO DE BORBUR;Partido Centro Democratico;PARTIDO CENTRO DEMOCRATICO;24
SAN PABLO DE BORBUR;Angela Rocio Umaña Rojas;PARTIDO CONSERVADOR COLOMBIANO;22
SAN PABLO DE BORBUR;Concha Jael Vargas Saavedra;PARTIDO CONSERVADOR COLOMBIANO;22
SAN PABLO DE BORBUR;Partido Cambio Radical;PARTIDO CAMBIO RADICAL;21
SAN PABLO DE BORBUR;Hector Josue Camacho Acosta;PARTIDO CENTRO DEMOCRATICO;19
SAN PABLO DE BORBUR;Jairo Pacheco Suarez;PARTIDO LIBERAL COLOMBIANO;19
SAN PABLO DE BORBUR;Carlos Ernesto Torres Aguirre;PARTIDO CONSERVADOR COLOMBIANO;18
SAN PABLO DE BORBUR;Partido Social De Unidad Nacional  Partido De La U;PARTIDO SOCIAL DE UNIDAD NACIONAL  PARTIDO DE LA U;18
SAN PABLO DE BORBUR;Oscar Leonardo Montañez Sierra;PARTIDO CAMBIO RADICAL;15
SAN PABLO DE BORBUR;Gustavo Eduardo Castañeda Niño;PARTIDO ALIANZA VERDE;14
SAN PABLO DE BORBUR;Maria De Los Santos Salamanca Silva;PARTIDO ALIANZA VERDE;14
SAN PABLO DE BORBUR;Ana Adela Pulido Cuadros;PARTIDO CONSERVADOR COLOMBIANO;13
SAN PABLO DE BORBUR;Angela Patricia Velandia Novoa;PARTIDO ALIANZA VERDE;12
SAN PABLO DE BORBUR;Johan Francisco Herrera Gualdron;PARTIDO ALIANZA VERDE;12
SAN PABLO DE BORBUR;Nelson Mauricio Rodriguez Perez;PARTIDO CONSERVADOR COLOMBIANO;10
SAN PABLO DE BORBUR;Sandra Milena Ramirez Moreno;PARTIDO CAMBIO RADICAL;10
SAN PABLO DE BORBUR;Katherin Tatiana Calderon Acosta;PARTIDO CENTRO DEMOCRATICO;9
SAN PABLO DE BORBUR;Mauricio Cadena Valero;PARTIDO CENTRO DEMOCRATICO;9
SAN PABLO DE BORBUR;Alfredo Horacio Correa Higuera;PARTIDO CAMBIO RADICAL;8
SAN PABLO DE BORBUR;Eliana Maria Villate Fonseca;PARTIDO CONSERVADOR COLOMBIANO;8
SAN PABLO DE BORBUR;Martha Ines Zipa Martinez;PARTIDO CAMBIO RADICAL;8
SAN PABLO DE BORBUR;Carlos Julian Diaz Franco;PARTIDO ALIANZA SOCIAL INDEPENDIENTE ASI;7
SAN PABLO DE BORBUR;Ivan Ricardo Pirachican Bernal;PARTIDO CONSERVADOR COLOMBIANO;7
SAN PABLO DE BORBUR;Jorge Marin Jerez Amado;PARTIDO LIBERAL COLOMBIANO;7
SAN PABLO DE BORBUR;Olga Niño Rojas;PARTIDO CENTRO DEMOCRATICO;7
SAN PABLO DE BORBUR;Pablo Antonio Zambrano Salamanca;PARTIDO CONSERVADOR COLOMBIANO;7
SAN PABLO DE BORBUR;Willian David Pabon Jimenez;PARTIDO SOCIAL DE UNIDAD NACIONAL  PARTIDO DE LA U;7
SAN PABLO DE BORBUR;Wilton Fredy Castro Silva;PARTIDO ALIANZA VERDE;7
SAN PABLO DE BORBUR;Armando Buitrago Acevedo;PARTIDO ALIANZA SOCIAL INDEPENDIENTE ASI;6
SAN PABLO DE BORBUR;Carlos Alfredo Siza Blanco;PARTIDO CONSERVADOR COLOMBIANO;6
SAN PABLO DE BORBUR;Ingrid Marlen Sogamoso Alfonso;PARTIDO CENTRO DEMOCRATICO;6
SAN PABLO DE BORBUR;Jose Mauricio Buitrago Rivera;PARTIDO CAMBIO RADICAL;6
SAN PABLO DE BORBUR;Luis Carlos Machado Zapata;PARTIDO LIBERAL COLOMBIANO;6
SAN PABLO DE BORBUR;Maira Adriana Zerda Gonzalez;PARTIDO ALIANZA VERDE;6
SAN PABLO DE BORBUR;Sandra Patricia Ricaurte Espinel;PARTIDO CAMBIO RADICAL;6
SAN PABLO DE BORBUR;Alba Luz Becerra Becerra;PARTIDO ALIANZA SOCIAL INDEPENDIENTE ASI;5
SAN PABLO DE BORBUR;Elsa Marlen Manrique Pulgar;PARTIDO LIBERAL COLOMBIANO;5
SAN PABLO DE BORBUR;Fernando Augusto Diaz Saenz;PARTIDO CONSERVADOR COLOMBIANO;5
SAN PABLO DE BORBUR;Giovanna Del Pilar Soto Barreto;PARTIDO CAMBIO RADICAL;5
SAN PABLO DE BORBUR;Jairo Enrique Cabana Fonseca;PARTIDO ALIANZA VERDE;5
SAN PABLO DE BORBUR;Partido Alianza Social Independiente Asi;PARTIDO ALIANZA SOCIAL INDEPENDIENTE ASI;5
SAN PABLO DE BORBUR;Ricardo Alonso Rojas Sachica;PARTIDO ALIANZA VERDE;5
SAN PABLO DE BORBUR;Sergio Cabra Sierra;PARTIDO SOCIAL DE UNIDAD NACIONAL  PARTIDO DE LA U;5
SAN PABLO DE BORBUR;Anderson Joaquin Sanchez Ruiz;PARTIDO LIBERAL COLOMBIANO;4
SAN PABLO DE BORBUR;Aura Lucia Ortiz Cardona;PARTIDO CENTRO DEMOCRATICO;4
SAN PABLO DE BORBUR;Fredy Leonardo Rojas Vargas;PARTIDO CENTRO DEMOCRATICO;4
SAN PABLO DE BORBUR;Jhonnatan Jairo Avellaneda Mesa;MOVIMIENTO ALTERNATIVO INDIGENA Y SOCIAL MAIS;4
SAN PABLO DE BORBUR;Jose Antonio Estupiñan Caceres;PARTIDO CONSERVADOR COLOMBIANO;4
SAN PABLO DE BORBUR;Juan Camilo Morales Rodriguez;PARTIDO LIBERAL COLOMBIANO;4
SAN PABLO DE BORBUR;Kiliam Ernesto Gonzalez Forero;BOYACA DECENTE;4
SAN PABLO DE BORBUR;Luisa Fernanda Rodriguez Alfonso;PARTIDO ALIANZA VERDE;4
SAN PABLO DE BORBUR;Omar Fernando Valderrama Baez;PARTIDO CENTRO DEMOCRATICO;4
SAN PABLO DE BORBUR;Sandra Patricia Contreras Soto;PARTIDO LIBERAL COLOMBIANO;4
SAN PABLO DE BORBUR;Claudia Patricia Barrera Patiño;PARTIDO SOCIAL DE UNIDAD NACIONAL  PARTIDO DE LA U;3
SAN PABLO DE BORBUR;Edwin Alfonso Perez Beltran;PARTIDO ALIANZA SOCIAL INDEPENDIENTE ASI;3
SAN PABLO DE BORBUR;Erika Dayana Piragauta Rodriguez;PARTIDO LIBERAL COLOMBIANO;3
SAN PABLO DE BORBUR;Fredy Julian Castro Rodriguez;PARTIDO CENTRO DEMOCRATICO;3
SAN PABLO DE BORBUR;Hernando Arias Ochoa;PARTIDO ALIANZA SOCIAL INDEPENDIENTE ASI;3
SAN PABLO DE BORBUR;Irma Yineth Velandia Sandoval;PARTIDO CAMBIO RADICAL;3
SAN PABLO DE BORBUR;Jaime Andres Gomez Gomez;PARTIDO CONSERVADOR COLOMBIANO;3
SAN PABLO DE BORBUR;Jose Wilmar Leal Abril;PARTIDO CAMBIO RADICAL;3
SAN PABLO DE BORBUR;Mariev Bejarano Ospina;BOYACA DECENTE;3
SAN PABLO DE BORBUR;Orlando Florez Cuervo;PARTIDO CENTRO DEMOCRATICO;3
SAN PABLO DE BORBUR;Sonia Esperanza Lopez Barrera;PARTIDO CONSERVADOR COLOMBIANO;3
SAN PABLO DE BORBUR;Adriana Paola Laverde Rodriguez;MOVIMIENTO ALTERNATIVO INDIGENA Y SOCIAL MAIS;2
SAN PABLO DE BORBUR;Alberto Enrique Murillo Sanchez;PARTIDO CAMBIO RADICAL;2
SAN PABLO DE BORBUR;Alvaro Hernan Forero Hurtado;BOYACA DECENTE;2
SAN PABLO DE BORBUR;Cesar Augusto Mojica Bedoya;PARTIDO SOCIAL DE UNIDAD NACIONAL  PARTIDO DE LA U;2
SAN PABLO DE BORBUR;Claudia Yaneth Avila Castillo;PARTIDO SOCIAL DE UNIDAD NACIONAL  PARTIDO DE LA U;2
SAN PABLO DE BORBUR;David Santiago Ochoa Garcia;PARTIDO SOCIAL DE UNIDAD NACIONAL  PARTIDO DE LA U;2
SAN PABLO DE BORBUR;Eliana Hasleidy Gamez Pinilla;PARTIDO CAMBIO RADICAL;2
SAN PABLO DE BORBUR;Juddy Alexandra Jimenez Cuadros;PARTIDO SOCIAL DE UNIDAD NACIONAL  PARTIDO DE LA U;2
SAN PABLO DE BORBUR;Luis Carlos Bernal Mesa;PARTIDO SOCIAL DE UNIDAD NACIONAL  PARTIDO DE LA U;2
SAN PABLO DE BORBUR;Neddy Esther Sandoval Figueredo;PARTIDO LIBERAL COLOMBIANO;2
SAN PABLO DE BORBUR;Pedro Humberto Vargas Gomez;PARTIDO LIBERAL COLOMBIANO;2
SAN PABLO DE BORBUR;Vivian Catherin Alvarez;PARTIDO ALIANZA SOCIAL INDEPENDIENTE ASI;2
SAN PABLO DE BORBUR;Wilder Ivan Suesca Ochoa;PARTIDO CENTRO DEMOCRATICO;2
SAN PABLO DE BORBUR;Yadith Milena Martinez Farfan;PARTIDO CENTRO DEMOCRATICO;2
SAN PABLO DE BORBUR;Ana Delia Avendaño Hernandez;PARTIDO LIBERAL COLOMBIANO;1
SAN PABLO DE BORBUR;Ana Lucia Parra Monroy;PARTIDO SOCIAL DE UNIDAD NACIONAL  PARTIDO DE LA U;1
SAN PABLO DE BORBUR;Andrea Carolina Camargo Caro;MOVIMIENTO ALTERNATIVO INDIGENA Y SOCIAL MAIS;1
SAN PABLO DE BORBUR;Andres Mauricio Escarria Barraza;PARTIDO CAMBIO RADICAL;1
SAN PABLO DE BORBUR;Boyaca Decente;BOYACA DECENTE;1
SAN PABLO DE BORBUR;Carlos Eduardo Vega Alvarez;BOYACA DECENTE;1
SAN PABLO DE BORBUR;Carmen Liria Prieto Cortes;BOYACA DECENTE;1
SAN PABLO DE BORBUR;David Alejandro Avila Cely;MOVIMIENTO ALTERNATIVO INDIGENA Y SOCIAL MAIS;1
SAN PABLO DE BORBUR;Edgar Antulio Gonzalez Trujillo;BOYACA DECENTE;1
SAN PABLO DE BORBUR;Estefany Johana Grajales Marin;MOVIMIENTO ALTERNATIVO INDIGENA Y SOCIAL MAIS;1
SAN PABLO DE BORBUR;Flor Elba Velandia Cely;PARTIDO ALIANZA SOCIAL INDEPENDIENTE ASI;1
SAN PABLO DE BORBUR;Gregorio Morales Tovar;BOYACA DECENTE;1
SAN PABLO DE BORBUR;Helver Ariel Avila Panche;PARTIDO CENTRO DEMOCRATICO;1
SAN PABLO DE BORBUR;Jorge Ignacio Lopez Barrera;BOYACA DECENTE;1
SAN PABLO DE BORBUR;Julieth Rocio Montañez Niño;PARTIDO ALIANZA SOCIAL INDEPENDIENTE ASI;1
SAN PABLO DE BORBUR;Laura Patricia Contreras Alvarez;PARTIDO ALIANZA SOCIAL INDEPENDIENTE ASI;1
SAN PABLO DE BORBUR;Ricardo Andres Español Teatino;PARTIDO LIBERAL COLOMBIANO;1
SAN PABLO DE BORBUR;Siervo Yesith Gonzalez Saavedra;PARTIDO CAMBIO RADICAL;1
SAN PABLO DE BORBUR;Wilkins Fernando Chaparro Cuervo;PARTIDO ALIANZA SOCIAL INDEPENDIENTE ASI;1
SAN PABLO DE BORBUR;William Chaparro Rodriguez;BOYACA DECENTE;1
SAN PABLO DE BORBUR;Yury Neill Diaz Aranguren;MOVIMIENTO ALTERNATIVO INDIGENA Y SOCIAL MAIS;1
SANTA MARIA;Ingrid Marlen Sogamoso Alfonso;PARTIDO CENTRO DEMOCRATICO;491
SANTA MARIA;Yamir Oswaldo Lopez Peña;PARTIDO ALIANZA VERDE;217
SANTA MARIA;Maira Adriana Zerda Gonzalez;PARTIDO ALIANZA VERDE;205
SANTA MARIA;Fernando Alexander Serrato Fonseca;PARTIDO LIBERAL COLOMBIANO;149
SANTA MARIA;Partido Alianza Verde;PARTIDO ALIANZA VERDE;52
SANTA MARIA;Johan Francisco Herrera Gualdron;PARTIDO ALIANZA VERDE;43
SANTA MARIA;Claudia Yaneth Avila Castillo;PARTIDO SOCIAL DE UNIDAD NACIONAL  PARTIDO DE LA U;37
SANTA MARIA;Fernando Augusto Diaz Saenz;PARTIDO CONSERVADOR COLOMBIANO;32
SANTA MARIA;Alfredo Horacio Correa Higuera;PARTIDO CAMBIO RADICAL;29
SANTA MARIA;Angela Patricia Velandia Novoa;PARTIDO ALIANZA VERDE;28
SANTA MARIA;Sergio Cabra Sierra;PARTIDO SOCIAL DE UNIDAD NACIONAL  PARTIDO DE LA U;26
SANTA MARIA;Antonio Ernesto Leguizamo Diaz;PARTIDO LIBERAL COLOMBIANO;25
SANTA MARIA;Ivan Ricardo Pirachican Bernal;PARTIDO CONSERVADOR COLOMBIANO;20
SANTA MARIA;Jairo Pacheco Suarez;PARTIDO LIBERAL COLOMBIANO;20
SANTA MARIA;Oscar Leonardo Montañez Sierra;PARTIDO CAMBIO RADICAL;19
SANTA MARIA;Jose Wilmar Leal Abril;PARTIDO CAMBIO RADICAL;18
SANTA MARIA;Partido Liberal Colombiano;PARTIDO LIBERAL COLOMBIANO;17
SANTA MARIA;Jose Armando Quiñones Garzon;PARTIDO CENTRO DEMOCRATICO;15
SANTA MARIA;Mauricio Cadena Valero;PARTIDO CENTRO DEMOCRATICO;15
SANTA MARIA;Partido Cambio Radical;PARTIDO CAMBIO RADICAL;14
SANTA MARIA;Partido Centro Democratico;PARTIDO CENTRO DEMOCRATICO;14
SANTA MARIA;Fabian Camilo Rojas Barrera;PARTIDO LIBERAL COLOMBIANO;13
SANTA MARIA;Luis Carlos Ochoa Pasachoa;PARTIDO ALIANZA VERDE;13
SANTA MARIA;Ricardo Alonso Rojas Sachica;PARTIDO ALIANZA VERDE;12
SANTA MARIA;Concha Jael Vargas Saavedra;PARTIDO CONSERVADOR COLOMBIANO;11
SANTA MARIA;Partido Conservador Colombiano;PARTIDO CONSERVADOR COLOMBIANO;11
SANTA MARIA;Partido Social De Unidad Nacional  Partido De La U;PARTIDO SOCIAL DE UNIDAD NACIONAL  PARTIDO DE LA U;10
SANTA MARIA;Wilder Ivan Suesca Ochoa;PARTIDO CENTRO DEMOCRATICO;10
SANTA MARIA;Alberto Enrique Murillo Sanchez;PARTIDO CAMBIO RADICAL;9
SANTA MARIA;Hugo Alveiro Rosas Romero;PARTIDO ALIANZA VERDE;9
SANTA MARIA;Roman Hernando Ortega Hernandez;PARTIDO ALIANZA VERDE;9
SANTA MARIA;Pedro Pablo Salas Hernandez;PARTIDO ALIANZA VERDE;8
SANTA MARIA;Anderson Joaquin Sanchez Ruiz;PARTIDO LIBERAL COLOMBIANO;7
SANTA MARIA;Fredy Julian Castro Rodriguez;PARTIDO CENTRO DEMOCRATICO;7
SANTA MARIA;Jairo Enrique Cabana Fonseca;PARTIDO ALIANZA VERDE;7
SANTA MARIA;Willian David Pabon Jimenez;PARTIDO SOCIAL DE UNIDAD NACIONAL  PARTIDO DE LA U;7
SANTA MARIA;Wilton Fredy Castro Silva;PARTIDO ALIANZA VERDE;7
SANTA MARIA;Gustavo Eduardo Castañeda Niño;PARTIDO ALIANZA VERDE;6
SANTA MARIA;Luisa Fernanda Rodriguez Alfonso;PARTIDO ALIANZA VERDE;6
SANTA MARIA;Manuel Ricardo Mesa Trujillo;PARTIDO SOCIAL DE UNIDAD NACIONAL  PARTIDO DE LA U;6
SANTA MARIA;Ana Lucia Parra Monroy;PARTIDO SOCIAL DE UNIDAD NACIONAL  PARTIDO DE LA U;5
SANTA MARIA;Irma Yineth Velandia Sandoval;PARTIDO CAMBIO RADICAL;5
SANTA MARIA;Jhon Fredy Garavito Cortes;PARTIDO SOCIAL DE UNIDAD NACIONAL  PARTIDO DE LA U;5
SANTA MARIA;Partido Alianza Social Independiente Asi;PARTIDO ALIANZA SOCIAL INDEPENDIENTE ASI;5
SANTA MARIA;Alvaro Hernan Forero Hurtado;BOYACA DECENTE;4
SANTA MARIA;Eliana Maria Villate Fonseca;PARTIDO CONSERVADOR COLOMBIANO;4
SANTA MARIA;Giovanna Del Pilar Soto Barreto;PARTIDO CAMBIO RADICAL;4
SANTA MARIA;Hector Josue Camacho Acosta;PARTIDO CENTRO DEMOCRATICO;4
SANTA MARIA;Juan Camilo Morales Rodriguez;PARTIDO LIBERAL COLOMBIANO;4
SANTA MARIA;Olga Niño Rojas;PARTIDO CENTRO DEMOCRATICO;4
SANTA MARIA;Partido Colombia Justa Libres;PARTIDO COLOMBIA JUSTA LIBRES;4
SANTA MARIA;Sandra Milena Ramirez Moreno;PARTIDO CAMBIO RADICAL;4
SANTA MARIA;William Rodolfo Mesa Avella;PARTIDO CENTRO DEMOCRATICO;4
SANTA MARIA;Carlos Alfredo Siza Blanco;PARTIDO CONSERVADOR COLOMBIANO;3
SANTA MARIA;Fredy Leonardo Rojas Vargas;PARTIDO CENTRO DEMOCRATICO;3
SANTA MARIA;Helver Ariel Avila Panche;PARTIDO CENTRO DEMOCRATICO;3
SANTA MARIA;Jorge Ignacio Lopez Barrera;BOYACA DECENTE;3
SANTA MARIA;Jose Mauricio Buitrago Rivera;PARTIDO CAMBIO RADICAL;3
SANTA MARIA;Luz Dary Sevillano Guerrero;PARTIDO ALIANZA VERDE;3
SANTA MARIA;Martha Ines Zipa Martinez;PARTIDO CAMBIO RADICAL;3
SANTA MARIA;Merardo Vargas Roa;PARTIDO ALIANZA VERDE;3
SANTA MARIA;Nelson Mauricio Rodriguez Perez;PARTIDO CONSERVADOR COLOMBIANO;3
SANTA MARIA;Omar Fernando Valderrama Baez;PARTIDO CENTRO DEMOCRATICO;3
SANTA MARIA;Omar Humberto Villamil Munevar;PARTIDO CONSERVADOR COLOMBIANO;3
SANTA MARIA;Segundo Fidel Salazar Gonzalez;PARTIDO SOCIAL DE UNIDAD NACIONAL  PARTIDO DE LA U;3
SANTA MARIA;Siervo Yesith Gonzalez Saavedra;PARTIDO CAMBIO RADICAL;3
SANTA MARIA;Wilkins Fernando Chaparro Cuervo;PARTIDO ALIANZA SOCIAL INDEPENDIENTE ASI;3
SANTA MARIA;Carlos Ernesto Torres Aguirre;PARTIDO CONSERVADOR COLOMBIANO;2
SANTA MARIA;Edwin Andres Rodriguez Rodriguez;PARTIDO LIBERAL COLOMBIANO;2
SANTA MARIA;Ericka Leonor Amador Gamarra;PARTIDO SOCIAL DE UNIDAD NACIONAL  PARTIDO DE LA U;2
SANTA MARIA;Estefany Johana Grajales Marin;MOVIMIENTO ALTERNATIVO INDIGENA Y SOCIAL MAIS;2
SANTA MARIA;Hernando Arias Ochoa;PARTIDO ALIANZA SOCIAL INDEPENDIENTE ASI;2
SANTA MARIA;Jorge Marin Jerez Amado;PARTIDO LIBERAL COLOMBIANO;2
SANTA MARIA;Luis Carlos Machado Zapata;PARTIDO LIBERAL COLOMBIANO;2
SANTA MARIA;Pablo Antonio Zambrano Salamanca;PARTIDO CONSERVADOR COLOMBIANO;2
SANTA MARIA;Ricardo Andres Español Teatino;PARTIDO LIBERAL COLOMBIANO;2
SANTA MARIA;Yadith Milena Martinez Farfan;PARTIDO CENTRO DEMOCRATICO;2
SANTA MARIA;Yury Neill Diaz Aranguren;MOVIMIENTO ALTERNATIVO INDIGENA Y SOCIAL MAIS;2
SANTA MARIA;Ana Adela Pulido Cuadros;PARTIDO CONSERVADOR COLOMBIANO;1
SANTA MARIA;Andres Mauricio Escarria Barraza;PARTIDO CAMBIO RADICAL;1
SANTA MARIA;Angela Rocio Umaña Rojas;PARTIDO CONSERVADOR COLOMBIANO;1
SANTA MARIA;Aura Lucia Ortiz Cardona;PARTIDO CENTRO DEMOCRATICO;1
SANTA MARIA;Boyaca Decente;BOYACA DECENTE;1
SANTA MARIA;Carlos Eduardo Vega Alvarez;BOYACA DECENTE;1
SANTA MARIA;Cesar Augusto Mojica Bedoya;PARTIDO SOCIAL DE UNIDAD NACIONAL  PARTIDO DE LA U;1
SANTA MARIA;David Santiago Diaz Guio;PARTIDO SOCIAL DE UNIDAD NACIONAL  PARTIDO DE LA U;1
SANTA MARIA;David Santiago Ochoa Garcia;PARTIDO SOCIAL DE UNIDAD NACIONAL  PARTIDO DE LA U;1
SANTA MARIA;Edgar Antulio Gonzalez Trujillo;BOYACA DECENTE;1
SANTA MARIA;Elsa Marlen Manrique Pulgar;PARTIDO LIBERAL COLOMBIANO;1
SANTA MARIA;Jaime Andres Gomez Gomez;PARTIDO CONSERVADOR COLOMBIANO;1
SANTA MARIA;Jose Antonio Estupiñan Caceres;PARTIDO CONSERVADOR COLOMBIANO;1
SANTA MARIA;Jose Dario Mahecha Castillo;PARTIDO CONSERVADOR COLOMBIANO;1
SANTA MARIA;Jose Leonidas Medina Cruz;PARTIDO SOCIAL DE UNIDAD NACIONAL  PARTIDO DE LA U;1
SANTA MARIA;Luis Carlos Bernal Mesa;PARTIDO SOCIAL DE UNIDAD NACIONAL  PARTIDO DE LA U;1
SANTA MARIA;Maria De Los Santos Salamanca Silva;PARTIDO ALIANZA VERDE;1
SANTA MARIA;Neddy Esther Sandoval Figueredo;PARTIDO LIBERAL COLOMBIANO;1
SANTA MARIA;Orlando Florez Cuervo;PARTIDO CENTRO DEMOCRATICO;1
SANTA MARIA;Sandra Patricia Contreras Soto;PARTIDO LIBERAL COLOMBIANO;1
SANTA MARIA;Sonia Esperanza Lopez Barrera;PARTIDO CONSERVADOR COLOMBIANO;1
SANTA MARIA;Uldarico Javier Ramirez Chilito;MOVIMIENTO ALTERNATIVO INDIGENA Y SOCIAL MAIS;1
SANTA ROSA DE VITERBO;Omar Fernando Valderrama Baez;PARTIDO CENTRO DEMOCRATICO;856
SANTA ROSA DE VITERBO;Wilton Fredy Castro Silva;PARTIDO ALIANZA VERDE;286
SANTA ROSA DE VITERBO;Fernando Alexander Serrato Fonseca;PARTIDO LIBERAL COLOMBIANO;242
SANTA ROSA DE VITERBO;Nelson Mauricio Rodriguez Perez;PARTIDO CONSERVADOR COLOMBIANO;232
SANTA ROSA DE VITERBO;Ricardo Alonso Rojas Sachica;PARTIDO ALIANZA VERDE;181
SANTA ROSA DE VITERBO;Hector Josue Camacho Acosta;PARTIDO CENTRO DEMOCRATICO;180
SANTA ROSA DE VITERBO;Jorge Enrique Camacho Rodriguez;PARTIDO ALIANZA SOCIAL INDEPENDIENTE ASI;174
SANTA ROSA DE VITERBO;Luisa Fernanda Rodriguez Alfonso;PARTIDO ALIANZA VERDE;138
SANTA ROSA DE VITERBO;Alberto Enrique Murillo Sanchez;PARTIDO CAMBIO RADICAL;137
SANTA ROSA DE VITERBO;Jose Wilmar Leal Abril;PARTIDO CAMBIO RADICAL;118
SANTA ROSA DE VITERBO;Partido Colombia Justa Libres;PARTIDO COLOMBIA JUSTA LIBRES;118
SANTA ROSA DE VITERBO;Partido Alianza Verde;PARTIDO ALIANZA VERDE;112
SANTA ROSA DE VITERBO;Cesar Augusto Mojica Bedoya;PARTIDO SOCIAL DE UNIDAD NACIONAL  PARTIDO DE LA U;92
SANTA ROSA DE VITERBO;Gustavo Eduardo Castañeda Niño;PARTIDO ALIANZA VERDE;83
SANTA ROSA DE VITERBO;Hugo Alveiro Rosas Romero;PARTIDO ALIANZA VERDE;78
SANTA ROSA DE VITERBO;Partido Conservador Colombiano;PARTIDO CONSERVADOR COLOMBIANO;64
SANTA ROSA DE VITERBO;Jairo Pacheco Suarez;PARTIDO LIBERAL COLOMBIANO;62
SANTA ROSA DE VITERBO;Luis Carlos Ochoa Pasachoa;PARTIDO ALIANZA VERDE;61
SANTA ROSA DE VITERBO;Juan Camilo Morales Rodriguez;PARTIDO LIBERAL COLOMBIANO;60
SANTA ROSA DE VITERBO;William Rodolfo Mesa Avella;PARTIDO CENTRO DEMOCRATICO;58
SANTA ROSA DE VITERBO;Yamir Oswaldo Lopez Peña;PARTIDO ALIANZA VERDE;55
SANTA ROSA DE VITERBO;Jose Mauricio Buitrago Rivera;PARTIDO CAMBIO RADICAL;52
SANTA ROSA DE VITERBO;Angela Patricia Velandia Novoa;PARTIDO ALIANZA VERDE;47
SANTA ROSA DE VITERBO;Jorge Eduardo Diaz Avendaño;MOVIMIENTO ALTERNATIVO INDIGENA Y SOCIAL MAIS;46
SANTA ROSA DE VITERBO;Partido Cambio Radical;PARTIDO CAMBIO RADICAL;46
SANTA ROSA DE VITERBO;Ivan Ricardo Pirachican Bernal;PARTIDO CONSERVADOR COLOMBIANO;44
SANTA ROSA DE VITERBO;Fernando Augusto Diaz Saenz;PARTIDO CONSERVADOR COLOMBIANO;41
SANTA ROSA DE VITERBO;Partido Centro Democratico;PARTIDO CENTRO DEMOCRATICO;40
SANTA ROSA DE VITERBO;Jorge Marin Jerez Amado;PARTIDO LIBERAL COLOMBIANO;38
SANTA ROSA DE VITERBO;Alfredo Horacio Correa Higuera;PARTIDO CAMBIO RADICAL;37
SANTA ROSA DE VITERBO;Maria De Los Santos Salamanca Silva;PARTIDO ALIANZA VERDE;37
SANTA ROSA DE VITERBO;Eliana Maria Villate Fonseca;PARTIDO CONSERVADOR COLOMBIANO;36
SANTA ROSA DE VITERBO;Ana Adela Pulido Cuadros;PARTIDO CONSERVADOR COLOMBIANO;35
SANTA ROSA DE VITERBO;Jose Armando Quiñones Garzon;PARTIDO CENTRO DEMOCRATICO;32
SANTA ROSA DE VITERBO;Partido Liberal Colombiano;PARTIDO LIBERAL COLOMBIANO;29
SANTA ROSA DE VITERBO;Movimiento Alternativo Indigena Y Social Mais;MOVIMIENTO ALTERNATIVO INDIGENA Y SOCIAL MAIS;28
SANTA ROSA DE VITERBO;Pablo Antonio Zambrano Salamanca;PARTIDO CONSERVADOR COLOMBIANO;27
SANTA ROSA DE VITERBO;Pedro Pablo Salas Hernandez;PARTIDO ALIANZA VERDE;27
SANTA ROSA DE VITERBO;Willian David Pabon Jimenez;PARTIDO SOCIAL DE UNIDAD NACIONAL  PARTIDO DE LA U;27
SANTA ROSA DE VITERBO;David Santiago Ochoa Garcia;PARTIDO SOCIAL DE UNIDAD NACIONAL  PARTIDO DE LA U;26
SANTA ROSA DE VITERBO;Johan Francisco Herrera Gualdron;PARTIDO ALIANZA VERDE;26
SANTA ROSA DE VITERBO;Jose Antonio Estupiñan Caceres;PARTIDO CONSERVADOR COLOMBIANO;26
SANTA ROSA DE VITERBO;Elsa Marlen Manrique Pulgar;PARTIDO LIBERAL COLOMBIANO;25
SANTA ROSA DE VITERBO;Uldarico Javier Ramirez Chilito;MOVIMIENTO ALTERNATIVO INDIGENA Y SOCIAL MAIS;25
SANTA ROSA DE VITERBO;Yury Neill Diaz Aranguren;MOVIMIENTO ALTERNATIVO INDIGENA Y SOCIAL MAIS;25
SANTA ROSA DE VITERBO;Jairo Enrique Cabana Fonseca;PARTIDO ALIANZA VERDE;24
SANTA ROSA DE VITERBO;Estefany Johana Grajales Marin;MOVIMIENTO ALTERNATIVO INDIGENA Y SOCIAL MAIS;23
SANTA ROSA DE VITERBO;John Fredy Lopez Mora;MOVIMIENTO ALTERNATIVO INDIGENA Y SOCIAL MAIS;23
SANTA ROSA DE VITERBO;Wilkins Fernando Chaparro Cuervo;PARTIDO ALIANZA SOCIAL INDEPENDIENTE ASI;23
SANTA ROSA DE VITERBO;Henry Goyeneche Hormaza;PARTIDO ALIANZA SOCIAL INDEPENDIENTE ASI;22
SANTA ROSA DE VITERBO;Ricardo Andres Español Teatino;PARTIDO LIBERAL COLOMBIANO;21
SANTA ROSA DE VITERBO;Roman Hernando Ortega Hernandez;PARTIDO ALIANZA VERDE;21
SANTA ROSA DE VITERBO;Wilder Ivan Suesca Ochoa;PARTIDO CENTRO DEMOCRATICO;21
SANTA ROSA DE VITERBO;Luz Dary Sevillano Guerrero;PARTIDO ALIANZA VERDE;20
SANTA ROSA DE VITERBO;Oscar Leonardo Montañez Sierra;PARTIDO CAMBIO RADICAL;20
SANTA ROSA DE VITERBO;Eliana Hasleidy Gamez Pinilla;PARTIDO CAMBIO RADICAL;19
SANTA ROSA DE VITERBO;Ingrid Marlen Sogamoso Alfonso;PARTIDO CENTRO DEMOCRATICO;19
SANTA ROSA DE VITERBO;Alba Luz Becerra Becerra;PARTIDO ALIANZA SOCIAL INDEPENDIENTE ASI;18
SANTA ROSA DE VITERBO;Fabian Camilo Rojas Barrera;PARTIDO LIBERAL COLOMBIANO;18
SANTA ROSA DE VITERBO;Flor Elba Velandia Cely;PARTIDO ALIANZA SOCIAL INDEPENDIENTE ASI;18
SANTA ROSA DE VITERBO;Fredy Julian Castro Rodriguez;PARTIDO CENTRO DEMOCRATICO;18
SANTA ROSA DE VITERBO;Fredy Leonardo Rojas Vargas;PARTIDO CENTRO DEMOCRATICO;18
SANTA ROSA DE VITERBO;Segundo Fidel Salazar Gonzalez;PARTIDO SOCIAL DE UNIDAD NACIONAL  PARTIDO DE LA U;18
SANTA ROSA DE VITERBO;Antonio Ernesto Leguizamo Diaz;PARTIDO LIBERAL COLOMBIANO;17
SANTA ROSA DE VITERBO;Maira Adriana Zerda Gonzalez;PARTIDO ALIANZA VERDE;17
SANTA ROSA DE VITERBO;Partido Alianza Social Independiente Asi;PARTIDO ALIANZA SOCIAL INDEPENDIENTE ASI;16
SANTA ROSA DE VITERBO;Orlando Florez Cuervo;PARTIDO CENTRO DEMOCRATICO;15
SANTA ROSA DE VITERBO;Andres Mauricio Escarria Barraza;PARTIDO CAMBIO RADICAL;14
SANTA ROSA DE VITERBO;Yadith Milena Martinez Farfan;PARTIDO CENTRO DEMOCRATICO;14
SANTA ROSA DE VITERBO;Olga Niño Rojas;PARTIDO CENTRO DEMOCRATICO;13
SANTA ROSA DE VITERBO;Concha Jael Vargas Saavedra;PARTIDO CONSERVADOR COLOMBIANO;12
SANTA ROSA DE VITERBO;Partido Social De Unidad Nacional  Partido De La U;PARTIDO SOCIAL DE UNIDAD NACIONAL  PARTIDO DE LA U;12
SANTA ROSA DE VITERBO;Mauricio Cadena Valero;PARTIDO CENTRO DEMOCRATICO;11
SANTA ROSA DE VITERBO;Merardo Vargas Roa;PARTIDO ALIANZA VERDE;11
SANTA ROSA DE VITERBO;Sandra Patricia Contreras Soto;PARTIDO LIBERAL COLOMBIANO;11
SANTA ROSA DE VITERBO;Jose Dario Mahecha Castillo;PARTIDO CONSERVADOR COLOMBIANO;10
SANTA ROSA DE VITERBO;Luis Carlos Bernal Mesa;PARTIDO SOCIAL DE UNIDAD NACIONAL  PARTIDO DE LA U;9
SANTA ROSA DE VITERBO;Sandra Patricia Ricaurte Espinel;PARTIDO CAMBIO RADICAL;9
SANTA ROSA DE VITERBO;Sonia Esperanza Lopez Barrera;PARTIDO CONSERVADOR COLOMBIANO;9
SANTA ROSA DE VITERBO;Carlos Alfredo Siza Blanco;PARTIDO CONSERVADOR COLOMBIANO;8
SANTA ROSA DE VITERBO;Giovanna Del Pilar Soto Barreto;PARTIDO CAMBIO RADICAL;8
SANTA ROSA DE VITERBO;Jairo Correa Acevedo;MOVIMIENTO ALTERNATIVO INDIGENA Y SOCIAL MAIS;8
SANTA ROSA DE VITERBO;Jhonnatan Jairo Avellaneda Mesa;MOVIMIENTO ALTERNATIVO INDIGENA Y SOCIAL MAIS;8
SANTA ROSA DE VITERBO;Katherin Tatiana Calderon Acosta;PARTIDO CENTRO DEMOCRATICO;8
SANTA ROSA DE VITERBO;Manuel Ricardo Mesa Trujillo;PARTIDO SOCIAL DE UNIDAD NACIONAL  PARTIDO DE LA U;8
SANTA ROSA DE VITERBO;Neddy Esther Sandoval Figueredo;PARTIDO LIBERAL COLOMBIANO;8
SANTA ROSA DE VITERBO;Anderson Joaquin Sanchez Ruiz;PARTIDO LIBERAL COLOMBIANO;7
SANTA ROSA DE VITERBO;Carlos Ernesto Torres Aguirre;PARTIDO CONSERVADOR COLOMBIANO;7
SANTA ROSA DE VITERBO;Hernando Arias Ochoa;PARTIDO ALIANZA SOCIAL INDEPENDIENTE ASI;7
SANTA ROSA DE VITERBO;Irma Yineth Velandia Sandoval;PARTIDO CAMBIO RADICAL;7
SANTA ROSA DE VITERBO;Jose Agustin Arias Millan;PARTIDO CENTRO DEMOCRATICO;7
SANTA ROSA DE VITERBO;Martha Ines Zipa Martinez;PARTIDO CAMBIO RADICAL;7
SANTA ROSA DE VITERBO;Adriana Paola Laverde Rodriguez;MOVIMIENTO ALTERNATIVO INDIGENA Y SOCIAL MAIS;6
SANTA ROSA DE VITERBO;Edwin Andres Rodriguez Rodriguez;PARTIDO LIBERAL COLOMBIANO;6
SANTA ROSA DE VITERBO;Nereo Baron Tellez;MOVIMIENTO ALTERNATIVO INDIGENA Y SOCIAL MAIS;6
SANTA ROSA DE VITERBO;Alvaro Hernan Forero Hurtado;BOYACA DECENTE;5
SANTA ROSA DE VITERBO;Edwin Alfonso Perez Beltran;PARTIDO ALIANZA SOCIAL INDEPENDIENTE ASI;5
SANTA ROSA DE VITERBO;Jaime Andres Gomez Gomez;PARTIDO CONSERVADOR COLOMBIANO;5
SANTA ROSA DE VITERBO;Jose Leonidas Medina Cruz;PARTIDO SOCIAL DE UNIDAD NACIONAL  PARTIDO DE LA U;5
SANTA ROSA DE VITERBO;Pedro Humberto Vargas Gomez;PARTIDO LIBERAL COLOMBIANO;5
SANTA ROSA DE VITERBO;Sergio Cabra Sierra;PARTIDO SOCIAL DE UNIDAD NACIONAL  PARTIDO DE LA U;5
SANTA ROSA DE VITERBO;Siervo Yesith Gonzalez Saavedra;PARTIDO CAMBIO RADICAL;5
SANTA ROSA DE VITERBO;Ana Delia Avendaño Hernandez;PARTIDO LIBERAL COLOMBIANO;4
SANTA ROSA DE VITERBO;Ana Lucia Parra Monroy;PARTIDO SOCIAL DE UNIDAD NACIONAL  PARTIDO DE LA U;4
SANTA ROSA DE VITERBO;Andrea Carolina Camargo Caro;MOVIMIENTO ALTERNATIVO INDIGENA Y SOCIAL MAIS;4
SANTA ROSA DE VITERBO;Claudia Yaneth Avila Castillo;PARTIDO SOCIAL DE UNIDAD NACIONAL  PARTIDO DE LA U;4
SANTA ROSA DE VITERBO;Daniel Fernando Mejia Lozano;PARTIDO ALIANZA SOCIAL INDEPENDIENTE ASI;4
SANTA ROSA DE VITERBO;Helver Ariel Avila Panche;PARTIDO CENTRO DEMOCRATICO;4
SANTA ROSA DE VITERBO;Juddy Alexandra Jimenez Cuadros;PARTIDO SOCIAL DE UNIDAD NACIONAL  PARTIDO DE LA U;4
SANTA ROSA DE VITERBO;Julian Guillermo Camargo Amortegui;MOVIMIENTO ALTERNATIVO INDIGENA Y SOCIAL MAIS;4
SANTA ROSA DE VITERBO;Norman De Jesus Quintero Gallego;PARTIDO CONSERVADOR COLOMBIANO;4
SANTA ROSA DE VITERBO;Omar Humberto Villamil Munevar;PARTIDO CONSERVADOR COLOMBIANO;4
SANTA ROSA DE VITERBO;Sandra Milena Ramirez Moreno;PARTIDO CAMBIO RADICAL;4
SANTA ROSA DE VITERBO;Angela Magaly Garcia Rivera;MOVIMIENTO ALTERNATIVO INDIGENA Y SOCIAL MAIS;3
SANTA ROSA DE VITERBO;Carlos Eduardo Vega Alvarez;BOYACA DECENTE;3
SANTA ROSA DE VITERBO;Edgar Antulio Gonzalez Trujillo;BOYACA DECENTE;3
SANTA ROSA DE VITERBO;Ericka Leonor Amador Gamarra;PARTIDO SOCIAL DE UNIDAD NACIONAL  PARTIDO DE LA U;3
SANTA ROSA DE VITERBO;Erika Dayana Piragauta Rodriguez;PARTIDO LIBERAL COLOMBIANO;3
SANTA ROSA DE VITERBO;Jhon Fredy Garavito Cortes;PARTIDO SOCIAL DE UNIDAD NACIONAL  PARTIDO DE LA U;3
SANTA ROSA DE VITERBO;Lizeth Paola Saade Fuentes;MOVIMIENTO ALTERNATIVO INDIGENA Y SOCIAL MAIS;3
SANTA ROSA DE VITERBO;Angela Rocio Umaña Rojas;PARTIDO CONSERVADOR COLOMBIANO;2
SANTA ROSA DE VITERBO;Armando Buitrago Acevedo;PARTIDO ALIANZA SOCIAL INDEPENDIENTE ASI;2
SANTA ROSA DE VITERBO;Carmen Liria Prieto Cortes;BOYACA DECENTE;2
SANTA ROSA DE VITERBO;Julieth Rocio Montañez Niño;PARTIDO ALIANZA SOCIAL INDEPENDIENTE ASI;2
SANTA ROSA DE VITERBO;Laura Patricia Contreras Alvarez;PARTIDO ALIANZA SOCIAL INDEPENDIENTE ASI;2
SANTA ROSA DE VITERBO;Luis Carlos Machado Zapata;PARTIDO LIBERAL COLOMBIANO;2
SANTA ROSA DE VITERBO;Mariev Bejarano Ospina;BOYACA DECENTE;2
SANTA ROSA DE VITERBO;Vivian Catherin Alvarez;PARTIDO ALIANZA SOCIAL INDEPENDIENTE ASI;2
SANTA ROSA DE VITERBO;Aura Lucia Ortiz Cardona;PARTIDO CENTRO DEMOCRATICO;1
SANTA ROSA DE VITERBO;Boyaca Decente;BOYACA DECENTE;1
SANTA ROSA DE VITERBO;Carlos Julian Diaz Franco;PARTIDO ALIANZA SOCIAL INDEPENDIENTE ASI;1
SANTA ROSA DE VITERBO;David Santiago Diaz Guio;PARTIDO SOCIAL DE UNIDAD NACIONAL  PARTIDO DE LA U;1
SANTA ROSA DE VITERBO;Fredy Enrique Segura Alonso;BOYACA DECENTE;1
SANTA ROSA DE VITERBO;Jorge Ignacio Lopez Barrera;BOYACA DECENTE;1
SANTA ROSA DE VITERBO;William Chaparro Rodriguez;BOYACA DECENTE;1
SANTA SOFIA;Hugo Alveiro Rosas Romero;PARTIDO ALIANZA VERDE;378
SANTA SOFIA;Nelson Mauricio Rodriguez Perez;PARTIDO CONSERVADOR COLOMBIANO;273
SANTA SOFIA;Ricardo Alonso Rojas Sachica;PARTIDO ALIANZA VERDE;82
SANTA SOFIA;Wilder Ivan Suesca Ochoa;PARTIDO CENTRO DEMOCRATICO;77
SANTA SOFIA;Partido Centro Democratico;PARTIDO CENTRO DEMOCRATICO;76
SANTA SOFIA;Jose Antonio Estupiñan Caceres;PARTIDO CONSERVADOR COLOMBIANO;50
SANTA SOFIA;Partido Alianza Verde;PARTIDO ALIANZA VERDE;46
SANTA SOFIA;Partido Conservador Colombiano;PARTIDO CONSERVADOR COLOMBIANO;44
SANTA SOFIA;Hector Josue Camacho Acosta;PARTIDO CENTRO DEMOCRATICO;38
SANTA SOFIA;Yamir Oswaldo Lopez Peña;PARTIDO ALIANZA VERDE;37
SANTA SOFIA;Ivan Ricardo Pirachican Bernal;PARTIDO CONSERVADOR COLOMBIANO;35
SANTA SOFIA;Omar Fernando Valderrama Baez;PARTIDO CENTRO DEMOCRATICO;27
SANTA SOFIA;Roman Hernando Ortega Hernandez;PARTIDO ALIANZA VERDE;27
SANTA SOFIA;Partido Colombia Justa Libres;PARTIDO COLOMBIA JUSTA LIBRES;26
SANTA SOFIA;Angela Patricia Velandia Novoa;PARTIDO ALIANZA VERDE;25
SANTA SOFIA;Partido Cambio Radical;PARTIDO CAMBIO RADICAL;22
SANTA SOFIA;Luis Carlos Ochoa Pasachoa;PARTIDO ALIANZA VERDE;20
SANTA SOFIA;Concha Jael Vargas Saavedra;PARTIDO CONSERVADOR COLOMBIANO;19
SANTA SOFIA;Jose Armando Quiñones Garzon;PARTIDO CENTRO DEMOCRATICO;19
SANTA SOFIA;Siervo Yesith Gonzalez Saavedra;PARTIDO CAMBIO RADICAL;15
SANTA SOFIA;Luisa Fernanda Rodriguez Alfonso;PARTIDO ALIANZA VERDE;14
SANTA SOFIA;Wilton Fredy Castro Silva;PARTIDO ALIANZA VERDE;13
SANTA SOFIA;Ingrid Marlen Sogamoso Alfonso;PARTIDO CENTRO DEMOCRATICO;12
SANTA SOFIA;Oscar Leonardo Montañez Sierra;PARTIDO CAMBIO RADICAL;12
SANTA SOFIA;Sergio Cabra Sierra;PARTIDO SOCIAL DE UNIDAD NACIONAL  PARTIDO DE LA U;12
SANTA SOFIA;Jose Leonidas Medina Cruz;PARTIDO SOCIAL DE UNIDAD NACIONAL  PARTIDO DE LA U;10
SANTA SOFIA;Jose Wilmar Leal Abril;PARTIDO CAMBIO RADICAL;10
SANTA SOFIA;Fredy Julian Castro Rodriguez;PARTIDO CENTRO DEMOCRATICO;9
SANTA SOFIA;Movimiento Alternativo Indigena Y Social Mais;MOVIMIENTO ALTERNATIVO INDIGENA Y SOCIAL MAIS;9
SANTA SOFIA;Pedro Pablo Salas Hernandez;PARTIDO ALIANZA VERDE;9
SANTA SOFIA;Segundo Fidel Salazar Gonzalez;PARTIDO SOCIAL DE UNIDAD NACIONAL  PARTIDO DE LA U;9
SANTA SOFIA;Yadith Milena Martinez Farfan;PARTIDO CENTRO DEMOCRATICO;9
SANTA SOFIA;Fernando Augusto Diaz Saenz;PARTIDO CONSERVADOR COLOMBIANO;8
SANTA SOFIA;Mauricio Cadena Valero;PARTIDO CENTRO DEMOCRATICO;8
SANTA SOFIA;Orlando Florez Cuervo;PARTIDO CENTRO DEMOCRATICO;8
SANTA SOFIA;Carlos Eduardo Vega Alvarez;BOYACA DECENTE;7
SANTA SOFIA;Eliana Hasleidy Gamez Pinilla;PARTIDO CAMBIO RADICAL;7
SANTA SOFIA;Alfredo Horacio Correa Higuera;PARTIDO CAMBIO RADICAL;6
SANTA SOFIA;Ana Adela Pulido Cuadros;PARTIDO CONSERVADOR COLOMBIANO;6
SANTA SOFIA;Carlos Alfredo Siza Blanco;PARTIDO CONSERVADOR COLOMBIANO;6
SANTA SOFIA;Carlos Ernesto Torres Aguirre;PARTIDO CONSERVADOR COLOMBIANO;6
SANTA SOFIA;Jairo Enrique Cabana Fonseca;PARTIDO ALIANZA VERDE;6
SANTA SOFIA;Jorge Eduardo Diaz Avendaño;MOVIMIENTO ALTERNATIVO INDIGENA Y SOCIAL MAIS;6
SANTA SOFIA;William Rodolfo Mesa Avella;PARTIDO CENTRO DEMOCRATICO;6
SANTA SOFIA;Andres Mauricio Escarria Barraza;PARTIDO CAMBIO RADICAL;5
SANTA SOFIA;Johan Francisco Herrera Gualdron;PARTIDO ALIANZA VERDE;5
SANTA SOFIA;Jorge Marin Jerez Amado;PARTIDO LIBERAL COLOMBIANO;5
SANTA SOFIA;Jose Agustin Arias Millan;PARTIDO CENTRO DEMOCRATICO;5
SANTA SOFIA;Jose Dario Mahecha Castillo;PARTIDO CONSERVADOR COLOMBIANO;5
SANTA SOFIA;Manuel Ricardo Mesa Trujillo;PARTIDO SOCIAL DE UNIDAD NACIONAL  PARTIDO DE LA U;5
SANTA SOFIA;Partido Social De Unidad Nacional  Partido De La U;PARTIDO SOCIAL DE UNIDAD NACIONAL  PARTIDO DE LA U;5
SANTA SOFIA;Anderson Joaquin Sanchez Ruiz;PARTIDO LIBERAL COLOMBIANO;4
SANTA SOFIA;Edwin Alfonso Perez Beltran;PARTIDO ALIANZA SOCIAL INDEPENDIENTE ASI;4
SANTA SOFIA;Eliana Maria Villate Fonseca;PARTIDO CONSERVADOR COLOMBIANO;4
SANTA SOFIA;Ericka Leonor Amador Gamarra;PARTIDO SOCIAL DE UNIDAD NACIONAL  PARTIDO DE LA U;4
SANTA SOFIA;Fabian Camilo Rojas Barrera;PARTIDO LIBERAL COLOMBIANO;4
SANTA SOFIA;Fernando Alexander Serrato Fonseca;PARTIDO LIBERAL COLOMBIANO;4
SANTA SOFIA;Fredy Leonardo Rojas Vargas;PARTIDO CENTRO DEMOCRATICO;4
SANTA SOFIA;Juddy Alexandra Jimenez Cuadros;PARTIDO SOCIAL DE UNIDAD NACIONAL  PARTIDO DE LA U;4
SANTA SOFIA;Katherin Tatiana Calderon Acosta;PARTIDO CENTRO DEMOCRATICO;4
SANTA SOFIA;Luz Dary Sevillano Guerrero;PARTIDO ALIANZA VERDE;4
SANTA SOFIA;Merardo Vargas Roa;PARTIDO ALIANZA VERDE;4
SANTA SOFIA;Olga Niño Rojas;PARTIDO CENTRO DEMOCRATICO;4
SANTA SOFIA;Aura Lucia Ortiz Cardona;PARTIDO CENTRO DEMOCRATICO;3
SANTA SOFIA;Carlos Julian Diaz Franco;PARTIDO ALIANZA SOCIAL INDEPENDIENTE ASI;3
SANTA SOFIA;Gustavo Eduardo Castañeda Niño;PARTIDO ALIANZA VERDE;3
SANTA SOFIA;Helver Ariel Avila Panche;PARTIDO CENTRO DEMOCRATICO;3
SANTA SOFIA;Jairo Pacheco Suarez;PARTIDO LIBERAL COLOMBIANO;3
SANTA SOFIA;Jose Mauricio Buitrago Rivera;PARTIDO CAMBIO RADICAL;3
SANTA SOFIA;Martha Ines Zipa Martinez;PARTIDO CAMBIO RADICAL;3
SANTA SOFIA;Norman De Jesus Quintero Gallego;PARTIDO CONSERVADOR COLOMBIANO;3
SANTA SOFIA;Omar Humberto Villamil Munevar;PARTIDO CONSERVADOR COLOMBIANO;3
SANTA SOFIA;Pablo Antonio Zambrano Salamanca;PARTIDO CONSERVADOR COLOMBIANO;3
SANTA SOFIA;Willian David Pabon Jimenez;PARTIDO SOCIAL DE UNIDAD NACIONAL  PARTIDO DE LA U;3
SANTA SOFIA;Alberto Enrique Murillo Sanchez;PARTIDO CAMBIO RADICAL;2
SANTA SOFIA;Boyaca Decente;BOYACA DECENTE;2
SANTA SOFIA;Claudia Yaneth Avila Castillo;PARTIDO SOCIAL DE UNIDAD NACIONAL  PARTIDO DE LA U;2
SANTA SOFIA;David Santiago Ochoa Garcia;PARTIDO SOCIAL DE UNIDAD NACIONAL  PARTIDO DE LA U;2
SANTA SOFIA;Irma Yineth Velandia Sandoval;PARTIDO CAMBIO RADICAL;2
SANTA SOFIA;Juan Camilo Morales Rodriguez;PARTIDO LIBERAL COLOMBIANO;2
SANTA SOFIA;Julian Guillermo Camargo Amortegui;MOVIMIENTO ALTERNATIVO INDIGENA Y SOCIAL MAIS;2
SANTA SOFIA;Partido Liberal Colombiano;PARTIDO LIBERAL COLOMBIANO;2
SANTA SOFIA;Sonia Esperanza Lopez Barrera;PARTIDO CONSERVADOR COLOMBIANO;2
SANTA SOFIA;Yury Neill Diaz Aranguren;MOVIMIENTO ALTERNATIVO INDIGENA Y SOCIAL MAIS;2
SANTA SOFIA;Adriana Paola Laverde Rodriguez;MOVIMIENTO ALTERNATIVO INDIGENA Y SOCIAL MAIS;1
SANTA SOFIA;Angela Rocio Umaña Rojas;PARTIDO CONSERVADOR COLOMBIANO;1
SANTA SOFIA;Antonio Ernesto Leguizamo Diaz;PARTIDO LIBERAL COLOMBIANO;1
SANTA SOFIA;Carmen Liria Prieto Cortes;BOYACA DECENTE;1
SANTA SOFIA;Cesar Augusto Mojica Bedoya;PARTIDO SOCIAL DE UNIDAD NACIONAL  PARTIDO DE LA U;1
SANTA SOFIA;Edgar Antulio Gonzalez Trujillo;BOYACA DECENTE;1
SANTA SOFIA;Edwin Andres Rodriguez Rodriguez;PARTIDO LIBERAL COLOMBIANO;1
SANTA SOFIA;Elsa Marlen Manrique Pulgar;PARTIDO LIBERAL COLOMBIANO;1
SANTA SOFIA;Gregorio Morales Tovar;BOYACA DECENTE;1
SANTA SOFIA;Henry Goyeneche Hormaza;PARTIDO ALIANZA SOCIAL INDEPENDIENTE ASI;1
SANTA SOFIA;Jairo Correa Acevedo;MOVIMIENTO ALTERNATIVO INDIGENA Y SOCIAL MAIS;1
SANTA SOFIA;Jhon Fredy Garavito Cortes;PARTIDO SOCIAL DE UNIDAD NACIONAL  PARTIDO DE LA U;1
SANTA SOFIA;Jhonnatan Jairo Avellaneda Mesa;MOVIMIENTO ALTERNATIVO INDIGENA Y SOCIAL MAIS;1
SANTA SOFIA;John Fredy Lopez Mora;MOVIMIENTO ALTERNATIVO INDIGENA Y SOCIAL MAIS;1
SANTA SOFIA;Jorge Ignacio Lopez Barrera;BOYACA DECENTE;1
SANTA SOFIA;Julieth Rocio Montañez Niño;PARTIDO ALIANZA SOCIAL INDEPENDIENTE ASI;1
SANTA SOFIA;Lizeth Paola Saade Fuentes;MOVIMIENTO ALTERNATIVO INDIGENA Y SOCIAL MAIS;1
SANTA SOFIA;Luis Carlos Machado Zapata;PARTIDO LIBERAL COLOMBIANO;1
SANTA SOFIA;Maira Adriana Zerda Gonzalez;PARTIDO ALIANZA VERDE;1
SANTA SOFIA;Maria Francia Blanco Pedroza;BOYACA DECENTE;1
SANTA SOFIA;Neddy Esther Sandoval Figueredo;PARTIDO LIBERAL COLOMBIANO;1
SANTA SOFIA;Pedro Humberto Vargas Gomez;PARTIDO LIBERAL COLOMBIANO;1
SANTA SOFIA;Sandra Milena Ramirez Moreno;PARTIDO CAMBIO RADICAL;1
SANTA SOFIA;Sandra Patricia Contreras Soto;PARTIDO LIBERAL COLOMBIANO;1
SANTA SOFIA;Uldarico Javier Ramirez Chilito;MOVIMIENTO ALTERNATIVO INDIGENA Y SOCIAL MAIS;1
SANTA SOFIA;Wilkins Fernando Chaparro Cuervo;PARTIDO ALIANZA SOCIAL INDEPENDIENTE ASI;1
SANTANA;William Rodolfo Mesa Avella;PARTIDO CENTRO DEMOCRATICO;760
SANTANA;Nereo Baron Tellez;MOVIMIENTO ALTERNATIVO INDIGENA Y SOCIAL MAIS;517
SANTANA;Fernando Alexander Serrato Fonseca;PARTIDO LIBERAL COLOMBIANO;340
SANTANA;Partido Colombia Justa Libres;PARTIDO COLOMBIA JUSTA LIBRES;251
SANTANA;Yamir Oswaldo Lopez Peña;PARTIDO ALIANZA VERDE;203
SANTANA;Angela Patricia Velandia Novoa;PARTIDO ALIANZA VERDE;167
SANTANA;Luisa Fernanda Rodriguez Alfonso;PARTIDO ALIANZA VERDE;164
SANTANA;Luis Carlos Ochoa Pasachoa;PARTIDO ALIANZA VERDE;157
SANTANA;Partido Liberal Colombiano;PARTIDO LIBERAL COLOMBIANO;113
SANTANA;Partido Centro Democratico;PARTIDO CENTRO DEMOCRATICO;79
SANTANA;Ricardo Alonso Rojas Sachica;PARTIDO ALIANZA VERDE;74
SANTANA;Jose Armando Quiñones Garzon;PARTIDO CENTRO DEMOCRATICO;68
SANTANA;Partido Alianza Verde;PARTIDO ALIANZA VERDE;65
SANTANA;Roman Hernando Ortega Hernandez;PARTIDO ALIANZA VERDE;63
SANTANA;Fabian Camilo Rojas Barrera;PARTIDO LIBERAL COLOMBIANO;62
SANTANA;Gustavo Eduardo Castañeda Niño;PARTIDO ALIANZA VERDE;53
SANTANA;Hector Josue Camacho Acosta;PARTIDO CENTRO DEMOCRATICO;50
SANTANA;Cesar Augusto Mojica Bedoya;PARTIDO SOCIAL DE UNIDAD NACIONAL  PARTIDO DE LA U;42
SANTANA;Ingrid Marlen Sogamoso Alfonso;PARTIDO CENTRO DEMOCRATICO;42
SANTANA;Pedro Pablo Salas Hernandez;PARTIDO ALIANZA VERDE;41
SANTANA;Jairo Pacheco Suarez;PARTIDO LIBERAL COLOMBIANO;37
SANTANA;Carlos Julian Diaz Franco;PARTIDO ALIANZA SOCIAL INDEPENDIENTE ASI;33
SANTANA;Flor Elba Velandia Cely;PARTIDO ALIANZA SOCIAL INDEPENDIENTE ASI;31
SANTANA;Juan Camilo Morales Rodriguez;PARTIDO LIBERAL COLOMBIANO;30
SANTANA;Merardo Vargas Roa;PARTIDO ALIANZA VERDE;27
SANTANA;Armando Buitrago Acevedo;PARTIDO ALIANZA SOCIAL INDEPENDIENTE ASI;26
SANTANA;Omar Fernando Valderrama Baez;PARTIDO CENTRO DEMOCRATICO;26
SANTANA;Jose Wilmar Leal Abril;PARTIDO CAMBIO RADICAL;25
SANTANA;Movimiento Alternativo Indigena Y Social Mais;MOVIMIENTO ALTERNATIVO INDIGENA Y SOCIAL MAIS;24
SANTANA;Luz Dary Sevillano Guerrero;PARTIDO ALIANZA VERDE;23
SANTANA;Pedro Humberto Vargas Gomez;PARTIDO LIBERAL COLOMBIANO;23
SANTANA;Luis Carlos Machado Zapata;PARTIDO LIBERAL COLOMBIANO;22
SANTANA;Elsa Marlen Manrique Pulgar;PARTIDO LIBERAL COLOMBIANO;19
SANTANA;Yury Neill Diaz Aranguren;MOVIMIENTO ALTERNATIVO INDIGENA Y SOCIAL MAIS;19
SANTANA;Oscar Leonardo Montañez Sierra;PARTIDO CAMBIO RADICAL;18
SANTANA;Johan Francisco Herrera Gualdron;PARTIDO ALIANZA VERDE;17
SANTANA;Orlando Florez Cuervo;PARTIDO CENTRO DEMOCRATICO;17
SANTANA;Partido Alianza Social Independiente Asi;PARTIDO ALIANZA SOCIAL INDEPENDIENTE ASI;17
SANTANA;Partido Cambio Radical;PARTIDO CAMBIO RADICAL;17
SANTANA;Anderson Joaquin Sanchez Ruiz;PARTIDO LIBERAL COLOMBIANO;16
SANTANA;Jhonnatan Jairo Avellaneda Mesa;MOVIMIENTO ALTERNATIVO INDIGENA Y SOCIAL MAIS;16
SANTANA;Jose Agustin Arias Millan;PARTIDO CENTRO DEMOCRATICO;16
SANTANA;Hernando Arias Ochoa;PARTIDO ALIANZA SOCIAL INDEPENDIENTE ASI;15
SANTANA;Wilder Ivan Suesca Ochoa;PARTIDO CENTRO DEMOCRATICO;15
SANTANA;Alfredo Horacio Correa Higuera;PARTIDO CAMBIO RADICAL;13
SANTANA;Jairo Correa Acevedo;MOVIMIENTO ALTERNATIVO INDIGENA Y SOCIAL MAIS;12
SANTANA;Estefany Johana Grajales Marin;MOVIMIENTO ALTERNATIVO INDIGENA Y SOCIAL MAIS;11
SANTANA;Hugo Alveiro Rosas Romero;PARTIDO ALIANZA VERDE;11
SANTANA;Jorge Marin Jerez Amado;PARTIDO LIBERAL COLOMBIANO;11
SANTANA;Jose Mauricio Buitrago Rivera;PARTIDO CAMBIO RADICAL;11
SANTANA;Alberto Enrique Murillo Sanchez;PARTIDO CAMBIO RADICAL;10
SANTANA;Maria De Los Santos Salamanca Silva;PARTIDO ALIANZA VERDE;10
SANTANA;Mauricio Cadena Valero;PARTIDO CENTRO DEMOCRATICO;10
SANTANA;Sandra Patricia Contreras Soto;PARTIDO LIBERAL COLOMBIANO;10
SANTANA;Yadith Milena Martinez Farfan;PARTIDO CENTRO DEMOCRATICO;10
SANTANA;Edwin Andres Rodriguez Rodriguez;PARTIDO LIBERAL COLOMBIANO;9
SANTANA;Erika Dayana Piragauta Rodriguez;PARTIDO LIBERAL COLOMBIANO;9
SANTANA;Jairo Enrique Cabana Fonseca;PARTIDO ALIANZA VERDE;9
SANTANA;Jorge Eduardo Diaz Avendaño;MOVIMIENTO ALTERNATIVO INDIGENA Y SOCIAL MAIS;9
SANTANA;Manuel Ricardo Mesa Trujillo;PARTIDO SOCIAL DE UNIDAD NACIONAL  PARTIDO DE LA U;9
SANTANA;Olga Niño Rojas;PARTIDO CENTRO DEMOCRATICO;9
SANTANA;Ricardo Andres Español Teatino;PARTIDO LIBERAL COLOMBIANO;9
SANTANA;Jhon Fredy Garavito Cortes;PARTIDO SOCIAL DE UNIDAD NACIONAL  PARTIDO DE LA U;8
SANTANA;Partido Social De Unidad Nacional  Partido De La U;PARTIDO SOCIAL DE UNIDAD NACIONAL  PARTIDO DE LA U;7
SANTANA;Uldarico Javier Ramirez Chilito;MOVIMIENTO ALTERNATIVO INDIGENA Y SOCIAL MAIS;7
SANTANA;Wilton Fredy Castro Silva;PARTIDO ALIANZA VERDE;7
SANTANA;Edwin Alfonso Perez Beltran;PARTIDO ALIANZA SOCIAL INDEPENDIENTE ASI;6
SANTANA;Fredy Leonardo Rojas Vargas;PARTIDO CENTRO DEMOCRATICO;6
SANTANA;John Fredy Lopez Mora;MOVIMIENTO ALTERNATIVO INDIGENA Y SOCIAL MAIS;6
SANTANA;Alba Luz Becerra Becerra;PARTIDO ALIANZA SOCIAL INDEPENDIENTE ASI;5
SANTANA;Ana Lucia Parra Monroy;PARTIDO SOCIAL DE UNIDAD NACIONAL  PARTIDO DE LA U;5
SANTANA;Irma Yineth Velandia Sandoval;PARTIDO CAMBIO RADICAL;5
SANTANA;Partido Conservador Colombiano;PARTIDO CONSERVADOR COLOMBIANO;5
SANTANA;Siervo Yesith Gonzalez Saavedra;PARTIDO CAMBIO RADICAL;5
SANTANA;Andrea Carolina Camargo Caro;MOVIMIENTO ALTERNATIVO INDIGENA Y SOCIAL MAIS;4
SANTANA;Antonio Ernesto Leguizamo Diaz;PARTIDO LIBERAL COLOMBIANO;4
SANTANA;Fredy Julian Castro Rodriguez;PARTIDO CENTRO DEMOCRATICO;4
SANTANA;Helver Ariel Avila Panche;PARTIDO CENTRO DEMOCRATICO;4
SANTANA;Henry Goyeneche Hormaza;PARTIDO ALIANZA SOCIAL INDEPENDIENTE ASI;4
SANTANA;Ivan Ricardo Pirachican Bernal;PARTIDO CONSERVADOR COLOMBIANO;4
SANTANA;Maira Adriana Zerda Gonzalez;PARTIDO ALIANZA VERDE;4
SANTANA;Mariev Bejarano Ospina;BOYACA DECENTE;4
SANTANA;Martha Ines Zipa Martinez;PARTIDO CAMBIO RADICAL;4
SANTANA;Neddy Esther Sandoval Figueredo;PARTIDO LIBERAL COLOMBIANO;4
SANTANA;Nelson Mauricio Rodriguez Perez;PARTIDO CONSERVADOR COLOMBIANO;4
SANTANA;Willian David Pabon Jimenez;PARTIDO SOCIAL DE UNIDAD NACIONAL  PARTIDO DE LA U;4
SANTANA;Adriana Paola Laverde Rodriguez;MOVIMIENTO ALTERNATIVO INDIGENA Y SOCIAL MAIS;3
SANTANA;Concha Jael Vargas Saavedra;PARTIDO CONSERVADOR COLOMBIANO;3
SANTANA;Julian Guillermo Camargo Amortegui;MOVIMIENTO ALTERNATIVO INDIGENA Y SOCIAL MAIS;3
SANTANA;Lizeth Paola Saade Fuentes;MOVIMIENTO ALTERNATIVO INDIGENA Y SOCIAL MAIS;3
SANTANA;Sandra Milena Ramirez Moreno;PARTIDO CAMBIO RADICAL;3
SANTANA;Ana Adela Pulido Cuadros;PARTIDO CONSERVADOR COLOMBIANO;2
SANTANA;Ana Delia Avendaño Hernandez;PARTIDO LIBERAL COLOMBIANO;2
SANTANA;Angela Magaly Garcia Rivera;MOVIMIENTO ALTERNATIVO INDIGENA Y SOCIAL MAIS;2
SANTANA;Boyaca Decente;BOYACA DECENTE;2
SANTANA;Daniel Fernando Mejia Lozano;PARTIDO ALIANZA SOCIAL INDEPENDIENTE ASI;2
SANTANA;David Santiago Ochoa Garcia;PARTIDO SOCIAL DE UNIDAD NACIONAL  PARTIDO DE LA U;2
SANTANA;Eliana Hasleidy Gamez Pinilla;PARTIDO CAMBIO RADICAL;2
SANTANA;Fredy Enrique Segura Alonso;BOYACA DECENTE;2
SANTANA;Giovanna Del Pilar Soto Barreto;PARTIDO CAMBIO RADICAL;2
SANTANA;Jose Dario Mahecha Castillo;PARTIDO CONSERVADOR COLOMBIANO;2
SANTANA;Omar Humberto Villamil Munevar;PARTIDO CONSERVADOR COLOMBIANO;2
SANTANA;Segundo Fidel Salazar Gonzalez;PARTIDO SOCIAL DE UNIDAD NACIONAL  PARTIDO DE LA U;2
SANTANA;Sergio Cabra Sierra;PARTIDO SOCIAL DE UNIDAD NACIONAL  PARTIDO DE LA U;2
SANTANA;Wilkins Fernando Chaparro Cuervo;PARTIDO ALIANZA SOCIAL INDEPENDIENTE ASI;2
SANTANA;Aura Lucia Ortiz Cardona;PARTIDO CENTRO DEMOCRATICO;1
SANTANA;Carlos Ernesto Torres Aguirre;PARTIDO CONSERVADOR COLOMBIANO;1
SANTANA;David Alejandro Avila Cely;MOVIMIENTO ALTERNATIVO INDIGENA Y SOCIAL MAIS;1
SANTANA;David Santiago Diaz Guio;PARTIDO SOCIAL DE UNIDAD NACIONAL  PARTIDO DE LA U;1
SANTANA;Edgar Antulio Gonzalez Trujillo;BOYACA DECENTE;1
SANTANA;Eliana Maria Villate Fonseca;PARTIDO CONSERVADOR COLOMBIANO;1
SANTANA;Katherin Tatiana Calderon Acosta;PARTIDO CENTRO DEMOCRATICO;1
SANTANA;Laura Patricia Contreras Alvarez;PARTIDO ALIANZA SOCIAL INDEPENDIENTE ASI;1
SANTANA;Vivian Catherin Alvarez;PARTIDO ALIANZA SOCIAL INDEPENDIENTE ASI;1
SATIVANORTE;Ricardo Alonso Rojas Sachica;PARTIDO ALIANZA VERDE;597
SATIVANORTE;Hector Josue Camacho Acosta;PARTIDO CENTRO DEMOCRATICO;294
SATIVANORTE;Irma Yineth Velandia Sandoval;PARTIDO CAMBIO RADICAL;143
SATIVANORTE;William Rodolfo Mesa Avella;PARTIDO CENTRO DEMOCRATICO;75
SATIVANORTE;Partido Alianza Verde;PARTIDO ALIANZA VERDE;72
SATIVANORTE;Partido Centro Democratico;PARTIDO CENTRO DEMOCRATICO;43
SATIVANORTE;Elsa Marlen Manrique Pulgar;PARTIDO LIBERAL COLOMBIANO;39
SATIVANORTE;Manuel Ricardo Mesa Trujillo;PARTIDO SOCIAL DE UNIDAD NACIONAL  PARTIDO DE LA U;38
SATIVANORTE;Mauricio Cadena Valero;PARTIDO CENTRO DEMOCRATICO;33
SATIVANORTE;Gustavo Eduardo Castañeda Niño;PARTIDO ALIANZA VERDE;22
SATIVANORTE;Fernando Augusto Diaz Saenz;PARTIDO CONSERVADOR COLOMBIANO;19
SATIVANORTE;Jose Mauricio Buitrago Rivera;PARTIDO CAMBIO RADICAL;18
SATIVANORTE;Ingrid Marlen Sogamoso Alfonso;PARTIDO CENTRO DEMOCRATICO;13
SATIVANORTE;Ana Lucia Parra Monroy;PARTIDO SOCIAL DE UNIDAD NACIONAL  PARTIDO DE LA U;12
SATIVANORTE;Partido Colombia Justa Libres;PARTIDO COLOMBIA JUSTA LIBRES;11
SATIVANORTE;Yamir Oswaldo Lopez Peña;PARTIDO ALIANZA VERDE;11
SATIVANORTE;Angela Patricia Velandia Novoa;PARTIDO ALIANZA VERDE;9
SATIVANORTE;Carlos Eduardo Vega Alvarez;BOYACA DECENTE;9
SATIVANORTE;Jose Armando Quiñones Garzon;PARTIDO CENTRO DEMOCRATICO;9
SATIVANORTE;Juan Camilo Morales Rodriguez;PARTIDO LIBERAL COLOMBIANO;9
SATIVANORTE;Partido Cambio Radical;PARTIDO CAMBIO RADICAL;9
SATIVANORTE;Roman Hernando Ortega Hernandez;PARTIDO ALIANZA VERDE;9
SATIVANORTE;Fernando Alexander Serrato Fonseca;PARTIDO LIBERAL COLOMBIANO;8
SATIVANORTE;Omar Fernando Valderrama Baez;PARTIDO CENTRO DEMOCRATICO;8
SATIVANORTE;Jairo Enrique Cabana Fonseca;PARTIDO ALIANZA VERDE;7
SATIVANORTE;Nelson Mauricio Rodriguez Perez;PARTIDO CONSERVADOR COLOMBIANO;7
SATIVANORTE;Pedro Pablo Salas Hernandez;PARTIDO ALIANZA VERDE;7
SATIVANORTE;Wilton Fredy Castro Silva;PARTIDO ALIANZA VERDE;7
SATIVANORTE;Alfredo Horacio Correa Higuera;PARTIDO CAMBIO RADICAL;6
SATIVANORTE;Jose Dario Mahecha Castillo;PARTIDO CONSERVADOR COLOMBIANO;6
SATIVANORTE;Olga Niño Rojas;PARTIDO CENTRO DEMOCRATICO;6
SATIVANORTE;Pablo Antonio Zambrano Salamanca;PARTIDO CONSERVADOR COLOMBIANO;6
SATIVANORTE;Willian David Pabon Jimenez;PARTIDO SOCIAL DE UNIDAD NACIONAL  PARTIDO DE LA U;6
SATIVANORTE;Hugo Alveiro Rosas Romero;PARTIDO ALIANZA VERDE;5
SATIVANORTE;Luis Carlos Ochoa Pasachoa;PARTIDO ALIANZA VERDE;5
SATIVANORTE;Partido Social De Unidad Nacional  Partido De La U;PARTIDO SOCIAL DE UNIDAD NACIONAL  PARTIDO DE LA U;5
SATIVANORTE;Anderson Joaquin Sanchez Ruiz;PARTIDO LIBERAL COLOMBIANO;4
SATIVANORTE;Jhon Fredy Garavito Cortes;PARTIDO SOCIAL DE UNIDAD NACIONAL  PARTIDO DE LA U;4
SATIVANORTE;Luis Carlos Bernal Mesa;PARTIDO SOCIAL DE UNIDAD NACIONAL  PARTIDO DE LA U;4
SATIVANORTE;Luisa Fernanda Rodriguez Alfonso;PARTIDO ALIANZA VERDE;4
SATIVANORTE;Luz Dary Sevillano Guerrero;PARTIDO ALIANZA VERDE;4
SATIVANORTE;Maria De Los Santos Salamanca Silva;PARTIDO ALIANZA VERDE;4
SATIVANORTE;Partido Conservador Colombiano;PARTIDO CONSERVADOR COLOMBIANO;4
SATIVANORTE;Uldarico Javier Ramirez Chilito;MOVIMIENTO ALTERNATIVO INDIGENA Y SOCIAL MAIS;4
SATIVANORTE;Yadith Milena Martinez Farfan;PARTIDO CENTRO DEMOCRATICO;4
SATIVANORTE;Alvaro Hernan Forero Hurtado;BOYACA DECENTE;3
SATIVANORTE;Ana Adela Pulido Cuadros;PARTIDO CONSERVADOR COLOMBIANO;3
SATIVANORTE;Andres Mauricio Escarria Barraza;PARTIDO CAMBIO RADICAL;3
SATIVANORTE;Armando Buitrago Acevedo;PARTIDO ALIANZA SOCIAL INDEPENDIENTE ASI;3
SATIVANORTE;Aura Lucia Ortiz Cardona;PARTIDO CENTRO DEMOCRATICO;3
SATIVANORTE;Carlos Ernesto Torres Aguirre;PARTIDO CONSERVADOR COLOMBIANO;3
SATIVANORTE;Ivan Ricardo Pirachican Bernal;PARTIDO CONSERVADOR COLOMBIANO;3
SATIVANORTE;Johan Francisco Herrera Gualdron;PARTIDO ALIANZA VERDE;3
SATIVANORTE;Maira Adriana Zerda Gonzalez;PARTIDO ALIANZA VERDE;3
SATIVANORTE;Oscar Leonardo Montañez Sierra;PARTIDO CAMBIO RADICAL;3
SATIVANORTE;Sandra Milena Ramirez Moreno;PARTIDO CAMBIO RADICAL;3
SATIVANORTE;Alba Luz Becerra Becerra;PARTIDO ALIANZA SOCIAL INDEPENDIENTE ASI;2
SATIVANORTE;Cesar Augusto Mojica Bedoya;PARTIDO SOCIAL DE UNIDAD NACIONAL  PARTIDO DE LA U;2
SATIVANORTE;Claudia Yaneth Avila Castillo;PARTIDO SOCIAL DE UNIDAD NACIONAL  PARTIDO DE LA U;2
SATIVANORTE;David Santiago Diaz Guio;PARTIDO SOCIAL DE UNIDAD NACIONAL  PARTIDO DE LA U;2
SATIVANORTE;Fredy Julian Castro Rodriguez;PARTIDO CENTRO DEMOCRATICO;2
SATIVANORTE;Fredy Leonardo Rojas Vargas;PARTIDO CENTRO DEMOCRATICO;2
SATIVANORTE;Giovanna Del Pilar Soto Barreto;PARTIDO CAMBIO RADICAL;2
SATIVANORTE;Helver Ariel Avila Panche;PARTIDO CENTRO DEMOCRATICO;2
SATIVANORTE;Jorge Enrique Camacho Rodriguez;PARTIDO ALIANZA SOCIAL INDEPENDIENTE ASI;2
SATIVANORTE;Katherin Tatiana Calderon Acosta;PARTIDO CENTRO DEMOCRATICO;2
SATIVANORTE;Orlando Florez Cuervo;PARTIDO CENTRO DEMOCRATICO;2
SATIVANORTE;Partido Alianza Social Independiente Asi;PARTIDO ALIANZA SOCIAL INDEPENDIENTE ASI;2
SATIVANORTE;Partido Liberal Colombiano;PARTIDO LIBERAL COLOMBIANO;2
SATIVANORTE;Alberto Enrique Murillo Sanchez;PARTIDO CAMBIO RADICAL;1
SATIVANORTE;Antonio Ernesto Leguizamo Diaz;PARTIDO LIBERAL COLOMBIANO;1
SATIVANORTE;David Santiago Ochoa Garcia;PARTIDO SOCIAL DE UNIDAD NACIONAL  PARTIDO DE LA U;1
SATIVANORTE;Eliana Maria Villate Fonseca;PARTIDO CONSERVADOR COLOMBIANO;1
SATIVANORTE;Erika Dayana Piragauta Rodriguez;PARTIDO LIBERAL COLOMBIANO;1
SATIVANORTE;Estefany Johana Grajales Marin;MOVIMIENTO ALTERNATIVO INDIGENA Y SOCIAL MAIS;1
SATIVANORTE;Fabian Camilo Rojas Barrera;PARTIDO LIBERAL COLOMBIANO;1
SATIVANORTE;Jairo Correa Acevedo;MOVIMIENTO ALTERNATIVO INDIGENA Y SOCIAL MAIS;1
SATIVANORTE;Jairo Pacheco Suarez;PARTIDO LIBERAL COLOMBIANO;1
SATIVANORTE;Jhonnatan Jairo Avellaneda Mesa;MOVIMIENTO ALTERNATIVO INDIGENA Y SOCIAL MAIS;1
SATIVANORTE;Jorge Marin Jerez Amado;PARTIDO LIBERAL COLOMBIANO;1
SATIVANORTE;Jose Antonio Estupiñan Caceres;PARTIDO CONSERVADOR COLOMBIANO;1
SATIVANORTE;Jose Leonidas Medina Cruz;PARTIDO SOCIAL DE UNIDAD NACIONAL  PARTIDO DE LA U;1
SATIVANORTE;Jose Wilmar Leal Abril;PARTIDO CAMBIO RADICAL;1
SATIVANORTE;Luis Carlos Machado Zapata;PARTIDO LIBERAL COLOMBIANO;1
SATIVANORTE;Martha Ines Zipa Martinez;PARTIDO CAMBIO RADICAL;1
SATIVANORTE;Merardo Vargas Roa;PARTIDO ALIANZA VERDE;1
SATIVANORTE;Neddy Esther Sandoval Figueredo;PARTIDO LIBERAL COLOMBIANO;1
SATIVANORTE;Nereo Baron Tellez;MOVIMIENTO ALTERNATIVO INDIGENA Y SOCIAL MAIS;1
SATIVANORTE;Pedro Humberto Vargas Gomez;PARTIDO LIBERAL COLOMBIANO;1
SATIVANORTE;Ricardo Andres Español Teatino;PARTIDO LIBERAL COLOMBIANO;1
SATIVANORTE;Sandra Patricia Ricaurte Espinel;PARTIDO CAMBIO RADICAL;1
SATIVANORTE;Sergio Cabra Sierra;PARTIDO SOCIAL DE UNIDAD NACIONAL  PARTIDO DE LA U;1
SATIVANORTE;Wilder Ivan Suesca Ochoa;PARTIDO CENTRO DEMOCRATICO;1
SATIVASUR;Elsa Marlen Manrique Pulgar;PARTIDO LIBERAL COLOMBIANO;283
SATIVASUR;Omar Fernando Valderrama Baez;PARTIDO CENTRO DEMOCRATICO;106
SATIVASUR;Ivan Ricardo Pirachican Bernal;PARTIDO CONSERVADOR COLOMBIANO;76
SATIVASUR;Fernando Alexander Serrato Fonseca;PARTIDO LIBERAL COLOMBIANO;45
SATIVASUR;Jose Dario Mahecha Castillo;PARTIDO CONSERVADOR COLOMBIANO;35
SATIVASUR;Angela Patricia Velandia Novoa;PARTIDO ALIANZA VERDE;34
SATIVASUR;Ricardo Alonso Rojas Sachica;PARTIDO ALIANZA VERDE;31
SATIVASUR;Partido Liberal Colombiano;PARTIDO LIBERAL COLOMBIANO;27
SATIVASUR;Partido Conservador Colombiano;PARTIDO CONSERVADOR COLOMBIANO;13
SATIVASUR;Ana Adela Pulido Cuadros;PARTIDO CONSERVADOR COLOMBIANO;12
SATIVASUR;Jose Wilmar Leal Abril;PARTIDO CAMBIO RADICAL;12
SATIVASUR;Alfredo Horacio Correa Higuera;PARTIDO CAMBIO RADICAL;10
SATIVASUR;Pablo Antonio Zambrano Salamanca;PARTIDO CONSERVADOR COLOMBIANO;10
SATIVASUR;Alberto Enrique Murillo Sanchez;PARTIDO CAMBIO RADICAL;9
SATIVASUR;Fabian Camilo Rojas Barrera;PARTIDO LIBERAL COLOMBIANO;9
SATIVASUR;Jairo Pacheco Suarez;PARTIDO LIBERAL COLOMBIANO;9
SATIVASUR;Anderson Joaquin Sanchez Ruiz;PARTIDO LIBERAL COLOMBIANO;8
SATIVASUR;Irma Yineth Velandia Sandoval;PARTIDO CAMBIO RADICAL;8
SATIVASUR;Jhon Fredy Garavito Cortes;PARTIDO SOCIAL DE UNIDAD NACIONAL  PARTIDO DE LA U;8
SATIVASUR;Johan Francisco Herrera Gualdron;PARTIDO ALIANZA VERDE;8
SATIVASUR;William Rodolfo Mesa Avella;PARTIDO CENTRO DEMOCRATICO;8
SATIVASUR;Yamir Oswaldo Lopez Peña;PARTIDO ALIANZA VERDE;8
SATIVASUR;Ingrid Marlen Sogamoso Alfonso;PARTIDO CENTRO DEMOCRATICO;6
SATIVASUR;Olga Niño Rojas;PARTIDO CENTRO DEMOCRATICO;6
SATIVASUR;Uldarico Javier Ramirez Chilito;MOVIMIENTO ALTERNATIVO INDIGENA Y SOCIAL MAIS;6
SATIVASUR;Juan Camilo Morales Rodriguez;PARTIDO LIBERAL COLOMBIANO;5
SATIVASUR;Partido Alianza Verde;PARTIDO ALIANZA VERDE;5
SATIVASUR;Sonia Esperanza Lopez Barrera;PARTIDO CONSERVADOR COLOMBIANO;5
SATIVASUR;Wilder Ivan Suesca Ochoa;PARTIDO CENTRO DEMOCRATICO;5
SATIVASUR;Fredy Julian Castro Rodriguez;PARTIDO CENTRO DEMOCRATICO;4
SATIVASUR;Hugo Alveiro Rosas Romero;PARTIDO ALIANZA VERDE;4
SATIVASUR;Luis Carlos Machado Zapata;PARTIDO LIBERAL COLOMBIANO;4
SATIVASUR;Luis Carlos Ochoa Pasachoa;PARTIDO ALIANZA VERDE;4
SATIVASUR;Luisa Fernanda Rodriguez Alfonso;PARTIDO ALIANZA VERDE;4
SATIVASUR;Neddy Esther Sandoval Figueredo;PARTIDO LIBERAL COLOMBIANO;4
SATIVASUR;Roman Hernando Ortega Hernandez;PARTIDO ALIANZA VERDE;4
SATIVASUR;Alvaro Hernan Forero Hurtado;BOYACA DECENTE;3
SATIVASUR;Carlos Alfredo Siza Blanco;PARTIDO CONSERVADOR COLOMBIANO;3
SATIVASUR;Concha Jael Vargas Saavedra;PARTIDO CONSERVADOR COLOMBIANO;3
SATIVASUR;Gustavo Eduardo Castañeda Niño;PARTIDO ALIANZA VERDE;3
SATIVASUR;Jorge Marin Jerez Amado;PARTIDO LIBERAL COLOMBIANO;3
SATIVASUR;Jose Antonio Estupiñan Caceres;PARTIDO CONSERVADOR COLOMBIANO;3
SATIVASUR;Jose Mauricio Buitrago Rivera;PARTIDO CAMBIO RADICAL;3
SATIVASUR;Partido Cambio Radical;PARTIDO CAMBIO RADICAL;3
SATIVASUR;Pedro Pablo Salas Hernandez;PARTIDO ALIANZA VERDE;3
SATIVASUR;Wilkins Fernando Chaparro Cuervo;PARTIDO ALIANZA SOCIAL INDEPENDIENTE ASI;3
SATIVASUR;Yury Neill Diaz Aranguren;MOVIMIENTO ALTERNATIVO INDIGENA Y SOCIAL MAIS;3
SATIVASUR;Carlos Ernesto Torres Aguirre;PARTIDO CONSERVADOR COLOMBIANO;2
SATIVASUR;Cesar Augusto Mojica Bedoya;PARTIDO SOCIAL DE UNIDAD NACIONAL  PARTIDO DE LA U;2
SATIVASUR;Eliana Maria Villate Fonseca;PARTIDO CONSERVADOR COLOMBIANO;2
SATIVASUR;Jaime Andres Gomez Gomez;PARTIDO CONSERVADOR COLOMBIANO;2
SATIVASUR;John Fredy Lopez Mora;MOVIMIENTO ALTERNATIVO INDIGENA Y SOCIAL MAIS;2
SATIVASUR;Jose Armando Quiñones Garzon;PARTIDO CENTRO DEMOCRATICO;2
SATIVASUR;Kiliam Ernesto Gonzalez Forero;BOYACA DECENTE;2
SATIVASUR;Mauricio Cadena Valero;PARTIDO CENTRO DEMOCRATICO;2
SATIVASUR;Andres Mauricio Escarria Barraza;PARTIDO CAMBIO RADICAL;1
SATIVASUR;Antonio Ernesto Leguizamo Diaz;PARTIDO LIBERAL COLOMBIANO;1
SATIVASUR;Armando Buitrago Acevedo;PARTIDO ALIANZA SOCIAL INDEPENDIENTE ASI;1
SATIVASUR;Aura Lucia Ortiz Cardona;PARTIDO CENTRO DEMOCRATICO;1
SATIVASUR;David Santiago Ochoa Garcia;PARTIDO SOCIAL DE UNIDAD NACIONAL  PARTIDO DE LA U;1
SATIVASUR;Edgar Antulio Gonzalez Trujillo;BOYACA DECENTE;1
SATIVASUR;Erika Dayana Piragauta Rodriguez;PARTIDO LIBERAL COLOMBIANO;1
SATIVASUR;Fredy Enrique Segura Alonso;BOYACA DECENTE;1
SATIVASUR;Fredy Leonardo Rojas Vargas;PARTIDO CENTRO DEMOCRATICO;1
SATIVASUR;Gregorio Morales Tovar;BOYACA DECENTE;1
SATIVASUR;Hector Josue Camacho Acosta;PARTIDO CENTRO DEMOCRATICO;1
SATIVASUR;Jairo Correa Acevedo;MOVIMIENTO ALTERNATIVO INDIGENA Y SOCIAL MAIS;1
SATIVASUR;Jorge Ignacio Lopez Barrera;BOYACA DECENTE;1
SATIVASUR;Juddy Alexandra Jimenez Cuadros;PARTIDO SOCIAL DE UNIDAD NACIONAL  PARTIDO DE LA U;1
SATIVASUR;Luis Carlos Bernal Mesa;PARTIDO SOCIAL DE UNIDAD NACIONAL  PARTIDO DE LA U;1
SATIVASUR;Manuel Ricardo Mesa Trujillo;PARTIDO SOCIAL DE UNIDAD NACIONAL  PARTIDO DE LA U;1
SATIVASUR;Maria De Los Santos Salamanca Silva;PARTIDO ALIANZA VERDE;1
SATIVASUR;Merardo Vargas Roa;PARTIDO ALIANZA VERDE;1
SATIVASUR;Omar Humberto Villamil Munevar;PARTIDO CONSERVADOR COLOMBIANO;1
SATIVASUR;Orlando Florez Cuervo;PARTIDO CENTRO DEMOCRATICO;1
SATIVASUR;Partido Centro Democratico;PARTIDO CENTRO DEMOCRATICO;1
SATIVASUR;Partido Colombia Justa Libres;PARTIDO COLOMBIA JUSTA LIBRES;1
SATIVASUR;Pedro Humberto Vargas Gomez;PARTIDO LIBERAL COLOMBIANO;1
SATIVASUR;Ricardo Andres Español Teatino;PARTIDO LIBERAL COLOMBIANO;1
SATIVASUR;Sandra Patricia Contreras Soto;PARTIDO LIBERAL COLOMBIANO;1
SATIVASUR;Wilton Fredy Castro Silva;PARTIDO ALIANZA VERDE;1
SIACHOQUE;Angela Patricia Velandia Novoa;PARTIDO ALIANZA VERDE;765
SIACHOQUE;Jairo Pacheco Suarez;PARTIDO LIBERAL COLOMBIANO;362
SIACHOQUE;Yamir Oswaldo Lopez Peña;PARTIDO ALIANZA VERDE;350
SIACHOQUE;Jose Armando Quiñones Garzon;PARTIDO CENTRO DEMOCRATICO;319
SIACHOQUE;Jose Dario Mahecha Castillo;PARTIDO CONSERVADOR COLOMBIANO;177
SIACHOQUE;Ivan Ricardo Pirachican Bernal;PARTIDO CONSERVADOR COLOMBIANO;138
SIACHOQUE;Hugo Alveiro Rosas Romero;PARTIDO ALIANZA VERDE;93
SIACHOQUE;Partido Alianza Verde;PARTIDO ALIANZA VERDE;86
SIACHOQUE;Yury Neill Diaz Aranguren;MOVIMIENTO ALTERNATIVO INDIGENA Y SOCIAL MAIS;79
SIACHOQUE;Fabian Camilo Rojas Barrera;PARTIDO LIBERAL COLOMBIANO;73
SIACHOQUE;Fernando Alexander Serrato Fonseca;PARTIDO LIBERAL COLOMBIANO;71
SIACHOQUE;Carlos Ernesto Torres Aguirre;PARTIDO CONSERVADOR COLOMBIANO;66
SIACHOQUE;Oscar Leonardo Montañez Sierra;PARTIDO CAMBIO RADICAL;64
SIACHOQUE;Wilder Ivan Suesca Ochoa;PARTIDO CENTRO DEMOCRATICO;61
SIACHOQUE;Partido Centro Democratico;PARTIDO CENTRO DEMOCRATICO;59
SIACHOQUE;Hector Josue Camacho Acosta;PARTIDO CENTRO DEMOCRATICO;56
SIACHOQUE;Mauricio Cadena Valero;PARTIDO CENTRO DEMOCRATICO;55
SIACHOQUE;Juan Camilo Morales Rodriguez;PARTIDO LIBERAL COLOMBIANO;49
SIACHOQUE;Jairo Enrique Cabana Fonseca;PARTIDO ALIANZA VERDE;44
SIACHOQUE;Ricardo Alonso Rojas Sachica;PARTIDO ALIANZA VERDE;44
SIACHOQUE;Jose Antonio Estupiñan Caceres;PARTIDO CONSERVADOR COLOMBIANO;42
SIACHOQUE;Partido Liberal Colombiano;PARTIDO LIBERAL COLOMBIANO;41
SIACHOQUE;William Rodolfo Mesa Avella;PARTIDO CENTRO DEMOCRATICO;41
SIACHOQUE;Johan Francisco Herrera Gualdron;PARTIDO ALIANZA VERDE;35
SIACHOQUE;Concha Jael Vargas Saavedra;PARTIDO CONSERVADOR COLOMBIANO;31
SIACHOQUE;Ingrid Marlen Sogamoso Alfonso;PARTIDO CENTRO DEMOCRATICO;29
SIACHOQUE;Willian David Pabon Jimenez;PARTIDO SOCIAL DE UNIDAD NACIONAL  PARTIDO DE LA U;29
SIACHOQUE;Sandra Patricia Contreras Soto;PARTIDO LIBERAL COLOMBIANO;28
SIACHOQUE;Luisa Fernanda Rodriguez Alfonso;PARTIDO ALIANZA VERDE;27
SIACHOQUE;Pedro Pablo Salas Hernandez;PARTIDO ALIANZA VERDE;27
SIACHOQUE;Anderson Joaquin Sanchez Ruiz;PARTIDO LIBERAL COLOMBIANO;24
SIACHOQUE;Gustavo Eduardo Castañeda Niño;PARTIDO ALIANZA VERDE;23
SIACHOQUE;Movimiento Alternativo Indigena Y Social Mais;MOVIMIENTO ALTERNATIVO INDIGENA Y SOCIAL MAIS;22
SIACHOQUE;Partido Conservador Colombiano;PARTIDO CONSERVADOR COLOMBIANO;22
SIACHOQUE;Luis Carlos Ochoa Pasachoa;PARTIDO ALIANZA VERDE;21
SIACHOQUE;Segundo Fidel Salazar Gonzalez;PARTIDO SOCIAL DE UNIDAD NACIONAL  PARTIDO DE LA U;19
SIACHOQUE;Orlando Florez Cuervo;PARTIDO CENTRO DEMOCRATICO;18
SIACHOQUE;Hernando Arias Ochoa;PARTIDO ALIANZA SOCIAL INDEPENDIENTE ASI;17
SIACHOQUE;Merardo Vargas Roa;PARTIDO ALIANZA VERDE;17
SIACHOQUE;Partido Colombia Justa Libres;PARTIDO COLOMBIA JUSTA LIBRES;16
SIACHOQUE;Alfredo Horacio Correa Higuera;PARTIDO CAMBIO RADICAL;14
SIACHOQUE;Jorge Marin Jerez Amado;PARTIDO LIBERAL COLOMBIANO;14
SIACHOQUE;Pablo Antonio Zambrano Salamanca;PARTIDO CONSERVADOR COLOMBIANO;14
SIACHOQUE;Omar Fernando Valderrama Baez;PARTIDO CENTRO DEMOCRATICO;13
SIACHOQUE;Carlos Alfredo Siza Blanco;PARTIDO CONSERVADOR COLOMBIANO;12
SIACHOQUE;Cesar Augusto Mojica Bedoya;PARTIDO SOCIAL DE UNIDAD NACIONAL  PARTIDO DE LA U;12
SIACHOQUE;Luis Carlos Machado Zapata;PARTIDO LIBERAL COLOMBIANO;12
SIACHOQUE;Partido Cambio Radical;PARTIDO CAMBIO RADICAL;12
SIACHOQUE;Partido Social De Unidad Nacional  Partido De La U;PARTIDO SOCIAL DE UNIDAD NACIONAL  PARTIDO DE LA U;11
SIACHOQUE;Ana Delia Avendaño Hernandez;PARTIDO LIBERAL COLOMBIANO;10
SIACHOQUE;Fredy Leonardo Rojas Vargas;PARTIDO CENTRO DEMOCRATICO;10
SIACHOQUE;Jose Mauricio Buitrago Rivera;PARTIDO CAMBIO RADICAL;10
SIACHOQUE;Luis Carlos Bernal Mesa;PARTIDO SOCIAL DE UNIDAD NACIONAL  PARTIDO DE LA U;10
SIACHOQUE;Partido Alianza Social Independiente Asi;PARTIDO ALIANZA SOCIAL INDEPENDIENTE ASI;10
SIACHOQUE;Neddy Esther Sandoval Figueredo;PARTIDO LIBERAL COLOMBIANO;9
SIACHOQUE;Nelson Mauricio Rodriguez Perez;PARTIDO CONSERVADOR COLOMBIANO;9
SIACHOQUE;Sonia Esperanza Lopez Barrera;PARTIDO CONSERVADOR COLOMBIANO;9
SIACHOQUE;Alba Luz Becerra Becerra;PARTIDO ALIANZA SOCIAL INDEPENDIENTE ASI;8
SIACHOQUE;Ana Adela Pulido Cuadros;PARTIDO CONSERVADOR COLOMBIANO;8
SIACHOQUE;Daniel Fernando Mejia Lozano;PARTIDO ALIANZA SOCIAL INDEPENDIENTE ASI;8
SIACHOQUE;Giovanna Del Pilar Soto Barreto;PARTIDO CAMBIO RADICAL;8
SIACHOQUE;Jorge Eduardo Diaz Avendaño;MOVIMIENTO ALTERNATIVO INDIGENA Y SOCIAL MAIS;8
SIACHOQUE;Luz Dary Sevillano Guerrero;PARTIDO ALIANZA VERDE;8
SIACHOQUE;Siervo Yesith Gonzalez Saavedra;PARTIDO CAMBIO RADICAL;8
SIACHOQUE;Yadith Milena Martinez Farfan;PARTIDO CENTRO DEMOCRATICO;8
SIACHOQUE;Adriana Paola Laverde Rodriguez;MOVIMIENTO ALTERNATIVO INDIGENA Y SOCIAL MAIS;7
SIACHOQUE;Eliana Hasleidy Gamez Pinilla;PARTIDO CAMBIO RADICAL;7
SIACHOQUE;Irma Yineth Velandia Sandoval;PARTIDO CAMBIO RADICAL;7
SIACHOQUE;Jairo Correa Acevedo;MOVIMIENTO ALTERNATIVO INDIGENA Y SOCIAL MAIS;7
SIACHOQUE;Jorge Enrique Camacho Rodriguez;PARTIDO ALIANZA SOCIAL INDEPENDIENTE ASI;7
SIACHOQUE;Jose Agustin Arias Millan;PARTIDO CENTRO DEMOCRATICO;7
SIACHOQUE;Jose Wilmar Leal Abril;PARTIDO CAMBIO RADICAL;7
SIACHOQUE;Sergio Cabra Sierra;PARTIDO SOCIAL DE UNIDAD NACIONAL  PARTIDO DE LA U;7
SIACHOQUE;Uldarico Javier Ramirez Chilito;MOVIMIENTO ALTERNATIVO INDIGENA Y SOCIAL MAIS;7
SIACHOQUE;Estefany Johana Grajales Marin;MOVIMIENTO ALTERNATIVO INDIGENA Y SOCIAL MAIS;6
SIACHOQUE;Manuel Ricardo Mesa Trujillo;PARTIDO SOCIAL DE UNIDAD NACIONAL  PARTIDO DE LA U;6
SIACHOQUE;Maria De Los Santos Salamanca Silva;PARTIDO ALIANZA VERDE;6
SIACHOQUE;Pedro Humberto Vargas Gomez;PARTIDO LIBERAL COLOMBIANO;6
SIACHOQUE;Roman Hernando Ortega Hernandez;PARTIDO ALIANZA VERDE;6
SIACHOQUE;Armando Buitrago Acevedo;PARTIDO ALIANZA SOCIAL INDEPENDIENTE ASI;5
SIACHOQUE;Eliana Maria Villate Fonseca;PARTIDO CONSERVADOR COLOMBIANO;5
SIACHOQUE;Norman De Jesus Quintero Gallego;PARTIDO CONSERVADOR COLOMBIANO;5
SIACHOQUE;Wilton Fredy Castro Silva;PARTIDO ALIANZA VERDE;5
SIACHOQUE;Alberto Enrique Murillo Sanchez;PARTIDO CAMBIO RADICAL;4
SIACHOQUE;Maira Adriana Zerda Gonzalez;PARTIDO ALIANZA VERDE;4
SIACHOQUE;Nelsy Yolanda Rivera Ferrucho;BOYACA DECENTE;4
SIACHOQUE;Ricardo Andres Español Teatino;PARTIDO LIBERAL COLOMBIANO;4
SIACHOQUE;Andrea Carolina Camargo Caro;MOVIMIENTO ALTERNATIVO INDIGENA Y SOCIAL MAIS;3
SIACHOQUE;Claudia Yaneth Avila Castillo;PARTIDO SOCIAL DE UNIDAD NACIONAL  PARTIDO DE LA U;3
SIACHOQUE;David Santiago Ochoa Garcia;PARTIDO SOCIAL DE UNIDAD NACIONAL  PARTIDO DE LA U;3
SIACHOQUE;Edwin Andres Rodriguez Rodriguez;PARTIDO LIBERAL COLOMBIANO;3
SIACHOQUE;Elsa Marlen Manrique Pulgar;PARTIDO LIBERAL COLOMBIANO;3
SIACHOQUE;Ericka Leonor Amador Gamarra;PARTIDO SOCIAL DE UNIDAD NACIONAL  PARTIDO DE LA U;3
SIACHOQUE;Erika Dayana Piragauta Rodriguez;PARTIDO LIBERAL COLOMBIANO;3
SIACHOQUE;Jhon Fredy Garavito Cortes;PARTIDO SOCIAL DE UNIDAD NACIONAL  PARTIDO DE LA U;3
SIACHOQUE;Juddy Alexandra Jimenez Cuadros;PARTIDO SOCIAL DE UNIDAD NACIONAL  PARTIDO DE LA U;3
SIACHOQUE;Nereo Baron Tellez;MOVIMIENTO ALTERNATIVO INDIGENA Y SOCIAL MAIS;3
SIACHOQUE;Vivian Catherin Alvarez;PARTIDO ALIANZA SOCIAL INDEPENDIENTE ASI;3
SIACHOQUE;Wilkins Fernando Chaparro Cuervo;PARTIDO ALIANZA SOCIAL INDEPENDIENTE ASI;3
SIACHOQUE;Alvaro Hernan Forero Hurtado;BOYACA DECENTE;2
SIACHOQUE;Andres Mauricio Escarria Barraza;PARTIDO CAMBIO RADICAL;2
SIACHOQUE;Antonio Ernesto Leguizamo Diaz;PARTIDO LIBERAL COLOMBIANO;2
SIACHOQUE;Aura Lucia Ortiz Cardona;PARTIDO CENTRO DEMOCRATICO;2
SIACHOQUE;Boyaca Decente;BOYACA DECENTE;2
SIACHOQUE;David Santiago Diaz Guio;PARTIDO SOCIAL DE UNIDAD NACIONAL  PARTIDO DE LA U;2
SIACHOQUE;Edwin Alfonso Perez Beltran;PARTIDO ALIANZA SOCIAL INDEPENDIENTE ASI;2
SIACHOQUE;Fernando Augusto Diaz Saenz;PARTIDO CONSERVADOR COLOMBIANO;2
SIACHOQUE;Fredy Julian Castro Rodriguez;PARTIDO CENTRO DEMOCRATICO;2
SIACHOQUE;Helver Ariel Avila Panche;PARTIDO CENTRO DEMOCRATICO;2
SIACHOQUE;John Fredy Lopez Mora;MOVIMIENTO ALTERNATIVO INDIGENA Y SOCIAL MAIS;2
SIACHOQUE;Jose Leonidas Medina Cruz;PARTIDO SOCIAL DE UNIDAD NACIONAL  PARTIDO DE LA U;2
SIACHOQUE;Mariev Bejarano Ospina;BOYACA DECENTE;2
SIACHOQUE;Omar Humberto Villamil Munevar;PARTIDO CONSERVADOR COLOMBIANO;2
SIACHOQUE;Sandra Milena Ramirez Moreno;PARTIDO CAMBIO RADICAL;2
SIACHOQUE;Ana Lucia Parra Monroy;PARTIDO SOCIAL DE UNIDAD NACIONAL  PARTIDO DE LA U;1
SIACHOQUE;Angela Rocio Umaña Rojas;PARTIDO CONSERVADOR COLOMBIANO;1
SIACHOQUE;Carlos Eduardo Vega Alvarez;BOYACA DECENTE;1
SIACHOQUE;Carlos Julian Diaz Franco;PARTIDO ALIANZA SOCIAL INDEPENDIENTE ASI;1
SIACHOQUE;Claudia Patricia Barrera Patiño;PARTIDO SOCIAL DE UNIDAD NACIONAL  PARTIDO DE LA U;1
SIACHOQUE;David Alejandro Avila Cely;MOVIMIENTO ALTERNATIVO INDIGENA Y SOCIAL MAIS;1
SIACHOQUE;Flor Elba Velandia Cely;PARTIDO ALIANZA SOCIAL INDEPENDIENTE ASI;1
SIACHOQUE;Gregorio Morales Tovar;BOYACA DECENTE;1
SIACHOQUE;Jhonnatan Jairo Avellaneda Mesa;MOVIMIENTO ALTERNATIVO INDIGENA Y SOCIAL MAIS;1
SIACHOQUE;Julieth Rocio Montañez Niño;PARTIDO ALIANZA SOCIAL INDEPENDIENTE ASI;1
SIACHOQUE;Katherin Tatiana Calderon Acosta;PARTIDO CENTRO DEMOCRATICO;1
SIACHOQUE;Lizeth Paola Saade Fuentes;MOVIMIENTO ALTERNATIVO INDIGENA Y SOCIAL MAIS;1
SIACHOQUE;Martha Ines Zipa Martinez;PARTIDO CAMBIO RADICAL;1
SIACHOQUE;Olga Niño Rojas;PARTIDO CENTRO DEMOCRATICO;1
SOATA;Angela Patricia Velandia Novoa;PARTIDO ALIANZA VERDE;1804
SOATA;William Rodolfo Mesa Avella;PARTIDO CENTRO DEMOCRATICO;766
SOATA;Nelson Mauricio Rodriguez Perez;PARTIDO CONSERVADOR COLOMBIANO;572
SOATA;Luisa Fernanda Rodriguez Alfonso;PARTIDO ALIANZA VERDE;163
SOATA;Ricardo Alonso Rojas Sachica;PARTIDO ALIANZA VERDE;112
SOATA;Hector Josue Camacho Acosta;PARTIDO CENTRO DEMOCRATICO;95
SOATA;Jairo Correa Acevedo;MOVIMIENTO ALTERNATIVO INDIGENA Y SOCIAL MAIS;75
SOATA;Anderson Joaquin Sanchez Ruiz;PARTIDO LIBERAL COLOMBIANO;62
SOATA;Omar Fernando Valderrama Baez;PARTIDO CENTRO DEMOCRATICO;54
SOATA;Partido Alianza Verde;PARTIDO ALIANZA VERDE;43
SOATA;Hugo Alveiro Rosas Romero;PARTIDO ALIANZA VERDE;41
SOATA;Orlando Florez Cuervo;PARTIDO CENTRO DEMOCRATICO;40
SOATA;Yamir Oswaldo Lopez Peña;PARTIDO ALIANZA VERDE;38
SOATA;Carlos Alfredo Siza Blanco;PARTIDO CONSERVADOR COLOMBIANO;30
SOATA;Elsa Marlen Manrique Pulgar;PARTIDO LIBERAL COLOMBIANO;28
SOATA;Fernando Augusto Diaz Saenz;PARTIDO CONSERVADOR COLOMBIANO;26
SOATA;Merardo Vargas Roa;PARTIDO ALIANZA VERDE;26
SOATA;Partido Centro Democratico;PARTIDO CENTRO DEMOCRATICO;26
SOATA;Wilder Ivan Suesca Ochoa;PARTIDO CENTRO DEMOCRATICO;26
SOATA;Pedro Pablo Salas Hernandez;PARTIDO ALIANZA VERDE;25
SOATA;Fernando Alexander Serrato Fonseca;PARTIDO LIBERAL COLOMBIANO;24
SOATA;Partido Cambio Radical;PARTIDO CAMBIO RADICAL;24
SOATA;Siervo Yesith Gonzalez Saavedra;PARTIDO CAMBIO RADICAL;23
SOATA;Johan Francisco Herrera Gualdron;PARTIDO ALIANZA VERDE;22
SOATA;Partido Colombia Justa Libres;PARTIDO COLOMBIA JUSTA LIBRES;20
SOATA;Roman Hernando Ortega Hernandez;PARTIDO ALIANZA VERDE;20
SOATA;Hernando Arias Ochoa;PARTIDO ALIANZA SOCIAL INDEPENDIENTE ASI;18
SOATA;Jairo Enrique Cabana Fonseca;PARTIDO ALIANZA VERDE;18
SOATA;Jhon Fredy Garavito Cortes;PARTIDO SOCIAL DE UNIDAD NACIONAL  PARTIDO DE LA U;18
SOATA;Jose Wilmar Leal Abril;PARTIDO CAMBIO RADICAL;17
SOATA;Partido Social De Unidad Nacional  Partido De La U;PARTIDO SOCIAL DE UNIDAD NACIONAL  PARTIDO DE LA U;17
SOATA;Ivan Ricardo Pirachican Bernal;PARTIDO CONSERVADOR COLOMBIANO;15
SOATA;Jose Armando Quiñones Garzon;PARTIDO CENTRO DEMOCRATICO;14
SOATA;Alfredo Horacio Correa Higuera;PARTIDO CAMBIO RADICAL;13
SOATA;Ingrid Marlen Sogamoso Alfonso;PARTIDO CENTRO DEMOCRATICO;13
SOATA;Movimiento Alternativo Indigena Y Social Mais;MOVIMIENTO ALTERNATIVO INDIGENA Y SOCIAL MAIS;13
SOATA;Partido Conservador Colombiano;PARTIDO CONSERVADOR COLOMBIANO;13
SOATA;Fredy Julian Castro Rodriguez;PARTIDO CENTRO DEMOCRATICO;12
SOATA;Jorge Eduardo Diaz Avendaño;MOVIMIENTO ALTERNATIVO INDIGENA Y SOCIAL MAIS;12
SOATA;Jose Dario Mahecha Castillo;PARTIDO CONSERVADOR COLOMBIANO;12
SOATA;Gustavo Eduardo Castañeda Niño;PARTIDO ALIANZA VERDE;11
SOATA;Jairo Pacheco Suarez;PARTIDO LIBERAL COLOMBIANO;11
SOATA;Juan Camilo Morales Rodriguez;PARTIDO LIBERAL COLOMBIANO;11
SOATA;Armando Buitrago Acevedo;PARTIDO ALIANZA SOCIAL INDEPENDIENTE ASI;10
SOATA;Daniel Fernando Mejia Lozano;PARTIDO ALIANZA SOCIAL INDEPENDIENTE ASI;10
SOATA;Jose Antonio Estupiñan Caceres;PARTIDO CONSERVADOR COLOMBIANO;10
SOATA;Ricardo Andres Español Teatino;PARTIDO LIBERAL COLOMBIANO;10
SOATA;Sonia Esperanza Lopez Barrera;PARTIDO CONSERVADOR COLOMBIANO;10
SOATA;John Fredy Lopez Mora;MOVIMIENTO ALTERNATIVO INDIGENA Y SOCIAL MAIS;9
SOATA;Jose Mauricio Buitrago Rivera;PARTIDO CAMBIO RADICAL;9
SOATA;Luis Carlos Machado Zapata;PARTIDO LIBERAL COLOMBIANO;9
SOATA;Manuel Ricardo Mesa Trujillo;PARTIDO SOCIAL DE UNIDAD NACIONAL  PARTIDO DE LA U;9
SOATA;Nereo Baron Tellez;MOVIMIENTO ALTERNATIVO INDIGENA Y SOCIAL MAIS;9
SOATA;Olga Niño Rojas;PARTIDO CENTRO DEMOCRATICO;9
SOATA;Oscar Leonardo Montañez Sierra;PARTIDO CAMBIO RADICAL;9
SOATA;Segundo Fidel Salazar Gonzalez;PARTIDO SOCIAL DE UNIDAD NACIONAL  PARTIDO DE LA U;9
SOATA;Uldarico Javier Ramirez Chilito;MOVIMIENTO ALTERNATIVO INDIGENA Y SOCIAL MAIS;9
SOATA;Yadith Milena Martinez Farfan;PARTIDO CENTRO DEMOCRATICO;9
SOATA;Alberto Enrique Murillo Sanchez;PARTIDO CAMBIO RADICAL;8
SOATA;Antonio Ernesto Leguizamo Diaz;PARTIDO LIBERAL COLOMBIANO;7
SOATA;Carlos Ernesto Torres Aguirre;PARTIDO CONSERVADOR COLOMBIANO;7
SOATA;Cesar Augusto Mojica Bedoya;PARTIDO SOCIAL DE UNIDAD NACIONAL  PARTIDO DE LA U;7
SOATA;Neddy Esther Sandoval Figueredo;PARTIDO LIBERAL COLOMBIANO;7
SOATA;Norman De Jesus Quintero Gallego;PARTIDO CONSERVADOR COLOMBIANO;7
SOATA;Partido Alianza Social Independiente Asi;PARTIDO ALIANZA SOCIAL INDEPENDIENTE ASI;7
SOATA;Aura Lucia Ortiz Cardona;PARTIDO CENTRO DEMOCRATICO;6
SOATA;Fredy Leonardo Rojas Vargas;PARTIDO CENTRO DEMOCRATICO;6
SOATA;Irma Yineth Velandia Sandoval;PARTIDO CAMBIO RADICAL;6
SOATA;Jose Agustin Arias Millan;PARTIDO CENTRO DEMOCRATICO;6
SOATA;Luis Carlos Ochoa Pasachoa;PARTIDO ALIANZA VERDE;6
SOATA;Luz Dary Sevillano Guerrero;PARTIDO ALIANZA VERDE;6
SOATA;Yury Neill Diaz Aranguren;MOVIMIENTO ALTERNATIVO INDIGENA Y SOCIAL MAIS;6
SOATA;Andres Mauricio Escarria Barraza;PARTIDO CAMBIO RADICAL;5
SOATA;Maria De Los Santos Salamanca Silva;PARTIDO ALIANZA VERDE;5
SOATA;Nelsy Yolanda Rivera Ferrucho;BOYACA DECENTE;5
SOATA;Partido Liberal Colombiano;PARTIDO LIBERAL COLOMBIANO;5
SOATA;Adriana Paola Laverde Rodriguez;MOVIMIENTO ALTERNATIVO INDIGENA Y SOCIAL MAIS;4
SOATA;Flor Elba Velandia Cely;PARTIDO ALIANZA SOCIAL INDEPENDIENTE ASI;4
SOATA;Mauricio Cadena Valero;PARTIDO CENTRO DEMOCRATICO;4
SOATA;Sandra Milena Ramirez Moreno;PARTIDO CAMBIO RADICAL;4
SOATA;Sergio Cabra Sierra;PARTIDO SOCIAL DE UNIDAD NACIONAL  PARTIDO DE LA U;4
SOATA;Wilkins Fernando Chaparro Cuervo;PARTIDO ALIANZA SOCIAL INDEPENDIENTE ASI;4
SOATA;Wilton Fredy Castro Silva;PARTIDO ALIANZA VERDE;4
SOATA;Alba Luz Becerra Becerra;PARTIDO ALIANZA SOCIAL INDEPENDIENTE ASI;3
SOATA;Alvaro Hernan Forero Hurtado;BOYACA DECENTE;3
SOATA;Ana Adela Pulido Cuadros;PARTIDO CONSERVADOR COLOMBIANO;3
SOATA;Fabian Camilo Rojas Barrera;PARTIDO LIBERAL COLOMBIANO;3
SOATA;Giovanna Del Pilar Soto Barreto;PARTIDO CAMBIO RADICAL;3
SOATA;Jorge Ignacio Lopez Barrera;BOYACA DECENTE;3
SOATA;Laura Patricia Contreras Alvarez;PARTIDO ALIANZA SOCIAL INDEPENDIENTE ASI;3
SOATA;Maira Adriana Zerda Gonzalez;PARTIDO ALIANZA VERDE;3
SOATA;Willian David Pabon Jimenez;PARTIDO SOCIAL DE UNIDAD NACIONAL  PARTIDO DE LA U;3
SOATA;Boyaca Decente;BOYACA DECENTE;2
SOATA;Claudia Yaneth Avila Castillo;PARTIDO SOCIAL DE UNIDAD NACIONAL  PARTIDO DE LA U;2
SOATA;David Santiago Ochoa Garcia;PARTIDO SOCIAL DE UNIDAD NACIONAL  PARTIDO DE LA U;2
SOATA;Eliana Maria Villate Fonseca;PARTIDO CONSERVADOR COLOMBIANO;2
SOATA;Estefany Johana Grajales Marin;MOVIMIENTO ALTERNATIVO INDIGENA Y SOCIAL MAIS;2
SOATA;Fredy Enrique Segura Alonso;BOYACA DECENTE;2
SOATA;Jorge Marin Jerez Amado;PARTIDO LIBERAL COLOMBIANO;2
SOATA;Luis Carlos Bernal Mesa;PARTIDO SOCIAL DE UNIDAD NACIONAL  PARTIDO DE LA U;2
SOATA;Mariev Bejarano Ospina;BOYACA DECENTE;2
SOATA;Omar Humberto Villamil Munevar;PARTIDO CONSERVADOR COLOMBIANO;2
SOATA;Sandra Patricia Ricaurte Espinel;PARTIDO CAMBIO RADICAL;2
SOATA;Ana Delia Avendaño Hernandez;PARTIDO LIBERAL COLOMBIANO;1
SOATA;Ana Lucia Parra Monroy;PARTIDO SOCIAL DE UNIDAD NACIONAL  PARTIDO DE LA U;1
SOATA;Angela Magaly Garcia Rivera;MOVIMIENTO ALTERNATIVO INDIGENA Y SOCIAL MAIS;1
SOATA;Angela Rocio Umaña Rojas;PARTIDO CONSERVADOR COLOMBIANO;1
SOATA;Carlos Julian Diaz Franco;PARTIDO ALIANZA SOCIAL INDEPENDIENTE ASI;1
SOATA;Carmen Liria Prieto Cortes;BOYACA DECENTE;1
SOATA;Claudia Patricia Barrera Patiño;PARTIDO SOCIAL DE UNIDAD NACIONAL  PARTIDO DE LA U;1
SOATA;David Santiago Diaz Guio;PARTIDO SOCIAL DE UNIDAD NACIONAL  PARTIDO DE LA U;1
SOATA;Eliana Hasleidy Gamez Pinilla;PARTIDO CAMBIO RADICAL;1
SOATA;Ericka Leonor Amador Gamarra;PARTIDO SOCIAL DE UNIDAD NACIONAL  PARTIDO DE LA U;1
SOATA;Gregorio Morales Tovar;BOYACA DECENTE;1
SOATA;Henry Goyeneche Hormaza;PARTIDO ALIANZA SOCIAL INDEPENDIENTE ASI;1
SOATA;Jaime Andres Gomez Gomez;PARTIDO CONSERVADOR COLOMBIANO;1
SOATA;Jhonnatan Jairo Avellaneda Mesa;MOVIMIENTO ALTERNATIVO INDIGENA Y SOCIAL MAIS;1
SOATA;Juddy Alexandra Jimenez Cuadros;PARTIDO SOCIAL DE UNIDAD NACIONAL  PARTIDO DE LA U;1
SOATA;Katherin Tatiana Calderon Acosta;PARTIDO CENTRO DEMOCRATICO;1
SOATA;Kiliam Ernesto Gonzalez Forero;BOYACA DECENTE;1
SOATA;Lizeth Paola Saade Fuentes;MOVIMIENTO ALTERNATIVO INDIGENA Y SOCIAL MAIS;1
SOATA;Martha Ines Zipa Martinez;PARTIDO CAMBIO RADICAL;1
SOATA;Pablo Antonio Zambrano Salamanca;PARTIDO CONSERVADOR COLOMBIANO;1
SOCHA;Angela Magaly Garcia Rivera;MOVIMIENTO ALTERNATIVO INDIGENA Y SOCIAL MAIS;410
SOCHA;Jose Wilmar Leal Abril;PARTIDO CAMBIO RADICAL;216
SOCHA;Hugo Alveiro Rosas Romero;PARTIDO ALIANZA VERDE;177
SOCHA;Anderson Joaquin Sanchez Ruiz;PARTIDO LIBERAL COLOMBIANO;172
SOCHA;Luisa Fernanda Rodriguez Alfonso;PARTIDO ALIANZA VERDE;161
SOCHA;William Rodolfo Mesa Avella;PARTIDO CENTRO DEMOCRATICO;132
SOCHA;Fabian Camilo Rojas Barrera;PARTIDO LIBERAL COLOMBIANO;118
SOCHA;Jose Antonio Estupiñan Caceres;PARTIDO CONSERVADOR COLOMBIANO;112
SOCHA;Hector Josue Camacho Acosta;PARTIDO CENTRO DEMOCRATICO;106
SOCHA;Yamir Oswaldo Lopez Peña;PARTIDO ALIANZA VERDE;84
SOCHA;Gustavo Eduardo Castañeda Niño;PARTIDO ALIANZA VERDE;82
SOCHA;Luis Carlos Ochoa Pasachoa;PARTIDO ALIANZA VERDE;82
SOCHA;Jose Dario Mahecha Castillo;PARTIDO CONSERVADOR COLOMBIANO;78
SOCHA;Wilkins Fernando Chaparro Cuervo;PARTIDO ALIANZA SOCIAL INDEPENDIENTE ASI;75
SOCHA;Fernando Alexander Serrato Fonseca;PARTIDO LIBERAL COLOMBIANO;69
SOCHA;Partido Alianza Verde;PARTIDO ALIANZA VERDE;63
SOCHA;Fernando Augusto Diaz Saenz;PARTIDO CONSERVADOR COLOMBIANO;55
SOCHA;Jairo Pacheco Suarez;PARTIDO LIBERAL COLOMBIANO;49
SOCHA;Partido Liberal Colombiano;PARTIDO LIBERAL COLOMBIANO;47
SOCHA;Juan Camilo Morales Rodriguez;PARTIDO LIBERAL COLOMBIANO;46
SOCHA;Ricardo Alonso Rojas Sachica;PARTIDO ALIANZA VERDE;46
SOCHA;Alfredo Horacio Correa Higuera;PARTIDO CAMBIO RADICAL;42
SOCHA;Jairo Enrique Cabana Fonseca;PARTIDO ALIANZA VERDE;42
SOCHA;Ana Delia Avendaño Hernandez;PARTIDO LIBERAL COLOMBIANO;38
SOCHA;Angela Patricia Velandia Novoa;PARTIDO ALIANZA VERDE;38
SOCHA;Johan Francisco Herrera Gualdron;PARTIDO ALIANZA VERDE;38
SOCHA;Maria De Los Santos Salamanca Silva;PARTIDO ALIANZA VERDE;38
SOCHA;Neddy Esther Sandoval Figueredo;PARTIDO LIBERAL COLOMBIANO;35
SOCHA;Oscar Leonardo Montañez Sierra;PARTIDO CAMBIO RADICAL;33
SOCHA;Partido Colombia Justa Libres;PARTIDO COLOMBIA JUSTA LIBRES;30
SOCHA;Pedro Pablo Salas Hernandez;PARTIDO ALIANZA VERDE;28
SOCHA;Pedro Humberto Vargas Gomez;PARTIDO LIBERAL COLOMBIANO;27
SOCHA;Nelson Mauricio Rodriguez Perez;PARTIDO CONSERVADOR COLOMBIANO;25
SOCHA;Manuel Ricardo Mesa Trujillo;PARTIDO SOCIAL DE UNIDAD NACIONAL  PARTIDO DE LA U;24
SOCHA;Partido Conservador Colombiano;PARTIDO CONSERVADOR COLOMBIANO;24
SOCHA;Eliana Maria Villate Fonseca;PARTIDO CONSERVADOR COLOMBIANO;22
SOCHA;Elsa Marlen Manrique Pulgar;PARTIDO LIBERAL COLOMBIANO;22
SOCHA;Pablo Antonio Zambrano Salamanca;PARTIDO CONSERVADOR COLOMBIANO;22
SOCHA;John Fredy Lopez Mora;MOVIMIENTO ALTERNATIVO INDIGENA Y SOCIAL MAIS;21
SOCHA;Jorge Enrique Camacho Rodriguez;PARTIDO ALIANZA SOCIAL INDEPENDIENTE ASI;21
SOCHA;Jose Mauricio Buitrago Rivera;PARTIDO CAMBIO RADICAL;21
SOCHA;Alberto Enrique Murillo Sanchez;PARTIDO CAMBIO RADICAL;19
SOCHA;Ingrid Marlen Sogamoso Alfonso;PARTIDO CENTRO DEMOCRATICO;18
SOCHA;Jose Armando Quiñones Garzon;PARTIDO CENTRO DEMOCRATICO;18
SOCHA;Luz Dary Sevillano Guerrero;PARTIDO ALIANZA VERDE;18
SOCHA;Wilton Fredy Castro Silva;PARTIDO ALIANZA VERDE;18
SOCHA;Jaime Andres Gomez Gomez;PARTIDO CONSERVADOR COLOMBIANO;17
SOCHA;Carlos Ernesto Torres Aguirre;PARTIDO CONSERVADOR COLOMBIANO;16
SOCHA;Partido Cambio Radical;PARTIDO CAMBIO RADICAL;16
SOCHA;Partido Centro Democratico;PARTIDO CENTRO DEMOCRATICO;16
SOCHA;Yadith Milena Martinez Farfan;PARTIDO CENTRO DEMOCRATICO;16
SOCHA;Irma Yineth Velandia Sandoval;PARTIDO CAMBIO RADICAL;15
SOCHA;Jairo Correa Acevedo;MOVIMIENTO ALTERNATIVO INDIGENA Y SOCIAL MAIS;15
SOCHA;Fredy Julian Castro Rodriguez;PARTIDO CENTRO DEMOCRATICO;14
SOCHA;Jhonnatan Jairo Avellaneda Mesa;MOVIMIENTO ALTERNATIVO INDIGENA Y SOCIAL MAIS;13
SOCHA;Merardo Vargas Roa;PARTIDO ALIANZA VERDE;13
SOCHA;Olga Niño Rojas;PARTIDO CENTRO DEMOCRATICO;13
SOCHA;Omar Fernando Valderrama Baez;PARTIDO CENTRO DEMOCRATICO;13
SOCHA;Sonia Esperanza Lopez Barrera;PARTIDO CONSERVADOR COLOMBIANO;13
SOCHA;Concha Jael Vargas Saavedra;PARTIDO CONSERVADOR COLOMBIANO;12
SOCHA;Uldarico Javier Ramirez Chilito;MOVIMIENTO ALTERNATIVO INDIGENA Y SOCIAL MAIS;12
SOCHA;Nereo Baron Tellez;MOVIMIENTO ALTERNATIVO INDIGENA Y SOCIAL MAIS;11
SOCHA;Ana Adela Pulido Cuadros;PARTIDO CONSERVADOR COLOMBIANO;10
SOCHA;Andres Mauricio Escarria Barraza;PARTIDO CAMBIO RADICAL;10
SOCHA;Luis Carlos Machado Zapata;PARTIDO LIBERAL COLOMBIANO;10
SOCHA;Movimiento Alternativo Indigena Y Social Mais;MOVIMIENTO ALTERNATIVO INDIGENA Y SOCIAL MAIS;10
SOCHA;Roman Hernando Ortega Hernandez;PARTIDO ALIANZA VERDE;10
SOCHA;Sergio Cabra Sierra;PARTIDO SOCIAL DE UNIDAD NACIONAL  PARTIDO DE LA U;10
SOCHA;Vivian Catherin Alvarez;PARTIDO ALIANZA SOCIAL INDEPENDIENTE ASI;10
SOCHA;Yury Neill Diaz Aranguren;MOVIMIENTO ALTERNATIVO INDIGENA Y SOCIAL MAIS;10
SOCHA;Luis Carlos Bernal Mesa;PARTIDO SOCIAL DE UNIDAD NACIONAL  PARTIDO DE LA U;9
SOCHA;Omar Humberto Villamil Munevar;PARTIDO CONSERVADOR COLOMBIANO;9
SOCHA;Orlando Florez Cuervo;PARTIDO CENTRO DEMOCRATICO;9
SOCHA;Ricardo Andres Español Teatino;PARTIDO LIBERAL COLOMBIANO;9
SOCHA;Sandra Patricia Ricaurte Espinel;PARTIDO CAMBIO RADICAL;9
SOCHA;Wilder Ivan Suesca Ochoa;PARTIDO CENTRO DEMOCRATICO;9
SOCHA;Cesar Augusto Mojica Bedoya;PARTIDO SOCIAL DE UNIDAD NACIONAL  PARTIDO DE LA U;8
SOCHA;Ivan Ricardo Pirachican Bernal;PARTIDO CONSERVADOR COLOMBIANO;8
SOCHA;Jorge Marin Jerez Amado;PARTIDO LIBERAL COLOMBIANO;8
SOCHA;Partido Social De Unidad Nacional  Partido De La U;PARTIDO SOCIAL DE UNIDAD NACIONAL  PARTIDO DE LA U;8
SOCHA;Siervo Yesith Gonzalez Saavedra;PARTIDO CAMBIO RADICAL;8
SOCHA;Willian David Pabon Jimenez;PARTIDO SOCIAL DE UNIDAD NACIONAL  PARTIDO DE LA U;8
SOCHA;Estefany Johana Grajales Marin;MOVIMIENTO ALTERNATIVO INDIGENA Y SOCIAL MAIS;7
SOCHA;Jhon Fredy Garavito Cortes;PARTIDO SOCIAL DE UNIDAD NACIONAL  PARTIDO DE LA U;7
SOCHA;Julian Guillermo Camargo Amortegui;MOVIMIENTO ALTERNATIVO INDIGENA Y SOCIAL MAIS;7
SOCHA;Lizeth Paola Saade Fuentes;MOVIMIENTO ALTERNATIVO INDIGENA Y SOCIAL MAIS;7
SOCHA;Partido Alianza Social Independiente Asi;PARTIDO ALIANZA SOCIAL INDEPENDIENTE ASI;7
SOCHA;Sandra Milena Ramirez Moreno;PARTIDO CAMBIO RADICAL;7
SOCHA;Andrea Carolina Camargo Caro;MOVIMIENTO ALTERNATIVO INDIGENA Y SOCIAL MAIS;6
SOCHA;Antonio Ernesto Leguizamo Diaz;PARTIDO LIBERAL COLOMBIANO;6
SOCHA;Carlos Alfredo Siza Blanco;PARTIDO CONSERVADOR COLOMBIANO;6
SOCHA;David Alejandro Avila Cely;MOVIMIENTO ALTERNATIVO INDIGENA Y SOCIAL MAIS;6
SOCHA;Henry Goyeneche Hormaza;PARTIDO ALIANZA SOCIAL INDEPENDIENTE ASI;6
SOCHA;Jose Agustin Arias Millan;PARTIDO CENTRO DEMOCRATICO;6
SOCHA;Sandra Patricia Contreras Soto;PARTIDO LIBERAL COLOMBIANO;6
SOCHA;Aura Lucia Ortiz Cardona;PARTIDO CENTRO DEMOCRATICO;5
SOCHA;Eliana Hasleidy Gamez Pinilla;PARTIDO CAMBIO RADICAL;5
SOCHA;Erika Dayana Piragauta Rodriguez;PARTIDO LIBERAL COLOMBIANO;5
SOCHA;Jorge Eduardo Diaz Avendaño;MOVIMIENTO ALTERNATIVO INDIGENA Y SOCIAL MAIS;5
SOCHA;Katherin Tatiana Calderon Acosta;PARTIDO CENTRO DEMOCRATICO;5
SOCHA;Martha Ines Zipa Martinez;PARTIDO CAMBIO RADICAL;5
SOCHA;Norman De Jesus Quintero Gallego;PARTIDO CONSERVADOR COLOMBIANO;5
SOCHA;Adriana Paola Laverde Rodriguez;MOVIMIENTO ALTERNATIVO INDIGENA Y SOCIAL MAIS;4
SOCHA;Alvaro Hernan Forero Hurtado;BOYACA DECENTE;4
SOCHA;Armando Buitrago Acevedo;PARTIDO ALIANZA SOCIAL INDEPENDIENTE ASI;4
SOCHA;Boyaca Decente;BOYACA DECENTE;4
SOCHA;Edwin Andres Rodriguez Rodriguez;PARTIDO LIBERAL COLOMBIANO;4
SOCHA;Flor Elba Velandia Cely;PARTIDO ALIANZA SOCIAL INDEPENDIENTE ASI;4
SOCHA;Giovanna Del Pilar Soto Barreto;PARTIDO CAMBIO RADICAL;4
SOCHA;Hernando Arias Ochoa;PARTIDO ALIANZA SOCIAL INDEPENDIENTE ASI;4
SOCHA;Juddy Alexandra Jimenez Cuadros;PARTIDO SOCIAL DE UNIDAD NACIONAL  PARTIDO DE LA U;4
SOCHA;Alba Luz Becerra Becerra;PARTIDO ALIANZA SOCIAL INDEPENDIENTE ASI;3
SOCHA;Ana Lucia Parra Monroy;PARTIDO SOCIAL DE UNIDAD NACIONAL  PARTIDO DE LA U;3
SOCHA;Angela Rocio Umaña Rojas;PARTIDO CONSERVADOR COLOMBIANO;3
SOCHA;Claudia Yaneth Avila Castillo;PARTIDO SOCIAL DE UNIDAD NACIONAL  PARTIDO DE LA U;3
SOCHA;Daniel Fernando Mejia Lozano;PARTIDO ALIANZA SOCIAL INDEPENDIENTE ASI;3
SOCHA;Edgar Antulio Gonzalez Trujillo;BOYACA DECENTE;3
SOCHA;Edwin Alfonso Perez Beltran;PARTIDO ALIANZA SOCIAL INDEPENDIENTE ASI;3
SOCHA;Mauricio Cadena Valero;PARTIDO CENTRO DEMOCRATICO;3
SOCHA;David Santiago Diaz Guio;PARTIDO SOCIAL DE UNIDAD NACIONAL  PARTIDO DE LA U;2
SOCHA;Fredy Leonardo Rojas Vargas;PARTIDO CENTRO DEMOCRATICO;2
SOCHA;Helver Ariel Avila Panche;PARTIDO CENTRO DEMOCRATICO;2
SOCHA;Julieth Rocio Montañez Niño;PARTIDO ALIANZA SOCIAL INDEPENDIENTE ASI;2
SOCHA;Mariev Bejarano Ospina;BOYACA DECENTE;2
SOCHA;Segundo Fidel Salazar Gonzalez;PARTIDO SOCIAL DE UNIDAD NACIONAL  PARTIDO DE LA U;2
SOCHA;David Santiago Ochoa Garcia;PARTIDO SOCIAL DE UNIDAD NACIONAL  PARTIDO DE LA U;1
SOCHA;Ericka Leonor Amador Gamarra;PARTIDO SOCIAL DE UNIDAD NACIONAL  PARTIDO DE LA U;1
SOCHA;Gregorio Morales Tovar;BOYACA DECENTE;1
SOCHA;Kiliam Ernesto Gonzalez Forero;BOYACA DECENTE;1
SOCHA;Laura Patricia Contreras Alvarez;PARTIDO ALIANZA SOCIAL INDEPENDIENTE ASI;1
SOCHA;Maira Adriana Zerda Gonzalez;PARTIDO ALIANZA VERDE;1
SOCHA;William Chaparro Rodriguez;BOYACA DECENTE;1
SOCOTA;Fernando Alexander Serrato Fonseca;PARTIDO LIBERAL COLOMBIANO;337
SOCOTA;Jorge Enrique Camacho Rodriguez;PARTIDO ALIANZA SOCIAL INDEPENDIENTE ASI;238
SOCOTA;William Rodolfo Mesa Avella;PARTIDO CENTRO DEMOCRATICO;191
SOCOTA;Jose Wilmar Leal Abril;PARTIDO CAMBIO RADICAL;172
SOCOTA;Maria De Los Santos Salamanca Silva;PARTIDO ALIANZA VERDE;149
SOCOTA;Partido Colombia Justa Libres;PARTIDO COLOMBIA JUSTA LIBRES;134
SOCOTA;Wilder Ivan Suesca Ochoa;PARTIDO CENTRO DEMOCRATICO;116
SOCOTA;Juan Camilo Morales Rodriguez;PARTIDO LIBERAL COLOMBIANO;113
SOCOTA;Hector Josue Camacho Acosta;PARTIDO CENTRO DEMOCRATICO;96
SOCOTA;Partido Alianza Verde;PARTIDO ALIANZA VERDE;95
SOCOTA;Ricardo Alonso Rojas Sachica;PARTIDO ALIANZA VERDE;95
SOCOTA;Partido Centro Democratico;PARTIDO CENTRO DEMOCRATICO;94
SOCOTA;Partido Liberal Colombiano;PARTIDO LIBERAL COLOMBIANO;84
SOCOTA;Fabian Camilo Rojas Barrera;PARTIDO LIBERAL COLOMBIANO;69
SOCOTA;Neddy Esther Sandoval Figueredo;PARTIDO LIBERAL COLOMBIANO;67
SOCOTA;Anderson Joaquin Sanchez Ruiz;PARTIDO LIBERAL COLOMBIANO;66
SOCOTA;Angela Magaly Garcia Rivera;MOVIMIENTO ALTERNATIVO INDIGENA Y SOCIAL MAIS;63
SOCOTA;Hugo Alveiro Rosas Romero;PARTIDO ALIANZA VERDE;61
SOCOTA;Jairo Pacheco Suarez;PARTIDO LIBERAL COLOMBIANO;56
SOCOTA;Roman Hernando Ortega Hernandez;PARTIDO ALIANZA VERDE;47
SOCOTA;Yamir Oswaldo Lopez Peña;PARTIDO ALIANZA VERDE;46
SOCOTA;Henry Goyeneche Hormaza;PARTIDO ALIANZA SOCIAL INDEPENDIENTE ASI;40
SOCOTA;Elsa Marlen Manrique Pulgar;PARTIDO LIBERAL COLOMBIANO;36
SOCOTA;Angela Patricia Velandia Novoa;PARTIDO ALIANZA VERDE;33
SOCOTA;Jose Armando Quiñones Garzon;PARTIDO CENTRO DEMOCRATICO;26
SOCOTA;Fredy Julian Castro Rodriguez;PARTIDO CENTRO DEMOCRATICO;23
SOCOTA;Fredy Leonardo Rojas Vargas;PARTIDO CENTRO DEMOCRATICO;23
SOCOTA;Partido Cambio Radical;PARTIDO CAMBIO RADICAL;22
SOCOTA;Manuel Ricardo Mesa Trujillo;PARTIDO SOCIAL DE UNIDAD NACIONAL  PARTIDO DE LA U;21
SOCOTA;Uldarico Javier Ramirez Chilito;MOVIMIENTO ALTERNATIVO INDIGENA Y SOCIAL MAIS;21
SOCOTA;Pedro Humberto Vargas Gomez;PARTIDO LIBERAL COLOMBIANO;19
SOCOTA;Cesar Augusto Mojica Bedoya;PARTIDO SOCIAL DE UNIDAD NACIONAL  PARTIDO DE LA U;18
SOCOTA;Movimiento Alternativo Indigena Y Social Mais;MOVIMIENTO ALTERNATIVO INDIGENA Y SOCIAL MAIS;18
SOCOTA;Johan Francisco Herrera Gualdron;PARTIDO ALIANZA VERDE;16
SOCOTA;Pedro Pablo Salas Hernandez;PARTIDO ALIANZA VERDE;16
SOCOTA;Ingrid Marlen Sogamoso Alfonso;PARTIDO CENTRO DEMOCRATICO;15
SOCOTA;Luis Carlos Machado Zapata;PARTIDO LIBERAL COLOMBIANO;15
SOCOTA;Omar Fernando Valderrama Baez;PARTIDO CENTRO DEMOCRATICO;15
SOCOTA;Luis Carlos Ochoa Pasachoa;PARTIDO ALIANZA VERDE;14
SOCOTA;Olga Niño Rojas;PARTIDO CENTRO DEMOCRATICO;14
SOCOTA;Partido Social De Unidad Nacional  Partido De La U;PARTIDO SOCIAL DE UNIDAD NACIONAL  PARTIDO DE LA U;13
SOCOTA;Yury Neill Diaz Aranguren;MOVIMIENTO ALTERNATIVO INDIGENA Y SOCIAL MAIS;13
SOCOTA;Alberto Enrique Murillo Sanchez;PARTIDO CAMBIO RADICAL;12
SOCOTA;Luisa Fernanda Rodriguez Alfonso;PARTIDO ALIANZA VERDE;12
SOCOTA;Flor Elba Velandia Cely;PARTIDO ALIANZA SOCIAL INDEPENDIENTE ASI;11
SOCOTA;Gustavo Eduardo Castañeda Niño;PARTIDO ALIANZA VERDE;11
SOCOTA;Jorge Marin Jerez Amado;PARTIDO LIBERAL COLOMBIANO;11
SOCOTA;Martha Ines Zipa Martinez;PARTIDO CAMBIO RADICAL;11
SOCOTA;Merardo Vargas Roa;PARTIDO ALIANZA VERDE;11
SOCOTA;Orlando Florez Cuervo;PARTIDO CENTRO DEMOCRATICO;11
SOCOTA;Partido Alianza Social Independiente Asi;PARTIDO ALIANZA SOCIAL INDEPENDIENTE ASI;11
SOCOTA;Ricardo Andres Español Teatino;PARTIDO LIBERAL COLOMBIANO;11
SOCOTA;Jairo Enrique Cabana Fonseca;PARTIDO ALIANZA VERDE;10
SOCOTA;Jose Antonio Estupiñan Caceres;PARTIDO CONSERVADOR COLOMBIANO;10
SOCOTA;Jose Mauricio Buitrago Rivera;PARTIDO CAMBIO RADICAL;10
SOCOTA;Alfredo Horacio Correa Higuera;PARTIDO CAMBIO RADICAL;9
SOCOTA;Luz Dary Sevillano Guerrero;PARTIDO ALIANZA VERDE;9
SOCOTA;Jose Agustin Arias Millan;PARTIDO CENTRO DEMOCRATICO;8
SOCOTA;Oscar Leonardo Montañez Sierra;PARTIDO CAMBIO RADICAL;8
SOCOTA;Wilton Fredy Castro Silva;PARTIDO ALIANZA VERDE;8
SOCOTA;Antonio Ernesto Leguizamo Diaz;PARTIDO LIBERAL COLOMBIANO;7
SOCOTA;Irma Yineth Velandia Sandoval;PARTIDO CAMBIO RADICAL;7
SOCOTA;John Fredy Lopez Mora;MOVIMIENTO ALTERNATIVO INDIGENA Y SOCIAL MAIS;7
SOCOTA;Julian Guillermo Camargo Amortegui;MOVIMIENTO ALTERNATIVO INDIGENA Y SOCIAL MAIS;7
SOCOTA;Alba Luz Becerra Becerra;PARTIDO ALIANZA SOCIAL INDEPENDIENTE ASI;6
SOCOTA;Ana Delia Avendaño Hernandez;PARTIDO LIBERAL COLOMBIANO;6
SOCOTA;Helver Ariel Avila Panche;PARTIDO CENTRO DEMOCRATICO;6
SOCOTA;Jairo Correa Acevedo;MOVIMIENTO ALTERNATIVO INDIGENA Y SOCIAL MAIS;6
SOCOTA;Partido Conservador Colombiano;PARTIDO CONSERVADOR COLOMBIANO;6
SOCOTA;Sandra Patricia Contreras Soto;PARTIDO LIBERAL COLOMBIANO;6
SOCOTA;Wilkins Fernando Chaparro Cuervo;PARTIDO ALIANZA SOCIAL INDEPENDIENTE ASI;6
SOCOTA;Willian David Pabon Jimenez;PARTIDO SOCIAL DE UNIDAD NACIONAL  PARTIDO DE LA U;6
SOCOTA;Armando Buitrago Acevedo;PARTIDO ALIANZA SOCIAL INDEPENDIENTE ASI;5
SOCOTA;Edwin Alfonso Perez Beltran;PARTIDO ALIANZA SOCIAL INDEPENDIENTE ASI;5
SOCOTA;Erika Dayana Piragauta Rodriguez;PARTIDO LIBERAL COLOMBIANO;5
SOCOTA;Fredy Enrique Segura Alonso;BOYACA DECENTE;5
SOCOTA;Jhon Fredy Garavito Cortes;PARTIDO SOCIAL DE UNIDAD NACIONAL  PARTIDO DE LA U;5
SOCOTA;Jorge Eduardo Diaz Avendaño;MOVIMIENTO ALTERNATIVO INDIGENA Y SOCIAL MAIS;5
SOCOTA;Jose Dario Mahecha Castillo;PARTIDO CONSERVADOR COLOMBIANO;5
SOCOTA;Luis Carlos Bernal Mesa;PARTIDO SOCIAL DE UNIDAD NACIONAL  PARTIDO DE LA U;5
SOCOTA;Maira Adriana Zerda Gonzalez;PARTIDO ALIANZA VERDE;5
SOCOTA;Mauricio Cadena Valero;PARTIDO CENTRO DEMOCRATICO;5
SOCOTA;Nereo Baron Tellez;MOVIMIENTO ALTERNATIVO INDIGENA Y SOCIAL MAIS;5
SOCOTA;Yadith Milena Martinez Farfan;PARTIDO CENTRO DEMOCRATICO;5
SOCOTA;Ana Lucia Parra Monroy;PARTIDO SOCIAL DE UNIDAD NACIONAL  PARTIDO DE LA U;4
SOCOTA;Boyaca Decente;BOYACA DECENTE;4
SOCOTA;Carlos Ernesto Torres Aguirre;PARTIDO CONSERVADOR COLOMBIANO;4
SOCOTA;David Santiago Ochoa Garcia;PARTIDO SOCIAL DE UNIDAD NACIONAL  PARTIDO DE LA U;4
SOCOTA;Edwin Andres Rodriguez Rodriguez;PARTIDO LIBERAL COLOMBIANO;4
SOCOTA;Hernando Arias Ochoa;PARTIDO ALIANZA SOCIAL INDEPENDIENTE ASI;4
SOCOTA;Jhonnatan Jairo Avellaneda Mesa;MOVIMIENTO ALTERNATIVO INDIGENA Y SOCIAL MAIS;4
SOCOTA;Sandra Milena Ramirez Moreno;PARTIDO CAMBIO RADICAL;4
SOCOTA;Vivian Catherin Alvarez;PARTIDO ALIANZA SOCIAL INDEPENDIENTE ASI;4
SOCOTA;Concha Jael Vargas Saavedra;PARTIDO CONSERVADOR COLOMBIANO;3
SOCOTA;David Alejandro Avila Cely;MOVIMIENTO ALTERNATIVO INDIGENA Y SOCIAL MAIS;3
SOCOTA;Eliana Hasleidy Gamez Pinilla;PARTIDO CAMBIO RADICAL;3
SOCOTA;Ivan Ricardo Pirachican Bernal;PARTIDO CONSERVADOR COLOMBIANO;3
SOCOTA;Jaime Andres Gomez Gomez;PARTIDO CONSERVADOR COLOMBIANO;3
SOCOTA;Juddy Alexandra Jimenez Cuadros;PARTIDO SOCIAL DE UNIDAD NACIONAL  PARTIDO DE LA U;3
SOCOTA;Katherin Tatiana Calderon Acosta;PARTIDO CENTRO DEMOCRATICO;3
SOCOTA;Laura Patricia Contreras Alvarez;PARTIDO ALIANZA SOCIAL INDEPENDIENTE ASI;3
SOCOTA;Siervo Yesith Gonzalez Saavedra;PARTIDO CAMBIO RADICAL;3
SOCOTA;Alvaro Hernan Forero Hurtado;BOYACA DECENTE;2
SOCOTA;Carlos Alfredo Siza Blanco;PARTIDO CONSERVADOR COLOMBIANO;2
SOCOTA;Claudia Yaneth Avila Castillo;PARTIDO SOCIAL DE UNIDAD NACIONAL  PARTIDO DE LA U;2
SOCOTA;Ericka Leonor Amador Gamarra;PARTIDO SOCIAL DE UNIDAD NACIONAL  PARTIDO DE LA U;2
SOCOTA;Estefany Johana Grajales Marin;MOVIMIENTO ALTERNATIVO INDIGENA Y SOCIAL MAIS;2
SOCOTA;Fernando Augusto Diaz Saenz;PARTIDO CONSERVADOR COLOMBIANO;2
SOCOTA;Giovanna Del Pilar Soto Barreto;PARTIDO CAMBIO RADICAL;2
SOCOTA;Jorge Ignacio Lopez Barrera;BOYACA DECENTE;2
SOCOTA;Lizeth Paola Saade Fuentes;MOVIMIENTO ALTERNATIVO INDIGENA Y SOCIAL MAIS;2
SOCOTA;Omar Humberto Villamil Munevar;PARTIDO CONSERVADOR COLOMBIANO;2
SOCOTA;Pablo Antonio Zambrano Salamanca;PARTIDO CONSERVADOR COLOMBIANO;2
SOCOTA;Sandra Patricia Ricaurte Espinel;PARTIDO CAMBIO RADICAL;2
SOCOTA;Adriana Paola Laverde Rodriguez;MOVIMIENTO ALTERNATIVO INDIGENA Y SOCIAL MAIS;1
SOCOTA;Ana Adela Pulido Cuadros;PARTIDO CONSERVADOR COLOMBIANO;1
SOCOTA;Andrea Carolina Camargo Caro;MOVIMIENTO ALTERNATIVO INDIGENA Y SOCIAL MAIS;1
SOCOTA;Andres Mauricio Escarria Barraza;PARTIDO CAMBIO RADICAL;1
SOCOTA;Angela Rocio Umaña Rojas;PARTIDO CONSERVADOR COLOMBIANO;1
SOCOTA;Aura Lucia Ortiz Cardona;PARTIDO CENTRO DEMOCRATICO;1
SOCOTA;Carlos Julian Diaz Franco;PARTIDO ALIANZA SOCIAL INDEPENDIENTE ASI;1
SOCOTA;Carmen Liria Prieto Cortes;BOYACA DECENTE;1
SOCOTA;Claudia Patricia Barrera Patiño;PARTIDO SOCIAL DE UNIDAD NACIONAL  PARTIDO DE LA U;1
SOCOTA;Daniel Fernando Mejia Lozano;PARTIDO ALIANZA SOCIAL INDEPENDIENTE ASI;1
SOCOTA;David Santiago Diaz Guio;PARTIDO SOCIAL DE UNIDAD NACIONAL  PARTIDO DE LA U;1
SOCOTA;Edgar Antulio Gonzalez Trujillo;BOYACA DECENTE;1
SOCOTA;Eliana Maria Villate Fonseca;PARTIDO CONSERVADOR COLOMBIANO;1
SOCOTA;Jose Leonidas Medina Cruz;PARTIDO SOCIAL DE UNIDAD NACIONAL  PARTIDO DE LA U;1
SOCOTA;Julieth Rocio Montañez Niño;PARTIDO ALIANZA SOCIAL INDEPENDIENTE ASI;1
SOCOTA;Maria Francia Blanco Pedroza;BOYACA DECENTE;1
SOCOTA;Mariev Bejarano Ospina;BOYACA DECENTE;1
SOCOTA;Nelson Mauricio Rodriguez Perez;PARTIDO CONSERVADOR COLOMBIANO;1
SOCOTA;Norman De Jesus Quintero Gallego;PARTIDO CONSERVADOR COLOMBIANO;1
SOCOTA;Segundo Fidel Salazar Gonzalez;PARTIDO SOCIAL DE UNIDAD NACIONAL  PARTIDO DE LA U;1
SOCOTA;William Chaparro Rodriguez;BOYACA DECENTE;1
SOGAMOSO;Roman Hernando Ortega Hernandez;PARTIDO ALIANZA VERDE;4766
SOGAMOSO;Yury Neill Diaz Aranguren;MOVIMIENTO ALTERNATIVO INDIGENA Y SOCIAL MAIS;3350
SOGAMOSO;Luis Carlos Bernal Mesa;PARTIDO SOCIAL DE UNIDAD NACIONAL  PARTIDO DE LA U;2414
SOGAMOSO;Willian David Pabon Jimenez;PARTIDO SOCIAL DE UNIDAD NACIONAL  PARTIDO DE LA U;1870
SOGAMOSO;Partido Colombia Justa Libres;PARTIDO COLOMBIA JUSTA LIBRES;1637
SOGAMOSO;Fernando Alexander Serrato Fonseca;PARTIDO LIBERAL COLOMBIANO;1620
SOGAMOSO;Manuel Ricardo Mesa Trujillo;PARTIDO SOCIAL DE UNIDAD NACIONAL  PARTIDO DE LA U;1553
SOGAMOSO;Uldarico Javier Ramirez Chilito;MOVIMIENTO ALTERNATIVO INDIGENA Y SOCIAL MAIS;1528
SOGAMOSO;Yamir Oswaldo Lopez Peña;PARTIDO ALIANZA VERDE;1246
SOGAMOSO;Carlos Ernesto Torres Aguirre;PARTIDO CONSERVADOR COLOMBIANO;1241
SOGAMOSO;Jhonnatan Jairo Avellaneda Mesa;MOVIMIENTO ALTERNATIVO INDIGENA Y SOCIAL MAIS;1058
SOGAMOSO;Wilkins Fernando Chaparro Cuervo;PARTIDO ALIANZA SOCIAL INDEPENDIENTE ASI;1031
SOGAMOSO;Partido Alianza Verde;PARTIDO ALIANZA VERDE;1015
SOGAMOSO;Edwin Alfonso Perez Beltran;PARTIDO ALIANZA SOCIAL INDEPENDIENTE ASI;944
SOGAMOSO;Hernando Arias Ochoa;PARTIDO ALIANZA SOCIAL INDEPENDIENTE ASI;944
SOGAMOSO;Hugo Alveiro Rosas Romero;PARTIDO ALIANZA VERDE;876
SOGAMOSO;Luis Carlos Ochoa Pasachoa;PARTIDO ALIANZA VERDE;861
SOGAMOSO;Ricardo Alonso Rojas Sachica;PARTIDO ALIANZA VERDE;783
SOGAMOSO;Jaime Andres Gomez Gomez;PARTIDO CONSERVADOR COLOMBIANO;664
SOGAMOSO;Fredy Leonardo Rojas Vargas;PARTIDO CENTRO DEMOCRATICO;644
SOGAMOSO;Jorge Ignacio Lopez Barrera;BOYACA DECENTE;608
SOGAMOSO;Hector Josue Camacho Acosta;PARTIDO CENTRO DEMOCRATICO;587
SOGAMOSO;Ricardo Andres Español Teatino;PARTIDO LIBERAL COLOMBIANO;587
SOGAMOSO;William Rodolfo Mesa Avella;PARTIDO CENTRO DEMOCRATICO;561
SOGAMOSO;Luisa Fernanda Rodriguez Alfonso;PARTIDO ALIANZA VERDE;498
SOGAMOSO;Alberto Enrique Murillo Sanchez;PARTIDO CAMBIO RADICAL;447
SOGAMOSO;Fabian Camilo Rojas Barrera;PARTIDO LIBERAL COLOMBIANO;399
SOGAMOSO;Gustavo Eduardo Castañeda Niño;PARTIDO ALIANZA VERDE;393
SOGAMOSO;Jose Antonio Estupiñan Caceres;PARTIDO CONSERVADOR COLOMBIANO;378
SOGAMOSO;Angela Patricia Velandia Novoa;PARTIDO ALIANZA VERDE;372
SOGAMOSO;Jose Armando Quiñones Garzon;PARTIDO CENTRO DEMOCRATICO;342
SOGAMOSO;Partido Liberal Colombiano;PARTIDO LIBERAL COLOMBIANO;336
SOGAMOSO;Movimiento Alternativo Indigena Y Social Mais;MOVIMIENTO ALTERNATIVO INDIGENA Y SOCIAL MAIS;334
SOGAMOSO;Maria De Los Santos Salamanca Silva;PARTIDO ALIANZA VERDE;320
SOGAMOSO;Jorge Enrique Camacho Rodriguez;PARTIDO ALIANZA SOCIAL INDEPENDIENTE ASI;319
SOGAMOSO;Alvaro Hernan Forero Hurtado;BOYACA DECENTE;316
SOGAMOSO;Jairo Pacheco Suarez;PARTIDO LIBERAL COLOMBIANO;305
SOGAMOSO;Jose Wilmar Leal Abril;PARTIDO CAMBIO RADICAL;303
SOGAMOSO;Partido Centro Democratico;PARTIDO CENTRO DEMOCRATICO;287
SOGAMOSO;Sandra Patricia Ricaurte Espinel;PARTIDO CAMBIO RADICAL;285
SOGAMOSO;Johan Francisco Herrera Gualdron;PARTIDO ALIANZA VERDE;279
SOGAMOSO;Partido Social De Unidad Nacional  Partido De La U;PARTIDO SOCIAL DE UNIDAD NACIONAL  PARTIDO DE LA U;265
SOGAMOSO;Julieth Rocio Montañez Niño;PARTIDO ALIANZA SOCIAL INDEPENDIENTE ASI;247
SOGAMOSO;Partido Alianza Social Independiente Asi;PARTIDO ALIANZA SOCIAL INDEPENDIENTE ASI;225
SOGAMOSO;Oscar Leonardo Montañez Sierra;PARTIDO CAMBIO RADICAL;224
SOGAMOSO;Omar Fernando Valderrama Baez;PARTIDO CENTRO DEMOCRATICO;214
SOGAMOSO;Pedro Pablo Salas Hernandez;PARTIDO ALIANZA VERDE;212
SOGAMOSO;Partido Cambio Radical;PARTIDO CAMBIO RADICAL;206
SOGAMOSO;Carlos Eduardo Vega Alvarez;BOYACA DECENTE;200
SOGAMOSO;Wilder Ivan Suesca Ochoa;PARTIDO CENTRO DEMOCRATICO;191
SOGAMOSO;Cesar Augusto Mojica Bedoya;PARTIDO SOCIAL DE UNIDAD NACIONAL  PARTIDO DE LA U;183
SOGAMOSO;Wilton Fredy Castro Silva;PARTIDO ALIANZA VERDE;179
SOGAMOSO;Ivan Ricardo Pirachican Bernal;PARTIDO CONSERVADOR COLOMBIANO;169
SOGAMOSO;Boyaca Decente;BOYACA DECENTE;167
SOGAMOSO;Jose Dario Mahecha Castillo;PARTIDO CONSERVADOR COLOMBIANO;165
SOGAMOSO;Juan Camilo Morales Rodriguez;PARTIDO LIBERAL COLOMBIANO;164
SOGAMOSO;Partido Conservador Colombiano;PARTIDO CONSERVADOR COLOMBIANO;161
SOGAMOSO;Luz Dary Sevillano Guerrero;PARTIDO ALIANZA VERDE;159
SOGAMOSO;Alfredo Horacio Correa Higuera;PARTIDO CAMBIO RADICAL;155
SOGAMOSO;Claudia Patricia Barrera Patiño;PARTIDO SOCIAL DE UNIDAD NACIONAL  PARTIDO DE LA U;154
SOGAMOSO;Merardo Vargas Roa;PARTIDO ALIANZA VERDE;150
SOGAMOSO;Jairo Enrique Cabana Fonseca;PARTIDO ALIANZA VERDE;143
SOGAMOSO;Jose Mauricio Buitrago Rivera;PARTIDO CAMBIO RADICAL;142
SOGAMOSO;Concha Jael Vargas Saavedra;PARTIDO CONSERVADOR COLOMBIANO;141
SOGAMOSO;Pablo Antonio Zambrano Salamanca;PARTIDO CONSERVADOR COLOMBIANO;140
SOGAMOSO;Antonio Ernesto Leguizamo Diaz;PARTIDO LIBERAL COLOMBIANO;135
SOGAMOSO;Nelson Mauricio Rodriguez Perez;PARTIDO CONSERVADOR COLOMBIANO;133
SOGAMOSO;Anderson Joaquin Sanchez Ruiz;PARTIDO LIBERAL COLOMBIANO;129
SOGAMOSO;John Fredy Lopez Mora;MOVIMIENTO ALTERNATIVO INDIGENA Y SOCIAL MAIS;129
SOGAMOSO;Ingrid Marlen Sogamoso Alfonso;PARTIDO CENTRO DEMOCRATICO;125
SOGAMOSO;Estefany Johana Grajales Marin;MOVIMIENTO ALTERNATIVO INDIGENA Y SOCIAL MAIS;124
SOGAMOSO;Sandra Patricia Contreras Soto;PARTIDO LIBERAL COLOMBIANO;122
SOGAMOSO;Nereo Baron Tellez;MOVIMIENTO ALTERNATIVO INDIGENA Y SOCIAL MAIS;115
SOGAMOSO;Mariev Bejarano Ospina;BOYACA DECENTE;114
SOGAMOSO;Jorge Eduardo Diaz Avendaño;MOVIMIENTO ALTERNATIVO INDIGENA Y SOCIAL MAIS;110
SOGAMOSO;Maira Adriana Zerda Gonzalez;PARTIDO ALIANZA VERDE;101
SOGAMOSO;Flor Elba Velandia Cely;PARTIDO ALIANZA SOCIAL INDEPENDIENTE ASI;96
SOGAMOSO;Sergio Cabra Sierra;PARTIDO SOCIAL DE UNIDAD NACIONAL  PARTIDO DE LA U;96
SOGAMOSO;Julian Guillermo Camargo Amortegui;MOVIMIENTO ALTERNATIVO INDIGENA Y SOCIAL MAIS;95
SOGAMOSO;Ericka Leonor Amador Gamarra;PARTIDO SOCIAL DE UNIDAD NACIONAL  PARTIDO DE LA U;91
SOGAMOSO;Fredy Julian Castro Rodriguez;PARTIDO CENTRO DEMOCRATICO;91
SOGAMOSO;Eliana Hasleidy Gamez Pinilla;PARTIDO CAMBIO RADICAL;90
SOGAMOSO;Daniel Fernando Mejia Lozano;PARTIDO ALIANZA SOCIAL INDEPENDIENTE ASI;89
SOGAMOSO;Mauricio Cadena Valero;PARTIDO CENTRO DEMOCRATICO;89
SOGAMOSO;Alba Luz Becerra Becerra;PARTIDO ALIANZA SOCIAL INDEPENDIENTE ASI;88
SOGAMOSO;Andrea Carolina Camargo Caro;MOVIMIENTO ALTERNATIVO INDIGENA Y SOCIAL MAIS;88
SOGAMOSO;Claudia Yaneth Avila Castillo;PARTIDO SOCIAL DE UNIDAD NACIONAL  PARTIDO DE LA U;87
SOGAMOSO;Jorge Marin Jerez Amado;PARTIDO LIBERAL COLOMBIANO;86
SOGAMOSO;Eliana Maria Villate Fonseca;PARTIDO CONSERVADOR COLOMBIANO;85
SOGAMOSO;Fernando Augusto Diaz Saenz;PARTIDO CONSERVADOR COLOMBIANO;85
SOGAMOSO;Irma Yineth Velandia Sandoval;PARTIDO CAMBIO RADICAL;84
SOGAMOSO;Luis Carlos Machado Zapata;PARTIDO LIBERAL COLOMBIANO;84
SOGAMOSO;Adriana Paola Laverde Rodriguez;MOVIMIENTO ALTERNATIVO INDIGENA Y SOCIAL MAIS;83
SOGAMOSO;Jose Agustin Arias Millan;PARTIDO CENTRO DEMOCRATICO;83
SOGAMOSO;Jairo Correa Acevedo;MOVIMIENTO ALTERNATIVO INDIGENA Y SOCIAL MAIS;81
SOGAMOSO;Sonia Esperanza Lopez Barrera;PARTIDO CONSERVADOR COLOMBIANO;78
SOGAMOSO;Ana Adela Pulido Cuadros;PARTIDO CONSERVADOR COLOMBIANO;73
SOGAMOSO;Jhon Fredy Garavito Cortes;PARTIDO SOCIAL DE UNIDAD NACIONAL  PARTIDO DE LA U;71
SOGAMOSO;Elsa Marlen Manrique Pulgar;PARTIDO LIBERAL COLOMBIANO;69
SOGAMOSO;Ana Lucia Parra Monroy;PARTIDO SOCIAL DE UNIDAD NACIONAL  PARTIDO DE LA U;66
SOGAMOSO;Juddy Alexandra Jimenez Cuadros;PARTIDO SOCIAL DE UNIDAD NACIONAL  PARTIDO DE LA U;66
SOGAMOSO;David Santiago Ochoa Garcia;PARTIDO SOCIAL DE UNIDAD NACIONAL  PARTIDO DE LA U;64
SOGAMOSO;Siervo Yesith Gonzalez Saavedra;PARTIDO CAMBIO RADICAL;64
SOGAMOSO;Pedro Humberto Vargas Gomez;PARTIDO LIBERAL COLOMBIANO;63
SOGAMOSO;Yadith Milena Martinez Farfan;PARTIDO CENTRO DEMOCRATICO;63
SOGAMOSO;Armando Buitrago Acevedo;PARTIDO ALIANZA SOCIAL INDEPENDIENTE ASI;62
SOGAMOSO;David Alejandro Avila Cely;MOVIMIENTO ALTERNATIVO INDIGENA Y SOCIAL MAIS;57
SOGAMOSO;Andres Mauricio Escarria Barraza;PARTIDO CAMBIO RADICAL;56
SOGAMOSO;Neddy Esther Sandoval Figueredo;PARTIDO LIBERAL COLOMBIANO;56
SOGAMOSO;Carlos Julian Diaz Franco;PARTIDO ALIANZA SOCIAL INDEPENDIENTE ASI;55
SOGAMOSO;William Chaparro Rodriguez;BOYACA DECENTE;52
SOGAMOSO;Laura Patricia Contreras Alvarez;PARTIDO ALIANZA SOCIAL INDEPENDIENTE ASI;51
SOGAMOSO;Olga Niño Rojas;PARTIDO CENTRO DEMOCRATICO;48
SOGAMOSO;Orlando Florez Cuervo;PARTIDO CENTRO DEMOCRATICO;48
SOGAMOSO;Carlos Alfredo Siza Blanco;PARTIDO CONSERVADOR COLOMBIANO;47
SOGAMOSO;Fredy Enrique Segura Alonso;BOYACA DECENTE;45
SOGAMOSO;Lizeth Paola Saade Fuentes;MOVIMIENTO ALTERNATIVO INDIGENA Y SOCIAL MAIS;43
SOGAMOSO;Norman De Jesus Quintero Gallego;PARTIDO CONSERVADOR COLOMBIANO;43
SOGAMOSO;Segundo Fidel Salazar Gonzalez;PARTIDO SOCIAL DE UNIDAD NACIONAL  PARTIDO DE LA U;43
SOGAMOSO;Giovanna Del Pilar Soto Barreto;PARTIDO CAMBIO RADICAL;42
SOGAMOSO;Ana Delia Avendaño Hernandez;PARTIDO LIBERAL COLOMBIANO;39
SOGAMOSO;Edgar Antulio Gonzalez Trujillo;BOYACA DECENTE;38
SOGAMOSO;Jose Leonidas Medina Cruz;PARTIDO SOCIAL DE UNIDAD NACIONAL  PARTIDO DE LA U;38
SOGAMOSO;Erika Dayana Piragauta Rodriguez;PARTIDO LIBERAL COLOMBIANO;37
SOGAMOSO;David Santiago Diaz Guio;PARTIDO SOCIAL DE UNIDAD NACIONAL  PARTIDO DE LA U;34
SOGAMOSO;Martha Ines Zipa Martinez;PARTIDO CAMBIO RADICAL;34
SOGAMOSO;Carmen Liria Prieto Cortes;BOYACA DECENTE;32
SOGAMOSO;Angela Magaly Garcia Rivera;MOVIMIENTO ALTERNATIVO INDIGENA Y SOCIAL MAIS;31
SOGAMOSO;Angela Rocio Umaña Rojas;PARTIDO CONSERVADOR COLOMBIANO;29
SOGAMOSO;Helver Ariel Avila Panche;PARTIDO CENTRO DEMOCRATICO;29
SOGAMOSO;Henry Goyeneche Hormaza;PARTIDO ALIANZA SOCIAL INDEPENDIENTE ASI;29
SOGAMOSO;Sandra Milena Ramirez Moreno;PARTIDO CAMBIO RADICAL;29
SOGAMOSO;Gregorio Morales Tovar;BOYACA DECENTE;28
SOGAMOSO;Omar Humberto Villamil Munevar;PARTIDO CONSERVADOR COLOMBIANO;26
SOGAMOSO;Vivian Catherin Alvarez;PARTIDO ALIANZA SOCIAL INDEPENDIENTE ASI;24
SOGAMOSO;Edwin Andres Rodriguez Rodriguez;PARTIDO LIBERAL COLOMBIANO;22
SOGAMOSO;Nelsy Yolanda Rivera Ferrucho;BOYACA DECENTE;22
SOGAMOSO;Aura Lucia Ortiz Cardona;PARTIDO CENTRO DEMOCRATICO;19
SOGAMOSO;Katherin Tatiana Calderon Acosta;PARTIDO CENTRO DEMOCRATICO;19
SOGAMOSO;Maria Francia Blanco Pedroza;BOYACA DECENTE;19
SOGAMOSO;Kiliam Ernesto Gonzalez Forero;BOYACA DECENTE;16
SOGAMOSO;Victor Tulio Ramirez Gutierrez;BOYACA DECENTE;8
SOMONDOCO;Maira Adriana Zerda Gonzalez;PARTIDO ALIANZA VERDE;1084
SOMONDOCO;Ingrid Marlen Sogamoso Alfonso;PARTIDO CENTRO DEMOCRATICO;147
SOMONDOCO;Hector Josue Camacho Acosta;PARTIDO CENTRO DEMOCRATICO;81
SOMONDOCO;Alfredo Horacio Correa Higuera;PARTIDO CAMBIO RADICAL;64
SOMONDOCO;Yamir Oswaldo Lopez Peña;PARTIDO ALIANZA VERDE;40
SOMONDOCO;Johan Francisco Herrera Gualdron;PARTIDO ALIANZA VERDE;39
SOMONDOCO;Partido Alianza Verde;PARTIDO ALIANZA VERDE;39
SOMONDOCO;Jose Dario Mahecha Castillo;PARTIDO CONSERVADOR COLOMBIANO;22
SOMONDOCO;Ivan Ricardo Pirachican Bernal;PARTIDO CONSERVADOR COLOMBIANO;18
SOMONDOCO;Partido Cambio Radical;PARTIDO CAMBIO RADICAL;18
SOMONDOCO;Giovanna Del Pilar Soto Barreto;PARTIDO CAMBIO RADICAL;16
SOMONDOCO;Eliana Maria Villate Fonseca;PARTIDO CONSERVADOR COLOMBIANO;15
SOMONDOCO;Jairo Enrique Cabana Fonseca;PARTIDO ALIANZA VERDE;12
SOMONDOCO;Luz Dary Sevillano Guerrero;PARTIDO ALIANZA VERDE;10
SOMONDOCO;Partido Centro Democratico;PARTIDO CENTRO DEMOCRATICO;10
SOMONDOCO;Sandra Milena Ramirez Moreno;PARTIDO CAMBIO RADICAL;9
SOMONDOCO;Helver Ariel Avila Panche;PARTIDO CENTRO DEMOCRATICO;8
SOMONDOCO;Jose Mauricio Buitrago Rivera;PARTIDO CAMBIO RADICAL;8
SOMONDOCO;Oscar Leonardo Montañez Sierra;PARTIDO CAMBIO RADICAL;8
SOMONDOCO;Angela Patricia Velandia Novoa;PARTIDO ALIANZA VERDE;7
SOMONDOCO;Maria De Los Santos Salamanca Silva;PARTIDO ALIANZA VERDE;7
SOMONDOCO;Roman Hernando Ortega Hernandez;PARTIDO ALIANZA VERDE;7
SOMONDOCO;Gustavo Eduardo Castañeda Niño;PARTIDO ALIANZA VERDE;6
SOMONDOCO;Jose Armando Quiñones Garzon;PARTIDO CENTRO DEMOCRATICO;6
SOMONDOCO;Luisa Fernanda Rodriguez Alfonso;PARTIDO ALIANZA VERDE;6
SOMONDOCO;Partido Conservador Colombiano;PARTIDO CONSERVADOR COLOMBIANO;6
SOMONDOCO;Victor Tulio Ramirez Gutierrez;BOYACA DECENTE;6
SOMONDOCO;Anderson Joaquin Sanchez Ruiz;PARTIDO LIBERAL COLOMBIANO;5
SOMONDOCO;Concha Jael Vargas Saavedra;PARTIDO CONSERVADOR COLOMBIANO;5
SOMONDOCO;Fernando Augusto Diaz Saenz;PARTIDO CONSERVADOR COLOMBIANO;5
SOMONDOCO;Jairo Pacheco Suarez;PARTIDO LIBERAL COLOMBIANO;5
SOMONDOCO;Julieth Rocio Montañez Niño;PARTIDO ALIANZA SOCIAL INDEPENDIENTE ASI;5
SOMONDOCO;Wilder Ivan Suesca Ochoa;PARTIDO CENTRO DEMOCRATICO;5
SOMONDOCO;Boyaca Decente;BOYACA DECENTE;4
SOMONDOCO;Carlos Alfredo Siza Blanco;PARTIDO CONSERVADOR COLOMBIANO;4
SOMONDOCO;Estefany Johana Grajales Marin;MOVIMIENTO ALTERNATIVO INDIGENA Y SOCIAL MAIS;4
SOMONDOCO;Hugo Alveiro Rosas Romero;PARTIDO ALIANZA VERDE;4
SOMONDOCO;Jaime Andres Gomez Gomez;PARTIDO CONSERVADOR COLOMBIANO;4
SOMONDOCO;Merardo Vargas Roa;PARTIDO ALIANZA VERDE;4
SOMONDOCO;Neddy Esther Sandoval Figueredo;PARTIDO LIBERAL COLOMBIANO;4
SOMONDOCO;Carlos Eduardo Vega Alvarez;BOYACA DECENTE;3
SOMONDOCO;Carlos Ernesto Torres Aguirre;PARTIDO CONSERVADOR COLOMBIANO;3
SOMONDOCO;Jose Antonio Estupiñan Caceres;PARTIDO CONSERVADOR COLOMBIANO;3
SOMONDOCO;Mauricio Cadena Valero;PARTIDO CENTRO DEMOCRATICO;3
SOMONDOCO;Omar Fernando Valderrama Baez;PARTIDO CENTRO DEMOCRATICO;3
SOMONDOCO;Wilkins Fernando Chaparro Cuervo;PARTIDO ALIANZA SOCIAL INDEPENDIENTE ASI;3
SOMONDOCO;Wilton Fredy Castro Silva;PARTIDO ALIANZA VERDE;3
SOMONDOCO;Alberto Enrique Murillo Sanchez;PARTIDO CAMBIO RADICAL;2
SOMONDOCO;Andrea Carolina Camargo Caro;MOVIMIENTO ALTERNATIVO INDIGENA Y SOCIAL MAIS;2
SOMONDOCO;Aura Lucia Ortiz Cardona;PARTIDO CENTRO DEMOCRATICO;2
SOMONDOCO;David Alejandro Avila Cely;MOVIMIENTO ALTERNATIVO INDIGENA Y SOCIAL MAIS;2
SOMONDOCO;Elsa Marlen Manrique Pulgar;PARTIDO LIBERAL COLOMBIANO;2
SOMONDOCO;Jose Leonidas Medina Cruz;PARTIDO SOCIAL DE UNIDAD NACIONAL  PARTIDO DE LA U;2
SOMONDOCO;Luis Carlos Ochoa Pasachoa;PARTIDO ALIANZA VERDE;2
SOMONDOCO;Movimiento Alternativo Indigena Y Social Mais;MOVIMIENTO ALTERNATIVO INDIGENA Y SOCIAL MAIS;2
SOMONDOCO;Partido Colombia Justa Libres;PARTIDO COLOMBIA JUSTA LIBRES;2
SOMONDOCO;Pedro Pablo Salas Hernandez;PARTIDO ALIANZA VERDE;2
SOMONDOCO;Ricardo Alonso Rojas Sachica;PARTIDO ALIANZA VERDE;2
SOMONDOCO;Antonio Ernesto Leguizamo Diaz;PARTIDO LIBERAL COLOMBIANO;1
SOMONDOCO;David Santiago Diaz Guio;PARTIDO SOCIAL DE UNIDAD NACIONAL  PARTIDO DE LA U;1
SOMONDOCO;Eliana Hasleidy Gamez Pinilla;PARTIDO CAMBIO RADICAL;1
SOMONDOCO;Fabian Camilo Rojas Barrera;PARTIDO LIBERAL COLOMBIANO;1
SOMONDOCO;John Fredy Lopez Mora;MOVIMIENTO ALTERNATIVO INDIGENA Y SOCIAL MAIS;1
SOMONDOCO;Jose Wilmar Leal Abril;PARTIDO CAMBIO RADICAL;1
SOMONDOCO;Juddy Alexandra Jimenez Cuadros;PARTIDO SOCIAL DE UNIDAD NACIONAL  PARTIDO DE LA U;1
SOMONDOCO;Omar Humberto Villamil Munevar;PARTIDO CONSERVADOR COLOMBIANO;1
SOMONDOCO;Orlando Florez Cuervo;PARTIDO CENTRO DEMOCRATICO;1
SOMONDOCO;Partido Alianza Social Independiente Asi;PARTIDO ALIANZA SOCIAL INDEPENDIENTE ASI;1
SOMONDOCO;Partido Liberal Colombiano;PARTIDO LIBERAL COLOMBIANO;1
SOMONDOCO;Partido Social De Unidad Nacional  Partido De La U;PARTIDO SOCIAL DE UNIDAD NACIONAL  PARTIDO DE LA U;1
SOMONDOCO;Sandra Patricia Contreras Soto;PARTIDO LIBERAL COLOMBIANO;1
SOMONDOCO;Sergio Cabra Sierra;PARTIDO SOCIAL DE UNIDAD NACIONAL  PARTIDO DE LA U;1
SOMONDOCO;Sonia Esperanza Lopez Barrera;PARTIDO CONSERVADOR COLOMBIANO;1
SOMONDOCO;William Rodolfo Mesa Avella;PARTIDO CENTRO DEMOCRATICO;1
SORA;Jairo Pacheco Suarez;PARTIDO LIBERAL COLOMBIANO;418
SORA;Angela Patricia Velandia Novoa;PARTIDO ALIANZA VERDE;265
SORA;Yamir Oswaldo Lopez Peña;PARTIDO ALIANZA VERDE;136
SORA;Jorge Marin Jerez Amado;PARTIDO LIBERAL COLOMBIANO;126
SORA;Wilder Ivan Suesca Ochoa;PARTIDO CENTRO DEMOCRATICO;88
SORA;Fernando Alexander Serrato Fonseca;PARTIDO LIBERAL COLOMBIANO;73
SORA;Fabian Camilo Rojas Barrera;PARTIDO LIBERAL COLOMBIANO;64
SORA;Hugo Alveiro Rosas Romero;PARTIDO ALIANZA VERDE;51
SORA;Luis Carlos Ochoa Pasachoa;PARTIDO ALIANZA VERDE;37
SORA;Anderson Joaquin Sanchez Ruiz;PARTIDO LIBERAL COLOMBIANO;34
SORA;Yury Neill Diaz Aranguren;MOVIMIENTO ALTERNATIVO INDIGENA Y SOCIAL MAIS;34
SORA;Partido Alianza Verde;PARTIDO ALIANZA VERDE;32
SORA;Carlos Julian Diaz Franco;PARTIDO ALIANZA SOCIAL INDEPENDIENTE ASI;28
SORA;Jose Wilmar Leal Abril;PARTIDO CAMBIO RADICAL;27
SORA;Jorge Eduardo Diaz Avendaño;MOVIMIENTO ALTERNATIVO INDIGENA Y SOCIAL MAIS;26
SORA;Nelson Mauricio Rodriguez Perez;PARTIDO CONSERVADOR COLOMBIANO;26
SORA;Partido Liberal Colombiano;PARTIDO LIBERAL COLOMBIANO;25
SORA;Neddy Esther Sandoval Figueredo;PARTIDO LIBERAL COLOMBIANO;23
SORA;Ivan Ricardo Pirachican Bernal;PARTIDO CONSERVADOR COLOMBIANO;21
SORA;Juan Camilo Morales Rodriguez;PARTIDO LIBERAL COLOMBIANO;20
SORA;Movimiento Alternativo Indigena Y Social Mais;MOVIMIENTO ALTERNATIVO INDIGENA Y SOCIAL MAIS;19
SORA;Ricardo Alonso Rojas Sachica;PARTIDO ALIANZA VERDE;17
SORA;Hernando Arias Ochoa;PARTIDO ALIANZA SOCIAL INDEPENDIENTE ASI;16
SORA;Luisa Fernanda Rodriguez Alfonso;PARTIDO ALIANZA VERDE;15
SORA;Fredy Leonardo Rojas Vargas;PARTIDO CENTRO DEMOCRATICO;14
SORA;Gustavo Eduardo Castañeda Niño;PARTIDO ALIANZA VERDE;14
SORA;Jose Armando Quiñones Garzon;PARTIDO CENTRO DEMOCRATICO;14
SORA;Willian David Pabon Jimenez;PARTIDO SOCIAL DE UNIDAD NACIONAL  PARTIDO DE LA U;12
SORA;Hector Josue Camacho Acosta;PARTIDO CENTRO DEMOCRATICO;11
SORA;Oscar Leonardo Montañez Sierra;PARTIDO CAMBIO RADICAL;11
SORA;Partido Centro Democratico;PARTIDO CENTRO DEMOCRATICO;11
SORA;Johan Francisco Herrera Gualdron;PARTIDO ALIANZA VERDE;10
SORA;Jose Antonio Estupiñan Caceres;PARTIDO CONSERVADOR COLOMBIANO;9
SORA;Pedro Pablo Salas Hernandez;PARTIDO ALIANZA VERDE;9
SORA;Cesar Augusto Mojica Bedoya;PARTIDO SOCIAL DE UNIDAD NACIONAL  PARTIDO DE LA U;8
SORA;Fernando Augusto Diaz Saenz;PARTIDO CONSERVADOR COLOMBIANO;8
SORA;Jairo Enrique Cabana Fonseca;PARTIDO ALIANZA VERDE;8
SORA;Sandra Patricia Contreras Soto;PARTIDO LIBERAL COLOMBIANO;8
SORA;Partido Alianza Social Independiente Asi;PARTIDO ALIANZA SOCIAL INDEPENDIENTE ASI;7
SORA;Partido Colombia Justa Libres;PARTIDO COLOMBIA JUSTA LIBRES;6
SORA;Partido Social De Unidad Nacional  Partido De La U;PARTIDO SOCIAL DE UNIDAD NACIONAL  PARTIDO DE LA U;6
SORA;Pedro Humberto Vargas Gomez;PARTIDO LIBERAL COLOMBIANO;6
SORA;Segundo Fidel Salazar Gonzalez;PARTIDO SOCIAL DE UNIDAD NACIONAL  PARTIDO DE LA U;6
SORA;Alvaro Hernan Forero Hurtado;BOYACA DECENTE;5
SORA;Daniel Fernando Mejia Lozano;PARTIDO ALIANZA SOCIAL INDEPENDIENTE ASI;5
SORA;Jhon Fredy Garavito Cortes;PARTIDO SOCIAL DE UNIDAD NACIONAL  PARTIDO DE LA U;5
SORA;Partido Cambio Radical;PARTIDO CAMBIO RADICAL;5
SORA;Sandra Patricia Ricaurte Espinel;PARTIDO CAMBIO RADICAL;5
SORA;Siervo Yesith Gonzalez Saavedra;PARTIDO CAMBIO RADICAL;5
SORA;Alba Luz Becerra Becerra;PARTIDO ALIANZA SOCIAL INDEPENDIENTE ASI;4
SORA;Alfredo Horacio Correa Higuera;PARTIDO CAMBIO RADICAL;4
SORA;Armando Buitrago Acevedo;PARTIDO ALIANZA SOCIAL INDEPENDIENTE ASI;4
SORA;Aura Lucia Ortiz Cardona;PARTIDO CENTRO DEMOCRATICO;4
SORA;Carlos Alfredo Siza Blanco;PARTIDO CONSERVADOR COLOMBIANO;4
SORA;Helver Ariel Avila Panche;PARTIDO CENTRO DEMOCRATICO;4
SORA;Jhonnatan Jairo Avellaneda Mesa;MOVIMIENTO ALTERNATIVO INDIGENA Y SOCIAL MAIS;4
SORA;Jorge Enrique Camacho Rodriguez;PARTIDO ALIANZA SOCIAL INDEPENDIENTE ASI;4
SORA;Juddy Alexandra Jimenez Cuadros;PARTIDO SOCIAL DE UNIDAD NACIONAL  PARTIDO DE LA U;4
SORA;Luis Carlos Machado Zapata;PARTIDO LIBERAL COLOMBIANO;4
SORA;Ricardo Andres Español Teatino;PARTIDO LIBERAL COLOMBIANO;4
SORA;Wilkins Fernando Chaparro Cuervo;PARTIDO ALIANZA SOCIAL INDEPENDIENTE ASI;4
SORA;Adriana Paola Laverde Rodriguez;MOVIMIENTO ALTERNATIVO INDIGENA Y SOCIAL MAIS;3
SORA;Andres Mauricio Escarria Barraza;PARTIDO CAMBIO RADICAL;3
SORA;Antonio Ernesto Leguizamo Diaz;PARTIDO LIBERAL COLOMBIANO;3
SORA;Boyaca Decente;BOYACA DECENTE;3
SORA;Claudia Yaneth Avila Castillo;PARTIDO SOCIAL DE UNIDAD NACIONAL  PARTIDO DE LA U;3
SORA;Concha Jael Vargas Saavedra;PARTIDO CONSERVADOR COLOMBIANO;3
SORA;Edwin Andres Rodriguez Rodriguez;PARTIDO LIBERAL COLOMBIANO;3
SORA;Eliana Hasleidy Gamez Pinilla;PARTIDO CAMBIO RADICAL;3
SORA;Elsa Marlen Manrique Pulgar;PARTIDO LIBERAL COLOMBIANO;3
SORA;Flor Elba Velandia Cely;PARTIDO ALIANZA SOCIAL INDEPENDIENTE ASI;3
SORA;Ingrid Marlen Sogamoso Alfonso;PARTIDO CENTRO DEMOCRATICO;3
SORA;Irma Yineth Velandia Sandoval;PARTIDO CAMBIO RADICAL;3
SORA;Jairo Correa Acevedo;MOVIMIENTO ALTERNATIVO INDIGENA Y SOCIAL MAIS;3
SORA;Jose Agustin Arias Millan;PARTIDO CENTRO DEMOCRATICO;3
SORA;Lizeth Paola Saade Fuentes;MOVIMIENTO ALTERNATIVO INDIGENA Y SOCIAL MAIS;3
SORA;Luis Carlos Bernal Mesa;PARTIDO SOCIAL DE UNIDAD NACIONAL  PARTIDO DE LA U;3
SORA;Luz Dary Sevillano Guerrero;PARTIDO ALIANZA VERDE;3
SORA;Merardo Vargas Roa;PARTIDO ALIANZA VERDE;3
SORA;Omar Fernando Valderrama Baez;PARTIDO CENTRO DEMOCRATICO;3
SORA;Sandra Milena Ramirez Moreno;PARTIDO CAMBIO RADICAL;3
SORA;Sonia Esperanza Lopez Barrera;PARTIDO CONSERVADOR COLOMBIANO;3
SORA;Alberto Enrique Murillo Sanchez;PARTIDO CAMBIO RADICAL;2
SORA;Andrea Carolina Camargo Caro;MOVIMIENTO ALTERNATIVO INDIGENA Y SOCIAL MAIS;2
SORA;Ericka Leonor Amador Gamarra;PARTIDO SOCIAL DE UNIDAD NACIONAL  PARTIDO DE LA U;2
SORA;Fredy Julian Castro Rodriguez;PARTIDO CENTRO DEMOCRATICO;2
SORA;Jose Dario Mahecha Castillo;PARTIDO CONSERVADOR COLOMBIANO;2
SORA;Laura Patricia Contreras Alvarez;PARTIDO ALIANZA SOCIAL INDEPENDIENTE ASI;2
SORA;Mauricio Cadena Valero;PARTIDO CENTRO DEMOCRATICO;2
SORA;Pablo Antonio Zambrano Salamanca;PARTIDO CONSERVADOR COLOMBIANO;2
SORA;Partido Conservador Colombiano;PARTIDO CONSERVADOR COLOMBIANO;2
SORA;Sergio Cabra Sierra;PARTIDO SOCIAL DE UNIDAD NACIONAL  PARTIDO DE LA U;2
SORA;William Chaparro Rodriguez;BOYACA DECENTE;2
SORA;William Rodolfo Mesa Avella;PARTIDO CENTRO DEMOCRATICO;2
SORA;Wilton Fredy Castro Silva;PARTIDO ALIANZA VERDE;2
SORA;Yadith Milena Martinez Farfan;PARTIDO CENTRO DEMOCRATICO;2
SORA;Ana Delia Avendaño Hernandez;PARTIDO LIBERAL COLOMBIANO;1
SORA;Ana Lucia Parra Monroy;PARTIDO SOCIAL DE UNIDAD NACIONAL  PARTIDO DE LA U;1
SORA;Angela Rocio Umaña Rojas;PARTIDO CONSERVADOR COLOMBIANO;1
SORA;Carlos Eduardo Vega Alvarez;BOYACA DECENTE;1
SORA;David Santiago Ochoa Garcia;PARTIDO SOCIAL DE UNIDAD NACIONAL  PARTIDO DE LA U;1
SORA;Edwin Alfonso Perez Beltran;PARTIDO ALIANZA SOCIAL INDEPENDIENTE ASI;1
SORA;Erika Dayana Piragauta Rodriguez;PARTIDO LIBERAL COLOMBIANO;1
SORA;Giovanna Del Pilar Soto Barreto;PARTIDO CAMBIO RADICAL;1
SORA;Jaime Andres Gomez Gomez;PARTIDO CONSERVADOR COLOMBIANO;1
SORA;John Fredy Lopez Mora;MOVIMIENTO ALTERNATIVO INDIGENA Y SOCIAL MAIS;1
SORA;Jose Mauricio Buitrago Rivera;PARTIDO CAMBIO RADICAL;1
SORA;Julian Guillermo Camargo Amortegui;MOVIMIENTO ALTERNATIVO INDIGENA Y SOCIAL MAIS;1
SORA;Maira Adriana Zerda Gonzalez;PARTIDO ALIANZA VERDE;1
SORA;Mariev Bejarano Ospina;BOYACA DECENTE;1
SORA;Martha Ines Zipa Martinez;PARTIDO CAMBIO RADICAL;1
SORA;Nereo Baron Tellez;MOVIMIENTO ALTERNATIVO INDIGENA Y SOCIAL MAIS;1
SORA;Norman De Jesus Quintero Gallego;PARTIDO CONSERVADOR COLOMBIANO;1
SORA;Roman Hernando Ortega Hernandez;PARTIDO ALIANZA VERDE;1
SORACA;Jairo Pacheco Suarez;PARTIDO LIBERAL COLOMBIANO;390
SORACA;Anderson Joaquin Sanchez Ruiz;PARTIDO LIBERAL COLOMBIANO;293
SORACA;Yamir Oswaldo Lopez Peña;PARTIDO ALIANZA VERDE;265
SORACA;Angela Patricia Velandia Novoa;PARTIDO ALIANZA VERDE;221
SORACA;Ricardo Alonso Rojas Sachica;PARTIDO ALIANZA VERDE;213
SORACA;Ivan Ricardo Pirachican Bernal;PARTIDO CONSERVADOR COLOMBIANO;190
SORACA;Hector Josue Camacho Acosta;PARTIDO CENTRO DEMOCRATICO;167
SORACA;Jose Leonidas Medina Cruz;PARTIDO SOCIAL DE UNIDAD NACIONAL  PARTIDO DE LA U;152
SORACA;Yury Neill Diaz Aranguren;MOVIMIENTO ALTERNATIVO INDIGENA Y SOCIAL MAIS;100
SORACA;Luis Carlos Bernal Mesa;PARTIDO SOCIAL DE UNIDAD NACIONAL  PARTIDO DE LA U;91
SORACA;Wilder Ivan Suesca Ochoa;PARTIDO CENTRO DEMOCRATICO;91
SORACA;Fabian Camilo Rojas Barrera;PARTIDO LIBERAL COLOMBIANO;90
SORACA;Jose Antonio Estupiñan Caceres;PARTIDO CONSERVADOR COLOMBIANO;89
SORACA;Juan Camilo Morales Rodriguez;PARTIDO LIBERAL COLOMBIANO;83
SORACA;Fernando Alexander Serrato Fonseca;PARTIDO LIBERAL COLOMBIANO;76
SORACA;Jorge Eduardo Diaz Avendaño;MOVIMIENTO ALTERNATIVO INDIGENA Y SOCIAL MAIS;72
SORACA;Hugo Alveiro Rosas Romero;PARTIDO ALIANZA VERDE;68
SORACA;Partido Alianza Verde;PARTIDO ALIANZA VERDE;58
SORACA;Willian David Pabon Jimenez;PARTIDO SOCIAL DE UNIDAD NACIONAL  PARTIDO DE LA U;51
SORACA;Luis Carlos Ochoa Pasachoa;PARTIDO ALIANZA VERDE;41
SORACA;Luisa Fernanda Rodriguez Alfonso;PARTIDO ALIANZA VERDE;38
SORACA;Partido Social De Unidad Nacional  Partido De La U;PARTIDO SOCIAL DE UNIDAD NACIONAL  PARTIDO DE LA U;36
SORACA;Jairo Enrique Cabana Fonseca;PARTIDO ALIANZA VERDE;33
SORACA;Partido Liberal Colombiano;PARTIDO LIBERAL COLOMBIANO;32
SORACA;William Rodolfo Mesa Avella;PARTIDO CENTRO DEMOCRATICO;32
SORACA;Concha Jael Vargas Saavedra;PARTIDO CONSERVADOR COLOMBIANO;28
SORACA;Pablo Antonio Zambrano Salamanca;PARTIDO CONSERVADOR COLOMBIANO;26
SORACA;Cesar Augusto Mojica Bedoya;PARTIDO SOCIAL DE UNIDAD NACIONAL  PARTIDO DE LA U;24
SORACA;Pedro Pablo Salas Hernandez;PARTIDO ALIANZA VERDE;23
SORACA;Partido Centro Democratico;PARTIDO CENTRO DEMOCRATICO;21
SORACA;Claudia Yaneth Avila Castillo;PARTIDO SOCIAL DE UNIDAD NACIONAL  PARTIDO DE LA U;20
SORACA;Johan Francisco Herrera Gualdron;PARTIDO ALIANZA VERDE;20
SORACA;Jose Armando Quiñones Garzon;PARTIDO CENTRO DEMOCRATICO;20
SORACA;Luz Dary Sevillano Guerrero;PARTIDO ALIANZA VERDE;20
SORACA;Partido Conservador Colombiano;PARTIDO CONSERVADOR COLOMBIANO;20
SORACA;Carlos Alfredo Siza Blanco;PARTIDO CONSERVADOR COLOMBIANO;19
SORACA;Jhonnatan Jairo Avellaneda Mesa;MOVIMIENTO ALTERNATIVO INDIGENA Y SOCIAL MAIS;19
SORACA;Sandra Patricia Contreras Soto;PARTIDO LIBERAL COLOMBIANO;19
SORACA;Alba Luz Becerra Becerra;PARTIDO ALIANZA SOCIAL INDEPENDIENTE ASI;18
SORACA;Alfredo Horacio Correa Higuera;PARTIDO CAMBIO RADICAL;17
SORACA;Merardo Vargas Roa;PARTIDO ALIANZA VERDE;17
SORACA;Elsa Marlen Manrique Pulgar;PARTIDO LIBERAL COLOMBIANO;16
SORACA;Partido Cambio Radical;PARTIDO CAMBIO RADICAL;16
SORACA;Pedro Humberto Vargas Gomez;PARTIDO LIBERAL COLOMBIANO;16
SORACA;Sergio Cabra Sierra;PARTIDO SOCIAL DE UNIDAD NACIONAL  PARTIDO DE LA U;16
SORACA;Ericka Leonor Amador Gamarra;PARTIDO SOCIAL DE UNIDAD NACIONAL  PARTIDO DE LA U;15
SORACA;Fredy Leonardo Rojas Vargas;PARTIDO CENTRO DEMOCRATICO;15
SORACA;Oscar Leonardo Montañez Sierra;PARTIDO CAMBIO RADICAL;15
SORACA;Gustavo Eduardo Castañeda Niño;PARTIDO ALIANZA VERDE;14
SORACA;Jorge Enrique Camacho Rodriguez;PARTIDO ALIANZA SOCIAL INDEPENDIENTE ASI;14
SORACA;Neddy Esther Sandoval Figueredo;PARTIDO LIBERAL COLOMBIANO;14
SORACA;Partido Colombia Justa Libres;PARTIDO COLOMBIA JUSTA LIBRES;14
SORACA;Segundo Fidel Salazar Gonzalez;PARTIDO SOCIAL DE UNIDAD NACIONAL  PARTIDO DE LA U;14
SORACA;Uldarico Javier Ramirez Chilito;MOVIMIENTO ALTERNATIVO INDIGENA Y SOCIAL MAIS;14
SORACA;Ingrid Marlen Sogamoso Alfonso;PARTIDO CENTRO DEMOCRATICO;13
SORACA;Jorge Marin Jerez Amado;PARTIDO LIBERAL COLOMBIANO;13
SORACA;Movimiento Alternativo Indigena Y Social Mais;MOVIMIENTO ALTERNATIVO INDIGENA Y SOCIAL MAIS;13
SORACA;Nereo Baron Tellez;MOVIMIENTO ALTERNATIVO INDIGENA Y SOCIAL MAIS;13
SORACA;Omar Fernando Valderrama Baez;PARTIDO CENTRO DEMOCRATICO;13
SORACA;Andres Mauricio Escarria Barraza;PARTIDO CAMBIO RADICAL;11
SORACA;Jose Mauricio Buitrago Rivera;PARTIDO CAMBIO RADICAL;11
SORACA;Ana Lucia Parra Monroy;PARTIDO SOCIAL DE UNIDAD NACIONAL  PARTIDO DE LA U;10
SORACA;Nelson Mauricio Rodriguez Perez;PARTIDO CONSERVADOR COLOMBIANO;10
SORACA;Wilton Fredy Castro Silva;PARTIDO ALIANZA VERDE;10
SORACA;Jose Dario Mahecha Castillo;PARTIDO CONSERVADOR COLOMBIANO;9
SORACA;Juddy Alexandra Jimenez Cuadros;PARTIDO SOCIAL DE UNIDAD NACIONAL  PARTIDO DE LA U;9
SORACA;Mauricio Cadena Valero;PARTIDO CENTRO DEMOCRATICO;9
SORACA;Olga Niño Rojas;PARTIDO CENTRO DEMOCRATICO;9
SORACA;Ricardo Andres Español Teatino;PARTIDO LIBERAL COLOMBIANO;9
SORACA;Roman Hernando Ortega Hernandez;PARTIDO ALIANZA VERDE;9
SORACA;Sonia Esperanza Lopez Barrera;PARTIDO CONSERVADOR COLOMBIANO;9
SORACA;Ana Adela Pulido Cuadros;PARTIDO CONSERVADOR COLOMBIANO;8
SORACA;Eliana Maria Villate Fonseca;PARTIDO CONSERVADOR COLOMBIANO;8
SORACA;Estefany Johana Grajales Marin;MOVIMIENTO ALTERNATIVO INDIGENA Y SOCIAL MAIS;8
SORACA;Jairo Correa Acevedo;MOVIMIENTO ALTERNATIVO INDIGENA Y SOCIAL MAIS;8
SORACA;Andrea Carolina Camargo Caro;MOVIMIENTO ALTERNATIVO INDIGENA Y SOCIAL MAIS;7
SORACA;Antonio Ernesto Leguizamo Diaz;PARTIDO LIBERAL COLOMBIANO;7
SORACA;Carlos Ernesto Torres Aguirre;PARTIDO CONSERVADOR COLOMBIANO;7
SORACA;Fredy Julian Castro Rodriguez;PARTIDO CENTRO DEMOCRATICO;7
SORACA;Giovanna Del Pilar Soto Barreto;PARTIDO CAMBIO RADICAL;7
SORACA;Maira Adriana Zerda Gonzalez;PARTIDO ALIANZA VERDE;7
SORACA;Adriana Paola Laverde Rodriguez;MOVIMIENTO ALTERNATIVO INDIGENA Y SOCIAL MAIS;6
SORACA;Eliana Hasleidy Gamez Pinilla;PARTIDO CAMBIO RADICAL;6
SORACA;Jose Agustin Arias Millan;PARTIDO CENTRO DEMOCRATICO;6
SORACA;Lizeth Paola Saade Fuentes;MOVIMIENTO ALTERNATIVO INDIGENA Y SOCIAL MAIS;6
SORACA;Orlando Florez Cuervo;PARTIDO CENTRO DEMOCRATICO;6
SORACA;Alvaro Hernan Forero Hurtado;BOYACA DECENTE;5
SORACA;David Santiago Ochoa Garcia;PARTIDO SOCIAL DE UNIDAD NACIONAL  PARTIDO DE LA U;5
SORACA;Edwin Alfonso Perez Beltran;PARTIDO ALIANZA SOCIAL INDEPENDIENTE ASI;5
SORACA;Flor Elba Velandia Cely;PARTIDO ALIANZA SOCIAL INDEPENDIENTE ASI;5
SORACA;Jaime Andres Gomez Gomez;PARTIDO CONSERVADOR COLOMBIANO;5
SORACA;Luis Carlos Machado Zapata;PARTIDO LIBERAL COLOMBIANO;5
SORACA;Manuel Ricardo Mesa Trujillo;PARTIDO SOCIAL DE UNIDAD NACIONAL  PARTIDO DE LA U;5
SORACA;Norman De Jesus Quintero Gallego;PARTIDO CONSERVADOR COLOMBIANO;5
SORACA;Siervo Yesith Gonzalez Saavedra;PARTIDO CAMBIO RADICAL;5
SORACA;Yadith Milena Martinez Farfan;PARTIDO CENTRO DEMOCRATICO;5
SORACA;Alberto Enrique Murillo Sanchez;PARTIDO CAMBIO RADICAL;4
SORACA;Aura Lucia Ortiz Cardona;PARTIDO CENTRO DEMOCRATICO;4
SORACA;Claudia Patricia Barrera Patiño;PARTIDO SOCIAL DE UNIDAD NACIONAL  PARTIDO DE LA U;4
SORACA;Daniel Fernando Mejia Lozano;PARTIDO ALIANZA SOCIAL INDEPENDIENTE ASI;4
SORACA;David Alejandro Avila Cely;MOVIMIENTO ALTERNATIVO INDIGENA Y SOCIAL MAIS;4
SORACA;David Santiago Diaz Guio;PARTIDO SOCIAL DE UNIDAD NACIONAL  PARTIDO DE LA U;4
SORACA;Hernando Arias Ochoa;PARTIDO ALIANZA SOCIAL INDEPENDIENTE ASI;4
SORACA;Irma Yineth Velandia Sandoval;PARTIDO CAMBIO RADICAL;4
SORACA;Jhon Fredy Garavito Cortes;PARTIDO SOCIAL DE UNIDAD NACIONAL  PARTIDO DE LA U;4
SORACA;John Fredy Lopez Mora;MOVIMIENTO ALTERNATIVO INDIGENA Y SOCIAL MAIS;4
SORACA;Julian Guillermo Camargo Amortegui;MOVIMIENTO ALTERNATIVO INDIGENA Y SOCIAL MAIS;4
SORACA;Partido Alianza Social Independiente Asi;PARTIDO ALIANZA SOCIAL INDEPENDIENTE ASI;4
SORACA;Vivian Catherin Alvarez;PARTIDO ALIANZA SOCIAL INDEPENDIENTE ASI;4
SORACA;Wilkins Fernando Chaparro Cuervo;PARTIDO ALIANZA SOCIAL INDEPENDIENTE ASI;4
SORACA;Angela Rocio Umaña Rojas;PARTIDO CONSERVADOR COLOMBIANO;3
SORACA;Carlos Eduardo Vega Alvarez;BOYACA DECENTE;3
SORACA;Erika Dayana Piragauta Rodriguez;PARTIDO LIBERAL COLOMBIANO;3
SORACA;Jose Wilmar Leal Abril;PARTIDO CAMBIO RADICAL;3
SORACA;Martha Ines Zipa Martinez;PARTIDO CAMBIO RADICAL;3
SORACA;Ana Delia Avendaño Hernandez;PARTIDO LIBERAL COLOMBIANO;2
SORACA;Armando Buitrago Acevedo;PARTIDO ALIANZA SOCIAL INDEPENDIENTE ASI;2
SORACA;Edwin Andres Rodriguez Rodriguez;PARTIDO LIBERAL COLOMBIANO;2
SORACA;Fernando Augusto Diaz Saenz;PARTIDO CONSERVADOR COLOMBIANO;2
SORACA;Fredy Enrique Segura Alonso;BOYACA DECENTE;2
SORACA;Helver Ariel Avila Panche;PARTIDO CENTRO DEMOCRATICO;2
SORACA;Julieth Rocio Montañez Niño;PARTIDO ALIANZA SOCIAL INDEPENDIENTE ASI;2
SORACA;Katherin Tatiana Calderon Acosta;PARTIDO CENTRO DEMOCRATICO;2
SORACA;Maria De Los Santos Salamanca Silva;PARTIDO ALIANZA VERDE;2
SORACA;Nelsy Yolanda Rivera Ferrucho;BOYACA DECENTE;2
SORACA;Sandra Milena Ramirez Moreno;PARTIDO CAMBIO RADICAL;2
SORACA;Carlos Julian Diaz Franco;PARTIDO ALIANZA SOCIAL INDEPENDIENTE ASI;1
SORACA;Carmen Liria Prieto Cortes;BOYACA DECENTE;1
SORACA;Sandra Patricia Ricaurte Espinel;PARTIDO CAMBIO RADICAL;1
SOTAQUIRA;Julian Guillermo Camargo Amortegui;MOVIMIENTO ALTERNATIVO INDIGENA Y SOCIAL MAIS;658
SOTAQUIRA;Luis Carlos Ochoa Pasachoa;PARTIDO ALIANZA VERDE;588
SOTAQUIRA;Wilder Ivan Suesca Ochoa;PARTIDO CENTRO DEMOCRATICO;395
SOTAQUIRA;Movimiento Alternativo Indigena Y Social Mais;MOVIMIENTO ALTERNATIVO INDIGENA Y SOCIAL MAIS;131
SOTAQUIRA;Partido Alianza Verde;PARTIDO ALIANZA VERDE;131
SOTAQUIRA;Hugo Alveiro Rosas Romero;PARTIDO ALIANZA VERDE;82
SOTAQUIRA;Angela Patricia Velandia Novoa;PARTIDO ALIANZA VERDE;69
SOTAQUIRA;Partido Colombia Justa Libres;PARTIDO COLOMBIA JUSTA LIBRES;66
SOTAQUIRA;Segundo Fidel Salazar Gonzalez;PARTIDO SOCIAL DE UNIDAD NACIONAL  PARTIDO DE LA U;66
SOTAQUIRA;Yamir Oswaldo Lopez Peña;PARTIDO ALIANZA VERDE;63
SOTAQUIRA;Omar Fernando Valderrama Baez;PARTIDO CENTRO DEMOCRATICO;62
SOTAQUIRA;Eliana Hasleidy Gamez Pinilla;PARTIDO CAMBIO RADICAL;58
SOTAQUIRA;Ivan Ricardo Pirachican Bernal;PARTIDO CONSERVADOR COLOMBIANO;55
SOTAQUIRA;Fernando Alexander Serrato Fonseca;PARTIDO LIBERAL COLOMBIANO;49
SOTAQUIRA;Yury Neill Diaz Aranguren;MOVIMIENTO ALTERNATIVO INDIGENA Y SOCIAL MAIS;45
SOTAQUIRA;Jairo Pacheco Suarez;PARTIDO LIBERAL COLOMBIANO;44
SOTAQUIRA;Partido Social De Unidad Nacional  Partido De La U;PARTIDO SOCIAL DE UNIDAD NACIONAL  PARTIDO DE LA U;39
SOTAQUIRA;Eliana Maria Villate Fonseca;PARTIDO CONSERVADOR COLOMBIANO;37
SOTAQUIRA;Partido Cambio Radical;PARTIDO CAMBIO RADICAL;37
SOTAQUIRA;Partido Liberal Colombiano;PARTIDO LIBERAL COLOMBIANO;37
SOTAQUIRA;Juan Camilo Morales Rodriguez;PARTIDO LIBERAL COLOMBIANO;36
SOTAQUIRA;Ricardo Alonso Rojas Sachica;PARTIDO ALIANZA VERDE;32
SOTAQUIRA;Oscar Leonardo Montañez Sierra;PARTIDO CAMBIO RADICAL;29
SOTAQUIRA;Estefany Johana Grajales Marin;MOVIMIENTO ALTERNATIVO INDIGENA Y SOCIAL MAIS;28
SOTAQUIRA;Fabian Camilo Rojas Barrera;PARTIDO LIBERAL COLOMBIANO;28
SOTAQUIRA;Gustavo Eduardo Castañeda Niño;PARTIDO ALIANZA VERDE;27
SOTAQUIRA;Adriana Paola Laverde Rodriguez;MOVIMIENTO ALTERNATIVO INDIGENA Y SOCIAL MAIS;24
SOTAQUIRA;Partido Centro Democratico;PARTIDO CENTRO DEMOCRATICO;24
SOTAQUIRA;Hector Josue Camacho Acosta;PARTIDO CENTRO DEMOCRATICO;23
SOTAQUIRA;Neddy Esther Sandoval Figueredo;PARTIDO LIBERAL COLOMBIANO;23
SOTAQUIRA;Sandra Patricia Contreras Soto;PARTIDO LIBERAL COLOMBIANO;22
SOTAQUIRA;Luz Dary Sevillano Guerrero;PARTIDO ALIANZA VERDE;21
SOTAQUIRA;Fernando Augusto Diaz Saenz;PARTIDO CONSERVADOR COLOMBIANO;20
SOTAQUIRA;Jairo Correa Acevedo;MOVIMIENTO ALTERNATIVO INDIGENA Y SOCIAL MAIS;19
SOTAQUIRA;Wilton Fredy Castro Silva;PARTIDO ALIANZA VERDE;19
SOTAQUIRA;Andres Mauricio Escarria Barraza;PARTIDO CAMBIO RADICAL;17
SOTAQUIRA;Jose Armando Quiñones Garzon;PARTIDO CENTRO DEMOCRATICO;17
SOTAQUIRA;Juddy Alexandra Jimenez Cuadros;PARTIDO SOCIAL DE UNIDAD NACIONAL  PARTIDO DE LA U;17
SOTAQUIRA;Maria De Los Santos Salamanca Silva;PARTIDO ALIANZA VERDE;17
SOTAQUIRA;Wilkins Fernando Chaparro Cuervo;PARTIDO ALIANZA SOCIAL INDEPENDIENTE ASI;17
SOTAQUIRA;Alfredo Horacio Correa Higuera;PARTIDO CAMBIO RADICAL;16
SOTAQUIRA;Partido Conservador Colombiano;PARTIDO CONSERVADOR COLOMBIANO;16
SOTAQUIRA;Willian David Pabon Jimenez;PARTIDO SOCIAL DE UNIDAD NACIONAL  PARTIDO DE LA U;16
SOTAQUIRA;Johan Francisco Herrera Gualdron;PARTIDO ALIANZA VERDE;15
SOTAQUIRA;Merardo Vargas Roa;PARTIDO ALIANZA VERDE;15
SOTAQUIRA;Pedro Pablo Salas Hernandez;PARTIDO ALIANZA VERDE;15
SOTAQUIRA;Jairo Enrique Cabana Fonseca;PARTIDO ALIANZA VERDE;14
SOTAQUIRA;Nereo Baron Tellez;MOVIMIENTO ALTERNATIVO INDIGENA Y SOCIAL MAIS;14
SOTAQUIRA;Antonio Ernesto Leguizamo Diaz;PARTIDO LIBERAL COLOMBIANO;13
SOTAQUIRA;Jorge Eduardo Diaz Avendaño;MOVIMIENTO ALTERNATIVO INDIGENA Y SOCIAL MAIS;13
SOTAQUIRA;Alberto Enrique Murillo Sanchez;PARTIDO CAMBIO RADICAL;12
SOTAQUIRA;Anderson Joaquin Sanchez Ruiz;PARTIDO LIBERAL COLOMBIANO;12
SOTAQUIRA;Ingrid Marlen Sogamoso Alfonso;PARTIDO CENTRO DEMOCRATICO;11
SOTAQUIRA;Jose Mauricio Buitrago Rivera;PARTIDO CAMBIO RADICAL;10
SOTAQUIRA;Luisa Fernanda Rodriguez Alfonso;PARTIDO ALIANZA VERDE;10
SOTAQUIRA;Mauricio Cadena Valero;PARTIDO CENTRO DEMOCRATICO;10
SOTAQUIRA;Norman De Jesus Quintero Gallego;PARTIDO CONSERVADOR COLOMBIANO;9
SOTAQUIRA;Claudia Yaneth Avila Castillo;PARTIDO SOCIAL DE UNIDAD NACIONAL  PARTIDO DE LA U;8
SOTAQUIRA;Edwin Alfonso Perez Beltran;PARTIDO ALIANZA SOCIAL INDEPENDIENTE ASI;8
SOTAQUIRA;Ericka Leonor Amador Gamarra;PARTIDO SOCIAL DE UNIDAD NACIONAL  PARTIDO DE LA U;8
SOTAQUIRA;Fredy Leonardo Rojas Vargas;PARTIDO CENTRO DEMOCRATICO;8
SOTAQUIRA;Yadith Milena Martinez Farfan;PARTIDO CENTRO DEMOCRATICO;8
SOTAQUIRA;Ana Adela Pulido Cuadros;PARTIDO CONSERVADOR COLOMBIANO;7
SOTAQUIRA;Jose Agustin Arias Millan;PARTIDO CENTRO DEMOCRATICO;7
SOTAQUIRA;Jose Wilmar Leal Abril;PARTIDO CAMBIO RADICAL;7
SOTAQUIRA;Siervo Yesith Gonzalez Saavedra;PARTIDO CAMBIO RADICAL;7
SOTAQUIRA;Uldarico Javier Ramirez Chilito;MOVIMIENTO ALTERNATIVO INDIGENA Y SOCIAL MAIS;7
SOTAQUIRA;Andrea Carolina Camargo Caro;MOVIMIENTO ALTERNATIVO INDIGENA Y SOCIAL MAIS;6
SOTAQUIRA;Cesar Augusto Mojica Bedoya;PARTIDO SOCIAL DE UNIDAD NACIONAL  PARTIDO DE LA U;6
SOTAQUIRA;Irma Yineth Velandia Sandoval;PARTIDO CAMBIO RADICAL;6
SOTAQUIRA;Jose Antonio Estupiñan Caceres;PARTIDO CONSERVADOR COLOMBIANO;6
SOTAQUIRA;Jose Dario Mahecha Castillo;PARTIDO CONSERVADOR COLOMBIANO;6
SOTAQUIRA;Roman Hernando Ortega Hernandez;PARTIDO ALIANZA VERDE;6
SOTAQUIRA;William Rodolfo Mesa Avella;PARTIDO CENTRO DEMOCRATICO;6
SOTAQUIRA;Alba Luz Becerra Becerra;PARTIDO ALIANZA SOCIAL INDEPENDIENTE ASI;5
SOTAQUIRA;Alvaro Hernan Forero Hurtado;BOYACA DECENTE;5
SOTAQUIRA;Carlos Alfredo Siza Blanco;PARTIDO CONSERVADOR COLOMBIANO;5
SOTAQUIRA;Carlos Eduardo Vega Alvarez;BOYACA DECENTE;5
SOTAQUIRA;Carlos Ernesto Torres Aguirre;PARTIDO CONSERVADOR COLOMBIANO;5
SOTAQUIRA;David Santiago Ochoa Garcia;PARTIDO SOCIAL DE UNIDAD NACIONAL  PARTIDO DE LA U;5
SOTAQUIRA;Elsa Marlen Manrique Pulgar;PARTIDO LIBERAL COLOMBIANO;5
SOTAQUIRA;Fredy Julian Castro Rodriguez;PARTIDO CENTRO DEMOCRATICO;5
SOTAQUIRA;Hernando Arias Ochoa;PARTIDO ALIANZA SOCIAL INDEPENDIENTE ASI;5
SOTAQUIRA;Jaime Andres Gomez Gomez;PARTIDO CONSERVADOR COLOMBIANO;5
SOTAQUIRA;Jhon Fredy Garavito Cortes;PARTIDO SOCIAL DE UNIDAD NACIONAL  PARTIDO DE LA U;5
SOTAQUIRA;Jhonnatan Jairo Avellaneda Mesa;MOVIMIENTO ALTERNATIVO INDIGENA Y SOCIAL MAIS;5
SOTAQUIRA;Jorge Enrique Camacho Rodriguez;PARTIDO ALIANZA SOCIAL INDEPENDIENTE ASI;5
SOTAQUIRA;Katherin Tatiana Calderon Acosta;PARTIDO CENTRO DEMOCRATICO;5
SOTAQUIRA;Maira Adriana Zerda Gonzalez;PARTIDO ALIANZA VERDE;5
SOTAQUIRA;Nelson Mauricio Rodriguez Perez;PARTIDO CONSERVADOR COLOMBIANO;5
SOTAQUIRA;Orlando Florez Cuervo;PARTIDO CENTRO DEMOCRATICO;5
SOTAQUIRA;Partido Alianza Social Independiente Asi;PARTIDO ALIANZA SOCIAL INDEPENDIENTE ASI;5
SOTAQUIRA;Pedro Humberto Vargas Gomez;PARTIDO LIBERAL COLOMBIANO;5
SOTAQUIRA;Sergio Cabra Sierra;PARTIDO SOCIAL DE UNIDAD NACIONAL  PARTIDO DE LA U;5
SOTAQUIRA;John Fredy Lopez Mora;MOVIMIENTO ALTERNATIVO INDIGENA Y SOCIAL MAIS;4
SOTAQUIRA;Jorge Ignacio Lopez Barrera;BOYACA DECENTE;4
SOTAQUIRA;Jorge Marin Jerez Amado;PARTIDO LIBERAL COLOMBIANO;4
SOTAQUIRA;Olga Niño Rojas;PARTIDO CENTRO DEMOCRATICO;4
SOTAQUIRA;Angela Magaly Garcia Rivera;MOVIMIENTO ALTERNATIVO INDIGENA Y SOCIAL MAIS;3
SOTAQUIRA;Boyaca Decente;BOYACA DECENTE;3
SOTAQUIRA;Giovanna Del Pilar Soto Barreto;PARTIDO CAMBIO RADICAL;3
SOTAQUIRA;Jose Leonidas Medina Cruz;PARTIDO SOCIAL DE UNIDAD NACIONAL  PARTIDO DE LA U;3
SOTAQUIRA;Laura Patricia Contreras Alvarez;PARTIDO ALIANZA SOCIAL INDEPENDIENTE ASI;3
SOTAQUIRA;Lizeth Paola Saade Fuentes;MOVIMIENTO ALTERNATIVO INDIGENA Y SOCIAL MAIS;3
SOTAQUIRA;Luis Carlos Machado Zapata;PARTIDO LIBERAL COLOMBIANO;3
SOTAQUIRA;Martha Ines Zipa Martinez;PARTIDO CAMBIO RADICAL;3
SOTAQUIRA;Ana Delia Avendaño Hernandez;PARTIDO LIBERAL COLOMBIANO;2
SOTAQUIRA;Ana Lucia Parra Monroy;PARTIDO SOCIAL DE UNIDAD NACIONAL  PARTIDO DE LA U;2
SOTAQUIRA;Aura Lucia Ortiz Cardona;PARTIDO CENTRO DEMOCRATICO;2
SOTAQUIRA;Carmen Liria Prieto Cortes;BOYACA DECENTE;2
SOTAQUIRA;Claudia Patricia Barrera Patiño;PARTIDO SOCIAL DE UNIDAD NACIONAL  PARTIDO DE LA U;2
SOTAQUIRA;Concha Jael Vargas Saavedra;PARTIDO CONSERVADOR COLOMBIANO;2
SOTAQUIRA;David Alejandro Avila Cely;MOVIMIENTO ALTERNATIVO INDIGENA Y SOCIAL MAIS;2
SOTAQUIRA;David Santiago Diaz Guio;PARTIDO SOCIAL DE UNIDAD NACIONAL  PARTIDO DE LA U;2
SOTAQUIRA;Erika Dayana Piragauta Rodriguez;PARTIDO LIBERAL COLOMBIANO;2
SOTAQUIRA;Flor Elba Velandia Cely;PARTIDO ALIANZA SOCIAL INDEPENDIENTE ASI;2
SOTAQUIRA;Helver Ariel Avila Panche;PARTIDO CENTRO DEMOCRATICO;2
SOTAQUIRA;Manuel Ricardo Mesa Trujillo;PARTIDO SOCIAL DE UNIDAD NACIONAL  PARTIDO DE LA U;2
SOTAQUIRA;Maria Francia Blanco Pedroza;BOYACA DECENTE;2
SOTAQUIRA;Mariev Bejarano Ospina;BOYACA DECENTE;2
SOTAQUIRA;Ricardo Andres Español Teatino;PARTIDO LIBERAL COLOMBIANO;2
SOTAQUIRA;Sandra Milena Ramirez Moreno;PARTIDO CAMBIO RADICAL;2
SOTAQUIRA;Sonia Esperanza Lopez Barrera;PARTIDO CONSERVADOR COLOMBIANO;2
SOTAQUIRA;Armando Buitrago Acevedo;PARTIDO ALIANZA SOCIAL INDEPENDIENTE ASI;1
SOTAQUIRA;Julieth Rocio Montañez Niño;PARTIDO ALIANZA SOCIAL INDEPENDIENTE ASI;1
SOTAQUIRA;Luis Carlos Bernal Mesa;PARTIDO SOCIAL DE UNIDAD NACIONAL  PARTIDO DE LA U;1
SOTAQUIRA;Nelsy Yolanda Rivera Ferrucho;BOYACA DECENTE;1
SOTAQUIRA;Omar Humberto Villamil Munevar;PARTIDO CONSERVADOR COLOMBIANO;1
SOTAQUIRA;Pablo Antonio Zambrano Salamanca;PARTIDO CONSERVADOR COLOMBIANO;1
SOTAQUIRA;Sandra Patricia Ricaurte Espinel;PARTIDO CAMBIO RADICAL;1
SOTAQUIRA;Vivian Catherin Alvarez;PARTIDO ALIANZA SOCIAL INDEPENDIENTE ASI;1
SOTAQUIRA;William Chaparro Rodriguez;BOYACA DECENTE;1
SUSACON;Hector Josue Camacho Acosta;PARTIDO CENTRO DEMOCRATICO;785
SUSACON;Angela Patricia Velandia Novoa;PARTIDO ALIANZA VERDE;162
SUSACON;Luis Carlos Ochoa Pasachoa;PARTIDO ALIANZA VERDE;110
SUSACON;Jose Mauricio Buitrago Rivera;PARTIDO CAMBIO RADICAL;78
SUSACON;Ricardo Alonso Rojas Sachica;PARTIDO ALIANZA VERDE;77
SUSACON;Partido Alianza Verde;PARTIDO ALIANZA VERDE;55
SUSACON;Eliana Maria Villate Fonseca;PARTIDO CONSERVADOR COLOMBIANO;51
SUSACON;Yamir Oswaldo Lopez Peña;PARTIDO ALIANZA VERDE;48
SUSACON;Luz Dary Sevillano Guerrero;PARTIDO ALIANZA VERDE;38
SUSACON;Jairo Pacheco Suarez;PARTIDO LIBERAL COLOMBIANO;34
SUSACON;Partido Centro Democratico;PARTIDO CENTRO DEMOCRATICO;32
SUSACON;Partido Conservador Colombiano;PARTIDO CONSERVADOR COLOMBIANO;32
SUSACON;Cesar Augusto Mojica Bedoya;PARTIDO SOCIAL DE UNIDAD NACIONAL  PARTIDO DE LA U;26
SUSACON;Partido Cambio Radical;PARTIDO CAMBIO RADICAL;20
SUSACON;Elsa Marlen Manrique Pulgar;PARTIDO LIBERAL COLOMBIANO;15
SUSACON;Hugo Alveiro Rosas Romero;PARTIDO ALIANZA VERDE;14
SUSACON;Alfredo Horacio Correa Higuera;PARTIDO CAMBIO RADICAL;12
SUSACON;Johan Francisco Herrera Gualdron;PARTIDO ALIANZA VERDE;11
SUSACON;Neddy Esther Sandoval Figueredo;PARTIDO LIBERAL COLOMBIANO;9
SUSACON;Ivan Ricardo Pirachican Bernal;PARTIDO CONSERVADOR COLOMBIANO;8
SUSACON;Partido Colombia Justa Libres;PARTIDO COLOMBIA JUSTA LIBRES;8
SUSACON;Pedro Pablo Salas Hernandez;PARTIDO ALIANZA VERDE;8
SUSACON;Jose Armando Quiñones Garzon;PARTIDO CENTRO DEMOCRATICO;7
SUSACON;Jose Wilmar Leal Abril;PARTIDO CAMBIO RADICAL;7
SUSACON;Merardo Vargas Roa;PARTIDO ALIANZA VERDE;7
SUSACON;Oscar Leonardo Montañez Sierra;PARTIDO CAMBIO RADICAL;7
SUSACON;Gustavo Eduardo Castañeda Niño;PARTIDO ALIANZA VERDE;6
SUSACON;Jairo Enrique Cabana Fonseca;PARTIDO ALIANZA VERDE;6
SUSACON;Mauricio Cadena Valero;PARTIDO CENTRO DEMOCRATICO;6
SUSACON;Pedro Humberto Vargas Gomez;PARTIDO LIBERAL COLOMBIANO;5
SUSACON;William Rodolfo Mesa Avella;PARTIDO CENTRO DEMOCRATICO;5
SUSACON;Willian David Pabon Jimenez;PARTIDO SOCIAL DE UNIDAD NACIONAL  PARTIDO DE LA U;5
SUSACON;Carlos Alfredo Siza Blanco;PARTIDO CONSERVADOR COLOMBIANO;4
SUSACON;Claudia Yaneth Avila Castillo;PARTIDO SOCIAL DE UNIDAD NACIONAL  PARTIDO DE LA U;4
SUSACON;Concha Jael Vargas Saavedra;PARTIDO CONSERVADOR COLOMBIANO;4
SUSACON;Ingrid Marlen Sogamoso Alfonso;PARTIDO CENTRO DEMOCRATICO;4
SUSACON;Irma Yineth Velandia Sandoval;PARTIDO CAMBIO RADICAL;4
SUSACON;Orlando Florez Cuervo;PARTIDO CENTRO DEMOCRATICO;4
SUSACON;Partido Social De Unidad Nacional  Partido De La U;PARTIDO SOCIAL DE UNIDAD NACIONAL  PARTIDO DE LA U;4
SUSACON;Anderson Joaquin Sanchez Ruiz;PARTIDO LIBERAL COLOMBIANO;3
SUSACON;Carlos Ernesto Torres Aguirre;PARTIDO CONSERVADOR COLOMBIANO;3
SUSACON;Fernando Alexander Serrato Fonseca;PARTIDO LIBERAL COLOMBIANO;3
SUSACON;Fernando Augusto Diaz Saenz;PARTIDO CONSERVADOR COLOMBIANO;3
SUSACON;Henry Goyeneche Hormaza;PARTIDO ALIANZA SOCIAL INDEPENDIENTE ASI;3
SUSACON;Jorge Eduardo Diaz Avendaño;MOVIMIENTO ALTERNATIVO INDIGENA Y SOCIAL MAIS;3
SUSACON;Luisa Fernanda Rodriguez Alfonso;PARTIDO ALIANZA VERDE;3
SUSACON;Maria De Los Santos Salamanca Silva;PARTIDO ALIANZA VERDE;3
SUSACON;Maria Francia Blanco Pedroza;BOYACA DECENTE;3
SUSACON;Olga Niño Rojas;PARTIDO CENTRO DEMOCRATICO;3
SUSACON;Pablo Antonio Zambrano Salamanca;PARTIDO CONSERVADOR COLOMBIANO;3
SUSACON;Sergio Cabra Sierra;PARTIDO SOCIAL DE UNIDAD NACIONAL  PARTIDO DE LA U;3
SUSACON;Wilton Fredy Castro Silva;PARTIDO ALIANZA VERDE;3
SUSACON;Alba Luz Becerra Becerra;PARTIDO ALIANZA SOCIAL INDEPENDIENTE ASI;2
SUSACON;Andres Mauricio Escarria Barraza;PARTIDO CAMBIO RADICAL;2
SUSACON;Aura Lucia Ortiz Cardona;PARTIDO CENTRO DEMOCRATICO;2
SUSACON;Daniel Fernando Mejia Lozano;PARTIDO ALIANZA SOCIAL INDEPENDIENTE ASI;2
SUSACON;Flor Elba Velandia Cely;PARTIDO ALIANZA SOCIAL INDEPENDIENTE ASI;2
SUSACON;Fredy Julian Castro Rodriguez;PARTIDO CENTRO DEMOCRATICO;2
SUSACON;Jaime Andres Gomez Gomez;PARTIDO CONSERVADOR COLOMBIANO;2
SUSACON;Jairo Correa Acevedo;MOVIMIENTO ALTERNATIVO INDIGENA Y SOCIAL MAIS;2
SUSACON;John Fredy Lopez Mora;MOVIMIENTO ALTERNATIVO INDIGENA Y SOCIAL MAIS;2
SUSACON;Jose Dario Mahecha Castillo;PARTIDO CONSERVADOR COLOMBIANO;2
SUSACON;Juddy Alexandra Jimenez Cuadros;PARTIDO SOCIAL DE UNIDAD NACIONAL  PARTIDO DE LA U;2
SUSACON;Martha Ines Zipa Martinez;PARTIDO CAMBIO RADICAL;2
SUSACON;Nereo Baron Tellez;MOVIMIENTO ALTERNATIVO INDIGENA Y SOCIAL MAIS;2
SUSACON;Omar Fernando Valderrama Baez;PARTIDO CENTRO DEMOCRATICO;2
SUSACON;Partido Alianza Social Independiente Asi;PARTIDO ALIANZA SOCIAL INDEPENDIENTE ASI;2
SUSACON;Partido Liberal Colombiano;PARTIDO LIBERAL COLOMBIANO;2
SUSACON;Segundo Fidel Salazar Gonzalez;PARTIDO SOCIAL DE UNIDAD NACIONAL  PARTIDO DE LA U;2
SUSACON;Siervo Yesith Gonzalez Saavedra;PARTIDO CAMBIO RADICAL;2
SUSACON;Yadith Milena Martinez Farfan;PARTIDO CENTRO DEMOCRATICO;2
SUSACON;Alberto Enrique Murillo Sanchez;PARTIDO CAMBIO RADICAL;1
SUSACON;Ana Adela Pulido Cuadros;PARTIDO CONSERVADOR COLOMBIANO;1
SUSACON;David Santiago Diaz Guio;PARTIDO SOCIAL DE UNIDAD NACIONAL  PARTIDO DE LA U;1
SUSACON;David Santiago Ochoa Garcia;PARTIDO SOCIAL DE UNIDAD NACIONAL  PARTIDO DE LA U;1
SUSACON;Edgar Antulio Gonzalez Trujillo;BOYACA DECENTE;1
SUSACON;Edwin Alfonso Perez Beltran;PARTIDO ALIANZA SOCIAL INDEPENDIENTE ASI;1
SUSACON;Fabian Camilo Rojas Barrera;PARTIDO LIBERAL COLOMBIANO;1
SUSACON;Fredy Leonardo Rojas Vargas;PARTIDO CENTRO DEMOCRATICO;1
SUSACON;Giovanna Del Pilar Soto Barreto;PARTIDO CAMBIO RADICAL;1
SUSACON;Jorge Ignacio Lopez Barrera;BOYACA DECENTE;1
SUSACON;Jorge Marin Jerez Amado;PARTIDO LIBERAL COLOMBIANO;1
SUSACON;Jose Antonio Estupiñan Caceres;PARTIDO CONSERVADOR COLOMBIANO;1
SUSACON;Katherin Tatiana Calderon Acosta;PARTIDO CENTRO DEMOCRATICO;1
SUSACON;Luis Carlos Bernal Mesa;PARTIDO SOCIAL DE UNIDAD NACIONAL  PARTIDO DE LA U;1
SUSACON;Luis Carlos Machado Zapata;PARTIDO LIBERAL COLOMBIANO;1
SUSACON;Manuel Ricardo Mesa Trujillo;PARTIDO SOCIAL DE UNIDAD NACIONAL  PARTIDO DE LA U;1
SUSACON;Nelson Mauricio Rodriguez Perez;PARTIDO CONSERVADOR COLOMBIANO;1
SUSACON;Roman Hernando Ortega Hernandez;PARTIDO ALIANZA VERDE;1
SUSACON;Sandra Patricia Contreras Soto;PARTIDO LIBERAL COLOMBIANO;1
SUSACON;Sonia Esperanza Lopez Barrera;PARTIDO CONSERVADOR COLOMBIANO;1
SUSACON;Yury Neill Diaz Aranguren;MOVIMIENTO ALTERNATIVO INDIGENA Y SOCIAL MAIS;1
SUTAMARCHAN;Yamir Oswaldo Lopez Peña;PARTIDO ALIANZA VERDE;998
SUTAMARCHAN;Juan Camilo Morales Rodriguez;PARTIDO LIBERAL COLOMBIANO;541
SUTAMARCHAN;Siervo Yesith Gonzalez Saavedra;PARTIDO CAMBIO RADICAL;253
SUTAMARCHAN;Jose Armando Quiñones Garzon;PARTIDO CENTRO DEMOCRATICO;186
SUTAMARCHAN;Hector Josue Camacho Acosta;PARTIDO CENTRO DEMOCRATICO;171
SUTAMARCHAN;Ricardo Alonso Rojas Sachica;PARTIDO ALIANZA VERDE;165
SUTAMARCHAN;Omar Fernando Valderrama Baez;PARTIDO CENTRO DEMOCRATICO;136
SUTAMARCHAN;Partido Alianza Verde;PARTIDO ALIANZA VERDE;67
SUTAMARCHAN;Hugo Alveiro Rosas Romero;PARTIDO ALIANZA VERDE;66
SUTAMARCHAN;Manuel Ricardo Mesa Trujillo;PARTIDO SOCIAL DE UNIDAD NACIONAL  PARTIDO DE LA U;63
SUTAMARCHAN;Concha Jael Vargas Saavedra;PARTIDO CONSERVADOR COLOMBIANO;59
SUTAMARCHAN;Luis Carlos Ochoa Pasachoa;PARTIDO ALIANZA VERDE;56
SUTAMARCHAN;Fernando Alexander Serrato Fonseca;PARTIDO LIBERAL COLOMBIANO;47
SUTAMARCHAN;Jairo Pacheco Suarez;PARTIDO LIBERAL COLOMBIANO;46
SUTAMARCHAN;Ivan Ricardo Pirachican Bernal;PARTIDO CONSERVADOR COLOMBIANO;45
SUTAMARCHAN;Angela Patricia Velandia Novoa;PARTIDO ALIANZA VERDE;44
SUTAMARCHAN;Luis Carlos Machado Zapata;PARTIDO LIBERAL COLOMBIANO;41
SUTAMARCHAN;Oscar Leonardo Montañez Sierra;PARTIDO CAMBIO RADICAL;37
SUTAMARCHAN;Jairo Enrique Cabana Fonseca;PARTIDO ALIANZA VERDE;36
SUTAMARCHAN;Partido Liberal Colombiano;PARTIDO LIBERAL COLOMBIANO;34
SUTAMARCHAN;Alfredo Horacio Correa Higuera;PARTIDO CAMBIO RADICAL;33
SUTAMARCHAN;Johan Francisco Herrera Gualdron;PARTIDO ALIANZA VERDE;32
SUTAMARCHAN;Yury Neill Diaz Aranguren;MOVIMIENTO ALTERNATIVO INDIGENA Y SOCIAL MAIS;32
SUTAMARCHAN;Jose Wilmar Leal Abril;PARTIDO CAMBIO RADICAL;29
SUTAMARCHAN;Omar Humberto Villamil Munevar;PARTIDO CONSERVADOR COLOMBIANO;27
SUTAMARCHAN;Ingrid Marlen Sogamoso Alfonso;PARTIDO CENTRO DEMOCRATICO;26
SUTAMARCHAN;Orlando Florez Cuervo;PARTIDO CENTRO DEMOCRATICO;26
SUTAMARCHAN;Gustavo Eduardo Castañeda Niño;PARTIDO ALIANZA VERDE;24
SUTAMARCHAN;Luisa Fernanda Rodriguez Alfonso;PARTIDO ALIANZA VERDE;24
SUTAMARCHAN;Fernando Augusto Diaz Saenz;PARTIDO CONSERVADOR COLOMBIANO;23
SUTAMARCHAN;Partido Colombia Justa Libres;PARTIDO COLOMBIA JUSTA LIBRES;22
SUTAMARCHAN;Alberto Enrique Murillo Sanchez;PARTIDO CAMBIO RADICAL;20
SUTAMARCHAN;Partido Cambio Radical;PARTIDO CAMBIO RADICAL;20
SUTAMARCHAN;Partido Centro Democratico;PARTIDO CENTRO DEMOCRATICO;20
SUTAMARCHAN;Wilkins Fernando Chaparro Cuervo;PARTIDO ALIANZA SOCIAL INDEPENDIENTE ASI;20
SUTAMARCHAN;Wilder Ivan Suesca Ochoa;PARTIDO CENTRO DEMOCRATICO;19
SUTAMARCHAN;Anderson Joaquin Sanchez Ruiz;PARTIDO LIBERAL COLOMBIANO;18
SUTAMARCHAN;Willian David Pabon Jimenez;PARTIDO SOCIAL DE UNIDAD NACIONAL  PARTIDO DE LA U;18
SUTAMARCHAN;Fabian Camilo Rojas Barrera;PARTIDO LIBERAL COLOMBIANO;17
SUTAMARCHAN;Fredy Julian Castro Rodriguez;PARTIDO CENTRO DEMOCRATICO;15
SUTAMARCHAN;Hernando Arias Ochoa;PARTIDO ALIANZA SOCIAL INDEPENDIENTE ASI;15
SUTAMARCHAN;Luz Dary Sevillano Guerrero;PARTIDO ALIANZA VERDE;15
SUTAMARCHAN;Elsa Marlen Manrique Pulgar;PARTIDO LIBERAL COLOMBIANO;14
SUTAMARCHAN;Pedro Pablo Salas Hernandez;PARTIDO ALIANZA VERDE;14
SUTAMARCHAN;Jorge Marin Jerez Amado;PARTIDO LIBERAL COLOMBIANO;13
SUTAMARCHAN;Partido Alianza Social Independiente Asi;PARTIDO ALIANZA SOCIAL INDEPENDIENTE ASI;12
SUTAMARCHAN;Partido Social De Unidad Nacional  Partido De La U;PARTIDO SOCIAL DE UNIDAD NACIONAL  PARTIDO DE LA U;12
SUTAMARCHAN;Wilton Fredy Castro Silva;PARTIDO ALIANZA VERDE;12
SUTAMARCHAN;Pedro Humberto Vargas Gomez;PARTIDO LIBERAL COLOMBIANO;11
SUTAMARCHAN;Roman Hernando Ortega Hernandez;PARTIDO ALIANZA VERDE;11
SUTAMARCHAN;Sandra Milena Ramirez Moreno;PARTIDO CAMBIO RADICAL;11
SUTAMARCHAN;Olga Niño Rojas;PARTIDO CENTRO DEMOCRATICO;10
SUTAMARCHAN;Sandra Patricia Contreras Soto;PARTIDO LIBERAL COLOMBIANO;10
SUTAMARCHAN;Segundo Fidel Salazar Gonzalez;PARTIDO SOCIAL DE UNIDAD NACIONAL  PARTIDO DE LA U;10
SUTAMARCHAN;Nelson Mauricio Rodriguez Perez;PARTIDO CONSERVADOR COLOMBIANO;9
SUTAMARCHAN;Partido Conservador Colombiano;PARTIDO CONSERVADOR COLOMBIANO;9
SUTAMARCHAN;Alvaro Hernan Forero Hurtado;BOYACA DECENTE;8
SUTAMARCHAN;Ana Adela Pulido Cuadros;PARTIDO CONSERVADOR COLOMBIANO;8
SUTAMARCHAN;Daniel Fernando Mejia Lozano;PARTIDO ALIANZA SOCIAL INDEPENDIENTE ASI;8
SUTAMARCHAN;Merardo Vargas Roa;PARTIDO ALIANZA VERDE;8
SUTAMARCHAN;Sonia Esperanza Lopez Barrera;PARTIDO CONSERVADOR COLOMBIANO;8
SUTAMARCHAN;William Rodolfo Mesa Avella;PARTIDO CENTRO DEMOCRATICO;8
SUTAMARCHAN;Antonio Ernesto Leguizamo Diaz;PARTIDO LIBERAL COLOMBIANO;7
SUTAMARCHAN;Carlos Ernesto Torres Aguirre;PARTIDO CONSERVADOR COLOMBIANO;7
SUTAMARCHAN;Carmen Liria Prieto Cortes;BOYACA DECENTE;7
SUTAMARCHAN;Irma Yineth Velandia Sandoval;PARTIDO CAMBIO RADICAL;7
SUTAMARCHAN;Jhonnatan Jairo Avellaneda Mesa;MOVIMIENTO ALTERNATIVO INDIGENA Y SOCIAL MAIS;7
SUTAMARCHAN;Jose Mauricio Buitrago Rivera;PARTIDO CAMBIO RADICAL;7
SUTAMARCHAN;Sergio Cabra Sierra;PARTIDO SOCIAL DE UNIDAD NACIONAL  PARTIDO DE LA U;6
SUTAMARCHAN;Flor Elba Velandia Cely;PARTIDO ALIANZA SOCIAL INDEPENDIENTE ASI;5
SUTAMARCHAN;Jorge Enrique Camacho Rodriguez;PARTIDO ALIANZA SOCIAL INDEPENDIENTE ASI;5
SUTAMARCHAN;Mariev Bejarano Ospina;BOYACA DECENTE;5
SUTAMARCHAN;Neddy Esther Sandoval Figueredo;PARTIDO LIBERAL COLOMBIANO;5
SUTAMARCHAN;Carlos Alfredo Siza Blanco;PARTIDO CONSERVADOR COLOMBIANO;4
SUTAMARCHAN;David Santiago Diaz Guio;PARTIDO SOCIAL DE UNIDAD NACIONAL  PARTIDO DE LA U;4
SUTAMARCHAN;Estefany Johana Grajales Marin;MOVIMIENTO ALTERNATIVO INDIGENA Y SOCIAL MAIS;4
SUTAMARCHAN;Jaime Andres Gomez Gomez;PARTIDO CONSERVADOR COLOMBIANO;4
SUTAMARCHAN;Jose Dario Mahecha Castillo;PARTIDO CONSERVADOR COLOMBIANO;4
SUTAMARCHAN;Laura Patricia Contreras Alvarez;PARTIDO ALIANZA SOCIAL INDEPENDIENTE ASI;4
SUTAMARCHAN;Maira Adriana Zerda Gonzalez;PARTIDO ALIANZA VERDE;4
SUTAMARCHAN;Maria De Los Santos Salamanca Silva;PARTIDO ALIANZA VERDE;4
SUTAMARCHAN;Uldarico Javier Ramirez Chilito;MOVIMIENTO ALTERNATIVO INDIGENA Y SOCIAL MAIS;4
SUTAMARCHAN;Yadith Milena Martinez Farfan;PARTIDO CENTRO DEMOCRATICO;4
SUTAMARCHAN;Ana Delia Avendaño Hernandez;PARTIDO LIBERAL COLOMBIANO;3
SUTAMARCHAN;Boyaca Decente;BOYACA DECENTE;3
SUTAMARCHAN;Cesar Augusto Mojica Bedoya;PARTIDO SOCIAL DE UNIDAD NACIONAL  PARTIDO DE LA U;3
SUTAMARCHAN;Edwin Alfonso Perez Beltran;PARTIDO ALIANZA SOCIAL INDEPENDIENTE ASI;3
SUTAMARCHAN;Ericka Leonor Amador Gamarra;PARTIDO SOCIAL DE UNIDAD NACIONAL  PARTIDO DE LA U;3
SUTAMARCHAN;Fredy Leonardo Rojas Vargas;PARTIDO CENTRO DEMOCRATICO;3
SUTAMARCHAN;Jairo Correa Acevedo;MOVIMIENTO ALTERNATIVO INDIGENA Y SOCIAL MAIS;3
SUTAMARCHAN;Jhon Fredy Garavito Cortes;PARTIDO SOCIAL DE UNIDAD NACIONAL  PARTIDO DE LA U;3
SUTAMARCHAN;Kiliam Ernesto Gonzalez Forero;BOYACA DECENTE;3
SUTAMARCHAN;Luis Carlos Bernal Mesa;PARTIDO SOCIAL DE UNIDAD NACIONAL  PARTIDO DE LA U;3
SUTAMARCHAN;Martha Ines Zipa Martinez;PARTIDO CAMBIO RADICAL;3
SUTAMARCHAN;Mauricio Cadena Valero;PARTIDO CENTRO DEMOCRATICO;3
SUTAMARCHAN;Movimiento Alternativo Indigena Y Social Mais;MOVIMIENTO ALTERNATIVO INDIGENA Y SOCIAL MAIS;3
SUTAMARCHAN;Norman De Jesus Quintero Gallego;PARTIDO CONSERVADOR COLOMBIANO;3
SUTAMARCHAN;Armando Buitrago Acevedo;PARTIDO ALIANZA SOCIAL INDEPENDIENTE ASI;2
SUTAMARCHAN;Carlos Julian Diaz Franco;PARTIDO ALIANZA SOCIAL INDEPENDIENTE ASI;2
SUTAMARCHAN;David Santiago Ochoa Garcia;PARTIDO SOCIAL DE UNIDAD NACIONAL  PARTIDO DE LA U;2
SUTAMARCHAN;Edwin Andres Rodriguez Rodriguez;PARTIDO LIBERAL COLOMBIANO;2
SUTAMARCHAN;Fredy Enrique Segura Alonso;BOYACA DECENTE;2
SUTAMARCHAN;Helver Ariel Avila Panche;PARTIDO CENTRO DEMOCRATICO;2
SUTAMARCHAN;Henry Goyeneche Hormaza;PARTIDO ALIANZA SOCIAL INDEPENDIENTE ASI;2
SUTAMARCHAN;Jose Antonio Estupiñan Caceres;PARTIDO CONSERVADOR COLOMBIANO;2
SUTAMARCHAN;Julieth Rocio Montañez Niño;PARTIDO ALIANZA SOCIAL INDEPENDIENTE ASI;2
SUTAMARCHAN;Nereo Baron Tellez;MOVIMIENTO ALTERNATIVO INDIGENA Y SOCIAL MAIS;2
SUTAMARCHAN;Alba Luz Becerra Becerra;PARTIDO ALIANZA SOCIAL INDEPENDIENTE ASI;1
SUTAMARCHAN;Andrea Carolina Camargo Caro;MOVIMIENTO ALTERNATIVO INDIGENA Y SOCIAL MAIS;1
SUTAMARCHAN;Andres Mauricio Escarria Barraza;PARTIDO CAMBIO RADICAL;1
SUTAMARCHAN;Angela Rocio Umaña Rojas;PARTIDO CONSERVADOR COLOMBIANO;1
SUTAMARCHAN;Aura Lucia Ortiz Cardona;PARTIDO CENTRO DEMOCRATICO;1
SUTAMARCHAN;Carlos Eduardo Vega Alvarez;BOYACA DECENTE;1
SUTAMARCHAN;Claudia Yaneth Avila Castillo;PARTIDO SOCIAL DE UNIDAD NACIONAL  PARTIDO DE LA U;1
SUTAMARCHAN;Eliana Hasleidy Gamez Pinilla;PARTIDO CAMBIO RADICAL;1
SUTAMARCHAN;Eliana Maria Villate Fonseca;PARTIDO CONSERVADOR COLOMBIANO;1
SUTAMARCHAN;Erika Dayana Piragauta Rodriguez;PARTIDO LIBERAL COLOMBIANO;1
SUTAMARCHAN;John Fredy Lopez Mora;MOVIMIENTO ALTERNATIVO INDIGENA Y SOCIAL MAIS;1
SUTAMARCHAN;Jorge Eduardo Diaz Avendaño;MOVIMIENTO ALTERNATIVO INDIGENA Y SOCIAL MAIS;1
SUTAMARCHAN;Jose Agustin Arias Millan;PARTIDO CENTRO DEMOCRATICO;1
SUTAMARCHAN;Jose Leonidas Medina Cruz;PARTIDO SOCIAL DE UNIDAD NACIONAL  PARTIDO DE LA U;1
SUTAMARCHAN;Julian Guillermo Camargo Amortegui;MOVIMIENTO ALTERNATIVO INDIGENA Y SOCIAL MAIS;1
SUTAMARCHAN;Katherin Tatiana Calderon Acosta;PARTIDO CENTRO DEMOCRATICO;1
SUTAMARCHAN;Pablo Antonio Zambrano Salamanca;PARTIDO CONSERVADOR COLOMBIANO;1
SUTAMARCHAN;Ricardo Andres Español Teatino;PARTIDO LIBERAL COLOMBIANO;1
SUTAMARCHAN;Sandra Patricia Ricaurte Espinel;PARTIDO CAMBIO RADICAL;1
SUTAMARCHAN;Victor Tulio Ramirez Gutierrez;BOYACA DECENTE;1
SUTAMARCHAN;William Chaparro Rodriguez;BOYACA DECENTE;1
SUTATENZA;Ingrid Marlen Sogamoso Alfonso;PARTIDO CENTRO DEMOCRATICO;441
SUTATENZA;Maira Adriana Zerda Gonzalez;PARTIDO ALIANZA VERDE;267
SUTATENZA;Jose Dario Mahecha Castillo;PARTIDO CONSERVADOR COLOMBIANO;219
SUTATENZA;Anderson Joaquin Sanchez Ruiz;PARTIDO LIBERAL COLOMBIANO;83
SUTATENZA;Partido Alianza Verde;PARTIDO ALIANZA VERDE;80
SUTATENZA;Alfredo Horacio Correa Higuera;PARTIDO CAMBIO RADICAL;72
SUTATENZA;Hector Josue Camacho Acosta;PARTIDO CENTRO DEMOCRATICO;67
SUTATENZA;Partido Centro Democratico;PARTIDO CENTRO DEMOCRATICO;60
SUTATENZA;Fabian Camilo Rojas Barrera;PARTIDO LIBERAL COLOMBIANO;55
SUTATENZA;Partido Conservador Colombiano;PARTIDO CONSERVADOR COLOMBIANO;54
SUTATENZA;Johan Francisco Herrera Gualdron;PARTIDO ALIANZA VERDE;47
SUTATENZA;Ivan Ricardo Pirachican Bernal;PARTIDO CONSERVADOR COLOMBIANO;38
SUTATENZA;Partido Cambio Radical;PARTIDO CAMBIO RADICAL;37
SUTATENZA;Yamir Oswaldo Lopez Peña;PARTIDO ALIANZA VERDE;31
SUTATENZA;Carlos Ernesto Torres Aguirre;PARTIDO CONSERVADOR COLOMBIANO;26
SUTATENZA;Partido Liberal Colombiano;PARTIDO LIBERAL COLOMBIANO;26
SUTATENZA;William Rodolfo Mesa Avella;PARTIDO CENTRO DEMOCRATICO;22
SUTATENZA;Juan Camilo Morales Rodriguez;PARTIDO LIBERAL COLOMBIANO;18
SUTATENZA;Jairo Pacheco Suarez;PARTIDO LIBERAL COLOMBIANO;17
SUTATENZA;Ana Adela Pulido Cuadros;PARTIDO CONSERVADOR COLOMBIANO;16
SUTATENZA;Angela Patricia Velandia Novoa;PARTIDO ALIANZA VERDE;16
SUTATENZA;Eliana Maria Villate Fonseca;PARTIDO CONSERVADOR COLOMBIANO;16
SUTATENZA;Jose Wilmar Leal Abril;PARTIDO CAMBIO RADICAL;16
SUTATENZA;Nelson Mauricio Rodriguez Perez;PARTIDO CONSERVADOR COLOMBIANO;16
SUTATENZA;Pedro Pablo Salas Hernandez;PARTIDO ALIANZA VERDE;16
SUTATENZA;Fernando Alexander Serrato Fonseca;PARTIDO LIBERAL COLOMBIANO;15
SUTATENZA;Jose Armando Quiñones Garzon;PARTIDO CENTRO DEMOCRATICO;15
SUTATENZA;Partido Colombia Justa Libres;PARTIDO COLOMBIA JUSTA LIBRES;15
SUTATENZA;Gustavo Eduardo Castañeda Niño;PARTIDO ALIANZA VERDE;14
SUTATENZA;Concha Jael Vargas Saavedra;PARTIDO CONSERVADOR COLOMBIANO;12
SUTATENZA;Maria De Los Santos Salamanca Silva;PARTIDO ALIANZA VERDE;12
SUTATENZA;Wilton Fredy Castro Silva;PARTIDO ALIANZA VERDE;10
SUTATENZA;Omar Fernando Valderrama Baez;PARTIDO CENTRO DEMOCRATICO;9
SUTATENZA;Oscar Leonardo Montañez Sierra;PARTIDO CAMBIO RADICAL;9
SUTATENZA;Siervo Yesith Gonzalez Saavedra;PARTIDO CAMBIO RADICAL;9
SUTATENZA;Ricardo Alonso Rojas Sachica;PARTIDO ALIANZA VERDE;8
SUTATENZA;Carlos Alfredo Siza Blanco;PARTIDO CONSERVADOR COLOMBIANO;7
SUTATENZA;Claudia Yaneth Avila Castillo;PARTIDO SOCIAL DE UNIDAD NACIONAL  PARTIDO DE LA U;7
SUTATENZA;Luis Carlos Ochoa Pasachoa;PARTIDO ALIANZA VERDE;7
SUTATENZA;Luz Dary Sevillano Guerrero;PARTIDO ALIANZA VERDE;7
SUTATENZA;Orlando Florez Cuervo;PARTIDO CENTRO DEMOCRATICO;7
SUTATENZA;Willian David Pabon Jimenez;PARTIDO SOCIAL DE UNIDAD NACIONAL  PARTIDO DE LA U;7
SUTATENZA;Jairo Enrique Cabana Fonseca;PARTIDO ALIANZA VERDE;6
SUTATENZA;Luis Carlos Machado Zapata;PARTIDO LIBERAL COLOMBIANO;6
SUTATENZA;Merardo Vargas Roa;PARTIDO ALIANZA VERDE;6
SUTATENZA;Partido Alianza Social Independiente Asi;PARTIDO ALIANZA SOCIAL INDEPENDIENTE ASI;6
SUTATENZA;Sandra Milena Ramirez Moreno;PARTIDO CAMBIO RADICAL;6
SUTATENZA;Alberto Enrique Murillo Sanchez;PARTIDO CAMBIO RADICAL;5
SUTATENZA;Boyaca Decente;BOYACA DECENTE;5
SUTATENZA;Hugo Alveiro Rosas Romero;PARTIDO ALIANZA VERDE;5
SUTATENZA;Jose Antonio Estupiñan Caceres;PARTIDO CONSERVADOR COLOMBIANO;5
SUTATENZA;Jose Mauricio Buitrago Rivera;PARTIDO CAMBIO RADICAL;5
SUTATENZA;Luisa Fernanda Rodriguez Alfonso;PARTIDO ALIANZA VERDE;5
SUTATENZA;Mauricio Cadena Valero;PARTIDO CENTRO DEMOCRATICO;5
SUTATENZA;Partido Social De Unidad Nacional  Partido De La U;PARTIDO SOCIAL DE UNIDAD NACIONAL  PARTIDO DE LA U;5
SUTATENZA;Angela Rocio Umaña Rojas;PARTIDO CONSERVADOR COLOMBIANO;4
SUTATENZA;Estefany Johana Grajales Marin;MOVIMIENTO ALTERNATIVO INDIGENA Y SOCIAL MAIS;4
SUTATENZA;Helver Ariel Avila Panche;PARTIDO CENTRO DEMOCRATICO;4
SUTATENZA;Olga Niño Rojas;PARTIDO CENTRO DEMOCRATICO;4
SUTATENZA;Wilder Ivan Suesca Ochoa;PARTIDO CENTRO DEMOCRATICO;4
SUTATENZA;Armando Buitrago Acevedo;PARTIDO ALIANZA SOCIAL INDEPENDIENTE ASI;3
SUTATENZA;Eliana Hasleidy Gamez Pinilla;PARTIDO CAMBIO RADICAL;3
SUTATENZA;Elsa Marlen Manrique Pulgar;PARTIDO LIBERAL COLOMBIANO;3
SUTATENZA;Fernando Augusto Diaz Saenz;PARTIDO CONSERVADOR COLOMBIANO;3
SUTATENZA;Fredy Julian Castro Rodriguez;PARTIDO CENTRO DEMOCRATICO;3
SUTATENZA;Fredy Leonardo Rojas Vargas;PARTIDO CENTRO DEMOCRATICO;3
SUTATENZA;Jaime Andres Gomez Gomez;PARTIDO CONSERVADOR COLOMBIANO;3
SUTATENZA;Jhon Fredy Garavito Cortes;PARTIDO SOCIAL DE UNIDAD NACIONAL  PARTIDO DE LA U;3
SUTATENZA;Jhonnatan Jairo Avellaneda Mesa;MOVIMIENTO ALTERNATIVO INDIGENA Y SOCIAL MAIS;3
SUTATENZA;Jorge Marin Jerez Amado;PARTIDO LIBERAL COLOMBIANO;3
SUTATENZA;Neddy Esther Sandoval Figueredo;PARTIDO LIBERAL COLOMBIANO;3
SUTATENZA;Pedro Humberto Vargas Gomez;PARTIDO LIBERAL COLOMBIANO;3
SUTATENZA;Sergio Cabra Sierra;PARTIDO SOCIAL DE UNIDAD NACIONAL  PARTIDO DE LA U;3
SUTATENZA;Sonia Esperanza Lopez Barrera;PARTIDO CONSERVADOR COLOMBIANO;3
SUTATENZA;Yury Neill Diaz Aranguren;MOVIMIENTO ALTERNATIVO INDIGENA Y SOCIAL MAIS;3
SUTATENZA;Andres Mauricio Escarria Barraza;PARTIDO CAMBIO RADICAL;2
SUTATENZA;David Santiago Ochoa Garcia;PARTIDO SOCIAL DE UNIDAD NACIONAL  PARTIDO DE LA U;2
SUTATENZA;Giovanna Del Pilar Soto Barreto;PARTIDO CAMBIO RADICAL;2
SUTATENZA;Julieth Rocio Montañez Niño;PARTIDO ALIANZA SOCIAL INDEPENDIENTE ASI;2
SUTATENZA;Mariev Bejarano Ospina;BOYACA DECENTE;2
SUTATENZA;Martha Ines Zipa Martinez;PARTIDO CAMBIO RADICAL;2
SUTATENZA;Movimiento Alternativo Indigena Y Social Mais;MOVIMIENTO ALTERNATIVO INDIGENA Y SOCIAL MAIS;2
SUTATENZA;Norman De Jesus Quintero Gallego;PARTIDO CONSERVADOR COLOMBIANO;2
SUTATENZA;Pablo Antonio Zambrano Salamanca;PARTIDO CONSERVADOR COLOMBIANO;2
SUTATENZA;Sandra Patricia Contreras Soto;PARTIDO LIBERAL COLOMBIANO;2
SUTATENZA;Wilkins Fernando Chaparro Cuervo;PARTIDO ALIANZA SOCIAL INDEPENDIENTE ASI;2
SUTATENZA;Ana Lucia Parra Monroy;PARTIDO SOCIAL DE UNIDAD NACIONAL  PARTIDO DE LA U;1
SUTATENZA;Andrea Carolina Camargo Caro;MOVIMIENTO ALTERNATIVO INDIGENA Y SOCIAL MAIS;1
SUTATENZA;Angela Magaly Garcia Rivera;MOVIMIENTO ALTERNATIVO INDIGENA Y SOCIAL MAIS;1
SUTATENZA;Aura Lucia Ortiz Cardona;PARTIDO CENTRO DEMOCRATICO;1
SUTATENZA;Carlos Eduardo Vega Alvarez;BOYACA DECENTE;1
SUTATENZA;Cesar Augusto Mojica Bedoya;PARTIDO SOCIAL DE UNIDAD NACIONAL  PARTIDO DE LA U;1
SUTATENZA;Daniel Fernando Mejia Lozano;PARTIDO ALIANZA SOCIAL INDEPENDIENTE ASI;1
SUTATENZA;Hernando Arias Ochoa;PARTIDO ALIANZA SOCIAL INDEPENDIENTE ASI;1
SUTATENZA;Jose Leonidas Medina Cruz;PARTIDO SOCIAL DE UNIDAD NACIONAL  PARTIDO DE LA U;1
SUTATENZA;Katherin Tatiana Calderon Acosta;PARTIDO CENTRO DEMOCRATICO;1
SUTATENZA;Lizeth Paola Saade Fuentes;MOVIMIENTO ALTERNATIVO INDIGENA Y SOCIAL MAIS;1
SUTATENZA;Nelsy Yolanda Rivera Ferrucho;BOYACA DECENTE;1
SUTATENZA;Nereo Baron Tellez;MOVIMIENTO ALTERNATIVO INDIGENA Y SOCIAL MAIS;1
SUTATENZA;Omar Humberto Villamil Munevar;PARTIDO CONSERVADOR COLOMBIANO;1
SUTATENZA;Ricardo Andres Español Teatino;PARTIDO LIBERAL COLOMBIANO;1
SUTATENZA;Roman Hernando Ortega Hernandez;PARTIDO ALIANZA VERDE;1
SUTATENZA;Yadith Milena Martinez Farfan;PARTIDO CENTRO DEMOCRATICO;1
TASCO;Luis Carlos Ochoa Pasachoa;PARTIDO ALIANZA VERDE;1679
TASCO;Fernando Alexander Serrato Fonseca;PARTIDO LIBERAL COLOMBIANO;229
TASCO;Yamir Oswaldo Lopez Peña;PARTIDO ALIANZA VERDE;88
TASCO;Partido Alianza Verde;PARTIDO ALIANZA VERDE;69
TASCO;Jhonnatan Jairo Avellaneda Mesa;MOVIMIENTO ALTERNATIVO INDIGENA Y SOCIAL MAIS;47
TASCO;Partido Liberal Colombiano;PARTIDO LIBERAL COLOMBIANO;44
TASCO;Yury Neill Diaz Aranguren;MOVIMIENTO ALTERNATIVO INDIGENA Y SOCIAL MAIS;41
TASCO;Fabian Camilo Rojas Barrera;PARTIDO LIBERAL COLOMBIANO;40
TASCO;Merardo Vargas Roa;PARTIDO ALIANZA VERDE;36
TASCO;Jorge Enrique Camacho Rodriguez;PARTIDO ALIANZA SOCIAL INDEPENDIENTE ASI;30
TASCO;Cesar Augusto Mojica Bedoya;PARTIDO SOCIAL DE UNIDAD NACIONAL  PARTIDO DE LA U;29
TASCO;Pedro Pablo Salas Hernandez;PARTIDO ALIANZA VERDE;29
TASCO;Roman Hernando Ortega Hernandez;PARTIDO ALIANZA VERDE;29
TASCO;Luz Dary Sevillano Guerrero;PARTIDO ALIANZA VERDE;28
TASCO;Johan Francisco Herrera Gualdron;PARTIDO ALIANZA VERDE;27
TASCO;Claudia Yaneth Avila Castillo;PARTIDO SOCIAL DE UNIDAD NACIONAL  PARTIDO DE LA U;24
TASCO;Jorge Marin Jerez Amado;PARTIDO LIBERAL COLOMBIANO;23
TASCO;Maria De Los Santos Salamanca Silva;PARTIDO ALIANZA VERDE;23
TASCO;Manuel Ricardo Mesa Trujillo;PARTIDO SOCIAL DE UNIDAD NACIONAL  PARTIDO DE LA U;21
TASCO;Partido Social De Unidad Nacional  Partido De La U;PARTIDO SOCIAL DE UNIDAD NACIONAL  PARTIDO DE LA U;21
TASCO;Jairo Pacheco Suarez;PARTIDO LIBERAL COLOMBIANO;18
TASCO;Irma Yineth Velandia Sandoval;PARTIDO CAMBIO RADICAL;17
TASCO;Jaime Andres Gomez Gomez;PARTIDO CONSERVADOR COLOMBIANO;17
TASCO;Jorge Ignacio Lopez Barrera;BOYACA DECENTE;17
TASCO;Jose Leonidas Medina Cruz;PARTIDO SOCIAL DE UNIDAD NACIONAL  PARTIDO DE LA U;17
TASCO;Jose Antonio Estupiñan Caceres;PARTIDO CONSERVADOR COLOMBIANO;16
TASCO;Ivan Ricardo Pirachican Bernal;PARTIDO CONSERVADOR COLOMBIANO;15
TASCO;Gustavo Eduardo Castañeda Niño;PARTIDO ALIANZA VERDE;14
TASCO;Luis Carlos Bernal Mesa;PARTIDO SOCIAL DE UNIDAD NACIONAL  PARTIDO DE LA U;14
TASCO;Omar Fernando Valderrama Baez;PARTIDO CENTRO DEMOCRATICO;14
TASCO;Willian David Pabon Jimenez;PARTIDO SOCIAL DE UNIDAD NACIONAL  PARTIDO DE LA U;14
TASCO;Jose Wilmar Leal Abril;PARTIDO CAMBIO RADICAL;13
TASCO;Ricardo Alonso Rojas Sachica;PARTIDO ALIANZA VERDE;13
TASCO;Wilkins Fernando Chaparro Cuervo;PARTIDO ALIANZA SOCIAL INDEPENDIENTE ASI;13
TASCO;Elsa Marlen Manrique Pulgar;PARTIDO LIBERAL COLOMBIANO;12
TASCO;Jose Dario Mahecha Castillo;PARTIDO CONSERVADOR COLOMBIANO;12
TASCO;Eliana Maria Villate Fonseca;PARTIDO CONSERVADOR COLOMBIANO;11
TASCO;Jose Mauricio Buitrago Rivera;PARTIDO CAMBIO RADICAL;11
TASCO;Oscar Leonardo Montañez Sierra;PARTIDO CAMBIO RADICAL;11
TASCO;Angela Patricia Velandia Novoa;PARTIDO ALIANZA VERDE;10
TASCO;Hector Josue Camacho Acosta;PARTIDO CENTRO DEMOCRATICO;10
TASCO;Hugo Alveiro Rosas Romero;PARTIDO ALIANZA VERDE;10
TASCO;Movimiento Alternativo Indigena Y Social Mais;MOVIMIENTO ALTERNATIVO INDIGENA Y SOCIAL MAIS;10
TASCO;Alba Luz Becerra Becerra;PARTIDO ALIANZA SOCIAL INDEPENDIENTE ASI;9
TASCO;Partido Cambio Radical;PARTIDO CAMBIO RADICAL;9
TASCO;Ricardo Andres Español Teatino;PARTIDO LIBERAL COLOMBIANO;9
TASCO;Sergio Cabra Sierra;PARTIDO SOCIAL DE UNIDAD NACIONAL  PARTIDO DE LA U;9
TASCO;Fredy Leonardo Rojas Vargas;PARTIDO CENTRO DEMOCRATICO;8
TASCO;Jhon Fredy Garavito Cortes;PARTIDO SOCIAL DE UNIDAD NACIONAL  PARTIDO DE LA U;8
TASCO;Jose Armando Quiñones Garzon;PARTIDO CENTRO DEMOCRATICO;8
TASCO;William Rodolfo Mesa Avella;PARTIDO CENTRO DEMOCRATICO;8
TASCO;Alfredo Horacio Correa Higuera;PARTIDO CAMBIO RADICAL;7
TASCO;Ingrid Marlen Sogamoso Alfonso;PARTIDO CENTRO DEMOCRATICO;7
TASCO;Partido Centro Democratico;PARTIDO CENTRO DEMOCRATICO;7
TASCO;Adriana Paola Laverde Rodriguez;MOVIMIENTO ALTERNATIVO INDIGENA Y SOCIAL MAIS;6
TASCO;Edwin Alfonso Perez Beltran;PARTIDO ALIANZA SOCIAL INDEPENDIENTE ASI;6
TASCO;Jairo Correa Acevedo;MOVIMIENTO ALTERNATIVO INDIGENA Y SOCIAL MAIS;6
TASCO;Juan Camilo Morales Rodriguez;PARTIDO LIBERAL COLOMBIANO;6
TASCO;Mauricio Cadena Valero;PARTIDO CENTRO DEMOCRATICO;6
TASCO;Wilton Fredy Castro Silva;PARTIDO ALIANZA VERDE;6
TASCO;Alberto Enrique Murillo Sanchez;PARTIDO CAMBIO RADICAL;5
TASCO;Anderson Joaquin Sanchez Ruiz;PARTIDO LIBERAL COLOMBIANO;5
TASCO;Hernando Arias Ochoa;PARTIDO ALIANZA SOCIAL INDEPENDIENTE ASI;5
TASCO;Partido Colombia Justa Libres;PARTIDO COLOMBIA JUSTA LIBRES;5
TASCO;Pedro Humberto Vargas Gomez;PARTIDO LIBERAL COLOMBIANO;5
TASCO;Armando Buitrago Acevedo;PARTIDO ALIANZA SOCIAL INDEPENDIENTE ASI;4
TASCO;Erika Dayana Piragauta Rodriguez;PARTIDO LIBERAL COLOMBIANO;4
TASCO;John Fredy Lopez Mora;MOVIMIENTO ALTERNATIVO INDIGENA Y SOCIAL MAIS;4
TASCO;Maira Adriana Zerda Gonzalez;PARTIDO ALIANZA VERDE;4
TASCO;Partido Conservador Colombiano;PARTIDO CONSERVADOR COLOMBIANO;4
TASCO;Angela Magaly Garcia Rivera;MOVIMIENTO ALTERNATIVO INDIGENA Y SOCIAL MAIS;3
TASCO;Carlos Alfredo Siza Blanco;PARTIDO CONSERVADOR COLOMBIANO;3
TASCO;Carlos Ernesto Torres Aguirre;PARTIDO CONSERVADOR COLOMBIANO;3
TASCO;David Santiago Ochoa Garcia;PARTIDO SOCIAL DE UNIDAD NACIONAL  PARTIDO DE LA U;3
TASCO;Eliana Hasleidy Gamez Pinilla;PARTIDO CAMBIO RADICAL;3
TASCO;Estefany Johana Grajales Marin;MOVIMIENTO ALTERNATIVO INDIGENA Y SOCIAL MAIS;3
TASCO;Helver Ariel Avila Panche;PARTIDO CENTRO DEMOCRATICO;3
TASCO;Juddy Alexandra Jimenez Cuadros;PARTIDO SOCIAL DE UNIDAD NACIONAL  PARTIDO DE LA U;3
TASCO;Luis Carlos Machado Zapata;PARTIDO LIBERAL COLOMBIANO;3
TASCO;Partido Alianza Social Independiente Asi;PARTIDO ALIANZA SOCIAL INDEPENDIENTE ASI;3
TASCO;Ana Adela Pulido Cuadros;PARTIDO CONSERVADOR COLOMBIANO;2
TASCO;Andres Mauricio Escarria Barraza;PARTIDO CAMBIO RADICAL;2
TASCO;Angela Rocio Umaña Rojas;PARTIDO CONSERVADOR COLOMBIANO;2
TASCO;Boyaca Decente;BOYACA DECENTE;2
TASCO;Carlos Eduardo Vega Alvarez;BOYACA DECENTE;2
TASCO;Concha Jael Vargas Saavedra;PARTIDO CONSERVADOR COLOMBIANO;2
TASCO;Fredy Julian Castro Rodriguez;PARTIDO CENTRO DEMOCRATICO;2
TASCO;Henry Goyeneche Hormaza;PARTIDO ALIANZA SOCIAL INDEPENDIENTE ASI;2
TASCO;Jorge Eduardo Diaz Avendaño;MOVIMIENTO ALTERNATIVO INDIGENA Y SOCIAL MAIS;2
TASCO;Jose Agustin Arias Millan;PARTIDO CENTRO DEMOCRATICO;2
TASCO;Laura Patricia Contreras Alvarez;PARTIDO ALIANZA SOCIAL INDEPENDIENTE ASI;2
TASCO;Lizeth Paola Saade Fuentes;MOVIMIENTO ALTERNATIVO INDIGENA Y SOCIAL MAIS;2
TASCO;Luisa Fernanda Rodriguez Alfonso;PARTIDO ALIANZA VERDE;2
TASCO;Mariev Bejarano Ospina;BOYACA DECENTE;2
TASCO;Martha Ines Zipa Martinez;PARTIDO CAMBIO RADICAL;2
TASCO;Neddy Esther Sandoval Figueredo;PARTIDO LIBERAL COLOMBIANO;2
TASCO;Nelson Mauricio Rodriguez Perez;PARTIDO CONSERVADOR COLOMBIANO;2
TASCO;Nereo Baron Tellez;MOVIMIENTO ALTERNATIVO INDIGENA Y SOCIAL MAIS;2
TASCO;Olga Niño Rojas;PARTIDO CENTRO DEMOCRATICO;2
TASCO;Pablo Antonio Zambrano Salamanca;PARTIDO CONSERVADOR COLOMBIANO;2
TASCO;Sandra Milena Ramirez Moreno;PARTIDO CAMBIO RADICAL;2
TASCO;Siervo Yesith Gonzalez Saavedra;PARTIDO CAMBIO RADICAL;2
TASCO;Wilder Ivan Suesca Ochoa;PARTIDO CENTRO DEMOCRATICO;2
TASCO;Antonio Ernesto Leguizamo Diaz;PARTIDO LIBERAL COLOMBIANO;1
TASCO;Carlos Julian Diaz Franco;PARTIDO ALIANZA SOCIAL INDEPENDIENTE ASI;1
TASCO;Daniel Fernando Mejia Lozano;PARTIDO ALIANZA SOCIAL INDEPENDIENTE ASI;1
TASCO;Edgar Antulio Gonzalez Trujillo;BOYACA DECENTE;1
TASCO;Fernando Augusto Diaz Saenz;PARTIDO CONSERVADOR COLOMBIANO;1
TASCO;Flor Elba Velandia Cely;PARTIDO ALIANZA SOCIAL INDEPENDIENTE ASI;1
TASCO;Giovanna Del Pilar Soto Barreto;PARTIDO CAMBIO RADICAL;1
TASCO;Jairo Enrique Cabana Fonseca;PARTIDO ALIANZA VERDE;1
TASCO;Norman De Jesus Quintero Gallego;PARTIDO CONSERVADOR COLOMBIANO;1
TASCO;Sandra Patricia Contreras Soto;PARTIDO LIBERAL COLOMBIANO;1
TASCO;Segundo Fidel Salazar Gonzalez;PARTIDO SOCIAL DE UNIDAD NACIONAL  PARTIDO DE LA U;1
TASCO;Victor Tulio Ramirez Gutierrez;BOYACA DECENTE;1
TASCO;Yadith Milena Martinez Farfan;PARTIDO CENTRO DEMOCRATICO;1
TENZA;Yamir Oswaldo Lopez Peña;PARTIDO ALIANZA VERDE;831
TENZA;Ingrid Marlen Sogamoso Alfonso;PARTIDO CENTRO DEMOCRATICO;268
TENZA;Maira Adriana Zerda Gonzalez;PARTIDO ALIANZA VERDE;156
TENZA;Ivan Ricardo Pirachican Bernal;PARTIDO CONSERVADOR COLOMBIANO;100
TENZA;Partido Alianza Verde;PARTIDO ALIANZA VERDE;81
TENZA;Alfredo Horacio Correa Higuera;PARTIDO CAMBIO RADICAL;41
TENZA;Jose Armando Quiñones Garzon;PARTIDO CENTRO DEMOCRATICO;40
TENZA;Jose Antonio Estupiñan Caceres;PARTIDO CONSERVADOR COLOMBIANO;39
TENZA;Willian David Pabon Jimenez;PARTIDO SOCIAL DE UNIDAD NACIONAL  PARTIDO DE LA U;37
TENZA;Jhonnatan Jairo Avellaneda Mesa;MOVIMIENTO ALTERNATIVO INDIGENA Y SOCIAL MAIS;36
TENZA;Johan Francisco Herrera Gualdron;PARTIDO ALIANZA VERDE;36
TENZA;Anderson Joaquin Sanchez Ruiz;PARTIDO LIBERAL COLOMBIANO;34
TENZA;Jose Dario Mahecha Castillo;PARTIDO CONSERVADOR COLOMBIANO;20
TENZA;Partido Centro Democratico;PARTIDO CENTRO DEMOCRATICO;20
TENZA;Maria De Los Santos Salamanca Silva;PARTIDO ALIANZA VERDE;18
TENZA;Movimiento Alternativo Indigena Y Social Mais;MOVIMIENTO ALTERNATIVO INDIGENA Y SOCIAL MAIS;15
TENZA;Juan Camilo Morales Rodriguez;PARTIDO LIBERAL COLOMBIANO;14
TENZA;Omar Fernando Valderrama Baez;PARTIDO CENTRO DEMOCRATICO;14
TENZA;Concha Jael Vargas Saavedra;PARTIDO CONSERVADOR COLOMBIANO;13
TENZA;Estefany Johana Grajales Marin;MOVIMIENTO ALTERNATIVO INDIGENA Y SOCIAL MAIS;13
TENZA;Partido Conservador Colombiano;PARTIDO CONSERVADOR COLOMBIANO;13
TENZA;Hector Josue Camacho Acosta;PARTIDO CENTRO DEMOCRATICO;12
TENZA;Luisa Fernanda Rodriguez Alfonso;PARTIDO ALIANZA VERDE;12
TENZA;Angela Patricia Velandia Novoa;PARTIDO ALIANZA VERDE;11
TENZA;Fabian Camilo Rojas Barrera;PARTIDO LIBERAL COLOMBIANO;11
TENZA;Partido Social De Unidad Nacional  Partido De La U;PARTIDO SOCIAL DE UNIDAD NACIONAL  PARTIDO DE LA U;11
TENZA;Pedro Pablo Salas Hernandez;PARTIDO ALIANZA VERDE;11
TENZA;Sergio Cabra Sierra;PARTIDO SOCIAL DE UNIDAD NACIONAL  PARTIDO DE LA U;11
TENZA;Oscar Leonardo Montañez Sierra;PARTIDO CAMBIO RADICAL;10
TENZA;Yury Neill Diaz Aranguren;MOVIMIENTO ALTERNATIVO INDIGENA Y SOCIAL MAIS;10
TENZA;Fernando Alexander Serrato Fonseca;PARTIDO LIBERAL COLOMBIANO;9
TENZA;Gustavo Eduardo Castañeda Niño;PARTIDO ALIANZA VERDE;9
TENZA;Hugo Alveiro Rosas Romero;PARTIDO ALIANZA VERDE;9
TENZA;Jairo Pacheco Suarez;PARTIDO LIBERAL COLOMBIANO;9
TENZA;Luis Carlos Bernal Mesa;PARTIDO SOCIAL DE UNIDAD NACIONAL  PARTIDO DE LA U;9
TENZA;William Rodolfo Mesa Avella;PARTIDO CENTRO DEMOCRATICO;9
TENZA;Andres Mauricio Escarria Barraza;PARTIDO CAMBIO RADICAL;7
TENZA;Jose Wilmar Leal Abril;PARTIDO CAMBIO RADICAL;7
TENZA;Fredy Leonardo Rojas Vargas;PARTIDO CENTRO DEMOCRATICO;6
TENZA;Ricardo Alonso Rojas Sachica;PARTIDO ALIANZA VERDE;6
TENZA;Yadith Milena Martinez Farfan;PARTIDO CENTRO DEMOCRATICO;6
TENZA;Elsa Marlen Manrique Pulgar;PARTIDO LIBERAL COLOMBIANO;5
TENZA;Jairo Correa Acevedo;MOVIMIENTO ALTERNATIVO INDIGENA Y SOCIAL MAIS;5
TENZA;Luis Carlos Ochoa Pasachoa;PARTIDO ALIANZA VERDE;5
TENZA;Luz Dary Sevillano Guerrero;PARTIDO ALIANZA VERDE;5
TENZA;Nelson Mauricio Rodriguez Perez;PARTIDO CONSERVADOR COLOMBIANO;5
TENZA;Partido Cambio Radical;PARTIDO CAMBIO RADICAL;5
TENZA;Partido Liberal Colombiano;PARTIDO LIBERAL COLOMBIANO;5
TENZA;Wilton Fredy Castro Silva;PARTIDO ALIANZA VERDE;5
TENZA;Cesar Augusto Mojica Bedoya;PARTIDO SOCIAL DE UNIDAD NACIONAL  PARTIDO DE LA U;4
TENZA;Ericka Leonor Amador Gamarra;PARTIDO SOCIAL DE UNIDAD NACIONAL  PARTIDO DE LA U;4
TENZA;Manuel Ricardo Mesa Trujillo;PARTIDO SOCIAL DE UNIDAD NACIONAL  PARTIDO DE LA U;4
TENZA;Merardo Vargas Roa;PARTIDO ALIANZA VERDE;4
TENZA;Partido Colombia Justa Libres;PARTIDO COLOMBIA JUSTA LIBRES;4
TENZA;Pedro Humberto Vargas Gomez;PARTIDO LIBERAL COLOMBIANO;4
TENZA;Alvaro Hernan Forero Hurtado;BOYACA DECENTE;3
TENZA;Antonio Ernesto Leguizamo Diaz;PARTIDO LIBERAL COLOMBIANO;3
TENZA;Carlos Eduardo Vega Alvarez;BOYACA DECENTE;3
TENZA;Jhon Fredy Garavito Cortes;PARTIDO SOCIAL DE UNIDAD NACIONAL  PARTIDO DE LA U;3
TENZA;Mariev Bejarano Ospina;BOYACA DECENTE;3
TENZA;Olga Niño Rojas;PARTIDO CENTRO DEMOCRATICO;3
TENZA;Orlando Florez Cuervo;PARTIDO CENTRO DEMOCRATICO;3
TENZA;Sonia Esperanza Lopez Barrera;PARTIDO CONSERVADOR COLOMBIANO;3
TENZA;Ana Adela Pulido Cuadros;PARTIDO CONSERVADOR COLOMBIANO;2
TENZA;Andrea Carolina Camargo Caro;MOVIMIENTO ALTERNATIVO INDIGENA Y SOCIAL MAIS;2
TENZA;Carlos Alfredo Siza Blanco;PARTIDO CONSERVADOR COLOMBIANO;2
TENZA;Carlos Julian Diaz Franco;PARTIDO ALIANZA SOCIAL INDEPENDIENTE ASI;2
TENZA;Daniel Fernando Mejia Lozano;PARTIDO ALIANZA SOCIAL INDEPENDIENTE ASI;2
TENZA;David Alejandro Avila Cely;MOVIMIENTO ALTERNATIVO INDIGENA Y SOCIAL MAIS;2
TENZA;David Santiago Ochoa Garcia;PARTIDO SOCIAL DE UNIDAD NACIONAL  PARTIDO DE LA U;2
TENZA;Edwin Andres Rodriguez Rodriguez;PARTIDO LIBERAL COLOMBIANO;2
TENZA;Eliana Maria Villate Fonseca;PARTIDO CONSERVADOR COLOMBIANO;2
TENZA;Fredy Julian Castro Rodriguez;PARTIDO CENTRO DEMOCRATICO;2
TENZA;Helver Ariel Avila Panche;PARTIDO CENTRO DEMOCRATICO;2
TENZA;Hernando Arias Ochoa;PARTIDO ALIANZA SOCIAL INDEPENDIENTE ASI;2
TENZA;Jairo Enrique Cabana Fonseca;PARTIDO ALIANZA VERDE;2
TENZA;John Fredy Lopez Mora;MOVIMIENTO ALTERNATIVO INDIGENA Y SOCIAL MAIS;2
TENZA;Jose Agustin Arias Millan;PARTIDO CENTRO DEMOCRATICO;2
TENZA;Jose Leonidas Medina Cruz;PARTIDO SOCIAL DE UNIDAD NACIONAL  PARTIDO DE LA U;2
TENZA;Julian Guillermo Camargo Amortegui;MOVIMIENTO ALTERNATIVO INDIGENA Y SOCIAL MAIS;2
TENZA;Nereo Baron Tellez;MOVIMIENTO ALTERNATIVO INDIGENA Y SOCIAL MAIS;2
TENZA;Norman De Jesus Quintero Gallego;PARTIDO CONSERVADOR COLOMBIANO;2
TENZA;Pablo Antonio Zambrano Salamanca;PARTIDO CONSERVADOR COLOMBIANO;2
TENZA;Segundo Fidel Salazar Gonzalez;PARTIDO SOCIAL DE UNIDAD NACIONAL  PARTIDO DE LA U;2
TENZA;Siervo Yesith Gonzalez Saavedra;PARTIDO CAMBIO RADICAL;2
TENZA;Victor Tulio Ramirez Gutierrez;BOYACA DECENTE;2
TENZA;Wilder Ivan Suesca Ochoa;PARTIDO CENTRO DEMOCRATICO;2
TENZA;Adriana Paola Laverde Rodriguez;MOVIMIENTO ALTERNATIVO INDIGENA Y SOCIAL MAIS;1
TENZA;Ana Lucia Parra Monroy;PARTIDO SOCIAL DE UNIDAD NACIONAL  PARTIDO DE LA U;1
TENZA;Angela Magaly Garcia Rivera;MOVIMIENTO ALTERNATIVO INDIGENA Y SOCIAL MAIS;1
TENZA;Angela Rocio Umaña Rojas;PARTIDO CONSERVADOR COLOMBIANO;1
TENZA;Boyaca Decente;BOYACA DECENTE;1
TENZA;Claudia Yaneth Avila Castillo;PARTIDO SOCIAL DE UNIDAD NACIONAL  PARTIDO DE LA U;1
TENZA;David Santiago Diaz Guio;PARTIDO SOCIAL DE UNIDAD NACIONAL  PARTIDO DE LA U;1
TENZA;Edgar Antulio Gonzalez Trujillo;BOYACA DECENTE;1
TENZA;Edwin Alfonso Perez Beltran;PARTIDO ALIANZA SOCIAL INDEPENDIENTE ASI;1
TENZA;Eliana Hasleidy Gamez Pinilla;PARTIDO CAMBIO RADICAL;1
TENZA;Fredy Enrique Segura Alonso;BOYACA DECENTE;1
TENZA;Giovanna Del Pilar Soto Barreto;PARTIDO CAMBIO RADICAL;1
TENZA;Henry Goyeneche Hormaza;PARTIDO ALIANZA SOCIAL INDEPENDIENTE ASI;1
TENZA;Jorge Eduardo Diaz Avendaño;MOVIMIENTO ALTERNATIVO INDIGENA Y SOCIAL MAIS;1
TENZA;Luis Carlos Machado Zapata;PARTIDO LIBERAL COLOMBIANO;1
TENZA;Neddy Esther Sandoval Figueredo;PARTIDO LIBERAL COLOMBIANO;1
TENZA;Omar Humberto Villamil Munevar;PARTIDO CONSERVADOR COLOMBIANO;1
TENZA;Partido Alianza Social Independiente Asi;PARTIDO ALIANZA SOCIAL INDEPENDIENTE ASI;1
TENZA;Ricardo Andres Español Teatino;PARTIDO LIBERAL COLOMBIANO;1
TENZA;Roman Hernando Ortega Hernandez;PARTIDO ALIANZA VERDE;1
TENZA;Sandra Patricia Ricaurte Espinel;PARTIDO CAMBIO RADICAL;1
TENZA;Uldarico Javier Ramirez Chilito;MOVIMIENTO ALTERNATIVO INDIGENA Y SOCIAL MAIS;1
TENZA;Vivian Catherin Alvarez;PARTIDO ALIANZA SOCIAL INDEPENDIENTE ASI;1
TIBANA;Mauricio Cadena Valero;PARTIDO CENTRO DEMOCRATICO;1139
TIBANA;Fernando Alexander Serrato Fonseca;PARTIDO LIBERAL COLOMBIANO;394
TIBANA;Jairo Pacheco Suarez;PARTIDO LIBERAL COLOMBIANO;323
TIBANA;Partido Liberal Colombiano;PARTIDO LIBERAL COLOMBIANO;147
TIBANA;Irma Yineth Velandia Sandoval;PARTIDO CAMBIO RADICAL;140
TIBANA;Jose Agustin Arias Millan;PARTIDO CENTRO DEMOCRATICO;126
TIBANA;Luis Carlos Ochoa Pasachoa;PARTIDO ALIANZA VERDE;101
TIBANA;Fabian Camilo Rojas Barrera;PARTIDO LIBERAL COLOMBIANO;90
TIBANA;Jose Wilmar Leal Abril;PARTIDO CAMBIO RADICAL;87
TIBANA;Partido Alianza Verde;PARTIDO ALIANZA VERDE;84
TIBANA;Jorge Marin Jerez Amado;PARTIDO LIBERAL COLOMBIANO;68
TIBANA;Partido Social De Unidad Nacional  Partido De La U;PARTIDO SOCIAL DE UNIDAD NACIONAL  PARTIDO DE LA U;64
TIBANA;Partido Centro Democratico;PARTIDO CENTRO DEMOCRATICO;55
TIBANA;Jairo Enrique Cabana Fonseca;PARTIDO ALIANZA VERDE;54
TIBANA;Claudia Yaneth Avila Castillo;PARTIDO SOCIAL DE UNIDAD NACIONAL  PARTIDO DE LA U;45
TIBANA;Ingrid Marlen Sogamoso Alfonso;PARTIDO CENTRO DEMOCRATICO;45
TIBANA;Hugo Alveiro Rosas Romero;PARTIDO ALIANZA VERDE;39
TIBANA;Yamir Oswaldo Lopez Peña;PARTIDO ALIANZA VERDE;39
TIBANA;Jose Dario Mahecha Castillo;PARTIDO CONSERVADOR COLOMBIANO;37
TIBANA;Gustavo Eduardo Castañeda Niño;PARTIDO ALIANZA VERDE;30
TIBANA;Roman Hernando Ortega Hernandez;PARTIDO ALIANZA VERDE;28
TIBANA;Juan Camilo Morales Rodriguez;PARTIDO LIBERAL COLOMBIANO;26
TIBANA;Manuel Ricardo Mesa Trujillo;PARTIDO SOCIAL DE UNIDAD NACIONAL  PARTIDO DE LA U;26
TIBANA;Omar Fernando Valderrama Baez;PARTIDO CENTRO DEMOCRATICO;24
TIBANA;Partido Cambio Radical;PARTIDO CAMBIO RADICAL;24
TIBANA;Willian David Pabon Jimenez;PARTIDO SOCIAL DE UNIDAD NACIONAL  PARTIDO DE LA U;23
TIBANA;Jose Armando Quiñones Garzon;PARTIDO CENTRO DEMOCRATICO;21
TIBANA;Elsa Marlen Manrique Pulgar;PARTIDO LIBERAL COLOMBIANO;20
TIBANA;Jhonnatan Jairo Avellaneda Mesa;MOVIMIENTO ALTERNATIVO INDIGENA Y SOCIAL MAIS;20
TIBANA;Movimiento Alternativo Indigena Y Social Mais;MOVIMIENTO ALTERNATIVO INDIGENA Y SOCIAL MAIS;19
TIBANA;Fernando Augusto Diaz Saenz;PARTIDO CONSERVADOR COLOMBIANO;18
TIBANA;Luis Carlos Machado Zapata;PARTIDO LIBERAL COLOMBIANO;17
TIBANA;Pedro Humberto Vargas Gomez;PARTIDO LIBERAL COLOMBIANO;17
TIBANA;Alfredo Horacio Correa Higuera;PARTIDO CAMBIO RADICAL;16
TIBANA;Ana Adela Pulido Cuadros;PARTIDO CONSERVADOR COLOMBIANO;15
TIBANA;Olga Niño Rojas;PARTIDO CENTRO DEMOCRATICO;15
TIBANA;Partido Colombia Justa Libres;PARTIDO COLOMBIA JUSTA LIBRES;15
TIBANA;Yury Neill Diaz Aranguren;MOVIMIENTO ALTERNATIVO INDIGENA Y SOCIAL MAIS;14
TIBANA;Anderson Joaquin Sanchez Ruiz;PARTIDO LIBERAL COLOMBIANO;13
TIBANA;Angela Patricia Velandia Novoa;PARTIDO ALIANZA VERDE;13
TIBANA;Fredy Julian Castro Rodriguez;PARTIDO CENTRO DEMOCRATICO;13
TIBANA;Martha Ines Zipa Martinez;PARTIDO CAMBIO RADICAL;13
TIBANA;Pedro Pablo Salas Hernandez;PARTIDO ALIANZA VERDE;13
TIBANA;Erika Dayana Piragauta Rodriguez;PARTIDO LIBERAL COLOMBIANO;12
TIBANA;Jorge Eduardo Diaz Avendaño;MOVIMIENTO ALTERNATIVO INDIGENA Y SOCIAL MAIS;12
TIBANA;Luisa Fernanda Rodriguez Alfonso;PARTIDO ALIANZA VERDE;12
TIBANA;Oscar Leonardo Montañez Sierra;PARTIDO CAMBIO RADICAL;12
TIBANA;Wilder Ivan Suesca Ochoa;PARTIDO CENTRO DEMOCRATICO;12
TIBANA;William Rodolfo Mesa Avella;PARTIDO CENTRO DEMOCRATICO;12
TIBANA;Andres Mauricio Escarria Barraza;PARTIDO CAMBIO RADICAL;11
TIBANA;Partido Conservador Colombiano;PARTIDO CONSERVADOR COLOMBIANO;11
TIBANA;Partido Alianza Social Independiente Asi;PARTIDO ALIANZA SOCIAL INDEPENDIENTE ASI;10
TIBANA;Carlos Ernesto Torres Aguirre;PARTIDO CONSERVADOR COLOMBIANO;9
TIBANA;Alvaro Hernan Forero Hurtado;BOYACA DECENTE;8
TIBANA;Concha Jael Vargas Saavedra;PARTIDO CONSERVADOR COLOMBIANO;8
TIBANA;Ivan Ricardo Pirachican Bernal;PARTIDO CONSERVADOR COLOMBIANO;8
TIBANA;Orlando Florez Cuervo;PARTIDO CENTRO DEMOCRATICO;8
TIBANA;Adriana Paola Laverde Rodriguez;MOVIMIENTO ALTERNATIVO INDIGENA Y SOCIAL MAIS;7
TIBANA;Jhon Fredy Garavito Cortes;PARTIDO SOCIAL DE UNIDAD NACIONAL  PARTIDO DE LA U;7
TIBANA;Luz Dary Sevillano Guerrero;PARTIDO ALIANZA VERDE;7
TIBANA;Nelson Mauricio Rodriguez Perez;PARTIDO CONSERVADOR COLOMBIANO;7
TIBANA;Alba Luz Becerra Becerra;PARTIDO ALIANZA SOCIAL INDEPENDIENTE ASI;6
TIBANA;Aura Lucia Ortiz Cardona;PARTIDO CENTRO DEMOCRATICO;6
TIBANA;Hector Josue Camacho Acosta;PARTIDO CENTRO DEMOCRATICO;6
TIBANA;Johan Francisco Herrera Gualdron;PARTIDO ALIANZA VERDE;6
TIBANA;Jorge Ignacio Lopez Barrera;BOYACA DECENTE;6
TIBANA;Merardo Vargas Roa;PARTIDO ALIANZA VERDE;6
TIBANA;Neddy Esther Sandoval Figueredo;PARTIDO LIBERAL COLOMBIANO;6
TIBANA;Ricardo Andres Español Teatino;PARTIDO LIBERAL COLOMBIANO;6
TIBANA;Sergio Cabra Sierra;PARTIDO SOCIAL DE UNIDAD NACIONAL  PARTIDO DE LA U;6
TIBANA;Ana Lucia Parra Monroy;PARTIDO SOCIAL DE UNIDAD NACIONAL  PARTIDO DE LA U;5
TIBANA;Angela Rocio Umaña Rojas;PARTIDO CONSERVADOR COLOMBIANO;5
TIBANA;Cesar Augusto Mojica Bedoya;PARTIDO SOCIAL DE UNIDAD NACIONAL  PARTIDO DE LA U;5
TIBANA;Hernando Arias Ochoa;PARTIDO ALIANZA SOCIAL INDEPENDIENTE ASI;5
TIBANA;Sandra Milena Ramirez Moreno;PARTIDO CAMBIO RADICAL;5
TIBANA;Sandra Patricia Contreras Soto;PARTIDO LIBERAL COLOMBIANO;5
TIBANA;Siervo Yesith Gonzalez Saavedra;PARTIDO CAMBIO RADICAL;5
TIBANA;Alberto Enrique Murillo Sanchez;PARTIDO CAMBIO RADICAL;4
TIBANA;Antonio Ernesto Leguizamo Diaz;PARTIDO LIBERAL COLOMBIANO;4
TIBANA;Claudia Patricia Barrera Patiño;PARTIDO SOCIAL DE UNIDAD NACIONAL  PARTIDO DE LA U;4
TIBANA;David Santiago Ochoa Garcia;PARTIDO SOCIAL DE UNIDAD NACIONAL  PARTIDO DE LA U;4
TIBANA;Jorge Enrique Camacho Rodriguez;PARTIDO ALIANZA SOCIAL INDEPENDIENTE ASI;4
TIBANA;Jose Leonidas Medina Cruz;PARTIDO SOCIAL DE UNIDAD NACIONAL  PARTIDO DE LA U;4
TIBANA;Maria De Los Santos Salamanca Silva;PARTIDO ALIANZA VERDE;4
TIBANA;Ricardo Alonso Rojas Sachica;PARTIDO ALIANZA VERDE;4
TIBANA;Yadith Milena Martinez Farfan;PARTIDO CENTRO DEMOCRATICO;4
TIBANA;Armando Buitrago Acevedo;PARTIDO ALIANZA SOCIAL INDEPENDIENTE ASI;3
TIBANA;Edwin Andres Rodriguez Rodriguez;PARTIDO LIBERAL COLOMBIANO;3
TIBANA;Eliana Hasleidy Gamez Pinilla;PARTIDO CAMBIO RADICAL;3
TIBANA;Helver Ariel Avila Panche;PARTIDO CENTRO DEMOCRATICO;3
TIBANA;John Fredy Lopez Mora;MOVIMIENTO ALTERNATIVO INDIGENA Y SOCIAL MAIS;3
TIBANA;Juddy Alexandra Jimenez Cuadros;PARTIDO SOCIAL DE UNIDAD NACIONAL  PARTIDO DE LA U;3
TIBANA;Julian Guillermo Camargo Amortegui;MOVIMIENTO ALTERNATIVO INDIGENA Y SOCIAL MAIS;3
TIBANA;Luis Carlos Bernal Mesa;PARTIDO SOCIAL DE UNIDAD NACIONAL  PARTIDO DE LA U;3
TIBANA;Wilkins Fernando Chaparro Cuervo;PARTIDO ALIANZA SOCIAL INDEPENDIENTE ASI;3
TIBANA;Wilton Fredy Castro Silva;PARTIDO ALIANZA VERDE;3
TIBANA;Ana Delia Avendaño Hernandez;PARTIDO LIBERAL COLOMBIANO;2
TIBANA;Eliana Maria Villate Fonseca;PARTIDO CONSERVADOR COLOMBIANO;2
TIBANA;Flor Elba Velandia Cely;PARTIDO ALIANZA SOCIAL INDEPENDIENTE ASI;2
TIBANA;Fredy Enrique Segura Alonso;BOYACA DECENTE;2
TIBANA;Fredy Leonardo Rojas Vargas;PARTIDO CENTRO DEMOCRATICO;2
TIBANA;Giovanna Del Pilar Soto Barreto;PARTIDO CAMBIO RADICAL;2
TIBANA;Jaime Andres Gomez Gomez;PARTIDO CONSERVADOR COLOMBIANO;2
TIBANA;Jose Mauricio Buitrago Rivera;PARTIDO CAMBIO RADICAL;2
TIBANA;Laura Patricia Contreras Alvarez;PARTIDO ALIANZA SOCIAL INDEPENDIENTE ASI;2
TIBANA;Lizeth Paola Saade Fuentes;MOVIMIENTO ALTERNATIVO INDIGENA Y SOCIAL MAIS;2
TIBANA;Omar Humberto Villamil Munevar;PARTIDO CONSERVADOR COLOMBIANO;2
TIBANA;Pablo Antonio Zambrano Salamanca;PARTIDO CONSERVADOR COLOMBIANO;2
TIBANA;Sandra Patricia Ricaurte Espinel;PARTIDO CAMBIO RADICAL;2
TIBANA;Segundo Fidel Salazar Gonzalez;PARTIDO SOCIAL DE UNIDAD NACIONAL  PARTIDO DE LA U;2
TIBANA;Uldarico Javier Ramirez Chilito;MOVIMIENTO ALTERNATIVO INDIGENA Y SOCIAL MAIS;2
TIBANA;Andrea Carolina Camargo Caro;MOVIMIENTO ALTERNATIVO INDIGENA Y SOCIAL MAIS;1
TIBANA;Boyaca Decente;BOYACA DECENTE;1
TIBANA;Carlos Julian Diaz Franco;PARTIDO ALIANZA SOCIAL INDEPENDIENTE ASI;1
TIBANA;Edgar Antulio Gonzalez Trujillo;BOYACA DECENTE;1
TIBANA;Ericka Leonor Amador Gamarra;PARTIDO SOCIAL DE UNIDAD NACIONAL  PARTIDO DE LA U;1
TIBANA;Jose Antonio Estupiñan Caceres;PARTIDO CONSERVADOR COLOMBIANO;1
TIBANA;Nelsy Yolanda Rivera Ferrucho;BOYACA DECENTE;1
TIBANA;Nereo Baron Tellez;MOVIMIENTO ALTERNATIVO INDIGENA Y SOCIAL MAIS;1
TIBANA;Norman De Jesus Quintero Gallego;PARTIDO CONSERVADOR COLOMBIANO;1
TIBASOSA;Fernando Alexander Serrato Fonseca;PARTIDO LIBERAL COLOMBIANO;550
TIBASOSA;Ricardo Alonso Rojas Sachica;PARTIDO ALIANZA VERDE;297
TIBASOSA;William Rodolfo Mesa Avella;PARTIDO CENTRO DEMOCRATICO;249
TIBASOSA;Yury Neill Diaz Aranguren;MOVIMIENTO ALTERNATIVO INDIGENA Y SOCIAL MAIS;186
TIBASOSA;Hector Josue Camacho Acosta;PARTIDO CENTRO DEMOCRATICO;169
TIBASOSA;Omar Fernando Valderrama Baez;PARTIDO CENTRO DEMOCRATICO;163
TIBASOSA;Carlos Ernesto Torres Aguirre;PARTIDO CONSERVADOR COLOMBIANO;137
TIBASOSA;Partido Alianza Verde;PARTIDO ALIANZA VERDE;136
TIBASOSA;Jorge Eduardo Diaz Avendaño;MOVIMIENTO ALTERNATIVO INDIGENA Y SOCIAL MAIS;117
TIBASOSA;Jairo Pacheco Suarez;PARTIDO LIBERAL COLOMBIANO;104
TIBASOSA;Gustavo Eduardo Castañeda Niño;PARTIDO ALIANZA VERDE;99
TIBASOSA;Roman Hernando Ortega Hernandez;PARTIDO ALIANZA VERDE;99
TIBASOSA;Luisa Fernanda Rodriguez Alfonso;PARTIDO ALIANZA VERDE;96
TIBASOSA;Maria De Los Santos Salamanca Silva;PARTIDO ALIANZA VERDE;94
TIBASOSA;Yamir Oswaldo Lopez Peña;PARTIDO ALIANZA VERDE;84
TIBASOSA;Partido Colombia Justa Libres;PARTIDO COLOMBIA JUSTA LIBRES;80
TIBASOSA;Jaime Andres Gomez Gomez;PARTIDO CONSERVADOR COLOMBIANO;78
TIBASOSA;Wilder Ivan Suesca Ochoa;PARTIDO CENTRO DEMOCRATICO;65
TIBASOSA;Manuel Ricardo Mesa Trujillo;PARTIDO SOCIAL DE UNIDAD NACIONAL  PARTIDO DE LA U;59
TIBASOSA;Hugo Alveiro Rosas Romero;PARTIDO ALIANZA VERDE;58
TIBASOSA;Pedro Pablo Salas Hernandez;PARTIDO ALIANZA VERDE;57
TIBASOSA;Angela Patricia Velandia Novoa;PARTIDO ALIANZA VERDE;54
TIBASOSA;Luis Carlos Bernal Mesa;PARTIDO SOCIAL DE UNIDAD NACIONAL  PARTIDO DE LA U;54
TIBASOSA;Partido Centro Democratico;PARTIDO CENTRO DEMOCRATICO;52
TIBASOSA;Uldarico Javier Ramirez Chilito;MOVIMIENTO ALTERNATIVO INDIGENA Y SOCIAL MAIS;50
TIBASOSA;Jose Antonio Estupiñan Caceres;PARTIDO CONSERVADOR COLOMBIANO;49
TIBASOSA;Nelson Mauricio Rodriguez Perez;PARTIDO CONSERVADOR COLOMBIANO;49
TIBASOSA;Cesar Augusto Mojica Bedoya;PARTIDO SOCIAL DE UNIDAD NACIONAL  PARTIDO DE LA U;47
TIBASOSA;Wilkins Fernando Chaparro Cuervo;PARTIDO ALIANZA SOCIAL INDEPENDIENTE ASI;46
TIBASOSA;Juan Camilo Morales Rodriguez;PARTIDO LIBERAL COLOMBIANO;45
TIBASOSA;Pablo Antonio Zambrano Salamanca;PARTIDO CONSERVADOR COLOMBIANO;44
TIBASOSA;Jose Wilmar Leal Abril;PARTIDO CAMBIO RADICAL;43
TIBASOSA;Ricardo Andres Español Teatino;PARTIDO LIBERAL COLOMBIANO;43
TIBASOSA;Jorge Enrique Camacho Rodriguez;PARTIDO ALIANZA SOCIAL INDEPENDIENTE ASI;42
TIBASOSA;Jorge Ignacio Lopez Barrera;BOYACA DECENTE;42
TIBASOSA;Jose Armando Quiñones Garzon;PARTIDO CENTRO DEMOCRATICO;42
TIBASOSA;Ivan Ricardo Pirachican Bernal;PARTIDO CONSERVADOR COLOMBIANO;40
TIBASOSA;Jose Mauricio Buitrago Rivera;PARTIDO CAMBIO RADICAL;40
TIBASOSA;Luis Carlos Ochoa Pasachoa;PARTIDO ALIANZA VERDE;38
TIBASOSA;Movimiento Alternativo Indigena Y Social Mais;MOVIMIENTO ALTERNATIVO INDIGENA Y SOCIAL MAIS;38
TIBASOSA;Partido Conservador Colombiano;PARTIDO CONSERVADOR COLOMBIANO;38
TIBASOSA;Willian David Pabon Jimenez;PARTIDO SOCIAL DE UNIDAD NACIONAL  PARTIDO DE LA U;38
TIBASOSA;Hernando Arias Ochoa;PARTIDO ALIANZA SOCIAL INDEPENDIENTE ASI;37
TIBASOSA;Johan Francisco Herrera Gualdron;PARTIDO ALIANZA VERDE;37
TIBASOSA;Armando Buitrago Acevedo;PARTIDO ALIANZA SOCIAL INDEPENDIENTE ASI;36
TIBASOSA;Alfredo Horacio Correa Higuera;PARTIDO CAMBIO RADICAL;33
TIBASOSA;Jairo Correa Acevedo;MOVIMIENTO ALTERNATIVO INDIGENA Y SOCIAL MAIS;31
TIBASOSA;Alberto Enrique Murillo Sanchez;PARTIDO CAMBIO RADICAL;29
TIBASOSA;Merardo Vargas Roa;PARTIDO ALIANZA VERDE;29
TIBASOSA;Partido Liberal Colombiano;PARTIDO LIBERAL COLOMBIANO;29
TIBASOSA;Jose Dario Mahecha Castillo;PARTIDO CONSERVADOR COLOMBIANO;28
TIBASOSA;Luz Dary Sevillano Guerrero;PARTIDO ALIANZA VERDE;27
TIBASOSA;Partido Cambio Radical;PARTIDO CAMBIO RADICAL;27
TIBASOSA;Partido Social De Unidad Nacional  Partido De La U;PARTIDO SOCIAL DE UNIDAD NACIONAL  PARTIDO DE LA U;27
TIBASOSA;Wilton Fredy Castro Silva;PARTIDO ALIANZA VERDE;27
TIBASOSA;Antonio Ernesto Leguizamo Diaz;PARTIDO LIBERAL COLOMBIANO;26
TIBASOSA;Fredy Leonardo Rojas Vargas;PARTIDO CENTRO DEMOCRATICO;24
TIBASOSA;Concha Jael Vargas Saavedra;PARTIDO CONSERVADOR COLOMBIANO;23
TIBASOSA;Fernando Augusto Diaz Saenz;PARTIDO CONSERVADOR COLOMBIANO;22
TIBASOSA;Alvaro Hernan Forero Hurtado;BOYACA DECENTE;20
TIBASOSA;Eliana Maria Villate Fonseca;PARTIDO CONSERVADOR COLOMBIANO;20
TIBASOSA;Anderson Joaquin Sanchez Ruiz;PARTIDO LIBERAL COLOMBIANO;19
TIBASOSA;Edwin Alfonso Perez Beltran;PARTIDO ALIANZA SOCIAL INDEPENDIENTE ASI;19
TIBASOSA;Nereo Baron Tellez;MOVIMIENTO ALTERNATIVO INDIGENA Y SOCIAL MAIS;19
TIBASOSA;Partido Alianza Social Independiente Asi;PARTIDO ALIANZA SOCIAL INDEPENDIENTE ASI;19
TIBASOSA;Estefany Johana Grajales Marin;MOVIMIENTO ALTERNATIVO INDIGENA Y SOCIAL MAIS;18
TIBASOSA;Jairo Enrique Cabana Fonseca;PARTIDO ALIANZA VERDE;18
TIBASOSA;Mariev Bejarano Ospina;BOYACA DECENTE;18
TIBASOSA;Sandra Patricia Contreras Soto;PARTIDO LIBERAL COLOMBIANO;18
TIBASOSA;Julieth Rocio Montañez Niño;PARTIDO ALIANZA SOCIAL INDEPENDIENTE ASI;17
TIBASOSA;Elsa Marlen Manrique Pulgar;PARTIDO LIBERAL COLOMBIANO;16
TIBASOSA;Fabian Camilo Rojas Barrera;PARTIDO LIBERAL COLOMBIANO;16
TIBASOSA;Jhonnatan Jairo Avellaneda Mesa;MOVIMIENTO ALTERNATIVO INDIGENA Y SOCIAL MAIS;16
TIBASOSA;Oscar Leonardo Montañez Sierra;PARTIDO CAMBIO RADICAL;16
TIBASOSA;Adriana Paola Laverde Rodriguez;MOVIMIENTO ALTERNATIVO INDIGENA Y SOCIAL MAIS;15
TIBASOSA;Carlos Eduardo Vega Alvarez;BOYACA DECENTE;14
TIBASOSA;Julian Guillermo Camargo Amortegui;MOVIMIENTO ALTERNATIVO INDIGENA Y SOCIAL MAIS;14
TIBASOSA;Maira Adriana Zerda Gonzalez;PARTIDO ALIANZA VERDE;14
TIBASOSA;Ana Adela Pulido Cuadros;PARTIDO CONSERVADOR COLOMBIANO;13
TIBASOSA;Daniel Fernando Mejia Lozano;PARTIDO ALIANZA SOCIAL INDEPENDIENTE ASI;13
TIBASOSA;David Alejandro Avila Cely;MOVIMIENTO ALTERNATIVO INDIGENA Y SOCIAL MAIS;13
TIBASOSA;Norman De Jesus Quintero Gallego;PARTIDO CONSERVADOR COLOMBIANO;13
TIBASOSA;Boyaca Decente;BOYACA DECENTE;12
TIBASOSA;Flor Elba Velandia Cely;PARTIDO ALIANZA SOCIAL INDEPENDIENTE ASI;12
TIBASOSA;Fredy Julian Castro Rodriguez;PARTIDO CENTRO DEMOCRATICO;12
TIBASOSA;Irma Yineth Velandia Sandoval;PARTIDO CAMBIO RADICAL;12
TIBASOSA;John Fredy Lopez Mora;MOVIMIENTO ALTERNATIVO INDIGENA Y SOCIAL MAIS;12
TIBASOSA;Mauricio Cadena Valero;PARTIDO CENTRO DEMOCRATICO;11
TIBASOSA;Yadith Milena Martinez Farfan;PARTIDO CENTRO DEMOCRATICO;11
TIBASOSA;Angela Rocio Umaña Rojas;PARTIDO CONSERVADOR COLOMBIANO;10
TIBASOSA;Claudia Yaneth Avila Castillo;PARTIDO SOCIAL DE UNIDAD NACIONAL  PARTIDO DE LA U;10
TIBASOSA;David Santiago Ochoa Garcia;PARTIDO SOCIAL DE UNIDAD NACIONAL  PARTIDO DE LA U;10
TIBASOSA;Eliana Hasleidy Gamez Pinilla;PARTIDO CAMBIO RADICAL;10
TIBASOSA;Ingrid Marlen Sogamoso Alfonso;PARTIDO CENTRO DEMOCRATICO;10
TIBASOSA;Luis Carlos Machado Zapata;PARTIDO LIBERAL COLOMBIANO;10
TIBASOSA;Orlando Florez Cuervo;PARTIDO CENTRO DEMOCRATICO;10
TIBASOSA;Alba Luz Becerra Becerra;PARTIDO ALIANZA SOCIAL INDEPENDIENTE ASI;9
TIBASOSA;Andrea Carolina Camargo Caro;MOVIMIENTO ALTERNATIVO INDIGENA Y SOCIAL MAIS;9
TIBASOSA;Sandra Milena Ramirez Moreno;PARTIDO CAMBIO RADICAL;9
TIBASOSA;Ana Delia Avendaño Hernandez;PARTIDO LIBERAL COLOMBIANO;8
TIBASOSA;Jhon Fredy Garavito Cortes;PARTIDO SOCIAL DE UNIDAD NACIONAL  PARTIDO DE LA U;8
TIBASOSA;Jorge Marin Jerez Amado;PARTIDO LIBERAL COLOMBIANO;8
TIBASOSA;Laura Patricia Contreras Alvarez;PARTIDO ALIANZA SOCIAL INDEPENDIENTE ASI;8
TIBASOSA;Pedro Humberto Vargas Gomez;PARTIDO LIBERAL COLOMBIANO;8
TIBASOSA;Siervo Yesith Gonzalez Saavedra;PARTIDO CAMBIO RADICAL;8
TIBASOSA;Carlos Alfredo Siza Blanco;PARTIDO CONSERVADOR COLOMBIANO;7
TIBASOSA;Erika Dayana Piragauta Rodriguez;PARTIDO LIBERAL COLOMBIANO;7
TIBASOSA;Henry Goyeneche Hormaza;PARTIDO ALIANZA SOCIAL INDEPENDIENTE ASI;7
TIBASOSA;Sandra Patricia Ricaurte Espinel;PARTIDO CAMBIO RADICAL;7
TIBASOSA;Sonia Esperanza Lopez Barrera;PARTIDO CONSERVADOR COLOMBIANO;7
TIBASOSA;Ana Lucia Parra Monroy;PARTIDO SOCIAL DE UNIDAD NACIONAL  PARTIDO DE LA U;6
TIBASOSA;Andres Mauricio Escarria Barraza;PARTIDO CAMBIO RADICAL;6
TIBASOSA;Angela Magaly Garcia Rivera;MOVIMIENTO ALTERNATIVO INDIGENA Y SOCIAL MAIS;6
TIBASOSA;Carlos Julian Diaz Franco;PARTIDO ALIANZA SOCIAL INDEPENDIENTE ASI;6
TIBASOSA;Fredy Enrique Segura Alonso;BOYACA DECENTE;6
TIBASOSA;Sergio Cabra Sierra;PARTIDO SOCIAL DE UNIDAD NACIONAL  PARTIDO DE LA U;6
TIBASOSA;Giovanna Del Pilar Soto Barreto;PARTIDO CAMBIO RADICAL;5
TIBASOSA;Gregorio Morales Tovar;BOYACA DECENTE;5
TIBASOSA;Edgar Antulio Gonzalez Trujillo;BOYACA DECENTE;4
TIBASOSA;Helver Ariel Avila Panche;PARTIDO CENTRO DEMOCRATICO;4
TIBASOSA;Lizeth Paola Saade Fuentes;MOVIMIENTO ALTERNATIVO INDIGENA Y SOCIAL MAIS;4
TIBASOSA;Neddy Esther Sandoval Figueredo;PARTIDO LIBERAL COLOMBIANO;4
TIBASOSA;Olga Niño Rojas;PARTIDO CENTRO DEMOCRATICO;4
TIBASOSA;Omar Humberto Villamil Munevar;PARTIDO CONSERVADOR COLOMBIANO;4
TIBASOSA;Segundo Fidel Salazar Gonzalez;PARTIDO SOCIAL DE UNIDAD NACIONAL  PARTIDO DE LA U;4
TIBASOSA;Aura Lucia Ortiz Cardona;PARTIDO CENTRO DEMOCRATICO;3
TIBASOSA;Ericka Leonor Amador Gamarra;PARTIDO SOCIAL DE UNIDAD NACIONAL  PARTIDO DE LA U;3
TIBASOSA;Jose Leonidas Medina Cruz;PARTIDO SOCIAL DE UNIDAD NACIONAL  PARTIDO DE LA U;3
TIBASOSA;Juddy Alexandra Jimenez Cuadros;PARTIDO SOCIAL DE UNIDAD NACIONAL  PARTIDO DE LA U;3
TIBASOSA;Kiliam Ernesto Gonzalez Forero;BOYACA DECENTE;3
TIBASOSA;Martha Ines Zipa Martinez;PARTIDO CAMBIO RADICAL;3
TIBASOSA;Victor Tulio Ramirez Gutierrez;BOYACA DECENTE;3
TIBASOSA;Edwin Andres Rodriguez Rodriguez;PARTIDO LIBERAL COLOMBIANO;2
TIBASOSA;Jose Agustin Arias Millan;PARTIDO CENTRO DEMOCRATICO;2
TIBASOSA;Katherin Tatiana Calderon Acosta;PARTIDO CENTRO DEMOCRATICO;2
TIBASOSA;William Chaparro Rodriguez;BOYACA DECENTE;2
TIBASOSA;Carmen Liria Prieto Cortes;BOYACA DECENTE;1
TIBASOSA;Claudia Patricia Barrera Patiño;PARTIDO SOCIAL DE UNIDAD NACIONAL  PARTIDO DE LA U;1
TIBASOSA;David Santiago Diaz Guio;PARTIDO SOCIAL DE UNIDAD NACIONAL  PARTIDO DE LA U;1
TIBASOSA;Maria Francia Blanco Pedroza;BOYACA DECENTE;1
TIBASOSA;Nelsy Yolanda Rivera Ferrucho;BOYACA DECENTE;1
TIBASOSA;Vivian Catherin Alvarez;PARTIDO ALIANZA SOCIAL INDEPENDIENTE ASI;1
TINJACA;Concha Jael Vargas Saavedra;PARTIDO CONSERVADOR COLOMBIANO;233
TINJACA;Jose Dario Mahecha Castillo;PARTIDO CONSERVADOR COLOMBIANO;199
TINJACA;Yamir Oswaldo Lopez Peña;PARTIDO ALIANZA VERDE;197
TINJACA;Estefany Johana Grajales Marin;MOVIMIENTO ALTERNATIVO INDIGENA Y SOCIAL MAIS;175
TINJACA;Flor Elba Velandia Cely;PARTIDO ALIANZA SOCIAL INDEPENDIENTE ASI;89
TINJACA;Maria De Los Santos Salamanca Silva;PARTIDO ALIANZA VERDE;60
TINJACA;Jose Armando Quiñones Garzon;PARTIDO CENTRO DEMOCRATICO;57
TINJACA;Hector Josue Camacho Acosta;PARTIDO CENTRO DEMOCRATICO;46
TINJACA;Ivan Ricardo Pirachican Bernal;PARTIDO CONSERVADOR COLOMBIANO;39
TINJACA;Partido Alianza Verde;PARTIDO ALIANZA VERDE;34
TINJACA;Ana Adela Pulido Cuadros;PARTIDO CONSERVADOR COLOMBIANO;33
TINJACA;Juan Camilo Morales Rodriguez;PARTIDO LIBERAL COLOMBIANO;31
TINJACA;Omar Humberto Villamil Munevar;PARTIDO CONSERVADOR COLOMBIANO;31
TINJACA;Angela Patricia Velandia Novoa;PARTIDO ALIANZA VERDE;30
TINJACA;Partido Conservador Colombiano;PARTIDO CONSERVADOR COLOMBIANO;30
TINJACA;Ricardo Alonso Rojas Sachica;PARTIDO ALIANZA VERDE;29
TINJACA;Movimiento Alternativo Indigena Y Social Mais;MOVIMIENTO ALTERNATIVO INDIGENA Y SOCIAL MAIS;28
TINJACA;Siervo Yesith Gonzalez Saavedra;PARTIDO CAMBIO RADICAL;25
TINJACA;Nelson Mauricio Rodriguez Perez;PARTIDO CONSERVADOR COLOMBIANO;19
TINJACA;Partido Colombia Justa Libres;PARTIDO COLOMBIA JUSTA LIBRES;18
TINJACA;Jose Antonio Estupiñan Caceres;PARTIDO CONSERVADOR COLOMBIANO;17
TINJACA;Oscar Leonardo Montañez Sierra;PARTIDO CAMBIO RADICAL;17
TINJACA;Yury Neill Diaz Aranguren;MOVIMIENTO ALTERNATIVO INDIGENA Y SOCIAL MAIS;17
TINJACA;William Rodolfo Mesa Avella;PARTIDO CENTRO DEMOCRATICO;16
TINJACA;Fabian Camilo Rojas Barrera;PARTIDO LIBERAL COLOMBIANO;15
TINJACA;Manuel Ricardo Mesa Trujillo;PARTIDO SOCIAL DE UNIDAD NACIONAL  PARTIDO DE LA U;15
TINJACA;Hugo Alveiro Rosas Romero;PARTIDO ALIANZA VERDE;14
TINJACA;Partido Centro Democratico;PARTIDO CENTRO DEMOCRATICO;14
TINJACA;Pedro Pablo Salas Hernandez;PARTIDO ALIANZA VERDE;13
TINJACA;Johan Francisco Herrera Gualdron;PARTIDO ALIANZA VERDE;12
TINJACA;Nereo Baron Tellez;MOVIMIENTO ALTERNATIVO INDIGENA Y SOCIAL MAIS;12
TINJACA;Orlando Florez Cuervo;PARTIDO CENTRO DEMOCRATICO;12
TINJACA;Eliana Maria Villate Fonseca;PARTIDO CONSERVADOR COLOMBIANO;11
TINJACA;Hernando Arias Ochoa;PARTIDO ALIANZA SOCIAL INDEPENDIENTE ASI;11
TINJACA;Jorge Enrique Camacho Rodriguez;PARTIDO ALIANZA SOCIAL INDEPENDIENTE ASI;10
TINJACA;Maira Adriana Zerda Gonzalez;PARTIDO ALIANZA VERDE;10
TINJACA;Merardo Vargas Roa;PARTIDO ALIANZA VERDE;10
TINJACA;Luis Carlos Ochoa Pasachoa;PARTIDO ALIANZA VERDE;9
TINJACA;Partido Alianza Social Independiente Asi;PARTIDO ALIANZA SOCIAL INDEPENDIENTE ASI;9
TINJACA;Partido Liberal Colombiano;PARTIDO LIBERAL COLOMBIANO;9
TINJACA;Alfredo Horacio Correa Higuera;PARTIDO CAMBIO RADICAL;8
TINJACA;Carlos Julian Diaz Franco;PARTIDO ALIANZA SOCIAL INDEPENDIENTE ASI;8
TINJACA;Ingrid Marlen Sogamoso Alfonso;PARTIDO CENTRO DEMOCRATICO;7
TINJACA;Luisa Fernanda Rodriguez Alfonso;PARTIDO ALIANZA VERDE;7
TINJACA;Fernando Alexander Serrato Fonseca;PARTIDO LIBERAL COLOMBIANO;6
TINJACA;Gustavo Eduardo Castañeda Niño;PARTIDO ALIANZA VERDE;6
TINJACA;Partido Cambio Radical;PARTIDO CAMBIO RADICAL;6
TINJACA;Willian David Pabon Jimenez;PARTIDO SOCIAL DE UNIDAD NACIONAL  PARTIDO DE LA U;6
TINJACA;Adriana Paola Laverde Rodriguez;MOVIMIENTO ALTERNATIVO INDIGENA Y SOCIAL MAIS;5
TINJACA;Alvaro Hernan Forero Hurtado;BOYACA DECENTE;5
TINJACA;Fredy Julian Castro Rodriguez;PARTIDO CENTRO DEMOCRATICO;5
TINJACA;Jairo Correa Acevedo;MOVIMIENTO ALTERNATIVO INDIGENA Y SOCIAL MAIS;5
TINJACA;Luz Dary Sevillano Guerrero;PARTIDO ALIANZA VERDE;5
TINJACA;Roman Hernando Ortega Hernandez;PARTIDO ALIANZA VERDE;5
TINJACA;Sandra Patricia Contreras Soto;PARTIDO LIBERAL COLOMBIANO;5
TINJACA;Wilkins Fernando Chaparro Cuervo;PARTIDO ALIANZA SOCIAL INDEPENDIENTE ASI;5
TINJACA;Armando Buitrago Acevedo;PARTIDO ALIANZA SOCIAL INDEPENDIENTE ASI;4
TINJACA;Carlos Ernesto Torres Aguirre;PARTIDO CONSERVADOR COLOMBIANO;4
TINJACA;Jaime Andres Gomez Gomez;PARTIDO CONSERVADOR COLOMBIANO;4
TINJACA;Jose Leonidas Medina Cruz;PARTIDO SOCIAL DE UNIDAD NACIONAL  PARTIDO DE LA U;4
TINJACA;Luis Carlos Machado Zapata;PARTIDO LIBERAL COLOMBIANO;4
TINJACA;Pedro Humberto Vargas Gomez;PARTIDO LIBERAL COLOMBIANO;4
TINJACA;Sonia Esperanza Lopez Barrera;PARTIDO CONSERVADOR COLOMBIANO;4
TINJACA;Wilder Ivan Suesca Ochoa;PARTIDO CENTRO DEMOCRATICO;4
TINJACA;Wilton Fredy Castro Silva;PARTIDO ALIANZA VERDE;4
TINJACA;Alba Luz Becerra Becerra;PARTIDO ALIANZA SOCIAL INDEPENDIENTE ASI;3
TINJACA;Anderson Joaquin Sanchez Ruiz;PARTIDO LIBERAL COLOMBIANO;3
TINJACA;Angela Rocio Umaña Rojas;PARTIDO CONSERVADOR COLOMBIANO;3
TINJACA;Carlos Alfredo Siza Blanco;PARTIDO CONSERVADOR COLOMBIANO;3
TINJACA;David Alejandro Avila Cely;MOVIMIENTO ALTERNATIVO INDIGENA Y SOCIAL MAIS;3
TINJACA;Elsa Marlen Manrique Pulgar;PARTIDO LIBERAL COLOMBIANO;3
TINJACA;Fernando Augusto Diaz Saenz;PARTIDO CONSERVADOR COLOMBIANO;3
TINJACA;Fredy Leonardo Rojas Vargas;PARTIDO CENTRO DEMOCRATICO;3
TINJACA;Jairo Pacheco Suarez;PARTIDO LIBERAL COLOMBIANO;3
TINJACA;Jhonnatan Jairo Avellaneda Mesa;MOVIMIENTO ALTERNATIVO INDIGENA Y SOCIAL MAIS;3
TINJACA;Jose Wilmar Leal Abril;PARTIDO CAMBIO RADICAL;3
TINJACA;Julian Guillermo Camargo Amortegui;MOVIMIENTO ALTERNATIVO INDIGENA Y SOCIAL MAIS;3
TINJACA;Julieth Rocio Montañez Niño;PARTIDO ALIANZA SOCIAL INDEPENDIENTE ASI;3
TINJACA;Katherin Tatiana Calderon Acosta;PARTIDO CENTRO DEMOCRATICO;3
TINJACA;Kiliam Ernesto Gonzalez Forero;BOYACA DECENTE;3
TINJACA;Omar Fernando Valderrama Baez;PARTIDO CENTRO DEMOCRATICO;3
TINJACA;Sandra Milena Ramirez Moreno;PARTIDO CAMBIO RADICAL;3
TINJACA;Ana Lucia Parra Monroy;PARTIDO SOCIAL DE UNIDAD NACIONAL  PARTIDO DE LA U;2
TINJACA;Andrea Carolina Camargo Caro;MOVIMIENTO ALTERNATIVO INDIGENA Y SOCIAL MAIS;2
TINJACA;Daniel Fernando Mejia Lozano;PARTIDO ALIANZA SOCIAL INDEPENDIENTE ASI;2
TINJACA;David Santiago Diaz Guio;PARTIDO SOCIAL DE UNIDAD NACIONAL  PARTIDO DE LA U;2
TINJACA;Eliana Hasleidy Gamez Pinilla;PARTIDO CAMBIO RADICAL;2
TINJACA;Jairo Enrique Cabana Fonseca;PARTIDO ALIANZA VERDE;2
TINJACA;Jhon Fredy Garavito Cortes;PARTIDO SOCIAL DE UNIDAD NACIONAL  PARTIDO DE LA U;2
TINJACA;John Fredy Lopez Mora;MOVIMIENTO ALTERNATIVO INDIGENA Y SOCIAL MAIS;2
TINJACA;Jorge Eduardo Diaz Avendaño;MOVIMIENTO ALTERNATIVO INDIGENA Y SOCIAL MAIS;2
TINJACA;Jorge Marin Jerez Amado;PARTIDO LIBERAL COLOMBIANO;2
TINJACA;Jose Mauricio Buitrago Rivera;PARTIDO CAMBIO RADICAL;2
TINJACA;Lizeth Paola Saade Fuentes;MOVIMIENTO ALTERNATIVO INDIGENA Y SOCIAL MAIS;2
TINJACA;Mauricio Cadena Valero;PARTIDO CENTRO DEMOCRATICO;2
TINJACA;Olga Niño Rojas;PARTIDO CENTRO DEMOCRATICO;2
TINJACA;Pablo Antonio Zambrano Salamanca;PARTIDO CONSERVADOR COLOMBIANO;2
TINJACA;Uldarico Javier Ramirez Chilito;MOVIMIENTO ALTERNATIVO INDIGENA Y SOCIAL MAIS;2
TINJACA;Vivian Catherin Alvarez;PARTIDO ALIANZA SOCIAL INDEPENDIENTE ASI;2
TINJACA;Alberto Enrique Murillo Sanchez;PARTIDO CAMBIO RADICAL;1
TINJACA;Ana Delia Avendaño Hernandez;PARTIDO LIBERAL COLOMBIANO;1
TINJACA;Andres Mauricio Escarria Barraza;PARTIDO CAMBIO RADICAL;1
TINJACA;Angela Magaly Garcia Rivera;MOVIMIENTO ALTERNATIVO INDIGENA Y SOCIAL MAIS;1
TINJACA;Aura Lucia Ortiz Cardona;PARTIDO CENTRO DEMOCRATICO;1
TINJACA;Boyaca Decente;BOYACA DECENTE;1
TINJACA;Ericka Leonor Amador Gamarra;PARTIDO SOCIAL DE UNIDAD NACIONAL  PARTIDO DE LA U;1
TINJACA;Erika Dayana Piragauta Rodriguez;PARTIDO LIBERAL COLOMBIANO;1
TINJACA;Fredy Enrique Segura Alonso;BOYACA DECENTE;1
TINJACA;Helver Ariel Avila Panche;PARTIDO CENTRO DEMOCRATICO;1
TINJACA;Henry Goyeneche Hormaza;PARTIDO ALIANZA SOCIAL INDEPENDIENTE ASI;1
TINJACA;Irma Yineth Velandia Sandoval;PARTIDO CAMBIO RADICAL;1
TINJACA;Laura Patricia Contreras Alvarez;PARTIDO ALIANZA SOCIAL INDEPENDIENTE ASI;1
TINJACA;Mariev Bejarano Ospina;BOYACA DECENTE;1
TINJACA;Martha Ines Zipa Martinez;PARTIDO CAMBIO RADICAL;1
TINJACA;Neddy Esther Sandoval Figueredo;PARTIDO LIBERAL COLOMBIANO;1
TINJACA;Norman De Jesus Quintero Gallego;PARTIDO CONSERVADOR COLOMBIANO;1
TINJACA;Ricardo Andres Español Teatino;PARTIDO LIBERAL COLOMBIANO;1
TINJACA;Segundo Fidel Salazar Gonzalez;PARTIDO SOCIAL DE UNIDAD NACIONAL  PARTIDO DE LA U;1
TINJACA;Victor Tulio Ramirez Gutierrez;BOYACA DECENTE;1
TIPACOQUE;Angela Patricia Velandia Novoa;PARTIDO ALIANZA VERDE;399
TIPACOQUE;Omar Fernando Valderrama Baez;PARTIDO CENTRO DEMOCRATICO;114
TIPACOQUE;Luisa Fernanda Rodriguez Alfonso;PARTIDO ALIANZA VERDE;107
TIPACOQUE;Yamir Oswaldo Lopez Peña;PARTIDO ALIANZA VERDE;88
TIPACOQUE;Fernando Alexander Serrato Fonseca;PARTIDO LIBERAL COLOMBIANO;83
TIPACOQUE;William Rodolfo Mesa Avella;PARTIDO CENTRO DEMOCRATICO;69
TIPACOQUE;Nelson Mauricio Rodriguez Perez;PARTIDO CONSERVADOR COLOMBIANO;65
TIPACOQUE;Partido Liberal Colombiano;PARTIDO LIBERAL COLOMBIANO;61
TIPACOQUE;Hector Josue Camacho Acosta;PARTIDO CENTRO DEMOCRATICO;56
TIPACOQUE;Jairo Pacheco Suarez;PARTIDO LIBERAL COLOMBIANO;55
TIPACOQUE;Anderson Joaquin Sanchez Ruiz;PARTIDO LIBERAL COLOMBIANO;51
TIPACOQUE;Luis Carlos Ochoa Pasachoa;PARTIDO ALIANZA VERDE;43
TIPACOQUE;Johan Francisco Herrera Gualdron;PARTIDO ALIANZA VERDE;40
TIPACOQUE;Fabian Camilo Rojas Barrera;PARTIDO LIBERAL COLOMBIANO;39
TIPACOQUE;Partido Alianza Verde;PARTIDO ALIANZA VERDE;38
TIPACOQUE;Hernando Arias Ochoa;PARTIDO ALIANZA SOCIAL INDEPENDIENTE ASI;27
TIPACOQUE;Pedro Pablo Salas Hernandez;PARTIDO ALIANZA VERDE;24
TIPACOQUE;Jairo Correa Acevedo;MOVIMIENTO ALTERNATIVO INDIGENA Y SOCIAL MAIS;23
TIPACOQUE;Manuel Ricardo Mesa Trujillo;PARTIDO SOCIAL DE UNIDAD NACIONAL  PARTIDO DE LA U;22
TIPACOQUE;Partido Colombia Justa Libres;PARTIDO COLOMBIA JUSTA LIBRES;20
TIPACOQUE;Cesar Augusto Mojica Bedoya;PARTIDO SOCIAL DE UNIDAD NACIONAL  PARTIDO DE LA U;19
TIPACOQUE;Alfredo Horacio Correa Higuera;PARTIDO CAMBIO RADICAL;18
TIPACOQUE;Jose Wilmar Leal Abril;PARTIDO CAMBIO RADICAL;18
TIPACOQUE;Juan Camilo Morales Rodriguez;PARTIDO LIBERAL COLOMBIANO;18
TIPACOQUE;Partido Centro Democratico;PARTIDO CENTRO DEMOCRATICO;18
TIPACOQUE;Ricardo Alonso Rojas Sachica;PARTIDO ALIANZA VERDE;18
TIPACOQUE;Luz Dary Sevillano Guerrero;PARTIDO ALIANZA VERDE;17
TIPACOQUE;Jose Antonio Estupiñan Caceres;PARTIDO CONSERVADOR COLOMBIANO;15
TIPACOQUE;Jose Armando Quiñones Garzon;PARTIDO CENTRO DEMOCRATICO;15
TIPACOQUE;Armando Buitrago Acevedo;PARTIDO ALIANZA SOCIAL INDEPENDIENTE ASI;14
TIPACOQUE;Roman Hernando Ortega Hernandez;PARTIDO ALIANZA VERDE;14
TIPACOQUE;Luis Carlos Machado Zapata;PARTIDO LIBERAL COLOMBIANO;13
TIPACOQUE;Merardo Vargas Roa;PARTIDO ALIANZA VERDE;12
TIPACOQUE;Segundo Fidel Salazar Gonzalez;PARTIDO SOCIAL DE UNIDAD NACIONAL  PARTIDO DE LA U;12
TIPACOQUE;Partido Social De Unidad Nacional  Partido De La U;PARTIDO SOCIAL DE UNIDAD NACIONAL  PARTIDO DE LA U;11
TIPACOQUE;Movimiento Alternativo Indigena Y Social Mais;MOVIMIENTO ALTERNATIVO INDIGENA Y SOCIAL MAIS;10
TIPACOQUE;Alberto Enrique Murillo Sanchez;PARTIDO CAMBIO RADICAL;9
TIPACOQUE;Fernando Augusto Diaz Saenz;PARTIDO CONSERVADOR COLOMBIANO;9
TIPACOQUE;Orlando Florez Cuervo;PARTIDO CENTRO DEMOCRATICO;9
TIPACOQUE;Estefany Johana Grajales Marin;MOVIMIENTO ALTERNATIVO INDIGENA Y SOCIAL MAIS;8
TIPACOQUE;Siervo Yesith Gonzalez Saavedra;PARTIDO CAMBIO RADICAL;8
TIPACOQUE;Wilder Ivan Suesca Ochoa;PARTIDO CENTRO DEMOCRATICO;8
TIPACOQUE;Alba Luz Becerra Becerra;PARTIDO ALIANZA SOCIAL INDEPENDIENTE ASI;7
TIPACOQUE;Sandra Patricia Contreras Soto;PARTIDO LIBERAL COLOMBIANO;7
TIPACOQUE;Sonia Esperanza Lopez Barrera;PARTIDO CONSERVADOR COLOMBIANO;7
TIPACOQUE;Yury Neill Diaz Aranguren;MOVIMIENTO ALTERNATIVO INDIGENA Y SOCIAL MAIS;7
TIPACOQUE;Daniel Fernando Mejia Lozano;PARTIDO ALIANZA SOCIAL INDEPENDIENTE ASI;6
TIPACOQUE;Ingrid Marlen Sogamoso Alfonso;PARTIDO CENTRO DEMOCRATICO;6
TIPACOQUE;Jose Mauricio Buitrago Rivera;PARTIDO CAMBIO RADICAL;6
TIPACOQUE;Nereo Baron Tellez;MOVIMIENTO ALTERNATIVO INDIGENA Y SOCIAL MAIS;6
TIPACOQUE;Carlos Alfredo Siza Blanco;PARTIDO CONSERVADOR COLOMBIANO;5
TIPACOQUE;Elsa Marlen Manrique Pulgar;PARTIDO LIBERAL COLOMBIANO;5
TIPACOQUE;Oscar Leonardo Montañez Sierra;PARTIDO CAMBIO RADICAL;5
TIPACOQUE;Ana Lucia Parra Monroy;PARTIDO SOCIAL DE UNIDAD NACIONAL  PARTIDO DE LA U;4
TIPACOQUE;Claudia Patricia Barrera Patiño;PARTIDO SOCIAL DE UNIDAD NACIONAL  PARTIDO DE LA U;4
TIPACOQUE;Edwin Andres Rodriguez Rodriguez;PARTIDO LIBERAL COLOMBIANO;4
TIPACOQUE;Gustavo Eduardo Castañeda Niño;PARTIDO ALIANZA VERDE;4
TIPACOQUE;Hugo Alveiro Rosas Romero;PARTIDO ALIANZA VERDE;4
TIPACOQUE;Jhon Fredy Garavito Cortes;PARTIDO SOCIAL DE UNIDAD NACIONAL  PARTIDO DE LA U;4
TIPACOQUE;Jorge Eduardo Diaz Avendaño;MOVIMIENTO ALTERNATIVO INDIGENA Y SOCIAL MAIS;4
TIPACOQUE;Partido Cambio Radical;PARTIDO CAMBIO RADICAL;4
TIPACOQUE;Pedro Humberto Vargas Gomez;PARTIDO LIBERAL COLOMBIANO;4
TIPACOQUE;Ricardo Andres Español Teatino;PARTIDO LIBERAL COLOMBIANO;4
TIPACOQUE;Wilkins Fernando Chaparro Cuervo;PARTIDO ALIANZA SOCIAL INDEPENDIENTE ASI;4
TIPACOQUE;David Santiago Ochoa Garcia;PARTIDO SOCIAL DE UNIDAD NACIONAL  PARTIDO DE LA U;3
TIPACOQUE;Fredy Julian Castro Rodriguez;PARTIDO CENTRO DEMOCRATICO;3
TIPACOQUE;Giovanna Del Pilar Soto Barreto;PARTIDO CAMBIO RADICAL;3
TIPACOQUE;Irma Yineth Velandia Sandoval;PARTIDO CAMBIO RADICAL;3
TIPACOQUE;Jaime Andres Gomez Gomez;PARTIDO CONSERVADOR COLOMBIANO;3
TIPACOQUE;Jairo Enrique Cabana Fonseca;PARTIDO ALIANZA VERDE;3
TIPACOQUE;John Fredy Lopez Mora;MOVIMIENTO ALTERNATIVO INDIGENA Y SOCIAL MAIS;3
TIPACOQUE;Jose Dario Mahecha Castillo;PARTIDO CONSERVADOR COLOMBIANO;3
TIPACOQUE;Katherin Tatiana Calderon Acosta;PARTIDO CENTRO DEMOCRATICO;3
TIPACOQUE;Maria De Los Santos Salamanca Silva;PARTIDO ALIANZA VERDE;3
TIPACOQUE;Partido Alianza Social Independiente Asi;PARTIDO ALIANZA SOCIAL INDEPENDIENTE ASI;3
TIPACOQUE;Partido Conservador Colombiano;PARTIDO CONSERVADOR COLOMBIANO;3
TIPACOQUE;Willian David Pabon Jimenez;PARTIDO SOCIAL DE UNIDAD NACIONAL  PARTIDO DE LA U;3
TIPACOQUE;Wilton Fredy Castro Silva;PARTIDO ALIANZA VERDE;3
TIPACOQUE;Ana Adela Pulido Cuadros;PARTIDO CONSERVADOR COLOMBIANO;2
TIPACOQUE;Boyaca Decente;BOYACA DECENTE;2
TIPACOQUE;Edwin Alfonso Perez Beltran;PARTIDO ALIANZA SOCIAL INDEPENDIENTE ASI;2
TIPACOQUE;Henry Goyeneche Hormaza;PARTIDO ALIANZA SOCIAL INDEPENDIENTE ASI;2
TIPACOQUE;Olga Niño Rojas;PARTIDO CENTRO DEMOCRATICO;2
TIPACOQUE;Yadith Milena Martinez Farfan;PARTIDO CENTRO DEMOCRATICO;2
TIPACOQUE;Ana Delia Avendaño Hernandez;PARTIDO LIBERAL COLOMBIANO;1
TIPACOQUE;Antonio Ernesto Leguizamo Diaz;PARTIDO LIBERAL COLOMBIANO;1
TIPACOQUE;David Alejandro Avila Cely;MOVIMIENTO ALTERNATIVO INDIGENA Y SOCIAL MAIS;1
TIPACOQUE;Eliana Maria Villate Fonseca;PARTIDO CONSERVADOR COLOMBIANO;1
TIPACOQUE;Fredy Leonardo Rojas Vargas;PARTIDO CENTRO DEMOCRATICO;1
TIPACOQUE;Ivan Ricardo Pirachican Bernal;PARTIDO CONSERVADOR COLOMBIANO;1
TIPACOQUE;Jhonnatan Jairo Avellaneda Mesa;MOVIMIENTO ALTERNATIVO INDIGENA Y SOCIAL MAIS;1
TIPACOQUE;Jorge Enrique Camacho Rodriguez;PARTIDO ALIANZA SOCIAL INDEPENDIENTE ASI;1
TIPACOQUE;Jose Agustin Arias Millan;PARTIDO CENTRO DEMOCRATICO;1
TIPACOQUE;Julian Guillermo Camargo Amortegui;MOVIMIENTO ALTERNATIVO INDIGENA Y SOCIAL MAIS;1
TIPACOQUE;Julieth Rocio Montañez Niño;PARTIDO ALIANZA SOCIAL INDEPENDIENTE ASI;1
TIPACOQUE;Kiliam Ernesto Gonzalez Forero;BOYACA DECENTE;1
TIPACOQUE;Laura Patricia Contreras Alvarez;PARTIDO ALIANZA SOCIAL INDEPENDIENTE ASI;1
TIPACOQUE;Lizeth Paola Saade Fuentes;MOVIMIENTO ALTERNATIVO INDIGENA Y SOCIAL MAIS;1
TIPACOQUE;Luis Carlos Bernal Mesa;PARTIDO SOCIAL DE UNIDAD NACIONAL  PARTIDO DE LA U;1
TIPACOQUE;Maira Adriana Zerda Gonzalez;PARTIDO ALIANZA VERDE;1
TIPACOQUE;Nelsy Yolanda Rivera Ferrucho;BOYACA DECENTE;1
TIPACOQUE;Omar Humberto Villamil Munevar;PARTIDO CONSERVADOR COLOMBIANO;1
TIPACOQUE;Pablo Antonio Zambrano Salamanca;PARTIDO CONSERVADOR COLOMBIANO;1
TIPACOQUE;Sergio Cabra Sierra;PARTIDO SOCIAL DE UNIDAD NACIONAL  PARTIDO DE LA U;1
TIPACOQUE;William Chaparro Rodriguez;BOYACA DECENTE;1
TOCA;Angela Patricia Velandia Novoa;PARTIDO ALIANZA VERDE;805
TOCA;Luis Carlos Bernal Mesa;PARTIDO SOCIAL DE UNIDAD NACIONAL  PARTIDO DE LA U;577
TOCA;Wilder Ivan Suesca Ochoa;PARTIDO CENTRO DEMOCRATICO;436
TOCA;Jorge Eduardo Diaz Avendaño;MOVIMIENTO ALTERNATIVO INDIGENA Y SOCIAL MAIS;340
TOCA;Fernando Alexander Serrato Fonseca;PARTIDO LIBERAL COLOMBIANO;217
TOCA;Ricardo Alonso Rojas Sachica;PARTIDO ALIANZA VERDE;192
TOCA;Ivan Ricardo Pirachican Bernal;PARTIDO CONSERVADOR COLOMBIANO;136
TOCA;Juan Camilo Morales Rodriguez;PARTIDO LIBERAL COLOMBIANO;97
TOCA;Uldarico Javier Ramirez Chilito;MOVIMIENTO ALTERNATIVO INDIGENA Y SOCIAL MAIS;79
TOCA;Jairo Pacheco Suarez;PARTIDO LIBERAL COLOMBIANO;76
TOCA;Luis Carlos Ochoa Pasachoa;PARTIDO ALIANZA VERDE;75
TOCA;Ricardo Andres Español Teatino;PARTIDO LIBERAL COLOMBIANO;73
TOCA;Eliana Hasleidy Gamez Pinilla;PARTIDO CAMBIO RADICAL;67
TOCA;Edwin Alfonso Perez Beltran;PARTIDO ALIANZA SOCIAL INDEPENDIENTE ASI;65
TOCA;Partido Alianza Verde;PARTIDO ALIANZA VERDE;61
TOCA;Movimiento Alternativo Indigena Y Social Mais;MOVIMIENTO ALTERNATIVO INDIGENA Y SOCIAL MAIS;56
TOCA;Hugo Alveiro Rosas Romero;PARTIDO ALIANZA VERDE;53
TOCA;Yamir Oswaldo Lopez Peña;PARTIDO ALIANZA VERDE;52
TOCA;Partido Colombia Justa Libres;PARTIDO COLOMBIA JUSTA LIBRES;49
TOCA;Pedro Pablo Salas Hernandez;PARTIDO ALIANZA VERDE;47
TOCA;Yury Neill Diaz Aranguren;MOVIMIENTO ALTERNATIVO INDIGENA Y SOCIAL MAIS;44
TOCA;Jose Wilmar Leal Abril;PARTIDO CAMBIO RADICAL;41
TOCA;Fabian Camilo Rojas Barrera;PARTIDO LIBERAL COLOMBIANO;39
TOCA;Partido Social De Unidad Nacional  Partido De La U;PARTIDO SOCIAL DE UNIDAD NACIONAL  PARTIDO DE LA U;37
TOCA;Cesar Augusto Mojica Bedoya;PARTIDO SOCIAL DE UNIDAD NACIONAL  PARTIDO DE LA U;36
TOCA;Partido Liberal Colombiano;PARTIDO LIBERAL COLOMBIANO;33
TOCA;Jairo Enrique Cabana Fonseca;PARTIDO ALIANZA VERDE;32
TOCA;Anderson Joaquin Sanchez Ruiz;PARTIDO LIBERAL COLOMBIANO;30
TOCA;Gustavo Eduardo Castañeda Niño;PARTIDO ALIANZA VERDE;26
TOCA;Julian Guillermo Camargo Amortegui;MOVIMIENTO ALTERNATIVO INDIGENA Y SOCIAL MAIS;26
TOCA;Sandra Patricia Contreras Soto;PARTIDO LIBERAL COLOMBIANO;25
TOCA;Adriana Paola Laverde Rodriguez;MOVIMIENTO ALTERNATIVO INDIGENA Y SOCIAL MAIS;23
TOCA;Alfredo Horacio Correa Higuera;PARTIDO CAMBIO RADICAL;23
TOCA;Partido Centro Democratico;PARTIDO CENTRO DEMOCRATICO;23
TOCA;Juddy Alexandra Jimenez Cuadros;PARTIDO SOCIAL DE UNIDAD NACIONAL  PARTIDO DE LA U;22
TOCA;Hector Josue Camacho Acosta;PARTIDO CENTRO DEMOCRATICO;21
TOCA;Johan Francisco Herrera Gualdron;PARTIDO ALIANZA VERDE;21
TOCA;Luisa Fernanda Rodriguez Alfonso;PARTIDO ALIANZA VERDE;21
TOCA;Manuel Ricardo Mesa Trujillo;PARTIDO SOCIAL DE UNIDAD NACIONAL  PARTIDO DE LA U;21
TOCA;Partido Cambio Radical;PARTIDO CAMBIO RADICAL;21
TOCA;Estefany Johana Grajales Marin;MOVIMIENTO ALTERNATIVO INDIGENA Y SOCIAL MAIS;19
TOCA;Jairo Correa Acevedo;MOVIMIENTO ALTERNATIVO INDIGENA Y SOCIAL MAIS;18
TOCA;Fredy Julian Castro Rodriguez;PARTIDO CENTRO DEMOCRATICO;17
TOCA;Willian David Pabon Jimenez;PARTIDO SOCIAL DE UNIDAD NACIONAL  PARTIDO DE LA U;17
TOCA;David Santiago Ochoa Garcia;PARTIDO SOCIAL DE UNIDAD NACIONAL  PARTIDO DE LA U;16
TOCA;Andrea Carolina Camargo Caro;MOVIMIENTO ALTERNATIVO INDIGENA Y SOCIAL MAIS;15
TOCA;Lizeth Paola Saade Fuentes;MOVIMIENTO ALTERNATIVO INDIGENA Y SOCIAL MAIS;15
TOCA;Luz Dary Sevillano Guerrero;PARTIDO ALIANZA VERDE;15
TOCA;Roman Hernando Ortega Hernandez;PARTIDO ALIANZA VERDE;15
TOCA;Jose Armando Quiñones Garzon;PARTIDO CENTRO DEMOCRATICO;14
TOCA;Merardo Vargas Roa;PARTIDO ALIANZA VERDE;14
TOCA;Pedro Humberto Vargas Gomez;PARTIDO LIBERAL COLOMBIANO;14
TOCA;Wilton Fredy Castro Silva;PARTIDO ALIANZA VERDE;14
TOCA;Carlos Ernesto Torres Aguirre;PARTIDO CONSERVADOR COLOMBIANO;13
TOCA;Mauricio Cadena Valero;PARTIDO CENTRO DEMOCRATICO;13
TOCA;Segundo Fidel Salazar Gonzalez;PARTIDO SOCIAL DE UNIDAD NACIONAL  PARTIDO DE LA U;13
TOCA;Fernando Augusto Diaz Saenz;PARTIDO CONSERVADOR COLOMBIANO;12
TOCA;Fredy Leonardo Rojas Vargas;PARTIDO CENTRO DEMOCRATICO;12
TOCA;Siervo Yesith Gonzalez Saavedra;PARTIDO CAMBIO RADICAL;12
TOCA;Ana Lucia Parra Monroy;PARTIDO SOCIAL DE UNIDAD NACIONAL  PARTIDO DE LA U;11
TOCA;Jorge Marin Jerez Amado;PARTIDO LIBERAL COLOMBIANO;11
TOCA;Norman De Jesus Quintero Gallego;PARTIDO CONSERVADOR COLOMBIANO;11
TOCA;Helver Ariel Avila Panche;PARTIDO CENTRO DEMOCRATICO;10
TOCA;Jhon Fredy Garavito Cortes;PARTIDO SOCIAL DE UNIDAD NACIONAL  PARTIDO DE LA U;10
TOCA;Luis Carlos Machado Zapata;PARTIDO LIBERAL COLOMBIANO;10
TOCA;Nelson Mauricio Rodriguez Perez;PARTIDO CONSERVADOR COLOMBIANO;10
TOCA;Pablo Antonio Zambrano Salamanca;PARTIDO CONSERVADOR COLOMBIANO;10
TOCA;Sergio Cabra Sierra;PARTIDO SOCIAL DE UNIDAD NACIONAL  PARTIDO DE LA U;10
TOCA;Elsa Marlen Manrique Pulgar;PARTIDO LIBERAL COLOMBIANO;9
TOCA;John Fredy Lopez Mora;MOVIMIENTO ALTERNATIVO INDIGENA Y SOCIAL MAIS;9
TOCA;Nereo Baron Tellez;MOVIMIENTO ALTERNATIVO INDIGENA Y SOCIAL MAIS;9
TOCA;Ingrid Marlen Sogamoso Alfonso;PARTIDO CENTRO DEMOCRATICO;8
TOCA;Jose Dario Mahecha Castillo;PARTIDO CONSERVADOR COLOMBIANO;8
TOCA;Maira Adriana Zerda Gonzalez;PARTIDO ALIANZA VERDE;8
TOCA;Maria De Los Santos Salamanca Silva;PARTIDO ALIANZA VERDE;8
TOCA;Neddy Esther Sandoval Figueredo;PARTIDO LIBERAL COLOMBIANO;8
TOCA;Orlando Florez Cuervo;PARTIDO CENTRO DEMOCRATICO;8
TOCA;Oscar Leonardo Montañez Sierra;PARTIDO CAMBIO RADICAL;8
TOCA;William Rodolfo Mesa Avella;PARTIDO CENTRO DEMOCRATICO;8
TOCA;Antonio Ernesto Leguizamo Diaz;PARTIDO LIBERAL COLOMBIANO;7
TOCA;Flor Elba Velandia Cely;PARTIDO ALIANZA SOCIAL INDEPENDIENTE ASI;7
TOCA;Jose Mauricio Buitrago Rivera;PARTIDO CAMBIO RADICAL;7
TOCA;Sandra Milena Ramirez Moreno;PARTIDO CAMBIO RADICAL;7
TOCA;Concha Jael Vargas Saavedra;PARTIDO CONSERVADOR COLOMBIANO;6
TOCA;Edgar Antulio Gonzalez Trujillo;BOYACA DECENTE;6
TOCA;Eliana Maria Villate Fonseca;PARTIDO CONSERVADOR COLOMBIANO;6
TOCA;Irma Yineth Velandia Sandoval;PARTIDO CAMBIO RADICAL;6
TOCA;Jorge Enrique Camacho Rodriguez;PARTIDO ALIANZA SOCIAL INDEPENDIENTE ASI;6
TOCA;Jose Agustin Arias Millan;PARTIDO CENTRO DEMOCRATICO;6
TOCA;Sonia Esperanza Lopez Barrera;PARTIDO CONSERVADOR COLOMBIANO;6
TOCA;Wilkins Fernando Chaparro Cuervo;PARTIDO ALIANZA SOCIAL INDEPENDIENTE ASI;6
TOCA;Ana Delia Avendaño Hernandez;PARTIDO LIBERAL COLOMBIANO;5
TOCA;Angela Magaly Garcia Rivera;MOVIMIENTO ALTERNATIVO INDIGENA Y SOCIAL MAIS;5
TOCA;Aura Lucia Ortiz Cardona;PARTIDO CENTRO DEMOCRATICO;5
TOCA;Carlos Eduardo Vega Alvarez;BOYACA DECENTE;5
TOCA;Hernando Arias Ochoa;PARTIDO ALIANZA SOCIAL INDEPENDIENTE ASI;5
TOCA;Jose Leonidas Medina Cruz;PARTIDO SOCIAL DE UNIDAD NACIONAL  PARTIDO DE LA U;5
TOCA;Omar Fernando Valderrama Baez;PARTIDO CENTRO DEMOCRATICO;5
TOCA;David Santiago Diaz Guio;PARTIDO SOCIAL DE UNIDAD NACIONAL  PARTIDO DE LA U;4
TOCA;Edwin Andres Rodriguez Rodriguez;PARTIDO LIBERAL COLOMBIANO;4
TOCA;Ericka Leonor Amador Gamarra;PARTIDO SOCIAL DE UNIDAD NACIONAL  PARTIDO DE LA U;4
TOCA;Erika Dayana Piragauta Rodriguez;PARTIDO LIBERAL COLOMBIANO;4
TOCA;Jose Antonio Estupiñan Caceres;PARTIDO CONSERVADOR COLOMBIANO;4
TOCA;Laura Patricia Contreras Alvarez;PARTIDO ALIANZA SOCIAL INDEPENDIENTE ASI;4
TOCA;Ana Adela Pulido Cuadros;PARTIDO CONSERVADOR COLOMBIANO;3
TOCA;Andres Mauricio Escarria Barraza;PARTIDO CAMBIO RADICAL;3
TOCA;Claudia Yaneth Avila Castillo;PARTIDO SOCIAL DE UNIDAD NACIONAL  PARTIDO DE LA U;3
TOCA;David Alejandro Avila Cely;MOVIMIENTO ALTERNATIVO INDIGENA Y SOCIAL MAIS;3
TOCA;Giovanna Del Pilar Soto Barreto;PARTIDO CAMBIO RADICAL;3
TOCA;Jhonnatan Jairo Avellaneda Mesa;MOVIMIENTO ALTERNATIVO INDIGENA Y SOCIAL MAIS;3
TOCA;Katherin Tatiana Calderon Acosta;PARTIDO CENTRO DEMOCRATICO;3
TOCA;Maria Francia Blanco Pedroza;BOYACA DECENTE;3
TOCA;Martha Ines Zipa Martinez;PARTIDO CAMBIO RADICAL;3
TOCA;Olga Niño Rojas;PARTIDO CENTRO DEMOCRATICO;3
TOCA;Partido Alianza Social Independiente Asi;PARTIDO ALIANZA SOCIAL INDEPENDIENTE ASI;3
TOCA;Alba Luz Becerra Becerra;PARTIDO ALIANZA SOCIAL INDEPENDIENTE ASI;2
TOCA;Alberto Enrique Murillo Sanchez;PARTIDO CAMBIO RADICAL;2
TOCA;Alvaro Hernan Forero Hurtado;BOYACA DECENTE;2
TOCA;Angela Rocio Umaña Rojas;PARTIDO CONSERVADOR COLOMBIANO;2
TOCA;Carmen Liria Prieto Cortes;BOYACA DECENTE;2
TOCA;Claudia Patricia Barrera Patiño;PARTIDO SOCIAL DE UNIDAD NACIONAL  PARTIDO DE LA U;2
TOCA;Daniel Fernando Mejia Lozano;PARTIDO ALIANZA SOCIAL INDEPENDIENTE ASI;2
TOCA;Fredy Enrique Segura Alonso;BOYACA DECENTE;2
TOCA;Yadith Milena Martinez Farfan;PARTIDO CENTRO DEMOCRATICO;2
TOCA;Armando Buitrago Acevedo;PARTIDO ALIANZA SOCIAL INDEPENDIENTE ASI;1
TOCA;Carlos Julian Diaz Franco;PARTIDO ALIANZA SOCIAL INDEPENDIENTE ASI;1
TOCA;Henry Goyeneche Hormaza;PARTIDO ALIANZA SOCIAL INDEPENDIENTE ASI;1
TOCA;Mariev Bejarano Ospina;BOYACA DECENTE;1
TOCA;Omar Humberto Villamil Munevar;PARTIDO CONSERVADOR COLOMBIANO;1
TOCA;Partido Conservador Colombiano;PARTIDO CONSERVADOR COLOMBIANO;1
TOCA;Vivian Catherin Alvarez;PARTIDO ALIANZA SOCIAL INDEPENDIENTE ASI;1
TOGUI;Hugo Alveiro Rosas Romero;PARTIDO ALIANZA VERDE;414
TOGUI;Fernando Alexander Serrato Fonseca;PARTIDO LIBERAL COLOMBIANO;287
TOGUI;Nelson Mauricio Rodriguez Perez;PARTIDO CONSERVADOR COLOMBIANO;236
TOGUI;Omar Fernando Valderrama Baez;PARTIDO CENTRO DEMOCRATICO;184
TOGUI;Hector Josue Camacho Acosta;PARTIDO CENTRO DEMOCRATICO;87
TOGUI;Partido Alianza Verde;PARTIDO ALIANZA VERDE;83
TOGUI;Partido Conservador Colombiano;PARTIDO CONSERVADOR COLOMBIANO;73
TOGUI;Partido Liberal Colombiano;PARTIDO LIBERAL COLOMBIANO;59
TOGUI;Wilder Ivan Suesca Ochoa;PARTIDO CENTRO DEMOCRATICO;58
TOGUI;Ivan Ricardo Pirachican Bernal;PARTIDO CONSERVADOR COLOMBIANO;52
TOGUI;Roman Hernando Ortega Hernandez;PARTIDO ALIANZA VERDE;46
TOGUI;Pedro Pablo Salas Hernandez;PARTIDO ALIANZA VERDE;44
TOGUI;Partido Centro Democratico;PARTIDO CENTRO DEMOCRATICO;37
TOGUI;Partido Colombia Justa Libres;PARTIDO COLOMBIA JUSTA LIBRES;35
TOGUI;Neddy Esther Sandoval Figueredo;PARTIDO LIBERAL COLOMBIANO;29
TOGUI;Carlos Julian Diaz Franco;PARTIDO ALIANZA SOCIAL INDEPENDIENTE ASI;28
TOGUI;Ana Adela Pulido Cuadros;PARTIDO CONSERVADOR COLOMBIANO;25
TOGUI;Jose Mauricio Buitrago Rivera;PARTIDO CAMBIO RADICAL;24
TOGUI;Luis Carlos Bernal Mesa;PARTIDO SOCIAL DE UNIDAD NACIONAL  PARTIDO DE LA U;23
TOGUI;Estefany Johana Grajales Marin;MOVIMIENTO ALTERNATIVO INDIGENA Y SOCIAL MAIS;20
TOGUI;Alberto Enrique Murillo Sanchez;PARTIDO CAMBIO RADICAL;17
TOGUI;Jose Antonio Estupiñan Caceres;PARTIDO CONSERVADOR COLOMBIANO;17
TOGUI;Jose Armando Quiñones Garzon;PARTIDO CENTRO DEMOCRATICO;16
TOGUI;Fredy Julian Castro Rodriguez;PARTIDO CENTRO DEMOCRATICO;15
TOGUI;Gustavo Eduardo Castañeda Niño;PARTIDO ALIANZA VERDE;14
TOGUI;Yamir Oswaldo Lopez Peña;PARTIDO ALIANZA VERDE;14
TOGUI;Ingrid Marlen Sogamoso Alfonso;PARTIDO CENTRO DEMOCRATICO;13
TOGUI;Eliana Maria Villate Fonseca;PARTIDO CONSERVADOR COLOMBIANO;12
TOGUI;Jairo Pacheco Suarez;PARTIDO LIBERAL COLOMBIANO;11
TOGUI;Julian Guillermo Camargo Amortegui;MOVIMIENTO ALTERNATIVO INDIGENA Y SOCIAL MAIS;11
TOGUI;Concha Jael Vargas Saavedra;PARTIDO CONSERVADOR COLOMBIANO;10
TOGUI;Jose Wilmar Leal Abril;PARTIDO CAMBIO RADICAL;10
TOGUI;Merardo Vargas Roa;PARTIDO ALIANZA VERDE;10
TOGUI;Movimiento Alternativo Indigena Y Social Mais;MOVIMIENTO ALTERNATIVO INDIGENA Y SOCIAL MAIS;10
TOGUI;Nereo Baron Tellez;MOVIMIENTO ALTERNATIVO INDIGENA Y SOCIAL MAIS;10
TOGUI;Angela Patricia Velandia Novoa;PARTIDO ALIANZA VERDE;9
TOGUI;Luis Carlos Ochoa Pasachoa;PARTIDO ALIANZA VERDE;9
TOGUI;Carlos Alfredo Siza Blanco;PARTIDO CONSERVADOR COLOMBIANO;8
TOGUI;Jorge Eduardo Diaz Avendaño;MOVIMIENTO ALTERNATIVO INDIGENA Y SOCIAL MAIS;8
TOGUI;Luz Dary Sevillano Guerrero;PARTIDO ALIANZA VERDE;8
TOGUI;Pedro Humberto Vargas Gomez;PARTIDO LIBERAL COLOMBIANO;8
TOGUI;Olga Niño Rojas;PARTIDO CENTRO DEMOCRATICO;7
TOGUI;Partido Alianza Social Independiente Asi;PARTIDO ALIANZA SOCIAL INDEPENDIENTE ASI;7
TOGUI;Yadith Milena Martinez Farfan;PARTIDO CENTRO DEMOCRATICO;7
TOGUI;Yury Neill Diaz Aranguren;MOVIMIENTO ALTERNATIVO INDIGENA Y SOCIAL MAIS;7
TOGUI;Fabian Camilo Rojas Barrera;PARTIDO LIBERAL COLOMBIANO;6
TOGUI;Johan Francisco Herrera Gualdron;PARTIDO ALIANZA VERDE;6
TOGUI;Manuel Ricardo Mesa Trujillo;PARTIDO SOCIAL DE UNIDAD NACIONAL  PARTIDO DE LA U;6
TOGUI;Flor Elba Velandia Cely;PARTIDO ALIANZA SOCIAL INDEPENDIENTE ASI;5
TOGUI;Jose Dario Mahecha Castillo;PARTIDO CONSERVADOR COLOMBIANO;5
TOGUI;Juan Camilo Morales Rodriguez;PARTIDO LIBERAL COLOMBIANO;5
TOGUI;Maira Adriana Zerda Gonzalez;PARTIDO ALIANZA VERDE;5
TOGUI;Mauricio Cadena Valero;PARTIDO CENTRO DEMOCRATICO;5
TOGUI;Pablo Antonio Zambrano Salamanca;PARTIDO CONSERVADOR COLOMBIANO;5
TOGUI;Partido Social De Unidad Nacional  Partido De La U;PARTIDO SOCIAL DE UNIDAD NACIONAL  PARTIDO DE LA U;5
TOGUI;Eliana Hasleidy Gamez Pinilla;PARTIDO CAMBIO RADICAL;4
TOGUI;Elsa Marlen Manrique Pulgar;PARTIDO LIBERAL COLOMBIANO;4
TOGUI;Fredy Leonardo Rojas Vargas;PARTIDO CENTRO DEMOCRATICO;4
TOGUI;Partido Cambio Radical;PARTIDO CAMBIO RADICAL;4
TOGUI;William Rodolfo Mesa Avella;PARTIDO CENTRO DEMOCRATICO;4
TOGUI;Alfredo Horacio Correa Higuera;PARTIDO CAMBIO RADICAL;3
TOGUI;Andres Mauricio Escarria Barraza;PARTIDO CAMBIO RADICAL;3
TOGUI;Aura Lucia Ortiz Cardona;PARTIDO CENTRO DEMOCRATICO;3
TOGUI;Erika Dayana Piragauta Rodriguez;PARTIDO LIBERAL COLOMBIANO;3
TOGUI;John Fredy Lopez Mora;MOVIMIENTO ALTERNATIVO INDIGENA Y SOCIAL MAIS;3
TOGUI;Jose Agustin Arias Millan;PARTIDO CENTRO DEMOCRATICO;3
TOGUI;Norman De Jesus Quintero Gallego;PARTIDO CONSERVADOR COLOMBIANO;3
TOGUI;Sandra Patricia Contreras Soto;PARTIDO LIBERAL COLOMBIANO;3
TOGUI;Wilton Fredy Castro Silva;PARTIDO ALIANZA VERDE;3
TOGUI;Alba Luz Becerra Becerra;PARTIDO ALIANZA SOCIAL INDEPENDIENTE ASI;2
TOGUI;Anderson Joaquin Sanchez Ruiz;PARTIDO LIBERAL COLOMBIANO;2
TOGUI;Claudia Patricia Barrera Patiño;PARTIDO SOCIAL DE UNIDAD NACIONAL  PARTIDO DE LA U;2
TOGUI;Daniel Fernando Mejia Lozano;PARTIDO ALIANZA SOCIAL INDEPENDIENTE ASI;2
TOGUI;Edwin Alfonso Perez Beltran;PARTIDO ALIANZA SOCIAL INDEPENDIENTE ASI;2
TOGUI;Edwin Andres Rodriguez Rodriguez;PARTIDO LIBERAL COLOMBIANO;2
TOGUI;Giovanna Del Pilar Soto Barreto;PARTIDO CAMBIO RADICAL;2
TOGUI;Irma Yineth Velandia Sandoval;PARTIDO CAMBIO RADICAL;2
TOGUI;Jaime Andres Gomez Gomez;PARTIDO CONSERVADOR COLOMBIANO;2
TOGUI;Jairo Enrique Cabana Fonseca;PARTIDO ALIANZA VERDE;2
TOGUI;Jorge Marin Jerez Amado;PARTIDO LIBERAL COLOMBIANO;2
TOGUI;Lizeth Paola Saade Fuentes;MOVIMIENTO ALTERNATIVO INDIGENA Y SOCIAL MAIS;2
TOGUI;Luisa Fernanda Rodriguez Alfonso;PARTIDO ALIANZA VERDE;2
TOGUI;Maria De Los Santos Salamanca Silva;PARTIDO ALIANZA VERDE;2
TOGUI;Omar Humberto Villamil Munevar;PARTIDO CONSERVADOR COLOMBIANO;2
TOGUI;Ricardo Alonso Rojas Sachica;PARTIDO ALIANZA VERDE;2
TOGUI;Sandra Milena Ramirez Moreno;PARTIDO CAMBIO RADICAL;2
TOGUI;Adriana Paola Laverde Rodriguez;MOVIMIENTO ALTERNATIVO INDIGENA Y SOCIAL MAIS;1
TOGUI;Alvaro Hernan Forero Hurtado;BOYACA DECENTE;1
TOGUI;Armando Buitrago Acevedo;PARTIDO ALIANZA SOCIAL INDEPENDIENTE ASI;1
TOGUI;Carlos Ernesto Torres Aguirre;PARTIDO CONSERVADOR COLOMBIANO;1
TOGUI;Claudia Yaneth Avila Castillo;PARTIDO SOCIAL DE UNIDAD NACIONAL  PARTIDO DE LA U;1
TOGUI;David Santiago Diaz Guio;PARTIDO SOCIAL DE UNIDAD NACIONAL  PARTIDO DE LA U;1
TOGUI;David Santiago Ochoa Garcia;PARTIDO SOCIAL DE UNIDAD NACIONAL  PARTIDO DE LA U;1
TOGUI;Edgar Antulio Gonzalez Trujillo;BOYACA DECENTE;1
TOGUI;Ericka Leonor Amador Gamarra;PARTIDO SOCIAL DE UNIDAD NACIONAL  PARTIDO DE LA U;1
TOGUI;Fernando Augusto Diaz Saenz;PARTIDO CONSERVADOR COLOMBIANO;1
TOGUI;Fredy Enrique Segura Alonso;BOYACA DECENTE;1
TOGUI;Gregorio Morales Tovar;BOYACA DECENTE;1
TOGUI;Helver Ariel Avila Panche;PARTIDO CENTRO DEMOCRATICO;1
TOGUI;Hernando Arias Ochoa;PARTIDO ALIANZA SOCIAL INDEPENDIENTE ASI;1
TOGUI;Jhon Fredy Garavito Cortes;PARTIDO SOCIAL DE UNIDAD NACIONAL  PARTIDO DE LA U;1
TOGUI;Jhonnatan Jairo Avellaneda Mesa;MOVIMIENTO ALTERNATIVO INDIGENA Y SOCIAL MAIS;1
TOGUI;Jorge Enrique Camacho Rodriguez;PARTIDO ALIANZA SOCIAL INDEPENDIENTE ASI;1
TOGUI;Julieth Rocio Montañez Niño;PARTIDO ALIANZA SOCIAL INDEPENDIENTE ASI;1
TOGUI;Luis Carlos Machado Zapata;PARTIDO LIBERAL COLOMBIANO;1
TOGUI;Maria Francia Blanco Pedroza;BOYACA DECENTE;1
TOGUI;Martha Ines Zipa Martinez;PARTIDO CAMBIO RADICAL;1
TOGUI;Oscar Leonardo Montañez Sierra;PARTIDO CAMBIO RADICAL;1
TOGUI;Ricardo Andres Español Teatino;PARTIDO LIBERAL COLOMBIANO;1
TOGUI;Siervo Yesith Gonzalez Saavedra;PARTIDO CAMBIO RADICAL;1
TOGUI;Sonia Esperanza Lopez Barrera;PARTIDO CONSERVADOR COLOMBIANO;1
TOGUI;Uldarico Javier Ramirez Chilito;MOVIMIENTO ALTERNATIVO INDIGENA Y SOCIAL MAIS;1
TOGUI;Vivian Catherin Alvarez;PARTIDO ALIANZA SOCIAL INDEPENDIENTE ASI;1
TOGUI;Wilkins Fernando Chaparro Cuervo;PARTIDO ALIANZA SOCIAL INDEPENDIENTE ASI;1
TOGUI;Willian David Pabon Jimenez;PARTIDO SOCIAL DE UNIDAD NACIONAL  PARTIDO DE LA U;1
TOPAGA;Roman Hernando Ortega Hernandez;PARTIDO ALIANZA VERDE;238
TOPAGA;Jose Antonio Estupiñan Caceres;PARTIDO CONSERVADOR COLOMBIANO;179
TOPAGA;Wilkins Fernando Chaparro Cuervo;PARTIDO ALIANZA SOCIAL INDEPENDIENTE ASI;103
TOPAGA;Jose Dario Mahecha Castillo;PARTIDO CONSERVADOR COLOMBIANO;97
TOPAGA;Yury Neill Diaz Aranguren;MOVIMIENTO ALTERNATIVO INDIGENA Y SOCIAL MAIS;77
TOPAGA;Carlos Ernesto Torres Aguirre;PARTIDO CONSERVADOR COLOMBIANO;64
TOPAGA;Yamir Oswaldo Lopez Peña;PARTIDO ALIANZA VERDE;58
TOPAGA;Manuel Ricardo Mesa Trujillo;PARTIDO SOCIAL DE UNIDAD NACIONAL  PARTIDO DE LA U;53
TOPAGA;Fernando Alexander Serrato Fonseca;PARTIDO LIBERAL COLOMBIANO;52
TOPAGA;Hector Josue Camacho Acosta;PARTIDO CENTRO DEMOCRATICO;52
TOPAGA;Willian David Pabon Jimenez;PARTIDO SOCIAL DE UNIDAD NACIONAL  PARTIDO DE LA U;42
TOPAGA;Maria De Los Santos Salamanca Silva;PARTIDO ALIANZA VERDE;37
TOPAGA;Partido Alianza Verde;PARTIDO ALIANZA VERDE;37
TOPAGA;Uldarico Javier Ramirez Chilito;MOVIMIENTO ALTERNATIVO INDIGENA Y SOCIAL MAIS;37
TOPAGA;Jorge Ignacio Lopez Barrera;BOYACA DECENTE;36
TOPAGA;Cesar Augusto Mojica Bedoya;PARTIDO SOCIAL DE UNIDAD NACIONAL  PARTIDO DE LA U;32
TOPAGA;Hernando Arias Ochoa;PARTIDO ALIANZA SOCIAL INDEPENDIENTE ASI;31
TOPAGA;Jose Wilmar Leal Abril;PARTIDO CAMBIO RADICAL;31
TOPAGA;Partido Conservador Colombiano;PARTIDO CONSERVADOR COLOMBIANO;30
TOPAGA;Gustavo Eduardo Castañeda Niño;PARTIDO ALIANZA VERDE;26
TOPAGA;Partido Colombia Justa Libres;PARTIDO COLOMBIA JUSTA LIBRES;26
TOPAGA;Jaime Andres Gomez Gomez;PARTIDO CONSERVADOR COLOMBIANO;25
TOPAGA;Concha Jael Vargas Saavedra;PARTIDO CONSERVADOR COLOMBIANO;23
TOPAGA;Luis Carlos Bernal Mesa;PARTIDO SOCIAL DE UNIDAD NACIONAL  PARTIDO DE LA U;21
TOPAGA;Hugo Alveiro Rosas Romero;PARTIDO ALIANZA VERDE;20
TOPAGA;Ricardo Alonso Rojas Sachica;PARTIDO ALIANZA VERDE;20
TOPAGA;William Rodolfo Mesa Avella;PARTIDO CENTRO DEMOCRATICO;19
TOPAGA;Jose Armando Quiñones Garzon;PARTIDO CENTRO DEMOCRATICO;18
TOPAGA;Luis Carlos Ochoa Pasachoa;PARTIDO ALIANZA VERDE;18
TOPAGA;Nelson Mauricio Rodriguez Perez;PARTIDO CONSERVADOR COLOMBIANO;18
TOPAGA;Alfredo Horacio Correa Higuera;PARTIDO CAMBIO RADICAL;17
TOPAGA;Anderson Joaquin Sanchez Ruiz;PARTIDO LIBERAL COLOMBIANO;17
TOPAGA;Alberto Enrique Murillo Sanchez;PARTIDO CAMBIO RADICAL;16
TOPAGA;Jairo Correa Acevedo;MOVIMIENTO ALTERNATIVO INDIGENA Y SOCIAL MAIS;16
TOPAGA;Luisa Fernanda Rodriguez Alfonso;PARTIDO ALIANZA VERDE;15
TOPAGA;Ricardo Andres Español Teatino;PARTIDO LIBERAL COLOMBIANO;15
TOPAGA;Fredy Leonardo Rojas Vargas;PARTIDO CENTRO DEMOCRATICO;14
TOPAGA;Jhonnatan Jairo Avellaneda Mesa;MOVIMIENTO ALTERNATIVO INDIGENA Y SOCIAL MAIS;14
TOPAGA;Edwin Alfonso Perez Beltran;PARTIDO ALIANZA SOCIAL INDEPENDIENTE ASI;13
TOPAGA;Carlos Julian Diaz Franco;PARTIDO ALIANZA SOCIAL INDEPENDIENTE ASI;12
TOPAGA;Carlos Alfredo Siza Blanco;PARTIDO CONSERVADOR COLOMBIANO;11
TOPAGA;Flor Elba Velandia Cely;PARTIDO ALIANZA SOCIAL INDEPENDIENTE ASI;11
TOPAGA;Partido Cambio Radical;PARTIDO CAMBIO RADICAL;11
TOPAGA;Johan Francisco Herrera Gualdron;PARTIDO ALIANZA VERDE;10
TOPAGA;Jorge Marin Jerez Amado;PARTIDO LIBERAL COLOMBIANO;10
TOPAGA;Andres Mauricio Escarria Barraza;PARTIDO CAMBIO RADICAL;9
TOPAGA;Carlos Eduardo Vega Alvarez;BOYACA DECENTE;9
TOPAGA;Pablo Antonio Zambrano Salamanca;PARTIDO CONSERVADOR COLOMBIANO;9
TOPAGA;Pedro Pablo Salas Hernandez;PARTIDO ALIANZA VERDE;9
TOPAGA;Sergio Cabra Sierra;PARTIDO SOCIAL DE UNIDAD NACIONAL  PARTIDO DE LA U;9
TOPAGA;Eliana Maria Villate Fonseca;PARTIDO CONSERVADOR COLOMBIANO;8
TOPAGA;Fabian Camilo Rojas Barrera;PARTIDO LIBERAL COLOMBIANO;8
TOPAGA;Movimiento Alternativo Indigena Y Social Mais;MOVIMIENTO ALTERNATIVO INDIGENA Y SOCIAL MAIS;8
TOPAGA;Omar Fernando Valderrama Baez;PARTIDO CENTRO DEMOCRATICO;8
TOPAGA;Sonia Esperanza Lopez Barrera;PARTIDO CONSERVADOR COLOMBIANO;8
TOPAGA;Yadith Milena Martinez Farfan;PARTIDO CENTRO DEMOCRATICO;8
TOPAGA;Angela Patricia Velandia Novoa;PARTIDO ALIANZA VERDE;7
TOPAGA;Fernando Augusto Diaz Saenz;PARTIDO CONSERVADOR COLOMBIANO;7
TOPAGA;Ivan Ricardo Pirachican Bernal;PARTIDO CONSERVADOR COLOMBIANO;7
TOPAGA;Jorge Enrique Camacho Rodriguez;PARTIDO ALIANZA SOCIAL INDEPENDIENTE ASI;7
TOPAGA;Jose Mauricio Buitrago Rivera;PARTIDO CAMBIO RADICAL;7
TOPAGA;Luz Dary Sevillano Guerrero;PARTIDO ALIANZA VERDE;7
TOPAGA;Oscar Leonardo Montañez Sierra;PARTIDO CAMBIO RADICAL;7
TOPAGA;Partido Alianza Social Independiente Asi;PARTIDO ALIANZA SOCIAL INDEPENDIENTE ASI;7
TOPAGA;Wilder Ivan Suesca Ochoa;PARTIDO CENTRO DEMOCRATICO;7
TOPAGA;Ana Adela Pulido Cuadros;PARTIDO CONSERVADOR COLOMBIANO;6
TOPAGA;Armando Buitrago Acevedo;PARTIDO ALIANZA SOCIAL INDEPENDIENTE ASI;6
TOPAGA;Ericka Leonor Amador Gamarra;PARTIDO SOCIAL DE UNIDAD NACIONAL  PARTIDO DE LA U;6
TOPAGA;Estefany Johana Grajales Marin;MOVIMIENTO ALTERNATIVO INDIGENA Y SOCIAL MAIS;6
TOPAGA;Julian Guillermo Camargo Amortegui;MOVIMIENTO ALTERNATIVO INDIGENA Y SOCIAL MAIS;6
TOPAGA;Merardo Vargas Roa;PARTIDO ALIANZA VERDE;6
TOPAGA;Partido Centro Democratico;PARTIDO CENTRO DEMOCRATICO;6
TOPAGA;Wilton Fredy Castro Silva;PARTIDO ALIANZA VERDE;6
TOPAGA;Alvaro Hernan Forero Hurtado;BOYACA DECENTE;5
TOPAGA;Daniel Fernando Mejia Lozano;PARTIDO ALIANZA SOCIAL INDEPENDIENTE ASI;5
TOPAGA;Irma Yineth Velandia Sandoval;PARTIDO CAMBIO RADICAL;5
TOPAGA;Maira Adriana Zerda Gonzalez;PARTIDO ALIANZA VERDE;5
TOPAGA;Partido Liberal Colombiano;PARTIDO LIBERAL COLOMBIANO;5
TOPAGA;Partido Social De Unidad Nacional  Partido De La U;PARTIDO SOCIAL DE UNIDAD NACIONAL  PARTIDO DE LA U;5
TOPAGA;Fredy Julian Castro Rodriguez;PARTIDO CENTRO DEMOCRATICO;4
TOPAGA;Ingrid Marlen Sogamoso Alfonso;PARTIDO CENTRO DEMOCRATICO;4
TOPAGA;Mauricio Cadena Valero;PARTIDO CENTRO DEMOCRATICO;4
TOPAGA;Neddy Esther Sandoval Figueredo;PARTIDO LIBERAL COLOMBIANO;4
TOPAGA;Sandra Milena Ramirez Moreno;PARTIDO CAMBIO RADICAL;4
TOPAGA;Sandra Patricia Ricaurte Espinel;PARTIDO CAMBIO RADICAL;4
TOPAGA;Adriana Paola Laverde Rodriguez;MOVIMIENTO ALTERNATIVO INDIGENA Y SOCIAL MAIS;3
TOPAGA;Angela Rocio Umaña Rojas;PARTIDO CONSERVADOR COLOMBIANO;3
TOPAGA;Elsa Marlen Manrique Pulgar;PARTIDO LIBERAL COLOMBIANO;3
TOPAGA;Gregorio Morales Tovar;BOYACA DECENTE;3
TOPAGA;Henry Goyeneche Hormaza;PARTIDO ALIANZA SOCIAL INDEPENDIENTE ASI;3
TOPAGA;Jairo Enrique Cabana Fonseca;PARTIDO ALIANZA VERDE;3
TOPAGA;Lizeth Paola Saade Fuentes;MOVIMIENTO ALTERNATIVO INDIGENA Y SOCIAL MAIS;3
TOPAGA;Norman De Jesus Quintero Gallego;PARTIDO CONSERVADOR COLOMBIANO;3
TOPAGA;Olga Niño Rojas;PARTIDO CENTRO DEMOCRATICO;3
TOPAGA;Siervo Yesith Gonzalez Saavedra;PARTIDO CAMBIO RADICAL;3
TOPAGA;David Santiago Ochoa Garcia;PARTIDO SOCIAL DE UNIDAD NACIONAL  PARTIDO DE LA U;2
TOPAGA;Eliana Hasleidy Gamez Pinilla;PARTIDO CAMBIO RADICAL;2
TOPAGA;John Fredy Lopez Mora;MOVIMIENTO ALTERNATIVO INDIGENA Y SOCIAL MAIS;2
TOPAGA;Jorge Eduardo Diaz Avendaño;MOVIMIENTO ALTERNATIVO INDIGENA Y SOCIAL MAIS;2
TOPAGA;Juan Camilo Morales Rodriguez;PARTIDO LIBERAL COLOMBIANO;2
TOPAGA;Juddy Alexandra Jimenez Cuadros;PARTIDO SOCIAL DE UNIDAD NACIONAL  PARTIDO DE LA U;2
TOPAGA;Julieth Rocio Montañez Niño;PARTIDO ALIANZA SOCIAL INDEPENDIENTE ASI;2
TOPAGA;Laura Patricia Contreras Alvarez;PARTIDO ALIANZA SOCIAL INDEPENDIENTE ASI;2
TOPAGA;Nereo Baron Tellez;MOVIMIENTO ALTERNATIVO INDIGENA Y SOCIAL MAIS;2
TOPAGA;Alba Luz Becerra Becerra;PARTIDO ALIANZA SOCIAL INDEPENDIENTE ASI;1
TOPAGA;Ana Lucia Parra Monroy;PARTIDO SOCIAL DE UNIDAD NACIONAL  PARTIDO DE LA U;1
TOPAGA;Andrea Carolina Camargo Caro;MOVIMIENTO ALTERNATIVO INDIGENA Y SOCIAL MAIS;1
TOPAGA;Claudia Yaneth Avila Castillo;PARTIDO SOCIAL DE UNIDAD NACIONAL  PARTIDO DE LA U;1
TOPAGA;David Alejandro Avila Cely;MOVIMIENTO ALTERNATIVO INDIGENA Y SOCIAL MAIS;1
TOPAGA;Edgar Antulio Gonzalez Trujillo;BOYACA DECENTE;1
TOPAGA;Edwin Andres Rodriguez Rodriguez;PARTIDO LIBERAL COLOMBIANO;1
TOPAGA;Giovanna Del Pilar Soto Barreto;PARTIDO CAMBIO RADICAL;1
TOPAGA;Helver Ariel Avila Panche;PARTIDO CENTRO DEMOCRATICO;1
TOPAGA;Jairo Pacheco Suarez;PARTIDO LIBERAL COLOMBIANO;1
TOPAGA;Jose Agustin Arias Millan;PARTIDO CENTRO DEMOCRATICO;1
TOPAGA;Kiliam Ernesto Gonzalez Forero;BOYACA DECENTE;1
TOPAGA;Maria Francia Blanco Pedroza;BOYACA DECENTE;1
TOPAGA;Martha Ines Zipa Martinez;PARTIDO CAMBIO RADICAL;1
TOPAGA;Omar Humberto Villamil Munevar;PARTIDO CONSERVADOR COLOMBIANO;1
TOPAGA;Pedro Humberto Vargas Gomez;PARTIDO LIBERAL COLOMBIANO;1
TOPAGA;Sandra Patricia Contreras Soto;PARTIDO LIBERAL COLOMBIANO;1
TOPAGA;Boyaca Decente;BOYACA DECENTE;0
TOPAGA;David Santiago Diaz Guio;PARTIDO SOCIAL DE UNIDAD NACIONAL  PARTIDO DE LA U;0
TOTA;Yury Neill Diaz Aranguren;MOVIMIENTO ALTERNATIVO INDIGENA Y SOCIAL MAIS;1385
TOTA;Fernando Alexander Serrato Fonseca;PARTIDO LIBERAL COLOMBIANO;132
TOTA;Hector Josue Camacho Acosta;PARTIDO CENTRO DEMOCRATICO;99
TOTA;William Rodolfo Mesa Avella;PARTIDO CENTRO DEMOCRATICO;73
TOTA;Carlos Ernesto Torres Aguirre;PARTIDO CONSERVADOR COLOMBIANO;56
TOTA;Yamir Oswaldo Lopez Peña;PARTIDO ALIANZA VERDE;53
TOTA;Jairo Pacheco Suarez;PARTIDO LIBERAL COLOMBIANO;49
TOTA;Luis Carlos Bernal Mesa;PARTIDO SOCIAL DE UNIDAD NACIONAL  PARTIDO DE LA U;48
TOTA;Partido Alianza Verde;PARTIDO ALIANZA VERDE;48
TOTA;Movimiento Alternativo Indigena Y Social Mais;MOVIMIENTO ALTERNATIVO INDIGENA Y SOCIAL MAIS;47
TOTA;Manuel Ricardo Mesa Trujillo;PARTIDO SOCIAL DE UNIDAD NACIONAL  PARTIDO DE LA U;46
TOTA;Hernando Arias Ochoa;PARTIDO ALIANZA SOCIAL INDEPENDIENTE ASI;41
TOTA;Wilkins Fernando Chaparro Cuervo;PARTIDO ALIANZA SOCIAL INDEPENDIENTE ASI;41
TOTA;Ricardo Alonso Rojas Sachica;PARTIDO ALIANZA VERDE;32
TOTA;Partido Centro Democratico;PARTIDO CENTRO DEMOCRATICO;27
TOTA;Partido Liberal Colombiano;PARTIDO LIBERAL COLOMBIANO;27
TOTA;Estefany Johana Grajales Marin;MOVIMIENTO ALTERNATIVO INDIGENA Y SOCIAL MAIS;24
TOTA;Partido Alianza Social Independiente Asi;PARTIDO ALIANZA SOCIAL INDEPENDIENTE ASI;21
TOTA;Roman Hernando Ortega Hernandez;PARTIDO ALIANZA VERDE;20
TOTA;Ivan Ricardo Pirachican Bernal;PARTIDO CONSERVADOR COLOMBIANO;19
TOTA;Jose Armando Quiñones Garzon;PARTIDO CENTRO DEMOCRATICO;19
TOTA;Partido Conservador Colombiano;PARTIDO CONSERVADOR COLOMBIANO;16
TOTA;Hugo Alveiro Rosas Romero;PARTIDO ALIANZA VERDE;14
TOTA;Partido Social De Unidad Nacional  Partido De La U;PARTIDO SOCIAL DE UNIDAD NACIONAL  PARTIDO DE LA U;14
TOTA;Fabian Camilo Rojas Barrera;PARTIDO LIBERAL COLOMBIANO;13
TOTA;Oscar Leonardo Montañez Sierra;PARTIDO CAMBIO RADICAL;13
TOTA;Wilder Ivan Suesca Ochoa;PARTIDO CENTRO DEMOCRATICO;12
TOTA;Maria De Los Santos Salamanca Silva;PARTIDO ALIANZA VERDE;11
TOTA;Partido Cambio Radical;PARTIDO CAMBIO RADICAL;11
TOTA;Gustavo Eduardo Castañeda Niño;PARTIDO ALIANZA VERDE;10
TOTA;Ingrid Marlen Sogamoso Alfonso;PARTIDO CENTRO DEMOCRATICO;10
TOTA;Jairo Correa Acevedo;MOVIMIENTO ALTERNATIVO INDIGENA Y SOCIAL MAIS;10
TOTA;Willian David Pabon Jimenez;PARTIDO SOCIAL DE UNIDAD NACIONAL  PARTIDO DE LA U;10
TOTA;Jhonnatan Jairo Avellaneda Mesa;MOVIMIENTO ALTERNATIVO INDIGENA Y SOCIAL MAIS;9
TOTA;Wilton Fredy Castro Silva;PARTIDO ALIANZA VERDE;9
TOTA;Andrea Carolina Camargo Caro;MOVIMIENTO ALTERNATIVO INDIGENA Y SOCIAL MAIS;7
TOTA;Angela Patricia Velandia Novoa;PARTIDO ALIANZA VERDE;7
TOTA;Flor Elba Velandia Cely;PARTIDO ALIANZA SOCIAL INDEPENDIENTE ASI;7
TOTA;Johan Francisco Herrera Gualdron;PARTIDO ALIANZA VERDE;7
TOTA;John Fredy Lopez Mora;MOVIMIENTO ALTERNATIVO INDIGENA Y SOCIAL MAIS;7
TOTA;Luis Carlos Machado Zapata;PARTIDO LIBERAL COLOMBIANO;7
TOTA;Adriana Paola Laverde Rodriguez;MOVIMIENTO ALTERNATIVO INDIGENA Y SOCIAL MAIS;6
TOTA;Alfredo Horacio Correa Higuera;PARTIDO CAMBIO RADICAL;6
TOTA;Armando Buitrago Acevedo;PARTIDO ALIANZA SOCIAL INDEPENDIENTE ASI;6
TOTA;Sandra Patricia Contreras Soto;PARTIDO LIBERAL COLOMBIANO;6
TOTA;Alvaro Hernan Forero Hurtado;BOYACA DECENTE;5
TOTA;Concha Jael Vargas Saavedra;PARTIDO CONSERVADOR COLOMBIANO;5
TOTA;Elsa Marlen Manrique Pulgar;PARTIDO LIBERAL COLOMBIANO;5
TOTA;Jorge Eduardo Diaz Avendaño;MOVIMIENTO ALTERNATIVO INDIGENA Y SOCIAL MAIS;5
TOTA;Jose Mauricio Buitrago Rivera;PARTIDO CAMBIO RADICAL;5
TOTA;Nereo Baron Tellez;MOVIMIENTO ALTERNATIVO INDIGENA Y SOCIAL MAIS;5
TOTA;Olga Niño Rojas;PARTIDO CENTRO DEMOCRATICO;5
TOTA;Partido Colombia Justa Libres;PARTIDO COLOMBIA JUSTA LIBRES;5
TOTA;Jose Antonio Estupiñan Caceres;PARTIDO CONSERVADOR COLOMBIANO;4
TOTA;Julian Guillermo Camargo Amortegui;MOVIMIENTO ALTERNATIVO INDIGENA Y SOCIAL MAIS;4
TOTA;Luz Dary Sevillano Guerrero;PARTIDO ALIANZA VERDE;4
TOTA;Omar Fernando Valderrama Baez;PARTIDO CENTRO DEMOCRATICO;4
TOTA;Ricardo Andres Español Teatino;PARTIDO LIBERAL COLOMBIANO;4
TOTA;Alba Luz Becerra Becerra;PARTIDO ALIANZA SOCIAL INDEPENDIENTE ASI;3
TOTA;Edwin Alfonso Perez Beltran;PARTIDO ALIANZA SOCIAL INDEPENDIENTE ASI;3
TOTA;Eliana Maria Villate Fonseca;PARTIDO CONSERVADOR COLOMBIANO;3
TOTA;Henry Goyeneche Hormaza;PARTIDO ALIANZA SOCIAL INDEPENDIENTE ASI;3
TOTA;Jorge Enrique Camacho Rodriguez;PARTIDO ALIANZA SOCIAL INDEPENDIENTE ASI;3
TOTA;Pedro Humberto Vargas Gomez;PARTIDO LIBERAL COLOMBIANO;3
TOTA;Pedro Pablo Salas Hernandez;PARTIDO ALIANZA VERDE;3
TOTA;Uldarico Javier Ramirez Chilito;MOVIMIENTO ALTERNATIVO INDIGENA Y SOCIAL MAIS;3
TOTA;Ana Adela Pulido Cuadros;PARTIDO CONSERVADOR COLOMBIANO;2
TOTA;Anderson Joaquin Sanchez Ruiz;PARTIDO LIBERAL COLOMBIANO;2
TOTA;Andres Mauricio Escarria Barraza;PARTIDO CAMBIO RADICAL;2
TOTA;Claudia Yaneth Avila Castillo;PARTIDO SOCIAL DE UNIDAD NACIONAL  PARTIDO DE LA U;2
TOTA;Daniel Fernando Mejia Lozano;PARTIDO ALIANZA SOCIAL INDEPENDIENTE ASI;2
TOTA;Erika Dayana Piragauta Rodriguez;PARTIDO LIBERAL COLOMBIANO;2
TOTA;Fredy Julian Castro Rodriguez;PARTIDO CENTRO DEMOCRATICO;2
TOTA;Jhon Fredy Garavito Cortes;PARTIDO SOCIAL DE UNIDAD NACIONAL  PARTIDO DE LA U;2
TOTA;Jose Dario Mahecha Castillo;PARTIDO CONSERVADOR COLOMBIANO;2
TOTA;Jose Wilmar Leal Abril;PARTIDO CAMBIO RADICAL;2
TOTA;Juan Camilo Morales Rodriguez;PARTIDO LIBERAL COLOMBIANO;2
TOTA;Luis Carlos Ochoa Pasachoa;PARTIDO ALIANZA VERDE;2
TOTA;Maira Adriana Zerda Gonzalez;PARTIDO ALIANZA VERDE;2
TOTA;Martha Ines Zipa Martinez;PARTIDO CAMBIO RADICAL;2
TOTA;Mauricio Cadena Valero;PARTIDO CENTRO DEMOCRATICO;2
TOTA;Orlando Florez Cuervo;PARTIDO CENTRO DEMOCRATICO;2
TOTA;Siervo Yesith Gonzalez Saavedra;PARTIDO CAMBIO RADICAL;2
TOTA;Vivian Catherin Alvarez;PARTIDO ALIANZA SOCIAL INDEPENDIENTE ASI;2
TOTA;Yadith Milena Martinez Farfan;PARTIDO CENTRO DEMOCRATICO;2
TOTA;Alberto Enrique Murillo Sanchez;PARTIDO CAMBIO RADICAL;1
TOTA;Angela Magaly Garcia Rivera;MOVIMIENTO ALTERNATIVO INDIGENA Y SOCIAL MAIS;1
TOTA;Aura Lucia Ortiz Cardona;PARTIDO CENTRO DEMOCRATICO;1
TOTA;Carlos Julian Diaz Franco;PARTIDO ALIANZA SOCIAL INDEPENDIENTE ASI;1
TOTA;Cesar Augusto Mojica Bedoya;PARTIDO SOCIAL DE UNIDAD NACIONAL  PARTIDO DE LA U;1
TOTA;Claudia Patricia Barrera Patiño;PARTIDO SOCIAL DE UNIDAD NACIONAL  PARTIDO DE LA U;1
TOTA;David Santiago Diaz Guio;PARTIDO SOCIAL DE UNIDAD NACIONAL  PARTIDO DE LA U;1
TOTA;Eliana Hasleidy Gamez Pinilla;PARTIDO CAMBIO RADICAL;1
TOTA;Fredy Enrique Segura Alonso;BOYACA DECENTE;1
TOTA;Fredy Leonardo Rojas Vargas;PARTIDO CENTRO DEMOCRATICO;1
TOTA;Irma Yineth Velandia Sandoval;PARTIDO CAMBIO RADICAL;1
TOTA;Jairo Enrique Cabana Fonseca;PARTIDO ALIANZA VERDE;1
TOTA;Juddy Alexandra Jimenez Cuadros;PARTIDO SOCIAL DE UNIDAD NACIONAL  PARTIDO DE LA U;1
TOTA;Julieth Rocio Montañez Niño;PARTIDO ALIANZA SOCIAL INDEPENDIENTE ASI;1
TOTA;Katherin Tatiana Calderon Acosta;PARTIDO CENTRO DEMOCRATICO;1
TOTA;Lizeth Paola Saade Fuentes;MOVIMIENTO ALTERNATIVO INDIGENA Y SOCIAL MAIS;1
TOTA;Luisa Fernanda Rodriguez Alfonso;PARTIDO ALIANZA VERDE;1
TOTA;Maria Francia Blanco Pedroza;BOYACA DECENTE;1
TOTA;Neddy Esther Sandoval Figueredo;PARTIDO LIBERAL COLOMBIANO;1
TOTA;Nelson Mauricio Rodriguez Perez;PARTIDO CONSERVADOR COLOMBIANO;1
TOTA;Sandra Milena Ramirez Moreno;PARTIDO CAMBIO RADICAL;1
TOTA;Segundo Fidel Salazar Gonzalez;PARTIDO SOCIAL DE UNIDAD NACIONAL  PARTIDO DE LA U;1
TOTA;Sonia Esperanza Lopez Barrera;PARTIDO CONSERVADOR COLOMBIANO;1
TUNJA;Juan Camilo Morales Rodriguez;PARTIDO LIBERAL COLOMBIANO;3332
TUNJA;Angela Patricia Velandia Novoa;PARTIDO ALIANZA VERDE;3089
TUNJA;Hugo Alveiro Rosas Romero;PARTIDO ALIANZA VERDE;3024
TUNJA;Partido Colombia Justa Libres;PARTIDO COLOMBIA JUSTA LIBRES;2588
TUNJA;Yamir Oswaldo Lopez Peña;PARTIDO ALIANZA VERDE;2340
TUNJA;Jairo Enrique Cabana Fonseca;PARTIDO ALIANZA VERDE;2330
TUNJA;Luisa Fernanda Rodriguez Alfonso;PARTIDO ALIANZA VERDE;2195
TUNJA;Jairo Pacheco Suarez;PARTIDO LIBERAL COLOMBIANO;2044
TUNJA;Pedro Pablo Salas Hernandez;PARTIDO ALIANZA VERDE;2023
TUNJA;Jose Antonio Estupiñan Caceres;PARTIDO CONSERVADOR COLOMBIANO;1954
TUNJA;Fabian Camilo Rojas Barrera;PARTIDO LIBERAL COLOMBIANO;1850
TUNJA;Ricardo Alonso Rojas Sachica;PARTIDO ALIANZA VERDE;1730
TUNJA;Ivan Ricardo Pirachican Bernal;PARTIDO CONSERVADOR COLOMBIANO;1623
TUNJA;Sandra Patricia Contreras Soto;PARTIDO LIBERAL COLOMBIANO;1547
TUNJA;Gustavo Eduardo Castañeda Niño;PARTIDO ALIANZA VERDE;1489
TUNJA;Fernando Alexander Serrato Fonseca;PARTIDO LIBERAL COLOMBIANO;1482
TUNJA;Nelson Mauricio Rodriguez Perez;PARTIDO CONSERVADOR COLOMBIANO;1340
TUNJA;Wilder Ivan Suesca Ochoa;PARTIDO CENTRO DEMOCRATICO;1260
TUNJA;Partido Alianza Verde;PARTIDO ALIANZA VERDE;1175
TUNJA;Hector Josue Camacho Acosta;PARTIDO CENTRO DEMOCRATICO;1135
TUNJA;Anderson Joaquin Sanchez Ruiz;PARTIDO LIBERAL COLOMBIANO;1032
TUNJA;Yury Neill Diaz Aranguren;MOVIMIENTO ALTERNATIVO INDIGENA Y SOCIAL MAIS;869
TUNJA;Luis Carlos Ochoa Pasachoa;PARTIDO ALIANZA VERDE;858
TUNJA;Alvaro Hernan Forero Hurtado;BOYACA DECENTE;827
TUNJA;William Rodolfo Mesa Avella;PARTIDO CENTRO DEMOCRATICO;668
TUNJA;Jose Armando Quiñones Garzon;PARTIDO CENTRO DEMOCRATICO;651
TUNJA;Johan Francisco Herrera Gualdron;PARTIDO ALIANZA VERDE;642
TUNJA;Jose Dario Mahecha Castillo;PARTIDO CONSERVADOR COLOMBIANO;554
TUNJA;Merardo Vargas Roa;PARTIDO ALIANZA VERDE;540
TUNJA;Jose Wilmar Leal Abril;PARTIDO CAMBIO RADICAL;487
TUNJA;Movimiento Alternativo Indigena Y Social Mais;MOVIMIENTO ALTERNATIVO INDIGENA Y SOCIAL MAIS;456
TUNJA;Jorge Marin Jerez Amado;PARTIDO LIBERAL COLOMBIANO;450
TUNJA;Omar Fernando Valderrama Baez;PARTIDO CENTRO DEMOCRATICO;403
TUNJA;Jhonnatan Jairo Avellaneda Mesa;MOVIMIENTO ALTERNATIVO INDIGENA Y SOCIAL MAIS;400
TUNJA;Partido Liberal Colombiano;PARTIDO LIBERAL COLOMBIANO;395
TUNJA;Mariev Bejarano Ospina;BOYACA DECENTE;388
TUNJA;Oscar Leonardo Montañez Sierra;PARTIDO CAMBIO RADICAL;375
TUNJA;Maira Adriana Zerda Gonzalez;PARTIDO ALIANZA VERDE;368
TUNJA;Boyaca Decente;BOYACA DECENTE;366
TUNJA;Carlos Alfredo Siza Blanco;PARTIDO CONSERVADOR COLOMBIANO;365
TUNJA;Adriana Paola Laverde Rodriguez;MOVIMIENTO ALTERNATIVO INDIGENA Y SOCIAL MAIS;345
TUNJA;Carlos Ernesto Torres Aguirre;PARTIDO CONSERVADOR COLOMBIANO;345
TUNJA;Jose Agustin Arias Millan;PARTIDO CENTRO DEMOCRATICO;343
TUNJA;Partido Centro Democratico;PARTIDO CENTRO DEMOCRATICO;332
TUNJA;Elsa Marlen Manrique Pulgar;PARTIDO LIBERAL COLOMBIANO;321
TUNJA;Neddy Esther Sandoval Figueredo;PARTIDO LIBERAL COLOMBIANO;309
TUNJA;Ingrid Marlen Sogamoso Alfonso;PARTIDO CENTRO DEMOCRATICO;308
TUNJA;Fernando Augusto Diaz Saenz;PARTIDO CONSERVADOR COLOMBIANO;290
TUNJA;Fredy Enrique Segura Alonso;BOYACA DECENTE;288
TUNJA;Alfredo Horacio Correa Higuera;PARTIDO CAMBIO RADICAL;286
TUNJA;Concha Jael Vargas Saavedra;PARTIDO CONSERVADOR COLOMBIANO;284
TUNJA;Ana Adela Pulido Cuadros;PARTIDO CONSERVADOR COLOMBIANO;283
TUNJA;Ericka Leonor Amador Gamarra;PARTIDO SOCIAL DE UNIDAD NACIONAL  PARTIDO DE LA U;281
TUNJA;Roman Hernando Ortega Hernandez;PARTIDO ALIANZA VERDE;281
TUNJA;Mauricio Cadena Valero;PARTIDO CENTRO DEMOCRATICO;272
TUNJA;Partido Conservador Colombiano;PARTIDO CONSERVADOR COLOMBIANO;270
TUNJA;Uldarico Javier Ramirez Chilito;MOVIMIENTO ALTERNATIVO INDIGENA Y SOCIAL MAIS;262
TUNJA;Luz Dary Sevillano Guerrero;PARTIDO ALIANZA VERDE;261
TUNJA;Jairo Correa Acevedo;MOVIMIENTO ALTERNATIVO INDIGENA Y SOCIAL MAIS;259
TUNJA;Estefany Johana Grajales Marin;MOVIMIENTO ALTERNATIVO INDIGENA Y SOCIAL MAIS;255
TUNJA;Wilton Fredy Castro Silva;PARTIDO ALIANZA VERDE;253
TUNJA;Luis Carlos Machado Zapata;PARTIDO LIBERAL COLOMBIANO;250
TUNJA;Pedro Humberto Vargas Gomez;PARTIDO LIBERAL COLOMBIANO;241
TUNJA;Carmen Liria Prieto Cortes;BOYACA DECENTE;240
TUNJA;Eliana Hasleidy Gamez Pinilla;PARTIDO CAMBIO RADICAL;237
TUNJA;Ricardo Andres Español Teatino;PARTIDO LIBERAL COLOMBIANO;229
TUNJA;Antonio Ernesto Leguizamo Diaz;PARTIDO LIBERAL COLOMBIANO;227
TUNJA;Maria De Los Santos Salamanca Silva;PARTIDO ALIANZA VERDE;223
TUNJA;Nereo Baron Tellez;MOVIMIENTO ALTERNATIVO INDIGENA Y SOCIAL MAIS;222
TUNJA;Ana Lucia Parra Monroy;PARTIDO SOCIAL DE UNIDAD NACIONAL  PARTIDO DE LA U;216
TUNJA;Edwin Andres Rodriguez Rodriguez;PARTIDO LIBERAL COLOMBIANO;212
TUNJA;Jorge Eduardo Diaz Avendaño;MOVIMIENTO ALTERNATIVO INDIGENA Y SOCIAL MAIS;212
TUNJA;Manuel Ricardo Mesa Trujillo;PARTIDO SOCIAL DE UNIDAD NACIONAL  PARTIDO DE LA U;211
TUNJA;Jhon Fredy Garavito Cortes;PARTIDO SOCIAL DE UNIDAD NACIONAL  PARTIDO DE LA U;210
TUNJA;Edwin Alfonso Perez Beltran;PARTIDO ALIANZA SOCIAL INDEPENDIENTE ASI;201
TUNJA;Flor Elba Velandia Cely;PARTIDO ALIANZA SOCIAL INDEPENDIENTE ASI;201
TUNJA;Andres Mauricio Escarria Barraza;PARTIDO CAMBIO RADICAL;200
TUNJA;Armando Buitrago Acevedo;PARTIDO ALIANZA SOCIAL INDEPENDIENTE ASI;184
TUNJA;Hernando Arias Ochoa;PARTIDO ALIANZA SOCIAL INDEPENDIENTE ASI;182
TUNJA;Segundo Fidel Salazar Gonzalez;PARTIDO SOCIAL DE UNIDAD NACIONAL  PARTIDO DE LA U;182
TUNJA;Wilkins Fernando Chaparro Cuervo;PARTIDO ALIANZA SOCIAL INDEPENDIENTE ASI;182
TUNJA;Ana Delia Avendaño Hernandez;PARTIDO LIBERAL COLOMBIANO;179
TUNJA;Laura Patricia Contreras Alvarez;PARTIDO ALIANZA SOCIAL INDEPENDIENTE ASI;175
TUNJA;Partido Alianza Social Independiente Asi;PARTIDO ALIANZA SOCIAL INDEPENDIENTE ASI;167
TUNJA;Partido Cambio Radical;PARTIDO CAMBIO RADICAL;166
TUNJA;Martha Ines Zipa Martinez;PARTIDO CAMBIO RADICAL;163
TUNJA;Julian Guillermo Camargo Amortegui;MOVIMIENTO ALTERNATIVO INDIGENA Y SOCIAL MAIS;162
TUNJA;Yadith Milena Martinez Farfan;PARTIDO CENTRO DEMOCRATICO;161
TUNJA;David Santiago Ochoa Garcia;PARTIDO SOCIAL DE UNIDAD NACIONAL  PARTIDO DE LA U;156
TUNJA;Jorge Enrique Camacho Rodriguez;PARTIDO ALIANZA SOCIAL INDEPENDIENTE ASI;154
TUNJA;Erika Dayana Piragauta Rodriguez;PARTIDO LIBERAL COLOMBIANO;150
TUNJA;Jose Mauricio Buitrago Rivera;PARTIDO CAMBIO RADICAL;149
TUNJA;Willian David Pabon Jimenez;PARTIDO SOCIAL DE UNIDAD NACIONAL  PARTIDO DE LA U;149
TUNJA;Alberto Enrique Murillo Sanchez;PARTIDO CAMBIO RADICAL;145
TUNJA;Omar Humberto Villamil Munevar;PARTIDO CONSERVADOR COLOMBIANO;141
TUNJA;Jose Leonidas Medina Cruz;PARTIDO SOCIAL DE UNIDAD NACIONAL  PARTIDO DE LA U;138
TUNJA;Siervo Yesith Gonzalez Saavedra;PARTIDO CAMBIO RADICAL;137
TUNJA;Luis Carlos Bernal Mesa;PARTIDO SOCIAL DE UNIDAD NACIONAL  PARTIDO DE LA U;135
TUNJA;Norman De Jesus Quintero Gallego;PARTIDO CONSERVADOR COLOMBIANO;133
TUNJA;Sergio Cabra Sierra;PARTIDO SOCIAL DE UNIDAD NACIONAL  PARTIDO DE LA U;126
TUNJA;Orlando Florez Cuervo;PARTIDO CENTRO DEMOCRATICO;124
TUNJA;Angela Magaly Garcia Rivera;MOVIMIENTO ALTERNATIVO INDIGENA Y SOCIAL MAIS;123
TUNJA;Daniel Fernando Mejia Lozano;PARTIDO ALIANZA SOCIAL INDEPENDIENTE ASI;121
TUNJA;Fredy Leonardo Rojas Vargas;PARTIDO CENTRO DEMOCRATICO;119
TUNJA;Carlos Julian Diaz Franco;PARTIDO ALIANZA SOCIAL INDEPENDIENTE ASI;116
TUNJA;David Alejandro Avila Cely;MOVIMIENTO ALTERNATIVO INDIGENA Y SOCIAL MAIS;116
TUNJA;Cesar Augusto Mojica Bedoya;PARTIDO SOCIAL DE UNIDAD NACIONAL  PARTIDO DE LA U;112
TUNJA;Fredy Julian Castro Rodriguez;PARTIDO CENTRO DEMOCRATICO;111
TUNJA;Andrea Carolina Camargo Caro;MOVIMIENTO ALTERNATIVO INDIGENA Y SOCIAL MAIS;110
TUNJA;Pablo Antonio Zambrano Salamanca;PARTIDO CONSERVADOR COLOMBIANO;101
TUNJA;David Santiago Diaz Guio;PARTIDO SOCIAL DE UNIDAD NACIONAL  PARTIDO DE LA U;97
TUNJA;Sonia Esperanza Lopez Barrera;PARTIDO CONSERVADOR COLOMBIANO;97
TUNJA;Giovanna Del Pilar Soto Barreto;PARTIDO CAMBIO RADICAL;96
TUNJA;Partido Social De Unidad Nacional  Partido De La U;PARTIDO SOCIAL DE UNIDAD NACIONAL  PARTIDO DE LA U;96
TUNJA;Olga Niño Rojas;PARTIDO CENTRO DEMOCRATICO;94
TUNJA;Eliana Maria Villate Fonseca;PARTIDO CONSERVADOR COLOMBIANO;93
TUNJA;Sandra Milena Ramirez Moreno;PARTIDO CAMBIO RADICAL;91
TUNJA;Carlos Eduardo Vega Alvarez;BOYACA DECENTE;85
TUNJA;Julieth Rocio Montañez Niño;PARTIDO ALIANZA SOCIAL INDEPENDIENTE ASI;82
TUNJA;Sandra Patricia Ricaurte Espinel;PARTIDO CAMBIO RADICAL;82
TUNJA;Irma Yineth Velandia Sandoval;PARTIDO CAMBIO RADICAL;80
TUNJA;Edgar Antulio Gonzalez Trujillo;BOYACA DECENTE;75
TUNJA;Jaime Andres Gomez Gomez;PARTIDO CONSERVADOR COLOMBIANO;69
TUNJA;Angela Rocio Umaña Rojas;PARTIDO CONSERVADOR COLOMBIANO;68
TUNJA;John Fredy Lopez Mora;MOVIMIENTO ALTERNATIVO INDIGENA Y SOCIAL MAIS;66
TUNJA;Alba Luz Becerra Becerra;PARTIDO ALIANZA SOCIAL INDEPENDIENTE ASI;65
TUNJA;Helver Ariel Avila Panche;PARTIDO CENTRO DEMOCRATICO;55
TUNJA;Katherin Tatiana Calderon Acosta;PARTIDO CENTRO DEMOCRATICO;55
TUNJA;Lizeth Paola Saade Fuentes;MOVIMIENTO ALTERNATIVO INDIGENA Y SOCIAL MAIS;55
TUNJA;Kiliam Ernesto Gonzalez Forero;BOYACA DECENTE;53
TUNJA;Nelsy Yolanda Rivera Ferrucho;BOYACA DECENTE;52
TUNJA;Juddy Alexandra Jimenez Cuadros;PARTIDO SOCIAL DE UNIDAD NACIONAL  PARTIDO DE LA U;50
TUNJA;Claudia Yaneth Avila Castillo;PARTIDO SOCIAL DE UNIDAD NACIONAL  PARTIDO DE LA U;47
TUNJA;Gregorio Morales Tovar;BOYACA DECENTE;39
TUNJA;Jorge Ignacio Lopez Barrera;BOYACA DECENTE;39
TUNJA;Aura Lucia Ortiz Cardona;PARTIDO CENTRO DEMOCRATICO;38
TUNJA;Henry Goyeneche Hormaza;PARTIDO ALIANZA SOCIAL INDEPENDIENTE ASI;30
TUNJA;Maria Francia Blanco Pedroza;BOYACA DECENTE;27
TUNJA;Vivian Catherin Alvarez;PARTIDO ALIANZA SOCIAL INDEPENDIENTE ASI;27
TUNJA;William Chaparro Rodriguez;BOYACA DECENTE;27
TUNJA;Claudia Patricia Barrera Patiño;PARTIDO SOCIAL DE UNIDAD NACIONAL  PARTIDO DE LA U;25
TUNJA;Victor Tulio Ramirez Gutierrez;BOYACA DECENTE;25
TUNUNGUA;Jose Dario Mahecha Castillo;PARTIDO CONSERVADOR COLOMBIANO;180
TUNUNGUA;Fernando Alexander Serrato Fonseca;PARTIDO LIBERAL COLOMBIANO;120
TUNUNGUA;Partido Colombia Justa Libres;PARTIDO COLOMBIA JUSTA LIBRES;48
TUNUNGUA;Jose Armando Quiñones Garzon;PARTIDO CENTRO DEMOCRATICO;37
TUNUNGUA;Yamir Oswaldo Lopez Peña;PARTIDO ALIANZA VERDE;35
TUNUNGUA;Gustavo Eduardo Castañeda Niño;PARTIDO ALIANZA VERDE;24
TUNUNGUA;Omar Humberto Villamil Munevar;PARTIDO CONSERVADOR COLOMBIANO;23
TUNUNGUA;Angela Patricia Velandia Novoa;PARTIDO ALIANZA VERDE;19
TUNUNGUA;William Rodolfo Mesa Avella;PARTIDO CENTRO DEMOCRATICO;19
TUNUNGUA;Manuel Ricardo Mesa Trujillo;PARTIDO SOCIAL DE UNIDAD NACIONAL  PARTIDO DE LA U;16
TUNUNGUA;Partido Conservador Colombiano;PARTIDO CONSERVADOR COLOMBIANO;13
TUNUNGUA;Partido Cambio Radical;PARTIDO CAMBIO RADICAL;11
TUNUNGUA;Partido Centro Democratico;PARTIDO CENTRO DEMOCRATICO;11
TUNUNGUA;Ivan Ricardo Pirachican Bernal;PARTIDO CONSERVADOR COLOMBIANO;10
TUNUNGUA;Partido Alianza Verde;PARTIDO ALIANZA VERDE;10
TUNUNGUA;Partido Liberal Colombiano;PARTIDO LIBERAL COLOMBIANO;10
TUNUNGUA;Jorge Enrique Camacho Rodriguez;PARTIDO ALIANZA SOCIAL INDEPENDIENTE ASI;9
TUNUNGUA;Jairo Pacheco Suarez;PARTIDO LIBERAL COLOMBIANO;8
TUNUNGUA;Concha Jael Vargas Saavedra;PARTIDO CONSERVADOR COLOMBIANO;7
TUNUNGUA;Fredy Julian Castro Rodriguez;PARTIDO CENTRO DEMOCRATICO;6
TUNUNGUA;John Fredy Lopez Mora;MOVIMIENTO ALTERNATIVO INDIGENA Y SOCIAL MAIS;6
TUNUNGUA;Luis Carlos Ochoa Pasachoa;PARTIDO ALIANZA VERDE;6
TUNUNGUA;Merardo Vargas Roa;PARTIDO ALIANZA VERDE;6
TUNUNGUA;Roman Hernando Ortega Hernandez;PARTIDO ALIANZA VERDE;6
TUNUNGUA;Elsa Marlen Manrique Pulgar;PARTIDO LIBERAL COLOMBIANO;5
TUNUNGUA;Fabian Camilo Rojas Barrera;PARTIDO LIBERAL COLOMBIANO;5
TUNUNGUA;Oscar Leonardo Montañez Sierra;PARTIDO CAMBIO RADICAL;5
TUNUNGUA;Pedro Pablo Salas Hernandez;PARTIDO ALIANZA VERDE;5
TUNUNGUA;Angela Rocio Umaña Rojas;PARTIDO CONSERVADOR COLOMBIANO;4
TUNUNGUA;Ingrid Marlen Sogamoso Alfonso;PARTIDO CENTRO DEMOCRATICO;4
TUNUNGUA;Willian David Pabon Jimenez;PARTIDO SOCIAL DE UNIDAD NACIONAL  PARTIDO DE LA U;4
TUNUNGUA;Ana Adela Pulido Cuadros;PARTIDO CONSERVADOR COLOMBIANO;3
TUNUNGUA;Carlos Alfredo Siza Blanco;PARTIDO CONSERVADOR COLOMBIANO;3
TUNUNGUA;Hector Josue Camacho Acosta;PARTIDO CENTRO DEMOCRATICO;3
TUNUNGUA;Johan Francisco Herrera Gualdron;PARTIDO ALIANZA VERDE;3
TUNUNGUA;Luis Carlos Machado Zapata;PARTIDO LIBERAL COLOMBIANO;3
TUNUNGUA;Luisa Fernanda Rodriguez Alfonso;PARTIDO ALIANZA VERDE;3
TUNUNGUA;Nelson Mauricio Rodriguez Perez;PARTIDO CONSERVADOR COLOMBIANO;3
TUNUNGUA;Ricardo Alonso Rojas Sachica;PARTIDO ALIANZA VERDE;3
TUNUNGUA;Yadith Milena Martinez Farfan;PARTIDO CENTRO DEMOCRATICO;3
TUNUNGUA;Alfredo Horacio Correa Higuera;PARTIDO CAMBIO RADICAL;2
TUNUNGUA;Armando Buitrago Acevedo;PARTIDO ALIANZA SOCIAL INDEPENDIENTE ASI;2
TUNUNGUA;Boyaca Decente;BOYACA DECENTE;2
TUNUNGUA;Eliana Hasleidy Gamez Pinilla;PARTIDO CAMBIO RADICAL;2
TUNUNGUA;Erika Dayana Piragauta Rodriguez;PARTIDO LIBERAL COLOMBIANO;2
TUNUNGUA;Fredy Leonardo Rojas Vargas;PARTIDO CENTRO DEMOCRATICO;2
TUNUNGUA;Jhon Fredy Garavito Cortes;PARTIDO SOCIAL DE UNIDAD NACIONAL  PARTIDO DE LA U;2
TUNUNGUA;Jorge Marin Jerez Amado;PARTIDO LIBERAL COLOMBIANO;2
TUNUNGUA;Jose Antonio Estupiñan Caceres;PARTIDO CONSERVADOR COLOMBIANO;2
TUNUNGUA;Movimiento Alternativo Indigena Y Social Mais;MOVIMIENTO ALTERNATIVO INDIGENA Y SOCIAL MAIS;2
TUNUNGUA;Omar Fernando Valderrama Baez;PARTIDO CENTRO DEMOCRATICO;2
TUNUNGUA;Siervo Yesith Gonzalez Saavedra;PARTIDO CAMBIO RADICAL;2
TUNUNGUA;Sonia Esperanza Lopez Barrera;PARTIDO CONSERVADOR COLOMBIANO;2
TUNUNGUA;Wilder Ivan Suesca Ochoa;PARTIDO CENTRO DEMOCRATICO;2
TUNUNGUA;Alberto Enrique Murillo Sanchez;PARTIDO CAMBIO RADICAL;1
TUNUNGUA;Ana Delia Avendaño Hernandez;PARTIDO LIBERAL COLOMBIANO;1
TUNUNGUA;Anderson Joaquin Sanchez Ruiz;PARTIDO LIBERAL COLOMBIANO;1
TUNUNGUA;Carlos Eduardo Vega Alvarez;BOYACA DECENTE;1
TUNUNGUA;Carlos Ernesto Torres Aguirre;PARTIDO CONSERVADOR COLOMBIANO;1
TUNUNGUA;Edwin Andres Rodriguez Rodriguez;PARTIDO LIBERAL COLOMBIANO;1
TUNUNGUA;Eliana Maria Villate Fonseca;PARTIDO CONSERVADOR COLOMBIANO;1
TUNUNGUA;Flor Elba Velandia Cely;PARTIDO ALIANZA SOCIAL INDEPENDIENTE ASI;1
TUNUNGUA;Giovanna Del Pilar Soto Barreto;PARTIDO CAMBIO RADICAL;1
TUNUNGUA;Hugo Alveiro Rosas Romero;PARTIDO ALIANZA VERDE;1
TUNUNGUA;Jaime Andres Gomez Gomez;PARTIDO CONSERVADOR COLOMBIANO;1
TUNUNGUA;Jairo Enrique Cabana Fonseca;PARTIDO ALIANZA VERDE;1
TUNUNGUA;Jorge Eduardo Diaz Avendaño;MOVIMIENTO ALTERNATIVO INDIGENA Y SOCIAL MAIS;1
TUNUNGUA;Jose Agustin Arias Millan;PARTIDO CENTRO DEMOCRATICO;1
TUNUNGUA;Jose Mauricio Buitrago Rivera;PARTIDO CAMBIO RADICAL;1
TUNUNGUA;Jose Wilmar Leal Abril;PARTIDO CAMBIO RADICAL;1
TUNUNGUA;Juddy Alexandra Jimenez Cuadros;PARTIDO SOCIAL DE UNIDAD NACIONAL  PARTIDO DE LA U;1
TUNUNGUA;Katherin Tatiana Calderon Acosta;PARTIDO CENTRO DEMOCRATICO;1
TUNUNGUA;Kiliam Ernesto Gonzalez Forero;BOYACA DECENTE;1
TUNUNGUA;Laura Patricia Contreras Alvarez;PARTIDO ALIANZA SOCIAL INDEPENDIENTE ASI;1
TUNUNGUA;Luz Dary Sevillano Guerrero;PARTIDO ALIANZA VERDE;1
TUNUNGUA;Mariev Bejarano Ospina;BOYACA DECENTE;1
TUNUNGUA;Orlando Florez Cuervo;PARTIDO CENTRO DEMOCRATICO;1
TUNUNGUA;Partido Alianza Social Independiente Asi;PARTIDO ALIANZA SOCIAL INDEPENDIENTE ASI;1
TUNUNGUA;Partido Social De Unidad Nacional  Partido De La U;PARTIDO SOCIAL DE UNIDAD NACIONAL  PARTIDO DE LA U;1
TUNUNGUA;Sandra Patricia Contreras Soto;PARTIDO LIBERAL COLOMBIANO;1
TUNUNGUA;Sandra Patricia Ricaurte Espinel;PARTIDO CAMBIO RADICAL;1
TUNUNGUA;William Chaparro Rodriguez;BOYACA DECENTE;1
TUNUNGUA;Yury Neill Diaz Aranguren;MOVIMIENTO ALTERNATIVO INDIGENA Y SOCIAL MAIS;1
TURMEQUE;Jairo Pacheco Suarez;PARTIDO LIBERAL COLOMBIANO;597
TURMEQUE;Yamir Oswaldo Lopez Peña;PARTIDO ALIANZA VERDE;518
TURMEQUE;Jairo Enrique Cabana Fonseca;PARTIDO ALIANZA VERDE;404
TURMEQUE;Mauricio Cadena Valero;PARTIDO CENTRO DEMOCRATICO;138
TURMEQUE;Partido Liberal Colombiano;PARTIDO LIBERAL COLOMBIANO;101
TURMEQUE;Manuel Ricardo Mesa Trujillo;PARTIDO SOCIAL DE UNIDAD NACIONAL  PARTIDO DE LA U;90
TURMEQUE;Anderson Joaquin Sanchez Ruiz;PARTIDO LIBERAL COLOMBIANO;86
TURMEQUE;Hector Josue Camacho Acosta;PARTIDO CENTRO DEMOCRATICO;83
TURMEQUE;Maria De Los Santos Salamanca Silva;PARTIDO ALIANZA VERDE;69
TURMEQUE;Partido Alianza Verde;PARTIDO ALIANZA VERDE;57
TURMEQUE;Angela Patricia Velandia Novoa;PARTIDO ALIANZA VERDE;53
TURMEQUE;Jhonnatan Jairo Avellaneda Mesa;MOVIMIENTO ALTERNATIVO INDIGENA Y SOCIAL MAIS;51
TURMEQUE;Partido Colombia Justa Libres;PARTIDO COLOMBIA JUSTA LIBRES;51
TURMEQUE;Pedro Humberto Vargas Gomez;PARTIDO LIBERAL COLOMBIANO;43
TURMEQUE;Fabian Camilo Rojas Barrera;PARTIDO LIBERAL COLOMBIANO;42
TURMEQUE;Luis Carlos Ochoa Pasachoa;PARTIDO ALIANZA VERDE;41
TURMEQUE;Jose Armando Quiñones Garzon;PARTIDO CENTRO DEMOCRATICO;29
TURMEQUE;Gustavo Eduardo Castañeda Niño;PARTIDO ALIANZA VERDE;27
TURMEQUE;Hugo Alveiro Rosas Romero;PARTIDO ALIANZA VERDE;24
TURMEQUE;Pedro Pablo Salas Hernandez;PARTIDO ALIANZA VERDE;22
TURMEQUE;Partido Centro Democratico;PARTIDO CENTRO DEMOCRATICO;21
TURMEQUE;Fernando Alexander Serrato Fonseca;PARTIDO LIBERAL COLOMBIANO;20
TURMEQUE;Jorge Eduardo Diaz Avendaño;MOVIMIENTO ALTERNATIVO INDIGENA Y SOCIAL MAIS;19
TURMEQUE;Luis Carlos Machado Zapata;PARTIDO LIBERAL COLOMBIANO;17
TURMEQUE;Willian David Pabon Jimenez;PARTIDO SOCIAL DE UNIDAD NACIONAL  PARTIDO DE LA U;17
TURMEQUE;Juan Camilo Morales Rodriguez;PARTIDO LIBERAL COLOMBIANO;16
TURMEQUE;Ivan Ricardo Pirachican Bernal;PARTIDO CONSERVADOR COLOMBIANO;15
TURMEQUE;Nelson Mauricio Rodriguez Perez;PARTIDO CONSERVADOR COLOMBIANO;15
TURMEQUE;Antonio Ernesto Leguizamo Diaz;PARTIDO LIBERAL COLOMBIANO;14
TURMEQUE;Luz Dary Sevillano Guerrero;PARTIDO ALIANZA VERDE;14
TURMEQUE;Neddy Esther Sandoval Figueredo;PARTIDO LIBERAL COLOMBIANO;14
TURMEQUE;Wilder Ivan Suesca Ochoa;PARTIDO CENTRO DEMOCRATICO;14
TURMEQUE;Omar Fernando Valderrama Baez;PARTIDO CENTRO DEMOCRATICO;13
TURMEQUE;Yury Neill Diaz Aranguren;MOVIMIENTO ALTERNATIVO INDIGENA Y SOCIAL MAIS;13
TURMEQUE;Wilton Fredy Castro Silva;PARTIDO ALIANZA VERDE;12
TURMEQUE;Jorge Marin Jerez Amado;PARTIDO LIBERAL COLOMBIANO;11
TURMEQUE;Partido Social De Unidad Nacional  Partido De La U;PARTIDO SOCIAL DE UNIDAD NACIONAL  PARTIDO DE LA U;11
TURMEQUE;Merardo Vargas Roa;PARTIDO ALIANZA VERDE;10
TURMEQUE;Roman Hernando Ortega Hernandez;PARTIDO ALIANZA VERDE;10
TURMEQUE;Elsa Marlen Manrique Pulgar;PARTIDO LIBERAL COLOMBIANO;9
TURMEQUE;Flor Elba Velandia Cely;PARTIDO ALIANZA SOCIAL INDEPENDIENTE ASI;9
TURMEQUE;Johan Francisco Herrera Gualdron;PARTIDO ALIANZA VERDE;9
TURMEQUE;Oscar Leonardo Montañez Sierra;PARTIDO CAMBIO RADICAL;9
TURMEQUE;Ana Delia Avendaño Hernandez;PARTIDO LIBERAL COLOMBIANO;8
TURMEQUE;Irma Yineth Velandia Sandoval;PARTIDO CAMBIO RADICAL;8
TURMEQUE;Katherin Tatiana Calderon Acosta;PARTIDO CENTRO DEMOCRATICO;8
TURMEQUE;Ricardo Alonso Rojas Sachica;PARTIDO ALIANZA VERDE;8
TURMEQUE;Ricardo Andres Español Teatino;PARTIDO LIBERAL COLOMBIANO;8
TURMEQUE;Alvaro Hernan Forero Hurtado;BOYACA DECENTE;7
TURMEQUE;Luisa Fernanda Rodriguez Alfonso;PARTIDO ALIANZA VERDE;7
TURMEQUE;Movimiento Alternativo Indigena Y Social Mais;MOVIMIENTO ALTERNATIVO INDIGENA Y SOCIAL MAIS;7
TURMEQUE;Sandra Patricia Contreras Soto;PARTIDO LIBERAL COLOMBIANO;7
TURMEQUE;William Rodolfo Mesa Avella;PARTIDO CENTRO DEMOCRATICO;7
TURMEQUE;Edwin Alfonso Perez Beltran;PARTIDO ALIANZA SOCIAL INDEPENDIENTE ASI;6
TURMEQUE;Cesar Augusto Mojica Bedoya;PARTIDO SOCIAL DE UNIDAD NACIONAL  PARTIDO DE LA U;5
TURMEQUE;Estefany Johana Grajales Marin;MOVIMIENTO ALTERNATIVO INDIGENA Y SOCIAL MAIS;5
TURMEQUE;Ingrid Marlen Sogamoso Alfonso;PARTIDO CENTRO DEMOCRATICO;5
TURMEQUE;Jose Agustin Arias Millan;PARTIDO CENTRO DEMOCRATICO;5
TURMEQUE;Jose Antonio Estupiñan Caceres;PARTIDO CONSERVADOR COLOMBIANO;5
TURMEQUE;Maira Adriana Zerda Gonzalez;PARTIDO ALIANZA VERDE;5
TURMEQUE;Yadith Milena Martinez Farfan;PARTIDO CENTRO DEMOCRATICO;5
TURMEQUE;Alberto Enrique Murillo Sanchez;PARTIDO CAMBIO RADICAL;4
TURMEQUE;Carlos Eduardo Vega Alvarez;BOYACA DECENTE;4
TURMEQUE;Fredy Julian Castro Rodriguez;PARTIDO CENTRO DEMOCRATICO;4
TURMEQUE;Jose Mauricio Buitrago Rivera;PARTIDO CAMBIO RADICAL;4
TURMEQUE;Nereo Baron Tellez;MOVIMIENTO ALTERNATIVO INDIGENA Y SOCIAL MAIS;4
TURMEQUE;Olga Niño Rojas;PARTIDO CENTRO DEMOCRATICO;4
TURMEQUE;Orlando Florez Cuervo;PARTIDO CENTRO DEMOCRATICO;4
TURMEQUE;Partido Cambio Radical;PARTIDO CAMBIO RADICAL;4
TURMEQUE;Alfredo Horacio Correa Higuera;PARTIDO CAMBIO RADICAL;3
TURMEQUE;Boyaca Decente;BOYACA DECENTE;3
TURMEQUE;David Santiago Diaz Guio;PARTIDO SOCIAL DE UNIDAD NACIONAL  PARTIDO DE LA U;3
TURMEQUE;Ericka Leonor Amador Gamarra;PARTIDO SOCIAL DE UNIDAD NACIONAL  PARTIDO DE LA U;3
TURMEQUE;Hernando Arias Ochoa;PARTIDO ALIANZA SOCIAL INDEPENDIENTE ASI;3
TURMEQUE;John Fredy Lopez Mora;MOVIMIENTO ALTERNATIVO INDIGENA Y SOCIAL MAIS;3
TURMEQUE;Julian Guillermo Camargo Amortegui;MOVIMIENTO ALTERNATIVO INDIGENA Y SOCIAL MAIS;3
TURMEQUE;Sandra Patricia Ricaurte Espinel;PARTIDO CAMBIO RADICAL;3
TURMEQUE;Andres Mauricio Escarria Barraza;PARTIDO CAMBIO RADICAL;2
TURMEQUE;Angela Magaly Garcia Rivera;MOVIMIENTO ALTERNATIVO INDIGENA Y SOCIAL MAIS;2
TURMEQUE;Claudia Patricia Barrera Patiño;PARTIDO SOCIAL DE UNIDAD NACIONAL  PARTIDO DE LA U;2
TURMEQUE;Edwin Andres Rodriguez Rodriguez;PARTIDO LIBERAL COLOMBIANO;2
TURMEQUE;Eliana Hasleidy Gamez Pinilla;PARTIDO CAMBIO RADICAL;2
TURMEQUE;Erika Dayana Piragauta Rodriguez;PARTIDO LIBERAL COLOMBIANO;2
TURMEQUE;Fredy Leonardo Rojas Vargas;PARTIDO CENTRO DEMOCRATICO;2
TURMEQUE;Giovanna Del Pilar Soto Barreto;PARTIDO CAMBIO RADICAL;2
TURMEQUE;Jairo Correa Acevedo;MOVIMIENTO ALTERNATIVO INDIGENA Y SOCIAL MAIS;2
TURMEQUE;Jhon Fredy Garavito Cortes;PARTIDO SOCIAL DE UNIDAD NACIONAL  PARTIDO DE LA U;2
TURMEQUE;Jose Dario Mahecha Castillo;PARTIDO CONSERVADOR COLOMBIANO;2
TURMEQUE;Jose Wilmar Leal Abril;PARTIDO CAMBIO RADICAL;2
TURMEQUE;Juddy Alexandra Jimenez Cuadros;PARTIDO SOCIAL DE UNIDAD NACIONAL  PARTIDO DE LA U;2
TURMEQUE;Lizeth Paola Saade Fuentes;MOVIMIENTO ALTERNATIVO INDIGENA Y SOCIAL MAIS;2
TURMEQUE;Partido Alianza Social Independiente Asi;PARTIDO ALIANZA SOCIAL INDEPENDIENTE ASI;2
TURMEQUE;Segundo Fidel Salazar Gonzalez;PARTIDO SOCIAL DE UNIDAD NACIONAL  PARTIDO DE LA U;2
TURMEQUE;Sergio Cabra Sierra;PARTIDO SOCIAL DE UNIDAD NACIONAL  PARTIDO DE LA U;2
TURMEQUE;Victor Tulio Ramirez Gutierrez;BOYACA DECENTE;2
TURMEQUE;William Chaparro Rodriguez;BOYACA DECENTE;2
TURMEQUE;Adriana Paola Laverde Rodriguez;MOVIMIENTO ALTERNATIVO INDIGENA Y SOCIAL MAIS;1
TURMEQUE;Alba Luz Becerra Becerra;PARTIDO ALIANZA SOCIAL INDEPENDIENTE ASI;1
TURMEQUE;Ana Adela Pulido Cuadros;PARTIDO CONSERVADOR COLOMBIANO;1
TURMEQUE;Armando Buitrago Acevedo;PARTIDO ALIANZA SOCIAL INDEPENDIENTE ASI;1
TURMEQUE;Carlos Ernesto Torres Aguirre;PARTIDO CONSERVADOR COLOMBIANO;1
TURMEQUE;Claudia Yaneth Avila Castillo;PARTIDO SOCIAL DE UNIDAD NACIONAL  PARTIDO DE LA U;1
TURMEQUE;Concha Jael Vargas Saavedra;PARTIDO CONSERVADOR COLOMBIANO;1
TURMEQUE;David Alejandro Avila Cely;MOVIMIENTO ALTERNATIVO INDIGENA Y SOCIAL MAIS;1
TURMEQUE;Fredy Enrique Segura Alonso;BOYACA DECENTE;1
TURMEQUE;Jorge Ignacio Lopez Barrera;BOYACA DECENTE;1
TURMEQUE;Jose Leonidas Medina Cruz;PARTIDO SOCIAL DE UNIDAD NACIONAL  PARTIDO DE LA U;1
TURMEQUE;Mariev Bejarano Ospina;BOYACA DECENTE;1
TURMEQUE;Martha Ines Zipa Martinez;PARTIDO CAMBIO RADICAL;1
TURMEQUE;Nelsy Yolanda Rivera Ferrucho;BOYACA DECENTE;1
TURMEQUE;Omar Humberto Villamil Munevar;PARTIDO CONSERVADOR COLOMBIANO;1
TURMEQUE;Sandra Milena Ramirez Moreno;PARTIDO CAMBIO RADICAL;1
TURMEQUE;Vivian Catherin Alvarez;PARTIDO ALIANZA SOCIAL INDEPENDIENTE ASI;1
TUTA;Wilder Ivan Suesca Ochoa;PARTIDO CENTRO DEMOCRATICO;1911
TUTA;Angela Patricia Velandia Novoa;PARTIDO ALIANZA VERDE;303
TUTA;Fernando Alexander Serrato Fonseca;PARTIDO LIBERAL COLOMBIANO;266
TUTA;Juan Camilo Morales Rodriguez;PARTIDO LIBERAL COLOMBIANO;264
TUTA;Luisa Fernanda Rodriguez Alfonso;PARTIDO ALIANZA VERDE;258
TUTA;Jose Armando Quiñones Garzon;PARTIDO CENTRO DEMOCRATICO;194
TUTA;Juddy Alexandra Jimenez Cuadros;PARTIDO SOCIAL DE UNIDAD NACIONAL  PARTIDO DE LA U;118
TUTA;Eliana Hasleidy Gamez Pinilla;PARTIDO CAMBIO RADICAL;111
TUTA;Maria De Los Santos Salamanca Silva;PARTIDO ALIANZA VERDE;80
TUTA;Yamir Oswaldo Lopez Peña;PARTIDO ALIANZA VERDE;76
TUTA;Fabian Camilo Rojas Barrera;PARTIDO LIBERAL COLOMBIANO;71
TUTA;Gustavo Eduardo Castañeda Niño;PARTIDO ALIANZA VERDE;65
TUTA;Norman De Jesus Quintero Gallego;PARTIDO CONSERVADOR COLOMBIANO;65
TUTA;Manuel Ricardo Mesa Trujillo;PARTIDO SOCIAL DE UNIDAD NACIONAL  PARTIDO DE LA U;63
TUTA;Ivan Ricardo Pirachican Bernal;PARTIDO CONSERVADOR COLOMBIANO;59
TUTA;Sandra Patricia Contreras Soto;PARTIDO LIBERAL COLOMBIANO;58
TUTA;Partido Colombia Justa Libres;PARTIDO COLOMBIA JUSTA LIBRES;56
TUTA;Yury Neill Diaz Aranguren;MOVIMIENTO ALTERNATIVO INDIGENA Y SOCIAL MAIS;56
TUTA;Jairo Pacheco Suarez;PARTIDO LIBERAL COLOMBIANO;55
TUTA;Partido Alianza Verde;PARTIDO ALIANZA VERDE;51
TUTA;Julian Guillermo Camargo Amortegui;MOVIMIENTO ALTERNATIVO INDIGENA Y SOCIAL MAIS;44
TUTA;Luis Carlos Ochoa Pasachoa;PARTIDO ALIANZA VERDE;44
TUTA;Antonio Ernesto Leguizamo Diaz;PARTIDO LIBERAL COLOMBIANO;43
TUTA;Fernando Augusto Diaz Saenz;PARTIDO CONSERVADOR COLOMBIANO;42
TUTA;Partido Centro Democratico;PARTIDO CENTRO DEMOCRATICO;42
TUTA;Partido Liberal Colombiano;PARTIDO LIBERAL COLOMBIANO;41
TUTA;Hugo Alveiro Rosas Romero;PARTIDO ALIANZA VERDE;36
TUTA;Omar Fernando Valderrama Baez;PARTIDO CENTRO DEMOCRATICO;36
TUTA;Wilton Fredy Castro Silva;PARTIDO ALIANZA VERDE;36
TUTA;Jose Dario Mahecha Castillo;PARTIDO CONSERVADOR COLOMBIANO;35
TUTA;Elsa Marlen Manrique Pulgar;PARTIDO LIBERAL COLOMBIANO;34
TUTA;Jose Wilmar Leal Abril;PARTIDO CAMBIO RADICAL;30
TUTA;Uldarico Javier Ramirez Chilito;MOVIMIENTO ALTERNATIVO INDIGENA Y SOCIAL MAIS;29
TUTA;Pedro Pablo Salas Hernandez;PARTIDO ALIANZA VERDE;27
TUTA;Ricardo Alonso Rojas Sachica;PARTIDO ALIANZA VERDE;26
TUTA;Jairo Enrique Cabana Fonseca;PARTIDO ALIANZA VERDE;25
TUTA;Hector Josue Camacho Acosta;PARTIDO CENTRO DEMOCRATICO;23
TUTA;Roman Hernando Ortega Hernandez;PARTIDO ALIANZA VERDE;23
TUTA;Johan Francisco Herrera Gualdron;PARTIDO ALIANZA VERDE;21
TUTA;Movimiento Alternativo Indigena Y Social Mais;MOVIMIENTO ALTERNATIVO INDIGENA Y SOCIAL MAIS;20
TUTA;Partido Cambio Radical;PARTIDO CAMBIO RADICAL;20
TUTA;Laura Patricia Contreras Alvarez;PARTIDO ALIANZA SOCIAL INDEPENDIENTE ASI;18
TUTA;Alfredo Horacio Correa Higuera;PARTIDO CAMBIO RADICAL;16
TUTA;Cesar Augusto Mojica Bedoya;PARTIDO SOCIAL DE UNIDAD NACIONAL  PARTIDO DE LA U;16
TUTA;Jorge Eduardo Diaz Avendaño;MOVIMIENTO ALTERNATIVO INDIGENA Y SOCIAL MAIS;16
TUTA;Concha Jael Vargas Saavedra;PARTIDO CONSERVADOR COLOMBIANO;15
TUTA;Jorge Marin Jerez Amado;PARTIDO LIBERAL COLOMBIANO;15
TUTA;Luis Carlos Machado Zapata;PARTIDO LIBERAL COLOMBIANO;14
TUTA;Partido Conservador Colombiano;PARTIDO CONSERVADOR COLOMBIANO;14
TUTA;Nelson Mauricio Rodriguez Perez;PARTIDO CONSERVADOR COLOMBIANO;13
TUTA;Anderson Joaquin Sanchez Ruiz;PARTIDO LIBERAL COLOMBIANO;12
TUTA;Edwin Andres Rodriguez Rodriguez;PARTIDO LIBERAL COLOMBIANO;12
TUTA;Jairo Correa Acevedo;MOVIMIENTO ALTERNATIVO INDIGENA Y SOCIAL MAIS;12
TUTA;Merardo Vargas Roa;PARTIDO ALIANZA VERDE;12
TUTA;Oscar Leonardo Montañez Sierra;PARTIDO CAMBIO RADICAL;12
TUTA;Carlos Alfredo Siza Blanco;PARTIDO CONSERVADOR COLOMBIANO;11
TUTA;Partido Social De Unidad Nacional  Partido De La U;PARTIDO SOCIAL DE UNIDAD NACIONAL  PARTIDO DE LA U;11
TUTA;Pedro Humberto Vargas Gomez;PARTIDO LIBERAL COLOMBIANO;11
TUTA;Willian David Pabon Jimenez;PARTIDO SOCIAL DE UNIDAD NACIONAL  PARTIDO DE LA U;11
TUTA;Helver Ariel Avila Panche;PARTIDO CENTRO DEMOCRATICO;10
TUTA;John Fredy Lopez Mora;MOVIMIENTO ALTERNATIVO INDIGENA Y SOCIAL MAIS;10
TUTA;Angela Magaly Garcia Rivera;MOVIMIENTO ALTERNATIVO INDIGENA Y SOCIAL MAIS;9
TUTA;Hernando Arias Ochoa;PARTIDO ALIANZA SOCIAL INDEPENDIENTE ASI;9
TUTA;Jorge Enrique Camacho Rodriguez;PARTIDO ALIANZA SOCIAL INDEPENDIENTE ASI;9
TUTA;Mauricio Cadena Valero;PARTIDO CENTRO DEMOCRATICO;9
TUTA;Neddy Esther Sandoval Figueredo;PARTIDO LIBERAL COLOMBIANO;9
TUTA;Fredy Julian Castro Rodriguez;PARTIDO CENTRO DEMOCRATICO;8
TUTA;Fredy Leonardo Rojas Vargas;PARTIDO CENTRO DEMOCRATICO;8
TUTA;Jhon Fredy Garavito Cortes;PARTIDO SOCIAL DE UNIDAD NACIONAL  PARTIDO DE LA U;8
TUTA;Jose Agustin Arias Millan;PARTIDO CENTRO DEMOCRATICO;8
TUTA;Orlando Florez Cuervo;PARTIDO CENTRO DEMOCRATICO;8
TUTA;Carlos Ernesto Torres Aguirre;PARTIDO CONSERVADOR COLOMBIANO;7
TUTA;Katherin Tatiana Calderon Acosta;PARTIDO CENTRO DEMOCRATICO;7
TUTA;Partido Alianza Social Independiente Asi;PARTIDO ALIANZA SOCIAL INDEPENDIENTE ASI;7
TUTA;Segundo Fidel Salazar Gonzalez;PARTIDO SOCIAL DE UNIDAD NACIONAL  PARTIDO DE LA U;7
TUTA;Adriana Paola Laverde Rodriguez;MOVIMIENTO ALTERNATIVO INDIGENA Y SOCIAL MAIS;6
TUTA;Andrea Carolina Camargo Caro;MOVIMIENTO ALTERNATIVO INDIGENA Y SOCIAL MAIS;6
TUTA;Giovanna Del Pilar Soto Barreto;PARTIDO CAMBIO RADICAL;6
TUTA;Luz Dary Sevillano Guerrero;PARTIDO ALIANZA VERDE;6
TUTA;Maira Adriana Zerda Gonzalez;PARTIDO ALIANZA VERDE;6
TUTA;Nereo Baron Tellez;MOVIMIENTO ALTERNATIVO INDIGENA Y SOCIAL MAIS;6
TUTA;William Rodolfo Mesa Avella;PARTIDO CENTRO DEMOCRATICO;6
TUTA;Alberto Enrique Murillo Sanchez;PARTIDO CAMBIO RADICAL;5
TUTA;Ana Adela Pulido Cuadros;PARTIDO CONSERVADOR COLOMBIANO;5
TUTA;Eliana Maria Villate Fonseca;PARTIDO CONSERVADOR COLOMBIANO;5
TUTA;Erika Dayana Piragauta Rodriguez;PARTIDO LIBERAL COLOMBIANO;5
TUTA;Estefany Johana Grajales Marin;MOVIMIENTO ALTERNATIVO INDIGENA Y SOCIAL MAIS;5
TUTA;Jose Antonio Estupiñan Caceres;PARTIDO CONSERVADOR COLOMBIANO;5
TUTA;Wilkins Fernando Chaparro Cuervo;PARTIDO ALIANZA SOCIAL INDEPENDIENTE ASI;5
TUTA;Alvaro Hernan Forero Hurtado;BOYACA DECENTE;4
TUTA;Andres Mauricio Escarria Barraza;PARTIDO CAMBIO RADICAL;4
TUTA;Aura Lucia Ortiz Cardona;PARTIDO CENTRO DEMOCRATICO;4
TUTA;Boyaca Decente;BOYACA DECENTE;4
TUTA;Daniel Fernando Mejia Lozano;PARTIDO ALIANZA SOCIAL INDEPENDIENTE ASI;4
TUTA;David Santiago Ochoa Garcia;PARTIDO SOCIAL DE UNIDAD NACIONAL  PARTIDO DE LA U;4
TUTA;Ericka Leonor Amador Gamarra;PARTIDO SOCIAL DE UNIDAD NACIONAL  PARTIDO DE LA U;4
TUTA;Fredy Enrique Segura Alonso;BOYACA DECENTE;4
TUTA;Ingrid Marlen Sogamoso Alfonso;PARTIDO CENTRO DEMOCRATICO;4
TUTA;Jaime Andres Gomez Gomez;PARTIDO CONSERVADOR COLOMBIANO;4
TUTA;Jorge Ignacio Lopez Barrera;BOYACA DECENTE;4
TUTA;Ricardo Andres Español Teatino;PARTIDO LIBERAL COLOMBIANO;4
TUTA;Siervo Yesith Gonzalez Saavedra;PARTIDO CAMBIO RADICAL;4
TUTA;Yadith Milena Martinez Farfan;PARTIDO CENTRO DEMOCRATICO;4
TUTA;Ana Delia Avendaño Hernandez;PARTIDO LIBERAL COLOMBIANO;3
TUTA;Armando Buitrago Acevedo;PARTIDO ALIANZA SOCIAL INDEPENDIENTE ASI;3
TUTA;Carlos Julian Diaz Franco;PARTIDO ALIANZA SOCIAL INDEPENDIENTE ASI;3
TUTA;Claudia Yaneth Avila Castillo;PARTIDO SOCIAL DE UNIDAD NACIONAL  PARTIDO DE LA U;3
TUTA;David Santiago Diaz Guio;PARTIDO SOCIAL DE UNIDAD NACIONAL  PARTIDO DE LA U;3
TUTA;Flor Elba Velandia Cely;PARTIDO ALIANZA SOCIAL INDEPENDIENTE ASI;3
TUTA;Jose Leonidas Medina Cruz;PARTIDO SOCIAL DE UNIDAD NACIONAL  PARTIDO DE LA U;3
TUTA;Lizeth Paola Saade Fuentes;MOVIMIENTO ALTERNATIVO INDIGENA Y SOCIAL MAIS;3
TUTA;Luis Carlos Bernal Mesa;PARTIDO SOCIAL DE UNIDAD NACIONAL  PARTIDO DE LA U;3
TUTA;Olga Niño Rojas;PARTIDO CENTRO DEMOCRATICO;3
TUTA;Sandra Milena Ramirez Moreno;PARTIDO CAMBIO RADICAL;3
TUTA;Carmen Liria Prieto Cortes;BOYACA DECENTE;2
TUTA;Claudia Patricia Barrera Patiño;PARTIDO SOCIAL DE UNIDAD NACIONAL  PARTIDO DE LA U;2
TUTA;David Alejandro Avila Cely;MOVIMIENTO ALTERNATIVO INDIGENA Y SOCIAL MAIS;2
TUTA;Edwin Alfonso Perez Beltran;PARTIDO ALIANZA SOCIAL INDEPENDIENTE ASI;2
TUTA;Irma Yineth Velandia Sandoval;PARTIDO CAMBIO RADICAL;2
TUTA;Jhonnatan Jairo Avellaneda Mesa;MOVIMIENTO ALTERNATIVO INDIGENA Y SOCIAL MAIS;2
TUTA;Jose Mauricio Buitrago Rivera;PARTIDO CAMBIO RADICAL;2
TUTA;Julieth Rocio Montañez Niño;PARTIDO ALIANZA SOCIAL INDEPENDIENTE ASI;2
TUTA;Martha Ines Zipa Martinez;PARTIDO CAMBIO RADICAL;2
TUTA;Omar Humberto Villamil Munevar;PARTIDO CONSERVADOR COLOMBIANO;2
TUTA;Pablo Antonio Zambrano Salamanca;PARTIDO CONSERVADOR COLOMBIANO;2
TUTA;Sergio Cabra Sierra;PARTIDO SOCIAL DE UNIDAD NACIONAL  PARTIDO DE LA U;2
TUTA;Sonia Esperanza Lopez Barrera;PARTIDO CONSERVADOR COLOMBIANO;2
TUTA;Alba Luz Becerra Becerra;PARTIDO ALIANZA SOCIAL INDEPENDIENTE ASI;1
TUTA;Angela Rocio Umaña Rojas;PARTIDO CONSERVADOR COLOMBIANO;1
TUTA;Carlos Eduardo Vega Alvarez;BOYACA DECENTE;1
TUTA;Edgar Antulio Gonzalez Trujillo;BOYACA DECENTE;1
TUTA;Gregorio Morales Tovar;BOYACA DECENTE;1
TUTA;Henry Goyeneche Hormaza;PARTIDO ALIANZA SOCIAL INDEPENDIENTE ASI;1
TUTA;Sandra Patricia Ricaurte Espinel;PARTIDO CAMBIO RADICAL;1
TUTA;Vivian Catherin Alvarez;PARTIDO ALIANZA SOCIAL INDEPENDIENTE ASI;1
TUTAZA;Jorge Enrique Camacho Rodriguez;PARTIDO ALIANZA SOCIAL INDEPENDIENTE ASI;148
TUTAZA;Fernando Alexander Serrato Fonseca;PARTIDO LIBERAL COLOMBIANO;126
TUTAZA;Gustavo Eduardo Castañeda Niño;PARTIDO ALIANZA VERDE;112
TUTAZA;Jose Wilmar Leal Abril;PARTIDO CAMBIO RADICAL;99
TUTAZA;Hector Josue Camacho Acosta;PARTIDO CENTRO DEMOCRATICO;96
TUTAZA;Jairo Correa Acevedo;MOVIMIENTO ALTERNATIVO INDIGENA Y SOCIAL MAIS;80
TUTAZA;Ricardo Alonso Rojas Sachica;PARTIDO ALIANZA VERDE;77
TUTAZA;Uldarico Javier Ramirez Chilito;MOVIMIENTO ALTERNATIVO INDIGENA Y SOCIAL MAIS;76
TUTAZA;Maria De Los Santos Salamanca Silva;PARTIDO ALIANZA VERDE;38
TUTAZA;Angela Patricia Velandia Novoa;PARTIDO ALIANZA VERDE;34
TUTAZA;Omar Fernando Valderrama Baez;PARTIDO CENTRO DEMOCRATICO;33
TUTAZA;Carlos Alfredo Siza Blanco;PARTIDO CONSERVADOR COLOMBIANO;27
TUTAZA;Partido Alianza Verde;PARTIDO ALIANZA VERDE;23
TUTAZA;Anderson Joaquin Sanchez Ruiz;PARTIDO LIBERAL COLOMBIANO;20
TUTAZA;Johan Francisco Herrera Gualdron;PARTIDO ALIANZA VERDE;20
TUTAZA;Fabian Camilo Rojas Barrera;PARTIDO LIBERAL COLOMBIANO;18
TUTAZA;Roman Hernando Ortega Hernandez;PARTIDO ALIANZA VERDE;17
TUTAZA;William Rodolfo Mesa Avella;PARTIDO CENTRO DEMOCRATICO;16
TUTAZA;Ricardo Andres Español Teatino;PARTIDO LIBERAL COLOMBIANO;14
TUTAZA;Wilton Fredy Castro Silva;PARTIDO ALIANZA VERDE;13
TUTAZA;Yury Neill Diaz Aranguren;MOVIMIENTO ALTERNATIVO INDIGENA Y SOCIAL MAIS;13
TUTAZA;Carlos Ernesto Torres Aguirre;PARTIDO CONSERVADOR COLOMBIANO;12
TUTAZA;Jairo Pacheco Suarez;PARTIDO LIBERAL COLOMBIANO;11
TUTAZA;Partido Centro Democratico;PARTIDO CENTRO DEMOCRATICO;11
TUTAZA;Elsa Marlen Manrique Pulgar;PARTIDO LIBERAL COLOMBIANO;10
TUTAZA;Hugo Alveiro Rosas Romero;PARTIDO ALIANZA VERDE;10
TUTAZA;Luisa Fernanda Rodriguez Alfonso;PARTIDO ALIANZA VERDE;10
TUTAZA;Merardo Vargas Roa;PARTIDO ALIANZA VERDE;10
TUTAZA;Movimiento Alternativo Indigena Y Social Mais;MOVIMIENTO ALTERNATIVO INDIGENA Y SOCIAL MAIS;10
TUTAZA;Partido Liberal Colombiano;PARTIDO LIBERAL COLOMBIANO;10
TUTAZA;Flor Elba Velandia Cely;PARTIDO ALIANZA SOCIAL INDEPENDIENTE ASI;9
TUTAZA;John Fredy Lopez Mora;MOVIMIENTO ALTERNATIVO INDIGENA Y SOCIAL MAIS;9
TUTAZA;Luis Carlos Ochoa Pasachoa;PARTIDO ALIANZA VERDE;9
TUTAZA;Olga Niño Rojas;PARTIDO CENTRO DEMOCRATICO;9
TUTAZA;Eliana Maria Villate Fonseca;PARTIDO CONSERVADOR COLOMBIANO;8
TUTAZA;Ivan Ricardo Pirachican Bernal;PARTIDO CONSERVADOR COLOMBIANO;8
TUTAZA;Partido Cambio Radical;PARTIDO CAMBIO RADICAL;8
TUTAZA;Partido Conservador Colombiano;PARTIDO CONSERVADOR COLOMBIANO;8
TUTAZA;Fredy Julian Castro Rodriguez;PARTIDO CENTRO DEMOCRATICO;7
TUTAZA;Jose Mauricio Buitrago Rivera;PARTIDO CAMBIO RADICAL;7
TUTAZA;Partido Alianza Social Independiente Asi;PARTIDO ALIANZA SOCIAL INDEPENDIENTE ASI;7
TUTAZA;Alfredo Horacio Correa Higuera;PARTIDO CAMBIO RADICAL;6
TUTAZA;Nelson Mauricio Rodriguez Perez;PARTIDO CONSERVADOR COLOMBIANO;6
TUTAZA;Nereo Baron Tellez;MOVIMIENTO ALTERNATIVO INDIGENA Y SOCIAL MAIS;6
TUTAZA;Yamir Oswaldo Lopez Peña;PARTIDO ALIANZA VERDE;6
TUTAZA;Alvaro Hernan Forero Hurtado;BOYACA DECENTE;5
TUTAZA;Orlando Florez Cuervo;PARTIDO CENTRO DEMOCRATICO;5
TUTAZA;Oscar Leonardo Montañez Sierra;PARTIDO CAMBIO RADICAL;5
TUTAZA;Pedro Pablo Salas Hernandez;PARTIDO ALIANZA VERDE;5
TUTAZA;Laura Patricia Contreras Alvarez;PARTIDO ALIANZA SOCIAL INDEPENDIENTE ASI;4
TUTAZA;Luz Dary Sevillano Guerrero;PARTIDO ALIANZA VERDE;4
TUTAZA;Segundo Fidel Salazar Gonzalez;PARTIDO SOCIAL DE UNIDAD NACIONAL  PARTIDO DE LA U;4
TUTAZA;Antonio Ernesto Leguizamo Diaz;PARTIDO LIBERAL COLOMBIANO;3
TUTAZA;Concha Jael Vargas Saavedra;PARTIDO CONSERVADOR COLOMBIANO;3
TUTAZA;Daniel Fernando Mejia Lozano;PARTIDO ALIANZA SOCIAL INDEPENDIENTE ASI;3
TUTAZA;Estefany Johana Grajales Marin;MOVIMIENTO ALTERNATIVO INDIGENA Y SOCIAL MAIS;3
TUTAZA;Fernando Augusto Diaz Saenz;PARTIDO CONSERVADOR COLOMBIANO;3
TUTAZA;Fredy Leonardo Rojas Vargas;PARTIDO CENTRO DEMOCRATICO;3
TUTAZA;Ingrid Marlen Sogamoso Alfonso;PARTIDO CENTRO DEMOCRATICO;3
TUTAZA;Jhonnatan Jairo Avellaneda Mesa;MOVIMIENTO ALTERNATIVO INDIGENA Y SOCIAL MAIS;3
TUTAZA;Jose Antonio Estupiñan Caceres;PARTIDO CONSERVADOR COLOMBIANO;3
TUTAZA;Juan Camilo Morales Rodriguez;PARTIDO LIBERAL COLOMBIANO;3
TUTAZA;Manuel Ricardo Mesa Trujillo;PARTIDO SOCIAL DE UNIDAD NACIONAL  PARTIDO DE LA U;3
TUTAZA;Sonia Esperanza Lopez Barrera;PARTIDO CONSERVADOR COLOMBIANO;3
TUTAZA;Wilkins Fernando Chaparro Cuervo;PARTIDO ALIANZA SOCIAL INDEPENDIENTE ASI;3
TUTAZA;Adriana Paola Laverde Rodriguez;MOVIMIENTO ALTERNATIVO INDIGENA Y SOCIAL MAIS;2
TUTAZA;Alba Luz Becerra Becerra;PARTIDO ALIANZA SOCIAL INDEPENDIENTE ASI;2
TUTAZA;Andres Mauricio Escarria Barraza;PARTIDO CAMBIO RADICAL;2
TUTAZA;Boyaca Decente;BOYACA DECENTE;2
TUTAZA;Edwin Andres Rodriguez Rodriguez;PARTIDO LIBERAL COLOMBIANO;2
TUTAZA;Henry Goyeneche Hormaza;PARTIDO ALIANZA SOCIAL INDEPENDIENTE ASI;2
TUTAZA;Hernando Arias Ochoa;PARTIDO ALIANZA SOCIAL INDEPENDIENTE ASI;2
TUTAZA;Jaime Andres Gomez Gomez;PARTIDO CONSERVADOR COLOMBIANO;2
TUTAZA;Jairo Enrique Cabana Fonseca;PARTIDO ALIANZA VERDE;2
TUTAZA;Jose Armando Quiñones Garzon;PARTIDO CENTRO DEMOCRATICO;2
TUTAZA;Jose Dario Mahecha Castillo;PARTIDO CONSERVADOR COLOMBIANO;2
TUTAZA;Julian Guillermo Camargo Amortegui;MOVIMIENTO ALTERNATIVO INDIGENA Y SOCIAL MAIS;2
TUTAZA;Julieth Rocio Montañez Niño;PARTIDO ALIANZA SOCIAL INDEPENDIENTE ASI;2
TUTAZA;Luis Carlos Machado Zapata;PARTIDO LIBERAL COLOMBIANO;2
TUTAZA;Mauricio Cadena Valero;PARTIDO CENTRO DEMOCRATICO;2
TUTAZA;Pablo Antonio Zambrano Salamanca;PARTIDO CONSERVADOR COLOMBIANO;2
TUTAZA;Partido Colombia Justa Libres;PARTIDO COLOMBIA JUSTA LIBRES;2
TUTAZA;Sandra Patricia Contreras Soto;PARTIDO LIBERAL COLOMBIANO;2
TUTAZA;Sergio Cabra Sierra;PARTIDO SOCIAL DE UNIDAD NACIONAL  PARTIDO DE LA U;2
TUTAZA;Ana Adela Pulido Cuadros;PARTIDO CONSERVADOR COLOMBIANO;1
TUTAZA;Ana Delia Avendaño Hernandez;PARTIDO LIBERAL COLOMBIANO;1
TUTAZA;Andrea Carolina Camargo Caro;MOVIMIENTO ALTERNATIVO INDIGENA Y SOCIAL MAIS;1
TUTAZA;Angela Magaly Garcia Rivera;MOVIMIENTO ALTERNATIVO INDIGENA Y SOCIAL MAIS;1
TUTAZA;Angela Rocio Umaña Rojas;PARTIDO CONSERVADOR COLOMBIANO;1
TUTAZA;David Santiago Ochoa Garcia;PARTIDO SOCIAL DE UNIDAD NACIONAL  PARTIDO DE LA U;1
TUTAZA;Fredy Enrique Segura Alonso;BOYACA DECENTE;1
TUTAZA;Giovanna Del Pilar Soto Barreto;PARTIDO CAMBIO RADICAL;1
TUTAZA;Irma Yineth Velandia Sandoval;PARTIDO CAMBIO RADICAL;1
TUTAZA;Jorge Eduardo Diaz Avendaño;MOVIMIENTO ALTERNATIVO INDIGENA Y SOCIAL MAIS;1
TUTAZA;Jose Agustin Arias Millan;PARTIDO CENTRO DEMOCRATICO;1
TUTAZA;Juddy Alexandra Jimenez Cuadros;PARTIDO SOCIAL DE UNIDAD NACIONAL  PARTIDO DE LA U;1
TUTAZA;Luis Carlos Bernal Mesa;PARTIDO SOCIAL DE UNIDAD NACIONAL  PARTIDO DE LA U;1
TUTAZA;Martha Ines Zipa Martinez;PARTIDO CAMBIO RADICAL;1
TUTAZA;Neddy Esther Sandoval Figueredo;PARTIDO LIBERAL COLOMBIANO;1
TUTAZA;Norman De Jesus Quintero Gallego;PARTIDO CONSERVADOR COLOMBIANO;1
TUTAZA;Partido Social De Unidad Nacional  Partido De La U;PARTIDO SOCIAL DE UNIDAD NACIONAL  PARTIDO DE LA U;1
TUTAZA;Sandra Milena Ramirez Moreno;PARTIDO CAMBIO RADICAL;1
TUTAZA;Siervo Yesith Gonzalez Saavedra;PARTIDO CAMBIO RADICAL;1
TUTAZA;Vivian Catherin Alvarez;PARTIDO ALIANZA SOCIAL INDEPENDIENTE ASI;1
TUTAZA;Wilder Ivan Suesca Ochoa;PARTIDO CENTRO DEMOCRATICO;1
UMBITA;Nelson Mauricio Rodriguez Perez;PARTIDO CONSERVADOR COLOMBIANO;665
UMBITA;Hugo Alveiro Rosas Romero;PARTIDO ALIANZA VERDE;385
UMBITA;Maria De Los Santos Salamanca Silva;PARTIDO ALIANZA VERDE;356
UMBITA;Ingrid Marlen Sogamoso Alfonso;PARTIDO CENTRO DEMOCRATICO;350
UMBITA;Jorge Eduardo Diaz Avendaño;MOVIMIENTO ALTERNATIVO INDIGENA Y SOCIAL MAIS;127
UMBITA;Carlos Ernesto Torres Aguirre;PARTIDO CONSERVADOR COLOMBIANO;123
UMBITA;Partido Alianza Verde;PARTIDO ALIANZA VERDE;100
UMBITA;Jairo Enrique Cabana Fonseca;PARTIDO ALIANZA VERDE;93
UMBITA;Ivan Ricardo Pirachican Bernal;PARTIDO CONSERVADOR COLOMBIANO;86
UMBITA;Partido Conservador Colombiano;PARTIDO CONSERVADOR COLOMBIANO;78
UMBITA;Alfredo Horacio Correa Higuera;PARTIDO CAMBIO RADICAL;58
UMBITA;Johan Francisco Herrera Gualdron;PARTIDO ALIANZA VERDE;55
UMBITA;Wilder Ivan Suesca Ochoa;PARTIDO CENTRO DEMOCRATICO;55
UMBITA;Jose Wilmar Leal Abril;PARTIDO CAMBIO RADICAL;43
UMBITA;Movimiento Alternativo Indigena Y Social Mais;MOVIMIENTO ALTERNATIVO INDIGENA Y SOCIAL MAIS;43
UMBITA;Fernando Augusto Diaz Saenz;PARTIDO CONSERVADOR COLOMBIANO;42
UMBITA;Jose Antonio Estupiñan Caceres;PARTIDO CONSERVADOR COLOMBIANO;38
UMBITA;Ana Adela Pulido Cuadros;PARTIDO CONSERVADOR COLOMBIANO;37
UMBITA;Fredy Julian Castro Rodriguez;PARTIDO CENTRO DEMOCRATICO;37
UMBITA;Mauricio Cadena Valero;PARTIDO CENTRO DEMOCRATICO;37
UMBITA;Fabian Camilo Rojas Barrera;PARTIDO LIBERAL COLOMBIANO;34
UMBITA;Carlos Alfredo Siza Blanco;PARTIDO CONSERVADOR COLOMBIANO;33
UMBITA;Jose Armando Quiñones Garzon;PARTIDO CENTRO DEMOCRATICO;31
UMBITA;Partido Cambio Radical;PARTIDO CAMBIO RADICAL;30
UMBITA;Angela Patricia Velandia Novoa;PARTIDO ALIANZA VERDE;27
UMBITA;Partido Centro Democratico;PARTIDO CENTRO DEMOCRATICO;27
UMBITA;Pedro Pablo Salas Hernandez;PARTIDO ALIANZA VERDE;27
UMBITA;Roman Hernando Ortega Hernandez;PARTIDO ALIANZA VERDE;26
UMBITA;Omar Fernando Valderrama Baez;PARTIDO CENTRO DEMOCRATICO;24
UMBITA;Yamir Oswaldo Lopez Peña;PARTIDO ALIANZA VERDE;22
UMBITA;John Fredy Lopez Mora;MOVIMIENTO ALTERNATIVO INDIGENA Y SOCIAL MAIS;19
UMBITA;Ricardo Alonso Rojas Sachica;PARTIDO ALIANZA VERDE;19
UMBITA;Luis Carlos Ochoa Pasachoa;PARTIDO ALIANZA VERDE;18
UMBITA;Merardo Vargas Roa;PARTIDO ALIANZA VERDE;18
UMBITA;Jose Dario Mahecha Castillo;PARTIDO CONSERVADOR COLOMBIANO;17
UMBITA;Concha Jael Vargas Saavedra;PARTIDO CONSERVADOR COLOMBIANO;14
UMBITA;Luisa Fernanda Rodriguez Alfonso;PARTIDO ALIANZA VERDE;14
UMBITA;Omar Humberto Villamil Munevar;PARTIDO CONSERVADOR COLOMBIANO;14
UMBITA;Maira Adriana Zerda Gonzalez;PARTIDO ALIANZA VERDE;13
UMBITA;Oscar Leonardo Montañez Sierra;PARTIDO CAMBIO RADICAL;13
UMBITA;Estefany Johana Grajales Marin;MOVIMIENTO ALTERNATIVO INDIGENA Y SOCIAL MAIS;12
UMBITA;Jairo Pacheco Suarez;PARTIDO LIBERAL COLOMBIANO;12
UMBITA;Norman De Jesus Quintero Gallego;PARTIDO CONSERVADOR COLOMBIANO;12
UMBITA;Partido Colombia Justa Libres;PARTIDO COLOMBIA JUSTA LIBRES;12
UMBITA;Eliana Maria Villate Fonseca;PARTIDO CONSERVADOR COLOMBIANO;11
UMBITA;Sergio Cabra Sierra;PARTIDO SOCIAL DE UNIDAD NACIONAL  PARTIDO DE LA U;11
UMBITA;Eliana Hasleidy Gamez Pinilla;PARTIDO CAMBIO RADICAL;10
UMBITA;Gustavo Eduardo Castañeda Niño;PARTIDO ALIANZA VERDE;10
UMBITA;Manuel Ricardo Mesa Trujillo;PARTIDO SOCIAL DE UNIDAD NACIONAL  PARTIDO DE LA U;10
UMBITA;Katherin Tatiana Calderon Acosta;PARTIDO CENTRO DEMOCRATICO;9
UMBITA;Luz Dary Sevillano Guerrero;PARTIDO ALIANZA VERDE;9
UMBITA;Sandra Patricia Contreras Soto;PARTIDO LIBERAL COLOMBIANO;9
UMBITA;Willian David Pabon Jimenez;PARTIDO SOCIAL DE UNIDAD NACIONAL  PARTIDO DE LA U;9
UMBITA;Irma Yineth Velandia Sandoval;PARTIDO CAMBIO RADICAL;8
UMBITA;Jaime Andres Gomez Gomez;PARTIDO CONSERVADOR COLOMBIANO;8
UMBITA;Pablo Antonio Zambrano Salamanca;PARTIDO CONSERVADOR COLOMBIANO;8
UMBITA;Pedro Humberto Vargas Gomez;PARTIDO LIBERAL COLOMBIANO;8
UMBITA;Yadith Milena Martinez Farfan;PARTIDO CENTRO DEMOCRATICO;8
UMBITA;Alberto Enrique Murillo Sanchez;PARTIDO CAMBIO RADICAL;7
UMBITA;Andrea Carolina Camargo Caro;MOVIMIENTO ALTERNATIVO INDIGENA Y SOCIAL MAIS;7
UMBITA;Carmen Liria Prieto Cortes;BOYACA DECENTE;7
UMBITA;Jose Agustin Arias Millan;PARTIDO CENTRO DEMOCRATICO;7
UMBITA;Nereo Baron Tellez;MOVIMIENTO ALTERNATIVO INDIGENA Y SOCIAL MAIS;7
UMBITA;Partido Social De Unidad Nacional  Partido De La U;PARTIDO SOCIAL DE UNIDAD NACIONAL  PARTIDO DE LA U;7
UMBITA;William Rodolfo Mesa Avella;PARTIDO CENTRO DEMOCRATICO;7
UMBITA;Wilton Fredy Castro Silva;PARTIDO ALIANZA VERDE;7
UMBITA;Angela Rocio Umaña Rojas;PARTIDO CONSERVADOR COLOMBIANO;6
UMBITA;Carlos Eduardo Vega Alvarez;BOYACA DECENTE;6
UMBITA;Hector Josue Camacho Acosta;PARTIDO CENTRO DEMOCRATICO;6
UMBITA;Helver Ariel Avila Panche;PARTIDO CENTRO DEMOCRATICO;6
UMBITA;Julian Guillermo Camargo Amortegui;MOVIMIENTO ALTERNATIVO INDIGENA Y SOCIAL MAIS;6
UMBITA;Partido Alianza Social Independiente Asi;PARTIDO ALIANZA SOCIAL INDEPENDIENTE ASI;6
UMBITA;Partido Liberal Colombiano;PARTIDO LIBERAL COLOMBIANO;6
UMBITA;Sandra Milena Ramirez Moreno;PARTIDO CAMBIO RADICAL;6
UMBITA;Siervo Yesith Gonzalez Saavedra;PARTIDO CAMBIO RADICAL;6
UMBITA;Edwin Alfonso Perez Beltran;PARTIDO ALIANZA SOCIAL INDEPENDIENTE ASI;5
UMBITA;Fredy Leonardo Rojas Vargas;PARTIDO CENTRO DEMOCRATICO;5
UMBITA;Juan Camilo Morales Rodriguez;PARTIDO LIBERAL COLOMBIANO;5
UMBITA;Martha Ines Zipa Martinez;PARTIDO CAMBIO RADICAL;5
UMBITA;Olga Niño Rojas;PARTIDO CENTRO DEMOCRATICO;5
UMBITA;Yury Neill Diaz Aranguren;MOVIMIENTO ALTERNATIVO INDIGENA Y SOCIAL MAIS;5
UMBITA;Andres Mauricio Escarria Barraza;PARTIDO CAMBIO RADICAL;4
UMBITA;Antonio Ernesto Leguizamo Diaz;PARTIDO LIBERAL COLOMBIANO;4
UMBITA;David Santiago Diaz Guio;PARTIDO SOCIAL DE UNIDAD NACIONAL  PARTIDO DE LA U;4
UMBITA;David Santiago Ochoa Garcia;PARTIDO SOCIAL DE UNIDAD NACIONAL  PARTIDO DE LA U;4
UMBITA;Giovanna Del Pilar Soto Barreto;PARTIDO CAMBIO RADICAL;4
UMBITA;Jose Mauricio Buitrago Rivera;PARTIDO CAMBIO RADICAL;4
UMBITA;Lizeth Paola Saade Fuentes;MOVIMIENTO ALTERNATIVO INDIGENA Y SOCIAL MAIS;4
UMBITA;Alvaro Hernan Forero Hurtado;BOYACA DECENTE;3
UMBITA;Aura Lucia Ortiz Cardona;PARTIDO CENTRO DEMOCRATICO;3
UMBITA;Boyaca Decente;BOYACA DECENTE;3
UMBITA;Sandra Patricia Ricaurte Espinel;PARTIDO CAMBIO RADICAL;3
UMBITA;Segundo Fidel Salazar Gonzalez;PARTIDO SOCIAL DE UNIDAD NACIONAL  PARTIDO DE LA U;3
UMBITA;Sonia Esperanza Lopez Barrera;PARTIDO CONSERVADOR COLOMBIANO;3
UMBITA;Adriana Paola Laverde Rodriguez;MOVIMIENTO ALTERNATIVO INDIGENA Y SOCIAL MAIS;2
UMBITA;Anderson Joaquin Sanchez Ruiz;PARTIDO LIBERAL COLOMBIANO;2
UMBITA;Angela Magaly Garcia Rivera;MOVIMIENTO ALTERNATIVO INDIGENA Y SOCIAL MAIS;2
UMBITA;Carlos Julian Diaz Franco;PARTIDO ALIANZA SOCIAL INDEPENDIENTE ASI;2
UMBITA;Fernando Alexander Serrato Fonseca;PARTIDO LIBERAL COLOMBIANO;2
UMBITA;Flor Elba Velandia Cely;PARTIDO ALIANZA SOCIAL INDEPENDIENTE ASI;2
UMBITA;Hernando Arias Ochoa;PARTIDO ALIANZA SOCIAL INDEPENDIENTE ASI;2
UMBITA;Jhonnatan Jairo Avellaneda Mesa;MOVIMIENTO ALTERNATIVO INDIGENA Y SOCIAL MAIS;2
UMBITA;Neddy Esther Sandoval Figueredo;PARTIDO LIBERAL COLOMBIANO;2
UMBITA;Uldarico Javier Ramirez Chilito;MOVIMIENTO ALTERNATIVO INDIGENA Y SOCIAL MAIS;2
UMBITA;Wilkins Fernando Chaparro Cuervo;PARTIDO ALIANZA SOCIAL INDEPENDIENTE ASI;2
UMBITA;Alba Luz Becerra Becerra;PARTIDO ALIANZA SOCIAL INDEPENDIENTE ASI;1
UMBITA;Ana Delia Avendaño Hernandez;PARTIDO LIBERAL COLOMBIANO;1
UMBITA;Ana Lucia Parra Monroy;PARTIDO SOCIAL DE UNIDAD NACIONAL  PARTIDO DE LA U;1
UMBITA;Claudia Patricia Barrera Patiño;PARTIDO SOCIAL DE UNIDAD NACIONAL  PARTIDO DE LA U;1
UMBITA;Claudia Yaneth Avila Castillo;PARTIDO SOCIAL DE UNIDAD NACIONAL  PARTIDO DE LA U;1
UMBITA;David Alejandro Avila Cely;MOVIMIENTO ALTERNATIVO INDIGENA Y SOCIAL MAIS;1
UMBITA;Edwin Andres Rodriguez Rodriguez;PARTIDO LIBERAL COLOMBIANO;1
UMBITA;Elsa Marlen Manrique Pulgar;PARTIDO LIBERAL COLOMBIANO;1
UMBITA;Ericka Leonor Amador Gamarra;PARTIDO SOCIAL DE UNIDAD NACIONAL  PARTIDO DE LA U;1
UMBITA;Erika Dayana Piragauta Rodriguez;PARTIDO LIBERAL COLOMBIANO;1
UMBITA;Fredy Enrique Segura Alonso;BOYACA DECENTE;1
UMBITA;Henry Goyeneche Hormaza;PARTIDO ALIANZA SOCIAL INDEPENDIENTE ASI;1
UMBITA;Jairo Correa Acevedo;MOVIMIENTO ALTERNATIVO INDIGENA Y SOCIAL MAIS;1
UMBITA;Jhon Fredy Garavito Cortes;PARTIDO SOCIAL DE UNIDAD NACIONAL  PARTIDO DE LA U;1
UMBITA;Jorge Marin Jerez Amado;PARTIDO LIBERAL COLOMBIANO;1
UMBITA;Juddy Alexandra Jimenez Cuadros;PARTIDO SOCIAL DE UNIDAD NACIONAL  PARTIDO DE LA U;1
UMBITA;Kiliam Ernesto Gonzalez Forero;BOYACA DECENTE;1
UMBITA;Laura Patricia Contreras Alvarez;PARTIDO ALIANZA SOCIAL INDEPENDIENTE ASI;1
UMBITA;Nelsy Yolanda Rivera Ferrucho;BOYACA DECENTE;1
UMBITA;Orlando Florez Cuervo;PARTIDO CENTRO DEMOCRATICO;1
UMBITA;William Chaparro Rodriguez;BOYACA DECENTE;1
VENTAQUEMADA;Angela Patricia Velandia Novoa;PARTIDO ALIANZA VERDE;970
VENTAQUEMADA;Yury Neill Diaz Aranguren;MOVIMIENTO ALTERNATIVO INDIGENA Y SOCIAL MAIS;757
VENTAQUEMADA;Wilder Ivan Suesca Ochoa;PARTIDO CENTRO DEMOCRATICO;611
VENTAQUEMADA;Nelson Mauricio Rodriguez Perez;PARTIDO CONSERVADOR COLOMBIANO;312
VENTAQUEMADA;Jairo Pacheco Suarez;PARTIDO LIBERAL COLOMBIANO;276
VENTAQUEMADA;Yadith Milena Martinez Farfan;PARTIDO CENTRO DEMOCRATICO;193
VENTAQUEMADA;Fernando Alexander Serrato Fonseca;PARTIDO LIBERAL COLOMBIANO;182
VENTAQUEMADA;Yamir Oswaldo Lopez Peña;PARTIDO ALIANZA VERDE;172
VENTAQUEMADA;Ricardo Alonso Rojas Sachica;PARTIDO ALIANZA VERDE;162
VENTAQUEMADA;Partido Alianza Verde;PARTIDO ALIANZA VERDE;133
VENTAQUEMADA;Jorge Marin Jerez Amado;PARTIDO LIBERAL COLOMBIANO;132
VENTAQUEMADA;Movimiento Alternativo Indigena Y Social Mais;MOVIMIENTO ALTERNATIVO INDIGENA Y SOCIAL MAIS;122
VENTAQUEMADA;Partido Colombia Justa Libres;PARTIDO COLOMBIA JUSTA LIBRES;120
VENTAQUEMADA;Ivan Ricardo Pirachican Bernal;PARTIDO CONSERVADOR COLOMBIANO;119
VENTAQUEMADA;Luis Carlos Ochoa Pasachoa;PARTIDO ALIANZA VERDE;102
VENTAQUEMADA;Mauricio Cadena Valero;PARTIDO CENTRO DEMOCRATICO;102
VENTAQUEMADA;Hugo Alveiro Rosas Romero;PARTIDO ALIANZA VERDE;88
VENTAQUEMADA;Oscar Leonardo Montañez Sierra;PARTIDO CAMBIO RADICAL;86
VENTAQUEMADA;Norman De Jesus Quintero Gallego;PARTIDO CONSERVADOR COLOMBIANO;81
VENTAQUEMADA;Partido Conservador Colombiano;PARTIDO CONSERVADOR COLOMBIANO;78
VENTAQUEMADA;Fabian Camilo Rojas Barrera;PARTIDO LIBERAL COLOMBIANO;69
VENTAQUEMADA;Partido Liberal Colombiano;PARTIDO LIBERAL COLOMBIANO;69
VENTAQUEMADA;Pedro Humberto Vargas Gomez;PARTIDO LIBERAL COLOMBIANO;62
VENTAQUEMADA;Gustavo Eduardo Castañeda Niño;PARTIDO ALIANZA VERDE;61
VENTAQUEMADA;Anderson Joaquin Sanchez Ruiz;PARTIDO LIBERAL COLOMBIANO;56
VENTAQUEMADA;Jose Armando Quiñones Garzon;PARTIDO CENTRO DEMOCRATICO;56
VENTAQUEMADA;Fredy Leonardo Rojas Vargas;PARTIDO CENTRO DEMOCRATICO;53
VENTAQUEMADA;Hector Josue Camacho Acosta;PARTIDO CENTRO DEMOCRATICO;53
VENTAQUEMADA;Eliana Hasleidy Gamez Pinilla;PARTIDO CAMBIO RADICAL;47
VENTAQUEMADA;Jairo Enrique Cabana Fonseca;PARTIDO ALIANZA VERDE;46
VENTAQUEMADA;Johan Francisco Herrera Gualdron;PARTIDO ALIANZA VERDE;45
VENTAQUEMADA;Partido Centro Democratico;PARTIDO CENTRO DEMOCRATICO;45
VENTAQUEMADA;Elsa Marlen Manrique Pulgar;PARTIDO LIBERAL COLOMBIANO;42
VENTAQUEMADA;Fredy Julian Castro Rodriguez;PARTIDO CENTRO DEMOCRATICO;42
VENTAQUEMADA;Uldarico Javier Ramirez Chilito;MOVIMIENTO ALTERNATIVO INDIGENA Y SOCIAL MAIS;42
VENTAQUEMADA;Ana Delia Avendaño Hernandez;PARTIDO LIBERAL COLOMBIANO;41
VENTAQUEMADA;Luisa Fernanda Rodriguez Alfonso;PARTIDO ALIANZA VERDE;38
VENTAQUEMADA;Estefany Johana Grajales Marin;MOVIMIENTO ALTERNATIVO INDIGENA Y SOCIAL MAIS;37
VENTAQUEMADA;Juan Camilo Morales Rodriguez;PARTIDO LIBERAL COLOMBIANO;34
VENTAQUEMADA;Willian David Pabon Jimenez;PARTIDO SOCIAL DE UNIDAD NACIONAL  PARTIDO DE LA U;34
VENTAQUEMADA;Jose Antonio Estupiñan Caceres;PARTIDO CONSERVADOR COLOMBIANO;33
VENTAQUEMADA;Jairo Correa Acevedo;MOVIMIENTO ALTERNATIVO INDIGENA Y SOCIAL MAIS;32
VENTAQUEMADA;Sandra Patricia Contreras Soto;PARTIDO LIBERAL COLOMBIANO;32
VENTAQUEMADA;Concha Jael Vargas Saavedra;PARTIDO CONSERVADOR COLOMBIANO;31
VENTAQUEMADA;Omar Fernando Valderrama Baez;PARTIDO CENTRO DEMOCRATICO;30
VENTAQUEMADA;Jhon Fredy Garavito Cortes;PARTIDO SOCIAL DE UNIDAD NACIONAL  PARTIDO DE LA U;29
VENTAQUEMADA;Partido Social De Unidad Nacional  Partido De La U;PARTIDO SOCIAL DE UNIDAD NACIONAL  PARTIDO DE LA U;28
VENTAQUEMADA;Maira Adriana Zerda Gonzalez;PARTIDO ALIANZA VERDE;26
VENTAQUEMADA;Pedro Pablo Salas Hernandez;PARTIDO ALIANZA VERDE;26
VENTAQUEMADA;Adriana Paola Laverde Rodriguez;MOVIMIENTO ALTERNATIVO INDIGENA Y SOCIAL MAIS;23
VENTAQUEMADA;Andrea Carolina Camargo Caro;MOVIMIENTO ALTERNATIVO INDIGENA Y SOCIAL MAIS;23
VENTAQUEMADA;Olga Niño Rojas;PARTIDO CENTRO DEMOCRATICO;22
VENTAQUEMADA;Roman Hernando Ortega Hernandez;PARTIDO ALIANZA VERDE;22
VENTAQUEMADA;Ingrid Marlen Sogamoso Alfonso;PARTIDO CENTRO DEMOCRATICO;21
VENTAQUEMADA;Nereo Baron Tellez;MOVIMIENTO ALTERNATIVO INDIGENA Y SOCIAL MAIS;20
VENTAQUEMADA;Segundo Fidel Salazar Gonzalez;PARTIDO SOCIAL DE UNIDAD NACIONAL  PARTIDO DE LA U;20
VENTAQUEMADA;Wilton Fredy Castro Silva;PARTIDO ALIANZA VERDE;20
VENTAQUEMADA;Daniel Fernando Mejia Lozano;PARTIDO ALIANZA SOCIAL INDEPENDIENTE ASI;19
VENTAQUEMADA;Eliana Maria Villate Fonseca;PARTIDO CONSERVADOR COLOMBIANO;19
VENTAQUEMADA;Jose Wilmar Leal Abril;PARTIDO CAMBIO RADICAL;18
VENTAQUEMADA;Luz Dary Sevillano Guerrero;PARTIDO ALIANZA VERDE;18
VENTAQUEMADA;Neddy Esther Sandoval Figueredo;PARTIDO LIBERAL COLOMBIANO;17
VENTAQUEMADA;Ricardo Andres Español Teatino;PARTIDO LIBERAL COLOMBIANO;17
VENTAQUEMADA;Wilkins Fernando Chaparro Cuervo;PARTIDO ALIANZA SOCIAL INDEPENDIENTE ASI;17
VENTAQUEMADA;William Rodolfo Mesa Avella;PARTIDO CENTRO DEMOCRATICO;17
VENTAQUEMADA;Carlos Ernesto Torres Aguirre;PARTIDO CONSERVADOR COLOMBIANO;16
VENTAQUEMADA;Manuel Ricardo Mesa Trujillo;PARTIDO SOCIAL DE UNIDAD NACIONAL  PARTIDO DE LA U;16
VENTAQUEMADA;Fernando Augusto Diaz Saenz;PARTIDO CONSERVADOR COLOMBIANO;15
VENTAQUEMADA;Orlando Florez Cuervo;PARTIDO CENTRO DEMOCRATICO;15
VENTAQUEMADA;Sonia Esperanza Lopez Barrera;PARTIDO CONSERVADOR COLOMBIANO;15
VENTAQUEMADA;Luis Carlos Machado Zapata;PARTIDO LIBERAL COLOMBIANO;13
VENTAQUEMADA;Mariev Bejarano Ospina;BOYACA DECENTE;13
VENTAQUEMADA;Pablo Antonio Zambrano Salamanca;PARTIDO CONSERVADOR COLOMBIANO;13
VENTAQUEMADA;Irma Yineth Velandia Sandoval;PARTIDO CAMBIO RADICAL;12
VENTAQUEMADA;John Fredy Lopez Mora;MOVIMIENTO ALTERNATIVO INDIGENA Y SOCIAL MAIS;12
VENTAQUEMADA;Juddy Alexandra Jimenez Cuadros;PARTIDO SOCIAL DE UNIDAD NACIONAL  PARTIDO DE LA U;12
VENTAQUEMADA;Merardo Vargas Roa;PARTIDO ALIANZA VERDE;12
VENTAQUEMADA;Jorge Ignacio Lopez Barrera;BOYACA DECENTE;11
VENTAQUEMADA;Jose Agustin Arias Millan;PARTIDO CENTRO DEMOCRATICO;11
VENTAQUEMADA;Julian Guillermo Camargo Amortegui;MOVIMIENTO ALTERNATIVO INDIGENA Y SOCIAL MAIS;11
VENTAQUEMADA;Maria De Los Santos Salamanca Silva;PARTIDO ALIANZA VERDE;11
VENTAQUEMADA;Alvaro Hernan Forero Hurtado;BOYACA DECENTE;10
VENTAQUEMADA;Cesar Augusto Mojica Bedoya;PARTIDO SOCIAL DE UNIDAD NACIONAL  PARTIDO DE LA U;10
VENTAQUEMADA;Ericka Leonor Amador Gamarra;PARTIDO SOCIAL DE UNIDAD NACIONAL  PARTIDO DE LA U;10
VENTAQUEMADA;Hernando Arias Ochoa;PARTIDO ALIANZA SOCIAL INDEPENDIENTE ASI;10
VENTAQUEMADA;Jose Dario Mahecha Castillo;PARTIDO CONSERVADOR COLOMBIANO;10
VENTAQUEMADA;Partido Cambio Radical;PARTIDO CAMBIO RADICAL;10
VENTAQUEMADA;Sergio Cabra Sierra;PARTIDO SOCIAL DE UNIDAD NACIONAL  PARTIDO DE LA U;10
VENTAQUEMADA;Alfredo Horacio Correa Higuera;PARTIDO CAMBIO RADICAL;9
VENTAQUEMADA;Ana Adela Pulido Cuadros;PARTIDO CONSERVADOR COLOMBIANO;9
VENTAQUEMADA;Andres Mauricio Escarria Barraza;PARTIDO CAMBIO RADICAL;9
VENTAQUEMADA;David Santiago Ochoa Garcia;PARTIDO SOCIAL DE UNIDAD NACIONAL  PARTIDO DE LA U;9
VENTAQUEMADA;Katherin Tatiana Calderon Acosta;PARTIDO CENTRO DEMOCRATICO;9
VENTAQUEMADA;Claudia Yaneth Avila Castillo;PARTIDO SOCIAL DE UNIDAD NACIONAL  PARTIDO DE LA U;8
VENTAQUEMADA;Edwin Alfonso Perez Beltran;PARTIDO ALIANZA SOCIAL INDEPENDIENTE ASI;8
VENTAQUEMADA;Laura Patricia Contreras Alvarez;PARTIDO ALIANZA SOCIAL INDEPENDIENTE ASI;8
VENTAQUEMADA;Partido Alianza Social Independiente Asi;PARTIDO ALIANZA SOCIAL INDEPENDIENTE ASI;8
VENTAQUEMADA;Angela Magaly Garcia Rivera;MOVIMIENTO ALTERNATIVO INDIGENA Y SOCIAL MAIS;7
VENTAQUEMADA;Helver Ariel Avila Panche;PARTIDO CENTRO DEMOCRATICO;7
VENTAQUEMADA;Nelsy Yolanda Rivera Ferrucho;BOYACA DECENTE;7
VENTAQUEMADA;Alberto Enrique Murillo Sanchez;PARTIDO CAMBIO RADICAL;6
VENTAQUEMADA;Carlos Alfredo Siza Blanco;PARTIDO CONSERVADOR COLOMBIANO;6
VENTAQUEMADA;Edwin Andres Rodriguez Rodriguez;PARTIDO LIBERAL COLOMBIANO;6
VENTAQUEMADA;Jorge Eduardo Diaz Avendaño;MOVIMIENTO ALTERNATIVO INDIGENA Y SOCIAL MAIS;6
VENTAQUEMADA;Lizeth Paola Saade Fuentes;MOVIMIENTO ALTERNATIVO INDIGENA Y SOCIAL MAIS;6
VENTAQUEMADA;Luis Carlos Bernal Mesa;PARTIDO SOCIAL DE UNIDAD NACIONAL  PARTIDO DE LA U;6
VENTAQUEMADA;Angela Rocio Umaña Rojas;PARTIDO CONSERVADOR COLOMBIANO;5
VENTAQUEMADA;Boyaca Decente;BOYACA DECENTE;5
VENTAQUEMADA;Carmen Liria Prieto Cortes;BOYACA DECENTE;5
VENTAQUEMADA;Edgar Antulio Gonzalez Trujillo;BOYACA DECENTE;5
VENTAQUEMADA;Erika Dayana Piragauta Rodriguez;PARTIDO LIBERAL COLOMBIANO;5
VENTAQUEMADA;Armando Buitrago Acevedo;PARTIDO ALIANZA SOCIAL INDEPENDIENTE ASI;4
VENTAQUEMADA;Carlos Eduardo Vega Alvarez;BOYACA DECENTE;4
VENTAQUEMADA;David Alejandro Avila Cely;MOVIMIENTO ALTERNATIVO INDIGENA Y SOCIAL MAIS;4
VENTAQUEMADA;Giovanna Del Pilar Soto Barreto;PARTIDO CAMBIO RADICAL;4
VENTAQUEMADA;Jhonnatan Jairo Avellaneda Mesa;MOVIMIENTO ALTERNATIVO INDIGENA Y SOCIAL MAIS;4
VENTAQUEMADA;Ana Lucia Parra Monroy;PARTIDO SOCIAL DE UNIDAD NACIONAL  PARTIDO DE LA U;3
VENTAQUEMADA;Antonio Ernesto Leguizamo Diaz;PARTIDO LIBERAL COLOMBIANO;3
VENTAQUEMADA;Jaime Andres Gomez Gomez;PARTIDO CONSERVADOR COLOMBIANO;3
VENTAQUEMADA;Jose Mauricio Buitrago Rivera;PARTIDO CAMBIO RADICAL;3
VENTAQUEMADA;Kiliam Ernesto Gonzalez Forero;BOYACA DECENTE;3
VENTAQUEMADA;Omar Humberto Villamil Munevar;PARTIDO CONSERVADOR COLOMBIANO;3
VENTAQUEMADA;Siervo Yesith Gonzalez Saavedra;PARTIDO CAMBIO RADICAL;3
VENTAQUEMADA;Vivian Catherin Alvarez;PARTIDO ALIANZA SOCIAL INDEPENDIENTE ASI;3
VENTAQUEMADA;Alba Luz Becerra Becerra;PARTIDO ALIANZA SOCIAL INDEPENDIENTE ASI;2
VENTAQUEMADA;Aura Lucia Ortiz Cardona;PARTIDO CENTRO DEMOCRATICO;2
VENTAQUEMADA;Flor Elba Velandia Cely;PARTIDO ALIANZA SOCIAL INDEPENDIENTE ASI;2
VENTAQUEMADA;Gregorio Morales Tovar;BOYACA DECENTE;2
VENTAQUEMADA;Jose Leonidas Medina Cruz;PARTIDO SOCIAL DE UNIDAD NACIONAL  PARTIDO DE LA U;2
VENTAQUEMADA;Martha Ines Zipa Martinez;PARTIDO CAMBIO RADICAL;2
VENTAQUEMADA;Carlos Julian Diaz Franco;PARTIDO ALIANZA SOCIAL INDEPENDIENTE ASI;1
VENTAQUEMADA;Henry Goyeneche Hormaza;PARTIDO ALIANZA SOCIAL INDEPENDIENTE ASI;1
VENTAQUEMADA;Jorge Enrique Camacho Rodriguez;PARTIDO ALIANZA SOCIAL INDEPENDIENTE ASI;1
VENTAQUEMADA;Julieth Rocio Montañez Niño;PARTIDO ALIANZA SOCIAL INDEPENDIENTE ASI;1
VENTAQUEMADA;Sandra Milena Ramirez Moreno;PARTIDO CAMBIO RADICAL;1
VENTAQUEMADA;Sandra Patricia Ricaurte Espinel;PARTIDO CAMBIO RADICAL;1
VENTAQUEMADA;Victor Tulio Ramirez Gutierrez;BOYACA DECENTE;1
VILLA DE LEIVA;Ricardo Alonso Rojas Sachica;PARTIDO ALIANZA VERDE;781
VILLA DE LEIVA;Orlando Florez Cuervo;PARTIDO CENTRO DEMOCRATICO;497
VILLA DE LEIVA;Jairo Pacheco Suarez;PARTIDO LIBERAL COLOMBIANO;477
VILLA DE LEIVA;Yamir Oswaldo Lopez Peña;PARTIDO ALIANZA VERDE;362
VILLA DE LEIVA;William Rodolfo Mesa Avella;PARTIDO CENTRO DEMOCRATICO;277
VILLA DE LEIVA;Partido Alianza Verde;PARTIDO ALIANZA VERDE;269
VILLA DE LEIVA;Concha Jael Vargas Saavedra;PARTIDO CONSERVADOR COLOMBIANO;234
VILLA DE LEIVA;Partido Colombia Justa Libres;PARTIDO COLOMBIA JUSTA LIBRES;185
VILLA DE LEIVA;Fernando Alexander Serrato Fonseca;PARTIDO LIBERAL COLOMBIANO;175
VILLA DE LEIVA;Nelson Mauricio Rodriguez Perez;PARTIDO CONSERVADOR COLOMBIANO;164
VILLA DE LEIVA;Jose Armando Quiñones Garzon;PARTIDO CENTRO DEMOCRATICO;158
VILLA DE LEIVA;Omar Fernando Valderrama Baez;PARTIDO CENTRO DEMOCRATICO;142
VILLA DE LEIVA;Fabian Camilo Rojas Barrera;PARTIDO LIBERAL COLOMBIANO;141
VILLA DE LEIVA;Pedro Pablo Salas Hernandez;PARTIDO ALIANZA VERDE;120
VILLA DE LEIVA;Sandra Patricia Contreras Soto;PARTIDO LIBERAL COLOMBIANO;114
VILLA DE LEIVA;Angela Patricia Velandia Novoa;PARTIDO ALIANZA VERDE;111
VILLA DE LEIVA;Juan Camilo Morales Rodriguez;PARTIDO LIBERAL COLOMBIANO;105
VILLA DE LEIVA;Partido Liberal Colombiano;PARTIDO LIBERAL COLOMBIANO;99
VILLA DE LEIVA;Partido Centro Democratico;PARTIDO CENTRO DEMOCRATICO;97
VILLA DE LEIVA;Jairo Enrique Cabana Fonseca;PARTIDO ALIANZA VERDE;84
VILLA DE LEIVA;Luisa Fernanda Rodriguez Alfonso;PARTIDO ALIANZA VERDE;83
VILLA DE LEIVA;Alvaro Hernan Forero Hurtado;BOYACA DECENTE;81
VILLA DE LEIVA;Anderson Joaquin Sanchez Ruiz;PARTIDO LIBERAL COLOMBIANO;77
VILLA DE LEIVA;Gustavo Eduardo Castañeda Niño;PARTIDO ALIANZA VERDE;75
VILLA DE LEIVA;Mariev Bejarano Ospina;BOYACA DECENTE;73
VILLA DE LEIVA;Siervo Yesith Gonzalez Saavedra;PARTIDO CAMBIO RADICAL;73
VILLA DE LEIVA;Hugo Alveiro Rosas Romero;PARTIDO ALIANZA VERDE;70
VILLA DE LEIVA;Oscar Leonardo Montañez Sierra;PARTIDO CAMBIO RADICAL;69
VILLA DE LEIVA;Ivan Ricardo Pirachican Bernal;PARTIDO CONSERVADOR COLOMBIANO;68
VILLA DE LEIVA;Ingrid Marlen Sogamoso Alfonso;PARTIDO CENTRO DEMOCRATICO;63
VILLA DE LEIVA;Yury Neill Diaz Aranguren;MOVIMIENTO ALTERNATIVO INDIGENA Y SOCIAL MAIS;63
VILLA DE LEIVA;Jose Dario Mahecha Castillo;PARTIDO CONSERVADOR COLOMBIANO;61
VILLA DE LEIVA;Johan Francisco Herrera Gualdron;PARTIDO ALIANZA VERDE;52
VILLA DE LEIVA;Manuel Ricardo Mesa Trujillo;PARTIDO SOCIAL DE UNIDAD NACIONAL  PARTIDO DE LA U;52
VILLA DE LEIVA;Ricardo Andres Español Teatino;PARTIDO LIBERAL COLOMBIANO;47
VILLA DE LEIVA;Sonia Esperanza Lopez Barrera;PARTIDO CONSERVADOR COLOMBIANO;46
VILLA DE LEIVA;Wilton Fredy Castro Silva;PARTIDO ALIANZA VERDE;46
VILLA DE LEIVA;Roman Hernando Ortega Hernandez;PARTIDO ALIANZA VERDE;44
VILLA DE LEIVA;Omar Humberto Villamil Munevar;PARTIDO CONSERVADOR COLOMBIANO;40
VILLA DE LEIVA;Jose Wilmar Leal Abril;PARTIDO CAMBIO RADICAL;39
VILLA DE LEIVA;Jhonnatan Jairo Avellaneda Mesa;MOVIMIENTO ALTERNATIVO INDIGENA Y SOCIAL MAIS;38
VILLA DE LEIVA;Partido Conservador Colombiano;PARTIDO CONSERVADOR COLOMBIANO;38
VILLA DE LEIVA;Hector Josue Camacho Acosta;PARTIDO CENTRO DEMOCRATICO;36
VILLA DE LEIVA;Maria De Los Santos Salamanca Silva;PARTIDO ALIANZA VERDE;35
VILLA DE LEIVA;Movimiento Alternativo Indigena Y Social Mais;MOVIMIENTO ALTERNATIVO INDIGENA Y SOCIAL MAIS;35
VILLA DE LEIVA;Luz Dary Sevillano Guerrero;PARTIDO ALIANZA VERDE;34
VILLA DE LEIVA;Sergio Cabra Sierra;PARTIDO SOCIAL DE UNIDAD NACIONAL  PARTIDO DE LA U;32
VILLA DE LEIVA;Wilder Ivan Suesca Ochoa;PARTIDO CENTRO DEMOCRATICO;31
VILLA DE LEIVA;Luis Carlos Machado Zapata;PARTIDO LIBERAL COLOMBIANO;30
VILLA DE LEIVA;Fernando Augusto Diaz Saenz;PARTIDO CONSERVADOR COLOMBIANO;29
VILLA DE LEIVA;Hernando Arias Ochoa;PARTIDO ALIANZA SOCIAL INDEPENDIENTE ASI;29
VILLA DE LEIVA;Fredy Julian Castro Rodriguez;PARTIDO CENTRO DEMOCRATICO;27
VILLA DE LEIVA;Jorge Marin Jerez Amado;PARTIDO LIBERAL COLOMBIANO;27
VILLA DE LEIVA;Willian David Pabon Jimenez;PARTIDO SOCIAL DE UNIDAD NACIONAL  PARTIDO DE LA U;27
VILLA DE LEIVA;Antonio Ernesto Leguizamo Diaz;PARTIDO LIBERAL COLOMBIANO;26
VILLA DE LEIVA;Partido Social De Unidad Nacional  Partido De La U;PARTIDO SOCIAL DE UNIDAD NACIONAL  PARTIDO DE LA U;26
VILLA DE LEIVA;Luis Carlos Ochoa Pasachoa;PARTIDO ALIANZA VERDE;24
VILLA DE LEIVA;Partido Cambio Radical;PARTIDO CAMBIO RADICAL;22
VILLA DE LEIVA;Ana Adela Pulido Cuadros;PARTIDO CONSERVADOR COLOMBIANO;21
VILLA DE LEIVA;Luis Carlos Bernal Mesa;PARTIDO SOCIAL DE UNIDAD NACIONAL  PARTIDO DE LA U;21
VILLA DE LEIVA;Maira Adriana Zerda Gonzalez;PARTIDO ALIANZA VERDE;21
VILLA DE LEIVA;Elsa Marlen Manrique Pulgar;PARTIDO LIBERAL COLOMBIANO;20
VILLA DE LEIVA;Fredy Leonardo Rojas Vargas;PARTIDO CENTRO DEMOCRATICO;20
VILLA DE LEIVA;Merardo Vargas Roa;PARTIDO ALIANZA VERDE;20
VILLA DE LEIVA;Uldarico Javier Ramirez Chilito;MOVIMIENTO ALTERNATIVO INDIGENA Y SOCIAL MAIS;20
VILLA DE LEIVA;Segundo Fidel Salazar Gonzalez;PARTIDO SOCIAL DE UNIDAD NACIONAL  PARTIDO DE LA U;18
VILLA DE LEIVA;Partido Alianza Social Independiente Asi;PARTIDO ALIANZA SOCIAL INDEPENDIENTE ASI;17
VILLA DE LEIVA;Nereo Baron Tellez;MOVIMIENTO ALTERNATIVO INDIGENA Y SOCIAL MAIS;16
VILLA DE LEIVA;Boyaca Decente;BOYACA DECENTE;15
VILLA DE LEIVA;Carlos Ernesto Torres Aguirre;PARTIDO CONSERVADOR COLOMBIANO;15
VILLA DE LEIVA;Estefany Johana Grajales Marin;MOVIMIENTO ALTERNATIVO INDIGENA Y SOCIAL MAIS;15
VILLA DE LEIVA;Mauricio Cadena Valero;PARTIDO CENTRO DEMOCRATICO;15
VILLA DE LEIVA;Carlos Alfredo Siza Blanco;PARTIDO CONSERVADOR COLOMBIANO;14
VILLA DE LEIVA;Yadith Milena Martinez Farfan;PARTIDO CENTRO DEMOCRATICO;14
VILLA DE LEIVA;Alfredo Horacio Correa Higuera;PARTIDO CAMBIO RADICAL;13
VILLA DE LEIVA;Jose Agustin Arias Millan;PARTIDO CENTRO DEMOCRATICO;13
VILLA DE LEIVA;Jose Antonio Estupiñan Caceres;PARTIDO CONSERVADOR COLOMBIANO;12
VILLA DE LEIVA;Pablo Antonio Zambrano Salamanca;PARTIDO CONSERVADOR COLOMBIANO;12
VILLA DE LEIVA;Adriana Paola Laverde Rodriguez;MOVIMIENTO ALTERNATIVO INDIGENA Y SOCIAL MAIS;11
VILLA DE LEIVA;Alberto Enrique Murillo Sanchez;PARTIDO CAMBIO RADICAL;11
VILLA DE LEIVA;Eliana Hasleidy Gamez Pinilla;PARTIDO CAMBIO RADICAL;11
VILLA DE LEIVA;Olga Niño Rojas;PARTIDO CENTRO DEMOCRATICO;11
VILLA DE LEIVA;Ana Lucia Parra Monroy;PARTIDO SOCIAL DE UNIDAD NACIONAL  PARTIDO DE LA U;10
VILLA DE LEIVA;David Santiago Ochoa Garcia;PARTIDO SOCIAL DE UNIDAD NACIONAL  PARTIDO DE LA U;10
VILLA DE LEIVA;Erika Dayana Piragauta Rodriguez;PARTIDO LIBERAL COLOMBIANO;10
VILLA DE LEIVA;Jhon Fredy Garavito Cortes;PARTIDO SOCIAL DE UNIDAD NACIONAL  PARTIDO DE LA U;10
VILLA DE LEIVA;Neddy Esther Sandoval Figueredo;PARTIDO LIBERAL COLOMBIANO;10
VILLA DE LEIVA;Ana Delia Avendaño Hernandez;PARTIDO LIBERAL COLOMBIANO;9
VILLA DE LEIVA;Armando Buitrago Acevedo;PARTIDO ALIANZA SOCIAL INDEPENDIENTE ASI;9
VILLA DE LEIVA;Flor Elba Velandia Cely;PARTIDO ALIANZA SOCIAL INDEPENDIENTE ASI;9
VILLA DE LEIVA;Jairo Correa Acevedo;MOVIMIENTO ALTERNATIVO INDIGENA Y SOCIAL MAIS;9
VILLA DE LEIVA;Jorge Eduardo Diaz Avendaño;MOVIMIENTO ALTERNATIVO INDIGENA Y SOCIAL MAIS;9
VILLA DE LEIVA;Wilkins Fernando Chaparro Cuervo;PARTIDO ALIANZA SOCIAL INDEPENDIENTE ASI;9
VILLA DE LEIVA;Daniel Fernando Mejia Lozano;PARTIDO ALIANZA SOCIAL INDEPENDIENTE ASI;8
VILLA DE LEIVA;Edgar Antulio Gonzalez Trujillo;BOYACA DECENTE;8
VILLA DE LEIVA;Ericka Leonor Amador Gamarra;PARTIDO SOCIAL DE UNIDAD NACIONAL  PARTIDO DE LA U;8
VILLA DE LEIVA;Juddy Alexandra Jimenez Cuadros;PARTIDO SOCIAL DE UNIDAD NACIONAL  PARTIDO DE LA U;8
VILLA DE LEIVA;Julian Guillermo Camargo Amortegui;MOVIMIENTO ALTERNATIVO INDIGENA Y SOCIAL MAIS;8
VILLA DE LEIVA;Norman De Jesus Quintero Gallego;PARTIDO CONSERVADOR COLOMBIANO;8
VILLA DE LEIVA;Angela Rocio Umaña Rojas;PARTIDO CONSERVADOR COLOMBIANO;7
VILLA DE LEIVA;Carmen Liria Prieto Cortes;BOYACA DECENTE;7
VILLA DE LEIVA;Edwin Andres Rodriguez Rodriguez;PARTIDO LIBERAL COLOMBIANO;7
VILLA DE LEIVA;Gregorio Morales Tovar;BOYACA DECENTE;7
VILLA DE LEIVA;Jorge Enrique Camacho Rodriguez;PARTIDO ALIANZA SOCIAL INDEPENDIENTE ASI;7
VILLA DE LEIVA;Julieth Rocio Montañez Niño;PARTIDO ALIANZA SOCIAL INDEPENDIENTE ASI;7
VILLA DE LEIVA;Pedro Humberto Vargas Gomez;PARTIDO LIBERAL COLOMBIANO;7
VILLA DE LEIVA;Carlos Julian Diaz Franco;PARTIDO ALIANZA SOCIAL INDEPENDIENTE ASI;6
VILLA DE LEIVA;Eliana Maria Villate Fonseca;PARTIDO CONSERVADOR COLOMBIANO;6
VILLA DE LEIVA;Nelsy Yolanda Rivera Ferrucho;BOYACA DECENTE;6
VILLA DE LEIVA;Aura Lucia Ortiz Cardona;PARTIDO CENTRO DEMOCRATICO;5
VILLA DE LEIVA;Jose Leonidas Medina Cruz;PARTIDO SOCIAL DE UNIDAD NACIONAL  PARTIDO DE LA U;5
VILLA DE LEIVA;Katherin Tatiana Calderon Acosta;PARTIDO CENTRO DEMOCRATICO;5
VILLA DE LEIVA;Andres Mauricio Escarria Barraza;PARTIDO CAMBIO RADICAL;4
VILLA DE LEIVA;Cesar Augusto Mojica Bedoya;PARTIDO SOCIAL DE UNIDAD NACIONAL  PARTIDO DE LA U;4
VILLA DE LEIVA;Fredy Enrique Segura Alonso;BOYACA DECENTE;4
VILLA DE LEIVA;Jaime Andres Gomez Gomez;PARTIDO CONSERVADOR COLOMBIANO;4
VILLA DE LEIVA;John Fredy Lopez Mora;MOVIMIENTO ALTERNATIVO INDIGENA Y SOCIAL MAIS;4
VILLA DE LEIVA;Jorge Ignacio Lopez Barrera;BOYACA DECENTE;4
VILLA DE LEIVA;Lizeth Paola Saade Fuentes;MOVIMIENTO ALTERNATIVO INDIGENA Y SOCIAL MAIS;4
VILLA DE LEIVA;Vivian Catherin Alvarez;PARTIDO ALIANZA SOCIAL INDEPENDIENTE ASI;4
VILLA DE LEIVA;Carlos Eduardo Vega Alvarez;BOYACA DECENTE;3
VILLA DE LEIVA;Claudia Yaneth Avila Castillo;PARTIDO SOCIAL DE UNIDAD NACIONAL  PARTIDO DE LA U;3
VILLA DE LEIVA;David Alejandro Avila Cely;MOVIMIENTO ALTERNATIVO INDIGENA Y SOCIAL MAIS;3
VILLA DE LEIVA;Edwin Alfonso Perez Beltran;PARTIDO ALIANZA SOCIAL INDEPENDIENTE ASI;3
VILLA DE LEIVA;Helver Ariel Avila Panche;PARTIDO CENTRO DEMOCRATICO;3
VILLA DE LEIVA;Henry Goyeneche Hormaza;PARTIDO ALIANZA SOCIAL INDEPENDIENTE ASI;3
VILLA DE LEIVA;Irma Yineth Velandia Sandoval;PARTIDO CAMBIO RADICAL;3
VILLA DE LEIVA;Laura Patricia Contreras Alvarez;PARTIDO ALIANZA SOCIAL INDEPENDIENTE ASI;3
VILLA DE LEIVA;Maria Francia Blanco Pedroza;BOYACA DECENTE;3
VILLA DE LEIVA;William Chaparro Rodriguez;BOYACA DECENTE;3
VILLA DE LEIVA;Alba Luz Becerra Becerra;PARTIDO ALIANZA SOCIAL INDEPENDIENTE ASI;2
VILLA DE LEIVA;Claudia Patricia Barrera Patiño;PARTIDO SOCIAL DE UNIDAD NACIONAL  PARTIDO DE LA U;2
VILLA DE LEIVA;David Santiago Diaz Guio;PARTIDO SOCIAL DE UNIDAD NACIONAL  PARTIDO DE LA U;2
VILLA DE LEIVA;Giovanna Del Pilar Soto Barreto;PARTIDO CAMBIO RADICAL;2
VILLA DE LEIVA;Jose Mauricio Buitrago Rivera;PARTIDO CAMBIO RADICAL;2
VILLA DE LEIVA;Kiliam Ernesto Gonzalez Forero;BOYACA DECENTE;2
VILLA DE LEIVA;Martha Ines Zipa Martinez;PARTIDO CAMBIO RADICAL;2
VILLA DE LEIVA;Victor Tulio Ramirez Gutierrez;BOYACA DECENTE;2
VILLA DE LEIVA;Andrea Carolina Camargo Caro;MOVIMIENTO ALTERNATIVO INDIGENA Y SOCIAL MAIS;1
VIRACACHA;Hugo Alveiro Rosas Romero;PARTIDO ALIANZA VERDE;267
VIRACACHA;Ivan Ricardo Pirachican Bernal;PARTIDO CONSERVADOR COLOMBIANO;171
VIRACACHA;Yamir Oswaldo Lopez Peña;PARTIDO ALIANZA VERDE;152
VIRACACHA;Wilder Ivan Suesca Ochoa;PARTIDO CENTRO DEMOCRATICO;100
VIRACACHA;Partido Alianza Verde;PARTIDO ALIANZA VERDE;79
VIRACACHA;Jose Agustin Arias Millan;PARTIDO CENTRO DEMOCRATICO;70
VIRACACHA;Angela Patricia Velandia Novoa;PARTIDO ALIANZA VERDE;62
VIRACACHA;Jairo Pacheco Suarez;PARTIDO LIBERAL COLOMBIANO;50
VIRACACHA;Luis Carlos Ochoa Pasachoa;PARTIDO ALIANZA VERDE;43
VIRACACHA;Partido Conservador Colombiano;PARTIDO CONSERVADOR COLOMBIANO;38
VIRACACHA;Partido Centro Democratico;PARTIDO CENTRO DEMOCRATICO;33
VIRACACHA;Anderson Joaquin Sanchez Ruiz;PARTIDO LIBERAL COLOMBIANO;28
VIRACACHA;Juan Camilo Morales Rodriguez;PARTIDO LIBERAL COLOMBIANO;26
VIRACACHA;Jose Dario Mahecha Castillo;PARTIDO CONSERVADOR COLOMBIANO;23
VIRACACHA;Ana Adela Pulido Cuadros;PARTIDO CONSERVADOR COLOMBIANO;22
VIRACACHA;Concha Jael Vargas Saavedra;PARTIDO CONSERVADOR COLOMBIANO;19
VIRACACHA;Hector Josue Camacho Acosta;PARTIDO CENTRO DEMOCRATICO;19
VIRACACHA;Ingrid Marlen Sogamoso Alfonso;PARTIDO CENTRO DEMOCRATICO;19
VIRACACHA;Jorge Enrique Camacho Rodriguez;PARTIDO ALIANZA SOCIAL INDEPENDIENTE ASI;18
VIRACACHA;Merardo Vargas Roa;PARTIDO ALIANZA VERDE;16
VIRACACHA;Johan Francisco Herrera Gualdron;PARTIDO ALIANZA VERDE;15
VIRACACHA;Gustavo Eduardo Castañeda Niño;PARTIDO ALIANZA VERDE;14
VIRACACHA;Luz Dary Sevillano Guerrero;PARTIDO ALIANZA VERDE;14
VIRACACHA;Pedro Pablo Salas Hernandez;PARTIDO ALIANZA VERDE;14
VIRACACHA;Alfredo Horacio Correa Higuera;PARTIDO CAMBIO RADICAL;13
VIRACACHA;Jose Armando Quiñones Garzon;PARTIDO CENTRO DEMOCRATICO;11
VIRACACHA;Fabian Camilo Rojas Barrera;PARTIDO LIBERAL COLOMBIANO;10
VIRACACHA;Jose Antonio Estupiñan Caceres;PARTIDO CONSERVADOR COLOMBIANO;10
VIRACACHA;William Rodolfo Mesa Avella;PARTIDO CENTRO DEMOCRATICO;10
VIRACACHA;Wilton Fredy Castro Silva;PARTIDO ALIANZA VERDE;10
VIRACACHA;Alberto Enrique Murillo Sanchez;PARTIDO CAMBIO RADICAL;9
VIRACACHA;Mauricio Cadena Valero;PARTIDO CENTRO DEMOCRATICO;9
VIRACACHA;Omar Humberto Villamil Munevar;PARTIDO CONSERVADOR COLOMBIANO;8
VIRACACHA;Oscar Leonardo Montañez Sierra;PARTIDO CAMBIO RADICAL;8
VIRACACHA;Partido Cambio Radical;PARTIDO CAMBIO RADICAL;8
VIRACACHA;Partido Liberal Colombiano;PARTIDO LIBERAL COLOMBIANO;8
VIRACACHA;Carlos Ernesto Torres Aguirre;PARTIDO CONSERVADOR COLOMBIANO;7
VIRACACHA;Eliana Hasleidy Gamez Pinilla;PARTIDO CAMBIO RADICAL;7
VIRACACHA;Eliana Maria Villate Fonseca;PARTIDO CONSERVADOR COLOMBIANO;7
VIRACACHA;Hernando Arias Ochoa;PARTIDO ALIANZA SOCIAL INDEPENDIENTE ASI;7
VIRACACHA;Norman De Jesus Quintero Gallego;PARTIDO CONSERVADOR COLOMBIANO;7
VIRACACHA;Sonia Esperanza Lopez Barrera;PARTIDO CONSERVADOR COLOMBIANO;7
VIRACACHA;Nelson Mauricio Rodriguez Perez;PARTIDO CONSERVADOR COLOMBIANO;6
VIRACACHA;Omar Fernando Valderrama Baez;PARTIDO CENTRO DEMOCRATICO;6
VIRACACHA;Orlando Florez Cuervo;PARTIDO CENTRO DEMOCRATICO;6
VIRACACHA;Ricardo Alonso Rojas Sachica;PARTIDO ALIANZA VERDE;6
VIRACACHA;Andres Mauricio Escarria Barraza;PARTIDO CAMBIO RADICAL;5
VIRACACHA;Carlos Alfredo Siza Blanco;PARTIDO CONSERVADOR COLOMBIANO;5
VIRACACHA;Elsa Marlen Manrique Pulgar;PARTIDO LIBERAL COLOMBIANO;5
VIRACACHA;Julieth Rocio Montañez Niño;PARTIDO ALIANZA SOCIAL INDEPENDIENTE ASI;5
VIRACACHA;Luisa Fernanda Rodriguez Alfonso;PARTIDO ALIANZA VERDE;5
VIRACACHA;Partido Colombia Justa Libres;PARTIDO COLOMBIA JUSTA LIBRES;5
VIRACACHA;Fernando Alexander Serrato Fonseca;PARTIDO LIBERAL COLOMBIANO;4
VIRACACHA;Fernando Augusto Diaz Saenz;PARTIDO CONSERVADOR COLOMBIANO;4
VIRACACHA;Helver Ariel Avila Panche;PARTIDO CENTRO DEMOCRATICO;4
VIRACACHA;Jairo Enrique Cabana Fonseca;PARTIDO ALIANZA VERDE;4
VIRACACHA;Martha Ines Zipa Martinez;PARTIDO CAMBIO RADICAL;4
VIRACACHA;Neddy Esther Sandoval Figueredo;PARTIDO LIBERAL COLOMBIANO;4
VIRACACHA;Pablo Antonio Zambrano Salamanca;PARTIDO CONSERVADOR COLOMBIANO;4
VIRACACHA;Sandra Milena Ramirez Moreno;PARTIDO CAMBIO RADICAL;4
VIRACACHA;Yadith Milena Martinez Farfan;PARTIDO CENTRO DEMOCRATICO;4
VIRACACHA;Boyaca Decente;BOYACA DECENTE;3
VIRACACHA;Daniel Fernando Mejia Lozano;PARTIDO ALIANZA SOCIAL INDEPENDIENTE ASI;3
VIRACACHA;David Santiago Ochoa Garcia;PARTIDO SOCIAL DE UNIDAD NACIONAL  PARTIDO DE LA U;3
VIRACACHA;Edwin Alfonso Perez Beltran;PARTIDO ALIANZA SOCIAL INDEPENDIENTE ASI;3
VIRACACHA;Henry Goyeneche Hormaza;PARTIDO ALIANZA SOCIAL INDEPENDIENTE ASI;3
VIRACACHA;Irma Yineth Velandia Sandoval;PARTIDO CAMBIO RADICAL;3
VIRACACHA;Jorge Marin Jerez Amado;PARTIDO LIBERAL COLOMBIANO;3
VIRACACHA;Katherin Tatiana Calderon Acosta;PARTIDO CENTRO DEMOCRATICO;3
VIRACACHA;Laura Patricia Contreras Alvarez;PARTIDO ALIANZA SOCIAL INDEPENDIENTE ASI;3
VIRACACHA;Maira Adriana Zerda Gonzalez;PARTIDO ALIANZA VERDE;3
VIRACACHA;Olga Niño Rojas;PARTIDO CENTRO DEMOCRATICO;3
VIRACACHA;Segundo Fidel Salazar Gonzalez;PARTIDO SOCIAL DE UNIDAD NACIONAL  PARTIDO DE LA U;3
VIRACACHA;Angela Rocio Umaña Rojas;PARTIDO CONSERVADOR COLOMBIANO;2
VIRACACHA;Carlos Eduardo Vega Alvarez;BOYACA DECENTE;2
VIRACACHA;Flor Elba Velandia Cely;PARTIDO ALIANZA SOCIAL INDEPENDIENTE ASI;2
VIRACACHA;Jose Wilmar Leal Abril;PARTIDO CAMBIO RADICAL;2
VIRACACHA;Luis Carlos Machado Zapata;PARTIDO LIBERAL COLOMBIANO;2
VIRACACHA;Movimiento Alternativo Indigena Y Social Mais;MOVIMIENTO ALTERNATIVO INDIGENA Y SOCIAL MAIS;2
VIRACACHA;Roman Hernando Ortega Hernandez;PARTIDO ALIANZA VERDE;2
VIRACACHA;Sandra Patricia Contreras Soto;PARTIDO LIBERAL COLOMBIANO;2
VIRACACHA;Wilkins Fernando Chaparro Cuervo;PARTIDO ALIANZA SOCIAL INDEPENDIENTE ASI;2
VIRACACHA;Alba Luz Becerra Becerra;PARTIDO ALIANZA SOCIAL INDEPENDIENTE ASI;1
VIRACACHA;Alvaro Hernan Forero Hurtado;BOYACA DECENTE;1
VIRACACHA;Ana Delia Avendaño Hernandez;PARTIDO LIBERAL COLOMBIANO;1
VIRACACHA;Antonio Ernesto Leguizamo Diaz;PARTIDO LIBERAL COLOMBIANO;1
VIRACACHA;Carmen Liria Prieto Cortes;BOYACA DECENTE;1
VIRACACHA;Edwin Andres Rodriguez Rodriguez;PARTIDO LIBERAL COLOMBIANO;1
VIRACACHA;Ericka Leonor Amador Gamarra;PARTIDO SOCIAL DE UNIDAD NACIONAL  PARTIDO DE LA U;1
VIRACACHA;Erika Dayana Piragauta Rodriguez;PARTIDO LIBERAL COLOMBIANO;1
VIRACACHA;Estefany Johana Grajales Marin;MOVIMIENTO ALTERNATIVO INDIGENA Y SOCIAL MAIS;1
VIRACACHA;Fredy Enrique Segura Alonso;BOYACA DECENTE;1
VIRACACHA;Fredy Leonardo Rojas Vargas;PARTIDO CENTRO DEMOCRATICO;1
VIRACACHA;Gregorio Morales Tovar;BOYACA DECENTE;1
VIRACACHA;Jairo Correa Acevedo;MOVIMIENTO ALTERNATIVO INDIGENA Y SOCIAL MAIS;1
VIRACACHA;Jhonnatan Jairo Avellaneda Mesa;MOVIMIENTO ALTERNATIVO INDIGENA Y SOCIAL MAIS;1
VIRACACHA;Jose Mauricio Buitrago Rivera;PARTIDO CAMBIO RADICAL;1
VIRACACHA;Julian Guillermo Camargo Amortegui;MOVIMIENTO ALTERNATIVO INDIGENA Y SOCIAL MAIS;1
VIRACACHA;Maria De Los Santos Salamanca Silva;PARTIDO ALIANZA VERDE;1
VIRACACHA;Mariev Bejarano Ospina;BOYACA DECENTE;1
VIRACACHA;Nelsy Yolanda Rivera Ferrucho;BOYACA DECENTE;1
VIRACACHA;Nereo Baron Tellez;MOVIMIENTO ALTERNATIVO INDIGENA Y SOCIAL MAIS;1
VIRACACHA;Partido Alianza Social Independiente Asi;PARTIDO ALIANZA SOCIAL INDEPENDIENTE ASI;1
VIRACACHA;Pedro Humberto Vargas Gomez;PARTIDO LIBERAL COLOMBIANO;1
VIRACACHA;Sergio Cabra Sierra;PARTIDO SOCIAL DE UNIDAD NACIONAL  PARTIDO DE LA U;1
VIRACACHA;Siervo Yesith Gonzalez Saavedra;PARTIDO CAMBIO RADICAL;1
VIRACACHA;Uldarico Javier Ramirez Chilito;MOVIMIENTO ALTERNATIVO INDIGENA Y SOCIAL MAIS;1
VIRACACHA;Victor Tulio Ramirez Gutierrez;BOYACA DECENTE;1
VIRACACHA;Willian David Pabon Jimenez;PARTIDO SOCIAL DE UNIDAD NACIONAL  PARTIDO DE LA U;1
VIRACACHA;Yury Neill Diaz Aranguren;MOVIMIENTO ALTERNATIVO INDIGENA Y SOCIAL MAIS;1
ZETAQUIRA;Fabian Camilo Rojas Barrera;PARTIDO LIBERAL COLOMBIANO;1539
ZETAQUIRA;Yamir Oswaldo Lopez Peña;PARTIDO ALIANZA VERDE;394
ZETAQUIRA;Hugo Alveiro Rosas Romero;PARTIDO ALIANZA VERDE;107
ZETAQUIRA;Jairo Pacheco Suarez;PARTIDO LIBERAL COLOMBIANO;97
ZETAQUIRA;Merardo Vargas Roa;PARTIDO ALIANZA VERDE;86
ZETAQUIRA;Luis Carlos Ochoa Pasachoa;PARTIDO ALIANZA VERDE;76
ZETAQUIRA;Fernando Alexander Serrato Fonseca;PARTIDO LIBERAL COLOMBIANO;56
ZETAQUIRA;Partido Alianza Verde;PARTIDO ALIANZA VERDE;54
ZETAQUIRA;Luisa Fernanda Rodriguez Alfonso;PARTIDO ALIANZA VERDE;48
ZETAQUIRA;Johan Francisco Herrera Gualdron;PARTIDO ALIANZA VERDE;46
ZETAQUIRA;Partido Liberal Colombiano;PARTIDO LIBERAL COLOMBIANO;46
ZETAQUIRA;Angela Patricia Velandia Novoa;PARTIDO ALIANZA VERDE;45
ZETAQUIRA;Juan Camilo Morales Rodriguez;PARTIDO LIBERAL COLOMBIANO;38
ZETAQUIRA;Anderson Joaquin Sanchez Ruiz;PARTIDO LIBERAL COLOMBIANO;30
ZETAQUIRA;Wilder Ivan Suesca Ochoa;PARTIDO CENTRO DEMOCRATICO;26
ZETAQUIRA;Carlos Ernesto Torres Aguirre;PARTIDO CONSERVADOR COLOMBIANO;25
ZETAQUIRA;Gustavo Eduardo Castañeda Niño;PARTIDO ALIANZA VERDE;25
ZETAQUIRA;Ricardo Andres Español Teatino;PARTIDO LIBERAL COLOMBIANO;23
ZETAQUIRA;Elsa Marlen Manrique Pulgar;PARTIDO LIBERAL COLOMBIANO;18
ZETAQUIRA;Hector Josue Camacho Acosta;PARTIDO CENTRO DEMOCRATICO;16
ZETAQUIRA;Neddy Esther Sandoval Figueredo;PARTIDO LIBERAL COLOMBIANO;15
ZETAQUIRA;Oscar Leonardo Montañez Sierra;PARTIDO CAMBIO RADICAL;15
ZETAQUIRA;Yury Neill Diaz Aranguren;MOVIMIENTO ALTERNATIVO INDIGENA Y SOCIAL MAIS;14
ZETAQUIRA;Antonio Ernesto Leguizamo Diaz;PARTIDO LIBERAL COLOMBIANO;13
ZETAQUIRA;Estefany Johana Grajales Marin;MOVIMIENTO ALTERNATIVO INDIGENA Y SOCIAL MAIS;12
ZETAQUIRA;Ingrid Marlen Sogamoso Alfonso;PARTIDO CENTRO DEMOCRATICO;12
ZETAQUIRA;Edwin Andres Rodriguez Rodriguez;PARTIDO LIBERAL COLOMBIANO;11
ZETAQUIRA;Movimiento Alternativo Indigena Y Social Mais;MOVIMIENTO ALTERNATIVO INDIGENA Y SOCIAL MAIS;11
ZETAQUIRA;Partido Colombia Justa Libres;PARTIDO COLOMBIA JUSTA LIBRES;11
ZETAQUIRA;Pedro Pablo Salas Hernandez;PARTIDO ALIANZA VERDE;11
ZETAQUIRA;Luz Dary Sevillano Guerrero;PARTIDO ALIANZA VERDE;9
ZETAQUIRA;Omar Fernando Valderrama Baez;PARTIDO CENTRO DEMOCRATICO;9
ZETAQUIRA;Luis Carlos Machado Zapata;PARTIDO LIBERAL COLOMBIANO;8
ZETAQUIRA;Jorge Eduardo Diaz Avendaño;MOVIMIENTO ALTERNATIVO INDIGENA Y SOCIAL MAIS;7
ZETAQUIRA;Maira Adriana Zerda Gonzalez;PARTIDO ALIANZA VERDE;7
ZETAQUIRA;Wilton Fredy Castro Silva;PARTIDO ALIANZA VERDE;7
ZETAQUIRA;Partido Centro Democratico;PARTIDO CENTRO DEMOCRATICO;6
ZETAQUIRA;Alfredo Horacio Correa Higuera;PARTIDO CAMBIO RADICAL;5
ZETAQUIRA;Ivan Ricardo Pirachican Bernal;PARTIDO CONSERVADOR COLOMBIANO;5
ZETAQUIRA;Jorge Marin Jerez Amado;PARTIDO LIBERAL COLOMBIANO;5
ZETAQUIRA;Partido Cambio Radical;PARTIDO CAMBIO RADICAL;5
ZETAQUIRA;Pedro Humberto Vargas Gomez;PARTIDO LIBERAL COLOMBIANO;5
ZETAQUIRA;Roman Hernando Ortega Hernandez;PARTIDO ALIANZA VERDE;5
ZETAQUIRA;Jaime Andres Gomez Gomez;PARTIDO CONSERVADOR COLOMBIANO;4
ZETAQUIRA;Ricardo Alonso Rojas Sachica;PARTIDO ALIANZA VERDE;4
ZETAQUIRA;Sandra Patricia Contreras Soto;PARTIDO LIBERAL COLOMBIANO;4
ZETAQUIRA;Alberto Enrique Murillo Sanchez;PARTIDO CAMBIO RADICAL;3
ZETAQUIRA;Alvaro Hernan Forero Hurtado;BOYACA DECENTE;3
ZETAQUIRA;Ana Adela Pulido Cuadros;PARTIDO CONSERVADOR COLOMBIANO;3
ZETAQUIRA;Jhonnatan Jairo Avellaneda Mesa;MOVIMIENTO ALTERNATIVO INDIGENA Y SOCIAL MAIS;3
ZETAQUIRA;Manuel Ricardo Mesa Trujillo;PARTIDO SOCIAL DE UNIDAD NACIONAL  PARTIDO DE LA U;3
ZETAQUIRA;Wilkins Fernando Chaparro Cuervo;PARTIDO ALIANZA SOCIAL INDEPENDIENTE ASI;3
ZETAQUIRA;Yadith Milena Martinez Farfan;PARTIDO CENTRO DEMOCRATICO;3
ZETAQUIRA;Armando Buitrago Acevedo;PARTIDO ALIANZA SOCIAL INDEPENDIENTE ASI;2
ZETAQUIRA;Edwin Alfonso Perez Beltran;PARTIDO ALIANZA SOCIAL INDEPENDIENTE ASI;2
ZETAQUIRA;Erika Dayana Piragauta Rodriguez;PARTIDO LIBERAL COLOMBIANO;2
ZETAQUIRA;Jose Agustin Arias Millan;PARTIDO CENTRO DEMOCRATICO;2
ZETAQUIRA;Jose Antonio Estupiñan Caceres;PARTIDO CONSERVADOR COLOMBIANO;2
ZETAQUIRA;Jose Armando Quiñones Garzon;PARTIDO CENTRO DEMOCRATICO;2
ZETAQUIRA;Juddy Alexandra Jimenez Cuadros;PARTIDO SOCIAL DE UNIDAD NACIONAL  PARTIDO DE LA U;2
ZETAQUIRA;Maria De Los Santos Salamanca Silva;PARTIDO ALIANZA VERDE;2
ZETAQUIRA;Mariev Bejarano Ospina;BOYACA DECENTE;2
ZETAQUIRA;Mauricio Cadena Valero;PARTIDO CENTRO DEMOCRATICO;2
ZETAQUIRA;Nelson Mauricio Rodriguez Perez;PARTIDO CONSERVADOR COLOMBIANO;2
ZETAQUIRA;Olga Niño Rojas;PARTIDO CENTRO DEMOCRATICO;2
ZETAQUIRA;Partido Conservador Colombiano;PARTIDO CONSERVADOR COLOMBIANO;2
ZETAQUIRA;Partido Social De Unidad Nacional  Partido De La U;PARTIDO SOCIAL DE UNIDAD NACIONAL  PARTIDO DE LA U;2
ZETAQUIRA;Ana Lucia Parra Monroy;PARTIDO SOCIAL DE UNIDAD NACIONAL  PARTIDO DE LA U;1
ZETAQUIRA;Andrea Carolina Camargo Caro;MOVIMIENTO ALTERNATIVO INDIGENA Y SOCIAL MAIS;1
ZETAQUIRA;Boyaca Decente;BOYACA DECENTE;1
ZETAQUIRA;Carlos Eduardo Vega Alvarez;BOYACA DECENTE;1
ZETAQUIRA;Claudia Yaneth Avila Castillo;PARTIDO SOCIAL DE UNIDAD NACIONAL  PARTIDO DE LA U;1
ZETAQUIRA;Concha Jael Vargas Saavedra;PARTIDO CONSERVADOR COLOMBIANO;1
ZETAQUIRA;David Alejandro Avila Cely;MOVIMIENTO ALTERNATIVO INDIGENA Y SOCIAL MAIS;1
ZETAQUIRA;Eliana Hasleidy Gamez Pinilla;PARTIDO CAMBIO RADICAL;1
ZETAQUIRA;Eliana Maria Villate Fonseca;PARTIDO CONSERVADOR COLOMBIANO;1
ZETAQUIRA;Fredy Julian Castro Rodriguez;PARTIDO CENTRO DEMOCRATICO;1
ZETAQUIRA;Gregorio Morales Tovar;BOYACA DECENTE;1
ZETAQUIRA;Hernando Arias Ochoa;PARTIDO ALIANZA SOCIAL INDEPENDIENTE ASI;1
ZETAQUIRA;Irma Yineth Velandia Sandoval;PARTIDO CAMBIO RADICAL;1
ZETAQUIRA;Jairo Enrique Cabana Fonseca;PARTIDO ALIANZA VERDE;1
ZETAQUIRA;Jhon Fredy Garavito Cortes;PARTIDO SOCIAL DE UNIDAD NACIONAL  PARTIDO DE LA U;1
ZETAQUIRA;Jorge Ignacio Lopez Barrera;BOYACA DECENTE;1
ZETAQUIRA;Jose Dario Mahecha Castillo;PARTIDO CONSERVADOR COLOMBIANO;1
ZETAQUIRA;Jose Wilmar Leal Abril;PARTIDO CAMBIO RADICAL;1
ZETAQUIRA;Martha Ines Zipa Martinez;PARTIDO CAMBIO RADICAL;1
ZETAQUIRA;Nereo Baron Tellez;MOVIMIENTO ALTERNATIVO INDIGENA Y SOCIAL MAIS;1
ZETAQUIRA;Norman De Jesus Quintero Gallego;PARTIDO CONSERVADOR COLOMBIANO;1
ZETAQUIRA;Partido Alianza Social Independiente Asi;PARTIDO ALIANZA SOCIAL INDEPENDIENTE ASI;1
ZETAQUIRA;Sandra Milena Ramirez Moreno;PARTIDO CAMBIO RADICAL;1
ZETAQUIRA;Segundo Fidel Salazar Gonzalez;PARTIDO SOCIAL DE UNIDAD NACIONAL  PARTIDO DE LA U;1
ZETAQUIRA;Sergio Cabra Sierra;PARTIDO SOCIAL DE UNIDAD NACIONAL  PARTIDO DE LA U;1
ZETAQUIRA;Uldarico Javier Ramirez Chilito;MOVIMIENTO ALTERNATIVO INDIGENA Y SOCIAL MAIS;1
ZETAQUIRA;Willian David Pabon Jimenez;PARTIDO SOCIAL DE UNIDAD NACIONAL  PARTIDO DE LA U;1
