MUNNOMBRE;CANNOMBRE;PARNOMBRE;VOTOS
ALMEIDA;Ingrid Marlen Sogamoso Alfonso;PARTIDO CONSERVADOR - MOVIMIENTO SALVACIÓN NACIONAL;143
ALMEIDA;Jaime Raul Salamanca Torres;PARTIDO ALIANZA VERDE;114
ALMEIDA;Oscar Yovany Montenegro Salcedo;CR-NUEVO LIBERALISMO;70
ALMEIDA;Yamit Noe Hurtado Neira;PARTIDO ALIANZA VERDE;59
ALMEIDA;Pacto Histórico Boyacá;PACTO HISTÓRICO BOYACÁ;57
ALMEIDA;Eduar Alexis Triana Rincon;PARTIDO CENTRO DEMOCRÁTICO;23
ALMEIDA;Ramiro Barragan Adame;PARTIDO ALIANZA VERDE;23
ALMEIDA;Jairo Enrique Castiblanco Parra;PARTIDO DE LA U - PARTIDO MIRA;18
ALMEIDA;Partido Centro Democrático;PARTIDO CENTRO DEMOCRÁTICO;14
ALMEIDA;Diana Paola Herrera Nuñez;PARTIDO LIBERAL COLOMBIANO;12
ALMEIDA;Jose Dario Mahecha Castillo;PARTIDO CONSERVADOR - MOVIMIENTO SALVACIÓN NACIONAL;11
ALMEIDA;Partido Alianza Verde;PARTIDO ALIANZA VERDE;11
ALMEIDA;Delci Del Carmen Urbano;PARTIDO CENTRO DEMOCRÁTICO;9
ALMEIDA;Adelinda Numpaque Sarmiento;PARTIDO ALIANZA VERDE;8
ALMEIDA;Humphrey Roa Sarmiento;PARTIDO DE LA U - PARTIDO MIRA;8
ALMEIDA;Jicly Esgardo Mutis Isaza;PARTIDO CENTRO DEMOCRÁTICO;8
ALMEIDA;Wilder Ivan Suesca Ochoa;PARTIDO CONSERVADOR - MOVIMIENTO SALVACIÓN NACIONAL;8
ALMEIDA;William Donato Gomez;PARTIDO ALIANZA VERDE;8
ALMEIDA;Partido Conservador - Movimiento Salvación Naciona L;PARTIDO CONSERVADOR - MOVIMIENTO SALVACIÓN NACIONAL;7
ALMEIDA;Cr-Nuevo Liberalismo;CR-NUEVO LIBERALISMO;6
ALMEIDA;Kenda Lucia Caldera Garavito;PARTIDO CENTRO DEMOCRÁTICO;6
ALMEIDA;Fabian Camilo Rojas Barrera;CR-NUEVO LIBERALISMO;5
ALMEIDA;John Alberto Moreno Galindo;PARTIDO CONSERVADOR - MOVIMIENTO SALVACIÓN NACIONAL;5
ALMEIDA;Nancy Yaneth Zapata Pachon;PARTIDO DE LA U - PARTIDO MIRA;5
ALMEIDA;Fredy Alexander Garzon Rojas;PARTIDO CENTRO DEMOCRÁTICO;4
ALMEIDA;Hector David Chaparro Chaparro;PARTIDO LIBERAL COLOMBIANO;4
ALMEIDA;Hector Josue Camacho Acosta;CR-NUEVO LIBERALISMO;4
ALMEIDA;Nadia Alexandra Carreño Avella;CR-NUEVO LIBERALISMO;4
ALMEIDA;Vivian Andrea Nieto Florez;PARTIDO ALIANZA VERDE;4
ALMEIDA;Jhonatan David Holguin Cruz;PARTIDO CENTRO DEMOCRÁTICO;3
ALMEIDA;Partido De La U - Partido Mira;PARTIDO DE LA U - PARTIDO MIRA;3
ALMEIDA;Alma - Oxígeno;ALMA - OXÍGENO;2
ALMEIDA;Gloria Cecilia Palacios Guastar;PARTIDO CONSERVADOR - MOVIMIENTO SALVACIÓN NACIONAL;2
ALMEIDA;Graciela Ramirez Monroy;PARTIDO POLÍTICO DIGNIDAD & COMPROMISO;2
ALMEIDA;Hernel David Ortega Gomez;PARTIDO CONSERVADOR - MOVIMIENTO SALVACIÓN NACIONAL;2
ALMEIDA;Jose De Los Angeles Fernandez Palacios;PARTIDO POLÍTICO DIGNIDAD & COMPROMISO;2
ALMEIDA;Laura Cristina Monroy Bayona;CR-NUEVO LIBERALISMO;2
ALMEIDA;Vicente Anibal Ojeda Martinez;CR-NUEVO LIBERALISMO;2
ALMEIDA;Camilo Andres Caicedo Silva;PARTIDO LIBERAL COLOMBIANO;1
ALMEIDA;Carolina Geiringer Ortega;ALMA - OXÍGENO;1
ALMEIDA;Consejo Comunitario El Naranjo;CONSEJO COMUNITARIO EL NARANJO;1
ALMEIDA;Eduardo David Suarez Moreno;ALMA - OXÍGENO;1
ALMEIDA;Olga Lucia Cruz Cuevas;ALMA - OXÍGENO;1
ALMEIDA;Olga Niño Rojas;PARTIDO POLÍTICO DIGNIDAD & COMPROMISO;1
ALMEIDA;Partido Liberal Colombiano;PARTIDO LIBERAL COLOMBIANO;1
ALMEIDA;Partido Político Dignidad & Compromiso;PARTIDO POLÍTICO DIGNIDAD & COMPROMISO;1
ALMEIDA;Yury Neill Diaz Aranguren;PARTIDO DE LA U - PARTIDO MIRA;1
AQUITANIA (PUEBLOVIEJO);Yury Neill Diaz Aranguren;PARTIDO DE LA U - PARTIDO MIRA;937
AQUITANIA (PUEBLOVIEJO);Ramiro Barragan Adame;PARTIDO ALIANZA VERDE;506
AQUITANIA (PUEBLOVIEJO);Pacto Histórico Boyacá;PACTO HISTÓRICO BOYACÁ;446
AQUITANIA (PUEBLOVIEJO);Yamit Noe Hurtado Neira;PARTIDO ALIANZA VERDE;265
AQUITANIA (PUEBLOVIEJO);Partido Centro Democrático;PARTIDO CENTRO DEMOCRÁTICO;215
AQUITANIA (PUEBLOVIEJO);Gloria Cecilia Palacios Guastar;PARTIDO CONSERVADOR - MOVIMIENTO SALVACIÓN NACIONAL;204
AQUITANIA (PUEBLOVIEJO);Jaime Raul Salamanca Torres;PARTIDO ALIANZA VERDE;178
AQUITANIA (PUEBLOVIEJO);Hector David Chaparro Chaparro;PARTIDO LIBERAL COLOMBIANO;166
AQUITANIA (PUEBLOVIEJO);Wilder Ivan Suesca Ochoa;PARTIDO CONSERVADOR - MOVIMIENTO SALVACIÓN NACIONAL;162
AQUITANIA (PUEBLOVIEJO);Diana Paola Herrera Nuñez;PARTIDO LIBERAL COLOMBIANO;123
AQUITANIA (PUEBLOVIEJO);Jose Dario Mahecha Castillo;PARTIDO CONSERVADOR - MOVIMIENTO SALVACIÓN NACIONAL;102
AQUITANIA (PUEBLOVIEJO);Fabian Camilo Rojas Barrera;CR-NUEVO LIBERALISMO;96
AQUITANIA (PUEBLOVIEJO);Partido Alianza Verde;PARTIDO ALIANZA VERDE;96
AQUITANIA (PUEBLOVIEJO);Jicly Esgardo Mutis Isaza;PARTIDO CENTRO DEMOCRÁTICO;90
AQUITANIA (PUEBLOVIEJO);Fredy Alexander Garzon Rojas;PARTIDO CENTRO DEMOCRÁTICO;86
AQUITANIA (PUEBLOVIEJO);Partido Conservador - Movimiento Salvación Naciona L;PARTIDO CONSERVADOR - MOVIMIENTO SALVACIÓN NACIONAL;80
AQUITANIA (PUEBLOVIEJO);Jairo Enrique Castiblanco Parra;PARTIDO DE LA U - PARTIDO MIRA;75
AQUITANIA (PUEBLOVIEJO);Hernel David Ortega Gomez;PARTIDO CONSERVADOR - MOVIMIENTO SALVACIÓN NACIONAL;62
AQUITANIA (PUEBLOVIEJO);Adelinda Numpaque Sarmiento;PARTIDO ALIANZA VERDE;56
AQUITANIA (PUEBLOVIEJO);Eduar Alexis Triana Rincon;PARTIDO CENTRO DEMOCRÁTICO;56
AQUITANIA (PUEBLOVIEJO);Delci Del Carmen Urbano;PARTIDO CENTRO DEMOCRÁTICO;53
AQUITANIA (PUEBLOVIEJO);Nancy Yaneth Zapata Pachon;PARTIDO DE LA U - PARTIDO MIRA;47
AQUITANIA (PUEBLOVIEJO);Humphrey Roa Sarmiento;PARTIDO DE LA U - PARTIDO MIRA;34
AQUITANIA (PUEBLOVIEJO);Ingrid Marlen Sogamoso Alfonso;PARTIDO CONSERVADOR - MOVIMIENTO SALVACIÓN NACIONAL;31
AQUITANIA (PUEBLOVIEJO);Jhonatan David Holguin Cruz;PARTIDO CENTRO DEMOCRÁTICO;28
AQUITANIA (PUEBLOVIEJO);Partido De La U - Partido Mira;PARTIDO DE LA U - PARTIDO MIRA;28
AQUITANIA (PUEBLOVIEJO);Laura Cristina Monroy Bayona;CR-NUEVO LIBERALISMO;25
AQUITANIA (PUEBLOVIEJO);Nadia Alexandra Carreño Avella;CR-NUEVO LIBERALISMO;24
AQUITANIA (PUEBLOVIEJO);Vivian Andrea Nieto Florez;PARTIDO ALIANZA VERDE;24
AQUITANIA (PUEBLOVIEJO);Hector Josue Camacho Acosta;CR-NUEVO LIBERALISMO;22
AQUITANIA (PUEBLOVIEJO);Cr-Nuevo Liberalismo;CR-NUEVO LIBERALISMO;20
AQUITANIA (PUEBLOVIEJO);Alma - Oxígeno;ALMA - OXÍGENO;19
AQUITANIA (PUEBLOVIEJO);Edgar Fernando Farfan Corzo;PARTIDO POLÍTICO DIGNIDAD & COMPROMISO;18
AQUITANIA (PUEBLOVIEJO);Manuel Steven Alvarez Pulido;PARTIDO DE LA U - PARTIDO MIRA;18
AQUITANIA (PUEBLOVIEJO);Nubia Jacqueline Caro Perez;PARTIDO LIBERAL COLOMBIANO;18
AQUITANIA (PUEBLOVIEJO);Oscar Yovany Montenegro Salcedo;CR-NUEVO LIBERALISMO;17
AQUITANIA (PUEBLOVIEJO);Partido Liberal Colombiano;PARTIDO LIBERAL COLOMBIANO;17
AQUITANIA (PUEBLOVIEJO);John Alberto Moreno Galindo;PARTIDO CONSERVADOR - MOVIMIENTO SALVACIÓN NACIONAL;15
AQUITANIA (PUEBLOVIEJO);Kenda Lucia Caldera Garavito;PARTIDO CENTRO DEMOCRÁTICO;15
AQUITANIA (PUEBLOVIEJO);William Donato Gomez;PARTIDO ALIANZA VERDE;15
AQUITANIA (PUEBLOVIEJO);Vicente Anibal Ojeda Martinez;CR-NUEVO LIBERALISMO;14
AQUITANIA (PUEBLOVIEJO);Rumaldo Rojas Ramirez;ALMA - OXÍGENO;13
AQUITANIA (PUEBLOVIEJO);Consejo Comunitario La Gran Vía De Los Remedios;CONSEJO COMUNITARIO LA GRAN VÍA DE LOS REMEDIOS;10
AQUITANIA (PUEBLOVIEJO);Ricardo Antonio Agudelo Guiza;ALMA - OXÍGENO;10
AQUITANIA (PUEBLOVIEJO);Libi Puerto Granados;PARTIDO DE LA U - PARTIDO MIRA;9
AQUITANIA (PUEBLOVIEJO);Eduardo David Suarez Moreno;ALMA - OXÍGENO;7
AQUITANIA (PUEBLOVIEJO);Giovanny Andres Gomez Palomino;ALMA - OXÍGENO;7
AQUITANIA (PUEBLOVIEJO);Oscar Leonardo Avila Romero;PARTIDO LIBERAL COLOMBIANO;7
AQUITANIA (PUEBLOVIEJO);Consejo Comunitario El Naranjo;CONSEJO COMUNITARIO EL NARANJO;6
AQUITANIA (PUEBLOVIEJO);Camilo Andres Caicedo Silva;PARTIDO LIBERAL COLOMBIANO;5
AQUITANIA (PUEBLOVIEJO);Nicolas Felipe Urbano Villamil;PARTIDO LIBERAL COLOMBIANO;5
AQUITANIA (PUEBLOVIEJO);Olga Lucia Cruz Cuevas;ALMA - OXÍGENO;5
AQUITANIA (PUEBLOVIEJO);Partido Político Dignidad & Compromiso;PARTIDO POLÍTICO DIGNIDAD & COMPROMISO;5
AQUITANIA (PUEBLOVIEJO);Carolina Geiringer Ortega;ALMA - OXÍGENO;2
AQUITANIA (PUEBLOVIEJO);Javier Araque Elaica;PARTIDO POLÍTICO DIGNIDAD & COMPROMISO;2
AQUITANIA (PUEBLOVIEJO);Olga Niño Rojas;PARTIDO POLÍTICO DIGNIDAD & COMPROMISO;2
AQUITANIA (PUEBLOVIEJO);Consejo Comunitario Afrozabaletas;CONSEJO COMUNITARIO AFROZABALETAS;1
AQUITANIA (PUEBLOVIEJO);Cristianos Por Colombia Afros;CRISTIANOS POR COLOMBIA AFROS;1
AQUITANIA (PUEBLOVIEJO);Jose De Los Angeles Fernandez Palacios;PARTIDO POLÍTICO DIGNIDAD & COMPROMISO;1
AQUITANIA (PUEBLOVIEJO);Layoneth Grandas Villamil;PARTIDO POLÍTICO DIGNIDAD & COMPROMISO;1
AQUITANIA (PUEBLOVIEJO);Marcelino Chindoy Chicunque;PARTIDO INDÍGENA COLOMBIANO P.I.C;1
AQUITANIA (PUEBLOVIEJO);Valentina Gutierrez Araujo;"MOVIMIENTO ALTERNATIVO INDÍGENA Y SOCIAL ""MAIS""";1
ARCABUCO;Ramiro Barragan Adame;PARTIDO ALIANZA VERDE;388
ARCABUCO;Fabian Camilo Rojas Barrera;CR-NUEVO LIBERALISMO;385
ARCABUCO;Pacto Histórico Boyacá;PACTO HISTÓRICO BOYACÁ;352
ARCABUCO;Oscar Leonardo Avila Romero;PARTIDO LIBERAL COLOMBIANO;241
ARCABUCO;Hector David Chaparro Chaparro;PARTIDO LIBERAL COLOMBIANO;151
ARCABUCO;Wilder Ivan Suesca Ochoa;PARTIDO CONSERVADOR - MOVIMIENTO SALVACIÓN NACIONAL;82
ARCABUCO;Jaime Raul Salamanca Torres;PARTIDO ALIANZA VERDE;80
ARCABUCO;Jicly Esgardo Mutis Isaza;PARTIDO CENTRO DEMOCRÁTICO;80
ARCABUCO;Yamit Noe Hurtado Neira;PARTIDO ALIANZA VERDE;69
ARCABUCO;Partido Centro Democrático;PARTIDO CENTRO DEMOCRÁTICO;59
ARCABUCO;Hernel David Ortega Gomez;PARTIDO CONSERVADOR - MOVIMIENTO SALVACIÓN NACIONAL;56
ARCABUCO;Eduar Alexis Triana Rincon;PARTIDO CENTRO DEMOCRÁTICO;52
ARCABUCO;Jose Dario Mahecha Castillo;PARTIDO CONSERVADOR - MOVIMIENTO SALVACIÓN NACIONAL;44
ARCABUCO;Ingrid Marlen Sogamoso Alfonso;PARTIDO CONSERVADOR - MOVIMIENTO SALVACIÓN NACIONAL;39
ARCABUCO;Vivian Andrea Nieto Florez;PARTIDO ALIANZA VERDE;34
ARCABUCO;Nancy Yaneth Zapata Pachon;PARTIDO DE LA U - PARTIDO MIRA;29
ARCABUCO;Partido Conservador - Movimiento Salvación Naciona L;PARTIDO CONSERVADOR - MOVIMIENTO SALVACIÓN NACIONAL;23
ARCABUCO;Partido Alianza Verde;PARTIDO ALIANZA VERDE;21
ARCABUCO;Jairo Enrique Castiblanco Parra;PARTIDO DE LA U - PARTIDO MIRA;19
ARCABUCO;Partido Liberal Colombiano;PARTIDO LIBERAL COLOMBIANO;16
ARCABUCO;Nadia Alexandra Carreño Avella;CR-NUEVO LIBERALISMO;14
ARCABUCO;Fredy Alexander Garzon Rojas;PARTIDO CENTRO DEMOCRÁTICO;13
ARCABUCO;Vicente Anibal Ojeda Martinez;CR-NUEVO LIBERALISMO;13
ARCABUCO;Kenda Lucia Caldera Garavito;PARTIDO CENTRO DEMOCRÁTICO;12
ARCABUCO;Nicolas Felipe Urbano Villamil;PARTIDO LIBERAL COLOMBIANO;12
ARCABUCO;Adelinda Numpaque Sarmiento;PARTIDO ALIANZA VERDE;11
ARCABUCO;Delci Del Carmen Urbano;PARTIDO CENTRO DEMOCRÁTICO;11
ARCABUCO;Jhonatan David Holguin Cruz;PARTIDO CENTRO DEMOCRÁTICO;11
ARCABUCO;Oscar Yovany Montenegro Salcedo;CR-NUEVO LIBERALISMO;11
ARCABUCO;Camilo Andres Caicedo Silva;PARTIDO LIBERAL COLOMBIANO;10
ARCABUCO;Gloria Cecilia Palacios Guastar;PARTIDO CONSERVADOR - MOVIMIENTO SALVACIÓN NACIONAL;9
ARCABUCO;Diana Paola Herrera Nuñez;PARTIDO LIBERAL COLOMBIANO;8
ARCABUCO;John Alberto Moreno Galindo;PARTIDO CONSERVADOR - MOVIMIENTO SALVACIÓN NACIONAL;7
ARCABUCO;Olga Lucia Cruz Cuevas;ALMA - OXÍGENO;7
ARCABUCO;Cr-Nuevo Liberalismo;CR-NUEVO LIBERALISMO;6
ARCABUCO;Hector Josue Camacho Acosta;CR-NUEVO LIBERALISMO;6
ARCABUCO;William Donato Gomez;PARTIDO ALIANZA VERDE;6
ARCABUCO;Alma - Oxígeno;ALMA - OXÍGENO;5
ARCABUCO;Consejo Comunitario El Naranjo;CONSEJO COMUNITARIO EL NARANJO;5
ARCABUCO;Giovanny Andres Gomez Palomino;ALMA - OXÍGENO;5
ARCABUCO;Javier Araque Elaica;PARTIDO POLÍTICO DIGNIDAD & COMPROMISO;4
ARCABUCO;Laura Cristina Monroy Bayona;CR-NUEVO LIBERALISMO;4
ARCABUCO;Cristianos Por Colombia Afros;CRISTIANOS POR COLOMBIA AFROS;3
ARCABUCO;Carolina Geiringer Ortega;ALMA - OXÍGENO;2
ARCABUCO;Edgar Fernando Farfan Corzo;PARTIDO POLÍTICO DIGNIDAD & COMPROMISO;2
ARCABUCO;Eduardo David Suarez Moreno;ALMA - OXÍGENO;2
ARCABUCO;Jose De Los Angeles Fernandez Palacios;PARTIDO POLÍTICO DIGNIDAD & COMPROMISO;2
ARCABUCO;Manuel Steven Alvarez Pulido;PARTIDO DE LA U - PARTIDO MIRA;2
ARCABUCO;Ricardo Antonio Agudelo Guiza;ALMA - OXÍGENO;2
ARCABUCO;Yury Neill Diaz Aranguren;PARTIDO DE LA U - PARTIDO MIRA;2
ARCABUCO;Jhony Aparicio Ramirez;PARTIDO INDÍGENA COLOMBIANO P.I.C;1
ARCABUCO;Libi Puerto Granados;PARTIDO DE LA U - PARTIDO MIRA;1
ARCABUCO;Nubia Jacqueline Caro Perez;PARTIDO LIBERAL COLOMBIANO;1
ARCABUCO;Partido De La U - Partido Mira;PARTIDO DE LA U - PARTIDO MIRA;1
ARCABUCO;Partido Político Dignidad & Compromiso;PARTIDO POLÍTICO DIGNIDAD & COMPROMISO;1
BELEN;Hector David Chaparro Chaparro;PARTIDO LIBERAL COLOMBIANO;774
BELEN;Pacto Histórico Boyacá;PACTO HISTÓRICO BOYACÁ;470
BELEN;Yamit Noe Hurtado Neira;PARTIDO ALIANZA VERDE;294
BELEN;Vicente Anibal Ojeda Martinez;CR-NUEVO LIBERALISMO;266
BELEN;Ramiro Barragan Adame;PARTIDO ALIANZA VERDE;188
BELEN;Jaime Raul Salamanca Torres;PARTIDO ALIANZA VERDE;123
BELEN;Partido Centro Democrático;PARTIDO CENTRO DEMOCRÁTICO;101
BELEN;Wilder Ivan Suesca Ochoa;PARTIDO CONSERVADOR - MOVIMIENTO SALVACIÓN NACIONAL;97
BELEN;Eduar Alexis Triana Rincon;PARTIDO CENTRO DEMOCRÁTICO;75
BELEN;Hernel David Ortega Gomez;PARTIDO CONSERVADOR - MOVIMIENTO SALVACIÓN NACIONAL;67
BELEN;Jairo Enrique Castiblanco Parra;PARTIDO DE LA U - PARTIDO MIRA;62
BELEN;Diana Paola Herrera Nuñez;PARTIDO LIBERAL COLOMBIANO;60
BELEN;Jicly Esgardo Mutis Isaza;PARTIDO CENTRO DEMOCRÁTICO;47
BELEN;Partido Alianza Verde;PARTIDO ALIANZA VERDE;43
BELEN;Oscar Leonardo Avila Romero;PARTIDO LIBERAL COLOMBIANO;40
BELEN;Camilo Andres Caicedo Silva;PARTIDO LIBERAL COLOMBIANO;37
BELEN;Fabian Camilo Rojas Barrera;CR-NUEVO LIBERALISMO;37
BELEN;Partido Liberal Colombiano;PARTIDO LIBERAL COLOMBIANO;32
BELEN;Laura Cristina Monroy Bayona;CR-NUEVO LIBERALISMO;31
BELEN;Delci Del Carmen Urbano;PARTIDO CENTRO DEMOCRÁTICO;29
BELEN;Partido Conservador - Movimiento Salvación Naciona L;PARTIDO CONSERVADOR - MOVIMIENTO SALVACIÓN NACIONAL;29
BELEN;Fredy Alexander Garzon Rojas;PARTIDO CENTRO DEMOCRÁTICO;26
BELEN;Jose Dario Mahecha Castillo;PARTIDO CONSERVADOR - MOVIMIENTO SALVACIÓN NACIONAL;26
BELEN;Vivian Andrea Nieto Florez;PARTIDO ALIANZA VERDE;24
BELEN;Oscar Yovany Montenegro Salcedo;CR-NUEVO LIBERALISMO;23
BELEN;Jhonatan David Holguin Cruz;PARTIDO CENTRO DEMOCRÁTICO;21
BELEN;Kenda Lucia Caldera Garavito;PARTIDO CENTRO DEMOCRÁTICO;20
BELEN;Ingrid Marlen Sogamoso Alfonso;PARTIDO CONSERVADOR - MOVIMIENTO SALVACIÓN NACIONAL;18
BELEN;John Alberto Moreno Galindo;PARTIDO CONSERVADOR - MOVIMIENTO SALVACIÓN NACIONAL;17
BELEN;Adelinda Numpaque Sarmiento;PARTIDO ALIANZA VERDE;16
BELEN;Gloria Cecilia Palacios Guastar;PARTIDO CONSERVADOR - MOVIMIENTO SALVACIÓN NACIONAL;15
BELEN;Hector Josue Camacho Acosta;CR-NUEVO LIBERALISMO;15
BELEN;Cr-Nuevo Liberalismo;CR-NUEVO LIBERALISMO;13
BELEN;Consejo Comunitario El Naranjo;CONSEJO COMUNITARIO EL NARANJO;12
BELEN;William Donato Gomez;PARTIDO ALIANZA VERDE;12
BELEN;Nancy Yaneth Zapata Pachon;PARTIDO DE LA U - PARTIDO MIRA;11
BELEN;Nicolas Felipe Urbano Villamil;PARTIDO LIBERAL COLOMBIANO;10
BELEN;Nubia Jacqueline Caro Perez;PARTIDO LIBERAL COLOMBIANO;8
BELEN;Ricardo Antonio Agudelo Guiza;ALMA - OXÍGENO;8
BELEN;Giovanny Andres Gomez Palomino;ALMA - OXÍGENO;7
BELEN;Nadia Alexandra Carreño Avella;CR-NUEVO LIBERALISMO;7
BELEN;Carolina Geiringer Ortega;ALMA - OXÍGENO;6
BELEN;Yury Neill Diaz Aranguren;PARTIDO DE LA U - PARTIDO MIRA;6
BELEN;Alma - Oxígeno;ALMA - OXÍGENO;5
BELEN;Eduardo David Suarez Moreno;ALMA - OXÍGENO;5
BELEN;Libi Puerto Granados;PARTIDO DE LA U - PARTIDO MIRA;5
BELEN;Olga Lucia Cruz Cuevas;ALMA - OXÍGENO;5
BELEN;Consejo Comunitario La Gran Vía De Los Remedios;CONSEJO COMUNITARIO LA GRAN VÍA DE LOS REMEDIOS;4
BELEN;Partido De La U - Partido Mira;PARTIDO DE LA U - PARTIDO MIRA;4
BELEN;Graciela Ramirez Monroy;PARTIDO POLÍTICO DIGNIDAD & COMPROMISO;3
BELEN;Humphrey Roa Sarmiento;PARTIDO DE LA U - PARTIDO MIRA;3
BELEN;Javier Araque Elaica;PARTIDO POLÍTICO DIGNIDAD & COMPROMISO;3
BELEN;Jose De Los Angeles Fernandez Palacios;PARTIDO POLÍTICO DIGNIDAD & COMPROMISO;3
BELEN;Manuel Steven Alvarez Pulido;PARTIDO DE LA U - PARTIDO MIRA;3
BELEN;Partido Demócrata Colombiano;PARTIDO DEMÓCRATA COLOMBIANO;3
BELEN;Partido Político Dignidad & Compromiso;PARTIDO POLÍTICO DIGNIDAD & COMPROMISO;3
BELEN;Edgar Fernando Farfan Corzo;PARTIDO POLÍTICO DIGNIDAD & COMPROMISO;2
BELEN;Rumaldo Rojas Ramirez;ALMA - OXÍGENO;2
BELEN;Olga Niño Rojas;PARTIDO POLÍTICO DIGNIDAD & COMPROMISO;1
BELEN;Valentina Gutierrez Araujo;"MOVIMIENTO ALTERNATIVO INDÍGENA Y SOCIAL ""MAIS""";1
BERBEO;Fabian Camilo Rojas Barrera;CR-NUEVO LIBERALISMO;245
BERBEO;Pacto Histórico Boyacá;PACTO HISTÓRICO BOYACÁ;115
BERBEO;Jaime Raul Salamanca Torres;PARTIDO ALIANZA VERDE;89
BERBEO;Hector David Chaparro Chaparro;PARTIDO LIBERAL COLOMBIANO;52
BERBEO;Ramiro Barragan Adame;PARTIDO ALIANZA VERDE;30
BERBEO;Jairo Enrique Castiblanco Parra;PARTIDO DE LA U - PARTIDO MIRA;23
BERBEO;Eduar Alexis Triana Rincon;PARTIDO CENTRO DEMOCRÁTICO;17
BERBEO;Diana Paola Herrera Nuñez;PARTIDO LIBERAL COLOMBIANO;13
BERBEO;Cr-Nuevo Liberalismo;CR-NUEVO LIBERALISMO;11
BERBEO;Ingrid Marlen Sogamoso Alfonso;PARTIDO CONSERVADOR - MOVIMIENTO SALVACIÓN NACIONAL;11
BERBEO;Partido Alianza Verde;PARTIDO ALIANZA VERDE;10
BERBEO;Yamit Noe Hurtado Neira;PARTIDO ALIANZA VERDE;10
BERBEO;Nancy Yaneth Zapata Pachon;PARTIDO DE LA U - PARTIDO MIRA;9
BERBEO;Partido Centro Democrático;PARTIDO CENTRO DEMOCRÁTICO;9
BERBEO;Vivian Andrea Nieto Florez;PARTIDO ALIANZA VERDE;8
BERBEO;Oscar Yovany Montenegro Salcedo;CR-NUEVO LIBERALISMO;7
BERBEO;Yury Neill Diaz Aranguren;PARTIDO DE LA U - PARTIDO MIRA;7
BERBEO;Delci Del Carmen Urbano;PARTIDO CENTRO DEMOCRÁTICO;5
BERBEO;Nicolas Felipe Urbano Villamil;PARTIDO LIBERAL COLOMBIANO;5
BERBEO;Hector Josue Camacho Acosta;CR-NUEVO LIBERALISMO;4
BERBEO;Jicly Esgardo Mutis Isaza;PARTIDO CENTRO DEMOCRÁTICO;4
BERBEO;Nubia Jacqueline Caro Perez;PARTIDO LIBERAL COLOMBIANO;4
BERBEO;Hernel David Ortega Gomez;PARTIDO CONSERVADOR - MOVIMIENTO SALVACIÓN NACIONAL;3
BERBEO;Jose Dario Mahecha Castillo;PARTIDO CONSERVADOR - MOVIMIENTO SALVACIÓN NACIONAL;3
BERBEO;Fredy Alexander Garzon Rojas;PARTIDO CENTRO DEMOCRÁTICO;2
BERBEO;Javier Araque Elaica;PARTIDO POLÍTICO DIGNIDAD & COMPROMISO;2
BERBEO;Laura Cristina Monroy Bayona;CR-NUEVO LIBERALISMO;2
BERBEO;Nadia Alexandra Carreño Avella;CR-NUEVO LIBERALISMO;2
BERBEO;Olga Lucia Cruz Cuevas;ALMA - OXÍGENO;2
BERBEO;Partido Conservador - Movimiento Salvación Naciona L;PARTIDO CONSERVADOR - MOVIMIENTO SALVACIÓN NACIONAL;2
BERBEO;Partido De La U - Partido Mira;PARTIDO DE LA U - PARTIDO MIRA;2
BERBEO;Alma - Oxígeno;ALMA - OXÍGENO;1
BERBEO;Camilo Andres Caicedo Silva;PARTIDO LIBERAL COLOMBIANO;1
BERBEO;Consejo Comunitario El Naranjo;CONSEJO COMUNITARIO EL NARANJO;1
BERBEO;Humphrey Roa Sarmiento;PARTIDO DE LA U - PARTIDO MIRA;1
BERBEO;Jhonatan David Holguin Cruz;PARTIDO CENTRO DEMOCRÁTICO;1
BERBEO;Oscar Leonardo Avila Romero;PARTIDO LIBERAL COLOMBIANO;1
BERBEO;Partido Liberal Colombiano;PARTIDO LIBERAL COLOMBIANO;1
BERBEO;Vicente Anibal Ojeda Martinez;CR-NUEVO LIBERALISMO;1
BERBEO;Wilder Ivan Suesca Ochoa;PARTIDO CONSERVADOR - MOVIMIENTO SALVACIÓN NACIONAL;1
BERBEO;William Donato Gomez;PARTIDO ALIANZA VERDE;1
BETEITIVA;Hector David Chaparro Chaparro;PARTIDO LIBERAL COLOMBIANO;177
BETEITIVA;Pacto Histórico Boyacá;PACTO HISTÓRICO BOYACÁ;132
BETEITIVA;Yamit Noe Hurtado Neira;PARTIDO ALIANZA VERDE;90
BETEITIVA;Fabian Camilo Rojas Barrera;CR-NUEVO LIBERALISMO;71
BETEITIVA;Jose Dario Mahecha Castillo;PARTIDO CONSERVADOR - MOVIMIENTO SALVACIÓN NACIONAL;64
BETEITIVA;Hernel David Ortega Gomez;PARTIDO CONSERVADOR - MOVIMIENTO SALVACIÓN NACIONAL;58
BETEITIVA;Jaime Raul Salamanca Torres;PARTIDO ALIANZA VERDE;36
BETEITIVA;Jicly Esgardo Mutis Isaza;PARTIDO CENTRO DEMOCRÁTICO;36
BETEITIVA;Diana Paola Herrera Nuñez;PARTIDO LIBERAL COLOMBIANO;34
BETEITIVA;Gloria Cecilia Palacios Guastar;PARTIDO CONSERVADOR - MOVIMIENTO SALVACIÓN NACIONAL;25
BETEITIVA;Partido Centro Democrático;PARTIDO CENTRO DEMOCRÁTICO;24
BETEITIVA;Eduar Alexis Triana Rincon;PARTIDO CENTRO DEMOCRÁTICO;20
BETEITIVA;Adelinda Numpaque Sarmiento;PARTIDO ALIANZA VERDE;15
BETEITIVA;Jairo Enrique Castiblanco Parra;PARTIDO DE LA U - PARTIDO MIRA;15
BETEITIVA;Ramiro Barragan Adame;PARTIDO ALIANZA VERDE;15
BETEITIVA;Vivian Andrea Nieto Florez;PARTIDO ALIANZA VERDE;14
BETEITIVA;Oscar Leonardo Avila Romero;PARTIDO LIBERAL COLOMBIANO;13
BETEITIVA;Partido Alianza Verde;PARTIDO ALIANZA VERDE;12
BETEITIVA;Nancy Yaneth Zapata Pachon;PARTIDO DE LA U - PARTIDO MIRA;9
BETEITIVA;Wilder Ivan Suesca Ochoa;PARTIDO CONSERVADOR - MOVIMIENTO SALVACIÓN NACIONAL;9
BETEITIVA;Yury Neill Diaz Aranguren;PARTIDO DE LA U - PARTIDO MIRA;9
BETEITIVA;Hector Josue Camacho Acosta;CR-NUEVO LIBERALISMO;8
BETEITIVA;John Alberto Moreno Galindo;PARTIDO CONSERVADOR - MOVIMIENTO SALVACIÓN NACIONAL;8
BETEITIVA;William Donato Gomez;PARTIDO ALIANZA VERDE;7
BETEITIVA;Fredy Alexander Garzon Rojas;PARTIDO CENTRO DEMOCRÁTICO;6
BETEITIVA;Nicolas Felipe Urbano Villamil;PARTIDO LIBERAL COLOMBIANO;6
BETEITIVA;Partido Conservador - Movimiento Salvación Naciona L;PARTIDO CONSERVADOR - MOVIMIENTO SALVACIÓN NACIONAL;6
BETEITIVA;Cr-Nuevo Liberalismo;CR-NUEVO LIBERALISMO;5
BETEITIVA;Carolina Geiringer Ortega;ALMA - OXÍGENO;4
BETEITIVA;Vicente Anibal Ojeda Martinez;CR-NUEVO LIBERALISMO;4
BETEITIVA;Camilo Andres Caicedo Silva;PARTIDO LIBERAL COLOMBIANO;3
BETEITIVA;Giovanny Andres Gomez Palomino;ALMA - OXÍGENO;3
BETEITIVA;Libi Puerto Granados;PARTIDO DE LA U - PARTIDO MIRA;3
BETEITIVA;Partido Liberal Colombiano;PARTIDO LIBERAL COLOMBIANO;3
BETEITIVA;Alma - Oxígeno;ALMA - OXÍGENO;2
BETEITIVA;Delci Del Carmen Urbano;PARTIDO CENTRO DEMOCRÁTICO;2
BETEITIVA;Ingrid Marlen Sogamoso Alfonso;PARTIDO CONSERVADOR - MOVIMIENTO SALVACIÓN NACIONAL;2
BETEITIVA;Javier Araque Elaica;PARTIDO POLÍTICO DIGNIDAD & COMPROMISO;2
BETEITIVA;Kenda Lucia Caldera Garavito;PARTIDO CENTRO DEMOCRÁTICO;2
BETEITIVA;Nadia Alexandra Carreño Avella;CR-NUEVO LIBERALISMO;2
BETEITIVA;Olga Lucia Cruz Cuevas;ALMA - OXÍGENO;2
BETEITIVA;Oscar Yovany Montenegro Salcedo;CR-NUEVO LIBERALISMO;2
BETEITIVA;Ricardo Antonio Agudelo Guiza;ALMA - OXÍGENO;2
BETEITIVA;Afroemprendimiento;AFROEMPRENDIMIENTO;1
BETEITIVA;Jhonatan David Holguin Cruz;PARTIDO CENTRO DEMOCRÁTICO;1
BETEITIVA;Laura Cristina Monroy Bayona;CR-NUEVO LIBERALISMO;1
BETEITIVA;Manuel Steven Alvarez Pulido;PARTIDO DE LA U - PARTIDO MIRA;1
BETEITIVA;Nubia Jacqueline Caro Perez;PARTIDO LIBERAL COLOMBIANO;1
BETEITIVA;Partido De La U - Partido Mira;PARTIDO DE LA U - PARTIDO MIRA;1
BOAVITA;Yamit Noe Hurtado Neira;PARTIDO ALIANZA VERDE;243
BOAVITA;Pacto Histórico Boyacá;PACTO HISTÓRICO BOYACÁ;204
BOAVITA;Eduar Alexis Triana Rincon;PARTIDO CENTRO DEMOCRÁTICO;200
BOAVITA;Jaime Raul Salamanca Torres;PARTIDO ALIANZA VERDE;193
BOAVITA;Partido Centro Democrático;PARTIDO CENTRO DEMOCRÁTICO;107
BOAVITA;Ramiro Barragan Adame;PARTIDO ALIANZA VERDE;100
BOAVITA;Hector David Chaparro Chaparro;PARTIDO LIBERAL COLOMBIANO;87
BOAVITA;Jicly Esgardo Mutis Isaza;PARTIDO CENTRO DEMOCRÁTICO;73
BOAVITA;Jairo Enrique Castiblanco Parra;PARTIDO DE LA U - PARTIDO MIRA;64
BOAVITA;Wilder Ivan Suesca Ochoa;PARTIDO CONSERVADOR - MOVIMIENTO SALVACIÓN NACIONAL;64
BOAVITA;Camilo Andres Caicedo Silva;PARTIDO LIBERAL COLOMBIANO;60
BOAVITA;Partido Alianza Verde;PARTIDO ALIANZA VERDE;55
BOAVITA;Ingrid Marlen Sogamoso Alfonso;PARTIDO CONSERVADOR - MOVIMIENTO SALVACIÓN NACIONAL;48
BOAVITA;Hernel David Ortega Gomez;PARTIDO CONSERVADOR - MOVIMIENTO SALVACIÓN NACIONAL;42
BOAVITA;Vicente Anibal Ojeda Martinez;CR-NUEVO LIBERALISMO;36
BOAVITA;Fabian Camilo Rojas Barrera;CR-NUEVO LIBERALISMO;33
BOAVITA;Partido Conservador - Movimiento Salvación Naciona L;PARTIDO CONSERVADOR - MOVIMIENTO SALVACIÓN NACIONAL;28
BOAVITA;Delci Del Carmen Urbano;PARTIDO CENTRO DEMOCRÁTICO;25
BOAVITA;Jose Dario Mahecha Castillo;PARTIDO CONSERVADOR - MOVIMIENTO SALVACIÓN NACIONAL;25
BOAVITA;Vivian Andrea Nieto Florez;PARTIDO ALIANZA VERDE;25
BOAVITA;Oscar Leonardo Avila Romero;PARTIDO LIBERAL COLOMBIANO;20
BOAVITA;Diana Paola Herrera Nuñez;PARTIDO LIBERAL COLOMBIANO;19
BOAVITA;Kenda Lucia Caldera Garavito;PARTIDO CENTRO DEMOCRÁTICO;17
BOAVITA;Laura Cristina Monroy Bayona;CR-NUEVO LIBERALISMO;17
BOAVITA;Adelinda Numpaque Sarmiento;PARTIDO ALIANZA VERDE;16
BOAVITA;John Alberto Moreno Galindo;PARTIDO CONSERVADOR - MOVIMIENTO SALVACIÓN NACIONAL;16
BOAVITA;Hector Josue Camacho Acosta;CR-NUEVO LIBERALISMO;12
BOAVITA;Fredy Alexander Garzon Rojas;PARTIDO CENTRO DEMOCRÁTICO;11
BOAVITA;Oscar Yovany Montenegro Salcedo;CR-NUEVO LIBERALISMO;8
BOAVITA;Gloria Cecilia Palacios Guastar;PARTIDO CONSERVADOR - MOVIMIENTO SALVACIÓN NACIONAL;7
BOAVITA;Humphrey Roa Sarmiento;PARTIDO DE LA U - PARTIDO MIRA;7
BOAVITA;Partido Liberal Colombiano;PARTIDO LIBERAL COLOMBIANO;7
BOAVITA;Jhonatan David Holguin Cruz;PARTIDO CENTRO DEMOCRÁTICO;5
BOAVITA;Nancy Yaneth Zapata Pachon;PARTIDO DE LA U - PARTIDO MIRA;5
BOAVITA;Nicolas Felipe Urbano Villamil;PARTIDO LIBERAL COLOMBIANO;5
BOAVITA;Partido De La U - Partido Mira;PARTIDO DE LA U - PARTIDO MIRA;5
BOAVITA;Alma - Oxígeno;ALMA - OXÍGENO;4
BOAVITA;Edgar Fernando Farfan Corzo;PARTIDO POLÍTICO DIGNIDAD & COMPROMISO;4
BOAVITA;Manuel Steven Alvarez Pulido;PARTIDO DE LA U - PARTIDO MIRA;4
BOAVITA;Nadia Alexandra Carreño Avella;CR-NUEVO LIBERALISMO;4
BOAVITA;Nubia Jacqueline Caro Perez;PARTIDO LIBERAL COLOMBIANO;4
BOAVITA;Olga Lucia Cruz Cuevas;ALMA - OXÍGENO;4
BOAVITA;Cr-Nuevo Liberalismo;CR-NUEVO LIBERALISMO;3
BOAVITA;Eduardo David Suarez Moreno;ALMA - OXÍGENO;3
BOAVITA;Graciela Ramirez Monroy;PARTIDO POLÍTICO DIGNIDAD & COMPROMISO;3
BOAVITA;Libi Puerto Granados;PARTIDO DE LA U - PARTIDO MIRA;3
BOAVITA;Olga Niño Rojas;PARTIDO POLÍTICO DIGNIDAD & COMPROMISO;3
BOAVITA;Partido Político Dignidad & Compromiso;PARTIDO POLÍTICO DIGNIDAD & COMPROMISO;3
BOAVITA;Ricardo Antonio Agudelo Guiza;ALMA - OXÍGENO;3
BOAVITA;Carolina Geiringer Ortega;ALMA - OXÍGENO;2
BOAVITA;Giovanny Andres Gomez Palomino;ALMA - OXÍGENO;2
BOAVITA;Javier Araque Elaica;PARTIDO POLÍTICO DIGNIDAD & COMPROMISO;2
BOAVITA;Rumaldo Rojas Ramirez;ALMA - OXÍGENO;1
BOAVITA;William Donato Gomez;PARTIDO ALIANZA VERDE;1
BOAVITA;Yury Neill Diaz Aranguren;PARTIDO DE LA U - PARTIDO MIRA;1
BOYACA;Yamit Noe Hurtado Neira;PARTIDO ALIANZA VERDE;294
BOYACA;Ramiro Barragan Adame;PARTIDO ALIANZA VERDE;287
BOYACA;Pacto Histórico Boyacá;PACTO HISTÓRICO BOYACÁ;217
BOYACA;Hector David Chaparro Chaparro;PARTIDO LIBERAL COLOMBIANO;186
BOYACA;Fabian Camilo Rojas Barrera;CR-NUEVO LIBERALISMO;109
BOYACA;Nubia Jacqueline Caro Perez;PARTIDO LIBERAL COLOMBIANO;95
BOYACA;Jaime Raul Salamanca Torres;PARTIDO ALIANZA VERDE;57
BOYACA;Partido Centro Democrático;PARTIDO CENTRO DEMOCRÁTICO;35
BOYACA;Eduar Alexis Triana Rincon;PARTIDO CENTRO DEMOCRÁTICO;32
BOYACA;Partido Alianza Verde;PARTIDO ALIANZA VERDE;31
BOYACA;Wilder Ivan Suesca Ochoa;PARTIDO CONSERVADOR - MOVIMIENTO SALVACIÓN NACIONAL;31
BOYACA;Ingrid Marlen Sogamoso Alfonso;PARTIDO CONSERVADOR - MOVIMIENTO SALVACIÓN NACIONAL;30
BOYACA;Oscar Leonardo Avila Romero;PARTIDO LIBERAL COLOMBIANO;25
BOYACA;Jicly Esgardo Mutis Isaza;PARTIDO CENTRO DEMOCRÁTICO;22
BOYACA;Adelinda Numpaque Sarmiento;PARTIDO ALIANZA VERDE;19
BOYACA;Vivian Andrea Nieto Florez;PARTIDO ALIANZA VERDE;15
BOYACA;Nancy Yaneth Zapata Pachon;PARTIDO DE LA U - PARTIDO MIRA;14
BOYACA;Diana Paola Herrera Nuñez;PARTIDO LIBERAL COLOMBIANO;13
BOYACA;Jairo Enrique Castiblanco Parra;PARTIDO DE LA U - PARTIDO MIRA;11
BOYACA;Partido Liberal Colombiano;PARTIDO LIBERAL COLOMBIANO;11
BOYACA;Hernel David Ortega Gomez;PARTIDO CONSERVADOR - MOVIMIENTO SALVACIÓN NACIONAL;10
BOYACA;Camilo Andres Caicedo Silva;PARTIDO LIBERAL COLOMBIANO;9
BOYACA;Fredy Alexander Garzon Rojas;PARTIDO CENTRO DEMOCRÁTICO;9
BOYACA;Hector Josue Camacho Acosta;CR-NUEVO LIBERALISMO;8
BOYACA;Kenda Lucia Caldera Garavito;PARTIDO CENTRO DEMOCRÁTICO;8
BOYACA;Partido Conservador - Movimiento Salvación Naciona L;PARTIDO CONSERVADOR - MOVIMIENTO SALVACIÓN NACIONAL;8
BOYACA;Vicente Anibal Ojeda Martinez;CR-NUEVO LIBERALISMO;8
BOYACA;Oscar Yovany Montenegro Salcedo;CR-NUEVO LIBERALISMO;7
BOYACA;Cr-Nuevo Liberalismo;CR-NUEVO LIBERALISMO;6
BOYACA;Delci Del Carmen Urbano;PARTIDO CENTRO DEMOCRÁTICO;6
BOYACA;Jose Dario Mahecha Castillo;PARTIDO CONSERVADOR - MOVIMIENTO SALVACIÓN NACIONAL;6
BOYACA;Consejo Comunitario El Naranjo;CONSEJO COMUNITARIO EL NARANJO;5
BOYACA;John Alberto Moreno Galindo;PARTIDO CONSERVADOR - MOVIMIENTO SALVACIÓN NACIONAL;5
BOYACA;Eduardo David Suarez Moreno;ALMA - OXÍGENO;4
BOYACA;Nicolas Felipe Urbano Villamil;PARTIDO LIBERAL COLOMBIANO;4
BOYACA;Alma - Oxígeno;ALMA - OXÍGENO;3
BOYACA;Jose De Los Angeles Fernandez Palacios;PARTIDO POLÍTICO DIGNIDAD & COMPROMISO;3
BOYACA;Olga Lucia Cruz Cuevas;ALMA - OXÍGENO;3
BOYACA;Gloria Cecilia Palacios Guastar;PARTIDO CONSERVADOR - MOVIMIENTO SALVACIÓN NACIONAL;2
BOYACA;Laura Cristina Monroy Bayona;CR-NUEVO LIBERALISMO;2
BOYACA;Manuel Steven Alvarez Pulido;PARTIDO DE LA U - PARTIDO MIRA;2
BOYACA;Ricardo Antonio Agudelo Guiza;ALMA - OXÍGENO;2
BOYACA;William Donato Gomez;PARTIDO ALIANZA VERDE;2
BOYACA;Yury Neill Diaz Aranguren;PARTIDO DE LA U - PARTIDO MIRA;2
BOYACA;Carlos Mario Calvo Largo;MOVIMIENTO UNIDAD EN MINGA POR COLOMBIA;1
BOYACA;Carolina Geiringer Ortega;ALMA - OXÍGENO;1
BOYACA;Graciela Ramirez Monroy;PARTIDO POLÍTICO DIGNIDAD & COMPROMISO;1
BOYACA;Jhonatan David Holguin Cruz;PARTIDO CENTRO DEMOCRÁTICO;1
BOYACA;Layoneth Grandas Villamil;PARTIDO POLÍTICO DIGNIDAD & COMPROMISO;1
BOYACA;Libi Puerto Granados;PARTIDO DE LA U - PARTIDO MIRA;1
BOYACA;Lorena Cenith De La Cruz Rodriguez;CONSEJO COMUNITARIO MANUEL ZAPATA OLIVELLA DE SAN ANTERO;1
BOYACA;Nadia Alexandra Carreño Avella;CR-NUEVO LIBERALISMO;1
BOYACA;Partido De La U - Partido Mira;PARTIDO DE LA U - PARTIDO MIRA;1
BRICEÑO;Jose Dario Mahecha Castillo;PARTIDO CONSERVADOR - MOVIMIENTO SALVACIÓN NACIONAL;185
BRICEÑO;Jaime Raul Salamanca Torres;PARTIDO ALIANZA VERDE;158
BRICEÑO;Eduar Alexis Triana Rincon;PARTIDO CENTRO DEMOCRÁTICO;146
BRICEÑO;Yamit Noe Hurtado Neira;PARTIDO ALIANZA VERDE;69
BRICEÑO;Pacto Histórico Boyacá;PACTO HISTÓRICO BOYACÁ;66
BRICEÑO;Fabian Camilo Rojas Barrera;CR-NUEVO LIBERALISMO;48
BRICEÑO;Partido Centro Democrático;PARTIDO CENTRO DEMOCRÁTICO;43
BRICEÑO;Jicly Esgardo Mutis Isaza;PARTIDO CENTRO DEMOCRÁTICO;41
BRICEÑO;Ramiro Barragan Adame;PARTIDO ALIANZA VERDE;28
BRICEÑO;Adelinda Numpaque Sarmiento;PARTIDO ALIANZA VERDE;23
BRICEÑO;Partido Alianza Verde;PARTIDO ALIANZA VERDE;22
BRICEÑO;Hector David Chaparro Chaparro;PARTIDO LIBERAL COLOMBIANO;18
BRICEÑO;Nicolas Felipe Urbano Villamil;PARTIDO LIBERAL COLOMBIANO;18
BRICEÑO;Jairo Enrique Castiblanco Parra;PARTIDO DE LA U - PARTIDO MIRA;17
BRICEÑO;Hernel David Ortega Gomez;PARTIDO CONSERVADOR - MOVIMIENTO SALVACIÓN NACIONAL;16
BRICEÑO;Partido Conservador - Movimiento Salvación Naciona L;PARTIDO CONSERVADOR - MOVIMIENTO SALVACIÓN NACIONAL;13
BRICEÑO;Vivian Andrea Nieto Florez;PARTIDO ALIANZA VERDE;12
BRICEÑO;Wilder Ivan Suesca Ochoa;PARTIDO CONSERVADOR - MOVIMIENTO SALVACIÓN NACIONAL;9
BRICEÑO;Alma - Oxígeno;ALMA - OXÍGENO;6
BRICEÑO;Delci Del Carmen Urbano;PARTIDO CENTRO DEMOCRÁTICO;6
BRICEÑO;Diana Paola Herrera Nuñez;PARTIDO LIBERAL COLOMBIANO;6
BRICEÑO;Hector Josue Camacho Acosta;CR-NUEVO LIBERALISMO;6
BRICEÑO;Nancy Yaneth Zapata Pachon;PARTIDO DE LA U - PARTIDO MIRA;6
BRICEÑO;Ingrid Marlen Sogamoso Alfonso;PARTIDO CONSERVADOR - MOVIMIENTO SALVACIÓN NACIONAL;5
BRICEÑO;Camilo Andres Caicedo Silva;PARTIDO LIBERAL COLOMBIANO;4
BRICEÑO;Cr-Nuevo Liberalismo;CR-NUEVO LIBERALISMO;4
BRICEÑO;Gloria Cecilia Palacios Guastar;PARTIDO CONSERVADOR - MOVIMIENTO SALVACIÓN NACIONAL;4
BRICEÑO;Libi Puerto Granados;PARTIDO DE LA U - PARTIDO MIRA;4
BRICEÑO;William Donato Gomez;PARTIDO ALIANZA VERDE;4
BRICEÑO;Nadia Alexandra Carreño Avella;CR-NUEVO LIBERALISMO;3
BRICEÑO;Giovanny Andres Gomez Palomino;ALMA - OXÍGENO;2
BRICEÑO;Manuel Steven Alvarez Pulido;PARTIDO DE LA U - PARTIDO MIRA;2
BRICEÑO;Nubia Jacqueline Caro Perez;PARTIDO LIBERAL COLOMBIANO;2
BRICEÑO;Olga Lucia Cruz Cuevas;ALMA - OXÍGENO;2
BRICEÑO;Oscar Yovany Montenegro Salcedo;CR-NUEVO LIBERALISMO;2
BRICEÑO;Partido De La U - Partido Mira;PARTIDO DE LA U - PARTIDO MIRA;2
BRICEÑO;Eduardo David Suarez Moreno;ALMA - OXÍGENO;1
BRICEÑO;Fredy Alexander Garzon Rojas;PARTIDO CENTRO DEMOCRÁTICO;1
BRICEÑO;Humphrey Roa Sarmiento;PARTIDO DE LA U - PARTIDO MIRA;1
BRICEÑO;Javier Araque Elaica;PARTIDO POLÍTICO DIGNIDAD & COMPROMISO;1
BRICEÑO;Jhonatan David Holguin Cruz;PARTIDO CENTRO DEMOCRÁTICO;1
BRICEÑO;John Alberto Moreno Galindo;PARTIDO CONSERVADOR - MOVIMIENTO SALVACIÓN NACIONAL;1
BRICEÑO;Kenda Lucia Caldera Garavito;PARTIDO CENTRO DEMOCRÁTICO;1
BRICEÑO;Laura Cristina Monroy Bayona;CR-NUEVO LIBERALISMO;1
BRICEÑO;Olga Niño Rojas;PARTIDO POLÍTICO DIGNIDAD & COMPROMISO;1
BRICEÑO;Oscar Leonardo Avila Romero;PARTIDO LIBERAL COLOMBIANO;1
BRICEÑO;Vicente Anibal Ojeda Martinez;CR-NUEVO LIBERALISMO;1
BRICEÑO;Yury Neill Diaz Aranguren;PARTIDO DE LA U - PARTIDO MIRA;1
BUENAVISTA;Eduar Alexis Triana Rincon;PARTIDO CENTRO DEMOCRÁTICO;456
BUENAVISTA;Jose Dario Mahecha Castillo;PARTIDO CONSERVADOR - MOVIMIENTO SALVACIÓN NACIONAL;302
BUENAVISTA;Pacto Histórico Boyacá;PACTO HISTÓRICO BOYACÁ;203
BUENAVISTA;Jairo Enrique Castiblanco Parra;PARTIDO DE LA U - PARTIDO MIRA;178
BUENAVISTA;Yamit Noe Hurtado Neira;PARTIDO ALIANZA VERDE;132
BUENAVISTA;Fabian Camilo Rojas Barrera;CR-NUEVO LIBERALISMO;111
BUENAVISTA;Ramiro Barragan Adame;PARTIDO ALIANZA VERDE;84
BUENAVISTA;Partido Centro Democrático;PARTIDO CENTRO DEMOCRÁTICO;70
BUENAVISTA;Jaime Raul Salamanca Torres;PARTIDO ALIANZA VERDE;66
BUENAVISTA;Hector Josue Camacho Acosta;CR-NUEVO LIBERALISMO;57
BUENAVISTA;Hector David Chaparro Chaparro;PARTIDO LIBERAL COLOMBIANO;54
BUENAVISTA;Ingrid Marlen Sogamoso Alfonso;PARTIDO CONSERVADOR - MOVIMIENTO SALVACIÓN NACIONAL;51
BUENAVISTA;Jicly Esgardo Mutis Isaza;PARTIDO CENTRO DEMOCRÁTICO;42
BUENAVISTA;Wilder Ivan Suesca Ochoa;PARTIDO CONSERVADOR - MOVIMIENTO SALVACIÓN NACIONAL;38
BUENAVISTA;Partido Alianza Verde;PARTIDO ALIANZA VERDE;34
BUENAVISTA;Delci Del Carmen Urbano;PARTIDO CENTRO DEMOCRÁTICO;27
BUENAVISTA;Hernel David Ortega Gomez;PARTIDO CONSERVADOR - MOVIMIENTO SALVACIÓN NACIONAL;27
BUENAVISTA;Partido Conservador - Movimiento Salvación Naciona L;PARTIDO CONSERVADOR - MOVIMIENTO SALVACIÓN NACIONAL;25
BUENAVISTA;Vivian Andrea Nieto Florez;PARTIDO ALIANZA VERDE;19
BUENAVISTA;Diana Paola Herrera Nuñez;PARTIDO LIBERAL COLOMBIANO;17
BUENAVISTA;Nancy Yaneth Zapata Pachon;PARTIDO DE LA U - PARTIDO MIRA;16
BUENAVISTA;Adelinda Numpaque Sarmiento;PARTIDO ALIANZA VERDE;10
BUENAVISTA;Humphrey Roa Sarmiento;PARTIDO DE LA U - PARTIDO MIRA;10
BUENAVISTA;Oscar Leonardo Avila Romero;PARTIDO LIBERAL COLOMBIANO;10
BUENAVISTA;Cr-Nuevo Liberalismo;CR-NUEVO LIBERALISMO;9
BUENAVISTA;Partido De La U - Partido Mira;PARTIDO DE LA U - PARTIDO MIRA;9
BUENAVISTA;Jhonatan David Holguin Cruz;PARTIDO CENTRO DEMOCRÁTICO;8
BUENAVISTA;Nicolas Felipe Urbano Villamil;PARTIDO LIBERAL COLOMBIANO;8
BUENAVISTA;Partido Liberal Colombiano;PARTIDO LIBERAL COLOMBIANO;7
BUENAVISTA;Kenda Lucia Caldera Garavito;PARTIDO CENTRO DEMOCRÁTICO;6
BUENAVISTA;Olga Lucia Cruz Cuevas;ALMA - OXÍGENO;6
BUENAVISTA;Nadia Alexandra Carreño Avella;CR-NUEVO LIBERALISMO;5
BUENAVISTA;Eduardo David Suarez Moreno;ALMA - OXÍGENO;4
BUENAVISTA;Gloria Cecilia Palacios Guastar;PARTIDO CONSERVADOR - MOVIMIENTO SALVACIÓN NACIONAL;4
BUENAVISTA;John Alberto Moreno Galindo;PARTIDO CONSERVADOR - MOVIMIENTO SALVACIÓN NACIONAL;4
BUENAVISTA;Oscar Yovany Montenegro Salcedo;CR-NUEVO LIBERALISMO;4
BUENAVISTA;William Donato Gomez;PARTIDO ALIANZA VERDE;4
BUENAVISTA;Camilo Andres Caicedo Silva;PARTIDO LIBERAL COLOMBIANO;3
BUENAVISTA;Giovanny Andres Gomez Palomino;ALMA - OXÍGENO;3
BUENAVISTA;Laura Cristina Monroy Bayona;CR-NUEVO LIBERALISMO;3
BUENAVISTA;Alma - Oxígeno;ALMA - OXÍGENO;2
BUENAVISTA;Carolina Geiringer Ortega;ALMA - OXÍGENO;2
BUENAVISTA;Cristianos Por Colombia Afros;CRISTIANOS POR COLOMBIA AFROS;2
BUENAVISTA;"Asociación Nacional Indígena De Colombia ""Anic""";"ASOCIACIÓN NACIONAL INDÍGENA DE COLOMBIA ""ANIC""";1
BUENAVISTA;C.C. De La Comunidad Negra De La Vereda El Esfuerz O;C.C. DE LA COMUNIDAD NEGRA DE LA VEREDA EL ESFUERZO;1
BUENAVISTA;Consejo Comunitario El Naranjo;CONSEJO COMUNITARIO EL NARANJO;1
BUENAVISTA;Manuel Steven Alvarez Pulido;PARTIDO DE LA U - PARTIDO MIRA;1
BUENAVISTA;Olga Niño Rojas;PARTIDO POLÍTICO DIGNIDAD & COMPROMISO;1
BUENAVISTA;Ricardo Antonio Agudelo Guiza;ALMA - OXÍGENO;1
BUENAVISTA;Rumaldo Rojas Ramirez;ALMA - OXÍGENO;1
BUENAVISTA;Trietnico Gobernativo Trigo;TRIETNICO GOBERNATIVO TRIGO;1
BUENAVISTA;Vicente Anibal Ojeda Martinez;CR-NUEVO LIBERALISMO;1
BUSBANZA;Ramiro Barragan Adame;PARTIDO ALIANZA VERDE;132
BUSBANZA;Yamit Noe Hurtado Neira;PARTIDO ALIANZA VERDE;105
BUSBANZA;Pacto Histórico Boyacá;PACTO HISTÓRICO BOYACÁ;61
BUSBANZA;Jaime Raul Salamanca Torres;PARTIDO ALIANZA VERDE;36
BUSBANZA;Wilder Ivan Suesca Ochoa;PARTIDO CONSERVADOR - MOVIMIENTO SALVACIÓN NACIONAL;26
BUSBANZA;Hector David Chaparro Chaparro;PARTIDO LIBERAL COLOMBIANO;19
BUSBANZA;Jairo Enrique Castiblanco Parra;PARTIDO DE LA U - PARTIDO MIRA;19
BUSBANZA;Gloria Cecilia Palacios Guastar;PARTIDO CONSERVADOR - MOVIMIENTO SALVACIÓN NACIONAL;14
BUSBANZA;Jose Dario Mahecha Castillo;PARTIDO CONSERVADOR - MOVIMIENTO SALVACIÓN NACIONAL;11
BUSBANZA;Diana Paola Herrera Nuñez;PARTIDO LIBERAL COLOMBIANO;9
BUSBANZA;Fabian Camilo Rojas Barrera;CR-NUEVO LIBERALISMO;9
BUSBANZA;Hernel David Ortega Gomez;PARTIDO CONSERVADOR - MOVIMIENTO SALVACIÓN NACIONAL;9
BUSBANZA;Partido Alianza Verde;PARTIDO ALIANZA VERDE;9
BUSBANZA;Nadia Alexandra Carreño Avella;CR-NUEVO LIBERALISMO;8
BUSBANZA;Partido Centro Democrático;PARTIDO CENTRO DEMOCRÁTICO;8
BUSBANZA;Ingrid Marlen Sogamoso Alfonso;PARTIDO CONSERVADOR - MOVIMIENTO SALVACIÓN NACIONAL;7
BUSBANZA;Vicente Anibal Ojeda Martinez;CR-NUEVO LIBERALISMO;6
BUSBANZA;Jicly Esgardo Mutis Isaza;PARTIDO CENTRO DEMOCRÁTICO;4
BUSBANZA;Oscar Leonardo Avila Romero;PARTIDO LIBERAL COLOMBIANO;4
BUSBANZA;Delci Del Carmen Urbano;PARTIDO CENTRO DEMOCRÁTICO;3
BUSBANZA;Ricardo Antonio Agudelo Guiza;ALMA - OXÍGENO;3
BUSBANZA;Eduar Alexis Triana Rincon;PARTIDO CENTRO DEMOCRÁTICO;2
BUSBANZA;Kenda Lucia Caldera Garavito;PARTIDO CENTRO DEMOCRÁTICO;2
BUSBANZA;Partido Político Dignidad & Compromiso;PARTIDO POLÍTICO DIGNIDAD & COMPROMISO;2
BUSBANZA;Adelinda Numpaque Sarmiento;PARTIDO ALIANZA VERDE;1
BUSBANZA;Alma - Oxígeno;ALMA - OXÍGENO;1
BUSBANZA;Consejo Comunitario La Gran Vía De Los Remedios;CONSEJO COMUNITARIO LA GRAN VÍA DE LOS REMEDIOS;1
BUSBANZA;Cr-Nuevo Liberalismo;CR-NUEVO LIBERALISMO;1
BUSBANZA;Fredy Alexander Garzon Rojas;PARTIDO CENTRO DEMOCRÁTICO;1
BUSBANZA;Jhonatan David Holguin Cruz;PARTIDO CENTRO DEMOCRÁTICO;1
BUSBANZA;John Alberto Moreno Galindo;PARTIDO CONSERVADOR - MOVIMIENTO SALVACIÓN NACIONAL;1
BUSBANZA;Jose De Los Angeles Fernandez Palacios;PARTIDO POLÍTICO DIGNIDAD & COMPROMISO;1
BUSBANZA;Nancy Yaneth Zapata Pachon;PARTIDO DE LA U - PARTIDO MIRA;1
BUSBANZA;Nubia Jacqueline Caro Perez;PARTIDO LIBERAL COLOMBIANO;1
BUSBANZA;Olga Niño Rojas;PARTIDO POLÍTICO DIGNIDAD & COMPROMISO;1
BUSBANZA;Partido Liberal Colombiano;PARTIDO LIBERAL COLOMBIANO;1
BUSBANZA;Silverio Jose Calderon Daza;"CONSEJO COMUNITARIO DE PIZARRO ""CONCOPI""";1
BUSBANZA;William Donato Gomez;PARTIDO ALIANZA VERDE;1
CALDAS;Hector David Chaparro Chaparro;PARTIDO LIBERAL COLOMBIANO;305
CALDAS;Eduar Alexis Triana Rincon;PARTIDO CENTRO DEMOCRÁTICO;222
CALDAS;Pacto Histórico Boyacá;PACTO HISTÓRICO BOYACÁ;131
CALDAS;Jose Dario Mahecha Castillo;PARTIDO CONSERVADOR - MOVIMIENTO SALVACIÓN NACIONAL;106
CALDAS;Yamit Noe Hurtado Neira;PARTIDO ALIANZA VERDE;92
CALDAS;Ramiro Barragan Adame;PARTIDO ALIANZA VERDE;46
CALDAS;Fabian Camilo Rojas Barrera;CR-NUEVO LIBERALISMO;41
CALDAS;Jairo Enrique Castiblanco Parra;PARTIDO DE LA U - PARTIDO MIRA;41
CALDAS;Partido Centro Democrático;PARTIDO CENTRO DEMOCRÁTICO;39
CALDAS;Hector Josue Camacho Acosta;CR-NUEVO LIBERALISMO;36
CALDAS;Nancy Yaneth Zapata Pachon;PARTIDO DE LA U - PARTIDO MIRA;31
CALDAS;Wilder Ivan Suesca Ochoa;PARTIDO CONSERVADOR - MOVIMIENTO SALVACIÓN NACIONAL;26
CALDAS;Diana Paola Herrera Nuñez;PARTIDO LIBERAL COLOMBIANO;24
CALDAS;Vivian Andrea Nieto Florez;PARTIDO ALIANZA VERDE;23
CALDAS;Jaime Raul Salamanca Torres;PARTIDO ALIANZA VERDE;22
CALDAS;Partido Liberal Colombiano;PARTIDO LIBERAL COLOMBIANO;20
CALDAS;Jicly Esgardo Mutis Isaza;PARTIDO CENTRO DEMOCRÁTICO;17
CALDAS;Nicolas Felipe Urbano Villamil;PARTIDO LIBERAL COLOMBIANO;15
CALDAS;Partido Alianza Verde;PARTIDO ALIANZA VERDE;14
CALDAS;Oscar Leonardo Avila Romero;PARTIDO LIBERAL COLOMBIANO;13
CALDAS;Adelinda Numpaque Sarmiento;PARTIDO ALIANZA VERDE;12
CALDAS;Hernel David Ortega Gomez;PARTIDO CONSERVADOR - MOVIMIENTO SALVACIÓN NACIONAL;12
CALDAS;Partido Conservador - Movimiento Salvación Naciona L;PARTIDO CONSERVADOR - MOVIMIENTO SALVACIÓN NACIONAL;12
CALDAS;Ingrid Marlen Sogamoso Alfonso;PARTIDO CONSERVADOR - MOVIMIENTO SALVACIÓN NACIONAL;11
CALDAS;Nadia Alexandra Carreño Avella;CR-NUEVO LIBERALISMO;10
CALDAS;Delci Del Carmen Urbano;PARTIDO CENTRO DEMOCRÁTICO;7
CALDAS;Laura Cristina Monroy Bayona;CR-NUEVO LIBERALISMO;7
CALDAS;Alma - Oxígeno;ALMA - OXÍGENO;5
CALDAS;Camilo Andres Caicedo Silva;PARTIDO LIBERAL COLOMBIANO;5
CALDAS;Humphrey Roa Sarmiento;PARTIDO DE LA U - PARTIDO MIRA;5
CALDAS;Fredy Alexander Garzon Rojas;PARTIDO CENTRO DEMOCRÁTICO;4
CALDAS;Libi Puerto Granados;PARTIDO DE LA U - PARTIDO MIRA;4
CALDAS;Manuel Steven Alvarez Pulido;PARTIDO DE LA U - PARTIDO MIRA;4
CALDAS;William Donato Gomez;PARTIDO ALIANZA VERDE;4
CALDAS;Yury Neill Diaz Aranguren;PARTIDO DE LA U - PARTIDO MIRA;4
CALDAS;John Alberto Moreno Galindo;PARTIDO CONSERVADOR - MOVIMIENTO SALVACIÓN NACIONAL;3
CALDAS;Nubia Jacqueline Caro Perez;PARTIDO LIBERAL COLOMBIANO;3
CALDAS;Oscar Yovany Montenegro Salcedo;CR-NUEVO LIBERALISMO;3
CALDAS;Consejo Comunitario El Naranjo;CONSEJO COMUNITARIO EL NARANJO;2
CALDAS;Cr-Nuevo Liberalismo;CR-NUEVO LIBERALISMO;2
CALDAS;Gloria Cecilia Palacios Guastar;PARTIDO CONSERVADOR - MOVIMIENTO SALVACIÓN NACIONAL;2
CALDAS;Jhonatan David Holguin Cruz;PARTIDO CENTRO DEMOCRÁTICO;2
CALDAS;Olga Lucia Cruz Cuevas;ALMA - OXÍGENO;2
CALDAS;Rumaldo Rojas Ramirez;ALMA - OXÍGENO;2
CALDAS;Consejo Comunitario La Gran Vía De Los Remedios;CONSEJO COMUNITARIO LA GRAN VÍA DE LOS REMEDIOS;1
CALDAS;Giovanny Andres Gomez Palomino;ALMA - OXÍGENO;1
CALDAS;Javier Araque Elaica;PARTIDO POLÍTICO DIGNIDAD & COMPROMISO;1
CALDAS;Kenda Lucia Caldera Garavito;PARTIDO CENTRO DEMOCRÁTICO;1
CALDAS;Partido De La U - Partido Mira;PARTIDO DE LA U - PARTIDO MIRA;1
CALDAS;Ricardo Antonio Agudelo Guiza;ALMA - OXÍGENO;1
CALDAS;Vicente Anibal Ojeda Martinez;CR-NUEVO LIBERALISMO;1
CAMPOHERMOSO;Ingrid Marlen Sogamoso Alfonso;PARTIDO CONSERVADOR - MOVIMIENTO SALVACIÓN NACIONAL;226
CAMPOHERMOSO;Fabian Camilo Rojas Barrera;CR-NUEVO LIBERALISMO;150
CAMPOHERMOSO;Oscar Yovany Montenegro Salcedo;CR-NUEVO LIBERALISMO;70
CAMPOHERMOSO;Jaime Raul Salamanca Torres;PARTIDO ALIANZA VERDE;68
CAMPOHERMOSO;Pacto Histórico Boyacá;PACTO HISTÓRICO BOYACÁ;62
CAMPOHERMOSO;Yamit Noe Hurtado Neira;PARTIDO ALIANZA VERDE;48
CAMPOHERMOSO;Jairo Enrique Castiblanco Parra;PARTIDO DE LA U - PARTIDO MIRA;47
CAMPOHERMOSO;Jicly Esgardo Mutis Isaza;PARTIDO CENTRO DEMOCRÁTICO;41
CAMPOHERMOSO;Eduar Alexis Triana Rincon;PARTIDO CENTRO DEMOCRÁTICO;36
CAMPOHERMOSO;Partido Centro Democrático;PARTIDO CENTRO DEMOCRÁTICO;32
CAMPOHERMOSO;Jose Dario Mahecha Castillo;PARTIDO CONSERVADOR - MOVIMIENTO SALVACIÓN NACIONAL;24
CAMPOHERMOSO;Ramiro Barragan Adame;PARTIDO ALIANZA VERDE;19
CAMPOHERMOSO;Hernel David Ortega Gomez;PARTIDO CONSERVADOR - MOVIMIENTO SALVACIÓN NACIONAL;16
CAMPOHERMOSO;Fredy Alexander Garzon Rojas;PARTIDO CENTRO DEMOCRÁTICO;14
CAMPOHERMOSO;Delci Del Carmen Urbano;PARTIDO CENTRO DEMOCRÁTICO;12
CAMPOHERMOSO;Hector David Chaparro Chaparro;PARTIDO LIBERAL COLOMBIANO;10
CAMPOHERMOSO;Nadia Alexandra Carreño Avella;CR-NUEVO LIBERALISMO;8
CAMPOHERMOSO;Partido Alianza Verde;PARTIDO ALIANZA VERDE;8
CAMPOHERMOSO;Wilder Ivan Suesca Ochoa;PARTIDO CONSERVADOR - MOVIMIENTO SALVACIÓN NACIONAL;7
CAMPOHERMOSO;Adelinda Numpaque Sarmiento;PARTIDO ALIANZA VERDE;6
CAMPOHERMOSO;Partido Conservador - Movimiento Salvación Naciona L;PARTIDO CONSERVADOR - MOVIMIENTO SALVACIÓN NACIONAL;6
CAMPOHERMOSO;Hector Josue Camacho Acosta;CR-NUEVO LIBERALISMO;5
CAMPOHERMOSO;Kenda Lucia Caldera Garavito;PARTIDO CENTRO DEMOCRÁTICO;5
CAMPOHERMOSO;Cr-Nuevo Liberalismo;CR-NUEVO LIBERALISMO;4
CAMPOHERMOSO;Graciela Ramirez Monroy;PARTIDO POLÍTICO DIGNIDAD & COMPROMISO;4
CAMPOHERMOSO;Eduardo David Suarez Moreno;ALMA - OXÍGENO;3
CAMPOHERMOSO;Gloria Cecilia Palacios Guastar;PARTIDO CONSERVADOR - MOVIMIENTO SALVACIÓN NACIONAL;3
CAMPOHERMOSO;Laura Cristina Monroy Bayona;CR-NUEVO LIBERALISMO;3
CAMPOHERMOSO;Nancy Yaneth Zapata Pachon;PARTIDO DE LA U - PARTIDO MIRA;3
CAMPOHERMOSO;Ricardo Antonio Agudelo Guiza;ALMA - OXÍGENO;3
CAMPOHERMOSO;Vicente Anibal Ojeda Martinez;CR-NUEVO LIBERALISMO;3
CAMPOHERMOSO;Consejo Comunitario El Naranjo;CONSEJO COMUNITARIO EL NARANJO;2
CAMPOHERMOSO;Jhonatan David Holguin Cruz;PARTIDO CENTRO DEMOCRÁTICO;2
CAMPOHERMOSO;John Alberto Moreno Galindo;PARTIDO CONSERVADOR - MOVIMIENTO SALVACIÓN NACIONAL;2
CAMPOHERMOSO;Partido Liberal Colombiano;PARTIDO LIBERAL COLOMBIANO;2
CAMPOHERMOSO;Partido Político Dignidad & Compromiso;PARTIDO POLÍTICO DIGNIDAD & COMPROMISO;2
CAMPOHERMOSO;Yury Neill Diaz Aranguren;PARTIDO DE LA U - PARTIDO MIRA;2
CAMPOHERMOSO;Alma - Oxígeno;ALMA - OXÍGENO;1
CAMPOHERMOSO;Angel Arles Martinez Noguera;ASOCIACIÓN AFRODESCENDIENTE PACÍFICO POR LA PAZ;1
CAMPOHERMOSO;Carolina Geiringer Ortega;ALMA - OXÍGENO;1
CAMPOHERMOSO;Edgar Fernando Farfan Corzo;PARTIDO POLÍTICO DIGNIDAD & COMPROMISO;1
CAMPOHERMOSO;Giovanny Andres Gomez Palomino;ALMA - OXÍGENO;1
CAMPOHERMOSO;Humphrey Roa Sarmiento;PARTIDO DE LA U - PARTIDO MIRA;1
CAMPOHERMOSO;Manuel Steven Alvarez Pulido;PARTIDO DE LA U - PARTIDO MIRA;1
CAMPOHERMOSO;Olga Lucia Cruz Cuevas;ALMA - OXÍGENO;1
CAMPOHERMOSO;William Donato Gomez;PARTIDO ALIANZA VERDE;1
CERINZA;Hector David Chaparro Chaparro;PARTIDO LIBERAL COLOMBIANO;528
CERINZA;Pacto Histórico Boyacá;PACTO HISTÓRICO BOYACÁ;365
CERINZA;Jaime Raul Salamanca Torres;PARTIDO ALIANZA VERDE;190
CERINZA;Yamit Noe Hurtado Neira;PARTIDO ALIANZA VERDE;171
CERINZA;Ramiro Barragan Adame;PARTIDO ALIANZA VERDE;157
CERINZA;Wilder Ivan Suesca Ochoa;PARTIDO CONSERVADOR - MOVIMIENTO SALVACIÓN NACIONAL;70
CERINZA;Partido Centro Democrático;PARTIDO CENTRO DEMOCRÁTICO;41
CERINZA;Partido Alianza Verde;PARTIDO ALIANZA VERDE;36
CERINZA;Hernel David Ortega Gomez;PARTIDO CONSERVADOR - MOVIMIENTO SALVACIÓN NACIONAL;28
CERINZA;Adelinda Numpaque Sarmiento;PARTIDO ALIANZA VERDE;27
CERINZA;William Donato Gomez;PARTIDO ALIANZA VERDE;26
CERINZA;Eduar Alexis Triana Rincon;PARTIDO CENTRO DEMOCRÁTICO;25
CERINZA;Jicly Esgardo Mutis Isaza;PARTIDO CENTRO DEMOCRÁTICO;25
CERINZA;Jose Dario Mahecha Castillo;PARTIDO CONSERVADOR - MOVIMIENTO SALVACIÓN NACIONAL;22
CERINZA;Jhonatan David Holguin Cruz;PARTIDO CENTRO DEMOCRÁTICO;15
CERINZA;Diana Paola Herrera Nuñez;PARTIDO LIBERAL COLOMBIANO;14
CERINZA;Vivian Andrea Nieto Florez;PARTIDO ALIANZA VERDE;14
CERINZA;Ingrid Marlen Sogamoso Alfonso;PARTIDO CONSERVADOR - MOVIMIENTO SALVACIÓN NACIONAL;12
CERINZA;Partido Liberal Colombiano;PARTIDO LIBERAL COLOMBIANO;12
CERINZA;Gloria Cecilia Palacios Guastar;PARTIDO CONSERVADOR - MOVIMIENTO SALVACIÓN NACIONAL;11
CERINZA;Nubia Jacqueline Caro Perez;PARTIDO LIBERAL COLOMBIANO;11
CERINZA;Fabian Camilo Rojas Barrera;CR-NUEVO LIBERALISMO;9
CERINZA;Jairo Enrique Castiblanco Parra;PARTIDO DE LA U - PARTIDO MIRA;9
CERINZA;Camilo Andres Caicedo Silva;PARTIDO LIBERAL COLOMBIANO;8
CERINZA;Delci Del Carmen Urbano;PARTIDO CENTRO DEMOCRÁTICO;8
CERINZA;Nadia Alexandra Carreño Avella;CR-NUEVO LIBERALISMO;8
CERINZA;Partido Conservador - Movimiento Salvación Naciona L;PARTIDO CONSERVADOR - MOVIMIENTO SALVACIÓN NACIONAL;8
CERINZA;Vicente Anibal Ojeda Martinez;CR-NUEVO LIBERALISMO;8
CERINZA;Fredy Alexander Garzon Rojas;PARTIDO CENTRO DEMOCRÁTICO;7
CERINZA;Oscar Leonardo Avila Romero;PARTIDO LIBERAL COLOMBIANO;7
CERINZA;Ricardo Antonio Agudelo Guiza;ALMA - OXÍGENO;7
CERINZA;John Alberto Moreno Galindo;PARTIDO CONSERVADOR - MOVIMIENTO SALVACIÓN NACIONAL;5
CERINZA;Eduardo David Suarez Moreno;ALMA - OXÍGENO;4
CERINZA;Nicolas Felipe Urbano Villamil;PARTIDO LIBERAL COLOMBIANO;4
CERINZA;Oscar Yovany Montenegro Salcedo;CR-NUEVO LIBERALISMO;4
CERINZA;Alma - Oxígeno;ALMA - OXÍGENO;3
CERINZA;Edgar Fernando Farfan Corzo;PARTIDO POLÍTICO DIGNIDAD & COMPROMISO;3
CERINZA;Hector Josue Camacho Acosta;CR-NUEVO LIBERALISMO;3
CERINZA;Kenda Lucia Caldera Garavito;PARTIDO CENTRO DEMOCRÁTICO;3
CERINZA;Libi Puerto Granados;PARTIDO DE LA U - PARTIDO MIRA;3
CERINZA;Nancy Yaneth Zapata Pachon;PARTIDO DE LA U - PARTIDO MIRA;3
CERINZA;Partido De La U - Partido Mira;PARTIDO DE LA U - PARTIDO MIRA;3
CERINZA;Humphrey Roa Sarmiento;PARTIDO DE LA U - PARTIDO MIRA;2
CERINZA;Olga Lucia Cruz Cuevas;ALMA - OXÍGENO;2
CERINZA;Consejo Comunitario El Naranjo;CONSEJO COMUNITARIO EL NARANJO;1
CERINZA;Cr-Nuevo Liberalismo;CR-NUEVO LIBERALISMO;1
CERINZA;Graciela Ramirez Monroy;PARTIDO POLÍTICO DIGNIDAD & COMPROMISO;1
CERINZA;Laura Cristina Monroy Bayona;CR-NUEVO LIBERALISMO;1
CERINZA;Rumaldo Rojas Ramirez;ALMA - OXÍGENO;1
CERINZA;Yury Neill Diaz Aranguren;PARTIDO DE LA U - PARTIDO MIRA;1
CHINAVITA;Jaime Raul Salamanca Torres;PARTIDO ALIANZA VERDE;470
CHINAVITA;Hector David Chaparro Chaparro;PARTIDO LIBERAL COLOMBIANO;141
CHINAVITA;Pacto Histórico Boyacá;PACTO HISTÓRICO BOYACÁ;116
CHINAVITA;Ingrid Marlen Sogamoso Alfonso;PARTIDO CONSERVADOR - MOVIMIENTO SALVACIÓN NACIONAL;113
CHINAVITA;Yamit Noe Hurtado Neira;PARTIDO ALIANZA VERDE;98
CHINAVITA;Humphrey Roa Sarmiento;PARTIDO DE LA U - PARTIDO MIRA;67
CHINAVITA;Partido Centro Democrático;PARTIDO CENTRO DEMOCRÁTICO;53
CHINAVITA;Jicly Esgardo Mutis Isaza;PARTIDO CENTRO DEMOCRÁTICO;39
CHINAVITA;Partido Alianza Verde;PARTIDO ALIANZA VERDE;30
CHINAVITA;Wilder Ivan Suesca Ochoa;PARTIDO CONSERVADOR - MOVIMIENTO SALVACIÓN NACIONAL;23
CHINAVITA;Hernel David Ortega Gomez;PARTIDO CONSERVADOR - MOVIMIENTO SALVACIÓN NACIONAL;18
CHINAVITA;Ramiro Barragan Adame;PARTIDO ALIANZA VERDE;17
CHINAVITA;Jose Dario Mahecha Castillo;PARTIDO CONSERVADOR - MOVIMIENTO SALVACIÓN NACIONAL;16
CHINAVITA;Fabian Camilo Rojas Barrera;CR-NUEVO LIBERALISMO;14
CHINAVITA;Oscar Yovany Montenegro Salcedo;CR-NUEVO LIBERALISMO;14
CHINAVITA;Eduar Alexis Triana Rincon;PARTIDO CENTRO DEMOCRÁTICO;13
CHINAVITA;Partido Conservador - Movimiento Salvación Naciona L;PARTIDO CONSERVADOR - MOVIMIENTO SALVACIÓN NACIONAL;13
CHINAVITA;Delci Del Carmen Urbano;PARTIDO CENTRO DEMOCRÁTICO;12
CHINAVITA;Vivian Andrea Nieto Florez;PARTIDO ALIANZA VERDE;12
CHINAVITA;Partido Liberal Colombiano;PARTIDO LIBERAL COLOMBIANO;7
CHINAVITA;Adelinda Numpaque Sarmiento;PARTIDO ALIANZA VERDE;6
CHINAVITA;Oscar Leonardo Avila Romero;PARTIDO LIBERAL COLOMBIANO;6
CHINAVITA;Kenda Lucia Caldera Garavito;PARTIDO CENTRO DEMOCRÁTICO;5
CHINAVITA;Nancy Yaneth Zapata Pachon;PARTIDO DE LA U - PARTIDO MIRA;5
CHINAVITA;Diana Paola Herrera Nuñez;PARTIDO LIBERAL COLOMBIANO;4
CHINAVITA;Jairo Enrique Castiblanco Parra;PARTIDO DE LA U - PARTIDO MIRA;4
CHINAVITA;Alma - Oxígeno;ALMA - OXÍGENO;3
CHINAVITA;Consejo Comunitario La Gran Vía De Los Remedios;CONSEJO COMUNITARIO LA GRAN VÍA DE LOS REMEDIOS;3
CHINAVITA;Fredy Alexander Garzon Rojas;PARTIDO CENTRO DEMOCRÁTICO;3
CHINAVITA;Graciela Ramirez Monroy;PARTIDO POLÍTICO DIGNIDAD & COMPROMISO;3
CHINAVITA;Manuel Steven Alvarez Pulido;PARTIDO DE LA U - PARTIDO MIRA;3
CHINAVITA;Nadia Alexandra Carreño Avella;CR-NUEVO LIBERALISMO;3
CHINAVITA;Camilo Andres Caicedo Silva;PARTIDO LIBERAL COLOMBIANO;2
CHINAVITA;Consejo Comunitario El Naranjo;CONSEJO COMUNITARIO EL NARANJO;2
CHINAVITA;Cr-Nuevo Liberalismo;CR-NUEVO LIBERALISMO;2
CHINAVITA;Diego Armando Sanchez Arboleda;C.C. DE LA COMUNIDAD NEGRA DE LA VEREDA EL ESFUERZO;2
CHINAVITA;Edgar Fernando Farfan Corzo;PARTIDO POLÍTICO DIGNIDAD & COMPROMISO;2
CHINAVITA;Eduardo David Suarez Moreno;ALMA - OXÍGENO;2
CHINAVITA;Gloria Cecilia Palacios Guastar;PARTIDO CONSERVADOR - MOVIMIENTO SALVACIÓN NACIONAL;2
CHINAVITA;John Alberto Moreno Galindo;PARTIDO CONSERVADOR - MOVIMIENTO SALVACIÓN NACIONAL;2
CHINAVITA;Nicolas Felipe Urbano Villamil;PARTIDO LIBERAL COLOMBIANO;2
CHINAVITA;Nubia Jacqueline Caro Perez;PARTIDO LIBERAL COLOMBIANO;2
CHINAVITA;Olga Lucia Cruz Cuevas;ALMA - OXÍGENO;2
CHINAVITA;Giovanny Andres Gomez Palomino;ALMA - OXÍGENO;1
CHINAVITA;Javier Araque Elaica;PARTIDO POLÍTICO DIGNIDAD & COMPROMISO;1
CHINAVITA;Jhonatan David Holguin Cruz;PARTIDO CENTRO DEMOCRÁTICO;1
CHINAVITA;Laura Cristina Monroy Bayona;CR-NUEVO LIBERALISMO;1
CHINAVITA;Libi Puerto Granados;PARTIDO DE LA U - PARTIDO MIRA;1
CHINAVITA;Partido Político Dignidad & Compromiso;PARTIDO POLÍTICO DIGNIDAD & COMPROMISO;1
CHINAVITA;Ricardo Antonio Agudelo Guiza;ALMA - OXÍGENO;1
CHINAVITA;William Donato Gomez;PARTIDO ALIANZA VERDE;1
CHINAVITA;Yury Neill Diaz Aranguren;PARTIDO DE LA U - PARTIDO MIRA;1
CHIQUINQUIRA;Pacto Histórico Boyacá;PACTO HISTÓRICO BOYACÁ;3613
CHIQUINQUIRA;Eduar Alexis Triana Rincon;PARTIDO CENTRO DEMOCRÁTICO;2835
CHIQUINQUIRA;Vivian Andrea Nieto Florez;PARTIDO ALIANZA VERDE;1522
CHIQUINQUIRA;Jose Dario Mahecha Castillo;PARTIDO CONSERVADOR - MOVIMIENTO SALVACIÓN NACIONAL;1336
CHIQUINQUIRA;Yamit Noe Hurtado Neira;PARTIDO ALIANZA VERDE;1177
CHIQUINQUIRA;Hector Josue Camacho Acosta;CR-NUEVO LIBERALISMO;972
CHIQUINQUIRA;Jaime Raul Salamanca Torres;PARTIDO ALIANZA VERDE;867
CHIQUINQUIRA;Ramiro Barragan Adame;PARTIDO ALIANZA VERDE;792
CHIQUINQUIRA;Fabian Camilo Rojas Barrera;CR-NUEVO LIBERALISMO;740
CHIQUINQUIRA;Hector David Chaparro Chaparro;PARTIDO LIBERAL COLOMBIANO;725
CHIQUINQUIRA;Partido Centro Democrático;PARTIDO CENTRO DEMOCRÁTICO;601
CHIQUINQUIRA;Jicly Esgardo Mutis Isaza;PARTIDO CENTRO DEMOCRÁTICO;557
CHIQUINQUIRA;Nancy Yaneth Zapata Pachon;PARTIDO DE LA U - PARTIDO MIRA;478
CHIQUINQUIRA;Diana Paola Herrera Nuñez;PARTIDO LIBERAL COLOMBIANO;463
CHIQUINQUIRA;Jairo Enrique Castiblanco Parra;PARTIDO DE LA U - PARTIDO MIRA;425
CHIQUINQUIRA;Wilder Ivan Suesca Ochoa;PARTIDO CONSERVADOR - MOVIMIENTO SALVACIÓN NACIONAL;346
CHIQUINQUIRA;Partido Alianza Verde;PARTIDO ALIANZA VERDE;266
CHIQUINQUIRA;Hernel David Ortega Gomez;PARTIDO CONSERVADOR - MOVIMIENTO SALVACIÓN NACIONAL;249
CHIQUINQUIRA;Jhonatan David Holguin Cruz;PARTIDO CENTRO DEMOCRÁTICO;224
CHIQUINQUIRA;Delci Del Carmen Urbano;PARTIDO CENTRO DEMOCRÁTICO;220
CHIQUINQUIRA;Adelinda Numpaque Sarmiento;PARTIDO ALIANZA VERDE;212
CHIQUINQUIRA;Ingrid Marlen Sogamoso Alfonso;PARTIDO CONSERVADOR - MOVIMIENTO SALVACIÓN NACIONAL;207
CHIQUINQUIRA;Nicolas Felipe Urbano Villamil;PARTIDO LIBERAL COLOMBIANO;182
CHIQUINQUIRA;Partido Conservador - Movimiento Salvación Naciona L;PARTIDO CONSERVADOR - MOVIMIENTO SALVACIÓN NACIONAL;137
CHIQUINQUIRA;Consejo Comunitario El Naranjo;CONSEJO COMUNITARIO EL NARANJO;109
CHIQUINQUIRA;John Alberto Moreno Galindo;PARTIDO CONSERVADOR - MOVIMIENTO SALVACIÓN NACIONAL;101
CHIQUINQUIRA;Fredy Alexander Garzon Rojas;PARTIDO CENTRO DEMOCRÁTICO;88
CHIQUINQUIRA;Kenda Lucia Caldera Garavito;PARTIDO CENTRO DEMOCRÁTICO;79
CHIQUINQUIRA;Laura Cristina Monroy Bayona;CR-NUEVO LIBERALISMO;71
CHIQUINQUIRA;Partido Liberal Colombiano;PARTIDO LIBERAL COLOMBIANO;68
CHIQUINQUIRA;Gloria Cecilia Palacios Guastar;PARTIDO CONSERVADOR - MOVIMIENTO SALVACIÓN NACIONAL;66
CHIQUINQUIRA;William Donato Gomez;PARTIDO ALIANZA VERDE;60
CHIQUINQUIRA;Alma - Oxígeno;ALMA - OXÍGENO;59
CHIQUINQUIRA;Cr-Nuevo Liberalismo;CR-NUEVO LIBERALISMO;55
CHIQUINQUIRA;Olga Lucia Cruz Cuevas;ALMA - OXÍGENO;55
CHIQUINQUIRA;Nadia Alexandra Carreño Avella;CR-NUEVO LIBERALISMO;52
CHIQUINQUIRA;Humphrey Roa Sarmiento;PARTIDO DE LA U - PARTIDO MIRA;47
CHIQUINQUIRA;Oscar Leonardo Avila Romero;PARTIDO LIBERAL COLOMBIANO;46
CHIQUINQUIRA;Camilo Andres Caicedo Silva;PARTIDO LIBERAL COLOMBIANO;38
CHIQUINQUIRA;Giovanny Andres Gomez Palomino;ALMA - OXÍGENO;38
CHIQUINQUIRA;Manuel Steven Alvarez Pulido;PARTIDO DE LA U - PARTIDO MIRA;34
CHIQUINQUIRA;Partido De La U - Partido Mira;PARTIDO DE LA U - PARTIDO MIRA;34
CHIQUINQUIRA;Oscar Yovany Montenegro Salcedo;CR-NUEVO LIBERALISMO;27
CHIQUINQUIRA;Nubia Jacqueline Caro Perez;PARTIDO LIBERAL COLOMBIANO;24
CHIQUINQUIRA;Eduardo David Suarez Moreno;ALMA - OXÍGENO;21
CHIQUINQUIRA;Consejo Comunitario La Gran Vía De Los Remedios;CONSEJO COMUNITARIO LA GRAN VÍA DE LOS REMEDIOS;20
CHIQUINQUIRA;Yury Neill Diaz Aranguren;PARTIDO DE LA U - PARTIDO MIRA;20
CHIQUINQUIRA;Carolina Geiringer Ortega;ALMA - OXÍGENO;19
CHIQUINQUIRA;Vicente Anibal Ojeda Martinez;CR-NUEVO LIBERALISMO;19
CHIQUINQUIRA;Libi Puerto Granados;PARTIDO DE LA U - PARTIDO MIRA;17
CHIQUINQUIRA;Ricardo Antonio Agudelo Guiza;ALMA - OXÍGENO;17
CHIQUINQUIRA;Javier Araque Elaica;PARTIDO POLÍTICO DIGNIDAD & COMPROMISO;14
CHIQUINQUIRA;Olga Niño Rojas;PARTIDO POLÍTICO DIGNIDAD & COMPROMISO;14
CHIQUINQUIRA;Rumaldo Rojas Ramirez;ALMA - OXÍGENO;14
CHIQUINQUIRA;Graciela Ramirez Monroy;PARTIDO POLÍTICO DIGNIDAD & COMPROMISO;10
CHIQUINQUIRA;Valentina Gutierrez Araujo;"MOVIMIENTO ALTERNATIVO INDÍGENA Y SOCIAL ""MAIS""";9
CHIQUINQUIRA;Partido Político Dignidad & Compromiso;PARTIDO POLÍTICO DIGNIDAD & COMPROMISO;8
CHIQUINQUIRA;Benildo Estupiñan Solis;PARTIDO ECOLOGISTA COLOMBIANO;6
CHIQUINQUIRA;Jorge Ivan Mina Lasso;CONSEJO COMUNITARIO MANUEL ZAPATA OLIVELLA DE SAN ANTERO;4
CHIQUINQUIRA;Cefora Josefa Arias Anaya;CONSEJO COMUNITARIO KUSUTOMA - GENDE COKUMALU;3
CHIQUINQUIRA;Jose De Los Angeles Fernandez Palacios;PARTIDO POLÍTICO DIGNIDAD & COMPROMISO;3
CHIQUINQUIRA;Layoneth Grandas Villamil;PARTIDO POLÍTICO DIGNIDAD & COMPROMISO;3
CHIQUINQUIRA;Linderman Adrada Lopez;"MOVIMIENTO ALTERNATIVO INDÍGENA Y SOCIAL ""MAIS""";3
CHIQUINQUIRA;Asociación De Cabildos Indígenas Zenú Orico;ASOCIACIÓN DE CABILDOS INDÍGENAS ZENÚ ORICO;2
CHIQUINQUIRA;Diego Armando Sanchez Arboleda;C.C. DE LA COMUNIDAD NEGRA DE LA VEREDA EL ESFUERZO;2
CHIQUINQUIRA;Fuerza Ancestral;FUERZA ANCESTRAL;2
CHIQUINQUIRA;Jorge Eliecer Garces Florez;CONSEJO COMUNITARIO DE LA COMUNIDAD NEGRA DE LIMONES;2
CHIQUINQUIRA;Partido Demócrata Colombiano;PARTIDO DEMÓCRATA COLOMBIANO;2
CHIQUINQUIRA;Acmizsam;ACMIZSAM;1
CHIQUINQUIRA;"Asociación Nacional Indígena De Colombia ""Anic""";"ASOCIACIÓN NACIONAL INDÍGENA DE COLOMBIA ""ANIC""";1
CHIQUINQUIRA;C.C. De La Comunidad Negra De La Vereda El Esfuerz O;C.C. DE LA COMUNIDAD NEGRA DE LA VEREDA EL ESFUERZO;1
CHIQUINQUIRA;Cabildo Indígena Tevis;CABILDO INDÉGENA TEVIS;1
CHIQUINQUIRA;Consejo Comunitario Afrozabaletas;CONSEJO COMUNITARIO AFROZABALETAS;1
CHIQUINQUIRA;Consejo Comunitario De Comunidades Negras Cuenca R Ío Ovejas;CONSEJO COMUNITARIO DE COMUNIDADES NEGRAS CUENCA RÍO OVEJAS;1
CHIQUINQUIRA;"Consejo Comunitario De Pizarro ""Concopi""";"CONSEJO COMUNITARIO DE PIZARRO ""CONCOPI""";1
CHIQUINQUIRA;Consejo Comunitario Kusutoma - Gende Cokumalu;CONSEJO COMUNITARIO KUSUTOMA - GENDE COKUMALU;1
CHIQUINQUIRA;Diana Paola Ramos Medina;CONSEJO COMUNITARIO DE QUINAMAYO;1
CHIQUINQUIRA;Dina Luz Benitez Balceiro;ASOCIACIÓN AFRODESCENDIENTE PACÍFICO POR LA PAZ;1
CHIQUINQUIRA;Doris Elena Jacanamijoy Jacanamijoy;"MOVIMIENTO ALTERNATIVO INDÍGENA Y SOCIAL ""MAIS""";1
CHIQUINQUIRA;Edgar Fernando Farfan Corzo;PARTIDO POLÍTICO DIGNIDAD & COMPROMISO;1
CHIQUINQUIRA;Expresión Afro, Ambiental Y Cultural Colombia Con Dignidad;EXPRESIÓN AFRO, AMBIENTAL Y CULTURAL COLOMBIA CON DIGNIDAD;1
CHIQUINQUIRA;Fundación Orsuba;FUNDACIÓN ORSUBA;1
CHIQUINQUIRA;Jenifer Tatiana Mosquera Barrera;C.C. DE LA COMUNIDAD NEGRA DE LA VEREDA EL ESFUERZO;1
CHIQUINQUIRA;Leonardo Arnedo Mendoza;CONSEJO COMUNITARIO DE LA COMUNIDAD NEGRA DE LIMONES;1
CHIQUINQUIRA;Magnolia Morales Zamora;PARTIDO INDÍGENA COLOMBIANO P.I.C;1
CHIQUINQUIRA;"Movimiento Alternativo Indígena Y Social ""Mais""";"MOVIMIENTO ALTERNATIVO INDÍGENA Y SOCIAL ""MAIS""";1
CHIQUINQUIRA;Omar Bonilla Garcia;EXPRESIÓN AFRO, AMBIENTAL Y CULTURAL COLOMBIA CON DIGNIDAD;1
CHIQUINQUIRA;Partido Indígena Zenú (Piz);PARTIDO INDÉGENA ZENÚ (PIZ);1
CHIQUINQUIRA;Ruben David Salina Cassiani;CONSEJO COMUNITARIO KUSUTOMA - GENDE COKUMALU;1
CHIQUIZA;Hector David Chaparro Chaparro;PARTIDO LIBERAL COLOMBIANO;334
CHIQUIZA;Oscar Leonardo Avila Romero;PARTIDO LIBERAL COLOMBIANO;333
CHIQUIZA;Jaime Raul Salamanca Torres;PARTIDO ALIANZA VERDE;329
CHIQUIZA;Fabian Camilo Rojas Barrera;CR-NUEVO LIBERALISMO;238
CHIQUIZA;Pacto Histórico Boyacá;PACTO HISTÓRICO BOYACÁ;152
CHIQUIZA;Yamit Noe Hurtado Neira;PARTIDO ALIANZA VERDE;152
CHIQUIZA;Jairo Enrique Castiblanco Parra;PARTIDO DE LA U - PARTIDO MIRA;97
CHIQUIZA;Ramiro Barragan Adame;PARTIDO ALIANZA VERDE;83
CHIQUIZA;Diana Paola Herrera Nuñez;PARTIDO LIBERAL COLOMBIANO;47
CHIQUIZA;Partido Liberal Colombiano;PARTIDO LIBERAL COLOMBIANO;40
CHIQUIZA;Partido Alianza Verde;PARTIDO ALIANZA VERDE;33
CHIQUIZA;Vicente Anibal Ojeda Martinez;CR-NUEVO LIBERALISMO;28
CHIQUIZA;Hector Josue Camacho Acosta;CR-NUEVO LIBERALISMO;22
CHIQUIZA;Cr-Nuevo Liberalismo;CR-NUEVO LIBERALISMO;14
CHIQUIZA;Hernel David Ortega Gomez;PARTIDO CONSERVADOR - MOVIMIENTO SALVACIÓN NACIONAL;12
CHIQUIZA;Partido Centro Democrático;PARTIDO CENTRO DEMOCRÁTICO;12
CHIQUIZA;Vivian Andrea Nieto Florez;PARTIDO ALIANZA VERDE;12
CHIQUIZA;Eduar Alexis Triana Rincon;PARTIDO CENTRO DEMOCRÁTICO;11
CHIQUIZA;Jicly Esgardo Mutis Isaza;PARTIDO CENTRO DEMOCRÁTICO;11
CHIQUIZA;Adelinda Numpaque Sarmiento;PARTIDO ALIANZA VERDE;10
CHIQUIZA;Camilo Andres Caicedo Silva;PARTIDO LIBERAL COLOMBIANO;10
CHIQUIZA;Nubia Jacqueline Caro Perez;PARTIDO LIBERAL COLOMBIANO;9
CHIQUIZA;Jose Dario Mahecha Castillo;PARTIDO CONSERVADOR - MOVIMIENTO SALVACIÓN NACIONAL;8
CHIQUIZA;Nicolas Felipe Urbano Villamil;PARTIDO LIBERAL COLOMBIANO;8
CHIQUIZA;Nadia Alexandra Carreño Avella;CR-NUEVO LIBERALISMO;7
CHIQUIZA;William Donato Gomez;PARTIDO ALIANZA VERDE;5
CHIQUIZA;Fredy Alexander Garzon Rojas;PARTIDO CENTRO DEMOCRÁTICO;4
CHIQUIZA;Ingrid Marlen Sogamoso Alfonso;PARTIDO CONSERVADOR - MOVIMIENTO SALVACIÓN NACIONAL;4
CHIQUIZA;Oscar Yovany Montenegro Salcedo;CR-NUEVO LIBERALISMO;4
CHIQUIZA;Wilder Ivan Suesca Ochoa;PARTIDO CONSERVADOR - MOVIMIENTO SALVACIÓN NACIONAL;4
CHIQUIZA;Alma - Oxígeno;ALMA - OXÍGENO;3
CHIQUIZA;Eduardo David Suarez Moreno;ALMA - OXÍGENO;3
CHIQUIZA;Estefania Arenilla Guerra;CONSEJO COMUNITARIO VEREDAS UNIDAS POR UN BIEN COMÚN;3
CHIQUIZA;Graciela Ramirez Monroy;PARTIDO POLÍTICO DIGNIDAD & COMPROMISO;3
CHIQUIZA;John Alberto Moreno Galindo;PARTIDO CONSERVADOR - MOVIMIENTO SALVACIÓN NACIONAL;3
CHIQUIZA;Partido Conservador - Movimiento Salvación Naciona L;PARTIDO CONSERVADOR - MOVIMIENTO SALVACIÓN NACIONAL;3
CHIQUIZA;Delci Del Carmen Urbano;PARTIDO CENTRO DEMOCRÁTICO;2
CHIQUIZA;Giovanny Andres Gomez Palomino;ALMA - OXÍGENO;2
CHIQUIZA;Jhonatan David Holguin Cruz;PARTIDO CENTRO DEMOCRÁTICO;2
CHIQUIZA;Laura Cristina Monroy Bayona;CR-NUEVO LIBERALISMO;2
CHIQUIZA;Nancy Yaneth Zapata Pachon;PARTIDO DE LA U - PARTIDO MIRA;2
CHIQUIZA;Olga Lucia Cruz Cuevas;ALMA - OXÍGENO;2
CHIQUIZA;Partido De La U - Partido Mira;PARTIDO DE LA U - PARTIDO MIRA;2
CHIQUIZA;Ricardo Antonio Agudelo Guiza;ALMA - OXÍGENO;2
CHIQUIZA;Yury Neill Diaz Aranguren;PARTIDO DE LA U - PARTIDO MIRA;2
CHIQUIZA;Camilo Obando Angulo;CONSEJO COMUNITARIO VEREDAS UNIDAS POR UN BIEN COMÚN;1
CHIQUIZA;Carolina Geiringer Ortega;ALMA - OXÍGENO;1
CHIQUIZA;Consejo Comunitario Veredas Unidas Por Un Bien Com Ún;CONSEJO COMUNITARIO VEREDAS UNIDAS POR UN BIEN COMÚN;1
CHIQUIZA;Fundación Artística Cultural Salsa Y Rumba;FUNDACIÓN ARTÍSTICA CULTURAL SALSA Y RUMBA;1
CHIQUIZA;Humphrey Roa Sarmiento;PARTIDO DE LA U - PARTIDO MIRA;1
CHIQUIZA;Javier Araque Elaica;PARTIDO POLÍTICO DIGNIDAD & COMPROMISO;1
CHIQUIZA;Kenda Lucia Caldera Garavito;PARTIDO CENTRO DEMOCRÁTICO;1
CHIQUIZA;Layoneth Grandas Villamil;PARTIDO POLÍTICO DIGNIDAD & COMPROMISO;1
CHIQUIZA;Libi Puerto Granados;PARTIDO DE LA U - PARTIDO MIRA;1
CHIQUIZA;Partido Político Dignidad & Compromiso;PARTIDO POLÍTICO DIGNIDAD & COMPROMISO;1
CHISCAS;Camilo Andres Caicedo Silva;PARTIDO LIBERAL COLOMBIANO;562
CHISCAS;Ramiro Barragan Adame;PARTIDO ALIANZA VERDE;104
CHISCAS;Jaime Raul Salamanca Torres;PARTIDO ALIANZA VERDE;95
CHISCAS;Partido Centro Democrático;PARTIDO CENTRO DEMOCRÁTICO;55
CHISCAS;Fabian Camilo Rojas Barrera;CR-NUEVO LIBERALISMO;44
CHISCAS;Jairo Enrique Castiblanco Parra;PARTIDO DE LA U - PARTIDO MIRA;41
CHISCAS;Pacto Histórico Boyacá;PACTO HISTÓRICO BOYACÁ;39
CHISCAS;Partido Liberal Colombiano;PARTIDO LIBERAL COLOMBIANO;34
CHISCAS;Kenda Lucia Caldera Garavito;PARTIDO CENTRO DEMOCRÁTICO;28
CHISCAS;Hector David Chaparro Chaparro;PARTIDO LIBERAL COLOMBIANO;22
CHISCAS;Vicente Anibal Ojeda Martinez;CR-NUEVO LIBERALISMO;21
CHISCAS;Partido Alianza Verde;PARTIDO ALIANZA VERDE;20
CHISCAS;Adelinda Numpaque Sarmiento;PARTIDO ALIANZA VERDE;18
CHISCAS;Eduar Alexis Triana Rincon;PARTIDO CENTRO DEMOCRÁTICO;17
CHISCAS;Hector Josue Camacho Acosta;CR-NUEVO LIBERALISMO;17
CHISCAS;Delci Del Carmen Urbano;PARTIDO CENTRO DEMOCRÁTICO;12
CHISCAS;Jicly Esgardo Mutis Isaza;PARTIDO CENTRO DEMOCRÁTICO;12
CHISCAS;Yamit Noe Hurtado Neira;PARTIDO ALIANZA VERDE;12
CHISCAS;Oscar Leonardo Avila Romero;PARTIDO LIBERAL COLOMBIANO;11
CHISCAS;Partido Conservador - Movimiento Salvación Naciona L;PARTIDO CONSERVADOR - MOVIMIENTO SALVACIÓN NACIONAL;7
CHISCAS;Cr-Nuevo Liberalismo;CR-NUEVO LIBERALISMO;6
CHISCAS;Diana Paola Herrera Nuñez;PARTIDO LIBERAL COLOMBIANO;4
CHISCAS;Fredy Alexander Garzon Rojas;PARTIDO CENTRO DEMOCRÁTICO;4
CHISCAS;Laura Cristina Monroy Bayona;CR-NUEVO LIBERALISMO;4
CHISCAS;Nadia Alexandra Carreño Avella;CR-NUEVO LIBERALISMO;4
CHISCAS;Nubia Jacqueline Caro Perez;PARTIDO LIBERAL COLOMBIANO;4
CHISCAS;John Alberto Moreno Galindo;PARTIDO CONSERVADOR - MOVIMIENTO SALVACIÓN NACIONAL;3
CHISCAS;Jose Dario Mahecha Castillo;PARTIDO CONSERVADOR - MOVIMIENTO SALVACIÓN NACIONAL;3
CHISCAS;Vivian Andrea Nieto Florez;PARTIDO ALIANZA VERDE;3
CHISCAS;Alma - Oxígeno;ALMA - OXÍGENO;2
CHISCAS;Carolina Geiringer Ortega;ALMA - OXÍGENO;2
CHISCAS;Nancy Yaneth Zapata Pachon;PARTIDO DE LA U - PARTIDO MIRA;2
CHISCAS;Nicolas Felipe Urbano Villamil;PARTIDO LIBERAL COLOMBIANO;2
CHISCAS;Giovanny Andres Gomez Palomino;ALMA - OXÍGENO;1
CHISCAS;Hernel David Ortega Gomez;PARTIDO CONSERVADOR - MOVIMIENTO SALVACIÓN NACIONAL;1
CHISCAS;Jhonatan David Holguin Cruz;PARTIDO CENTRO DEMOCRÁTICO;1
CHISCAS;Jose De Los Angeles Fernandez Palacios;PARTIDO POLÍTICO DIGNIDAD & COMPROMISO;1
CHISCAS;Partido Político Dignidad & Compromiso;PARTIDO POLÍTICO DIGNIDAD & COMPROMISO;1
CHISCAS;William Donato Gomez;PARTIDO ALIANZA VERDE;1
CHITA;Ramiro Barragan Adame;PARTIDO ALIANZA VERDE;253
CHITA;Partido Centro Democrático;PARTIDO CENTRO DEMOCRÁTICO;245
CHITA;Jaime Raul Salamanca Torres;PARTIDO ALIANZA VERDE;169
CHITA;Jicly Esgardo Mutis Isaza;PARTIDO CENTRO DEMOCRÁTICO;149
CHITA;Pacto Histórico Boyacá;PACTO HISTÓRICO BOYACÁ;149
CHITA;Jairo Enrique Castiblanco Parra;PARTIDO DE LA U - PARTIDO MIRA;112
CHITA;Ingrid Marlen Sogamoso Alfonso;PARTIDO CONSERVADOR - MOVIMIENTO SALVACIÓN NACIONAL;96
CHITA;Oscar Leonardo Avila Romero;PARTIDO LIBERAL COLOMBIANO;93
CHITA;Wilder Ivan Suesca Ochoa;PARTIDO CONSERVADOR - MOVIMIENTO SALVACIÓN NACIONAL;86
CHITA;Fabian Camilo Rojas Barrera;CR-NUEVO LIBERALISMO;70
CHITA;Yamit Noe Hurtado Neira;PARTIDO ALIANZA VERDE;64
CHITA;Partido Alianza Verde;PARTIDO ALIANZA VERDE;55
CHITA;Eduar Alexis Triana Rincon;PARTIDO CENTRO DEMOCRÁTICO;52
CHITA;Partido Conservador - Movimiento Salvación Naciona L;PARTIDO CONSERVADOR - MOVIMIENTO SALVACIÓN NACIONAL;52
CHITA;Delci Del Carmen Urbano;PARTIDO CENTRO DEMOCRÁTICO;43
CHITA;Hector David Chaparro Chaparro;PARTIDO LIBERAL COLOMBIANO;40
CHITA;Gloria Cecilia Palacios Guastar;PARTIDO CONSERVADOR - MOVIMIENTO SALVACIÓN NACIONAL;39
CHITA;Jose Dario Mahecha Castillo;PARTIDO CONSERVADOR - MOVIMIENTO SALVACIÓN NACIONAL;32
CHITA;Diana Paola Herrera Nuñez;PARTIDO LIBERAL COLOMBIANO;28
CHITA;Fredy Alexander Garzon Rojas;PARTIDO CENTRO DEMOCRÁTICO;27
CHITA;Kenda Lucia Caldera Garavito;PARTIDO CENTRO DEMOCRÁTICO;24
CHITA;Hernel David Ortega Gomez;PARTIDO CONSERVADOR - MOVIMIENTO SALVACIÓN NACIONAL;16
CHITA;William Donato Gomez;PARTIDO ALIANZA VERDE;16
CHITA;Jhonatan David Holguin Cruz;PARTIDO CENTRO DEMOCRÁTICO;10
CHITA;Camilo Andres Caicedo Silva;PARTIDO LIBERAL COLOMBIANO;8
CHITA;Vivian Andrea Nieto Florez;PARTIDO ALIANZA VERDE;8
CHITA;Eduardo David Suarez Moreno;ALMA - OXÍGENO;7
CHITA;Adelinda Numpaque Sarmiento;PARTIDO ALIANZA VERDE;6
CHITA;John Alberto Moreno Galindo;PARTIDO CONSERVADOR - MOVIMIENTO SALVACIÓN NACIONAL;6
CHITA;Nicolas Felipe Urbano Villamil;PARTIDO LIBERAL COLOMBIANO;6
CHITA;Partido Liberal Colombiano;PARTIDO LIBERAL COLOMBIANO;6
CHITA;Hector Josue Camacho Acosta;CR-NUEVO LIBERALISMO;4
CHITA;Laura Cristina Monroy Bayona;CR-NUEVO LIBERALISMO;4
CHITA;Giovanny Andres Gomez Palomino;ALMA - OXÍGENO;3
CHITA;Nadia Alexandra Carreño Avella;CR-NUEVO LIBERALISMO;3
CHITA;Partido De La U - Partido Mira;PARTIDO DE LA U - PARTIDO MIRA;3
CHITA;Ricardo Antonio Agudelo Guiza;ALMA - OXÍGENO;3
CHITA;Consejo Comunitario El Naranjo;CONSEJO COMUNITARIO EL NARANJO;2
CHITA;Edgar Fernando Farfan Corzo;PARTIDO POLÍTICO DIGNIDAD & COMPROMISO;2
CHITA;Javier Araque Elaica;PARTIDO POLÍTICO DIGNIDAD & COMPROMISO;2
CHITA;Nancy Yaneth Zapata Pachon;PARTIDO DE LA U - PARTIDO MIRA;2
CHITA;Olga Lucia Cruz Cuevas;ALMA - OXÍGENO;2
CHITA;Oscar Yovany Montenegro Salcedo;CR-NUEVO LIBERALISMO;2
CHITA;Rumaldo Rojas Ramirez;ALMA - OXÍGENO;2
CHITA;Vicente Anibal Ojeda Martinez;CR-NUEVO LIBERALISMO;2
CHITA;Alma - Oxígeno;ALMA - OXÍGENO;1
CHITA;Carolina Geiringer Ortega;ALMA - OXÍGENO;1
CHITA;Cr-Nuevo Liberalismo;CR-NUEVO LIBERALISMO;1
CHITA;Graciela Ramirez Monroy;PARTIDO POLÍTICO DIGNIDAD & COMPROMISO;1
CHITA;Humphrey Roa Sarmiento;PARTIDO DE LA U - PARTIDO MIRA;1
CHITA;Jorge Eliecer Garces Florez;CONSEJO COMUNITARIO DE LA COMUNIDAD NEGRA DE LIMONES;1
CHITA;Partido Político Dignidad & Compromiso;PARTIDO POLÍTICO DIGNIDAD & COMPROMISO;1
CHITARAQUE;Yamit Noe Hurtado Neira;PARTIDO ALIANZA VERDE;579
CHITARAQUE;Eduar Alexis Triana Rincon;PARTIDO CENTRO DEMOCRÁTICO;565
CHITARAQUE;Pacto Histórico Boyacá;PACTO HISTÓRICO BOYACÁ;152
CHITARAQUE;Hector David Chaparro Chaparro;PARTIDO LIBERAL COLOMBIANO;130
CHITARAQUE;Partido Centro Democrático;PARTIDO CENTRO DEMOCRÁTICO;79
CHITARAQUE;Jicly Esgardo Mutis Isaza;PARTIDO CENTRO DEMOCRÁTICO;59
CHITARAQUE;Jaime Raul Salamanca Torres;PARTIDO ALIANZA VERDE;47
CHITARAQUE;Ramiro Barragan Adame;PARTIDO ALIANZA VERDE;42
CHITARAQUE;Partido Alianza Verde;PARTIDO ALIANZA VERDE;40
CHITARAQUE;Fabian Camilo Rojas Barrera;CR-NUEVO LIBERALISMO;38
CHITARAQUE;Oscar Yovany Montenegro Salcedo;CR-NUEVO LIBERALISMO;37
CHITARAQUE;Jairo Enrique Castiblanco Parra;PARTIDO DE LA U - PARTIDO MIRA;31
CHITARAQUE;Fredy Alexander Garzon Rojas;PARTIDO CENTRO DEMOCRÁTICO;21
CHITARAQUE;Delci Del Carmen Urbano;PARTIDO CENTRO DEMOCRÁTICO;18
CHITARAQUE;Diana Paola Herrera Nuñez;PARTIDO LIBERAL COLOMBIANO;18
CHITARAQUE;Vivian Andrea Nieto Florez;PARTIDO ALIANZA VERDE;17
CHITARAQUE;Partido Conservador - Movimiento Salvación Naciona L;PARTIDO CONSERVADOR - MOVIMIENTO SALVACIÓN NACIONAL;14
CHITARAQUE;Hernel David Ortega Gomez;PARTIDO CONSERVADOR - MOVIMIENTO SALVACIÓN NACIONAL;13
CHITARAQUE;Oscar Leonardo Avila Romero;PARTIDO LIBERAL COLOMBIANO;13
CHITARAQUE;Jhonatan David Holguin Cruz;PARTIDO CENTRO DEMOCRÁTICO;11
CHITARAQUE;Nicolas Felipe Urbano Villamil;PARTIDO LIBERAL COLOMBIANO;10
CHITARAQUE;Ingrid Marlen Sogamoso Alfonso;PARTIDO CONSERVADOR - MOVIMIENTO SALVACIÓN NACIONAL;9
CHITARAQUE;Partido Liberal Colombiano;PARTIDO LIBERAL COLOMBIANO;9
CHITARAQUE;Cr-Nuevo Liberalismo;CR-NUEVO LIBERALISMO;8
CHITARAQUE;Nancy Yaneth Zapata Pachon;PARTIDO DE LA U - PARTIDO MIRA;8
CHITARAQUE;John Alberto Moreno Galindo;PARTIDO CONSERVADOR - MOVIMIENTO SALVACIÓN NACIONAL;7
CHITARAQUE;Olga Lucia Cruz Cuevas;ALMA - OXÍGENO;7
CHITARAQUE;Adelinda Numpaque Sarmiento;PARTIDO ALIANZA VERDE;6
CHITARAQUE;Hector Josue Camacho Acosta;CR-NUEVO LIBERALISMO;6
CHITARAQUE;Humphrey Roa Sarmiento;PARTIDO DE LA U - PARTIDO MIRA;6
CHITARAQUE;Jose Dario Mahecha Castillo;PARTIDO CONSERVADOR - MOVIMIENTO SALVACIÓN NACIONAL;6
CHITARAQUE;Camilo Andres Caicedo Silva;PARTIDO LIBERAL COLOMBIANO;5
CHITARAQUE;Nadia Alexandra Carreño Avella;CR-NUEVO LIBERALISMO;5
CHITARAQUE;Wilder Ivan Suesca Ochoa;PARTIDO CONSERVADOR - MOVIMIENTO SALVACIÓN NACIONAL;5
CHITARAQUE;William Donato Gomez;PARTIDO ALIANZA VERDE;5
CHITARAQUE;Alma - Oxígeno;ALMA - OXÍGENO;4
CHITARAQUE;Laura Cristina Monroy Bayona;CR-NUEVO LIBERALISMO;4
CHITARAQUE;Ricardo Antonio Agudelo Guiza;ALMA - OXÍGENO;4
CHITARAQUE;Giovanny Andres Gomez Palomino;ALMA - OXÍGENO;3
CHITARAQUE;Kenda Lucia Caldera Garavito;PARTIDO CENTRO DEMOCRÁTICO;3
CHITARAQUE;Vicente Anibal Ojeda Martinez;CR-NUEVO LIBERALISMO;3
CHITARAQUE;Gloria Cecilia Palacios Guastar;PARTIDO CONSERVADOR - MOVIMIENTO SALVACIÓN NACIONAL;2
CHITARAQUE;Graciela Ramirez Monroy;PARTIDO POLÍTICO DIGNIDAD & COMPROMISO;2
CHITARAQUE;Manuel Steven Alvarez Pulido;PARTIDO DE LA U - PARTIDO MIRA;2
CHITARAQUE;Partido De La U - Partido Mira;PARTIDO DE LA U - PARTIDO MIRA;2
CHITARAQUE;Carlos Mario Calvo Largo;MOVIMIENTO UNIDAD EN MINGA POR COLOMBIA;1
CHITARAQUE;Carolina Geiringer Ortega;ALMA - OXÍGENO;1
CHITARAQUE;Consejo Comunitario El Naranjo;CONSEJO COMUNITARIO EL NARANJO;1
CHITARAQUE;Cristianos Por Colombia Afros;CRISTIANOS POR COLOMBIA AFROS;1
CHITARAQUE;Eduardo David Suarez Moreno;ALMA - OXÍGENO;1
CHITARAQUE;Layoneth Grandas Villamil;PARTIDO POLÍTICO DIGNIDAD & COMPROMISO;1
CHITARAQUE;Nubia Jacqueline Caro Perez;PARTIDO LIBERAL COLOMBIANO;1
CHITARAQUE;Partido Político Dignidad & Compromiso;PARTIDO POLÍTICO DIGNIDAD & COMPROMISO;1
CHIVATA;Wilder Ivan Suesca Ochoa;PARTIDO CONSERVADOR - MOVIMIENTO SALVACIÓN NACIONAL;300
CHIVATA;Yamit Noe Hurtado Neira;PARTIDO ALIANZA VERDE;262
CHIVATA;Pacto Histórico Boyacá;PACTO HISTÓRICO BOYACÁ;186
CHIVATA;Ramiro Barragan Adame;PARTIDO ALIANZA VERDE;163
CHIVATA;Adelinda Numpaque Sarmiento;PARTIDO ALIANZA VERDE;117
CHIVATA;Jaime Raul Salamanca Torres;PARTIDO ALIANZA VERDE;117
CHIVATA;Jose Dario Mahecha Castillo;PARTIDO CONSERVADOR - MOVIMIENTO SALVACIÓN NACIONAL;89
CHIVATA;Ingrid Marlen Sogamoso Alfonso;PARTIDO CONSERVADOR - MOVIMIENTO SALVACIÓN NACIONAL;87
CHIVATA;Oscar Leonardo Avila Romero;PARTIDO LIBERAL COLOMBIANO;52
CHIVATA;Partido Alianza Verde;PARTIDO ALIANZA VERDE;38
CHIVATA;Jairo Enrique Castiblanco Parra;PARTIDO DE LA U - PARTIDO MIRA;32
CHIVATA;Partido Centro Democrático;PARTIDO CENTRO DEMOCRÁTICO;29
CHIVATA;Diana Paola Herrera Nuñez;PARTIDO LIBERAL COLOMBIANO;24
CHIVATA;Hector Josue Camacho Acosta;CR-NUEVO LIBERALISMO;24
CHIVATA;Fabian Camilo Rojas Barrera;CR-NUEVO LIBERALISMO;23
CHIVATA;Partido Conservador - Movimiento Salvación Naciona L;PARTIDO CONSERVADOR - MOVIMIENTO SALVACIÓN NACIONAL;21
CHIVATA;Fredy Alexander Garzon Rojas;PARTIDO CENTRO DEMOCRÁTICO;16
CHIVATA;Hector David Chaparro Chaparro;PARTIDO LIBERAL COLOMBIANO;16
CHIVATA;Jicly Esgardo Mutis Isaza;PARTIDO CENTRO DEMOCRÁTICO;14
CHIVATA;Hernel David Ortega Gomez;PARTIDO CONSERVADOR - MOVIMIENTO SALVACIÓN NACIONAL;12
CHIVATA;Laura Cristina Monroy Bayona;CR-NUEVO LIBERALISMO;11
CHIVATA;Vivian Andrea Nieto Florez;PARTIDO ALIANZA VERDE;10
CHIVATA;Eduar Alexis Triana Rincon;PARTIDO CENTRO DEMOCRÁTICO;9
CHIVATA;Oscar Yovany Montenegro Salcedo;CR-NUEVO LIBERALISMO;9
CHIVATA;Delci Del Carmen Urbano;PARTIDO CENTRO DEMOCRÁTICO;8
CHIVATA;John Alberto Moreno Galindo;PARTIDO CONSERVADOR - MOVIMIENTO SALVACIÓN NACIONAL;8
CHIVATA;Gloria Cecilia Palacios Guastar;PARTIDO CONSERVADOR - MOVIMIENTO SALVACIÓN NACIONAL;7
CHIVATA;Jhonatan David Holguin Cruz;PARTIDO CENTRO DEMOCRÁTICO;7
CHIVATA;Nancy Yaneth Zapata Pachon;PARTIDO DE LA U - PARTIDO MIRA;7
CHIVATA;Ricardo Antonio Agudelo Guiza;ALMA - OXÍGENO;7
CHIVATA;Vicente Anibal Ojeda Martinez;CR-NUEVO LIBERALISMO;7
CHIVATA;Yury Neill Diaz Aranguren;PARTIDO DE LA U - PARTIDO MIRA;7
CHIVATA;Javier Araque Elaica;PARTIDO POLÍTICO DIGNIDAD & COMPROMISO;5
CHIVATA;Nicolas Felipe Urbano Villamil;PARTIDO LIBERAL COLOMBIANO;5
CHIVATA;Partido Liberal Colombiano;PARTIDO LIBERAL COLOMBIANO;5
CHIVATA;William Donato Gomez;PARTIDO ALIANZA VERDE;4
CHIVATA;Camilo Andres Caicedo Silva;PARTIDO LIBERAL COLOMBIANO;3
CHIVATA;Cr-Nuevo Liberalismo;CR-NUEVO LIBERALISMO;3
CHIVATA;Nadia Alexandra Carreño Avella;CR-NUEVO LIBERALISMO;3
CHIVATA;Alma - Oxígeno;ALMA - OXÍGENO;2
CHIVATA;Carolina Geiringer Ortega;ALMA - OXÍGENO;2
CHIVATA;Eduardo David Suarez Moreno;ALMA - OXÍGENO;2
CHIVATA;Giovanny Andres Gomez Palomino;ALMA - OXÍGENO;2
CHIVATA;Kenda Lucia Caldera Garavito;PARTIDO CENTRO DEMOCRÁTICO;2
CHIVATA;Manuel Steven Alvarez Pulido;PARTIDO DE LA U - PARTIDO MIRA;2
CHIVATA;Consejo Comunitario La Gran Vía De Los Remedios;CONSEJO COMUNITARIO LA GRAN VÍA DE LOS REMEDIOS;1
CHIVATA;Consejo Comunitario Nueva Esperanza;CONSEJO COMUNITARIO NUEVA ESPERANZA;1
CHIVATA;Edgar Fernando Farfan Corzo;PARTIDO POLÍTICO DIGNIDAD & COMPROMISO;1
CHIVATA;Fundación Orsuba;FUNDACIÓN ORSUBA;1
CHIVATA;Graciela Ramirez Monroy;PARTIDO POLÍTICO DIGNIDAD & COMPROMISO;1
CHIVATA;Jose De Los Angeles Fernandez Palacios;PARTIDO POLÍTICO DIGNIDAD & COMPROMISO;1
CHIVATA;Libi Puerto Granados;PARTIDO DE LA U - PARTIDO MIRA;1
CHIVATA;Olga Lucia Cruz Cuevas;ALMA - OXÍGENO;1
CHIVATA;Olga Niño Rojas;PARTIDO POLÍTICO DIGNIDAD & COMPROMISO;1
CHIVATA;Partido De La U - Partido Mira;PARTIDO DE LA U - PARTIDO MIRA;1
CHIVATA;Partido Político Dignidad & Compromiso;PARTIDO POLÍTICO DIGNIDAD & COMPROMISO;1
CHIVATA;Rumaldo Rojas Ramirez;ALMA - OXÍGENO;1
CHIVOR;Eduar Alexis Triana Rincon;PARTIDO CENTRO DEMOCRÁTICO;259
CHIVOR;Ingrid Marlen Sogamoso Alfonso;PARTIDO CONSERVADOR - MOVIMIENTO SALVACIÓN NACIONAL;136
CHIVOR;Fabian Camilo Rojas Barrera;CR-NUEVO LIBERALISMO;41
CHIVOR;Pacto Histórico Boyacá;PACTO HISTÓRICO BOYACÁ;39
CHIVOR;Yamit Noe Hurtado Neira;PARTIDO ALIANZA VERDE;39
CHIVOR;Jaime Raul Salamanca Torres;PARTIDO ALIANZA VERDE;30
CHIVOR;Partido Centro Democrático;PARTIDO CENTRO DEMOCRÁTICO;27
CHIVOR;Oscar Yovany Montenegro Salcedo;CR-NUEVO LIBERALISMO;23
CHIVOR;Jose Dario Mahecha Castillo;PARTIDO CONSERVADOR - MOVIMIENTO SALVACIÓN NACIONAL;20
CHIVOR;Hernel David Ortega Gomez;PARTIDO CONSERVADOR - MOVIMIENTO SALVACIÓN NACIONAL;18
CHIVOR;Delci Del Carmen Urbano;PARTIDO CENTRO DEMOCRÁTICO;9
CHIVOR;Jicly Esgardo Mutis Isaza;PARTIDO CENTRO DEMOCRÁTICO;8
CHIVOR;Partido Conservador - Movimiento Salvación Naciona L;PARTIDO CONSERVADOR - MOVIMIENTO SALVACIÓN NACIONAL;8
CHIVOR;Ramiro Barragan Adame;PARTIDO ALIANZA VERDE;6
CHIVOR;Wilder Ivan Suesca Ochoa;PARTIDO CONSERVADOR - MOVIMIENTO SALVACIÓN NACIONAL;6
CHIVOR;Fredy Alexander Garzon Rojas;PARTIDO CENTRO DEMOCRÁTICO;5
CHIVOR;Hector Josue Camacho Acosta;CR-NUEVO LIBERALISMO;4
CHIVOR;Jhonatan David Holguin Cruz;PARTIDO CENTRO DEMOCRÁTICO;4
CHIVOR;Gloria Cecilia Palacios Guastar;PARTIDO CONSERVADOR - MOVIMIENTO SALVACIÓN NACIONAL;3
CHIVOR;Javier Araque Elaica;PARTIDO POLÍTICO DIGNIDAD & COMPROMISO;3
CHIVOR;Kenda Lucia Caldera Garavito;PARTIDO CENTRO DEMOCRÁTICO;3
CHIVOR;Olga Lucia Cruz Cuevas;ALMA - OXÍGENO;3
CHIVOR;Partido Alianza Verde;PARTIDO ALIANZA VERDE;3
CHIVOR;Vivian Andrea Nieto Florez;PARTIDO ALIANZA VERDE;3
CHIVOR;Cr-Nuevo Liberalismo;CR-NUEVO LIBERALISMO;2
CHIVOR;Humphrey Roa Sarmiento;PARTIDO DE LA U - PARTIDO MIRA;2
CHIVOR;Jairo Enrique Castiblanco Parra;PARTIDO DE LA U - PARTIDO MIRA;2
CHIVOR;Nadia Alexandra Carreño Avella;CR-NUEVO LIBERALISMO;2
CHIVOR;Nancy Yaneth Zapata Pachon;PARTIDO DE LA U - PARTIDO MIRA;2
CHIVOR;Adelinda Numpaque Sarmiento;PARTIDO ALIANZA VERDE;1
CHIVOR;Consejo Comunitario El Naranjo;CONSEJO COMUNITARIO EL NARANJO;1
CHIVOR;Eduardo David Suarez Moreno;ALMA - OXÍGENO;1
CHIVOR;Giovanny Andres Gomez Palomino;ALMA - OXÍGENO;1
CHIVOR;Graciela Ramirez Monroy;PARTIDO POLÍTICO DIGNIDAD & COMPROMISO;1
CHIVOR;Jose De Los Angeles Fernandez Palacios;PARTIDO POLÍTICO DIGNIDAD & COMPROMISO;1
CHIVOR;Libi Puerto Granados;PARTIDO DE LA U - PARTIDO MIRA;1
CHIVOR;Nicolas Felipe Urbano Villamil;PARTIDO LIBERAL COLOMBIANO;1
CHIVOR;Oscar Leonardo Avila Romero;PARTIDO LIBERAL COLOMBIANO;1
CIENEGA;Wilder Ivan Suesca Ochoa;PARTIDO CONSERVADOR - MOVIMIENTO SALVACIÓN NACIONAL;345
CIENEGA;Yamit Noe Hurtado Neira;PARTIDO ALIANZA VERDE;222
CIENEGA;Fabian Camilo Rojas Barrera;CR-NUEVO LIBERALISMO;122
CIENEGA;Ingrid Marlen Sogamoso Alfonso;PARTIDO CONSERVADOR - MOVIMIENTO SALVACIÓN NACIONAL;103
CIENEGA;Pacto Histórico Boyacá;PACTO HISTÓRICO BOYACÁ;96
CIENEGA;Nubia Jacqueline Caro Perez;PARTIDO LIBERAL COLOMBIANO;67
CIENEGA;Jicly Esgardo Mutis Isaza;PARTIDO CENTRO DEMOCRÁTICO;66
CIENEGA;Jaime Raul Salamanca Torres;PARTIDO ALIANZA VERDE;57
CIENEGA;Partido Centro Democrático;PARTIDO CENTRO DEMOCRÁTICO;53
CIENEGA;Jose Dario Mahecha Castillo;PARTIDO CONSERVADOR - MOVIMIENTO SALVACIÓN NACIONAL;50
CIENEGA;Partido Alianza Verde;PARTIDO ALIANZA VERDE;42
CIENEGA;Partido Conservador - Movimiento Salvación Naciona L;PARTIDO CONSERVADOR - MOVIMIENTO SALVACIÓN NACIONAL;32
CIENEGA;Ramiro Barragan Adame;PARTIDO ALIANZA VERDE;30
CIENEGA;Eduar Alexis Triana Rincon;PARTIDO CENTRO DEMOCRÁTICO;25
CIENEGA;Hector David Chaparro Chaparro;PARTIDO LIBERAL COLOMBIANO;17
CIENEGA;Fredy Alexander Garzon Rojas;PARTIDO CENTRO DEMOCRÁTICO;16
CIENEGA;Vivian Andrea Nieto Florez;PARTIDO ALIANZA VERDE;16
CIENEGA;Adelinda Numpaque Sarmiento;PARTIDO ALIANZA VERDE;11
CIENEGA;Delci Del Carmen Urbano;PARTIDO CENTRO DEMOCRÁTICO;11
CIENEGA;Oscar Yovany Montenegro Salcedo;CR-NUEVO LIBERALISMO;11
CIENEGA;Humphrey Roa Sarmiento;PARTIDO DE LA U - PARTIDO MIRA;10
CIENEGA;Oscar Leonardo Avila Romero;PARTIDO LIBERAL COLOMBIANO;9
CIENEGA;Diana Paola Herrera Nuñez;PARTIDO LIBERAL COLOMBIANO;6
CIENEGA;Hernel David Ortega Gomez;PARTIDO CONSERVADOR - MOVIMIENTO SALVACIÓN NACIONAL;6
CIENEGA;Jairo Enrique Castiblanco Parra;PARTIDO DE LA U - PARTIDO MIRA;6
CIENEGA;Jhonatan David Holguin Cruz;PARTIDO CENTRO DEMOCRÁTICO;6
CIENEGA;John Alberto Moreno Galindo;PARTIDO CONSERVADOR - MOVIMIENTO SALVACIÓN NACIONAL;6
CIENEGA;Ricardo Antonio Agudelo Guiza;ALMA - OXÍGENO;6
CIENEGA;William Donato Gomez;PARTIDO ALIANZA VERDE;6
CIENEGA;Gloria Cecilia Palacios Guastar;PARTIDO CONSERVADOR - MOVIMIENTO SALVACIÓN NACIONAL;5
CIENEGA;Nadia Alexandra Carreño Avella;CR-NUEVO LIBERALISMO;5
CIENEGA;Edgar Fernando Farfan Corzo;PARTIDO POLÍTICO DIGNIDAD & COMPROMISO;4
CIENEGA;Giovanny Andres Gomez Palomino;ALMA - OXÍGENO;3
CIENEGA;Hector Josue Camacho Acosta;CR-NUEVO LIBERALISMO;3
CIENEGA;Partido Liberal Colombiano;PARTIDO LIBERAL COLOMBIANO;3
CIENEGA;Vicente Anibal Ojeda Martinez;CR-NUEVO LIBERALISMO;3
CIENEGA;Yury Neill Diaz Aranguren;PARTIDO DE LA U - PARTIDO MIRA;3
CIENEGA;Camilo Andres Caicedo Silva;PARTIDO LIBERAL COLOMBIANO;2
CIENEGA;Kenda Lucia Caldera Garavito;PARTIDO CENTRO DEMOCRÁTICO;2
CIENEGA;Nicolas Felipe Urbano Villamil;PARTIDO LIBERAL COLOMBIANO;2
CIENEGA;Olga Lucia Cruz Cuevas;ALMA - OXÍGENO;2
CIENEGA;Alma - Oxígeno;ALMA - OXÍGENO;1
CIENEGA;Carolina Geiringer Ortega;ALMA - OXÍGENO;1
CIENEGA;Cr-Nuevo Liberalismo;CR-NUEVO LIBERALISMO;1
CIENEGA;Eduardo David Suarez Moreno;ALMA - OXÍGENO;1
CIENEGA;Jose De Los Angeles Fernandez Palacios;PARTIDO POLÍTICO DIGNIDAD & COMPROMISO;1
CIENEGA;Layoneth Grandas Villamil;PARTIDO POLÍTICO DIGNIDAD & COMPROMISO;1
CIENEGA;Nancy Yaneth Zapata Pachon;PARTIDO DE LA U - PARTIDO MIRA;1
CIENEGA;Partido De La U - Partido Mira;PARTIDO DE LA U - PARTIDO MIRA;1
CIENEGA;Rumaldo Rojas Ramirez;ALMA - OXÍGENO;1
COMBITA;Oscar Leonardo Avila Romero;PARTIDO LIBERAL COLOMBIANO;2284
COMBITA;Pacto Histórico Boyacá;PACTO HISTÓRICO BOYACÁ;522
COMBITA;Jaime Raul Salamanca Torres;PARTIDO ALIANZA VERDE;514
COMBITA;Ramiro Barragan Adame;PARTIDO ALIANZA VERDE;371
COMBITA;Wilder Ivan Suesca Ochoa;PARTIDO CONSERVADOR - MOVIMIENTO SALVACIÓN NACIONAL;240
COMBITA;Fabian Camilo Rojas Barrera;CR-NUEVO LIBERALISMO;234
COMBITA;Yamit Noe Hurtado Neira;PARTIDO ALIANZA VERDE;154
COMBITA;Hector David Chaparro Chaparro;PARTIDO LIBERAL COLOMBIANO;153
COMBITA;Diana Paola Herrera Nuñez;PARTIDO LIBERAL COLOMBIANO;86
COMBITA;Eduar Alexis Triana Rincon;PARTIDO CENTRO DEMOCRÁTICO;79
COMBITA;Partido Liberal Colombiano;PARTIDO LIBERAL COLOMBIANO;54
COMBITA;Partido Centro Democrático;PARTIDO CENTRO DEMOCRÁTICO;53
COMBITA;Hector Josue Camacho Acosta;CR-NUEVO LIBERALISMO;43
COMBITA;Partido Alianza Verde;PARTIDO ALIANZA VERDE;38
COMBITA;Ingrid Marlen Sogamoso Alfonso;PARTIDO CONSERVADOR - MOVIMIENTO SALVACIÓN NACIONAL;37
COMBITA;Jairo Enrique Castiblanco Parra;PARTIDO DE LA U - PARTIDO MIRA;36
COMBITA;Jicly Esgardo Mutis Isaza;PARTIDO CENTRO DEMOCRÁTICO;36
COMBITA;Nadia Alexandra Carreño Avella;CR-NUEVO LIBERALISMO;35
COMBITA;Vivian Andrea Nieto Florez;PARTIDO ALIANZA VERDE;34
COMBITA;Adelinda Numpaque Sarmiento;PARTIDO ALIANZA VERDE;33
COMBITA;Jose Dario Mahecha Castillo;PARTIDO CONSERVADOR - MOVIMIENTO SALVACIÓN NACIONAL;30
COMBITA;Vicente Anibal Ojeda Martinez;CR-NUEVO LIBERALISMO;21
COMBITA;Nicolas Felipe Urbano Villamil;PARTIDO LIBERAL COLOMBIANO;20
COMBITA;Camilo Andres Caicedo Silva;PARTIDO LIBERAL COLOMBIANO;19
COMBITA;Hernel David Ortega Gomez;PARTIDO CONSERVADOR - MOVIMIENTO SALVACIÓN NACIONAL;19
COMBITA;Delci Del Carmen Urbano;PARTIDO CENTRO DEMOCRÁTICO;18
COMBITA;Fredy Alexander Garzon Rojas;PARTIDO CENTRO DEMOCRÁTICO;18
COMBITA;Nancy Yaneth Zapata Pachon;PARTIDO DE LA U - PARTIDO MIRA;18
COMBITA;Partido Conservador - Movimiento Salvación Naciona L;PARTIDO CONSERVADOR - MOVIMIENTO SALVACIÓN NACIONAL;17
COMBITA;Javier Araque Elaica;PARTIDO POLÍTICO DIGNIDAD & COMPROMISO;16
COMBITA;John Alberto Moreno Galindo;PARTIDO CONSERVADOR - MOVIMIENTO SALVACIÓN NACIONAL;12
COMBITA;Consejo Comunitario El Naranjo;CONSEJO COMUNITARIO EL NARANJO;10
COMBITA;Graciela Ramirez Monroy;PARTIDO POLÍTICO DIGNIDAD & COMPROMISO;10
COMBITA;Nubia Jacqueline Caro Perez;PARTIDO LIBERAL COLOMBIANO;10
COMBITA;Oscar Yovany Montenegro Salcedo;CR-NUEVO LIBERALISMO;10
COMBITA;Eduardo David Suarez Moreno;ALMA - OXÍGENO;9
COMBITA;Laura Cristina Monroy Bayona;CR-NUEVO LIBERALISMO;8
COMBITA;Yury Neill Diaz Aranguren;PARTIDO DE LA U - PARTIDO MIRA;8
COMBITA;Jhonatan David Holguin Cruz;PARTIDO CENTRO DEMOCRÁTICO;6
COMBITA;Gloria Cecilia Palacios Guastar;PARTIDO CONSERVADOR - MOVIMIENTO SALVACIÓN NACIONAL;5
COMBITA;Kenda Lucia Caldera Garavito;PARTIDO CENTRO DEMOCRÁTICO;5
COMBITA;Alma - Oxígeno;ALMA - OXÍGENO;4
COMBITA;Cr-Nuevo Liberalismo;CR-NUEVO LIBERALISMO;4
COMBITA;Olga Lucia Cruz Cuevas;ALMA - OXÍGENO;4
COMBITA;Consejo Comunitario La Gran Vía De Los Remedios;CONSEJO COMUNITARIO LA GRAN VÍA DE LOS REMEDIOS;3
COMBITA;Humphrey Roa Sarmiento;PARTIDO DE LA U - PARTIDO MIRA;3
COMBITA;William Donato Gomez;PARTIDO ALIANZA VERDE;3
COMBITA;Jose De Los Angeles Fernandez Palacios;PARTIDO POLÍTICO DIGNIDAD & COMPROMISO;2
COMBITA;Manuel Steven Alvarez Pulido;PARTIDO DE LA U - PARTIDO MIRA;2
COMBITA;"Movimiento Alternativo Indígena Y Social ""Mais""";"MOVIMIENTO ALTERNATIVO INDÍGENA Y SOCIAL ""MAIS""";2
COMBITA;Ricardo Antonio Agudelo Guiza;ALMA - OXÍGENO;2
COMBITA;Rumaldo Rojas Ramirez;ALMA - OXÍGENO;2
COMBITA;Valentina Gutierrez Araujo;"MOVIMIENTO ALTERNATIVO INDÍGENA Y SOCIAL ""MAIS""";2
COMBITA;Fuerza Ancestral;FUERZA ANCESTRAL;1
COMBITA;Layoneth Grandas Villamil;PARTIDO POLÍTICO DIGNIDAD & COMPROMISO;1
COMBITA;Olga Niño Rojas;PARTIDO POLÍTICO DIGNIDAD & COMPROMISO;1
COMBITA;Partido Demócrata Colombiano;PARTIDO DEMÓCRATA COLOMBIANO;1
COPER;Jose Dario Mahecha Castillo;PARTIDO CONSERVADOR - MOVIMIENTO SALVACIÓN NACIONAL;301
COPER;Eduar Alexis Triana Rincon;PARTIDO CENTRO DEMOCRÁTICO;242
COPER;Hector David Chaparro Chaparro;PARTIDO LIBERAL COLOMBIANO;158
COPER;Jaime Raul Salamanca Torres;PARTIDO ALIANZA VERDE;127
COPER;Vivian Andrea Nieto Florez;PARTIDO ALIANZA VERDE;86
COPER;Pacto Histórico Boyacá;PACTO HISTÓRICO BOYACÁ;70
COPER;Partido Centro Democrático;PARTIDO CENTRO DEMOCRÁTICO;41
COPER;Yamit Noe Hurtado Neira;PARTIDO ALIANZA VERDE;26
COPER;Jicly Esgardo Mutis Isaza;PARTIDO CENTRO DEMOCRÁTICO;25
COPER;Partido Alianza Verde;PARTIDO ALIANZA VERDE;25
COPER;Ramiro Barragan Adame;PARTIDO ALIANZA VERDE;23
COPER;Jairo Enrique Castiblanco Parra;PARTIDO DE LA U - PARTIDO MIRA;20
COPER;Hernel David Ortega Gomez;PARTIDO CONSERVADOR - MOVIMIENTO SALVACIÓN NACIONAL;18
COPER;Adelinda Numpaque Sarmiento;PARTIDO ALIANZA VERDE;15
COPER;Fabian Camilo Rojas Barrera;CR-NUEVO LIBERALISMO;14
COPER;Nicolas Felipe Urbano Villamil;PARTIDO LIBERAL COLOMBIANO;13
COPER;Diana Paola Herrera Nuñez;PARTIDO LIBERAL COLOMBIANO;12
COPER;Partido Conservador - Movimiento Salvación Naciona L;PARTIDO CONSERVADOR - MOVIMIENTO SALVACIÓN NACIONAL;11
COPER;Fredy Alexander Garzon Rojas;PARTIDO CENTRO DEMOCRÁTICO;10
COPER;Delci Del Carmen Urbano;PARTIDO CENTRO DEMOCRÁTICO;9
COPER;Ingrid Marlen Sogamoso Alfonso;PARTIDO CONSERVADOR - MOVIMIENTO SALVACIÓN NACIONAL;9
COPER;Giovanny Andres Gomez Palomino;ALMA - OXÍGENO;7
COPER;Hector Josue Camacho Acosta;CR-NUEVO LIBERALISMO;7
COPER;Alma - Oxígeno;ALMA - OXÍGENO;6
COPER;Cr-Nuevo Liberalismo;CR-NUEVO LIBERALISMO;4
COPER;Oscar Yovany Montenegro Salcedo;CR-NUEVO LIBERALISMO;4
COPER;Ricardo Antonio Agudelo Guiza;ALMA - OXÍGENO;4
COPER;Consejo Comunitario La Gran Vía De Los Remedios;CONSEJO COMUNITARIO LA GRAN VÍA DE LOS REMEDIOS;3
COPER;John Alberto Moreno Galindo;PARTIDO CONSERVADOR - MOVIMIENTO SALVACIÓN NACIONAL;3
COPER;Nancy Yaneth Zapata Pachon;PARTIDO DE LA U - PARTIDO MIRA;3
COPER;Olga Lucia Cruz Cuevas;ALMA - OXÍGENO;3
COPER;Oscar Leonardo Avila Romero;PARTIDO LIBERAL COLOMBIANO;3
COPER;Wilder Ivan Suesca Ochoa;PARTIDO CONSERVADOR - MOVIMIENTO SALVACIÓN NACIONAL;3
COPER;Jhonatan David Holguin Cruz;PARTIDO CENTRO DEMOCRÁTICO;2
COPER;Kenda Lucia Caldera Garavito;PARTIDO CENTRO DEMOCRÁTICO;2
COPER;Nadia Alexandra Carreño Avella;CR-NUEVO LIBERALISMO;2
COPER;Olga Niño Rojas;PARTIDO POLÍTICO DIGNIDAD & COMPROMISO;2
COPER;Partido De La U - Partido Mira;PARTIDO DE LA U - PARTIDO MIRA;2
COPER;Partido Liberal Colombiano;PARTIDO LIBERAL COLOMBIANO;2
COPER;"Fundación Ecológica, Rural Y Urbana Del Pacífico "" Funerpa""";"FUNDACIÓN ECOLÓGICA, RURAL Y URBANA DEL PACÍFICO ""FUNERPA""";1
COPER;Graciela Ramirez Monroy;PARTIDO POLÍTICO DIGNIDAD & COMPROMISO;1
COPER;Humphrey Roa Sarmiento;PARTIDO DE LA U - PARTIDO MIRA;1
COPER;Javier Araque Elaica;PARTIDO POLÍTICO DIGNIDAD & COMPROMISO;1
COPER;"Movimiento Alternativo Indígena Y Social ""Mais""";"MOVIMIENTO ALTERNATIVO INDÍGENA Y SOCIAL ""MAIS""";1
COPER;Rumaldo Rojas Ramirez;ALMA - OXÍGENO;1
COPER;Vicente Anibal Ojeda Martinez;CR-NUEVO LIBERALISMO;1
COPER;William Donato Gomez;PARTIDO ALIANZA VERDE;1
CORRALES;Pacto Histórico Boyacá;PACTO HISTÓRICO BOYACÁ;199
CORRALES;Fabian Camilo Rojas Barrera;CR-NUEVO LIBERALISMO;125
CORRALES;Wilder Ivan Suesca Ochoa;PARTIDO CONSERVADOR - MOVIMIENTO SALVACIÓN NACIONAL;119
CORRALES;Diana Paola Herrera Nuñez;PARTIDO LIBERAL COLOMBIANO;103
CORRALES;Jaime Raul Salamanca Torres;PARTIDO ALIANZA VERDE;101
CORRALES;Yamit Noe Hurtado Neira;PARTIDO ALIANZA VERDE;99
CORRALES;Jicly Esgardo Mutis Isaza;PARTIDO CENTRO DEMOCRÁTICO;60
CORRALES;Ramiro Barragan Adame;PARTIDO ALIANZA VERDE;57
CORRALES;Eduar Alexis Triana Rincon;PARTIDO CENTRO DEMOCRÁTICO;48
CORRALES;Partido Centro Democrático;PARTIDO CENTRO DEMOCRÁTICO;46
CORRALES;Jose Dario Mahecha Castillo;PARTIDO CONSERVADOR - MOVIMIENTO SALVACIÓN NACIONAL;44
CORRALES;Gloria Cecilia Palacios Guastar;PARTIDO CONSERVADOR - MOVIMIENTO SALVACIÓN NACIONAL;27
CORRALES;Ingrid Marlen Sogamoso Alfonso;PARTIDO CONSERVADOR - MOVIMIENTO SALVACIÓN NACIONAL;27
CORRALES;Hernel David Ortega Gomez;PARTIDO CONSERVADOR - MOVIMIENTO SALVACIÓN NACIONAL;23
CORRALES;Hector David Chaparro Chaparro;PARTIDO LIBERAL COLOMBIANO;17
CORRALES;Hector Josue Camacho Acosta;CR-NUEVO LIBERALISMO;16
CORRALES;Partido Conservador - Movimiento Salvación Naciona L;PARTIDO CONSERVADOR - MOVIMIENTO SALVACIÓN NACIONAL;15
CORRALES;Nadia Alexandra Carreño Avella;CR-NUEVO LIBERALISMO;14
CORRALES;Oscar Leonardo Avila Romero;PARTIDO LIBERAL COLOMBIANO;13
CORRALES;Yury Neill Diaz Aranguren;PARTIDO DE LA U - PARTIDO MIRA;11
CORRALES;Adelinda Numpaque Sarmiento;PARTIDO ALIANZA VERDE;10
CORRALES;Consejo Comunitario El Naranjo;CONSEJO COMUNITARIO EL NARANJO;10
CORRALES;William Donato Gomez;PARTIDO ALIANZA VERDE;10
CORRALES;Jairo Enrique Castiblanco Parra;PARTIDO DE LA U - PARTIDO MIRA;9
CORRALES;Nicolas Felipe Urbano Villamil;PARTIDO LIBERAL COLOMBIANO;9
CORRALES;Delci Del Carmen Urbano;PARTIDO CENTRO DEMOCRÁTICO;8
CORRALES;Partido Alianza Verde;PARTIDO ALIANZA VERDE;8
CORRALES;Fredy Alexander Garzon Rojas;PARTIDO CENTRO DEMOCRÁTICO;7
CORRALES;Vivian Andrea Nieto Florez;PARTIDO ALIANZA VERDE;7
CORRALES;John Alberto Moreno Galindo;PARTIDO CONSERVADOR - MOVIMIENTO SALVACIÓN NACIONAL;6
CORRALES;Nancy Yaneth Zapata Pachon;PARTIDO DE LA U - PARTIDO MIRA;5
CORRALES;Jhonatan David Holguin Cruz;PARTIDO CENTRO DEMOCRÁTICO;4
CORRALES;Kenda Lucia Caldera Garavito;PARTIDO CENTRO DEMOCRÁTICO;4
CORRALES;Partido Liberal Colombiano;PARTIDO LIBERAL COLOMBIANO;4
CORRALES;Alma - Oxígeno;ALMA - OXÍGENO;3
CORRALES;Camilo Andres Caicedo Silva;PARTIDO LIBERAL COLOMBIANO;2
CORRALES;Cr-Nuevo Liberalismo;CR-NUEVO LIBERALISMO;2
CORRALES;Giovanny Andres Gomez Palomino;ALMA - OXÍGENO;2
CORRALES;Javier Araque Elaica;PARTIDO POLÍTICO DIGNIDAD & COMPROMISO;2
CORRALES;Manuel Steven Alvarez Pulido;PARTIDO DE LA U - PARTIDO MIRA;2
CORRALES;Oscar Yovany Montenegro Salcedo;CR-NUEVO LIBERALISMO;2
CORRALES;Ricardo Antonio Agudelo Guiza;ALMA - OXÍGENO;2
CORRALES;Vicente Anibal Ojeda Martinez;CR-NUEVO LIBERALISMO;2
CORRALES;Asociación Afrodescendiente Pacífico Por La Paz;ASOCIACIÓN AFRODESCENDIENTE PACÍFICO POR LA PAZ;1
CORRALES;"Asociación Nacional Indígena De Colombia ""Anic""";"ASOCIACIÓN NACIONAL INDÍGENA DE COLOMBIA ""ANIC""";1
CORRALES;Consejo Comunitario La Gran Vía De Los Remedios;CONSEJO COMUNITARIO LA GRAN VÍA DE LOS REMEDIOS;1
CORRALES;Diego Armando Sanchez Arboleda;C.C. DE LA COMUNIDAD NEGRA DE LA VEREDA EL ESFUERZO;1
CORRALES;Edgar Fernando Farfan Corzo;PARTIDO POLÍTICO DIGNIDAD & COMPROMISO;1
CORRALES;Eduardo David Suarez Moreno;ALMA - OXÍGENO;1
CORRALES;Graciela Ramirez Monroy;PARTIDO POLÍTICO DIGNIDAD & COMPROMISO;1
CORRALES;Ismael Maestre Simaca;AFROSLIBRES;1
CORRALES;Libi Puerto Granados;PARTIDO DE LA U - PARTIDO MIRA;1
CORRALES;Olga Niño Rojas;PARTIDO POLÍTICO DIGNIDAD & COMPROMISO;1
CORRALES;Partido Político Dignidad & Compromiso;PARTIDO POLÍTICO DIGNIDAD & COMPROMISO;1
COVARACHIA;Jairo Enrique Castiblanco Parra;PARTIDO DE LA U - PARTIDO MIRA;328
COVARACHIA;Jaime Raul Salamanca Torres;PARTIDO ALIANZA VERDE;265
COVARACHIA;Partido Centro Democrático;PARTIDO CENTRO DEMOCRÁTICO;93
COVARACHIA;Yamit Noe Hurtado Neira;PARTIDO ALIANZA VERDE;51
COVARACHIA;Pacto Histórico Boyacá;PACTO HISTÓRICO BOYACÁ;50
COVARACHIA;Jicly Esgardo Mutis Isaza;PARTIDO CENTRO DEMOCRÁTICO;48
COVARACHIA;Ramiro Barragan Adame;PARTIDO ALIANZA VERDE;45
COVARACHIA;Camilo Andres Caicedo Silva;PARTIDO LIBERAL COLOMBIANO;37
COVARACHIA;Wilder Ivan Suesca Ochoa;PARTIDO CONSERVADOR - MOVIMIENTO SALVACIÓN NACIONAL;36
COVARACHIA;Hector David Chaparro Chaparro;PARTIDO LIBERAL COLOMBIANO;35
COVARACHIA;Delci Del Carmen Urbano;PARTIDO CENTRO DEMOCRÁTICO;28
COVARACHIA;Partido Alianza Verde;PARTIDO ALIANZA VERDE;25
COVARACHIA;Hernel David Ortega Gomez;PARTIDO CONSERVADOR - MOVIMIENTO SALVACIÓN NACIONAL;24
COVARACHIA;Nancy Yaneth Zapata Pachon;PARTIDO DE LA U - PARTIDO MIRA;21
COVARACHIA;Jose Dario Mahecha Castillo;PARTIDO CONSERVADOR - MOVIMIENTO SALVACIÓN NACIONAL;18
COVARACHIA;Eduar Alexis Triana Rincon;PARTIDO CENTRO DEMOCRÁTICO;16
COVARACHIA;Hector Josue Camacho Acosta;CR-NUEVO LIBERALISMO;16
COVARACHIA;Ingrid Marlen Sogamoso Alfonso;PARTIDO CONSERVADOR - MOVIMIENTO SALVACIÓN NACIONAL;13
COVARACHIA;Gloria Cecilia Palacios Guastar;PARTIDO CONSERVADOR - MOVIMIENTO SALVACIÓN NACIONAL;12
COVARACHIA;Fabian Camilo Rojas Barrera;CR-NUEVO LIBERALISMO;11
COVARACHIA;Kenda Lucia Caldera Garavito;PARTIDO CENTRO DEMOCRÁTICO;11
COVARACHIA;Laura Cristina Monroy Bayona;CR-NUEVO LIBERALISMO;10
COVARACHIA;Partido De La U - Partido Mira;PARTIDO DE LA U - PARTIDO MIRA;10
COVARACHIA;Eduardo David Suarez Moreno;ALMA - OXÍGENO;8
COVARACHIA;Adelinda Numpaque Sarmiento;PARTIDO ALIANZA VERDE;7
COVARACHIA;Diana Paola Herrera Nuñez;PARTIDO LIBERAL COLOMBIANO;7
COVARACHIA;Nadia Alexandra Carreño Avella;CR-NUEVO LIBERALISMO;6
COVARACHIA;Partido Conservador - Movimiento Salvación Naciona L;PARTIDO CONSERVADOR - MOVIMIENTO SALVACIÓN NACIONAL;6
COVARACHIA;Jhonatan David Holguin Cruz;PARTIDO CENTRO DEMOCRÁTICO;5
COVARACHIA;Vivian Andrea Nieto Florez;PARTIDO ALIANZA VERDE;5
COVARACHIA;John Alberto Moreno Galindo;PARTIDO CONSERVADOR - MOVIMIENTO SALVACIÓN NACIONAL;4
COVARACHIA;Nicolas Felipe Urbano Villamil;PARTIDO LIBERAL COLOMBIANO;4
COVARACHIA;Fredy Alexander Garzon Rojas;PARTIDO CENTRO DEMOCRÁTICO;3
COVARACHIA;Graciela Ramirez Monroy;PARTIDO POLÍTICO DIGNIDAD & COMPROMISO;3
COVARACHIA;Libi Puerto Granados;PARTIDO DE LA U - PARTIDO MIRA;3
COVARACHIA;Manuel Steven Alvarez Pulido;PARTIDO DE LA U - PARTIDO MIRA;3
COVARACHIA;Nubia Jacqueline Caro Perez;PARTIDO LIBERAL COLOMBIANO;3
COVARACHIA;Oscar Leonardo Avila Romero;PARTIDO LIBERAL COLOMBIANO;3
COVARACHIA;Vicente Anibal Ojeda Martinez;CR-NUEVO LIBERALISMO;3
COVARACHIA;William Donato Gomez;PARTIDO ALIANZA VERDE;3
COVARACHIA;Alma - Oxígeno;ALMA - OXÍGENO;2
COVARACHIA;Humphrey Roa Sarmiento;PARTIDO DE LA U - PARTIDO MIRA;2
COVARACHIA;Rumaldo Rojas Ramirez;ALMA - OXÍGENO;2
COVARACHIA;Carolina Geiringer Ortega;ALMA - OXÍGENO;1
COVARACHIA;Cr-Nuevo Liberalismo;CR-NUEVO LIBERALISMO;1
COVARACHIA;Javier Araque Elaica;PARTIDO POLÍTICO DIGNIDAD & COMPROMISO;1
COVARACHIA;Jose De Los Angeles Fernandez Palacios;PARTIDO POLÍTICO DIGNIDAD & COMPROMISO;1
COVARACHIA;Oscar Yovany Montenegro Salcedo;CR-NUEVO LIBERALISMO;1
COVARACHIA;Partido Liberal Colombiano;PARTIDO LIBERAL COLOMBIANO;1
COVARACHIA;Yury Neill Diaz Aranguren;PARTIDO DE LA U - PARTIDO MIRA;1
CUBARA;Jaime Raul Salamanca Torres;PARTIDO ALIANZA VERDE;741
CUBARA;Doris Elena Jacanamijoy Jacanamijoy;"MOVIMIENTO ALTERNATIVO INDÍGENA Y SOCIAL ""MAIS""";193
CUBARA;Pacto Histórico Boyacá;PACTO HISTÓRICO BOYACÁ;190
CUBARA;Hector David Chaparro Chaparro;PARTIDO LIBERAL COLOMBIANO;135
CUBARA;Yamit Noe Hurtado Neira;PARTIDO ALIANZA VERDE;125
CUBARA;Ramiro Barragan Adame;PARTIDO ALIANZA VERDE;106
CUBARA;Partido Alianza Verde;PARTIDO ALIANZA VERDE;85
CUBARA;"Movimiento Alternativo Indígena Y Social ""Mais""";"MOVIMIENTO ALTERNATIVO INDÍGENA Y SOCIAL ""MAIS""";51
CUBARA;Partido Centro Democrático;PARTIDO CENTRO DEMOCRÁTICO;37
CUBARA;Diana Paola Herrera Nuñez;PARTIDO LIBERAL COLOMBIANO;35
CUBARA;Fabian Camilo Rojas Barrera;CR-NUEVO LIBERALISMO;34
CUBARA;Jairo Enrique Castiblanco Parra;PARTIDO DE LA U - PARTIDO MIRA;33
CUBARA;Delci Del Carmen Urbano;PARTIDO CENTRO DEMOCRÁTICO;32
CUBARA;Vivian Andrea Nieto Florez;PARTIDO ALIANZA VERDE;29
CUBARA;Adelinda Numpaque Sarmiento;PARTIDO ALIANZA VERDE;25
CUBARA;Oscar Leonardo Avila Romero;PARTIDO LIBERAL COLOMBIANO;24
CUBARA;Linderman Adrada Lopez;"MOVIMIENTO ALTERNATIVO INDÍGENA Y SOCIAL ""MAIS""";20
CUBARA;Partido Liberal Colombiano;PARTIDO LIBERAL COLOMBIANO;19
CUBARA;Ingrid Marlen Sogamoso Alfonso;PARTIDO CONSERVADOR - MOVIMIENTO SALVACIÓN NACIONAL;17
CUBARA;Nicolas Felipe Urbano Villamil;PARTIDO LIBERAL COLOMBIANO;16
CUBARA;Eduar Alexis Triana Rincon;PARTIDO CENTRO DEMOCRÁTICO;10
CUBARA;Valentina Gutierrez Araujo;"MOVIMIENTO ALTERNATIVO INDÍGENA Y SOCIAL ""MAIS""";10
CUBARA;Humphrey Roa Sarmiento;PARTIDO DE LA U - PARTIDO MIRA;9
CUBARA;Vicente Anibal Ojeda Martinez;CR-NUEVO LIBERALISMO;9
CUBARA;Hernel David Ortega Gomez;PARTIDO CONSERVADOR - MOVIMIENTO SALVACIÓN NACIONAL;8
CUBARA;Camilo Andres Caicedo Silva;PARTIDO LIBERAL COLOMBIANO;7
CUBARA;Consejo Comunitario El Naranjo;CONSEJO COMUNITARIO EL NARANJO;7
CUBARA;Jhonatan David Holguin Cruz;PARTIDO CENTRO DEMOCRÁTICO;7
CUBARA;Partido Conservador - Movimiento Salvación Naciona L;PARTIDO CONSERVADOR - MOVIMIENTO SALVACIÓN NACIONAL;7
CUBARA;Eduardo David Suarez Moreno;ALMA - OXÍGENO;5
CUBARA;Jicly Esgardo Mutis Isaza;PARTIDO CENTRO DEMOCRÁTICO;5
CUBARA;Jose Dario Mahecha Castillo;PARTIDO CONSERVADOR - MOVIMIENTO SALVACIÓN NACIONAL;4
CUBARA;Nadia Alexandra Carreño Avella;CR-NUEVO LIBERALISMO;4
CUBARA;Wilder Ivan Suesca Ochoa;PARTIDO CONSERVADOR - MOVIMIENTO SALVACIÓN NACIONAL;4
CUBARA;Carolina Geiringer Ortega;ALMA - OXÍGENO;3
CUBARA;Fredy Alexander Garzon Rojas;PARTIDO CENTRO DEMOCRÁTICO;3
CUBARA;Gloria Cecilia Palacios Guastar;PARTIDO CONSERVADOR - MOVIMIENTO SALVACIÓN NACIONAL;3
CUBARA;Kenda Lucia Caldera Garavito;PARTIDO CENTRO DEMOCRÁTICO;3
CUBARA;Nancy Yaneth Zapata Pachon;PARTIDO DE LA U - PARTIDO MIRA;3
CUBARA;Partido De La U - Partido Mira;PARTIDO DE LA U - PARTIDO MIRA;3
CUBARA;William Donato Gomez;PARTIDO ALIANZA VERDE;3
CUBARA;Alma - Oxígeno;ALMA - OXÍGENO;2
CUBARA;Consejo Comunitario La Gran Vía De Los Remedios;CONSEJO COMUNITARIO LA GRAN VÍA DE LOS REMEDIOS;2
CUBARA;Giovanny Andres Gomez Palomino;ALMA - OXÍGENO;2
CUBARA;Jhony Aparicio Ramirez;PARTIDO INDÍGENA COLOMBIANO P.I.C;2
CUBARA;John Alberto Moreno Galindo;PARTIDO CONSERVADOR - MOVIMIENTO SALVACIÓN NACIONAL;2
CUBARA;Laura Cristina Monroy Bayona;CR-NUEVO LIBERALISMO;2
CUBARA;Magnolia Morales Zamora;PARTIDO INDÍGENA COLOMBIANO P.I.C;2
CUBARA;Oscar Yovany Montenegro Salcedo;CR-NUEVO LIBERALISMO;2
CUBARA;Afroslibres;AFROSLIBRES;1
CUBARA;Aida Petrona Suarez Santos;MOVIMIENTO UNIDAD EN MINGA POR COLOMBIA;1
CUBARA;C.C. De La Comunidad Negra De La Vereda El Esfuerz O;C.C. DE LA COMUNIDAD NEGRA DE LA VEREDA EL ESFUERZO;1
CUBARA;"Consejo Comunitario De Pizarro ""Concopi""";"CONSEJO COMUNITARIO DE PIZARRO ""CONCOPI""";1
CUBARA;Edgar Fernando Farfan Corzo;PARTIDO POLÍTICO DIGNIDAD & COMPROMISO;1
CUBARA;Expresión Afro, Ambiental Y Cultural Colombia Con Dignidad;EXPRESIÓN AFRO, AMBIENTAL Y CULTURAL COLOMBIA CON DIGNIDAD;1
CUBARA;Jorge Isaac Aramburo Garcia;"FUNDACIÓN SEMILLAS PARA UNA VIDA DIGNA ""FUSEMVID""";1
CUBARA;Jorge Ivan Mina Lasso;CONSEJO COMUNITARIO MANUEL ZAPATA OLIVELLA DE SAN ANTERO;1
CUBARA;Libi Puerto Granados;PARTIDO DE LA U - PARTIDO MIRA;1
CUBARA;Manuel Steven Alvarez Pulido;PARTIDO DE LA U - PARTIDO MIRA;1
CUBARA;Nubia Jacqueline Caro Perez;PARTIDO LIBERAL COLOMBIANO;1
CUBARA;Olga Lucia Cruz Cuevas;ALMA - OXÍGENO;1
CUBARA;Oswaldo Jose Ochoa Albor;AFROSLIBRES;1
CUBARA;Partido Indígena Zenú (Piz);PARTIDO INDÉGENA ZENÚ (PIZ);1
CUBARA;Partido Político Dignidad & Compromiso;PARTIDO POLÍTICO DIGNIDAD & COMPROMISO;1
CUBARA;Yury Neill Diaz Aranguren;PARTIDO DE LA U - PARTIDO MIRA;1
CUCAITA;Pacto Histórico Boyacá;PACTO HISTÓRICO BOYACÁ;338
CUCAITA;Jaime Raul Salamanca Torres;PARTIDO ALIANZA VERDE;314
CUCAITA;Jairo Enrique Castiblanco Parra;PARTIDO DE LA U - PARTIDO MIRA;153
CUCAITA;Ramiro Barragan Adame;PARTIDO ALIANZA VERDE;107
CUCAITA;Ingrid Marlen Sogamoso Alfonso;PARTIDO CONSERVADOR - MOVIMIENTO SALVACIÓN NACIONAL;80
CUCAITA;Oscar Leonardo Avila Romero;PARTIDO LIBERAL COLOMBIANO;57
CUCAITA;Wilder Ivan Suesca Ochoa;PARTIDO CONSERVADOR - MOVIMIENTO SALVACIÓN NACIONAL;55
CUCAITA;Fabian Camilo Rojas Barrera;CR-NUEVO LIBERALISMO;43
CUCAITA;Diana Paola Herrera Nuñez;PARTIDO LIBERAL COLOMBIANO;37
CUCAITA;Jose Dario Mahecha Castillo;PARTIDO CONSERVADOR - MOVIMIENTO SALVACIÓN NACIONAL;35
CUCAITA;Vivian Andrea Nieto Florez;PARTIDO ALIANZA VERDE;31
CUCAITA;Yamit Noe Hurtado Neira;PARTIDO ALIANZA VERDE;30
CUCAITA;Jicly Esgardo Mutis Isaza;PARTIDO CENTRO DEMOCRÁTICO;27
CUCAITA;Hector David Chaparro Chaparro;PARTIDO LIBERAL COLOMBIANO;26
CUCAITA;Hernel David Ortega Gomez;PARTIDO CONSERVADOR - MOVIMIENTO SALVACIÓN NACIONAL;25
CUCAITA;Partido Centro Democrático;PARTIDO CENTRO DEMOCRÁTICO;20
CUCAITA;Delci Del Carmen Urbano;PARTIDO CENTRO DEMOCRÁTICO;18
CUCAITA;Partido Alianza Verde;PARTIDO ALIANZA VERDE;18
CUCAITA;Eduar Alexis Triana Rincon;PARTIDO CENTRO DEMOCRÁTICO;12
CUCAITA;Partido Conservador - Movimiento Salvación Naciona L;PARTIDO CONSERVADOR - MOVIMIENTO SALVACIÓN NACIONAL;12
CUCAITA;John Alberto Moreno Galindo;PARTIDO CONSERVADOR - MOVIMIENTO SALVACIÓN NACIONAL;10
CUCAITA;Yury Neill Diaz Aranguren;PARTIDO DE LA U - PARTIDO MIRA;8
CUCAITA;Adelinda Numpaque Sarmiento;PARTIDO ALIANZA VERDE;7
CUCAITA;Eduardo David Suarez Moreno;ALMA - OXÍGENO;6
CUCAITA;Partido Liberal Colombiano;PARTIDO LIBERAL COLOMBIANO;6
CUCAITA;William Donato Gomez;PARTIDO ALIANZA VERDE;6
CUCAITA;Alma - Oxígeno;ALMA - OXÍGENO;4
CUCAITA;Gloria Cecilia Palacios Guastar;PARTIDO CONSERVADOR - MOVIMIENTO SALVACIÓN NACIONAL;4
CUCAITA;Camilo Andres Caicedo Silva;PARTIDO LIBERAL COLOMBIANO;3
CUCAITA;Hector Josue Camacho Acosta;CR-NUEVO LIBERALISMO;3
CUCAITA;Jhonatan David Holguin Cruz;PARTIDO CENTRO DEMOCRÁTICO;3
CUCAITA;Kenda Lucia Caldera Garavito;PARTIDO CENTRO DEMOCRÁTICO;3
CUCAITA;Laura Cristina Monroy Bayona;CR-NUEVO LIBERALISMO;3
CUCAITA;Manuel Steven Alvarez Pulido;PARTIDO DE LA U - PARTIDO MIRA;3
CUCAITA;Nadia Alexandra Carreño Avella;CR-NUEVO LIBERALISMO;3
CUCAITA;Oscar Yovany Montenegro Salcedo;CR-NUEVO LIBERALISMO;3
CUCAITA;Cr-Nuevo Liberalismo;CR-NUEVO LIBERALISMO;2
CUCAITA;Fredy Alexander Garzon Rojas;PARTIDO CENTRO DEMOCRÁTICO;2
CUCAITA;Giovanny Andres Gomez Palomino;ALMA - OXÍGENO;2
CUCAITA;Graciela Ramirez Monroy;PARTIDO POLÍTICO DIGNIDAD & COMPROMISO;2
CUCAITA;Ricardo Antonio Agudelo Guiza;ALMA - OXÍGENO;2
CUCAITA;Vicente Anibal Ojeda Martinez;CR-NUEVO LIBERALISMO;2
CUCAITA;Carolina Geiringer Ortega;ALMA - OXÍGENO;1
CUCAITA;Consejo Comunitario El Naranjo;CONSEJO COMUNITARIO EL NARANJO;1
CUCAITA;Consejo Comunitario La Gran Vía De Los Remedios;CONSEJO COMUNITARIO LA GRAN VÍA DE LOS REMEDIOS;1
CUCAITA;Edgar Fernando Farfan Corzo;PARTIDO POLÍTICO DIGNIDAD & COMPROMISO;1
CUCAITA;Humphrey Roa Sarmiento;PARTIDO DE LA U - PARTIDO MIRA;1
CUCAITA;Nancy Yaneth Zapata Pachon;PARTIDO DE LA U - PARTIDO MIRA;1
CUCAITA;Nicolas Felipe Urbano Villamil;PARTIDO LIBERAL COLOMBIANO;1
CUCAITA;Nubia Jacqueline Caro Perez;PARTIDO LIBERAL COLOMBIANO;1
CUCAITA;Olga Niño Rojas;PARTIDO POLÍTICO DIGNIDAD & COMPROMISO;1
CUCAITA;Partido De La U - Partido Mira;PARTIDO DE LA U - PARTIDO MIRA;1
CUITIVA;Yury Neill Diaz Aranguren;PARTIDO DE LA U - PARTIDO MIRA;139
CUITIVA;Pacto Histórico Boyacá;PACTO HISTÓRICO BOYACÁ;116
CUITIVA;Hector David Chaparro Chaparro;PARTIDO LIBERAL COLOMBIANO;85
CUITIVA;Ramiro Barragan Adame;PARTIDO ALIANZA VERDE;71
CUITIVA;Delci Del Carmen Urbano;PARTIDO CENTRO DEMOCRÁTICO;66
CUITIVA;Fabian Camilo Rojas Barrera;CR-NUEVO LIBERALISMO;63
CUITIVA;Ingrid Marlen Sogamoso Alfonso;PARTIDO CONSERVADOR - MOVIMIENTO SALVACIÓN NACIONAL;63
CUITIVA;Partido Centro Democrático;PARTIDO CENTRO DEMOCRÁTICO;31
CUITIVA;Hector Josue Camacho Acosta;CR-NUEVO LIBERALISMO;21
CUITIVA;Yamit Noe Hurtado Neira;PARTIDO ALIANZA VERDE;21
CUITIVA;Diana Paola Herrera Nuñez;PARTIDO LIBERAL COLOMBIANO;18
CUITIVA;Fredy Alexander Garzon Rojas;PARTIDO CENTRO DEMOCRÁTICO;18
CUITIVA;Jicly Esgardo Mutis Isaza;PARTIDO CENTRO DEMOCRÁTICO;17
CUITIVA;Jaime Raul Salamanca Torres;PARTIDO ALIANZA VERDE;14
CUITIVA;Wilder Ivan Suesca Ochoa;PARTIDO CONSERVADOR - MOVIMIENTO SALVACIÓN NACIONAL;12
CUITIVA;Oscar Leonardo Avila Romero;PARTIDO LIBERAL COLOMBIANO;9
CUITIVA;Adelinda Numpaque Sarmiento;PARTIDO ALIANZA VERDE;8
CUITIVA;Cr-Nuevo Liberalismo;CR-NUEVO LIBERALISMO;8
CUITIVA;Jairo Enrique Castiblanco Parra;PARTIDO DE LA U - PARTIDO MIRA;8
CUITIVA;Nadia Alexandra Carreño Avella;CR-NUEVO LIBERALISMO;8
CUITIVA;Eduar Alexis Triana Rincon;PARTIDO CENTRO DEMOCRÁTICO;7
CUITIVA;Gloria Cecilia Palacios Guastar;PARTIDO CONSERVADOR - MOVIMIENTO SALVACIÓN NACIONAL;7
CUITIVA;Jose Dario Mahecha Castillo;PARTIDO CONSERVADOR - MOVIMIENTO SALVACIÓN NACIONAL;7
CUITIVA;Partido Alianza Verde;PARTIDO ALIANZA VERDE;7
CUITIVA;Partido Conservador - Movimiento Salvación Naciona L;PARTIDO CONSERVADOR - MOVIMIENTO SALVACIÓN NACIONAL;7
CUITIVA;William Donato Gomez;PARTIDO ALIANZA VERDE;7
CUITIVA;Jhonatan David Holguin Cruz;PARTIDO CENTRO DEMOCRÁTICO;6
CUITIVA;Camilo Andres Caicedo Silva;PARTIDO LIBERAL COLOMBIANO;5
CUITIVA;Nancy Yaneth Zapata Pachon;PARTIDO DE LA U - PARTIDO MIRA;5
CUITIVA;Nicolas Felipe Urbano Villamil;PARTIDO LIBERAL COLOMBIANO;4
CUITIVA;Alma - Oxígeno;ALMA - OXÍGENO;3
CUITIVA;Manuel Steven Alvarez Pulido;PARTIDO DE LA U - PARTIDO MIRA;3
CUITIVA;Oscar Yovany Montenegro Salcedo;CR-NUEVO LIBERALISMO;3
CUITIVA;Partido De La U - Partido Mira;PARTIDO DE LA U - PARTIDO MIRA;3
CUITIVA;Consejo Comunitario El Naranjo;CONSEJO COMUNITARIO EL NARANJO;2
CUITIVA;John Alberto Moreno Galindo;PARTIDO CONSERVADOR - MOVIMIENTO SALVACIÓN NACIONAL;2
CUITIVA;Laura Cristina Monroy Bayona;CR-NUEVO LIBERALISMO;2
CUITIVA;Olga Lucia Cruz Cuevas;ALMA - OXÍGENO;2
CUITIVA;Partido Liberal Colombiano;PARTIDO LIBERAL COLOMBIANO;2
CUITIVA;Vicente Anibal Ojeda Martinez;CR-NUEVO LIBERALISMO;2
CUITIVA;Vivian Andrea Nieto Florez;PARTIDO ALIANZA VERDE;2
CUITIVA;Carolina Geiringer Ortega;ALMA - OXÍGENO;1
CUITIVA;Edgar Fernando Farfan Corzo;PARTIDO POLÍTICO DIGNIDAD & COMPROMISO;1
CUITIVA;Eduardo David Suarez Moreno;ALMA - OXÍGENO;1
CUITIVA;Humphrey Roa Sarmiento;PARTIDO DE LA U - PARTIDO MIRA;1
CUITIVA;Nubia Jacqueline Caro Perez;PARTIDO LIBERAL COLOMBIANO;1
DUITAMA;Pacto Histórico Boyacá;PACTO HISTÓRICO BOYACÁ;18955
DUITAMA;Hector David Chaparro Chaparro;PARTIDO LIBERAL COLOMBIANO;4614
DUITAMA;Jaime Raul Salamanca Torres;PARTIDO ALIANZA VERDE;2244
DUITAMA;Partido Centro Democrático;PARTIDO CENTRO DEMOCRÁTICO;1971
DUITAMA;Hernel David Ortega Gomez;PARTIDO CONSERVADOR - MOVIMIENTO SALVACIÓN NACIONAL;1563
DUITAMA;Ramiro Barragan Adame;PARTIDO ALIANZA VERDE;1549
DUITAMA;Yamit Noe Hurtado Neira;PARTIDO ALIANZA VERDE;1278
DUITAMA;Ingrid Marlen Sogamoso Alfonso;PARTIDO CONSERVADOR - MOVIMIENTO SALVACIÓN NACIONAL;1151
DUITAMA;Jicly Esgardo Mutis Isaza;PARTIDO CENTRO DEMOCRÁTICO;1075
DUITAMA;Nancy Yaneth Zapata Pachon;PARTIDO DE LA U - PARTIDO MIRA;1060
DUITAMA;Eduar Alexis Triana Rincon;PARTIDO CENTRO DEMOCRÁTICO;936
DUITAMA;Jose Dario Mahecha Castillo;PARTIDO CONSERVADOR - MOVIMIENTO SALVACIÓN NACIONAL;919
DUITAMA;Delci Del Carmen Urbano;PARTIDO CENTRO DEMOCRÁTICO;888
DUITAMA;Jairo Enrique Castiblanco Parra;PARTIDO DE LA U - PARTIDO MIRA;882
DUITAMA;Wilder Ivan Suesca Ochoa;PARTIDO CONSERVADOR - MOVIMIENTO SALVACIÓN NACIONAL;829
DUITAMA;Fabian Camilo Rojas Barrera;CR-NUEVO LIBERALISMO;807
DUITAMA;Diana Paola Herrera Nuñez;PARTIDO LIBERAL COLOMBIANO;712
DUITAMA;Hector Josue Camacho Acosta;CR-NUEVO LIBERALISMO;642
DUITAMA;Oscar Leonardo Avila Romero;PARTIDO LIBERAL COLOMBIANO;520
DUITAMA;Gloria Cecilia Palacios Guastar;PARTIDO CONSERVADOR - MOVIMIENTO SALVACIÓN NACIONAL;508
DUITAMA;Vicente Anibal Ojeda Martinez;CR-NUEVO LIBERALISMO;489
DUITAMA;Partido Alianza Verde;PARTIDO ALIANZA VERDE;446
DUITAMA;Partido Conservador - Movimiento Salvación Naciona L;PARTIDO CONSERVADOR - MOVIMIENTO SALVACIÓN NACIONAL;443
DUITAMA;Vivian Andrea Nieto Florez;PARTIDO ALIANZA VERDE;436
DUITAMA;Jhonatan David Holguin Cruz;PARTIDO CENTRO DEMOCRÁTICO;367
DUITAMA;Adelinda Numpaque Sarmiento;PARTIDO ALIANZA VERDE;333
DUITAMA;Consejo Comunitario El Naranjo;CONSEJO COMUNITARIO EL NARANJO;331
DUITAMA;Fredy Alexander Garzon Rojas;PARTIDO CENTRO DEMOCRÁTICO;240
DUITAMA;William Donato Gomez;PARTIDO ALIANZA VERDE;194
DUITAMA;Partido Liberal Colombiano;PARTIDO LIBERAL COLOMBIANO;188
DUITAMA;Nicolas Felipe Urbano Villamil;PARTIDO LIBERAL COLOMBIANO;180
DUITAMA;Kenda Lucia Caldera Garavito;PARTIDO CENTRO DEMOCRÁTICO;178
DUITAMA;Oscar Yovany Montenegro Salcedo;CR-NUEVO LIBERALISMO;168
DUITAMA;Nadia Alexandra Carreño Avella;CR-NUEVO LIBERALISMO;167
DUITAMA;Cr-Nuevo Liberalismo;CR-NUEVO LIBERALISMO;160
DUITAMA;John Alberto Moreno Galindo;PARTIDO CONSERVADOR - MOVIMIENTO SALVACIÓN NACIONAL;158
DUITAMA;Laura Cristina Monroy Bayona;CR-NUEVO LIBERALISMO;153
DUITAMA;Yury Neill Diaz Aranguren;PARTIDO DE LA U - PARTIDO MIRA;113
DUITAMA;Nubia Jacqueline Caro Perez;PARTIDO LIBERAL COLOMBIANO;94
DUITAMA;Alma - Oxígeno;ALMA - OXÍGENO;93
DUITAMA;Camilo Andres Caicedo Silva;PARTIDO LIBERAL COLOMBIANO;86
DUITAMA;Partido De La U - Partido Mira;PARTIDO DE LA U - PARTIDO MIRA;74
DUITAMA;Giovanny Andres Gomez Palomino;ALMA - OXÍGENO;69
DUITAMA;Humphrey Roa Sarmiento;PARTIDO DE LA U - PARTIDO MIRA;65
DUITAMA;Eduardo David Suarez Moreno;ALMA - OXÍGENO;64
DUITAMA;Libi Puerto Granados;PARTIDO DE LA U - PARTIDO MIRA;59
DUITAMA;Consejo Comunitario La Gran Vía De Los Remedios;CONSEJO COMUNITARIO LA GRAN VÍA DE LOS REMEDIOS;56
DUITAMA;Olga Lucia Cruz Cuevas;ALMA - OXÍGENO;56
DUITAMA;Olga Niño Rojas;PARTIDO POLÍTICO DIGNIDAD & COMPROMISO;55
DUITAMA;Javier Araque Elaica;PARTIDO POLÍTICO DIGNIDAD & COMPROMISO;53
DUITAMA;Manuel Steven Alvarez Pulido;PARTIDO DE LA U - PARTIDO MIRA;44
DUITAMA;Rumaldo Rojas Ramirez;ALMA - OXÍGENO;44
DUITAMA;Ricardo Antonio Agudelo Guiza;ALMA - OXÍGENO;41
DUITAMA;Partido Político Dignidad & Compromiso;PARTIDO POLÍTICO DIGNIDAD & COMPROMISO;32
DUITAMA;Graciela Ramirez Monroy;PARTIDO POLÍTICO DIGNIDAD & COMPROMISO;31
DUITAMA;Carolina Geiringer Ortega;ALMA - OXÍGENO;30
DUITAMA;Diego Armando Sanchez Arboleda;C.C. DE LA COMUNIDAD NEGRA DE LA VEREDA EL ESFUERZO;18
DUITAMA;Edgar Fernando Farfan Corzo;PARTIDO POLÍTICO DIGNIDAD & COMPROMISO;17
DUITAMA;Jorge Ivan Mina Lasso;CONSEJO COMUNITARIO MANUEL ZAPATA OLIVELLA DE SAN ANTERO;17
DUITAMA;Jose De Los Angeles Fernandez Palacios;PARTIDO POLÍTICO DIGNIDAD & COMPROMISO;15
DUITAMA;Layoneth Grandas Villamil;PARTIDO POLÍTICO DIGNIDAD & COMPROMISO;13
DUITAMA;"Movimiento Alternativo Indígena Y Social ""Mais""";"MOVIMIENTO ALTERNATIVO INDÍGENA Y SOCIAL ""MAIS""";8
DUITAMA;Acmizsam;ACMIZSAM;6
DUITAMA;Afroemprendimiento;AFROEMPRENDIMIENTO;6
DUITAMA;Jorge Andres Gonzalez Silva;CONSEJO COMUNITARIO MANUEL ZAPATA OLIVELLA DE SAN ANTERO;6
DUITAMA;Benildo Estupiñan Solis;PARTIDO ECOLOGISTA COLOMBIANO;3
DUITAMA;Carlos Mario Calvo Largo;MOVIMIENTO UNIDAD EN MINGA POR COLOMBIA;3
DUITAMA;Cristianos Por Colombia Afros;CRISTIANOS POR COLOMBIA AFROS;3
DUITAMA;Fuerza Ancestral;FUERZA ANCESTRAL;3
DUITAMA;Fundación Orsuba;FUNDACIÓN ORSUBA;3
DUITAMA;Jose Roberto Mejia Castro;ASOCONEG;3
DUITAMA;Linderman Adrada Lopez;"MOVIMIENTO ALTERNATIVO INDÍGENA Y SOCIAL ""MAIS""";3
DUITAMA;Marcelino Chindoy Chicunque;PARTIDO INDÍGENA COLOMBIANO P.I.C;3
DUITAMA;Partido Demócrata Colombiano;PARTIDO DEMÓCRATA COLOMBIANO;3
DUITAMA;Silverio Jose Calderon Daza;"CONSEJO COMUNITARIO DE PIZARRO ""CONCOPI""";3
DUITAMA;Afroslibres;AFROSLIBRES;2
DUITAMA;Asociación De Cabildos Indígenas Zenú Orico;ASOCIACIÓN DE CABILDOS INDÍGENAS ZENÚ ORICO;2
DUITAMA;Consejo Comunitario Casimiro Meza Mendoza-Coconebo;CONSEJO COMUNITARIO CASIMIRO MEZA MENDOZA-COCONEBO;2
DUITAMA;Doris Elena Jacanamijoy Jacanamijoy;"MOVIMIENTO ALTERNATIVO INDÍGENA Y SOCIAL ""MAIS""";2
DUITAMA;Expresión Afro, Ambiental Y Cultural Colombia Con Dignidad;EXPRESIÓN AFRO, AMBIENTAL Y CULTURAL COLOMBIA CON DIGNIDAD;2
DUITAMA;Hernando Mosquera Barbosa;C.C. DE LA COMUNIDAD NEGRA DE LA VEREDA EL ESFUERZO;2
DUITAMA;Jazmin Patricia Garcia Caicedo;"CONSEJO COMUNITARIO DE PIZARRO ""CONCOPI""";2
DUITAMA;Jorge Eliecer Garces Florez;CONSEJO COMUNITARIO DE LA COMUNIDAD NEGRA DE LIMONES;2
DUITAMA;Magnolia Morales Zamora;PARTIDO INDÍGENA COLOMBIANO P.I.C;2
DUITAMA;Movimiento Unidad En Minga Por Colombia;MOVIMIENTO UNIDAD EN MINGA POR COLOMBIA;2
DUITAMA;Afro Cyc;AFRO CYC;1
DUITAMA;Alexander Bolaños Garcia;CONSEJO COMUNITARIO DE COMUNIDADES NEGRAS CUENCA RÍO OVEJAS;1
DUITAMA;"Asociación Afrocolombiana ""Asomakidzon""";"ASOCIACIÓN AFROCOLOMBIANA ""ASOMAKIDZON""";1
DUITAMA;"Asociación Nacional Indígena De Colombia ""Anic""";"ASOCIACIÓN NACIONAL INDÍGENA DE COLOMBIA ""ANIC""";1
DUITAMA;C.C. De La Comunidad Negra De La Vereda El Esfuerz O;C.C. DE LA COMUNIDAD NEGRA DE LA VEREDA EL ESFUERZO;1
DUITAMA;Cocopema;COCOPEMA;1
DUITAMA;Consejo Comunitario Afrozabaletas;CONSEJO COMUNITARIO AFROZABALETAS;1
DUITAMA;Consejo Comunitario De La Comunidad Negra De Limon Es;CONSEJO COMUNITARIO DE LA COMUNIDAD NEGRA DE LIMONES;1
DUITAMA;Consejo Comunitario De Quinamayo;CONSEJO COMUNITARIO DE QUINAMAYO;1
DUITAMA;Consejo Comunitario Manuel Zapata Olivella De San Antero;CONSEJO COMUNITARIO MANUEL ZAPATA OLIVELLA DE SAN ANTERO;1
DUITAMA;Consejo Comunitario Negros Unidos;CONSEJO COMUNITARIO NEGROS UNIDOS;1
DUITAMA;Consejo Comunitario Nueva Esperanza;CONSEJO COMUNITARIO NUEVA ESPERANZA;1
DUITAMA;Consejo Comunitario Panamá De Arauca;CONSEJO COMUNITARIO PANAMÁ DE ARAUCA;1
DUITAMA;Darly Palacios Quejada;EXPRESIÓN AFRO, AMBIENTAL Y CULTURAL COLOMBIA CON DIGNIDAD;1
DUITAMA;Dina Luz Benitez Balceiro;ASOCIACIÓN AFRODESCENDIENTE PACÍFICO POR LA PAZ;1
DUITAMA;Fundación Artística Cultural Salsa Y Rumba;FUNDACIÓN ARTÍSTICA CULTURAL SALSA Y RUMBA;1
DUITAMA;"Fundación Semillas Para Una Vida Digna ""Fusemvid""";"FUNDACIÓN SEMILLAS PARA UNA VIDA DIGNA ""FUSEMVID""";1
DUITAMA;Ismael Maestre Simaca;AFROSLIBRES;1
DUITAMA;Jenifer Tatiana Mosquera Barrera;C.C. DE LA COMUNIDAD NEGRA DE LA VEREDA EL ESFUERZO;1
DUITAMA;Los Sabaneros Del Corregimiento De Minguillo;LOS SABANEROS DEL CORREGIMIENTO DE MINGUILLO;1
DUITAMA;Luzmila Cortinez Duran;ASOCONEG;1
DUITAMA;Oswaldo Jose Ochoa Albor;AFROSLIBRES;1
DUITAMA;Partido Indígena Colombiano P.I.C;PARTIDO INDÍGENA COLOMBIANO P.I.C;1
DUITAMA;Valentina Gutierrez Araujo;"MOVIMIENTO ALTERNATIVO INDÍGENA Y SOCIAL ""MAIS""";1
EL COCUY;Hector David Chaparro Chaparro;PARTIDO LIBERAL COLOMBIANO;258
EL COCUY;Ramiro Barragan Adame;PARTIDO ALIANZA VERDE;134
EL COCUY;Yamit Noe Hurtado Neira;PARTIDO ALIANZA VERDE;123
EL COCUY;Camilo Andres Caicedo Silva;PARTIDO LIBERAL COLOMBIANO;104
EL COCUY;Partido Centro Democrático;PARTIDO CENTRO DEMOCRÁTICO;89
EL COCUY;Pacto Histórico Boyacá;PACTO HISTÓRICO BOYACÁ;87
EL COCUY;Ingrid Marlen Sogamoso Alfonso;PARTIDO CONSERVADOR - MOVIMIENTO SALVACIÓN NACIONAL;54
EL COCUY;Hernel David Ortega Gomez;PARTIDO CONSERVADOR - MOVIMIENTO SALVACIÓN NACIONAL;50
EL COCUY;Kenda Lucia Caldera Garavito;PARTIDO CENTRO DEMOCRÁTICO;39
EL COCUY;Fabian Camilo Rojas Barrera;CR-NUEVO LIBERALISMO;31
EL COCUY;Jicly Esgardo Mutis Isaza;PARTIDO CENTRO DEMOCRÁTICO;31
EL COCUY;Oscar Leonardo Avila Romero;PARTIDO LIBERAL COLOMBIANO;27
EL COCUY;Adelinda Numpaque Sarmiento;PARTIDO ALIANZA VERDE;26
EL COCUY;Eduar Alexis Triana Rincon;PARTIDO CENTRO DEMOCRÁTICO;23
EL COCUY;Vivian Andrea Nieto Florez;PARTIDO ALIANZA VERDE;22
EL COCUY;Jaime Raul Salamanca Torres;PARTIDO ALIANZA VERDE;19
EL COCUY;Fredy Alexander Garzon Rojas;PARTIDO CENTRO DEMOCRÁTICO;18
EL COCUY;Partido Alianza Verde;PARTIDO ALIANZA VERDE;18
EL COCUY;Partido Liberal Colombiano;PARTIDO LIBERAL COLOMBIANO;18
EL COCUY;Delci Del Carmen Urbano;PARTIDO CENTRO DEMOCRÁTICO;13
EL COCUY;Partido Conservador - Movimiento Salvación Naciona L;PARTIDO CONSERVADOR - MOVIMIENTO SALVACIÓN NACIONAL;9
EL COCUY;Wilder Ivan Suesca Ochoa;PARTIDO CONSERVADOR - MOVIMIENTO SALVACIÓN NACIONAL;9
EL COCUY;Diana Paola Herrera Nuñez;PARTIDO LIBERAL COLOMBIANO;8
EL COCUY;Hector Josue Camacho Acosta;CR-NUEVO LIBERALISMO;7
EL COCUY;Nancy Yaneth Zapata Pachon;PARTIDO DE LA U - PARTIDO MIRA;6
EL COCUY;Nicolas Felipe Urbano Villamil;PARTIDO LIBERAL COLOMBIANO;5
EL COCUY;Cr-Nuevo Liberalismo;CR-NUEVO LIBERALISMO;4
EL COCUY;Gloria Cecilia Palacios Guastar;PARTIDO CONSERVADOR - MOVIMIENTO SALVACIÓN NACIONAL;4
EL COCUY;Jairo Enrique Castiblanco Parra;PARTIDO DE LA U - PARTIDO MIRA;4
EL COCUY;John Alberto Moreno Galindo;PARTIDO CONSERVADOR - MOVIMIENTO SALVACIÓN NACIONAL;4
EL COCUY;Oscar Yovany Montenegro Salcedo;CR-NUEVO LIBERALISMO;4
EL COCUY;William Donato Gomez;PARTIDO ALIANZA VERDE;4
EL COCUY;Jhonatan David Holguin Cruz;PARTIDO CENTRO DEMOCRÁTICO;3
EL COCUY;Jose Dario Mahecha Castillo;PARTIDO CONSERVADOR - MOVIMIENTO SALVACIÓN NACIONAL;3
EL COCUY;Humphrey Roa Sarmiento;PARTIDO DE LA U - PARTIDO MIRA;2
EL COCUY;Manuel Steven Alvarez Pulido;PARTIDO DE LA U - PARTIDO MIRA;2
EL COCUY;Ricardo Antonio Agudelo Guiza;ALMA - OXÍGENO;2
EL COCUY;Edgar Fernando Farfan Corzo;PARTIDO POLÍTICO DIGNIDAD & COMPROMISO;1
EL COCUY;Giovanny Andres Gomez Palomino;ALMA - OXÍGENO;1
EL COCUY;Graciela Ramirez Monroy;PARTIDO POLÍTICO DIGNIDAD & COMPROMISO;1
EL COCUY;Javier Araque Elaica;PARTIDO POLÍTICO DIGNIDAD & COMPROMISO;1
EL COCUY;Layoneth Grandas Villamil;PARTIDO POLÍTICO DIGNIDAD & COMPROMISO;1
EL COCUY;Libi Puerto Granados;PARTIDO DE LA U - PARTIDO MIRA;1
EL COCUY;Nubia Jacqueline Caro Perez;PARTIDO LIBERAL COLOMBIANO;1
EL COCUY;Olga Lucia Cruz Cuevas;ALMA - OXÍGENO;1
EL COCUY;Olga Niño Rojas;PARTIDO POLÍTICO DIGNIDAD & COMPROMISO;1
EL COCUY;Rumaldo Rojas Ramirez;ALMA - OXÍGENO;1
EL ESPINO;Kenda Lucia Caldera Garavito;PARTIDO CENTRO DEMOCRÁTICO;202
EL ESPINO;Jicly Esgardo Mutis Isaza;PARTIDO CENTRO DEMOCRÁTICO;146
EL ESPINO;Camilo Andres Caicedo Silva;PARTIDO LIBERAL COLOMBIANO;104
EL ESPINO;Partido Centro Democrático;PARTIDO CENTRO DEMOCRÁTICO;75
EL ESPINO;Hector Josue Camacho Acosta;CR-NUEVO LIBERALISMO;58
EL ESPINO;Pacto Histórico Boyacá;PACTO HISTÓRICO BOYACÁ;51
EL ESPINO;Ingrid Marlen Sogamoso Alfonso;PARTIDO CONSERVADOR - MOVIMIENTO SALVACIÓN NACIONAL;41
EL ESPINO;Jairo Enrique Castiblanco Parra;PARTIDO DE LA U - PARTIDO MIRA;40
EL ESPINO;Eduar Alexis Triana Rincon;PARTIDO CENTRO DEMOCRÁTICO;39
EL ESPINO;Jaime Raul Salamanca Torres;PARTIDO ALIANZA VERDE;35
EL ESPINO;Hernel David Ortega Gomez;PARTIDO CONSERVADOR - MOVIMIENTO SALVACIÓN NACIONAL;26
EL ESPINO;Wilder Ivan Suesca Ochoa;PARTIDO CONSERVADOR - MOVIMIENTO SALVACIÓN NACIONAL;26
EL ESPINO;Delci Del Carmen Urbano;PARTIDO CENTRO DEMOCRÁTICO;17
EL ESPINO;Ramiro Barragan Adame;PARTIDO ALIANZA VERDE;16
EL ESPINO;Jose Dario Mahecha Castillo;PARTIDO CONSERVADOR - MOVIMIENTO SALVACIÓN NACIONAL;15
EL ESPINO;Fabian Camilo Rojas Barrera;CR-NUEVO LIBERALISMO;11
EL ESPINO;William Donato Gomez;PARTIDO ALIANZA VERDE;11
EL ESPINO;Yamit Noe Hurtado Neira;PARTIDO ALIANZA VERDE;11
EL ESPINO;Partido Alianza Verde;PARTIDO ALIANZA VERDE;9
EL ESPINO;John Alberto Moreno Galindo;PARTIDO CONSERVADOR - MOVIMIENTO SALVACIÓN NACIONAL;6
EL ESPINO;Partido Conservador - Movimiento Salvación Naciona L;PARTIDO CONSERVADOR - MOVIMIENTO SALVACIÓN NACIONAL;6
EL ESPINO;Hector David Chaparro Chaparro;PARTIDO LIBERAL COLOMBIANO;5
EL ESPINO;Jhonatan David Holguin Cruz;PARTIDO CENTRO DEMOCRÁTICO;5
EL ESPINO;Vicente Anibal Ojeda Martinez;CR-NUEVO LIBERALISMO;5
EL ESPINO;Adelinda Numpaque Sarmiento;PARTIDO ALIANZA VERDE;4
EL ESPINO;Diana Paola Herrera Nuñez;PARTIDO LIBERAL COLOMBIANO;4
EL ESPINO;Nancy Yaneth Zapata Pachon;PARTIDO DE LA U - PARTIDO MIRA;4
EL ESPINO;Oscar Leonardo Avila Romero;PARTIDO LIBERAL COLOMBIANO;3
EL ESPINO;Vivian Andrea Nieto Florez;PARTIDO ALIANZA VERDE;3
EL ESPINO;Yury Neill Diaz Aranguren;PARTIDO DE LA U - PARTIDO MIRA;3
EL ESPINO;Alma - Oxígeno;ALMA - OXÍGENO;2
EL ESPINO;Cr-Nuevo Liberalismo;CR-NUEVO LIBERALISMO;2
EL ESPINO;Fredy Alexander Garzon Rojas;PARTIDO CENTRO DEMOCRÁTICO;2
EL ESPINO;Giovanny Andres Gomez Palomino;ALMA - OXÍGENO;2
EL ESPINO;Gloria Cecilia Palacios Guastar;PARTIDO CONSERVADOR - MOVIMIENTO SALVACIÓN NACIONAL;2
EL ESPINO;Humphrey Roa Sarmiento;PARTIDO DE LA U - PARTIDO MIRA;2
EL ESPINO;Olga Niño Rojas;PARTIDO POLÍTICO DIGNIDAD & COMPROMISO;2
EL ESPINO;Partido Liberal Colombiano;PARTIDO LIBERAL COLOMBIANO;2
EL ESPINO;Ricardo Antonio Agudelo Guiza;ALMA - OXÍGENO;2
EL ESPINO;Consejo Comunitario El Naranjo;CONSEJO COMUNITARIO EL NARANJO;1
EL ESPINO;Eduardo David Suarez Moreno;ALMA - OXÍGENO;1
EL ESPINO;Javier Araque Elaica;PARTIDO POLÍTICO DIGNIDAD & COMPROMISO;1
EL ESPINO;Jose De Los Angeles Fernandez Palacios;PARTIDO POLÍTICO DIGNIDAD & COMPROMISO;1
EL ESPINO;Laura Cristina Monroy Bayona;CR-NUEVO LIBERALISMO;1
EL ESPINO;Nadia Alexandra Carreño Avella;CR-NUEVO LIBERALISMO;1
EL ESPINO;Oscar Yovany Montenegro Salcedo;CR-NUEVO LIBERALISMO;1
EL ESPINO;Rumaldo Rojas Ramirez;ALMA - OXÍGENO;1
FIRAVITOBA;Pacto Histórico Boyacá;PACTO HISTÓRICO BOYACÁ;571
FIRAVITOBA;Jaime Raul Salamanca Torres;PARTIDO ALIANZA VERDE;262
FIRAVITOBA;Hector David Chaparro Chaparro;PARTIDO LIBERAL COLOMBIANO;185
FIRAVITOBA;Diana Paola Herrera Nuñez;PARTIDO LIBERAL COLOMBIANO;171
FIRAVITOBA;Ramiro Barragan Adame;PARTIDO ALIANZA VERDE;166
FIRAVITOBA;Yamit Noe Hurtado Neira;PARTIDO ALIANZA VERDE;146
FIRAVITOBA;Yury Neill Diaz Aranguren;PARTIDO DE LA U - PARTIDO MIRA;117
FIRAVITOBA;Eduar Alexis Triana Rincon;PARTIDO CENTRO DEMOCRÁTICO;81
FIRAVITOBA;Nadia Alexandra Carreño Avella;CR-NUEVO LIBERALISMO;78
FIRAVITOBA;Fabian Camilo Rojas Barrera;CR-NUEVO LIBERALISMO;68
FIRAVITOBA;Partido Centro Democrático;PARTIDO CENTRO DEMOCRÁTICO;65
FIRAVITOBA;Wilder Ivan Suesca Ochoa;PARTIDO CONSERVADOR - MOVIMIENTO SALVACIÓN NACIONAL;52
FIRAVITOBA;Gloria Cecilia Palacios Guastar;PARTIDO CONSERVADOR - MOVIMIENTO SALVACIÓN NACIONAL;49
FIRAVITOBA;Jicly Esgardo Mutis Isaza;PARTIDO CENTRO DEMOCRÁTICO;45
FIRAVITOBA;Ingrid Marlen Sogamoso Alfonso;PARTIDO CONSERVADOR - MOVIMIENTO SALVACIÓN NACIONAL;41
FIRAVITOBA;Jose Dario Mahecha Castillo;PARTIDO CONSERVADOR - MOVIMIENTO SALVACIÓN NACIONAL;41
FIRAVITOBA;Partido Alianza Verde;PARTIDO ALIANZA VERDE;37
FIRAVITOBA;Laura Cristina Monroy Bayona;CR-NUEVO LIBERALISMO;30
FIRAVITOBA;Adelinda Numpaque Sarmiento;PARTIDO ALIANZA VERDE;27
FIRAVITOBA;Jairo Enrique Castiblanco Parra;PARTIDO DE LA U - PARTIDO MIRA;23
FIRAVITOBA;Jhonatan David Holguin Cruz;PARTIDO CENTRO DEMOCRÁTICO;23
FIRAVITOBA;Delci Del Carmen Urbano;PARTIDO CENTRO DEMOCRÁTICO;22
FIRAVITOBA;Oscar Leonardo Avila Romero;PARTIDO LIBERAL COLOMBIANO;20
FIRAVITOBA;Partido Conservador - Movimiento Salvación Naciona L;PARTIDO CONSERVADOR - MOVIMIENTO SALVACIÓN NACIONAL;18
FIRAVITOBA;Hernel David Ortega Gomez;PARTIDO CONSERVADOR - MOVIMIENTO SALVACIÓN NACIONAL;16
FIRAVITOBA;Nancy Yaneth Zapata Pachon;PARTIDO DE LA U - PARTIDO MIRA;16
FIRAVITOBA;Partido Liberal Colombiano;PARTIDO LIBERAL COLOMBIANO;16
FIRAVITOBA;Consejo Comunitario El Naranjo;CONSEJO COMUNITARIO EL NARANJO;15
FIRAVITOBA;Vivian Andrea Nieto Florez;PARTIDO ALIANZA VERDE;15
FIRAVITOBA;Fredy Alexander Garzon Rojas;PARTIDO CENTRO DEMOCRÁTICO;13
FIRAVITOBA;William Donato Gomez;PARTIDO ALIANZA VERDE;13
FIRAVITOBA;Hector Josue Camacho Acosta;CR-NUEVO LIBERALISMO;11
FIRAVITOBA;Partido De La U - Partido Mira;PARTIDO DE LA U - PARTIDO MIRA;10
FIRAVITOBA;Oscar Yovany Montenegro Salcedo;CR-NUEVO LIBERALISMO;9
FIRAVITOBA;Camilo Andres Caicedo Silva;PARTIDO LIBERAL COLOMBIANO;8
FIRAVITOBA;Vicente Anibal Ojeda Martinez;CR-NUEVO LIBERALISMO;8
FIRAVITOBA;Manuel Steven Alvarez Pulido;PARTIDO DE LA U - PARTIDO MIRA;7
FIRAVITOBA;John Alberto Moreno Galindo;PARTIDO CONSERVADOR - MOVIMIENTO SALVACIÓN NACIONAL;6
FIRAVITOBA;Kenda Lucia Caldera Garavito;PARTIDO CENTRO DEMOCRÁTICO;6
FIRAVITOBA;Giovanny Andres Gomez Palomino;ALMA - OXÍGENO;5
FIRAVITOBA;Eduardo David Suarez Moreno;ALMA - OXÍGENO;4
FIRAVITOBA;Javier Araque Elaica;PARTIDO POLÍTICO DIGNIDAD & COMPROMISO;4
FIRAVITOBA;Nubia Jacqueline Caro Perez;PARTIDO LIBERAL COLOMBIANO;4
FIRAVITOBA;Ricardo Antonio Agudelo Guiza;ALMA - OXÍGENO;4
FIRAVITOBA;Alma - Oxígeno;ALMA - OXÍGENO;3
FIRAVITOBA;Cr-Nuevo Liberalismo;CR-NUEVO LIBERALISMO;3
FIRAVITOBA;Graciela Ramirez Monroy;PARTIDO POLÍTICO DIGNIDAD & COMPROMISO;3
FIRAVITOBA;Nicolas Felipe Urbano Villamil;PARTIDO LIBERAL COLOMBIANO;3
FIRAVITOBA;Partido Político Dignidad & Compromiso;PARTIDO POLÍTICO DIGNIDAD & COMPROMISO;3
FIRAVITOBA;Humphrey Roa Sarmiento;PARTIDO DE LA U - PARTIDO MIRA;2
FIRAVITOBA;Layoneth Grandas Villamil;PARTIDO POLÍTICO DIGNIDAD & COMPROMISO;2
FIRAVITOBA;Olga Niño Rojas;PARTIDO POLÍTICO DIGNIDAD & COMPROMISO;2
FIRAVITOBA;Rumaldo Rojas Ramirez;ALMA - OXÍGENO;2
FIRAVITOBA;Afro Cyc;AFRO CYC;1
FIRAVITOBA;Libi Puerto Granados;PARTIDO DE LA U - PARTIDO MIRA;1
FIRAVITOBA;Magnolia Morales Zamora;PARTIDO INDÍGENA COLOMBIANO P.I.C;1
FIRAVITOBA;Olga Lucia Cruz Cuevas;ALMA - OXÍGENO;1
FIRAVITOBA;Paciano Asprilla Arboleda;"CONSEJO COMUNITARIO DE PIZARRO ""CONCOPI""";1
FLORESTA;Jaime Raul Salamanca Torres;PARTIDO ALIANZA VERDE;831
FLORESTA;Yamit Noe Hurtado Neira;PARTIDO ALIANZA VERDE;816
FLORESTA;Pacto Histórico Boyacá;PACTO HISTÓRICO BOYACÁ;151
FLORESTA;Fabian Camilo Rojas Barrera;CR-NUEVO LIBERALISMO;139
FLORESTA;Ramiro Barragan Adame;PARTIDO ALIANZA VERDE;52
FLORESTA;Jicly Esgardo Mutis Isaza;PARTIDO CENTRO DEMOCRÁTICO;45
FLORESTA;Partido Alianza Verde;PARTIDO ALIANZA VERDE;44
FLORESTA;Partido Centro Democrático;PARTIDO CENTRO DEMOCRÁTICO;31
FLORESTA;Diana Paola Herrera Nuñez;PARTIDO LIBERAL COLOMBIANO;27
FLORESTA;Wilder Ivan Suesca Ochoa;PARTIDO CONSERVADOR - MOVIMIENTO SALVACIÓN NACIONAL;26
FLORESTA;Eduar Alexis Triana Rincon;PARTIDO CENTRO DEMOCRÁTICO;25
FLORESTA;Oscar Leonardo Avila Romero;PARTIDO LIBERAL COLOMBIANO;21
FLORESTA;Hector David Chaparro Chaparro;PARTIDO LIBERAL COLOMBIANO;15
FLORESTA;Gloria Cecilia Palacios Guastar;PARTIDO CONSERVADOR - MOVIMIENTO SALVACIÓN NACIONAL;12
FLORESTA;Hernel David Ortega Gomez;PARTIDO CONSERVADOR - MOVIMIENTO SALVACIÓN NACIONAL;12
FLORESTA;Ingrid Marlen Sogamoso Alfonso;PARTIDO CONSERVADOR - MOVIMIENTO SALVACIÓN NACIONAL;8
FLORESTA;Jose Dario Mahecha Castillo;PARTIDO CONSERVADOR - MOVIMIENTO SALVACIÓN NACIONAL;8
FLORESTA;Delci Del Carmen Urbano;PARTIDO CENTRO DEMOCRÁTICO;7
FLORESTA;Nadia Alexandra Carreño Avella;CR-NUEVO LIBERALISMO;7
FLORESTA;Jairo Enrique Castiblanco Parra;PARTIDO DE LA U - PARTIDO MIRA;6
FLORESTA;Partido Conservador - Movimiento Salvación Naciona L;PARTIDO CONSERVADOR - MOVIMIENTO SALVACIÓN NACIONAL;6
FLORESTA;Adelinda Numpaque Sarmiento;PARTIDO ALIANZA VERDE;5
FLORESTA;Hector Josue Camacho Acosta;CR-NUEVO LIBERALISMO;5
FLORESTA;Jhonatan David Holguin Cruz;PARTIDO CENTRO DEMOCRÁTICO;5
FLORESTA;Vivian Andrea Nieto Florez;PARTIDO ALIANZA VERDE;5
FLORESTA;Eduardo David Suarez Moreno;ALMA - OXÍGENO;3
FLORESTA;Fredy Alexander Garzon Rojas;PARTIDO CENTRO DEMOCRÁTICO;3
FLORESTA;Nancy Yaneth Zapata Pachon;PARTIDO DE LA U - PARTIDO MIRA;3
FLORESTA;Oscar Yovany Montenegro Salcedo;CR-NUEVO LIBERALISMO;3
FLORESTA;William Donato Gomez;PARTIDO ALIANZA VERDE;3
FLORESTA;Kenda Lucia Caldera Garavito;PARTIDO CENTRO DEMOCRÁTICO;2
FLORESTA;Yury Neill Diaz Aranguren;PARTIDO DE LA U - PARTIDO MIRA;2
FLORESTA;Cr-Nuevo Liberalismo;CR-NUEVO LIBERALISMO;1
FLORESTA;Graciela Ramirez Monroy;PARTIDO POLÍTICO DIGNIDAD & COMPROMISO;1
FLORESTA;Javier Araque Elaica;PARTIDO POLÍTICO DIGNIDAD & COMPROMISO;1
FLORESTA;John Alberto Moreno Galindo;PARTIDO CONSERVADOR - MOVIMIENTO SALVACIÓN NACIONAL;1
FLORESTA;Libi Puerto Granados;PARTIDO DE LA U - PARTIDO MIRA;1
FLORESTA;Nubia Jacqueline Caro Perez;PARTIDO LIBERAL COLOMBIANO;1
FLORESTA;Olga Lucia Cruz Cuevas;ALMA - OXÍGENO;1
FLORESTA;Partido Liberal Colombiano;PARTIDO LIBERAL COLOMBIANO;1
FLORESTA;Ricardo Antonio Agudelo Guiza;ALMA - OXÍGENO;1
GACHANTIVA;Yamit Noe Hurtado Neira;PARTIDO ALIANZA VERDE;168
GACHANTIVA;Hector David Chaparro Chaparro;PARTIDO LIBERAL COLOMBIANO;162
GACHANTIVA;Pacto Histórico Boyacá;PACTO HISTÓRICO BOYACÁ;151
GACHANTIVA;Ramiro Barragan Adame;PARTIDO ALIANZA VERDE;121
GACHANTIVA;Eduar Alexis Triana Rincon;PARTIDO CENTRO DEMOCRÁTICO;81
GACHANTIVA;Fabian Camilo Rojas Barrera;CR-NUEVO LIBERALISMO;79
GACHANTIVA;Jicly Esgardo Mutis Isaza;PARTIDO CENTRO DEMOCRÁTICO;52
GACHANTIVA;Oscar Leonardo Avila Romero;PARTIDO LIBERAL COLOMBIANO;44
GACHANTIVA;Wilder Ivan Suesca Ochoa;PARTIDO CONSERVADOR - MOVIMIENTO SALVACIÓN NACIONAL;38
GACHANTIVA;Partido Alianza Verde;PARTIDO ALIANZA VERDE;37
GACHANTIVA;Partido Centro Democrático;PARTIDO CENTRO DEMOCRÁTICO;37
GACHANTIVA;Jaime Raul Salamanca Torres;PARTIDO ALIANZA VERDE;31
GACHANTIVA;Hernel David Ortega Gomez;PARTIDO CONSERVADOR - MOVIMIENTO SALVACIÓN NACIONAL;22
GACHANTIVA;Nicolas Felipe Urbano Villamil;PARTIDO LIBERAL COLOMBIANO;18
GACHANTIVA;Vivian Andrea Nieto Florez;PARTIDO ALIANZA VERDE;17
GACHANTIVA;Partido Liberal Colombiano;PARTIDO LIBERAL COLOMBIANO;16
GACHANTIVA;Adelinda Numpaque Sarmiento;PARTIDO ALIANZA VERDE;13
GACHANTIVA;Jhonatan David Holguin Cruz;PARTIDO CENTRO DEMOCRÁTICO;13
GACHANTIVA;Delci Del Carmen Urbano;PARTIDO CENTRO DEMOCRÁTICO;11
GACHANTIVA;Diana Paola Herrera Nuñez;PARTIDO LIBERAL COLOMBIANO;11
GACHANTIVA;Jose Dario Mahecha Castillo;PARTIDO CONSERVADOR - MOVIMIENTO SALVACIÓN NACIONAL;11
GACHANTIVA;Nancy Yaneth Zapata Pachon;PARTIDO DE LA U - PARTIDO MIRA;10
GACHANTIVA;Partido Conservador - Movimiento Salvación Naciona L;PARTIDO CONSERVADOR - MOVIMIENTO SALVACIÓN NACIONAL;10
GACHANTIVA;Gloria Cecilia Palacios Guastar;PARTIDO CONSERVADOR - MOVIMIENTO SALVACIÓN NACIONAL;8
GACHANTIVA;Ingrid Marlen Sogamoso Alfonso;PARTIDO CONSERVADOR - MOVIMIENTO SALVACIÓN NACIONAL;6
GACHANTIVA;Jairo Enrique Castiblanco Parra;PARTIDO DE LA U - PARTIDO MIRA;6
GACHANTIVA;Cr-Nuevo Liberalismo;CR-NUEVO LIBERALISMO;5
GACHANTIVA;Edgar Fernando Farfan Corzo;PARTIDO POLÍTICO DIGNIDAD & COMPROMISO;5
GACHANTIVA;Humphrey Roa Sarmiento;PARTIDO DE LA U - PARTIDO MIRA;5
GACHANTIVA;Fredy Alexander Garzon Rojas;PARTIDO CENTRO DEMOCRÁTICO;4
GACHANTIVA;Hector Josue Camacho Acosta;CR-NUEVO LIBERALISMO;4
GACHANTIVA;Javier Araque Elaica;PARTIDO POLÍTICO DIGNIDAD & COMPROMISO;3
GACHANTIVA;John Alberto Moreno Galindo;PARTIDO CONSERVADOR - MOVIMIENTO SALVACIÓN NACIONAL;3
GACHANTIVA;Olga Niño Rojas;PARTIDO POLÍTICO DIGNIDAD & COMPROMISO;3
GACHANTIVA;Ricardo Antonio Agudelo Guiza;ALMA - OXÍGENO;3
GACHANTIVA;Alma - Oxígeno;ALMA - OXÍGENO;2
GACHANTIVA;Consejo Comunitario El Naranjo;CONSEJO COMUNITARIO EL NARANJO;2
GACHANTIVA;Olga Lucia Cruz Cuevas;ALMA - OXÍGENO;2
GACHANTIVA;Yury Neill Diaz Aranguren;PARTIDO DE LA U - PARTIDO MIRA;2
GACHANTIVA;Camilo Andres Caicedo Silva;PARTIDO LIBERAL COLOMBIANO;1
GACHANTIVA;Carolina Geiringer Ortega;ALMA - OXÍGENO;1
GACHANTIVA;Consejo Comunitario La Gran Vía De Los Remedios;CONSEJO COMUNITARIO LA GRAN VÍA DE LOS REMEDIOS;1
GACHANTIVA;Eduardo David Suarez Moreno;ALMA - OXÍGENO;1
GACHANTIVA;Kenda Lucia Caldera Garavito;PARTIDO CENTRO DEMOCRÁTICO;1
GACHANTIVA;Nadia Alexandra Carreño Avella;CR-NUEVO LIBERALISMO;1
GACHANTIVA;Nubia Jacqueline Caro Perez;PARTIDO LIBERAL COLOMBIANO;1
GACHANTIVA;Oscar Yovany Montenegro Salcedo;CR-NUEVO LIBERALISMO;1
GACHANTIVA;Vicente Anibal Ojeda Martinez;CR-NUEVO LIBERALISMO;1
GACHANTIVA;William Donato Gomez;PARTIDO ALIANZA VERDE;1
GAMEZA;Gloria Cecilia Palacios Guastar;PARTIDO CONSERVADOR - MOVIMIENTO SALVACIÓN NACIONAL;171
GAMEZA;Pacto Histórico Boyacá;PACTO HISTÓRICO BOYACÁ;150
GAMEZA;Ramiro Barragan Adame;PARTIDO ALIANZA VERDE;131
GAMEZA;Jairo Enrique Castiblanco Parra;PARTIDO DE LA U - PARTIDO MIRA;109
GAMEZA;Jose Dario Mahecha Castillo;PARTIDO CONSERVADOR - MOVIMIENTO SALVACIÓN NACIONAL;108
GAMEZA;Diana Paola Herrera Nuñez;PARTIDO LIBERAL COLOMBIANO;90
GAMEZA;Partido Centro Democrático;PARTIDO CENTRO DEMOCRÁTICO;87
GAMEZA;Hector David Chaparro Chaparro;PARTIDO LIBERAL COLOMBIANO;85
GAMEZA;Fabian Camilo Rojas Barrera;CR-NUEVO LIBERALISMO;83
GAMEZA;Eduar Alexis Triana Rincon;PARTIDO CENTRO DEMOCRÁTICO;82
GAMEZA;Ingrid Marlen Sogamoso Alfonso;PARTIDO CONSERVADOR - MOVIMIENTO SALVACIÓN NACIONAL;70
GAMEZA;Jaime Raul Salamanca Torres;PARTIDO ALIANZA VERDE;63
GAMEZA;Hernel David Ortega Gomez;PARTIDO CONSERVADOR - MOVIMIENTO SALVACIÓN NACIONAL;58
GAMEZA;William Donato Gomez;PARTIDO ALIANZA VERDE;46
GAMEZA;Delci Del Carmen Urbano;PARTIDO CENTRO DEMOCRÁTICO;40
GAMEZA;Jicly Esgardo Mutis Isaza;PARTIDO CENTRO DEMOCRÁTICO;35
GAMEZA;Yury Neill Diaz Aranguren;PARTIDO DE LA U - PARTIDO MIRA;33
GAMEZA;Hector Josue Camacho Acosta;CR-NUEVO LIBERALISMO;32
GAMEZA;Yamit Noe Hurtado Neira;PARTIDO ALIANZA VERDE;29
GAMEZA;Partido Alianza Verde;PARTIDO ALIANZA VERDE;25
GAMEZA;Adelinda Numpaque Sarmiento;PARTIDO ALIANZA VERDE;23
GAMEZA;Nadia Alexandra Carreño Avella;CR-NUEVO LIBERALISMO;21
GAMEZA;Partido Conservador - Movimiento Salvación Naciona L;PARTIDO CONSERVADOR - MOVIMIENTO SALVACIÓN NACIONAL;21
GAMEZA;Wilder Ivan Suesca Ochoa;PARTIDO CONSERVADOR - MOVIMIENTO SALVACIÓN NACIONAL;17
GAMEZA;Oscar Leonardo Avila Romero;PARTIDO LIBERAL COLOMBIANO;13
GAMEZA;Fredy Alexander Garzon Rojas;PARTIDO CENTRO DEMOCRÁTICO;11
GAMEZA;Vivian Andrea Nieto Florez;PARTIDO ALIANZA VERDE;11
GAMEZA;Humphrey Roa Sarmiento;PARTIDO DE LA U - PARTIDO MIRA;9
GAMEZA;Cr-Nuevo Liberalismo;CR-NUEVO LIBERALISMO;8
GAMEZA;Jhonatan David Holguin Cruz;PARTIDO CENTRO DEMOCRÁTICO;8
GAMEZA;Nicolas Felipe Urbano Villamil;PARTIDO LIBERAL COLOMBIANO;8
GAMEZA;Kenda Lucia Caldera Garavito;PARTIDO CENTRO DEMOCRÁTICO;7
GAMEZA;Nancy Yaneth Zapata Pachon;PARTIDO DE LA U - PARTIDO MIRA;6
GAMEZA;Oscar Yovany Montenegro Salcedo;CR-NUEVO LIBERALISMO;6
GAMEZA;Partido Liberal Colombiano;PARTIDO LIBERAL COLOMBIANO;6
GAMEZA;Alma - Oxígeno;ALMA - OXÍGENO;4
GAMEZA;Camilo Andres Caicedo Silva;PARTIDO LIBERAL COLOMBIANO;4
GAMEZA;Eduardo David Suarez Moreno;ALMA - OXÍGENO;4
GAMEZA;Giovanny Andres Gomez Palomino;ALMA - OXÍGENO;4
GAMEZA;John Alberto Moreno Galindo;PARTIDO CONSERVADOR - MOVIMIENTO SALVACIÓN NACIONAL;4
GAMEZA;Rumaldo Rojas Ramirez;ALMA - OXÍGENO;4
GAMEZA;Libi Puerto Granados;PARTIDO DE LA U - PARTIDO MIRA;3
GAMEZA;Manuel Steven Alvarez Pulido;PARTIDO DE LA U - PARTIDO MIRA;3
GAMEZA;Ricardo Antonio Agudelo Guiza;ALMA - OXÍGENO;3
GAMEZA;Edgar Fernando Farfan Corzo;PARTIDO POLÍTICO DIGNIDAD & COMPROMISO;2
GAMEZA;Graciela Ramirez Monroy;PARTIDO POLÍTICO DIGNIDAD & COMPROMISO;2
GAMEZA;Laura Cristina Monroy Bayona;CR-NUEVO LIBERALISMO;2
GAMEZA;Nubia Jacqueline Caro Perez;PARTIDO LIBERAL COLOMBIANO;2
GAMEZA;Olga Lucia Cruz Cuevas;ALMA - OXÍGENO;2
GAMEZA;Partido De La U - Partido Mira;PARTIDO DE LA U - PARTIDO MIRA;2
GAMEZA;Partido Político Dignidad & Compromiso;PARTIDO POLÍTICO DIGNIDAD & COMPROMISO;2
GAMEZA;Carolina Geiringer Ortega;ALMA - OXÍGENO;1
GAMEZA;Consejo Comunitario El Naranjo;CONSEJO COMUNITARIO EL NARANJO;1
GAMEZA;Consejo Comunitario La Gran Vía De Los Remedios;CONSEJO COMUNITARIO LA GRAN VÍA DE LOS REMEDIOS;1
GAMEZA;Jose De Los Angeles Fernandez Palacios;PARTIDO POLÍTICO DIGNIDAD & COMPROMISO;1
GAMEZA;Layoneth Grandas Villamil;PARTIDO POLÍTICO DIGNIDAD & COMPROMISO;1
GAMEZA;Olga Niño Rojas;PARTIDO POLÍTICO DIGNIDAD & COMPROMISO;1
GAMEZA;Partido Demócrata Colombiano;PARTIDO DEMÓCRATA COLOMBIANO;1
GARAGOA;Ingrid Marlen Sogamoso Alfonso;PARTIDO CONSERVADOR - MOVIMIENTO SALVACIÓN NACIONAL;1386
GARAGOA;Pacto Histórico Boyacá;PACTO HISTÓRICO BOYACÁ;1077
GARAGOA;Jaime Raul Salamanca Torres;PARTIDO ALIANZA VERDE;761
GARAGOA;Jose Dario Mahecha Castillo;PARTIDO CONSERVADOR - MOVIMIENTO SALVACIÓN NACIONAL;353
GARAGOA;Yamit Noe Hurtado Neira;PARTIDO ALIANZA VERDE;261
GARAGOA;Eduar Alexis Triana Rincon;PARTIDO CENTRO DEMOCRÁTICO;197
GARAGOA;Nancy Yaneth Zapata Pachon;PARTIDO DE LA U - PARTIDO MIRA;189
GARAGOA;Oscar Yovany Montenegro Salcedo;CR-NUEVO LIBERALISMO;182
GARAGOA;Fabian Camilo Rojas Barrera;CR-NUEVO LIBERALISMO;179
GARAGOA;Partido Centro Democrático;PARTIDO CENTRO DEMOCRÁTICO;166
GARAGOA;Ramiro Barragan Adame;PARTIDO ALIANZA VERDE;119
GARAGOA;Hector David Chaparro Chaparro;PARTIDO LIBERAL COLOMBIANO;104
GARAGOA;Vivian Andrea Nieto Florez;PARTIDO ALIANZA VERDE;96
GARAGOA;Delci Del Carmen Urbano;PARTIDO CENTRO DEMOCRÁTICO;82
GARAGOA;Partido Alianza Verde;PARTIDO ALIANZA VERDE;74
GARAGOA;Wilder Ivan Suesca Ochoa;PARTIDO CONSERVADOR - MOVIMIENTO SALVACIÓN NACIONAL;68
GARAGOA;Partido Conservador - Movimiento Salvación Naciona L;PARTIDO CONSERVADOR - MOVIMIENTO SALVACIÓN NACIONAL;65
GARAGOA;Hernel David Ortega Gomez;PARTIDO CONSERVADOR - MOVIMIENTO SALVACIÓN NACIONAL;58
GARAGOA;Jicly Esgardo Mutis Isaza;PARTIDO CENTRO DEMOCRÁTICO;58
GARAGOA;Jairo Enrique Castiblanco Parra;PARTIDO DE LA U - PARTIDO MIRA;53
GARAGOA;Nicolas Felipe Urbano Villamil;PARTIDO LIBERAL COLOMBIANO;45
GARAGOA;Humphrey Roa Sarmiento;PARTIDO DE LA U - PARTIDO MIRA;36
GARAGOA;Adelinda Numpaque Sarmiento;PARTIDO ALIANZA VERDE;30
GARAGOA;Consejo Comunitario El Naranjo;CONSEJO COMUNITARIO EL NARANJO;30
GARAGOA;Gloria Cecilia Palacios Guastar;PARTIDO CONSERVADOR - MOVIMIENTO SALVACIÓN NACIONAL;29
GARAGOA;Jhonatan David Holguin Cruz;PARTIDO CENTRO DEMOCRÁTICO;28
GARAGOA;Hector Josue Camacho Acosta;CR-NUEVO LIBERALISMO;24
GARAGOA;Laura Cristina Monroy Bayona;CR-NUEVO LIBERALISMO;23
GARAGOA;Cr-Nuevo Liberalismo;CR-NUEVO LIBERALISMO;21
GARAGOA;Partido De La U - Partido Mira;PARTIDO DE LA U - PARTIDO MIRA;19
GARAGOA;Fredy Alexander Garzon Rojas;PARTIDO CENTRO DEMOCRÁTICO;18
GARAGOA;Nadia Alexandra Carreño Avella;CR-NUEVO LIBERALISMO;18
GARAGOA;Manuel Steven Alvarez Pulido;PARTIDO DE LA U - PARTIDO MIRA;16
GARAGOA;William Donato Gomez;PARTIDO ALIANZA VERDE;16
GARAGOA;Alma - Oxígeno;ALMA - OXÍGENO;14
GARAGOA;Diana Paola Herrera Nuñez;PARTIDO LIBERAL COLOMBIANO;14
GARAGOA;Eduardo David Suarez Moreno;ALMA - OXÍGENO;13
GARAGOA;Kenda Lucia Caldera Garavito;PARTIDO CENTRO DEMOCRÁTICO;12
GARAGOA;John Alberto Moreno Galindo;PARTIDO CONSERVADOR - MOVIMIENTO SALVACIÓN NACIONAL;11
GARAGOA;Graciela Ramirez Monroy;PARTIDO POLÍTICO DIGNIDAD & COMPROMISO;8
GARAGOA;Partido Liberal Colombiano;PARTIDO LIBERAL COLOMBIANO;8
GARAGOA;Ricardo Antonio Agudelo Guiza;ALMA - OXÍGENO;8
GARAGOA;Oscar Leonardo Avila Romero;PARTIDO LIBERAL COLOMBIANO;7
GARAGOA;Giovanny Andres Gomez Palomino;ALMA - OXÍGENO;6
GARAGOA;Olga Lucia Cruz Cuevas;ALMA - OXÍGENO;6
GARAGOA;Camilo Andres Caicedo Silva;PARTIDO LIBERAL COLOMBIANO;5
GARAGOA;Nubia Jacqueline Caro Perez;PARTIDO LIBERAL COLOMBIANO;5
GARAGOA;Partido Político Dignidad & Compromiso;PARTIDO POLÍTICO DIGNIDAD & COMPROMISO;5
GARAGOA;Vicente Anibal Ojeda Martinez;CR-NUEVO LIBERALISMO;5
GARAGOA;Afroslibres;AFROSLIBRES;4
GARAGOA;Javier Araque Elaica;PARTIDO POLÍTICO DIGNIDAD & COMPROMISO;3
GARAGOA;Olga Niño Rojas;PARTIDO POLÍTICO DIGNIDAD & COMPROMISO;3
GARAGOA;Afroemprendimiento;AFROEMPRENDIMIENTO;2
GARAGOA;Diego Armando Sanchez Arboleda;C.C. DE LA COMUNIDAD NEGRA DE LA VEREDA EL ESFUERZO;2
GARAGOA;Edgar Fernando Farfan Corzo;PARTIDO POLÍTICO DIGNIDAD & COMPROMISO;2
GARAGOA;Rumaldo Rojas Ramirez;ALMA - OXÍGENO;2
GARAGOA;"Asociación Afrocolombiana ""Asomakidzon""";"ASOCIACIÓN AFROCOLOMBIANA ""ASOMAKIDZON""";1
GARAGOA;Benildo Estupiñan Solis;PARTIDO ECOLOGISTA COLOMBIANO;1
GARAGOA;C.C. De La Comunidad Negra De La Vereda El Esfuerz O;C.C. DE LA COMUNIDAD NEGRA DE LA VEREDA EL ESFUERZO;1
GARAGOA;Carolina Geiringer Ortega;ALMA - OXÍGENO;1
GARAGOA;Consejo Comunitario La Gran Vía De Los Remedios;CONSEJO COMUNITARIO LA GRAN VÍA DE LOS REMEDIOS;1
GARAGOA;Consejo Comunitario Nueva Esperanza;CONSEJO COMUNITARIO NUEVA ESPERANZA;1
GARAGOA;Doris Elena Jacanamijoy Jacanamijoy;"MOVIMIENTO ALTERNATIVO INDÍGENA Y SOCIAL ""MAIS""";1
GARAGOA;Fuerza Ancestral;FUERZA ANCESTRAL;1
GARAGOA;Jazmin Patricia Garcia Caicedo;"CONSEJO COMUNITARIO DE PIZARRO ""CONCOPI""";1
GARAGOA;Jose De Los Angeles Fernandez Palacios;PARTIDO POLÍTICO DIGNIDAD & COMPROMISO;1
GARAGOA;Omar Bonilla Garcia;EXPRESIÓN AFRO, AMBIENTAL Y CULTURAL COLOMBIA CON DIGNIDAD;1
GARAGOA;Oswaldo Jose Ochoa Albor;AFROSLIBRES;1
GARAGOA;Yury Neill Diaz Aranguren;PARTIDO DE LA U - PARTIDO MIRA;1
GUACAMAYAS;Jaime Raul Salamanca Torres;PARTIDO ALIANZA VERDE;168
GUACAMAYAS;Ingrid Marlen Sogamoso Alfonso;PARTIDO CONSERVADOR - MOVIMIENTO SALVACIÓN NACIONAL;124
GUACAMAYAS;Jicly Esgardo Mutis Isaza;PARTIDO CENTRO DEMOCRÁTICO;65
GUACAMAYAS;Pacto Histórico Boyacá;PACTO HISTÓRICO BOYACÁ;62
GUACAMAYAS;Partido Centro Democrático;PARTIDO CENTRO DEMOCRÁTICO;53
GUACAMAYAS;Hector Josue Camacho Acosta;CR-NUEVO LIBERALISMO;30
GUACAMAYAS;Fabian Camilo Rojas Barrera;CR-NUEVO LIBERALISMO;28
GUACAMAYAS;Oscar Leonardo Avila Romero;PARTIDO LIBERAL COLOMBIANO;21
GUACAMAYAS;Ramiro Barragan Adame;PARTIDO ALIANZA VERDE;21
GUACAMAYAS;Kenda Lucia Caldera Garavito;PARTIDO CENTRO DEMOCRÁTICO;17
GUACAMAYAS;Partido Alianza Verde;PARTIDO ALIANZA VERDE;15
GUACAMAYAS;Yamit Noe Hurtado Neira;PARTIDO ALIANZA VERDE;12
GUACAMAYAS;Hector David Chaparro Chaparro;PARTIDO LIBERAL COLOMBIANO;10
GUACAMAYAS;Partido Conservador - Movimiento Salvación Naciona L;PARTIDO CONSERVADOR - MOVIMIENTO SALVACIÓN NACIONAL;9
GUACAMAYAS;Delci Del Carmen Urbano;PARTIDO CENTRO DEMOCRÁTICO;7
GUACAMAYAS;Jose Dario Mahecha Castillo;PARTIDO CONSERVADOR - MOVIMIENTO SALVACIÓN NACIONAL;7
GUACAMAYAS;Eduar Alexis Triana Rincon;PARTIDO CENTRO DEMOCRÁTICO;6
GUACAMAYAS;Adelinda Numpaque Sarmiento;PARTIDO ALIANZA VERDE;4
GUACAMAYAS;Hernel David Ortega Gomez;PARTIDO CONSERVADOR - MOVIMIENTO SALVACIÓN NACIONAL;4
GUACAMAYAS;John Alberto Moreno Galindo;PARTIDO CONSERVADOR - MOVIMIENTO SALVACIÓN NACIONAL;4
GUACAMAYAS;Nancy Yaneth Zapata Pachon;PARTIDO DE LA U - PARTIDO MIRA;4
GUACAMAYAS;Partido De La U - Partido Mira;PARTIDO DE LA U - PARTIDO MIRA;4
GUACAMAYAS;Vivian Andrea Nieto Florez;PARTIDO ALIANZA VERDE;4
GUACAMAYAS;Camilo Andres Caicedo Silva;PARTIDO LIBERAL COLOMBIANO;3
GUACAMAYAS;Jairo Enrique Castiblanco Parra;PARTIDO DE LA U - PARTIDO MIRA;3
GUACAMAYAS;Jhonatan David Holguin Cruz;PARTIDO CENTRO DEMOCRÁTICO;3
GUACAMAYAS;Partido Liberal Colombiano;PARTIDO LIBERAL COLOMBIANO;3
GUACAMAYAS;Wilder Ivan Suesca Ochoa;PARTIDO CONSERVADOR - MOVIMIENTO SALVACIÓN NACIONAL;3
GUACAMAYAS;Alma - Oxígeno;ALMA - OXÍGENO;2
GUACAMAYAS;Cr-Nuevo Liberalismo;CR-NUEVO LIBERALISMO;2
GUACAMAYAS;Diana Paola Herrera Nuñez;PARTIDO LIBERAL COLOMBIANO;2
GUACAMAYAS;Gloria Cecilia Palacios Guastar;PARTIDO CONSERVADOR - MOVIMIENTO SALVACIÓN NACIONAL;2
GUACAMAYAS;Nicolas Felipe Urbano Villamil;PARTIDO LIBERAL COLOMBIANO;2
GUACAMAYAS;Carolina Geiringer Ortega;ALMA - OXÍGENO;1
GUACAMAYAS;Eduardo David Suarez Moreno;ALMA - OXÍGENO;1
GUACAMAYAS;Graciela Ramirez Monroy;PARTIDO POLÍTICO DIGNIDAD & COMPROMISO;1
GUACAMAYAS;Manuel Steven Alvarez Pulido;PARTIDO DE LA U - PARTIDO MIRA;1
GUACAMAYAS;Nubia Jacqueline Caro Perez;PARTIDO LIBERAL COLOMBIANO;1
GUACAMAYAS;Olga Lucia Cruz Cuevas;ALMA - OXÍGENO;1
GUACAMAYAS;Olga Niño Rojas;PARTIDO POLÍTICO DIGNIDAD & COMPROMISO;1
GUACAMAYAS;Vicente Anibal Ojeda Martinez;CR-NUEVO LIBERALISMO;1
GUACAMAYAS;William Donato Gomez;PARTIDO ALIANZA VERDE;1
GUATEQUE;Pacto Histórico Boyacá;PACTO HISTÓRICO BOYACÁ;588
GUATEQUE;Oscar Yovany Montenegro Salcedo;CR-NUEVO LIBERALISMO;580
GUATEQUE;Jaime Raul Salamanca Torres;PARTIDO ALIANZA VERDE;487
GUATEQUE;Eduar Alexis Triana Rincon;PARTIDO CENTRO DEMOCRÁTICO;420
GUATEQUE;Ingrid Marlen Sogamoso Alfonso;PARTIDO CONSERVADOR - MOVIMIENTO SALVACIÓN NACIONAL;284
GUATEQUE;Hector David Chaparro Chaparro;PARTIDO LIBERAL COLOMBIANO;221
GUATEQUE;Fabian Camilo Rojas Barrera;CR-NUEVO LIBERALISMO;189
GUATEQUE;Jairo Enrique Castiblanco Parra;PARTIDO DE LA U - PARTIDO MIRA;131
GUATEQUE;Yamit Noe Hurtado Neira;PARTIDO ALIANZA VERDE;121
GUATEQUE;Jose Dario Mahecha Castillo;PARTIDO CONSERVADOR - MOVIMIENTO SALVACIÓN NACIONAL;104
GUATEQUE;Wilder Ivan Suesca Ochoa;PARTIDO CONSERVADOR - MOVIMIENTO SALVACIÓN NACIONAL;84
GUATEQUE;Diana Paola Herrera Nuñez;PARTIDO LIBERAL COLOMBIANO;83
GUATEQUE;Partido Centro Democrático;PARTIDO CENTRO DEMOCRÁTICO;72
GUATEQUE;Delci Del Carmen Urbano;PARTIDO CENTRO DEMOCRÁTICO;62
GUATEQUE;Partido Alianza Verde;PARTIDO ALIANZA VERDE;59
GUATEQUE;Ramiro Barragan Adame;PARTIDO ALIANZA VERDE;57
GUATEQUE;Nancy Yaneth Zapata Pachon;PARTIDO DE LA U - PARTIDO MIRA;56
GUATEQUE;Fredy Alexander Garzon Rojas;PARTIDO CENTRO DEMOCRÁTICO;55
GUATEQUE;Hernel David Ortega Gomez;PARTIDO CONSERVADOR - MOVIMIENTO SALVACIÓN NACIONAL;51
GUATEQUE;Jicly Esgardo Mutis Isaza;PARTIDO CENTRO DEMOCRÁTICO;43
GUATEQUE;Vivian Andrea Nieto Florez;PARTIDO ALIANZA VERDE;35
GUATEQUE;Yury Neill Diaz Aranguren;PARTIDO DE LA U - PARTIDO MIRA;27
GUATEQUE;Hector Josue Camacho Acosta;CR-NUEVO LIBERALISMO;25
GUATEQUE;Cr-Nuevo Liberalismo;CR-NUEVO LIBERALISMO;24
GUATEQUE;Partido Conservador - Movimiento Salvación Naciona L;PARTIDO CONSERVADOR - MOVIMIENTO SALVACIÓN NACIONAL;24
GUATEQUE;Adelinda Numpaque Sarmiento;PARTIDO ALIANZA VERDE;23
GUATEQUE;Nadia Alexandra Carreño Avella;CR-NUEVO LIBERALISMO;21
GUATEQUE;Nicolas Felipe Urbano Villamil;PARTIDO LIBERAL COLOMBIANO;18
GUATEQUE;Javier Araque Elaica;PARTIDO POLÍTICO DIGNIDAD & COMPROMISO;15
GUATEQUE;Partido Liberal Colombiano;PARTIDO LIBERAL COLOMBIANO;14
GUATEQUE;Oscar Leonardo Avila Romero;PARTIDO LIBERAL COLOMBIANO;13
GUATEQUE;Alma - Oxígeno;ALMA - OXÍGENO;12
GUATEQUE;Jhonatan David Holguin Cruz;PARTIDO CENTRO DEMOCRÁTICO;11
GUATEQUE;Ricardo Antonio Agudelo Guiza;ALMA - OXÍGENO;11
GUATEQUE;Doris Elena Jacanamijoy Jacanamijoy;"MOVIMIENTO ALTERNATIVO INDÍGENA Y SOCIAL ""MAIS""";10
GUATEQUE;Humphrey Roa Sarmiento;PARTIDO DE LA U - PARTIDO MIRA;9
GUATEQUE;Laura Cristina Monroy Bayona;CR-NUEVO LIBERALISMO;9
GUATEQUE;Olga Lucia Cruz Cuevas;ALMA - OXÍGENO;9
GUATEQUE;Consejo Comunitario El Naranjo;CONSEJO COMUNITARIO EL NARANJO;8
GUATEQUE;Kenda Lucia Caldera Garavito;PARTIDO CENTRO DEMOCRÁTICO;8
GUATEQUE;Nubia Jacqueline Caro Perez;PARTIDO LIBERAL COLOMBIANO;8
GUATEQUE;Vicente Anibal Ojeda Martinez;CR-NUEVO LIBERALISMO;8
GUATEQUE;William Donato Gomez;PARTIDO ALIANZA VERDE;7
GUATEQUE;Camilo Andres Caicedo Silva;PARTIDO LIBERAL COLOMBIANO;6
GUATEQUE;Eduardo David Suarez Moreno;ALMA - OXÍGENO;5
GUATEQUE;Gloria Cecilia Palacios Guastar;PARTIDO CONSERVADOR - MOVIMIENTO SALVACIÓN NACIONAL;5
GUATEQUE;Partido De La U - Partido Mira;PARTIDO DE LA U - PARTIDO MIRA;5
GUATEQUE;Edgar Fernando Farfan Corzo;PARTIDO POLÍTICO DIGNIDAD & COMPROMISO;4
GUATEQUE;Manuel Steven Alvarez Pulido;PARTIDO DE LA U - PARTIDO MIRA;4
GUATEQUE;Consejo Comunitario La Gran Vía De Los Remedios;CONSEJO COMUNITARIO LA GRAN VÍA DE LOS REMEDIOS;3
GUATEQUE;Diego Armando Sanchez Arboleda;C.C. DE LA COMUNIDAD NEGRA DE LA VEREDA EL ESFUERZO;2
GUATEQUE;John Alberto Moreno Galindo;PARTIDO CONSERVADOR - MOVIMIENTO SALVACIÓN NACIONAL;2
GUATEQUE;Jose De Los Angeles Fernandez Palacios;PARTIDO POLÍTICO DIGNIDAD & COMPROMISO;2
GUATEQUE;Libi Puerto Granados;PARTIDO DE LA U - PARTIDO MIRA;2
GUATEQUE;Aida Petrona Suarez Santos;MOVIMIENTO UNIDAD EN MINGA POR COLOMBIA;1
GUATEQUE;Carolina Geiringer Ortega;ALMA - OXÍGENO;1
GUATEQUE;Duvan Stiwar Castro Machado;CONSEJO COMUNITARIO AFROÉTNICO DE RISARALDA;1
GUATEQUE;Giovanny Andres Gomez Palomino;ALMA - OXÍGENO;1
GUATEQUE;Graciela Ramirez Monroy;PARTIDO POLÍTICO DIGNIDAD & COMPROMISO;1
GUATEQUE;Olga Niño Rojas;PARTIDO POLÍTICO DIGNIDAD & COMPROMISO;1
GUATEQUE;Partido Político Dignidad & Compromiso;PARTIDO POLÍTICO DIGNIDAD & COMPROMISO;1
GUATEQUE;Rumaldo Rojas Ramirez;ALMA - OXÍGENO;1
GUAYATA;Ingrid Marlen Sogamoso Alfonso;PARTIDO CONSERVADOR - MOVIMIENTO SALVACIÓN NACIONAL;593
GUAYATA;Jaime Raul Salamanca Torres;PARTIDO ALIANZA VERDE;180
GUAYATA;Jose Dario Mahecha Castillo;PARTIDO CONSERVADOR - MOVIMIENTO SALVACIÓN NACIONAL;173
GUAYATA;Yamit Noe Hurtado Neira;PARTIDO ALIANZA VERDE;166
GUAYATA;Pacto Histórico Boyacá;PACTO HISTÓRICO BOYACÁ;129
GUAYATA;Jicly Esgardo Mutis Isaza;PARTIDO CENTRO DEMOCRÁTICO;93
GUAYATA;Oscar Yovany Montenegro Salcedo;CR-NUEVO LIBERALISMO;62
GUAYATA;Partido Centro Democrático;PARTIDO CENTRO DEMOCRÁTICO;50
GUAYATA;Eduar Alexis Triana Rincon;PARTIDO CENTRO DEMOCRÁTICO;44
GUAYATA;Ramiro Barragan Adame;PARTIDO ALIANZA VERDE;40
GUAYATA;Partido Alianza Verde;PARTIDO ALIANZA VERDE;39
GUAYATA;Partido Conservador - Movimiento Salvación Naciona L;PARTIDO CONSERVADOR - MOVIMIENTO SALVACIÓN NACIONAL;38
GUAYATA;Wilder Ivan Suesca Ochoa;PARTIDO CONSERVADOR - MOVIMIENTO SALVACIÓN NACIONAL;30
GUAYATA;Fabian Camilo Rojas Barrera;CR-NUEVO LIBERALISMO;29
GUAYATA;Fredy Alexander Garzon Rojas;PARTIDO CENTRO DEMOCRÁTICO;29
GUAYATA;Delci Del Carmen Urbano;PARTIDO CENTRO DEMOCRÁTICO;27
GUAYATA;Nancy Yaneth Zapata Pachon;PARTIDO DE LA U - PARTIDO MIRA;24
GUAYATA;Adelinda Numpaque Sarmiento;PARTIDO ALIANZA VERDE;17
GUAYATA;Jairo Enrique Castiblanco Parra;PARTIDO DE LA U - PARTIDO MIRA;13
GUAYATA;Hector David Chaparro Chaparro;PARTIDO LIBERAL COLOMBIANO;10
GUAYATA;Hernel David Ortega Gomez;PARTIDO CONSERVADOR - MOVIMIENTO SALVACIÓN NACIONAL;8
GUAYATA;Vivian Andrea Nieto Florez;PARTIDO ALIANZA VERDE;8
GUAYATA;Eduardo David Suarez Moreno;ALMA - OXÍGENO;7
GUAYATA;Hector Josue Camacho Acosta;CR-NUEVO LIBERALISMO;6
GUAYATA;Jhonatan David Holguin Cruz;PARTIDO CENTRO DEMOCRÁTICO;6
GUAYATA;Nadia Alexandra Carreño Avella;CR-NUEVO LIBERALISMO;6
GUAYATA;Graciela Ramirez Monroy;PARTIDO POLÍTICO DIGNIDAD & COMPROMISO;5
GUAYATA;Oscar Leonardo Avila Romero;PARTIDO LIBERAL COLOMBIANO;5
GUAYATA;Consejo Comunitario La Gran Vía De Los Remedios;CONSEJO COMUNITARIO LA GRAN VÍA DE LOS REMEDIOS;4
GUAYATA;Diana Paola Herrera Nuñez;PARTIDO LIBERAL COLOMBIANO;4
GUAYATA;Humphrey Roa Sarmiento;PARTIDO DE LA U - PARTIDO MIRA;4
GUAYATA;Partido De La U - Partido Mira;PARTIDO DE LA U - PARTIDO MIRA;4
GUAYATA;Vicente Anibal Ojeda Martinez;CR-NUEVO LIBERALISMO;4
GUAYATA;Alma - Oxígeno;ALMA - OXÍGENO;3
GUAYATA;John Alberto Moreno Galindo;PARTIDO CONSERVADOR - MOVIMIENTO SALVACIÓN NACIONAL;3
GUAYATA;Partido Liberal Colombiano;PARTIDO LIBERAL COLOMBIANO;3
GUAYATA;William Donato Gomez;PARTIDO ALIANZA VERDE;3
GUAYATA;Yury Neill Diaz Aranguren;PARTIDO DE LA U - PARTIDO MIRA;3
GUAYATA;Cr-Nuevo Liberalismo;CR-NUEVO LIBERALISMO;2
GUAYATA;Diego Armando Sanchez Arboleda;C.C. DE LA COMUNIDAD NEGRA DE LA VEREDA EL ESFUERZO;2
GUAYATA;Gloria Cecilia Palacios Guastar;PARTIDO CONSERVADOR - MOVIMIENTO SALVACIÓN NACIONAL;2
GUAYATA;Kenda Lucia Caldera Garavito;PARTIDO CENTRO DEMOCRÁTICO;2
GUAYATA;Ricardo Antonio Agudelo Guiza;ALMA - OXÍGENO;2
GUAYATA;Carolina Geiringer Ortega;ALMA - OXÍGENO;1
GUAYATA;Consejo Comunitario El Naranjo;CONSEJO COMUNITARIO EL NARANJO;1
GUAYATA;Edgar Fernando Farfan Corzo;PARTIDO POLÍTICO DIGNIDAD & COMPROMISO;1
GUAYATA;Javier Araque Elaica;PARTIDO POLÍTICO DIGNIDAD & COMPROMISO;1
GUAYATA;Laura Cristina Monroy Bayona;CR-NUEVO LIBERALISMO;1
GUAYATA;Libi Puerto Granados;PARTIDO DE LA U - PARTIDO MIRA;1
GUAYATA;Olga Niño Rojas;PARTIDO POLÍTICO DIGNIDAD & COMPROMISO;1
GUAYATA;Partido Político Dignidad & Compromiso;PARTIDO POLÍTICO DIGNIDAD & COMPROMISO;1
GUICAN;Pacto Histórico Boyacá;PACTO HISTÓRICO BOYACÁ;202
GUICAN;Ingrid Marlen Sogamoso Alfonso;PARTIDO CONSERVADOR - MOVIMIENTO SALVACIÓN NACIONAL;82
GUICAN;Yamit Noe Hurtado Neira;PARTIDO ALIANZA VERDE;75
GUICAN;Hernel David Ortega Gomez;PARTIDO CONSERVADOR - MOVIMIENTO SALVACIÓN NACIONAL;71
GUICAN;Camilo Andres Caicedo Silva;PARTIDO LIBERAL COLOMBIANO;58
GUICAN;Partido Centro Democrático;PARTIDO CENTRO DEMOCRÁTICO;56
GUICAN;Jaime Raul Salamanca Torres;PARTIDO ALIANZA VERDE;47
GUICAN;Hector David Chaparro Chaparro;PARTIDO LIBERAL COLOMBIANO;45
GUICAN;Jicly Esgardo Mutis Isaza;PARTIDO CENTRO DEMOCRÁTICO;40
GUICAN;Oscar Leonardo Avila Romero;PARTIDO LIBERAL COLOMBIANO;36
GUICAN;Fredy Alexander Garzon Rojas;PARTIDO CENTRO DEMOCRÁTICO;34
GUICAN;Ramiro Barragan Adame;PARTIDO ALIANZA VERDE;34
GUICAN;Fabian Camilo Rojas Barrera;CR-NUEVO LIBERALISMO;32
GUICAN;Kenda Lucia Caldera Garavito;PARTIDO CENTRO DEMOCRÁTICO;31
GUICAN;Hector Josue Camacho Acosta;CR-NUEVO LIBERALISMO;28
GUICAN;Jairo Enrique Castiblanco Parra;PARTIDO DE LA U - PARTIDO MIRA;26
GUICAN;Eduar Alexis Triana Rincon;PARTIDO CENTRO DEMOCRÁTICO;22
GUICAN;Delci Del Carmen Urbano;PARTIDO CENTRO DEMOCRÁTICO;21
GUICAN;Wilder Ivan Suesca Ochoa;PARTIDO CONSERVADOR - MOVIMIENTO SALVACIÓN NACIONAL;21
GUICAN;Partido Conservador - Movimiento Salvación Naciona L;PARTIDO CONSERVADOR - MOVIMIENTO SALVACIÓN NACIONAL;15
GUICAN;Jose Dario Mahecha Castillo;PARTIDO CONSERVADOR - MOVIMIENTO SALVACIÓN NACIONAL;12
GUICAN;Partido Alianza Verde;PARTIDO ALIANZA VERDE;11
GUICAN;Diana Paola Herrera Nuñez;PARTIDO LIBERAL COLOMBIANO;10
GUICAN;Nubia Jacqueline Caro Perez;PARTIDO LIBERAL COLOMBIANO;9
GUICAN;Gloria Cecilia Palacios Guastar;PARTIDO CONSERVADOR - MOVIMIENTO SALVACIÓN NACIONAL;8
GUICAN;Nancy Yaneth Zapata Pachon;PARTIDO DE LA U - PARTIDO MIRA;6
GUICAN;Vicente Anibal Ojeda Martinez;CR-NUEVO LIBERALISMO;6
GUICAN;William Donato Gomez;PARTIDO ALIANZA VERDE;6
GUICAN;Doris Elena Jacanamijoy Jacanamijoy;"MOVIMIENTO ALTERNATIVO INDÍGENA Y SOCIAL ""MAIS""";5
GUICAN;Jhonatan David Holguin Cruz;PARTIDO CENTRO DEMOCRÁTICO;5
GUICAN;John Alberto Moreno Galindo;PARTIDO CONSERVADOR - MOVIMIENTO SALVACIÓN NACIONAL;5
GUICAN;Partido Liberal Colombiano;PARTIDO LIBERAL COLOMBIANO;5
GUICAN;Vivian Andrea Nieto Florez;PARTIDO ALIANZA VERDE;4
GUICAN;Adelinda Numpaque Sarmiento;PARTIDO ALIANZA VERDE;3
GUICAN;Cr-Nuevo Liberalismo;CR-NUEVO LIBERALISMO;3
GUICAN;Nadia Alexandra Carreño Avella;CR-NUEVO LIBERALISMO;3
GUICAN;Olga Lucia Cruz Cuevas;ALMA - OXÍGENO;3
GUICAN;Alma - Oxígeno;ALMA - OXÍGENO;2
GUICAN;Consejo Comunitario El Naranjo;CONSEJO COMUNITARIO EL NARANJO;2
GUICAN;Eduardo David Suarez Moreno;ALMA - OXÍGENO;2
GUICAN;Carlos Mario Calvo Largo;MOVIMIENTO UNIDAD EN MINGA POR COLOMBIA;1
GUICAN;Carolina Geiringer Ortega;ALMA - OXÍGENO;1
GUICAN;Giovanny Andres Gomez Palomino;ALMA - OXÍGENO;1
GUICAN;Graciela Ramirez Monroy;PARTIDO POLÍTICO DIGNIDAD & COMPROMISO;1
GUICAN;Laura Cristina Monroy Bayona;CR-NUEVO LIBERALISMO;1
GUICAN;"Movimiento Alternativo Indígena Y Social ""Mais""";"MOVIMIENTO ALTERNATIVO INDÍGENA Y SOCIAL ""MAIS""";1
GUICAN;Nicolas Felipe Urbano Villamil;PARTIDO LIBERAL COLOMBIANO;1
GUICAN;Oscar Yovany Montenegro Salcedo;CR-NUEVO LIBERALISMO;1
GUICAN;Partido Político Dignidad & Compromiso;PARTIDO POLÍTICO DIGNIDAD & COMPROMISO;1
GUICAN;Ricardo Antonio Agudelo Guiza;ALMA - OXÍGENO;1
IZA;Pacto Histórico Boyacá;PACTO HISTÓRICO BOYACÁ;143
IZA;Yury Neill Diaz Aranguren;PARTIDO DE LA U - PARTIDO MIRA;121
IZA;Jose Dario Mahecha Castillo;PARTIDO CONSERVADOR - MOVIMIENTO SALVACIÓN NACIONAL;88
IZA;Hector David Chaparro Chaparro;PARTIDO LIBERAL COLOMBIANO;76
IZA;Jaime Raul Salamanca Torres;PARTIDO ALIANZA VERDE;75
IZA;Yamit Noe Hurtado Neira;PARTIDO ALIANZA VERDE;73
IZA;Gloria Cecilia Palacios Guastar;PARTIDO CONSERVADOR - MOVIMIENTO SALVACIÓN NACIONAL;47
IZA;Nadia Alexandra Carreño Avella;CR-NUEVO LIBERALISMO;42
IZA;Eduar Alexis Triana Rincon;PARTIDO CENTRO DEMOCRÁTICO;39
IZA;Ramiro Barragan Adame;PARTIDO ALIANZA VERDE;38
IZA;Partido Centro Democrático;PARTIDO CENTRO DEMOCRÁTICO;35
IZA;Jicly Esgardo Mutis Isaza;PARTIDO CENTRO DEMOCRÁTICO;30
IZA;Ingrid Marlen Sogamoso Alfonso;PARTIDO CONSERVADOR - MOVIMIENTO SALVACIÓN NACIONAL;29
IZA;Fabian Camilo Rojas Barrera;CR-NUEVO LIBERALISMO;24
IZA;Diana Paola Herrera Nuñez;PARTIDO LIBERAL COLOMBIANO;22
IZA;Jairo Enrique Castiblanco Parra;PARTIDO DE LA U - PARTIDO MIRA;22
IZA;Adelinda Numpaque Sarmiento;PARTIDO ALIANZA VERDE;17
IZA;Delci Del Carmen Urbano;PARTIDO CENTRO DEMOCRÁTICO;15
IZA;Wilder Ivan Suesca Ochoa;PARTIDO CONSERVADOR - MOVIMIENTO SALVACIÓN NACIONAL;14
IZA;Camilo Andres Caicedo Silva;PARTIDO LIBERAL COLOMBIANO;13
IZA;Fredy Alexander Garzon Rojas;PARTIDO CENTRO DEMOCRÁTICO;13
IZA;Partido Conservador - Movimiento Salvación Naciona L;PARTIDO CONSERVADOR - MOVIMIENTO SALVACIÓN NACIONAL;11
IZA;Hernel David Ortega Gomez;PARTIDO CONSERVADOR - MOVIMIENTO SALVACIÓN NACIONAL;10
IZA;Partido Alianza Verde;PARTIDO ALIANZA VERDE;10
IZA;William Donato Gomez;PARTIDO ALIANZA VERDE;10
IZA;Oscar Leonardo Avila Romero;PARTIDO LIBERAL COLOMBIANO;9
IZA;Hector Josue Camacho Acosta;CR-NUEVO LIBERALISMO;8
IZA;Jhonatan David Holguin Cruz;PARTIDO CENTRO DEMOCRÁTICO;8
IZA;Vivian Andrea Nieto Florez;PARTIDO ALIANZA VERDE;8
IZA;Javier Araque Elaica;PARTIDO POLÍTICO DIGNIDAD & COMPROMISO;6
IZA;Partido Liberal Colombiano;PARTIDO LIBERAL COLOMBIANO;5
IZA;Laura Cristina Monroy Bayona;CR-NUEVO LIBERALISMO;4
IZA;Consejo Comunitario El Naranjo;CONSEJO COMUNITARIO EL NARANJO;3
IZA;Edgar Fernando Farfan Corzo;PARTIDO POLÍTICO DIGNIDAD & COMPROMISO;3
IZA;Partido De La U - Partido Mira;PARTIDO DE LA U - PARTIDO MIRA;3
IZA;Alma - Oxígeno;ALMA - OXÍGENO;2
IZA;John Alberto Moreno Galindo;PARTIDO CONSERVADOR - MOVIMIENTO SALVACIÓN NACIONAL;2
IZA;Manuel Steven Alvarez Pulido;PARTIDO DE LA U - PARTIDO MIRA;2
IZA;Nancy Yaneth Zapata Pachon;PARTIDO DE LA U - PARTIDO MIRA;2
IZA;Humphrey Roa Sarmiento;PARTIDO DE LA U - PARTIDO MIRA;1
IZA;Linderman Adrada Lopez;"MOVIMIENTO ALTERNATIVO INDÍGENA Y SOCIAL ""MAIS""";1
IZA;Nicolas Felipe Urbano Villamil;PARTIDO LIBERAL COLOMBIANO;1
IZA;Nubia Jacqueline Caro Perez;PARTIDO LIBERAL COLOMBIANO;1
IZA;Olga Lucia Cruz Cuevas;ALMA - OXÍGENO;1
IZA;Oscar Yovany Montenegro Salcedo;CR-NUEVO LIBERALISMO;1
IZA;Partido Político Dignidad & Compromiso;PARTIDO POLÍTICO DIGNIDAD & COMPROMISO;1
IZA;Ricardo Antonio Agudelo Guiza;ALMA - OXÍGENO;1
IZA;Vicente Anibal Ojeda Martinez;CR-NUEVO LIBERALISMO;1
JENESANO;Nubia Jacqueline Caro Perez;PARTIDO LIBERAL COLOMBIANO;572
JENESANO;Pacto Histórico Boyacá;PACTO HISTÓRICO BOYACÁ;381
JENESANO;Yamit Noe Hurtado Neira;PARTIDO ALIANZA VERDE;327
JENESANO;Jairo Enrique Castiblanco Parra;PARTIDO DE LA U - PARTIDO MIRA;121
JENESANO;Ramiro Barragan Adame;PARTIDO ALIANZA VERDE;103
JENESANO;Oscar Leonardo Avila Romero;PARTIDO LIBERAL COLOMBIANO;94
JENESANO;Partido Centro Democrático;PARTIDO CENTRO DEMOCRÁTICO;93
JENESANO;Partido Alianza Verde;PARTIDO ALIANZA VERDE;70
JENESANO;Jicly Esgardo Mutis Isaza;PARTIDO CENTRO DEMOCRÁTICO;60
JENESANO;Hector David Chaparro Chaparro;PARTIDO LIBERAL COLOMBIANO;56
JENESANO;Jaime Raul Salamanca Torres;PARTIDO ALIANZA VERDE;52
JENESANO;Eduar Alexis Triana Rincon;PARTIDO CENTRO DEMOCRÁTICO;49
JENESANO;Fabian Camilo Rojas Barrera;CR-NUEVO LIBERALISMO;46
JENESANO;Ingrid Marlen Sogamoso Alfonso;PARTIDO CONSERVADOR - MOVIMIENTO SALVACIÓN NACIONAL;44
JENESANO;Delci Del Carmen Urbano;PARTIDO CENTRO DEMOCRÁTICO;36
JENESANO;Partido Liberal Colombiano;PARTIDO LIBERAL COLOMBIANO;29
JENESANO;Wilder Ivan Suesca Ochoa;PARTIDO CONSERVADOR - MOVIMIENTO SALVACIÓN NACIONAL;23
JENESANO;William Donato Gomez;PARTIDO ALIANZA VERDE;23
JENESANO;Jhonatan David Holguin Cruz;PARTIDO CENTRO DEMOCRÁTICO;21
JENESANO;Jose Dario Mahecha Castillo;PARTIDO CONSERVADOR - MOVIMIENTO SALVACIÓN NACIONAL;21
JENESANO;Partido Conservador - Movimiento Salvación Naciona L;PARTIDO CONSERVADOR - MOVIMIENTO SALVACIÓN NACIONAL;21
JENESANO;Nancy Yaneth Zapata Pachon;PARTIDO DE LA U - PARTIDO MIRA;18
JENESANO;Diana Paola Herrera Nuñez;PARTIDO LIBERAL COLOMBIANO;17
JENESANO;Hernel David Ortega Gomez;PARTIDO CONSERVADOR - MOVIMIENTO SALVACIÓN NACIONAL;17
JENESANO;Laura Cristina Monroy Bayona;CR-NUEVO LIBERALISMO;16
JENESANO;Fredy Alexander Garzon Rojas;PARTIDO CENTRO DEMOCRÁTICO;15
JENESANO;Adelinda Numpaque Sarmiento;PARTIDO ALIANZA VERDE;14
JENESANO;Vivian Andrea Nieto Florez;PARTIDO ALIANZA VERDE;14
JENESANO;Camilo Andres Caicedo Silva;PARTIDO LIBERAL COLOMBIANO;12
JENESANO;Kenda Lucia Caldera Garavito;PARTIDO CENTRO DEMOCRÁTICO;12
JENESANO;Nicolas Felipe Urbano Villamil;PARTIDO LIBERAL COLOMBIANO;12
JENESANO;Oscar Yovany Montenegro Salcedo;CR-NUEVO LIBERALISMO;10
JENESANO;Consejo Comunitario El Naranjo;CONSEJO COMUNITARIO EL NARANJO;9
JENESANO;Gloria Cecilia Palacios Guastar;PARTIDO CONSERVADOR - MOVIMIENTO SALVACIÓN NACIONAL;8
JENESANO;Nadia Alexandra Carreño Avella;CR-NUEVO LIBERALISMO;8
JENESANO;John Alberto Moreno Galindo;PARTIDO CONSERVADOR - MOVIMIENTO SALVACIÓN NACIONAL;7
JENESANO;Yury Neill Diaz Aranguren;PARTIDO DE LA U - PARTIDO MIRA;7
JENESANO;Eduardo David Suarez Moreno;ALMA - OXÍGENO;6
JENESANO;Alma - Oxígeno;ALMA - OXÍGENO;5
JENESANO;Cr-Nuevo Liberalismo;CR-NUEVO LIBERALISMO;5
JENESANO;Partido Político Dignidad & Compromiso;PARTIDO POLÍTICO DIGNIDAD & COMPROMISO;5
JENESANO;Vicente Anibal Ojeda Martinez;CR-NUEVO LIBERALISMO;5
JENESANO;Graciela Ramirez Monroy;PARTIDO POLÍTICO DIGNIDAD & COMPROMISO;4
JENESANO;Hector Josue Camacho Acosta;CR-NUEVO LIBERALISMO;4
JENESANO;Javier Araque Elaica;PARTIDO POLÍTICO DIGNIDAD & COMPROMISO;4
JENESANO;Consejo Comunitario La Gran Vía De Los Remedios;CONSEJO COMUNITARIO LA GRAN VÍA DE LOS REMEDIOS;3
JENESANO;Giovanny Andres Gomez Palomino;ALMA - OXÍGENO;3
JENESANO;Humphrey Roa Sarmiento;PARTIDO DE LA U - PARTIDO MIRA;3
JENESANO;Manuel Steven Alvarez Pulido;PARTIDO DE LA U - PARTIDO MIRA;3
JENESANO;Ricardo Antonio Agudelo Guiza;ALMA - OXÍGENO;3
JENESANO;Cristianos Por Colombia Afros;CRISTIANOS POR COLOMBIA AFROS;2
JENESANO;Jhony Aparicio Ramirez;PARTIDO INDÍGENA COLOMBIANO P.I.C;2
JENESANO;Layoneth Grandas Villamil;PARTIDO POLÍTICO DIGNIDAD & COMPROMISO;2
JENESANO;Rumaldo Rojas Ramirez;ALMA - OXÍGENO;2
JENESANO;Afro Cyc;AFRO CYC;1
JENESANO;Cabildo Indígena Tevis;CABILDO INDÉGENA TEVIS;1
JENESANO;Carolina Geiringer Ortega;ALMA - OXÍGENO;1
JENESANO;Edgar Fernando Farfan Corzo;PARTIDO POLÍTICO DIGNIDAD & COMPROMISO;1
JENESANO;Jose De Los Angeles Fernandez Palacios;PARTIDO POLÍTICO DIGNIDAD & COMPROMISO;1
JENESANO;Libi Puerto Granados;PARTIDO DE LA U - PARTIDO MIRA;1
JENESANO;"Movimiento Alternativo Indígena Y Social ""Mais""";"MOVIMIENTO ALTERNATIVO INDÍGENA Y SOCIAL ""MAIS""";1
JENESANO;Olga Niño Rojas;PARTIDO POLÍTICO DIGNIDAD & COMPROMISO;1
JENESANO;Partido De La U - Partido Mira;PARTIDO DE LA U - PARTIDO MIRA;1
JERICO;Ingrid Marlen Sogamoso Alfonso;PARTIDO CONSERVADOR - MOVIMIENTO SALVACIÓN NACIONAL;199
JERICO;Jose Dario Mahecha Castillo;PARTIDO CONSERVADOR - MOVIMIENTO SALVACIÓN NACIONAL;159
JERICO;Jairo Enrique Castiblanco Parra;PARTIDO DE LA U - PARTIDO MIRA;147
JERICO;Partido Centro Democrático;PARTIDO CENTRO DEMOCRÁTICO;105
JERICO;Yamit Noe Hurtado Neira;PARTIDO ALIANZA VERDE;95
JERICO;Pacto Histórico Boyacá;PACTO HISTÓRICO BOYACÁ;67
JERICO;Jaime Raul Salamanca Torres;PARTIDO ALIANZA VERDE;55
JERICO;Jicly Esgardo Mutis Isaza;PARTIDO CENTRO DEMOCRÁTICO;44
JERICO;Delci Del Carmen Urbano;PARTIDO CENTRO DEMOCRÁTICO;42
JERICO;Partido Conservador - Movimiento Salvación Naciona L;PARTIDO CONSERVADOR - MOVIMIENTO SALVACIÓN NACIONAL;40
JERICO;Diana Paola Herrera Nuñez;PARTIDO LIBERAL COLOMBIANO;34
JERICO;Eduar Alexis Triana Rincon;PARTIDO CENTRO DEMOCRÁTICO;30
JERICO;Hernel David Ortega Gomez;PARTIDO CONSERVADOR - MOVIMIENTO SALVACIÓN NACIONAL;28
JERICO;Partido Alianza Verde;PARTIDO ALIANZA VERDE;22
JERICO;Fabian Camilo Rojas Barrera;CR-NUEVO LIBERALISMO;19
JERICO;Oscar Leonardo Avila Romero;PARTIDO LIBERAL COLOMBIANO;18
JERICO;Hector David Chaparro Chaparro;PARTIDO LIBERAL COLOMBIANO;16
JERICO;Hector Josue Camacho Acosta;CR-NUEVO LIBERALISMO;14
JERICO;Ramiro Barragan Adame;PARTIDO ALIANZA VERDE;13
JERICO;Eduardo David Suarez Moreno;ALMA - OXÍGENO;8
JERICO;Gloria Cecilia Palacios Guastar;PARTIDO CONSERVADOR - MOVIMIENTO SALVACIÓN NACIONAL;8
JERICO;Wilder Ivan Suesca Ochoa;PARTIDO CONSERVADOR - MOVIMIENTO SALVACIÓN NACIONAL;6
JERICO;Jhonatan David Holguin Cruz;PARTIDO CENTRO DEMOCRÁTICO;5
JERICO;Partido Liberal Colombiano;PARTIDO LIBERAL COLOMBIANO;5
JERICO;Adelinda Numpaque Sarmiento;PARTIDO ALIANZA VERDE;4
JERICO;Alma - Oxígeno;ALMA - OXÍGENO;4
JERICO;Camilo Andres Caicedo Silva;PARTIDO LIBERAL COLOMBIANO;4
JERICO;Giovanny Andres Gomez Palomino;ALMA - OXÍGENO;4
JERICO;Manuel Steven Alvarez Pulido;PARTIDO DE LA U - PARTIDO MIRA;4
JERICO;Olga Niño Rojas;PARTIDO POLÍTICO DIGNIDAD & COMPROMISO;4
JERICO;Vivian Andrea Nieto Florez;PARTIDO ALIANZA VERDE;4
JERICO;John Alberto Moreno Galindo;PARTIDO CONSERVADOR - MOVIMIENTO SALVACIÓN NACIONAL;3
JERICO;William Donato Gomez;PARTIDO ALIANZA VERDE;3
JERICO;Cr-Nuevo Liberalismo;CR-NUEVO LIBERALISMO;2
JERICO;Graciela Ramirez Monroy;PARTIDO POLÍTICO DIGNIDAD & COMPROMISO;2
JERICO;Kenda Lucia Caldera Garavito;PARTIDO CENTRO DEMOCRÁTICO;2
JERICO;Laura Cristina Monroy Bayona;CR-NUEVO LIBERALISMO;2
JERICO;Nadia Alexandra Carreño Avella;CR-NUEVO LIBERALISMO;2
JERICO;Nancy Yaneth Zapata Pachon;PARTIDO DE LA U - PARTIDO MIRA;2
JERICO;Nicolas Felipe Urbano Villamil;PARTIDO LIBERAL COLOMBIANO;2
JERICO;Nubia Jacqueline Caro Perez;PARTIDO LIBERAL COLOMBIANO;2
JERICO;Partido Político Dignidad & Compromiso;PARTIDO POLÍTICO DIGNIDAD & COMPROMISO;2
JERICO;Javier Araque Elaica;PARTIDO POLÍTICO DIGNIDAD & COMPROMISO;1
JERICO;Jose De Los Angeles Fernandez Palacios;PARTIDO POLÍTICO DIGNIDAD & COMPROMISO;1
JERICO;Oscar Yovany Montenegro Salcedo;CR-NUEVO LIBERALISMO;1
JERICO;Partido De La U - Partido Mira;PARTIDO DE LA U - PARTIDO MIRA;1
LA CAPILLA;Ingrid Marlen Sogamoso Alfonso;PARTIDO CONSERVADOR - MOVIMIENTO SALVACIÓN NACIONAL;222
LA CAPILLA;Pacto Histórico Boyacá;PACTO HISTÓRICO BOYACÁ;156
LA CAPILLA;Eduar Alexis Triana Rincon;PARTIDO CENTRO DEMOCRÁTICO;105
LA CAPILLA;Fabian Camilo Rojas Barrera;CR-NUEVO LIBERALISMO;84
LA CAPILLA;Jaime Raul Salamanca Torres;PARTIDO ALIANZA VERDE;71
LA CAPILLA;Yamit Noe Hurtado Neira;PARTIDO ALIANZA VERDE;66
LA CAPILLA;Ramiro Barragan Adame;PARTIDO ALIANZA VERDE;47
LA CAPILLA;Partido Centro Democrático;PARTIDO CENTRO DEMOCRÁTICO;40
LA CAPILLA;Nancy Yaneth Zapata Pachon;PARTIDO DE LA U - PARTIDO MIRA;34
LA CAPILLA;Delci Del Carmen Urbano;PARTIDO CENTRO DEMOCRÁTICO;22
LA CAPILLA;Jose Dario Mahecha Castillo;PARTIDO CONSERVADOR - MOVIMIENTO SALVACIÓN NACIONAL;22
LA CAPILLA;Partido Alianza Verde;PARTIDO ALIANZA VERDE;21
LA CAPILLA;Partido Conservador - Movimiento Salvación Naciona L;PARTIDO CONSERVADOR - MOVIMIENTO SALVACIÓN NACIONAL;11
LA CAPILLA;Adelinda Numpaque Sarmiento;PARTIDO ALIANZA VERDE;10
LA CAPILLA;Hernel David Ortega Gomez;PARTIDO CONSERVADOR - MOVIMIENTO SALVACIÓN NACIONAL;10
LA CAPILLA;Oscar Yovany Montenegro Salcedo;CR-NUEVO LIBERALISMO;9
LA CAPILLA;Vivian Andrea Nieto Florez;PARTIDO ALIANZA VERDE;9
LA CAPILLA;Humphrey Roa Sarmiento;PARTIDO DE LA U - PARTIDO MIRA;7
LA CAPILLA;Wilder Ivan Suesca Ochoa;PARTIDO CONSERVADOR - MOVIMIENTO SALVACIÓN NACIONAL;7
LA CAPILLA;Fredy Alexander Garzon Rojas;PARTIDO CENTRO DEMOCRÁTICO;6
LA CAPILLA;Diana Paola Herrera Nuñez;PARTIDO LIBERAL COLOMBIANO;5
LA CAPILLA;Jairo Enrique Castiblanco Parra;PARTIDO DE LA U - PARTIDO MIRA;5
LA CAPILLA;John Alberto Moreno Galindo;PARTIDO CONSERVADOR - MOVIMIENTO SALVACIÓN NACIONAL;5
LA CAPILLA;Oscar Leonardo Avila Romero;PARTIDO LIBERAL COLOMBIANO;5
LA CAPILLA;Hector Josue Camacho Acosta;CR-NUEVO LIBERALISMO;4
LA CAPILLA;Jhonatan David Holguin Cruz;PARTIDO CENTRO DEMOCRÁTICO;4
LA CAPILLA;Kenda Lucia Caldera Garavito;PARTIDO CENTRO DEMOCRÁTICO;4
LA CAPILLA;Cr-Nuevo Liberalismo;CR-NUEVO LIBERALISMO;3
LA CAPILLA;Eduardo David Suarez Moreno;ALMA - OXÍGENO;3
LA CAPILLA;Jose De Los Angeles Fernandez Palacios;PARTIDO POLÍTICO DIGNIDAD & COMPROMISO;3
LA CAPILLA;Laura Cristina Monroy Bayona;CR-NUEVO LIBERALISMO;3
LA CAPILLA;Nicolas Felipe Urbano Villamil;PARTIDO LIBERAL COLOMBIANO;3
LA CAPILLA;Partido Liberal Colombiano;PARTIDO LIBERAL COLOMBIANO;3
LA CAPILLA;Yury Neill Diaz Aranguren;PARTIDO DE LA U - PARTIDO MIRA;3
LA CAPILLA;Camilo Andres Caicedo Silva;PARTIDO LIBERAL COLOMBIANO;2
LA CAPILLA;Carolina Geiringer Ortega;ALMA - OXÍGENO;2
LA CAPILLA;Graciela Ramirez Monroy;PARTIDO POLÍTICO DIGNIDAD & COMPROMISO;2
LA CAPILLA;Hector David Chaparro Chaparro;PARTIDO LIBERAL COLOMBIANO;2
LA CAPILLA;Javier Araque Elaica;PARTIDO POLÍTICO DIGNIDAD & COMPROMISO;2
LA CAPILLA;Manuel Steven Alvarez Pulido;PARTIDO DE LA U - PARTIDO MIRA;2
LA CAPILLA;Olga Lucia Cruz Cuevas;ALMA - OXÍGENO;2
LA CAPILLA;Consejo Comunitario El Naranjo;CONSEJO COMUNITARIO EL NARANJO;1
LA CAPILLA;Edgar Fernando Farfan Corzo;PARTIDO POLÍTICO DIGNIDAD & COMPROMISO;1
LA CAPILLA;Jorge Andres Gonzalez Silva;CONSEJO COMUNITARIO MANUEL ZAPATA OLIVELLA DE SAN ANTERO;1
LA CAPILLA;Libi Puerto Granados;PARTIDO DE LA U - PARTIDO MIRA;1
LA CAPILLA;Nubia Jacqueline Caro Perez;PARTIDO LIBERAL COLOMBIANO;1
LA CAPILLA;Olga Niño Rojas;PARTIDO POLÍTICO DIGNIDAD & COMPROMISO;1
LA CAPILLA;Ricardo Antonio Agudelo Guiza;ALMA - OXÍGENO;1
LA CAPILLA;Vicente Anibal Ojeda Martinez;CR-NUEVO LIBERALISMO;1
LA UVITA;Jaime Raul Salamanca Torres;PARTIDO ALIANZA VERDE;284
LA UVITA;Yamit Noe Hurtado Neira;PARTIDO ALIANZA VERDE;147
LA UVITA;Wilder Ivan Suesca Ochoa;PARTIDO CONSERVADOR - MOVIMIENTO SALVACIÓN NACIONAL;79
LA UVITA;Ingrid Marlen Sogamoso Alfonso;PARTIDO CONSERVADOR - MOVIMIENTO SALVACIÓN NACIONAL;74
LA UVITA;Eduar Alexis Triana Rincon;PARTIDO CENTRO DEMOCRÁTICO;73
LA UVITA;Partido Centro Democrático;PARTIDO CENTRO DEMOCRÁTICO;50
LA UVITA;Hector Josue Camacho Acosta;CR-NUEVO LIBERALISMO;44
LA UVITA;Fabian Camilo Rojas Barrera;CR-NUEVO LIBERALISMO;41
LA UVITA;Pacto Histórico Boyacá;PACTO HISTÓRICO BOYACÁ;36
LA UVITA;Hernel David Ortega Gomez;PARTIDO CONSERVADOR - MOVIMIENTO SALVACIÓN NACIONAL;28
LA UVITA;Delci Del Carmen Urbano;PARTIDO CENTRO DEMOCRÁTICO;24
LA UVITA;Camilo Andres Caicedo Silva;PARTIDO LIBERAL COLOMBIANO;23
LA UVITA;Jairo Enrique Castiblanco Parra;PARTIDO DE LA U - PARTIDO MIRA;23
LA UVITA;Oscar Leonardo Avila Romero;PARTIDO LIBERAL COLOMBIANO;23
LA UVITA;Kenda Lucia Caldera Garavito;PARTIDO CENTRO DEMOCRÁTICO;22
LA UVITA;Ramiro Barragan Adame;PARTIDO ALIANZA VERDE;19
LA UVITA;Fredy Alexander Garzon Rojas;PARTIDO CENTRO DEMOCRÁTICO;10
LA UVITA;Oscar Yovany Montenegro Salcedo;CR-NUEVO LIBERALISMO;10
LA UVITA;Partido Conservador - Movimiento Salvación Naciona L;PARTIDO CONSERVADOR - MOVIMIENTO SALVACIÓN NACIONAL;10
LA UVITA;Partido Alianza Verde;PARTIDO ALIANZA VERDE;8
LA UVITA;Jicly Esgardo Mutis Isaza;PARTIDO CENTRO DEMOCRÁTICO;7
LA UVITA;Eduardo David Suarez Moreno;ALMA - OXÍGENO;6
LA UVITA;Jose Dario Mahecha Castillo;PARTIDO CONSERVADOR - MOVIMIENTO SALVACIÓN NACIONAL;6
LA UVITA;Vicente Anibal Ojeda Martinez;CR-NUEVO LIBERALISMO;6
LA UVITA;Vivian Andrea Nieto Florez;PARTIDO ALIANZA VERDE;6
LA UVITA;Hector David Chaparro Chaparro;PARTIDO LIBERAL COLOMBIANO;5
LA UVITA;Adelinda Numpaque Sarmiento;PARTIDO ALIANZA VERDE;3
LA UVITA;Diana Paola Herrera Nuñez;PARTIDO LIBERAL COLOMBIANO;3
LA UVITA;Nancy Yaneth Zapata Pachon;PARTIDO DE LA U - PARTIDO MIRA;3
LA UVITA;Alma - Oxígeno;ALMA - OXÍGENO;2
LA UVITA;Consejo Comunitario La Gran Vía De Los Remedios;CONSEJO COMUNITARIO LA GRAN VÍA DE LOS REMEDIOS;2
LA UVITA;Gloria Cecilia Palacios Guastar;PARTIDO CONSERVADOR - MOVIMIENTO SALVACIÓN NACIONAL;2
LA UVITA;Humphrey Roa Sarmiento;PARTIDO DE LA U - PARTIDO MIRA;2
LA UVITA;Jhonatan David Holguin Cruz;PARTIDO CENTRO DEMOCRÁTICO;2
LA UVITA;Nadia Alexandra Carreño Avella;CR-NUEVO LIBERALISMO;2
LA UVITA;Carlos Mario Calvo Largo;MOVIMIENTO UNIDAD EN MINGA POR COLOMBIA;1
LA UVITA;Consejo Comunitario El Naranjo;CONSEJO COMUNITARIO EL NARANJO;1
LA UVITA;Cr-Nuevo Liberalismo;CR-NUEVO LIBERALISMO;1
LA UVITA;Expresión Afro, Ambiental Y Cultural Colombia Con Dignidad;EXPRESIÓN AFRO, AMBIENTAL Y CULTURAL COLOMBIA CON DIGNIDAD;1
LA UVITA;Jose De Los Angeles Fernandez Palacios;PARTIDO POLÍTICO DIGNIDAD & COMPROMISO;1
LA UVITA;Nubia Jacqueline Caro Perez;PARTIDO LIBERAL COLOMBIANO;1
LA UVITA;Partido De La U - Partido Mira;PARTIDO DE LA U - PARTIDO MIRA;1
LA UVITA;Partido Liberal Colombiano;PARTIDO LIBERAL COLOMBIANO;1
LA UVITA;Valentina Gutierrez Araujo;"MOVIMIENTO ALTERNATIVO INDÍGENA Y SOCIAL ""MAIS""";1
LA VICTORIA;Eduar Alexis Triana Rincon;PARTIDO CENTRO DEMOCRÁTICO;183
LA VICTORIA;Jose Dario Mahecha Castillo;PARTIDO CONSERVADOR - MOVIMIENTO SALVACIÓN NACIONAL;89
LA VICTORIA;Hector David Chaparro Chaparro;PARTIDO LIBERAL COLOMBIANO;73
LA VICTORIA;Yamit Noe Hurtado Neira;PARTIDO ALIANZA VERDE;37
LA VICTORIA;Ramiro Barragan Adame;PARTIDO ALIANZA VERDE;27
LA VICTORIA;Partido Centro Democrático;PARTIDO CENTRO DEMOCRÁTICO;26
LA VICTORIA;Pacto Histórico Boyacá;PACTO HISTÓRICO BOYACÁ;25
LA VICTORIA;Vivian Andrea Nieto Florez;PARTIDO ALIANZA VERDE;18
LA VICTORIA;Hector Josue Camacho Acosta;CR-NUEVO LIBERALISMO;16
LA VICTORIA;Fabian Camilo Rojas Barrera;CR-NUEVO LIBERALISMO;14
LA VICTORIA;Jicly Esgardo Mutis Isaza;PARTIDO CENTRO DEMOCRÁTICO;9
LA VICTORIA;Partido Alianza Verde;PARTIDO ALIANZA VERDE;7
LA VICTORIA;Ingrid Marlen Sogamoso Alfonso;PARTIDO CONSERVADOR - MOVIMIENTO SALVACIÓN NACIONAL;6
LA VICTORIA;Adelinda Numpaque Sarmiento;PARTIDO ALIANZA VERDE;5
LA VICTORIA;Delci Del Carmen Urbano;PARTIDO CENTRO DEMOCRÁTICO;5
LA VICTORIA;Partido Liberal Colombiano;PARTIDO LIBERAL COLOMBIANO;5
LA VICTORIA;Hernel David Ortega Gomez;PARTIDO CONSERVADOR - MOVIMIENTO SALVACIÓN NACIONAL;4
LA VICTORIA;Kenda Lucia Caldera Garavito;PARTIDO CENTRO DEMOCRÁTICO;4
LA VICTORIA;Nicolas Felipe Urbano Villamil;PARTIDO LIBERAL COLOMBIANO;4
LA VICTORIA;Oscar Leonardo Avila Romero;PARTIDO LIBERAL COLOMBIANO;4
LA VICTORIA;Jaime Raul Salamanca Torres;PARTIDO ALIANZA VERDE;3
LA VICTORIA;Nancy Yaneth Zapata Pachon;PARTIDO DE LA U - PARTIDO MIRA;3
LA VICTORIA;Diana Paola Herrera Nuñez;PARTIDO LIBERAL COLOMBIANO;2
LA VICTORIA;John Alberto Moreno Galindo;PARTIDO CONSERVADOR - MOVIMIENTO SALVACIÓN NACIONAL;2
LA VICTORIA;Alma - Oxígeno;ALMA - OXÍGENO;1
LA VICTORIA;Carolina Geiringer Ortega;ALMA - OXÍGENO;1
LA VICTORIA;Fredy Alexander Garzon Rojas;PARTIDO CENTRO DEMOCRÁTICO;1
LA VICTORIA;Fuerza Ancestral;FUERZA ANCESTRAL;1
LA VICTORIA;Gloria Cecilia Palacios Guastar;PARTIDO CONSERVADOR - MOVIMIENTO SALVACIÓN NACIONAL;1
LA VICTORIA;Humphrey Roa Sarmiento;PARTIDO DE LA U - PARTIDO MIRA;1
LA VICTORIA;Jairo Enrique Castiblanco Parra;PARTIDO DE LA U - PARTIDO MIRA;1
LA VICTORIA;Jhonatan David Holguin Cruz;PARTIDO CENTRO DEMOCRÁTICO;1
LA VICTORIA;Jose De Los Angeles Fernandez Palacios;PARTIDO POLÍTICO DIGNIDAD & COMPROMISO;1
LA VICTORIA;Libi Puerto Granados;PARTIDO DE LA U - PARTIDO MIRA;1
LA VICTORIA;Nadia Alexandra Carreño Avella;CR-NUEVO LIBERALISMO;1
LA VICTORIA;Oscar Yovany Montenegro Salcedo;CR-NUEVO LIBERALISMO;1
LA VICTORIA;Vicente Anibal Ojeda Martinez;CR-NUEVO LIBERALISMO;1
LA VICTORIA;Wilder Ivan Suesca Ochoa;PARTIDO CONSERVADOR - MOVIMIENTO SALVACIÓN NACIONAL;1
LA VICTORIA;William Donato Gomez;PARTIDO ALIANZA VERDE;1
LA VICTORIA;Yury Neill Diaz Aranguren;PARTIDO DE LA U - PARTIDO MIRA;1
LABRANZAGRANDE;Hector David Chaparro Chaparro;PARTIDO LIBERAL COLOMBIANO;524
LABRANZAGRANDE;Yamit Noe Hurtado Neira;PARTIDO ALIANZA VERDE;462
LABRANZAGRANDE;Pacto Histórico Boyacá;PACTO HISTÓRICO BOYACÁ;93
LABRANZAGRANDE;Ramiro Barragan Adame;PARTIDO ALIANZA VERDE;78
LABRANZAGRANDE;Diana Paola Herrera Nuñez;PARTIDO LIBERAL COLOMBIANO;75
LABRANZAGRANDE;Partido Alianza Verde;PARTIDO ALIANZA VERDE;55
LABRANZAGRANDE;Jose Dario Mahecha Castillo;PARTIDO CONSERVADOR - MOVIMIENTO SALVACIÓN NACIONAL;39
LABRANZAGRANDE;Fabian Camilo Rojas Barrera;CR-NUEVO LIBERALISMO;36
LABRANZAGRANDE;Gloria Cecilia Palacios Guastar;PARTIDO CONSERVADOR - MOVIMIENTO SALVACIÓN NACIONAL;26
LABRANZAGRANDE;Partido Liberal Colombiano;PARTIDO LIBERAL COLOMBIANO;26
LABRANZAGRANDE;Jaime Raul Salamanca Torres;PARTIDO ALIANZA VERDE;21
LABRANZAGRANDE;Partido Centro Democrático;PARTIDO CENTRO DEMOCRÁTICO;21
LABRANZAGRANDE;Oscar Leonardo Avila Romero;PARTIDO LIBERAL COLOMBIANO;19
LABRANZAGRANDE;Camilo Andres Caicedo Silva;PARTIDO LIBERAL COLOMBIANO;10
LABRANZAGRANDE;Adelinda Numpaque Sarmiento;PARTIDO ALIANZA VERDE;9
LABRANZAGRANDE;Eduar Alexis Triana Rincon;PARTIDO CENTRO DEMOCRÁTICO;9
LABRANZAGRANDE;Vicente Anibal Ojeda Martinez;CR-NUEVO LIBERALISMO;8
LABRANZAGRANDE;Nubia Jacqueline Caro Perez;PARTIDO LIBERAL COLOMBIANO;7
LABRANZAGRANDE;Hernel David Ortega Gomez;PARTIDO CONSERVADOR - MOVIMIENTO SALVACIÓN NACIONAL;6
LABRANZAGRANDE;Wilder Ivan Suesca Ochoa;PARTIDO CONSERVADOR - MOVIMIENTO SALVACIÓN NACIONAL;6
LABRANZAGRANDE;Vivian Andrea Nieto Florez;PARTIDO ALIANZA VERDE;5
LABRANZAGRANDE;Oscar Yovany Montenegro Salcedo;CR-NUEVO LIBERALISMO;4
LABRANZAGRANDE;William Donato Gomez;PARTIDO ALIANZA VERDE;4
LABRANZAGRANDE;Alma - Oxígeno;ALMA - OXÍGENO;3
LABRANZAGRANDE;Ingrid Marlen Sogamoso Alfonso;PARTIDO CONSERVADOR - MOVIMIENTO SALVACIÓN NACIONAL;3
LABRANZAGRANDE;Jairo Enrique Castiblanco Parra;PARTIDO DE LA U - PARTIDO MIRA;3
LABRANZAGRANDE;Jicly Esgardo Mutis Isaza;PARTIDO CENTRO DEMOCRÁTICO;3
LABRANZAGRANDE;Nicolas Felipe Urbano Villamil;PARTIDO LIBERAL COLOMBIANO;3
LABRANZAGRANDE;Partido Conservador - Movimiento Salvación Naciona L;PARTIDO CONSERVADOR - MOVIMIENTO SALVACIÓN NACIONAL;3
LABRANZAGRANDE;Manuel Steven Alvarez Pulido;PARTIDO DE LA U - PARTIDO MIRA;2
LABRANZAGRANDE;Nadia Alexandra Carreño Avella;CR-NUEVO LIBERALISMO;2
LABRANZAGRANDE;Ricardo Antonio Agudelo Guiza;ALMA - OXÍGENO;2
LABRANZAGRANDE;Cr-Nuevo Liberalismo;CR-NUEVO LIBERALISMO;1
LABRANZAGRANDE;Delci Del Carmen Urbano;PARTIDO CENTRO DEMOCRÁTICO;1
LABRANZAGRANDE;Edgar Fernando Farfan Corzo;PARTIDO POLÍTICO DIGNIDAD & COMPROMISO;1
LABRANZAGRANDE;Eduardo David Suarez Moreno;ALMA - OXÍGENO;1
LABRANZAGRANDE;Fredy Alexander Garzon Rojas;PARTIDO CENTRO DEMOCRÁTICO;1
LABRANZAGRANDE;Graciela Ramirez Monroy;PARTIDO POLÍTICO DIGNIDAD & COMPROMISO;1
LABRANZAGRANDE;Hector Josue Camacho Acosta;CR-NUEVO LIBERALISMO;1
LABRANZAGRANDE;Humphrey Roa Sarmiento;PARTIDO DE LA U - PARTIDO MIRA;1
LABRANZAGRANDE;Kenda Lucia Caldera Garavito;PARTIDO CENTRO DEMOCRÁTICO;1
LABRANZAGRANDE;Olga Niño Rojas;PARTIDO POLÍTICO DIGNIDAD & COMPROMISO;1
LABRANZAGRANDE;Partido De La U - Partido Mira;PARTIDO DE LA U - PARTIDO MIRA;1
MACANAL;Ingrid Marlen Sogamoso Alfonso;PARTIDO CONSERVADOR - MOVIMIENTO SALVACIÓN NACIONAL;432
MACANAL;Oscar Yovany Montenegro Salcedo;CR-NUEVO LIBERALISMO;160
MACANAL;Pacto Histórico Boyacá;PACTO HISTÓRICO BOYACÁ;140
MACANAL;Jaime Raul Salamanca Torres;PARTIDO ALIANZA VERDE;116
MACANAL;Partido Centro Democrático;PARTIDO CENTRO DEMOCRÁTICO;76
MACANAL;Eduar Alexis Triana Rincon;PARTIDO CENTRO DEMOCRÁTICO;69
MACANAL;Jairo Enrique Castiblanco Parra;PARTIDO DE LA U - PARTIDO MIRA;43
MACANAL;Yamit Noe Hurtado Neira;PARTIDO ALIANZA VERDE;43
MACANAL;Ramiro Barragan Adame;PARTIDO ALIANZA VERDE;39
MACANAL;Nancy Yaneth Zapata Pachon;PARTIDO DE LA U - PARTIDO MIRA;34
MACANAL;Fabian Camilo Rojas Barrera;CR-NUEVO LIBERALISMO;29
MACANAL;Partido Conservador - Movimiento Salvación Naciona L;PARTIDO CONSERVADOR - MOVIMIENTO SALVACIÓN NACIONAL;29
MACANAL;Jose Dario Mahecha Castillo;PARTIDO CONSERVADOR - MOVIMIENTO SALVACIÓN NACIONAL;28
MACANAL;Delci Del Carmen Urbano;PARTIDO CENTRO DEMOCRÁTICO;23
MACANAL;Partido Alianza Verde;PARTIDO ALIANZA VERDE;21
MACANAL;Fredy Alexander Garzon Rojas;PARTIDO CENTRO DEMOCRÁTICO;18
MACANAL;Wilder Ivan Suesca Ochoa;PARTIDO CONSERVADOR - MOVIMIENTO SALVACIÓN NACIONAL;17
MACANAL;Diana Paola Herrera Nuñez;PARTIDO LIBERAL COLOMBIANO;16
MACANAL;Hernel David Ortega Gomez;PARTIDO CONSERVADOR - MOVIMIENTO SALVACIÓN NACIONAL;10
MACANAL;Vivian Andrea Nieto Florez;PARTIDO ALIANZA VERDE;10
MACANAL;Cr-Nuevo Liberalismo;CR-NUEVO LIBERALISMO;9
MACANAL;Vicente Anibal Ojeda Martinez;CR-NUEVO LIBERALISMO;9
MACANAL;Gloria Cecilia Palacios Guastar;PARTIDO CONSERVADOR - MOVIMIENTO SALVACIÓN NACIONAL;8
MACANAL;Jicly Esgardo Mutis Isaza;PARTIDO CENTRO DEMOCRÁTICO;8
MACANAL;Adelinda Numpaque Sarmiento;PARTIDO ALIANZA VERDE;7
MACANAL;Hector David Chaparro Chaparro;PARTIDO LIBERAL COLOMBIANO;7
MACANAL;Hector Josue Camacho Acosta;CR-NUEVO LIBERALISMO;7
MACANAL;Humphrey Roa Sarmiento;PARTIDO DE LA U - PARTIDO MIRA;6
MACANAL;John Alberto Moreno Galindo;PARTIDO CONSERVADOR - MOVIMIENTO SALVACIÓN NACIONAL;6
MACANAL;Oscar Leonardo Avila Romero;PARTIDO LIBERAL COLOMBIANO;6
MACANAL;Kenda Lucia Caldera Garavito;PARTIDO CENTRO DEMOCRÁTICO;5
MACANAL;Libi Puerto Granados;PARTIDO DE LA U - PARTIDO MIRA;5
MACANAL;Nadia Alexandra Carreño Avella;CR-NUEVO LIBERALISMO;5
MACANAL;Graciela Ramirez Monroy;PARTIDO POLÍTICO DIGNIDAD & COMPROMISO;4
MACANAL;Nicolas Felipe Urbano Villamil;PARTIDO LIBERAL COLOMBIANO;4
MACANAL;Partido Liberal Colombiano;PARTIDO LIBERAL COLOMBIANO;4
MACANAL;Ricardo Antonio Agudelo Guiza;ALMA - OXÍGENO;4
MACANAL;Alma - Oxígeno;ALMA - OXÍGENO;3
MACANAL;Eduardo David Suarez Moreno;ALMA - OXÍGENO;3
MACANAL;Consejo Comunitario La Gran Vía De Los Remedios;CONSEJO COMUNITARIO LA GRAN VÍA DE LOS REMEDIOS;2
MACANAL;C.C. De La Comunidad Negra De La Vereda El Esfuerz O;C.C. DE LA COMUNIDAD NEGRA DE LA VEREDA EL ESFUERZO;1
MACANAL;Consejo Comunitario El Naranjo;CONSEJO COMUNITARIO EL NARANJO;1
MACANAL;Cristianos Por Colombia Afros;CRISTIANOS POR COLOMBIA AFROS;1
MACANAL;Jhonatan David Holguin Cruz;PARTIDO CENTRO DEMOCRÁTICO;1
MACANAL;Laura Cristina Monroy Bayona;CR-NUEVO LIBERALISMO;1
MACANAL;Partido De La U - Partido Mira;PARTIDO DE LA U - PARTIDO MIRA;1
MACANAL;Rumaldo Rojas Ramirez;ALMA - OXÍGENO;1
MACANAL;Yury Neill Diaz Aranguren;PARTIDO DE LA U - PARTIDO MIRA;1
MARIPI;Eduar Alexis Triana Rincon;PARTIDO CENTRO DEMOCRÁTICO;1697
MARIPI;Jose Dario Mahecha Castillo;PARTIDO CONSERVADOR - MOVIMIENTO SALVACIÓN NACIONAL;459
MARIPI;Pacto Histórico Boyacá;PACTO HISTÓRICO BOYACÁ;86
MARIPI;Jaime Raul Salamanca Torres;PARTIDO ALIANZA VERDE;55
MARIPI;Fabian Camilo Rojas Barrera;CR-NUEVO LIBERALISMO;47
MARIPI;Jicly Esgardo Mutis Isaza;PARTIDO CENTRO DEMOCRÁTICO;44
MARIPI;Partido Centro Democrático;PARTIDO CENTRO DEMOCRÁTICO;42
MARIPI;Diana Paola Herrera Nuñez;PARTIDO LIBERAL COLOMBIANO;38
MARIPI;Hector David Chaparro Chaparro;PARTIDO LIBERAL COLOMBIANO;28
MARIPI;Adelinda Numpaque Sarmiento;PARTIDO ALIANZA VERDE;26
MARIPI;Partido Conservador - Movimiento Salvación Naciona L;PARTIDO CONSERVADOR - MOVIMIENTO SALVACIÓN NACIONAL;21
MARIPI;Hernel David Ortega Gomez;PARTIDO CONSERVADOR - MOVIMIENTO SALVACIÓN NACIONAL;19
MARIPI;Vivian Andrea Nieto Florez;PARTIDO ALIANZA VERDE;18
MARIPI;Ramiro Barragan Adame;PARTIDO ALIANZA VERDE;14
MARIPI;Olga Lucia Cruz Cuevas;ALMA - OXÍGENO;13
MARIPI;Nancy Yaneth Zapata Pachon;PARTIDO DE LA U - PARTIDO MIRA;12
MARIPI;Partido Alianza Verde;PARTIDO ALIANZA VERDE;11
MARIPI;Hector Josue Camacho Acosta;CR-NUEVO LIBERALISMO;10
MARIPI;Yamit Noe Hurtado Neira;PARTIDO ALIANZA VERDE;10
MARIPI;John Alberto Moreno Galindo;PARTIDO CONSERVADOR - MOVIMIENTO SALVACIÓN NACIONAL;8
MARIPI;Nicolas Felipe Urbano Villamil;PARTIDO LIBERAL COLOMBIANO;8
MARIPI;Delci Del Carmen Urbano;PARTIDO CENTRO DEMOCRÁTICO;6
MARIPI;Jhonatan David Holguin Cruz;PARTIDO CENTRO DEMOCRÁTICO;6
MARIPI;Cr-Nuevo Liberalismo;CR-NUEVO LIBERALISMO;4
MARIPI;Humphrey Roa Sarmiento;PARTIDO DE LA U - PARTIDO MIRA;4
MARIPI;Partido Liberal Colombiano;PARTIDO LIBERAL COLOMBIANO;4
MARIPI;Wilder Ivan Suesca Ochoa;PARTIDO CONSERVADOR - MOVIMIENTO SALVACIÓN NACIONAL;4
MARIPI;Alma - Oxígeno;ALMA - OXÍGENO;2
MARIPI;Eduardo David Suarez Moreno;ALMA - OXÍGENO;2
MARIPI;Gloria Cecilia Palacios Guastar;PARTIDO CONSERVADOR - MOVIMIENTO SALVACIÓN NACIONAL;2
MARIPI;Kenda Lucia Caldera Garavito;PARTIDO CENTRO DEMOCRÁTICO;2
MARIPI;Nadia Alexandra Carreño Avella;CR-NUEVO LIBERALISMO;2
MARIPI;Partido De La U - Partido Mira;PARTIDO DE LA U - PARTIDO MIRA;2
MARIPI;Carolina Geiringer Ortega;ALMA - OXÍGENO;1
MARIPI;Edgar Fernando Farfan Corzo;PARTIDO POLÍTICO DIGNIDAD & COMPROMISO;1
MARIPI;Fredy Alexander Garzon Rojas;PARTIDO CENTRO DEMOCRÁTICO;1
MARIPI;Giovanny Andres Gomez Palomino;ALMA - OXÍGENO;1
MARIPI;Ingrid Marlen Sogamoso Alfonso;PARTIDO CONSERVADOR - MOVIMIENTO SALVACIÓN NACIONAL;1
MARIPI;Jairo Enrique Castiblanco Parra;PARTIDO DE LA U - PARTIDO MIRA;1
MARIPI;Javier Araque Elaica;PARTIDO POLÍTICO DIGNIDAD & COMPROMISO;1
MARIPI;Jose De Los Angeles Fernandez Palacios;PARTIDO POLÍTICO DIGNIDAD & COMPROMISO;1
MARIPI;Manuel Steven Alvarez Pulido;PARTIDO DE LA U - PARTIDO MIRA;1
MARIPI;Partido Político Dignidad & Compromiso;PARTIDO POLÍTICO DIGNIDAD & COMPROMISO;1
MARIPI;Vicente Anibal Ojeda Martinez;CR-NUEVO LIBERALISMO;1
MIRAFLORES;Fabian Camilo Rojas Barrera;CR-NUEVO LIBERALISMO;1321
MIRAFLORES;Pacto Histórico Boyacá;PACTO HISTÓRICO BOYACÁ;625
MIRAFLORES;Hector David Chaparro Chaparro;PARTIDO LIBERAL COLOMBIANO;286
MIRAFLORES;Jairo Enrique Castiblanco Parra;PARTIDO DE LA U - PARTIDO MIRA;208
MIRAFLORES;Yamit Noe Hurtado Neira;PARTIDO ALIANZA VERDE;154
MIRAFLORES;Jaime Raul Salamanca Torres;PARTIDO ALIANZA VERDE;150
MIRAFLORES;Ramiro Barragan Adame;PARTIDO ALIANZA VERDE;76
MIRAFLORES;Vivian Andrea Nieto Florez;PARTIDO ALIANZA VERDE;70
MIRAFLORES;Partido Centro Democrático;PARTIDO CENTRO DEMOCRÁTICO;62
MIRAFLORES;Eduar Alexis Triana Rincon;PARTIDO CENTRO DEMOCRÁTICO;52
MIRAFLORES;Cr-Nuevo Liberalismo;CR-NUEVO LIBERALISMO;48
MIRAFLORES;Nicolas Felipe Urbano Villamil;PARTIDO LIBERAL COLOMBIANO;48
MIRAFLORES;Nancy Yaneth Zapata Pachon;PARTIDO DE LA U - PARTIDO MIRA;43
MIRAFLORES;Ingrid Marlen Sogamoso Alfonso;PARTIDO CONSERVADOR - MOVIMIENTO SALVACIÓN NACIONAL;42
MIRAFLORES;Partido Alianza Verde;PARTIDO ALIANZA VERDE;42
MIRAFLORES;Hernel David Ortega Gomez;PARTIDO CONSERVADOR - MOVIMIENTO SALVACIÓN NACIONAL;37
MIRAFLORES;Oscar Leonardo Avila Romero;PARTIDO LIBERAL COLOMBIANO;30
MIRAFLORES;Camilo Andres Caicedo Silva;PARTIDO LIBERAL COLOMBIANO;27
MIRAFLORES;Jicly Esgardo Mutis Isaza;PARTIDO CENTRO DEMOCRÁTICO;26
MIRAFLORES;Delci Del Carmen Urbano;PARTIDO CENTRO DEMOCRÁTICO;21
MIRAFLORES;Hector Josue Camacho Acosta;CR-NUEVO LIBERALISMO;21
MIRAFLORES;Partido Liberal Colombiano;PARTIDO LIBERAL COLOMBIANO;20
MIRAFLORES;Jhonatan David Holguin Cruz;PARTIDO CENTRO DEMOCRÁTICO;18
MIRAFLORES;Oscar Yovany Montenegro Salcedo;CR-NUEVO LIBERALISMO;16
MIRAFLORES;Humphrey Roa Sarmiento;PARTIDO DE LA U - PARTIDO MIRA;15
MIRAFLORES;Partido Conservador - Movimiento Salvación Naciona L;PARTIDO CONSERVADOR - MOVIMIENTO SALVACIÓN NACIONAL;15
MIRAFLORES;Wilder Ivan Suesca Ochoa;PARTIDO CONSERVADOR - MOVIMIENTO SALVACIÓN NACIONAL;15
MIRAFLORES;Adelinda Numpaque Sarmiento;PARTIDO ALIANZA VERDE;14
MIRAFLORES;Vicente Anibal Ojeda Martinez;CR-NUEVO LIBERALISMO;14
MIRAFLORES;Fredy Alexander Garzon Rojas;PARTIDO CENTRO DEMOCRÁTICO;13
MIRAFLORES;Nadia Alexandra Carreño Avella;CR-NUEVO LIBERALISMO;11
MIRAFLORES;Diana Paola Herrera Nuñez;PARTIDO LIBERAL COLOMBIANO;10
MIRAFLORES;Jose Dario Mahecha Castillo;PARTIDO CONSERVADOR - MOVIMIENTO SALVACIÓN NACIONAL;10
MIRAFLORES;Olga Lucia Cruz Cuevas;ALMA - OXÍGENO;9
MIRAFLORES;Eduardo David Suarez Moreno;ALMA - OXÍGENO;8
MIRAFLORES;Laura Cristina Monroy Bayona;CR-NUEVO LIBERALISMO;8
MIRAFLORES;Alexander Bolaños Garcia;CONSEJO COMUNITARIO DE COMUNIDADES NEGRAS CUENCA RÍO OVEJAS;6
MIRAFLORES;John Alberto Moreno Galindo;PARTIDO CONSERVADOR - MOVIMIENTO SALVACIÓN NACIONAL;6
MIRAFLORES;Nubia Jacqueline Caro Perez;PARTIDO LIBERAL COLOMBIANO;6
MIRAFLORES;Partido De La U - Partido Mira;PARTIDO DE LA U - PARTIDO MIRA;6
MIRAFLORES;Alma - Oxígeno;ALMA - OXÍGENO;5
MIRAFLORES;Partido Político Dignidad & Compromiso;PARTIDO POLÍTICO DIGNIDAD & COMPROMISO;5
MIRAFLORES;Kenda Lucia Caldera Garavito;PARTIDO CENTRO DEMOCRÁTICO;4
MIRAFLORES;Consejo Comunitario El Naranjo;CONSEJO COMUNITARIO EL NARANJO;3
MIRAFLORES;Gloria Cecilia Palacios Guastar;PARTIDO CONSERVADOR - MOVIMIENTO SALVACIÓN NACIONAL;3
MIRAFLORES;Javier Araque Elaica;PARTIDO POLÍTICO DIGNIDAD & COMPROMISO;3
MIRAFLORES;Libi Puerto Granados;PARTIDO DE LA U - PARTIDO MIRA;3
MIRAFLORES;Giovanny Andres Gomez Palomino;ALMA - OXÍGENO;2
MIRAFLORES;Manuel Steven Alvarez Pulido;PARTIDO DE LA U - PARTIDO MIRA;2
MIRAFLORES;Olga Niño Rojas;PARTIDO POLÍTICO DIGNIDAD & COMPROMISO;2
MIRAFLORES;William Donato Gomez;PARTIDO ALIANZA VERDE;2
MIRAFLORES;Consejo Comunitario De Comunidades Negras Cuenca R Ío Ovejas;CONSEJO COMUNITARIO DE COMUNIDADES NEGRAS CUENCA RÍO OVEJAS;1
MIRAFLORES;Consejo Comunitario La Gran Vía De Los Remedios;CONSEJO COMUNITARIO LA GRAN VÍA DE LOS REMEDIOS;1
MIRAFLORES;Edgar Fernando Farfan Corzo;PARTIDO POLÍTICO DIGNIDAD & COMPROMISO;1
MIRAFLORES;Osaviplar;OSAVIPLAR;1
MIRAFLORES;Ricardo Antonio Agudelo Guiza;ALMA - OXÍGENO;1
MIRAFLORES;Rumaldo Rojas Ramirez;ALMA - OXÍGENO;1
MONGUA;Eduar Alexis Triana Rincon;PARTIDO CENTRO DEMOCRÁTICO;251
MONGUA;Yamit Noe Hurtado Neira;PARTIDO ALIANZA VERDE;180
MONGUA;Pacto Histórico Boyacá;PACTO HISTÓRICO BOYACÁ;161
MONGUA;Partido Centro Democrático;PARTIDO CENTRO DEMOCRÁTICO;161
MONGUA;Jairo Enrique Castiblanco Parra;PARTIDO DE LA U - PARTIDO MIRA;148
MONGUA;Ingrid Marlen Sogamoso Alfonso;PARTIDO CONSERVADOR - MOVIMIENTO SALVACIÓN NACIONAL;124
MONGUA;Fabian Camilo Rojas Barrera;CR-NUEVO LIBERALISMO;121
MONGUA;Hector David Chaparro Chaparro;PARTIDO LIBERAL COLOMBIANO;118
MONGUA;Jicly Esgardo Mutis Isaza;PARTIDO CENTRO DEMOCRÁTICO;102
MONGUA;Ramiro Barragan Adame;PARTIDO ALIANZA VERDE;89
MONGUA;Gloria Cecilia Palacios Guastar;PARTIDO CONSERVADOR - MOVIMIENTO SALVACIÓN NACIONAL;76
MONGUA;Jose Dario Mahecha Castillo;PARTIDO CONSERVADOR - MOVIMIENTO SALVACIÓN NACIONAL;70
MONGUA;Wilder Ivan Suesca Ochoa;PARTIDO CONSERVADOR - MOVIMIENTO SALVACIÓN NACIONAL;54
MONGUA;Hernel David Ortega Gomez;PARTIDO CONSERVADOR - MOVIMIENTO SALVACIÓN NACIONAL;41
MONGUA;Adelinda Numpaque Sarmiento;PARTIDO ALIANZA VERDE;39
MONGUA;Delci Del Carmen Urbano;PARTIDO CENTRO DEMOCRÁTICO;35
MONGUA;Jaime Raul Salamanca Torres;PARTIDO ALIANZA VERDE;35
MONGUA;Partido Alianza Verde;PARTIDO ALIANZA VERDE;29
MONGUA;Partido Conservador - Movimiento Salvación Naciona L;PARTIDO CONSERVADOR - MOVIMIENTO SALVACIÓN NACIONAL;29
MONGUA;Vicente Anibal Ojeda Martinez;CR-NUEVO LIBERALISMO;29
MONGUA;Diana Paola Herrera Nuñez;PARTIDO LIBERAL COLOMBIANO;27
MONGUA;Nadia Alexandra Carreño Avella;CR-NUEVO LIBERALISMO;23
MONGUA;William Donato Gomez;PARTIDO ALIANZA VERDE;22
MONGUA;Vivian Andrea Nieto Florez;PARTIDO ALIANZA VERDE;19
MONGUA;Hector Josue Camacho Acosta;CR-NUEVO LIBERALISMO;18
MONGUA;Yury Neill Diaz Aranguren;PARTIDO DE LA U - PARTIDO MIRA;15
MONGUA;Jhonatan David Holguin Cruz;PARTIDO CENTRO DEMOCRÁTICO;14
MONGUA;Kenda Lucia Caldera Garavito;PARTIDO CENTRO DEMOCRÁTICO;13
MONGUA;Fredy Alexander Garzon Rojas;PARTIDO CENTRO DEMOCRÁTICO;11
MONGUA;Nancy Yaneth Zapata Pachon;PARTIDO DE LA U - PARTIDO MIRA;9
MONGUA;Manuel Steven Alvarez Pulido;PARTIDO DE LA U - PARTIDO MIRA;8
MONGUA;Partido Liberal Colombiano;PARTIDO LIBERAL COLOMBIANO;8
MONGUA;Humphrey Roa Sarmiento;PARTIDO DE LA U - PARTIDO MIRA;7
MONGUA;Alma - Oxígeno;ALMA - OXÍGENO;6
MONGUA;Cr-Nuevo Liberalismo;CR-NUEVO LIBERALISMO;6
MONGUA;Edgar Fernando Farfan Corzo;PARTIDO POLÍTICO DIGNIDAD & COMPROMISO;6
MONGUA;Oscar Leonardo Avila Romero;PARTIDO LIBERAL COLOMBIANO;6
MONGUA;Graciela Ramirez Monroy;PARTIDO POLÍTICO DIGNIDAD & COMPROMISO;5
MONGUA;John Alberto Moreno Galindo;PARTIDO CONSERVADOR - MOVIMIENTO SALVACIÓN NACIONAL;5
MONGUA;Eduardo David Suarez Moreno;ALMA - OXÍGENO;4
MONGUA;Nicolas Felipe Urbano Villamil;PARTIDO LIBERAL COLOMBIANO;4
MONGUA;Oscar Yovany Montenegro Salcedo;CR-NUEVO LIBERALISMO;4
MONGUA;Partido De La U - Partido Mira;PARTIDO DE LA U - PARTIDO MIRA;4
MONGUA;Ricardo Antonio Agudelo Guiza;ALMA - OXÍGENO;4
MONGUA;Laura Cristina Monroy Bayona;CR-NUEVO LIBERALISMO;3
MONGUA;Nubia Jacqueline Caro Perez;PARTIDO LIBERAL COLOMBIANO;3
MONGUA;Olga Lucia Cruz Cuevas;ALMA - OXÍGENO;3
MONGUA;Camilo Andres Caicedo Silva;PARTIDO LIBERAL COLOMBIANO;2
MONGUA;Giovanny Andres Gomez Palomino;ALMA - OXÍGENO;2
MONGUA;Libi Puerto Granados;PARTIDO DE LA U - PARTIDO MIRA;2
MONGUA;Carolina Geiringer Ortega;ALMA - OXÍGENO;1
MONGUA;Jose De Los Angeles Fernandez Palacios;PARTIDO POLÍTICO DIGNIDAD & COMPROMISO;1
MONGUA;Layoneth Grandas Villamil;PARTIDO POLÍTICO DIGNIDAD & COMPROMISO;1
MONGUA;Partido Político Dignidad & Compromiso;PARTIDO POLÍTICO DIGNIDAD & COMPROMISO;1
MONGUA;Rumaldo Rojas Ramirez;ALMA - OXÍGENO;1
MONGUI;Pacto Histórico Boyacá;PACTO HISTÓRICO BOYACÁ;385
MONGUI;Jose Dario Mahecha Castillo;PARTIDO CONSERVADOR - MOVIMIENTO SALVACIÓN NACIONAL;332
MONGUI;Ramiro Barragan Adame;PARTIDO ALIANZA VERDE;155
MONGUI;Gloria Cecilia Palacios Guastar;PARTIDO CONSERVADOR - MOVIMIENTO SALVACIÓN NACIONAL;127
MONGUI;Yamit Noe Hurtado Neira;PARTIDO ALIANZA VERDE;111
MONGUI;Fabian Camilo Rojas Barrera;CR-NUEVO LIBERALISMO;99
MONGUI;Partido Centro Democrático;PARTIDO CENTRO DEMOCRÁTICO;85
MONGUI;Jicly Esgardo Mutis Isaza;PARTIDO CENTRO DEMOCRÁTICO;65
MONGUI;Adelinda Numpaque Sarmiento;PARTIDO ALIANZA VERDE;59
MONGUI;Diana Paola Herrera Nuñez;PARTIDO LIBERAL COLOMBIANO;46
MONGUI;Ingrid Marlen Sogamoso Alfonso;PARTIDO CONSERVADOR - MOVIMIENTO SALVACIÓN NACIONAL;46
MONGUI;Yury Neill Diaz Aranguren;PARTIDO DE LA U - PARTIDO MIRA;41
MONGUI;Eduar Alexis Triana Rincon;PARTIDO CENTRO DEMOCRÁTICO;36
MONGUI;Jaime Raul Salamanca Torres;PARTIDO ALIANZA VERDE;36
MONGUI;Hector David Chaparro Chaparro;PARTIDO LIBERAL COLOMBIANO;35
MONGUI;Hernel David Ortega Gomez;PARTIDO CONSERVADOR - MOVIMIENTO SALVACIÓN NACIONAL;29
MONGUI;Partido Conservador - Movimiento Salvación Naciona L;PARTIDO CONSERVADOR - MOVIMIENTO SALVACIÓN NACIONAL;29
MONGUI;Delci Del Carmen Urbano;PARTIDO CENTRO DEMOCRÁTICO;28
MONGUI;Partido Alianza Verde;PARTIDO ALIANZA VERDE;24
MONGUI;Wilder Ivan Suesca Ochoa;PARTIDO CONSERVADOR - MOVIMIENTO SALVACIÓN NACIONAL;17
MONGUI;Vivian Andrea Nieto Florez;PARTIDO ALIANZA VERDE;16
MONGUI;Hector Josue Camacho Acosta;CR-NUEVO LIBERALISMO;15
MONGUI;Nadia Alexandra Carreño Avella;CR-NUEVO LIBERALISMO;13
MONGUI;Consejo Comunitario El Naranjo;CONSEJO COMUNITARIO EL NARANJO;11
MONGUI;Jhonatan David Holguin Cruz;PARTIDO CENTRO DEMOCRÁTICO;11
MONGUI;Jairo Enrique Castiblanco Parra;PARTIDO DE LA U - PARTIDO MIRA;9
MONGUI;Manuel Steven Alvarez Pulido;PARTIDO DE LA U - PARTIDO MIRA;8
MONGUI;William Donato Gomez;PARTIDO ALIANZA VERDE;7
MONGUI;Alma - Oxígeno;ALMA - OXÍGENO;6
MONGUI;Fredy Alexander Garzon Rojas;PARTIDO CENTRO DEMOCRÁTICO;6
MONGUI;Nancy Yaneth Zapata Pachon;PARTIDO DE LA U - PARTIDO MIRA;6
MONGUI;Nicolas Felipe Urbano Villamil;PARTIDO LIBERAL COLOMBIANO;6
MONGUI;Kenda Lucia Caldera Garavito;PARTIDO CENTRO DEMOCRÁTICO;5
MONGUI;Oscar Leonardo Avila Romero;PARTIDO LIBERAL COLOMBIANO;5
MONGUI;John Alberto Moreno Galindo;PARTIDO CONSERVADOR - MOVIMIENTO SALVACIÓN NACIONAL;4
MONGUI;Vicente Anibal Ojeda Martinez;CR-NUEVO LIBERALISMO;4
MONGUI;Cr-Nuevo Liberalismo;CR-NUEVO LIBERALISMO;3
MONGUI;Partido Político Dignidad & Compromiso;PARTIDO POLÍTICO DIGNIDAD & COMPROMISO;3
MONGUI;Rumaldo Rojas Ramirez;ALMA - OXÍGENO;3
MONGUI;Humphrey Roa Sarmiento;PARTIDO DE LA U - PARTIDO MIRA;2
MONGUI;Laura Cristina Monroy Bayona;CR-NUEVO LIBERALISMO;2
MONGUI;Oscar Yovany Montenegro Salcedo;CR-NUEVO LIBERALISMO;2
MONGUI;Partido Liberal Colombiano;PARTIDO LIBERAL COLOMBIANO;2
MONGUI;Ricardo Antonio Agudelo Guiza;ALMA - OXÍGENO;2
MONGUI;Consejo Comunitario La Gran Vía De Los Remedios;CONSEJO COMUNITARIO LA GRAN VÍA DE LOS REMEDIOS;1
MONGUI;Edgar Fernando Farfan Corzo;PARTIDO POLÍTICO DIGNIDAD & COMPROMISO;1
MONGUI;Eduardo David Suarez Moreno;ALMA - OXÍGENO;1
MONGUI;Giovanny Andres Gomez Palomino;ALMA - OXÍGENO;1
MONGUI;Graciela Ramirez Monroy;PARTIDO POLÍTICO DIGNIDAD & COMPROMISO;1
MONGUI;Libi Puerto Granados;PARTIDO DE LA U - PARTIDO MIRA;1
MONGUI;Olga Lucia Cruz Cuevas;ALMA - OXÍGENO;1
MONGUI;Olga Niño Rojas;PARTIDO POLÍTICO DIGNIDAD & COMPROMISO;1
MONGUI;Partido De La U - Partido Mira;PARTIDO DE LA U - PARTIDO MIRA;1
MONIQUIRA;Pacto Histórico Boyacá;PACTO HISTÓRICO BOYACÁ;1604
MONIQUIRA;Yamit Noe Hurtado Neira;PARTIDO ALIANZA VERDE;1050
MONIQUIRA;Ramiro Barragan Adame;PARTIDO ALIANZA VERDE;838
MONIQUIRA;Jaime Raul Salamanca Torres;PARTIDO ALIANZA VERDE;631
MONIQUIRA;Hector David Chaparro Chaparro;PARTIDO LIBERAL COLOMBIANO;442
MONIQUIRA;Jicly Esgardo Mutis Isaza;PARTIDO CENTRO DEMOCRÁTICO;385
MONIQUIRA;Jairo Enrique Castiblanco Parra;PARTIDO DE LA U - PARTIDO MIRA;384
MONIQUIRA;Partido Centro Democrático;PARTIDO CENTRO DEMOCRÁTICO;373
MONIQUIRA;Fabian Camilo Rojas Barrera;CR-NUEVO LIBERALISMO;294
MONIQUIRA;Gloria Cecilia Palacios Guastar;PARTIDO CONSERVADOR - MOVIMIENTO SALVACIÓN NACIONAL;280
MONIQUIRA;Partido Alianza Verde;PARTIDO ALIANZA VERDE;202
MONIQUIRA;Eduar Alexis Triana Rincon;PARTIDO CENTRO DEMOCRÁTICO;198
MONIQUIRA;Diana Paola Herrera Nuñez;PARTIDO LIBERAL COLOMBIANO;192
MONIQUIRA;Delci Del Carmen Urbano;PARTIDO CENTRO DEMOCRÁTICO;155
MONIQUIRA;Wilder Ivan Suesca Ochoa;PARTIDO CONSERVADOR - MOVIMIENTO SALVACIÓN NACIONAL;147
MONIQUIRA;Adelinda Numpaque Sarmiento;PARTIDO ALIANZA VERDE;141
MONIQUIRA;Ingrid Marlen Sogamoso Alfonso;PARTIDO CONSERVADOR - MOVIMIENTO SALVACIÓN NACIONAL;140
MONIQUIRA;Nancy Yaneth Zapata Pachon;PARTIDO DE LA U - PARTIDO MIRA;131
MONIQUIRA;Jose Dario Mahecha Castillo;PARTIDO CONSERVADOR - MOVIMIENTO SALVACIÓN NACIONAL;118
MONIQUIRA;Oscar Leonardo Avila Romero;PARTIDO LIBERAL COLOMBIANO;104
MONIQUIRA;Partido Conservador - Movimiento Salvación Naciona L;PARTIDO CONSERVADOR - MOVIMIENTO SALVACIÓN NACIONAL;94
MONIQUIRA;Fredy Alexander Garzon Rojas;PARTIDO CENTRO DEMOCRÁTICO;79
MONIQUIRA;Vivian Andrea Nieto Florez;PARTIDO ALIANZA VERDE;78
MONIQUIRA;Jhonatan David Holguin Cruz;PARTIDO CENTRO DEMOCRÁTICO;73
MONIQUIRA;Hernel David Ortega Gomez;PARTIDO CONSERVADOR - MOVIMIENTO SALVACIÓN NACIONAL;52
MONIQUIRA;Partido Liberal Colombiano;PARTIDO LIBERAL COLOMBIANO;43
MONIQUIRA;Kenda Lucia Caldera Garavito;PARTIDO CENTRO DEMOCRÁTICO;40
MONIQUIRA;John Alberto Moreno Galindo;PARTIDO CONSERVADOR - MOVIMIENTO SALVACIÓN NACIONAL;36
MONIQUIRA;William Donato Gomez;PARTIDO ALIANZA VERDE;33
MONIQUIRA;Nicolas Felipe Urbano Villamil;PARTIDO LIBERAL COLOMBIANO;29
MONIQUIRA;Laura Cristina Monroy Bayona;CR-NUEVO LIBERALISMO;28
MONIQUIRA;Vicente Anibal Ojeda Martinez;CR-NUEVO LIBERALISMO;26
MONIQUIRA;Nubia Jacqueline Caro Perez;PARTIDO LIBERAL COLOMBIANO;24
MONIQUIRA;Eduardo David Suarez Moreno;ALMA - OXÍGENO;23
MONIQUIRA;Hector Josue Camacho Acosta;CR-NUEVO LIBERALISMO;23
MONIQUIRA;Nadia Alexandra Carreño Avella;CR-NUEVO LIBERALISMO;21
MONIQUIRA;Giovanny Andres Gomez Palomino;ALMA - OXÍGENO;20
MONIQUIRA;Consejo Comunitario El Naranjo;CONSEJO COMUNITARIO EL NARANJO;19
MONIQUIRA;Camilo Andres Caicedo Silva;PARTIDO LIBERAL COLOMBIANO;18
MONIQUIRA;Cr-Nuevo Liberalismo;CR-NUEVO LIBERALISMO;18
MONIQUIRA;Javier Araque Elaica;PARTIDO POLÍTICO DIGNIDAD & COMPROMISO;18
MONIQUIRA;Alma - Oxígeno;ALMA - OXÍGENO;17
MONIQUIRA;Humphrey Roa Sarmiento;PARTIDO DE LA U - PARTIDO MIRA;17
MONIQUIRA;Partido De La U - Partido Mira;PARTIDO DE LA U - PARTIDO MIRA;16
MONIQUIRA;Manuel Steven Alvarez Pulido;PARTIDO DE LA U - PARTIDO MIRA;15
MONIQUIRA;Oscar Yovany Montenegro Salcedo;CR-NUEVO LIBERALISMO;13
MONIQUIRA;Carolina Geiringer Ortega;ALMA - OXÍGENO;9
MONIQUIRA;Ricardo Antonio Agudelo Guiza;ALMA - OXÍGENO;9
MONIQUIRA;Yury Neill Diaz Aranguren;PARTIDO DE LA U - PARTIDO MIRA;9
MONIQUIRA;Libi Puerto Granados;PARTIDO DE LA U - PARTIDO MIRA;6
MONIQUIRA;Partido Político Dignidad & Compromiso;PARTIDO POLÍTICO DIGNIDAD & COMPROMISO;6
MONIQUIRA;Edgar Fernando Farfan Corzo;PARTIDO POLÍTICO DIGNIDAD & COMPROMISO;5
MONIQUIRA;Jose De Los Angeles Fernandez Palacios;PARTIDO POLÍTICO DIGNIDAD & COMPROMISO;5
MONIQUIRA;Rumaldo Rojas Ramirez;ALMA - OXÍGENO;5
MONIQUIRA;Consejo Comunitario La Gran Vía De Los Remedios;CONSEJO COMUNITARIO LA GRAN VÍA DE LOS REMEDIOS;4
MONIQUIRA;Layoneth Grandas Villamil;PARTIDO POLÍTICO DIGNIDAD & COMPROMISO;4
MONIQUIRA;Olga Lucia Cruz Cuevas;ALMA - OXÍGENO;4
MONIQUIRA;Graciela Ramirez Monroy;PARTIDO POLÍTICO DIGNIDAD & COMPROMISO;3
MONIQUIRA;Jorge Ivan Mina Lasso;CONSEJO COMUNITARIO MANUEL ZAPATA OLIVELLA DE SAN ANTERO;3
MONIQUIRA;Olga Niño Rojas;PARTIDO POLÍTICO DIGNIDAD & COMPROMISO;3
MONIQUIRA;Afroemprendimiento;AFROEMPRENDIMIENTO;1
MONIQUIRA;Alexander Bolaños Garcia;CONSEJO COMUNITARIO DE COMUNIDADES NEGRAS CUENCA RÍO OVEJAS;1
MONIQUIRA;Consejo Laboral Afrocolombiano Claf - Bogotá;CONSEJO LABORAL AFROCOLOMBIANO CLAF - BOGOTÁ;1
MONIQUIRA;Diego Armando Sanchez Arboleda;C.C. DE LA COMUNIDAD NEGRA DE LA VEREDA EL ESFUERZO;1
MONIQUIRA;Fundación Artística Cultural Salsa Y Rumba;FUNDACIÓN ARTÍSTICA CULTURAL SALSA Y RUMBA;1
MONIQUIRA;Magnolia Morales Zamora;PARTIDO INDÍGENA COLOMBIANO P.I.C;1
MONIQUIRA;"Movimiento Alternativo Indígena Y Social ""Mais""";"MOVIMIENTO ALTERNATIVO INDÍGENA Y SOCIAL ""MAIS""";1
MONIQUIRA;Oswaldo Jose Ochoa Albor;AFROSLIBRES;1
MONIQUIRA;Partido Demócrata Colombiano;PARTIDO DEMÓCRATA COLOMBIANO;1
MOTAVITA;Ramiro Barragan Adame;PARTIDO ALIANZA VERDE;497
MOTAVITA;Pacto Histórico Boyacá;PACTO HISTÓRICO BOYACÁ;465
MOTAVITA;Jaime Raul Salamanca Torres;PARTIDO ALIANZA VERDE;263
MOTAVITA;Oscar Leonardo Avila Romero;PARTIDO LIBERAL COLOMBIANO;258
MOTAVITA;Yamit Noe Hurtado Neira;PARTIDO ALIANZA VERDE;243
MOTAVITA;Diana Paola Herrera Nuñez;PARTIDO LIBERAL COLOMBIANO;214
MOTAVITA;Fabian Camilo Rojas Barrera;CR-NUEVO LIBERALISMO;145
MOTAVITA;Hector David Chaparro Chaparro;PARTIDO LIBERAL COLOMBIANO;133
MOTAVITA;Wilder Ivan Suesca Ochoa;PARTIDO CONSERVADOR - MOVIMIENTO SALVACIÓN NACIONAL;66
MOTAVITA;Ingrid Marlen Sogamoso Alfonso;PARTIDO CONSERVADOR - MOVIMIENTO SALVACIÓN NACIONAL;62
MOTAVITA;Jairo Enrique Castiblanco Parra;PARTIDO DE LA U - PARTIDO MIRA;43
MOTAVITA;Partido Alianza Verde;PARTIDO ALIANZA VERDE;42
MOTAVITA;Partido Centro Democrático;PARTIDO CENTRO DEMOCRÁTICO;41
MOTAVITA;Jose Dario Mahecha Castillo;PARTIDO CONSERVADOR - MOVIMIENTO SALVACIÓN NACIONAL;34
MOTAVITA;Hector Josue Camacho Acosta;CR-NUEVO LIBERALISMO;29
MOTAVITA;Gloria Cecilia Palacios Guastar;PARTIDO CONSERVADOR - MOVIMIENTO SALVACIÓN NACIONAL;26
MOTAVITA;Jicly Esgardo Mutis Isaza;PARTIDO CENTRO DEMOCRÁTICO;26
MOTAVITA;Partido Liberal Colombiano;PARTIDO LIBERAL COLOMBIANO;23
MOTAVITA;Adelinda Numpaque Sarmiento;PARTIDO ALIANZA VERDE;22
MOTAVITA;Eduar Alexis Triana Rincon;PARTIDO CENTRO DEMOCRÁTICO;22
MOTAVITA;Vivian Andrea Nieto Florez;PARTIDO ALIANZA VERDE;18
MOTAVITA;Hernel David Ortega Gomez;PARTIDO CONSERVADOR - MOVIMIENTO SALVACIÓN NACIONAL;16
MOTAVITA;Nicolas Felipe Urbano Villamil;PARTIDO LIBERAL COLOMBIANO;13
MOTAVITA;Partido Conservador - Movimiento Salvación Naciona L;PARTIDO CONSERVADOR - MOVIMIENTO SALVACIÓN NACIONAL;13
MOTAVITA;Camilo Andres Caicedo Silva;PARTIDO LIBERAL COLOMBIANO;12
MOTAVITA;Delci Del Carmen Urbano;PARTIDO CENTRO DEMOCRÁTICO;11
MOTAVITA;Humphrey Roa Sarmiento;PARTIDO DE LA U - PARTIDO MIRA;11
MOTAVITA;Vicente Anibal Ojeda Martinez;CR-NUEVO LIBERALISMO;11
MOTAVITA;Nancy Yaneth Zapata Pachon;PARTIDO DE LA U - PARTIDO MIRA;8
MOTAVITA;Oscar Yovany Montenegro Salcedo;CR-NUEVO LIBERALISMO;8
MOTAVITA;Consejo Comunitario El Naranjo;CONSEJO COMUNITARIO EL NARANJO;7
MOTAVITA;Eduardo David Suarez Moreno;ALMA - OXÍGENO;7
MOTAVITA;Javier Araque Elaica;PARTIDO POLÍTICO DIGNIDAD & COMPROMISO;7
MOTAVITA;Jhonatan David Holguin Cruz;PARTIDO CENTRO DEMOCRÁTICO;7
MOTAVITA;Yury Neill Diaz Aranguren;PARTIDO DE LA U - PARTIDO MIRA;7
MOTAVITA;Alma - Oxígeno;ALMA - OXÍGENO;6
MOTAVITA;Cr-Nuevo Liberalismo;CR-NUEVO LIBERALISMO;6
MOTAVITA;John Alberto Moreno Galindo;PARTIDO CONSERVADOR - MOVIMIENTO SALVACIÓN NACIONAL;6
MOTAVITA;Fredy Alexander Garzon Rojas;PARTIDO CENTRO DEMOCRÁTICO;4
MOTAVITA;Kenda Lucia Caldera Garavito;PARTIDO CENTRO DEMOCRÁTICO;4
MOTAVITA;Nadia Alexandra Carreño Avella;CR-NUEVO LIBERALISMO;3
MOTAVITA;Olga Lucia Cruz Cuevas;ALMA - OXÍGENO;3
MOTAVITA;Carolina Geiringer Ortega;ALMA - OXÍGENO;2
MOTAVITA;Consejo Comunitario La Gran Vía De Los Remedios;CONSEJO COMUNITARIO LA GRAN VÍA DE LOS REMEDIOS;2
MOTAVITA;Edgar Fernando Farfan Corzo;PARTIDO POLÍTICO DIGNIDAD & COMPROMISO;2
MOTAVITA;Graciela Ramirez Monroy;PARTIDO POLÍTICO DIGNIDAD & COMPROMISO;2
MOTAVITA;Jose De Los Angeles Fernandez Palacios;PARTIDO POLÍTICO DIGNIDAD & COMPROMISO;2
MOTAVITA;Nubia Jacqueline Caro Perez;PARTIDO LIBERAL COLOMBIANO;2
MOTAVITA;Olga Niño Rojas;PARTIDO POLÍTICO DIGNIDAD & COMPROMISO;2
MOTAVITA;Ricardo Antonio Agudelo Guiza;ALMA - OXÍGENO;2
MOTAVITA;Alexander Bolaños Garcia;CONSEJO COMUNITARIO DE COMUNIDADES NEGRAS CUENCA RÍO OVEJAS;1
MOTAVITA;Giovanny Andres Gomez Palomino;ALMA - OXÍGENO;1
MOTAVITA;Layoneth Grandas Villamil;PARTIDO POLÍTICO DIGNIDAD & COMPROMISO;1
MOTAVITA;Libi Puerto Granados;PARTIDO DE LA U - PARTIDO MIRA;1
MOTAVITA;Partido Político Dignidad & Compromiso;PARTIDO POLÍTICO DIGNIDAD & COMPROMISO;1
MUZO;Eduar Alexis Triana Rincon;PARTIDO CENTRO DEMOCRÁTICO;962
MUZO;Jose Dario Mahecha Castillo;PARTIDO CONSERVADOR - MOVIMIENTO SALVACIÓN NACIONAL;876
MUZO;Pacto Histórico Boyacá;PACTO HISTÓRICO BOYACÁ;372
MUZO;Hernel David Ortega Gomez;PARTIDO CONSERVADOR - MOVIMIENTO SALVACIÓN NACIONAL;118
MUZO;Jicly Esgardo Mutis Isaza;PARTIDO CENTRO DEMOCRÁTICO;118
MUZO;Vivian Andrea Nieto Florez;PARTIDO ALIANZA VERDE;75
MUZO;Ingrid Marlen Sogamoso Alfonso;PARTIDO CONSERVADOR - MOVIMIENTO SALVACIÓN NACIONAL;68
MUZO;Partido Centro Democrático;PARTIDO CENTRO DEMOCRÁTICO;58
MUZO;Yamit Noe Hurtado Neira;PARTIDO ALIANZA VERDE;50
MUZO;Jaime Raul Salamanca Torres;PARTIDO ALIANZA VERDE;43
MUZO;Ramiro Barragan Adame;PARTIDO ALIANZA VERDE;40
MUZO;Nancy Yaneth Zapata Pachon;PARTIDO DE LA U - PARTIDO MIRA;39
MUZO;Partido Conservador - Movimiento Salvación Naciona L;PARTIDO CONSERVADOR - MOVIMIENTO SALVACIÓN NACIONAL;39
MUZO;Nicolas Felipe Urbano Villamil;PARTIDO LIBERAL COLOMBIANO;32
MUZO;Partido Alianza Verde;PARTIDO ALIANZA VERDE;32
MUZO;Adelinda Numpaque Sarmiento;PARTIDO ALIANZA VERDE;29
MUZO;Diana Paola Herrera Nuñez;PARTIDO LIBERAL COLOMBIANO;28
MUZO;Fabian Camilo Rojas Barrera;CR-NUEVO LIBERALISMO;24
MUZO;Hector Josue Camacho Acosta;CR-NUEVO LIBERALISMO;20
MUZO;Delci Del Carmen Urbano;PARTIDO CENTRO DEMOCRÁTICO;15
MUZO;Olga Lucia Cruz Cuevas;ALMA - OXÍGENO;15
MUZO;Gloria Cecilia Palacios Guastar;PARTIDO CONSERVADOR - MOVIMIENTO SALVACIÓN NACIONAL;14
MUZO;Humphrey Roa Sarmiento;PARTIDO DE LA U - PARTIDO MIRA;10
MUZO;John Alberto Moreno Galindo;PARTIDO CONSERVADOR - MOVIMIENTO SALVACIÓN NACIONAL;10
MUZO;Manuel Steven Alvarez Pulido;PARTIDO DE LA U - PARTIDO MIRA;7
MUZO;Fredy Alexander Garzon Rojas;PARTIDO CENTRO DEMOCRÁTICO;6
MUZO;Giovanny Andres Gomez Palomino;ALMA - OXÍGENO;6
MUZO;Hector David Chaparro Chaparro;PARTIDO LIBERAL COLOMBIANO;6
MUZO;Jhonatan David Holguin Cruz;PARTIDO CENTRO DEMOCRÁTICO;6
MUZO;Javier Araque Elaica;PARTIDO POLÍTICO DIGNIDAD & COMPROMISO;5
MUZO;Olga Niño Rojas;PARTIDO POLÍTICO DIGNIDAD & COMPROMISO;5
MUZO;Partido De La U - Partido Mira;PARTIDO DE LA U - PARTIDO MIRA;5
MUZO;Partido Liberal Colombiano;PARTIDO LIBERAL COLOMBIANO;5
MUZO;Yury Neill Diaz Aranguren;PARTIDO DE LA U - PARTIDO MIRA;5
MUZO;Alma - Oxígeno;ALMA - OXÍGENO;4
MUZO;Cr-Nuevo Liberalismo;CR-NUEVO LIBERALISMO;4
MUZO;Jairo Enrique Castiblanco Parra;PARTIDO DE LA U - PARTIDO MIRA;4
MUZO;Laura Cristina Monroy Bayona;CR-NUEVO LIBERALISMO;3
MUZO;Libi Puerto Granados;PARTIDO DE LA U - PARTIDO MIRA;3
MUZO;Camilo Andres Caicedo Silva;PARTIDO LIBERAL COLOMBIANO;2
MUZO;Carolina Geiringer Ortega;ALMA - OXÍGENO;2
MUZO;Oscar Leonardo Avila Romero;PARTIDO LIBERAL COLOMBIANO;2
MUZO;Partido Político Dignidad & Compromiso;PARTIDO POLÍTICO DIGNIDAD & COMPROMISO;2
MUZO;Wilder Ivan Suesca Ochoa;PARTIDO CONSERVADOR - MOVIMIENTO SALVACIÓN NACIONAL;2
MUZO;William Donato Gomez;PARTIDO ALIANZA VERDE;2
MUZO;Consejo Comunitario La Gran Vía De Los Remedios;CONSEJO COMUNITARIO LA GRAN VÍA DE LOS REMEDIOS;1
MUZO;Nadia Alexandra Carreño Avella;CR-NUEVO LIBERALISMO;1
MUZO;Rumaldo Rojas Ramirez;ALMA - OXÍGENO;1
MUZO;Vicente Anibal Ojeda Martinez;CR-NUEVO LIBERALISMO;1
NOBSA;Ramiro Barragan Adame;PARTIDO ALIANZA VERDE;2228
NOBSA;Pacto Histórico Boyacá;PACTO HISTÓRICO BOYACÁ;1988
NOBSA;Diana Paola Herrera Nuñez;PARTIDO LIBERAL COLOMBIANO;1249
NOBSA;Vicente Anibal Ojeda Martinez;CR-NUEVO LIBERALISMO;311
NOBSA;Hector David Chaparro Chaparro;PARTIDO LIBERAL COLOMBIANO;310
NOBSA;Ingrid Marlen Sogamoso Alfonso;PARTIDO CONSERVADOR - MOVIMIENTO SALVACIÓN NACIONAL;270
NOBSA;Jaime Raul Salamanca Torres;PARTIDO ALIANZA VERDE;224
NOBSA;Yamit Noe Hurtado Neira;PARTIDO ALIANZA VERDE;197
NOBSA;Jairo Enrique Castiblanco Parra;PARTIDO DE LA U - PARTIDO MIRA;137
NOBSA;Fabian Camilo Rojas Barrera;CR-NUEVO LIBERALISMO;112
NOBSA;Partido Centro Democrático;PARTIDO CENTRO DEMOCRÁTICO;101
NOBSA;Gloria Cecilia Palacios Guastar;PARTIDO CONSERVADOR - MOVIMIENTO SALVACIÓN NACIONAL;92
NOBSA;Jose Dario Mahecha Castillo;PARTIDO CONSERVADOR - MOVIMIENTO SALVACIÓN NACIONAL;78
NOBSA;Partido Alianza Verde;PARTIDO ALIANZA VERDE;76
NOBSA;Eduar Alexis Triana Rincon;PARTIDO CENTRO DEMOCRÁTICO;67
NOBSA;Adelinda Numpaque Sarmiento;PARTIDO ALIANZA VERDE;58
NOBSA;Oscar Leonardo Avila Romero;PARTIDO LIBERAL COLOMBIANO;58
NOBSA;Delci Del Carmen Urbano;PARTIDO CENTRO DEMOCRÁTICO;55
NOBSA;Jicly Esgardo Mutis Isaza;PARTIDO CENTRO DEMOCRÁTICO;54
NOBSA;Nancy Yaneth Zapata Pachon;PARTIDO DE LA U - PARTIDO MIRA;54
NOBSA;Nadia Alexandra Carreño Avella;CR-NUEVO LIBERALISMO;51
NOBSA;Yury Neill Diaz Aranguren;PARTIDO DE LA U - PARTIDO MIRA;48
NOBSA;Wilder Ivan Suesca Ochoa;PARTIDO CONSERVADOR - MOVIMIENTO SALVACIÓN NACIONAL;41
NOBSA;Hector Josue Camacho Acosta;CR-NUEVO LIBERALISMO;40
NOBSA;Vivian Andrea Nieto Florez;PARTIDO ALIANZA VERDE;39
NOBSA;William Donato Gomez;PARTIDO ALIANZA VERDE;39
NOBSA;Camilo Andres Caicedo Silva;PARTIDO LIBERAL COLOMBIANO;30
NOBSA;Consejo Comunitario El Naranjo;CONSEJO COMUNITARIO EL NARANJO;30
NOBSA;Partido Liberal Colombiano;PARTIDO LIBERAL COLOMBIANO;29
NOBSA;Hernel David Ortega Gomez;PARTIDO CONSERVADOR - MOVIMIENTO SALVACIÓN NACIONAL;27
NOBSA;Partido Conservador - Movimiento Salvación Naciona L;PARTIDO CONSERVADOR - MOVIMIENTO SALVACIÓN NACIONAL;24
NOBSA;John Alberto Moreno Galindo;PARTIDO CONSERVADOR - MOVIMIENTO SALVACIÓN NACIONAL;23
NOBSA;Ricardo Antonio Agudelo Guiza;ALMA - OXÍGENO;21
NOBSA;Jhonatan David Holguin Cruz;PARTIDO CENTRO DEMOCRÁTICO;20
NOBSA;Manuel Steven Alvarez Pulido;PARTIDO DE LA U - PARTIDO MIRA;19
NOBSA;Kenda Lucia Caldera Garavito;PARTIDO CENTRO DEMOCRÁTICO;17
NOBSA;Nicolas Felipe Urbano Villamil;PARTIDO LIBERAL COLOMBIANO;15
NOBSA;Laura Cristina Monroy Bayona;CR-NUEVO LIBERALISMO;14
NOBSA;Carolina Geiringer Ortega;ALMA - OXÍGENO;10
NOBSA;Alma - Oxígeno;ALMA - OXÍGENO;9
NOBSA;Fredy Alexander Garzon Rojas;PARTIDO CENTRO DEMOCRÁTICO;9
NOBSA;Cr-Nuevo Liberalismo;CR-NUEVO LIBERALISMO;8
NOBSA;Oscar Yovany Montenegro Salcedo;CR-NUEVO LIBERALISMO;8
NOBSA;Partido De La U - Partido Mira;PARTIDO DE LA U - PARTIDO MIRA;8
NOBSA;Eduardo David Suarez Moreno;ALMA - OXÍGENO;7
NOBSA;Nubia Jacqueline Caro Perez;PARTIDO LIBERAL COLOMBIANO;7
NOBSA;Olga Niño Rojas;PARTIDO POLÍTICO DIGNIDAD & COMPROMISO;6
NOBSA;Consejo Comunitario La Gran Vía De Los Remedios;CONSEJO COMUNITARIO LA GRAN VÍA DE LOS REMEDIOS;5
NOBSA;Giovanny Andres Gomez Palomino;ALMA - OXÍGENO;5
NOBSA;Partido Político Dignidad & Compromiso;PARTIDO POLÍTICO DIGNIDAD & COMPROMISO;4
NOBSA;Humphrey Roa Sarmiento;PARTIDO DE LA U - PARTIDO MIRA;3
NOBSA;Javier Araque Elaica;PARTIDO POLÍTICO DIGNIDAD & COMPROMISO;3
NOBSA;Jose De Los Angeles Fernandez Palacios;PARTIDO POLÍTICO DIGNIDAD & COMPROMISO;3
NOBSA;Libi Puerto Granados;PARTIDO DE LA U - PARTIDO MIRA;3
NOBSA;Jhony Aparicio Ramirez;PARTIDO INDÍGENA COLOMBIANO P.I.C;2
NOBSA;Afroemprendimiento;AFROEMPRENDIMIENTO;1
NOBSA;Alexander Bolaños Garcia;CONSEJO COMUNITARIO DE COMUNIDADES NEGRAS CUENCA RÍO OVEJAS;1
NOBSA;Amalia Rosa Campo Navarro;CONSEJO COMUNITARIO DE COMUNIDADES NEGRAS CUENCA RÍO OVEJAS;1
NOBSA;Consejo Comunitario Kusutoma - Gende Cokumalu;CONSEJO COMUNITARIO KUSUTOMA - GENDE COKUMALU;1
NOBSA;Consejo Comunitario Río De Guaduas - Chigorodó;CONSEJO COMUNITARIO RÍO DE GUADUAS - CHIGORODÓ;1
NOBSA;Consejo Comunitario Unión Del Río Rosario;CONSEJO COMUNITARIO UNIÍN DEL RÍO ROSARIO;1
NOBSA;Diego Armando Sanchez Arboleda;C.C. DE LA COMUNIDAD NEGRA DE LA VEREDA EL ESFUERZO;1
NOBSA;Edgar Fernando Farfan Corzo;PARTIDO POLÍTICO DIGNIDAD & COMPROMISO;1
NOBSA;Graciela Ramirez Monroy;PARTIDO POLÍTICO DIGNIDAD & COMPROMISO;1
NOBSA;Jazmin Patricia Garcia Caicedo;"CONSEJO COMUNITARIO DE PIZARRO ""CONCOPI""";1
NOBSA;Jorge Ivan Mina Lasso;CONSEJO COMUNITARIO MANUEL ZAPATA OLIVELLA DE SAN ANTERO;1
NOBSA;Lenin Jesus Mendoza Perez;ASOCONEG;1
NOBSA;Linderman Adrada Lopez;"MOVIMIENTO ALTERNATIVO INDÍGENA Y SOCIAL ""MAIS""";1
NOBSA;"Movimiento Alternativo Indígena Y Social ""Mais""";"MOVIMIENTO ALTERNATIVO INDÍGENA Y SOCIAL ""MAIS""";1
NOBSA;Paciano Asprilla Arboleda;"CONSEJO COMUNITARIO DE PIZARRO ""CONCOPI""";1
NOBSA;Rumaldo Rojas Ramirez;ALMA - OXÍGENO;1
NUEVO COLON;Pacto Histórico Boyacá;PACTO HISTÓRICO BOYACÁ;296
NUEVO COLON;Fabian Camilo Rojas Barrera;CR-NUEVO LIBERALISMO;249
NUEVO COLON;Yamit Noe Hurtado Neira;PARTIDO ALIANZA VERDE;182
NUEVO COLON;Hector David Chaparro Chaparro;PARTIDO LIBERAL COLOMBIANO;159
NUEVO COLON;Jaime Raul Salamanca Torres;PARTIDO ALIANZA VERDE;149
NUEVO COLON;Ramiro Barragan Adame;PARTIDO ALIANZA VERDE;90
NUEVO COLON;Wilder Ivan Suesca Ochoa;PARTIDO CONSERVADOR - MOVIMIENTO SALVACIÓN NACIONAL;74
NUEVO COLON;Nancy Yaneth Zapata Pachon;PARTIDO DE LA U - PARTIDO MIRA;63
NUEVO COLON;Jairo Enrique Castiblanco Parra;PARTIDO DE LA U - PARTIDO MIRA;56
NUEVO COLON;Partido Centro Democrático;PARTIDO CENTRO DEMOCRÁTICO;48
NUEVO COLON;Jose Dario Mahecha Castillo;PARTIDO CONSERVADOR - MOVIMIENTO SALVACIÓN NACIONAL;47
NUEVO COLON;Diana Paola Herrera Nuñez;PARTIDO LIBERAL COLOMBIANO;42
NUEVO COLON;Partido Alianza Verde;PARTIDO ALIANZA VERDE;39
NUEVO COLON;Vivian Andrea Nieto Florez;PARTIDO ALIANZA VERDE;33
NUEVO COLON;Ingrid Marlen Sogamoso Alfonso;PARTIDO CONSERVADOR - MOVIMIENTO SALVACIÓN NACIONAL;30
NUEVO COLON;Partido Liberal Colombiano;PARTIDO LIBERAL COLOMBIANO;22
NUEVO COLON;Eduar Alexis Triana Rincon;PARTIDO CENTRO DEMOCRÁTICO;20
NUEVO COLON;Oscar Yovany Montenegro Salcedo;CR-NUEVO LIBERALISMO;19
NUEVO COLON;Nubia Jacqueline Caro Perez;PARTIDO LIBERAL COLOMBIANO;18
NUEVO COLON;Oscar Leonardo Avila Romero;PARTIDO LIBERAL COLOMBIANO;18
NUEVO COLON;Fredy Alexander Garzon Rojas;PARTIDO CENTRO DEMOCRÁTICO;16
NUEVO COLON;Hernel David Ortega Gomez;PARTIDO CONSERVADOR - MOVIMIENTO SALVACIÓN NACIONAL;16
NUEVO COLON;Adelinda Numpaque Sarmiento;PARTIDO ALIANZA VERDE;14
NUEVO COLON;John Alberto Moreno Galindo;PARTIDO CONSERVADOR - MOVIMIENTO SALVACIÓN NACIONAL;14
NUEVO COLON;Delci Del Carmen Urbano;PARTIDO CENTRO DEMOCRÁTICO;11
NUEVO COLON;Jicly Esgardo Mutis Isaza;PARTIDO CENTRO DEMOCRÁTICO;11
NUEVO COLON;Yury Neill Diaz Aranguren;PARTIDO DE LA U - PARTIDO MIRA;10
NUEVO COLON;Camilo Andres Caicedo Silva;PARTIDO LIBERAL COLOMBIANO;9
NUEVO COLON;Hector Josue Camacho Acosta;CR-NUEVO LIBERALISMO;9
NUEVO COLON;Cr-Nuevo Liberalismo;CR-NUEVO LIBERALISMO;8
NUEVO COLON;Partido Conservador - Movimiento Salvación Naciona L;PARTIDO CONSERVADOR - MOVIMIENTO SALVACIÓN NACIONAL;8
NUEVO COLON;Vicente Anibal Ojeda Martinez;CR-NUEVO LIBERALISMO;8
NUEVO COLON;Jhonatan David Holguin Cruz;PARTIDO CENTRO DEMOCRÁTICO;7
NUEVO COLON;Kenda Lucia Caldera Garavito;PARTIDO CENTRO DEMOCRÁTICO;6
NUEVO COLON;Laura Cristina Monroy Bayona;CR-NUEVO LIBERALISMO;6
NUEVO COLON;Nadia Alexandra Carreño Avella;CR-NUEVO LIBERALISMO;6
NUEVO COLON;Gloria Cecilia Palacios Guastar;PARTIDO CONSERVADOR - MOVIMIENTO SALVACIÓN NACIONAL;5
NUEVO COLON;Javier Araque Elaica;PARTIDO POLÍTICO DIGNIDAD & COMPROMISO;5
NUEVO COLON;Nicolas Felipe Urbano Villamil;PARTIDO LIBERAL COLOMBIANO;5
NUEVO COLON;Olga Lucia Cruz Cuevas;ALMA - OXÍGENO;4
NUEVO COLON;Eduardo David Suarez Moreno;ALMA - OXÍGENO;3
NUEVO COLON;Graciela Ramirez Monroy;PARTIDO POLÍTICO DIGNIDAD & COMPROMISO;3
NUEVO COLON;Humphrey Roa Sarmiento;PARTIDO DE LA U - PARTIDO MIRA;3
NUEVO COLON;Ricardo Antonio Agudelo Guiza;ALMA - OXÍGENO;3
NUEVO COLON;William Donato Gomez;PARTIDO ALIANZA VERDE;3
NUEVO COLON;Giovanny Andres Gomez Palomino;ALMA - OXÍGENO;2
NUEVO COLON;Manuel Steven Alvarez Pulido;PARTIDO DE LA U - PARTIDO MIRA;2
NUEVO COLON;Partido De La U - Partido Mira;PARTIDO DE LA U - PARTIDO MIRA;2
NUEVO COLON;Partido Demócrata Colombiano;PARTIDO DEMÓCRATA COLOMBIANO;2
NUEVO COLON;Alma - Oxígeno;ALMA - OXÍGENO;1
NUEVO COLON;Consejo Comunitario La Gran Vía De Los Remedios;CONSEJO COMUNITARIO LA GRAN VÍA DE LOS REMEDIOS;1
NUEVO COLON;Edgar Fernando Farfan Corzo;PARTIDO POLÍTICO DIGNIDAD & COMPROMISO;1
NUEVO COLON;Olga Niño Rojas;PARTIDO POLÍTICO DIGNIDAD & COMPROMISO;1
NUEVO COLON;Rumaldo Rojas Ramirez;ALMA - OXÍGENO;1
NUEVO COLON;Valentina Gutierrez Araujo;"MOVIMIENTO ALTERNATIVO INDÍGENA Y SOCIAL ""MAIS""";1
OICATA;Fredy Alexander Garzon Rojas;PARTIDO CENTRO DEMOCRÁTICO;307
OICATA;Pacto Histórico Boyacá;PACTO HISTÓRICO BOYACÁ;263
OICATA;Ramiro Barragan Adame;PARTIDO ALIANZA VERDE;115
OICATA;Oscar Leonardo Avila Romero;PARTIDO LIBERAL COLOMBIANO;85
OICATA;Wilder Ivan Suesca Ochoa;PARTIDO CONSERVADOR - MOVIMIENTO SALVACIÓN NACIONAL;85
OICATA;Yamit Noe Hurtado Neira;PARTIDO ALIANZA VERDE;83
OICATA;Diana Paola Herrera Nuñez;PARTIDO LIBERAL COLOMBIANO;68
OICATA;Ingrid Marlen Sogamoso Alfonso;PARTIDO CONSERVADOR - MOVIMIENTO SALVACIÓN NACIONAL;53
OICATA;Jaime Raul Salamanca Torres;PARTIDO ALIANZA VERDE;53
OICATA;Hector David Chaparro Chaparro;PARTIDO LIBERAL COLOMBIANO;47
OICATA;Partido Centro Democrático;PARTIDO CENTRO DEMOCRÁTICO;39
OICATA;Jairo Enrique Castiblanco Parra;PARTIDO DE LA U - PARTIDO MIRA;30
OICATA;Fabian Camilo Rojas Barrera;CR-NUEVO LIBERALISMO;21
OICATA;Jose Dario Mahecha Castillo;PARTIDO CONSERVADOR - MOVIMIENTO SALVACIÓN NACIONAL;21
OICATA;Jicly Esgardo Mutis Isaza;PARTIDO CENTRO DEMOCRÁTICO;19
OICATA;Humphrey Roa Sarmiento;PARTIDO DE LA U - PARTIDO MIRA;18
OICATA;Delci Del Carmen Urbano;PARTIDO CENTRO DEMOCRÁTICO;17
OICATA;John Alberto Moreno Galindo;PARTIDO CONSERVADOR - MOVIMIENTO SALVACIÓN NACIONAL;16
OICATA;Partido Alianza Verde;PARTIDO ALIANZA VERDE;14
OICATA;Oscar Yovany Montenegro Salcedo;CR-NUEVO LIBERALISMO;13
OICATA;Nancy Yaneth Zapata Pachon;PARTIDO DE LA U - PARTIDO MIRA;12
OICATA;Adelinda Numpaque Sarmiento;PARTIDO ALIANZA VERDE;11
OICATA;Hernel David Ortega Gomez;PARTIDO CONSERVADOR - MOVIMIENTO SALVACIÓN NACIONAL;10
OICATA;Partido Conservador - Movimiento Salvación Naciona L;PARTIDO CONSERVADOR - MOVIMIENTO SALVACIÓN NACIONAL;10
OICATA;Eduar Alexis Triana Rincon;PARTIDO CENTRO DEMOCRÁTICO;9
OICATA;Camilo Andres Caicedo Silva;PARTIDO LIBERAL COLOMBIANO;8
OICATA;William Donato Gomez;PARTIDO ALIANZA VERDE;8
OICATA;Hector Josue Camacho Acosta;CR-NUEVO LIBERALISMO;7
OICATA;Nadia Alexandra Carreño Avella;CR-NUEVO LIBERALISMO;6
OICATA;Partido Liberal Colombiano;PARTIDO LIBERAL COLOMBIANO;6
OICATA;Vivian Andrea Nieto Florez;PARTIDO ALIANZA VERDE;6
OICATA;Jhonatan David Holguin Cruz;PARTIDO CENTRO DEMOCRÁTICO;5
OICATA;Yury Neill Diaz Aranguren;PARTIDO DE LA U - PARTIDO MIRA;5
OICATA;Gloria Cecilia Palacios Guastar;PARTIDO CONSERVADOR - MOVIMIENTO SALVACIÓN NACIONAL;4
OICATA;Javier Araque Elaica;PARTIDO POLÍTICO DIGNIDAD & COMPROMISO;4
OICATA;Nicolas Felipe Urbano Villamil;PARTIDO LIBERAL COLOMBIANO;4
OICATA;Nubia Jacqueline Caro Perez;PARTIDO LIBERAL COLOMBIANO;4
OICATA;Ricardo Antonio Agudelo Guiza;ALMA - OXÍGENO;4
OICATA;Cr-Nuevo Liberalismo;CR-NUEVO LIBERALISMO;3
OICATA;Eduardo David Suarez Moreno;ALMA - OXÍGENO;3
OICATA;Graciela Ramirez Monroy;PARTIDO POLÍTICO DIGNIDAD & COMPROMISO;2
OICATA;Jose De Los Angeles Fernandez Palacios;PARTIDO POLÍTICO DIGNIDAD & COMPROMISO;2
OICATA;Kenda Lucia Caldera Garavito;PARTIDO CENTRO DEMOCRÁTICO;2
OICATA;Olga Lucia Cruz Cuevas;ALMA - OXÍGENO;2
OICATA;Vicente Anibal Ojeda Martinez;CR-NUEVO LIBERALISMO;2
OICATA;Alma - Oxígeno;ALMA - OXÍGENO;1
OICATA;Carolina Geiringer Ortega;ALMA - OXÍGENO;1
OICATA;Consejo Comunitario El Naranjo;CONSEJO COMUNITARIO EL NARANJO;1
OICATA;Dina Luz Benitez Balceiro;ASOCIACIÓN AFRODESCENDIENTE PACÍFICO POR LA PAZ;1
OICATA;Fundación Orsuba;FUNDACIÓN ORSUBA;1
OICATA;Laura Cristina Monroy Bayona;CR-NUEVO LIBERALISMO;1
OICATA;Linderman Adrada Lopez;"MOVIMIENTO ALTERNATIVO INDÍGENA Y SOCIAL ""MAIS""";1
OICATA;Manuel Steven Alvarez Pulido;PARTIDO DE LA U - PARTIDO MIRA;1
OICATA;Partido De La U - Partido Mira;PARTIDO DE LA U - PARTIDO MIRA;1
OICATA;Rumaldo Rojas Ramirez;ALMA - OXÍGENO;1
OTANCHE;Eduar Alexis Triana Rincon;PARTIDO CENTRO DEMOCRÁTICO;709
OTANCHE;Jose Dario Mahecha Castillo;PARTIDO CONSERVADOR - MOVIMIENTO SALVACIÓN NACIONAL;618
OTANCHE;Jicly Esgardo Mutis Isaza;PARTIDO CENTRO DEMOCRÁTICO;251
OTANCHE;Jaime Raul Salamanca Torres;PARTIDO ALIANZA VERDE;237
OTANCHE;Fabian Camilo Rojas Barrera;CR-NUEVO LIBERALISMO;194
OTANCHE;Pacto Histórico Boyacá;PACTO HISTÓRICO BOYACÁ;170
OTANCHE;Diana Paola Herrera Nuñez;PARTIDO LIBERAL COLOMBIANO;136
OTANCHE;Partido Centro Democrático;PARTIDO CENTRO DEMOCRÁTICO;123
OTANCHE;Jairo Enrique Castiblanco Parra;PARTIDO DE LA U - PARTIDO MIRA;116
OTANCHE;Ingrid Marlen Sogamoso Alfonso;PARTIDO CONSERVADOR - MOVIMIENTO SALVACIÓN NACIONAL;75
OTANCHE;Nicolas Felipe Urbano Villamil;PARTIDO LIBERAL COLOMBIANO;75
OTANCHE;Hernel David Ortega Gomez;PARTIDO CONSERVADOR - MOVIMIENTO SALVACIÓN NACIONAL;66
OTANCHE;Vivian Andrea Nieto Florez;PARTIDO ALIANZA VERDE;60
OTANCHE;Nancy Yaneth Zapata Pachon;PARTIDO DE LA U - PARTIDO MIRA;51
OTANCHE;Ramiro Barragan Adame;PARTIDO ALIANZA VERDE;44
OTANCHE;Partido Alianza Verde;PARTIDO ALIANZA VERDE;33
OTANCHE;Hector David Chaparro Chaparro;PARTIDO LIBERAL COLOMBIANO;32
OTANCHE;Hector Josue Camacho Acosta;CR-NUEVO LIBERALISMO;31
OTANCHE;Delci Del Carmen Urbano;PARTIDO CENTRO DEMOCRÁTICO;28
OTANCHE;Partido Conservador - Movimiento Salvación Naciona L;PARTIDO CONSERVADOR - MOVIMIENTO SALVACIÓN NACIONAL;26
OTANCHE;Adelinda Numpaque Sarmiento;PARTIDO ALIANZA VERDE;25
OTANCHE;Yamit Noe Hurtado Neira;PARTIDO ALIANZA VERDE;22
OTANCHE;Gloria Cecilia Palacios Guastar;PARTIDO CONSERVADOR - MOVIMIENTO SALVACIÓN NACIONAL;21
OTANCHE;Wilder Ivan Suesca Ochoa;PARTIDO CONSERVADOR - MOVIMIENTO SALVACIÓN NACIONAL;18
OTANCHE;Humphrey Roa Sarmiento;PARTIDO DE LA U - PARTIDO MIRA;10
OTANCHE;Partido De La U - Partido Mira;PARTIDO DE LA U - PARTIDO MIRA;10
OTANCHE;Eduardo David Suarez Moreno;ALMA - OXÍGENO;9
OTANCHE;Olga Lucia Cruz Cuevas;ALMA - OXÍGENO;9
OTANCHE;Partido Liberal Colombiano;PARTIDO LIBERAL COLOMBIANO;8
OTANCHE;Giovanny Andres Gomez Palomino;ALMA - OXÍGENO;7
OTANCHE;Kenda Lucia Caldera Garavito;PARTIDO CENTRO DEMOCRÁTICO;7
OTANCHE;Manuel Steven Alvarez Pulido;PARTIDO DE LA U - PARTIDO MIRA;7
OTANCHE;Jhonatan David Holguin Cruz;PARTIDO CENTRO DEMOCRÁTICO;6
OTANCHE;Oscar Leonardo Avila Romero;PARTIDO LIBERAL COLOMBIANO;6
OTANCHE;Camilo Andres Caicedo Silva;PARTIDO LIBERAL COLOMBIANO;5
OTANCHE;Cr-Nuevo Liberalismo;CR-NUEVO LIBERALISMO;5
OTANCHE;Libi Puerto Granados;PARTIDO DE LA U - PARTIDO MIRA;5
OTANCHE;Fredy Alexander Garzon Rojas;PARTIDO CENTRO DEMOCRÁTICO;4
OTANCHE;William Donato Gomez;PARTIDO ALIANZA VERDE;4
OTANCHE;Alma - Oxígeno;ALMA - OXÍGENO;3
OTANCHE;Javier Araque Elaica;PARTIDO POLÍTICO DIGNIDAD & COMPROMISO;3
OTANCHE;Nadia Alexandra Carreño Avella;CR-NUEVO LIBERALISMO;3
OTANCHE;Vicente Anibal Ojeda Martinez;CR-NUEVO LIBERALISMO;3
OTANCHE;Consejo Comunitario El Naranjo;CONSEJO COMUNITARIO EL NARANJO;2
OTANCHE;Consejo Comunitario La Gran Vía De Los Remedios;CONSEJO COMUNITARIO LA GRAN VÍA DE LOS REMEDIOS;2
OTANCHE;Jorge Eliecer Garces Florez;CONSEJO COMUNITARIO DE LA COMUNIDAD NEGRA DE LIMONES;2
OTANCHE;Nubia Jacqueline Caro Perez;PARTIDO LIBERAL COLOMBIANO;2
OTANCHE;Yury Neill Diaz Aranguren;PARTIDO DE LA U - PARTIDO MIRA;2
OTANCHE;"Asociación Nacional Indígena De Colombia ""Anic""";"ASOCIACIÓN NACIONAL INDÍGENA DE COLOMBIA ""ANIC""";1
OTANCHE;John Alberto Moreno Galindo;PARTIDO CONSERVADOR - MOVIMIENTO SALVACIÓN NACIONAL;1
OTANCHE;Jose De Los Angeles Fernandez Palacios;PARTIDO POLÍTICO DIGNIDAD & COMPROMISO;1
OTANCHE;Laura Cristina Monroy Bayona;CR-NUEVO LIBERALISMO;1
OTANCHE;Oscar Yovany Montenegro Salcedo;CR-NUEVO LIBERALISMO;1
PACHAVITA;Jaime Raul Salamanca Torres;PARTIDO ALIANZA VERDE;211
PACHAVITA;Hector David Chaparro Chaparro;PARTIDO LIBERAL COLOMBIANO;106
PACHAVITA;Ingrid Marlen Sogamoso Alfonso;PARTIDO CONSERVADOR - MOVIMIENTO SALVACIÓN NACIONAL;96
PACHAVITA;Pacto Histórico Boyacá;PACTO HISTÓRICO BOYACÁ;73
PACHAVITA;Partido Centro Democrático;PARTIDO CENTRO DEMOCRÁTICO;63
PACHAVITA;Jicly Esgardo Mutis Isaza;PARTIDO CENTRO DEMOCRÁTICO;56
PACHAVITA;Adelinda Numpaque Sarmiento;PARTIDO ALIANZA VERDE;41
PACHAVITA;Wilder Ivan Suesca Ochoa;PARTIDO CONSERVADOR - MOVIMIENTO SALVACIÓN NACIONAL;38
PACHAVITA;Eduar Alexis Triana Rincon;PARTIDO CENTRO DEMOCRÁTICO;34
PACHAVITA;Ramiro Barragan Adame;PARTIDO ALIANZA VERDE;26
PACHAVITA;Jose Dario Mahecha Castillo;PARTIDO CONSERVADOR - MOVIMIENTO SALVACIÓN NACIONAL;23
PACHAVITA;Oscar Yovany Montenegro Salcedo;CR-NUEVO LIBERALISMO;21
PACHAVITA;Yamit Noe Hurtado Neira;PARTIDO ALIANZA VERDE;20
PACHAVITA;Oscar Leonardo Avila Romero;PARTIDO LIBERAL COLOMBIANO;16
PACHAVITA;Partido Alianza Verde;PARTIDO ALIANZA VERDE;14
PACHAVITA;Delci Del Carmen Urbano;PARTIDO CENTRO DEMOCRÁTICO;13
PACHAVITA;Partido Conservador - Movimiento Salvación Naciona L;PARTIDO CONSERVADOR - MOVIMIENTO SALVACIÓN NACIONAL;11
PACHAVITA;Partido Demócrata Colombiano;PARTIDO DEMÓCRATA COLOMBIANO;9
PACHAVITA;Vivian Andrea Nieto Florez;PARTIDO ALIANZA VERDE;8
PACHAVITA;Partido Liberal Colombiano;PARTIDO LIBERAL COLOMBIANO;7
PACHAVITA;Diana Paola Herrera Nuñez;PARTIDO LIBERAL COLOMBIANO;6
PACHAVITA;Fabian Camilo Rojas Barrera;CR-NUEVO LIBERALISMO;4
PACHAVITA;Fredy Alexander Garzon Rojas;PARTIDO CENTRO DEMOCRÁTICO;4
PACHAVITA;Hector Josue Camacho Acosta;CR-NUEVO LIBERALISMO;4
PACHAVITA;Jhonatan David Holguin Cruz;PARTIDO CENTRO DEMOCRÁTICO;4
PACHAVITA;Kenda Lucia Caldera Garavito;PARTIDO CENTRO DEMOCRÁTICO;4
PACHAVITA;Nancy Yaneth Zapata Pachon;PARTIDO DE LA U - PARTIDO MIRA;4
PACHAVITA;Jairo Enrique Castiblanco Parra;PARTIDO DE LA U - PARTIDO MIRA;3
PACHAVITA;Vicente Anibal Ojeda Martinez;CR-NUEVO LIBERALISMO;3
PACHAVITA;Camilo Andres Caicedo Silva;PARTIDO LIBERAL COLOMBIANO;2
PACHAVITA;Cr-Nuevo Liberalismo;CR-NUEVO LIBERALISMO;2
PACHAVITA;Eduardo David Suarez Moreno;ALMA - OXÍGENO;2
PACHAVITA;Gloria Cecilia Palacios Guastar;PARTIDO CONSERVADOR - MOVIMIENTO SALVACIÓN NACIONAL;2
PACHAVITA;Graciela Ramirez Monroy;PARTIDO POLÍTICO DIGNIDAD & COMPROMISO;2
PACHAVITA;Hernel David Ortega Gomez;PARTIDO CONSERVADOR - MOVIMIENTO SALVACIÓN NACIONAL;2
PACHAVITA;John Alberto Moreno Galindo;PARTIDO CONSERVADOR - MOVIMIENTO SALVACIÓN NACIONAL;2
PACHAVITA;Ricardo Antonio Agudelo Guiza;ALMA - OXÍGENO;2
PACHAVITA;Carolina Geiringer Ortega;ALMA - OXÍGENO;1
PACHAVITA;Consejo Comunitario El Naranjo;CONSEJO COMUNITARIO EL NARANJO;1
PACHAVITA;Edgar Fernando Farfan Corzo;PARTIDO POLÍTICO DIGNIDAD & COMPROMISO;1
PACHAVITA;Giovanny Andres Gomez Palomino;ALMA - OXÍGENO;1
PACHAVITA;Humphrey Roa Sarmiento;PARTIDO DE LA U - PARTIDO MIRA;1
PACHAVITA;Manuel Steven Alvarez Pulido;PARTIDO DE LA U - PARTIDO MIRA;1
PACHAVITA;Nadia Alexandra Carreño Avella;CR-NUEVO LIBERALISMO;1
PACHAVITA;Nicolas Felipe Urbano Villamil;PARTIDO LIBERAL COLOMBIANO;1
PACHAVITA;Nubia Jacqueline Caro Perez;PARTIDO LIBERAL COLOMBIANO;1
PACHAVITA;Olga Lucia Cruz Cuevas;ALMA - OXÍGENO;1
PACHAVITA;Partido De La U - Partido Mira;PARTIDO DE LA U - PARTIDO MIRA;1
PACHAVITA;Partido Político Dignidad & Compromiso;PARTIDO POLÍTICO DIGNIDAD & COMPROMISO;1
PACHAVITA;William Donato Gomez;PARTIDO ALIANZA VERDE;1
PACHAVITA;Yury Neill Diaz Aranguren;PARTIDO DE LA U - PARTIDO MIRA;1
PAEZ;Fabian Camilo Rojas Barrera;CR-NUEVO LIBERALISMO;317
PAEZ;Eduar Alexis Triana Rincon;PARTIDO CENTRO DEMOCRÁTICO;140
PAEZ;Jairo Enrique Castiblanco Parra;PARTIDO DE LA U - PARTIDO MIRA;105
PAEZ;Yamit Noe Hurtado Neira;PARTIDO ALIANZA VERDE;96
PAEZ;Pacto Histórico Boyacá;PACTO HISTÓRICO BOYACÁ;80
PAEZ;Partido Centro Democrático;PARTIDO CENTRO DEMOCRÁTICO;72
PAEZ;Jaime Raul Salamanca Torres;PARTIDO ALIANZA VERDE;36
PAEZ;Ramiro Barragan Adame;PARTIDO ALIANZA VERDE;34
PAEZ;Jicly Esgardo Mutis Isaza;PARTIDO CENTRO DEMOCRÁTICO;24
PAEZ;Jhonatan David Holguin Cruz;PARTIDO CENTRO DEMOCRÁTICO;22
PAEZ;Vivian Andrea Nieto Florez;PARTIDO ALIANZA VERDE;21
PAEZ;Nicolas Felipe Urbano Villamil;PARTIDO LIBERAL COLOMBIANO;16
PAEZ;Hernel David Ortega Gomez;PARTIDO CONSERVADOR - MOVIMIENTO SALVACIÓN NACIONAL;14
PAEZ;Cr-Nuevo Liberalismo;CR-NUEVO LIBERALISMO;13
PAEZ;Ingrid Marlen Sogamoso Alfonso;PARTIDO CONSERVADOR - MOVIMIENTO SALVACIÓN NACIONAL;13
PAEZ;Delci Del Carmen Urbano;PARTIDO CENTRO DEMOCRÁTICO;12
PAEZ;Adelinda Numpaque Sarmiento;PARTIDO ALIANZA VERDE;10
PAEZ;Partido Alianza Verde;PARTIDO ALIANZA VERDE;10
PAEZ;Hector David Chaparro Chaparro;PARTIDO LIBERAL COLOMBIANO;9
PAEZ;Jose Dario Mahecha Castillo;PARTIDO CONSERVADOR - MOVIMIENTO SALVACIÓN NACIONAL;8
PAEZ;Wilder Ivan Suesca Ochoa;PARTIDO CONSERVADOR - MOVIMIENTO SALVACIÓN NACIONAL;8
PAEZ;Fredy Alexander Garzon Rojas;PARTIDO CENTRO DEMOCRÁTICO;6
PAEZ;Nancy Yaneth Zapata Pachon;PARTIDO DE LA U - PARTIDO MIRA;5
PAEZ;Partido Conservador - Movimiento Salvación Naciona L;PARTIDO CONSERVADOR - MOVIMIENTO SALVACIÓN NACIONAL;5
PAEZ;Humphrey Roa Sarmiento;PARTIDO DE LA U - PARTIDO MIRA;4
PAEZ;Nadia Alexandra Carreño Avella;CR-NUEVO LIBERALISMO;4
PAEZ;Partido De La U - Partido Mira;PARTIDO DE LA U - PARTIDO MIRA;4
PAEZ;Kenda Lucia Caldera Garavito;PARTIDO CENTRO DEMOCRÁTICO;3
PAEZ;Olga Lucia Cruz Cuevas;ALMA - OXÍGENO;3
PAEZ;William Donato Gomez;PARTIDO ALIANZA VERDE;3
PAEZ;Gloria Cecilia Palacios Guastar;PARTIDO CONSERVADOR - MOVIMIENTO SALVACIÓN NACIONAL;2
PAEZ;Hector Josue Camacho Acosta;CR-NUEVO LIBERALISMO;2
PAEZ;Oscar Yovany Montenegro Salcedo;CR-NUEVO LIBERALISMO;2
PAEZ;Rumaldo Rojas Ramirez;ALMA - OXÍGENO;2
PAEZ;Diana Paola Herrera Nuñez;PARTIDO LIBERAL COLOMBIANO;1
PAEZ;Giovanny Andres Gomez Palomino;ALMA - OXÍGENO;1
PAEZ;John Alberto Moreno Galindo;PARTIDO CONSERVADOR - MOVIMIENTO SALVACIÓN NACIONAL;1
PAEZ;Manuel Steven Alvarez Pulido;PARTIDO DE LA U - PARTIDO MIRA;1
PAEZ;Nubia Jacqueline Caro Perez;PARTIDO LIBERAL COLOMBIANO;1
PAEZ;Oscar Leonardo Avila Romero;PARTIDO LIBERAL COLOMBIANO;1
PAEZ;Partido Liberal Colombiano;PARTIDO LIBERAL COLOMBIANO;1
PAEZ;Ricardo Antonio Agudelo Guiza;ALMA - OXÍGENO;1
PAEZ;Vicente Anibal Ojeda Martinez;CR-NUEVO LIBERALISMO;1
PAEZ;Yury Neill Diaz Aranguren;PARTIDO DE LA U - PARTIDO MIRA;1
PAIPA;Yamit Noe Hurtado Neira;PARTIDO ALIANZA VERDE;4754
PAIPA;Pacto Histórico Boyacá;PACTO HISTÓRICO BOYACÁ;3218
PAIPA;Jaime Raul Salamanca Torres;PARTIDO ALIANZA VERDE;1466
PAIPA;Hector David Chaparro Chaparro;PARTIDO LIBERAL COLOMBIANO;1404
PAIPA;Eduar Alexis Triana Rincon;PARTIDO CENTRO DEMOCRÁTICO;898
PAIPA;Wilder Ivan Suesca Ochoa;PARTIDO CONSERVADOR - MOVIMIENTO SALVACIÓN NACIONAL;728
PAIPA;Ramiro Barragan Adame;PARTIDO ALIANZA VERDE;352
PAIPA;Partido Centro Democrático;PARTIDO CENTRO DEMOCRÁTICO;351
PAIPA;Oscar Leonardo Avila Romero;PARTIDO LIBERAL COLOMBIANO;272
PAIPA;Nancy Yaneth Zapata Pachon;PARTIDO DE LA U - PARTIDO MIRA;268
PAIPA;Partido Alianza Verde;PARTIDO ALIANZA VERDE;219
PAIPA;Ingrid Marlen Sogamoso Alfonso;PARTIDO CONSERVADOR - MOVIMIENTO SALVACIÓN NACIONAL;195
PAIPA;Hernel David Ortega Gomez;PARTIDO CONSERVADOR - MOVIMIENTO SALVACIÓN NACIONAL;185
PAIPA;Diana Paola Herrera Nuñez;PARTIDO LIBERAL COLOMBIANO;178
PAIPA;Oscar Yovany Montenegro Salcedo;CR-NUEVO LIBERALISMO;165
PAIPA;Delci Del Carmen Urbano;PARTIDO CENTRO DEMOCRÁTICO;145
PAIPA;Jicly Esgardo Mutis Isaza;PARTIDO CENTRO DEMOCRÁTICO;145
PAIPA;Vivian Andrea Nieto Florez;PARTIDO ALIANZA VERDE;129
PAIPA;Jose Dario Mahecha Castillo;PARTIDO CONSERVADOR - MOVIMIENTO SALVACIÓN NACIONAL;113
PAIPA;Partido Conservador - Movimiento Salvación Naciona L;PARTIDO CONSERVADOR - MOVIMIENTO SALVACIÓN NACIONAL;110
PAIPA;Fabian Camilo Rojas Barrera;CR-NUEVO LIBERALISMO;104
PAIPA;Fredy Alexander Garzon Rojas;PARTIDO CENTRO DEMOCRÁTICO;104
PAIPA;Adelinda Numpaque Sarmiento;PARTIDO ALIANZA VERDE;102
PAIPA;Gloria Cecilia Palacios Guastar;PARTIDO CONSERVADOR - MOVIMIENTO SALVACIÓN NACIONAL;92
PAIPA;Jairo Enrique Castiblanco Parra;PARTIDO DE LA U - PARTIDO MIRA;92
PAIPA;Consejo Comunitario El Naranjo;CONSEJO COMUNITARIO EL NARANJO;77
PAIPA;Partido Liberal Colombiano;PARTIDO LIBERAL COLOMBIANO;72
PAIPA;William Donato Gomez;PARTIDO ALIANZA VERDE;69
PAIPA;Jhonatan David Holguin Cruz;PARTIDO CENTRO DEMOCRÁTICO;55
PAIPA;Hector Josue Camacho Acosta;CR-NUEVO LIBERALISMO;53
PAIPA;Laura Cristina Monroy Bayona;CR-NUEVO LIBERALISMO;46
PAIPA;Camilo Andres Caicedo Silva;PARTIDO LIBERAL COLOMBIANO;44
PAIPA;Nadia Alexandra Carreño Avella;CR-NUEVO LIBERALISMO;41
PAIPA;Nicolas Felipe Urbano Villamil;PARTIDO LIBERAL COLOMBIANO;39
PAIPA;Vicente Anibal Ojeda Martinez;CR-NUEVO LIBERALISMO;35
PAIPA;John Alberto Moreno Galindo;PARTIDO CONSERVADOR - MOVIMIENTO SALVACIÓN NACIONAL;33
PAIPA;Yury Neill Diaz Aranguren;PARTIDO DE LA U - PARTIDO MIRA;32
PAIPA;Nubia Jacqueline Caro Perez;PARTIDO LIBERAL COLOMBIANO;29
PAIPA;Libi Puerto Granados;PARTIDO DE LA U - PARTIDO MIRA;27
PAIPA;Ricardo Antonio Agudelo Guiza;ALMA - OXÍGENO;27
PAIPA;Alma - Oxígeno;ALMA - OXÍGENO;26
PAIPA;Humphrey Roa Sarmiento;PARTIDO DE LA U - PARTIDO MIRA;26
PAIPA;Kenda Lucia Caldera Garavito;PARTIDO CENTRO DEMOCRÁTICO;24
PAIPA;Cr-Nuevo Liberalismo;CR-NUEVO LIBERALISMO;23
PAIPA;Javier Araque Elaica;PARTIDO POLÍTICO DIGNIDAD & COMPROMISO;22
PAIPA;Edgar Fernando Farfan Corzo;PARTIDO POLÍTICO DIGNIDAD & COMPROMISO;21
PAIPA;Eduardo David Suarez Moreno;ALMA - OXÍGENO;13
PAIPA;Carolina Geiringer Ortega;ALMA - OXÍGENO;12
PAIPA;Olga Lucia Cruz Cuevas;ALMA - OXÍGENO;12
PAIPA;Partido De La U - Partido Mira;PARTIDO DE LA U - PARTIDO MIRA;12
PAIPA;Giovanny Andres Gomez Palomino;ALMA - OXÍGENO;11
PAIPA;Graciela Ramirez Monroy;PARTIDO POLÍTICO DIGNIDAD & COMPROMISO;8
PAIPA;Consejo Comunitario La Gran Vía De Los Remedios;CONSEJO COMUNITARIO LA GRAN VÍA DE LOS REMEDIOS;7
PAIPA;Manuel Steven Alvarez Pulido;PARTIDO DE LA U - PARTIDO MIRA;6
PAIPA;Olga Niño Rojas;PARTIDO POLÍTICO DIGNIDAD & COMPROMISO;5
PAIPA;Rumaldo Rojas Ramirez;ALMA - OXÍGENO;5
PAIPA;Afroslibres;AFROSLIBRES;4
PAIPA;Partido Político Dignidad & Compromiso;PARTIDO POLÍTICO DIGNIDAD & COMPROMISO;4
PAIPA;Jose De Los Angeles Fernandez Palacios;PARTIDO POLÍTICO DIGNIDAD & COMPROMISO;3
PAIPA;C.C. De La Comunidad Negra De La Vereda El Esfuerz O;C.C. DE LA COMUNIDAD NEGRA DE LA VEREDA EL ESFUERZO;2
PAIPA;Consejo Comunitario Nueva Esperanza;CONSEJO COMUNITARIO NUEVA ESPERANZA;2
PAIPA;Layoneth Grandas Villamil;PARTIDO POLÍTICO DIGNIDAD & COMPROMISO;2
PAIPA;Afro Cyc;AFRO CYC;1
PAIPA;Cabildo Indígena Tevis;CABILDO INDÉGENA TEVIS;1
PAIPA;Camilo Rivera Soto;CONSEJO COMUNITARIO AFROZABALETAS;1
PAIPA;Consejo Comunitario De Comunidades Negras Cuenca R Ío Ovejas;CONSEJO COMUNITARIO DE COMUNIDADES NEGRAS CUENCA RÍO OVEJAS;1
PAIPA;Consejo Comunitario De La Comunidad Negra De Limon Es;CONSEJO COMUNITARIO DE LA COMUNIDAD NEGRA DE LIMONES;1
PAIPA;"Consejo Comunitario Integral De Lloró ""Cocoillo""";"CONSEJO COMUNITARIO INTEGRAL DE LLORÓ ""COCOILLO""";1
PAIPA;Consejo Comunitario Manuel Zapata Olivella De San Antero;CONSEJO COMUNITARIO MANUEL ZAPATA OLIVELLA DE SAN ANTERO;1
PAIPA;Diana Paola Ramos Medina;CONSEJO COMUNITARIO DE QUINAMAYO;1
PAIPA;Diego Armando Sanchez Arboleda;C.C. DE LA COMUNIDAD NEGRA DE LA VEREDA EL ESFUERZO;1
PAIPA;Jazmin Patricia Garcia Caicedo;"CONSEJO COMUNITARIO DE PIZARRO ""CONCOPI""";1
PAIPA;Jorge Andres Gonzalez Silva;CONSEJO COMUNITARIO MANUEL ZAPATA OLIVELLA DE SAN ANTERO;1
PAIPA;Jorge Ivan Mina Lasso;CONSEJO COMUNITARIO MANUEL ZAPATA OLIVELLA DE SAN ANTERO;1
PAIPA;Magnolia Morales Zamora;PARTIDO INDÍGENA COLOMBIANO P.I.C;1
PAIPA;Marcelino Chindoy Chicunque;PARTIDO INDÍGENA COLOMBIANO P.I.C;1
PAIPA;Partido Indígena Colombiano P.I.C;PARTIDO INDÍGENA COLOMBIANO P.I.C;1
PAJARITO;Yamit Noe Hurtado Neira;PARTIDO ALIANZA VERDE;84
PAJARITO;Ramiro Barragan Adame;PARTIDO ALIANZA VERDE;77
PAJARITO;Pacto Histórico Boyacá;PACTO HISTÓRICO BOYACÁ;73
PAJARITO;Diana Paola Herrera Nuñez;PARTIDO LIBERAL COLOMBIANO;72
PAJARITO;Jairo Enrique Castiblanco Parra;PARTIDO DE LA U - PARTIDO MIRA;68
PAJARITO;Hector David Chaparro Chaparro;PARTIDO LIBERAL COLOMBIANO;57
PAJARITO;Partido Centro Democrático;PARTIDO CENTRO DEMOCRÁTICO;49
PAJARITO;Fabian Camilo Rojas Barrera;CR-NUEVO LIBERALISMO;48
PAJARITO;Eduar Alexis Triana Rincon;PARTIDO CENTRO DEMOCRÁTICO;31
PAJARITO;Jaime Raul Salamanca Torres;PARTIDO ALIANZA VERDE;28
PAJARITO;Hernel David Ortega Gomez;PARTIDO CONSERVADOR - MOVIMIENTO SALVACIÓN NACIONAL;24
PAJARITO;Partido Alianza Verde;PARTIDO ALIANZA VERDE;23
PAJARITO;Delci Del Carmen Urbano;PARTIDO CENTRO DEMOCRÁTICO;18
PAJARITO;Gloria Cecilia Palacios Guastar;PARTIDO CONSERVADOR - MOVIMIENTO SALVACIÓN NACIONAL;14
PAJARITO;Jose Dario Mahecha Castillo;PARTIDO CONSERVADOR - MOVIMIENTO SALVACIÓN NACIONAL;13
PAJARITO;Adelinda Numpaque Sarmiento;PARTIDO ALIANZA VERDE;12
PAJARITO;Yury Neill Diaz Aranguren;PARTIDO DE LA U - PARTIDO MIRA;11
PAJARITO;Jicly Esgardo Mutis Isaza;PARTIDO CENTRO DEMOCRÁTICO;9
PAJARITO;Cr-Nuevo Liberalismo;CR-NUEVO LIBERALISMO;7
PAJARITO;Hector Josue Camacho Acosta;CR-NUEVO LIBERALISMO;7
PAJARITO;Libi Puerto Granados;PARTIDO DE LA U - PARTIDO MIRA;7
PAJARITO;Vivian Andrea Nieto Florez;PARTIDO ALIANZA VERDE;7
PAJARITO;Kenda Lucia Caldera Garavito;PARTIDO CENTRO DEMOCRÁTICO;6
PAJARITO;Partido Liberal Colombiano;PARTIDO LIBERAL COLOMBIANO;6
PAJARITO;Jhonatan David Holguin Cruz;PARTIDO CENTRO DEMOCRÁTICO;5
PAJARITO;William Donato Gomez;PARTIDO ALIANZA VERDE;5
PAJARITO;Camilo Andres Caicedo Silva;PARTIDO LIBERAL COLOMBIANO;4
PAJARITO;Nicolas Felipe Urbano Villamil;PARTIDO LIBERAL COLOMBIANO;4
PAJARITO;Olga Lucia Cruz Cuevas;ALMA - OXÍGENO;4
PAJARITO;Graciela Ramirez Monroy;PARTIDO POLÍTICO DIGNIDAD & COMPROMISO;3
PAJARITO;Ingrid Marlen Sogamoso Alfonso;PARTIDO CONSERVADOR - MOVIMIENTO SALVACIÓN NACIONAL;3
PAJARITO;Partido Conservador - Movimiento Salvación Naciona L;PARTIDO CONSERVADOR - MOVIMIENTO SALVACIÓN NACIONAL;3
PAJARITO;Vicente Anibal Ojeda Martinez;CR-NUEVO LIBERALISMO;3
PAJARITO;Carolina Geiringer Ortega;ALMA - OXÍGENO;2
PAJARITO;Consejo Comunitario El Naranjo;CONSEJO COMUNITARIO EL NARANJO;2
PAJARITO;Eduardo David Suarez Moreno;ALMA - OXÍGENO;2
PAJARITO;Nadia Alexandra Carreño Avella;CR-NUEVO LIBERALISMO;2
PAJARITO;Nubia Jacqueline Caro Perez;PARTIDO LIBERAL COLOMBIANO;2
PAJARITO;Oscar Leonardo Avila Romero;PARTIDO LIBERAL COLOMBIANO;2
PAJARITO;Oscar Yovany Montenegro Salcedo;CR-NUEVO LIBERALISMO;2
PAJARITO;Rumaldo Rojas Ramirez;ALMA - OXÍGENO;2
PAJARITO;Wilder Ivan Suesca Ochoa;PARTIDO CONSERVADOR - MOVIMIENTO SALVACIÓN NACIONAL;2
PAJARITO;Alma - Oxígeno;ALMA - OXÍGENO;1
PAJARITO;Consejo Comunitario La Gran Vía De Los Remedios;CONSEJO COMUNITARIO LA GRAN VÍA DE LOS REMEDIOS;1
PAJARITO;Fredy Alexander Garzon Rojas;PARTIDO CENTRO DEMOCRÁTICO;1
PAJARITO;Giovanny Andres Gomez Palomino;ALMA - OXÍGENO;1
PAJARITO;John Alberto Moreno Galindo;PARTIDO CONSERVADOR - MOVIMIENTO SALVACIÓN NACIONAL;1
PAJARITO;Laura Cristina Monroy Bayona;CR-NUEVO LIBERALISMO;1
PAJARITO;Manuel Steven Alvarez Pulido;PARTIDO DE LA U - PARTIDO MIRA;1
PAJARITO;Nancy Yaneth Zapata Pachon;PARTIDO DE LA U - PARTIDO MIRA;1
PAJARITO;Partido Político Dignidad & Compromiso;PARTIDO POLÍTICO DIGNIDAD & COMPROMISO;1
PANQUEBA;Jaime Raul Salamanca Torres;PARTIDO ALIANZA VERDE;190
PANQUEBA;Jicly Esgardo Mutis Isaza;PARTIDO CENTRO DEMOCRÁTICO;68
PANQUEBA;Partido Centro Democrático;PARTIDO CENTRO DEMOCRÁTICO;67
PANQUEBA;Fredy Alexander Garzon Rojas;PARTIDO CENTRO DEMOCRÁTICO;57
PANQUEBA;Pacto Histórico Boyacá;PACTO HISTÓRICO BOYACÁ;42
PANQUEBA;Ramiro Barragan Adame;PARTIDO ALIANZA VERDE;42
PANQUEBA;Camilo Andres Caicedo Silva;PARTIDO LIBERAL COLOMBIANO;23
PANQUEBA;Hector Josue Camacho Acosta;CR-NUEVO LIBERALISMO;21
PANQUEBA;Kenda Lucia Caldera Garavito;PARTIDO CENTRO DEMOCRÁTICO;17
PANQUEBA;Fabian Camilo Rojas Barrera;CR-NUEVO LIBERALISMO;16
PANQUEBA;Eduar Alexis Triana Rincon;PARTIDO CENTRO DEMOCRÁTICO;15
PANQUEBA;Yamit Noe Hurtado Neira;PARTIDO ALIANZA VERDE;15
PANQUEBA;Oscar Leonardo Avila Romero;PARTIDO LIBERAL COLOMBIANO;14
PANQUEBA;Partido Alianza Verde;PARTIDO ALIANZA VERDE;14
PANQUEBA;Laura Cristina Monroy Bayona;CR-NUEVO LIBERALISMO;13
PANQUEBA;Wilder Ivan Suesca Ochoa;PARTIDO CONSERVADOR - MOVIMIENTO SALVACIÓN NACIONAL;13
PANQUEBA;Jose Dario Mahecha Castillo;PARTIDO CONSERVADOR - MOVIMIENTO SALVACIÓN NACIONAL;8
PANQUEBA;Adelinda Numpaque Sarmiento;PARTIDO ALIANZA VERDE;7
PANQUEBA;Delci Del Carmen Urbano;PARTIDO CENTRO DEMOCRÁTICO;7
PANQUEBA;Hector David Chaparro Chaparro;PARTIDO LIBERAL COLOMBIANO;6
PANQUEBA;Ingrid Marlen Sogamoso Alfonso;PARTIDO CONSERVADOR - MOVIMIENTO SALVACIÓN NACIONAL;6
PANQUEBA;Vivian Andrea Nieto Florez;PARTIDO ALIANZA VERDE;6
PANQUEBA;Hernel David Ortega Gomez;PARTIDO CONSERVADOR - MOVIMIENTO SALVACIÓN NACIONAL;5
PANQUEBA;Humphrey Roa Sarmiento;PARTIDO DE LA U - PARTIDO MIRA;5
PANQUEBA;Jairo Enrique Castiblanco Parra;PARTIDO DE LA U - PARTIDO MIRA;5
PANQUEBA;Partido Conservador - Movimiento Salvación Naciona L;PARTIDO CONSERVADOR - MOVIMIENTO SALVACIÓN NACIONAL;5
PANQUEBA;Eduardo David Suarez Moreno;ALMA - OXÍGENO;4
PANQUEBA;Jhonatan David Holguin Cruz;PARTIDO CENTRO DEMOCRÁTICO;4
PANQUEBA;Partido Liberal Colombiano;PARTIDO LIBERAL COLOMBIANO;4
PANQUEBA;Vicente Anibal Ojeda Martinez;CR-NUEVO LIBERALISMO;4
PANQUEBA;John Alberto Moreno Galindo;PARTIDO CONSERVADOR - MOVIMIENTO SALVACIÓN NACIONAL;3
PANQUEBA;Nancy Yaneth Zapata Pachon;PARTIDO DE LA U - PARTIDO MIRA;3
PANQUEBA;Nubia Jacqueline Caro Perez;PARTIDO LIBERAL COLOMBIANO;3
PANQUEBA;William Donato Gomez;PARTIDO ALIANZA VERDE;3
PANQUEBA;Yury Neill Diaz Aranguren;PARTIDO DE LA U - PARTIDO MIRA;3
PANQUEBA;Cr-Nuevo Liberalismo;CR-NUEVO LIBERALISMO;2
PANQUEBA;Graciela Ramirez Monroy;PARTIDO POLÍTICO DIGNIDAD & COMPROMISO;2
PANQUEBA;Nadia Alexandra Carreño Avella;CR-NUEVO LIBERALISMO;2
PANQUEBA;Olga Niño Rojas;PARTIDO POLÍTICO DIGNIDAD & COMPROMISO;1
PANQUEBA;Oscar Yovany Montenegro Salcedo;CR-NUEVO LIBERALISMO;1
PANQUEBA;Partido De La U - Partido Mira;PARTIDO DE LA U - PARTIDO MIRA;1
PANQUEBA;Rumaldo Rojas Ramirez;ALMA - OXÍGENO;1
PAUNA;Eduar Alexis Triana Rincon;PARTIDO CENTRO DEMOCRÁTICO;700
PAUNA;Nicolas Felipe Urbano Villamil;PARTIDO LIBERAL COLOMBIANO;547
PAUNA;Jicly Esgardo Mutis Isaza;PARTIDO CENTRO DEMOCRÁTICO;315
PAUNA;Pacto Histórico Boyacá;PACTO HISTÓRICO BOYACÁ;253
PAUNA;Fabian Camilo Rojas Barrera;CR-NUEVO LIBERALISMO;161
PAUNA;Yamit Noe Hurtado Neira;PARTIDO ALIANZA VERDE;142
PAUNA;Partido Centro Democrático;PARTIDO CENTRO DEMOCRÁTICO;109
PAUNA;Jose Dario Mahecha Castillo;PARTIDO CONSERVADOR - MOVIMIENTO SALVACIÓN NACIONAL;93
PAUNA;Wilder Ivan Suesca Ochoa;PARTIDO CONSERVADOR - MOVIMIENTO SALVACIÓN NACIONAL;88
PAUNA;Jairo Enrique Castiblanco Parra;PARTIDO DE LA U - PARTIDO MIRA;77
PAUNA;Ramiro Barragan Adame;PARTIDO ALIANZA VERDE;66
PAUNA;Diana Paola Herrera Nuñez;PARTIDO LIBERAL COLOMBIANO;58
PAUNA;Vivian Andrea Nieto Florez;PARTIDO ALIANZA VERDE;47
PAUNA;Partido Conservador - Movimiento Salvación Naciona L;PARTIDO CONSERVADOR - MOVIMIENTO SALVACIÓN NACIONAL;37
PAUNA;Hernel David Ortega Gomez;PARTIDO CONSERVADOR - MOVIMIENTO SALVACIÓN NACIONAL;35
PAUNA;Jaime Raul Salamanca Torres;PARTIDO ALIANZA VERDE;32
PAUNA;Hector Josue Camacho Acosta;CR-NUEVO LIBERALISMO;29
PAUNA;Partido Alianza Verde;PARTIDO ALIANZA VERDE;29
PAUNA;Nancy Yaneth Zapata Pachon;PARTIDO DE LA U - PARTIDO MIRA;22
PAUNA;Delci Del Carmen Urbano;PARTIDO CENTRO DEMOCRÁTICO;18
PAUNA;Hector David Chaparro Chaparro;PARTIDO LIBERAL COLOMBIANO;17
PAUNA;Manuel Steven Alvarez Pulido;PARTIDO DE LA U - PARTIDO MIRA;17
PAUNA;Camilo Andres Caicedo Silva;PARTIDO LIBERAL COLOMBIANO;14
PAUNA;Humphrey Roa Sarmiento;PARTIDO DE LA U - PARTIDO MIRA;14
PAUNA;Oscar Leonardo Avila Romero;PARTIDO LIBERAL COLOMBIANO;14
PAUNA;Partido Liberal Colombiano;PARTIDO LIBERAL COLOMBIANO;14
PAUNA;Adelinda Numpaque Sarmiento;PARTIDO ALIANZA VERDE;12
PAUNA;Olga Lucia Cruz Cuevas;ALMA - OXÍGENO;11
PAUNA;Cr-Nuevo Liberalismo;CR-NUEVO LIBERALISMO;8
PAUNA;Kenda Lucia Caldera Garavito;PARTIDO CENTRO DEMOCRÁTICO;8
PAUNA;Cristianos Por Colombia Afros;CRISTIANOS POR COLOMBIA AFROS;7
PAUNA;Ingrid Marlen Sogamoso Alfonso;PARTIDO CONSERVADOR - MOVIMIENTO SALVACIÓN NACIONAL;7
PAUNA;Jhonatan David Holguin Cruz;PARTIDO CENTRO DEMOCRÁTICO;7
PAUNA;Fredy Alexander Garzon Rojas;PARTIDO CENTRO DEMOCRÁTICO;6
PAUNA;Libi Puerto Granados;PARTIDO DE LA U - PARTIDO MIRA;6
PAUNA;Partido De La U - Partido Mira;PARTIDO DE LA U - PARTIDO MIRA;6
PAUNA;John Alberto Moreno Galindo;PARTIDO CONSERVADOR - MOVIMIENTO SALVACIÓN NACIONAL;5
PAUNA;Vicente Anibal Ojeda Martinez;CR-NUEVO LIBERALISMO;4
PAUNA;Javier Araque Elaica;PARTIDO POLÍTICO DIGNIDAD & COMPROMISO;3
PAUNA;Nubia Jacqueline Caro Perez;PARTIDO LIBERAL COLOMBIANO;3
PAUNA;Olga Niño Rojas;PARTIDO POLÍTICO DIGNIDAD & COMPROMISO;3
PAUNA;Partido Político Dignidad & Compromiso;PARTIDO POLÍTICO DIGNIDAD & COMPROMISO;3
PAUNA;Alma - Oxígeno;ALMA - OXÍGENO;2
PAUNA;Gloria Cecilia Palacios Guastar;PARTIDO CONSERVADOR - MOVIMIENTO SALVACIÓN NACIONAL;2
PAUNA;Laura Cristina Monroy Bayona;CR-NUEVO LIBERALISMO;2
PAUNA;Oscar Yovany Montenegro Salcedo;CR-NUEVO LIBERALISMO;2
PAUNA;Carolina Geiringer Ortega;ALMA - OXÍGENO;1
PAUNA;Consejo Comunitario El Naranjo;CONSEJO COMUNITARIO EL NARANJO;1
PAUNA;Consejo Comunitario Río De Guaduas - Chigorodó;CONSEJO COMUNITARIO RÍO DE GUADUAS - CHIGORODÓ;1
PAUNA;Eduardo David Suarez Moreno;ALMA - OXÍGENO;1
PAUNA;Giovanny Andres Gomez Palomino;ALMA - OXÍGENO;1
PAUNA;Graciela Ramirez Monroy;PARTIDO POLÍTICO DIGNIDAD & COMPROMISO;1
PAUNA;Jose De Los Angeles Fernandez Palacios;PARTIDO POLÍTICO DIGNIDAD & COMPROMISO;1
PAUNA;Rumaldo Rojas Ramirez;ALMA - OXÍGENO;1
PAUNA;William Donato Gomez;PARTIDO ALIANZA VERDE;1
PAUNA;Yury Neill Diaz Aranguren;PARTIDO DE LA U - PARTIDO MIRA;1
PAYA;Yamit Noe Hurtado Neira;PARTIDO ALIANZA VERDE;569
PAYA;Hector David Chaparro Chaparro;PARTIDO LIBERAL COLOMBIANO;72
PAYA;Ramiro Barragan Adame;PARTIDO ALIANZA VERDE;53
PAYA;Partido Alianza Verde;PARTIDO ALIANZA VERDE;43
PAYA;Hernel David Ortega Gomez;PARTIDO CONSERVADOR - MOVIMIENTO SALVACIÓN NACIONAL;26
PAYA;Partido Centro Democrático;PARTIDO CENTRO DEMOCRÁTICO;23
PAYA;Fabian Camilo Rojas Barrera;CR-NUEVO LIBERALISMO;21
PAYA;Jaime Raul Salamanca Torres;PARTIDO ALIANZA VERDE;14
PAYA;Jicly Esgardo Mutis Isaza;PARTIDO CENTRO DEMOCRÁTICO;13
PAYA;Pacto Histórico Boyacá;PACTO HISTÓRICO BOYACÁ;12
PAYA;Adelinda Numpaque Sarmiento;PARTIDO ALIANZA VERDE;10
PAYA;Diana Paola Herrera Nuñez;PARTIDO LIBERAL COLOMBIANO;9
PAYA;Vivian Andrea Nieto Florez;PARTIDO ALIANZA VERDE;9
PAYA;Jairo Enrique Castiblanco Parra;PARTIDO DE LA U - PARTIDO MIRA;7
PAYA;Eduar Alexis Triana Rincon;PARTIDO CENTRO DEMOCRÁTICO;6
PAYA;Gloria Cecilia Palacios Guastar;PARTIDO CONSERVADOR - MOVIMIENTO SALVACIÓN NACIONAL;6
PAYA;Hector Josue Camacho Acosta;CR-NUEVO LIBERALISMO;6
PAYA;Ingrid Marlen Sogamoso Alfonso;PARTIDO CONSERVADOR - MOVIMIENTO SALVACIÓN NACIONAL;6
PAYA;William Donato Gomez;PARTIDO ALIANZA VERDE;6
PAYA;Oscar Leonardo Avila Romero;PARTIDO LIBERAL COLOMBIANO;5
PAYA;Partido Liberal Colombiano;PARTIDO LIBERAL COLOMBIANO;5
PAYA;Delci Del Carmen Urbano;PARTIDO CENTRO DEMOCRÁTICO;3
PAYA;Fredy Alexander Garzon Rojas;PARTIDO CENTRO DEMOCRÁTICO;3
PAYA;Nubia Jacqueline Caro Perez;PARTIDO LIBERAL COLOMBIANO;2
PAYA;Yury Neill Diaz Aranguren;PARTIDO DE LA U - PARTIDO MIRA;2
PAYA;Alma - Oxígeno;ALMA - OXÍGENO;1
PAYA;Camilo Andres Caicedo Silva;PARTIDO LIBERAL COLOMBIANO;1
PAYA;Cr-Nuevo Liberalismo;CR-NUEVO LIBERALISMO;1
PAYA;Edgar Fernando Farfan Corzo;PARTIDO POLÍTICO DIGNIDAD & COMPROMISO;1
PAYA;Eduardo David Suarez Moreno;ALMA - OXÍGENO;1
PAYA;Giovanny Andres Gomez Palomino;ALMA - OXÍGENO;1
PAYA;Graciela Ramirez Monroy;PARTIDO POLÍTICO DIGNIDAD & COMPROMISO;1
PAYA;Humphrey Roa Sarmiento;PARTIDO DE LA U - PARTIDO MIRA;1
PAYA;Nancy Yaneth Zapata Pachon;PARTIDO DE LA U - PARTIDO MIRA;1
PAYA;Oscar Yovany Montenegro Salcedo;CR-NUEVO LIBERALISMO;1
PAYA;Partido Conservador - Movimiento Salvación Naciona L;PARTIDO CONSERVADOR - MOVIMIENTO SALVACIÓN NACIONAL;1
PAYA;Partido De La U - Partido Mira;PARTIDO DE LA U - PARTIDO MIRA;1
PAYA;Ricardo Antonio Agudelo Guiza;ALMA - OXÍGENO;1
PAYA;Rumaldo Rojas Ramirez;ALMA - OXÍGENO;1
PAYA;Wilder Ivan Suesca Ochoa;PARTIDO CONSERVADOR - MOVIMIENTO SALVACIÓN NACIONAL;1
PAZ DE RIO;Pacto Histórico Boyacá;PACTO HISTÓRICO BOYACÁ;452
PAZ DE RIO;Jaime Raul Salamanca Torres;PARTIDO ALIANZA VERDE;267
PAZ DE RIO;Ramiro Barragan Adame;PARTIDO ALIANZA VERDE;260
PAZ DE RIO;Jairo Enrique Castiblanco Parra;PARTIDO DE LA U - PARTIDO MIRA;160
PAZ DE RIO;Hector David Chaparro Chaparro;PARTIDO LIBERAL COLOMBIANO;148
PAZ DE RIO;Fabian Camilo Rojas Barrera;CR-NUEVO LIBERALISMO;101
PAZ DE RIO;Eduar Alexis Triana Rincon;PARTIDO CENTRO DEMOCRÁTICO;85
PAZ DE RIO;Oscar Leonardo Avila Romero;PARTIDO LIBERAL COLOMBIANO;61
PAZ DE RIO;Partido Alianza Verde;PARTIDO ALIANZA VERDE;33
PAZ DE RIO;Yamit Noe Hurtado Neira;PARTIDO ALIANZA VERDE;31
PAZ DE RIO;Partido Centro Democrático;PARTIDO CENTRO DEMOCRÁTICO;29
PAZ DE RIO;Jicly Esgardo Mutis Isaza;PARTIDO CENTRO DEMOCRÁTICO;23
PAZ DE RIO;Diana Paola Herrera Nuñez;PARTIDO LIBERAL COLOMBIANO;22
PAZ DE RIO;Delci Del Carmen Urbano;PARTIDO CENTRO DEMOCRÁTICO;19
PAZ DE RIO;Hernel David Ortega Gomez;PARTIDO CONSERVADOR - MOVIMIENTO SALVACIÓN NACIONAL;18
PAZ DE RIO;Adelinda Numpaque Sarmiento;PARTIDO ALIANZA VERDE;17
PAZ DE RIO;Vicente Anibal Ojeda Martinez;CR-NUEVO LIBERALISMO;16
PAZ DE RIO;Ingrid Marlen Sogamoso Alfonso;PARTIDO CONSERVADOR - MOVIMIENTO SALVACIÓN NACIONAL;13
PAZ DE RIO;Vivian Andrea Nieto Florez;PARTIDO ALIANZA VERDE;13
PAZ DE RIO;Magnolia Morales Zamora;PARTIDO INDÍGENA COLOMBIANO P.I.C;10
PAZ DE RIO;Nadia Alexandra Carreño Avella;CR-NUEVO LIBERALISMO;10
PAZ DE RIO;Humphrey Roa Sarmiento;PARTIDO DE LA U - PARTIDO MIRA;9
PAZ DE RIO;Kenda Lucia Caldera Garavito;PARTIDO CENTRO DEMOCRÁTICO;9
PAZ DE RIO;Nancy Yaneth Zapata Pachon;PARTIDO DE LA U - PARTIDO MIRA;9
PAZ DE RIO;Nicolas Felipe Urbano Villamil;PARTIDO LIBERAL COLOMBIANO;9
PAZ DE RIO;Jose Dario Mahecha Castillo;PARTIDO CONSERVADOR - MOVIMIENTO SALVACIÓN NACIONAL;8
PAZ DE RIO;Consejo Comunitario El Naranjo;CONSEJO COMUNITARIO EL NARANJO;7
PAZ DE RIO;William Donato Gomez;PARTIDO ALIANZA VERDE;6
PAZ DE RIO;Graciela Ramirez Monroy;PARTIDO POLÍTICO DIGNIDAD & COMPROMISO;5
PAZ DE RIO;Laura Cristina Monroy Bayona;CR-NUEVO LIBERALISMO;5
PAZ DE RIO;Cr-Nuevo Liberalismo;CR-NUEVO LIBERALISMO;4
PAZ DE RIO;Hector Josue Camacho Acosta;CR-NUEVO LIBERALISMO;4
PAZ DE RIO;Partido Liberal Colombiano;PARTIDO LIBERAL COLOMBIANO;4
PAZ DE RIO;Wilder Ivan Suesca Ochoa;PARTIDO CONSERVADOR - MOVIMIENTO SALVACIÓN NACIONAL;4
PAZ DE RIO;Yury Neill Diaz Aranguren;PARTIDO DE LA U - PARTIDO MIRA;4
PAZ DE RIO;Eduardo David Suarez Moreno;ALMA - OXÍGENO;3
PAZ DE RIO;Fredy Alexander Garzon Rojas;PARTIDO CENTRO DEMOCRÁTICO;3
PAZ DE RIO;Jhonatan David Holguin Cruz;PARTIDO CENTRO DEMOCRÁTICO;3
PAZ DE RIO;John Alberto Moreno Galindo;PARTIDO CONSERVADOR - MOVIMIENTO SALVACIÓN NACIONAL;3
PAZ DE RIO;Layoneth Grandas Villamil;PARTIDO POLÍTICO DIGNIDAD & COMPROMISO;3
PAZ DE RIO;Oscar Yovany Montenegro Salcedo;CR-NUEVO LIBERALISMO;3
PAZ DE RIO;Partido Conservador - Movimiento Salvación Naciona L;PARTIDO CONSERVADOR - MOVIMIENTO SALVACIÓN NACIONAL;3
PAZ DE RIO;Alma - Oxígeno;ALMA - OXÍGENO;2
PAZ DE RIO;Carolina Geiringer Ortega;ALMA - OXÍGENO;2
PAZ DE RIO;Consejo Comunitario La Gran Vía De Los Remedios;CONSEJO COMUNITARIO LA GRAN VÍA DE LOS REMEDIOS;2
PAZ DE RIO;Gloria Cecilia Palacios Guastar;PARTIDO CONSERVADOR - MOVIMIENTO SALVACIÓN NACIONAL;2
PAZ DE RIO;Javier Araque Elaica;PARTIDO POLÍTICO DIGNIDAD & COMPROMISO;2
PAZ DE RIO;Olga Niño Rojas;PARTIDO POLÍTICO DIGNIDAD & COMPROMISO;2
PAZ DE RIO;Camilo Andres Caicedo Silva;PARTIDO LIBERAL COLOMBIANO;1
PAZ DE RIO;Jose De Los Angeles Fernandez Palacios;PARTIDO POLÍTICO DIGNIDAD & COMPROMISO;1
PAZ DE RIO;Manuel Steven Alvarez Pulido;PARTIDO DE LA U - PARTIDO MIRA;1
PAZ DE RIO;Nubia Jacqueline Caro Perez;PARTIDO LIBERAL COLOMBIANO;1
PAZ DE RIO;Olga Lucia Cruz Cuevas;ALMA - OXÍGENO;1
PAZ DE RIO;Partido De La U - Partido Mira;PARTIDO DE LA U - PARTIDO MIRA;1
PAZ DE RIO;Partido Político Dignidad & Compromiso;PARTIDO POLÍTICO DIGNIDAD & COMPROMISO;1
PAZ DE RIO;Ricardo Antonio Agudelo Guiza;ALMA - OXÍGENO;1
PAZ DE RIO;Rumaldo Rojas Ramirez;ALMA - OXÍGENO;1
PESCA;Laura Cristina Monroy Bayona;CR-NUEVO LIBERALISMO;632
PESCA;Yamit Noe Hurtado Neira;PARTIDO ALIANZA VERDE;605
PESCA;Pacto Histórico Boyacá;PACTO HISTÓRICO BOYACÁ;216
PESCA;Ramiro Barragan Adame;PARTIDO ALIANZA VERDE;194
PESCA;Hector David Chaparro Chaparro;PARTIDO LIBERAL COLOMBIANO;178
PESCA;Yury Neill Diaz Aranguren;PARTIDO DE LA U - PARTIDO MIRA;157
PESCA;Fabian Camilo Rojas Barrera;CR-NUEVO LIBERALISMO;100
PESCA;Nadia Alexandra Carreño Avella;CR-NUEVO LIBERALISMO;63
PESCA;Wilder Ivan Suesca Ochoa;PARTIDO CONSERVADOR - MOVIMIENTO SALVACIÓN NACIONAL;56
PESCA;Gloria Cecilia Palacios Guastar;PARTIDO CONSERVADOR - MOVIMIENTO SALVACIÓN NACIONAL;50
PESCA;Partido Centro Democrático;PARTIDO CENTRO DEMOCRÁTICO;49
PESCA;Nubia Jacqueline Caro Perez;PARTIDO LIBERAL COLOMBIANO;38
PESCA;Partido Alianza Verde;PARTIDO ALIANZA VERDE;38
PESCA;Diana Paola Herrera Nuñez;PARTIDO LIBERAL COLOMBIANO;34
PESCA;Jicly Esgardo Mutis Isaza;PARTIDO CENTRO DEMOCRÁTICO;30
PESCA;Jaime Raul Salamanca Torres;PARTIDO ALIANZA VERDE;29
PESCA;Jhonatan David Holguin Cruz;PARTIDO CENTRO DEMOCRÁTICO;23
PESCA;Oscar Yovany Montenegro Salcedo;CR-NUEVO LIBERALISMO;19
PESCA;Hector Josue Camacho Acosta;CR-NUEVO LIBERALISMO;17
PESCA;William Donato Gomez;PARTIDO ALIANZA VERDE;17
PESCA;Jose Dario Mahecha Castillo;PARTIDO CONSERVADOR - MOVIMIENTO SALVACIÓN NACIONAL;16
PESCA;Nancy Yaneth Zapata Pachon;PARTIDO DE LA U - PARTIDO MIRA;16
PESCA;Cr-Nuevo Liberalismo;CR-NUEVO LIBERALISMO;15
PESCA;Delci Del Carmen Urbano;PARTIDO CENTRO DEMOCRÁTICO;14
PESCA;Fredy Alexander Garzon Rojas;PARTIDO CENTRO DEMOCRÁTICO;13
PESCA;Eduar Alexis Triana Rincon;PARTIDO CENTRO DEMOCRÁTICO;11
PESCA;Ingrid Marlen Sogamoso Alfonso;PARTIDO CONSERVADOR - MOVIMIENTO SALVACIÓN NACIONAL;11
PESCA;Oscar Leonardo Avila Romero;PARTIDO LIBERAL COLOMBIANO;11
PESCA;Ricardo Antonio Agudelo Guiza;ALMA - OXÍGENO;11
PESCA;Vicente Anibal Ojeda Martinez;CR-NUEVO LIBERALISMO;11
PESCA;Jairo Enrique Castiblanco Parra;PARTIDO DE LA U - PARTIDO MIRA;9
PESCA;Rumaldo Rojas Ramirez;ALMA - OXÍGENO;8
PESCA;Vivian Andrea Nieto Florez;PARTIDO ALIANZA VERDE;8
PESCA;Humphrey Roa Sarmiento;PARTIDO DE LA U - PARTIDO MIRA;7
PESCA;Libi Puerto Granados;PARTIDO DE LA U - PARTIDO MIRA;7
PESCA;Partido Conservador - Movimiento Salvación Naciona L;PARTIDO CONSERVADOR - MOVIMIENTO SALVACIÓN NACIONAL;7
PESCA;Adelinda Numpaque Sarmiento;PARTIDO ALIANZA VERDE;6
PESCA;Hernel David Ortega Gomez;PARTIDO CONSERVADOR - MOVIMIENTO SALVACIÓN NACIONAL;6
PESCA;Kenda Lucia Caldera Garavito;PARTIDO CENTRO DEMOCRÁTICO;5
PESCA;Partido Liberal Colombiano;PARTIDO LIBERAL COLOMBIANO;5
PESCA;Olga Lucia Cruz Cuevas;ALMA - OXÍGENO;4
PESCA;Edgar Fernando Farfan Corzo;PARTIDO POLÍTICO DIGNIDAD & COMPROMISO;3
PESCA;Nicolas Felipe Urbano Villamil;PARTIDO LIBERAL COLOMBIANO;3
PESCA;Camilo Andres Caicedo Silva;PARTIDO LIBERAL COLOMBIANO;2
PESCA;Carolina Geiringer Ortega;ALMA - OXÍGENO;2
PESCA;Giovanny Andres Gomez Palomino;ALMA - OXÍGENO;2
PESCA;John Alberto Moreno Galindo;PARTIDO CONSERVADOR - MOVIMIENTO SALVACIÓN NACIONAL;2
PESCA;Jose De Los Angeles Fernandez Palacios;PARTIDO POLÍTICO DIGNIDAD & COMPROMISO;2
PESCA;Manuel Steven Alvarez Pulido;PARTIDO DE LA U - PARTIDO MIRA;2
PESCA;Layoneth Grandas Villamil;PARTIDO POLÍTICO DIGNIDAD & COMPROMISO;1
PESCA;Partido De La U - Partido Mira;PARTIDO DE LA U - PARTIDO MIRA;1
PESCA;Partido Político Dignidad & Compromiso;PARTIDO POLÍTICO DIGNIDAD & COMPROMISO;1
PISBA;Yamit Noe Hurtado Neira;PARTIDO ALIANZA VERDE;214
PISBA;Jaime Raul Salamanca Torres;PARTIDO ALIANZA VERDE;129
PISBA;Jose Dario Mahecha Castillo;PARTIDO CONSERVADOR - MOVIMIENTO SALVACIÓN NACIONAL;45
PISBA;Gloria Cecilia Palacios Guastar;PARTIDO CONSERVADOR - MOVIMIENTO SALVACIÓN NACIONAL;29
PISBA;Hernel David Ortega Gomez;PARTIDO CONSERVADOR - MOVIMIENTO SALVACIÓN NACIONAL;28
PISBA;Pacto Histórico Boyacá;PACTO HISTÓRICO BOYACÁ;25
PISBA;Partido Centro Democrático;PARTIDO CENTRO DEMOCRÁTICO;23
PISBA;Hector Josue Camacho Acosta;CR-NUEVO LIBERALISMO;17
PISBA;Partido Alianza Verde;PARTIDO ALIANZA VERDE;17
PISBA;Diana Paola Herrera Nuñez;PARTIDO LIBERAL COLOMBIANO;16
PISBA;Ramiro Barragan Adame;PARTIDO ALIANZA VERDE;16
PISBA;Hector David Chaparro Chaparro;PARTIDO LIBERAL COLOMBIANO;13
PISBA;Eduar Alexis Triana Rincon;PARTIDO CENTRO DEMOCRÁTICO;8
PISBA;Humphrey Roa Sarmiento;PARTIDO DE LA U - PARTIDO MIRA;7
PISBA;Jicly Esgardo Mutis Isaza;PARTIDO CENTRO DEMOCRÁTICO;7
PISBA;Vicente Anibal Ojeda Martinez;CR-NUEVO LIBERALISMO;6
PISBA;Adelinda Numpaque Sarmiento;PARTIDO ALIANZA VERDE;3
PISBA;Delci Del Carmen Urbano;PARTIDO CENTRO DEMOCRÁTICO;3
PISBA;Partido Conservador - Movimiento Salvación Naciona L;PARTIDO CONSERVADOR - MOVIMIENTO SALVACIÓN NACIONAL;3
PISBA;Fredy Alexander Garzon Rojas;PARTIDO CENTRO DEMOCRÁTICO;2
PISBA;Jairo Enrique Castiblanco Parra;PARTIDO DE LA U - PARTIDO MIRA;2
PISBA;Oscar Leonardo Avila Romero;PARTIDO LIBERAL COLOMBIANO;2
PISBA;Vivian Andrea Nieto Florez;PARTIDO ALIANZA VERDE;2
PISBA;Alma - Oxígeno;ALMA - OXÍGENO;1
PISBA;Ingrid Marlen Sogamoso Alfonso;PARTIDO CONSERVADOR - MOVIMIENTO SALVACIÓN NACIONAL;1
PISBA;John Alberto Moreno Galindo;PARTIDO CONSERVADOR - MOVIMIENTO SALVACIÓN NACIONAL;1
PISBA;Nadia Alexandra Carreño Avella;CR-NUEVO LIBERALISMO;1
PISBA;Olga Lucia Cruz Cuevas;ALMA - OXÍGENO;1
PISBA;Olga Niño Rojas;PARTIDO POLÍTICO DIGNIDAD & COMPROMISO;1
PISBA;Wilder Ivan Suesca Ochoa;PARTIDO CONSERVADOR - MOVIMIENTO SALVACIÓN NACIONAL;1
PISBA;William Donato Gomez;PARTIDO ALIANZA VERDE;1
PUERTO BOYACA;Jicly Esgardo Mutis Isaza;PARTIDO CENTRO DEMOCRÁTICO;4331
PUERTO BOYACA;Pacto Histórico Boyacá;PACTO HISTÓRICO BOYACÁ;3235
PUERTO BOYACA;Yamit Noe Hurtado Neira;PARTIDO ALIANZA VERDE;1956
PUERTO BOYACA;Ramiro Barragan Adame;PARTIDO ALIANZA VERDE;1554
PUERTO BOYACA;Eduar Alexis Triana Rincon;PARTIDO CENTRO DEMOCRÁTICO;1245
PUERTO BOYACA;Fabian Camilo Rojas Barrera;CR-NUEVO LIBERALISMO;912
PUERTO BOYACA;Jairo Enrique Castiblanco Parra;PARTIDO DE LA U - PARTIDO MIRA;637
PUERTO BOYACA;Partido Centro Democrático;PARTIDO CENTRO DEMOCRÁTICO;585
PUERTO BOYACA;Partido Alianza Verde;PARTIDO ALIANZA VERDE;414
PUERTO BOYACA;Adelinda Numpaque Sarmiento;PARTIDO ALIANZA VERDE;315
PUERTO BOYACA;Vivian Andrea Nieto Florez;PARTIDO ALIANZA VERDE;287
PUERTO BOYACA;Jaime Raul Salamanca Torres;PARTIDO ALIANZA VERDE;258
PUERTO BOYACA;Nancy Yaneth Zapata Pachon;PARTIDO DE LA U - PARTIDO MIRA;235
PUERTO BOYACA;Delci Del Carmen Urbano;PARTIDO CENTRO DEMOCRÁTICO;196
PUERTO BOYACA;Jose Dario Mahecha Castillo;PARTIDO CONSERVADOR - MOVIMIENTO SALVACIÓN NACIONAL;139
PUERTO BOYACA;Ingrid Marlen Sogamoso Alfonso;PARTIDO CONSERVADOR - MOVIMIENTO SALVACIÓN NACIONAL;132
PUERTO BOYACA;Hector Josue Camacho Acosta;CR-NUEVO LIBERALISMO;124
PUERTO BOYACA;Fredy Alexander Garzon Rojas;PARTIDO CENTRO DEMOCRÁTICO;114
PUERTO BOYACA;Hernel David Ortega Gomez;PARTIDO CONSERVADOR - MOVIMIENTO SALVACIÓN NACIONAL;110
PUERTO BOYACA;Oscar Leonardo Avila Romero;PARTIDO LIBERAL COLOMBIANO;99
PUERTO BOYACA;Jhonatan David Holguin Cruz;PARTIDO CENTRO DEMOCRÁTICO;97
PUERTO BOYACA;Partido Conservador - Movimiento Salvación Naciona L;PARTIDO CONSERVADOR - MOVIMIENTO SALVACIÓN NACIONAL;92
PUERTO BOYACA;Kenda Lucia Caldera Garavito;PARTIDO CENTRO DEMOCRÁTICO;87
PUERTO BOYACA;Consejo Comunitario El Naranjo;CONSEJO COMUNITARIO EL NARANJO;85
PUERTO BOYACA;Diana Paola Herrera Nuñez;PARTIDO LIBERAL COLOMBIANO;71
PUERTO BOYACA;Cr-Nuevo Liberalismo;CR-NUEVO LIBERALISMO;60
PUERTO BOYACA;Manuel Steven Alvarez Pulido;PARTIDO DE LA U - PARTIDO MIRA;60
PUERTO BOYACA;Partido Liberal Colombiano;PARTIDO LIBERAL COLOMBIANO;60
PUERTO BOYACA;Lorena Cenith De La Cruz Rodriguez;CONSEJO COMUNITARIO MANUEL ZAPATA OLIVELLA DE SAN ANTERO;58
PUERTO BOYACA;Partido De La U - Partido Mira;PARTIDO DE LA U - PARTIDO MIRA;57
PUERTO BOYACA;Alma - Oxígeno;ALMA - OXÍGENO;56
PUERTO BOYACA;William Donato Gomez;PARTIDO ALIANZA VERDE;48
PUERTO BOYACA;Humphrey Roa Sarmiento;PARTIDO DE LA U - PARTIDO MIRA;47
PUERTO BOYACA;Hector David Chaparro Chaparro;PARTIDO LIBERAL COLOMBIANO;41
PUERTO BOYACA;Gloria Cecilia Palacios Guastar;PARTIDO CONSERVADOR - MOVIMIENTO SALVACIÓN NACIONAL;40
PUERTO BOYACA;John Alberto Moreno Galindo;PARTIDO CONSERVADOR - MOVIMIENTO SALVACIÓN NACIONAL;39
PUERTO BOYACA;Eduardo David Suarez Moreno;ALMA - OXÍGENO;35
PUERTO BOYACA;Graciela Ramirez Monroy;PARTIDO POLÍTICO DIGNIDAD & COMPROMISO;35
PUERTO BOYACA;Nadia Alexandra Carreño Avella;CR-NUEVO LIBERALISMO;34
PUERTO BOYACA;Olga Lucia Cruz Cuevas;ALMA - OXÍGENO;31
PUERTO BOYACA;Olga Niño Rojas;PARTIDO POLÍTICO DIGNIDAD & COMPROMISO;31
PUERTO BOYACA;Wilder Ivan Suesca Ochoa;PARTIDO CONSERVADOR - MOVIMIENTO SALVACIÓN NACIONAL;31
PUERTO BOYACA;Nicolas Felipe Urbano Villamil;PARTIDO LIBERAL COLOMBIANO;30
PUERTO BOYACA;Giovanny Andres Gomez Palomino;ALMA - OXÍGENO;29
PUERTO BOYACA;Leonardo Arnedo Mendoza;CONSEJO COMUNITARIO DE LA COMUNIDAD NEGRA DE LIMONES;29
PUERTO BOYACA;Consejo Comunitario La Gran Vía De Los Remedios;CONSEJO COMUNITARIO LA GRAN VÍA DE LOS REMEDIOS;27
PUERTO BOYACA;Jorge Eliecer Garces Florez;CONSEJO COMUNITARIO DE LA COMUNIDAD NEGRA DE LIMONES;21
PUERTO BOYACA;Laura Cristina Monroy Bayona;CR-NUEVO LIBERALISMO;21
PUERTO BOYACA;Yury Neill Diaz Aranguren;PARTIDO DE LA U - PARTIDO MIRA;20
PUERTO BOYACA;Carolina Geiringer Ortega;ALMA - OXÍGENO;19
PUERTO BOYACA;Vicente Anibal Ojeda Martinez;CR-NUEVO LIBERALISMO;16
PUERTO BOYACA;Partido Político Dignidad & Compromiso;PARTIDO POLÍTICO DIGNIDAD & COMPROMISO;15
PUERTO BOYACA;Oscar Yovany Montenegro Salcedo;CR-NUEVO LIBERALISMO;13
PUERTO BOYACA;Doris Elena Jacanamijoy Jacanamijoy;"MOVIMIENTO ALTERNATIVO INDÍGENA Y SOCIAL ""MAIS""";11
PUERTO BOYACA;Jose De Los Angeles Fernandez Palacios;PARTIDO POLÍTICO DIGNIDAD & COMPROMISO;11
PUERTO BOYACA;Nubia Jacqueline Caro Perez;PARTIDO LIBERAL COLOMBIANO;11
PUERTO BOYACA;Javier Araque Elaica;PARTIDO POLÍTICO DIGNIDAD & COMPROMISO;10
PUERTO BOYACA;Valentina Gutierrez Araujo;"MOVIMIENTO ALTERNATIVO INDÍGENA Y SOCIAL ""MAIS""";8
PUERTO BOYACA;Ricardo Antonio Agudelo Guiza;ALMA - OXÍGENO;7
PUERTO BOYACA;Afroemprendimiento;AFROEMPRENDIMIENTO;6
PUERTO BOYACA;Diego Armando Sanchez Arboleda;C.C. DE LA COMUNIDAD NEGRA DE LA VEREDA EL ESFUERZO;6
PUERTO BOYACA;Jorge Ivan Mina Lasso;CONSEJO COMUNITARIO MANUEL ZAPATA OLIVELLA DE SAN ANTERO;6
PUERTO BOYACA;Rumaldo Rojas Ramirez;ALMA - OXÍGENO;6
PUERTO BOYACA;Consejo Comunitario De La Comunidad Negra De Limon Es;CONSEJO COMUNITARIO DE LA COMUNIDAD NEGRA DE LIMONES;5
PUERTO BOYACA;Edgar Fernando Farfan Corzo;PARTIDO POLÍTICO DIGNIDAD & COMPROMISO;5
PUERTO BOYACA;Fundación Orsuba;FUNDACIÓN ORSUBA;5
PUERTO BOYACA;Layoneth Grandas Villamil;PARTIDO POLÍTICO DIGNIDAD & COMPROMISO;5
PUERTO BOYACA;Camilo Andres Caicedo Silva;PARTIDO LIBERAL COLOMBIANO;4
PUERTO BOYACA;Consejo Comunitario Manuel Zapata Olivella De San Antero;CONSEJO COMUNITARIO MANUEL ZAPATA OLIVELLA DE SAN ANTERO;4
PUERTO BOYACA;Linderman Adrada Lopez;"MOVIMIENTO ALTERNATIVO INDÍGENA Y SOCIAL ""MAIS""";4
PUERTO BOYACA;Afroslibres;AFROSLIBRES;3
PUERTO BOYACA;Amalia Rosa Campo Navarro;CONSEJO COMUNITARIO DE COMUNIDADES NEGRAS CUENCA RÍO OVEJAS;3
PUERTO BOYACA;Consejo Comunitario De Cértegui;CONSEJO COMUNITARIO DE CÉRTEGUI;3
PUERTO BOYACA;Darly Palacios Quejada;EXPRESIÓN AFRO, AMBIENTAL Y CULTURAL COLOMBIA CON DIGNIDAD;3
PUERTO BOYACA;Fuerza Ancestral;FUERZA ANCESTRAL;3
PUERTO BOYACA;Jenifer Tatiana Mosquera Barrera;C.C. DE LA COMUNIDAD NEGRA DE LA VEREDA EL ESFUERZO;3
PUERTO BOYACA;Cristianos Por Colombia Afros;CRISTIANOS POR COLOMBIA AFROS;2
PUERTO BOYACA;Libi Puerto Granados;PARTIDO DE LA U - PARTIDO MIRA;2
PUERTO BOYACA;Omar Bonilla Garcia;EXPRESIÓN AFRO, AMBIENTAL Y CULTURAL COLOMBIA CON DIGNIDAD;2
PUERTO BOYACA;Paciano Asprilla Arboleda;"CONSEJO COMUNITARIO DE PIZARRO ""CONCOPI""";2
PUERTO BOYACA;Partido Demócrata Colombiano;PARTIDO DEMÓCRATA COLOMBIANO;2
PUERTO BOYACA;Alexander Bolaños Garcia;CONSEJO COMUNITARIO DE COMUNIDADES NEGRAS CUENCA RÍO OVEJAS;1
PUERTO BOYACA;Alma Evelyn Physco Canencio;PARTIDO ECOLOGISTA COLOMBIANO;1
PUERTO BOYACA;Angel Arles Martinez Noguera;ASOCIACIÓN AFRODESCENDIENTE PACÍFICO POR LA PAZ;1
PUERTO BOYACA;Asociación Afrodescendiente Pacífico Por La Paz;ASOCIACIÓN AFRODESCENDIENTE PACÍFICO POR LA PAZ;1
PUERTO BOYACA;Asociación De Cabildos Indígenas Zenú Orico;ASOCIACIÓN DE CABILDOS INDÍGENAS ZENÚ ORICO;1
PUERTO BOYACA;"Asociación Nacional Indígena De Colombia ""Anic""";"ASOCIACIÓN NACIONAL INDÍGENA DE COLOMBIA ""ANIC""";1
PUERTO BOYACA;Asoconeg;ASOCONEG;1
PUERTO BOYACA;Branis Enrique Avila Ortiz;COMUNIDAD AFROCOLOMBIANA DE LA SIERRA NEVADA;1
PUERTO BOYACA;Cabildo Indígena Tevis;CABILDO INDÉGENA TEVIS;1
PUERTO BOYACA;Carlos Mario Calvo Largo;MOVIMIENTO UNIDAD EN MINGA POR COLOMBIA;1
PUERTO BOYACA;Consejo Comunitario Afrozabaletas;CONSEJO COMUNITARIO AFROZABALETAS;1
PUERTO BOYACA;Consejo Comunitario Alto Mira Y Frontera;CONSEJO COMUNITARIO ALTO MIRA Y FRONTERA;1
PUERTO BOYACA;Consejo Comunitario De Comunidades Negras Cuenca R Ío Ovejas;CONSEJO COMUNITARIO DE COMUNIDADES NEGRAS CUENCA RÍO OVEJAS;1
PUERTO BOYACA;Consejo Comunitario Nueva Esperanza;CONSEJO COMUNITARIO NUEVA ESPERANZA;1
PUERTO BOYACA;Consejo Comunitario Panamá De Arauca;CONSEJO COMUNITARIO PANAMÁ DE ARAUCA;1
PUERTO BOYACA;Cruz Eneida Quiñones Tenorio;CONSEJO COMUNITARIO DE COMUNIDADES NEGRAS CUENCA RÍO OVEJAS;1
PUERTO BOYACA;Duvan Stiwar Castro Machado;CONSEJO COMUNITARIO AFROÉTNICO DE RISARALDA;1
PUERTO BOYACA;Fundación Artística Cultural Salsa Y Rumba;FUNDACIÓN ARTÍSTICA CULTURAL SALSA Y RUMBA;1
PUERTO BOYACA;"Fundación Ecológica, Rural Y Urbana Del Pacífico "" Funerpa""";"FUNDACIÓN ECOLÓGICA, RURAL Y URBANA DEL PACÍFICO ""FUNERPA""";1
PUERTO BOYACA;Hernando Mosquera Barbosa;C.C. DE LA COMUNIDAD NEGRA DE LA VEREDA EL ESFUERZO;1
PUERTO BOYACA;Jhony Aparicio Ramirez;PARTIDO INDÍGENA COLOMBIANO P.I.C;1
PUERTO BOYACA;Jorge Andres Gonzalez Silva;CONSEJO COMUNITARIO MANUEL ZAPATA OLIVELLA DE SAN ANTERO;1
PUERTO BOYACA;Juan Jose Cifuentes Valero;ASOCIACIÓN AFRODESCENDIENTE PACÍFICO POR LA PAZ;1
PUERTO BOYACA;Karina Del Carmen Martinez Gonzalez;ASOCIACIÓN ÉTNICA MUNDO DIVERSO INTERCULTURAL;1
PUERTO BOYACA;Kendrys Paola Reyes Torres;CONSEJO COMUNITARIO DE LA COMUNIDAD NEGRA DE LIMONES;1
PUERTO BOYACA;Marcelino Chindoy Chicunque;PARTIDO INDÍGENA COLOMBIANO P.I.C;1
PUERTO BOYACA;Osaviplar;OSAVIPLAR;1
PUERTO BOYACA;Oswaldo Jose Ochoa Albor;AFROSLIBRES;1
PUERTO BOYACA;Partido Indígena Zenú (Piz);PARTIDO INDÉGENA ZENÚ (PIZ);1
PUERTO BOYACA;Pedro Antonio Echeverry Ramirez;EXPRESIÓN AFRO, AMBIENTAL Y CULTURAL COLOMBIA CON DIGNIDAD;1
PUERTO BOYACA;Sara Esther Correa Chico;AFROSLIBRES;1
PUERTO BOYACA;Silverio Jose Calderon Daza;"CONSEJO COMUNITARIO DE PIZARRO ""CONCOPI""";1
QUIPAMA;Eduar Alexis Triana Rincon;PARTIDO CENTRO DEMOCRÁTICO;570
QUIPAMA;Jose Dario Mahecha Castillo;PARTIDO CONSERVADOR - MOVIMIENTO SALVACIÓN NACIONAL;441
QUIPAMA;Pacto Histórico Boyacá;PACTO HISTÓRICO BOYACÁ;150
QUIPAMA;Jicly Esgardo Mutis Isaza;PARTIDO CENTRO DEMOCRÁTICO;97
QUIPAMA;Partido Centro Democrático;PARTIDO CENTRO DEMOCRÁTICO;92
QUIPAMA;Yamit Noe Hurtado Neira;PARTIDO ALIANZA VERDE;92
QUIPAMA;Hernel David Ortega Gomez;PARTIDO CONSERVADOR - MOVIMIENTO SALVACIÓN NACIONAL;50
QUIPAMA;Ingrid Marlen Sogamoso Alfonso;PARTIDO CONSERVADOR - MOVIMIENTO SALVACIÓN NACIONAL;48
QUIPAMA;Fabian Camilo Rojas Barrera;CR-NUEVO LIBERALISMO;45
QUIPAMA;Nancy Yaneth Zapata Pachon;PARTIDO DE LA U - PARTIDO MIRA;39
QUIPAMA;Jairo Enrique Castiblanco Parra;PARTIDO DE LA U - PARTIDO MIRA;31
QUIPAMA;Partido Conservador - Movimiento Salvación Naciona L;PARTIDO CONSERVADOR - MOVIMIENTO SALVACIÓN NACIONAL;26
QUIPAMA;Partido Alianza Verde;PARTIDO ALIANZA VERDE;25
QUIPAMA;Hector Josue Camacho Acosta;CR-NUEVO LIBERALISMO;20
QUIPAMA;Nicolas Felipe Urbano Villamil;PARTIDO LIBERAL COLOMBIANO;15
QUIPAMA;Jhonatan David Holguin Cruz;PARTIDO CENTRO DEMOCRÁTICO;13
QUIPAMA;Vivian Andrea Nieto Florez;PARTIDO ALIANZA VERDE;13
QUIPAMA;Partido Liberal Colombiano;PARTIDO LIBERAL COLOMBIANO;11
QUIPAMA;Giovanny Andres Gomez Palomino;ALMA - OXÍGENO;10
QUIPAMA;Jaime Raul Salamanca Torres;PARTIDO ALIANZA VERDE;10
QUIPAMA;Ramiro Barragan Adame;PARTIDO ALIANZA VERDE;10
QUIPAMA;Delci Del Carmen Urbano;PARTIDO CENTRO DEMOCRÁTICO;9
QUIPAMA;Humphrey Roa Sarmiento;PARTIDO DE LA U - PARTIDO MIRA;9
QUIPAMA;Olga Lucia Cruz Cuevas;ALMA - OXÍGENO;9
QUIPAMA;Diana Paola Herrera Nuñez;PARTIDO LIBERAL COLOMBIANO;8
QUIPAMA;Partido De La U - Partido Mira;PARTIDO DE LA U - PARTIDO MIRA;8
QUIPAMA;Cr-Nuevo Liberalismo;CR-NUEVO LIBERALISMO;7
QUIPAMA;Gloria Cecilia Palacios Guastar;PARTIDO CONSERVADOR - MOVIMIENTO SALVACIÓN NACIONAL;6
QUIPAMA;Manuel Steven Alvarez Pulido;PARTIDO DE LA U - PARTIDO MIRA;6
QUIPAMA;Nadia Alexandra Carreño Avella;CR-NUEVO LIBERALISMO;6
QUIPAMA;Alma - Oxígeno;ALMA - OXÍGENO;5
QUIPAMA;Adelinda Numpaque Sarmiento;PARTIDO ALIANZA VERDE;4
QUIPAMA;Hector David Chaparro Chaparro;PARTIDO LIBERAL COLOMBIANO;4
QUIPAMA;Laura Cristina Monroy Bayona;CR-NUEVO LIBERALISMO;4
QUIPAMA;Olga Niño Rojas;PARTIDO POLÍTICO DIGNIDAD & COMPROMISO;3
QUIPAMA;Oscar Leonardo Avila Romero;PARTIDO LIBERAL COLOMBIANO;3
QUIPAMA;William Donato Gomez;PARTIDO ALIANZA VERDE;3
QUIPAMA;Camilo Andres Caicedo Silva;PARTIDO LIBERAL COLOMBIANO;2
QUIPAMA;Carolina Geiringer Ortega;ALMA - OXÍGENO;2
QUIPAMA;Javier Araque Elaica;PARTIDO POLÍTICO DIGNIDAD & COMPROMISO;2
QUIPAMA;Libi Puerto Granados;PARTIDO DE LA U - PARTIDO MIRA;2
QUIPAMA;Consejo Comunitario El Naranjo;CONSEJO COMUNITARIO EL NARANJO;1
QUIPAMA;John Alberto Moreno Galindo;PARTIDO CONSERVADOR - MOVIMIENTO SALVACIÓN NACIONAL;1
QUIPAMA;Wilder Ivan Suesca Ochoa;PARTIDO CONSERVADOR - MOVIMIENTO SALVACIÓN NACIONAL;1
QUIPAMA;Yury Neill Diaz Aranguren;PARTIDO DE LA U - PARTIDO MIRA;1
RAMIRIQUI;Ingrid Marlen Sogamoso Alfonso;PARTIDO CONSERVADOR - MOVIMIENTO SALVACIÓN NACIONAL;550
RAMIRIQUI;Hector David Chaparro Chaparro;PARTIDO LIBERAL COLOMBIANO;510
RAMIRIQUI;Pacto Histórico Boyacá;PACTO HISTÓRICO BOYACÁ;510
RAMIRIQUI;Fabian Camilo Rojas Barrera;CR-NUEVO LIBERALISMO;421
RAMIRIQUI;Nubia Jacqueline Caro Perez;PARTIDO LIBERAL COLOMBIANO;299
RAMIRIQUI;Oscar Yovany Montenegro Salcedo;CR-NUEVO LIBERALISMO;255
RAMIRIQUI;Yamit Noe Hurtado Neira;PARTIDO ALIANZA VERDE;167
RAMIRIQUI;Jicly Esgardo Mutis Isaza;PARTIDO CENTRO DEMOCRÁTICO;166
RAMIRIQUI;Partido Centro Democrático;PARTIDO CENTRO DEMOCRÁTICO;109
RAMIRIQUI;Ramiro Barragan Adame;PARTIDO ALIANZA VERDE;105
RAMIRIQUI;Jose Dario Mahecha Castillo;PARTIDO CONSERVADOR - MOVIMIENTO SALVACIÓN NACIONAL;86
RAMIRIQUI;Wilder Ivan Suesca Ochoa;PARTIDO CONSERVADOR - MOVIMIENTO SALVACIÓN NACIONAL;86
RAMIRIQUI;Adelinda Numpaque Sarmiento;PARTIDO ALIANZA VERDE;76
RAMIRIQUI;Jaime Raul Salamanca Torres;PARTIDO ALIANZA VERDE;57
RAMIRIQUI;Diana Paola Herrera Nuñez;PARTIDO LIBERAL COLOMBIANO;49
RAMIRIQUI;Eduar Alexis Triana Rincon;PARTIDO CENTRO DEMOCRÁTICO;46
RAMIRIQUI;Partido Conservador - Movimiento Salvación Naciona L;PARTIDO CONSERVADOR - MOVIMIENTO SALVACIÓN NACIONAL;43
RAMIRIQUI;Partido Alianza Verde;PARTIDO ALIANZA VERDE;41
RAMIRIQUI;Delci Del Carmen Urbano;PARTIDO CENTRO DEMOCRÁTICO;36
RAMIRIQUI;Hernel David Ortega Gomez;PARTIDO CONSERVADOR - MOVIMIENTO SALVACIÓN NACIONAL;36
RAMIRIQUI;Vivian Andrea Nieto Florez;PARTIDO ALIANZA VERDE;36
RAMIRIQUI;Jairo Enrique Castiblanco Parra;PARTIDO DE LA U - PARTIDO MIRA;35
RAMIRIQUI;Nancy Yaneth Zapata Pachon;PARTIDO DE LA U - PARTIDO MIRA;30
RAMIRIQUI;Oscar Leonardo Avila Romero;PARTIDO LIBERAL COLOMBIANO;30
RAMIRIQUI;Partido Liberal Colombiano;PARTIDO LIBERAL COLOMBIANO;29
RAMIRIQUI;Nicolas Felipe Urbano Villamil;PARTIDO LIBERAL COLOMBIANO;25
RAMIRIQUI;Hector Josue Camacho Acosta;CR-NUEVO LIBERALISMO;19
RAMIRIQUI;Jhonatan David Holguin Cruz;PARTIDO CENTRO DEMOCRÁTICO;18
RAMIRIQUI;Camilo Andres Caicedo Silva;PARTIDO LIBERAL COLOMBIANO;17
RAMIRIQUI;Gloria Cecilia Palacios Guastar;PARTIDO CONSERVADOR - MOVIMIENTO SALVACIÓN NACIONAL;16
RAMIRIQUI;William Donato Gomez;PARTIDO ALIANZA VERDE;15
RAMIRIQUI;Laura Cristina Monroy Bayona;CR-NUEVO LIBERALISMO;14
RAMIRIQUI;Nadia Alexandra Carreño Avella;CR-NUEVO LIBERALISMO;14
RAMIRIQUI;Cr-Nuevo Liberalismo;CR-NUEVO LIBERALISMO;11
RAMIRIQUI;Fredy Alexander Garzon Rojas;PARTIDO CENTRO DEMOCRÁTICO;11
RAMIRIQUI;Consejo Comunitario El Naranjo;CONSEJO COMUNITARIO EL NARANJO;10
RAMIRIQUI;Ricardo Antonio Agudelo Guiza;ALMA - OXÍGENO;9
RAMIRIQUI;Vicente Anibal Ojeda Martinez;CR-NUEVO LIBERALISMO;9
RAMIRIQUI;John Alberto Moreno Galindo;PARTIDO CONSERVADOR - MOVIMIENTO SALVACIÓN NACIONAL;8
RAMIRIQUI;Kenda Lucia Caldera Garavito;PARTIDO CENTRO DEMOCRÁTICO;7
RAMIRIQUI;Olga Niño Rojas;PARTIDO POLÍTICO DIGNIDAD & COMPROMISO;6
RAMIRIQUI;Eduardo David Suarez Moreno;ALMA - OXÍGENO;5
RAMIRIQUI;Javier Araque Elaica;PARTIDO POLÍTICO DIGNIDAD & COMPROMISO;5
RAMIRIQUI;Olga Lucia Cruz Cuevas;ALMA - OXÍGENO;5
RAMIRIQUI;Manuel Steven Alvarez Pulido;PARTIDO DE LA U - PARTIDO MIRA;4
RAMIRIQUI;Alma - Oxígeno;ALMA - OXÍGENO;3
RAMIRIQUI;Partido De La U - Partido Mira;PARTIDO DE LA U - PARTIDO MIRA;3
RAMIRIQUI;Yury Neill Diaz Aranguren;PARTIDO DE LA U - PARTIDO MIRA;3
RAMIRIQUI;Consejo Comunitario La Gran Vía De Los Remedios;CONSEJO COMUNITARIO LA GRAN VÍA DE LOS REMEDIOS;2
RAMIRIQUI;Giovanny Andres Gomez Palomino;ALMA - OXÍGENO;2
RAMIRIQUI;Graciela Ramirez Monroy;PARTIDO POLÍTICO DIGNIDAD & COMPROMISO;2
RAMIRIQUI;Libi Puerto Granados;PARTIDO DE LA U - PARTIDO MIRA;2
RAMIRIQUI;Rumaldo Rojas Ramirez;ALMA - OXÍGENO;2
RAMIRIQUI;Carolina Geiringer Ortega;ALMA - OXÍGENO;1
RAMIRIQUI;Edgar Fernando Farfan Corzo;PARTIDO POLÍTICO DIGNIDAD & COMPROMISO;1
RAMIRIQUI;"Fundación Ecológica, Rural Y Urbana Del Pacífico "" Funerpa""";"FUNDACIÓN ECOLÓGICA, RURAL Y URBANA DEL PACÍFICO ""FUNERPA""";1
RAMIRIQUI;Humphrey Roa Sarmiento;PARTIDO DE LA U - PARTIDO MIRA;1
RAMIRIQUI;Jose De Los Angeles Fernandez Palacios;PARTIDO POLÍTICO DIGNIDAD & COMPROMISO;1
RAMIRIQUI;Layoneth Grandas Villamil;PARTIDO POLÍTICO DIGNIDAD & COMPROMISO;1
RAMIRIQUI;Partido Político Dignidad & Compromiso;PARTIDO POLÍTICO DIGNIDAD & COMPROMISO;1
RAQUIRA;Pacto Histórico Boyacá;PACTO HISTÓRICO BOYACÁ;372
RAQUIRA;Jairo Enrique Castiblanco Parra;PARTIDO DE LA U - PARTIDO MIRA;344
RAQUIRA;Yamit Noe Hurtado Neira;PARTIDO ALIANZA VERDE;325
RAQUIRA;Ramiro Barragan Adame;PARTIDO ALIANZA VERDE;143
RAQUIRA;Eduar Alexis Triana Rincon;PARTIDO CENTRO DEMOCRÁTICO;127
RAQUIRA;Partido Centro Democrático;PARTIDO CENTRO DEMOCRÁTICO;116
RAQUIRA;Jaime Raul Salamanca Torres;PARTIDO ALIANZA VERDE;92
RAQUIRA;Fabian Camilo Rojas Barrera;CR-NUEVO LIBERALISMO;75
RAQUIRA;Jicly Esgardo Mutis Isaza;PARTIDO CENTRO DEMOCRÁTICO;71
RAQUIRA;Partido Alianza Verde;PARTIDO ALIANZA VERDE;71
RAQUIRA;Ingrid Marlen Sogamoso Alfonso;PARTIDO CONSERVADOR - MOVIMIENTO SALVACIÓN NACIONAL;60
RAQUIRA;Nancy Yaneth Zapata Pachon;PARTIDO DE LA U - PARTIDO MIRA;53
RAQUIRA;Delci Del Carmen Urbano;PARTIDO CENTRO DEMOCRÁTICO;46
RAQUIRA;Hector Josue Camacho Acosta;CR-NUEVO LIBERALISMO;37
RAQUIRA;Vicente Anibal Ojeda Martinez;CR-NUEVO LIBERALISMO;37
RAQUIRA;Diana Paola Herrera Nuñez;PARTIDO LIBERAL COLOMBIANO;32
RAQUIRA;Hernel David Ortega Gomez;PARTIDO CONSERVADOR - MOVIMIENTO SALVACIÓN NACIONAL;32
RAQUIRA;John Alberto Moreno Galindo;PARTIDO CONSERVADOR - MOVIMIENTO SALVACIÓN NACIONAL;29
RAQUIRA;Jose Dario Mahecha Castillo;PARTIDO CONSERVADOR - MOVIMIENTO SALVACIÓN NACIONAL;24
RAQUIRA;Vivian Andrea Nieto Florez;PARTIDO ALIANZA VERDE;21
RAQUIRA;Wilder Ivan Suesca Ochoa;PARTIDO CONSERVADOR - MOVIMIENTO SALVACIÓN NACIONAL;20
RAQUIRA;Partido Conservador - Movimiento Salvación Naciona L;PARTIDO CONSERVADOR - MOVIMIENTO SALVACIÓN NACIONAL;19
RAQUIRA;Adelinda Numpaque Sarmiento;PARTIDO ALIANZA VERDE;18
RAQUIRA;Gloria Cecilia Palacios Guastar;PARTIDO CONSERVADOR - MOVIMIENTO SALVACIÓN NACIONAL;18
RAQUIRA;Jhonatan David Holguin Cruz;PARTIDO CENTRO DEMOCRÁTICO;16
RAQUIRA;Partido Liberal Colombiano;PARTIDO LIBERAL COLOMBIANO;16
RAQUIRA;William Donato Gomez;PARTIDO ALIANZA VERDE;16
RAQUIRA;Kenda Lucia Caldera Garavito;PARTIDO CENTRO DEMOCRÁTICO;15
RAQUIRA;Hector David Chaparro Chaparro;PARTIDO LIBERAL COLOMBIANO;14
RAQUIRA;Nadia Alexandra Carreño Avella;CR-NUEVO LIBERALISMO;13
RAQUIRA;Partido De La U - Partido Mira;PARTIDO DE LA U - PARTIDO MIRA;12
RAQUIRA;Consejo Comunitario El Naranjo;CONSEJO COMUNITARIO EL NARANJO;11
RAQUIRA;Nicolas Felipe Urbano Villamil;PARTIDO LIBERAL COLOMBIANO;11
RAQUIRA;Oscar Yovany Montenegro Salcedo;CR-NUEVO LIBERALISMO;11
RAQUIRA;Cr-Nuevo Liberalismo;CR-NUEVO LIBERALISMO;10
RAQUIRA;Eduardo David Suarez Moreno;ALMA - OXÍGENO;10
RAQUIRA;Fredy Alexander Garzon Rojas;PARTIDO CENTRO DEMOCRÁTICO;10
RAQUIRA;Oscar Leonardo Avila Romero;PARTIDO LIBERAL COLOMBIANO;10
RAQUIRA;Laura Cristina Monroy Bayona;CR-NUEVO LIBERALISMO;6
RAQUIRA;Alma - Oxígeno;ALMA - OXÍGENO;5
RAQUIRA;Ricardo Antonio Agudelo Guiza;ALMA - OXÍGENO;5
RAQUIRA;Javier Araque Elaica;PARTIDO POLÍTICO DIGNIDAD & COMPROMISO;4
RAQUIRA;Diana Paola Ramos Medina;CONSEJO COMUNITARIO DE QUINAMAYO;3
RAQUIRA;Giovanny Andres Gomez Palomino;ALMA - OXÍGENO;3
RAQUIRA;Humphrey Roa Sarmiento;PARTIDO DE LA U - PARTIDO MIRA;3
RAQUIRA;Libi Puerto Granados;PARTIDO DE LA U - PARTIDO MIRA;3
RAQUIRA;Olga Lucia Cruz Cuevas;ALMA - OXÍGENO;3
RAQUIRA;Olga Niño Rojas;PARTIDO POLÍTICO DIGNIDAD & COMPROMISO;3
RAQUIRA;Yury Neill Diaz Aranguren;PARTIDO DE LA U - PARTIDO MIRA;3
RAQUIRA;Camilo Andres Caicedo Silva;PARTIDO LIBERAL COLOMBIANO;2
RAQUIRA;Carolina Geiringer Ortega;ALMA - OXÍGENO;2
RAQUIRA;Edgar Fernando Farfan Corzo;PARTIDO POLÍTICO DIGNIDAD & COMPROMISO;2
RAQUIRA;Graciela Ramirez Monroy;PARTIDO POLÍTICO DIGNIDAD & COMPROMISO;2
RAQUIRA;Manuel Steven Alvarez Pulido;PARTIDO DE LA U - PARTIDO MIRA;2
RAQUIRA;Partido Político Dignidad & Compromiso;PARTIDO POLÍTICO DIGNIDAD & COMPROMISO;2
RAQUIRA;Rumaldo Rojas Ramirez;ALMA - OXÍGENO;2
RAQUIRA;Consejo Comunitario Afrozabaletas;CONSEJO COMUNITARIO AFROZABALETAS;1
RAQUIRA;Jose De Los Angeles Fernandez Palacios;PARTIDO POLÍTICO DIGNIDAD & COMPROMISO;1
RAQUIRA;Layoneth Grandas Villamil;PARTIDO POLÍTICO DIGNIDAD & COMPROMISO;1
RAQUIRA;"Movimiento Alternativo Indígena Y Social ""Mais""";"MOVIMIENTO ALTERNATIVO INDÍGENA Y SOCIAL ""MAIS""";1
RAQUIRA;Nubia Jacqueline Caro Perez;PARTIDO LIBERAL COLOMBIANO;1
RONDON;Fabian Camilo Rojas Barrera;CR-NUEVO LIBERALISMO;310
RONDON;Yamit Noe Hurtado Neira;PARTIDO ALIANZA VERDE;186
RONDON;Pacto Histórico Boyacá;PACTO HISTÓRICO BOYACÁ;95
RONDON;Eduar Alexis Triana Rincon;PARTIDO CENTRO DEMOCRÁTICO;36
RONDON;Jaime Raul Salamanca Torres;PARTIDO ALIANZA VERDE;35
RONDON;Partido Centro Democrático;PARTIDO CENTRO DEMOCRÁTICO;34
RONDON;Hector Josue Camacho Acosta;CR-NUEVO LIBERALISMO;28
RONDON;Hernel David Ortega Gomez;PARTIDO CONSERVADOR - MOVIMIENTO SALVACIÓN NACIONAL;28
RONDON;Ramiro Barragan Adame;PARTIDO ALIANZA VERDE;19
RONDON;Jairo Enrique Castiblanco Parra;PARTIDO DE LA U - PARTIDO MIRA;18
RONDON;Wilder Ivan Suesca Ochoa;PARTIDO CONSERVADOR - MOVIMIENTO SALVACIÓN NACIONAL;16
RONDON;Cr-Nuevo Liberalismo;CR-NUEVO LIBERALISMO;12
RONDON;Partido Alianza Verde;PARTIDO ALIANZA VERDE;11
RONDON;Vivian Andrea Nieto Florez;PARTIDO ALIANZA VERDE;11
RONDON;Ingrid Marlen Sogamoso Alfonso;PARTIDO CONSERVADOR - MOVIMIENTO SALVACIÓN NACIONAL;10
RONDON;Diana Paola Herrera Nuñez;PARTIDO LIBERAL COLOMBIANO;9
RONDON;Jose Dario Mahecha Castillo;PARTIDO CONSERVADOR - MOVIMIENTO SALVACIÓN NACIONAL;9
RONDON;Gloria Cecilia Palacios Guastar;PARTIDO CONSERVADOR - MOVIMIENTO SALVACIÓN NACIONAL;8
RONDON;Yury Neill Diaz Aranguren;PARTIDO DE LA U - PARTIDO MIRA;8
RONDON;Delci Del Carmen Urbano;PARTIDO CENTRO DEMOCRÁTICO;7
RONDON;Jicly Esgardo Mutis Isaza;PARTIDO CENTRO DEMOCRÁTICO;7
RONDON;Nicolas Felipe Urbano Villamil;PARTIDO LIBERAL COLOMBIANO;7
RONDON;Hector David Chaparro Chaparro;PARTIDO LIBERAL COLOMBIANO;6
RONDON;Nubia Jacqueline Caro Perez;PARTIDO LIBERAL COLOMBIANO;6
RONDON;Oscar Yovany Montenegro Salcedo;CR-NUEVO LIBERALISMO;6
RONDON;Adelinda Numpaque Sarmiento;PARTIDO ALIANZA VERDE;5
RONDON;Fredy Alexander Garzon Rojas;PARTIDO CENTRO DEMOCRÁTICO;5
RONDON;Olga Lucia Cruz Cuevas;ALMA - OXÍGENO;5
RONDON;Oscar Leonardo Avila Romero;PARTIDO LIBERAL COLOMBIANO;5
RONDON;Partido Conservador - Movimiento Salvación Naciona L;PARTIDO CONSERVADOR - MOVIMIENTO SALVACIÓN NACIONAL;5
RONDON;Humphrey Roa Sarmiento;PARTIDO DE LA U - PARTIDO MIRA;4
RONDON;Manuel Steven Alvarez Pulido;PARTIDO DE LA U - PARTIDO MIRA;4
RONDON;Consejo Comunitario La Gran Vía De Los Remedios;CONSEJO COMUNITARIO LA GRAN VÍA DE LOS REMEDIOS;3
RONDON;Partido De La U - Partido Mira;PARTIDO DE LA U - PARTIDO MIRA;3
RONDON;Vicente Anibal Ojeda Martinez;CR-NUEVO LIBERALISMO;3
RONDON;Javier Araque Elaica;PARTIDO POLÍTICO DIGNIDAD & COMPROMISO;2
RONDON;Jhonatan David Holguin Cruz;PARTIDO CENTRO DEMOCRÁTICO;2
RONDON;Kenda Lucia Caldera Garavito;PARTIDO CENTRO DEMOCRÁTICO;2
RONDON;Partido Político Dignidad & Compromiso;PARTIDO POLÍTICO DIGNIDAD & COMPROMISO;2
RONDON;Consejo Comunitario El Naranjo;CONSEJO COMUNITARIO EL NARANJO;1
RONDON;Doris Elena Jacanamijoy Jacanamijoy;"MOVIMIENTO ALTERNATIVO INDÍGENA Y SOCIAL ""MAIS""";1
RONDON;Edgar Fernando Farfan Corzo;PARTIDO POLÍTICO DIGNIDAD & COMPROMISO;1
RONDON;Eduardo David Suarez Moreno;ALMA - OXÍGENO;1
RONDON;Graciela Ramirez Monroy;PARTIDO POLÍTICO DIGNIDAD & COMPROMISO;1
RONDON;Libi Puerto Granados;PARTIDO DE LA U - PARTIDO MIRA;1
RONDON;Nancy Yaneth Zapata Pachon;PARTIDO DE LA U - PARTIDO MIRA;1
RONDON;Olga Niño Rojas;PARTIDO POLÍTICO DIGNIDAD & COMPROMISO;1
RONDON;Partido Liberal Colombiano;PARTIDO LIBERAL COLOMBIANO;1
RONDON;William Donato Gomez;PARTIDO ALIANZA VERDE;1
SABOYA;Pacto Histórico Boyacá;PACTO HISTÓRICO BOYACÁ;565
SABOYA;Jaime Raul Salamanca Torres;PARTIDO ALIANZA VERDE;549
SABOYA;Jose Dario Mahecha Castillo;PARTIDO CONSERVADOR - MOVIMIENTO SALVACIÓN NACIONAL;549
SABOYA;Ingrid Marlen Sogamoso Alfonso;PARTIDO CONSERVADOR - MOVIMIENTO SALVACIÓN NACIONAL;344
SABOYA;Yamit Noe Hurtado Neira;PARTIDO ALIANZA VERDE;289
SABOYA;Eduar Alexis Triana Rincon;PARTIDO CENTRO DEMOCRÁTICO;227
SABOYA;Hector Josue Camacho Acosta;CR-NUEVO LIBERALISMO;214
SABOYA;Wilder Ivan Suesca Ochoa;PARTIDO CONSERVADOR - MOVIMIENTO SALVACIÓN NACIONAL;178
SABOYA;Hector David Chaparro Chaparro;PARTIDO LIBERAL COLOMBIANO;171
SABOYA;Partido Centro Democrático;PARTIDO CENTRO DEMOCRÁTICO;128
SABOYA;Vivian Andrea Nieto Florez;PARTIDO ALIANZA VERDE;114
SABOYA;Fabian Camilo Rojas Barrera;CR-NUEVO LIBERALISMO;108
SABOYA;Ramiro Barragan Adame;PARTIDO ALIANZA VERDE;99
SABOYA;Jairo Enrique Castiblanco Parra;PARTIDO DE LA U - PARTIDO MIRA;95
SABOYA;Nancy Yaneth Zapata Pachon;PARTIDO DE LA U - PARTIDO MIRA;91
SABOYA;Hernel David Ortega Gomez;PARTIDO CONSERVADOR - MOVIMIENTO SALVACIÓN NACIONAL;87
SABOYA;Partido Conservador - Movimiento Salvación Naciona L;PARTIDO CONSERVADOR - MOVIMIENTO SALVACIÓN NACIONAL;71
SABOYA;Partido Alianza Verde;PARTIDO ALIANZA VERDE;68
SABOYA;Diana Paola Herrera Nuñez;PARTIDO LIBERAL COLOMBIANO;67
SABOYA;Adelinda Numpaque Sarmiento;PARTIDO ALIANZA VERDE;61
SABOYA;Jicly Esgardo Mutis Isaza;PARTIDO CENTRO DEMOCRÁTICO;56
SABOYA;Delci Del Carmen Urbano;PARTIDO CENTRO DEMOCRÁTICO;53
SABOYA;Humphrey Roa Sarmiento;PARTIDO DE LA U - PARTIDO MIRA;25
SABOYA;Nicolas Felipe Urbano Villamil;PARTIDO LIBERAL COLOMBIANO;25
SABOYA;Partido Liberal Colombiano;PARTIDO LIBERAL COLOMBIANO;24
SABOYA;Cr-Nuevo Liberalismo;CR-NUEVO LIBERALISMO;21
SABOYA;Fredy Alexander Garzon Rojas;PARTIDO CENTRO DEMOCRÁTICO;18
SABOYA;William Donato Gomez;PARTIDO ALIANZA VERDE;15
SABOYA;Gloria Cecilia Palacios Guastar;PARTIDO CONSERVADOR - MOVIMIENTO SALVACIÓN NACIONAL;13
SABOYA;Oscar Leonardo Avila Romero;PARTIDO LIBERAL COLOMBIANO;13
SABOYA;Consejo Comunitario El Naranjo;CONSEJO COMUNITARIO EL NARANJO;12
SABOYA;Yury Neill Diaz Aranguren;PARTIDO DE LA U - PARTIDO MIRA;11
SABOYA;Giovanny Andres Gomez Palomino;ALMA - OXÍGENO;8
SABOYA;Partido De La U - Partido Mira;PARTIDO DE LA U - PARTIDO MIRA;8
SABOYA;Camilo Andres Caicedo Silva;PARTIDO LIBERAL COLOMBIANO;7
SABOYA;Eduardo David Suarez Moreno;ALMA - OXÍGENO;7
SABOYA;Javier Araque Elaica;PARTIDO POLÍTICO DIGNIDAD & COMPROMISO;7
SABOYA;Laura Cristina Monroy Bayona;CR-NUEVO LIBERALISMO;7
SABOYA;Jhonatan David Holguin Cruz;PARTIDO CENTRO DEMOCRÁTICO;6
SABOYA;John Alberto Moreno Galindo;PARTIDO CONSERVADOR - MOVIMIENTO SALVACIÓN NACIONAL;6
SABOYA;Olga Niño Rojas;PARTIDO POLÍTICO DIGNIDAD & COMPROMISO;6
SABOYA;Oscar Yovany Montenegro Salcedo;CR-NUEVO LIBERALISMO;6
SABOYA;Graciela Ramirez Monroy;PARTIDO POLÍTICO DIGNIDAD & COMPROMISO;5
SABOYA;Olga Lucia Cruz Cuevas;ALMA - OXÍGENO;5
SABOYA;Kenda Lucia Caldera Garavito;PARTIDO CENTRO DEMOCRÁTICO;4
SABOYA;Nadia Alexandra Carreño Avella;CR-NUEVO LIBERALISMO;4
SABOYA;Vicente Anibal Ojeda Martinez;CR-NUEVO LIBERALISMO;4
SABOYA;Alma - Oxígeno;ALMA - OXÍGENO;3
SABOYA;Libi Puerto Granados;PARTIDO DE LA U - PARTIDO MIRA;3
SABOYA;Partido Político Dignidad & Compromiso;PARTIDO POLÍTICO DIGNIDAD & COMPROMISO;3
SABOYA;Consejo Comunitario La Gran Vía De Los Remedios;CONSEJO COMUNITARIO LA GRAN VÍA DE LOS REMEDIOS;2
SABOYA;Jorge Ivan Mina Lasso;CONSEJO COMUNITARIO MANUEL ZAPATA OLIVELLA DE SAN ANTERO;2
SABOYA;Ricardo Antonio Agudelo Guiza;ALMA - OXÍGENO;2
SABOYA;Rumaldo Rojas Ramirez;ALMA - OXÍGENO;2
SABOYA;Afroslibres;AFROSLIBRES;1
SABOYA;Edgar Fernando Farfan Corzo;PARTIDO POLÍTICO DIGNIDAD & COMPROMISO;1
SABOYA;Nubia Jacqueline Caro Perez;PARTIDO LIBERAL COLOMBIANO;1
SABOYA;Omar Bonilla Garcia;EXPRESIÓN AFRO, AMBIENTAL Y CULTURAL COLOMBIA CON DIGNIDAD;1
SACHICA;Jairo Enrique Castiblanco Parra;PARTIDO DE LA U - PARTIDO MIRA;492
SACHICA;Diana Paola Herrera Nuñez;PARTIDO LIBERAL COLOMBIANO;348
SACHICA;Hector David Chaparro Chaparro;PARTIDO LIBERAL COLOMBIANO;228
SACHICA;Pacto Histórico Boyacá;PACTO HISTÓRICO BOYACÁ;224
SACHICA;Jaime Raul Salamanca Torres;PARTIDO ALIANZA VERDE;128
SACHICA;Nancy Yaneth Zapata Pachon;PARTIDO DE LA U - PARTIDO MIRA;124
SACHICA;Yamit Noe Hurtado Neira;PARTIDO ALIANZA VERDE;72
SACHICA;Ramiro Barragan Adame;PARTIDO ALIANZA VERDE;71
SACHICA;Fabian Camilo Rojas Barrera;CR-NUEVO LIBERALISMO;67
SACHICA;Jicly Esgardo Mutis Isaza;PARTIDO CENTRO DEMOCRÁTICO;67
SACHICA;Partido Centro Democrático;PARTIDO CENTRO DEMOCRÁTICO;40
SACHICA;Oscar Leonardo Avila Romero;PARTIDO LIBERAL COLOMBIANO;33
SACHICA;Delci Del Carmen Urbano;PARTIDO CENTRO DEMOCRÁTICO;32
SACHICA;Eduar Alexis Triana Rincon;PARTIDO CENTRO DEMOCRÁTICO;30
SACHICA;Wilder Ivan Suesca Ochoa;PARTIDO CONSERVADOR - MOVIMIENTO SALVACIÓN NACIONAL;30
SACHICA;Ingrid Marlen Sogamoso Alfonso;PARTIDO CONSERVADOR - MOVIMIENTO SALVACIÓN NACIONAL;25
SACHICA;Partido Liberal Colombiano;PARTIDO LIBERAL COLOMBIANO;24
SACHICA;Partido Alianza Verde;PARTIDO ALIANZA VERDE;23
SACHICA;Adelinda Numpaque Sarmiento;PARTIDO ALIANZA VERDE;21
SACHICA;Hernel David Ortega Gomez;PARTIDO CONSERVADOR - MOVIMIENTO SALVACIÓN NACIONAL;21
SACHICA;Jose Dario Mahecha Castillo;PARTIDO CONSERVADOR - MOVIMIENTO SALVACIÓN NACIONAL;18
SACHICA;Partido De La U - Partido Mira;PARTIDO DE LA U - PARTIDO MIRA;18
SACHICA;Vivian Andrea Nieto Florez;PARTIDO ALIANZA VERDE;18
SACHICA;Hector Josue Camacho Acosta;CR-NUEVO LIBERALISMO;14
SACHICA;Manuel Steven Alvarez Pulido;PARTIDO DE LA U - PARTIDO MIRA;14
SACHICA;Yury Neill Diaz Aranguren;PARTIDO DE LA U - PARTIDO MIRA;11
SACHICA;Fredy Alexander Garzon Rojas;PARTIDO CENTRO DEMOCRÁTICO;10
SACHICA;Nadia Alexandra Carreño Avella;CR-NUEVO LIBERALISMO;9
SACHICA;Camilo Andres Caicedo Silva;PARTIDO LIBERAL COLOMBIANO;8
SACHICA;Eduardo David Suarez Moreno;ALMA - OXÍGENO;7
SACHICA;Giovanny Andres Gomez Palomino;ALMA - OXÍGENO;7
SACHICA;Nicolas Felipe Urbano Villamil;PARTIDO LIBERAL COLOMBIANO;6
SACHICA;Partido Conservador - Movimiento Salvación Naciona L;PARTIDO CONSERVADOR - MOVIMIENTO SALVACIÓN NACIONAL;6
SACHICA;Alma - Oxígeno;ALMA - OXÍGENO;5
SACHICA;Graciela Ramirez Monroy;PARTIDO POLÍTICO DIGNIDAD & COMPROMISO;5
SACHICA;Nubia Jacqueline Caro Perez;PARTIDO LIBERAL COLOMBIANO;5
SACHICA;Cr-Nuevo Liberalismo;CR-NUEVO LIBERALISMO;4
SACHICA;Javier Araque Elaica;PARTIDO POLÍTICO DIGNIDAD & COMPROMISO;4
SACHICA;Jhonatan David Holguin Cruz;PARTIDO CENTRO DEMOCRÁTICO;4
SACHICA;Edgar Fernando Farfan Corzo;PARTIDO POLÍTICO DIGNIDAD & COMPROMISO;3
SACHICA;Gloria Cecilia Palacios Guastar;PARTIDO CONSERVADOR - MOVIMIENTO SALVACIÓN NACIONAL;3
SACHICA;Humphrey Roa Sarmiento;PARTIDO DE LA U - PARTIDO MIRA;3
SACHICA;Kenda Lucia Caldera Garavito;PARTIDO CENTRO DEMOCRÁTICO;3
SACHICA;William Donato Gomez;PARTIDO ALIANZA VERDE;3
SACHICA;Consejo Comunitario La Gran Vía De Los Remedios;CONSEJO COMUNITARIO LA GRAN VÍA DE LOS REMEDIOS;2
SACHICA;Ricardo Antonio Agudelo Guiza;ALMA - OXÍGENO;2
SACHICA;Carolina Geiringer Ortega;ALMA - OXÍGENO;1
SACHICA;Consejo Comunitario El Naranjo;CONSEJO COMUNITARIO EL NARANJO;1
SACHICA;Darly Palacios Quejada;EXPRESIÓN AFRO, AMBIENTAL Y CULTURAL COLOMBIA CON DIGNIDAD;1
SACHICA;Ismael Maestre Simaca;AFROSLIBRES;1
SACHICA;John Alberto Moreno Galindo;PARTIDO CONSERVADOR - MOVIMIENTO SALVACIÓN NACIONAL;1
SACHICA;Jorge Ivan Mina Lasso;CONSEJO COMUNITARIO MANUEL ZAPATA OLIVELLA DE SAN ANTERO;1
SACHICA;Jose De Los Angeles Fernandez Palacios;PARTIDO POLÍTICO DIGNIDAD & COMPROMISO;1
SACHICA;Libi Puerto Granados;PARTIDO DE LA U - PARTIDO MIRA;1
SACHICA;Los Sabaneros Del Corregimiento De Minguillo;LOS SABANEROS DEL CORREGIMIENTO DE MINGUILLO;1
SACHICA;"Movimiento Alternativo Indígena Y Social ""Mais""";"MOVIMIENTO ALTERNATIVO INDÍGENA Y SOCIAL ""MAIS""";1
SACHICA;Olga Lucia Cruz Cuevas;ALMA - OXÍGENO;1
SACHICA;Olga Niño Rojas;PARTIDO POLÍTICO DIGNIDAD & COMPROMISO;1
SACHICA;Oscar Yovany Montenegro Salcedo;CR-NUEVO LIBERALISMO;1
SACHICA;Partido Político Dignidad & Compromiso;PARTIDO POLÍTICO DIGNIDAD & COMPROMISO;1
SACHICA;Trietnico Gobernativo Trigo;TRIETNICO GOBERNATIVO TRIGO;1
SACHICA;Vicente Anibal Ojeda Martinez;CR-NUEVO LIBERALISMO;1
SAMACA;Jairo Enrique Castiblanco Parra;PARTIDO DE LA U - PARTIDO MIRA;4701
SAMACA;Oscar Leonardo Avila Romero;PARTIDO LIBERAL COLOMBIANO;747
SAMACA;Pacto Histórico Boyacá;PACTO HISTÓRICO BOYACÁ;699
SAMACA;Jaime Raul Salamanca Torres;PARTIDO ALIANZA VERDE;281
SAMACA;Hector David Chaparro Chaparro;PARTIDO LIBERAL COLOMBIANO;158
SAMACA;Ramiro Barragan Adame;PARTIDO ALIANZA VERDE;125
SAMACA;Fabian Camilo Rojas Barrera;CR-NUEVO LIBERALISMO;89
SAMACA;Delci Del Carmen Urbano;PARTIDO CENTRO DEMOCRÁTICO;85
SAMACA;Nancy Yaneth Zapata Pachon;PARTIDO DE LA U - PARTIDO MIRA;80
SAMACA;Partido Alianza Verde;PARTIDO ALIANZA VERDE;65
SAMACA;Partido Centro Democrático;PARTIDO CENTRO DEMOCRÁTICO;64
SAMACA;Wilder Ivan Suesca Ochoa;PARTIDO CONSERVADOR - MOVIMIENTO SALVACIÓN NACIONAL;62
SAMACA;Adelinda Numpaque Sarmiento;PARTIDO ALIANZA VERDE;59
SAMACA;Ingrid Marlen Sogamoso Alfonso;PARTIDO CONSERVADOR - MOVIMIENTO SALVACIÓN NACIONAL;56
SAMACA;Eduar Alexis Triana Rincon;PARTIDO CENTRO DEMOCRÁTICO;49
SAMACA;Partido De La U - Partido Mira;PARTIDO DE LA U - PARTIDO MIRA;49
SAMACA;Diana Paola Herrera Nuñez;PARTIDO LIBERAL COLOMBIANO;47
SAMACA;Nadia Alexandra Carreño Avella;CR-NUEVO LIBERALISMO;47
SAMACA;Eduardo David Suarez Moreno;ALMA - OXÍGENO;43
SAMACA;Hernel David Ortega Gomez;PARTIDO CONSERVADOR - MOVIMIENTO SALVACIÓN NACIONAL;38
SAMACA;Humphrey Roa Sarmiento;PARTIDO DE LA U - PARTIDO MIRA;38
SAMACA;Jose Dario Mahecha Castillo;PARTIDO CONSERVADOR - MOVIMIENTO SALVACIÓN NACIONAL;30
SAMACA;Partido Liberal Colombiano;PARTIDO LIBERAL COLOMBIANO;27
SAMACA;Manuel Steven Alvarez Pulido;PARTIDO DE LA U - PARTIDO MIRA;26
SAMACA;Jicly Esgardo Mutis Isaza;PARTIDO CENTRO DEMOCRÁTICO;25
SAMACA;Partido Conservador - Movimiento Salvación Naciona L;PARTIDO CONSERVADOR - MOVIMIENTO SALVACIÓN NACIONAL;22
SAMACA;Yamit Noe Hurtado Neira;PARTIDO ALIANZA VERDE;17
SAMACA;Alma - Oxígeno;ALMA - OXÍGENO;16
SAMACA;Jhonatan David Holguin Cruz;PARTIDO CENTRO DEMOCRÁTICO;16
SAMACA;Vivian Andrea Nieto Florez;PARTIDO ALIANZA VERDE;16
SAMACA;Consejo Comunitario El Naranjo;CONSEJO COMUNITARIO EL NARANJO;15
SAMACA;Fredy Alexander Garzon Rojas;PARTIDO CENTRO DEMOCRÁTICO;13
SAMACA;Cr-Nuevo Liberalismo;CR-NUEVO LIBERALISMO;12
SAMACA;John Alberto Moreno Galindo;PARTIDO CONSERVADOR - MOVIMIENTO SALVACIÓN NACIONAL;12
SAMACA;Hector Josue Camacho Acosta;CR-NUEVO LIBERALISMO;11
SAMACA;Nicolas Felipe Urbano Villamil;PARTIDO LIBERAL COLOMBIANO;9
SAMACA;Camilo Andres Caicedo Silva;PARTIDO LIBERAL COLOMBIANO;8
SAMACA;Gloria Cecilia Palacios Guastar;PARTIDO CONSERVADOR - MOVIMIENTO SALVACIÓN NACIONAL;8
SAMACA;Nubia Jacqueline Caro Perez;PARTIDO LIBERAL COLOMBIANO;8
SAMACA;Graciela Ramirez Monroy;PARTIDO POLÍTICO DIGNIDAD & COMPROMISO;7
SAMACA;Kenda Lucia Caldera Garavito;PARTIDO CENTRO DEMOCRÁTICO;7
SAMACA;Ricardo Antonio Agudelo Guiza;ALMA - OXÍGENO;7
SAMACA;Javier Araque Elaica;PARTIDO POLÍTICO DIGNIDAD & COMPROMISO;6
SAMACA;Libi Puerto Granados;PARTIDO DE LA U - PARTIDO MIRA;5
SAMACA;Yury Neill Diaz Aranguren;PARTIDO DE LA U - PARTIDO MIRA;5
SAMACA;Partido Político Dignidad & Compromiso;PARTIDO POLÍTICO DIGNIDAD & COMPROMISO;4
SAMACA;William Donato Gomez;PARTIDO ALIANZA VERDE;4
SAMACA;Carlos Mario Calvo Largo;MOVIMIENTO UNIDAD EN MINGA POR COLOMBIA;3
SAMACA;Oscar Yovany Montenegro Salcedo;CR-NUEVO LIBERALISMO;3
SAMACA;Carolina Geiringer Ortega;ALMA - OXÍGENO;2
SAMACA;Edgar Fernando Farfan Corzo;PARTIDO POLÍTICO DIGNIDAD & COMPROMISO;2
SAMACA;Giovanny Andres Gomez Palomino;ALMA - OXÍGENO;2
SAMACA;Olga Niño Rojas;PARTIDO POLÍTICO DIGNIDAD & COMPROMISO;2
SAMACA;Vicente Anibal Ojeda Martinez;CR-NUEVO LIBERALISMO;2
SAMACA;Asoconeg;ASOCONEG;1
SAMACA;C.C. De La Comunidad Negra De La Vereda El Esfuerz O;C.C. DE LA COMUNIDAD NEGRA DE LA VEREDA EL ESFUERZO;1
SAMACA;Cristianos Por Colombia Afros;CRISTIANOS POR COLOMBIA AFROS;1
SAMACA;Laura Cristina Monroy Bayona;CR-NUEVO LIBERALISMO;1
SAMACA;Layoneth Grandas Villamil;PARTIDO POLÍTICO DIGNIDAD & COMPROMISO;1
SAMACA;Valentina Gutierrez Araujo;"MOVIMIENTO ALTERNATIVO INDÍGENA Y SOCIAL ""MAIS""";1
SAN EDUARDO;Fabian Camilo Rojas Barrera;CR-NUEVO LIBERALISMO;219
SAN EDUARDO;Yamit Noe Hurtado Neira;PARTIDO ALIANZA VERDE;101
SAN EDUARDO;Pacto Histórico Boyacá;PACTO HISTÓRICO BOYACÁ;84
SAN EDUARDO;Eduar Alexis Triana Rincon;PARTIDO CENTRO DEMOCRÁTICO;45
SAN EDUARDO;Jicly Esgardo Mutis Isaza;PARTIDO CENTRO DEMOCRÁTICO;37
SAN EDUARDO;Jaime Raul Salamanca Torres;PARTIDO ALIANZA VERDE;36
SAN EDUARDO;Hector David Chaparro Chaparro;PARTIDO LIBERAL COLOMBIANO;35
SAN EDUARDO;Ramiro Barragan Adame;PARTIDO ALIANZA VERDE;21
SAN EDUARDO;Partido Centro Democrático;PARTIDO CENTRO DEMOCRÁTICO;19
SAN EDUARDO;Vivian Andrea Nieto Florez;PARTIDO ALIANZA VERDE;16
SAN EDUARDO;Ingrid Marlen Sogamoso Alfonso;PARTIDO CONSERVADOR - MOVIMIENTO SALVACIÓN NACIONAL;12
SAN EDUARDO;Wilder Ivan Suesca Ochoa;PARTIDO CONSERVADOR - MOVIMIENTO SALVACIÓN NACIONAL;10
SAN EDUARDO;Partido Alianza Verde;PARTIDO ALIANZA VERDE;9
SAN EDUARDO;Cr-Nuevo Liberalismo;CR-NUEVO LIBERALISMO;6
SAN EDUARDO;Gloria Cecilia Palacios Guastar;PARTIDO CONSERVADOR - MOVIMIENTO SALVACIÓN NACIONAL;6
SAN EDUARDO;Hector Josue Camacho Acosta;CR-NUEVO LIBERALISMO;6
SAN EDUARDO;Laura Cristina Monroy Bayona;CR-NUEVO LIBERALISMO;6
SAN EDUARDO;Hernel David Ortega Gomez;PARTIDO CONSERVADOR - MOVIMIENTO SALVACIÓN NACIONAL;5
SAN EDUARDO;Adelinda Numpaque Sarmiento;PARTIDO ALIANZA VERDE;4
SAN EDUARDO;Jose Dario Mahecha Castillo;PARTIDO CONSERVADOR - MOVIMIENTO SALVACIÓN NACIONAL;4
SAN EDUARDO;Kenda Lucia Caldera Garavito;PARTIDO CENTRO DEMOCRÁTICO;4
SAN EDUARDO;Nicolas Felipe Urbano Villamil;PARTIDO LIBERAL COLOMBIANO;4
SAN EDUARDO;Oscar Leonardo Avila Romero;PARTIDO LIBERAL COLOMBIANO;4
SAN EDUARDO;Diana Paola Herrera Nuñez;PARTIDO LIBERAL COLOMBIANO;3
SAN EDUARDO;Jhonatan David Holguin Cruz;PARTIDO CENTRO DEMOCRÁTICO;3
SAN EDUARDO;Libi Puerto Granados;PARTIDO DE LA U - PARTIDO MIRA;3
SAN EDUARDO;Olga Lucia Cruz Cuevas;ALMA - OXÍGENO;3
SAN EDUARDO;Manuel Steven Alvarez Pulido;PARTIDO DE LA U - PARTIDO MIRA;2
SAN EDUARDO;Nadia Alexandra Carreño Avella;CR-NUEVO LIBERALISMO;2
SAN EDUARDO;Oscar Yovany Montenegro Salcedo;CR-NUEVO LIBERALISMO;2
SAN EDUARDO;Partido Conservador - Movimiento Salvación Naciona L;PARTIDO CONSERVADOR - MOVIMIENTO SALVACIÓN NACIONAL;2
SAN EDUARDO;Delci Del Carmen Urbano;PARTIDO CENTRO DEMOCRÁTICO;1
SAN EDUARDO;Eduardo David Suarez Moreno;ALMA - OXÍGENO;1
SAN EDUARDO;Fredy Alexander Garzon Rojas;PARTIDO CENTRO DEMOCRÁTICO;1
SAN EDUARDO;Jairo Enrique Castiblanco Parra;PARTIDO DE LA U - PARTIDO MIRA;1
SAN EDUARDO;Javier Araque Elaica;PARTIDO POLÍTICO DIGNIDAD & COMPROMISO;1
SAN EDUARDO;Nancy Yaneth Zapata Pachon;PARTIDO DE LA U - PARTIDO MIRA;1
SAN EDUARDO;Nubia Jacqueline Caro Perez;PARTIDO LIBERAL COLOMBIANO;1
SAN EDUARDO;Partido Liberal Colombiano;PARTIDO LIBERAL COLOMBIANO;1
SAN EDUARDO;Valentina Gutierrez Araujo;"MOVIMIENTO ALTERNATIVO INDÍGENA Y SOCIAL ""MAIS""";1
SAN EDUARDO;Vicente Anibal Ojeda Martinez;CR-NUEVO LIBERALISMO;1
SAN JOSE DE PARE;Jaime Raul Salamanca Torres;PARTIDO ALIANZA VERDE;512
SAN JOSE DE PARE;Pacto Histórico Boyacá;PACTO HISTÓRICO BOYACÁ;221
SAN JOSE DE PARE;Eduar Alexis Triana Rincon;PARTIDO CENTRO DEMOCRÁTICO;205
SAN JOSE DE PARE;Hector David Chaparro Chaparro;PARTIDO LIBERAL COLOMBIANO;178
SAN JOSE DE PARE;Ramiro Barragan Adame;PARTIDO ALIANZA VERDE;144
SAN JOSE DE PARE;Jicly Esgardo Mutis Isaza;PARTIDO CENTRO DEMOCRÁTICO;111
SAN JOSE DE PARE;Jairo Enrique Castiblanco Parra;PARTIDO DE LA U - PARTIDO MIRA;83
SAN JOSE DE PARE;Diana Paola Herrera Nuñez;PARTIDO LIBERAL COLOMBIANO;67
SAN JOSE DE PARE;Partido Centro Democrático;PARTIDO CENTRO DEMOCRÁTICO;58
SAN JOSE DE PARE;Delci Del Carmen Urbano;PARTIDO CENTRO DEMOCRÁTICO;42
SAN JOSE DE PARE;Fabian Camilo Rojas Barrera;CR-NUEVO LIBERALISMO;39
SAN JOSE DE PARE;Partido Alianza Verde;PARTIDO ALIANZA VERDE;35
SAN JOSE DE PARE;Yamit Noe Hurtado Neira;PARTIDO ALIANZA VERDE;35
SAN JOSE DE PARE;Adelinda Numpaque Sarmiento;PARTIDO ALIANZA VERDE;21
SAN JOSE DE PARE;Jhonatan David Holguin Cruz;PARTIDO CENTRO DEMOCRÁTICO;19
SAN JOSE DE PARE;Kenda Lucia Caldera Garavito;PARTIDO CENTRO DEMOCRÁTICO;19
SAN JOSE DE PARE;Partido Liberal Colombiano;PARTIDO LIBERAL COLOMBIANO;17
SAN JOSE DE PARE;Vivian Andrea Nieto Florez;PARTIDO ALIANZA VERDE;17
SAN JOSE DE PARE;Gloria Cecilia Palacios Guastar;PARTIDO CONSERVADOR - MOVIMIENTO SALVACIÓN NACIONAL;16
SAN JOSE DE PARE;Jose Dario Mahecha Castillo;PARTIDO CONSERVADOR - MOVIMIENTO SALVACIÓN NACIONAL;16
SAN JOSE DE PARE;Hernel David Ortega Gomez;PARTIDO CONSERVADOR - MOVIMIENTO SALVACIÓN NACIONAL;15
SAN JOSE DE PARE;Oscar Leonardo Avila Romero;PARTIDO LIBERAL COLOMBIANO;14
SAN JOSE DE PARE;Yury Neill Diaz Aranguren;PARTIDO DE LA U - PARTIDO MIRA;13
SAN JOSE DE PARE;Nancy Yaneth Zapata Pachon;PARTIDO DE LA U - PARTIDO MIRA;10
SAN JOSE DE PARE;Wilder Ivan Suesca Ochoa;PARTIDO CONSERVADOR - MOVIMIENTO SALVACIÓN NACIONAL;10
SAN JOSE DE PARE;John Alberto Moreno Galindo;PARTIDO CONSERVADOR - MOVIMIENTO SALVACIÓN NACIONAL;9
SAN JOSE DE PARE;Ingrid Marlen Sogamoso Alfonso;PARTIDO CONSERVADOR - MOVIMIENTO SALVACIÓN NACIONAL;8
SAN JOSE DE PARE;Alma - Oxígeno;ALMA - OXÍGENO;6
SAN JOSE DE PARE;Cr-Nuevo Liberalismo;CR-NUEVO LIBERALISMO;6
SAN JOSE DE PARE;Hector Josue Camacho Acosta;CR-NUEVO LIBERALISMO;6
SAN JOSE DE PARE;Partido Conservador - Movimiento Salvación Naciona L;PARTIDO CONSERVADOR - MOVIMIENTO SALVACIÓN NACIONAL;6
SAN JOSE DE PARE;Camilo Andres Caicedo Silva;PARTIDO LIBERAL COLOMBIANO;5
SAN JOSE DE PARE;Fredy Alexander Garzon Rojas;PARTIDO CENTRO DEMOCRÁTICO;5
SAN JOSE DE PARE;Manuel Steven Alvarez Pulido;PARTIDO DE LA U - PARTIDO MIRA;5
SAN JOSE DE PARE;Nadia Alexandra Carreño Avella;CR-NUEVO LIBERALISMO;5
SAN JOSE DE PARE;Nicolas Felipe Urbano Villamil;PARTIDO LIBERAL COLOMBIANO;5
SAN JOSE DE PARE;Consejo Comunitario El Naranjo;CONSEJO COMUNITARIO EL NARANJO;4
SAN JOSE DE PARE;Graciela Ramirez Monroy;PARTIDO POLÍTICO DIGNIDAD & COMPROMISO;4
SAN JOSE DE PARE;William Donato Gomez;PARTIDO ALIANZA VERDE;4
SAN JOSE DE PARE;Javier Araque Elaica;PARTIDO POLÍTICO DIGNIDAD & COMPROMISO;3
SAN JOSE DE PARE;Laura Cristina Monroy Bayona;CR-NUEVO LIBERALISMO;3
SAN JOSE DE PARE;Partido De La U - Partido Mira;PARTIDO DE LA U - PARTIDO MIRA;3
SAN JOSE DE PARE;Vicente Anibal Ojeda Martinez;CR-NUEVO LIBERALISMO;3
SAN JOSE DE PARE;Consejo Comunitario La Gran Vía De Los Remedios;CONSEJO COMUNITARIO LA GRAN VÍA DE LOS REMEDIOS;2
SAN JOSE DE PARE;Eduardo David Suarez Moreno;ALMA - OXÍGENO;2
SAN JOSE DE PARE;Humphrey Roa Sarmiento;PARTIDO DE LA U - PARTIDO MIRA;2
SAN JOSE DE PARE;Libi Puerto Granados;PARTIDO DE LA U - PARTIDO MIRA;2
SAN JOSE DE PARE;Olga Lucia Cruz Cuevas;ALMA - OXÍGENO;2
SAN JOSE DE PARE;Carolina Geiringer Ortega;ALMA - OXÍGENO;1
SAN JOSE DE PARE;Edgar Fernando Farfan Corzo;PARTIDO POLÍTICO DIGNIDAD & COMPROMISO;1
SAN JOSE DE PARE;Giovanny Andres Gomez Palomino;ALMA - OXÍGENO;1
SAN JOSE DE PARE;Jorge Ivan Mina Lasso;CONSEJO COMUNITARIO MANUEL ZAPATA OLIVELLA DE SAN ANTERO;1
SAN JOSE DE PARE;Jose De Los Angeles Fernandez Palacios;PARTIDO POLÍTICO DIGNIDAD & COMPROMISO;1
SAN JOSE DE PARE;Nubia Jacqueline Caro Perez;PARTIDO LIBERAL COLOMBIANO;1
SAN JOSE DE PARE;Olga Niño Rojas;PARTIDO POLÍTICO DIGNIDAD & COMPROMISO;1
SAN JOSE DE PARE;Oscar Yovany Montenegro Salcedo;CR-NUEVO LIBERALISMO;1
SAN JOSE DE PARE;Oswaldo Jose Ochoa Albor;AFROSLIBRES;1
SAN JOSE DE PARE;Ricardo Antonio Agudelo Guiza;ALMA - OXÍGENO;1
SAN LUIS DE GACENO;Jose Dario Mahecha Castillo;PARTIDO CONSERVADOR - MOVIMIENTO SALVACIÓN NACIONAL;645
SAN LUIS DE GACENO;Yamit Noe Hurtado Neira;PARTIDO ALIANZA VERDE;254
SAN LUIS DE GACENO;Ingrid Marlen Sogamoso Alfonso;PARTIDO CONSERVADOR - MOVIMIENTO SALVACIÓN NACIONAL;252
SAN LUIS DE GACENO;Jaime Raul Salamanca Torres;PARTIDO ALIANZA VERDE;107
SAN LUIS DE GACENO;Pacto Histórico Boyacá;PACTO HISTÓRICO BOYACÁ;101
SAN LUIS DE GACENO;Fabian Camilo Rojas Barrera;CR-NUEVO LIBERALISMO;93
SAN LUIS DE GACENO;Oscar Yovany Montenegro Salcedo;CR-NUEVO LIBERALISMO;90
SAN LUIS DE GACENO;Partido Centro Democrático;PARTIDO CENTRO DEMOCRÁTICO;76
SAN LUIS DE GACENO;Eduar Alexis Triana Rincon;PARTIDO CENTRO DEMOCRÁTICO;55
SAN LUIS DE GACENO;Jicly Esgardo Mutis Isaza;PARTIDO CENTRO DEMOCRÁTICO;42
SAN LUIS DE GACENO;Partido Conservador - Movimiento Salvación Naciona L;PARTIDO CONSERVADOR - MOVIMIENTO SALVACIÓN NACIONAL;42
SAN LUIS DE GACENO;Hernel David Ortega Gomez;PARTIDO CONSERVADOR - MOVIMIENTO SALVACIÓN NACIONAL;35
SAN LUIS DE GACENO;Delci Del Carmen Urbano;PARTIDO CENTRO DEMOCRÁTICO;30
SAN LUIS DE GACENO;Adelinda Numpaque Sarmiento;PARTIDO ALIANZA VERDE;23
SAN LUIS DE GACENO;Fredy Alexander Garzon Rojas;PARTIDO CENTRO DEMOCRÁTICO;23
SAN LUIS DE GACENO;Hector Josue Camacho Acosta;CR-NUEVO LIBERALISMO;18
SAN LUIS DE GACENO;Partido Alianza Verde;PARTIDO ALIANZA VERDE;17
SAN LUIS DE GACENO;Ramiro Barragan Adame;PARTIDO ALIANZA VERDE;16
SAN LUIS DE GACENO;Wilder Ivan Suesca Ochoa;PARTIDO CONSERVADOR - MOVIMIENTO SALVACIÓN NACIONAL;15
SAN LUIS DE GACENO;Vivian Andrea Nieto Florez;PARTIDO ALIANZA VERDE;11
SAN LUIS DE GACENO;Giovanny Andres Gomez Palomino;ALMA - OXÍGENO;7
SAN LUIS DE GACENO;Jhonatan David Holguin Cruz;PARTIDO CENTRO DEMOCRÁTICO;7
SAN LUIS DE GACENO;Gloria Cecilia Palacios Guastar;PARTIDO CONSERVADOR - MOVIMIENTO SALVACIÓN NACIONAL;6
SAN LUIS DE GACENO;Nadia Alexandra Carreño Avella;CR-NUEVO LIBERALISMO;6
SAN LUIS DE GACENO;Cr-Nuevo Liberalismo;CR-NUEVO LIBERALISMO;5
SAN LUIS DE GACENO;Diana Paola Herrera Nuñez;PARTIDO LIBERAL COLOMBIANO;5
SAN LUIS DE GACENO;Laura Cristina Monroy Bayona;CR-NUEVO LIBERALISMO;5
SAN LUIS DE GACENO;John Alberto Moreno Galindo;PARTIDO CONSERVADOR - MOVIMIENTO SALVACIÓN NACIONAL;4
SAN LUIS DE GACENO;Oscar Leonardo Avila Romero;PARTIDO LIBERAL COLOMBIANO;4
SAN LUIS DE GACENO;Graciela Ramirez Monroy;PARTIDO POLÍTICO DIGNIDAD & COMPROMISO;3
SAN LUIS DE GACENO;Kenda Lucia Caldera Garavito;PARTIDO CENTRO DEMOCRÁTICO;3
SAN LUIS DE GACENO;Nancy Yaneth Zapata Pachon;PARTIDO DE LA U - PARTIDO MIRA;3
SAN LUIS DE GACENO;Nicolas Felipe Urbano Villamil;PARTIDO LIBERAL COLOMBIANO;3
SAN LUIS DE GACENO;Olga Niño Rojas;PARTIDO POLÍTICO DIGNIDAD & COMPROMISO;3
SAN LUIS DE GACENO;Humphrey Roa Sarmiento;PARTIDO DE LA U - PARTIDO MIRA;2
SAN LUIS DE GACENO;Manuel Steven Alvarez Pulido;PARTIDO DE LA U - PARTIDO MIRA;2
SAN LUIS DE GACENO;Partido Liberal Colombiano;PARTIDO LIBERAL COLOMBIANO;2
SAN LUIS DE GACENO;Yury Neill Diaz Aranguren;PARTIDO DE LA U - PARTIDO MIRA;2
SAN LUIS DE GACENO;Alma - Oxígeno;ALMA - OXÍGENO;1
SAN LUIS DE GACENO;Hector David Chaparro Chaparro;PARTIDO LIBERAL COLOMBIANO;1
SAN LUIS DE GACENO;Jairo Enrique Castiblanco Parra;PARTIDO DE LA U - PARTIDO MIRA;1
SAN LUIS DE GACENO;Javier Araque Elaica;PARTIDO POLÍTICO DIGNIDAD & COMPROMISO;1
SAN LUIS DE GACENO;Jose De Los Angeles Fernandez Palacios;PARTIDO POLÍTICO DIGNIDAD & COMPROMISO;1
SAN LUIS DE GACENO;Jose Santiago Castañeda Valencia;ASTECA;1
SAN LUIS DE GACENO;Olga Lucia Cruz Cuevas;ALMA - OXÍGENO;1
SAN LUIS DE GACENO;Partido De La U - Partido Mira;PARTIDO DE LA U - PARTIDO MIRA;1
SAN LUIS DE GACENO;Partido Político Dignidad & Compromiso;PARTIDO POLÍTICO DIGNIDAD & COMPROMISO;1
SAN LUIS DE GACENO;Ricardo Antonio Agudelo Guiza;ALMA - OXÍGENO;1
SAN MATEO;Ingrid Marlen Sogamoso Alfonso;PARTIDO CONSERVADOR - MOVIMIENTO SALVACIÓN NACIONAL;388
SAN MATEO;Yamit Noe Hurtado Neira;PARTIDO ALIANZA VERDE;290
SAN MATEO;Partido Centro Democrático;PARTIDO CENTRO DEMOCRÁTICO;94
SAN MATEO;Jaime Raul Salamanca Torres;PARTIDO ALIANZA VERDE;90
SAN MATEO;Eduar Alexis Triana Rincon;PARTIDO CENTRO DEMOCRÁTICO;89
SAN MATEO;Jairo Enrique Castiblanco Parra;PARTIDO DE LA U - PARTIDO MIRA;70
SAN MATEO;Pacto Histórico Boyacá;PACTO HISTÓRICO BOYACÁ;70
SAN MATEO;Fabian Camilo Rojas Barrera;CR-NUEVO LIBERALISMO;55
SAN MATEO;Ramiro Barragan Adame;PARTIDO ALIANZA VERDE;37
SAN MATEO;Delci Del Carmen Urbano;PARTIDO CENTRO DEMOCRÁTICO;33
SAN MATEO;Vicente Anibal Ojeda Martinez;CR-NUEVO LIBERALISMO;29
SAN MATEO;Oscar Leonardo Avila Romero;PARTIDO LIBERAL COLOMBIANO;28
SAN MATEO;Partido Alianza Verde;PARTIDO ALIANZA VERDE;27
SAN MATEO;Hector David Chaparro Chaparro;PARTIDO LIBERAL COLOMBIANO;20
SAN MATEO;Camilo Andres Caicedo Silva;PARTIDO LIBERAL COLOMBIANO;18
SAN MATEO;Partido Conservador - Movimiento Salvación Naciona L;PARTIDO CONSERVADOR - MOVIMIENTO SALVACIÓN NACIONAL;18
SAN MATEO;Wilder Ivan Suesca Ochoa;PARTIDO CONSERVADOR - MOVIMIENTO SALVACIÓN NACIONAL;15
SAN MATEO;Vivian Andrea Nieto Florez;PARTIDO ALIANZA VERDE;14
SAN MATEO;Hernel David Ortega Gomez;PARTIDO CONSERVADOR - MOVIMIENTO SALVACIÓN NACIONAL;13
SAN MATEO;Kenda Lucia Caldera Garavito;PARTIDO CENTRO DEMOCRÁTICO;13
SAN MATEO;Nadia Alexandra Carreño Avella;CR-NUEVO LIBERALISMO;12
SAN MATEO;Diana Paola Herrera Nuñez;PARTIDO LIBERAL COLOMBIANO;11
SAN MATEO;Fredy Alexander Garzon Rojas;PARTIDO CENTRO DEMOCRÁTICO;10
SAN MATEO;Jicly Esgardo Mutis Isaza;PARTIDO CENTRO DEMOCRÁTICO;9
SAN MATEO;Gloria Cecilia Palacios Guastar;PARTIDO CONSERVADOR - MOVIMIENTO SALVACIÓN NACIONAL;7
SAN MATEO;Oscar Yovany Montenegro Salcedo;CR-NUEVO LIBERALISMO;7
SAN MATEO;Eduardo David Suarez Moreno;ALMA - OXÍGENO;6
SAN MATEO;Jose Dario Mahecha Castillo;PARTIDO CONSERVADOR - MOVIMIENTO SALVACIÓN NACIONAL;6
SAN MATEO;Adelinda Numpaque Sarmiento;PARTIDO ALIANZA VERDE;5
SAN MATEO;Laura Cristina Monroy Bayona;CR-NUEVO LIBERALISMO;5
SAN MATEO;Olga Lucia Cruz Cuevas;ALMA - OXÍGENO;5
SAN MATEO;Alma - Oxígeno;ALMA - OXÍGENO;3
SAN MATEO;Cr-Nuevo Liberalismo;CR-NUEVO LIBERALISMO;3
SAN MATEO;Graciela Ramirez Monroy;PARTIDO POLÍTICO DIGNIDAD & COMPROMISO;3
SAN MATEO;Hector Josue Camacho Acosta;CR-NUEVO LIBERALISMO;3
SAN MATEO;Jhonatan David Holguin Cruz;PARTIDO CENTRO DEMOCRÁTICO;3
SAN MATEO;Consejo Comunitario El Naranjo;CONSEJO COMUNITARIO EL NARANJO;2
SAN MATEO;Partido Liberal Colombiano;PARTIDO LIBERAL COLOMBIANO;2
SAN MATEO;Giovanny Andres Gomez Palomino;ALMA - OXÍGENO;1
SAN MATEO;Javier Araque Elaica;PARTIDO POLÍTICO DIGNIDAD & COMPROMISO;1
SAN MATEO;John Alberto Moreno Galindo;PARTIDO CONSERVADOR - MOVIMIENTO SALVACIÓN NACIONAL;1
SAN MATEO;Nancy Yaneth Zapata Pachon;PARTIDO DE LA U - PARTIDO MIRA;1
SAN MATEO;Partido Político Dignidad & Compromiso;PARTIDO POLÍTICO DIGNIDAD & COMPROMISO;1
SAN MATEO;Rumaldo Rojas Ramirez;ALMA - OXÍGENO;1
SAN MATEO;William Donato Gomez;PARTIDO ALIANZA VERDE;1
SAN MATEO;Yury Neill Diaz Aranguren;PARTIDO DE LA U - PARTIDO MIRA;1
SAN MIGUEL DE SEMA;Hector David Chaparro Chaparro;PARTIDO LIBERAL COLOMBIANO;207
SAN MIGUEL DE SEMA;Wilder Ivan Suesca Ochoa;PARTIDO CONSERVADOR - MOVIMIENTO SALVACIÓN NACIONAL;146
SAN MIGUEL DE SEMA;Pacto Histórico Boyacá;PACTO HISTÓRICO BOYACÁ;140
SAN MIGUEL DE SEMA;Ramiro Barragan Adame;PARTIDO ALIANZA VERDE;106
SAN MIGUEL DE SEMA;Partido Centro Democrático;PARTIDO CENTRO DEMOCRÁTICO;44
SAN MIGUEL DE SEMA;Eduar Alexis Triana Rincon;PARTIDO CENTRO DEMOCRÁTICO;43
SAN MIGUEL DE SEMA;Jose Dario Mahecha Castillo;PARTIDO CONSERVADOR - MOVIMIENTO SALVACIÓN NACIONAL;31
SAN MIGUEL DE SEMA;Partido Liberal Colombiano;PARTIDO LIBERAL COLOMBIANO;27
SAN MIGUEL DE SEMA;Jaime Raul Salamanca Torres;PARTIDO ALIANZA VERDE;26
SAN MIGUEL DE SEMA;Partido Conservador - Movimiento Salvación Naciona L;PARTIDO CONSERVADOR - MOVIMIENTO SALVACIÓN NACIONAL;25
SAN MIGUEL DE SEMA;Yamit Noe Hurtado Neira;PARTIDO ALIANZA VERDE;23
SAN MIGUEL DE SEMA;Jicly Esgardo Mutis Isaza;PARTIDO CENTRO DEMOCRÁTICO;22
SAN MIGUEL DE SEMA;Jairo Enrique Castiblanco Parra;PARTIDO DE LA U - PARTIDO MIRA;20
SAN MIGUEL DE SEMA;Partido Alianza Verde;PARTIDO ALIANZA VERDE;19
SAN MIGUEL DE SEMA;Vivian Andrea Nieto Florez;PARTIDO ALIANZA VERDE;19
SAN MIGUEL DE SEMA;Hector Josue Camacho Acosta;CR-NUEVO LIBERALISMO;18
SAN MIGUEL DE SEMA;Diana Paola Herrera Nuñez;PARTIDO LIBERAL COLOMBIANO;17
SAN MIGUEL DE SEMA;Hernel David Ortega Gomez;PARTIDO CONSERVADOR - MOVIMIENTO SALVACIÓN NACIONAL;17
SAN MIGUEL DE SEMA;Camilo Andres Caicedo Silva;PARTIDO LIBERAL COLOMBIANO;15
SAN MIGUEL DE SEMA;Nancy Yaneth Zapata Pachon;PARTIDO DE LA U - PARTIDO MIRA;15
SAN MIGUEL DE SEMA;Fredy Alexander Garzon Rojas;PARTIDO CENTRO DEMOCRÁTICO;14
SAN MIGUEL DE SEMA;Delci Del Carmen Urbano;PARTIDO CENTRO DEMOCRÁTICO;13
SAN MIGUEL DE SEMA;Oscar Leonardo Avila Romero;PARTIDO LIBERAL COLOMBIANO;13
SAN MIGUEL DE SEMA;Ingrid Marlen Sogamoso Alfonso;PARTIDO CONSERVADOR - MOVIMIENTO SALVACIÓN NACIONAL;11
SAN MIGUEL DE SEMA;Nubia Jacqueline Caro Perez;PARTIDO LIBERAL COLOMBIANO;9
SAN MIGUEL DE SEMA;Eduardo David Suarez Moreno;ALMA - OXÍGENO;6
SAN MIGUEL DE SEMA;Fabian Camilo Rojas Barrera;CR-NUEVO LIBERALISMO;6
SAN MIGUEL DE SEMA;Oscar Yovany Montenegro Salcedo;CR-NUEVO LIBERALISMO;6
SAN MIGUEL DE SEMA;Jhonatan David Holguin Cruz;PARTIDO CENTRO DEMOCRÁTICO;5
SAN MIGUEL DE SEMA;John Alberto Moreno Galindo;PARTIDO CONSERVADOR - MOVIMIENTO SALVACIÓN NACIONAL;5
SAN MIGUEL DE SEMA;Partido De La U - Partido Mira;PARTIDO DE LA U - PARTIDO MIRA;5
SAN MIGUEL DE SEMA;Adelinda Numpaque Sarmiento;PARTIDO ALIANZA VERDE;4
SAN MIGUEL DE SEMA;Gloria Cecilia Palacios Guastar;PARTIDO CONSERVADOR - MOVIMIENTO SALVACIÓN NACIONAL;4
SAN MIGUEL DE SEMA;Humphrey Roa Sarmiento;PARTIDO DE LA U - PARTIDO MIRA;4
SAN MIGUEL DE SEMA;Kenda Lucia Caldera Garavito;PARTIDO CENTRO DEMOCRÁTICO;4
SAN MIGUEL DE SEMA;Nadia Alexandra Carreño Avella;CR-NUEVO LIBERALISMO;4
SAN MIGUEL DE SEMA;Nicolas Felipe Urbano Villamil;PARTIDO LIBERAL COLOMBIANO;4
SAN MIGUEL DE SEMA;Alma - Oxígeno;ALMA - OXÍGENO;3
SAN MIGUEL DE SEMA;Laura Cristina Monroy Bayona;CR-NUEVO LIBERALISMO;3
SAN MIGUEL DE SEMA;Vicente Anibal Ojeda Martinez;CR-NUEVO LIBERALISMO;3
SAN MIGUEL DE SEMA;William Donato Gomez;PARTIDO ALIANZA VERDE;3
SAN MIGUEL DE SEMA;Consejo Comunitario El Naranjo;CONSEJO COMUNITARIO EL NARANJO;2
SAN MIGUEL DE SEMA;Cr-Nuevo Liberalismo;CR-NUEVO LIBERALISMO;2
SAN MIGUEL DE SEMA;Olga Lucia Cruz Cuevas;ALMA - OXÍGENO;2
SAN MIGUEL DE SEMA;Edgar Fernando Farfan Corzo;PARTIDO POLÍTICO DIGNIDAD & COMPROMISO;1
SAN MIGUEL DE SEMA;Giovanny Andres Gomez Palomino;ALMA - OXÍGENO;1
SAN MIGUEL DE SEMA;Graciela Ramirez Monroy;PARTIDO POLÍTICO DIGNIDAD & COMPROMISO;1
SAN MIGUEL DE SEMA;Libi Puerto Granados;PARTIDO DE LA U - PARTIDO MIRA;1
SAN MIGUEL DE SEMA;Yury Neill Diaz Aranguren;PARTIDO DE LA U - PARTIDO MIRA;1
SAN PABLO DE BORBUR;Eduar Alexis Triana Rincon;PARTIDO CENTRO DEMOCRÁTICO;604
SAN PABLO DE BORBUR;Jose Dario Mahecha Castillo;PARTIDO CONSERVADOR - MOVIMIENTO SALVACIÓN NACIONAL;585
SAN PABLO DE BORBUR;Jicly Esgardo Mutis Isaza;PARTIDO CENTRO DEMOCRÁTICO;417
SAN PABLO DE BORBUR;Pacto Histórico Boyacá;PACTO HISTÓRICO BOYACÁ;162
SAN PABLO DE BORBUR;Hector David Chaparro Chaparro;PARTIDO LIBERAL COLOMBIANO;125
SAN PABLO DE BORBUR;Nicolas Felipe Urbano Villamil;PARTIDO LIBERAL COLOMBIANO;116
SAN PABLO DE BORBUR;Partido Centro Democrático;PARTIDO CENTRO DEMOCRÁTICO;115
SAN PABLO DE BORBUR;Fabian Camilo Rojas Barrera;CR-NUEVO LIBERALISMO;77
SAN PABLO DE BORBUR;Jairo Enrique Castiblanco Parra;PARTIDO DE LA U - PARTIDO MIRA;71
SAN PABLO DE BORBUR;Yamit Noe Hurtado Neira;PARTIDO ALIANZA VERDE;65
SAN PABLO DE BORBUR;Hector Josue Camacho Acosta;CR-NUEVO LIBERALISMO;62
SAN PABLO DE BORBUR;Hernel David Ortega Gomez;PARTIDO CONSERVADOR - MOVIMIENTO SALVACIÓN NACIONAL;45
SAN PABLO DE BORBUR;Jaime Raul Salamanca Torres;PARTIDO ALIANZA VERDE;44
SAN PABLO DE BORBUR;Partido Conservador - Movimiento Salvación Naciona L;PARTIDO CONSERVADOR - MOVIMIENTO SALVACIÓN NACIONAL;33
SAN PABLO DE BORBUR;Diana Paola Herrera Nuñez;PARTIDO LIBERAL COLOMBIANO;29
SAN PABLO DE BORBUR;Vivian Andrea Nieto Florez;PARTIDO ALIANZA VERDE;29
SAN PABLO DE BORBUR;Nancy Yaneth Zapata Pachon;PARTIDO DE LA U - PARTIDO MIRA;28
SAN PABLO DE BORBUR;Adelinda Numpaque Sarmiento;PARTIDO ALIANZA VERDE;20
SAN PABLO DE BORBUR;Ingrid Marlen Sogamoso Alfonso;PARTIDO CONSERVADOR - MOVIMIENTO SALVACIÓN NACIONAL;19
SAN PABLO DE BORBUR;Partido Alianza Verde;PARTIDO ALIANZA VERDE;18
SAN PABLO DE BORBUR;Wilder Ivan Suesca Ochoa;PARTIDO CONSERVADOR - MOVIMIENTO SALVACIÓN NACIONAL;17
SAN PABLO DE BORBUR;Delci Del Carmen Urbano;PARTIDO CENTRO DEMOCRÁTICO;13
SAN PABLO DE BORBUR;Partido Liberal Colombiano;PARTIDO LIBERAL COLOMBIANO;13
SAN PABLO DE BORBUR;Ramiro Barragan Adame;PARTIDO ALIANZA VERDE;11
SAN PABLO DE BORBUR;Jhonatan David Holguin Cruz;PARTIDO CENTRO DEMOCRÁTICO;8
SAN PABLO DE BORBUR;Camilo Andres Caicedo Silva;PARTIDO LIBERAL COLOMBIANO;7
SAN PABLO DE BORBUR;Manuel Steven Alvarez Pulido;PARTIDO DE LA U - PARTIDO MIRA;7
SAN PABLO DE BORBUR;Giovanny Andres Gomez Palomino;ALMA - OXÍGENO;6
SAN PABLO DE BORBUR;Olga Lucia Cruz Cuevas;ALMA - OXÍGENO;6
SAN PABLO DE BORBUR;Eduardo David Suarez Moreno;ALMA - OXÍGENO;5
SAN PABLO DE BORBUR;Fredy Alexander Garzon Rojas;PARTIDO CENTRO DEMOCRÁTICO;5
SAN PABLO DE BORBUR;Humphrey Roa Sarmiento;PARTIDO DE LA U - PARTIDO MIRA;5
SAN PABLO DE BORBUR;Javier Araque Elaica;PARTIDO POLÍTICO DIGNIDAD & COMPROMISO;4
SAN PABLO DE BORBUR;John Alberto Moreno Galindo;PARTIDO CONSERVADOR - MOVIMIENTO SALVACIÓN NACIONAL;4
SAN PABLO DE BORBUR;Jose De Los Angeles Fernandez Palacios;PARTIDO POLÍTICO DIGNIDAD & COMPROMISO;4
SAN PABLO DE BORBUR;Kenda Lucia Caldera Garavito;PARTIDO CENTRO DEMOCRÁTICO;4
SAN PABLO DE BORBUR;Partido De La U - Partido Mira;PARTIDO DE LA U - PARTIDO MIRA;4
SAN PABLO DE BORBUR;Oscar Leonardo Avila Romero;PARTIDO LIBERAL COLOMBIANO;3
SAN PABLO DE BORBUR;Oscar Yovany Montenegro Salcedo;CR-NUEVO LIBERALISMO;3
SAN PABLO DE BORBUR;William Donato Gomez;PARTIDO ALIANZA VERDE;3
SAN PABLO DE BORBUR;Alma - Oxígeno;ALMA - OXÍGENO;2
SAN PABLO DE BORBUR;Cr-Nuevo Liberalismo;CR-NUEVO LIBERALISMO;2
SAN PABLO DE BORBUR;Gloria Cecilia Palacios Guastar;PARTIDO CONSERVADOR - MOVIMIENTO SALVACIÓN NACIONAL;2
SAN PABLO DE BORBUR;Nubia Jacqueline Caro Perez;PARTIDO LIBERAL COLOMBIANO;2
SAN PABLO DE BORBUR;Vicente Anibal Ojeda Martinez;CR-NUEVO LIBERALISMO;2
SAN PABLO DE BORBUR;Yury Neill Diaz Aranguren;PARTIDO DE LA U - PARTIDO MIRA;2
SAN PABLO DE BORBUR;Carolina Geiringer Ortega;ALMA - OXÍGENO;1
SAN PABLO DE BORBUR;Consejo Comunitario El Naranjo;CONSEJO COMUNITARIO EL NARANJO;1
SAN PABLO DE BORBUR;Diego Armando Sanchez Arboleda;C.C. DE LA COMUNIDAD NEGRA DE LA VEREDA EL ESFUERZO;1
SAN PABLO DE BORBUR;Graciela Ramirez Monroy;PARTIDO POLÍTICO DIGNIDAD & COMPROMISO;1
SAN PABLO DE BORBUR;Laura Cristina Monroy Bayona;CR-NUEVO LIBERALISMO;1
SAN PABLO DE BORBUR;Layoneth Grandas Villamil;PARTIDO POLÍTICO DIGNIDAD & COMPROMISO;1
SAN PABLO DE BORBUR;Libi Puerto Granados;PARTIDO DE LA U - PARTIDO MIRA;1
SAN PABLO DE BORBUR;Nadia Alexandra Carreño Avella;CR-NUEVO LIBERALISMO;1
SAN PABLO DE BORBUR;Olga Niño Rojas;PARTIDO POLÍTICO DIGNIDAD & COMPROMISO;1
SANTA MARIA;Ingrid Marlen Sogamoso Alfonso;PARTIDO CONSERVADOR - MOVIMIENTO SALVACIÓN NACIONAL;452
SANTA MARIA;Jaime Raul Salamanca Torres;PARTIDO ALIANZA VERDE;332
SANTA MARIA;Pacto Histórico Boyacá;PACTO HISTÓRICO BOYACÁ;194
SANTA MARIA;Jose Dario Mahecha Castillo;PARTIDO CONSERVADOR - MOVIMIENTO SALVACIÓN NACIONAL;71
SANTA MARIA;Ramiro Barragan Adame;PARTIDO ALIANZA VERDE;65
SANTA MARIA;Partido Alianza Verde;PARTIDO ALIANZA VERDE;45
SANTA MARIA;Yamit Noe Hurtado Neira;PARTIDO ALIANZA VERDE;42
SANTA MARIA;Hector David Chaparro Chaparro;PARTIDO LIBERAL COLOMBIANO;31
SANTA MARIA;Partido Centro Democrático;PARTIDO CENTRO DEMOCRÁTICO;29
SANTA MARIA;Fabian Camilo Rojas Barrera;CR-NUEVO LIBERALISMO;23
SANTA MARIA;Delci Del Carmen Urbano;PARTIDO CENTRO DEMOCRÁTICO;21
SANTA MARIA;Partido Conservador - Movimiento Salvación Naciona L;PARTIDO CONSERVADOR - MOVIMIENTO SALVACIÓN NACIONAL;20
SANTA MARIA;Adelinda Numpaque Sarmiento;PARTIDO ALIANZA VERDE;18
SANTA MARIA;Eduar Alexis Triana Rincon;PARTIDO CENTRO DEMOCRÁTICO;12
SANTA MARIA;Oscar Yovany Montenegro Salcedo;CR-NUEVO LIBERALISMO;11
SANTA MARIA;John Alberto Moreno Galindo;PARTIDO CONSERVADOR - MOVIMIENTO SALVACIÓN NACIONAL;8
SANTA MARIA;Vivian Andrea Nieto Florez;PARTIDO ALIANZA VERDE;7
SANTA MARIA;Hector Josue Camacho Acosta;CR-NUEVO LIBERALISMO;6
SANTA MARIA;Jicly Esgardo Mutis Isaza;PARTIDO CENTRO DEMOCRÁTICO;6
SANTA MARIA;Jorge Ivan Mina Lasso;CONSEJO COMUNITARIO MANUEL ZAPATA OLIVELLA DE SAN ANTERO;6
SANTA MARIA;Nancy Yaneth Zapata Pachon;PARTIDO DE LA U - PARTIDO MIRA;5
SANTA MARIA;Hernel David Ortega Gomez;PARTIDO CONSERVADOR - MOVIMIENTO SALVACIÓN NACIONAL;4
SANTA MARIA;Jhonatan David Holguin Cruz;PARTIDO CENTRO DEMOCRÁTICO;4
SANTA MARIA;William Donato Gomez;PARTIDO ALIANZA VERDE;4
SANTA MARIA;Diana Paola Herrera Nuñez;PARTIDO LIBERAL COLOMBIANO;3
SANTA MARIA;Eduardo David Suarez Moreno;ALMA - OXÍGENO;3
SANTA MARIA;Gloria Cecilia Palacios Guastar;PARTIDO CONSERVADOR - MOVIMIENTO SALVACIÓN NACIONAL;3
SANTA MARIA;Nadia Alexandra Carreño Avella;CR-NUEVO LIBERALISMO;3
SANTA MARIA;Nicolas Felipe Urbano Villamil;PARTIDO LIBERAL COLOMBIANO;3
SANTA MARIA;Vicente Anibal Ojeda Martinez;CR-NUEVO LIBERALISMO;3
SANTA MARIA;Wilder Ivan Suesca Ochoa;PARTIDO CONSERVADOR - MOVIMIENTO SALVACIÓN NACIONAL;3
SANTA MARIA;Camilo Andres Caicedo Silva;PARTIDO LIBERAL COLOMBIANO;2
SANTA MARIA;Jairo Enrique Castiblanco Parra;PARTIDO DE LA U - PARTIDO MIRA;2
SANTA MARIA;Oscar Leonardo Avila Romero;PARTIDO LIBERAL COLOMBIANO;2
SANTA MARIA;Partido De La U - Partido Mira;PARTIDO DE LA U - PARTIDO MIRA;2
SANTA MARIA;Partido Liberal Colombiano;PARTIDO LIBERAL COLOMBIANO;2
SANTA MARIA;Afroemprendimiento;AFROEMPRENDIMIENTO;1
SANTA MARIA;Asociación De Cabildos Indígenas Zenú Orico;ASOCIACIÓN DE CABILDOS INDÍGENAS ZENÚ ORICO;1
SANTA MARIA;Carolina Geiringer Ortega;ALMA - OXÍGENO;1
SANTA MARIA;"Consejo Comunitario De Truando - La Teresita ""Coco Trumete""";"CONSEJO COMUNITARIO DE TRUANDO - LA TERESITA ""COCOTRUMETE""";1
SANTA MARIA;Consejo Comunitario El Naranjo;CONSEJO COMUNITARIO EL NARANJO;1
SANTA MARIA;Consejo Comunitario La Gran Vía De Los Remedios;CONSEJO COMUNITARIO LA GRAN VÍA DE LOS REMEDIOS;1
SANTA MARIA;Cr-Nuevo Liberalismo;CR-NUEVO LIBERALISMO;1
SANTA MARIA;Fredy Alexander Garzon Rojas;PARTIDO CENTRO DEMOCRÁTICO;1
SANTA MARIA;Giovanny Andres Gomez Palomino;ALMA - OXÍGENO;1
SANTA MARIA;Jose De Los Angeles Fernandez Palacios;PARTIDO POLÍTICO DIGNIDAD & COMPROMISO;1
SANTA MARIA;Kenda Lucia Caldera Garavito;PARTIDO CENTRO DEMOCRÁTICO;1
SANTA MARIA;Laura Cristina Monroy Bayona;CR-NUEVO LIBERALISMO;1
SANTA MARIA;Olga Lucia Cruz Cuevas;ALMA - OXÍGENO;1
SANTA MARIA;Ricardo Antonio Agudelo Guiza;ALMA - OXÍGENO;1
SANTA ROSA DE VITERBO;Jaime Raul Salamanca Torres;PARTIDO ALIANZA VERDE;828
SANTA ROSA DE VITERBO;Yamit Noe Hurtado Neira;PARTIDO ALIANZA VERDE;800
SANTA ROSA DE VITERBO;Pacto Histórico Boyacá;PACTO HISTÓRICO BOYACÁ;784
SANTA ROSA DE VITERBO;Ramiro Barragan Adame;PARTIDO ALIANZA VERDE;287
SANTA ROSA DE VITERBO;Eduar Alexis Triana Rincon;PARTIDO CENTRO DEMOCRÁTICO;238
SANTA ROSA DE VITERBO;Jicly Esgardo Mutis Isaza;PARTIDO CENTRO DEMOCRÁTICO;161
SANTA ROSA DE VITERBO;Hector David Chaparro Chaparro;PARTIDO LIBERAL COLOMBIANO;156
SANTA ROSA DE VITERBO;Partido Centro Democrático;PARTIDO CENTRO DEMOCRÁTICO;137
SANTA ROSA DE VITERBO;Wilder Ivan Suesca Ochoa;PARTIDO CONSERVADOR - MOVIMIENTO SALVACIÓN NACIONAL;127
SANTA ROSA DE VITERBO;Hernel David Ortega Gomez;PARTIDO CONSERVADOR - MOVIMIENTO SALVACIÓN NACIONAL;101
SANTA ROSA DE VITERBO;Diana Paola Herrera Nuñez;PARTIDO LIBERAL COLOMBIANO;98
SANTA ROSA DE VITERBO;Fabian Camilo Rojas Barrera;CR-NUEVO LIBERALISMO;89
SANTA ROSA DE VITERBO;Vivian Andrea Nieto Florez;PARTIDO ALIANZA VERDE;87
SANTA ROSA DE VITERBO;Oscar Leonardo Avila Romero;PARTIDO LIBERAL COLOMBIANO;85
SANTA ROSA DE VITERBO;Partido Alianza Verde;PARTIDO ALIANZA VERDE;76
SANTA ROSA DE VITERBO;Jairo Enrique Castiblanco Parra;PARTIDO DE LA U - PARTIDO MIRA;65
SANTA ROSA DE VITERBO;Gloria Cecilia Palacios Guastar;PARTIDO CONSERVADOR - MOVIMIENTO SALVACIÓN NACIONAL;54
SANTA ROSA DE VITERBO;Yury Neill Diaz Aranguren;PARTIDO DE LA U - PARTIDO MIRA;42
SANTA ROSA DE VITERBO;Ingrid Marlen Sogamoso Alfonso;PARTIDO CONSERVADOR - MOVIMIENTO SALVACIÓN NACIONAL;41
SANTA ROSA DE VITERBO;Delci Del Carmen Urbano;PARTIDO CENTRO DEMOCRÁTICO;38
SANTA ROSA DE VITERBO;Partido Conservador - Movimiento Salvación Naciona L;PARTIDO CONSERVADOR - MOVIMIENTO SALVACIÓN NACIONAL;37
SANTA ROSA DE VITERBO;Jose Dario Mahecha Castillo;PARTIDO CONSERVADOR - MOVIMIENTO SALVACIÓN NACIONAL;36
SANTA ROSA DE VITERBO;Adelinda Numpaque Sarmiento;PARTIDO ALIANZA VERDE;33
SANTA ROSA DE VITERBO;Hector Josue Camacho Acosta;CR-NUEVO LIBERALISMO;29
SANTA ROSA DE VITERBO;William Donato Gomez;PARTIDO ALIANZA VERDE;25
SANTA ROSA DE VITERBO;Humphrey Roa Sarmiento;PARTIDO DE LA U - PARTIDO MIRA;24
SANTA ROSA DE VITERBO;Nancy Yaneth Zapata Pachon;PARTIDO DE LA U - PARTIDO MIRA;21
SANTA ROSA DE VITERBO;Oscar Yovany Montenegro Salcedo;CR-NUEVO LIBERALISMO;20
SANTA ROSA DE VITERBO;Nicolas Felipe Urbano Villamil;PARTIDO LIBERAL COLOMBIANO;17
SANTA ROSA DE VITERBO;Fredy Alexander Garzon Rojas;PARTIDO CENTRO DEMOCRÁTICO;16
SANTA ROSA DE VITERBO;Partido Liberal Colombiano;PARTIDO LIBERAL COLOMBIANO;16
SANTA ROSA DE VITERBO;Giovanny Andres Gomez Palomino;ALMA - OXÍGENO;15
SANTA ROSA DE VITERBO;Jhonatan David Holguin Cruz;PARTIDO CENTRO DEMOCRÁTICO;14
SANTA ROSA DE VITERBO;John Alberto Moreno Galindo;PARTIDO CONSERVADOR - MOVIMIENTO SALVACIÓN NACIONAL;13
SANTA ROSA DE VITERBO;Vicente Anibal Ojeda Martinez;CR-NUEVO LIBERALISMO;13
SANTA ROSA DE VITERBO;Consejo Comunitario El Naranjo;CONSEJO COMUNITARIO EL NARANJO;12
SANTA ROSA DE VITERBO;Cr-Nuevo Liberalismo;CR-NUEVO LIBERALISMO;12
SANTA ROSA DE VITERBO;Kenda Lucia Caldera Garavito;PARTIDO CENTRO DEMOCRÁTICO;12
SANTA ROSA DE VITERBO;Nadia Alexandra Carreño Avella;CR-NUEVO LIBERALISMO;8
SANTA ROSA DE VITERBO;Javier Araque Elaica;PARTIDO POLÍTICO DIGNIDAD & COMPROMISO;7
SANTA ROSA DE VITERBO;Laura Cristina Monroy Bayona;CR-NUEVO LIBERALISMO;6
SANTA ROSA DE VITERBO;Partido De La U - Partido Mira;PARTIDO DE LA U - PARTIDO MIRA;6
SANTA ROSA DE VITERBO;Eduardo David Suarez Moreno;ALMA - OXÍGENO;5
SANTA ROSA DE VITERBO;Olga Lucia Cruz Cuevas;ALMA - OXÍGENO;5
SANTA ROSA DE VITERBO;Ricardo Antonio Agudelo Guiza;ALMA - OXÍGENO;5
SANTA ROSA DE VITERBO;Alma - Oxígeno;ALMA - OXÍGENO;4
SANTA ROSA DE VITERBO;Edgar Fernando Farfan Corzo;PARTIDO POLÍTICO DIGNIDAD & COMPROMISO;4
SANTA ROSA DE VITERBO;Camilo Andres Caicedo Silva;PARTIDO LIBERAL COLOMBIANO;3
SANTA ROSA DE VITERBO;Graciela Ramirez Monroy;PARTIDO POLÍTICO DIGNIDAD & COMPROMISO;3
SANTA ROSA DE VITERBO;Nubia Jacqueline Caro Perez;PARTIDO LIBERAL COLOMBIANO;3
SANTA ROSA DE VITERBO;Olga Niño Rojas;PARTIDO POLÍTICO DIGNIDAD & COMPROMISO;3
SANTA ROSA DE VITERBO;Rumaldo Rojas Ramirez;ALMA - OXÍGENO;3
SANTA ROSA DE VITERBO;Carolina Geiringer Ortega;ALMA - OXÍGENO;2
SANTA ROSA DE VITERBO;Jose De Los Angeles Fernandez Palacios;PARTIDO POLÍTICO DIGNIDAD & COMPROMISO;2
SANTA ROSA DE VITERBO;Libi Puerto Granados;PARTIDO DE LA U - PARTIDO MIRA;2
SANTA ROSA DE VITERBO;Manuel Steven Alvarez Pulido;PARTIDO DE LA U - PARTIDO MIRA;2
SANTA ROSA DE VITERBO;Partido Político Dignidad & Compromiso;PARTIDO POLÍTICO DIGNIDAD & COMPROMISO;2
SANTA ROSA DE VITERBO;Afroslibres;AFROSLIBRES;1
SANTA ROSA DE VITERBO;Jorge Ivan Mina Lasso;CONSEJO COMUNITARIO MANUEL ZAPATA OLIVELLA DE SAN ANTERO;1
SANTA SOFIA;Yamit Noe Hurtado Neira;PARTIDO ALIANZA VERDE;719
SANTA SOFIA;Pacto Histórico Boyacá;PACTO HISTÓRICO BOYACÁ;102
SANTA SOFIA;Jairo Enrique Castiblanco Parra;PARTIDO DE LA U - PARTIDO MIRA;97
SANTA SOFIA;Partido Centro Democrático;PARTIDO CENTRO DEMOCRÁTICO;55
SANTA SOFIA;Ramiro Barragan Adame;PARTIDO ALIANZA VERDE;55
SANTA SOFIA;Jaime Raul Salamanca Torres;PARTIDO ALIANZA VERDE;43
SANTA SOFIA;Edgar Fernando Farfan Corzo;PARTIDO POLÍTICO DIGNIDAD & COMPROMISO;37
SANTA SOFIA;Diana Paola Herrera Nuñez;PARTIDO LIBERAL COLOMBIANO;36
SANTA SOFIA;Eduar Alexis Triana Rincon;PARTIDO CENTRO DEMOCRÁTICO;35
SANTA SOFIA;Jicly Esgardo Mutis Isaza;PARTIDO CENTRO DEMOCRÁTICO;35
SANTA SOFIA;Wilder Ivan Suesca Ochoa;PARTIDO CONSERVADOR - MOVIMIENTO SALVACIÓN NACIONAL;35
SANTA SOFIA;Delci Del Carmen Urbano;PARTIDO CENTRO DEMOCRÁTICO;29
SANTA SOFIA;Partido Alianza Verde;PARTIDO ALIANZA VERDE;26
SANTA SOFIA;Hector David Chaparro Chaparro;PARTIDO LIBERAL COLOMBIANO;22
SANTA SOFIA;Jose Dario Mahecha Castillo;PARTIDO CONSERVADOR - MOVIMIENTO SALVACIÓN NACIONAL;17
SANTA SOFIA;Ingrid Marlen Sogamoso Alfonso;PARTIDO CONSERVADOR - MOVIMIENTO SALVACIÓN NACIONAL;16
SANTA SOFIA;Adelinda Numpaque Sarmiento;PARTIDO ALIANZA VERDE;14
SANTA SOFIA;Partido Conservador - Movimiento Salvación Naciona L;PARTIDO CONSERVADOR - MOVIMIENTO SALVACIÓN NACIONAL;14
SANTA SOFIA;Fredy Alexander Garzon Rojas;PARTIDO CENTRO DEMOCRÁTICO;13
SANTA SOFIA;Fabian Camilo Rojas Barrera;CR-NUEVO LIBERALISMO;11
SANTA SOFIA;Oscar Leonardo Avila Romero;PARTIDO LIBERAL COLOMBIANO;10
SANTA SOFIA;Oscar Yovany Montenegro Salcedo;CR-NUEVO LIBERALISMO;10
SANTA SOFIA;Humphrey Roa Sarmiento;PARTIDO DE LA U - PARTIDO MIRA;7
SANTA SOFIA;Vivian Andrea Nieto Florez;PARTIDO ALIANZA VERDE;7
SANTA SOFIA;Gloria Cecilia Palacios Guastar;PARTIDO CONSERVADOR - MOVIMIENTO SALVACIÓN NACIONAL;6
SANTA SOFIA;Jhonatan David Holguin Cruz;PARTIDO CENTRO DEMOCRÁTICO;6
SANTA SOFIA;John Alberto Moreno Galindo;PARTIDO CONSERVADOR - MOVIMIENTO SALVACIÓN NACIONAL;6
SANTA SOFIA;Nadia Alexandra Carreño Avella;CR-NUEVO LIBERALISMO;6
SANTA SOFIA;William Donato Gomez;PARTIDO ALIANZA VERDE;6
SANTA SOFIA;Nicolas Felipe Urbano Villamil;PARTIDO LIBERAL COLOMBIANO;5
SANTA SOFIA;Kenda Lucia Caldera Garavito;PARTIDO CENTRO DEMOCRÁTICO;4
SANTA SOFIA;Nancy Yaneth Zapata Pachon;PARTIDO DE LA U - PARTIDO MIRA;4
SANTA SOFIA;Alma - Oxígeno;ALMA - OXÍGENO;3
SANTA SOFIA;Eduardo David Suarez Moreno;ALMA - OXÍGENO;3
SANTA SOFIA;Giovanny Andres Gomez Palomino;ALMA - OXÍGENO;3
SANTA SOFIA;Graciela Ramirez Monroy;PARTIDO POLÍTICO DIGNIDAD & COMPROMISO;3
SANTA SOFIA;Hernel David Ortega Gomez;PARTIDO CONSERVADOR - MOVIMIENTO SALVACIÓN NACIONAL;3
SANTA SOFIA;Partido Político Dignidad & Compromiso;PARTIDO POLÍTICO DIGNIDAD & COMPROMISO;3
SANTA SOFIA;Yury Neill Diaz Aranguren;PARTIDO DE LA U - PARTIDO MIRA;3
SANTA SOFIA;Camilo Andres Caicedo Silva;PARTIDO LIBERAL COLOMBIANO;2
SANTA SOFIA;Cr-Nuevo Liberalismo;CR-NUEVO LIBERALISMO;2
SANTA SOFIA;Hector Josue Camacho Acosta;CR-NUEVO LIBERALISMO;2
SANTA SOFIA;Ricardo Antonio Agudelo Guiza;ALMA - OXÍGENO;2
SANTA SOFIA;Consejo Comunitario La Gran Vía De Los Remedios;CONSEJO COMUNITARIO LA GRAN VÍA DE LOS REMEDIOS;1
SANTA SOFIA;Diego Armando Sanchez Arboleda;C.C. DE LA COMUNIDAD NEGRA DE LA VEREDA EL ESFUERZO;1
SANTA SOFIA;Jose De Los Angeles Fernandez Palacios;PARTIDO POLÍTICO DIGNIDAD & COMPROMISO;1
SANTA SOFIA;Laura Cristina Monroy Bayona;CR-NUEVO LIBERALISMO;1
SANTA SOFIA;Manuel Steven Alvarez Pulido;PARTIDO DE LA U - PARTIDO MIRA;1
SANTA SOFIA;Olga Niño Rojas;PARTIDO POLÍTICO DIGNIDAD & COMPROMISO;1
SANTA SOFIA;Partido De La U - Partido Mira;PARTIDO DE LA U - PARTIDO MIRA;1
SANTA SOFIA;Vicente Anibal Ojeda Martinez;CR-NUEVO LIBERALISMO;1
SANTANA;Eduar Alexis Triana Rincon;PARTIDO CENTRO DEMOCRÁTICO;510
SANTANA;Jaime Raul Salamanca Torres;PARTIDO ALIANZA VERDE;444
SANTANA;Hector David Chaparro Chaparro;PARTIDO LIBERAL COLOMBIANO;376
SANTANA;Pacto Histórico Boyacá;PACTO HISTÓRICO BOYACÁ;338
SANTANA;Yamit Noe Hurtado Neira;PARTIDO ALIANZA VERDE;272
SANTANA;Gloria Cecilia Palacios Guastar;PARTIDO CONSERVADOR - MOVIMIENTO SALVACIÓN NACIONAL;105
SANTANA;Ramiro Barragan Adame;PARTIDO ALIANZA VERDE;98
SANTANA;Fabian Camilo Rojas Barrera;CR-NUEVO LIBERALISMO;81
SANTANA;Partido Centro Democrático;PARTIDO CENTRO DEMOCRÁTICO;61
SANTANA;Hernel David Ortega Gomez;PARTIDO CONSERVADOR - MOVIMIENTO SALVACIÓN NACIONAL;48
SANTANA;Vivian Andrea Nieto Florez;PARTIDO ALIANZA VERDE;46
SANTANA;Partido Alianza Verde;PARTIDO ALIANZA VERDE;41
SANTANA;Jhonatan David Holguin Cruz;PARTIDO CENTRO DEMOCRÁTICO;37
SANTANA;Oscar Yovany Montenegro Salcedo;CR-NUEVO LIBERALISMO;37
SANTANA;Ingrid Marlen Sogamoso Alfonso;PARTIDO CONSERVADOR - MOVIMIENTO SALVACIÓN NACIONAL;30
SANTANA;Diana Paola Herrera Nuñez;PARTIDO LIBERAL COLOMBIANO;28
SANTANA;Jicly Esgardo Mutis Isaza;PARTIDO CENTRO DEMOCRÁTICO;28
SANTANA;Delci Del Carmen Urbano;PARTIDO CENTRO DEMOCRÁTICO;26
SANTANA;Nancy Yaneth Zapata Pachon;PARTIDO DE LA U - PARTIDO MIRA;26
SANTANA;Partido Liberal Colombiano;PARTIDO LIBERAL COLOMBIANO;24
SANTANA;Partido Conservador - Movimiento Salvación Naciona L;PARTIDO CONSERVADOR - MOVIMIENTO SALVACIÓN NACIONAL;21
SANTANA;Wilder Ivan Suesca Ochoa;PARTIDO CONSERVADOR - MOVIMIENTO SALVACIÓN NACIONAL;19
SANTANA;Jose Dario Mahecha Castillo;PARTIDO CONSERVADOR - MOVIMIENTO SALVACIÓN NACIONAL;18
SANTANA;Adelinda Numpaque Sarmiento;PARTIDO ALIANZA VERDE;12
SANTANA;Consejo Comunitario El Naranjo;CONSEJO COMUNITARIO EL NARANJO;11
SANTANA;Kenda Lucia Caldera Garavito;PARTIDO CENTRO DEMOCRÁTICO;11
SANTANA;William Donato Gomez;PARTIDO ALIANZA VERDE;11
SANTANA;Nicolas Felipe Urbano Villamil;PARTIDO LIBERAL COLOMBIANO;10
SANTANA;Oscar Leonardo Avila Romero;PARTIDO LIBERAL COLOMBIANO;10
SANTANA;Jairo Enrique Castiblanco Parra;PARTIDO DE LA U - PARTIDO MIRA;9
SANTANA;John Alberto Moreno Galindo;PARTIDO CONSERVADOR - MOVIMIENTO SALVACIÓN NACIONAL;9
SANTANA;Camilo Andres Caicedo Silva;PARTIDO LIBERAL COLOMBIANO;8
SANTANA;Fredy Alexander Garzon Rojas;PARTIDO CENTRO DEMOCRÁTICO;7
SANTANA;Alma - Oxígeno;ALMA - OXÍGENO;5
SANTANA;Cr-Nuevo Liberalismo;CR-NUEVO LIBERALISMO;5
SANTANA;Edgar Fernando Farfan Corzo;PARTIDO POLÍTICO DIGNIDAD & COMPROMISO;5
SANTANA;Libi Puerto Granados;PARTIDO DE LA U - PARTIDO MIRA;5
SANTANA;Nadia Alexandra Carreño Avella;CR-NUEVO LIBERALISMO;5
SANTANA;Nubia Jacqueline Caro Perez;PARTIDO LIBERAL COLOMBIANO;5
SANTANA;Olga Lucia Cruz Cuevas;ALMA - OXÍGENO;5
SANTANA;Hector Josue Camacho Acosta;CR-NUEVO LIBERALISMO;3
SANTANA;Humphrey Roa Sarmiento;PARTIDO DE LA U - PARTIDO MIRA;3
SANTANA;Ricardo Antonio Agudelo Guiza;ALMA - OXÍGENO;3
SANTANA;Yury Neill Diaz Aranguren;PARTIDO DE LA U - PARTIDO MIRA;3
SANTANA;Partido De La U - Partido Mira;PARTIDO DE LA U - PARTIDO MIRA;2
SANTANA;Rumaldo Rojas Ramirez;ALMA - OXÍGENO;2
SANTANA;Vicente Anibal Ojeda Martinez;CR-NUEVO LIBERALISMO;2
SANTANA;Carolina Geiringer Ortega;ALMA - OXÍGENO;1
SANTANA;Eduardo David Suarez Moreno;ALMA - OXÍGENO;1
SANTANA;Javier Araque Elaica;PARTIDO POLÍTICO DIGNIDAD & COMPROMISO;1
SANTANA;Jose De Los Angeles Fernandez Palacios;PARTIDO POLÍTICO DIGNIDAD & COMPROMISO;1
SANTANA;Laura Cristina Monroy Bayona;CR-NUEVO LIBERALISMO;1
SANTANA;Layoneth Grandas Villamil;PARTIDO POLÍTICO DIGNIDAD & COMPROMISO;1
SANTANA;Partido Político Dignidad & Compromiso;PARTIDO POLÍTICO DIGNIDAD & COMPROMISO;1
SATIVANORTE;Jaime Raul Salamanca Torres;PARTIDO ALIANZA VERDE;235
SATIVANORTE;Yamit Noe Hurtado Neira;PARTIDO ALIANZA VERDE;125
SATIVANORTE;Jairo Enrique Castiblanco Parra;PARTIDO DE LA U - PARTIDO MIRA;98
SATIVANORTE;Eduar Alexis Triana Rincon;PARTIDO CENTRO DEMOCRÁTICO;53
SATIVANORTE;Pacto Histórico Boyacá;PACTO HISTÓRICO BOYACÁ;52
SATIVANORTE;Partido Centro Democrático;PARTIDO CENTRO DEMOCRÁTICO;42
SATIVANORTE;Hernel David Ortega Gomez;PARTIDO CONSERVADOR - MOVIMIENTO SALVACIÓN NACIONAL;39
SATIVANORTE;Fabian Camilo Rojas Barrera;CR-NUEVO LIBERALISMO;36
SATIVANORTE;Ramiro Barragan Adame;PARTIDO ALIANZA VERDE;36
SATIVANORTE;Wilder Ivan Suesca Ochoa;PARTIDO CONSERVADOR - MOVIMIENTO SALVACIÓN NACIONAL;33
SATIVANORTE;Jicly Esgardo Mutis Isaza;PARTIDO CENTRO DEMOCRÁTICO;32
SATIVANORTE;Laura Cristina Monroy Bayona;CR-NUEVO LIBERALISMO;28
SATIVANORTE;Partido Alianza Verde;PARTIDO ALIANZA VERDE;20
SATIVANORTE;Delci Del Carmen Urbano;PARTIDO CENTRO DEMOCRÁTICO;19
SATIVANORTE;Hector Josue Camacho Acosta;CR-NUEVO LIBERALISMO;17
SATIVANORTE;Adelinda Numpaque Sarmiento;PARTIDO ALIANZA VERDE;12
SATIVANORTE;Jose Dario Mahecha Castillo;PARTIDO CONSERVADOR - MOVIMIENTO SALVACIÓN NACIONAL;12
SATIVANORTE;Nadia Alexandra Carreño Avella;CR-NUEVO LIBERALISMO;11
SATIVANORTE;Hector David Chaparro Chaparro;PARTIDO LIBERAL COLOMBIANO;7
SATIVANORTE;Partido Conservador - Movimiento Salvación Naciona L;PARTIDO CONSERVADOR - MOVIMIENTO SALVACIÓN NACIONAL;7
SATIVANORTE;Camilo Andres Caicedo Silva;PARTIDO LIBERAL COLOMBIANO;6
SATIVANORTE;Fredy Alexander Garzon Rojas;PARTIDO CENTRO DEMOCRÁTICO;6
SATIVANORTE;Ingrid Marlen Sogamoso Alfonso;PARTIDO CONSERVADOR - MOVIMIENTO SALVACIÓN NACIONAL;4
SATIVANORTE;Kenda Lucia Caldera Garavito;PARTIDO CENTRO DEMOCRÁTICO;4
SATIVANORTE;Nancy Yaneth Zapata Pachon;PARTIDO DE LA U - PARTIDO MIRA;4
SATIVANORTE;Vicente Anibal Ojeda Martinez;CR-NUEVO LIBERALISMO;4
SATIVANORTE;Eduardo David Suarez Moreno;ALMA - OXÍGENO;3
SATIVANORTE;Libi Puerto Granados;PARTIDO DE LA U - PARTIDO MIRA;3
SATIVANORTE;Olga Lucia Cruz Cuevas;ALMA - OXÍGENO;3
SATIVANORTE;Oscar Yovany Montenegro Salcedo;CR-NUEVO LIBERALISMO;3
SATIVANORTE;Ricardo Antonio Agudelo Guiza;ALMA - OXÍGENO;3
SATIVANORTE;Vivian Andrea Nieto Florez;PARTIDO ALIANZA VERDE;3
SATIVANORTE;Yury Neill Diaz Aranguren;PARTIDO DE LA U - PARTIDO MIRA;3
SATIVANORTE;Cr-Nuevo Liberalismo;CR-NUEVO LIBERALISMO;2
SATIVANORTE;Diana Paola Herrera Nuñez;PARTIDO LIBERAL COLOMBIANO;2
SATIVANORTE;Oscar Leonardo Avila Romero;PARTIDO LIBERAL COLOMBIANO;2
SATIVANORTE;Edgar Fernando Farfan Corzo;PARTIDO POLÍTICO DIGNIDAD & COMPROMISO;1
SATIVANORTE;Graciela Ramirez Monroy;PARTIDO POLÍTICO DIGNIDAD & COMPROMISO;1
SATIVANORTE;Humphrey Roa Sarmiento;PARTIDO DE LA U - PARTIDO MIRA;1
SATIVANORTE;John Alberto Moreno Galindo;PARTIDO CONSERVADOR - MOVIMIENTO SALVACIÓN NACIONAL;1
SATIVANORTE;Layoneth Grandas Villamil;PARTIDO POLÍTICO DIGNIDAD & COMPROMISO;1
SATIVANORTE;Nicolas Felipe Urbano Villamil;PARTIDO LIBERAL COLOMBIANO;1
SATIVANORTE;Nubia Jacqueline Caro Perez;PARTIDO LIBERAL COLOMBIANO;1
SATIVANORTE;Olga Niño Rojas;PARTIDO POLÍTICO DIGNIDAD & COMPROMISO;1
SATIVANORTE;Paciano Asprilla Arboleda;"CONSEJO COMUNITARIO DE PIZARRO ""CONCOPI""";1
SATIVANORTE;Partido De La U - Partido Mira;PARTIDO DE LA U - PARTIDO MIRA;1
SATIVANORTE;William Donato Gomez;PARTIDO ALIANZA VERDE;1
SATIVASUR;Yamit Noe Hurtado Neira;PARTIDO ALIANZA VERDE;193
SATIVASUR;Hector David Chaparro Chaparro;PARTIDO LIBERAL COLOMBIANO;76
SATIVASUR;Jaime Raul Salamanca Torres;PARTIDO ALIANZA VERDE;69
SATIVASUR;Jose Dario Mahecha Castillo;PARTIDO CONSERVADOR - MOVIMIENTO SALVACIÓN NACIONAL;50
SATIVASUR;Eduar Alexis Triana Rincon;PARTIDO CENTRO DEMOCRÁTICO;45
SATIVASUR;Pacto Histórico Boyacá;PACTO HISTÓRICO BOYACÁ;30
SATIVASUR;Ramiro Barragan Adame;PARTIDO ALIANZA VERDE;20
SATIVASUR;Oscar Leonardo Avila Romero;PARTIDO LIBERAL COLOMBIANO;18
SATIVASUR;Jairo Enrique Castiblanco Parra;PARTIDO DE LA U - PARTIDO MIRA;16
SATIVASUR;Partido Alianza Verde;PARTIDO ALIANZA VERDE;10
SATIVASUR;Hernel David Ortega Gomez;PARTIDO CONSERVADOR - MOVIMIENTO SALVACIÓN NACIONAL;9
SATIVASUR;Adelinda Numpaque Sarmiento;PARTIDO ALIANZA VERDE;7
SATIVASUR;Fredy Alexander Garzon Rojas;PARTIDO CENTRO DEMOCRÁTICO;7
SATIVASUR;Camilo Andres Caicedo Silva;PARTIDO LIBERAL COLOMBIANO;6
SATIVASUR;Partido Centro Democrático;PARTIDO CENTRO DEMOCRÁTICO;6
SATIVASUR;Fabian Camilo Rojas Barrera;CR-NUEVO LIBERALISMO;5
SATIVASUR;Ingrid Marlen Sogamoso Alfonso;PARTIDO CONSERVADOR - MOVIMIENTO SALVACIÓN NACIONAL;5
SATIVASUR;Vivian Andrea Nieto Florez;PARTIDO ALIANZA VERDE;5
SATIVASUR;Wilder Ivan Suesca Ochoa;PARTIDO CONSERVADOR - MOVIMIENTO SALVACIÓN NACIONAL;5
SATIVASUR;Diana Paola Herrera Nuñez;PARTIDO LIBERAL COLOMBIANO;4
SATIVASUR;Jicly Esgardo Mutis Isaza;PARTIDO CENTRO DEMOCRÁTICO;4
SATIVASUR;Partido Liberal Colombiano;PARTIDO LIBERAL COLOMBIANO;4
SATIVASUR;Yury Neill Diaz Aranguren;PARTIDO DE LA U - PARTIDO MIRA;3
SATIVASUR;Delci Del Carmen Urbano;PARTIDO CENTRO DEMOCRÁTICO;1
SATIVASUR;Edgar Fernando Farfan Corzo;PARTIDO POLÍTICO DIGNIDAD & COMPROMISO;1
SATIVASUR;Eduardo David Suarez Moreno;ALMA - OXÍGENO;1
SATIVASUR;Javier Araque Elaica;PARTIDO POLÍTICO DIGNIDAD & COMPROMISO;1
SATIVASUR;Jhonatan David Holguin Cruz;PARTIDO CENTRO DEMOCRÁTICO;1
SATIVASUR;John Alberto Moreno Galindo;PARTIDO CONSERVADOR - MOVIMIENTO SALVACIÓN NACIONAL;1
SATIVASUR;Kenda Lucia Caldera Garavito;PARTIDO CENTRO DEMOCRÁTICO;1
SATIVASUR;Laura Cristina Monroy Bayona;CR-NUEVO LIBERALISMO;1
SATIVASUR;Libi Puerto Granados;PARTIDO DE LA U - PARTIDO MIRA;1
SATIVASUR;Manuel Steven Alvarez Pulido;PARTIDO DE LA U - PARTIDO MIRA;1
SATIVASUR;Nancy Yaneth Zapata Pachon;PARTIDO DE LA U - PARTIDO MIRA;1
SATIVASUR;Nubia Jacqueline Caro Perez;PARTIDO LIBERAL COLOMBIANO;1
SIACHOQUE;Wilder Ivan Suesca Ochoa;PARTIDO CONSERVADOR - MOVIMIENTO SALVACIÓN NACIONAL;318
SIACHOQUE;Pacto Histórico Boyacá;PACTO HISTÓRICO BOYACÁ;314
SIACHOQUE;Ramiro Barragan Adame;PARTIDO ALIANZA VERDE;209
SIACHOQUE;Eduar Alexis Triana Rincon;PARTIDO CENTRO DEMOCRÁTICO;196
SIACHOQUE;Jaime Raul Salamanca Torres;PARTIDO ALIANZA VERDE;136
SIACHOQUE;Hector David Chaparro Chaparro;PARTIDO LIBERAL COLOMBIANO;129
SIACHOQUE;Oscar Leonardo Avila Romero;PARTIDO LIBERAL COLOMBIANO;85
SIACHOQUE;Yamit Noe Hurtado Neira;PARTIDO ALIANZA VERDE;82
SIACHOQUE;Adelinda Numpaque Sarmiento;PARTIDO ALIANZA VERDE;73
SIACHOQUE;Partido Centro Democrático;PARTIDO CENTRO DEMOCRÁTICO;71
SIACHOQUE;Hernel David Ortega Gomez;PARTIDO CONSERVADOR - MOVIMIENTO SALVACIÓN NACIONAL;69
SIACHOQUE;Diana Paola Herrera Nuñez;PARTIDO LIBERAL COLOMBIANO;53
SIACHOQUE;Partido Alianza Verde;PARTIDO ALIANZA VERDE;51
SIACHOQUE;Jairo Enrique Castiblanco Parra;PARTIDO DE LA U - PARTIDO MIRA;50
SIACHOQUE;Delci Del Carmen Urbano;PARTIDO CENTRO DEMOCRÁTICO;46
SIACHOQUE;Jose Dario Mahecha Castillo;PARTIDO CONSERVADOR - MOVIMIENTO SALVACIÓN NACIONAL;39
SIACHOQUE;Ingrid Marlen Sogamoso Alfonso;PARTIDO CONSERVADOR - MOVIMIENTO SALVACIÓN NACIONAL;28
SIACHOQUE;Partido Conservador - Movimiento Salvación Naciona L;PARTIDO CONSERVADOR - MOVIMIENTO SALVACIÓN NACIONAL;28
SIACHOQUE;Fabian Camilo Rojas Barrera;CR-NUEVO LIBERALISMO;27
SIACHOQUE;Jicly Esgardo Mutis Isaza;PARTIDO CENTRO DEMOCRÁTICO;26
SIACHOQUE;Fredy Alexander Garzon Rojas;PARTIDO CENTRO DEMOCRÁTICO;24
SIACHOQUE;Vivian Andrea Nieto Florez;PARTIDO ALIANZA VERDE;22
SIACHOQUE;Kenda Lucia Caldera Garavito;PARTIDO CENTRO DEMOCRÁTICO;20
SIACHOQUE;Partido Liberal Colombiano;PARTIDO LIBERAL COLOMBIANO;18
SIACHOQUE;Oscar Yovany Montenegro Salcedo;CR-NUEVO LIBERALISMO;17
SIACHOQUE;Vicente Anibal Ojeda Martinez;CR-NUEVO LIBERALISMO;15
SIACHOQUE;William Donato Gomez;PARTIDO ALIANZA VERDE;12
SIACHOQUE;John Alberto Moreno Galindo;PARTIDO CONSERVADOR - MOVIMIENTO SALVACIÓN NACIONAL;11
SIACHOQUE;Laura Cristina Monroy Bayona;CR-NUEVO LIBERALISMO;11
SIACHOQUE;Nadia Alexandra Carreño Avella;CR-NUEVO LIBERALISMO;11
SIACHOQUE;Camilo Andres Caicedo Silva;PARTIDO LIBERAL COLOMBIANO;10
SIACHOQUE;Cr-Nuevo Liberalismo;CR-NUEVO LIBERALISMO;10
SIACHOQUE;Jhonatan David Holguin Cruz;PARTIDO CENTRO DEMOCRÁTICO;9
SIACHOQUE;Nicolas Felipe Urbano Villamil;PARTIDO LIBERAL COLOMBIANO;7
SIACHOQUE;Ricardo Antonio Agudelo Guiza;ALMA - OXÍGENO;7
SIACHOQUE;Hector Josue Camacho Acosta;CR-NUEVO LIBERALISMO;6
SIACHOQUE;Javier Araque Elaica;PARTIDO POLÍTICO DIGNIDAD & COMPROMISO;6
SIACHOQUE;Libi Puerto Granados;PARTIDO DE LA U - PARTIDO MIRA;6
SIACHOQUE;Nancy Yaneth Zapata Pachon;PARTIDO DE LA U - PARTIDO MIRA;6
SIACHOQUE;Nubia Jacqueline Caro Perez;PARTIDO LIBERAL COLOMBIANO;6
SIACHOQUE;Alma - Oxígeno;ALMA - OXÍGENO;5
SIACHOQUE;Eduardo David Suarez Moreno;ALMA - OXÍGENO;5
SIACHOQUE;Manuel Steven Alvarez Pulido;PARTIDO DE LA U - PARTIDO MIRA;5
SIACHOQUE;Carolina Geiringer Ortega;ALMA - OXÍGENO;4
SIACHOQUE;Gloria Cecilia Palacios Guastar;PARTIDO CONSERVADOR - MOVIMIENTO SALVACIÓN NACIONAL;4
SIACHOQUE;Humphrey Roa Sarmiento;PARTIDO DE LA U - PARTIDO MIRA;4
SIACHOQUE;Partido De La U - Partido Mira;PARTIDO DE LA U - PARTIDO MIRA;4
SIACHOQUE;Olga Lucia Cruz Cuevas;ALMA - OXÍGENO;3
SIACHOQUE;Consejo Comunitario El Naranjo;CONSEJO COMUNITARIO EL NARANJO;2
SIACHOQUE;Edgar Fernando Farfan Corzo;PARTIDO POLÍTICO DIGNIDAD & COMPROMISO;2
SIACHOQUE;Jose De Los Angeles Fernandez Palacios;PARTIDO POLÍTICO DIGNIDAD & COMPROMISO;2
SIACHOQUE;Yury Neill Diaz Aranguren;PARTIDO DE LA U - PARTIDO MIRA;2
SIACHOQUE;Afroemprendimiento;AFROEMPRENDIMIENTO;1
SIACHOQUE;Cabildo Indígena Tevis;CABILDO INDÉGENA TEVIS;1
SIACHOQUE;Consejo Comunitario La Gran Vía De Los Remedios;CONSEJO COMUNITARIO LA GRAN VÍA DE LOS REMEDIOS;1
SIACHOQUE;Consejo Comunitario Manuel Zapata Olivella De San Antero;CONSEJO COMUNITARIO MANUEL ZAPATA OLIVELLA DE SAN ANTERO;1
SIACHOQUE;Partido Político Dignidad & Compromiso;PARTIDO POLÍTICO DIGNIDAD & COMPROMISO;1
SIACHOQUE;Valentina Gutierrez Araujo;"MOVIMIENTO ALTERNATIVO INDÍGENA Y SOCIAL ""MAIS""";1
SOATA;Pacto Histórico Boyacá;PACTO HISTÓRICO BOYACÁ;489
SOATA;Jaime Raul Salamanca Torres;PARTIDO ALIANZA VERDE;430
SOATA;Jairo Enrique Castiblanco Parra;PARTIDO DE LA U - PARTIDO MIRA;356
SOATA;Yamit Noe Hurtado Neira;PARTIDO ALIANZA VERDE;325
SOATA;Diana Paola Herrera Nuñez;PARTIDO LIBERAL COLOMBIANO;318
SOATA;Camilo Andres Caicedo Silva;PARTIDO LIBERAL COLOMBIANO;220
SOATA;Eduar Alexis Triana Rincon;PARTIDO CENTRO DEMOCRÁTICO;203
SOATA;Ramiro Barragan Adame;PARTIDO ALIANZA VERDE;200
SOATA;Partido Centro Democrático;PARTIDO CENTRO DEMOCRÁTICO;183
SOATA;Ingrid Marlen Sogamoso Alfonso;PARTIDO CONSERVADOR - MOVIMIENTO SALVACIÓN NACIONAL;132
SOATA;Fabian Camilo Rojas Barrera;CR-NUEVO LIBERALISMO;113
SOATA;Hector David Chaparro Chaparro;PARTIDO LIBERAL COLOMBIANO;100
SOATA;Jicly Esgardo Mutis Isaza;PARTIDO CENTRO DEMOCRÁTICO;94
SOATA;Hector Josue Camacho Acosta;CR-NUEVO LIBERALISMO;86
SOATA;Hernel David Ortega Gomez;PARTIDO CONSERVADOR - MOVIMIENTO SALVACIÓN NACIONAL;61
SOATA;Delci Del Carmen Urbano;PARTIDO CENTRO DEMOCRÁTICO;56
SOATA;Partido Alianza Verde;PARTIDO ALIANZA VERDE;56
SOATA;Yury Neill Diaz Aranguren;PARTIDO DE LA U - PARTIDO MIRA;53
SOATA;Wilder Ivan Suesca Ochoa;PARTIDO CONSERVADOR - MOVIMIENTO SALVACIÓN NACIONAL;47
SOATA;Adelinda Numpaque Sarmiento;PARTIDO ALIANZA VERDE;38
SOATA;Kenda Lucia Caldera Garavito;PARTIDO CENTRO DEMOCRÁTICO;33
SOATA;Jose Dario Mahecha Castillo;PARTIDO CONSERVADOR - MOVIMIENTO SALVACIÓN NACIONAL;32
SOATA;Vicente Anibal Ojeda Martinez;CR-NUEVO LIBERALISMO;24
SOATA;Partido Conservador - Movimiento Salvación Naciona L;PARTIDO CONSERVADOR - MOVIMIENTO SALVACIÓN NACIONAL;23
SOATA;Gloria Cecilia Palacios Guastar;PARTIDO CONSERVADOR - MOVIMIENTO SALVACIÓN NACIONAL;21
SOATA;Jhonatan David Holguin Cruz;PARTIDO CENTRO DEMOCRÁTICO;21
SOATA;Vivian Andrea Nieto Florez;PARTIDO ALIANZA VERDE;20
SOATA;Nicolas Felipe Urbano Villamil;PARTIDO LIBERAL COLOMBIANO;19
SOATA;Oscar Leonardo Avila Romero;PARTIDO LIBERAL COLOMBIANO;19
SOATA;Fredy Alexander Garzon Rojas;PARTIDO CENTRO DEMOCRÁTICO;17
SOATA;Partido Liberal Colombiano;PARTIDO LIBERAL COLOMBIANO;17
SOATA;Cr-Nuevo Liberalismo;CR-NUEVO LIBERALISMO;15
SOATA;Nadia Alexandra Carreño Avella;CR-NUEVO LIBERALISMO;15
SOATA;Nubia Jacqueline Caro Perez;PARTIDO LIBERAL COLOMBIANO;11
SOATA;Manuel Steven Alvarez Pulido;PARTIDO DE LA U - PARTIDO MIRA;10
SOATA;Nancy Yaneth Zapata Pachon;PARTIDO DE LA U - PARTIDO MIRA;9
SOATA;William Donato Gomez;PARTIDO ALIANZA VERDE;9
SOATA;John Alberto Moreno Galindo;PARTIDO CONSERVADOR - MOVIMIENTO SALVACIÓN NACIONAL;8
SOATA;Consejo Comunitario El Naranjo;CONSEJO COMUNITARIO EL NARANJO;7
SOATA;Giovanny Andres Gomez Palomino;ALMA - OXÍGENO;7
SOATA;Laura Cristina Monroy Bayona;CR-NUEVO LIBERALISMO;7
SOATA;Oscar Yovany Montenegro Salcedo;CR-NUEVO LIBERALISMO;7
SOATA;Eduardo David Suarez Moreno;ALMA - OXÍGENO;6
SOATA;Humphrey Roa Sarmiento;PARTIDO DE LA U - PARTIDO MIRA;5
SOATA;Olga Niño Rojas;PARTIDO POLÍTICO DIGNIDAD & COMPROMISO;4
SOATA;Partido De La U - Partido Mira;PARTIDO DE LA U - PARTIDO MIRA;4
SOATA;Ricardo Antonio Agudelo Guiza;ALMA - OXÍGENO;4
SOATA;Rumaldo Rojas Ramirez;ALMA - OXÍGENO;4
SOATA;Valentina Gutierrez Araujo;"MOVIMIENTO ALTERNATIVO INDÍGENA Y SOCIAL ""MAIS""";4
SOATA;Alma - Oxígeno;ALMA - OXÍGENO;3
SOATA;Javier Araque Elaica;PARTIDO POLÍTICO DIGNIDAD & COMPROMISO;3
SOATA;Consejo Comunitario La Gran Vía De Los Remedios;CONSEJO COMUNITARIO LA GRAN VÍA DE LOS REMEDIOS;2
SOATA;Graciela Ramirez Monroy;PARTIDO POLÍTICO DIGNIDAD & COMPROMISO;2
SOATA;Jose De Los Angeles Fernandez Palacios;PARTIDO POLÍTICO DIGNIDAD & COMPROMISO;2
SOATA;Libi Puerto Granados;PARTIDO DE LA U - PARTIDO MIRA;2
SOATA;Olga Lucia Cruz Cuevas;ALMA - OXÍGENO;2
SOATA;Carolina Geiringer Ortega;ALMA - OXÍGENO;1
SOATA;Doris Elena Jacanamijoy Jacanamijoy;"MOVIMIENTO ALTERNATIVO INDÍGENA Y SOCIAL ""MAIS""";1
SOATA;Edgar Fernando Farfan Corzo;PARTIDO POLÍTICO DIGNIDAD & COMPROMISO;1
SOATA;Jenifer Tatiana Mosquera Barrera;C.C. DE LA COMUNIDAD NEGRA DE LA VEREDA EL ESFUERZO;1
SOATA;Jorge Ivan Mina Lasso;CONSEJO COMUNITARIO MANUEL ZAPATA OLIVELLA DE SAN ANTERO;1
SOATA;Layoneth Grandas Villamil;PARTIDO POLÍTICO DIGNIDAD & COMPROMISO;1
SOATA;"Movimiento Alternativo Indígena Y Social ""Mais""";"MOVIMIENTO ALTERNATIVO INDÍGENA Y SOCIAL ""MAIS""";1
SOATA;Partido Político Dignidad & Compromiso;PARTIDO POLÍTICO DIGNIDAD & COMPROMISO;1
SOCHA;Jicly Esgardo Mutis Isaza;PARTIDO CENTRO DEMOCRÁTICO;545
SOCHA;Pacto Histórico Boyacá;PACTO HISTÓRICO BOYACÁ;513
SOCHA;Jairo Enrique Castiblanco Parra;PARTIDO DE LA U - PARTIDO MIRA;492
SOCHA;Ramiro Barragan Adame;PARTIDO ALIANZA VERDE;183
SOCHA;Partido Centro Democrático;PARTIDO CENTRO DEMOCRÁTICO;179
SOCHA;Hector David Chaparro Chaparro;PARTIDO LIBERAL COLOMBIANO;163
SOCHA;Jaime Raul Salamanca Torres;PARTIDO ALIANZA VERDE;163
SOCHA;Oscar Leonardo Avila Romero;PARTIDO LIBERAL COLOMBIANO;110
SOCHA;Fabian Camilo Rojas Barrera;CR-NUEVO LIBERALISMO;68
SOCHA;Yamit Noe Hurtado Neira;PARTIDO ALIANZA VERDE;55
SOCHA;Delci Del Carmen Urbano;PARTIDO CENTRO DEMOCRÁTICO;49
SOCHA;Hernel David Ortega Gomez;PARTIDO CONSERVADOR - MOVIMIENTO SALVACIÓN NACIONAL;48
SOCHA;Partido Alianza Verde;PARTIDO ALIANZA VERDE;42
SOCHA;Ingrid Marlen Sogamoso Alfonso;PARTIDO CONSERVADOR - MOVIMIENTO SALVACIÓN NACIONAL;39
SOCHA;Jose Dario Mahecha Castillo;PARTIDO CONSERVADOR - MOVIMIENTO SALVACIÓN NACIONAL;38
SOCHA;Diana Paola Herrera Nuñez;PARTIDO LIBERAL COLOMBIANO;35
SOCHA;Eduar Alexis Triana Rincon;PARTIDO CENTRO DEMOCRÁTICO;29
SOCHA;Nadia Alexandra Carreño Avella;CR-NUEVO LIBERALISMO;24
SOCHA;Adelinda Numpaque Sarmiento;PARTIDO ALIANZA VERDE;20
SOCHA;Gloria Cecilia Palacios Guastar;PARTIDO CONSERVADOR - MOVIMIENTO SALVACIÓN NACIONAL;18
SOCHA;Partido Liberal Colombiano;PARTIDO LIBERAL COLOMBIANO;18
SOCHA;Alma - Oxígeno;ALMA - OXÍGENO;16
SOCHA;Jhonatan David Holguin Cruz;PARTIDO CENTRO DEMOCRÁTICO;15
SOCHA;Partido Conservador - Movimiento Salvación Naciona L;PARTIDO CONSERVADOR - MOVIMIENTO SALVACIÓN NACIONAL;14
SOCHA;Eduardo David Suarez Moreno;ALMA - OXÍGENO;12
SOCHA;Fredy Alexander Garzon Rojas;PARTIDO CENTRO DEMOCRÁTICO;12
SOCHA;Manuel Steven Alvarez Pulido;PARTIDO DE LA U - PARTIDO MIRA;12
SOCHA;Wilder Ivan Suesca Ochoa;PARTIDO CONSERVADOR - MOVIMIENTO SALVACIÓN NACIONAL;11
SOCHA;Camilo Andres Caicedo Silva;PARTIDO LIBERAL COLOMBIANO;10
SOCHA;Kenda Lucia Caldera Garavito;PARTIDO CENTRO DEMOCRÁTICO;10
SOCHA;Nancy Yaneth Zapata Pachon;PARTIDO DE LA U - PARTIDO MIRA;10
SOCHA;Vicente Anibal Ojeda Martinez;CR-NUEVO LIBERALISMO;10
SOCHA;Vivian Andrea Nieto Florez;PARTIDO ALIANZA VERDE;9
SOCHA;Humphrey Roa Sarmiento;PARTIDO DE LA U - PARTIDO MIRA;8
SOCHA;Cr-Nuevo Liberalismo;CR-NUEVO LIBERALISMO;7
SOCHA;Hector Josue Camacho Acosta;CR-NUEVO LIBERALISMO;7
SOCHA;Oscar Yovany Montenegro Salcedo;CR-NUEVO LIBERALISMO;7
SOCHA;Partido De La U - Partido Mira;PARTIDO DE LA U - PARTIDO MIRA;6
SOCHA;William Donato Gomez;PARTIDO ALIANZA VERDE;6
SOCHA;Consejo Comunitario El Naranjo;CONSEJO COMUNITARIO EL NARANJO;5
SOCHA;Laura Cristina Monroy Bayona;CR-NUEVO LIBERALISMO;5
SOCHA;Nicolas Felipe Urbano Villamil;PARTIDO LIBERAL COLOMBIANO;5
SOCHA;Giovanny Andres Gomez Palomino;ALMA - OXÍGENO;3
SOCHA;Yury Neill Diaz Aranguren;PARTIDO DE LA U - PARTIDO MIRA;3
SOCHA;Carolina Geiringer Ortega;ALMA - OXÍGENO;2
SOCHA;Libi Puerto Granados;PARTIDO DE LA U - PARTIDO MIRA;2
SOCHA;Nubia Jacqueline Caro Perez;PARTIDO LIBERAL COLOMBIANO;2
SOCHA;Olga Niño Rojas;PARTIDO POLÍTICO DIGNIDAD & COMPROMISO;2
SOCHA;Partido Político Dignidad & Compromiso;PARTIDO POLÍTICO DIGNIDAD & COMPROMISO;2
SOCHA;Ricardo Antonio Agudelo Guiza;ALMA - OXÍGENO;2
SOCHA;Cristianos Por Colombia Afros;CRISTIANOS POR COLOMBIA AFROS;1
SOCHA;Diego Armando Sanchez Arboleda;C.C. DE LA COMUNIDAD NEGRA DE LA VEREDA EL ESFUERZO;1
SOCHA;Graciela Ramirez Monroy;PARTIDO POLÍTICO DIGNIDAD & COMPROMISO;1
SOCHA;John Alberto Moreno Galindo;PARTIDO CONSERVADOR - MOVIMIENTO SALVACIÓN NACIONAL;1
SOCHA;Olga Lucia Cruz Cuevas;ALMA - OXÍGENO;1
SOCHA;Omar Bonilla Garcia;EXPRESIÓN AFRO, AMBIENTAL Y CULTURAL COLOMBIA CON DIGNIDAD;1
SOCHA;Rumaldo Rojas Ramirez;ALMA - OXÍGENO;1
SOCOTA;Jairo Enrique Castiblanco Parra;PARTIDO DE LA U - PARTIDO MIRA;551
SOCOTA;Oscar Leonardo Avila Romero;PARTIDO LIBERAL COLOMBIANO;382
SOCOTA;Pacto Histórico Boyacá;PACTO HISTÓRICO BOYACÁ;190
SOCOTA;Partido Centro Democrático;PARTIDO CENTRO DEMOCRÁTICO;182
SOCOTA;Jicly Esgardo Mutis Isaza;PARTIDO CENTRO DEMOCRÁTICO;148
SOCOTA;Jaime Raul Salamanca Torres;PARTIDO ALIANZA VERDE;89
SOCOTA;Yamit Noe Hurtado Neira;PARTIDO ALIANZA VERDE;77
SOCOTA;Delci Del Carmen Urbano;PARTIDO CENTRO DEMOCRÁTICO;71
SOCOTA;Fabian Camilo Rojas Barrera;CR-NUEVO LIBERALISMO;67
SOCOTA;Ingrid Marlen Sogamoso Alfonso;PARTIDO CONSERVADOR - MOVIMIENTO SALVACIÓN NACIONAL;38
SOCOTA;Partido Alianza Verde;PARTIDO ALIANZA VERDE;38
SOCOTA;Hector David Chaparro Chaparro;PARTIDO LIBERAL COLOMBIANO;37
SOCOTA;Eduar Alexis Triana Rincon;PARTIDO CENTRO DEMOCRÁTICO;34
SOCOTA;Partido Liberal Colombiano;PARTIDO LIBERAL COLOMBIANO;33
SOCOTA;Ramiro Barragan Adame;PARTIDO ALIANZA VERDE;28
SOCOTA;Hernel David Ortega Gomez;PARTIDO CONSERVADOR - MOVIMIENTO SALVACIÓN NACIONAL;26
SOCOTA;Hector Josue Camacho Acosta;CR-NUEVO LIBERALISMO;24
SOCOTA;Diana Paola Herrera Nuñez;PARTIDO LIBERAL COLOMBIANO;23
SOCOTA;Adelinda Numpaque Sarmiento;PARTIDO ALIANZA VERDE;21
SOCOTA;Kenda Lucia Caldera Garavito;PARTIDO CENTRO DEMOCRÁTICO;16
SOCOTA;Partido De La U - Partido Mira;PARTIDO DE LA U - PARTIDO MIRA;15
SOCOTA;Jose Dario Mahecha Castillo;PARTIDO CONSERVADOR - MOVIMIENTO SALVACIÓN NACIONAL;14
SOCOTA;Fredy Alexander Garzon Rojas;PARTIDO CENTRO DEMOCRÁTICO;13
SOCOTA;Nadia Alexandra Carreño Avella;CR-NUEVO LIBERALISMO;12
SOCOTA;Partido Conservador - Movimiento Salvación Naciona L;PARTIDO CONSERVADOR - MOVIMIENTO SALVACIÓN NACIONAL;12
SOCOTA;Eduardo David Suarez Moreno;ALMA - OXÍGENO;10
SOCOTA;Nancy Yaneth Zapata Pachon;PARTIDO DE LA U - PARTIDO MIRA;10
SOCOTA;Wilder Ivan Suesca Ochoa;PARTIDO CONSERVADOR - MOVIMIENTO SALVACIÓN NACIONAL;10
SOCOTA;Jhonatan David Holguin Cruz;PARTIDO CENTRO DEMOCRÁTICO;8
SOCOTA;Alma - Oxígeno;ALMA - OXÍGENO;7
SOCOTA;Cr-Nuevo Liberalismo;CR-NUEVO LIBERALISMO;7
SOCOTA;Gloria Cecilia Palacios Guastar;PARTIDO CONSERVADOR - MOVIMIENTO SALVACIÓN NACIONAL;7
SOCOTA;Manuel Steven Alvarez Pulido;PARTIDO DE LA U - PARTIDO MIRA;7
SOCOTA;Nicolas Felipe Urbano Villamil;PARTIDO LIBERAL COLOMBIANO;6
SOCOTA;William Donato Gomez;PARTIDO ALIANZA VERDE;5
SOCOTA;Oscar Yovany Montenegro Salcedo;CR-NUEVO LIBERALISMO;4
SOCOTA;Vivian Andrea Nieto Florez;PARTIDO ALIANZA VERDE;4
SOCOTA;Camilo Andres Caicedo Silva;PARTIDO LIBERAL COLOMBIANO;3
SOCOTA;Carolina Geiringer Ortega;ALMA - OXÍGENO;3
SOCOTA;Cristianos Por Colombia Afros;CRISTIANOS POR COLOMBIA AFROS;3
SOCOTA;Graciela Ramirez Monroy;PARTIDO POLÍTICO DIGNIDAD & COMPROMISO;3
SOCOTA;Giovanny Andres Gomez Palomino;ALMA - OXÍGENO;2
SOCOTA;John Alberto Moreno Galindo;PARTIDO CONSERVADOR - MOVIMIENTO SALVACIÓN NACIONAL;2
SOCOTA;Olga Lucia Cruz Cuevas;ALMA - OXÍGENO;2
SOCOTA;Consejo Comunitario El Naranjo;CONSEJO COMUNITARIO EL NARANJO;1
SOCOTA;Cruz Eneida Quiñones Tenorio;CONSEJO COMUNITARIO DE COMUNIDADES NEGRAS CUENCA RÍO OVEJAS;1
SOCOTA;Dina Luz Benitez Balceiro;ASOCIACIÓN AFRODESCENDIENTE PACÍFICO POR LA PAZ;1
SOCOTA;Jose De Los Angeles Fernandez Palacios;PARTIDO POLÍTICO DIGNIDAD & COMPROMISO;1
SOCOTA;Partido Político Dignidad & Compromiso;PARTIDO POLÍTICO DIGNIDAD & COMPROMISO;1
SOCOTA;Vicente Anibal Ojeda Martinez;CR-NUEVO LIBERALISMO;1
SOGAMOSO;Pacto Histórico Boyacá;PACTO HISTÓRICO BOYACÁ;13241
SOGAMOSO;Hector David Chaparro Chaparro;PARTIDO LIBERAL COLOMBIANO;5653
SOGAMOSO;Ramiro Barragan Adame;PARTIDO ALIANZA VERDE;2781
SOGAMOSO;Diana Paola Herrera Nuñez;PARTIDO LIBERAL COLOMBIANO;1967
SOGAMOSO;Nadia Alexandra Carreño Avella;CR-NUEVO LIBERALISMO;1772
SOGAMOSO;Jaime Raul Salamanca Torres;PARTIDO ALIANZA VERDE;1771
SOGAMOSO;Partido Centro Democrático;PARTIDO CENTRO DEMOCRÁTICO;1691
SOGAMOSO;Fabian Camilo Rojas Barrera;CR-NUEVO LIBERALISMO;1385
SOGAMOSO;Yury Neill Diaz Aranguren;PARTIDO DE LA U - PARTIDO MIRA;1346
SOGAMOSO;Jairo Enrique Castiblanco Parra;PARTIDO DE LA U - PARTIDO MIRA;1318
SOGAMOSO;Oscar Leonardo Avila Romero;PARTIDO LIBERAL COLOMBIANO;1257
SOGAMOSO;Yamit Noe Hurtado Neira;PARTIDO ALIANZA VERDE;1201
SOGAMOSO;Jose Dario Mahecha Castillo;PARTIDO CONSERVADOR - MOVIMIENTO SALVACIÓN NACIONAL;1079
SOGAMOSO;Nancy Yaneth Zapata Pachon;PARTIDO DE LA U - PARTIDO MIRA;1035
SOGAMOSO;Gloria Cecilia Palacios Guastar;PARTIDO CONSERVADOR - MOVIMIENTO SALVACIÓN NACIONAL;1032
SOGAMOSO;Eduar Alexis Triana Rincon;PARTIDO CENTRO DEMOCRÁTICO;938
SOGAMOSO;Manuel Steven Alvarez Pulido;PARTIDO DE LA U - PARTIDO MIRA;938
SOGAMOSO;Jicly Esgardo Mutis Isaza;PARTIDO CENTRO DEMOCRÁTICO;890
SOGAMOSO;Delci Del Carmen Urbano;PARTIDO CENTRO DEMOCRÁTICO;884
SOGAMOSO;William Donato Gomez;PARTIDO ALIANZA VERDE;748
SOGAMOSO;Jhonatan David Holguin Cruz;PARTIDO CENTRO DEMOCRÁTICO;632
SOGAMOSO;Ingrid Marlen Sogamoso Alfonso;PARTIDO CONSERVADOR - MOVIMIENTO SALVACIÓN NACIONAL;605
SOGAMOSO;Wilder Ivan Suesca Ochoa;PARTIDO CONSERVADOR - MOVIMIENTO SALVACIÓN NACIONAL;600
SOGAMOSO;Vivian Andrea Nieto Florez;PARTIDO ALIANZA VERDE;506
SOGAMOSO;Adelinda Numpaque Sarmiento;PARTIDO ALIANZA VERDE;441
SOGAMOSO;Consejo Comunitario El Naranjo;CONSEJO COMUNITARIO EL NARANJO;403
SOGAMOSO;Partido Alianza Verde;PARTIDO ALIANZA VERDE;402
SOGAMOSO;Partido Conservador - Movimiento Salvación Naciona L;PARTIDO CONSERVADOR - MOVIMIENTO SALVACIÓN NACIONAL;379
SOGAMOSO;Hector Josue Camacho Acosta;CR-NUEVO LIBERALISMO;373
SOGAMOSO;Hernel David Ortega Gomez;PARTIDO CONSERVADOR - MOVIMIENTO SALVACIÓN NACIONAL;323
SOGAMOSO;Partido Liberal Colombiano;PARTIDO LIBERAL COLOMBIANO;299
SOGAMOSO;Fredy Alexander Garzon Rojas;PARTIDO CENTRO DEMOCRÁTICO;257
SOGAMOSO;Laura Cristina Monroy Bayona;CR-NUEVO LIBERALISMO;224
SOGAMOSO;Oscar Yovany Montenegro Salcedo;CR-NUEVO LIBERALISMO;224
SOGAMOSO;Vicente Anibal Ojeda Martinez;CR-NUEVO LIBERALISMO;224
SOGAMOSO;Nicolas Felipe Urbano Villamil;PARTIDO LIBERAL COLOMBIANO;176
SOGAMOSO;John Alberto Moreno Galindo;PARTIDO CONSERVADOR - MOVIMIENTO SALVACIÓN NACIONAL;166
SOGAMOSO;Kenda Lucia Caldera Garavito;PARTIDO CENTRO DEMOCRÁTICO;147
SOGAMOSO;Cr-Nuevo Liberalismo;CR-NUEVO LIBERALISMO;145
SOGAMOSO;Giovanny Andres Gomez Palomino;ALMA - OXÍGENO;130
SOGAMOSO;Alma - Oxígeno;ALMA - OXÍGENO;116
SOGAMOSO;Nubia Jacqueline Caro Perez;PARTIDO LIBERAL COLOMBIANO;111
SOGAMOSO;Camilo Andres Caicedo Silva;PARTIDO LIBERAL COLOMBIANO;99
SOGAMOSO;Partido De La U - Partido Mira;PARTIDO DE LA U - PARTIDO MIRA;97
SOGAMOSO;Ricardo Antonio Agudelo Guiza;ALMA - OXÍGENO;82
SOGAMOSO;Libi Puerto Granados;PARTIDO DE LA U - PARTIDO MIRA;81
SOGAMOSO;Olga Niño Rojas;PARTIDO POLÍTICO DIGNIDAD & COMPROMISO;78
SOGAMOSO;Eduardo David Suarez Moreno;ALMA - OXÍGENO;74
SOGAMOSO;Rumaldo Rojas Ramirez;ALMA - OXÍGENO;63
SOGAMOSO;Humphrey Roa Sarmiento;PARTIDO DE LA U - PARTIDO MIRA;61
SOGAMOSO;Javier Araque Elaica;PARTIDO POLÍTICO DIGNIDAD & COMPROMISO;57
SOGAMOSO;Consejo Comunitario La Gran Vía De Los Remedios;CONSEJO COMUNITARIO LA GRAN VÍA DE LOS REMEDIOS;44
SOGAMOSO;Graciela Ramirez Monroy;PARTIDO POLÍTICO DIGNIDAD & COMPROMISO;44
SOGAMOSO;Partido Político Dignidad & Compromiso;PARTIDO POLÍTICO DIGNIDAD & COMPROMISO;44
SOGAMOSO;Olga Lucia Cruz Cuevas;ALMA - OXÍGENO;41
SOGAMOSO;Edgar Fernando Farfan Corzo;PARTIDO POLÍTICO DIGNIDAD & COMPROMISO;29
SOGAMOSO;Carolina Geiringer Ortega;ALMA - OXÍGENO;28
SOGAMOSO;Layoneth Grandas Villamil;PARTIDO POLÍTICO DIGNIDAD & COMPROMISO;13
SOGAMOSO;Partido Demócrata Colombiano;PARTIDO DEMÓCRATA COLOMBIANO;13
SOGAMOSO;Jose De Los Angeles Fernandez Palacios;PARTIDO POLÍTICO DIGNIDAD & COMPROMISO;10
SOGAMOSO;Fundación Orsuba;FUNDACIÓN ORSUBA;8
SOGAMOSO;Jorge Ivan Mina Lasso;CONSEJO COMUNITARIO MANUEL ZAPATA OLIVELLA DE SAN ANTERO;8
SOGAMOSO;"Consejo Comunitario De Truando - La Teresita ""Coco Trumete""";"CONSEJO COMUNITARIO DE TRUANDO - LA TERESITA ""COCOTRUMETE""";7
SOGAMOSO;Cristianos Por Colombia Afros;CRISTIANOS POR COLOMBIA AFROS;7
SOGAMOSO;Expresión Afro, Ambiental Y Cultural Colombia Con Dignidad;EXPRESIÓN AFRO, AMBIENTAL Y CULTURAL COLOMBIA CON DIGNIDAD;7
SOGAMOSO;Afroslibres;AFROSLIBRES;6
SOGAMOSO;Valentina Gutierrez Araujo;"MOVIMIENTO ALTERNATIVO INDÍGENA Y SOCIAL ""MAIS""";6
SOGAMOSO;Doris Elena Jacanamijoy Jacanamijoy;"MOVIMIENTO ALTERNATIVO INDÍGENA Y SOCIAL ""MAIS""";5
SOGAMOSO;Fuerza Ancestral;FUERZA ANCESTRAL;5
SOGAMOSO;Paciano Asprilla Arboleda;"CONSEJO COMUNITARIO DE PIZARRO ""CONCOPI""";5
SOGAMOSO;Afroemprendimiento;AFROEMPRENDIMIENTO;4
SOGAMOSO;C.C. De La Comunidad Negra De La Vereda El Esfuerz O;C.C. DE LA COMUNIDAD NEGRA DE LA VEREDA EL ESFUERZO;4
SOGAMOSO;Consejo Comunitario Nueva Esperanza;CONSEJO COMUNITARIO NUEVA ESPERANZA;4
SOGAMOSO;Diego Armando Sanchez Arboleda;C.C. DE LA COMUNIDAD NEGRA DE LA VEREDA EL ESFUERZO;4
SOGAMOSO;Jorge Andres Gonzalez Silva;CONSEJO COMUNITARIO MANUEL ZAPATA OLIVELLA DE SAN ANTERO;4
SOGAMOSO;Asociación De Cabildos Indígenas Zenú Orico;ASOCIACIÓN DE CABILDOS INDÍGENAS ZENÚ ORICO;3
SOGAMOSO;Consejo Comunitario Afroétnico De Risaralda;CONSEJO COMUNITARIO AFROÉTNICO DE RISARALDA;3
SOGAMOSO;Magnolia Morales Zamora;PARTIDO INDÍGENA COLOMBIANO P.I.C;3
SOGAMOSO;Acmizsam;ACMIZSAM;2
SOGAMOSO;"Asociación Nacional Indígena De Colombia ""Anic""";"ASOCIACIÓN NACIONAL INDÍGENA DE COLOMBIA ""ANIC""";2
SOGAMOSO;Cabildo Indígena Tevis;CABILDO INDÉGENA TEVIS;2
SOGAMOSO;Consejo Comunitario De Cértegui;CONSEJO COMUNITARIO DE CÉRTEGUI;2
SOGAMOSO;"Consejo Comunitario De Pizarro ""Concopi""";"CONSEJO COMUNITARIO DE PIZARRO ""CONCOPI""";2
SOGAMOSO;Cruz Eneida Quiñones Tenorio;CONSEJO COMUNITARIO DE COMUNIDADES NEGRAS CUENCA RÍO OVEJAS;2
SOGAMOSO;Darly Palacios Quejada;EXPRESIÓN AFRO, AMBIENTAL Y CULTURAL COLOMBIA CON DIGNIDAD;2
SOGAMOSO;Hernando Mosquera Barbosa;C.C. DE LA COMUNIDAD NEGRA DE LA VEREDA EL ESFUERZO;2
SOGAMOSO;Jorge Eliecer Garces Florez;CONSEJO COMUNITARIO DE LA COMUNIDAD NEGRA DE LIMONES;2
SOGAMOSO;Lorena Cenith De La Cruz Rodriguez;CONSEJO COMUNITARIO MANUEL ZAPATA OLIVELLA DE SAN ANTERO;2
SOGAMOSO;Marcelino Chindoy Chicunque;PARTIDO INDÍGENA COLOMBIANO P.I.C;2
SOGAMOSO;"Movimiento Alternativo Indígena Y Social ""Mais""";"MOVIMIENTO ALTERNATIVO INDÍGENA Y SOCIAL ""MAIS""";2
SOGAMOSO;Osaviplar;OSAVIPLAR;2
SOGAMOSO;Aida Petrona Suarez Santos;MOVIMIENTO UNIDAD EN MINGA POR COLOMBIA;1
SOGAMOSO;Alexander Bolaños Garcia;CONSEJO COMUNITARIO DE COMUNIDADES NEGRAS CUENCA RÍO OVEJAS;1
SOGAMOSO;Amalia Rosa Campo Navarro;CONSEJO COMUNITARIO DE COMUNIDADES NEGRAS CUENCA RÍO OVEJAS;1
SOGAMOSO;Asociación Afrodescendiente Pacífico Por La Paz;ASOCIACIÓN AFRODESCENDIENTE PACÍFICO POR LA PAZ;1
SOGAMOSO;Carlos Mario Calvo Largo;MOVIMIENTO UNIDAD EN MINGA POR COLOMBIA;1
SOGAMOSO;Cocopema;COCOPEMA;1
SOGAMOSO;Consejo Comunitario De Comunidades Negras Cuenca R Ío Ovejas;CONSEJO COMUNITARIO DE COMUNIDADES NEGRAS CUENCA RÍO OVEJAS;1
SOGAMOSO;Consejo Comunitario De La Comunidad Negra De Limon Es;CONSEJO COMUNITARIO DE LA COMUNIDAD NEGRA DE LIMONES;1
SOGAMOSO;Consejo Comunitario Negros Unidos;CONSEJO COMUNITARIO NEGROS UNIDOS;1
SOGAMOSO;Consejo Laboral Afrocolombiano Claf - Bogotá;CONSEJO LABORAL AFROCOLOMBIANO CLAF - BOGOTÁ;1
SOGAMOSO;Dina Luz Benitez Balceiro;ASOCIACIÓN AFRODESCENDIENTE PACÍFICO POR LA PAZ;1
SOGAMOSO;Fundación Artística Cultural Salsa Y Rumba;FUNDACIÓN ARTÍSTICA CULTURAL SALSA Y RUMBA;1
SOGAMOSO;"Fundación Ecológica, Rural Y Urbana Del Pacífico "" Funerpa""";"FUNDACIÓN ECOLÓGICA, RURAL Y URBANA DEL PACÍFICO ""FUNERPA""";1
SOGAMOSO;Jhony Aparicio Ramirez;PARTIDO INDÍGENA COLOMBIANO P.I.C;1
SOGAMOSO;Jose Santiago Castañeda Valencia;ASTECA;1
SOGAMOSO;Karina Del Carmen Martinez Gonzalez;ASOCIACIÓN ÉTNICA MUNDO DIVERSO INTERCULTURAL;1
SOGAMOSO;Lenin Jesus Mendoza Perez;ASOCONEG;1
SOGAMOSO;Linderman Adrada Lopez;"MOVIMIENTO ALTERNATIVO INDÍGENA Y SOCIAL ""MAIS""";1
SOGAMOSO;Liner Campo Tejedor;PARTIDO ECOLOGISTA COLOMBIANO;1
SOGAMOSO;Luzmila Cortinez Duran;ASOCONEG;1
SOGAMOSO;Omar Bonilla Garcia;EXPRESIÓN AFRO, AMBIENTAL Y CULTURAL COLOMBIA CON DIGNIDAD;1
SOGAMOSO;Partido Ecologista Colombiano;PARTIDO ECOLOGISTA COLOMBIANO;1
SOGAMOSO;Partido Indígena Colombiano P.I.C;PARTIDO INDÍGENA COLOMBIANO P.I.C;1
SOGAMOSO;Ruben David Salina Cassiani;CONSEJO COMUNITARIO KUSUTOMA - GENDE COKUMALU;1
SOGAMOSO;Silverio Jose Calderon Daza;"CONSEJO COMUNITARIO DE PIZARRO ""CONCOPI""";1
SOMONDOCO;Jaime Raul Salamanca Torres;PARTIDO ALIANZA VERDE;279
SOMONDOCO;Pacto Histórico Boyacá;PACTO HISTÓRICO BOYACÁ;127
SOMONDOCO;Jairo Enrique Castiblanco Parra;PARTIDO DE LA U - PARTIDO MIRA;115
SOMONDOCO;Ingrid Marlen Sogamoso Alfonso;PARTIDO CONSERVADOR - MOVIMIENTO SALVACIÓN NACIONAL;98
SOMONDOCO;Hector Josue Camacho Acosta;CR-NUEVO LIBERALISMO;96
SOMONDOCO;Eduar Alexis Triana Rincon;PARTIDO CENTRO DEMOCRÁTICO;71
SOMONDOCO;Fabian Camilo Rojas Barrera;CR-NUEVO LIBERALISMO;69
SOMONDOCO;Partido Centro Democrático;PARTIDO CENTRO DEMOCRÁTICO;44
SOMONDOCO;Oscar Yovany Montenegro Salcedo;CR-NUEVO LIBERALISMO;42
SOMONDOCO;Wilder Ivan Suesca Ochoa;PARTIDO CONSERVADOR - MOVIMIENTO SALVACIÓN NACIONAL;29
SOMONDOCO;Jose Dario Mahecha Castillo;PARTIDO CONSERVADOR - MOVIMIENTO SALVACIÓN NACIONAL;26
SOMONDOCO;Delci Del Carmen Urbano;PARTIDO CENTRO DEMOCRÁTICO;25
SOMONDOCO;Partido Conservador - Movimiento Salvación Naciona L;PARTIDO CONSERVADOR - MOVIMIENTO SALVACIÓN NACIONAL;19
SOMONDOCO;Hector David Chaparro Chaparro;PARTIDO LIBERAL COLOMBIANO;18
SOMONDOCO;Ramiro Barragan Adame;PARTIDO ALIANZA VERDE;18
SOMONDOCO;Partido Alianza Verde;PARTIDO ALIANZA VERDE;17
SOMONDOCO;Vivian Andrea Nieto Florez;PARTIDO ALIANZA VERDE;16
SOMONDOCO;Nadia Alexandra Carreño Avella;CR-NUEVO LIBERALISMO;13
SOMONDOCO;Adelinda Numpaque Sarmiento;PARTIDO ALIANZA VERDE;11
SOMONDOCO;Cr-Nuevo Liberalismo;CR-NUEVO LIBERALISMO;11
SOMONDOCO;Hernel David Ortega Gomez;PARTIDO CONSERVADOR - MOVIMIENTO SALVACIÓN NACIONAL;11
SOMONDOCO;Nancy Yaneth Zapata Pachon;PARTIDO DE LA U - PARTIDO MIRA;10
SOMONDOCO;Jicly Esgardo Mutis Isaza;PARTIDO CENTRO DEMOCRÁTICO;8
SOMONDOCO;Gloria Cecilia Palacios Guastar;PARTIDO CONSERVADOR - MOVIMIENTO SALVACIÓN NACIONAL;6
SOMONDOCO;John Alberto Moreno Galindo;PARTIDO CONSERVADOR - MOVIMIENTO SALVACIÓN NACIONAL;6
SOMONDOCO;Kenda Lucia Caldera Garavito;PARTIDO CENTRO DEMOCRÁTICO;6
SOMONDOCO;Jhonatan David Holguin Cruz;PARTIDO CENTRO DEMOCRÁTICO;5
SOMONDOCO;Eduardo David Suarez Moreno;ALMA - OXÍGENO;4
SOMONDOCO;Partido Liberal Colombiano;PARTIDO LIBERAL COLOMBIANO;4
SOMONDOCO;Yamit Noe Hurtado Neira;PARTIDO ALIANZA VERDE;4
SOMONDOCO;Diana Paola Herrera Nuñez;PARTIDO LIBERAL COLOMBIANO;3
SOMONDOCO;Manuel Steven Alvarez Pulido;PARTIDO DE LA U - PARTIDO MIRA;3
SOMONDOCO;Vicente Anibal Ojeda Martinez;CR-NUEVO LIBERALISMO;3
SOMONDOCO;Alma - Oxígeno;ALMA - OXÍGENO;2
SOMONDOCO;Carolina Geiringer Ortega;ALMA - OXÍGENO;2
SOMONDOCO;Fredy Alexander Garzon Rojas;PARTIDO CENTRO DEMOCRÁTICO;2
SOMONDOCO;Graciela Ramirez Monroy;PARTIDO POLÍTICO DIGNIDAD & COMPROMISO;2
SOMONDOCO;Jose De Los Angeles Fernandez Palacios;PARTIDO POLÍTICO DIGNIDAD & COMPROMISO;2
SOMONDOCO;Libi Puerto Granados;PARTIDO DE LA U - PARTIDO MIRA;2
SOMONDOCO;Nicolas Felipe Urbano Villamil;PARTIDO LIBERAL COLOMBIANO;2
SOMONDOCO;Partido Político Dignidad & Compromiso;PARTIDO POLÍTICO DIGNIDAD & COMPROMISO;2
SOMONDOCO;William Donato Gomez;PARTIDO ALIANZA VERDE;2
SOMONDOCO;Afroslibres;AFROSLIBRES;1
SOMONDOCO;Camilo Andres Caicedo Silva;PARTIDO LIBERAL COLOMBIANO;1
SOMONDOCO;Consejo Comunitario El Naranjo;CONSEJO COMUNITARIO EL NARANJO;1
SOMONDOCO;Edgar Fernando Farfan Corzo;PARTIDO POLÍTICO DIGNIDAD & COMPROMISO;1
SOMONDOCO;Humphrey Roa Sarmiento;PARTIDO DE LA U - PARTIDO MIRA;1
SOMONDOCO;Javier Araque Elaica;PARTIDO POLÍTICO DIGNIDAD & COMPROMISO;1
SOMONDOCO;Laura Cristina Monroy Bayona;CR-NUEVO LIBERALISMO;1
SOMONDOCO;Olga Lucia Cruz Cuevas;ALMA - OXÍGENO;1
SOMONDOCO;Olga Niño Rojas;PARTIDO POLÍTICO DIGNIDAD & COMPROMISO;1
SOMONDOCO;Oscar Leonardo Avila Romero;PARTIDO LIBERAL COLOMBIANO;1
SORA;Jaime Raul Salamanca Torres;PARTIDO ALIANZA VERDE;380
SORA;Ramiro Barragan Adame;PARTIDO ALIANZA VERDE;169
SORA;Pacto Histórico Boyacá;PACTO HISTÓRICO BOYACÁ;167
SORA;Yamit Noe Hurtado Neira;PARTIDO ALIANZA VERDE;98
SORA;Hector David Chaparro Chaparro;PARTIDO LIBERAL COLOMBIANO;82
SORA;Oscar Leonardo Avila Romero;PARTIDO LIBERAL COLOMBIANO;78
SORA;Fabian Camilo Rojas Barrera;CR-NUEVO LIBERALISMO;71
SORA;Wilder Ivan Suesca Ochoa;PARTIDO CONSERVADOR - MOVIMIENTO SALVACIÓN NACIONAL;46
SORA;Jicly Esgardo Mutis Isaza;PARTIDO CENTRO DEMOCRÁTICO;41
SORA;Adelinda Numpaque Sarmiento;PARTIDO ALIANZA VERDE;36
SORA;Jairo Enrique Castiblanco Parra;PARTIDO DE LA U - PARTIDO MIRA;36
SORA;Partido Alianza Verde;PARTIDO ALIANZA VERDE;27
SORA;Diana Paola Herrera Nuñez;PARTIDO LIBERAL COLOMBIANO;24
SORA;Eduar Alexis Triana Rincon;PARTIDO CENTRO DEMOCRÁTICO;24
SORA;Partido Centro Democrático;PARTIDO CENTRO DEMOCRÁTICO;23
SORA;Hector Josue Camacho Acosta;CR-NUEVO LIBERALISMO;22
SORA;Jose Dario Mahecha Castillo;PARTIDO CONSERVADOR - MOVIMIENTO SALVACIÓN NACIONAL;16
SORA;Vicente Anibal Ojeda Martinez;CR-NUEVO LIBERALISMO;14
SORA;Delci Del Carmen Urbano;PARTIDO CENTRO DEMOCRÁTICO;13
SORA;Ingrid Marlen Sogamoso Alfonso;PARTIDO CONSERVADOR - MOVIMIENTO SALVACIÓN NACIONAL;13
SORA;Hernel David Ortega Gomez;PARTIDO CONSERVADOR - MOVIMIENTO SALVACIÓN NACIONAL;9
SORA;Vivian Andrea Nieto Florez;PARTIDO ALIANZA VERDE;9
SORA;Nicolas Felipe Urbano Villamil;PARTIDO LIBERAL COLOMBIANO;7
SORA;Partido Conservador - Movimiento Salvación Naciona L;PARTIDO CONSERVADOR - MOVIMIENTO SALVACIÓN NACIONAL;7
SORA;Partido Liberal Colombiano;PARTIDO LIBERAL COLOMBIANO;7
SORA;Fredy Alexander Garzon Rojas;PARTIDO CENTRO DEMOCRÁTICO;6
SORA;Laura Cristina Monroy Bayona;CR-NUEVO LIBERALISMO;6
SORA;Eduardo David Suarez Moreno;ALMA - OXÍGENO;5
SORA;Jhonatan David Holguin Cruz;PARTIDO CENTRO DEMOCRÁTICO;4
SORA;Nadia Alexandra Carreño Avella;CR-NUEVO LIBERALISMO;4
SORA;Alma - Oxígeno;ALMA - OXÍGENO;3
SORA;Cr-Nuevo Liberalismo;CR-NUEVO LIBERALISMO;3
SORA;Edgar Fernando Farfan Corzo;PARTIDO POLÍTICO DIGNIDAD & COMPROMISO;3
SORA;Humphrey Roa Sarmiento;PARTIDO DE LA U - PARTIDO MIRA;3
SORA;Javier Araque Elaica;PARTIDO POLÍTICO DIGNIDAD & COMPROMISO;3
SORA;John Alberto Moreno Galindo;PARTIDO CONSERVADOR - MOVIMIENTO SALVACIÓN NACIONAL;3
SORA;Kenda Lucia Caldera Garavito;PARTIDO CENTRO DEMOCRÁTICO;3
SORA;Manuel Steven Alvarez Pulido;PARTIDO DE LA U - PARTIDO MIRA;3
SORA;Nancy Yaneth Zapata Pachon;PARTIDO DE LA U - PARTIDO MIRA;3
SORA;Ricardo Antonio Agudelo Guiza;ALMA - OXÍGENO;3
SORA;Camilo Andres Caicedo Silva;PARTIDO LIBERAL COLOMBIANO;2
SORA;Graciela Ramirez Monroy;PARTIDO POLÍTICO DIGNIDAD & COMPROMISO;2
SORA;William Donato Gomez;PARTIDO ALIANZA VERDE;2
SORA;Yury Neill Diaz Aranguren;PARTIDO DE LA U - PARTIDO MIRA;2
SORA;Carolina Geiringer Ortega;ALMA - OXÍGENO;1
SORA;Consejo Comunitario El Naranjo;CONSEJO COMUNITARIO EL NARANJO;1
SORA;Gloria Cecilia Palacios Guastar;PARTIDO CONSERVADOR - MOVIMIENTO SALVACIÓN NACIONAL;1
SORA;Jose De Los Angeles Fernandez Palacios;PARTIDO POLÍTICO DIGNIDAD & COMPROMISO;1
SORA;Libi Puerto Granados;PARTIDO DE LA U - PARTIDO MIRA;1
SORA;Nubia Jacqueline Caro Perez;PARTIDO LIBERAL COLOMBIANO;1
SORA;Olga Lucia Cruz Cuevas;ALMA - OXÍGENO;1
SORA;Oscar Yovany Montenegro Salcedo;CR-NUEVO LIBERALISMO;1
SORA;Partido De La U - Partido Mira;PARTIDO DE LA U - PARTIDO MIRA;1
SORA;Partido Político Dignidad & Compromiso;PARTIDO POLÍTICO DIGNIDAD & COMPROMISO;1
SORACA;Pacto Histórico Boyacá;PACTO HISTÓRICO BOYACÁ;401
SORACA;Wilder Ivan Suesca Ochoa;PARTIDO CONSERVADOR - MOVIMIENTO SALVACIÓN NACIONAL;309
SORACA;Jose Dario Mahecha Castillo;PARTIDO CONSERVADOR - MOVIMIENTO SALVACIÓN NACIONAL;223
SORACA;Ramiro Barragan Adame;PARTIDO ALIANZA VERDE;218
SORACA;Fabian Camilo Rojas Barrera;CR-NUEVO LIBERALISMO;183
SORACA;Oscar Leonardo Avila Romero;PARTIDO LIBERAL COLOMBIANO;124
SORACA;Hector David Chaparro Chaparro;PARTIDO LIBERAL COLOMBIANO;118
SORACA;Jaime Raul Salamanca Torres;PARTIDO ALIANZA VERDE;99
SORACA;Yamit Noe Hurtado Neira;PARTIDO ALIANZA VERDE;84
SORACA;Diana Paola Herrera Nuñez;PARTIDO LIBERAL COLOMBIANO;79
SORACA;Hernel David Ortega Gomez;PARTIDO CONSERVADOR - MOVIMIENTO SALVACIÓN NACIONAL;70
SORACA;Adelinda Numpaque Sarmiento;PARTIDO ALIANZA VERDE;59
SORACA;Eduar Alexis Triana Rincon;PARTIDO CENTRO DEMOCRÁTICO;55
SORACA;Jicly Esgardo Mutis Isaza;PARTIDO CENTRO DEMOCRÁTICO;53
SORACA;Hector Josue Camacho Acosta;CR-NUEVO LIBERALISMO;51
SORACA;Partido Centro Democrático;PARTIDO CENTRO DEMOCRÁTICO;50
SORACA;Ingrid Marlen Sogamoso Alfonso;PARTIDO CONSERVADOR - MOVIMIENTO SALVACIÓN NACIONAL;47
SORACA;Jairo Enrique Castiblanco Parra;PARTIDO DE LA U - PARTIDO MIRA;47
SORACA;Partido Alianza Verde;PARTIDO ALIANZA VERDE;34
SORACA;Partido Conservador - Movimiento Salvación Naciona L;PARTIDO CONSERVADOR - MOVIMIENTO SALVACIÓN NACIONAL;34
SORACA;Laura Cristina Monroy Bayona;CR-NUEVO LIBERALISMO;27
SORACA;Vivian Andrea Nieto Florez;PARTIDO ALIANZA VERDE;25
SORACA;Nancy Yaneth Zapata Pachon;PARTIDO DE LA U - PARTIDO MIRA;22
SORACA;Delci Del Carmen Urbano;PARTIDO CENTRO DEMOCRÁTICO;18
SORACA;Fredy Alexander Garzon Rojas;PARTIDO CENTRO DEMOCRÁTICO;18
SORACA;Cr-Nuevo Liberalismo;CR-NUEVO LIBERALISMO;16
SORACA;Nubia Jacqueline Caro Perez;PARTIDO LIBERAL COLOMBIANO;16
SORACA;John Alberto Moreno Galindo;PARTIDO CONSERVADOR - MOVIMIENTO SALVACIÓN NACIONAL;15
SORACA;Partido Liberal Colombiano;PARTIDO LIBERAL COLOMBIANO;15
SORACA;Yury Neill Diaz Aranguren;PARTIDO DE LA U - PARTIDO MIRA;13
SORACA;Gloria Cecilia Palacios Guastar;PARTIDO CONSERVADOR - MOVIMIENTO SALVACIÓN NACIONAL;11
SORACA;Nicolas Felipe Urbano Villamil;PARTIDO LIBERAL COLOMBIANO;11
SORACA;Oscar Yovany Montenegro Salcedo;CR-NUEVO LIBERALISMO;11
SORACA;Vicente Anibal Ojeda Martinez;CR-NUEVO LIBERALISMO;11
SORACA;Consejo Comunitario El Naranjo;CONSEJO COMUNITARIO EL NARANJO;8
SORACA;Giovanny Andres Gomez Palomino;ALMA - OXÍGENO;8
SORACA;Lorena Cenith De La Cruz Rodriguez;CONSEJO COMUNITARIO MANUEL ZAPATA OLIVELLA DE SAN ANTERO;7
SORACA;Nadia Alexandra Carreño Avella;CR-NUEVO LIBERALISMO;7
SORACA;Ricardo Antonio Agudelo Guiza;ALMA - OXÍGENO;7
SORACA;William Donato Gomez;PARTIDO ALIANZA VERDE;7
SORACA;Javier Araque Elaica;PARTIDO POLÍTICO DIGNIDAD & COMPROMISO;6
SORACA;Jhonatan David Holguin Cruz;PARTIDO CENTRO DEMOCRÁTICO;6
SORACA;Alma - Oxígeno;ALMA - OXÍGENO;5
SORACA;Camilo Andres Caicedo Silva;PARTIDO LIBERAL COLOMBIANO;5
SORACA;Eduardo David Suarez Moreno;ALMA - OXÍGENO;5
SORACA;Humphrey Roa Sarmiento;PARTIDO DE LA U - PARTIDO MIRA;5
SORACA;Kenda Lucia Caldera Garavito;PARTIDO CENTRO DEMOCRÁTICO;4
SORACA;Olga Niño Rojas;PARTIDO POLÍTICO DIGNIDAD & COMPROMISO;4
SORACA;Partido De La U - Partido Mira;PARTIDO DE LA U - PARTIDO MIRA;4
SORACA;Afroslibres;AFROSLIBRES;3
SORACA;Carolina Geiringer Ortega;ALMA - OXÍGENO;3
SORACA;Olga Lucia Cruz Cuevas;ALMA - OXÍGENO;3
SORACA;Graciela Ramirez Monroy;PARTIDO POLÍTICO DIGNIDAD & COMPROMISO;2
SORACA;Jose De Los Angeles Fernandez Palacios;PARTIDO POLÍTICO DIGNIDAD & COMPROMISO;2
SORACA;Magnolia Morales Zamora;PARTIDO INDÍGENA COLOMBIANO P.I.C;2
SORACA;Manuel Steven Alvarez Pulido;PARTIDO DE LA U - PARTIDO MIRA;2
SORACA;Valentina Gutierrez Araujo;"MOVIMIENTO ALTERNATIVO INDÍGENA Y SOCIAL ""MAIS""";2
SORACA;Edgar Fernando Farfan Corzo;PARTIDO POLÍTICO DIGNIDAD & COMPROMISO;1
SORACA;Layoneth Grandas Villamil;PARTIDO POLÍTICO DIGNIDAD & COMPROMISO;1
SORACA;Lenin Jesus Mendoza Perez;ASOCONEG;1
SORACA;Oswaldo Jose Ochoa Albor;AFROSLIBRES;1
SORACA;Partido Político Dignidad & Compromiso;PARTIDO POLÍTICO DIGNIDAD & COMPROMISO;1
SOTAQUIRA;Jaime Raul Salamanca Torres;PARTIDO ALIANZA VERDE;904
SOTAQUIRA;Hector David Chaparro Chaparro;PARTIDO LIBERAL COLOMBIANO;513
SOTAQUIRA;Pacto Histórico Boyacá;PACTO HISTÓRICO BOYACÁ;344
SOTAQUIRA;Oscar Leonardo Avila Romero;PARTIDO LIBERAL COLOMBIANO;296
SOTAQUIRA;Wilder Ivan Suesca Ochoa;PARTIDO CONSERVADOR - MOVIMIENTO SALVACIÓN NACIONAL;225
SOTAQUIRA;Hernel David Ortega Gomez;PARTIDO CONSERVADOR - MOVIMIENTO SALVACIÓN NACIONAL;117
SOTAQUIRA;Eduar Alexis Triana Rincon;PARTIDO CENTRO DEMOCRÁTICO;69
SOTAQUIRA;Yamit Noe Hurtado Neira;PARTIDO ALIANZA VERDE;69
SOTAQUIRA;Partido Centro Democrático;PARTIDO CENTRO DEMOCRÁTICO;65
SOTAQUIRA;Partido Alianza Verde;PARTIDO ALIANZA VERDE;55
SOTAQUIRA;Ramiro Barragan Adame;PARTIDO ALIANZA VERDE;52
SOTAQUIRA;Partido Liberal Colombiano;PARTIDO LIBERAL COLOMBIANO;49
SOTAQUIRA;Jicly Esgardo Mutis Isaza;PARTIDO CENTRO DEMOCRÁTICO;40
SOTAQUIRA;Delci Del Carmen Urbano;PARTIDO CENTRO DEMOCRÁTICO;36
SOTAQUIRA;Jose Dario Mahecha Castillo;PARTIDO CONSERVADOR - MOVIMIENTO SALVACIÓN NACIONAL;36
SOTAQUIRA;Partido Conservador - Movimiento Salvación Naciona L;PARTIDO CONSERVADOR - MOVIMIENTO SALVACIÓN NACIONAL;27
SOTAQUIRA;Ingrid Marlen Sogamoso Alfonso;PARTIDO CONSERVADOR - MOVIMIENTO SALVACIÓN NACIONAL;23
SOTAQUIRA;Adelinda Numpaque Sarmiento;PARTIDO ALIANZA VERDE;20
SOTAQUIRA;Javier Araque Elaica;PARTIDO POLÍTICO DIGNIDAD & COMPROMISO;20
SOTAQUIRA;Fredy Alexander Garzon Rojas;PARTIDO CENTRO DEMOCRÁTICO;19
SOTAQUIRA;Fabian Camilo Rojas Barrera;CR-NUEVO LIBERALISMO;16
SOTAQUIRA;Diana Paola Herrera Nuñez;PARTIDO LIBERAL COLOMBIANO;15
SOTAQUIRA;Vivian Andrea Nieto Florez;PARTIDO ALIANZA VERDE;15
SOTAQUIRA;Nadia Alexandra Carreño Avella;CR-NUEVO LIBERALISMO;13
SOTAQUIRA;Vicente Anibal Ojeda Martinez;CR-NUEVO LIBERALISMO;13
SOTAQUIRA;Camilo Andres Caicedo Silva;PARTIDO LIBERAL COLOMBIANO;10
SOTAQUIRA;Hector Josue Camacho Acosta;CR-NUEVO LIBERALISMO;10
SOTAQUIRA;Nicolas Felipe Urbano Villamil;PARTIDO LIBERAL COLOMBIANO;10
SOTAQUIRA;Ricardo Antonio Agudelo Guiza;ALMA - OXÍGENO;10
SOTAQUIRA;John Alberto Moreno Galindo;PARTIDO CONSERVADOR - MOVIMIENTO SALVACIÓN NACIONAL;9
SOTAQUIRA;Alma - Oxígeno;ALMA - OXÍGENO;8
SOTAQUIRA;Laura Cristina Monroy Bayona;CR-NUEVO LIBERALISMO;8
SOTAQUIRA;Eduardo David Suarez Moreno;ALMA - OXÍGENO;7
SOTAQUIRA;Gloria Cecilia Palacios Guastar;PARTIDO CONSERVADOR - MOVIMIENTO SALVACIÓN NACIONAL;7
SOTAQUIRA;Jairo Enrique Castiblanco Parra;PARTIDO DE LA U - PARTIDO MIRA;7
SOTAQUIRA;Jhonatan David Holguin Cruz;PARTIDO CENTRO DEMOCRÁTICO;7
SOTAQUIRA;Cr-Nuevo Liberalismo;CR-NUEVO LIBERALISMO;6
SOTAQUIRA;Olga Lucia Cruz Cuevas;ALMA - OXÍGENO;6
SOTAQUIRA;Oscar Yovany Montenegro Salcedo;CR-NUEVO LIBERALISMO;6
SOTAQUIRA;Partido De La U - Partido Mira;PARTIDO DE LA U - PARTIDO MIRA;6
SOTAQUIRA;Libi Puerto Granados;PARTIDO DE LA U - PARTIDO MIRA;5
SOTAQUIRA;Nancy Yaneth Zapata Pachon;PARTIDO DE LA U - PARTIDO MIRA;5
SOTAQUIRA;Yury Neill Diaz Aranguren;PARTIDO DE LA U - PARTIDO MIRA;5
SOTAQUIRA;Nubia Jacqueline Caro Perez;PARTIDO LIBERAL COLOMBIANO;4
SOTAQUIRA;Giovanny Andres Gomez Palomino;ALMA - OXÍGENO;3
SOTAQUIRA;Kenda Lucia Caldera Garavito;PARTIDO CENTRO DEMOCRÁTICO;3
SOTAQUIRA;Manuel Steven Alvarez Pulido;PARTIDO DE LA U - PARTIDO MIRA;3
SOTAQUIRA;Rumaldo Rojas Ramirez;ALMA - OXÍGENO;3
SOTAQUIRA;Edgar Fernando Farfan Corzo;PARTIDO POLÍTICO DIGNIDAD & COMPROMISO;2
SOTAQUIRA;Graciela Ramirez Monroy;PARTIDO POLÍTICO DIGNIDAD & COMPROMISO;2
SOTAQUIRA;Jose De Los Angeles Fernandez Palacios;PARTIDO POLÍTICO DIGNIDAD & COMPROMISO;2
SOTAQUIRA;Olga Niño Rojas;PARTIDO POLÍTICO DIGNIDAD & COMPROMISO;2
SOTAQUIRA;William Donato Gomez;PARTIDO ALIANZA VERDE;2
SOTAQUIRA;Consejo Comunitario El Naranjo;CONSEJO COMUNITARIO EL NARANJO;1
SOTAQUIRA;Consejo Comunitario La Gran Vía De Los Remedios;CONSEJO COMUNITARIO LA GRAN VÍA DE LOS REMEDIOS;1
SOTAQUIRA;Consejo Comunitario Río De Guaduas - Chigorodó;CONSEJO COMUNITARIO RÍO DE GUADUAS - CHIGORODÓ;1
SOTAQUIRA;Humphrey Roa Sarmiento;PARTIDO DE LA U - PARTIDO MIRA;1
SUSACON;Hector Josue Camacho Acosta;CR-NUEVO LIBERALISMO;736
SUSACON;Pacto Histórico Boyacá;PACTO HISTÓRICO BOYACÁ;96
SUSACON;Jicly Esgardo Mutis Isaza;PARTIDO CENTRO DEMOCRÁTICO;56
SUSACON;Jaime Raul Salamanca Torres;PARTIDO ALIANZA VERDE;45
SUSACON;Jose Dario Mahecha Castillo;PARTIDO CONSERVADOR - MOVIMIENTO SALVACIÓN NACIONAL;35
SUSACON;Partido Centro Democrático;PARTIDO CENTRO DEMOCRÁTICO;33
SUSACON;Yamit Noe Hurtado Neira;PARTIDO ALIANZA VERDE;31
SUSACON;Ramiro Barragan Adame;PARTIDO ALIANZA VERDE;24
SUSACON;Adelinda Numpaque Sarmiento;PARTIDO ALIANZA VERDE;19
SUSACON;Ingrid Marlen Sogamoso Alfonso;PARTIDO CONSERVADOR - MOVIMIENTO SALVACIÓN NACIONAL;15
SUSACON;Cr-Nuevo Liberalismo;CR-NUEVO LIBERALISMO;11
SUSACON;Diana Paola Herrera Nuñez;PARTIDO LIBERAL COLOMBIANO;11
SUSACON;Fabian Camilo Rojas Barrera;CR-NUEVO LIBERALISMO;10
SUSACON;Partido Alianza Verde;PARTIDO ALIANZA VERDE;10
SUSACON;Wilder Ivan Suesca Ochoa;PARTIDO CONSERVADOR - MOVIMIENTO SALVACIÓN NACIONAL;9
SUSACON;Camilo Andres Caicedo Silva;PARTIDO LIBERAL COLOMBIANO;8
SUSACON;Hernel David Ortega Gomez;PARTIDO CONSERVADOR - MOVIMIENTO SALVACIÓN NACIONAL;8
SUSACON;Gloria Cecilia Palacios Guastar;PARTIDO CONSERVADOR - MOVIMIENTO SALVACIÓN NACIONAL;7
SUSACON;Eduar Alexis Triana Rincon;PARTIDO CENTRO DEMOCRÁTICO;6
SUSACON;Delci Del Carmen Urbano;PARTIDO CENTRO DEMOCRÁTICO;5
SUSACON;Nadia Alexandra Carreño Avella;CR-NUEVO LIBERALISMO;5
SUSACON;Partido Conservador - Movimiento Salvación Naciona L;PARTIDO CONSERVADOR - MOVIMIENTO SALVACIÓN NACIONAL;5
SUSACON;Jairo Enrique Castiblanco Parra;PARTIDO DE LA U - PARTIDO MIRA;4
SUSACON;Vicente Anibal Ojeda Martinez;CR-NUEVO LIBERALISMO;4
SUSACON;Fredy Alexander Garzon Rojas;PARTIDO CENTRO DEMOCRÁTICO;3
SUSACON;Hector David Chaparro Chaparro;PARTIDO LIBERAL COLOMBIANO;3
SUSACON;John Alberto Moreno Galindo;PARTIDO CONSERVADOR - MOVIMIENTO SALVACIÓN NACIONAL;3
SUSACON;Vivian Andrea Nieto Florez;PARTIDO ALIANZA VERDE;3
SUSACON;William Donato Gomez;PARTIDO ALIANZA VERDE;3
SUSACON;Alma - Oxígeno;ALMA - OXÍGENO;2
SUSACON;Carolina Geiringer Ortega;ALMA - OXÍGENO;2
SUSACON;Jhonatan David Holguin Cruz;PARTIDO CENTRO DEMOCRÁTICO;2
SUSACON;Kenda Lucia Caldera Garavito;PARTIDO CENTRO DEMOCRÁTICO;2
SUSACON;Nancy Yaneth Zapata Pachon;PARTIDO DE LA U - PARTIDO MIRA;2
SUSACON;Olga Niño Rojas;PARTIDO POLÍTICO DIGNIDAD & COMPROMISO;2
SUSACON;Oscar Leonardo Avila Romero;PARTIDO LIBERAL COLOMBIANO;2
SUSACON;Partido De La U - Partido Mira;PARTIDO DE LA U - PARTIDO MIRA;2
SUSACON;Partido Liberal Colombiano;PARTIDO LIBERAL COLOMBIANO;2
SUSACON;Edgar Fernando Farfan Corzo;PARTIDO POLÍTICO DIGNIDAD & COMPROMISO;1
SUSACON;Eduardo David Suarez Moreno;ALMA - OXÍGENO;1
SUSACON;Giovanny Andres Gomez Palomino;ALMA - OXÍGENO;1
SUSACON;Jorge Ivan Mina Lasso;CONSEJO COMUNITARIO MANUEL ZAPATA OLIVELLA DE SAN ANTERO;1
SUSACON;Laura Cristina Monroy Bayona;CR-NUEVO LIBERALISMO;1
SUSACON;Manuel Steven Alvarez Pulido;PARTIDO DE LA U - PARTIDO MIRA;1
SUSACON;Nubia Jacqueline Caro Perez;PARTIDO LIBERAL COLOMBIANO;1
SUSACON;Partido Político Dignidad & Compromiso;PARTIDO POLÍTICO DIGNIDAD & COMPROMISO;1
SUSACON;Rumaldo Rojas Ramirez;ALMA - OXÍGENO;1
SUSACON;Yury Neill Diaz Aranguren;PARTIDO DE LA U - PARTIDO MIRA;1
SUTAMARCHAN;Yamit Noe Hurtado Neira;PARTIDO ALIANZA VERDE;1308
SUTAMARCHAN;Diana Paola Herrera Nuñez;PARTIDO LIBERAL COLOMBIANO;321
SUTAMARCHAN;Pacto Histórico Boyacá;PACTO HISTÓRICO BOYACÁ;309
SUTAMARCHAN;Hector David Chaparro Chaparro;PARTIDO LIBERAL COLOMBIANO;254
SUTAMARCHAN;Ramiro Barragan Adame;PARTIDO ALIANZA VERDE;121
SUTAMARCHAN;Eduar Alexis Triana Rincon;PARTIDO CENTRO DEMOCRÁTICO;107
SUTAMARCHAN;Jicly Esgardo Mutis Isaza;PARTIDO CENTRO DEMOCRÁTICO;96
SUTAMARCHAN;Jairo Enrique Castiblanco Parra;PARTIDO DE LA U - PARTIDO MIRA;89
SUTAMARCHAN;Ingrid Marlen Sogamoso Alfonso;PARTIDO CONSERVADOR - MOVIMIENTO SALVACIÓN NACIONAL;80
SUTAMARCHAN;Partido Centro Democrático;PARTIDO CENTRO DEMOCRÁTICO;74
SUTAMARCHAN;Jaime Raul Salamanca Torres;PARTIDO ALIANZA VERDE;73
SUTAMARCHAN;Partido Alianza Verde;PARTIDO ALIANZA VERDE;64
SUTAMARCHAN;Hector Josue Camacho Acosta;CR-NUEVO LIBERALISMO;41
SUTAMARCHAN;Jose Dario Mahecha Castillo;PARTIDO CONSERVADOR - MOVIMIENTO SALVACIÓN NACIONAL;38
SUTAMARCHAN;Wilder Ivan Suesca Ochoa;PARTIDO CONSERVADOR - MOVIMIENTO SALVACIÓN NACIONAL;30
SUTAMARCHAN;Adelinda Numpaque Sarmiento;PARTIDO ALIANZA VERDE;23
SUTAMARCHAN;Oscar Leonardo Avila Romero;PARTIDO LIBERAL COLOMBIANO;21
SUTAMARCHAN;Delci Del Carmen Urbano;PARTIDO CENTRO DEMOCRÁTICO;17
SUTAMARCHAN;Fredy Alexander Garzon Rojas;PARTIDO CENTRO DEMOCRÁTICO;17
SUTAMARCHAN;Edgar Fernando Farfan Corzo;PARTIDO POLÍTICO DIGNIDAD & COMPROMISO;13
SUTAMARCHAN;Nancy Yaneth Zapata Pachon;PARTIDO DE LA U - PARTIDO MIRA;11
SUTAMARCHAN;Vivian Andrea Nieto Florez;PARTIDO ALIANZA VERDE;11
SUTAMARCHAN;Partido Conservador - Movimiento Salvación Naciona L;PARTIDO CONSERVADOR - MOVIMIENTO SALVACIÓN NACIONAL;10
SUTAMARCHAN;Partido Liberal Colombiano;PARTIDO LIBERAL COLOMBIANO;10
SUTAMARCHAN;Hernel David Ortega Gomez;PARTIDO CONSERVADOR - MOVIMIENTO SALVACIÓN NACIONAL;9
SUTAMARCHAN;Kenda Lucia Caldera Garavito;PARTIDO CENTRO DEMOCRÁTICO;9
SUTAMARCHAN;Camilo Andres Caicedo Silva;PARTIDO LIBERAL COLOMBIANO;7
SUTAMARCHAN;Nicolas Felipe Urbano Villamil;PARTIDO LIBERAL COLOMBIANO;7
SUTAMARCHAN;Nubia Jacqueline Caro Perez;PARTIDO LIBERAL COLOMBIANO;7
SUTAMARCHAN;Fabian Camilo Rojas Barrera;CR-NUEVO LIBERALISMO;6
SUTAMARCHAN;Jhonatan David Holguin Cruz;PARTIDO CENTRO DEMOCRÁTICO;6
SUTAMARCHAN;John Alberto Moreno Galindo;PARTIDO CONSERVADOR - MOVIMIENTO SALVACIÓN NACIONAL;6
SUTAMARCHAN;Nadia Alexandra Carreño Avella;CR-NUEVO LIBERALISMO;6
SUTAMARCHAN;William Donato Gomez;PARTIDO ALIANZA VERDE;6
SUTAMARCHAN;Alma - Oxígeno;ALMA - OXÍGENO;5
SUTAMARCHAN;Eduardo David Suarez Moreno;ALMA - OXÍGENO;5
SUTAMARCHAN;Gloria Cecilia Palacios Guastar;PARTIDO CONSERVADOR - MOVIMIENTO SALVACIÓN NACIONAL;5
SUTAMARCHAN;Laura Cristina Monroy Bayona;CR-NUEVO LIBERALISMO;5
SUTAMARCHAN;Consejo Comunitario El Naranjo;CONSEJO COMUNITARIO EL NARANJO;4
SUTAMARCHAN;Oscar Yovany Montenegro Salcedo;CR-NUEVO LIBERALISMO;4
SUTAMARCHAN;Yury Neill Diaz Aranguren;PARTIDO DE LA U - PARTIDO MIRA;4
SUTAMARCHAN;Humphrey Roa Sarmiento;PARTIDO DE LA U - PARTIDO MIRA;3
SUTAMARCHAN;Javier Araque Elaica;PARTIDO POLÍTICO DIGNIDAD & COMPROMISO;3
SUTAMARCHAN;Cr-Nuevo Liberalismo;CR-NUEVO LIBERALISMO;2
SUTAMARCHAN;Giovanny Andres Gomez Palomino;ALMA - OXÍGENO;2
SUTAMARCHAN;Jorge Andres Gonzalez Silva;CONSEJO COMUNITARIO MANUEL ZAPATA OLIVELLA DE SAN ANTERO;2
SUTAMARCHAN;Manuel Steven Alvarez Pulido;PARTIDO DE LA U - PARTIDO MIRA;2
SUTAMARCHAN;Partido De La U - Partido Mira;PARTIDO DE LA U - PARTIDO MIRA;2
SUTAMARCHAN;Vicente Anibal Ojeda Martinez;CR-NUEVO LIBERALISMO;2
SUTAMARCHAN;Afroemprendimiento;AFROEMPRENDIMIENTO;1
SUTAMARCHAN;Consejo Comunitario De Comunidades Negras Cuenca R Ío Ovejas;CONSEJO COMUNITARIO DE COMUNIDADES NEGRAS CUENCA RÍO OVEJAS;1
SUTAMARCHAN;Darly Palacios Quejada;EXPRESIÓN AFRO, AMBIENTAL Y CULTURAL COLOMBIA CON DIGNIDAD;1
SUTAMARCHAN;Graciela Ramirez Monroy;PARTIDO POLÍTICO DIGNIDAD & COMPROMISO;1
SUTAMARCHAN;Partido Político Dignidad & Compromiso;PARTIDO POLÍTICO DIGNIDAD & COMPROMISO;1
SUTAMARCHAN;Rumaldo Rojas Ramirez;ALMA - OXÍGENO;1
SUTATENZA;Ingrid Marlen Sogamoso Alfonso;PARTIDO CONSERVADOR - MOVIMIENTO SALVACIÓN NACIONAL;500
SUTATENZA;Oscar Yovany Montenegro Salcedo;CR-NUEVO LIBERALISMO;480
SUTATENZA;Pacto Histórico Boyacá;PACTO HISTÓRICO BOYACÁ;203
SUTATENZA;Yamit Noe Hurtado Neira;PARTIDO ALIANZA VERDE;152
SUTATENZA;Eduar Alexis Triana Rincon;PARTIDO CENTRO DEMOCRÁTICO;103
SUTATENZA;Jose Dario Mahecha Castillo;PARTIDO CONSERVADOR - MOVIMIENTO SALVACIÓN NACIONAL;68
SUTATENZA;Jaime Raul Salamanca Torres;PARTIDO ALIANZA VERDE;64
SUTATENZA;Wilder Ivan Suesca Ochoa;PARTIDO CONSERVADOR - MOVIMIENTO SALVACIÓN NACIONAL;63
SUTATENZA;Partido Centro Democrático;PARTIDO CENTRO DEMOCRÁTICO;40
SUTATENZA;Partido Conservador - Movimiento Salvación Naciona L;PARTIDO CONSERVADOR - MOVIMIENTO SALVACIÓN NACIONAL;37
SUTATENZA;Jairo Enrique Castiblanco Parra;PARTIDO DE LA U - PARTIDO MIRA;31
SUTATENZA;Hernel David Ortega Gomez;PARTIDO CONSERVADOR - MOVIMIENTO SALVACIÓN NACIONAL;27
SUTATENZA;Jicly Esgardo Mutis Isaza;PARTIDO CENTRO DEMOCRÁTICO;21
SUTATENZA;Fredy Alexander Garzon Rojas;PARTIDO CENTRO DEMOCRÁTICO;19
SUTATENZA;Delci Del Carmen Urbano;PARTIDO CENTRO DEMOCRÁTICO;16
SUTATENZA;Fabian Camilo Rojas Barrera;CR-NUEVO LIBERALISMO;14
SUTATENZA;Adelinda Numpaque Sarmiento;PARTIDO ALIANZA VERDE;13
SUTATENZA;Hector David Chaparro Chaparro;PARTIDO LIBERAL COLOMBIANO;11
SUTATENZA;Nadia Alexandra Carreño Avella;CR-NUEVO LIBERALISMO;11
SUTATENZA;Partido Alianza Verde;PARTIDO ALIANZA VERDE;10
SUTATENZA;Cr-Nuevo Liberalismo;CR-NUEVO LIBERALISMO;9
SUTATENZA;Hector Josue Camacho Acosta;CR-NUEVO LIBERALISMO;9
SUTATENZA;Vivian Andrea Nieto Florez;PARTIDO ALIANZA VERDE;8
SUTATENZA;Ramiro Barragan Adame;PARTIDO ALIANZA VERDE;7
SUTATENZA;Camilo Andres Caicedo Silva;PARTIDO LIBERAL COLOMBIANO;6
SUTATENZA;Eduardo David Suarez Moreno;ALMA - OXÍGENO;6
SUTATENZA;Nancy Yaneth Zapata Pachon;PARTIDO DE LA U - PARTIDO MIRA;6
SUTATENZA;Vicente Anibal Ojeda Martinez;CR-NUEVO LIBERALISMO;5
SUTATENZA;Edgar Fernando Farfan Corzo;PARTIDO POLÍTICO DIGNIDAD & COMPROMISO;4
SUTATENZA;Graciela Ramirez Monroy;PARTIDO POLÍTICO DIGNIDAD & COMPROMISO;4
SUTATENZA;Jhonatan David Holguin Cruz;PARTIDO CENTRO DEMOCRÁTICO;4
SUTATENZA;Partido Liberal Colombiano;PARTIDO LIBERAL COLOMBIANO;4
SUTATENZA;Humphrey Roa Sarmiento;PARTIDO DE LA U - PARTIDO MIRA;3
SUTATENZA;Javier Araque Elaica;PARTIDO POLÍTICO DIGNIDAD & COMPROMISO;3
SUTATENZA;Laura Cristina Monroy Bayona;CR-NUEVO LIBERALISMO;3
SUTATENZA;Manuel Steven Alvarez Pulido;PARTIDO DE LA U - PARTIDO MIRA;3
SUTATENZA;Nubia Jacqueline Caro Perez;PARTIDO LIBERAL COLOMBIANO;3
SUTATENZA;Olga Lucia Cruz Cuevas;ALMA - OXÍGENO;3
SUTATENZA;Partido Político Dignidad & Compromiso;PARTIDO POLÍTICO DIGNIDAD & COMPROMISO;3
SUTATENZA;William Donato Gomez;PARTIDO ALIANZA VERDE;3
SUTATENZA;Consejo Comunitario El Naranjo;CONSEJO COMUNITARIO EL NARANJO;2
SUTATENZA;Gloria Cecilia Palacios Guastar;PARTIDO CONSERVADOR - MOVIMIENTO SALVACIÓN NACIONAL;2
SUTATENZA;Oscar Leonardo Avila Romero;PARTIDO LIBERAL COLOMBIANO;2
SUTATENZA;Partido De La U - Partido Mira;PARTIDO DE LA U - PARTIDO MIRA;2
SUTATENZA;Ricardo Antonio Agudelo Guiza;ALMA - OXÍGENO;2
SUTATENZA;Yury Neill Diaz Aranguren;PARTIDO DE LA U - PARTIDO MIRA;2
SUTATENZA;"Asociación Afrocolombiana ""Asomakidzon""";"ASOCIACIÓN AFROCOLOMBIANA ""ASOMAKIDZON""";1
SUTATENZA;Diana Paola Herrera Nuñez;PARTIDO LIBERAL COLOMBIANO;1
SUTATENZA;Diego Armando Sanchez Arboleda;C.C. DE LA COMUNIDAD NEGRA DE LA VEREDA EL ESFUERZO;1
SUTATENZA;Giovanny Andres Gomez Palomino;ALMA - OXÍGENO;1
SUTATENZA;Jorge Ivan Mina Lasso;CONSEJO COMUNITARIO MANUEL ZAPATA OLIVELLA DE SAN ANTERO;1
SUTATENZA;Nicolas Felipe Urbano Villamil;PARTIDO LIBERAL COLOMBIANO;1
SUTATENZA;Olga Niño Rojas;PARTIDO POLÍTICO DIGNIDAD & COMPROMISO;1
SUTATENZA;Rumaldo Rojas Ramirez;ALMA - OXÍGENO;1
SUTATENZA;Valentina Gutierrez Araujo;"MOVIMIENTO ALTERNATIVO INDÍGENA Y SOCIAL ""MAIS""";1
TASCO;Hector David Chaparro Chaparro;PARTIDO LIBERAL COLOMBIANO;415
TASCO;Pacto Histórico Boyacá;PACTO HISTÓRICO BOYACÁ;341
TASCO;Jairo Enrique Castiblanco Parra;PARTIDO DE LA U - PARTIDO MIRA;159
TASCO;Eduar Alexis Triana Rincon;PARTIDO CENTRO DEMOCRÁTICO;143
TASCO;Fabian Camilo Rojas Barrera;CR-NUEVO LIBERALISMO;106
TASCO;Nancy Yaneth Zapata Pachon;PARTIDO DE LA U - PARTIDO MIRA;104
TASCO;Jaime Raul Salamanca Torres;PARTIDO ALIANZA VERDE;93
TASCO;Partido Centro Democrático;PARTIDO CENTRO DEMOCRÁTICO;73
TASCO;Jicly Esgardo Mutis Isaza;PARTIDO CENTRO DEMOCRÁTICO;70
TASCO;Ramiro Barragan Adame;PARTIDO ALIANZA VERDE;49
TASCO;Yamit Noe Hurtado Neira;PARTIDO ALIANZA VERDE;40
TASCO;Diana Paola Herrera Nuñez;PARTIDO LIBERAL COLOMBIANO;35
TASCO;Partido Alianza Verde;PARTIDO ALIANZA VERDE;31
TASCO;Gloria Cecilia Palacios Guastar;PARTIDO CONSERVADOR - MOVIMIENTO SALVACIÓN NACIONAL;29
TASCO;Vicente Anibal Ojeda Martinez;CR-NUEVO LIBERALISMO;29
TASCO;Vivian Andrea Nieto Florez;PARTIDO ALIANZA VERDE;26
TASCO;Oscar Leonardo Avila Romero;PARTIDO LIBERAL COLOMBIANO;25
TASCO;Hernel David Ortega Gomez;PARTIDO CONSERVADOR - MOVIMIENTO SALVACIÓN NACIONAL;21
TASCO;Delci Del Carmen Urbano;PARTIDO CENTRO DEMOCRÁTICO;19
TASCO;Jose Dario Mahecha Castillo;PARTIDO CONSERVADOR - MOVIMIENTO SALVACIÓN NACIONAL;19
TASCO;Adelinda Numpaque Sarmiento;PARTIDO ALIANZA VERDE;16
TASCO;Camilo Andres Caicedo Silva;PARTIDO LIBERAL COLOMBIANO;16
TASCO;Fredy Alexander Garzon Rojas;PARTIDO CENTRO DEMOCRÁTICO;15
TASCO;Partido Conservador - Movimiento Salvación Naciona L;PARTIDO CONSERVADOR - MOVIMIENTO SALVACIÓN NACIONAL;15
TASCO;Partido Liberal Colombiano;PARTIDO LIBERAL COLOMBIANO;15
TASCO;Nicolas Felipe Urbano Villamil;PARTIDO LIBERAL COLOMBIANO;12
TASCO;William Donato Gomez;PARTIDO ALIANZA VERDE;12
TASCO;Nadia Alexandra Carreño Avella;CR-NUEVO LIBERALISMO;11
TASCO;Ingrid Marlen Sogamoso Alfonso;PARTIDO CONSERVADOR - MOVIMIENTO SALVACIÓN NACIONAL;10
TASCO;Oscar Yovany Montenegro Salcedo;CR-NUEVO LIBERALISMO;10
TASCO;Wilder Ivan Suesca Ochoa;PARTIDO CONSERVADOR - MOVIMIENTO SALVACIÓN NACIONAL;10
TASCO;Nubia Jacqueline Caro Perez;PARTIDO LIBERAL COLOMBIANO;9
TASCO;Alma - Oxígeno;ALMA - OXÍGENO;8
TASCO;Javier Araque Elaica;PARTIDO POLÍTICO DIGNIDAD & COMPROMISO;8
TASCO;Jhonatan David Holguin Cruz;PARTIDO CENTRO DEMOCRÁTICO;8
TASCO;Hector Josue Camacho Acosta;CR-NUEVO LIBERALISMO;7
TASCO;Kenda Lucia Caldera Garavito;PARTIDO CENTRO DEMOCRÁTICO;7
TASCO;Yury Neill Diaz Aranguren;PARTIDO DE LA U - PARTIDO MIRA;7
TASCO;Cr-Nuevo Liberalismo;CR-NUEVO LIBERALISMO;5
TASCO;Partido De La U - Partido Mira;PARTIDO DE LA U - PARTIDO MIRA;5
TASCO;Ricardo Antonio Agudelo Guiza;ALMA - OXÍGENO;5
TASCO;Edgar Fernando Farfan Corzo;PARTIDO POLÍTICO DIGNIDAD & COMPROMISO;4
TASCO;Laura Cristina Monroy Bayona;CR-NUEVO LIBERALISMO;4
TASCO;Eduardo David Suarez Moreno;ALMA - OXÍGENO;3
TASCO;Rumaldo Rojas Ramirez;ALMA - OXÍGENO;3
TASCO;Consejo Comunitario El Naranjo;CONSEJO COMUNITARIO EL NARANJO;2
TASCO;Humphrey Roa Sarmiento;PARTIDO DE LA U - PARTIDO MIRA;2
TASCO;Libi Puerto Granados;PARTIDO DE LA U - PARTIDO MIRA;2
TASCO;Olga Lucia Cruz Cuevas;ALMA - OXÍGENO;2
TASCO;Olga Niño Rojas;PARTIDO POLÍTICO DIGNIDAD & COMPROMISO;2
TASCO;Partido Político Dignidad & Compromiso;PARTIDO POLÍTICO DIGNIDAD & COMPROMISO;2
TASCO;Diana Paola Ramos Medina;CONSEJO COMUNITARIO DE QUINAMAYO;1
TASCO;Giovanny Andres Gomez Palomino;ALMA - OXÍGENO;1
TASCO;John Alberto Moreno Galindo;PARTIDO CONSERVADOR - MOVIMIENTO SALVACIÓN NACIONAL;1
TASCO;Jorge Andres Gonzalez Silva;CONSEJO COMUNITARIO MANUEL ZAPATA OLIVELLA DE SAN ANTERO;1
TASCO;Manuel Steven Alvarez Pulido;PARTIDO DE LA U - PARTIDO MIRA;1
TENZA;Yamit Noe Hurtado Neira;PARTIDO ALIANZA VERDE;549
TENZA;Pacto Histórico Boyacá;PACTO HISTÓRICO BOYACÁ;174
TENZA;Oscar Yovany Montenegro Salcedo;CR-NUEVO LIBERALISMO;141
TENZA;Ingrid Marlen Sogamoso Alfonso;PARTIDO CONSERVADOR - MOVIMIENTO SALVACIÓN NACIONAL;140
TENZA;Ramiro Barragan Adame;PARTIDO ALIANZA VERDE;85
TENZA;Jaime Raul Salamanca Torres;PARTIDO ALIANZA VERDE;83
TENZA;Partido Alianza Verde;PARTIDO ALIANZA VERDE;66
TENZA;Partido Centro Democrático;PARTIDO CENTRO DEMOCRÁTICO;37
TENZA;Nancy Yaneth Zapata Pachon;PARTIDO DE LA U - PARTIDO MIRA;28
TENZA;Wilder Ivan Suesca Ochoa;PARTIDO CONSERVADOR - MOVIMIENTO SALVACIÓN NACIONAL;21
TENZA;Partido Conservador - Movimiento Salvación Naciona L;PARTIDO CONSERVADOR - MOVIMIENTO SALVACIÓN NACIONAL;14
TENZA;Delci Del Carmen Urbano;PARTIDO CENTRO DEMOCRÁTICO;13
TENZA;Eduar Alexis Triana Rincon;PARTIDO CENTRO DEMOCRÁTICO;13
TENZA;Jose Dario Mahecha Castillo;PARTIDO CONSERVADOR - MOVIMIENTO SALVACIÓN NACIONAL;11
TENZA;Fredy Alexander Garzon Rojas;PARTIDO CENTRO DEMOCRÁTICO;10
TENZA;Hector David Chaparro Chaparro;PARTIDO LIBERAL COLOMBIANO;10
TENZA;Hernel David Ortega Gomez;PARTIDO CONSERVADOR - MOVIMIENTO SALVACIÓN NACIONAL;10
TENZA;Fabian Camilo Rojas Barrera;CR-NUEVO LIBERALISMO;9
TENZA;Jicly Esgardo Mutis Isaza;PARTIDO CENTRO DEMOCRÁTICO;9
TENZA;Adelinda Numpaque Sarmiento;PARTIDO ALIANZA VERDE;8
TENZA;Jose De Los Angeles Fernandez Palacios;PARTIDO POLÍTICO DIGNIDAD & COMPROMISO;6
TENZA;Vivian Andrea Nieto Florez;PARTIDO ALIANZA VERDE;6
TENZA;Jairo Enrique Castiblanco Parra;PARTIDO DE LA U - PARTIDO MIRA;5
TENZA;Kenda Lucia Caldera Garavito;PARTIDO CENTRO DEMOCRÁTICO;5
TENZA;Hector Josue Camacho Acosta;CR-NUEVO LIBERALISMO;4
TENZA;Vicente Anibal Ojeda Martinez;CR-NUEVO LIBERALISMO;4
TENZA;William Donato Gomez;PARTIDO ALIANZA VERDE;4
TENZA;Yury Neill Diaz Aranguren;PARTIDO DE LA U - PARTIDO MIRA;4
TENZA;Graciela Ramirez Monroy;PARTIDO POLÍTICO DIGNIDAD & COMPROMISO;3
TENZA;Laura Cristina Monroy Bayona;CR-NUEVO LIBERALISMO;3
TENZA;Carolina Geiringer Ortega;ALMA - OXÍGENO;2
TENZA;Edgar Fernando Farfan Corzo;PARTIDO POLÍTICO DIGNIDAD & COMPROMISO;2
TENZA;Eduardo David Suarez Moreno;ALMA - OXÍGENO;2
TENZA;Jhonatan David Holguin Cruz;PARTIDO CENTRO DEMOCRÁTICO;2
TENZA;John Alberto Moreno Galindo;PARTIDO CONSERVADOR - MOVIMIENTO SALVACIÓN NACIONAL;2
TENZA;Partido Liberal Colombiano;PARTIDO LIBERAL COLOMBIANO;2
TENZA;Ricardo Antonio Agudelo Guiza;ALMA - OXÍGENO;2
TENZA;Alma - Oxígeno;ALMA - OXÍGENO;1
TENZA;Consejo Comunitario El Naranjo;CONSEJO COMUNITARIO EL NARANJO;1
TENZA;Cr-Nuevo Liberalismo;CR-NUEVO LIBERALISMO;1
TENZA;Humphrey Roa Sarmiento;PARTIDO DE LA U - PARTIDO MIRA;1
TENZA;Javier Araque Elaica;PARTIDO POLÍTICO DIGNIDAD & COMPROMISO;1
TENZA;Manuel Steven Alvarez Pulido;PARTIDO DE LA U - PARTIDO MIRA;1
TENZA;Nubia Jacqueline Caro Perez;PARTIDO LIBERAL COLOMBIANO;1
TENZA;Olga Lucia Cruz Cuevas;ALMA - OXÍGENO;1
TENZA;Partido Indígena Colombiano P.I.C;PARTIDO INDÍGENA COLOMBIANO P.I.C;1
TENZA;Partido Político Dignidad & Compromiso;PARTIDO POLÍTICO DIGNIDAD & COMPROMISO;1
TIBANA;Ramiro Barragan Adame;PARTIDO ALIANZA VERDE;509
TIBANA;Pacto Histórico Boyacá;PACTO HISTÓRICO BOYACÁ;325
TIBANA;Yamit Noe Hurtado Neira;PARTIDO ALIANZA VERDE;307
TIBANA;Hector David Chaparro Chaparro;PARTIDO LIBERAL COLOMBIANO;232
TIBANA;Jaime Raul Salamanca Torres;PARTIDO ALIANZA VERDE;221
TIBANA;Ingrid Marlen Sogamoso Alfonso;PARTIDO CONSERVADOR - MOVIMIENTO SALVACIÓN NACIONAL;136
TIBANA;Nubia Jacqueline Caro Perez;PARTIDO LIBERAL COLOMBIANO;102
TIBANA;Fabian Camilo Rojas Barrera;CR-NUEVO LIBERALISMO;80
TIBANA;Vicente Anibal Ojeda Martinez;CR-NUEVO LIBERALISMO;76
TIBANA;Partido Centro Democrático;PARTIDO CENTRO DEMOCRÁTICO;69
TIBANA;Partido Alianza Verde;PARTIDO ALIANZA VERDE;68
TIBANA;Nancy Yaneth Zapata Pachon;PARTIDO DE LA U - PARTIDO MIRA;59
TIBANA;Partido Liberal Colombiano;PARTIDO LIBERAL COLOMBIANO;40
TIBANA;Delci Del Carmen Urbano;PARTIDO CENTRO DEMOCRÁTICO;22
TIBANA;Partido Conservador - Movimiento Salvación Naciona L;PARTIDO CONSERVADOR - MOVIMIENTO SALVACIÓN NACIONAL;21
TIBANA;Eduar Alexis Triana Rincon;PARTIDO CENTRO DEMOCRÁTICO;20
TIBANA;Oscar Leonardo Avila Romero;PARTIDO LIBERAL COLOMBIANO;19
TIBANA;Wilder Ivan Suesca Ochoa;PARTIDO CONSERVADOR - MOVIMIENTO SALVACIÓN NACIONAL;19
TIBANA;Camilo Andres Caicedo Silva;PARTIDO LIBERAL COLOMBIANO;17
TIBANA;Diana Paola Herrera Nuñez;PARTIDO LIBERAL COLOMBIANO;17
TIBANA;Jairo Enrique Castiblanco Parra;PARTIDO DE LA U - PARTIDO MIRA;17
TIBANA;Vivian Andrea Nieto Florez;PARTIDO ALIANZA VERDE;17
TIBANA;Hernel David Ortega Gomez;PARTIDO CONSERVADOR - MOVIMIENTO SALVACIÓN NACIONAL;16
TIBANA;Jicly Esgardo Mutis Isaza;PARTIDO CENTRO DEMOCRÁTICO;16
TIBANA;John Alberto Moreno Galindo;PARTIDO CONSERVADOR - MOVIMIENTO SALVACIÓN NACIONAL;16
TIBANA;Jose Dario Mahecha Castillo;PARTIDO CONSERVADOR - MOVIMIENTO SALVACIÓN NACIONAL;16
TIBANA;Adelinda Numpaque Sarmiento;PARTIDO ALIANZA VERDE;15
TIBANA;Cr-Nuevo Liberalismo;CR-NUEVO LIBERALISMO;14
TIBANA;Nicolas Felipe Urbano Villamil;PARTIDO LIBERAL COLOMBIANO;14
TIBANA;Oscar Yovany Montenegro Salcedo;CR-NUEVO LIBERALISMO;12
TIBANA;Fredy Alexander Garzon Rojas;PARTIDO CENTRO DEMOCRÁTICO;11
TIBANA;Kenda Lucia Caldera Garavito;PARTIDO CENTRO DEMOCRÁTICO;11
TIBANA;Jhonatan David Holguin Cruz;PARTIDO CENTRO DEMOCRÁTICO;8
TIBANA;Carolina Geiringer Ortega;ALMA - OXÍGENO;7
TIBANA;Alma - Oxígeno;ALMA - OXÍGENO;6
TIBANA;Gloria Cecilia Palacios Guastar;PARTIDO CONSERVADOR - MOVIMIENTO SALVACIÓN NACIONAL;6
TIBANA;Nadia Alexandra Carreño Avella;CR-NUEVO LIBERALISMO;6
TIBANA;Partido De La U - Partido Mira;PARTIDO DE LA U - PARTIDO MIRA;6
TIBANA;Yury Neill Diaz Aranguren;PARTIDO DE LA U - PARTIDO MIRA;5
TIBANA;Eduardo David Suarez Moreno;ALMA - OXÍGENO;4
TIBANA;Graciela Ramirez Monroy;PARTIDO POLÍTICO DIGNIDAD & COMPROMISO;4
TIBANA;Ricardo Antonio Agudelo Guiza;ALMA - OXÍGENO;4
TIBANA;William Donato Gomez;PARTIDO ALIANZA VERDE;4
TIBANA;Consejo Comunitario El Naranjo;CONSEJO COMUNITARIO EL NARANJO;3
TIBANA;Hector Josue Camacho Acosta;CR-NUEVO LIBERALISMO;3
TIBANA;Humphrey Roa Sarmiento;PARTIDO DE LA U - PARTIDO MIRA;3
TIBANA;Jose De Los Angeles Fernandez Palacios;PARTIDO POLÍTICO DIGNIDAD & COMPROMISO;3
TIBANA;Laura Cristina Monroy Bayona;CR-NUEVO LIBERALISMO;3
TIBANA;Rumaldo Rojas Ramirez;ALMA - OXÍGENO;3
TIBANA;Consejo Comunitario La Gran Vía De Los Remedios;CONSEJO COMUNITARIO LA GRAN VÍA DE LOS REMEDIOS;2
TIBANA;Edgar Fernando Farfan Corzo;PARTIDO POLÍTICO DIGNIDAD & COMPROMISO;2
TIBANA;Libi Puerto Granados;PARTIDO DE LA U - PARTIDO MIRA;2
TIBANA;Olga Lucia Cruz Cuevas;ALMA - OXÍGENO;2
TIBANA;Partido Político Dignidad & Compromiso;PARTIDO POLÍTICO DIGNIDAD & COMPROMISO;2
TIBANA;Afroemprendimiento;AFROEMPRENDIMIENTO;1
TIBANA;Giovanny Andres Gomez Palomino;ALMA - OXÍGENO;1
TIBASOSA;Pacto Histórico Boyacá;PACTO HISTÓRICO BOYACÁ;1179
TIBASOSA;Gloria Cecilia Palacios Guastar;PARTIDO CONSERVADOR - MOVIMIENTO SALVACIÓN NACIONAL;1001
TIBASOSA;Ingrid Marlen Sogamoso Alfonso;PARTIDO CONSERVADOR - MOVIMIENTO SALVACIÓN NACIONAL;648
TIBASOSA;Jaime Raul Salamanca Torres;PARTIDO ALIANZA VERDE;331
TIBASOSA;Diana Paola Herrera Nuñez;PARTIDO LIBERAL COLOMBIANO;291
TIBASOSA;Ramiro Barragan Adame;PARTIDO ALIANZA VERDE;219
TIBASOSA;Hector David Chaparro Chaparro;PARTIDO LIBERAL COLOMBIANO;192
TIBASOSA;Partido Centro Democrático;PARTIDO CENTRO DEMOCRÁTICO;116
TIBASOSA;Jairo Enrique Castiblanco Parra;PARTIDO DE LA U - PARTIDO MIRA;86
TIBASOSA;Fabian Camilo Rojas Barrera;CR-NUEVO LIBERALISMO;84
TIBASOSA;Wilder Ivan Suesca Ochoa;PARTIDO CONSERVADOR - MOVIMIENTO SALVACIÓN NACIONAL;77
TIBASOSA;Jose Dario Mahecha Castillo;PARTIDO CONSERVADOR - MOVIMIENTO SALVACIÓN NACIONAL;70
TIBASOSA;Vivian Andrea Nieto Florez;PARTIDO ALIANZA VERDE;66
TIBASOSA;Delci Del Carmen Urbano;PARTIDO CENTRO DEMOCRÁTICO;65
TIBASOSA;Oscar Leonardo Avila Romero;PARTIDO LIBERAL COLOMBIANO;65
TIBASOSA;Nadia Alexandra Carreño Avella;CR-NUEVO LIBERALISMO;64
TIBASOSA;Partido Conservador - Movimiento Salvación Naciona L;PARTIDO CONSERVADOR - MOVIMIENTO SALVACIÓN NACIONAL;59
TIBASOSA;Jicly Esgardo Mutis Isaza;PARTIDO CENTRO DEMOCRÁTICO;56
TIBASOSA;Nancy Yaneth Zapata Pachon;PARTIDO DE LA U - PARTIDO MIRA;50
TIBASOSA;Yamit Noe Hurtado Neira;PARTIDO ALIANZA VERDE;50
TIBASOSA;Laura Cristina Monroy Bayona;CR-NUEVO LIBERALISMO;46
TIBASOSA;Eduar Alexis Triana Rincon;PARTIDO CENTRO DEMOCRÁTICO;44
TIBASOSA;Jhonatan David Holguin Cruz;PARTIDO CENTRO DEMOCRÁTICO;44
TIBASOSA;Hector Josue Camacho Acosta;CR-NUEVO LIBERALISMO;38
TIBASOSA;Partido Alianza Verde;PARTIDO ALIANZA VERDE;34
TIBASOSA;Adelinda Numpaque Sarmiento;PARTIDO ALIANZA VERDE;32
TIBASOSA;Hernel David Ortega Gomez;PARTIDO CONSERVADOR - MOVIMIENTO SALVACIÓN NACIONAL;29
TIBASOSA;William Donato Gomez;PARTIDO ALIANZA VERDE;23
TIBASOSA;Rumaldo Rojas Ramirez;ALMA - OXÍGENO;19
TIBASOSA;Partido Liberal Colombiano;PARTIDO LIBERAL COLOMBIANO;16
TIBASOSA;Yury Neill Diaz Aranguren;PARTIDO DE LA U - PARTIDO MIRA;16
TIBASOSA;Consejo Comunitario El Naranjo;CONSEJO COMUNITARIO EL NARANJO;15
TIBASOSA;Cr-Nuevo Liberalismo;CR-NUEVO LIBERALISMO;14
TIBASOSA;Nicolas Felipe Urbano Villamil;PARTIDO LIBERAL COLOMBIANO;14
TIBASOSA;Graciela Ramirez Monroy;PARTIDO POLÍTICO DIGNIDAD & COMPROMISO;13
TIBASOSA;Vicente Anibal Ojeda Martinez;CR-NUEVO LIBERALISMO;13
TIBASOSA;Eduardo David Suarez Moreno;ALMA - OXÍGENO;12
TIBASOSA;Fredy Alexander Garzon Rojas;PARTIDO CENTRO DEMOCRÁTICO;12
TIBASOSA;Kenda Lucia Caldera Garavito;PARTIDO CENTRO DEMOCRÁTICO;11
TIBASOSA;Alma - Oxígeno;ALMA - OXÍGENO;10
TIBASOSA;Manuel Steven Alvarez Pulido;PARTIDO DE LA U - PARTIDO MIRA;10
TIBASOSA;Javier Araque Elaica;PARTIDO POLÍTICO DIGNIDAD & COMPROMISO;7
TIBASOSA;John Alberto Moreno Galindo;PARTIDO CONSERVADOR - MOVIMIENTO SALVACIÓN NACIONAL;7
TIBASOSA;Libi Puerto Granados;PARTIDO DE LA U - PARTIDO MIRA;7
TIBASOSA;Nubia Jacqueline Caro Perez;PARTIDO LIBERAL COLOMBIANO;6
TIBASOSA;Oscar Yovany Montenegro Salcedo;CR-NUEVO LIBERALISMO;6
TIBASOSA;Olga Niño Rojas;PARTIDO POLÍTICO DIGNIDAD & COMPROMISO;5
TIBASOSA;Partido De La U - Partido Mira;PARTIDO DE LA U - PARTIDO MIRA;5
TIBASOSA;Camilo Andres Caicedo Silva;PARTIDO LIBERAL COLOMBIANO;4
TIBASOSA;Layoneth Grandas Villamil;PARTIDO POLÍTICO DIGNIDAD & COMPROMISO;4
TIBASOSA;Consejo Comunitario La Gran Vía De Los Remedios;CONSEJO COMUNITARIO LA GRAN VÍA DE LOS REMEDIOS;3
TIBASOSA;Partido Político Dignidad & Compromiso;PARTIDO POLÍTICO DIGNIDAD & COMPROMISO;3
TIBASOSA;Afroslibres;AFROSLIBRES;2
TIBASOSA;Carlos Mario Calvo Largo;MOVIMIENTO UNIDAD EN MINGA POR COLOMBIA;2
TIBASOSA;Carolina Geiringer Ortega;ALMA - OXÍGENO;2
TIBASOSA;Edgar Fernando Farfan Corzo;PARTIDO POLÍTICO DIGNIDAD & COMPROMISO;2
TIBASOSA;Giovanny Andres Gomez Palomino;ALMA - OXÍGENO;2
TIBASOSA;Ricardo Antonio Agudelo Guiza;ALMA - OXÍGENO;2
TIBASOSA;Diana Paola Ramos Medina;CONSEJO COMUNITARIO DE QUINAMAYO;1
TIBASOSA;Humphrey Roa Sarmiento;PARTIDO DE LA U - PARTIDO MIRA;1
TIBASOSA;Jorge Andres Gonzalez Silva;CONSEJO COMUNITARIO MANUEL ZAPATA OLIVELLA DE SAN ANTERO;1
TIBASOSA;Jorge Ivan Mina Lasso;CONSEJO COMUNITARIO MANUEL ZAPATA OLIVELLA DE SAN ANTERO;1
TIBASOSA;Leudin Hurtado Caicedo;CONSEJO COMUNITARIO DE QUINAMAYO;1
TIBASOSA;Olga Lucia Cruz Cuevas;ALMA - OXÍGENO;1
TINJACA;Pacto Histórico Boyacá;PACTO HISTÓRICO BOYACÁ;286
TINJACA;Yamit Noe Hurtado Neira;PARTIDO ALIANZA VERDE;270
TINJACA;Ramiro Barragan Adame;PARTIDO ALIANZA VERDE;233
TINJACA;Ingrid Marlen Sogamoso Alfonso;PARTIDO CONSERVADOR - MOVIMIENTO SALVACIÓN NACIONAL;212
TINJACA;Eduar Alexis Triana Rincon;PARTIDO CENTRO DEMOCRÁTICO;145
TINJACA;Partido Centro Democrático;PARTIDO CENTRO DEMOCRÁTICO;61
TINJACA;Diana Paola Herrera Nuñez;PARTIDO LIBERAL COLOMBIANO;45
TINJACA;Hector David Chaparro Chaparro;PARTIDO LIBERAL COLOMBIANO;35
TINJACA;Jaime Raul Salamanca Torres;PARTIDO ALIANZA VERDE;34
TINJACA;Wilder Ivan Suesca Ochoa;PARTIDO CONSERVADOR - MOVIMIENTO SALVACIÓN NACIONAL;32
TINJACA;Jose Dario Mahecha Castillo;PARTIDO CONSERVADOR - MOVIMIENTO SALVACIÓN NACIONAL;23
TINJACA;Adelinda Numpaque Sarmiento;PARTIDO ALIANZA VERDE;21
TINJACA;Partido Alianza Verde;PARTIDO ALIANZA VERDE;19
TINJACA;Delci Del Carmen Urbano;PARTIDO CENTRO DEMOCRÁTICO;18
TINJACA;Jicly Esgardo Mutis Isaza;PARTIDO CENTRO DEMOCRÁTICO;18
TINJACA;Vivian Andrea Nieto Florez;PARTIDO ALIANZA VERDE;17
TINJACA;Jairo Enrique Castiblanco Parra;PARTIDO DE LA U - PARTIDO MIRA;16
TINJACA;John Alberto Moreno Galindo;PARTIDO CONSERVADOR - MOVIMIENTO SALVACIÓN NACIONAL;16
TINJACA;Partido Conservador - Movimiento Salvación Naciona L;PARTIDO CONSERVADOR - MOVIMIENTO SALVACIÓN NACIONAL;14
TINJACA;Fabian Camilo Rojas Barrera;CR-NUEVO LIBERALISMO;11
TINJACA;Fredy Alexander Garzon Rojas;PARTIDO CENTRO DEMOCRÁTICO;9
TINJACA;Hector Josue Camacho Acosta;CR-NUEVO LIBERALISMO;9
TINJACA;Humphrey Roa Sarmiento;PARTIDO DE LA U - PARTIDO MIRA;9
TINJACA;Nancy Yaneth Zapata Pachon;PARTIDO DE LA U - PARTIDO MIRA;9
TINJACA;Hernel David Ortega Gomez;PARTIDO CONSERVADOR - MOVIMIENTO SALVACIÓN NACIONAL;8
TINJACA;Nicolas Felipe Urbano Villamil;PARTIDO LIBERAL COLOMBIANO;8
TINJACA;Gloria Cecilia Palacios Guastar;PARTIDO CONSERVADOR - MOVIMIENTO SALVACIÓN NACIONAL;7
TINJACA;Vicente Anibal Ojeda Martinez;CR-NUEVO LIBERALISMO;7
TINJACA;Partido Liberal Colombiano;PARTIDO LIBERAL COLOMBIANO;6
TINJACA;Yury Neill Diaz Aranguren;PARTIDO DE LA U - PARTIDO MIRA;6
TINJACA;Consejo Comunitario La Gran Vía De Los Remedios;CONSEJO COMUNITARIO LA GRAN VÍA DE LOS REMEDIOS;5
TINJACA;Consejo Comunitario El Naranjo;CONSEJO COMUNITARIO EL NARANJO;4
TINJACA;Eduardo David Suarez Moreno;ALMA - OXÍGENO;4
TINJACA;Graciela Ramirez Monroy;PARTIDO POLÍTICO DIGNIDAD & COMPROMISO;4
TINJACA;Kenda Lucia Caldera Garavito;PARTIDO CENTRO DEMOCRÁTICO;4
TINJACA;Oscar Leonardo Avila Romero;PARTIDO LIBERAL COLOMBIANO;4
TINJACA;William Donato Gomez;PARTIDO ALIANZA VERDE;4
TINJACA;Camilo Andres Caicedo Silva;PARTIDO LIBERAL COLOMBIANO;3
TINJACA;Edgar Fernando Farfan Corzo;PARTIDO POLÍTICO DIGNIDAD & COMPROMISO;3
TINJACA;Olga Lucia Cruz Cuevas;ALMA - OXÍGENO;3
TINJACA;Oscar Yovany Montenegro Salcedo;CR-NUEVO LIBERALISMO;3
TINJACA;Doris Elena Jacanamijoy Jacanamijoy;"MOVIMIENTO ALTERNATIVO INDÍGENA Y SOCIAL ""MAIS""";2
TINJACA;Jhonatan David Holguin Cruz;PARTIDO CENTRO DEMOCRÁTICO;2
TINJACA;Laura Cristina Monroy Bayona;CR-NUEVO LIBERALISMO;2
TINJACA;Nubia Jacqueline Caro Perez;PARTIDO LIBERAL COLOMBIANO;2
TINJACA;Alma - Oxígeno;ALMA - OXÍGENO;1
TINJACA;Camilo Rivera Soto;CONSEJO COMUNITARIO AFROZABALETAS;1
TINJACA;Cr-Nuevo Liberalismo;CR-NUEVO LIBERALISMO;1
TINJACA;Diego Armando Sanchez Arboleda;C.C. DE LA COMUNIDAD NEGRA DE LA VEREDA EL ESFUERZO;1
TINJACA;Jose De Los Angeles Fernandez Palacios;PARTIDO POLÍTICO DIGNIDAD & COMPROMISO;1
TINJACA;Libi Puerto Granados;PARTIDO DE LA U - PARTIDO MIRA;1
TINJACA;Olga Niño Rojas;PARTIDO POLÍTICO DIGNIDAD & COMPROMISO;1
TINJACA;Partido De La U - Partido Mira;PARTIDO DE LA U - PARTIDO MIRA;1
TINJACA;Ricardo Antonio Agudelo Guiza;ALMA - OXÍGENO;1
TIPACOQUE;Yamit Noe Hurtado Neira;PARTIDO ALIANZA VERDE;309
TIPACOQUE;Fabian Camilo Rojas Barrera;CR-NUEVO LIBERALISMO;141
TIPACOQUE;Pacto Histórico Boyacá;PACTO HISTÓRICO BOYACÁ;104
TIPACOQUE;Eduar Alexis Triana Rincon;PARTIDO CENTRO DEMOCRÁTICO;100
TIPACOQUE;Jaime Raul Salamanca Torres;PARTIDO ALIANZA VERDE;88
TIPACOQUE;Jairo Enrique Castiblanco Parra;PARTIDO DE LA U - PARTIDO MIRA;85
TIPACOQUE;Jicly Esgardo Mutis Isaza;PARTIDO CENTRO DEMOCRÁTICO;82
TIPACOQUE;Camilo Andres Caicedo Silva;PARTIDO LIBERAL COLOMBIANO;71
TIPACOQUE;Hector Josue Camacho Acosta;CR-NUEVO LIBERALISMO;64
TIPACOQUE;Hector David Chaparro Chaparro;PARTIDO LIBERAL COLOMBIANO;57
TIPACOQUE;Ramiro Barragan Adame;PARTIDO ALIANZA VERDE;55
TIPACOQUE;Diana Paola Herrera Nuñez;PARTIDO LIBERAL COLOMBIANO;53
TIPACOQUE;Partido Centro Democrático;PARTIDO CENTRO DEMOCRÁTICO;48
TIPACOQUE;Adelinda Numpaque Sarmiento;PARTIDO ALIANZA VERDE;45
TIPACOQUE;Partido Alianza Verde;PARTIDO ALIANZA VERDE;27
TIPACOQUE;Delci Del Carmen Urbano;PARTIDO CENTRO DEMOCRÁTICO;16
TIPACOQUE;Ingrid Marlen Sogamoso Alfonso;PARTIDO CONSERVADOR - MOVIMIENTO SALVACIÓN NACIONAL;16
TIPACOQUE;Vivian Andrea Nieto Florez;PARTIDO ALIANZA VERDE;15
TIPACOQUE;Laura Cristina Monroy Bayona;CR-NUEVO LIBERALISMO;13
TIPACOQUE;Partido Liberal Colombiano;PARTIDO LIBERAL COLOMBIANO;11
TIPACOQUE;Fredy Alexander Garzon Rojas;PARTIDO CENTRO DEMOCRÁTICO;8
TIPACOQUE;Jose Dario Mahecha Castillo;PARTIDO CONSERVADOR - MOVIMIENTO SALVACIÓN NACIONAL;7
TIPACOQUE;Kenda Lucia Caldera Garavito;PARTIDO CENTRO DEMOCRÁTICO;6
TIPACOQUE;Nadia Alexandra Carreño Avella;CR-NUEVO LIBERALISMO;6
TIPACOQUE;Partido Conservador - Movimiento Salvación Naciona L;PARTIDO CONSERVADOR - MOVIMIENTO SALVACIÓN NACIONAL;6
TIPACOQUE;William Donato Gomez;PARTIDO ALIANZA VERDE;6
TIPACOQUE;Alma - Oxígeno;ALMA - OXÍGENO;5
TIPACOQUE;Cr-Nuevo Liberalismo;CR-NUEVO LIBERALISMO;5
TIPACOQUE;Hernel David Ortega Gomez;PARTIDO CONSERVADOR - MOVIMIENTO SALVACIÓN NACIONAL;5
TIPACOQUE;Jhonatan David Holguin Cruz;PARTIDO CENTRO DEMOCRÁTICO;5
TIPACOQUE;Nicolas Felipe Urbano Villamil;PARTIDO LIBERAL COLOMBIANO;5
TIPACOQUE;Vicente Anibal Ojeda Martinez;CR-NUEVO LIBERALISMO;5
TIPACOQUE;Wilder Ivan Suesca Ochoa;PARTIDO CONSERVADOR - MOVIMIENTO SALVACIÓN NACIONAL;5
TIPACOQUE;Carolina Geiringer Ortega;ALMA - OXÍGENO;4
TIPACOQUE;Nancy Yaneth Zapata Pachon;PARTIDO DE LA U - PARTIDO MIRA;4
TIPACOQUE;Oscar Leonardo Avila Romero;PARTIDO LIBERAL COLOMBIANO;4
TIPACOQUE;Oscar Yovany Montenegro Salcedo;CR-NUEVO LIBERALISMO;4
TIPACOQUE;Consejo Comunitario El Naranjo;CONSEJO COMUNITARIO EL NARANJO;3
TIPACOQUE;Eduardo David Suarez Moreno;ALMA - OXÍGENO;3
TIPACOQUE;Humphrey Roa Sarmiento;PARTIDO DE LA U - PARTIDO MIRA;2
TIPACOQUE;Javier Araque Elaica;PARTIDO POLÍTICO DIGNIDAD & COMPROMISO;2
TIPACOQUE;Olga Lucia Cruz Cuevas;ALMA - OXÍGENO;2
TIPACOQUE;Partido De La U - Partido Mira;PARTIDO DE LA U - PARTIDO MIRA;2
TIPACOQUE;Ricardo Antonio Agudelo Guiza;ALMA - OXÍGENO;2
TIPACOQUE;Camilo Rivera Soto;CONSEJO COMUNITARIO AFROZABALETAS;1
TIPACOQUE;Consejo Comunitario La Gran Vía De Los Remedios;CONSEJO COMUNITARIO LA GRAN VÍA DE LOS REMEDIOS;1
TIPACOQUE;Giovanny Andres Gomez Palomino;ALMA - OXÍGENO;1
TIPACOQUE;Gloria Cecilia Palacios Guastar;PARTIDO CONSERVADOR - MOVIMIENTO SALVACIÓN NACIONAL;1
TIPACOQUE;John Alberto Moreno Galindo;PARTIDO CONSERVADOR - MOVIMIENTO SALVACIÓN NACIONAL;1
TIPACOQUE;Libi Puerto Granados;PARTIDO DE LA U - PARTIDO MIRA;1
TIPACOQUE;Nubia Jacqueline Caro Perez;PARTIDO LIBERAL COLOMBIANO;1
TIPACOQUE;Partido Político Dignidad & Compromiso;PARTIDO POLÍTICO DIGNIDAD & COMPROMISO;1
TIPACOQUE;Yury Neill Diaz Aranguren;PARTIDO DE LA U - PARTIDO MIRA;1
TOCA;Oscar Leonardo Avila Romero;PARTIDO LIBERAL COLOMBIANO;619
TOCA;Wilder Ivan Suesca Ochoa;PARTIDO CONSERVADOR - MOVIMIENTO SALVACIÓN NACIONAL;523
TOCA;Pacto Histórico Boyacá;PACTO HISTÓRICO BOYACÁ;491
TOCA;Yamit Noe Hurtado Neira;PARTIDO ALIANZA VERDE;381
TOCA;Hector David Chaparro Chaparro;PARTIDO LIBERAL COLOMBIANO;179
TOCA;Jaime Raul Salamanca Torres;PARTIDO ALIANZA VERDE;163
TOCA;Ramiro Barragan Adame;PARTIDO ALIANZA VERDE;114
TOCA;Fabian Camilo Rojas Barrera;CR-NUEVO LIBERALISMO;70
TOCA;Adelinda Numpaque Sarmiento;PARTIDO ALIANZA VERDE;69
TOCA;Partido Centro Democrático;PARTIDO CENTRO DEMOCRÁTICO;55
TOCA;Diana Paola Herrera Nuñez;PARTIDO LIBERAL COLOMBIANO;52
TOCA;Partido Alianza Verde;PARTIDO ALIANZA VERDE;52
TOCA;Hector Josue Camacho Acosta;CR-NUEVO LIBERALISMO;40
TOCA;Vivian Andrea Nieto Florez;PARTIDO ALIANZA VERDE;32
TOCA;Fredy Alexander Garzon Rojas;PARTIDO CENTRO DEMOCRÁTICO;27
TOCA;Jicly Esgardo Mutis Isaza;PARTIDO CENTRO DEMOCRÁTICO;27
TOCA;Ingrid Marlen Sogamoso Alfonso;PARTIDO CONSERVADOR - MOVIMIENTO SALVACIÓN NACIONAL;26
TOCA;Jose Dario Mahecha Castillo;PARTIDO CONSERVADOR - MOVIMIENTO SALVACIÓN NACIONAL;25
TOCA;Yury Neill Diaz Aranguren;PARTIDO DE LA U - PARTIDO MIRA;24
TOCA;Partido Conservador - Movimiento Salvación Naciona L;PARTIDO CONSERVADOR - MOVIMIENTO SALVACIÓN NACIONAL;23
TOCA;Gloria Cecilia Palacios Guastar;PARTIDO CONSERVADOR - MOVIMIENTO SALVACIÓN NACIONAL;22
TOCA;Jairo Enrique Castiblanco Parra;PARTIDO DE LA U - PARTIDO MIRA;21
TOCA;Vicente Anibal Ojeda Martinez;CR-NUEVO LIBERALISMO;21
TOCA;Partido Liberal Colombiano;PARTIDO LIBERAL COLOMBIANO;20
TOCA;Oscar Yovany Montenegro Salcedo;CR-NUEVO LIBERALISMO;19
TOCA;Hernel David Ortega Gomez;PARTIDO CONSERVADOR - MOVIMIENTO SALVACIÓN NACIONAL;18
TOCA;Delci Del Carmen Urbano;PARTIDO CENTRO DEMOCRÁTICO;16
TOCA;Camilo Andres Caicedo Silva;PARTIDO LIBERAL COLOMBIANO;13
TOCA;Jhonatan David Holguin Cruz;PARTIDO CENTRO DEMOCRÁTICO;13
TOCA;Nadia Alexandra Carreño Avella;CR-NUEVO LIBERALISMO;12
TOCA;Nicolas Felipe Urbano Villamil;PARTIDO LIBERAL COLOMBIANO;12
TOCA;Nubia Jacqueline Caro Perez;PARTIDO LIBERAL COLOMBIANO;12
TOCA;Eduar Alexis Triana Rincon;PARTIDO CENTRO DEMOCRÁTICO;11
TOCA;John Alberto Moreno Galindo;PARTIDO CONSERVADOR - MOVIMIENTO SALVACIÓN NACIONAL;10
TOCA;Consejo Comunitario El Naranjo;CONSEJO COMUNITARIO EL NARANJO;9
TOCA;Laura Cristina Monroy Bayona;CR-NUEVO LIBERALISMO;9
TOCA;Ricardo Antonio Agudelo Guiza;ALMA - OXÍGENO;7
TOCA;William Donato Gomez;PARTIDO ALIANZA VERDE;7
TOCA;Libi Puerto Granados;PARTIDO DE LA U - PARTIDO MIRA;6
TOCA;Cr-Nuevo Liberalismo;CR-NUEVO LIBERALISMO;5
TOCA;Nancy Yaneth Zapata Pachon;PARTIDO DE LA U - PARTIDO MIRA;5
TOCA;Alma - Oxígeno;ALMA - OXÍGENO;4
TOCA;Giovanny Andres Gomez Palomino;ALMA - OXÍGENO;4
TOCA;Humphrey Roa Sarmiento;PARTIDO DE LA U - PARTIDO MIRA;4
TOCA;Kenda Lucia Caldera Garavito;PARTIDO CENTRO DEMOCRÁTICO;4
TOCA;Eduardo David Suarez Moreno;ALMA - OXÍGENO;3
TOCA;Manuel Steven Alvarez Pulido;PARTIDO DE LA U - PARTIDO MIRA;3
TOCA;Partido Político Dignidad & Compromiso;PARTIDO POLÍTICO DIGNIDAD & COMPROMISO;3
TOCA;Consejo Comunitario La Gran Vía De Los Remedios;CONSEJO COMUNITARIO LA GRAN VÍA DE LOS REMEDIOS;2
TOCA;Olga Lucia Cruz Cuevas;ALMA - OXÍGENO;2
TOCA;Partido De La U - Partido Mira;PARTIDO DE LA U - PARTIDO MIRA;2
TOCA;Carolina Geiringer Ortega;ALMA - OXÍGENO;1
TOCA;Edgar Fernando Farfan Corzo;PARTIDO POLÍTICO DIGNIDAD & COMPROMISO;1
TOCA;Jose De Los Angeles Fernandez Palacios;PARTIDO POLÍTICO DIGNIDAD & COMPROMISO;1
TOCA;Layoneth Grandas Villamil;PARTIDO POLÍTICO DIGNIDAD & COMPROMISO;1
TOCA;Olga Niño Rojas;PARTIDO POLÍTICO DIGNIDAD & COMPROMISO;1
TOGUI;Eduar Alexis Triana Rincon;PARTIDO CENTRO DEMOCRÁTICO;279
TOGUI;Pacto Histórico Boyacá;PACTO HISTÓRICO BOYACÁ;196
TOGUI;Fabian Camilo Rojas Barrera;CR-NUEVO LIBERALISMO;190
TOGUI;Hector David Chaparro Chaparro;PARTIDO LIBERAL COLOMBIANO;107
TOGUI;Partido Centro Democrático;PARTIDO CENTRO DEMOCRÁTICO;83
TOGUI;Ramiro Barragan Adame;PARTIDO ALIANZA VERDE;73
TOGUI;Jose Dario Mahecha Castillo;PARTIDO CONSERVADOR - MOVIMIENTO SALVACIÓN NACIONAL;48
TOGUI;Jaime Raul Salamanca Torres;PARTIDO ALIANZA VERDE;46
TOGUI;Hernel David Ortega Gomez;PARTIDO CONSERVADOR - MOVIMIENTO SALVACIÓN NACIONAL;34
TOGUI;Yamit Noe Hurtado Neira;PARTIDO ALIANZA VERDE;30
TOGUI;Partido Liberal Colombiano;PARTIDO LIBERAL COLOMBIANO;26
TOGUI;Oscar Leonardo Avila Romero;PARTIDO LIBERAL COLOMBIANO;25
TOGUI;Partido Alianza Verde;PARTIDO ALIANZA VERDE;23
TOGUI;Jicly Esgardo Mutis Isaza;PARTIDO CENTRO DEMOCRÁTICO;22
TOGUI;Partido Conservador - Movimiento Salvación Naciona L;PARTIDO CONSERVADOR - MOVIMIENTO SALVACIÓN NACIONAL;20
TOGUI;Nancy Yaneth Zapata Pachon;PARTIDO DE LA U - PARTIDO MIRA;18
TOGUI;Wilder Ivan Suesca Ochoa;PARTIDO CONSERVADOR - MOVIMIENTO SALVACIÓN NACIONAL;18
TOGUI;Diana Paola Herrera Nuñez;PARTIDO LIBERAL COLOMBIANO;15
TOGUI;Jhonatan David Holguin Cruz;PARTIDO CENTRO DEMOCRÁTICO;14
TOGUI;Vivian Andrea Nieto Florez;PARTIDO ALIANZA VERDE;14
TOGUI;Ingrid Marlen Sogamoso Alfonso;PARTIDO CONSERVADOR - MOVIMIENTO SALVACIÓN NACIONAL;13
TOGUI;Delci Del Carmen Urbano;PARTIDO CENTRO DEMOCRÁTICO;12
TOGUI;Jairo Enrique Castiblanco Parra;PARTIDO DE LA U - PARTIDO MIRA;12
TOGUI;Nicolas Felipe Urbano Villamil;PARTIDO LIBERAL COLOMBIANO;12
TOGUI;Humphrey Roa Sarmiento;PARTIDO DE LA U - PARTIDO MIRA;10
TOGUI;Gloria Cecilia Palacios Guastar;PARTIDO CONSERVADOR - MOVIMIENTO SALVACIÓN NACIONAL;9
TOGUI;Adelinda Numpaque Sarmiento;PARTIDO ALIANZA VERDE;8
TOGUI;Camilo Andres Caicedo Silva;PARTIDO LIBERAL COLOMBIANO;8
TOGUI;John Alberto Moreno Galindo;PARTIDO CONSERVADOR - MOVIMIENTO SALVACIÓN NACIONAL;8
TOGUI;Cr-Nuevo Liberalismo;CR-NUEVO LIBERALISMO;7
TOGUI;Fredy Alexander Garzon Rojas;PARTIDO CENTRO DEMOCRÁTICO;7
TOGUI;Kenda Lucia Caldera Garavito;PARTIDO CENTRO DEMOCRÁTICO;6
TOGUI;Laura Cristina Monroy Bayona;CR-NUEVO LIBERALISMO;5
TOGUI;Olga Lucia Cruz Cuevas;ALMA - OXÍGENO;5
TOGUI;Oscar Yovany Montenegro Salcedo;CR-NUEVO LIBERALISMO;5
TOGUI;William Donato Gomez;PARTIDO ALIANZA VERDE;5
TOGUI;Hector Josue Camacho Acosta;CR-NUEVO LIBERALISMO;4
TOGUI;Vicente Anibal Ojeda Martinez;CR-NUEVO LIBERALISMO;4
TOGUI;Alma - Oxígeno;ALMA - OXÍGENO;3
TOGUI;Consejo Comunitario El Naranjo;CONSEJO COMUNITARIO EL NARANJO;3
TOGUI;Javier Araque Elaica;PARTIDO POLÍTICO DIGNIDAD & COMPROMISO;3
TOGUI;Nubia Jacqueline Caro Perez;PARTIDO LIBERAL COLOMBIANO;3
TOGUI;Libi Puerto Granados;PARTIDO DE LA U - PARTIDO MIRA;2
TOGUI;Manuel Steven Alvarez Pulido;PARTIDO DE LA U - PARTIDO MIRA;2
TOGUI;Partido Político Dignidad & Compromiso;PARTIDO POLÍTICO DIGNIDAD & COMPROMISO;2
TOGUI;Ricardo Antonio Agudelo Guiza;ALMA - OXÍGENO;2
TOGUI;Rumaldo Rojas Ramirez;ALMA - OXÍGENO;2
TOGUI;Yury Neill Diaz Aranguren;PARTIDO DE LA U - PARTIDO MIRA;2
TOGUI;Carolina Geiringer Ortega;ALMA - OXÍGENO;1
TOGUI;Consejo Comunitario La Gran Vía De Los Remedios;CONSEJO COMUNITARIO LA GRAN VÍA DE LOS REMEDIOS;1
TOGUI;Edgar Fernando Farfan Corzo;PARTIDO POLÍTICO DIGNIDAD & COMPROMISO;1
TOGUI;Eduardo David Suarez Moreno;ALMA - OXÍGENO;1
TOGUI;Giovanny Andres Gomez Palomino;ALMA - OXÍGENO;1
TOGUI;Graciela Ramirez Monroy;PARTIDO POLÍTICO DIGNIDAD & COMPROMISO;1
TOGUI;Jose De Los Angeles Fernandez Palacios;PARTIDO POLÍTICO DIGNIDAD & COMPROMISO;1
TOGUI;Nadia Alexandra Carreño Avella;CR-NUEVO LIBERALISMO;1
TOPAGA;Jose Dario Mahecha Castillo;PARTIDO CONSERVADOR - MOVIMIENTO SALVACIÓN NACIONAL;396
TOPAGA;Pacto Histórico Boyacá;PACTO HISTÓRICO BOYACÁ;190
TOPAGA;Ramiro Barragan Adame;PARTIDO ALIANZA VERDE;154
TOPAGA;Fabian Camilo Rojas Barrera;CR-NUEVO LIBERALISMO;143
TOPAGA;Yamit Noe Hurtado Neira;PARTIDO ALIANZA VERDE;107
TOPAGA;Gloria Cecilia Palacios Guastar;PARTIDO CONSERVADOR - MOVIMIENTO SALVACIÓN NACIONAL;104
TOPAGA;Ingrid Marlen Sogamoso Alfonso;PARTIDO CONSERVADOR - MOVIMIENTO SALVACIÓN NACIONAL;102
TOPAGA;Diana Paola Herrera Nuñez;PARTIDO LIBERAL COLOMBIANO;68
TOPAGA;Partido Centro Democrático;PARTIDO CENTRO DEMOCRÁTICO;65
TOPAGA;Jicly Esgardo Mutis Isaza;PARTIDO CENTRO DEMOCRÁTICO;58
TOPAGA;Hernel David Ortega Gomez;PARTIDO CONSERVADOR - MOVIMIENTO SALVACIÓN NACIONAL;37
TOPAGA;Yury Neill Diaz Aranguren;PARTIDO DE LA U - PARTIDO MIRA;37
TOPAGA;Partido Conservador - Movimiento Salvación Naciona L;PARTIDO CONSERVADOR - MOVIMIENTO SALVACIÓN NACIONAL;34
TOPAGA;Eduar Alexis Triana Rincon;PARTIDO CENTRO DEMOCRÁTICO;32
TOPAGA;Jairo Enrique Castiblanco Parra;PARTIDO DE LA U - PARTIDO MIRA;31
TOPAGA;Hector David Chaparro Chaparro;PARTIDO LIBERAL COLOMBIANO;26
TOPAGA;Delci Del Carmen Urbano;PARTIDO CENTRO DEMOCRÁTICO;25
TOPAGA;Nadia Alexandra Carreño Avella;CR-NUEVO LIBERALISMO;22
TOPAGA;Wilder Ivan Suesca Ochoa;PARTIDO CONSERVADOR - MOVIMIENTO SALVACIÓN NACIONAL;18
TOPAGA;Adelinda Numpaque Sarmiento;PARTIDO ALIANZA VERDE;16
TOPAGA;Oscar Leonardo Avila Romero;PARTIDO LIBERAL COLOMBIANO;16
TOPAGA;Jaime Raul Salamanca Torres;PARTIDO ALIANZA VERDE;15
TOPAGA;Vivian Andrea Nieto Florez;PARTIDO ALIANZA VERDE;14
TOPAGA;Camilo Andres Caicedo Silva;PARTIDO LIBERAL COLOMBIANO;10
TOPAGA;Jhonatan David Holguin Cruz;PARTIDO CENTRO DEMOCRÁTICO;10
TOPAGA;William Donato Gomez;PARTIDO ALIANZA VERDE;10
TOPAGA;John Alberto Moreno Galindo;PARTIDO CONSERVADOR - MOVIMIENTO SALVACIÓN NACIONAL;9
TOPAGA;Laura Cristina Monroy Bayona;CR-NUEVO LIBERALISMO;9
TOPAGA;Manuel Steven Alvarez Pulido;PARTIDO DE LA U - PARTIDO MIRA;8
TOPAGA;Nancy Yaneth Zapata Pachon;PARTIDO DE LA U - PARTIDO MIRA;8
TOPAGA;Partido Alianza Verde;PARTIDO ALIANZA VERDE;8
TOPAGA;Partido Liberal Colombiano;PARTIDO LIBERAL COLOMBIANO;8
TOPAGA;Giovanny Andres Gomez Palomino;ALMA - OXÍGENO;7
TOPAGA;Hector Josue Camacho Acosta;CR-NUEVO LIBERALISMO;7
TOPAGA;Alma - Oxígeno;ALMA - OXÍGENO;6
TOPAGA;Vicente Anibal Ojeda Martinez;CR-NUEVO LIBERALISMO;5
TOPAGA;Cr-Nuevo Liberalismo;CR-NUEVO LIBERALISMO;4
TOPAGA;Layoneth Grandas Villamil;PARTIDO POLÍTICO DIGNIDAD & COMPROMISO;4
TOPAGA;Nicolas Felipe Urbano Villamil;PARTIDO LIBERAL COLOMBIANO;4
TOPAGA;Eduardo David Suarez Moreno;ALMA - OXÍGENO;3
TOPAGA;Olga Niño Rojas;PARTIDO POLÍTICO DIGNIDAD & COMPROMISO;3
TOPAGA;Consejo Comunitario El Naranjo;CONSEJO COMUNITARIO EL NARANJO;2
TOPAGA;Fredy Alexander Garzon Rojas;PARTIDO CENTRO DEMOCRÁTICO;2
TOPAGA;Graciela Ramirez Monroy;PARTIDO POLÍTICO DIGNIDAD & COMPROMISO;2
TOPAGA;Oscar Yovany Montenegro Salcedo;CR-NUEVO LIBERALISMO;2
TOPAGA;Carolina Geiringer Ortega;ALMA - OXÍGENO;1
TOPAGA;Kenda Lucia Caldera Garavito;PARTIDO CENTRO DEMOCRÁTICO;1
TOPAGA;Libi Puerto Granados;PARTIDO DE LA U - PARTIDO MIRA;1
TOPAGA;Nubia Jacqueline Caro Perez;PARTIDO LIBERAL COLOMBIANO;1
TOPAGA;Olga Lucia Cruz Cuevas;ALMA - OXÍGENO;1
TOPAGA;Partido De La U - Partido Mira;PARTIDO DE LA U - PARTIDO MIRA;1
TOPAGA;Ricardo Antonio Agudelo Guiza;ALMA - OXÍGENO;1
TOTA;Yury Neill Diaz Aranguren;PARTIDO DE LA U - PARTIDO MIRA;1114
TOTA;Hector David Chaparro Chaparro;PARTIDO LIBERAL COLOMBIANO;144
TOTA;Yamit Noe Hurtado Neira;PARTIDO ALIANZA VERDE;125
TOTA;Jaime Raul Salamanca Torres;PARTIDO ALIANZA VERDE;106
TOTA;Eduar Alexis Triana Rincon;PARTIDO CENTRO DEMOCRÁTICO;64
TOTA;Pacto Histórico Boyacá;PACTO HISTÓRICO BOYACÁ;60
TOTA;Ramiro Barragan Adame;PARTIDO ALIANZA VERDE;38
TOTA;Fredy Alexander Garzon Rojas;PARTIDO CENTRO DEMOCRÁTICO;31
TOTA;Partido Centro Democrático;PARTIDO CENTRO DEMOCRÁTICO;24
TOTA;Gloria Cecilia Palacios Guastar;PARTIDO CONSERVADOR - MOVIMIENTO SALVACIÓN NACIONAL;22
TOTA;Partido De La U - Partido Mira;PARTIDO DE LA U - PARTIDO MIRA;21
TOTA;Wilder Ivan Suesca Ochoa;PARTIDO CONSERVADOR - MOVIMIENTO SALVACIÓN NACIONAL;19
TOTA;Ricardo Antonio Agudelo Guiza;ALMA - OXÍGENO;17
TOTA;Fabian Camilo Rojas Barrera;CR-NUEVO LIBERALISMO;15
TOTA;Partido Alianza Verde;PARTIDO ALIANZA VERDE;15
TOTA;Partido Liberal Colombiano;PARTIDO LIBERAL COLOMBIANO;13
TOTA;Jose Dario Mahecha Castillo;PARTIDO CONSERVADOR - MOVIMIENTO SALVACIÓN NACIONAL;12
TOTA;Alma - Oxígeno;ALMA - OXÍGENO;11
TOTA;Jairo Enrique Castiblanco Parra;PARTIDO DE LA U - PARTIDO MIRA;11
TOTA;Jhonatan David Holguin Cruz;PARTIDO CENTRO DEMOCRÁTICO;11
TOTA;Oscar Yovany Montenegro Salcedo;CR-NUEVO LIBERALISMO;11
TOTA;Diana Paola Herrera Nuñez;PARTIDO LIBERAL COLOMBIANO;10
TOTA;Manuel Steven Alvarez Pulido;PARTIDO DE LA U - PARTIDO MIRA;9
TOTA;Hector Josue Camacho Acosta;CR-NUEVO LIBERALISMO;8
TOTA;Edgar Fernando Farfan Corzo;PARTIDO POLÍTICO DIGNIDAD & COMPROMISO;7
TOTA;Humphrey Roa Sarmiento;PARTIDO DE LA U - PARTIDO MIRA;7
TOTA;Jicly Esgardo Mutis Isaza;PARTIDO CENTRO DEMOCRÁTICO;6
TOTA;Libi Puerto Granados;PARTIDO DE LA U - PARTIDO MIRA;6
TOTA;Hernel David Ortega Gomez;PARTIDO CONSERVADOR - MOVIMIENTO SALVACIÓN NACIONAL;5
TOTA;Laura Cristina Monroy Bayona;CR-NUEVO LIBERALISMO;5
TOTA;Nancy Yaneth Zapata Pachon;PARTIDO DE LA U - PARTIDO MIRA;5
TOTA;Adelinda Numpaque Sarmiento;PARTIDO ALIANZA VERDE;4
TOTA;Cristianos Por Colombia Afros;CRISTIANOS POR COLOMBIA AFROS;4
TOTA;Nadia Alexandra Carreño Avella;CR-NUEVO LIBERALISMO;4
TOTA;Partido Conservador - Movimiento Salvación Naciona L;PARTIDO CONSERVADOR - MOVIMIENTO SALVACIÓN NACIONAL;4
TOTA;Cr-Nuevo Liberalismo;CR-NUEVO LIBERALISMO;3
TOTA;Giovanny Andres Gomez Palomino;ALMA - OXÍGENO;3
TOTA;Nicolas Felipe Urbano Villamil;PARTIDO LIBERAL COLOMBIANO;3
TOTA;Oscar Leonardo Avila Romero;PARTIDO LIBERAL COLOMBIANO;3
TOTA;William Donato Gomez;PARTIDO ALIANZA VERDE;3
TOTA;Consejo Comunitario El Naranjo;CONSEJO COMUNITARIO EL NARANJO;2
TOTA;Graciela Ramirez Monroy;PARTIDO POLÍTICO DIGNIDAD & COMPROMISO;2
TOTA;Ingrid Marlen Sogamoso Alfonso;PARTIDO CONSERVADOR - MOVIMIENTO SALVACIÓN NACIONAL;2
TOTA;Rumaldo Rojas Ramirez;ALMA - OXÍGENO;2
TOTA;Vivian Andrea Nieto Florez;PARTIDO ALIANZA VERDE;2
TOTA;Consejo Comunitario La Gran Vía De Los Remedios;CONSEJO COMUNITARIO LA GRAN VÍA DE LOS REMEDIOS;1
TOTA;Delci Del Carmen Urbano;PARTIDO CENTRO DEMOCRÁTICO;1
TOTA;John Alberto Moreno Galindo;PARTIDO CONSERVADOR - MOVIMIENTO SALVACIÓN NACIONAL;1
TOTA;Nubia Jacqueline Caro Perez;PARTIDO LIBERAL COLOMBIANO;1
TOTA;Oeafrobol;OEAFROBOL;1
TOTA;Partido Político Dignidad & Compromiso;PARTIDO POLÍTICO DIGNIDAD & COMPROMISO;1
TUNJA;Pacto Histórico Boyacá;PACTO HISTÓRICO BOYACÁ;20393
TUNJA;Ramiro Barragan Adame;PARTIDO ALIANZA VERDE;4329
TUNJA;Jaime Raul Salamanca Torres;PARTIDO ALIANZA VERDE;4028
TUNJA;Yamit Noe Hurtado Neira;PARTIDO ALIANZA VERDE;3960
TUNJA;Ingrid Marlen Sogamoso Alfonso;PARTIDO CONSERVADOR - MOVIMIENTO SALVACIÓN NACIONAL;2914
TUNJA;Fabian Camilo Rojas Barrera;CR-NUEVO LIBERALISMO;2873
TUNJA;Wilder Ivan Suesca Ochoa;PARTIDO CONSERVADOR - MOVIMIENTO SALVACIÓN NACIONAL;2787
TUNJA;Hector David Chaparro Chaparro;PARTIDO LIBERAL COLOMBIANO;2365
TUNJA;Jose Dario Mahecha Castillo;PARTIDO CONSERVADOR - MOVIMIENTO SALVACIÓN NACIONAL;2261
TUNJA;Oscar Leonardo Avila Romero;PARTIDO LIBERAL COLOMBIANO;2209
TUNJA;Partido Centro Democrático;PARTIDO CENTRO DEMOCRÁTICO;2127
TUNJA;Jairo Enrique Castiblanco Parra;PARTIDO DE LA U - PARTIDO MIRA;1923
TUNJA;Eduar Alexis Triana Rincon;PARTIDO CENTRO DEMOCRÁTICO;1731
TUNJA;Vivian Andrea Nieto Florez;PARTIDO ALIANZA VERDE;1505
TUNJA;Vicente Anibal Ojeda Martinez;CR-NUEVO LIBERALISMO;1458
TUNJA;Jicly Esgardo Mutis Isaza;PARTIDO CENTRO DEMOCRÁTICO;1326
TUNJA;Diana Paola Herrera Nuñez;PARTIDO LIBERAL COLOMBIANO;1155
TUNJA;Hector Josue Camacho Acosta;CR-NUEVO LIBERALISMO;1109
TUNJA;Delci Del Carmen Urbano;PARTIDO CENTRO DEMOCRÁTICO;1093
TUNJA;Adelinda Numpaque Sarmiento;PARTIDO ALIANZA VERDE;1032
TUNJA;Nancy Yaneth Zapata Pachon;PARTIDO DE LA U - PARTIDO MIRA;937
TUNJA;Consejo Comunitario El Naranjo;CONSEJO COMUNITARIO EL NARANJO;824
TUNJA;Jhonatan David Holguin Cruz;PARTIDO CENTRO DEMOCRÁTICO;676
TUNJA;Partido Alianza Verde;PARTIDO ALIANZA VERDE;604
TUNJA;Hernel David Ortega Gomez;PARTIDO CONSERVADOR - MOVIMIENTO SALVACIÓN NACIONAL;582
TUNJA;Partido Conservador - Movimiento Salvación Naciona L;PARTIDO CONSERVADOR - MOVIMIENTO SALVACIÓN NACIONAL;545
TUNJA;Javier Araque Elaica;PARTIDO POLÍTICO DIGNIDAD & COMPROMISO;527
TUNJA;John Alberto Moreno Galindo;PARTIDO CONSERVADOR - MOVIMIENTO SALVACIÓN NACIONAL;502
TUNJA;Fredy Alexander Garzon Rojas;PARTIDO CENTRO DEMOCRÁTICO;489
TUNJA;Gloria Cecilia Palacios Guastar;PARTIDO CONSERVADOR - MOVIMIENTO SALVACIÓN NACIONAL;466
TUNJA;Nicolas Felipe Urbano Villamil;PARTIDO LIBERAL COLOMBIANO;400
TUNJA;Yury Neill Diaz Aranguren;PARTIDO DE LA U - PARTIDO MIRA;392
TUNJA;Laura Cristina Monroy Bayona;CR-NUEVO LIBERALISMO;381
TUNJA;Oscar Yovany Montenegro Salcedo;CR-NUEVO LIBERALISMO;358
TUNJA;Nadia Alexandra Carreño Avella;CR-NUEVO LIBERALISMO;295
TUNJA;Kenda Lucia Caldera Garavito;PARTIDO CENTRO DEMOCRÁTICO;293
TUNJA;William Donato Gomez;PARTIDO ALIANZA VERDE;282
TUNJA;Humphrey Roa Sarmiento;PARTIDO DE LA U - PARTIDO MIRA;258
TUNJA;Partido Liberal Colombiano;PARTIDO LIBERAL COLOMBIANO;217
TUNJA;Cr-Nuevo Liberalismo;CR-NUEVO LIBERALISMO;207
TUNJA;Nubia Jacqueline Caro Perez;PARTIDO LIBERAL COLOMBIANO;195
TUNJA;Graciela Ramirez Monroy;PARTIDO POLÍTICO DIGNIDAD & COMPROMISO;181
TUNJA;Eduardo David Suarez Moreno;ALMA - OXÍGENO;176
TUNJA;Giovanny Andres Gomez Palomino;ALMA - OXÍGENO;172
TUNJA;Camilo Andres Caicedo Silva;PARTIDO LIBERAL COLOMBIANO;167
TUNJA;Alma - Oxígeno;ALMA - OXÍGENO;121
TUNJA;Consejo Comunitario La Gran Vía De Los Remedios;CONSEJO COMUNITARIO LA GRAN VÍA DE LOS REMEDIOS;115
TUNJA;Olga Lucia Cruz Cuevas;ALMA - OXÍGENO;75
TUNJA;Ricardo Antonio Agudelo Guiza;ALMA - OXÍGENO;75
TUNJA;Libi Puerto Granados;PARTIDO DE LA U - PARTIDO MIRA;72
TUNJA;Partido De La U - Partido Mira;PARTIDO DE LA U - PARTIDO MIRA;72
TUNJA;Partido Político Dignidad & Compromiso;PARTIDO POLÍTICO DIGNIDAD & COMPROMISO;70
TUNJA;Manuel Steven Alvarez Pulido;PARTIDO DE LA U - PARTIDO MIRA;67
TUNJA;Layoneth Grandas Villamil;PARTIDO POLÍTICO DIGNIDAD & COMPROMISO;66
TUNJA;Rumaldo Rojas Ramirez;ALMA - OXÍGENO;51
TUNJA;Olga Niño Rojas;PARTIDO POLÍTICO DIGNIDAD & COMPROMISO;46
TUNJA;Carolina Geiringer Ortega;ALMA - OXÍGENO;44
TUNJA;Edgar Fernando Farfan Corzo;PARTIDO POLÍTICO DIGNIDAD & COMPROMISO;43
TUNJA;Partido Demócrata Colombiano;PARTIDO DEMÓCRATA COLOMBIANO;39
TUNJA;Afroslibres;AFROSLIBRES;26
TUNJA;Jose De Los Angeles Fernandez Palacios;PARTIDO POLÍTICO DIGNIDAD & COMPROMISO;25
TUNJA;Diego Armando Sanchez Arboleda;C.C. DE LA COMUNIDAD NEGRA DE LA VEREDA EL ESFUERZO;17
TUNJA;Valentina Gutierrez Araujo;"MOVIMIENTO ALTERNATIVO INDÍGENA Y SOCIAL ""MAIS""";17
TUNJA;Afroemprendimiento;AFROEMPRENDIMIENTO;12
TUNJA;Jorge Ivan Mina Lasso;CONSEJO COMUNITARIO MANUEL ZAPATA OLIVELLA DE SAN ANTERO;12
TUNJA;Linderman Adrada Lopez;"MOVIMIENTO ALTERNATIVO INDÍGENA Y SOCIAL ""MAIS""";11
TUNJA;Marcelino Chindoy Chicunque;PARTIDO INDÍGENA COLOMBIANO P.I.C;11
TUNJA;"Movimiento Alternativo Indígena Y Social ""Mais""";"MOVIMIENTO ALTERNATIVO INDÍGENA Y SOCIAL ""MAIS""";10
TUNJA;Expresión Afro, Ambiental Y Cultural Colombia Con Dignidad;EXPRESIÓN AFRO, AMBIENTAL Y CULTURAL COLOMBIA CON DIGNIDAD;8
TUNJA;Fuerza Ancestral;FUERZA ANCESTRAL;8
TUNJA;Fundación Orsuba;FUNDACIÓN ORSUBA;8
TUNJA;Asociación De Cabildos Indígenas Zenú Orico;ASOCIACIÓN DE CABILDOS INDÍGENAS ZENÚ ORICO;6
TUNJA;C.C. De La Comunidad Negra De La Vereda El Esfuerz O;C.C. DE LA COMUNIDAD NEGRA DE LA VEREDA EL ESFUERZO;6
TUNJA;Fundación Artística Cultural Salsa Y Rumba;FUNDACIÓN ARTÍSTICA CULTURAL SALSA Y RUMBA;6
TUNJA;Acmizsam;ACMIZSAM;5
TUNJA;Alexander Bolaños Garcia;CONSEJO COMUNITARIO DE COMUNIDADES NEGRAS CUENCA RÍO OVEJAS;5
TUNJA;Amalia Rosa Campo Navarro;CONSEJO COMUNITARIO DE COMUNIDADES NEGRAS CUENCA RÍO OVEJAS;5
TUNJA;"Consejo Comunitario De Pizarro ""Concopi""";"CONSEJO COMUNITARIO DE PIZARRO ""CONCOPI""";5
TUNJA;Cruz Eneida Quiñones Tenorio;CONSEJO COMUNITARIO DE COMUNIDADES NEGRAS CUENCA RÍO OVEJAS;5
TUNJA;Doris Elena Jacanamijoy Jacanamijoy;"MOVIMIENTO ALTERNATIVO INDÍGENA Y SOCIAL ""MAIS""";5
TUNJA;Oswaldo Jose Ochoa Albor;AFROSLIBRES;5
TUNJA;Afro Cyc;AFRO CYC;4
TUNJA;Benildo Estupiñan Solis;PARTIDO ECOLOGISTA COLOMBIANO;4
TUNJA;Consejo Comunitario De Cértegui;CONSEJO COMUNITARIO DE CÉRTEGUI;4
TUNJA;Ismael Maestre Simaca;AFROSLIBRES;4
TUNJA;Jorge Eliecer Garces Florez;CONSEJO COMUNITARIO DE LA COMUNIDAD NEGRA DE LIMONES;4
TUNJA;Oeapun;OEAPUN;4
TUNJA;Partido Indígena Colombiano P.I.C;PARTIDO INDÍGENA COLOMBIANO P.I.C;4
TUNJA;Asociación Afrodescendiente Pacífico Por La Paz;ASOCIACIÓN AFRODESCENDIENTE PACÍFICO POR LA PAZ;3
TUNJA;"Asociación Nacional Indígena De Colombia ""Anic""";"ASOCIACIÓN NACIONAL INDÍGENA DE COLOMBIA ""ANIC""";3
TUNJA;Consejo Comunitario Afrozabaletas;CONSEJO COMUNITARIO AFROZABALETAS;3
TUNJA;Consejo Comunitario Casimiro Meza Mendoza-Coconebo;CONSEJO COMUNITARIO CASIMIRO MEZA MENDOZA-COCONEBO;3
TUNJA;Consejo Comunitario Manuel Zapata Olivella De San Antero;CONSEJO COMUNITARIO MANUEL ZAPATA OLIVELLA DE SAN ANTERO;3
TUNJA;Consejo Laboral Afrocolombiano Claf - Bogotá;CONSEJO LABORAL AFROCOLOMBIANO CLAF - BOGOTÁ;3
TUNJA;Jorge Andres Gonzalez Silva;CONSEJO COMUNITARIO MANUEL ZAPATA OLIVELLA DE SAN ANTERO;3
TUNJA;Liner Campo Tejedor;PARTIDO ECOLOGISTA COLOMBIANO;3
TUNJA;Magnolia Morales Zamora;PARTIDO INDÍGENA COLOMBIANO P.I.C;3
TUNJA;Omar Bonilla Garcia;EXPRESIÓN AFRO, AMBIENTAL Y CULTURAL COLOMBIA CON DIGNIDAD;3
TUNJA;Aida Petrona Suarez Santos;MOVIMIENTO UNIDAD EN MINGA POR COLOMBIA;2
TUNJA;Camilo Rivera Soto;CONSEJO COMUNITARIO AFROZABALETAS;2
TUNJA;Consejo Comunitario Afroétnico De Risaralda;CONSEJO COMUNITARIO AFROÉTNICO DE RISARALDA;2
TUNJA;Consejo Comunitario De Comunidades Negras Cuenca R Ío Ovejas;CONSEJO COMUNITARIO DE COMUNIDADES NEGRAS CUENCA RÍO OVEJAS;2
TUNJA;Consejo Comunitario De La Comunidad Negra De Limon Es;CONSEJO COMUNITARIO DE LA COMUNIDAD NEGRA DE LIMONES;2
TUNJA;Cristianos Por Colombia Afros;CRISTIANOS POR COLOMBIA AFROS;2
TUNJA;Darly Palacios Quejada;EXPRESIÓN AFRO, AMBIENTAL Y CULTURAL COLOMBIA CON DIGNIDAD;2
TUNJA;Diana Paola Ramos Medina;CONSEJO COMUNITARIO DE QUINAMAYO;2
TUNJA;Hernando Mosquera Barbosa;C.C. DE LA COMUNIDAD NEGRA DE LA VEREDA EL ESFUERZO;2
TUNJA;Jazmin Patricia Garcia Caicedo;"CONSEJO COMUNITARIO DE PIZARRO ""CONCOPI""";2
TUNJA;Los Sabaneros Del Corregimiento De Minguillo;LOS SABANEROS DEL CORREGIMIENTO DE MINGUILLO;2
TUNJA;Osaviplar;OSAVIPLAR;2
TUNJA;Partido Ecologista Colombiano;PARTIDO ECOLOGISTA COLOMBIANO;2
TUNJA;Partido Indígena Zenú (Piz);PARTIDO INDÉGENA ZENÚ (PIZ);2
TUNJA;Alex Walter Deusa;CONSEJO COMUNITARIO VEREDAS UNIDAS POR UN BIEN COMÚN;1
TUNJA;Alma Evelyn Physco Canencio;PARTIDO ECOLOGISTA COLOMBIANO;1
TUNJA;"Asociación Afrocolombiana ""Asomakidzon""";"ASOCIACIÓN AFROCOLOMBIANA ""ASOMAKIDZON""";1
TUNJA;Asoconeg;ASOCONEG;1
TUNJA;Branis Enrique Avila Ortiz;COMUNIDAD AFROCOLOMBIANA DE LA SIERRA NEVADA;1
TUNJA;Cabildo Indígena Tevis;CABILDO INDÉGENA TEVIS;1
TUNJA;Carlos Mario Calvo Largo;MOVIMIENTO UNIDAD EN MINGA POR COLOMBIA;1
TUNJA;"Consejo Comunitario De Truando - La Teresita ""Coco Trumete""";"CONSEJO COMUNITARIO DE TRUANDO - LA TERESITA ""COCOTRUMETE""";1
TUNJA;"Consejo Comunitario Integral De Lloró ""Cocoillo""";"CONSEJO COMUNITARIO INTEGRAL DE LLORÓ ""COCOILLO""";1
TUNJA;Consejo Comunitario Negros Unidos;CONSEJO COMUNITARIO NEGROS UNIDOS;1
TUNJA;Consejo Comunitario Unión Del Río Rosario;CONSEJO COMUNITARIO UNIÍN DEL RÍO ROSARIO;1
TUNJA;Duvan Stiwar Castro Machado;CONSEJO COMUNITARIO AFROÉTNICO DE RISARALDA;1
TUNJA;Estefania Arenilla Guerra;CONSEJO COMUNITARIO VEREDAS UNIDAS POR UN BIEN COMÚN;1
TUNJA;"Fundación Ecológica, Rural Y Urbana Del Pacífico "" Funerpa""";"FUNDACIÓN ECOLÓGICA, RURAL Y URBANA DEL PACÍFICO ""FUNERPA""";1
TUNJA;Jenifer Tatiana Mosquera Barrera;C.C. DE LA COMUNIDAD NEGRA DE LA VEREDA EL ESFUERZO;1
TUNJA;Jhony Aparicio Ramirez;PARTIDO INDÍGENA COLOMBIANO P.I.C;1
TUNJA;Jose Santiago Castañeda Valencia;ASTECA;1
TUNJA;Leonardo Arnedo Mendoza;CONSEJO COMUNITARIO DE LA COMUNIDAD NEGRA DE LIMONES;1
TUNJA;Lorena Cenith De La Cruz Rodriguez;CONSEJO COMUNITARIO MANUEL ZAPATA OLIVELLA DE SAN ANTERO;1
TUNJA;Paciano Asprilla Arboleda;"CONSEJO COMUNITARIO DE PIZARRO ""CONCOPI""";1
TUNJA;Pedro Antonio Echeverry Ramirez;EXPRESIÓN AFRO, AMBIENTAL Y CULTURAL COLOMBIA CON DIGNIDAD;1
TUNUNGUA;Jaime Raul Salamanca Torres;PARTIDO ALIANZA VERDE;199
TUNUNGUA;Hector Josue Camacho Acosta;CR-NUEVO LIBERALISMO;108
TUNUNGUA;Pacto Histórico Boyacá;PACTO HISTÓRICO BOYACÁ;77
TUNUNGUA;Yamit Noe Hurtado Neira;PARTIDO ALIANZA VERDE;46
TUNUNGUA;Jicly Esgardo Mutis Isaza;PARTIDO CENTRO DEMOCRÁTICO;38
TUNUNGUA;Diana Paola Herrera Nuñez;PARTIDO LIBERAL COLOMBIANO;30
TUNUNGUA;Eduar Alexis Triana Rincon;PARTIDO CENTRO DEMOCRÁTICO;21
TUNUNGUA;Jose Dario Mahecha Castillo;PARTIDO CONSERVADOR - MOVIMIENTO SALVACIÓN NACIONAL;19
TUNUNGUA;Hector David Chaparro Chaparro;PARTIDO LIBERAL COLOMBIANO;16
TUNUNGUA;Ramiro Barragan Adame;PARTIDO ALIANZA VERDE;16
TUNUNGUA;Adelinda Numpaque Sarmiento;PARTIDO ALIANZA VERDE;14
TUNUNGUA;Nicolas Felipe Urbano Villamil;PARTIDO LIBERAL COLOMBIANO;11
TUNUNGUA;Partido Alianza Verde;PARTIDO ALIANZA VERDE;10
TUNUNGUA;Partido Centro Democrático;PARTIDO CENTRO DEMOCRÁTICO;10
TUNUNGUA;Vivian Andrea Nieto Florez;PARTIDO ALIANZA VERDE;7
TUNUNGUA;Ingrid Marlen Sogamoso Alfonso;PARTIDO CONSERVADOR - MOVIMIENTO SALVACIÓN NACIONAL;6
TUNUNGUA;Nancy Yaneth Zapata Pachon;PARTIDO DE LA U - PARTIDO MIRA;6
TUNUNGUA;Cr-Nuevo Liberalismo;CR-NUEVO LIBERALISMO;5
TUNUNGUA;Fabian Camilo Rojas Barrera;CR-NUEVO LIBERALISMO;5
TUNUNGUA;Hernel David Ortega Gomez;PARTIDO CONSERVADOR - MOVIMIENTO SALVACIÓN NACIONAL;5
TUNUNGUA;Jhonatan David Holguin Cruz;PARTIDO CENTRO DEMOCRÁTICO;4
TUNUNGUA;Delci Del Carmen Urbano;PARTIDO CENTRO DEMOCRÁTICO;3
TUNUNGUA;Giovanny Andres Gomez Palomino;ALMA - OXÍGENO;3
TUNUNGUA;Jairo Enrique Castiblanco Parra;PARTIDO DE LA U - PARTIDO MIRA;3
TUNUNGUA;Kenda Lucia Caldera Garavito;PARTIDO CENTRO DEMOCRÁTICO;3
TUNUNGUA;Oscar Yovany Montenegro Salcedo;CR-NUEVO LIBERALISMO;3
TUNUNGUA;Vicente Anibal Ojeda Martinez;CR-NUEVO LIBERALISMO;3
TUNUNGUA;Edgar Fernando Farfan Corzo;PARTIDO POLÍTICO DIGNIDAD & COMPROMISO;2
TUNUNGUA;Nadia Alexandra Carreño Avella;CR-NUEVO LIBERALISMO;2
TUNUNGUA;Olga Lucia Cruz Cuevas;ALMA - OXÍGENO;2
TUNUNGUA;Partido Conservador - Movimiento Salvación Naciona L;PARTIDO CONSERVADOR - MOVIMIENTO SALVACIÓN NACIONAL;2
TUNUNGUA;Partido De La U - Partido Mira;PARTIDO DE LA U - PARTIDO MIRA;2
TUNUNGUA;Partido Liberal Colombiano;PARTIDO LIBERAL COLOMBIANO;2
TUNUNGUA;William Donato Gomez;PARTIDO ALIANZA VERDE;2
TUNUNGUA;Alma - Oxígeno;ALMA - OXÍGENO;1
TUNUNGUA;Camilo Andres Caicedo Silva;PARTIDO LIBERAL COLOMBIANO;1
TUNUNGUA;Carolina Geiringer Ortega;ALMA - OXÍGENO;1
TUNUNGUA;Eduardo David Suarez Moreno;ALMA - OXÍGENO;1
TUNUNGUA;Fredy Alexander Garzon Rojas;PARTIDO CENTRO DEMOCRÁTICO;1
TUNUNGUA;Laura Cristina Monroy Bayona;CR-NUEVO LIBERALISMO;1
TUNUNGUA;Manuel Steven Alvarez Pulido;PARTIDO DE LA U - PARTIDO MIRA;1
TUNUNGUA;Olga Niño Rojas;PARTIDO POLÍTICO DIGNIDAD & COMPROMISO;1
TURMEQUE;Yamit Noe Hurtado Neira;PARTIDO ALIANZA VERDE;511
TURMEQUE;Pacto Histórico Boyacá;PACTO HISTÓRICO BOYACÁ;326
TURMEQUE;Hector David Chaparro Chaparro;PARTIDO LIBERAL COLOMBIANO;314
TURMEQUE;Ramiro Barragan Adame;PARTIDO ALIANZA VERDE;311
TURMEQUE;Jaime Raul Salamanca Torres;PARTIDO ALIANZA VERDE;151
TURMEQUE;Nancy Yaneth Zapata Pachon;PARTIDO DE LA U - PARTIDO MIRA;115
TURMEQUE;Partido Alianza Verde;PARTIDO ALIANZA VERDE;98
TURMEQUE;Fabian Camilo Rojas Barrera;CR-NUEVO LIBERALISMO;61
TURMEQUE;Partido Centro Democrático;PARTIDO CENTRO DEMOCRÁTICO;53
TURMEQUE;Eduar Alexis Triana Rincon;PARTIDO CENTRO DEMOCRÁTICO;50
TURMEQUE;Wilder Ivan Suesca Ochoa;PARTIDO CONSERVADOR - MOVIMIENTO SALVACIÓN NACIONAL;39
TURMEQUE;Vivian Andrea Nieto Florez;PARTIDO ALIANZA VERDE;35
TURMEQUE;Partido Liberal Colombiano;PARTIDO LIBERAL COLOMBIANO;30
TURMEQUE;Adelinda Numpaque Sarmiento;PARTIDO ALIANZA VERDE;23
TURMEQUE;Camilo Andres Caicedo Silva;PARTIDO LIBERAL COLOMBIANO;20
TURMEQUE;Jicly Esgardo Mutis Isaza;PARTIDO CENTRO DEMOCRÁTICO;19
TURMEQUE;Oscar Yovany Montenegro Salcedo;CR-NUEVO LIBERALISMO;19
TURMEQUE;Hector Josue Camacho Acosta;CR-NUEVO LIBERALISMO;17
TURMEQUE;Jhonatan David Holguin Cruz;PARTIDO CENTRO DEMOCRÁTICO;14
TURMEQUE;Nicolas Felipe Urbano Villamil;PARTIDO LIBERAL COLOMBIANO;14
TURMEQUE;Delci Del Carmen Urbano;PARTIDO CENTRO DEMOCRÁTICO;13
TURMEQUE;Diana Paola Herrera Nuñez;PARTIDO LIBERAL COLOMBIANO;13
TURMEQUE;Oscar Leonardo Avila Romero;PARTIDO LIBERAL COLOMBIANO;13
TURMEQUE;John Alberto Moreno Galindo;PARTIDO CONSERVADOR - MOVIMIENTO SALVACIÓN NACIONAL;12
TURMEQUE;Jose Dario Mahecha Castillo;PARTIDO CONSERVADOR - MOVIMIENTO SALVACIÓN NACIONAL;12
TURMEQUE;Laura Cristina Monroy Bayona;CR-NUEVO LIBERALISMO;12
TURMEQUE;Partido Conservador - Movimiento Salvación Naciona L;PARTIDO CONSERVADOR - MOVIMIENTO SALVACIÓN NACIONAL;12
TURMEQUE;Kenda Lucia Caldera Garavito;PARTIDO CENTRO DEMOCRÁTICO;11
TURMEQUE;Cr-Nuevo Liberalismo;CR-NUEVO LIBERALISMO;10
TURMEQUE;Hernel David Ortega Gomez;PARTIDO CONSERVADOR - MOVIMIENTO SALVACIÓN NACIONAL;9
TURMEQUE;Ingrid Marlen Sogamoso Alfonso;PARTIDO CONSERVADOR - MOVIMIENTO SALVACIÓN NACIONAL;9
TURMEQUE;Nubia Jacqueline Caro Perez;PARTIDO LIBERAL COLOMBIANO;9
TURMEQUE;Partido De La U - Partido Mira;PARTIDO DE LA U - PARTIDO MIRA;8
TURMEQUE;William Donato Gomez;PARTIDO ALIANZA VERDE;8
TURMEQUE;Fredy Alexander Garzon Rojas;PARTIDO CENTRO DEMOCRÁTICO;7
TURMEQUE;Edgar Fernando Farfan Corzo;PARTIDO POLÍTICO DIGNIDAD & COMPROMISO;6
TURMEQUE;Vicente Anibal Ojeda Martinez;CR-NUEVO LIBERALISMO;5
TURMEQUE;Yury Neill Diaz Aranguren;PARTIDO DE LA U - PARTIDO MIRA;5
TURMEQUE;Alma - Oxígeno;ALMA - OXÍGENO;4
TURMEQUE;Gloria Cecilia Palacios Guastar;PARTIDO CONSERVADOR - MOVIMIENTO SALVACIÓN NACIONAL;4
TURMEQUE;Graciela Ramirez Monroy;PARTIDO POLÍTICO DIGNIDAD & COMPROMISO;4
TURMEQUE;Ricardo Antonio Agudelo Guiza;ALMA - OXÍGENO;4
TURMEQUE;Eduardo David Suarez Moreno;ALMA - OXÍGENO;3
TURMEQUE;Humphrey Roa Sarmiento;PARTIDO DE LA U - PARTIDO MIRA;3
TURMEQUE;Jairo Enrique Castiblanco Parra;PARTIDO DE LA U - PARTIDO MIRA;3
TURMEQUE;Jose De Los Angeles Fernandez Palacios;PARTIDO POLÍTICO DIGNIDAD & COMPROMISO;3
TURMEQUE;Libi Puerto Granados;PARTIDO DE LA U - PARTIDO MIRA;3
TURMEQUE;Manuel Steven Alvarez Pulido;PARTIDO DE LA U - PARTIDO MIRA;3
TURMEQUE;Hernando Mosquera Barbosa;C.C. DE LA COMUNIDAD NEGRA DE LA VEREDA EL ESFUERZO;2
TURMEQUE;Javier Araque Elaica;PARTIDO POLÍTICO DIGNIDAD & COMPROMISO;2
TURMEQUE;Nadia Alexandra Carreño Avella;CR-NUEVO LIBERALISMO;2
TURMEQUE;Olga Lucia Cruz Cuevas;ALMA - OXÍGENO;2
TURMEQUE;Partido Político Dignidad & Compromiso;PARTIDO POLÍTICO DIGNIDAD & COMPROMISO;2
TURMEQUE;Carolina Geiringer Ortega;ALMA - OXÍGENO;1
TURMEQUE;Consejo Comunitario El Naranjo;CONSEJO COMUNITARIO EL NARANJO;1
TURMEQUE;Consejo Comunitario La Gran Vía De Los Remedios;CONSEJO COMUNITARIO LA GRAN VÍA DE LOS REMEDIOS;1
TURMEQUE;Olga Niño Rojas;PARTIDO POLÍTICO DIGNIDAD & COMPROMISO;1
TURMEQUE;Rumaldo Rojas Ramirez;ALMA - OXÍGENO;1
TUTA;Wilder Ivan Suesca Ochoa;PARTIDO CONSERVADOR - MOVIMIENTO SALVACIÓN NACIONAL;1975
TUTA;Oscar Leonardo Avila Romero;PARTIDO LIBERAL COLOMBIANO;856
TUTA;Pacto Histórico Boyacá;PACTO HISTÓRICO BOYACÁ;585
TUTA;Jaime Raul Salamanca Torres;PARTIDO ALIANZA VERDE;218
TUTA;Yamit Noe Hurtado Neira;PARTIDO ALIANZA VERDE;145
TUTA;Ramiro Barragan Adame;PARTIDO ALIANZA VERDE;116
TUTA;Hector David Chaparro Chaparro;PARTIDO LIBERAL COLOMBIANO;92
TUTA;Partido Conservador - Movimiento Salvación Naciona L;PARTIDO CONSERVADOR - MOVIMIENTO SALVACIÓN NACIONAL;54
TUTA;Fredy Alexander Garzon Rojas;PARTIDO CENTRO DEMOCRÁTICO;51
TUTA;Jose Dario Mahecha Castillo;PARTIDO CONSERVADOR - MOVIMIENTO SALVACIÓN NACIONAL;49
TUTA;Adelinda Numpaque Sarmiento;PARTIDO ALIANZA VERDE;48
TUTA;Ingrid Marlen Sogamoso Alfonso;PARTIDO CONSERVADOR - MOVIMIENTO SALVACIÓN NACIONAL;44
TUTA;Partido Centro Democrático;PARTIDO CENTRO DEMOCRÁTICO;40
TUTA;Eduar Alexis Triana Rincon;PARTIDO CENTRO DEMOCRÁTICO;37
TUTA;Diana Paola Herrera Nuñez;PARTIDO LIBERAL COLOMBIANO;33
TUTA;Jairo Enrique Castiblanco Parra;PARTIDO DE LA U - PARTIDO MIRA;32
TUTA;Fabian Camilo Rojas Barrera;CR-NUEVO LIBERALISMO;30
TUTA;Partido Liberal Colombiano;PARTIDO LIBERAL COLOMBIANO;23
TUTA;Libi Puerto Granados;PARTIDO DE LA U - PARTIDO MIRA;22
TUTA;Delci Del Carmen Urbano;PARTIDO CENTRO DEMOCRÁTICO;21
TUTA;Partido Alianza Verde;PARTIDO ALIANZA VERDE;20
TUTA;Hector Josue Camacho Acosta;CR-NUEVO LIBERALISMO;19
TUTA;Jicly Esgardo Mutis Isaza;PARTIDO CENTRO DEMOCRÁTICO;18
TUTA;Nancy Yaneth Zapata Pachon;PARTIDO DE LA U - PARTIDO MIRA;16
TUTA;Vivian Andrea Nieto Florez;PARTIDO ALIANZA VERDE;15
TUTA;Hernel David Ortega Gomez;PARTIDO CONSERVADOR - MOVIMIENTO SALVACIÓN NACIONAL;14
TUTA;John Alberto Moreno Galindo;PARTIDO CONSERVADOR - MOVIMIENTO SALVACIÓN NACIONAL;12
TUTA;Nadia Alexandra Carreño Avella;CR-NUEVO LIBERALISMO;11
TUTA;Ricardo Antonio Agudelo Guiza;ALMA - OXÍGENO;11
TUTA;Consejo Comunitario El Naranjo;CONSEJO COMUNITARIO EL NARANJO;10
TUTA;Gloria Cecilia Palacios Guastar;PARTIDO CONSERVADOR - MOVIMIENTO SALVACIÓN NACIONAL;10
TUTA;Yury Neill Diaz Aranguren;PARTIDO DE LA U - PARTIDO MIRA;10
TUTA;Camilo Andres Caicedo Silva;PARTIDO LIBERAL COLOMBIANO;9
TUTA;Laura Cristina Monroy Bayona;CR-NUEVO LIBERALISMO;8
TUTA;Nicolas Felipe Urbano Villamil;PARTIDO LIBERAL COLOMBIANO;8
TUTA;Javier Araque Elaica;PARTIDO POLÍTICO DIGNIDAD & COMPROMISO;6
TUTA;Nubia Jacqueline Caro Perez;PARTIDO LIBERAL COLOMBIANO;6
TUTA;William Donato Gomez;PARTIDO ALIANZA VERDE;6
TUTA;Edgar Fernando Farfan Corzo;PARTIDO POLÍTICO DIGNIDAD & COMPROMISO;5
TUTA;Partido De La U - Partido Mira;PARTIDO DE LA U - PARTIDO MIRA;5
TUTA;Alma - Oxígeno;ALMA - OXÍGENO;4
TUTA;Cr-Nuevo Liberalismo;CR-NUEVO LIBERALISMO;4
TUTA;Graciela Ramirez Monroy;PARTIDO POLÍTICO DIGNIDAD & COMPROMISO;4
TUTA;Jhonatan David Holguin Cruz;PARTIDO CENTRO DEMOCRÁTICO;4
TUTA;Kenda Lucia Caldera Garavito;PARTIDO CENTRO DEMOCRÁTICO;4
TUTA;Layoneth Grandas Villamil;PARTIDO POLÍTICO DIGNIDAD & COMPROMISO;4
TUTA;Manuel Steven Alvarez Pulido;PARTIDO DE LA U - PARTIDO MIRA;4
TUTA;Vicente Anibal Ojeda Martinez;CR-NUEVO LIBERALISMO;4
TUTA;Consejo Comunitario La Gran Vía De Los Remedios;CONSEJO COMUNITARIO LA GRAN VÍA DE LOS REMEDIOS;3
TUTA;Oscar Yovany Montenegro Salcedo;CR-NUEVO LIBERALISMO;3
TUTA;Partido Político Dignidad & Compromiso;PARTIDO POLÍTICO DIGNIDAD & COMPROMISO;3
TUTA;Eduardo David Suarez Moreno;ALMA - OXÍGENO;2
TUTA;Olga Lucia Cruz Cuevas;ALMA - OXÍGENO;2
TUTA;Olga Niño Rojas;PARTIDO POLÍTICO DIGNIDAD & COMPROMISO;2
TUTA;Rumaldo Rojas Ramirez;ALMA - OXÍGENO;2
TUTA;Humphrey Roa Sarmiento;PARTIDO DE LA U - PARTIDO MIRA;1
TUTA;Jorge Ivan Mina Lasso;CONSEJO COMUNITARIO MANUEL ZAPATA OLIVELLA DE SAN ANTERO;1
TUTAZA;Ramiro Barragan Adame;PARTIDO ALIANZA VERDE;181
TUTAZA;Fabian Camilo Rojas Barrera;CR-NUEVO LIBERALISMO;135
TUTAZA;Pacto Histórico Boyacá;PACTO HISTÓRICO BOYACÁ;127
TUTAZA;Yamit Noe Hurtado Neira;PARTIDO ALIANZA VERDE;120
TUTAZA;Hector David Chaparro Chaparro;PARTIDO LIBERAL COLOMBIANO;74
TUTAZA;Wilder Ivan Suesca Ochoa;PARTIDO CONSERVADOR - MOVIMIENTO SALVACIÓN NACIONAL;55
TUTAZA;Jairo Enrique Castiblanco Parra;PARTIDO DE LA U - PARTIDO MIRA;43
TUTAZA;Camilo Andres Caicedo Silva;PARTIDO LIBERAL COLOMBIANO;42
TUTAZA;Oscar Leonardo Avila Romero;PARTIDO LIBERAL COLOMBIANO;34
TUTAZA;Partido Alianza Verde;PARTIDO ALIANZA VERDE;24
TUTAZA;Hernel David Ortega Gomez;PARTIDO CONSERVADOR - MOVIMIENTO SALVACIÓN NACIONAL;22
TUTAZA;Partido Centro Democrático;PARTIDO CENTRO DEMOCRÁTICO;22
TUTAZA;Diana Paola Herrera Nuñez;PARTIDO LIBERAL COLOMBIANO;15
TUTAZA;Jaime Raul Salamanca Torres;PARTIDO ALIANZA VERDE;15
TUTAZA;Eduar Alexis Triana Rincon;PARTIDO CENTRO DEMOCRÁTICO;13
TUTAZA;Vivian Andrea Nieto Florez;PARTIDO ALIANZA VERDE;11
TUTAZA;Javier Araque Elaica;PARTIDO POLÍTICO DIGNIDAD & COMPROMISO;10
TUTAZA;Adelinda Numpaque Sarmiento;PARTIDO ALIANZA VERDE;8
TUTAZA;Jicly Esgardo Mutis Isaza;PARTIDO CENTRO DEMOCRÁTICO;5
TUTAZA;Jose Dario Mahecha Castillo;PARTIDO CONSERVADOR - MOVIMIENTO SALVACIÓN NACIONAL;5
TUTAZA;Nicolas Felipe Urbano Villamil;PARTIDO LIBERAL COLOMBIANO;5
TUTAZA;Cr-Nuevo Liberalismo;CR-NUEVO LIBERALISMO;4
TUTAZA;Delci Del Carmen Urbano;PARTIDO CENTRO DEMOCRÁTICO;4
TUTAZA;Fredy Alexander Garzon Rojas;PARTIDO CENTRO DEMOCRÁTICO;4
TUTAZA;John Alberto Moreno Galindo;PARTIDO CONSERVADOR - MOVIMIENTO SALVACIÓN NACIONAL;4
TUTAZA;Oscar Yovany Montenegro Salcedo;CR-NUEVO LIBERALISMO;4
TUTAZA;Partido Liberal Colombiano;PARTIDO LIBERAL COLOMBIANO;4
TUTAZA;Gloria Cecilia Palacios Guastar;PARTIDO CONSERVADOR - MOVIMIENTO SALVACIÓN NACIONAL;3
TUTAZA;Kenda Lucia Caldera Garavito;PARTIDO CENTRO DEMOCRÁTICO;3
TUTAZA;Nancy Yaneth Zapata Pachon;PARTIDO DE LA U - PARTIDO MIRA;3
TUTAZA;Vicente Anibal Ojeda Martinez;CR-NUEVO LIBERALISMO;3
TUTAZA;William Donato Gomez;PARTIDO ALIANZA VERDE;3
TUTAZA;Consejo Comunitario El Naranjo;CONSEJO COMUNITARIO EL NARANJO;2
TUTAZA;Hector Josue Camacho Acosta;CR-NUEVO LIBERALISMO;2
TUTAZA;Nubia Jacqueline Caro Perez;PARTIDO LIBERAL COLOMBIANO;2
TUTAZA;Partido Conservador - Movimiento Salvación Naciona L;PARTIDO CONSERVADOR - MOVIMIENTO SALVACIÓN NACIONAL;2
TUTAZA;Yury Neill Diaz Aranguren;PARTIDO DE LA U - PARTIDO MIRA;2
TUTAZA;Alma - Oxígeno;ALMA - OXÍGENO;1
TUTAZA;Edgar Fernando Farfan Corzo;PARTIDO POLÍTICO DIGNIDAD & COMPROMISO;1
TUTAZA;Eduardo David Suarez Moreno;ALMA - OXÍGENO;1
TUTAZA;Humphrey Roa Sarmiento;PARTIDO DE LA U - PARTIDO MIRA;1
TUTAZA;Ingrid Marlen Sogamoso Alfonso;PARTIDO CONSERVADOR - MOVIMIENTO SALVACIÓN NACIONAL;1
TUTAZA;Layoneth Grandas Villamil;PARTIDO POLÍTICO DIGNIDAD & COMPROMISO;1
TUTAZA;Nadia Alexandra Carreño Avella;CR-NUEVO LIBERALISMO;1
TUTAZA;Partido Político Dignidad & Compromiso;PARTIDO POLÍTICO DIGNIDAD & COMPROMISO;1
UMBITA;Jaime Raul Salamanca Torres;PARTIDO ALIANZA VERDE;897
UMBITA;Yamit Noe Hurtado Neira;PARTIDO ALIANZA VERDE;492
UMBITA;Wilder Ivan Suesca Ochoa;PARTIDO CONSERVADOR - MOVIMIENTO SALVACIÓN NACIONAL;467
UMBITA;Pacto Histórico Boyacá;PACTO HISTÓRICO BOYACÁ;188
UMBITA;Ingrid Marlen Sogamoso Alfonso;PARTIDO CONSERVADOR - MOVIMIENTO SALVACIÓN NACIONAL;146
UMBITA;Ramiro Barragan Adame;PARTIDO ALIANZA VERDE;76
UMBITA;Partido Alianza Verde;PARTIDO ALIANZA VERDE;68
UMBITA;Partido Centro Democrático;PARTIDO CENTRO DEMOCRÁTICO;49
UMBITA;Hector Josue Camacho Acosta;CR-NUEVO LIBERALISMO;46
UMBITA;Jose Dario Mahecha Castillo;PARTIDO CONSERVADOR - MOVIMIENTO SALVACIÓN NACIONAL;46
UMBITA;Hector David Chaparro Chaparro;PARTIDO LIBERAL COLOMBIANO;40
UMBITA;Adelinda Numpaque Sarmiento;PARTIDO ALIANZA VERDE;38
UMBITA;Partido Conservador - Movimiento Salvación Naciona L;PARTIDO CONSERVADOR - MOVIMIENTO SALVACIÓN NACIONAL;26
UMBITA;Oscar Yovany Montenegro Salcedo;CR-NUEVO LIBERALISMO;24
UMBITA;Delci Del Carmen Urbano;PARTIDO CENTRO DEMOCRÁTICO;23
UMBITA;Diana Paola Herrera Nuñez;PARTIDO LIBERAL COLOMBIANO;22
UMBITA;Hernel David Ortega Gomez;PARTIDO CONSERVADOR - MOVIMIENTO SALVACIÓN NACIONAL;18
UMBITA;Fredy Alexander Garzon Rojas;PARTIDO CENTRO DEMOCRÁTICO;17
UMBITA;Laura Cristina Monroy Bayona;CR-NUEVO LIBERALISMO;11
UMBITA;Jicly Esgardo Mutis Isaza;PARTIDO CENTRO DEMOCRÁTICO;10
UMBITA;Vivian Andrea Nieto Florez;PARTIDO ALIANZA VERDE;9
UMBITA;John Alberto Moreno Galindo;PARTIDO CONSERVADOR - MOVIMIENTO SALVACIÓN NACIONAL;8
UMBITA;Oscar Leonardo Avila Romero;PARTIDO LIBERAL COLOMBIANO;8
UMBITA;Eduardo David Suarez Moreno;ALMA - OXÍGENO;7
UMBITA;Vicente Anibal Ojeda Martinez;CR-NUEVO LIBERALISMO;7
UMBITA;Alma - Oxígeno;ALMA - OXÍGENO;6
UMBITA;Gloria Cecilia Palacios Guastar;PARTIDO CONSERVADOR - MOVIMIENTO SALVACIÓN NACIONAL;6
UMBITA;Nancy Yaneth Zapata Pachon;PARTIDO DE LA U - PARTIDO MIRA;6
UMBITA;Cr-Nuevo Liberalismo;CR-NUEVO LIBERALISMO;5
UMBITA;Graciela Ramirez Monroy;PARTIDO POLÍTICO DIGNIDAD & COMPROMISO;4
UMBITA;Jairo Enrique Castiblanco Parra;PARTIDO DE LA U - PARTIDO MIRA;4
UMBITA;Jhonatan David Holguin Cruz;PARTIDO CENTRO DEMOCRÁTICO;4
UMBITA;Nadia Alexandra Carreño Avella;CR-NUEVO LIBERALISMO;4
UMBITA;Yury Neill Diaz Aranguren;PARTIDO DE LA U - PARTIDO MIRA;4
UMBITA;Consejo Comunitario El Naranjo;CONSEJO COMUNITARIO EL NARANJO;3
UMBITA;Eduar Alexis Triana Rincon;PARTIDO CENTRO DEMOCRÁTICO;3
UMBITA;Fabian Camilo Rojas Barrera;CR-NUEVO LIBERALISMO;3
UMBITA;Giovanny Andres Gomez Palomino;ALMA - OXÍGENO;3
UMBITA;Kenda Lucia Caldera Garavito;PARTIDO CENTRO DEMOCRÁTICO;3
UMBITA;Nubia Jacqueline Caro Perez;PARTIDO LIBERAL COLOMBIANO;3
UMBITA;Ricardo Antonio Agudelo Guiza;ALMA - OXÍGENO;3
UMBITA;Valentina Gutierrez Araujo;"MOVIMIENTO ALTERNATIVO INDÍGENA Y SOCIAL ""MAIS""";3
UMBITA;William Donato Gomez;PARTIDO ALIANZA VERDE;3
UMBITA;Edgar Fernando Farfan Corzo;PARTIDO POLÍTICO DIGNIDAD & COMPROMISO;2
UMBITA;Libi Puerto Granados;PARTIDO DE LA U - PARTIDO MIRA;2
UMBITA;Partido De La U - Partido Mira;PARTIDO DE LA U - PARTIDO MIRA;2
UMBITA;Partido Liberal Colombiano;PARTIDO LIBERAL COLOMBIANO;2
UMBITA;Afroslibres;AFROSLIBRES;1
UMBITA;Camilo Andres Caicedo Silva;PARTIDO LIBERAL COLOMBIANO;1
UMBITA;Carolina Geiringer Ortega;ALMA - OXÍGENO;1
UMBITA;Humphrey Roa Sarmiento;PARTIDO DE LA U - PARTIDO MIRA;1
UMBITA;Javier Araque Elaica;PARTIDO POLÍTICO DIGNIDAD & COMPROMISO;1
UMBITA;Manuel Steven Alvarez Pulido;PARTIDO DE LA U - PARTIDO MIRA;1
UMBITA;Olga Lucia Cruz Cuevas;ALMA - OXÍGENO;1
UMBITA;Olga Niño Rojas;PARTIDO POLÍTICO DIGNIDAD & COMPROMISO;1
UMBITA;Partido Político Dignidad & Compromiso;PARTIDO POLÍTICO DIGNIDAD & COMPROMISO;1
UMBITA;Rumaldo Rojas Ramirez;ALMA - OXÍGENO;1
VENTAQUEMADA;Pacto Histórico Boyacá;PACTO HISTÓRICO BOYACÁ;748
VENTAQUEMADA;Wilder Ivan Suesca Ochoa;PARTIDO CONSERVADOR - MOVIMIENTO SALVACIÓN NACIONAL;624
VENTAQUEMADA;Jaime Raul Salamanca Torres;PARTIDO ALIANZA VERDE;219
VENTAQUEMADA;Ramiro Barragan Adame;PARTIDO ALIANZA VERDE;218
VENTAQUEMADA;Hector David Chaparro Chaparro;PARTIDO LIBERAL COLOMBIANO;215
VENTAQUEMADA;Jairo Enrique Castiblanco Parra;PARTIDO DE LA U - PARTIDO MIRA;204
VENTAQUEMADA;Ingrid Marlen Sogamoso Alfonso;PARTIDO CONSERVADOR - MOVIMIENTO SALVACIÓN NACIONAL;189
VENTAQUEMADA;Jicly Esgardo Mutis Isaza;PARTIDO CENTRO DEMOCRÁTICO;172
VENTAQUEMADA;Jose Dario Mahecha Castillo;PARTIDO CONSERVADOR - MOVIMIENTO SALVACIÓN NACIONAL;172
VENTAQUEMADA;Yamit Noe Hurtado Neira;PARTIDO ALIANZA VERDE;158
VENTAQUEMADA;Oscar Leonardo Avila Romero;PARTIDO LIBERAL COLOMBIANO;144
VENTAQUEMADA;Fabian Camilo Rojas Barrera;CR-NUEVO LIBERALISMO;138
VENTAQUEMADA;Partido Centro Democrático;PARTIDO CENTRO DEMOCRÁTICO;111
VENTAQUEMADA;Diana Paola Herrera Nuñez;PARTIDO LIBERAL COLOMBIANO;102
VENTAQUEMADA;Eduar Alexis Triana Rincon;PARTIDO CENTRO DEMOCRÁTICO;81
VENTAQUEMADA;Hernel David Ortega Gomez;PARTIDO CONSERVADOR - MOVIMIENTO SALVACIÓN NACIONAL;80
VENTAQUEMADA;Gloria Cecilia Palacios Guastar;PARTIDO CONSERVADOR - MOVIMIENTO SALVACIÓN NACIONAL;69
VENTAQUEMADA;Hector Josue Camacho Acosta;CR-NUEVO LIBERALISMO;56
VENTAQUEMADA;Partido Alianza Verde;PARTIDO ALIANZA VERDE;56
VENTAQUEMADA;Partido Conservador - Movimiento Salvación Naciona L;PARTIDO CONSERVADOR - MOVIMIENTO SALVACIÓN NACIONAL;52
VENTAQUEMADA;Laura Cristina Monroy Bayona;CR-NUEVO LIBERALISMO;44
VENTAQUEMADA;Fredy Alexander Garzon Rojas;PARTIDO CENTRO DEMOCRÁTICO;40
VENTAQUEMADA;Adelinda Numpaque Sarmiento;PARTIDO ALIANZA VERDE;38
VENTAQUEMADA;Vivian Andrea Nieto Florez;PARTIDO ALIANZA VERDE;37
VENTAQUEMADA;Delci Del Carmen Urbano;PARTIDO CENTRO DEMOCRÁTICO;35
VENTAQUEMADA;Jhonatan David Holguin Cruz;PARTIDO CENTRO DEMOCRÁTICO;34
VENTAQUEMADA;Nadia Alexandra Carreño Avella;CR-NUEVO LIBERALISMO;34
VENTAQUEMADA;Oscar Yovany Montenegro Salcedo;CR-NUEVO LIBERALISMO;30
VENTAQUEMADA;Partido Liberal Colombiano;PARTIDO LIBERAL COLOMBIANO;25
VENTAQUEMADA;Nubia Jacqueline Caro Perez;PARTIDO LIBERAL COLOMBIANO;20
VENTAQUEMADA;Yury Neill Diaz Aranguren;PARTIDO DE LA U - PARTIDO MIRA;17
VENTAQUEMADA;John Alberto Moreno Galindo;PARTIDO CONSERVADOR - MOVIMIENTO SALVACIÓN NACIONAL;14
VENTAQUEMADA;William Donato Gomez;PARTIDO ALIANZA VERDE;14
VENTAQUEMADA;Nicolas Felipe Urbano Villamil;PARTIDO LIBERAL COLOMBIANO;12
VENTAQUEMADA;Alma - Oxígeno;ALMA - OXÍGENO;11
VENTAQUEMADA;Humphrey Roa Sarmiento;PARTIDO DE LA U - PARTIDO MIRA;9
VENTAQUEMADA;Manuel Steven Alvarez Pulido;PARTIDO DE LA U - PARTIDO MIRA;9
VENTAQUEMADA;Ricardo Antonio Agudelo Guiza;ALMA - OXÍGENO;9
VENTAQUEMADA;Consejo Comunitario El Naranjo;CONSEJO COMUNITARIO EL NARANJO;8
VENTAQUEMADA;Cr-Nuevo Liberalismo;CR-NUEVO LIBERALISMO;8
VENTAQUEMADA;Eduardo David Suarez Moreno;ALMA - OXÍGENO;8
VENTAQUEMADA;Vicente Anibal Ojeda Martinez;CR-NUEVO LIBERALISMO;8
VENTAQUEMADA;Libi Puerto Granados;PARTIDO DE LA U - PARTIDO MIRA;7
VENTAQUEMADA;Edgar Fernando Farfan Corzo;PARTIDO POLÍTICO DIGNIDAD & COMPROMISO;6
VENTAQUEMADA;Nancy Yaneth Zapata Pachon;PARTIDO DE LA U - PARTIDO MIRA;6
VENTAQUEMADA;Camilo Andres Caicedo Silva;PARTIDO LIBERAL COLOMBIANO;5
VENTAQUEMADA;Partido De La U - Partido Mira;PARTIDO DE LA U - PARTIDO MIRA;5
VENTAQUEMADA;Carolina Geiringer Ortega;ALMA - OXÍGENO;4
VENTAQUEMADA;Giovanny Andres Gomez Palomino;ALMA - OXÍGENO;4
VENTAQUEMADA;Kenda Lucia Caldera Garavito;PARTIDO CENTRO DEMOCRÁTICO;4
VENTAQUEMADA;Olga Niño Rojas;PARTIDO POLÍTICO DIGNIDAD & COMPROMISO;4
VENTAQUEMADA;Olga Lucia Cruz Cuevas;ALMA - OXÍGENO;3
VENTAQUEMADA;Valentina Gutierrez Araujo;"MOVIMIENTO ALTERNATIVO INDÍGENA Y SOCIAL ""MAIS""";3
VENTAQUEMADA;Asociación De Cabildos Indígenas Zenú Orico;ASOCIACIÓN DE CABILDOS INDÍGENAS ZENÚ ORICO;2
VENTAQUEMADA;Graciela Ramirez Monroy;PARTIDO POLÍTICO DIGNIDAD & COMPROMISO;2
VENTAQUEMADA;Layoneth Grandas Villamil;PARTIDO POLÍTICO DIGNIDAD & COMPROMISO;2
VENTAQUEMADA;Partido Demócrata Colombiano;PARTIDO DEMÓCRATA COLOMBIANO;2
VENTAQUEMADA;Partido Político Dignidad & Compromiso;PARTIDO POLÍTICO DIGNIDAD & COMPROMISO;2
VENTAQUEMADA;Consejo Comunitario La Gran Vía De Los Remedios;CONSEJO COMUNITARIO LA GRAN VÍA DE LOS REMEDIOS;1
VENTAQUEMADA;Fundación Orsuba;FUNDACIÓN ORSUBA;1
VENTAQUEMADA;Javier Araque Elaica;PARTIDO POLÍTICO DIGNIDAD & COMPROMISO;1
VENTAQUEMADA;Omar Bonilla Garcia;EXPRESIÓN AFRO, AMBIENTAL Y CULTURAL COLOMBIA CON DIGNIDAD;1
VENTAQUEMADA;Partido Indígena Zenú (Piz);PARTIDO INDÉGENA ZENÚ (PIZ);1
VENTAQUEMADA;Rumaldo Rojas Ramirez;ALMA - OXÍGENO;1
VILLA DE LEIVA;Pacto Histórico Boyacá;PACTO HISTÓRICO BOYACÁ;1317
VILLA DE LEIVA;Hector David Chaparro Chaparro;PARTIDO LIBERAL COLOMBIANO;1135
VILLA DE LEIVA;Yamit Noe Hurtado Neira;PARTIDO ALIANZA VERDE;491
VILLA DE LEIVA;Partido Centro Democrático;PARTIDO CENTRO DEMOCRÁTICO;334
VILLA DE LEIVA;Edgar Fernando Farfan Corzo;PARTIDO POLÍTICO DIGNIDAD & COMPROMISO;328
VILLA DE LEIVA;Fabian Camilo Rojas Barrera;CR-NUEVO LIBERALISMO;261
VILLA DE LEIVA;Ramiro Barragan Adame;PARTIDO ALIANZA VERDE;173
VILLA DE LEIVA;Delci Del Carmen Urbano;PARTIDO CENTRO DEMOCRÁTICO;168
VILLA DE LEIVA;Jairo Enrique Castiblanco Parra;PARTIDO DE LA U - PARTIDO MIRA;168
VILLA DE LEIVA;Diana Paola Herrera Nuñez;PARTIDO LIBERAL COLOMBIANO;154
VILLA DE LEIVA;Eduar Alexis Triana Rincon;PARTIDO CENTRO DEMOCRÁTICO;129
VILLA DE LEIVA;Ingrid Marlen Sogamoso Alfonso;PARTIDO CONSERVADOR - MOVIMIENTO SALVACIÓN NACIONAL;113
VILLA DE LEIVA;Jaime Raul Salamanca Torres;PARTIDO ALIANZA VERDE;111
VILLA DE LEIVA;Wilder Ivan Suesca Ochoa;PARTIDO CONSERVADOR - MOVIMIENTO SALVACIÓN NACIONAL;111
VILLA DE LEIVA;Jicly Esgardo Mutis Isaza;PARTIDO CENTRO DEMOCRÁTICO;109
VILLA DE LEIVA;Vivian Andrea Nieto Florez;PARTIDO ALIANZA VERDE;82
VILLA DE LEIVA;Jose Dario Mahecha Castillo;PARTIDO CONSERVADOR - MOVIMIENTO SALVACIÓN NACIONAL;78
VILLA DE LEIVA;Oscar Leonardo Avila Romero;PARTIDO LIBERAL COLOMBIANO;77
VILLA DE LEIVA;Fredy Alexander Garzon Rojas;PARTIDO CENTRO DEMOCRÁTICO;66
VILLA DE LEIVA;Partido Conservador - Movimiento Salvación Naciona L;PARTIDO CONSERVADOR - MOVIMIENTO SALVACIÓN NACIONAL;65
VILLA DE LEIVA;Partido Alianza Verde;PARTIDO ALIANZA VERDE;62
VILLA DE LEIVA;Nancy Yaneth Zapata Pachon;PARTIDO DE LA U - PARTIDO MIRA;60
VILLA DE LEIVA;Partido Liberal Colombiano;PARTIDO LIBERAL COLOMBIANO;56
VILLA DE LEIVA;Jhonatan David Holguin Cruz;PARTIDO CENTRO DEMOCRÁTICO;50
VILLA DE LEIVA;Consejo Comunitario El Naranjo;CONSEJO COMUNITARIO EL NARANJO;44
VILLA DE LEIVA;Hernel David Ortega Gomez;PARTIDO CONSERVADOR - MOVIMIENTO SALVACIÓN NACIONAL;42
VILLA DE LEIVA;Adelinda Numpaque Sarmiento;PARTIDO ALIANZA VERDE;40
VILLA DE LEIVA;Gloria Cecilia Palacios Guastar;PARTIDO CONSERVADOR - MOVIMIENTO SALVACIÓN NACIONAL;37
VILLA DE LEIVA;Hector Josue Camacho Acosta;CR-NUEVO LIBERALISMO;37
VILLA DE LEIVA;Nicolas Felipe Urbano Villamil;PARTIDO LIBERAL COLOMBIANO;36
VILLA DE LEIVA;Yury Neill Diaz Aranguren;PARTIDO DE LA U - PARTIDO MIRA;32
VILLA DE LEIVA;Vicente Anibal Ojeda Martinez;CR-NUEVO LIBERALISMO;30
VILLA DE LEIVA;Consejo Comunitario La Gran Vía De Los Remedios;CONSEJO COMUNITARIO LA GRAN VÍA DE LOS REMEDIOS;28
VILLA DE LEIVA;Camilo Andres Caicedo Silva;PARTIDO LIBERAL COLOMBIANO;27
VILLA DE LEIVA;John Alberto Moreno Galindo;PARTIDO CONSERVADOR - MOVIMIENTO SALVACIÓN NACIONAL;27
VILLA DE LEIVA;Kenda Lucia Caldera Garavito;PARTIDO CENTRO DEMOCRÁTICO;25
VILLA DE LEIVA;Oscar Yovany Montenegro Salcedo;CR-NUEVO LIBERALISMO;25
VILLA DE LEIVA;Cr-Nuevo Liberalismo;CR-NUEVO LIBERALISMO;24
VILLA DE LEIVA;Alma - Oxígeno;ALMA - OXÍGENO;21
VILLA DE LEIVA;Nubia Jacqueline Caro Perez;PARTIDO LIBERAL COLOMBIANO;21
VILLA DE LEIVA;Eduardo David Suarez Moreno;ALMA - OXÍGENO;20
VILLA DE LEIVA;Graciela Ramirez Monroy;PARTIDO POLÍTICO DIGNIDAD & COMPROMISO;19
VILLA DE LEIVA;Laura Cristina Monroy Bayona;CR-NUEVO LIBERALISMO;16
VILLA DE LEIVA;William Donato Gomez;PARTIDO ALIANZA VERDE;15
VILLA DE LEIVA;Nadia Alexandra Carreño Avella;CR-NUEVO LIBERALISMO;13
VILLA DE LEIVA;Ricardo Antonio Agudelo Guiza;ALMA - OXÍGENO;13
VILLA DE LEIVA;Partido Político Dignidad & Compromiso;PARTIDO POLÍTICO DIGNIDAD & COMPROMISO;12
VILLA DE LEIVA;Partido De La U - Partido Mira;PARTIDO DE LA U - PARTIDO MIRA;11
VILLA DE LEIVA;Olga Lucia Cruz Cuevas;ALMA - OXÍGENO;10
VILLA DE LEIVA;Javier Araque Elaica;PARTIDO POLÍTICO DIGNIDAD & COMPROMISO;8
VILLA DE LEIVA;Humphrey Roa Sarmiento;PARTIDO DE LA U - PARTIDO MIRA;7
VILLA DE LEIVA;Carolina Geiringer Ortega;ALMA - OXÍGENO;6
VILLA DE LEIVA;Jose De Los Angeles Fernandez Palacios;PARTIDO POLÍTICO DIGNIDAD & COMPROMISO;5
VILLA DE LEIVA;Rumaldo Rojas Ramirez;ALMA - OXÍGENO;5
VILLA DE LEIVA;Giovanny Andres Gomez Palomino;ALMA - OXÍGENO;4
VILLA DE LEIVA;Olga Niño Rojas;PARTIDO POLÍTICO DIGNIDAD & COMPROMISO;4
VILLA DE LEIVA;Layoneth Grandas Villamil;PARTIDO POLÍTICO DIGNIDAD & COMPROMISO;3
VILLA DE LEIVA;Libi Puerto Granados;PARTIDO DE LA U - PARTIDO MIRA;2
VILLA DE LEIVA;"Asociación Nacional Indígena De Colombia ""Anic""";"ASOCIACIÓN NACIONAL INDÍGENA DE COLOMBIA ""ANIC""";1
VILLA DE LEIVA;Camilo Rivera Soto;CONSEJO COMUNITARIO AFROZABALETAS;1
VILLA DE LEIVA;Consejo Comunitario Casimiro Meza Mendoza-Coconebo;CONSEJO COMUNITARIO CASIMIRO MEZA MENDOZA-COCONEBO;1
VILLA DE LEIVA;Consejo Comunitario De Cértegui;CONSEJO COMUNITARIO DE CÉRTEGUI;1
VILLA DE LEIVA;Consejo Comunitario Kusutoma - Gende Cokumalu;CONSEJO COMUNITARIO KUSUTOMA - GENDE COKUMALU;1
VILLA DE LEIVA;Cristianos Por Colombia Afros;CRISTIANOS POR COLOMBIA AFROS;1
VILLA DE LEIVA;Diego Armando Sanchez Arboleda;C.C. DE LA COMUNIDAD NEGRA DE LA VEREDA EL ESFUERZO;1
VILLA DE LEIVA;Expresión Afro, Ambiental Y Cultural Colombia Con Dignidad;EXPRESIÓN AFRO, AMBIENTAL Y CULTURAL COLOMBIA CON DIGNIDAD;1
VILLA DE LEIVA;Fuerza Ancestral;FUERZA ANCESTRAL;1
VILLA DE LEIVA;Fundación Orsuba;FUNDACIÓN ORSUBA;1
VILLA DE LEIVA;Manuel Steven Alvarez Pulido;PARTIDO DE LA U - PARTIDO MIRA;1
VILLA DE LEIVA;"Movimiento Alternativo Indígena Y Social ""Mais""";"MOVIMIENTO ALTERNATIVO INDÍGENA Y SOCIAL ""MAIS""";1
VILLA DE LEIVA;Partido Demócrata Colombiano;PARTIDO DEMÓCRATA COLOMBIANO;1
VILLA DE LEIVA;Partido Indígena Colombiano P.I.C;PARTIDO INDÍGENA COLOMBIANO P.I.C;1
VIRACACHA;Yamit Noe Hurtado Neira;PARTIDO ALIANZA VERDE;155
VIRACACHA;Wilder Ivan Suesca Ochoa;PARTIDO CONSERVADOR - MOVIMIENTO SALVACIÓN NACIONAL;115
VIRACACHA;Diana Paola Herrera Nuñez;PARTIDO LIBERAL COLOMBIANO;88
VIRACACHA;Pacto Histórico Boyacá;PACTO HISTÓRICO BOYACÁ;86
VIRACACHA;Eduar Alexis Triana Rincon;PARTIDO CENTRO DEMOCRÁTICO;68
VIRACACHA;Jaime Raul Salamanca Torres;PARTIDO ALIANZA VERDE;61
VIRACACHA;Ramiro Barragan Adame;PARTIDO ALIANZA VERDE;53
VIRACACHA;Partido Alianza Verde;PARTIDO ALIANZA VERDE;45
VIRACACHA;Fabian Camilo Rojas Barrera;CR-NUEVO LIBERALISMO;43
VIRACACHA;Adelinda Numpaque Sarmiento;PARTIDO ALIANZA VERDE;35
VIRACACHA;Jicly Esgardo Mutis Isaza;PARTIDO CENTRO DEMOCRÁTICO;24
VIRACACHA;Jose Dario Mahecha Castillo;PARTIDO CONSERVADOR - MOVIMIENTO SALVACIÓN NACIONAL;17
VIRACACHA;Oscar Leonardo Avila Romero;PARTIDO LIBERAL COLOMBIANO;17
VIRACACHA;Partido Centro Democrático;PARTIDO CENTRO DEMOCRÁTICO;17
VIRACACHA;Partido Conservador - Movimiento Salvación Naciona L;PARTIDO CONSERVADOR - MOVIMIENTO SALVACIÓN NACIONAL;17
VIRACACHA;Fredy Alexander Garzon Rojas;PARTIDO CENTRO DEMOCRÁTICO;12
VIRACACHA;Hernel David Ortega Gomez;PARTIDO CONSERVADOR - MOVIMIENTO SALVACIÓN NACIONAL;11
VIRACACHA;Hector Josue Camacho Acosta;CR-NUEVO LIBERALISMO;10
VIRACACHA;Nubia Jacqueline Caro Perez;PARTIDO LIBERAL COLOMBIANO;10
VIRACACHA;Gloria Cecilia Palacios Guastar;PARTIDO CONSERVADOR - MOVIMIENTO SALVACIÓN NACIONAL;8
VIRACACHA;Hector David Chaparro Chaparro;PARTIDO LIBERAL COLOMBIANO;8
VIRACACHA;Partido Liberal Colombiano;PARTIDO LIBERAL COLOMBIANO;8
VIRACACHA;Alma - Oxígeno;ALMA - OXÍGENO;7
VIRACACHA;Ingrid Marlen Sogamoso Alfonso;PARTIDO CONSERVADOR - MOVIMIENTO SALVACIÓN NACIONAL;7
VIRACACHA;Vivian Andrea Nieto Florez;PARTIDO ALIANZA VERDE;7
VIRACACHA;Camilo Andres Caicedo Silva;PARTIDO LIBERAL COLOMBIANO;6
VIRACACHA;Delci Del Carmen Urbano;PARTIDO CENTRO DEMOCRÁTICO;6
VIRACACHA;Nancy Yaneth Zapata Pachon;PARTIDO DE LA U - PARTIDO MIRA;5
VIRACACHA;Edgar Fernando Farfan Corzo;PARTIDO POLÍTICO DIGNIDAD & COMPROMISO;4
VIRACACHA;Humphrey Roa Sarmiento;PARTIDO DE LA U - PARTIDO MIRA;4
VIRACACHA;Jairo Enrique Castiblanco Parra;PARTIDO DE LA U - PARTIDO MIRA;4
VIRACACHA;Jhonatan David Holguin Cruz;PARTIDO CENTRO DEMOCRÁTICO;3
VIRACACHA;Oscar Yovany Montenegro Salcedo;CR-NUEVO LIBERALISMO;3
VIRACACHA;Ricardo Antonio Agudelo Guiza;ALMA - OXÍGENO;3
VIRACACHA;William Donato Gomez;PARTIDO ALIANZA VERDE;3
VIRACACHA;Yury Neill Diaz Aranguren;PARTIDO DE LA U - PARTIDO MIRA;3
VIRACACHA;Cr-Nuevo Liberalismo;CR-NUEVO LIBERALISMO;2
VIRACACHA;Eduardo David Suarez Moreno;ALMA - OXÍGENO;2
VIRACACHA;John Alberto Moreno Galindo;PARTIDO CONSERVADOR - MOVIMIENTO SALVACIÓN NACIONAL;2
VIRACACHA;Manuel Steven Alvarez Pulido;PARTIDO DE LA U - PARTIDO MIRA;2
VIRACACHA;Carolina Geiringer Ortega;ALMA - OXÍGENO;1
VIRACACHA;Giovanny Andres Gomez Palomino;ALMA - OXÍGENO;1
VIRACACHA;Hernando Mosquera Barbosa;C.C. DE LA COMUNIDAD NEGRA DE LA VEREDA EL ESFUERZO;1
VIRACACHA;Javier Araque Elaica;PARTIDO POLÍTICO DIGNIDAD & COMPROMISO;1
VIRACACHA;Kenda Lucia Caldera Garavito;PARTIDO CENTRO DEMOCRÁTICO;1
VIRACACHA;Laura Cristina Monroy Bayona;CR-NUEVO LIBERALISMO;1
VIRACACHA;Nicolas Felipe Urbano Villamil;PARTIDO LIBERAL COLOMBIANO;1
VIRACACHA;Olga Lucia Cruz Cuevas;ALMA - OXÍGENO;1
VIRACACHA;Olga Niño Rojas;PARTIDO POLÍTICO DIGNIDAD & COMPROMISO;1
VIRACACHA;Partido De La U - Partido Mira;PARTIDO DE LA U - PARTIDO MIRA;1
VIRACACHA;Vicente Anibal Ojeda Martinez;CR-NUEVO LIBERALISMO;1
ZETAQUIRA;Fabian Camilo Rojas Barrera;CR-NUEVO LIBERALISMO;806
ZETAQUIRA;Pacto Histórico Boyacá;PACTO HISTÓRICO BOYACÁ;193
ZETAQUIRA;Hector David Chaparro Chaparro;PARTIDO LIBERAL COLOMBIANO;169
ZETAQUIRA;Yamit Noe Hurtado Neira;PARTIDO ALIANZA VERDE;139
ZETAQUIRA;Oscar Leonardo Avila Romero;PARTIDO LIBERAL COLOMBIANO;135
ZETAQUIRA;Vivian Andrea Nieto Florez;PARTIDO ALIANZA VERDE;69
ZETAQUIRA;Jaime Raul Salamanca Torres;PARTIDO ALIANZA VERDE;49
ZETAQUIRA;Ramiro Barragan Adame;PARTIDO ALIANZA VERDE;44
ZETAQUIRA;Hernel David Ortega Gomez;PARTIDO CONSERVADOR - MOVIMIENTO SALVACIÓN NACIONAL;43
ZETAQUIRA;Partido Centro Democrático;PARTIDO CENTRO DEMOCRÁTICO;42
ZETAQUIRA;Eduar Alexis Triana Rincon;PARTIDO CENTRO DEMOCRÁTICO;31
ZETAQUIRA;Ingrid Marlen Sogamoso Alfonso;PARTIDO CONSERVADOR - MOVIMIENTO SALVACIÓN NACIONAL;29
ZETAQUIRA;Jairo Enrique Castiblanco Parra;PARTIDO DE LA U - PARTIDO MIRA;27
ZETAQUIRA;Nicolas Felipe Urbano Villamil;PARTIDO LIBERAL COLOMBIANO;26
ZETAQUIRA;Cr-Nuevo Liberalismo;CR-NUEVO LIBERALISMO;25
ZETAQUIRA;Partido Alianza Verde;PARTIDO ALIANZA VERDE;25
ZETAQUIRA;Jicly Esgardo Mutis Isaza;PARTIDO CENTRO DEMOCRÁTICO;23
ZETAQUIRA;Oscar Yovany Montenegro Salcedo;CR-NUEVO LIBERALISMO;21
ZETAQUIRA;Wilder Ivan Suesca Ochoa;PARTIDO CONSERVADOR - MOVIMIENTO SALVACIÓN NACIONAL;19
ZETAQUIRA;Diana Paola Herrera Nuñez;PARTIDO LIBERAL COLOMBIANO;18
ZETAQUIRA;Nancy Yaneth Zapata Pachon;PARTIDO DE LA U - PARTIDO MIRA;17
ZETAQUIRA;Jose Dario Mahecha Castillo;PARTIDO CONSERVADOR - MOVIMIENTO SALVACIÓN NACIONAL;10
ZETAQUIRA;Vicente Anibal Ojeda Martinez;CR-NUEVO LIBERALISMO;10
ZETAQUIRA;Nadia Alexandra Carreño Avella;CR-NUEVO LIBERALISMO;9
ZETAQUIRA;Partido Liberal Colombiano;PARTIDO LIBERAL COLOMBIANO;9
ZETAQUIRA;Partido Conservador - Movimiento Salvación Naciona L;PARTIDO CONSERVADOR - MOVIMIENTO SALVACIÓN NACIONAL;8
ZETAQUIRA;Delci Del Carmen Urbano;PARTIDO CENTRO DEMOCRÁTICO;7
ZETAQUIRA;Fredy Alexander Garzon Rojas;PARTIDO CENTRO DEMOCRÁTICO;7
ZETAQUIRA;Olga Lucia Cruz Cuevas;ALMA - OXÍGENO;7
ZETAQUIRA;Yury Neill Diaz Aranguren;PARTIDO DE LA U - PARTIDO MIRA;6
ZETAQUIRA;Eduardo David Suarez Moreno;ALMA - OXÍGENO;4
ZETAQUIRA;Kenda Lucia Caldera Garavito;PARTIDO CENTRO DEMOCRÁTICO;4
ZETAQUIRA;Laura Cristina Monroy Bayona;CR-NUEVO LIBERALISMO;4
ZETAQUIRA;William Donato Gomez;PARTIDO ALIANZA VERDE;4
ZETAQUIRA;Adelinda Numpaque Sarmiento;PARTIDO ALIANZA VERDE;3
ZETAQUIRA;Alma - Oxígeno;ALMA - OXÍGENO;3
ZETAQUIRA;Camilo Andres Caicedo Silva;PARTIDO LIBERAL COLOMBIANO;3
ZETAQUIRA;Hector Josue Camacho Acosta;CR-NUEVO LIBERALISMO;3
ZETAQUIRA;Nubia Jacqueline Caro Perez;PARTIDO LIBERAL COLOMBIANO;3
ZETAQUIRA;Partido De La U - Partido Mira;PARTIDO DE LA U - PARTIDO MIRA;3
ZETAQUIRA;Giovanny Andres Gomez Palomino;ALMA - OXÍGENO;2
ZETAQUIRA;Humphrey Roa Sarmiento;PARTIDO DE LA U - PARTIDO MIRA;2
ZETAQUIRA;Jhonatan David Holguin Cruz;PARTIDO CENTRO DEMOCRÁTICO;2
ZETAQUIRA;John Alberto Moreno Galindo;PARTIDO CONSERVADOR - MOVIMIENTO SALVACIÓN NACIONAL;2
ZETAQUIRA;Graciela Ramirez Monroy;PARTIDO POLÍTICO DIGNIDAD & COMPROMISO;1
ZETAQUIRA;Manuel Steven Alvarez Pulido;PARTIDO DE LA U - PARTIDO MIRA;1
ZETAQUIRA;Partido Político Dignidad & Compromiso;PARTIDO POLÍTICO DIGNIDAD & COMPROMISO;1
ZETAQUIRA;Ricardo Antonio Agudelo Guiza;ALMA - OXÍGENO;1
