{"type":"FeatureCollection","features":[{"type":"Feature","geometry":{"type":"Polygon","coordinates":[[[-73.32733,5.58024],[-73.32924,5.57836],[-73.32973,5.57668],[-73.33114,5.57684],[-73.33133,5.57604],[-73.33213,5.57593],[-73.33541,5.57882],[-73.33703,5.57918],[-73.33639,5.58011],[-73.33897,5.58247],[-73.33831,5.58328],[-73.33894,5.58388],[-73.34011,5.58308],[-73.34126,5.58409],[-73.34253,5.58303],[-73.34496,5.57896],[-73.34559,5.57679],[-73.3495,5.57725],[-73.35123,5.57459],[-73.35281,5.57512],[-73.35433,5.57259],[-73.35615,5.57259],[-73.35621,5.57099],[-73.35708,5.56762],[-73.35839,5.56586],[-73.3588,5.56405],[-73.36153,5.55897],[-73.36197,5.55585],[-73.36366,5.55824],[-73.36518,5.5581],[-73.36565,5.55911],[-73.36699,5.55893],[-73.36803,5.55921],[-73.36854,5.55879],[-73.36952,5.559],[-73.37059,5.55855],[-73.37102,5.55805],[-73.37153,5.5586],[-73.3725,5.55832],[-73.37278,5.55883],[-73.37372,5.55914],[-73.37503,5.55908],[-73.37706,5.55852],[-73.37771,5.55875],[-73.37888,5.55831],[-73.37914,5.55891],[-73.37961,5.55869],[-73.38175,5.55957],[-73.38198,5.56046],[-73.3831,5.56056],[-73.38391,5.56136],[-73.38492,5.56156],[-73.38553,5.56082],[-73.38614,5.56062],[-73.38626,5.56026],[-73.38679,5.56069],[-73.38717,5.56001],[-73.38823,5.55954],[-73.38838,5.55891],[-73.38908,5.55896],[-73.38935,5.55842],[-73.3909,5.55734],[-73.3921,5.55796],[-73.39281,5.55796],[-73.39418,5.55981],[-73.39486,5.55972],[-73.39606,5.56086],[-73.3983,5.56042],[-73.39964,5.55953],[-73.40098,5.5599],[-73.40225,5.56187],[-73.40273,5.56181],[-73.40391,5.56259],[-73.40464,5.5623],[-73.40556,5.56236],[-73.40573,5.56284],[-73.40704,5.56322],[-73.40776,5.56372],[-73.40836,5.56507],[-73.40943,5.56534],[-73.41007,5.56593],[-73.41006,5.56651],[-73.41197,5.5669],[-73.4124,5.56603],[-73.41416,5.56454],[-73.41521,5.5641],[-73.41549,5.56449],[-73.41606,5.56445],[-73.41773,5.56359],[-73.41905,5.56215],[-73.4225,5.56073],[-73.42595,5.55726],[-73.42666,5.55447],[-73.42543,5.55005],[-73.42487,5.54628],[-73.42397,5.54543],[-73.42342,5.5444],[-73.42312,5.54149],[-73.42256,5.5401],[-73.42345,5.5383],[-73.42341,5.5352],[-73.42391,5.53387],[-73.42337,5.53377],[-73.42339,5.53355],[-73.42515,5.52981],[-73.41521,5.52249],[-73.4135,5.51976],[-73.41274,5.51544],[-73.41128,5.51352],[-73.41037,5.51177],[-73.40997,5.51232],[-73.4076,5.51041],[-73.4099,5.50791],[-73.41177,5.50647],[-73.41217,5.50546],[-73.41468,5.50464],[-73.41617,5.50382],[-73.41665,5.50059],[-73.41724,5.50019],[-73.41765,5.50026],[-73.41776,5.49951],[-73.42051,5.49388],[-73.42122,5.4934],[-73.42435,5.49239],[-73.43021,5.48668],[-73.43232,5.48587],[-73.4364,5.48173],[-73.43687,5.48083],[-73.43698,5.47903],[-73.43752,5.47831],[-73.43823,5.47783],[-73.43916,5.4765],[-73.44111,5.47453],[-73.44362,5.47286],[-73.44483,5.47175],[-73.4461,5.46997],[-73.44727,5.46908],[-73.44694,5.46696],[-73.44633,5.46638],[-73.44506,5.46582],[-73.44307,5.46416],[-73.4437,5.46361],[-73.44322,5.4624],[-73.44269,5.46221],[-73.44187,5.4628],[-73.44108,5.46277],[-73.44082,5.46155],[-73.43927,5.4615],[-73.4391,5.46034],[-73.43867,5.46043],[-73.43855,5.45991],[-73.438,5.46006],[-73.43836,5.4595],[-73.43813,5.459],[-73.43878,5.45858],[-73.43878,5.45822],[-73.43796,5.4577],[-73.43757,5.45609],[-73.43733,5.45601],[-73.43697,5.45653],[-73.43665,5.45654],[-73.43644,5.45546],[-73.43589,5.45464],[-73.43462,5.45364],[-73.43449,5.45242],[-73.43322,5.45211],[-73.433,5.45308],[-73.43149,5.45284],[-73.43109,5.45179],[-73.43132,5.45109],[-73.43093,5.45082],[-73.42962,5.45072],[-73.42925,5.45037],[-73.42761,5.45],[-73.42593,5.45068],[-73.42562,5.45044],[-73.42563,5.44989],[-73.42454,5.44899],[-73.42244,5.44932],[-73.42225,5.44906],[-73.42156,5.44898],[-73.42113,5.44637],[-73.41885,5.44785],[-73.41701,5.44791],[-73.41576,5.44845],[-73.41471,5.44902],[-73.41453,5.45014],[-73.41415,5.45057],[-73.41058,5.45275],[-73.40954,5.45258],[-73.40763,5.45137],[-73.4066,5.4514],[-73.40624,5.45076],[-73.40441,5.4497],[-73.40367,5.44991],[-73.40294,5.45129],[-73.40304,5.45226],[-73.40262,5.45472],[-73.40005,5.45622],[-73.39891,5.4576],[-73.39889,5.4584],[-73.3977,5.45854],[-73.39699,5.45819],[-73.39614,5.4582],[-73.39439,5.45664],[-73.38799,5.45904],[-73.37814,5.46398],[-73.37352,5.46679],[-73.37147,5.46847],[-73.36987,5.47036],[-73.36589,5.47346],[-73.36119,5.47411],[-73.36068,5.47536],[-73.35928,5.47709],[-73.35511,5.48035],[-73.35375,5.48171],[-73.3528,5.48507],[-73.35129,5.48642],[-73.35026,5.48827],[-73.34992,5.48848],[-73.34848,5.49235],[-73.3493,5.4922],[-73.35064,5.49246],[-73.35157,5.49361],[-73.35201,5.49466],[-73.35761,5.49822],[-73.35443,5.50149],[-73.35289,5.50579],[-73.35152,5.50747],[-73.35098,5.50862],[-73.34951,5.50992],[-73.34724,5.51436],[-73.34343,5.51851],[-73.34027,5.52656],[-73.33981,5.52668],[-73.33894,5.5257],[-73.33629,5.52491],[-73.33509,5.52405],[-73.33186,5.52468],[-73.33077,5.52452],[-73.32755,5.52535],[-73.3237,5.52596],[-73.32265,5.52675],[-73.32291,5.52772],[-73.32111,5.52895],[-73.32049,5.53018],[-73.32053,5.53116],[-73.3202,5.53215],[-73.32032,5.53452],[-73.3212,5.53478],[-73.32029,5.53743],[-73.31955,5.54084],[-73.31964,5.54343],[-73.31145,5.543],[-73.30808,5.54324],[-73.30729,5.54644],[-73.30657,5.54794],[-73.30657,5.54909],[-73.30581,5.5498],[-73.30519,5.55137],[-73.30475,5.55182],[-73.30498,5.55236],[-73.30468,5.55342],[-73.30567,5.55478],[-73.30499,5.5564],[-73.30445,5.56023],[-73.30395,5.56135],[-73.30454,5.56201],[-73.3045,5.56378],[-73.30598,5.56717],[-73.30608,5.5687],[-73.30641,5.5692],[-73.30691,5.56923],[-73.30691,5.56966],[-73.30709,5.571],[-73.30808,5.57184],[-73.30892,5.57325],[-73.30947,5.57306],[-73.3105,5.57433],[-73.31242,5.57426],[-73.31287,5.57484],[-73.31393,5.57533],[-73.31408,5.57589],[-73.31486,5.57606],[-73.31495,5.57658],[-73.31538,5.57661],[-73.31625,5.57726],[-73.31599,5.57805],[-73.31641,5.5787],[-73.31648,5.57957],[-73.31716,5.57979],[-73.31748,5.58026],[-73.31804,5.57951],[-73.31878,5.58036],[-73.31945,5.58054],[-73.31992,5.58036],[-73.32152,5.58323],[-73.32286,5.58212],[-73.32437,5.58149],[-73.3249,5.58042],[-73.32599,5.58022],[-73.32667,5.57919],[-73.32733,5.58024]]]},"properties":{"DPTO_CCDGO":"15","MPIO_CCDGO":"001","DPTO_CNMBR":"BOYACÁ","MPIO_CNMBR":"TUNJA","MPIO_NAREA":"119.688918142","Shape_Leng":"0.572326860421","Shape_Area":"0.00976624807856"}},{"type":"Feature","geometry":{"type":"Polygon","coordinates":[[[-73.36445,5.01426],[-73.36582,5.01359],[-73.36672,5.01346],[-73.37143,5.01376],[-73.37269,5.01457],[-73.37361,5.0159],[-73.37494,5.01623],[-73.37693,5.01591],[-73.37776,5.0122],[-73.37739,5.01025],[-73.3775,5.00861],[-73.37846,5.00723],[-73.37894,5.00701],[-73.3799,5.00724],[-73.38113,5.00615],[-73.38262,5.00279],[-73.38259,5.00117],[-73.382,5.00019],[-73.38229,4.9997],[-73.38222,4.99913],[-73.38298,4.99908],[-73.38401,4.99828],[-73.38577,4.99775],[-73.38655,4.99643],[-73.38624,4.99403],[-73.38658,4.99369],[-73.38661,4.99314],[-73.38796,4.99227],[-73.38871,4.99072],[-73.38843,4.98787],[-73.38939,4.9869],[-73.38998,4.98561],[-73.39012,4.98345],[-73.39047,4.98283],[-73.39089,4.98078],[-73.39156,4.98035],[-73.39208,4.98112],[-73.39304,4.98043],[-73.39309,4.97963],[-73.3936,4.97865],[-73.39359,4.97776],[-73.39409,4.97733],[-73.39367,4.97607],[-73.39525,4.97513],[-73.39565,4.97424],[-73.39605,4.97396],[-73.39595,4.97333],[-73.39656,4.97287],[-73.39677,4.97208],[-73.39671,4.97033],[-73.39839,4.96932],[-73.39879,4.96801],[-73.39943,4.96758],[-73.39995,4.96551],[-73.40042,4.96518],[-73.4006,4.96396],[-73.40149,4.96277],[-73.40135,4.96231],[-73.40175,4.96166],[-73.40223,4.96189],[-73.40253,4.96152],[-73.40308,4.96145],[-73.40297,4.96099],[-73.40363,4.95922],[-73.40447,4.95856],[-73.40462,4.9579],[-73.40645,4.95737],[-73.40724,4.95618],[-73.40846,4.95614],[-73.41087,4.95393],[-73.41194,4.95342],[-73.41305,4.9521],[-73.41282,4.95112],[-73.41308,4.9504],[-73.41437,4.9497],[-73.41431,4.9489],[-73.41477,4.94888],[-73.41524,4.94939],[-73.41631,4.94902],[-73.41718,4.9493],[-73.41836,4.94815],[-73.41846,4.9475],[-73.42164,4.94609],[-73.42191,4.94554],[-73.42273,4.94505],[-73.42331,4.94353],[-73.42482,4.94139],[-73.42541,4.93974],[-73.42658,4.93859],[-73.42651,4.93765],[-73.42694,4.93736],[-73.42717,4.93627],[-73.42774,4.93573],[-73.42814,4.93469],[-73.42906,4.9339],[-73.4295,4.93298],[-73.43152,4.93062],[-73.43314,4.92935],[-73.43324,4.92798],[-73.43447,4.92577],[-73.43462,4.92477],[-73.43633,4.92345],[-73.43629,4.92241],[-73.43667,4.92082],[-73.43816,4.9189],[-73.43796,4.91718],[-73.4384,4.91542],[-73.43803,4.91371],[-73.43815,4.91127],[-73.43857,4.90985],[-73.43831,4.90888],[-73.43861,4.90789],[-73.43919,4.90724],[-73.43754,4.90628],[-73.43248,4.90537],[-73.42895,4.90404],[-73.42683,4.90447],[-73.42422,4.90458],[-73.42208,4.90507],[-73.41906,4.90501],[-73.41712,4.90597],[-73.41586,4.90624],[-73.41461,4.90632],[-73.41135,4.90576],[-73.40913,4.90578],[-73.40724,4.90692],[-73.40619,4.90886],[-73.40499,4.91017],[-73.40454,4.91113],[-73.40425,4.91348],[-73.40358,4.91558],[-73.40237,4.91808],[-73.40127,4.91906],[-73.39988,4.91965],[-73.39674,4.92184],[-73.3957,4.9221],[-73.39254,4.92228],[-73.39178,4.92126],[-73.39084,4.92052],[-73.38722,4.92085],[-73.38581,4.9233],[-73.3835,4.92536],[-73.37999,4.92702],[-73.37695,4.92777],[-73.3755,4.92863],[-73.37439,4.9297],[-73.37317,4.93192],[-73.3715,4.93409],[-73.37097,4.93588],[-73.36871,4.93963],[-73.36815,4.94007],[-73.36681,4.9397],[-73.36414,4.93966],[-73.36193,4.94093],[-73.3583,4.94422],[-73.35549,4.94864],[-73.3545,4.95071],[-73.35434,4.95567],[-73.3536,4.9575],[-73.35337,4.95926],[-73.35384,4.96145],[-73.35267,4.96422],[-73.35217,4.96776],[-73.35129,4.96985],[-73.34929,4.97192],[-73.34728,4.97307],[-73.34401,4.97567],[-73.34305,4.97681],[-73.35007,4.98197],[-73.35228,4.98489],[-73.35292,4.98918],[-73.35613,4.9941],[-73.35617,4.99518],[-73.35544,4.99867],[-73.35554,5.00238],[-73.35602,5.00342],[-73.36023,5.00672],[-73.36137,5.00817],[-73.36161,5.00956],[-73.36445,5.01426]]]},"properties":{"DPTO_CCDGO":"15","MPIO_CCDGO":"022","DPTO_CNMBR":"BOYACÁ","MPIO_CNMBR":"ALMEIDA","MPIO_NAREA":"57.6721191689","Shape_Leng":"0.348469204484","Shape_Area":"0.00470175865914"}},{"type":"Feature","geometry":{"type":"Polygon","coordinates":[[[-72.7133,5.62498],[-72.71656,5.62499],[-72.71881,5.62396],[-72.72295,5.62097],[-72.72369,5.61941],[-72.72468,5.61853],[-72.72803,5.61767],[-72.72896,5.6172],[-72.73151,5.61744],[-72.73247,5.61601],[-72.73459,5.61419],[-72.73563,5.61448],[-72.73647,5.6137],[-72.73992,5.60905],[-72.74243,5.60933],[-72.74469,5.6106],[-72.74504,5.61154],[-72.74532,5.61388],[-72.74627,5.61604],[-72.74724,5.6173],[-72.74654,5.61996],[-72.74652,5.62414],[-72.74598,5.62667],[-72.74642,5.62826],[-72.74715,5.62945],[-72.74899,5.63063],[-72.75123,5.63056],[-72.75193,5.6308],[-72.75252,5.63238],[-72.75307,5.63781],[-72.75399,5.63865],[-72.75568,5.63917],[-72.76181,5.63837],[-72.76242,5.63857],[-72.76286,5.63893],[-72.76343,5.64022],[-72.76306,5.64431],[-72.7631,5.64466],[-72.7638,5.64513],[-72.76741,5.64482],[-72.77083,5.64362],[-72.77126,5.64311],[-72.77262,5.64264],[-72.7759,5.64042],[-72.77756,5.6397],[-72.77773,5.63838],[-72.77825,5.63771],[-72.78103,5.63591],[-72.78146,5.63491],[-72.78324,5.63275],[-72.78456,5.63155],[-72.78615,5.6308],[-72.78681,5.62987],[-72.78779,5.62933],[-72.78873,5.62803],[-72.78912,5.62633],[-72.79016,5.62545],[-72.79004,5.62397],[-72.79101,5.62251],[-72.79142,5.62053],[-72.79329,5.61835],[-72.79549,5.615],[-72.79642,5.61066],[-72.79687,5.61025],[-72.79717,5.60904],[-72.79836,5.60806],[-72.79861,5.60618],[-72.79994,5.60511],[-72.80085,5.60337],[-72.80157,5.60277],[-72.80398,5.59797],[-72.80452,5.5977],[-72.80713,5.5941],[-72.80753,5.59253],[-72.80837,5.59087],[-72.80875,5.59058],[-72.8088,5.5886],[-72.81046,5.58573],[-72.81034,5.58439],[-72.8109,5.58355],[-72.81207,5.58516],[-72.81383,5.58592],[-72.8152,5.58618],[-72.81648,5.58708],[-72.81873,5.58667],[-72.81965,5.5869],[-72.82028,5.58815],[-72.82136,5.58933],[-72.82215,5.58972],[-72.82343,5.5898],[-72.82525,5.59128],[-72.8281,5.59188],[-72.82911,5.59258],[-72.83022,5.5929],[-72.83104,5.59362],[-72.83236,5.59381],[-72.8339,5.59368],[-72.83618,5.59582],[-72.83892,5.59586],[-72.84109,5.59633],[-72.84196,5.59604],[-72.8427,5.59637],[-72.84369,5.59617],[-72.84437,5.59677],[-72.84594,5.59717],[-72.84658,5.59799],[-72.84622,5.59934],[-72.84743,5.60016],[-72.8478,5.59999],[-72.84798,5.60026],[-72.84874,5.60025],[-72.84929,5.60002],[-72.84968,5.60028],[-72.85274,5.59985],[-72.85781,5.6007],[-72.86048,5.60005],[-72.86297,5.60114],[-72.86725,5.60223],[-72.87385,5.60513],[-72.87866,5.60573],[-72.87912,5.6062],[-72.88071,5.60695],[-72.88173,5.60633],[-72.88273,5.60652],[-72.88389,5.60871],[-72.88721,5.61013],[-72.88863,5.61138],[-72.88924,5.61158],[-72.88943,5.61208],[-72.89269,5.61409],[-72.89553,5.61373],[-72.89529,5.61271],[-72.89544,5.61064],[-72.8962,5.60926],[-72.89835,5.60772],[-72.89818,5.6067],[-72.89888,5.60524],[-72.89968,5.60222],[-72.89963,5.59964],[-72.90028,5.59848],[-72.90028,5.59769],[-72.89983,5.59652],[-72.90008,5.59069],[-72.89928,5.58805],[-72.89912,5.58659],[-72.89841,5.58584],[-72.89861,5.58523],[-72.89939,5.585],[-72.90039,5.58408],[-72.90083,5.58399],[-72.90188,5.58253],[-72.90227,5.58146],[-72.90172,5.58008],[-72.92576,5.56724],[-72.92369,5.56336],[-72.922,5.55925],[-72.92074,5.55372],[-72.92104,5.5465],[-72.92374,5.53759],[-72.9297,5.52839],[-72.9423,5.51228],[-72.95563,5.49864],[-72.9563,5.49674],[-72.95785,5.49523],[-72.9579,5.49472],[-72.95982,5.49231],[-72.96077,5.48957],[-72.96192,5.48753],[-72.96173,5.48492],[-72.96273,5.48168],[-72.96327,5.48073],[-72.96492,5.47983],[-72.96585,5.47667],[-72.96704,5.47427],[-72.96739,5.47277],[-72.96882,5.47037],[-72.97012,5.46985],[-72.9709,5.46919],[-72.97321,5.46984],[-72.97596,5.46877],[-72.98202,5.46781],[-72.98518,5.46688],[-72.98647,5.46599],[-72.98818,5.4641],[-72.99145,5.45983],[-72.99192,5.45792],[-72.98953,5.45172],[-72.9882,5.44903],[-72.98663,5.44189],[-72.98792,5.43861],[-72.99167,5.43516],[-72.9926,5.43378],[-72.99299,5.43142],[-72.99199,5.42881],[-72.99213,5.42699],[-72.99315,5.42564],[-72.99584,5.4192],[-72.9968,5.41817],[-73.00083,5.41614],[-73.00266,5.41448],[-73.00456,5.41133],[-73.00528,5.40891],[-73.00593,5.40822],[-73.00743,5.40496],[-73.00909,5.39934],[-73.01195,5.39711],[-73.01269,5.39614],[-73.01277,5.39536],[-73.01242,5.39497],[-73.01015,5.3945],[-73.00882,5.39393],[-73.00861,5.39352],[-73.0086,5.39031],[-73.00899,5.3885],[-73.00966,5.38688],[-73.01043,5.3862],[-73.01397,5.38564],[-73.01625,5.38462],[-73.02073,5.38071],[-73.02472,5.37582],[-73.02974,5.37119],[-73.03023,5.37099],[-73.0336,5.37093],[-73.03437,5.37059],[-73.03802,5.36536],[-73.04048,5.36243],[-73.04311,5.36015],[-73.04642,5.35382],[-73.0467,5.35234],[-73.04659,5.35012],[-73.04471,5.34518],[-73.04487,5.34093],[-73.04402,5.33811],[-73.04307,5.33699],[-73.04272,5.33612],[-73.0424,5.33153],[-73.04073,5.32969],[-73.04029,5.32861],[-73.0401,5.32713],[-73.04079,5.32546],[-73.04168,5.32486],[-73.04441,5.32378],[-73.04653,5.32138],[-73.0461,5.32039],[-73.04492,5.31911],[-73.04406,5.31742],[-73.04212,5.31513],[-73.04165,5.31419],[-73.04161,5.31244],[-73.04202,5.31075],[-73.04096,5.30938],[-73.02805,5.29992],[-73.02885,5.29339],[-73.02882,5.28939],[-73.02847,5.28772],[-73.02743,5.28546],[-73.0231,5.27838],[-73.01953,5.27368],[-73.01709,5.27102],[-73.01584,5.26779],[-73.01498,5.26649],[-73.01147,5.26247],[-73.00962,5.26106],[-73.00782,5.26029],[-73.00541,5.25977],[-72.99978,5.25951],[-72.99844,5.25921],[-72.99724,5.25828],[-72.99549,5.25521],[-72.99504,5.25294],[-72.99505,5.24795],[-72.99541,5.24463],[-72.99604,5.24338],[-73.00023,5.23786],[-73.00428,5.22844],[-73.00566,5.22685],[-73.00739,5.22123],[-73.01009,5.21581],[-73.01006,5.21452],[-73.0084,5.21396],[-73.00668,5.21262],[-73.00362,5.21145],[-72.9993,5.21174],[-72.99846,5.21136],[-72.99747,5.21036],[-72.99629,5.20965],[-72.99331,5.20872],[-72.99068,5.20655],[-72.9877,5.20357],[-72.98683,5.20075],[-72.98566,5.19842],[-72.98235,5.19605],[-72.97916,5.19689],[-72.97765,5.19687],[-72.97661,5.19655],[-72.97504,5.19687],[-72.97354,5.19793],[-72.97211,5.20036],[-72.97126,5.20076],[-72.97021,5.20197],[-72.96881,5.20235],[-72.96787,5.20326],[-72.965,5.20443],[-72.958,5.2099],[-72.95546,5.21076],[-72.95082,5.21336],[-72.95014,5.21326],[-72.94496,5.21025],[-72.94287,5.21035],[-72.94232,5.21057],[-72.94119,5.21167],[-72.94057,5.2117],[-72.93705,5.21309],[-72.93526,5.21327],[-72.93481,5.21242],[-72.93484,5.21177],[-72.93645,5.21112],[-72.93672,5.21054],[-72.93491,5.20924],[-72.93491,5.20763],[-72.93621,5.20745],[-72.93706,5.20698],[-72.93751,5.20551],[-72.93733,5.20412],[-72.93521,5.20553],[-72.93318,5.20575],[-72.93142,5.20681],[-72.92924,5.2072],[-72.92889,5.20746],[-72.92806,5.2093],[-72.92622,5.21041],[-72.92537,5.21206],[-72.92522,5.21302],[-72.92326,5.21534],[-72.92304,5.21736],[-72.92333,5.21937],[-72.92325,5.22131],[-72.92276,5.22317],[-72.91841,5.22825],[-72.91808,5.22823],[-72.91755,5.23021],[-72.91467,5.23756],[-72.91127,5.24414],[-72.91036,5.2456],[-72.90786,5.24795],[-72.90308,5.25356],[-72.89978,5.25678],[-72.89805,5.2589],[-72.89721,5.26004],[-72.89541,5.26404],[-72.89481,5.26723],[-72.89536,5.27309],[-72.89192,5.28075],[-72.89156,5.28289],[-72.89169,5.28553],[-72.89207,5.2871],[-72.89372,5.2889],[-72.89906,5.29185],[-72.90013,5.29293],[-72.90072,5.29408],[-72.90068,5.29534],[-72.8997,5.29939],[-72.89569,5.30692],[-72.89292,5.31089],[-72.89165,5.31159],[-72.88968,5.31367],[-72.88914,5.31523],[-72.88778,5.31613],[-72.88886,5.31855],[-72.88929,5.32047],[-72.88909,5.32199],[-72.88931,5.3235],[-72.88839,5.32514],[-72.8883,5.32577],[-72.88943,5.32956],[-72.88953,5.33154],[-72.88867,5.33411],[-72.88621,5.33678],[-72.88497,5.34017],[-72.88464,5.34225],[-72.88434,5.34277],[-72.88359,5.3431],[-72.88297,5.34376],[-72.88194,5.34742],[-72.88089,5.34849],[-72.87841,5.34992],[-72.87857,5.35016],[-72.8807,5.35065],[-72.88214,5.35055],[-72.88461,5.34988],[-72.88581,5.35186],[-72.88651,5.35452],[-72.88569,5.3588],[-72.88271,5.36323],[-72.88162,5.36188],[-72.87912,5.36034],[-72.8757,5.35743],[-72.87347,5.35693],[-72.86861,5.35287],[-72.86643,5.35258],[-72.8665,5.35022],[-72.86581,5.34863],[-72.86565,5.34759],[-72.86706,5.34386],[-72.86719,5.34196],[-72.86687,5.34065],[-72.85954,5.34039],[-72.8552,5.34208],[-72.85468,5.34308],[-72.85345,5.34391],[-72.85293,5.34625],[-72.85073,5.35001],[-72.84969,5.35122],[-72.84564,5.35402],[-72.84511,5.35526],[-72.84452,5.35831],[-72.84336,5.36015],[-72.84177,5.36359],[-72.8403,5.36357],[-72.83821,5.36557],[-72.83614,5.36589],[-72.8342,5.36683],[-72.83323,5.36691],[-72.82907,5.3664],[-72.82804,5.36683],[-72.82536,5.36896],[-72.82127,5.3698],[-72.81889,5.3717],[-72.81713,5.3739],[-72.81207,5.37817],[-72.81338,5.38043],[-72.81443,5.38044],[-72.81498,5.3808],[-72.81498,5.38201],[-72.81393,5.38515],[-72.81096,5.38669],[-72.80913,5.38916],[-72.80842,5.39076],[-72.80643,5.39235],[-72.8051,5.39425],[-72.80156,5.39534],[-72.79842,5.39541],[-72.7976,5.39613],[-72.79677,5.39924],[-72.7983,5.4024],[-72.79833,5.40339],[-72.79748,5.40716],[-72.79815,5.40871],[-72.79834,5.41051],[-72.79784,5.41186],[-72.7971,5.41605],[-72.79654,5.4169],[-72.79494,5.41826],[-72.79164,5.42355],[-72.78962,5.42868],[-72.78495,5.43706],[-72.7822,5.43918],[-72.7801,5.43945],[-72.77965,5.44024],[-72.77916,5.44219],[-72.77588,5.44563],[-72.77151,5.44946],[-72.76905,5.4511],[-72.76435,5.45367],[-72.76256,5.45515],[-72.75954,5.45604],[-72.75852,5.45662],[-72.75673,5.45875],[-72.75516,5.46198],[-72.7539,5.46362],[-72.7521,5.4651],[-72.75077,5.46685],[-72.74933,5.46786],[-72.74669,5.46893],[-72.74411,5.47034],[-72.74268,5.4706],[-72.73778,5.47045],[-72.73658,5.47089],[-72.73537,5.47249],[-72.7337,5.47353],[-72.73248,5.47481],[-72.73088,5.4776],[-72.72845,5.48014],[-72.72807,5.4814],[-72.72797,5.48453],[-72.72741,5.48634],[-72.72674,5.48706],[-72.72657,5.48675],[-72.72298,5.48549],[-72.71985,5.48618],[-72.71618,5.48384],[-72.71535,5.48379],[-72.71392,5.48435],[-72.71311,5.48421],[-72.7113,5.48241],[-72.71093,5.48032],[-72.71016,5.48003],[-72.70879,5.48],[-72.70754,5.47901],[-72.70738,5.4775],[-72.70836,5.47552],[-72.7085,5.47468],[-72.70754,5.47293],[-72.70737,5.47215],[-72.70746,5.47132],[-72.70819,5.46977],[-72.70776,5.4685],[-72.70861,5.46722],[-72.70828,5.46505],[-72.70838,5.46335],[-72.70804,5.46267],[-72.70661,5.46121],[-72.70618,5.45967],[-72.70872,5.45719],[-72.70822,5.4561],[-72.70776,5.45396],[-72.70777,5.45258],[-72.70656,5.45245],[-72.70597,5.45205],[-72.70546,5.44936],[-72.70409,5.44694],[-72.70395,5.44523],[-72.70218,5.44478],[-72.70136,5.44305],[-72.70003,5.44221],[-72.69858,5.44192],[-72.69661,5.44198],[-72.6953,5.44005],[-72.69525,5.43928],[-72.69331,5.44114],[-72.69128,5.44185],[-72.68894,5.44332],[-72.68649,5.44427],[-72.68571,5.44519],[-72.68516,5.44652],[-72.68515,5.44764],[-72.68464,5.44791],[-72.68339,5.44799],[-72.68117,5.45008],[-72.67922,5.45112],[-72.6785,5.45121],[-72.67784,5.45089],[-72.67749,5.44955],[-72.67584,5.44917],[-72.67436,5.4484],[-72.66876,5.44403],[-72.66677,5.4416],[-72.66622,5.4403],[-72.66704,5.43891],[-72.66746,5.43754],[-72.66713,5.43607],[-72.65243,5.44931],[-72.65478,5.45031],[-72.65872,5.45274],[-72.65909,5.45271],[-72.66263,5.45619],[-72.66607,5.45906],[-72.66678,5.46002],[-72.66942,5.46606],[-72.67169,5.46883],[-72.67359,5.47283],[-72.67828,5.4789],[-72.67946,5.48114],[-72.6805,5.48379],[-72.68135,5.48723],[-72.68252,5.48949],[-72.6827,5.49069],[-72.68216,5.49224],[-72.6807,5.49374],[-72.68014,5.49402],[-72.67528,5.49455],[-72.67179,5.49543],[-72.66453,5.49756],[-72.65992,5.49961],[-72.65821,5.4996],[-72.65664,5.50028],[-72.65633,5.50075],[-72.65535,5.50738],[-72.65566,5.50971],[-72.65628,5.51175],[-72.65631,5.51422],[-72.65589,5.51811],[-72.65603,5.52068],[-72.65852,5.52952],[-72.66252,5.53877],[-72.66894,5.53653],[-72.66977,5.53773],[-72.6712,5.53886],[-72.67687,5.54251],[-72.68108,5.54355],[-72.68234,5.54414],[-72.68396,5.54622],[-72.68724,5.55513],[-72.68953,5.55967],[-72.69067,5.5599],[-72.69165,5.5596],[-72.69226,5.55916],[-72.69298,5.55762],[-72.69411,5.55732],[-72.69522,5.5574],[-72.69669,5.55673],[-72.69914,5.55646],[-72.70291,5.55883],[-72.70423,5.55903],[-72.70574,5.5601],[-72.70657,5.5603],[-72.70907,5.56007],[-72.71207,5.55923],[-72.71424,5.55769],[-72.71548,5.55765],[-72.71646,5.5582],[-72.71781,5.5577],[-72.71889,5.55765],[-72.72063,5.55831],[-72.72245,5.55833],[-72.72383,5.55869],[-72.72528,5.55852],[-72.73272,5.56094],[-72.73811,5.56222],[-72.745,5.56474],[-72.74385,5.56706],[-72.74489,5.56909],[-72.74462,5.57024],[-72.74206,5.57115],[-72.74111,5.5727],[-72.74002,5.57327],[-72.73862,5.5745],[-72.73648,5.57726],[-72.73593,5.57836],[-72.73382,5.58084],[-72.73162,5.58465],[-72.72966,5.59186],[-72.7306,5.59314],[-72.73036,5.59356],[-72.72613,5.59886],[-72.72405,5.60068],[-72.7237,5.60068],[-72.72171,5.60365],[-72.71984,5.60561],[-72.71479,5.60807],[-72.71291,5.60937],[-72.71019,5.61433],[-72.70906,5.61565],[-72.70811,5.61624],[-72.70866,5.61628],[-72.70981,5.61791],[-72.71203,5.61938],[-72.71236,5.62001],[-72.7133,5.62498]]]},"properties":{"DPTO_CCDGO":"15","MPIO_CCDGO":"047","DPTO_CNMBR":"BOYACÁ","MPIO_CNMBR":"AQUITANIA","MPIO_NAREA":"942.146562716","Shape_Leng":"1.80031146583","Shape_Area":"0.0768435036445"}},{"type":"Feature","geometry":{"type":"Polygon","coordinates":[[[-73.47156,5.8216],[-73.47389,5.82452],[-73.47566,5.82604],[-73.47717,5.82806],[-73.47945,5.82825],[-73.48248,5.82899],[-73.48329,5.82891],[-73.48378,5.8282],[-73.48438,5.82808],[-73.48761,5.82999],[-73.48931,5.83027],[-73.49068,5.8302],[-73.49278,5.83088],[-73.49316,5.83267],[-73.49303,5.83422],[-73.49265,5.83501],[-73.49129,5.83635],[-73.49154,5.83887],[-73.4925,5.83815],[-73.49321,5.83859],[-73.49413,5.8384],[-73.49422,5.84019],[-73.49492,5.83991],[-73.4959,5.84004],[-73.49802,5.84164],[-73.49853,5.84255],[-73.50026,5.8437],[-73.50077,5.84323],[-73.50097,5.84246],[-73.50139,5.84229],[-73.50314,5.84438],[-73.50412,5.84357],[-73.50554,5.84355],[-73.50647,5.84403],[-73.50733,5.84408],[-73.50819,5.84476],[-73.51045,5.84569],[-73.51227,5.84693],[-73.5131,5.84695],[-73.51293,5.84492],[-73.51132,5.84318],[-73.5104,5.8432],[-73.50993,5.84153],[-73.50912,5.84039],[-73.50842,5.83996],[-73.50651,5.83677],[-73.50625,5.83474],[-73.50676,5.83325],[-73.50774,5.83218],[-73.51093,5.83358],[-73.51153,5.83341],[-73.51402,5.83158],[-73.51272,5.8307],[-73.51205,5.82987],[-73.51141,5.82813],[-73.51071,5.82725],[-73.50961,5.82694],[-73.50825,5.8253],[-73.5057,5.82374],[-73.50468,5.82197],[-73.50288,5.82008],[-73.50015,5.81842],[-73.49833,5.81648],[-73.49799,5.81465],[-73.49707,5.81205],[-73.49508,5.81084],[-73.49401,5.80979],[-73.49134,5.8086],[-73.48978,5.80652],[-73.48816,5.80528],[-73.48651,5.80328],[-73.49227,5.79544],[-73.49565,5.79028],[-73.49864,5.78703],[-73.50008,5.78644],[-73.4974,5.78266],[-73.49812,5.78122],[-73.50001,5.77944],[-73.50026,5.77887],[-73.50052,5.77776],[-73.5,5.77687],[-73.49926,5.77389],[-73.50081,5.77268],[-73.50134,5.77086],[-73.5031,5.76708],[-73.5033,5.76527],[-73.50636,5.7621],[-73.50729,5.76054],[-73.50879,5.75731],[-73.50858,5.75499],[-73.50773,5.75328],[-73.50584,5.75271],[-73.50453,5.75164],[-73.50264,5.74939],[-73.5012,5.74923],[-73.49959,5.7496],[-73.49854,5.74938],[-73.49793,5.74887],[-73.49685,5.74684],[-73.49564,5.7465],[-73.49479,5.74579],[-73.49424,5.7459],[-73.49389,5.74538],[-73.49523,5.74415],[-73.49601,5.74388],[-73.49637,5.74262],[-73.49822,5.74056],[-73.49879,5.73951],[-73.49881,5.73897],[-73.4995,5.73783],[-73.49974,5.73616],[-73.50039,5.73522],[-73.50028,5.73464],[-73.50077,5.7335],[-73.50058,5.73275],[-73.50099,5.73177],[-73.50273,5.72934],[-73.50415,5.72797],[-73.50438,5.72695],[-73.50537,5.72626],[-73.50617,5.72501],[-73.50727,5.72478],[-73.50507,5.71846],[-73.50439,5.71723],[-73.50344,5.71636],[-73.50077,5.71762],[-73.49989,5.71749],[-73.49961,5.71798],[-73.49589,5.71936],[-73.49081,5.72086],[-73.48747,5.72288],[-73.48661,5.72305],[-73.47872,5.72269],[-73.47728,5.72241],[-73.47746,5.72061],[-73.47706,5.71849],[-73.47653,5.71685],[-73.47552,5.71677],[-73.47362,5.71798],[-73.47028,5.71888],[-73.4681,5.72065],[-73.46672,5.7211],[-73.4661,5.72217],[-73.46614,5.72349],[-73.46441,5.72532],[-73.46328,5.72589],[-73.4614,5.72631],[-73.46043,5.72687],[-73.45942,5.72692],[-73.45579,5.72545],[-73.45451,5.72563],[-73.45286,5.72529],[-73.45176,5.72561],[-73.4512,5.72465],[-73.45098,5.72291],[-73.45039,5.72144],[-73.44865,5.71857],[-73.44721,5.71735],[-73.4444,5.71586],[-73.44211,5.71336],[-73.43731,5.71134],[-73.43243,5.70827],[-73.43219,5.70732],[-73.43022,5.70562],[-73.4297,5.70464],[-73.42809,5.70457],[-73.42534,5.70712],[-73.42345,5.70773],[-73.42299,5.70651],[-73.42174,5.70565],[-73.42115,5.70567],[-73.41861,5.7071],[-73.41612,5.70697],[-73.41521,5.70731],[-73.41396,5.70826],[-73.41338,5.70911],[-73.41311,5.7108],[-73.4111,5.71228],[-73.41017,5.71233],[-73.40841,5.71192],[-73.40695,5.71254],[-73.40581,5.71234],[-73.40441,5.71298],[-73.4034,5.71384],[-73.40078,5.71445],[-73.39991,5.71045],[-73.39948,5.70999],[-73.39929,5.70911],[-73.3992,5.70665],[-73.39764,5.70256],[-73.39427,5.69862],[-73.39028,5.69706],[-73.38786,5.69514],[-73.38737,5.69422],[-73.38741,5.69317],[-73.38621,5.69348],[-73.38583,5.6933],[-73.38519,5.6903],[-73.38433,5.6893],[-73.38353,5.68767],[-73.38306,5.68554],[-73.38334,5.68328],[-73.38362,5.68299],[-73.38337,5.68113],[-73.38365,5.68015],[-73.38359,5.67855],[-73.38329,5.6776],[-73.38224,5.67664],[-73.38241,5.67585],[-73.3815,5.67547],[-73.3818,5.67256],[-73.38086,5.67195],[-73.36955,5.66854],[-73.36349,5.66505],[-73.36313,5.66453],[-73.36238,5.66384],[-73.36021,5.66476],[-73.35982,5.66549],[-73.35911,5.66608],[-73.35556,5.66835],[-73.35442,5.66861],[-73.35339,5.66845],[-73.35225,5.66887],[-73.35039,5.66873],[-73.34917,5.66967],[-73.3475,5.67023],[-73.34673,5.67129],[-73.34575,5.67401],[-73.34396,5.67575],[-73.34435,5.67881],[-73.34184,5.67973],[-73.34349,5.68045],[-73.34574,5.68191],[-73.34733,5.68449],[-73.34793,5.68501],[-73.34794,5.68673],[-73.3483,5.68779],[-73.34794,5.68823],[-73.34838,5.68956],[-73.34841,5.69111],[-73.34904,5.69278],[-73.34957,5.69327],[-73.34946,5.69491],[-73.34989,5.69634],[-73.35061,5.69755],[-73.35154,5.6984],[-73.35202,5.69967],[-73.35269,5.7002],[-73.35312,5.70117],[-73.3546,5.70185],[-73.35553,5.70295],[-73.356,5.70406],[-73.35575,5.70464],[-73.35723,5.70449],[-73.35773,5.70504],[-73.35889,5.70534],[-73.35947,5.70506],[-73.3598,5.70533],[-73.36057,5.7053],[-73.36235,5.7047],[-73.36259,5.70406],[-73.36505,5.70366],[-73.36593,5.70577],[-73.36611,5.70668],[-73.36569,5.70736],[-73.36581,5.70817],[-73.36612,5.70847],[-73.36603,5.70915],[-73.36658,5.70968],[-73.36671,5.71152],[-73.3674,5.71244],[-73.36789,5.71386],[-73.36781,5.715],[-73.36824,5.71527],[-73.36847,5.71585],[-73.36946,5.71613],[-73.37037,5.71713],[-73.3712,5.71699],[-73.37155,5.71732],[-73.37206,5.71719],[-73.3724,5.71765],[-73.37218,5.7181],[-73.37243,5.71867],[-73.3722,5.71993],[-73.37285,5.72026],[-73.37301,5.7208],[-73.37325,5.72055],[-73.3736,5.72087],[-73.37391,5.72067],[-73.37437,5.7208],[-73.37481,5.72043],[-73.3752,5.72068],[-73.37545,5.72034],[-73.37593,5.72074],[-73.37612,5.72036],[-73.3761,5.72082],[-73.37645,5.72062],[-73.37636,5.72095],[-73.3767,5.72108],[-73.37655,5.72155],[-73.37625,5.72162],[-73.37641,5.72213],[-73.37621,5.72227],[-73.37694,5.72282],[-73.37811,5.7228],[-73.37863,5.7237],[-73.37909,5.72363],[-73.37913,5.7245],[-73.37861,5.72481],[-73.37825,5.72547],[-73.37695,5.73043],[-73.37702,5.73463],[-73.37592,5.73714],[-73.37429,5.73853],[-73.37406,5.74166],[-73.37418,5.74283],[-73.37446,5.74317],[-73.37782,5.744],[-73.37924,5.745],[-73.37962,5.74565],[-73.3796,5.74677],[-73.37882,5.74812],[-73.37714,5.74869],[-73.37687,5.74914],[-73.37694,5.74946],[-73.37984,5.75189],[-73.37973,5.75643],[-73.38098,5.75819],[-73.38128,5.75996],[-73.38173,5.76053],[-73.38597,5.75418],[-73.38932,5.75118],[-73.39048,5.75107],[-73.39371,5.75393],[-73.39569,5.75713],[-73.39729,5.75838],[-73.3982,5.75891],[-73.39902,5.75867],[-73.39985,5.75877],[-73.40284,5.76037],[-73.40731,5.7614],[-73.40995,5.76234],[-73.41225,5.76398],[-73.4151,5.76732],[-73.41712,5.76864],[-73.41877,5.76853],[-73.42442,5.76621],[-73.42645,5.76582],[-73.42808,5.76586],[-73.43003,5.7665],[-73.43081,5.76707],[-73.43187,5.76873],[-73.43223,5.76953],[-73.43206,5.77081],[-73.43182,5.77141],[-73.42902,5.77292],[-73.42787,5.7741],[-73.42728,5.77523],[-73.42713,5.77637],[-73.42728,5.77717],[-73.42831,5.77891],[-73.42967,5.7802],[-73.43156,5.78139],[-73.43202,5.78249],[-73.43193,5.78348],[-73.43067,5.78488],[-73.43031,5.78577],[-73.42996,5.78788],[-73.4304,5.79075],[-73.43146,5.793],[-73.43339,5.79501],[-73.43589,5.7982],[-73.43819,5.79976],[-73.43929,5.80036],[-73.44555,5.80243],[-73.44803,5.80296],[-73.4498,5.80394],[-73.45243,5.80734],[-73.4566,5.81104],[-73.45966,5.81324],[-73.46538,5.81397],[-73.46752,5.81484],[-73.46951,5.81525],[-73.47348,5.81683],[-73.47156,5.8216]]]},"properties":{"DPTO_CCDGO":"15","MPIO_CCDGO":"051","DPTO_CNMBR":"BOYACÁ","MPIO_CNMBR":"ARCABUCO","MPIO_NAREA":"137.898588025","Shape_Leng":"0.752708972046","Shape_Area":"0.0112567377614"}},{"type":"Feature","geometry":{"type":"Polygon","coordinates":[[[-72.81241,6.02323],[-72.81445,6.02122],[-72.81645,6.01663],[-72.81853,6.01527],[-72.81934,6.01557],[-72.82097,6.01436],[-72.82217,6.01301],[-72.82346,6.01294],[-72.82425,6.01243],[-72.82413,6.01027],[-72.82636,6.01231],[-72.82856,6.0131],[-72.82951,6.0126],[-72.83233,6.01188],[-72.83332,6.01084],[-72.83843,6.01488],[-72.83857,6.01426],[-72.83936,6.0131],[-72.84004,6.01251],[-72.84105,6.01213],[-72.84091,6.01082],[-72.84363,6.00922],[-72.84526,6.00876],[-72.84581,6.00757],[-72.84647,6.00713],[-72.84738,6.00742],[-72.84797,6.00885],[-72.85107,6.00917],[-72.8515,6.00955],[-72.85164,6.01014],[-72.85222,6.01031],[-72.85235,6.01071],[-72.85291,6.01106],[-72.85385,6.01092],[-72.85441,6.01126],[-72.85468,6.01103],[-72.85511,6.01181],[-72.85642,6.01187],[-72.85687,6.0116],[-72.85721,6.01199],[-72.85859,6.01208],[-72.85954,6.0125],[-72.86084,6.01232],[-72.8612,6.01282],[-72.86206,6.01303],[-72.86264,6.01437],[-72.86367,6.01567],[-72.86477,6.01601],[-72.8654,6.01657],[-72.86675,6.01984],[-72.86753,6.02059],[-72.86927,6.02155],[-72.87006,6.02233],[-72.87045,6.02322],[-72.86985,6.02802],[-72.86898,6.03109],[-72.8694,6.03273],[-72.86998,6.03343],[-72.87087,6.03544],[-72.87037,6.03675],[-72.87091,6.03928],[-72.87156,6.04001],[-72.87403,6.04171],[-72.8768,6.04299],[-72.87994,6.0439],[-72.8834,6.04379],[-72.88528,6.04435],[-72.88602,6.0453],[-72.88625,6.04695],[-72.88661,6.04746],[-72.88871,6.04833],[-72.88955,6.04923],[-72.89073,6.04946],[-72.89112,6.0501],[-72.89215,6.05049],[-72.89288,6.05153],[-72.89462,6.05212],[-72.89539,6.05353],[-72.89572,6.05598],[-72.89602,6.05655],[-72.89776,6.05711],[-72.89868,6.05777],[-72.89954,6.05947],[-72.90085,6.06111],[-72.90367,6.0627],[-72.90455,6.06354],[-72.90619,6.06567],[-72.90719,6.0685],[-72.9078,6.06869],[-72.90814,6.06977],[-72.9092,6.07021],[-72.90937,6.07081],[-72.91054,6.0724],[-72.91099,6.07245],[-72.91099,6.07281],[-72.91138,6.0729],[-72.91158,6.07347],[-72.91189,6.07338],[-72.91221,6.0739],[-72.91444,6.0744],[-72.91493,6.0754],[-72.91597,6.07598],[-72.91662,6.07693],[-72.91756,6.08016],[-72.91748,6.08092],[-72.91678,6.08161],[-72.91738,6.08281],[-72.91772,6.08447],[-72.91768,6.08509],[-72.91685,6.08633],[-72.91698,6.08757],[-72.91766,6.08824],[-72.91941,6.09366],[-72.92064,6.09648],[-72.92175,6.09759],[-72.92337,6.09835],[-72.92368,6.09684],[-72.92279,6.09587],[-72.92277,6.08793],[-72.92487,6.08594],[-72.92772,6.08605],[-72.92975,6.08552],[-72.93144,6.08542],[-72.93261,6.08492],[-72.93574,6.07912],[-72.93574,6.07872],[-72.93521,6.07798],[-72.93515,6.07692],[-72.93711,6.07669],[-72.93847,6.07709],[-72.94,6.07716],[-72.94345,6.077],[-72.94455,6.07651],[-72.94538,6.07435],[-72.94738,6.07079],[-72.94905,6.0697],[-72.95191,6.06851],[-72.95274,6.06745],[-72.95394,6.06512],[-72.95301,6.06289],[-72.95242,6.06057],[-72.95245,6.05967],[-72.95486,6.05486],[-72.95495,6.05393],[-72.95376,6.05236],[-72.95327,6.0508],[-72.9532,6.04943],[-72.95364,6.04751],[-72.95497,6.04581],[-72.9582,6.04386],[-72.96012,6.0434],[-72.96066,6.04277],[-72.9611,6.04132],[-72.96087,6.04072],[-72.95891,6.03875],[-72.95888,6.03839],[-72.96131,6.03411],[-72.96149,6.03101],[-72.96219,6.02832],[-72.96266,6.02743],[-72.96345,6.02669],[-72.96518,6.02587],[-72.96671,6.02451],[-72.96984,6.02269],[-72.9704,6.02212],[-72.96996,6.01949],[-72.96982,6.0177],[-72.96946,6.01681],[-72.96694,6.01405],[-72.96767,6.01097],[-72.96752,6.00991],[-72.96614,6.0079],[-72.96294,6.00479],[-72.96201,6.00413],[-72.96063,6.00368],[-72.95869,6.00181],[-72.95798,6.00065],[-72.95815,5.99836],[-72.95797,5.99653],[-72.95681,5.99582],[-72.95442,5.99581],[-72.95217,5.99364],[-72.95164,5.9927],[-72.95172,5.9922],[-72.9514,5.99153],[-72.95062,5.9905],[-72.9503,5.98789],[-72.94986,5.98684],[-72.94927,5.98633],[-72.94913,5.98536],[-72.94819,5.98487],[-72.94789,5.98435],[-72.94792,5.98331],[-72.9474,5.98192],[-72.94659,5.98219],[-72.94591,5.98109],[-72.94491,5.98126],[-72.94461,5.98068],[-72.94333,5.9804],[-72.94284,5.97918],[-72.94197,5.97864],[-72.94162,5.97794],[-72.93969,5.97665],[-72.93889,5.97698],[-72.93801,5.97634],[-72.93675,5.97657],[-72.93591,5.97577],[-72.93591,5.97535],[-72.93488,5.97497],[-72.93435,5.9735],[-72.93269,5.97203],[-72.93098,5.97135],[-72.93341,5.96914],[-72.92745,5.9643],[-72.92582,5.96375],[-72.92388,5.96159],[-72.91993,5.95816],[-72.9195,5.95731],[-72.91698,5.9565],[-72.9164,5.95543],[-72.91645,5.95429],[-72.91711,5.95246],[-72.91691,5.9494],[-72.91413,5.94488],[-72.91411,5.94411],[-72.91093,5.94259],[-72.90851,5.94264],[-72.90644,5.942],[-72.90538,5.94211],[-72.90383,5.94275],[-72.90324,5.9427],[-72.89942,5.94163],[-72.89875,5.94124],[-72.89845,5.94024],[-72.8972,5.93961],[-72.8953,5.93963],[-72.89409,5.93906],[-72.8939,5.938],[-72.89324,5.93762],[-72.89183,5.93587],[-72.89086,5.93592],[-72.89014,5.9353],[-72.88969,5.93545],[-72.88943,5.9359],[-72.8886,5.93819],[-72.8869,5.93878],[-72.88545,5.94051],[-72.88486,5.94029],[-72.88451,5.93957],[-72.88269,5.93993],[-72.8822,5.94119],[-72.88095,5.94246],[-72.88037,5.94268],[-72.87967,5.94546],[-72.87848,5.94609],[-72.87743,5.94803],[-72.87558,5.94515],[-72.87417,5.944],[-72.87378,5.94295],[-72.87316,5.9422],[-72.8713,5.94114],[-72.86828,5.94025],[-72.86427,5.94322],[-72.85832,5.94708],[-72.85712,5.94727],[-72.85389,5.94848],[-72.85351,5.95129],[-72.85301,5.95129],[-72.85319,5.95315],[-72.85233,5.95454],[-72.85116,5.95503],[-72.85054,5.95579],[-72.84562,5.95608],[-72.84232,5.95711],[-72.84082,5.95784],[-72.83882,5.96023],[-72.83773,5.9608],[-72.83656,5.96186],[-72.83499,5.96168],[-72.83474,5.96262],[-72.834,5.96323],[-72.83376,5.96381],[-72.83398,5.96442],[-72.83364,5.96538],[-72.83392,5.96667],[-72.8326,5.96988],[-72.83111,5.97204],[-72.8293,5.97346],[-72.82859,5.97434],[-72.82722,5.97459],[-72.82622,5.97401],[-72.825,5.97372],[-72.82348,5.97392],[-72.82095,5.97536],[-72.81919,5.97685],[-72.81827,5.97801],[-72.81758,5.97769],[-72.81701,5.97774],[-72.81511,5.97932],[-72.81341,5.97966],[-72.81266,5.98232],[-72.81177,5.98376],[-72.81067,5.98475],[-72.80956,5.98669],[-72.80793,5.98739],[-72.80546,5.98933],[-72.80342,5.99033],[-72.80286,5.99097],[-72.8013,5.9909],[-72.80021,5.99223],[-72.79879,5.99274],[-72.79685,5.99432],[-72.79373,5.99999],[-72.79299,6.00337],[-72.79141,6.00655],[-72.79313,6.00824],[-72.79448,6.01152],[-72.79518,6.0125],[-72.79608,6.01549],[-72.79606,6.01828],[-72.79577,6.01903],[-72.79707,6.01916],[-72.79808,6.01702],[-72.79846,6.01673],[-72.79881,6.0171],[-72.80206,6.01658],[-72.8025,6.01679],[-72.80372,6.01669],[-72.8059,6.01811],[-72.80676,6.01786],[-72.80716,6.01864],[-72.80798,6.01922],[-72.80828,6.01985],[-72.80839,6.02229],[-72.80866,6.02255],[-72.8093,6.02248],[-72.8105,6.02175],[-72.81113,6.02243],[-72.81068,6.02346],[-72.81076,6.02385],[-72.81241,6.02323]]]},"properties":{"DPTO_CCDGO":"15","MPIO_CCDGO":"087","DPTO_CNMBR":"BOYACÁ","MPIO_CNMBR":"BELÉN","MPIO_NAREA":"163.088220029","Shape_Leng":"0.629348882238","Shape_Area":"0.0133149202289"}},{"type":"Feature","geometry":{"type":"Polygon","coordinates":[[[-73.0725,5.16894],[-73.06647,5.18582],[-73.06971,5.18739],[-73.07111,5.18957],[-73.07161,5.19089],[-73.07136,5.19275],[-73.07274,5.19557],[-73.07267,5.19639],[-73.07396,5.19762],[-73.07521,5.19776],[-73.07713,5.1973],[-73.07771,5.19686],[-73.07781,5.19589],[-73.08007,5.19982],[-73.08006,5.20073],[-73.08038,5.20148],[-73.08422,5.20057],[-73.08377,5.20173],[-73.0839,5.20202],[-73.08469,5.20182],[-73.08923,5.20235],[-73.08912,5.20328],[-73.09177,5.20438],[-73.09236,5.2036],[-73.09475,5.20502],[-73.09744,5.20761],[-73.10004,5.20868],[-73.10071,5.20974],[-73.10165,5.20977],[-73.10356,5.21805],[-73.1032,5.21841],[-73.10495,5.22082],[-73.10448,5.22178],[-73.10594,5.22224],[-73.10584,5.22268],[-73.10422,5.22371],[-73.10407,5.22404],[-73.10383,5.22521],[-73.10406,5.22644],[-73.10393,5.22761],[-73.10252,5.23025],[-73.1016,5.23124],[-73.10102,5.23315],[-73.101,5.23511],[-73.10165,5.23847],[-73.10167,5.2401],[-73.10143,5.24065],[-73.09725,5.24326],[-73.09664,5.2442],[-73.09446,5.24513],[-73.09261,5.24746],[-73.09122,5.2477],[-73.08872,5.24891],[-73.08641,5.25064],[-73.08595,5.25179],[-73.08394,5.25361],[-73.0833,5.25518],[-73.08152,5.25577],[-73.0804,5.25581],[-73.0784,5.25781],[-73.07587,5.25833],[-73.07347,5.25974],[-73.07101,5.26357],[-73.07036,5.26725],[-73.06977,5.26764],[-73.06812,5.26978],[-73.06739,5.27107],[-73.06741,5.27204],[-73.06633,5.27403],[-73.06622,5.27506],[-73.06679,5.27614],[-73.06707,5.27753],[-73.06698,5.28012],[-73.06669,5.28052],[-73.06643,5.28279],[-73.0655,5.28442],[-73.06488,5.28971],[-73.06455,5.2903],[-73.06472,5.29116],[-73.06448,5.29186],[-73.06388,5.30057],[-73.06934,5.29739],[-73.07196,5.2962],[-73.07273,5.2955],[-73.07445,5.29493],[-73.08175,5.29001],[-73.08575,5.28786],[-73.0905,5.28587],[-73.09477,5.28492],[-73.10161,5.28124],[-73.10473,5.27872],[-73.10792,5.27721],[-73.10994,5.27429],[-73.11126,5.27102],[-73.11201,5.27037],[-73.11381,5.27014],[-73.11611,5.2706],[-73.11702,5.27012],[-73.11944,5.26755],[-73.12398,5.26121],[-73.12419,5.25983],[-73.12515,5.25852],[-73.12526,5.25729],[-73.12623,5.25571],[-73.12671,5.254],[-73.12838,5.25239],[-73.1309,5.25088],[-73.13277,5.24859],[-73.13408,5.24833],[-73.13568,5.2472],[-73.13642,5.24622],[-73.13655,5.244],[-73.13732,5.24278],[-73.1382,5.2421],[-73.13966,5.24178],[-73.14118,5.24002],[-73.14317,5.23868],[-73.14328,5.23797],[-73.14416,5.23718],[-73.14478,5.23595],[-73.14572,5.23552],[-73.14686,5.23201],[-73.14845,5.2302],[-73.14821,5.22902],[-73.14698,5.22831],[-73.14602,5.22727],[-73.14532,5.22535],[-73.14452,5.22404],[-73.14408,5.22377],[-73.14257,5.22404],[-73.14197,5.22382],[-73.1408,5.2223],[-73.14025,5.22085],[-73.13925,5.2193],[-73.13655,5.21832],[-73.13484,5.21472],[-73.13282,5.21278],[-73.13134,5.21202],[-73.12926,5.20881],[-73.12727,5.20838],[-73.12624,5.20768],[-73.12308,5.20769],[-73.1216,5.20608],[-73.11924,5.20469],[-73.11867,5.20292],[-73.11826,5.20275],[-73.1163,5.20291],[-73.11495,5.20254],[-73.11027,5.19877],[-73.10896,5.19804],[-73.10769,5.19679],[-73.10696,5.19563],[-73.10391,5.19296],[-73.10285,5.19147],[-73.10285,5.19072],[-73.10489,5.18677],[-73.10483,5.18519],[-73.10352,5.18383],[-73.10241,5.18176],[-73.10195,5.17897],[-73.10028,5.17557],[-73.09942,5.17452],[-73.09859,5.17244],[-73.0979,5.17204],[-73.09818,5.17012],[-73.09786,5.16989],[-73.09739,5.17008],[-73.09704,5.16949],[-73.09622,5.16949],[-73.09563,5.16875],[-73.09453,5.16867],[-73.09378,5.16805],[-73.09378,5.16764],[-73.09333,5.16723],[-73.09289,5.16613],[-73.09172,5.16481],[-73.09124,5.16364],[-73.09031,5.16278],[-73.08905,5.16072],[-73.08715,5.16089],[-73.08322,5.16002],[-73.07761,5.16241],[-73.07627,5.1641],[-73.07435,5.16511],[-73.07229,5.167],[-73.07204,5.16759],[-73.0725,5.16894]]]},"properties":{"DPTO_CCDGO":"15","MPIO_CCDGO":"090","DPTO_CNMBR":"BOYACÁ","MPIO_CNMBR":"BERBEO","MPIO_NAREA":"58.0130163058","Shape_Leng":"0.429174258831","Shape_Area":"0.00473084990047"}},{"type":"Feature","geometry":{"type":"Polygon","coordinates":[[[-72.7792,5.95449],[-72.77994,5.95504],[-72.78179,5.95514],[-72.78325,5.95627],[-72.784,5.95722],[-72.78487,5.95758],[-72.78522,5.95861],[-72.78596,5.95942],[-72.78613,5.96033],[-72.78911,5.96063],[-72.78991,5.96132],[-72.79096,5.96164],[-72.79371,5.96385],[-72.79456,5.96426],[-72.79715,5.96474],[-72.79849,5.9643],[-72.79984,5.96505],[-72.80094,5.96472],[-72.80196,5.96507],[-72.80357,5.96517],[-72.80722,5.96442],[-72.81087,5.96481],[-72.81187,5.96426],[-72.81404,5.96515],[-72.81539,5.96536],[-72.81618,5.96713],[-72.81708,5.97058],[-72.81801,5.97296],[-72.81827,5.97801],[-72.81919,5.97685],[-72.82095,5.97536],[-72.82348,5.97392],[-72.825,5.97372],[-72.82622,5.97401],[-72.82722,5.97459],[-72.82859,5.97434],[-72.8293,5.97346],[-72.83111,5.97204],[-72.8326,5.96988],[-72.83392,5.96667],[-72.83364,5.96538],[-72.83398,5.96442],[-72.83376,5.96381],[-72.834,5.96323],[-72.83474,5.96262],[-72.83499,5.96168],[-72.83656,5.96186],[-72.83773,5.9608],[-72.83882,5.96023],[-72.84082,5.95784],[-72.84232,5.95711],[-72.84562,5.95608],[-72.85054,5.95579],[-72.85116,5.95503],[-72.85233,5.95454],[-72.85319,5.95315],[-72.85301,5.95129],[-72.85351,5.95129],[-72.85389,5.94848],[-72.85712,5.94727],[-72.85832,5.94708],[-72.86427,5.94322],[-72.86828,5.94025],[-72.8713,5.94114],[-72.87316,5.9422],[-72.87378,5.94295],[-72.87417,5.944],[-72.87558,5.94515],[-72.87743,5.94803],[-72.87848,5.94609],[-72.87967,5.94546],[-72.88037,5.94268],[-72.88095,5.94246],[-72.8822,5.94119],[-72.88269,5.93993],[-72.88451,5.93957],[-72.88486,5.94029],[-72.88545,5.94051],[-72.8869,5.93878],[-72.8886,5.93819],[-72.88943,5.9359],[-72.88969,5.93545],[-72.89014,5.9353],[-72.89086,5.93592],[-72.89183,5.93587],[-72.89324,5.93762],[-72.8939,5.938],[-72.89409,5.93906],[-72.8953,5.93963],[-72.8972,5.93961],[-72.89845,5.94024],[-72.89875,5.94124],[-72.89942,5.94163],[-72.90324,5.9427],[-72.90383,5.94275],[-72.90538,5.94211],[-72.90644,5.942],[-72.90851,5.94264],[-72.91093,5.94259],[-72.91411,5.94411],[-72.91413,5.94488],[-72.91682,5.94111],[-72.91912,5.93863],[-72.92124,5.93574],[-72.92209,5.93401],[-72.9244,5.93106],[-72.92527,5.92858],[-72.9249,5.92835],[-72.92298,5.92517],[-72.92009,5.92156],[-72.91949,5.91977],[-72.9185,5.91841],[-72.91718,5.91789],[-72.91369,5.91803],[-72.90917,5.91654],[-72.90681,5.91399],[-72.90609,5.91264],[-72.90729,5.91056],[-72.90697,5.90895],[-72.90724,5.90726],[-72.90712,5.90612],[-72.90603,5.90471],[-72.90574,5.9037],[-72.90498,5.90288],[-72.90376,5.89921],[-72.89929,5.895],[-72.89781,5.89409],[-72.89472,5.88814],[-72.89393,5.88712],[-72.89289,5.88677],[-72.8926,5.88586],[-72.88988,5.88495],[-72.88894,5.88504],[-72.88799,5.88583],[-72.88719,5.88605],[-72.88273,5.88625],[-72.8813,5.88603],[-72.88038,5.88641],[-72.8769,5.88599],[-72.87605,5.88484],[-72.87512,5.88438],[-72.87308,5.88442],[-72.87203,5.88361],[-72.87266,5.88103],[-72.87226,5.87838],[-72.87245,5.87473],[-72.87235,5.87338],[-72.87182,5.87247],[-72.86855,5.87109],[-72.86777,5.87053],[-72.86712,5.8695],[-72.86541,5.86818],[-72.86463,5.86798],[-72.86258,5.86843],[-72.8602,5.86788],[-72.8591,5.86657],[-72.85752,5.86622],[-72.85637,5.86733],[-72.8561,5.86923],[-72.85563,5.87022],[-72.85447,5.87037],[-72.85322,5.87141],[-72.85236,5.87175],[-72.85132,5.87599],[-72.85073,5.8768],[-72.85006,5.8769],[-72.85006,5.87766],[-72.84937,5.87804],[-72.84775,5.8785],[-72.84694,5.87757],[-72.8455,5.87729],[-72.84493,5.87739],[-72.84335,5.8786],[-72.84219,5.87867],[-72.84025,5.87768],[-72.83788,5.87554],[-72.83676,5.87514],[-72.83254,5.87546],[-72.83181,5.87523],[-72.82934,5.87659],[-72.82832,5.8782],[-72.8266,5.87896],[-72.82607,5.88129],[-72.82477,5.88249],[-72.82391,5.88415],[-72.82196,5.8865],[-72.81797,5.89009],[-72.81737,5.89117],[-72.81616,5.89243],[-72.81443,5.89275],[-72.81304,5.89385],[-72.81194,5.89435],[-72.80975,5.89448],[-72.80896,5.89476],[-72.80743,5.89593],[-72.80688,5.89722],[-72.80634,5.89747],[-72.80491,5.89734],[-72.80457,5.89761],[-72.80449,5.89808],[-72.80498,5.8992],[-72.80457,5.90007],[-72.80345,5.90008],[-72.8028,5.89908],[-72.80241,5.89896],[-72.80191,5.89924],[-72.80096,5.90063],[-72.79972,5.90285],[-72.79892,5.90584],[-72.79759,5.90694],[-72.79716,5.91083],[-72.79788,5.91225],[-72.79757,5.9142],[-72.79814,5.91771],[-72.79763,5.91823],[-72.7963,5.91889],[-72.79611,5.91978],[-72.79768,5.92234],[-72.79818,5.92505],[-72.80074,5.9269],[-72.80185,5.92949],[-72.79864,5.93012],[-72.79586,5.93027],[-72.79269,5.93135],[-72.79284,5.93309],[-72.7904,5.93707],[-72.78973,5.94201],[-72.7876,5.9454],[-72.78739,5.94654],[-72.78541,5.94998],[-72.78425,5.95115],[-72.78381,5.9523],[-72.78276,5.95343],[-72.78052,5.95416],[-72.77965,5.95395],[-72.7792,5.95449]]]},"properties":{"DPTO_CCDGO":"15","MPIO_CCDGO":"092","DPTO_CNMBR":"BOYACÁ","MPIO_CNMBR":"BETÉITIVA","MPIO_NAREA":"101.899548477","Shape_Leng":"0.47381843715","Shape_Area":"0.00831780959312"}},{"type":"Feature","geometry":{"type":"Polygon","coordinates":[[[-72.62343,6.4407],[-72.62649,6.44004],[-72.62834,6.44063],[-72.62896,6.44048],[-72.62941,6.44009],[-72.62989,6.43895],[-72.63085,6.4384],[-72.63229,6.43816],[-72.63303,6.43777],[-72.63365,6.43774],[-72.63465,6.43814],[-72.6371,6.43783],[-72.63866,6.43812],[-72.64125,6.43676],[-72.64281,6.43689],[-72.6446,6.4363],[-72.64622,6.43619],[-72.64727,6.43655],[-72.64907,6.4364],[-72.64947,6.43662],[-72.64996,6.43738],[-72.65157,6.4381],[-72.65231,6.43984],[-72.65541,6.44204],[-72.65807,6.44273],[-72.65854,6.44323],[-72.66062,6.4432],[-72.66064,6.442],[-72.66147,6.43977],[-72.66389,6.43805],[-72.66492,6.43684],[-72.66578,6.43386],[-72.6658,6.43263],[-72.66527,6.4317],[-72.66396,6.4309],[-72.66311,6.42992],[-72.66317,6.42879],[-72.66451,6.42555],[-72.66324,6.42154],[-72.66219,6.41976],[-72.65984,6.41833],[-72.65999,6.41604],[-72.65814,6.41356],[-72.65817,6.41267],[-72.65948,6.41117],[-72.65949,6.41016],[-72.65861,6.40893],[-72.65787,6.4084],[-72.65632,6.40618],[-72.65658,6.40468],[-72.65694,6.40419],[-72.65813,6.40347],[-72.65833,6.40272],[-72.65781,6.40106],[-72.65674,6.3995],[-72.6561,6.3948],[-72.65538,6.39349],[-72.65643,6.38887],[-72.6555,6.38694],[-72.65436,6.38577],[-72.65478,6.38346],[-72.65565,6.38119],[-72.65547,6.37874],[-72.65503,6.3779],[-72.65511,6.37669],[-72.65642,6.3754],[-72.6567,6.3745],[-72.65661,6.37379],[-72.65534,6.37163],[-72.6573,6.3653],[-72.65733,6.36313],[-72.65683,6.36163],[-72.65669,6.3602],[-72.65719,6.35898],[-72.65579,6.35647],[-72.65549,6.35526],[-72.65548,6.35155],[-72.65405,6.34844],[-72.65368,6.34665],[-72.65286,6.345],[-72.65264,6.34314],[-72.65209,6.34206],[-72.65219,6.34118],[-72.65321,6.33958],[-72.65322,6.33834],[-72.65294,6.33749],[-72.65157,6.33732],[-72.65117,6.33689],[-72.65123,6.33321],[-72.65178,6.32888],[-72.65131,6.32818],[-72.64904,6.32657],[-72.64851,6.32587],[-72.64809,6.32428],[-72.64921,6.32134],[-72.64915,6.32014],[-72.64865,6.31939],[-72.64707,6.31849],[-72.6468,6.31654],[-72.64546,6.31575],[-72.64467,6.31389],[-72.64469,6.31227],[-72.64565,6.30897],[-72.64421,6.30593],[-72.64397,6.30469],[-72.64543,6.30002],[-72.64595,6.29642],[-72.64677,6.29367],[-72.64688,6.29198],[-72.64647,6.29045],[-72.64562,6.28932],[-72.64343,6.28841],[-72.64278,6.28739],[-72.64193,6.28285],[-72.64093,6.28169],[-72.64123,6.27909],[-72.64021,6.27733],[-72.63983,6.27416],[-72.64079,6.27227],[-72.64111,6.27077],[-72.64211,6.26939],[-72.64232,6.26863],[-72.64211,6.2675],[-72.64048,6.26585],[-72.64034,6.26514],[-72.64057,6.26452],[-72.64133,6.26373],[-72.64112,6.262],[-72.64183,6.26113],[-72.64152,6.25971],[-72.64184,6.25867],[-72.64098,6.25706],[-72.64105,6.25554],[-72.64164,6.25323],[-72.64262,6.25181],[-72.64278,6.25077],[-72.64247,6.24789],[-72.64201,6.24728],[-72.64076,6.2465],[-72.64023,6.24537],[-72.64041,6.24351],[-72.6415,6.23987],[-72.64125,6.23883],[-72.64048,6.2384],[-72.63997,6.2375],[-72.64002,6.23624],[-72.64061,6.23472],[-72.64046,6.23368],[-72.63882,6.23226],[-72.63861,6.23114],[-72.63897,6.22982],[-72.63872,6.2292],[-72.63621,6.22788],[-72.63519,6.22613],[-72.6353,6.2247],[-72.63504,6.22252],[-72.63558,6.21992],[-72.63431,6.22086],[-72.6323,6.22084],[-72.63146,6.22212],[-72.62924,6.22305],[-72.6287,6.22317],[-72.62814,6.22287],[-72.62707,6.22279],[-72.62455,6.22426],[-72.62333,6.22389],[-72.62236,6.22445],[-72.6215,6.22437],[-72.62055,6.22516],[-72.61932,6.22546],[-72.61857,6.22642],[-72.61845,6.22736],[-72.61781,6.22816],[-72.61849,6.23011],[-72.61818,6.23326],[-72.61645,6.23519],[-72.61545,6.23745],[-72.61545,6.23802],[-72.61505,6.23872],[-72.61529,6.23922],[-72.61478,6.24005],[-72.61418,6.24199],[-72.61279,6.24355],[-72.61176,6.24618],[-72.61071,6.24724],[-72.61115,6.24896],[-72.60943,6.2515],[-72.60815,6.25504],[-72.60744,6.26022],[-72.60518,6.26349],[-72.60562,6.26386],[-72.60572,6.26476],[-72.60487,6.26563],[-72.60467,6.26702],[-72.6024,6.27146],[-72.6021,6.27394],[-72.60267,6.2762],[-72.60217,6.27881],[-72.60191,6.27878],[-72.60001,6.27504],[-72.59865,6.27365],[-72.59826,6.27292],[-72.59686,6.27196],[-72.59617,6.27177],[-72.59504,6.27049],[-72.59239,6.2689],[-72.59155,6.26749],[-72.59063,6.26456],[-72.58988,6.26503],[-72.58871,6.26522],[-72.58736,6.26615],[-72.58648,6.26821],[-72.58462,6.27071],[-72.58304,6.2741],[-72.58212,6.27437],[-72.57989,6.27832],[-72.57968,6.27881],[-72.5807,6.27947],[-72.58126,6.28065],[-72.58127,6.28118],[-72.58091,6.28165],[-72.58107,6.28191],[-72.58235,6.28191],[-72.58428,6.28251],[-72.58343,6.28358],[-72.58275,6.28511],[-72.58272,6.28574],[-72.58302,6.28631],[-72.5828,6.28763],[-72.58386,6.28826],[-72.58504,6.29023],[-72.5854,6.29148],[-72.58493,6.2923],[-72.58396,6.29278],[-72.58389,6.2932],[-72.58457,6.29351],[-72.58456,6.29479],[-72.58419,6.29484],[-72.58413,6.29613],[-72.58299,6.29818],[-72.58337,6.29919],[-72.58312,6.29958],[-72.58333,6.30004],[-72.58586,6.3001],[-72.588,6.2992],[-72.58719,6.30109],[-72.58774,6.30407],[-72.58752,6.30581],[-72.58705,6.30684],[-72.58636,6.30747],[-72.58616,6.30942],[-72.58591,6.30971],[-72.58525,6.30894],[-72.58262,6.3076],[-72.58113,6.30756],[-72.58036,6.30768],[-72.57956,6.30928],[-72.579,6.30992],[-72.57817,6.31027],[-72.57549,6.31027],[-72.57512,6.30977],[-72.57366,6.30914],[-72.57089,6.30993],[-72.57002,6.31315],[-72.57054,6.31418],[-72.5699,6.31472],[-72.56997,6.31626],[-72.569,6.31715],[-72.56669,6.32077],[-72.56595,6.32271],[-72.5658,6.32418],[-72.56506,6.3251],[-72.56459,6.32523],[-72.56434,6.32689],[-72.56495,6.32788],[-72.56463,6.32899],[-72.56478,6.3295],[-72.56607,6.32984],[-72.56661,6.32876],[-72.56692,6.32896],[-72.56664,6.33063],[-72.5673,6.3324],[-72.56793,6.33301],[-72.56893,6.33561],[-72.56905,6.33704],[-72.57033,6.33809],[-72.57251,6.33889],[-72.573,6.34023],[-72.57293,6.34093],[-72.57372,6.3418],[-72.57375,6.3427],[-72.57396,6.34278],[-72.57446,6.34216],[-72.57547,6.34407],[-72.57656,6.34749],[-72.5757,6.35],[-72.57576,6.35062],[-72.57672,6.35384],[-72.57877,6.35506],[-72.58085,6.35552],[-72.58269,6.3571],[-72.58487,6.35754],[-72.5858,6.35816],[-72.58796,6.36073],[-72.58866,6.36287],[-72.58902,6.36516],[-72.58983,6.36694],[-72.59056,6.36788],[-72.59076,6.36929],[-72.59147,6.37103],[-72.59175,6.373],[-72.59284,6.37406],[-72.59334,6.37565],[-72.59408,6.37637],[-72.59436,6.37707],[-72.596,6.37797],[-72.59706,6.37926],[-72.59717,6.38175],[-72.59771,6.3829],[-72.59735,6.38402],[-72.59762,6.38532],[-72.59709,6.38734],[-72.59657,6.38796],[-72.5967,6.38902],[-72.59594,6.38986],[-72.59663,6.39088],[-72.59672,6.39165],[-72.59719,6.39244],[-72.59487,6.3948],[-72.59511,6.39527],[-72.59775,6.39762],[-72.59764,6.39884],[-72.59858,6.40053],[-72.59956,6.40098],[-72.59999,6.40251],[-72.60012,6.40468],[-72.60098,6.40733],[-72.60165,6.40788],[-72.60254,6.40769],[-72.60206,6.40918],[-72.60262,6.41079],[-72.60601,6.40972],[-72.60676,6.40911],[-72.60911,6.40866],[-72.61125,6.40912],[-72.61207,6.40957],[-72.61476,6.4119],[-72.615,6.41278],[-72.61736,6.41281],[-72.61859,6.41213],[-72.61919,6.41221],[-72.61942,6.41127],[-72.6206,6.41168],[-72.62145,6.41247],[-72.62169,6.41353],[-72.62235,6.41391],[-72.62479,6.41888],[-72.6247,6.42128],[-72.6249,6.42191],[-72.62561,6.42251],[-72.62575,6.42313],[-72.62419,6.42862],[-72.62445,6.43006],[-72.62355,6.43127],[-72.6242,6.43275],[-72.62451,6.43701],[-72.62371,6.43786],[-72.62338,6.43863],[-72.62343,6.4407]]]},"properties":{"DPTO_CCDGO":"15","MPIO_CCDGO":"097","DPTO_CNMBR":"BOYACÁ","MPIO_CNMBR":"BOAVITA","MPIO_NAREA":"145.305291201","Shape_Leng":"0.659782165997","Shape_Area":"0.0118677431106"}},{"type":"Feature","geometry":{"type":"Polygon","coordinates":[[[-73.33462,5.44136],[-73.33451,5.44453],[-73.33604,5.4467],[-73.3369,5.44705],[-73.33811,5.44713],[-73.34158,5.44848],[-73.34264,5.4485],[-73.34209,5.44944],[-73.34225,5.45029],[-73.34165,5.4512],[-73.34102,5.45147],[-73.34068,5.45216],[-73.33979,5.45258],[-73.33853,5.45366],[-73.339,5.45626],[-73.33804,5.45953],[-73.33811,5.46177],[-73.33783,5.46239],[-73.33812,5.46543],[-73.33763,5.46684],[-73.33825,5.46754],[-73.33851,5.46836],[-73.33884,5.46866],[-73.33984,5.46877],[-73.34026,5.46972],[-73.34397,5.46993],[-73.3461,5.47174],[-73.34738,5.47355],[-73.35091,5.47581],[-73.35258,5.4758],[-73.35846,5.47359],[-73.36119,5.47411],[-73.36589,5.47346],[-73.36987,5.47036],[-73.37147,5.46847],[-73.37352,5.46679],[-73.37814,5.46398],[-73.38799,5.45904],[-73.39439,5.45664],[-73.39614,5.4582],[-73.39699,5.45819],[-73.3977,5.45854],[-73.39889,5.4584],[-73.39891,5.4576],[-73.40005,5.45622],[-73.40262,5.45472],[-73.40304,5.45226],[-73.40294,5.45129],[-73.40367,5.44991],[-73.40441,5.4497],[-73.40624,5.45076],[-73.4066,5.4514],[-73.40763,5.45137],[-73.40954,5.45258],[-73.41058,5.45275],[-73.41415,5.45057],[-73.41453,5.45014],[-73.41471,5.44902],[-73.41576,5.44845],[-73.41592,5.44672],[-73.41628,5.44609],[-73.4161,5.44392],[-73.41642,5.44311],[-73.41728,5.44238],[-73.41756,5.44146],[-73.41874,5.44143],[-73.41962,5.44074],[-73.4212,5.44051],[-73.42531,5.43749],[-73.42613,5.43534],[-73.42748,5.43302],[-73.42895,5.43164],[-73.4311,5.42799],[-73.43239,5.42695],[-73.43368,5.42396],[-73.43434,5.42322],[-73.43548,5.42264],[-73.4404,5.41749],[-73.44092,5.41515],[-73.43938,5.41547],[-73.43826,5.41523],[-73.43681,5.41569],[-73.43622,5.4156],[-73.43586,5.41516],[-73.43569,5.41322],[-73.43441,5.41218],[-73.43362,5.4106],[-73.43236,5.40975],[-73.43012,5.40957],[-73.42902,5.41014],[-73.42836,5.41006],[-73.42769,5.40977],[-73.42634,5.40842],[-73.42289,5.41239],[-73.42213,5.4129],[-73.42061,5.41298],[-73.41898,5.41355],[-73.41804,5.41434],[-73.41726,5.4159],[-73.41548,5.41735],[-73.4149,5.41746],[-73.41375,5.41704],[-73.41228,5.41722],[-73.41096,5.41668],[-73.40709,5.41846],[-73.40686,5.41757],[-73.40655,5.41746],[-73.40575,5.41813],[-73.4041,5.41888],[-73.40033,5.42014],[-73.39884,5.42036],[-73.39833,5.42077],[-73.39699,5.42079],[-73.39661,5.42039],[-73.39473,5.42081],[-73.39288,5.4217],[-73.39217,5.42169],[-73.39051,5.42109],[-73.3895,5.41899],[-73.38913,5.41881],[-73.38835,5.41899],[-73.38834,5.41811],[-73.38769,5.41603],[-73.38642,5.41301],[-73.38651,5.41135],[-73.38605,5.41072],[-73.38596,5.40783],[-73.38498,5.40504],[-73.38471,5.40457],[-73.38431,5.40465],[-73.38115,5.40688],[-73.37984,5.40731],[-73.37711,5.40914],[-73.37486,5.41023],[-73.37332,5.41162],[-73.37135,5.41249],[-73.3674,5.41491],[-73.36639,5.41628],[-73.36527,5.41703],[-73.36486,5.41784],[-73.36459,5.41947],[-73.36156,5.4211],[-73.35694,5.42507],[-73.35504,5.42703],[-73.35374,5.42904],[-73.35248,5.43179],[-73.35202,5.43212],[-73.35185,5.43142],[-73.35066,5.43121],[-73.34952,5.43064],[-73.34888,5.43066],[-73.3457,5.43281],[-73.3431,5.43504],[-73.34156,5.43594],[-73.34092,5.43601],[-73.33903,5.43511],[-73.33844,5.43514],[-73.33781,5.43668],[-73.33462,5.44136]]]},"properties":{"DPTO_CCDGO":"15","MPIO_CCDGO":"104","DPTO_CNMBR":"BOYACÁ","MPIO_CNMBR":"BOYACÁ","MPIO_NAREA":"48.0228679324","Shape_Leng":"0.325613951628","Shape_Area":"0.00391802184909"}},{"type":"Feature","geometry":{"type":"Polygon","coordinates":[[[-73.88022,5.70755],[-73.88305,5.70757],[-73.88306,5.7094],[-73.88245,5.71111],[-73.87787,5.71777],[-73.87519,5.71701],[-73.87395,5.72141],[-73.87335,5.72249],[-73.87302,5.72564],[-73.87347,5.72659],[-73.87455,5.72786],[-73.87534,5.72816],[-73.87721,5.72299],[-73.88193,5.72301],[-73.88414,5.72277],[-73.88473,5.72322],[-73.88488,5.72473],[-73.88667,5.72668],[-73.88713,5.72805],[-73.88786,5.72915],[-73.88779,5.73008],[-73.88569,5.73514],[-73.8859,5.73557],[-73.89017,5.73732],[-73.89282,5.73774],[-73.89443,5.7379],[-73.89705,5.73745],[-73.89909,5.73785],[-73.89982,5.73748],[-73.90137,5.7354],[-73.90392,5.7347],[-73.90464,5.73423],[-73.90716,5.73091],[-73.90835,5.72977],[-73.90809,5.72908],[-73.90855,5.7273],[-73.90804,5.72678],[-73.90824,5.72422],[-73.90791,5.72345],[-73.90961,5.7197],[-73.91147,5.71754],[-73.9127,5.71651],[-73.91315,5.71338],[-73.91352,5.71274],[-73.91479,5.71191],[-73.91608,5.71043],[-73.9184,5.70954],[-73.91901,5.70967],[-73.92074,5.71088],[-73.92328,5.71158],[-73.92381,5.71202],[-73.92603,5.71214],[-73.92779,5.70991],[-73.9284,5.70878],[-73.92875,5.70732],[-73.92947,5.70735],[-73.93082,5.70672],[-73.93241,5.70704],[-73.93407,5.70634],[-73.93359,5.70468],[-73.93361,5.70172],[-73.93399,5.70071],[-73.93457,5.70015],[-73.93494,5.69816],[-73.93785,5.69359],[-73.93856,5.69163],[-73.94014,5.68882],[-73.94055,5.68894],[-73.94085,5.68962],[-73.94211,5.69102],[-73.94288,5.69022],[-73.94312,5.6903],[-73.94319,5.69129],[-73.94339,5.69138],[-73.94438,5.69095],[-73.9456,5.6908],[-73.94597,5.69135],[-73.94525,5.69198],[-73.94574,5.69268],[-73.94571,5.69366],[-73.94643,5.69295],[-73.94809,5.69205],[-73.94849,5.69096],[-73.94958,5.68939],[-73.94988,5.68792],[-73.94978,5.68696],[-73.94905,5.68599],[-73.94866,5.68448],[-73.9464,5.68038],[-73.94622,5.67853],[-73.94544,5.67751],[-73.9441,5.67306],[-73.94425,5.67247],[-73.94548,5.67147],[-73.94566,5.66985],[-73.94606,5.66881],[-73.94512,5.66769],[-73.94447,5.66616],[-73.94352,5.66538],[-73.94313,5.66357],[-73.94139,5.65953],[-73.94159,5.65784],[-73.94346,5.6568],[-73.944,5.65465],[-73.94361,5.65187],[-73.94427,5.6492],[-73.94387,5.64816],[-73.94393,5.64619],[-73.94318,5.64516],[-73.9417,5.64169],[-73.93691,5.63288],[-73.93609,5.63239],[-73.93413,5.63256],[-73.93311,5.63209],[-73.93245,5.63102],[-73.9325,5.6305],[-73.93206,5.63039],[-73.93279,5.62936],[-73.93282,5.62871],[-73.93221,5.62816],[-73.93141,5.62813],[-73.93054,5.62875],[-73.92767,5.63197],[-73.9267,5.63258],[-73.92712,5.63373],[-73.92685,5.63462],[-73.92581,5.63569],[-73.92495,5.63603],[-73.92533,5.63642],[-73.92517,5.63668],[-73.92417,5.6373],[-73.92251,5.63905],[-73.92081,5.63764],[-73.9198,5.6357],[-73.91827,5.63482],[-73.91743,5.63447],[-73.91673,5.63502],[-73.91618,5.63512],[-73.91368,5.63453],[-73.91325,5.6338],[-73.91127,5.63325],[-73.91107,5.63241],[-73.90945,5.63224],[-73.90775,5.63147],[-73.90736,5.63065],[-73.90732,5.6296],[-73.90471,5.62964],[-73.90386,5.62937],[-73.90415,5.62795],[-73.90379,5.62759],[-73.90301,5.62763],[-73.90397,5.62607],[-73.90333,5.62465],[-73.90277,5.62436],[-73.90274,5.62378],[-73.90163,5.62302],[-73.90175,5.62231],[-73.90139,5.62135],[-73.89774,5.61961],[-73.8965,5.62174],[-73.89607,5.62301],[-73.89541,5.62285],[-73.89477,5.62211],[-73.89338,5.62224],[-73.89256,5.62285],[-73.89217,5.62397],[-73.89167,5.6243],[-73.89142,5.62493],[-73.89051,5.6251],[-73.88969,5.62605],[-73.88795,5.62574],[-73.8874,5.62531],[-73.88687,5.62759],[-73.8864,5.62849],[-73.88073,5.63248],[-73.87958,5.63428],[-73.87895,5.63452],[-73.87868,5.63517],[-73.8777,5.63612],[-73.87533,5.63612],[-73.87379,5.63684],[-73.87175,5.63727],[-73.87011,5.63887],[-73.86936,5.63867],[-73.86808,5.63763],[-73.86451,5.63775],[-73.86386,5.64007],[-73.86286,5.64205],[-73.85905,5.64624],[-73.85792,5.64815],[-73.85709,5.65024],[-73.85685,5.6517],[-73.86085,5.65175],[-73.86215,5.65269],[-73.86245,5.65255],[-73.86357,5.65283],[-73.86479,5.65225],[-73.86617,5.65027],[-73.86712,5.64982],[-73.86848,5.64982],[-73.86958,5.65099],[-73.8717,5.65069],[-73.87254,5.64994],[-73.873,5.64832],[-73.87419,5.64625],[-73.87482,5.64588],[-73.87557,5.64492],[-73.87769,5.64439],[-73.88074,5.6454],[-73.88179,5.64509],[-73.88236,5.64528],[-73.88369,5.64508],[-73.88468,5.6462],[-73.88648,5.64736],[-73.88811,5.64902],[-73.88852,5.65038],[-73.88912,5.65125],[-73.88922,5.65278],[-73.89075,5.65234],[-73.89184,5.65236],[-73.89233,5.65266],[-73.8926,5.65657],[-73.8937,5.65661],[-73.89519,5.65857],[-73.89528,5.66502],[-73.89796,5.66439],[-73.8992,5.66339],[-73.89979,5.66425],[-73.89977,5.66574],[-73.89898,5.66863],[-73.89682,5.67163],[-73.8979,5.67145],[-73.89915,5.67166],[-73.90067,5.6712],[-73.90139,5.67126],[-73.90118,5.67265],[-73.9003,5.6746],[-73.90033,5.67678],[-73.89979,5.67717],[-73.89785,5.6771],[-73.89686,5.67695],[-73.89537,5.67609],[-73.89452,5.67617],[-73.89356,5.67639],[-73.89144,5.67775],[-73.89077,5.67854],[-73.89009,5.68125],[-73.88842,5.68238],[-73.88818,5.68298],[-73.88754,5.68301],[-73.88715,5.6855],[-73.88741,5.68565],[-73.88756,5.68703],[-73.88626,5.69002],[-73.88334,5.6946],[-73.88266,5.7004],[-73.88194,5.70215],[-73.88101,5.70349],[-73.88022,5.70755]]]},"properties":{"DPTO_CCDGO":"15","MPIO_CCDGO":"106","DPTO_CNMBR":"BOYACÁ","MPIO_CNMBR":"BRICEÑO","MPIO_NAREA":"64.5997029493","Shape_Leng":"0.48497525232","Shape_Area":"0.00527325522152"}},{"type":"Feature","geometry":{"type":"Polygon","coordinates":[[[-73.91064,5.52374],[-73.91048,5.52685],[-73.90745,5.53108],[-73.90833,5.53264],[-73.90838,5.5337],[-73.91052,5.53483],[-73.91069,5.53568],[-73.91121,5.536],[-73.91069,5.54038],[-73.91002,5.54184],[-73.90928,5.54546],[-73.90953,5.54853],[-73.91026,5.54931],[-73.91132,5.5499],[-73.9115,5.54988],[-73.9114,5.54923],[-73.91323,5.54926],[-73.91422,5.54973],[-73.91678,5.54875],[-73.91841,5.5465],[-73.9189,5.54459],[-73.92027,5.54334],[-73.9238,5.54399],[-73.92507,5.54461],[-73.93046,5.5461],[-73.93544,5.54429],[-73.93746,5.54296],[-73.93908,5.54261],[-73.93984,5.54282],[-73.94073,5.542],[-73.94142,5.54044],[-73.94317,5.54122],[-73.94419,5.54036],[-73.94641,5.54007],[-73.94861,5.54101],[-73.94992,5.54112],[-73.95059,5.54098],[-73.9513,5.54001],[-73.95217,5.53996],[-73.95531,5.54033],[-73.95678,5.54097],[-73.95718,5.54083],[-73.95814,5.54283],[-73.95899,5.54308],[-73.96015,5.5425],[-73.9628,5.5403],[-73.96398,5.53754],[-73.96515,5.53645],[-73.96546,5.53566],[-73.9672,5.5334],[-73.96887,5.52965],[-73.96843,5.52857],[-73.96953,5.52802],[-73.97003,5.52727],[-73.97007,5.52654],[-73.97087,5.52676],[-73.97317,5.52989],[-73.9738,5.53005],[-73.97395,5.52968],[-73.97505,5.53044],[-73.97617,5.52962],[-73.97708,5.5282],[-73.97816,5.52768],[-73.98,5.52742],[-73.98426,5.52793],[-73.98626,5.52622],[-73.98733,5.52567],[-73.98825,5.52538],[-73.98995,5.52544],[-73.99031,5.52517],[-73.9904,5.52396],[-73.99216,5.52078],[-73.9941,5.51275],[-73.99498,5.51194],[-73.99865,5.51013],[-73.99922,5.50962],[-74.00027,5.50787],[-74.00057,5.50502],[-74.0011,5.50399],[-74.00445,5.50072],[-74.00649,5.49981],[-74.00746,5.4987],[-74.00876,5.49575],[-74.01094,5.48785],[-74.01211,5.48504],[-74.01392,5.48177],[-74.01507,5.47675],[-74.01691,5.47399],[-74.01924,5.47241],[-74.01947,5.472],[-74.01883,5.47154],[-74.01813,5.46994],[-74.01649,5.46916],[-74.01499,5.46784],[-74.01388,5.46862],[-74.0132,5.46875],[-74.0121,5.46736],[-74.01059,5.46625],[-74.0097,5.46518],[-74.00656,5.46535],[-74.00075,5.4637],[-73.99847,5.46289],[-73.99705,5.46174],[-73.99309,5.46012],[-73.99069,5.4587],[-73.9888,5.45819],[-73.98667,5.45838],[-73.98589,5.45718],[-73.98555,5.45581],[-73.98457,5.45403],[-73.98312,5.45275],[-73.98061,5.45138],[-73.97948,5.45158],[-73.97658,5.45348],[-73.97366,5.45444],[-73.97144,5.45468],[-73.96959,5.45551],[-73.9662,5.45574],[-73.96453,5.45563],[-73.96165,5.45495],[-73.95969,5.45343],[-73.95754,5.4523],[-73.95095,5.44997],[-73.95006,5.44924],[-73.94987,5.44783],[-73.95233,5.44547],[-73.95296,5.44437],[-73.95343,5.44239],[-73.95549,5.43909],[-73.9552,5.43581],[-73.95466,5.43545],[-73.95503,5.43422],[-73.95463,5.43293],[-73.95384,5.43213],[-73.95274,5.4291],[-73.9516,5.42845],[-73.94962,5.42846],[-73.94908,5.42821],[-73.94804,5.42626],[-73.94791,5.42503],[-73.94708,5.42407],[-73.94539,5.42877],[-73.94218,5.43408],[-73.94064,5.43432],[-73.93668,5.43685],[-73.93237,5.43783],[-73.93132,5.43838],[-73.92999,5.43954],[-73.92843,5.43998],[-73.92545,5.44],[-73.92314,5.43881],[-73.92212,5.43863],[-73.92111,5.43805],[-73.92045,5.43807],[-73.9194,5.43652],[-73.9177,5.4359],[-73.91646,5.43474],[-73.91556,5.43475],[-73.91387,5.43269],[-73.91252,5.43223],[-73.91208,5.43305],[-73.91212,5.43438],[-73.91167,5.43561],[-73.90873,5.43731],[-73.90878,5.43942],[-73.90668,5.44337],[-73.90679,5.44415],[-73.90643,5.44486],[-73.90535,5.44604],[-73.90449,5.44656],[-73.90111,5.44793],[-73.90133,5.44883],[-73.90249,5.44999],[-73.90321,5.4522],[-73.90376,5.45307],[-73.90279,5.45413],[-73.90257,5.45484],[-73.9026,5.45508],[-73.90332,5.4553],[-73.90357,5.4559],[-73.90293,5.45784],[-73.90305,5.45842],[-73.90352,5.45878],[-73.90348,5.4601],[-73.90277,5.46421],[-73.90292,5.46531],[-73.90201,5.46714],[-73.90199,5.4689],[-73.90237,5.47062],[-73.90201,5.47171],[-73.90182,5.47375],[-73.90116,5.47552],[-73.90192,5.47542],[-73.90234,5.47576],[-73.90288,5.47733],[-73.90288,5.47835],[-73.90324,5.4786],[-73.90326,5.47936],[-73.90368,5.47964],[-73.90433,5.4823],[-73.90405,5.48495],[-73.9029,5.48684],[-73.90294,5.48942],[-73.90325,5.49043],[-73.90481,5.49265],[-73.90887,5.49431],[-73.90927,5.49542],[-73.90893,5.49673],[-73.90807,5.49813],[-73.90826,5.4991],[-73.90964,5.50046],[-73.90865,5.50136],[-73.90752,5.50161],[-73.90704,5.50229],[-73.90614,5.50646],[-73.90685,5.50831],[-73.90976,5.51111],[-73.91004,5.51194],[-73.9101,5.51375],[-73.91096,5.51476],[-73.91169,5.52143],[-73.91131,5.5228],[-73.91064,5.52374]]]},"properties":{"DPTO_CCDGO":"15","MPIO_CCDGO":"109","DPTO_CNMBR":"BOYACÁ","MPIO_CNMBR":"BUENAVISTA","MPIO_NAREA":"110.156756515","Shape_Leng":"0.467781128133","Shape_Area":"0.00898931763467"}},{"type":"Feature","geometry":{"type":"Polygon","coordinates":[[[-72.85752,5.86622],[-72.8591,5.86657],[-72.8602,5.86788],[-72.86258,5.86843],[-72.86463,5.86798],[-72.86541,5.86818],[-72.86712,5.8695],[-72.86777,5.87053],[-72.86855,5.87109],[-72.87182,5.87247],[-72.87235,5.87338],[-72.87245,5.87473],[-72.87275,5.87474],[-72.87347,5.87342],[-72.8761,5.87261],[-72.87944,5.87091],[-72.88076,5.86968],[-72.88386,5.86869],[-72.88649,5.86889],[-72.88747,5.86864],[-72.88932,5.8673],[-72.89119,5.86647],[-72.89184,5.86576],[-72.89135,5.86468],[-72.89217,5.86232],[-72.89186,5.85974],[-72.8929,5.85851],[-72.89365,5.85691],[-72.89386,5.8552],[-72.8949,5.85399],[-72.8945,5.8511],[-72.89311,5.84768],[-72.89303,5.84649],[-72.89328,5.84572],[-72.89489,5.84332],[-72.89561,5.84109],[-72.89917,5.83671],[-72.89828,5.83255],[-72.89665,5.82709],[-72.89662,5.82521],[-72.89584,5.8236],[-72.89593,5.82228],[-72.89661,5.82045],[-72.89582,5.82034],[-72.89747,5.81782],[-72.89782,5.81659],[-72.89785,5.81492],[-72.89754,5.81337],[-72.89654,5.81265],[-72.89629,5.81209],[-72.89486,5.81254],[-72.89483,5.81345],[-72.89419,5.81396],[-72.88986,5.8157],[-72.88667,5.81754],[-72.88575,5.81717],[-72.88498,5.81624],[-72.88457,5.81622],[-72.88399,5.81703],[-72.88319,5.81727],[-72.8807,5.81634],[-72.87923,5.81632],[-72.87667,5.8158],[-72.87455,5.81625],[-72.8731,5.81756],[-72.87297,5.81712],[-72.87249,5.81714],[-72.87242,5.81772],[-72.87061,5.81759],[-72.86998,5.81816],[-72.86738,5.81666],[-72.86548,5.81855],[-72.86322,5.82256],[-72.86055,5.825],[-72.85872,5.8263],[-72.85855,5.82976],[-72.85787,5.83034],[-72.8582,5.83149],[-72.85807,5.83216],[-72.85702,5.8338],[-72.85631,5.83405],[-72.85495,5.83391],[-72.85683,5.83524],[-72.85759,5.83551],[-72.85811,5.83654],[-72.85797,5.83738],[-72.85717,5.83843],[-72.85549,5.84214],[-72.85439,5.84588],[-72.85311,5.84744],[-72.85218,5.84971],[-72.85161,5.85001],[-72.85092,5.85254],[-72.85112,5.85268],[-72.8506,5.85547],[-72.85079,5.85704],[-72.85139,5.85732],[-72.84813,5.85955],[-72.85224,5.86254],[-72.85429,5.86213],[-72.8551,5.86231],[-72.85662,5.86465],[-72.85764,5.86543],[-72.85752,5.86622]]]},"properties":{"DPTO_CCDGO":"15","MPIO_CCDGO":"114","DPTO_CNMBR":"BOYACÁ","MPIO_CNMBR":"BUSBANZÁ","MPIO_NAREA":"25.3527146329","Shape_Leng":"0.204497975692","Shape_Area":"0.0020692411917"}},{"type":"Feature","geometry":{"type":"Polygon","coordinates":[[[-73.86451,5.63775],[-73.86808,5.63763],[-73.86936,5.63867],[-73.87011,5.63887],[-73.87175,5.63727],[-73.87379,5.63684],[-73.87533,5.63612],[-73.8777,5.63612],[-73.87868,5.63517],[-73.87895,5.63452],[-73.87958,5.63428],[-73.88073,5.63248],[-73.8864,5.62849],[-73.88687,5.62759],[-73.8874,5.62531],[-73.88795,5.62574],[-73.88969,5.62605],[-73.89051,5.6251],[-73.89142,5.62493],[-73.89167,5.6243],[-73.89217,5.62397],[-73.89256,5.62285],[-73.89338,5.62224],[-73.89477,5.62211],[-73.89541,5.62285],[-73.89607,5.62301],[-73.8965,5.62174],[-73.89774,5.61961],[-73.89866,5.61771],[-73.89922,5.61739],[-73.89979,5.61656],[-73.89985,5.61579],[-73.90042,5.61559],[-73.90254,5.60967],[-73.90252,5.60811],[-73.90355,5.60579],[-73.90452,5.60471],[-73.90498,5.60342],[-73.90747,5.59877],[-73.90857,5.59748],[-73.90885,5.59636],[-73.90963,5.59526],[-73.90985,5.59373],[-73.9115,5.59258],[-73.91236,5.59041],[-73.91439,5.5887],[-73.91528,5.58726],[-73.91777,5.58499],[-73.918,5.58272],[-73.91885,5.58091],[-73.92023,5.58004],[-73.92163,5.57805],[-73.92278,5.5769],[-73.92391,5.57635],[-73.92475,5.57464],[-73.92589,5.57395],[-73.92536,5.57357],[-73.92513,5.56568],[-73.92442,5.56371],[-73.92259,5.56217],[-73.92076,5.56125],[-73.91942,5.56093],[-73.91608,5.55693],[-73.91308,5.5559],[-73.91229,5.55512],[-73.91001,5.55246],[-73.9104,5.55045],[-73.91088,5.55036],[-73.91132,5.5499],[-73.91026,5.54931],[-73.90953,5.54853],[-73.90928,5.54546],[-73.91002,5.54184],[-73.91069,5.54038],[-73.91121,5.536],[-73.91069,5.53568],[-73.91052,5.53483],[-73.90838,5.5337],[-73.90833,5.53264],[-73.90745,5.53108],[-73.91048,5.52685],[-73.91064,5.52374],[-73.90962,5.52454],[-73.90826,5.52657],[-73.9068,5.52818],[-73.90491,5.52931],[-73.90402,5.52937],[-73.90295,5.52895],[-73.90152,5.52908],[-73.90038,5.52868],[-73.89897,5.52895],[-73.8977,5.52836],[-73.89752,5.52768],[-73.89781,5.527],[-73.89735,5.52666],[-73.89725,5.52553],[-73.89833,5.52486],[-73.89763,5.52448],[-73.89831,5.52381],[-73.89796,5.52346],[-73.89425,5.52262],[-73.89497,5.52101],[-73.89476,5.52006],[-73.89058,5.51272],[-73.88987,5.51242],[-73.88905,5.51332],[-73.88939,5.51491],[-73.88773,5.5158],[-73.88781,5.51661],[-73.88724,5.51676],[-73.88493,5.51889],[-73.88612,5.51897],[-73.88718,5.52017],[-73.88575,5.52086],[-73.88568,5.52127],[-73.885,5.52172],[-73.88467,5.52249],[-73.8837,5.5225],[-73.88325,5.52224],[-73.88069,5.52543],[-73.87846,5.52325],[-73.87704,5.52223],[-73.87454,5.52665],[-73.87106,5.52929],[-73.87068,5.53012],[-73.8698,5.53058],[-73.86958,5.5316],[-73.87018,5.5321],[-73.87046,5.53287],[-73.86881,5.53252],[-73.86557,5.53244],[-73.86489,5.53219],[-73.86297,5.53232],[-73.86056,5.53169],[-73.85903,5.53193],[-73.85727,5.53093],[-73.85654,5.53248],[-73.85515,5.53437],[-73.85366,5.53838],[-73.85277,5.53915],[-73.85117,5.54153],[-73.85049,5.54183],[-73.84883,5.54338],[-73.84861,5.54443],[-73.84786,5.54565],[-73.8485,5.54736],[-73.84844,5.54958],[-73.84792,5.55036],[-73.84766,5.55154],[-73.84759,5.55568],[-73.84656,5.55741],[-73.84606,5.55939],[-73.8453,5.56058],[-73.84468,5.56398],[-73.84281,5.56633],[-73.84287,5.56737],[-73.84256,5.56885],[-73.84279,5.56963],[-73.84418,5.57076],[-73.84461,5.57174],[-73.8439,5.57308],[-73.84366,5.57486],[-73.84317,5.57593],[-73.84338,5.57858],[-73.84319,5.58147],[-73.84428,5.58342],[-73.84585,5.58426],[-73.84674,5.58584],[-73.84804,5.58737],[-73.8488,5.58988],[-73.84693,5.59185],[-73.84508,5.59505],[-73.8446,5.59669],[-73.8449,5.59867],[-73.84478,5.59977],[-73.84374,5.60134],[-73.84442,5.6022],[-73.84494,5.60227],[-73.84609,5.60051],[-73.84645,5.60059],[-73.84725,5.60018],[-73.84795,5.60068],[-73.84858,5.60079],[-73.84958,5.59981],[-73.85099,5.60185],[-73.85394,5.60251],[-73.85401,5.60285],[-73.8544,5.6028],[-73.85463,5.60324],[-73.85522,5.60356],[-73.85544,5.6045],[-73.85516,5.60526],[-73.85531,5.60586],[-73.85483,5.60667],[-73.85504,5.60934],[-73.85471,5.61053],[-73.85419,5.6111],[-73.85429,5.61153],[-73.85388,5.61184],[-73.85404,5.61289],[-73.85339,5.61328],[-73.85279,5.61518],[-73.85288,5.61595],[-73.85223,5.61681],[-73.85249,5.61832],[-73.85162,5.62125],[-73.85154,5.62321],[-73.85219,5.6243],[-73.85251,5.6265],[-73.85484,5.62527],[-73.85596,5.62508],[-73.8565,5.62694],[-73.8583,5.62926],[-73.86059,5.63067],[-73.86215,5.63122],[-73.86457,5.63285],[-73.86616,5.6353],[-73.86451,5.63775]]]},"properties":{"DPTO_CCDGO":"15","MPIO_CCDGO":"131","DPTO_CNMBR":"BOYACÁ","MPIO_CNMBR":"CALDAS","MPIO_NAREA":"78.9655741816","Shape_Leng":"0.402175118881","Shape_Area":"0.00644484301128"}},{"type":"Feature","geometry":{"type":"Polygon","coordinates":[[[-73.02887,4.9921],[-73.02903,4.99293],[-73.02737,4.99474],[-73.02611,4.99781],[-73.02635,4.99964],[-73.02742,5.00248],[-73.0278,5.00425],[-73.0277,5.00518],[-73.02663,5.00795],[-73.02767,5.01101],[-73.02793,5.01275],[-73.02751,5.01659],[-73.02798,5.01831],[-73.02726,5.02017],[-73.02731,5.02498],[-73.02833,5.02559],[-73.02944,5.02428],[-73.03039,5.02381],[-73.03149,5.02382],[-73.0336,5.02456],[-73.03516,5.02443],[-73.03653,5.02359],[-73.03685,5.02308],[-73.0382,5.02305],[-73.0401,5.02235],[-73.04085,5.02129],[-73.04193,5.02075],[-73.04233,5.02001],[-73.04458,5.0198],[-73.04619,5.02023],[-73.04717,5.02015],[-73.04835,5.01893],[-73.05116,5.01751],[-73.05183,5.01771],[-73.05405,5.0173],[-73.05485,5.01566],[-73.05551,5.01501],[-73.05801,5.01471],[-73.06188,5.01295],[-73.06231,5.01258],[-73.06277,5.01138],[-73.06371,5.0107],[-73.06533,5.01077],[-73.06636,5.01176],[-73.06403,5.01549],[-73.06307,5.01815],[-73.06306,5.02405],[-73.06464,5.02637],[-73.06964,5.03148],[-73.07432,5.03361],[-73.0784,5.03382],[-73.0792,5.03407],[-73.07958,5.0344],[-73.07966,5.03506],[-73.08128,5.0364],[-73.0826,5.03667],[-73.08196,5.03715],[-73.08293,5.03801],[-73.08348,5.03799],[-73.08369,5.039],[-73.08478,5.03886],[-73.08618,5.03965],[-73.08479,5.04031],[-73.08462,5.04067],[-73.08527,5.04152],[-73.08699,5.04251],[-73.08702,5.04322],[-73.08445,5.04545],[-73.08436,5.04687],[-73.08366,5.04804],[-73.08301,5.04815],[-73.08213,5.04774],[-73.08199,5.0487],[-73.08061,5.04895],[-73.07986,5.04971],[-73.07923,5.05084],[-73.07871,5.05344],[-73.07742,5.05491],[-73.07698,5.05593],[-73.07641,5.05893],[-73.07527,5.06093],[-73.07395,5.06171],[-73.07341,5.06251],[-73.07349,5.06426],[-73.07241,5.06621],[-73.07272,5.06683],[-73.07328,5.067],[-73.07381,5.06755],[-73.07491,5.06952],[-73.07463,5.07085],[-73.07309,5.07361],[-73.07295,5.07545],[-73.07236,5.07725],[-73.07131,5.07866],[-73.06816,5.08005],[-73.06761,5.08063],[-73.0675,5.08249],[-73.06898,5.08455],[-73.07076,5.08899],[-73.07099,5.09073],[-73.07047,5.09317],[-73.07122,5.09617],[-73.07237,5.09678],[-73.07401,5.09682],[-73.07454,5.09731],[-73.07508,5.09743],[-73.07737,5.09751],[-73.07861,5.09808],[-73.08053,5.09786],[-73.08102,5.09838],[-73.08256,5.09869],[-73.08541,5.10066],[-73.08812,5.10015],[-73.08864,5.10035],[-73.08994,5.10019],[-73.09057,5.1006],[-73.09114,5.10064],[-73.09391,5.09974],[-73.0952,5.10072],[-73.09976,5.10086],[-73.10096,5.10111],[-73.10397,5.10339],[-73.10849,5.10744],[-73.11275,5.11191],[-73.11554,5.10821],[-73.11715,5.10412],[-73.11829,5.10231],[-73.12336,5.10008],[-73.12763,5.09451],[-73.13026,5.0932],[-73.13615,5.08683],[-73.14097,5.08314],[-73.14177,5.08271],[-73.1438,5.08302],[-73.14851,5.07773],[-73.14978,5.07717],[-73.15055,5.07646],[-73.15099,5.0757],[-73.15122,5.07441],[-73.15154,5.07407],[-73.15252,5.07422],[-73.15333,5.0747],[-73.15669,5.07417],[-73.16175,5.07505],[-73.16567,5.07478],[-73.16751,5.07413],[-73.16906,5.07298],[-73.171,5.07115],[-73.1741,5.06745],[-73.1748,5.06699],[-73.18037,5.06566],[-73.18351,5.06536],[-73.18542,5.06471],[-73.18873,5.06308],[-73.18992,5.06293],[-73.19259,5.06333],[-73.19392,5.06391],[-73.19514,5.06482],[-73.19823,5.06569],[-73.20091,5.06775],[-73.20551,5.0697],[-73.21161,5.07052],[-73.21461,5.07064],[-73.21918,5.07223],[-73.22044,5.07226],[-73.22164,5.07263],[-73.22592,5.0751],[-73.22689,5.07702],[-73.2281,5.07752],[-73.22923,5.07754],[-73.23498,5.0762],[-73.2363,5.0746],[-73.23963,5.07356],[-73.24196,5.0724],[-73.2442,5.07211],[-73.24767,5.06994],[-73.2485,5.06898],[-73.24764,5.06866],[-73.24635,5.06888],[-73.24481,5.06801],[-73.24369,5.06782],[-73.2424,5.06599],[-73.242,5.06399],[-73.24152,5.06348],[-73.24016,5.06321],[-73.23829,5.06329],[-73.23727,5.06267],[-73.23622,5.06311],[-73.23486,5.06288],[-73.23338,5.06171],[-73.23287,5.06023],[-73.23152,5.05945],[-73.23217,5.05694],[-73.23109,5.05511],[-73.23035,5.05496],[-73.23004,5.05458],[-73.2303,5.05392],[-73.22964,5.05271],[-73.22941,5.05169],[-73.22975,5.05026],[-73.22925,5.04978],[-73.22813,5.04956],[-73.22781,5.04782],[-73.22822,5.04679],[-73.22929,5.04585],[-73.22928,5.04554],[-73.22788,5.04401],[-73.22907,5.04305],[-73.22985,5.04164],[-73.22962,5.04118],[-73.22856,5.04064],[-73.22812,5.03941],[-73.22696,5.03869],[-73.22645,5.038],[-73.228,5.03561],[-73.22827,5.03337],[-73.22958,5.03163],[-73.22955,5.03125],[-73.22915,5.03096],[-73.22756,5.03074],[-73.22571,5.02876],[-73.22498,5.02654],[-73.22325,5.02469],[-73.22297,5.02355],[-73.22242,5.02275],[-73.22195,5.0212],[-73.22225,5.01969],[-73.22206,5.019],[-73.22114,5.01887],[-73.22018,5.01947],[-73.21979,5.0188],[-73.21863,5.01844],[-73.21743,5.0176],[-73.2156,5.01793],[-73.21516,5.01723],[-73.21524,5.01641],[-73.21422,5.01511],[-73.21422,5.01444],[-73.21513,5.01263],[-73.21511,5.01135],[-73.21584,5.01018],[-73.21599,5.00946],[-73.21543,5.00863],[-73.21434,5.00853],[-73.21392,5.00812],[-73.21378,5.007],[-73.21289,5.00539],[-73.21333,5.00417],[-73.21315,5.00287],[-73.21388,5.00113],[-73.21366,5.00079],[-73.21202,5.00055],[-73.21206,5.00013],[-73.21329,4.99882],[-73.21357,4.99784],[-73.21239,4.99589],[-73.21229,4.99533],[-73.21284,4.99506],[-73.21417,4.99528],[-73.21441,4.99484],[-73.21433,4.99373],[-73.21469,4.99336],[-73.21512,4.99338],[-73.21561,4.994],[-73.21598,4.99381],[-73.21846,4.98915],[-73.21919,4.98837],[-73.21921,4.98701],[-73.21964,4.98524],[-73.22029,4.98428],[-73.21936,4.98377],[-73.21947,4.98263],[-73.22205,4.98125],[-73.22202,4.98103],[-73.22087,4.9807],[-73.22053,4.98004],[-73.22134,4.97889],[-73.22142,4.97803],[-73.22212,4.97735],[-73.22188,4.97572],[-73.22232,4.97476],[-73.22232,4.97375],[-73.2229,4.97298],[-73.2229,4.9724],[-73.2221,4.97071],[-73.22205,4.96832],[-73.21997,4.96391],[-73.21998,4.96307],[-73.21964,4.96276],[-73.21748,4.96236],[-73.21748,4.96143],[-73.21663,4.96068],[-73.21713,4.95978],[-73.2176,4.95949],[-73.21816,4.9572],[-73.21817,4.95598],[-73.21769,4.95535],[-73.21732,4.9535],[-73.2174,4.95263],[-73.21652,4.95143],[-73.21443,4.94992],[-73.21155,4.94911],[-73.21075,4.94756],[-73.21129,4.94398],[-73.21275,4.9422],[-73.2129,4.93993],[-73.21329,4.93857],[-73.21303,4.93787],[-73.21136,4.93671],[-73.21126,4.93446],[-73.21062,4.93132],[-73.21098,4.93084],[-73.21206,4.93028],[-73.2133,4.92799],[-73.21367,4.92776],[-73.21588,4.92754],[-73.21656,4.92698],[-73.21808,4.92188],[-73.21816,4.92011],[-73.21936,4.91961],[-73.2199,4.91887],[-73.21966,4.91742],[-73.21881,4.91707],[-73.21839,4.91645],[-73.21887,4.91548],[-73.21868,4.91487],[-73.21833,4.91465],[-73.21611,4.91516],[-73.21521,4.91503],[-73.21508,4.91335],[-73.21554,4.91074],[-73.21521,4.90987],[-73.21466,4.90951],[-73.21433,4.90957],[-73.21313,4.91053],[-73.21284,4.91044],[-73.21272,4.90998],[-73.2131,4.90849],[-73.2128,4.90753],[-73.21309,4.90565],[-73.21176,4.90668],[-73.20785,4.90812],[-73.20483,4.9084],[-73.20294,4.90906],[-73.20226,4.90962],[-73.20155,4.91099],[-73.19947,4.91182],[-73.19837,4.91315],[-73.19739,4.91301],[-73.19629,4.91249],[-73.19481,4.91129],[-73.19206,4.91001],[-73.19154,4.90937],[-73.19164,4.90839],[-73.19019,4.90802],[-73.18982,4.90763],[-73.18898,4.90558],[-73.18629,4.90258],[-73.18483,4.90239],[-73.18121,4.9008],[-73.18025,4.90061],[-73.17951,4.89929],[-73.17778,4.8976],[-73.17645,4.89578],[-73.17541,4.89617],[-73.17459,4.89609],[-73.17205,4.89559],[-73.17056,4.89617],[-73.16953,4.89814],[-73.16819,4.89874],[-73.16775,4.89926],[-73.16244,4.90743],[-73.1593,4.90993],[-73.15506,4.91185],[-73.15283,4.91358],[-73.15098,4.91442],[-73.14762,4.9154],[-73.14245,4.91583],[-73.14186,4.91651],[-73.14129,4.91781],[-73.1412,4.92255],[-73.13804,4.92577],[-73.13588,4.93035],[-73.13346,4.93225],[-73.13184,4.93431],[-73.12428,4.93791],[-73.12185,4.93986],[-73.12087,4.94118],[-73.12053,4.94274],[-73.11941,4.94339],[-73.11582,4.94659],[-73.11529,4.94796],[-73.11533,4.95157],[-73.1123,4.95488],[-73.10993,4.95609],[-73.10889,4.95631],[-73.10671,4.95582],[-73.10463,4.95668],[-73.10407,4.95709],[-73.10389,4.95759],[-73.09801,4.96149],[-73.0959,4.96309],[-73.09492,4.96417],[-73.09121,4.9667],[-73.08842,4.96788],[-73.0865,4.96953],[-73.08525,4.97019],[-73.08238,4.97078],[-73.08082,4.97153],[-73.07998,4.97227],[-73.07912,4.97368],[-73.07779,4.97787],[-73.07657,4.97894],[-73.07085,4.98007],[-73.06918,4.98126],[-73.06816,4.98251],[-73.06692,4.98307],[-73.06615,4.98413],[-73.06486,4.9845],[-73.0639,4.98536],[-73.06355,4.98609],[-73.06157,4.98791],[-73.05991,4.99126],[-73.05808,4.99343],[-73.05656,4.99753],[-73.05363,4.99525],[-73.05283,4.99356],[-73.05042,4.99095],[-73.0471,4.98967],[-73.04556,4.98985],[-73.04471,4.98962],[-73.04233,4.98829],[-73.04139,4.98824],[-73.04093,4.98861],[-73.04039,4.98864],[-73.03995,4.9893],[-73.03912,4.98917],[-73.03833,4.98947],[-73.03728,4.98794],[-73.03626,4.98793],[-73.03139,4.99019],[-73.02999,4.99188],[-73.02887,4.9921]]]},"properties":{"DPTO_CCDGO":"15","MPIO_CCDGO":"135","DPTO_CNMBR":"BOYACÁ","MPIO_CNMBR":"CAMPOHERMOSO","MPIO_NAREA":"298.728379294","Shape_Leng":"0.896145704433","Shape_Area":"0.0243529763049"}},{"type":"Feature","geometry":{"type":"Polygon","coordinates":[[[-72.91413,5.94488],[-72.91691,5.9494],[-72.91711,5.95246],[-72.91645,5.95429],[-72.9164,5.95543],[-72.91698,5.9565],[-72.9195,5.95731],[-72.91993,5.95816],[-72.92388,5.96159],[-72.92582,5.96375],[-72.92745,5.9643],[-72.93341,5.96914],[-72.93098,5.97135],[-72.93269,5.97203],[-72.93435,5.9735],[-72.93488,5.97497],[-72.93591,5.97535],[-72.93591,5.97577],[-72.93675,5.97657],[-72.93801,5.97634],[-72.93889,5.97698],[-72.93969,5.97665],[-72.94162,5.97794],[-72.94197,5.97864],[-72.94284,5.97918],[-72.94333,5.9804],[-72.94461,5.98068],[-72.94491,5.98126],[-72.94591,5.98109],[-72.94659,5.98219],[-72.9474,5.98192],[-72.94792,5.98331],[-72.94789,5.98435],[-72.94819,5.98487],[-72.94913,5.98536],[-72.94927,5.98633],[-72.94986,5.98684],[-72.9503,5.98789],[-72.95062,5.9905],[-72.9514,5.99153],[-72.95172,5.9922],[-72.95164,5.9927],[-72.95217,5.99364],[-72.95442,5.99581],[-72.95681,5.99582],[-72.95797,5.99653],[-72.95815,5.99836],[-72.95798,6.00065],[-72.95869,6.00181],[-72.96063,6.00368],[-72.96201,6.00413],[-72.96294,6.00479],[-72.96614,6.0079],[-72.96752,6.00991],[-72.96767,6.01097],[-72.96694,6.01405],[-72.96946,6.01681],[-72.96982,6.0177],[-72.96996,6.01949],[-72.97019,6.0187],[-72.9719,6.01736],[-72.97606,6.01693],[-72.97719,6.01455],[-72.9774,6.01128],[-72.97772,6.01089],[-72.97847,6.01085],[-72.98024,6.01173],[-72.98239,6.01065],[-72.98297,6.01002],[-72.98447,6.0074],[-72.98459,6.00525],[-72.98772,5.99836],[-72.98916,5.99642],[-72.98952,5.99541],[-72.98951,5.99176],[-72.99024,5.98935],[-72.99194,5.98758],[-72.99467,5.98594],[-72.99592,5.98578],[-72.99654,5.98544],[-72.99795,5.98153],[-72.99943,5.97978],[-73.00036,5.97756],[-73.00235,5.9762],[-73.00325,5.97265],[-73.00396,5.97134],[-73.00436,5.97076],[-73.0054,5.97022],[-73.00709,5.96744],[-73.0087,5.96583],[-73.00913,5.96471],[-73.01068,5.96381],[-73.01124,5.96311],[-73.01058,5.96255],[-73.00806,5.96135],[-73.00551,5.95908],[-73.00501,5.95705],[-73.00118,5.95108],[-73.00034,5.94843],[-73.00405,5.94576],[-73.00462,5.94497],[-73.00451,5.94413],[-73.00191,5.93908],[-73.00054,5.93795],[-72.9955,5.93579],[-72.99465,5.93497],[-72.9938,5.93341],[-72.9918,5.93244],[-72.98656,5.93143],[-72.98582,5.93068],[-72.98558,5.92994],[-72.9849,5.93002],[-72.98366,5.92896],[-72.9835,5.92925],[-72.98205,5.92827],[-72.98177,5.92823],[-72.98166,5.92874],[-72.98005,5.92814],[-72.97877,5.92818],[-72.97385,5.92685],[-72.97265,5.92692],[-72.97121,5.9263],[-72.96699,5.92663],[-72.96637,5.92745],[-72.9662,5.92828],[-72.96331,5.92994],[-72.96203,5.92956],[-72.96085,5.9288],[-72.96034,5.92778],[-72.95981,5.92744],[-72.95843,5.92835],[-72.95729,5.92876],[-72.9562,5.92839],[-72.9549,5.92847],[-72.95377,5.9274],[-72.95298,5.92738],[-72.95156,5.92678],[-72.9511,5.92699],[-72.95084,5.92805],[-72.95006,5.92899],[-72.9483,5.92761],[-72.9465,5.92681],[-72.94599,5.92764],[-72.94319,5.92785],[-72.94232,5.92877],[-72.94002,5.92906],[-72.93832,5.92894],[-72.93779,5.92865],[-72.93737,5.92763],[-72.93661,5.92708],[-72.93642,5.92631],[-72.93507,5.92461],[-72.93489,5.9231],[-72.93455,5.92296],[-72.93268,5.92264],[-72.92976,5.92415],[-72.9277,5.92442],[-72.92678,5.92525],[-72.92527,5.92858],[-72.9244,5.93106],[-72.92209,5.93401],[-72.92124,5.93574],[-72.91912,5.93863],[-72.91682,5.94111],[-72.91413,5.94488]]]},"properties":{"DPTO_CCDGO":"15","MPIO_CCDGO":"162","DPTO_CNMBR":"BOYACÁ","MPIO_CNMBR":"CERINZA","MPIO_NAREA":"63.5785819098","Shape_Leng":"0.334001146816","Shape_Area":"0.00519056964664"}},{"type":"Feature","geometry":{"type":"Polygon","coordinates":[[[-73.32957,5.26166],[-73.33119,5.26438],[-73.3313,5.26528],[-73.33244,5.26674],[-73.33352,5.27122],[-73.33555,5.27416],[-73.33707,5.27832],[-73.33851,5.27963],[-73.34086,5.28063],[-73.34217,5.28181],[-73.34735,5.2825],[-73.34895,5.28115],[-73.35703,5.2781],[-73.35814,5.27744],[-73.35916,5.27429],[-73.35884,5.27274],[-73.35905,5.27064],[-73.3638,5.26653],[-73.36417,5.26586],[-73.3658,5.26587],[-73.36773,5.26517],[-73.36942,5.26574],[-73.37294,5.26333],[-73.37328,5.26282],[-73.37383,5.26287],[-73.37499,5.26233],[-73.37825,5.26246],[-73.37904,5.26221],[-73.38102,5.25941],[-73.38474,5.2573],[-73.38739,5.25416],[-73.38888,5.25345],[-73.39069,5.25181],[-73.39181,5.25138],[-73.3923,5.25068],[-73.39243,5.24987],[-73.39508,5.24791],[-73.39565,5.24667],[-73.39642,5.24582],[-73.3976,5.24497],[-73.39965,5.2441],[-73.40027,5.24333],[-73.40134,5.24274],[-73.40172,5.24248],[-73.40202,5.24121],[-73.40269,5.24029],[-73.40229,5.23926],[-73.40287,5.23721],[-73.40276,5.23553],[-73.40371,5.23401],[-73.4041,5.23111],[-73.40335,5.23037],[-73.40181,5.22953],[-73.40094,5.22717],[-73.39887,5.22688],[-73.39824,5.22655],[-73.396,5.22371],[-73.39517,5.22336],[-73.39507,5.22235],[-73.39458,5.22132],[-73.39248,5.21905],[-73.39222,5.21783],[-73.39238,5.21685],[-73.39039,5.21653],[-73.38688,5.21444],[-73.38674,5.21379],[-73.38716,5.21263],[-73.38712,5.21165],[-73.38803,5.21059],[-73.3881,5.21011],[-73.38718,5.20835],[-73.38686,5.20582],[-73.38543,5.20204],[-73.38484,5.20151],[-73.38373,5.20171],[-73.38337,5.2015],[-73.38303,5.1993],[-73.38081,5.197],[-73.38104,5.19569],[-73.3809,5.18957],[-73.38121,5.18897],[-73.38239,5.188],[-73.38287,5.18709],[-73.38318,5.18616],[-73.38319,5.1845],[-73.38538,5.18332],[-73.38531,5.18276],[-73.38429,5.18156],[-73.38405,5.18085],[-73.38522,5.17761],[-73.38475,5.17519],[-73.3849,5.17295],[-73.38415,5.17092],[-73.38482,5.1677],[-73.38405,5.1663],[-73.38525,5.1646],[-73.3857,5.16302],[-73.38351,5.16243],[-73.38311,5.16198],[-73.38266,5.16045],[-73.38205,5.15999],[-73.38126,5.15994],[-73.38007,5.1604],[-73.37872,5.15806],[-73.37604,5.1549],[-73.37472,5.1547],[-73.37207,5.15514],[-73.37251,5.15371],[-73.3723,5.15294],[-73.36974,5.14943],[-73.36987,5.1476],[-73.36923,5.14658],[-73.36953,5.14453],[-73.36776,5.14284],[-73.36659,5.13965],[-73.36404,5.13676],[-73.36379,5.13711],[-73.36212,5.13766],[-73.36151,5.13886],[-73.36045,5.13954],[-73.35951,5.1406],[-73.35863,5.14035],[-73.35618,5.14066],[-73.35305,5.13968],[-73.349,5.13995],[-73.34586,5.14111],[-73.34287,5.14182],[-73.33951,5.14328],[-73.33648,5.14558],[-73.33355,5.14677],[-73.33087,5.14676],[-73.32982,5.14713],[-73.32874,5.14796],[-73.32609,5.14928],[-73.32215,5.14959],[-73.32128,5.15001],[-73.31874,5.1504],[-73.31459,5.15245],[-73.30797,5.15427],[-73.30522,5.15467],[-73.30398,5.15444],[-73.30016,5.15451],[-73.29837,5.15485],[-73.29185,5.15746],[-73.28532,5.16197],[-73.28266,5.16148],[-73.2806,5.16064],[-73.27856,5.16026],[-73.27761,5.15942],[-73.27288,5.15726],[-73.26777,5.1554],[-73.26417,5.15557],[-73.26248,5.15592],[-73.26058,5.15676],[-73.25943,5.15788],[-73.25766,5.16065],[-73.25663,5.16358],[-73.25644,5.16535],[-73.25686,5.16914],[-73.25806,5.17253],[-73.25929,5.17316],[-73.26466,5.17489],[-73.26772,5.1752],[-73.27052,5.1767],[-73.27558,5.18124],[-73.2802,5.18617],[-73.28457,5.1882],[-73.29193,5.196],[-73.29477,5.19737],[-73.29567,5.19832],[-73.29613,5.1991],[-73.2959,5.19981],[-73.29477,5.19974],[-73.29141,5.20047],[-73.28552,5.20499],[-73.28393,5.20593],[-73.28345,5.20671],[-73.28432,5.2073],[-73.28682,5.20726],[-73.28913,5.20762],[-73.29035,5.20889],[-73.29236,5.20985],[-73.29436,5.21045],[-73.29549,5.21159],[-73.2963,5.21291],[-73.29787,5.21349],[-73.29832,5.21434],[-73.30028,5.21639],[-73.30158,5.21712],[-73.30242,5.21728],[-73.30298,5.21708],[-73.30348,5.21736],[-73.30466,5.2192],[-73.30477,5.22045],[-73.30554,5.22072],[-73.30601,5.22285],[-73.30807,5.22487],[-73.3096,5.22755],[-73.31226,5.22767],[-73.31353,5.22888],[-73.31638,5.2305],[-73.31965,5.23108],[-73.32007,5.23143],[-73.32074,5.23318],[-73.32066,5.23435],[-73.32029,5.23519],[-73.32044,5.23617],[-73.32095,5.23659],[-73.3229,5.23719],[-73.32371,5.23824],[-73.32475,5.23877],[-73.32439,5.23977],[-73.3232,5.23958],[-73.32282,5.24042],[-73.32167,5.2407],[-73.32109,5.24155],[-73.32018,5.24176],[-73.31999,5.24208],[-73.31941,5.24413],[-73.31993,5.245],[-73.31985,5.24641],[-73.32054,5.248],[-73.32032,5.24922],[-73.3218,5.2499],[-73.32205,5.25074],[-73.32269,5.25105],[-73.3227,5.25139],[-73.32374,5.25165],[-73.3245,5.25308],[-73.32482,5.25479],[-73.3259,5.25563],[-73.32596,5.25607],[-73.32693,5.25665],[-73.32712,5.25735],[-73.32759,5.25777],[-73.32801,5.26106],[-73.32957,5.26166]]]},"properties":{"DPTO_CCDGO":"15","MPIO_CCDGO":"172","DPTO_CNMBR":"BOYACÁ","MPIO_CNMBR":"CHINAVITA","MPIO_NAREA":"136.373456527","Shape_Leng":"0.526596397907","Shape_Area":"0.0111218756889"}},{"type":"Feature","geometry":{"type":"Polygon","coordinates":[[[-73.68605,5.62958],[-73.68786,5.62778],[-73.68882,5.62735],[-73.68955,5.62763],[-73.69181,5.62967],[-73.69328,5.62954],[-73.69523,5.62879],[-73.69568,5.62886],[-73.69735,5.63281],[-73.69822,5.63426],[-73.69877,5.63601],[-73.70185,5.63657],[-73.70421,5.6337],[-73.70529,5.63313],[-73.70592,5.63218],[-73.70636,5.63197],[-73.70821,5.63254],[-73.70953,5.6324],[-73.71105,5.63274],[-73.71448,5.63221],[-73.71662,5.63221],[-73.71855,5.63366],[-73.72067,5.63388],[-73.72131,5.63371],[-73.72233,5.63416],[-73.72381,5.63352],[-73.72517,5.63347],[-73.72575,5.63371],[-73.72635,5.63512],[-73.72847,5.63596],[-73.72934,5.63581],[-73.73095,5.63672],[-73.7327,5.63916],[-73.73553,5.64178],[-73.73683,5.64245],[-73.73857,5.64271],[-73.73985,5.64212],[-73.74039,5.64247],[-73.7407,5.6423],[-73.74081,5.64258],[-73.74137,5.64209],[-73.742,5.64234],[-73.74292,5.64225],[-73.74425,5.64313],[-73.74505,5.64254],[-73.74593,5.64306],[-73.7476,5.64264],[-73.74882,5.64265],[-73.75118,5.64377],[-73.75151,5.64486],[-73.75128,5.64573],[-73.75229,5.64651],[-73.75288,5.64583],[-73.75386,5.64561],[-73.75494,5.64465],[-73.7564,5.64437],[-73.75813,5.64359],[-73.75904,5.64192],[-73.75942,5.6417],[-73.76038,5.64154],[-73.76096,5.64109],[-73.76373,5.64008],[-73.7656,5.63802],[-73.76657,5.63795],[-73.76787,5.63732],[-73.76873,5.63748],[-73.77076,5.63689],[-73.77211,5.63725],[-73.77279,5.63711],[-73.77309,5.63674],[-73.77483,5.63681],[-73.77411,5.63556],[-73.77435,5.63488],[-73.77499,5.63444],[-73.77571,5.63482],[-73.77508,5.63594],[-73.77568,5.63659],[-73.77666,5.63692],[-73.77632,5.63587],[-73.77728,5.63511],[-73.77873,5.63679],[-73.77925,5.637],[-73.7795,5.63659],[-73.77907,5.63613],[-73.77903,5.63502],[-73.77945,5.63398],[-73.77986,5.63371],[-73.78128,5.63431],[-73.78169,5.6355],[-73.7823,5.63421],[-73.78323,5.63572],[-73.78568,5.63587],[-73.78511,5.63647],[-73.78514,5.63679],[-73.78651,5.6383],[-73.78769,5.63902],[-73.78874,5.63916],[-73.79042,5.63991],[-73.79379,5.64176],[-73.79688,5.64194],[-73.79779,5.64252],[-73.80009,5.64272],[-73.8012,5.64251],[-73.80236,5.64184],[-73.80271,5.64129],[-73.80364,5.64087],[-73.80511,5.64084],[-73.80591,5.64111],[-73.80676,5.6421],[-73.80841,5.64276],[-73.80872,5.6434],[-73.80939,5.64348],[-73.80995,5.64398],[-73.81178,5.6446],[-73.81233,5.64552],[-73.81202,5.64611],[-73.81411,5.64665],[-73.81426,5.64688],[-73.81486,5.64681],[-73.81616,5.64766],[-73.81656,5.64807],[-73.8163,5.64873],[-73.81682,5.64947],[-73.81693,5.6506],[-73.81895,5.65319],[-73.82036,5.65378],[-73.82244,5.65533],[-73.82294,5.65546],[-73.82324,5.65588],[-73.82392,5.65574],[-73.82429,5.65593],[-73.82521,5.65739],[-73.82583,5.6595],[-73.82669,5.66031],[-73.82779,5.66219],[-73.82992,5.66323],[-73.83102,5.66451],[-73.83305,5.6651],[-73.83409,5.66638],[-73.83488,5.66691],[-73.83515,5.66831],[-73.8357,5.66922],[-73.83608,5.67226],[-73.836,5.67388],[-73.83567,5.67443],[-73.83574,5.6754],[-73.83511,5.6771],[-73.83593,5.67859],[-73.83584,5.67952],[-73.83546,5.68],[-73.83513,5.68213],[-73.83543,5.68266],[-73.83504,5.68407],[-73.83361,5.68802],[-73.83354,5.68923],[-73.83298,5.69],[-73.83179,5.69357],[-73.83263,5.69593],[-73.8339,5.6968],[-73.83395,5.69712],[-73.83341,5.69873],[-73.83239,5.70028],[-73.8299,5.70263],[-73.83351,5.70461],[-73.83466,5.70432],[-73.83547,5.70354],[-73.83844,5.70284],[-73.83924,5.70288],[-73.84012,5.70339],[-73.83998,5.70492],[-73.84042,5.7055],[-73.84412,5.7077],[-73.84663,5.7081],[-73.84741,5.70874],[-73.84876,5.70901],[-73.85265,5.70823],[-73.85442,5.70831],[-73.85548,5.70775],[-73.85774,5.70742],[-73.85852,5.70547],[-73.86028,5.70324],[-73.86039,5.70235],[-73.86163,5.70156],[-73.8619,5.7006],[-73.86238,5.70031],[-73.86209,5.70003],[-73.86228,5.69948],[-73.862,5.69933],[-73.8623,5.69878],[-73.86189,5.69827],[-73.86176,5.69752],[-73.86214,5.69705],[-73.86231,5.69588],[-73.86312,5.6956],[-73.86316,5.69499],[-73.86376,5.69482],[-73.86387,5.69433],[-73.86458,5.6942],[-73.86569,5.69336],[-73.86816,5.69318],[-73.8702,5.69236],[-73.87231,5.69278],[-73.87269,5.69254],[-73.87318,5.69263],[-73.87329,5.69204],[-73.87363,5.69182],[-73.87448,5.69182],[-73.87519,5.69132],[-73.87835,5.69067],[-73.87911,5.69024],[-73.88013,5.69017],[-73.88133,5.69057],[-73.88189,5.69047],[-73.8824,5.69],[-73.88322,5.69004],[-73.88427,5.68972],[-73.88626,5.69002],[-73.88756,5.68703],[-73.88741,5.68565],[-73.88715,5.6855],[-73.88754,5.68301],[-73.88818,5.68298],[-73.88842,5.68238],[-73.89009,5.68125],[-73.89077,5.67854],[-73.89144,5.67775],[-73.89356,5.67639],[-73.89452,5.67617],[-73.89537,5.67609],[-73.89686,5.67695],[-73.89785,5.6771],[-73.89979,5.67717],[-73.90033,5.67678],[-73.9003,5.6746],[-73.90118,5.67265],[-73.90139,5.67126],[-73.90067,5.6712],[-73.89915,5.67166],[-73.8979,5.67145],[-73.89682,5.67163],[-73.89898,5.66863],[-73.89977,5.66574],[-73.89979,5.66425],[-73.8992,5.66339],[-73.89796,5.66439],[-73.89528,5.66502],[-73.89519,5.65857],[-73.8937,5.65661],[-73.8926,5.65657],[-73.89233,5.65266],[-73.89184,5.65236],[-73.89075,5.65234],[-73.88922,5.65278],[-73.88912,5.65125],[-73.88852,5.65038],[-73.88811,5.64902],[-73.88648,5.64736],[-73.88468,5.6462],[-73.88369,5.64508],[-73.88236,5.64528],[-73.88179,5.64509],[-73.88074,5.6454],[-73.87769,5.64439],[-73.87557,5.64492],[-73.87482,5.64588],[-73.87419,5.64625],[-73.873,5.64832],[-73.87254,5.64994],[-73.8717,5.65069],[-73.86958,5.65099],[-73.86848,5.64982],[-73.86712,5.64982],[-73.86617,5.65027],[-73.86479,5.65225],[-73.86357,5.65283],[-73.86245,5.65255],[-73.86215,5.65269],[-73.86085,5.65175],[-73.85685,5.6517],[-73.85709,5.65024],[-73.85792,5.64815],[-73.85905,5.64624],[-73.86286,5.64205],[-73.86386,5.64007],[-73.86451,5.63775],[-73.86616,5.6353],[-73.86457,5.63285],[-73.86215,5.63122],[-73.86059,5.63067],[-73.8583,5.62926],[-73.8565,5.62694],[-73.85596,5.62508],[-73.85484,5.62527],[-73.85251,5.6265],[-73.85219,5.6243],[-73.85154,5.62321],[-73.85162,5.62125],[-73.85249,5.61832],[-73.85223,5.61681],[-73.85288,5.61595],[-73.85279,5.61518],[-73.85339,5.61328],[-73.85404,5.61289],[-73.85388,5.61184],[-73.85429,5.61153],[-73.85419,5.6111],[-73.85471,5.61053],[-73.85504,5.60934],[-73.85483,5.60667],[-73.85531,5.60586],[-73.85516,5.60526],[-73.85544,5.6045],[-73.85522,5.60356],[-73.85463,5.60324],[-73.8544,5.6028],[-73.85401,5.60285],[-73.85394,5.60251],[-73.85099,5.60185],[-73.84958,5.59981],[-73.84858,5.60079],[-73.84795,5.60068],[-73.84725,5.60018],[-73.84645,5.60059],[-73.84609,5.60051],[-73.84494,5.60227],[-73.84442,5.6022],[-73.84374,5.60134],[-73.84478,5.59977],[-73.8449,5.59867],[-73.8446,5.59669],[-73.84508,5.59505],[-73.84693,5.59185],[-73.8488,5.58988],[-73.84804,5.58737],[-73.84674,5.58584],[-73.84585,5.58426],[-73.84428,5.58342],[-73.84319,5.58147],[-73.84338,5.57858],[-73.84317,5.57593],[-73.84366,5.57486],[-73.8439,5.57308],[-73.84461,5.57174],[-73.84418,5.57076],[-73.84279,5.56963],[-73.84256,5.56885],[-73.84287,5.56737],[-73.84281,5.56633],[-73.84468,5.56398],[-73.8453,5.56058],[-73.84606,5.55939],[-73.84656,5.55741],[-73.84759,5.55568],[-73.84766,5.55154],[-73.84792,5.55036],[-73.84844,5.54958],[-73.8485,5.54736],[-73.84786,5.54565],[-73.84538,5.54539],[-73.84382,5.54593],[-73.84166,5.54612],[-73.83953,5.54672],[-73.83736,5.54832],[-73.83556,5.55034],[-73.83275,5.55147],[-73.83116,5.553],[-73.82868,5.55269],[-73.82728,5.55324],[-73.82472,5.55334],[-73.82356,5.55427],[-73.82306,5.55342],[-73.82154,5.55264],[-73.8205,5.55257],[-73.81979,5.55288],[-73.81807,5.55422],[-73.81723,5.55788],[-73.81249,5.56107],[-73.81029,5.56495],[-73.80822,5.5679],[-73.80642,5.57008],[-73.80467,5.5714],[-73.80393,5.5698],[-73.80293,5.56874],[-73.80133,5.56614],[-73.8,5.56343],[-73.79063,5.55383],[-73.78976,5.55299],[-73.78947,5.55299],[-73.78764,5.55868],[-73.78637,5.56756],[-73.78626,5.57297],[-73.78697,5.57444],[-73.78527,5.5757],[-73.78517,5.57601],[-73.78604,5.57753],[-73.78592,5.57822],[-73.78516,5.57858],[-73.78261,5.57872],[-73.78249,5.57891],[-73.78264,5.57952],[-73.78428,5.58169],[-73.78194,5.58386],[-73.78183,5.58442],[-73.78379,5.58608],[-73.78319,5.58699],[-73.78104,5.58748],[-73.78104,5.58793],[-73.7818,5.58859],[-73.78187,5.58911],[-73.77845,5.59088],[-73.77876,5.59176],[-73.77987,5.59326],[-73.77969,5.59512],[-73.76868,5.59264],[-73.7667,5.59091],[-73.75313,5.57671],[-73.7517,5.5764],[-73.75053,5.57555],[-73.75018,5.57733],[-73.74794,5.57829],[-73.74436,5.57886],[-73.74204,5.57886],[-73.74183,5.57866],[-73.74043,5.57911],[-73.73562,5.57933],[-73.73229,5.58065],[-73.72972,5.58128],[-73.72866,5.58034],[-73.72477,5.58051],[-73.7241,5.57942],[-73.724,5.57639],[-73.72431,5.57463],[-73.72425,5.57293],[-73.7233,5.57111],[-73.72351,5.5749],[-73.72313,5.57659],[-73.72279,5.57686],[-73.72074,5.57704],[-73.71723,5.58089],[-73.71637,5.58128],[-73.71652,5.58257],[-73.71611,5.58405],[-73.71645,5.58496],[-73.71607,5.58535],[-73.71678,5.58667],[-73.71608,5.58926],[-73.71606,5.59021],[-73.7157,5.59058],[-73.71583,5.59154],[-73.71822,5.5931],[-73.71907,5.59604],[-73.71735,5.59518],[-73.71685,5.59606],[-73.71615,5.59566],[-73.71561,5.59695],[-73.7151,5.59708],[-73.71112,5.60018],[-73.71088,5.60161],[-73.71045,5.60212],[-73.70889,5.60343],[-73.70551,5.60551],[-73.70318,5.60951],[-73.69976,5.61248],[-73.69653,5.61636],[-73.69443,5.61845],[-73.69303,5.62081],[-73.69165,5.62419],[-73.68976,5.62542],[-73.68739,5.62754],[-73.68605,5.62958]]]},"properties":{"DPTO_CCDGO":"15","MPIO_CCDGO":"176","DPTO_CNMBR":"BOYACÁ","MPIO_CNMBR":"CHIQUINQUIRÁ","MPIO_NAREA":"165.013670784","Shape_Leng":"0.864134276708","Shape_Area":"0.0134686209024"}},{"type":"Feature","geometry":{"type":"Polygon","coordinates":[[[-72.39651,6.27227],[-72.39943,6.27049],[-72.40087,6.27046],[-72.40188,6.27091],[-72.4043,6.27305],[-72.40851,6.27314],[-72.41017,6.27386],[-72.41242,6.27437],[-72.41493,6.27611],[-72.41879,6.27722],[-72.42035,6.27871],[-72.42297,6.27829],[-72.42478,6.27867],[-72.42902,6.28123],[-72.43282,6.28494],[-72.43476,6.28607],[-72.43574,6.28614],[-72.43702,6.28567],[-72.43786,6.28502],[-72.43971,6.28274],[-72.44017,6.28298],[-72.44434,6.28674],[-72.44551,6.28865],[-72.4472,6.29062],[-72.44818,6.29313],[-72.44932,6.29502],[-72.45364,6.29965],[-72.45242,6.30397],[-72.4554,6.3036],[-72.463,6.30421],[-72.46442,6.30405],[-72.46806,6.30547],[-72.47281,6.30586],[-72.4822,6.3034],[-72.48353,6.30265],[-72.48541,6.29982],[-72.48778,6.29838],[-72.48817,6.29729],[-72.48817,6.29545],[-72.48891,6.29547],[-72.48905,6.29481],[-72.48981,6.2951],[-72.49062,6.29379],[-72.49202,6.2936],[-72.49397,6.29253],[-72.49556,6.29124],[-72.49583,6.29083],[-72.49581,6.28956],[-72.49623,6.28845],[-72.49602,6.2871],[-72.49674,6.28457],[-72.49552,6.28264],[-72.49539,6.28094],[-72.49642,6.27878],[-72.4967,6.27557],[-72.49802,6.27265],[-72.49721,6.27153],[-72.49743,6.26843],[-72.49677,6.26641],[-72.49662,6.26508],[-72.49702,6.26369],[-72.49914,6.26149],[-72.49888,6.25803],[-72.49824,6.25433],[-72.49868,6.25272],[-72.49946,6.25219],[-72.50152,6.25265],[-72.50308,6.2524],[-72.50491,6.2507],[-72.50788,6.24952],[-72.50958,6.24825],[-72.51074,6.24821],[-72.51145,6.24739],[-72.51192,6.24603],[-72.51299,6.24426],[-72.5148,6.24289],[-72.51612,6.24147],[-72.51647,6.24059],[-72.51598,6.23832],[-72.51619,6.23774],[-72.51732,6.23683],[-72.51992,6.23561],[-72.51915,6.23401],[-72.51918,6.23156],[-72.51951,6.23069],[-72.52128,6.22883],[-72.5221,6.22861],[-72.52391,6.22866],[-72.52473,6.2281],[-72.52549,6.227],[-72.52561,6.22604],[-72.52636,6.22505],[-72.52902,6.219],[-72.5293,6.21593],[-72.53024,6.21429],[-72.53093,6.2122],[-72.53097,6.21037],[-72.53213,6.20941],[-72.53282,6.20782],[-72.53471,6.20548],[-72.53709,6.20403],[-72.53768,6.20327],[-72.53806,6.2021],[-72.53972,6.20083],[-72.54042,6.19978],[-72.54117,6.19941],[-72.54203,6.19614],[-72.54307,6.1952],[-72.54397,6.19311],[-72.54522,6.1922],[-72.54635,6.18964],[-72.54663,6.18834],[-72.54786,6.18606],[-72.54874,6.18516],[-72.54879,6.1839],[-72.54918,6.18285],[-72.55103,6.18075],[-72.55096,6.17943],[-72.55186,6.17846],[-72.55253,6.17699],[-72.55048,6.17432],[-72.54944,6.17389],[-72.54842,6.17227],[-72.54737,6.17143],[-72.54591,6.17083],[-72.54269,6.16835],[-72.53854,6.16673],[-72.53757,6.16605],[-72.53583,6.16619],[-72.53497,6.16564],[-72.53341,6.16516],[-72.53134,6.16562],[-72.53007,6.16543],[-72.52916,6.16334],[-72.52794,6.16258],[-72.52725,6.16178],[-72.52679,6.16029],[-72.5259,6.15891],[-72.52565,6.15759],[-72.52392,6.15598],[-72.52326,6.15429],[-72.52332,6.15307],[-72.52303,6.15241],[-72.52179,6.15139],[-72.51931,6.15048],[-72.5186,6.14973],[-72.5171,6.1501],[-72.51609,6.14836],[-72.51633,6.14577],[-72.51583,6.14185],[-72.51655,6.13916],[-72.51432,6.13339],[-72.51451,6.13195],[-72.51437,6.1302],[-72.51576,6.12911],[-72.51619,6.12751],[-72.51677,6.12653],[-72.51846,6.12532],[-72.5194,6.12522],[-72.52039,6.1245],[-72.52393,6.12444],[-72.52658,6.12296],[-72.52756,6.1229],[-72.52799,6.12246],[-72.52822,6.12002],[-72.52891,6.11805],[-72.52868,6.11646],[-72.52971,6.11494],[-72.52973,6.11311],[-72.53069,6.11212],[-72.53093,6.1114],[-72.53062,6.10913],[-72.52971,6.1078],[-72.52918,6.10644],[-72.52879,6.10413],[-72.52885,6.10345],[-72.53013,6.10119],[-72.52989,6.09988],[-72.53025,6.09587],[-72.52982,6.09334],[-72.53093,6.09105],[-72.53047,6.08986],[-72.53083,6.08892],[-72.53146,6.0889],[-72.53157,6.08832],[-72.53131,6.08818],[-72.53177,6.08726],[-72.53227,6.08705],[-72.53206,6.08666],[-72.53216,6.08565],[-72.5346,6.08127],[-72.53531,6.07888],[-72.53656,6.0776],[-72.53733,6.07756],[-72.53786,6.07695],[-72.53833,6.07714],[-72.53875,6.07699],[-72.54031,6.07279],[-72.54029,6.07143],[-72.54231,6.06984],[-72.54036,6.06437],[-72.53952,6.06036],[-72.53895,6.05918],[-72.53795,6.05864],[-72.53667,6.05839],[-72.53504,6.05725],[-72.53162,6.05356],[-72.53057,6.05199],[-72.53201,6.048],[-72.53453,6.04551],[-72.53519,6.04433],[-72.5357,6.03942],[-72.53679,6.03755],[-72.53706,6.03624],[-72.53912,6.03246],[-72.53824,6.0302],[-72.53236,6.01976],[-72.53133,6.01762],[-72.52998,6.01369],[-72.52809,6.01093],[-72.52747,6.00946],[-72.52684,6.00876],[-72.5255,6.00807],[-72.52076,6.00833],[-72.51792,6.00768],[-72.51714,6.00723],[-72.51581,6.00706],[-72.51496,6.00652],[-72.51262,6.00629],[-72.51156,6.00548],[-72.51056,6.0053],[-72.50852,6.00144],[-72.50739,6.0005],[-72.50661,5.99918],[-72.50646,5.99802],[-72.50702,5.99599],[-72.49831,5.99597],[-72.49797,5.99367],[-72.49684,5.99129],[-72.49484,5.98895],[-72.49288,5.98752],[-72.49163,5.98587],[-72.48877,5.98348],[-72.48724,5.97972],[-72.48513,5.97685],[-72.48422,5.9751],[-72.48307,5.97421],[-72.48064,5.97305],[-72.47961,5.97217],[-72.47812,5.97152],[-72.47557,5.96876],[-72.47448,5.96803],[-72.47366,5.96782],[-72.47341,5.96748],[-72.47328,5.96609],[-72.47273,5.96528],[-72.47131,5.96513],[-72.47024,5.96457],[-72.46856,5.96435],[-72.46802,5.96398],[-72.46754,5.96281],[-72.46678,5.96191],[-72.46406,5.962],[-72.46312,5.96141],[-72.46245,5.96165],[-72.46152,5.9616],[-72.45747,5.95984],[-72.45533,5.9599],[-72.45304,5.95919],[-72.45009,5.95777],[-72.44845,5.95614],[-72.44824,5.95547],[-72.44905,5.95173],[-72.44842,5.95011],[-72.44766,5.94465],[-72.44684,5.94384],[-72.44571,5.94327],[-72.44523,5.94332],[-72.44405,5.94261],[-72.44341,5.94258],[-72.44302,5.94175],[-72.44208,5.94152],[-72.44203,5.9408],[-72.44157,5.94019],[-72.44165,5.93925],[-72.44105,5.93909],[-72.4408,5.93859],[-72.43916,5.93819],[-72.43598,5.93801],[-72.43527,5.93584],[-72.43462,5.93527],[-72.43448,5.93463],[-72.43317,5.93424],[-72.43289,5.93325],[-72.43107,5.93151],[-72.43046,5.92979],[-72.42802,5.92895],[-72.42662,5.92757],[-72.42627,5.92532],[-72.4264,5.92449],[-72.42558,5.92362],[-72.42357,5.92249],[-72.4232,5.92193],[-72.42323,5.92057],[-72.42259,5.92015],[-72.42237,5.9196],[-72.42253,5.91849],[-72.42233,5.91733],[-72.42136,5.91608],[-72.42142,5.91435],[-72.42011,5.9121],[-72.41874,5.91102],[-72.41767,5.91079],[-72.41742,5.90914],[-72.41658,5.90806],[-72.41632,5.9072],[-72.41628,5.90588],[-72.41676,5.90416],[-72.41555,5.90401],[-72.41475,5.9037],[-72.41381,5.90261],[-72.41196,5.90217],[-72.41099,5.90149],[-72.40955,5.90111],[-72.40921,5.90033],[-72.40832,5.90003],[-72.4067,5.90022],[-72.40533,5.90104],[-72.40405,5.90086],[-72.40263,5.90123],[-72.40188,5.90122],[-72.40055,5.90047],[-72.39828,5.90069],[-72.39717,5.90139],[-72.39652,5.90146],[-72.39599,5.90119],[-72.39475,5.90186],[-72.39352,5.90182],[-72.39285,5.90218],[-72.39197,5.90221],[-72.38993,5.90123],[-72.38894,5.90145],[-72.38863,5.90092],[-72.38746,5.90046],[-72.38609,5.90079],[-72.38539,5.90037],[-72.38361,5.9003],[-72.38273,5.89948],[-72.38175,5.89936],[-72.3805,5.89872],[-72.38003,5.89778],[-72.37905,5.89688],[-72.37815,5.89677],[-72.37658,5.89558],[-72.37553,5.89551],[-72.37476,5.89499],[-72.37251,5.8952],[-72.36997,5.89626],[-72.36859,5.8973],[-72.36775,5.89702],[-72.36538,5.89708],[-72.36474,5.89648],[-72.36259,5.89567],[-72.36011,5.89562],[-72.35952,5.89529],[-72.35895,5.89427],[-72.35647,5.89446],[-72.35568,5.89411],[-72.35497,5.89339],[-72.35266,5.89326],[-72.35127,5.89287],[-72.34727,5.89284],[-72.3447,5.89153],[-72.33981,5.89142],[-72.33873,5.89049],[-72.33744,5.89032],[-72.33626,5.8896],[-72.33501,5.88964],[-72.33483,5.89042],[-72.33278,5.89211],[-72.3318,5.89443],[-72.33027,5.89623],[-72.32909,5.89976],[-72.32804,5.90084],[-72.32766,5.90172],[-72.32751,5.90346],[-72.32705,5.90454],[-72.32671,5.90658],[-72.32649,5.90895],[-72.3274,5.91018],[-72.32836,5.91095],[-72.32828,5.91263],[-72.32878,5.91388],[-72.32895,5.91539],[-72.32862,5.91652],[-72.32868,5.91774],[-72.32818,5.91857],[-72.32723,5.91927],[-72.32675,5.92192],[-72.32682,5.92343],[-72.32531,5.92509],[-72.32612,5.92733],[-72.32609,5.92896],[-72.3254,5.92959],[-72.32534,5.93223],[-72.32501,5.93335],[-72.32506,5.93504],[-72.32549,5.93596],[-72.3272,5.93713],[-72.32808,5.93844],[-72.3297,5.93896],[-72.33013,5.93969],[-72.33041,5.94116],[-72.33175,5.94301],[-72.33429,5.94368],[-72.33533,5.94348],[-72.33582,5.94392],[-72.33619,5.94594],[-72.33867,5.94867],[-72.34061,5.95322],[-72.34067,5.95408],[-72.33841,5.95993],[-72.34034,5.96219],[-72.34255,5.96558],[-72.34265,5.96683],[-72.34195,5.9684],[-72.34282,5.97167],[-72.34194,5.97557],[-72.34184,5.97741],[-72.34212,5.97798],[-72.34205,5.97849],[-72.34149,5.97911],[-72.34115,5.9803],[-72.34064,5.98051],[-72.3397,5.9802],[-72.33936,5.9805],[-72.33928,5.98115],[-72.33931,5.98524],[-72.33964,5.98688],[-72.34066,5.98867],[-72.34164,5.98959],[-72.34173,5.99005],[-72.34159,5.99088],[-72.34114,5.99128],[-72.33976,5.99697],[-72.33978,5.99849],[-72.34042,5.9999],[-72.34327,6.00137],[-72.34518,6.00402],[-72.34663,6.00462],[-72.34657,6.00582],[-72.34731,6.00833],[-72.34885,6.01135],[-72.34935,6.01294],[-72.35009,6.01424],[-72.35081,6.01486],[-72.35371,6.0187],[-72.35551,6.02244],[-72.35717,6.0238],[-72.35823,6.02408],[-72.35894,6.0246],[-72.36124,6.02521],[-72.36178,6.02564],[-72.3648,6.03032],[-72.36551,6.03287],[-72.36529,6.03479],[-72.36552,6.03613],[-72.36366,6.04201],[-72.36291,6.04313],[-72.36217,6.04371],[-72.36107,6.0442],[-72.35868,6.04422],[-72.35527,6.04267],[-72.35335,6.0434],[-72.35041,6.04621],[-72.34922,6.04687],[-72.34801,6.04696],[-72.34657,6.04788],[-72.34604,6.04855],[-72.34556,6.04987],[-72.34416,6.05126],[-72.34191,6.05264],[-72.33738,6.05652],[-72.33503,6.05735],[-72.33323,6.05947],[-72.33175,6.06046],[-72.33025,6.06201],[-72.32532,6.06393],[-72.32374,6.06553],[-72.32335,6.06669],[-72.32154,6.06784],[-72.32093,6.06922],[-72.32054,6.07419],[-72.32014,6.07509],[-72.3182,6.07679],[-72.31803,6.07756],[-72.31848,6.07869],[-72.32075,6.08036],[-72.32161,6.08159],[-72.32188,6.08283],[-72.3212,6.0882],[-72.32752,6.08558],[-72.34328,6.0807],[-72.34641,6.07915],[-72.35201,6.07817],[-72.35524,6.07671],[-72.35872,6.07557],[-72.36251,6.0752],[-72.36575,6.07616],[-72.36664,6.07683],[-72.36724,6.07852],[-72.36815,6.07988],[-72.36925,6.0807],[-72.37114,6.08284],[-72.37194,6.0848],[-72.37327,6.08685],[-72.37361,6.08844],[-72.37421,6.08944],[-72.37435,6.0911],[-72.37538,6.0925],[-72.37493,6.09382],[-72.37347,6.0957],[-72.37111,6.09707],[-72.36948,6.09856],[-72.3676,6.09861],[-72.36657,6.09947],[-72.36408,6.09932],[-72.3648,6.10023],[-72.36911,6.10393],[-72.37005,6.10406],[-72.37063,6.10491],[-72.37114,6.10498],[-72.37129,6.10585],[-72.37274,6.10744],[-72.37463,6.10832],[-72.37573,6.10985],[-72.37772,6.11085],[-72.37904,6.11201],[-72.381,6.11294],[-72.38391,6.1136],[-72.38399,6.11445],[-72.38457,6.11509],[-72.38567,6.11776],[-72.38686,6.11959],[-72.38862,6.12318],[-72.38918,6.12374],[-72.38902,6.12574],[-72.38835,6.12785],[-72.38686,6.13005],[-72.3858,6.13069],[-72.3852,6.13214],[-72.38468,6.13266],[-72.38274,6.13279],[-72.38093,6.13223],[-72.38017,6.13234],[-72.3776,6.13351],[-72.37686,6.13422],[-72.37639,6.13527],[-72.37629,6.13637],[-72.37657,6.13689],[-72.37753,6.13752],[-72.37769,6.13822],[-72.37608,6.14148],[-72.37538,6.14197],[-72.37423,6.14212],[-72.37391,6.1477],[-72.37438,6.14858],[-72.37451,6.15007],[-72.37751,6.15293],[-72.3783,6.15313],[-72.38012,6.15439],[-72.38098,6.1547],[-72.38191,6.15555],[-72.38225,6.15745],[-72.38278,6.15833],[-72.38426,6.15944],[-72.38491,6.16045],[-72.38665,6.16176],[-72.38844,6.16243],[-72.38922,6.16243],[-72.39111,6.16178],[-72.39196,6.16116],[-72.3928,6.16126],[-72.3931,6.16157],[-72.39315,6.16257],[-72.39356,6.16359],[-72.39353,6.16464],[-72.39255,6.16752],[-72.39232,6.16873],[-72.39244,6.17053],[-72.3919,6.17272],[-72.3925,6.17486],[-72.39223,6.17644],[-72.39329,6.18292],[-72.39234,6.18695],[-72.39253,6.18833],[-72.39427,6.18766],[-72.39578,6.18791],[-72.39711,6.18774],[-72.39926,6.18862],[-72.40023,6.1885],[-72.40172,6.19008],[-72.40307,6.19024],[-72.40562,6.18986],[-72.40772,6.18843],[-72.40801,6.18797],[-72.40939,6.18753],[-72.41011,6.18742],[-72.41256,6.18779],[-72.41326,6.18756],[-72.41601,6.18553],[-72.41716,6.18408],[-72.4177,6.18425],[-72.41826,6.18486],[-72.41885,6.18617],[-72.41884,6.18781],[-72.41755,6.18958],[-72.4169,6.19004],[-72.41394,6.19074],[-72.41229,6.19153],[-72.41172,6.19273],[-72.40879,6.19619],[-72.40818,6.19836],[-72.40678,6.20014],[-72.40654,6.20072],[-72.40639,6.20338],[-72.40254,6.2076],[-72.40037,6.21517],[-72.3987,6.21865],[-72.39835,6.2215],[-72.39843,6.22457],[-72.39784,6.22945],[-72.3986,6.23351],[-72.3979,6.2373],[-72.39545,6.24054],[-72.39369,6.24376],[-72.3934,6.2467],[-72.39167,6.24944],[-72.39097,6.25107],[-72.39077,6.25181],[-72.39095,6.25323],[-72.39054,6.25462],[-72.3891,6.25835],[-72.38724,6.26101],[-72.38803,6.26274],[-72.3885,6.26317],[-72.39009,6.26325],[-72.3918,6.26396],[-72.3938,6.2683],[-72.39629,6.27144],[-72.39651,6.27227]]]},"properties":{"DPTO_CCDGO":"15","MPIO_CCDGO":"183","DPTO_CNMBR":"BOYACÁ","MPIO_CNMBR":"CHITA","MPIO_NAREA":"677.377002456","Shape_Leng":"1.36484707407","Shape_Area":"0.0552898649673"}},{"type":"Feature","geometry":{"type":"Polygon","coordinates":[[[-73.43381,5.89834],[-73.43181,5.89629],[-73.42968,5.89531],[-73.4274,5.89343],[-73.4242,5.89182],[-73.42335,5.89065],[-73.4205,5.88936],[-73.41767,5.88968],[-73.4158,5.89049],[-73.41132,5.8912],[-73.40984,5.89068],[-73.40854,5.88928],[-73.40808,5.8891],[-73.40741,5.88954],[-73.40661,5.89087],[-73.40659,5.89163],[-73.4082,5.8936],[-73.40722,5.89615],[-73.40658,5.89681],[-73.40686,5.89844],[-73.40534,5.89982],[-73.40355,5.90053],[-73.40283,5.90125],[-73.40164,5.90134],[-73.40118,5.90225],[-73.40141,5.90281],[-73.4012,5.90358],[-73.40044,5.9045],[-73.39846,5.90837],[-73.39833,5.91003],[-73.39862,5.91032],[-73.3984,5.91078],[-73.39859,5.91209],[-73.39832,5.91242],[-73.3985,5.91278],[-73.39639,5.91504],[-73.39584,5.9168],[-73.3965,5.91909],[-73.39779,5.91947],[-73.39733,5.92008],[-73.39743,5.92086],[-73.39575,5.92309],[-73.39559,5.92427],[-73.39496,5.92476],[-73.39511,5.92589],[-73.39418,5.92733],[-73.39115,5.92957],[-73.38856,5.93108],[-73.3879,5.93165],[-73.38726,5.93276],[-73.38634,5.93613],[-73.38686,5.93611],[-73.3866,5.93715],[-73.38782,5.94024],[-73.38938,5.94161],[-73.38895,5.94317],[-73.38817,5.94414],[-73.38812,5.94516],[-73.38782,5.94532],[-73.38697,5.94504],[-73.38642,5.94523],[-73.38626,5.9456],[-73.38689,5.94622],[-73.38684,5.94712],[-73.38422,5.9487],[-73.38462,5.94983],[-73.38427,5.95083],[-73.38249,5.95062],[-73.3827,5.95148],[-73.38112,5.9523],[-73.38079,5.95318],[-73.38049,5.95677],[-73.37997,5.95727],[-73.37936,5.95738],[-73.37924,5.95786],[-73.37968,5.95847],[-73.38074,5.95919],[-73.3809,5.96024],[-73.38007,5.96103],[-73.37989,5.96174],[-73.37954,5.962],[-73.37756,5.96215],[-73.37634,5.96264],[-73.37547,5.96438],[-73.37463,5.96818],[-73.37413,5.96868],[-73.37388,5.96942],[-73.37395,5.96976],[-73.37456,5.96963],[-73.37585,5.97019],[-73.37552,5.97178],[-73.37424,5.97396],[-73.37416,5.97469],[-73.37516,5.97451],[-73.37564,5.97467],[-73.37611,5.9765],[-73.37588,5.97734],[-73.3749,5.9783],[-73.37414,5.98008],[-73.37442,5.98123],[-73.37542,5.98206],[-73.3753,5.98275],[-73.37434,5.98429],[-73.37334,5.98527],[-73.37434,5.98838],[-73.37345,5.98982],[-73.37162,5.99124],[-73.37138,5.99168],[-73.37216,5.99436],[-73.37201,5.99617],[-73.37165,5.99627],[-73.37072,5.99548],[-73.36962,5.99583],[-73.36947,5.9963],[-73.37047,5.99714],[-73.37231,5.99779],[-73.37273,5.99874],[-73.37233,5.99969],[-73.37099,6.00075],[-73.37063,6.00285],[-73.37109,6.00417],[-73.37076,6.00471],[-73.3709,6.0056],[-73.37137,6.0062],[-73.37302,6.00699],[-73.37344,6.00671],[-73.37409,6.00542],[-73.37563,6.00608],[-73.37541,6.00799],[-73.37698,6.00989],[-73.37774,6.01036],[-73.37808,6.01326],[-73.37853,6.01395],[-73.3802,6.01529],[-73.38101,6.01704],[-73.38214,6.0172],[-73.3826,6.01769],[-73.38292,6.01926],[-73.38235,6.02102],[-73.38298,6.02151],[-73.38496,6.02125],[-73.38617,6.02163],[-73.38678,6.02198],[-73.38764,6.02308],[-73.38876,6.02995],[-73.38912,6.03094],[-73.39055,6.03309],[-73.39493,6.03774],[-73.39567,6.03936],[-73.39845,6.04384],[-73.39918,6.04554],[-73.4011,6.047],[-73.40267,6.04657],[-73.40294,6.04785],[-73.40433,6.04976],[-73.40593,6.05017],[-73.40636,6.05051],[-73.40518,6.05299],[-73.40363,6.05348],[-73.4031,6.05399],[-73.40377,6.05603],[-73.40674,6.05914],[-73.40787,6.05903],[-73.41176,6.06014],[-73.41276,6.06179],[-73.41534,6.06332],[-73.41908,6.06837],[-73.41925,6.06965],[-73.41893,6.0704],[-73.41852,6.0705],[-73.41706,6.07002],[-73.41495,6.07049],[-73.41464,6.07277],[-73.41483,6.07309],[-73.41609,6.0736],[-73.4174,6.07207],[-73.41932,6.07136],[-73.42175,6.07188],[-73.42385,6.0712],[-73.42432,6.07101],[-73.4253,6.06982],[-73.42708,6.06948],[-73.42848,6.06846],[-73.42901,6.06839],[-73.43457,6.07056],[-73.43552,6.07118],[-73.43838,6.07152],[-73.43845,6.07239],[-73.44035,6.07266],[-73.44242,6.07441],[-73.44345,6.07456],[-73.44491,6.07589],[-73.44577,6.07601],[-73.44736,6.07781],[-73.44901,6.07826],[-73.45136,6.07775],[-73.45352,6.07857],[-73.45403,6.0791],[-73.45328,6.07775],[-73.45065,6.07513],[-73.449,6.07275],[-73.44824,6.06832],[-73.44755,6.06695],[-73.44723,6.06485],[-73.44764,6.06348],[-73.4481,6.0639],[-73.44873,6.06054],[-73.44916,6.0567],[-73.44874,6.05537],[-73.44972,6.05272],[-73.45026,6.05004],[-73.45027,6.04763],[-73.45218,6.04422],[-73.45491,6.04107],[-73.45563,6.03935],[-73.45677,6.03822],[-73.45869,6.03734],[-73.46298,6.03406],[-73.46365,6.03331],[-73.46396,6.03227],[-73.46549,6.02998],[-73.46674,6.02696],[-73.47152,6.02329],[-73.47246,6.02194],[-73.47462,6.01749],[-73.47687,6.01435],[-73.4785,6.01031],[-73.48326,6.00381],[-73.48598,6.00165],[-73.48641,6.00023],[-73.48825,5.99703],[-73.49206,5.99185],[-73.49482,5.98904],[-73.49604,5.98692],[-73.49503,5.98685],[-73.49354,5.98592],[-73.4908,5.98491],[-73.48918,5.98373],[-73.48771,5.98357],[-73.48733,5.983],[-73.48602,5.98286],[-73.48306,5.98124],[-73.48184,5.98025],[-73.47852,5.98025],[-73.47503,5.97836],[-73.47329,5.97647],[-73.4711,5.97567],[-73.46908,5.97433],[-73.46821,5.97246],[-73.46592,5.97031],[-73.46531,5.9688],[-73.46535,5.96793],[-73.46575,5.96703],[-73.46561,5.96556],[-73.46505,5.96511],[-73.46541,5.96293],[-73.46404,5.96212],[-73.46385,5.96009],[-73.46191,5.96005],[-73.4608,5.95891],[-73.46057,5.95827],[-73.45918,5.95767],[-73.45907,5.95695],[-73.45828,5.95616],[-73.45772,5.95563],[-73.45687,5.95536],[-73.45609,5.95423],[-73.45524,5.9538],[-73.45482,5.9508],[-73.45343,5.94793],[-73.45449,5.94306],[-73.45529,5.94248],[-73.46089,5.93254],[-73.43352,5.89997],[-73.43291,5.8988],[-73.43381,5.89834]]]},"properties":{"DPTO_CCDGO":"15","MPIO_CCDGO":"185","DPTO_CNMBR":"BOYACÁ","MPIO_CNMBR":"CHITARAQUE","MPIO_NAREA":"158.534721681","Shape_Leng":"0.57927717254","Shape_Area":"0.0129465244874"}},{"type":"Feature","geometry":{"type":"Polygon","coordinates":[[[-73.2131,5.62644],[-73.21634,5.62616],[-73.21664,5.62582],[-73.21623,5.62544],[-73.2164,5.62503],[-73.22007,5.62486],[-73.22142,5.62595],[-73.2226,5.62567],[-73.22298,5.62585],[-73.22314,5.62642],[-73.22259,5.62795],[-73.22302,5.62841],[-73.22383,5.62788],[-73.22351,5.62624],[-73.22429,5.6263],[-73.22513,5.62731],[-73.2258,5.62761],[-73.22686,5.62631],[-73.22761,5.62631],[-73.22813,5.62662],[-73.22928,5.62609],[-73.22947,5.62642],[-73.22912,5.62757],[-73.22961,5.62884],[-73.22948,5.6297],[-73.23009,5.63039],[-73.22911,5.63156],[-73.22896,5.63253],[-73.22838,5.63281],[-73.22799,5.63339],[-73.22863,5.63685],[-73.22927,5.6361],[-73.22907,5.63506],[-73.22963,5.63492],[-73.2297,5.63455],[-73.23034,5.63453],[-73.23033,5.63379],[-73.2318,5.63202],[-73.23202,5.62873],[-73.23177,5.62666],[-73.23333,5.62317],[-73.23304,5.62106],[-73.23395,5.61905],[-73.23394,5.61827],[-73.23478,5.6173],[-73.23609,5.61367],[-73.23782,5.61286],[-73.2397,5.61102],[-73.24084,5.61121],[-73.24137,5.61163],[-73.24283,5.61142],[-73.24372,5.61032],[-73.24386,5.60884],[-73.24496,5.60674],[-73.24564,5.60594],[-73.24683,5.6052],[-73.24704,5.60421],[-73.24678,5.60335],[-73.24687,5.60224],[-73.24788,5.60106],[-73.24825,5.59923],[-73.24922,5.5986],[-73.25005,5.59765],[-73.25005,5.59596],[-73.25056,5.59427],[-73.24892,5.5871],[-73.2498,5.58575],[-73.25051,5.58548],[-73.25122,5.58482],[-73.2513,5.58294],[-73.25258,5.58185],[-73.2529,5.58033],[-73.25545,5.58003],[-73.25664,5.57963],[-73.25742,5.57884],[-73.25925,5.57792],[-73.26158,5.57623],[-73.26443,5.57541],[-73.26513,5.57552],[-73.26572,5.57602],[-73.26647,5.57575],[-73.26745,5.57622],[-73.26824,5.57611],[-73.26938,5.57662],[-73.27073,5.57677],[-73.27586,5.57856],[-73.28196,5.58015],[-73.28541,5.57797],[-73.28807,5.57717],[-73.28856,5.57675],[-73.28887,5.57601],[-73.28965,5.57552],[-73.29613,5.57432],[-73.29782,5.57361],[-73.29906,5.57274],[-73.30035,5.57285],[-73.30259,5.57247],[-73.30399,5.57165],[-73.30576,5.57108],[-73.30691,5.56966],[-73.30691,5.56923],[-73.30641,5.5692],[-73.30608,5.5687],[-73.30598,5.56717],[-73.3045,5.56378],[-73.30454,5.56201],[-73.30395,5.56135],[-73.30445,5.56023],[-73.30499,5.5564],[-73.30567,5.55478],[-73.30468,5.55342],[-73.30498,5.55236],[-73.30475,5.55182],[-73.30519,5.55137],[-73.30581,5.5498],[-73.30657,5.54909],[-73.30657,5.54794],[-73.30729,5.54644],[-73.30808,5.54324],[-73.30813,5.54265],[-73.30722,5.53905],[-73.30501,5.53848],[-73.30455,5.53806],[-73.30314,5.53757],[-73.30208,5.53624],[-73.30127,5.53608],[-73.29999,5.53518],[-73.29795,5.53473],[-73.29761,5.53396],[-73.29765,5.5332],[-73.29518,5.52683],[-73.29629,5.52617],[-73.29543,5.52508],[-73.29099,5.52477],[-73.28913,5.524],[-73.28775,5.52383],[-73.28476,5.52417],[-73.283,5.5234],[-73.28102,5.52321],[-73.28093,5.52356],[-73.28016,5.52343],[-73.27723,5.52392],[-73.27308,5.52927],[-73.27211,5.53166],[-73.27169,5.53215],[-73.27069,5.53208],[-73.26959,5.53094],[-73.26831,5.53038],[-73.26712,5.5305],[-73.26529,5.53133],[-73.2642,5.53208],[-73.26327,5.53398],[-73.26232,5.53488],[-73.26172,5.53608],[-73.26039,5.53702],[-73.25959,5.5389],[-73.25832,5.53911],[-73.25561,5.54012],[-73.25451,5.54026],[-73.2534,5.53998],[-73.25058,5.53543],[-73.24884,5.53484],[-73.24793,5.53334],[-73.24607,5.53307],[-73.24499,5.53227],[-73.24413,5.53261],[-73.24292,5.53261],[-73.24262,5.53309],[-73.24126,5.53294],[-73.24052,5.53341],[-73.23983,5.53341],[-73.23947,5.5338],[-73.2378,5.53389],[-73.2376,5.53714],[-73.23661,5.53768],[-73.23569,5.53952],[-73.23504,5.53983],[-73.23358,5.53993],[-73.23336,5.54068],[-73.23244,5.54106],[-73.23127,5.54217],[-73.2313,5.54244],[-73.2324,5.54311],[-73.23259,5.54384],[-73.23168,5.5446],[-73.23111,5.54569],[-73.23104,5.54617],[-73.23147,5.54694],[-73.23077,5.54922],[-73.22961,5.54998],[-73.22932,5.55045],[-73.23002,5.55094],[-73.22997,5.55153],[-73.22894,5.55176],[-73.22847,5.55241],[-73.22776,5.55258],[-73.22721,5.55325],[-73.22719,5.5536],[-73.22795,5.55392],[-73.22864,5.5545],[-73.22942,5.55582],[-73.2297,5.56051],[-73.23029,5.56067],[-73.23071,5.56131],[-73.2311,5.5626],[-73.23102,5.56374],[-73.24324,5.56715],[-73.24862,5.5697],[-73.24493,5.57208],[-73.24233,5.57599],[-73.24129,5.57907],[-73.23869,5.58365],[-73.23832,5.58522],[-73.23466,5.59158],[-73.23349,5.59586],[-73.2324,5.59765],[-73.23073,5.59969],[-73.22959,5.60158],[-73.22686,5.60475],[-73.22642,5.60511],[-73.22512,5.60519],[-73.22185,5.61032],[-73.22078,5.61104],[-73.21901,5.6131],[-73.21436,5.62214],[-73.2131,5.62644]]]},"properties":{"DPTO_CCDGO":"15","MPIO_CCDGO":"187","DPTO_CNMBR":"BOYACÁ","MPIO_CNMBR":"CHIVATÁ","MPIO_NAREA":"49.5323401522","Shape_Leng":"0.425266609105","Shape_Area":"0.00404177655917"}},{"type":"Feature","geometry":{"type":"Polygon","coordinates":[[[-73.22199,5.40691],[-73.22443,5.40677],[-73.22906,5.40793],[-73.23091,5.40697],[-73.23258,5.40757],[-73.23601,5.40709],[-73.23857,5.40763],[-73.23993,5.4086],[-73.24157,5.40854],[-73.24324,5.40889],[-73.24563,5.40852],[-73.24743,5.4087],[-73.24982,5.40803],[-73.25081,5.40858],[-73.25369,5.40697],[-73.25531,5.40714],[-73.25745,5.40685],[-73.25838,5.40728],[-73.25965,5.40739],[-73.26008,5.40814],[-73.26116,5.40809],[-73.26249,5.4085],[-73.26529,5.41062],[-73.26629,5.41103],[-73.26709,5.4121],[-73.2682,5.41266],[-73.26874,5.41257],[-73.26929,5.41195],[-73.26976,5.412],[-73.2701,5.4117],[-73.2712,5.41177],[-73.27178,5.41223],[-73.27275,5.41233],[-73.27358,5.41208],[-73.27473,5.41298],[-73.2753,5.41378],[-73.27576,5.41489],[-73.27559,5.4153],[-73.27615,5.41573],[-73.27591,5.41612],[-73.27634,5.41689],[-73.27744,5.41697],[-73.27829,5.41764],[-73.2791,5.41763],[-73.2797,5.41809],[-73.28092,5.41812],[-73.28142,5.41865],[-73.28229,5.41873],[-73.28289,5.41916],[-73.28524,5.41862],[-73.28563,5.41756],[-73.28624,5.41713],[-73.28719,5.41708],[-73.29052,5.41863],[-73.29193,5.41814],[-73.29312,5.41835],[-73.2937,5.41778],[-73.29495,5.41797],[-73.29586,5.41865],[-73.29722,5.41876],[-73.29934,5.42065],[-73.30013,5.42064],[-73.30151,5.4212],[-73.30222,5.42222],[-73.30565,5.42238],[-73.30709,5.42325],[-73.30819,5.4231],[-73.30954,5.42331],[-73.31,5.42363],[-73.31223,5.42367],[-73.31307,5.42329],[-73.31374,5.42252],[-73.31488,5.42222],[-73.31565,5.42349],[-73.31732,5.42482],[-73.31821,5.42523],[-73.3186,5.42623],[-73.31727,5.42786],[-73.31459,5.42918],[-73.3135,5.4311],[-73.31261,5.431],[-73.3126,5.43181],[-73.31113,5.43274],[-73.31081,5.43404],[-73.3109,5.43477],[-73.31033,5.43519],[-73.31052,5.43558],[-73.30991,5.43594],[-73.30976,5.43708],[-73.30911,5.43846],[-73.30812,5.43875],[-73.30743,5.43929],[-73.30687,5.44013],[-73.30619,5.44057],[-73.30605,5.44102],[-73.30752,5.44437],[-73.30838,5.445],[-73.30875,5.4459],[-73.31109,5.44656],[-73.3135,5.44952],[-73.31436,5.44998],[-73.31515,5.44691],[-73.31444,5.44556],[-73.31476,5.44356],[-73.31519,5.44334],[-73.31564,5.44124],[-73.31639,5.43973],[-73.31589,5.43964],[-73.31637,5.43854],[-73.31776,5.43643],[-73.31956,5.43535],[-73.31986,5.43339],[-73.32146,5.43142],[-73.32133,5.4299],[-73.32223,5.42806],[-73.32248,5.42608],[-73.32298,5.42507],[-73.3244,5.42309],[-73.3265,5.42171],[-73.32784,5.41906],[-73.32873,5.41652],[-73.32938,5.41589],[-73.33007,5.41441],[-73.32919,5.41455],[-73.3279,5.41409],[-73.32677,5.41427],[-73.32462,5.41328],[-73.32307,5.41344],[-73.31944,5.40802],[-73.31896,5.40681],[-73.32074,5.40303],[-73.32152,5.3994],[-73.32182,5.39903],[-73.32175,5.39792],[-73.3224,5.39633],[-73.32258,5.39204],[-73.32125,5.39173],[-73.32083,5.39127],[-73.32041,5.38932],[-73.31906,5.38882],[-73.31692,5.38728],[-73.31386,5.38163],[-73.31387,5.38119],[-73.31341,5.38111],[-73.31342,5.38063],[-73.31161,5.37905],[-73.31043,5.37752],[-73.30947,5.37551],[-73.3093,5.37432],[-73.30793,5.37225],[-73.30768,5.37224],[-73.30766,5.3729],[-73.30498,5.37065],[-73.30196,5.36954],[-73.30233,5.36843],[-73.30036,5.36745],[-73.29923,5.36617],[-73.29862,5.36343],[-73.29838,5.3633],[-73.29839,5.36224],[-73.29644,5.36151],[-73.29497,5.36047],[-73.2937,5.36023],[-73.29288,5.3594],[-73.29181,5.35924],[-73.29222,5.35962],[-73.29175,5.35964],[-73.29082,5.35914],[-73.28945,5.35695],[-73.28867,5.35619],[-73.28764,5.35293],[-73.28561,5.3497],[-73.28492,5.35067],[-73.28382,5.35064],[-73.28226,5.35208],[-73.27962,5.35379],[-73.27694,5.35504],[-73.27595,5.35487],[-73.27476,5.35525],[-73.27378,5.35654],[-73.26895,5.35977],[-73.26548,5.36272],[-73.26355,5.36393],[-73.26037,5.36678],[-73.25729,5.36809],[-73.25629,5.36913],[-73.25375,5.36813],[-73.25265,5.36821],[-73.25137,5.36935],[-73.25097,5.37058],[-73.24946,5.3715],[-73.24735,5.37216],[-73.243,5.37668],[-73.24243,5.37779],[-73.24174,5.38157],[-73.23997,5.38216],[-73.23924,5.38271],[-73.23746,5.38509],[-73.23696,5.38651],[-73.23812,5.38945],[-73.23793,5.38983],[-73.23483,5.38971],[-73.23403,5.38995],[-73.23202,5.39283],[-73.23157,5.39378],[-73.23173,5.3943],[-73.23289,5.39499],[-73.23409,5.39641],[-73.2343,5.39707],[-73.23411,5.39781],[-73.23352,5.3984],[-73.23135,5.39939],[-73.22686,5.39995],[-73.22639,5.4006],[-73.22613,5.40248],[-73.22555,5.40387],[-73.22318,5.40616],[-73.22199,5.40691]]]},"properties":{"DPTO_CCDGO":"15","MPIO_CCDGO":"189","DPTO_CNMBR":"BOYACÁ","MPIO_CNMBR":"CIÉNEGA","MPIO_NAREA":"53.9924224079","Shape_Leng":"0.385304475122","Shape_Area":"0.00440452711068"}},{"type":"Feature","geometry":{"type":"Polygon","coordinates":[[[-73.26405,5.7038],[-73.26445,5.70436],[-73.26572,5.70439],[-73.26658,5.70486],[-73.26847,5.70423],[-73.26902,5.70598],[-73.26957,5.70655],[-73.27008,5.70661],[-73.27022,5.70758],[-73.27075,5.70806],[-73.27221,5.70899],[-73.27227,5.70864],[-73.27282,5.70902],[-73.27299,5.7086],[-73.27368,5.7084],[-73.27458,5.70861],[-73.27437,5.70695],[-73.27511,5.70742],[-73.27558,5.70674],[-73.27519,5.70677],[-73.27527,5.70615],[-73.27634,5.70651],[-73.27658,5.70708],[-73.27735,5.70657],[-73.27719,5.70603],[-73.27761,5.70531],[-73.27796,5.70559],[-73.27779,5.7068],[-73.27886,5.70662],[-73.27942,5.70565],[-73.28104,5.70453],[-73.28097,5.70389],[-73.28143,5.70299],[-73.28213,5.70321],[-73.28229,5.703],[-73.28435,5.70295],[-73.28521,5.70182],[-73.28555,5.70186],[-73.28566,5.70224],[-73.28631,5.70179],[-73.28675,5.7002],[-73.28697,5.70006],[-73.28731,5.70049],[-73.28774,5.69973],[-73.28821,5.69992],[-73.28826,5.69964],[-73.2885,5.69987],[-73.28886,5.69953],[-73.28937,5.69988],[-73.2898,5.6997],[-73.28987,5.70017],[-73.29046,5.70005],[-73.29018,5.69951],[-73.29115,5.69928],[-73.29194,5.69831],[-73.29147,5.69805],[-73.2913,5.69836],[-73.29107,5.6976],[-73.29154,5.69774],[-73.29232,5.69742],[-73.29258,5.69803],[-73.29295,5.69745],[-73.29222,5.69711],[-73.29279,5.69665],[-73.2933,5.69689],[-73.29373,5.69678],[-73.294,5.69707],[-73.29416,5.6966],[-73.29471,5.69763],[-73.2939,5.69876],[-73.294,5.69983],[-73.2943,5.70006],[-73.29368,5.70168],[-73.29365,5.70237],[-73.29398,5.70238],[-73.29359,5.70287],[-73.29312,5.70258],[-73.29299,5.70306],[-73.29483,5.70436],[-73.29621,5.7043],[-73.2959,5.70486],[-73.29608,5.70523],[-73.29677,5.7052],[-73.29743,5.70564],[-73.29768,5.70547],[-73.29813,5.7061],[-73.29812,5.70657],[-73.29901,5.70727],[-73.29895,5.70806],[-73.30002,5.70823],[-73.30004,5.70866],[-73.29937,5.70899],[-73.30102,5.70925],[-73.30101,5.70993],[-73.30147,5.71088],[-73.30042,5.71223],[-73.30039,5.71319],[-73.30128,5.71375],[-73.30114,5.71431],[-73.30195,5.71413],[-73.30208,5.71517],[-73.30285,5.71472],[-73.30279,5.71441],[-73.30355,5.71458],[-73.30364,5.71419],[-73.3041,5.71431],[-73.30431,5.71587],[-73.30514,5.71575],[-73.30539,5.71602],[-73.30538,5.71553],[-73.30571,5.71553],[-73.30704,5.71639],[-73.30764,5.71719],[-73.30819,5.7171],[-73.30842,5.7181],[-73.30885,5.71811],[-73.30927,5.71777],[-73.3095,5.71801],[-73.30977,5.71895],[-73.30964,5.71964],[-73.31039,5.72165],[-73.31094,5.72222],[-73.31094,5.72287],[-73.31163,5.72379],[-73.31175,5.72501],[-73.31209,5.72526],[-73.31327,5.72521],[-73.31388,5.7259],[-73.31439,5.72601],[-73.31473,5.72739],[-73.31509,5.72783],[-73.3165,5.72839],[-73.31683,5.72917],[-73.31673,5.72976],[-73.31723,5.73034],[-73.31721,5.73121],[-73.31763,5.73257],[-73.31872,5.73396],[-73.3193,5.73429],[-73.31915,5.73472],[-73.31993,5.73558],[-73.32055,5.73518],[-73.32099,5.7353],[-73.32117,5.73618],[-73.32166,5.73664],[-73.32178,5.73794],[-73.3226,5.73883],[-73.32322,5.73879],[-73.32361,5.7397],[-73.32495,5.74139],[-73.32511,5.74281],[-73.32582,5.74364],[-73.32601,5.7447],[-73.32714,5.74609],[-73.32724,5.74697],[-73.32799,5.74858],[-73.32811,5.74974],[-73.32846,5.75016],[-73.32838,5.75083],[-73.3287,5.75108],[-73.33039,5.75529],[-73.33164,5.75622],[-73.33244,5.75644],[-73.33285,5.75695],[-73.33369,5.75722],[-73.33567,5.75997],[-73.3362,5.76258],[-73.33572,5.76329],[-73.33575,5.76445],[-73.33498,5.76531],[-73.33454,5.76735],[-73.33948,5.7683],[-73.34338,5.76819],[-73.34409,5.77128],[-73.34353,5.77433],[-73.34508,5.7805],[-73.34559,5.78191],[-73.34752,5.78417],[-73.34809,5.78854],[-73.35029,5.79012],[-73.34957,5.79214],[-73.34871,5.79359],[-73.35012,5.79352],[-73.35032,5.7939],[-73.35238,5.79534],[-73.3538,5.79689],[-73.35515,5.79892],[-73.35581,5.80201],[-73.3568,5.80401],[-73.35699,5.80621],[-73.35857,5.80238],[-73.3593,5.79834],[-73.36034,5.79664],[-73.36143,5.79529],[-73.36471,5.79319],[-73.3658,5.79069],[-73.3658,5.7896],[-73.36731,5.78838],[-73.36965,5.788],[-73.37071,5.78727],[-73.37284,5.78427],[-73.3735,5.78276],[-73.37374,5.77976],[-73.37453,5.77688],[-73.37516,5.77522],[-73.37703,5.773],[-73.37798,5.77017],[-73.3788,5.76878],[-73.37911,5.76764],[-73.37864,5.76459],[-73.37903,5.7634],[-73.38161,5.76115],[-73.38173,5.76053],[-73.38128,5.75996],[-73.38098,5.75819],[-73.37973,5.75643],[-73.37984,5.75189],[-73.37694,5.74946],[-73.37687,5.74914],[-73.37714,5.74869],[-73.37882,5.74812],[-73.3796,5.74677],[-73.37962,5.74565],[-73.37924,5.745],[-73.37782,5.744],[-73.37446,5.74317],[-73.37418,5.74283],[-73.37406,5.74166],[-73.37429,5.73853],[-73.37592,5.73714],[-73.37702,5.73463],[-73.37695,5.73043],[-73.37825,5.72547],[-73.37861,5.72481],[-73.37913,5.7245],[-73.37909,5.72363],[-73.37863,5.7237],[-73.37811,5.7228],[-73.37694,5.72282],[-73.37621,5.72227],[-73.37641,5.72213],[-73.37625,5.72162],[-73.37655,5.72155],[-73.3767,5.72108],[-73.37636,5.72095],[-73.37645,5.72062],[-73.3761,5.72082],[-73.37612,5.72036],[-73.37593,5.72074],[-73.37545,5.72034],[-73.3752,5.72068],[-73.37481,5.72043],[-73.37437,5.7208],[-73.37391,5.72067],[-73.3736,5.72087],[-73.37325,5.72055],[-73.37301,5.7208],[-73.37285,5.72026],[-73.3722,5.71993],[-73.37243,5.71867],[-73.37218,5.7181],[-73.3724,5.71765],[-73.37206,5.71719],[-73.37155,5.71732],[-73.3712,5.71699],[-73.37037,5.71713],[-73.36946,5.71613],[-73.36847,5.71585],[-73.36824,5.71527],[-73.36781,5.715],[-73.36789,5.71386],[-73.3674,5.71244],[-73.36671,5.71152],[-73.36658,5.70968],[-73.36603,5.70915],[-73.36612,5.70847],[-73.36581,5.70817],[-73.36569,5.70736],[-73.36611,5.70668],[-73.36593,5.70577],[-73.36505,5.70366],[-73.36259,5.70406],[-73.36235,5.7047],[-73.36057,5.7053],[-73.3598,5.70533],[-73.35947,5.70506],[-73.35889,5.70534],[-73.35773,5.70504],[-73.35723,5.70449],[-73.35575,5.70464],[-73.356,5.70406],[-73.35553,5.70295],[-73.3546,5.70185],[-73.35312,5.70117],[-73.35269,5.7002],[-73.35202,5.69967],[-73.35154,5.6984],[-73.35061,5.69755],[-73.34989,5.69634],[-73.34946,5.69491],[-73.34957,5.69327],[-73.34904,5.69278],[-73.34841,5.69111],[-73.34838,5.68956],[-73.34794,5.68823],[-73.3483,5.68779],[-73.34794,5.68673],[-73.34793,5.68501],[-73.34733,5.68449],[-73.34574,5.68191],[-73.34349,5.68045],[-73.34184,5.67973],[-73.34435,5.67881],[-73.34396,5.67575],[-73.34575,5.67401],[-73.34673,5.67129],[-73.3475,5.67023],[-73.34917,5.66967],[-73.35039,5.66873],[-73.35225,5.66887],[-73.35339,5.66845],[-73.35442,5.66861],[-73.35556,5.66835],[-73.35911,5.66608],[-73.35982,5.66549],[-73.36021,5.66476],[-73.36238,5.66384],[-73.36313,5.66453],[-73.36283,5.66323],[-73.36074,5.66044],[-73.36058,5.65807],[-73.36074,5.6527],[-73.36239,5.64767],[-73.36268,5.64543],[-73.36249,5.64483],[-73.36502,5.64317],[-73.36497,5.64261],[-73.36408,5.64121],[-73.36379,5.6402],[-73.36393,5.63911],[-73.36483,5.63741],[-73.36311,5.62927],[-73.35937,5.63045],[-73.3588,5.62948],[-73.35831,5.62684],[-73.3576,5.62531],[-73.3579,5.62432],[-73.3591,5.62346],[-73.36062,5.62181],[-73.35968,5.61944],[-73.35844,5.61776],[-73.35756,5.61825],[-73.35763,5.61779],[-73.35683,5.61717],[-73.35723,5.61648],[-73.35549,5.61384],[-73.35255,5.61155],[-73.35163,5.61196],[-73.34454,5.60489],[-73.34499,5.60328],[-73.34333,5.59931],[-73.34295,5.59361],[-73.33984,5.58787],[-73.33901,5.58707],[-73.33975,5.587],[-73.34009,5.58565],[-73.34126,5.58409],[-73.34011,5.58308],[-73.33894,5.58388],[-73.33831,5.58328],[-73.33897,5.58247],[-73.33639,5.58011],[-73.33703,5.57918],[-73.33541,5.57882],[-73.33213,5.57593],[-73.33133,5.57604],[-73.33114,5.57684],[-73.32973,5.57668],[-73.32924,5.57836],[-73.32733,5.58024],[-73.32617,5.58162],[-73.32554,5.58453],[-73.32466,5.58601],[-73.32563,5.58763],[-73.32574,5.58896],[-73.32613,5.58948],[-73.32177,5.5978],[-73.3204,5.60365],[-73.31989,5.60697],[-73.31865,5.61128],[-73.31699,5.61476],[-73.31794,5.61541],[-73.31459,5.61744],[-73.3075,5.62477],[-73.30549,5.62718],[-73.304,5.62805],[-73.30204,5.62871],[-73.30028,5.62995],[-73.29762,5.63363],[-73.29646,5.63459],[-73.29554,5.63613],[-73.29216,5.63874],[-73.28965,5.64179],[-73.28819,5.64469],[-73.2867,5.64575],[-73.28653,5.6472],[-73.28555,5.64748],[-73.28506,5.6494],[-73.28326,5.64908],[-73.28256,5.65087],[-73.28165,5.65164],[-73.27849,5.65222],[-73.27837,5.65269],[-73.27882,5.65314],[-73.27808,5.65592],[-73.27748,5.65575],[-73.2773,5.65522],[-73.27706,5.6552],[-73.27666,5.65539],[-73.27658,5.656],[-73.27582,5.65589],[-73.27416,5.6565],[-73.27406,5.65699],[-73.27333,5.65748],[-73.27278,5.65769],[-73.27211,5.65746],[-73.27029,5.65847],[-73.27026,5.65897],[-73.26983,5.65946],[-73.27003,5.66038],[-73.26967,5.66049],[-73.2692,5.66016],[-73.26861,5.66058],[-73.26868,5.66109],[-73.26816,5.66148],[-73.26728,5.66453],[-73.26705,5.6658],[-73.26742,5.66619],[-73.26753,5.66691],[-73.26717,5.66718],[-73.26731,5.66754],[-73.26664,5.66784],[-73.26615,5.66745],[-73.26547,5.66762],[-73.26544,5.6681],[-73.2646,5.66873],[-73.26305,5.67114],[-73.26356,5.67227],[-73.26306,5.67276],[-73.26303,5.67331],[-73.26377,5.67346],[-73.26294,5.67622],[-73.26222,5.68074],[-73.26101,5.68486],[-73.26148,5.68531],[-73.26298,5.68552],[-73.2641,5.68489],[-73.26602,5.68443],[-73.26683,5.68466],[-73.26746,5.68532],[-73.26973,5.68567],[-73.26989,5.68599],[-73.27081,5.68594],[-73.27079,5.68644],[-73.2703,5.68996],[-73.26909,5.69351],[-73.26642,5.69684],[-73.26579,5.70032],[-73.26405,5.7038]]]},"properties":{"DPTO_CCDGO":"15","MPIO_CCDGO":"204","DPTO_CNMBR":"BOYACÁ","MPIO_CNMBR":"CÓMBITA","MPIO_NAREA":"145.280470466","Shape_Leng":"0.733788941575","Shape_Area":"0.0118575339326"}},{"type":"Feature","geometry":{"type":"Polygon","coordinates":[[[-73.99031,5.52517],[-73.9922,5.52615],[-73.99378,5.526],[-73.99463,5.52679],[-73.99772,5.52821],[-74.0001,5.52835],[-74.00216,5.52902],[-74.0034,5.52875],[-74.00479,5.52747],[-74.00671,5.52705],[-74.00775,5.52654],[-74.00834,5.52647],[-74.01035,5.52698],[-74.01376,5.52664],[-74.01436,5.52602],[-74.01614,5.52502],[-74.01656,5.52438],[-74.01747,5.52446],[-74.01823,5.52421],[-74.01856,5.52362],[-74.01826,5.52215],[-74.01857,5.52148],[-74.01933,5.5212],[-74.01991,5.52172],[-74.02039,5.52064],[-74.02103,5.52009],[-74.02081,5.51912],[-74.02123,5.51815],[-74.02071,5.51748],[-74.02063,5.51694],[-74.02081,5.51606],[-74.02198,5.51463],[-74.02164,5.5138],[-74.02215,5.51151],[-74.02195,5.50968],[-74.02321,5.50689],[-74.02635,5.50321],[-74.02831,5.50278],[-74.03013,5.50125],[-74.03205,5.5005],[-74.03221,5.49862],[-74.03352,5.49692],[-74.0349,5.49659],[-74.03527,5.49781],[-74.03655,5.49855],[-74.03741,5.49968],[-74.03964,5.49908],[-74.0412,5.49905],[-74.04209,5.49802],[-74.04255,5.498],[-74.04384,5.49897],[-74.04442,5.50107],[-74.04509,5.50163],[-74.04556,5.50143],[-74.04588,5.50087],[-74.04583,5.49938],[-74.0466,5.49966],[-74.04701,5.5003],[-74.04709,5.49944],[-74.04783,5.49854],[-74.04864,5.49913],[-74.04968,5.49915],[-74.04935,5.49807],[-74.05052,5.4976],[-74.05111,5.4961],[-74.0522,5.49538],[-74.05273,5.49587],[-74.05338,5.49583],[-74.05368,5.49611],[-74.05367,5.49856],[-74.05394,5.49937],[-74.05535,5.49899],[-74.05641,5.4997],[-74.05757,5.50101],[-74.0586,5.50156],[-74.05913,5.50157],[-74.05962,5.50056],[-74.06088,5.5005],[-74.06259,5.49833],[-74.06327,5.49835],[-74.06389,5.4991],[-74.06502,5.499],[-74.0664,5.49746],[-74.06748,5.49445],[-74.06816,5.49426],[-74.06955,5.49477],[-74.07026,5.49437],[-74.07091,5.49333],[-74.07231,5.49253],[-74.07261,5.49152],[-74.07396,5.4897],[-74.07576,5.48877],[-74.07678,5.48779],[-74.07757,5.48556],[-74.08439,5.48222],[-74.08576,5.48196],[-74.08784,5.48249],[-74.08915,5.48135],[-74.09124,5.48079],[-74.09181,5.48026],[-74.09437,5.47915],[-74.09529,5.47847],[-74.09632,5.47731],[-74.09675,5.47605],[-74.09693,5.47064],[-74.09479,5.46602],[-74.09522,5.46436],[-74.09576,5.46357],[-74.09554,5.46183],[-74.09678,5.46021],[-74.09696,5.45936],[-74.09523,5.45666],[-74.09543,5.4549],[-74.09485,5.4531],[-74.09482,5.45122],[-74.09406,5.44989],[-74.0954,5.44705],[-74.09657,5.44337],[-74.09678,5.44191],[-74.09758,5.43986],[-74.09605,5.43815],[-74.09551,5.43675],[-74.09456,5.43638],[-74.09336,5.43715],[-74.09279,5.43721],[-74.09151,5.43637],[-74.09128,5.43546],[-74.09053,5.43465],[-74.09052,5.43273],[-74.09158,5.4318],[-74.09144,5.43056],[-74.09268,5.42949],[-74.0926,5.42874],[-74.09124,5.42796],[-74.08955,5.42885],[-74.08837,5.42878],[-74.08705,5.42819],[-74.08661,5.42618],[-74.08394,5.4228],[-74.08339,5.42152],[-74.08252,5.42101],[-74.08167,5.42001],[-74.08055,5.41695],[-74.07941,5.41669],[-74.07812,5.41538],[-74.07829,5.41445],[-74.07801,5.41351],[-74.07655,5.41206],[-74.07548,5.41006],[-74.07458,5.40946],[-74.07358,5.40816],[-74.07161,5.40746],[-74.07009,5.40738],[-74.06906,5.40554],[-74.068,5.40504],[-74.06534,5.40536],[-74.06192,5.40534],[-74.05993,5.40434],[-74.059,5.40322],[-74.05791,5.40301],[-74.05573,5.40145],[-74.05508,5.40165],[-74.05447,5.40121],[-74.05328,5.40231],[-74.05136,5.40238],[-74.05059,5.40331],[-74.04988,5.40359],[-74.04689,5.40382],[-74.04518,5.40453],[-74.04201,5.40004],[-74.04135,5.39805],[-74.04051,5.39301],[-74.03979,5.39201],[-74.03742,5.39071],[-74.03566,5.39015],[-74.03426,5.39008],[-74.03175,5.38757],[-74.03028,5.3869],[-74.02793,5.38691],[-74.0249,5.38764],[-74.02291,5.38733],[-74.02229,5.3869],[-74.02193,5.38619],[-74.02364,5.38261],[-74.02382,5.38147],[-74.02343,5.37678],[-74.02357,5.37043],[-74.02297,5.36787],[-74.02251,5.36712],[-74.02097,5.36629],[-74.01873,5.36631],[-74.01566,5.36723],[-74.0119,5.36727],[-74.00972,5.36839],[-73.9991,5.36749],[-73.99984,5.36794],[-73.99996,5.36871],[-73.99912,5.36951],[-73.99868,5.37071],[-73.99848,5.37087],[-73.99788,5.37045],[-73.9976,5.3706],[-73.99755,5.37141],[-73.99645,5.37245],[-73.99353,5.37308],[-73.99291,5.37438],[-73.99139,5.37465],[-73.99187,5.37523],[-73.9917,5.37549],[-73.99058,5.37559],[-73.98995,5.37657],[-73.98966,5.37761],[-73.98735,5.37927],[-73.98755,5.38055],[-73.98698,5.38295],[-73.98669,5.38639],[-73.98527,5.3885],[-73.98516,5.38937],[-73.98481,5.38948],[-73.98349,5.38897],[-73.98269,5.39071],[-73.98326,5.39171],[-73.98297,5.3926],[-73.98321,5.39427],[-73.9827,5.39497],[-73.98401,5.3958],[-73.9837,5.39631],[-73.98249,5.39691],[-73.9818,5.39779],[-73.98151,5.39992],[-73.98183,5.40142],[-73.98174,5.40289],[-73.98011,5.40524],[-73.97714,5.41171],[-73.97297,5.41936],[-73.97061,5.42021],[-73.9665,5.42084],[-73.96572,5.42116],[-73.96466,5.4222],[-73.96362,5.42243],[-73.96242,5.42193],[-73.9569,5.42149],[-73.95483,5.42079],[-73.95061,5.41821],[-73.94797,5.41756],[-73.94749,5.41812],[-73.94708,5.42407],[-73.94791,5.42503],[-73.94804,5.42626],[-73.94908,5.42821],[-73.94962,5.42846],[-73.9516,5.42845],[-73.95274,5.4291],[-73.95384,5.43213],[-73.95463,5.43293],[-73.95503,5.43422],[-73.95466,5.43545],[-73.9552,5.43581],[-73.95549,5.43909],[-73.95343,5.44239],[-73.95296,5.44437],[-73.95233,5.44547],[-73.94987,5.44783],[-73.95006,5.44924],[-73.95095,5.44997],[-73.95754,5.4523],[-73.95969,5.45343],[-73.96165,5.45495],[-73.96453,5.45563],[-73.9662,5.45574],[-73.96959,5.45551],[-73.97144,5.45468],[-73.97366,5.45444],[-73.97658,5.45348],[-73.97948,5.45158],[-73.98061,5.45138],[-73.98312,5.45275],[-73.98457,5.45403],[-73.98555,5.45581],[-73.98589,5.45718],[-73.98667,5.45838],[-73.9888,5.45819],[-73.99069,5.4587],[-73.99309,5.46012],[-73.99705,5.46174],[-73.99847,5.46289],[-74.00075,5.4637],[-74.00656,5.46535],[-74.0097,5.46518],[-74.01059,5.46625],[-74.0121,5.46736],[-74.0132,5.46875],[-74.01388,5.46862],[-74.01499,5.46784],[-74.01649,5.46916],[-74.01813,5.46994],[-74.01883,5.47154],[-74.01947,5.472],[-74.01924,5.47241],[-74.01691,5.47399],[-74.01507,5.47675],[-74.01392,5.48177],[-74.01211,5.48504],[-74.01094,5.48785],[-74.00876,5.49575],[-74.00746,5.4987],[-74.00649,5.49981],[-74.00445,5.50072],[-74.0011,5.50399],[-74.00057,5.50502],[-74.00027,5.50787],[-73.99922,5.50962],[-73.99865,5.51013],[-73.99498,5.51194],[-73.9941,5.51275],[-73.99216,5.52078],[-73.9904,5.52396],[-73.99031,5.52517]]]},"properties":{"DPTO_CCDGO":"15","MPIO_CCDGO":"212","DPTO_CNMBR":"BOYACÁ","MPIO_CNMBR":"COPER","MPIO_NAREA":"149.869726724","Shape_Leng":"0.639954012877","Shape_Area":"0.0122292129475"}},{"type":"Feature","geometry":{"type":"Polygon","coordinates":[[[-72.79812,5.85391],[-72.79915,5.85349],[-72.80032,5.85209],[-72.80119,5.85192],[-72.80312,5.85314],[-72.80385,5.85398],[-72.8056,5.85444],[-72.80575,5.85526],[-72.80658,5.85581],[-72.80782,5.85745],[-72.80916,5.8581],[-72.80947,5.8591],[-72.81019,5.85962],[-72.8106,5.86165],[-72.81119,5.86261],[-72.81164,5.86453],[-72.81318,5.86622],[-72.81576,5.86713],[-72.81686,5.86908],[-72.81776,5.86991],[-72.81911,5.86994],[-72.81902,5.87133],[-72.81933,5.87232],[-72.82025,5.87354],[-72.82166,5.87448],[-72.82302,5.8777],[-72.82454,5.87826],[-72.82616,5.87828],[-72.82656,5.87859],[-72.8266,5.87896],[-72.82832,5.8782],[-72.82934,5.87659],[-72.83181,5.87523],[-72.83254,5.87546],[-72.83676,5.87514],[-72.83788,5.87554],[-72.84025,5.87768],[-72.84219,5.87867],[-72.84335,5.8786],[-72.84493,5.87739],[-72.8455,5.87729],[-72.84694,5.87757],[-72.84775,5.8785],[-72.84937,5.87804],[-72.85006,5.87766],[-72.85006,5.8769],[-72.85073,5.8768],[-72.85132,5.87599],[-72.85236,5.87175],[-72.85322,5.87141],[-72.85447,5.87037],[-72.85563,5.87022],[-72.8561,5.86923],[-72.85637,5.86733],[-72.85752,5.86622],[-72.85764,5.86543],[-72.85662,5.86465],[-72.8551,5.86231],[-72.85429,5.86213],[-72.85224,5.86254],[-72.84813,5.85955],[-72.85139,5.85732],[-72.85079,5.85704],[-72.8506,5.85547],[-72.85112,5.85268],[-72.85092,5.85254],[-72.85161,5.85001],[-72.85218,5.84971],[-72.85311,5.84744],[-72.85439,5.84588],[-72.85549,5.84214],[-72.85717,5.83843],[-72.85797,5.83738],[-72.85811,5.83654],[-72.85759,5.83551],[-72.85683,5.83524],[-72.85495,5.83391],[-72.85631,5.83405],[-72.85702,5.8338],[-72.85807,5.83216],[-72.8582,5.83149],[-72.85787,5.83034],[-72.85855,5.82976],[-72.85872,5.8263],[-72.86055,5.825],[-72.86322,5.82256],[-72.86548,5.81855],[-72.86738,5.81666],[-72.86998,5.81816],[-72.87061,5.81759],[-72.87242,5.81772],[-72.87249,5.81714],[-72.87297,5.81712],[-72.8731,5.81756],[-72.87455,5.81625],[-72.87667,5.8158],[-72.87923,5.81632],[-72.8807,5.81634],[-72.88319,5.81727],[-72.88399,5.81703],[-72.88457,5.81622],[-72.88498,5.81624],[-72.88575,5.81717],[-72.88667,5.81754],[-72.88986,5.8157],[-72.89419,5.81396],[-72.89483,5.81345],[-72.89486,5.81254],[-72.89629,5.81209],[-72.89708,5.81119],[-72.89763,5.80768],[-72.89753,5.80699],[-72.89609,5.80524],[-72.89598,5.80476],[-72.89642,5.80091],[-72.89594,5.79783],[-72.89623,5.79528],[-72.89374,5.79626],[-72.89226,5.79655],[-72.89042,5.7959],[-72.88812,5.79438],[-72.88635,5.79375],[-72.88575,5.79421],[-72.88487,5.79399],[-72.88398,5.79416],[-72.8825,5.79515],[-72.88083,5.79571],[-72.87883,5.79521],[-72.87676,5.79385],[-72.87808,5.78836],[-72.87776,5.78549],[-72.87641,5.78146],[-72.87442,5.77723],[-72.87396,5.77546],[-72.87565,5.77631],[-72.87689,5.77587],[-72.87267,5.77337],[-72.87319,5.77248],[-72.87371,5.77273],[-72.87515,5.77052],[-72.87055,5.76911],[-72.86704,5.76851],[-72.86348,5.77079],[-72.86423,5.77227],[-72.86412,5.77253],[-72.86247,5.77295],[-72.8605,5.77291],[-72.85949,5.77368],[-72.8587,5.77485],[-72.85808,5.7751],[-72.85773,5.77502],[-72.8573,5.77442],[-72.85612,5.77471],[-72.8553,5.77413],[-72.85469,5.77413],[-72.85361,5.77555],[-72.85123,5.77646],[-72.85095,5.77699],[-72.84841,5.77827],[-72.84685,5.77974],[-72.84366,5.78092],[-72.84264,5.78171],[-72.84144,5.78337],[-72.8398,5.78405],[-72.83845,5.78546],[-72.83775,5.78685],[-72.8368,5.78769],[-72.83521,5.79041],[-72.83456,5.79225],[-72.83213,5.79514],[-72.83179,5.79626],[-72.83212,5.7977],[-72.83289,5.80052],[-72.83469,5.80241],[-72.83491,5.80365],[-72.83451,5.80533],[-72.83575,5.80693],[-72.83297,5.80709],[-72.83252,5.80679],[-72.82965,5.80683],[-72.82548,5.80824],[-72.82482,5.80941],[-72.82496,5.81005],[-72.82472,5.81042],[-72.82417,5.8148],[-72.82311,5.81672],[-72.8225,5.81879],[-72.82204,5.81897],[-72.82166,5.82042],[-72.82039,5.82153],[-72.818,5.82437],[-72.81741,5.82456],[-72.81716,5.82515],[-72.81555,5.82634],[-72.81494,5.82703],[-72.81485,5.82802],[-72.81312,5.82903],[-72.81171,5.83036],[-72.8113,5.83144],[-72.81059,5.83228],[-72.81093,5.8334],[-72.80848,5.83224],[-72.80668,5.83261],[-72.80562,5.83248],[-72.80375,5.83295],[-72.80222,5.83722],[-72.80155,5.83803],[-72.80248,5.83895],[-72.80286,5.83973],[-72.80255,5.83991],[-72.80251,5.84096],[-72.80163,5.84147],[-72.80204,5.84202],[-72.80123,5.84552],[-72.8014,5.84684],[-72.801,5.84825],[-72.79989,5.84755],[-72.7986,5.84898],[-72.79796,5.85022],[-72.79755,5.85245],[-72.79826,5.8534],[-72.79812,5.85391]]]},"properties":{"DPTO_CCDGO":"15","MPIO_CCDGO":"215","DPTO_CNMBR":"BOYACÁ","MPIO_CNMBR":"CORRALES","MPIO_NAREA":"60.851431909","Shape_Leng":"0.409898256014","Shape_Area":"0.00496630548554"}},{"type":"Feature","geometry":{"type":"Polygon","coordinates":[[[-72.51454,5.60862],[-72.51595,5.6093],[-72.51927,5.60993],[-72.52146,5.61147],[-72.52318,5.61226],[-72.52573,5.61437],[-72.52789,5.61556],[-72.52951,5.6178],[-72.53027,5.61834],[-72.53266,5.61877],[-72.53373,5.61968],[-72.53652,5.61991],[-72.53841,5.62035],[-72.54547,5.62394],[-72.54611,5.628],[-72.54488,5.63262],[-72.54458,5.63602],[-72.54487,5.63722],[-72.54695,5.63791],[-72.5472,5.63831],[-72.54751,5.64197],[-72.54901,5.64383],[-72.54958,5.64499],[-72.54975,5.64722],[-72.54924,5.64895],[-72.54993,5.64982],[-72.55056,5.6555],[-72.54951,5.65852],[-72.54773,5.66012],[-72.54566,5.66368],[-72.54366,5.66539],[-72.54281,5.66663],[-72.54227,5.66771],[-72.54223,5.67101],[-72.53979,5.6753],[-72.53949,5.67669],[-72.54111,5.67782],[-72.54513,5.67932],[-72.5461,5.68137],[-72.54984,5.68319],[-72.55249,5.68525],[-72.55438,5.68797],[-72.55503,5.69244],[-72.55639,5.6935],[-72.5572,5.69331],[-72.5591,5.69379],[-72.55945,5.69465],[-72.56229,5.69575],[-72.56274,5.69614],[-72.5635,5.69826],[-72.56394,5.70205],[-72.5653,5.70323],[-72.56614,5.70482],[-72.56724,5.70612],[-72.56827,5.70852],[-72.56898,5.70907],[-72.57026,5.70935],[-72.57043,5.70736],[-72.57113,5.7048],[-72.57122,5.70294],[-72.57193,5.7018],[-72.57266,5.6997],[-72.57271,5.69605],[-72.57432,5.69274],[-72.57419,5.69175],[-72.57307,5.69003],[-72.57295,5.68898],[-72.57394,5.68635],[-72.57509,5.68541],[-72.57559,5.68431],[-72.5779,5.68283],[-72.57901,5.68113],[-72.58041,5.68023],[-72.58021,5.67953],[-72.58063,5.67912],[-72.58102,5.67781],[-72.58093,5.67684],[-72.58164,5.6747],[-72.58306,5.67197],[-72.58352,5.67026],[-72.58354,5.66893],[-72.58471,5.66584],[-72.58313,5.6635],[-72.584,5.66077],[-72.58618,5.65875],[-72.58827,5.6586],[-72.58914,5.65806],[-72.58941,5.65729],[-72.58918,5.6551],[-72.59373,5.65064],[-72.59432,5.64972],[-72.59638,5.64915],[-72.59828,5.64814],[-72.59788,5.64696],[-72.59826,5.64356],[-72.5979,5.64333],[-72.59694,5.64343],[-72.59649,5.64221],[-72.59542,5.64131],[-72.59517,5.64067],[-72.59686,5.63856],[-72.59732,5.6355],[-72.59909,5.63401],[-72.59872,5.63282],[-72.59922,5.62778],[-72.60056,5.6273],[-72.60194,5.62642],[-72.6018,5.62572],[-72.59994,5.62253],[-72.60153,5.62065],[-72.60264,5.62011],[-72.60462,5.62064],[-72.60519,5.62041],[-72.60517,5.62115],[-72.6048,5.62165],[-72.60409,5.62162],[-72.60392,5.62186],[-72.60379,5.62274],[-72.60313,5.62378],[-72.60304,5.62493],[-72.60321,5.6255],[-72.60401,5.6262],[-72.60384,5.62702],[-72.60436,5.62778],[-72.60425,5.62854],[-72.60536,5.6294],[-72.60539,5.63004],[-72.60563,5.63024],[-72.60665,5.63035],[-72.60731,5.63081],[-72.60882,5.63027],[-72.60937,5.63069],[-72.61131,5.63113],[-72.61245,5.63055],[-72.61312,5.62981],[-72.61489,5.6297],[-72.61585,5.62935],[-72.6171,5.62963],[-72.61799,5.62914],[-72.6185,5.62942],[-72.61907,5.62929],[-72.61953,5.62969],[-72.62215,5.6291],[-72.6229,5.62956],[-72.6234,5.6294],[-72.62374,5.62964],[-72.62429,5.62907],[-72.62621,5.62947],[-72.62686,5.63018],[-72.62816,5.6301],[-72.62983,5.63062],[-72.63001,5.63261],[-72.62927,5.63365],[-72.62893,5.63589],[-72.6296,5.63636],[-72.62979,5.63691],[-72.63072,5.63723],[-72.63395,5.63995],[-72.63441,5.64219],[-72.63547,5.64308],[-72.63576,5.64387],[-72.63583,5.64449],[-72.63539,5.6453],[-72.63609,5.64575],[-72.63812,5.6463],[-72.63965,5.64836],[-72.64111,5.64886],[-72.64241,5.64986],[-72.64368,5.65127],[-72.64402,5.65263],[-72.64667,5.65409],[-72.64958,5.65736],[-72.65491,5.65975],[-72.65827,5.66218],[-72.65943,5.66372],[-72.66052,5.6668],[-72.67326,5.66824],[-72.67448,5.66961],[-72.67596,5.67209],[-72.67702,5.67271],[-72.67958,5.67343],[-72.68514,5.67304],[-72.6892,5.67367],[-72.69095,5.67371],[-72.69407,5.67324],[-72.6955,5.67342],[-72.697,5.67413],[-72.69817,5.67606],[-72.69896,5.6766],[-72.69917,5.67656],[-72.69915,5.67457],[-72.6985,5.67207],[-72.69814,5.66693],[-72.69794,5.66628],[-72.69568,5.66296],[-72.6971,5.65683],[-72.69821,5.65557],[-72.69944,5.65106],[-72.69825,5.64737],[-72.69865,5.64586],[-72.69822,5.64475],[-72.69854,5.64422],[-72.69923,5.64384],[-72.6994,5.64332],[-72.69876,5.64244],[-72.69871,5.64123],[-72.69951,5.6408],[-72.70065,5.63827],[-72.70257,5.63698],[-72.70557,5.63324],[-72.70814,5.63069],[-72.70971,5.62968],[-72.70987,5.6285],[-72.70967,5.62734],[-72.71009,5.62556],[-72.7133,5.62498],[-72.71236,5.62001],[-72.71203,5.61938],[-72.70981,5.61791],[-72.70866,5.61628],[-72.70811,5.61624],[-72.70906,5.61565],[-72.71019,5.61433],[-72.71291,5.60937],[-72.71479,5.60807],[-72.71984,5.60561],[-72.72171,5.60365],[-72.7237,5.60068],[-72.72405,5.60068],[-72.72613,5.59886],[-72.73036,5.59356],[-72.7306,5.59314],[-72.72966,5.59186],[-72.73162,5.58465],[-72.73382,5.58084],[-72.73593,5.57836],[-72.73648,5.57726],[-72.73862,5.5745],[-72.74002,5.57327],[-72.74111,5.5727],[-72.74206,5.57115],[-72.74462,5.57024],[-72.74489,5.56909],[-72.74385,5.56706],[-72.745,5.56474],[-72.73811,5.56222],[-72.73272,5.56094],[-72.72528,5.55852],[-72.72383,5.55869],[-72.72245,5.55833],[-72.72063,5.55831],[-72.71889,5.55765],[-72.71781,5.5577],[-72.71646,5.5582],[-72.71548,5.55765],[-72.71424,5.55769],[-72.71207,5.55923],[-72.70907,5.56007],[-72.70657,5.5603],[-72.70574,5.5601],[-72.70423,5.55903],[-72.70291,5.55883],[-72.69914,5.55646],[-72.69669,5.55673],[-72.69522,5.5574],[-72.69411,5.55732],[-72.69298,5.55762],[-72.69226,5.55916],[-72.69165,5.5596],[-72.69067,5.5599],[-72.68953,5.55967],[-72.68724,5.55513],[-72.68396,5.54622],[-72.68234,5.54414],[-72.68108,5.54355],[-72.67687,5.54251],[-72.6712,5.53886],[-72.66977,5.53773],[-72.66894,5.53653],[-72.66252,5.53877],[-72.65852,5.52952],[-72.65603,5.52068],[-72.65589,5.51811],[-72.65631,5.51422],[-72.65628,5.51175],[-72.65566,5.50971],[-72.65535,5.50738],[-72.65633,5.50075],[-72.65664,5.50028],[-72.65821,5.4996],[-72.65992,5.49961],[-72.66453,5.49756],[-72.67179,5.49543],[-72.67528,5.49455],[-72.68014,5.49402],[-72.6807,5.49374],[-72.68216,5.49224],[-72.6827,5.49069],[-72.68252,5.48949],[-72.68135,5.48723],[-72.6805,5.48379],[-72.67946,5.48114],[-72.67828,5.4789],[-72.67359,5.47283],[-72.67169,5.46883],[-72.66942,5.46606],[-72.66678,5.46002],[-72.66607,5.45906],[-72.66263,5.45619],[-72.65909,5.45271],[-72.65872,5.45274],[-72.65478,5.45031],[-72.65243,5.44931],[-72.66713,5.43607],[-72.6663,5.43543],[-72.66308,5.43472],[-72.65983,5.43344],[-72.65582,5.43275],[-72.65364,5.43172],[-72.65045,5.42925],[-72.64795,5.4277],[-72.64317,5.42541],[-72.641,5.42473],[-72.63771,5.42426],[-72.63344,5.4227],[-72.63189,5.42271],[-72.62981,5.4233],[-72.62769,5.422],[-72.62545,5.42197],[-72.62329,5.42132],[-72.62168,5.42138],[-72.62048,5.42207],[-72.61916,5.42327],[-72.61828,5.42526],[-72.61664,5.4267],[-72.61353,5.42817],[-72.61193,5.42932],[-72.61017,5.42988],[-72.60732,5.42964],[-72.60628,5.42852],[-72.60357,5.42781],[-72.60191,5.42653],[-72.60006,5.42703],[-72.59875,5.42781],[-72.59751,5.42759],[-72.59684,5.4273],[-72.59589,5.42615],[-72.59488,5.42617],[-72.59479,5.42539],[-72.59345,5.42495],[-72.59289,5.42399],[-72.59121,5.42381],[-72.59086,5.42344],[-72.59124,5.4227],[-72.59124,5.42199],[-72.59048,5.42095],[-72.59112,5.41978],[-72.59088,5.41924],[-72.59023,5.41893],[-72.59011,5.41849],[-72.59106,5.41791],[-72.59173,5.41678],[-72.59367,5.4164],[-72.59432,5.41541],[-72.59478,5.414],[-72.59416,5.4131],[-72.59448,5.41205],[-72.59395,5.41033],[-72.59397,5.40913],[-72.59486,5.40853],[-72.59535,5.40743],[-72.5954,5.405],[-72.59621,5.4045],[-72.59703,5.40447],[-72.59749,5.40408],[-72.59715,5.40211],[-72.59724,5.40023],[-72.59819,5.40063],[-72.59991,5.39936],[-72.59971,5.39913],[-72.59974,5.39807],[-72.59871,5.3967],[-72.59842,5.39532],[-72.59729,5.394],[-72.59605,5.39299],[-72.59429,5.3921],[-72.59394,5.39001],[-72.59438,5.38849],[-72.59283,5.38602],[-72.59217,5.38553],[-72.59036,5.38566],[-72.58981,5.38467],[-72.58954,5.38343],[-72.58904,5.38304],[-72.5874,5.38364],[-72.58662,5.38367],[-72.58556,5.3832],[-72.58398,5.38199],[-72.58016,5.38411],[-72.57832,5.38619],[-72.57667,5.38753],[-72.57262,5.39006],[-72.57189,5.39027],[-72.57163,5.39231],[-72.57105,5.39326],[-72.5703,5.39294],[-72.56943,5.3931],[-72.56539,5.39687],[-72.5628,5.39787],[-72.56089,5.39994],[-72.55983,5.40071],[-72.55926,5.40179],[-72.55743,5.40319],[-72.55355,5.4053],[-72.54954,5.40607],[-72.54647,5.40765],[-72.54349,5.41067],[-72.54098,5.41223],[-72.53871,5.41414],[-72.53691,5.41441],[-72.5358,5.4162],[-72.5343,5.42041],[-72.53216,5.42252],[-72.53071,5.42522],[-72.52887,5.42751],[-72.52247,5.43153],[-72.51864,5.43472],[-72.51662,5.43584],[-72.5157,5.43625],[-72.51234,5.43652],[-72.50951,5.43752],[-72.50857,5.43757],[-72.50734,5.4387],[-72.50196,5.44491],[-72.50162,5.44585],[-72.50151,5.44763],[-72.50018,5.44952],[-72.49925,5.45164],[-72.49799,5.45349],[-72.49741,5.45615],[-72.49479,5.46031],[-72.49415,5.46195],[-72.49415,5.46379],[-72.49326,5.46614],[-72.49205,5.46825],[-72.49184,5.46962],[-72.49203,5.47098],[-72.49092,5.47427],[-72.49081,5.47599],[-72.48996,5.48],[-72.49019,5.4812],[-72.48986,5.48183],[-72.48696,5.48417],[-72.48631,5.48533],[-72.48517,5.48553],[-72.48132,5.48819],[-72.47679,5.49292],[-72.47553,5.49332],[-72.47462,5.49311],[-72.47391,5.49361],[-72.47366,5.49417],[-72.47319,5.4943],[-72.47261,5.49522],[-72.47065,5.49573],[-72.47043,5.49671],[-72.46937,5.49756],[-72.4681,5.50018],[-72.467,5.50125],[-72.46465,5.50268],[-72.46005,5.50881],[-72.45622,5.51049],[-72.45544,5.51222],[-72.45348,5.51386],[-72.4503,5.51533],[-72.44902,5.51618],[-72.44739,5.51638],[-72.44394,5.51882],[-72.44265,5.51906],[-72.44216,5.51956],[-72.44224,5.52003],[-72.44444,5.52067],[-72.44458,5.52335],[-72.44508,5.52441],[-72.44579,5.52536],[-72.44717,5.52606],[-72.44835,5.52853],[-72.45022,5.52992],[-72.45131,5.5333],[-72.45571,5.53895],[-72.45722,5.53976],[-72.46,5.54029],[-72.46113,5.54159],[-72.46313,5.54298],[-72.4633,5.54413],[-72.46305,5.546],[-72.4639,5.54754],[-72.46382,5.54913],[-72.461,5.55327],[-72.45852,5.55527],[-72.45751,5.55748],[-72.45856,5.56185],[-72.45919,5.5628],[-72.46209,5.56553],[-72.46272,5.56584],[-72.47085,5.56681],[-72.47308,5.56808],[-72.47579,5.56784],[-72.47688,5.56798],[-72.47756,5.56842],[-72.47788,5.56972],[-72.47852,5.57048],[-72.48103,5.57246],[-72.48447,5.57313],[-72.4897,5.57604],[-72.4919,5.57959],[-72.49269,5.58367],[-72.49363,5.58478],[-72.49912,5.58947],[-72.49993,5.59105],[-72.50021,5.59222],[-72.50066,5.59267],[-72.50211,5.59322],[-72.5035,5.59413],[-72.50519,5.59453],[-72.50627,5.59389],[-72.50782,5.5923],[-72.5102,5.59175],[-72.5121,5.59368],[-72.51644,5.59574],[-72.51792,5.59848],[-72.51812,5.60093],[-72.51598,5.60628],[-72.51472,5.60784],[-72.51454,5.60862]]]},"properties":{"DPTO_CCDGO":"15","MPIO_CCDGO":"377","DPTO_CNMBR":"BOYACÁ","MPIO_CNMBR":"LABRANZAGRANDE","MPIO_NAREA":"581.276770089","Shape_Leng":"1.28569389532","Shape_Area":"0.0474073553433"}},{"type":"Feature","geometry":{"type":"Polygon","coordinates":[[[-73.41973,5.12191],[-73.42074,5.12366],[-73.42429,5.12677],[-73.4247,5.12799],[-73.42573,5.12916],[-73.42639,5.13084],[-73.4291,5.13325],[-73.43156,5.13594],[-73.43231,5.13795],[-73.43363,5.14021],[-73.43569,5.14271],[-73.43604,5.14475],[-73.43865,5.14805],[-73.43921,5.14917],[-73.43983,5.15215],[-73.43956,5.15541],[-73.43897,5.15704],[-73.43859,5.15757],[-73.43741,5.15828],[-73.4369,5.15938],[-73.43837,5.15842],[-73.44154,5.15763],[-73.44622,5.15828],[-73.44869,5.1579],[-73.45376,5.15604],[-73.45693,5.15403],[-73.45965,5.15341],[-73.46209,5.15222],[-73.46378,5.15227],[-73.46594,5.15326],[-73.46692,5.15321],[-73.47078,5.15106],[-73.47501,5.14955],[-73.4772,5.14809],[-73.47887,5.14696],[-73.48099,5.14616],[-73.48296,5.14466],[-73.48476,5.14287],[-73.48578,5.14117],[-73.48735,5.1396],[-73.48846,5.13751],[-73.48857,5.13721],[-73.48792,5.13506],[-73.48882,5.13122],[-73.48964,5.1302],[-73.49171,5.12893],[-73.49119,5.12628],[-73.491,5.12044],[-73.4919,5.11635],[-73.49188,5.11319],[-73.49212,5.11234],[-73.49358,5.1101],[-73.49453,5.10635],[-73.49141,5.10113],[-73.49062,5.09924],[-73.4894,5.09505],[-73.48971,5.09377],[-73.48963,5.09297],[-73.48919,5.09237],[-73.4885,5.09258],[-73.48424,5.08902],[-73.48424,5.08791],[-73.48383,5.08652],[-73.48293,5.08525],[-73.48179,5.08459],[-73.48173,5.08417],[-73.48223,5.08316],[-73.48197,5.08145],[-73.48234,5.08097],[-73.48192,5.07932],[-73.48208,5.07835],[-73.48157,5.07791],[-73.4818,5.07497],[-73.48122,5.07444],[-73.48158,5.07269],[-73.4811,5.07129],[-73.4813,5.06941],[-73.48102,5.06858],[-73.48055,5.06813],[-73.48067,5.06736],[-73.48022,5.06638],[-73.48044,5.06503],[-73.4798,5.06341],[-73.48012,5.06246],[-73.47964,5.06165],[-73.47964,5.06165],[-73.47964,5.06165],[-73.47896,5.06305],[-73.47823,5.06367],[-73.47799,5.06428],[-73.47708,5.0644],[-73.47624,5.06523],[-73.47484,5.06598],[-73.47174,5.06608],[-73.46911,5.06797],[-73.46524,5.06987],[-73.46384,5.06975],[-73.46227,5.07044],[-73.46154,5.07047],[-73.46109,5.07084],[-73.45939,5.07073],[-73.45733,5.0712],[-73.45573,5.07087],[-73.45343,5.07142],[-73.44766,5.07552],[-73.44743,5.07657],[-73.44644,5.07795],[-73.44582,5.08045],[-73.4447,5.08133],[-73.44316,5.08148],[-73.44247,5.08179],[-73.44258,5.08333],[-73.44186,5.08423],[-73.44069,5.08502],[-73.43979,5.08625],[-73.43903,5.08666],[-73.43803,5.08662],[-73.4361,5.08783],[-73.43528,5.08759],[-73.43414,5.08788],[-73.43285,5.08732],[-73.43322,5.08857],[-73.43182,5.09133],[-73.43161,5.09407],[-73.42959,5.09649],[-73.42968,5.09762],[-73.4287,5.09847],[-73.42837,5.09951],[-73.42772,5.1001],[-73.42766,5.10139],[-73.42656,5.10191],[-73.42681,5.10264],[-73.42725,5.10268],[-73.42722,5.10348],[-73.42506,5.10435],[-73.42336,5.1067],[-73.42284,5.10803],[-73.42315,5.11149],[-73.42281,5.11233],[-73.42359,5.11362],[-73.42346,5.11422],[-73.42412,5.11565],[-73.42389,5.11656],[-73.42452,5.11744],[-73.42291,5.11854],[-73.42127,5.12071],[-73.41973,5.12191]]]},"properties":{"DPTO_CCDGO":"15","MPIO_CCDGO":"380","DPTO_CNMBR":"BOYACÁ","MPIO_CNMBR":"LA CAPILLA","MPIO_NAREA":"56.9311692965","Shape_Leng":"0.294775725011","Shape_Area":"0.00464258392105"}},{"type":"Feature","geometry":{"type":"Polygon","coordinates":[[[-74.21542,5.49769],[-74.21655,5.5017],[-74.21715,5.5021],[-74.21841,5.50475],[-74.22132,5.50803],[-74.22087,5.50945],[-74.222,5.51213],[-74.22347,5.51417],[-74.22406,5.51585],[-74.22399,5.51689],[-74.22278,5.51833],[-74.22171,5.51803],[-74.2205,5.51806],[-74.221,5.51895],[-74.22069,5.51997],[-74.21907,5.5193],[-74.21847,5.52082],[-74.21822,5.52099],[-74.21718,5.52075],[-74.2176,5.52169],[-74.21704,5.52253],[-74.21641,5.52262],[-74.2157,5.52202],[-74.21501,5.52237],[-74.21491,5.52193],[-74.21349,5.52216],[-74.21317,5.5226],[-74.21172,5.52331],[-74.21155,5.52293],[-74.211,5.52296],[-74.21,5.52231],[-74.20879,5.52196],[-74.20808,5.52294],[-74.20696,5.52251],[-74.2041,5.52271],[-74.20247,5.52023],[-74.20004,5.51965],[-74.19921,5.51845],[-74.19829,5.51888],[-74.19769,5.51838],[-74.19725,5.5185],[-74.20004,5.52739],[-74.20133,5.52841],[-74.20171,5.52902],[-74.20089,5.53004],[-74.20032,5.53207],[-74.19892,5.53418],[-74.19867,5.5361],[-74.19889,5.53633],[-74.19965,5.53626],[-74.20024,5.5365],[-74.20189,5.53847],[-74.20379,5.53942],[-74.20544,5.5407],[-74.206,5.54143],[-74.20651,5.54317],[-74.20631,5.54565],[-74.20523,5.54738],[-74.20242,5.54876],[-74.20171,5.54963],[-74.20128,5.54907],[-74.20133,5.54709],[-74.2005,5.54615],[-74.19969,5.54587],[-74.19816,5.54609],[-74.19762,5.54649],[-74.19746,5.54735],[-74.19778,5.55112],[-74.19844,5.55271],[-74.19925,5.55311],[-74.2026,5.55307],[-74.20403,5.55378],[-74.20475,5.55349],[-74.20541,5.5538],[-74.20588,5.55331],[-74.20656,5.55309],[-74.20779,5.55345],[-74.20967,5.55334],[-74.21141,5.55408],[-74.21195,5.55505],[-74.21289,5.55527],[-74.21488,5.55257],[-74.21826,5.54663],[-74.21935,5.54534],[-74.22125,5.54486],[-74.22505,5.54499],[-74.22759,5.5445],[-74.23,5.54318],[-74.23116,5.54205],[-74.23386,5.54092],[-74.23667,5.53921],[-74.23776,5.53876],[-74.24029,5.53919],[-74.24138,5.53666],[-74.24284,5.53446],[-74.24597,5.5322],[-74.24663,5.52767],[-74.24763,5.52424],[-74.24698,5.52316],[-74.24567,5.5225],[-74.24721,5.51922],[-74.24778,5.5141],[-74.24922,5.51234],[-74.24953,5.50887],[-74.25005,5.5076],[-74.25129,5.50701],[-74.25076,5.50437],[-74.251,5.50215],[-74.25642,5.49984],[-74.2553,5.49899],[-74.25447,5.49794],[-74.25413,5.49626],[-74.2543,5.49461],[-74.25289,5.49307],[-74.25301,5.49183],[-74.25408,5.48913],[-74.25387,5.48761],[-74.25252,5.48658],[-74.25052,5.48385],[-74.24993,5.48256],[-74.24792,5.48162],[-74.24696,5.48073],[-74.24452,5.47629],[-74.24396,5.47635],[-74.24025,5.47842],[-74.23849,5.47876],[-74.23679,5.47837],[-74.23598,5.4785],[-74.23378,5.47935],[-74.23251,5.48022],[-74.2311,5.48243],[-74.22971,5.4853],[-74.22585,5.49037],[-74.22296,5.49216],[-74.22214,5.49384],[-74.22121,5.49479],[-74.21908,5.49615],[-74.21542,5.49769]]]},"properties":{"DPTO_CCDGO":"15","MPIO_CCDGO":"401","DPTO_CNMBR":"BOYACÁ","MPIO_CNMBR":"LA VICTORIA","MPIO_NAREA":"28.0052177524","Shape_Leng":"0.280691814885","Shape_Area":"0.00228545737953"}},{"type":"Feature","geometry":{"type":"Polygon","coordinates":[[[-72.51775,6.34925],[-72.52033,6.34957],[-72.52243,6.35064],[-72.52476,6.35067],[-72.52805,6.3496],[-72.53072,6.3497],[-72.53207,6.34999],[-72.53262,6.35085],[-72.53346,6.35134],[-72.53582,6.35145],[-72.53884,6.35243],[-72.5402,6.35314],[-72.54137,6.35231],[-72.54448,6.35238],[-72.54756,6.35111],[-72.54858,6.35131],[-72.55026,6.35103],[-72.5525,6.3513],[-72.55606,6.35062],[-72.55887,6.3507],[-72.56143,6.34897],[-72.56229,6.34794],[-72.56351,6.34507],[-72.56433,6.3446],[-72.56489,6.34367],[-72.56572,6.34498],[-72.56634,6.34879],[-72.56664,6.34934],[-72.56927,6.35001],[-72.56985,6.35075],[-72.57077,6.35074],[-72.57217,6.35015],[-72.57576,6.35062],[-72.5757,6.35],[-72.57656,6.34749],[-72.57547,6.34407],[-72.57446,6.34216],[-72.57396,6.34278],[-72.57375,6.3427],[-72.57372,6.3418],[-72.57293,6.34093],[-72.573,6.34023],[-72.57251,6.33889],[-72.57033,6.33809],[-72.56905,6.33704],[-72.56893,6.33561],[-72.56793,6.33301],[-72.5673,6.3324],[-72.56664,6.33063],[-72.56692,6.32896],[-72.56661,6.32876],[-72.56607,6.32984],[-72.56478,6.3295],[-72.56463,6.32899],[-72.56495,6.32788],[-72.56434,6.32689],[-72.56459,6.32523],[-72.56506,6.3251],[-72.5658,6.32418],[-72.56595,6.32271],[-72.56669,6.32077],[-72.569,6.31715],[-72.56997,6.31626],[-72.5699,6.31472],[-72.57054,6.31418],[-72.57002,6.31315],[-72.57089,6.30993],[-72.57366,6.30914],[-72.57512,6.30977],[-72.57549,6.31027],[-72.57817,6.31027],[-72.579,6.30992],[-72.57956,6.30928],[-72.58036,6.30768],[-72.58113,6.30756],[-72.58262,6.3076],[-72.58525,6.30894],[-72.58591,6.30971],[-72.58616,6.30942],[-72.58636,6.30747],[-72.58705,6.30684],[-72.58752,6.30581],[-72.58774,6.30407],[-72.58719,6.30109],[-72.588,6.2992],[-72.58586,6.3001],[-72.58333,6.30004],[-72.58312,6.29958],[-72.58337,6.29919],[-72.58299,6.29818],[-72.58413,6.29613],[-72.58419,6.29484],[-72.58456,6.29479],[-72.58457,6.29351],[-72.58389,6.2932],[-72.58396,6.29278],[-72.58493,6.2923],[-72.5854,6.29148],[-72.58504,6.29023],[-72.58386,6.28826],[-72.5828,6.28763],[-72.58302,6.28631],[-72.58272,6.28574],[-72.58275,6.28511],[-72.58343,6.28358],[-72.58428,6.28251],[-72.58235,6.28191],[-72.58107,6.28191],[-72.58091,6.28165],[-72.58127,6.28118],[-72.58126,6.28065],[-72.5807,6.27947],[-72.57968,6.27881],[-72.57989,6.27832],[-72.58212,6.27437],[-72.58304,6.2741],[-72.58462,6.27071],[-72.58648,6.26821],[-72.58736,6.26615],[-72.58871,6.26522],[-72.58988,6.26503],[-72.59063,6.26456],[-72.59155,6.26749],[-72.59239,6.2689],[-72.59504,6.27049],[-72.59617,6.27177],[-72.59686,6.27196],[-72.59826,6.27292],[-72.59865,6.27365],[-72.60001,6.27504],[-72.60191,6.27878],[-72.60217,6.27881],[-72.60267,6.2762],[-72.6021,6.27394],[-72.6024,6.27146],[-72.60467,6.26702],[-72.60487,6.26563],[-72.60572,6.26476],[-72.60562,6.26386],[-72.60518,6.26349],[-72.60744,6.26022],[-72.60815,6.25504],[-72.60943,6.2515],[-72.61115,6.24896],[-72.61071,6.24724],[-72.61176,6.24618],[-72.61279,6.24355],[-72.61418,6.24199],[-72.61478,6.24005],[-72.61529,6.23922],[-72.61505,6.23872],[-72.61545,6.23802],[-72.61545,6.23745],[-72.61645,6.23519],[-72.61818,6.23326],[-72.61849,6.23011],[-72.61781,6.22816],[-72.61845,6.22736],[-72.61857,6.22642],[-72.61932,6.22546],[-72.62055,6.22516],[-72.6215,6.22437],[-72.62236,6.22445],[-72.62333,6.22389],[-72.62455,6.22426],[-72.62707,6.22279],[-72.62814,6.22287],[-72.6287,6.22317],[-72.62924,6.22305],[-72.63146,6.22212],[-72.6323,6.22084],[-72.63431,6.22086],[-72.63558,6.21992],[-72.63542,6.21801],[-72.63466,6.21586],[-72.63594,6.21294],[-72.63552,6.20907],[-72.63309,6.20449],[-72.63248,6.20451],[-72.63124,6.20371],[-72.63011,6.20366],[-72.62621,6.20515],[-72.62297,6.20475],[-72.62071,6.20571],[-72.61974,6.2066],[-72.61784,6.2068],[-72.61681,6.20631],[-72.61569,6.20633],[-72.6155,6.20486],[-72.6151,6.20442],[-72.61282,6.20382],[-72.61114,6.20379],[-72.60941,6.20235],[-72.60836,6.20195],[-72.60703,6.20219],[-72.606,6.20112],[-72.60516,6.20098],[-72.60225,6.20186],[-72.60156,6.20245],[-72.6001,6.20202],[-72.5977,6.20287],[-72.59769,6.20386],[-72.59655,6.20452],[-72.59524,6.20399],[-72.59451,6.20305],[-72.59354,6.20274],[-72.59182,6.20117],[-72.59132,6.20027],[-72.58876,6.19999],[-72.58753,6.20019],[-72.58621,6.19931],[-72.58563,6.19849],[-72.58175,6.19713],[-72.58118,6.19604],[-72.57996,6.19586],[-72.57878,6.19534],[-72.57824,6.1945],[-72.57729,6.19439],[-72.57591,6.19334],[-72.57317,6.19276],[-72.57204,6.19161],[-72.56706,6.18981],[-72.56623,6.189],[-72.56516,6.18865],[-72.5644,6.18799],[-72.56336,6.18805],[-72.56235,6.18872],[-72.56086,6.18813],[-72.55969,6.18851],[-72.55871,6.1865],[-72.55747,6.18577],[-72.55567,6.1834],[-72.55496,6.18084],[-72.55497,6.17837],[-72.55394,6.17748],[-72.55253,6.17699],[-72.55186,6.17846],[-72.55096,6.17943],[-72.55103,6.18075],[-72.54918,6.18285],[-72.54879,6.1839],[-72.54874,6.18516],[-72.54786,6.18606],[-72.54663,6.18834],[-72.54635,6.18964],[-72.54522,6.1922],[-72.54397,6.19311],[-72.54307,6.1952],[-72.54203,6.19614],[-72.54117,6.19941],[-72.54042,6.19978],[-72.53972,6.20083],[-72.53806,6.2021],[-72.53768,6.20327],[-72.53709,6.20403],[-72.53471,6.20548],[-72.53282,6.20782],[-72.53213,6.20941],[-72.53097,6.21037],[-72.53093,6.2122],[-72.53024,6.21429],[-72.5293,6.21593],[-72.52902,6.219],[-72.52636,6.22505],[-72.52561,6.22604],[-72.52549,6.227],[-72.52473,6.2281],[-72.52391,6.22866],[-72.5221,6.22861],[-72.52128,6.22883],[-72.51951,6.23069],[-72.51918,6.23156],[-72.51915,6.23401],[-72.51992,6.23561],[-72.51732,6.23683],[-72.51619,6.23774],[-72.51598,6.23832],[-72.51647,6.24059],[-72.51612,6.24147],[-72.5148,6.24289],[-72.51299,6.24426],[-72.51192,6.24603],[-72.51145,6.24739],[-72.51074,6.24821],[-72.50958,6.24825],[-72.50788,6.24952],[-72.50491,6.2507],[-72.50308,6.2524],[-72.50152,6.25265],[-72.49946,6.25219],[-72.49868,6.25272],[-72.49824,6.25433],[-72.49888,6.25803],[-72.49914,6.26149],[-72.49702,6.26369],[-72.49662,6.26508],[-72.49677,6.26641],[-72.49743,6.26843],[-72.49721,6.27153],[-72.49802,6.27265],[-72.4967,6.27557],[-72.49642,6.27878],[-72.49539,6.28094],[-72.49552,6.28264],[-72.49674,6.28457],[-72.49602,6.2871],[-72.49889,6.29271],[-72.49897,6.294],[-72.49849,6.29676],[-72.50045,6.30064],[-72.50068,6.30574],[-72.50422,6.30887],[-72.50574,6.30963],[-72.51054,6.31119],[-72.51125,6.31204],[-72.51118,6.31282],[-72.51036,6.31378],[-72.50957,6.31546],[-72.5096,6.31761],[-72.51019,6.31858],[-72.51046,6.32037],[-72.51176,6.32163],[-72.51103,6.32413],[-72.51099,6.32514],[-72.51276,6.32916],[-72.51249,6.32999],[-72.51051,6.33174],[-72.51048,6.33245],[-72.51088,6.33322],[-72.51261,6.33459],[-72.51375,6.33651],[-72.51504,6.34085],[-72.51628,6.34657],[-72.51775,6.34925]]]},"properties":{"DPTO_CCDGO":"15","MPIO_CCDGO":"403","DPTO_CNMBR":"BOYACÁ","MPIO_CNMBR":"LA UVITA","MPIO_NAREA":"161.563186221","Shape_Leng":"0.63557245519","Shape_Area":"0.0131930302287"}},{"type":"Feature","geometry":{"type":"Polygon","coordinates":[[[-72.99839,5.62961],[-73.00465,5.63066],[-73.00593,5.63137],[-73.00499,5.63208],[-73.00436,5.63403],[-73.0039,5.63961],[-73.00512,5.64183],[-73.00769,5.64325],[-73.00895,5.64342],[-73.01131,5.64296],[-73.01296,5.64233],[-73.01657,5.6396],[-73.02165,5.63456],[-73.02695,5.62828],[-73.02799,5.6275],[-73.02944,5.6271],[-73.03125,5.62691],[-73.03218,5.62805],[-73.03324,5.62879],[-73.03572,5.62942],[-73.03691,5.63041],[-73.03914,5.63045],[-73.03967,5.63073],[-73.04015,5.63145],[-73.04158,5.63182],[-73.04552,5.63197],[-73.04697,5.63124],[-73.04855,5.63093],[-73.04915,5.63107],[-73.04986,5.6306],[-73.05151,5.63159],[-73.05282,5.63185],[-73.0535,5.63236],[-73.05506,5.63174],[-73.05574,5.6318],[-73.05749,5.63483],[-73.05727,5.63555],[-73.05865,5.63632],[-73.05957,5.63914],[-73.06237,5.64094],[-73.06243,5.64176],[-73.06217,5.64233],[-73.06248,5.64279],[-73.06237,5.6436],[-73.06323,5.6449],[-73.06331,5.64556],[-73.065,5.64445],[-73.06614,5.64292],[-73.06829,5.64135],[-73.06957,5.6399],[-73.07605,5.62846],[-73.07635,5.62665],[-73.07846,5.6251],[-73.07697,5.62342],[-73.07623,5.62011],[-73.07725,5.61815],[-73.07831,5.61741],[-73.07944,5.61809],[-73.07924,5.61669],[-73.0799,5.61637],[-73.08174,5.61318],[-73.08256,5.6107],[-73.08404,5.60774],[-73.08496,5.60423],[-73.0855,5.60339],[-73.08629,5.59982],[-73.0865,5.59748],[-73.08785,5.59396],[-73.08929,5.58807],[-73.08868,5.58652],[-73.08923,5.58476],[-73.09124,5.58256],[-73.09317,5.57916],[-73.09538,5.57662],[-73.09633,5.57371],[-73.09782,5.57074],[-73.09951,5.56849],[-73.10176,5.56292],[-73.10398,5.55929],[-73.10501,5.55397],[-73.10553,5.5485],[-73.10588,5.54755],[-73.10886,5.54497],[-73.10982,5.54359],[-73.11077,5.54209],[-73.11175,5.5392],[-73.11335,5.53719],[-73.11543,5.5318],[-73.1152,5.52813],[-73.11586,5.52472],[-73.11676,5.52358],[-73.11945,5.52166],[-73.12196,5.51866],[-73.12901,5.51498],[-73.13038,5.51015],[-73.13083,5.50971],[-73.13275,5.5091],[-73.13445,5.50731],[-73.135,5.50562],[-73.1358,5.50461],[-73.13834,5.50339],[-73.14048,5.49979],[-73.14052,5.49734],[-73.141,5.49572],[-73.14164,5.49489],[-73.14187,5.49258],[-73.14087,5.48701],[-73.1409,5.48414],[-73.14242,5.48247],[-73.14364,5.48236],[-73.14389,5.48214],[-73.14492,5.47976],[-73.14729,5.48205],[-73.14729,5.48205],[-73.14729,5.48205],[-73.14726,5.4813],[-73.14615,5.47796],[-73.14499,5.47722],[-73.14402,5.47701],[-73.14002,5.47506],[-73.13897,5.47373],[-73.13829,5.4721],[-73.13676,5.4703],[-73.13388,5.46857],[-73.13285,5.46537],[-73.13133,5.4652],[-73.13093,5.46471],[-73.12958,5.45906],[-73.12906,5.45857],[-73.12756,5.45898],[-73.12616,5.45853],[-73.12409,5.45633],[-73.12395,5.45572],[-73.124,5.45494],[-73.1249,5.45327],[-73.12483,5.45002],[-73.12569,5.44898],[-73.12616,5.4479],[-73.12727,5.44699],[-73.12796,5.44404],[-73.12906,5.44209],[-73.12954,5.44007],[-73.1304,5.43855],[-73.13249,5.43083],[-73.13504,5.42683],[-73.13783,5.42427],[-73.13888,5.41985],[-73.13923,5.41713],[-73.14133,5.41409],[-73.14173,5.41296],[-73.14146,5.41207],[-73.13948,5.41075],[-73.13639,5.40659],[-73.13412,5.40557],[-73.13364,5.40351],[-73.13205,5.40274],[-73.13064,5.40098],[-73.12971,5.39842],[-73.12963,5.39623],[-73.1273,5.39192],[-73.12682,5.38984],[-73.12127,5.38506],[-73.1236,5.38135],[-73.12786,5.37675],[-73.12932,5.37143],[-73.13212,5.36816],[-73.13121,5.36727],[-73.13073,5.36643],[-73.13059,5.365],[-73.12633,5.35841],[-73.12633,5.35734],[-73.12619,5.35623],[-73.12511,5.35477],[-73.12281,5.35343],[-73.11891,5.35039],[-73.11475,5.34872],[-73.11117,5.34806],[-73.10989,5.34821],[-73.10772,5.34911],[-73.10596,5.35064],[-73.10262,5.35138],[-73.09903,5.35359],[-73.0953,5.35663],[-73.09027,5.36152],[-73.08722,5.36235],[-73.08092,5.36592],[-73.07868,5.36748],[-73.07659,5.36765],[-73.07445,5.36905],[-73.07042,5.36877],[-73.06651,5.3693],[-73.06506,5.36775],[-73.06324,5.36776],[-73.0625,5.36745],[-73.06172,5.36646],[-73.06044,5.36719],[-73.05903,5.36743],[-73.05712,5.36882],[-73.05574,5.3687],[-73.05503,5.36979],[-73.05414,5.36998],[-73.05422,5.37067],[-73.05354,5.37168],[-73.05347,5.37228],[-73.0538,5.37349],[-73.05328,5.3744],[-73.05283,5.37432],[-73.05217,5.37368],[-73.05092,5.37402],[-73.04981,5.37331],[-73.051,5.37489],[-73.05097,5.37578],[-73.05002,5.37616],[-73.0508,5.37655],[-73.05074,5.37753],[-73.05123,5.37825],[-73.04946,5.37882],[-73.04747,5.3791],[-73.04712,5.37937],[-73.04678,5.38039],[-73.04565,5.3822],[-73.0439,5.38276],[-73.04237,5.38373],[-73.04213,5.38424],[-73.04246,5.38437],[-73.04295,5.38412],[-73.04408,5.38501],[-73.04448,5.38494],[-73.04493,5.38441],[-73.04552,5.38455],[-73.04612,5.38568],[-73.04648,5.38562],[-73.04702,5.38635],[-73.04744,5.3893],[-73.04809,5.38894],[-73.04849,5.38903],[-73.05419,5.39441],[-73.05389,5.39578],[-73.05431,5.39601],[-73.05461,5.39683],[-73.05497,5.40474],[-73.05258,5.40996],[-73.05104,5.41427],[-73.04806,5.41353],[-73.04718,5.41748],[-73.04667,5.41846],[-73.04273,5.4239],[-73.04069,5.42593],[-73.03916,5.42798],[-73.03904,5.42959],[-73.03979,5.43196],[-73.03999,5.43229],[-73.04074,5.43218],[-73.04124,5.43253],[-73.04207,5.43194],[-73.0432,5.4316],[-73.04541,5.43152],[-73.04754,5.42969],[-73.04933,5.42909],[-73.05097,5.42945],[-73.05325,5.42955],[-73.05406,5.42902],[-73.05499,5.42885],[-73.05616,5.42823],[-73.05718,5.42682],[-73.05817,5.42611],[-73.05827,5.42569],[-73.06138,5.42319],[-73.06364,5.42527],[-73.06505,5.42621],[-73.06522,5.42756],[-73.06493,5.42876],[-73.06521,5.4296],[-73.06524,5.43163],[-73.0655,5.43325],[-73.06609,5.43459],[-73.07011,5.43538],[-73.07193,5.43634],[-73.07142,5.43798],[-73.07066,5.4388],[-73.06794,5.44443],[-73.06826,5.44497],[-73.06807,5.4471],[-73.06846,5.45054],[-73.06557,5.45426],[-73.06592,5.45889],[-73.06313,5.461],[-73.06116,5.46432],[-73.06053,5.46586],[-73.061,5.46724],[-73.06373,5.47119],[-73.06252,5.47356],[-73.05931,5.47616],[-73.05938,5.47835],[-73.05831,5.4835],[-73.05854,5.48462],[-73.05789,5.48647],[-73.05671,5.48914],[-73.05513,5.49075],[-73.05388,5.49297],[-73.05154,5.49573],[-73.05066,5.49897],[-73.04945,5.50022],[-73.04849,5.50219],[-73.04823,5.50463],[-73.04765,5.50635],[-73.04532,5.51085],[-73.04348,5.51372],[-73.04332,5.51528],[-73.04427,5.51816],[-73.04437,5.52049],[-73.04412,5.52375],[-73.04301,5.52696],[-73.04106,5.53024],[-73.03939,5.5347],[-73.03696,5.53757],[-73.03514,5.54102],[-73.03445,5.54448],[-73.0324,5.54864],[-73.03133,5.55058],[-73.03005,5.55188],[-73.02696,5.55625],[-73.02563,5.55955],[-73.01978,5.56635],[-73.01814,5.56734],[-73.0177,5.56857],[-73.0163,5.56949],[-73.0157,5.5694],[-73.01605,5.57108],[-73.01267,5.57312],[-73.01116,5.57565],[-73.00934,5.57698],[-73.01151,5.57799],[-73.01231,5.57921],[-73.01255,5.58125],[-73.01208,5.58438],[-73.01287,5.58591],[-73.01303,5.58845],[-73.01267,5.59006],[-73.01142,5.59177],[-73.01091,5.59209],[-73.00838,5.59285],[-73.00364,5.59284],[-73.0037,5.59487],[-73.00264,5.59771],[-73.00163,5.59802],[-73.00149,5.59938],[-73.0032,5.60271],[-73.0038,5.60509],[-73.00385,5.60594],[-73.00304,5.60952],[-73.00376,5.61238],[-73.00189,5.61442],[-72.99782,5.6201],[-72.99512,5.62849],[-72.99839,5.62961]]]},"properties":{"DPTO_CCDGO":"15","MPIO_CCDGO":"542","DPTO_CNMBR":"BOYACÁ","MPIO_CNMBR":"PESCA","MPIO_NAREA":"263.092584356","Shape_Leng":"0.915418048255","Shape_Area":"0.0214635408408"}},{"type":"Feature","geometry":{"type":"Polygon","coordinates":[[[-72.29717,5.75451],[-72.29927,5.75731],[-72.29952,5.75809],[-72.30047,5.75827],[-72.30082,5.75983],[-72.30009,5.76108],[-72.29931,5.76171],[-72.29924,5.76247],[-72.29976,5.7631],[-72.29976,5.76352],[-72.29776,5.76549],[-72.29703,5.76577],[-72.29685,5.76674],[-72.29627,5.76741],[-72.29692,5.76817],[-72.29764,5.76853],[-72.29756,5.76994],[-72.29713,5.77048],[-72.29715,5.77113],[-72.29795,5.77215],[-72.29898,5.77238],[-72.29944,5.77312],[-72.30026,5.77344],[-72.3017,5.7761],[-72.30269,5.77699],[-72.30344,5.77731],[-72.30499,5.7791],[-72.30567,5.77885],[-72.30703,5.77927],[-72.30719,5.77952],[-72.30739,5.78046],[-72.30624,5.78086],[-72.30614,5.78212],[-72.30522,5.78235],[-72.30469,5.78312],[-72.30479,5.78455],[-72.30558,5.78554],[-72.3058,5.78726],[-72.3048,5.78768],[-72.30414,5.78874],[-72.30336,5.78924],[-72.30531,5.79111],[-72.30707,5.7921],[-72.30759,5.7928],[-72.30853,5.79318],[-72.30886,5.7936],[-72.31336,5.79388],[-72.31441,5.79434],[-72.31631,5.79598],[-72.31698,5.79605],[-72.3175,5.79588],[-72.31797,5.79531],[-72.32035,5.7955],[-72.322,5.79524],[-72.32388,5.79329],[-72.32507,5.79334],[-72.32728,5.79472],[-72.32863,5.79524],[-72.32923,5.79581],[-72.33094,5.79843],[-72.33087,5.802],[-72.33156,5.8029],[-72.33225,5.80309],[-72.33394,5.80278],[-72.33663,5.80393],[-72.34011,5.80343],[-72.34246,5.80409],[-72.34448,5.80416],[-72.34805,5.80538],[-72.34962,5.80712],[-72.35036,5.81059],[-72.35062,5.81111],[-72.35117,5.81143],[-72.35399,5.81178],[-72.35675,5.81165],[-72.36075,5.81111],[-72.36421,5.81029],[-72.36655,5.81058],[-72.36917,5.81183],[-72.37331,5.81226],[-72.378,5.81573],[-72.38213,5.81685],[-72.38365,5.81782],[-72.38875,5.81811],[-72.39041,5.8188],[-72.39193,5.81895],[-72.39289,5.82033],[-72.3933,5.82199],[-72.39343,5.82476],[-72.39425,5.82656],[-72.39783,5.83072],[-72.39892,5.8339],[-72.4014,5.83667],[-72.4054,5.83696],[-72.41133,5.84002],[-72.41519,5.84058],[-72.4196,5.84295],[-72.42135,5.84336],[-72.42428,5.84332],[-72.42628,5.84282],[-72.42814,5.84325],[-72.42929,5.84284],[-72.43035,5.84357],[-72.43224,5.84598],[-72.43388,5.84742],[-72.4347,5.84849],[-72.43669,5.84858],[-72.43831,5.84812],[-72.44003,5.84809],[-72.44198,5.84937],[-72.44403,5.84932],[-72.44617,5.85035],[-72.45067,5.85077],[-72.45862,5.85092],[-72.45981,5.85016],[-72.46065,5.84919],[-72.46183,5.84705],[-72.46292,5.84655],[-72.4662,5.84601],[-72.46796,5.84543],[-72.47237,5.84358],[-72.47407,5.84262],[-72.47743,5.83992],[-72.47777,5.83856],[-72.47774,5.83671],[-72.47913,5.83386],[-72.48124,5.8317],[-72.48356,5.83016],[-72.4843,5.8294],[-72.48479,5.82511],[-72.48606,5.82221],[-72.48645,5.81872],[-72.48749,5.8169],[-72.48928,5.81555],[-72.49199,5.81451],[-72.49262,5.8134],[-72.49335,5.81306],[-72.49506,5.81114],[-72.49653,5.81012],[-72.49696,5.80914],[-72.49824,5.80844],[-72.49901,5.80705],[-72.50084,5.80627],[-72.50189,5.80454],[-72.5032,5.80361],[-72.50452,5.8035],[-72.50552,5.80197],[-72.50531,5.80113],[-72.50549,5.80064],[-72.50499,5.79973],[-72.50536,5.79822],[-72.50576,5.79763],[-72.50742,5.79631],[-72.50781,5.79563],[-72.51022,5.79579],[-72.51073,5.79552],[-72.51105,5.79496],[-72.51391,5.79328],[-72.51362,5.79242],[-72.51222,5.79152],[-72.51398,5.79124],[-72.51906,5.79124],[-72.52259,5.78987],[-72.52541,5.78953],[-72.52601,5.78859],[-72.52702,5.7887],[-72.52823,5.78808],[-72.52981,5.78812],[-72.53189,5.78772],[-72.5327,5.78718],[-72.53356,5.78735],[-72.53416,5.7868],[-72.53521,5.78685],[-72.53626,5.78599],[-72.53799,5.78509],[-72.54069,5.78481],[-72.54156,5.78497],[-72.54233,5.78658],[-72.54401,5.78802],[-72.54537,5.78787],[-72.54597,5.78836],[-72.54658,5.78799],[-72.54743,5.78846],[-72.54931,5.78818],[-72.55035,5.78734],[-72.55177,5.78701],[-72.5522,5.78559],[-72.55398,5.78522],[-72.55592,5.78304],[-72.55707,5.78218],[-72.56083,5.78043],[-72.56419,5.77759],[-72.56567,5.77584],[-72.56625,5.77576],[-72.56925,5.77662],[-72.57263,5.77629],[-72.57511,5.77572],[-72.57764,5.7739],[-72.58074,5.77315],[-72.58359,5.77113],[-72.58317,5.76767],[-72.58183,5.76621],[-72.5814,5.76413],[-72.5817,5.76116],[-72.58255,5.75884],[-72.58256,5.75802],[-72.58023,5.75426],[-72.58024,5.75186],[-72.58245,5.74979],[-72.58272,5.74883],[-72.58261,5.74794],[-72.58127,5.74416],[-72.581,5.74167],[-72.5795,5.73958],[-72.57894,5.73917],[-72.57717,5.73878],[-72.57671,5.73665],[-72.57717,5.7327],[-72.57698,5.73076],[-72.57774,5.72938],[-72.5779,5.7284],[-72.57796,5.72346],[-72.57858,5.7204],[-72.57965,5.7189],[-72.57948,5.71696],[-72.58042,5.71538],[-72.58061,5.71449],[-72.58059,5.71371],[-72.57984,5.71145],[-72.57988,5.71067],[-72.58125,5.70855],[-72.57804,5.70776],[-72.5745,5.70835],[-72.5708,5.70983],[-72.57037,5.70969],[-72.57026,5.70935],[-72.56898,5.70907],[-72.56827,5.70852],[-72.56724,5.70612],[-72.56614,5.70482],[-72.5653,5.70323],[-72.56394,5.70205],[-72.5635,5.69826],[-72.56274,5.69614],[-72.56229,5.69575],[-72.55945,5.69465],[-72.5591,5.69379],[-72.5572,5.69331],[-72.55639,5.6935],[-72.55503,5.69244],[-72.55438,5.68797],[-72.55249,5.68525],[-72.54984,5.68319],[-72.5461,5.68137],[-72.54513,5.67932],[-72.54111,5.67782],[-72.53949,5.67669],[-72.53979,5.6753],[-72.54223,5.67101],[-72.54227,5.66771],[-72.54281,5.66663],[-72.54366,5.66539],[-72.54566,5.66368],[-72.54773,5.66012],[-72.54951,5.65852],[-72.55056,5.6555],[-72.54993,5.64982],[-72.54924,5.64895],[-72.54975,5.64722],[-72.54958,5.64499],[-72.54901,5.64383],[-72.54751,5.64197],[-72.5472,5.63831],[-72.54695,5.63791],[-72.54487,5.63722],[-72.54458,5.63602],[-72.54488,5.63262],[-72.54611,5.628],[-72.54547,5.62394],[-72.53841,5.62035],[-72.53652,5.61991],[-72.53373,5.61968],[-72.53266,5.61877],[-72.53027,5.61834],[-72.52951,5.6178],[-72.52789,5.61556],[-72.52573,5.61437],[-72.52318,5.61226],[-72.52146,5.61147],[-72.51927,5.60993],[-72.51595,5.6093],[-72.51454,5.60862],[-72.51349,5.61416],[-72.51289,5.61541],[-72.5087,5.61841],[-72.50737,5.62092],[-72.50316,5.62392],[-72.50026,5.62657],[-72.49565,5.63506],[-72.49237,5.63857],[-72.49177,5.642],[-72.49202,5.64563],[-72.48881,5.65525],[-72.48858,5.65761],[-72.48895,5.66264],[-72.48879,5.66393],[-72.48847,5.66421],[-72.48767,5.66406],[-72.4864,5.66341],[-72.48518,5.66372],[-72.48407,5.66303],[-72.48068,5.66433],[-72.48014,5.66418],[-72.47952,5.6645],[-72.47732,5.66426],[-72.4767,5.6651],[-72.4761,5.66526],[-72.47476,5.66495],[-72.47509,5.66578],[-72.47619,5.66684],[-72.47665,5.66801],[-72.47831,5.66969],[-72.47861,5.67086],[-72.47811,5.6716],[-72.47486,5.67354],[-72.47338,5.6753],[-72.47218,5.6774],[-72.47057,5.67898],[-72.4698,5.68174],[-72.469,5.68329],[-72.46882,5.68559],[-72.46778,5.68689],[-72.46699,5.68998],[-72.46507,5.69161],[-72.4642,5.69317],[-72.46279,5.69461],[-72.46229,5.69612],[-72.46132,5.69699],[-72.46105,5.70007],[-72.45952,5.70206],[-72.45783,5.70011],[-72.45764,5.69914],[-72.45143,5.69463],[-72.44626,5.68903],[-72.44713,5.68778],[-72.44718,5.68645],[-72.44681,5.68552],[-72.44757,5.68317],[-72.44734,5.6817],[-72.44805,5.68087],[-72.448,5.6801],[-72.44722,5.68067],[-72.44666,5.68151],[-72.44664,5.68343],[-72.44614,5.68395],[-72.44594,5.68467],[-72.44488,5.68584],[-72.44495,5.68716],[-72.44463,5.68752],[-72.44273,5.68709],[-72.43919,5.68832],[-72.43757,5.68814],[-72.43656,5.68734],[-72.43592,5.68798],[-72.43419,5.68816],[-72.43213,5.68904],[-72.43085,5.68904],[-72.42951,5.68937],[-72.42711,5.6904],[-72.42444,5.69062],[-72.42283,5.68964],[-72.42232,5.68901],[-72.41941,5.68862],[-72.41692,5.68721],[-72.41522,5.68775],[-72.41377,5.68857],[-72.41189,5.68977],[-72.41007,5.69134],[-72.40608,5.69231],[-72.4024,5.69267],[-72.39749,5.69182],[-72.39455,5.69054],[-72.39078,5.687],[-72.38725,5.68223],[-72.38698,5.68146],[-72.38031,5.68284],[-72.37722,5.68304],[-72.37384,5.68274],[-72.36999,5.68286],[-72.36869,5.68363],[-72.36744,5.68579],[-72.36472,5.68749],[-72.36228,5.68944],[-72.35964,5.69339],[-72.35822,5.69613],[-72.35706,5.69732],[-72.35574,5.69479],[-72.35353,5.69141],[-72.35243,5.69014],[-72.35029,5.68911],[-72.34547,5.68887],[-72.34399,5.68951],[-72.33979,5.6901],[-72.33532,5.68961],[-72.33307,5.68873],[-72.33043,5.6882],[-72.32921,5.6881],[-72.32722,5.68846],[-72.32423,5.68998],[-72.32304,5.69163],[-72.32236,5.69322],[-72.32169,5.69516],[-72.32154,5.69712],[-72.3206,5.69801],[-72.31815,5.69912],[-72.31663,5.70058],[-72.31267,5.70778],[-72.31116,5.7142],[-72.30917,5.71841],[-72.30439,5.72671],[-72.30371,5.72838],[-72.30319,5.72892],[-72.30141,5.73396],[-72.30143,5.73695],[-72.30108,5.7381],[-72.29882,5.74171],[-72.29777,5.74409],[-72.29752,5.74571],[-72.29822,5.75152],[-72.29727,5.75367],[-72.29717,5.75451]]]},"properties":{"DPTO_CCDGO":"15","MPIO_CCDGO":"550","DPTO_CNMBR":"BOYACÁ","MPIO_CNMBR":"PISBA","MPIO_NAREA":"464.950746504","Shape_Leng":"1.01650146352","Shape_Area":"0.0379277841059"}},{"type":"Feature","geometry":{"type":"Polygon","coordinates":[[[-74.26608,5.83459],[-74.26638,5.83567],[-74.26635,5.83966],[-74.26781,5.84145],[-74.26835,5.84599],[-74.26904,5.847],[-74.26856,5.84823],[-74.26874,5.8493],[-74.26931,5.8499],[-74.2696,5.85109],[-74.26892,5.85232],[-74.27026,5.85446],[-74.27032,5.85637],[-74.2697,5.85873],[-74.26984,5.86064],[-74.27041,5.86139],[-74.27178,5.86225],[-74.27202,5.863],[-74.27351,5.86354],[-74.27429,5.86425],[-74.27412,5.86505],[-74.27356,5.86539],[-74.27333,5.86598],[-74.2751,5.86798],[-74.27498,5.86848],[-74.27401,5.87015],[-74.27389,5.87089],[-74.27297,5.87208],[-74.27195,5.87246],[-74.26979,5.87493],[-74.2689,5.87529],[-74.26838,5.87633],[-74.26568,5.8778],[-74.26508,5.87908],[-74.26414,5.87963],[-74.26223,5.88012],[-74.2602,5.88192],[-74.25955,5.88204],[-74.25824,5.88321],[-74.25677,5.88272],[-74.25653,5.88304],[-74.25576,5.88328],[-74.25566,5.88395],[-74.25633,5.88546],[-74.25623,5.8858],[-74.25467,5.88756],[-74.25432,5.88944],[-74.25187,5.89292],[-74.24933,5.89456],[-74.24641,5.89458],[-74.24565,5.89517],[-74.24477,5.89657],[-74.24351,5.89753],[-74.24114,5.89772],[-74.23922,5.89698],[-74.23888,5.8972],[-74.239,5.89896],[-74.23816,5.90008],[-74.23805,5.90072],[-74.23615,5.90129],[-74.23562,5.90247],[-74.23389,5.90435],[-74.23179,5.9046],[-74.23114,5.90501],[-74.23123,5.90643],[-74.23196,5.90747],[-74.23062,5.90834],[-74.23054,5.90994],[-74.22863,5.91028],[-74.22869,5.9113],[-74.22789,5.91261],[-74.22829,5.91432],[-74.22811,5.9156],[-74.22829,5.91716],[-74.2256,5.91921],[-74.22563,5.92127],[-74.22449,5.92324],[-74.22459,5.92372],[-74.2264,5.9252],[-74.22561,5.92775],[-74.22575,5.92812],[-74.22681,5.92893],[-74.22726,5.93091],[-74.22837,5.93129],[-74.22969,5.9309],[-74.23076,5.93111],[-74.23271,5.93297],[-74.23468,5.93216],[-74.23519,5.93238],[-74.23727,5.93517],[-74.23764,5.93575],[-74.23823,5.94039],[-74.23878,5.94172],[-74.2389,5.94369],[-74.23848,5.94473],[-74.23675,5.94522],[-74.23615,5.94608],[-74.23518,5.94855],[-74.23506,5.94924],[-74.23548,5.95085],[-74.23521,5.95126],[-74.23343,5.95208],[-74.23172,5.95493],[-74.23022,5.95618],[-74.22911,5.95652],[-74.2273,5.95862],[-74.22721,5.96052],[-74.22578,5.96162],[-74.22493,5.96283],[-74.22421,5.96581],[-74.22222,5.96791],[-74.22227,5.96851],[-74.22343,5.96961],[-74.22395,5.97111],[-74.22518,5.9723],[-74.22574,5.97416],[-74.22632,5.97473],[-74.22842,5.97547],[-74.22842,5.97715],[-74.22887,5.97767],[-74.22992,5.97838],[-74.23327,5.98198],[-74.23417,5.98252],[-74.23645,5.98281],[-74.23828,5.98572],[-74.23873,5.98805],[-74.23971,5.98881],[-74.24201,5.99156],[-74.24378,5.99279],[-74.24662,5.994],[-74.24785,5.99503],[-74.24868,5.99642],[-74.24924,5.99863],[-74.25011,6.00031],[-74.25275,6.00217],[-74.25541,6.00219],[-74.2557,6.00299],[-74.25485,6.00465],[-74.25494,6.00588],[-74.25592,6.00731],[-74.25856,6.00997],[-74.26008,6.01248],[-74.26078,6.01543],[-74.25944,6.01644],[-74.25904,6.01734],[-74.26013,6.01964],[-74.26022,6.02049],[-74.26009,6.02105],[-74.25837,6.02249],[-74.2583,6.02287],[-74.26167,6.02537],[-74.26266,6.02833],[-74.26387,6.03036],[-74.26418,6.03229],[-74.26376,6.03437],[-74.26226,6.03764],[-74.2624,6.03931],[-74.26352,6.04214],[-74.26354,6.04352],[-74.26063,6.05064],[-74.26081,6.05133],[-74.26171,6.05223],[-74.26213,6.05218],[-74.26388,6.05095],[-74.26491,6.05095],[-74.26533,6.0514],[-74.26558,6.05252],[-74.26553,6.05361],[-74.265,6.05435],[-74.26037,6.05615],[-74.25977,6.0576],[-74.25844,6.0595],[-74.258,6.06047],[-74.25802,6.06174],[-74.25813,6.06353],[-74.25872,6.06553],[-74.25988,6.06693],[-74.26055,6.06731],[-74.26144,6.06752],[-74.26337,6.06736],[-74.26478,6.06767],[-74.2663,6.06901],[-74.26748,6.07078],[-74.26844,6.07083],[-74.26914,6.07054],[-74.27048,6.06935],[-74.27108,6.06941],[-74.27153,6.06971],[-74.27159,6.07029],[-74.27093,6.0717],[-74.27102,6.0723],[-74.27271,6.07358],[-74.27341,6.07387],[-74.27547,6.07326],[-74.27643,6.07326],[-74.27763,6.07366],[-74.27779,6.07478],[-74.2767,6.07517],[-74.27607,6.07604],[-74.27632,6.07738],[-74.27553,6.07973],[-74.27556,6.08044],[-74.27591,6.08058],[-74.27656,6.08038],[-74.27936,6.07857],[-74.28007,6.07821],[-74.28066,6.07829],[-74.28177,6.07955],[-74.28381,6.08051],[-74.28548,6.08194],[-74.28694,6.08248],[-74.28745,6.08167],[-74.28767,6.07986],[-74.28801,6.0795],[-74.28855,6.07955],[-74.29266,6.08122],[-74.29639,6.08379],[-74.29807,6.08411],[-74.29901,6.08261],[-74.29995,6.08176],[-74.30165,6.08176],[-74.30212,6.08165],[-74.30243,6.08124],[-74.30254,6.08037],[-74.30355,6.079],[-74.30306,6.07634],[-74.30348,6.07439],[-74.3042,6.07354],[-74.30574,6.07245],[-74.30619,6.07224],[-74.30661,6.07238],[-74.30674,6.07294],[-74.30639,6.07506],[-74.30659,6.07551],[-74.30744,6.07663],[-74.30816,6.07694],[-74.30869,6.07687],[-74.30943,6.0758],[-74.30985,6.07428],[-74.31231,6.07284],[-74.31265,6.07231],[-74.3128,6.0706],[-74.31318,6.06996],[-74.31535,6.06774],[-74.31673,6.06783],[-74.31765,6.06888],[-74.31783,6.07018],[-74.31821,6.07058],[-74.31933,6.07074],[-74.32036,6.07011],[-74.3206,6.06924],[-74.32027,6.06763],[-74.32101,6.06711],[-74.32324,6.06745],[-74.32463,6.06865],[-74.32528,6.06868],[-74.32684,6.06794],[-74.32727,6.06588],[-74.32861,6.06474],[-74.32948,6.06444],[-74.33109,6.06462],[-74.33263,6.06547],[-74.3331,6.06529],[-74.33411,6.06424],[-74.33462,6.06415],[-74.33554,6.06438],[-74.3365,6.06523],[-74.33733,6.06498],[-74.33735,6.06437],[-74.33614,6.06363],[-74.33607,6.06308],[-74.33623,6.06276],[-74.33806,6.06238],[-74.33784,6.06093],[-74.33837,6.06001],[-74.33793,6.05923],[-74.33797,6.05837],[-74.33947,6.05773],[-74.34085,6.05629],[-74.3417,6.05298],[-74.34228,6.05264],[-74.34374,6.05262],[-74.34407,6.05233],[-74.34398,6.05168],[-74.34322,6.05114],[-74.343,6.05063],[-74.34324,6.0498],[-74.34398,6.04929],[-74.34409,6.04609],[-74.34521,6.04441],[-74.34486,6.04265],[-74.34554,6.04158],[-74.34713,6.04098],[-74.34755,6.03852],[-74.34852,6.03843],[-74.34906,6.03927],[-74.35162,6.04004],[-74.3533,6.04142],[-74.35439,6.04129],[-74.35513,6.04065],[-74.35466,6.0394],[-74.35466,6.0384],[-74.35492,6.03779],[-74.35536,6.03766],[-74.35581,6.03766],[-74.35663,6.03858],[-74.35896,6.039],[-74.36017,6.03987],[-74.36275,6.03985],[-74.36399,6.04057],[-74.36482,6.04224],[-74.36489,6.04474],[-74.36524,6.04608],[-74.36564,6.04648],[-74.36697,6.04687],[-74.36896,6.04666],[-74.36981,6.04505],[-74.37114,6.04463],[-74.37168,6.04411],[-74.37213,6.04413],[-74.37324,6.04503],[-74.37362,6.04485],[-74.37421,6.04277],[-74.37568,6.04228],[-74.37649,6.04139],[-74.37791,6.04141],[-74.37848,6.03978],[-74.37882,6.03959],[-74.38306,6.04028],[-74.38319,6.04093],[-74.38289,6.04254],[-74.38373,6.04372],[-74.38346,6.04459],[-74.38308,6.04498],[-74.38152,6.04526],[-74.38108,6.04632],[-74.38083,6.04812],[-74.38127,6.04884],[-74.38185,6.04914],[-74.38223,6.04897],[-74.38268,6.04803],[-74.38308,6.04787],[-74.38429,6.04827],[-74.38422,6.04929],[-74.38506,6.04991],[-74.38496,6.05082],[-74.3852,6.05104],[-74.38588,6.0508],[-74.38627,6.05104],[-74.3864,6.05152],[-74.38597,6.05322],[-74.38617,6.05344],[-74.38823,6.05365],[-74.38882,6.05409],[-74.38944,6.05625],[-74.39021,6.05713],[-74.3911,6.05736],[-74.39197,6.05807],[-74.39476,6.05894],[-74.39566,6.06023],[-74.39623,6.06034],[-74.39709,6.06002],[-74.39766,6.06033],[-74.39852,6.06306],[-74.39986,6.06389],[-74.39991,6.06525],[-74.40108,6.06556],[-74.40194,6.06632],[-74.40207,6.06722],[-74.4012,6.06751],[-74.40102,6.06781],[-74.4009,6.06948],[-74.40125,6.07097],[-74.40107,6.07208],[-74.39946,6.07366],[-74.40005,6.0757],[-74.40074,6.07679],[-74.40085,6.07912],[-74.40319,6.08144],[-74.40361,6.0823],[-74.4052,6.08236],[-74.40721,6.08367],[-74.40767,6.08456],[-74.40767,6.08607],[-74.40799,6.08646],[-74.40904,6.08664],[-74.40975,6.08738],[-74.41104,6.08731],[-74.41188,6.08845],[-74.41262,6.08859],[-74.41307,6.08828],[-74.41696,6.08737],[-74.41818,6.08668],[-74.41959,6.08699],[-74.41991,6.08675],[-74.42014,6.08506],[-74.42093,6.0848],[-74.42152,6.08521],[-74.42154,6.08588],[-74.42209,6.08645],[-74.42328,6.08682],[-74.42407,6.08663],[-74.42469,6.08573],[-74.42519,6.08547],[-74.42548,6.08559],[-74.42596,6.08643],[-74.42591,6.08772],[-74.42655,6.08888],[-74.42702,6.08883],[-74.42764,6.08727],[-74.42823,6.08686],[-74.42908,6.0866],[-74.43017,6.08669],[-74.4311,6.08732],[-74.43138,6.08933],[-74.43198,6.0905],[-74.43288,6.09057],[-74.43345,6.09032],[-74.43453,6.0887],[-74.4348,6.08866],[-74.43666,6.09168],[-74.43714,6.09201],[-74.43856,6.09169],[-74.44008,6.09241],[-74.44225,6.09263],[-74.44396,6.09397],[-74.44485,6.09597],[-74.44735,6.09617],[-74.44906,6.09736],[-74.44972,6.09826],[-74.45106,6.0987],[-74.45169,6.09928],[-74.45216,6.101],[-74.45089,6.10179],[-74.45076,6.1033],[-74.45005,6.1041],[-74.4498,6.10486],[-74.45064,6.1061],[-74.45044,6.10704],[-74.44995,6.10728],[-74.44984,6.10905],[-74.45033,6.11015],[-74.45058,6.11224],[-74.451,6.11248],[-74.45197,6.11243],[-74.453,6.11426],[-74.45308,6.11609],[-74.4537,6.11751],[-74.45377,6.11886],[-74.45446,6.12146],[-74.45503,6.12223],[-74.45475,6.12466],[-74.45527,6.1252],[-74.45555,6.12599],[-74.45544,6.12644],[-74.45676,6.12765],[-74.45648,6.12847],[-74.4553,6.12965],[-74.45465,6.13195],[-74.45308,6.13342],[-74.45261,6.1346],[-74.45262,6.13567],[-74.45479,6.13747],[-74.45519,6.13913],[-74.45558,6.13973],[-74.45845,6.14187],[-74.45964,6.14215],[-74.46115,6.14322],[-74.46476,6.14784],[-74.46635,6.14893],[-74.46741,6.1501],[-74.46787,6.15112],[-74.46765,6.15258],[-74.46866,6.15377],[-74.46963,6.15441],[-74.47108,6.15396],[-74.47288,6.15568],[-74.47318,6.1557],[-74.47422,6.15473],[-74.47468,6.15479],[-74.47592,6.15651],[-74.4778,6.15659],[-74.47815,6.15724],[-74.47825,6.1585],[-74.47854,6.159],[-74.47947,6.15964],[-74.47894,6.16099],[-74.47926,6.16276],[-74.47904,6.16312],[-74.47827,6.1639],[-74.47705,6.16424],[-74.47601,6.16503],[-74.47515,6.16873],[-74.47549,6.17054],[-74.47447,6.17187],[-74.47337,6.17499],[-74.47375,6.17771],[-74.47309,6.17892],[-74.47287,6.18083],[-74.47351,6.18326],[-74.47357,6.18511],[-74.47482,6.18664],[-74.47455,6.18912],[-74.47422,6.18999],[-74.47365,6.1904],[-74.47362,6.19148],[-74.47311,6.19285],[-74.47336,6.19451],[-74.47306,6.19535],[-74.47206,6.19631],[-74.47065,6.19639],[-74.46988,6.197],[-74.47011,6.19859],[-74.46954,6.1993],[-74.46983,6.20061],[-74.46963,6.2014],[-74.47035,6.20151],[-74.47151,6.20124],[-74.47305,6.20213],[-74.47354,6.20321],[-74.47453,6.20332],[-74.47578,6.20418],[-74.47639,6.20391],[-74.47708,6.20253],[-74.47837,6.20233],[-74.47877,6.20202],[-74.47894,6.20093],[-74.47927,6.20072],[-74.48102,6.20073],[-74.48247,6.19979],[-74.48286,6.19981],[-74.4841,6.20133],[-74.48597,6.2014],[-74.48655,6.20168],[-74.48689,6.20234],[-74.4868,6.20413],[-74.48729,6.20496],[-74.49036,6.20497],[-74.49082,6.20631],[-74.49394,6.20806],[-74.49357,6.20885],[-74.49365,6.20983],[-74.49545,6.21148],[-74.49651,6.21213],[-74.49934,6.21322],[-74.50124,6.21302],[-74.50342,6.2137],[-74.50546,6.21365],[-74.50617,6.21419],[-74.50735,6.2161],[-74.50842,6.21647],[-74.50867,6.21697],[-74.50855,6.21808],[-74.50998,6.2191],[-74.50976,6.22035],[-74.50995,6.22114],[-74.512,6.2234],[-74.51319,6.22404],[-74.51319,6.22446],[-74.51254,6.22548],[-74.51269,6.22679],[-74.51148,6.22755],[-74.51094,6.22844],[-74.51125,6.23043],[-74.51316,6.23276],[-74.51397,6.23276],[-74.51525,6.23351],[-74.51539,6.23516],[-74.51585,6.236],[-74.51706,6.23753],[-74.51828,6.23832],[-74.5186,6.23964],[-74.52067,6.24053],[-74.52181,6.24179],[-74.52172,6.24206],[-74.52031,6.24259],[-74.52026,6.2429],[-74.52052,6.24327],[-74.52144,6.24302],[-74.52181,6.24316],[-74.52256,6.24417],[-74.52208,6.24561],[-74.5207,6.24575],[-74.52037,6.24629],[-74.52122,6.24736],[-74.52063,6.25043],[-74.52092,6.25203],[-74.5218,6.2534],[-74.52138,6.25439],[-74.52155,6.2552],[-74.52236,6.25646],[-74.52311,6.25679],[-74.52477,6.26005],[-74.52572,6.26107],[-74.5264,6.26122],[-74.52755,6.26256],[-74.52886,6.26285],[-74.52892,6.26387],[-74.52832,6.26481],[-74.52815,6.2659],[-74.52721,6.26684],[-74.5274,6.26768],[-74.52725,6.26906],[-74.52636,6.2704],[-74.52657,6.27364],[-74.53379,6.26975],[-74.53592,6.26795],[-74.5395,6.26425],[-74.54078,6.26112],[-74.5438,6.2503],[-74.54575,6.24644],[-74.55235,6.2378],[-74.55861,6.23208],[-74.55889,6.23215],[-74.56162,6.23031],[-74.56338,6.22855],[-74.56455,6.22648],[-74.56755,6.22288],[-74.57024,6.21851],[-74.57219,6.21625],[-74.57342,6.21566],[-74.57419,6.21345],[-74.57415,6.21173],[-74.57356,6.21026],[-74.57209,6.20925],[-74.57112,6.20699],[-74.572,6.20001],[-74.57296,6.19681],[-74.57493,6.19211],[-74.57757,6.18933],[-74.5793,6.1871],[-74.58189,6.17984],[-74.5836,6.17618],[-74.58633,6.17223],[-74.58892,6.16618],[-74.5911,6.16386],[-74.59693,6.15991],[-74.59915,6.15659],[-74.60027,6.15379],[-74.60139,6.14825],[-74.6024,6.14509],[-74.6052,6.14148],[-74.60848,6.13862],[-74.61069,6.1332],[-74.61171,6.12664],[-74.61111,6.12396],[-74.60932,6.1197],[-74.60394,6.11156],[-74.59781,6.10612],[-74.59221,6.09881],[-74.58855,6.09328],[-74.58452,6.08821],[-74.58048,6.085],[-74.57623,6.08261],[-74.57212,6.08217],[-74.56675,6.0812],[-74.56324,6.07949],[-74.56175,6.07829],[-74.56107,6.07553],[-74.56145,6.07351],[-74.56375,6.06844],[-74.56636,6.06044],[-74.56889,6.05238],[-74.57134,6.04289],[-74.57163,6.03452],[-74.57021,6.02705],[-74.56826,6.02063],[-74.56736,6.01653],[-74.5652,6.0116],[-74.56362,6.00652],[-74.56272,6.00189],[-74.56332,5.99763],[-74.56421,5.99375],[-74.56592,5.99001],[-74.56898,5.98695],[-74.57338,5.9847],[-74.5786,5.98302],[-74.5786,5.98271],[-74.58219,5.98294],[-74.58599,5.98278],[-74.59014,5.98412],[-74.59197,5.98598],[-74.59411,5.98597],[-74.59651,5.98438],[-74.59896,5.98197],[-74.6003,5.98199],[-74.60344,5.98109],[-74.61044,5.97332],[-74.61238,5.96988],[-74.61275,5.96585],[-74.61192,5.96234],[-74.6105,5.95913],[-74.60893,5.95786],[-74.60751,5.9551],[-74.6084,5.94919],[-74.60825,5.94546],[-74.60661,5.94248],[-74.6022,5.93852],[-74.59936,5.93285],[-74.59675,5.92964],[-74.59436,5.92874],[-74.59041,5.92905],[-74.58832,5.92853],[-74.58675,5.92733],[-74.5857,5.92502],[-74.58398,5.91337],[-74.5842,5.90941],[-74.58539,5.90306],[-74.58814,5.89701],[-74.59038,5.89469],[-74.59664,5.89245],[-74.60678,5.89162],[-74.6082,5.89117],[-74.61245,5.88959],[-74.61558,5.88795],[-74.61923,5.8851],[-74.62408,5.88235],[-74.63389,5.87291],[-74.63804,5.86637],[-74.63999,5.86011],[-74.64414,5.85123],[-74.64713,5.84123],[-74.65095,5.83302],[-74.65178,5.82823],[-74.6514,5.82398],[-74.64965,5.81931],[-74.64714,5.80848],[-74.64763,5.80423],[-74.64896,5.80014],[-74.65045,5.79301],[-74.65327,5.78651],[-74.65535,5.78409],[-74.65938,5.78013],[-74.66083,5.77844],[-74.66201,5.77646],[-74.66348,5.77241],[-74.66368,5.77054],[-74.66496,5.76854],[-74.66362,5.76339],[-74.66261,5.75768],[-74.66102,5.75238],[-74.65771,5.75298],[-74.65554,5.75415],[-74.65471,5.7542],[-74.65401,5.75373],[-74.65269,5.75144],[-74.65184,5.75052],[-74.6507,5.7474],[-74.6507,5.74608],[-74.65195,5.74261],[-74.65202,5.7405],[-74.65072,5.7388],[-74.64981,5.73808],[-74.64729,5.73704],[-74.6449,5.73544],[-74.64393,5.73519],[-74.64292,5.73541],[-74.6422,5.73597],[-74.6406,5.73869],[-74.63962,5.74133],[-74.63957,5.74848],[-74.63891,5.75378],[-74.63844,5.75492],[-74.63665,5.75694],[-74.62708,5.76246],[-74.62646,5.76228],[-74.62587,5.76102],[-74.6258,5.75987],[-74.62617,5.75755],[-74.6261,5.7568],[-74.62554,5.75638],[-74.62465,5.75627],[-74.62394,5.75659],[-74.62251,5.75911],[-74.62193,5.75954],[-74.62037,5.75947],[-74.61993,5.75789],[-74.61966,5.75332],[-74.6187,5.75256],[-74.61736,5.75254],[-74.61676,5.753],[-74.61518,5.75722],[-74.61457,5.75795],[-74.61389,5.75839],[-74.61228,5.75832],[-74.61167,5.75788],[-74.61133,5.757],[-74.61173,5.75428],[-74.61162,5.75312],[-74.61127,5.75184],[-74.61031,5.75081],[-74.60913,5.75003],[-74.60151,5.74768],[-74.59981,5.74627],[-74.59877,5.74375],[-74.59815,5.74339],[-74.59737,5.7434],[-74.59643,5.74368],[-74.59274,5.74717],[-74.59189,5.75171],[-74.59184,5.75407],[-74.59149,5.75483],[-74.58876,5.75716],[-74.58804,5.75854],[-74.58744,5.75904],[-74.58569,5.75932],[-74.58488,5.759],[-74.58231,5.75656],[-74.58117,5.7537],[-74.57957,5.7521],[-74.57858,5.7516],[-74.57775,5.75155],[-74.57695,5.75184],[-74.57572,5.75337],[-74.57502,5.75387],[-74.57009,5.75631],[-74.56723,5.75825],[-74.56504,5.75821],[-74.56407,5.75783],[-74.56153,5.75863],[-74.55945,5.75989],[-74.55846,5.76149],[-74.55773,5.76195],[-74.55714,5.76202],[-74.554,5.76055],[-74.55242,5.76209],[-74.55108,5.765],[-74.55096,5.76641],[-74.55129,5.76755],[-74.55231,5.76923],[-74.55203,5.77124],[-74.55146,5.77218],[-74.55078,5.77301],[-74.54901,5.77405],[-74.54821,5.77502],[-74.54462,5.7759],[-74.54337,5.77649],[-74.54253,5.77722],[-74.5417,5.77843],[-74.54059,5.78122],[-74.53944,5.78524],[-74.53859,5.78609],[-74.53781,5.78626],[-74.536,5.78569],[-74.53498,5.78581],[-74.5339,5.78661],[-74.53116,5.7903],[-74.53067,5.79065],[-74.5302,5.79059],[-74.52918,5.78931],[-74.52668,5.78704],[-74.52538,5.78624],[-74.52398,5.7861],[-74.52274,5.7866],[-74.51917,5.78991],[-74.51639,5.79142],[-74.51521,5.79116],[-74.51302,5.78961],[-74.51273,5.78847],[-74.51282,5.78606],[-74.51245,5.78485],[-74.51174,5.78413],[-74.51098,5.78375],[-74.50964,5.78377],[-74.50863,5.78408],[-74.50754,5.78519],[-74.50664,5.78564],[-74.50554,5.78566],[-74.50416,5.78463],[-74.50357,5.78373],[-74.50334,5.78252],[-74.50244,5.78075],[-74.50088,5.77915],[-74.49805,5.77896],[-74.49614,5.78002],[-74.49562,5.78137],[-74.49569,5.7821],[-74.49666,5.7835],[-74.49652,5.78416],[-74.49607,5.78463],[-74.4948,5.78473],[-74.49355,5.78397],[-74.49078,5.78121],[-74.49031,5.78019],[-74.48932,5.77601],[-74.4871,5.77206],[-74.48598,5.77086],[-74.48528,5.77075],[-74.48345,5.77231],[-74.48229,5.77472],[-74.48121,5.77598],[-74.47734,5.77495],[-74.47658,5.77543],[-74.4753,5.77716],[-74.4746,5.77748],[-74.47426,5.77699],[-74.47481,5.77522],[-74.47466,5.77492],[-74.47434,5.77489],[-74.47183,5.77659],[-74.47131,5.77665],[-74.47014,5.775],[-74.46935,5.77489],[-74.46854,5.77502],[-74.4669,5.77596],[-74.46645,5.77593],[-74.4651,5.77498],[-74.4631,5.77457],[-74.46208,5.77389],[-74.4618,5.77286],[-74.46243,5.77028],[-74.46238,5.7684],[-74.46176,5.76641],[-74.46124,5.76582],[-74.45984,5.76516],[-74.45926,5.7652],[-74.45821,5.76554],[-74.45679,5.76681],[-74.45627,5.76698],[-74.45566,5.76674],[-74.45372,5.76265],[-74.45309,5.76205],[-74.45269,5.762],[-74.45246,5.76225],[-74.45223,5.76474],[-74.45174,5.76514],[-74.44997,5.76531],[-74.44759,5.76477],[-74.44651,5.76486],[-74.44384,5.76646],[-74.44223,5.7668],[-74.44142,5.76658],[-74.44054,5.76537],[-74.44058,5.76314],[-74.44208,5.76138],[-74.44184,5.76046],[-74.44132,5.76002],[-74.43994,5.75956],[-74.43796,5.75949],[-74.43614,5.76122],[-74.43448,5.76169],[-74.43377,5.76138],[-74.43174,5.75851],[-74.43091,5.75801],[-74.43056,5.75827],[-74.42919,5.76082],[-74.42736,5.76295],[-74.42621,5.76347],[-74.42457,5.76287],[-74.42367,5.76318],[-74.4231,5.76386],[-74.42296,5.7647],[-74.42325,5.76562],[-74.4246,5.76701],[-74.42449,5.76817],[-74.42406,5.76846],[-74.42349,5.76846],[-74.42244,5.76765],[-74.42098,5.76752],[-74.42048,5.76717],[-74.42011,5.76504],[-74.41869,5.76423],[-74.41787,5.76474],[-74.41779,5.76633],[-74.4188,5.76828],[-74.41892,5.76948],[-74.41855,5.77003],[-74.41758,5.77032],[-74.4155,5.77034],[-74.41441,5.76932],[-74.41426,5.76856],[-74.41468,5.76764],[-74.41479,5.76658],[-74.41455,5.76561],[-74.41352,5.76503],[-74.41186,5.76527],[-74.41081,5.76611],[-74.41065,5.7668],[-74.41117,5.76801],[-74.4121,5.76911],[-74.41225,5.76979],[-74.41193,5.7721],[-74.4112,5.7735],[-74.40602,5.77723],[-74.40443,5.77907],[-74.39715,5.78198],[-74.39543,5.78309],[-74.39423,5.78426],[-74.39344,5.78426],[-74.39223,5.78379],[-74.38961,5.78166],[-74.38875,5.78148],[-74.38746,5.78247],[-74.38676,5.78383],[-74.38622,5.78422],[-74.38469,5.78439],[-74.38345,5.78652],[-74.3827,5.78919],[-74.38006,5.79119],[-74.37862,5.79276],[-74.37813,5.79416],[-74.37739,5.79531],[-74.37495,5.79681],[-74.37366,5.79815],[-74.3722,5.80073],[-74.37038,5.80122],[-74.36975,5.80176],[-74.36877,5.80365],[-74.3658,5.80611],[-74.3632,5.80886],[-74.36163,5.80884],[-74.36045,5.80954],[-74.35949,5.81181],[-74.3588,5.81222],[-74.3556,5.81287],[-74.35425,5.81352],[-74.35375,5.81408],[-74.35358,5.81479],[-74.35376,5.81617],[-74.35358,5.81655],[-74.35242,5.8172],[-74.35098,5.81752],[-74.35043,5.81799],[-74.34961,5.81965],[-74.34611,5.8229],[-74.34585,5.82337],[-74.34587,5.82664],[-74.34633,5.83067],[-74.34594,5.83157],[-74.34401,5.83246],[-74.34115,5.83278],[-74.33937,5.83395],[-74.33944,5.83417],[-74.33838,5.83478],[-74.33695,5.8362],[-74.33496,5.83724],[-74.3331,5.83704],[-74.33428,5.83502],[-74.33322,5.8313],[-74.334,5.82736],[-74.3338,5.82689],[-74.33342,5.82656],[-74.33127,5.82626],[-74.33034,5.82554],[-74.32897,5.82517],[-74.32716,5.82375],[-74.32598,5.82487],[-74.32536,5.82483],[-74.32519,5.8245],[-74.32596,5.82173],[-74.32542,5.8205],[-74.32508,5.82037],[-74.3237,5.82078],[-74.3237,5.82018],[-74.32475,5.81932],[-74.32413,5.81857],[-74.32265,5.81755],[-74.32056,5.81743],[-74.31992,5.81609],[-74.31848,5.81601],[-74.3179,5.81562],[-74.31612,5.8156],[-74.31524,5.81517],[-74.3156,5.81446],[-74.31614,5.81414],[-74.31783,5.81379],[-74.31812,5.8123],[-74.31798,5.81019],[-74.31819,5.80853],[-74.31736,5.80853],[-74.31598,5.80937],[-74.31484,5.80937],[-74.3144,5.80898],[-74.31446,5.80809],[-74.31559,5.80745],[-74.31587,5.80595],[-74.31625,5.80546],[-74.31828,5.80495],[-74.31836,5.80424],[-74.31799,5.8038],[-74.31528,5.80175],[-74.31528,5.80135],[-74.31707,5.79877],[-74.31715,5.79806],[-74.31684,5.79701],[-74.31638,5.79669],[-74.3153,5.79709],[-74.31359,5.80027],[-74.31261,5.80056],[-74.31218,5.80035],[-74.31106,5.7989],[-74.30802,5.7996],[-74.30766,5.79947],[-74.30723,5.79847],[-74.30691,5.79832],[-74.30526,5.79981],[-74.30319,5.80003],[-74.30281,5.79989],[-74.30103,5.79766],[-74.30096,5.79658],[-74.30122,5.79611],[-74.30291,5.79514],[-74.30305,5.79471],[-74.3021,5.79242],[-74.30139,5.79153],[-74.30155,5.79095],[-74.30255,5.79072],[-74.30431,5.79135],[-74.30505,5.79341],[-74.30549,5.79369],[-74.30576,5.79358],[-74.30603,5.79191],[-74.30685,5.79091],[-74.30674,5.78989],[-74.30614,5.78854],[-74.3063,5.78815],[-74.30678,5.78782],[-74.30806,5.78779],[-74.30905,5.78744],[-74.3097,5.78687],[-74.31037,5.78521],[-74.31167,5.7851],[-74.31213,5.78353],[-74.31306,5.7826],[-74.31269,5.78186],[-74.3109,5.78137],[-74.30892,5.77897],[-74.30736,5.77769],[-74.3071,5.77651],[-74.30773,5.77347],[-74.30751,5.77211],[-74.30674,5.77192],[-74.30474,5.77276],[-74.30383,5.77241],[-74.30349,5.77178],[-74.30362,5.77117],[-74.30496,5.7701],[-74.30511,5.76971],[-74.30487,5.76935],[-74.30174,5.76667],[-74.30001,5.76695],[-74.29952,5.76682],[-74.29872,5.76625],[-74.29808,5.76531],[-74.29701,5.76482],[-74.29693,5.76408],[-74.29602,5.76391],[-74.29518,5.76427],[-74.29273,5.76301],[-74.29168,5.76325],[-74.29076,5.76529],[-74.28938,5.76656],[-74.28889,5.76735],[-74.28833,5.77112],[-74.28698,5.77454],[-74.28483,5.77697],[-74.28365,5.77762],[-74.27979,5.7841],[-74.27862,5.78511],[-74.27654,5.78569],[-74.27485,5.78728],[-74.27446,5.78789],[-74.27392,5.79042],[-74.27233,5.79184],[-74.27131,5.79778],[-74.27137,5.80105],[-74.27066,5.80372],[-74.26473,5.80796],[-74.26317,5.81414],[-74.26218,5.81545],[-74.26177,5.81715],[-74.26289,5.81906],[-74.26352,5.82167],[-74.26285,5.82335],[-74.26255,5.82524],[-74.26298,5.82756],[-74.26536,5.83113],[-74.26641,5.83318],[-74.26608,5.83459]]]},"properties":{"DPTO_CCDGO":"15","MPIO_CCDGO":"572","DPTO_CNMBR":"BOYACÁ","MPIO_CNMBR":"PUERTO BOYACÁ","MPIO_NAREA":"1513.60103661","Shape_Leng":"2.40391521645","Shape_Area":"0.123609862437"}},{"type":"Feature","geometry":{"type":"Polygon","coordinates":[[[-74.16163,5.59793],[-74.16212,5.59781],[-74.16268,5.59718],[-74.16292,5.59532],[-74.16364,5.59572],[-74.16459,5.59542],[-74.16527,5.59638],[-74.16612,5.59599],[-74.16737,5.59628],[-74.168,5.59662],[-74.16812,5.59722],[-74.16854,5.59756],[-74.16945,5.59749],[-74.17141,5.59821],[-74.1722,5.59757],[-74.17316,5.59758],[-74.17437,5.5967],[-74.17467,5.59534],[-74.17586,5.59404],[-74.17656,5.59384],[-74.17805,5.59438],[-74.17978,5.59432],[-74.18041,5.59362],[-74.18087,5.59096],[-74.18224,5.58817],[-74.18264,5.58777],[-74.18366,5.5878],[-74.18497,5.58722],[-74.18749,5.58326],[-74.19087,5.57983],[-74.19278,5.57875],[-74.19343,5.57694],[-74.19374,5.57669],[-74.195,5.57673],[-74.19712,5.57717],[-74.19873,5.57778],[-74.19972,5.57913],[-74.19987,5.58049],[-74.19958,5.5825],[-74.20035,5.58374],[-74.20255,5.58589],[-74.20284,5.58841],[-74.20368,5.58989],[-74.20378,5.59089],[-74.20203,5.59322],[-74.20161,5.59454],[-74.20173,5.59557],[-74.20277,5.59863],[-74.20534,5.60212],[-74.20496,5.60544],[-74.2066,5.60755],[-74.20808,5.6079],[-74.20838,5.60751],[-74.20972,5.60758],[-74.21266,5.60946],[-74.21395,5.6095],[-74.21555,5.60892],[-74.21728,5.60878],[-74.22079,5.60939],[-74.22172,5.61023],[-74.22315,5.61225],[-74.22433,5.6129],[-74.22475,5.61286],[-74.22544,5.61344],[-74.22358,5.61579],[-74.2233,5.6166],[-74.22347,5.61796],[-74.22427,5.61798],[-74.2258,5.61862],[-74.22665,5.61835],[-74.22776,5.6188],[-74.22908,5.62096],[-74.23102,5.62127],[-74.23229,5.62276],[-74.23363,5.6233],[-74.23467,5.62418],[-74.23537,5.62444],[-74.23729,5.62446],[-74.23891,5.62493],[-74.24003,5.62693],[-74.24058,5.62616],[-74.24078,5.62533],[-74.24242,5.62505],[-74.24327,5.62434],[-74.24329,5.62528],[-74.24547,5.62511],[-74.24679,5.62541],[-74.24713,5.62575],[-74.24742,5.62701],[-74.24979,5.63049],[-74.25243,5.63507],[-74.25649,5.63874],[-74.25805,5.6381],[-74.26216,5.63797],[-74.26399,5.63752],[-74.26636,5.6352],[-74.26722,5.63527],[-74.26787,5.63483],[-74.26886,5.63101],[-74.26876,5.62882],[-74.26903,5.6288],[-74.26972,5.62923],[-74.26981,5.63016],[-74.27061,5.63033],[-74.2721,5.63119],[-74.27442,5.63184],[-74.27812,5.63242],[-74.27885,5.63221],[-74.27894,5.63162],[-74.27933,5.63146],[-74.28042,5.63233],[-74.28105,5.63246],[-74.28233,5.6319],[-74.28635,5.63401],[-74.28709,5.63355],[-74.28676,5.63277],[-74.28745,5.63307],[-74.28797,5.63271],[-74.28829,5.6328],[-74.28868,5.63347],[-74.28865,5.63401],[-74.28927,5.63407],[-74.28911,5.63518],[-74.28932,5.63558],[-74.29062,5.63654],[-74.29146,5.63625],[-74.29119,5.6355],[-74.29138,5.63487],[-74.29233,5.63525],[-74.29308,5.63525],[-74.29378,5.63585],[-74.29449,5.63598],[-74.29529,5.63557],[-74.29614,5.63571],[-74.29697,5.63464],[-74.29732,5.6348],[-74.29784,5.63729],[-74.29813,5.63752],[-74.29851,5.63736],[-74.29969,5.6385],[-74.30061,5.63842],[-74.30194,5.63921],[-74.30223,5.63888],[-74.30211,5.63777],[-74.30328,5.63826],[-74.30377,5.63795],[-74.30462,5.63842],[-74.30617,5.63844],[-74.3057,5.6379],[-74.30576,5.63743],[-74.30644,5.63768],[-74.30687,5.63755],[-74.30663,5.63655],[-74.30807,5.63494],[-74.3082,5.63417],[-74.30772,5.63314],[-74.3083,5.63243],[-74.30899,5.62946],[-74.31143,5.62721],[-74.31334,5.62682],[-74.3134,5.62654],[-74.313,5.62616],[-74.31313,5.62563],[-74.31377,5.62525],[-74.31422,5.62387],[-74.31504,5.623],[-74.31496,5.62051],[-74.31443,5.62033],[-74.31425,5.62054],[-74.31401,5.62174],[-74.31345,5.62107],[-74.31298,5.6213],[-74.31246,5.62107],[-74.31141,5.61967],[-74.31092,5.61956],[-74.31016,5.61887],[-74.30995,5.61762],[-74.31051,5.61519],[-74.3101,5.61466],[-74.31011,5.61391],[-74.30939,5.61431],[-74.3096,5.61313],[-74.30913,5.61268],[-74.30799,5.61301],[-74.30798,5.61195],[-74.30742,5.61129],[-74.30749,5.61038],[-74.30687,5.60976],[-74.30675,5.60928],[-74.30711,5.60698],[-74.30658,5.60698],[-74.30642,5.60614],[-74.30595,5.60645],[-74.30567,5.60622],[-74.30574,5.60494],[-74.30618,5.605],[-74.30656,5.60466],[-74.30595,5.60325],[-74.30576,5.6014],[-74.30672,5.60114],[-74.30714,5.60068],[-74.30624,5.59928],[-74.30521,5.5991],[-74.3048,5.59851],[-74.30507,5.59806],[-74.30467,5.59764],[-74.30486,5.59714],[-74.30452,5.59702],[-74.30475,5.59617],[-74.30428,5.59547],[-74.30468,5.59493],[-74.3042,5.59472],[-74.3042,5.59446],[-74.30476,5.59407],[-74.30494,5.5934],[-74.30479,5.59308],[-74.3041,5.59301],[-74.30398,5.59229],[-74.30248,5.59123],[-74.30264,5.58922],[-74.30189,5.58848],[-74.30164,5.58779],[-74.30216,5.58628],[-74.30213,5.58535],[-74.30023,5.58312],[-74.301,5.58283],[-74.3006,5.5818],[-74.30078,5.58115],[-74.3,5.58009],[-74.2998,5.57849],[-74.29868,5.57809],[-74.29792,5.57722],[-74.29778,5.57497],[-74.29477,5.57291],[-74.29375,5.57283],[-74.29336,5.5725],[-74.29245,5.57114],[-74.2917,5.56919],[-74.29107,5.56864],[-74.28971,5.56821],[-74.2878,5.56814],[-74.28608,5.56718],[-74.28385,5.56681],[-74.28,5.56422],[-74.27844,5.56397],[-74.27609,5.56263],[-74.27469,5.56217],[-74.27446,5.56149],[-74.27254,5.56053],[-74.26803,5.55946],[-74.2653,5.56034],[-74.26429,5.56042],[-74.26169,5.56037],[-74.25962,5.55976],[-74.25809,5.55844],[-74.25707,5.5569],[-74.25516,5.55518],[-74.25334,5.5541],[-74.25176,5.5521],[-74.25106,5.55157],[-74.25061,5.5508],[-74.25026,5.54884],[-74.24969,5.54741],[-74.24865,5.5468],[-74.24567,5.54612],[-74.24291,5.54471],[-74.24174,5.54013],[-74.24127,5.5396],[-74.24029,5.53919],[-74.23776,5.53876],[-74.23667,5.53921],[-74.23386,5.54092],[-74.23116,5.54205],[-74.23,5.54318],[-74.22759,5.5445],[-74.22505,5.54499],[-74.22125,5.54486],[-74.21935,5.54534],[-74.21826,5.54663],[-74.21488,5.55257],[-74.21289,5.55527],[-74.21195,5.55505],[-74.21141,5.55408],[-74.20967,5.55334],[-74.20779,5.55345],[-74.20656,5.55309],[-74.20588,5.55331],[-74.20541,5.5538],[-74.20475,5.55349],[-74.20403,5.55378],[-74.2026,5.55307],[-74.19925,5.55311],[-74.19844,5.55271],[-74.19778,5.55112],[-74.19746,5.54735],[-74.19762,5.54649],[-74.19816,5.54609],[-74.19969,5.54587],[-74.2005,5.54615],[-74.20133,5.54709],[-74.20128,5.54907],[-74.20171,5.54963],[-74.20242,5.54876],[-74.20523,5.54738],[-74.20631,5.54565],[-74.20651,5.54317],[-74.206,5.54143],[-74.20544,5.5407],[-74.20379,5.53942],[-74.20189,5.53847],[-74.20024,5.5365],[-74.19965,5.53626],[-74.19889,5.53633],[-74.19867,5.5361],[-74.19892,5.53418],[-74.20032,5.53207],[-74.20089,5.53004],[-74.20171,5.52902],[-74.20133,5.52841],[-74.20004,5.52739],[-74.19725,5.5185],[-74.19769,5.51838],[-74.19829,5.51888],[-74.19921,5.51845],[-74.20004,5.51965],[-74.20247,5.52023],[-74.2041,5.52271],[-74.20696,5.52251],[-74.20808,5.52294],[-74.20879,5.52196],[-74.21,5.52231],[-74.211,5.52296],[-74.21155,5.52293],[-74.21172,5.52331],[-74.21317,5.5226],[-74.21349,5.52216],[-74.21491,5.52193],[-74.21501,5.52237],[-74.2157,5.52202],[-74.21641,5.52262],[-74.21704,5.52253],[-74.2176,5.52169],[-74.21718,5.52075],[-74.21822,5.52099],[-74.21847,5.52082],[-74.21907,5.5193],[-74.22069,5.51997],[-74.221,5.51895],[-74.2205,5.51806],[-74.22171,5.51803],[-74.22278,5.51833],[-74.22399,5.51689],[-74.22406,5.51585],[-74.22347,5.51417],[-74.222,5.51213],[-74.22087,5.50945],[-74.22132,5.50803],[-74.21841,5.50475],[-74.21715,5.5021],[-74.21655,5.5017],[-74.21542,5.49769],[-74.21428,5.49825],[-74.21261,5.49849],[-74.20969,5.49787],[-74.20606,5.49805],[-74.20371,5.49778],[-74.20192,5.49701],[-74.19835,5.49318],[-74.19665,5.49059],[-74.1942,5.48657],[-74.19014,5.47796],[-74.18656,5.47357],[-74.18567,5.46965],[-74.18291,5.46437],[-74.18239,5.46374],[-74.17978,5.46205],[-74.17835,5.46021],[-74.17759,5.4596],[-74.17691,5.45976],[-74.17628,5.45955],[-74.17534,5.4622],[-74.17623,5.46252],[-74.17655,5.46351],[-74.17618,5.4641],[-74.17446,5.4652],[-74.17433,5.46596],[-74.17595,5.47049],[-74.17562,5.47098],[-74.17449,5.47113],[-74.174,5.47146],[-74.17368,5.47267],[-74.17306,5.47359],[-74.17044,5.47484],[-74.16658,5.47504],[-74.16549,5.47603],[-74.1645,5.47585],[-74.16214,5.47614],[-74.16155,5.47648],[-74.16049,5.47659],[-74.15766,5.47783],[-74.15382,5.48093],[-74.15341,5.48171],[-74.15173,5.4829],[-74.15072,5.48415],[-74.15015,5.48578],[-74.14913,5.48604],[-74.14771,5.486],[-74.14783,5.48699],[-74.14875,5.48753],[-74.14919,5.48833],[-74.14918,5.48889],[-74.14799,5.48993],[-74.14833,5.49108],[-74.14718,5.49379],[-74.14674,5.49421],[-74.14562,5.49451],[-74.14534,5.49658],[-74.1443,5.49743],[-74.14362,5.49977],[-74.14306,5.50003],[-74.1419,5.49941],[-74.14078,5.50034],[-74.13881,5.50062],[-74.13695,5.50265],[-74.13562,5.50323],[-74.13472,5.50487],[-74.13435,5.50707],[-74.13384,5.50744],[-74.13422,5.50962],[-74.13326,5.51031],[-74.13319,5.51172],[-74.13255,5.51298],[-74.13251,5.51558],[-74.13172,5.51681],[-74.13081,5.51739],[-74.13041,5.51826],[-74.13054,5.52164],[-74.12917,5.52681],[-74.12969,5.5284],[-74.13015,5.52876],[-74.13279,5.52808],[-74.13361,5.52825],[-74.1347,5.53019],[-74.13577,5.5305],[-74.13645,5.53137],[-74.14003,5.53227],[-74.1422,5.53314],[-74.14329,5.53497],[-74.14387,5.53753],[-74.14478,5.53873],[-74.14694,5.53997],[-74.14951,5.54074],[-74.15139,5.54202],[-74.15156,5.54259],[-74.15137,5.54354],[-74.15314,5.54419],[-74.15394,5.5461],[-74.15558,5.54824],[-74.15645,5.54839],[-74.15778,5.54664],[-74.1581,5.54652],[-74.1585,5.54706],[-74.15944,5.54694],[-74.16004,5.54749],[-74.16078,5.54744],[-74.16136,5.54842],[-74.16132,5.54904],[-74.16013,5.55102],[-74.15945,5.55133],[-74.15943,5.55235],[-74.15784,5.55323],[-74.15736,5.55378],[-74.15836,5.55529],[-74.15873,5.55642],[-74.15983,5.55769],[-74.15981,5.55999],[-74.1602,5.56041],[-74.15994,5.56162],[-74.16051,5.56256],[-74.16065,5.56354],[-74.16368,5.56783],[-74.16371,5.57165],[-74.16263,5.57347],[-74.1626,5.57422],[-74.16421,5.57578],[-74.16489,5.57923],[-74.16454,5.58323],[-74.1634,5.58443],[-74.16301,5.58527],[-74.16202,5.58605],[-74.16205,5.58752],[-74.16061,5.58905],[-74.16076,5.58956],[-74.16202,5.59092],[-74.16181,5.59257],[-74.1622,5.59388],[-74.16148,5.59665],[-74.16163,5.59793]]]},"properties":{"DPTO_CCDGO":"15","MPIO_CCDGO":"580","DPTO_CNMBR":"BOYACÁ","MPIO_CNMBR":"QUÍPAMA","MPIO_NAREA":"167.326859047","Shape_Leng":"0.830110612145","Shape_Area":"0.0136562717243"}},{"type":"Feature","geometry":{"type":"Polygon","coordinates":[[[-72.54231,6.06984],[-72.54299,6.07256],[-72.54485,6.07499],[-72.54602,6.07804],[-72.54796,6.08071],[-72.55172,6.0846],[-72.55312,6.0849],[-72.55404,6.08481],[-72.5555,6.08396],[-72.5566,6.08286],[-72.55691,6.08446],[-72.55735,6.08524],[-72.55968,6.08698],[-72.56069,6.08845],[-72.56116,6.09044],[-72.56025,6.09359],[-72.56015,6.09608],[-72.56204,6.10128],[-72.56369,6.10413],[-72.56376,6.10487],[-72.56373,6.106],[-72.56216,6.11141],[-72.56269,6.11249],[-72.56352,6.11332],[-72.56361,6.115],[-72.56336,6.11617],[-72.56486,6.1176],[-72.56574,6.11889],[-72.56786,6.11825],[-72.56926,6.11815],[-72.57051,6.11822],[-72.57253,6.11917],[-72.57389,6.11859],[-72.5756,6.11864],[-72.57765,6.11738],[-72.58033,6.11687],[-72.58041,6.11613],[-72.58167,6.11448],[-72.58528,6.11288],[-72.58606,6.11203],[-72.58674,6.11233],[-72.58828,6.11154],[-72.58878,6.11158],[-72.58958,6.11096],[-72.59007,6.11015],[-72.59133,6.10947],[-72.59098,6.10812],[-72.59377,6.10902],[-72.59581,6.10995],[-72.59712,6.11111],[-72.59759,6.11107],[-72.6016,6.10956],[-72.60384,6.10651],[-72.60497,6.10436],[-72.6068,6.10278],[-72.60779,6.10311],[-72.61304,6.10342],[-72.61625,6.10244],[-72.61779,6.10247],[-72.62111,6.10418],[-72.6249,6.10731],[-72.62572,6.10924],[-72.62749,6.11048],[-72.62861,6.11056],[-72.62949,6.11032],[-72.63165,6.10886],[-72.63267,6.10846],[-72.63479,6.10791],[-72.63712,6.10778],[-72.63827,6.11092],[-72.6394,6.1122],[-72.64693,6.11441],[-72.64876,6.11534],[-72.65179,6.11547],[-72.65618,6.11652],[-72.65578,6.11446],[-72.6551,6.11274],[-72.65558,6.10924],[-72.65496,6.10603],[-72.65529,6.10372],[-72.65442,6.10229],[-72.65432,6.10159],[-72.65483,6.09925],[-72.65454,6.09815],[-72.6535,6.09641],[-72.65419,6.09361],[-72.65312,6.09089],[-72.65326,6.08998],[-72.65411,6.08921],[-72.65402,6.08768],[-72.65316,6.08607],[-72.6544,6.08261],[-72.65334,6.07601],[-72.65459,6.06929],[-72.65505,6.06852],[-72.65592,6.06791],[-72.65627,6.06718],[-72.65701,6.06311],[-72.65507,6.06202],[-72.65416,6.06075],[-72.65283,6.06092],[-72.65182,6.06021],[-72.6503,6.05976],[-72.64915,6.0576],[-72.64814,6.05662],[-72.64766,6.05534],[-72.64655,6.05372],[-72.64642,6.05119],[-72.64498,6.04801],[-72.64494,6.04692],[-72.64548,6.04529],[-72.64511,6.04469],[-72.64516,6.04409],[-72.64445,6.04163],[-72.64226,6.03744],[-72.64153,6.03655],[-72.64116,6.03536],[-72.64128,6.03497],[-72.6426,6.03462],[-72.64387,6.03369],[-72.64462,6.03351],[-72.64562,6.03259],[-72.64434,6.0299],[-72.64575,6.02718],[-72.64705,6.02338],[-72.64781,6.02258],[-72.64907,6.02218],[-72.64946,6.02138],[-72.64974,6.01966],[-72.65008,6.01918],[-72.65077,6.01878],[-72.65182,6.01871],[-72.65245,6.01794],[-72.65307,6.01605],[-72.65265,6.01579],[-72.65322,6.01359],[-72.65468,6.01123],[-72.65474,6.00952],[-72.65535,6.00856],[-72.65518,6.00752],[-72.65624,6.00675],[-72.65734,6.00377],[-72.65714,6.00284],[-72.65738,6.00105],[-72.65696,5.99762],[-72.65656,5.99703],[-72.65637,5.99589],[-72.65486,5.99296],[-72.65407,5.99196],[-72.65308,5.99165],[-72.65128,5.99189],[-72.6502,5.99251],[-72.64923,5.99436],[-72.64765,5.99493],[-72.64797,5.99368],[-72.64715,5.99399],[-72.64672,5.99211],[-72.64673,5.99021],[-72.64485,5.99102],[-72.64481,5.98941],[-72.64305,5.98989],[-72.64192,5.98916],[-72.64007,5.98723],[-72.63652,5.98437],[-72.63533,5.98289],[-72.63465,5.98295],[-72.63474,5.98237],[-72.63329,5.981],[-72.63367,5.98016],[-72.63378,5.97819],[-72.6328,5.97702],[-72.63279,5.97553],[-72.63301,5.9752],[-72.63265,5.97464],[-72.6326,5.97388],[-72.63376,5.97112],[-72.63403,5.96929],[-72.63572,5.96735],[-72.63638,5.9671],[-72.6367,5.96661],[-72.63758,5.96656],[-72.63963,5.96383],[-72.64027,5.96095],[-72.63977,5.95907],[-72.64007,5.95721],[-72.63997,5.95596],[-72.64065,5.9537],[-72.64005,5.95195],[-72.64087,5.95066],[-72.6405,5.94823],[-72.64162,5.94508],[-72.64313,5.93825],[-72.64299,5.93271],[-72.6433,5.92966],[-72.6441,5.92791],[-72.64731,5.92439],[-72.64813,5.92284],[-72.65086,5.91907],[-72.65186,5.91704],[-72.65239,5.91479],[-72.65243,5.9131],[-72.65056,5.90896],[-72.65043,5.90806],[-72.65069,5.90687],[-72.64983,5.90653],[-72.64688,5.90629],[-72.64253,5.90664],[-72.63407,5.90891],[-72.63081,5.90916],[-72.62724,5.90998],[-72.62643,5.91046],[-72.62586,5.91181],[-72.62498,5.9129],[-72.62219,5.91443],[-72.6213,5.91307],[-72.6204,5.91302],[-72.61999,5.91263],[-72.61939,5.91061],[-72.61893,5.91061],[-72.61908,5.9102],[-72.61812,5.90864],[-72.61789,5.90704],[-72.61711,5.90652],[-72.61633,5.90463],[-72.61629,5.90384],[-72.61726,5.90173],[-72.61762,5.89977],[-72.61912,5.89898],[-72.62131,5.89558],[-72.62236,5.89288],[-72.62257,5.89104],[-72.62394,5.88912],[-72.62362,5.8886],[-72.62277,5.88808],[-72.62258,5.88722],[-72.62327,5.88689],[-72.62306,5.88596],[-72.62349,5.8851],[-72.62456,5.88085],[-72.62506,5.87985],[-72.62563,5.87686],[-72.62632,5.87563],[-72.62623,5.8742],[-72.6256,5.87342],[-72.62558,5.87286],[-72.62668,5.87182],[-72.62643,5.8699],[-72.62744,5.86911],[-72.62768,5.86716],[-72.62827,5.8653],[-72.62809,5.86413],[-72.62852,5.86352],[-72.62859,5.86247],[-72.62941,5.86136],[-72.63006,5.85963],[-72.62954,5.85742],[-72.62877,5.85701],[-72.62882,5.85647],[-72.62815,5.85529],[-72.62852,5.85373],[-72.62798,5.85276],[-72.62802,5.85168],[-72.62749,5.85085],[-72.6275,5.84986],[-72.62706,5.84915],[-72.6276,5.84797],[-72.62757,5.84713],[-72.62797,5.84664],[-72.62776,5.8456],[-72.62827,5.84508],[-72.62782,5.84414],[-72.62776,5.84308],[-72.62802,5.84249],[-72.62862,5.84236],[-72.6291,5.84092],[-72.6303,5.83626],[-72.63018,5.83529],[-72.6305,5.83383],[-72.6314,5.83204],[-72.63172,5.8291],[-72.63182,5.82882],[-72.63089,5.82791],[-72.63078,5.82727],[-72.62964,5.82751],[-72.62918,5.82726],[-72.62915,5.82653],[-72.62879,5.82608],[-72.62837,5.8243],[-72.62725,5.82302],[-72.62747,5.82185],[-72.62659,5.82106],[-72.62633,5.82009],[-72.62475,5.81896],[-72.6244,5.81792],[-72.62356,5.81673],[-72.62362,5.81542],[-72.62409,5.81476],[-72.62386,5.81393],[-72.62427,5.81303],[-72.62403,5.81233],[-72.62453,5.81147],[-72.62485,5.81009],[-72.62462,5.80889],[-72.62481,5.80704],[-72.62461,5.80579],[-72.62493,5.80478],[-72.62492,5.80221],[-72.6252,5.80137],[-72.62459,5.79885],[-72.62529,5.79556],[-72.62588,5.79476],[-72.62533,5.79384],[-72.62547,5.79246],[-72.62497,5.79122],[-72.62551,5.78758],[-72.62515,5.78586],[-72.62402,5.78509],[-72.62388,5.78426],[-72.62471,5.78304],[-72.62525,5.78011],[-72.62612,5.77852],[-72.62599,5.77694],[-72.62614,5.7758],[-72.62724,5.77459],[-72.62705,5.77233],[-72.62727,5.77109],[-72.6284,5.76956],[-72.62929,5.76641],[-72.62997,5.76534],[-72.62948,5.76451],[-72.62768,5.76548],[-72.62626,5.76586],[-72.62453,5.7671],[-72.62378,5.76871],[-72.62204,5.77101],[-72.62189,5.77298],[-72.62124,5.7737],[-72.61971,5.77313],[-72.61824,5.77164],[-72.61261,5.77227],[-72.61106,5.77162],[-72.60956,5.77191],[-72.60876,5.77345],[-72.60447,5.77582],[-72.60266,5.77461],[-72.60063,5.77414],[-72.59945,5.7743],[-72.5976,5.77503],[-72.59461,5.77444],[-72.59209,5.7733],[-72.58801,5.77347],[-72.58709,5.77306],[-72.58533,5.77161],[-72.58359,5.77113],[-72.58074,5.77315],[-72.57764,5.7739],[-72.57511,5.77572],[-72.57263,5.77629],[-72.56925,5.77662],[-72.56625,5.77576],[-72.56567,5.77584],[-72.56419,5.77759],[-72.56083,5.78043],[-72.55707,5.78218],[-72.55592,5.78304],[-72.55398,5.78522],[-72.5522,5.78559],[-72.55177,5.78701],[-72.55035,5.78734],[-72.54931,5.78818],[-72.54743,5.78846],[-72.54658,5.78799],[-72.54597,5.78836],[-72.54537,5.78787],[-72.54401,5.78802],[-72.54233,5.78658],[-72.54156,5.78497],[-72.54069,5.78481],[-72.53799,5.78509],[-72.53626,5.78599],[-72.53521,5.78685],[-72.53416,5.7868],[-72.53356,5.78735],[-72.5327,5.78718],[-72.53189,5.78772],[-72.52981,5.78812],[-72.52823,5.78808],[-72.52702,5.7887],[-72.52601,5.78859],[-72.52541,5.78953],[-72.52259,5.78987],[-72.51906,5.79124],[-72.51398,5.79124],[-72.51222,5.79152],[-72.51362,5.79242],[-72.51391,5.79328],[-72.51105,5.79496],[-72.51073,5.79552],[-72.51022,5.79579],[-72.50781,5.79563],[-72.50742,5.79631],[-72.50576,5.79763],[-72.50536,5.79822],[-72.50499,5.79973],[-72.50549,5.80064],[-72.50531,5.80113],[-72.50552,5.80197],[-72.50452,5.8035],[-72.5032,5.80361],[-72.50189,5.80454],[-72.50084,5.80627],[-72.49901,5.80705],[-72.49824,5.80844],[-72.49696,5.80914],[-72.49653,5.81012],[-72.49506,5.81114],[-72.49335,5.81306],[-72.49262,5.8134],[-72.49199,5.81451],[-72.48928,5.81555],[-72.48749,5.8169],[-72.48645,5.81872],[-72.48606,5.82221],[-72.48479,5.82511],[-72.4843,5.8294],[-72.48356,5.83016],[-72.48124,5.8317],[-72.47913,5.83386],[-72.47774,5.83671],[-72.47777,5.83856],[-72.47743,5.83992],[-72.47407,5.84262],[-72.47237,5.84358],[-72.46796,5.84543],[-72.4662,5.84601],[-72.46292,5.84655],[-72.46183,5.84705],[-72.46298,5.84797],[-72.46307,5.8491],[-72.46235,5.85217],[-72.46235,5.85394],[-72.46157,5.85508],[-72.46113,5.85732],[-72.46127,5.85964],[-72.45865,5.86328],[-72.45679,5.86682],[-72.45582,5.86743],[-72.45506,5.86749],[-72.45384,5.86961],[-72.45265,5.87099],[-72.45247,5.87186],[-72.45268,5.87323],[-72.45224,5.87435],[-72.45161,5.87512],[-72.45089,5.87837],[-72.44761,5.88058],[-72.44645,5.88255],[-72.44607,5.8827],[-72.44443,5.88215],[-72.44311,5.88223],[-72.4419,5.88311],[-72.44,5.88561],[-72.43933,5.88602],[-72.43534,5.88715],[-72.43475,5.88928],[-72.43396,5.88948],[-72.43367,5.89067],[-72.43272,5.89103],[-72.43199,5.89209],[-72.42918,5.89358],[-72.42841,5.89502],[-72.4269,5.89604],[-72.4254,5.8964],[-72.42453,5.89697],[-72.42354,5.89677],[-72.4218,5.89766],[-72.42102,5.89867],[-72.42023,5.8987],[-72.4188,5.89953],[-72.41692,5.90261],[-72.41555,5.90401],[-72.41676,5.90416],[-72.41628,5.90588],[-72.41632,5.9072],[-72.41658,5.90806],[-72.41742,5.90914],[-72.41767,5.91079],[-72.41874,5.91102],[-72.42011,5.9121],[-72.42142,5.91435],[-72.42136,5.91608],[-72.42233,5.91733],[-72.42253,5.91849],[-72.42237,5.9196],[-72.42259,5.92015],[-72.42323,5.92057],[-72.4232,5.92193],[-72.42357,5.92249],[-72.42558,5.92362],[-72.4264,5.92449],[-72.42627,5.92532],[-72.42662,5.92757],[-72.42802,5.92895],[-72.43046,5.92979],[-72.43107,5.93151],[-72.43289,5.93325],[-72.43317,5.93424],[-72.43448,5.93463],[-72.43462,5.93527],[-72.43527,5.93584],[-72.43598,5.93801],[-72.43916,5.93819],[-72.4408,5.93859],[-72.44105,5.93909],[-72.44165,5.93925],[-72.44157,5.94019],[-72.44203,5.9408],[-72.44208,5.94152],[-72.44302,5.94175],[-72.44341,5.94258],[-72.44405,5.94261],[-72.44523,5.94332],[-72.44571,5.94327],[-72.44684,5.94384],[-72.44766,5.94465],[-72.44842,5.95011],[-72.44905,5.95173],[-72.44824,5.95547],[-72.44845,5.95614],[-72.45009,5.95777],[-72.45304,5.95919],[-72.45533,5.9599],[-72.45747,5.95984],[-72.46152,5.9616],[-72.46245,5.96165],[-72.46312,5.96141],[-72.46406,5.962],[-72.46678,5.96191],[-72.46754,5.96281],[-72.46802,5.96398],[-72.46856,5.96435],[-72.47024,5.96457],[-72.47131,5.96513],[-72.47273,5.96528],[-72.47328,5.96609],[-72.47341,5.96748],[-72.47366,5.96782],[-72.47448,5.96803],[-72.47557,5.96876],[-72.47812,5.97152],[-72.47961,5.97217],[-72.48064,5.97305],[-72.48307,5.97421],[-72.48422,5.9751],[-72.48513,5.97685],[-72.48724,5.97972],[-72.48877,5.98348],[-72.49163,5.98587],[-72.49288,5.98752],[-72.49484,5.98895],[-72.49684,5.99129],[-72.49797,5.99367],[-72.49831,5.99597],[-72.50702,5.99599],[-72.50646,5.99802],[-72.50661,5.99918],[-72.50739,6.0005],[-72.50852,6.00144],[-72.51056,6.0053],[-72.51156,6.00548],[-72.51262,6.00629],[-72.51496,6.00652],[-72.51581,6.00706],[-72.51714,6.00723],[-72.51792,6.00768],[-72.52076,6.00833],[-72.5255,6.00807],[-72.52684,6.00876],[-72.52747,6.00946],[-72.52809,6.01093],[-72.52998,6.01369],[-72.53133,6.01762],[-72.53236,6.01976],[-72.53824,6.0302],[-72.53912,6.03246],[-72.53706,6.03624],[-72.53679,6.03755],[-72.5357,6.03942],[-72.53519,6.04433],[-72.53453,6.04551],[-72.53201,6.048],[-72.53057,6.05199],[-72.53162,6.05356],[-72.53504,6.05725],[-72.53667,6.05839],[-72.53795,6.05864],[-72.53895,6.05918],[-72.53952,6.06036],[-72.54036,6.06437],[-72.54231,6.06984]]]},"properties":{"DPTO_CCDGO":"15","MPIO_CCDGO":"755","DPTO_CNMBR":"BOYACÁ","MPIO_CNMBR":"SOCOTÁ","MPIO_NAREA":"603.586387856","Shape_Leng":"1.19876408693","Shape_Area":"0.0492586330227"}},{"type":"Feature","geometry":{"type":"Polygon","coordinates":[[[-72.65069,5.90687],[-72.65043,5.90806],[-72.65056,5.90896],[-72.65243,5.9131],[-72.65239,5.91479],[-72.65186,5.91704],[-72.65086,5.91907],[-72.64813,5.92284],[-72.64731,5.92439],[-72.6441,5.92791],[-72.6433,5.92966],[-72.64299,5.93271],[-72.64313,5.93825],[-72.64162,5.94508],[-72.6405,5.94823],[-72.64087,5.95066],[-72.64005,5.95195],[-72.64065,5.9537],[-72.63997,5.95596],[-72.64007,5.95721],[-72.63977,5.95907],[-72.64027,5.96095],[-72.63963,5.96383],[-72.63758,5.96656],[-72.6367,5.96661],[-72.63638,5.9671],[-72.63572,5.96735],[-72.63403,5.96929],[-72.63376,5.97112],[-72.6326,5.97388],[-72.63265,5.97464],[-72.63301,5.9752],[-72.63279,5.97553],[-72.6328,5.97702],[-72.63378,5.97819],[-72.63367,5.98016],[-72.63329,5.981],[-72.63474,5.98237],[-72.63465,5.98295],[-72.63533,5.98289],[-72.63652,5.98437],[-72.64007,5.98723],[-72.64192,5.98916],[-72.64305,5.98989],[-72.64481,5.98941],[-72.64485,5.99102],[-72.64673,5.99021],[-72.64672,5.99211],[-72.64715,5.99399],[-72.64797,5.99368],[-72.64765,5.99493],[-72.64923,5.99436],[-72.6502,5.99251],[-72.65128,5.99189],[-72.65308,5.99165],[-72.65407,5.99196],[-72.65486,5.99296],[-72.65637,5.99589],[-72.65656,5.99703],[-72.65696,5.99762],[-72.65738,6.00105],[-72.65714,6.00284],[-72.65734,6.00377],[-72.65624,6.00675],[-72.65518,6.00752],[-72.65535,6.00856],[-72.65474,6.00952],[-72.65468,6.01123],[-72.65322,6.01359],[-72.65265,6.01579],[-72.65307,6.01605],[-72.65245,6.01794],[-72.65182,6.01871],[-72.65077,6.01878],[-72.65008,6.01918],[-72.64974,6.01966],[-72.64946,6.02138],[-72.64907,6.02218],[-72.64781,6.02258],[-72.64705,6.02338],[-72.64575,6.02718],[-72.64434,6.0299],[-72.64562,6.03259],[-72.64462,6.03351],[-72.64387,6.03369],[-72.6426,6.03462],[-72.64128,6.03497],[-72.64116,6.03536],[-72.64153,6.03655],[-72.64226,6.03744],[-72.64445,6.04163],[-72.64516,6.04409],[-72.64511,6.04469],[-72.64548,6.04529],[-72.64494,6.04692],[-72.64498,6.04801],[-72.64642,6.05119],[-72.64655,6.05372],[-72.64766,6.05534],[-72.64814,6.05662],[-72.64915,6.0576],[-72.6503,6.05976],[-72.65182,6.06021],[-72.65283,6.06092],[-72.65416,6.06075],[-72.65507,6.06202],[-72.65701,6.06311],[-72.65705,6.06196],[-72.65792,6.06075],[-72.65903,6.05786],[-72.66022,6.05622],[-72.661,6.05592],[-72.66255,6.05612],[-72.66717,6.05526],[-72.66889,6.05356],[-72.67043,6.05322],[-72.67189,6.05082],[-72.67322,6.05084],[-72.67498,6.04968],[-72.67707,6.04985],[-72.67864,6.04858],[-72.67947,6.04608],[-72.68039,6.04471],[-72.68024,6.04164],[-72.68147,6.0392],[-72.6832,6.03768],[-72.68427,6.03752],[-72.68651,6.03769],[-72.68769,6.03704],[-72.68801,6.03462],[-72.68897,6.03245],[-72.69199,6.02928],[-72.69389,6.02869],[-72.69769,6.02541],[-72.69919,6.02194],[-72.70126,6.02051],[-72.70167,6.01915],[-72.70161,6.01834],[-72.70149,6.01767],[-72.70196,6.01441],[-72.70378,6.01207],[-72.70461,6.00963],[-72.70447,6.00872],[-72.70638,6.00682],[-72.708,6.00621],[-72.70941,6.00447],[-72.71317,6.00213],[-72.71431,6.00021],[-72.71549,5.9991],[-72.71655,5.99854],[-72.71681,5.99736],[-72.71784,5.99688],[-72.71978,5.99708],[-72.72202,5.99616],[-72.72385,5.99615],[-72.72453,5.99561],[-72.7253,5.9943],[-72.72649,5.9934],[-72.72934,5.99306],[-72.73127,5.99336],[-72.73317,5.99304],[-72.73485,5.9922],[-72.73705,5.99201],[-72.73857,5.99064],[-72.7394,5.99052],[-72.74059,5.98842],[-72.74306,5.98788],[-72.74283,5.98647],[-72.74308,5.98573],[-72.74283,5.98567],[-72.74261,5.98435],[-72.74202,5.98301],[-72.74038,5.98061],[-72.74175,5.9768],[-72.74137,5.97443],[-72.74017,5.97227],[-72.73985,5.97057],[-72.73876,5.96977],[-72.73855,5.96681],[-72.73791,5.96489],[-72.73701,5.96409],[-72.73641,5.96309],[-72.73644,5.96052],[-72.73667,5.95971],[-72.73651,5.95842],[-72.7361,5.95794],[-72.73587,5.95685],[-72.73514,5.95615],[-72.73364,5.95553],[-72.7335,5.95404],[-72.73385,5.95242],[-72.73344,5.9511],[-72.73124,5.94956],[-72.73095,5.94879],[-72.72987,5.94754],[-72.72867,5.94662],[-72.72797,5.94647],[-72.72638,5.94627],[-72.72486,5.94808],[-72.72404,5.94821],[-72.72292,5.94885],[-72.72147,5.94882],[-72.71724,5.94648],[-72.71544,5.94477],[-72.71438,5.94465],[-72.71261,5.94165],[-72.71249,5.94063],[-72.71304,5.93923],[-72.71299,5.93873],[-72.71367,5.93777],[-72.71528,5.93703],[-72.71624,5.93601],[-72.71767,5.93518],[-72.72194,5.93497],[-72.72221,5.93443],[-72.72327,5.93403],[-72.72339,5.93341],[-72.72392,5.93297],[-72.7243,5.93126],[-72.72577,5.93063],[-72.72662,5.9296],[-72.72611,5.92864],[-72.72521,5.92785],[-72.72496,5.92685],[-72.72384,5.92607],[-72.72264,5.92306],[-72.71879,5.9199],[-72.71784,5.91711],[-72.71771,5.91491],[-72.71686,5.91287],[-72.71437,5.91049],[-72.71195,5.907],[-72.71099,5.90465],[-72.71039,5.90092],[-72.71111,5.89691],[-72.71092,5.89398],[-72.71021,5.89096],[-72.70909,5.89094],[-72.70653,5.8902],[-72.70389,5.88805],[-72.70342,5.8873],[-72.70335,5.88612],[-72.7025,5.88391],[-72.70147,5.87979],[-72.69764,5.87587],[-72.69702,5.87488],[-72.69612,5.87211],[-72.69509,5.87104],[-72.69419,5.87046],[-72.68991,5.86936],[-72.68674,5.86696],[-72.68451,5.86616],[-72.68142,5.86617],[-72.67436,5.86777],[-72.67336,5.86817],[-72.67112,5.86974],[-72.66561,5.87433],[-72.66475,5.87355],[-72.66391,5.87432],[-72.66354,5.87542],[-72.66246,5.87663],[-72.65533,5.88211],[-72.65321,5.88282],[-72.65346,5.88694],[-72.65274,5.89009],[-72.65424,5.89079],[-72.65532,5.89188],[-72.65697,5.89254],[-72.65636,5.89474],[-72.65426,5.89934],[-72.65298,5.90316],[-72.65069,5.90687]]]},"properties":{"DPTO_CCDGO":"15","MPIO_CCDGO":"757","DPTO_CNMBR":"BOYACÁ","MPIO_CNMBR":"SOCHA","MPIO_NAREA":"150.15200342","Shape_Leng":"0.575363712855","Shape_Area":"0.0122557820043"}},{"type":"Feature","geometry":{"type":"Polygon","coordinates":[[[-72.87109,5.74197],[-72.87437,5.74443],[-72.87589,5.74755],[-72.87693,5.75205],[-72.87622,5.75649],[-72.87675,5.7579],[-72.87646,5.75819],[-72.87683,5.75888],[-72.87673,5.75972],[-72.87785,5.76242],[-72.87744,5.76443],[-72.87868,5.76572],[-72.87919,5.76664],[-72.8801,5.76696],[-72.88123,5.76684],[-72.88206,5.76745],[-72.88286,5.76783],[-72.88336,5.76769],[-72.88353,5.76738],[-72.88291,5.76606],[-72.8829,5.76514],[-72.88581,5.76267],[-72.88691,5.76265],[-72.88853,5.76354],[-72.88983,5.76301],[-72.89178,5.76338],[-72.89283,5.76307],[-72.89389,5.76167],[-72.89381,5.76022],[-72.89527,5.7597],[-72.89507,5.75856],[-72.89552,5.75817],[-72.89768,5.75824],[-72.89777,5.75845],[-72.89751,5.75859],[-72.89819,5.75931],[-72.89752,5.75964],[-72.89728,5.76007],[-72.89798,5.76144],[-72.89842,5.76168],[-72.89916,5.76046],[-72.8999,5.76097],[-72.89973,5.76178],[-72.90221,5.76129],[-72.90347,5.76041],[-72.90418,5.7607],[-72.91182,5.75754],[-72.92106,5.75839],[-72.92222,5.75924],[-72.92326,5.75769],[-72.92408,5.75784],[-72.92503,5.75916],[-72.92597,5.75797],[-72.92682,5.75772],[-72.92741,5.758],[-72.92778,5.75908],[-72.92821,5.75929],[-72.92853,5.75743],[-72.92902,5.75701],[-72.92962,5.75708],[-72.93,5.75595],[-72.93133,5.75439],[-72.9318,5.75429],[-72.93238,5.75493],[-72.93325,5.75439],[-72.93536,5.75095],[-72.93907,5.75086],[-72.9406,5.75016],[-72.94161,5.74897],[-72.94352,5.74799],[-72.94398,5.74743],[-72.94497,5.74784],[-72.94522,5.74752],[-72.94541,5.7477],[-72.94563,5.74747],[-72.94453,5.74666],[-72.94472,5.74611],[-72.94449,5.74604],[-72.94442,5.74547],[-72.94468,5.74366],[-72.94451,5.7436],[-72.94456,5.74216],[-72.94503,5.74171],[-72.94493,5.74128],[-72.94535,5.74126],[-72.94594,5.7407],[-72.94645,5.73967],[-72.94569,5.73875],[-72.94586,5.73842],[-72.94549,5.73816],[-72.94546,5.73761],[-72.94473,5.73723],[-72.9454,5.73497],[-72.94513,5.73319],[-72.94563,5.73082],[-72.94545,5.73],[-72.94629,5.72869],[-72.94405,5.72486],[-72.9439,5.72413],[-72.94486,5.72258],[-72.94464,5.72126],[-72.94505,5.72018],[-72.9456,5.7196],[-72.94559,5.71777],[-72.94667,5.71609],[-72.94686,5.71481],[-72.94739,5.71443],[-72.94701,5.71394],[-72.9499,5.70854],[-72.95569,5.69798],[-72.95883,5.69348],[-72.95777,5.69288],[-72.95913,5.68916],[-72.96065,5.68774],[-72.96394,5.68105],[-72.96444,5.67946],[-72.96425,5.67759],[-72.96597,5.67186],[-72.96815,5.66824],[-72.97112,5.66457],[-72.96949,5.6621],[-72.96844,5.65966],[-72.96764,5.65887],[-72.96728,5.65627],[-72.96751,5.65423],[-72.96716,5.65387],[-72.96716,5.65325],[-72.96618,5.65239],[-72.96496,5.65076],[-72.96417,5.65042],[-72.96409,5.64993],[-72.96338,5.6493],[-72.96345,5.64909],[-72.96316,5.64792],[-72.96196,5.64719],[-72.96162,5.64575],[-72.96186,5.64443],[-72.96178,5.6429],[-72.95882,5.63901],[-72.95845,5.63809],[-72.95635,5.6359],[-72.95596,5.63582],[-72.95523,5.6362],[-72.95463,5.63586],[-72.95328,5.63591],[-72.95151,5.63479],[-72.95037,5.63449],[-72.94856,5.63301],[-72.94771,5.63297],[-72.94708,5.63194],[-72.94638,5.63151],[-72.94579,5.63166],[-72.94543,5.63144],[-72.94467,5.62989],[-72.94366,5.62889],[-72.94209,5.62843],[-72.94147,5.62755],[-72.94048,5.6272],[-72.93874,5.62726],[-72.93587,5.62812],[-72.93505,5.62866],[-72.93382,5.62865],[-72.9344,5.62939],[-72.93405,5.63045],[-72.93229,5.63118],[-72.9285,5.63059],[-72.92751,5.62966],[-72.92301,5.62015],[-72.92019,5.61975],[-72.91681,5.61875],[-72.91387,5.61849],[-72.91028,5.61884],[-72.90492,5.61798],[-72.90184,5.61696],[-72.89745,5.61662],[-72.89553,5.61373],[-72.89269,5.61409],[-72.88943,5.61208],[-72.88924,5.61158],[-72.88863,5.61138],[-72.88721,5.61013],[-72.88389,5.60871],[-72.88273,5.60652],[-72.88173,5.60633],[-72.88071,5.60695],[-72.87912,5.6062],[-72.87866,5.60573],[-72.87385,5.60513],[-72.86725,5.60223],[-72.86297,5.60114],[-72.86048,5.60005],[-72.85781,5.6007],[-72.85274,5.59985],[-72.84968,5.60028],[-72.84929,5.60002],[-72.84874,5.60025],[-72.84798,5.60026],[-72.8478,5.59999],[-72.84743,5.60016],[-72.84622,5.59934],[-72.84658,5.59799],[-72.84594,5.59717],[-72.84437,5.59677],[-72.84369,5.59617],[-72.8427,5.59637],[-72.84196,5.59604],[-72.84109,5.59633],[-72.83892,5.59586],[-72.83618,5.59582],[-72.8339,5.59368],[-72.83236,5.59381],[-72.83104,5.59362],[-72.83022,5.5929],[-72.82911,5.59258],[-72.8281,5.59188],[-72.82525,5.59128],[-72.82343,5.5898],[-72.82215,5.58972],[-72.82136,5.58933],[-72.82028,5.58815],[-72.81965,5.5869],[-72.81873,5.58667],[-72.81648,5.58708],[-72.8152,5.58618],[-72.81383,5.58592],[-72.81207,5.58516],[-72.8109,5.58355],[-72.81034,5.58439],[-72.81046,5.58573],[-72.8088,5.5886],[-72.80875,5.59058],[-72.80837,5.59087],[-72.80753,5.59253],[-72.80713,5.5941],[-72.80452,5.5977],[-72.80398,5.59797],[-72.80157,5.60277],[-72.80085,5.60337],[-72.79994,5.60511],[-72.79861,5.60618],[-72.79836,5.60806],[-72.79717,5.60904],[-72.79687,5.61025],[-72.79642,5.61066],[-72.79549,5.615],[-72.79329,5.61835],[-72.79142,5.62053],[-72.79101,5.62251],[-72.79004,5.62397],[-72.79016,5.62545],[-72.78912,5.62633],[-72.78873,5.62803],[-72.78779,5.62933],[-72.78681,5.62987],[-72.78615,5.6308],[-72.78456,5.63155],[-72.78324,5.63275],[-72.78146,5.63491],[-72.78103,5.63591],[-72.77825,5.63771],[-72.77773,5.63838],[-72.77756,5.6397],[-72.7759,5.64042],[-72.77262,5.64264],[-72.77126,5.64311],[-72.77083,5.64362],[-72.77143,5.64511],[-72.77221,5.64622],[-72.77455,5.64852],[-72.78092,5.65312],[-72.78611,5.65727],[-72.78717,5.65786],[-72.79117,5.65927],[-72.79192,5.65825],[-72.7941,5.65639],[-72.80365,5.64985],[-72.80822,5.64764],[-72.81038,5.64745],[-72.8113,5.64707],[-72.81213,5.64646],[-72.81319,5.64471],[-72.81368,5.64441],[-72.81724,5.64334],[-72.81868,5.64326],[-72.82072,5.64489],[-72.82354,5.6459],[-72.82483,5.64596],[-72.82425,5.65139],[-72.82432,5.65391],[-72.82998,5.65481],[-72.83149,5.65481],[-72.83258,5.65392],[-72.83314,5.65369],[-72.83357,5.65392],[-72.83574,5.65699],[-72.83928,5.65973],[-72.84016,5.66135],[-72.84245,5.66359],[-72.84283,5.66443],[-72.84313,5.66653],[-72.84371,5.6675],[-72.84726,5.66971],[-72.8482,5.66958],[-72.84879,5.66997],[-72.84999,5.6725],[-72.85214,5.67439],[-72.85252,5.6759],[-72.85255,5.67876],[-72.85289,5.67993],[-72.85224,5.68267],[-72.85339,5.68418],[-72.85354,5.68548],[-72.85492,5.68454],[-72.85711,5.68435],[-72.85917,5.68231],[-72.86017,5.68089],[-72.86143,5.68242],[-72.86176,5.68367],[-72.86231,5.68369],[-72.86334,5.6843],[-72.86359,5.6849],[-72.86428,5.68516],[-72.86633,5.6871],[-72.86773,5.68751],[-72.8684,5.6882],[-72.87083,5.68923],[-72.8718,5.69185],[-72.87156,5.6944],[-72.87271,5.69552],[-72.87293,5.69619],[-72.87252,5.69767],[-72.87322,5.70142],[-72.87345,5.70182],[-72.87409,5.70179],[-72.87403,5.70331],[-72.87497,5.70443],[-72.87491,5.70491],[-72.87537,5.70569],[-72.87509,5.70802],[-72.87412,5.70877],[-72.87424,5.70974],[-72.87381,5.7102],[-72.87409,5.7113],[-72.87299,5.71208],[-72.87269,5.71294],[-72.87291,5.71392],[-72.87203,5.71528],[-72.87124,5.71753],[-72.87121,5.72175],[-72.87184,5.72264],[-72.87293,5.72305],[-72.87378,5.72404],[-72.87679,5.72553],[-72.87745,5.72552],[-72.87849,5.7262],[-72.87822,5.72661],[-72.87738,5.72692],[-72.87615,5.729],[-72.87524,5.72943],[-72.87494,5.73061],[-72.8743,5.7309],[-72.87248,5.73267],[-72.87151,5.73567],[-72.87185,5.73943],[-72.87109,5.74197]]]},"properties":{"DPTO_CCDGO":"15","MPIO_CCDGO":"759","DPTO_CNMBR":"BOYACÁ","MPIO_CNMBR":"SOGAMOSO","MPIO_NAREA":"208.306332511","Shape_Leng":"0.719792353459","Shape_Area":"0.0169965836263"}},{"type":"Feature","geometry":{"type":"Polygon","coordinates":[[[-73.37693,5.01591],[-73.38115,5.01659],[-73.38447,5.01642],[-73.38557,5.01635],[-73.38861,5.01525],[-73.38913,5.01403],[-73.3912,5.01314],[-73.4001,5.00699],[-73.4029,5.00663],[-73.40422,5.00756],[-73.40594,5.00751],[-73.40704,5.00798],[-73.40876,5.00771],[-73.41146,5.00899],[-73.41227,5.00893],[-73.41401,5.00774],[-73.41612,5.00778],[-73.41729,5.00837],[-73.41988,5.00786],[-73.42246,5.00799],[-73.42316,5.00825],[-73.42461,5.00964],[-73.4264,5.00958],[-73.42831,5.00858],[-73.43032,5.00809],[-73.43026,5.00661],[-73.43066,5.00592],[-73.43367,5.00576],[-73.43393,5.00518],[-73.43386,5.00365],[-73.43424,5.00326],[-73.43506,5.00301],[-73.43631,5.00339],[-73.437,5.00331],[-73.43758,5.0026],[-73.4385,4.99881],[-73.43923,4.99781],[-73.44168,4.99701],[-73.44452,4.9944],[-73.44562,4.99427],[-73.4471,4.99469],[-73.44791,4.99505],[-73.44862,4.99485],[-73.44998,4.99238],[-73.45079,4.99193],[-73.4534,4.99202],[-73.45419,4.99176],[-73.45489,4.99113],[-73.4556,4.98918],[-73.4583,4.987],[-73.46081,4.98598],[-73.46405,4.98356],[-73.46593,4.98289],[-73.46634,4.98216],[-73.46774,4.98112],[-73.46919,4.98089],[-73.46991,4.9804],[-73.47031,4.97847],[-73.47137,4.97694],[-73.47117,4.97632],[-73.47036,4.97574],[-73.47003,4.97513],[-73.47053,4.97422],[-73.47112,4.97111],[-73.47167,4.96961],[-73.47041,4.96779],[-73.46934,4.96728],[-73.46833,4.96585],[-73.46681,4.96558],[-73.46588,4.96485],[-73.46584,4.96435],[-73.46523,4.96372],[-73.46462,4.96241],[-73.46458,4.96081],[-73.46195,4.95631],[-73.46256,4.95452],[-73.46376,4.95255],[-73.46397,4.95068],[-73.46465,4.94997],[-73.46511,4.94694],[-73.46594,4.94595],[-73.46622,4.94459],[-73.46694,4.94415],[-73.46585,4.9432],[-73.46526,4.94226],[-73.46409,4.94163],[-73.46365,4.94003],[-73.46161,4.94061],[-73.4586,4.94046],[-73.45682,4.93897],[-73.45623,4.93806],[-73.45352,4.9366],[-73.45326,4.93559],[-73.45075,4.93464],[-73.45075,4.92863],[-73.44966,4.92802],[-73.4492,4.92635],[-73.44978,4.9241],[-73.44971,4.92293],[-73.44937,4.9219],[-73.44776,4.92134],[-73.44846,4.91855],[-73.44983,4.91537],[-73.45003,4.91104],[-73.45272,4.91132],[-73.45248,4.91099],[-73.45034,4.90918],[-73.44945,4.90959],[-73.44859,4.90946],[-73.44763,4.90975],[-73.44475,4.90854],[-73.44289,4.90835],[-73.43919,4.90724],[-73.43861,4.90789],[-73.43831,4.90888],[-73.43857,4.90985],[-73.43815,4.91127],[-73.43803,4.91371],[-73.4384,4.91542],[-73.43796,4.91718],[-73.43816,4.9189],[-73.43667,4.92082],[-73.43629,4.92241],[-73.43633,4.92345],[-73.43462,4.92477],[-73.43447,4.92577],[-73.43324,4.92798],[-73.43314,4.92935],[-73.43152,4.93062],[-73.4295,4.93298],[-73.42906,4.9339],[-73.42814,4.93469],[-73.42774,4.93573],[-73.42717,4.93627],[-73.42694,4.93736],[-73.42651,4.93765],[-73.42658,4.93859],[-73.42541,4.93974],[-73.42482,4.94139],[-73.42331,4.94353],[-73.42273,4.94505],[-73.42191,4.94554],[-73.42164,4.94609],[-73.41846,4.9475],[-73.41836,4.94815],[-73.41718,4.9493],[-73.41631,4.94902],[-73.41524,4.94939],[-73.41477,4.94888],[-73.41431,4.9489],[-73.41437,4.9497],[-73.41308,4.9504],[-73.41282,4.95112],[-73.41305,4.9521],[-73.41194,4.95342],[-73.41087,4.95393],[-73.40846,4.95614],[-73.40724,4.95618],[-73.40645,4.95737],[-73.40462,4.9579],[-73.40447,4.95856],[-73.40363,4.95922],[-73.40297,4.96099],[-73.40308,4.96145],[-73.40253,4.96152],[-73.40223,4.96189],[-73.40175,4.96166],[-73.40135,4.96231],[-73.40149,4.96277],[-73.4006,4.96396],[-73.40042,4.96518],[-73.39995,4.96551],[-73.39943,4.96758],[-73.39879,4.96801],[-73.39839,4.96932],[-73.39671,4.97033],[-73.39677,4.97208],[-73.39656,4.97287],[-73.39595,4.97333],[-73.39605,4.97396],[-73.39565,4.97424],[-73.39525,4.97513],[-73.39367,4.97607],[-73.39409,4.97733],[-73.39359,4.97776],[-73.3936,4.97865],[-73.39309,4.97963],[-73.39304,4.98043],[-73.39208,4.98112],[-73.39156,4.98035],[-73.39089,4.98078],[-73.39047,4.98283],[-73.39012,4.98345],[-73.38998,4.98561],[-73.38939,4.9869],[-73.38843,4.98787],[-73.38871,4.99072],[-73.38796,4.99227],[-73.38661,4.99314],[-73.38658,4.99369],[-73.38624,4.99403],[-73.38655,4.99643],[-73.38577,4.99775],[-73.38401,4.99828],[-73.38298,4.99908],[-73.38222,4.99913],[-73.38229,4.9997],[-73.382,5.00019],[-73.38259,5.00117],[-73.38262,5.00279],[-73.38113,5.00615],[-73.3799,5.00724],[-73.37894,5.00701],[-73.37846,5.00723],[-73.3775,5.00861],[-73.37739,5.01025],[-73.37776,5.0122],[-73.37693,5.01591]]]},"properties":{"DPTO_CCDGO":"15","MPIO_CCDGO":"761","DPTO_CNMBR":"BOYACÁ","MPIO_CNMBR":"SOMONDOCO","MPIO_NAREA":"58.7950500707","Shape_Leng":"0.370385058998","Shape_Area":"0.00479349986331"}},{"type":"Feature","geometry":{"type":"Polygon","coordinates":[[[-73.40134,5.24274],[-73.40106,5.2453],[-73.40139,5.24694],[-73.40231,5.24806],[-73.40342,5.24797],[-73.40454,5.24955],[-73.40584,5.25383],[-73.4054,5.25488],[-73.40623,5.2546],[-73.40795,5.25511],[-73.40834,5.25459],[-73.40897,5.25444],[-73.41022,5.25506],[-73.41124,5.25507],[-73.41216,5.25485],[-73.41558,5.25486],[-73.41911,5.25366],[-73.41978,5.25416],[-73.42062,5.25404],[-73.42445,5.25331],[-73.42803,5.25197],[-73.43263,5.25092],[-73.43722,5.24728],[-73.44274,5.24399],[-73.44376,5.24367],[-73.44548,5.24397],[-73.4479,5.24539],[-73.44943,5.24671],[-73.45008,5.24857],[-73.44991,5.25125],[-73.45064,5.25343],[-73.44907,5.25729],[-73.44674,5.2604],[-73.44646,5.26219],[-73.44655,5.26645],[-73.44592,5.27001],[-73.44632,5.27177],[-73.44808,5.27362],[-73.44875,5.27501],[-73.44865,5.27678],[-73.44794,5.27872],[-73.44635,5.28028],[-73.44485,5.28223],[-73.44404,5.28265],[-73.44342,5.2844],[-73.43758,5.29012],[-73.43603,5.29249],[-73.43501,5.29325],[-73.43397,5.2947],[-73.43214,5.2959],[-73.43345,5.29633],[-73.43426,5.29708],[-73.43361,5.29733],[-73.43318,5.29796],[-73.4325,5.29838],[-73.43151,5.29853],[-73.43006,5.29946],[-73.42943,5.3005],[-73.43169,5.30045],[-73.43378,5.30094],[-73.43749,5.2992],[-73.44173,5.2989],[-73.44373,5.30057],[-73.4492,5.30154],[-73.45191,5.3036],[-73.45323,5.30167],[-73.45488,5.30073],[-73.45595,5.29956],[-73.45683,5.29757],[-73.45852,5.29515],[-73.46019,5.29385],[-73.46131,5.2941],[-73.46185,5.2939],[-73.46307,5.29302],[-73.46486,5.29106],[-73.46541,5.29116],[-73.4655,5.29195],[-73.46576,5.29215],[-73.46626,5.2918],[-73.46655,5.29191],[-73.46771,5.29381],[-73.46796,5.29498],[-73.47145,5.29412],[-73.47496,5.29065],[-73.478,5.28944],[-73.47841,5.28766],[-73.4805,5.28394],[-73.48234,5.28176],[-73.48418,5.28012],[-73.48391,5.27737],[-73.48445,5.27498],[-73.48566,5.27304],[-73.48744,5.27103],[-73.49015,5.26659],[-73.49216,5.26226],[-73.49361,5.26084],[-73.49715,5.2556],[-73.50062,5.25225],[-73.50152,5.25181],[-73.50522,5.25119],[-73.50618,5.24998],[-73.50724,5.24748],[-73.50773,5.24403],[-73.50925,5.24302],[-73.51047,5.24317],[-73.5141,5.23904],[-73.51472,5.23864],[-73.51515,5.23736],[-73.51442,5.23375],[-73.51479,5.23269],[-73.51547,5.23055],[-73.51683,5.22891],[-73.51822,5.22662],[-73.51835,5.22583],[-73.52192,5.22264],[-73.52345,5.22045],[-73.52448,5.21616],[-73.52454,5.21402],[-73.52365,5.21219],[-73.52314,5.21148],[-73.5219,5.21061],[-73.52168,5.20999],[-73.52187,5.20507],[-73.52315,5.20197],[-73.52347,5.20038],[-73.52286,5.19418],[-73.52236,5.19297],[-73.5219,5.19219],[-73.51825,5.19157],[-73.51657,5.19078],[-73.51444,5.18918],[-73.51201,5.18865],[-73.51026,5.18795],[-73.50861,5.18615],[-73.50832,5.18521],[-73.50874,5.1824],[-73.50936,5.18102],[-73.51132,5.17915],[-73.51196,5.17791],[-73.51187,5.1758],[-73.51074,5.17408],[-73.50994,5.17168],[-73.50992,5.16983],[-73.51073,5.1665],[-73.5122,5.16297],[-73.51194,5.1623],[-73.51043,5.16107],[-73.50777,5.15671],[-73.50655,5.15369],[-73.50502,5.15192],[-73.50363,5.15169],[-73.50014,5.15253],[-73.49695,5.15277],[-73.49613,5.15292],[-73.4942,5.15388],[-73.49296,5.15406],[-73.48443,5.15389],[-73.48242,5.15427],[-73.48169,5.15402],[-73.48112,5.15348],[-73.4803,5.15176],[-73.47841,5.14912],[-73.4772,5.14809],[-73.47501,5.14955],[-73.47078,5.15106],[-73.46692,5.15321],[-73.46594,5.15326],[-73.46378,5.15227],[-73.46209,5.15222],[-73.45965,5.15341],[-73.45693,5.15403],[-73.45376,5.15604],[-73.44869,5.1579],[-73.44622,5.15828],[-73.44154,5.15763],[-73.43837,5.15842],[-73.4369,5.15938],[-73.43636,5.16071],[-73.43527,5.16524],[-73.43018,5.17274],[-73.42806,5.17442],[-73.42755,5.17559],[-73.42732,5.17758],[-73.42561,5.18168],[-73.42512,5.18234],[-73.4241,5.18336],[-73.42222,5.18463],[-73.42085,5.18625],[-73.41861,5.18828],[-73.4165,5.18905],[-73.41232,5.19457],[-73.41199,5.19638],[-73.40923,5.19669],[-73.40682,5.1984],[-73.40595,5.19968],[-73.40515,5.20185],[-73.40303,5.20521],[-73.40101,5.20956],[-73.39953,5.21147],[-73.39831,5.21261],[-73.3966,5.2128],[-73.3958,5.21319],[-73.39524,5.21439],[-73.39388,5.21588],[-73.39323,5.21651],[-73.39238,5.21685],[-73.39222,5.21783],[-73.39248,5.21905],[-73.39458,5.22132],[-73.39507,5.22235],[-73.39517,5.22336],[-73.396,5.22371],[-73.39824,5.22655],[-73.39887,5.22688],[-73.40094,5.22717],[-73.40181,5.22953],[-73.40335,5.23037],[-73.4041,5.23111],[-73.40371,5.23401],[-73.40276,5.23553],[-73.40287,5.23721],[-73.40229,5.23926],[-73.40269,5.24029],[-73.40202,5.24121],[-73.40172,5.24248],[-73.40134,5.24274]]]},"properties":{"DPTO_CCDGO":"15","MPIO_CCDGO":"842","DPTO_CNMBR":"BOYACÁ","MPIO_CNMBR":"ÚMBITA","MPIO_NAREA":"146.085349795","Shape_Leng":"0.549025807323","Shape_Area":"0.0119147903171"}},{"type":"Feature","geometry":{"type":"Polygon","coordinates":[[[-73.41576,5.44845],[-73.41701,5.44791],[-73.41885,5.44785],[-73.42113,5.44637],[-73.42156,5.44898],[-73.42225,5.44906],[-73.42244,5.44932],[-73.42454,5.44899],[-73.42563,5.44989],[-73.42562,5.45044],[-73.42593,5.45068],[-73.42761,5.45],[-73.42925,5.45037],[-73.42962,5.45072],[-73.43093,5.45082],[-73.43132,5.45109],[-73.43109,5.45179],[-73.43149,5.45284],[-73.433,5.45308],[-73.43322,5.45211],[-73.43449,5.45242],[-73.43462,5.45364],[-73.43589,5.45464],[-73.43644,5.45546],[-73.43665,5.45654],[-73.43697,5.45653],[-73.43733,5.45601],[-73.43757,5.45609],[-73.43796,5.4577],[-73.43878,5.45822],[-73.43878,5.45858],[-73.43813,5.459],[-73.43836,5.4595],[-73.438,5.46006],[-73.43855,5.45991],[-73.43867,5.46043],[-73.4391,5.46034],[-73.43927,5.4615],[-73.44082,5.46155],[-73.44108,5.46277],[-73.44187,5.4628],[-73.44269,5.46221],[-73.44322,5.4624],[-73.4437,5.46361],[-73.44307,5.46416],[-73.44506,5.46582],[-73.44633,5.46638],[-73.44694,5.46696],[-73.44727,5.46908],[-73.4483,5.4672],[-73.45051,5.46154],[-73.45381,5.45731],[-73.45447,5.45605],[-73.45483,5.45272],[-73.4554,5.45116],[-73.45748,5.44794],[-73.46067,5.44475],[-73.46277,5.44204],[-73.46583,5.43912],[-73.46711,5.43872],[-73.47025,5.43664],[-73.47252,5.4341],[-73.47301,5.4332],[-73.47323,5.4314],[-73.47364,5.43055],[-73.47721,5.42698],[-73.47819,5.42671],[-73.48024,5.42818],[-73.4823,5.42857],[-73.48461,5.43217],[-73.48599,5.43346],[-73.48684,5.4338],[-73.48813,5.43573],[-73.49164,5.43775],[-73.49253,5.43881],[-73.49282,5.43835],[-73.49275,5.43792],[-73.49311,5.43775],[-73.49308,5.43737],[-73.4936,5.43674],[-73.49417,5.43734],[-73.49354,5.43895],[-73.49636,5.43875],[-73.49706,5.43848],[-73.49728,5.43782],[-73.49779,5.43771],[-73.49804,5.43692],[-73.49905,5.43637],[-73.49942,5.43651],[-73.50071,5.43436],[-73.50086,5.43367],[-73.50275,5.43276],[-73.50513,5.43078],[-73.50726,5.43023],[-73.50855,5.42908],[-73.50956,5.42902],[-73.51035,5.42938],[-73.51274,5.42967],[-73.51395,5.42919],[-73.51499,5.42851],[-73.5169,5.42629],[-73.52009,5.42381],[-73.52135,5.42324],[-73.52253,5.4219],[-73.5257,5.42326],[-73.5265,5.42321],[-73.52704,5.4241],[-73.53052,5.42455],[-73.53314,5.4229],[-73.53646,5.41984],[-73.53766,5.41929],[-73.53909,5.41964],[-73.54023,5.42033],[-73.54146,5.42069],[-73.54182,5.41961],[-73.54372,5.41811],[-73.54704,5.41481],[-73.54975,5.4114],[-73.55168,5.4099],[-73.55222,5.40855],[-73.55395,5.4068],[-73.55603,5.40607],[-73.55718,5.40604],[-73.55777,5.40535],[-73.55895,5.40595],[-73.55939,5.40584],[-73.56129,5.40461],[-73.56199,5.40449],[-73.56363,5.40525],[-73.56854,5.40644],[-73.57078,5.40763],[-73.5727,5.40625],[-73.57571,5.40691],[-73.57657,5.40644],[-73.57767,5.40626],[-73.57953,5.40482],[-73.58105,5.40476],[-73.58375,5.4035],[-73.58485,5.4027],[-73.58671,5.39979],[-73.5889,5.39854],[-73.59066,5.39828],[-73.59256,5.39844],[-73.59176,5.39617],[-73.59168,5.39418],[-73.59013,5.39175],[-73.58988,5.39049],[-73.59174,5.38761],[-73.59247,5.38741],[-73.59373,5.38543],[-73.59587,5.38356],[-73.59597,5.38304],[-73.59531,5.38152],[-73.59693,5.37967],[-73.59876,5.37834],[-73.59913,5.37694],[-73.59909,5.37613],[-73.59846,5.37391],[-73.59925,5.37251],[-73.59946,5.3703],[-73.59933,5.36941],[-73.59852,5.36765],[-73.59676,5.36571],[-73.59562,5.3641],[-73.59511,5.36288],[-73.59468,5.36115],[-73.59437,5.35626],[-73.59319,5.34883],[-73.59325,5.34694],[-73.59095,5.34488],[-73.59068,5.344],[-73.59159,5.34191],[-73.59287,5.34018],[-73.59365,5.33784],[-73.59363,5.33697],[-73.59267,5.3334],[-73.59306,5.33073],[-73.59397,5.32915],[-73.59725,5.3255],[-73.59877,5.3234],[-73.5993,5.3219],[-73.59954,5.3194],[-73.59937,5.31881],[-73.59775,5.31784],[-73.59493,5.31469],[-73.58982,5.31002],[-73.59005,5.3098],[-73.58911,5.30865],[-73.58876,5.30772],[-73.58908,5.30745],[-73.58784,5.30614],[-73.58584,5.30492],[-73.58515,5.30479],[-73.58398,5.30501],[-73.58244,5.30395],[-73.57986,5.30308],[-73.57903,5.30226],[-73.5782,5.30207],[-73.57761,5.30162],[-73.57674,5.3016],[-73.57351,5.3024],[-73.57139,5.30356],[-73.5691,5.30357],[-73.56724,5.30466],[-73.56623,5.30401],[-73.56546,5.30406],[-73.56489,5.30379],[-73.5621,5.30119],[-73.56102,5.30124],[-73.55914,5.30002],[-73.55672,5.29958],[-73.55611,5.29884],[-73.55595,5.29772],[-73.55501,5.29746],[-73.55436,5.29677],[-73.55321,5.29699],[-73.5524,5.2979],[-73.55053,5.2981],[-73.54977,5.29778],[-73.54905,5.29883],[-73.54803,5.29964],[-73.54685,5.30007],[-73.54613,5.30076],[-73.54808,5.30326],[-73.54958,5.30446],[-73.55039,5.30644],[-73.55173,5.30809],[-73.55287,5.31016],[-73.55316,5.3122],[-73.55281,5.31467],[-73.55131,5.31798],[-73.55087,5.32025],[-73.54971,5.32304],[-73.54878,5.3244],[-73.55186,5.3272],[-73.55123,5.3287],[-73.55136,5.32938],[-73.55034,5.33141],[-73.54953,5.33243],[-73.54709,5.33392],[-73.54481,5.33606],[-73.54275,5.33881],[-73.53948,5.34079],[-73.53968,5.3412],[-73.53614,5.34182],[-73.53468,5.3424],[-73.53241,5.34251],[-73.5315,5.34202],[-73.53054,5.34277],[-73.52894,5.34245],[-73.52873,5.34289],[-73.52618,5.34154],[-73.52574,5.34244],[-73.52399,5.34364],[-73.5242,5.34455],[-73.52331,5.34456],[-73.52222,5.34573],[-73.51949,5.34412],[-73.51787,5.34213],[-73.51584,5.34188],[-73.51289,5.33959],[-73.51006,5.34556],[-73.5076,5.34764],[-73.50671,5.34872],[-73.50638,5.34926],[-73.50635,5.35014],[-73.50496,5.35233],[-73.49644,5.35892],[-73.49474,5.35979],[-73.49396,5.36176],[-73.49266,5.36345],[-73.49025,5.36505],[-73.48844,5.36686],[-73.48649,5.36766],[-73.48507,5.36884],[-73.48416,5.36901],[-73.48187,5.36883],[-73.47765,5.37009],[-73.47676,5.37008],[-73.47259,5.37262],[-73.47197,5.37321],[-73.47009,5.37659],[-73.46728,5.37878],[-73.46661,5.37893],[-73.46435,5.37843],[-73.46271,5.37836],[-73.46173,5.37756],[-73.46063,5.37757],[-73.45838,5.3808],[-73.45585,5.38352],[-73.45463,5.3856],[-73.45331,5.3867],[-73.45162,5.38738],[-73.45017,5.38529],[-73.44954,5.38485],[-73.44919,5.38516],[-73.44889,5.38626],[-73.44753,5.38679],[-73.44695,5.38802],[-73.44589,5.3927],[-73.44502,5.39419],[-73.44326,5.39491],[-73.44267,5.39563],[-73.44201,5.39787],[-73.44234,5.39979],[-73.44194,5.40209],[-73.44207,5.40413],[-73.44184,5.40461],[-73.4413,5.40448],[-73.44079,5.40479],[-73.44034,5.40638],[-73.4404,5.40703],[-73.44094,5.40782],[-73.44107,5.409],[-73.44082,5.41152],[-73.44106,5.41392],[-73.44092,5.41515],[-73.4404,5.41749],[-73.43548,5.42264],[-73.43434,5.42322],[-73.43368,5.42396],[-73.43239,5.42695],[-73.4311,5.42799],[-73.42895,5.43164],[-73.42748,5.43302],[-73.42613,5.43534],[-73.42531,5.43749],[-73.4212,5.44051],[-73.41962,5.44074],[-73.41874,5.44143],[-73.41756,5.44146],[-73.41728,5.44238],[-73.41642,5.44311],[-73.4161,5.44392],[-73.41628,5.44609],[-73.41592,5.44672],[-73.41576,5.44845]]]},"properties":{"DPTO_CCDGO":"15","MPIO_CCDGO":"861","DPTO_CNMBR":"BOYACÁ","MPIO_CNMBR":"VENTAQUEMADA","MPIO_NAREA":"160.011504483","Shape_Leng":"0.667857696835","Shape_Area":"0.0130542953776"}},{"type":"Feature","geometry":{"type":"Polygon","coordinates":[[[-73.21567,5.44021],[-73.21838,5.44461],[-73.21997,5.44629],[-73.22195,5.44771],[-73.22551,5.44969],[-73.22745,5.45123],[-73.22944,5.4534],[-73.23289,5.45585],[-73.23386,5.45618],[-73.23604,5.45628],[-73.23879,5.45712],[-73.24153,5.45703],[-73.24477,5.45741],[-73.24604,5.45646],[-73.247,5.45527],[-73.24825,5.45816],[-73.25127,5.45895],[-73.25364,5.46011],[-73.25547,5.46067],[-73.26166,5.46131],[-73.26209,5.46172],[-73.2622,5.46248],[-73.26187,5.46622],[-73.26206,5.46684],[-73.26282,5.4678],[-73.26571,5.46989],[-73.26662,5.47109],[-73.26696,5.47281],[-73.26688,5.47456],[-73.26828,5.47408],[-73.2694,5.47492],[-73.27155,5.4748],[-73.27263,5.47539],[-73.27438,5.47441],[-73.27589,5.47446],[-73.27577,5.47548],[-73.27618,5.47746],[-73.27531,5.47938],[-73.27554,5.48265],[-73.27588,5.48377],[-73.27994,5.4864],[-73.28314,5.48776],[-73.28592,5.48538],[-73.28532,5.48476],[-73.28571,5.48392],[-73.29192,5.48064],[-73.29458,5.47747],[-73.29817,5.47438],[-73.29931,5.47394],[-73.30066,5.47291],[-73.3039,5.47206],[-73.30783,5.46728],[-73.31002,5.46582],[-73.31015,5.46393],[-73.30963,5.46219],[-73.31161,5.45832],[-73.31164,5.45713],[-73.31327,5.45199],[-73.31381,5.45054],[-73.31436,5.44998],[-73.3135,5.44952],[-73.31109,5.44656],[-73.30875,5.4459],[-73.30838,5.445],[-73.30752,5.44437],[-73.30605,5.44102],[-73.30619,5.44057],[-73.30687,5.44013],[-73.30743,5.43929],[-73.30812,5.43875],[-73.30911,5.43846],[-73.30976,5.43708],[-73.30991,5.43594],[-73.31052,5.43558],[-73.31033,5.43519],[-73.3109,5.43477],[-73.31081,5.43404],[-73.31113,5.43274],[-73.3126,5.43181],[-73.31261,5.431],[-73.3135,5.4311],[-73.31459,5.42918],[-73.31727,5.42786],[-73.3186,5.42623],[-73.31821,5.42523],[-73.31732,5.42482],[-73.31565,5.42349],[-73.31488,5.42222],[-73.31374,5.42252],[-73.31307,5.42329],[-73.31223,5.42367],[-73.31,5.42363],[-73.30954,5.42331],[-73.30819,5.4231],[-73.30709,5.42325],[-73.30565,5.42238],[-73.30222,5.42222],[-73.30151,5.4212],[-73.30013,5.42064],[-73.29934,5.42065],[-73.29722,5.41876],[-73.29586,5.41865],[-73.29495,5.41797],[-73.2937,5.41778],[-73.29312,5.41835],[-73.29193,5.41814],[-73.29052,5.41863],[-73.28719,5.41708],[-73.28624,5.41713],[-73.28563,5.41756],[-73.28524,5.41862],[-73.28289,5.41916],[-73.28229,5.41873],[-73.28142,5.41865],[-73.28092,5.41812],[-73.2797,5.41809],[-73.2791,5.41763],[-73.27829,5.41764],[-73.27744,5.41697],[-73.27634,5.41689],[-73.27591,5.41612],[-73.27615,5.41573],[-73.27559,5.4153],[-73.27576,5.41489],[-73.2753,5.41378],[-73.27473,5.41298],[-73.27358,5.41208],[-73.27275,5.41233],[-73.27178,5.41223],[-73.2712,5.41177],[-73.2701,5.4117],[-73.26976,5.412],[-73.26929,5.41195],[-73.26874,5.41257],[-73.2682,5.41266],[-73.26709,5.4121],[-73.26629,5.41103],[-73.26529,5.41062],[-73.26249,5.4085],[-73.26116,5.40809],[-73.26008,5.40814],[-73.25965,5.40739],[-73.25838,5.40728],[-73.25745,5.40685],[-73.25531,5.40714],[-73.25369,5.40697],[-73.25081,5.40858],[-73.24982,5.40803],[-73.24743,5.4087],[-73.24563,5.40852],[-73.24324,5.40889],[-73.24157,5.40854],[-73.23993,5.4086],[-73.23857,5.40763],[-73.23601,5.40709],[-73.23258,5.40757],[-73.23091,5.40697],[-73.22906,5.40793],[-73.22443,5.40677],[-73.22199,5.40691],[-73.22041,5.40998],[-73.22037,5.41163],[-73.22116,5.41404],[-73.22101,5.41458],[-73.21787,5.41608],[-73.21791,5.41803],[-73.21627,5.41921],[-73.21412,5.4231],[-73.21346,5.42488],[-73.21204,5.42617],[-73.21218,5.4284],[-73.21338,5.43391],[-73.21591,5.43712],[-73.21613,5.43787],[-73.21623,5.4392],[-73.21567,5.44021]]]},"properties":{"DPTO_CCDGO":"15","MPIO_CCDGO":"879","DPTO_CNMBR":"BOYACÁ","MPIO_CNMBR":"VIRACACHÁ","MPIO_NAREA":"62.5811446436","Shape_Leng":"0.341267745945","Shape_Area":"0.00510551854983"}},{"type":"Feature","geometry":{"type":"Polygon","coordinates":[[[-73.04981,5.37331],[-73.05092,5.37402],[-73.05217,5.37368],[-73.05283,5.37432],[-73.05328,5.3744],[-73.0538,5.37349],[-73.05347,5.37228],[-73.05354,5.37168],[-73.05422,5.37067],[-73.05414,5.36998],[-73.05503,5.36979],[-73.05574,5.3687],[-73.05712,5.36882],[-73.05903,5.36743],[-73.06044,5.36719],[-73.06172,5.36646],[-73.0625,5.36745],[-73.06324,5.36776],[-73.06506,5.36775],[-73.06651,5.3693],[-73.07042,5.36877],[-73.07445,5.36905],[-73.07659,5.36765],[-73.07868,5.36748],[-73.08092,5.36592],[-73.08722,5.36235],[-73.09027,5.36152],[-73.0953,5.35663],[-73.09903,5.35359],[-73.10262,5.35138],[-73.10596,5.35064],[-73.10772,5.34911],[-73.10989,5.34821],[-73.11117,5.34806],[-73.11475,5.34872],[-73.11891,5.35039],[-73.12281,5.35343],[-73.12511,5.35477],[-73.12619,5.35623],[-73.12633,5.35734],[-73.12769,5.35678],[-73.13065,5.35452],[-73.13316,5.35063],[-73.13416,5.34983],[-73.13486,5.34941],[-73.13653,5.34904],[-73.13814,5.34818],[-73.1401,5.34579],[-73.14113,5.3427],[-73.14169,5.34242],[-73.1431,5.34628],[-73.14459,5.34846],[-73.14544,5.34911],[-73.14636,5.34954],[-73.14877,5.35011],[-73.15012,5.35008],[-73.1535,5.35109],[-73.15608,5.35067],[-73.15786,5.35078],[-73.15938,5.34961],[-73.16433,5.34431],[-73.17018,5.33999],[-73.17315,5.33893],[-73.17484,5.33922],[-73.17676,5.33914],[-73.17727,5.33767],[-73.17772,5.33479],[-73.18298,5.32982],[-73.18476,5.32939],[-73.18826,5.32536],[-73.18857,5.32396],[-73.18787,5.32332],[-73.18775,5.32268],[-73.18615,5.32233],[-73.18543,5.32178],[-73.18427,5.32191],[-73.18518,5.32076],[-73.18794,5.32034],[-73.19109,5.31714],[-73.19237,5.31728],[-73.19437,5.31673],[-73.19542,5.3167],[-73.19625,5.31699],[-73.19682,5.31753],[-73.2003,5.31662],[-73.20144,5.31608],[-73.20364,5.31437],[-73.20763,5.30965],[-73.21365,5.30532],[-73.21553,5.30449],[-73.21994,5.30071],[-73.22129,5.29878],[-73.22449,5.29566],[-73.22497,5.29367],[-73.22617,5.29336],[-73.22764,5.29234],[-73.2287,5.29113],[-73.23094,5.28709],[-73.23363,5.28512],[-73.23827,5.28534],[-73.24319,5.28798],[-73.24627,5.28811],[-73.25464,5.28768],[-73.26073,5.28771],[-73.26562,5.28728],[-73.26264,5.29014],[-73.2596,5.29153],[-73.26202,5.29313],[-73.26463,5.29425],[-73.26683,5.29593],[-73.26814,5.29731],[-73.26864,5.29814],[-73.26891,5.29931],[-73.26967,5.30039],[-73.27273,5.29908],[-73.27412,5.29809],[-73.27722,5.29448],[-73.27879,5.29155],[-73.28046,5.29085],[-73.28317,5.29032],[-73.28408,5.2899],[-73.28549,5.28851],[-73.28586,5.28739],[-73.28643,5.28288],[-73.28759,5.27977],[-73.28798,5.27707],[-73.28672,5.27483],[-73.28498,5.27298],[-73.28528,5.27161],[-73.28483,5.26887],[-73.28504,5.26576],[-73.28265,5.26295],[-73.28035,5.26189],[-73.27903,5.26092],[-73.27773,5.25701],[-73.27837,5.2512],[-73.27993,5.24735],[-73.27975,5.24598],[-73.27931,5.24534],[-73.27695,5.24414],[-73.27405,5.24346],[-73.27144,5.24139],[-73.26966,5.23925],[-73.26758,5.23815],[-73.26271,5.23672],[-73.26086,5.23664],[-73.25977,5.23704],[-73.25826,5.23697],[-73.2575,5.23661],[-73.25317,5.23304],[-73.24999,5.23297],[-73.2493,5.23269],[-73.2473,5.23054],[-73.24718,5.22965],[-73.24819,5.22808],[-73.24999,5.22713],[-73.25427,5.22682],[-73.25486,5.22647],[-73.2561,5.22427],[-73.25588,5.22098],[-73.25636,5.21956],[-73.25734,5.2188],[-73.2597,5.2178],[-73.26471,5.21733],[-73.26626,5.21693],[-73.26964,5.21554],[-73.27147,5.21526],[-73.27573,5.21385],[-73.27704,5.21187],[-73.279,5.20993],[-73.28345,5.20671],[-73.28393,5.20593],[-73.28552,5.20499],[-73.29141,5.20047],[-73.29477,5.19974],[-73.2959,5.19981],[-73.29613,5.1991],[-73.29567,5.19832],[-73.29232,5.19819],[-73.29006,5.19764],[-73.28344,5.19317],[-73.28072,5.19197],[-73.27897,5.19177],[-73.27779,5.19192],[-73.27623,5.19257],[-73.27288,5.19285],[-73.27194,5.19237],[-73.27109,5.19122],[-73.26869,5.18953],[-73.26778,5.19002],[-73.26697,5.19124],[-73.26552,5.1914],[-73.25758,5.18495],[-73.25622,5.18586],[-73.25512,5.18715],[-73.25139,5.18903],[-73.2484,5.18944],[-73.24659,5.18941],[-73.24335,5.18887],[-73.24166,5.18888],[-73.24023,5.18924],[-73.23867,5.19011],[-73.23671,5.19184],[-73.23525,5.19235],[-73.22877,5.19779],[-73.22756,5.19966],[-73.22568,5.20079],[-73.22456,5.20265],[-73.22384,5.20606],[-73.22276,5.20709],[-73.22145,5.20775],[-73.22115,5.20846],[-73.22019,5.20847],[-73.2178,5.21105],[-73.21796,5.21398],[-73.2169,5.2163],[-73.21602,5.21733],[-73.21596,5.2182],[-73.21605,5.21888],[-73.21698,5.22049],[-73.21775,5.22316],[-73.21736,5.22592],[-73.21753,5.22711],[-73.21698,5.2288],[-73.21538,5.23174],[-73.2138,5.23271],[-73.21021,5.2338],[-73.20904,5.23501],[-73.20728,5.23593],[-73.20493,5.23564],[-73.2045,5.23518],[-73.20401,5.2351],[-73.20319,5.23545],[-73.20253,5.23532],[-73.20189,5.23598],[-73.20094,5.23616],[-73.20008,5.23669],[-73.19589,5.2361],[-73.194,5.23686],[-73.19372,5.23758],[-73.19399,5.23872],[-73.1937,5.23927],[-73.1933,5.23951],[-73.19196,5.23959],[-73.19151,5.24004],[-73.18797,5.23921],[-73.18644,5.2392],[-73.18583,5.23825],[-73.18481,5.23757],[-73.18233,5.23774],[-73.18109,5.23718],[-73.17961,5.23775],[-73.17883,5.23775],[-73.17673,5.2369],[-73.17533,5.23723],[-73.17363,5.23662],[-73.17271,5.23744],[-73.17229,5.23828],[-73.17076,5.23912],[-73.17046,5.23982],[-73.16936,5.2401],[-73.16704,5.24002],[-73.16324,5.23861],[-73.16282,5.23877],[-73.16261,5.23938],[-73.16143,5.23909],[-73.1605,5.23698],[-73.15878,5.23541],[-73.15712,5.23489],[-73.15421,5.23462],[-73.15255,5.23298],[-73.15083,5.23189],[-73.14943,5.22964],[-73.14821,5.22902],[-73.14845,5.2302],[-73.14686,5.23201],[-73.14572,5.23552],[-73.14478,5.23595],[-73.14416,5.23718],[-73.14328,5.23797],[-73.14317,5.23868],[-73.14118,5.24002],[-73.13966,5.24178],[-73.1382,5.2421],[-73.13732,5.24278],[-73.13655,5.244],[-73.13642,5.24622],[-73.13568,5.2472],[-73.13408,5.24833],[-73.13277,5.24859],[-73.1309,5.25088],[-73.12838,5.25239],[-73.12671,5.254],[-73.12623,5.25571],[-73.12526,5.25729],[-73.12515,5.25852],[-73.12419,5.25983],[-73.12398,5.26121],[-73.11944,5.26755],[-73.11702,5.27012],[-73.11611,5.2706],[-73.11381,5.27014],[-73.11201,5.27037],[-73.11126,5.27102],[-73.10994,5.27429],[-73.10792,5.27721],[-73.10473,5.27872],[-73.10161,5.28124],[-73.09477,5.28492],[-73.0905,5.28587],[-73.08575,5.28786],[-73.08175,5.29001],[-73.07445,5.29493],[-73.07273,5.2955],[-73.07196,5.2962],[-73.06934,5.29739],[-73.06388,5.30057],[-73.0611,5.30202],[-73.06031,5.30275],[-73.05882,5.30551],[-73.05882,5.30754],[-73.05803,5.3081],[-73.0551,5.30799],[-73.05189,5.30743],[-73.04838,5.30804],[-73.04714,5.30842],[-73.04507,5.30959],[-73.0441,5.31077],[-73.04161,5.31244],[-73.04165,5.31419],[-73.04212,5.31513],[-73.04406,5.31742],[-73.04492,5.31911],[-73.0461,5.32039],[-73.04653,5.32138],[-73.04441,5.32378],[-73.04168,5.32486],[-73.04079,5.32546],[-73.0401,5.32713],[-73.04029,5.32861],[-73.04073,5.32969],[-73.0424,5.33153],[-73.04272,5.33612],[-73.04307,5.33699],[-73.04402,5.33811],[-73.04487,5.34093],[-73.04471,5.34518],[-73.04659,5.35012],[-73.0467,5.35234],[-73.04642,5.35382],[-73.04311,5.36015],[-73.04446,5.35946],[-73.04526,5.35952],[-73.04635,5.36017],[-73.04693,5.36121],[-73.04754,5.36336],[-73.04735,5.36477],[-73.04673,5.3664],[-73.04711,5.36923],[-73.04811,5.37192],[-73.04981,5.37331]]]},"properties":{"DPTO_CCDGO":"15","MPIO_CCDGO":"897","DPTO_CNMBR":"BOYACÁ","MPIO_CNMBR":"ZETAQUIRA","MPIO_NAREA":"251.505065138","Shape_Leng":"0.898103514383","Shape_Area":"0.0205122325583"}},{"type":"Feature","geometry":{"type":"Polygon","coordinates":[[[-72.67952,6.48276],[-72.67999,6.48527],[-72.67991,6.48728],[-72.67931,6.48959],[-72.67947,6.49111],[-72.68045,6.49276],[-72.68086,6.49422],[-72.68283,6.4963],[-72.68324,6.49849],[-72.68327,6.50084],[-72.68368,6.50169],[-72.68454,6.50242],[-72.68458,6.50352],[-72.6857,6.50438],[-72.68601,6.50635],[-72.68715,6.50882],[-72.6896,6.51103],[-72.69344,6.5133],[-72.69406,6.51391],[-72.69444,6.51541],[-72.69385,6.5175],[-72.69396,6.51848],[-72.69586,6.51995],[-72.69614,6.52078],[-72.69594,6.52203],[-72.69504,6.52375],[-72.69503,6.52446],[-72.69545,6.52529],[-72.69655,6.52629],[-72.69981,6.52721],[-72.70089,6.52803],[-72.7023,6.53146],[-72.7032,6.53224],[-72.70336,6.53329],[-72.7028,6.53478],[-72.70274,6.53592],[-72.7033,6.53782],[-72.70306,6.53793],[-72.70313,6.53853],[-72.70358,6.53923],[-72.70417,6.53975],[-72.7087,6.54209],[-72.7107,6.54249],[-72.71199,6.54305],[-72.71289,6.54408],[-72.71372,6.54594],[-72.71501,6.54691],[-72.71665,6.5493],[-72.71848,6.55063],[-72.71914,6.5527],[-72.72067,6.55367],[-72.72136,6.55394],[-72.72401,6.5541],[-72.72454,6.55378],[-72.72492,6.55243],[-72.72553,6.55194],[-72.72697,6.55216],[-72.72826,6.5516],[-72.72997,6.55147],[-72.73133,6.55215],[-72.73228,6.55354],[-72.73358,6.554],[-72.73481,6.55506],[-72.73714,6.55536],[-72.73974,6.55676],[-72.74108,6.55794],[-72.74343,6.55892],[-72.74436,6.55991],[-72.74452,6.56116],[-72.74345,6.56543],[-72.74248,6.56779],[-72.74274,6.56891],[-72.74438,6.56955],[-72.74798,6.5699],[-72.74887,6.57041],[-72.74973,6.5718],[-72.75093,6.57263],[-72.75305,6.57501],[-72.75391,6.57561],[-72.75595,6.57601],[-72.75696,6.57669],[-72.75885,6.57919],[-72.75959,6.58112],[-72.76017,6.58164],[-72.76377,6.5827],[-72.76672,6.58279],[-72.7677,6.58211],[-72.76898,6.5804],[-72.77142,6.57975],[-72.77362,6.57996],[-72.77407,6.57968],[-72.77441,6.57867],[-72.77473,6.5786],[-72.77642,6.57906],[-72.77905,6.58037],[-72.78187,6.57975],[-72.78299,6.57823],[-72.7827,6.57468],[-72.78315,6.57402],[-72.78756,6.57227],[-72.79193,6.56855],[-72.79254,6.56849],[-72.79414,6.56911],[-72.79534,6.5688],[-72.79716,6.56746],[-72.79995,6.56459],[-72.80153,6.56373],[-72.80421,6.56055],[-72.80487,6.56022],[-72.80581,6.56023],[-72.80858,6.55953],[-72.80886,6.55921],[-72.80904,6.55863],[-72.80871,6.55687],[-72.8058,6.55398],[-72.80568,6.54863],[-72.80603,6.54624],[-72.80737,6.54358],[-72.80885,6.5426],[-72.81095,6.54238],[-72.80971,6.54111],[-72.80858,6.53881],[-72.80787,6.53829],[-72.80515,6.5377],[-72.80404,6.53697],[-72.8036,6.53627],[-72.80002,6.53352],[-72.79866,6.53218],[-72.79707,6.53005],[-72.79458,6.52995],[-72.79218,6.53059],[-72.79119,6.53002],[-72.78999,6.5311],[-72.78823,6.53179],[-72.78709,6.53136],[-72.78543,6.53123],[-72.77923,6.52925],[-72.77845,6.52869],[-72.77755,6.52593],[-72.77668,6.5247],[-72.7753,6.52358],[-72.77387,6.52066],[-72.77365,6.51937],[-72.77391,6.516],[-72.77357,6.51419],[-72.77266,6.5118],[-72.77253,6.50848],[-72.77123,6.50739],[-72.7687,6.50313],[-72.76763,6.50248],[-72.76538,6.49914],[-72.76366,6.49846],[-72.76078,6.49816],[-72.76017,6.49728],[-72.75944,6.49697],[-72.75958,6.49642],[-72.75918,6.49575],[-72.75614,6.49386],[-72.7545,6.4938],[-72.75208,6.49476],[-72.7492,6.49481],[-72.74778,6.49451],[-72.74616,6.4932],[-72.74481,6.49308],[-72.74325,6.49252],[-72.74021,6.49242],[-72.73592,6.49069],[-72.73747,6.48782],[-72.73765,6.48553],[-72.73826,6.48348],[-72.737,6.47939],[-72.73682,6.47303],[-72.73419,6.4713],[-72.73348,6.46976],[-72.73181,6.46784],[-72.73086,6.46737],[-72.7298,6.46562],[-72.72898,6.46515],[-72.72846,6.46451],[-72.72585,6.4586],[-72.72506,6.4576],[-72.72488,6.4567],[-72.72528,6.45595],[-72.72743,6.45423],[-72.73095,6.44966],[-72.73181,6.44789],[-72.73201,6.44611],[-72.73353,6.44414],[-72.73536,6.44265],[-72.73755,6.44133],[-72.73798,6.44027],[-72.73555,6.44003],[-72.73305,6.441],[-72.73115,6.4409],[-72.72902,6.44041],[-72.72723,6.44103],[-72.72576,6.44215],[-72.72528,6.44207],[-72.7248,6.44298],[-72.72307,6.44268],[-72.71982,6.44145],[-72.71674,6.44231],[-72.71445,6.44675],[-72.71349,6.45044],[-72.71225,6.45184],[-72.70904,6.4542],[-72.70603,6.45526],[-72.70557,6.45653],[-72.70464,6.45685],[-72.70391,6.45745],[-72.70322,6.45883],[-72.70229,6.45937],[-72.70183,6.46074],[-72.70079,6.46166],[-72.69944,6.46364],[-72.69936,6.46581],[-72.69806,6.4676],[-72.69704,6.46834],[-72.69655,6.46956],[-72.69594,6.47017],[-72.69455,6.47083],[-72.6936,6.4725],[-72.691,6.47502],[-72.68944,6.47594],[-72.6875,6.47778],[-72.68663,6.47963],[-72.68564,6.48093],[-72.68472,6.48124],[-72.68266,6.48291],[-72.68166,6.48309],[-72.67952,6.48276]]]},"properties":{"DPTO_CCDGO":"15","MPIO_CCDGO":"218","DPTO_CNMBR":"BOYACÁ","MPIO_CNMBR":"COVARACHÍA","MPIO_NAREA":"102.431322469","Shape_Leng":"0.487024843992","Shape_Area":"0.00836979713499"}},{"type":"Feature","geometry":{"type":"Polygon","coordinates":[[[-73.4225,5.56073],[-73.42465,5.56239],[-73.42675,5.5634],[-73.42755,5.56343],[-73.42883,5.56522],[-73.4318,5.56365],[-73.43454,5.56361],[-73.43598,5.56162],[-73.43802,5.55963],[-73.44116,5.55701],[-73.44183,5.55672],[-73.44602,5.55688],[-73.44775,5.55563],[-73.45076,5.55629],[-73.45473,5.55602],[-73.45483,5.55619],[-73.45555,5.55559],[-73.45719,5.55294],[-73.45859,5.55375],[-73.46014,5.5555],[-73.46058,5.55557],[-73.46099,5.55512],[-73.46157,5.55544],[-73.46213,5.55502],[-73.46344,5.55489],[-73.46348,5.55399],[-73.46409,5.55415],[-73.46457,5.55374],[-73.4655,5.55386],[-73.46632,5.55353],[-73.46667,5.55239],[-73.4666,5.55085],[-73.46756,5.5511],[-73.46844,5.55003],[-73.46912,5.54962],[-73.47029,5.55024],[-73.47252,5.55007],[-73.47402,5.55067],[-73.47657,5.55086],[-73.47782,5.54933],[-73.47839,5.54971],[-73.47995,5.54982],[-73.48148,5.54843],[-73.48635,5.54804],[-73.48993,5.54832],[-73.49072,5.54898],[-73.48981,5.54746],[-73.49048,5.54633],[-73.4905,5.54567],[-73.4901,5.54491],[-73.4905,5.5436],[-73.49136,5.53519],[-73.48886,5.53399],[-73.48613,5.53222],[-73.48591,5.53006],[-73.48328,5.53067],[-73.48239,5.53042],[-73.47701,5.52473],[-73.47254,5.52129],[-73.47037,5.52035],[-73.47015,5.51965],[-73.4692,5.5188],[-73.46753,5.51864],[-73.46683,5.51765],[-73.46598,5.51706],[-73.4653,5.51593],[-73.46422,5.51622],[-73.46261,5.51553],[-73.46221,5.51585],[-73.46022,5.5161],[-73.45929,5.51663],[-73.45764,5.51629],[-73.45757,5.51561],[-73.45677,5.51482],[-73.45661,5.50962],[-73.45572,5.50797],[-73.45515,5.50755],[-73.45437,5.50488],[-73.45396,5.50453],[-73.45303,5.50233],[-73.45395,5.50015],[-73.45519,5.49856],[-73.45645,5.4977],[-73.455,5.49682],[-73.45349,5.49696],[-73.4521,5.49622],[-73.45094,5.49595],[-73.44802,5.49401],[-73.44554,5.49299],[-73.44461,5.49203],[-73.44352,5.4917],[-73.43232,5.48587],[-73.43021,5.48668],[-73.42435,5.49239],[-73.42122,5.4934],[-73.42051,5.49388],[-73.41776,5.49951],[-73.41765,5.50026],[-73.41724,5.50019],[-73.41665,5.50059],[-73.41617,5.50382],[-73.41468,5.50464],[-73.41217,5.50546],[-73.41177,5.50647],[-73.4099,5.50791],[-73.4076,5.51041],[-73.40997,5.51232],[-73.41037,5.51177],[-73.41128,5.51352],[-73.41274,5.51544],[-73.4135,5.51976],[-73.41521,5.52249],[-73.42515,5.52981],[-73.42339,5.53355],[-73.42337,5.53377],[-73.42391,5.53387],[-73.42341,5.5352],[-73.42345,5.5383],[-73.42256,5.5401],[-73.42312,5.54149],[-73.42342,5.5444],[-73.42397,5.54543],[-73.42487,5.54628],[-73.42543,5.55005],[-73.42666,5.55447],[-73.42595,5.55726],[-73.4225,5.56073]]]},"properties":{"DPTO_CCDGO":"15","MPIO_CCDGO":"224","DPTO_CNMBR":"BOYACÁ","MPIO_CNMBR":"CUCAITA","MPIO_NAREA":"42.1280664517","Shape_Leng":"0.29195894031","Shape_Area":"0.00343766442007"}},{"type":"Feature","geometry":{"type":"Polygon","coordinates":[[[-72.89553,5.61373],[-72.89745,5.61662],[-72.90184,5.61696],[-72.90492,5.61798],[-72.91028,5.61884],[-72.91387,5.61849],[-72.91681,5.61875],[-72.92019,5.61975],[-72.92301,5.62015],[-72.92321,5.6182],[-72.92439,5.61667],[-72.92571,5.61268],[-72.92814,5.61473],[-72.93013,5.61495],[-72.93217,5.61443],[-72.93374,5.61367],[-72.9407,5.61218],[-72.94292,5.61231],[-72.94499,5.6119],[-72.9461,5.6101],[-72.94719,5.60905],[-72.94879,5.60823],[-72.94929,5.60748],[-72.94944,5.60531],[-72.94987,5.60356],[-72.94958,5.60226],[-72.95043,5.5984],[-72.95066,5.59829],[-72.95265,5.59927],[-72.95405,5.59931],[-72.95547,5.59801],[-72.95808,5.59471],[-72.95904,5.59404],[-72.96106,5.59368],[-72.9628,5.5941],[-72.96539,5.59486],[-72.96633,5.59592],[-72.96758,5.5952],[-72.96819,5.59518],[-72.9703,5.59324],[-72.97127,5.59283],[-72.9738,5.593],[-72.97612,5.59377],[-72.97702,5.59329],[-72.97929,5.59436],[-72.98181,5.59442],[-72.98196,5.5947],[-72.98643,5.59519],[-72.98641,5.59416],[-72.98686,5.59231],[-72.98805,5.59156],[-72.98864,5.59031],[-72.99072,5.58973],[-72.99225,5.58961],[-72.99378,5.58994],[-72.99584,5.59092],[-72.99945,5.59131],[-73.00364,5.59284],[-73.00247,5.59077],[-73.00008,5.58837],[-72.99893,5.58638],[-72.99893,5.58595],[-72.99795,5.58569],[-72.99525,5.58303],[-72.99151,5.58212],[-72.99114,5.58151],[-72.99068,5.58141],[-72.99052,5.58],[-72.98964,5.57886],[-72.98805,5.57789],[-72.98737,5.57796],[-72.9863,5.58036],[-72.98638,5.58144],[-72.98543,5.58191],[-72.98526,5.58273],[-72.98503,5.58284],[-72.98483,5.58246],[-72.98425,5.58219],[-72.98244,5.57828],[-72.97952,5.57516],[-72.97792,5.57205],[-72.9765,5.57087],[-72.97304,5.56914],[-72.97145,5.56727],[-72.96607,5.56415],[-72.96577,5.56332],[-72.96488,5.5623],[-72.96416,5.56179],[-72.96385,5.56192],[-72.96136,5.55996],[-72.95805,5.55852],[-72.95591,5.55795],[-72.95479,5.55707],[-72.9505,5.55521],[-72.95,5.55427],[-72.94908,5.55449],[-72.92576,5.56724],[-72.90172,5.58008],[-72.90227,5.58146],[-72.90188,5.58253],[-72.90083,5.58399],[-72.90039,5.58408],[-72.89939,5.585],[-72.89861,5.58523],[-72.89841,5.58584],[-72.89912,5.58659],[-72.89928,5.58805],[-72.90008,5.59069],[-72.89983,5.59652],[-72.90028,5.59769],[-72.90028,5.59848],[-72.89963,5.59964],[-72.89968,5.60222],[-72.89888,5.60524],[-72.89818,5.6067],[-72.89835,5.60772],[-72.8962,5.60926],[-72.89544,5.61064],[-72.89529,5.61271],[-72.89553,5.61373]]]},"properties":{"DPTO_CCDGO":"15","MPIO_CCDGO":"226","DPTO_CNMBR":"BOYACÁ","MPIO_CNMBR":"CUÍTIVA","MPIO_NAREA":"44.1332699191","Shape_Leng":"0.307677719197","Shape_Area":"0.00360067027024"}},{"type":"Feature","geometry":{"type":"Polygon","coordinates":[[[-73.3818,5.67256],[-73.3815,5.67547],[-73.38241,5.67585],[-73.38224,5.67664],[-73.38329,5.6776],[-73.38359,5.67855],[-73.38365,5.68015],[-73.38337,5.68113],[-73.38362,5.68299],[-73.38334,5.68328],[-73.38306,5.68554],[-73.38353,5.68767],[-73.38433,5.6893],[-73.38519,5.6903],[-73.38583,5.6933],[-73.38621,5.69348],[-73.38741,5.69317],[-73.38737,5.69422],[-73.38786,5.69514],[-73.39028,5.69706],[-73.39427,5.69862],[-73.39764,5.70256],[-73.3992,5.70665],[-73.39929,5.70911],[-73.39948,5.70999],[-73.39991,5.71045],[-73.40078,5.71445],[-73.4034,5.71384],[-73.40441,5.71298],[-73.40581,5.71234],[-73.40695,5.71254],[-73.40841,5.71192],[-73.41017,5.71233],[-73.4111,5.71228],[-73.41311,5.7108],[-73.41338,5.70911],[-73.41396,5.70826],[-73.41521,5.70731],[-73.41612,5.70697],[-73.41861,5.7071],[-73.42115,5.70567],[-73.42174,5.70565],[-73.42299,5.70651],[-73.42345,5.70773],[-73.42511,5.70424],[-73.42818,5.69973],[-73.43041,5.6978],[-73.43153,5.69632],[-73.43321,5.69298],[-73.43662,5.69157],[-73.43722,5.69095],[-73.43815,5.68977],[-73.43925,5.68738],[-73.44151,5.68415],[-73.44269,5.68299],[-73.44408,5.68257],[-73.44582,5.68246],[-73.44997,5.6797],[-73.45176,5.67927],[-73.45277,5.67806],[-73.4564,5.67904],[-73.46053,5.68233],[-73.46105,5.68248],[-73.46578,5.68048],[-73.46815,5.68014],[-73.46953,5.67946],[-73.47301,5.67918],[-73.47541,5.67742],[-73.4766,5.67758],[-73.47776,5.67736],[-73.47915,5.67777],[-73.47924,5.67709],[-73.47999,5.67594],[-73.47974,5.67488],[-73.4803,5.67462],[-73.48048,5.67401],[-73.48153,5.67283],[-73.4821,5.67291],[-73.48238,5.67229],[-73.4831,5.67214],[-73.48368,5.67101],[-73.48357,5.67048],[-73.48199,5.66927],[-73.48236,5.66808],[-73.48198,5.66575],[-73.48244,5.66409],[-73.48179,5.66247],[-73.48244,5.66214],[-73.48209,5.66112],[-73.48253,5.6604],[-73.48246,5.65958],[-73.4828,5.65879],[-73.48368,5.65828],[-73.48389,5.6575],[-73.48447,5.65705],[-73.48465,5.65647],[-73.48426,5.65574],[-73.4853,5.65491],[-73.4863,5.65268],[-73.48871,5.64989],[-73.48974,5.64692],[-73.48954,5.64284],[-73.48846,5.64189],[-73.48753,5.64007],[-73.48643,5.63929],[-73.48402,5.63661],[-73.48342,5.63565],[-73.48378,5.63446],[-73.488,5.62799],[-73.48829,5.62636],[-73.48908,5.62529],[-73.49056,5.62441],[-73.49606,5.62306],[-73.49983,5.62109],[-73.50724,5.61383],[-73.50944,5.61127],[-73.51208,5.60768],[-73.51407,5.60437],[-73.51526,5.60171],[-73.51625,5.60104],[-73.51268,5.60055],[-73.51107,5.5995],[-73.51076,5.59829],[-73.51127,5.59735],[-73.51125,5.59644],[-73.51006,5.59326],[-73.51046,5.59323],[-73.51114,5.59253],[-73.51198,5.59111],[-73.51301,5.59132],[-73.51284,5.59071],[-73.51323,5.58997],[-73.51193,5.58787],[-73.51237,5.58694],[-73.51211,5.58611],[-73.51253,5.58545],[-73.51197,5.58448],[-73.51191,5.58306],[-73.51058,5.58285],[-73.51029,5.582],[-73.50874,5.5813],[-73.50736,5.57977],[-73.50617,5.57946],[-73.50539,5.57858],[-73.50467,5.57853],[-73.50272,5.57716],[-73.50314,5.5748],[-73.50226,5.57386],[-73.5026,5.57283],[-73.50193,5.5722],[-73.50213,5.57146],[-73.50172,5.57051],[-73.502,5.57019],[-73.50145,5.56764],[-73.50095,5.56704],[-73.50002,5.56672],[-73.49963,5.56546],[-73.49843,5.56429],[-73.49908,5.56236],[-73.49995,5.56139],[-73.49912,5.56054],[-73.4989,5.5595],[-73.49695,5.56313],[-73.4904,5.57328],[-73.48557,5.57979],[-73.48217,5.58266],[-73.47842,5.5848],[-73.47421,5.58645],[-73.47243,5.58963],[-73.47089,5.58983],[-73.46956,5.59047],[-73.46825,5.59045],[-73.46824,5.59069],[-73.46604,5.59122],[-73.46499,5.59226],[-73.46326,5.59226],[-73.46267,5.5913],[-73.46189,5.59095],[-73.46038,5.59149],[-73.45909,5.59139],[-73.45634,5.59271],[-73.45553,5.59283],[-73.45521,5.59256],[-73.45399,5.59321],[-73.45236,5.59357],[-73.45119,5.59504],[-73.4501,5.59594],[-73.44896,5.59791],[-73.44816,5.59865],[-73.445,5.60021],[-73.44389,5.60022],[-73.44335,5.60054],[-73.44385,5.60152],[-73.4438,5.60272],[-73.44411,5.60319],[-73.44397,5.60411],[-73.44338,5.60452],[-73.44299,5.60528],[-73.44329,5.60679],[-73.44011,5.60988],[-73.43603,5.61199],[-73.43405,5.61265],[-73.43229,5.61227],[-73.43152,5.6114],[-73.43133,5.61195],[-73.42957,5.61267],[-73.42946,5.61376],[-73.42901,5.61378],[-73.42743,5.61533],[-73.42618,5.61556],[-73.42554,5.61596],[-73.4243,5.61593],[-73.42351,5.61651],[-73.42235,5.61798],[-73.42015,5.61947],[-73.41603,5.61973],[-73.41228,5.61832],[-73.41114,5.61701],[-73.41062,5.61717],[-73.40901,5.62049],[-73.40797,5.62201],[-73.40659,5.62327],[-73.40572,5.62327],[-73.40549,5.62356],[-73.40538,5.6249],[-73.40646,5.62716],[-73.40622,5.62844],[-73.40576,5.6299],[-73.40375,5.63252],[-73.4027,5.63452],[-73.40176,5.63525],[-73.39916,5.63822],[-73.39682,5.63946],[-73.39557,5.63984],[-73.39064,5.64472],[-73.39012,5.64581],[-73.39006,5.64877],[-73.39053,5.64913],[-73.39021,5.65006],[-73.38648,5.65411],[-73.38479,5.65568],[-73.38421,5.65536],[-73.38346,5.65644],[-73.38183,5.6609],[-73.38211,5.66282],[-73.38306,5.6654],[-73.38234,5.66739],[-73.38235,5.66961],[-73.3818,5.67256]]]},"properties":{"DPTO_CCDGO":"15","MPIO_CCDGO":"232","DPTO_CNMBR":"BOYACÁ","MPIO_CNMBR":"CHÍQUIZA","MPIO_NAREA":"116.511812703","Shape_Leng":"0.507900025134","Shape_Area":"0.00950923321761"}},{"type":"Feature","geometry":{"type":"Polygon","coordinates":[[[-73.299,4.90302],[-73.29946,4.90492],[-73.30026,4.90615],[-73.30005,4.9083],[-73.30376,4.91009],[-73.30433,4.91104],[-73.30439,4.91314],[-73.30498,4.91399],[-73.30781,4.9153],[-73.30995,4.91901],[-73.31147,4.91959],[-73.31232,4.91959],[-73.31311,4.9194],[-73.31515,4.91812],[-73.32081,4.91349],[-73.32209,4.91319],[-73.32391,4.9121],[-73.32459,4.91115],[-73.32451,4.91044],[-73.32372,4.90697],[-73.32295,4.90492],[-73.32348,4.90462],[-73.32487,4.90462],[-73.32719,4.90282],[-73.32874,4.90233],[-73.33173,4.89872],[-73.33333,4.89921],[-73.33423,4.89918],[-73.33472,4.8997],[-73.33556,4.8993],[-73.33602,4.89856],[-73.33638,4.89842],[-73.337,4.8987],[-73.33739,4.89851],[-73.33823,4.89739],[-73.33913,4.89695],[-73.34085,4.89406],[-73.34171,4.89341],[-73.3434,4.89379],[-73.3452,4.8938],[-73.34571,4.89451],[-73.34631,4.89448],[-73.3471,4.89394],[-73.34821,4.89402],[-73.34881,4.89366],[-73.34925,4.89424],[-73.35023,4.89375],[-73.35156,4.89367],[-73.35243,4.89329],[-73.35417,4.89348],[-73.354,4.89391],[-73.35459,4.89481],[-73.35469,4.89586],[-73.35445,4.89659],[-73.35477,4.89739],[-73.35438,4.89856],[-73.35516,4.89937],[-73.35559,4.90077],[-73.35669,4.90107],[-73.35668,4.90167],[-73.35717,4.90226],[-73.35707,4.90383],[-73.35764,4.90498],[-73.35829,4.90556],[-73.35835,4.90689],[-73.3589,4.90764],[-73.35937,4.91088],[-73.36098,4.9137],[-73.36138,4.91395],[-73.36183,4.91487],[-73.36238,4.91522],[-73.36207,4.91796],[-73.36376,4.91917],[-73.36586,4.9196],[-73.36988,4.92214],[-73.37304,4.92521],[-73.37438,4.92736],[-73.3755,4.92863],[-73.37695,4.92777],[-73.37999,4.92702],[-73.3835,4.92536],[-73.38581,4.9233],[-73.38722,4.92085],[-73.39084,4.92052],[-73.39178,4.92126],[-73.39254,4.92228],[-73.3957,4.9221],[-73.39674,4.92184],[-73.39988,4.91965],[-73.40127,4.91906],[-73.40237,4.91808],[-73.40358,4.91558],[-73.40425,4.91348],[-73.40454,4.91113],[-73.40499,4.91017],[-73.40619,4.90886],[-73.40724,4.90692],[-73.40913,4.90578],[-73.41135,4.90576],[-73.41461,4.90632],[-73.41586,4.90624],[-73.41712,4.90597],[-73.41906,4.90501],[-73.42208,4.90507],[-73.42422,4.90458],[-73.42683,4.90447],[-73.42895,4.90404],[-73.43248,4.90537],[-73.43754,4.90628],[-73.43954,4.89895],[-73.43982,4.89642],[-73.43941,4.89516],[-73.44292,4.89339],[-73.44559,4.8911],[-73.44642,4.8898],[-73.44499,4.88959],[-73.44168,4.88768],[-73.44002,4.88754],[-73.43812,4.88697],[-73.43727,4.8871],[-73.43532,4.88377],[-73.43358,4.88241],[-73.43141,4.88129],[-73.42999,4.88118],[-73.42926,4.88148],[-73.42833,4.88123],[-73.42763,4.88068],[-73.42578,4.88008],[-73.42486,4.87915],[-73.42252,4.87975],[-73.4211,4.87932],[-73.42045,4.87978],[-73.41868,4.88019],[-73.41822,4.88019],[-73.41719,4.8795],[-73.41439,4.8798],[-73.41414,4.88081],[-73.41161,4.88146],[-73.41085,4.88075],[-73.40908,4.88069],[-73.4077,4.88015],[-73.40527,4.88113],[-73.40492,4.8808],[-73.40365,4.88061],[-73.402,4.87994],[-73.40157,4.87877],[-73.40045,4.87764],[-73.39976,4.87491],[-73.39813,4.87233],[-73.39849,4.87138],[-73.39813,4.87048],[-73.39632,4.86822],[-73.39614,4.86767],[-73.39447,4.86713],[-73.3943,4.86658],[-73.3932,4.86547],[-73.39394,4.86491],[-73.39343,4.86285],[-73.39384,4.86178],[-73.39276,4.86084],[-73.39356,4.85963],[-73.39327,4.85918],[-73.39349,4.85865],[-73.3925,4.85697],[-73.39091,4.85607],[-73.39087,4.85576],[-73.39185,4.85507],[-73.39305,4.85511],[-73.39323,4.8545],[-73.39368,4.85432],[-73.3945,4.8533],[-73.39277,4.85298],[-73.39185,4.85311],[-73.39201,4.85229],[-73.39138,4.85133],[-73.39126,4.85059],[-73.39179,4.84932],[-73.3912,4.84897],[-73.38918,4.8486],[-73.38702,4.84887],[-73.38578,4.84819],[-73.38492,4.84846],[-73.38439,4.84807],[-73.38358,4.84833],[-73.38172,4.84661],[-73.38064,4.84635],[-73.37467,4.83977],[-73.37475,4.83865],[-73.3741,4.83721],[-73.37437,4.8363],[-73.375,4.83562],[-73.37525,4.83372],[-73.37584,4.83284],[-73.37562,4.83208],[-73.37409,4.83126],[-73.3736,4.83026],[-73.37213,4.82993],[-73.37187,4.82965],[-73.37179,4.8275],[-73.37118,4.82705],[-73.37089,4.82641],[-73.36973,4.82657],[-73.36839,4.82536],[-73.36677,4.82579],[-73.36565,4.8254],[-73.36516,4.82477],[-73.36525,4.8236],[-73.36582,4.82346],[-73.36659,4.82199],[-73.36674,4.82137],[-73.36645,4.82103],[-73.36645,4.82047],[-73.36711,4.82035],[-73.36733,4.82005],[-73.36739,4.81888],[-73.36945,4.81663],[-73.37117,4.81279],[-73.37229,4.81144],[-73.3713,4.80911],[-73.37144,4.808],[-73.37089,4.80628],[-73.37104,4.80481],[-73.37218,4.80254],[-73.3718,4.80152],[-73.37184,4.80082],[-73.36919,4.79937],[-73.36566,4.79902],[-73.3647,4.79918],[-73.36425,4.79887],[-73.36317,4.7967],[-73.36201,4.79654],[-73.35775,4.79498],[-73.35273,4.79581],[-73.35056,4.79438],[-73.34872,4.7945],[-73.34695,4.79347],[-73.34558,4.79335],[-73.34169,4.79191],[-73.34097,4.79132],[-73.3401,4.79674],[-73.33672,4.79962],[-73.33504,4.80187],[-73.33466,4.80291],[-73.33223,4.80573],[-73.33192,4.80691],[-73.33156,4.80736],[-73.32982,4.80771],[-73.33053,4.80815],[-73.33162,4.81137],[-73.33287,4.81382],[-73.33555,4.81699],[-73.33694,4.81751],[-73.33916,4.82081],[-73.33968,4.82226],[-73.33984,4.82299],[-73.33965,4.82392],[-73.33774,4.82793],[-73.33692,4.83123],[-73.33521,4.83289],[-73.33483,4.83357],[-73.33482,4.83581],[-73.33458,4.83643],[-73.3339,4.83709],[-73.33246,4.84118],[-73.33049,4.84336],[-73.32821,4.84723],[-73.32698,4.84875],[-73.32421,4.85112],[-73.32273,4.85208],[-73.32105,4.85276],[-73.31936,4.85423],[-73.31797,4.8566],[-73.3171,4.85761],[-73.31696,4.85856],[-73.31658,4.85913],[-73.31416,4.86183],[-73.31046,4.86761],[-73.30618,4.87194],[-73.30588,4.87265],[-73.30515,4.87317],[-73.3033,4.87537],[-73.29864,4.87943],[-73.29807,4.88022],[-73.29758,4.88191],[-73.29801,4.88336],[-73.29809,4.88548],[-73.29858,4.88661],[-73.29945,4.8872],[-73.29958,4.88979],[-73.30026,4.89329],[-73.30006,4.8952],[-73.30023,4.89585],[-73.29984,4.89732],[-73.3008,4.89885],[-73.30003,4.90229],[-73.299,4.90302]]]},"properties":{"DPTO_CCDGO":"15","MPIO_CCDGO":"236","DPTO_CNMBR":"BOYACÁ","MPIO_CNMBR":"CHIVOR","MPIO_NAREA":"108.679640801","Shape_Leng":"0.566870187364","Shape_Area":"0.00885899653843"}},{"type":"Feature","geometry":{"type":"Polygon","coordinates":[[[-73.03123,6.02117],[-73.03112,6.02185],[-73.03158,6.02291],[-73.03322,6.02297],[-73.03406,6.02343],[-73.03653,6.02271],[-73.0384,6.02301],[-73.0395,6.02283],[-73.04094,6.02219],[-73.04212,6.02128],[-73.04294,6.02108],[-73.04335,6.02038],[-73.04709,6.01953],[-73.04875,6.01832],[-73.04984,6.01683],[-73.05169,6.01627],[-73.05429,6.01369],[-73.05795,6.01312],[-73.05909,6.01329],[-73.06051,6.01178],[-73.0622,6.01105],[-73.06174,6.00724],[-73.06314,6.00481],[-73.06483,6.00033],[-73.06467,5.99629],[-73.06557,5.99391],[-73.06522,5.99176],[-73.06569,5.99101],[-73.06773,5.99005],[-73.06851,5.98915],[-73.06879,5.98814],[-73.06821,5.9844],[-73.06765,5.98268],[-73.06781,5.98204],[-73.06888,5.98122],[-73.07159,5.98038],[-73.07742,5.97742],[-73.08071,5.97709],[-73.08219,5.97719],[-73.08262,5.97499],[-73.08256,5.97333],[-73.08114,5.97163],[-73.08114,5.97017],[-73.08221,5.96871],[-73.08456,5.96705],[-73.08699,5.96559],[-73.08978,5.96457],[-73.09131,5.96434],[-73.0933,5.96464],[-73.09496,5.96601],[-73.09609,5.96614],[-73.09878,5.96349],[-73.10078,5.96226],[-73.10167,5.96216],[-73.10589,5.9635],[-73.10921,5.96364],[-73.11077,5.96477],[-73.11256,5.96404],[-73.11449,5.96142],[-73.11516,5.96089],[-73.11831,5.96103],[-73.12067,5.96216],[-73.12359,5.96224],[-73.12797,5.96081],[-73.12924,5.95955],[-73.13026,5.95926],[-73.13647,5.95937],[-73.13945,5.96081],[-73.14264,5.96108],[-73.144,5.96175],[-73.14463,5.96261],[-73.14546,5.96314],[-73.14702,5.96381],[-73.14881,5.96408],[-73.1511,5.96525],[-73.15418,5.96831],[-73.15474,5.96971],[-73.15514,5.97233],[-73.1552,5.97865],[-73.16182,5.98244],[-73.16638,5.9856],[-73.17022,5.98918],[-73.1712,5.99032],[-73.17191,5.99172],[-73.17551,5.99454],[-73.17171,5.98966],[-73.17144,5.98857],[-73.17223,5.98595],[-73.17197,5.98503],[-73.1719,5.98222],[-73.17156,5.98055],[-73.1694,5.97432],[-73.16853,5.97064],[-73.16761,5.96926],[-73.16374,5.96733],[-73.16304,5.9667],[-73.16151,5.9598],[-73.16019,5.95765],[-73.1599,5.95619],[-73.16009,5.95481],[-73.16126,5.95196],[-73.16113,5.95089],[-73.16029,5.9496],[-73.15883,5.94835],[-73.15606,5.94665],[-73.15254,5.9449],[-73.14765,5.94293],[-73.14498,5.9425],[-73.14398,5.94178],[-73.14295,5.94006],[-73.14295,5.93831],[-73.14264,5.93741],[-73.14153,5.93648],[-73.13841,5.93558],[-73.1359,5.93547],[-73.13447,5.93509],[-73.12915,5.93254],[-73.13033,5.93021],[-73.13035,5.92969],[-73.13149,5.92867],[-73.1315,5.9271],[-73.1305,5.9258],[-73.12925,5.92508],[-73.12925,5.92204],[-73.12669,5.91878],[-73.12646,5.91773],[-73.12681,5.91643],[-73.12733,5.91569],[-73.12883,5.91453],[-73.12912,5.91371],[-73.13046,5.91292],[-73.13172,5.91268],[-73.1328,5.91205],[-73.13308,5.91142],[-73.13375,5.91087],[-73.13418,5.90947],[-73.13513,5.90852],[-73.13508,5.90804],[-73.13574,5.90763],[-73.13495,5.90724],[-73.13491,5.907],[-73.1345,5.90706],[-73.13418,5.90651],[-73.13159,5.90656],[-73.13057,5.90623],[-73.13062,5.90465],[-73.12984,5.90348],[-73.12917,5.90337],[-73.1289,5.90298],[-73.12787,5.90256],[-73.12686,5.90144],[-73.12641,5.90039],[-73.12559,5.90036],[-73.12429,5.89943],[-73.12342,5.89818],[-73.12297,5.89792],[-73.12233,5.89811],[-73.12144,5.89715],[-73.12067,5.89741],[-73.1197,5.89689],[-73.11936,5.8964],[-73.11967,5.89607],[-73.11933,5.89519],[-73.1186,5.89481],[-73.11816,5.89416],[-73.117,5.89413],[-73.11591,5.89329],[-73.11172,5.89242],[-73.10912,5.89097],[-73.10911,5.8896],[-73.10863,5.88888],[-73.10812,5.88638],[-73.10742,5.88478],[-73.10932,5.8785],[-73.1095,5.87582],[-73.10882,5.87446],[-73.10976,5.87347],[-73.11013,5.87228],[-73.11579,5.8719],[-73.11878,5.87102],[-73.11933,5.87062],[-73.11808,5.86936],[-73.1172,5.86651],[-73.11614,5.86608],[-73.11469,5.86462],[-73.11183,5.86259],[-73.1089,5.86136],[-73.10826,5.8605],[-73.10736,5.85993],[-73.1071,5.85912],[-73.10639,5.85894],[-73.10591,5.85829],[-73.10393,5.85758],[-73.10326,5.85656],[-73.10261,5.85627],[-73.10242,5.85549],[-73.1017,5.85479],[-73.10123,5.85362],[-73.09902,5.85154],[-73.09873,5.84956],[-73.09413,5.84666],[-73.09281,5.84415],[-73.09025,5.84242],[-73.08965,5.84119],[-73.08892,5.84112],[-73.08819,5.84045],[-73.08729,5.84022],[-73.08625,5.83917],[-73.08585,5.83822],[-73.08369,5.83585],[-73.08271,5.83537],[-73.08205,5.83437],[-73.08229,5.83385],[-73.08215,5.83255],[-73.08145,5.83198],[-73.08141,5.83122],[-73.07988,5.82819],[-73.07964,5.82588],[-73.07914,5.82527],[-73.07854,5.82284],[-73.07868,5.81938],[-73.07836,5.81504],[-73.07803,5.81409],[-73.07817,5.81083],[-73.07778,5.81061],[-73.0779,5.80961],[-73.07734,5.80843],[-73.07817,5.80497],[-73.07891,5.80327],[-73.07864,5.80221],[-73.0789,5.8014],[-73.0784,5.80008],[-73.07865,5.79969],[-73.07855,5.79883],[-73.07914,5.79841],[-73.07893,5.79813],[-73.07903,5.79734],[-73.07938,5.79697],[-73.07929,5.79642],[-73.07992,5.79572],[-73.08001,5.79519],[-73.07988,5.79477],[-73.07949,5.79483],[-73.07941,5.79408],[-73.0787,5.79341],[-73.07861,5.7914],[-73.0783,5.79115],[-73.0788,5.79044],[-73.07966,5.79025],[-73.07977,5.78972],[-73.07874,5.78972],[-73.07808,5.78897],[-73.07778,5.78657],[-73.07841,5.78528],[-73.0782,5.78417],[-73.08069,5.78284],[-73.08087,5.78168],[-73.08192,5.7795],[-73.08176,5.77888],[-73.08106,5.77817],[-73.08124,5.77614],[-73.08037,5.77541],[-73.07933,5.77498],[-73.0795,5.77434],[-73.07914,5.77383],[-73.07781,5.77376],[-73.07697,5.77287],[-73.07664,5.7729],[-73.07645,5.7735],[-73.07586,5.77279],[-73.07478,5.7729],[-73.07266,5.77371],[-73.07121,5.77304],[-73.0693,5.77332],[-73.06877,5.77302],[-73.0683,5.77162],[-73.06613,5.77138],[-73.06542,5.77103],[-73.06504,5.77038],[-73.06379,5.77175],[-73.063,5.77149],[-73.06255,5.77163],[-73.06221,5.77346],[-73.06312,5.77466],[-73.06236,5.77553],[-73.06134,5.77596],[-73.05966,5.77599],[-73.05854,5.77484],[-73.05632,5.77587],[-73.05554,5.77586],[-73.05173,5.77453],[-73.05081,5.77388],[-73.04978,5.7728],[-73.04884,5.77235],[-73.04669,5.77265],[-73.04528,5.77247],[-73.04505,5.77225],[-73.04506,5.77058],[-73.04464,5.77006],[-73.04428,5.77011],[-73.04188,5.77085],[-73.04137,5.77262],[-73.04034,5.77388],[-73.04102,5.77534],[-73.03693,5.77688],[-73.03585,5.77757],[-73.03395,5.78067],[-73.03294,5.78079],[-73.03149,5.77988],[-73.03071,5.77983],[-73.02994,5.77914],[-73.02854,5.77863],[-73.02743,5.77966],[-73.0264,5.77998],[-73.02614,5.78084],[-73.02481,5.78054],[-73.02234,5.78226],[-73.02191,5.78331],[-73.02277,5.78427],[-73.02151,5.78497],[-73.02156,5.7857],[-73.02079,5.78614],[-73.02115,5.78693],[-73.02099,5.7876],[-73.01982,5.78934],[-73.01851,5.79012],[-73.01851,5.79111],[-73.01667,5.79142],[-73.01697,5.79329],[-73.01755,5.79427],[-73.01725,5.79472],[-73.01619,5.79509],[-73.01613,5.79597],[-73.01692,5.79673],[-73.01767,5.79867],[-73.0166,5.79873],[-73.01592,5.79911],[-73.01598,5.80124],[-73.01502,5.80335],[-73.01537,5.80427],[-73.01454,5.80519],[-73.01471,5.80733],[-73.01328,5.80899],[-73.00952,5.80742],[-73.00924,5.80806],[-73.01047,5.80854],[-73.01076,5.80926],[-73.01006,5.80914],[-73.00864,5.80835],[-73.00564,5.8075],[-73.00478,5.80799],[-73.00367,5.80763],[-73.00307,5.80904],[-73.00163,5.80758],[-73.00009,5.80809],[-72.99923,5.80748],[-72.99852,5.80798],[-72.99698,5.80805],[-72.99653,5.80788],[-72.99543,5.80671],[-72.99419,5.80746],[-72.99398,5.80734],[-72.99342,5.80552],[-72.99221,5.8052],[-72.99257,5.80561],[-72.99248,5.80871],[-72.99298,5.8115],[-72.99448,5.81304],[-72.99688,5.8209],[-72.99706,5.82233],[-72.99678,5.82307],[-72.99722,5.82399],[-72.99763,5.82616],[-72.9973,5.82703],[-72.9977,5.82762],[-72.99694,5.82857],[-72.9972,5.82898],[-72.99818,5.82826],[-72.99929,5.83083],[-72.9998,5.83169],[-73.00006,5.83173],[-73.00144,5.83078],[-73.00222,5.82985],[-73.00373,5.82898],[-73.00533,5.82855],[-73.00712,5.82539],[-73.00814,5.82466],[-73.00965,5.82424],[-73.01018,5.82433],[-73.01116,5.82551],[-73.01214,5.82939],[-73.01304,5.82943],[-73.01301,5.82971],[-73.0121,5.83021],[-73.01235,5.83094],[-73.01354,5.83161],[-73.01386,5.8321],[-73.013,5.83359],[-73.01294,5.83417],[-73.01379,5.83876],[-73.01349,5.83974],[-73.01389,5.8398],[-73.01476,5.83926],[-73.01483,5.83955],[-73.0148,5.84087],[-73.01457,5.84124],[-73.0147,5.84227],[-73.01441,5.84283],[-73.01443,5.8437],[-73.01376,5.84521],[-73.01436,5.84706],[-73.01437,5.84822],[-73.01412,5.84947],[-73.01291,5.84938],[-73.01255,5.84964],[-73.013,5.85069],[-73.01295,5.85156],[-73.01157,5.8531],[-73.01297,5.85605],[-73.01264,5.85666],[-73.01272,5.85829],[-73.01236,5.86016],[-73.01261,5.86161],[-73.01025,5.86375],[-73.00921,5.86363],[-73.00889,5.86388],[-73.00867,5.86425],[-73.00882,5.86528],[-73.0084,5.86575],[-73.00878,5.86604],[-73.00807,5.86745],[-73.00869,5.8701],[-73.00967,5.8709],[-73.00975,5.87161],[-73.01024,5.87179],[-73.01088,5.87332],[-73.01074,5.87388],[-73.01097,5.87452],[-73.01066,5.87505],[-73.0107,5.87551],[-73.01092,5.87643],[-73.01155,5.87735],[-73.01129,5.87805],[-73.01157,5.87899],[-73.01211,5.87962],[-73.01231,5.8827],[-73.01303,5.88468],[-73.01328,5.885],[-73.01402,5.88509],[-73.01414,5.88555],[-73.01506,5.88586],[-73.01593,5.88673],[-73.01602,5.88725],[-73.01653,5.88755],[-73.01657,5.88821],[-73.01693,5.88812],[-73.01687,5.88942],[-73.0175,5.89047],[-73.01606,5.89278],[-73.0161,5.89347],[-73.01649,5.89393],[-73.01641,5.89442],[-73.01749,5.89575],[-73.01884,5.89822],[-73.01909,5.89967],[-73.02042,5.90193],[-73.02047,5.90271],[-73.02095,5.90308],[-73.02184,5.9049],[-73.02202,5.9064],[-73.02255,5.90767],[-73.0233,5.9086],[-73.02559,5.91032],[-73.0259,5.91191],[-73.02655,5.91234],[-73.02667,5.91272],[-73.02448,5.91648],[-73.02475,5.918],[-73.0241,5.92098],[-73.02242,5.92327],[-73.02152,5.92592],[-73.0215,5.92805],[-73.02191,5.9293],[-73.02313,5.93063],[-73.02378,5.93234],[-73.02434,5.93306],[-73.02688,5.93484],[-73.02819,5.93652],[-73.03138,5.93854],[-73.03211,5.93969],[-73.03481,5.94264],[-73.03536,5.94469],[-73.03521,5.94567],[-73.03546,5.94675],[-73.03493,5.94832],[-73.03558,5.95267],[-73.03526,5.95867],[-73.0355,5.95988],[-73.04065,5.96444],[-73.04117,5.96687],[-73.04145,5.96736],[-73.0423,5.96785],[-73.04331,5.96955],[-73.04751,5.97254],[-73.04834,5.97268],[-73.04872,5.97352],[-73.04859,5.97473],[-73.04892,5.97506],[-73.04863,5.97563],[-73.04875,5.97767],[-73.04838,5.97881],[-73.04729,5.9799],[-73.04708,5.98143],[-73.04539,5.98295],[-73.04555,5.98437],[-73.04462,5.98591],[-73.04453,5.98689],[-73.04338,5.98791],[-73.04333,5.98854],[-73.04201,5.99053],[-73.04088,5.99111],[-73.04027,5.99427],[-73.04105,5.99638],[-73.04073,5.99771],[-73.04171,5.99947],[-73.04148,6.0005],[-73.04183,6.00092],[-73.04158,6.00151],[-73.04126,6.0016],[-73.04155,6.00219],[-73.04124,6.00334],[-73.04011,6.00485],[-73.03719,6.00586],[-73.03663,6.00713],[-73.03522,6.00795],[-73.03467,6.00876],[-73.03471,6.01065],[-73.03413,6.01167],[-73.03424,6.01222],[-73.03372,6.01323],[-73.03414,6.01416],[-73.033,6.01548],[-73.03347,6.01592],[-73.03331,6.01729],[-73.0327,6.01762],[-73.03286,6.01812],[-73.03241,6.01922],[-73.03246,6.02023],[-73.03123,6.02117]]]},"properties":{"DPTO_CCDGO":"15","MPIO_CCDGO":"238","DPTO_CNMBR":"BOYACÁ","MPIO_CNMBR":"DUITAMA","MPIO_NAREA":"234.024392547","Shape_Leng":"0.959491539967","Shape_Area":"0.0191046635815"}},{"type":"Feature","geometry":{"type":"Polygon","coordinates":[[[-72.31493,6.35798],[-72.31494,6.36001],[-72.31536,6.36067],[-72.32099,6.36553],[-72.32024,6.3708],[-72.32256,6.37388],[-72.32419,6.37666],[-72.32715,6.3867],[-72.3311,6.39382],[-72.33118,6.39466],[-72.33078,6.3961],[-72.33136,6.39796],[-72.33119,6.40074],[-72.33182,6.40179],[-72.3321,6.40328],[-72.33299,6.4043],[-72.33411,6.40462],[-72.3378,6.40388],[-72.34174,6.40374],[-72.34276,6.40321],[-72.34557,6.40324],[-72.36329,6.40212],[-72.36665,6.403],[-72.3713,6.40345],[-72.37264,6.40382],[-72.37307,6.4041],[-72.37421,6.40591],[-72.37534,6.40663],[-72.3766,6.40827],[-72.37891,6.40868],[-72.3806,6.40935],[-72.38162,6.4091],[-72.38298,6.40955],[-72.38371,6.41063],[-72.38368,6.4111],[-72.38424,6.41224],[-72.38412,6.41574],[-72.3864,6.41649],[-72.38739,6.41728],[-72.3896,6.41808],[-72.39155,6.41834],[-72.39223,6.41624],[-72.39263,6.41612],[-72.39354,6.41608],[-72.39547,6.41682],[-72.39719,6.41652],[-72.39812,6.41566],[-72.3991,6.4137],[-72.39946,6.4134],[-72.40008,6.41339],[-72.40491,6.41528],[-72.40667,6.41715],[-72.40878,6.41723],[-72.4096,6.41763],[-72.41098,6.41767],[-72.41541,6.42133],[-72.41696,6.4221],[-72.42005,6.42212],[-72.42112,6.42361],[-72.42445,6.42503],[-72.42586,6.42726],[-72.427,6.42841],[-72.42794,6.43026],[-72.4285,6.43256],[-72.42831,6.43559],[-72.42944,6.43724],[-72.42915,6.43771],[-72.4309,6.44001],[-72.43222,6.43929],[-72.43453,6.43711],[-72.43536,6.43686],[-72.43646,6.43602],[-72.43681,6.43526],[-72.439,6.43338],[-72.43943,6.4327],[-72.43968,6.43293],[-72.44078,6.43204],[-72.44183,6.43042],[-72.44303,6.42992],[-72.44346,6.42813],[-72.44403,6.42743],[-72.44446,6.42796],[-72.44553,6.42642],[-72.44717,6.42654],[-72.44726,6.42499],[-72.44799,6.42336],[-72.44992,6.42358],[-72.45107,6.42297],[-72.45273,6.42236],[-72.45351,6.42241],[-72.45471,6.4218],[-72.45556,6.422],[-72.45696,6.42155],[-72.45877,6.42176],[-72.45867,6.41985],[-72.45775,6.41845],[-72.45751,6.41762],[-72.45673,6.41736],[-72.456,6.41626],[-72.45774,6.41495],[-72.45776,6.4146],[-72.45837,6.41416],[-72.45981,6.41214],[-72.46105,6.41179],[-72.46293,6.40978],[-72.4663,6.40837],[-72.46712,6.40769],[-72.46957,6.40264],[-72.4704,6.39815],[-72.47123,6.39715],[-72.47248,6.39652],[-72.47109,6.39536],[-72.47218,6.39491],[-72.47403,6.39303],[-72.47549,6.39285],[-72.47707,6.39141],[-72.47814,6.39115],[-72.47953,6.39131],[-72.48008,6.39171],[-72.48053,6.39253],[-72.48068,6.39363],[-72.48104,6.39407],[-72.48253,6.39394],[-72.48403,6.39315],[-72.48448,6.39155],[-72.48547,6.39085],[-72.48515,6.38764],[-72.48418,6.38501],[-72.48336,6.38376],[-72.48225,6.38121],[-72.48131,6.37687],[-72.47898,6.37557],[-72.47835,6.37498],[-72.47795,6.37405],[-72.48254,6.37217],[-72.48494,6.37152],[-72.48629,6.37157],[-72.48907,6.3704],[-72.49106,6.36911],[-72.49306,6.36902],[-72.4939,6.36861],[-72.49531,6.36878],[-72.49728,6.36805],[-72.50184,6.36733],[-72.50562,6.36807],[-72.50729,6.3694],[-72.50867,6.36987],[-72.50846,6.36778],[-72.50801,6.36618],[-72.50915,6.36199],[-72.51023,6.35949],[-72.51029,6.3574],[-72.51067,6.35685],[-72.51215,6.35626],[-72.51422,6.35425],[-72.5158,6.35133],[-72.51775,6.34925],[-72.51628,6.34657],[-72.51504,6.34085],[-72.51375,6.33651],[-72.51261,6.33459],[-72.51088,6.33322],[-72.51048,6.33245],[-72.51051,6.33174],[-72.51249,6.32999],[-72.51276,6.32916],[-72.51099,6.32514],[-72.51103,6.32413],[-72.51176,6.32163],[-72.51046,6.32037],[-72.51019,6.31858],[-72.5096,6.31761],[-72.50957,6.31546],[-72.51036,6.31378],[-72.51118,6.31282],[-72.51125,6.31204],[-72.51054,6.31119],[-72.50574,6.30963],[-72.50422,6.30887],[-72.50068,6.30574],[-72.50045,6.30064],[-72.49849,6.29676],[-72.49897,6.294],[-72.49889,6.29271],[-72.49602,6.2871],[-72.49623,6.28845],[-72.49581,6.28956],[-72.49583,6.29083],[-72.49556,6.29124],[-72.49397,6.29253],[-72.49202,6.2936],[-72.49062,6.29379],[-72.48981,6.2951],[-72.48905,6.29481],[-72.48891,6.29547],[-72.48817,6.29545],[-72.48817,6.29729],[-72.48778,6.29838],[-72.48541,6.29982],[-72.48353,6.30265],[-72.4822,6.3034],[-72.47281,6.30586],[-72.46806,6.30547],[-72.46442,6.30405],[-72.463,6.30421],[-72.4554,6.3036],[-72.45242,6.30397],[-72.45364,6.29965],[-72.44932,6.29502],[-72.44818,6.29313],[-72.4472,6.29062],[-72.44551,6.28865],[-72.44434,6.28674],[-72.44017,6.28298],[-72.43971,6.28274],[-72.43786,6.28502],[-72.43702,6.28567],[-72.43574,6.28614],[-72.43476,6.28607],[-72.43282,6.28494],[-72.42902,6.28123],[-72.42478,6.27867],[-72.42297,6.27829],[-72.42035,6.27871],[-72.41879,6.27722],[-72.41493,6.27611],[-72.41242,6.27437],[-72.41017,6.27386],[-72.40851,6.27314],[-72.4043,6.27305],[-72.40188,6.27091],[-72.40087,6.27046],[-72.39943,6.27049],[-72.39651,6.27227],[-72.39615,6.27416],[-72.39555,6.27504],[-72.39373,6.27659],[-72.39046,6.28213],[-72.39001,6.28265],[-72.38772,6.28401],[-72.38572,6.28689],[-72.37892,6.29312],[-72.37768,6.2963],[-72.37615,6.30305],[-72.37376,6.30656],[-72.37317,6.30798],[-72.37308,6.30959],[-72.37236,6.31134],[-72.37356,6.31305],[-72.3735,6.31367],[-72.37281,6.3153],[-72.37164,6.3168],[-72.37135,6.31915],[-72.37036,6.32062],[-72.36873,6.32226],[-72.36492,6.32461],[-72.36307,6.32653],[-72.36028,6.33152],[-72.35725,6.33601],[-72.35639,6.34028],[-72.35402,6.34354],[-72.35191,6.34465],[-72.34807,6.34491],[-72.34489,6.34473],[-72.34136,6.34585],[-72.33962,6.34611],[-72.33854,6.34555],[-72.33798,6.34399],[-72.33585,6.34128],[-72.33395,6.3378],[-72.33267,6.33733],[-72.32971,6.33722],[-72.32824,6.33646],[-72.32557,6.33566],[-72.32412,6.33433],[-72.32297,6.33213],[-72.32165,6.33184],[-72.32093,6.33332],[-72.32032,6.33392],[-72.31699,6.33485],[-72.31704,6.33594],[-72.3183,6.33778],[-72.31839,6.33981],[-72.31722,6.34185],[-72.31667,6.34357],[-72.31531,6.34425],[-72.31633,6.34807],[-72.31631,6.3488],[-72.31557,6.35082],[-72.31645,6.35227],[-72.31656,6.35519],[-72.31565,6.35752],[-72.31493,6.35798]]]},"properties":{"DPTO_CCDGO":"15","MPIO_CCDGO":"244","DPTO_CNMBR":"BOYACÁ","MPIO_CNMBR":"EL COCUY","MPIO_NAREA":"238.344619432","Shape_Leng":"0.715962734919","Shape_Area":"0.0194635639745"}},{"type":"Feature","geometry":{"type":"Polygon","coordinates":[[[-72.42126,6.51948],[-72.42406,6.52276],[-72.42503,6.52341],[-72.42653,6.52373],[-72.42841,6.52319],[-72.43014,6.52346],[-72.43162,6.52474],[-72.43376,6.5252],[-72.43753,6.52832],[-72.43991,6.52929],[-72.44209,6.53136],[-72.44418,6.53401],[-72.44631,6.53879],[-72.45037,6.53905],[-72.45175,6.53865],[-72.45423,6.53928],[-72.45667,6.54243],[-72.45788,6.54532],[-72.45804,6.54639],[-72.45887,6.54789],[-72.45957,6.5485],[-72.46295,6.54937],[-72.46459,6.54877],[-72.46683,6.54888],[-72.4672,6.54782],[-72.46824,6.54752],[-72.47303,6.54752],[-72.47457,6.54844],[-72.47522,6.54913],[-72.47637,6.54968],[-72.47694,6.54976],[-72.47775,6.54912],[-72.4787,6.54894],[-72.48065,6.54968],[-72.48168,6.54937],[-72.48234,6.54967],[-72.48418,6.54918],[-72.48425,6.54808],[-72.48709,6.54592],[-72.48788,6.5459],[-72.48785,6.5451],[-72.48881,6.54484],[-72.49026,6.54347],[-72.49359,6.54216],[-72.49378,6.54172],[-72.49452,6.54154],[-72.49487,6.54107],[-72.49567,6.54091],[-72.49804,6.5397],[-72.50028,6.53916],[-72.50185,6.53908],[-72.50249,6.53854],[-72.50259,6.53737],[-72.50355,6.53619],[-72.50384,6.53614],[-72.50417,6.53668],[-72.50447,6.53665],[-72.50554,6.53509],[-72.50634,6.52969],[-72.50738,6.52838],[-72.50799,6.52698],[-72.50881,6.52728],[-72.50929,6.52713],[-72.51094,6.52491],[-72.51196,6.5246],[-72.51246,6.52383],[-72.51399,6.52288],[-72.51711,6.51852],[-72.51861,6.51589],[-72.51889,6.51484],[-72.5197,6.51413],[-72.5211,6.51379],[-72.52179,6.51279],[-72.5227,6.51233],[-72.52331,6.51078],[-72.52458,6.51039],[-72.52591,6.50942],[-72.52613,6.50914],[-72.52621,6.50748],[-72.5289,6.50635],[-72.52918,6.50594],[-72.53063,6.50572],[-72.5327,6.50425],[-72.53348,6.50295],[-72.53429,6.50281],[-72.5331,6.50142],[-72.53337,6.50064],[-72.5333,6.49986],[-72.53438,6.49605],[-72.53455,6.49426],[-72.53544,6.49307],[-72.53624,6.4927],[-72.53664,6.492],[-72.5376,6.49137],[-72.53781,6.49023],[-72.53899,6.48883],[-72.53924,6.48797],[-72.53829,6.4876],[-72.53709,6.48771],[-72.53498,6.48662],[-72.53455,6.48682],[-72.53345,6.48643],[-72.53156,6.48667],[-72.53103,6.48574],[-72.52965,6.48495],[-72.52829,6.48488],[-72.52763,6.48426],[-72.52714,6.48328],[-72.52634,6.48315],[-72.52571,6.48119],[-72.52511,6.48061],[-72.52355,6.4798],[-72.52266,6.48025],[-72.52082,6.48014],[-72.51926,6.47789],[-72.51865,6.4775],[-72.51729,6.47738],[-72.51609,6.4776],[-72.51413,6.47707],[-72.51288,6.4775],[-72.5098,6.47737],[-72.50725,6.47676],[-72.50435,6.47653],[-72.50295,6.47598],[-72.50283,6.47529],[-72.50249,6.47499],[-72.50153,6.47558],[-72.4996,6.47519],[-72.49779,6.47389],[-72.49668,6.4723],[-72.49539,6.47112],[-72.49283,6.46941],[-72.49158,6.46897],[-72.49,6.46639],[-72.48887,6.4661],[-72.4875,6.46484],[-72.48654,6.46468],[-72.48571,6.46415],[-72.48445,6.46527],[-72.48127,6.46571],[-72.47844,6.46555],[-72.47585,6.46615],[-72.47426,6.46884],[-72.47456,6.47009],[-72.47438,6.47224],[-72.47279,6.47385],[-72.47146,6.4772],[-72.47138,6.47877],[-72.46853,6.47995],[-72.46729,6.48141],[-72.46452,6.48186],[-72.46363,6.48161],[-72.46297,6.48188],[-72.46215,6.48299],[-72.46194,6.484],[-72.46147,6.48455],[-72.46079,6.48484],[-72.46033,6.48552],[-72.45947,6.48604],[-72.45865,6.48602],[-72.45819,6.48629],[-72.4578,6.48818],[-72.4568,6.48973],[-72.45411,6.49051],[-72.45397,6.49023],[-72.45333,6.49007],[-72.44878,6.49011],[-72.44723,6.48932],[-72.44342,6.4911],[-72.44263,6.49254],[-72.44069,6.49218],[-72.43734,6.49406],[-72.43651,6.49494],[-72.43593,6.49662],[-72.43566,6.49855],[-72.43373,6.50253],[-72.43263,6.50379],[-72.43248,6.50539],[-72.432,6.50583],[-72.43067,6.50628],[-72.43008,6.50721],[-72.42946,6.5076],[-72.42926,6.50886],[-72.42783,6.51112],[-72.42626,6.5125],[-72.42378,6.51551],[-72.42287,6.5179],[-72.42126,6.51948]]]},"properties":{"DPTO_CCDGO":"15","MPIO_CCDGO":"248","DPTO_CNMBR":"BOYACÁ","MPIO_CNMBR":"EL ESPINO","MPIO_NAREA":"69.400666273","Shape_Leng":"0.338906921669","Shape_Area":"0.00566938649932"}},{"type":"Feature","geometry":{"type":"Polygon","coordinates":[[[-72.94739,5.71443],[-72.94876,5.71388],[-72.94949,5.71428],[-72.95051,5.71409],[-72.9519,5.7144],[-72.95429,5.71381],[-72.96104,5.71123],[-72.96455,5.70863],[-72.96489,5.70875],[-72.96663,5.71138],[-72.97028,5.7158],[-72.97259,5.72055],[-72.98084,5.71919],[-72.98318,5.72027],[-72.98588,5.72047],[-72.98699,5.72117],[-72.99028,5.72103],[-72.99406,5.72046],[-72.99404,5.72019],[-72.99593,5.72079],[-72.99607,5.72114],[-72.99837,5.72282],[-73.0001,5.72131],[-73.00553,5.71979],[-73.00907,5.71963],[-73.00959,5.72012],[-73.01126,5.72008],[-73.0155,5.7209],[-73.0171,5.72145],[-73.02011,5.72179],[-73.02425,5.72446],[-73.02987,5.72061],[-73.03168,5.71774],[-73.03243,5.71511],[-73.0337,5.71426],[-73.03547,5.71366],[-73.03607,5.71218],[-73.03787,5.71003],[-73.03858,5.70839],[-73.03739,5.70692],[-73.03768,5.70646],[-73.03832,5.70277],[-73.03953,5.70044],[-73.04546,5.69473],[-73.04778,5.69318],[-73.05136,5.69154],[-73.05501,5.68885],[-73.05945,5.68697],[-73.06082,5.68594],[-73.06386,5.68446],[-73.06891,5.68245],[-73.07338,5.67919],[-73.07545,5.67838],[-73.07721,5.6766],[-73.07772,5.67458],[-73.07844,5.67307],[-73.08166,5.67315],[-73.08345,5.6715],[-73.08604,5.66972],[-73.08725,5.66937],[-73.09307,5.66629],[-73.09473,5.66438],[-73.09884,5.66173],[-73.09934,5.66126],[-73.09972,5.66031],[-73.10197,5.65888],[-73.10246,5.65913],[-73.10254,5.65874],[-73.10351,5.65836],[-73.10413,5.6576],[-73.10392,5.65669],[-73.10411,5.65616],[-73.10304,5.6552],[-73.10342,5.65455],[-73.10248,5.65367],[-73.10171,5.65366],[-73.10089,5.65303],[-73.10065,5.65269],[-73.10063,5.65174],[-73.09884,5.65065],[-73.09789,5.64936],[-73.09682,5.64927],[-73.09637,5.64787],[-73.09545,5.64751],[-73.09257,5.64715],[-73.0894,5.6445],[-73.08789,5.64405],[-73.08659,5.64305],[-73.08463,5.64066],[-73.0842,5.6393],[-73.0827,5.63705],[-73.0826,5.63624],[-73.08171,5.63466],[-73.08182,5.63378],[-73.08096,5.63237],[-73.08005,5.63005],[-73.07879,5.62945],[-73.07735,5.62915],[-73.07605,5.62846],[-73.06957,5.6399],[-73.06829,5.64135],[-73.06614,5.64292],[-73.065,5.64445],[-73.06331,5.64556],[-73.06323,5.6449],[-73.06237,5.6436],[-73.06248,5.64279],[-73.06217,5.64233],[-73.06243,5.64176],[-73.06237,5.64094],[-73.05957,5.63914],[-73.05865,5.63632],[-73.05727,5.63555],[-73.05749,5.63483],[-73.05574,5.6318],[-73.05506,5.63174],[-73.0535,5.63236],[-73.05282,5.63185],[-73.05151,5.63159],[-73.04986,5.6306],[-73.04915,5.63107],[-73.04855,5.63093],[-73.04697,5.63124],[-73.04552,5.63197],[-73.04158,5.63182],[-73.04015,5.63145],[-73.03967,5.63073],[-73.03914,5.63045],[-73.03691,5.63041],[-73.03572,5.62942],[-73.03324,5.62879],[-73.03218,5.62805],[-73.03125,5.62691],[-73.02944,5.6271],[-73.02799,5.6275],[-73.02695,5.62828],[-73.02165,5.63456],[-73.01657,5.6396],[-73.01296,5.64233],[-73.01131,5.64296],[-73.00895,5.64342],[-73.00769,5.64325],[-73.00512,5.64183],[-73.0039,5.63961],[-73.00436,5.63403],[-73.00499,5.63208],[-73.00593,5.63137],[-73.00465,5.63066],[-72.99839,5.62961],[-72.99805,5.62993],[-72.99796,5.63159],[-72.99714,5.63368],[-72.99885,5.63558],[-72.99722,5.63698],[-72.99577,5.63589],[-72.99413,5.63514],[-72.99337,5.63403],[-72.99092,5.63737],[-72.99019,5.63791],[-72.99001,5.63995],[-72.99057,5.64043],[-72.99007,5.64092],[-72.99136,5.64208],[-72.98924,5.64386],[-72.98779,5.64259],[-72.98744,5.64166],[-72.98628,5.64154],[-72.98213,5.63972],[-72.98148,5.63993],[-72.98055,5.6397],[-72.97925,5.63987],[-72.97772,5.64042],[-72.97712,5.64105],[-72.97641,5.64252],[-72.97504,5.64401],[-72.97045,5.64551],[-72.96961,5.6464],[-72.96707,5.64411],[-72.96573,5.64707],[-72.96345,5.64909],[-72.96338,5.6493],[-72.96409,5.64993],[-72.96417,5.65042],[-72.96496,5.65076],[-72.96618,5.65239],[-72.96716,5.65325],[-72.96716,5.65387],[-72.96751,5.65423],[-72.96728,5.65627],[-72.96764,5.65887],[-72.96844,5.65966],[-72.96949,5.6621],[-72.97112,5.66457],[-72.96815,5.66824],[-72.96597,5.67186],[-72.96425,5.67759],[-72.96444,5.67946],[-72.96394,5.68105],[-72.96065,5.68774],[-72.95913,5.68916],[-72.95777,5.69288],[-72.95883,5.69348],[-72.95569,5.69798],[-72.9499,5.70854],[-72.94701,5.71394],[-72.94739,5.71443]]]},"properties":{"DPTO_CCDGO":"15","MPIO_CCDGO":"272","DPTO_CNMBR":"BOYACÁ","MPIO_CNMBR":"FIRAVITOBA","MPIO_NAREA":"109.340136615","Shape_Leng":"0.504074495439","Shape_Area":"0.00892241871622"}},{"type":"Feature","geometry":{"type":"Polygon","coordinates":[[[-72.87245,5.87473],[-72.87226,5.87838],[-72.87266,5.88103],[-72.87203,5.88361],[-72.87308,5.88442],[-72.87512,5.88438],[-72.87605,5.88484],[-72.8769,5.88599],[-72.88038,5.88641],[-72.8813,5.88603],[-72.88273,5.88625],[-72.88719,5.88605],[-72.88799,5.88583],[-72.88894,5.88504],[-72.88988,5.88495],[-72.8926,5.88586],[-72.89289,5.88677],[-72.89393,5.88712],[-72.89472,5.88814],[-72.89781,5.89409],[-72.89929,5.895],[-72.90376,5.89921],[-72.90498,5.90288],[-72.90574,5.9037],[-72.90603,5.90471],[-72.90712,5.90612],[-72.90724,5.90726],[-72.90697,5.90895],[-72.90729,5.91056],[-72.90609,5.91264],[-72.90681,5.91399],[-72.90917,5.91654],[-72.91369,5.91803],[-72.91718,5.91789],[-72.9185,5.91841],[-72.91949,5.91977],[-72.92009,5.92156],[-72.92298,5.92517],[-72.9249,5.92835],[-72.92527,5.92858],[-72.92678,5.92525],[-72.9277,5.92442],[-72.93076,5.92162],[-72.92954,5.91893],[-72.93102,5.91681],[-72.9312,5.91564],[-72.93086,5.91478],[-72.9308,5.91298],[-72.93092,5.91187],[-72.93122,5.91139],[-72.93252,5.91064],[-72.93402,5.9105],[-72.93604,5.91127],[-72.93773,5.91124],[-72.94018,5.9118],[-72.94154,5.91042],[-72.94429,5.90881],[-72.94835,5.90447],[-72.94879,5.90255],[-72.95093,5.89796],[-72.95122,5.89621],[-72.951,5.89411],[-72.94984,5.89273],[-72.94969,5.89244],[-72.94994,5.89196],[-72.9512,5.89038],[-72.95221,5.8885],[-72.9531,5.88882],[-72.95445,5.88876],[-72.95505,5.8886],[-72.95601,5.88774],[-72.95829,5.88425],[-72.95902,5.88269],[-72.96029,5.87731],[-72.96304,5.87442],[-72.96565,5.87044],[-72.96703,5.86934],[-72.9689,5.86645],[-72.97147,5.86368],[-72.97281,5.8618],[-72.97514,5.85981],[-72.97576,5.85849],[-72.97506,5.85586],[-72.97332,5.85365],[-72.97125,5.84874],[-72.96726,5.84655],[-72.9629,5.84089],[-72.96253,5.84057],[-72.96134,5.84039],[-72.95968,5.83949],[-72.9589,5.83695],[-72.95843,5.83621],[-72.95613,5.83511],[-72.9549,5.83381],[-72.95435,5.83274],[-72.95333,5.83195],[-72.95205,5.83039],[-72.94982,5.8291],[-72.94848,5.8278],[-72.94833,5.82735],[-72.94879,5.82401],[-72.94784,5.8223],[-72.94655,5.82076],[-72.94634,5.81697],[-72.94599,5.8161],[-72.94616,5.81522],[-72.94571,5.8126],[-72.94514,5.81095],[-72.9433,5.80933],[-72.94256,5.80826],[-72.94325,5.80659],[-72.94357,5.8052],[-72.94298,5.80423],[-72.93977,5.80411],[-72.93869,5.80378],[-72.938,5.80314],[-72.93737,5.801],[-72.93694,5.80034],[-72.93605,5.79955],[-72.93502,5.79917],[-72.93292,5.79894],[-72.93139,5.79972],[-72.92684,5.80102],[-72.92042,5.80008],[-72.91742,5.80031],[-72.91482,5.79921],[-72.91284,5.79767],[-72.90754,5.80087],[-72.90552,5.80144],[-72.90297,5.80149],[-72.90181,5.80102],[-72.89992,5.79869],[-72.89722,5.7962],[-72.89668,5.79535],[-72.89623,5.79528],[-72.89594,5.79783],[-72.89642,5.80091],[-72.89598,5.80476],[-72.89609,5.80524],[-72.89753,5.80699],[-72.89763,5.80768],[-72.89708,5.81119],[-72.89629,5.81209],[-72.89654,5.81265],[-72.89754,5.81337],[-72.89785,5.81492],[-72.89782,5.81659],[-72.89747,5.81782],[-72.89582,5.82034],[-72.89661,5.82045],[-72.89593,5.82228],[-72.89584,5.8236],[-72.89662,5.82521],[-72.89665,5.82709],[-72.89828,5.83255],[-72.89917,5.83671],[-72.89561,5.84109],[-72.89489,5.84332],[-72.89328,5.84572],[-72.89303,5.84649],[-72.89311,5.84768],[-72.8945,5.8511],[-72.8949,5.85399],[-72.89386,5.8552],[-72.89365,5.85691],[-72.8929,5.85851],[-72.89186,5.85974],[-72.89217,5.86232],[-72.89135,5.86468],[-72.89184,5.86576],[-72.89119,5.86647],[-72.88932,5.8673],[-72.88747,5.86864],[-72.88649,5.86889],[-72.88386,5.86869],[-72.88076,5.86968],[-72.87944,5.87091],[-72.8761,5.87261],[-72.87347,5.87342],[-72.87275,5.87474],[-72.87245,5.87473]]]},"properties":{"DPTO_CCDGO":"15","MPIO_CCDGO":"276","DPTO_CNMBR":"BOYACÁ","MPIO_CNMBR":"FLORESTA","MPIO_NAREA":"88.1284564309","Shape_Leng":"0.414792863487","Shape_Area":"0.00719332757743"}},{"type":"Feature","geometry":{"type":"Polygon","coordinates":[[[-73.50026,5.77887],[-73.50171,5.78019],[-73.50344,5.78267],[-73.50354,5.78356],[-73.503,5.78558],[-73.50524,5.7884],[-73.50764,5.78876],[-73.50795,5.79027],[-73.50824,5.79048],[-73.50893,5.7902],[-73.51131,5.79028],[-73.51182,5.79129],[-73.51358,5.79235],[-73.51452,5.79347],[-73.51528,5.79375],[-73.5164,5.79528],[-73.51658,5.7963],[-73.51768,5.79677],[-73.51875,5.79802],[-73.51976,5.79876],[-73.52284,5.79941],[-73.52386,5.79948],[-73.52451,5.7964],[-73.52674,5.79089],[-73.52679,5.78957],[-73.52771,5.78824],[-73.52963,5.7888],[-73.53221,5.78796],[-73.53428,5.78798],[-73.5352,5.78761],[-73.53558,5.78784],[-73.53629,5.78934],[-73.53681,5.78974],[-73.53761,5.78982],[-73.53837,5.78948],[-73.54015,5.78946],[-73.54072,5.78888],[-73.54179,5.78849],[-73.54203,5.78751],[-73.54252,5.78713],[-73.5426,5.78671],[-73.54405,5.78714],[-73.54521,5.78714],[-73.54724,5.78921],[-73.54876,5.78904],[-73.55111,5.79093],[-73.55146,5.7919],[-73.55334,5.79404],[-73.55582,5.79504],[-73.55825,5.79516],[-73.55967,5.79569],[-73.56397,5.79604],[-73.56543,5.79785],[-73.56566,5.79867],[-73.56657,5.7996],[-73.56684,5.80066],[-73.56795,5.80149],[-73.56815,5.802],[-73.56936,5.80208],[-73.57004,5.80241],[-73.57081,5.80331],[-73.57165,5.80362],[-73.57251,5.80454],[-73.57383,5.80486],[-73.57427,5.80566],[-73.57654,5.80593],[-73.57617,5.80416],[-73.57693,5.80191],[-73.57827,5.80134],[-73.57945,5.80012],[-73.57965,5.79774],[-73.58004,5.7971],[-73.58118,5.79613],[-73.58235,5.79585],[-73.58289,5.79516],[-73.58271,5.79448],[-73.58127,5.79323],[-73.581,5.79267],[-73.58111,5.7918],[-73.58238,5.79005],[-73.58174,5.78836],[-73.58171,5.78738],[-73.58309,5.78631],[-73.58283,5.78565],[-73.58112,5.78484],[-73.58023,5.78471],[-73.57787,5.78535],[-73.57781,5.78431],[-73.57596,5.78376],[-73.57296,5.78152],[-73.5709,5.78036],[-73.56917,5.77838],[-73.56725,5.7753],[-73.56742,5.77456],[-73.57008,5.77353],[-73.57309,5.77321],[-73.57462,5.77413],[-73.57591,5.77355],[-73.57619,5.77417],[-73.57645,5.77667],[-73.57706,5.77712],[-73.57823,5.77721],[-73.57883,5.77674],[-73.57851,5.77405],[-73.57856,5.7729],[-73.57897,5.77183],[-73.57956,5.77173],[-73.58156,5.77264],[-73.58204,5.77174],[-73.58142,5.77005],[-73.58077,5.76499],[-73.58162,5.76259],[-73.58081,5.76107],[-73.5804,5.75779],[-73.58059,5.75655],[-73.57981,5.75518],[-73.57961,5.75371],[-73.57976,5.75186],[-73.58063,5.75152],[-73.58085,5.75119],[-73.58118,5.74855],[-73.58085,5.74776],[-73.5796,5.74645],[-73.57915,5.74523],[-73.57842,5.7445],[-73.57682,5.74344],[-73.57312,5.74203],[-73.57195,5.74085],[-73.57193,5.73946],[-73.57232,5.739],[-73.57371,5.7385],[-73.57376,5.73666],[-73.57481,5.73545],[-73.57536,5.73526],[-73.57548,5.73469],[-73.57369,5.73306],[-73.57201,5.73064],[-73.57348,5.72924],[-73.57373,5.72575],[-73.57295,5.72515],[-73.57198,5.72501],[-73.56973,5.72529],[-73.5681,5.72447],[-73.56804,5.724],[-73.56881,5.72255],[-73.56842,5.7202],[-73.56758,5.71889],[-73.56634,5.71819],[-73.56781,5.71663],[-73.56684,5.71464],[-73.56671,5.71364],[-73.56784,5.71217],[-73.56771,5.71124],[-73.56704,5.71085],[-73.56549,5.71139],[-73.56473,5.71038],[-73.56484,5.70799],[-73.56617,5.7067],[-73.56762,5.70623],[-73.56914,5.70661],[-73.56968,5.70623],[-73.56949,5.70511],[-73.56904,5.70465],[-73.56845,5.70459],[-73.5682,5.70395],[-73.56992,5.70183],[-73.57083,5.69787],[-73.57196,5.69639],[-73.57343,5.69245],[-73.57372,5.69201],[-73.57413,5.69197],[-73.57446,5.6917],[-73.57412,5.69117],[-73.57401,5.68945],[-73.57245,5.68904],[-73.5722,5.68845],[-73.5706,5.68826],[-73.56903,5.68673],[-73.56951,5.68484],[-73.56898,5.68409],[-73.56866,5.68267],[-73.56751,5.68243],[-73.56686,5.68154],[-73.56651,5.68074],[-73.56651,5.67833],[-73.56581,5.67764],[-73.56401,5.67718],[-73.56332,5.67666],[-73.5623,5.67709],[-73.5612,5.67654],[-73.561,5.67714],[-73.56067,5.67731],[-73.55816,5.67812],[-73.55732,5.67792],[-73.55657,5.67871],[-73.55505,5.67827],[-73.55197,5.67913],[-73.55117,5.67849],[-73.54936,5.67847],[-73.54695,5.6787],[-73.54499,5.67953],[-73.54337,5.6791],[-73.54291,5.67876],[-73.54261,5.67792],[-73.54044,5.67884],[-73.53886,5.6802],[-73.53857,5.6811],[-73.53743,5.68175],[-73.53657,5.68313],[-73.53554,5.68391],[-73.53556,5.68467],[-73.53387,5.68608],[-73.53366,5.68684],[-73.53279,5.68725],[-73.53047,5.69188],[-73.5292,5.69319],[-73.52918,5.69405],[-73.52663,5.69535],[-73.52655,5.69659],[-73.52622,5.69723],[-73.5262,5.7001],[-73.52552,5.70085],[-73.52514,5.70194],[-73.52425,5.70212],[-73.52261,5.70184],[-73.52222,5.7015],[-73.52165,5.70158],[-73.52155,5.70223],[-73.52177,5.70279],[-73.52123,5.70399],[-73.52059,5.70455],[-73.51968,5.70482],[-73.51861,5.70594],[-73.51866,5.70615],[-73.51944,5.70608],[-73.52006,5.70634],[-73.5196,5.70731],[-73.52038,5.70751],[-73.52123,5.70846],[-73.51944,5.70858],[-73.51959,5.70919],[-73.51912,5.71037],[-73.51926,5.7114],[-73.52054,5.71246],[-73.5197,5.71483],[-73.52013,5.71528],[-73.52116,5.7155],[-73.52176,5.71634],[-73.52133,5.71726],[-73.52281,5.71804],[-73.52238,5.71834],[-73.52176,5.71808],[-73.52162,5.71838],[-73.52166,5.71877],[-73.52245,5.71976],[-73.52209,5.72089],[-73.52282,5.72114],[-73.52268,5.7215],[-73.52161,5.72236],[-73.52123,5.72214],[-73.52094,5.72148],[-73.52036,5.72171],[-73.5189,5.72165],[-73.51828,5.72249],[-73.51707,5.72253],[-73.51736,5.72297],[-73.51727,5.72369],[-73.51644,5.72289],[-73.51574,5.7227],[-73.5146,5.72384],[-73.51432,5.72446],[-73.51384,5.72417],[-73.51324,5.72434],[-73.51262,5.72418],[-73.51125,5.72504],[-73.50974,5.72539],[-73.50868,5.72533],[-73.50727,5.72478],[-73.50617,5.72501],[-73.50537,5.72626],[-73.50438,5.72695],[-73.50415,5.72797],[-73.50273,5.72934],[-73.50099,5.73177],[-73.50058,5.73275],[-73.50077,5.7335],[-73.50028,5.73464],[-73.50039,5.73522],[-73.49974,5.73616],[-73.4995,5.73783],[-73.49881,5.73897],[-73.49879,5.73951],[-73.49822,5.74056],[-73.49637,5.74262],[-73.49601,5.74388],[-73.49523,5.74415],[-73.49389,5.74538],[-73.49424,5.7459],[-73.49479,5.74579],[-73.49564,5.7465],[-73.49685,5.74684],[-73.49793,5.74887],[-73.49854,5.74938],[-73.49959,5.7496],[-73.5012,5.74923],[-73.50264,5.74939],[-73.50453,5.75164],[-73.50584,5.75271],[-73.50773,5.75328],[-73.50858,5.75499],[-73.50879,5.75731],[-73.50729,5.76054],[-73.50636,5.7621],[-73.5033,5.76527],[-73.5031,5.76708],[-73.50134,5.77086],[-73.50081,5.77268],[-73.49926,5.77389],[-73.5,5.77687],[-73.50052,5.77776],[-73.50026,5.77887]]]},"properties":{"DPTO_CCDGO":"15","MPIO_CCDGO":"293","DPTO_CNMBR":"BOYACÁ","MPIO_CNMBR":"GACHANTIVÁ","MPIO_NAREA":"88.1664273157","Shape_Leng":"0.497657899966","Shape_Area":"0.00719727563618"}},{"type":"Feature","geometry":{"type":"Polygon","coordinates":[[[-72.63172,5.8291],[-72.63229,5.82862],[-72.63456,5.82774],[-72.63478,5.82709],[-72.63705,5.82492],[-72.63837,5.82236],[-72.6383,5.82014],[-72.63855,5.81922],[-72.63901,5.81861],[-72.63934,5.81663],[-72.64613,5.81609],[-72.64718,5.81521],[-72.64845,5.8147],[-72.65238,5.81451],[-72.65278,5.81426],[-72.65332,5.81295],[-72.65496,5.81141],[-72.65876,5.80996],[-72.66218,5.80947],[-72.66451,5.8085],[-72.66672,5.80903],[-72.67027,5.809],[-72.67671,5.81175],[-72.68117,5.81439],[-72.68376,5.81465],[-72.6879,5.8167],[-72.68852,5.81726],[-72.68846,5.81838],[-72.68584,5.82218],[-72.68624,5.8232],[-72.68622,5.82573],[-72.68673,5.8273],[-72.68675,5.83208],[-72.68868,5.83214],[-72.6918,5.83341],[-72.69609,5.83428],[-72.69819,5.83392],[-72.69934,5.83402],[-72.70108,5.8346],[-72.70164,5.83578],[-72.70262,5.83573],[-72.70538,5.8347],[-72.70699,5.83375],[-72.70804,5.83248],[-72.71022,5.83174],[-72.71205,5.83014],[-72.71513,5.8285],[-72.71997,5.82733],[-72.72045,5.82698],[-72.72081,5.82598],[-72.7217,5.82601],[-72.72287,5.82662],[-72.72391,5.82624],[-72.72445,5.82548],[-72.72504,5.82528],[-72.72735,5.82549],[-72.72921,5.82516],[-72.73226,5.82369],[-72.73728,5.8225],[-72.74436,5.81939],[-72.74767,5.81667],[-72.74917,5.8151],[-72.7494,5.81833],[-72.75193,5.82081],[-72.75291,5.82578],[-72.75405,5.82687],[-72.75564,5.82719],[-72.75606,5.82767],[-72.75744,5.82772],[-72.75815,5.82867],[-72.75873,5.83081],[-72.75997,5.83255],[-72.76188,5.83382],[-72.76484,5.83658],[-72.76939,5.83979],[-72.7701,5.84072],[-72.77101,5.8436],[-72.77178,5.84431],[-72.77406,5.84549],[-72.7753,5.84771],[-72.77637,5.84784],[-72.77744,5.84682],[-72.7798,5.8455],[-72.78585,5.84487],[-72.78703,5.84677],[-72.78843,5.84693],[-72.78929,5.84741],[-72.79005,5.84925],[-72.78985,5.85003],[-72.79104,5.85124],[-72.79248,5.85175],[-72.7934,5.8528],[-72.79644,5.85315],[-72.79812,5.85391],[-72.79826,5.8534],[-72.79755,5.85245],[-72.79796,5.85022],[-72.7986,5.84898],[-72.79989,5.84755],[-72.801,5.84825],[-72.8014,5.84684],[-72.80123,5.84552],[-72.80204,5.84202],[-72.80163,5.84147],[-72.80251,5.84096],[-72.80255,5.83991],[-72.80286,5.83973],[-72.80248,5.83895],[-72.80155,5.83803],[-72.80222,5.83722],[-72.80375,5.83295],[-72.80562,5.83248],[-72.80668,5.83261],[-72.80848,5.83224],[-72.81093,5.8334],[-72.81059,5.83228],[-72.8113,5.83144],[-72.81171,5.83036],[-72.81312,5.82903],[-72.81485,5.82802],[-72.81494,5.82703],[-72.81555,5.82634],[-72.81716,5.82515],[-72.81741,5.82456],[-72.818,5.82437],[-72.82039,5.82153],[-72.82166,5.82042],[-72.82204,5.81897],[-72.8225,5.81879],[-72.82311,5.81672],[-72.82417,5.8148],[-72.82472,5.81042],[-72.82496,5.81005],[-72.82482,5.80941],[-72.82548,5.80824],[-72.82965,5.80683],[-72.83252,5.80679],[-72.83297,5.80709],[-72.83575,5.80693],[-72.83451,5.80533],[-72.83491,5.80365],[-72.83469,5.80241],[-72.83289,5.80052],[-72.83212,5.7977],[-72.83017,5.7968],[-72.82764,5.79653],[-72.82669,5.79598],[-72.82469,5.79586],[-72.82375,5.79505],[-72.81947,5.79344],[-72.8171,5.79108],[-72.81397,5.78974],[-72.81284,5.78883],[-72.81206,5.78872],[-72.8111,5.78902],[-72.81035,5.78887],[-72.80965,5.78843],[-72.809,5.78738],[-72.80721,5.78672],[-72.80657,5.78691],[-72.80598,5.78672],[-72.80555,5.78571],[-72.80589,5.78487],[-72.80566,5.78424],[-72.80341,5.78296],[-72.80234,5.78137],[-72.80136,5.78053],[-72.80122,5.77972],[-72.80029,5.77806],[-72.79999,5.77569],[-72.79845,5.77483],[-72.79631,5.77238],[-72.79552,5.77184],[-72.79424,5.77191],[-72.79263,5.7733],[-72.7909,5.77352],[-72.78992,5.77246],[-72.78833,5.77212],[-72.78704,5.77145],[-72.78537,5.7697],[-72.78438,5.7693],[-72.78396,5.76777],[-72.78247,5.76715],[-72.78109,5.76753],[-72.78057,5.76803],[-72.7789,5.76879],[-72.77657,5.7693],[-72.77534,5.7703],[-72.77421,5.77245],[-72.77354,5.77312],[-72.77299,5.77268],[-72.7724,5.77161],[-72.77267,5.77109],[-72.77257,5.77072],[-72.77161,5.77005],[-72.77052,5.76826],[-72.76974,5.76768],[-72.76962,5.76712],[-72.76734,5.76702],[-72.76652,5.76654],[-72.76581,5.7665],[-72.76361,5.7669],[-72.76261,5.76751],[-72.76061,5.76725],[-72.75907,5.76825],[-72.75719,5.76822],[-72.75529,5.76861],[-72.75193,5.77077],[-72.74904,5.77205],[-72.74742,5.77187],[-72.74462,5.77251],[-72.74268,5.77255],[-72.73954,5.77368],[-72.73919,5.77358],[-72.73849,5.77269],[-72.73736,5.77342],[-72.73573,5.77373],[-72.73527,5.77345],[-72.735,5.77249],[-72.73391,5.77306],[-72.73252,5.77234],[-72.73187,5.77278],[-72.73109,5.77282],[-72.73053,5.77335],[-72.72849,5.77275],[-72.72799,5.77335],[-72.7239,5.77224],[-72.71952,5.77294],[-72.71919,5.77274],[-72.71945,5.7721],[-72.71926,5.77126],[-72.71855,5.77139],[-72.71828,5.77113],[-72.71792,5.77117],[-72.71777,5.77147],[-72.71706,5.77148],[-72.71641,5.77244],[-72.71583,5.77247],[-72.71555,5.77288],[-72.71387,5.77274],[-72.71328,5.77329],[-72.71263,5.77279],[-72.71163,5.77295],[-72.71128,5.77258],[-72.71093,5.77276],[-72.71054,5.7724],[-72.70979,5.77248],[-72.70876,5.77217],[-72.70893,5.77165],[-72.70822,5.7714],[-72.70783,5.77194],[-72.70563,5.77306],[-72.70316,5.77356],[-72.70221,5.77321],[-72.7012,5.77328],[-72.69763,5.77453],[-72.69721,5.77494],[-72.69732,5.77539],[-72.69547,5.77584],[-72.69463,5.77727],[-72.69009,5.77991],[-72.68918,5.78091],[-72.68669,5.78168],[-72.68417,5.78331],[-72.6829,5.78322],[-72.68024,5.78393],[-72.67618,5.7839],[-72.6749,5.78299],[-72.67317,5.7828],[-72.67091,5.78138],[-72.66874,5.78075],[-72.6612,5.7852],[-72.66071,5.78467],[-72.66041,5.78351],[-72.65845,5.78265],[-72.65738,5.78254],[-72.65624,5.78344],[-72.65582,5.78416],[-72.65551,5.78567],[-72.65585,5.78728],[-72.65518,5.78783],[-72.6478,5.78348],[-72.64694,5.78405],[-72.64551,5.78381],[-72.64475,5.78247],[-72.64401,5.78249],[-72.64253,5.7833],[-72.6415,5.78337],[-72.63964,5.78274],[-72.63828,5.78285],[-72.63603,5.78199],[-72.63403,5.78173],[-72.63133,5.77945],[-72.63092,5.77879],[-72.62941,5.77851],[-72.6279,5.77732],[-72.62599,5.77694],[-72.62612,5.77852],[-72.62525,5.78011],[-72.62471,5.78304],[-72.62388,5.78426],[-72.62402,5.78509],[-72.62515,5.78586],[-72.62551,5.78758],[-72.62497,5.79122],[-72.62547,5.79246],[-72.62533,5.79384],[-72.62588,5.79476],[-72.62529,5.79556],[-72.62459,5.79885],[-72.6252,5.80137],[-72.62492,5.80221],[-72.62493,5.80478],[-72.62461,5.80579],[-72.62481,5.80704],[-72.62462,5.80889],[-72.62485,5.81009],[-72.62453,5.81147],[-72.62403,5.81233],[-72.62427,5.81303],[-72.62386,5.81393],[-72.62409,5.81476],[-72.62362,5.81542],[-72.62356,5.81673],[-72.6244,5.81792],[-72.62475,5.81896],[-72.62633,5.82009],[-72.62659,5.82106],[-72.62747,5.82185],[-72.62725,5.82302],[-72.62837,5.8243],[-72.62879,5.82608],[-72.62915,5.82653],[-72.62918,5.82726],[-72.62964,5.82751],[-72.63078,5.82727],[-72.63089,5.82791],[-72.63182,5.82882],[-72.63172,5.8291]]]},"properties":{"DPTO_CCDGO":"15","MPIO_CCDGO":"296","DPTO_CNMBR":"BOYACÁ","MPIO_CNMBR":"GÁMEZA","MPIO_NAREA":"123.681617078","Shape_Leng":"0.634607758009","Shape_Area":"0.0100928578215"}},{"type":"Feature","geometry":{"type":"Polygon","coordinates":[[[-73.2485,5.06898],[-73.24916,5.07227],[-73.25116,5.07338],[-73.25079,5.07444],[-73.25151,5.07499],[-73.25127,5.07578],[-73.2517,5.07661],[-73.25077,5.07759],[-73.25188,5.08028],[-73.25171,5.08148],[-73.25111,5.08221],[-73.25143,5.08391],[-73.2502,5.08627],[-73.25051,5.08671],[-73.25174,5.08732],[-73.25236,5.08807],[-73.25304,5.08834],[-73.25335,5.08882],[-73.25334,5.08968],[-73.25428,5.09013],[-73.25413,5.09118],[-73.25476,5.09227],[-73.25494,5.09445],[-73.25601,5.09534],[-73.25629,5.0961],[-73.25588,5.0968],[-73.25505,5.0973],[-73.255,5.09807],[-73.25405,5.09817],[-73.25334,5.09924],[-73.2522,5.10021],[-73.25033,5.10114],[-73.25008,5.10226],[-73.2502,5.10391],[-73.24654,5.10525],[-73.24499,5.10684],[-73.24181,5.10862],[-73.24153,5.11029],[-73.24075,5.11085],[-73.24055,5.11164],[-73.2399,5.11187],[-73.2394,5.11308],[-73.23868,5.11381],[-73.23865,5.11432],[-73.23978,5.11622],[-73.23846,5.1216],[-73.23761,5.12306],[-73.23684,5.12566],[-73.23368,5.12883],[-73.2324,5.13115],[-73.23369,5.13363],[-73.2338,5.13524],[-73.23567,5.13627],[-73.23609,5.13709],[-73.23615,5.13831],[-73.23429,5.14059],[-73.23346,5.14128],[-73.23172,5.14214],[-73.23058,5.14312],[-73.23312,5.14462],[-73.23653,5.14554],[-73.23935,5.1442],[-73.24172,5.14433],[-73.2426,5.14488],[-73.24354,5.14606],[-73.24568,5.15],[-73.24849,5.15161],[-73.25106,5.1526],[-73.25544,5.15356],[-73.25756,5.15356],[-73.26576,5.15461],[-73.26777,5.1554],[-73.27288,5.15726],[-73.27761,5.15942],[-73.27856,5.16026],[-73.2806,5.16064],[-73.28266,5.16148],[-73.28532,5.16197],[-73.29185,5.15746],[-73.29837,5.15485],[-73.30016,5.15451],[-73.30398,5.15444],[-73.30522,5.15467],[-73.30797,5.15427],[-73.31459,5.15245],[-73.31874,5.1504],[-73.32128,5.15001],[-73.32215,5.14959],[-73.32609,5.14928],[-73.32874,5.14796],[-73.32982,5.14713],[-73.33087,5.14676],[-73.33355,5.14677],[-73.33648,5.14558],[-73.33951,5.14328],[-73.34287,5.14182],[-73.34586,5.14111],[-73.349,5.13995],[-73.35305,5.13968],[-73.35618,5.14066],[-73.35863,5.14035],[-73.35951,5.1406],[-73.36045,5.13954],[-73.36151,5.13886],[-73.36212,5.13766],[-73.36379,5.13711],[-73.36404,5.13676],[-73.36308,5.13492],[-73.36306,5.13421],[-73.36384,5.13245],[-73.36493,5.13103],[-73.36477,5.12969],[-73.36546,5.1285],[-73.36428,5.12473],[-73.36465,5.12284],[-73.36391,5.12049],[-73.3656,5.11898],[-73.36687,5.1162],[-73.36799,5.11474],[-73.36882,5.11311],[-73.37013,5.11166],[-73.37288,5.10771],[-73.37424,5.10448],[-73.37598,5.10271],[-73.37576,5.10211],[-73.37468,5.10109],[-73.37426,5.09885],[-73.3746,5.0979],[-73.37576,5.09752],[-73.37705,5.09546],[-73.37713,5.09287],[-73.37788,5.092],[-73.37812,5.09125],[-73.37877,5.09092],[-73.38016,5.08936],[-73.38075,5.08732],[-73.38206,5.08691],[-73.38305,5.08616],[-73.38389,5.08484],[-73.38425,5.08257],[-73.3851,5.08128],[-73.3851,5.0794],[-73.386,5.07822],[-73.38657,5.07687],[-73.38703,5.07411],[-73.38667,5.07135],[-73.38795,5.0702],[-73.3897,5.06939],[-73.3902,5.06876],[-73.39035,5.06678],[-73.38895,5.0651],[-73.38886,5.06433],[-73.38963,5.05955],[-73.39115,5.05798],[-73.39014,5.05678],[-73.39002,5.05616],[-73.3905,5.05556],[-73.39152,5.05522],[-73.39199,5.05473],[-73.39217,5.05407],[-73.39186,5.05281],[-73.39201,5.05154],[-73.39231,5.05113],[-73.39384,5.05032],[-73.394,5.04927],[-73.39379,5.04803],[-73.39273,5.04417],[-73.39323,5.04237],[-73.39313,5.04077],[-73.39468,5.03874],[-73.39395,5.03667],[-73.39462,5.03463],[-73.39408,5.03352],[-73.39279,5.03238],[-73.39313,5.03081],[-73.39235,5.02915],[-73.39124,5.02784],[-73.39092,5.02541],[-73.39144,5.02393],[-73.39025,5.02122],[-73.38965,5.01738],[-73.38861,5.01525],[-73.38557,5.01635],[-73.38447,5.01642],[-73.38115,5.01659],[-73.37693,5.01591],[-73.37494,5.01623],[-73.37361,5.0159],[-73.37269,5.01457],[-73.37143,5.01376],[-73.36672,5.01346],[-73.36582,5.01359],[-73.36445,5.01426],[-73.36381,5.01836],[-73.36303,5.02036],[-73.36096,5.02195],[-73.35991,5.02217],[-73.35948,5.02282],[-73.35838,5.02342],[-73.35635,5.02402],[-73.35351,5.02392],[-73.35206,5.02446],[-73.35045,5.02454],[-73.34848,5.02524],[-73.34722,5.02509],[-73.34549,5.02548],[-73.34452,5.02544],[-73.34416,5.02628],[-73.34343,5.02608],[-73.34284,5.02641],[-73.34087,5.02998],[-73.34031,5.0304],[-73.34004,5.03555],[-73.33828,5.03684],[-73.33711,5.0385],[-73.33603,5.03929],[-73.33382,5.03996],[-73.33231,5.03962],[-73.33117,5.04014],[-73.32882,5.03915],[-73.32723,5.03904],[-73.32632,5.03828],[-73.32401,5.03835],[-73.32177,5.03905],[-73.32082,5.03877],[-73.31692,5.04084],[-73.31636,5.04083],[-73.31513,5.04179],[-73.31191,5.04317],[-73.3094,5.04313],[-73.30795,5.04262],[-73.30448,5.04444],[-73.30306,5.04424],[-73.30225,5.04474],[-73.30127,5.04487],[-73.30048,5.0453],[-73.30006,5.04599],[-73.29819,5.04667],[-73.2969,5.0479],[-73.28897,5.04789],[-73.29032,5.04275],[-73.29016,5.04127],[-73.28941,5.03909],[-73.28858,5.03493],[-73.28793,5.03391],[-73.28524,5.0336],[-73.2849,5.03292],[-73.28484,5.03084],[-73.28375,5.03],[-73.28347,5.02944],[-73.28408,5.02673],[-73.28634,5.02328],[-73.28465,5.02245],[-73.2857,5.01974],[-73.28203,5.01863],[-73.27768,5.02356],[-73.26633,5.03471],[-73.2659,5.03523],[-73.26556,5.0367],[-73.26282,5.0405],[-73.25557,5.04591],[-73.25262,5.05482],[-73.25285,5.05833],[-73.25187,5.06185],[-73.25134,5.06307],[-73.24926,5.06625],[-73.2485,5.06898]]]},"properties":{"DPTO_CCDGO":"15","MPIO_CCDGO":"299","DPTO_CNMBR":"BOYACÁ","MPIO_CNMBR":"GARAGOA","MPIO_NAREA":"193.512491052","Shape_Leng":"0.610179730716","Shape_Area":"0.0157788906485"}},{"type":"Feature","geometry":{"type":"Polygon","coordinates":[[[-72.48571,6.46415],[-72.48654,6.46468],[-72.4875,6.46484],[-72.48887,6.4661],[-72.49,6.46639],[-72.49158,6.46897],[-72.49283,6.46941],[-72.49539,6.47112],[-72.49668,6.4723],[-72.49779,6.47389],[-72.4996,6.47519],[-72.50153,6.47558],[-72.50249,6.47499],[-72.50283,6.47529],[-72.50295,6.47598],[-72.50435,6.47653],[-72.50725,6.47676],[-72.5098,6.47737],[-72.51288,6.4775],[-72.51413,6.47707],[-72.51609,6.4776],[-72.51729,6.47738],[-72.51865,6.4775],[-72.51926,6.47789],[-72.52082,6.48014],[-72.52266,6.48025],[-72.52355,6.4798],[-72.52511,6.48061],[-72.52571,6.48119],[-72.52634,6.48315],[-72.52714,6.48328],[-72.52763,6.48426],[-72.52829,6.48488],[-72.52965,6.48495],[-72.53103,6.48574],[-72.53156,6.48667],[-72.53345,6.48643],[-72.53455,6.48682],[-72.53498,6.48662],[-72.53709,6.48771],[-72.53829,6.4876],[-72.53924,6.48797],[-72.54099,6.48823],[-72.54221,6.48883],[-72.54381,6.4877],[-72.54553,6.48804],[-72.54745,6.48686],[-72.54833,6.4871],[-72.54786,6.48407],[-72.54792,6.48033],[-72.54745,6.47936],[-72.54788,6.4785],[-72.54865,6.47796],[-72.54906,6.47721],[-72.54957,6.47383],[-72.54993,6.47305],[-72.55284,6.47011],[-72.55325,6.47018],[-72.55342,6.46995],[-72.55341,6.46876],[-72.55289,6.46768],[-72.55274,6.46625],[-72.55369,6.46311],[-72.55318,6.46061],[-72.55346,6.45961],[-72.55507,6.45647],[-72.55436,6.45652],[-72.55493,6.45526],[-72.55469,6.45488],[-72.5548,6.45346],[-72.5556,6.45176],[-72.55525,6.45072],[-72.55565,6.44944],[-72.55544,6.44828],[-72.55646,6.44494],[-72.55514,6.4429],[-72.55269,6.44076],[-72.55128,6.43851],[-72.55026,6.43614],[-72.54897,6.43219],[-72.54882,6.43075],[-72.54814,6.42913],[-72.54812,6.42655],[-72.54787,6.42563],[-72.54681,6.42583],[-72.54297,6.42529],[-72.54059,6.42401],[-72.53777,6.42322],[-72.53507,6.42068],[-72.53334,6.42053],[-72.53103,6.41993],[-72.52982,6.4191],[-72.52875,6.41794],[-72.52584,6.41283],[-72.52419,6.41103],[-72.52322,6.41066],[-72.52095,6.4105],[-72.5191,6.40978],[-72.51756,6.41033],[-72.51705,6.41017],[-72.51256,6.40534],[-72.51106,6.4028],[-72.51024,6.40212],[-72.50872,6.40181],[-72.50571,6.39928],[-72.50374,6.39805],[-72.50219,6.39773],[-72.50047,6.39848],[-72.50048,6.39988],[-72.50151,6.40166],[-72.50143,6.40236],[-72.50097,6.40279],[-72.4967,6.40266],[-72.49679,6.40082],[-72.49425,6.40154],[-72.49212,6.40269],[-72.48788,6.40627],[-72.48645,6.40867],[-72.48621,6.41104],[-72.48666,6.41382],[-72.4873,6.41592],[-72.48737,6.41792],[-72.4861,6.42456],[-72.48582,6.4275],[-72.48612,6.4294],[-72.48544,6.43185],[-72.4845,6.43367],[-72.48413,6.43534],[-72.48263,6.4365],[-72.48151,6.43936],[-72.47897,6.4414],[-72.47743,6.44126],[-72.47612,6.44454],[-72.47482,6.44627],[-72.47403,6.44672],[-72.47246,6.44701],[-72.472,6.44748],[-72.47149,6.45281],[-72.47345,6.45462],[-72.47463,6.45514],[-72.47716,6.45792],[-72.47825,6.45843],[-72.47997,6.45985],[-72.48022,6.46073],[-72.48298,6.46206],[-72.4838,6.4634],[-72.48571,6.46415]]]},"properties":{"DPTO_CCDGO":"15","MPIO_CCDGO":"317","DPTO_CNMBR":"BOYACÁ","MPIO_CNMBR":"GUACAMAYAS","MPIO_NAREA":"57.6523298745","Shape_Leng":"0.299984588358","Shape_Area":"0.00470924756749"}},{"type":"Feature","geometry":{"type":"Polygon","coordinates":[[[-73.47361,5.05151],[-73.47485,5.05233],[-73.47503,5.05593],[-73.47482,5.05762],[-73.47621,5.05888],[-73.47746,5.05953],[-73.47826,5.06097],[-73.47964,5.06165],[-73.47964,5.06165],[-73.48012,5.06246],[-73.48094,5.06141],[-73.48291,5.06036],[-73.48358,5.05934],[-73.48758,5.05889],[-73.48566,5.05404],[-73.48585,5.05165],[-73.4869,5.05018],[-73.48781,5.0496],[-73.48849,5.04947],[-73.4894,5.04792],[-73.49108,5.04666],[-73.49239,5.04402],[-73.4939,5.04264],[-73.49617,5.03992],[-73.49625,5.03931],[-73.49679,5.03987],[-73.4979,5.03962],[-73.49852,5.04002],[-73.49978,5.03962],[-73.50253,5.03971],[-73.50537,5.03841],[-73.50647,5.03831],[-73.50844,5.03687],[-73.50902,5.03699],[-73.51082,5.03651],[-73.51252,5.03701],[-73.51357,5.03633],[-73.51588,5.03548],[-73.51706,5.03327],[-73.52014,5.03128],[-73.52136,5.02969],[-73.5224,5.02922],[-73.52175,5.02829],[-73.52192,5.02474],[-73.52247,5.02373],[-73.52205,5.02224],[-73.52233,5.02113],[-73.52197,5.02042],[-73.52194,5.01755],[-73.52129,5.01688],[-73.52073,5.01671],[-73.52029,5.01509],[-73.51937,5.01466],[-73.51888,5.0136],[-73.51758,5.0136],[-73.51716,5.01335],[-73.51693,5.01269],[-73.51768,5.01146],[-73.51741,5.00761],[-73.51835,5.00602],[-73.51842,5.00457],[-73.51778,5.00383],[-73.51626,5.00405],[-73.51575,5.00382],[-73.51205,4.99984],[-73.51163,4.9996],[-73.51064,4.99961],[-73.51029,4.99794],[-73.50996,4.99762],[-73.50826,4.99737],[-73.50699,4.99636],[-73.50611,4.99526],[-73.50457,4.99486],[-73.50251,4.99337],[-73.50073,4.99249],[-73.50061,4.99086],[-73.50016,4.98939],[-73.49936,4.98846],[-73.49793,4.98759],[-73.49674,4.98754],[-73.4951,4.98837],[-73.49409,4.98853],[-73.4925,4.98816],[-73.49038,4.98644],[-73.48808,4.98543],[-73.4857,4.98671],[-73.48441,4.98692],[-73.48305,4.98677],[-73.4822,4.98711],[-73.48085,4.98663],[-73.48011,4.98558],[-73.47975,4.98545],[-73.47879,4.98636],[-73.47785,4.98672],[-73.47668,4.98612],[-73.47528,4.98381],[-73.4746,4.98318],[-73.47339,4.98337],[-73.47105,4.98306],[-73.46924,4.98351],[-73.46765,4.98267],[-73.46593,4.98289],[-73.46405,4.98356],[-73.46081,4.98598],[-73.4583,4.987],[-73.4556,4.98918],[-73.45489,4.99113],[-73.45419,4.99176],[-73.4534,4.99202],[-73.45079,4.99193],[-73.44998,4.99238],[-73.44862,4.99485],[-73.44791,4.99505],[-73.4471,4.99469],[-73.44685,4.9962],[-73.44724,4.99808],[-73.44774,4.99816],[-73.44834,4.99877],[-73.44842,4.99922],[-73.44954,5.00003],[-73.44968,5.00049],[-73.45169,5.00036],[-73.45519,5.00164],[-73.45572,5.00341],[-73.45755,5.00194],[-73.45925,4.9999],[-73.4603,5.00069],[-73.46127,5.00196],[-73.46282,5.00508],[-73.46338,5.00909],[-73.46326,5.01073],[-73.4648,5.01521],[-73.46498,5.01513],[-73.4656,5.01598],[-73.4664,5.01768],[-73.4664,5.02152],[-73.46687,5.02286],[-73.46879,5.02471],[-73.4688,5.02529],[-73.46924,5.02539],[-73.47021,5.0269],[-73.47141,5.02767],[-73.47164,5.02823],[-73.47411,5.02925],[-73.47485,5.02998],[-73.47809,5.03205],[-73.47834,5.03167],[-73.48132,5.03455],[-73.48316,5.0358],[-73.48224,5.03901],[-73.47994,5.04076],[-73.47877,5.04627],[-73.47835,5.04766],[-73.47781,5.0481],[-73.47796,5.04929],[-73.47772,5.04949],[-73.47697,5.04917],[-73.4758,5.04967],[-73.47492,5.04971],[-73.47361,5.05151]]]},"properties":{"DPTO_CCDGO":"15","MPIO_CCDGO":"322","DPTO_CNMBR":"BOYACÁ","MPIO_CNMBR":"GUATEQUE","MPIO_NAREA":"36.1392852266","Shape_Leng":"0.287084103226","Shape_Area":"0.00294665507455"}},{"type":"Feature","geometry":{"type":"Polygon","coordinates":[[[-73.46593,4.98289],[-73.46765,4.98267],[-73.46924,4.98351],[-73.47105,4.98306],[-73.47339,4.98337],[-73.4746,4.98318],[-73.47528,4.98381],[-73.47668,4.98612],[-73.47785,4.98672],[-73.47879,4.98636],[-73.47975,4.98545],[-73.48011,4.98558],[-73.48085,4.98663],[-73.4822,4.98711],[-73.48305,4.98677],[-73.48441,4.98692],[-73.4857,4.98671],[-73.48808,4.98543],[-73.49038,4.98644],[-73.4925,4.98816],[-73.49409,4.98853],[-73.4951,4.98837],[-73.49674,4.98754],[-73.49793,4.98759],[-73.49936,4.98846],[-73.50016,4.98939],[-73.50061,4.99086],[-73.50073,4.99249],[-73.50251,4.99337],[-73.50457,4.99486],[-73.50611,4.99526],[-73.50699,4.99636],[-73.50812,4.99635],[-73.50917,4.99559],[-73.50904,4.99468],[-73.50943,4.99376],[-73.5101,4.9928],[-73.5112,4.99213],[-73.5147,4.99076],[-73.51627,4.99077],[-73.51726,4.99032],[-73.51749,4.98928],[-73.51732,4.98694],[-73.51829,4.98063],[-73.51872,4.97942],[-73.51997,4.97854],[-73.5206,4.97721],[-73.52231,4.9749],[-73.52302,4.97456],[-73.52408,4.9735],[-73.52543,4.97125],[-73.52575,4.96948],[-73.52835,4.96791],[-73.52867,4.96679],[-73.5279,4.96505],[-73.52796,4.9646],[-73.53033,4.96187],[-73.53138,4.95771],[-73.53256,4.95621],[-73.53275,4.95486],[-73.53375,4.95381],[-73.53652,4.95196],[-73.53794,4.95158],[-73.5408,4.94984],[-73.54248,4.94709],[-73.54427,4.94507],[-73.54468,4.94419],[-73.54486,4.94308],[-73.54466,4.9408],[-73.54577,4.93767],[-73.54684,4.93048],[-73.54766,4.9275],[-73.54879,4.92515],[-73.54839,4.92425],[-73.54677,4.92359],[-73.54569,4.91954],[-73.54459,4.9173],[-73.54127,4.91202],[-73.54116,4.91118],[-73.54175,4.9073],[-73.54125,4.90601],[-73.54051,4.90106],[-73.53868,4.89657],[-73.53414,4.89209],[-73.53218,4.89105],[-73.5304,4.89141],[-73.52934,4.89259],[-73.52776,4.89347],[-73.52699,4.89348],[-73.52495,4.89266],[-73.52423,4.89147],[-73.52359,4.88859],[-73.52118,4.88134],[-73.52087,4.87896],[-73.51894,4.87926],[-73.51387,4.87934],[-73.51115,4.88],[-73.50988,4.8794],[-73.50935,4.87958],[-73.5083,4.88083],[-73.50257,4.88348],[-73.49983,4.88405],[-73.49644,4.88335],[-73.49499,4.88355],[-73.49411,4.884],[-73.49339,4.88505],[-73.49202,4.88618],[-73.48958,4.88738],[-73.48807,4.88902],[-73.48743,4.89032],[-73.48672,4.89083],[-73.48432,4.89152],[-73.48203,4.89122],[-73.47995,4.89],[-73.47516,4.88981],[-73.47234,4.89032],[-73.47181,4.89061],[-73.47064,4.89215],[-73.46962,4.89272],[-73.46743,4.89206],[-73.46383,4.89015],[-73.46175,4.88886],[-73.45942,4.88666],[-73.45481,4.88395],[-73.45343,4.88331],[-73.4515,4.88302],[-73.45105,4.88327],[-73.45056,4.88427],[-73.44642,4.8898],[-73.44559,4.8911],[-73.44292,4.89339],[-73.43941,4.89516],[-73.43982,4.89642],[-73.43954,4.89895],[-73.43754,4.90628],[-73.43919,4.90724],[-73.44289,4.90835],[-73.44475,4.90854],[-73.44763,4.90975],[-73.44859,4.90946],[-73.44945,4.90959],[-73.45034,4.90918],[-73.45248,4.91099],[-73.45272,4.91132],[-73.45003,4.91104],[-73.44983,4.91537],[-73.44846,4.91855],[-73.44776,4.92134],[-73.44937,4.9219],[-73.44971,4.92293],[-73.44978,4.9241],[-73.4492,4.92635],[-73.44966,4.92802],[-73.45075,4.92863],[-73.45075,4.93464],[-73.45326,4.93559],[-73.45352,4.9366],[-73.45623,4.93806],[-73.45682,4.93897],[-73.4586,4.94046],[-73.46161,4.94061],[-73.46365,4.94003],[-73.46409,4.94163],[-73.46526,4.94226],[-73.46585,4.9432],[-73.46694,4.94415],[-73.46622,4.94459],[-73.46594,4.94595],[-73.46511,4.94694],[-73.46465,4.94997],[-73.46397,4.95068],[-73.46376,4.95255],[-73.46256,4.95452],[-73.46195,4.95631],[-73.46458,4.96081],[-73.46462,4.96241],[-73.46523,4.96372],[-73.46584,4.96435],[-73.46588,4.96485],[-73.46681,4.96558],[-73.46833,4.96585],[-73.46934,4.96728],[-73.47041,4.96779],[-73.47167,4.96961],[-73.47112,4.97111],[-73.47053,4.97422],[-73.47003,4.97513],[-73.47036,4.97574],[-73.47117,4.97632],[-73.47137,4.97694],[-73.47031,4.97847],[-73.46991,4.9804],[-73.46919,4.98089],[-73.46774,4.98112],[-73.46634,4.98216],[-73.46593,4.98289]]]},"properties":{"DPTO_CCDGO":"15","MPIO_CCDGO":"325","DPTO_CNMBR":"BOYACÁ","MPIO_CNMBR":"GUAYATÁ","MPIO_NAREA":"99.9668386356","Shape_Leng":"0.428038623905","Shape_Area":"0.00814992567284"}},{"type":"Feature","geometry":{"type":"Polygon","coordinates":[[[-72.92301,5.62015],[-72.92751,5.62966],[-72.9285,5.63059],[-72.93229,5.63118],[-72.93405,5.63045],[-72.9344,5.62939],[-72.93382,5.62865],[-72.93505,5.62866],[-72.93587,5.62812],[-72.93874,5.62726],[-72.94048,5.6272],[-72.94147,5.62755],[-72.94209,5.62843],[-72.94366,5.62889],[-72.94467,5.62989],[-72.94543,5.63144],[-72.94579,5.63166],[-72.94638,5.63151],[-72.94708,5.63194],[-72.94771,5.63297],[-72.94856,5.63301],[-72.95037,5.63449],[-72.95151,5.63479],[-72.95328,5.63591],[-72.95463,5.63586],[-72.95523,5.6362],[-72.95596,5.63582],[-72.95635,5.6359],[-72.95845,5.63809],[-72.95882,5.63901],[-72.96178,5.6429],[-72.96186,5.64443],[-72.96162,5.64575],[-72.96196,5.64719],[-72.96316,5.64792],[-72.96345,5.64909],[-72.96573,5.64707],[-72.96707,5.64411],[-72.96961,5.6464],[-72.97045,5.64551],[-72.97504,5.64401],[-72.97641,5.64252],[-72.97712,5.64105],[-72.97772,5.64042],[-72.97925,5.63987],[-72.98055,5.6397],[-72.98148,5.63993],[-72.98213,5.63972],[-72.98628,5.64154],[-72.98744,5.64166],[-72.98779,5.64259],[-72.98924,5.64386],[-72.99136,5.64208],[-72.99007,5.64092],[-72.99057,5.64043],[-72.99001,5.63995],[-72.99019,5.63791],[-72.99092,5.63737],[-72.99337,5.63403],[-72.99413,5.63514],[-72.99577,5.63589],[-72.99722,5.63698],[-72.99885,5.63558],[-72.99714,5.63368],[-72.99796,5.63159],[-72.99805,5.62993],[-72.99839,5.62961],[-72.99512,5.62849],[-72.99782,5.6201],[-73.00189,5.61442],[-73.00376,5.61238],[-73.00304,5.60952],[-73.00385,5.60594],[-73.0038,5.60509],[-73.0032,5.60271],[-73.00149,5.59938],[-73.00163,5.59802],[-73.00264,5.59771],[-73.0037,5.59487],[-73.00364,5.59284],[-72.99945,5.59131],[-72.99584,5.59092],[-72.99378,5.58994],[-72.99225,5.58961],[-72.99072,5.58973],[-72.98864,5.59031],[-72.98805,5.59156],[-72.98686,5.59231],[-72.98641,5.59416],[-72.98643,5.59519],[-72.98196,5.5947],[-72.98181,5.59442],[-72.97929,5.59436],[-72.97702,5.59329],[-72.97612,5.59377],[-72.9738,5.593],[-72.97127,5.59283],[-72.9703,5.59324],[-72.96819,5.59518],[-72.96758,5.5952],[-72.96633,5.59592],[-72.96539,5.59486],[-72.9628,5.5941],[-72.96106,5.59368],[-72.95904,5.59404],[-72.95808,5.59471],[-72.95547,5.59801],[-72.95405,5.59931],[-72.95265,5.59927],[-72.95066,5.59829],[-72.95043,5.5984],[-72.94958,5.60226],[-72.94987,5.60356],[-72.94944,5.60531],[-72.94929,5.60748],[-72.94879,5.60823],[-72.94719,5.60905],[-72.9461,5.6101],[-72.94499,5.6119],[-72.94292,5.61231],[-72.9407,5.61218],[-72.93374,5.61367],[-72.93217,5.61443],[-72.93013,5.61495],[-72.92814,5.61473],[-72.92571,5.61268],[-72.92439,5.61667],[-72.92321,5.6182],[-72.92301,5.62015]]]},"properties":{"DPTO_CCDGO":"15","MPIO_CCDGO":"362","DPTO_CNMBR":"BOYACÁ","MPIO_CNMBR":"IZA","MPIO_NAREA":"34.2477827302","Shape_Leng":"0.274831868548","Shape_Area":"0.00279434588396"}},{"type":"Feature","geometry":{"type":"Polygon","coordinates":[[[-73.33641,5.3145],[-73.33481,5.31838],[-73.33175,5.31903],[-73.33124,5.32112],[-73.33002,5.32104],[-73.32867,5.32246],[-73.32447,5.32526],[-73.32855,5.3311],[-73.33147,5.33382],[-73.33303,5.33593],[-73.3336,5.33627],[-73.33494,5.33648],[-73.33608,5.33576],[-73.33645,5.33584],[-73.33796,5.33707],[-73.33602,5.34052],[-73.33589,5.34131],[-73.3364,5.34268],[-73.33637,5.34378],[-73.33479,5.34682],[-73.33395,5.34791],[-73.33306,5.34852],[-73.33105,5.34898],[-73.33302,5.35069],[-73.33471,5.3499],[-73.33603,5.35005],[-73.3378,5.35236],[-73.33958,5.35366],[-73.34326,5.35495],[-73.34495,5.35504],[-73.3455,5.35532],[-73.3464,5.35648],[-73.3484,5.35735],[-73.34998,5.35844],[-73.35483,5.35899],[-73.35624,5.35992],[-73.35848,5.36048],[-73.35992,5.3619],[-73.3605,5.36182],[-73.36139,5.36272],[-73.36238,5.36279],[-73.36338,5.36343],[-73.36458,5.3634],[-73.366,5.36247],[-73.36544,5.36491],[-73.36414,5.36661],[-73.36385,5.36737],[-73.36363,5.37001],[-73.36325,5.37102],[-73.36406,5.37146],[-73.36425,5.37277],[-73.36506,5.37336],[-73.36474,5.37409],[-73.36507,5.37469],[-73.36451,5.37529],[-73.3645,5.3769],[-73.36367,5.37759],[-73.36382,5.37981],[-73.36145,5.38532],[-73.36023,5.39],[-73.35817,5.39215],[-73.35769,5.39412],[-73.35627,5.39725],[-73.35572,5.39817],[-73.35444,5.3993],[-73.35448,5.40083],[-73.3538,5.40136],[-73.35353,5.402],[-73.35404,5.40245],[-73.35416,5.40374],[-73.35318,5.40387],[-73.35284,5.40416],[-73.35287,5.40517],[-73.35173,5.40606],[-73.3512,5.40784],[-73.34933,5.40959],[-73.34752,5.41442],[-73.34748,5.4173],[-73.34821,5.41834],[-73.34799,5.4196],[-73.34857,5.42115],[-73.34852,5.42385],[-73.34944,5.42601],[-73.34975,5.42791],[-73.35039,5.42919],[-73.35199,5.43112],[-73.35202,5.43212],[-73.35248,5.43179],[-73.35374,5.42904],[-73.35504,5.42703],[-73.35694,5.42507],[-73.36156,5.4211],[-73.36459,5.41947],[-73.36486,5.41784],[-73.36527,5.41703],[-73.36639,5.41628],[-73.3674,5.41491],[-73.37135,5.41249],[-73.37332,5.41162],[-73.37486,5.41023],[-73.37711,5.40914],[-73.37984,5.40731],[-73.38115,5.40688],[-73.38431,5.40465],[-73.38471,5.40457],[-73.38498,5.40504],[-73.38596,5.40783],[-73.38605,5.41072],[-73.38651,5.41135],[-73.38642,5.41301],[-73.38769,5.41603],[-73.38834,5.41811],[-73.38835,5.41899],[-73.38913,5.41881],[-73.3895,5.41899],[-73.39051,5.42109],[-73.39217,5.42169],[-73.39288,5.4217],[-73.39473,5.42081],[-73.39661,5.42039],[-73.39699,5.42079],[-73.39833,5.42077],[-73.39884,5.42036],[-73.40033,5.42014],[-73.4041,5.41888],[-73.40575,5.41813],[-73.40655,5.41746],[-73.40686,5.41757],[-73.40709,5.41846],[-73.41096,5.41668],[-73.41228,5.41722],[-73.41375,5.41704],[-73.4149,5.41746],[-73.41548,5.41735],[-73.41726,5.4159],[-73.41804,5.41434],[-73.41898,5.41355],[-73.42061,5.41298],[-73.42213,5.4129],[-73.42289,5.41239],[-73.42634,5.40842],[-73.42458,5.40711],[-73.42168,5.40387],[-73.42135,5.39968],[-73.42075,5.39822],[-73.42074,5.39688],[-73.41961,5.39246],[-73.41986,5.39067],[-73.41862,5.38737],[-73.41786,5.38412],[-73.41514,5.3796],[-73.41616,5.37819],[-73.41801,5.37382],[-73.41885,5.37306],[-73.41848,5.37148],[-73.41735,5.37143],[-73.41654,5.37197],[-73.41162,5.3725],[-73.40933,5.37162],[-73.40756,5.37126],[-73.40659,5.36993],[-73.40651,5.36744],[-73.40507,5.36264],[-73.404,5.36173],[-73.40158,5.35877],[-73.40073,5.35833],[-73.39873,5.35778],[-73.39641,5.35771],[-73.39487,5.35688],[-73.394,5.35672],[-73.39125,5.35822],[-73.39094,5.35861],[-73.39102,5.35938],[-73.3906,5.35964],[-73.3892,5.35954],[-73.38659,5.35838],[-73.38492,5.3585],[-73.38361,5.3581],[-73.38161,5.35662],[-73.38109,5.35589],[-73.37974,5.35326],[-73.37889,5.35086],[-73.37793,5.34952],[-73.37706,5.34757],[-73.37629,5.34707],[-73.37484,5.34685],[-73.3743,5.34629],[-73.37607,5.34508],[-73.37775,5.3414],[-73.37669,5.34087],[-73.376,5.33969],[-73.37342,5.33837],[-73.37113,5.33776],[-73.36939,5.33785],[-73.36822,5.33746],[-73.36688,5.33659],[-73.36548,5.33655],[-73.36313,5.33527],[-73.3616,5.33494],[-73.36002,5.33375],[-73.35656,5.33261],[-73.35589,5.33207],[-73.3553,5.33095],[-73.35493,5.32922],[-73.3537,5.32607],[-73.35223,5.32419],[-73.35114,5.32359],[-73.35015,5.32166],[-73.34907,5.32079],[-73.34827,5.32053],[-73.34773,5.31869],[-73.34681,5.31739],[-73.34437,5.31683],[-73.34326,5.31689],[-73.34191,5.31572],[-73.34018,5.31603],[-73.33851,5.31555],[-73.33641,5.3145]]]},"properties":{"DPTO_CCDGO":"15","MPIO_CCDGO":"367","DPTO_CNMBR":"BOYACÁ","MPIO_CNMBR":"JENESANO","MPIO_NAREA":"59.0082905273","Shape_Leng":"0.444685249945","Shape_Area":"0.00481379076211"}},{"type":"Feature","geometry":{"type":"Polygon","coordinates":[[[-72.55253,6.17699],[-72.55394,6.17748],[-72.55497,6.17837],[-72.55496,6.18084],[-72.55567,6.1834],[-72.55747,6.18577],[-72.55871,6.1865],[-72.55969,6.18851],[-72.56086,6.18813],[-72.56235,6.18872],[-72.56336,6.18805],[-72.5644,6.18799],[-72.56516,6.18865],[-72.56623,6.189],[-72.56706,6.18981],[-72.57204,6.19161],[-72.57317,6.19276],[-72.57591,6.19334],[-72.57729,6.19439],[-72.57824,6.1945],[-72.57878,6.19534],[-72.57996,6.19586],[-72.58118,6.19604],[-72.58175,6.19713],[-72.58563,6.19849],[-72.58621,6.19931],[-72.58753,6.20019],[-72.58876,6.19999],[-72.59132,6.20027],[-72.59182,6.20117],[-72.59354,6.20274],[-72.59451,6.20305],[-72.59524,6.20399],[-72.59655,6.20452],[-72.59769,6.20386],[-72.5977,6.20287],[-72.6001,6.20202],[-72.60156,6.20245],[-72.60225,6.20186],[-72.60516,6.20098],[-72.606,6.20112],[-72.60703,6.20219],[-72.60836,6.20195],[-72.60941,6.20235],[-72.61114,6.20379],[-72.61282,6.20382],[-72.6151,6.20442],[-72.6155,6.20486],[-72.61569,6.20633],[-72.61681,6.20631],[-72.61784,6.2068],[-72.61974,6.2066],[-72.62071,6.20571],[-72.62297,6.20475],[-72.62621,6.20515],[-72.63011,6.20366],[-72.63124,6.20371],[-72.63248,6.20451],[-72.63309,6.20449],[-72.63235,6.20246],[-72.63201,6.20004],[-72.63222,6.19944],[-72.63381,6.19808],[-72.63415,6.19741],[-72.63404,6.19522],[-72.6338,6.19443],[-72.63319,6.19396],[-72.63305,6.19285],[-72.63331,6.19196],[-72.63511,6.18927],[-72.63481,6.18615],[-72.63516,6.18312],[-72.63577,6.18138],[-72.63538,6.18057],[-72.63509,6.1799],[-72.63527,6.17945],[-72.63608,6.17893],[-72.63818,6.17656],[-72.63805,6.17344],[-72.63861,6.17065],[-72.64052,6.16913],[-72.644,6.16698],[-72.6431,6.16545],[-72.6422,6.16297],[-72.64301,6.16156],[-72.64512,6.15923],[-72.64529,6.15837],[-72.64506,6.1568],[-72.64532,6.15578],[-72.64745,6.1515],[-72.64865,6.14996],[-72.64876,6.1466],[-72.64844,6.14497],[-72.64851,6.14324],[-72.65008,6.14095],[-72.65003,6.13897],[-72.65092,6.13689],[-72.65108,6.13503],[-72.65145,6.13389],[-72.65322,6.13156],[-72.65378,6.12456],[-72.65442,6.12284],[-72.65422,6.12132],[-72.65439,6.1196],[-72.65618,6.11652],[-72.65179,6.11547],[-72.64876,6.11534],[-72.64693,6.11441],[-72.6394,6.1122],[-72.63827,6.11092],[-72.63712,6.10778],[-72.63479,6.10791],[-72.63267,6.10846],[-72.63165,6.10886],[-72.62949,6.11032],[-72.62861,6.11056],[-72.62749,6.11048],[-72.62572,6.10924],[-72.6249,6.10731],[-72.62111,6.10418],[-72.61779,6.10247],[-72.61625,6.10244],[-72.61304,6.10342],[-72.60779,6.10311],[-72.6068,6.10278],[-72.60497,6.10436],[-72.60384,6.10651],[-72.6016,6.10956],[-72.59759,6.11107],[-72.59712,6.11111],[-72.59581,6.10995],[-72.59377,6.10902],[-72.59098,6.10812],[-72.59133,6.10947],[-72.59007,6.11015],[-72.58958,6.11096],[-72.58878,6.11158],[-72.58828,6.11154],[-72.58674,6.11233],[-72.58606,6.11203],[-72.58528,6.11288],[-72.58167,6.11448],[-72.58041,6.11613],[-72.58033,6.11687],[-72.57765,6.11738],[-72.5756,6.11864],[-72.57389,6.11859],[-72.57253,6.11917],[-72.57051,6.11822],[-72.56926,6.11815],[-72.56786,6.11825],[-72.56574,6.11889],[-72.56486,6.1176],[-72.56336,6.11617],[-72.56361,6.115],[-72.56352,6.11332],[-72.56269,6.11249],[-72.56216,6.11141],[-72.56373,6.106],[-72.56376,6.10487],[-72.56369,6.10413],[-72.56204,6.10128],[-72.56015,6.09608],[-72.56025,6.09359],[-72.56116,6.09044],[-72.56069,6.08845],[-72.55968,6.08698],[-72.55735,6.08524],[-72.55691,6.08446],[-72.5566,6.08286],[-72.5555,6.08396],[-72.55404,6.08481],[-72.55312,6.0849],[-72.55172,6.0846],[-72.54796,6.08071],[-72.54602,6.07804],[-72.54485,6.07499],[-72.54299,6.07256],[-72.54231,6.06984],[-72.54029,6.07143],[-72.54031,6.07279],[-72.53875,6.07699],[-72.53833,6.07714],[-72.53786,6.07695],[-72.53733,6.07756],[-72.53656,6.0776],[-72.53531,6.07888],[-72.5346,6.08127],[-72.53216,6.08565],[-72.53206,6.08666],[-72.53227,6.08705],[-72.53177,6.08726],[-72.53131,6.08818],[-72.53157,6.08832],[-72.53146,6.0889],[-72.53083,6.08892],[-72.53047,6.08986],[-72.53093,6.09105],[-72.52982,6.09334],[-72.53025,6.09587],[-72.52989,6.09988],[-72.53013,6.10119],[-72.52885,6.10345],[-72.52879,6.10413],[-72.52918,6.10644],[-72.52971,6.1078],[-72.53062,6.10913],[-72.53093,6.1114],[-72.53069,6.11212],[-72.52973,6.11311],[-72.52971,6.11494],[-72.52868,6.11646],[-72.52891,6.11805],[-72.52822,6.12002],[-72.52799,6.12246],[-72.52756,6.1229],[-72.52658,6.12296],[-72.52393,6.12444],[-72.52039,6.1245],[-72.5194,6.12522],[-72.51846,6.12532],[-72.51677,6.12653],[-72.51619,6.12751],[-72.51576,6.12911],[-72.51437,6.1302],[-72.51451,6.13195],[-72.51432,6.13339],[-72.51655,6.13916],[-72.51583,6.14185],[-72.51633,6.14577],[-72.51609,6.14836],[-72.5171,6.1501],[-72.5186,6.14973],[-72.51931,6.15048],[-72.52179,6.15139],[-72.52303,6.15241],[-72.52332,6.15307],[-72.52326,6.15429],[-72.52392,6.15598],[-72.52565,6.15759],[-72.5259,6.15891],[-72.52679,6.16029],[-72.52725,6.16178],[-72.52794,6.16258],[-72.52916,6.16334],[-72.53007,6.16543],[-72.53134,6.16562],[-72.53341,6.16516],[-72.53497,6.16564],[-72.53583,6.16619],[-72.53757,6.16605],[-72.53854,6.16673],[-72.54269,6.16835],[-72.54591,6.17083],[-72.54737,6.17143],[-72.54842,6.17227],[-72.54944,6.17389],[-72.55048,6.17432],[-72.55253,6.17699]]]},"properties":{"DPTO_CCDGO":"15","MPIO_CCDGO":"368","DPTO_CNMBR":"BOYACÁ","MPIO_CNMBR":"JERICÓ","MPIO_NAREA":"131.736891164","Shape_Leng":"0.523156964124","Shape_Area":"0.0107553691146"}},{"type":"Feature","geometry":{"type":"Polygon","coordinates":[[[-73.42345,5.70773],[-73.42534,5.70712],[-73.42809,5.70457],[-73.4297,5.70464],[-73.43022,5.70562],[-73.43219,5.70732],[-73.43243,5.70827],[-73.43731,5.71134],[-73.44211,5.71336],[-73.4444,5.71586],[-73.44721,5.71735],[-73.44865,5.71857],[-73.45039,5.72144],[-73.45098,5.72291],[-73.4512,5.72465],[-73.45176,5.72561],[-73.45286,5.72529],[-73.45451,5.72563],[-73.45579,5.72545],[-73.45942,5.72692],[-73.46043,5.72687],[-73.4614,5.72631],[-73.46328,5.72589],[-73.46441,5.72532],[-73.46614,5.72349],[-73.4661,5.72217],[-73.46672,5.7211],[-73.4681,5.72065],[-73.47028,5.71888],[-73.47362,5.71798],[-73.47552,5.71677],[-73.47653,5.71685],[-73.47706,5.71849],[-73.47746,5.72061],[-73.47728,5.72241],[-73.47872,5.72269],[-73.48661,5.72305],[-73.48747,5.72288],[-73.49081,5.72086],[-73.49589,5.71936],[-73.49961,5.71798],[-73.49989,5.71749],[-73.50077,5.71762],[-73.50344,5.71636],[-73.50439,5.71723],[-73.50507,5.71846],[-73.50727,5.72478],[-73.50868,5.72533],[-73.50974,5.72539],[-73.51125,5.72504],[-73.51262,5.72418],[-73.51324,5.72434],[-73.51384,5.72417],[-73.51432,5.72446],[-73.5146,5.72384],[-73.51574,5.7227],[-73.51644,5.72289],[-73.51727,5.72369],[-73.51736,5.72297],[-73.51707,5.72253],[-73.51828,5.72249],[-73.5189,5.72165],[-73.52036,5.72171],[-73.52094,5.72148],[-73.52123,5.72214],[-73.52161,5.72236],[-73.52268,5.7215],[-73.52282,5.72114],[-73.52209,5.72089],[-73.52245,5.71976],[-73.52166,5.71877],[-73.52162,5.71838],[-73.52176,5.71808],[-73.52238,5.71834],[-73.52281,5.71804],[-73.52133,5.71726],[-73.52176,5.71634],[-73.52116,5.7155],[-73.52013,5.71528],[-73.5197,5.71483],[-73.52054,5.71246],[-73.51926,5.7114],[-73.51912,5.71037],[-73.51959,5.70919],[-73.51944,5.70858],[-73.52123,5.70846],[-73.52038,5.70751],[-73.5196,5.70731],[-73.52006,5.70634],[-73.51944,5.70608],[-73.51866,5.70615],[-73.51861,5.70594],[-73.51968,5.70482],[-73.52059,5.70455],[-73.52123,5.70399],[-73.52177,5.70279],[-73.52155,5.70223],[-73.52165,5.70158],[-73.52222,5.7015],[-73.52261,5.70184],[-73.52425,5.70212],[-73.52514,5.70194],[-73.52552,5.70085],[-73.5262,5.7001],[-73.52622,5.69723],[-73.52655,5.69659],[-73.52663,5.69535],[-73.52918,5.69405],[-73.5292,5.69319],[-73.53047,5.69188],[-73.53279,5.68725],[-73.53366,5.68684],[-73.53387,5.68608],[-73.53556,5.68467],[-73.53554,5.68391],[-73.53657,5.68313],[-73.53743,5.68175],[-73.53857,5.6811],[-73.53886,5.6802],[-73.54044,5.67884],[-73.54261,5.67792],[-73.54291,5.67876],[-73.54337,5.6791],[-73.54499,5.67953],[-73.54695,5.6787],[-73.54936,5.67847],[-73.55117,5.67849],[-73.55197,5.67913],[-73.55505,5.67827],[-73.55657,5.67871],[-73.55732,5.67792],[-73.55816,5.67812],[-73.56067,5.67731],[-73.561,5.67714],[-73.5612,5.67654],[-73.5623,5.67709],[-73.56332,5.67666],[-73.56401,5.67718],[-73.56581,5.67764],[-73.56651,5.67833],[-73.56651,5.68074],[-73.56686,5.68154],[-73.56751,5.68243],[-73.56866,5.68267],[-73.56898,5.68409],[-73.56951,5.68484],[-73.56903,5.68673],[-73.5706,5.68826],[-73.5722,5.68845],[-73.57245,5.68904],[-73.57401,5.68945],[-73.57412,5.69117],[-73.57446,5.6917],[-73.57413,5.69197],[-73.57573,5.69261],[-73.57634,5.69217],[-73.57536,5.69016],[-73.57542,5.68674],[-73.57668,5.6832],[-73.57689,5.68169],[-73.57753,5.68058],[-73.57792,5.67919],[-73.57756,5.67775],[-73.57706,5.67713],[-73.57776,5.67517],[-73.57805,5.67444],[-73.57906,5.67377],[-73.57911,5.67341],[-73.57841,5.67195],[-73.577,5.6713],[-73.57684,5.67063],[-73.57729,5.67007],[-73.5785,5.66953],[-73.57966,5.66802],[-73.57983,5.66736],[-73.57954,5.66703],[-73.58039,5.66626],[-73.58031,5.6653],[-73.58058,5.66517],[-73.58109,5.66553],[-73.58189,5.66459],[-73.58212,5.66342],[-73.58205,5.66078],[-73.58288,5.66037],[-73.58464,5.66099],[-73.58676,5.65622],[-73.58727,5.65422],[-73.58906,5.65093],[-73.58977,5.64827],[-73.59002,5.6483],[-73.59043,5.64918],[-73.59115,5.64883],[-73.59092,5.64799],[-73.59004,5.64768],[-73.58882,5.64572],[-73.59002,5.64264],[-73.58955,5.64093],[-73.58957,5.64013],[-73.5906,5.639],[-73.58926,5.63672],[-73.58945,5.63575],[-73.58879,5.63501],[-73.58914,5.63411],[-73.58897,5.6337],[-73.58963,5.63357],[-73.58968,5.63257],[-73.5875,5.63074],[-73.5856,5.63096],[-73.58554,5.63134],[-73.58265,5.63088],[-73.58219,5.62961],[-73.58259,5.62907],[-73.58244,5.62852],[-73.58274,5.6281],[-73.58198,5.62795],[-73.57907,5.6304],[-73.57766,5.6311],[-73.57222,5.63177],[-73.56907,5.63156],[-73.56554,5.63237],[-73.56351,5.63199],[-73.5617,5.63215],[-73.56393,5.62892],[-73.56459,5.62733],[-73.56529,5.62674],[-73.56542,5.626],[-73.56554,5.62373],[-73.56502,5.62347],[-73.56468,5.62401],[-73.5641,5.62371],[-73.56371,5.62305],[-73.56411,5.6187],[-73.56352,5.61801],[-73.56354,5.6172],[-73.56306,5.61674],[-73.56288,5.61606],[-73.56233,5.61571],[-73.56215,5.61513],[-73.56132,5.61536],[-73.56076,5.6152],[-73.56076,5.61301],[-73.56036,5.61198],[-73.5584,5.61172],[-73.55745,5.60972],[-73.5567,5.60957],[-73.55509,5.60999],[-73.55368,5.60985],[-73.55343,5.609],[-73.55292,5.60865],[-73.55245,5.60784],[-73.55109,5.60766],[-73.55015,5.6072],[-73.55032,5.60657],[-73.55137,5.60599],[-73.55181,5.60554],[-73.5519,5.605],[-73.55268,5.60441],[-73.55188,5.60354],[-73.55072,5.60365],[-73.54888,5.60323],[-73.54883,5.60252],[-73.54977,5.60094],[-73.54831,5.60045],[-73.54765,5.59968],[-73.54732,5.59848],[-73.54521,5.59965],[-73.54422,5.59914],[-73.54416,5.59796],[-73.54378,5.59777],[-73.54261,5.59768],[-73.5409,5.59804],[-73.53789,5.59968],[-73.53755,5.60022],[-73.53699,5.60032],[-73.53549,5.60163],[-73.53501,5.60295],[-73.53442,5.60328],[-73.53389,5.60425],[-73.53243,5.6052],[-73.53178,5.60509],[-73.53039,5.60574],[-73.5285,5.60551],[-73.52745,5.60648],[-73.5268,5.60657],[-73.52654,5.60634],[-73.52612,5.60666],[-73.52503,5.60682],[-73.52402,5.6064],[-73.52385,5.60595],[-73.52285,5.60507],[-73.51979,5.60507],[-73.51883,5.6053],[-73.51625,5.60104],[-73.51526,5.60171],[-73.51407,5.60437],[-73.51208,5.60768],[-73.50944,5.61127],[-73.50724,5.61383],[-73.49983,5.62109],[-73.49606,5.62306],[-73.49056,5.62441],[-73.48908,5.62529],[-73.48829,5.62636],[-73.488,5.62799],[-73.48378,5.63446],[-73.48342,5.63565],[-73.48402,5.63661],[-73.48643,5.63929],[-73.48753,5.64007],[-73.48846,5.64189],[-73.48954,5.64284],[-73.48974,5.64692],[-73.48871,5.64989],[-73.4863,5.65268],[-73.4853,5.65491],[-73.48426,5.65574],[-73.48465,5.65647],[-73.48447,5.65705],[-73.48389,5.6575],[-73.48368,5.65828],[-73.4828,5.65879],[-73.48246,5.65958],[-73.48253,5.6604],[-73.48209,5.66112],[-73.48244,5.66214],[-73.48179,5.66247],[-73.48244,5.66409],[-73.48198,5.66575],[-73.48236,5.66808],[-73.48199,5.66927],[-73.48357,5.67048],[-73.48368,5.67101],[-73.4831,5.67214],[-73.48238,5.67229],[-73.4821,5.67291],[-73.48153,5.67283],[-73.48048,5.67401],[-73.4803,5.67462],[-73.47974,5.67488],[-73.47999,5.67594],[-73.47924,5.67709],[-73.47915,5.67777],[-73.47776,5.67736],[-73.4766,5.67758],[-73.47541,5.67742],[-73.47301,5.67918],[-73.46953,5.67946],[-73.46815,5.68014],[-73.46578,5.68048],[-73.46105,5.68248],[-73.46053,5.68233],[-73.4564,5.67904],[-73.45277,5.67806],[-73.45176,5.67927],[-73.44997,5.6797],[-73.44582,5.68246],[-73.44408,5.68257],[-73.44269,5.68299],[-73.44151,5.68415],[-73.43925,5.68738],[-73.43815,5.68977],[-73.43722,5.69095],[-73.43662,5.69157],[-73.43321,5.69298],[-73.43153,5.69632],[-73.43041,5.6978],[-73.42818,5.69973],[-73.42511,5.70424],[-73.42345,5.70773]]]},"properties":{"DPTO_CCDGO":"15","MPIO_CCDGO":"407","DPTO_CNMBR":"BOYACÁ","MPIO_CNMBR":"VILLA DE LEYVA","MPIO_NAREA":"126.588412709","Shape_Leng":"0.631933631526","Shape_Area":"0.0103322987447"}},{"type":"Feature","geometry":{"type":"Polygon","coordinates":[[[-73.2229,4.97298],[-73.22232,4.97375],[-73.22232,4.97476],[-73.22188,4.97572],[-73.22212,4.97735],[-73.22142,4.97803],[-73.22134,4.97889],[-73.22053,4.98004],[-73.22087,4.9807],[-73.22202,4.98103],[-73.22205,4.98125],[-73.21947,4.98263],[-73.21936,4.98377],[-73.22029,4.98428],[-73.21964,4.98524],[-73.21921,4.98701],[-73.21919,4.98837],[-73.21846,4.98915],[-73.21598,4.99381],[-73.21561,4.994],[-73.21512,4.99338],[-73.21469,4.99336],[-73.21433,4.99373],[-73.21441,4.99484],[-73.21417,4.99528],[-73.21284,4.99506],[-73.21229,4.99533],[-73.21239,4.99589],[-73.21357,4.99784],[-73.21329,4.99882],[-73.21206,5.00013],[-73.21202,5.00055],[-73.21366,5.00079],[-73.21388,5.00113],[-73.21315,5.00287],[-73.21333,5.00417],[-73.21289,5.00539],[-73.21378,5.007],[-73.21392,5.00812],[-73.21434,5.00853],[-73.21543,5.00863],[-73.21599,5.00946],[-73.21584,5.01018],[-73.21511,5.01135],[-73.21513,5.01263],[-73.21422,5.01444],[-73.21422,5.01511],[-73.21524,5.01641],[-73.21516,5.01723],[-73.2156,5.01793],[-73.21743,5.0176],[-73.21863,5.01844],[-73.21979,5.0188],[-73.22018,5.01947],[-73.22114,5.01887],[-73.22206,5.019],[-73.22225,5.01969],[-73.22195,5.0212],[-73.22242,5.02275],[-73.22297,5.02355],[-73.22325,5.02469],[-73.22498,5.02654],[-73.22571,5.02876],[-73.22756,5.03074],[-73.22915,5.03096],[-73.22955,5.03125],[-73.22958,5.03163],[-73.22827,5.03337],[-73.228,5.03561],[-73.22645,5.038],[-73.22696,5.03869],[-73.22812,5.03941],[-73.22856,5.04064],[-73.22962,5.04118],[-73.22985,5.04164],[-73.22907,5.04305],[-73.22788,5.04401],[-73.22928,5.04554],[-73.22929,5.04585],[-73.22822,5.04679],[-73.22781,5.04782],[-73.22813,5.04956],[-73.22925,5.04978],[-73.22975,5.05026],[-73.22941,5.05169],[-73.22964,5.05271],[-73.2303,5.05392],[-73.23004,5.05458],[-73.23035,5.05496],[-73.23109,5.05511],[-73.23217,5.05694],[-73.23152,5.05945],[-73.23287,5.06023],[-73.23338,5.06171],[-73.23486,5.06288],[-73.23622,5.06311],[-73.23727,5.06267],[-73.23829,5.06329],[-73.24016,5.06321],[-73.24152,5.06348],[-73.242,5.06399],[-73.2424,5.06599],[-73.24369,5.06782],[-73.24481,5.06801],[-73.24635,5.06888],[-73.24764,5.06866],[-73.2485,5.06898],[-73.24926,5.06625],[-73.25134,5.06307],[-73.25187,5.06185],[-73.25285,5.05833],[-73.25262,5.05482],[-73.25557,5.04591],[-73.26282,5.0405],[-73.26556,5.0367],[-73.2659,5.03523],[-73.26633,5.03471],[-73.27768,5.02356],[-73.28203,5.01863],[-73.2857,5.01974],[-73.28465,5.02245],[-73.28634,5.02328],[-73.28408,5.02673],[-73.28347,5.02944],[-73.28375,5.03],[-73.28484,5.03084],[-73.2849,5.03292],[-73.28524,5.0336],[-73.28793,5.03391],[-73.28858,5.03493],[-73.28941,5.03909],[-73.29016,5.04127],[-73.29032,5.04275],[-73.28897,5.04789],[-73.2969,5.0479],[-73.29819,5.04667],[-73.30006,5.04599],[-73.30048,5.0453],[-73.30127,5.04487],[-73.30225,5.04474],[-73.30306,5.04424],[-73.30448,5.04444],[-73.30795,5.04262],[-73.3094,5.04313],[-73.31191,5.04317],[-73.31513,5.04179],[-73.31636,5.04083],[-73.31692,5.04084],[-73.32082,5.03877],[-73.32177,5.03905],[-73.32401,5.03835],[-73.32632,5.03828],[-73.32723,5.03904],[-73.32882,5.03915],[-73.33117,5.04014],[-73.33231,5.03962],[-73.33382,5.03996],[-73.33603,5.03929],[-73.33711,5.0385],[-73.33828,5.03684],[-73.34004,5.03555],[-73.34031,5.0304],[-73.34087,5.02998],[-73.34284,5.02641],[-73.34343,5.02608],[-73.34416,5.02628],[-73.34452,5.02544],[-73.34549,5.02548],[-73.34722,5.02509],[-73.34848,5.02524],[-73.35045,5.02454],[-73.35206,5.02446],[-73.35351,5.02392],[-73.35635,5.02402],[-73.35838,5.02342],[-73.35948,5.02282],[-73.35991,5.02217],[-73.36096,5.02195],[-73.36303,5.02036],[-73.36381,5.01836],[-73.36445,5.01426],[-73.36161,5.00956],[-73.36137,5.00817],[-73.36023,5.00672],[-73.35602,5.00342],[-73.35554,5.00238],[-73.35544,4.99867],[-73.35617,4.99518],[-73.35613,4.9941],[-73.35292,4.98918],[-73.35228,4.98489],[-73.35007,4.98197],[-73.34305,4.97681],[-73.34401,4.97567],[-73.34728,4.97307],[-73.34929,4.97192],[-73.35129,4.96985],[-73.35217,4.96776],[-73.35267,4.96422],[-73.35384,4.96145],[-73.35337,4.95926],[-73.3536,4.9575],[-73.35434,4.95567],[-73.3545,4.95071],[-73.35549,4.94864],[-73.3583,4.94422],[-73.36193,4.94093],[-73.36414,4.93966],[-73.36681,4.9397],[-73.36815,4.94007],[-73.36871,4.93963],[-73.37097,4.93588],[-73.3715,4.93409],[-73.37317,4.93192],[-73.37439,4.9297],[-73.3755,4.92863],[-73.37438,4.92736],[-73.37304,4.92521],[-73.36988,4.92214],[-73.36586,4.9196],[-73.36376,4.91917],[-73.36207,4.91796],[-73.36238,4.91522],[-73.36183,4.91487],[-73.36138,4.91395],[-73.36098,4.9137],[-73.35937,4.91088],[-73.3589,4.90764],[-73.35835,4.90689],[-73.35829,4.90556],[-73.35764,4.90498],[-73.35707,4.90383],[-73.35717,4.90226],[-73.35668,4.90167],[-73.35669,4.90107],[-73.35559,4.90077],[-73.35516,4.89937],[-73.35438,4.89856],[-73.35477,4.89739],[-73.35445,4.89659],[-73.35469,4.89586],[-73.35459,4.89481],[-73.354,4.89391],[-73.35417,4.89348],[-73.35243,4.89329],[-73.35156,4.89367],[-73.35023,4.89375],[-73.34925,4.89424],[-73.34881,4.89366],[-73.34821,4.89402],[-73.3471,4.89394],[-73.34631,4.89448],[-73.34571,4.89451],[-73.3452,4.8938],[-73.3434,4.89379],[-73.34171,4.89341],[-73.34085,4.89406],[-73.33913,4.89695],[-73.33823,4.89739],[-73.33739,4.89851],[-73.337,4.8987],[-73.33638,4.89842],[-73.33602,4.89856],[-73.33556,4.8993],[-73.33472,4.8997],[-73.33423,4.89918],[-73.33333,4.89921],[-73.33173,4.89872],[-73.32874,4.90233],[-73.32719,4.90282],[-73.32487,4.90462],[-73.32348,4.90462],[-73.32295,4.90492],[-73.32372,4.90697],[-73.32451,4.91044],[-73.32459,4.91115],[-73.32391,4.9121],[-73.32209,4.91319],[-73.32081,4.91349],[-73.31515,4.91812],[-73.31311,4.9194],[-73.31232,4.91959],[-73.31147,4.91959],[-73.30995,4.91901],[-73.30781,4.9153],[-73.30498,4.91399],[-73.30439,4.91314],[-73.30433,4.91104],[-73.30376,4.91009],[-73.30005,4.9083],[-73.30026,4.90615],[-73.29946,4.90492],[-73.299,4.90302],[-73.29648,4.90468],[-73.29583,4.90659],[-73.29449,4.90819],[-73.29382,4.9086],[-73.29325,4.91076],[-73.29177,4.91251],[-73.29157,4.91415],[-73.29022,4.91499],[-73.28944,4.91585],[-73.28882,4.916],[-73.28796,4.91756],[-73.28716,4.91824],[-73.28662,4.91827],[-73.28574,4.91917],[-73.28489,4.92089],[-73.28467,4.92225],[-73.28375,4.92285],[-73.28282,4.92398],[-73.28219,4.92672],[-73.28121,4.92809],[-73.27704,4.92962],[-73.27407,4.93125],[-73.27315,4.9312],[-73.27174,4.9306],[-73.26793,4.9316],[-73.26551,4.93183],[-73.26331,4.93054],[-73.26182,4.93131],[-73.25937,4.93368],[-73.25714,4.93501],[-73.25238,4.93941],[-73.25084,4.94013],[-73.2501,4.94085],[-73.24989,4.94216],[-73.24891,4.94345],[-73.24763,4.94445],[-73.2457,4.948],[-73.23254,4.95816],[-73.2295,4.96207],[-73.22796,4.96354],[-73.22744,4.96539],[-73.22457,4.96939],[-73.22355,4.97229],[-73.2229,4.97298]]]},"properties":{"DPTO_CCDGO":"15","MPIO_CCDGO":"425","DPTO_CNMBR":"BOYACÁ","MPIO_CNMBR":"MACANAL","MPIO_NAREA":"199.966005591","Shape_Leng":"0.692334760616","Shape_Area":"0.0163022843842"}},{"type":"Feature","geometry":{"type":"Polygon","coordinates":[[[-73.92589,5.57395],[-73.92765,5.57367],[-73.92798,5.57341],[-73.92833,5.57239],[-73.93073,5.57138],[-73.93245,5.57018],[-73.93425,5.56989],[-73.93525,5.57006],[-73.93642,5.56957],[-73.93844,5.56819],[-73.93978,5.56662],[-73.94019,5.5667],[-73.94117,5.56515],[-73.94287,5.5665],[-73.94599,5.56629],[-73.94704,5.56585],[-73.94892,5.56585],[-73.94821,5.56738],[-73.94963,5.5674],[-73.95014,5.56763],[-73.95052,5.56914],[-73.95039,5.57018],[-73.9511,5.57091],[-73.95139,5.57065],[-73.95203,5.57135],[-73.95177,5.57194],[-73.9499,5.57284],[-73.94943,5.57371],[-73.9493,5.57508],[-73.94994,5.57633],[-73.95004,5.57971],[-73.94886,5.5812],[-73.94663,5.58119],[-73.94681,5.58319],[-73.94768,5.58413],[-73.94965,5.58506],[-73.95464,5.58843],[-73.95674,5.58881],[-73.95684,5.58959],[-73.95585,5.5923],[-73.95753,5.59307],[-73.95868,5.59411],[-73.9613,5.59417],[-73.96302,5.59589],[-73.9636,5.59604],[-73.96598,5.59559],[-73.96701,5.59579],[-73.96856,5.59774],[-73.96903,5.59742],[-73.9697,5.59758],[-73.97009,5.5974],[-73.97071,5.59676],[-73.97341,5.59667],[-73.97604,5.59525],[-73.97729,5.59513],[-73.9795,5.59541],[-73.9798,5.59638],[-73.98101,5.59709],[-73.98209,5.59833],[-73.98295,5.60004],[-73.98383,5.60101],[-73.98414,5.60252],[-73.98468,5.60316],[-73.98752,5.60492],[-73.98816,5.60447],[-73.98872,5.60447],[-73.98948,5.60665],[-73.9913,5.60626],[-73.99179,5.60661],[-73.99212,5.60757],[-73.99287,5.60712],[-73.99315,5.60724],[-73.99366,5.60839],[-73.99482,5.60804],[-73.99536,5.60815],[-73.99574,5.60889],[-73.9975,5.60967],[-73.99781,5.61098],[-73.99835,5.61156],[-73.999,5.61133],[-74.00022,5.61016],[-74.00152,5.60969],[-74.00197,5.60898],[-74.00192,5.60781],[-74.00318,5.6073],[-74.00408,5.60612],[-74.00395,5.60529],[-74.00435,5.60475],[-74.00542,5.60431],[-74.00585,5.60237],[-74.00699,5.60158],[-74.00761,5.60214],[-74.00801,5.60214],[-74.00828,5.60093],[-74.00892,5.60091],[-74.0095,5.60166],[-74.01053,5.60127],[-74.01001,5.60233],[-74.01056,5.6029],[-74.01133,5.60177],[-74.01223,5.6021],[-74.01316,5.60201],[-74.01355,5.60247],[-74.01414,5.60262],[-74.0142,5.60185],[-74.01485,5.60157],[-74.01519,5.60088],[-74.01642,5.601],[-74.01791,5.6016],[-74.01765,5.60209],[-74.01769,5.60281],[-74.01721,5.60273],[-74.01685,5.60329],[-74.01693,5.60376],[-74.01823,5.60418],[-74.01944,5.60229],[-74.02193,5.6018],[-74.02224,5.60194],[-74.02294,5.60317],[-74.02406,5.60213],[-74.02551,5.60235],[-74.02591,5.60204],[-74.02608,5.60144],[-74.02634,5.60147],[-74.02653,5.60319],[-74.02691,5.60339],[-74.02772,5.60292],[-74.02866,5.60418],[-74.02849,5.60464],[-74.02737,5.60507],[-74.02702,5.60636],[-74.02711,5.6066],[-74.02825,5.60683],[-74.02845,5.6071],[-74.02833,5.60752],[-74.02861,5.60799],[-74.02828,5.60931],[-74.02862,5.61019],[-74.02828,5.61093],[-74.02901,5.61148],[-74.02907,5.61238],[-74.02872,5.61301],[-74.02881,5.61414],[-74.02822,5.61532],[-74.02819,5.61642],[-74.02714,5.61858],[-74.02735,5.61901],[-74.02797,5.61912],[-74.02831,5.61951],[-74.02813,5.62049],[-74.02702,5.62177],[-74.02778,5.62327],[-74.02776,5.62465],[-74.02877,5.62567],[-74.02754,5.62712],[-74.02788,5.6293],[-74.02724,5.63099],[-74.02724,5.63179],[-74.02861,5.63359],[-74.0286,5.63486],[-74.02994,5.63609],[-74.03013,5.63721],[-74.03178,5.63632],[-74.03268,5.6367],[-74.03322,5.63731],[-74.03357,5.6386],[-74.03442,5.63922],[-74.0349,5.64112],[-74.0362,5.64191],[-74.03641,5.64076],[-74.0372,5.64037],[-74.038,5.63954],[-74.03844,5.63799],[-74.03932,5.63691],[-74.03962,5.63584],[-74.04244,5.63555],[-74.04302,5.63496],[-74.04337,5.63368],[-74.04547,5.63329],[-74.04657,5.63514],[-74.04821,5.63547],[-74.04854,5.63609],[-74.04958,5.63594],[-74.0498,5.63617],[-74.05015,5.63712],[-74.04937,5.63757],[-74.04941,5.63794],[-74.0499,5.63824],[-74.05103,5.63829],[-74.05152,5.63871],[-74.05125,5.63933],[-74.05029,5.63959],[-74.05027,5.64011],[-74.0513,5.64053],[-74.05239,5.64158],[-74.05453,5.64203],[-74.05394,5.64341],[-74.0526,5.64477],[-74.05266,5.64576],[-74.05346,5.64723],[-74.05432,5.64722],[-74.05458,5.6478],[-74.05562,5.64862],[-74.05589,5.64958],[-74.05637,5.64937],[-74.05748,5.64982],[-74.05919,5.6491],[-74.06065,5.64919],[-74.06227,5.64748],[-74.06419,5.6436],[-74.06541,5.64248],[-74.06581,5.64069],[-74.06472,5.63937],[-74.0658,5.63664],[-74.06502,5.63445],[-74.06709,5.63372],[-74.06731,5.63311],[-74.0672,5.63127],[-74.06756,5.63067],[-74.06979,5.62972],[-74.07043,5.62916],[-74.07106,5.62681],[-74.07232,5.62417],[-74.0764,5.62052],[-74.07913,5.61723],[-74.08056,5.61632],[-74.08181,5.61445],[-74.08269,5.61391],[-74.0841,5.6136],[-74.08441,5.61077],[-74.08471,5.61007],[-74.08748,5.60829],[-74.08751,5.60801],[-74.08702,5.6075],[-74.08873,5.60481],[-74.08864,5.60316],[-74.08859,5.60184],[-74.08904,5.6001],[-74.08875,5.59958],[-74.08735,5.59871],[-74.08722,5.59763],[-74.08772,5.59718],[-74.0887,5.59694],[-74.09159,5.59755],[-74.09209,5.59744],[-74.09233,5.59644],[-74.09114,5.59536],[-74.0903,5.59262],[-74.09048,5.59214],[-74.09185,5.59167],[-74.09269,5.59093],[-74.09183,5.58882],[-74.08988,5.58761],[-74.09004,5.58701],[-74.09093,5.58661],[-74.09193,5.58706],[-74.09306,5.58698],[-74.09383,5.58637],[-74.09527,5.5845],[-74.09509,5.58253],[-74.09339,5.58049],[-74.09296,5.57937],[-74.09176,5.5781],[-74.09255,5.57673],[-74.09215,5.57596],[-74.09212,5.57324],[-74.09293,5.57206],[-74.09302,5.57132],[-74.09255,5.57109],[-74.09027,5.57122],[-74.08978,5.57103],[-74.08926,5.57029],[-74.08916,5.56802],[-74.08879,5.5678],[-74.08728,5.56814],[-74.08508,5.56743],[-74.08423,5.56584],[-74.08262,5.56458],[-74.08225,5.56318],[-74.08178,5.56247],[-74.08032,5.56131],[-74.07941,5.56016],[-74.07872,5.55689],[-74.07891,5.55263],[-74.07778,5.54972],[-74.07679,5.54853],[-74.07676,5.54707],[-74.07584,5.54658],[-74.0748,5.54381],[-74.07487,5.54329],[-74.07569,5.54248],[-74.07537,5.5412],[-74.07546,5.53894],[-74.07481,5.53848],[-74.07278,5.53783],[-74.06997,5.53527],[-74.06725,5.53461],[-74.06579,5.53391],[-74.06351,5.53178],[-74.06273,5.5317],[-74.06185,5.53252],[-74.06112,5.53256],[-74.06061,5.53167],[-74.06083,5.53047],[-74.05973,5.53021],[-74.06135,5.52669],[-74.06156,5.52594],[-74.06136,5.5254],[-74.06062,5.52466],[-74.06,5.52446],[-74.05852,5.52511],[-74.05645,5.52322],[-74.05459,5.52283],[-74.05484,5.52182],[-74.05605,5.52024],[-74.05674,5.51882],[-74.05667,5.51838],[-74.05537,5.51751],[-74.05471,5.51572],[-74.0538,5.51461],[-74.05387,5.51416],[-74.05521,5.51355],[-74.05543,5.5132],[-74.05433,5.51286],[-74.05308,5.51116],[-74.05313,5.50908],[-74.0534,5.50813],[-74.05187,5.50551],[-74.0511,5.50291],[-74.04969,5.5015],[-74.04768,5.50104],[-74.04701,5.5003],[-74.0466,5.49966],[-74.04583,5.49938],[-74.04588,5.50087],[-74.04556,5.50143],[-74.04509,5.50163],[-74.04442,5.50107],[-74.04384,5.49897],[-74.04255,5.498],[-74.04209,5.49802],[-74.0412,5.49905],[-74.03964,5.49908],[-74.03741,5.49968],[-74.03655,5.49855],[-74.03527,5.49781],[-74.0349,5.49659],[-74.03352,5.49692],[-74.03221,5.49862],[-74.03205,5.5005],[-74.03013,5.50125],[-74.02831,5.50278],[-74.02635,5.50321],[-74.02321,5.50689],[-74.02195,5.50968],[-74.02215,5.51151],[-74.02164,5.5138],[-74.02198,5.51463],[-74.02081,5.51606],[-74.02063,5.51694],[-74.02071,5.51748],[-74.02123,5.51815],[-74.02081,5.51912],[-74.02103,5.52009],[-74.02039,5.52064],[-74.01991,5.52172],[-74.01933,5.5212],[-74.01857,5.52148],[-74.01826,5.52215],[-74.01856,5.52362],[-74.01823,5.52421],[-74.01747,5.52446],[-74.01656,5.52438],[-74.01614,5.52502],[-74.01436,5.52602],[-74.01376,5.52664],[-74.01035,5.52698],[-74.00834,5.52647],[-74.00775,5.52654],[-74.00671,5.52705],[-74.00479,5.52747],[-74.0034,5.52875],[-74.00216,5.52902],[-74.0001,5.52835],[-73.99772,5.52821],[-73.99463,5.52679],[-73.99378,5.526],[-73.9922,5.52615],[-73.99031,5.52517],[-73.98995,5.52544],[-73.98825,5.52538],[-73.98733,5.52567],[-73.98626,5.52622],[-73.98426,5.52793],[-73.98,5.52742],[-73.97816,5.52768],[-73.97708,5.5282],[-73.97617,5.52962],[-73.97505,5.53044],[-73.97395,5.52968],[-73.9738,5.53005],[-73.97317,5.52989],[-73.97087,5.52676],[-73.97007,5.52654],[-73.97003,5.52727],[-73.96953,5.52802],[-73.96843,5.52857],[-73.96887,5.52965],[-73.9672,5.5334],[-73.96546,5.53566],[-73.96515,5.53645],[-73.96398,5.53754],[-73.9628,5.5403],[-73.96015,5.5425],[-73.95899,5.54308],[-73.95814,5.54283],[-73.95718,5.54083],[-73.95678,5.54097],[-73.95531,5.54033],[-73.95217,5.53996],[-73.9513,5.54001],[-73.95059,5.54098],[-73.94992,5.54112],[-73.94861,5.54101],[-73.94641,5.54007],[-73.94419,5.54036],[-73.94317,5.54122],[-73.94142,5.54044],[-73.94073,5.542],[-73.93984,5.54282],[-73.93908,5.54261],[-73.93746,5.54296],[-73.93544,5.54429],[-73.93046,5.5461],[-73.92507,5.54461],[-73.9238,5.54399],[-73.92027,5.54334],[-73.9189,5.54459],[-73.91841,5.5465],[-73.91678,5.54875],[-73.91422,5.54973],[-73.91323,5.54926],[-73.9114,5.54923],[-73.9115,5.54988],[-73.91132,5.5499],[-73.91088,5.55036],[-73.9104,5.55045],[-73.91001,5.55246],[-73.91229,5.55512],[-73.91308,5.5559],[-73.91608,5.55693],[-73.91942,5.56093],[-73.92076,5.56125],[-73.92259,5.56217],[-73.92442,5.56371],[-73.92513,5.56568],[-73.92536,5.57357],[-73.92589,5.57395]]]},"properties":{"DPTO_CCDGO":"15","MPIO_CCDGO":"442","DPTO_CNMBR":"BOYACÁ","MPIO_CNMBR":"MARIPÍ","MPIO_NAREA":"160.684789408","Shape_Leng":"0.716032250872","Shape_Area":"0.0131144285507"}},{"type":"Feature","geometry":{"type":"Polygon","coordinates":[[[-73.14821,5.22902],[-73.14943,5.22964],[-73.15083,5.23189],[-73.15255,5.23298],[-73.15421,5.23462],[-73.15712,5.23489],[-73.15878,5.23541],[-73.1605,5.23698],[-73.16143,5.23909],[-73.16261,5.23938],[-73.16282,5.23877],[-73.16324,5.23861],[-73.16704,5.24002],[-73.16936,5.2401],[-73.17046,5.23982],[-73.17076,5.23912],[-73.17229,5.23828],[-73.17271,5.23744],[-73.17363,5.23662],[-73.17533,5.23723],[-73.17673,5.2369],[-73.17883,5.23775],[-73.17961,5.23775],[-73.18109,5.23718],[-73.18233,5.23774],[-73.18481,5.23757],[-73.18583,5.23825],[-73.18644,5.2392],[-73.18797,5.23921],[-73.19151,5.24004],[-73.19196,5.23959],[-73.1933,5.23951],[-73.1937,5.23927],[-73.19399,5.23872],[-73.19372,5.23758],[-73.194,5.23686],[-73.19589,5.2361],[-73.20008,5.23669],[-73.20094,5.23616],[-73.20189,5.23598],[-73.20253,5.23532],[-73.20319,5.23545],[-73.20401,5.2351],[-73.2045,5.23518],[-73.20493,5.23564],[-73.20728,5.23593],[-73.20904,5.23501],[-73.21021,5.2338],[-73.2138,5.23271],[-73.21538,5.23174],[-73.21698,5.2288],[-73.21753,5.22711],[-73.21736,5.22592],[-73.21775,5.22316],[-73.21698,5.22049],[-73.21605,5.21888],[-73.21596,5.2182],[-73.21602,5.21733],[-73.2169,5.2163],[-73.21796,5.21398],[-73.2178,5.21105],[-73.22019,5.20847],[-73.22115,5.20846],[-73.22145,5.20775],[-73.22276,5.20709],[-73.22384,5.20606],[-73.22456,5.20265],[-73.22568,5.20079],[-73.22756,5.19966],[-73.22877,5.19779],[-73.23525,5.19235],[-73.23671,5.19184],[-73.23867,5.19011],[-73.24023,5.18924],[-73.24166,5.18888],[-73.24335,5.18887],[-73.24659,5.18941],[-73.2484,5.18944],[-73.25139,5.18903],[-73.25512,5.18715],[-73.25622,5.18586],[-73.25758,5.18495],[-73.26552,5.1914],[-73.26697,5.19124],[-73.26778,5.19002],[-73.26869,5.18953],[-73.27109,5.19122],[-73.27194,5.19237],[-73.27288,5.19285],[-73.27623,5.19257],[-73.27779,5.19192],[-73.27897,5.19177],[-73.28072,5.19197],[-73.28344,5.19317],[-73.29006,5.19764],[-73.29232,5.19819],[-73.29567,5.19832],[-73.29477,5.19737],[-73.29193,5.196],[-73.28457,5.1882],[-73.2802,5.18617],[-73.27558,5.18124],[-73.27052,5.1767],[-73.26772,5.1752],[-73.26466,5.17489],[-73.25929,5.17316],[-73.25806,5.17253],[-73.25686,5.16914],[-73.25644,5.16535],[-73.25663,5.16358],[-73.25766,5.16065],[-73.25943,5.15788],[-73.26058,5.15676],[-73.26248,5.15592],[-73.26417,5.15557],[-73.26777,5.1554],[-73.26576,5.15461],[-73.25756,5.15356],[-73.25544,5.15356],[-73.25106,5.1526],[-73.24849,5.15161],[-73.24568,5.15],[-73.24354,5.14606],[-73.2426,5.14488],[-73.24172,5.14433],[-73.23935,5.1442],[-73.23653,5.14554],[-73.23312,5.14462],[-73.23058,5.14312],[-73.23172,5.14214],[-73.23346,5.14128],[-73.23429,5.14059],[-73.23615,5.13831],[-73.23609,5.13709],[-73.23567,5.13627],[-73.2338,5.13524],[-73.23369,5.13363],[-73.2324,5.13115],[-73.23368,5.12883],[-73.23684,5.12566],[-73.23761,5.12306],[-73.23846,5.1216],[-73.23978,5.11622],[-73.23865,5.11432],[-73.23868,5.11381],[-73.2394,5.11308],[-73.2399,5.11187],[-73.24055,5.11164],[-73.24075,5.11085],[-73.24153,5.11029],[-73.24181,5.10862],[-73.24499,5.10684],[-73.24654,5.10525],[-73.2502,5.10391],[-73.25008,5.10226],[-73.25033,5.10114],[-73.2522,5.10021],[-73.25334,5.09924],[-73.25405,5.09817],[-73.255,5.09807],[-73.25505,5.0973],[-73.25588,5.0968],[-73.25629,5.0961],[-73.25601,5.09534],[-73.25494,5.09445],[-73.25476,5.09227],[-73.25413,5.09118],[-73.25428,5.09013],[-73.25334,5.08968],[-73.25335,5.08882],[-73.25304,5.08834],[-73.25236,5.08807],[-73.25174,5.08732],[-73.25051,5.08671],[-73.2502,5.08627],[-73.25143,5.08391],[-73.25111,5.08221],[-73.25171,5.08148],[-73.25188,5.08028],[-73.25077,5.07759],[-73.2517,5.07661],[-73.25127,5.07578],[-73.25151,5.07499],[-73.25079,5.07444],[-73.25116,5.07338],[-73.24916,5.07227],[-73.2485,5.06898],[-73.24767,5.06994],[-73.2442,5.07211],[-73.24196,5.0724],[-73.23963,5.07356],[-73.2363,5.0746],[-73.23498,5.0762],[-73.22923,5.07754],[-73.2281,5.07752],[-73.22689,5.07702],[-73.22592,5.0751],[-73.22164,5.07263],[-73.22044,5.07226],[-73.21918,5.07223],[-73.21461,5.07064],[-73.21161,5.07052],[-73.20551,5.0697],[-73.20091,5.06775],[-73.19823,5.06569],[-73.19514,5.06482],[-73.19392,5.06391],[-73.19259,5.06333],[-73.18992,5.06293],[-73.18873,5.06308],[-73.18542,5.06471],[-73.18351,5.06536],[-73.18037,5.06566],[-73.1748,5.06699],[-73.1741,5.06745],[-73.171,5.07115],[-73.16906,5.07298],[-73.16751,5.07413],[-73.16567,5.07478],[-73.16175,5.07505],[-73.15669,5.07417],[-73.15333,5.0747],[-73.15252,5.07422],[-73.15154,5.07407],[-73.15122,5.07441],[-73.15099,5.0757],[-73.15055,5.07646],[-73.14978,5.07717],[-73.14851,5.07773],[-73.1438,5.08302],[-73.14177,5.08271],[-73.14097,5.08314],[-73.13615,5.08683],[-73.13026,5.0932],[-73.12763,5.09451],[-73.12336,5.10008],[-73.11829,5.10231],[-73.11715,5.10412],[-73.11554,5.10821],[-73.11275,5.11191],[-73.11121,5.11306],[-73.11036,5.11418],[-73.10794,5.12121],[-73.10433,5.12777],[-73.10246,5.132],[-73.10018,5.13408],[-73.09634,5.13847],[-73.09262,5.14411],[-73.08942,5.14956],[-73.08735,5.15471],[-73.08781,5.15703],[-73.08905,5.16072],[-73.09031,5.16278],[-73.09124,5.16364],[-73.09172,5.16481],[-73.09289,5.16613],[-73.09333,5.16723],[-73.09378,5.16764],[-73.09378,5.16805],[-73.09453,5.16867],[-73.09563,5.16875],[-73.09622,5.16949],[-73.09704,5.16949],[-73.09739,5.17008],[-73.09786,5.16989],[-73.09818,5.17012],[-73.0979,5.17204],[-73.09859,5.17244],[-73.09942,5.17452],[-73.10028,5.17557],[-73.10195,5.17897],[-73.10241,5.18176],[-73.10352,5.18383],[-73.10483,5.18519],[-73.10489,5.18677],[-73.10285,5.19072],[-73.10285,5.19147],[-73.10391,5.19296],[-73.10696,5.19563],[-73.10769,5.19679],[-73.10896,5.19804],[-73.11027,5.19877],[-73.11495,5.20254],[-73.1163,5.20291],[-73.11826,5.20275],[-73.11867,5.20292],[-73.11924,5.20469],[-73.1216,5.20608],[-73.12308,5.20769],[-73.12624,5.20768],[-73.12727,5.20838],[-73.12926,5.20881],[-73.13134,5.21202],[-73.13282,5.21278],[-73.13484,5.21472],[-73.13655,5.21832],[-73.13925,5.2193],[-73.14025,5.22085],[-73.1408,5.2223],[-73.14197,5.22382],[-73.14257,5.22404],[-73.14408,5.22377],[-73.14452,5.22404],[-73.14532,5.22535],[-73.14602,5.22727],[-73.14698,5.22831],[-73.14821,5.22902]]]},"properties":{"DPTO_CCDGO":"15","MPIO_CCDGO":"455","DPTO_CNMBR":"BOYACÁ","MPIO_CNMBR":"MIRAFLORES","MPIO_NAREA":"258.714180798","Shape_Leng":"0.735170675694","Shape_Area":"0.0210959302713"}},{"type":"Feature","geometry":{"type":"Polygon","coordinates":[[[-72.62599,5.77694],[-72.6279,5.77732],[-72.62941,5.77851],[-72.63092,5.77879],[-72.63133,5.77945],[-72.63403,5.78173],[-72.63603,5.78199],[-72.63828,5.78285],[-72.63964,5.78274],[-72.6415,5.78337],[-72.64253,5.7833],[-72.64401,5.78249],[-72.64475,5.78247],[-72.64551,5.78381],[-72.64694,5.78405],[-72.6478,5.78348],[-72.65518,5.78783],[-72.65585,5.78728],[-72.65551,5.78567],[-72.65582,5.78416],[-72.65624,5.78344],[-72.65738,5.78254],[-72.65845,5.78265],[-72.66041,5.78351],[-72.66071,5.78467],[-72.6612,5.7852],[-72.66874,5.78075],[-72.67091,5.78138],[-72.67317,5.7828],[-72.6749,5.78299],[-72.67618,5.7839],[-72.68024,5.78393],[-72.6829,5.78322],[-72.68417,5.78331],[-72.68669,5.78168],[-72.68918,5.78091],[-72.69009,5.77991],[-72.69463,5.77727],[-72.69547,5.77584],[-72.69732,5.77539],[-72.69721,5.77494],[-72.69763,5.77453],[-72.7012,5.77328],[-72.70221,5.77321],[-72.70316,5.77356],[-72.70563,5.77306],[-72.70783,5.77194],[-72.70822,5.7714],[-72.70893,5.77165],[-72.70876,5.77217],[-72.70979,5.77248],[-72.71054,5.7724],[-72.71093,5.77276],[-72.71128,5.77258],[-72.71163,5.77295],[-72.71263,5.77279],[-72.71328,5.77329],[-72.71387,5.77274],[-72.71555,5.77288],[-72.71583,5.77247],[-72.71641,5.77244],[-72.71706,5.77148],[-72.71777,5.77147],[-72.71792,5.77117],[-72.71828,5.77113],[-72.71855,5.77139],[-72.71926,5.77126],[-72.71945,5.7721],[-72.71919,5.77274],[-72.71952,5.77294],[-72.7239,5.77224],[-72.72799,5.77335],[-72.72849,5.77275],[-72.73053,5.77335],[-72.73109,5.77282],[-72.73187,5.77278],[-72.73252,5.77234],[-72.73391,5.77306],[-72.735,5.77249],[-72.73527,5.77345],[-72.73573,5.77373],[-72.73736,5.77342],[-72.73849,5.77269],[-72.73919,5.77358],[-72.73954,5.77368],[-72.74268,5.77255],[-72.74462,5.77251],[-72.74742,5.77187],[-72.74904,5.77205],[-72.75193,5.77077],[-72.75529,5.76861],[-72.75719,5.76822],[-72.75907,5.76825],[-72.76061,5.76725],[-72.76261,5.76751],[-72.76361,5.7669],[-72.76581,5.7665],[-72.76652,5.76654],[-72.76734,5.76702],[-72.76962,5.76712],[-72.76974,5.76768],[-72.77052,5.76826],[-72.77161,5.77005],[-72.77257,5.77072],[-72.77267,5.77109],[-72.7724,5.77161],[-72.77299,5.77268],[-72.77354,5.77312],[-72.77421,5.77245],[-72.77534,5.7703],[-72.77657,5.7693],[-72.7789,5.76879],[-72.78057,5.76803],[-72.78109,5.76753],[-72.78247,5.76715],[-72.78396,5.76777],[-72.78438,5.7693],[-72.78537,5.7697],[-72.78704,5.77145],[-72.78833,5.77212],[-72.78992,5.77246],[-72.7909,5.77352],[-72.79263,5.7733],[-72.79424,5.77191],[-72.79552,5.77184],[-72.79631,5.77238],[-72.79843,5.77096],[-72.79956,5.76981],[-72.80044,5.76854],[-72.80208,5.76701],[-72.80547,5.76257],[-72.80643,5.76182],[-72.80889,5.76065],[-72.81001,5.7587],[-72.81228,5.75677],[-72.8139,5.75378],[-72.81375,5.75262],[-72.81524,5.75079],[-72.81577,5.75049],[-72.81652,5.7505],[-72.81989,5.75169],[-72.82027,5.75169],[-72.82075,5.75116],[-72.82151,5.74967],[-72.82129,5.74559],[-72.82327,5.74123],[-72.82361,5.73991],[-72.82452,5.73883],[-72.82535,5.73672],[-72.82372,5.73533],[-72.82288,5.73363],[-72.82257,5.7321],[-72.82314,5.72889],[-72.82219,5.72742],[-72.82265,5.72518],[-72.82252,5.72368],[-72.82203,5.72333],[-72.81974,5.72303],[-72.81776,5.72349],[-72.81643,5.72284],[-72.81321,5.7203],[-72.81071,5.7192],[-72.81014,5.71864],[-72.80909,5.71636],[-72.80733,5.71438],[-72.80534,5.71348],[-72.80084,5.71328],[-72.79965,5.71295],[-72.79795,5.71207],[-72.79708,5.71088],[-72.79792,5.70855],[-72.79785,5.7064],[-72.79553,5.70399],[-72.79541,5.70353],[-72.79653,5.70143],[-72.79853,5.69877],[-72.79884,5.69396],[-72.79656,5.69255],[-72.79152,5.68841],[-72.78968,5.68792],[-72.78953,5.68749],[-72.78933,5.68345],[-72.78996,5.67992],[-72.78992,5.67762],[-72.79051,5.67331],[-72.79145,5.67077],[-72.79382,5.66853],[-72.79497,5.66442],[-72.7945,5.66104],[-72.79398,5.66034],[-72.79246,5.65933],[-72.79117,5.65927],[-72.78717,5.65786],[-72.78611,5.65727],[-72.78092,5.65312],[-72.77455,5.64852],[-72.77221,5.64622],[-72.77143,5.64511],[-72.77083,5.64362],[-72.76741,5.64482],[-72.7638,5.64513],[-72.7631,5.64466],[-72.76306,5.64431],[-72.76343,5.64022],[-72.76286,5.63893],[-72.76242,5.63857],[-72.76181,5.63837],[-72.75568,5.63917],[-72.75399,5.63865],[-72.75307,5.63781],[-72.75252,5.63238],[-72.75193,5.6308],[-72.75123,5.63056],[-72.74899,5.63063],[-72.74715,5.62945],[-72.74642,5.62826],[-72.74598,5.62667],[-72.74652,5.62414],[-72.74654,5.61996],[-72.74724,5.6173],[-72.74627,5.61604],[-72.74532,5.61388],[-72.74504,5.61154],[-72.74469,5.6106],[-72.74243,5.60933],[-72.73992,5.60905],[-72.73647,5.6137],[-72.73563,5.61448],[-72.73459,5.61419],[-72.73247,5.61601],[-72.73151,5.61744],[-72.72896,5.6172],[-72.72803,5.61767],[-72.72468,5.61853],[-72.72369,5.61941],[-72.72295,5.62097],[-72.71881,5.62396],[-72.71656,5.62499],[-72.7133,5.62498],[-72.71009,5.62556],[-72.70967,5.62734],[-72.70987,5.6285],[-72.70971,5.62968],[-72.70814,5.63069],[-72.70557,5.63324],[-72.70257,5.63698],[-72.70065,5.63827],[-72.69951,5.6408],[-72.69871,5.64123],[-72.69876,5.64244],[-72.6994,5.64332],[-72.69923,5.64384],[-72.69854,5.64422],[-72.69822,5.64475],[-72.69865,5.64586],[-72.69825,5.64737],[-72.69944,5.65106],[-72.69821,5.65557],[-72.6971,5.65683],[-72.69568,5.66296],[-72.69794,5.66628],[-72.69814,5.66693],[-72.6985,5.67207],[-72.69915,5.67457],[-72.69917,5.67656],[-72.69896,5.6766],[-72.69817,5.67606],[-72.697,5.67413],[-72.6955,5.67342],[-72.69407,5.67324],[-72.69095,5.67371],[-72.6892,5.67367],[-72.68514,5.67304],[-72.67958,5.67343],[-72.67702,5.67271],[-72.67596,5.67209],[-72.67448,5.66961],[-72.67326,5.66824],[-72.66052,5.6668],[-72.65943,5.66372],[-72.65827,5.66218],[-72.65491,5.65975],[-72.64958,5.65736],[-72.64667,5.65409],[-72.64402,5.65263],[-72.64368,5.65127],[-72.64241,5.64986],[-72.64111,5.64886],[-72.63965,5.64836],[-72.63812,5.6463],[-72.63609,5.64575],[-72.63539,5.6453],[-72.63583,5.64449],[-72.63576,5.64387],[-72.63547,5.64308],[-72.63441,5.64219],[-72.63395,5.63995],[-72.63072,5.63723],[-72.62979,5.63691],[-72.6296,5.63636],[-72.62893,5.63589],[-72.62927,5.63365],[-72.63001,5.63261],[-72.62983,5.63062],[-72.62816,5.6301],[-72.62686,5.63018],[-72.62621,5.62947],[-72.62429,5.62907],[-72.62374,5.62964],[-72.6234,5.6294],[-72.6229,5.62956],[-72.62215,5.6291],[-72.61953,5.62969],[-72.61907,5.62929],[-72.6185,5.62942],[-72.61799,5.62914],[-72.6171,5.62963],[-72.61585,5.62935],[-72.61489,5.6297],[-72.61312,5.62981],[-72.61245,5.63055],[-72.61131,5.63113],[-72.60937,5.63069],[-72.60882,5.63027],[-72.60731,5.63081],[-72.60665,5.63035],[-72.60563,5.63024],[-72.60539,5.63004],[-72.60536,5.6294],[-72.60425,5.62854],[-72.60436,5.62778],[-72.60384,5.62702],[-72.60401,5.6262],[-72.60321,5.6255],[-72.60304,5.62493],[-72.60313,5.62378],[-72.60379,5.62274],[-72.60392,5.62186],[-72.60409,5.62162],[-72.6048,5.62165],[-72.60517,5.62115],[-72.60519,5.62041],[-72.60462,5.62064],[-72.60264,5.62011],[-72.60153,5.62065],[-72.59994,5.62253],[-72.6018,5.62572],[-72.60194,5.62642],[-72.60056,5.6273],[-72.59922,5.62778],[-72.59872,5.63282],[-72.59909,5.63401],[-72.59732,5.6355],[-72.59686,5.63856],[-72.59517,5.64067],[-72.59542,5.64131],[-72.59649,5.64221],[-72.59694,5.64343],[-72.5979,5.64333],[-72.59826,5.64356],[-72.59788,5.64696],[-72.59828,5.64814],[-72.59638,5.64915],[-72.59432,5.64972],[-72.59373,5.65064],[-72.58918,5.6551],[-72.58941,5.65729],[-72.58914,5.65806],[-72.58827,5.6586],[-72.58618,5.65875],[-72.584,5.66077],[-72.58313,5.6635],[-72.58471,5.66584],[-72.58354,5.66893],[-72.58352,5.67026],[-72.58306,5.67197],[-72.58164,5.6747],[-72.58093,5.67684],[-72.58102,5.67781],[-72.58063,5.67912],[-72.58021,5.67953],[-72.58041,5.68023],[-72.57901,5.68113],[-72.5779,5.68283],[-72.57559,5.68431],[-72.57509,5.68541],[-72.57394,5.68635],[-72.57295,5.68898],[-72.57307,5.69003],[-72.57419,5.69175],[-72.57432,5.69274],[-72.57271,5.69605],[-72.57266,5.6997],[-72.57193,5.7018],[-72.57122,5.70294],[-72.57113,5.7048],[-72.57043,5.70736],[-72.57026,5.70935],[-72.57037,5.70969],[-72.5708,5.70983],[-72.5745,5.70835],[-72.57804,5.70776],[-72.58125,5.70855],[-72.57988,5.71067],[-72.57984,5.71145],[-72.58059,5.71371],[-72.58061,5.71449],[-72.58042,5.71538],[-72.57948,5.71696],[-72.57965,5.7189],[-72.57858,5.7204],[-72.57796,5.72346],[-72.5779,5.7284],[-72.57774,5.72938],[-72.57698,5.73076],[-72.57717,5.7327],[-72.57671,5.73665],[-72.57717,5.73878],[-72.57894,5.73917],[-72.5795,5.73958],[-72.581,5.74167],[-72.58127,5.74416],[-72.58261,5.74794],[-72.58272,5.74883],[-72.58245,5.74979],[-72.58024,5.75186],[-72.58023,5.75426],[-72.58256,5.75802],[-72.58255,5.75884],[-72.5817,5.76116],[-72.5814,5.76413],[-72.58183,5.76621],[-72.58317,5.76767],[-72.58359,5.77113],[-72.58533,5.77161],[-72.58709,5.77306],[-72.58801,5.77347],[-72.59209,5.7733],[-72.59461,5.77444],[-72.5976,5.77503],[-72.59945,5.7743],[-72.60063,5.77414],[-72.60266,5.77461],[-72.60447,5.77582],[-72.60876,5.77345],[-72.60956,5.77191],[-72.61106,5.77162],[-72.61261,5.77227],[-72.61824,5.77164],[-72.61971,5.77313],[-72.62124,5.7737],[-72.62189,5.77298],[-72.62204,5.77101],[-72.62378,5.76871],[-72.62453,5.7671],[-72.62626,5.76586],[-72.62768,5.76548],[-72.62948,5.76451],[-72.62997,5.76534],[-72.62929,5.76641],[-72.6284,5.76956],[-72.62727,5.77109],[-72.62705,5.77233],[-72.62724,5.77459],[-72.62614,5.7758],[-72.62599,5.77694]]]},"properties":{"DPTO_CCDGO":"15","MPIO_CCDGO":"464","DPTO_CNMBR":"BOYACÁ","MPIO_CNMBR":"MONGUA","MPIO_NAREA":"360.377147285","Shape_Leng":"0.953367191684","Shape_Area":"0.0294022550537"}},{"type":"Feature","geometry":{"type":"Polygon","coordinates":[[[-72.82535,5.73672],[-72.82738,5.73756],[-72.82813,5.73759],[-72.82945,5.73831],[-72.83263,5.73872],[-72.83485,5.74005],[-72.83565,5.74001],[-72.83672,5.74044],[-72.83777,5.74047],[-72.84005,5.73951],[-72.8441,5.73948],[-72.84546,5.73914],[-72.84665,5.73923],[-72.84793,5.73882],[-72.8486,5.73929],[-72.84845,5.73994],[-72.84932,5.74061],[-72.84877,5.74212],[-72.84961,5.74256],[-72.84959,5.74315],[-72.85013,5.74356],[-72.85062,5.74496],[-72.85103,5.74522],[-72.85107,5.74657],[-72.85161,5.74831],[-72.8532,5.74918],[-72.85229,5.75086],[-72.85268,5.75191],[-72.85391,5.75152],[-72.85493,5.75157],[-72.85666,5.7499],[-72.85857,5.7513],[-72.86099,5.75063],[-72.86192,5.74926],[-72.86304,5.74972],[-72.86487,5.74745],[-72.86606,5.74668],[-72.86639,5.74596],[-72.86865,5.74356],[-72.86933,5.74304],[-72.87073,5.74268],[-72.87109,5.74197],[-72.87185,5.73943],[-72.87151,5.73567],[-72.87248,5.73267],[-72.8743,5.7309],[-72.87494,5.73061],[-72.87524,5.72943],[-72.87615,5.729],[-72.87738,5.72692],[-72.87822,5.72661],[-72.87849,5.7262],[-72.87745,5.72552],[-72.87679,5.72553],[-72.87378,5.72404],[-72.87293,5.72305],[-72.87184,5.72264],[-72.87121,5.72175],[-72.87124,5.71753],[-72.87203,5.71528],[-72.87291,5.71392],[-72.87269,5.71294],[-72.87299,5.71208],[-72.87409,5.7113],[-72.87381,5.7102],[-72.87424,5.70974],[-72.87412,5.70877],[-72.87509,5.70802],[-72.87537,5.70569],[-72.87491,5.70491],[-72.87497,5.70443],[-72.87403,5.70331],[-72.87409,5.70179],[-72.87345,5.70182],[-72.87322,5.70142],[-72.87252,5.69767],[-72.87293,5.69619],[-72.87271,5.69552],[-72.87156,5.6944],[-72.8718,5.69185],[-72.87083,5.68923],[-72.8684,5.6882],[-72.86773,5.68751],[-72.86633,5.6871],[-72.86428,5.68516],[-72.86359,5.6849],[-72.86334,5.6843],[-72.86231,5.68369],[-72.86176,5.68367],[-72.86143,5.68242],[-72.86017,5.68089],[-72.85917,5.68231],[-72.85711,5.68435],[-72.85492,5.68454],[-72.85354,5.68548],[-72.85339,5.68418],[-72.85224,5.68267],[-72.85289,5.67993],[-72.85255,5.67876],[-72.85252,5.6759],[-72.85214,5.67439],[-72.84999,5.6725],[-72.84879,5.66997],[-72.8482,5.66958],[-72.84726,5.66971],[-72.84371,5.6675],[-72.84313,5.66653],[-72.84283,5.66443],[-72.84245,5.66359],[-72.84016,5.66135],[-72.83928,5.65973],[-72.83574,5.65699],[-72.83357,5.65392],[-72.83314,5.65369],[-72.83258,5.65392],[-72.83149,5.65481],[-72.82998,5.65481],[-72.82432,5.65391],[-72.82425,5.65139],[-72.82483,5.64596],[-72.82354,5.6459],[-72.82072,5.64489],[-72.81868,5.64326],[-72.81724,5.64334],[-72.81368,5.64441],[-72.81319,5.64471],[-72.81213,5.64646],[-72.8113,5.64707],[-72.81038,5.64745],[-72.80822,5.64764],[-72.80365,5.64985],[-72.7941,5.65639],[-72.79192,5.65825],[-72.79117,5.65927],[-72.79246,5.65933],[-72.79398,5.66034],[-72.7945,5.66104],[-72.79497,5.66442],[-72.79382,5.66853],[-72.79145,5.67077],[-72.79051,5.67331],[-72.78992,5.67762],[-72.78996,5.67992],[-72.78933,5.68345],[-72.78953,5.68749],[-72.78968,5.68792],[-72.79152,5.68841],[-72.79656,5.69255],[-72.79884,5.69396],[-72.79853,5.69877],[-72.79653,5.70143],[-72.79541,5.70353],[-72.79553,5.70399],[-72.79785,5.7064],[-72.79792,5.70855],[-72.79708,5.71088],[-72.79795,5.71207],[-72.79965,5.71295],[-72.80084,5.71328],[-72.80534,5.71348],[-72.80733,5.71438],[-72.80909,5.71636],[-72.81014,5.71864],[-72.81071,5.7192],[-72.81321,5.7203],[-72.81643,5.72284],[-72.81776,5.72349],[-72.81974,5.72303],[-72.82203,5.72333],[-72.82252,5.72368],[-72.82265,5.72518],[-72.82219,5.72742],[-72.82314,5.72889],[-72.82257,5.7321],[-72.82288,5.73363],[-72.82372,5.73533],[-72.82535,5.73672]]]},"properties":{"DPTO_CCDGO":"15","MPIO_CCDGO":"466","DPTO_CNMBR":"BOYACÁ","MPIO_CNMBR":"MONGUÍ","MPIO_NAREA":"68.8547603787","Shape_Leng":"0.359970026576","Shape_Area":"0.0056182070133"}},{"type":"Feature","geometry":{"type":"Polygon","coordinates":[[[-73.54987,5.95069],[-73.551,5.95084],[-73.55255,5.95044],[-73.55351,5.95079],[-73.55552,5.95215],[-73.55704,5.9519],[-73.55998,5.95228],[-73.56101,5.95272],[-73.56227,5.95374],[-73.5631,5.95378],[-73.5643,5.95555],[-73.56527,5.95589],[-73.5679,5.95595],[-73.56949,5.95722],[-73.57067,5.95609],[-73.57122,5.95605],[-73.5731,5.95672],[-73.57438,5.9561],[-73.57479,5.95634],[-73.57543,5.95745],[-73.576,5.95728],[-73.57633,5.95646],[-73.57774,5.95625],[-73.57861,5.95716],[-73.57928,5.95731],[-73.57997,5.9568],[-73.58095,5.95491],[-73.58152,5.95484],[-73.58261,5.95536],[-73.58318,5.95527],[-73.58381,5.95471],[-73.58463,5.95332],[-73.58524,5.95329],[-73.58551,5.95386],[-73.58608,5.95397],[-73.58831,5.95228],[-73.58908,5.95273],[-73.58929,5.95317],[-73.58868,5.95533],[-73.58912,5.9571],[-73.58973,5.95823],[-73.58963,5.96048],[-73.59015,5.96073],[-73.59108,5.96055],[-73.59237,5.95904],[-73.59324,5.95943],[-73.59341,5.95771],[-73.59404,5.95603],[-73.59545,5.95543],[-73.59626,5.95454],[-73.59639,5.95245],[-73.597,5.95093],[-73.59963,5.94731],[-73.60087,5.94329],[-73.60278,5.94055],[-73.60299,5.93769],[-73.60498,5.93437],[-73.60592,5.93328],[-73.607,5.93277],[-73.60744,5.93086],[-73.60931,5.92948],[-73.61187,5.92825],[-73.61225,5.92767],[-73.61489,5.92574],[-73.61567,5.92581],[-73.61646,5.92634],[-73.6175,5.92476],[-73.61813,5.92432],[-73.61927,5.92431],[-73.62036,5.92478],[-73.62168,5.92445],[-73.62235,5.92398],[-73.62403,5.92222],[-73.62464,5.91985],[-73.62632,5.91656],[-73.62805,5.91527],[-73.62994,5.91576],[-73.6311,5.91537],[-73.63225,5.91366],[-73.63286,5.91148],[-73.63392,5.91099],[-73.6359,5.91116],[-73.63613,5.90995],[-73.63601,5.90959],[-73.6336,5.90785],[-73.63147,5.90565],[-73.63131,5.90505],[-73.63206,5.90295],[-73.6315,5.90138],[-73.63062,5.90056],[-73.63147,5.89967],[-73.63223,5.89833],[-73.63248,5.89673],[-73.63173,5.89592],[-73.63151,5.89524],[-73.63034,5.89422],[-73.62722,5.89375],[-73.62679,5.89326],[-73.62576,5.89316],[-73.62463,5.89213],[-73.62346,5.89209],[-73.62235,5.89127],[-73.6205,5.89081],[-73.62024,5.89024],[-73.6187,5.89014],[-73.61719,5.88967],[-73.61274,5.88796],[-73.61127,5.88714],[-73.61047,5.88624],[-73.61039,5.88508],[-73.60818,5.88189],[-73.60527,5.8791],[-73.60261,5.87305],[-73.60171,5.87216],[-73.60131,5.87101],[-73.60016,5.86942],[-73.60159,5.86419],[-73.60358,5.8601],[-73.60401,5.85825],[-73.60503,5.85568],[-73.60732,5.85207],[-73.6077,5.84867],[-73.60933,5.84537],[-73.60931,5.84482],[-73.61028,5.8433],[-73.6114,5.84011],[-73.61479,5.83371],[-73.61679,5.83067],[-73.61739,5.82884],[-73.61893,5.82725],[-73.61987,5.82448],[-73.62027,5.81848],[-73.62117,5.81757],[-73.62245,5.81683],[-73.6228,5.81438],[-73.6234,5.81351],[-73.62399,5.81327],[-73.62433,5.81229],[-73.62438,5.81196],[-73.62367,5.81166],[-73.6233,5.80995],[-73.62373,5.80937],[-73.62378,5.80848],[-73.62415,5.80775],[-73.62389,5.80678],[-73.62415,5.8062],[-73.62437,5.80372],[-73.62504,5.80281],[-73.62575,5.80237],[-73.62752,5.79615],[-73.62772,5.79322],[-73.62839,5.79254],[-73.6285,5.79094],[-73.62925,5.78952],[-73.62753,5.78312],[-73.62632,5.78121],[-73.62623,5.77857],[-73.62065,5.78185],[-73.61931,5.78203],[-73.61853,5.78251],[-73.61614,5.78186],[-73.61433,5.78283],[-73.61385,5.78336],[-73.61254,5.78362],[-73.61113,5.78529],[-73.60908,5.78679],[-73.60769,5.7875],[-73.60588,5.78756],[-73.60489,5.7884],[-73.60336,5.78908],[-73.60262,5.79015],[-73.60081,5.79094],[-73.60047,5.79147],[-73.60014,5.79146],[-73.60005,5.79188],[-73.59937,5.79176],[-73.59895,5.79243],[-73.5979,5.79315],[-73.59661,5.79348],[-73.59617,5.79429],[-73.59531,5.79451],[-73.59513,5.79499],[-73.59389,5.79483],[-73.59305,5.79566],[-73.59273,5.79517],[-73.5919,5.79528],[-73.59153,5.79482],[-73.5896,5.79454],[-73.58901,5.79394],[-73.58837,5.7941],[-73.58864,5.79295],[-73.58816,5.79233],[-73.58658,5.79263],[-73.58485,5.7922],[-73.58477,5.79169],[-73.58559,5.79131],[-73.58438,5.79076],[-73.58311,5.78936],[-73.58238,5.79005],[-73.58111,5.7918],[-73.581,5.79267],[-73.58127,5.79323],[-73.58271,5.79448],[-73.58289,5.79516],[-73.58235,5.79585],[-73.58118,5.79613],[-73.58004,5.7971],[-73.57965,5.79774],[-73.57945,5.80012],[-73.57827,5.80134],[-73.57693,5.80191],[-73.57617,5.80416],[-73.57654,5.80593],[-73.57427,5.80566],[-73.57383,5.80486],[-73.57251,5.80454],[-73.57165,5.80362],[-73.57081,5.80331],[-73.57004,5.80241],[-73.56936,5.80208],[-73.56815,5.802],[-73.56795,5.80149],[-73.56684,5.80066],[-73.56657,5.7996],[-73.56566,5.79867],[-73.56543,5.79785],[-73.56397,5.79604],[-73.55967,5.79569],[-73.55825,5.79516],[-73.55582,5.79504],[-73.55334,5.79404],[-73.55146,5.7919],[-73.55111,5.79093],[-73.54876,5.78904],[-73.54724,5.78921],[-73.54521,5.78714],[-73.54405,5.78714],[-73.5426,5.78671],[-73.54252,5.78713],[-73.54203,5.78751],[-73.54179,5.78849],[-73.54072,5.78888],[-73.54015,5.78946],[-73.53837,5.78948],[-73.53761,5.78982],[-73.53681,5.78974],[-73.53629,5.78934],[-73.53558,5.78784],[-73.5352,5.78761],[-73.53428,5.78798],[-73.53221,5.78796],[-73.52963,5.7888],[-73.52771,5.78824],[-73.52679,5.78957],[-73.52674,5.79089],[-73.52451,5.7964],[-73.52386,5.79948],[-73.52284,5.79941],[-73.51976,5.79876],[-73.51875,5.79802],[-73.51768,5.79677],[-73.51658,5.7963],[-73.5164,5.79528],[-73.51528,5.79375],[-73.51452,5.79347],[-73.51358,5.79235],[-73.51182,5.79129],[-73.51131,5.79028],[-73.50893,5.7902],[-73.50824,5.79048],[-73.50795,5.79027],[-73.50764,5.78876],[-73.50524,5.7884],[-73.503,5.78558],[-73.50354,5.78356],[-73.50344,5.78267],[-73.50171,5.78019],[-73.50026,5.77887],[-73.50001,5.77944],[-73.49812,5.78122],[-73.4974,5.78266],[-73.50008,5.78644],[-73.49864,5.78703],[-73.49565,5.79028],[-73.49227,5.79544],[-73.48651,5.80328],[-73.48816,5.80528],[-73.48978,5.80652],[-73.49134,5.8086],[-73.49401,5.80979],[-73.49508,5.81084],[-73.49707,5.81205],[-73.49799,5.81465],[-73.49833,5.81648],[-73.50015,5.81842],[-73.50288,5.82008],[-73.50468,5.82197],[-73.5057,5.82374],[-73.50825,5.8253],[-73.50961,5.82694],[-73.51071,5.82725],[-73.51141,5.82813],[-73.51205,5.82987],[-73.51272,5.8307],[-73.51402,5.83158],[-73.51153,5.83341],[-73.51093,5.83358],[-73.50774,5.83218],[-73.50676,5.83325],[-73.50625,5.83474],[-73.50651,5.83677],[-73.50842,5.83996],[-73.50912,5.84039],[-73.50993,5.84153],[-73.5104,5.8432],[-73.51132,5.84318],[-73.51293,5.84492],[-73.5131,5.84695],[-73.51227,5.84693],[-73.51045,5.84569],[-73.50819,5.84476],[-73.50733,5.84408],[-73.50647,5.84403],[-73.50554,5.84355],[-73.50412,5.84357],[-73.50314,5.84438],[-73.50139,5.84229],[-73.50097,5.84246],[-73.50077,5.84323],[-73.50026,5.8437],[-73.49853,5.84255],[-73.49802,5.84164],[-73.4959,5.84004],[-73.49492,5.83991],[-73.49422,5.84019],[-73.49413,5.8384],[-73.49321,5.83859],[-73.4925,5.83815],[-73.49154,5.83887],[-73.49129,5.83635],[-73.49265,5.83501],[-73.49303,5.83422],[-73.49316,5.83267],[-73.49278,5.83088],[-73.49068,5.8302],[-73.48931,5.83027],[-73.48761,5.82999],[-73.48438,5.82808],[-73.48378,5.8282],[-73.48329,5.82891],[-73.48248,5.82899],[-73.47945,5.82825],[-73.47717,5.82806],[-73.47566,5.82604],[-73.47389,5.82452],[-73.47156,5.8216],[-73.46695,5.82925],[-73.46497,5.83394],[-73.46294,5.84135],[-73.46218,5.84248],[-73.46288,5.84683],[-73.46374,5.84841],[-73.46563,5.84984],[-73.46667,5.85239],[-73.46919,5.85457],[-73.47348,5.85705],[-73.47462,5.85749],[-73.47555,5.85749],[-73.47701,5.85846],[-73.47889,5.85884],[-73.47956,5.86006],[-73.48058,5.86001],[-73.48152,5.86239],[-73.48309,5.86367],[-73.48417,5.86374],[-73.48473,5.86409],[-73.4863,5.86571],[-73.48794,5.86803],[-73.48929,5.86912],[-73.48972,5.86982],[-73.49053,5.87026],[-73.49055,5.87099],[-73.49192,5.8718],[-73.49278,5.8717],[-73.49432,5.87101],[-73.49742,5.87113],[-73.49829,5.87232],[-73.49985,5.87286],[-73.50029,5.8743],[-73.50397,5.87567],[-73.5042,5.87764],[-73.50509,5.87815],[-73.50544,5.87875],[-73.50501,5.87966],[-73.504,5.88041],[-73.504,5.88183],[-73.5061,5.88248],[-73.50653,5.88336],[-73.50748,5.88341],[-73.50762,5.88406],[-73.50749,5.88499],[-73.50696,5.88531],[-73.50635,5.88699],[-73.50634,5.8877],[-73.50689,5.8891],[-73.50636,5.89026],[-73.50649,5.89133],[-73.50704,5.89152],[-73.50833,5.88955],[-73.50917,5.88892],[-73.50969,5.88886],[-73.51046,5.88999],[-73.5112,5.89024],[-73.51168,5.89075],[-73.51177,5.8926],[-73.51235,5.8943],[-73.51635,5.89417],[-73.51743,5.89337],[-73.51924,5.89275],[-73.52031,5.8929],[-73.52137,5.89221],[-73.52225,5.89233],[-73.52448,5.89338],[-73.52451,5.89449],[-73.52548,5.89543],[-73.52591,5.89655],[-73.52603,5.89804],[-73.52718,5.89984],[-73.52865,5.90112],[-73.53056,5.90184],[-73.53134,5.90272],[-73.53183,5.90376],[-73.53208,5.90401],[-73.53252,5.9038],[-73.5335,5.90469],[-73.53502,5.9066],[-73.53529,5.90743],[-73.53755,5.90959],[-73.53817,5.91001],[-73.5408,5.91077],[-73.5417,5.91172],[-73.54222,5.91189],[-73.54232,5.91312],[-73.54291,5.91451],[-73.54224,5.91484],[-73.54132,5.91447],[-73.53928,5.91562],[-73.53711,5.91559],[-73.53461,5.91738],[-73.53289,5.91804],[-73.5322,5.9186],[-73.53204,5.91939],[-73.53044,5.92166],[-73.52842,5.92384],[-73.52774,5.92771],[-73.52823,5.93088],[-73.52812,5.93171],[-73.52695,5.93269],[-73.52747,5.93372],[-73.52744,5.93411],[-73.52694,5.93455],[-73.52744,5.93488],[-73.52749,5.93558],[-73.52823,5.93651],[-73.52905,5.93723],[-73.53025,5.93778],[-73.53042,5.93829],[-73.53012,5.9391],[-73.52834,5.93986],[-73.52792,5.94087],[-73.52954,5.94155],[-73.53203,5.94452],[-73.53477,5.94403],[-73.53472,5.94577],[-73.53798,5.94856],[-73.53867,5.94865],[-73.53995,5.94827],[-73.54178,5.94941],[-73.54347,5.94955],[-73.54488,5.95003],[-73.54571,5.94965],[-73.54718,5.95012],[-73.54811,5.94968],[-73.54907,5.9496],[-73.54987,5.95069]]]},"properties":{"DPTO_CCDGO":"15","MPIO_CCDGO":"469","DPTO_CNMBR":"BOYACÁ","MPIO_CNMBR":"MONIQUIRÁ","MPIO_NAREA":"218.279055484","Shape_Leng":"0.87490809269","Shape_Area":"0.0178224974901"}},{"type":"Feature","geometry":{"type":"Polygon","coordinates":[[[-73.34126,5.58409],[-73.34009,5.58565],[-73.33975,5.587],[-73.33901,5.58707],[-73.33984,5.58787],[-73.34295,5.59361],[-73.34333,5.59931],[-73.34499,5.60328],[-73.34454,5.60489],[-73.35163,5.61196],[-73.35255,5.61155],[-73.35549,5.61384],[-73.35723,5.61648],[-73.35683,5.61717],[-73.35763,5.61779],[-73.35756,5.61825],[-73.35844,5.61776],[-73.35968,5.61944],[-73.36062,5.62181],[-73.3591,5.62346],[-73.3579,5.62432],[-73.3576,5.62531],[-73.35831,5.62684],[-73.3588,5.62948],[-73.35937,5.63045],[-73.36311,5.62927],[-73.36483,5.63741],[-73.36393,5.63911],[-73.36379,5.6402],[-73.36408,5.64121],[-73.36497,5.64261],[-73.36502,5.64317],[-73.36249,5.64483],[-73.36268,5.64543],[-73.36239,5.64767],[-73.36074,5.6527],[-73.36058,5.65807],[-73.36074,5.66044],[-73.36283,5.66323],[-73.36313,5.66453],[-73.36349,5.66505],[-73.36955,5.66854],[-73.38086,5.67195],[-73.3818,5.67256],[-73.38235,5.66961],[-73.38234,5.66739],[-73.38306,5.6654],[-73.38211,5.66282],[-73.38183,5.6609],[-73.38346,5.65644],[-73.38421,5.65536],[-73.38479,5.65568],[-73.38648,5.65411],[-73.39021,5.65006],[-73.39053,5.64913],[-73.39006,5.64877],[-73.39012,5.64581],[-73.39064,5.64472],[-73.39557,5.63984],[-73.39682,5.63946],[-73.39916,5.63822],[-73.40176,5.63525],[-73.4027,5.63452],[-73.40375,5.63252],[-73.40576,5.6299],[-73.40622,5.62844],[-73.40646,5.62716],[-73.40538,5.6249],[-73.40549,5.62356],[-73.40572,5.62327],[-73.40659,5.62327],[-73.40797,5.62201],[-73.40901,5.62049],[-73.41062,5.61717],[-73.41114,5.61701],[-73.40968,5.61506],[-73.40953,5.61384],[-73.40765,5.61278],[-73.4068,5.61262],[-73.40619,5.61176],[-73.40645,5.60875],[-73.40617,5.60782],[-73.40522,5.60634],[-73.40481,5.60513],[-73.40241,5.60169],[-73.40139,5.59966],[-73.40121,5.59827],[-73.39977,5.59608],[-73.39949,5.5942],[-73.39964,5.59391],[-73.39904,5.59383],[-73.39843,5.59224],[-73.39818,5.59218],[-73.39743,5.59086],[-73.39649,5.59052],[-73.39569,5.58962],[-73.39527,5.58825],[-73.39542,5.58667],[-73.39726,5.58492],[-73.3978,5.58406],[-73.39966,5.58296],[-73.40099,5.58181],[-73.40343,5.5785],[-73.40846,5.57358],[-73.40932,5.57211],[-73.40965,5.57084],[-73.41127,5.56865],[-73.41197,5.5669],[-73.41006,5.56651],[-73.41007,5.56593],[-73.40943,5.56534],[-73.40836,5.56507],[-73.40776,5.56372],[-73.40704,5.56322],[-73.40573,5.56284],[-73.40556,5.56236],[-73.40464,5.5623],[-73.40391,5.56259],[-73.40273,5.56181],[-73.40225,5.56187],[-73.40098,5.5599],[-73.39964,5.55953],[-73.3983,5.56042],[-73.39606,5.56086],[-73.39486,5.55972],[-73.39418,5.55981],[-73.39281,5.55796],[-73.3921,5.55796],[-73.3909,5.55734],[-73.38935,5.55842],[-73.38908,5.55896],[-73.38838,5.55891],[-73.38823,5.55954],[-73.38717,5.56001],[-73.38679,5.56069],[-73.38626,5.56026],[-73.38614,5.56062],[-73.38553,5.56082],[-73.38492,5.56156],[-73.38391,5.56136],[-73.3831,5.56056],[-73.38198,5.56046],[-73.38175,5.55957],[-73.37961,5.55869],[-73.37914,5.55891],[-73.37888,5.55831],[-73.37771,5.55875],[-73.37706,5.55852],[-73.37503,5.55908],[-73.37372,5.55914],[-73.37278,5.55883],[-73.3725,5.55832],[-73.37153,5.5586],[-73.37102,5.55805],[-73.37059,5.55855],[-73.36952,5.559],[-73.36854,5.55879],[-73.36803,5.55921],[-73.36699,5.55893],[-73.36565,5.55911],[-73.36518,5.5581],[-73.36366,5.55824],[-73.36197,5.55585],[-73.36153,5.55897],[-73.3588,5.56405],[-73.35839,5.56586],[-73.35708,5.56762],[-73.35621,5.57099],[-73.35615,5.57259],[-73.35433,5.57259],[-73.35281,5.57512],[-73.35123,5.57459],[-73.3495,5.57725],[-73.34559,5.57679],[-73.34496,5.57896],[-73.34253,5.58303],[-73.34126,5.58409]]]},"properties":{"DPTO_CCDGO":"15","MPIO_CCDGO":"476","DPTO_CNMBR":"BOYACÁ","MPIO_CNMBR":"MOTAVITA","MPIO_NAREA":"60.044097003","Shape_Leng":"0.364005913513","Shape_Area":"0.00490012484198"}},{"type":"Feature","geometry":{"type":"Polygon","coordinates":[[[-74.08864,5.60316],[-74.08959,5.60291],[-74.09006,5.60228],[-74.08988,5.60106],[-74.09022,5.60012],[-74.09076,5.60027],[-74.09222,5.60153],[-74.0929,5.60155],[-74.09428,5.60084],[-74.09482,5.60118],[-74.09542,5.60216],[-74.09665,5.60231],[-74.09898,5.60354],[-74.09935,5.60389],[-74.1,5.60571],[-74.10207,5.60493],[-74.10313,5.6052],[-74.10453,5.60511],[-74.10621,5.60574],[-74.10737,5.60685],[-74.10822,5.60596],[-74.10889,5.60469],[-74.10959,5.60417],[-74.11088,5.60516],[-74.11174,5.60531],[-74.11274,5.60507],[-74.11536,5.60628],[-74.11699,5.60906],[-74.11754,5.60909],[-74.11808,5.60839],[-74.11841,5.60944],[-74.11914,5.60906],[-74.11993,5.60732],[-74.12113,5.60787],[-74.12178,5.60789],[-74.1221,5.60738],[-74.12295,5.6072],[-74.12297,5.60629],[-74.12329,5.60576],[-74.12393,5.60624],[-74.12501,5.60567],[-74.12525,5.60534],[-74.12489,5.60353],[-74.12516,5.60269],[-74.12633,5.60318],[-74.1274,5.60174],[-74.12874,5.60157],[-74.12919,5.60095],[-74.13068,5.60027],[-74.13203,5.59698],[-74.13277,5.59608],[-74.13332,5.59587],[-74.13514,5.59609],[-74.13706,5.5971],[-74.13951,5.59566],[-74.14171,5.59661],[-74.1427,5.59599],[-74.14467,5.59551],[-74.14564,5.59586],[-74.14674,5.59688],[-74.14805,5.59698],[-74.14846,5.5976],[-74.1492,5.59789],[-74.14987,5.59728],[-74.15214,5.5973],[-74.15278,5.59688],[-74.15537,5.59621],[-74.15729,5.59537],[-74.15764,5.59535],[-74.15843,5.59624],[-74.15885,5.59608],[-74.15992,5.59508],[-74.16046,5.5951],[-74.16096,5.59725],[-74.16163,5.59793],[-74.16148,5.59665],[-74.1622,5.59388],[-74.16181,5.59257],[-74.16202,5.59092],[-74.16076,5.58956],[-74.16061,5.58905],[-74.16205,5.58752],[-74.16202,5.58605],[-74.16301,5.58527],[-74.1634,5.58443],[-74.16454,5.58323],[-74.16489,5.57923],[-74.16421,5.57578],[-74.1626,5.57422],[-74.16263,5.57347],[-74.16371,5.57165],[-74.16368,5.56783],[-74.16065,5.56354],[-74.16051,5.56256],[-74.15994,5.56162],[-74.1602,5.56041],[-74.15981,5.55999],[-74.15983,5.55769],[-74.15873,5.55642],[-74.15836,5.55529],[-74.15736,5.55378],[-74.15784,5.55323],[-74.15943,5.55235],[-74.15945,5.55133],[-74.16013,5.55102],[-74.16132,5.54904],[-74.16136,5.54842],[-74.16078,5.54744],[-74.16004,5.54749],[-74.15944,5.54694],[-74.1585,5.54706],[-74.1581,5.54652],[-74.15778,5.54664],[-74.15645,5.54839],[-74.15558,5.54824],[-74.15394,5.5461],[-74.15314,5.54419],[-74.15137,5.54354],[-74.15156,5.54259],[-74.15139,5.54202],[-74.14951,5.54074],[-74.14694,5.53997],[-74.14478,5.53873],[-74.14387,5.53753],[-74.14329,5.53497],[-74.1422,5.53314],[-74.14003,5.53227],[-74.13645,5.53137],[-74.13577,5.5305],[-74.1347,5.53019],[-74.13361,5.52825],[-74.13279,5.52808],[-74.13015,5.52876],[-74.12969,5.5284],[-74.12917,5.52681],[-74.13054,5.52164],[-74.13041,5.51826],[-74.13081,5.51739],[-74.13172,5.51681],[-74.13251,5.51558],[-74.13255,5.51298],[-74.13319,5.51172],[-74.13326,5.51031],[-74.13422,5.50962],[-74.13384,5.50744],[-74.13435,5.50707],[-74.13472,5.50487],[-74.13562,5.50323],[-74.13695,5.50265],[-74.13881,5.50062],[-74.14078,5.50034],[-74.1419,5.49941],[-74.14306,5.50003],[-74.14362,5.49977],[-74.1443,5.49743],[-74.14534,5.49658],[-74.14562,5.49451],[-74.14674,5.49421],[-74.14718,5.49379],[-74.14833,5.49108],[-74.14799,5.48993],[-74.14918,5.48889],[-74.14919,5.48833],[-74.14875,5.48753],[-74.14783,5.48699],[-74.14771,5.486],[-74.14913,5.48604],[-74.15015,5.48578],[-74.15072,5.48415],[-74.15173,5.4829],[-74.15341,5.48171],[-74.15382,5.48093],[-74.15766,5.47783],[-74.16049,5.47659],[-74.16155,5.47648],[-74.16214,5.47614],[-74.1645,5.47585],[-74.16549,5.47603],[-74.16658,5.47504],[-74.17044,5.47484],[-74.17306,5.47359],[-74.17368,5.47267],[-74.174,5.47146],[-74.17449,5.47113],[-74.17562,5.47098],[-74.17595,5.47049],[-74.17433,5.46596],[-74.17446,5.4652],[-74.17618,5.4641],[-74.17655,5.46351],[-74.17623,5.46252],[-74.17534,5.4622],[-74.17484,5.46158],[-74.1739,5.46106],[-74.17387,5.45985],[-74.1722,5.46052],[-74.17115,5.46012],[-74.17034,5.45833],[-74.16867,5.45728],[-74.16779,5.4554],[-74.16693,5.45508],[-74.16455,5.45337],[-74.16404,5.45216],[-74.1624,5.45102],[-74.16196,5.4495],[-74.16097,5.44926],[-74.16063,5.44776],[-74.15864,5.44806],[-74.15573,5.44723],[-74.15499,5.44789],[-74.15446,5.44788],[-74.15395,5.4473],[-74.15392,5.44591],[-74.15331,5.44545],[-74.15173,5.44508],[-74.15089,5.44432],[-74.14988,5.44491],[-74.14816,5.4482],[-74.1472,5.44821],[-74.14647,5.44858],[-74.14614,5.4485],[-74.14591,5.44797],[-74.14544,5.44824],[-74.14491,5.44803],[-74.1444,5.44854],[-74.14392,5.44848],[-74.14246,5.44745],[-74.14091,5.44686],[-74.13988,5.44689],[-74.13963,5.44621],[-74.13866,5.44632],[-74.1385,5.44614],[-74.13877,5.44554],[-74.13838,5.44443],[-74.13751,5.44389],[-74.13691,5.44267],[-74.13704,5.44174],[-74.13675,5.44151],[-74.1367,5.43884],[-74.1346,5.43687],[-74.13418,5.43683],[-74.13363,5.4374],[-74.13282,5.43659],[-74.13187,5.43649],[-74.13258,5.43569],[-74.13228,5.43463],[-74.13186,5.43423],[-74.13165,5.43274],[-74.1312,5.43171],[-74.12879,5.42995],[-74.12547,5.42897],[-74.12339,5.42897],[-74.12292,5.42943],[-74.12246,5.43547],[-74.12204,5.43657],[-74.12123,5.43749],[-74.12087,5.43897],[-74.1211,5.44431],[-74.12091,5.44555],[-74.11972,5.44929],[-74.11638,5.4577],[-74.11473,5.46052],[-74.11312,5.46652],[-74.1131,5.46697],[-74.11369,5.46783],[-74.1162,5.47032],[-74.1173,5.47297],[-74.11641,5.47409],[-74.11258,5.47335],[-74.11062,5.47357],[-74.10928,5.47322],[-74.10718,5.47185],[-74.10442,5.47198],[-74.10297,5.47121],[-74.09827,5.46985],[-74.09786,5.46988],[-74.09693,5.47064],[-74.09675,5.47605],[-74.09632,5.47731],[-74.09529,5.47847],[-74.09437,5.47915],[-74.09181,5.48026],[-74.09124,5.48079],[-74.08915,5.48135],[-74.08784,5.48249],[-74.08576,5.48196],[-74.08439,5.48222],[-74.07757,5.48556],[-74.07678,5.48779],[-74.07576,5.48877],[-74.07396,5.4897],[-74.07261,5.49152],[-74.07231,5.49253],[-74.07091,5.49333],[-74.07026,5.49437],[-74.06955,5.49477],[-74.06816,5.49426],[-74.06748,5.49445],[-74.0664,5.49746],[-74.06502,5.499],[-74.06389,5.4991],[-74.06327,5.49835],[-74.06259,5.49833],[-74.06088,5.5005],[-74.05962,5.50056],[-74.05913,5.50157],[-74.0586,5.50156],[-74.05757,5.50101],[-74.05641,5.4997],[-74.05535,5.49899],[-74.05394,5.49937],[-74.05367,5.49856],[-74.05368,5.49611],[-74.05338,5.49583],[-74.05273,5.49587],[-74.0522,5.49538],[-74.05111,5.4961],[-74.05052,5.4976],[-74.04935,5.49807],[-74.04968,5.49915],[-74.04864,5.49913],[-74.04783,5.49854],[-74.04709,5.49944],[-74.04701,5.5003],[-74.04768,5.50104],[-74.04969,5.5015],[-74.0511,5.50291],[-74.05187,5.50551],[-74.0534,5.50813],[-74.05313,5.50908],[-74.05308,5.51116],[-74.05433,5.51286],[-74.05543,5.5132],[-74.05521,5.51355],[-74.05387,5.51416],[-74.0538,5.51461],[-74.05471,5.51572],[-74.05537,5.51751],[-74.05667,5.51838],[-74.05674,5.51882],[-74.05605,5.52024],[-74.05484,5.52182],[-74.05459,5.52283],[-74.05645,5.52322],[-74.05852,5.52511],[-74.06,5.52446],[-74.06062,5.52466],[-74.06136,5.5254],[-74.06156,5.52594],[-74.06135,5.52669],[-74.05973,5.53021],[-74.06083,5.53047],[-74.06061,5.53167],[-74.06112,5.53256],[-74.06185,5.53252],[-74.06273,5.5317],[-74.06351,5.53178],[-74.06579,5.53391],[-74.06725,5.53461],[-74.06997,5.53527],[-74.07278,5.53783],[-74.07481,5.53848],[-74.07546,5.53894],[-74.07537,5.5412],[-74.07569,5.54248],[-74.07487,5.54329],[-74.0748,5.54381],[-74.07584,5.54658],[-74.07676,5.54707],[-74.07679,5.54853],[-74.07778,5.54972],[-74.07891,5.55263],[-74.07872,5.55689],[-74.07941,5.56016],[-74.08032,5.56131],[-74.08178,5.56247],[-74.08225,5.56318],[-74.08262,5.56458],[-74.08423,5.56584],[-74.08508,5.56743],[-74.08728,5.56814],[-74.08879,5.5678],[-74.08916,5.56802],[-74.08926,5.57029],[-74.08978,5.57103],[-74.09027,5.57122],[-74.09255,5.57109],[-74.09302,5.57132],[-74.09293,5.57206],[-74.09212,5.57324],[-74.09215,5.57596],[-74.09255,5.57673],[-74.09176,5.5781],[-74.09296,5.57937],[-74.09339,5.58049],[-74.09509,5.58253],[-74.09527,5.5845],[-74.09383,5.58637],[-74.09306,5.58698],[-74.09193,5.58706],[-74.09093,5.58661],[-74.09004,5.58701],[-74.08988,5.58761],[-74.09183,5.58882],[-74.09269,5.59093],[-74.09185,5.59167],[-74.09048,5.59214],[-74.0903,5.59262],[-74.09114,5.59536],[-74.09233,5.59644],[-74.09209,5.59744],[-74.09159,5.59755],[-74.0887,5.59694],[-74.08772,5.59718],[-74.08722,5.59763],[-74.08735,5.59871],[-74.08875,5.59958],[-74.08904,5.6001],[-74.08859,5.60184],[-74.08864,5.60316]]]},"properties":{"DPTO_CCDGO":"15","MPIO_CCDGO":"480","DPTO_CNMBR":"BOYACÁ","MPIO_CNMBR":"MUZO","MPIO_NAREA":"137.874127322","Shape_Leng":"0.689074411332","Shape_Area":"0.0112519022146"}},{"type":"Feature","geometry":{"type":"Polygon","coordinates":[[[-72.94325,5.80659],[-72.94557,5.8075],[-72.94835,5.80767],[-72.9501,5.80842],[-72.95321,5.80812],[-72.95419,5.8079],[-72.95563,5.80659],[-72.95703,5.80639],[-72.96038,5.80457],[-72.96431,5.80369],[-72.96525,5.80276],[-72.96719,5.80188],[-72.969,5.80189],[-72.97058,5.8027],[-72.97452,5.80331],[-72.9752,5.80319],[-72.97656,5.80177],[-72.97758,5.80151],[-72.98006,5.80145],[-72.9824,5.80056],[-72.97889,5.78836],[-72.98578,5.78619],[-72.98604,5.78664],[-72.98627,5.78652],[-72.98648,5.78594],[-72.98587,5.78466],[-72.9857,5.78305],[-72.98524,5.78275],[-72.98329,5.78246],[-72.98142,5.78049],[-72.98048,5.77877],[-72.97936,5.77755],[-72.97908,5.77667],[-72.97781,5.77687],[-72.97688,5.77663],[-72.97574,5.77517],[-72.97567,5.77416],[-72.97511,5.77301],[-72.97491,5.77175],[-72.97387,5.77074],[-72.97411,5.76948],[-72.97229,5.76787],[-72.97273,5.76637],[-72.9722,5.7654],[-72.97159,5.76308],[-72.97243,5.76245],[-72.97265,5.76191],[-72.97113,5.75912],[-72.97147,5.75622],[-72.9703,5.75546],[-72.96961,5.75389],[-72.96912,5.75379],[-72.96681,5.7545],[-72.96658,5.75286],[-72.9661,5.75267],[-72.96445,5.75292],[-72.96402,5.75244],[-72.96326,5.75025],[-72.9619,5.74989],[-72.96093,5.75041],[-72.96046,5.75023],[-72.95836,5.74773],[-72.95795,5.74657],[-72.95835,5.74592],[-72.95951,5.74503],[-72.95956,5.74471],[-72.95914,5.74416],[-72.95725,5.7443],[-72.95653,5.74531],[-72.95465,5.74457],[-72.95445,5.74604],[-72.95153,5.74639],[-72.95165,5.74689],[-72.95238,5.74768],[-72.95183,5.74803],[-72.95063,5.74809],[-72.94975,5.74783],[-72.94841,5.74621],[-72.94734,5.74605],[-72.94697,5.74668],[-72.94752,5.74845],[-72.94719,5.74873],[-72.94643,5.7488],[-72.94517,5.74638],[-72.94472,5.74611],[-72.94453,5.74666],[-72.94563,5.74747],[-72.94541,5.7477],[-72.94522,5.74752],[-72.94497,5.74784],[-72.94398,5.74743],[-72.94352,5.74799],[-72.94161,5.74897],[-72.9406,5.75016],[-72.93907,5.75086],[-72.93536,5.75095],[-72.93325,5.75439],[-72.93238,5.75493],[-72.9318,5.75429],[-72.93133,5.75439],[-72.93,5.75595],[-72.92962,5.75708],[-72.92902,5.75701],[-72.92853,5.75743],[-72.92821,5.75929],[-72.92778,5.75908],[-72.92741,5.758],[-72.92682,5.75772],[-72.92597,5.75797],[-72.92503,5.75916],[-72.92408,5.75784],[-72.92326,5.75769],[-72.92222,5.75924],[-72.92106,5.75839],[-72.91182,5.75754],[-72.90418,5.7607],[-72.90347,5.76041],[-72.90221,5.76129],[-72.89973,5.76178],[-72.8999,5.76097],[-72.89916,5.76046],[-72.89842,5.76168],[-72.89798,5.76144],[-72.89728,5.76007],[-72.89752,5.75964],[-72.89819,5.75931],[-72.89751,5.75859],[-72.89777,5.75845],[-72.89768,5.75824],[-72.89552,5.75817],[-72.89507,5.75856],[-72.89527,5.7597],[-72.89381,5.76022],[-72.89389,5.76167],[-72.89283,5.76307],[-72.89178,5.76338],[-72.88983,5.76301],[-72.88853,5.76354],[-72.88691,5.76265],[-72.88581,5.76267],[-72.8829,5.76514],[-72.88291,5.76606],[-72.88353,5.76738],[-72.88336,5.76769],[-72.88286,5.76783],[-72.88206,5.76745],[-72.88251,5.7682],[-72.88168,5.76823],[-72.88155,5.76871],[-72.88327,5.76949],[-72.8813,5.77069],[-72.87885,5.77115],[-72.87515,5.77052],[-72.87371,5.77273],[-72.87319,5.77248],[-72.87267,5.77337],[-72.87689,5.77587],[-72.87565,5.77631],[-72.87396,5.77546],[-72.87442,5.77723],[-72.87641,5.78146],[-72.87776,5.78549],[-72.87808,5.78836],[-72.87676,5.79385],[-72.87883,5.79521],[-72.88083,5.79571],[-72.8825,5.79515],[-72.88398,5.79416],[-72.88487,5.79399],[-72.88575,5.79421],[-72.88635,5.79375],[-72.88812,5.79438],[-72.89042,5.7959],[-72.89226,5.79655],[-72.89374,5.79626],[-72.89623,5.79528],[-72.89668,5.79535],[-72.89722,5.7962],[-72.89992,5.79869],[-72.90181,5.80102],[-72.90297,5.80149],[-72.90552,5.80144],[-72.90754,5.80087],[-72.91284,5.79767],[-72.91482,5.79921],[-72.91742,5.80031],[-72.92042,5.80008],[-72.92684,5.80102],[-72.93139,5.79972],[-72.93292,5.79894],[-72.93502,5.79917],[-72.93605,5.79955],[-72.93694,5.80034],[-72.93737,5.801],[-72.938,5.80314],[-72.93869,5.80378],[-72.93977,5.80411],[-72.94298,5.80423],[-72.94357,5.8052],[-72.94325,5.80659]]]},"properties":{"DPTO_CCDGO":"15","MPIO_CCDGO":"491","DPTO_CNMBR":"BOYACÁ","MPIO_CNMBR":"NOBSA","MPIO_NAREA":"55.4254756418","Shape_Leng":"0.368770650987","Shape_Area":"0.0045233995832"}},{"type":"Feature","geometry":{"type":"Polygon","coordinates":[[[-73.42634,5.40842],[-73.42769,5.40977],[-73.42836,5.41006],[-73.42902,5.41014],[-73.43012,5.40957],[-73.43236,5.40975],[-73.43362,5.4106],[-73.43441,5.41218],[-73.43569,5.41322],[-73.43586,5.41516],[-73.43622,5.4156],[-73.43681,5.41569],[-73.43826,5.41523],[-73.43938,5.41547],[-73.44092,5.41515],[-73.44106,5.41392],[-73.44082,5.41152],[-73.44107,5.409],[-73.44094,5.40782],[-73.4404,5.40703],[-73.44034,5.40638],[-73.44079,5.40479],[-73.4413,5.40448],[-73.44184,5.40461],[-73.44207,5.40413],[-73.44194,5.40209],[-73.44234,5.39979],[-73.44201,5.39787],[-73.44267,5.39563],[-73.44326,5.39491],[-73.44502,5.39419],[-73.44589,5.3927],[-73.44695,5.38802],[-73.44753,5.38679],[-73.44889,5.38626],[-73.44919,5.38516],[-73.44954,5.38485],[-73.45017,5.38529],[-73.45162,5.38738],[-73.45331,5.3867],[-73.45463,5.3856],[-73.45585,5.38352],[-73.45838,5.3808],[-73.46063,5.37757],[-73.46173,5.37756],[-73.46271,5.37836],[-73.46435,5.37843],[-73.46661,5.37893],[-73.46728,5.37878],[-73.47009,5.37659],[-73.47197,5.37321],[-73.47259,5.37262],[-73.47676,5.37008],[-73.47765,5.37009],[-73.47785,5.36843],[-73.47905,5.36423],[-73.47924,5.36074],[-73.47971,5.35977],[-73.48092,5.35879],[-73.48114,5.35833],[-73.4817,5.35502],[-73.48155,5.35422],[-73.47977,5.35121],[-73.47274,5.34706],[-73.47217,5.34526],[-73.47162,5.34463],[-73.47165,5.34264],[-73.47128,5.34082],[-73.46994,5.33838],[-73.46941,5.33551],[-73.46833,5.33205],[-73.47096,5.32809],[-73.47211,5.32577],[-73.47187,5.32296],[-73.47116,5.32205],[-73.47066,5.31974],[-73.46885,5.31802],[-73.46864,5.31742],[-73.47064,5.3154],[-73.47235,5.31281],[-73.47334,5.31214],[-73.47401,5.31125],[-73.47435,5.31025],[-73.47408,5.30808],[-73.47469,5.30563],[-73.47642,5.30202],[-73.48011,5.29708],[-73.48067,5.29376],[-73.47832,5.28962],[-73.478,5.28944],[-73.47496,5.29065],[-73.47145,5.29412],[-73.46796,5.29498],[-73.46771,5.29381],[-73.46655,5.29191],[-73.46626,5.2918],[-73.46576,5.29215],[-73.4655,5.29195],[-73.46541,5.29116],[-73.46486,5.29106],[-73.46307,5.29302],[-73.46185,5.2939],[-73.46131,5.2941],[-73.46019,5.29385],[-73.45852,5.29515],[-73.45683,5.29757],[-73.45595,5.29956],[-73.45488,5.30073],[-73.45323,5.30167],[-73.45191,5.3036],[-73.45157,5.30642],[-73.45177,5.30917],[-73.45235,5.30964],[-73.45425,5.3096],[-73.45458,5.31001],[-73.45258,5.31173],[-73.45091,5.31267],[-73.45093,5.31404],[-73.45131,5.31455],[-73.44921,5.31604],[-73.44785,5.31887],[-73.44778,5.32016],[-73.4471,5.3227],[-73.44695,5.32497],[-73.44729,5.32575],[-73.44829,5.32676],[-73.44736,5.32756],[-73.44645,5.3279],[-73.44371,5.32763],[-73.44323,5.32778],[-73.44013,5.33024],[-73.43783,5.33289],[-73.43469,5.33568],[-73.43461,5.33734],[-73.43271,5.33781],[-73.42978,5.34052],[-73.42894,5.34184],[-73.42503,5.34641],[-73.42323,5.3502],[-73.42185,5.35228],[-73.41872,5.35537],[-73.41857,5.3586],[-73.41808,5.36123],[-73.41777,5.36203],[-73.4166,5.363],[-73.4192,5.36676],[-73.4191,5.36746],[-73.41839,5.36875],[-73.41869,5.37071],[-73.41848,5.37148],[-73.41885,5.37306],[-73.41801,5.37382],[-73.41616,5.37819],[-73.41514,5.3796],[-73.41786,5.38412],[-73.41862,5.38737],[-73.41986,5.39067],[-73.41961,5.39246],[-73.42074,5.39688],[-73.42075,5.39822],[-73.42135,5.39968],[-73.42168,5.40387],[-73.42458,5.40711],[-73.42634,5.40842]]]},"properties":{"DPTO_CCDGO":"15","MPIO_CCDGO":"494","DPTO_CNMBR":"BOYACÁ","MPIO_CNMBR":"NUEVO COLÓN","MPIO_NAREA":"51.3967973568","Shape_Leng":"0.357775628487","Shape_Area":"0.00419283053697"}},{"type":"Feature","geometry":{"type":"Polygon","coordinates":[[[-73.23177,5.62666],[-73.23601,5.62713],[-73.23832,5.62778],[-73.2409,5.62897],[-73.24297,5.63113],[-73.24399,5.62969],[-73.24497,5.6275],[-73.24703,5.62892],[-73.24805,5.63064],[-73.24968,5.63129],[-73.25036,5.63214],[-73.25313,5.63405],[-73.25574,5.63763],[-73.25704,5.64028],[-73.25658,5.64215],[-73.25709,5.64321],[-73.25745,5.64574],[-73.25614,5.65191],[-73.2555,5.65316],[-73.25632,5.65535],[-73.25597,5.65661],[-73.25707,5.6569],[-73.25827,5.65786],[-73.25913,5.65811],[-73.26137,5.65945],[-73.26492,5.66209],[-73.26526,5.66319],[-73.26728,5.66453],[-73.26816,5.66148],[-73.26868,5.66109],[-73.26861,5.66058],[-73.2692,5.66016],[-73.26967,5.66049],[-73.27003,5.66038],[-73.26983,5.65946],[-73.27026,5.65897],[-73.27029,5.65847],[-73.27211,5.65746],[-73.27278,5.65769],[-73.27333,5.65748],[-73.27406,5.65699],[-73.27416,5.6565],[-73.27582,5.65589],[-73.27658,5.656],[-73.27666,5.65539],[-73.27706,5.6552],[-73.2773,5.65522],[-73.27748,5.65575],[-73.27808,5.65592],[-73.27882,5.65314],[-73.27837,5.65269],[-73.27849,5.65222],[-73.28165,5.65164],[-73.28256,5.65087],[-73.28326,5.64908],[-73.28506,5.6494],[-73.28555,5.64748],[-73.28653,5.6472],[-73.2867,5.64575],[-73.28819,5.64469],[-73.28965,5.64179],[-73.29216,5.63874],[-73.29554,5.63613],[-73.29646,5.63459],[-73.29762,5.63363],[-73.30028,5.62995],[-73.30204,5.62871],[-73.304,5.62805],[-73.30549,5.62718],[-73.3075,5.62477],[-73.31459,5.61744],[-73.31794,5.61541],[-73.31699,5.61476],[-73.31865,5.61128],[-73.31989,5.60697],[-73.3204,5.60365],[-73.32177,5.5978],[-73.32613,5.58948],[-73.32574,5.58896],[-73.32563,5.58763],[-73.32466,5.58601],[-73.32554,5.58453],[-73.32617,5.58162],[-73.32733,5.58024],[-73.32667,5.57919],[-73.32599,5.58022],[-73.3249,5.58042],[-73.32437,5.58149],[-73.32286,5.58212],[-73.32152,5.58323],[-73.31992,5.58036],[-73.31945,5.58054],[-73.31878,5.58036],[-73.31804,5.57951],[-73.31748,5.58026],[-73.31716,5.57979],[-73.31648,5.57957],[-73.31641,5.5787],[-73.31599,5.57805],[-73.31625,5.57726],[-73.31538,5.57661],[-73.31495,5.57658],[-73.31486,5.57606],[-73.31408,5.57589],[-73.31393,5.57533],[-73.31287,5.57484],[-73.31242,5.57426],[-73.3105,5.57433],[-73.30947,5.57306],[-73.30892,5.57325],[-73.30808,5.57184],[-73.30709,5.571],[-73.30691,5.56966],[-73.30576,5.57108],[-73.30399,5.57165],[-73.30259,5.57247],[-73.30035,5.57285],[-73.29906,5.57274],[-73.29782,5.57361],[-73.29613,5.57432],[-73.28965,5.57552],[-73.28887,5.57601],[-73.28856,5.57675],[-73.28807,5.57717],[-73.28541,5.57797],[-73.28196,5.58015],[-73.27586,5.57856],[-73.27073,5.57677],[-73.26938,5.57662],[-73.26824,5.57611],[-73.26745,5.57622],[-73.26647,5.57575],[-73.26572,5.57602],[-73.26513,5.57552],[-73.26443,5.57541],[-73.26158,5.57623],[-73.25925,5.57792],[-73.25742,5.57884],[-73.25664,5.57963],[-73.25545,5.58003],[-73.2529,5.58033],[-73.25258,5.58185],[-73.2513,5.58294],[-73.25122,5.58482],[-73.25051,5.58548],[-73.2498,5.58575],[-73.24892,5.5871],[-73.25056,5.59427],[-73.25005,5.59596],[-73.25005,5.59765],[-73.24922,5.5986],[-73.24825,5.59923],[-73.24788,5.60106],[-73.24687,5.60224],[-73.24678,5.60335],[-73.24704,5.60421],[-73.24683,5.6052],[-73.24564,5.60594],[-73.24496,5.60674],[-73.24386,5.60884],[-73.24372,5.61032],[-73.24283,5.61142],[-73.24137,5.61163],[-73.24084,5.61121],[-73.2397,5.61102],[-73.23782,5.61286],[-73.23609,5.61367],[-73.23478,5.6173],[-73.23394,5.61827],[-73.23395,5.61905],[-73.23304,5.62106],[-73.23333,5.62317],[-73.23177,5.62666]]]},"properties":{"DPTO_CCDGO":"15","MPIO_CCDGO":"500","DPTO_CNMBR":"BOYACÁ","MPIO_CNMBR":"OICATÁ","MPIO_NAREA":"60.3021762254","Shape_Leng":"0.337624866804","Shape_Area":"0.00492100542998"}},{"type":"Feature","geometry":{"type":"Polygon","coordinates":[[[-74.07926,5.8185],[-74.08109,5.82224],[-74.08138,5.82362],[-74.08136,5.82488],[-74.07926,5.83047],[-74.07911,5.83283],[-74.07962,5.83449],[-74.08099,5.83601],[-74.08137,5.83722],[-74.0818,5.83758],[-74.08403,5.83693],[-74.08481,5.83704],[-74.08537,5.83753],[-74.0855,5.83836],[-74.08528,5.83934],[-74.0838,5.84293],[-74.08392,5.84373],[-74.0843,5.84405],[-74.08541,5.84367],[-74.08752,5.84134],[-74.08832,5.84125],[-74.08903,5.84152],[-74.08964,5.8434],[-74.08968,5.84503],[-74.08914,5.84846],[-74.08926,5.84975],[-74.09058,5.85166],[-74.09158,5.85472],[-74.09165,5.85846],[-74.09346,5.85918],[-74.09429,5.8598],[-74.09529,5.86124],[-74.09556,5.86385],[-74.09698,5.8656],[-74.09885,5.86659],[-74.10036,5.8679],[-74.1007,5.86847],[-74.10001,5.8722],[-74.10085,5.87319],[-74.10308,5.877],[-74.10438,5.87732],[-74.10509,5.87856],[-74.10596,5.87908],[-74.10683,5.87879],[-74.10817,5.87697],[-74.10882,5.8765],[-74.11295,5.87564],[-74.1159,5.87589],[-74.11843,5.87533],[-74.1224,5.8755],[-74.12385,5.87458],[-74.12433,5.8746],[-74.12577,5.87614],[-74.12837,5.87671],[-74.13333,5.87592],[-74.13452,5.8769],[-74.13682,5.87805],[-74.13863,5.87993],[-74.13927,5.88077],[-74.13981,5.88206],[-74.1399,5.88331],[-74.14063,5.8844],[-74.14326,5.88552],[-74.14462,5.88716],[-74.14539,5.88755],[-74.14772,5.88994],[-74.14869,5.89064],[-74.14958,5.89091],[-74.15395,5.89148],[-74.15479,5.89227],[-74.15965,5.89422],[-74.16134,5.89577],[-74.16361,5.89708],[-74.16624,5.89789],[-74.16854,5.90128],[-74.171,5.9019],[-74.17281,5.90289],[-74.17362,5.90623],[-74.17401,5.90694],[-74.17459,5.90739],[-74.17648,5.90789],[-74.17867,5.91001],[-74.18042,5.91109],[-74.1806,5.91075],[-74.18149,5.91035],[-74.18269,5.91052],[-74.18464,5.91015],[-74.18667,5.90726],[-74.1864,5.90639],[-74.18551,5.90696],[-74.18427,5.90584],[-74.18301,5.90537],[-74.18296,5.9048],[-74.18422,5.90367],[-74.18399,5.90182],[-74.18419,5.90101],[-74.18464,5.90061],[-74.18523,5.9015],[-74.18588,5.90133],[-74.18616,5.90098],[-74.18632,5.89937],[-74.18732,5.89877],[-74.1868,5.89658],[-74.18695,5.89553],[-74.18853,5.89311],[-74.18905,5.89163],[-74.19012,5.89059],[-74.19012,5.88969],[-74.18908,5.88801],[-74.1897,5.88633],[-74.18948,5.88542],[-74.18963,5.88421],[-74.19355,5.87896],[-74.19606,5.87763],[-74.19801,5.8779],[-74.19888,5.87713],[-74.19969,5.87703],[-74.20007,5.87666],[-74.19888,5.87535],[-74.19888,5.87516],[-74.20032,5.87489],[-74.20069,5.87446],[-74.20042,5.87399],[-74.19932,5.8734],[-74.1993,5.87061],[-74.19905,5.86984],[-74.19777,5.86885],[-74.19697,5.8686],[-74.19536,5.86726],[-74.1942,5.86486],[-74.19436,5.85853],[-74.19499,5.8572],[-74.19518,5.8557],[-74.19557,5.85547],[-74.19571,5.85496],[-74.19645,5.8543],[-74.1973,5.85294],[-74.19898,5.85188],[-74.20013,5.85148],[-74.20231,5.85115],[-74.20325,5.85133],[-74.20487,5.8529],[-74.2055,5.85426],[-74.20571,5.85567],[-74.20623,5.85626],[-74.20737,5.85602],[-74.20744,5.85544],[-74.20797,5.855],[-74.2084,5.85394],[-74.20998,5.85375],[-74.21114,5.85417],[-74.21203,5.85354],[-74.21475,5.85384],[-74.21513,5.85276],[-74.21468,5.85164],[-74.21533,5.85164],[-74.21615,5.85211],[-74.21649,5.85149],[-74.21653,5.85019],[-74.21727,5.84976],[-74.21859,5.85059],[-74.21899,5.85055],[-74.21933,5.85032],[-74.21967,5.84916],[-74.22045,5.84922],[-74.22109,5.84896],[-74.22103,5.84793],[-74.2189,5.84654],[-74.21904,5.84596],[-74.2194,5.84567],[-74.22006,5.84571],[-74.22145,5.84678],[-74.22304,5.8464],[-74.22476,5.84685],[-74.22469,5.84629],[-74.2238,5.8452],[-74.22534,5.8447],[-74.22563,5.84392],[-74.2253,5.84273],[-74.22641,5.84269],[-74.22677,5.84206],[-74.2267,5.84063],[-74.22568,5.83909],[-74.22782,5.83879],[-74.22806,5.83855],[-74.22921,5.83873],[-74.23003,5.83856],[-74.23069,5.8379],[-74.23135,5.83626],[-74.23182,5.83581],[-74.23385,5.83608],[-74.2351,5.83542],[-74.23689,5.83539],[-74.23876,5.83458],[-74.24076,5.83486],[-74.2424,5.8339],[-74.24422,5.83348],[-74.24598,5.83372],[-74.24788,5.83327],[-74.24994,5.83381],[-74.25241,5.83345],[-74.2573,5.8338],[-74.25947,5.83482],[-74.26022,5.83482],[-74.26341,5.83389],[-74.2643,5.83389],[-74.26608,5.83459],[-74.26641,5.83318],[-74.26536,5.83113],[-74.26298,5.82756],[-74.26255,5.82524],[-74.26285,5.82335],[-74.26352,5.82167],[-74.26289,5.81906],[-74.26177,5.81715],[-74.26218,5.81545],[-74.26317,5.81414],[-74.26473,5.80796],[-74.27066,5.80372],[-74.27137,5.80105],[-74.27131,5.79778],[-74.27233,5.79184],[-74.27392,5.79042],[-74.27446,5.78789],[-74.27485,5.78728],[-74.27654,5.78569],[-74.27862,5.78511],[-74.27979,5.7841],[-74.28365,5.77762],[-74.28483,5.77697],[-74.28698,5.77454],[-74.28833,5.77112],[-74.28889,5.76735],[-74.28938,5.76656],[-74.29076,5.76529],[-74.29168,5.76325],[-74.29273,5.76301],[-74.29518,5.76427],[-74.29602,5.76391],[-74.29693,5.76408],[-74.29714,5.76325],[-74.29687,5.76255],[-74.29506,5.76214],[-74.2948,5.761],[-74.29404,5.75973],[-74.29427,5.75898],[-74.2957,5.75692],[-74.296,5.75562],[-74.29586,5.75457],[-74.29424,5.75333],[-74.29308,5.75186],[-74.29115,5.75167],[-74.29045,5.74999],[-74.28889,5.75001],[-74.28872,5.74872],[-74.28773,5.74777],[-74.28717,5.74649],[-74.28723,5.74549],[-74.28936,5.74402],[-74.29064,5.74113],[-74.2914,5.74033],[-74.29178,5.73876],[-74.29166,5.73524],[-74.29263,5.7348],[-74.29469,5.73462],[-74.29542,5.73409],[-74.2961,5.73288],[-74.29749,5.73146],[-74.29756,5.72922],[-74.2984,5.7276],[-74.29982,5.72609],[-74.30167,5.72533],[-74.30219,5.72467],[-74.30209,5.72381],[-74.30034,5.72224],[-74.30042,5.72197],[-74.30143,5.72142],[-74.30173,5.72076],[-74.30101,5.71775],[-74.30101,5.71628],[-74.30131,5.71522],[-74.30412,5.71193],[-74.30416,5.70967],[-74.30345,5.70869],[-74.30182,5.70833],[-74.30131,5.70776],[-74.30127,5.70688],[-74.30211,5.70492],[-74.30196,5.70466],[-74.29961,5.70658],[-74.29879,5.70676],[-74.29669,5.70651],[-74.29588,5.70604],[-74.295,5.70496],[-74.29624,5.70349],[-74.29466,5.70313],[-74.29373,5.70326],[-74.29343,5.70198],[-74.29296,5.70147],[-74.29126,5.70137],[-74.28912,5.70192],[-74.28644,5.70076],[-74.28525,5.70121],[-74.28428,5.70126],[-74.28389,5.70073],[-74.28401,5.6996],[-74.2835,5.69948],[-74.28254,5.69971],[-74.28213,5.69953],[-74.28183,5.69914],[-74.28188,5.69799],[-74.28159,5.69759],[-74.27996,5.6992],[-74.27898,5.69907],[-74.27894,5.69835],[-74.27927,5.69745],[-74.27891,5.69716],[-74.27755,5.69694],[-74.27714,5.69636],[-74.27853,5.69484],[-74.27862,5.69387],[-74.27825,5.69324],[-74.27674,5.69297],[-74.27598,5.69219],[-74.27618,5.69183],[-74.27732,5.69196],[-74.27741,5.69059],[-74.27836,5.69033],[-74.27845,5.6896],[-74.27799,5.68866],[-74.27814,5.68833],[-74.28052,5.68773],[-74.28101,5.68711],[-74.28084,5.68622],[-74.27897,5.68493],[-74.28028,5.68461],[-74.28121,5.68406],[-74.28159,5.68343],[-74.28099,5.68205],[-74.28106,5.68132],[-74.28286,5.68036],[-74.28375,5.67899],[-74.28362,5.67751],[-74.28248,5.67524],[-74.28255,5.67495],[-74.28323,5.6747],[-74.28449,5.67565],[-74.28504,5.67507],[-74.2854,5.67353],[-74.28523,5.67304],[-74.28475,5.67271],[-74.28367,5.67279],[-74.28329,5.67213],[-74.28347,5.67007],[-74.28388,5.66919],[-74.28441,5.66927],[-74.28559,5.67052],[-74.28627,5.67041],[-74.28639,5.67011],[-74.28583,5.66865],[-74.28463,5.6682],[-74.28417,5.66759],[-74.28414,5.66704],[-74.28533,5.66505],[-74.28515,5.66371],[-74.2863,5.66245],[-74.28731,5.66209],[-74.28788,5.66231],[-74.2887,5.66371],[-74.28903,5.66387],[-74.29038,5.66292],[-74.29081,5.66293],[-74.29172,5.66366],[-74.29251,5.66372],[-74.29297,5.66332],[-74.29346,5.66209],[-74.29298,5.66151],[-74.29214,5.66126],[-74.29209,5.66077],[-74.29315,5.66056],[-74.29369,5.65972],[-74.2954,5.65862],[-74.29649,5.65739],[-74.297,5.65615],[-74.29851,5.65586],[-74.29934,5.65504],[-74.29972,5.65507],[-74.30039,5.65587],[-74.30062,5.6557],[-74.3011,5.65421],[-74.3008,5.65323],[-74.30015,5.65236],[-74.30046,5.65189],[-74.30274,5.6515],[-74.30351,5.65307],[-74.30411,5.65317],[-74.30546,5.65172],[-74.30477,5.64915],[-74.30726,5.64872],[-74.30817,5.64819],[-74.30864,5.6466],[-74.30778,5.64373],[-74.3073,5.64329],[-74.30613,5.64292],[-74.30651,5.64181],[-74.30604,5.64134],[-74.30644,5.64026],[-74.3061,5.63964],[-74.30617,5.63844],[-74.30462,5.63842],[-74.30377,5.63795],[-74.30328,5.63826],[-74.30211,5.63777],[-74.30223,5.63888],[-74.30194,5.63921],[-74.30061,5.63842],[-74.29969,5.6385],[-74.29851,5.63736],[-74.29813,5.63752],[-74.29784,5.63729],[-74.29732,5.6348],[-74.29697,5.63464],[-74.29614,5.63571],[-74.29529,5.63557],[-74.29449,5.63598],[-74.29378,5.63585],[-74.29308,5.63525],[-74.29233,5.63525],[-74.29138,5.63487],[-74.29119,5.6355],[-74.29146,5.63625],[-74.29062,5.63654],[-74.28932,5.63558],[-74.28911,5.63518],[-74.28927,5.63407],[-74.28865,5.63401],[-74.28868,5.63347],[-74.28829,5.6328],[-74.28797,5.63271],[-74.28745,5.63307],[-74.28676,5.63277],[-74.28709,5.63355],[-74.28635,5.63401],[-74.28233,5.6319],[-74.28105,5.63246],[-74.28042,5.63233],[-74.27933,5.63146],[-74.27894,5.63162],[-74.27885,5.63221],[-74.27812,5.63242],[-74.27442,5.63184],[-74.2721,5.63119],[-74.27061,5.63033],[-74.26981,5.63016],[-74.26972,5.62923],[-74.26903,5.6288],[-74.26876,5.62882],[-74.26886,5.63101],[-74.26787,5.63483],[-74.26722,5.63527],[-74.26636,5.6352],[-74.26399,5.63752],[-74.26216,5.63797],[-74.25805,5.6381],[-74.25649,5.63874],[-74.25243,5.63507],[-74.24979,5.63049],[-74.24742,5.62701],[-74.24713,5.62575],[-74.24679,5.62541],[-74.24547,5.62511],[-74.24329,5.62528],[-74.24327,5.62434],[-74.24242,5.62505],[-74.24078,5.62533],[-74.24058,5.62616],[-74.24003,5.62693],[-74.23891,5.62493],[-74.23729,5.62446],[-74.23537,5.62444],[-74.23467,5.62418],[-74.23363,5.6233],[-74.23229,5.62276],[-74.23102,5.62127],[-74.22908,5.62096],[-74.22776,5.6188],[-74.22665,5.61835],[-74.2258,5.61862],[-74.22427,5.61798],[-74.22347,5.61796],[-74.2233,5.6166],[-74.22358,5.61579],[-74.22544,5.61344],[-74.22475,5.61286],[-74.22433,5.6129],[-74.22315,5.61225],[-74.22172,5.61023],[-74.22079,5.60939],[-74.21728,5.60878],[-74.21555,5.60892],[-74.21395,5.6095],[-74.21266,5.60946],[-74.20972,5.60758],[-74.20838,5.60751],[-74.20808,5.6079],[-74.2066,5.60755],[-74.20496,5.60544],[-74.20534,5.60212],[-74.20277,5.59863],[-74.20173,5.59557],[-74.20161,5.59454],[-74.20203,5.59322],[-74.20378,5.59089],[-74.20368,5.58989],[-74.20284,5.58841],[-74.20255,5.58589],[-74.20035,5.58374],[-74.19958,5.5825],[-74.19987,5.58049],[-74.19972,5.57913],[-74.19873,5.57778],[-74.19712,5.57717],[-74.195,5.57673],[-74.19374,5.57669],[-74.19343,5.57694],[-74.19278,5.57875],[-74.19087,5.57983],[-74.18749,5.58326],[-74.18497,5.58722],[-74.18366,5.5878],[-74.18264,5.58777],[-74.18224,5.58817],[-74.18087,5.59096],[-74.18041,5.59362],[-74.17978,5.59432],[-74.17805,5.59438],[-74.17656,5.59384],[-74.17586,5.59404],[-74.17467,5.59534],[-74.17437,5.5967],[-74.17316,5.59758],[-74.1722,5.59757],[-74.17141,5.59821],[-74.16945,5.59749],[-74.16854,5.59756],[-74.16812,5.59722],[-74.168,5.59662],[-74.16737,5.59628],[-74.16612,5.59599],[-74.16527,5.59638],[-74.16459,5.59542],[-74.16364,5.59572],[-74.16292,5.59532],[-74.16268,5.59718],[-74.16212,5.59781],[-74.16163,5.59793],[-74.16096,5.59725],[-74.16046,5.5951],[-74.15992,5.59508],[-74.15885,5.59608],[-74.15917,5.5992],[-74.16006,5.60069],[-74.16094,5.60096],[-74.16113,5.60203],[-74.16176,5.60286],[-74.16123,5.60514],[-74.16134,5.606],[-74.1617,5.60654],[-74.16306,5.60713],[-74.1637,5.60875],[-74.16371,5.61185],[-74.16278,5.61351],[-74.16331,5.61591],[-74.16491,5.61667],[-74.1654,5.61793],[-74.16543,5.61915],[-74.16475,5.62204],[-74.16527,5.6236],[-74.16353,5.63127],[-74.1635,5.63271],[-74.16437,5.63689],[-74.16477,5.63745],[-74.16546,5.63751],[-74.16599,5.63745],[-74.16711,5.63633],[-74.16786,5.63602],[-74.1691,5.63642],[-74.16935,5.6381],[-74.16923,5.64135],[-74.16948,5.64163],[-74.17907,5.63885],[-74.18122,5.63867],[-74.1845,5.63998],[-74.183,5.64126],[-74.18074,5.64202],[-74.17907,5.64317],[-74.1775,5.64707],[-74.17706,5.64762],[-74.17545,5.64829],[-74.17432,5.65009],[-74.17418,5.65134],[-74.17272,5.65474],[-74.17263,5.65775],[-74.17318,5.66034],[-74.17307,5.66107],[-74.17476,5.66277],[-74.1755,5.66431],[-74.17439,5.66669],[-74.17303,5.66881],[-74.17368,5.67055],[-74.17373,5.6711],[-74.17313,5.67225],[-74.17359,5.67519],[-74.17413,5.67642],[-74.17431,5.67771],[-74.17423,5.68025],[-74.17364,5.68171],[-74.17234,5.68223],[-74.17191,5.68265],[-74.17175,5.68365],[-74.17133,5.68382],[-74.17139,5.68488],[-74.17187,5.68528],[-74.17241,5.68654],[-74.1717,5.68748],[-74.17065,5.68771],[-74.17052,5.6882],[-74.17076,5.68941],[-74.17217,5.691],[-74.1733,5.69165],[-74.17393,5.69407],[-74.17338,5.69489],[-74.17355,5.69574],[-74.17292,5.69595],[-74.17293,5.69656],[-74.17237,5.69782],[-74.17341,5.69992],[-74.17287,5.70021],[-74.17256,5.703],[-74.17312,5.70463],[-74.17361,5.70498],[-74.1735,5.70577],[-74.17299,5.70642],[-74.17362,5.7081],[-74.17236,5.70854],[-74.17212,5.70908],[-74.17236,5.71014],[-74.17216,5.71137],[-74.17274,5.71255],[-74.17246,5.71266],[-74.17199,5.71194],[-74.17155,5.71188],[-74.17086,5.71324],[-74.16931,5.71362],[-74.16928,5.71447],[-74.16956,5.71481],[-74.17041,5.71505],[-74.17038,5.71532],[-74.16938,5.71565],[-74.16889,5.71627],[-74.16981,5.71654],[-74.16995,5.71704],[-74.17137,5.71672],[-74.17164,5.7169],[-74.17122,5.71754],[-74.17216,5.7177],[-74.17226,5.71796],[-74.17115,5.71844],[-74.17082,5.71916],[-74.17026,5.71889],[-74.17024,5.71983],[-74.16989,5.72036],[-74.16953,5.72016],[-74.16892,5.72072],[-74.16741,5.72019],[-74.16726,5.72041],[-74.16771,5.72095],[-74.16694,5.72116],[-74.16707,5.72186],[-74.1678,5.72211],[-74.16765,5.72354],[-74.16713,5.72425],[-74.16655,5.72364],[-74.16684,5.72491],[-74.16667,5.72513],[-74.16595,5.72524],[-74.16578,5.72477],[-74.16528,5.72467],[-74.1652,5.72368],[-74.16497,5.72361],[-74.16317,5.72443],[-74.16312,5.7249],[-74.1642,5.72576],[-74.16407,5.72602],[-74.16331,5.72589],[-74.1628,5.72624],[-74.1619,5.72613],[-74.16148,5.72639],[-74.16166,5.72837],[-74.16112,5.72948],[-74.16241,5.73084],[-74.16173,5.73164],[-74.15989,5.73159],[-74.16023,5.73247],[-74.15976,5.73312],[-74.15985,5.73372],[-74.15961,5.73388],[-74.15906,5.73366],[-74.15893,5.73387],[-74.15944,5.73484],[-74.15943,5.73622],[-74.15867,5.73654],[-74.15797,5.73731],[-74.15826,5.73796],[-74.15804,5.73821],[-74.15701,5.73844],[-74.15621,5.73818],[-74.15603,5.73839],[-74.15604,5.73913],[-74.15683,5.73975],[-74.15796,5.74017],[-74.15792,5.74042],[-74.15582,5.74339],[-74.15496,5.74337],[-74.1554,5.74212],[-74.15378,5.74204],[-74.15336,5.74298],[-74.15249,5.7425],[-74.15219,5.7426],[-74.15173,5.74329],[-74.15115,5.74329],[-74.1511,5.74406],[-74.1496,5.74453],[-74.14917,5.7452],[-74.14935,5.74618],[-74.14821,5.74686],[-74.14845,5.74791],[-74.14812,5.74844],[-74.14657,5.74852],[-74.14474,5.74982],[-74.14274,5.74959],[-74.14265,5.74884],[-74.14243,5.74872],[-74.14179,5.74972],[-74.1421,5.7506],[-74.14194,5.75127],[-74.14006,5.75143],[-74.13913,5.75226],[-74.13862,5.75209],[-74.13845,5.75093],[-74.13684,5.75161],[-74.13694,5.75088],[-74.13625,5.74994],[-74.13597,5.75009],[-74.13569,5.75098],[-74.13501,5.75086],[-74.1341,5.75123],[-74.13369,5.75088],[-74.13359,5.74948],[-74.1332,5.74925],[-74.1323,5.75008],[-74.13143,5.74935],[-74.13018,5.74938],[-74.12851,5.74895],[-74.12768,5.7494],[-74.12727,5.74857],[-74.12694,5.74851],[-74.12604,5.74923],[-74.12424,5.74863],[-74.12342,5.74867],[-74.12286,5.74884],[-74.1217,5.75006],[-74.1204,5.75317],[-74.11962,5.75355],[-74.11734,5.75348],[-74.11659,5.7552],[-74.11615,5.75505],[-74.11466,5.75175],[-74.11416,5.75139],[-74.11376,5.75143],[-74.11295,5.75313],[-74.11244,5.75309],[-74.1116,5.75241],[-74.11111,5.75251],[-74.11102,5.75446],[-74.11011,5.7538],[-74.10948,5.75276],[-74.10894,5.75255],[-74.10864,5.75376],[-74.10868,5.75522],[-74.10613,5.75571],[-74.10502,5.75545],[-74.10494,5.75694],[-74.10449,5.75685],[-74.10421,5.75618],[-74.10382,5.75603],[-74.10312,5.75707],[-74.10282,5.75707],[-74.10152,5.75587],[-74.10057,5.75754],[-74.09905,5.75888],[-74.09591,5.75896],[-74.09476,5.75847],[-74.09265,5.75971],[-74.09105,5.7624],[-74.09056,5.76538],[-74.09099,5.76852],[-74.09126,5.76915],[-74.09242,5.7702],[-74.09256,5.77127],[-74.09173,5.7738],[-74.09095,5.77484],[-74.0891,5.7787],[-74.08927,5.77978],[-74.09064,5.78123],[-74.09123,5.78233],[-74.08995,5.78519],[-74.08992,5.7865],[-74.09051,5.78931],[-74.09044,5.79073],[-74.08968,5.79233],[-74.08764,5.79497],[-74.08739,5.79632],[-74.0877,5.79884],[-74.0873,5.80001],[-74.08657,5.80119],[-74.08428,5.8034],[-74.08378,5.8049],[-74.08355,5.80697],[-74.0829,5.80848],[-74.08161,5.81047],[-74.07953,5.8125],[-74.07893,5.81448],[-74.07926,5.8185]]]},"properties":{"DPTO_CCDGO":"15","MPIO_CCDGO":"507","DPTO_CNMBR":"BOYACÁ","MPIO_CNMBR":"OTANCHE","MPIO_NAREA":"475.040067371","Shape_Leng":"1.3090487412","Shape_Area":"0.0387827102195"}},{"type":"Feature","geometry":{"type":"Polygon","coordinates":[[[-73.36404,5.13676],[-73.36659,5.13965],[-73.36776,5.14284],[-73.36953,5.14453],[-73.36923,5.14658],[-73.36987,5.1476],[-73.36974,5.14943],[-73.3723,5.15294],[-73.37251,5.15371],[-73.37207,5.15514],[-73.37472,5.1547],[-73.37604,5.1549],[-73.37872,5.15806],[-73.38007,5.1604],[-73.38126,5.15994],[-73.38205,5.15999],[-73.38266,5.16045],[-73.38311,5.16198],[-73.38351,5.16243],[-73.3857,5.16302],[-73.38525,5.1646],[-73.38405,5.1663],[-73.38482,5.1677],[-73.38415,5.17092],[-73.3849,5.17295],[-73.38475,5.17519],[-73.38522,5.17761],[-73.38405,5.18085],[-73.38429,5.18156],[-73.38531,5.18276],[-73.38538,5.18332],[-73.38319,5.1845],[-73.38318,5.18616],[-73.38287,5.18709],[-73.38239,5.188],[-73.38121,5.18897],[-73.3809,5.18957],[-73.38104,5.19569],[-73.38081,5.197],[-73.38303,5.1993],[-73.38337,5.2015],[-73.38373,5.20171],[-73.38484,5.20151],[-73.38543,5.20204],[-73.38686,5.20582],[-73.38718,5.20835],[-73.3881,5.21011],[-73.38803,5.21059],[-73.38712,5.21165],[-73.38716,5.21263],[-73.38674,5.21379],[-73.38688,5.21444],[-73.39039,5.21653],[-73.39238,5.21685],[-73.39323,5.21651],[-73.39388,5.21588],[-73.39524,5.21439],[-73.3958,5.21319],[-73.3966,5.2128],[-73.39831,5.21261],[-73.39953,5.21147],[-73.40101,5.20956],[-73.40303,5.20521],[-73.40515,5.20185],[-73.40595,5.19968],[-73.40682,5.1984],[-73.40923,5.19669],[-73.41199,5.19638],[-73.41232,5.19457],[-73.4165,5.18905],[-73.41861,5.18828],[-73.42085,5.18625],[-73.42222,5.18463],[-73.4241,5.18336],[-73.42512,5.18234],[-73.42561,5.18168],[-73.42732,5.17758],[-73.42755,5.17559],[-73.42806,5.17442],[-73.43018,5.17274],[-73.43527,5.16524],[-73.43636,5.16071],[-73.4369,5.15938],[-73.43741,5.15828],[-73.43859,5.15757],[-73.43897,5.15704],[-73.43956,5.15541],[-73.43983,5.15215],[-73.43921,5.14917],[-73.43865,5.14805],[-73.43604,5.14475],[-73.43569,5.14271],[-73.43363,5.14021],[-73.43231,5.13795],[-73.43156,5.13594],[-73.4291,5.13325],[-73.42639,5.13084],[-73.42573,5.12916],[-73.4247,5.12799],[-73.42429,5.12677],[-73.42074,5.12366],[-73.41973,5.12191],[-73.41962,5.12112],[-73.42013,5.11749],[-73.41967,5.11545],[-73.41842,5.11316],[-73.41804,5.11287],[-73.41578,5.11269],[-73.41313,5.11053],[-73.4126,5.11038],[-73.41242,5.11058],[-73.41212,5.11034],[-73.41178,5.11049],[-73.4113,5.1101],[-73.41057,5.10998],[-73.40998,5.10949],[-73.40973,5.10847],[-73.40767,5.10703],[-73.40548,5.1047],[-73.40375,5.10409],[-73.40188,5.10259],[-73.4002,5.10163],[-73.39867,5.10203],[-73.39775,5.10187],[-73.39733,5.10132],[-73.39679,5.09938],[-73.39595,5.09862],[-73.39581,5.09762],[-73.39488,5.09574],[-73.3946,5.09578],[-73.3941,5.09386],[-73.3926,5.09221],[-73.39143,5.0897],[-73.38977,5.08773],[-73.38659,5.08573],[-73.3852,5.08515],[-73.38436,5.08519],[-73.38389,5.08484],[-73.38305,5.08616],[-73.38206,5.08691],[-73.38075,5.08732],[-73.38016,5.08936],[-73.37877,5.09092],[-73.37812,5.09125],[-73.37788,5.092],[-73.37713,5.09287],[-73.37705,5.09546],[-73.37576,5.09752],[-73.3746,5.0979],[-73.37426,5.09885],[-73.37468,5.10109],[-73.37576,5.10211],[-73.37598,5.10271],[-73.37424,5.10448],[-73.37288,5.10771],[-73.37013,5.11166],[-73.36882,5.11311],[-73.36799,5.11474],[-73.36687,5.1162],[-73.3656,5.11898],[-73.36391,5.12049],[-73.36465,5.12284],[-73.36428,5.12473],[-73.36546,5.1285],[-73.36477,5.12969],[-73.36493,5.13103],[-73.36384,5.13245],[-73.36306,5.13421],[-73.36308,5.13492],[-73.36404,5.13676]]]},"properties":{"DPTO_CCDGO":"15","MPIO_CCDGO":"511","DPTO_CNMBR":"BOYACÁ","MPIO_CNMBR":"PACHAVITA","MPIO_NAREA":"66.690169383","Shape_Leng":"0.349261578601","Shape_Area":"0.00543856814806"}},{"type":"Feature","geometry":{"type":"Polygon","coordinates":[[[-72.93733,5.20412],[-72.93751,5.20551],[-72.93706,5.20698],[-72.93621,5.20745],[-72.93491,5.20763],[-72.93491,5.20924],[-72.93672,5.21054],[-72.93645,5.21112],[-72.93484,5.21177],[-72.93481,5.21242],[-72.93526,5.21327],[-72.93705,5.21309],[-72.94057,5.2117],[-72.94119,5.21167],[-72.94232,5.21057],[-72.94287,5.21035],[-72.94496,5.21025],[-72.95014,5.21326],[-72.95082,5.21336],[-72.95546,5.21076],[-72.958,5.2099],[-72.965,5.20443],[-72.96787,5.20326],[-72.96881,5.20235],[-72.97021,5.20197],[-72.97126,5.20076],[-72.97211,5.20036],[-72.97354,5.19793],[-72.97504,5.19687],[-72.97661,5.19655],[-72.97765,5.19687],[-72.97916,5.19689],[-72.98235,5.19605],[-72.98566,5.19842],[-72.98683,5.20075],[-72.9877,5.20357],[-72.99068,5.20655],[-72.99331,5.20872],[-72.99629,5.20965],[-72.99747,5.21036],[-72.99846,5.21136],[-72.9993,5.21174],[-73.00362,5.21145],[-73.00668,5.21262],[-73.0084,5.21396],[-73.01006,5.21452],[-73.01172,5.21297],[-73.01734,5.20529],[-73.01923,5.20161],[-73.02123,5.19874],[-73.02406,5.19355],[-73.02827,5.18766],[-73.02904,5.18591],[-73.02909,5.18329],[-73.03032,5.1799],[-73.03296,5.17567],[-73.03486,5.17352],[-73.03902,5.17087],[-73.04198,5.16944],[-73.04566,5.1668],[-73.05116,5.16472],[-73.0531,5.16369],[-73.05434,5.16386],[-73.05644,5.16188],[-73.05757,5.1614],[-73.05919,5.16192],[-73.06021,5.16289],[-73.06366,5.16294],[-73.06497,5.16379],[-73.07003,5.16878],[-73.07111,5.16912],[-73.0725,5.16894],[-73.07204,5.16759],[-73.07229,5.167],[-73.07435,5.16511],[-73.07627,5.1641],[-73.07761,5.16241],[-73.08322,5.16002],[-73.08715,5.16089],[-73.08905,5.16072],[-73.08781,5.15703],[-73.08735,5.15471],[-73.08942,5.14956],[-73.09262,5.14411],[-73.09634,5.13847],[-73.10018,5.13408],[-73.10246,5.132],[-73.10433,5.12777],[-73.10794,5.12121],[-73.11036,5.11418],[-73.11121,5.11306],[-73.11275,5.11191],[-73.10849,5.10744],[-73.10397,5.10339],[-73.10096,5.10111],[-73.09976,5.10086],[-73.0952,5.10072],[-73.09391,5.09974],[-73.09114,5.10064],[-73.09057,5.1006],[-73.08994,5.10019],[-73.08864,5.10035],[-73.08812,5.10015],[-73.08541,5.10066],[-73.08256,5.09869],[-73.08102,5.09838],[-73.08053,5.09786],[-73.07861,5.09808],[-73.07737,5.09751],[-73.07508,5.09743],[-73.07454,5.09731],[-73.07401,5.09682],[-73.07237,5.09678],[-73.07122,5.09617],[-73.07047,5.09317],[-73.07099,5.09073],[-73.07076,5.08899],[-73.06898,5.08455],[-73.0675,5.08249],[-73.06761,5.08063],[-73.06816,5.08005],[-73.07131,5.07866],[-73.07236,5.07725],[-73.07295,5.07545],[-73.07309,5.07361],[-73.07463,5.07085],[-73.07491,5.06952],[-73.07381,5.06755],[-73.07328,5.067],[-73.07272,5.06683],[-73.07241,5.06621],[-73.07349,5.06426],[-73.07341,5.06251],[-73.07395,5.06171],[-73.07527,5.06093],[-73.07641,5.05893],[-73.07698,5.05593],[-73.07742,5.05491],[-73.07871,5.05344],[-73.07923,5.05084],[-73.07986,5.04971],[-73.08061,5.04895],[-73.08199,5.0487],[-73.08213,5.04774],[-73.08301,5.04815],[-73.08366,5.04804],[-73.08436,5.04687],[-73.08445,5.04545],[-73.08702,5.04322],[-73.08699,5.04251],[-73.08527,5.04152],[-73.08462,5.04067],[-73.08479,5.04031],[-73.08618,5.03965],[-73.08478,5.03886],[-73.08369,5.039],[-73.08348,5.03799],[-73.08293,5.03801],[-73.08196,5.03715],[-73.0826,5.03667],[-73.08128,5.0364],[-73.07966,5.03506],[-73.07958,5.0344],[-73.0792,5.03407],[-73.0784,5.03382],[-73.07432,5.03361],[-73.06964,5.03148],[-73.06464,5.02637],[-73.06306,5.02405],[-73.06307,5.01815],[-73.06403,5.01549],[-73.06636,5.01176],[-73.06533,5.01077],[-73.06371,5.0107],[-73.06277,5.01138],[-73.06231,5.01258],[-73.06188,5.01295],[-73.05801,5.01471],[-73.05551,5.01501],[-73.05485,5.01566],[-73.05405,5.0173],[-73.05183,5.01771],[-73.05116,5.01751],[-73.04835,5.01893],[-73.04717,5.02015],[-73.04619,5.02023],[-73.04458,5.0198],[-73.04233,5.02001],[-73.04193,5.02075],[-73.04085,5.02129],[-73.0401,5.02235],[-73.0382,5.02305],[-73.03685,5.02308],[-73.03653,5.02359],[-73.03516,5.02443],[-73.0336,5.02456],[-73.03149,5.02382],[-73.03039,5.02381],[-73.02944,5.02428],[-73.02833,5.02559],[-73.02731,5.02498],[-73.02726,5.02017],[-73.02798,5.01831],[-73.02751,5.01659],[-73.02793,5.01275],[-73.02767,5.01101],[-73.02663,5.00795],[-73.0277,5.00518],[-73.0278,5.00425],[-73.02742,5.00248],[-73.02635,4.99964],[-73.02611,4.99781],[-73.02737,4.99474],[-73.02903,4.99293],[-73.02887,4.9921],[-73.02826,4.99166],[-73.02754,4.99026],[-73.0275,4.98925],[-73.02814,4.98828],[-73.02939,4.98749],[-73.03094,4.98591],[-73.03108,4.98498],[-73.0304,4.98295],[-73.03051,4.98231],[-73.0298,4.98259],[-73.02496,4.9877],[-73.0235,4.98833],[-73.02283,4.99066],[-73.02149,4.99267],[-73.02144,4.99473],[-73.01945,4.99582],[-73.01856,4.99714],[-73.01849,5.00005],[-73.01985,5.0016],[-73.01944,5.00207],[-73.01864,5.00226],[-73.01795,5.00168],[-73.01717,5.00249],[-73.01654,5.00266],[-73.01496,5.00215],[-73.01478,5.0019],[-73.01532,5.00105],[-73.01514,5.0008],[-73.01389,5.00127],[-73.01315,4.99997],[-73.01179,4.9995],[-73.01119,4.99892],[-73.01097,4.99764],[-73.01072,4.99748],[-73.00963,4.99731],[-73.00852,4.9967],[-73.00805,4.99741],[-73.00742,4.99773],[-73.00637,4.9971],[-73.00461,4.99705],[-73.0041,4.99663],[-73.00232,4.99376],[-73.00078,4.99221],[-72.99956,4.98957],[-72.99858,4.98914],[-72.99715,4.98791],[-72.99608,4.98773],[-72.9951,4.98699],[-72.99441,4.98688],[-72.99349,4.98721],[-72.99276,4.98638],[-72.99129,4.98611],[-72.98999,4.98614],[-72.98876,4.98661],[-72.98816,4.9859],[-72.98636,4.985],[-72.98544,4.98408],[-72.98417,4.98343],[-72.98395,4.98294],[-72.98272,4.98233],[-72.98268,4.9816],[-72.98056,4.98045],[-72.97942,4.98054],[-72.97865,4.97951],[-72.97767,4.97716],[-72.97528,4.97476],[-72.97046,4.97959],[-72.97004,4.98089],[-72.97039,4.98242],[-72.97001,4.98588],[-72.96771,4.98963],[-72.96621,4.99097],[-72.96457,4.99197],[-72.96238,4.99264],[-72.96022,4.99396],[-72.9571,4.9969],[-72.95652,4.99801],[-72.9564,4.99905],[-72.95699,5.0028],[-72.95681,5.0035],[-72.95599,5.00512],[-72.95283,5.00965],[-72.94792,5.01484],[-72.94312,5.01936],[-72.94202,5.01993],[-72.94109,5.021],[-72.94024,5.02139],[-72.93916,5.02301],[-72.93472,5.02422],[-72.92977,5.02645],[-72.92607,5.02963],[-72.92555,5.03079],[-72.92604,5.03315],[-72.92775,5.03613],[-72.92956,5.03834],[-72.93008,5.03938],[-72.93046,5.04146],[-72.93025,5.04346],[-72.92811,5.04771],[-72.92591,5.04987],[-72.92531,5.05005],[-72.92076,5.05454],[-72.91976,5.05526],[-72.9178,5.0559],[-72.91619,5.05681],[-72.91359,5.05931],[-72.9104,5.06335],[-72.90907,5.06461],[-72.90382,5.06793],[-72.90437,5.07063],[-72.90458,5.07367],[-72.90588,5.07906],[-72.90608,5.08415],[-72.90578,5.08954],[-72.90582,5.09511],[-72.90693,5.09986],[-72.90844,5.10248],[-72.90931,5.10346],[-72.91249,5.10318],[-72.91642,5.10202],[-72.91916,5.10075],[-72.92147,5.0993],[-72.92269,5.09892],[-72.92579,5.09886],[-72.92704,5.09902],[-72.92859,5.09967],[-72.9292,5.1002],[-72.93017,5.10198],[-72.93143,5.10354],[-72.93425,5.10555],[-72.93492,5.10668],[-72.9358,5.10746],[-72.93615,5.10889],[-72.93674,5.11001],[-72.93731,5.11417],[-72.93872,5.11595],[-72.93972,5.11651],[-72.94062,5.11748],[-72.94237,5.11997],[-72.9436,5.12073],[-72.94461,5.12069],[-72.94563,5.12139],[-72.94746,5.12186],[-72.94964,5.12289],[-72.95042,5.12398],[-72.95135,5.1246],[-72.95269,5.12621],[-72.95653,5.1292],[-72.95719,5.13125],[-72.95944,5.13217],[-72.96058,5.13222],[-72.96177,5.13276],[-72.96218,5.13269],[-72.96271,5.1337],[-72.96327,5.13367],[-72.96441,5.1328],[-72.9649,5.13278],[-72.96502,5.13342],[-72.96543,5.13382],[-72.96514,5.13488],[-72.9656,5.13567],[-72.96557,5.13669],[-72.966,5.13694],[-72.96766,5.13696],[-72.96794,5.13723],[-72.96938,5.14001],[-72.9695,5.14092],[-72.96923,5.14193],[-72.97095,5.14315],[-72.97167,5.14523],[-72.97313,5.14587],[-72.9735,5.1465],[-72.97349,5.14961],[-72.97389,5.15037],[-72.97278,5.15111],[-72.97181,5.15239],[-72.97127,5.15382],[-72.96931,5.15501],[-72.96692,5.15539],[-72.96555,5.15534],[-72.96335,5.15608],[-72.96274,5.15698],[-72.96256,5.15859],[-72.96083,5.15976],[-72.96054,5.16067],[-72.96099,5.16232],[-72.96227,5.16317],[-72.96212,5.16354],[-72.96126,5.16407],[-72.95821,5.16512],[-72.95772,5.16621],[-72.95735,5.1691],[-72.95567,5.17095],[-72.9543,5.17448],[-72.95386,5.17505],[-72.9532,5.17534],[-72.95106,5.17562],[-72.95037,5.17624],[-72.94999,5.17879],[-72.94889,5.18067],[-72.94843,5.18232],[-72.94961,5.18408],[-72.94865,5.18829],[-72.94871,5.18902],[-72.94921,5.18997],[-72.94907,5.19029],[-72.94637,5.1922],[-72.94644,5.19451],[-72.94607,5.19538],[-72.94442,5.1964],[-72.94314,5.19809],[-72.94079,5.19878],[-72.93979,5.19957],[-72.93925,5.2018],[-72.93781,5.20303],[-72.93733,5.20412]]]},"properties":{"DPTO_CCDGO":"15","MPIO_CCDGO":"514","DPTO_CNMBR":"BOYACÁ","MPIO_CNMBR":"PÁEZ","MPIO_NAREA":"339.069083343","Shape_Leng":"0.963628775033","Shape_Area":"0.0276429436266"}},{"type":"Feature","geometry":{"type":"Polygon","coordinates":[[[-73.05081,5.77388],[-73.05173,5.77453],[-73.05554,5.77586],[-73.05632,5.77587],[-73.05854,5.77484],[-73.05966,5.77599],[-73.06134,5.77596],[-73.06236,5.77553],[-73.06312,5.77466],[-73.06221,5.77346],[-73.06255,5.77163],[-73.063,5.77149],[-73.06379,5.77175],[-73.06504,5.77038],[-73.06542,5.77103],[-73.06613,5.77138],[-73.0683,5.77162],[-73.06877,5.77302],[-73.0693,5.77332],[-73.07121,5.77304],[-73.07266,5.77371],[-73.07478,5.7729],[-73.07586,5.77279],[-73.07645,5.7735],[-73.07664,5.7729],[-73.07697,5.77287],[-73.07781,5.77376],[-73.07914,5.77383],[-73.0795,5.77434],[-73.07933,5.77498],[-73.08037,5.77541],[-73.08124,5.77614],[-73.08106,5.77817],[-73.08176,5.77888],[-73.08192,5.7795],[-73.08087,5.78168],[-73.08069,5.78284],[-73.0782,5.78417],[-73.07841,5.78528],[-73.07778,5.78657],[-73.07808,5.78897],[-73.07874,5.78972],[-73.07977,5.78972],[-73.07966,5.79025],[-73.0788,5.79044],[-73.0783,5.79115],[-73.07861,5.7914],[-73.0787,5.79341],[-73.07941,5.79408],[-73.07949,5.79483],[-73.07988,5.79477],[-73.08001,5.79519],[-73.07992,5.79572],[-73.07929,5.79642],[-73.07938,5.79697],[-73.07903,5.79734],[-73.07893,5.79813],[-73.07914,5.79841],[-73.07855,5.79883],[-73.07865,5.79969],[-73.0784,5.80008],[-73.0789,5.8014],[-73.07864,5.80221],[-73.07891,5.80327],[-73.07817,5.80497],[-73.07734,5.80843],[-73.0779,5.80961],[-73.07778,5.81061],[-73.07817,5.81083],[-73.07803,5.81409],[-73.07836,5.81504],[-73.07868,5.81938],[-73.07854,5.82284],[-73.07914,5.82527],[-73.07964,5.82588],[-73.07988,5.82819],[-73.08141,5.83122],[-73.08145,5.83198],[-73.08215,5.83255],[-73.08229,5.83385],[-73.08205,5.83437],[-73.08271,5.83537],[-73.08369,5.83585],[-73.08585,5.83822],[-73.08625,5.83917],[-73.08729,5.84022],[-73.08819,5.84045],[-73.08892,5.84112],[-73.08965,5.84119],[-73.09025,5.84242],[-73.09281,5.84415],[-73.09413,5.84666],[-73.09873,5.84956],[-73.09902,5.85154],[-73.10123,5.85362],[-73.1017,5.85479],[-73.10242,5.85549],[-73.10261,5.85627],[-73.10326,5.85656],[-73.10393,5.85758],[-73.10591,5.85829],[-73.10639,5.85894],[-73.1071,5.85912],[-73.10736,5.85993],[-73.10826,5.8605],[-73.1089,5.86136],[-73.11183,5.86259],[-73.11469,5.86462],[-73.11614,5.86608],[-73.1172,5.86651],[-73.11808,5.86936],[-73.11933,5.87062],[-73.11878,5.87102],[-73.11579,5.8719],[-73.11013,5.87228],[-73.10976,5.87347],[-73.10882,5.87446],[-73.1095,5.87582],[-73.10932,5.8785],[-73.10742,5.88478],[-73.10812,5.88638],[-73.10863,5.88888],[-73.10911,5.8896],[-73.10912,5.89097],[-73.11172,5.89242],[-73.11591,5.89329],[-73.117,5.89413],[-73.11816,5.89416],[-73.1186,5.89481],[-73.11933,5.89519],[-73.11967,5.89607],[-73.11936,5.8964],[-73.1197,5.89689],[-73.12067,5.89741],[-73.12144,5.89715],[-73.12233,5.89811],[-73.12297,5.89792],[-73.12342,5.89818],[-73.12429,5.89943],[-73.12559,5.90036],[-73.12641,5.90039],[-73.12686,5.90144],[-73.12787,5.90256],[-73.1289,5.90298],[-73.12917,5.90337],[-73.12984,5.90348],[-73.13062,5.90465],[-73.13057,5.90623],[-73.13159,5.90656],[-73.13418,5.90651],[-73.1345,5.90706],[-73.13491,5.907],[-73.13495,5.90724],[-73.13574,5.90763],[-73.13508,5.90804],[-73.13513,5.90852],[-73.13418,5.90947],[-73.13375,5.91087],[-73.13308,5.91142],[-73.1328,5.91205],[-73.13172,5.91268],[-73.13046,5.91292],[-73.12912,5.91371],[-73.12883,5.91453],[-73.12733,5.91569],[-73.12681,5.91643],[-73.12646,5.91773],[-73.12669,5.91878],[-73.12925,5.92204],[-73.12925,5.92508],[-73.1305,5.9258],[-73.1315,5.9271],[-73.13149,5.92867],[-73.13035,5.92969],[-73.13033,5.93021],[-73.12915,5.93254],[-73.13447,5.93509],[-73.1359,5.93547],[-73.13841,5.93558],[-73.14153,5.93648],[-73.14264,5.93741],[-73.14295,5.93831],[-73.14295,5.94006],[-73.14398,5.94178],[-73.14498,5.9425],[-73.14765,5.94293],[-73.15254,5.9449],[-73.15606,5.94665],[-73.15883,5.94835],[-73.16029,5.9496],[-73.16113,5.95089],[-73.16126,5.95196],[-73.16009,5.95481],[-73.1599,5.95619],[-73.16019,5.95765],[-73.16151,5.9598],[-73.16304,5.9667],[-73.16374,5.96733],[-73.16761,5.96926],[-73.16853,5.97064],[-73.1694,5.97432],[-73.17156,5.98055],[-73.1719,5.98222],[-73.17197,5.98503],[-73.17223,5.98595],[-73.17144,5.98857],[-73.17171,5.98966],[-73.17551,5.99454],[-73.17721,5.99549],[-73.1846,5.99771],[-73.18791,5.99907],[-73.19541,6.00154],[-73.19713,6.00261],[-73.1987,6.00323],[-73.19932,6.00313],[-73.20233,5.99933],[-73.20364,5.99626],[-73.21034,5.98806],[-73.21406,5.98605],[-73.21524,5.98435],[-73.21844,5.9813],[-73.21876,5.98057],[-73.2191,5.97897],[-73.21884,5.97688],[-73.2191,5.97564],[-73.22049,5.97272],[-73.22056,5.97159],[-73.22005,5.96895],[-73.21732,5.96373],[-73.21638,5.96271],[-73.2163,5.96228],[-73.21658,5.96187],[-73.21935,5.96014],[-73.21972,5.95946],[-73.22048,5.95686],[-73.22091,5.95218],[-73.22235,5.9499],[-73.22257,5.949],[-73.22232,5.94772],[-73.22341,5.94511],[-73.22379,5.94256],[-73.22474,5.94114],[-73.22434,5.94024],[-73.22288,5.93887],[-73.22087,5.93754],[-73.21795,5.93607],[-73.21736,5.93607],[-73.2083,5.92151],[-73.20873,5.92096],[-73.21366,5.91742],[-73.21548,5.91666],[-73.21565,5.91531],[-73.2193,5.91273],[-73.22072,5.9114],[-73.22175,5.90954],[-73.22173,5.90907],[-73.22099,5.90849],[-73.22009,5.90715],[-73.22143,5.90273],[-73.22128,5.89938],[-73.22185,5.89727],[-73.22119,5.89482],[-73.22137,5.89224],[-73.22098,5.8907],[-73.21755,5.88999],[-73.21436,5.89076],[-73.20955,5.89056],[-73.2084,5.88992],[-73.20725,5.88884],[-73.20572,5.88682],[-73.20559,5.88566],[-73.20673,5.88432],[-73.2065,5.88285],[-73.20615,5.88201],[-73.20512,5.88092],[-73.2049,5.87896],[-73.20348,5.87655],[-73.20228,5.87565],[-73.2001,5.87476],[-73.19772,5.87301],[-73.197,5.87163],[-73.19608,5.86867],[-73.19603,5.86743],[-73.19569,5.86697],[-73.19279,5.865],[-73.19124,5.86295],[-73.18852,5.85863],[-73.18792,5.85648],[-73.18594,5.8546],[-73.18398,5.85045],[-73.18331,5.85013],[-73.1821,5.85006],[-73.17364,5.85156],[-73.17049,5.85086],[-73.16536,5.84814],[-73.16358,5.8478],[-73.16304,5.8481],[-73.16122,5.85103],[-73.15907,5.85216],[-73.15809,5.85201],[-73.15624,5.85113],[-73.15427,5.85087],[-73.15264,5.85123],[-73.15146,5.8518],[-73.1506,5.85276],[-73.14969,5.85317],[-73.14678,5.85307],[-73.14366,5.8519],[-73.14121,5.85189],[-73.13264,5.85454],[-73.12995,5.85481],[-73.13044,5.85383],[-73.13067,5.85199],[-73.13143,5.84987],[-73.13301,5.84845],[-73.1339,5.84659],[-73.13394,5.84561],[-73.13325,5.84309],[-73.13415,5.8415],[-73.13419,5.84062],[-73.13239,5.83435],[-73.13342,5.83139],[-73.13652,5.82428],[-73.13674,5.82287],[-73.13744,5.82111],[-73.14031,5.81815],[-73.1415,5.81614],[-73.14369,5.81349],[-73.1454,5.8108],[-73.15737,5.80099],[-73.16068,5.7967],[-73.16223,5.79518],[-73.1652,5.79114],[-73.16602,5.79056],[-73.1673,5.79043],[-73.16849,5.78962],[-73.16926,5.78942],[-73.17034,5.78956],[-73.17073,5.78841],[-73.1707,5.78721],[-73.1698,5.78553],[-73.16935,5.78318],[-73.16981,5.78161],[-73.16988,5.77992],[-73.17052,5.77785],[-73.17132,5.7763],[-73.17224,5.77517],[-73.17266,5.77389],[-73.17326,5.77326],[-73.17384,5.77204],[-73.1712,5.76947],[-73.17279,5.76778],[-73.17511,5.76622],[-73.17417,5.7628],[-73.17432,5.75988],[-73.17399,5.75918],[-73.173,5.75848],[-73.17145,5.75679],[-73.17024,5.7538],[-73.169,5.75207],[-73.1687,5.75226],[-73.16716,5.74931],[-73.16693,5.74848],[-73.16716,5.748],[-73.16894,5.74773],[-73.169,5.74735],[-73.16763,5.7461],[-73.16853,5.74488],[-73.16433,5.74209],[-73.16162,5.74101],[-73.15464,5.73625],[-73.15532,5.73323],[-73.15616,5.73245],[-73.15709,5.73079],[-73.15712,5.73058],[-73.15564,5.72953],[-73.15584,5.72737],[-73.1561,5.72643],[-73.15762,5.72605],[-73.15744,5.72396],[-73.15822,5.72198],[-73.15842,5.71978],[-73.15756,5.7196],[-73.15446,5.71563],[-73.14914,5.71289],[-73.14914,5.7124],[-73.14677,5.71082],[-73.14601,5.70995],[-73.14377,5.70918],[-73.14116,5.70682],[-73.1402,5.7063],[-73.138,5.70406],[-73.13766,5.70309],[-73.13705,5.70247],[-73.13559,5.7022],[-73.13319,5.70013],[-73.13055,5.69968],[-73.12804,5.69779],[-73.12428,5.69294],[-73.12209,5.69113],[-73.11894,5.68673],[-73.11781,5.68577],[-73.1176,5.68486],[-73.11646,5.68382],[-73.11566,5.68203],[-73.11461,5.6813],[-73.11343,5.67891],[-73.1127,5.67814],[-73.11201,5.67639],[-73.1111,5.67609],[-73.1105,5.6764],[-73.10972,5.67536],[-73.10971,5.67427],[-73.11049,5.67267],[-73.11028,5.67241],[-73.10942,5.67227],[-73.1096,5.6717],[-73.10941,5.6714],[-73.109,5.67144],[-73.10809,5.6704],[-73.10735,5.67022],[-73.10746,5.66911],[-73.10684,5.66773],[-73.10714,5.66691],[-73.10665,5.66506],[-73.10733,5.66396],[-73.1073,5.6625],[-73.10813,5.66089],[-73.10714,5.66155],[-73.1063,5.66111],[-73.10561,5.66142],[-73.10493,5.66088],[-73.10487,5.65947],[-73.10425,5.65937],[-73.10319,5.65969],[-73.10246,5.65913],[-73.10197,5.65888],[-73.09972,5.66031],[-73.09934,5.66126],[-73.09884,5.66173],[-73.09473,5.66438],[-73.09307,5.66629],[-73.08725,5.66937],[-73.08604,5.66972],[-73.08345,5.6715],[-73.08166,5.67315],[-73.07844,5.67307],[-73.07772,5.67458],[-73.07721,5.6766],[-73.07545,5.67838],[-73.07338,5.67919],[-73.06891,5.68245],[-73.06386,5.68446],[-73.06082,5.68594],[-73.05945,5.68697],[-73.05996,5.68714],[-73.06059,5.68803],[-73.06056,5.68933],[-73.05995,5.69013],[-73.05967,5.69158],[-73.05865,5.692],[-73.05917,5.69448],[-73.05803,5.69569],[-73.05753,5.697],[-73.05665,5.69799],[-73.05661,5.69836],[-73.05752,5.70014],[-73.05722,5.70049],[-73.05697,5.70192],[-73.06224,5.70282],[-73.06461,5.7126],[-73.06593,5.71655],[-73.06649,5.7207],[-73.06745,5.72449],[-73.0674,5.72551],[-73.06659,5.72748],[-73.06654,5.72834],[-73.06642,5.73098],[-73.06691,5.73554],[-73.06667,5.7365],[-73.06703,5.74088],[-73.06679,5.74398],[-73.06618,5.74515],[-73.06649,5.74568],[-73.0664,5.746],[-73.06783,5.74674],[-73.06613,5.75004],[-73.06483,5.75008],[-73.0643,5.74963],[-73.06375,5.74847],[-73.06208,5.75065],[-73.06236,5.7526],[-73.06127,5.75469],[-73.06,5.75641],[-73.05904,5.76174],[-73.05702,5.76423],[-73.05675,5.76584],[-73.05587,5.76706],[-73.05443,5.76809],[-73.05306,5.77184],[-73.05081,5.77388]]]},"properties":{"DPTO_CCDGO":"15","MPIO_CCDGO":"516","DPTO_CNMBR":"BOYACÁ","MPIO_CNMBR":"PAIPA","MPIO_NAREA":"305.109194967","Shape_Leng":"1.06962213008","Shape_Area":"0.0249059798189"}},{"type":"Feature","geometry":{"type":"Polygon","coordinates":[[[-72.66713,5.43607],[-72.66746,5.43754],[-72.66704,5.43891],[-72.66622,5.4403],[-72.66677,5.4416],[-72.66876,5.44403],[-72.67436,5.4484],[-72.67584,5.44917],[-72.67749,5.44955],[-72.67784,5.45089],[-72.6785,5.45121],[-72.67922,5.45112],[-72.68117,5.45008],[-72.68339,5.44799],[-72.68464,5.44791],[-72.68515,5.44764],[-72.68516,5.44652],[-72.68571,5.44519],[-72.68649,5.44427],[-72.68894,5.44332],[-72.69128,5.44185],[-72.69331,5.44114],[-72.69525,5.43928],[-72.6953,5.44005],[-72.69661,5.44198],[-72.69858,5.44192],[-72.70003,5.44221],[-72.70136,5.44305],[-72.70218,5.44478],[-72.70395,5.44523],[-72.70409,5.44694],[-72.70546,5.44936],[-72.70597,5.45205],[-72.70656,5.45245],[-72.70777,5.45258],[-72.70776,5.45396],[-72.70822,5.4561],[-72.70872,5.45719],[-72.70618,5.45967],[-72.70661,5.46121],[-72.70804,5.46267],[-72.70838,5.46335],[-72.70828,5.46505],[-72.70861,5.46722],[-72.70776,5.4685],[-72.70819,5.46977],[-72.70746,5.47132],[-72.70737,5.47215],[-72.70754,5.47293],[-72.7085,5.47468],[-72.70836,5.47552],[-72.70738,5.4775],[-72.70754,5.47901],[-72.70879,5.48],[-72.71016,5.48003],[-72.71093,5.48032],[-72.7113,5.48241],[-72.71311,5.48421],[-72.71392,5.48435],[-72.71535,5.48379],[-72.71618,5.48384],[-72.71985,5.48618],[-72.72298,5.48549],[-72.72657,5.48675],[-72.72674,5.48706],[-72.72741,5.48634],[-72.72797,5.48453],[-72.72807,5.4814],[-72.72845,5.48014],[-72.73088,5.4776],[-72.73248,5.47481],[-72.7337,5.47353],[-72.73537,5.47249],[-72.73658,5.47089],[-72.73778,5.47045],[-72.74268,5.4706],[-72.74411,5.47034],[-72.74669,5.46893],[-72.74933,5.46786],[-72.75077,5.46685],[-72.7521,5.4651],[-72.7539,5.46362],[-72.75516,5.46198],[-72.75673,5.45875],[-72.75852,5.45662],[-72.75954,5.45604],[-72.76256,5.45515],[-72.76435,5.45367],[-72.76905,5.4511],[-72.77151,5.44946],[-72.77588,5.44563],[-72.77916,5.44219],[-72.77965,5.44024],[-72.7801,5.43945],[-72.7822,5.43918],[-72.78495,5.43706],[-72.78962,5.42868],[-72.79164,5.42355],[-72.79494,5.41826],[-72.79654,5.4169],[-72.7971,5.41605],[-72.79784,5.41186],[-72.79834,5.41051],[-72.79815,5.40871],[-72.79748,5.40716],[-72.79833,5.40339],[-72.7983,5.4024],[-72.79677,5.39924],[-72.7976,5.39613],[-72.79842,5.39541],[-72.80156,5.39534],[-72.8051,5.39425],[-72.80643,5.39235],[-72.80842,5.39076],[-72.80913,5.38916],[-72.81096,5.38669],[-72.81393,5.38515],[-72.81498,5.38201],[-72.81498,5.3808],[-72.81443,5.38044],[-72.81338,5.38043],[-72.81207,5.37817],[-72.81229,5.38035],[-72.81121,5.38241],[-72.80957,5.38358],[-72.80859,5.38333],[-72.80501,5.38093],[-72.80383,5.38066],[-72.8012,5.38068],[-72.79966,5.38014],[-72.79832,5.38014],[-72.79802,5.37969],[-72.79818,5.37929],[-72.79798,5.37864],[-72.79442,5.37625],[-72.79381,5.3752],[-72.79067,5.37466],[-72.78866,5.3737],[-72.78674,5.37199],[-72.78648,5.3713],[-72.78496,5.37111],[-72.78276,5.36916],[-72.78188,5.36871],[-72.78136,5.36788],[-72.78017,5.36704],[-72.7797,5.36631],[-72.77828,5.36588],[-72.77776,5.36263],[-72.7772,5.36198],[-72.77679,5.36061],[-72.77578,5.36012],[-72.77499,5.35851],[-72.77542,5.35713],[-72.77534,5.35641],[-72.77352,5.355],[-72.77235,5.35475],[-72.77156,5.35378],[-72.77152,5.35288],[-72.77199,5.35182],[-72.77132,5.34963],[-72.76989,5.34829],[-72.76973,5.34762],[-72.769,5.34725],[-72.76872,5.34623],[-72.76609,5.34415],[-72.76576,5.3435],[-72.76493,5.34279],[-72.76453,5.34151],[-72.76336,5.34082],[-72.76389,5.3396],[-72.76225,5.33691],[-72.76118,5.33634],[-72.76085,5.33538],[-72.7602,5.33502],[-72.7594,5.3351],[-72.75849,5.33442],[-72.75828,5.33341],[-72.75748,5.33292],[-72.75729,5.33196],[-72.75689,5.33137],[-72.75594,5.33092],[-72.75531,5.33007],[-72.75422,5.32964],[-72.75391,5.32984],[-72.75221,5.32988],[-72.75193,5.32913],[-72.7509,5.32862],[-72.74786,5.32837],[-72.74729,5.32776],[-72.74666,5.32755],[-72.74581,5.32546],[-72.74462,5.32458],[-72.74399,5.32361],[-72.74329,5.32336],[-72.74288,5.32236],[-72.74167,5.32234],[-72.741,5.32187],[-72.73946,5.32159],[-72.73903,5.32134],[-72.73841,5.32018],[-72.73733,5.32022],[-72.73671,5.31957],[-72.73357,5.31915],[-72.73247,5.31816],[-72.73146,5.31813],[-72.72882,5.31896],[-72.72647,5.31875],[-72.72558,5.31802],[-72.72538,5.31751],[-72.72583,5.31634],[-72.72563,5.31587],[-72.72463,5.3154],[-72.7244,5.31426],[-72.72316,5.31389],[-72.72195,5.31274],[-72.72229,5.31194],[-72.72179,5.31136],[-72.72215,5.31001],[-72.72128,5.30907],[-72.72151,5.30714],[-72.72094,5.30621],[-72.72122,5.30552],[-72.72014,5.30474],[-72.71965,5.3034],[-72.71925,5.30299],[-72.71899,5.30187],[-72.71816,5.30132],[-72.71859,5.30055],[-72.71853,5.2999],[-72.71953,5.29834],[-72.71894,5.29746],[-72.71937,5.29605],[-72.71865,5.29488],[-72.72012,5.29324],[-72.72047,5.29223],[-72.72052,5.29015],[-72.71993,5.28956],[-72.7203,5.28896],[-72.72026,5.28856],[-72.71787,5.2876],[-72.71766,5.28624],[-72.71819,5.28533],[-72.71712,5.28431],[-72.71629,5.28201],[-72.71503,5.28069],[-72.71411,5.28093],[-72.71305,5.2808],[-72.71189,5.28126],[-72.71058,5.28083],[-72.70894,5.27981],[-72.70846,5.27885],[-72.70787,5.27832],[-72.7088,5.278],[-72.70866,5.27743],[-72.70721,5.2772],[-72.70648,5.27641],[-72.70546,5.27655],[-72.70437,5.27551],[-72.70379,5.27579],[-72.70321,5.27726],[-72.70264,5.27618],[-72.70078,5.27417],[-72.70057,5.27328],[-72.69939,5.27519],[-72.69979,5.27634],[-72.7004,5.27646],[-72.7008,5.27688],[-72.70106,5.27847],[-72.70078,5.27927],[-72.69804,5.27921],[-72.69685,5.27987],[-72.69504,5.28009],[-72.69152,5.28125],[-72.69152,5.28168],[-72.69095,5.28239],[-72.69036,5.28246],[-72.68912,5.28187],[-72.68841,5.28187],[-72.68476,5.28552],[-72.68354,5.28803],[-72.6815,5.29044],[-72.67694,5.29197],[-72.67439,5.29202],[-72.6709,5.29323],[-72.66877,5.29355],[-72.6675,5.29415],[-72.66709,5.2946],[-72.66687,5.29544],[-72.66684,5.29661],[-72.66732,5.29918],[-72.6667,5.30091],[-72.6661,5.30132],[-72.66424,5.30113],[-72.65864,5.30171],[-72.6562,5.30392],[-72.65478,5.3044],[-72.65316,5.30621],[-72.65213,5.30803],[-72.6522,5.30893],[-72.65105,5.31385],[-72.65045,5.31602],[-72.64912,5.31886],[-72.6486,5.32176],[-72.64327,5.32546],[-72.64181,5.32627],[-72.63945,5.32683],[-72.63794,5.32756],[-72.63695,5.3284],[-72.6377,5.3362],[-72.6374,5.33704],[-72.63336,5.34209],[-72.63077,5.34292],[-72.62712,5.34305],[-72.62617,5.34375],[-72.62237,5.34908],[-72.62031,5.35122],[-72.61885,5.35165],[-72.61565,5.3489],[-72.61443,5.34828],[-72.61238,5.348],[-72.60937,5.3484],[-72.60786,5.349],[-72.6058,5.35026],[-72.60358,5.35229],[-72.60104,5.35396],[-72.60012,5.35395],[-72.59821,5.35315],[-72.5975,5.35325],[-72.59652,5.35242],[-72.59563,5.35236],[-72.59381,5.35359],[-72.59375,5.35497],[-72.59268,5.35743],[-72.59216,5.35795],[-72.59127,5.35803],[-72.59081,5.35784],[-72.5899,5.3558],[-72.58844,5.35426],[-72.5868,5.35349],[-72.58526,5.35327],[-72.58429,5.35192],[-72.58172,5.35029],[-72.58061,5.35006],[-72.57975,5.35033],[-72.57791,5.35266],[-72.57514,5.35872],[-72.57091,5.36383],[-72.56724,5.37337],[-72.56829,5.37412],[-72.56938,5.37597],[-72.57093,5.37695],[-72.57167,5.37688],[-72.57355,5.37577],[-72.57414,5.37591],[-72.57481,5.37675],[-72.57665,5.37716],[-72.57787,5.37819],[-72.57908,5.37993],[-72.58072,5.37993],[-72.58143,5.38048],[-72.58246,5.38056],[-72.58398,5.38199],[-72.58556,5.3832],[-72.58662,5.38367],[-72.5874,5.38364],[-72.58904,5.38304],[-72.58954,5.38343],[-72.58981,5.38467],[-72.59036,5.38566],[-72.59217,5.38553],[-72.59283,5.38602],[-72.59438,5.38849],[-72.59394,5.39001],[-72.59429,5.3921],[-72.59605,5.39299],[-72.59729,5.394],[-72.59842,5.39532],[-72.59871,5.3967],[-72.59974,5.39807],[-72.59971,5.39913],[-72.59991,5.39936],[-72.59819,5.40063],[-72.59724,5.40023],[-72.59715,5.40211],[-72.59749,5.40408],[-72.59703,5.40447],[-72.59621,5.4045],[-72.5954,5.405],[-72.59535,5.40743],[-72.59486,5.40853],[-72.59397,5.40913],[-72.59395,5.41033],[-72.59448,5.41205],[-72.59416,5.4131],[-72.59478,5.414],[-72.59432,5.41541],[-72.59367,5.4164],[-72.59173,5.41678],[-72.59106,5.41791],[-72.59011,5.41849],[-72.59023,5.41893],[-72.59088,5.41924],[-72.59112,5.41978],[-72.59048,5.42095],[-72.59124,5.42199],[-72.59124,5.4227],[-72.59086,5.42344],[-72.59121,5.42381],[-72.59289,5.42399],[-72.59345,5.42495],[-72.59479,5.42539],[-72.59488,5.42617],[-72.59589,5.42615],[-72.59684,5.4273],[-72.59751,5.42759],[-72.59875,5.42781],[-72.60006,5.42703],[-72.60191,5.42653],[-72.60357,5.42781],[-72.60628,5.42852],[-72.60732,5.42964],[-72.61017,5.42988],[-72.61193,5.42932],[-72.61353,5.42817],[-72.61664,5.4267],[-72.61828,5.42526],[-72.61916,5.42327],[-72.62048,5.42207],[-72.62168,5.42138],[-72.62329,5.42132],[-72.62545,5.42197],[-72.62769,5.422],[-72.62981,5.4233],[-72.63189,5.42271],[-72.63344,5.4227],[-72.63771,5.42426],[-72.641,5.42473],[-72.64317,5.42541],[-72.64795,5.4277],[-72.65045,5.42925],[-72.65364,5.43172],[-72.65582,5.43275],[-72.65983,5.43344],[-72.66308,5.43472],[-72.6663,5.43543],[-72.66713,5.43607]]]},"properties":{"DPTO_CCDGO":"15","MPIO_CCDGO":"518","DPTO_CNMBR":"BOYACÁ","MPIO_CNMBR":"PAJARITO","MPIO_NAREA":"313.682574327","Shape_Leng":"0.855038807431","Shape_Area":"0.0255788507763"}},{"type":"Feature","geometry":{"type":"Polygon","coordinates":[[[-72.4309,6.44001],[-72.43135,6.44167],[-72.43204,6.44249],[-72.43276,6.44766],[-72.4332,6.44847],[-72.43329,6.44985],[-72.43305,6.45089],[-72.43368,6.45203],[-72.43371,6.45407],[-72.43566,6.45608],[-72.43612,6.4573],[-72.43661,6.45749],[-72.43687,6.4583],[-72.43764,6.459],[-72.43846,6.45911],[-72.43897,6.45874],[-72.44031,6.45859],[-72.44179,6.45779],[-72.44173,6.45905],[-72.44244,6.46047],[-72.44334,6.46134],[-72.44356,6.46209],[-72.44341,6.46311],[-72.44193,6.4662],[-72.44235,6.46979],[-72.44292,6.47096],[-72.44143,6.4739],[-72.44151,6.47534],[-72.44068,6.47625],[-72.4408,6.47888],[-72.43954,6.48156],[-72.43796,6.48233],[-72.43723,6.4832],[-72.4371,6.48417],[-72.43649,6.48519],[-72.43637,6.48572],[-72.43689,6.48538],[-72.43661,6.48981],[-72.437,6.49134],[-72.43642,6.49285],[-72.43651,6.49494],[-72.43734,6.49406],[-72.44069,6.49218],[-72.44263,6.49254],[-72.44342,6.4911],[-72.44723,6.48932],[-72.44878,6.49011],[-72.45333,6.49007],[-72.45397,6.49023],[-72.45411,6.49051],[-72.4568,6.48973],[-72.4578,6.48818],[-72.45819,6.48629],[-72.45865,6.48602],[-72.45947,6.48604],[-72.46033,6.48552],[-72.46079,6.48484],[-72.46147,6.48455],[-72.46194,6.484],[-72.46215,6.48299],[-72.46297,6.48188],[-72.46363,6.48161],[-72.46452,6.48186],[-72.46729,6.48141],[-72.46853,6.47995],[-72.47138,6.47877],[-72.47146,6.4772],[-72.47279,6.47385],[-72.47438,6.47224],[-72.47456,6.47009],[-72.47426,6.46884],[-72.47585,6.46615],[-72.47844,6.46555],[-72.48127,6.46571],[-72.48445,6.46527],[-72.48571,6.46415],[-72.4838,6.4634],[-72.48298,6.46206],[-72.48022,6.46073],[-72.47997,6.45985],[-72.47825,6.45843],[-72.47716,6.45792],[-72.47463,6.45514],[-72.47345,6.45462],[-72.47149,6.45281],[-72.472,6.44748],[-72.47246,6.44701],[-72.47403,6.44672],[-72.47482,6.44627],[-72.47612,6.44454],[-72.47743,6.44126],[-72.47897,6.4414],[-72.48151,6.43936],[-72.48263,6.4365],[-72.48413,6.43534],[-72.4845,6.43367],[-72.48544,6.43185],[-72.48612,6.4294],[-72.48582,6.4275],[-72.4861,6.42456],[-72.48737,6.41792],[-72.4873,6.41592],[-72.48666,6.41382],[-72.48621,6.41104],[-72.48645,6.40867],[-72.48788,6.40627],[-72.49212,6.40269],[-72.49425,6.40154],[-72.49679,6.40082],[-72.49378,6.39881],[-72.49218,6.39841],[-72.49056,6.39516],[-72.4899,6.3945],[-72.48838,6.39451],[-72.48749,6.39407],[-72.4868,6.39312],[-72.48657,6.39149],[-72.48547,6.39085],[-72.48448,6.39155],[-72.48403,6.39315],[-72.48253,6.39394],[-72.48104,6.39407],[-72.48068,6.39363],[-72.48053,6.39253],[-72.48008,6.39171],[-72.47953,6.39131],[-72.47814,6.39115],[-72.47707,6.39141],[-72.47549,6.39285],[-72.47403,6.39303],[-72.47218,6.39491],[-72.47109,6.39536],[-72.47248,6.39652],[-72.47123,6.39715],[-72.4704,6.39815],[-72.46957,6.40264],[-72.46712,6.40769],[-72.4663,6.40837],[-72.46293,6.40978],[-72.46105,6.41179],[-72.45981,6.41214],[-72.45837,6.41416],[-72.45776,6.4146],[-72.45774,6.41495],[-72.456,6.41626],[-72.45673,6.41736],[-72.45751,6.41762],[-72.45775,6.41845],[-72.45867,6.41985],[-72.45877,6.42176],[-72.45696,6.42155],[-72.45556,6.422],[-72.45471,6.4218],[-72.45351,6.42241],[-72.45273,6.42236],[-72.45107,6.42297],[-72.44992,6.42358],[-72.44799,6.42336],[-72.44726,6.42499],[-72.44717,6.42654],[-72.44553,6.42642],[-72.44446,6.42796],[-72.44403,6.42743],[-72.44346,6.42813],[-72.44303,6.42992],[-72.44183,6.43042],[-72.44078,6.43204],[-72.43968,6.43293],[-72.43943,6.4327],[-72.439,6.43338],[-72.43681,6.43526],[-72.43646,6.43602],[-72.43536,6.43686],[-72.43453,6.43711],[-72.43222,6.43929],[-72.4309,6.44001]]]},"properties":{"DPTO_CCDGO":"15","MPIO_CCDGO":"522","DPTO_CNMBR":"BOYACÁ","MPIO_CNMBR":"PANQUEBA","MPIO_NAREA":"39.7152485995","Shape_Leng":"0.331656348272","Shape_Area":"0.00324389968103"}},{"type":"Feature","geometry":{"type":"Polygon","coordinates":[[[-73.9814,5.72073],[-73.98261,5.72091],[-73.98435,5.72386],[-73.98522,5.72404],[-73.98679,5.72528],[-73.98701,5.72584],[-73.9869,5.72709],[-73.98909,5.7276],[-73.99155,5.7291],[-73.99173,5.73192],[-73.99148,5.73387],[-73.9934,5.73557],[-73.99443,5.73602],[-73.9947,5.73635],[-73.99461,5.73667],[-73.99528,5.73734],[-73.9961,5.73884],[-73.99731,5.74009],[-73.99776,5.74121],[-73.99767,5.74396],[-73.9984,5.74815],[-73.99876,5.74895],[-74.00135,5.75117],[-74.00158,5.75482],[-74.00227,5.75585],[-74.00542,5.75853],[-74.00698,5.76077],[-74.00777,5.76279],[-74.00882,5.7629],[-74.01154,5.76245],[-74.01346,5.76355],[-74.01407,5.76431],[-74.01402,5.76498],[-74.01189,5.77096],[-74.01092,5.77441],[-74.01103,5.77472],[-74.01275,5.77565],[-74.01638,5.77611],[-74.01686,5.7764],[-74.01773,5.77795],[-74.01928,5.77971],[-74.01985,5.78212],[-74.02087,5.78197],[-74.02391,5.77998],[-74.02507,5.78075],[-74.02419,5.78166],[-74.02448,5.78305],[-74.02533,5.7843],[-74.02436,5.78493],[-74.02454,5.78618],[-74.02381,5.78654],[-74.02303,5.78787],[-74.02331,5.78829],[-74.02449,5.78853],[-74.02476,5.78887],[-74.02392,5.7899],[-74.02426,5.79057],[-74.02375,5.7913],[-74.02466,5.79223],[-74.0247,5.79259],[-74.02399,5.79361],[-74.02398,5.79449],[-74.02344,5.7949],[-74.02348,5.79577],[-74.02566,5.79752],[-74.02639,5.8016],[-74.02812,5.80364],[-74.02813,5.80387],[-74.02644,5.80536],[-74.02572,5.80633],[-74.02603,5.80682],[-74.02794,5.80727],[-74.02879,5.80773],[-74.02989,5.80904],[-74.03388,5.81159],[-74.03506,5.81176],[-74.03606,5.81228],[-74.03827,5.81199],[-74.03976,5.81334],[-74.04121,5.81345],[-74.04268,5.81447],[-74.0438,5.81418],[-74.04566,5.81504],[-74.0491,5.81727],[-74.05072,5.8179],[-74.05294,5.81803],[-74.054,5.81884],[-74.05581,5.81969],[-74.05673,5.81939],[-74.05959,5.82044],[-74.06029,5.82037],[-74.06123,5.81978],[-74.06229,5.81976],[-74.06261,5.81937],[-74.06234,5.81848],[-74.06433,5.81731],[-74.06427,5.81583],[-74.06449,5.81537],[-74.0653,5.81486],[-74.06793,5.81536],[-74.06728,5.81712],[-74.06752,5.81798],[-74.06786,5.81818],[-74.07095,5.8175],[-74.0717,5.81802],[-74.0724,5.8192],[-74.07385,5.8187],[-74.07518,5.81862],[-74.07774,5.81895],[-74.07926,5.8185],[-74.07893,5.81448],[-74.07953,5.8125],[-74.08161,5.81047],[-74.0829,5.80848],[-74.08355,5.80697],[-74.08378,5.8049],[-74.08428,5.8034],[-74.08657,5.80119],[-74.0873,5.80001],[-74.0877,5.79884],[-74.08739,5.79632],[-74.08764,5.79497],[-74.08968,5.79233],[-74.09044,5.79073],[-74.09051,5.78931],[-74.08992,5.7865],[-74.08995,5.78519],[-74.09123,5.78233],[-74.09064,5.78123],[-74.08927,5.77978],[-74.0891,5.7787],[-74.09095,5.77484],[-74.09173,5.7738],[-74.09256,5.77127],[-74.09242,5.7702],[-74.09126,5.76915],[-74.09099,5.76852],[-74.09056,5.76538],[-74.09105,5.7624],[-74.09265,5.75971],[-74.09317,5.758],[-74.09328,5.75655],[-74.09294,5.75437],[-74.0922,5.75287],[-74.08957,5.75072],[-74.08844,5.74941],[-74.08689,5.74649],[-74.08683,5.74322],[-74.08536,5.74017],[-74.08426,5.73934],[-74.08207,5.73857],[-74.08051,5.73768],[-74.07917,5.73641],[-74.07751,5.7341],[-74.07312,5.73226],[-74.07037,5.72999],[-74.06792,5.72854],[-74.06257,5.72636],[-74.0613,5.72624],[-74.06037,5.72491],[-74.05926,5.72396],[-74.05786,5.7235],[-74.05395,5.72331],[-74.05129,5.72243],[-74.05021,5.72094],[-74.04896,5.71808],[-74.04809,5.71715],[-74.04638,5.71631],[-74.04495,5.71482],[-74.04193,5.71422],[-74.04159,5.71164],[-74.03941,5.70879],[-74.03925,5.70767],[-74.03852,5.7063],[-74.0385,5.70523],[-74.0396,5.70292],[-74.04085,5.6991],[-74.04022,5.69628],[-74.03888,5.6936],[-74.03966,5.69085],[-74.03987,5.69032],[-74.04043,5.68987],[-74.04305,5.68985],[-74.04458,5.68948],[-74.04696,5.68628],[-74.04917,5.68444],[-74.05037,5.68383],[-74.05075,5.68324],[-74.05076,5.68267],[-74.04935,5.6812],[-74.04679,5.68005],[-74.04651,5.67962],[-74.04787,5.67745],[-74.04826,5.67624],[-74.04698,5.67444],[-74.04699,5.67367],[-74.04853,5.67076],[-74.05361,5.66534],[-74.05392,5.66477],[-74.05417,5.66292],[-74.0564,5.6616],[-74.05827,5.65725],[-74.05852,5.65694],[-74.05953,5.65669],[-74.05994,5.65622],[-74.05937,5.65285],[-74.06065,5.64919],[-74.05919,5.6491],[-74.05748,5.64982],[-74.05637,5.64937],[-74.05589,5.64958],[-74.05562,5.64862],[-74.05458,5.6478],[-74.05432,5.64722],[-74.05346,5.64723],[-74.05266,5.64576],[-74.0526,5.64477],[-74.05394,5.64341],[-74.05453,5.64203],[-74.05239,5.64158],[-74.0513,5.64053],[-74.05027,5.64011],[-74.05029,5.63959],[-74.05125,5.63933],[-74.05152,5.63871],[-74.05103,5.63829],[-74.0499,5.63824],[-74.04941,5.63794],[-74.04937,5.63757],[-74.05015,5.63712],[-74.0498,5.63617],[-74.04958,5.63594],[-74.04854,5.63609],[-74.04821,5.63547],[-74.04657,5.63514],[-74.04547,5.63329],[-74.04337,5.63368],[-74.04302,5.63496],[-74.04244,5.63555],[-74.03962,5.63584],[-74.03932,5.63691],[-74.03844,5.63799],[-74.038,5.63954],[-74.0372,5.64037],[-74.03641,5.64076],[-74.0362,5.64191],[-74.0349,5.64112],[-74.03442,5.63922],[-74.03357,5.6386],[-74.03322,5.63731],[-74.03268,5.6367],[-74.03178,5.63632],[-74.03013,5.63721],[-74.02994,5.63609],[-74.0286,5.63486],[-74.02861,5.63359],[-74.02724,5.63179],[-74.02724,5.63099],[-74.02788,5.6293],[-74.02754,5.62712],[-74.02877,5.62567],[-74.02776,5.62465],[-74.02778,5.62327],[-74.02702,5.62177],[-74.02813,5.62049],[-74.02831,5.61951],[-74.02797,5.61912],[-74.02735,5.61901],[-74.02714,5.61858],[-74.02819,5.61642],[-74.02822,5.61532],[-74.02881,5.61414],[-74.02872,5.61301],[-74.02907,5.61238],[-74.02901,5.61148],[-74.02828,5.61093],[-74.02862,5.61019],[-74.02828,5.60931],[-74.02861,5.60799],[-74.02833,5.60752],[-74.02845,5.6071],[-74.02825,5.60683],[-74.02711,5.6066],[-74.02702,5.60636],[-74.02737,5.60507],[-74.02849,5.60464],[-74.02866,5.60418],[-74.02772,5.60292],[-74.02691,5.60339],[-74.02653,5.60319],[-74.02634,5.60147],[-74.02608,5.60144],[-74.02591,5.60204],[-74.02551,5.60235],[-74.02406,5.60213],[-74.02294,5.60317],[-74.02224,5.60194],[-74.02193,5.6018],[-74.01944,5.60229],[-74.01823,5.60418],[-74.01693,5.60376],[-74.01685,5.60329],[-74.01721,5.60273],[-74.01769,5.60281],[-74.01765,5.60209],[-74.01791,5.6016],[-74.01642,5.601],[-74.01519,5.60088],[-74.01485,5.60157],[-74.0142,5.60185],[-74.01414,5.60262],[-74.01355,5.60247],[-74.01316,5.60201],[-74.01223,5.6021],[-74.01133,5.60177],[-74.01056,5.6029],[-74.01001,5.60233],[-74.01053,5.60127],[-74.0095,5.60166],[-74.00892,5.60091],[-74.00828,5.60093],[-74.00801,5.60214],[-74.00761,5.60214],[-74.00699,5.60158],[-74.00585,5.60237],[-74.00542,5.60431],[-74.00435,5.60475],[-74.00395,5.60529],[-74.00408,5.60612],[-74.00318,5.6073],[-74.00192,5.60781],[-74.00197,5.60898],[-74.00152,5.60969],[-74.00022,5.61016],[-73.999,5.61133],[-73.99835,5.61156],[-73.99781,5.61098],[-73.9975,5.60967],[-73.99574,5.60889],[-73.99536,5.60815],[-73.99482,5.60804],[-73.99366,5.60839],[-73.99315,5.60724],[-73.99287,5.60712],[-73.99212,5.60757],[-73.99179,5.60661],[-73.9913,5.60626],[-73.98948,5.60665],[-73.98872,5.60447],[-73.98816,5.60447],[-73.98752,5.60492],[-73.98468,5.60316],[-73.98414,5.60252],[-73.98383,5.60101],[-73.98295,5.60004],[-73.98209,5.59833],[-73.98101,5.59709],[-73.9798,5.59638],[-73.9795,5.59541],[-73.97729,5.59513],[-73.97604,5.59525],[-73.97341,5.59667],[-73.97071,5.59676],[-73.97009,5.5974],[-73.9697,5.59758],[-73.96903,5.59742],[-73.96856,5.59774],[-73.96701,5.59579],[-73.96598,5.59559],[-73.9636,5.59604],[-73.96302,5.59589],[-73.9613,5.59417],[-73.95868,5.59411],[-73.95753,5.59307],[-73.95585,5.5923],[-73.95684,5.58959],[-73.95674,5.58881],[-73.95464,5.58843],[-73.94965,5.58506],[-73.94768,5.58413],[-73.94681,5.58319],[-73.94663,5.58119],[-73.94886,5.5812],[-73.95004,5.57971],[-73.94994,5.57633],[-73.9493,5.57508],[-73.94943,5.57371],[-73.9499,5.57284],[-73.95177,5.57194],[-73.95203,5.57135],[-73.95139,5.57065],[-73.9511,5.57091],[-73.95039,5.57018],[-73.95052,5.56914],[-73.95014,5.56763],[-73.94963,5.5674],[-73.94821,5.56738],[-73.94892,5.56585],[-73.94704,5.56585],[-73.94599,5.56629],[-73.94287,5.5665],[-73.94117,5.56515],[-73.94019,5.5667],[-73.93978,5.56662],[-73.93844,5.56819],[-73.93642,5.56957],[-73.93525,5.57006],[-73.93425,5.56989],[-73.93245,5.57018],[-73.93073,5.57138],[-73.92833,5.57239],[-73.92798,5.57341],[-73.92765,5.57367],[-73.92589,5.57395],[-73.92475,5.57464],[-73.92391,5.57635],[-73.92278,5.5769],[-73.92163,5.57805],[-73.92023,5.58004],[-73.91885,5.58091],[-73.918,5.58272],[-73.91777,5.58499],[-73.91528,5.58726],[-73.91439,5.5887],[-73.91236,5.59041],[-73.9115,5.59258],[-73.90985,5.59373],[-73.90963,5.59526],[-73.90885,5.59636],[-73.90857,5.59748],[-73.90747,5.59877],[-73.90498,5.60342],[-73.90452,5.60471],[-73.90355,5.60579],[-73.90252,5.60811],[-73.90254,5.60967],[-73.90042,5.61559],[-73.89985,5.61579],[-73.89979,5.61656],[-73.89922,5.61739],[-73.89866,5.61771],[-73.89774,5.61961],[-73.90139,5.62135],[-73.90175,5.62231],[-73.90163,5.62302],[-73.90274,5.62378],[-73.90277,5.62436],[-73.90333,5.62465],[-73.90397,5.62607],[-73.90301,5.62763],[-73.90379,5.62759],[-73.90415,5.62795],[-73.90386,5.62937],[-73.90471,5.62964],[-73.90732,5.6296],[-73.90736,5.63065],[-73.90775,5.63147],[-73.90945,5.63224],[-73.91107,5.63241],[-73.91127,5.63325],[-73.91325,5.6338],[-73.91368,5.63453],[-73.91618,5.63512],[-73.91673,5.63502],[-73.91743,5.63447],[-73.91827,5.63482],[-73.9198,5.6357],[-73.92081,5.63764],[-73.92251,5.63905],[-73.92417,5.6373],[-73.92517,5.63668],[-73.92533,5.63642],[-73.92495,5.63603],[-73.92581,5.63569],[-73.92685,5.63462],[-73.92712,5.63373],[-73.9267,5.63258],[-73.92767,5.63197],[-73.93054,5.62875],[-73.93141,5.62813],[-73.93221,5.62816],[-73.93282,5.62871],[-73.93279,5.62936],[-73.93206,5.63039],[-73.9325,5.6305],[-73.93245,5.63102],[-73.93311,5.63209],[-73.93413,5.63256],[-73.93609,5.63239],[-73.93691,5.63288],[-73.9417,5.64169],[-73.94318,5.64516],[-73.94393,5.64619],[-73.94387,5.64816],[-73.94427,5.6492],[-73.94361,5.65187],[-73.944,5.65465],[-73.94346,5.6568],[-73.94159,5.65784],[-73.94139,5.65953],[-73.94313,5.66357],[-73.94352,5.66538],[-73.94447,5.66616],[-73.94512,5.66769],[-73.94606,5.66881],[-73.94566,5.66985],[-73.94548,5.67147],[-73.94425,5.67247],[-73.9441,5.67306],[-73.94544,5.67751],[-73.94622,5.67853],[-73.9464,5.68038],[-73.94866,5.68448],[-73.94905,5.68599],[-73.94978,5.68696],[-73.94988,5.68792],[-73.94958,5.68939],[-73.94849,5.69096],[-73.94809,5.69205],[-73.94643,5.69295],[-73.94571,5.69366],[-73.94646,5.69515],[-73.94734,5.69552],[-73.94771,5.69682],[-73.94938,5.69773],[-73.95015,5.69877],[-73.95088,5.69904],[-73.95252,5.69906],[-73.95349,5.69962],[-73.95403,5.70031],[-73.95433,5.70032],[-73.95543,5.69937],[-73.95638,5.69937],[-73.95702,5.69973],[-73.9574,5.70067],[-73.96022,5.70009],[-73.96398,5.70112],[-73.9657,5.70096],[-73.96756,5.7018],[-73.96876,5.70165],[-73.96934,5.70334],[-73.97145,5.70284],[-73.9712,5.70452],[-73.97246,5.70725],[-73.97386,5.70781],[-73.97398,5.70901],[-73.97519,5.70905],[-73.97561,5.70929],[-73.97538,5.70973],[-73.97459,5.71015],[-73.9745,5.71093],[-73.9752,5.71226],[-73.97545,5.71544],[-73.97657,5.71579],[-73.9785,5.71788],[-73.98041,5.71842],[-73.9814,5.72073]]]},"properties":{"DPTO_CCDGO":"15","MPIO_CCDGO":"531","DPTO_CNMBR":"BOYACÁ","MPIO_CNMBR":"PAUNA","MPIO_NAREA":"252.628722922","Shape_Leng":"0.939745219104","Shape_Area":"0.0206226173219"}},{"type":"Feature","geometry":{"type":"Polygon","coordinates":[[[-72.44444,5.52067],[-72.44411,5.52146],[-72.44372,5.52439],[-72.4432,5.52562],[-72.44184,5.52781],[-72.44072,5.52884],[-72.441,5.52949],[-72.44051,5.53171],[-72.43977,5.53224],[-72.43918,5.53222],[-72.43874,5.53265],[-72.43804,5.53268],[-72.4375,5.53305],[-72.43667,5.53439],[-72.4367,5.53503],[-72.43575,5.53595],[-72.43569,5.53744],[-72.43254,5.5399],[-72.43191,5.5414],[-72.43074,5.54232],[-72.43017,5.54243],[-72.43028,5.54345],[-72.42798,5.54523],[-72.42714,5.54669],[-72.42749,5.54791],[-72.42674,5.54794],[-72.42602,5.54665],[-72.42543,5.54651],[-72.42533,5.54723],[-72.42592,5.54843],[-72.42571,5.5487],[-72.4258,5.54981],[-72.42521,5.55082],[-72.4256,5.55165],[-72.42512,5.55225],[-72.42496,5.553],[-72.42549,5.55465],[-72.42545,5.55569],[-72.42465,5.55626],[-72.42289,5.55639],[-72.42223,5.55736],[-72.42153,5.55759],[-72.42113,5.55808],[-72.42125,5.55903],[-72.42236,5.55915],[-72.42275,5.55965],[-72.42242,5.56133],[-72.42154,5.56201],[-72.4209,5.56324],[-72.41869,5.56329],[-72.41772,5.56477],[-72.41636,5.56487],[-72.41457,5.56587],[-72.41278,5.56592],[-72.41205,5.56541],[-72.41103,5.56526],[-72.40997,5.56428],[-72.40947,5.56489],[-72.40931,5.56594],[-72.40986,5.56674],[-72.40909,5.56788],[-72.40838,5.56797],[-72.40625,5.56629],[-72.40537,5.56787],[-72.40415,5.56819],[-72.40403,5.56943],[-72.40366,5.56999],[-72.3996,5.56844],[-72.39842,5.56873],[-72.39683,5.57033],[-72.39633,5.57001],[-72.39584,5.56894],[-72.39364,5.5674],[-72.39273,5.56596],[-72.39086,5.56519],[-72.38981,5.56437],[-72.38769,5.56363],[-72.38393,5.5598],[-72.38335,5.55815],[-72.38345,5.55676],[-72.38318,5.55492],[-72.38203,5.55315],[-72.3806,5.55195],[-72.37923,5.55022],[-72.37876,5.54907],[-72.37841,5.54695],[-72.37564,5.54446],[-72.37557,5.54388],[-72.37636,5.54223],[-72.37657,5.54014],[-72.37606,5.53866],[-72.37554,5.53796],[-72.37487,5.53746],[-72.37278,5.53719],[-72.37184,5.53539],[-72.36923,5.53419],[-72.3679,5.53063],[-72.36647,5.52875],[-72.36505,5.52829],[-72.3628,5.52834],[-72.36205,5.52806],[-72.36166,5.52572],[-72.36086,5.52388],[-72.35772,5.52165],[-72.35725,5.51873],[-72.3569,5.51789],[-72.35501,5.51745],[-72.35204,5.51623],[-72.35107,5.51541],[-72.34983,5.51338],[-72.34743,5.51235],[-72.34684,5.51152],[-72.34659,5.50958],[-72.34608,5.50874],[-72.34589,5.50689],[-72.3432,5.50475],[-72.33946,5.50335],[-72.33849,5.50117],[-72.3381,5.5008],[-72.33356,5.49983],[-72.33039,5.49764],[-72.32841,5.4972],[-72.32507,5.49714],[-72.32161,5.49809],[-72.31759,5.49803],[-72.31494,5.49948],[-72.31138,5.5025],[-72.31001,5.50268],[-72.30089,5.50597],[-72.29881,5.51006],[-72.29529,5.51495],[-72.29466,5.51824],[-72.29491,5.53087],[-72.2966,5.5472],[-72.29579,5.55334],[-72.29506,5.55603],[-72.29335,5.55815],[-72.28905,5.56618],[-72.28517,5.57463],[-72.2856,5.58656],[-72.28917,5.59488],[-72.28904,5.60028],[-72.28747,5.60564],[-72.27082,5.62197],[-72.2649,5.62885],[-72.26269,5.63354],[-72.26319,5.63723],[-72.26566,5.64265],[-72.26977,5.64884],[-72.27332,5.65522],[-72.27322,5.6593],[-72.27214,5.66221],[-72.26893,5.66373],[-72.26277,5.6635],[-72.25733,5.6624],[-72.25143,5.6634],[-72.24405,5.66637],[-72.23765,5.66712],[-72.2284,5.66683],[-72.22583,5.66764],[-72.22436,5.67036],[-72.2219,5.67258],[-72.22133,5.67536],[-72.22143,5.67604],[-72.22183,5.67641],[-72.22318,5.67568],[-72.22409,5.67716],[-72.22472,5.67753],[-72.22385,5.67852],[-72.22362,5.67955],[-72.22415,5.67965],[-72.22527,5.67887],[-72.22654,5.67901],[-72.22794,5.68147],[-72.2284,5.68162],[-72.2294,5.6814],[-72.23,5.68219],[-72.2312,5.68253],[-72.2316,5.68331],[-72.23187,5.68511],[-72.2329,5.68584],[-72.2341,5.68608],[-72.23571,5.6874],[-72.2362,5.68744],[-72.23686,5.68639],[-72.23762,5.68575],[-72.23839,5.68592],[-72.23991,5.68688],[-72.24262,5.68724],[-72.24443,5.68515],[-72.24741,5.68478],[-72.24951,5.68505],[-72.25012,5.68607],[-72.25028,5.68742],[-72.24976,5.68802],[-72.24922,5.68984],[-72.24768,5.69047],[-72.24747,5.6909],[-72.2475,5.69142],[-72.24807,5.69225],[-72.24748,5.69382],[-72.24798,5.69558],[-72.25069,5.69728],[-72.25167,5.69824],[-72.25197,5.69973],[-72.25394,5.70054],[-72.25443,5.70198],[-72.25626,5.70306],[-72.25662,5.70381],[-72.25665,5.70573],[-72.25709,5.70684],[-72.25758,5.70738],[-72.25904,5.70738],[-72.25957,5.70803],[-72.25933,5.70899],[-72.25985,5.70994],[-72.2615,5.71095],[-72.26075,5.71219],[-72.26214,5.71309],[-72.26203,5.71488],[-72.26226,5.71559],[-72.2633,5.71607],[-72.26408,5.71697],[-72.26571,5.71737],[-72.26604,5.71809],[-72.26554,5.71994],[-72.2666,5.72077],[-72.26892,5.7244],[-72.26855,5.72577],[-72.26949,5.72643],[-72.26966,5.7269],[-72.2692,5.7279],[-72.26921,5.72862],[-72.26991,5.72885],[-72.27118,5.72847],[-72.27273,5.72922],[-72.27352,5.72922],[-72.2739,5.72898],[-72.27433,5.72805],[-72.27491,5.72916],[-72.27694,5.73084],[-72.27703,5.73244],[-72.27661,5.73335],[-72.27427,5.73491],[-72.27419,5.73556],[-72.27482,5.73612],[-72.27636,5.73675],[-72.27707,5.73762],[-72.27626,5.74035],[-72.27654,5.74288],[-72.27731,5.74315],[-72.2779,5.74436],[-72.27859,5.74479],[-72.27879,5.74574],[-72.28,5.74685],[-72.27997,5.74763],[-72.28118,5.74841],[-72.28038,5.74955],[-72.28142,5.75001],[-72.2821,5.74936],[-72.28325,5.74925],[-72.28479,5.74977],[-72.28507,5.74929],[-72.28561,5.74919],[-72.28606,5.74851],[-72.28651,5.75002],[-72.28891,5.75007],[-72.28948,5.75056],[-72.29011,5.7505],[-72.2906,5.75173],[-72.29211,5.75349],[-72.29452,5.75344],[-72.29548,5.75381],[-72.29572,5.75458],[-72.29632,5.75418],[-72.29717,5.75451],[-72.29727,5.75367],[-72.29822,5.75152],[-72.29752,5.74571],[-72.29777,5.74409],[-72.29882,5.74171],[-72.30108,5.7381],[-72.30143,5.73695],[-72.30141,5.73396],[-72.30319,5.72892],[-72.30371,5.72838],[-72.30439,5.72671],[-72.30917,5.71841],[-72.31116,5.7142],[-72.31267,5.70778],[-72.31663,5.70058],[-72.31815,5.69912],[-72.3206,5.69801],[-72.32154,5.69712],[-72.32169,5.69516],[-72.32236,5.69322],[-72.32304,5.69163],[-72.32423,5.68998],[-72.32722,5.68846],[-72.32921,5.6881],[-72.33043,5.6882],[-72.33307,5.68873],[-72.33532,5.68961],[-72.33979,5.6901],[-72.34399,5.68951],[-72.34547,5.68887],[-72.35029,5.68911],[-72.35243,5.69014],[-72.35353,5.69141],[-72.35574,5.69479],[-72.35706,5.69732],[-72.35822,5.69613],[-72.35964,5.69339],[-72.36228,5.68944],[-72.36472,5.68749],[-72.36744,5.68579],[-72.36869,5.68363],[-72.36999,5.68286],[-72.37384,5.68274],[-72.37722,5.68304],[-72.38031,5.68284],[-72.38698,5.68146],[-72.38725,5.68223],[-72.39078,5.687],[-72.39455,5.69054],[-72.39749,5.69182],[-72.4024,5.69267],[-72.40608,5.69231],[-72.41007,5.69134],[-72.41189,5.68977],[-72.41377,5.68857],[-72.41522,5.68775],[-72.41692,5.68721],[-72.41941,5.68862],[-72.42232,5.68901],[-72.42283,5.68964],[-72.42444,5.69062],[-72.42711,5.6904],[-72.42951,5.68937],[-72.43085,5.68904],[-72.43213,5.68904],[-72.43419,5.68816],[-72.43592,5.68798],[-72.43656,5.68734],[-72.43757,5.68814],[-72.43919,5.68832],[-72.44273,5.68709],[-72.44463,5.68752],[-72.44495,5.68716],[-72.44488,5.68584],[-72.44594,5.68467],[-72.44614,5.68395],[-72.44664,5.68343],[-72.44666,5.68151],[-72.44722,5.68067],[-72.448,5.6801],[-72.44805,5.68087],[-72.44734,5.6817],[-72.44757,5.68317],[-72.44681,5.68552],[-72.44718,5.68645],[-72.44713,5.68778],[-72.44626,5.68903],[-72.45143,5.69463],[-72.45764,5.69914],[-72.45783,5.70011],[-72.45952,5.70206],[-72.46105,5.70007],[-72.46132,5.69699],[-72.46229,5.69612],[-72.46279,5.69461],[-72.4642,5.69317],[-72.46507,5.69161],[-72.46699,5.68998],[-72.46778,5.68689],[-72.46882,5.68559],[-72.469,5.68329],[-72.4698,5.68174],[-72.47057,5.67898],[-72.47218,5.6774],[-72.47338,5.6753],[-72.47486,5.67354],[-72.47811,5.6716],[-72.47861,5.67086],[-72.47831,5.66969],[-72.47665,5.66801],[-72.47619,5.66684],[-72.47509,5.66578],[-72.47476,5.66495],[-72.4761,5.66526],[-72.4767,5.6651],[-72.47732,5.66426],[-72.47952,5.6645],[-72.48014,5.66418],[-72.48068,5.66433],[-72.48407,5.66303],[-72.48518,5.66372],[-72.4864,5.66341],[-72.48767,5.66406],[-72.48847,5.66421],[-72.48879,5.66393],[-72.48895,5.66264],[-72.48858,5.65761],[-72.48881,5.65525],[-72.49202,5.64563],[-72.49177,5.642],[-72.49237,5.63857],[-72.49565,5.63506],[-72.50026,5.62657],[-72.50316,5.62392],[-72.50737,5.62092],[-72.5087,5.61841],[-72.51289,5.61541],[-72.51349,5.61416],[-72.51454,5.60862],[-72.51472,5.60784],[-72.51598,5.60628],[-72.51812,5.60093],[-72.51792,5.59848],[-72.51644,5.59574],[-72.5121,5.59368],[-72.5102,5.59175],[-72.50782,5.5923],[-72.50627,5.59389],[-72.50519,5.59453],[-72.5035,5.59413],[-72.50211,5.59322],[-72.50066,5.59267],[-72.50021,5.59222],[-72.49993,5.59105],[-72.49912,5.58947],[-72.49363,5.58478],[-72.49269,5.58367],[-72.4919,5.57959],[-72.4897,5.57604],[-72.48447,5.57313],[-72.48103,5.57246],[-72.47852,5.57048],[-72.47788,5.56972],[-72.47756,5.56842],[-72.47688,5.56798],[-72.47579,5.56784],[-72.47308,5.56808],[-72.47085,5.56681],[-72.46272,5.56584],[-72.46209,5.56553],[-72.45919,5.5628],[-72.45856,5.56185],[-72.45751,5.55748],[-72.45852,5.55527],[-72.461,5.55327],[-72.46382,5.54913],[-72.4639,5.54754],[-72.46305,5.546],[-72.4633,5.54413],[-72.46313,5.54298],[-72.46113,5.54159],[-72.46,5.54029],[-72.45722,5.53976],[-72.45571,5.53895],[-72.45131,5.5333],[-72.45022,5.52992],[-72.44835,5.52853],[-72.44717,5.52606],[-72.44579,5.52536],[-72.44508,5.52441],[-72.44458,5.52335],[-72.44444,5.52067]]]},"properties":{"DPTO_CCDGO":"15","MPIO_CCDGO":"533","DPTO_CNMBR":"BOYACÁ","MPIO_CNMBR":"PAYA","MPIO_NAREA":"443.810457362","Shape_Leng":"1.1476518333","Shape_Area":"0.0361929984034"}},{"type":"Feature","geometry":{"type":"Polygon","coordinates":[[[-72.70161,6.01834],[-72.7027,6.01777],[-72.70439,6.01834],[-72.70726,6.02118],[-72.71128,6.02311],[-72.71229,6.02435],[-72.71249,6.02524],[-72.71384,6.02665],[-72.71479,6.02726],[-72.71657,6.02768],[-72.71965,6.02774],[-72.71817,6.03026],[-72.71801,6.03111],[-72.71859,6.03263],[-72.71797,6.03339],[-72.7189,6.03418],[-72.71976,6.03542],[-72.72003,6.03789],[-72.71977,6.03954],[-72.71814,6.04437],[-72.71769,6.04509],[-72.71598,6.04599],[-72.71547,6.04709],[-72.71595,6.04769],[-72.71577,6.04802],[-72.71683,6.04971],[-72.71681,6.05295],[-72.71498,6.05795],[-72.7157,6.05981],[-72.71629,6.06255],[-72.71696,6.06288],[-72.71804,6.06217],[-72.71829,6.06238],[-72.71857,6.06285],[-72.71861,6.0649],[-72.71906,6.06563],[-72.72143,6.06644],[-72.72257,6.06781],[-72.724,6.06875],[-72.72481,6.06797],[-72.72488,6.06831],[-72.7257,6.0688],[-72.72701,6.06834],[-72.73048,6.06846],[-72.73134,6.06877],[-72.73173,6.06935],[-72.73209,6.06886],[-72.73472,6.07096],[-72.73897,6.07116],[-72.74072,6.07263],[-72.73946,6.07358],[-72.74059,6.07392],[-72.74303,6.07542],[-72.74415,6.0766],[-72.74584,6.07656],[-72.74699,6.07721],[-72.75007,6.07771],[-72.75175,6.07831],[-72.75349,6.07906],[-72.75602,6.08125],[-72.757,6.08176],[-72.76036,6.08195],[-72.76349,6.08152],[-72.76827,6.0822],[-72.77064,6.08178],[-72.77391,6.08373],[-72.77693,6.08448],[-72.77924,6.08614],[-72.7809,6.0884],[-72.78249,6.08972],[-72.78287,6.09179],[-72.78333,6.09253],[-72.78751,6.09355],[-72.78901,6.09497],[-72.79039,6.09682],[-72.7918,6.09747],[-72.79492,6.09996],[-72.79622,6.09906],[-72.79781,6.09682],[-72.79883,6.09372],[-72.79993,6.09172],[-72.80138,6.09099],[-72.80203,6.09032],[-72.80405,6.0908],[-72.80503,6.09153],[-72.80572,6.09222],[-72.80674,6.09423],[-72.80805,6.09483],[-72.81041,6.0952],[-72.81148,6.09099],[-72.81203,6.0897],[-72.81274,6.08882],[-72.81417,6.08166],[-72.81409,6.08103],[-72.8133,6.07972],[-72.81309,6.07868],[-72.81328,6.07741],[-72.81225,6.07563],[-72.8126,6.07412],[-72.81219,6.07356],[-72.81224,6.07194],[-72.8126,6.07049],[-72.8113,6.06948],[-72.81085,6.06797],[-72.81089,6.06595],[-72.81167,6.06504],[-72.81118,6.06459],[-72.81143,6.06405],[-72.81115,6.06372],[-72.81134,6.06349],[-72.81085,6.06293],[-72.811,6.0623],[-72.81063,6.06198],[-72.81091,6.06139],[-72.81068,6.06092],[-72.81105,6.06026],[-72.81037,6.05917],[-72.81018,6.058],[-72.8105,6.05734],[-72.81039,6.05663],[-72.81111,6.05617],[-72.8112,6.05557],[-72.81091,6.05518],[-72.81146,6.05378],[-72.81111,6.05279],[-72.8114,6.0516],[-72.81105,6.05072],[-72.81142,6.0494],[-72.81132,6.04789],[-72.81172,6.04732],[-72.81347,6.04619],[-72.81353,6.04412],[-72.81453,6.04258],[-72.81465,6.0412],[-72.81521,6.04054],[-72.81334,6.03744],[-72.81386,6.03564],[-72.81356,6.03511],[-72.81305,6.0351],[-72.8134,6.03383],[-72.81294,6.03309],[-72.81304,6.0314],[-72.81227,6.02999],[-72.81306,6.02942],[-72.81361,6.02771],[-72.81339,6.02745],[-72.81272,6.02774],[-72.81271,6.02699],[-72.81307,6.0267],[-72.81383,6.02665],[-72.81404,6.02621],[-72.81292,6.02504],[-72.81263,6.02437],[-72.81271,6.02353],[-72.81241,6.02323],[-72.81076,6.02385],[-72.81068,6.02346],[-72.81113,6.02243],[-72.8105,6.02175],[-72.8093,6.02248],[-72.80866,6.02255],[-72.80839,6.02229],[-72.80828,6.01985],[-72.80798,6.01922],[-72.80716,6.01864],[-72.80676,6.01786],[-72.8059,6.01811],[-72.80372,6.01669],[-72.8025,6.01679],[-72.80206,6.01658],[-72.79881,6.0171],[-72.79846,6.01673],[-72.79808,6.01702],[-72.79707,6.01916],[-72.79577,6.01903],[-72.79606,6.01828],[-72.79608,6.01549],[-72.79518,6.0125],[-72.79448,6.01152],[-72.79313,6.00824],[-72.79141,6.00655],[-72.79299,6.00337],[-72.79373,5.99999],[-72.79685,5.99432],[-72.79879,5.99274],[-72.80021,5.99223],[-72.8013,5.9909],[-72.80286,5.99097],[-72.80342,5.99033],[-72.80546,5.98933],[-72.80793,5.98739],[-72.80956,5.98669],[-72.81067,5.98475],[-72.81177,5.98376],[-72.81266,5.98232],[-72.81341,5.97966],[-72.81511,5.97932],[-72.81701,5.97774],[-72.81758,5.97769],[-72.81827,5.97801],[-72.81801,5.97296],[-72.81708,5.97058],[-72.81618,5.96713],[-72.81539,5.96536],[-72.81404,5.96515],[-72.81187,5.96426],[-72.81087,5.96481],[-72.80722,5.96442],[-72.80357,5.96517],[-72.80196,5.96507],[-72.80094,5.96472],[-72.79984,5.96505],[-72.79849,5.9643],[-72.79715,5.96474],[-72.79456,5.96426],[-72.79371,5.96385],[-72.79096,5.96164],[-72.78991,5.96132],[-72.78911,5.96063],[-72.78613,5.96033],[-72.78596,5.95942],[-72.78522,5.95861],[-72.78487,5.95758],[-72.784,5.95722],[-72.78325,5.95627],[-72.78179,5.95514],[-72.77994,5.95504],[-72.7792,5.95449],[-72.77804,5.95775],[-72.77528,5.95879],[-72.77399,5.96084],[-72.77246,5.96205],[-72.77223,5.96329],[-72.77078,5.96364],[-72.76862,5.96564],[-72.76767,5.96739],[-72.76653,5.96869],[-72.76588,5.97032],[-72.76411,5.97185],[-72.76377,5.9733],[-72.76256,5.97547],[-72.75997,5.97797],[-72.755,5.98199],[-72.75426,5.98219],[-72.75279,5.98177],[-72.75144,5.98186],[-72.74939,5.98377],[-72.74765,5.98446],[-72.74593,5.98472],[-72.74489,5.98747],[-72.74306,5.98788],[-72.74059,5.98842],[-72.7394,5.99052],[-72.73857,5.99064],[-72.73705,5.99201],[-72.73485,5.9922],[-72.73317,5.99304],[-72.73127,5.99336],[-72.72934,5.99306],[-72.72649,5.9934],[-72.7253,5.9943],[-72.72453,5.99561],[-72.72385,5.99615],[-72.72202,5.99616],[-72.71978,5.99708],[-72.71784,5.99688],[-72.71681,5.99736],[-72.71655,5.99854],[-72.71549,5.9991],[-72.71431,6.00021],[-72.71317,6.00213],[-72.70941,6.00447],[-72.708,6.00621],[-72.70638,6.00682],[-72.70447,6.00872],[-72.70461,6.00963],[-72.70378,6.01207],[-72.70196,6.01441],[-72.70149,6.01767],[-72.70161,6.01834]]]},"properties":{"DPTO_CCDGO":"15","MPIO_CCDGO":"537","DPTO_CNMBR":"BOYACÁ","MPIO_CNMBR":"PAZ DE RÍO","MPIO_NAREA":"122.699509116","Shape_Leng":"0.518166291399","Shape_Area":"0.0100169585948"}},{"type":"Feature","geometry":{"type":"Polygon","coordinates":[[[-73.31519,5.44334],[-73.31558,5.44313],[-73.31652,5.44324],[-73.31645,5.44407],[-73.31751,5.44452],[-73.31716,5.44784],[-73.31808,5.44812],[-73.31816,5.4488],[-73.31884,5.44934],[-73.31967,5.44951],[-73.32022,5.45003],[-73.32084,5.44927],[-73.32265,5.44892],[-73.32353,5.44825],[-73.32409,5.44708],[-73.32528,5.44624],[-73.32654,5.44475],[-73.32718,5.44426],[-73.32816,5.4442],[-73.32898,5.4437],[-73.33093,5.44115],[-73.33203,5.44034],[-73.33462,5.44136],[-73.33781,5.43668],[-73.33844,5.43514],[-73.33903,5.43511],[-73.34092,5.43601],[-73.34156,5.43594],[-73.3431,5.43504],[-73.3457,5.43281],[-73.34888,5.43066],[-73.34952,5.43064],[-73.35066,5.43121],[-73.35185,5.43142],[-73.35202,5.43212],[-73.35199,5.43112],[-73.35039,5.42919],[-73.34975,5.42791],[-73.34944,5.42601],[-73.34852,5.42385],[-73.34857,5.42115],[-73.34799,5.4196],[-73.34821,5.41834],[-73.34748,5.4173],[-73.34752,5.41442],[-73.34933,5.40959],[-73.3512,5.40784],[-73.35173,5.40606],[-73.35287,5.40517],[-73.35284,5.40416],[-73.35318,5.40387],[-73.35416,5.40374],[-73.35404,5.40245],[-73.35353,5.402],[-73.3538,5.40136],[-73.35448,5.40083],[-73.35444,5.3993],[-73.35572,5.39817],[-73.35627,5.39725],[-73.35769,5.39412],[-73.35817,5.39215],[-73.36023,5.39],[-73.36145,5.38532],[-73.36382,5.37981],[-73.36367,5.37759],[-73.3645,5.3769],[-73.36451,5.37529],[-73.36507,5.37469],[-73.36474,5.37409],[-73.36506,5.37336],[-73.36425,5.37277],[-73.36406,5.37146],[-73.36325,5.37102],[-73.36363,5.37001],[-73.36385,5.36737],[-73.36414,5.36661],[-73.36544,5.36491],[-73.366,5.36247],[-73.36458,5.3634],[-73.36338,5.36343],[-73.36238,5.36279],[-73.36139,5.36272],[-73.3605,5.36182],[-73.35992,5.3619],[-73.35848,5.36048],[-73.35624,5.35992],[-73.35483,5.35899],[-73.34998,5.35844],[-73.3484,5.35735],[-73.3464,5.35648],[-73.3455,5.35532],[-73.34495,5.35504],[-73.34326,5.35495],[-73.33958,5.35366],[-73.3378,5.35236],[-73.33603,5.35005],[-73.33471,5.3499],[-73.33302,5.35069],[-73.33105,5.34898],[-73.33306,5.34852],[-73.33395,5.34791],[-73.33479,5.34682],[-73.33637,5.34378],[-73.3364,5.34268],[-73.33589,5.34131],[-73.33602,5.34052],[-73.33796,5.33707],[-73.33645,5.33584],[-73.33608,5.33576],[-73.33494,5.33648],[-73.3336,5.33627],[-73.33303,5.33593],[-73.33147,5.33382],[-73.32855,5.3311],[-73.32447,5.32526],[-73.32867,5.32246],[-73.33002,5.32104],[-73.33124,5.32112],[-73.33175,5.31903],[-73.33481,5.31838],[-73.33641,5.3145],[-73.33416,5.31384],[-73.33184,5.31203],[-73.3293,5.31079],[-73.33193,5.30802],[-73.32729,5.29644],[-73.32721,5.29495],[-73.32628,5.29344],[-73.32335,5.29344],[-73.32319,5.29287],[-73.32435,5.29155],[-73.32402,5.2905],[-73.32311,5.29041],[-73.32246,5.29069],[-73.32195,5.29053],[-73.32037,5.28739],[-73.31773,5.28426],[-73.31399,5.28195],[-73.31263,5.28005],[-73.31073,5.27904],[-73.31037,5.27832],[-73.30855,5.27813],[-73.30816,5.2773],[-73.30833,5.27677],[-73.3091,5.27717],[-73.30958,5.27658],[-73.30956,5.27628],[-73.30902,5.27609],[-73.30858,5.2755],[-73.30869,5.27493],[-73.30995,5.27323],[-73.30899,5.27189],[-73.31167,5.27102],[-73.31548,5.26859],[-73.32303,5.26481],[-73.32611,5.2629],[-73.32957,5.26166],[-73.32801,5.26106],[-73.32759,5.25777],[-73.32712,5.25735],[-73.32693,5.25665],[-73.32596,5.25607],[-73.3259,5.25563],[-73.32482,5.25479],[-73.3245,5.25308],[-73.32374,5.25165],[-73.3227,5.25139],[-73.32269,5.25105],[-73.32205,5.25074],[-73.3218,5.2499],[-73.32032,5.24922],[-73.32054,5.248],[-73.31985,5.24641],[-73.31993,5.245],[-73.31941,5.24413],[-73.31999,5.24208],[-73.32018,5.24176],[-73.32109,5.24155],[-73.32167,5.2407],[-73.32282,5.24042],[-73.3232,5.23958],[-73.32439,5.23977],[-73.32475,5.23877],[-73.32371,5.23824],[-73.3229,5.23719],[-73.32095,5.23659],[-73.32044,5.23617],[-73.32029,5.23519],[-73.32066,5.23435],[-73.32074,5.23318],[-73.32007,5.23143],[-73.31965,5.23108],[-73.31638,5.2305],[-73.31353,5.22888],[-73.31226,5.22767],[-73.3096,5.22755],[-73.30807,5.22487],[-73.30601,5.22285],[-73.30554,5.22072],[-73.30477,5.22045],[-73.30466,5.2192],[-73.30348,5.21736],[-73.30298,5.21708],[-73.30242,5.21728],[-73.30158,5.21712],[-73.30028,5.21639],[-73.29832,5.21434],[-73.29787,5.21349],[-73.2963,5.21291],[-73.29549,5.21159],[-73.29436,5.21045],[-73.29236,5.20985],[-73.29035,5.20889],[-73.28913,5.20762],[-73.28682,5.20726],[-73.28432,5.2073],[-73.28345,5.20671],[-73.279,5.20993],[-73.27704,5.21187],[-73.27573,5.21385],[-73.27147,5.21526],[-73.26964,5.21554],[-73.26626,5.21693],[-73.26471,5.21733],[-73.2597,5.2178],[-73.25734,5.2188],[-73.25636,5.21956],[-73.25588,5.22098],[-73.2561,5.22427],[-73.25486,5.22647],[-73.25427,5.22682],[-73.24999,5.22713],[-73.24819,5.22808],[-73.24718,5.22965],[-73.2473,5.23054],[-73.2493,5.23269],[-73.24999,5.23297],[-73.25317,5.23304],[-73.2575,5.23661],[-73.25826,5.23697],[-73.25977,5.23704],[-73.26086,5.23664],[-73.26271,5.23672],[-73.26758,5.23815],[-73.26966,5.23925],[-73.27144,5.24139],[-73.27405,5.24346],[-73.27695,5.24414],[-73.27931,5.24534],[-73.27975,5.24598],[-73.27993,5.24735],[-73.27837,5.2512],[-73.27773,5.25701],[-73.27903,5.26092],[-73.28035,5.26189],[-73.28265,5.26295],[-73.28504,5.26576],[-73.28483,5.26887],[-73.28528,5.27161],[-73.28498,5.27298],[-73.28672,5.27483],[-73.28798,5.27707],[-73.28759,5.27977],[-73.28643,5.28288],[-73.28586,5.28739],[-73.28549,5.28851],[-73.28408,5.2899],[-73.28317,5.29032],[-73.28046,5.29085],[-73.27879,5.29155],[-73.27722,5.29448],[-73.27412,5.29809],[-73.27273,5.29908],[-73.27532,5.30099],[-73.27599,5.30228],[-73.27612,5.30311],[-73.27591,5.30475],[-73.27542,5.30567],[-73.2732,5.30804],[-73.27006,5.31263],[-73.26422,5.32023],[-73.26316,5.32223],[-73.26481,5.32285],[-73.2656,5.32286],[-73.2689,5.32203],[-73.26981,5.32216],[-73.27085,5.32392],[-73.27274,5.32488],[-73.2735,5.32501],[-73.27461,5.3248],[-73.27641,5.32319],[-73.27716,5.32293],[-73.27984,5.32345],[-73.28235,5.32468],[-73.28249,5.32588],[-73.28164,5.32767],[-73.28163,5.33071],[-73.28217,5.33296],[-73.28334,5.33527],[-73.28331,5.33739],[-73.28391,5.33852],[-73.28669,5.34019],[-73.28692,5.34262],[-73.28686,5.3483],[-73.28561,5.3497],[-73.28764,5.35293],[-73.28867,5.35619],[-73.28945,5.35695],[-73.29082,5.35914],[-73.29175,5.35964],[-73.29222,5.35962],[-73.29181,5.35924],[-73.29288,5.3594],[-73.2937,5.36023],[-73.29497,5.36047],[-73.29644,5.36151],[-73.29839,5.36224],[-73.29838,5.3633],[-73.29862,5.36343],[-73.29923,5.36617],[-73.30036,5.36745],[-73.30233,5.36843],[-73.30196,5.36954],[-73.30498,5.37065],[-73.30766,5.3729],[-73.30768,5.37224],[-73.30793,5.37225],[-73.3093,5.37432],[-73.30947,5.37551],[-73.31043,5.37752],[-73.31161,5.37905],[-73.31342,5.38063],[-73.31341,5.38111],[-73.31387,5.38119],[-73.31386,5.38163],[-73.31692,5.38728],[-73.31906,5.38882],[-73.32041,5.38932],[-73.32083,5.39127],[-73.32125,5.39173],[-73.32258,5.39204],[-73.3224,5.39633],[-73.32175,5.39792],[-73.32182,5.39903],[-73.32152,5.3994],[-73.32074,5.40303],[-73.31896,5.40681],[-73.31944,5.40802],[-73.32307,5.41344],[-73.32462,5.41328],[-73.32677,5.41427],[-73.3279,5.41409],[-73.32919,5.41455],[-73.33007,5.41441],[-73.32938,5.41589],[-73.32873,5.41652],[-73.32784,5.41906],[-73.3265,5.42171],[-73.3244,5.42309],[-73.32298,5.42507],[-73.32248,5.42608],[-73.32223,5.42806],[-73.32133,5.4299],[-73.32146,5.43142],[-73.31986,5.43339],[-73.31956,5.43535],[-73.31776,5.43643],[-73.31637,5.43854],[-73.31589,5.43964],[-73.31639,5.43973],[-73.31564,5.44124],[-73.31519,5.44334]]]},"properties":{"DPTO_CCDGO":"15","MPIO_CCDGO":"599","DPTO_CNMBR":"BOYACÁ","MPIO_CNMBR":"RAMIRIQUÍ","MPIO_NAREA":"125.683802287","Shape_Leng":"0.766956897447","Shape_Area":"0.0102518284706"}},{"type":"Feature","geometry":{"type":"Polygon","coordinates":[[[-73.58032,5.58986],[-73.58095,5.58954],[-73.58264,5.58987],[-73.58561,5.58907],[-73.58754,5.58744],[-73.5883,5.58715],[-73.58923,5.58711],[-73.5912,5.58765],[-73.595,5.58671],[-73.59636,5.58665],[-73.59701,5.5862],[-73.59731,5.58547],[-73.59822,5.58448],[-73.59891,5.58221],[-73.60021,5.58173],[-73.60252,5.58223],[-73.60319,5.58088],[-73.60295,5.57964],[-73.60344,5.57863],[-73.60569,5.57715],[-73.60799,5.57515],[-73.60924,5.57452],[-73.61112,5.57423],[-73.61206,5.5731],[-73.61279,5.57269],[-73.61339,5.57264],[-73.6138,5.57311],[-73.61581,5.57322],[-73.61742,5.57125],[-73.61841,5.57087],[-73.62003,5.57065],[-73.62224,5.56986],[-73.62461,5.56978],[-73.62694,5.56975],[-73.62796,5.56935],[-73.62964,5.56817],[-73.63118,5.56666],[-73.63167,5.56443],[-73.63281,5.56365],[-73.63375,5.56356],[-73.63472,5.56396],[-73.63649,5.56335],[-73.63887,5.55948],[-73.63919,5.55791],[-73.6408,5.55708],[-73.6453,5.55184],[-73.64704,5.55165],[-73.64966,5.55087],[-73.65267,5.55136],[-73.65492,5.55016],[-73.65623,5.5489],[-73.65656,5.5478],[-73.65779,5.54642],[-73.65861,5.54483],[-73.66026,5.54434],[-73.66075,5.54357],[-73.66222,5.5427],[-73.66246,5.54206],[-73.66302,5.54172],[-73.66308,5.54108],[-73.66364,5.54071],[-73.66346,5.5402],[-73.66457,5.53844],[-73.66523,5.53881],[-73.66647,5.53819],[-73.66765,5.53875],[-73.66798,5.5394],[-73.6689,5.53969],[-73.67075,5.54108],[-73.67138,5.54076],[-73.67157,5.54023],[-73.67195,5.54032],[-73.67834,5.5456],[-73.678,5.54396],[-73.67865,5.54168],[-73.68068,5.53981],[-73.68372,5.53534],[-73.68668,5.53315],[-73.68744,5.53148],[-73.68867,5.5301],[-73.69097,5.5288],[-73.69275,5.52522],[-73.68899,5.52323],[-73.68707,5.5213],[-73.68622,5.51693],[-73.68772,5.5144],[-73.68862,5.51335],[-73.68987,5.51259],[-73.69193,5.51053],[-73.69647,5.5034],[-73.69824,5.50153],[-73.70369,5.49784],[-73.70524,5.4964],[-73.70634,5.49442],[-73.70839,5.4928],[-73.70976,5.49129],[-73.72576,5.48619],[-73.72551,5.4845],[-73.72629,5.4835],[-73.72714,5.48304],[-73.72716,5.48122],[-73.72751,5.48048],[-73.72863,5.47977],[-73.72841,5.48155],[-73.7322,5.48272],[-73.73206,5.47894],[-73.73168,5.47844],[-73.73239,5.47854],[-73.73296,5.47833],[-73.73385,5.47778],[-73.73456,5.4769],[-73.73745,5.47629],[-73.73812,5.47558],[-73.73792,5.4736],[-73.73824,5.47305],[-73.74348,5.47095],[-73.74316,5.4701],[-73.74328,5.46868],[-73.74232,5.46866],[-73.74101,5.46938],[-73.74083,5.47037],[-73.73977,5.47101],[-73.73847,5.47112],[-73.73761,5.4718],[-73.73494,5.47244],[-73.73352,5.47414],[-73.73184,5.47554],[-73.73008,5.4779],[-73.72836,5.47916],[-73.72668,5.479],[-73.72523,5.47923],[-73.72296,5.47853],[-73.72025,5.47807],[-73.71866,5.47678],[-73.71849,5.47637],[-73.71799,5.47631],[-73.7177,5.47567],[-73.71783,5.47453],[-73.71749,5.47419],[-73.71765,5.47325],[-73.71722,5.46975],[-73.71745,5.46877],[-73.71722,5.46782],[-73.71759,5.46655],[-73.71738,5.46598],[-73.71831,5.46188],[-73.71953,5.45881],[-73.71475,5.45717],[-73.71043,5.45625],[-73.70679,5.45594],[-73.70653,5.45563],[-73.70628,5.45402],[-73.70458,5.45354],[-73.70301,5.45354],[-73.70248,5.45241],[-73.70154,5.45203],[-73.7004,5.45109],[-73.69998,5.45029],[-73.69898,5.44946],[-73.69704,5.44712],[-73.69666,5.44678],[-73.6954,5.44643],[-73.69385,5.44648],[-73.68963,5.44772],[-73.68567,5.4514],[-73.68431,5.45305],[-73.68075,5.4562],[-73.67866,5.45868],[-73.67754,5.45956],[-73.67672,5.45946],[-73.67641,5.4588],[-73.67643,5.45718],[-73.67909,5.454],[-73.67928,5.45349],[-73.67916,5.45188],[-73.67879,5.45077],[-73.67838,5.4505],[-73.67789,5.44931],[-73.67697,5.44849],[-73.67656,5.44765],[-73.67622,5.44576],[-73.67554,5.4448],[-73.67499,5.4423],[-73.67552,5.44103],[-73.67538,5.44021],[-73.67629,5.4397],[-73.67697,5.43804],[-73.67671,5.4372],[-73.67737,5.43704],[-73.67855,5.43741],[-73.67981,5.43597],[-73.67942,5.4358],[-73.67941,5.43529],[-73.67878,5.43532],[-73.67871,5.43477],[-73.67838,5.43492],[-73.67843,5.43432],[-73.67762,5.43482],[-73.67673,5.43474],[-73.67618,5.43435],[-73.67432,5.43426],[-73.67342,5.43344],[-73.67253,5.43355],[-73.67179,5.43333],[-73.67076,5.43221],[-73.66998,5.43077],[-73.66934,5.43069],[-73.66926,5.42975],[-73.6685,5.42868],[-73.66751,5.42911],[-73.66664,5.42875],[-73.66581,5.43004],[-73.665,5.43021],[-73.66389,5.4297],[-73.66225,5.42815],[-73.66058,5.42783],[-73.65857,5.4265],[-73.65701,5.42651],[-73.65646,5.42599],[-73.65534,5.42622],[-73.65459,5.42519],[-73.6554,5.42441],[-73.65488,5.42387],[-73.6548,5.42237],[-73.65408,5.42158],[-73.65387,5.42008],[-73.65329,5.41908],[-73.65375,5.41774],[-73.65266,5.41651],[-73.65054,5.41512],[-73.64795,5.41483],[-73.64719,5.41549],[-73.64616,5.41574],[-73.64356,5.41718],[-73.64168,5.41782],[-73.64089,5.4179],[-73.63941,5.41742],[-73.63811,5.41747],[-73.63713,5.41659],[-73.63612,5.41656],[-73.63481,5.41602],[-73.63185,5.41349],[-73.63059,5.41315],[-73.62904,5.41347],[-73.62696,5.41266],[-73.62516,5.4106],[-73.62444,5.40928],[-73.62305,5.40873],[-73.62214,5.40735],[-73.62047,5.40582],[-73.6185,5.40475],[-73.61811,5.4055],[-73.61676,5.40686],[-73.61527,5.41015],[-73.61027,5.41294],[-73.608,5.41313],[-73.60654,5.41368],[-73.60509,5.4146],[-73.60399,5.41572],[-73.60107,5.41693],[-73.59719,5.41653],[-73.59656,5.41701],[-73.59538,5.41972],[-73.59366,5.42071],[-73.59309,5.42161],[-73.59314,5.42248],[-73.59544,5.42507],[-73.59673,5.42734],[-73.60048,5.43079],[-73.60007,5.43168],[-73.5986,5.43268],[-73.59759,5.43378],[-73.5965,5.43601],[-73.59816,5.43707],[-73.59971,5.43857],[-73.59936,5.43981],[-73.59838,5.44088],[-73.59903,5.44117],[-73.59907,5.44432],[-73.60068,5.4486],[-73.59954,5.45259],[-73.59899,5.45757],[-73.59956,5.45847],[-73.60087,5.45953],[-73.60069,5.46002],[-73.59717,5.46216],[-73.59483,5.46626],[-73.59406,5.4667],[-73.59332,5.46679],[-73.58987,5.46623],[-73.58754,5.46637],[-73.58653,5.46667],[-73.58479,5.4685],[-73.5831,5.46845],[-73.5798,5.46781],[-73.57809,5.46672],[-73.57536,5.46785],[-73.57195,5.47105],[-73.56802,5.4784],[-73.56704,5.47769],[-73.56565,5.47568],[-73.56396,5.47645],[-73.56216,5.47673],[-73.55854,5.47817],[-73.55823,5.4797],[-73.55687,5.48096],[-73.55637,5.48243],[-73.55502,5.48374],[-73.55441,5.48494],[-73.55227,5.48737],[-73.55134,5.48899],[-73.54901,5.49082],[-73.54699,5.49161],[-73.54621,5.49286],[-73.54468,5.4943],[-73.54348,5.49477],[-73.54058,5.49533],[-73.53785,5.49773],[-73.53705,5.49798],[-73.53715,5.49859],[-73.53613,5.50027],[-73.53677,5.50027],[-73.54298,5.50375],[-73.5439,5.50412],[-73.54471,5.50411],[-73.54624,5.50498],[-73.54866,5.50454],[-73.55038,5.50691],[-73.55333,5.50744],[-73.55524,5.509],[-73.55724,5.50875],[-73.55847,5.50915],[-73.55863,5.51132],[-73.5582,5.51381],[-73.55896,5.51709],[-73.55854,5.51793],[-73.55666,5.51946],[-73.5547,5.52027],[-73.55376,5.52024],[-73.55131,5.5192],[-73.55086,5.5207],[-73.54994,5.52188],[-73.55211,5.52396],[-73.55565,5.52556],[-73.55527,5.5284],[-73.55583,5.53156],[-73.55571,5.53214],[-73.55599,5.53272],[-73.55645,5.53298],[-73.5565,5.53387],[-73.55728,5.53486],[-73.55784,5.53629],[-73.55821,5.53638],[-73.55852,5.53774],[-73.55941,5.53874],[-73.55965,5.53964],[-73.56089,5.54075],[-73.56116,5.54222],[-73.56154,5.54248],[-73.5614,5.5433],[-73.56294,5.54403],[-73.56291,5.54533],[-73.56339,5.54593],[-73.5635,5.54686],[-73.56455,5.54758],[-73.56448,5.54822],[-73.56596,5.54969],[-73.56772,5.54973],[-73.569,5.54924],[-73.56979,5.55061],[-73.57184,5.55162],[-73.57126,5.55253],[-73.57101,5.55492],[-73.57168,5.55657],[-73.57336,5.55881],[-73.57646,5.56024],[-73.57678,5.56068],[-73.57655,5.56112],[-73.5757,5.56114],[-73.57519,5.56159],[-73.57495,5.56138],[-73.57426,5.56191],[-73.57425,5.5623],[-73.57329,5.56354],[-73.57326,5.56407],[-73.57274,5.56483],[-73.57281,5.5656],[-73.57464,5.56878],[-73.5746,5.57031],[-73.57713,5.57486],[-73.57706,5.57541],[-73.57618,5.57671],[-73.57695,5.57862],[-73.57623,5.58],[-73.57556,5.58373],[-73.57623,5.58433],[-73.57617,5.58517],[-73.57766,5.58792],[-73.57823,5.58839],[-73.5798,5.58888],[-73.58032,5.58986]]]},"properties":{"DPTO_CCDGO":"15","MPIO_CCDGO":"600","DPTO_CNMBR":"BOYACÁ","MPIO_CNMBR":"RÁQUIRA","MPIO_NAREA":"220.666370281","Shape_Leng":"0.781180070095","Shape_Area":"0.0180066165742"}},{"type":"Feature","geometry":{"type":"Polygon","coordinates":[[[-73.12633,5.35734],[-73.12633,5.35841],[-73.13059,5.365],[-73.13073,5.36643],[-73.13121,5.36727],[-73.13212,5.36816],[-73.12932,5.37143],[-73.12786,5.37675],[-73.1236,5.38135],[-73.12127,5.38506],[-73.12682,5.38984],[-73.1273,5.39192],[-73.12963,5.39623],[-73.12971,5.39842],[-73.13064,5.40098],[-73.13205,5.40274],[-73.13364,5.40351],[-73.13412,5.40557],[-73.13639,5.40659],[-73.13948,5.41075],[-73.14146,5.41207],[-73.14173,5.41296],[-73.14133,5.41409],[-73.13923,5.41713],[-73.13888,5.41985],[-73.13783,5.42427],[-73.13504,5.42683],[-73.13249,5.43083],[-73.1304,5.43855],[-73.12954,5.44007],[-73.12906,5.44209],[-73.12796,5.44404],[-73.12727,5.44699],[-73.12616,5.4479],[-73.12569,5.44898],[-73.12483,5.45002],[-73.1249,5.45327],[-73.124,5.45494],[-73.12395,5.45572],[-73.12409,5.45633],[-73.12616,5.45853],[-73.12756,5.45898],[-73.12906,5.45857],[-73.12958,5.45906],[-73.13093,5.46471],[-73.13133,5.4652],[-73.13285,5.46537],[-73.13388,5.46857],[-73.13676,5.4703],[-73.13829,5.4721],[-73.13897,5.47373],[-73.14002,5.47506],[-73.14402,5.47701],[-73.14499,5.47722],[-73.14615,5.47796],[-73.14726,5.4813],[-73.14729,5.48205],[-73.14729,5.48205],[-73.14845,5.48103],[-73.14973,5.48041],[-73.15266,5.47993],[-73.15365,5.47932],[-73.15449,5.47923],[-73.15669,5.47989],[-73.16385,5.47939],[-73.16615,5.47666],[-73.16685,5.47544],[-73.16799,5.47502],[-73.17068,5.47217],[-73.17161,5.46986],[-73.17295,5.46905],[-73.1742,5.46775],[-73.1747,5.46749],[-73.17662,5.46744],[-73.18032,5.46548],[-73.18252,5.4656],[-73.18545,5.46537],[-73.18628,5.46555],[-73.18658,5.46505],[-73.18649,5.46377],[-73.18676,5.46356],[-73.18822,5.46377],[-73.18882,5.46352],[-73.18952,5.46286],[-73.19022,5.46156],[-73.19444,5.45855],[-73.19591,5.45812],[-73.19852,5.45674],[-73.20415,5.45685],[-73.206,5.45502],[-73.20644,5.45406],[-73.20827,5.45333],[-73.21001,5.44965],[-73.2118,5.44726],[-73.21399,5.44641],[-73.21511,5.44565],[-73.21568,5.44483],[-73.21609,5.44373],[-73.21608,5.44326],[-73.21533,5.44206],[-73.21567,5.44021],[-73.21623,5.4392],[-73.21613,5.43787],[-73.21591,5.43712],[-73.21338,5.43391],[-73.21218,5.4284],[-73.21204,5.42617],[-73.21346,5.42488],[-73.21412,5.4231],[-73.21627,5.41921],[-73.21791,5.41803],[-73.21787,5.41608],[-73.22101,5.41458],[-73.22116,5.41404],[-73.22037,5.41163],[-73.22041,5.40998],[-73.22199,5.40691],[-73.22318,5.40616],[-73.22555,5.40387],[-73.22613,5.40248],[-73.22639,5.4006],[-73.22686,5.39995],[-73.23135,5.39939],[-73.23352,5.3984],[-73.23411,5.39781],[-73.2343,5.39707],[-73.23409,5.39641],[-73.23289,5.39499],[-73.23173,5.3943],[-73.23157,5.39378],[-73.23202,5.39283],[-73.23403,5.38995],[-73.23483,5.38971],[-73.23793,5.38983],[-73.23812,5.38945],[-73.23696,5.38651],[-73.23746,5.38509],[-73.23924,5.38271],[-73.23997,5.38216],[-73.24174,5.38157],[-73.24243,5.37779],[-73.243,5.37668],[-73.24735,5.37216],[-73.24946,5.3715],[-73.25097,5.37058],[-73.25137,5.36935],[-73.25265,5.36821],[-73.25375,5.36813],[-73.25629,5.36913],[-73.25729,5.36809],[-73.26037,5.36678],[-73.26355,5.36393],[-73.26548,5.36272],[-73.26895,5.35977],[-73.27378,5.35654],[-73.27476,5.35525],[-73.27595,5.35487],[-73.27694,5.35504],[-73.27962,5.35379],[-73.28226,5.35208],[-73.28382,5.35064],[-73.28492,5.35067],[-73.28561,5.3497],[-73.28686,5.3483],[-73.28692,5.34262],[-73.28669,5.34019],[-73.28391,5.33852],[-73.28331,5.33739],[-73.28334,5.33527],[-73.28217,5.33296],[-73.28163,5.33071],[-73.28164,5.32767],[-73.28249,5.32588],[-73.28235,5.32468],[-73.27984,5.32345],[-73.27716,5.32293],[-73.27641,5.32319],[-73.27461,5.3248],[-73.2735,5.32501],[-73.27274,5.32488],[-73.27085,5.32392],[-73.26981,5.32216],[-73.2689,5.32203],[-73.2656,5.32286],[-73.26481,5.32285],[-73.26316,5.32223],[-73.26422,5.32023],[-73.27006,5.31263],[-73.2732,5.30804],[-73.27542,5.30567],[-73.27591,5.30475],[-73.27612,5.30311],[-73.27599,5.30228],[-73.27532,5.30099],[-73.27273,5.29908],[-73.26967,5.30039],[-73.26891,5.29931],[-73.26864,5.29814],[-73.26814,5.29731],[-73.26683,5.29593],[-73.26463,5.29425],[-73.26202,5.29313],[-73.2596,5.29153],[-73.26264,5.29014],[-73.26562,5.28728],[-73.26073,5.28771],[-73.25464,5.28768],[-73.24627,5.28811],[-73.24319,5.28798],[-73.23827,5.28534],[-73.23363,5.28512],[-73.23094,5.28709],[-73.2287,5.29113],[-73.22764,5.29234],[-73.22617,5.29336],[-73.22497,5.29367],[-73.22449,5.29566],[-73.22129,5.29878],[-73.21994,5.30071],[-73.21553,5.30449],[-73.21365,5.30532],[-73.20763,5.30965],[-73.20364,5.31437],[-73.20144,5.31608],[-73.2003,5.31662],[-73.19682,5.31753],[-73.19625,5.31699],[-73.19542,5.3167],[-73.19437,5.31673],[-73.19237,5.31728],[-73.19109,5.31714],[-73.18794,5.32034],[-73.18518,5.32076],[-73.18427,5.32191],[-73.18543,5.32178],[-73.18615,5.32233],[-73.18775,5.32268],[-73.18787,5.32332],[-73.18857,5.32396],[-73.18826,5.32536],[-73.18476,5.32939],[-73.18298,5.32982],[-73.17772,5.33479],[-73.17727,5.33767],[-73.17676,5.33914],[-73.17484,5.33922],[-73.17315,5.33893],[-73.17018,5.33999],[-73.16433,5.34431],[-73.15938,5.34961],[-73.15786,5.35078],[-73.15608,5.35067],[-73.1535,5.35109],[-73.15012,5.35008],[-73.14877,5.35011],[-73.14636,5.34954],[-73.14544,5.34911],[-73.14459,5.34846],[-73.1431,5.34628],[-73.14169,5.34242],[-73.14113,5.3427],[-73.1401,5.34579],[-73.13814,5.34818],[-73.13653,5.34904],[-73.13486,5.34941],[-73.13416,5.34983],[-73.13316,5.35063],[-73.13065,5.35452],[-73.12769,5.35678],[-73.12633,5.35734]]]},"properties":{"DPTO_CCDGO":"15","MPIO_CCDGO":"621","DPTO_CNMBR":"BOYACÁ","MPIO_CNMBR":"RONDÓN","MPIO_NAREA":"206.363429672","Shape_Leng":"0.681104143547","Shape_Area":"0.0168333729805"}},{"type":"Feature","geometry":{"type":"Polygon","coordinates":[[[-73.65176,5.71239],[-73.65131,5.71394],[-73.65244,5.71593],[-73.65366,5.71687],[-73.65611,5.7199],[-73.65748,5.72109],[-73.65804,5.72073],[-73.659,5.72251],[-73.65898,5.72372],[-73.66074,5.72497],[-73.66269,5.72772],[-73.66373,5.72812],[-73.66408,5.72856],[-73.66444,5.72972],[-73.6662,5.73242],[-73.66619,5.73313],[-73.66703,5.73464],[-73.66695,5.73593],[-73.66763,5.7373],[-73.66769,5.73843],[-73.66864,5.7402],[-73.66941,5.74252],[-73.67037,5.74331],[-73.67122,5.74589],[-73.67233,5.74769],[-73.6729,5.74826],[-73.6752,5.74937],[-73.68052,5.75158],[-73.68149,5.75109],[-73.6843,5.75097],[-73.68482,5.75183],[-73.68568,5.75222],[-73.68784,5.75467],[-73.68862,5.75394],[-73.69215,5.75662],[-73.69336,5.75723],[-73.69378,5.75786],[-73.69422,5.75978],[-73.69605,5.76104],[-73.69697,5.7626],[-73.69745,5.76423],[-73.70004,5.76734],[-73.7012,5.76913],[-73.70163,5.76937],[-73.70217,5.7693],[-73.70241,5.76994],[-73.70333,5.7701],[-73.70362,5.77105],[-73.70589,5.77283],[-73.70579,5.77438],[-73.70937,5.77617],[-73.70957,5.77651],[-73.71067,5.77631],[-73.71131,5.77771],[-73.71215,5.77791],[-73.71275,5.77884],[-73.71265,5.77971],[-73.7145,5.78022],[-73.71438,5.7817],[-73.71588,5.78169],[-73.71636,5.78138],[-73.7159,5.77986],[-73.71716,5.77876],[-73.71736,5.77831],[-73.7172,5.77744],[-73.71815,5.77638],[-73.71791,5.77501],[-73.72034,5.77208],[-73.72147,5.77275],[-73.72325,5.7719],[-73.72497,5.77173],[-73.72574,5.77076],[-73.72672,5.77044],[-73.72737,5.77038],[-73.72797,5.77068],[-73.73046,5.77004],[-73.73171,5.77012],[-73.73448,5.77122],[-73.73592,5.77241],[-73.73686,5.77275],[-73.73807,5.77243],[-73.74045,5.77257],[-73.74176,5.77126],[-73.74319,5.77113],[-73.74402,5.77078],[-73.74553,5.77115],[-73.74627,5.77012],[-73.7471,5.77062],[-73.74776,5.77066],[-73.74901,5.76869],[-73.74981,5.76827],[-73.75128,5.76866],[-73.752,5.76945],[-73.7524,5.77057],[-73.75287,5.7709],[-73.75401,5.7711],[-73.7588,5.771],[-73.76035,5.77142],[-73.76151,5.77132],[-73.76271,5.77318],[-73.76361,5.77291],[-73.76592,5.77038],[-73.76655,5.76906],[-73.76769,5.76769],[-73.768,5.7668],[-73.77473,5.75724],[-73.77731,5.75467],[-73.77968,5.75115],[-73.78125,5.74783],[-73.78661,5.74284],[-73.78825,5.74206],[-73.7896,5.74066],[-73.79204,5.73272],[-73.79258,5.73183],[-73.79378,5.7307],[-73.79431,5.72942],[-73.79593,5.72795],[-73.79799,5.7276],[-73.80093,5.72591],[-73.80222,5.72553],[-73.80317,5.72467],[-73.80384,5.72451],[-73.80607,5.72174],[-73.80698,5.71975],[-73.80851,5.71826],[-73.80981,5.71763],[-73.8116,5.71552],[-73.81253,5.71497],[-73.81439,5.71494],[-73.81547,5.71539],[-73.81695,5.71513],[-73.81829,5.71534],[-73.81902,5.7148],[-73.81916,5.71537],[-73.82017,5.71605],[-73.82039,5.71657],[-73.81964,5.71837],[-73.81884,5.72157],[-73.81909,5.72396],[-73.81963,5.72525],[-73.81848,5.72711],[-73.81854,5.72777],[-73.81931,5.72927],[-73.81908,5.73227],[-73.81863,5.73425],[-73.81881,5.73638],[-73.81921,5.73748],[-73.82104,5.73817],[-73.82342,5.74041],[-73.82439,5.74056],[-73.82777,5.74034],[-73.83002,5.73925],[-73.83311,5.73979],[-73.83639,5.73986],[-73.83708,5.73975],[-73.83846,5.73852],[-73.83972,5.73837],[-73.84202,5.7365],[-73.84291,5.73657],[-73.84485,5.73418],[-73.84558,5.73362],[-73.84594,5.73371],[-73.84671,5.73266],[-73.84814,5.73238],[-73.85161,5.7282],[-73.85399,5.72641],[-73.85516,5.72616],[-73.85645,5.72624],[-73.85678,5.72273],[-73.85623,5.72116],[-73.85619,5.71979],[-73.85691,5.7173],[-73.85726,5.71668],[-73.85834,5.71577],[-73.8605,5.71216],[-73.86114,5.71151],[-73.86202,5.71103],[-73.86631,5.70983],[-73.87434,5.70801],[-73.88022,5.70755],[-73.88101,5.70349],[-73.88194,5.70215],[-73.88266,5.7004],[-73.88334,5.6946],[-73.88626,5.69002],[-73.88427,5.68972],[-73.88322,5.69004],[-73.8824,5.69],[-73.88189,5.69047],[-73.88133,5.69057],[-73.88013,5.69017],[-73.87911,5.69024],[-73.87835,5.69067],[-73.87519,5.69132],[-73.87448,5.69182],[-73.87363,5.69182],[-73.87329,5.69204],[-73.87318,5.69263],[-73.87269,5.69254],[-73.87231,5.69278],[-73.8702,5.69236],[-73.86816,5.69318],[-73.86569,5.69336],[-73.86458,5.6942],[-73.86387,5.69433],[-73.86376,5.69482],[-73.86316,5.69499],[-73.86312,5.6956],[-73.86231,5.69588],[-73.86214,5.69705],[-73.86176,5.69752],[-73.86189,5.69827],[-73.8623,5.69878],[-73.862,5.69933],[-73.86228,5.69948],[-73.86209,5.70003],[-73.86238,5.70031],[-73.8619,5.7006],[-73.86163,5.70156],[-73.86039,5.70235],[-73.86028,5.70324],[-73.85852,5.70547],[-73.85774,5.70742],[-73.85548,5.70775],[-73.85442,5.70831],[-73.85265,5.70823],[-73.84876,5.70901],[-73.84741,5.70874],[-73.84663,5.7081],[-73.84412,5.7077],[-73.84042,5.7055],[-73.83998,5.70492],[-73.84012,5.70339],[-73.83924,5.70288],[-73.83844,5.70284],[-73.83547,5.70354],[-73.83466,5.70432],[-73.83351,5.70461],[-73.8299,5.70263],[-73.83239,5.70028],[-73.83341,5.69873],[-73.83395,5.69712],[-73.8339,5.6968],[-73.83263,5.69593],[-73.83179,5.69357],[-73.83298,5.69],[-73.83354,5.68923],[-73.83361,5.68802],[-73.83504,5.68407],[-73.83543,5.68266],[-73.83513,5.68213],[-73.83546,5.68],[-73.83584,5.67952],[-73.83593,5.67859],[-73.83511,5.6771],[-73.83574,5.6754],[-73.83567,5.67443],[-73.836,5.67388],[-73.83608,5.67226],[-73.8357,5.66922],[-73.83515,5.66831],[-73.83488,5.66691],[-73.83409,5.66638],[-73.83305,5.6651],[-73.83102,5.66451],[-73.82992,5.66323],[-73.82779,5.66219],[-73.82669,5.66031],[-73.82583,5.6595],[-73.82521,5.65739],[-73.82429,5.65593],[-73.82392,5.65574],[-73.82324,5.65588],[-73.82294,5.65546],[-73.82244,5.65533],[-73.82036,5.65378],[-73.81895,5.65319],[-73.81693,5.6506],[-73.81682,5.64947],[-73.8163,5.64873],[-73.81656,5.64807],[-73.81616,5.64766],[-73.81486,5.64681],[-73.81426,5.64688],[-73.81411,5.64665],[-73.81202,5.64611],[-73.81233,5.64552],[-73.81178,5.6446],[-73.80995,5.64398],[-73.80939,5.64348],[-73.80872,5.6434],[-73.80841,5.64276],[-73.80676,5.6421],[-73.80591,5.64111],[-73.80511,5.64084],[-73.80364,5.64087],[-73.80271,5.64129],[-73.80236,5.64184],[-73.8012,5.64251],[-73.80009,5.64272],[-73.79779,5.64252],[-73.79688,5.64194],[-73.79379,5.64176],[-73.79042,5.63991],[-73.78874,5.63916],[-73.78769,5.63902],[-73.78651,5.6383],[-73.78514,5.63679],[-73.78511,5.63647],[-73.78568,5.63587],[-73.78323,5.63572],[-73.7823,5.63421],[-73.78169,5.6355],[-73.78128,5.63431],[-73.77986,5.63371],[-73.77945,5.63398],[-73.77903,5.63502],[-73.77907,5.63613],[-73.7795,5.63659],[-73.77925,5.637],[-73.77873,5.63679],[-73.77728,5.63511],[-73.77632,5.63587],[-73.77666,5.63692],[-73.77568,5.63659],[-73.77508,5.63594],[-73.77571,5.63482],[-73.77499,5.63444],[-73.77435,5.63488],[-73.77411,5.63556],[-73.77483,5.63681],[-73.77309,5.63674],[-73.77279,5.63711],[-73.77211,5.63725],[-73.77076,5.63689],[-73.76873,5.63748],[-73.76787,5.63732],[-73.76657,5.63795],[-73.7656,5.63802],[-73.76373,5.64008],[-73.76096,5.64109],[-73.76038,5.64154],[-73.75942,5.6417],[-73.75904,5.64192],[-73.75813,5.64359],[-73.7564,5.64437],[-73.75494,5.64465],[-73.75386,5.64561],[-73.75288,5.64583],[-73.75229,5.64651],[-73.75128,5.64573],[-73.75151,5.64486],[-73.75118,5.64377],[-73.74882,5.64265],[-73.7476,5.64264],[-73.74593,5.64306],[-73.74505,5.64254],[-73.74425,5.64313],[-73.74292,5.64225],[-73.742,5.64234],[-73.74137,5.64209],[-73.74081,5.64258],[-73.7407,5.6423],[-73.74039,5.64247],[-73.73985,5.64212],[-73.73857,5.64271],[-73.73683,5.64245],[-73.73553,5.64178],[-73.7327,5.63916],[-73.73095,5.63672],[-73.72934,5.63581],[-73.72847,5.63596],[-73.72635,5.63512],[-73.72575,5.63371],[-73.72517,5.63347],[-73.72381,5.63352],[-73.72233,5.63416],[-73.72131,5.63371],[-73.72067,5.63388],[-73.71855,5.63366],[-73.71662,5.63221],[-73.71448,5.63221],[-73.71105,5.63274],[-73.70953,5.6324],[-73.70821,5.63254],[-73.70636,5.63197],[-73.70592,5.63218],[-73.70529,5.63313],[-73.70421,5.6337],[-73.70185,5.63657],[-73.69877,5.63601],[-73.69822,5.63426],[-73.69735,5.63281],[-73.69568,5.62886],[-73.69523,5.62879],[-73.69328,5.62954],[-73.69181,5.62967],[-73.68955,5.62763],[-73.68882,5.62735],[-73.68786,5.62778],[-73.68605,5.62958],[-73.68352,5.63339],[-73.68175,5.63568],[-73.68075,5.63657],[-73.68063,5.6384],[-73.67834,5.64159],[-73.67763,5.64347],[-73.6773,5.65039],[-73.67616,5.65314],[-73.67538,5.65588],[-73.67273,5.65993],[-73.67081,5.66463],[-73.67031,5.66643],[-73.67034,5.67256],[-73.66964,5.67581],[-73.66793,5.67921],[-73.66685,5.67993],[-73.66195,5.68539],[-73.65997,5.68852],[-73.65876,5.68948],[-73.65652,5.69201],[-73.65322,5.70252],[-73.65194,5.70946],[-73.65176,5.71239]]]},"properties":{"DPTO_CCDGO":"15","MPIO_CCDGO":"632","DPTO_CNMBR":"BOYACÁ","MPIO_CNMBR":"SABOYÁ","MPIO_NAREA":"248.651960623","Shape_Leng":"0.792257111531","Shape_Area":"0.0202977191886"}},{"type":"Feature","geometry":{"type":"Polygon","coordinates":[[[-73.51625,5.60104],[-73.51883,5.6053],[-73.51979,5.60507],[-73.52285,5.60507],[-73.52385,5.60595],[-73.52402,5.6064],[-73.52503,5.60682],[-73.52612,5.60666],[-73.52654,5.60634],[-73.5268,5.60657],[-73.52745,5.60648],[-73.5285,5.60551],[-73.53039,5.60574],[-73.53178,5.60509],[-73.53243,5.6052],[-73.53389,5.60425],[-73.53442,5.60328],[-73.53501,5.60295],[-73.53549,5.60163],[-73.53699,5.60032],[-73.53755,5.60022],[-73.53789,5.59968],[-73.5409,5.59804],[-73.54261,5.59768],[-73.54378,5.59777],[-73.54416,5.59796],[-73.54422,5.59914],[-73.54521,5.59965],[-73.54732,5.59848],[-73.54765,5.59968],[-73.54831,5.60045],[-73.54977,5.60094],[-73.54883,5.60252],[-73.54888,5.60323],[-73.55072,5.60365],[-73.55188,5.60354],[-73.55268,5.60441],[-73.5519,5.605],[-73.55181,5.60554],[-73.55137,5.60599],[-73.55032,5.60657],[-73.55015,5.6072],[-73.55109,5.60766],[-73.55245,5.60784],[-73.55292,5.60865],[-73.55343,5.609],[-73.55368,5.60985],[-73.55509,5.60999],[-73.5567,5.60957],[-73.55745,5.60972],[-73.5584,5.61172],[-73.56036,5.61198],[-73.56076,5.61301],[-73.56076,5.6152],[-73.56132,5.61536],[-73.56215,5.61513],[-73.56233,5.61571],[-73.56288,5.61606],[-73.56306,5.61674],[-73.56354,5.6172],[-73.56352,5.61801],[-73.56411,5.6187],[-73.56371,5.62305],[-73.5641,5.62371],[-73.56468,5.62401],[-73.56502,5.62347],[-73.56554,5.62373],[-73.56542,5.626],[-73.56529,5.62674],[-73.56459,5.62733],[-73.56393,5.62892],[-73.5617,5.63215],[-73.56351,5.63199],[-73.56554,5.63237],[-73.56907,5.63156],[-73.57222,5.63177],[-73.57766,5.6311],[-73.57907,5.6304],[-73.58198,5.62795],[-73.58191,5.62721],[-73.58097,5.62682],[-73.58027,5.62529],[-73.58125,5.62509],[-73.58149,5.62463],[-73.57987,5.62187],[-73.58012,5.61964],[-73.57941,5.61819],[-73.57975,5.61724],[-73.57966,5.61648],[-73.57998,5.61603],[-73.57976,5.61591],[-73.57935,5.61626],[-73.57895,5.61581],[-73.57937,5.61424],[-73.57802,5.6118],[-73.57844,5.61129],[-73.5786,5.60697],[-73.57903,5.60533],[-73.57832,5.6038],[-73.57747,5.60336],[-73.57679,5.60248],[-73.5773,5.60016],[-73.5788,5.5988],[-73.57911,5.5982],[-73.57951,5.59625],[-73.57952,5.59288],[-73.58032,5.58986],[-73.5798,5.58888],[-73.57823,5.58839],[-73.57766,5.58792],[-73.57617,5.58517],[-73.57623,5.58433],[-73.57556,5.58373],[-73.57623,5.58],[-73.57695,5.57862],[-73.57618,5.57671],[-73.57706,5.57541],[-73.57713,5.57486],[-73.5746,5.57031],[-73.57464,5.56878],[-73.57281,5.5656],[-73.57274,5.56483],[-73.57326,5.56407],[-73.57329,5.56354],[-73.57425,5.5623],[-73.57426,5.56191],[-73.57495,5.56138],[-73.57519,5.56159],[-73.5757,5.56114],[-73.57655,5.56112],[-73.57678,5.56068],[-73.57646,5.56024],[-73.57336,5.55881],[-73.57168,5.55657],[-73.57101,5.55492],[-73.57126,5.55253],[-73.57184,5.55162],[-73.56979,5.55061],[-73.569,5.54924],[-73.56772,5.54973],[-73.56596,5.54969],[-73.56448,5.54822],[-73.56455,5.54758],[-73.5635,5.54686],[-73.56339,5.54593],[-73.56291,5.54533],[-73.56294,5.54403],[-73.5614,5.5433],[-73.56154,5.54248],[-73.56116,5.54222],[-73.56089,5.54075],[-73.55965,5.53964],[-73.55941,5.53874],[-73.55852,5.53774],[-73.55821,5.53638],[-73.55784,5.53629],[-73.55728,5.53486],[-73.5565,5.53387],[-73.55645,5.53298],[-73.55599,5.53272],[-73.55571,5.53214],[-73.55583,5.53156],[-73.55527,5.5284],[-73.55565,5.52556],[-73.55211,5.52396],[-73.54994,5.52188],[-73.54672,5.52448],[-73.54401,5.52743],[-73.53534,5.53075],[-73.53163,5.53063],[-73.53009,5.53133],[-73.52949,5.53203],[-73.5279,5.53281],[-73.52316,5.53363],[-73.52154,5.53325],[-73.52039,5.5338],[-73.51925,5.53397],[-73.51767,5.53381],[-73.51727,5.53353],[-73.51675,5.53434],[-73.51651,5.53556],[-73.51558,5.53592],[-73.51397,5.53852],[-73.51304,5.53917],[-73.51311,5.54],[-73.51248,5.54076],[-73.51163,5.54074],[-73.51099,5.54152],[-73.51023,5.54123],[-73.50945,5.54209],[-73.50963,5.54282],[-73.50891,5.54354],[-73.50855,5.54559],[-73.50876,5.54626],[-73.50845,5.54697],[-73.507,5.54847],[-73.50688,5.54948],[-73.50603,5.54953],[-73.50538,5.55083],[-73.50491,5.55092],[-73.50425,5.55295],[-73.50113,5.55527],[-73.50064,5.55699],[-73.49952,5.55798],[-73.4989,5.5595],[-73.49912,5.56054],[-73.49995,5.56139],[-73.49908,5.56236],[-73.49843,5.56429],[-73.49963,5.56546],[-73.50002,5.56672],[-73.50095,5.56704],[-73.50145,5.56764],[-73.502,5.57019],[-73.50172,5.57051],[-73.50213,5.57146],[-73.50193,5.5722],[-73.5026,5.57283],[-73.50226,5.57386],[-73.50314,5.5748],[-73.50272,5.57716],[-73.50467,5.57853],[-73.50539,5.57858],[-73.50617,5.57946],[-73.50736,5.57977],[-73.50874,5.5813],[-73.51029,5.582],[-73.51058,5.58285],[-73.51191,5.58306],[-73.51197,5.58448],[-73.51253,5.58545],[-73.51211,5.58611],[-73.51237,5.58694],[-73.51193,5.58787],[-73.51323,5.58997],[-73.51284,5.59071],[-73.51301,5.59132],[-73.51198,5.59111],[-73.51114,5.59253],[-73.51046,5.59323],[-73.51006,5.59326],[-73.51125,5.59644],[-73.51127,5.59735],[-73.51076,5.59829],[-73.51107,5.5995],[-73.51268,5.60055],[-73.51625,5.60104]]]},"properties":{"DPTO_CCDGO":"15","MPIO_CCDGO":"638","DPTO_CNMBR":"BOYACÁ","MPIO_CNMBR":"SÁCHICA","MPIO_NAREA":"63.9272582918","Shape_Leng":"0.386354549454","Shape_Area":"0.00521706467886"}},{"type":"Feature","geometry":{"type":"Polygon","coordinates":[[[-73.49072,5.54898],[-73.49082,5.54947],[-73.49041,5.55024],[-73.49045,5.55164],[-73.49247,5.55313],[-73.49372,5.55333],[-73.49414,5.55445],[-73.49473,5.55469],[-73.49575,5.55762],[-73.4976,5.55835],[-73.49795,5.55899],[-73.4989,5.5595],[-73.49952,5.55798],[-73.50064,5.55699],[-73.50113,5.55527],[-73.50425,5.55295],[-73.50491,5.55092],[-73.50538,5.55083],[-73.50603,5.54953],[-73.50688,5.54948],[-73.507,5.54847],[-73.50845,5.54697],[-73.50876,5.54626],[-73.50855,5.54559],[-73.50891,5.54354],[-73.50963,5.54282],[-73.50945,5.54209],[-73.51023,5.54123],[-73.51099,5.54152],[-73.51163,5.54074],[-73.51248,5.54076],[-73.51311,5.54],[-73.51304,5.53917],[-73.51397,5.53852],[-73.51558,5.53592],[-73.51651,5.53556],[-73.51675,5.53434],[-73.51727,5.53353],[-73.51767,5.53381],[-73.51925,5.53397],[-73.52039,5.5338],[-73.52154,5.53325],[-73.52316,5.53363],[-73.5279,5.53281],[-73.52949,5.53203],[-73.53009,5.53133],[-73.53163,5.53063],[-73.53534,5.53075],[-73.54401,5.52743],[-73.54672,5.52448],[-73.54994,5.52188],[-73.55086,5.5207],[-73.55131,5.5192],[-73.55376,5.52024],[-73.5547,5.52027],[-73.55666,5.51946],[-73.55854,5.51793],[-73.55896,5.51709],[-73.5582,5.51381],[-73.55863,5.51132],[-73.55847,5.50915],[-73.55724,5.50875],[-73.55524,5.509],[-73.55333,5.50744],[-73.55038,5.50691],[-73.54866,5.50454],[-73.54624,5.50498],[-73.54471,5.50411],[-73.5439,5.50412],[-73.54298,5.50375],[-73.53677,5.50027],[-73.53613,5.50027],[-73.53715,5.49859],[-73.53705,5.49798],[-73.53785,5.49773],[-73.54058,5.49533],[-73.54348,5.49477],[-73.54468,5.4943],[-73.54621,5.49286],[-73.54699,5.49161],[-73.54901,5.49082],[-73.55134,5.48899],[-73.55227,5.48737],[-73.55441,5.48494],[-73.55502,5.48374],[-73.55637,5.48243],[-73.55687,5.48096],[-73.55823,5.4797],[-73.55854,5.47817],[-73.56216,5.47673],[-73.56396,5.47645],[-73.56565,5.47568],[-73.56704,5.47769],[-73.56802,5.4784],[-73.57195,5.47105],[-73.57536,5.46785],[-73.57809,5.46672],[-73.5798,5.46781],[-73.5831,5.46845],[-73.58479,5.4685],[-73.58653,5.46667],[-73.58754,5.46637],[-73.58987,5.46623],[-73.59332,5.46679],[-73.59406,5.4667],[-73.59483,5.46626],[-73.59717,5.46216],[-73.60069,5.46002],[-73.60087,5.45953],[-73.59956,5.45847],[-73.59899,5.45757],[-73.59954,5.45259],[-73.60068,5.4486],[-73.59907,5.44432],[-73.59903,5.44117],[-73.59838,5.44088],[-73.59936,5.43981],[-73.59971,5.43857],[-73.59816,5.43707],[-73.5965,5.43601],[-73.59759,5.43378],[-73.5986,5.43268],[-73.60007,5.43168],[-73.60048,5.43079],[-73.59673,5.42734],[-73.59544,5.42507],[-73.59314,5.42248],[-73.59309,5.42161],[-73.59366,5.42071],[-73.59538,5.41972],[-73.59656,5.41701],[-73.59719,5.41653],[-73.60107,5.41693],[-73.60399,5.41572],[-73.60509,5.4146],[-73.60654,5.41368],[-73.608,5.41313],[-73.61027,5.41294],[-73.61527,5.41015],[-73.61676,5.40686],[-73.61811,5.4055],[-73.6185,5.40475],[-73.61748,5.40435],[-73.6158,5.40476],[-73.61331,5.40489],[-73.61198,5.40533],[-73.61003,5.40473],[-73.60797,5.4035],[-73.60483,5.4038],[-73.60257,5.40277],[-73.59929,5.40233],[-73.59796,5.40164],[-73.59764,5.40109],[-73.5963,5.4011],[-73.59507,5.40079],[-73.59423,5.40029],[-73.59256,5.39844],[-73.59066,5.39828],[-73.5889,5.39854],[-73.58671,5.39979],[-73.58485,5.4027],[-73.58375,5.4035],[-73.58105,5.40476],[-73.57953,5.40482],[-73.57767,5.40626],[-73.57657,5.40644],[-73.57571,5.40691],[-73.5727,5.40625],[-73.57078,5.40763],[-73.56854,5.40644],[-73.56363,5.40525],[-73.56199,5.40449],[-73.56129,5.40461],[-73.55939,5.40584],[-73.55895,5.40595],[-73.55777,5.40535],[-73.55718,5.40604],[-73.55603,5.40607],[-73.55395,5.4068],[-73.55222,5.40855],[-73.55168,5.4099],[-73.54975,5.4114],[-73.54704,5.41481],[-73.54372,5.41811],[-73.54182,5.41961],[-73.54146,5.42069],[-73.54023,5.42033],[-73.53909,5.41964],[-73.53766,5.41929],[-73.53646,5.41984],[-73.53314,5.4229],[-73.53052,5.42455],[-73.52704,5.4241],[-73.5265,5.42321],[-73.5257,5.42326],[-73.52253,5.4219],[-73.52135,5.42324],[-73.52009,5.42381],[-73.5169,5.42629],[-73.51499,5.42851],[-73.51395,5.42919],[-73.51274,5.42967],[-73.51035,5.42938],[-73.50956,5.42902],[-73.50855,5.42908],[-73.50726,5.43023],[-73.50513,5.43078],[-73.50275,5.43276],[-73.50086,5.43367],[-73.50071,5.43436],[-73.49942,5.43651],[-73.49905,5.43637],[-73.49804,5.43692],[-73.49779,5.43771],[-73.49728,5.43782],[-73.49706,5.43848],[-73.49636,5.43875],[-73.49354,5.43895],[-73.49417,5.43734],[-73.4936,5.43674],[-73.49308,5.43737],[-73.49311,5.43775],[-73.49275,5.43792],[-73.49282,5.43835],[-73.49253,5.43881],[-73.49164,5.43775],[-73.48813,5.43573],[-73.48684,5.4338],[-73.48599,5.43346],[-73.48461,5.43217],[-73.4823,5.42857],[-73.48024,5.42818],[-73.47819,5.42671],[-73.47721,5.42698],[-73.47364,5.43055],[-73.47323,5.4314],[-73.47301,5.4332],[-73.47252,5.4341],[-73.47025,5.43664],[-73.46711,5.43872],[-73.46583,5.43912],[-73.46277,5.44204],[-73.46067,5.44475],[-73.45748,5.44794],[-73.4554,5.45116],[-73.45483,5.45272],[-73.45447,5.45605],[-73.45381,5.45731],[-73.45051,5.46154],[-73.4483,5.4672],[-73.44727,5.46908],[-73.4461,5.46997],[-73.44483,5.47175],[-73.44362,5.47286],[-73.44111,5.47453],[-73.43916,5.4765],[-73.43823,5.47783],[-73.43752,5.47831],[-73.43698,5.47903],[-73.43687,5.48083],[-73.4364,5.48173],[-73.43232,5.48587],[-73.44352,5.4917],[-73.44461,5.49203],[-73.44554,5.49299],[-73.44802,5.49401],[-73.45094,5.49595],[-73.4521,5.49622],[-73.45349,5.49696],[-73.455,5.49682],[-73.45645,5.4977],[-73.45519,5.49856],[-73.45395,5.50015],[-73.45303,5.50233],[-73.45396,5.50453],[-73.45437,5.50488],[-73.45515,5.50755],[-73.45572,5.50797],[-73.45661,5.50962],[-73.45677,5.51482],[-73.45757,5.51561],[-73.45764,5.51629],[-73.45929,5.51663],[-73.46022,5.5161],[-73.46221,5.51585],[-73.46261,5.51553],[-73.46422,5.51622],[-73.4653,5.51593],[-73.46598,5.51706],[-73.46683,5.51765],[-73.46753,5.51864],[-73.4692,5.5188],[-73.47015,5.51965],[-73.47037,5.52035],[-73.47254,5.52129],[-73.47701,5.52473],[-73.48239,5.53042],[-73.48328,5.53067],[-73.48591,5.53006],[-73.48613,5.53222],[-73.48886,5.53399],[-73.49136,5.53519],[-73.4905,5.5436],[-73.4901,5.54491],[-73.4905,5.54567],[-73.49048,5.54633],[-73.48981,5.54746],[-73.49072,5.54898]]]},"properties":{"DPTO_CCDGO":"15","MPIO_CCDGO":"646","DPTO_CNMBR":"BOYACÁ","MPIO_CNMBR":"SAMACÁ","MPIO_NAREA":"167.586236803","Shape_Leng":"0.66334884505","Shape_Area":"0.0136741953679"}},{"type":"Feature","geometry":{"type":"Polygon","coordinates":[[[-73.01006,5.21452],[-73.01009,5.21581],[-73.00739,5.22123],[-73.00566,5.22685],[-73.00428,5.22844],[-73.00023,5.23786],[-72.99604,5.24338],[-72.99541,5.24463],[-72.99505,5.24795],[-72.99504,5.25294],[-72.99549,5.25521],[-72.99724,5.25828],[-72.99844,5.25921],[-72.99978,5.25951],[-73.00541,5.25977],[-73.00782,5.26029],[-73.00962,5.26106],[-73.01147,5.26247],[-73.01498,5.26649],[-73.01584,5.26779],[-73.01709,5.27102],[-73.01953,5.27368],[-73.0231,5.27838],[-73.02743,5.28546],[-73.02847,5.28772],[-73.02882,5.28939],[-73.02885,5.29339],[-73.02805,5.29992],[-73.04096,5.30938],[-73.04202,5.31075],[-73.04161,5.31244],[-73.0441,5.31077],[-73.04507,5.30959],[-73.04714,5.30842],[-73.04838,5.30804],[-73.05189,5.30743],[-73.0551,5.30799],[-73.05803,5.3081],[-73.05882,5.30754],[-73.05882,5.30551],[-73.06031,5.30275],[-73.0611,5.30202],[-73.06388,5.30057],[-73.06448,5.29186],[-73.06472,5.29116],[-73.06455,5.2903],[-73.06488,5.28971],[-73.0655,5.28442],[-73.06643,5.28279],[-73.06669,5.28052],[-73.06698,5.28012],[-73.06707,5.27753],[-73.06679,5.27614],[-73.06622,5.27506],[-73.06633,5.27403],[-73.06741,5.27204],[-73.06739,5.27107],[-73.06812,5.26978],[-73.06977,5.26764],[-73.07036,5.26725],[-73.07101,5.26357],[-73.07347,5.25974],[-73.07587,5.25833],[-73.0784,5.25781],[-73.0804,5.25581],[-73.08152,5.25577],[-73.0833,5.25518],[-73.08394,5.25361],[-73.08595,5.25179],[-73.08641,5.25064],[-73.08872,5.24891],[-73.09122,5.2477],[-73.09261,5.24746],[-73.09446,5.24513],[-73.09664,5.2442],[-73.09725,5.24326],[-73.10143,5.24065],[-73.10167,5.2401],[-73.10165,5.23847],[-73.101,5.23511],[-73.10102,5.23315],[-73.1016,5.23124],[-73.10252,5.23025],[-73.10393,5.22761],[-73.10406,5.22644],[-73.10383,5.22521],[-73.10407,5.22404],[-73.10422,5.22371],[-73.10584,5.22268],[-73.10594,5.22224],[-73.10448,5.22178],[-73.10495,5.22082],[-73.1032,5.21841],[-73.10356,5.21805],[-73.10165,5.20977],[-73.10071,5.20974],[-73.10004,5.20868],[-73.09744,5.20761],[-73.09475,5.20502],[-73.09236,5.2036],[-73.09177,5.20438],[-73.08912,5.20328],[-73.08923,5.20235],[-73.08469,5.20182],[-73.0839,5.20202],[-73.08377,5.20173],[-73.08422,5.20057],[-73.08038,5.20148],[-73.08006,5.20073],[-73.08007,5.19982],[-73.07781,5.19589],[-73.07771,5.19686],[-73.07713,5.1973],[-73.07521,5.19776],[-73.07396,5.19762],[-73.07267,5.19639],[-73.07274,5.19557],[-73.07136,5.19275],[-73.07161,5.19089],[-73.07111,5.18957],[-73.06971,5.18739],[-73.06647,5.18582],[-73.0725,5.16894],[-73.07111,5.16912],[-73.07003,5.16878],[-73.06497,5.16379],[-73.06366,5.16294],[-73.06021,5.16289],[-73.05919,5.16192],[-73.05757,5.1614],[-73.05644,5.16188],[-73.05434,5.16386],[-73.0531,5.16369],[-73.05116,5.16472],[-73.04566,5.1668],[-73.04198,5.16944],[-73.03902,5.17087],[-73.03486,5.17352],[-73.03296,5.17567],[-73.03032,5.1799],[-73.02909,5.18329],[-73.02904,5.18591],[-73.02827,5.18766],[-73.02406,5.19355],[-73.02123,5.19874],[-73.01923,5.20161],[-73.01734,5.20529],[-73.01172,5.21297],[-73.01006,5.21452]]]},"properties":{"DPTO_CCDGO":"15","MPIO_CCDGO":"660","DPTO_CNMBR":"BOYACÁ","MPIO_CNMBR":"SAN EDUARDO","MPIO_NAREA":"109.469601767","Shape_Leng":"0.434471028394","Shape_Area":"0.00892678699873"}},{"type":"Feature","geometry":{"type":"Polygon","coordinates":[[[-73.5319,6.04919],[-73.5325,6.04924],[-73.53371,6.05066],[-73.53439,6.05022],[-73.53511,6.0484],[-73.53575,6.04437],[-73.53692,6.04263],[-73.537,6.04204],[-73.53829,6.04153],[-73.53922,6.04027],[-73.53965,6.03742],[-73.54067,6.03716],[-73.54151,6.03587],[-73.54296,6.03527],[-73.54851,6.03157],[-73.54997,6.03113],[-73.55478,6.03049],[-73.557,6.02944],[-73.55866,6.02976],[-73.55927,6.02943],[-73.55954,6.02901],[-73.55902,6.02718],[-73.55919,6.02624],[-73.56009,6.0251],[-73.56177,6.02368],[-73.56303,6.02156],[-73.56448,6.0204],[-73.56552,6.01831],[-73.56777,6.0172],[-73.56945,6.01587],[-73.57058,6.01576],[-73.57207,6.01458],[-73.57285,6.01433],[-73.57462,6.01482],[-73.5752,6.01469],[-73.57756,6.01355],[-73.58199,6.01199],[-73.58218,6.01163],[-73.58168,6.01031],[-73.58193,6.00967],[-73.5824,6.0093],[-73.58392,6.0089],[-73.58479,6.00819],[-73.58599,6.00632],[-73.58723,5.99929],[-73.58824,5.99746],[-73.58777,5.99466],[-73.58903,5.99257],[-73.58858,5.98935],[-73.58937,5.98846],[-73.59131,5.9872],[-73.59152,5.98679],[-73.59142,5.98593],[-73.59015,5.98417],[-73.59196,5.98032],[-73.59185,5.97931],[-73.59134,5.97819],[-73.59188,5.97569],[-73.5918,5.97356],[-73.59114,5.97088],[-73.5905,5.96966],[-73.59051,5.96872],[-73.59086,5.96542],[-73.59337,5.96124],[-73.59324,5.95943],[-73.59237,5.95904],[-73.59108,5.96055],[-73.59015,5.96073],[-73.58963,5.96048],[-73.58973,5.95823],[-73.58912,5.9571],[-73.58868,5.95533],[-73.58929,5.95317],[-73.58908,5.95273],[-73.58831,5.95228],[-73.58608,5.95397],[-73.58551,5.95386],[-73.58524,5.95329],[-73.58463,5.95332],[-73.58381,5.95471],[-73.58318,5.95527],[-73.58261,5.95536],[-73.58152,5.95484],[-73.58095,5.95491],[-73.57997,5.9568],[-73.57928,5.95731],[-73.57861,5.95716],[-73.57774,5.95625],[-73.57633,5.95646],[-73.576,5.95728],[-73.57543,5.95745],[-73.57479,5.95634],[-73.57438,5.9561],[-73.5731,5.95672],[-73.57122,5.95605],[-73.57067,5.95609],[-73.56949,5.95722],[-73.5679,5.95595],[-73.56527,5.95589],[-73.5643,5.95555],[-73.5631,5.95378],[-73.56227,5.95374],[-73.56101,5.95272],[-73.55998,5.95228],[-73.55704,5.9519],[-73.55552,5.95215],[-73.55351,5.95079],[-73.55255,5.95044],[-73.551,5.95084],[-73.54987,5.95069],[-73.54946,5.9519],[-73.54978,5.95254],[-73.54645,5.95291],[-73.54575,5.95321],[-73.54557,5.95341],[-73.54581,5.95421],[-73.54508,5.9543],[-73.54527,5.95476],[-73.54467,5.95531],[-73.54477,5.95572],[-73.54239,5.95652],[-73.54143,5.95717],[-73.53905,5.95768],[-73.53492,5.95948],[-73.53265,5.96086],[-73.5291,5.96464],[-73.52723,5.96604],[-73.52628,5.96646],[-73.52523,5.96761],[-73.52387,5.96834],[-73.52415,5.96979],[-73.52215,5.97116],[-73.51937,5.97209],[-73.51856,5.97202],[-73.51785,5.97163],[-73.51468,5.97212],[-73.51337,5.97159],[-73.51029,5.9743],[-73.51001,5.97522],[-73.50463,5.97755],[-73.50399,5.97828],[-73.50292,5.98071],[-73.5019,5.98208],[-73.49832,5.98387],[-73.49711,5.98505],[-73.49604,5.98692],[-73.49482,5.98904],[-73.49206,5.99185],[-73.48825,5.99703],[-73.48641,6.00023],[-73.48598,6.00165],[-73.48912,6.00199],[-73.49057,6.00176],[-73.49225,6.00328],[-73.49484,6.00509],[-73.49447,6.00546],[-73.49502,6.00601],[-73.49532,6.00696],[-73.49493,6.00929],[-73.49663,6.01142],[-73.49792,6.01218],[-73.49921,6.01349],[-73.50008,6.01669],[-73.50158,6.01817],[-73.50195,6.01948],[-73.50374,6.02023],[-73.50542,6.02167],[-73.50639,6.02418],[-73.50805,6.02602],[-73.50928,6.02569],[-73.51144,6.02594],[-73.51196,6.02626],[-73.51442,6.02625],[-73.51529,6.02721],[-73.51573,6.02841],[-73.51757,6.02939],[-73.51817,6.0293],[-73.51843,6.02831],[-73.51929,6.02826],[-73.52018,6.02867],[-73.52048,6.02969],[-73.52124,6.03066],[-73.52071,6.03281],[-73.52115,6.03394],[-73.52151,6.0343],[-73.52264,6.03463],[-73.52277,6.03547],[-73.52317,6.03609],[-73.52484,6.03626],[-73.52628,6.03793],[-73.52641,6.03948],[-73.52704,6.04056],[-73.52958,6.04193],[-73.53,6.04341],[-73.53084,6.045],[-73.5312,6.04725],[-73.53195,6.0481],[-73.5319,6.04919]]]},"properties":{"DPTO_CCDGO":"15","MPIO_CCDGO":"664","DPTO_CNMBR":"BOYACÁ","MPIO_CNMBR":"SAN JOSÉ DE PARE","MPIO_NAREA":"74.4035503125","Shape_Leng":"0.362712231281","Shape_Area":"0.00607642809878"}},{"type":"Feature","geometry":{"type":"Polygon","coordinates":[[[-73.02887,4.9921],[-73.02999,4.99188],[-73.03139,4.99019],[-73.03626,4.98793],[-73.03728,4.98794],[-73.03833,4.98947],[-73.03912,4.98917],[-73.03995,4.9893],[-73.04039,4.98864],[-73.04093,4.98861],[-73.04139,4.98824],[-73.04233,4.98829],[-73.04471,4.98962],[-73.04556,4.98985],[-73.0471,4.98967],[-73.05042,4.99095],[-73.05283,4.99356],[-73.05363,4.99525],[-73.05656,4.99753],[-73.05808,4.99343],[-73.05991,4.99126],[-73.06157,4.98791],[-73.06355,4.98609],[-73.0639,4.98536],[-73.06486,4.9845],[-73.06615,4.98413],[-73.06692,4.98307],[-73.06816,4.98251],[-73.06918,4.98126],[-73.07085,4.98007],[-73.07657,4.97894],[-73.07779,4.97787],[-73.07912,4.97368],[-73.07998,4.97227],[-73.08082,4.97153],[-73.08238,4.97078],[-73.08525,4.97019],[-73.0865,4.96953],[-73.08842,4.96788],[-73.09121,4.9667],[-73.09492,4.96417],[-73.0959,4.96309],[-73.09801,4.96149],[-73.10389,4.95759],[-73.10407,4.95709],[-73.10463,4.95668],[-73.10671,4.95582],[-73.10889,4.95631],[-73.10993,4.95609],[-73.1123,4.95488],[-73.11533,4.95157],[-73.11529,4.94796],[-73.11582,4.94659],[-73.11941,4.94339],[-73.12053,4.94274],[-73.12087,4.94118],[-73.12185,4.93986],[-73.12428,4.93791],[-73.13184,4.93431],[-73.13346,4.93225],[-73.13588,4.93035],[-73.13804,4.92577],[-73.1412,4.92255],[-73.14129,4.91781],[-73.14186,4.91651],[-73.14245,4.91583],[-73.14762,4.9154],[-73.15098,4.91442],[-73.15283,4.91358],[-73.15506,4.91185],[-73.1593,4.90993],[-73.16244,4.90743],[-73.16775,4.89926],[-73.16819,4.89874],[-73.16953,4.89814],[-73.17056,4.89617],[-73.17205,4.89559],[-73.17459,4.89609],[-73.17518,4.89522],[-73.17484,4.89419],[-73.17507,4.89212],[-73.1771,4.8899],[-73.17855,4.88716],[-73.17924,4.88243],[-73.18326,4.87676],[-73.18397,4.87508],[-73.18444,4.87222],[-73.18483,4.87172],[-73.1859,4.87106],[-73.18972,4.87072],[-73.194,4.86696],[-73.19689,4.86551],[-73.19997,4.86245],[-73.20667,4.86217],[-73.20823,4.86128],[-73.21097,4.85816],[-73.21494,4.85808],[-73.21704,4.85704],[-73.22024,4.85597],[-73.22458,4.853],[-73.22743,4.85163],[-73.22839,4.85066],[-73.22714,4.84904],[-73.22641,4.84748],[-73.22333,4.84469],[-73.21987,4.84422],[-73.21787,4.84337],[-73.21661,4.84169],[-73.21543,4.83894],[-73.21481,4.83728],[-73.21431,4.83469],[-73.21354,4.83434],[-73.20991,4.83407],[-73.20939,4.83382],[-73.20875,4.83221],[-73.20617,4.82935],[-73.20526,4.82707],[-73.20489,4.82468],[-73.20538,4.81938],[-73.20502,4.8177],[-73.20348,4.81677],[-73.20067,4.81633],[-73.19919,4.81497],[-73.19976,4.81431],[-73.20136,4.81393],[-73.20234,4.81291],[-73.20323,4.81266],[-73.204,4.81283],[-73.20481,4.81391],[-73.20554,4.81419],[-73.20572,4.8137],[-73.20543,4.81291],[-73.20545,4.81191],[-73.20632,4.81106],[-73.20753,4.81085],[-73.20782,4.81058],[-73.20851,4.80868],[-73.2085,4.80654],[-73.21029,4.80481],[-73.21068,4.80224],[-73.2113,4.801],[-73.21409,4.80145],[-73.21461,4.80064],[-73.21482,4.79933],[-73.21673,4.79834],[-73.21777,4.79856],[-73.21852,4.79829],[-73.21906,4.79916],[-73.21958,4.79933],[-73.22027,4.7987],[-73.22096,4.79847],[-73.22087,4.79775],[-73.22143,4.79756],[-73.22223,4.79893],[-73.22262,4.79829],[-73.22335,4.79818],[-73.22412,4.79725],[-73.22478,4.79766],[-73.22524,4.79747],[-73.2254,4.79613],[-73.22638,4.79604],[-73.22669,4.79494],[-73.2273,4.7949],[-73.228,4.79602],[-73.22861,4.79651],[-73.22938,4.79571],[-73.22981,4.7956],[-73.23102,4.79587],[-73.23162,4.79434],[-73.2332,4.79307],[-73.23472,4.79139],[-73.23532,4.79116],[-73.23564,4.79025],[-73.23596,4.7901],[-73.23709,4.79061],[-73.23823,4.79032],[-73.2394,4.78846],[-73.24047,4.78394],[-73.24037,4.78304],[-73.23981,4.78252],[-73.2347,4.7802],[-73.23257,4.77839],[-73.23055,4.7779],[-73.22433,4.7773],[-73.22169,4.77794],[-73.21994,4.77876],[-73.21776,4.77928],[-73.21625,4.77922],[-73.21422,4.77835],[-73.21296,4.77721],[-73.21127,4.77749],[-73.20947,4.77916],[-73.20764,4.77975],[-73.20616,4.77898],[-73.20437,4.77843],[-73.20219,4.77827],[-73.20091,4.77762],[-73.20037,4.77664],[-73.1985,4.77463],[-73.19829,4.77376],[-73.19606,4.77272],[-73.19416,4.77084],[-73.19306,4.76921],[-73.19206,4.76679],[-73.19119,4.76556],[-73.19019,4.76337],[-73.1886,4.76241],[-73.1874,4.76014],[-73.18745,4.75824],[-73.18669,4.75605],[-73.18579,4.75486],[-73.18502,4.75422],[-73.18392,4.75404],[-73.18202,4.75437],[-73.18027,4.75335],[-73.17912,4.7501],[-73.17902,4.74741],[-73.17957,4.74586],[-73.1812,4.74495],[-73.18179,4.74429],[-73.18225,4.74299],[-73.18225,4.74132],[-73.18163,4.74083],[-73.17957,4.74041],[-73.17708,4.7365],[-73.1762,4.73578],[-73.17534,4.73541],[-73.17162,4.73494],[-73.17018,4.7353],[-73.17045,4.73426],[-73.17034,4.73177],[-73.17097,4.73138],[-73.17242,4.72955],[-73.17487,4.72729],[-73.17639,4.72349],[-73.17676,4.7232],[-73.17749,4.72334],[-73.17765,4.72241],[-73.17923,4.72088],[-73.18106,4.72054],[-73.18414,4.71915],[-73.18495,4.71825],[-73.18511,4.71655],[-73.18609,4.71496],[-73.18983,4.71184],[-73.19229,4.71115],[-73.19229,4.71001],[-73.19412,4.70914],[-73.19542,4.70733],[-73.19586,4.70716],[-73.19619,4.7065],[-73.19711,4.70567],[-73.19727,4.70476],[-73.19875,4.70424],[-73.19943,4.70276],[-73.20075,4.7016],[-73.20288,4.69813],[-73.20346,4.69611],[-73.20487,4.69438],[-73.20543,4.69227],[-73.20647,4.6911],[-73.20672,4.68975],[-73.20763,4.68785],[-73.20765,4.68691],[-73.20886,4.68552],[-73.20865,4.68337],[-73.20769,4.68333],[-73.20789,4.68059],[-73.2061,4.67974],[-73.20348,4.67894],[-73.20179,4.67668],[-73.19835,4.67448],[-73.19351,4.67214],[-73.18933,4.67223],[-73.18427,4.66975],[-73.18181,4.66812],[-73.17685,4.66683],[-73.17202,4.66618],[-73.16785,4.66518],[-73.16354,4.66331],[-73.16222,4.66329],[-73.16042,4.6628],[-73.15643,4.66025],[-73.15423,4.65728],[-73.15048,4.65563],[-73.14903,4.65524],[-73.14732,4.65534],[-73.14302,4.65767],[-73.14101,4.65904],[-73.1391,4.66148],[-73.13327,4.66499],[-73.12757,4.66552],[-73.12638,4.66599],[-73.12514,4.66674],[-73.12393,4.66802],[-73.12241,4.67134],[-73.12169,4.67156],[-73.12094,4.67143],[-73.12028,4.67083],[-73.11527,4.66495],[-73.11412,4.66288],[-73.11274,4.66123],[-73.10959,4.65997],[-73.10753,4.65962],[-73.1057,4.65979],[-73.10421,4.66049],[-73.10333,4.66126],[-73.10244,4.66288],[-73.10066,4.66854],[-73.09966,4.67031],[-73.09625,4.67326],[-73.09342,4.67453],[-73.09142,4.67621],[-73.09045,4.67884],[-73.08989,4.6817],[-73.08998,4.68388],[-73.09044,4.68617],[-73.09148,4.68882],[-73.09076,4.69146],[-73.08975,4.69315],[-73.08728,4.69545],[-73.08562,4.69829],[-73.08161,4.70076],[-73.08012,4.70247],[-73.0796,4.70439],[-73.08045,4.70892],[-73.07904,4.71111],[-73.07813,4.71207],[-73.07627,4.71333],[-73.0742,4.71566],[-73.07326,4.71738],[-73.07209,4.71867],[-73.07185,4.71935],[-73.07207,4.71993],[-73.07381,4.72087],[-73.07709,4.72326],[-73.07868,4.72512],[-73.07874,4.72581],[-73.07859,4.72649],[-73.07414,4.7334],[-73.07253,4.73808],[-73.07185,4.73919],[-73.07117,4.73987],[-73.07002,4.74043],[-73.06874,4.74066],[-73.06708,4.74048],[-73.06623,4.73933],[-73.06612,4.73826],[-73.06619,4.73636],[-73.0667,4.73431],[-73.06636,4.73314],[-73.0657,4.73228],[-73.06502,4.7319],[-73.06211,4.73185],[-73.05957,4.73355],[-73.05585,4.73682],[-73.05395,4.73684],[-73.05256,4.73633],[-73.05176,4.73783],[-73.0502,4.73903],[-73.04794,4.74242],[-73.04685,4.74427],[-73.04499,4.75048],[-73.0449,4.75114],[-73.04613,4.75367],[-73.04572,4.75798],[-73.04598,4.75851],[-73.04813,4.75976],[-73.04859,4.76038],[-73.04959,4.76356],[-73.05063,4.76576],[-73.05116,4.76651],[-73.05284,4.76756],[-73.05369,4.76863],[-73.05386,4.76944],[-73.05367,4.77057],[-73.05445,4.77372],[-73.05607,4.77544],[-73.05827,4.77636],[-73.06011,4.77879],[-73.06055,4.7835],[-73.06125,4.78496],[-73.06295,4.78697],[-73.06335,4.78944],[-73.06434,4.79114],[-73.06499,4.79154],[-73.06836,4.79228],[-73.07182,4.79529],[-73.07221,4.79603],[-73.07225,4.79678],[-73.07122,4.79849],[-73.07033,4.7992],[-73.06981,4.80147],[-73.07005,4.80219],[-73.07407,4.80654],[-73.07659,4.8075],[-73.07712,4.80797],[-73.07777,4.80973],[-73.07772,4.81074],[-73.07489,4.8195],[-73.07382,4.82065],[-73.07219,4.82403],[-73.07172,4.82569],[-73.07133,4.82635],[-73.0692,4.82691],[-73.06898,4.82737],[-73.06876,4.83094],[-73.0679,4.83407],[-73.06825,4.83539],[-73.06824,4.83821],[-73.06688,4.84061],[-73.06638,4.84289],[-73.06541,4.8445],[-73.06411,4.84543],[-73.0633,4.84681],[-73.06127,4.84844],[-73.06077,4.84941],[-73.06088,4.85182],[-73.0617,4.854],[-73.06156,4.85512],[-73.06055,4.85664],[-73.05917,4.85767],[-73.05715,4.85786],[-73.05577,4.85831],[-73.05183,4.86103],[-73.05083,4.863],[-73.05062,4.86466],[-73.05138,4.86704],[-73.05239,4.86833],[-73.05207,4.86989],[-73.05029,4.87158],[-73.04962,4.87184],[-73.04723,4.87182],[-73.04561,4.87265],[-73.04358,4.8758],[-73.0419,4.87743],[-73.04148,4.87833],[-73.04139,4.879],[-73.04234,4.88072],[-73.04253,4.88172],[-73.04232,4.88616],[-73.04163,4.88789],[-73.04204,4.89031],[-73.04344,4.8935],[-73.04705,4.90037],[-73.04809,4.904],[-73.04784,4.90595],[-73.04835,4.90878],[-73.04755,4.90992],[-73.04744,4.91101],[-73.04796,4.91402],[-73.04788,4.91615],[-73.04861,4.9179],[-73.04913,4.92225],[-73.04866,4.9244],[-73.04722,4.92659],[-73.04725,4.92783],[-73.04701,4.92847],[-73.04629,4.92962],[-73.04485,4.93093],[-73.04538,4.93167],[-73.04542,4.93232],[-73.04385,4.93403],[-73.04311,4.9354],[-73.04271,4.93717],[-73.0416,4.93782],[-73.04015,4.93733],[-73.03936,4.93802],[-73.03907,4.93867],[-73.03907,4.93927],[-73.04015,4.94035],[-73.04094,4.94269],[-73.04099,4.94437],[-73.04037,4.94522],[-73.03935,4.94545],[-73.03912,4.94579],[-73.039,4.94784],[-73.03943,4.94861],[-73.03857,4.95382],[-73.03817,4.95558],[-73.03777,4.95609],[-73.0372,4.95601],[-73.0362,4.95714],[-73.03538,4.95911],[-73.03574,4.96198],[-73.03554,4.96312],[-73.03475,4.96357],[-73.0335,4.96355],[-73.03321,4.96394],[-73.03275,4.96625],[-73.0317,4.96813],[-73.03048,4.96952],[-73.02937,4.96989],[-73.02931,4.97459],[-73.02968,4.9785],[-73.03075,4.98042],[-73.03082,4.98138],[-73.03051,4.98231],[-73.0304,4.98295],[-73.03108,4.98498],[-73.03094,4.98591],[-73.02939,4.98749],[-73.02814,4.98828],[-73.0275,4.98925],[-73.02754,4.99026],[-73.02826,4.99166],[-73.02887,4.9921]]]},"properties":{"DPTO_CCDGO":"15","MPIO_CCDGO":"667","DPTO_CNMBR":"BOYACÁ","MPIO_CNMBR":"SAN LUIS DE GACENO","MPIO_NAREA":"469.845495833","Shape_Leng":"1.14831954372","Shape_Area":"0.0382916624526"}},{"type":"Feature","geometry":{"type":"Polygon","coordinates":[[[-72.49679,6.40082],[-72.4967,6.40266],[-72.50097,6.40279],[-72.50143,6.40236],[-72.50151,6.40166],[-72.50048,6.39988],[-72.50047,6.39848],[-72.50219,6.39773],[-72.50374,6.39805],[-72.50571,6.39928],[-72.50872,6.40181],[-72.51024,6.40212],[-72.51106,6.4028],[-72.51256,6.40534],[-72.51705,6.41017],[-72.51756,6.41033],[-72.5191,6.40978],[-72.52095,6.4105],[-72.52322,6.41066],[-72.52419,6.41103],[-72.52584,6.41283],[-72.52875,6.41794],[-72.52982,6.4191],[-72.53103,6.41993],[-72.53334,6.42053],[-72.53507,6.42068],[-72.53777,6.42322],[-72.54059,6.42401],[-72.54297,6.42529],[-72.54681,6.42583],[-72.54787,6.42563],[-72.54812,6.42655],[-72.54814,6.42913],[-72.54882,6.43075],[-72.54897,6.43219],[-72.55026,6.43614],[-72.55128,6.43851],[-72.55269,6.44076],[-72.55514,6.4429],[-72.55646,6.44494],[-72.55544,6.44828],[-72.55565,6.44944],[-72.55525,6.45072],[-72.5556,6.45176],[-72.5548,6.45346],[-72.55469,6.45488],[-72.55493,6.45526],[-72.55436,6.45652],[-72.55507,6.45647],[-72.55346,6.45961],[-72.55318,6.46061],[-72.55369,6.46311],[-72.55274,6.46625],[-72.55289,6.46768],[-72.55341,6.46876],[-72.55342,6.46995],[-72.55325,6.47018],[-72.55284,6.47011],[-72.54993,6.47305],[-72.54957,6.47383],[-72.54906,6.47721],[-72.54865,6.47796],[-72.54788,6.4785],[-72.54745,6.47936],[-72.54792,6.48033],[-72.54786,6.48407],[-72.54833,6.4871],[-72.54878,6.48713],[-72.54971,6.48634],[-72.5548,6.48685],[-72.55628,6.48675],[-72.55802,6.48615],[-72.55874,6.48529],[-72.55919,6.48543],[-72.56006,6.48654],[-72.56068,6.48663],[-72.56158,6.48574],[-72.56338,6.48474],[-72.56618,6.48378],[-72.56809,6.48365],[-72.56914,6.48248],[-72.57135,6.48102],[-72.5716,6.47939],[-72.57212,6.47883],[-72.57515,6.47881],[-72.57913,6.47788],[-72.58057,6.47678],[-72.58145,6.47646],[-72.58295,6.47641],[-72.58367,6.47547],[-72.58495,6.47489],[-72.58543,6.47392],[-72.58563,6.47245],[-72.5881,6.47207],[-72.58859,6.47097],[-72.58965,6.46973],[-72.58998,6.46662],[-72.59103,6.4656],[-72.59217,6.46365],[-72.59428,6.46346],[-72.59552,6.46294],[-72.5998,6.45963],[-72.60152,6.45896],[-72.60182,6.45806],[-72.60152,6.45467],[-72.60233,6.45386],[-72.60273,6.45159],[-72.60452,6.45027],[-72.60528,6.44908],[-72.60608,6.44862],[-72.60799,6.4486],[-72.61019,6.447],[-72.61232,6.44625],[-72.61319,6.44527],[-72.61381,6.44496],[-72.61688,6.445],[-72.6179,6.44437],[-72.61868,6.4427],[-72.61957,6.44196],[-72.62154,6.44102],[-72.62343,6.4407],[-72.62338,6.43863],[-72.62371,6.43786],[-72.62451,6.43701],[-72.6242,6.43275],[-72.62355,6.43127],[-72.62445,6.43006],[-72.62419,6.42862],[-72.62575,6.42313],[-72.62561,6.42251],[-72.6249,6.42191],[-72.6247,6.42128],[-72.62479,6.41888],[-72.62235,6.41391],[-72.62169,6.41353],[-72.62145,6.41247],[-72.6206,6.41168],[-72.61942,6.41127],[-72.61919,6.41221],[-72.61859,6.41213],[-72.61736,6.41281],[-72.615,6.41278],[-72.61476,6.4119],[-72.61207,6.40957],[-72.61125,6.40912],[-72.60911,6.40866],[-72.60676,6.40911],[-72.60601,6.40972],[-72.60262,6.41079],[-72.60206,6.40918],[-72.60254,6.40769],[-72.60165,6.40788],[-72.60098,6.40733],[-72.60012,6.40468],[-72.59999,6.40251],[-72.59956,6.40098],[-72.59858,6.40053],[-72.59764,6.39884],[-72.59775,6.39762],[-72.59511,6.39527],[-72.59487,6.3948],[-72.59719,6.39244],[-72.59672,6.39165],[-72.59663,6.39088],[-72.59594,6.38986],[-72.5967,6.38902],[-72.59657,6.38796],[-72.59709,6.38734],[-72.59762,6.38532],[-72.59735,6.38402],[-72.59771,6.3829],[-72.59717,6.38175],[-72.59706,6.37926],[-72.596,6.37797],[-72.59436,6.37707],[-72.59408,6.37637],[-72.59334,6.37565],[-72.59284,6.37406],[-72.59175,6.373],[-72.59147,6.37103],[-72.59076,6.36929],[-72.59056,6.36788],[-72.58983,6.36694],[-72.58902,6.36516],[-72.58866,6.36287],[-72.58796,6.36073],[-72.5858,6.35816],[-72.58487,6.35754],[-72.58269,6.3571],[-72.58085,6.35552],[-72.57877,6.35506],[-72.57672,6.35384],[-72.57576,6.35062],[-72.57217,6.35015],[-72.57077,6.35074],[-72.56985,6.35075],[-72.56927,6.35001],[-72.56664,6.34934],[-72.56634,6.34879],[-72.56572,6.34498],[-72.56489,6.34367],[-72.56433,6.3446],[-72.56351,6.34507],[-72.56229,6.34794],[-72.56143,6.34897],[-72.55887,6.3507],[-72.55606,6.35062],[-72.5525,6.3513],[-72.55026,6.35103],[-72.54858,6.35131],[-72.54756,6.35111],[-72.54448,6.35238],[-72.54137,6.35231],[-72.5402,6.35314],[-72.53884,6.35243],[-72.53582,6.35145],[-72.53346,6.35134],[-72.53262,6.35085],[-72.53207,6.34999],[-72.53072,6.3497],[-72.52805,6.3496],[-72.52476,6.35067],[-72.52243,6.35064],[-72.52033,6.34957],[-72.51775,6.34925],[-72.5158,6.35133],[-72.51422,6.35425],[-72.51215,6.35626],[-72.51067,6.35685],[-72.51029,6.3574],[-72.51023,6.35949],[-72.50915,6.36199],[-72.50801,6.36618],[-72.50846,6.36778],[-72.50867,6.36987],[-72.50729,6.3694],[-72.50562,6.36807],[-72.50184,6.36733],[-72.49728,6.36805],[-72.49531,6.36878],[-72.4939,6.36861],[-72.49306,6.36902],[-72.49106,6.36911],[-72.48907,6.3704],[-72.48629,6.37157],[-72.48494,6.37152],[-72.48254,6.37217],[-72.47795,6.37405],[-72.47835,6.37498],[-72.47898,6.37557],[-72.48131,6.37687],[-72.48225,6.38121],[-72.48336,6.38376],[-72.48418,6.38501],[-72.48515,6.38764],[-72.48547,6.39085],[-72.48657,6.39149],[-72.4868,6.39312],[-72.48749,6.39407],[-72.48838,6.39451],[-72.4899,6.3945],[-72.49056,6.39516],[-72.49218,6.39841],[-72.49378,6.39881],[-72.49679,6.40082]]]},"properties":{"DPTO_CCDGO":"15","MPIO_CCDGO":"673","DPTO_CNMBR":"BOYACÁ","MPIO_CNMBR":"SAN MATEO","MPIO_NAREA":"123.879471837","Shape_Leng":"0.534964135804","Shape_Area":"0.0101185762791"}},{"type":"Feature","geometry":{"type":"Polygon","coordinates":[[[-73.71606,5.59021],[-73.71608,5.58926],[-73.71678,5.58667],[-73.71607,5.58535],[-73.71645,5.58496],[-73.71611,5.58405],[-73.71652,5.58257],[-73.71637,5.58128],[-73.71723,5.58089],[-73.72074,5.57704],[-73.72279,5.57686],[-73.72313,5.57659],[-73.72351,5.5749],[-73.7233,5.57111],[-73.72425,5.57293],[-73.72431,5.57463],[-73.724,5.57639],[-73.7241,5.57942],[-73.72477,5.58051],[-73.72866,5.58034],[-73.72972,5.58128],[-73.73229,5.58065],[-73.73562,5.57933],[-73.74043,5.57911],[-73.74183,5.57866],[-73.74204,5.57886],[-73.74436,5.57886],[-73.74794,5.57829],[-73.75018,5.57733],[-73.75053,5.57555],[-73.7517,5.5764],[-73.75313,5.57671],[-73.7667,5.59091],[-73.76868,5.59264],[-73.77969,5.59512],[-73.77987,5.59326],[-73.77876,5.59176],[-73.77845,5.59088],[-73.78187,5.58911],[-73.7818,5.58859],[-73.78104,5.58793],[-73.78104,5.58748],[-73.78319,5.58699],[-73.78379,5.58608],[-73.78183,5.58442],[-73.78194,5.58386],[-73.78428,5.58169],[-73.78264,5.57952],[-73.78249,5.57891],[-73.78261,5.57872],[-73.78516,5.57858],[-73.78592,5.57822],[-73.78604,5.57753],[-73.78517,5.57601],[-73.78527,5.5757],[-73.78697,5.57444],[-73.78626,5.57297],[-73.78637,5.56756],[-73.78764,5.55868],[-73.78947,5.55299],[-73.78952,5.54871],[-73.78867,5.54587],[-73.78867,5.54514],[-73.7897,5.54125],[-73.78962,5.53868],[-73.79098,5.53604],[-73.7917,5.53225],[-73.79159,5.53146],[-73.78995,5.52942],[-73.7896,5.52842],[-73.78943,5.52363],[-73.78855,5.52108],[-73.78811,5.51771],[-73.78719,5.5143],[-73.78693,5.5106],[-73.78653,5.50915],[-73.78542,5.50556],[-73.78287,5.50143],[-73.7827,5.49985],[-73.76883,5.48659],[-73.76766,5.48674],[-73.76575,5.48553],[-73.76484,5.48586],[-73.76405,5.48557],[-73.76362,5.48575],[-73.76222,5.48554],[-73.76003,5.48471],[-73.75908,5.48478],[-73.75812,5.48525],[-73.75754,5.48515],[-73.75707,5.48564],[-73.7565,5.48565],[-73.75576,5.4861],[-73.75546,5.48598],[-73.75386,5.48687],[-73.7512,5.48763],[-73.74875,5.4896],[-73.74783,5.48988],[-73.74708,5.48963],[-73.74651,5.48855],[-73.74657,5.48771],[-73.74574,5.48501],[-73.74523,5.48042],[-73.74433,5.47799],[-73.74355,5.4735],[-73.74348,5.47095],[-73.73824,5.47305],[-73.73792,5.4736],[-73.73812,5.47558],[-73.73745,5.47629],[-73.73456,5.4769],[-73.73385,5.47778],[-73.73296,5.47833],[-73.73239,5.47854],[-73.73168,5.47844],[-73.73206,5.47894],[-73.7322,5.48272],[-73.72841,5.48155],[-73.72863,5.47977],[-73.72751,5.48048],[-73.72716,5.48122],[-73.72714,5.48304],[-73.72629,5.4835],[-73.72551,5.4845],[-73.72576,5.48619],[-73.70976,5.49129],[-73.70839,5.4928],[-73.70634,5.49442],[-73.70524,5.4964],[-73.70369,5.49784],[-73.69824,5.50153],[-73.69647,5.5034],[-73.69193,5.51053],[-73.68987,5.51259],[-73.68862,5.51335],[-73.68772,5.5144],[-73.68622,5.51693],[-73.68707,5.5213],[-73.68899,5.52323],[-73.69275,5.52522],[-73.69391,5.52504],[-73.69792,5.52519],[-73.69838,5.52478],[-73.69877,5.52482],[-73.70178,5.52594],[-73.70165,5.52619],[-73.70226,5.52668],[-73.70429,5.52728],[-73.70495,5.52802],[-73.70529,5.52919],[-73.70587,5.52944],[-73.7064,5.53026],[-73.70738,5.53065],[-73.70708,5.53228],[-73.70589,5.53331],[-73.70557,5.53435],[-73.70758,5.53543],[-73.70944,5.53575],[-73.70981,5.53561],[-73.70979,5.53538],[-73.71096,5.53501],[-73.71405,5.53469],[-73.71655,5.53485],[-73.71924,5.53649],[-73.72005,5.53737],[-73.72034,5.5389],[-73.7201,5.54089],[-73.72053,5.54364],[-73.72124,5.54508],[-73.72161,5.54701],[-73.7216,5.54882],[-73.72107,5.54952],[-73.72173,5.55148],[-73.7219,5.55297],[-73.7209,5.55473],[-73.72034,5.55816],[-73.7194,5.56016],[-73.71823,5.5648],[-73.71728,5.56737],[-73.71631,5.56895],[-73.71313,5.57784],[-73.71347,5.58021],[-73.71288,5.58519],[-73.71379,5.58708],[-73.71606,5.59021]]]},"properties":{"DPTO_CCDGO":"15","MPIO_CCDGO":"676","DPTO_CNMBR":"BOYACÁ","MPIO_CNMBR":"SAN MIGUEL DE SEMA","MPIO_NAREA":"93.9980690515","Shape_Leng":"0.464967817848","Shape_Area":"0.00767101534512"}},{"type":"Feature","geometry":{"type":"Polygon","coordinates":[[[-74.06065,5.64919],[-74.05937,5.65285],[-74.05994,5.65622],[-74.05953,5.65669],[-74.05852,5.65694],[-74.05827,5.65725],[-74.0564,5.6616],[-74.05417,5.66292],[-74.05392,5.66477],[-74.05361,5.66534],[-74.04853,5.67076],[-74.04699,5.67367],[-74.04698,5.67444],[-74.04826,5.67624],[-74.04787,5.67745],[-74.04651,5.67962],[-74.04679,5.68005],[-74.04935,5.6812],[-74.05076,5.68267],[-74.05075,5.68324],[-74.05037,5.68383],[-74.04917,5.68444],[-74.04696,5.68628],[-74.04458,5.68948],[-74.04305,5.68985],[-74.04043,5.68987],[-74.03987,5.69032],[-74.03966,5.69085],[-74.03888,5.6936],[-74.04022,5.69628],[-74.04085,5.6991],[-74.0396,5.70292],[-74.0385,5.70523],[-74.03852,5.7063],[-74.03925,5.70767],[-74.03941,5.70879],[-74.04159,5.71164],[-74.04193,5.71422],[-74.04495,5.71482],[-74.04638,5.71631],[-74.04809,5.71715],[-74.04896,5.71808],[-74.05021,5.72094],[-74.05129,5.72243],[-74.05395,5.72331],[-74.05786,5.7235],[-74.05926,5.72396],[-74.06037,5.72491],[-74.0613,5.72624],[-74.06257,5.72636],[-74.06792,5.72854],[-74.07037,5.72999],[-74.07312,5.73226],[-74.07751,5.7341],[-74.07917,5.73641],[-74.08051,5.73768],[-74.08207,5.73857],[-74.08426,5.73934],[-74.08536,5.74017],[-74.08683,5.74322],[-74.08689,5.74649],[-74.08844,5.74941],[-74.08957,5.75072],[-74.0922,5.75287],[-74.09294,5.75437],[-74.09328,5.75655],[-74.09317,5.758],[-74.09265,5.75971],[-74.09476,5.75847],[-74.09591,5.75896],[-74.09905,5.75888],[-74.10057,5.75754],[-74.10152,5.75587],[-74.10282,5.75707],[-74.10312,5.75707],[-74.10382,5.75603],[-74.10421,5.75618],[-74.10449,5.75685],[-74.10494,5.75694],[-74.10502,5.75545],[-74.10613,5.75571],[-74.10868,5.75522],[-74.10864,5.75376],[-74.10894,5.75255],[-74.10948,5.75276],[-74.11011,5.7538],[-74.11102,5.75446],[-74.11111,5.75251],[-74.1116,5.75241],[-74.11244,5.75309],[-74.11295,5.75313],[-74.11376,5.75143],[-74.11416,5.75139],[-74.11466,5.75175],[-74.11615,5.75505],[-74.11659,5.7552],[-74.11734,5.75348],[-74.11962,5.75355],[-74.1204,5.75317],[-74.1217,5.75006],[-74.12286,5.74884],[-74.12342,5.74867],[-74.12424,5.74863],[-74.12604,5.74923],[-74.12694,5.74851],[-74.12727,5.74857],[-74.12768,5.7494],[-74.12851,5.74895],[-74.13018,5.74938],[-74.13143,5.74935],[-74.1323,5.75008],[-74.1332,5.74925],[-74.13359,5.74948],[-74.13369,5.75088],[-74.1341,5.75123],[-74.13501,5.75086],[-74.13569,5.75098],[-74.13597,5.75009],[-74.13625,5.74994],[-74.13694,5.75088],[-74.13684,5.75161],[-74.13845,5.75093],[-74.13862,5.75209],[-74.13913,5.75226],[-74.14006,5.75143],[-74.14194,5.75127],[-74.1421,5.7506],[-74.14179,5.74972],[-74.14243,5.74872],[-74.14265,5.74884],[-74.14274,5.74959],[-74.14474,5.74982],[-74.14657,5.74852],[-74.14812,5.74844],[-74.14845,5.74791],[-74.14821,5.74686],[-74.14935,5.74618],[-74.14917,5.7452],[-74.1496,5.74453],[-74.1511,5.74406],[-74.15115,5.74329],[-74.15173,5.74329],[-74.15219,5.7426],[-74.15249,5.7425],[-74.15336,5.74298],[-74.15378,5.74204],[-74.1554,5.74212],[-74.15496,5.74337],[-74.15582,5.74339],[-74.15792,5.74042],[-74.15796,5.74017],[-74.15683,5.73975],[-74.15604,5.73913],[-74.15603,5.73839],[-74.15621,5.73818],[-74.15701,5.73844],[-74.15804,5.73821],[-74.15826,5.73796],[-74.15797,5.73731],[-74.15867,5.73654],[-74.15943,5.73622],[-74.15944,5.73484],[-74.15893,5.73387],[-74.15906,5.73366],[-74.15961,5.73388],[-74.15985,5.73372],[-74.15976,5.73312],[-74.16023,5.73247],[-74.15989,5.73159],[-74.16173,5.73164],[-74.16241,5.73084],[-74.16112,5.72948],[-74.16166,5.72837],[-74.16148,5.72639],[-74.1619,5.72613],[-74.1628,5.72624],[-74.16331,5.72589],[-74.16407,5.72602],[-74.1642,5.72576],[-74.16312,5.7249],[-74.16317,5.72443],[-74.16497,5.72361],[-74.1652,5.72368],[-74.16528,5.72467],[-74.16578,5.72477],[-74.16595,5.72524],[-74.16667,5.72513],[-74.16684,5.72491],[-74.16655,5.72364],[-74.16713,5.72425],[-74.16765,5.72354],[-74.1678,5.72211],[-74.16707,5.72186],[-74.16694,5.72116],[-74.16771,5.72095],[-74.16726,5.72041],[-74.16741,5.72019],[-74.16892,5.72072],[-74.16953,5.72016],[-74.16989,5.72036],[-74.17024,5.71983],[-74.17026,5.71889],[-74.17082,5.71916],[-74.17115,5.71844],[-74.17226,5.71796],[-74.17216,5.7177],[-74.17122,5.71754],[-74.17164,5.7169],[-74.17137,5.71672],[-74.16995,5.71704],[-74.16981,5.71654],[-74.16889,5.71627],[-74.16938,5.71565],[-74.17038,5.71532],[-74.17041,5.71505],[-74.16956,5.71481],[-74.16928,5.71447],[-74.16931,5.71362],[-74.17086,5.71324],[-74.17155,5.71188],[-74.17199,5.71194],[-74.17246,5.71266],[-74.17274,5.71255],[-74.17216,5.71137],[-74.17236,5.71014],[-74.17212,5.70908],[-74.17236,5.70854],[-74.17362,5.7081],[-74.17299,5.70642],[-74.1735,5.70577],[-74.17361,5.70498],[-74.17312,5.70463],[-74.17256,5.703],[-74.17287,5.70021],[-74.17341,5.69992],[-74.17237,5.69782],[-74.17293,5.69656],[-74.17292,5.69595],[-74.17355,5.69574],[-74.17338,5.69489],[-74.17393,5.69407],[-74.1733,5.69165],[-74.17217,5.691],[-74.17076,5.68941],[-74.17052,5.6882],[-74.17065,5.68771],[-74.1717,5.68748],[-74.17241,5.68654],[-74.17187,5.68528],[-74.17139,5.68488],[-74.17133,5.68382],[-74.17175,5.68365],[-74.17191,5.68265],[-74.17234,5.68223],[-74.17364,5.68171],[-74.17423,5.68025],[-74.17431,5.67771],[-74.17413,5.67642],[-74.17359,5.67519],[-74.17313,5.67225],[-74.17373,5.6711],[-74.17368,5.67055],[-74.17303,5.66881],[-74.17439,5.66669],[-74.1755,5.66431],[-74.17476,5.66277],[-74.17307,5.66107],[-74.17318,5.66034],[-74.17263,5.65775],[-74.17272,5.65474],[-74.17418,5.65134],[-74.17432,5.65009],[-74.17545,5.64829],[-74.17706,5.64762],[-74.1775,5.64707],[-74.17907,5.64317],[-74.18074,5.64202],[-74.183,5.64126],[-74.1845,5.63998],[-74.18122,5.63867],[-74.17907,5.63885],[-74.16948,5.64163],[-74.16923,5.64135],[-74.16935,5.6381],[-74.1691,5.63642],[-74.16786,5.63602],[-74.16711,5.63633],[-74.16599,5.63745],[-74.16546,5.63751],[-74.16477,5.63745],[-74.16437,5.63689],[-74.1635,5.63271],[-74.16353,5.63127],[-74.16527,5.6236],[-74.16475,5.62204],[-74.16543,5.61915],[-74.1654,5.61793],[-74.16491,5.61667],[-74.16331,5.61591],[-74.16278,5.61351],[-74.16371,5.61185],[-74.1637,5.60875],[-74.16306,5.60713],[-74.1617,5.60654],[-74.16134,5.606],[-74.16123,5.60514],[-74.16176,5.60286],[-74.16113,5.60203],[-74.16094,5.60096],[-74.16006,5.60069],[-74.15917,5.5992],[-74.15885,5.59608],[-74.15843,5.59624],[-74.15764,5.59535],[-74.15729,5.59537],[-74.15537,5.59621],[-74.15278,5.59688],[-74.15214,5.5973],[-74.14987,5.59728],[-74.1492,5.59789],[-74.14846,5.5976],[-74.14805,5.59698],[-74.14674,5.59688],[-74.14564,5.59586],[-74.14467,5.59551],[-74.1427,5.59599],[-74.14171,5.59661],[-74.13951,5.59566],[-74.13706,5.5971],[-74.13514,5.59609],[-74.13332,5.59587],[-74.13277,5.59608],[-74.13203,5.59698],[-74.13068,5.60027],[-74.12919,5.60095],[-74.12874,5.60157],[-74.1274,5.60174],[-74.12633,5.60318],[-74.12516,5.60269],[-74.12489,5.60353],[-74.12525,5.60534],[-74.12501,5.60567],[-74.12393,5.60624],[-74.12329,5.60576],[-74.12297,5.60629],[-74.12295,5.6072],[-74.1221,5.60738],[-74.12178,5.60789],[-74.12113,5.60787],[-74.11993,5.60732],[-74.11914,5.60906],[-74.11841,5.60944],[-74.11808,5.60839],[-74.11754,5.60909],[-74.11699,5.60906],[-74.11536,5.60628],[-74.11274,5.60507],[-74.11174,5.60531],[-74.11088,5.60516],[-74.10959,5.60417],[-74.10889,5.60469],[-74.10822,5.60596],[-74.10737,5.60685],[-74.10621,5.60574],[-74.10453,5.60511],[-74.10313,5.6052],[-74.10207,5.60493],[-74.1,5.60571],[-74.09935,5.60389],[-74.09898,5.60354],[-74.09665,5.60231],[-74.09542,5.60216],[-74.09482,5.60118],[-74.09428,5.60084],[-74.0929,5.60155],[-74.09222,5.60153],[-74.09076,5.60027],[-74.09022,5.60012],[-74.08988,5.60106],[-74.09006,5.60228],[-74.08959,5.60291],[-74.08864,5.60316],[-74.08873,5.60481],[-74.08702,5.6075],[-74.08751,5.60801],[-74.08748,5.60829],[-74.08471,5.61007],[-74.08441,5.61077],[-74.0841,5.6136],[-74.08269,5.61391],[-74.08181,5.61445],[-74.08056,5.61632],[-74.07913,5.61723],[-74.0764,5.62052],[-74.07232,5.62417],[-74.07106,5.62681],[-74.07043,5.62916],[-74.06979,5.62972],[-74.06756,5.63067],[-74.0672,5.63127],[-74.06731,5.63311],[-74.06709,5.63372],[-74.06502,5.63445],[-74.0658,5.63664],[-74.06472,5.63937],[-74.06581,5.64069],[-74.06541,5.64248],[-74.06419,5.6436],[-74.06227,5.64748],[-74.06065,5.64919]]]},"properties":{"DPTO_CCDGO":"15","MPIO_CCDGO":"681","DPTO_CNMBR":"BOYACÁ","MPIO_CNMBR":"SAN PABLO DE BORBUR","MPIO_NAREA":"195.904356806","Shape_Leng":"0.642192077622","Shape_Area":"0.0159917950012"}},{"type":"Feature","geometry":{"type":"Polygon","coordinates":[[[-73.45403,6.0791],[-73.45469,6.0806],[-73.45606,6.08125],[-73.45767,6.08342],[-73.45816,6.0846],[-73.45964,6.08621],[-73.46186,6.0871],[-73.46222,6.08833],[-73.46342,6.08853],[-73.46472,6.08911],[-73.4657,6.09028],[-73.46713,6.09117],[-73.46762,6.0923],[-73.46891,6.09294],[-73.47151,6.0951],[-73.47304,6.09539],[-73.47454,6.09492],[-73.47545,6.0942],[-73.47643,6.09435],[-73.47751,6.09517],[-73.47834,6.09724],[-73.47917,6.09748],[-73.48044,6.09843],[-73.48138,6.09857],[-73.48228,6.09832],[-73.48348,6.09869],[-73.48416,6.09971],[-73.48468,6.1],[-73.48543,6.1001],[-73.48775,6.10125],[-73.48981,6.10168],[-73.49075,6.10326],[-73.49194,6.10429],[-73.49323,6.10608],[-73.49405,6.10637],[-73.49567,6.1061],[-73.49635,6.10655],[-73.49742,6.10803],[-73.49883,6.10729],[-73.50041,6.10707],[-73.5026,6.10611],[-73.50449,6.10567],[-73.50559,6.10379],[-73.50694,6.1023],[-73.50883,6.1017],[-73.51319,6.09952],[-73.51487,6.09939],[-73.5152,6.09908],[-73.51487,6.09738],[-73.51458,6.09688],[-73.51352,6.09622],[-73.51301,6.09492],[-73.51314,6.09318],[-73.5138,6.09225],[-73.51443,6.08991],[-73.51385,6.08853],[-73.51389,6.08726],[-73.51451,6.0867],[-73.51783,6.08528],[-73.51869,6.08378],[-73.51899,6.08214],[-73.51967,6.0815],[-73.52127,6.0807],[-73.5226,6.07736],[-73.52365,6.07721],[-73.52517,6.07778],[-73.52665,6.07687],[-73.52633,6.07511],[-73.52679,6.07238],[-73.52667,6.07004],[-73.52762,6.06886],[-73.52787,6.06783],[-73.52764,6.0671],[-73.52615,6.06669],[-73.52563,6.06579],[-73.52564,6.06183],[-73.52433,6.05971],[-73.52437,6.0594],[-73.52496,6.05885],[-73.52689,6.05875],[-73.52744,6.0584],[-73.52755,6.05769],[-73.52729,6.05695],[-73.52751,6.05607],[-73.52807,6.0559],[-73.52932,6.05615],[-73.52956,6.05597],[-73.53067,6.0535],[-73.53091,6.04995],[-73.5319,6.04919],[-73.53195,6.0481],[-73.5312,6.04725],[-73.53084,6.045],[-73.53,6.04341],[-73.52958,6.04193],[-73.52704,6.04056],[-73.52641,6.03948],[-73.52628,6.03793],[-73.52484,6.03626],[-73.52317,6.03609],[-73.52277,6.03547],[-73.52264,6.03463],[-73.52151,6.0343],[-73.52115,6.03394],[-73.52071,6.03281],[-73.52124,6.03066],[-73.52048,6.02969],[-73.52018,6.02867],[-73.51929,6.02826],[-73.51843,6.02831],[-73.51817,6.0293],[-73.51757,6.02939],[-73.51573,6.02841],[-73.51529,6.02721],[-73.51442,6.02625],[-73.51196,6.02626],[-73.51144,6.02594],[-73.50928,6.02569],[-73.50805,6.02602],[-73.50639,6.02418],[-73.50542,6.02167],[-73.50374,6.02023],[-73.50195,6.01948],[-73.50158,6.01817],[-73.50008,6.01669],[-73.49921,6.01349],[-73.49792,6.01218],[-73.49663,6.01142],[-73.49493,6.00929],[-73.49532,6.00696],[-73.49502,6.00601],[-73.49447,6.00546],[-73.49484,6.00509],[-73.49225,6.00328],[-73.49057,6.00176],[-73.48912,6.00199],[-73.48598,6.00165],[-73.48326,6.00381],[-73.4785,6.01031],[-73.47687,6.01435],[-73.47462,6.01749],[-73.47246,6.02194],[-73.47152,6.02329],[-73.46674,6.02696],[-73.46549,6.02998],[-73.46396,6.03227],[-73.46365,6.03331],[-73.46298,6.03406],[-73.45869,6.03734],[-73.45677,6.03822],[-73.45563,6.03935],[-73.45491,6.04107],[-73.45218,6.04422],[-73.45027,6.04763],[-73.45026,6.05004],[-73.44972,6.05272],[-73.44874,6.05537],[-73.44916,6.0567],[-73.44873,6.06054],[-73.4481,6.0639],[-73.44764,6.06348],[-73.44723,6.06485],[-73.44755,6.06695],[-73.44824,6.06832],[-73.449,6.07275],[-73.45065,6.07513],[-73.45328,6.07775],[-73.45403,6.0791]]]},"properties":{"DPTO_CCDGO":"15","MPIO_CCDGO":"686","DPTO_CNMBR":"BOYACÁ","MPIO_CNMBR":"SANTANA","MPIO_NAREA":"67.9638235036","Shape_Leng":"0.320472349281","Shape_Area":"0.00555103539127"}},{"type":"Feature","geometry":{"type":"Polygon","coordinates":[[[-73.17459,4.89609],[-73.17541,4.89617],[-73.17645,4.89578],[-73.17778,4.8976],[-73.17951,4.89929],[-73.18025,4.90061],[-73.18121,4.9008],[-73.18483,4.90239],[-73.18629,4.90258],[-73.18898,4.90558],[-73.18982,4.90763],[-73.19019,4.90802],[-73.19164,4.90839],[-73.19154,4.90937],[-73.19206,4.91001],[-73.19481,4.91129],[-73.19629,4.91249],[-73.19739,4.91301],[-73.19837,4.91315],[-73.19947,4.91182],[-73.20155,4.91099],[-73.20226,4.90962],[-73.20294,4.90906],[-73.20483,4.9084],[-73.20785,4.90812],[-73.21176,4.90668],[-73.21309,4.90565],[-73.2128,4.90753],[-73.2131,4.90849],[-73.21272,4.90998],[-73.21284,4.91044],[-73.21313,4.91053],[-73.21433,4.90957],[-73.21466,4.90951],[-73.21521,4.90987],[-73.21554,4.91074],[-73.21508,4.91335],[-73.21521,4.91503],[-73.21611,4.91516],[-73.21833,4.91465],[-73.21868,4.91487],[-73.21887,4.91548],[-73.21839,4.91645],[-73.21881,4.91707],[-73.21966,4.91742],[-73.2199,4.91887],[-73.21936,4.91961],[-73.21816,4.92011],[-73.21808,4.92188],[-73.21656,4.92698],[-73.21588,4.92754],[-73.21367,4.92776],[-73.2133,4.92799],[-73.21206,4.93028],[-73.21098,4.93084],[-73.21062,4.93132],[-73.21126,4.93446],[-73.21136,4.93671],[-73.21303,4.93787],[-73.21329,4.93857],[-73.2129,4.93993],[-73.21275,4.9422],[-73.21129,4.94398],[-73.21075,4.94756],[-73.21155,4.94911],[-73.21443,4.94992],[-73.21652,4.95143],[-73.2174,4.95263],[-73.21732,4.9535],[-73.21769,4.95535],[-73.21817,4.95598],[-73.21816,4.9572],[-73.2176,4.95949],[-73.21713,4.95978],[-73.21663,4.96068],[-73.21748,4.96143],[-73.21748,4.96236],[-73.21964,4.96276],[-73.21998,4.96307],[-73.21997,4.96391],[-73.22205,4.96832],[-73.2221,4.97071],[-73.2229,4.9724],[-73.2229,4.97298],[-73.22355,4.97229],[-73.22457,4.96939],[-73.22744,4.96539],[-73.22796,4.96354],[-73.2295,4.96207],[-73.23254,4.95816],[-73.2457,4.948],[-73.24763,4.94445],[-73.24891,4.94345],[-73.24989,4.94216],[-73.2501,4.94085],[-73.25084,4.94013],[-73.25238,4.93941],[-73.25714,4.93501],[-73.25937,4.93368],[-73.26182,4.93131],[-73.26331,4.93054],[-73.26551,4.93183],[-73.26793,4.9316],[-73.27174,4.9306],[-73.27315,4.9312],[-73.27407,4.93125],[-73.27704,4.92962],[-73.28121,4.92809],[-73.28219,4.92672],[-73.28282,4.92398],[-73.28375,4.92285],[-73.28467,4.92225],[-73.28489,4.92089],[-73.28574,4.91917],[-73.28662,4.91827],[-73.28716,4.91824],[-73.28796,4.91756],[-73.28882,4.916],[-73.28944,4.91585],[-73.29022,4.91499],[-73.29157,4.91415],[-73.29177,4.91251],[-73.29325,4.91076],[-73.29382,4.9086],[-73.29449,4.90819],[-73.29583,4.90659],[-73.29648,4.90468],[-73.299,4.90302],[-73.30003,4.90229],[-73.3008,4.89885],[-73.29984,4.89732],[-73.30023,4.89585],[-73.30006,4.8952],[-73.30026,4.89329],[-73.29958,4.88979],[-73.29945,4.8872],[-73.29858,4.88661],[-73.29809,4.88548],[-73.29801,4.88336],[-73.29758,4.88191],[-73.29807,4.88022],[-73.29864,4.87943],[-73.3033,4.87537],[-73.30515,4.87317],[-73.30588,4.87265],[-73.30618,4.87194],[-73.31046,4.86761],[-73.31416,4.86183],[-73.31658,4.85913],[-73.31696,4.85856],[-73.3171,4.85761],[-73.31797,4.8566],[-73.31936,4.85423],[-73.32105,4.85276],[-73.32273,4.85208],[-73.32421,4.85112],[-73.32698,4.84875],[-73.32821,4.84723],[-73.33049,4.84336],[-73.33246,4.84118],[-73.3339,4.83709],[-73.33458,4.83643],[-73.33482,4.83581],[-73.33483,4.83357],[-73.33521,4.83289],[-73.33692,4.83123],[-73.33774,4.82793],[-73.33965,4.82392],[-73.33984,4.82299],[-73.33968,4.82226],[-73.33916,4.82081],[-73.33694,4.81751],[-73.33555,4.81699],[-73.33287,4.81382],[-73.33162,4.81137],[-73.33053,4.80815],[-73.32982,4.80771],[-73.33156,4.80736],[-73.33192,4.80691],[-73.33223,4.80573],[-73.33466,4.80291],[-73.33504,4.80187],[-73.33672,4.79962],[-73.3401,4.79674],[-73.34097,4.79132],[-73.33934,4.79102],[-73.33855,4.79061],[-73.33696,4.78878],[-73.33457,4.78878],[-73.33382,4.7885],[-73.33176,4.78668],[-73.33132,4.78458],[-73.3298,4.78313],[-73.32864,4.7828],[-73.32649,4.78297],[-73.32528,4.78251],[-73.32489,4.78212],[-73.32493,4.78021],[-73.32435,4.77961],[-73.32376,4.77937],[-73.32164,4.77955],[-73.32085,4.77929],[-73.32051,4.77814],[-73.32088,4.77592],[-73.32062,4.7755],[-73.31762,4.77348],[-73.31655,4.77198],[-73.31382,4.77054],[-73.31298,4.76964],[-73.31262,4.76821],[-73.31267,4.76713],[-73.31345,4.76484],[-73.31254,4.7628],[-73.31011,4.75929],[-73.30988,4.75842],[-73.30984,4.75615],[-73.31035,4.75276],[-73.30964,4.75044],[-73.30904,4.74918],[-73.30821,4.74834],[-73.30635,4.74755],[-73.30572,4.74657],[-73.30604,4.74466],[-73.30744,4.74173],[-73.30889,4.73965],[-73.30982,4.73637],[-73.30843,4.73604],[-73.30712,4.73227],[-73.30302,4.72892],[-73.30106,4.72835],[-73.29787,4.72852],[-73.2965,4.72817],[-73.29528,4.72762],[-73.29427,4.72681],[-73.29288,4.72484],[-73.29116,4.72375],[-73.2832,4.72228],[-73.28264,4.7227],[-73.28221,4.72506],[-73.28121,4.72697],[-73.28003,4.72789],[-73.27827,4.72798],[-73.27785,4.72849],[-73.27697,4.73234],[-73.27487,4.73451],[-73.27286,4.73581],[-73.27038,4.73941],[-73.26902,4.74064],[-73.26851,4.74073],[-73.26567,4.73935],[-73.2626,4.73673],[-73.26027,4.7368],[-73.25724,4.73873],[-73.25533,4.73898],[-73.25461,4.7379],[-73.25584,4.73463],[-73.25472,4.73385],[-73.25353,4.73399],[-73.25196,4.73584],[-73.25142,4.73628],[-73.25086,4.7362],[-73.2498,4.73532],[-73.24819,4.73321],[-73.24715,4.73265],[-73.24571,4.73268],[-73.24506,4.7334],[-73.24452,4.73463],[-73.24301,4.73486],[-73.2409,4.73433],[-73.23964,4.73474],[-73.23807,4.73597],[-73.23635,4.73674],[-73.23362,4.73626],[-73.23261,4.73476],[-73.23207,4.73446],[-73.23059,4.73478],[-73.22776,4.73364],[-73.22396,4.73355],[-73.22304,4.73329],[-73.22053,4.73014],[-73.21958,4.72591],[-73.21973,4.72491],[-73.22823,4.71497],[-73.22881,4.71171],[-73.22861,4.71003],[-73.23011,4.70538],[-73.23264,4.70058],[-73.23302,4.69769],[-73.23461,4.69567],[-73.23465,4.69515],[-73.23407,4.69392],[-73.2295,4.68983],[-73.2268,4.68609],[-73.22621,4.68486],[-73.22573,4.68261],[-73.22352,4.67858],[-73.22243,4.67738],[-73.22017,4.67653],[-73.21787,4.67636],[-73.21646,4.67665],[-73.21163,4.67939],[-73.20886,4.6805],[-73.20789,4.68059],[-73.20769,4.68333],[-73.20865,4.68337],[-73.20886,4.68552],[-73.20765,4.68691],[-73.20763,4.68785],[-73.20672,4.68975],[-73.20647,4.6911],[-73.20543,4.69227],[-73.20487,4.69438],[-73.20346,4.69611],[-73.20288,4.69813],[-73.20075,4.7016],[-73.19943,4.70276],[-73.19875,4.70424],[-73.19727,4.70476],[-73.19711,4.70567],[-73.19619,4.7065],[-73.19586,4.70716],[-73.19542,4.70733],[-73.19412,4.70914],[-73.19229,4.71001],[-73.19229,4.71115],[-73.18983,4.71184],[-73.18609,4.71496],[-73.18511,4.71655],[-73.18495,4.71825],[-73.18414,4.71915],[-73.18106,4.72054],[-73.17923,4.72088],[-73.17765,4.72241],[-73.17749,4.72334],[-73.17676,4.7232],[-73.17639,4.72349],[-73.17487,4.72729],[-73.17242,4.72955],[-73.17097,4.73138],[-73.17034,4.73177],[-73.17045,4.73426],[-73.17018,4.7353],[-73.17162,4.73494],[-73.17534,4.73541],[-73.1762,4.73578],[-73.17708,4.7365],[-73.17957,4.74041],[-73.18163,4.74083],[-73.18225,4.74132],[-73.18225,4.74299],[-73.18179,4.74429],[-73.1812,4.74495],[-73.17957,4.74586],[-73.17902,4.74741],[-73.17912,4.7501],[-73.18027,4.75335],[-73.18202,4.75437],[-73.18392,4.75404],[-73.18502,4.75422],[-73.18579,4.75486],[-73.18669,4.75605],[-73.18745,4.75824],[-73.1874,4.76014],[-73.1886,4.76241],[-73.19019,4.76337],[-73.19119,4.76556],[-73.19206,4.76679],[-73.19306,4.76921],[-73.19416,4.77084],[-73.19606,4.77272],[-73.19829,4.77376],[-73.1985,4.77463],[-73.20037,4.77664],[-73.20091,4.77762],[-73.20219,4.77827],[-73.20437,4.77843],[-73.20616,4.77898],[-73.20764,4.77975],[-73.20947,4.77916],[-73.21127,4.77749],[-73.21296,4.77721],[-73.21422,4.77835],[-73.21625,4.77922],[-73.21776,4.77928],[-73.21994,4.77876],[-73.22169,4.77794],[-73.22433,4.7773],[-73.23055,4.7779],[-73.23257,4.77839],[-73.2347,4.7802],[-73.23981,4.78252],[-73.24037,4.78304],[-73.24047,4.78394],[-73.2394,4.78846],[-73.23823,4.79032],[-73.23709,4.79061],[-73.23596,4.7901],[-73.23564,4.79025],[-73.23532,4.79116],[-73.23472,4.79139],[-73.2332,4.79307],[-73.23162,4.79434],[-73.23102,4.79587],[-73.22981,4.7956],[-73.22938,4.79571],[-73.22861,4.79651],[-73.228,4.79602],[-73.2273,4.7949],[-73.22669,4.79494],[-73.22638,4.79604],[-73.2254,4.79613],[-73.22524,4.79747],[-73.22478,4.79766],[-73.22412,4.79725],[-73.22335,4.79818],[-73.22262,4.79829],[-73.22223,4.79893],[-73.22143,4.79756],[-73.22087,4.79775],[-73.22096,4.79847],[-73.22027,4.7987],[-73.21958,4.79933],[-73.21906,4.79916],[-73.21852,4.79829],[-73.21777,4.79856],[-73.21673,4.79834],[-73.21482,4.79933],[-73.21461,4.80064],[-73.21409,4.80145],[-73.2113,4.801],[-73.21068,4.80224],[-73.21029,4.80481],[-73.2085,4.80654],[-73.20851,4.80868],[-73.20782,4.81058],[-73.20753,4.81085],[-73.20632,4.81106],[-73.20545,4.81191],[-73.20543,4.81291],[-73.20572,4.8137],[-73.20554,4.81419],[-73.20481,4.81391],[-73.204,4.81283],[-73.20323,4.81266],[-73.20234,4.81291],[-73.20136,4.81393],[-73.19976,4.81431],[-73.19919,4.81497],[-73.20067,4.81633],[-73.20348,4.81677],[-73.20502,4.8177],[-73.20538,4.81938],[-73.20489,4.82468],[-73.20526,4.82707],[-73.20617,4.82935],[-73.20875,4.83221],[-73.20939,4.83382],[-73.20991,4.83407],[-73.21354,4.83434],[-73.21431,4.83469],[-73.21481,4.83728],[-73.21543,4.83894],[-73.21661,4.84169],[-73.21787,4.84337],[-73.21987,4.84422],[-73.22333,4.84469],[-73.22641,4.84748],[-73.22714,4.84904],[-73.22839,4.85066],[-73.22743,4.85163],[-73.22458,4.853],[-73.22024,4.85597],[-73.21704,4.85704],[-73.21494,4.85808],[-73.21097,4.85816],[-73.20823,4.86128],[-73.20667,4.86217],[-73.19997,4.86245],[-73.19689,4.86551],[-73.194,4.86696],[-73.18972,4.87072],[-73.1859,4.87106],[-73.18483,4.87172],[-73.18444,4.87222],[-73.18397,4.87508],[-73.18326,4.87676],[-73.17924,4.88243],[-73.17855,4.88716],[-73.1771,4.8899],[-73.17507,4.89212],[-73.17484,4.89419],[-73.17518,4.89522],[-73.17459,4.89609]]]},"properties":{"DPTO_CCDGO":"15","MPIO_CCDGO":"690","DPTO_CNMBR":"BOYACÁ","MPIO_CNMBR":"SANTA MARÍA","MPIO_NAREA":"309.659673523","Shape_Leng":"1.04996294444","Shape_Area":"0.0252388215708"}},{"type":"Feature","geometry":{"type":"Polygon","coordinates":[[[-73.01124,5.96311],[-73.014,5.96511],[-73.01579,5.96897],[-73.01799,5.97041],[-73.01806,5.97297],[-73.01933,5.97469],[-73.02067,5.97812],[-73.02074,5.97885],[-73.02023,5.98121],[-73.02045,5.9839],[-73.02022,5.98431],[-73.02139,5.98872],[-73.02174,5.99196],[-73.02411,5.99389],[-73.0268,5.99517],[-73.02812,5.99665],[-73.02726,5.9979],[-73.02716,5.99863],[-73.02712,6.00042],[-73.02857,6.00351],[-73.02817,6.0059],[-73.02769,6.00669],[-73.02738,6.01162],[-73.02769,6.01334],[-73.02764,6.01465],[-73.02834,6.0169],[-73.03069,6.01991],[-73.03123,6.02117],[-73.03246,6.02023],[-73.03241,6.01922],[-73.03286,6.01812],[-73.0327,6.01762],[-73.03331,6.01729],[-73.03347,6.01592],[-73.033,6.01548],[-73.03414,6.01416],[-73.03372,6.01323],[-73.03424,6.01222],[-73.03413,6.01167],[-73.03471,6.01065],[-73.03467,6.00876],[-73.03522,6.00795],[-73.03663,6.00713],[-73.03719,6.00586],[-73.04011,6.00485],[-73.04124,6.00334],[-73.04155,6.00219],[-73.04126,6.0016],[-73.04158,6.00151],[-73.04183,6.00092],[-73.04148,6.0005],[-73.04171,5.99947],[-73.04073,5.99771],[-73.04105,5.99638],[-73.04027,5.99427],[-73.04088,5.99111],[-73.04201,5.99053],[-73.04333,5.98854],[-73.04338,5.98791],[-73.04453,5.98689],[-73.04462,5.98591],[-73.04555,5.98437],[-73.04539,5.98295],[-73.04708,5.98143],[-73.04729,5.9799],[-73.04838,5.97881],[-73.04875,5.97767],[-73.04863,5.97563],[-73.04892,5.97506],[-73.04859,5.97473],[-73.04872,5.97352],[-73.04834,5.97268],[-73.04751,5.97254],[-73.04331,5.96955],[-73.0423,5.96785],[-73.04145,5.96736],[-73.04117,5.96687],[-73.04065,5.96444],[-73.0355,5.95988],[-73.03526,5.95867],[-73.03558,5.95267],[-73.03493,5.94832],[-73.03546,5.94675],[-73.03521,5.94567],[-73.03536,5.94469],[-73.03481,5.94264],[-73.03211,5.93969],[-73.03138,5.93854],[-73.02819,5.93652],[-73.02688,5.93484],[-73.02434,5.93306],[-73.02378,5.93234],[-73.02313,5.93063],[-73.02191,5.9293],[-73.0215,5.92805],[-73.02152,5.92592],[-73.02242,5.92327],[-73.0241,5.92098],[-73.02475,5.918],[-73.02448,5.91648],[-73.02667,5.91272],[-73.02655,5.91234],[-73.0259,5.91191],[-73.02559,5.91032],[-73.0233,5.9086],[-73.02255,5.90767],[-73.02202,5.9064],[-73.02184,5.9049],[-73.02095,5.90308],[-73.02047,5.90271],[-73.02042,5.90193],[-73.01909,5.89967],[-73.01884,5.89822],[-73.01749,5.89575],[-73.01641,5.89442],[-73.01649,5.89393],[-73.0161,5.89347],[-73.01606,5.89278],[-73.0175,5.89047],[-73.01687,5.88942],[-73.01693,5.88812],[-73.01657,5.88821],[-73.01653,5.88755],[-73.01602,5.88725],[-73.01593,5.88673],[-73.01506,5.88586],[-73.01414,5.88555],[-73.01402,5.88509],[-73.01328,5.885],[-73.01303,5.88468],[-73.01231,5.8827],[-73.01211,5.87962],[-73.01157,5.87899],[-73.01129,5.87805],[-73.01155,5.87735],[-73.01092,5.87643],[-73.0107,5.87551],[-73.01066,5.87505],[-73.01097,5.87452],[-73.01074,5.87388],[-73.01088,5.87332],[-73.01024,5.87179],[-73.00975,5.87161],[-73.00967,5.8709],[-73.00869,5.8701],[-73.00807,5.86745],[-73.00878,5.86604],[-73.0084,5.86575],[-73.00882,5.86528],[-73.00867,5.86425],[-73.00889,5.86388],[-73.00921,5.86363],[-73.01025,5.86375],[-73.01261,5.86161],[-73.01236,5.86016],[-73.01272,5.85829],[-73.01264,5.85666],[-73.01297,5.85605],[-73.01157,5.8531],[-73.01295,5.85156],[-73.013,5.85069],[-73.01255,5.84964],[-73.01291,5.84938],[-73.01412,5.84947],[-73.01437,5.84822],[-73.01436,5.84706],[-73.01376,5.84521],[-73.01443,5.8437],[-73.01441,5.84283],[-73.0147,5.84227],[-73.01457,5.84124],[-73.0148,5.84087],[-73.01483,5.83955],[-73.01476,5.83926],[-73.01389,5.8398],[-73.01349,5.83974],[-73.01379,5.83876],[-73.01294,5.83417],[-73.013,5.83359],[-73.01386,5.8321],[-73.01354,5.83161],[-73.01235,5.83094],[-73.0121,5.83021],[-73.01301,5.82971],[-73.01304,5.82943],[-73.01214,5.82939],[-73.01116,5.82551],[-73.01018,5.82433],[-73.00965,5.82424],[-73.00814,5.82466],[-73.00712,5.82539],[-73.00533,5.82855],[-73.00373,5.82898],[-73.00222,5.82985],[-73.00144,5.83078],[-73.00006,5.83173],[-72.9998,5.83169],[-72.99929,5.83083],[-72.99818,5.82826],[-72.9972,5.82898],[-72.99694,5.82857],[-72.9977,5.82762],[-72.9973,5.82703],[-72.99763,5.82616],[-72.99722,5.82399],[-72.99678,5.82307],[-72.99706,5.82233],[-72.99688,5.8209],[-72.99448,5.81304],[-72.99298,5.8115],[-72.99248,5.80871],[-72.99257,5.80561],[-72.99221,5.8052],[-72.99196,5.80497],[-72.99267,5.80413],[-72.99271,5.80355],[-72.99114,5.80236],[-72.99182,5.80101],[-72.99068,5.80057],[-72.99025,5.79977],[-72.99049,5.79832],[-72.99123,5.79779],[-72.99137,5.79709],[-72.98977,5.79607],[-72.98886,5.79511],[-72.9888,5.79448],[-72.9893,5.79302],[-72.98933,5.79102],[-72.98887,5.79069],[-72.9876,5.79069],[-72.98707,5.79029],[-72.98627,5.78652],[-72.98604,5.78664],[-72.98578,5.78619],[-72.97889,5.78836],[-72.9824,5.80056],[-72.98006,5.80145],[-72.97758,5.80151],[-72.97656,5.80177],[-72.9752,5.80319],[-72.97452,5.80331],[-72.97058,5.8027],[-72.969,5.80189],[-72.96719,5.80188],[-72.96525,5.80276],[-72.96431,5.80369],[-72.96038,5.80457],[-72.95703,5.80639],[-72.95563,5.80659],[-72.95419,5.8079],[-72.95321,5.80812],[-72.9501,5.80842],[-72.94835,5.80767],[-72.94557,5.8075],[-72.94325,5.80659],[-72.94256,5.80826],[-72.9433,5.80933],[-72.94514,5.81095],[-72.94571,5.8126],[-72.94616,5.81522],[-72.94599,5.8161],[-72.94634,5.81697],[-72.94655,5.82076],[-72.94784,5.8223],[-72.94879,5.82401],[-72.94833,5.82735],[-72.94848,5.8278],[-72.94982,5.8291],[-72.95205,5.83039],[-72.95333,5.83195],[-72.95435,5.83274],[-72.9549,5.83381],[-72.95613,5.83511],[-72.95843,5.83621],[-72.9589,5.83695],[-72.95968,5.83949],[-72.96134,5.84039],[-72.96253,5.84057],[-72.9629,5.84089],[-72.96726,5.84655],[-72.97125,5.84874],[-72.97332,5.85365],[-72.97506,5.85586],[-72.97576,5.85849],[-72.97514,5.85981],[-72.97281,5.8618],[-72.97147,5.86368],[-72.9689,5.86645],[-72.96703,5.86934],[-72.96565,5.87044],[-72.96304,5.87442],[-72.96029,5.87731],[-72.95902,5.88269],[-72.95829,5.88425],[-72.95601,5.88774],[-72.95505,5.8886],[-72.95445,5.88876],[-72.9531,5.88882],[-72.95221,5.8885],[-72.9512,5.89038],[-72.94994,5.89196],[-72.94969,5.89244],[-72.94984,5.89273],[-72.951,5.89411],[-72.95122,5.89621],[-72.95093,5.89796],[-72.94879,5.90255],[-72.94835,5.90447],[-72.94429,5.90881],[-72.94154,5.91042],[-72.94018,5.9118],[-72.93773,5.91124],[-72.93604,5.91127],[-72.93402,5.9105],[-72.93252,5.91064],[-72.93122,5.91139],[-72.93092,5.91187],[-72.9308,5.91298],[-72.93086,5.91478],[-72.9312,5.91564],[-72.93102,5.91681],[-72.92954,5.91893],[-72.93076,5.92162],[-72.9277,5.92442],[-72.92976,5.92415],[-72.93268,5.92264],[-72.93455,5.92296],[-72.93489,5.9231],[-72.93507,5.92461],[-72.93642,5.92631],[-72.93661,5.92708],[-72.93737,5.92763],[-72.93779,5.92865],[-72.93832,5.92894],[-72.94002,5.92906],[-72.94232,5.92877],[-72.94319,5.92785],[-72.94599,5.92764],[-72.9465,5.92681],[-72.9483,5.92761],[-72.95006,5.92899],[-72.95084,5.92805],[-72.9511,5.92699],[-72.95156,5.92678],[-72.95298,5.92738],[-72.95377,5.9274],[-72.9549,5.92847],[-72.9562,5.92839],[-72.95729,5.92876],[-72.95843,5.92835],[-72.95981,5.92744],[-72.96034,5.92778],[-72.96085,5.9288],[-72.96203,5.92956],[-72.96331,5.92994],[-72.9662,5.92828],[-72.96637,5.92745],[-72.96699,5.92663],[-72.97121,5.9263],[-72.97265,5.92692],[-72.97385,5.92685],[-72.97877,5.92818],[-72.98005,5.92814],[-72.98166,5.92874],[-72.98177,5.92823],[-72.98205,5.92827],[-72.9835,5.92925],[-72.98366,5.92896],[-72.9849,5.93002],[-72.98558,5.92994],[-72.98582,5.93068],[-72.98656,5.93143],[-72.9918,5.93244],[-72.9938,5.93341],[-72.99465,5.93497],[-72.9955,5.93579],[-73.00054,5.93795],[-73.00191,5.93908],[-73.00451,5.94413],[-73.00462,5.94497],[-73.00405,5.94576],[-73.00034,5.94843],[-73.00118,5.95108],[-73.00501,5.95705],[-73.00551,5.95908],[-73.00806,5.96135],[-73.01058,5.96255],[-73.01124,5.96311]]]},"properties":{"DPTO_CCDGO":"15","MPIO_CCDGO":"693","DPTO_CNMBR":"BOYACÁ","MPIO_CNMBR":"SANTA ROSA DE VITERBO","MPIO_NAREA":"116.706092419","Shape_Leng":"0.726840247163","Shape_Area":"0.00952692584708"}},{"type":"Feature","geometry":{"type":"Polygon","coordinates":[[[-73.58238,5.79005],[-73.58311,5.78936],[-73.58438,5.79076],[-73.58559,5.79131],[-73.58477,5.79169],[-73.58485,5.7922],[-73.58658,5.79263],[-73.58816,5.79233],[-73.58864,5.79295],[-73.58837,5.7941],[-73.58901,5.79394],[-73.5896,5.79454],[-73.59153,5.79482],[-73.5919,5.79528],[-73.59273,5.79517],[-73.59305,5.79566],[-73.59389,5.79483],[-73.59513,5.79499],[-73.59531,5.79451],[-73.59617,5.79429],[-73.59661,5.79348],[-73.5979,5.79315],[-73.59895,5.79243],[-73.59937,5.79176],[-73.60005,5.79188],[-73.60014,5.79146],[-73.60047,5.79147],[-73.60081,5.79094],[-73.60262,5.79015],[-73.60336,5.78908],[-73.60489,5.7884],[-73.60588,5.78756],[-73.60769,5.7875],[-73.60908,5.78679],[-73.61113,5.78529],[-73.61254,5.78362],[-73.61385,5.78336],[-73.61433,5.78283],[-73.61614,5.78186],[-73.61853,5.78251],[-73.61931,5.78203],[-73.62065,5.78185],[-73.62623,5.77857],[-73.62572,5.77224],[-73.62607,5.76841],[-73.62742,5.76478],[-73.62892,5.76253],[-73.62955,5.75845],[-73.62957,5.75648],[-73.6302,5.75607],[-73.63039,5.75564],[-73.62977,5.75401],[-73.63007,5.75141],[-73.6295,5.74746],[-73.63,5.74437],[-73.63106,5.74332],[-73.63147,5.74085],[-73.63349,5.73891],[-73.63604,5.73802],[-73.63635,5.73744],[-73.63613,5.73705],[-73.6363,5.73598],[-73.63738,5.73207],[-73.63719,5.72968],[-73.6377,5.72875],[-73.63791,5.72766],[-73.63892,5.72661],[-73.63878,5.7241],[-73.63955,5.72327],[-73.64093,5.72048],[-73.64331,5.71738],[-73.64401,5.71521],[-73.64469,5.71507],[-73.64678,5.71332],[-73.65176,5.71239],[-73.65194,5.70946],[-73.65322,5.70252],[-73.64697,5.69991],[-73.64534,5.69971],[-73.64475,5.69894],[-73.64359,5.69826],[-73.64259,5.69867],[-73.64149,5.6982],[-73.64002,5.69918],[-73.63813,5.69874],[-73.63756,5.69892],[-73.63672,5.69838],[-73.63634,5.69842],[-73.63515,5.69727],[-73.63453,5.6954],[-73.63245,5.69338],[-73.62866,5.69417],[-73.62792,5.69408],[-73.6277,5.69442],[-73.62618,5.69514],[-73.62553,5.69472],[-73.6235,5.69477],[-73.62241,5.6944],[-73.62216,5.69413],[-73.62217,5.69359],[-73.62271,5.69236],[-73.62196,5.69144],[-73.62204,5.69064],[-73.62168,5.69018],[-73.62175,5.68968],[-73.6213,5.68876],[-73.62057,5.68806],[-73.61993,5.68789],[-73.61949,5.68732],[-73.61886,5.6872],[-73.61815,5.68627],[-73.61642,5.6859],[-73.61495,5.68505],[-73.61418,5.68497],[-73.61297,5.68558],[-73.61261,5.68516],[-73.61113,5.68451],[-73.61024,5.68362],[-73.60908,5.68333],[-73.60691,5.68339],[-73.60598,5.68196],[-73.60409,5.68206],[-73.60295,5.68078],[-73.59981,5.6804],[-73.59825,5.68068],[-73.59671,5.68029],[-73.59559,5.68065],[-73.59495,5.68032],[-73.5947,5.68054],[-73.59351,5.68055],[-73.59314,5.68004],[-73.59229,5.67991],[-73.59001,5.6786],[-73.58901,5.67741],[-73.58801,5.67668],[-73.58705,5.67686],[-73.58527,5.67631],[-73.58453,5.67644],[-73.58362,5.67621],[-73.58298,5.6768],[-73.58071,5.67696],[-73.57855,5.67593],[-73.57776,5.67517],[-73.57706,5.67713],[-73.57756,5.67775],[-73.57792,5.67919],[-73.57753,5.68058],[-73.57689,5.68169],[-73.57668,5.6832],[-73.57542,5.68674],[-73.57536,5.69016],[-73.57634,5.69217],[-73.57573,5.69261],[-73.57413,5.69197],[-73.57372,5.69201],[-73.57343,5.69245],[-73.57196,5.69639],[-73.57083,5.69787],[-73.56992,5.70183],[-73.5682,5.70395],[-73.56845,5.70459],[-73.56904,5.70465],[-73.56949,5.70511],[-73.56968,5.70623],[-73.56914,5.70661],[-73.56762,5.70623],[-73.56617,5.7067],[-73.56484,5.70799],[-73.56473,5.71038],[-73.56549,5.71139],[-73.56704,5.71085],[-73.56771,5.71124],[-73.56784,5.71217],[-73.56671,5.71364],[-73.56684,5.71464],[-73.56781,5.71663],[-73.56634,5.71819],[-73.56758,5.71889],[-73.56842,5.7202],[-73.56881,5.72255],[-73.56804,5.724],[-73.5681,5.72447],[-73.56973,5.72529],[-73.57198,5.72501],[-73.57295,5.72515],[-73.57373,5.72575],[-73.57348,5.72924],[-73.57201,5.73064],[-73.57369,5.73306],[-73.57548,5.73469],[-73.57536,5.73526],[-73.57481,5.73545],[-73.57376,5.73666],[-73.57371,5.7385],[-73.57232,5.739],[-73.57193,5.73946],[-73.57195,5.74085],[-73.57312,5.74203],[-73.57682,5.74344],[-73.57842,5.7445],[-73.57915,5.74523],[-73.5796,5.74645],[-73.58085,5.74776],[-73.58118,5.74855],[-73.58085,5.75119],[-73.58063,5.75152],[-73.57976,5.75186],[-73.57961,5.75371],[-73.57981,5.75518],[-73.58059,5.75655],[-73.5804,5.75779],[-73.58081,5.76107],[-73.58162,5.76259],[-73.58077,5.76499],[-73.58142,5.77005],[-73.58204,5.77174],[-73.58156,5.77264],[-73.57956,5.77173],[-73.57897,5.77183],[-73.57856,5.7729],[-73.57851,5.77405],[-73.57883,5.77674],[-73.57823,5.77721],[-73.57706,5.77712],[-73.57645,5.77667],[-73.57619,5.77417],[-73.57591,5.77355],[-73.57462,5.77413],[-73.57309,5.77321],[-73.57008,5.77353],[-73.56742,5.77456],[-73.56725,5.7753],[-73.56917,5.77838],[-73.5709,5.78036],[-73.57296,5.78152],[-73.57596,5.78376],[-73.57781,5.78431],[-73.57787,5.78535],[-73.58023,5.78471],[-73.58112,5.78484],[-73.58283,5.78565],[-73.58309,5.78631],[-73.58171,5.78738],[-73.58174,5.78836],[-73.58238,5.79005]]]},"properties":{"DPTO_CCDGO":"15","MPIO_CCDGO":"696","DPTO_CNMBR":"BOYACÁ","MPIO_CNMBR":"SANTA SOFÍA","MPIO_NAREA":"77.5628164374","Shape_Leng":"0.421030187163","Shape_Area":"0.00633165592919"}},{"type":"Feature","geometry":{"type":"Polygon","coordinates":[[[-72.63538,6.18057],[-72.63704,6.17982],[-72.63785,6.18011],[-72.63957,6.18009],[-72.64537,6.18092],[-72.64687,6.18149],[-72.64759,6.18142],[-72.65084,6.18011],[-72.65391,6.17977],[-72.65772,6.17976],[-72.65987,6.17943],[-72.66136,6.17977],[-72.66271,6.18052],[-72.66481,6.18087],[-72.66562,6.18125],[-72.66667,6.18136],[-72.66734,6.18116],[-72.66856,6.18162],[-72.66978,6.18162],[-72.67147,6.18315],[-72.67251,6.18354],[-72.67612,6.18317],[-72.67841,6.18337],[-72.68069,6.183],[-72.68081,6.18199],[-72.68136,6.18086],[-72.6823,6.18052],[-72.68387,6.18067],[-72.68477,6.18014],[-72.68546,6.18011],[-72.68606,6.17962],[-72.68768,6.17911],[-72.68809,6.17844],[-72.68941,6.17748],[-72.69076,6.17549],[-72.69095,6.17476],[-72.6905,6.17279],[-72.69061,6.17234],[-72.69204,6.17094],[-72.69284,6.16881],[-72.69377,6.1676],[-72.69624,6.16671],[-72.69823,6.16669],[-72.70196,6.16453],[-72.70437,6.16409],[-72.70866,6.1623],[-72.70931,6.16161],[-72.71004,6.16014],[-72.71134,6.15942],[-72.71236,6.1583],[-72.71465,6.1577],[-72.71587,6.15768],[-72.71666,6.15653],[-72.71883,6.15698],[-72.72156,6.15664],[-72.72236,6.15772],[-72.72235,6.15835],[-72.72431,6.15885],[-72.72654,6.15826],[-72.72742,6.15772],[-72.73076,6.15796],[-72.73276,6.15771],[-72.73454,6.15706],[-72.73598,6.15706],[-72.73679,6.15752],[-72.73737,6.15743],[-72.73785,6.15783],[-72.73847,6.1579],[-72.74065,6.15682],[-72.74329,6.1563],[-72.74519,6.15447],[-72.74806,6.15248],[-72.74882,6.15154],[-72.74962,6.15234],[-72.75127,6.15266],[-72.7532,6.15371],[-72.75424,6.15385],[-72.75605,6.1535],[-72.75825,6.15398],[-72.75923,6.15382],[-72.7596,6.1543],[-72.76018,6.15444],[-72.76105,6.15425],[-72.76267,6.15334],[-72.764,6.15313],[-72.76475,6.15187],[-72.7664,6.15046],[-72.76806,6.14993],[-72.76725,6.15306],[-72.76742,6.15367],[-72.76725,6.15534],[-72.76771,6.1558],[-72.76772,6.15855],[-72.76837,6.1601],[-72.76802,6.16218],[-72.76862,6.16365],[-72.76854,6.16519],[-72.76752,6.16757],[-72.76508,6.16983],[-72.76335,6.17069],[-72.76125,6.17257],[-72.76147,6.17374],[-72.76308,6.17455],[-72.76317,6.17482],[-72.76284,6.17514],[-72.76325,6.17551],[-72.76479,6.17618],[-72.76647,6.17598],[-72.76661,6.17683],[-72.767,6.17709],[-72.76787,6.17689],[-72.76827,6.1772],[-72.7698,6.17745],[-72.77009,6.17719],[-72.77006,6.17673],[-72.77188,6.17666],[-72.77246,6.17692],[-72.77367,6.1764],[-72.77474,6.17647],[-72.77517,6.17603],[-72.77599,6.17678],[-72.77718,6.17637],[-72.77824,6.17681],[-72.77933,6.17686],[-72.77924,6.17729],[-72.77968,6.17735],[-72.78037,6.17829],[-72.78151,6.17848],[-72.78212,6.17976],[-72.78244,6.17988],[-72.78242,6.18023],[-72.7827,6.18025],[-72.78585,6.1796],[-72.78651,6.17875],[-72.78717,6.17845],[-72.78974,6.17844],[-72.79406,6.17735],[-72.798,6.1747],[-72.79937,6.17473],[-72.80034,6.17315],[-72.80223,6.1734],[-72.8026,6.17319],[-72.80317,6.17255],[-72.8034,6.17145],[-72.80489,6.17079],[-72.80555,6.16947],[-72.80717,6.16847],[-72.80812,6.16652],[-72.80905,6.16566],[-72.80958,6.16267],[-72.80941,6.15978],[-72.8107,6.16056],[-72.81311,6.16103],[-72.81469,6.16064],[-72.8172,6.15882],[-72.82071,6.15702],[-72.82306,6.15773],[-72.82541,6.15805],[-72.82753,6.15411],[-72.82853,6.15288],[-72.82862,6.14975],[-72.82945,6.14526],[-72.82934,6.14126],[-72.83108,6.13888],[-72.83161,6.13769],[-72.83449,6.13742],[-72.83552,6.13633],[-72.83568,6.13413],[-72.83614,6.13315],[-72.8367,6.13264],[-72.83749,6.13256],[-72.83754,6.13062],[-72.83608,6.12797],[-72.83532,6.12512],[-72.83434,6.12463],[-72.83052,6.12131],[-72.82929,6.12119],[-72.82901,6.12089],[-72.82634,6.12127],[-72.82549,6.12059],[-72.82425,6.11841],[-72.82324,6.11763],[-72.82313,6.11701],[-72.82349,6.11676],[-72.82476,6.11807],[-72.82514,6.11808],[-72.82533,6.11558],[-72.82641,6.11543],[-72.82709,6.11447],[-72.82564,6.11266],[-72.82345,6.11115],[-72.82171,6.10842],[-72.81939,6.10733],[-72.81855,6.10659],[-72.817,6.10625],[-72.81549,6.10688],[-72.81396,6.10836],[-72.81284,6.10858],[-72.81118,6.10819],[-72.80935,6.10713],[-72.80922,6.10548],[-72.80851,6.10461],[-72.80943,6.09731],[-72.81041,6.0952],[-72.80805,6.09483],[-72.80674,6.09423],[-72.80572,6.09222],[-72.80503,6.09153],[-72.80405,6.0908],[-72.80203,6.09032],[-72.80138,6.09099],[-72.79993,6.09172],[-72.79883,6.09372],[-72.79781,6.09682],[-72.79622,6.09906],[-72.79492,6.09996],[-72.79405,6.10264],[-72.79369,6.10288],[-72.79025,6.10217],[-72.78507,6.1033],[-72.78354,6.10391],[-72.78232,6.10324],[-72.78067,6.10515],[-72.77649,6.10411],[-72.77548,6.10337],[-72.77247,6.10353],[-72.77003,6.10279],[-72.76745,6.10553],[-72.76608,6.10548],[-72.76385,6.10715],[-72.76282,6.10737],[-72.76059,6.10671],[-72.75914,6.10476],[-72.75635,6.10383],[-72.75503,6.10273],[-72.75272,6.10413],[-72.75196,6.10422],[-72.75144,6.10399],[-72.74938,6.10004],[-72.74683,6.09775],[-72.74502,6.0982],[-72.74243,6.09779],[-72.74021,6.09784],[-72.73803,6.09896],[-72.73715,6.09885],[-72.73587,6.09919],[-72.73187,6.09839],[-72.72604,6.09782],[-72.72268,6.09806],[-72.72056,6.09909],[-72.7189,6.09912],[-72.7179,6.09992],[-72.71467,6.10138],[-72.71224,6.10191],[-72.70978,6.10068],[-72.7091,6.09988],[-72.70802,6.10064],[-72.70722,6.09946],[-72.70606,6.09904],[-72.70618,6.09713],[-72.70487,6.09756],[-72.70488,6.09847],[-72.70248,6.09733],[-72.70219,6.0968],[-72.70224,6.09481],[-72.7017,6.09381],[-72.70183,6.09248],[-72.70137,6.09103],[-72.70149,6.08824],[-72.69789,6.08758],[-72.69751,6.087],[-72.6971,6.08307],[-72.69827,6.08033],[-72.6981,6.07885],[-72.69852,6.07821],[-72.69858,6.07727],[-72.69946,6.07746],[-72.69998,6.07721],[-72.70137,6.0772],[-72.70175,6.07654],[-72.70147,6.07583],[-72.70029,6.07634],[-72.69538,6.07515],[-72.69444,6.07566],[-72.69308,6.07547],[-72.69179,6.07653],[-72.68895,6.07593],[-72.68797,6.07521],[-72.68719,6.0738],[-72.68484,6.07191],[-72.68107,6.07314],[-72.68011,6.07289],[-72.67893,6.07175],[-72.67881,6.06891],[-72.67791,6.06895],[-72.67724,6.06866],[-72.67585,6.06854],[-72.67336,6.06882],[-72.67371,6.06969],[-72.67256,6.07186],[-72.67255,6.07322],[-72.67218,6.07384],[-72.67205,6.07529],[-72.67167,6.07594],[-72.67057,6.07678],[-72.66786,6.07771],[-72.66583,6.07905],[-72.66501,6.08005],[-72.66368,6.08006],[-72.66226,6.08176],[-72.66058,6.08279],[-72.65965,6.08296],[-72.65846,6.08258],[-72.65559,6.08297],[-72.6544,6.08261],[-72.65316,6.08607],[-72.65402,6.08768],[-72.65411,6.08921],[-72.65326,6.08998],[-72.65312,6.09089],[-72.65419,6.09361],[-72.6535,6.09641],[-72.65454,6.09815],[-72.65483,6.09925],[-72.65432,6.10159],[-72.65442,6.10229],[-72.65529,6.10372],[-72.65496,6.10603],[-72.65558,6.10924],[-72.6551,6.11274],[-72.65578,6.11446],[-72.65618,6.11652],[-72.65439,6.1196],[-72.65422,6.12132],[-72.65442,6.12284],[-72.65378,6.12456],[-72.65322,6.13156],[-72.65145,6.13389],[-72.65108,6.13503],[-72.65092,6.13689],[-72.65003,6.13897],[-72.65008,6.14095],[-72.64851,6.14324],[-72.64844,6.14497],[-72.64876,6.1466],[-72.64865,6.14996],[-72.64745,6.1515],[-72.64532,6.15578],[-72.64506,6.1568],[-72.64529,6.15837],[-72.64512,6.15923],[-72.64301,6.16156],[-72.6422,6.16297],[-72.6431,6.16545],[-72.644,6.16698],[-72.64052,6.16913],[-72.63861,6.17065],[-72.63805,6.17344],[-72.63818,6.17656],[-72.63608,6.17893],[-72.63527,6.17945],[-72.63509,6.1799],[-72.63538,6.18057]]]},"properties":{"DPTO_CCDGO":"15","MPIO_CCDGO":"720","DPTO_CNMBR":"BOYACÁ","MPIO_CNMBR":"SATIVANORTE","MPIO_NAREA":"161.310164605","Shape_Leng":"0.703267975383","Shape_Area":"0.0131711238067"}},{"type":"Feature","geometry":{"type":"Polygon","coordinates":[[[-72.6544,6.08261],[-72.65559,6.08297],[-72.65846,6.08258],[-72.65965,6.08296],[-72.66058,6.08279],[-72.66226,6.08176],[-72.66368,6.08006],[-72.66501,6.08005],[-72.66583,6.07905],[-72.66786,6.07771],[-72.67057,6.07678],[-72.67167,6.07594],[-72.67205,6.07529],[-72.67218,6.07384],[-72.67255,6.07322],[-72.67256,6.07186],[-72.67371,6.06969],[-72.67336,6.06882],[-72.67585,6.06854],[-72.67724,6.06866],[-72.67791,6.06895],[-72.67881,6.06891],[-72.67893,6.07175],[-72.68011,6.07289],[-72.68107,6.07314],[-72.68484,6.07191],[-72.68719,6.0738],[-72.68797,6.07521],[-72.68895,6.07593],[-72.69179,6.07653],[-72.69308,6.07547],[-72.69444,6.07566],[-72.69538,6.07515],[-72.70029,6.07634],[-72.70147,6.07583],[-72.70175,6.07654],[-72.70137,6.0772],[-72.69998,6.07721],[-72.69946,6.07746],[-72.69858,6.07727],[-72.69852,6.07821],[-72.6981,6.07885],[-72.69827,6.08033],[-72.6971,6.08307],[-72.69751,6.087],[-72.69789,6.08758],[-72.70149,6.08824],[-72.70137,6.09103],[-72.70183,6.09248],[-72.7017,6.09381],[-72.70224,6.09481],[-72.70219,6.0968],[-72.70248,6.09733],[-72.70488,6.09847],[-72.70487,6.09756],[-72.70618,6.09713],[-72.70606,6.09904],[-72.70722,6.09946],[-72.70802,6.10064],[-72.7091,6.09988],[-72.70978,6.10068],[-72.71224,6.10191],[-72.71467,6.10138],[-72.7179,6.09992],[-72.7189,6.09912],[-72.72056,6.09909],[-72.72268,6.09806],[-72.72604,6.09782],[-72.73187,6.09839],[-72.73587,6.09919],[-72.73715,6.09885],[-72.73803,6.09896],[-72.74021,6.09784],[-72.74243,6.09779],[-72.74502,6.0982],[-72.74683,6.09775],[-72.74938,6.10004],[-72.75144,6.10399],[-72.75196,6.10422],[-72.75272,6.10413],[-72.75503,6.10273],[-72.75635,6.10383],[-72.75914,6.10476],[-72.76059,6.10671],[-72.76282,6.10737],[-72.76385,6.10715],[-72.76608,6.10548],[-72.76745,6.10553],[-72.77003,6.10279],[-72.77247,6.10353],[-72.77548,6.10337],[-72.77649,6.10411],[-72.78067,6.10515],[-72.78232,6.10324],[-72.78354,6.10391],[-72.78507,6.1033],[-72.79025,6.10217],[-72.79369,6.10288],[-72.79405,6.10264],[-72.79492,6.09996],[-72.7918,6.09747],[-72.79039,6.09682],[-72.78901,6.09497],[-72.78751,6.09355],[-72.78333,6.09253],[-72.78287,6.09179],[-72.78249,6.08972],[-72.7809,6.0884],[-72.77924,6.08614],[-72.77693,6.08448],[-72.77391,6.08373],[-72.77064,6.08178],[-72.76827,6.0822],[-72.76349,6.08152],[-72.76036,6.08195],[-72.757,6.08176],[-72.75602,6.08125],[-72.75349,6.07906],[-72.75175,6.07831],[-72.75007,6.07771],[-72.74699,6.07721],[-72.74584,6.07656],[-72.74415,6.0766],[-72.74303,6.07542],[-72.74059,6.07392],[-72.73946,6.07358],[-72.74072,6.07263],[-72.73897,6.07116],[-72.73472,6.07096],[-72.73209,6.06886],[-72.73173,6.06935],[-72.73134,6.06877],[-72.73048,6.06846],[-72.72701,6.06834],[-72.7257,6.0688],[-72.72488,6.06831],[-72.72481,6.06797],[-72.724,6.06875],[-72.72257,6.06781],[-72.72143,6.06644],[-72.71906,6.06563],[-72.71861,6.0649],[-72.71857,6.06285],[-72.71829,6.06238],[-72.71804,6.06217],[-72.71696,6.06288],[-72.71629,6.06255],[-72.7157,6.05981],[-72.71498,6.05795],[-72.71681,6.05295],[-72.71683,6.04971],[-72.71577,6.04802],[-72.71595,6.04769],[-72.71547,6.04709],[-72.71598,6.04599],[-72.71769,6.04509],[-72.71814,6.04437],[-72.71977,6.03954],[-72.72003,6.03789],[-72.71976,6.03542],[-72.7189,6.03418],[-72.71797,6.03339],[-72.71859,6.03263],[-72.71801,6.03111],[-72.71817,6.03026],[-72.71965,6.02774],[-72.71657,6.02768],[-72.71479,6.02726],[-72.71384,6.02665],[-72.71249,6.02524],[-72.71229,6.02435],[-72.71128,6.02311],[-72.70726,6.02118],[-72.70439,6.01834],[-72.7027,6.01777],[-72.70161,6.01834],[-72.70167,6.01915],[-72.70126,6.02051],[-72.69919,6.02194],[-72.69769,6.02541],[-72.69389,6.02869],[-72.69199,6.02928],[-72.68897,6.03245],[-72.68801,6.03462],[-72.68769,6.03704],[-72.68651,6.03769],[-72.68427,6.03752],[-72.6832,6.03768],[-72.68147,6.0392],[-72.68024,6.04164],[-72.68039,6.04471],[-72.67947,6.04608],[-72.67864,6.04858],[-72.67707,6.04985],[-72.67498,6.04968],[-72.67322,6.05084],[-72.67189,6.05082],[-72.67043,6.05322],[-72.66889,6.05356],[-72.66717,6.05526],[-72.66255,6.05612],[-72.661,6.05592],[-72.66022,6.05622],[-72.65903,6.05786],[-72.65792,6.06075],[-72.65705,6.06196],[-72.65701,6.06311],[-72.65627,6.06718],[-72.65592,6.06791],[-72.65505,6.06852],[-72.65459,6.06929],[-72.65334,6.07601],[-72.6544,6.08261]]]},"properties":{"DPTO_CCDGO":"15","MPIO_CCDGO":"723","DPTO_CNMBR":"BOYACÁ","MPIO_CNMBR":"SATIVASUR","MPIO_NAREA":"54.8846810771","Shape_Leng":"0.455346953563","Shape_Area":"0.00448083153141"}},{"type":"Feature","geometry":{"type":"Polygon","coordinates":[[[-73.135,5.50562],[-73.13912,5.50926],[-73.14594,5.51238],[-73.14984,5.51474],[-73.15392,5.51615],[-73.15733,5.51807],[-73.16046,5.51924],[-73.16852,5.52304],[-73.17122,5.52374],[-73.17528,5.52551],[-73.17721,5.52589],[-73.18402,5.53061],[-73.18478,5.53129],[-73.18566,5.53267],[-73.1866,5.533],[-73.18754,5.53393],[-73.19496,5.53703],[-73.19517,5.53772],[-73.19629,5.53879],[-73.19688,5.54203],[-73.19757,5.54282],[-73.20036,5.54286],[-73.20253,5.54234],[-73.20319,5.54189],[-73.20404,5.54239],[-73.20464,5.54228],[-73.20592,5.5444],[-73.20713,5.54539],[-73.20815,5.54733],[-73.21004,5.5495],[-73.21156,5.54841],[-73.21228,5.54752],[-73.21427,5.54637],[-73.2151,5.5453],[-73.21587,5.5454],[-73.2181,5.54633],[-73.21811,5.54852],[-73.22185,5.55227],[-73.22379,5.5518],[-73.2243,5.55286],[-73.22558,5.55363],[-73.22795,5.55392],[-73.22719,5.5536],[-73.22721,5.55325],[-73.22776,5.55258],[-73.22847,5.55241],[-73.22894,5.55176],[-73.22997,5.55153],[-73.23002,5.55094],[-73.22932,5.55045],[-73.22961,5.54998],[-73.23077,5.54922],[-73.23147,5.54694],[-73.23104,5.54617],[-73.23111,5.54569],[-73.23168,5.5446],[-73.23259,5.54384],[-73.2324,5.54311],[-73.2313,5.54244],[-73.23127,5.54217],[-73.23244,5.54106],[-73.23336,5.54068],[-73.23358,5.53993],[-73.23504,5.53983],[-73.23569,5.53952],[-73.23661,5.53768],[-73.2376,5.53714],[-73.2378,5.53389],[-73.23947,5.5338],[-73.23983,5.53341],[-73.24052,5.53341],[-73.24126,5.53294],[-73.24262,5.53309],[-73.24292,5.53261],[-73.24413,5.53261],[-73.24499,5.53227],[-73.24607,5.53307],[-73.24793,5.53334],[-73.24884,5.53484],[-73.25058,5.53543],[-73.2534,5.53998],[-73.25451,5.54026],[-73.25561,5.54012],[-73.25832,5.53911],[-73.25959,5.5389],[-73.26039,5.53702],[-73.26172,5.53608],[-73.26232,5.53488],[-73.26327,5.53398],[-73.2642,5.53208],[-73.26529,5.53133],[-73.26712,5.5305],[-73.26831,5.53038],[-73.26959,5.53094],[-73.27069,5.53208],[-73.27169,5.53215],[-73.27211,5.53166],[-73.27308,5.52927],[-73.27723,5.52392],[-73.28016,5.52343],[-73.28093,5.52356],[-73.28102,5.52321],[-73.283,5.5234],[-73.28476,5.52417],[-73.28449,5.52319],[-73.28468,5.51759],[-73.28144,5.51529],[-73.2804,5.51419],[-73.28,5.51304],[-73.28005,5.51202],[-73.27956,5.51134],[-73.27913,5.50937],[-73.27888,5.50795],[-73.27908,5.50745],[-73.27839,5.50707],[-73.27847,5.5062],[-73.2794,5.505],[-73.28769,5.49686],[-73.28789,5.49566],[-73.28752,5.4887],[-73.28726,5.48871],[-73.28662,5.48628],[-73.28592,5.48538],[-73.28314,5.48776],[-73.27994,5.4864],[-73.27588,5.48377],[-73.27554,5.48265],[-73.27531,5.47938],[-73.27618,5.47746],[-73.27577,5.47548],[-73.27589,5.47446],[-73.27438,5.47441],[-73.27263,5.47539],[-73.27155,5.4748],[-73.2694,5.47492],[-73.26828,5.47408],[-73.26688,5.47456],[-73.26696,5.47281],[-73.26662,5.47109],[-73.26571,5.46989],[-73.26282,5.4678],[-73.26206,5.46684],[-73.26187,5.46622],[-73.2622,5.46248],[-73.26209,5.46172],[-73.26166,5.46131],[-73.25547,5.46067],[-73.25364,5.46011],[-73.25127,5.45895],[-73.24825,5.45816],[-73.247,5.45527],[-73.24604,5.45646],[-73.24477,5.45741],[-73.24153,5.45703],[-73.23879,5.45712],[-73.23604,5.45628],[-73.23386,5.45618],[-73.23289,5.45585],[-73.22944,5.4534],[-73.22745,5.45123],[-73.22551,5.44969],[-73.22195,5.44771],[-73.21997,5.44629],[-73.21838,5.44461],[-73.21567,5.44021],[-73.21533,5.44206],[-73.21608,5.44326],[-73.21609,5.44373],[-73.21568,5.44483],[-73.21511,5.44565],[-73.21399,5.44641],[-73.2118,5.44726],[-73.21001,5.44965],[-73.20827,5.45333],[-73.20644,5.45406],[-73.206,5.45502],[-73.20415,5.45685],[-73.19852,5.45674],[-73.19591,5.45812],[-73.19444,5.45855],[-73.19022,5.46156],[-73.18952,5.46286],[-73.18882,5.46352],[-73.18822,5.46377],[-73.18676,5.46356],[-73.18649,5.46377],[-73.18658,5.46505],[-73.18628,5.46555],[-73.18545,5.46537],[-73.18252,5.4656],[-73.18032,5.46548],[-73.17662,5.46744],[-73.1747,5.46749],[-73.1742,5.46775],[-73.17295,5.46905],[-73.17161,5.46986],[-73.17068,5.47217],[-73.16799,5.47502],[-73.16685,5.47544],[-73.16615,5.47666],[-73.16385,5.47939],[-73.15669,5.47989],[-73.15449,5.47923],[-73.15365,5.47932],[-73.15266,5.47993],[-73.14973,5.48041],[-73.14845,5.48103],[-73.14729,5.48205],[-73.14729,5.48205],[-73.14492,5.47976],[-73.14389,5.48214],[-73.14364,5.48236],[-73.14242,5.48247],[-73.1409,5.48414],[-73.14087,5.48701],[-73.14187,5.49258],[-73.14164,5.49489],[-73.141,5.49572],[-73.14052,5.49734],[-73.14048,5.49979],[-73.13834,5.50339],[-73.1358,5.50461],[-73.135,5.50562]]]},"properties":{"DPTO_CCDGO":"15","MPIO_CCDGO":"740","DPTO_CNMBR":"BOYACÁ","MPIO_CNMBR":"SIACHOQUE","MPIO_NAREA":"119.222966971","Shape_Leng":"0.483355012476","Shape_Area":"0.00972716856123"}},{"type":"Feature","geometry":{"type":"Polygon","coordinates":[[[-72.65503,6.3779],[-72.65919,6.37777],[-72.66086,6.37723],[-72.6627,6.37815],[-72.6638,6.37836],[-72.66781,6.3774],[-72.66937,6.37802],[-72.67032,6.37922],[-72.67086,6.37932],[-72.6719,6.37883],[-72.67304,6.3789],[-72.67369,6.3785],[-72.674,6.37765],[-72.67474,6.37771],[-72.67594,6.37836],[-72.67598,6.37913],[-72.68161,6.38466],[-72.68248,6.38529],[-72.68321,6.38535],[-72.6846,6.38603],[-72.68729,6.38353],[-72.6881,6.38357],[-72.68887,6.38395],[-72.68923,6.38447],[-72.69018,6.3848],[-72.69146,6.38444],[-72.69207,6.38467],[-72.69269,6.38429],[-72.69348,6.38462],[-72.69434,6.38412],[-72.69551,6.38413],[-72.69624,6.38354],[-72.69648,6.38394],[-72.69826,6.38405],[-72.70038,6.38354],[-72.7011,6.38484],[-72.70302,6.38369],[-72.70446,6.38321],[-72.70622,6.38204],[-72.7076,6.38053],[-72.70836,6.38013],[-72.70949,6.3804],[-72.71042,6.38171],[-72.71146,6.38204],[-72.71333,6.38349],[-72.71422,6.38365],[-72.7141,6.38068],[-72.71551,6.37854],[-72.71643,6.37643],[-72.7189,6.37363],[-72.72173,6.37126],[-72.72237,6.37146],[-72.72379,6.3708],[-72.72577,6.37163],[-72.72745,6.36908],[-72.72954,6.36835],[-72.73129,6.36672],[-72.73128,6.36232],[-72.73205,6.35996],[-72.73192,6.35886],[-72.73129,6.35749],[-72.73144,6.35693],[-72.73245,6.35614],[-72.73303,6.35529],[-72.73743,6.35491],[-72.73903,6.35421],[-72.74521,6.34957],[-72.74838,6.34763],[-72.74854,6.34587],[-72.74911,6.34371],[-72.74927,6.34184],[-72.74907,6.33931],[-72.74928,6.33776],[-72.75074,6.3354],[-72.75076,6.33436],[-72.75001,6.3321],[-72.75075,6.32722],[-72.75033,6.32563],[-72.74964,6.32438],[-72.74995,6.32364],[-72.75219,6.32241],[-72.75318,6.31985],[-72.75389,6.31884],[-72.75714,6.31751],[-72.75758,6.317],[-72.75801,6.31304],[-72.75681,6.3096],[-72.75813,6.30681],[-72.75826,6.30589],[-72.75751,6.30266],[-72.75678,6.30119],[-72.75584,6.30009],[-72.75475,6.29741],[-72.75436,6.29611],[-72.75445,6.29394],[-72.75402,6.29231],[-72.75495,6.287],[-72.75491,6.28072],[-72.75464,6.27964],[-72.75399,6.27888],[-72.75239,6.27847],[-72.74928,6.2766],[-72.74697,6.27629],[-72.74586,6.27488],[-72.74388,6.27729],[-72.74294,6.27796],[-72.74202,6.27964],[-72.74078,6.28397],[-72.74077,6.28546],[-72.74023,6.2864],[-72.74033,6.2875],[-72.74007,6.28817],[-72.73933,6.28892],[-72.7371,6.28962],[-72.73596,6.29041],[-72.73506,6.2922],[-72.73381,6.29385],[-72.73315,6.29561],[-72.73238,6.29609],[-72.73091,6.29645],[-72.73014,6.29712],[-72.72812,6.29722],[-72.72774,6.29764],[-72.72736,6.29692],[-72.72698,6.29726],[-72.72657,6.2971],[-72.72273,6.29751],[-72.72267,6.29407],[-72.72231,6.29267],[-72.72138,6.29148],[-72.71969,6.29011],[-72.71929,6.28989],[-72.71744,6.28982],[-72.71583,6.28911],[-72.71515,6.2877],[-72.71352,6.28677],[-72.7107,6.28693],[-72.71008,6.28677],[-72.70908,6.28585],[-72.70587,6.28497],[-72.70481,6.28347],[-72.70418,6.28034],[-72.70337,6.27877],[-72.70172,6.27835],[-72.69852,6.27834],[-72.69595,6.27641],[-72.69524,6.27543],[-72.69356,6.27394],[-72.69298,6.27298],[-72.69299,6.27127],[-72.69195,6.26941],[-72.6917,6.26802],[-72.69186,6.26664],[-72.69262,6.2647],[-72.69128,6.26082],[-72.68954,6.25862],[-72.6875,6.25763],[-72.68424,6.25777],[-72.68231,6.25828],[-72.68127,6.25889],[-72.68013,6.25905],[-72.67679,6.25808],[-72.6753,6.25882],[-72.67391,6.25997],[-72.67277,6.26238],[-72.67179,6.26322],[-72.66992,6.26674],[-72.66874,6.26735],[-72.66825,6.26853],[-72.66712,6.27004],[-72.66323,6.27191],[-72.66201,6.27399],[-72.66107,6.27248],[-72.66052,6.27097],[-72.65975,6.26722],[-72.66012,6.26472],[-72.65951,6.26159],[-72.65432,6.2672],[-72.65432,6.26677],[-72.65251,6.26681],[-72.65062,6.2681],[-72.64978,6.26979],[-72.64903,6.27376],[-72.64827,6.27533],[-72.64788,6.27565],[-72.64519,6.27621],[-72.64361,6.27729],[-72.64305,6.27813],[-72.64123,6.27909],[-72.64093,6.28169],[-72.64193,6.28285],[-72.64278,6.28739],[-72.64343,6.28841],[-72.64562,6.28932],[-72.64647,6.29045],[-72.64688,6.29198],[-72.64677,6.29367],[-72.64595,6.29642],[-72.64543,6.30002],[-72.64397,6.30469],[-72.64421,6.30593],[-72.64565,6.30897],[-72.64469,6.31227],[-72.64467,6.31389],[-72.64546,6.31575],[-72.6468,6.31654],[-72.64707,6.31849],[-72.64865,6.31939],[-72.64915,6.32014],[-72.64921,6.32134],[-72.64809,6.32428],[-72.64851,6.32587],[-72.64904,6.32657],[-72.65131,6.32818],[-72.65178,6.32888],[-72.65123,6.33321],[-72.65117,6.33689],[-72.65157,6.33732],[-72.65294,6.33749],[-72.65322,6.33834],[-72.65321,6.33958],[-72.65219,6.34118],[-72.65209,6.34206],[-72.65264,6.34314],[-72.65286,6.345],[-72.65368,6.34665],[-72.65405,6.34844],[-72.65548,6.35155],[-72.65549,6.35526],[-72.65579,6.35647],[-72.65719,6.35898],[-72.65669,6.3602],[-72.65683,6.36163],[-72.65733,6.36313],[-72.6573,6.3653],[-72.65534,6.37163],[-72.65661,6.37379],[-72.6567,6.3745],[-72.65642,6.3754],[-72.65511,6.37669],[-72.65503,6.3779]]]},"properties":{"DPTO_CCDGO":"15","MPIO_CCDGO":"753","DPTO_CNMBR":"BOYACÁ","MPIO_CNMBR":"SOATÁ","MPIO_NAREA":"123.095437764","Shape_Leng":"0.501444857795","Shape_Area":"0.0100541414808"}},{"type":"Feature","geometry":{"type":"Polygon","coordinates":[[[-73.41197,5.5669],[-73.41127,5.56865],[-73.40965,5.57084],[-73.40932,5.57211],[-73.40846,5.57358],[-73.40343,5.5785],[-73.40099,5.58181],[-73.39966,5.58296],[-73.3978,5.58406],[-73.39726,5.58492],[-73.39542,5.58667],[-73.39527,5.58825],[-73.39569,5.58962],[-73.39649,5.59052],[-73.39743,5.59086],[-73.39818,5.59218],[-73.39843,5.59224],[-73.39904,5.59383],[-73.39964,5.59391],[-73.39949,5.5942],[-73.39977,5.59608],[-73.40121,5.59827],[-73.40139,5.59966],[-73.40241,5.60169],[-73.40481,5.60513],[-73.40522,5.60634],[-73.40617,5.60782],[-73.40645,5.60875],[-73.40619,5.61176],[-73.4068,5.61262],[-73.40765,5.61278],[-73.40953,5.61384],[-73.40968,5.61506],[-73.41114,5.61701],[-73.41228,5.61832],[-73.41603,5.61973],[-73.42015,5.61947],[-73.42235,5.61798],[-73.42351,5.61651],[-73.4243,5.61593],[-73.42554,5.61596],[-73.42618,5.61556],[-73.42743,5.61533],[-73.42901,5.61378],[-73.42946,5.61376],[-73.42957,5.61267],[-73.43133,5.61195],[-73.43152,5.6114],[-73.43229,5.61227],[-73.43405,5.61265],[-73.43603,5.61199],[-73.44011,5.60988],[-73.44329,5.60679],[-73.44299,5.60528],[-73.44338,5.60452],[-73.44397,5.60411],[-73.44411,5.60319],[-73.4438,5.60272],[-73.44385,5.60152],[-73.44335,5.60054],[-73.44389,5.60022],[-73.445,5.60021],[-73.44816,5.59865],[-73.44896,5.59791],[-73.4501,5.59594],[-73.45119,5.59504],[-73.45236,5.59357],[-73.45399,5.59321],[-73.45521,5.59256],[-73.45553,5.59283],[-73.45634,5.59271],[-73.45909,5.59139],[-73.46038,5.59149],[-73.46189,5.59095],[-73.46267,5.5913],[-73.46326,5.59226],[-73.46499,5.59226],[-73.46604,5.59122],[-73.46824,5.59069],[-73.46825,5.59045],[-73.46956,5.59047],[-73.47089,5.58983],[-73.47243,5.58963],[-73.47421,5.58645],[-73.47842,5.5848],[-73.48217,5.58266],[-73.48557,5.57979],[-73.4904,5.57328],[-73.49695,5.56313],[-73.4989,5.5595],[-73.49795,5.55899],[-73.4976,5.55835],[-73.49575,5.55762],[-73.49473,5.55469],[-73.49414,5.55445],[-73.49372,5.55333],[-73.49247,5.55313],[-73.49045,5.55164],[-73.49041,5.55024],[-73.49082,5.54947],[-73.49072,5.54898],[-73.48993,5.54832],[-73.48635,5.54804],[-73.48148,5.54843],[-73.47995,5.54982],[-73.47839,5.54971],[-73.47782,5.54933],[-73.47657,5.55086],[-73.47402,5.55067],[-73.47252,5.55007],[-73.47029,5.55024],[-73.46912,5.54962],[-73.46844,5.55003],[-73.46756,5.5511],[-73.4666,5.55085],[-73.46667,5.55239],[-73.46632,5.55353],[-73.4655,5.55386],[-73.46457,5.55374],[-73.46409,5.55415],[-73.46348,5.55399],[-73.46344,5.55489],[-73.46213,5.55502],[-73.46157,5.55544],[-73.46099,5.55512],[-73.46058,5.55557],[-73.46014,5.5555],[-73.45859,5.55375],[-73.45719,5.55294],[-73.45555,5.55559],[-73.45483,5.55619],[-73.45473,5.55602],[-73.45076,5.55629],[-73.44775,5.55563],[-73.44602,5.55688],[-73.44183,5.55672],[-73.44116,5.55701],[-73.43802,5.55963],[-73.43598,5.56162],[-73.43454,5.56361],[-73.4318,5.56365],[-73.42883,5.56522],[-73.42755,5.56343],[-73.42675,5.5634],[-73.42465,5.56239],[-73.4225,5.56073],[-73.41905,5.56215],[-73.41773,5.56359],[-73.41606,5.56445],[-73.41549,5.56449],[-73.41521,5.5641],[-73.41416,5.56454],[-73.4124,5.56603],[-73.41197,5.5669]]]},"properties":{"DPTO_CCDGO":"15","MPIO_CCDGO":"762","DPTO_CNMBR":"BOYACÁ","MPIO_CNMBR":"SORA","MPIO_NAREA":"47.8450237752","Shape_Leng":"0.299866750942","Shape_Area":"0.00390451106265"}},{"type":"Feature","geometry":{"type":"Polygon","coordinates":[[[-73.18398,5.85045],[-73.18572,5.84901],[-73.18645,5.84619],[-73.18957,5.8444],[-73.19029,5.84364],[-73.19202,5.84024],[-73.19375,5.83752],[-73.19474,5.83676],[-73.19482,5.83536],[-73.19508,5.83505],[-73.19739,5.83412],[-73.20027,5.83363],[-73.20098,5.83301],[-73.20141,5.83067],[-73.20196,5.82923],[-73.20327,5.8277],[-73.20495,5.82658],[-73.20635,5.82614],[-73.21095,5.82645],[-73.21248,5.82604],[-73.21428,5.8249],[-73.21669,5.82407],[-73.21945,5.82425],[-73.22271,5.82409],[-73.22417,5.82482],[-73.22525,5.82502],[-73.22895,5.82494],[-73.23063,5.82421],[-73.23237,5.82299],[-73.23359,5.82076],[-73.23597,5.81927],[-73.2382,5.81882],[-73.24073,5.81725],[-73.24285,5.81725],[-73.24404,5.81767],[-73.24535,5.81721],[-73.24643,5.81601],[-73.24689,5.81596],[-73.24855,5.81683],[-73.24999,5.81721],[-73.25174,5.81848],[-73.25318,5.8213],[-73.25659,5.82501],[-73.2574,5.82632],[-73.25788,5.82801],[-73.25781,5.82953],[-73.25878,5.83134],[-73.26042,5.8325],[-73.26251,5.83269],[-73.26528,5.83494],[-73.26598,5.83721],[-73.26605,5.83857],[-73.26582,5.83937],[-73.26485,5.84027],[-73.26449,5.84126],[-73.26401,5.84309],[-73.26394,5.84527],[-73.26427,5.84626],[-73.26716,5.84969],[-73.26888,5.8525],[-73.27048,5.85355],[-73.27494,5.85426],[-73.28222,5.859],[-73.28347,5.86023],[-73.28296,5.85614],[-73.28322,5.85484],[-73.28377,5.85399],[-73.28688,5.85215],[-73.28825,5.85102],[-73.29007,5.85036],[-73.29474,5.85065],[-73.29798,5.85231],[-73.29966,5.85259],[-73.30254,5.85372],[-73.30318,5.85364],[-73.30394,5.8528],[-73.30483,5.85262],[-73.30748,5.85379],[-73.3107,5.85422],[-73.31263,5.85619],[-73.31302,5.85597],[-73.31362,5.85489],[-73.31509,5.85515],[-73.31645,5.85493],[-73.31654,5.85431],[-73.317,5.85425],[-73.31707,5.85355],[-73.31735,5.85325],[-73.31774,5.85305],[-73.31837,5.85324],[-73.31836,5.85228],[-73.31885,5.85178],[-73.31984,5.85197],[-73.32092,5.8515],[-73.32372,5.85155],[-73.32425,5.85162],[-73.3242,5.85226],[-73.32443,5.8524],[-73.32542,5.85171],[-73.32611,5.85207],[-73.32736,5.85121],[-73.32834,5.85171],[-73.32924,5.85154],[-73.3302,5.85199],[-73.33066,5.85265],[-73.33133,5.85485],[-73.33271,5.85571],[-73.33324,5.85655],[-73.3344,5.85701],[-73.33634,5.85994],[-73.33744,5.86038],[-73.33888,5.86046],[-73.34023,5.86103],[-73.34162,5.86117],[-73.34258,5.86173],[-73.34343,5.86344],[-73.34397,5.86549],[-73.34547,5.86662],[-73.34639,5.86871],[-73.34712,5.86934],[-73.34804,5.87092],[-73.35037,5.87244],[-73.35147,5.87257],[-73.35033,5.87008],[-73.35079,5.86769],[-73.35047,5.8669],[-73.35045,5.86537],[-73.34971,5.86389],[-73.35017,5.86254],[-73.35021,5.86158],[-73.34978,5.8597],[-73.35079,5.85702],[-73.35009,5.85359],[-73.35046,5.85169],[-73.34909,5.84922],[-73.34857,5.8477],[-73.34676,5.84489],[-73.34575,5.84225],[-73.34606,5.84189],[-73.34879,5.84159],[-73.3491,5.84107],[-73.3495,5.83911],[-73.34864,5.83434],[-73.3492,5.83351],[-73.35041,5.83287],[-73.35242,5.83255],[-73.35317,5.832],[-73.35343,5.83139],[-73.35294,5.82879],[-73.352,5.82758],[-73.35139,5.82628],[-73.35113,5.82314],[-73.3525,5.82087],[-73.35335,5.82024],[-73.3551,5.81953],[-73.35619,5.81835],[-73.35676,5.81568],[-73.35709,5.80987],[-73.35686,5.80802],[-73.35699,5.80621],[-73.3568,5.80401],[-73.35581,5.80201],[-73.35515,5.79892],[-73.3538,5.79689],[-73.35238,5.79534],[-73.35032,5.7939],[-73.35012,5.79352],[-73.34871,5.79359],[-73.34957,5.79214],[-73.35029,5.79012],[-73.34809,5.78854],[-73.34752,5.78417],[-73.34559,5.78191],[-73.34508,5.7805],[-73.34353,5.77433],[-73.34409,5.77128],[-73.34338,5.76819],[-73.33948,5.7683],[-73.33454,5.76735],[-73.33498,5.76531],[-73.33575,5.76445],[-73.33572,5.76329],[-73.3362,5.76258],[-73.33567,5.75997],[-73.33369,5.75722],[-73.33285,5.75695],[-73.33244,5.75644],[-73.33164,5.75622],[-73.33039,5.75529],[-73.3287,5.75108],[-73.32838,5.75083],[-73.32846,5.75016],[-73.32811,5.74974],[-73.32799,5.74858],[-73.32724,5.74697],[-73.32714,5.74609],[-73.32601,5.7447],[-73.32582,5.74364],[-73.32511,5.74281],[-73.32495,5.74139],[-73.32361,5.7397],[-73.32322,5.73879],[-73.3226,5.73883],[-73.32178,5.73794],[-73.32166,5.73664],[-73.32117,5.73618],[-73.32099,5.7353],[-73.32055,5.73518],[-73.31993,5.73558],[-73.31915,5.73472],[-73.3193,5.73429],[-73.31872,5.73396],[-73.31763,5.73257],[-73.31721,5.73121],[-73.31723,5.73034],[-73.31673,5.72976],[-73.31683,5.72917],[-73.3165,5.72839],[-73.31509,5.72783],[-73.31473,5.72739],[-73.31439,5.72601],[-73.31388,5.7259],[-73.31327,5.72521],[-73.31209,5.72526],[-73.31175,5.72501],[-73.31163,5.72379],[-73.31094,5.72287],[-73.31094,5.72222],[-73.31039,5.72165],[-73.30964,5.71964],[-73.30977,5.71895],[-73.3095,5.71801],[-73.30927,5.71777],[-73.30885,5.71811],[-73.30842,5.7181],[-73.30819,5.7171],[-73.30764,5.71719],[-73.30704,5.71639],[-73.30571,5.71553],[-73.30538,5.71553],[-73.30539,5.71602],[-73.30514,5.71575],[-73.30431,5.71587],[-73.3041,5.71431],[-73.30364,5.71419],[-73.30355,5.71458],[-73.30279,5.71441],[-73.30285,5.71472],[-73.30208,5.71517],[-73.30195,5.71413],[-73.30114,5.71431],[-73.30128,5.71375],[-73.30039,5.71319],[-73.30042,5.71223],[-73.30147,5.71088],[-73.30101,5.70993],[-73.30102,5.70925],[-73.29937,5.70899],[-73.30004,5.70866],[-73.30002,5.70823],[-73.29895,5.70806],[-73.29901,5.70727],[-73.29812,5.70657],[-73.29813,5.7061],[-73.29768,5.70547],[-73.29743,5.70564],[-73.29677,5.7052],[-73.29608,5.70523],[-73.2959,5.70486],[-73.29621,5.7043],[-73.29483,5.70436],[-73.29299,5.70306],[-73.29312,5.70258],[-73.29359,5.70287],[-73.29398,5.70238],[-73.29365,5.70237],[-73.29368,5.70168],[-73.2943,5.70006],[-73.294,5.69983],[-73.2939,5.69876],[-73.29471,5.69763],[-73.29416,5.6966],[-73.294,5.69707],[-73.29373,5.69678],[-73.2933,5.69689],[-73.29279,5.69665],[-73.29222,5.69711],[-73.29295,5.69745],[-73.29258,5.69803],[-73.29232,5.69742],[-73.29154,5.69774],[-73.29107,5.6976],[-73.2913,5.69836],[-73.29147,5.69805],[-73.29194,5.69831],[-73.29115,5.69928],[-73.29018,5.69951],[-73.29046,5.70005],[-73.28987,5.70017],[-73.2898,5.6997],[-73.28937,5.69988],[-73.28886,5.69953],[-73.2885,5.69987],[-73.28826,5.69964],[-73.28821,5.69992],[-73.28774,5.69973],[-73.28731,5.70049],[-73.28697,5.70006],[-73.28675,5.7002],[-73.28631,5.70179],[-73.28566,5.70224],[-73.28555,5.70186],[-73.28521,5.70182],[-73.28435,5.70295],[-73.28229,5.703],[-73.28213,5.70321],[-73.28143,5.70299],[-73.28097,5.70389],[-73.28104,5.70453],[-73.27942,5.70565],[-73.27886,5.70662],[-73.27779,5.7068],[-73.27796,5.70559],[-73.27761,5.70531],[-73.27719,5.70603],[-73.27735,5.70657],[-73.27658,5.70708],[-73.27634,5.70651],[-73.27527,5.70615],[-73.27519,5.70677],[-73.27558,5.70674],[-73.27511,5.70742],[-73.27437,5.70695],[-73.27458,5.70861],[-73.27368,5.7084],[-73.27299,5.7086],[-73.27282,5.70902],[-73.27227,5.70864],[-73.27221,5.70899],[-73.27075,5.70806],[-73.27022,5.70758],[-73.27008,5.70661],[-73.26957,5.70655],[-73.26902,5.70598],[-73.26847,5.70423],[-73.26658,5.70486],[-73.26572,5.70439],[-73.26445,5.70436],[-73.26405,5.7038],[-73.26287,5.70345],[-73.25925,5.70479],[-73.25841,5.70441],[-73.25646,5.70429],[-73.25594,5.70461],[-73.25565,5.70553],[-73.25505,5.70569],[-73.25445,5.70632],[-73.25381,5.70621],[-73.25351,5.70562],[-73.25245,5.70533],[-73.2518,5.70465],[-73.25072,5.70567],[-73.25012,5.70562],[-73.25009,5.70627],[-73.2497,5.70686],[-73.24951,5.70695],[-73.24941,5.70646],[-73.24876,5.70783],[-73.24833,5.70805],[-73.24748,5.70807],[-73.24756,5.70727],[-73.24682,5.70749],[-73.24609,5.70714],[-73.24604,5.70669],[-73.24406,5.70689],[-73.24378,5.70821],[-73.24279,5.70903],[-73.23993,5.7099],[-73.23717,5.71149],[-73.23492,5.7125],[-73.23319,5.71288],[-73.23112,5.71406],[-73.23013,5.71485],[-73.22995,5.71559],[-73.22197,5.72699],[-73.2224,5.72807],[-73.22053,5.72915],[-73.22024,5.72882],[-73.219,5.72965],[-73.21443,5.73179],[-73.20355,5.73656],[-73.20359,5.73699],[-73.20244,5.73838],[-73.20282,5.73928],[-73.20127,5.73997],[-73.19945,5.74156],[-73.19902,5.73997],[-73.20058,5.73913],[-73.20155,5.73768],[-73.20077,5.73715],[-73.20042,5.7364],[-73.20031,5.73558],[-73.20066,5.73499],[-73.20002,5.73386],[-73.19908,5.73325],[-73.19868,5.73256],[-73.19789,5.73197],[-73.19448,5.73105],[-73.19251,5.72924],[-73.19127,5.72869],[-73.19119,5.72706],[-73.19249,5.72462],[-73.18873,5.72301],[-73.18272,5.71765],[-73.18064,5.7163],[-73.17779,5.72104],[-73.17827,5.72228],[-73.18026,5.72365],[-73.18068,5.72463],[-73.18057,5.72522],[-73.18034,5.72487],[-73.17906,5.72442],[-73.17559,5.72396],[-73.16746,5.72585],[-73.16492,5.72593],[-73.16499,5.72645],[-73.16104,5.72654],[-73.15584,5.72737],[-73.15564,5.72953],[-73.15712,5.73058],[-73.15709,5.73079],[-73.15616,5.73245],[-73.15532,5.73323],[-73.15464,5.73625],[-73.16162,5.74101],[-73.16433,5.74209],[-73.16853,5.74488],[-73.16763,5.7461],[-73.169,5.74735],[-73.16894,5.74773],[-73.16716,5.748],[-73.16693,5.74848],[-73.16716,5.74931],[-73.1687,5.75226],[-73.169,5.75207],[-73.17024,5.7538],[-73.17145,5.75679],[-73.173,5.75848],[-73.17399,5.75918],[-73.17432,5.75988],[-73.17417,5.7628],[-73.17511,5.76622],[-73.17279,5.76778],[-73.1712,5.76947],[-73.17384,5.77204],[-73.17326,5.77326],[-73.17266,5.77389],[-73.17224,5.77517],[-73.17132,5.7763],[-73.17052,5.77785],[-73.16988,5.77992],[-73.16981,5.78161],[-73.16935,5.78318],[-73.1698,5.78553],[-73.1707,5.78721],[-73.17073,5.78841],[-73.17034,5.78956],[-73.16926,5.78942],[-73.16849,5.78962],[-73.1673,5.79043],[-73.16602,5.79056],[-73.1652,5.79114],[-73.16223,5.79518],[-73.16068,5.7967],[-73.15737,5.80099],[-73.1454,5.8108],[-73.14369,5.81349],[-73.1415,5.81614],[-73.14031,5.81815],[-73.13744,5.82111],[-73.13674,5.82287],[-73.13652,5.82428],[-73.13342,5.83139],[-73.13239,5.83435],[-73.13419,5.84062],[-73.13415,5.8415],[-73.13325,5.84309],[-73.13394,5.84561],[-73.1339,5.84659],[-73.13301,5.84845],[-73.13143,5.84987],[-73.13067,5.85199],[-73.13044,5.85383],[-73.12995,5.85481],[-73.13264,5.85454],[-73.14121,5.85189],[-73.14366,5.8519],[-73.14678,5.85307],[-73.14969,5.85317],[-73.1506,5.85276],[-73.15146,5.8518],[-73.15264,5.85123],[-73.15427,5.85087],[-73.15624,5.85113],[-73.15809,5.85201],[-73.15907,5.85216],[-73.16122,5.85103],[-73.16304,5.8481],[-73.16358,5.8478],[-73.16536,5.84814],[-73.17049,5.85086],[-73.17364,5.85156],[-73.1821,5.85006],[-73.18331,5.85013],[-73.18398,5.85045]]]},"properties":{"DPTO_CCDGO":"15","MPIO_CCDGO":"763","DPTO_CNMBR":"BOYACÁ","MPIO_CNMBR":"SOTAQUIRÁ","MPIO_NAREA":"285.073710358","Shape_Leng":"0.926526773434","Shape_Area":"0.0232702225332"}},{"type":"Feature","geometry":{"type":"Polygon","coordinates":[[[-73.30808,5.54324],[-73.31145,5.543],[-73.31964,5.54343],[-73.31955,5.54084],[-73.32029,5.53743],[-73.3212,5.53478],[-73.32032,5.53452],[-73.3202,5.53215],[-73.32053,5.53116],[-73.32049,5.53018],[-73.32111,5.52895],[-73.32291,5.52772],[-73.32265,5.52675],[-73.3237,5.52596],[-73.32755,5.52535],[-73.33077,5.52452],[-73.33186,5.52468],[-73.33509,5.52405],[-73.33629,5.52491],[-73.33894,5.5257],[-73.33981,5.52668],[-73.34027,5.52656],[-73.34343,5.51851],[-73.34724,5.51436],[-73.34951,5.50992],[-73.35098,5.50862],[-73.35152,5.50747],[-73.35289,5.50579],[-73.35443,5.50149],[-73.35761,5.49822],[-73.35201,5.49466],[-73.35157,5.49361],[-73.35064,5.49246],[-73.3493,5.4922],[-73.34848,5.49235],[-73.34992,5.48848],[-73.35026,5.48827],[-73.35129,5.48642],[-73.3528,5.48507],[-73.35375,5.48171],[-73.35511,5.48035],[-73.35928,5.47709],[-73.36068,5.47536],[-73.36119,5.47411],[-73.35846,5.47359],[-73.35258,5.4758],[-73.35091,5.47581],[-73.34738,5.47355],[-73.3461,5.47174],[-73.34397,5.46993],[-73.34026,5.46972],[-73.33984,5.46877],[-73.33884,5.46866],[-73.33851,5.46836],[-73.33825,5.46754],[-73.33763,5.46684],[-73.33812,5.46543],[-73.33783,5.46239],[-73.33811,5.46177],[-73.33804,5.45953],[-73.339,5.45626],[-73.33853,5.45366],[-73.33979,5.45258],[-73.34068,5.45216],[-73.34102,5.45147],[-73.34165,5.4512],[-73.34225,5.45029],[-73.34209,5.44944],[-73.34264,5.4485],[-73.34158,5.44848],[-73.33811,5.44713],[-73.3369,5.44705],[-73.33604,5.4467],[-73.33451,5.44453],[-73.33462,5.44136],[-73.33203,5.44034],[-73.33093,5.44115],[-73.32898,5.4437],[-73.32816,5.4442],[-73.32718,5.44426],[-73.32654,5.44475],[-73.32528,5.44624],[-73.32409,5.44708],[-73.32353,5.44825],[-73.32265,5.44892],[-73.32084,5.44927],[-73.32022,5.45003],[-73.31967,5.44951],[-73.31884,5.44934],[-73.31816,5.4488],[-73.31808,5.44812],[-73.31716,5.44784],[-73.31751,5.44452],[-73.31645,5.44407],[-73.31652,5.44324],[-73.31558,5.44313],[-73.31519,5.44334],[-73.31476,5.44356],[-73.31444,5.44556],[-73.31515,5.44691],[-73.31436,5.44998],[-73.31381,5.45054],[-73.31327,5.45199],[-73.31164,5.45713],[-73.31161,5.45832],[-73.30963,5.46219],[-73.31015,5.46393],[-73.31002,5.46582],[-73.30783,5.46728],[-73.3039,5.47206],[-73.30066,5.47291],[-73.29931,5.47394],[-73.29817,5.47438],[-73.29458,5.47747],[-73.29192,5.48064],[-73.28571,5.48392],[-73.28532,5.48476],[-73.28592,5.48538],[-73.28662,5.48628],[-73.28726,5.48871],[-73.28752,5.4887],[-73.28789,5.49566],[-73.28769,5.49686],[-73.2794,5.505],[-73.27847,5.5062],[-73.27839,5.50707],[-73.27908,5.50745],[-73.27888,5.50795],[-73.27913,5.50937],[-73.27956,5.51134],[-73.28005,5.51202],[-73.28,5.51304],[-73.2804,5.51419],[-73.28144,5.51529],[-73.28468,5.51759],[-73.28449,5.52319],[-73.28476,5.52417],[-73.28775,5.52383],[-73.28913,5.524],[-73.29099,5.52477],[-73.29543,5.52508],[-73.29629,5.52617],[-73.29518,5.52683],[-73.29765,5.5332],[-73.29761,5.53396],[-73.29795,5.53473],[-73.29999,5.53518],[-73.30127,5.53608],[-73.30208,5.53624],[-73.30314,5.53757],[-73.30455,5.53806],[-73.30501,5.53848],[-73.30722,5.53905],[-73.30813,5.54265],[-73.30808,5.54324]]]},"properties":{"DPTO_CCDGO":"15","MPIO_CCDGO":"764","DPTO_CNMBR":"BOYACÁ","MPIO_CNMBR":"SORACÁ","MPIO_NAREA":"55.757753053","Shape_Leng":"0.351032513591","Shape_Area":"0.00454936725548"}},{"type":"Feature","geometry":{"type":"Polygon","coordinates":[[[-72.64123,6.27909],[-72.64305,6.27813],[-72.64361,6.27729],[-72.64519,6.27621],[-72.64788,6.27565],[-72.64827,6.27533],[-72.64903,6.27376],[-72.64978,6.26979],[-72.65062,6.2681],[-72.65251,6.26681],[-72.65432,6.26677],[-72.65432,6.2672],[-72.65951,6.26159],[-72.66012,6.26472],[-72.65975,6.26722],[-72.66052,6.27097],[-72.66107,6.27248],[-72.66201,6.27399],[-72.66323,6.27191],[-72.66712,6.27004],[-72.66825,6.26853],[-72.66874,6.26735],[-72.66992,6.26674],[-72.67179,6.26322],[-72.67277,6.26238],[-72.67391,6.25997],[-72.6753,6.25882],[-72.67679,6.25808],[-72.68013,6.25905],[-72.68127,6.25889],[-72.68231,6.25828],[-72.68424,6.25777],[-72.6875,6.25763],[-72.68954,6.25862],[-72.69128,6.26082],[-72.69262,6.2647],[-72.69186,6.26664],[-72.6917,6.26802],[-72.69195,6.26941],[-72.69299,6.27127],[-72.69298,6.27298],[-72.69356,6.27394],[-72.69524,6.27543],[-72.69595,6.27641],[-72.69852,6.27834],[-72.70172,6.27835],[-72.70337,6.27877],[-72.70418,6.28034],[-72.70481,6.28347],[-72.70587,6.28497],[-72.70908,6.28585],[-72.71008,6.28677],[-72.7107,6.28693],[-72.71352,6.28677],[-72.71515,6.2877],[-72.71583,6.28911],[-72.71744,6.28982],[-72.71929,6.28989],[-72.71969,6.29011],[-72.72138,6.29148],[-72.72231,6.29267],[-72.72267,6.29407],[-72.72273,6.29751],[-72.72657,6.2971],[-72.72698,6.29726],[-72.72736,6.29692],[-72.72774,6.29764],[-72.72812,6.29722],[-72.73014,6.29712],[-72.73091,6.29645],[-72.73238,6.29609],[-72.73315,6.29561],[-72.73381,6.29385],[-72.73506,6.2922],[-72.73596,6.29041],[-72.7371,6.28962],[-72.73933,6.28892],[-72.74007,6.28817],[-72.74033,6.2875],[-72.74023,6.2864],[-72.74077,6.28546],[-72.74078,6.28397],[-72.74202,6.27964],[-72.74294,6.27796],[-72.74388,6.27729],[-72.74586,6.27488],[-72.74578,6.27235],[-72.74548,6.27165],[-72.74483,6.26634],[-72.74496,6.26491],[-72.7458,6.26236],[-72.74425,6.26075],[-72.74379,6.25933],[-72.74418,6.25843],[-72.74967,6.25256],[-72.74993,6.2515],[-72.74973,6.25078],[-72.74827,6.24843],[-72.74792,6.24686],[-72.74802,6.24553],[-72.7489,6.24248],[-72.74876,6.2391],[-72.74847,6.23795],[-72.74766,6.23718],[-72.74681,6.23643],[-72.74508,6.23581],[-72.74453,6.23533],[-72.74406,6.23241],[-72.74468,6.22918],[-72.74551,6.22802],[-72.74837,6.22737],[-72.7494,6.22671],[-72.75006,6.2256],[-72.75048,6.22362],[-72.75158,6.2223],[-72.75372,6.22051],[-72.75495,6.21881],[-72.75884,6.21863],[-72.75962,6.21845],[-72.76076,6.21765],[-72.76188,6.21746],[-72.76324,6.21824],[-72.76422,6.22001],[-72.7671,6.22031],[-72.76774,6.21993],[-72.76959,6.21727],[-72.7708,6.21437],[-72.77502,6.21048],[-72.77624,6.21073],[-72.77851,6.21017],[-72.77963,6.21041],[-72.78103,6.2121],[-72.78348,6.21389],[-72.79337,6.21894],[-72.79424,6.21899],[-72.7957,6.2185],[-72.79803,6.21716],[-72.8024,6.21655],[-72.80374,6.21597],[-72.80403,6.21541],[-72.80334,6.21247],[-72.8037,6.20964],[-72.8065,6.20699],[-72.80977,6.20182],[-72.81034,6.19835],[-72.81012,6.19774],[-72.81026,6.19598],[-72.81126,6.19193],[-72.81383,6.18793],[-72.81634,6.18476],[-72.81733,6.18383],[-72.81893,6.18309],[-72.81957,6.18218],[-72.81984,6.18093],[-72.81905,6.17884],[-72.81961,6.17637],[-72.82079,6.17472],[-72.82162,6.17418],[-72.82466,6.16998],[-72.82512,6.16707],[-72.82619,6.1655],[-72.82622,6.16339],[-72.82541,6.15805],[-72.82306,6.15773],[-72.82071,6.15702],[-72.8172,6.15882],[-72.81469,6.16064],[-72.81311,6.16103],[-72.8107,6.16056],[-72.80941,6.15978],[-72.80958,6.16267],[-72.80905,6.16566],[-72.80812,6.16652],[-72.80717,6.16847],[-72.80555,6.16947],[-72.80489,6.17079],[-72.8034,6.17145],[-72.80317,6.17255],[-72.8026,6.17319],[-72.80223,6.1734],[-72.80034,6.17315],[-72.79937,6.17473],[-72.798,6.1747],[-72.79406,6.17735],[-72.78974,6.17844],[-72.78717,6.17845],[-72.78651,6.17875],[-72.78585,6.1796],[-72.7827,6.18025],[-72.78242,6.18023],[-72.78244,6.17988],[-72.78212,6.17976],[-72.78151,6.17848],[-72.78037,6.17829],[-72.77968,6.17735],[-72.77924,6.17729],[-72.77933,6.17686],[-72.77824,6.17681],[-72.77718,6.17637],[-72.77599,6.17678],[-72.77517,6.17603],[-72.77474,6.17647],[-72.77367,6.1764],[-72.77246,6.17692],[-72.77188,6.17666],[-72.77006,6.17673],[-72.77009,6.17719],[-72.7698,6.17745],[-72.76827,6.1772],[-72.76787,6.17689],[-72.767,6.17709],[-72.76661,6.17683],[-72.76647,6.17598],[-72.76479,6.17618],[-72.76325,6.17551],[-72.76284,6.17514],[-72.76317,6.17482],[-72.76308,6.17455],[-72.76147,6.17374],[-72.76125,6.17257],[-72.76335,6.17069],[-72.76508,6.16983],[-72.76752,6.16757],[-72.76854,6.16519],[-72.76862,6.16365],[-72.76802,6.16218],[-72.76837,6.1601],[-72.76772,6.15855],[-72.76771,6.1558],[-72.76725,6.15534],[-72.76742,6.15367],[-72.76725,6.15306],[-72.76806,6.14993],[-72.7664,6.15046],[-72.76475,6.15187],[-72.764,6.15313],[-72.76267,6.15334],[-72.76105,6.15425],[-72.76018,6.15444],[-72.7596,6.1543],[-72.75923,6.15382],[-72.75825,6.15398],[-72.75605,6.1535],[-72.75424,6.15385],[-72.7532,6.15371],[-72.75127,6.15266],[-72.74962,6.15234],[-72.74882,6.15154],[-72.74806,6.15248],[-72.74519,6.15447],[-72.74329,6.1563],[-72.74065,6.15682],[-72.73847,6.1579],[-72.73785,6.15783],[-72.73737,6.15743],[-72.73679,6.15752],[-72.73598,6.15706],[-72.73454,6.15706],[-72.73276,6.15771],[-72.73076,6.15796],[-72.72742,6.15772],[-72.72654,6.15826],[-72.72431,6.15885],[-72.72235,6.15835],[-72.72236,6.15772],[-72.72156,6.15664],[-72.71883,6.15698],[-72.71666,6.15653],[-72.71587,6.15768],[-72.71465,6.1577],[-72.71236,6.1583],[-72.71134,6.15942],[-72.71004,6.16014],[-72.70931,6.16161],[-72.70866,6.1623],[-72.70437,6.16409],[-72.70196,6.16453],[-72.69823,6.16669],[-72.69624,6.16671],[-72.69377,6.1676],[-72.69284,6.16881],[-72.69204,6.17094],[-72.69061,6.17234],[-72.6905,6.17279],[-72.69095,6.17476],[-72.69076,6.17549],[-72.68941,6.17748],[-72.68809,6.17844],[-72.68768,6.17911],[-72.68606,6.17962],[-72.68546,6.18011],[-72.68477,6.18014],[-72.68387,6.18067],[-72.6823,6.18052],[-72.68136,6.18086],[-72.68081,6.18199],[-72.68069,6.183],[-72.67841,6.18337],[-72.67612,6.18317],[-72.67251,6.18354],[-72.67147,6.18315],[-72.66978,6.18162],[-72.66856,6.18162],[-72.66734,6.18116],[-72.66667,6.18136],[-72.66562,6.18125],[-72.66481,6.18087],[-72.66271,6.18052],[-72.66136,6.17977],[-72.65987,6.17943],[-72.65772,6.17976],[-72.65391,6.17977],[-72.65084,6.18011],[-72.64759,6.18142],[-72.64687,6.18149],[-72.64537,6.18092],[-72.63957,6.18009],[-72.63785,6.18011],[-72.63704,6.17982],[-72.63538,6.18057],[-72.63577,6.18138],[-72.63516,6.18312],[-72.63481,6.18615],[-72.63511,6.18927],[-72.63331,6.19196],[-72.63305,6.19285],[-72.63319,6.19396],[-72.6338,6.19443],[-72.63404,6.19522],[-72.63415,6.19741],[-72.63381,6.19808],[-72.63222,6.19944],[-72.63201,6.20004],[-72.63235,6.20246],[-72.63309,6.20449],[-72.63552,6.20907],[-72.63594,6.21294],[-72.63466,6.21586],[-72.63542,6.21801],[-72.63558,6.21992],[-72.63504,6.22252],[-72.6353,6.2247],[-72.63519,6.22613],[-72.63621,6.22788],[-72.63872,6.2292],[-72.63897,6.22982],[-72.63861,6.23114],[-72.63882,6.23226],[-72.64046,6.23368],[-72.64061,6.23472],[-72.64002,6.23624],[-72.63997,6.2375],[-72.64048,6.2384],[-72.64125,6.23883],[-72.6415,6.23987],[-72.64041,6.24351],[-72.64023,6.24537],[-72.64076,6.2465],[-72.64201,6.24728],[-72.64247,6.24789],[-72.64278,6.25077],[-72.64262,6.25181],[-72.64164,6.25323],[-72.64105,6.25554],[-72.64098,6.25706],[-72.64184,6.25867],[-72.64152,6.25971],[-72.64183,6.26113],[-72.64112,6.262],[-72.64133,6.26373],[-72.64057,6.26452],[-72.64034,6.26514],[-72.64048,6.26585],[-72.64211,6.2675],[-72.64232,6.26863],[-72.64211,6.26939],[-72.64111,6.27077],[-72.64079,6.27227],[-72.63983,6.27416],[-72.64021,6.27733],[-72.64123,6.27909]]]},"properties":{"DPTO_CCDGO":"15","MPIO_CCDGO":"774","DPTO_CNMBR":"BOYACÁ","MPIO_CNMBR":"SUSACÓN","MPIO_NAREA":"182.703137126","Shape_Leng":"0.748386026437","Shape_Area":"0.0149199870061"}},{"type":"Feature","geometry":{"type":"Polygon","coordinates":[[[-73.57776,5.67517],[-73.57855,5.67593],[-73.58071,5.67696],[-73.58298,5.6768],[-73.58362,5.67621],[-73.58453,5.67644],[-73.58527,5.67631],[-73.58705,5.67686],[-73.58801,5.67668],[-73.58901,5.67741],[-73.59001,5.6786],[-73.59229,5.67991],[-73.59314,5.68004],[-73.59351,5.68055],[-73.5947,5.68054],[-73.59495,5.68032],[-73.59559,5.68065],[-73.59671,5.68029],[-73.59825,5.68068],[-73.59981,5.6804],[-73.60295,5.68078],[-73.60409,5.68206],[-73.60598,5.68196],[-73.60691,5.68339],[-73.60908,5.68333],[-73.61024,5.68362],[-73.61113,5.68451],[-73.61261,5.68516],[-73.61297,5.68558],[-73.61418,5.68497],[-73.61495,5.68505],[-73.61642,5.6859],[-73.61815,5.68627],[-73.61886,5.6872],[-73.61949,5.68732],[-73.61993,5.68789],[-73.62057,5.68806],[-73.6213,5.68876],[-73.62175,5.68968],[-73.62168,5.69018],[-73.62204,5.69064],[-73.62196,5.69144],[-73.62271,5.69236],[-73.62217,5.69359],[-73.62216,5.69413],[-73.62241,5.6944],[-73.6235,5.69477],[-73.62553,5.69472],[-73.62618,5.69514],[-73.6277,5.69442],[-73.62792,5.69408],[-73.62866,5.69417],[-73.63245,5.69338],[-73.63453,5.6954],[-73.63515,5.69727],[-73.63634,5.69842],[-73.63672,5.69838],[-73.63756,5.69892],[-73.63813,5.69874],[-73.64002,5.69918],[-73.64149,5.6982],[-73.64259,5.69867],[-73.64359,5.69826],[-73.64475,5.69894],[-73.64534,5.69971],[-73.64697,5.69991],[-73.65322,5.70252],[-73.65652,5.69201],[-73.65876,5.68948],[-73.65997,5.68852],[-73.66195,5.68539],[-73.66685,5.67993],[-73.66793,5.67921],[-73.66964,5.67581],[-73.67034,5.67256],[-73.67031,5.66643],[-73.67081,5.66463],[-73.67273,5.65993],[-73.67538,5.65588],[-73.67616,5.65314],[-73.6773,5.65039],[-73.67763,5.64347],[-73.67834,5.64159],[-73.68063,5.6384],[-73.68075,5.63657],[-73.67997,5.63472],[-73.67941,5.63213],[-73.67724,5.62745],[-73.67617,5.62589],[-73.67408,5.6237],[-73.67336,5.62179],[-73.67167,5.6195],[-73.67137,5.61795],[-73.67205,5.61723],[-73.6737,5.61652],[-73.67386,5.61531],[-73.67331,5.61423],[-73.67155,5.61279],[-73.67026,5.61128],[-73.66802,5.61065],[-73.66654,5.60964],[-73.66624,5.61007],[-73.66529,5.61018],[-73.66479,5.61166],[-73.66181,5.61051],[-73.65718,5.60997],[-73.65577,5.60886],[-73.65537,5.60933],[-73.65434,5.60938],[-73.65158,5.61114],[-73.64512,5.61402],[-73.64462,5.61543],[-73.64526,5.61648],[-73.6439,5.61743],[-73.64319,5.61756],[-73.6421,5.61705],[-73.64158,5.61565],[-73.63865,5.61563],[-73.63714,5.61618],[-73.63655,5.61512],[-73.63529,5.61497],[-73.63478,5.61452],[-73.63423,5.61493],[-73.63351,5.61487],[-73.63251,5.6142],[-73.63248,5.61342],[-73.6321,5.61272],[-73.63211,5.6117],[-73.63184,5.61148],[-73.6317,5.61007],[-73.63136,5.60928],[-73.63151,5.60886],[-73.63075,5.60866],[-73.63081,5.60755],[-73.62983,5.60679],[-73.62958,5.60549],[-73.62887,5.60444],[-73.62713,5.60323],[-73.62525,5.60312],[-73.62513,5.60125],[-73.62549,5.5972],[-73.62655,5.59457],[-73.62674,5.59266],[-73.62651,5.59138],[-73.627,5.58974],[-73.62776,5.58831],[-73.62826,5.58628],[-73.62918,5.58465],[-73.62937,5.58329],[-73.62892,5.58122],[-73.62796,5.5805],[-73.62649,5.57775],[-73.62711,5.57571],[-73.62624,5.57267],[-73.62637,5.57121],[-73.62461,5.56978],[-73.62224,5.56986],[-73.62003,5.57065],[-73.61841,5.57087],[-73.61742,5.57125],[-73.61581,5.57322],[-73.6138,5.57311],[-73.61339,5.57264],[-73.61279,5.57269],[-73.61206,5.5731],[-73.61112,5.57423],[-73.60924,5.57452],[-73.60799,5.57515],[-73.60569,5.57715],[-73.60344,5.57863],[-73.60295,5.57964],[-73.60319,5.58088],[-73.60252,5.58223],[-73.60021,5.58173],[-73.59891,5.58221],[-73.59822,5.58448],[-73.59731,5.58547],[-73.59701,5.5862],[-73.59636,5.58665],[-73.595,5.58671],[-73.5912,5.58765],[-73.58923,5.58711],[-73.5883,5.58715],[-73.58754,5.58744],[-73.58561,5.58907],[-73.58264,5.58987],[-73.58095,5.58954],[-73.58032,5.58986],[-73.57952,5.59288],[-73.57951,5.59625],[-73.57911,5.5982],[-73.5788,5.5988],[-73.5773,5.60016],[-73.57679,5.60248],[-73.57747,5.60336],[-73.57832,5.6038],[-73.57903,5.60533],[-73.5786,5.60697],[-73.57844,5.61129],[-73.57802,5.6118],[-73.57937,5.61424],[-73.57895,5.61581],[-73.57935,5.61626],[-73.57976,5.61591],[-73.57998,5.61603],[-73.57966,5.61648],[-73.57975,5.61724],[-73.57941,5.61819],[-73.58012,5.61964],[-73.57987,5.62187],[-73.58149,5.62463],[-73.58125,5.62509],[-73.58027,5.62529],[-73.58097,5.62682],[-73.58191,5.62721],[-73.58198,5.62795],[-73.58274,5.6281],[-73.58244,5.62852],[-73.58259,5.62907],[-73.58219,5.62961],[-73.58265,5.63088],[-73.58554,5.63134],[-73.5856,5.63096],[-73.5875,5.63074],[-73.58968,5.63257],[-73.58963,5.63357],[-73.58897,5.6337],[-73.58914,5.63411],[-73.58879,5.63501],[-73.58945,5.63575],[-73.58926,5.63672],[-73.5906,5.639],[-73.58957,5.64013],[-73.58955,5.64093],[-73.59002,5.64264],[-73.58882,5.64572],[-73.59004,5.64768],[-73.59092,5.64799],[-73.59115,5.64883],[-73.59043,5.64918],[-73.59002,5.6483],[-73.58977,5.64827],[-73.58906,5.65093],[-73.58727,5.65422],[-73.58676,5.65622],[-73.58464,5.66099],[-73.58288,5.66037],[-73.58205,5.66078],[-73.58212,5.66342],[-73.58189,5.66459],[-73.58109,5.66553],[-73.58058,5.66517],[-73.58031,5.6653],[-73.58039,5.66626],[-73.57954,5.66703],[-73.57983,5.66736],[-73.57966,5.66802],[-73.5785,5.66953],[-73.57729,5.67007],[-73.57684,5.67063],[-73.577,5.6713],[-73.57841,5.67195],[-73.57911,5.67341],[-73.57906,5.67377],[-73.57805,5.67444],[-73.57776,5.67517]]]},"properties":{"DPTO_CCDGO":"15","MPIO_CCDGO":"776","DPTO_CNMBR":"BOYACÁ","MPIO_CNMBR":"SUTAMARCHÁN","MPIO_NAREA":"103.505336226","Shape_Leng":"0.471895616062","Shape_Area":"0.00844815509745"}},{"type":"Feature","geometry":{"type":"Polygon","coordinates":[[[-73.39379,5.04803],[-73.39633,5.04842],[-73.39736,5.04909],[-73.39938,5.04922],[-73.40111,5.05011],[-73.40176,5.049],[-73.40329,5.04779],[-73.40493,5.04839],[-73.40517,5.04758],[-73.40585,5.0468],[-73.4086,5.05044],[-73.41401,5.05358],[-73.41698,5.05582],[-73.41843,5.05599],[-73.41902,5.05634],[-73.42076,5.05461],[-73.42124,5.05342],[-73.42257,5.05234],[-73.4234,5.05056],[-73.42417,5.04989],[-73.42415,5.04938],[-73.42362,5.04863],[-73.42353,5.04759],[-73.42366,5.04672],[-73.42456,5.04508],[-73.42435,5.04432],[-73.42536,5.04177],[-73.4268,5.04109],[-73.42681,5.03985],[-73.42765,5.03805],[-73.42916,5.03752],[-73.43184,5.0371],[-73.43283,5.03727],[-73.436,5.037],[-73.43952,5.03885],[-73.44189,5.03917],[-73.44277,5.03995],[-73.44373,5.04003],[-73.44605,5.0392],[-73.44696,5.03931],[-73.44835,5.03995],[-73.45002,5.04411],[-73.44929,5.04559],[-73.45001,5.04629],[-73.4514,5.04684],[-73.45261,5.04697],[-73.45395,5.04763],[-73.45541,5.04955],[-73.45758,5.04991],[-73.45926,5.0494],[-73.46188,5.04939],[-73.46266,5.04912],[-73.4636,5.04936],[-73.46478,5.04906],[-73.4659,5.05006],[-73.46764,5.0499],[-73.46906,5.05033],[-73.47068,5.05013],[-73.4728,5.0508],[-73.47361,5.05151],[-73.47492,5.04971],[-73.4758,5.04967],[-73.47697,5.04917],[-73.47772,5.04949],[-73.47796,5.04929],[-73.47781,5.0481],[-73.47835,5.04766],[-73.47877,5.04627],[-73.47994,5.04076],[-73.48224,5.03901],[-73.48316,5.0358],[-73.48132,5.03455],[-73.47834,5.03167],[-73.47809,5.03205],[-73.47485,5.02998],[-73.47411,5.02925],[-73.47164,5.02823],[-73.47141,5.02767],[-73.47021,5.0269],[-73.46924,5.02539],[-73.4688,5.02529],[-73.46879,5.02471],[-73.46687,5.02286],[-73.4664,5.02152],[-73.4664,5.01768],[-73.4656,5.01598],[-73.46498,5.01513],[-73.4648,5.01521],[-73.46326,5.01073],[-73.46338,5.00909],[-73.46282,5.00508],[-73.46127,5.00196],[-73.4603,5.00069],[-73.45925,4.9999],[-73.45755,5.00194],[-73.45572,5.00341],[-73.45519,5.00164],[-73.45169,5.00036],[-73.44968,5.00049],[-73.44954,5.00003],[-73.44842,4.99922],[-73.44834,4.99877],[-73.44774,4.99816],[-73.44724,4.99808],[-73.44685,4.9962],[-73.4471,4.99469],[-73.44562,4.99427],[-73.44452,4.9944],[-73.44168,4.99701],[-73.43923,4.99781],[-73.4385,4.99881],[-73.43758,5.0026],[-73.437,5.00331],[-73.43631,5.00339],[-73.43506,5.00301],[-73.43424,5.00326],[-73.43386,5.00365],[-73.43393,5.00518],[-73.43367,5.00576],[-73.43066,5.00592],[-73.43026,5.00661],[-73.43032,5.00809],[-73.42831,5.00858],[-73.4264,5.00958],[-73.42461,5.00964],[-73.42316,5.00825],[-73.42246,5.00799],[-73.41988,5.00786],[-73.41729,5.00837],[-73.41612,5.00778],[-73.41401,5.00774],[-73.41227,5.00893],[-73.41146,5.00899],[-73.40876,5.00771],[-73.40704,5.00798],[-73.40594,5.00751],[-73.40422,5.00756],[-73.4029,5.00663],[-73.4001,5.00699],[-73.3912,5.01314],[-73.38913,5.01403],[-73.38861,5.01525],[-73.38965,5.01738],[-73.39025,5.02122],[-73.39144,5.02393],[-73.39092,5.02541],[-73.39124,5.02784],[-73.39235,5.02915],[-73.39313,5.03081],[-73.39279,5.03238],[-73.39408,5.03352],[-73.39462,5.03463],[-73.39395,5.03667],[-73.39468,5.03874],[-73.39313,5.04077],[-73.39323,5.04237],[-73.39273,5.04417],[-73.39379,5.04803]]]},"properties":{"DPTO_CCDGO":"15","MPIO_CCDGO":"778","DPTO_CNMBR":"BOYACÁ","MPIO_CNMBR":"SUTATENZA","MPIO_NAREA":"41.1270106642","Shape_Leng":"0.307706652861","Shape_Area":"0.00335332727333"}},{"type":"Feature","geometry":{"type":"Polygon","coordinates":[[[-72.65069,5.90687],[-72.65298,5.90316],[-72.65426,5.89934],[-72.65636,5.89474],[-72.65697,5.89254],[-72.65532,5.89188],[-72.65424,5.89079],[-72.65274,5.89009],[-72.65346,5.88694],[-72.65321,5.88282],[-72.65533,5.88211],[-72.66246,5.87663],[-72.66354,5.87542],[-72.66391,5.87432],[-72.66475,5.87355],[-72.66561,5.87433],[-72.67112,5.86974],[-72.67336,5.86817],[-72.67436,5.86777],[-72.68142,5.86617],[-72.68451,5.86616],[-72.68674,5.86696],[-72.68991,5.86936],[-72.69419,5.87046],[-72.69509,5.87104],[-72.69612,5.87211],[-72.69702,5.87488],[-72.69764,5.87587],[-72.70147,5.87979],[-72.7025,5.88391],[-72.70335,5.88612],[-72.70342,5.8873],[-72.70389,5.88805],[-72.70653,5.8902],[-72.70909,5.89094],[-72.71021,5.89096],[-72.71092,5.89398],[-72.71111,5.89691],[-72.71039,5.90092],[-72.71099,5.90465],[-72.71195,5.907],[-72.71437,5.91049],[-72.71686,5.91287],[-72.71771,5.91491],[-72.71784,5.91711],[-72.71879,5.9199],[-72.72264,5.92306],[-72.72384,5.92607],[-72.72496,5.92685],[-72.72521,5.92785],[-72.72611,5.92864],[-72.72662,5.9296],[-72.72577,5.93063],[-72.7243,5.93126],[-72.72392,5.93297],[-72.72339,5.93341],[-72.72327,5.93403],[-72.72221,5.93443],[-72.72194,5.93497],[-72.71767,5.93518],[-72.71624,5.93601],[-72.71528,5.93703],[-72.71367,5.93777],[-72.71299,5.93873],[-72.71304,5.93923],[-72.71249,5.94063],[-72.71261,5.94165],[-72.71438,5.94465],[-72.71544,5.94477],[-72.71724,5.94648],[-72.72147,5.94882],[-72.72292,5.94885],[-72.72404,5.94821],[-72.72486,5.94808],[-72.72638,5.94627],[-72.72797,5.94647],[-72.72867,5.94662],[-72.72987,5.94754],[-72.73095,5.94879],[-72.73124,5.94956],[-72.73344,5.9511],[-72.73385,5.95242],[-72.7335,5.95404],[-72.73364,5.95553],[-72.73514,5.95615],[-72.73587,5.95685],[-72.7361,5.95794],[-72.73651,5.95842],[-72.73667,5.95971],[-72.73644,5.96052],[-72.73641,5.96309],[-72.73701,5.96409],[-72.73791,5.96489],[-72.73855,5.96681],[-72.73876,5.96977],[-72.73985,5.97057],[-72.74017,5.97227],[-72.74137,5.97443],[-72.74175,5.9768],[-72.74038,5.98061],[-72.74202,5.98301],[-72.74261,5.98435],[-72.74283,5.98567],[-72.74308,5.98573],[-72.74283,5.98647],[-72.74306,5.98788],[-72.74489,5.98747],[-72.74593,5.98472],[-72.74765,5.98446],[-72.74939,5.98377],[-72.75144,5.98186],[-72.75279,5.98177],[-72.75426,5.98219],[-72.755,5.98199],[-72.75997,5.97797],[-72.76256,5.97547],[-72.76377,5.9733],[-72.76411,5.97185],[-72.76588,5.97032],[-72.76653,5.96869],[-72.76767,5.96739],[-72.76862,5.96564],[-72.77078,5.96364],[-72.77223,5.96329],[-72.77246,5.96205],[-72.77399,5.96084],[-72.77528,5.95879],[-72.77804,5.95775],[-72.7792,5.95449],[-72.77965,5.95395],[-72.78052,5.95416],[-72.78276,5.95343],[-72.78381,5.9523],[-72.78425,5.95115],[-72.78541,5.94998],[-72.78739,5.94654],[-72.7876,5.9454],[-72.78973,5.94201],[-72.7904,5.93707],[-72.79284,5.93309],[-72.79269,5.93135],[-72.79586,5.93027],[-72.79864,5.93012],[-72.80185,5.92949],[-72.80074,5.9269],[-72.79818,5.92505],[-72.79768,5.92234],[-72.79611,5.91978],[-72.7963,5.91889],[-72.79763,5.91823],[-72.79814,5.91771],[-72.79757,5.9142],[-72.79788,5.91225],[-72.79716,5.91083],[-72.79759,5.90694],[-72.79892,5.90584],[-72.79972,5.90285],[-72.80096,5.90063],[-72.80191,5.89924],[-72.80241,5.89896],[-72.8028,5.89908],[-72.80345,5.90008],[-72.80457,5.90007],[-72.80498,5.8992],[-72.80449,5.89808],[-72.80457,5.89761],[-72.80491,5.89734],[-72.80634,5.89747],[-72.80688,5.89722],[-72.80743,5.89593],[-72.80896,5.89476],[-72.80975,5.89448],[-72.81194,5.89435],[-72.81304,5.89385],[-72.81443,5.89275],[-72.81616,5.89243],[-72.81737,5.89117],[-72.81797,5.89009],[-72.82196,5.8865],[-72.82391,5.88415],[-72.82477,5.88249],[-72.82607,5.88129],[-72.8266,5.87896],[-72.82656,5.87859],[-72.82616,5.87828],[-72.82454,5.87826],[-72.82302,5.8777],[-72.82166,5.87448],[-72.82025,5.87354],[-72.81933,5.87232],[-72.81902,5.87133],[-72.81911,5.86994],[-72.81776,5.86991],[-72.81686,5.86908],[-72.81576,5.86713],[-72.81318,5.86622],[-72.81164,5.86453],[-72.81119,5.86261],[-72.8106,5.86165],[-72.81019,5.85962],[-72.80947,5.8591],[-72.80916,5.8581],[-72.80782,5.85745],[-72.80658,5.85581],[-72.80575,5.85526],[-72.8056,5.85444],[-72.80385,5.85398],[-72.80312,5.85314],[-72.80119,5.85192],[-72.80032,5.85209],[-72.79915,5.85349],[-72.79812,5.85391],[-72.79644,5.85315],[-72.7934,5.8528],[-72.79248,5.85175],[-72.79104,5.85124],[-72.78985,5.85003],[-72.79005,5.84925],[-72.78929,5.84741],[-72.78843,5.84693],[-72.78703,5.84677],[-72.78585,5.84487],[-72.7798,5.8455],[-72.77744,5.84682],[-72.77637,5.84784],[-72.7753,5.84771],[-72.77406,5.84549],[-72.77178,5.84431],[-72.77101,5.8436],[-72.7701,5.84072],[-72.76939,5.83979],[-72.76484,5.83658],[-72.76188,5.83382],[-72.75997,5.83255],[-72.75873,5.83081],[-72.75815,5.82867],[-72.75744,5.82772],[-72.75606,5.82767],[-72.75564,5.82719],[-72.75405,5.82687],[-72.75291,5.82578],[-72.75193,5.82081],[-72.7494,5.81833],[-72.74917,5.8151],[-72.74767,5.81667],[-72.74436,5.81939],[-72.73728,5.8225],[-72.73226,5.82369],[-72.72921,5.82516],[-72.72735,5.82549],[-72.72504,5.82528],[-72.72445,5.82548],[-72.72391,5.82624],[-72.72287,5.82662],[-72.7217,5.82601],[-72.72081,5.82598],[-72.72045,5.82698],[-72.71997,5.82733],[-72.71513,5.8285],[-72.71205,5.83014],[-72.71022,5.83174],[-72.70804,5.83248],[-72.70699,5.83375],[-72.70538,5.8347],[-72.70262,5.83573],[-72.70164,5.83578],[-72.70108,5.8346],[-72.69934,5.83402],[-72.69819,5.83392],[-72.69609,5.83428],[-72.6918,5.83341],[-72.68868,5.83214],[-72.68675,5.83208],[-72.68673,5.8273],[-72.68622,5.82573],[-72.68624,5.8232],[-72.68584,5.82218],[-72.68846,5.81838],[-72.68852,5.81726],[-72.6879,5.8167],[-72.68376,5.81465],[-72.68117,5.81439],[-72.67671,5.81175],[-72.67027,5.809],[-72.66672,5.80903],[-72.66451,5.8085],[-72.66218,5.80947],[-72.65876,5.80996],[-72.65496,5.81141],[-72.65332,5.81295],[-72.65278,5.81426],[-72.65238,5.81451],[-72.64845,5.8147],[-72.64718,5.81521],[-72.64613,5.81609],[-72.63934,5.81663],[-72.63901,5.81861],[-72.63855,5.81922],[-72.6383,5.82014],[-72.63837,5.82236],[-72.63705,5.82492],[-72.63478,5.82709],[-72.63456,5.82774],[-72.63229,5.82862],[-72.63172,5.8291],[-72.6314,5.83204],[-72.6305,5.83383],[-72.63018,5.83529],[-72.6303,5.83626],[-72.6291,5.84092],[-72.62862,5.84236],[-72.62802,5.84249],[-72.62776,5.84308],[-72.62782,5.84414],[-72.62827,5.84508],[-72.62776,5.8456],[-72.62797,5.84664],[-72.62757,5.84713],[-72.6276,5.84797],[-72.62706,5.84915],[-72.6275,5.84986],[-72.62749,5.85085],[-72.62802,5.85168],[-72.62798,5.85276],[-72.62852,5.85373],[-72.62815,5.85529],[-72.62882,5.85647],[-72.62877,5.85701],[-72.62954,5.85742],[-72.63006,5.85963],[-72.62941,5.86136],[-72.62859,5.86247],[-72.62852,5.86352],[-72.62809,5.86413],[-72.62827,5.8653],[-72.62768,5.86716],[-72.62744,5.86911],[-72.62643,5.8699],[-72.62668,5.87182],[-72.62558,5.87286],[-72.6256,5.87342],[-72.62623,5.8742],[-72.62632,5.87563],[-72.62563,5.87686],[-72.62506,5.87985],[-72.62456,5.88085],[-72.62349,5.8851],[-72.62306,5.88596],[-72.62327,5.88689],[-72.62258,5.88722],[-72.62277,5.88808],[-72.62362,5.8886],[-72.62394,5.88912],[-72.62257,5.89104],[-72.62236,5.89288],[-72.62131,5.89558],[-72.61912,5.89898],[-72.61762,5.89977],[-72.61726,5.90173],[-72.61629,5.90384],[-72.61633,5.90463],[-72.61711,5.90652],[-72.61789,5.90704],[-72.61812,5.90864],[-72.61908,5.9102],[-72.61893,5.91061],[-72.61939,5.91061],[-72.61999,5.91263],[-72.6204,5.91302],[-72.6213,5.91307],[-72.62219,5.91443],[-72.62498,5.9129],[-72.62586,5.91181],[-72.62643,5.91046],[-72.62724,5.90998],[-72.63081,5.90916],[-72.63407,5.90891],[-72.64253,5.90664],[-72.64688,5.90629],[-72.64983,5.90653],[-72.65069,5.90687]]]},"properties":{"DPTO_CCDGO":"15","MPIO_CCDGO":"790","DPTO_CNMBR":"BOYACÁ","MPIO_CNMBR":"TASCO","MPIO_NAREA":"209.698111725","Shape_Leng":"0.810535798567","Shape_Area":"0.0171143359818"}},{"type":"Feature","geometry":{"type":"Polygon","coordinates":[[[-73.38389,5.08484],[-73.38436,5.08519],[-73.3852,5.08515],[-73.38659,5.08573],[-73.38977,5.08773],[-73.39143,5.0897],[-73.3926,5.09221],[-73.3941,5.09386],[-73.3946,5.09578],[-73.39488,5.09574],[-73.39581,5.09762],[-73.39595,5.09862],[-73.39679,5.09938],[-73.39733,5.10132],[-73.39775,5.10187],[-73.39867,5.10203],[-73.4002,5.10163],[-73.40188,5.10259],[-73.40375,5.10409],[-73.40548,5.1047],[-73.40767,5.10703],[-73.40973,5.10847],[-73.40998,5.10949],[-73.41057,5.10998],[-73.4113,5.1101],[-73.41178,5.11049],[-73.41212,5.11034],[-73.41242,5.11058],[-73.4126,5.11038],[-73.41313,5.11053],[-73.41578,5.11269],[-73.41804,5.11287],[-73.41842,5.11316],[-73.41967,5.11545],[-73.42013,5.11749],[-73.41962,5.12112],[-73.41973,5.12191],[-73.42127,5.12071],[-73.42291,5.11854],[-73.42452,5.11744],[-73.42389,5.11656],[-73.42412,5.11565],[-73.42346,5.11422],[-73.42359,5.11362],[-73.42281,5.11233],[-73.42315,5.11149],[-73.42284,5.10803],[-73.42336,5.1067],[-73.42506,5.10435],[-73.42722,5.10348],[-73.42725,5.10268],[-73.42681,5.10264],[-73.42656,5.10191],[-73.42766,5.10139],[-73.42772,5.1001],[-73.42837,5.09951],[-73.4287,5.09847],[-73.42968,5.09762],[-73.42959,5.09649],[-73.43161,5.09407],[-73.43182,5.09133],[-73.43322,5.08857],[-73.43285,5.08732],[-73.43414,5.08788],[-73.43528,5.08759],[-73.4361,5.08783],[-73.43803,5.08662],[-73.43903,5.08666],[-73.43979,5.08625],[-73.44069,5.08502],[-73.44186,5.08423],[-73.44258,5.08333],[-73.44247,5.08179],[-73.44316,5.08148],[-73.4447,5.08133],[-73.44582,5.08045],[-73.44644,5.07795],[-73.44743,5.07657],[-73.44766,5.07552],[-73.45343,5.07142],[-73.45573,5.07087],[-73.45733,5.0712],[-73.45939,5.07073],[-73.46109,5.07084],[-73.46154,5.07047],[-73.46227,5.07044],[-73.46384,5.06975],[-73.46524,5.06987],[-73.46911,5.06797],[-73.47174,5.06608],[-73.47484,5.06598],[-73.47624,5.06523],[-73.47708,5.0644],[-73.47799,5.06428],[-73.47823,5.06367],[-73.47896,5.06305],[-73.47964,5.06165],[-73.47964,5.06165],[-73.47826,5.06097],[-73.47746,5.05953],[-73.47621,5.05888],[-73.47482,5.05762],[-73.47503,5.05593],[-73.47485,5.05233],[-73.47361,5.05151],[-73.4728,5.0508],[-73.47068,5.05013],[-73.46906,5.05033],[-73.46764,5.0499],[-73.4659,5.05006],[-73.46478,5.04906],[-73.4636,5.04936],[-73.46266,5.04912],[-73.46188,5.04939],[-73.45926,5.0494],[-73.45758,5.04991],[-73.45541,5.04955],[-73.45395,5.04763],[-73.45261,5.04697],[-73.4514,5.04684],[-73.45001,5.04629],[-73.44929,5.04559],[-73.45002,5.04411],[-73.44835,5.03995],[-73.44696,5.03931],[-73.44605,5.0392],[-73.44373,5.04003],[-73.44277,5.03995],[-73.44189,5.03917],[-73.43952,5.03885],[-73.436,5.037],[-73.43283,5.03727],[-73.43184,5.0371],[-73.42916,5.03752],[-73.42765,5.03805],[-73.42681,5.03985],[-73.4268,5.04109],[-73.42536,5.04177],[-73.42435,5.04432],[-73.42456,5.04508],[-73.42366,5.04672],[-73.42353,5.04759],[-73.42362,5.04863],[-73.42415,5.04938],[-73.42417,5.04989],[-73.4234,5.05056],[-73.42257,5.05234],[-73.42124,5.05342],[-73.42076,5.05461],[-73.41902,5.05634],[-73.41843,5.05599],[-73.41698,5.05582],[-73.41401,5.05358],[-73.4086,5.05044],[-73.40585,5.0468],[-73.40517,5.04758],[-73.40493,5.04839],[-73.40329,5.04779],[-73.40176,5.049],[-73.40111,5.05011],[-73.39938,5.04922],[-73.39736,5.04909],[-73.39633,5.04842],[-73.39379,5.04803],[-73.394,5.04927],[-73.39384,5.05032],[-73.39231,5.05113],[-73.39201,5.05154],[-73.39186,5.05281],[-73.39217,5.05407],[-73.39199,5.05473],[-73.39152,5.05522],[-73.3905,5.05556],[-73.39002,5.05616],[-73.39014,5.05678],[-73.39115,5.05798],[-73.38963,5.05955],[-73.38886,5.06433],[-73.38895,5.0651],[-73.39035,5.06678],[-73.3902,5.06876],[-73.3897,5.06939],[-73.38795,5.0702],[-73.38667,5.07135],[-73.38703,5.07411],[-73.38657,5.07687],[-73.386,5.07822],[-73.3851,5.0794],[-73.3851,5.08128],[-73.38425,5.08257],[-73.38389,5.08484]]]},"properties":{"DPTO_CCDGO":"15","MPIO_CCDGO":"798","DPTO_CNMBR":"BOYACÁ","MPIO_CNMBR":"TENZA","MPIO_NAREA":"45.8640825389","Shape_Leng":"0.328585087781","Shape_Area":"0.00373980614559"}},{"type":"Feature","geometry":{"type":"Polygon","coordinates":[[[-73.33641,5.3145],[-73.33851,5.31555],[-73.34018,5.31603],[-73.34191,5.31572],[-73.34326,5.31689],[-73.34437,5.31683],[-73.34681,5.31739],[-73.34773,5.31869],[-73.34827,5.32053],[-73.34907,5.32079],[-73.35015,5.32166],[-73.35114,5.32359],[-73.35223,5.32419],[-73.3537,5.32607],[-73.35493,5.32922],[-73.3553,5.33095],[-73.35589,5.33207],[-73.35656,5.33261],[-73.36002,5.33375],[-73.3616,5.33494],[-73.36313,5.33527],[-73.36548,5.33655],[-73.36688,5.33659],[-73.36822,5.33746],[-73.36939,5.33785],[-73.37113,5.33776],[-73.37342,5.33837],[-73.376,5.33969],[-73.37669,5.34087],[-73.37775,5.3414],[-73.37607,5.34508],[-73.3743,5.34629],[-73.37484,5.34685],[-73.37629,5.34707],[-73.37706,5.34757],[-73.37793,5.34952],[-73.37889,5.35086],[-73.37974,5.35326],[-73.38109,5.35589],[-73.38161,5.35662],[-73.38361,5.3581],[-73.38492,5.3585],[-73.38659,5.35838],[-73.3892,5.35954],[-73.3906,5.35964],[-73.39102,5.35938],[-73.39094,5.35861],[-73.39125,5.35822],[-73.394,5.35672],[-73.39487,5.35688],[-73.39641,5.35771],[-73.39873,5.35778],[-73.40073,5.35833],[-73.40158,5.35877],[-73.404,5.36173],[-73.40507,5.36264],[-73.40651,5.36744],[-73.40659,5.36993],[-73.40756,5.37126],[-73.40933,5.37162],[-73.41162,5.3725],[-73.41654,5.37197],[-73.41735,5.37143],[-73.41848,5.37148],[-73.41869,5.37071],[-73.41839,5.36875],[-73.4191,5.36746],[-73.4192,5.36676],[-73.4166,5.363],[-73.41777,5.36203],[-73.41808,5.36123],[-73.41857,5.3586],[-73.41872,5.35537],[-73.42185,5.35228],[-73.42323,5.3502],[-73.42503,5.34641],[-73.42894,5.34184],[-73.42978,5.34052],[-73.43271,5.33781],[-73.43461,5.33734],[-73.43469,5.33568],[-73.43783,5.33289],[-73.44013,5.33024],[-73.44323,5.32778],[-73.44371,5.32763],[-73.44645,5.3279],[-73.44736,5.32756],[-73.44829,5.32676],[-73.44729,5.32575],[-73.44695,5.32497],[-73.4471,5.3227],[-73.44778,5.32016],[-73.44785,5.31887],[-73.44921,5.31604],[-73.45131,5.31455],[-73.45093,5.31404],[-73.45091,5.31267],[-73.45258,5.31173],[-73.45458,5.31001],[-73.45425,5.3096],[-73.45235,5.30964],[-73.45177,5.30917],[-73.45157,5.30642],[-73.45191,5.3036],[-73.4492,5.30154],[-73.44373,5.30057],[-73.44173,5.2989],[-73.43749,5.2992],[-73.43378,5.30094],[-73.43169,5.30045],[-73.42943,5.3005],[-73.43006,5.29946],[-73.43151,5.29853],[-73.4325,5.29838],[-73.43318,5.29796],[-73.43361,5.29733],[-73.43426,5.29708],[-73.43345,5.29633],[-73.43214,5.2959],[-73.43397,5.2947],[-73.43501,5.29325],[-73.43603,5.29249],[-73.43758,5.29012],[-73.44342,5.2844],[-73.44404,5.28265],[-73.44485,5.28223],[-73.44635,5.28028],[-73.44794,5.27872],[-73.44865,5.27678],[-73.44875,5.27501],[-73.44808,5.27362],[-73.44632,5.27177],[-73.44592,5.27001],[-73.44655,5.26645],[-73.44646,5.26219],[-73.44674,5.2604],[-73.44907,5.25729],[-73.45064,5.25343],[-73.44991,5.25125],[-73.45008,5.24857],[-73.44943,5.24671],[-73.4479,5.24539],[-73.44548,5.24397],[-73.44376,5.24367],[-73.44274,5.24399],[-73.43722,5.24728],[-73.43263,5.25092],[-73.42803,5.25197],[-73.42445,5.25331],[-73.42062,5.25404],[-73.41978,5.25416],[-73.41911,5.25366],[-73.41558,5.25486],[-73.41216,5.25485],[-73.41124,5.25507],[-73.41022,5.25506],[-73.40897,5.25444],[-73.40834,5.25459],[-73.40795,5.25511],[-73.40623,5.2546],[-73.4054,5.25488],[-73.40584,5.25383],[-73.40454,5.24955],[-73.40342,5.24797],[-73.40231,5.24806],[-73.40139,5.24694],[-73.40106,5.2453],[-73.40134,5.24274],[-73.40027,5.24333],[-73.39965,5.2441],[-73.3976,5.24497],[-73.39642,5.24582],[-73.39565,5.24667],[-73.39508,5.24791],[-73.39243,5.24987],[-73.3923,5.25068],[-73.39181,5.25138],[-73.39069,5.25181],[-73.38888,5.25345],[-73.38739,5.25416],[-73.38474,5.2573],[-73.38102,5.25941],[-73.37904,5.26221],[-73.37825,5.26246],[-73.37499,5.26233],[-73.37383,5.26287],[-73.37328,5.26282],[-73.37294,5.26333],[-73.36942,5.26574],[-73.36773,5.26517],[-73.3658,5.26587],[-73.36417,5.26586],[-73.3638,5.26653],[-73.35905,5.27064],[-73.35884,5.27274],[-73.35916,5.27429],[-73.35814,5.27744],[-73.35703,5.2781],[-73.34895,5.28115],[-73.34735,5.2825],[-73.34217,5.28181],[-73.34086,5.28063],[-73.33851,5.27963],[-73.33707,5.27832],[-73.33555,5.27416],[-73.33352,5.27122],[-73.33244,5.26674],[-73.3313,5.26528],[-73.33119,5.26438],[-73.32957,5.26166],[-73.32611,5.2629],[-73.32303,5.26481],[-73.31548,5.26859],[-73.31167,5.27102],[-73.30899,5.27189],[-73.30995,5.27323],[-73.30869,5.27493],[-73.30858,5.2755],[-73.30902,5.27609],[-73.30956,5.27628],[-73.30958,5.27658],[-73.3091,5.27717],[-73.30833,5.27677],[-73.30816,5.2773],[-73.30855,5.27813],[-73.31037,5.27832],[-73.31073,5.27904],[-73.31263,5.28005],[-73.31399,5.28195],[-73.31773,5.28426],[-73.32037,5.28739],[-73.32195,5.29053],[-73.32246,5.29069],[-73.32311,5.29041],[-73.32402,5.2905],[-73.32435,5.29155],[-73.32319,5.29287],[-73.32335,5.29344],[-73.32628,5.29344],[-73.32721,5.29495],[-73.32729,5.29644],[-73.33193,5.30802],[-73.3293,5.31079],[-73.33184,5.31203],[-73.33416,5.31384],[-73.33641,5.3145]]]},"properties":{"DPTO_CCDGO":"15","MPIO_CCDGO":"804","DPTO_CNMBR":"BOYACÁ","MPIO_CNMBR":"TIBANÁ","MPIO_NAREA":"121.832654838","Shape_Leng":"0.560833327244","Shape_Area":"0.00993775643049"}},{"type":"Feature","geometry":{"type":"Polygon","coordinates":[[[-72.99221,5.8052],[-72.99342,5.80552],[-72.99398,5.80734],[-72.99419,5.80746],[-72.99543,5.80671],[-72.99653,5.80788],[-72.99698,5.80805],[-72.99852,5.80798],[-72.99923,5.80748],[-73.00009,5.80809],[-73.00163,5.80758],[-73.00307,5.80904],[-73.00367,5.80763],[-73.00478,5.80799],[-73.00564,5.8075],[-73.00864,5.80835],[-73.01006,5.80914],[-73.01076,5.80926],[-73.01047,5.80854],[-73.00924,5.80806],[-73.00952,5.80742],[-73.01328,5.80899],[-73.01471,5.80733],[-73.01454,5.80519],[-73.01537,5.80427],[-73.01502,5.80335],[-73.01598,5.80124],[-73.01592,5.79911],[-73.0166,5.79873],[-73.01767,5.79867],[-73.01692,5.79673],[-73.01613,5.79597],[-73.01619,5.79509],[-73.01725,5.79472],[-73.01755,5.79427],[-73.01697,5.79329],[-73.01667,5.79142],[-73.01851,5.79111],[-73.01851,5.79012],[-73.01982,5.78934],[-73.02099,5.7876],[-73.02115,5.78693],[-73.02079,5.78614],[-73.02156,5.7857],[-73.02151,5.78497],[-73.02277,5.78427],[-73.02191,5.78331],[-73.02234,5.78226],[-73.02481,5.78054],[-73.02614,5.78084],[-73.0264,5.77998],[-73.02743,5.77966],[-73.02854,5.77863],[-73.02994,5.77914],[-73.03071,5.77983],[-73.03149,5.77988],[-73.03294,5.78079],[-73.03395,5.78067],[-73.03585,5.77757],[-73.03693,5.77688],[-73.04102,5.77534],[-73.04034,5.77388],[-73.04137,5.77262],[-73.04188,5.77085],[-73.04428,5.77011],[-73.04464,5.77006],[-73.04506,5.77058],[-73.04505,5.77225],[-73.04528,5.77247],[-73.04669,5.77265],[-73.04884,5.77235],[-73.04978,5.7728],[-73.05081,5.77388],[-73.05306,5.77184],[-73.05443,5.76809],[-73.05587,5.76706],[-73.05675,5.76584],[-73.05702,5.76423],[-73.05904,5.76174],[-73.06,5.75641],[-73.06127,5.75469],[-73.06236,5.7526],[-73.06208,5.75065],[-73.06375,5.74847],[-73.0643,5.74963],[-73.06483,5.75008],[-73.06613,5.75004],[-73.06783,5.74674],[-73.0664,5.746],[-73.06649,5.74568],[-73.06618,5.74515],[-73.06679,5.74398],[-73.06703,5.74088],[-73.06667,5.7365],[-73.06691,5.73554],[-73.06642,5.73098],[-73.06654,5.72834],[-73.06659,5.72748],[-73.0674,5.72551],[-73.06745,5.72449],[-73.06649,5.7207],[-73.06593,5.71655],[-73.06461,5.7126],[-73.06224,5.70282],[-73.05697,5.70192],[-73.05722,5.70049],[-73.05752,5.70014],[-73.05661,5.69836],[-73.05665,5.69799],[-73.05753,5.697],[-73.05803,5.69569],[-73.05917,5.69448],[-73.05865,5.692],[-73.05967,5.69158],[-73.05995,5.69013],[-73.06056,5.68933],[-73.06059,5.68803],[-73.05996,5.68714],[-73.05945,5.68697],[-73.05501,5.68885],[-73.05136,5.69154],[-73.04778,5.69318],[-73.04546,5.69473],[-73.03953,5.70044],[-73.03832,5.70277],[-73.03768,5.70646],[-73.03739,5.70692],[-73.03858,5.70839],[-73.03787,5.71003],[-73.03607,5.71218],[-73.03547,5.71366],[-73.0337,5.71426],[-73.03243,5.71511],[-73.03168,5.71774],[-73.02987,5.72061],[-73.02425,5.72446],[-73.02011,5.72179],[-73.0171,5.72145],[-73.0155,5.7209],[-73.01126,5.72008],[-73.00959,5.72012],[-73.00907,5.71963],[-73.00553,5.71979],[-73.0001,5.72131],[-72.99837,5.72282],[-72.99607,5.72114],[-72.99593,5.72079],[-72.99404,5.72019],[-72.99406,5.72046],[-72.99028,5.72103],[-72.98699,5.72117],[-72.98588,5.72047],[-72.98318,5.72027],[-72.98084,5.71919],[-72.97259,5.72055],[-72.97028,5.7158],[-72.96663,5.71138],[-72.96489,5.70875],[-72.96455,5.70863],[-72.96104,5.71123],[-72.95429,5.71381],[-72.9519,5.7144],[-72.95051,5.71409],[-72.94949,5.71428],[-72.94876,5.71388],[-72.94739,5.71443],[-72.94686,5.71481],[-72.94667,5.71609],[-72.94559,5.71777],[-72.9456,5.7196],[-72.94505,5.72018],[-72.94464,5.72126],[-72.94486,5.72258],[-72.9439,5.72413],[-72.94405,5.72486],[-72.94629,5.72869],[-72.94545,5.73],[-72.94563,5.73082],[-72.94513,5.73319],[-72.9454,5.73497],[-72.94473,5.73723],[-72.94546,5.73761],[-72.94549,5.73816],[-72.94586,5.73842],[-72.94569,5.73875],[-72.94645,5.73967],[-72.94594,5.7407],[-72.94535,5.74126],[-72.94493,5.74128],[-72.94503,5.74171],[-72.94456,5.74216],[-72.94451,5.7436],[-72.94468,5.74366],[-72.94442,5.74547],[-72.94449,5.74604],[-72.94472,5.74611],[-72.94517,5.74638],[-72.94643,5.7488],[-72.94719,5.74873],[-72.94752,5.74845],[-72.94697,5.74668],[-72.94734,5.74605],[-72.94841,5.74621],[-72.94975,5.74783],[-72.95063,5.74809],[-72.95183,5.74803],[-72.95238,5.74768],[-72.95165,5.74689],[-72.95153,5.74639],[-72.95445,5.74604],[-72.95465,5.74457],[-72.95653,5.74531],[-72.95725,5.7443],[-72.95914,5.74416],[-72.95956,5.74471],[-72.95951,5.74503],[-72.95835,5.74592],[-72.95795,5.74657],[-72.95836,5.74773],[-72.96046,5.75023],[-72.96093,5.75041],[-72.9619,5.74989],[-72.96326,5.75025],[-72.96402,5.75244],[-72.96445,5.75292],[-72.9661,5.75267],[-72.96658,5.75286],[-72.96681,5.7545],[-72.96912,5.75379],[-72.96961,5.75389],[-72.9703,5.75546],[-72.97147,5.75622],[-72.97113,5.75912],[-72.97265,5.76191],[-72.97243,5.76245],[-72.97159,5.76308],[-72.9722,5.7654],[-72.97273,5.76637],[-72.97229,5.76787],[-72.97411,5.76948],[-72.97387,5.77074],[-72.97491,5.77175],[-72.97511,5.77301],[-72.97567,5.77416],[-72.97574,5.77517],[-72.97688,5.77663],[-72.97781,5.77687],[-72.97908,5.77667],[-72.97936,5.77755],[-72.98048,5.77877],[-72.98142,5.78049],[-72.98329,5.78246],[-72.98524,5.78275],[-72.9857,5.78305],[-72.98587,5.78466],[-72.98648,5.78594],[-72.98627,5.78652],[-72.98707,5.79029],[-72.9876,5.79069],[-72.98887,5.79069],[-72.98933,5.79102],[-72.9893,5.79302],[-72.9888,5.79448],[-72.98886,5.79511],[-72.98977,5.79607],[-72.99137,5.79709],[-72.99123,5.79779],[-72.99049,5.79832],[-72.99025,5.79977],[-72.99068,5.80057],[-72.99182,5.80101],[-72.99114,5.80236],[-72.99271,5.80355],[-72.99267,5.80413],[-72.99196,5.80497],[-72.99221,5.8052]]]},"properties":{"DPTO_CCDGO":"15","MPIO_CCDGO":"806","DPTO_CNMBR":"BOYACÁ","MPIO_CNMBR":"TIBASOSA","MPIO_NAREA":"93.7567541521","Shape_Leng":"0.510611898526","Shape_Area":"0.00765169304493"}},{"type":"Feature","geometry":{"type":"Polygon","coordinates":[[[-73.62461,5.56978],[-73.62637,5.57121],[-73.62624,5.57267],[-73.62711,5.57571],[-73.62649,5.57775],[-73.62796,5.5805],[-73.62892,5.58122],[-73.62937,5.58329],[-73.62918,5.58465],[-73.62826,5.58628],[-73.62776,5.58831],[-73.627,5.58974],[-73.62651,5.59138],[-73.62674,5.59266],[-73.62655,5.59457],[-73.62549,5.5972],[-73.62513,5.60125],[-73.62525,5.60312],[-73.62713,5.60323],[-73.62887,5.60444],[-73.62958,5.60549],[-73.62983,5.60679],[-73.63081,5.60755],[-73.63075,5.60866],[-73.63151,5.60886],[-73.63136,5.60928],[-73.6317,5.61007],[-73.63184,5.61148],[-73.63211,5.6117],[-73.6321,5.61272],[-73.63248,5.61342],[-73.63251,5.6142],[-73.63351,5.61487],[-73.63423,5.61493],[-73.63478,5.61452],[-73.63529,5.61497],[-73.63655,5.61512],[-73.63714,5.61618],[-73.63865,5.61563],[-73.64158,5.61565],[-73.6421,5.61705],[-73.64319,5.61756],[-73.6439,5.61743],[-73.64526,5.61648],[-73.64462,5.61543],[-73.64512,5.61402],[-73.65158,5.61114],[-73.65434,5.60938],[-73.65537,5.60933],[-73.65577,5.60886],[-73.65718,5.60997],[-73.66181,5.61051],[-73.66479,5.61166],[-73.66529,5.61018],[-73.66624,5.61007],[-73.66654,5.60964],[-73.66802,5.61065],[-73.67026,5.61128],[-73.67155,5.61279],[-73.67331,5.61423],[-73.67386,5.61531],[-73.6737,5.61652],[-73.67205,5.61723],[-73.67137,5.61795],[-73.67167,5.6195],[-73.67336,5.62179],[-73.67408,5.6237],[-73.67617,5.62589],[-73.67724,5.62745],[-73.67941,5.63213],[-73.67997,5.63472],[-73.68075,5.63657],[-73.68175,5.63568],[-73.68352,5.63339],[-73.68605,5.62958],[-73.68739,5.62754],[-73.68976,5.62542],[-73.69165,5.62419],[-73.69303,5.62081],[-73.69443,5.61845],[-73.69653,5.61636],[-73.69976,5.61248],[-73.70318,5.60951],[-73.70551,5.60551],[-73.70889,5.60343],[-73.71045,5.60212],[-73.71088,5.60161],[-73.71112,5.60018],[-73.7151,5.59708],[-73.71561,5.59695],[-73.71615,5.59566],[-73.71685,5.59606],[-73.71735,5.59518],[-73.71907,5.59604],[-73.71822,5.5931],[-73.71583,5.59154],[-73.7157,5.59058],[-73.71606,5.59021],[-73.71379,5.58708],[-73.71288,5.58519],[-73.71347,5.58021],[-73.71313,5.57784],[-73.71631,5.56895],[-73.71728,5.56737],[-73.71823,5.5648],[-73.7194,5.56016],[-73.72034,5.55816],[-73.7209,5.55473],[-73.7219,5.55297],[-73.72173,5.55148],[-73.72107,5.54952],[-73.7216,5.54882],[-73.72161,5.54701],[-73.72124,5.54508],[-73.72053,5.54364],[-73.7201,5.54089],[-73.72034,5.5389],[-73.72005,5.53737],[-73.71924,5.53649],[-73.71655,5.53485],[-73.71405,5.53469],[-73.71096,5.53501],[-73.70979,5.53538],[-73.70981,5.53561],[-73.70944,5.53575],[-73.70758,5.53543],[-73.70557,5.53435],[-73.70589,5.53331],[-73.70708,5.53228],[-73.70738,5.53065],[-73.7064,5.53026],[-73.70587,5.52944],[-73.70529,5.52919],[-73.70495,5.52802],[-73.70429,5.52728],[-73.70226,5.52668],[-73.70165,5.52619],[-73.70178,5.52594],[-73.69877,5.52482],[-73.69838,5.52478],[-73.69792,5.52519],[-73.69391,5.52504],[-73.69275,5.52522],[-73.69097,5.5288],[-73.68867,5.5301],[-73.68744,5.53148],[-73.68668,5.53315],[-73.68372,5.53534],[-73.68068,5.53981],[-73.67865,5.54168],[-73.678,5.54396],[-73.67834,5.5456],[-73.67195,5.54032],[-73.67157,5.54023],[-73.67138,5.54076],[-73.67075,5.54108],[-73.6689,5.53969],[-73.66798,5.5394],[-73.66765,5.53875],[-73.66647,5.53819],[-73.66523,5.53881],[-73.66457,5.53844],[-73.66346,5.5402],[-73.66364,5.54071],[-73.66308,5.54108],[-73.66302,5.54172],[-73.66246,5.54206],[-73.66222,5.5427],[-73.66075,5.54357],[-73.66026,5.54434],[-73.65861,5.54483],[-73.65779,5.54642],[-73.65656,5.5478],[-73.65623,5.5489],[-73.65492,5.55016],[-73.65267,5.55136],[-73.64966,5.55087],[-73.64704,5.55165],[-73.6453,5.55184],[-73.6408,5.55708],[-73.63919,5.55791],[-73.63887,5.55948],[-73.63649,5.56335],[-73.63472,5.56396],[-73.63375,5.56356],[-73.63281,5.56365],[-73.63167,5.56443],[-73.63118,5.56666],[-73.62964,5.56817],[-73.62796,5.56935],[-73.62694,5.56975],[-73.62461,5.56978]]]},"properties":{"DPTO_CCDGO":"15","MPIO_CCDGO":"808","DPTO_CNMBR":"BOYACÁ","MPIO_CNMBR":"TINJACÁ","MPIO_NAREA":"79.7514018003","Shape_Leng":"0.394506359299","Shape_Area":"0.00650875349829"}},{"type":"Feature","geometry":{"type":"Polygon","coordinates":[[[-72.65503,6.3779],[-72.65547,6.37874],[-72.65565,6.38119],[-72.65478,6.38346],[-72.65436,6.38577],[-72.6555,6.38694],[-72.65643,6.38887],[-72.65538,6.39349],[-72.6561,6.3948],[-72.65674,6.3995],[-72.65781,6.40106],[-72.65833,6.40272],[-72.65813,6.40347],[-72.65694,6.40419],[-72.65658,6.40468],[-72.65632,6.40618],[-72.65787,6.4084],[-72.65861,6.40893],[-72.65949,6.41016],[-72.65948,6.41117],[-72.65817,6.41267],[-72.65814,6.41356],[-72.65999,6.41604],[-72.65984,6.41833],[-72.66219,6.41976],[-72.66324,6.42154],[-72.66451,6.42555],[-72.66317,6.42879],[-72.66311,6.42992],[-72.66396,6.4309],[-72.66527,6.4317],[-72.6658,6.43263],[-72.66578,6.43386],[-72.66492,6.43684],[-72.66389,6.43805],[-72.66147,6.43977],[-72.66064,6.442],[-72.66062,6.4432],[-72.66077,6.44434],[-72.66227,6.44585],[-72.66315,6.44734],[-72.66358,6.44947],[-72.66472,6.45152],[-72.66532,6.45373],[-72.66637,6.45524],[-72.66644,6.45802],[-72.66697,6.45969],[-72.6677,6.46045],[-72.67021,6.46194],[-72.67082,6.46268],[-72.67206,6.46589],[-72.67301,6.46761],[-72.67368,6.47068],[-72.67438,6.47164],[-72.676,6.47245],[-72.67772,6.47582],[-72.6782,6.47787],[-72.67787,6.48007],[-72.67952,6.48276],[-72.68166,6.48309],[-72.68266,6.48291],[-72.68472,6.48124],[-72.68564,6.48093],[-72.68663,6.47963],[-72.6875,6.47778],[-72.68944,6.47594],[-72.691,6.47502],[-72.6936,6.4725],[-72.69455,6.47083],[-72.69594,6.47017],[-72.69655,6.46956],[-72.69704,6.46834],[-72.69806,6.4676],[-72.69936,6.46581],[-72.69944,6.46364],[-72.70079,6.46166],[-72.70183,6.46074],[-72.70229,6.45937],[-72.70322,6.45883],[-72.70391,6.45745],[-72.70464,6.45685],[-72.70557,6.45653],[-72.70603,6.45526],[-72.70904,6.4542],[-72.71225,6.45184],[-72.71349,6.45044],[-72.71445,6.44675],[-72.71674,6.44231],[-72.71982,6.44145],[-72.72307,6.44268],[-72.7248,6.44298],[-72.72528,6.44207],[-72.72576,6.44215],[-72.72723,6.44103],[-72.72902,6.44041],[-72.73115,6.4409],[-72.73305,6.441],[-72.73555,6.44003],[-72.73798,6.44027],[-72.73778,6.43971],[-72.73702,6.43906],[-72.73636,6.43799],[-72.73407,6.43644],[-72.73353,6.43561],[-72.73517,6.43139],[-72.73453,6.42637],[-72.73476,6.42155],[-72.7344,6.41907],[-72.73504,6.41594],[-72.73449,6.41257],[-72.73492,6.40832],[-72.73451,6.40675],[-72.73425,6.40253],[-72.734,6.40089],[-72.73323,6.3996],[-72.73299,6.39822],[-72.73237,6.39671],[-72.73234,6.39344],[-72.73297,6.38753],[-72.73295,6.38526],[-72.73102,6.38423],[-72.72971,6.38315],[-72.72906,6.38107],[-72.7295,6.37898],[-72.72943,6.37802],[-72.72878,6.37694],[-72.7262,6.37454],[-72.72559,6.37206],[-72.72577,6.37163],[-72.72379,6.3708],[-72.72237,6.37146],[-72.72173,6.37126],[-72.7189,6.37363],[-72.71643,6.37643],[-72.71551,6.37854],[-72.7141,6.38068],[-72.71422,6.38365],[-72.71333,6.38349],[-72.71146,6.38204],[-72.71042,6.38171],[-72.70949,6.3804],[-72.70836,6.38013],[-72.7076,6.38053],[-72.70622,6.38204],[-72.70446,6.38321],[-72.70302,6.38369],[-72.7011,6.38484],[-72.70038,6.38354],[-72.69826,6.38405],[-72.69648,6.38394],[-72.69624,6.38354],[-72.69551,6.38413],[-72.69434,6.38412],[-72.69348,6.38462],[-72.69269,6.38429],[-72.69207,6.38467],[-72.69146,6.38444],[-72.69018,6.3848],[-72.68923,6.38447],[-72.68887,6.38395],[-72.6881,6.38357],[-72.68729,6.38353],[-72.6846,6.38603],[-72.68321,6.38535],[-72.68248,6.38529],[-72.68161,6.38466],[-72.67598,6.37913],[-72.67594,6.37836],[-72.67474,6.37771],[-72.674,6.37765],[-72.67369,6.3785],[-72.67304,6.3789],[-72.6719,6.37883],[-72.67086,6.37932],[-72.67032,6.37922],[-72.66937,6.37802],[-72.66781,6.3774],[-72.6638,6.37836],[-72.6627,6.37815],[-72.66086,6.37723],[-72.65919,6.37777],[-72.65503,6.3779]]]},"properties":{"DPTO_CCDGO":"15","MPIO_CCDGO":"810","DPTO_CNMBR":"BOYACÁ","MPIO_CNMBR":"TIPACOQUE","MPIO_NAREA":"71.9476712479","Shape_Leng":"0.371411566247","Shape_Area":"0.00587759351516"}},{"type":"Feature","geometry":{"type":"Polygon","coordinates":[[[-73.07944,5.61809],[-73.08027,5.61836],[-73.08106,5.61912],[-73.08219,5.61918],[-73.08289,5.61954],[-73.08816,5.61975],[-73.09469,5.62123],[-73.09682,5.62221],[-73.09758,5.62218],[-73.09919,5.6234],[-73.09987,5.6237],[-73.10062,5.62357],[-73.10139,5.62414],[-73.10242,5.62571],[-73.10307,5.62631],[-73.10392,5.62666],[-73.10413,5.62782],[-73.10617,5.6274],[-73.10657,5.62756],[-73.10656,5.62803],[-73.10679,5.62812],[-73.10801,5.62665],[-73.1091,5.62586],[-73.10958,5.6257],[-73.11037,5.62589],[-73.11072,5.62531],[-73.1113,5.62497],[-73.11243,5.62515],[-73.11301,5.62492],[-73.1142,5.62545],[-73.11536,5.62538],[-73.11576,5.62575],[-73.11672,5.62562],[-73.11784,5.6264],[-73.11811,5.62723],[-73.11917,5.62789],[-73.12103,5.62812],[-73.12255,5.62916],[-73.12387,5.62917],[-73.12411,5.62982],[-73.12519,5.63058],[-73.12732,5.63067],[-73.12727,5.63141],[-73.12809,5.6319],[-73.12838,5.63263],[-73.12923,5.63261],[-73.12965,5.63355],[-73.13004,5.63375],[-73.13042,5.63316],[-73.13076,5.63311],[-73.13085,5.63258],[-73.13133,5.63271],[-73.13263,5.63223],[-73.13464,5.62991],[-73.13546,5.62946],[-73.13654,5.62969],[-73.13744,5.63045],[-73.13883,5.63018],[-73.13947,5.63039],[-73.13973,5.63006],[-73.14074,5.63026],[-73.14189,5.62984],[-73.14277,5.62993],[-73.14316,5.62967],[-73.14353,5.62888],[-73.14334,5.62856],[-73.144,5.6283],[-73.14398,5.62785],[-73.14448,5.62729],[-73.14565,5.62691],[-73.14622,5.62702],[-73.14699,5.62629],[-73.14742,5.6263],[-73.14791,5.62562],[-73.14893,5.62663],[-73.14967,5.62663],[-73.15015,5.62616],[-73.152,5.62676],[-73.15242,5.62609],[-73.15329,5.62608],[-73.15377,5.62649],[-73.15411,5.62596],[-73.15464,5.62616],[-73.15484,5.62629],[-73.15473,5.62702],[-73.15412,5.62757],[-73.15472,5.62835],[-73.15528,5.62814],[-73.15542,5.62742],[-73.15608,5.62726],[-73.15705,5.62744],[-73.15725,5.627],[-73.15815,5.6266],[-73.15836,5.6268],[-73.15803,5.62795],[-73.15892,5.62822],[-73.15914,5.62801],[-73.15903,5.62733],[-73.15986,5.62746],[-73.16023,5.62707],[-73.16097,5.62722],[-73.16213,5.62557],[-73.16322,5.62612],[-73.16315,5.62566],[-73.16238,5.62474],[-73.16247,5.62444],[-73.1631,5.62436],[-73.16376,5.62469],[-73.1645,5.62388],[-73.16481,5.6246],[-73.16521,5.62405],[-73.16555,5.62405],[-73.16612,5.6249],[-73.16586,5.62579],[-73.16628,5.62655],[-73.1703,5.62855],[-73.17424,5.63272],[-73.17772,5.63691],[-73.18061,5.63964],[-73.18313,5.64254],[-73.18307,5.64486],[-73.18372,5.64594],[-73.18413,5.64747],[-73.18511,5.64796],[-73.18595,5.64903],[-73.18598,5.65016],[-73.18704,5.65089],[-73.18848,5.65124],[-73.1893,5.65185],[-73.19081,5.64722],[-73.19107,5.64505],[-73.19145,5.64441],[-73.19416,5.64183],[-73.19742,5.63965],[-73.20064,5.63706],[-73.20169,5.63659],[-73.20256,5.63577],[-73.20713,5.63344],[-73.21064,5.63071],[-73.2118,5.63034],[-73.2131,5.62644],[-73.21436,5.62214],[-73.21901,5.6131],[-73.22078,5.61104],[-73.22185,5.61032],[-73.22512,5.60519],[-73.22642,5.60511],[-73.22686,5.60475],[-73.22959,5.60158],[-73.23073,5.59969],[-73.2324,5.59765],[-73.23349,5.59586],[-73.23466,5.59158],[-73.23832,5.58522],[-73.23869,5.58365],[-73.24129,5.57907],[-73.24233,5.57599],[-73.24493,5.57208],[-73.24862,5.5697],[-73.24324,5.56715],[-73.23102,5.56374],[-73.2311,5.5626],[-73.23071,5.56131],[-73.23029,5.56067],[-73.2297,5.56051],[-73.22942,5.55582],[-73.22864,5.5545],[-73.22795,5.55392],[-73.22558,5.55363],[-73.2243,5.55286],[-73.22379,5.5518],[-73.22185,5.55227],[-73.21811,5.54852],[-73.2181,5.54633],[-73.21587,5.5454],[-73.2151,5.5453],[-73.21427,5.54637],[-73.21228,5.54752],[-73.21156,5.54841],[-73.21004,5.5495],[-73.20815,5.54733],[-73.20713,5.54539],[-73.20592,5.5444],[-73.20464,5.54228],[-73.20404,5.54239],[-73.20319,5.54189],[-73.20253,5.54234],[-73.20036,5.54286],[-73.19757,5.54282],[-73.19688,5.54203],[-73.19629,5.53879],[-73.19517,5.53772],[-73.19496,5.53703],[-73.18754,5.53393],[-73.1866,5.533],[-73.18566,5.53267],[-73.18478,5.53129],[-73.18402,5.53061],[-73.17721,5.52589],[-73.17528,5.52551],[-73.17122,5.52374],[-73.16852,5.52304],[-73.16046,5.51924],[-73.15733,5.51807],[-73.15392,5.51615],[-73.14984,5.51474],[-73.14594,5.51238],[-73.13912,5.50926],[-73.135,5.50562],[-73.13445,5.50731],[-73.13275,5.5091],[-73.13083,5.50971],[-73.13038,5.51015],[-73.12901,5.51498],[-73.12196,5.51866],[-73.11945,5.52166],[-73.11676,5.52358],[-73.11586,5.52472],[-73.1152,5.52813],[-73.11543,5.5318],[-73.11335,5.53719],[-73.11175,5.5392],[-73.11077,5.54209],[-73.10982,5.54359],[-73.10886,5.54497],[-73.10588,5.54755],[-73.10553,5.5485],[-73.10501,5.55397],[-73.10398,5.55929],[-73.10176,5.56292],[-73.09951,5.56849],[-73.09782,5.57074],[-73.09633,5.57371],[-73.09538,5.57662],[-73.09317,5.57916],[-73.09124,5.58256],[-73.08923,5.58476],[-73.08868,5.58652],[-73.08929,5.58807],[-73.08785,5.59396],[-73.0865,5.59748],[-73.08629,5.59982],[-73.0855,5.60339],[-73.08496,5.60423],[-73.08404,5.60774],[-73.08256,5.6107],[-73.08174,5.61318],[-73.0799,5.61637],[-73.07924,5.61669],[-73.07944,5.61809]]]},"properties":{"DPTO_CCDGO":"15","MPIO_CCDGO":"814","DPTO_CNMBR":"BOYACÁ","MPIO_CNMBR":"TOCA","MPIO_NAREA":"168.251862765","Shape_Leng":"0.542314325267","Shape_Area":"0.0137287688734"}},{"type":"Feature","geometry":{"type":"Polygon","coordinates":[[[-73.43381,5.89834],[-73.43291,5.8988],[-73.43352,5.89997],[-73.46089,5.93254],[-73.45529,5.94248],[-73.45449,5.94306],[-73.45343,5.94793],[-73.45482,5.9508],[-73.45524,5.9538],[-73.45609,5.95423],[-73.45687,5.95536],[-73.45772,5.95563],[-73.45828,5.95616],[-73.45907,5.95695],[-73.45918,5.95767],[-73.46057,5.95827],[-73.4608,5.95891],[-73.46191,5.96005],[-73.46385,5.96009],[-73.46404,5.96212],[-73.46541,5.96293],[-73.46505,5.96511],[-73.46561,5.96556],[-73.46575,5.96703],[-73.46535,5.96793],[-73.46531,5.9688],[-73.46592,5.97031],[-73.46821,5.97246],[-73.46908,5.97433],[-73.4711,5.97567],[-73.47329,5.97647],[-73.47503,5.97836],[-73.47852,5.98025],[-73.48184,5.98025],[-73.48306,5.98124],[-73.48602,5.98286],[-73.48733,5.983],[-73.48771,5.98357],[-73.48918,5.98373],[-73.4908,5.98491],[-73.49354,5.98592],[-73.49503,5.98685],[-73.49604,5.98692],[-73.49711,5.98505],[-73.49832,5.98387],[-73.5019,5.98208],[-73.50292,5.98071],[-73.50399,5.97828],[-73.50463,5.97755],[-73.51001,5.97522],[-73.51029,5.9743],[-73.51337,5.97159],[-73.51468,5.97212],[-73.51785,5.97163],[-73.51856,5.97202],[-73.51937,5.97209],[-73.52215,5.97116],[-73.52415,5.96979],[-73.52387,5.96834],[-73.52523,5.96761],[-73.52628,5.96646],[-73.52723,5.96604],[-73.5291,5.96464],[-73.53265,5.96086],[-73.53492,5.95948],[-73.53905,5.95768],[-73.54143,5.95717],[-73.54239,5.95652],[-73.54477,5.95572],[-73.54467,5.95531],[-73.54527,5.95476],[-73.54508,5.9543],[-73.54581,5.95421],[-73.54557,5.95341],[-73.54575,5.95321],[-73.54645,5.95291],[-73.54978,5.95254],[-73.54946,5.9519],[-73.54987,5.95069],[-73.54907,5.9496],[-73.54811,5.94968],[-73.54718,5.95012],[-73.54571,5.94965],[-73.54488,5.95003],[-73.54347,5.94955],[-73.54178,5.94941],[-73.53995,5.94827],[-73.53867,5.94865],[-73.53798,5.94856],[-73.53472,5.94577],[-73.53477,5.94403],[-73.53203,5.94452],[-73.52954,5.94155],[-73.52792,5.94087],[-73.52834,5.93986],[-73.53012,5.9391],[-73.53042,5.93829],[-73.53025,5.93778],[-73.52905,5.93723],[-73.52823,5.93651],[-73.52749,5.93558],[-73.52744,5.93488],[-73.52694,5.93455],[-73.52744,5.93411],[-73.52747,5.93372],[-73.52695,5.93269],[-73.52812,5.93171],[-73.52823,5.93088],[-73.52774,5.92771],[-73.52842,5.92384],[-73.53044,5.92166],[-73.53204,5.91939],[-73.5322,5.9186],[-73.53289,5.91804],[-73.53461,5.91738],[-73.53711,5.91559],[-73.53928,5.91562],[-73.54132,5.91447],[-73.54224,5.91484],[-73.54291,5.91451],[-73.54232,5.91312],[-73.54222,5.91189],[-73.5417,5.91172],[-73.5408,5.91077],[-73.53817,5.91001],[-73.53755,5.90959],[-73.53529,5.90743],[-73.53502,5.9066],[-73.5335,5.90469],[-73.53252,5.9038],[-73.53208,5.90401],[-73.53183,5.90376],[-73.53134,5.90272],[-73.53056,5.90184],[-73.52865,5.90112],[-73.52718,5.89984],[-73.52603,5.89804],[-73.52591,5.89655],[-73.52548,5.89543],[-73.52451,5.89449],[-73.52448,5.89338],[-73.52225,5.89233],[-73.52137,5.89221],[-73.52031,5.8929],[-73.51924,5.89275],[-73.51743,5.89337],[-73.51635,5.89417],[-73.51235,5.8943],[-73.51177,5.8926],[-73.51168,5.89075],[-73.5112,5.89024],[-73.51046,5.88999],[-73.50969,5.88886],[-73.50917,5.88892],[-73.50833,5.88955],[-73.50704,5.89152],[-73.50649,5.89133],[-73.50636,5.89026],[-73.50689,5.8891],[-73.50634,5.8877],[-73.50635,5.88699],[-73.50696,5.88531],[-73.50749,5.88499],[-73.50762,5.88406],[-73.50748,5.88341],[-73.50653,5.88336],[-73.5061,5.88248],[-73.504,5.88183],[-73.504,5.88041],[-73.50501,5.87966],[-73.50544,5.87875],[-73.50509,5.87815],[-73.5042,5.87764],[-73.50397,5.87567],[-73.50029,5.8743],[-73.49985,5.87286],[-73.49829,5.87232],[-73.49742,5.87113],[-73.49432,5.87101],[-73.49278,5.8717],[-73.49192,5.8718],[-73.49055,5.87099],[-73.49053,5.87026],[-73.48972,5.86982],[-73.48929,5.86912],[-73.48794,5.86803],[-73.4863,5.86571],[-73.48473,5.86409],[-73.48417,5.86374],[-73.48309,5.86367],[-73.48152,5.86239],[-73.48058,5.86001],[-73.47956,5.86006],[-73.47889,5.85884],[-73.47701,5.85846],[-73.47555,5.85749],[-73.47462,5.85749],[-73.47348,5.85705],[-73.46919,5.85457],[-73.46667,5.85239],[-73.46563,5.84984],[-73.46374,5.84841],[-73.46065,5.84969],[-73.46031,5.85015],[-73.45999,5.85119],[-73.45879,5.85238],[-73.45818,5.85364],[-73.45575,5.86102],[-73.45421,5.86299],[-73.45357,5.86469],[-73.45123,5.86665],[-73.45089,5.86995],[-73.45039,5.87151],[-73.45099,5.87348],[-73.45103,5.87481],[-73.45023,5.87716],[-73.44888,5.87977],[-73.44996,5.88058],[-73.45084,5.88198],[-73.4519,5.88285],[-73.45248,5.88544],[-73.45322,5.88668],[-73.4569,5.89036],[-73.45595,5.89055],[-73.45361,5.89256],[-73.44449,5.902],[-73.44258,5.90039],[-73.43932,5.89847],[-73.43604,5.89793],[-73.43381,5.89834]]]},"properties":{"DPTO_CCDGO":"15","MPIO_CCDGO":"816","DPTO_CNMBR":"BOYACÁ","MPIO_CNMBR":"TOGÜÍ","MPIO_NAREA":"101.443124459","Shape_Leng":"0.47713297685","Shape_Area":"0.0082834944755"}},{"type":"Feature","geometry":{"type":"Polygon","coordinates":[[[-72.79631,5.77238],[-72.79845,5.77483],[-72.79999,5.77569],[-72.80029,5.77806],[-72.80122,5.77972],[-72.80136,5.78053],[-72.80234,5.78137],[-72.80341,5.78296],[-72.80566,5.78424],[-72.80589,5.78487],[-72.80555,5.78571],[-72.80598,5.78672],[-72.80657,5.78691],[-72.80721,5.78672],[-72.809,5.78738],[-72.80965,5.78843],[-72.81035,5.78887],[-72.8111,5.78902],[-72.81206,5.78872],[-72.81284,5.78883],[-72.81397,5.78974],[-72.8171,5.79108],[-72.81947,5.79344],[-72.82375,5.79505],[-72.82469,5.79586],[-72.82669,5.79598],[-72.82764,5.79653],[-72.83017,5.7968],[-72.83212,5.7977],[-72.83179,5.79626],[-72.83213,5.79514],[-72.83456,5.79225],[-72.83521,5.79041],[-72.8368,5.78769],[-72.83775,5.78685],[-72.83845,5.78546],[-72.8398,5.78405],[-72.84144,5.78337],[-72.84264,5.78171],[-72.84366,5.78092],[-72.84685,5.77974],[-72.84841,5.77827],[-72.85095,5.77699],[-72.85123,5.77646],[-72.85361,5.77555],[-72.85469,5.77413],[-72.8553,5.77413],[-72.85612,5.77471],[-72.8573,5.77442],[-72.85773,5.77502],[-72.85808,5.7751],[-72.8587,5.77485],[-72.85949,5.77368],[-72.8605,5.77291],[-72.86247,5.77295],[-72.86412,5.77253],[-72.86423,5.77227],[-72.86348,5.77079],[-72.86704,5.76851],[-72.87055,5.76911],[-72.87515,5.77052],[-72.87885,5.77115],[-72.8813,5.77069],[-72.88327,5.76949],[-72.88155,5.76871],[-72.88168,5.76823],[-72.88251,5.7682],[-72.88206,5.76745],[-72.88123,5.76684],[-72.8801,5.76696],[-72.87919,5.76664],[-72.87868,5.76572],[-72.87744,5.76443],[-72.87785,5.76242],[-72.87673,5.75972],[-72.87683,5.75888],[-72.87646,5.75819],[-72.87675,5.7579],[-72.87622,5.75649],[-72.87693,5.75205],[-72.87589,5.74755],[-72.87437,5.74443],[-72.87109,5.74197],[-72.87073,5.74268],[-72.86933,5.74304],[-72.86865,5.74356],[-72.86639,5.74596],[-72.86606,5.74668],[-72.86487,5.74745],[-72.86304,5.74972],[-72.86192,5.74926],[-72.86099,5.75063],[-72.85857,5.7513],[-72.85666,5.7499],[-72.85493,5.75157],[-72.85391,5.75152],[-72.85268,5.75191],[-72.85229,5.75086],[-72.8532,5.74918],[-72.85161,5.74831],[-72.85107,5.74657],[-72.85103,5.74522],[-72.85062,5.74496],[-72.85013,5.74356],[-72.84959,5.74315],[-72.84961,5.74256],[-72.84877,5.74212],[-72.84932,5.74061],[-72.84845,5.73994],[-72.8486,5.73929],[-72.84793,5.73882],[-72.84665,5.73923],[-72.84546,5.73914],[-72.8441,5.73948],[-72.84005,5.73951],[-72.83777,5.74047],[-72.83672,5.74044],[-72.83565,5.74001],[-72.83485,5.74005],[-72.83263,5.73872],[-72.82945,5.73831],[-72.82813,5.73759],[-72.82738,5.73756],[-72.82535,5.73672],[-72.82452,5.73883],[-72.82361,5.73991],[-72.82327,5.74123],[-72.82129,5.74559],[-72.82151,5.74967],[-72.82075,5.75116],[-72.82027,5.75169],[-72.81989,5.75169],[-72.81652,5.7505],[-72.81577,5.75049],[-72.81524,5.75079],[-72.81375,5.75262],[-72.8139,5.75378],[-72.81228,5.75677],[-72.81001,5.7587],[-72.80889,5.76065],[-72.80643,5.76182],[-72.80547,5.76257],[-72.80208,5.76701],[-72.80044,5.76854],[-72.79956,5.76981],[-72.79843,5.77096],[-72.79631,5.77238]]]},"properties":{"DPTO_CCDGO":"15","MPIO_CCDGO":"820","DPTO_CNMBR":"BOYACÁ","MPIO_CNMBR":"TÓPAGA","MPIO_NAREA":"33.6295281969","Shape_Leng":"0.271281152874","Shape_Area":"0.00274432889518"}},{"type":"Feature","geometry":{"type":"Polygon","coordinates":[[[-73.00364,5.59284],[-73.00838,5.59285],[-73.01091,5.59209],[-73.01142,5.59177],[-73.01267,5.59006],[-73.01303,5.58845],[-73.01287,5.58591],[-73.01208,5.58438],[-73.01255,5.58125],[-73.01231,5.57921],[-73.01151,5.57799],[-73.00934,5.57698],[-73.01116,5.57565],[-73.01267,5.57312],[-73.01605,5.57108],[-73.0157,5.5694],[-73.0163,5.56949],[-73.0177,5.56857],[-73.01814,5.56734],[-73.01978,5.56635],[-73.02563,5.55955],[-73.02696,5.55625],[-73.03005,5.55188],[-73.03133,5.55058],[-73.0324,5.54864],[-73.03445,5.54448],[-73.03514,5.54102],[-73.03696,5.53757],[-73.03939,5.5347],[-73.04106,5.53024],[-73.04301,5.52696],[-73.04412,5.52375],[-73.04437,5.52049],[-73.04427,5.51816],[-73.04332,5.51528],[-73.04348,5.51372],[-73.04532,5.51085],[-73.04765,5.50635],[-73.04823,5.50463],[-73.04849,5.50219],[-73.04945,5.50022],[-73.05066,5.49897],[-73.05154,5.49573],[-73.05388,5.49297],[-73.05513,5.49075],[-73.05671,5.48914],[-73.05789,5.48647],[-73.05854,5.48462],[-73.05831,5.4835],[-73.05938,5.47835],[-73.05931,5.47616],[-73.06252,5.47356],[-73.06373,5.47119],[-73.061,5.46724],[-73.06053,5.46586],[-73.06116,5.46432],[-73.06313,5.461],[-73.06592,5.45889],[-73.06557,5.45426],[-73.06846,5.45054],[-73.06807,5.4471],[-73.06826,5.44497],[-73.06794,5.44443],[-73.07066,5.4388],[-73.07142,5.43798],[-73.07193,5.43634],[-73.07011,5.43538],[-73.06609,5.43459],[-73.0655,5.43325],[-73.06524,5.43163],[-73.06521,5.4296],[-73.06493,5.42876],[-73.06522,5.42756],[-73.06505,5.42621],[-73.06364,5.42527],[-73.06138,5.42319],[-73.05827,5.42569],[-73.05817,5.42611],[-73.05718,5.42682],[-73.05616,5.42823],[-73.05499,5.42885],[-73.05406,5.42902],[-73.05325,5.42955],[-73.05097,5.42945],[-73.04933,5.42909],[-73.04754,5.42969],[-73.04541,5.43152],[-73.0432,5.4316],[-73.04207,5.43194],[-73.04124,5.43253],[-73.04074,5.43218],[-73.03999,5.43229],[-73.03979,5.43196],[-73.03904,5.42959],[-73.03916,5.42798],[-73.04069,5.42593],[-73.04273,5.4239],[-73.04667,5.41846],[-73.04718,5.41748],[-73.04806,5.41353],[-73.05104,5.41427],[-73.05258,5.40996],[-73.05497,5.40474],[-73.05461,5.39683],[-73.05431,5.39601],[-73.05389,5.39578],[-73.05419,5.39441],[-73.04849,5.38903],[-73.04809,5.38894],[-73.04744,5.3893],[-73.04702,5.38635],[-73.04648,5.38562],[-73.04612,5.38568],[-73.04552,5.38455],[-73.04493,5.38441],[-73.04448,5.38494],[-73.04408,5.38501],[-73.04295,5.38412],[-73.04246,5.38437],[-73.04213,5.38424],[-73.04237,5.38373],[-73.0439,5.38276],[-73.04565,5.3822],[-73.04678,5.38039],[-73.04712,5.37937],[-73.04747,5.3791],[-73.04946,5.37882],[-73.05123,5.37825],[-73.05074,5.37753],[-73.0508,5.37655],[-73.05002,5.37616],[-73.05097,5.37578],[-73.051,5.37489],[-73.04981,5.37331],[-73.04811,5.37192],[-73.04711,5.36923],[-73.04673,5.3664],[-73.04735,5.36477],[-73.04754,5.36336],[-73.04693,5.36121],[-73.04635,5.36017],[-73.04526,5.35952],[-73.04446,5.35946],[-73.04311,5.36015],[-73.04048,5.36243],[-73.03802,5.36536],[-73.03437,5.37059],[-73.0336,5.37093],[-73.03023,5.37099],[-73.02974,5.37119],[-73.02472,5.37582],[-73.02073,5.38071],[-73.01625,5.38462],[-73.01397,5.38564],[-73.01043,5.3862],[-73.00966,5.38688],[-73.00899,5.3885],[-73.0086,5.39031],[-73.00861,5.39352],[-73.00882,5.39393],[-73.01015,5.3945],[-73.01242,5.39497],[-73.01277,5.39536],[-73.01269,5.39614],[-73.01195,5.39711],[-73.00909,5.39934],[-73.00743,5.40496],[-73.00593,5.40822],[-73.00528,5.40891],[-73.00456,5.41133],[-73.00266,5.41448],[-73.00083,5.41614],[-72.9968,5.41817],[-72.99584,5.4192],[-72.99315,5.42564],[-72.99213,5.42699],[-72.99199,5.42881],[-72.99299,5.43142],[-72.9926,5.43378],[-72.99167,5.43516],[-72.98792,5.43861],[-72.98663,5.44189],[-72.9882,5.44903],[-72.98953,5.45172],[-72.99192,5.45792],[-72.99145,5.45983],[-72.98818,5.4641],[-72.98647,5.46599],[-72.98518,5.46688],[-72.98202,5.46781],[-72.97596,5.46877],[-72.97321,5.46984],[-72.9709,5.46919],[-72.97012,5.46985],[-72.96882,5.47037],[-72.96739,5.47277],[-72.96704,5.47427],[-72.96585,5.47667],[-72.96492,5.47983],[-72.96327,5.48073],[-72.96273,5.48168],[-72.96173,5.48492],[-72.96192,5.48753],[-72.96077,5.48957],[-72.95982,5.49231],[-72.9579,5.49472],[-72.95785,5.49523],[-72.9563,5.49674],[-72.95563,5.49864],[-72.9423,5.51228],[-72.9297,5.52839],[-72.92374,5.53759],[-72.92104,5.5465],[-72.92074,5.55372],[-72.922,5.55925],[-72.92369,5.56336],[-72.92576,5.56724],[-72.94908,5.55449],[-72.95,5.55427],[-72.9505,5.55521],[-72.95479,5.55707],[-72.95591,5.55795],[-72.95805,5.55852],[-72.96136,5.55996],[-72.96385,5.56192],[-72.96416,5.56179],[-72.96488,5.5623],[-72.96577,5.56332],[-72.96607,5.56415],[-72.97145,5.56727],[-72.97304,5.56914],[-72.9765,5.57087],[-72.97792,5.57205],[-72.97952,5.57516],[-72.98244,5.57828],[-72.98425,5.58219],[-72.98483,5.58246],[-72.98503,5.58284],[-72.98526,5.58273],[-72.98543,5.58191],[-72.98638,5.58144],[-72.9863,5.58036],[-72.98737,5.57796],[-72.98805,5.57789],[-72.98964,5.57886],[-72.99052,5.58],[-72.99068,5.58141],[-72.99114,5.58151],[-72.99151,5.58212],[-72.99525,5.58303],[-72.99795,5.58569],[-72.99893,5.58595],[-72.99893,5.58638],[-73.00008,5.58837],[-73.00247,5.59077],[-73.00364,5.59284]]]},"properties":{"DPTO_CCDGO":"15","MPIO_CCDGO":"822","DPTO_CNMBR":"BOYACÁ","MPIO_CNMBR":"TOTA","MPIO_NAREA":"196.04606101","Shape_Leng":"0.716828462226","Shape_Area":"0.0159927852056"}},{"type":"Feature","geometry":{"type":"Polygon","coordinates":[[[-73.89982,5.73748],[-73.90101,5.737],[-73.90215,5.73719],[-73.90337,5.73848],[-73.90409,5.74005],[-73.90447,5.74011],[-73.90907,5.73892],[-73.9108,5.73875],[-73.91343,5.73733],[-73.91563,5.73671],[-73.91879,5.73696],[-73.92118,5.73771],[-73.92187,5.73822],[-73.92302,5.73994],[-73.9234,5.74219],[-73.92448,5.74257],[-73.92452,5.74302],[-73.92524,5.74307],[-73.92588,5.74285],[-73.92598,5.74231],[-73.92649,5.74183],[-73.92703,5.74216],[-73.92772,5.7419],[-73.92896,5.74075],[-73.92941,5.7395],[-73.93057,5.73949],[-73.93119,5.74062],[-73.93215,5.74094],[-73.93244,5.74069],[-73.93344,5.74069],[-73.93423,5.73995],[-73.93507,5.74034],[-73.93586,5.73989],[-73.93664,5.74005],[-73.93719,5.73957],[-73.93816,5.73948],[-73.94049,5.73816],[-73.94187,5.73778],[-73.9433,5.73691],[-73.94387,5.73609],[-73.94511,5.7361],[-73.94802,5.73681],[-73.94866,5.73739],[-73.94967,5.73744],[-73.95058,5.73847],[-73.95206,5.73863],[-73.95433,5.73984],[-73.9563,5.74012],[-73.95711,5.7389],[-73.9574,5.73944],[-73.95789,5.7395],[-73.95843,5.73909],[-73.959,5.73915],[-73.96001,5.73878],[-73.96194,5.73955],[-73.96607,5.73751],[-73.96641,5.73723],[-73.96717,5.73501],[-73.96887,5.73431],[-73.97119,5.73243],[-73.97231,5.73194],[-73.97455,5.72993],[-73.97533,5.72894],[-73.97636,5.72514],[-73.97879,5.72333],[-73.97894,5.72268],[-73.98013,5.72107],[-73.9814,5.72073],[-73.98041,5.71842],[-73.9785,5.71788],[-73.97657,5.71579],[-73.97545,5.71544],[-73.9752,5.71226],[-73.9745,5.71093],[-73.97459,5.71015],[-73.97538,5.70973],[-73.97561,5.70929],[-73.97519,5.70905],[-73.97398,5.70901],[-73.97386,5.70781],[-73.97246,5.70725],[-73.9712,5.70452],[-73.97145,5.70284],[-73.96934,5.70334],[-73.96876,5.70165],[-73.96756,5.7018],[-73.9657,5.70096],[-73.96398,5.70112],[-73.96022,5.70009],[-73.9574,5.70067],[-73.95702,5.69973],[-73.95638,5.69937],[-73.95543,5.69937],[-73.95433,5.70032],[-73.95403,5.70031],[-73.95349,5.69962],[-73.95252,5.69906],[-73.95088,5.69904],[-73.95015,5.69877],[-73.94938,5.69773],[-73.94771,5.69682],[-73.94734,5.69552],[-73.94646,5.69515],[-73.94571,5.69366],[-73.94574,5.69268],[-73.94525,5.69198],[-73.94597,5.69135],[-73.9456,5.6908],[-73.94438,5.69095],[-73.94339,5.69138],[-73.94319,5.69129],[-73.94312,5.6903],[-73.94288,5.69022],[-73.94211,5.69102],[-73.94085,5.68962],[-73.94055,5.68894],[-73.94014,5.68882],[-73.93856,5.69163],[-73.93785,5.69359],[-73.93494,5.69816],[-73.93457,5.70015],[-73.93399,5.70071],[-73.93361,5.70172],[-73.93359,5.70468],[-73.93407,5.70634],[-73.93241,5.70704],[-73.93082,5.70672],[-73.92947,5.70735],[-73.92875,5.70732],[-73.9284,5.70878],[-73.92779,5.70991],[-73.92603,5.71214],[-73.92381,5.71202],[-73.92328,5.71158],[-73.92074,5.71088],[-73.91901,5.70967],[-73.9184,5.70954],[-73.91608,5.71043],[-73.91479,5.71191],[-73.91352,5.71274],[-73.91315,5.71338],[-73.9127,5.71651],[-73.91147,5.71754],[-73.90961,5.7197],[-73.90791,5.72345],[-73.90824,5.72422],[-73.90804,5.72678],[-73.90855,5.7273],[-73.90809,5.72908],[-73.90835,5.72977],[-73.90716,5.73091],[-73.90464,5.73423],[-73.90392,5.7347],[-73.90137,5.7354],[-73.89982,5.73748]]]},"properties":{"DPTO_CCDGO":"15","MPIO_CCDGO":"832","DPTO_CNMBR":"BOYACÁ","MPIO_CNMBR":"TUNUNGUÁ","MPIO_NAREA":"29.2213080606","Shape_Leng":"0.251302615783","Shape_Area":"0.00238551532657"}},{"type":"Feature","geometry":{"type":"Polygon","coordinates":[[[-73.478,5.28944],[-73.47832,5.28962],[-73.48067,5.29376],[-73.48011,5.29708],[-73.47642,5.30202],[-73.47469,5.30563],[-73.47408,5.30808],[-73.47435,5.31025],[-73.47401,5.31125],[-73.47334,5.31214],[-73.47235,5.31281],[-73.47064,5.3154],[-73.46864,5.31742],[-73.46885,5.31802],[-73.47066,5.31974],[-73.47116,5.32205],[-73.47187,5.32296],[-73.47211,5.32577],[-73.47096,5.32809],[-73.46833,5.33205],[-73.46941,5.33551],[-73.46994,5.33838],[-73.47128,5.34082],[-73.47165,5.34264],[-73.47162,5.34463],[-73.47217,5.34526],[-73.47274,5.34706],[-73.47977,5.35121],[-73.48155,5.35422],[-73.4817,5.35502],[-73.48114,5.35833],[-73.48092,5.35879],[-73.47971,5.35977],[-73.47924,5.36074],[-73.47905,5.36423],[-73.47785,5.36843],[-73.47765,5.37009],[-73.48187,5.36883],[-73.48416,5.36901],[-73.48507,5.36884],[-73.48649,5.36766],[-73.48844,5.36686],[-73.49025,5.36505],[-73.49266,5.36345],[-73.49396,5.36176],[-73.49474,5.35979],[-73.49644,5.35892],[-73.50496,5.35233],[-73.50635,5.35014],[-73.50638,5.34926],[-73.50671,5.34872],[-73.5076,5.34764],[-73.51006,5.34556],[-73.51289,5.33959],[-73.51584,5.34188],[-73.51787,5.34213],[-73.51949,5.34412],[-73.52222,5.34573],[-73.52331,5.34456],[-73.5242,5.34455],[-73.52399,5.34364],[-73.52574,5.34244],[-73.52618,5.34154],[-73.52873,5.34289],[-73.52894,5.34245],[-73.53054,5.34277],[-73.5315,5.34202],[-73.53241,5.34251],[-73.53468,5.3424],[-73.53614,5.34182],[-73.53968,5.3412],[-73.53948,5.34079],[-73.54275,5.33881],[-73.54481,5.33606],[-73.54709,5.33392],[-73.54953,5.33243],[-73.55034,5.33141],[-73.55136,5.32938],[-73.55123,5.3287],[-73.55186,5.3272],[-73.54878,5.3244],[-73.54971,5.32304],[-73.55087,5.32025],[-73.55131,5.31798],[-73.55281,5.31467],[-73.55316,5.3122],[-73.55287,5.31016],[-73.55173,5.30809],[-73.55039,5.30644],[-73.54958,5.30446],[-73.54808,5.30326],[-73.54613,5.30076],[-73.54685,5.30007],[-73.54803,5.29964],[-73.54716,5.29475],[-73.54674,5.29347],[-73.54535,5.29106],[-73.5432,5.28869],[-73.53994,5.28636],[-73.53642,5.28513],[-73.53338,5.28116],[-73.53233,5.27831],[-73.53185,5.27799],[-73.53187,5.27627],[-73.53221,5.27473],[-73.53363,5.27246],[-73.53368,5.27135],[-73.53261,5.26916],[-73.5326,5.26865],[-73.53163,5.26731],[-73.53172,5.26636],[-73.53129,5.26499],[-73.53039,5.26394],[-73.53015,5.26286],[-73.52899,5.26174],[-73.52687,5.25884],[-73.52644,5.2575],[-73.52639,5.25516],[-73.52789,5.25157],[-73.52774,5.24932],[-73.52818,5.24684],[-73.5278,5.24451],[-73.526,5.24223],[-73.52496,5.23878],[-73.524,5.2373],[-73.51716,5.23471],[-73.51479,5.23269],[-73.51442,5.23375],[-73.51515,5.23736],[-73.51472,5.23864],[-73.5141,5.23904],[-73.51047,5.24317],[-73.50925,5.24302],[-73.50773,5.24403],[-73.50724,5.24748],[-73.50618,5.24998],[-73.50522,5.25119],[-73.50152,5.25181],[-73.50062,5.25225],[-73.49715,5.2556],[-73.49361,5.26084],[-73.49216,5.26226],[-73.49015,5.26659],[-73.48744,5.27103],[-73.48566,5.27304],[-73.48445,5.27498],[-73.48391,5.27737],[-73.48418,5.28012],[-73.48234,5.28176],[-73.4805,5.28394],[-73.47841,5.28766],[-73.478,5.28944]]]},"properties":{"DPTO_CCDGO":"15","MPIO_CCDGO":"835","DPTO_CNMBR":"BOYACÁ","MPIO_CNMBR":"TURMEQUÉ","MPIO_NAREA":"79.7066043723","Shape_Leng":"0.388321124564","Shape_Area":"0.00650191583107"}},{"type":"Feature","geometry":{"type":"Polygon","coordinates":[[[-73.15584,5.72737],[-73.16104,5.72654],[-73.16499,5.72645],[-73.16492,5.72593],[-73.16746,5.72585],[-73.17559,5.72396],[-73.17906,5.72442],[-73.18034,5.72487],[-73.18057,5.72522],[-73.18068,5.72463],[-73.18026,5.72365],[-73.17827,5.72228],[-73.17779,5.72104],[-73.18064,5.7163],[-73.18272,5.71765],[-73.18873,5.72301],[-73.19249,5.72462],[-73.19119,5.72706],[-73.19127,5.72869],[-73.19251,5.72924],[-73.19448,5.73105],[-73.19789,5.73197],[-73.19868,5.73256],[-73.19908,5.73325],[-73.20002,5.73386],[-73.20066,5.73499],[-73.20031,5.73558],[-73.20042,5.7364],[-73.20077,5.73715],[-73.20155,5.73768],[-73.20058,5.73913],[-73.19902,5.73997],[-73.19945,5.74156],[-73.20127,5.73997],[-73.20282,5.73928],[-73.20244,5.73838],[-73.20359,5.73699],[-73.20355,5.73656],[-73.21443,5.73179],[-73.219,5.72965],[-73.22024,5.72882],[-73.22053,5.72915],[-73.2224,5.72807],[-73.22197,5.72699],[-73.22995,5.71559],[-73.23013,5.71485],[-73.23112,5.71406],[-73.23319,5.71288],[-73.23492,5.7125],[-73.23717,5.71149],[-73.23993,5.7099],[-73.24279,5.70903],[-73.24378,5.70821],[-73.24406,5.70689],[-73.24604,5.70669],[-73.24609,5.70714],[-73.24682,5.70749],[-73.24756,5.70727],[-73.24748,5.70807],[-73.24833,5.70805],[-73.24876,5.70783],[-73.24941,5.70646],[-73.24951,5.70695],[-73.2497,5.70686],[-73.25009,5.70627],[-73.25012,5.70562],[-73.25072,5.70567],[-73.2518,5.70465],[-73.25245,5.70533],[-73.25351,5.70562],[-73.25381,5.70621],[-73.25445,5.70632],[-73.25505,5.70569],[-73.25565,5.70553],[-73.25594,5.70461],[-73.25646,5.70429],[-73.25841,5.70441],[-73.25925,5.70479],[-73.26287,5.70345],[-73.26405,5.7038],[-73.26579,5.70032],[-73.26642,5.69684],[-73.26909,5.69351],[-73.2703,5.68996],[-73.27079,5.68644],[-73.27081,5.68594],[-73.26989,5.68599],[-73.26973,5.68567],[-73.26746,5.68532],[-73.26683,5.68466],[-73.26602,5.68443],[-73.2641,5.68489],[-73.26298,5.68552],[-73.26148,5.68531],[-73.26101,5.68486],[-73.26222,5.68074],[-73.26294,5.67622],[-73.26377,5.67346],[-73.26303,5.67331],[-73.26306,5.67276],[-73.26356,5.67227],[-73.26305,5.67114],[-73.2646,5.66873],[-73.26544,5.6681],[-73.26547,5.66762],[-73.26615,5.66745],[-73.26664,5.66784],[-73.26731,5.66754],[-73.26717,5.66718],[-73.26753,5.66691],[-73.26742,5.66619],[-73.26705,5.6658],[-73.26728,5.66453],[-73.26526,5.66319],[-73.26492,5.66209],[-73.26137,5.65945],[-73.25913,5.65811],[-73.25827,5.65786],[-73.25707,5.6569],[-73.25597,5.65661],[-73.25632,5.65535],[-73.2555,5.65316],[-73.25614,5.65191],[-73.25745,5.64574],[-73.25709,5.64321],[-73.25658,5.64215],[-73.25704,5.64028],[-73.25574,5.63763],[-73.25313,5.63405],[-73.25036,5.63214],[-73.24968,5.63129],[-73.24805,5.63064],[-73.24703,5.62892],[-73.24497,5.6275],[-73.24399,5.62969],[-73.24297,5.63113],[-73.2409,5.62897],[-73.23832,5.62778],[-73.23601,5.62713],[-73.23177,5.62666],[-73.23202,5.62873],[-73.2318,5.63202],[-73.23033,5.63379],[-73.23034,5.63453],[-73.2297,5.63455],[-73.22963,5.63492],[-73.22907,5.63506],[-73.22927,5.6361],[-73.22863,5.63685],[-73.22799,5.63339],[-73.22838,5.63281],[-73.22896,5.63253],[-73.22911,5.63156],[-73.23009,5.63039],[-73.22948,5.6297],[-73.22961,5.62884],[-73.22912,5.62757],[-73.22947,5.62642],[-73.22928,5.62609],[-73.22813,5.62662],[-73.22761,5.62631],[-73.22686,5.62631],[-73.2258,5.62761],[-73.22513,5.62731],[-73.22429,5.6263],[-73.22351,5.62624],[-73.22383,5.62788],[-73.22302,5.62841],[-73.22259,5.62795],[-73.22314,5.62642],[-73.22298,5.62585],[-73.2226,5.62567],[-73.22142,5.62595],[-73.22007,5.62486],[-73.2164,5.62503],[-73.21623,5.62544],[-73.21664,5.62582],[-73.21634,5.62616],[-73.2131,5.62644],[-73.2118,5.63034],[-73.21064,5.63071],[-73.20713,5.63344],[-73.20256,5.63577],[-73.20169,5.63659],[-73.20064,5.63706],[-73.19742,5.63965],[-73.19416,5.64183],[-73.19145,5.64441],[-73.19107,5.64505],[-73.19081,5.64722],[-73.1893,5.65185],[-73.18848,5.65124],[-73.18704,5.65089],[-73.18598,5.65016],[-73.18595,5.64903],[-73.18511,5.64796],[-73.18413,5.64747],[-73.18372,5.64594],[-73.18307,5.64486],[-73.18313,5.64254],[-73.18061,5.63964],[-73.17772,5.63691],[-73.17424,5.63272],[-73.1703,5.62855],[-73.16628,5.62655],[-73.16586,5.62579],[-73.16612,5.6249],[-73.16555,5.62405],[-73.16521,5.62405],[-73.16481,5.6246],[-73.1645,5.62388],[-73.16376,5.62469],[-73.1631,5.62436],[-73.16247,5.62444],[-73.16238,5.62474],[-73.16315,5.62566],[-73.16322,5.62612],[-73.16213,5.62557],[-73.16097,5.62722],[-73.16023,5.62707],[-73.15986,5.62746],[-73.15903,5.62733],[-73.15914,5.62801],[-73.15892,5.62822],[-73.15803,5.62795],[-73.15836,5.6268],[-73.15815,5.6266],[-73.15725,5.627],[-73.15705,5.62744],[-73.15608,5.62726],[-73.15542,5.62742],[-73.15528,5.62814],[-73.15472,5.62835],[-73.15412,5.62757],[-73.15473,5.62702],[-73.15484,5.62629],[-73.15464,5.62616],[-73.15411,5.62596],[-73.15377,5.62649],[-73.15329,5.62608],[-73.15242,5.62609],[-73.152,5.62676],[-73.15015,5.62616],[-73.14967,5.62663],[-73.14893,5.62663],[-73.14791,5.62562],[-73.14742,5.6263],[-73.14699,5.62629],[-73.14622,5.62702],[-73.14565,5.62691],[-73.14448,5.62729],[-73.14398,5.62785],[-73.144,5.6283],[-73.14334,5.62856],[-73.14353,5.62888],[-73.14316,5.62967],[-73.14277,5.62993],[-73.14189,5.62984],[-73.14074,5.63026],[-73.13973,5.63006],[-73.13947,5.63039],[-73.13883,5.63018],[-73.13744,5.63045],[-73.13654,5.62969],[-73.13546,5.62946],[-73.13464,5.62991],[-73.13263,5.63223],[-73.13133,5.63271],[-73.13085,5.63258],[-73.13076,5.63311],[-73.13042,5.63316],[-73.13004,5.63375],[-73.12965,5.63355],[-73.12923,5.63261],[-73.12838,5.63263],[-73.12809,5.6319],[-73.12727,5.63141],[-73.12732,5.63067],[-73.12519,5.63058],[-73.12411,5.62982],[-73.12387,5.62917],[-73.12255,5.62916],[-73.12103,5.62812],[-73.11917,5.62789],[-73.11811,5.62723],[-73.11784,5.6264],[-73.11672,5.62562],[-73.11576,5.62575],[-73.11536,5.62538],[-73.1142,5.62545],[-73.11301,5.62492],[-73.11243,5.62515],[-73.1113,5.62497],[-73.11072,5.62531],[-73.11037,5.62589],[-73.10958,5.6257],[-73.1091,5.62586],[-73.10801,5.62665],[-73.10679,5.62812],[-73.10656,5.62803],[-73.10657,5.62756],[-73.10617,5.6274],[-73.10413,5.62782],[-73.10392,5.62666],[-73.10307,5.62631],[-73.10242,5.62571],[-73.10139,5.62414],[-73.10062,5.62357],[-73.09987,5.6237],[-73.09919,5.6234],[-73.09758,5.62218],[-73.09682,5.62221],[-73.09469,5.62123],[-73.08816,5.61975],[-73.08289,5.61954],[-73.08219,5.61918],[-73.08106,5.61912],[-73.08027,5.61836],[-73.07944,5.61809],[-73.07831,5.61741],[-73.07725,5.61815],[-73.07623,5.62011],[-73.07697,5.62342],[-73.07846,5.6251],[-73.07635,5.62665],[-73.07605,5.62846],[-73.07735,5.62915],[-73.07879,5.62945],[-73.08005,5.63005],[-73.08096,5.63237],[-73.08182,5.63378],[-73.08171,5.63466],[-73.0826,5.63624],[-73.0827,5.63705],[-73.0842,5.6393],[-73.08463,5.64066],[-73.08659,5.64305],[-73.08789,5.64405],[-73.0894,5.6445],[-73.09257,5.64715],[-73.09545,5.64751],[-73.09637,5.64787],[-73.09682,5.64927],[-73.09789,5.64936],[-73.09884,5.65065],[-73.10063,5.65174],[-73.10065,5.65269],[-73.10089,5.65303],[-73.10171,5.65366],[-73.10248,5.65367],[-73.10342,5.65455],[-73.10304,5.6552],[-73.10411,5.65616],[-73.10392,5.65669],[-73.10413,5.6576],[-73.10351,5.65836],[-73.10254,5.65874],[-73.10246,5.65913],[-73.10319,5.65969],[-73.10425,5.65937],[-73.10487,5.65947],[-73.10493,5.66088],[-73.10561,5.66142],[-73.1063,5.66111],[-73.10714,5.66155],[-73.10813,5.66089],[-73.1073,5.6625],[-73.10733,5.66396],[-73.10665,5.66506],[-73.10714,5.66691],[-73.10684,5.66773],[-73.10746,5.66911],[-73.10735,5.67022],[-73.10809,5.6704],[-73.109,5.67144],[-73.10941,5.6714],[-73.1096,5.6717],[-73.10942,5.67227],[-73.11028,5.67241],[-73.11049,5.67267],[-73.10971,5.67427],[-73.10972,5.67536],[-73.1105,5.6764],[-73.1111,5.67609],[-73.11201,5.67639],[-73.1127,5.67814],[-73.11343,5.67891],[-73.11461,5.6813],[-73.11566,5.68203],[-73.11646,5.68382],[-73.1176,5.68486],[-73.11781,5.68577],[-73.11894,5.68673],[-73.12209,5.69113],[-73.12428,5.69294],[-73.12804,5.69779],[-73.13055,5.69968],[-73.13319,5.70013],[-73.13559,5.7022],[-73.13705,5.70247],[-73.13766,5.70309],[-73.138,5.70406],[-73.1402,5.7063],[-73.14116,5.70682],[-73.14377,5.70918],[-73.14601,5.70995],[-73.14677,5.71082],[-73.14914,5.7124],[-73.14914,5.71289],[-73.15446,5.71563],[-73.15756,5.7196],[-73.15842,5.71978],[-73.15822,5.72198],[-73.15744,5.72396],[-73.15762,5.72605],[-73.1561,5.72643],[-73.15584,5.72737]]]},"properties":{"DPTO_CCDGO":"15","MPIO_CCDGO":"837","DPTO_CNMBR":"BOYACÁ","MPIO_CNMBR":"TUTA","MPIO_NAREA":"165.545964976","Shape_Leng":"0.69976956812","Shape_Area":"0.0135102197248"}},{"type":"Feature","geometry":{"type":"Polygon","coordinates":[[[-72.81041,6.0952],[-72.80943,6.09731],[-72.80851,6.10461],[-72.80922,6.10548],[-72.80935,6.10713],[-72.81118,6.10819],[-72.81284,6.10858],[-72.81396,6.10836],[-72.81549,6.10688],[-72.817,6.10625],[-72.81855,6.10659],[-72.81939,6.10733],[-72.82171,6.10842],[-72.82345,6.11115],[-72.82564,6.11266],[-72.82709,6.11447],[-72.82641,6.11543],[-72.82533,6.11558],[-72.82514,6.11808],[-72.82476,6.11807],[-72.82349,6.11676],[-72.82313,6.11701],[-72.82324,6.11763],[-72.82425,6.11841],[-72.82549,6.12059],[-72.82634,6.12127],[-72.82901,6.12089],[-72.82929,6.12119],[-72.83052,6.12131],[-72.83434,6.12463],[-72.83532,6.12512],[-72.83608,6.12797],[-72.83754,6.13062],[-72.83749,6.13256],[-72.8367,6.13264],[-72.83614,6.13315],[-72.83568,6.13413],[-72.83552,6.13633],[-72.83449,6.13742],[-72.83161,6.13769],[-72.83108,6.13888],[-72.82934,6.14126],[-72.82945,6.14526],[-72.82862,6.14975],[-72.82853,6.15288],[-72.82977,6.15089],[-72.83044,6.1506],[-72.83127,6.14878],[-72.83159,6.14857],[-72.83445,6.14687],[-72.84032,6.1451],[-72.84344,6.1438],[-72.84874,6.14304],[-72.85085,6.14344],[-72.85383,6.14505],[-72.85489,6.14524],[-72.85743,6.143],[-72.85893,6.1428],[-72.86153,6.14317],[-72.86563,6.1445],[-72.86772,6.14471],[-72.86843,6.14452],[-72.87124,6.14257],[-72.87154,6.14213],[-72.87125,6.14007],[-72.87085,6.13951],[-72.87014,6.13923],[-72.86987,6.13868],[-72.87045,6.13728],[-72.87047,6.13658],[-72.86941,6.13505],[-72.86939,6.13373],[-72.8699,6.13214],[-72.87079,6.13098],[-72.87099,6.12722],[-72.87172,6.12582],[-72.87252,6.12512],[-72.87324,6.12467],[-72.87464,6.12457],[-72.87766,6.12518],[-72.87985,6.12519],[-72.88343,6.12387],[-72.88692,6.12373],[-72.88839,6.12267],[-72.88895,6.1226],[-72.89182,6.12326],[-72.89372,6.12403],[-72.895,6.12387],[-72.89602,6.12281],[-72.89788,6.12185],[-72.89805,6.12146],[-72.89752,6.11914],[-72.89866,6.11675],[-72.89934,6.11366],[-72.90014,6.11246],[-72.90492,6.10895],[-72.90739,6.10733],[-72.90862,6.10685],[-72.91012,6.10661],[-72.91356,6.10822],[-72.91513,6.10808],[-72.91597,6.10738],[-72.91842,6.10308],[-72.92062,6.09983],[-72.92337,6.09835],[-72.92175,6.09759],[-72.92064,6.09648],[-72.91941,6.09366],[-72.91766,6.08824],[-72.91698,6.08757],[-72.91685,6.08633],[-72.91768,6.08509],[-72.91772,6.08447],[-72.91738,6.08281],[-72.91678,6.08161],[-72.91748,6.08092],[-72.91756,6.08016],[-72.91662,6.07693],[-72.91597,6.07598],[-72.91493,6.0754],[-72.91444,6.0744],[-72.91221,6.0739],[-72.91189,6.07338],[-72.91158,6.07347],[-72.91138,6.0729],[-72.91099,6.07281],[-72.91099,6.07245],[-72.91054,6.0724],[-72.90937,6.07081],[-72.9092,6.07021],[-72.90814,6.06977],[-72.9078,6.06869],[-72.90719,6.0685],[-72.90619,6.06567],[-72.90455,6.06354],[-72.90367,6.0627],[-72.90085,6.06111],[-72.89954,6.05947],[-72.89868,6.05777],[-72.89776,6.05711],[-72.89602,6.05655],[-72.89572,6.05598],[-72.89539,6.05353],[-72.89462,6.05212],[-72.89288,6.05153],[-72.89215,6.05049],[-72.89112,6.0501],[-72.89073,6.04946],[-72.88955,6.04923],[-72.88871,6.04833],[-72.88661,6.04746],[-72.88625,6.04695],[-72.88602,6.0453],[-72.88528,6.04435],[-72.8834,6.04379],[-72.87994,6.0439],[-72.8768,6.04299],[-72.87403,6.04171],[-72.87156,6.04001],[-72.87091,6.03928],[-72.87037,6.03675],[-72.87087,6.03544],[-72.86998,6.03343],[-72.8694,6.03273],[-72.86898,6.03109],[-72.86985,6.02802],[-72.87045,6.02322],[-72.87006,6.02233],[-72.86927,6.02155],[-72.86753,6.02059],[-72.86675,6.01984],[-72.8654,6.01657],[-72.86477,6.01601],[-72.86367,6.01567],[-72.86264,6.01437],[-72.86206,6.01303],[-72.8612,6.01282],[-72.86084,6.01232],[-72.85954,6.0125],[-72.85859,6.01208],[-72.85721,6.01199],[-72.85687,6.0116],[-72.85642,6.01187],[-72.85511,6.01181],[-72.85468,6.01103],[-72.85441,6.01126],[-72.85385,6.01092],[-72.85291,6.01106],[-72.85235,6.01071],[-72.85222,6.01031],[-72.85164,6.01014],[-72.8515,6.00955],[-72.85107,6.00917],[-72.84797,6.00885],[-72.84738,6.00742],[-72.84647,6.00713],[-72.84581,6.00757],[-72.84526,6.00876],[-72.84363,6.00922],[-72.84091,6.01082],[-72.84105,6.01213],[-72.84004,6.01251],[-72.83936,6.0131],[-72.83857,6.01426],[-72.83843,6.01488],[-72.83332,6.01084],[-72.83233,6.01188],[-72.82951,6.0126],[-72.82856,6.0131],[-72.82636,6.01231],[-72.82413,6.01027],[-72.82425,6.01243],[-72.82346,6.01294],[-72.82217,6.01301],[-72.82097,6.01436],[-72.81934,6.01557],[-72.81853,6.01527],[-72.81645,6.01663],[-72.81445,6.02122],[-72.81241,6.02323],[-72.81271,6.02353],[-72.81263,6.02437],[-72.81292,6.02504],[-72.81404,6.02621],[-72.81383,6.02665],[-72.81307,6.0267],[-72.81271,6.02699],[-72.81272,6.02774],[-72.81339,6.02745],[-72.81361,6.02771],[-72.81306,6.02942],[-72.81227,6.02999],[-72.81304,6.0314],[-72.81294,6.03309],[-72.8134,6.03383],[-72.81305,6.0351],[-72.81356,6.03511],[-72.81386,6.03564],[-72.81334,6.03744],[-72.81521,6.04054],[-72.81465,6.0412],[-72.81453,6.04258],[-72.81353,6.04412],[-72.81347,6.04619],[-72.81172,6.04732],[-72.81132,6.04789],[-72.81142,6.0494],[-72.81105,6.05072],[-72.8114,6.0516],[-72.81111,6.05279],[-72.81146,6.05378],[-72.81091,6.05518],[-72.8112,6.05557],[-72.81111,6.05617],[-72.81039,6.05663],[-72.8105,6.05734],[-72.81018,6.058],[-72.81037,6.05917],[-72.81105,6.06026],[-72.81068,6.06092],[-72.81091,6.06139],[-72.81063,6.06198],[-72.811,6.0623],[-72.81085,6.06293],[-72.81134,6.06349],[-72.81115,6.06372],[-72.81143,6.06405],[-72.81118,6.06459],[-72.81167,6.06504],[-72.81089,6.06595],[-72.81085,6.06797],[-72.8113,6.06948],[-72.8126,6.07049],[-72.81224,6.07194],[-72.81219,6.07356],[-72.8126,6.07412],[-72.81225,6.07563],[-72.81328,6.07741],[-72.81309,6.07868],[-72.8133,6.07972],[-72.81409,6.08103],[-72.81417,6.08166],[-72.81274,6.08882],[-72.81203,6.0897],[-72.81148,6.09099],[-72.81041,6.0952]]]},"properties":{"DPTO_CCDGO":"15","MPIO_CCDGO":"839","DPTO_CNMBR":"BOYACÁ","MPIO_CNMBR":"TUTAZÁ","MPIO_NAREA":"122.009502016","Shape_Leng":"0.503626837856","Shape_Area":"0.00996219907627"}},{"type":"Feature","geometry":{"type":"Polygon","coordinates":[[[-72.29949,6.7165],[-72.29875,6.71805],[-72.29911,6.71946],[-72.29843,6.71996],[-72.29767,6.72123],[-72.29716,6.72301],[-72.29728,6.724],[-72.29653,6.72458],[-72.29659,6.72515],[-72.29575,6.72668],[-72.29583,6.72767],[-72.29708,6.72985],[-72.29745,6.73113],[-72.29718,6.73182],[-72.29736,6.73302],[-72.29652,6.73408],[-72.29666,6.73719],[-72.29764,6.74027],[-72.29814,6.74124],[-72.29902,6.74187],[-72.29937,6.74305],[-72.29947,6.74506],[-72.29924,6.74623],[-72.30007,6.74745],[-72.2999,6.74847],[-72.29927,6.74892],[-72.29956,6.74995],[-72.30198,6.7541],[-72.30384,6.75622],[-72.30698,6.75886],[-72.30608,6.75977],[-72.30186,6.76146],[-72.30044,6.76176],[-72.2981,6.76147],[-72.29684,6.76165],[-72.29439,6.76117],[-72.2929,6.7616],[-72.29239,6.76211],[-72.29298,6.76481],[-72.29227,6.76495],[-72.29362,6.76831],[-72.29456,6.77261],[-72.29524,6.77696],[-72.29552,6.78112],[-72.29655,6.78506],[-72.30059,6.7883],[-72.30179,6.7889],[-72.30506,6.78972],[-72.30673,6.79067],[-72.30793,6.79186],[-72.3087,6.79364],[-72.30875,6.79476],[-72.3097,6.79548],[-72.31144,6.7982],[-72.31214,6.80291],[-72.3133,6.8061],[-72.31639,6.81134],[-72.31661,6.81361],[-72.31709,6.81454],[-72.3184,6.81575],[-72.32466,6.81682],[-72.32817,6.81781],[-72.33001,6.82005],[-72.33027,6.82145],[-72.33244,6.82279],[-72.33331,6.82378],[-72.33665,6.82408],[-72.33818,6.82449],[-72.33849,6.82563],[-72.33967,6.82698],[-72.34088,6.82998],[-72.34024,6.83157],[-72.34078,6.83256],[-72.34096,6.83491],[-72.34051,6.83651],[-72.3412,6.83753],[-72.34123,6.83839],[-72.34064,6.84],[-72.34091,6.84342],[-72.34022,6.84454],[-72.3401,6.84523],[-72.34049,6.84625],[-72.34145,6.84709],[-72.34462,6.84881],[-72.34835,6.84908],[-72.35004,6.84992],[-72.35103,6.84991],[-72.35354,6.8487],[-72.35608,6.84843],[-72.3584,6.84867],[-72.3595,6.84561],[-72.36034,6.84423],[-72.36314,6.84336],[-72.36389,6.84162],[-72.36503,6.84139],[-72.36614,6.84167],[-72.36698,6.8415],[-72.36854,6.84193],[-72.37004,6.84109],[-72.37125,6.83977],[-72.37285,6.83928],[-72.37426,6.83918],[-72.3758,6.83985],[-72.37664,6.83986],[-72.37718,6.84063],[-72.37812,6.84126],[-72.3806,6.8415],[-72.38724,6.84016],[-72.39015,6.83905],[-72.39293,6.84011],[-72.3949,6.84001],[-72.39621,6.84041],[-72.39908,6.8425],[-72.40094,6.84175],[-72.40518,6.84153],[-72.40755,6.84001],[-72.40988,6.84037],[-72.41209,6.84266],[-72.41377,6.84391],[-72.41684,6.8452],[-72.41988,6.84585],[-72.42124,6.84689],[-72.42235,6.84838],[-72.42347,6.84895],[-72.42566,6.84803],[-72.42761,6.84678],[-72.42851,6.84578],[-72.43,6.8454],[-72.43517,6.84672],[-72.43785,6.8487],[-72.43888,6.84891],[-72.43988,6.84864],[-72.44106,6.84873],[-72.44512,6.85084],[-72.45193,6.85134],[-72.45591,6.85083],[-72.45759,6.84998],[-72.45887,6.84902],[-72.4606,6.84693],[-72.46098,6.84561],[-72.4619,6.84456],[-72.46283,6.84394],[-72.46507,6.84382],[-72.46879,6.84601],[-72.4708,6.84595],[-72.47248,6.84566],[-72.47586,6.84374],[-72.47706,6.8422],[-72.47802,6.83974],[-72.47777,6.83553],[-72.47798,6.8343],[-72.47884,6.83312],[-72.48065,6.82927],[-72.4819,6.82462],[-72.48266,6.82401],[-72.48363,6.82148],[-72.48435,6.81852],[-72.48417,6.81687],[-72.48251,6.81227],[-72.48253,6.81166],[-72.48385,6.80997],[-72.48404,6.80814],[-72.48653,6.80789],[-72.48828,6.80733],[-72.48923,6.80672],[-72.49074,6.80537],[-72.49203,6.80243],[-72.49851,6.7984],[-72.49889,6.79524],[-72.49824,6.7938],[-72.49829,6.79266],[-72.49698,6.79122],[-72.49576,6.79038],[-72.49578,6.78995],[-72.49653,6.78875],[-72.49671,6.7862],[-72.49597,6.78362],[-72.49548,6.78288],[-72.49577,6.78154],[-72.49576,6.77893],[-72.49707,6.77509],[-72.49664,6.77287],[-72.49749,6.767],[-72.49788,6.76555],[-72.49858,6.76438],[-72.49786,6.76431],[-72.49731,6.76375],[-72.49639,6.76397],[-72.49515,6.76359],[-72.49085,6.75964],[-72.48968,6.75398],[-72.48981,6.75142],[-72.4887,6.74881],[-72.48877,6.74733],[-72.48828,6.74528],[-72.48755,6.74365],[-72.49222,6.73702],[-72.49386,6.73623],[-72.4957,6.73633],[-72.49781,6.73583],[-72.49878,6.7346],[-72.49902,6.73226],[-72.4987,6.72969],[-72.49889,6.72826],[-72.49875,6.72711],[-72.49797,6.72524],[-72.49728,6.72427],[-72.49545,6.72271],[-72.49331,6.72144],[-72.49256,6.71956],[-72.49185,6.71885],[-72.48804,6.71615],[-72.48788,6.71462],[-72.48687,6.71153],[-72.48718,6.71044],[-72.48738,6.70661],[-72.4868,6.70545],[-72.48511,6.7035],[-72.48471,6.70257],[-72.48485,6.70075],[-72.48546,6.6988],[-72.48486,6.69528],[-72.4869,6.68939],[-72.4878,6.6883],[-72.48892,6.68531],[-72.49086,6.68278],[-72.49111,6.68183],[-72.49103,6.68118],[-72.48965,6.67908],[-72.48756,6.67662],[-72.48665,6.67427],[-72.48548,6.67216],[-72.48578,6.67103],[-72.48649,6.67012],[-72.48662,6.6695],[-72.48588,6.66002],[-72.4855,6.65853],[-72.4857,6.65639],[-72.48621,6.65448],[-72.48716,6.65332],[-72.48872,6.6523],[-72.49245,6.65056],[-72.49177,6.649],[-72.49149,6.64696],[-72.49155,6.6456],[-72.49196,6.64499],[-72.49433,6.64359],[-72.49843,6.63959],[-72.4986,6.63861],[-72.49843,6.63776],[-72.49689,6.63545],[-72.49672,6.63467],[-72.49703,6.63389],[-72.50286,6.63214],[-72.50653,6.63162],[-72.50983,6.63015],[-72.51352,6.62739],[-72.51565,6.62371],[-72.51884,6.6201],[-72.51958,6.61884],[-72.51998,6.61731],[-72.51997,6.61269],[-72.52071,6.60986],[-72.52046,6.60426],[-72.52096,6.60327],[-72.52194,6.60164],[-72.5255,6.59741],[-72.52587,6.59568],[-72.52563,6.59507],[-72.52705,6.59163],[-72.53105,6.59097],[-72.53231,6.59019],[-72.53608,6.58936],[-72.53768,6.58875],[-72.53821,6.58735],[-72.53984,6.5864],[-72.54174,6.58425],[-72.54292,6.58197],[-72.5423,6.57958],[-72.54254,6.57603],[-72.54327,6.57358],[-72.54528,6.56986],[-72.54573,6.56853],[-72.54591,6.56715],[-72.54562,6.56583],[-72.54465,6.56369],[-72.54232,6.56107],[-72.54053,6.55998],[-72.53948,6.55705],[-72.53725,6.5541],[-72.53674,6.55184],[-72.53668,6.54914],[-72.53708,6.54455],[-72.53651,6.54287],[-72.53632,6.54042],[-72.53841,6.53835],[-72.53947,6.53807],[-72.54077,6.53712],[-72.54247,6.53512],[-72.54311,6.534],[-72.54315,6.53127],[-72.54732,6.52718],[-72.54785,6.52517],[-72.54922,6.52295],[-72.54947,6.52147],[-72.54906,6.5206],[-72.54755,6.51987],[-72.54668,6.51906],[-72.54615,6.51829],[-72.54481,6.51485],[-72.54465,6.51302],[-72.54548,6.50909],[-72.54504,6.50423],[-72.54462,6.50298],[-72.5434,6.50163],[-72.54102,6.50062],[-72.5384,6.49905],[-72.53627,6.49691],[-72.53438,6.49605],[-72.5333,6.49986],[-72.53337,6.50064],[-72.5331,6.50142],[-72.53429,6.50281],[-72.53348,6.50295],[-72.5327,6.50425],[-72.53063,6.50572],[-72.52918,6.50594],[-72.5289,6.50635],[-72.52621,6.50748],[-72.52613,6.50914],[-72.52591,6.50942],[-72.52458,6.51039],[-72.52331,6.51078],[-72.5227,6.51233],[-72.52179,6.51279],[-72.5211,6.51379],[-72.5197,6.51413],[-72.51889,6.51484],[-72.51861,6.51589],[-72.51711,6.51852],[-72.51399,6.52288],[-72.51246,6.52383],[-72.51196,6.5246],[-72.51094,6.52491],[-72.50929,6.52713],[-72.50881,6.52728],[-72.50799,6.52698],[-72.50738,6.52838],[-72.50634,6.52969],[-72.50554,6.53509],[-72.50447,6.53665],[-72.50417,6.53668],[-72.50384,6.53614],[-72.50355,6.53619],[-72.50259,6.53737],[-72.50249,6.53854],[-72.50185,6.53908],[-72.50028,6.53916],[-72.49804,6.5397],[-72.49567,6.54091],[-72.49487,6.54107],[-72.49452,6.54154],[-72.49378,6.54172],[-72.49359,6.54216],[-72.49026,6.54347],[-72.48881,6.54484],[-72.48785,6.5451],[-72.48788,6.5459],[-72.48709,6.54592],[-72.48425,6.54808],[-72.48418,6.54918],[-72.48234,6.54967],[-72.48168,6.54937],[-72.48065,6.54968],[-72.4787,6.54894],[-72.47775,6.54912],[-72.47694,6.54976],[-72.47637,6.54968],[-72.47522,6.54913],[-72.47457,6.54844],[-72.47303,6.54752],[-72.46824,6.54752],[-72.4672,6.54782],[-72.46683,6.54888],[-72.46459,6.54877],[-72.46295,6.54937],[-72.45957,6.5485],[-72.45887,6.54789],[-72.45804,6.54639],[-72.45788,6.54532],[-72.45667,6.54243],[-72.45423,6.53928],[-72.45175,6.53865],[-72.45037,6.53905],[-72.44631,6.53879],[-72.44418,6.53401],[-72.44209,6.53136],[-72.43991,6.52929],[-72.43753,6.52832],[-72.43376,6.5252],[-72.43162,6.52474],[-72.43014,6.52346],[-72.42841,6.52319],[-72.42653,6.52373],[-72.42503,6.52341],[-72.42406,6.52276],[-72.42126,6.51948],[-72.42038,6.51935],[-72.41697,6.51781],[-72.41443,6.51829],[-72.41365,6.5178],[-72.4121,6.51592],[-72.41158,6.51566],[-72.41073,6.51576],[-72.41029,6.51712],[-72.40961,6.51776],[-72.40823,6.51769],[-72.40722,6.51717],[-72.40621,6.5162],[-72.40478,6.5138],[-72.40384,6.51357],[-72.40302,6.51455],[-72.39701,6.52445],[-72.39604,6.52752],[-72.39414,6.53014],[-72.3936,6.53048],[-72.39201,6.53067],[-72.39032,6.5292],[-72.38858,6.52685],[-72.38741,6.52624],[-72.38637,6.52634],[-72.38526,6.52679],[-72.38389,6.52802],[-72.38366,6.52927],[-72.38381,6.53409],[-72.38348,6.5369],[-72.38126,6.54396],[-72.38156,6.54773],[-72.38243,6.5504],[-72.38309,6.55161],[-72.38244,6.55251],[-72.38092,6.55308],[-72.37855,6.55254],[-72.37613,6.55233],[-72.37559,6.55182],[-72.37354,6.55128],[-72.37125,6.55106],[-72.3698,6.55147],[-72.365,6.5514],[-72.36272,6.55173],[-72.35748,6.55294],[-72.35596,6.55373],[-72.35615,6.55695],[-72.35816,6.56588],[-72.35968,6.57002],[-72.36063,6.57085],[-72.36251,6.57339],[-72.36295,6.57458],[-72.36595,6.57943],[-72.36799,6.58154],[-72.37168,6.58454],[-72.37384,6.58672],[-72.37669,6.59052],[-72.37772,6.59317],[-72.37871,6.59945],[-72.37916,6.60071],[-72.38561,6.608],[-72.38635,6.60953],[-72.38662,6.61081],[-72.38679,6.61201],[-72.38655,6.61391],[-72.38602,6.61462],[-72.38503,6.61494],[-72.37973,6.61489],[-72.37481,6.61549],[-72.37189,6.61641],[-72.36909,6.61766],[-72.3659,6.61969],[-72.36319,6.62079],[-72.3608,6.62257],[-72.35741,6.62555],[-72.35536,6.62774],[-72.35202,6.6304],[-72.35085,6.63079],[-72.34642,6.63392],[-72.34491,6.63651],[-72.34195,6.64835],[-72.34179,6.65046],[-72.34218,6.65362],[-72.34185,6.65902],[-72.34138,6.66189],[-72.33955,6.66619],[-72.33794,6.66868],[-72.33509,6.67169],[-72.33244,6.6736],[-72.32977,6.67499],[-72.32646,6.67757],[-72.32455,6.67864],[-72.32335,6.67998],[-72.31996,6.68256],[-72.31553,6.68481],[-72.31354,6.68552],[-72.3124,6.68576],[-72.30937,6.68557],[-72.30784,6.68597],[-72.30626,6.68765],[-72.30408,6.69344],[-72.30305,6.69534],[-72.30199,6.69879],[-72.30181,6.70198],[-72.30145,6.70358],[-72.3016,6.70934],[-72.3002,6.71437],[-72.29941,6.71613],[-72.29949,6.7165]]]},"properties":{"DPTO_CCDGO":"15","MPIO_CCDGO":"180","DPTO_CNMBR":"BOYACÁ","MPIO_CNMBR":"CHISCAS","MPIO_NAREA":"658.814898135","Shape_Leng":"1.26465210378","Shape_Area":"0.0538348995353"}},{"type":"Feature","geometry":{"type":"Polygon","coordinates":[[[-72.10013,6.74647],[-72.09994,6.7476],[-72.09899,6.74834],[-72.09419,6.7493],[-72.09368,6.75019],[-72.09336,6.7527],[-72.09308,6.75333],[-72.09235,6.75388],[-72.09068,6.75313],[-72.08661,6.75301],[-72.08594,6.75373],[-72.08519,6.75381],[-72.08342,6.75267],[-72.07947,6.7511],[-72.07693,6.7509],[-72.07585,6.7517],[-72.07474,6.75306],[-72.07395,6.75501],[-72.07158,6.75839],[-72.06918,6.76029],[-72.06809,6.76149],[-72.0654,6.76251],[-72.0641,6.76339],[-72.0599,6.76752],[-72.05883,6.76785],[-72.05654,6.76708],[-72.05547,6.767],[-72.05372,6.76796],[-72.05143,6.76829],[-72.0506,6.7689],[-72.05038,6.76997],[-72.05079,6.77204],[-72.04947,6.77489],[-72.04749,6.77549],[-72.04726,6.77645],[-72.04796,6.77751],[-72.04768,6.78018],[-72.04708,6.78105],[-72.04572,6.78134],[-72.0448,6.78273],[-72.04429,6.78414],[-72.04457,6.78635],[-72.04388,6.78854],[-72.04285,6.79001],[-72.04141,6.79078],[-72.04107,6.79284],[-72.03908,6.79384],[-72.03816,6.79488],[-72.03774,6.79589],[-72.03764,6.79708],[-72.03847,6.79914],[-72.03857,6.80007],[-72.03804,6.80127],[-72.03705,6.80205],[-72.03703,6.80255],[-72.0377,6.80455],[-72.0375,6.80648],[-72.03879,6.80809],[-72.03892,6.80859],[-72.03772,6.81013],[-72.03725,6.81117],[-72.03854,6.81348],[-72.03874,6.81466],[-72.03738,6.81628],[-72.03736,6.81675],[-72.0381,6.81796],[-72.03811,6.81847],[-72.03736,6.82109],[-72.0358,6.82384],[-72.03551,6.82577],[-72.03482,6.82728],[-72.03455,6.8297],[-72.03163,6.83348],[-72.02997,6.83814],[-72.02744,6.84341],[-72.02323,6.85008],[-72.02162,6.85524],[-72.01807,6.86086],[-72.01698,6.8644],[-72.0175,6.86837],[-72.01588,6.87207],[-72.01433,6.87384],[-72.01362,6.87644],[-72.01245,6.87864],[-72.01146,6.87994],[-72.00943,6.88141],[-72.00868,6.88552],[-72.00809,6.88708],[-72.0046,6.89126],[-72.00398,6.89411],[-72.00301,6.89657],[-72.00173,6.89879],[-71.99934,6.90438],[-71.99657,6.90894],[-71.99614,6.91094],[-71.99551,6.91213],[-71.99535,6.91565],[-71.99416,6.921],[-71.9935,6.92796],[-71.99186,6.93169],[-71.99079,6.93246],[-71.98985,6.93458],[-71.98775,6.93785],[-71.98761,6.93875],[-71.98791,6.9399],[-71.98736,6.94049],[-71.98669,6.94259],[-71.98592,6.94348],[-71.98562,6.94462],[-71.98444,6.94625],[-71.98394,6.94873],[-71.97981,6.95653],[-71.9784,6.96122],[-71.97777,6.96514],[-71.97719,6.96585],[-71.97662,6.96804],[-71.97546,6.96971],[-71.97482,6.97164],[-71.972,6.97563],[-71.97104,6.97762],[-71.96905,6.97942],[-71.96578,6.98361],[-71.96565,6.9856],[-71.96527,6.98643],[-71.9627,6.98837],[-71.96187,6.98965],[-71.96085,6.9939],[-71.96079,6.99537],[-71.95957,6.99717],[-71.95951,6.9982],[-71.96041,6.99942],[-71.96054,7.00012],[-71.96016,7.00161],[-71.95726,7.00328],[-71.95546,7.00535],[-71.95221,7.00663],[-71.9499,7.00902],[-71.94885,7.01132],[-71.95044,7.01291],[-71.96176,7.01469],[-71.96561,7.01559],[-71.97786,7.021],[-71.98216,7.0237],[-71.99078,7.0264],[-71.99553,7.02707],[-71.99961,7.02842],[-72.00323,7.0291],[-72.00573,7.0318],[-72.00959,7.03338],[-72.01298,7.03405],[-72.01728,7.03359],[-72.02091,7.03585],[-72.02386,7.03584],[-72.02952,7.0347],[-72.03541,7.03536],[-72.04085,7.03807],[-72.04681,7.03917],[-72.0476,7.03818],[-72.04953,7.03686],[-72.05094,7.03648],[-72.0558,7.03693],[-72.05925,7.03844],[-72.06007,7.03945],[-72.06208,7.04014],[-72.06358,7.04105],[-72.06874,7.04254],[-72.07569,7.04537],[-72.07792,7.04538],[-72.07964,7.04477],[-72.08141,7.04388],[-72.08508,7.04107],[-72.09163,7.0378],[-72.10252,7.03546],[-72.10744,7.03271],[-72.10928,7.03233],[-72.11141,7.03234],[-72.11316,7.03242],[-72.11603,7.0332],[-72.11734,7.03308],[-72.11874,7.03199],[-72.12043,7.02841],[-72.12141,7.02772],[-72.12213,7.02767],[-72.12313,7.02811],[-72.12532,7.03018],[-72.12633,7.03056],[-72.12815,7.03052],[-72.12961,7.03003],[-72.13179,7.03016],[-72.13265,7.03054],[-72.1351,7.03312],[-72.13694,7.03393],[-72.14485,7.03566],[-72.14917,7.03492],[-72.15306,7.03505],[-72.15414,7.03576],[-72.15475,7.03659],[-72.15462,7.03996],[-72.15546,7.04129],[-72.15675,7.04196],[-72.15892,7.04161],[-72.15954,7.04174],[-72.15994,7.04215],[-72.15996,7.04341],[-72.15928,7.04627],[-72.15976,7.04726],[-72.16182,7.0479],[-72.16357,7.04788],[-72.16626,7.0492],[-72.16756,7.04949],[-72.16875,7.0505],[-72.17225,7.05176],[-72.17474,7.05438],[-72.17634,7.05554],[-72.17801,7.05527],[-72.18108,7.05283],[-72.1826,7.05252],[-72.18399,7.05279],[-72.18475,7.05391],[-72.18544,7.05404],[-72.18702,7.05299],[-72.18845,7.05141],[-72.19043,7.04756],[-72.19174,7.04628],[-72.19279,7.0459],[-72.1948,7.04568],[-72.19633,7.04488],[-72.19725,7.04278],[-72.19966,7.04119],[-72.1998,7.03932],[-72.19906,7.03735],[-72.1987,7.0355],[-72.19895,7.03281],[-72.20229,7.02727],[-72.20288,7.02646],[-72.20452,7.02522],[-72.20532,7.02424],[-72.20574,7.02322],[-72.2058,7.02088],[-72.20521,7.01775],[-72.20469,7.01651],[-72.20438,7.01193],[-72.20375,7.01136],[-72.20226,7.01162],[-72.20158,7.01139],[-72.20117,7.01092],[-72.20067,7.0099],[-72.20049,7.00861],[-72.20097,7.00669],[-72.20249,7.0055],[-72.20487,7.00415],[-72.20805,7.00423],[-72.20905,7.00399],[-72.21291,7.00114],[-72.21541,6.99799],[-72.21646,6.99485],[-72.21813,6.99196],[-72.21867,6.99139],[-72.2204,6.99039],[-72.22033,6.98636],[-72.22084,6.98575],[-72.22469,6.9847],[-72.22795,6.9832],[-72.22925,6.98299],[-72.23066,6.98323],[-72.23181,6.98306],[-72.23297,6.98193],[-72.2341,6.97926],[-72.23792,6.97971],[-72.23956,6.97951],[-72.24067,6.97899],[-72.24246,6.97752],[-72.24471,6.97702],[-72.24858,6.98018],[-72.25176,6.98111],[-72.25446,6.98284],[-72.25542,6.98398],[-72.25562,6.98495],[-72.25501,6.98996],[-72.25452,6.99169],[-72.25366,6.99297],[-72.25337,6.99585],[-72.25272,6.99821],[-72.25289,7.00067],[-72.25269,7.00148],[-72.25115,7.00375],[-72.25091,7.00448],[-72.25117,7.0062],[-72.25251,7.00748],[-72.25745,7.00942],[-72.26084,7.01021],[-72.2672,7.0096],[-72.26781,7.00973],[-72.26928,7.01026],[-72.27016,7.0109],[-72.27151,7.01283],[-72.27328,7.01223],[-72.27407,7.01232],[-72.27511,7.01287],[-72.27652,7.01279],[-72.28143,7.01006],[-72.28286,7.0085],[-72.28397,7.00547],[-72.28515,7.00322],[-72.28636,7.00222],[-72.28684,6.99955],[-72.28966,6.99665],[-72.29143,6.99434],[-72.29263,6.99147],[-72.29371,6.98985],[-72.29459,6.98454],[-72.29564,6.98243],[-72.29683,6.97905],[-72.29867,6.97616],[-72.29972,6.97315],[-72.30058,6.97158],[-72.30162,6.9704],[-72.30183,6.96971],[-72.302,6.96873],[-72.30146,6.9661],[-72.30145,6.9644],[-72.30292,6.96264],[-72.30343,6.95833],[-72.30422,6.95549],[-72.30562,6.95465],[-72.30608,6.95394],[-72.3062,6.9531],[-72.30575,6.95126],[-72.30601,6.95046],[-72.30593,6.94943],[-72.30752,6.9473],[-72.3079,6.94389],[-72.3087,6.94213],[-72.3098,6.9403],[-72.31126,6.93919],[-72.31155,6.93776],[-72.31199,6.93727],[-72.31291,6.93481],[-72.31343,6.93223],[-72.31584,6.93107],[-72.31696,6.92931],[-72.31831,6.929],[-72.31889,6.92857],[-72.3214,6.92331],[-72.32382,6.92301],[-72.32511,6.92236],[-72.32628,6.92129],[-72.32781,6.91844],[-72.33008,6.91542],[-72.33184,6.91519],[-72.33234,6.91479],[-72.33535,6.91162],[-72.33673,6.90923],[-72.33764,6.90817],[-72.34172,6.90593],[-72.34382,6.90338],[-72.34541,6.90238],[-72.34686,6.90205],[-72.34916,6.90011],[-72.34985,6.89905],[-72.34903,6.89571],[-72.34962,6.89327],[-72.35004,6.89289],[-72.35126,6.89274],[-72.35246,6.89174],[-72.35324,6.89166],[-72.35475,6.89254],[-72.3564,6.89258],[-72.3577,6.89377],[-72.35854,6.8941],[-72.36032,6.89418],[-72.36215,6.8934],[-72.36306,6.89273],[-72.36313,6.89224],[-72.36445,6.89176],[-72.36527,6.8908],[-72.3672,6.89048],[-72.36907,6.88903],[-72.3696,6.88912],[-72.37018,6.88989],[-72.37054,6.88985],[-72.37083,6.88933],[-72.37114,6.88942],[-72.37225,6.88849],[-72.37238,6.88742],[-72.37319,6.88644],[-72.37529,6.88566],[-72.37596,6.88505],[-72.37734,6.88543],[-72.37848,6.88477],[-72.37894,6.88347],[-72.3794,6.88308],[-72.38072,6.88313],[-72.38053,6.88136],[-72.38117,6.87996],[-72.38198,6.87917],[-72.38297,6.87895],[-72.3841,6.87776],[-72.38499,6.87731],[-72.38498,6.87547],[-72.38553,6.87489],[-72.38728,6.87391],[-72.38952,6.87349],[-72.3908,6.87275],[-72.39155,6.87291],[-72.39233,6.87221],[-72.39498,6.87239],[-72.39837,6.87332],[-72.3998,6.87262],[-72.40091,6.87257],[-72.40204,6.87313],[-72.40263,6.87375],[-72.40403,6.87424],[-72.40484,6.87378],[-72.40551,6.87281],[-72.40599,6.87283],[-72.40835,6.87456],[-72.41167,6.87575],[-72.41259,6.87657],[-72.41523,6.87783],[-72.41601,6.87786],[-72.417,6.87861],[-72.41808,6.87898],[-72.41961,6.88037],[-72.42055,6.88035],[-72.42248,6.88164],[-72.42346,6.8816],[-72.42496,6.88075],[-72.42622,6.88191],[-72.42901,6.88141],[-72.42965,6.88229],[-72.43058,6.88295],[-72.43229,6.8829],[-72.43323,6.88484],[-72.43448,6.88505],[-72.43631,6.88618],[-72.4381,6.88621],[-72.43853,6.88643],[-72.43989,6.89131],[-72.44051,6.89198],[-72.44367,6.89197],[-72.44464,6.89261],[-72.44514,6.89346],[-72.44607,6.89421],[-72.4467,6.89438],[-72.44797,6.8938],[-72.45236,6.89556],[-72.45281,6.89723],[-72.45343,6.89772],[-72.45519,6.89811],[-72.45733,6.89821],[-72.46004,6.90066],[-72.46068,6.90083],[-72.46206,6.90063],[-72.4646,6.90169],[-72.46607,6.90402],[-72.4696,6.90779],[-72.46986,6.90837],[-72.47119,6.90932],[-72.47349,6.91217],[-72.47431,6.9128],[-72.47541,6.91307],[-72.47653,6.91459],[-72.47862,6.91548],[-72.47925,6.91607],[-72.48005,6.91811],[-72.4817,6.91897],[-72.48266,6.92024],[-72.48376,6.92077],[-72.48541,6.9222],[-72.48628,6.92334],[-72.4878,6.92452],[-72.49026,6.92483],[-72.49226,6.92432],[-72.49661,6.92152],[-72.49752,6.92021],[-72.49782,6.91859],[-72.49712,6.91692],[-72.49709,6.91605],[-72.49785,6.91497],[-72.49854,6.91459],[-72.5006,6.91224],[-72.50066,6.91119],[-72.49986,6.90965],[-72.5004,6.90874],[-72.50179,6.90824],[-72.50294,6.90816],[-72.5018,6.90685],[-72.50088,6.90428],[-72.4993,6.90219],[-72.49893,6.90134],[-72.4977,6.90002],[-72.4964,6.89646],[-72.49734,6.89204],[-72.49702,6.88926],[-72.49651,6.88768],[-72.49659,6.88578],[-72.4978,6.88537],[-72.50027,6.88321],[-72.50177,6.88265],[-72.50255,6.8819],[-72.50158,6.87819],[-72.50153,6.87729],[-72.50184,6.87665],[-72.50157,6.87425],[-72.50062,6.87123],[-72.4983,6.86775],[-72.49551,6.86712],[-72.49392,6.8673],[-72.49297,6.86707],[-72.49166,6.86654],[-72.49062,6.86551],[-72.48957,6.86302],[-72.48834,6.85672],[-72.48864,6.8556],[-72.48858,6.8544],[-72.48714,6.85266],[-72.48347,6.85105],[-72.48354,6.84739],[-72.48198,6.84546],[-72.47871,6.84275],[-72.47706,6.8422],[-72.47586,6.84374],[-72.47248,6.84566],[-72.4708,6.84595],[-72.46879,6.84601],[-72.46507,6.84382],[-72.46283,6.84394],[-72.4619,6.84456],[-72.46098,6.84561],[-72.4606,6.84693],[-72.45887,6.84902],[-72.45759,6.84998],[-72.45591,6.85083],[-72.45193,6.85134],[-72.44512,6.85084],[-72.44106,6.84873],[-72.43988,6.84864],[-72.43888,6.84891],[-72.43785,6.8487],[-72.43517,6.84672],[-72.43,6.8454],[-72.42851,6.84578],[-72.42761,6.84678],[-72.42566,6.84803],[-72.42347,6.84895],[-72.42235,6.84838],[-72.42124,6.84689],[-72.41988,6.84585],[-72.41684,6.8452],[-72.41377,6.84391],[-72.41209,6.84266],[-72.40988,6.84037],[-72.40755,6.84001],[-72.40518,6.84153],[-72.40094,6.84175],[-72.39908,6.8425],[-72.39621,6.84041],[-72.3949,6.84001],[-72.39293,6.84011],[-72.39015,6.83905],[-72.38724,6.84016],[-72.3806,6.8415],[-72.37812,6.84126],[-72.37718,6.84063],[-72.37664,6.83986],[-72.3758,6.83985],[-72.37426,6.83918],[-72.37285,6.83928],[-72.37125,6.83977],[-72.37004,6.84109],[-72.36854,6.84193],[-72.36698,6.8415],[-72.36614,6.84167],[-72.36503,6.84139],[-72.36389,6.84162],[-72.36314,6.84336],[-72.36034,6.84423],[-72.3595,6.84561],[-72.3584,6.84867],[-72.35608,6.84843],[-72.35354,6.8487],[-72.35103,6.84991],[-72.35004,6.84992],[-72.34835,6.84908],[-72.34462,6.84881],[-72.34145,6.84709],[-72.34049,6.84625],[-72.3401,6.84523],[-72.34022,6.84454],[-72.34091,6.84342],[-72.34064,6.84],[-72.34123,6.83839],[-72.3412,6.83753],[-72.34051,6.83651],[-72.34096,6.83491],[-72.34078,6.83256],[-72.34024,6.83157],[-72.34088,6.82998],[-72.33967,6.82698],[-72.33849,6.82563],[-72.33818,6.82449],[-72.33665,6.82408],[-72.33331,6.82378],[-72.33244,6.82279],[-72.33027,6.82145],[-72.33001,6.82005],[-72.32817,6.81781],[-72.32466,6.81682],[-72.3184,6.81575],[-72.31709,6.81454],[-72.31661,6.81361],[-72.31639,6.81134],[-72.3133,6.8061],[-72.31214,6.80291],[-72.31144,6.7982],[-72.3097,6.79548],[-72.30875,6.79476],[-72.3087,6.79364],[-72.30793,6.79186],[-72.30673,6.79067],[-72.30506,6.78972],[-72.30179,6.7889],[-72.30059,6.7883],[-72.29655,6.78506],[-72.29552,6.78112],[-72.29524,6.77696],[-72.29456,6.77261],[-72.29362,6.76831],[-72.29227,6.76495],[-72.29298,6.76481],[-72.29239,6.76211],[-72.2929,6.7616],[-72.29439,6.76117],[-72.29684,6.76165],[-72.2981,6.76147],[-72.30044,6.76176],[-72.30186,6.76146],[-72.30608,6.75977],[-72.30698,6.75886],[-72.30384,6.75622],[-72.30198,6.7541],[-72.29956,6.74995],[-72.29927,6.74892],[-72.2999,6.74847],[-72.30007,6.74745],[-72.29924,6.74623],[-72.29947,6.74506],[-72.29937,6.74305],[-72.29902,6.74187],[-72.29814,6.74124],[-72.29764,6.74027],[-72.29666,6.73719],[-72.29652,6.73408],[-72.29736,6.73302],[-72.29718,6.73182],[-72.29745,6.73113],[-72.29708,6.72985],[-72.29583,6.72767],[-72.29575,6.72668],[-72.29659,6.72515],[-72.29653,6.72458],[-72.29728,6.724],[-72.29716,6.72301],[-72.29767,6.72123],[-72.29843,6.71996],[-72.29911,6.71946],[-72.29875,6.71805],[-72.29949,6.7165],[-72.29826,6.71647],[-72.29761,6.71609],[-72.29448,6.71529],[-72.29268,6.71418],[-72.29165,6.71299],[-72.29088,6.70947],[-72.28958,6.70679],[-72.28843,6.70511],[-72.28847,6.70404],[-72.28778,6.70086],[-72.2882,6.69617],[-72.28773,6.69572],[-72.28464,6.69508],[-72.2818,6.69553],[-72.28112,6.69596],[-72.28051,6.69686],[-72.27594,6.69814],[-72.26931,6.70273],[-72.26719,6.70341],[-72.26363,6.70383],[-72.26305,6.70411],[-72.26115,6.70685],[-72.26001,6.70745],[-72.25857,6.70713],[-72.25697,6.70537],[-72.25414,6.70371],[-72.25313,6.70359],[-72.25167,6.70407],[-72.25085,6.70407],[-72.24931,6.70214],[-72.24877,6.70191],[-72.24784,6.70205],[-72.24604,6.70416],[-72.24513,6.70464],[-72.24361,6.70456],[-72.24125,6.70387],[-72.23855,6.70007],[-72.23317,6.69642],[-72.23212,6.69618],[-72.23174,6.6965],[-72.23146,6.69794],[-72.23181,6.70528],[-72.23164,6.70664],[-72.23126,6.70841],[-72.22957,6.71164],[-72.22921,6.71515],[-72.22708,6.72191],[-72.22675,6.72576],[-72.225,6.72695],[-72.22259,6.72776],[-72.22189,6.7277],[-72.21944,6.72658],[-72.21842,6.72695],[-72.21722,6.72786],[-72.21476,6.72816],[-72.21367,6.7294],[-72.21303,6.7308],[-72.21291,6.73141],[-72.21345,6.73361],[-72.21302,6.73685],[-72.21241,6.7382],[-72.21124,6.73884],[-72.21017,6.73898],[-72.20608,6.73742],[-72.20405,6.73784],[-72.20299,6.73899],[-72.2017,6.73948],[-72.20097,6.74023],[-72.19984,6.74336],[-72.19896,6.74409],[-72.19689,6.74301],[-72.19614,6.74311],[-72.19268,6.7446],[-72.19148,6.74301],[-72.19038,6.74203],[-72.18886,6.74132],[-72.18679,6.74076],[-72.17913,6.74145],[-72.17777,6.74239],[-72.17547,6.74557],[-72.17255,6.74703],[-72.17093,6.74747],[-72.16919,6.74726],[-72.16717,6.74639],[-72.16377,6.7467],[-72.1625,6.74722],[-72.16158,6.74878],[-72.15937,6.7488],[-72.15647,6.74968],[-72.15462,6.75087],[-72.15158,6.75462],[-72.14658,6.75546],[-72.1455,6.75592],[-72.14422,6.75692],[-72.14274,6.75744],[-72.14243,6.75771],[-72.14181,6.76023],[-72.1404,6.7633],[-72.13859,6.76175],[-72.13685,6.75939],[-72.135,6.75605],[-72.1333,6.75424],[-72.13049,6.75188],[-72.12844,6.74737],[-72.12619,6.74457],[-72.12527,6.74385],[-72.12236,6.74293],[-72.12065,6.74153],[-72.11881,6.74126],[-72.11321,6.73945],[-72.11256,6.74006],[-72.10945,6.74583],[-72.10665,6.7473],[-72.10563,6.7485],[-72.10013,6.74647]]]},"properties":{"DPTO_CCDGO":"15","MPIO_CCDGO":"223","DPTO_CNMBR":"BOYACÁ","MPIO_CNMBR":"CUBARÁ","MPIO_NAREA":"1177.61461019","Shape_Leng":"1.87186705839","Shape_Area":"0.0962423035624"}},{"type":"Feature","geometry":{"type":"Polygon","coordinates":[[[-72.10013,6.74647],[-72.10563,6.7485],[-72.10665,6.7473],[-72.10945,6.74583],[-72.11256,6.74006],[-72.11321,6.73945],[-72.11881,6.74126],[-72.12065,6.74153],[-72.12236,6.74293],[-72.12527,6.74385],[-72.12619,6.74457],[-72.12844,6.74737],[-72.13049,6.75188],[-72.1333,6.75424],[-72.135,6.75605],[-72.13685,6.75939],[-72.13859,6.76175],[-72.1404,6.7633],[-72.14181,6.76023],[-72.14243,6.75771],[-72.14274,6.75744],[-72.14422,6.75692],[-72.1455,6.75592],[-72.14658,6.75546],[-72.15158,6.75462],[-72.15462,6.75087],[-72.15647,6.74968],[-72.15937,6.7488],[-72.16158,6.74878],[-72.1625,6.74722],[-72.16377,6.7467],[-72.16717,6.74639],[-72.16919,6.74726],[-72.17093,6.74747],[-72.17255,6.74703],[-72.17547,6.74557],[-72.17777,6.74239],[-72.17913,6.74145],[-72.18679,6.74076],[-72.18886,6.74132],[-72.19038,6.74203],[-72.19148,6.74301],[-72.19268,6.7446],[-72.19614,6.74311],[-72.19689,6.74301],[-72.19896,6.74409],[-72.19984,6.74336],[-72.20097,6.74023],[-72.2017,6.73948],[-72.20299,6.73899],[-72.20405,6.73784],[-72.20608,6.73742],[-72.21017,6.73898],[-72.21124,6.73884],[-72.21241,6.7382],[-72.21302,6.73685],[-72.21345,6.73361],[-72.21291,6.73141],[-72.21303,6.7308],[-72.21367,6.7294],[-72.21476,6.72816],[-72.21722,6.72786],[-72.21842,6.72695],[-72.21944,6.72658],[-72.22189,6.7277],[-72.22259,6.72776],[-72.225,6.72695],[-72.22675,6.72576],[-72.22708,6.72191],[-72.22921,6.71515],[-72.22957,6.71164],[-72.23126,6.70841],[-72.23164,6.70664],[-72.23181,6.70528],[-72.23146,6.69794],[-72.23174,6.6965],[-72.23212,6.69618],[-72.23317,6.69642],[-72.23855,6.70007],[-72.24125,6.70387],[-72.24361,6.70456],[-72.24513,6.70464],[-72.24604,6.70416],[-72.24784,6.70205],[-72.24877,6.70191],[-72.24931,6.70214],[-72.25085,6.70407],[-72.25167,6.70407],[-72.25313,6.70359],[-72.25414,6.70371],[-72.25697,6.70537],[-72.25857,6.70713],[-72.26001,6.70745],[-72.26115,6.70685],[-72.26305,6.70411],[-72.26363,6.70383],[-72.26719,6.70341],[-72.26931,6.70273],[-72.27594,6.69814],[-72.28051,6.69686],[-72.28112,6.69596],[-72.2818,6.69553],[-72.28464,6.69508],[-72.28773,6.69572],[-72.2882,6.69617],[-72.28778,6.70086],[-72.28847,6.70404],[-72.28843,6.70511],[-72.28958,6.70679],[-72.29088,6.70947],[-72.29165,6.71299],[-72.29268,6.71418],[-72.29448,6.71529],[-72.29761,6.71609],[-72.29826,6.71647],[-72.29949,6.7165],[-72.29941,6.71613],[-72.3002,6.71437],[-72.3016,6.70934],[-72.30145,6.70358],[-72.30181,6.70198],[-72.30199,6.69879],[-72.30305,6.69534],[-72.30408,6.69344],[-72.30626,6.68765],[-72.30784,6.68597],[-72.30937,6.68557],[-72.3124,6.68576],[-72.31354,6.68552],[-72.31553,6.68481],[-72.31996,6.68256],[-72.32335,6.67998],[-72.32455,6.67864],[-72.32646,6.67757],[-72.32977,6.67499],[-72.33244,6.6736],[-72.33509,6.67169],[-72.33794,6.66868],[-72.33955,6.66619],[-72.34138,6.66189],[-72.34185,6.65902],[-72.34218,6.65362],[-72.34179,6.65046],[-72.34195,6.64835],[-72.34491,6.63651],[-72.34642,6.63392],[-72.35085,6.63079],[-72.35202,6.6304],[-72.35536,6.62774],[-72.35741,6.62555],[-72.3608,6.62257],[-72.36319,6.62079],[-72.3659,6.61969],[-72.36909,6.61766],[-72.37189,6.61641],[-72.37481,6.61549],[-72.37973,6.61489],[-72.38503,6.61494],[-72.38602,6.61462],[-72.38655,6.61391],[-72.38679,6.61201],[-72.38662,6.61081],[-72.38635,6.60953],[-72.38561,6.608],[-72.37916,6.60071],[-72.37871,6.59945],[-72.37772,6.59317],[-72.37669,6.59052],[-72.37384,6.58672],[-72.37168,6.58454],[-72.36799,6.58154],[-72.36595,6.57943],[-72.36295,6.57458],[-72.36251,6.57339],[-72.36063,6.57085],[-72.35968,6.57002],[-72.35816,6.56588],[-72.35615,6.55695],[-72.35596,6.55373],[-72.35748,6.55294],[-72.36272,6.55173],[-72.365,6.5514],[-72.3698,6.55147],[-72.37125,6.55106],[-72.37354,6.55128],[-72.37559,6.55182],[-72.37613,6.55233],[-72.37855,6.55254],[-72.38092,6.55308],[-72.38244,6.55251],[-72.38309,6.55161],[-72.38243,6.5504],[-72.38156,6.54773],[-72.38126,6.54396],[-72.38348,6.5369],[-72.38381,6.53409],[-72.38366,6.52927],[-72.38389,6.52802],[-72.38526,6.52679],[-72.38637,6.52634],[-72.38741,6.52624],[-72.38858,6.52685],[-72.39032,6.5292],[-72.39201,6.53067],[-72.3936,6.53048],[-72.39414,6.53014],[-72.39604,6.52752],[-72.39701,6.52445],[-72.40302,6.51455],[-72.40384,6.51357],[-72.40478,6.5138],[-72.40621,6.5162],[-72.40722,6.51717],[-72.40823,6.51769],[-72.40961,6.51776],[-72.41029,6.51712],[-72.41073,6.51576],[-72.41158,6.51566],[-72.4121,6.51592],[-72.41365,6.5178],[-72.41443,6.51829],[-72.41697,6.51781],[-72.42038,6.51935],[-72.42126,6.51948],[-72.42287,6.5179],[-72.42378,6.51551],[-72.42626,6.5125],[-72.42783,6.51112],[-72.42926,6.50886],[-72.42946,6.5076],[-72.43008,6.50721],[-72.43067,6.50628],[-72.432,6.50583],[-72.43248,6.50539],[-72.43263,6.50379],[-72.43373,6.50253],[-72.43566,6.49855],[-72.43593,6.49662],[-72.43651,6.49494],[-72.43642,6.49285],[-72.437,6.49134],[-72.43661,6.48981],[-72.43689,6.48538],[-72.43637,6.48572],[-72.43649,6.48519],[-72.4371,6.48417],[-72.43723,6.4832],[-72.43796,6.48233],[-72.43954,6.48156],[-72.4408,6.47888],[-72.44068,6.47625],[-72.44151,6.47534],[-72.44143,6.4739],[-72.44292,6.47096],[-72.44235,6.46979],[-72.44193,6.4662],[-72.44341,6.46311],[-72.44356,6.46209],[-72.44334,6.46134],[-72.44244,6.46047],[-72.44173,6.45905],[-72.44179,6.45779],[-72.44031,6.45859],[-72.43897,6.45874],[-72.43846,6.45911],[-72.43764,6.459],[-72.43687,6.4583],[-72.43661,6.45749],[-72.43612,6.4573],[-72.43566,6.45608],[-72.43371,6.45407],[-72.43368,6.45203],[-72.43305,6.45089],[-72.43329,6.44985],[-72.4332,6.44847],[-72.43276,6.44766],[-72.43204,6.44249],[-72.43135,6.44167],[-72.4309,6.44001],[-72.42915,6.43771],[-72.42944,6.43724],[-72.42831,6.43559],[-72.4285,6.43256],[-72.42794,6.43026],[-72.427,6.42841],[-72.42586,6.42726],[-72.42445,6.42503],[-72.42112,6.42361],[-72.42005,6.42212],[-72.41696,6.4221],[-72.41541,6.42133],[-72.41098,6.41767],[-72.4096,6.41763],[-72.40878,6.41723],[-72.40667,6.41715],[-72.40491,6.41528],[-72.40008,6.41339],[-72.39946,6.4134],[-72.3991,6.4137],[-72.39812,6.41566],[-72.39719,6.41652],[-72.39547,6.41682],[-72.39354,6.41608],[-72.39263,6.41612],[-72.39223,6.41624],[-72.39155,6.41834],[-72.3896,6.41808],[-72.38739,6.41728],[-72.3864,6.41649],[-72.38412,6.41574],[-72.38424,6.41224],[-72.38368,6.4111],[-72.38371,6.41063],[-72.38298,6.40955],[-72.38162,6.4091],[-72.3806,6.40935],[-72.37891,6.40868],[-72.3766,6.40827],[-72.37534,6.40663],[-72.37421,6.40591],[-72.37307,6.4041],[-72.37264,6.40382],[-72.3713,6.40345],[-72.36665,6.403],[-72.36329,6.40212],[-72.34557,6.40324],[-72.34276,6.40321],[-72.34174,6.40374],[-72.3378,6.40388],[-72.33411,6.40462],[-72.33299,6.4043],[-72.3321,6.40328],[-72.33182,6.40179],[-72.33119,6.40074],[-72.33136,6.39796],[-72.33078,6.3961],[-72.33118,6.39466],[-72.3311,6.39382],[-72.32715,6.3867],[-72.32419,6.37666],[-72.32256,6.37388],[-72.32024,6.3708],[-72.32099,6.36553],[-72.31536,6.36067],[-72.31494,6.36001],[-72.31493,6.35798],[-72.31236,6.35775],[-72.31032,6.35823],[-72.30575,6.35858],[-72.30468,6.35902],[-72.30305,6.35883],[-72.30211,6.35927],[-72.30204,6.35964],[-72.30292,6.36172],[-72.30199,6.36257],[-72.29824,6.36498],[-72.29784,6.36729],[-72.29587,6.36931],[-72.29551,6.37005],[-72.29543,6.37352],[-72.29513,6.37459],[-72.2928,6.37566],[-72.29141,6.37715],[-72.28778,6.37815],[-72.28533,6.37816],[-72.28398,6.37843],[-72.28271,6.37938],[-72.28287,6.38042],[-72.28103,6.38316],[-72.28089,6.38626],[-72.28022,6.38734],[-72.28003,6.38855],[-72.28093,6.39049],[-72.28119,6.39364],[-72.28669,6.39608],[-72.28636,6.39692],[-72.28665,6.39881],[-72.28572,6.39999],[-72.28555,6.40062],[-72.28659,6.40262],[-72.28666,6.40341],[-72.28566,6.40444],[-72.28413,6.40509],[-72.28351,6.40591],[-72.28277,6.40797],[-72.28189,6.40936],[-72.28213,6.41046],[-72.28275,6.41137],[-72.28265,6.41564],[-72.2824,6.41629],[-72.2812,6.41695],[-72.28048,6.41777],[-72.28022,6.41987],[-72.27951,6.42104],[-72.27643,6.42252],[-72.27483,6.42079],[-72.27242,6.41926],[-72.26957,6.41866],[-72.26881,6.41917],[-72.26884,6.42133],[-72.26937,6.42304],[-72.2709,6.42559],[-72.27179,6.42783],[-72.2722,6.43212],[-72.2715,6.43658],[-72.27065,6.43825],[-72.26787,6.44158],[-72.26568,6.44304],[-72.26483,6.44309],[-72.26266,6.44225],[-72.2612,6.44238],[-72.25997,6.44183],[-72.2584,6.43845],[-72.25772,6.43752],[-72.25641,6.43669],[-72.25582,6.43519],[-72.255,6.43487],[-72.25424,6.43383],[-72.25333,6.43337],[-72.25252,6.43197],[-72.24974,6.43039],[-72.24815,6.42983],[-72.24802,6.42839],[-72.24888,6.42578],[-72.24899,6.4232],[-72.24795,6.42203],[-72.24597,6.42049],[-72.24182,6.42199],[-72.24055,6.42203],[-72.23836,6.42132],[-72.23767,6.42169],[-72.23594,6.42163],[-72.23508,6.42196],[-72.2329,6.42333],[-72.23262,6.42414],[-72.23161,6.42465],[-72.22924,6.42818],[-72.22767,6.42872],[-72.22599,6.43058],[-72.22484,6.43263],[-72.22277,6.43376],[-72.22172,6.43517],[-72.22129,6.4363],[-72.2189,6.43863],[-72.21881,6.43952],[-72.21707,6.44292],[-72.21673,6.44436],[-72.2153,6.44634],[-72.21536,6.44727],[-72.21711,6.44872],[-72.21729,6.4492],[-72.21684,6.45168],[-72.21697,6.45511],[-72.21688,6.45579],[-72.21543,6.4579],[-72.21366,6.45846],[-72.21428,6.46052],[-72.21456,6.46312],[-72.21445,6.46439],[-72.21375,6.46548],[-72.21299,6.46598],[-72.21111,6.46586],[-72.21011,6.46671],[-72.2081,6.46732],[-72.20511,6.46777],[-72.2029,6.4689],[-72.20209,6.46897],[-72.19839,6.46799],[-72.19719,6.46611],[-72.19567,6.46619],[-72.19378,6.46559],[-72.19037,6.46359],[-72.18912,6.46188],[-72.18502,6.4613],[-72.18164,6.45942],[-72.18098,6.45955],[-72.17832,6.46171],[-72.17475,6.46301],[-72.17456,6.46356],[-72.17627,6.46609],[-72.17624,6.47063],[-72.17521,6.47269],[-72.17342,6.47504],[-72.17384,6.47573],[-72.174,6.47666],[-72.17288,6.48024],[-72.1732,6.48191],[-72.17479,6.48347],[-72.17668,6.48626],[-72.1782,6.48727],[-72.17628,6.48877],[-72.17584,6.49169],[-72.17633,6.49275],[-72.17726,6.49386],[-72.17788,6.49676],[-72.17613,6.49801],[-72.17419,6.50034],[-72.17316,6.50085],[-72.17223,6.50083],[-72.16965,6.50009],[-72.16688,6.50074],[-72.16488,6.50287],[-72.16458,6.50372],[-72.16364,6.50438],[-72.16319,6.50561],[-72.16245,6.50658],[-72.16205,6.50694],[-72.16087,6.50694],[-72.1607,6.50759],[-72.1609,6.50818],[-72.16172,6.50897],[-72.1617,6.50982],[-72.15697,6.5117],[-72.15536,6.512],[-72.15468,6.51301],[-72.15279,6.51361],[-72.15121,6.51557],[-72.15058,6.51522],[-72.14941,6.51351],[-72.1489,6.51333],[-72.14464,6.51339],[-72.13865,6.51422],[-72.13383,6.51706],[-72.1309,6.52059],[-72.1289,6.52494],[-72.12691,6.53224],[-72.12636,6.53325],[-72.12641,6.53493],[-72.12578,6.53731],[-72.12398,6.54007],[-72.12371,6.54987],[-72.12307,6.55274],[-72.1215,6.55623],[-72.12108,6.56118],[-72.11958,6.56685],[-72.11927,6.57166],[-72.11888,6.57353],[-72.11957,6.57493],[-72.11903,6.57614],[-72.11889,6.57801],[-72.11826,6.57932],[-72.11658,6.58085],[-72.11529,6.58264],[-72.11391,6.58793],[-72.11271,6.58927],[-72.11199,6.59163],[-72.11163,6.59482],[-72.11171,6.59719],[-72.11264,6.59934],[-72.11326,6.60239],[-72.11287,6.6053],[-72.11324,6.60691],[-72.11303,6.61143],[-72.11282,6.61212],[-72.11156,6.61344],[-72.11052,6.61352],[-72.10995,6.61395],[-72.10966,6.61564],[-72.10852,6.61826],[-72.10609,6.6211],[-72.10408,6.62286],[-72.10151,6.62721],[-72.10126,6.62865],[-72.10087,6.62908],[-72.09994,6.62944],[-72.09879,6.63066],[-72.09657,6.63221],[-72.09513,6.63375],[-72.09467,6.63451],[-72.09143,6.64596],[-72.09129,6.64847],[-72.09216,6.65217],[-72.09281,6.65328],[-72.09238,6.6564],[-72.09353,6.65712],[-72.09415,6.66005],[-72.09517,6.6621],[-72.09541,6.66317],[-72.09484,6.66637],[-72.09538,6.66791],[-72.09744,6.67171],[-72.09801,6.67339],[-72.09802,6.67447],[-72.09723,6.67605],[-72.09723,6.67749],[-72.09846,6.67932],[-72.0985,6.67996],[-72.09757,6.68165],[-72.09506,6.68399],[-72.09499,6.68635],[-72.09636,6.68908],[-72.09762,6.69083],[-72.09708,6.6927],[-72.0973,6.6936],[-72.09724,6.69557],[-72.09932,6.6969],[-72.09943,6.69783],[-72.09875,6.70009],[-72.09908,6.70296],[-72.09877,6.70727],[-72.09992,6.70931],[-72.09996,6.71103],[-72.09918,6.71452],[-72.09921,6.71531],[-72.09972,6.71699],[-72.10069,6.71857],[-72.10073,6.71928],[-72.10002,6.7237],[-72.09905,6.72416],[-72.09636,6.72657],[-72.09533,6.72823],[-72.09495,6.72965],[-72.09557,6.73275],[-72.09681,6.73452],[-72.09697,6.73813],[-72.09776,6.74005],[-72.09834,6.74075],[-72.09905,6.74466],[-72.09954,6.74588],[-72.10013,6.74647]]]},"properties":{"DPTO_CCDGO":"15","MPIO_CCDGO":"332","DPTO_CNMBR":"BOYACÁ","MPIO_CNMBR":"GÜICÁN DE LA SIERRA","MPIO_NAREA":"952.217878201","Shape_Leng":"1.53770155885","Shape_Area":"0.0777780975101"}}]}