{"type":"FeatureCollection","features":[{"type":"Feature","properties":{"PROVINCIA":"Distrito fronterizo","N_MUNICIPIOS":1},"geometry":{"type":"Polygon","coordinates":[[[-72.10013,6.74647],[-72.09994,6.7476],[-72.09899,6.74834],[-72.09419,6.7493],[-72.09368,6.75019],[-72.09336,6.7527],[-72.09308,6.75333],[-72.09235,6.75388],[-72.09068,6.75313],[-72.08661,6.75301],[-72.08594,6.75373],[-72.08519,6.75381],[-72.08342,6.75267],[-72.07947,6.7511],[-72.07693,6.7509],[-72.07585,6.7517],[-72.07474,6.75306],[-72.07395,6.75501],[-72.07158,6.75839],[-72.06918,6.76029],[-72.06809,6.76149],[-72.0654,6.76251],[-72.0641,6.76339],[-72.0599,6.76752],[-72.05883,6.76785],[-72.05654,6.76708],[-72.05547,6.767],[-72.05372,6.76796],[-72.05143,6.76829],[-72.0506,6.7689],[-72.05038,6.76997],[-72.05079,6.77204],[-72.04947,6.77489],[-72.04749,6.77549],[-72.04726,6.77645],[-72.04796,6.77751],[-72.04768,6.78018],[-72.04708,6.78105],[-72.04572,6.78134],[-72.0448,6.78273],[-72.04429,6.78414],[-72.04457,6.78635],[-72.04388,6.78854],[-72.04285,6.79001],[-72.04141,6.79078],[-72.04107,6.79284],[-72.03908,6.79384],[-72.03816,6.79488],[-72.03774,6.79589],[-72.03764,6.79708],[-72.03847,6.79914],[-72.03857,6.80007],[-72.03804,6.80127],[-72.03705,6.80205],[-72.03703,6.80255],[-72.0377,6.80455],[-72.0375,6.80648],[-72.03879,6.80809],[-72.03892,6.80859],[-72.03772,6.81013],[-72.03725,6.81117],[-72.03854,6.81348],[-72.03874,6.81466],[-72.03738,6.81628],[-72.03736,6.81675],[-72.0381,6.81796],[-72.03811,6.81847],[-72.03736,6.82109],[-72.0358,6.82384],[-72.03551,6.82577],[-72.03482,6.82728],[-72.03455,6.8297],[-72.03163,6.83348],[-72.02997,6.83814],[-72.02744,6.84341],[-72.02323,6.85008],[-72.02162,6.85524],[-72.01807,6.86086],[-72.01698,6.8644],[-72.0175,6.86837],[-72.01588,6.87207],[-72.01433,6.87384],[-72.01362,6.87644],[-72.01245,6.87864],[-72.01146,6.87994],[-72.00943,6.88141],[-72.00868,6.88552],[-72.00809,6.88708],[-72.0046,6.89126],[-72.00398,6.89411],[-72.00301,6.89657],[-72.00173,6.89879],[-71.99934,6.90438],[-71.99657,6.90894],[-71.99614,6.91094],[-71.99551,6.91213],[-71.99535,6.91565],[-71.99416,6.921],[-71.9935,6.92796],[-71.99186,6.93169],[-71.99079,6.93246],[-71.98985,6.93458],[-71.98775,6.93785],[-71.98761,6.93875],[-71.98791,6.9399],[-71.98736,6.94049],[-71.98669,6.94259],[-71.98592,6.94348],[-71.98562,6.94462],[-71.98444,6.94625],[-71.98394,6.94873],[-71.97981,6.95653],[-71.9784,6.96122],[-71.97777,6.96514],[-71.97719,6.96585],[-71.97662,6.96804],[-71.97546,6.96971],[-71.97482,6.97164],[-71.972,6.97563],[-71.97104,6.97762],[-71.96905,6.97942],[-71.96578,6.98361],[-71.96565,6.9856],[-71.96527,6.98643],[-71.9627,6.98837],[-71.96187,6.98965],[-71.96085,6.9939],[-71.96079,6.99537],[-71.95957,6.99717],[-71.95951,6.9982],[-71.96041,6.99942],[-71.96054,7.00012],[-71.96016,7.00161],[-71.95726,7.00328],[-71.95546,7.00535],[-71.95221,7.00663],[-71.9499,7.00902],[-71.94885,7.01132],[-71.95044,7.01291],[-71.96176,7.01469],[-71.96561,7.01559],[-71.97786,7.021],[-71.98216,7.0237],[-71.99078,7.0264],[-71.99553,7.02707],[-71.99961,7.02842],[-72.00323,7.0291],[-72.00573,7.0318],[-72.00959,7.03338],[-72.01298,7.03405],[-72.01728,7.03359],[-72.02091,7.03585],[-72.02386,7.03584],[-72.02952,7.0347],[-72.03541,7.03536],[-72.04085,7.03807],[-72.04681,7.03917],[-72.0476,7.03818],[-72.04953,7.03686],[-72.05094,7.03648],[-72.0558,7.03693],[-72.05925,7.03844],[-72.06007,7.03945],[-72.06208,7.04014],[-72.06358,7.04105],[-72.06874,7.04254],[-72.07569,7.04537],[-72.07792,7.04538],[-72.07964,7.04477],[-72.08141,7.04388],[-72.08508,7.04107],[-72.09163,7.0378],[-72.10252,7.03546],[-72.10744,7.03271],[-72.10928,7.03233],[-72.11141,7.03234],[-72.11316,7.03242],[-72.11603,7.0332],[-72.11734,7.03308],[-72.11874,7.03199],[-72.12043,7.02841],[-72.12141,7.02772],[-72.12213,7.02767],[-72.12313,7.02811],[-72.12532,7.03018],[-72.12633,7.03056],[-72.12815,7.03052],[-72.12961,7.03003],[-72.13179,7.03016],[-72.13265,7.03054],[-72.1351,7.03312],[-72.13694,7.03393],[-72.14485,7.03566],[-72.14917,7.03492],[-72.15306,7.03505],[-72.15414,7.03576],[-72.15475,7.03659],[-72.15462,7.03996],[-72.15546,7.04129],[-72.15675,7.04196],[-72.15892,7.04161],[-72.15954,7.04174],[-72.15994,7.04215],[-72.15996,7.04341],[-72.15928,7.04627],[-72.15976,7.04726],[-72.16182,7.0479],[-72.16357,7.04788],[-72.16626,7.0492],[-72.16756,7.04949],[-72.16875,7.0505],[-72.17225,7.05176],[-72.17474,7.05438],[-72.17634,7.05554],[-72.17801,7.05527],[-72.18108,7.05283],[-72.1826,7.05252],[-72.18399,7.05279],[-72.18475,7.05391],[-72.18544,7.05404],[-72.18702,7.05299],[-72.18845,7.05141],[-72.19043,7.04756],[-72.19174,7.04628],[-72.19279,7.0459],[-72.1948,7.04568],[-72.19633,7.04488],[-72.19725,7.04278],[-72.19966,7.04119],[-72.1998,7.03932],[-72.19906,7.03735],[-72.1987,7.0355],[-72.19895,7.03281],[-72.20229,7.02727],[-72.20288,7.02646],[-72.20452,7.02522],[-72.20532,7.02424],[-72.20574,7.02322],[-72.2058,7.02088],[-72.20521,7.01775],[-72.20469,7.01651],[-72.20438,7.01193],[-72.20375,7.01136],[-72.20226,7.01162],[-72.20158,7.01139],[-72.20117,7.01092],[-72.20067,7.0099],[-72.20049,7.00861],[-72.20097,7.00669],[-72.20249,7.0055],[-72.20487,7.00415],[-72.20805,7.00423],[-72.20905,7.00399],[-72.21291,7.00114],[-72.21541,6.99799],[-72.21646,6.99485],[-72.21813,6.99196],[-72.21867,6.99139],[-72.2204,6.99039],[-72.22033,6.98636],[-72.22084,6.98575],[-72.22469,6.9847],[-72.22795,6.9832],[-72.22925,6.98299],[-72.23066,6.98323],[-72.23181,6.98306],[-72.23297,6.98193],[-72.2341,6.97926],[-72.23792,6.97971],[-72.23956,6.97951],[-72.24067,6.97899],[-72.24246,6.97752],[-72.24471,6.97702],[-72.24858,6.98018],[-72.25176,6.98111],[-72.25446,6.98284],[-72.25542,6.98398],[-72.25562,6.98495],[-72.25501,6.98996],[-72.25452,6.99169],[-72.25366,6.99297],[-72.25337,6.99585],[-72.25272,6.99821],[-72.25289,7.00067],[-72.25269,7.00148],[-72.25115,7.00375],[-72.25091,7.00448],[-72.25117,7.0062],[-72.25251,7.00748],[-72.25745,7.00942],[-72.26084,7.01021],[-72.2672,7.0096],[-72.26781,7.00973],[-72.26928,7.01026],[-72.27016,7.0109],[-72.27151,7.01283],[-72.27328,7.01223],[-72.27407,7.01232],[-72.27511,7.01287],[-72.27652,7.01279],[-72.28143,7.01006],[-72.28286,7.0085],[-72.28397,7.00547],[-72.28515,7.00322],[-72.28636,7.00222],[-72.28684,6.99955],[-72.28966,6.99665],[-72.29143,6.99434],[-72.29263,6.99147],[-72.29371,6.98985],[-72.29459,6.98454],[-72.29564,6.98243],[-72.29683,6.97905],[-72.29867,6.97616],[-72.29972,6.97315],[-72.30058,6.97158],[-72.30162,6.9704],[-72.30183,6.96971],[-72.302,6.96873],[-72.30146,6.9661],[-72.30145,6.9644],[-72.30292,6.96264],[-72.30343,6.95833],[-72.30422,6.95549],[-72.30562,6.95465],[-72.30608,6.95394],[-72.3062,6.9531],[-72.30575,6.95126],[-72.30601,6.95046],[-72.30593,6.94943],[-72.30752,6.9473],[-72.3079,6.94389],[-72.3087,6.94213],[-72.3098,6.9403],[-72.31126,6.93919],[-72.31155,6.93776],[-72.31199,6.93727],[-72.31291,6.93481],[-72.31343,6.93223],[-72.31584,6.93107],[-72.31696,6.92931],[-72.31831,6.929],[-72.31889,6.92857],[-72.3214,6.92331],[-72.32382,6.92301],[-72.32511,6.92236],[-72.32628,6.92129],[-72.32781,6.91844],[-72.33008,6.91542],[-72.33184,6.91519],[-72.33234,6.91479],[-72.33535,6.91162],[-72.33673,6.90923],[-72.33764,6.90817],[-72.34172,6.90593],[-72.34382,6.90338],[-72.34541,6.90238],[-72.34686,6.90205],[-72.34916,6.90011],[-72.34985,6.89905],[-72.34903,6.89571],[-72.34962,6.89327],[-72.35004,6.89289],[-72.35126,6.89274],[-72.35246,6.89174],[-72.35324,6.89166],[-72.35475,6.89254],[-72.3564,6.89258],[-72.3577,6.89377],[-72.35854,6.8941],[-72.36032,6.89418],[-72.36215,6.8934],[-72.36306,6.89273],[-72.36313,6.89224],[-72.36445,6.89176],[-72.36527,6.8908],[-72.3672,6.89048],[-72.36907,6.88903],[-72.3696,6.88912],[-72.37018,6.88989],[-72.37054,6.88985],[-72.37083,6.88933],[-72.37114,6.88942],[-72.37225,6.88849],[-72.37238,6.88742],[-72.37319,6.88644],[-72.37529,6.88566],[-72.37596,6.88505],[-72.37734,6.88543],[-72.37848,6.88477],[-72.37894,6.88347],[-72.3794,6.88308],[-72.38072,6.88313],[-72.38053,6.88136],[-72.38117,6.87996],[-72.38198,6.87917],[-72.38297,6.87895],[-72.3841,6.87776],[-72.38499,6.87731],[-72.38498,6.87547],[-72.38553,6.87489],[-72.38728,6.87391],[-72.38952,6.87349],[-72.3908,6.87275],[-72.39155,6.87291],[-72.39233,6.87221],[-72.39498,6.87239],[-72.39837,6.87332],[-72.3998,6.87262],[-72.40091,6.87257],[-72.40204,6.87313],[-72.40263,6.87375],[-72.40403,6.87424],[-72.40484,6.87378],[-72.40551,6.87281],[-72.40599,6.87283],[-72.40835,6.87456],[-72.41167,6.87575],[-72.41259,6.87657],[-72.41523,6.87783],[-72.41601,6.87786],[-72.417,6.87861],[-72.41808,6.87898],[-72.41961,6.88037],[-72.42055,6.88035],[-72.42248,6.88164],[-72.42346,6.8816],[-72.42496,6.88075],[-72.42622,6.88191],[-72.42901,6.88141],[-72.42965,6.88229],[-72.43058,6.88295],[-72.43229,6.8829],[-72.43323,6.88484],[-72.43448,6.88505],[-72.43631,6.88618],[-72.4381,6.88621],[-72.43853,6.88643],[-72.43989,6.89131],[-72.44051,6.89198],[-72.44367,6.89197],[-72.44464,6.89261],[-72.44514,6.89346],[-72.44607,6.89421],[-72.4467,6.89438],[-72.44797,6.8938],[-72.45236,6.89556],[-72.45281,6.89723],[-72.45343,6.89772],[-72.45519,6.89811],[-72.45733,6.89821],[-72.46004,6.90066],[-72.46068,6.90083],[-72.46206,6.90063],[-72.4646,6.90169],[-72.46607,6.90402],[-72.4696,6.90779],[-72.46986,6.90837],[-72.47119,6.90932],[-72.47349,6.91217],[-72.47431,6.9128],[-72.47541,6.91307],[-72.47653,6.91459],[-72.47862,6.91548],[-72.47925,6.91607],[-72.48005,6.91811],[-72.4817,6.91897],[-72.48266,6.92024],[-72.48376,6.92077],[-72.48541,6.9222],[-72.48628,6.92334],[-72.4878,6.92452],[-72.49026,6.92483],[-72.49226,6.92432],[-72.49661,6.92152],[-72.49752,6.92021],[-72.49782,6.91859],[-72.49712,6.91692],[-72.49709,6.91605],[-72.49785,6.91497],[-72.49854,6.91459],[-72.5006,6.91224],[-72.50066,6.91119],[-72.49986,6.90965],[-72.5004,6.90874],[-72.50179,6.90824],[-72.50294,6.90816],[-72.5018,6.90685],[-72.50088,6.90428],[-72.4993,6.90219],[-72.49893,6.90134],[-72.4977,6.90002],[-72.4964,6.89646],[-72.49734,6.89204],[-72.49702,6.88926],[-72.49651,6.88768],[-72.49659,6.88578],[-72.4978,6.88537],[-72.50027,6.88321],[-72.50177,6.88265],[-72.50255,6.8819],[-72.50158,6.87819],[-72.50153,6.87729],[-72.50184,6.87665],[-72.50157,6.87425],[-72.50062,6.87123],[-72.4983,6.86775],[-72.49551,6.86712],[-72.49392,6.8673],[-72.49297,6.86707],[-72.49166,6.86654],[-72.49062,6.86551],[-72.48957,6.86302],[-72.48834,6.85672],[-72.48864,6.8556],[-72.48858,6.8544],[-72.48714,6.85266],[-72.48347,6.85105],[-72.48354,6.84739],[-72.48198,6.84546],[-72.47871,6.84275],[-72.47706,6.8422],[-72.47586,6.84374],[-72.47248,6.84566],[-72.4708,6.84595],[-72.46879,6.84601],[-72.46507,6.84382],[-72.46283,6.84394],[-72.4619,6.84456],[-72.46098,6.84561],[-72.4606,6.84693],[-72.45887,6.84902],[-72.45759,6.84998],[-72.45591,6.85083],[-72.45193,6.85134],[-72.44512,6.85084],[-72.44106,6.84873],[-72.43988,6.84864],[-72.43888,6.84891],[-72.43785,6.8487],[-72.43517,6.84672],[-72.43,6.8454],[-72.42851,6.84578],[-72.42761,6.84678],[-72.42566,6.84803],[-72.42347,6.84895],[-72.42235,6.84838],[-72.42124,6.84689],[-72.41988,6.84585],[-72.41684,6.8452],[-72.41377,6.84391],[-72.41209,6.84266],[-72.40988,6.84037],[-72.40755,6.84001],[-72.40518,6.84153],[-72.40094,6.84175],[-72.39908,6.8425],[-72.39621,6.84041],[-72.3949,6.84001],[-72.39293,6.84011],[-72.39015,6.83905],[-72.38724,6.84016],[-72.3806,6.8415],[-72.37812,6.84126],[-72.37718,6.84063],[-72.37664,6.83986],[-72.3758,6.83985],[-72.37426,6.83918],[-72.37285,6.83928],[-72.37125,6.83977],[-72.37004,6.84109],[-72.36854,6.84193],[-72.36698,6.8415],[-72.36614,6.84167],[-72.36503,6.84139],[-72.36389,6.84162],[-72.36314,6.84336],[-72.36034,6.84423],[-72.3595,6.84561],[-72.3584,6.84867],[-72.35608,6.84843],[-72.35354,6.8487],[-72.35103,6.84991],[-72.35004,6.84992],[-72.34835,6.84908],[-72.34462,6.84881],[-72.34145,6.84709],[-72.34049,6.84625],[-72.3401,6.84523],[-72.34022,6.84454],[-72.34091,6.84342],[-72.34064,6.84],[-72.34123,6.83839],[-72.3412,6.83753],[-72.34051,6.83651],[-72.34096,6.83491],[-72.34078,6.83256],[-72.34024,6.83157],[-72.34088,6.82998],[-72.33967,6.82698],[-72.33849,6.82563],[-72.33818,6.82449],[-72.33665,6.82408],[-72.33331,6.82378],[-72.33244,6.82279],[-72.33027,6.82145],[-72.33001,6.82005],[-72.32817,6.81781],[-72.32466,6.81682],[-72.3184,6.81575],[-72.31709,6.81454],[-72.31661,6.81361],[-72.31639,6.81134],[-72.3133,6.8061],[-72.31214,6.80291],[-72.31144,6.7982],[-72.3097,6.79548],[-72.30875,6.79476],[-72.3087,6.79364],[-72.30793,6.79186],[-72.30673,6.79067],[-72.30506,6.78972],[-72.30179,6.7889],[-72.30059,6.7883],[-72.29655,6.78506],[-72.29552,6.78112],[-72.29524,6.77696],[-72.29456,6.77261],[-72.29362,6.76831],[-72.29227,6.76495],[-72.29298,6.76481],[-72.29239,6.76211],[-72.2929,6.7616],[-72.29439,6.76117],[-72.29684,6.76165],[-72.2981,6.76147],[-72.30044,6.76176],[-72.30186,6.76146],[-72.30608,6.75977],[-72.30698,6.75886],[-72.30384,6.75622],[-72.30198,6.7541],[-72.29956,6.74995],[-72.29927,6.74892],[-72.2999,6.74847],[-72.30007,6.74745],[-72.29924,6.74623],[-72.29947,6.74506],[-72.29937,6.74305],[-72.29902,6.74187],[-72.29814,6.74124],[-72.29764,6.74027],[-72.29666,6.73719],[-72.29652,6.73408],[-72.29736,6.73302],[-72.29718,6.73182],[-72.29745,6.73113],[-72.29708,6.72985],[-72.29583,6.72767],[-72.29575,6.72668],[-72.29659,6.72515],[-72.29653,6.72458],[-72.29728,6.724],[-72.29716,6.72301],[-72.29767,6.72123],[-72.29843,6.71996],[-72.29911,6.71946],[-72.29875,6.71805],[-72.29949,6.7165],[-72.29826,6.71647],[-72.29761,6.71609],[-72.29448,6.71529],[-72.29268,6.71418],[-72.29165,6.71299],[-72.29088,6.70947],[-72.28958,6.70679],[-72.28843,6.70511],[-72.28847,6.70404],[-72.28778,6.70086],[-72.2882,6.69617],[-72.28773,6.69572],[-72.28464,6.69508],[-72.2818,6.69553],[-72.28112,6.69596],[-72.28051,6.69686],[-72.27594,6.69814],[-72.26931,6.70273],[-72.26719,6.70341],[-72.26363,6.70383],[-72.26305,6.70411],[-72.26115,6.70685],[-72.26001,6.70745],[-72.25857,6.70713],[-72.25697,6.70537],[-72.25414,6.70371],[-72.25313,6.70359],[-72.25167,6.70407],[-72.25085,6.70407],[-72.24931,6.70214],[-72.24877,6.70191],[-72.24784,6.70205],[-72.24604,6.70416],[-72.24513,6.70464],[-72.24361,6.70456],[-72.24125,6.70387],[-72.23855,6.70007],[-72.23317,6.69642],[-72.23212,6.69618],[-72.23174,6.6965],[-72.23146,6.69794],[-72.23181,6.70528],[-72.23164,6.70664],[-72.23126,6.70841],[-72.22957,6.71164],[-72.22921,6.71515],[-72.22708,6.72191],[-72.22675,6.72576],[-72.225,6.72695],[-72.22259,6.72776],[-72.22189,6.7277],[-72.21944,6.72658],[-72.21842,6.72695],[-72.21722,6.72786],[-72.21476,6.72816],[-72.21367,6.7294],[-72.21303,6.7308],[-72.21291,6.73141],[-72.21345,6.73361],[-72.21302,6.73685],[-72.21241,6.7382],[-72.21124,6.73884],[-72.21017,6.73898],[-72.20608,6.73742],[-72.20405,6.73784],[-72.20299,6.73899],[-72.2017,6.73948],[-72.20097,6.74023],[-72.19984,6.74336],[-72.19896,6.74409],[-72.19689,6.74301],[-72.19614,6.74311],[-72.19268,6.7446],[-72.19148,6.74301],[-72.19038,6.74203],[-72.18886,6.74132],[-72.18679,6.74076],[-72.17913,6.74145],[-72.17777,6.74239],[-72.17547,6.74557],[-72.17255,6.74703],[-72.17093,6.74747],[-72.16919,6.74726],[-72.16717,6.74639],[-72.16377,6.7467],[-72.1625,6.74722],[-72.16158,6.74878],[-72.15937,6.7488],[-72.15647,6.74968],[-72.15462,6.75087],[-72.15158,6.75462],[-72.14658,6.75546],[-72.1455,6.75592],[-72.14422,6.75692],[-72.14274,6.75744],[-72.14243,6.75771],[-72.14181,6.76023],[-72.1404,6.7633],[-72.13859,6.76175],[-72.13685,6.75939],[-72.135,6.75605],[-72.1333,6.75424],[-72.13049,6.75188],[-72.12844,6.74737],[-72.12619,6.74457],[-72.12527,6.74385],[-72.12236,6.74293],[-72.12065,6.74153],[-72.11881,6.74126],[-72.11321,6.73945],[-72.11256,6.74006],[-72.10945,6.74583],[-72.10665,6.7473],[-72.10563,6.7485],[-72.10013,6.74647]]]}},{"type":"Feature","properties":{"PROVINCIA":"Gutiérrez","N_MUNICIPIOS":6},"geometry":{"type":"Polygon","coordinates":[[[-72.31565,6.35752],[-72.31656,6.35519],[-72.31645,6.35227],[-72.31557,6.35082],[-72.31631,6.3488],[-72.31633,6.34807],[-72.31531,6.34425],[-72.31667,6.34357],[-72.31722,6.34185],[-72.31839,6.33981],[-72.3183,6.33778],[-72.31704,6.33594],[-72.31699,6.33485],[-72.32032,6.33392],[-72.32093,6.33332],[-72.32165,6.33184],[-72.32297,6.33213],[-72.32412,6.33433],[-72.32557,6.33566],[-72.32824,6.33646],[-72.32971,6.33722],[-72.33267,6.33733],[-72.33395,6.3378],[-72.33585,6.34128],[-72.33798,6.34399],[-72.33854,6.34555],[-72.33962,6.34611],[-72.34136,6.34585],[-72.34489,6.34473],[-72.34807,6.34491],[-72.35191,6.34465],[-72.35402,6.34354],[-72.35639,6.34028],[-72.35725,6.33601],[-72.36028,6.33152],[-72.36307,6.32653],[-72.36492,6.32461],[-72.36873,6.32226],[-72.37036,6.32062],[-72.37135,6.31915],[-72.37164,6.3168],[-72.37281,6.3153],[-72.3735,6.31367],[-72.37356,6.31305],[-72.37236,6.31134],[-72.37308,6.30959],[-72.37317,6.30798],[-72.37376,6.30656],[-72.37615,6.30305],[-72.37768,6.2963],[-72.37892,6.29312],[-72.38572,6.28689],[-72.38772,6.28401],[-72.39001,6.28265],[-72.39046,6.28213],[-72.39373,6.27659],[-72.39555,6.27504],[-72.39615,6.27416],[-72.39651,6.27227],[-72.39943,6.27049],[-72.40087,6.27046],[-72.40188,6.27091],[-72.4043,6.27305],[-72.40851,6.27314],[-72.41017,6.27386],[-72.41242,6.27437],[-72.41493,6.27611],[-72.41879,6.27722],[-72.42035,6.27871],[-72.42297,6.27829],[-72.42478,6.27867],[-72.42902,6.28123],[-72.43282,6.28494],[-72.43476,6.28607],[-72.43574,6.28614],[-72.43702,6.28567],[-72.43786,6.28502],[-72.43971,6.28274],[-72.44017,6.28298],[-72.44434,6.28674],[-72.44551,6.28865],[-72.4472,6.29062],[-72.44818,6.29313],[-72.44932,6.29502],[-72.45364,6.29965],[-72.45242,6.30397],[-72.4554,6.3036],[-72.463,6.30421],[-72.46442,6.30405],[-72.46806,6.30547],[-72.47281,6.30586],[-72.4822,6.3034],[-72.48353,6.30265],[-72.48541,6.29982],[-72.48778,6.29838],[-72.48817,6.29729],[-72.48817,6.29545],[-72.48891,6.29547],[-72.48905,6.29481],[-72.48981,6.2951],[-72.49062,6.29379],[-72.49202,6.2936],[-72.49397,6.29253],[-72.49556,6.29124],[-72.49583,6.29083],[-72.49581,6.28956],[-72.49623,6.28845],[-72.49602,6.2871],[-72.49889,6.29271],[-72.49897,6.294],[-72.49849,6.29676],[-72.50045,6.30064],[-72.50068,6.30574],[-72.50422,6.30887],[-72.50574,6.30963],[-72.51054,6.31119],[-72.51125,6.31204],[-72.51118,6.31282],[-72.51036,6.31378],[-72.50957,6.31546],[-72.5096,6.31761],[-72.51019,6.31858],[-72.51046,6.32037],[-72.51176,6.32163],[-72.51103,6.32413],[-72.51099,6.32514],[-72.51276,6.32916],[-72.51249,6.32999],[-72.51051,6.33174],[-72.51048,6.33245],[-72.51088,6.33322],[-72.51261,6.33459],[-72.51375,6.33651],[-72.51504,6.34085],[-72.51628,6.34657],[-72.51775,6.34925],[-72.5158,6.35133],[-72.51422,6.35425],[-72.51215,6.35626],[-72.51067,6.35685],[-72.51029,6.3574],[-72.51023,6.35949],[-72.50915,6.36199],[-72.50801,6.36618],[-72.50846,6.36778],[-72.50867,6.36987],[-72.50729,6.3694],[-72.50562,6.36807],[-72.50184,6.36733],[-72.49728,6.36805],[-72.49531,6.36878],[-72.4939,6.36861],[-72.49306,6.36902],[-72.49106,6.36911],[-72.48907,6.3704],[-72.48629,6.37157],[-72.48494,6.37152],[-72.48254,6.37217],[-72.47795,6.37405],[-72.47835,6.37498],[-72.47898,6.37557],[-72.48131,6.37687],[-72.48225,6.38121],[-72.48336,6.38376],[-72.48418,6.38501],[-72.48515,6.38764],[-72.48547,6.39085],[-72.48657,6.39149],[-72.4868,6.39312],[-72.48749,6.39407],[-72.48838,6.39451],[-72.4899,6.3945],[-72.49056,6.39516],[-72.49218,6.39841],[-72.49378,6.39881],[-72.49679,6.40082],[-72.4967,6.40266],[-72.50097,6.40279],[-72.50143,6.40236],[-72.50151,6.40166],[-72.50048,6.39988],[-72.50047,6.39848],[-72.50219,6.39773],[-72.50374,6.39805],[-72.50571,6.39928],[-72.50872,6.40181],[-72.51024,6.40212],[-72.51106,6.4028],[-72.51256,6.40534],[-72.51705,6.41017],[-72.51756,6.41033],[-72.5191,6.40978],[-72.52095,6.4105],[-72.52322,6.41066],[-72.52419,6.41103],[-72.52584,6.41283],[-72.52875,6.41794],[-72.52982,6.4191],[-72.53103,6.41993],[-72.53334,6.42053],[-72.53507,6.42068],[-72.53777,6.42322],[-72.54059,6.42401],[-72.54297,6.42529],[-72.54681,6.42583],[-72.54787,6.42563],[-72.54812,6.42655],[-72.54814,6.42913],[-72.54882,6.43075],[-72.54897,6.43219],[-72.55026,6.43614],[-72.55128,6.43851],[-72.55269,6.44076],[-72.55514,6.4429],[-72.55646,6.44494],[-72.55544,6.44828],[-72.55565,6.44944],[-72.55525,6.45072],[-72.5556,6.45176],[-72.5548,6.45346],[-72.55469,6.45488],[-72.55493,6.45526],[-72.55436,6.45652],[-72.55507,6.45647],[-72.55346,6.45961],[-72.55318,6.46061],[-72.55369,6.46311],[-72.55274,6.46625],[-72.55289,6.46768],[-72.55341,6.46876],[-72.55342,6.46995],[-72.55325,6.47018],[-72.55284,6.47011],[-72.54993,6.47305],[-72.54957,6.47383],[-72.54906,6.47721],[-72.54865,6.47796],[-72.54788,6.4785],[-72.54745,6.47936],[-72.54792,6.48033],[-72.54786,6.48407],[-72.54833,6.4871],[-72.54745,6.48686],[-72.54553,6.48804],[-72.54381,6.4877],[-72.54221,6.48883],[-72.54099,6.48823],[-72.53924,6.48797],[-72.53899,6.48883],[-72.53781,6.49023],[-72.5376,6.49137],[-72.53664,6.492],[-72.53624,6.4927],[-72.53544,6.49307],[-72.53455,6.49426],[-72.53438,6.49605],[-72.53627,6.49691],[-72.5384,6.49905],[-72.54102,6.50062],[-72.5434,6.50163],[-72.54462,6.50298],[-72.54504,6.50423],[-72.54548,6.50909],[-72.54465,6.51302],[-72.54481,6.51485],[-72.54615,6.51829],[-72.54668,6.51906],[-72.54755,6.51987],[-72.54906,6.5206],[-72.54947,6.52147],[-72.54922,6.52295],[-72.54785,6.52517],[-72.54732,6.52718],[-72.54315,6.53127],[-72.54311,6.534],[-72.54247,6.53512],[-72.54077,6.53712],[-72.53947,6.53807],[-72.53841,6.53835],[-72.53632,6.54042],[-72.53651,6.54287],[-72.53708,6.54455],[-72.53668,6.54914],[-72.53674,6.55184],[-72.53725,6.5541],[-72.53948,6.55705],[-72.54053,6.55998],[-72.54232,6.56107],[-72.54465,6.56369],[-72.54562,6.56583],[-72.54591,6.56715],[-72.54573,6.56853],[-72.54528,6.56986],[-72.54327,6.57358],[-72.54254,6.57603],[-72.5423,6.57958],[-72.54292,6.58197],[-72.54174,6.58425],[-72.53984,6.5864],[-72.53821,6.58735],[-72.53768,6.58875],[-72.53608,6.58936],[-72.53231,6.59019],[-72.53105,6.59097],[-72.52705,6.59163],[-72.52563,6.59507],[-72.52587,6.59568],[-72.5255,6.59741],[-72.52194,6.60164],[-72.52096,6.60327],[-72.52046,6.60426],[-72.52071,6.60986],[-72.51997,6.61269],[-72.51998,6.61731],[-72.51958,6.61884],[-72.51884,6.6201],[-72.51565,6.62371],[-72.51352,6.62739],[-72.50983,6.63015],[-72.50653,6.63162],[-72.50286,6.63214],[-72.49703,6.63389],[-72.49672,6.63467],[-72.49689,6.63545],[-72.49843,6.63776],[-72.4986,6.63861],[-72.49843,6.63959],[-72.49433,6.64359],[-72.49196,6.64499],[-72.49155,6.6456],[-72.49149,6.64696],[-72.49177,6.649],[-72.49245,6.65056],[-72.48872,6.6523],[-72.48716,6.65332],[-72.48621,6.65448],[-72.4857,6.65639],[-72.4855,6.65853],[-72.48588,6.66002],[-72.48662,6.6695],[-72.48649,6.67012],[-72.48578,6.67103],[-72.48548,6.67216],[-72.48665,6.67427],[-72.48756,6.67662],[-72.48965,6.67908],[-72.49103,6.68118],[-72.49111,6.68183],[-72.49086,6.68278],[-72.48892,6.68531],[-72.4878,6.6883],[-72.4869,6.68939],[-72.48486,6.69528],[-72.48546,6.6988],[-72.48485,6.70075],[-72.48471,6.70257],[-72.48511,6.7035],[-72.4868,6.70545],[-72.48738,6.70661],[-72.48718,6.71044],[-72.48687,6.71153],[-72.48788,6.71462],[-72.48804,6.71615],[-72.49185,6.71885],[-72.49256,6.71956],[-72.49331,6.72144],[-72.49545,6.72271],[-72.49728,6.72427],[-72.49797,6.72524],[-72.49875,6.72711],[-72.49889,6.72826],[-72.4987,6.72969],[-72.49902,6.73226],[-72.49878,6.7346],[-72.49781,6.73583],[-72.4957,6.73633],[-72.49386,6.73623],[-72.49222,6.73702],[-72.48755,6.74365],[-72.48828,6.74528],[-72.48877,6.74733],[-72.4887,6.74881],[-72.48981,6.75142],[-72.48968,6.75398],[-72.49085,6.75964],[-72.49515,6.76359],[-72.49639,6.76397],[-72.49731,6.76375],[-72.49786,6.76431],[-72.49858,6.76438],[-72.49788,6.76555],[-72.49749,6.767],[-72.49664,6.77287],[-72.49707,6.77509],[-72.49576,6.77893],[-72.49577,6.78154],[-72.49548,6.78288],[-72.49597,6.78362],[-72.49671,6.7862],[-72.49653,6.78875],[-72.49578,6.78995],[-72.49576,6.79038],[-72.49698,6.79122],[-72.49829,6.79266],[-72.49824,6.7938],[-72.49889,6.79524],[-72.49851,6.7984],[-72.49203,6.80243],[-72.49074,6.80537],[-72.48923,6.80672],[-72.48828,6.80733],[-72.48653,6.80789],[-72.48404,6.80814],[-72.48385,6.80997],[-72.48253,6.81166],[-72.48251,6.81227],[-72.48417,6.81687],[-72.48435,6.81852],[-72.48363,6.82148],[-72.48266,6.82401],[-72.4819,6.82462],[-72.48065,6.82927],[-72.47884,6.83312],[-72.47798,6.8343],[-72.47777,6.83553],[-72.47802,6.83974],[-72.47706,6.8422],[-72.47586,6.84374],[-72.47248,6.84566],[-72.4708,6.84595],[-72.46879,6.84601],[-72.46507,6.84382],[-72.46283,6.84394],[-72.4619,6.84456],[-72.46098,6.84561],[-72.4606,6.84693],[-72.45887,6.84902],[-72.45759,6.84998],[-72.45591,6.85083],[-72.45193,6.85134],[-72.44512,6.85084],[-72.44106,6.84873],[-72.43988,6.84864],[-72.43888,6.84891],[-72.43785,6.8487],[-72.43517,6.84672],[-72.43,6.8454],[-72.42851,6.84578],[-72.42761,6.84678],[-72.42566,6.84803],[-72.42347,6.84895],[-72.42235,6.84838],[-72.42124,6.84689],[-72.41988,6.84585],[-72.41684,6.8452],[-72.41377,6.84391],[-72.41209,6.84266],[-72.40988,6.84037],[-72.40755,6.84001],[-72.40518,6.84153],[-72.40094,6.84175],[-72.39908,6.8425],[-72.39621,6.84041],[-72.3949,6.84001],[-72.39293,6.84011],[-72.39015,6.83905],[-72.38724,6.84016],[-72.3806,6.8415],[-72.37812,6.84126],[-72.37718,6.84063],[-72.37664,6.83986],[-72.3758,6.83985],[-72.37426,6.83918],[-72.37285,6.83928],[-72.37125,6.83977],[-72.37004,6.84109],[-72.36854,6.84193],[-72.36698,6.8415],[-72.36614,6.84167],[-72.36503,6.84139],[-72.36389,6.84162],[-72.36314,6.84336],[-72.36034,6.84423],[-72.3595,6.84561],[-72.3584,6.84867],[-72.35608,6.84843],[-72.35354,6.8487],[-72.35103,6.84991],[-72.35004,6.84992],[-72.34835,6.84908],[-72.34462,6.84881],[-72.34145,6.84709],[-72.34049,6.84625],[-72.3401,6.84523],[-72.34022,6.84454],[-72.34091,6.84342],[-72.34064,6.84],[-72.34123,6.83839],[-72.3412,6.83753],[-72.34051,6.83651],[-72.34096,6.83491],[-72.34078,6.83256],[-72.34024,6.83157],[-72.34088,6.82998],[-72.33967,6.82698],[-72.33849,6.82563],[-72.33818,6.82449],[-72.33665,6.82408],[-72.33331,6.82378],[-72.33244,6.82279],[-72.33027,6.82145],[-72.33001,6.82005],[-72.32817,6.81781],[-72.32466,6.81682],[-72.3184,6.81575],[-72.31709,6.81454],[-72.31661,6.81361],[-72.31639,6.81134],[-72.3133,6.8061],[-72.31214,6.80291],[-72.31144,6.7982],[-72.3097,6.79548],[-72.30875,6.79476],[-72.3087,6.79364],[-72.30793,6.79186],[-72.30673,6.79067],[-72.30506,6.78972],[-72.30179,6.7889],[-72.30059,6.7883],[-72.29655,6.78506],[-72.29552,6.78112],[-72.29524,6.77696],[-72.29456,6.77261],[-72.29362,6.76831],[-72.29227,6.76495],[-72.29298,6.76481],[-72.29239,6.76211],[-72.2929,6.7616],[-72.29439,6.76117],[-72.29684,6.76165],[-72.2981,6.76147],[-72.30044,6.76176],[-72.30186,6.76146],[-72.30608,6.75977],[-72.30698,6.75886],[-72.30384,6.75622],[-72.30198,6.7541],[-72.29956,6.74995],[-72.29927,6.74892],[-72.2999,6.74847],[-72.30007,6.74745],[-72.29924,6.74623],[-72.29947,6.74506],[-72.29937,6.74305],[-72.29902,6.74187],[-72.29814,6.74124],[-72.29764,6.74027],[-72.29666,6.73719],[-72.29652,6.73408],[-72.29736,6.73302],[-72.29718,6.73182],[-72.29745,6.73113],[-72.29708,6.72985],[-72.29583,6.72767],[-72.29575,6.72668],[-72.29659,6.72515],[-72.29653,6.72458],[-72.29728,6.724],[-72.29716,6.72301],[-72.29767,6.72123],[-72.29843,6.71996],[-72.29911,6.71946],[-72.29875,6.71805],[-72.29949,6.7165],[-72.29826,6.71647],[-72.29761,6.71609],[-72.29448,6.71529],[-72.29268,6.71418],[-72.29165,6.71299],[-72.29088,6.70947],[-72.28958,6.70679],[-72.28843,6.70511],[-72.28847,6.70404],[-72.28778,6.70086],[-72.2882,6.69617],[-72.28773,6.69572],[-72.28464,6.69508],[-72.2818,6.69553],[-72.28112,6.69596],[-72.28051,6.69686],[-72.27594,6.69814],[-72.26931,6.70273],[-72.26719,6.70341],[-72.26363,6.70383],[-72.26305,6.70411],[-72.26115,6.70685],[-72.26001,6.70745],[-72.25857,6.70713],[-72.25697,6.70537],[-72.25414,6.70371],[-72.25313,6.70359],[-72.25167,6.70407],[-72.25085,6.70407],[-72.24931,6.70214],[-72.24877,6.70191],[-72.24784,6.70205],[-72.24604,6.70416],[-72.24513,6.70464],[-72.24361,6.70456],[-72.24125,6.70387],[-72.23855,6.70007],[-72.23317,6.69642],[-72.23212,6.69618],[-72.23174,6.6965],[-72.23146,6.69794],[-72.23181,6.70528],[-72.23164,6.70664],[-72.23126,6.70841],[-72.22957,6.71164],[-72.22921,6.71515],[-72.22708,6.72191],[-72.22675,6.72576],[-72.225,6.72695],[-72.22259,6.72776],[-72.22189,6.7277],[-72.21944,6.72658],[-72.21842,6.72695],[-72.21722,6.72786],[-72.21476,6.72816],[-72.21367,6.7294],[-72.21303,6.7308],[-72.21291,6.73141],[-72.21345,6.73361],[-72.21302,6.73685],[-72.21241,6.7382],[-72.21124,6.73884],[-72.21017,6.73898],[-72.20608,6.73742],[-72.20405,6.73784],[-72.20299,6.73899],[-72.2017,6.73948],[-72.20097,6.74023],[-72.19984,6.74336],[-72.19896,6.74409],[-72.19689,6.74301],[-72.19614,6.74311],[-72.19268,6.7446],[-72.19148,6.74301],[-72.19038,6.74203],[-72.18886,6.74132],[-72.18679,6.74076],[-72.17913,6.74145],[-72.17777,6.74239],[-72.17547,6.74557],[-72.17255,6.74703],[-72.17093,6.74747],[-72.16919,6.74726],[-72.16717,6.74639],[-72.16377,6.7467],[-72.1625,6.74722],[-72.16158,6.74878],[-72.15937,6.7488],[-72.15647,6.74968],[-72.15462,6.75087],[-72.15158,6.75462],[-72.14658,6.75546],[-72.1455,6.75592],[-72.14422,6.75692],[-72.14274,6.75744],[-72.14243,6.75771],[-72.14181,6.76023],[-72.1404,6.7633],[-72.13859,6.76175],[-72.13685,6.75939],[-72.135,6.75605],[-72.1333,6.75424],[-72.13049,6.75188],[-72.12844,6.74737],[-72.12619,6.74457],[-72.12527,6.74385],[-72.12236,6.74293],[-72.12065,6.74153],[-72.11881,6.74126],[-72.11321,6.73945],[-72.11256,6.74006],[-72.10945,6.74583],[-72.10665,6.7473],[-72.10563,6.7485],[-72.10013,6.74647],[-72.09954,6.74588],[-72.09905,6.74466],[-72.09834,6.74075],[-72.09776,6.74005],[-72.09697,6.73813],[-72.09681,6.73452],[-72.09557,6.73275],[-72.09495,6.72965],[-72.09533,6.72823],[-72.09636,6.72657],[-72.09905,6.72416],[-72.10002,6.7237],[-72.10073,6.71928],[-72.10069,6.71857],[-72.09972,6.71699],[-72.09921,6.71531],[-72.09918,6.71452],[-72.09996,6.71103],[-72.09992,6.70931],[-72.09877,6.70727],[-72.09908,6.70296],[-72.09875,6.70009],[-72.09943,6.69783],[-72.09932,6.6969],[-72.09724,6.69557],[-72.0973,6.6936],[-72.09708,6.6927],[-72.09762,6.69083],[-72.09636,6.68908],[-72.09499,6.68635],[-72.09506,6.68399],[-72.09757,6.68165],[-72.0985,6.67996],[-72.09846,6.67932],[-72.09723,6.67749],[-72.09723,6.67605],[-72.09802,6.67447],[-72.09801,6.67339],[-72.09744,6.67171],[-72.09538,6.66791],[-72.09484,6.66637],[-72.09541,6.66317],[-72.09517,6.6621],[-72.09415,6.66005],[-72.09353,6.65712],[-72.09238,6.6564],[-72.09281,6.65328],[-72.09216,6.65217],[-72.09129,6.64847],[-72.09143,6.64596],[-72.09467,6.63451],[-72.09513,6.63375],[-72.09657,6.63221],[-72.09879,6.63066],[-72.09994,6.62944],[-72.10087,6.62908],[-72.10126,6.62865],[-72.10151,6.62721],[-72.10408,6.62286],[-72.10609,6.6211],[-72.10852,6.61826],[-72.10966,6.61564],[-72.10995,6.61395],[-72.11052,6.61352],[-72.11156,6.61344],[-72.11282,6.61212],[-72.11303,6.61143],[-72.11324,6.60691],[-72.11287,6.6053],[-72.11326,6.60239],[-72.11264,6.59934],[-72.11171,6.59719],[-72.11163,6.59482],[-72.11199,6.59163],[-72.11271,6.58927],[-72.11391,6.58793],[-72.11529,6.58264],[-72.11658,6.58085],[-72.11826,6.57932],[-72.11889,6.57801],[-72.11903,6.57614],[-72.11957,6.57493],[-72.11888,6.57353],[-72.11927,6.57166],[-72.11958,6.56685],[-72.12108,6.56118],[-72.1215,6.55623],[-72.12307,6.55274],[-72.12371,6.54987],[-72.12398,6.54007],[-72.12578,6.53731],[-72.12641,6.53493],[-72.12636,6.53325],[-72.12691,6.53224],[-72.1289,6.52494],[-72.1309,6.52059],[-72.13383,6.51706],[-72.13865,6.51422],[-72.14464,6.51339],[-72.1489,6.51333],[-72.14941,6.51351],[-72.15058,6.51522],[-72.15121,6.51557],[-72.15279,6.51361],[-72.15468,6.51301],[-72.15536,6.512],[-72.15697,6.5117],[-72.1617,6.50982],[-72.16172,6.50897],[-72.1609,6.50818],[-72.1607,6.50759],[-72.16087,6.50694],[-72.16205,6.50694],[-72.16245,6.50658],[-72.16319,6.50561],[-72.16364,6.50438],[-72.16458,6.50372],[-72.16488,6.50287],[-72.16688,6.50074],[-72.16965,6.50009],[-72.17223,6.50083],[-72.17316,6.50085],[-72.17419,6.50034],[-72.17613,6.49801],[-72.17788,6.49676],[-72.17726,6.49386],[-72.17633,6.49275],[-72.17584,6.49169],[-72.17628,6.48877],[-72.1782,6.48727],[-72.17668,6.48626],[-72.17479,6.48347],[-72.1732,6.48191],[-72.17288,6.48024],[-72.174,6.47666],[-72.17384,6.47573],[-72.17342,6.47504],[-72.17521,6.47269],[-72.17624,6.47063],[-72.17627,6.46609],[-72.17456,6.46356],[-72.17475,6.46301],[-72.17832,6.46171],[-72.18098,6.45955],[-72.18164,6.45942],[-72.18502,6.4613],[-72.18912,6.46188],[-72.19037,6.46359],[-72.19378,6.46559],[-72.19567,6.46619],[-72.19719,6.46611],[-72.19839,6.46799],[-72.20209,6.46897],[-72.2029,6.4689],[-72.20511,6.46777],[-72.2081,6.46732],[-72.21011,6.46671],[-72.21111,6.46586],[-72.21299,6.46598],[-72.21375,6.46548],[-72.21445,6.46439],[-72.21456,6.46312],[-72.21428,6.46052],[-72.21366,6.45846],[-72.21543,6.4579],[-72.21688,6.45579],[-72.21697,6.45511],[-72.21684,6.45168],[-72.21729,6.4492],[-72.21711,6.44872],[-72.21536,6.44727],[-72.2153,6.44634],[-72.21673,6.44436],[-72.21707,6.44292],[-72.21881,6.43952],[-72.2189,6.43863],[-72.22129,6.4363],[-72.22172,6.43517],[-72.22277,6.43376],[-72.22484,6.43263],[-72.22599,6.43058],[-72.22767,6.42872],[-72.22924,6.42818],[-72.23161,6.42465],[-72.23262,6.42414],[-72.2329,6.42333],[-72.23508,6.42196],[-72.23594,6.42163],[-72.23767,6.42169],[-72.23836,6.42132],[-72.24055,6.42203],[-72.24182,6.42199],[-72.24597,6.42049],[-72.24795,6.42203],[-72.24899,6.4232],[-72.24888,6.42578],[-72.24802,6.42839],[-72.24815,6.42983],[-72.24974,6.43039],[-72.25252,6.43197],[-72.25333,6.43337],[-72.25424,6.43383],[-72.255,6.43487],[-72.25582,6.43519],[-72.25641,6.43669],[-72.25772,6.43752],[-72.2584,6.43845],[-72.25997,6.44183],[-72.2612,6.44238],[-72.26266,6.44225],[-72.26483,6.44309],[-72.26568,6.44304],[-72.26787,6.44158],[-72.27065,6.43825],[-72.2715,6.43658],[-72.2722,6.43212],[-72.27179,6.42783],[-72.2709,6.42559],[-72.26937,6.42304],[-72.26884,6.42133],[-72.26881,6.41917],[-72.26957,6.41866],[-72.27242,6.41926],[-72.27483,6.42079],[-72.27643,6.42252],[-72.27951,6.42104],[-72.28022,6.41987],[-72.28048,6.41777],[-72.2812,6.41695],[-72.2824,6.41629],[-72.28265,6.41564],[-72.28275,6.41137],[-72.28213,6.41046],[-72.28189,6.40936],[-72.28277,6.40797],[-72.28351,6.40591],[-72.28413,6.40509],[-72.28566,6.40444],[-72.28666,6.40341],[-72.28659,6.40262],[-72.28555,6.40062],[-72.28572,6.39999],[-72.28665,6.39881],[-72.28636,6.39692],[-72.28669,6.39608],[-72.28119,6.39364],[-72.28093,6.39049],[-72.28003,6.38855],[-72.28022,6.38734],[-72.28089,6.38626],[-72.28103,6.38316],[-72.28287,6.38042],[-72.28271,6.37938],[-72.28398,6.37843],[-72.28533,6.37816],[-72.28778,6.37815],[-72.29141,6.37715],[-72.2928,6.37566],[-72.29513,6.37459],[-72.29543,6.37352],[-72.29551,6.37005],[-72.29587,6.36931],[-72.29784,6.36729],[-72.29824,6.36498],[-72.30199,6.36257],[-72.30292,6.36172],[-72.30204,6.35964],[-72.30211,6.35927],[-72.30305,6.35883],[-72.30468,6.35902],[-72.30575,6.35858],[-72.31032,6.35823],[-72.31236,6.35775],[-72.31493,6.35798],[-72.31565,6.35752]]]}},{"type":"Feature","properties":{"PROVINCIA":"Hunza (Centro)","N_MUNICIPIOS":15},"geometry":{"type":"Polygon","coordinates":[[[-73.4161,5.44392],[-73.41642,5.44311],[-73.41728,5.44238],[-73.41756,5.44146],[-73.41874,5.44143],[-73.41962,5.44074],[-73.4212,5.44051],[-73.42531,5.43749],[-73.42613,5.43534],[-73.42748,5.43302],[-73.42895,5.43164],[-73.4311,5.42799],[-73.43239,5.42695],[-73.43368,5.42396],[-73.43434,5.42322],[-73.43548,5.42264],[-73.4404,5.41749],[-73.44092,5.41515],[-73.44106,5.41392],[-73.44082,5.41152],[-73.44107,5.409],[-73.44094,5.40782],[-73.4404,5.40703],[-73.44034,5.40638],[-73.44079,5.40479],[-73.4413,5.40448],[-73.44184,5.40461],[-73.44207,5.40413],[-73.44194,5.40209],[-73.44234,5.39979],[-73.44201,5.39787],[-73.44267,5.39563],[-73.44326,5.39491],[-73.44502,5.39419],[-73.44589,5.3927],[-73.44695,5.38802],[-73.44753,5.38679],[-73.44889,5.38626],[-73.44919,5.38516],[-73.44954,5.38485],[-73.45017,5.38529],[-73.45162,5.38738],[-73.45331,5.3867],[-73.45463,5.3856],[-73.45585,5.38352],[-73.45838,5.3808],[-73.46063,5.37757],[-73.46173,5.37756],[-73.46271,5.37836],[-73.46435,5.37843],[-73.46661,5.37893],[-73.46728,5.37878],[-73.47009,5.37659],[-73.47197,5.37321],[-73.47259,5.37262],[-73.47676,5.37008],[-73.47765,5.37009],[-73.48187,5.36883],[-73.48416,5.36901],[-73.48507,5.36884],[-73.48649,5.36766],[-73.48844,5.36686],[-73.49025,5.36505],[-73.49266,5.36345],[-73.49396,5.36176],[-73.49474,5.35979],[-73.49644,5.35892],[-73.50496,5.35233],[-73.50635,5.35014],[-73.50638,5.34926],[-73.50671,5.34872],[-73.5076,5.34764],[-73.51006,5.34556],[-73.51289,5.33959],[-73.51584,5.34188],[-73.51787,5.34213],[-73.51949,5.34412],[-73.52222,5.34573],[-73.52331,5.34456],[-73.5242,5.34455],[-73.52399,5.34364],[-73.52574,5.34244],[-73.52618,5.34154],[-73.52873,5.34289],[-73.52894,5.34245],[-73.53054,5.34277],[-73.5315,5.34202],[-73.53241,5.34251],[-73.53468,5.3424],[-73.53614,5.34182],[-73.53968,5.3412],[-73.53948,5.34079],[-73.54275,5.33881],[-73.54481,5.33606],[-73.54709,5.33392],[-73.54953,5.33243],[-73.55034,5.33141],[-73.55136,5.32938],[-73.55123,5.3287],[-73.55186,5.3272],[-73.54878,5.3244],[-73.54971,5.32304],[-73.55087,5.32025],[-73.55131,5.31798],[-73.55281,5.31467],[-73.55316,5.3122],[-73.55287,5.31016],[-73.55173,5.30809],[-73.55039,5.30644],[-73.54958,5.30446],[-73.54808,5.30326],[-73.54613,5.30076],[-73.54685,5.30007],[-73.54803,5.29964],[-73.54905,5.29883],[-73.54977,5.29778],[-73.55053,5.2981],[-73.5524,5.2979],[-73.55321,5.29699],[-73.55436,5.29677],[-73.55501,5.29746],[-73.55595,5.29772],[-73.55611,5.29884],[-73.55672,5.29958],[-73.55914,5.30002],[-73.56102,5.30124],[-73.5621,5.30119],[-73.56489,5.30379],[-73.56546,5.30406],[-73.56623,5.30401],[-73.56724,5.30466],[-73.5691,5.30357],[-73.57139,5.30356],[-73.57351,5.3024],[-73.57674,5.3016],[-73.57761,5.30162],[-73.5782,5.30207],[-73.57903,5.30226],[-73.57986,5.30308],[-73.58244,5.30395],[-73.58398,5.30501],[-73.58515,5.30479],[-73.58584,5.30492],[-73.58784,5.30614],[-73.58908,5.30745],[-73.58876,5.30772],[-73.58911,5.30865],[-73.59005,5.3098],[-73.58982,5.31002],[-73.59493,5.31469],[-73.59775,5.31784],[-73.59937,5.31881],[-73.59954,5.3194],[-73.5993,5.3219],[-73.59877,5.3234],[-73.59725,5.3255],[-73.59397,5.32915],[-73.59306,5.33073],[-73.59267,5.3334],[-73.59363,5.33697],[-73.59365,5.33784],[-73.59287,5.34018],[-73.59159,5.34191],[-73.59068,5.344],[-73.59095,5.34488],[-73.59325,5.34694],[-73.59319,5.34883],[-73.59437,5.35626],[-73.59468,5.36115],[-73.59511,5.36288],[-73.59562,5.3641],[-73.59676,5.36571],[-73.59852,5.36765],[-73.59933,5.36941],[-73.59946,5.3703],[-73.59925,5.37251],[-73.59846,5.37391],[-73.59909,5.37613],[-73.59913,5.37694],[-73.59876,5.37834],[-73.59693,5.37967],[-73.59531,5.38152],[-73.59597,5.38304],[-73.59587,5.38356],[-73.59373,5.38543],[-73.59247,5.38741],[-73.59174,5.38761],[-73.58988,5.39049],[-73.59013,5.39175],[-73.59168,5.39418],[-73.59176,5.39617],[-73.59256,5.39844],[-73.59423,5.40029],[-73.59507,5.40079],[-73.5963,5.4011],[-73.59764,5.40109],[-73.59796,5.40164],[-73.59929,5.40233],[-73.60257,5.40277],[-73.60483,5.4038],[-73.60797,5.4035],[-73.61003,5.40473],[-73.61198,5.40533],[-73.61331,5.40489],[-73.6158,5.40476],[-73.61748,5.40435],[-73.6185,5.40475],[-73.61811,5.4055],[-73.61676,5.40686],[-73.61527,5.41015],[-73.61027,5.41294],[-73.608,5.41313],[-73.60654,5.41368],[-73.60509,5.4146],[-73.60399,5.41572],[-73.60107,5.41693],[-73.59719,5.41653],[-73.59656,5.41701],[-73.59538,5.41972],[-73.59366,5.42071],[-73.59309,5.42161],[-73.59314,5.42248],[-73.59544,5.42507],[-73.59673,5.42734],[-73.60048,5.43079],[-73.60007,5.43168],[-73.5986,5.43268],[-73.59759,5.43378],[-73.5965,5.43601],[-73.59816,5.43707],[-73.59971,5.43857],[-73.59936,5.43981],[-73.59838,5.44088],[-73.59903,5.44117],[-73.59907,5.44432],[-73.60068,5.4486],[-73.59954,5.45259],[-73.59899,5.45757],[-73.59956,5.45847],[-73.60087,5.45953],[-73.60069,5.46002],[-73.59717,5.46216],[-73.59483,5.46626],[-73.59406,5.4667],[-73.59332,5.46679],[-73.58987,5.46623],[-73.58754,5.46637],[-73.58653,5.46667],[-73.58479,5.4685],[-73.5831,5.46845],[-73.5798,5.46781],[-73.57809,5.46672],[-73.57536,5.46785],[-73.57195,5.47105],[-73.56802,5.4784],[-73.56704,5.47769],[-73.56565,5.47568],[-73.56396,5.47645],[-73.56216,5.47673],[-73.55854,5.47817],[-73.55823,5.4797],[-73.55687,5.48096],[-73.55637,5.48243],[-73.55502,5.48374],[-73.55441,5.48494],[-73.55227,5.48737],[-73.55134,5.48899],[-73.54901,5.49082],[-73.54699,5.49161],[-73.54621,5.49286],[-73.54468,5.4943],[-73.54348,5.49477],[-73.54058,5.49533],[-73.53785,5.49773],[-73.53705,5.49798],[-73.53715,5.49859],[-73.53613,5.50027],[-73.53677,5.50027],[-73.54298,5.50375],[-73.5439,5.50412],[-73.54471,5.50411],[-73.54624,5.50498],[-73.54866,5.50454],[-73.55038,5.50691],[-73.55333,5.50744],[-73.55524,5.509],[-73.55724,5.50875],[-73.55847,5.50915],[-73.55863,5.51132],[-73.5582,5.51381],[-73.55896,5.51709],[-73.55854,5.51793],[-73.55666,5.51946],[-73.5547,5.52027],[-73.55376,5.52024],[-73.55131,5.5192],[-73.55086,5.5207],[-73.54994,5.52188],[-73.54672,5.52448],[-73.54401,5.52743],[-73.53534,5.53075],[-73.53163,5.53063],[-73.53009,5.53133],[-73.52949,5.53203],[-73.5279,5.53281],[-73.52316,5.53363],[-73.52154,5.53325],[-73.52039,5.5338],[-73.51925,5.53397],[-73.51767,5.53381],[-73.51727,5.53353],[-73.51675,5.53434],[-73.51651,5.53556],[-73.51558,5.53592],[-73.51397,5.53852],[-73.51304,5.53917],[-73.51311,5.54],[-73.51248,5.54076],[-73.51163,5.54074],[-73.51099,5.54152],[-73.51023,5.54123],[-73.50945,5.54209],[-73.50963,5.54282],[-73.50891,5.54354],[-73.50855,5.54559],[-73.50876,5.54626],[-73.50845,5.54697],[-73.507,5.54847],[-73.50688,5.54948],[-73.50603,5.54953],[-73.50538,5.55083],[-73.50491,5.55092],[-73.50425,5.55295],[-73.50113,5.55527],[-73.50064,5.55699],[-73.49952,5.55798],[-73.4989,5.5595],[-73.49912,5.56054],[-73.49995,5.56139],[-73.49908,5.56236],[-73.49843,5.56429],[-73.49963,5.56546],[-73.50002,5.56672],[-73.50095,5.56704],[-73.50145,5.56764],[-73.502,5.57019],[-73.50172,5.57051],[-73.50213,5.57146],[-73.50193,5.5722],[-73.5026,5.57283],[-73.50226,5.57386],[-73.50314,5.5748],[-73.50272,5.57716],[-73.50467,5.57853],[-73.50539,5.57858],[-73.50617,5.57946],[-73.50736,5.57977],[-73.50874,5.5813],[-73.51029,5.582],[-73.51058,5.58285],[-73.51191,5.58306],[-73.51197,5.58448],[-73.51253,5.58545],[-73.51211,5.58611],[-73.51237,5.58694],[-73.51193,5.58787],[-73.51323,5.58997],[-73.51284,5.59071],[-73.51301,5.59132],[-73.51198,5.59111],[-73.51114,5.59253],[-73.51046,5.59323],[-73.51006,5.59326],[-73.51125,5.59644],[-73.51127,5.59735],[-73.51076,5.59829],[-73.51107,5.5995],[-73.51268,5.60055],[-73.51625,5.60104],[-73.51526,5.60171],[-73.51407,5.60437],[-73.51208,5.60768],[-73.50944,5.61127],[-73.50724,5.61383],[-73.49983,5.62109],[-73.49606,5.62306],[-73.49056,5.62441],[-73.48908,5.62529],[-73.48829,5.62636],[-73.488,5.62799],[-73.48378,5.63446],[-73.48342,5.63565],[-73.48402,5.63661],[-73.48643,5.63929],[-73.48753,5.64007],[-73.48846,5.64189],[-73.48954,5.64284],[-73.48974,5.64692],[-73.48871,5.64989],[-73.4863,5.65268],[-73.4853,5.65491],[-73.48426,5.65574],[-73.48465,5.65647],[-73.48447,5.65705],[-73.48389,5.6575],[-73.48368,5.65828],[-73.4828,5.65879],[-73.48246,5.65958],[-73.48253,5.6604],[-73.48209,5.66112],[-73.48244,5.66214],[-73.48179,5.66247],[-73.48244,5.66409],[-73.48198,5.66575],[-73.48236,5.66808],[-73.48199,5.66927],[-73.48357,5.67048],[-73.48368,5.67101],[-73.4831,5.67214],[-73.48238,5.67229],[-73.4821,5.67291],[-73.48153,5.67283],[-73.48048,5.67401],[-73.4803,5.67462],[-73.47974,5.67488],[-73.47999,5.67594],[-73.47924,5.67709],[-73.47915,5.67777],[-73.47776,5.67736],[-73.4766,5.67758],[-73.47541,5.67742],[-73.47301,5.67918],[-73.46953,5.67946],[-73.46815,5.68014],[-73.46578,5.68048],[-73.46105,5.68248],[-73.46053,5.68233],[-73.4564,5.67904],[-73.45277,5.67806],[-73.45176,5.67927],[-73.44997,5.6797],[-73.44582,5.68246],[-73.44408,5.68257],[-73.44269,5.68299],[-73.44151,5.68415],[-73.43925,5.68738],[-73.43815,5.68977],[-73.43722,5.69095],[-73.43662,5.69157],[-73.43321,5.69298],[-73.43153,5.69632],[-73.43041,5.6978],[-73.42818,5.69973],[-73.42511,5.70424],[-73.42345,5.70773],[-73.42299,5.70651],[-73.42174,5.70565],[-73.42115,5.70567],[-73.41861,5.7071],[-73.41612,5.70697],[-73.41521,5.70731],[-73.41396,5.70826],[-73.41338,5.70911],[-73.41311,5.7108],[-73.4111,5.71228],[-73.41017,5.71233],[-73.40841,5.71192],[-73.40695,5.71254],[-73.40581,5.71234],[-73.40441,5.71298],[-73.4034,5.71384],[-73.40078,5.71445],[-73.39991,5.71045],[-73.39948,5.70999],[-73.39929,5.70911],[-73.3992,5.70665],[-73.39764,5.70256],[-73.39427,5.69862],[-73.39028,5.69706],[-73.38786,5.69514],[-73.38737,5.69422],[-73.38741,5.69317],[-73.38621,5.69348],[-73.38583,5.6933],[-73.38519,5.6903],[-73.38433,5.6893],[-73.38353,5.68767],[-73.38306,5.68554],[-73.38334,5.68328],[-73.38362,5.68299],[-73.38337,5.68113],[-73.38365,5.68015],[-73.38359,5.67855],[-73.38329,5.6776],[-73.38224,5.67664],[-73.38241,5.67585],[-73.3815,5.67547],[-73.3818,5.67256],[-73.38086,5.67195],[-73.36955,5.66854],[-73.36349,5.66505],[-73.36313,5.66453],[-73.36238,5.66384],[-73.36021,5.66476],[-73.35982,5.66549],[-73.35911,5.66608],[-73.35556,5.66835],[-73.35442,5.66861],[-73.35339,5.66845],[-73.35225,5.66887],[-73.35039,5.66873],[-73.34917,5.66967],[-73.3475,5.67023],[-73.34673,5.67129],[-73.34575,5.67401],[-73.34396,5.67575],[-73.34435,5.67881],[-73.34184,5.67973],[-73.34349,5.68045],[-73.34574,5.68191],[-73.34733,5.68449],[-73.34793,5.68501],[-73.34794,5.68673],[-73.3483,5.68779],[-73.34794,5.68823],[-73.34838,5.68956],[-73.34841,5.69111],[-73.34904,5.69278],[-73.34957,5.69327],[-73.34946,5.69491],[-73.34989,5.69634],[-73.35061,5.69755],[-73.35154,5.6984],[-73.35202,5.69967],[-73.35269,5.7002],[-73.35312,5.70117],[-73.3546,5.70185],[-73.35553,5.70295],[-73.356,5.70406],[-73.35575,5.70464],[-73.35723,5.70449],[-73.35773,5.70504],[-73.35889,5.70534],[-73.35947,5.70506],[-73.3598,5.70533],[-73.36057,5.7053],[-73.36235,5.7047],[-73.36259,5.70406],[-73.36505,5.70366],[-73.36593,5.70577],[-73.36611,5.70668],[-73.36569,5.70736],[-73.36581,5.70817],[-73.36612,5.70847],[-73.36603,5.70915],[-73.36658,5.70968],[-73.36671,5.71152],[-73.3674,5.71244],[-73.36789,5.71386],[-73.36781,5.715],[-73.36824,5.71527],[-73.36847,5.71585],[-73.36946,5.71613],[-73.37037,5.71713],[-73.3712,5.71699],[-73.37155,5.71732],[-73.37206,5.71719],[-73.3724,5.71765],[-73.37218,5.7181],[-73.37243,5.71867],[-73.3722,5.71993],[-73.37285,5.72026],[-73.37301,5.7208],[-73.37325,5.72055],[-73.3736,5.72087],[-73.37391,5.72067],[-73.37437,5.7208],[-73.37481,5.72043],[-73.3752,5.72068],[-73.37545,5.72034],[-73.37593,5.72074],[-73.37612,5.72036],[-73.3761,5.72082],[-73.37645,5.72062],[-73.37636,5.72095],[-73.3767,5.72108],[-73.37655,5.72155],[-73.37625,5.72162],[-73.37641,5.72213],[-73.37621,5.72227],[-73.37694,5.72282],[-73.37811,5.7228],[-73.37863,5.7237],[-73.37909,5.72363],[-73.37913,5.7245],[-73.37861,5.72481],[-73.37825,5.72547],[-73.37695,5.73043],[-73.37702,5.73463],[-73.37592,5.73714],[-73.37429,5.73853],[-73.37406,5.74166],[-73.37418,5.74283],[-73.37446,5.74317],[-73.37782,5.744],[-73.37924,5.745],[-73.37962,5.74565],[-73.3796,5.74677],[-73.37882,5.74812],[-73.37714,5.74869],[-73.37687,5.74914],[-73.37694,5.74946],[-73.37984,5.75189],[-73.37973,5.75643],[-73.38098,5.75819],[-73.38128,5.75996],[-73.38173,5.76053],[-73.38161,5.76115],[-73.37903,5.7634],[-73.37864,5.76459],[-73.37911,5.76764],[-73.3788,5.76878],[-73.37798,5.77017],[-73.37703,5.773],[-73.37516,5.77522],[-73.37453,5.77688],[-73.37374,5.77976],[-73.3735,5.78276],[-73.37284,5.78427],[-73.37071,5.78727],[-73.36965,5.788],[-73.36731,5.78838],[-73.3658,5.7896],[-73.3658,5.79069],[-73.36471,5.79319],[-73.36143,5.79529],[-73.36034,5.79664],[-73.3593,5.79834],[-73.35857,5.80238],[-73.35699,5.80621],[-73.35686,5.80802],[-73.35709,5.80987],[-73.35676,5.81568],[-73.35619,5.81835],[-73.3551,5.81953],[-73.35335,5.82024],[-73.3525,5.82087],[-73.35113,5.82314],[-73.35139,5.82628],[-73.352,5.82758],[-73.35294,5.82879],[-73.35343,5.83139],[-73.35317,5.832],[-73.35242,5.83255],[-73.35041,5.83287],[-73.3492,5.83351],[-73.34864,5.83434],[-73.3495,5.83911],[-73.3491,5.84107],[-73.34879,5.84159],[-73.34606,5.84189],[-73.34575,5.84225],[-73.34676,5.84489],[-73.34857,5.8477],[-73.34909,5.84922],[-73.35046,5.85169],[-73.35009,5.85359],[-73.35079,5.85702],[-73.34978,5.8597],[-73.35021,5.86158],[-73.35017,5.86254],[-73.34971,5.86389],[-73.35045,5.86537],[-73.35047,5.8669],[-73.35079,5.86769],[-73.35033,5.87008],[-73.35147,5.87257],[-73.35037,5.87244],[-73.34804,5.87092],[-73.34712,5.86934],[-73.34639,5.86871],[-73.34547,5.86662],[-73.34397,5.86549],[-73.34343,5.86344],[-73.34258,5.86173],[-73.34162,5.86117],[-73.34023,5.86103],[-73.33888,5.86046],[-73.33744,5.86038],[-73.33634,5.85994],[-73.3344,5.85701],[-73.33324,5.85655],[-73.33271,5.85571],[-73.33133,5.85485],[-73.33066,5.85265],[-73.3302,5.85199],[-73.32924,5.85154],[-73.32834,5.85171],[-73.32736,5.85121],[-73.32611,5.85207],[-73.32542,5.85171],[-73.32443,5.8524],[-73.3242,5.85226],[-73.32425,5.85162],[-73.32372,5.85155],[-73.32092,5.8515],[-73.31984,5.85197],[-73.31885,5.85178],[-73.31836,5.85228],[-73.31837,5.85324],[-73.31774,5.85305],[-73.31735,5.85325],[-73.31707,5.85355],[-73.317,5.85425],[-73.31654,5.85431],[-73.31645,5.85493],[-73.31509,5.85515],[-73.31362,5.85489],[-73.31302,5.85597],[-73.31263,5.85619],[-73.3107,5.85422],[-73.30748,5.85379],[-73.30483,5.85262],[-73.30394,5.8528],[-73.30318,5.85364],[-73.30254,5.85372],[-73.29966,5.85259],[-73.29798,5.85231],[-73.29474,5.85065],[-73.29007,5.85036],[-73.28825,5.85102],[-73.28688,5.85215],[-73.28377,5.85399],[-73.28322,5.85484],[-73.28296,5.85614],[-73.28347,5.86023],[-73.28222,5.859],[-73.27494,5.85426],[-73.27048,5.85355],[-73.26888,5.8525],[-73.26716,5.84969],[-73.26427,5.84626],[-73.26394,5.84527],[-73.26401,5.84309],[-73.26449,5.84126],[-73.26485,5.84027],[-73.26582,5.83937],[-73.26605,5.83857],[-73.26598,5.83721],[-73.26528,5.83494],[-73.26251,5.83269],[-73.26042,5.8325],[-73.25878,5.83134],[-73.25781,5.82953],[-73.25788,5.82801],[-73.2574,5.82632],[-73.25659,5.82501],[-73.25318,5.8213],[-73.25174,5.81848],[-73.24999,5.81721],[-73.24855,5.81683],[-73.24689,5.81596],[-73.24643,5.81601],[-73.24535,5.81721],[-73.24404,5.81767],[-73.24285,5.81725],[-73.24073,5.81725],[-73.2382,5.81882],[-73.23597,5.81927],[-73.23359,5.82076],[-73.23237,5.82299],[-73.23063,5.82421],[-73.22895,5.82494],[-73.22525,5.82502],[-73.22417,5.82482],[-73.22271,5.82409],[-73.21945,5.82425],[-73.21669,5.82407],[-73.21428,5.8249],[-73.21248,5.82604],[-73.21095,5.82645],[-73.20635,5.82614],[-73.20495,5.82658],[-73.20327,5.8277],[-73.20196,5.82923],[-73.20141,5.83067],[-73.20098,5.83301],[-73.20027,5.83363],[-73.19739,5.83412],[-73.19508,5.83505],[-73.19482,5.83536],[-73.19474,5.83676],[-73.19375,5.83752],[-73.19202,5.84024],[-73.19029,5.84364],[-73.18957,5.8444],[-73.18645,5.84619],[-73.18572,5.84901],[-73.18398,5.85045],[-73.18331,5.85013],[-73.1821,5.85006],[-73.17364,5.85156],[-73.17049,5.85086],[-73.16536,5.84814],[-73.16358,5.8478],[-73.16304,5.8481],[-73.16122,5.85103],[-73.15907,5.85216],[-73.15809,5.85201],[-73.15624,5.85113],[-73.15427,5.85087],[-73.15264,5.85123],[-73.15146,5.8518],[-73.1506,5.85276],[-73.14969,5.85317],[-73.14678,5.85307],[-73.14366,5.8519],[-73.14121,5.85189],[-73.13264,5.85454],[-73.12995,5.85481],[-73.13044,5.85383],[-73.13067,5.85199],[-73.13143,5.84987],[-73.13301,5.84845],[-73.1339,5.84659],[-73.13394,5.84561],[-73.13325,5.84309],[-73.13415,5.8415],[-73.13419,5.84062],[-73.13239,5.83435],[-73.13342,5.83139],[-73.13652,5.82428],[-73.13674,5.82287],[-73.13744,5.82111],[-73.14031,5.81815],[-73.1415,5.81614],[-73.14369,5.81349],[-73.1454,5.8108],[-73.15737,5.80099],[-73.16068,5.7967],[-73.16223,5.79518],[-73.1652,5.79114],[-73.16602,5.79056],[-73.1673,5.79043],[-73.16849,5.78962],[-73.16926,5.78942],[-73.17034,5.78956],[-73.17073,5.78841],[-73.1707,5.78721],[-73.1698,5.78553],[-73.16935,5.78318],[-73.16981,5.78161],[-73.16988,5.77992],[-73.17052,5.77785],[-73.17132,5.7763],[-73.17224,5.77517],[-73.17266,5.77389],[-73.17326,5.77326],[-73.17384,5.77204],[-73.1712,5.76947],[-73.17279,5.76778],[-73.17511,5.76622],[-73.17417,5.7628],[-73.17432,5.75988],[-73.17399,5.75918],[-73.173,5.75848],[-73.17145,5.75679],[-73.17024,5.7538],[-73.169,5.75207],[-73.1687,5.75226],[-73.16716,5.74931],[-73.16693,5.74848],[-73.16716,5.748],[-73.16894,5.74773],[-73.169,5.74735],[-73.16763,5.7461],[-73.16853,5.74488],[-73.16433,5.74209],[-73.16162,5.74101],[-73.15464,5.73625],[-73.15532,5.73323],[-73.15616,5.73245],[-73.15709,5.73079],[-73.15712,5.73058],[-73.15564,5.72953],[-73.15584,5.72737],[-73.1561,5.72643],[-73.15762,5.72605],[-73.15744,5.72396],[-73.15822,5.72198],[-73.15842,5.71978],[-73.15756,5.7196],[-73.15446,5.71563],[-73.14914,5.71289],[-73.14914,5.7124],[-73.14677,5.71082],[-73.14601,5.70995],[-73.14377,5.70918],[-73.14116,5.70682],[-73.1402,5.7063],[-73.138,5.70406],[-73.13766,5.70309],[-73.13705,5.70247],[-73.13559,5.7022],[-73.13319,5.70013],[-73.13055,5.69968],[-73.12804,5.69779],[-73.12428,5.69294],[-73.12209,5.69113],[-73.11894,5.68673],[-73.11781,5.68577],[-73.1176,5.68486],[-73.11646,5.68382],[-73.11566,5.68203],[-73.11461,5.6813],[-73.11343,5.67891],[-73.1127,5.67814],[-73.11201,5.67639],[-73.1111,5.67609],[-73.1105,5.6764],[-73.10972,5.67536],[-73.10971,5.67427],[-73.11049,5.67267],[-73.11028,5.67241],[-73.10942,5.67227],[-73.1096,5.6717],[-73.10941,5.6714],[-73.109,5.67144],[-73.10809,5.6704],[-73.10735,5.67022],[-73.10746,5.66911],[-73.10684,5.66773],[-73.10714,5.66691],[-73.10665,5.66506],[-73.10733,5.66396],[-73.1073,5.6625],[-73.10813,5.66089],[-73.10714,5.66155],[-73.1063,5.66111],[-73.10561,5.66142],[-73.10493,5.66088],[-73.10487,5.65947],[-73.10425,5.65937],[-73.10319,5.65969],[-73.10246,5.65913],[-73.10254,5.65874],[-73.10351,5.65836],[-73.10413,5.6576],[-73.10392,5.65669],[-73.10411,5.65616],[-73.10304,5.6552],[-73.10342,5.65455],[-73.10248,5.65367],[-73.10171,5.65366],[-73.10089,5.65303],[-73.10065,5.65269],[-73.10063,5.65174],[-73.09884,5.65065],[-73.09789,5.64936],[-73.09682,5.64927],[-73.09637,5.64787],[-73.09545,5.64751],[-73.09257,5.64715],[-73.0894,5.6445],[-73.08789,5.64405],[-73.08659,5.64305],[-73.08463,5.64066],[-73.0842,5.6393],[-73.0827,5.63705],[-73.0826,5.63624],[-73.08171,5.63466],[-73.08182,5.63378],[-73.08096,5.63237],[-73.08005,5.63005],[-73.07879,5.62945],[-73.07735,5.62915],[-73.07605,5.62846],[-73.07635,5.62665],[-73.07846,5.6251],[-73.07697,5.62342],[-73.07623,5.62011],[-73.07725,5.61815],[-73.07831,5.61741],[-73.07944,5.61809],[-73.07924,5.61669],[-73.0799,5.61637],[-73.08174,5.61318],[-73.08256,5.6107],[-73.08404,5.60774],[-73.08496,5.60423],[-73.0855,5.60339],[-73.08629,5.59982],[-73.0865,5.59748],[-73.08785,5.59396],[-73.08929,5.58807],[-73.08868,5.58652],[-73.08923,5.58476],[-73.09124,5.58256],[-73.09317,5.57916],[-73.09538,5.57662],[-73.09633,5.57371],[-73.09782,5.57074],[-73.09951,5.56849],[-73.10176,5.56292],[-73.10398,5.55929],[-73.10501,5.55397],[-73.10553,5.5485],[-73.10588,5.54755],[-73.10886,5.54497],[-73.10982,5.54359],[-73.11077,5.54209],[-73.11175,5.5392],[-73.11335,5.53719],[-73.11543,5.5318],[-73.1152,5.52813],[-73.11586,5.52472],[-73.11676,5.52358],[-73.11945,5.52166],[-73.12196,5.51866],[-73.12901,5.51498],[-73.13038,5.51015],[-73.13083,5.50971],[-73.13275,5.5091],[-73.13445,5.50731],[-73.135,5.50562],[-73.1358,5.50461],[-73.13834,5.50339],[-73.14048,5.49979],[-73.14052,5.49734],[-73.141,5.49572],[-73.14164,5.49489],[-73.14187,5.49258],[-73.14087,5.48701],[-73.1409,5.48414],[-73.14242,5.48247],[-73.14364,5.48236],[-73.14389,5.48214],[-73.14492,5.47976],[-73.14729,5.48205],[-73.14729,5.48205],[-73.14845,5.48103],[-73.14973,5.48041],[-73.15266,5.47993],[-73.15365,5.47932],[-73.15449,5.47923],[-73.15669,5.47989],[-73.16385,5.47939],[-73.16615,5.47666],[-73.16685,5.47544],[-73.16799,5.47502],[-73.17068,5.47217],[-73.17161,5.46986],[-73.17295,5.46905],[-73.1742,5.46775],[-73.1747,5.46749],[-73.17662,5.46744],[-73.18032,5.46548],[-73.18252,5.4656],[-73.18545,5.46537],[-73.18628,5.46555],[-73.18658,5.46505],[-73.18649,5.46377],[-73.18676,5.46356],[-73.18822,5.46377],[-73.18882,5.46352],[-73.18952,5.46286],[-73.19022,5.46156],[-73.19444,5.45855],[-73.19591,5.45812],[-73.19852,5.45674],[-73.20415,5.45685],[-73.206,5.45502],[-73.20644,5.45406],[-73.20827,5.45333],[-73.21001,5.44965],[-73.2118,5.44726],[-73.21399,5.44641],[-73.21511,5.44565],[-73.21568,5.44483],[-73.21609,5.44373],[-73.21608,5.44326],[-73.21533,5.44206],[-73.21567,5.44021],[-73.21838,5.44461],[-73.21997,5.44629],[-73.22195,5.44771],[-73.22551,5.44969],[-73.22745,5.45123],[-73.22944,5.4534],[-73.23289,5.45585],[-73.23386,5.45618],[-73.23604,5.45628],[-73.23879,5.45712],[-73.24153,5.45703],[-73.24477,5.45741],[-73.24604,5.45646],[-73.247,5.45527],[-73.24825,5.45816],[-73.25127,5.45895],[-73.25364,5.46011],[-73.25547,5.46067],[-73.26166,5.46131],[-73.26209,5.46172],[-73.2622,5.46248],[-73.26187,5.46622],[-73.26206,5.46684],[-73.26282,5.4678],[-73.26571,5.46989],[-73.26662,5.47109],[-73.26696,5.47281],[-73.26688,5.47456],[-73.26828,5.47408],[-73.2694,5.47492],[-73.27155,5.4748],[-73.27263,5.47539],[-73.27438,5.47441],[-73.27589,5.47446],[-73.27577,5.47548],[-73.27618,5.47746],[-73.27531,5.47938],[-73.27554,5.48265],[-73.27588,5.48377],[-73.27994,5.4864],[-73.28314,5.48776],[-73.28592,5.48538],[-73.28532,5.48476],[-73.28571,5.48392],[-73.29192,5.48064],[-73.29458,5.47747],[-73.29817,5.47438],[-73.29931,5.47394],[-73.30066,5.47291],[-73.3039,5.47206],[-73.30783,5.46728],[-73.31002,5.46582],[-73.31015,5.46393],[-73.30963,5.46219],[-73.31161,5.45832],[-73.31164,5.45713],[-73.31327,5.45199],[-73.31381,5.45054],[-73.31436,5.44998],[-73.31515,5.44691],[-73.31444,5.44556],[-73.31476,5.44356],[-73.31519,5.44334],[-73.31558,5.44313],[-73.31652,5.44324],[-73.31645,5.44407],[-73.31751,5.44452],[-73.31716,5.44784],[-73.31808,5.44812],[-73.31816,5.4488],[-73.31884,5.44934],[-73.31967,5.44951],[-73.32022,5.45003],[-73.32084,5.44927],[-73.32265,5.44892],[-73.32353,5.44825],[-73.32409,5.44708],[-73.32528,5.44624],[-73.32654,5.44475],[-73.32718,5.44426],[-73.32816,5.4442],[-73.32898,5.4437],[-73.33093,5.44115],[-73.33203,5.44034],[-73.33462,5.44136],[-73.33451,5.44453],[-73.33604,5.4467],[-73.3369,5.44705],[-73.33811,5.44713],[-73.34158,5.44848],[-73.34264,5.4485],[-73.34209,5.44944],[-73.34225,5.45029],[-73.34165,5.4512],[-73.34102,5.45147],[-73.34068,5.45216],[-73.33979,5.45258],[-73.33853,5.45366],[-73.339,5.45626],[-73.33804,5.45953],[-73.33811,5.46177],[-73.33783,5.46239],[-73.33812,5.46543],[-73.33763,5.46684],[-73.33825,5.46754],[-73.33851,5.46836],[-73.33884,5.46866],[-73.33984,5.46877],[-73.34026,5.46972],[-73.34397,5.46993],[-73.3461,5.47174],[-73.34738,5.47355],[-73.35091,5.47581],[-73.35258,5.4758],[-73.35846,5.47359],[-73.36119,5.47411],[-73.36589,5.47346],[-73.36987,5.47036],[-73.37147,5.46847],[-73.37352,5.46679],[-73.37814,5.46398],[-73.38799,5.45904],[-73.39439,5.45664],[-73.39614,5.4582],[-73.39699,5.45819],[-73.3977,5.45854],[-73.39889,5.4584],[-73.39891,5.4576],[-73.40005,5.45622],[-73.40262,5.45472],[-73.40304,5.45226],[-73.40294,5.45129],[-73.40367,5.44991],[-73.40441,5.4497],[-73.40624,5.45076],[-73.4066,5.4514],[-73.40763,5.45137],[-73.40954,5.45258],[-73.41058,5.45275],[-73.41415,5.45057],[-73.41453,5.45014],[-73.41471,5.44902],[-73.41576,5.44845],[-73.41592,5.44672],[-73.41628,5.44609],[-73.4161,5.44392]]]}},{"type":"Feature","properties":{"PROVINCIA":"La Libertad","N_MUNICIPIOS":4},"geometry":{"type":"Polygon","coordinates":[[[-72.58143,5.38048],[-72.58072,5.37993],[-72.57908,5.37993],[-72.57787,5.37819],[-72.57665,5.37716],[-72.57481,5.37675],[-72.57414,5.37591],[-72.57355,5.37577],[-72.57167,5.37688],[-72.57093,5.37695],[-72.56938,5.37597],[-72.56829,5.37412],[-72.56724,5.37337],[-72.57091,5.36383],[-72.57514,5.35872],[-72.57791,5.35266],[-72.57975,5.35033],[-72.58061,5.35006],[-72.58172,5.35029],[-72.58429,5.35192],[-72.58526,5.35327],[-72.5868,5.35349],[-72.58844,5.35426],[-72.5899,5.3558],[-72.59081,5.35784],[-72.59127,5.35803],[-72.59216,5.35795],[-72.59268,5.35743],[-72.59375,5.35497],[-72.59381,5.35359],[-72.59563,5.35236],[-72.59652,5.35242],[-72.5975,5.35325],[-72.59821,5.35315],[-72.60012,5.35395],[-72.60104,5.35396],[-72.60358,5.35229],[-72.6058,5.35026],[-72.60786,5.349],[-72.60937,5.3484],[-72.61238,5.348],[-72.61443,5.34828],[-72.61565,5.3489],[-72.61885,5.35165],[-72.62031,5.35122],[-72.62237,5.34908],[-72.62617,5.34375],[-72.62712,5.34305],[-72.63077,5.34292],[-72.63336,5.34209],[-72.6374,5.33704],[-72.6377,5.3362],[-72.63695,5.3284],[-72.63794,5.32756],[-72.63945,5.32683],[-72.64181,5.32627],[-72.64327,5.32546],[-72.6486,5.32176],[-72.64912,5.31886],[-72.65045,5.31602],[-72.65105,5.31385],[-72.6522,5.30893],[-72.65213,5.30803],[-72.65316,5.30621],[-72.65478,5.3044],[-72.6562,5.30392],[-72.65864,5.30171],[-72.66424,5.30113],[-72.6661,5.30132],[-72.6667,5.30091],[-72.66732,5.29918],[-72.66684,5.29661],[-72.66687,5.29544],[-72.66709,5.2946],[-72.6675,5.29415],[-72.66877,5.29355],[-72.6709,5.29323],[-72.67439,5.29202],[-72.67694,5.29197],[-72.6815,5.29044],[-72.68354,5.28803],[-72.68476,5.28552],[-72.68841,5.28187],[-72.68912,5.28187],[-72.69036,5.28246],[-72.69095,5.28239],[-72.69152,5.28168],[-72.69152,5.28125],[-72.69504,5.28009],[-72.69685,5.27987],[-72.69804,5.27921],[-72.70078,5.27927],[-72.70106,5.27847],[-72.7008,5.27688],[-72.7004,5.27646],[-72.69979,5.27634],[-72.69939,5.27519],[-72.70057,5.27328],[-72.70078,5.27417],[-72.70264,5.27618],[-72.70321,5.27726],[-72.70379,5.27579],[-72.70437,5.27551],[-72.70546,5.27655],[-72.70648,5.27641],[-72.70721,5.2772],[-72.70866,5.27743],[-72.7088,5.278],[-72.70787,5.27832],[-72.70846,5.27885],[-72.70894,5.27981],[-72.71058,5.28083],[-72.71189,5.28126],[-72.71305,5.2808],[-72.71411,5.28093],[-72.71503,5.28069],[-72.71629,5.28201],[-72.71712,5.28431],[-72.71819,5.28533],[-72.71766,5.28624],[-72.71787,5.2876],[-72.72026,5.28856],[-72.7203,5.28896],[-72.71993,5.28956],[-72.72052,5.29015],[-72.72047,5.29223],[-72.72012,5.29324],[-72.71865,5.29488],[-72.71937,5.29605],[-72.71894,5.29746],[-72.71953,5.29834],[-72.71853,5.2999],[-72.71859,5.30055],[-72.71816,5.30132],[-72.71899,5.30187],[-72.71925,5.30299],[-72.71965,5.3034],[-72.72014,5.30474],[-72.72122,5.30552],[-72.72094,5.30621],[-72.72151,5.30714],[-72.72128,5.30907],[-72.72215,5.31001],[-72.72179,5.31136],[-72.72229,5.31194],[-72.72195,5.31274],[-72.72316,5.31389],[-72.7244,5.31426],[-72.72463,5.3154],[-72.72563,5.31587],[-72.72583,5.31634],[-72.72538,5.31751],[-72.72558,5.31802],[-72.72647,5.31875],[-72.72882,5.31896],[-72.73146,5.31813],[-72.73247,5.31816],[-72.73357,5.31915],[-72.73671,5.31957],[-72.73733,5.32022],[-72.73841,5.32018],[-72.73903,5.32134],[-72.73946,5.32159],[-72.741,5.32187],[-72.74167,5.32234],[-72.74288,5.32236],[-72.74329,5.32336],[-72.74399,5.32361],[-72.74462,5.32458],[-72.74581,5.32546],[-72.74666,5.32755],[-72.74729,5.32776],[-72.74786,5.32837],[-72.7509,5.32862],[-72.75193,5.32913],[-72.75221,5.32988],[-72.75391,5.32984],[-72.75422,5.32964],[-72.75531,5.33007],[-72.75594,5.33092],[-72.75689,5.33137],[-72.75729,5.33196],[-72.75748,5.33292],[-72.75828,5.33341],[-72.75849,5.33442],[-72.7594,5.3351],[-72.7602,5.33502],[-72.76085,5.33538],[-72.76118,5.33634],[-72.76225,5.33691],[-72.76389,5.3396],[-72.76336,5.34082],[-72.76453,5.34151],[-72.76493,5.34279],[-72.76576,5.3435],[-72.76609,5.34415],[-72.76872,5.34623],[-72.769,5.34725],[-72.76973,5.34762],[-72.76989,5.34829],[-72.77132,5.34963],[-72.77199,5.35182],[-72.77152,5.35288],[-72.77156,5.35378],[-72.77235,5.35475],[-72.77352,5.355],[-72.77534,5.35641],[-72.77542,5.35713],[-72.77499,5.35851],[-72.77578,5.36012],[-72.77679,5.36061],[-72.7772,5.36198],[-72.77776,5.36263],[-72.77828,5.36588],[-72.7797,5.36631],[-72.78017,5.36704],[-72.78136,5.36788],[-72.78188,5.36871],[-72.78276,5.36916],[-72.78496,5.37111],[-72.78648,5.3713],[-72.78674,5.37199],[-72.78866,5.3737],[-72.79067,5.37466],[-72.79381,5.3752],[-72.79442,5.37625],[-72.79798,5.37864],[-72.79818,5.37929],[-72.79802,5.37969],[-72.79832,5.38014],[-72.79966,5.38014],[-72.8012,5.38068],[-72.80383,5.38066],[-72.80501,5.38093],[-72.80859,5.38333],[-72.80957,5.38358],[-72.81121,5.38241],[-72.81229,5.38035],[-72.81207,5.37817],[-72.81338,5.38043],[-72.81443,5.38044],[-72.81498,5.3808],[-72.81498,5.38201],[-72.81393,5.38515],[-72.81096,5.38669],[-72.80913,5.38916],[-72.80842,5.39076],[-72.80643,5.39235],[-72.8051,5.39425],[-72.80156,5.39534],[-72.79842,5.39541],[-72.7976,5.39613],[-72.79677,5.39924],[-72.7983,5.4024],[-72.79833,5.40339],[-72.79748,5.40716],[-72.79815,5.40871],[-72.79834,5.41051],[-72.79784,5.41186],[-72.7971,5.41605],[-72.79654,5.4169],[-72.79494,5.41826],[-72.79164,5.42355],[-72.78962,5.42868],[-72.78495,5.43706],[-72.7822,5.43918],[-72.7801,5.43945],[-72.77965,5.44024],[-72.77916,5.44219],[-72.77588,5.44563],[-72.77151,5.44946],[-72.76905,5.4511],[-72.76435,5.45367],[-72.76256,5.45515],[-72.75954,5.45604],[-72.75852,5.45662],[-72.75673,5.45875],[-72.75516,5.46198],[-72.7539,5.46362],[-72.7521,5.4651],[-72.75077,5.46685],[-72.74933,5.46786],[-72.74669,5.46893],[-72.74411,5.47034],[-72.74268,5.4706],[-72.73778,5.47045],[-72.73658,5.47089],[-72.73537,5.47249],[-72.7337,5.47353],[-72.73248,5.47481],[-72.73088,5.4776],[-72.72845,5.48014],[-72.72807,5.4814],[-72.72797,5.48453],[-72.72741,5.48634],[-72.72674,5.48706],[-72.72657,5.48675],[-72.72298,5.48549],[-72.71985,5.48618],[-72.71618,5.48384],[-72.71535,5.48379],[-72.71392,5.48435],[-72.71311,5.48421],[-72.7113,5.48241],[-72.71093,5.48032],[-72.71016,5.48003],[-72.70879,5.48],[-72.70754,5.47901],[-72.70738,5.4775],[-72.70836,5.47552],[-72.7085,5.47468],[-72.70754,5.47293],[-72.70737,5.47215],[-72.70746,5.47132],[-72.70819,5.46977],[-72.70776,5.4685],[-72.70861,5.46722],[-72.70828,5.46505],[-72.70838,5.46335],[-72.70804,5.46267],[-72.70661,5.46121],[-72.70618,5.45967],[-72.70872,5.45719],[-72.70822,5.4561],[-72.70776,5.45396],[-72.70777,5.45258],[-72.70656,5.45245],[-72.70597,5.45205],[-72.70546,5.44936],[-72.70409,5.44694],[-72.70395,5.44523],[-72.70218,5.44478],[-72.70136,5.44305],[-72.70003,5.44221],[-72.69858,5.44192],[-72.69661,5.44198],[-72.6953,5.44005],[-72.69525,5.43928],[-72.69331,5.44114],[-72.69128,5.44185],[-72.68894,5.44332],[-72.68649,5.44427],[-72.68571,5.44519],[-72.68516,5.44652],[-72.68515,5.44764],[-72.68464,5.44791],[-72.68339,5.44799],[-72.68117,5.45008],[-72.67922,5.45112],[-72.6785,5.45121],[-72.67784,5.45089],[-72.67749,5.44955],[-72.67584,5.44917],[-72.67436,5.4484],[-72.66876,5.44403],[-72.66677,5.4416],[-72.66622,5.4403],[-72.66704,5.43891],[-72.66746,5.43754],[-72.66713,5.43607],[-72.65243,5.44931],[-72.65478,5.45031],[-72.65872,5.45274],[-72.65909,5.45271],[-72.66263,5.45619],[-72.66607,5.45906],[-72.66678,5.46002],[-72.66942,5.46606],[-72.67169,5.46883],[-72.67359,5.47283],[-72.67828,5.4789],[-72.67946,5.48114],[-72.6805,5.48379],[-72.68135,5.48723],[-72.68252,5.48949],[-72.6827,5.49069],[-72.68216,5.49224],[-72.6807,5.49374],[-72.68014,5.49402],[-72.67528,5.49455],[-72.67179,5.49543],[-72.66453,5.49756],[-72.65992,5.49961],[-72.65821,5.4996],[-72.65664,5.50028],[-72.65633,5.50075],[-72.65535,5.50738],[-72.65566,5.50971],[-72.65628,5.51175],[-72.65631,5.51422],[-72.65589,5.51811],[-72.65603,5.52068],[-72.65852,5.52952],[-72.66252,5.53877],[-72.66894,5.53653],[-72.66977,5.53773],[-72.6712,5.53886],[-72.67687,5.54251],[-72.68108,5.54355],[-72.68234,5.54414],[-72.68396,5.54622],[-72.68724,5.55513],[-72.68953,5.55967],[-72.69067,5.5599],[-72.69165,5.5596],[-72.69226,5.55916],[-72.69298,5.55762],[-72.69411,5.55732],[-72.69522,5.5574],[-72.69669,5.55673],[-72.69914,5.55646],[-72.70291,5.55883],[-72.70423,5.55903],[-72.70574,5.5601],[-72.70657,5.5603],[-72.70907,5.56007],[-72.71207,5.55923],[-72.71424,5.55769],[-72.71548,5.55765],[-72.71646,5.5582],[-72.71781,5.5577],[-72.71889,5.55765],[-72.72063,5.55831],[-72.72245,5.55833],[-72.72383,5.55869],[-72.72528,5.55852],[-72.73272,5.56094],[-72.73811,5.56222],[-72.745,5.56474],[-72.74385,5.56706],[-72.74489,5.56909],[-72.74462,5.57024],[-72.74206,5.57115],[-72.74111,5.5727],[-72.74002,5.57327],[-72.73862,5.5745],[-72.73648,5.57726],[-72.73593,5.57836],[-72.73382,5.58084],[-72.73162,5.58465],[-72.72966,5.59186],[-72.7306,5.59314],[-72.73036,5.59356],[-72.72613,5.59886],[-72.72405,5.60068],[-72.7237,5.60068],[-72.72171,5.60365],[-72.71984,5.60561],[-72.71479,5.60807],[-72.71291,5.60937],[-72.71019,5.61433],[-72.70906,5.61565],[-72.70811,5.61624],[-72.70866,5.61628],[-72.70981,5.61791],[-72.71203,5.61938],[-72.71236,5.62001],[-72.7133,5.62498],[-72.71009,5.62556],[-72.70967,5.62734],[-72.70987,5.6285],[-72.70971,5.62968],[-72.70814,5.63069],[-72.70557,5.63324],[-72.70257,5.63698],[-72.70065,5.63827],[-72.69951,5.6408],[-72.69871,5.64123],[-72.69876,5.64244],[-72.6994,5.64332],[-72.69923,5.64384],[-72.69854,5.64422],[-72.69822,5.64475],[-72.69865,5.64586],[-72.69825,5.64737],[-72.69944,5.65106],[-72.69821,5.65557],[-72.6971,5.65683],[-72.69568,5.66296],[-72.69794,5.66628],[-72.69814,5.66693],[-72.6985,5.67207],[-72.69915,5.67457],[-72.69917,5.67656],[-72.69896,5.6766],[-72.69817,5.67606],[-72.697,5.67413],[-72.6955,5.67342],[-72.69407,5.67324],[-72.69095,5.67371],[-72.6892,5.67367],[-72.68514,5.67304],[-72.67958,5.67343],[-72.67702,5.67271],[-72.67596,5.67209],[-72.67448,5.66961],[-72.67326,5.66824],[-72.66052,5.6668],[-72.65943,5.66372],[-72.65827,5.66218],[-72.65491,5.65975],[-72.64958,5.65736],[-72.64667,5.65409],[-72.64402,5.65263],[-72.64368,5.65127],[-72.64241,5.64986],[-72.64111,5.64886],[-72.63965,5.64836],[-72.63812,5.6463],[-72.63609,5.64575],[-72.63539,5.6453],[-72.63583,5.64449],[-72.63576,5.64387],[-72.63547,5.64308],[-72.63441,5.64219],[-72.63395,5.63995],[-72.63072,5.63723],[-72.62979,5.63691],[-72.6296,5.63636],[-72.62893,5.63589],[-72.62927,5.63365],[-72.63001,5.63261],[-72.62983,5.63062],[-72.62816,5.6301],[-72.62686,5.63018],[-72.62621,5.62947],[-72.62429,5.62907],[-72.62374,5.62964],[-72.6234,5.6294],[-72.6229,5.62956],[-72.62215,5.6291],[-72.61953,5.62969],[-72.61907,5.62929],[-72.6185,5.62942],[-72.61799,5.62914],[-72.6171,5.62963],[-72.61585,5.62935],[-72.61489,5.6297],[-72.61312,5.62981],[-72.61245,5.63055],[-72.61131,5.63113],[-72.60937,5.63069],[-72.60882,5.63027],[-72.60731,5.63081],[-72.60665,5.63035],[-72.60563,5.63024],[-72.60539,5.63004],[-72.60536,5.6294],[-72.60425,5.62854],[-72.60436,5.62778],[-72.60384,5.62702],[-72.60401,5.6262],[-72.60321,5.6255],[-72.60304,5.62493],[-72.60313,5.62378],[-72.60379,5.62274],[-72.60392,5.62186],[-72.60409,5.62162],[-72.6048,5.62165],[-72.60517,5.62115],[-72.60519,5.62041],[-72.60462,5.62064],[-72.60264,5.62011],[-72.60153,5.62065],[-72.59994,5.62253],[-72.6018,5.62572],[-72.60194,5.62642],[-72.60056,5.6273],[-72.59922,5.62778],[-72.59872,5.63282],[-72.59909,5.63401],[-72.59732,5.6355],[-72.59686,5.63856],[-72.59517,5.64067],[-72.59542,5.64131],[-72.59649,5.64221],[-72.59694,5.64343],[-72.5979,5.64333],[-72.59826,5.64356],[-72.59788,5.64696],[-72.59828,5.64814],[-72.59638,5.64915],[-72.59432,5.64972],[-72.59373,5.65064],[-72.58918,5.6551],[-72.58941,5.65729],[-72.58914,5.65806],[-72.58827,5.6586],[-72.58618,5.65875],[-72.584,5.66077],[-72.58313,5.6635],[-72.58471,5.66584],[-72.58354,5.66893],[-72.58352,5.67026],[-72.58306,5.67197],[-72.58164,5.6747],[-72.58093,5.67684],[-72.58102,5.67781],[-72.58063,5.67912],[-72.58021,5.67953],[-72.58041,5.68023],[-72.57901,5.68113],[-72.5779,5.68283],[-72.57559,5.68431],[-72.57509,5.68541],[-72.57394,5.68635],[-72.57295,5.68898],[-72.57307,5.69003],[-72.57419,5.69175],[-72.57432,5.69274],[-72.57271,5.69605],[-72.57266,5.6997],[-72.57193,5.7018],[-72.57122,5.70294],[-72.57113,5.7048],[-72.57043,5.70736],[-72.57026,5.70935],[-72.57037,5.70969],[-72.5708,5.70983],[-72.5745,5.70835],[-72.57804,5.70776],[-72.58125,5.70855],[-72.57988,5.71067],[-72.57984,5.71145],[-72.58059,5.71371],[-72.58061,5.71449],[-72.58042,5.71538],[-72.57948,5.71696],[-72.57965,5.7189],[-72.57858,5.7204],[-72.57796,5.72346],[-72.5779,5.7284],[-72.57774,5.72938],[-72.57698,5.73076],[-72.57717,5.7327],[-72.57671,5.73665],[-72.57717,5.73878],[-72.57894,5.73917],[-72.5795,5.73958],[-72.581,5.74167],[-72.58127,5.74416],[-72.58261,5.74794],[-72.58272,5.74883],[-72.58245,5.74979],[-72.58024,5.75186],[-72.58023,5.75426],[-72.58256,5.75802],[-72.58255,5.75884],[-72.5817,5.76116],[-72.5814,5.76413],[-72.58183,5.76621],[-72.58317,5.76767],[-72.58359,5.77113],[-72.58074,5.77315],[-72.57764,5.7739],[-72.57511,5.77572],[-72.57263,5.77629],[-72.56925,5.77662],[-72.56625,5.77576],[-72.56567,5.77584],[-72.56419,5.77759],[-72.56083,5.78043],[-72.55707,5.78218],[-72.55592,5.78304],[-72.55398,5.78522],[-72.5522,5.78559],[-72.55177,5.78701],[-72.55035,5.78734],[-72.54931,5.78818],[-72.54743,5.78846],[-72.54658,5.78799],[-72.54597,5.78836],[-72.54537,5.78787],[-72.54401,5.78802],[-72.54233,5.78658],[-72.54156,5.78497],[-72.54069,5.78481],[-72.53799,5.78509],[-72.53626,5.78599],[-72.53521,5.78685],[-72.53416,5.7868],[-72.53356,5.78735],[-72.5327,5.78718],[-72.53189,5.78772],[-72.52981,5.78812],[-72.52823,5.78808],[-72.52702,5.7887],[-72.52601,5.78859],[-72.52541,5.78953],[-72.52259,5.78987],[-72.51906,5.79124],[-72.51398,5.79124],[-72.51222,5.79152],[-72.51362,5.79242],[-72.51391,5.79328],[-72.51105,5.79496],[-72.51073,5.79552],[-72.51022,5.79579],[-72.50781,5.79563],[-72.50742,5.79631],[-72.50576,5.79763],[-72.50536,5.79822],[-72.50499,5.79973],[-72.50549,5.80064],[-72.50531,5.80113],[-72.50552,5.80197],[-72.50452,5.8035],[-72.5032,5.80361],[-72.50189,5.80454],[-72.50084,5.80627],[-72.49901,5.80705],[-72.49824,5.80844],[-72.49696,5.80914],[-72.49653,5.81012],[-72.49506,5.81114],[-72.49335,5.81306],[-72.49262,5.8134],[-72.49199,5.81451],[-72.48928,5.81555],[-72.48749,5.8169],[-72.48645,5.81872],[-72.48606,5.82221],[-72.48479,5.82511],[-72.4843,5.8294],[-72.48356,5.83016],[-72.48124,5.8317],[-72.47913,5.83386],[-72.47774,5.83671],[-72.47777,5.83856],[-72.47743,5.83992],[-72.47407,5.84262],[-72.47237,5.84358],[-72.46796,5.84543],[-72.4662,5.84601],[-72.46292,5.84655],[-72.46183,5.84705],[-72.46065,5.84919],[-72.45981,5.85016],[-72.45862,5.85092],[-72.45067,5.85077],[-72.44617,5.85035],[-72.44403,5.84932],[-72.44198,5.84937],[-72.44003,5.84809],[-72.43831,5.84812],[-72.43669,5.84858],[-72.4347,5.84849],[-72.43388,5.84742],[-72.43224,5.84598],[-72.43035,5.84357],[-72.42929,5.84284],[-72.42814,5.84325],[-72.42628,5.84282],[-72.42428,5.84332],[-72.42135,5.84336],[-72.4196,5.84295],[-72.41519,5.84058],[-72.41133,5.84002],[-72.4054,5.83696],[-72.4014,5.83667],[-72.39892,5.8339],[-72.39783,5.83072],[-72.39425,5.82656],[-72.39343,5.82476],[-72.3933,5.82199],[-72.39289,5.82033],[-72.39193,5.81895],[-72.39041,5.8188],[-72.38875,5.81811],[-72.38365,5.81782],[-72.38213,5.81685],[-72.378,5.81573],[-72.37331,5.81226],[-72.36917,5.81183],[-72.36655,5.81058],[-72.36421,5.81029],[-72.36075,5.81111],[-72.35675,5.81165],[-72.35399,5.81178],[-72.35117,5.81143],[-72.35062,5.81111],[-72.35036,5.81059],[-72.34962,5.80712],[-72.34805,5.80538],[-72.34448,5.80416],[-72.34246,5.80409],[-72.34011,5.80343],[-72.33663,5.80393],[-72.33394,5.80278],[-72.33225,5.80309],[-72.33156,5.8029],[-72.33087,5.802],[-72.33094,5.79843],[-72.32923,5.79581],[-72.32863,5.79524],[-72.32728,5.79472],[-72.32507,5.79334],[-72.32388,5.79329],[-72.322,5.79524],[-72.32035,5.7955],[-72.31797,5.79531],[-72.3175,5.79588],[-72.31698,5.79605],[-72.31631,5.79598],[-72.31441,5.79434],[-72.31336,5.79388],[-72.30886,5.7936],[-72.30853,5.79318],[-72.30759,5.7928],[-72.30707,5.7921],[-72.30531,5.79111],[-72.30336,5.78924],[-72.30414,5.78874],[-72.3048,5.78768],[-72.3058,5.78726],[-72.30558,5.78554],[-72.30479,5.78455],[-72.30469,5.78312],[-72.30522,5.78235],[-72.30614,5.78212],[-72.30624,5.78086],[-72.30739,5.78046],[-72.30719,5.77952],[-72.30703,5.77927],[-72.30567,5.77885],[-72.30499,5.7791],[-72.30344,5.77731],[-72.30269,5.77699],[-72.3017,5.7761],[-72.30026,5.77344],[-72.29944,5.77312],[-72.29898,5.77238],[-72.29795,5.77215],[-72.29715,5.77113],[-72.29713,5.77048],[-72.29756,5.76994],[-72.29764,5.76853],[-72.29692,5.76817],[-72.29627,5.76741],[-72.29685,5.76674],[-72.29703,5.76577],[-72.29776,5.76549],[-72.29976,5.76352],[-72.29976,5.7631],[-72.29924,5.76247],[-72.29931,5.76171],[-72.30009,5.76108],[-72.30082,5.75983],[-72.30047,5.75827],[-72.29952,5.75809],[-72.29927,5.75731],[-72.29717,5.75451],[-72.29632,5.75418],[-72.29572,5.75458],[-72.29548,5.75381],[-72.29452,5.75344],[-72.29211,5.75349],[-72.2906,5.75173],[-72.29011,5.7505],[-72.28948,5.75056],[-72.28891,5.75007],[-72.28651,5.75002],[-72.28606,5.74851],[-72.28561,5.74919],[-72.28507,5.74929],[-72.28479,5.74977],[-72.28325,5.74925],[-72.2821,5.74936],[-72.28142,5.75001],[-72.28038,5.74955],[-72.28118,5.74841],[-72.27997,5.74763],[-72.28,5.74685],[-72.27879,5.74574],[-72.27859,5.74479],[-72.2779,5.74436],[-72.27731,5.74315],[-72.27654,5.74288],[-72.27626,5.74035],[-72.27707,5.73762],[-72.27636,5.73675],[-72.27482,5.73612],[-72.27419,5.73556],[-72.27427,5.73491],[-72.27661,5.73335],[-72.27703,5.73244],[-72.27694,5.73084],[-72.27491,5.72916],[-72.27433,5.72805],[-72.2739,5.72898],[-72.27352,5.72922],[-72.27273,5.72922],[-72.27118,5.72847],[-72.26991,5.72885],[-72.26921,5.72862],[-72.2692,5.7279],[-72.26966,5.7269],[-72.26949,5.72643],[-72.26855,5.72577],[-72.26892,5.7244],[-72.2666,5.72077],[-72.26554,5.71994],[-72.26604,5.71809],[-72.26571,5.71737],[-72.26408,5.71697],[-72.2633,5.71607],[-72.26226,5.71559],[-72.26203,5.71488],[-72.26214,5.71309],[-72.26075,5.71219],[-72.2615,5.71095],[-72.25985,5.70994],[-72.25933,5.70899],[-72.25957,5.70803],[-72.25904,5.70738],[-72.25758,5.70738],[-72.25709,5.70684],[-72.25665,5.70573],[-72.25662,5.70381],[-72.25626,5.70306],[-72.25443,5.70198],[-72.25394,5.70054],[-72.25197,5.69973],[-72.25167,5.69824],[-72.25069,5.69728],[-72.24798,5.69558],[-72.24748,5.69382],[-72.24807,5.69225],[-72.2475,5.69142],[-72.24747,5.6909],[-72.24768,5.69047],[-72.24922,5.68984],[-72.24976,5.68802],[-72.25028,5.68742],[-72.25012,5.68607],[-72.24951,5.68505],[-72.24741,5.68478],[-72.24443,5.68515],[-72.24262,5.68724],[-72.23991,5.68688],[-72.23839,5.68592],[-72.23762,5.68575],[-72.23686,5.68639],[-72.2362,5.68744],[-72.23571,5.6874],[-72.2341,5.68608],[-72.2329,5.68584],[-72.23187,5.68511],[-72.2316,5.68331],[-72.2312,5.68253],[-72.23,5.68219],[-72.2294,5.6814],[-72.2284,5.68162],[-72.22794,5.68147],[-72.22654,5.67901],[-72.22527,5.67887],[-72.22415,5.67965],[-72.22362,5.67955],[-72.22385,5.67852],[-72.22472,5.67753],[-72.22409,5.67716],[-72.22318,5.67568],[-72.22183,5.67641],[-72.22143,5.67604],[-72.22133,5.67536],[-72.2219,5.67258],[-72.22436,5.67036],[-72.22583,5.66764],[-72.2284,5.66683],[-72.23765,5.66712],[-72.24405,5.66637],[-72.25143,5.6634],[-72.25733,5.6624],[-72.26277,5.6635],[-72.26893,5.66373],[-72.27214,5.66221],[-72.27322,5.6593],[-72.27332,5.65522],[-72.26977,5.64884],[-72.26566,5.64265],[-72.26319,5.63723],[-72.26269,5.63354],[-72.2649,5.62885],[-72.27082,5.62197],[-72.28747,5.60564],[-72.28904,5.60028],[-72.28917,5.59488],[-72.2856,5.58656],[-72.28517,5.57463],[-72.28905,5.56618],[-72.29335,5.55815],[-72.29506,5.55603],[-72.29579,5.55334],[-72.2966,5.5472],[-72.29491,5.53087],[-72.29466,5.51824],[-72.29529,5.51495],[-72.29881,5.51006],[-72.30089,5.50597],[-72.31001,5.50268],[-72.31138,5.5025],[-72.31494,5.49948],[-72.31759,5.49803],[-72.32161,5.49809],[-72.32507,5.49714],[-72.32841,5.4972],[-72.33039,5.49764],[-72.33356,5.49983],[-72.3381,5.5008],[-72.33849,5.50117],[-72.33946,5.50335],[-72.3432,5.50475],[-72.34589,5.50689],[-72.34608,5.50874],[-72.34659,5.50958],[-72.34684,5.51152],[-72.34743,5.51235],[-72.34983,5.51338],[-72.35107,5.51541],[-72.35204,5.51623],[-72.35501,5.51745],[-72.3569,5.51789],[-72.35725,5.51873],[-72.35772,5.52165],[-72.36086,5.52388],[-72.36166,5.52572],[-72.36205,5.52806],[-72.3628,5.52834],[-72.36505,5.52829],[-72.36647,5.52875],[-72.3679,5.53063],[-72.36923,5.53419],[-72.37184,5.53539],[-72.37278,5.53719],[-72.37487,5.53746],[-72.37554,5.53796],[-72.37606,5.53866],[-72.37657,5.54014],[-72.37636,5.54223],[-72.37557,5.54388],[-72.37564,5.54446],[-72.37841,5.54695],[-72.37876,5.54907],[-72.37923,5.55022],[-72.3806,5.55195],[-72.38203,5.55315],[-72.38318,5.55492],[-72.38345,5.55676],[-72.38335,5.55815],[-72.38393,5.5598],[-72.38769,5.56363],[-72.38981,5.56437],[-72.39086,5.56519],[-72.39273,5.56596],[-72.39364,5.5674],[-72.39584,5.56894],[-72.39633,5.57001],[-72.39683,5.57033],[-72.39842,5.56873],[-72.3996,5.56844],[-72.40366,5.56999],[-72.40403,5.56943],[-72.40415,5.56819],[-72.40537,5.56787],[-72.40625,5.56629],[-72.40838,5.56797],[-72.40909,5.56788],[-72.40986,5.56674],[-72.40931,5.56594],[-72.40947,5.56489],[-72.40997,5.56428],[-72.41103,5.56526],[-72.41205,5.56541],[-72.41278,5.56592],[-72.41457,5.56587],[-72.41636,5.56487],[-72.41772,5.56477],[-72.41869,5.56329],[-72.4209,5.56324],[-72.42154,5.56201],[-72.42242,5.56133],[-72.42275,5.55965],[-72.42236,5.55915],[-72.42125,5.55903],[-72.42113,5.55808],[-72.42153,5.55759],[-72.42223,5.55736],[-72.42289,5.55639],[-72.42465,5.55626],[-72.42545,5.55569],[-72.42549,5.55465],[-72.42496,5.553],[-72.42512,5.55225],[-72.4256,5.55165],[-72.42521,5.55082],[-72.4258,5.54981],[-72.42571,5.5487],[-72.42592,5.54843],[-72.42533,5.54723],[-72.42543,5.54651],[-72.42602,5.54665],[-72.42674,5.54794],[-72.42749,5.54791],[-72.42714,5.54669],[-72.42798,5.54523],[-72.43028,5.54345],[-72.43017,5.54243],[-72.43074,5.54232],[-72.43191,5.5414],[-72.43254,5.5399],[-72.43569,5.53744],[-72.43575,5.53595],[-72.4367,5.53503],[-72.43667,5.53439],[-72.4375,5.53305],[-72.43804,5.53268],[-72.43874,5.53265],[-72.43918,5.53222],[-72.43977,5.53224],[-72.44051,5.53171],[-72.441,5.52949],[-72.44072,5.52884],[-72.44184,5.52781],[-72.4432,5.52562],[-72.44372,5.52439],[-72.44411,5.52146],[-72.44444,5.52067],[-72.44224,5.52003],[-72.44216,5.51956],[-72.44265,5.51906],[-72.44394,5.51882],[-72.44739,5.51638],[-72.44902,5.51618],[-72.4503,5.51533],[-72.45348,5.51386],[-72.45544,5.51222],[-72.45622,5.51049],[-72.46005,5.50881],[-72.46465,5.50268],[-72.467,5.50125],[-72.4681,5.50018],[-72.46937,5.49756],[-72.47043,5.49671],[-72.47065,5.49573],[-72.47261,5.49522],[-72.47319,5.4943],[-72.47366,5.49417],[-72.47391,5.49361],[-72.47462,5.49311],[-72.47553,5.49332],[-72.47679,5.49292],[-72.48132,5.48819],[-72.48517,5.48553],[-72.48631,5.48533],[-72.48696,5.48417],[-72.48986,5.48183],[-72.49019,5.4812],[-72.48996,5.48],[-72.49081,5.47599],[-72.49092,5.47427],[-72.49203,5.47098],[-72.49184,5.46962],[-72.49205,5.46825],[-72.49326,5.46614],[-72.49415,5.46379],[-72.49415,5.46195],[-72.49479,5.46031],[-72.49741,5.45615],[-72.49799,5.45349],[-72.49925,5.45164],[-72.50018,5.44952],[-72.50151,5.44763],[-72.50162,5.44585],[-72.50196,5.44491],[-72.50734,5.4387],[-72.50857,5.43757],[-72.50951,5.43752],[-72.51234,5.43652],[-72.5157,5.43625],[-72.51662,5.43584],[-72.51864,5.43472],[-72.52247,5.43153],[-72.52887,5.42751],[-72.53071,5.42522],[-72.53216,5.42252],[-72.5343,5.42041],[-72.5358,5.4162],[-72.53691,5.41441],[-72.53871,5.41414],[-72.54098,5.41223],[-72.54349,5.41067],[-72.54647,5.40765],[-72.54954,5.40607],[-72.55355,5.4053],[-72.55743,5.40319],[-72.55926,5.40179],[-72.55983,5.40071],[-72.56089,5.39994],[-72.5628,5.39787],[-72.56539,5.39687],[-72.56943,5.3931],[-72.5703,5.39294],[-72.57105,5.39326],[-72.57163,5.39231],[-72.57189,5.39027],[-72.57262,5.39006],[-72.57667,5.38753],[-72.57832,5.38619],[-72.58016,5.38411],[-72.58398,5.38199],[-72.58246,5.38056],[-72.58143,5.38048]]]}},{"type":"Feature","properties":{"PROVINCIA":"Lengupá","N_MUNICIPIOS":6},"geometry":{"type":"Polygon","coordinates":[[[-73.03139,4.99019],[-73.03626,4.98793],[-73.03728,4.98794],[-73.03833,4.98947],[-73.03912,4.98917],[-73.03995,4.9893],[-73.04039,4.98864],[-73.04093,4.98861],[-73.04139,4.98824],[-73.04233,4.98829],[-73.04471,4.98962],[-73.04556,4.98985],[-73.0471,4.98967],[-73.05042,4.99095],[-73.05283,4.99356],[-73.05363,4.99525],[-73.05656,4.99753],[-73.05808,4.99343],[-73.05991,4.99126],[-73.06157,4.98791],[-73.06355,4.98609],[-73.0639,4.98536],[-73.06486,4.9845],[-73.06615,4.98413],[-73.06692,4.98307],[-73.06816,4.98251],[-73.06918,4.98126],[-73.07085,4.98007],[-73.07657,4.97894],[-73.07779,4.97787],[-73.07912,4.97368],[-73.07998,4.97227],[-73.08082,4.97153],[-73.08238,4.97078],[-73.08525,4.97019],[-73.0865,4.96953],[-73.08842,4.96788],[-73.09121,4.9667],[-73.09492,4.96417],[-73.0959,4.96309],[-73.09801,4.96149],[-73.10389,4.95759],[-73.10407,4.95709],[-73.10463,4.95668],[-73.10671,4.95582],[-73.10889,4.95631],[-73.10993,4.95609],[-73.1123,4.95488],[-73.11533,4.95157],[-73.11529,4.94796],[-73.11582,4.94659],[-73.11941,4.94339],[-73.12053,4.94274],[-73.12087,4.94118],[-73.12185,4.93986],[-73.12428,4.93791],[-73.13184,4.93431],[-73.13346,4.93225],[-73.13588,4.93035],[-73.13804,4.92577],[-73.1412,4.92255],[-73.14129,4.91781],[-73.14186,4.91651],[-73.14245,4.91583],[-73.14762,4.9154],[-73.15098,4.91442],[-73.15283,4.91358],[-73.15506,4.91185],[-73.1593,4.90993],[-73.16244,4.90743],[-73.16775,4.89926],[-73.16819,4.89874],[-73.16953,4.89814],[-73.17056,4.89617],[-73.17205,4.89559],[-73.17459,4.89609],[-73.17541,4.89617],[-73.17645,4.89578],[-73.17778,4.8976],[-73.17951,4.89929],[-73.18025,4.90061],[-73.18121,4.9008],[-73.18483,4.90239],[-73.18629,4.90258],[-73.18898,4.90558],[-73.18982,4.90763],[-73.19019,4.90802],[-73.19164,4.90839],[-73.19154,4.90937],[-73.19206,4.91001],[-73.19481,4.91129],[-73.19629,4.91249],[-73.19739,4.91301],[-73.19837,4.91315],[-73.19947,4.91182],[-73.20155,4.91099],[-73.20226,4.90962],[-73.20294,4.90906],[-73.20483,4.9084],[-73.20785,4.90812],[-73.21176,4.90668],[-73.21309,4.90565],[-73.2128,4.90753],[-73.2131,4.90849],[-73.21272,4.90998],[-73.21284,4.91044],[-73.21313,4.91053],[-73.21433,4.90957],[-73.21466,4.90951],[-73.21521,4.90987],[-73.21554,4.91074],[-73.21508,4.91335],[-73.21521,4.91503],[-73.21611,4.91516],[-73.21833,4.91465],[-73.21868,4.91487],[-73.21887,4.91548],[-73.21839,4.91645],[-73.21881,4.91707],[-73.21966,4.91742],[-73.2199,4.91887],[-73.21936,4.91961],[-73.21816,4.92011],[-73.21808,4.92188],[-73.21656,4.92698],[-73.21588,4.92754],[-73.21367,4.92776],[-73.2133,4.92799],[-73.21206,4.93028],[-73.21098,4.93084],[-73.21062,4.93132],[-73.21126,4.93446],[-73.21136,4.93671],[-73.21303,4.93787],[-73.21329,4.93857],[-73.2129,4.93993],[-73.21275,4.9422],[-73.21129,4.94398],[-73.21075,4.94756],[-73.21155,4.94911],[-73.21443,4.94992],[-73.21652,4.95143],[-73.2174,4.95263],[-73.21732,4.9535],[-73.21769,4.95535],[-73.21817,4.95598],[-73.21816,4.9572],[-73.2176,4.95949],[-73.21713,4.95978],[-73.21663,4.96068],[-73.21748,4.96143],[-73.21748,4.96236],[-73.21964,4.96276],[-73.21998,4.96307],[-73.21997,4.96391],[-73.22205,4.96832],[-73.2221,4.97071],[-73.2229,4.9724],[-73.2229,4.97298],[-73.22232,4.97375],[-73.22232,4.97476],[-73.22188,4.97572],[-73.22212,4.97735],[-73.22142,4.97803],[-73.22134,4.97889],[-73.22053,4.98004],[-73.22087,4.9807],[-73.22202,4.98103],[-73.22205,4.98125],[-73.21947,4.98263],[-73.21936,4.98377],[-73.22029,4.98428],[-73.21964,4.98524],[-73.21921,4.98701],[-73.21919,4.98837],[-73.21846,4.98915],[-73.21598,4.99381],[-73.21561,4.994],[-73.21512,4.99338],[-73.21469,4.99336],[-73.21433,4.99373],[-73.21441,4.99484],[-73.21417,4.99528],[-73.21284,4.99506],[-73.21229,4.99533],[-73.21239,4.99589],[-73.21357,4.99784],[-73.21329,4.99882],[-73.21206,5.00013],[-73.21202,5.00055],[-73.21366,5.00079],[-73.21388,5.00113],[-73.21315,5.00287],[-73.21333,5.00417],[-73.21289,5.00539],[-73.21378,5.007],[-73.21392,5.00812],[-73.21434,5.00853],[-73.21543,5.00863],[-73.21599,5.00946],[-73.21584,5.01018],[-73.21511,5.01135],[-73.21513,5.01263],[-73.21422,5.01444],[-73.21422,5.01511],[-73.21524,5.01641],[-73.21516,5.01723],[-73.2156,5.01793],[-73.21743,5.0176],[-73.21863,5.01844],[-73.21979,5.0188],[-73.22018,5.01947],[-73.22114,5.01887],[-73.22206,5.019],[-73.22225,5.01969],[-73.22195,5.0212],[-73.22242,5.02275],[-73.22297,5.02355],[-73.22325,5.02469],[-73.22498,5.02654],[-73.22571,5.02876],[-73.22756,5.03074],[-73.22915,5.03096],[-73.22955,5.03125],[-73.22958,5.03163],[-73.22827,5.03337],[-73.228,5.03561],[-73.22645,5.038],[-73.22696,5.03869],[-73.22812,5.03941],[-73.22856,5.04064],[-73.22962,5.04118],[-73.22985,5.04164],[-73.22907,5.04305],[-73.22788,5.04401],[-73.22928,5.04554],[-73.22929,5.04585],[-73.22822,5.04679],[-73.22781,5.04782],[-73.22813,5.04956],[-73.22925,5.04978],[-73.22975,5.05026],[-73.22941,5.05169],[-73.22964,5.05271],[-73.2303,5.05392],[-73.23004,5.05458],[-73.23035,5.05496],[-73.23109,5.05511],[-73.23217,5.05694],[-73.23152,5.05945],[-73.23287,5.06023],[-73.23338,5.06171],[-73.23486,5.06288],[-73.23622,5.06311],[-73.23727,5.06267],[-73.23829,5.06329],[-73.24016,5.06321],[-73.24152,5.06348],[-73.242,5.06399],[-73.2424,5.06599],[-73.24369,5.06782],[-73.24481,5.06801],[-73.24635,5.06888],[-73.24764,5.06866],[-73.2485,5.06898],[-73.24916,5.07227],[-73.25116,5.07338],[-73.25079,5.07444],[-73.25151,5.07499],[-73.25127,5.07578],[-73.2517,5.07661],[-73.25077,5.07759],[-73.25188,5.08028],[-73.25171,5.08148],[-73.25111,5.08221],[-73.25143,5.08391],[-73.2502,5.08627],[-73.25051,5.08671],[-73.25174,5.08732],[-73.25236,5.08807],[-73.25304,5.08834],[-73.25335,5.08882],[-73.25334,5.08968],[-73.25428,5.09013],[-73.25413,5.09118],[-73.25476,5.09227],[-73.25494,5.09445],[-73.25601,5.09534],[-73.25629,5.0961],[-73.25588,5.0968],[-73.25505,5.0973],[-73.255,5.09807],[-73.25405,5.09817],[-73.25334,5.09924],[-73.2522,5.10021],[-73.25033,5.10114],[-73.25008,5.10226],[-73.2502,5.10391],[-73.24654,5.10525],[-73.24499,5.10684],[-73.24181,5.10862],[-73.24153,5.11029],[-73.24075,5.11085],[-73.24055,5.11164],[-73.2399,5.11187],[-73.2394,5.11308],[-73.23868,5.11381],[-73.23865,5.11432],[-73.23978,5.11622],[-73.23846,5.1216],[-73.23761,5.12306],[-73.23684,5.12566],[-73.23368,5.12883],[-73.2324,5.13115],[-73.23369,5.13363],[-73.2338,5.13524],[-73.23567,5.13627],[-73.23609,5.13709],[-73.23615,5.13831],[-73.23429,5.14059],[-73.23346,5.14128],[-73.23172,5.14214],[-73.23058,5.14312],[-73.23312,5.14462],[-73.23653,5.14554],[-73.23935,5.1442],[-73.24172,5.14433],[-73.2426,5.14488],[-73.24354,5.14606],[-73.24568,5.15],[-73.24849,5.15161],[-73.25106,5.1526],[-73.25544,5.15356],[-73.25756,5.15356],[-73.26576,5.15461],[-73.26777,5.1554],[-73.26417,5.15557],[-73.26248,5.15592],[-73.26058,5.15676],[-73.25943,5.15788],[-73.25766,5.16065],[-73.25663,5.16358],[-73.25644,5.16535],[-73.25686,5.16914],[-73.25806,5.17253],[-73.25929,5.17316],[-73.26466,5.17489],[-73.26772,5.1752],[-73.27052,5.1767],[-73.27558,5.18124],[-73.2802,5.18617],[-73.28457,5.1882],[-73.29193,5.196],[-73.29477,5.19737],[-73.29567,5.19832],[-73.29613,5.1991],[-73.2959,5.19981],[-73.29477,5.19974],[-73.29141,5.20047],[-73.28552,5.20499],[-73.28393,5.20593],[-73.28345,5.20671],[-73.279,5.20993],[-73.27704,5.21187],[-73.27573,5.21385],[-73.27147,5.21526],[-73.26964,5.21554],[-73.26626,5.21693],[-73.26471,5.21733],[-73.2597,5.2178],[-73.25734,5.2188],[-73.25636,5.21956],[-73.25588,5.22098],[-73.2561,5.22427],[-73.25486,5.22647],[-73.25427,5.22682],[-73.24999,5.22713],[-73.24819,5.22808],[-73.24718,5.22965],[-73.2473,5.23054],[-73.2493,5.23269],[-73.24999,5.23297],[-73.25317,5.23304],[-73.2575,5.23661],[-73.25826,5.23697],[-73.25977,5.23704],[-73.26086,5.23664],[-73.26271,5.23672],[-73.26758,5.23815],[-73.26966,5.23925],[-73.27144,5.24139],[-73.27405,5.24346],[-73.27695,5.24414],[-73.27931,5.24534],[-73.27975,5.24598],[-73.27993,5.24735],[-73.27837,5.2512],[-73.27773,5.25701],[-73.27903,5.26092],[-73.28035,5.26189],[-73.28265,5.26295],[-73.28504,5.26576],[-73.28483,5.26887],[-73.28528,5.27161],[-73.28498,5.27298],[-73.28672,5.27483],[-73.28798,5.27707],[-73.28759,5.27977],[-73.28643,5.28288],[-73.28586,5.28739],[-73.28549,5.28851],[-73.28408,5.2899],[-73.28317,5.29032],[-73.28046,5.29085],[-73.27879,5.29155],[-73.27722,5.29448],[-73.27412,5.29809],[-73.27273,5.29908],[-73.26967,5.30039],[-73.26891,5.29931],[-73.26864,5.29814],[-73.26814,5.29731],[-73.26683,5.29593],[-73.26463,5.29425],[-73.26202,5.29313],[-73.2596,5.29153],[-73.26264,5.29014],[-73.26562,5.28728],[-73.26073,5.28771],[-73.25464,5.28768],[-73.24627,5.28811],[-73.24319,5.28798],[-73.23827,5.28534],[-73.23363,5.28512],[-73.23094,5.28709],[-73.2287,5.29113],[-73.22764,5.29234],[-73.22617,5.29336],[-73.22497,5.29367],[-73.22449,5.29566],[-73.22129,5.29878],[-73.21994,5.30071],[-73.21553,5.30449],[-73.21365,5.30532],[-73.20763,5.30965],[-73.20364,5.31437],[-73.20144,5.31608],[-73.2003,5.31662],[-73.19682,5.31753],[-73.19625,5.31699],[-73.19542,5.3167],[-73.19437,5.31673],[-73.19237,5.31728],[-73.19109,5.31714],[-73.18794,5.32034],[-73.18518,5.32076],[-73.18427,5.32191],[-73.18543,5.32178],[-73.18615,5.32233],[-73.18775,5.32268],[-73.18787,5.32332],[-73.18857,5.32396],[-73.18826,5.32536],[-73.18476,5.32939],[-73.18298,5.32982],[-73.17772,5.33479],[-73.17727,5.33767],[-73.17676,5.33914],[-73.17484,5.33922],[-73.17315,5.33893],[-73.17018,5.33999],[-73.16433,5.34431],[-73.15938,5.34961],[-73.15786,5.35078],[-73.15608,5.35067],[-73.1535,5.35109],[-73.15012,5.35008],[-73.14877,5.35011],[-73.14636,5.34954],[-73.14544,5.34911],[-73.14459,5.34846],[-73.1431,5.34628],[-73.14169,5.34242],[-73.14113,5.3427],[-73.1401,5.34579],[-73.13814,5.34818],[-73.13653,5.34904],[-73.13486,5.34941],[-73.13416,5.34983],[-73.13316,5.35063],[-73.13065,5.35452],[-73.12769,5.35678],[-73.12633,5.35734],[-73.12619,5.35623],[-73.12511,5.35477],[-73.12281,5.35343],[-73.11891,5.35039],[-73.11475,5.34872],[-73.11117,5.34806],[-73.10989,5.34821],[-73.10772,5.34911],[-73.10596,5.35064],[-73.10262,5.35138],[-73.09903,5.35359],[-73.0953,5.35663],[-73.09027,5.36152],[-73.08722,5.36235],[-73.08092,5.36592],[-73.07868,5.36748],[-73.07659,5.36765],[-73.07445,5.36905],[-73.07042,5.36877],[-73.06651,5.3693],[-73.06506,5.36775],[-73.06324,5.36776],[-73.0625,5.36745],[-73.06172,5.36646],[-73.06044,5.36719],[-73.05903,5.36743],[-73.05712,5.36882],[-73.05574,5.3687],[-73.05503,5.36979],[-73.05414,5.36998],[-73.05422,5.37067],[-73.05354,5.37168],[-73.05347,5.37228],[-73.0538,5.37349],[-73.05328,5.3744],[-73.05283,5.37432],[-73.05217,5.37368],[-73.05092,5.37402],[-73.04981,5.37331],[-73.04811,5.37192],[-73.04711,5.36923],[-73.04673,5.3664],[-73.04735,5.36477],[-73.04754,5.36336],[-73.04693,5.36121],[-73.04635,5.36017],[-73.04526,5.35952],[-73.04446,5.35946],[-73.04311,5.36015],[-73.04642,5.35382],[-73.0467,5.35234],[-73.04659,5.35012],[-73.04471,5.34518],[-73.04487,5.34093],[-73.04402,5.33811],[-73.04307,5.33699],[-73.04272,5.33612],[-73.0424,5.33153],[-73.04073,5.32969],[-73.04029,5.32861],[-73.0401,5.32713],[-73.04079,5.32546],[-73.04168,5.32486],[-73.04441,5.32378],[-73.04653,5.32138],[-73.0461,5.32039],[-73.04492,5.31911],[-73.04406,5.31742],[-73.04212,5.31513],[-73.04165,5.31419],[-73.04161,5.31244],[-73.04202,5.31075],[-73.04096,5.30938],[-73.02805,5.29992],[-73.02885,5.29339],[-73.02882,5.28939],[-73.02847,5.28772],[-73.02743,5.28546],[-73.0231,5.27838],[-73.01953,5.27368],[-73.01709,5.27102],[-73.01584,5.26779],[-73.01498,5.26649],[-73.01147,5.26247],[-73.00962,5.26106],[-73.00782,5.26029],[-73.00541,5.25977],[-72.99978,5.25951],[-72.99844,5.25921],[-72.99724,5.25828],[-72.99549,5.25521],[-72.99504,5.25294],[-72.99505,5.24795],[-72.99541,5.24463],[-72.99604,5.24338],[-73.00023,5.23786],[-73.00428,5.22844],[-73.00566,5.22685],[-73.00739,5.22123],[-73.01009,5.21581],[-73.01006,5.21452],[-73.0084,5.21396],[-73.00668,5.21262],[-73.00362,5.21145],[-72.9993,5.21174],[-72.99846,5.21136],[-72.99747,5.21036],[-72.99629,5.20965],[-72.99331,5.20872],[-72.99068,5.20655],[-72.9877,5.20357],[-72.98683,5.20075],[-72.98566,5.19842],[-72.98235,5.19605],[-72.97916,5.19689],[-72.97765,5.19687],[-72.97661,5.19655],[-72.97504,5.19687],[-72.97354,5.19793],[-72.97211,5.20036],[-72.97126,5.20076],[-72.97021,5.20197],[-72.96881,5.20235],[-72.96787,5.20326],[-72.965,5.20443],[-72.958,5.2099],[-72.95546,5.21076],[-72.95082,5.21336],[-72.95014,5.21326],[-72.94496,5.21025],[-72.94287,5.21035],[-72.94232,5.21057],[-72.94119,5.21167],[-72.94057,5.2117],[-72.93705,5.21309],[-72.93526,5.21327],[-72.93481,5.21242],[-72.93484,5.21177],[-72.93645,5.21112],[-72.93672,5.21054],[-72.93491,5.20924],[-72.93491,5.20763],[-72.93621,5.20745],[-72.93706,5.20698],[-72.93751,5.20551],[-72.93733,5.20412],[-72.93781,5.20303],[-72.93925,5.2018],[-72.93979,5.19957],[-72.94079,5.19878],[-72.94314,5.19809],[-72.94442,5.1964],[-72.94607,5.19538],[-72.94644,5.19451],[-72.94637,5.1922],[-72.94907,5.19029],[-72.94921,5.18997],[-72.94871,5.18902],[-72.94865,5.18829],[-72.94961,5.18408],[-72.94843,5.18232],[-72.94889,5.18067],[-72.94999,5.17879],[-72.95037,5.17624],[-72.95106,5.17562],[-72.9532,5.17534],[-72.95386,5.17505],[-72.9543,5.17448],[-72.95567,5.17095],[-72.95735,5.1691],[-72.95772,5.16621],[-72.95821,5.16512],[-72.96126,5.16407],[-72.96212,5.16354],[-72.96227,5.16317],[-72.96099,5.16232],[-72.96054,5.16067],[-72.96083,5.15976],[-72.96256,5.15859],[-72.96274,5.15698],[-72.96335,5.15608],[-72.96555,5.15534],[-72.96692,5.15539],[-72.96931,5.15501],[-72.97127,5.15382],[-72.97181,5.15239],[-72.97278,5.15111],[-72.97389,5.15037],[-72.97349,5.14961],[-72.9735,5.1465],[-72.97313,5.14587],[-72.97167,5.14523],[-72.97095,5.14315],[-72.96923,5.14193],[-72.9695,5.14092],[-72.96938,5.14001],[-72.96794,5.13723],[-72.96766,5.13696],[-72.966,5.13694],[-72.96557,5.13669],[-72.9656,5.13567],[-72.96514,5.13488],[-72.96543,5.13382],[-72.96502,5.13342],[-72.9649,5.13278],[-72.96441,5.1328],[-72.96327,5.13367],[-72.96271,5.1337],[-72.96218,5.13269],[-72.96177,5.13276],[-72.96058,5.13222],[-72.95944,5.13217],[-72.95719,5.13125],[-72.95653,5.1292],[-72.95269,5.12621],[-72.95135,5.1246],[-72.95042,5.12398],[-72.94964,5.12289],[-72.94746,5.12186],[-72.94563,5.12139],[-72.94461,5.12069],[-72.9436,5.12073],[-72.94237,5.11997],[-72.94062,5.11748],[-72.93972,5.11651],[-72.93872,5.11595],[-72.93731,5.11417],[-72.93674,5.11001],[-72.93615,5.10889],[-72.9358,5.10746],[-72.93492,5.10668],[-72.93425,5.10555],[-72.93143,5.10354],[-72.93017,5.10198],[-72.9292,5.1002],[-72.92859,5.09967],[-72.92704,5.09902],[-72.92579,5.09886],[-72.92269,5.09892],[-72.92147,5.0993],[-72.91916,5.10075],[-72.91642,5.10202],[-72.91249,5.10318],[-72.90931,5.10346],[-72.90844,5.10248],[-72.90693,5.09986],[-72.90582,5.09511],[-72.90578,5.08954],[-72.90608,5.08415],[-72.90588,5.07906],[-72.90458,5.07367],[-72.90437,5.07063],[-72.90382,5.06793],[-72.90907,5.06461],[-72.9104,5.06335],[-72.91359,5.05931],[-72.91619,5.05681],[-72.9178,5.0559],[-72.91976,5.05526],[-72.92076,5.05454],[-72.92531,5.05005],[-72.92591,5.04987],[-72.92811,5.04771],[-72.93025,5.04346],[-72.93046,5.04146],[-72.93008,5.03938],[-72.92956,5.03834],[-72.92775,5.03613],[-72.92604,5.03315],[-72.92555,5.03079],[-72.92607,5.02963],[-72.92977,5.02645],[-72.93472,5.02422],[-72.93916,5.02301],[-72.94024,5.02139],[-72.94109,5.021],[-72.94202,5.01993],[-72.94312,5.01936],[-72.94792,5.01484],[-72.95283,5.00965],[-72.95599,5.00512],[-72.95681,5.0035],[-72.95699,5.0028],[-72.9564,4.99905],[-72.95652,4.99801],[-72.9571,4.9969],[-72.96022,4.99396],[-72.96238,4.99264],[-72.96457,4.99197],[-72.96621,4.99097],[-72.96771,4.98963],[-72.97001,4.98588],[-72.97039,4.98242],[-72.97004,4.98089],[-72.97046,4.97959],[-72.97528,4.97476],[-72.97767,4.97716],[-72.97865,4.97951],[-72.97942,4.98054],[-72.98056,4.98045],[-72.98268,4.9816],[-72.98272,4.98233],[-72.98395,4.98294],[-72.98417,4.98343],[-72.98544,4.98408],[-72.98636,4.985],[-72.98816,4.9859],[-72.98876,4.98661],[-72.98999,4.98614],[-72.99129,4.98611],[-72.99276,4.98638],[-72.99349,4.98721],[-72.99441,4.98688],[-72.9951,4.98699],[-72.99608,4.98773],[-72.99715,4.98791],[-72.99858,4.98914],[-72.99956,4.98957],[-73.00078,4.99221],[-73.00232,4.99376],[-73.0041,4.99663],[-73.00461,4.99705],[-73.00637,4.9971],[-73.00742,4.99773],[-73.00805,4.99741],[-73.00852,4.9967],[-73.00963,4.99731],[-73.01072,4.99748],[-73.01097,4.99764],[-73.01119,4.99892],[-73.01179,4.9995],[-73.01315,4.99997],[-73.01389,5.00127],[-73.01514,5.0008],[-73.01532,5.00105],[-73.01478,5.0019],[-73.01496,5.00215],[-73.01654,5.00266],[-73.01717,5.00249],[-73.01795,5.00168],[-73.01864,5.00226],[-73.01944,5.00207],[-73.01985,5.0016],[-73.01849,5.00005],[-73.01856,4.99714],[-73.01945,4.99582],[-73.02144,4.99473],[-73.02149,4.99267],[-73.02283,4.99066],[-73.0235,4.98833],[-73.02496,4.9877],[-73.0298,4.98259],[-73.03051,4.98231],[-73.0304,4.98295],[-73.03108,4.98498],[-73.03094,4.98591],[-73.02939,4.98749],[-73.02814,4.98828],[-73.0275,4.98925],[-73.02754,4.99026],[-73.02826,4.99166],[-73.02887,4.9921],[-73.02999,4.99188],[-73.03139,4.99019]]]}},{"type":"Feature","properties":{"PROVINCIA":"Manejo especial","N_MUNICIPIOS":1},"geometry":{"type":"Polygon","coordinates":[[[-74.26608,5.83459],[-74.26638,5.83567],[-74.26635,5.83966],[-74.26781,5.84145],[-74.26835,5.84599],[-74.26904,5.847],[-74.26856,5.84823],[-74.26874,5.8493],[-74.26931,5.8499],[-74.2696,5.85109],[-74.26892,5.85232],[-74.27026,5.85446],[-74.27032,5.85637],[-74.2697,5.85873],[-74.26984,5.86064],[-74.27041,5.86139],[-74.27178,5.86225],[-74.27202,5.863],[-74.27351,5.86354],[-74.27429,5.86425],[-74.27412,5.86505],[-74.27356,5.86539],[-74.27333,5.86598],[-74.2751,5.86798],[-74.27498,5.86848],[-74.27401,5.87015],[-74.27389,5.87089],[-74.27297,5.87208],[-74.27195,5.87246],[-74.26979,5.87493],[-74.2689,5.87529],[-74.26838,5.87633],[-74.26568,5.8778],[-74.26508,5.87908],[-74.26414,5.87963],[-74.26223,5.88012],[-74.2602,5.88192],[-74.25955,5.88204],[-74.25824,5.88321],[-74.25677,5.88272],[-74.25653,5.88304],[-74.25576,5.88328],[-74.25566,5.88395],[-74.25633,5.88546],[-74.25623,5.8858],[-74.25467,5.88756],[-74.25432,5.88944],[-74.25187,5.89292],[-74.24933,5.89456],[-74.24641,5.89458],[-74.24565,5.89517],[-74.24477,5.89657],[-74.24351,5.89753],[-74.24114,5.89772],[-74.23922,5.89698],[-74.23888,5.8972],[-74.239,5.89896],[-74.23816,5.90008],[-74.23805,5.90072],[-74.23615,5.90129],[-74.23562,5.90247],[-74.23389,5.90435],[-74.23179,5.9046],[-74.23114,5.90501],[-74.23123,5.90643],[-74.23196,5.90747],[-74.23062,5.90834],[-74.23054,5.90994],[-74.22863,5.91028],[-74.22869,5.9113],[-74.22789,5.91261],[-74.22829,5.91432],[-74.22811,5.9156],[-74.22829,5.91716],[-74.2256,5.91921],[-74.22563,5.92127],[-74.22449,5.92324],[-74.22459,5.92372],[-74.2264,5.9252],[-74.22561,5.92775],[-74.22575,5.92812],[-74.22681,5.92893],[-74.22726,5.93091],[-74.22837,5.93129],[-74.22969,5.9309],[-74.23076,5.93111],[-74.23271,5.93297],[-74.23468,5.93216],[-74.23519,5.93238],[-74.23727,5.93517],[-74.23764,5.93575],[-74.23823,5.94039],[-74.23878,5.94172],[-74.2389,5.94369],[-74.23848,5.94473],[-74.23675,5.94522],[-74.23615,5.94608],[-74.23518,5.94855],[-74.23506,5.94924],[-74.23548,5.95085],[-74.23521,5.95126],[-74.23343,5.95208],[-74.23172,5.95493],[-74.23022,5.95618],[-74.22911,5.95652],[-74.2273,5.95862],[-74.22721,5.96052],[-74.22578,5.96162],[-74.22493,5.96283],[-74.22421,5.96581],[-74.22222,5.96791],[-74.22227,5.96851],[-74.22343,5.96961],[-74.22395,5.97111],[-74.22518,5.9723],[-74.22574,5.97416],[-74.22632,5.97473],[-74.22842,5.97547],[-74.22842,5.97715],[-74.22887,5.97767],[-74.22992,5.97838],[-74.23327,5.98198],[-74.23417,5.98252],[-74.23645,5.98281],[-74.23828,5.98572],[-74.23873,5.98805],[-74.23971,5.98881],[-74.24201,5.99156],[-74.24378,5.99279],[-74.24662,5.994],[-74.24785,5.99503],[-74.24868,5.99642],[-74.24924,5.99863],[-74.25011,6.00031],[-74.25275,6.00217],[-74.25541,6.00219],[-74.2557,6.00299],[-74.25485,6.00465],[-74.25494,6.00588],[-74.25592,6.00731],[-74.25856,6.00997],[-74.26008,6.01248],[-74.26078,6.01543],[-74.25944,6.01644],[-74.25904,6.01734],[-74.26013,6.01964],[-74.26022,6.02049],[-74.26009,6.02105],[-74.25837,6.02249],[-74.2583,6.02287],[-74.26167,6.02537],[-74.26266,6.02833],[-74.26387,6.03036],[-74.26418,6.03229],[-74.26376,6.03437],[-74.26226,6.03764],[-74.2624,6.03931],[-74.26352,6.04214],[-74.26354,6.04352],[-74.26063,6.05064],[-74.26081,6.05133],[-74.26171,6.05223],[-74.26213,6.05218],[-74.26388,6.05095],[-74.26491,6.05095],[-74.26533,6.0514],[-74.26558,6.05252],[-74.26553,6.05361],[-74.265,6.05435],[-74.26037,6.05615],[-74.25977,6.0576],[-74.25844,6.0595],[-74.258,6.06047],[-74.25802,6.06174],[-74.25813,6.06353],[-74.25872,6.06553],[-74.25988,6.06693],[-74.26055,6.06731],[-74.26144,6.06752],[-74.26337,6.06736],[-74.26478,6.06767],[-74.2663,6.06901],[-74.26748,6.07078],[-74.26844,6.07083],[-74.26914,6.07054],[-74.27048,6.06935],[-74.27108,6.06941],[-74.27153,6.06971],[-74.27159,6.07029],[-74.27093,6.0717],[-74.27102,6.0723],[-74.27271,6.07358],[-74.27341,6.07387],[-74.27547,6.07326],[-74.27643,6.07326],[-74.27763,6.07366],[-74.27779,6.07478],[-74.2767,6.07517],[-74.27607,6.07604],[-74.27632,6.07738],[-74.27553,6.07973],[-74.27556,6.08044],[-74.27591,6.08058],[-74.27656,6.08038],[-74.27936,6.07857],[-74.28007,6.07821],[-74.28066,6.07829],[-74.28177,6.07955],[-74.28381,6.08051],[-74.28548,6.08194],[-74.28694,6.08248],[-74.28745,6.08167],[-74.28767,6.07986],[-74.28801,6.0795],[-74.28855,6.07955],[-74.29266,6.08122],[-74.29639,6.08379],[-74.29807,6.08411],[-74.29901,6.08261],[-74.29995,6.08176],[-74.30165,6.08176],[-74.30212,6.08165],[-74.30243,6.08124],[-74.30254,6.08037],[-74.30355,6.079],[-74.30306,6.07634],[-74.30348,6.07439],[-74.3042,6.07354],[-74.30574,6.07245],[-74.30619,6.07224],[-74.30661,6.07238],[-74.30674,6.07294],[-74.30639,6.07506],[-74.30659,6.07551],[-74.30744,6.07663],[-74.30816,6.07694],[-74.30869,6.07687],[-74.30943,6.0758],[-74.30985,6.07428],[-74.31231,6.07284],[-74.31265,6.07231],[-74.3128,6.0706],[-74.31318,6.06996],[-74.31535,6.06774],[-74.31673,6.06783],[-74.31765,6.06888],[-74.31783,6.07018],[-74.31821,6.07058],[-74.31933,6.07074],[-74.32036,6.07011],[-74.3206,6.06924],[-74.32027,6.06763],[-74.32101,6.06711],[-74.32324,6.06745],[-74.32463,6.06865],[-74.32528,6.06868],[-74.32684,6.06794],[-74.32727,6.06588],[-74.32861,6.06474],[-74.32948,6.06444],[-74.33109,6.06462],[-74.33263,6.06547],[-74.3331,6.06529],[-74.33411,6.06424],[-74.33462,6.06415],[-74.33554,6.06438],[-74.3365,6.06523],[-74.33733,6.06498],[-74.33735,6.06437],[-74.33614,6.06363],[-74.33607,6.06308],[-74.33623,6.06276],[-74.33806,6.06238],[-74.33784,6.06093],[-74.33837,6.06001],[-74.33793,6.05923],[-74.33797,6.05837],[-74.33947,6.05773],[-74.34085,6.05629],[-74.3417,6.05298],[-74.34228,6.05264],[-74.34374,6.05262],[-74.34407,6.05233],[-74.34398,6.05168],[-74.34322,6.05114],[-74.343,6.05063],[-74.34324,6.0498],[-74.34398,6.04929],[-74.34409,6.04609],[-74.34521,6.04441],[-74.34486,6.04265],[-74.34554,6.04158],[-74.34713,6.04098],[-74.34755,6.03852],[-74.34852,6.03843],[-74.34906,6.03927],[-74.35162,6.04004],[-74.3533,6.04142],[-74.35439,6.04129],[-74.35513,6.04065],[-74.35466,6.0394],[-74.35466,6.0384],[-74.35492,6.03779],[-74.35536,6.03766],[-74.35581,6.03766],[-74.35663,6.03858],[-74.35896,6.039],[-74.36017,6.03987],[-74.36275,6.03985],[-74.36399,6.04057],[-74.36482,6.04224],[-74.36489,6.04474],[-74.36524,6.04608],[-74.36564,6.04648],[-74.36697,6.04687],[-74.36896,6.04666],[-74.36981,6.04505],[-74.37114,6.04463],[-74.37168,6.04411],[-74.37213,6.04413],[-74.37324,6.04503],[-74.37362,6.04485],[-74.37421,6.04277],[-74.37568,6.04228],[-74.37649,6.04139],[-74.37791,6.04141],[-74.37848,6.03978],[-74.37882,6.03959],[-74.38306,6.04028],[-74.38319,6.04093],[-74.38289,6.04254],[-74.38373,6.04372],[-74.38346,6.04459],[-74.38308,6.04498],[-74.38152,6.04526],[-74.38108,6.04632],[-74.38083,6.04812],[-74.38127,6.04884],[-74.38185,6.04914],[-74.38223,6.04897],[-74.38268,6.04803],[-74.38308,6.04787],[-74.38429,6.04827],[-74.38422,6.04929],[-74.38506,6.04991],[-74.38496,6.05082],[-74.3852,6.05104],[-74.38588,6.0508],[-74.38627,6.05104],[-74.3864,6.05152],[-74.38597,6.05322],[-74.38617,6.05344],[-74.38823,6.05365],[-74.38882,6.05409],[-74.38944,6.05625],[-74.39021,6.05713],[-74.3911,6.05736],[-74.39197,6.05807],[-74.39476,6.05894],[-74.39566,6.06023],[-74.39623,6.06034],[-74.39709,6.06002],[-74.39766,6.06033],[-74.39852,6.06306],[-74.39986,6.06389],[-74.39991,6.06525],[-74.40108,6.06556],[-74.40194,6.06632],[-74.40207,6.06722],[-74.4012,6.06751],[-74.40102,6.06781],[-74.4009,6.06948],[-74.40125,6.07097],[-74.40107,6.07208],[-74.39946,6.07366],[-74.40005,6.0757],[-74.40074,6.07679],[-74.40085,6.07912],[-74.40319,6.08144],[-74.40361,6.0823],[-74.4052,6.08236],[-74.40721,6.08367],[-74.40767,6.08456],[-74.40767,6.08607],[-74.40799,6.08646],[-74.40904,6.08664],[-74.40975,6.08738],[-74.41104,6.08731],[-74.41188,6.08845],[-74.41262,6.08859],[-74.41307,6.08828],[-74.41696,6.08737],[-74.41818,6.08668],[-74.41959,6.08699],[-74.41991,6.08675],[-74.42014,6.08506],[-74.42093,6.0848],[-74.42152,6.08521],[-74.42154,6.08588],[-74.42209,6.08645],[-74.42328,6.08682],[-74.42407,6.08663],[-74.42469,6.08573],[-74.42519,6.08547],[-74.42548,6.08559],[-74.42596,6.08643],[-74.42591,6.08772],[-74.42655,6.08888],[-74.42702,6.08883],[-74.42764,6.08727],[-74.42823,6.08686],[-74.42908,6.0866],[-74.43017,6.08669],[-74.4311,6.08732],[-74.43138,6.08933],[-74.43198,6.0905],[-74.43288,6.09057],[-74.43345,6.09032],[-74.43453,6.0887],[-74.4348,6.08866],[-74.43666,6.09168],[-74.43714,6.09201],[-74.43856,6.09169],[-74.44008,6.09241],[-74.44225,6.09263],[-74.44396,6.09397],[-74.44485,6.09597],[-74.44735,6.09617],[-74.44906,6.09736],[-74.44972,6.09826],[-74.45106,6.0987],[-74.45169,6.09928],[-74.45216,6.101],[-74.45089,6.10179],[-74.45076,6.1033],[-74.45005,6.1041],[-74.4498,6.10486],[-74.45064,6.1061],[-74.45044,6.10704],[-74.44995,6.10728],[-74.44984,6.10905],[-74.45033,6.11015],[-74.45058,6.11224],[-74.451,6.11248],[-74.45197,6.11243],[-74.453,6.11426],[-74.45308,6.11609],[-74.4537,6.11751],[-74.45377,6.11886],[-74.45446,6.12146],[-74.45503,6.12223],[-74.45475,6.12466],[-74.45527,6.1252],[-74.45555,6.12599],[-74.45544,6.12644],[-74.45676,6.12765],[-74.45648,6.12847],[-74.4553,6.12965],[-74.45465,6.13195],[-74.45308,6.13342],[-74.45261,6.1346],[-74.45262,6.13567],[-74.45479,6.13747],[-74.45519,6.13913],[-74.45558,6.13973],[-74.45845,6.14187],[-74.45964,6.14215],[-74.46115,6.14322],[-74.46476,6.14784],[-74.46635,6.14893],[-74.46741,6.1501],[-74.46787,6.15112],[-74.46765,6.15258],[-74.46866,6.15377],[-74.46963,6.15441],[-74.47108,6.15396],[-74.47288,6.15568],[-74.47318,6.1557],[-74.47422,6.15473],[-74.47468,6.15479],[-74.47592,6.15651],[-74.4778,6.15659],[-74.47815,6.15724],[-74.47825,6.1585],[-74.47854,6.159],[-74.47947,6.15964],[-74.47894,6.16099],[-74.47926,6.16276],[-74.47904,6.16312],[-74.47827,6.1639],[-74.47705,6.16424],[-74.47601,6.16503],[-74.47515,6.16873],[-74.47549,6.17054],[-74.47447,6.17187],[-74.47337,6.17499],[-74.47375,6.17771],[-74.47309,6.17892],[-74.47287,6.18083],[-74.47351,6.18326],[-74.47357,6.18511],[-74.47482,6.18664],[-74.47455,6.18912],[-74.47422,6.18999],[-74.47365,6.1904],[-74.47362,6.19148],[-74.47311,6.19285],[-74.47336,6.19451],[-74.47306,6.19535],[-74.47206,6.19631],[-74.47065,6.19639],[-74.46988,6.197],[-74.47011,6.19859],[-74.46954,6.1993],[-74.46983,6.20061],[-74.46963,6.2014],[-74.47035,6.20151],[-74.47151,6.20124],[-74.47305,6.20213],[-74.47354,6.20321],[-74.47453,6.20332],[-74.47578,6.20418],[-74.47639,6.20391],[-74.47708,6.20253],[-74.47837,6.20233],[-74.47877,6.20202],[-74.47894,6.20093],[-74.47927,6.20072],[-74.48102,6.20073],[-74.48247,6.19979],[-74.48286,6.19981],[-74.4841,6.20133],[-74.48597,6.2014],[-74.48655,6.20168],[-74.48689,6.20234],[-74.4868,6.20413],[-74.48729,6.20496],[-74.49036,6.20497],[-74.49082,6.20631],[-74.49394,6.20806],[-74.49357,6.20885],[-74.49365,6.20983],[-74.49545,6.21148],[-74.49651,6.21213],[-74.49934,6.21322],[-74.50124,6.21302],[-74.50342,6.2137],[-74.50546,6.21365],[-74.50617,6.21419],[-74.50735,6.2161],[-74.50842,6.21647],[-74.50867,6.21697],[-74.50855,6.21808],[-74.50998,6.2191],[-74.50976,6.22035],[-74.50995,6.22114],[-74.512,6.2234],[-74.51319,6.22404],[-74.51319,6.22446],[-74.51254,6.22548],[-74.51269,6.22679],[-74.51148,6.22755],[-74.51094,6.22844],[-74.51125,6.23043],[-74.51316,6.23276],[-74.51397,6.23276],[-74.51525,6.23351],[-74.51539,6.23516],[-74.51585,6.236],[-74.51706,6.23753],[-74.51828,6.23832],[-74.5186,6.23964],[-74.52067,6.24053],[-74.52181,6.24179],[-74.52172,6.24206],[-74.52031,6.24259],[-74.52026,6.2429],[-74.52052,6.24327],[-74.52144,6.24302],[-74.52181,6.24316],[-74.52256,6.24417],[-74.52208,6.24561],[-74.5207,6.24575],[-74.52037,6.24629],[-74.52122,6.24736],[-74.52063,6.25043],[-74.52092,6.25203],[-74.5218,6.2534],[-74.52138,6.25439],[-74.52155,6.2552],[-74.52236,6.25646],[-74.52311,6.25679],[-74.52477,6.26005],[-74.52572,6.26107],[-74.5264,6.26122],[-74.52755,6.26256],[-74.52886,6.26285],[-74.52892,6.26387],[-74.52832,6.26481],[-74.52815,6.2659],[-74.52721,6.26684],[-74.5274,6.26768],[-74.52725,6.26906],[-74.52636,6.2704],[-74.52657,6.27364],[-74.53379,6.26975],[-74.53592,6.26795],[-74.5395,6.26425],[-74.54078,6.26112],[-74.5438,6.2503],[-74.54575,6.24644],[-74.55235,6.2378],[-74.55861,6.23208],[-74.55889,6.23215],[-74.56162,6.23031],[-74.56338,6.22855],[-74.56455,6.22648],[-74.56755,6.22288],[-74.57024,6.21851],[-74.57219,6.21625],[-74.57342,6.21566],[-74.57419,6.21345],[-74.57415,6.21173],[-74.57356,6.21026],[-74.57209,6.20925],[-74.57112,6.20699],[-74.572,6.20001],[-74.57296,6.19681],[-74.57493,6.19211],[-74.57757,6.18933],[-74.5793,6.1871],[-74.58189,6.17984],[-74.5836,6.17618],[-74.58633,6.17223],[-74.58892,6.16618],[-74.5911,6.16386],[-74.59693,6.15991],[-74.59915,6.15659],[-74.60027,6.15379],[-74.60139,6.14825],[-74.6024,6.14509],[-74.6052,6.14148],[-74.60848,6.13862],[-74.61069,6.1332],[-74.61171,6.12664],[-74.61111,6.12396],[-74.60932,6.1197],[-74.60394,6.11156],[-74.59781,6.10612],[-74.59221,6.09881],[-74.58855,6.09328],[-74.58452,6.08821],[-74.58048,6.085],[-74.57623,6.08261],[-74.57212,6.08217],[-74.56675,6.0812],[-74.56324,6.07949],[-74.56175,6.07829],[-74.56107,6.07553],[-74.56145,6.07351],[-74.56375,6.06844],[-74.56636,6.06044],[-74.56889,6.05238],[-74.57134,6.04289],[-74.57163,6.03452],[-74.57021,6.02705],[-74.56826,6.02063],[-74.56736,6.01653],[-74.5652,6.0116],[-74.56362,6.00652],[-74.56272,6.00189],[-74.56332,5.99763],[-74.56421,5.99375],[-74.56592,5.99001],[-74.56898,5.98695],[-74.57338,5.9847],[-74.5786,5.98302],[-74.5786,5.98271],[-74.58219,5.98294],[-74.58599,5.98278],[-74.59014,5.98412],[-74.59197,5.98598],[-74.59411,5.98597],[-74.59651,5.98438],[-74.59896,5.98197],[-74.6003,5.98199],[-74.60344,5.98109],[-74.61044,5.97332],[-74.61238,5.96988],[-74.61275,5.96585],[-74.61192,5.96234],[-74.6105,5.95913],[-74.60893,5.95786],[-74.60751,5.9551],[-74.6084,5.94919],[-74.60825,5.94546],[-74.60661,5.94248],[-74.6022,5.93852],[-74.59936,5.93285],[-74.59675,5.92964],[-74.59436,5.92874],[-74.59041,5.92905],[-74.58832,5.92853],[-74.58675,5.92733],[-74.5857,5.92502],[-74.58398,5.91337],[-74.5842,5.90941],[-74.58539,5.90306],[-74.58814,5.89701],[-74.59038,5.89469],[-74.59664,5.89245],[-74.60678,5.89162],[-74.6082,5.89117],[-74.61245,5.88959],[-74.61558,5.88795],[-74.61923,5.8851],[-74.62408,5.88235],[-74.63389,5.87291],[-74.63804,5.86637],[-74.63999,5.86011],[-74.64414,5.85123],[-74.64713,5.84123],[-74.65095,5.83302],[-74.65178,5.82823],[-74.6514,5.82398],[-74.64965,5.81931],[-74.64714,5.80848],[-74.64763,5.80423],[-74.64896,5.80014],[-74.65045,5.79301],[-74.65327,5.78651],[-74.65535,5.78409],[-74.65938,5.78013],[-74.66083,5.77844],[-74.66201,5.77646],[-74.66348,5.77241],[-74.66368,5.77054],[-74.66496,5.76854],[-74.66362,5.76339],[-74.66261,5.75768],[-74.66102,5.75238],[-74.65771,5.75298],[-74.65554,5.75415],[-74.65471,5.7542],[-74.65401,5.75373],[-74.65269,5.75144],[-74.65184,5.75052],[-74.6507,5.7474],[-74.6507,5.74608],[-74.65195,5.74261],[-74.65202,5.7405],[-74.65072,5.7388],[-74.64981,5.73808],[-74.64729,5.73704],[-74.6449,5.73544],[-74.64393,5.73519],[-74.64292,5.73541],[-74.6422,5.73597],[-74.6406,5.73869],[-74.63962,5.74133],[-74.63957,5.74848],[-74.63891,5.75378],[-74.63844,5.75492],[-74.63665,5.75694],[-74.62708,5.76246],[-74.62646,5.76228],[-74.62587,5.76102],[-74.6258,5.75987],[-74.62617,5.75755],[-74.6261,5.7568],[-74.62554,5.75638],[-74.62465,5.75627],[-74.62394,5.75659],[-74.62251,5.75911],[-74.62193,5.75954],[-74.62037,5.75947],[-74.61993,5.75789],[-74.61966,5.75332],[-74.6187,5.75256],[-74.61736,5.75254],[-74.61676,5.753],[-74.61518,5.75722],[-74.61457,5.75795],[-74.61389,5.75839],[-74.61228,5.75832],[-74.61167,5.75788],[-74.61133,5.757],[-74.61173,5.75428],[-74.61162,5.75312],[-74.61127,5.75184],[-74.61031,5.75081],[-74.60913,5.75003],[-74.60151,5.74768],[-74.59981,5.74627],[-74.59877,5.74375],[-74.59815,5.74339],[-74.59737,5.7434],[-74.59643,5.74368],[-74.59274,5.74717],[-74.59189,5.75171],[-74.59184,5.75407],[-74.59149,5.75483],[-74.58876,5.75716],[-74.58804,5.75854],[-74.58744,5.75904],[-74.58569,5.75932],[-74.58488,5.759],[-74.58231,5.75656],[-74.58117,5.7537],[-74.57957,5.7521],[-74.57858,5.7516],[-74.57775,5.75155],[-74.57695,5.75184],[-74.57572,5.75337],[-74.57502,5.75387],[-74.57009,5.75631],[-74.56723,5.75825],[-74.56504,5.75821],[-74.56407,5.75783],[-74.56153,5.75863],[-74.55945,5.75989],[-74.55846,5.76149],[-74.55773,5.76195],[-74.55714,5.76202],[-74.554,5.76055],[-74.55242,5.76209],[-74.55108,5.765],[-74.55096,5.76641],[-74.55129,5.76755],[-74.55231,5.76923],[-74.55203,5.77124],[-74.55146,5.77218],[-74.55078,5.77301],[-74.54901,5.77405],[-74.54821,5.77502],[-74.54462,5.7759],[-74.54337,5.77649],[-74.54253,5.77722],[-74.5417,5.77843],[-74.54059,5.78122],[-74.53944,5.78524],[-74.53859,5.78609],[-74.53781,5.78626],[-74.536,5.78569],[-74.53498,5.78581],[-74.5339,5.78661],[-74.53116,5.7903],[-74.53067,5.79065],[-74.5302,5.79059],[-74.52918,5.78931],[-74.52668,5.78704],[-74.52538,5.78624],[-74.52398,5.7861],[-74.52274,5.7866],[-74.51917,5.78991],[-74.51639,5.79142],[-74.51521,5.79116],[-74.51302,5.78961],[-74.51273,5.78847],[-74.51282,5.78606],[-74.51245,5.78485],[-74.51174,5.78413],[-74.51098,5.78375],[-74.50964,5.78377],[-74.50863,5.78408],[-74.50754,5.78519],[-74.50664,5.78564],[-74.50554,5.78566],[-74.50416,5.78463],[-74.50357,5.78373],[-74.50334,5.78252],[-74.50244,5.78075],[-74.50088,5.77915],[-74.49805,5.77896],[-74.49614,5.78002],[-74.49562,5.78137],[-74.49569,5.7821],[-74.49666,5.7835],[-74.49652,5.78416],[-74.49607,5.78463],[-74.4948,5.78473],[-74.49355,5.78397],[-74.49078,5.78121],[-74.49031,5.78019],[-74.48932,5.77601],[-74.4871,5.77206],[-74.48598,5.77086],[-74.48528,5.77075],[-74.48345,5.77231],[-74.48229,5.77472],[-74.48121,5.77598],[-74.47734,5.77495],[-74.47658,5.77543],[-74.4753,5.77716],[-74.4746,5.77748],[-74.47426,5.77699],[-74.47481,5.77522],[-74.47466,5.77492],[-74.47434,5.77489],[-74.47183,5.77659],[-74.47131,5.77665],[-74.47014,5.775],[-74.46935,5.77489],[-74.46854,5.77502],[-74.4669,5.77596],[-74.46645,5.77593],[-74.4651,5.77498],[-74.4631,5.77457],[-74.46208,5.77389],[-74.4618,5.77286],[-74.46243,5.77028],[-74.46238,5.7684],[-74.46176,5.76641],[-74.46124,5.76582],[-74.45984,5.76516],[-74.45926,5.7652],[-74.45821,5.76554],[-74.45679,5.76681],[-74.45627,5.76698],[-74.45566,5.76674],[-74.45372,5.76265],[-74.45309,5.76205],[-74.45269,5.762],[-74.45246,5.76225],[-74.45223,5.76474],[-74.45174,5.76514],[-74.44997,5.76531],[-74.44759,5.76477],[-74.44651,5.76486],[-74.44384,5.76646],[-74.44223,5.7668],[-74.44142,5.76658],[-74.44054,5.76537],[-74.44058,5.76314],[-74.44208,5.76138],[-74.44184,5.76046],[-74.44132,5.76002],[-74.43994,5.75956],[-74.43796,5.75949],[-74.43614,5.76122],[-74.43448,5.76169],[-74.43377,5.76138],[-74.43174,5.75851],[-74.43091,5.75801],[-74.43056,5.75827],[-74.42919,5.76082],[-74.42736,5.76295],[-74.42621,5.76347],[-74.42457,5.76287],[-74.42367,5.76318],[-74.4231,5.76386],[-74.42296,5.7647],[-74.42325,5.76562],[-74.4246,5.76701],[-74.42449,5.76817],[-74.42406,5.76846],[-74.42349,5.76846],[-74.42244,5.76765],[-74.42098,5.76752],[-74.42048,5.76717],[-74.42011,5.76504],[-74.41869,5.76423],[-74.41787,5.76474],[-74.41779,5.76633],[-74.4188,5.76828],[-74.41892,5.76948],[-74.41855,5.77003],[-74.41758,5.77032],[-74.4155,5.77034],[-74.41441,5.76932],[-74.41426,5.76856],[-74.41468,5.76764],[-74.41479,5.76658],[-74.41455,5.76561],[-74.41352,5.76503],[-74.41186,5.76527],[-74.41081,5.76611],[-74.41065,5.7668],[-74.41117,5.76801],[-74.4121,5.76911],[-74.41225,5.76979],[-74.41193,5.7721],[-74.4112,5.7735],[-74.40602,5.77723],[-74.40443,5.77907],[-74.39715,5.78198],[-74.39543,5.78309],[-74.39423,5.78426],[-74.39344,5.78426],[-74.39223,5.78379],[-74.38961,5.78166],[-74.38875,5.78148],[-74.38746,5.78247],[-74.38676,5.78383],[-74.38622,5.78422],[-74.38469,5.78439],[-74.38345,5.78652],[-74.3827,5.78919],[-74.38006,5.79119],[-74.37862,5.79276],[-74.37813,5.79416],[-74.37739,5.79531],[-74.37495,5.79681],[-74.37366,5.79815],[-74.3722,5.80073],[-74.37038,5.80122],[-74.36975,5.80176],[-74.36877,5.80365],[-74.3658,5.80611],[-74.3632,5.80886],[-74.36163,5.80884],[-74.36045,5.80954],[-74.35949,5.81181],[-74.3588,5.81222],[-74.3556,5.81287],[-74.35425,5.81352],[-74.35375,5.81408],[-74.35358,5.81479],[-74.35376,5.81617],[-74.35358,5.81655],[-74.35242,5.8172],[-74.35098,5.81752],[-74.35043,5.81799],[-74.34961,5.81965],[-74.34611,5.8229],[-74.34585,5.82337],[-74.34587,5.82664],[-74.34633,5.83067],[-74.34594,5.83157],[-74.34401,5.83246],[-74.34115,5.83278],[-74.33937,5.83395],[-74.33944,5.83417],[-74.33838,5.83478],[-74.33695,5.8362],[-74.33496,5.83724],[-74.3331,5.83704],[-74.33428,5.83502],[-74.33322,5.8313],[-74.334,5.82736],[-74.3338,5.82689],[-74.33342,5.82656],[-74.33127,5.82626],[-74.33034,5.82554],[-74.32897,5.82517],[-74.32716,5.82375],[-74.32598,5.82487],[-74.32536,5.82483],[-74.32519,5.8245],[-74.32596,5.82173],[-74.32542,5.8205],[-74.32508,5.82037],[-74.3237,5.82078],[-74.3237,5.82018],[-74.32475,5.81932],[-74.32413,5.81857],[-74.32265,5.81755],[-74.32056,5.81743],[-74.31992,5.81609],[-74.31848,5.81601],[-74.3179,5.81562],[-74.31612,5.8156],[-74.31524,5.81517],[-74.3156,5.81446],[-74.31614,5.81414],[-74.31783,5.81379],[-74.31812,5.8123],[-74.31798,5.81019],[-74.31819,5.80853],[-74.31736,5.80853],[-74.31598,5.80937],[-74.31484,5.80937],[-74.3144,5.80898],[-74.31446,5.80809],[-74.31559,5.80745],[-74.31587,5.80595],[-74.31625,5.80546],[-74.31828,5.80495],[-74.31836,5.80424],[-74.31799,5.8038],[-74.31528,5.80175],[-74.31528,5.80135],[-74.31707,5.79877],[-74.31715,5.79806],[-74.31684,5.79701],[-74.31638,5.79669],[-74.3153,5.79709],[-74.31359,5.80027],[-74.31261,5.80056],[-74.31218,5.80035],[-74.31106,5.7989],[-74.30802,5.7996],[-74.30766,5.79947],[-74.30723,5.79847],[-74.30691,5.79832],[-74.30526,5.79981],[-74.30319,5.80003],[-74.30281,5.79989],[-74.30103,5.79766],[-74.30096,5.79658],[-74.30122,5.79611],[-74.30291,5.79514],[-74.30305,5.79471],[-74.3021,5.79242],[-74.30139,5.79153],[-74.30155,5.79095],[-74.30255,5.79072],[-74.30431,5.79135],[-74.30505,5.79341],[-74.30549,5.79369],[-74.30576,5.79358],[-74.30603,5.79191],[-74.30685,5.79091],[-74.30674,5.78989],[-74.30614,5.78854],[-74.3063,5.78815],[-74.30678,5.78782],[-74.30806,5.78779],[-74.30905,5.78744],[-74.3097,5.78687],[-74.31037,5.78521],[-74.31167,5.7851],[-74.31213,5.78353],[-74.31306,5.7826],[-74.31269,5.78186],[-74.3109,5.78137],[-74.30892,5.77897],[-74.30736,5.77769],[-74.3071,5.77651],[-74.30773,5.77347],[-74.30751,5.77211],[-74.30674,5.77192],[-74.30474,5.77276],[-74.30383,5.77241],[-74.30349,5.77178],[-74.30362,5.77117],[-74.30496,5.7701],[-74.30511,5.76971],[-74.30487,5.76935],[-74.30174,5.76667],[-74.30001,5.76695],[-74.29952,5.76682],[-74.29872,5.76625],[-74.29808,5.76531],[-74.29701,5.76482],[-74.29693,5.76408],[-74.29602,5.76391],[-74.29518,5.76427],[-74.29273,5.76301],[-74.29168,5.76325],[-74.29076,5.76529],[-74.28938,5.76656],[-74.28889,5.76735],[-74.28833,5.77112],[-74.28698,5.77454],[-74.28483,5.77697],[-74.28365,5.77762],[-74.27979,5.7841],[-74.27862,5.78511],[-74.27654,5.78569],[-74.27485,5.78728],[-74.27446,5.78789],[-74.27392,5.79042],[-74.27233,5.79184],[-74.27131,5.79778],[-74.27137,5.80105],[-74.27066,5.80372],[-74.26473,5.80796],[-74.26317,5.81414],[-74.26218,5.81545],[-74.26177,5.81715],[-74.26289,5.81906],[-74.26352,5.82167],[-74.26285,5.82335],[-74.26255,5.82524],[-74.26298,5.82756],[-74.26536,5.83113],[-74.26641,5.83318],[-74.26608,5.83459]]]}},{"type":"Feature","properties":{"PROVINCIA":"Márquez","N_MUNICIPIOS":10},"geometry":{"type":"Polygon","coordinates":[[[-73.40202,5.24121],[-73.40269,5.24029],[-73.40229,5.23926],[-73.40287,5.23721],[-73.40276,5.23553],[-73.40371,5.23401],[-73.4041,5.23111],[-73.40335,5.23037],[-73.40181,5.22953],[-73.40094,5.22717],[-73.39887,5.22688],[-73.39824,5.22655],[-73.396,5.22371],[-73.39517,5.22336],[-73.39507,5.22235],[-73.39458,5.22132],[-73.39248,5.21905],[-73.39222,5.21783],[-73.39238,5.21685],[-73.39323,5.21651],[-73.39388,5.21588],[-73.39524,5.21439],[-73.3958,5.21319],[-73.3966,5.2128],[-73.39831,5.21261],[-73.39953,5.21147],[-73.40101,5.20956],[-73.40303,5.20521],[-73.40515,5.20185],[-73.40595,5.19968],[-73.40682,5.1984],[-73.40923,5.19669],[-73.41199,5.19638],[-73.41232,5.19457],[-73.4165,5.18905],[-73.41861,5.18828],[-73.42085,5.18625],[-73.42222,5.18463],[-73.4241,5.18336],[-73.42512,5.18234],[-73.42561,5.18168],[-73.42732,5.17758],[-73.42755,5.17559],[-73.42806,5.17442],[-73.43018,5.17274],[-73.43527,5.16524],[-73.43636,5.16071],[-73.4369,5.15938],[-73.43837,5.15842],[-73.44154,5.15763],[-73.44622,5.15828],[-73.44869,5.1579],[-73.45376,5.15604],[-73.45693,5.15403],[-73.45965,5.15341],[-73.46209,5.15222],[-73.46378,5.15227],[-73.46594,5.15326],[-73.46692,5.15321],[-73.47078,5.15106],[-73.47501,5.14955],[-73.4772,5.14809],[-73.47841,5.14912],[-73.4803,5.15176],[-73.48112,5.15348],[-73.48169,5.15402],[-73.48242,5.15427],[-73.48443,5.15389],[-73.49296,5.15406],[-73.4942,5.15388],[-73.49613,5.15292],[-73.49695,5.15277],[-73.50014,5.15253],[-73.50363,5.15169],[-73.50502,5.15192],[-73.50655,5.15369],[-73.50777,5.15671],[-73.51043,5.16107],[-73.51194,5.1623],[-73.5122,5.16297],[-73.51073,5.1665],[-73.50992,5.16983],[-73.50994,5.17168],[-73.51074,5.17408],[-73.51187,5.1758],[-73.51196,5.17791],[-73.51132,5.17915],[-73.50936,5.18102],[-73.50874,5.1824],[-73.50832,5.18521],[-73.50861,5.18615],[-73.51026,5.18795],[-73.51201,5.18865],[-73.51444,5.18918],[-73.51657,5.19078],[-73.51825,5.19157],[-73.5219,5.19219],[-73.52236,5.19297],[-73.52286,5.19418],[-73.52347,5.20038],[-73.52315,5.20197],[-73.52187,5.20507],[-73.52168,5.20999],[-73.5219,5.21061],[-73.52314,5.21148],[-73.52365,5.21219],[-73.52454,5.21402],[-73.52448,5.21616],[-73.52345,5.22045],[-73.52192,5.22264],[-73.51835,5.22583],[-73.51822,5.22662],[-73.51683,5.22891],[-73.51547,5.23055],[-73.51479,5.23269],[-73.51716,5.23471],[-73.524,5.2373],[-73.52496,5.23878],[-73.526,5.24223],[-73.5278,5.24451],[-73.52818,5.24684],[-73.52774,5.24932],[-73.52789,5.25157],[-73.52639,5.25516],[-73.52644,5.2575],[-73.52687,5.25884],[-73.52899,5.26174],[-73.53015,5.26286],[-73.53039,5.26394],[-73.53129,5.26499],[-73.53172,5.26636],[-73.53163,5.26731],[-73.5326,5.26865],[-73.53261,5.26916],[-73.53368,5.27135],[-73.53363,5.27246],[-73.53221,5.27473],[-73.53187,5.27627],[-73.53185,5.27799],[-73.53233,5.27831],[-73.53338,5.28116],[-73.53642,5.28513],[-73.53994,5.28636],[-73.5432,5.28869],[-73.54535,5.29106],[-73.54674,5.29347],[-73.54716,5.29475],[-73.54803,5.29964],[-73.54685,5.30007],[-73.54613,5.30076],[-73.54808,5.30326],[-73.54958,5.30446],[-73.55039,5.30644],[-73.55173,5.30809],[-73.55287,5.31016],[-73.55316,5.3122],[-73.55281,5.31467],[-73.55131,5.31798],[-73.55087,5.32025],[-73.54971,5.32304],[-73.54878,5.3244],[-73.55186,5.3272],[-73.55123,5.3287],[-73.55136,5.32938],[-73.55034,5.33141],[-73.54953,5.33243],[-73.54709,5.33392],[-73.54481,5.33606],[-73.54275,5.33881],[-73.53948,5.34079],[-73.53968,5.3412],[-73.53614,5.34182],[-73.53468,5.3424],[-73.53241,5.34251],[-73.5315,5.34202],[-73.53054,5.34277],[-73.52894,5.34245],[-73.52873,5.34289],[-73.52618,5.34154],[-73.52574,5.34244],[-73.52399,5.34364],[-73.5242,5.34455],[-73.52331,5.34456],[-73.52222,5.34573],[-73.51949,5.34412],[-73.51787,5.34213],[-73.51584,5.34188],[-73.51289,5.33959],[-73.51006,5.34556],[-73.5076,5.34764],[-73.50671,5.34872],[-73.50638,5.34926],[-73.50635,5.35014],[-73.50496,5.35233],[-73.49644,5.35892],[-73.49474,5.35979],[-73.49396,5.36176],[-73.49266,5.36345],[-73.49025,5.36505],[-73.48844,5.36686],[-73.48649,5.36766],[-73.48507,5.36884],[-73.48416,5.36901],[-73.48187,5.36883],[-73.47765,5.37009],[-73.47676,5.37008],[-73.47259,5.37262],[-73.47197,5.37321],[-73.47009,5.37659],[-73.46728,5.37878],[-73.46661,5.37893],[-73.46435,5.37843],[-73.46271,5.37836],[-73.46173,5.37756],[-73.46063,5.37757],[-73.45838,5.3808],[-73.45585,5.38352],[-73.45463,5.3856],[-73.45331,5.3867],[-73.45162,5.38738],[-73.45017,5.38529],[-73.44954,5.38485],[-73.44919,5.38516],[-73.44889,5.38626],[-73.44753,5.38679],[-73.44695,5.38802],[-73.44589,5.3927],[-73.44502,5.39419],[-73.44326,5.39491],[-73.44267,5.39563],[-73.44201,5.39787],[-73.44234,5.39979],[-73.44194,5.40209],[-73.44207,5.40413],[-73.44184,5.40461],[-73.4413,5.40448],[-73.44079,5.40479],[-73.44034,5.40638],[-73.4404,5.40703],[-73.44094,5.40782],[-73.44107,5.409],[-73.44082,5.41152],[-73.44106,5.41392],[-73.44092,5.41515],[-73.4404,5.41749],[-73.43548,5.42264],[-73.43434,5.42322],[-73.43368,5.42396],[-73.43239,5.42695],[-73.4311,5.42799],[-73.42895,5.43164],[-73.42748,5.43302],[-73.42613,5.43534],[-73.42531,5.43749],[-73.4212,5.44051],[-73.41962,5.44074],[-73.41874,5.44143],[-73.41756,5.44146],[-73.41728,5.44238],[-73.41642,5.44311],[-73.4161,5.44392],[-73.41628,5.44609],[-73.41592,5.44672],[-73.41576,5.44845],[-73.41471,5.44902],[-73.41453,5.45014],[-73.41415,5.45057],[-73.41058,5.45275],[-73.40954,5.45258],[-73.40763,5.45137],[-73.4066,5.4514],[-73.40624,5.45076],[-73.40441,5.4497],[-73.40367,5.44991],[-73.40294,5.45129],[-73.40304,5.45226],[-73.40262,5.45472],[-73.40005,5.45622],[-73.39891,5.4576],[-73.39889,5.4584],[-73.3977,5.45854],[-73.39699,5.45819],[-73.39614,5.4582],[-73.39439,5.45664],[-73.38799,5.45904],[-73.37814,5.46398],[-73.37352,5.46679],[-73.37147,5.46847],[-73.36987,5.47036],[-73.36589,5.47346],[-73.36119,5.47411],[-73.35846,5.47359],[-73.35258,5.4758],[-73.35091,5.47581],[-73.34738,5.47355],[-73.3461,5.47174],[-73.34397,5.46993],[-73.34026,5.46972],[-73.33984,5.46877],[-73.33884,5.46866],[-73.33851,5.46836],[-73.33825,5.46754],[-73.33763,5.46684],[-73.33812,5.46543],[-73.33783,5.46239],[-73.33811,5.46177],[-73.33804,5.45953],[-73.339,5.45626],[-73.33853,5.45366],[-73.33979,5.45258],[-73.34068,5.45216],[-73.34102,5.45147],[-73.34165,5.4512],[-73.34225,5.45029],[-73.34209,5.44944],[-73.34264,5.4485],[-73.34158,5.44848],[-73.33811,5.44713],[-73.3369,5.44705],[-73.33604,5.4467],[-73.33451,5.44453],[-73.33462,5.44136],[-73.33203,5.44034],[-73.33093,5.44115],[-73.32898,5.4437],[-73.32816,5.4442],[-73.32718,5.44426],[-73.32654,5.44475],[-73.32528,5.44624],[-73.32409,5.44708],[-73.32353,5.44825],[-73.32265,5.44892],[-73.32084,5.44927],[-73.32022,5.45003],[-73.31967,5.44951],[-73.31884,5.44934],[-73.31816,5.4488],[-73.31808,5.44812],[-73.31716,5.44784],[-73.31751,5.44452],[-73.31645,5.44407],[-73.31652,5.44324],[-73.31558,5.44313],[-73.31519,5.44334],[-73.31476,5.44356],[-73.31444,5.44556],[-73.31515,5.44691],[-73.31436,5.44998],[-73.31381,5.45054],[-73.31327,5.45199],[-73.31164,5.45713],[-73.31161,5.45832],[-73.30963,5.46219],[-73.31015,5.46393],[-73.31002,5.46582],[-73.30783,5.46728],[-73.3039,5.47206],[-73.30066,5.47291],[-73.29931,5.47394],[-73.29817,5.47438],[-73.29458,5.47747],[-73.29192,5.48064],[-73.28571,5.48392],[-73.28532,5.48476],[-73.28592,5.48538],[-73.28314,5.48776],[-73.27994,5.4864],[-73.27588,5.48377],[-73.27554,5.48265],[-73.27531,5.47938],[-73.27618,5.47746],[-73.27577,5.47548],[-73.27589,5.47446],[-73.27438,5.47441],[-73.27263,5.47539],[-73.27155,5.4748],[-73.2694,5.47492],[-73.26828,5.47408],[-73.26688,5.47456],[-73.26696,5.47281],[-73.26662,5.47109],[-73.26571,5.46989],[-73.26282,5.4678],[-73.26206,5.46684],[-73.26187,5.46622],[-73.2622,5.46248],[-73.26209,5.46172],[-73.26166,5.46131],[-73.25547,5.46067],[-73.25364,5.46011],[-73.25127,5.45895],[-73.24825,5.45816],[-73.247,5.45527],[-73.24604,5.45646],[-73.24477,5.45741],[-73.24153,5.45703],[-73.23879,5.45712],[-73.23604,5.45628],[-73.23386,5.45618],[-73.23289,5.45585],[-73.22944,5.4534],[-73.22745,5.45123],[-73.22551,5.44969],[-73.22195,5.44771],[-73.21997,5.44629],[-73.21838,5.44461],[-73.21567,5.44021],[-73.21533,5.44206],[-73.21608,5.44326],[-73.21609,5.44373],[-73.21568,5.44483],[-73.21511,5.44565],[-73.21399,5.44641],[-73.2118,5.44726],[-73.21001,5.44965],[-73.20827,5.45333],[-73.20644,5.45406],[-73.206,5.45502],[-73.20415,5.45685],[-73.19852,5.45674],[-73.19591,5.45812],[-73.19444,5.45855],[-73.19022,5.46156],[-73.18952,5.46286],[-73.18882,5.46352],[-73.18822,5.46377],[-73.18676,5.46356],[-73.18649,5.46377],[-73.18658,5.46505],[-73.18628,5.46555],[-73.18545,5.46537],[-73.18252,5.4656],[-73.18032,5.46548],[-73.17662,5.46744],[-73.1747,5.46749],[-73.1742,5.46775],[-73.17295,5.46905],[-73.17161,5.46986],[-73.17068,5.47217],[-73.16799,5.47502],[-73.16685,5.47544],[-73.16615,5.47666],[-73.16385,5.47939],[-73.15669,5.47989],[-73.15449,5.47923],[-73.15365,5.47932],[-73.15266,5.47993],[-73.14973,5.48041],[-73.14845,5.48103],[-73.14729,5.48205],[-73.14729,5.48205],[-73.14726,5.4813],[-73.14615,5.47796],[-73.14499,5.47722],[-73.14402,5.47701],[-73.14002,5.47506],[-73.13897,5.47373],[-73.13829,5.4721],[-73.13676,5.4703],[-73.13388,5.46857],[-73.13285,5.46537],[-73.13133,5.4652],[-73.13093,5.46471],[-73.12958,5.45906],[-73.12906,5.45857],[-73.12756,5.45898],[-73.12616,5.45853],[-73.12409,5.45633],[-73.12395,5.45572],[-73.124,5.45494],[-73.1249,5.45327],[-73.12483,5.45002],[-73.12569,5.44898],[-73.12616,5.4479],[-73.12727,5.44699],[-73.12796,5.44404],[-73.12906,5.44209],[-73.12954,5.44007],[-73.1304,5.43855],[-73.13249,5.43083],[-73.13504,5.42683],[-73.13783,5.42427],[-73.13888,5.41985],[-73.13923,5.41713],[-73.14133,5.41409],[-73.14173,5.41296],[-73.14146,5.41207],[-73.13948,5.41075],[-73.13639,5.40659],[-73.13412,5.40557],[-73.13364,5.40351],[-73.13205,5.40274],[-73.13064,5.40098],[-73.12971,5.39842],[-73.12963,5.39623],[-73.1273,5.39192],[-73.12682,5.38984],[-73.12127,5.38506],[-73.1236,5.38135],[-73.12786,5.37675],[-73.12932,5.37143],[-73.13212,5.36816],[-73.13121,5.36727],[-73.13073,5.36643],[-73.13059,5.365],[-73.12633,5.35841],[-73.12633,5.35734],[-73.12769,5.35678],[-73.13065,5.35452],[-73.13316,5.35063],[-73.13416,5.34983],[-73.13486,5.34941],[-73.13653,5.34904],[-73.13814,5.34818],[-73.1401,5.34579],[-73.14113,5.3427],[-73.14169,5.34242],[-73.1431,5.34628],[-73.14459,5.34846],[-73.14544,5.34911],[-73.14636,5.34954],[-73.14877,5.35011],[-73.15012,5.35008],[-73.1535,5.35109],[-73.15608,5.35067],[-73.15786,5.35078],[-73.15938,5.34961],[-73.16433,5.34431],[-73.17018,5.33999],[-73.17315,5.33893],[-73.17484,5.33922],[-73.17676,5.33914],[-73.17727,5.33767],[-73.17772,5.33479],[-73.18298,5.32982],[-73.18476,5.32939],[-73.18826,5.32536],[-73.18857,5.32396],[-73.18787,5.32332],[-73.18775,5.32268],[-73.18615,5.32233],[-73.18543,5.32178],[-73.18427,5.32191],[-73.18518,5.32076],[-73.18794,5.32034],[-73.19109,5.31714],[-73.19237,5.31728],[-73.19437,5.31673],[-73.19542,5.3167],[-73.19625,5.31699],[-73.19682,5.31753],[-73.2003,5.31662],[-73.20144,5.31608],[-73.20364,5.31437],[-73.20763,5.30965],[-73.21365,5.30532],[-73.21553,5.30449],[-73.21994,5.30071],[-73.22129,5.29878],[-73.22449,5.29566],[-73.22497,5.29367],[-73.22617,5.29336],[-73.22764,5.29234],[-73.2287,5.29113],[-73.23094,5.28709],[-73.23363,5.28512],[-73.23827,5.28534],[-73.24319,5.28798],[-73.24627,5.28811],[-73.25464,5.28768],[-73.26073,5.28771],[-73.26562,5.28728],[-73.26264,5.29014],[-73.2596,5.29153],[-73.26202,5.29313],[-73.26463,5.29425],[-73.26683,5.29593],[-73.26814,5.29731],[-73.26864,5.29814],[-73.26891,5.29931],[-73.26967,5.30039],[-73.27273,5.29908],[-73.27412,5.29809],[-73.27722,5.29448],[-73.27879,5.29155],[-73.28046,5.29085],[-73.28317,5.29032],[-73.28408,5.2899],[-73.28549,5.28851],[-73.28586,5.28739],[-73.28643,5.28288],[-73.28759,5.27977],[-73.28798,5.27707],[-73.28672,5.27483],[-73.28498,5.27298],[-73.28528,5.27161],[-73.28483,5.26887],[-73.28504,5.26576],[-73.28265,5.26295],[-73.28035,5.26189],[-73.27903,5.26092],[-73.27773,5.25701],[-73.27837,5.2512],[-73.27993,5.24735],[-73.27975,5.24598],[-73.27931,5.24534],[-73.27695,5.24414],[-73.27405,5.24346],[-73.27144,5.24139],[-73.26966,5.23925],[-73.26758,5.23815],[-73.26271,5.23672],[-73.26086,5.23664],[-73.25977,5.23704],[-73.25826,5.23697],[-73.2575,5.23661],[-73.25317,5.23304],[-73.24999,5.23297],[-73.2493,5.23269],[-73.2473,5.23054],[-73.24718,5.22965],[-73.24819,5.22808],[-73.24999,5.22713],[-73.25427,5.22682],[-73.25486,5.22647],[-73.2561,5.22427],[-73.25588,5.22098],[-73.25636,5.21956],[-73.25734,5.2188],[-73.2597,5.2178],[-73.26471,5.21733],[-73.26626,5.21693],[-73.26964,5.21554],[-73.27147,5.21526],[-73.27573,5.21385],[-73.27704,5.21187],[-73.279,5.20993],[-73.28345,5.20671],[-73.28432,5.2073],[-73.28682,5.20726],[-73.28913,5.20762],[-73.29035,5.20889],[-73.29236,5.20985],[-73.29436,5.21045],[-73.29549,5.21159],[-73.2963,5.21291],[-73.29787,5.21349],[-73.29832,5.21434],[-73.30028,5.21639],[-73.30158,5.21712],[-73.30242,5.21728],[-73.30298,5.21708],[-73.30348,5.21736],[-73.30466,5.2192],[-73.30477,5.22045],[-73.30554,5.22072],[-73.30601,5.22285],[-73.30807,5.22487],[-73.3096,5.22755],[-73.31226,5.22767],[-73.31353,5.22888],[-73.31638,5.2305],[-73.31965,5.23108],[-73.32007,5.23143],[-73.32074,5.23318],[-73.32066,5.23435],[-73.32029,5.23519],[-73.32044,5.23617],[-73.32095,5.23659],[-73.3229,5.23719],[-73.32371,5.23824],[-73.32475,5.23877],[-73.32439,5.23977],[-73.3232,5.23958],[-73.32282,5.24042],[-73.32167,5.2407],[-73.32109,5.24155],[-73.32018,5.24176],[-73.31999,5.24208],[-73.31941,5.24413],[-73.31993,5.245],[-73.31985,5.24641],[-73.32054,5.248],[-73.32032,5.24922],[-73.3218,5.2499],[-73.32205,5.25074],[-73.32269,5.25105],[-73.3227,5.25139],[-73.32374,5.25165],[-73.3245,5.25308],[-73.32482,5.25479],[-73.3259,5.25563],[-73.32596,5.25607],[-73.32693,5.25665],[-73.32712,5.25735],[-73.32759,5.25777],[-73.32801,5.26106],[-73.32957,5.26166],[-73.33119,5.26438],[-73.3313,5.26528],[-73.33244,5.26674],[-73.33352,5.27122],[-73.33555,5.27416],[-73.33707,5.27832],[-73.33851,5.27963],[-73.34086,5.28063],[-73.34217,5.28181],[-73.34735,5.2825],[-73.34895,5.28115],[-73.35703,5.2781],[-73.35814,5.27744],[-73.35916,5.27429],[-73.35884,5.27274],[-73.35905,5.27064],[-73.3638,5.26653],[-73.36417,5.26586],[-73.3658,5.26587],[-73.36773,5.26517],[-73.36942,5.26574],[-73.37294,5.26333],[-73.37328,5.26282],[-73.37383,5.26287],[-73.37499,5.26233],[-73.37825,5.26246],[-73.37904,5.26221],[-73.38102,5.25941],[-73.38474,5.2573],[-73.38739,5.25416],[-73.38888,5.25345],[-73.39069,5.25181],[-73.39181,5.25138],[-73.3923,5.25068],[-73.39243,5.24987],[-73.39508,5.24791],[-73.39565,5.24667],[-73.39642,5.24582],[-73.3976,5.24497],[-73.39965,5.2441],[-73.40027,5.24333],[-73.40134,5.24274],[-73.40172,5.24248],[-73.40202,5.24121]]]}},{"type":"Feature","properties":{"PROVINCIA":"Neira","N_MUNICIPIOS":6},"geometry":{"type":"Polygon","coordinates":[[[-73.2221,4.97071],[-73.22205,4.96832],[-73.21997,4.96391],[-73.21998,4.96307],[-73.21964,4.96276],[-73.21748,4.96236],[-73.21748,4.96143],[-73.21663,4.96068],[-73.21713,4.95978],[-73.2176,4.95949],[-73.21816,4.9572],[-73.21817,4.95598],[-73.21769,4.95535],[-73.21732,4.9535],[-73.2174,4.95263],[-73.21652,4.95143],[-73.21443,4.94992],[-73.21155,4.94911],[-73.21075,4.94756],[-73.21129,4.94398],[-73.21275,4.9422],[-73.2129,4.93993],[-73.21329,4.93857],[-73.21303,4.93787],[-73.21136,4.93671],[-73.21126,4.93446],[-73.21062,4.93132],[-73.21098,4.93084],[-73.21206,4.93028],[-73.2133,4.92799],[-73.21367,4.92776],[-73.21588,4.92754],[-73.21656,4.92698],[-73.21808,4.92188],[-73.21816,4.92011],[-73.21936,4.91961],[-73.2199,4.91887],[-73.21966,4.91742],[-73.21881,4.91707],[-73.21839,4.91645],[-73.21887,4.91548],[-73.21868,4.91487],[-73.21833,4.91465],[-73.21611,4.91516],[-73.21521,4.91503],[-73.21508,4.91335],[-73.21554,4.91074],[-73.21521,4.90987],[-73.21466,4.90951],[-73.21433,4.90957],[-73.21313,4.91053],[-73.21284,4.91044],[-73.21272,4.90998],[-73.2131,4.90849],[-73.2128,4.90753],[-73.21309,4.90565],[-73.21176,4.90668],[-73.20785,4.90812],[-73.20483,4.9084],[-73.20294,4.90906],[-73.20226,4.90962],[-73.20155,4.91099],[-73.19947,4.91182],[-73.19837,4.91315],[-73.19739,4.91301],[-73.19629,4.91249],[-73.19481,4.91129],[-73.19206,4.91001],[-73.19154,4.90937],[-73.19164,4.90839],[-73.19019,4.90802],[-73.18982,4.90763],[-73.18898,4.90558],[-73.18629,4.90258],[-73.18483,4.90239],[-73.18121,4.9008],[-73.18025,4.90061],[-73.17951,4.89929],[-73.17778,4.8976],[-73.17645,4.89578],[-73.17541,4.89617],[-73.17459,4.89609],[-73.17205,4.89559],[-73.17056,4.89617],[-73.16953,4.89814],[-73.16819,4.89874],[-73.16775,4.89926],[-73.16244,4.90743],[-73.1593,4.90993],[-73.15506,4.91185],[-73.15283,4.91358],[-73.15098,4.91442],[-73.14762,4.9154],[-73.14245,4.91583],[-73.14186,4.91651],[-73.14129,4.91781],[-73.1412,4.92255],[-73.13804,4.92577],[-73.13588,4.93035],[-73.13346,4.93225],[-73.13184,4.93431],[-73.12428,4.93791],[-73.12185,4.93986],[-73.12087,4.94118],[-73.12053,4.94274],[-73.11941,4.94339],[-73.11582,4.94659],[-73.11529,4.94796],[-73.11533,4.95157],[-73.1123,4.95488],[-73.10993,4.95609],[-73.10889,4.95631],[-73.10671,4.95582],[-73.10463,4.95668],[-73.10407,4.95709],[-73.10389,4.95759],[-73.09801,4.96149],[-73.0959,4.96309],[-73.09492,4.96417],[-73.09121,4.9667],[-73.08842,4.96788],[-73.0865,4.96953],[-73.08525,4.97019],[-73.08238,4.97078],[-73.08082,4.97153],[-73.07998,4.97227],[-73.07912,4.97368],[-73.07779,4.97787],[-73.07657,4.97894],[-73.07085,4.98007],[-73.06918,4.98126],[-73.06816,4.98251],[-73.06692,4.98307],[-73.06615,4.98413],[-73.06486,4.9845],[-73.0639,4.98536],[-73.06355,4.98609],[-73.06157,4.98791],[-73.05991,4.99126],[-73.05808,4.99343],[-73.05656,4.99753],[-73.05363,4.99525],[-73.05283,4.99356],[-73.05042,4.99095],[-73.0471,4.98967],[-73.04556,4.98985],[-73.04471,4.98962],[-73.04233,4.98829],[-73.04139,4.98824],[-73.04093,4.98861],[-73.04039,4.98864],[-73.03995,4.9893],[-73.03912,4.98917],[-73.03833,4.98947],[-73.03728,4.98794],[-73.03626,4.98793],[-73.03139,4.99019],[-73.02999,4.99188],[-73.02887,4.9921],[-73.02826,4.99166],[-73.02754,4.99026],[-73.0275,4.98925],[-73.02814,4.98828],[-73.02939,4.98749],[-73.03094,4.98591],[-73.03108,4.98498],[-73.0304,4.98295],[-73.03051,4.98231],[-73.03082,4.98138],[-73.03075,4.98042],[-73.02968,4.9785],[-73.02931,4.97459],[-73.02937,4.96989],[-73.03048,4.96952],[-73.0317,4.96813],[-73.03275,4.96625],[-73.03321,4.96394],[-73.0335,4.96355],[-73.03475,4.96357],[-73.03554,4.96312],[-73.03574,4.96198],[-73.03538,4.95911],[-73.0362,4.95714],[-73.0372,4.95601],[-73.03777,4.95609],[-73.03817,4.95558],[-73.03857,4.95382],[-73.03943,4.94861],[-73.039,4.94784],[-73.03912,4.94579],[-73.03935,4.94545],[-73.04037,4.94522],[-73.04099,4.94437],[-73.04094,4.94269],[-73.04015,4.94035],[-73.03907,4.93927],[-73.03907,4.93867],[-73.03936,4.93802],[-73.04015,4.93733],[-73.0416,4.93782],[-73.04271,4.93717],[-73.04311,4.9354],[-73.04385,4.93403],[-73.04542,4.93232],[-73.04538,4.93167],[-73.04485,4.93093],[-73.04629,4.92962],[-73.04701,4.92847],[-73.04725,4.92783],[-73.04722,4.92659],[-73.04866,4.9244],[-73.04913,4.92225],[-73.04861,4.9179],[-73.04788,4.91615],[-73.04796,4.91402],[-73.04744,4.91101],[-73.04755,4.90992],[-73.04835,4.90878],[-73.04784,4.90595],[-73.04809,4.904],[-73.04705,4.90037],[-73.04344,4.8935],[-73.04204,4.89031],[-73.04163,4.88789],[-73.04232,4.88616],[-73.04253,4.88172],[-73.04234,4.88072],[-73.04139,4.879],[-73.04148,4.87833],[-73.0419,4.87743],[-73.04358,4.8758],[-73.04561,4.87265],[-73.04723,4.87182],[-73.04962,4.87184],[-73.05029,4.87158],[-73.05207,4.86989],[-73.05239,4.86833],[-73.05138,4.86704],[-73.05062,4.86466],[-73.05083,4.863],[-73.05183,4.86103],[-73.05577,4.85831],[-73.05715,4.85786],[-73.05917,4.85767],[-73.06055,4.85664],[-73.06156,4.85512],[-73.0617,4.854],[-73.06088,4.85182],[-73.06077,4.84941],[-73.06127,4.84844],[-73.0633,4.84681],[-73.06411,4.84543],[-73.06541,4.8445],[-73.06638,4.84289],[-73.06688,4.84061],[-73.06824,4.83821],[-73.06825,4.83539],[-73.0679,4.83407],[-73.06876,4.83094],[-73.06898,4.82737],[-73.0692,4.82691],[-73.07133,4.82635],[-73.07172,4.82569],[-73.07219,4.82403],[-73.07382,4.82065],[-73.07489,4.8195],[-73.07772,4.81074],[-73.07777,4.80973],[-73.07712,4.80797],[-73.07659,4.8075],[-73.07407,4.80654],[-73.07005,4.80219],[-73.06981,4.80147],[-73.07033,4.7992],[-73.07122,4.79849],[-73.07225,4.79678],[-73.07221,4.79603],[-73.07182,4.79529],[-73.06836,4.79228],[-73.06499,4.79154],[-73.06434,4.79114],[-73.06335,4.78944],[-73.06295,4.78697],[-73.06125,4.78496],[-73.06055,4.7835],[-73.06011,4.77879],[-73.05827,4.77636],[-73.05607,4.77544],[-73.05445,4.77372],[-73.05367,4.77057],[-73.05386,4.76944],[-73.05369,4.76863],[-73.05284,4.76756],[-73.05116,4.76651],[-73.05063,4.76576],[-73.04959,4.76356],[-73.04859,4.76038],[-73.04813,4.75976],[-73.04598,4.75851],[-73.04572,4.75798],[-73.04613,4.75367],[-73.0449,4.75114],[-73.04499,4.75048],[-73.04685,4.74427],[-73.04794,4.74242],[-73.0502,4.73903],[-73.05176,4.73783],[-73.05256,4.73633],[-73.05395,4.73684],[-73.05585,4.73682],[-73.05957,4.73355],[-73.06211,4.73185],[-73.06502,4.7319],[-73.0657,4.73228],[-73.06636,4.73314],[-73.0667,4.73431],[-73.06619,4.73636],[-73.06612,4.73826],[-73.06623,4.73933],[-73.06708,4.74048],[-73.06874,4.74066],[-73.07002,4.74043],[-73.07117,4.73987],[-73.07185,4.73919],[-73.07253,4.73808],[-73.07414,4.7334],[-73.07859,4.72649],[-73.07874,4.72581],[-73.07868,4.72512],[-73.07709,4.72326],[-73.07381,4.72087],[-73.07207,4.71993],[-73.07185,4.71935],[-73.07209,4.71867],[-73.07326,4.71738],[-73.0742,4.71566],[-73.07627,4.71333],[-73.07813,4.71207],[-73.07904,4.71111],[-73.08045,4.70892],[-73.0796,4.70439],[-73.08012,4.70247],[-73.08161,4.70076],[-73.08562,4.69829],[-73.08728,4.69545],[-73.08975,4.69315],[-73.09076,4.69146],[-73.09148,4.68882],[-73.09044,4.68617],[-73.08998,4.68388],[-73.08989,4.6817],[-73.09045,4.67884],[-73.09142,4.67621],[-73.09342,4.67453],[-73.09625,4.67326],[-73.09966,4.67031],[-73.10066,4.66854],[-73.10244,4.66288],[-73.10333,4.66126],[-73.10421,4.66049],[-73.1057,4.65979],[-73.10753,4.65962],[-73.10959,4.65997],[-73.11274,4.66123],[-73.11412,4.66288],[-73.11527,4.66495],[-73.12028,4.67083],[-73.12094,4.67143],[-73.12169,4.67156],[-73.12241,4.67134],[-73.12393,4.66802],[-73.12514,4.66674],[-73.12638,4.66599],[-73.12757,4.66552],[-73.13327,4.66499],[-73.1391,4.66148],[-73.14101,4.65904],[-73.14302,4.65767],[-73.14732,4.65534],[-73.14903,4.65524],[-73.15048,4.65563],[-73.15423,4.65728],[-73.15643,4.66025],[-73.16042,4.6628],[-73.16222,4.66329],[-73.16354,4.66331],[-73.16785,4.66518],[-73.17202,4.66618],[-73.17685,4.66683],[-73.18181,4.66812],[-73.18427,4.66975],[-73.18933,4.67223],[-73.19351,4.67214],[-73.19835,4.67448],[-73.20179,4.67668],[-73.20348,4.67894],[-73.2061,4.67974],[-73.20789,4.68059],[-73.20886,4.6805],[-73.21163,4.67939],[-73.21646,4.67665],[-73.21787,4.67636],[-73.22017,4.67653],[-73.22243,4.67738],[-73.22352,4.67858],[-73.22573,4.68261],[-73.22621,4.68486],[-73.2268,4.68609],[-73.2295,4.68983],[-73.23407,4.69392],[-73.23465,4.69515],[-73.23461,4.69567],[-73.23302,4.69769],[-73.23264,4.70058],[-73.23011,4.70538],[-73.22861,4.71003],[-73.22881,4.71171],[-73.22823,4.71497],[-73.21973,4.72491],[-73.21958,4.72591],[-73.22053,4.73014],[-73.22304,4.73329],[-73.22396,4.73355],[-73.22776,4.73364],[-73.23059,4.73478],[-73.23207,4.73446],[-73.23261,4.73476],[-73.23362,4.73626],[-73.23635,4.73674],[-73.23807,4.73597],[-73.23964,4.73474],[-73.2409,4.73433],[-73.24301,4.73486],[-73.24452,4.73463],[-73.24506,4.7334],[-73.24571,4.73268],[-73.24715,4.73265],[-73.24819,4.73321],[-73.2498,4.73532],[-73.25086,4.7362],[-73.25142,4.73628],[-73.25196,4.73584],[-73.25353,4.73399],[-73.25472,4.73385],[-73.25584,4.73463],[-73.25461,4.7379],[-73.25533,4.73898],[-73.25724,4.73873],[-73.26027,4.7368],[-73.2626,4.73673],[-73.26567,4.73935],[-73.26851,4.74073],[-73.26902,4.74064],[-73.27038,4.73941],[-73.27286,4.73581],[-73.27487,4.73451],[-73.27697,4.73234],[-73.27785,4.72849],[-73.27827,4.72798],[-73.28003,4.72789],[-73.28121,4.72697],[-73.28221,4.72506],[-73.28264,4.7227],[-73.2832,4.72228],[-73.29116,4.72375],[-73.29288,4.72484],[-73.29427,4.72681],[-73.29528,4.72762],[-73.2965,4.72817],[-73.29787,4.72852],[-73.30106,4.72835],[-73.30302,4.72892],[-73.30712,4.73227],[-73.30843,4.73604],[-73.30982,4.73637],[-73.30889,4.73965],[-73.30744,4.74173],[-73.30604,4.74466],[-73.30572,4.74657],[-73.30635,4.74755],[-73.30821,4.74834],[-73.30904,4.74918],[-73.30964,4.75044],[-73.31035,4.75276],[-73.30984,4.75615],[-73.30988,4.75842],[-73.31011,4.75929],[-73.31254,4.7628],[-73.31345,4.76484],[-73.31267,4.76713],[-73.31262,4.76821],[-73.31298,4.76964],[-73.31382,4.77054],[-73.31655,4.77198],[-73.31762,4.77348],[-73.32062,4.7755],[-73.32088,4.77592],[-73.32051,4.77814],[-73.32085,4.77929],[-73.32164,4.77955],[-73.32376,4.77937],[-73.32435,4.77961],[-73.32493,4.78021],[-73.32489,4.78212],[-73.32528,4.78251],[-73.32649,4.78297],[-73.32864,4.7828],[-73.3298,4.78313],[-73.33132,4.78458],[-73.33176,4.78668],[-73.33382,4.7885],[-73.33457,4.78878],[-73.33696,4.78878],[-73.33855,4.79061],[-73.33934,4.79102],[-73.34097,4.79132],[-73.3401,4.79674],[-73.33672,4.79962],[-73.33504,4.80187],[-73.33466,4.80291],[-73.33223,4.80573],[-73.33192,4.80691],[-73.33156,4.80736],[-73.32982,4.80771],[-73.33053,4.80815],[-73.33162,4.81137],[-73.33287,4.81382],[-73.33555,4.81699],[-73.33694,4.81751],[-73.33916,4.82081],[-73.33968,4.82226],[-73.33984,4.82299],[-73.33965,4.82392],[-73.33774,4.82793],[-73.33692,4.83123],[-73.33521,4.83289],[-73.33483,4.83357],[-73.33482,4.83581],[-73.33458,4.83643],[-73.3339,4.83709],[-73.33246,4.84118],[-73.33049,4.84336],[-73.32821,4.84723],[-73.32698,4.84875],[-73.32421,4.85112],[-73.32273,4.85208],[-73.32105,4.85276],[-73.31936,4.85423],[-73.31797,4.8566],[-73.3171,4.85761],[-73.31696,4.85856],[-73.31658,4.85913],[-73.31416,4.86183],[-73.31046,4.86761],[-73.30618,4.87194],[-73.30588,4.87265],[-73.30515,4.87317],[-73.3033,4.87537],[-73.29864,4.87943],[-73.29807,4.88022],[-73.29758,4.88191],[-73.29801,4.88336],[-73.29809,4.88548],[-73.29858,4.88661],[-73.29945,4.8872],[-73.29958,4.88979],[-73.30026,4.89329],[-73.30006,4.8952],[-73.30023,4.89585],[-73.29984,4.89732],[-73.3008,4.89885],[-73.30003,4.90229],[-73.299,4.90302],[-73.29946,4.90492],[-73.30026,4.90615],[-73.30005,4.9083],[-73.30376,4.91009],[-73.30433,4.91104],[-73.30439,4.91314],[-73.30498,4.91399],[-73.30781,4.9153],[-73.30995,4.91901],[-73.31147,4.91959],[-73.31232,4.91959],[-73.31311,4.9194],[-73.31515,4.91812],[-73.32081,4.91349],[-73.32209,4.91319],[-73.32391,4.9121],[-73.32459,4.91115],[-73.32451,4.91044],[-73.32372,4.90697],[-73.32295,4.90492],[-73.32348,4.90462],[-73.32487,4.90462],[-73.32719,4.90282],[-73.32874,4.90233],[-73.33173,4.89872],[-73.33333,4.89921],[-73.33423,4.89918],[-73.33472,4.8997],[-73.33556,4.8993],[-73.33602,4.89856],[-73.33638,4.89842],[-73.337,4.8987],[-73.33739,4.89851],[-73.33823,4.89739],[-73.33913,4.89695],[-73.34085,4.89406],[-73.34171,4.89341],[-73.3434,4.89379],[-73.3452,4.8938],[-73.34571,4.89451],[-73.34631,4.89448],[-73.3471,4.89394],[-73.34821,4.89402],[-73.34881,4.89366],[-73.34925,4.89424],[-73.35023,4.89375],[-73.35156,4.89367],[-73.35243,4.89329],[-73.35417,4.89348],[-73.354,4.89391],[-73.35459,4.89481],[-73.35469,4.89586],[-73.35445,4.89659],[-73.35477,4.89739],[-73.35438,4.89856],[-73.35516,4.89937],[-73.35559,4.90077],[-73.35669,4.90107],[-73.35668,4.90167],[-73.35717,4.90226],[-73.35707,4.90383],[-73.35764,4.90498],[-73.35829,4.90556],[-73.35835,4.90689],[-73.3589,4.90764],[-73.35937,4.91088],[-73.36098,4.9137],[-73.36138,4.91395],[-73.36183,4.91487],[-73.36238,4.91522],[-73.36207,4.91796],[-73.36376,4.91917],[-73.36586,4.9196],[-73.36988,4.92214],[-73.37304,4.92521],[-73.37438,4.92736],[-73.3755,4.92863],[-73.37439,4.9297],[-73.37317,4.93192],[-73.3715,4.93409],[-73.37097,4.93588],[-73.36871,4.93963],[-73.36815,4.94007],[-73.36681,4.9397],[-73.36414,4.93966],[-73.36193,4.94093],[-73.3583,4.94422],[-73.35549,4.94864],[-73.3545,4.95071],[-73.35434,4.95567],[-73.3536,4.9575],[-73.35337,4.95926],[-73.35384,4.96145],[-73.35267,4.96422],[-73.35217,4.96776],[-73.35129,4.96985],[-73.34929,4.97192],[-73.34728,4.97307],[-73.34401,4.97567],[-73.34305,4.97681],[-73.35007,4.98197],[-73.35228,4.98489],[-73.35292,4.98918],[-73.35613,4.9941],[-73.35617,4.99518],[-73.35544,4.99867],[-73.35554,5.00238],[-73.35602,5.00342],[-73.36023,5.00672],[-73.36137,5.00817],[-73.36161,5.00956],[-73.36445,5.01426],[-73.36582,5.01359],[-73.36672,5.01346],[-73.37143,5.01376],[-73.37269,5.01457],[-73.37361,5.0159],[-73.37494,5.01623],[-73.37693,5.01591],[-73.38115,5.01659],[-73.38447,5.01642],[-73.38557,5.01635],[-73.38861,5.01525],[-73.38965,5.01738],[-73.39025,5.02122],[-73.39144,5.02393],[-73.39092,5.02541],[-73.39124,5.02784],[-73.39235,5.02915],[-73.39313,5.03081],[-73.39279,5.03238],[-73.39408,5.03352],[-73.39462,5.03463],[-73.39395,5.03667],[-73.39468,5.03874],[-73.39313,5.04077],[-73.39323,5.04237],[-73.39273,5.04417],[-73.39379,5.04803],[-73.394,5.04927],[-73.39384,5.05032],[-73.39231,5.05113],[-73.39201,5.05154],[-73.39186,5.05281],[-73.39217,5.05407],[-73.39199,5.05473],[-73.39152,5.05522],[-73.3905,5.05556],[-73.39002,5.05616],[-73.39014,5.05678],[-73.39115,5.05798],[-73.38963,5.05955],[-73.38886,5.06433],[-73.38895,5.0651],[-73.39035,5.06678],[-73.3902,5.06876],[-73.3897,5.06939],[-73.38795,5.0702],[-73.38667,5.07135],[-73.38703,5.07411],[-73.38657,5.07687],[-73.386,5.07822],[-73.3851,5.0794],[-73.3851,5.08128],[-73.38425,5.08257],[-73.38389,5.08484],[-73.38436,5.08519],[-73.3852,5.08515],[-73.38659,5.08573],[-73.38977,5.08773],[-73.39143,5.0897],[-73.3926,5.09221],[-73.3941,5.09386],[-73.3946,5.09578],[-73.39488,5.09574],[-73.39581,5.09762],[-73.39595,5.09862],[-73.39679,5.09938],[-73.39733,5.10132],[-73.39775,5.10187],[-73.39867,5.10203],[-73.4002,5.10163],[-73.40188,5.10259],[-73.40375,5.10409],[-73.40548,5.1047],[-73.40767,5.10703],[-73.40973,5.10847],[-73.40998,5.10949],[-73.41057,5.10998],[-73.4113,5.1101],[-73.41178,5.11049],[-73.41212,5.11034],[-73.41242,5.11058],[-73.4126,5.11038],[-73.41313,5.11053],[-73.41578,5.11269],[-73.41804,5.11287],[-73.41842,5.11316],[-73.41967,5.11545],[-73.42013,5.11749],[-73.41962,5.12112],[-73.41973,5.12191],[-73.42074,5.12366],[-73.42429,5.12677],[-73.4247,5.12799],[-73.42573,5.12916],[-73.42639,5.13084],[-73.4291,5.13325],[-73.43156,5.13594],[-73.43231,5.13795],[-73.43363,5.14021],[-73.43569,5.14271],[-73.43604,5.14475],[-73.43865,5.14805],[-73.43921,5.14917],[-73.43983,5.15215],[-73.43956,5.15541],[-73.43897,5.15704],[-73.43859,5.15757],[-73.43741,5.15828],[-73.4369,5.15938],[-73.43636,5.16071],[-73.43527,5.16524],[-73.43018,5.17274],[-73.42806,5.17442],[-73.42755,5.17559],[-73.42732,5.17758],[-73.42561,5.18168],[-73.42512,5.18234],[-73.4241,5.18336],[-73.42222,5.18463],[-73.42085,5.18625],[-73.41861,5.18828],[-73.4165,5.18905],[-73.41232,5.19457],[-73.41199,5.19638],[-73.40923,5.19669],[-73.40682,5.1984],[-73.40595,5.19968],[-73.40515,5.20185],[-73.40303,5.20521],[-73.40101,5.20956],[-73.39953,5.21147],[-73.39831,5.21261],[-73.3966,5.2128],[-73.3958,5.21319],[-73.39524,5.21439],[-73.39388,5.21588],[-73.39323,5.21651],[-73.39238,5.21685],[-73.39222,5.21783],[-73.39248,5.21905],[-73.39458,5.22132],[-73.39507,5.22235],[-73.39517,5.22336],[-73.396,5.22371],[-73.39824,5.22655],[-73.39887,5.22688],[-73.40094,5.22717],[-73.40181,5.22953],[-73.40335,5.23037],[-73.4041,5.23111],[-73.40371,5.23401],[-73.40276,5.23553],[-73.40287,5.23721],[-73.40229,5.23926],[-73.40269,5.24029],[-73.40202,5.24121],[-73.40172,5.24248],[-73.40134,5.24274],[-73.40027,5.24333],[-73.39965,5.2441],[-73.3976,5.24497],[-73.39642,5.24582],[-73.39565,5.24667],[-73.39508,5.24791],[-73.39243,5.24987],[-73.3923,5.25068],[-73.39181,5.25138],[-73.39069,5.25181],[-73.38888,5.25345],[-73.38739,5.25416],[-73.38474,5.2573],[-73.38102,5.25941],[-73.37904,5.26221],[-73.37825,5.26246],[-73.37499,5.26233],[-73.37383,5.26287],[-73.37328,5.26282],[-73.37294,5.26333],[-73.36942,5.26574],[-73.36773,5.26517],[-73.3658,5.26587],[-73.36417,5.26586],[-73.3638,5.26653],[-73.35905,5.27064],[-73.35884,5.27274],[-73.35916,5.27429],[-73.35814,5.27744],[-73.35703,5.2781],[-73.34895,5.28115],[-73.34735,5.2825],[-73.34217,5.28181],[-73.34086,5.28063],[-73.33851,5.27963],[-73.33707,5.27832],[-73.33555,5.27416],[-73.33352,5.27122],[-73.33244,5.26674],[-73.3313,5.26528],[-73.33119,5.26438],[-73.32957,5.26166],[-73.32801,5.26106],[-73.32759,5.25777],[-73.32712,5.25735],[-73.32693,5.25665],[-73.32596,5.25607],[-73.3259,5.25563],[-73.32482,5.25479],[-73.3245,5.25308],[-73.32374,5.25165],[-73.3227,5.25139],[-73.32269,5.25105],[-73.32205,5.25074],[-73.3218,5.2499],[-73.32032,5.24922],[-73.32054,5.248],[-73.31985,5.24641],[-73.31993,5.245],[-73.31941,5.24413],[-73.31999,5.24208],[-73.32018,5.24176],[-73.32109,5.24155],[-73.32167,5.2407],[-73.32282,5.24042],[-73.3232,5.23958],[-73.32439,5.23977],[-73.32475,5.23877],[-73.32371,5.23824],[-73.3229,5.23719],[-73.32095,5.23659],[-73.32044,5.23617],[-73.32029,5.23519],[-73.32066,5.23435],[-73.32074,5.23318],[-73.32007,5.23143],[-73.31965,5.23108],[-73.31638,5.2305],[-73.31353,5.22888],[-73.31226,5.22767],[-73.3096,5.22755],[-73.30807,5.22487],[-73.30601,5.22285],[-73.30554,5.22072],[-73.30477,5.22045],[-73.30466,5.2192],[-73.30348,5.21736],[-73.30298,5.21708],[-73.30242,5.21728],[-73.30158,5.21712],[-73.30028,5.21639],[-73.29832,5.21434],[-73.29787,5.21349],[-73.2963,5.21291],[-73.29549,5.21159],[-73.29436,5.21045],[-73.29236,5.20985],[-73.29035,5.20889],[-73.28913,5.20762],[-73.28682,5.20726],[-73.28432,5.2073],[-73.28345,5.20671],[-73.28393,5.20593],[-73.28552,5.20499],[-73.29141,5.20047],[-73.29477,5.19974],[-73.2959,5.19981],[-73.29613,5.1991],[-73.29567,5.19832],[-73.29477,5.19737],[-73.29193,5.196],[-73.28457,5.1882],[-73.2802,5.18617],[-73.27558,5.18124],[-73.27052,5.1767],[-73.26772,5.1752],[-73.26466,5.17489],[-73.25929,5.17316],[-73.25806,5.17253],[-73.25686,5.16914],[-73.25644,5.16535],[-73.25663,5.16358],[-73.25766,5.16065],[-73.25943,5.15788],[-73.26058,5.15676],[-73.26248,5.15592],[-73.26417,5.15557],[-73.26777,5.1554],[-73.26576,5.15461],[-73.25756,5.15356],[-73.25544,5.15356],[-73.25106,5.1526],[-73.24849,5.15161],[-73.24568,5.15],[-73.24354,5.14606],[-73.2426,5.14488],[-73.24172,5.14433],[-73.23935,5.1442],[-73.23653,5.14554],[-73.23312,5.14462],[-73.23058,5.14312],[-73.23172,5.14214],[-73.23346,5.14128],[-73.23429,5.14059],[-73.23615,5.13831],[-73.23609,5.13709],[-73.23567,5.13627],[-73.2338,5.13524],[-73.23369,5.13363],[-73.2324,5.13115],[-73.23368,5.12883],[-73.23684,5.12566],[-73.23761,5.12306],[-73.23846,5.1216],[-73.23978,5.11622],[-73.23865,5.11432],[-73.23868,5.11381],[-73.2394,5.11308],[-73.2399,5.11187],[-73.24055,5.11164],[-73.24075,5.11085],[-73.24153,5.11029],[-73.24181,5.10862],[-73.24499,5.10684],[-73.24654,5.10525],[-73.2502,5.10391],[-73.25008,5.10226],[-73.25033,5.10114],[-73.2522,5.10021],[-73.25334,5.09924],[-73.25405,5.09817],[-73.255,5.09807],[-73.25505,5.0973],[-73.25588,5.0968],[-73.25629,5.0961],[-73.25601,5.09534],[-73.25494,5.09445],[-73.25476,5.09227],[-73.25413,5.09118],[-73.25428,5.09013],[-73.25334,5.08968],[-73.25335,5.08882],[-73.25304,5.08834],[-73.25236,5.08807],[-73.25174,5.08732],[-73.25051,5.08671],[-73.2502,5.08627],[-73.25143,5.08391],[-73.25111,5.08221],[-73.25171,5.08148],[-73.25188,5.08028],[-73.25077,5.07759],[-73.2517,5.07661],[-73.25127,5.07578],[-73.25151,5.07499],[-73.25079,5.07444],[-73.25116,5.07338],[-73.24916,5.07227],[-73.2485,5.06898],[-73.24764,5.06866],[-73.24635,5.06888],[-73.24481,5.06801],[-73.24369,5.06782],[-73.2424,5.06599],[-73.242,5.06399],[-73.24152,5.06348],[-73.24016,5.06321],[-73.23829,5.06329],[-73.23727,5.06267],[-73.23622,5.06311],[-73.23486,5.06288],[-73.23338,5.06171],[-73.23287,5.06023],[-73.23152,5.05945],[-73.23217,5.05694],[-73.23109,5.05511],[-73.23035,5.05496],[-73.23004,5.05458],[-73.2303,5.05392],[-73.22964,5.05271],[-73.22941,5.05169],[-73.22975,5.05026],[-73.22925,5.04978],[-73.22813,5.04956],[-73.22781,5.04782],[-73.22822,5.04679],[-73.22929,5.04585],[-73.22928,5.04554],[-73.22788,5.04401],[-73.22907,5.04305],[-73.22985,5.04164],[-73.22962,5.04118],[-73.22856,5.04064],[-73.22812,5.03941],[-73.22696,5.03869],[-73.22645,5.038],[-73.228,5.03561],[-73.22827,5.03337],[-73.22958,5.03163],[-73.22955,5.03125],[-73.22915,5.03096],[-73.22756,5.03074],[-73.22571,5.02876],[-73.22498,5.02654],[-73.22325,5.02469],[-73.22297,5.02355],[-73.22242,5.02275],[-73.22195,5.0212],[-73.22225,5.01969],[-73.22206,5.019],[-73.22114,5.01887],[-73.22018,5.01947],[-73.21979,5.0188],[-73.21863,5.01844],[-73.21743,5.0176],[-73.2156,5.01793],[-73.21516,5.01723],[-73.21524,5.01641],[-73.21422,5.01511],[-73.21422,5.01444],[-73.21513,5.01263],[-73.21511,5.01135],[-73.21584,5.01018],[-73.21599,5.00946],[-73.21543,5.00863],[-73.21434,5.00853],[-73.21392,5.00812],[-73.21378,5.007],[-73.21289,5.00539],[-73.21333,5.00417],[-73.21315,5.00287],[-73.21388,5.00113],[-73.21366,5.00079],[-73.21202,5.00055],[-73.21206,5.00013],[-73.21329,4.99882],[-73.21357,4.99784],[-73.21239,4.99589],[-73.21229,4.99533],[-73.21284,4.99506],[-73.21417,4.99528],[-73.21441,4.99484],[-73.21433,4.99373],[-73.21469,4.99336],[-73.21512,4.99338],[-73.21561,4.994],[-73.21598,4.99381],[-73.21846,4.98915],[-73.21919,4.98837],[-73.21921,4.98701],[-73.21964,4.98524],[-73.22029,4.98428],[-73.21936,4.98377],[-73.21947,4.98263],[-73.22205,4.98125],[-73.22202,4.98103],[-73.22087,4.9807],[-73.22053,4.98004],[-73.22134,4.97889],[-73.22142,4.97803],[-73.22212,4.97735],[-73.22188,4.97572],[-73.22232,4.97476],[-73.22232,4.97375],[-73.2229,4.97298],[-73.2229,4.9724],[-73.2221,4.97071]]]}},{"type":"Feature","properties":{"PROVINCIA":"Norte","N_MUNICIPIOS":9},"geometry":{"type":"Polygon","coordinates":[[[-72.65505,6.06852],[-72.65592,6.06791],[-72.65627,6.06718],[-72.65701,6.06311],[-72.65705,6.06196],[-72.65792,6.06075],[-72.65903,6.05786],[-72.66022,6.05622],[-72.661,6.05592],[-72.66255,6.05612],[-72.66717,6.05526],[-72.66889,6.05356],[-72.67043,6.05322],[-72.67189,6.05082],[-72.67322,6.05084],[-72.67498,6.04968],[-72.67707,6.04985],[-72.67864,6.04858],[-72.67947,6.04608],[-72.68039,6.04471],[-72.68024,6.04164],[-72.68147,6.0392],[-72.6832,6.03768],[-72.68427,6.03752],[-72.68651,6.03769],[-72.68769,6.03704],[-72.68801,6.03462],[-72.68897,6.03245],[-72.69199,6.02928],[-72.69389,6.02869],[-72.69769,6.02541],[-72.69919,6.02194],[-72.70126,6.02051],[-72.70167,6.01915],[-72.70161,6.01834],[-72.7027,6.01777],[-72.70439,6.01834],[-72.70726,6.02118],[-72.71128,6.02311],[-72.71229,6.02435],[-72.71249,6.02524],[-72.71384,6.02665],[-72.71479,6.02726],[-72.71657,6.02768],[-72.71965,6.02774],[-72.71817,6.03026],[-72.71801,6.03111],[-72.71859,6.03263],[-72.71797,6.03339],[-72.7189,6.03418],[-72.71976,6.03542],[-72.72003,6.03789],[-72.71977,6.03954],[-72.71814,6.04437],[-72.71769,6.04509],[-72.71598,6.04599],[-72.71547,6.04709],[-72.71595,6.04769],[-72.71577,6.04802],[-72.71683,6.04971],[-72.71681,6.05295],[-72.71498,6.05795],[-72.7157,6.05981],[-72.71629,6.06255],[-72.71696,6.06288],[-72.71804,6.06217],[-72.71829,6.06238],[-72.71857,6.06285],[-72.71861,6.0649],[-72.71906,6.06563],[-72.72143,6.06644],[-72.72257,6.06781],[-72.724,6.06875],[-72.72481,6.06797],[-72.72488,6.06831],[-72.7257,6.0688],[-72.72701,6.06834],[-72.73048,6.06846],[-72.73134,6.06877],[-72.73173,6.06935],[-72.73209,6.06886],[-72.73472,6.07096],[-72.73897,6.07116],[-72.74072,6.07263],[-72.73946,6.07358],[-72.74059,6.07392],[-72.74303,6.07542],[-72.74415,6.0766],[-72.74584,6.07656],[-72.74699,6.07721],[-72.75007,6.07771],[-72.75175,6.07831],[-72.75349,6.07906],[-72.75602,6.08125],[-72.757,6.08176],[-72.76036,6.08195],[-72.76349,6.08152],[-72.76827,6.0822],[-72.77064,6.08178],[-72.77391,6.08373],[-72.77693,6.08448],[-72.77924,6.08614],[-72.7809,6.0884],[-72.78249,6.08972],[-72.78287,6.09179],[-72.78333,6.09253],[-72.78751,6.09355],[-72.78901,6.09497],[-72.79039,6.09682],[-72.7918,6.09747],[-72.79492,6.09996],[-72.79622,6.09906],[-72.79781,6.09682],[-72.79883,6.09372],[-72.79993,6.09172],[-72.80138,6.09099],[-72.80203,6.09032],[-72.80405,6.0908],[-72.80503,6.09153],[-72.80572,6.09222],[-72.80674,6.09423],[-72.80805,6.09483],[-72.81041,6.0952],[-72.80943,6.09731],[-72.80851,6.10461],[-72.80922,6.10548],[-72.80935,6.10713],[-72.81118,6.10819],[-72.81284,6.10858],[-72.81396,6.10836],[-72.81549,6.10688],[-72.817,6.10625],[-72.81855,6.10659],[-72.81939,6.10733],[-72.82171,6.10842],[-72.82345,6.11115],[-72.82564,6.11266],[-72.82709,6.11447],[-72.82641,6.11543],[-72.82533,6.11558],[-72.82514,6.11808],[-72.82476,6.11807],[-72.82349,6.11676],[-72.82313,6.11701],[-72.82324,6.11763],[-72.82425,6.11841],[-72.82549,6.12059],[-72.82634,6.12127],[-72.82901,6.12089],[-72.82929,6.12119],[-72.83052,6.12131],[-72.83434,6.12463],[-72.83532,6.12512],[-72.83608,6.12797],[-72.83754,6.13062],[-72.83749,6.13256],[-72.8367,6.13264],[-72.83614,6.13315],[-72.83568,6.13413],[-72.83552,6.13633],[-72.83449,6.13742],[-72.83161,6.13769],[-72.83108,6.13888],[-72.82934,6.14126],[-72.82945,6.14526],[-72.82862,6.14975],[-72.82853,6.15288],[-72.82753,6.15411],[-72.82541,6.15805],[-72.82622,6.16339],[-72.82619,6.1655],[-72.82512,6.16707],[-72.82466,6.16998],[-72.82162,6.17418],[-72.82079,6.17472],[-72.81961,6.17637],[-72.81905,6.17884],[-72.81984,6.18093],[-72.81957,6.18218],[-72.81893,6.18309],[-72.81733,6.18383],[-72.81634,6.18476],[-72.81383,6.18793],[-72.81126,6.19193],[-72.81026,6.19598],[-72.81012,6.19774],[-72.81034,6.19835],[-72.80977,6.20182],[-72.8065,6.20699],[-72.8037,6.20964],[-72.80334,6.21247],[-72.80403,6.21541],[-72.80374,6.21597],[-72.8024,6.21655],[-72.79803,6.21716],[-72.7957,6.2185],[-72.79424,6.21899],[-72.79337,6.21894],[-72.78348,6.21389],[-72.78103,6.2121],[-72.77963,6.21041],[-72.77851,6.21017],[-72.77624,6.21073],[-72.77502,6.21048],[-72.7708,6.21437],[-72.76959,6.21727],[-72.76774,6.21993],[-72.7671,6.22031],[-72.76422,6.22001],[-72.76324,6.21824],[-72.76188,6.21746],[-72.76076,6.21765],[-72.75962,6.21845],[-72.75884,6.21863],[-72.75495,6.21881],[-72.75372,6.22051],[-72.75158,6.2223],[-72.75048,6.22362],[-72.75006,6.2256],[-72.7494,6.22671],[-72.74837,6.22737],[-72.74551,6.22802],[-72.74468,6.22918],[-72.74406,6.23241],[-72.74453,6.23533],[-72.74508,6.23581],[-72.74681,6.23643],[-72.74766,6.23718],[-72.74847,6.23795],[-72.74876,6.2391],[-72.7489,6.24248],[-72.74802,6.24553],[-72.74792,6.24686],[-72.74827,6.24843],[-72.74973,6.25078],[-72.74993,6.2515],[-72.74967,6.25256],[-72.74418,6.25843],[-72.74379,6.25933],[-72.74425,6.26075],[-72.7458,6.26236],[-72.74496,6.26491],[-72.74483,6.26634],[-72.74548,6.27165],[-72.74578,6.27235],[-72.74586,6.27488],[-72.74697,6.27629],[-72.74928,6.2766],[-72.75239,6.27847],[-72.75399,6.27888],[-72.75464,6.27964],[-72.75491,6.28072],[-72.75495,6.287],[-72.75402,6.29231],[-72.75445,6.29394],[-72.75436,6.29611],[-72.75475,6.29741],[-72.75584,6.30009],[-72.75678,6.30119],[-72.75751,6.30266],[-72.75826,6.30589],[-72.75813,6.30681],[-72.75681,6.3096],[-72.75801,6.31304],[-72.75758,6.317],[-72.75714,6.31751],[-72.75389,6.31884],[-72.75318,6.31985],[-72.75219,6.32241],[-72.74995,6.32364],[-72.74964,6.32438],[-72.75033,6.32563],[-72.75075,6.32722],[-72.75001,6.3321],[-72.75076,6.33436],[-72.75074,6.3354],[-72.74928,6.33776],[-72.74907,6.33931],[-72.74927,6.34184],[-72.74911,6.34371],[-72.74854,6.34587],[-72.74838,6.34763],[-72.74521,6.34957],[-72.73903,6.35421],[-72.73743,6.35491],[-72.73303,6.35529],[-72.73245,6.35614],[-72.73144,6.35693],[-72.73129,6.35749],[-72.73192,6.35886],[-72.73205,6.35996],[-72.73128,6.36232],[-72.73129,6.36672],[-72.72954,6.36835],[-72.72745,6.36908],[-72.72577,6.37163],[-72.72559,6.37206],[-72.7262,6.37454],[-72.72878,6.37694],[-72.72943,6.37802],[-72.7295,6.37898],[-72.72906,6.38107],[-72.72971,6.38315],[-72.73102,6.38423],[-72.73295,6.38526],[-72.73297,6.38753],[-72.73234,6.39344],[-72.73237,6.39671],[-72.73299,6.39822],[-72.73323,6.3996],[-72.734,6.40089],[-72.73425,6.40253],[-72.73451,6.40675],[-72.73492,6.40832],[-72.73449,6.41257],[-72.73504,6.41594],[-72.7344,6.41907],[-72.73476,6.42155],[-72.73453,6.42637],[-72.73517,6.43139],[-72.73353,6.43561],[-72.73407,6.43644],[-72.73636,6.43799],[-72.73702,6.43906],[-72.73778,6.43971],[-72.73798,6.44027],[-72.73755,6.44133],[-72.73536,6.44265],[-72.73353,6.44414],[-72.73201,6.44611],[-72.73181,6.44789],[-72.73095,6.44966],[-72.72743,6.45423],[-72.72528,6.45595],[-72.72488,6.4567],[-72.72506,6.4576],[-72.72585,6.4586],[-72.72846,6.46451],[-72.72898,6.46515],[-72.7298,6.46562],[-72.73086,6.46737],[-72.73181,6.46784],[-72.73348,6.46976],[-72.73419,6.4713],[-72.73682,6.47303],[-72.737,6.47939],[-72.73826,6.48348],[-72.73765,6.48553],[-72.73747,6.48782],[-72.73592,6.49069],[-72.74021,6.49242],[-72.74325,6.49252],[-72.74481,6.49308],[-72.74616,6.4932],[-72.74778,6.49451],[-72.7492,6.49481],[-72.75208,6.49476],[-72.7545,6.4938],[-72.75614,6.49386],[-72.75918,6.49575],[-72.75958,6.49642],[-72.75944,6.49697],[-72.76017,6.49728],[-72.76078,6.49816],[-72.76366,6.49846],[-72.76538,6.49914],[-72.76763,6.50248],[-72.7687,6.50313],[-72.77123,6.50739],[-72.77253,6.50848],[-72.77266,6.5118],[-72.77357,6.51419],[-72.77391,6.516],[-72.77365,6.51937],[-72.77387,6.52066],[-72.7753,6.52358],[-72.77668,6.5247],[-72.77755,6.52593],[-72.77845,6.52869],[-72.77923,6.52925],[-72.78543,6.53123],[-72.78709,6.53136],[-72.78823,6.53179],[-72.78999,6.5311],[-72.79119,6.53002],[-72.79218,6.53059],[-72.79458,6.52995],[-72.79707,6.53005],[-72.79866,6.53218],[-72.80002,6.53352],[-72.8036,6.53627],[-72.80404,6.53697],[-72.80515,6.5377],[-72.80787,6.53829],[-72.80858,6.53881],[-72.80971,6.54111],[-72.81095,6.54238],[-72.80885,6.5426],[-72.80737,6.54358],[-72.80603,6.54624],[-72.80568,6.54863],[-72.8058,6.55398],[-72.80871,6.55687],[-72.80904,6.55863],[-72.80886,6.55921],[-72.80858,6.55953],[-72.80581,6.56023],[-72.80487,6.56022],[-72.80421,6.56055],[-72.80153,6.56373],[-72.79995,6.56459],[-72.79716,6.56746],[-72.79534,6.5688],[-72.79414,6.56911],[-72.79254,6.56849],[-72.79193,6.56855],[-72.78756,6.57227],[-72.78315,6.57402],[-72.7827,6.57468],[-72.78299,6.57823],[-72.78187,6.57975],[-72.77905,6.58037],[-72.77642,6.57906],[-72.77473,6.5786],[-72.77441,6.57867],[-72.77407,6.57968],[-72.77362,6.57996],[-72.77142,6.57975],[-72.76898,6.5804],[-72.7677,6.58211],[-72.76672,6.58279],[-72.76377,6.5827],[-72.76017,6.58164],[-72.75959,6.58112],[-72.75885,6.57919],[-72.75696,6.57669],[-72.75595,6.57601],[-72.75391,6.57561],[-72.75305,6.57501],[-72.75093,6.57263],[-72.74973,6.5718],[-72.74887,6.57041],[-72.74798,6.5699],[-72.74438,6.56955],[-72.74274,6.56891],[-72.74248,6.56779],[-72.74345,6.56543],[-72.74452,6.56116],[-72.74436,6.55991],[-72.74343,6.55892],[-72.74108,6.55794],[-72.73974,6.55676],[-72.73714,6.55536],[-72.73481,6.55506],[-72.73358,6.554],[-72.73228,6.55354],[-72.73133,6.55215],[-72.72997,6.55147],[-72.72826,6.5516],[-72.72697,6.55216],[-72.72553,6.55194],[-72.72492,6.55243],[-72.72454,6.55378],[-72.72401,6.5541],[-72.72136,6.55394],[-72.72067,6.55367],[-72.71914,6.5527],[-72.71848,6.55063],[-72.71665,6.5493],[-72.71501,6.54691],[-72.71372,6.54594],[-72.71289,6.54408],[-72.71199,6.54305],[-72.7107,6.54249],[-72.7087,6.54209],[-72.70417,6.53975],[-72.70358,6.53923],[-72.70313,6.53853],[-72.70306,6.53793],[-72.7033,6.53782],[-72.70274,6.53592],[-72.7028,6.53478],[-72.70336,6.53329],[-72.7032,6.53224],[-72.7023,6.53146],[-72.70089,6.52803],[-72.69981,6.52721],[-72.69655,6.52629],[-72.69545,6.52529],[-72.69503,6.52446],[-72.69504,6.52375],[-72.69594,6.52203],[-72.69614,6.52078],[-72.69586,6.51995],[-72.69396,6.51848],[-72.69385,6.5175],[-72.69444,6.51541],[-72.69406,6.51391],[-72.69344,6.5133],[-72.6896,6.51103],[-72.68715,6.50882],[-72.68601,6.50635],[-72.6857,6.50438],[-72.68458,6.50352],[-72.68454,6.50242],[-72.68368,6.50169],[-72.68327,6.50084],[-72.68324,6.49849],[-72.68283,6.4963],[-72.68086,6.49422],[-72.68045,6.49276],[-72.67947,6.49111],[-72.67931,6.48959],[-72.67991,6.48728],[-72.67999,6.48527],[-72.67952,6.48276],[-72.67787,6.48007],[-72.6782,6.47787],[-72.67772,6.47582],[-72.676,6.47245],[-72.67438,6.47164],[-72.67368,6.47068],[-72.67301,6.46761],[-72.67206,6.46589],[-72.67082,6.46268],[-72.67021,6.46194],[-72.6677,6.46045],[-72.66697,6.45969],[-72.66644,6.45802],[-72.66637,6.45524],[-72.66532,6.45373],[-72.66472,6.45152],[-72.66358,6.44947],[-72.66315,6.44734],[-72.66227,6.44585],[-72.66077,6.44434],[-72.66062,6.4432],[-72.65854,6.44323],[-72.65807,6.44273],[-72.65541,6.44204],[-72.65231,6.43984],[-72.65157,6.4381],[-72.64996,6.43738],[-72.64947,6.43662],[-72.64907,6.4364],[-72.64727,6.43655],[-72.64622,6.43619],[-72.6446,6.4363],[-72.64281,6.43689],[-72.64125,6.43676],[-72.63866,6.43812],[-72.6371,6.43783],[-72.63465,6.43814],[-72.63365,6.43774],[-72.63303,6.43777],[-72.63229,6.43816],[-72.63085,6.4384],[-72.62989,6.43895],[-72.62941,6.44009],[-72.62896,6.44048],[-72.62834,6.44063],[-72.62649,6.44004],[-72.62343,6.4407],[-72.62154,6.44102],[-72.61957,6.44196],[-72.61868,6.4427],[-72.6179,6.44437],[-72.61688,6.445],[-72.61381,6.44496],[-72.61319,6.44527],[-72.61232,6.44625],[-72.61019,6.447],[-72.60799,6.4486],[-72.60608,6.44862],[-72.60528,6.44908],[-72.60452,6.45027],[-72.60273,6.45159],[-72.60233,6.45386],[-72.60152,6.45467],[-72.60182,6.45806],[-72.60152,6.45896],[-72.5998,6.45963],[-72.59552,6.46294],[-72.59428,6.46346],[-72.59217,6.46365],[-72.59103,6.4656],[-72.58998,6.46662],[-72.58965,6.46973],[-72.58859,6.47097],[-72.5881,6.47207],[-72.58563,6.47245],[-72.58543,6.47392],[-72.58495,6.47489],[-72.58367,6.47547],[-72.58295,6.47641],[-72.58145,6.47646],[-72.58057,6.47678],[-72.57913,6.47788],[-72.57515,6.47881],[-72.57212,6.47883],[-72.5716,6.47939],[-72.57135,6.48102],[-72.56914,6.48248],[-72.56809,6.48365],[-72.56618,6.48378],[-72.56338,6.48474],[-72.56158,6.48574],[-72.56068,6.48663],[-72.56006,6.48654],[-72.55919,6.48543],[-72.55874,6.48529],[-72.55802,6.48615],[-72.55628,6.48675],[-72.5548,6.48685],[-72.54971,6.48634],[-72.54878,6.48713],[-72.54833,6.4871],[-72.54786,6.48407],[-72.54792,6.48033],[-72.54745,6.47936],[-72.54788,6.4785],[-72.54865,6.47796],[-72.54906,6.47721],[-72.54957,6.47383],[-72.54993,6.47305],[-72.55284,6.47011],[-72.55325,6.47018],[-72.55342,6.46995],[-72.55341,6.46876],[-72.55289,6.46768],[-72.55274,6.46625],[-72.55369,6.46311],[-72.55318,6.46061],[-72.55346,6.45961],[-72.55507,6.45647],[-72.55436,6.45652],[-72.55493,6.45526],[-72.55469,6.45488],[-72.5548,6.45346],[-72.5556,6.45176],[-72.55525,6.45072],[-72.55565,6.44944],[-72.55544,6.44828],[-72.55646,6.44494],[-72.55514,6.4429],[-72.55269,6.44076],[-72.55128,6.43851],[-72.55026,6.43614],[-72.54897,6.43219],[-72.54882,6.43075],[-72.54814,6.42913],[-72.54812,6.42655],[-72.54787,6.42563],[-72.54681,6.42583],[-72.54297,6.42529],[-72.54059,6.42401],[-72.53777,6.42322],[-72.53507,6.42068],[-72.53334,6.42053],[-72.53103,6.41993],[-72.52982,6.4191],[-72.52875,6.41794],[-72.52584,6.41283],[-72.52419,6.41103],[-72.52322,6.41066],[-72.52095,6.4105],[-72.5191,6.40978],[-72.51756,6.41033],[-72.51705,6.41017],[-72.51256,6.40534],[-72.51106,6.4028],[-72.51024,6.40212],[-72.50872,6.40181],[-72.50571,6.39928],[-72.50374,6.39805],[-72.50219,6.39773],[-72.50047,6.39848],[-72.50048,6.39988],[-72.50151,6.40166],[-72.50143,6.40236],[-72.50097,6.40279],[-72.4967,6.40266],[-72.49679,6.40082],[-72.49378,6.39881],[-72.49218,6.39841],[-72.49056,6.39516],[-72.4899,6.3945],[-72.48838,6.39451],[-72.48749,6.39407],[-72.4868,6.39312],[-72.48657,6.39149],[-72.48547,6.39085],[-72.48515,6.38764],[-72.48418,6.38501],[-72.48336,6.38376],[-72.48225,6.38121],[-72.48131,6.37687],[-72.47898,6.37557],[-72.47835,6.37498],[-72.47795,6.37405],[-72.48254,6.37217],[-72.48494,6.37152],[-72.48629,6.37157],[-72.48907,6.3704],[-72.49106,6.36911],[-72.49306,6.36902],[-72.4939,6.36861],[-72.49531,6.36878],[-72.49728,6.36805],[-72.50184,6.36733],[-72.50562,6.36807],[-72.50729,6.3694],[-72.50867,6.36987],[-72.50846,6.36778],[-72.50801,6.36618],[-72.50915,6.36199],[-72.51023,6.35949],[-72.51029,6.3574],[-72.51067,6.35685],[-72.51215,6.35626],[-72.51422,6.35425],[-72.5158,6.35133],[-72.51775,6.34925],[-72.51628,6.34657],[-72.51504,6.34085],[-72.51375,6.33651],[-72.51261,6.33459],[-72.51088,6.33322],[-72.51048,6.33245],[-72.51051,6.33174],[-72.51249,6.32999],[-72.51276,6.32916],[-72.51099,6.32514],[-72.51103,6.32413],[-72.51176,6.32163],[-72.51046,6.32037],[-72.51019,6.31858],[-72.5096,6.31761],[-72.50957,6.31546],[-72.51036,6.31378],[-72.51118,6.31282],[-72.51125,6.31204],[-72.51054,6.31119],[-72.50574,6.30963],[-72.50422,6.30887],[-72.50068,6.30574],[-72.50045,6.30064],[-72.49849,6.29676],[-72.49897,6.294],[-72.49889,6.29271],[-72.49602,6.2871],[-72.49674,6.28457],[-72.49552,6.28264],[-72.49539,6.28094],[-72.49642,6.27878],[-72.4967,6.27557],[-72.49802,6.27265],[-72.49721,6.27153],[-72.49743,6.26843],[-72.49677,6.26641],[-72.49662,6.26508],[-72.49702,6.26369],[-72.49914,6.26149],[-72.49888,6.25803],[-72.49824,6.25433],[-72.49868,6.25272],[-72.49946,6.25219],[-72.50152,6.25265],[-72.50308,6.2524],[-72.50491,6.2507],[-72.50788,6.24952],[-72.50958,6.24825],[-72.51074,6.24821],[-72.51145,6.24739],[-72.51192,6.24603],[-72.51299,6.24426],[-72.5148,6.24289],[-72.51612,6.24147],[-72.51647,6.24059],[-72.51598,6.23832],[-72.51619,6.23774],[-72.51732,6.23683],[-72.51992,6.23561],[-72.51915,6.23401],[-72.51918,6.23156],[-72.51951,6.23069],[-72.52128,6.22883],[-72.5221,6.22861],[-72.52391,6.22866],[-72.52473,6.2281],[-72.52549,6.227],[-72.52561,6.22604],[-72.52636,6.22505],[-72.52902,6.219],[-72.5293,6.21593],[-72.53024,6.21429],[-72.53093,6.2122],[-72.53097,6.21037],[-72.53213,6.20941],[-72.53282,6.20782],[-72.53471,6.20548],[-72.53709,6.20403],[-72.53768,6.20327],[-72.53806,6.2021],[-72.53972,6.20083],[-72.54042,6.19978],[-72.54117,6.19941],[-72.54203,6.19614],[-72.54307,6.1952],[-72.54397,6.19311],[-72.54522,6.1922],[-72.54635,6.18964],[-72.54663,6.18834],[-72.54786,6.18606],[-72.54874,6.18516],[-72.54879,6.1839],[-72.54918,6.18285],[-72.55103,6.18075],[-72.55096,6.17943],[-72.55186,6.17846],[-72.55253,6.17699],[-72.55394,6.17748],[-72.55497,6.17837],[-72.55496,6.18084],[-72.55567,6.1834],[-72.55747,6.18577],[-72.55871,6.1865],[-72.55969,6.18851],[-72.56086,6.18813],[-72.56235,6.18872],[-72.56336,6.18805],[-72.5644,6.18799],[-72.56516,6.18865],[-72.56623,6.189],[-72.56706,6.18981],[-72.57204,6.19161],[-72.57317,6.19276],[-72.57591,6.19334],[-72.57729,6.19439],[-72.57824,6.1945],[-72.57878,6.19534],[-72.57996,6.19586],[-72.58118,6.19604],[-72.58175,6.19713],[-72.58563,6.19849],[-72.58621,6.19931],[-72.58753,6.20019],[-72.58876,6.19999],[-72.59132,6.20027],[-72.59182,6.20117],[-72.59354,6.20274],[-72.59451,6.20305],[-72.59524,6.20399],[-72.59655,6.20452],[-72.59769,6.20386],[-72.5977,6.20287],[-72.6001,6.20202],[-72.60156,6.20245],[-72.60225,6.20186],[-72.60516,6.20098],[-72.606,6.20112],[-72.60703,6.20219],[-72.60836,6.20195],[-72.60941,6.20235],[-72.61114,6.20379],[-72.61282,6.20382],[-72.6151,6.20442],[-72.6155,6.20486],[-72.61569,6.20633],[-72.61681,6.20631],[-72.61784,6.2068],[-72.61974,6.2066],[-72.62071,6.20571],[-72.62297,6.20475],[-72.62621,6.20515],[-72.63011,6.20366],[-72.63124,6.20371],[-72.63248,6.20451],[-72.63309,6.20449],[-72.63235,6.20246],[-72.63201,6.20004],[-72.63222,6.19944],[-72.63381,6.19808],[-72.63415,6.19741],[-72.63404,6.19522],[-72.6338,6.19443],[-72.63319,6.19396],[-72.63305,6.19285],[-72.63331,6.19196],[-72.63511,6.18927],[-72.63481,6.18615],[-72.63516,6.18312],[-72.63577,6.18138],[-72.63538,6.18057],[-72.63509,6.1799],[-72.63527,6.17945],[-72.63608,6.17893],[-72.63818,6.17656],[-72.63805,6.17344],[-72.63861,6.17065],[-72.64052,6.16913],[-72.644,6.16698],[-72.6431,6.16545],[-72.6422,6.16297],[-72.64301,6.16156],[-72.64512,6.15923],[-72.64529,6.15837],[-72.64506,6.1568],[-72.64532,6.15578],[-72.64745,6.1515],[-72.64865,6.14996],[-72.64876,6.1466],[-72.64844,6.14497],[-72.64851,6.14324],[-72.65008,6.14095],[-72.65003,6.13897],[-72.65092,6.13689],[-72.65108,6.13503],[-72.65145,6.13389],[-72.65322,6.13156],[-72.65378,6.12456],[-72.65442,6.12284],[-72.65422,6.12132],[-72.65439,6.1196],[-72.65618,6.11652],[-72.65578,6.11446],[-72.6551,6.11274],[-72.65558,6.10924],[-72.65496,6.10603],[-72.65529,6.10372],[-72.65442,6.10229],[-72.65432,6.10159],[-72.65483,6.09925],[-72.65454,6.09815],[-72.6535,6.09641],[-72.65419,6.09361],[-72.65312,6.09089],[-72.65326,6.08998],[-72.65411,6.08921],[-72.65402,6.08768],[-72.65316,6.08607],[-72.6544,6.08261],[-72.65334,6.07601],[-72.65459,6.06929],[-72.65505,6.06852]]]}},{"type":"Feature","properties":{"PROVINCIA":"Occidente","N_MUNICIPIOS":15},"geometry":{"type":"Polygon","coordinates":[[[-73.94749,5.41812],[-73.94797,5.41756],[-73.95061,5.41821],[-73.95483,5.42079],[-73.9569,5.42149],[-73.96242,5.42193],[-73.96362,5.42243],[-73.96466,5.4222],[-73.96572,5.42116],[-73.9665,5.42084],[-73.97061,5.42021],[-73.97297,5.41936],[-73.97714,5.41171],[-73.98011,5.40524],[-73.98174,5.40289],[-73.98183,5.40142],[-73.98151,5.39992],[-73.9818,5.39779],[-73.98249,5.39691],[-73.9837,5.39631],[-73.98401,5.3958],[-73.9827,5.39497],[-73.98321,5.39427],[-73.98297,5.3926],[-73.98326,5.39171],[-73.98269,5.39071],[-73.98349,5.38897],[-73.98481,5.38948],[-73.98516,5.38937],[-73.98527,5.3885],[-73.98669,5.38639],[-73.98698,5.38295],[-73.98755,5.38055],[-73.98735,5.37927],[-73.98966,5.37761],[-73.98995,5.37657],[-73.99058,5.37559],[-73.9917,5.37549],[-73.99187,5.37523],[-73.99139,5.37465],[-73.99291,5.37438],[-73.99353,5.37308],[-73.99645,5.37245],[-73.99755,5.37141],[-73.9976,5.3706],[-73.99788,5.37045],[-73.99848,5.37087],[-73.99868,5.37071],[-73.99912,5.36951],[-73.99996,5.36871],[-73.99984,5.36794],[-73.9991,5.36749],[-74.00972,5.36839],[-74.0119,5.36727],[-74.01566,5.36723],[-74.01873,5.36631],[-74.02097,5.36629],[-74.02251,5.36712],[-74.02297,5.36787],[-74.02357,5.37043],[-74.02343,5.37678],[-74.02382,5.38147],[-74.02364,5.38261],[-74.02193,5.38619],[-74.02229,5.3869],[-74.02291,5.38733],[-74.0249,5.38764],[-74.02793,5.38691],[-74.03028,5.3869],[-74.03175,5.38757],[-74.03426,5.39008],[-74.03566,5.39015],[-74.03742,5.39071],[-74.03979,5.39201],[-74.04051,5.39301],[-74.04135,5.39805],[-74.04201,5.40004],[-74.04518,5.40453],[-74.04689,5.40382],[-74.04988,5.40359],[-74.05059,5.40331],[-74.05136,5.40238],[-74.05328,5.40231],[-74.05447,5.40121],[-74.05508,5.40165],[-74.05573,5.40145],[-74.05791,5.40301],[-74.059,5.40322],[-74.05993,5.40434],[-74.06192,5.40534],[-74.06534,5.40536],[-74.068,5.40504],[-74.06906,5.40554],[-74.07009,5.40738],[-74.07161,5.40746],[-74.07358,5.40816],[-74.07458,5.40946],[-74.07548,5.41006],[-74.07655,5.41206],[-74.07801,5.41351],[-74.07829,5.41445],[-74.07812,5.41538],[-74.07941,5.41669],[-74.08055,5.41695],[-74.08167,5.42001],[-74.08252,5.42101],[-74.08339,5.42152],[-74.08394,5.4228],[-74.08661,5.42618],[-74.08705,5.42819],[-74.08837,5.42878],[-74.08955,5.42885],[-74.09124,5.42796],[-74.0926,5.42874],[-74.09268,5.42949],[-74.09144,5.43056],[-74.09158,5.4318],[-74.09052,5.43273],[-74.09053,5.43465],[-74.09128,5.43546],[-74.09151,5.43637],[-74.09279,5.43721],[-74.09336,5.43715],[-74.09456,5.43638],[-74.09551,5.43675],[-74.09605,5.43815],[-74.09758,5.43986],[-74.09678,5.44191],[-74.09657,5.44337],[-74.0954,5.44705],[-74.09406,5.44989],[-74.09482,5.45122],[-74.09485,5.4531],[-74.09543,5.4549],[-74.09523,5.45666],[-74.09696,5.45936],[-74.09678,5.46021],[-74.09554,5.46183],[-74.09576,5.46357],[-74.09522,5.46436],[-74.09479,5.46602],[-74.09693,5.47064],[-74.09786,5.46988],[-74.09827,5.46985],[-74.10297,5.47121],[-74.10442,5.47198],[-74.10718,5.47185],[-74.10928,5.47322],[-74.11062,5.47357],[-74.11258,5.47335],[-74.11641,5.47409],[-74.1173,5.47297],[-74.1162,5.47032],[-74.11369,5.46783],[-74.1131,5.46697],[-74.11312,5.46652],[-74.11473,5.46052],[-74.11638,5.4577],[-74.11972,5.44929],[-74.12091,5.44555],[-74.1211,5.44431],[-74.12087,5.43897],[-74.12123,5.43749],[-74.12204,5.43657],[-74.12246,5.43547],[-74.12292,5.42943],[-74.12339,5.42897],[-74.12547,5.42897],[-74.12879,5.42995],[-74.1312,5.43171],[-74.13165,5.43274],[-74.13186,5.43423],[-74.13228,5.43463],[-74.13258,5.43569],[-74.13187,5.43649],[-74.13282,5.43659],[-74.13363,5.4374],[-74.13418,5.43683],[-74.1346,5.43687],[-74.1367,5.43884],[-74.13675,5.44151],[-74.13704,5.44174],[-74.13691,5.44267],[-74.13751,5.44389],[-74.13838,5.44443],[-74.13877,5.44554],[-74.1385,5.44614],[-74.13866,5.44632],[-74.13963,5.44621],[-74.13988,5.44689],[-74.14091,5.44686],[-74.14246,5.44745],[-74.14392,5.44848],[-74.1444,5.44854],[-74.14491,5.44803],[-74.14544,5.44824],[-74.14591,5.44797],[-74.14614,5.4485],[-74.14647,5.44858],[-74.1472,5.44821],[-74.14816,5.4482],[-74.14988,5.44491],[-74.15089,5.44432],[-74.15173,5.44508],[-74.15331,5.44545],[-74.15392,5.44591],[-74.15395,5.4473],[-74.15446,5.44788],[-74.15499,5.44789],[-74.15573,5.44723],[-74.15864,5.44806],[-74.16063,5.44776],[-74.16097,5.44926],[-74.16196,5.4495],[-74.1624,5.45102],[-74.16404,5.45216],[-74.16455,5.45337],[-74.16693,5.45508],[-74.16779,5.4554],[-74.16867,5.45728],[-74.17034,5.45833],[-74.17115,5.46012],[-74.1722,5.46052],[-74.17387,5.45985],[-74.1739,5.46106],[-74.17484,5.46158],[-74.17534,5.4622],[-74.17628,5.45955],[-74.17691,5.45976],[-74.17759,5.4596],[-74.17835,5.46021],[-74.17978,5.46205],[-74.18239,5.46374],[-74.18291,5.46437],[-74.18567,5.46965],[-74.18656,5.47357],[-74.19014,5.47796],[-74.1942,5.48657],[-74.19665,5.49059],[-74.19835,5.49318],[-74.20192,5.49701],[-74.20371,5.49778],[-74.20606,5.49805],[-74.20969,5.49787],[-74.21261,5.49849],[-74.21428,5.49825],[-74.21542,5.49769],[-74.21908,5.49615],[-74.22121,5.49479],[-74.22214,5.49384],[-74.22296,5.49216],[-74.22585,5.49037],[-74.22971,5.4853],[-74.2311,5.48243],[-74.23251,5.48022],[-74.23378,5.47935],[-74.23598,5.4785],[-74.23679,5.47837],[-74.23849,5.47876],[-74.24025,5.47842],[-74.24396,5.47635],[-74.24452,5.47629],[-74.24696,5.48073],[-74.24792,5.48162],[-74.24993,5.48256],[-74.25052,5.48385],[-74.25252,5.48658],[-74.25387,5.48761],[-74.25408,5.48913],[-74.25301,5.49183],[-74.25289,5.49307],[-74.2543,5.49461],[-74.25413,5.49626],[-74.25447,5.49794],[-74.2553,5.49899],[-74.25642,5.49984],[-74.251,5.50215],[-74.25076,5.50437],[-74.25129,5.50701],[-74.25005,5.5076],[-74.24953,5.50887],[-74.24922,5.51234],[-74.24778,5.5141],[-74.24721,5.51922],[-74.24567,5.5225],[-74.24698,5.52316],[-74.24763,5.52424],[-74.24663,5.52767],[-74.24597,5.5322],[-74.24284,5.53446],[-74.24138,5.53666],[-74.24029,5.53919],[-74.24127,5.5396],[-74.24174,5.54013],[-74.24291,5.54471],[-74.24567,5.54612],[-74.24865,5.5468],[-74.24969,5.54741],[-74.25026,5.54884],[-74.25061,5.5508],[-74.25106,5.55157],[-74.25176,5.5521],[-74.25334,5.5541],[-74.25516,5.55518],[-74.25707,5.5569],[-74.25809,5.55844],[-74.25962,5.55976],[-74.26169,5.56037],[-74.26429,5.56042],[-74.2653,5.56034],[-74.26803,5.55946],[-74.27254,5.56053],[-74.27446,5.56149],[-74.27469,5.56217],[-74.27609,5.56263],[-74.27844,5.56397],[-74.28,5.56422],[-74.28385,5.56681],[-74.28608,5.56718],[-74.2878,5.56814],[-74.28971,5.56821],[-74.29107,5.56864],[-74.2917,5.56919],[-74.29245,5.57114],[-74.29336,5.5725],[-74.29375,5.57283],[-74.29477,5.57291],[-74.29778,5.57497],[-74.29792,5.57722],[-74.29868,5.57809],[-74.2998,5.57849],[-74.3,5.58009],[-74.30078,5.58115],[-74.3006,5.5818],[-74.301,5.58283],[-74.30023,5.58312],[-74.30213,5.58535],[-74.30216,5.58628],[-74.30164,5.58779],[-74.30189,5.58848],[-74.30264,5.58922],[-74.30248,5.59123],[-74.30398,5.59229],[-74.3041,5.59301],[-74.30479,5.59308],[-74.30494,5.5934],[-74.30476,5.59407],[-74.3042,5.59446],[-74.3042,5.59472],[-74.30468,5.59493],[-74.30428,5.59547],[-74.30475,5.59617],[-74.30452,5.59702],[-74.30486,5.59714],[-74.30467,5.59764],[-74.30507,5.59806],[-74.3048,5.59851],[-74.30521,5.5991],[-74.30624,5.59928],[-74.30714,5.60068],[-74.30672,5.60114],[-74.30576,5.6014],[-74.30595,5.60325],[-74.30656,5.60466],[-74.30618,5.605],[-74.30574,5.60494],[-74.30567,5.60622],[-74.30595,5.60645],[-74.30642,5.60614],[-74.30658,5.60698],[-74.30711,5.60698],[-74.30675,5.60928],[-74.30687,5.60976],[-74.30749,5.61038],[-74.30742,5.61129],[-74.30798,5.61195],[-74.30799,5.61301],[-74.30913,5.61268],[-74.3096,5.61313],[-74.30939,5.61431],[-74.31011,5.61391],[-74.3101,5.61466],[-74.31051,5.61519],[-74.30995,5.61762],[-74.31016,5.61887],[-74.31092,5.61956],[-74.31141,5.61967],[-74.31246,5.62107],[-74.31298,5.6213],[-74.31345,5.62107],[-74.31401,5.62174],[-74.31425,5.62054],[-74.31443,5.62033],[-74.31496,5.62051],[-74.31504,5.623],[-74.31422,5.62387],[-74.31377,5.62525],[-74.31313,5.62563],[-74.313,5.62616],[-74.3134,5.62654],[-74.31334,5.62682],[-74.31143,5.62721],[-74.30899,5.62946],[-74.3083,5.63243],[-74.30772,5.63314],[-74.3082,5.63417],[-74.30807,5.63494],[-74.30663,5.63655],[-74.30687,5.63755],[-74.30644,5.63768],[-74.30576,5.63743],[-74.3057,5.6379],[-74.30617,5.63844],[-74.3061,5.63964],[-74.30644,5.64026],[-74.30604,5.64134],[-74.30651,5.64181],[-74.30613,5.64292],[-74.3073,5.64329],[-74.30778,5.64373],[-74.30864,5.6466],[-74.30817,5.64819],[-74.30726,5.64872],[-74.30477,5.64915],[-74.30546,5.65172],[-74.30411,5.65317],[-74.30351,5.65307],[-74.30274,5.6515],[-74.30046,5.65189],[-74.30015,5.65236],[-74.3008,5.65323],[-74.3011,5.65421],[-74.30062,5.6557],[-74.30039,5.65587],[-74.29972,5.65507],[-74.29934,5.65504],[-74.29851,5.65586],[-74.297,5.65615],[-74.29649,5.65739],[-74.2954,5.65862],[-74.29369,5.65972],[-74.29315,5.66056],[-74.29209,5.66077],[-74.29214,5.66126],[-74.29298,5.66151],[-74.29346,5.66209],[-74.29297,5.66332],[-74.29251,5.66372],[-74.29172,5.66366],[-74.29081,5.66293],[-74.29038,5.66292],[-74.28903,5.66387],[-74.2887,5.66371],[-74.28788,5.66231],[-74.28731,5.66209],[-74.2863,5.66245],[-74.28515,5.66371],[-74.28533,5.66505],[-74.28414,5.66704],[-74.28417,5.66759],[-74.28463,5.6682],[-74.28583,5.66865],[-74.28639,5.67011],[-74.28627,5.67041],[-74.28559,5.67052],[-74.28441,5.66927],[-74.28388,5.66919],[-74.28347,5.67007],[-74.28329,5.67213],[-74.28367,5.67279],[-74.28475,5.67271],[-74.28523,5.67304],[-74.2854,5.67353],[-74.28504,5.67507],[-74.28449,5.67565],[-74.28323,5.6747],[-74.28255,5.67495],[-74.28248,5.67524],[-74.28362,5.67751],[-74.28375,5.67899],[-74.28286,5.68036],[-74.28106,5.68132],[-74.28099,5.68205],[-74.28159,5.68343],[-74.28121,5.68406],[-74.28028,5.68461],[-74.27897,5.68493],[-74.28084,5.68622],[-74.28101,5.68711],[-74.28052,5.68773],[-74.27814,5.68833],[-74.27799,5.68866],[-74.27845,5.6896],[-74.27836,5.69033],[-74.27741,5.69059],[-74.27732,5.69196],[-74.27618,5.69183],[-74.27598,5.69219],[-74.27674,5.69297],[-74.27825,5.69324],[-74.27862,5.69387],[-74.27853,5.69484],[-74.27714,5.69636],[-74.27755,5.69694],[-74.27891,5.69716],[-74.27927,5.69745],[-74.27894,5.69835],[-74.27898,5.69907],[-74.27996,5.6992],[-74.28159,5.69759],[-74.28188,5.69799],[-74.28183,5.69914],[-74.28213,5.69953],[-74.28254,5.69971],[-74.2835,5.69948],[-74.28401,5.6996],[-74.28389,5.70073],[-74.28428,5.70126],[-74.28525,5.70121],[-74.28644,5.70076],[-74.28912,5.70192],[-74.29126,5.70137],[-74.29296,5.70147],[-74.29343,5.70198],[-74.29373,5.70326],[-74.29466,5.70313],[-74.29624,5.70349],[-74.295,5.70496],[-74.29588,5.70604],[-74.29669,5.70651],[-74.29879,5.70676],[-74.29961,5.70658],[-74.30196,5.70466],[-74.30211,5.70492],[-74.30127,5.70688],[-74.30131,5.70776],[-74.30182,5.70833],[-74.30345,5.70869],[-74.30416,5.70967],[-74.30412,5.71193],[-74.30131,5.71522],[-74.30101,5.71628],[-74.30101,5.71775],[-74.30173,5.72076],[-74.30143,5.72142],[-74.30042,5.72197],[-74.30034,5.72224],[-74.30209,5.72381],[-74.30219,5.72467],[-74.30167,5.72533],[-74.29982,5.72609],[-74.2984,5.7276],[-74.29756,5.72922],[-74.29749,5.73146],[-74.2961,5.73288],[-74.29542,5.73409],[-74.29469,5.73462],[-74.29263,5.7348],[-74.29166,5.73524],[-74.29178,5.73876],[-74.2914,5.74033],[-74.29064,5.74113],[-74.28936,5.74402],[-74.28723,5.74549],[-74.28717,5.74649],[-74.28773,5.74777],[-74.28872,5.74872],[-74.28889,5.75001],[-74.29045,5.74999],[-74.29115,5.75167],[-74.29308,5.75186],[-74.29424,5.75333],[-74.29586,5.75457],[-74.296,5.75562],[-74.2957,5.75692],[-74.29427,5.75898],[-74.29404,5.75973],[-74.2948,5.761],[-74.29506,5.76214],[-74.29687,5.76255],[-74.29714,5.76325],[-74.29693,5.76408],[-74.29602,5.76391],[-74.29518,5.76427],[-74.29273,5.76301],[-74.29168,5.76325],[-74.29076,5.76529],[-74.28938,5.76656],[-74.28889,5.76735],[-74.28833,5.77112],[-74.28698,5.77454],[-74.28483,5.77697],[-74.28365,5.77762],[-74.27979,5.7841],[-74.27862,5.78511],[-74.27654,5.78569],[-74.27485,5.78728],[-74.27446,5.78789],[-74.27392,5.79042],[-74.27233,5.79184],[-74.27131,5.79778],[-74.27137,5.80105],[-74.27066,5.80372],[-74.26473,5.80796],[-74.26317,5.81414],[-74.26218,5.81545],[-74.26177,5.81715],[-74.26289,5.81906],[-74.26352,5.82167],[-74.26285,5.82335],[-74.26255,5.82524],[-74.26298,5.82756],[-74.26536,5.83113],[-74.26641,5.83318],[-74.26608,5.83459],[-74.2643,5.83389],[-74.26341,5.83389],[-74.26022,5.83482],[-74.25947,5.83482],[-74.2573,5.8338],[-74.25241,5.83345],[-74.24994,5.83381],[-74.24788,5.83327],[-74.24598,5.83372],[-74.24422,5.83348],[-74.2424,5.8339],[-74.24076,5.83486],[-74.23876,5.83458],[-74.23689,5.83539],[-74.2351,5.83542],[-74.23385,5.83608],[-74.23182,5.83581],[-74.23135,5.83626],[-74.23069,5.8379],[-74.23003,5.83856],[-74.22921,5.83873],[-74.22806,5.83855],[-74.22782,5.83879],[-74.22568,5.83909],[-74.2267,5.84063],[-74.22677,5.84206],[-74.22641,5.84269],[-74.2253,5.84273],[-74.22563,5.84392],[-74.22534,5.8447],[-74.2238,5.8452],[-74.22469,5.84629],[-74.22476,5.84685],[-74.22304,5.8464],[-74.22145,5.84678],[-74.22006,5.84571],[-74.2194,5.84567],[-74.21904,5.84596],[-74.2189,5.84654],[-74.22103,5.84793],[-74.22109,5.84896],[-74.22045,5.84922],[-74.21967,5.84916],[-74.21933,5.85032],[-74.21899,5.85055],[-74.21859,5.85059],[-74.21727,5.84976],[-74.21653,5.85019],[-74.21649,5.85149],[-74.21615,5.85211],[-74.21533,5.85164],[-74.21468,5.85164],[-74.21513,5.85276],[-74.21475,5.85384],[-74.21203,5.85354],[-74.21114,5.85417],[-74.20998,5.85375],[-74.2084,5.85394],[-74.20797,5.855],[-74.20744,5.85544],[-74.20737,5.85602],[-74.20623,5.85626],[-74.20571,5.85567],[-74.2055,5.85426],[-74.20487,5.8529],[-74.20325,5.85133],[-74.20231,5.85115],[-74.20013,5.85148],[-74.19898,5.85188],[-74.1973,5.85294],[-74.19645,5.8543],[-74.19571,5.85496],[-74.19557,5.85547],[-74.19518,5.8557],[-74.19499,5.8572],[-74.19436,5.85853],[-74.1942,5.86486],[-74.19536,5.86726],[-74.19697,5.8686],[-74.19777,5.86885],[-74.19905,5.86984],[-74.1993,5.87061],[-74.19932,5.8734],[-74.20042,5.87399],[-74.20069,5.87446],[-74.20032,5.87489],[-74.19888,5.87516],[-74.19888,5.87535],[-74.20007,5.87666],[-74.19969,5.87703],[-74.19888,5.87713],[-74.19801,5.8779],[-74.19606,5.87763],[-74.19355,5.87896],[-74.18963,5.88421],[-74.18948,5.88542],[-74.1897,5.88633],[-74.18908,5.88801],[-74.19012,5.88969],[-74.19012,5.89059],[-74.18905,5.89163],[-74.18853,5.89311],[-74.18695,5.89553],[-74.1868,5.89658],[-74.18732,5.89877],[-74.18632,5.89937],[-74.18616,5.90098],[-74.18588,5.90133],[-74.18523,5.9015],[-74.18464,5.90061],[-74.18419,5.90101],[-74.18399,5.90182],[-74.18422,5.90367],[-74.18296,5.9048],[-74.18301,5.90537],[-74.18427,5.90584],[-74.18551,5.90696],[-74.1864,5.90639],[-74.18667,5.90726],[-74.18464,5.91015],[-74.18269,5.91052],[-74.18149,5.91035],[-74.1806,5.91075],[-74.18042,5.91109],[-74.17867,5.91001],[-74.17648,5.90789],[-74.17459,5.90739],[-74.17401,5.90694],[-74.17362,5.90623],[-74.17281,5.90289],[-74.171,5.9019],[-74.16854,5.90128],[-74.16624,5.89789],[-74.16361,5.89708],[-74.16134,5.89577],[-74.15965,5.89422],[-74.15479,5.89227],[-74.15395,5.89148],[-74.14958,5.89091],[-74.14869,5.89064],[-74.14772,5.88994],[-74.14539,5.88755],[-74.14462,5.88716],[-74.14326,5.88552],[-74.14063,5.8844],[-74.1399,5.88331],[-74.13981,5.88206],[-74.13927,5.88077],[-74.13863,5.87993],[-74.13682,5.87805],[-74.13452,5.8769],[-74.13333,5.87592],[-74.12837,5.87671],[-74.12577,5.87614],[-74.12433,5.8746],[-74.12385,5.87458],[-74.1224,5.8755],[-74.11843,5.87533],[-74.1159,5.87589],[-74.11295,5.87564],[-74.10882,5.8765],[-74.10817,5.87697],[-74.10683,5.87879],[-74.10596,5.87908],[-74.10509,5.87856],[-74.10438,5.87732],[-74.10308,5.877],[-74.10085,5.87319],[-74.10001,5.8722],[-74.1007,5.86847],[-74.10036,5.8679],[-74.09885,5.86659],[-74.09698,5.8656],[-74.09556,5.86385],[-74.09529,5.86124],[-74.09429,5.8598],[-74.09346,5.85918],[-74.09165,5.85846],[-74.09158,5.85472],[-74.09058,5.85166],[-74.08926,5.84975],[-74.08914,5.84846],[-74.08968,5.84503],[-74.08964,5.8434],[-74.08903,5.84152],[-74.08832,5.84125],[-74.08752,5.84134],[-74.08541,5.84367],[-74.0843,5.84405],[-74.08392,5.84373],[-74.0838,5.84293],[-74.08528,5.83934],[-74.0855,5.83836],[-74.08537,5.83753],[-74.08481,5.83704],[-74.08403,5.83693],[-74.0818,5.83758],[-74.08137,5.83722],[-74.08099,5.83601],[-74.07962,5.83449],[-74.07911,5.83283],[-74.07926,5.83047],[-74.08136,5.82488],[-74.08138,5.82362],[-74.08109,5.82224],[-74.07926,5.8185],[-74.07774,5.81895],[-74.07518,5.81862],[-74.07385,5.8187],[-74.0724,5.8192],[-74.0717,5.81802],[-74.07095,5.8175],[-74.06786,5.81818],[-74.06752,5.81798],[-74.06728,5.81712],[-74.06793,5.81536],[-74.0653,5.81486],[-74.06449,5.81537],[-74.06427,5.81583],[-74.06433,5.81731],[-74.06234,5.81848],[-74.06261,5.81937],[-74.06229,5.81976],[-74.06123,5.81978],[-74.06029,5.82037],[-74.05959,5.82044],[-74.05673,5.81939],[-74.05581,5.81969],[-74.054,5.81884],[-74.05294,5.81803],[-74.05072,5.8179],[-74.0491,5.81727],[-74.04566,5.81504],[-74.0438,5.81418],[-74.04268,5.81447],[-74.04121,5.81345],[-74.03976,5.81334],[-74.03827,5.81199],[-74.03606,5.81228],[-74.03506,5.81176],[-74.03388,5.81159],[-74.02989,5.80904],[-74.02879,5.80773],[-74.02794,5.80727],[-74.02603,5.80682],[-74.02572,5.80633],[-74.02644,5.80536],[-74.02813,5.80387],[-74.02812,5.80364],[-74.02639,5.8016],[-74.02566,5.79752],[-74.02348,5.79577],[-74.02344,5.7949],[-74.02398,5.79449],[-74.02399,5.79361],[-74.0247,5.79259],[-74.02466,5.79223],[-74.02375,5.7913],[-74.02426,5.79057],[-74.02392,5.7899],[-74.02476,5.78887],[-74.02449,5.78853],[-74.02331,5.78829],[-74.02303,5.78787],[-74.02381,5.78654],[-74.02454,5.78618],[-74.02436,5.78493],[-74.02533,5.7843],[-74.02448,5.78305],[-74.02419,5.78166],[-74.02507,5.78075],[-74.02391,5.77998],[-74.02087,5.78197],[-74.01985,5.78212],[-74.01928,5.77971],[-74.01773,5.77795],[-74.01686,5.7764],[-74.01638,5.77611],[-74.01275,5.77565],[-74.01103,5.77472],[-74.01092,5.77441],[-74.01189,5.77096],[-74.01402,5.76498],[-74.01407,5.76431],[-74.01346,5.76355],[-74.01154,5.76245],[-74.00882,5.7629],[-74.00777,5.76279],[-74.00698,5.76077],[-74.00542,5.75853],[-74.00227,5.75585],[-74.00158,5.75482],[-74.00135,5.75117],[-73.99876,5.74895],[-73.9984,5.74815],[-73.99767,5.74396],[-73.99776,5.74121],[-73.99731,5.74009],[-73.9961,5.73884],[-73.99528,5.73734],[-73.99461,5.73667],[-73.9947,5.73635],[-73.99443,5.73602],[-73.9934,5.73557],[-73.99148,5.73387],[-73.99173,5.73192],[-73.99155,5.7291],[-73.98909,5.7276],[-73.9869,5.72709],[-73.98701,5.72584],[-73.98679,5.72528],[-73.98522,5.72404],[-73.98435,5.72386],[-73.98261,5.72091],[-73.9814,5.72073],[-73.98013,5.72107],[-73.97894,5.72268],[-73.97879,5.72333],[-73.97636,5.72514],[-73.97533,5.72894],[-73.97455,5.72993],[-73.97231,5.73194],[-73.97119,5.73243],[-73.96887,5.73431],[-73.96717,5.73501],[-73.96641,5.73723],[-73.96607,5.73751],[-73.96194,5.73955],[-73.96001,5.73878],[-73.959,5.73915],[-73.95843,5.73909],[-73.95789,5.7395],[-73.9574,5.73944],[-73.95711,5.7389],[-73.9563,5.74012],[-73.95433,5.73984],[-73.95206,5.73863],[-73.95058,5.73847],[-73.94967,5.73744],[-73.94866,5.73739],[-73.94802,5.73681],[-73.94511,5.7361],[-73.94387,5.73609],[-73.9433,5.73691],[-73.94187,5.73778],[-73.94049,5.73816],[-73.93816,5.73948],[-73.93719,5.73957],[-73.93664,5.74005],[-73.93586,5.73989],[-73.93507,5.74034],[-73.93423,5.73995],[-73.93344,5.74069],[-73.93244,5.74069],[-73.93215,5.74094],[-73.93119,5.74062],[-73.93057,5.73949],[-73.92941,5.7395],[-73.92896,5.74075],[-73.92772,5.7419],[-73.92703,5.74216],[-73.92649,5.74183],[-73.92598,5.74231],[-73.92588,5.74285],[-73.92524,5.74307],[-73.92452,5.74302],[-73.92448,5.74257],[-73.9234,5.74219],[-73.92302,5.73994],[-73.92187,5.73822],[-73.92118,5.73771],[-73.91879,5.73696],[-73.91563,5.73671],[-73.91343,5.73733],[-73.9108,5.73875],[-73.90907,5.73892],[-73.90447,5.74011],[-73.90409,5.74005],[-73.90337,5.73848],[-73.90215,5.73719],[-73.90101,5.737],[-73.89982,5.73748],[-73.89909,5.73785],[-73.89705,5.73745],[-73.89443,5.7379],[-73.89282,5.73774],[-73.89017,5.73732],[-73.8859,5.73557],[-73.88569,5.73514],[-73.88779,5.73008],[-73.88786,5.72915],[-73.88713,5.72805],[-73.88667,5.72668],[-73.88488,5.72473],[-73.88473,5.72322],[-73.88414,5.72277],[-73.88193,5.72301],[-73.87721,5.72299],[-73.87534,5.72816],[-73.87455,5.72786],[-73.87347,5.72659],[-73.87302,5.72564],[-73.87335,5.72249],[-73.87395,5.72141],[-73.87519,5.71701],[-73.87787,5.71777],[-73.88245,5.71111],[-73.88306,5.7094],[-73.88305,5.70757],[-73.88022,5.70755],[-73.87434,5.70801],[-73.86631,5.70983],[-73.86202,5.71103],[-73.86114,5.71151],[-73.8605,5.71216],[-73.85834,5.71577],[-73.85726,5.71668],[-73.85691,5.7173],[-73.85619,5.71979],[-73.85623,5.72116],[-73.85678,5.72273],[-73.85645,5.72624],[-73.85516,5.72616],[-73.85399,5.72641],[-73.85161,5.7282],[-73.84814,5.73238],[-73.84671,5.73266],[-73.84594,5.73371],[-73.84558,5.73362],[-73.84485,5.73418],[-73.84291,5.73657],[-73.84202,5.7365],[-73.83972,5.73837],[-73.83846,5.73852],[-73.83708,5.73975],[-73.83639,5.73986],[-73.83311,5.73979],[-73.83002,5.73925],[-73.82777,5.74034],[-73.82439,5.74056],[-73.82342,5.74041],[-73.82104,5.73817],[-73.81921,5.73748],[-73.81881,5.73638],[-73.81863,5.73425],[-73.81908,5.73227],[-73.81931,5.72927],[-73.81854,5.72777],[-73.81848,5.72711],[-73.81963,5.72525],[-73.81909,5.72396],[-73.81884,5.72157],[-73.81964,5.71837],[-73.82039,5.71657],[-73.82017,5.71605],[-73.81916,5.71537],[-73.81902,5.7148],[-73.81829,5.71534],[-73.81695,5.71513],[-73.81547,5.71539],[-73.81439,5.71494],[-73.81253,5.71497],[-73.8116,5.71552],[-73.80981,5.71763],[-73.80851,5.71826],[-73.80698,5.71975],[-73.80607,5.72174],[-73.80384,5.72451],[-73.80317,5.72467],[-73.80222,5.72553],[-73.80093,5.72591],[-73.79799,5.7276],[-73.79593,5.72795],[-73.79431,5.72942],[-73.79378,5.7307],[-73.79258,5.73183],[-73.79204,5.73272],[-73.7896,5.74066],[-73.78825,5.74206],[-73.78661,5.74284],[-73.78125,5.74783],[-73.77968,5.75115],[-73.77731,5.75467],[-73.77473,5.75724],[-73.768,5.7668],[-73.76769,5.76769],[-73.76655,5.76906],[-73.76592,5.77038],[-73.76361,5.77291],[-73.76271,5.77318],[-73.76151,5.77132],[-73.76035,5.77142],[-73.7588,5.771],[-73.75401,5.7711],[-73.75287,5.7709],[-73.7524,5.77057],[-73.752,5.76945],[-73.75128,5.76866],[-73.74981,5.76827],[-73.74901,5.76869],[-73.74776,5.77066],[-73.7471,5.77062],[-73.74627,5.77012],[-73.74553,5.77115],[-73.74402,5.77078],[-73.74319,5.77113],[-73.74176,5.77126],[-73.74045,5.77257],[-73.73807,5.77243],[-73.73686,5.77275],[-73.73592,5.77241],[-73.73448,5.77122],[-73.73171,5.77012],[-73.73046,5.77004],[-73.72797,5.77068],[-73.72737,5.77038],[-73.72672,5.77044],[-73.72574,5.77076],[-73.72497,5.77173],[-73.72325,5.7719],[-73.72147,5.77275],[-73.72034,5.77208],[-73.71791,5.77501],[-73.71815,5.77638],[-73.7172,5.77744],[-73.71736,5.77831],[-73.71716,5.77876],[-73.7159,5.77986],[-73.71636,5.78138],[-73.71588,5.78169],[-73.71438,5.7817],[-73.7145,5.78022],[-73.71265,5.77971],[-73.71275,5.77884],[-73.71215,5.77791],[-73.71131,5.77771],[-73.71067,5.77631],[-73.70957,5.77651],[-73.70937,5.77617],[-73.70579,5.77438],[-73.70589,5.77283],[-73.70362,5.77105],[-73.70333,5.7701],[-73.70241,5.76994],[-73.70217,5.7693],[-73.70163,5.76937],[-73.7012,5.76913],[-73.70004,5.76734],[-73.69745,5.76423],[-73.69697,5.7626],[-73.69605,5.76104],[-73.69422,5.75978],[-73.69378,5.75786],[-73.69336,5.75723],[-73.69215,5.75662],[-73.68862,5.75394],[-73.68784,5.75467],[-73.68568,5.75222],[-73.68482,5.75183],[-73.6843,5.75097],[-73.68149,5.75109],[-73.68052,5.75158],[-73.6752,5.74937],[-73.6729,5.74826],[-73.67233,5.74769],[-73.67122,5.74589],[-73.67037,5.74331],[-73.66941,5.74252],[-73.66864,5.7402],[-73.66769,5.73843],[-73.66763,5.7373],[-73.66695,5.73593],[-73.66703,5.73464],[-73.66619,5.73313],[-73.6662,5.73242],[-73.66444,5.72972],[-73.66408,5.72856],[-73.66373,5.72812],[-73.66269,5.72772],[-73.66074,5.72497],[-73.65898,5.72372],[-73.659,5.72251],[-73.65804,5.72073],[-73.65748,5.72109],[-73.65611,5.7199],[-73.65366,5.71687],[-73.65244,5.71593],[-73.65131,5.71394],[-73.65176,5.71239],[-73.65194,5.70946],[-73.65322,5.70252],[-73.65652,5.69201],[-73.65876,5.68948],[-73.65997,5.68852],[-73.66195,5.68539],[-73.66685,5.67993],[-73.66793,5.67921],[-73.66964,5.67581],[-73.67034,5.67256],[-73.67031,5.66643],[-73.67081,5.66463],[-73.67273,5.65993],[-73.67538,5.65588],[-73.67616,5.65314],[-73.6773,5.65039],[-73.67763,5.64347],[-73.67834,5.64159],[-73.68063,5.6384],[-73.68075,5.63657],[-73.68175,5.63568],[-73.68352,5.63339],[-73.68605,5.62958],[-73.68739,5.62754],[-73.68976,5.62542],[-73.69165,5.62419],[-73.69303,5.62081],[-73.69443,5.61845],[-73.69653,5.61636],[-73.69976,5.61248],[-73.70318,5.60951],[-73.70551,5.60551],[-73.70889,5.60343],[-73.71045,5.60212],[-73.71088,5.60161],[-73.71112,5.60018],[-73.7151,5.59708],[-73.71561,5.59695],[-73.71615,5.59566],[-73.71685,5.59606],[-73.71735,5.59518],[-73.71907,5.59604],[-73.71822,5.5931],[-73.71583,5.59154],[-73.7157,5.59058],[-73.71606,5.59021],[-73.71379,5.58708],[-73.71288,5.58519],[-73.71347,5.58021],[-73.71313,5.57784],[-73.71631,5.56895],[-73.71728,5.56737],[-73.71823,5.5648],[-73.7194,5.56016],[-73.72034,5.55816],[-73.7209,5.55473],[-73.7219,5.55297],[-73.72173,5.55148],[-73.72107,5.54952],[-73.7216,5.54882],[-73.72161,5.54701],[-73.72124,5.54508],[-73.72053,5.54364],[-73.7201,5.54089],[-73.72034,5.5389],[-73.72005,5.53737],[-73.71924,5.53649],[-73.71655,5.53485],[-73.71405,5.53469],[-73.71096,5.53501],[-73.70979,5.53538],[-73.70981,5.53561],[-73.70944,5.53575],[-73.70758,5.53543],[-73.70557,5.53435],[-73.70589,5.53331],[-73.70708,5.53228],[-73.70738,5.53065],[-73.7064,5.53026],[-73.70587,5.52944],[-73.70529,5.52919],[-73.70495,5.52802],[-73.70429,5.52728],[-73.70226,5.52668],[-73.70165,5.52619],[-73.70178,5.52594],[-73.69877,5.52482],[-73.69838,5.52478],[-73.69792,5.52519],[-73.69391,5.52504],[-73.69275,5.52522],[-73.68899,5.52323],[-73.68707,5.5213],[-73.68622,5.51693],[-73.68772,5.5144],[-73.68862,5.51335],[-73.68987,5.51259],[-73.69193,5.51053],[-73.69647,5.5034],[-73.69824,5.50153],[-73.70369,5.49784],[-73.70524,5.4964],[-73.70634,5.49442],[-73.70839,5.4928],[-73.70976,5.49129],[-73.72576,5.48619],[-73.72551,5.4845],[-73.72629,5.4835],[-73.72714,5.48304],[-73.72716,5.48122],[-73.72751,5.48048],[-73.72863,5.47977],[-73.72841,5.48155],[-73.7322,5.48272],[-73.73206,5.47894],[-73.73168,5.47844],[-73.73239,5.47854],[-73.73296,5.47833],[-73.73385,5.47778],[-73.73456,5.4769],[-73.73745,5.47629],[-73.73812,5.47558],[-73.73792,5.4736],[-73.73824,5.47305],[-73.74348,5.47095],[-73.74355,5.4735],[-73.74433,5.47799],[-73.74523,5.48042],[-73.74574,5.48501],[-73.74657,5.48771],[-73.74651,5.48855],[-73.74708,5.48963],[-73.74783,5.48988],[-73.74875,5.4896],[-73.7512,5.48763],[-73.75386,5.48687],[-73.75546,5.48598],[-73.75576,5.4861],[-73.7565,5.48565],[-73.75707,5.48564],[-73.75754,5.48515],[-73.75812,5.48525],[-73.75908,5.48478],[-73.76003,5.48471],[-73.76222,5.48554],[-73.76362,5.48575],[-73.76405,5.48557],[-73.76484,5.48586],[-73.76575,5.48553],[-73.76766,5.48674],[-73.76883,5.48659],[-73.7827,5.49985],[-73.78287,5.50143],[-73.78542,5.50556],[-73.78653,5.50915],[-73.78693,5.5106],[-73.78719,5.5143],[-73.78811,5.51771],[-73.78855,5.52108],[-73.78943,5.52363],[-73.7896,5.52842],[-73.78995,5.52942],[-73.79159,5.53146],[-73.7917,5.53225],[-73.79098,5.53604],[-73.78962,5.53868],[-73.7897,5.54125],[-73.78867,5.54514],[-73.78867,5.54587],[-73.78952,5.54871],[-73.78947,5.55299],[-73.78976,5.55299],[-73.79063,5.55383],[-73.8,5.56343],[-73.80133,5.56614],[-73.80293,5.56874],[-73.80393,5.5698],[-73.80467,5.5714],[-73.80642,5.57008],[-73.80822,5.5679],[-73.81029,5.56495],[-73.81249,5.56107],[-73.81723,5.55788],[-73.81807,5.55422],[-73.81979,5.55288],[-73.8205,5.55257],[-73.82154,5.55264],[-73.82306,5.55342],[-73.82356,5.55427],[-73.82472,5.55334],[-73.82728,5.55324],[-73.82868,5.55269],[-73.83116,5.553],[-73.83275,5.55147],[-73.83556,5.55034],[-73.83736,5.54832],[-73.83953,5.54672],[-73.84166,5.54612],[-73.84382,5.54593],[-73.84538,5.54539],[-73.84786,5.54565],[-73.84861,5.54443],[-73.84883,5.54338],[-73.85049,5.54183],[-73.85117,5.54153],[-73.85277,5.53915],[-73.85366,5.53838],[-73.85515,5.53437],[-73.85654,5.53248],[-73.85727,5.53093],[-73.85903,5.53193],[-73.86056,5.53169],[-73.86297,5.53232],[-73.86489,5.53219],[-73.86557,5.53244],[-73.86881,5.53252],[-73.87046,5.53287],[-73.87018,5.5321],[-73.86958,5.5316],[-73.8698,5.53058],[-73.87068,5.53012],[-73.87106,5.52929],[-73.87454,5.52665],[-73.87704,5.52223],[-73.87846,5.52325],[-73.88069,5.52543],[-73.88325,5.52224],[-73.8837,5.5225],[-73.88467,5.52249],[-73.885,5.52172],[-73.88568,5.52127],[-73.88575,5.52086],[-73.88718,5.52017],[-73.88612,5.51897],[-73.88493,5.51889],[-73.88724,5.51676],[-73.88781,5.51661],[-73.88773,5.5158],[-73.88939,5.51491],[-73.88905,5.51332],[-73.88987,5.51242],[-73.89058,5.51272],[-73.89476,5.52006],[-73.89497,5.52101],[-73.89425,5.52262],[-73.89796,5.52346],[-73.89831,5.52381],[-73.89763,5.52448],[-73.89833,5.52486],[-73.89725,5.52553],[-73.89735,5.52666],[-73.89781,5.527],[-73.89752,5.52768],[-73.8977,5.52836],[-73.89897,5.52895],[-73.90038,5.52868],[-73.90152,5.52908],[-73.90295,5.52895],[-73.90402,5.52937],[-73.90491,5.52931],[-73.9068,5.52818],[-73.90826,5.52657],[-73.90962,5.52454],[-73.91064,5.52374],[-73.91131,5.5228],[-73.91169,5.52143],[-73.91096,5.51476],[-73.9101,5.51375],[-73.91004,5.51194],[-73.90976,5.51111],[-73.90685,5.50831],[-73.90614,5.50646],[-73.90704,5.50229],[-73.90752,5.50161],[-73.90865,5.50136],[-73.90964,5.50046],[-73.90826,5.4991],[-73.90807,5.49813],[-73.90893,5.49673],[-73.90927,5.49542],[-73.90887,5.49431],[-73.90481,5.49265],[-73.90325,5.49043],[-73.90294,5.48942],[-73.9029,5.48684],[-73.90405,5.48495],[-73.90433,5.4823],[-73.90368,5.47964],[-73.90326,5.47936],[-73.90324,5.4786],[-73.90288,5.47835],[-73.90288,5.47733],[-73.90234,5.47576],[-73.90192,5.47542],[-73.90116,5.47552],[-73.90182,5.47375],[-73.90201,5.47171],[-73.90237,5.47062],[-73.90199,5.4689],[-73.90201,5.46714],[-73.90292,5.46531],[-73.90277,5.46421],[-73.90348,5.4601],[-73.90352,5.45878],[-73.90305,5.45842],[-73.90293,5.45784],[-73.90357,5.4559],[-73.90332,5.4553],[-73.9026,5.45508],[-73.90257,5.45484],[-73.90279,5.45413],[-73.90376,5.45307],[-73.90321,5.4522],[-73.90249,5.44999],[-73.90133,5.44883],[-73.90111,5.44793],[-73.90449,5.44656],[-73.90535,5.44604],[-73.90643,5.44486],[-73.90679,5.44415],[-73.90668,5.44337],[-73.90878,5.43942],[-73.90873,5.43731],[-73.91167,5.43561],[-73.91212,5.43438],[-73.91208,5.43305],[-73.91252,5.43223],[-73.91387,5.43269],[-73.91556,5.43475],[-73.91646,5.43474],[-73.9177,5.4359],[-73.9194,5.43652],[-73.92045,5.43807],[-73.92111,5.43805],[-73.92212,5.43863],[-73.92314,5.43881],[-73.92545,5.44],[-73.92843,5.43998],[-73.92999,5.43954],[-73.93132,5.43838],[-73.93237,5.43783],[-73.93668,5.43685],[-73.94064,5.43432],[-73.94218,5.43408],[-73.94539,5.42877],[-73.94708,5.42407],[-73.94749,5.41812]]]}},{"type":"Feature","properties":{"PROVINCIA":"Oriente","N_MUNICIPIOS":8},"geometry":{"type":"Polygon","coordinates":[[[-73.37304,4.92521],[-73.36988,4.92214],[-73.36586,4.9196],[-73.36376,4.91917],[-73.36207,4.91796],[-73.36238,4.91522],[-73.36183,4.91487],[-73.36138,4.91395],[-73.36098,4.9137],[-73.35937,4.91088],[-73.3589,4.90764],[-73.35835,4.90689],[-73.35829,4.90556],[-73.35764,4.90498],[-73.35707,4.90383],[-73.35717,4.90226],[-73.35668,4.90167],[-73.35669,4.90107],[-73.35559,4.90077],[-73.35516,4.89937],[-73.35438,4.89856],[-73.35477,4.89739],[-73.35445,4.89659],[-73.35469,4.89586],[-73.35459,4.89481],[-73.354,4.89391],[-73.35417,4.89348],[-73.35243,4.89329],[-73.35156,4.89367],[-73.35023,4.89375],[-73.34925,4.89424],[-73.34881,4.89366],[-73.34821,4.89402],[-73.3471,4.89394],[-73.34631,4.89448],[-73.34571,4.89451],[-73.3452,4.8938],[-73.3434,4.89379],[-73.34171,4.89341],[-73.34085,4.89406],[-73.33913,4.89695],[-73.33823,4.89739],[-73.33739,4.89851],[-73.337,4.8987],[-73.33638,4.89842],[-73.33602,4.89856],[-73.33556,4.8993],[-73.33472,4.8997],[-73.33423,4.89918],[-73.33333,4.89921],[-73.33173,4.89872],[-73.32874,4.90233],[-73.32719,4.90282],[-73.32487,4.90462],[-73.32348,4.90462],[-73.32295,4.90492],[-73.32372,4.90697],[-73.32451,4.91044],[-73.32459,4.91115],[-73.32391,4.9121],[-73.32209,4.91319],[-73.32081,4.91349],[-73.31515,4.91812],[-73.31311,4.9194],[-73.31232,4.91959],[-73.31147,4.91959],[-73.30995,4.91901],[-73.30781,4.9153],[-73.30498,4.91399],[-73.30439,4.91314],[-73.30433,4.91104],[-73.30376,4.91009],[-73.30005,4.9083],[-73.30026,4.90615],[-73.29946,4.90492],[-73.299,4.90302],[-73.30003,4.90229],[-73.3008,4.89885],[-73.29984,4.89732],[-73.30023,4.89585],[-73.30006,4.8952],[-73.30026,4.89329],[-73.29958,4.88979],[-73.29945,4.8872],[-73.29858,4.88661],[-73.29809,4.88548],[-73.29801,4.88336],[-73.29758,4.88191],[-73.29807,4.88022],[-73.29864,4.87943],[-73.3033,4.87537],[-73.30515,4.87317],[-73.30588,4.87265],[-73.30618,4.87194],[-73.31046,4.86761],[-73.31416,4.86183],[-73.31658,4.85913],[-73.31696,4.85856],[-73.3171,4.85761],[-73.31797,4.8566],[-73.31936,4.85423],[-73.32105,4.85276],[-73.32273,4.85208],[-73.32421,4.85112],[-73.32698,4.84875],[-73.32821,4.84723],[-73.33049,4.84336],[-73.33246,4.84118],[-73.3339,4.83709],[-73.33458,4.83643],[-73.33482,4.83581],[-73.33483,4.83357],[-73.33521,4.83289],[-73.33692,4.83123],[-73.33774,4.82793],[-73.33965,4.82392],[-73.33984,4.82299],[-73.33968,4.82226],[-73.33916,4.82081],[-73.33694,4.81751],[-73.33555,4.81699],[-73.33287,4.81382],[-73.33162,4.81137],[-73.33053,4.80815],[-73.32982,4.80771],[-73.33156,4.80736],[-73.33192,4.80691],[-73.33223,4.80573],[-73.33466,4.80291],[-73.33504,4.80187],[-73.33672,4.79962],[-73.3401,4.79674],[-73.34097,4.79132],[-73.34169,4.79191],[-73.34558,4.79335],[-73.34695,4.79347],[-73.34872,4.7945],[-73.35056,4.79438],[-73.35273,4.79581],[-73.35775,4.79498],[-73.36201,4.79654],[-73.36317,4.7967],[-73.36425,4.79887],[-73.3647,4.79918],[-73.36566,4.79902],[-73.36919,4.79937],[-73.37184,4.80082],[-73.3718,4.80152],[-73.37218,4.80254],[-73.37104,4.80481],[-73.37089,4.80628],[-73.37144,4.808],[-73.3713,4.80911],[-73.37229,4.81144],[-73.37117,4.81279],[-73.36945,4.81663],[-73.36739,4.81888],[-73.36733,4.82005],[-73.36711,4.82035],[-73.36645,4.82047],[-73.36645,4.82103],[-73.36674,4.82137],[-73.36659,4.82199],[-73.36582,4.82346],[-73.36525,4.8236],[-73.36516,4.82477],[-73.36565,4.8254],[-73.36677,4.82579],[-73.36839,4.82536],[-73.36973,4.82657],[-73.37089,4.82641],[-73.37118,4.82705],[-73.37179,4.8275],[-73.37187,4.82965],[-73.37213,4.82993],[-73.3736,4.83026],[-73.37409,4.83126],[-73.37562,4.83208],[-73.37584,4.83284],[-73.37525,4.83372],[-73.375,4.83562],[-73.37437,4.8363],[-73.3741,4.83721],[-73.37475,4.83865],[-73.37467,4.83977],[-73.38064,4.84635],[-73.38172,4.84661],[-73.38358,4.84833],[-73.38439,4.84807],[-73.38492,4.84846],[-73.38578,4.84819],[-73.38702,4.84887],[-73.38918,4.8486],[-73.3912,4.84897],[-73.39179,4.84932],[-73.39126,4.85059],[-73.39138,4.85133],[-73.39201,4.85229],[-73.39185,4.85311],[-73.39277,4.85298],[-73.3945,4.8533],[-73.39368,4.85432],[-73.39323,4.8545],[-73.39305,4.85511],[-73.39185,4.85507],[-73.39087,4.85576],[-73.39091,4.85607],[-73.3925,4.85697],[-73.39349,4.85865],[-73.39327,4.85918],[-73.39356,4.85963],[-73.39276,4.86084],[-73.39384,4.86178],[-73.39343,4.86285],[-73.39394,4.86491],[-73.3932,4.86547],[-73.3943,4.86658],[-73.39447,4.86713],[-73.39614,4.86767],[-73.39632,4.86822],[-73.39813,4.87048],[-73.39849,4.87138],[-73.39813,4.87233],[-73.39976,4.87491],[-73.40045,4.87764],[-73.40157,4.87877],[-73.402,4.87994],[-73.40365,4.88061],[-73.40492,4.8808],[-73.40527,4.88113],[-73.4077,4.88015],[-73.40908,4.88069],[-73.41085,4.88075],[-73.41161,4.88146],[-73.41414,4.88081],[-73.41439,4.8798],[-73.41719,4.8795],[-73.41822,4.88019],[-73.41868,4.88019],[-73.42045,4.87978],[-73.4211,4.87932],[-73.42252,4.87975],[-73.42486,4.87915],[-73.42578,4.88008],[-73.42763,4.88068],[-73.42833,4.88123],[-73.42926,4.88148],[-73.42999,4.88118],[-73.43141,4.88129],[-73.43358,4.88241],[-73.43532,4.88377],[-73.43727,4.8871],[-73.43812,4.88697],[-73.44002,4.88754],[-73.44168,4.88768],[-73.44499,4.88959],[-73.44642,4.8898],[-73.45056,4.88427],[-73.45105,4.88327],[-73.4515,4.88302],[-73.45343,4.88331],[-73.45481,4.88395],[-73.45942,4.88666],[-73.46175,4.88886],[-73.46383,4.89015],[-73.46743,4.89206],[-73.46962,4.89272],[-73.47064,4.89215],[-73.47181,4.89061],[-73.47234,4.89032],[-73.47516,4.88981],[-73.47995,4.89],[-73.48203,4.89122],[-73.48432,4.89152],[-73.48672,4.89083],[-73.48743,4.89032],[-73.48807,4.88902],[-73.48958,4.88738],[-73.49202,4.88618],[-73.49339,4.88505],[-73.49411,4.884],[-73.49499,4.88355],[-73.49644,4.88335],[-73.49983,4.88405],[-73.50257,4.88348],[-73.5083,4.88083],[-73.50935,4.87958],[-73.50988,4.8794],[-73.51115,4.88],[-73.51387,4.87934],[-73.51894,4.87926],[-73.52087,4.87896],[-73.52118,4.88134],[-73.52359,4.88859],[-73.52423,4.89147],[-73.52495,4.89266],[-73.52699,4.89348],[-73.52776,4.89347],[-73.52934,4.89259],[-73.5304,4.89141],[-73.53218,4.89105],[-73.53414,4.89209],[-73.53868,4.89657],[-73.54051,4.90106],[-73.54125,4.90601],[-73.54175,4.9073],[-73.54116,4.91118],[-73.54127,4.91202],[-73.54459,4.9173],[-73.54569,4.91954],[-73.54677,4.92359],[-73.54839,4.92425],[-73.54879,4.92515],[-73.54766,4.9275],[-73.54684,4.93048],[-73.54577,4.93767],[-73.54466,4.9408],[-73.54486,4.94308],[-73.54468,4.94419],[-73.54427,4.94507],[-73.54248,4.94709],[-73.5408,4.94984],[-73.53794,4.95158],[-73.53652,4.95196],[-73.53375,4.95381],[-73.53275,4.95486],[-73.53256,4.95621],[-73.53138,4.95771],[-73.53033,4.96187],[-73.52796,4.9646],[-73.5279,4.96505],[-73.52867,4.96679],[-73.52835,4.96791],[-73.52575,4.96948],[-73.52543,4.97125],[-73.52408,4.9735],[-73.52302,4.97456],[-73.52231,4.9749],[-73.5206,4.97721],[-73.51997,4.97854],[-73.51872,4.97942],[-73.51829,4.98063],[-73.51732,4.98694],[-73.51749,4.98928],[-73.51726,4.99032],[-73.51627,4.99077],[-73.5147,4.99076],[-73.5112,4.99213],[-73.5101,4.9928],[-73.50943,4.99376],[-73.50904,4.99468],[-73.50917,4.99559],[-73.50812,4.99635],[-73.50699,4.99636],[-73.50826,4.99737],[-73.50996,4.99762],[-73.51029,4.99794],[-73.51064,4.99961],[-73.51163,4.9996],[-73.51205,4.99984],[-73.51575,5.00382],[-73.51626,5.00405],[-73.51778,5.00383],[-73.51842,5.00457],[-73.51835,5.00602],[-73.51741,5.00761],[-73.51768,5.01146],[-73.51693,5.01269],[-73.51716,5.01335],[-73.51758,5.0136],[-73.51888,5.0136],[-73.51937,5.01466],[-73.52029,5.01509],[-73.52073,5.01671],[-73.52129,5.01688],[-73.52194,5.01755],[-73.52197,5.02042],[-73.52233,5.02113],[-73.52205,5.02224],[-73.52247,5.02373],[-73.52192,5.02474],[-73.52175,5.02829],[-73.5224,5.02922],[-73.52136,5.02969],[-73.52014,5.03128],[-73.51706,5.03327],[-73.51588,5.03548],[-73.51357,5.03633],[-73.51252,5.03701],[-73.51082,5.03651],[-73.50902,5.03699],[-73.50844,5.03687],[-73.50647,5.03831],[-73.50537,5.03841],[-73.50253,5.03971],[-73.49978,5.03962],[-73.49852,5.04002],[-73.4979,5.03962],[-73.49679,5.03987],[-73.49625,5.03931],[-73.49617,5.03992],[-73.4939,5.04264],[-73.49239,5.04402],[-73.49108,5.04666],[-73.4894,5.04792],[-73.48849,5.04947],[-73.48781,5.0496],[-73.4869,5.05018],[-73.48585,5.05165],[-73.48566,5.05404],[-73.48758,5.05889],[-73.48358,5.05934],[-73.48291,5.06036],[-73.48094,5.06141],[-73.48012,5.06246],[-73.4798,5.06341],[-73.48044,5.06503],[-73.48022,5.06638],[-73.48067,5.06736],[-73.48055,5.06813],[-73.48102,5.06858],[-73.4813,5.06941],[-73.4811,5.07129],[-73.48158,5.07269],[-73.48122,5.07444],[-73.4818,5.07497],[-73.48157,5.07791],[-73.48208,5.07835],[-73.48192,5.07932],[-73.48234,5.08097],[-73.48197,5.08145],[-73.48223,5.08316],[-73.48173,5.08417],[-73.48179,5.08459],[-73.48293,5.08525],[-73.48383,5.08652],[-73.48424,5.08791],[-73.48424,5.08902],[-73.4885,5.09258],[-73.48919,5.09237],[-73.48963,5.09297],[-73.48971,5.09377],[-73.4894,5.09505],[-73.49062,5.09924],[-73.49141,5.10113],[-73.49453,5.10635],[-73.49358,5.1101],[-73.49212,5.11234],[-73.49188,5.11319],[-73.4919,5.11635],[-73.491,5.12044],[-73.49119,5.12628],[-73.49171,5.12893],[-73.48964,5.1302],[-73.48882,5.13122],[-73.48792,5.13506],[-73.48857,5.13721],[-73.48846,5.13751],[-73.48735,5.1396],[-73.48578,5.14117],[-73.48476,5.14287],[-73.48296,5.14466],[-73.48099,5.14616],[-73.47887,5.14696],[-73.4772,5.14809],[-73.47501,5.14955],[-73.47078,5.15106],[-73.46692,5.15321],[-73.46594,5.15326],[-73.46378,5.15227],[-73.46209,5.15222],[-73.45965,5.15341],[-73.45693,5.15403],[-73.45376,5.15604],[-73.44869,5.1579],[-73.44622,5.15828],[-73.44154,5.15763],[-73.43837,5.15842],[-73.4369,5.15938],[-73.43741,5.15828],[-73.43859,5.15757],[-73.43897,5.15704],[-73.43956,5.15541],[-73.43983,5.15215],[-73.43921,5.14917],[-73.43865,5.14805],[-73.43604,5.14475],[-73.43569,5.14271],[-73.43363,5.14021],[-73.43231,5.13795],[-73.43156,5.13594],[-73.4291,5.13325],[-73.42639,5.13084],[-73.42573,5.12916],[-73.4247,5.12799],[-73.42429,5.12677],[-73.42074,5.12366],[-73.41973,5.12191],[-73.41962,5.12112],[-73.42013,5.11749],[-73.41967,5.11545],[-73.41842,5.11316],[-73.41804,5.11287],[-73.41578,5.11269],[-73.41313,5.11053],[-73.4126,5.11038],[-73.41242,5.11058],[-73.41212,5.11034],[-73.41178,5.11049],[-73.4113,5.1101],[-73.41057,5.10998],[-73.40998,5.10949],[-73.40973,5.10847],[-73.40767,5.10703],[-73.40548,5.1047],[-73.40375,5.10409],[-73.40188,5.10259],[-73.4002,5.10163],[-73.39867,5.10203],[-73.39775,5.10187],[-73.39733,5.10132],[-73.39679,5.09938],[-73.39595,5.09862],[-73.39581,5.09762],[-73.39488,5.09574],[-73.3946,5.09578],[-73.3941,5.09386],[-73.3926,5.09221],[-73.39143,5.0897],[-73.38977,5.08773],[-73.38659,5.08573],[-73.3852,5.08515],[-73.38436,5.08519],[-73.38389,5.08484],[-73.38425,5.08257],[-73.3851,5.08128],[-73.3851,5.0794],[-73.386,5.07822],[-73.38657,5.07687],[-73.38703,5.07411],[-73.38667,5.07135],[-73.38795,5.0702],[-73.3897,5.06939],[-73.3902,5.06876],[-73.39035,5.06678],[-73.38895,5.0651],[-73.38886,5.06433],[-73.38963,5.05955],[-73.39115,5.05798],[-73.39014,5.05678],[-73.39002,5.05616],[-73.3905,5.05556],[-73.39152,5.05522],[-73.39199,5.05473],[-73.39217,5.05407],[-73.39186,5.05281],[-73.39201,5.05154],[-73.39231,5.05113],[-73.39384,5.05032],[-73.394,5.04927],[-73.39379,5.04803],[-73.39273,5.04417],[-73.39323,5.04237],[-73.39313,5.04077],[-73.39468,5.03874],[-73.39395,5.03667],[-73.39462,5.03463],[-73.39408,5.03352],[-73.39279,5.03238],[-73.39313,5.03081],[-73.39235,5.02915],[-73.39124,5.02784],[-73.39092,5.02541],[-73.39144,5.02393],[-73.39025,5.02122],[-73.38965,5.01738],[-73.38861,5.01525],[-73.38557,5.01635],[-73.38447,5.01642],[-73.38115,5.01659],[-73.37693,5.01591],[-73.37494,5.01623],[-73.37361,5.0159],[-73.37269,5.01457],[-73.37143,5.01376],[-73.36672,5.01346],[-73.36582,5.01359],[-73.36445,5.01426],[-73.36161,5.00956],[-73.36137,5.00817],[-73.36023,5.00672],[-73.35602,5.00342],[-73.35554,5.00238],[-73.35544,4.99867],[-73.35617,4.99518],[-73.35613,4.9941],[-73.35292,4.98918],[-73.35228,4.98489],[-73.35007,4.98197],[-73.34305,4.97681],[-73.34401,4.97567],[-73.34728,4.97307],[-73.34929,4.97192],[-73.35129,4.96985],[-73.35217,4.96776],[-73.35267,4.96422],[-73.35384,4.96145],[-73.35337,4.95926],[-73.3536,4.9575],[-73.35434,4.95567],[-73.3545,4.95071],[-73.35549,4.94864],[-73.3583,4.94422],[-73.36193,4.94093],[-73.36414,4.93966],[-73.36681,4.9397],[-73.36815,4.94007],[-73.36871,4.93963],[-73.37097,4.93588],[-73.3715,4.93409],[-73.37317,4.93192],[-73.37439,4.9297],[-73.3755,4.92863],[-73.37438,4.92736],[-73.37304,4.92521]]]}},{"type":"Feature","properties":{"PROVINCIA":"Ricaurte","N_MUNICIPIOS":13},"geometry":{"type":"Polygon","coordinates":[[[-73.51268,5.60055],[-73.51107,5.5995],[-73.51076,5.59829],[-73.51127,5.59735],[-73.51125,5.59644],[-73.51006,5.59326],[-73.51046,5.59323],[-73.51114,5.59253],[-73.51198,5.59111],[-73.51301,5.59132],[-73.51284,5.59071],[-73.51323,5.58997],[-73.51193,5.58787],[-73.51237,5.58694],[-73.51211,5.58611],[-73.51253,5.58545],[-73.51197,5.58448],[-73.51191,5.58306],[-73.51058,5.58285],[-73.51029,5.582],[-73.50874,5.5813],[-73.50736,5.57977],[-73.50617,5.57946],[-73.50539,5.57858],[-73.50467,5.57853],[-73.50272,5.57716],[-73.50314,5.5748],[-73.50226,5.57386],[-73.5026,5.57283],[-73.50193,5.5722],[-73.50213,5.57146],[-73.50172,5.57051],[-73.502,5.57019],[-73.50145,5.56764],[-73.50095,5.56704],[-73.50002,5.56672],[-73.49963,5.56546],[-73.49843,5.56429],[-73.49908,5.56236],[-73.49995,5.56139],[-73.49912,5.56054],[-73.4989,5.5595],[-73.49952,5.55798],[-73.50064,5.55699],[-73.50113,5.55527],[-73.50425,5.55295],[-73.50491,5.55092],[-73.50538,5.55083],[-73.50603,5.54953],[-73.50688,5.54948],[-73.507,5.54847],[-73.50845,5.54697],[-73.50876,5.54626],[-73.50855,5.54559],[-73.50891,5.54354],[-73.50963,5.54282],[-73.50945,5.54209],[-73.51023,5.54123],[-73.51099,5.54152],[-73.51163,5.54074],[-73.51248,5.54076],[-73.51311,5.54],[-73.51304,5.53917],[-73.51397,5.53852],[-73.51558,5.53592],[-73.51651,5.53556],[-73.51675,5.53434],[-73.51727,5.53353],[-73.51767,5.53381],[-73.51925,5.53397],[-73.52039,5.5338],[-73.52154,5.53325],[-73.52316,5.53363],[-73.5279,5.53281],[-73.52949,5.53203],[-73.53009,5.53133],[-73.53163,5.53063],[-73.53534,5.53075],[-73.54401,5.52743],[-73.54672,5.52448],[-73.54994,5.52188],[-73.55086,5.5207],[-73.55131,5.5192],[-73.55376,5.52024],[-73.5547,5.52027],[-73.55666,5.51946],[-73.55854,5.51793],[-73.55896,5.51709],[-73.5582,5.51381],[-73.55863,5.51132],[-73.55847,5.50915],[-73.55724,5.50875],[-73.55524,5.509],[-73.55333,5.50744],[-73.55038,5.50691],[-73.54866,5.50454],[-73.54624,5.50498],[-73.54471,5.50411],[-73.5439,5.50412],[-73.54298,5.50375],[-73.53677,5.50027],[-73.53613,5.50027],[-73.53715,5.49859],[-73.53705,5.49798],[-73.53785,5.49773],[-73.54058,5.49533],[-73.54348,5.49477],[-73.54468,5.4943],[-73.54621,5.49286],[-73.54699,5.49161],[-73.54901,5.49082],[-73.55134,5.48899],[-73.55227,5.48737],[-73.55441,5.48494],[-73.55502,5.48374],[-73.55637,5.48243],[-73.55687,5.48096],[-73.55823,5.4797],[-73.55854,5.47817],[-73.56216,5.47673],[-73.56396,5.47645],[-73.56565,5.47568],[-73.56704,5.47769],[-73.56802,5.4784],[-73.57195,5.47105],[-73.57536,5.46785],[-73.57809,5.46672],[-73.5798,5.46781],[-73.5831,5.46845],[-73.58479,5.4685],[-73.58653,5.46667],[-73.58754,5.46637],[-73.58987,5.46623],[-73.59332,5.46679],[-73.59406,5.4667],[-73.59483,5.46626],[-73.59717,5.46216],[-73.60069,5.46002],[-73.60087,5.45953],[-73.59956,5.45847],[-73.59899,5.45757],[-73.59954,5.45259],[-73.60068,5.4486],[-73.59907,5.44432],[-73.59903,5.44117],[-73.59838,5.44088],[-73.59936,5.43981],[-73.59971,5.43857],[-73.59816,5.43707],[-73.5965,5.43601],[-73.59759,5.43378],[-73.5986,5.43268],[-73.60007,5.43168],[-73.60048,5.43079],[-73.59673,5.42734],[-73.59544,5.42507],[-73.59314,5.42248],[-73.59309,5.42161],[-73.59366,5.42071],[-73.59538,5.41972],[-73.59656,5.41701],[-73.59719,5.41653],[-73.60107,5.41693],[-73.60399,5.41572],[-73.60509,5.4146],[-73.60654,5.41368],[-73.608,5.41313],[-73.61027,5.41294],[-73.61527,5.41015],[-73.61676,5.40686],[-73.61811,5.4055],[-73.6185,5.40475],[-73.62047,5.40582],[-73.62214,5.40735],[-73.62305,5.40873],[-73.62444,5.40928],[-73.62516,5.4106],[-73.62696,5.41266],[-73.62904,5.41347],[-73.63059,5.41315],[-73.63185,5.41349],[-73.63481,5.41602],[-73.63612,5.41656],[-73.63713,5.41659],[-73.63811,5.41747],[-73.63941,5.41742],[-73.64089,5.4179],[-73.64168,5.41782],[-73.64356,5.41718],[-73.64616,5.41574],[-73.64719,5.41549],[-73.64795,5.41483],[-73.65054,5.41512],[-73.65266,5.41651],[-73.65375,5.41774],[-73.65329,5.41908],[-73.65387,5.42008],[-73.65408,5.42158],[-73.6548,5.42237],[-73.65488,5.42387],[-73.6554,5.42441],[-73.65459,5.42519],[-73.65534,5.42622],[-73.65646,5.42599],[-73.65701,5.42651],[-73.65857,5.4265],[-73.66058,5.42783],[-73.66225,5.42815],[-73.66389,5.4297],[-73.665,5.43021],[-73.66581,5.43004],[-73.66664,5.42875],[-73.66751,5.42911],[-73.6685,5.42868],[-73.66926,5.42975],[-73.66934,5.43069],[-73.66998,5.43077],[-73.67076,5.43221],[-73.67179,5.43333],[-73.67253,5.43355],[-73.67342,5.43344],[-73.67432,5.43426],[-73.67618,5.43435],[-73.67673,5.43474],[-73.67762,5.43482],[-73.67843,5.43432],[-73.67838,5.43492],[-73.67871,5.43477],[-73.67878,5.43532],[-73.67941,5.43529],[-73.67942,5.4358],[-73.67981,5.43597],[-73.67855,5.43741],[-73.67737,5.43704],[-73.67671,5.4372],[-73.67697,5.43804],[-73.67629,5.4397],[-73.67538,5.44021],[-73.67552,5.44103],[-73.67499,5.4423],[-73.67554,5.4448],[-73.67622,5.44576],[-73.67656,5.44765],[-73.67697,5.44849],[-73.67789,5.44931],[-73.67838,5.4505],[-73.67879,5.45077],[-73.67916,5.45188],[-73.67928,5.45349],[-73.67909,5.454],[-73.67643,5.45718],[-73.67641,5.4588],[-73.67672,5.45946],[-73.67754,5.45956],[-73.67866,5.45868],[-73.68075,5.4562],[-73.68431,5.45305],[-73.68567,5.4514],[-73.68963,5.44772],[-73.69385,5.44648],[-73.6954,5.44643],[-73.69666,5.44678],[-73.69704,5.44712],[-73.69898,5.44946],[-73.69998,5.45029],[-73.7004,5.45109],[-73.70154,5.45203],[-73.70248,5.45241],[-73.70301,5.45354],[-73.70458,5.45354],[-73.70628,5.45402],[-73.70653,5.45563],[-73.70679,5.45594],[-73.71043,5.45625],[-73.71475,5.45717],[-73.71953,5.45881],[-73.71831,5.46188],[-73.71738,5.46598],[-73.71759,5.46655],[-73.71722,5.46782],[-73.71745,5.46877],[-73.71722,5.46975],[-73.71765,5.47325],[-73.71749,5.47419],[-73.71783,5.47453],[-73.7177,5.47567],[-73.71799,5.47631],[-73.71849,5.47637],[-73.71866,5.47678],[-73.72025,5.47807],[-73.72296,5.47853],[-73.72523,5.47923],[-73.72668,5.479],[-73.72836,5.47916],[-73.73008,5.4779],[-73.73184,5.47554],[-73.73352,5.47414],[-73.73494,5.47244],[-73.73761,5.4718],[-73.73847,5.47112],[-73.73977,5.47101],[-73.74083,5.47037],[-73.74101,5.46938],[-73.74232,5.46866],[-73.74328,5.46868],[-73.74316,5.4701],[-73.74348,5.47095],[-73.73824,5.47305],[-73.73792,5.4736],[-73.73812,5.47558],[-73.73745,5.47629],[-73.73456,5.4769],[-73.73385,5.47778],[-73.73296,5.47833],[-73.73239,5.47854],[-73.73168,5.47844],[-73.73206,5.47894],[-73.7322,5.48272],[-73.72841,5.48155],[-73.72863,5.47977],[-73.72751,5.48048],[-73.72716,5.48122],[-73.72714,5.48304],[-73.72629,5.4835],[-73.72551,5.4845],[-73.72576,5.48619],[-73.70976,5.49129],[-73.70839,5.4928],[-73.70634,5.49442],[-73.70524,5.4964],[-73.70369,5.49784],[-73.69824,5.50153],[-73.69647,5.5034],[-73.69193,5.51053],[-73.68987,5.51259],[-73.68862,5.51335],[-73.68772,5.5144],[-73.68622,5.51693],[-73.68707,5.5213],[-73.68899,5.52323],[-73.69275,5.52522],[-73.69391,5.52504],[-73.69792,5.52519],[-73.69838,5.52478],[-73.69877,5.52482],[-73.70178,5.52594],[-73.70165,5.52619],[-73.70226,5.52668],[-73.70429,5.52728],[-73.70495,5.52802],[-73.70529,5.52919],[-73.70587,5.52944],[-73.7064,5.53026],[-73.70738,5.53065],[-73.70708,5.53228],[-73.70589,5.53331],[-73.70557,5.53435],[-73.70758,5.53543],[-73.70944,5.53575],[-73.70981,5.53561],[-73.70979,5.53538],[-73.71096,5.53501],[-73.71405,5.53469],[-73.71655,5.53485],[-73.71924,5.53649],[-73.72005,5.53737],[-73.72034,5.5389],[-73.7201,5.54089],[-73.72053,5.54364],[-73.72124,5.54508],[-73.72161,5.54701],[-73.7216,5.54882],[-73.72107,5.54952],[-73.72173,5.55148],[-73.7219,5.55297],[-73.7209,5.55473],[-73.72034,5.55816],[-73.7194,5.56016],[-73.71823,5.5648],[-73.71728,5.56737],[-73.71631,5.56895],[-73.71313,5.57784],[-73.71347,5.58021],[-73.71288,5.58519],[-73.71379,5.58708],[-73.71606,5.59021],[-73.7157,5.59058],[-73.71583,5.59154],[-73.71822,5.5931],[-73.71907,5.59604],[-73.71735,5.59518],[-73.71685,5.59606],[-73.71615,5.59566],[-73.71561,5.59695],[-73.7151,5.59708],[-73.71112,5.60018],[-73.71088,5.60161],[-73.71045,5.60212],[-73.70889,5.60343],[-73.70551,5.60551],[-73.70318,5.60951],[-73.69976,5.61248],[-73.69653,5.61636],[-73.69443,5.61845],[-73.69303,5.62081],[-73.69165,5.62419],[-73.68976,5.62542],[-73.68739,5.62754],[-73.68605,5.62958],[-73.68352,5.63339],[-73.68175,5.63568],[-73.68075,5.63657],[-73.68063,5.6384],[-73.67834,5.64159],[-73.67763,5.64347],[-73.6773,5.65039],[-73.67616,5.65314],[-73.67538,5.65588],[-73.67273,5.65993],[-73.67081,5.66463],[-73.67031,5.66643],[-73.67034,5.67256],[-73.66964,5.67581],[-73.66793,5.67921],[-73.66685,5.67993],[-73.66195,5.68539],[-73.65997,5.68852],[-73.65876,5.68948],[-73.65652,5.69201],[-73.65322,5.70252],[-73.65194,5.70946],[-73.65176,5.71239],[-73.64678,5.71332],[-73.64469,5.71507],[-73.64401,5.71521],[-73.64331,5.71738],[-73.64093,5.72048],[-73.63955,5.72327],[-73.63878,5.7241],[-73.63892,5.72661],[-73.63791,5.72766],[-73.6377,5.72875],[-73.63719,5.72968],[-73.63738,5.73207],[-73.6363,5.73598],[-73.63613,5.73705],[-73.63635,5.73744],[-73.63604,5.73802],[-73.63349,5.73891],[-73.63147,5.74085],[-73.63106,5.74332],[-73.63,5.74437],[-73.6295,5.74746],[-73.63007,5.75141],[-73.62977,5.75401],[-73.63039,5.75564],[-73.6302,5.75607],[-73.62957,5.75648],[-73.62955,5.75845],[-73.62892,5.76253],[-73.62742,5.76478],[-73.62607,5.76841],[-73.62572,5.77224],[-73.62623,5.77857],[-73.62632,5.78121],[-73.62753,5.78312],[-73.62925,5.78952],[-73.6285,5.79094],[-73.62839,5.79254],[-73.62772,5.79322],[-73.62752,5.79615],[-73.62575,5.80237],[-73.62504,5.80281],[-73.62437,5.80372],[-73.62415,5.8062],[-73.62389,5.80678],[-73.62415,5.80775],[-73.62378,5.80848],[-73.62373,5.80937],[-73.6233,5.80995],[-73.62367,5.81166],[-73.62438,5.81196],[-73.62433,5.81229],[-73.62399,5.81327],[-73.6234,5.81351],[-73.6228,5.81438],[-73.62245,5.81683],[-73.62117,5.81757],[-73.62027,5.81848],[-73.61987,5.82448],[-73.61893,5.82725],[-73.61739,5.82884],[-73.61679,5.83067],[-73.61479,5.83371],[-73.6114,5.84011],[-73.61028,5.8433],[-73.60931,5.84482],[-73.60933,5.84537],[-73.6077,5.84867],[-73.60732,5.85207],[-73.60503,5.85568],[-73.60401,5.85825],[-73.60358,5.8601],[-73.60159,5.86419],[-73.60016,5.86942],[-73.60131,5.87101],[-73.60171,5.87216],[-73.60261,5.87305],[-73.60527,5.8791],[-73.60818,5.88189],[-73.61039,5.88508],[-73.61047,5.88624],[-73.61127,5.88714],[-73.61274,5.88796],[-73.61719,5.88967],[-73.6187,5.89014],[-73.62024,5.89024],[-73.6205,5.89081],[-73.62235,5.89127],[-73.62346,5.89209],[-73.62463,5.89213],[-73.62576,5.89316],[-73.62679,5.89326],[-73.62722,5.89375],[-73.63034,5.89422],[-73.63151,5.89524],[-73.63173,5.89592],[-73.63248,5.89673],[-73.63223,5.89833],[-73.63147,5.89967],[-73.63062,5.90056],[-73.6315,5.90138],[-73.63206,5.90295],[-73.63131,5.90505],[-73.63147,5.90565],[-73.6336,5.90785],[-73.63601,5.90959],[-73.63613,5.90995],[-73.6359,5.91116],[-73.63392,5.91099],[-73.63286,5.91148],[-73.63225,5.91366],[-73.6311,5.91537],[-73.62994,5.91576],[-73.62805,5.91527],[-73.62632,5.91656],[-73.62464,5.91985],[-73.62403,5.92222],[-73.62235,5.92398],[-73.62168,5.92445],[-73.62036,5.92478],[-73.61927,5.92431],[-73.61813,5.92432],[-73.6175,5.92476],[-73.61646,5.92634],[-73.61567,5.92581],[-73.61489,5.92574],[-73.61225,5.92767],[-73.61187,5.92825],[-73.60931,5.92948],[-73.60744,5.93086],[-73.607,5.93277],[-73.60592,5.93328],[-73.60498,5.93437],[-73.60299,5.93769],[-73.60278,5.94055],[-73.60087,5.94329],[-73.59963,5.94731],[-73.597,5.95093],[-73.59639,5.95245],[-73.59626,5.95454],[-73.59545,5.95543],[-73.59404,5.95603],[-73.59341,5.95771],[-73.59324,5.95943],[-73.59337,5.96124],[-73.59086,5.96542],[-73.59051,5.96872],[-73.5905,5.96966],[-73.59114,5.97088],[-73.5918,5.97356],[-73.59188,5.97569],[-73.59134,5.97819],[-73.59185,5.97931],[-73.59196,5.98032],[-73.59015,5.98417],[-73.59142,5.98593],[-73.59152,5.98679],[-73.59131,5.9872],[-73.58937,5.98846],[-73.58858,5.98935],[-73.58903,5.99257],[-73.58777,5.99466],[-73.58824,5.99746],[-73.58723,5.99929],[-73.58599,6.00632],[-73.58479,6.00819],[-73.58392,6.0089],[-73.5824,6.0093],[-73.58193,6.00967],[-73.58168,6.01031],[-73.58218,6.01163],[-73.58199,6.01199],[-73.57756,6.01355],[-73.5752,6.01469],[-73.57462,6.01482],[-73.57285,6.01433],[-73.57207,6.01458],[-73.57058,6.01576],[-73.56945,6.01587],[-73.56777,6.0172],[-73.56552,6.01831],[-73.56448,6.0204],[-73.56303,6.02156],[-73.56177,6.02368],[-73.56009,6.0251],[-73.55919,6.02624],[-73.55902,6.02718],[-73.55954,6.02901],[-73.55927,6.02943],[-73.55866,6.02976],[-73.557,6.02944],[-73.55478,6.03049],[-73.54997,6.03113],[-73.54851,6.03157],[-73.54296,6.03527],[-73.54151,6.03587],[-73.54067,6.03716],[-73.53965,6.03742],[-73.53922,6.04027],[-73.53829,6.04153],[-73.537,6.04204],[-73.53692,6.04263],[-73.53575,6.04437],[-73.53511,6.0484],[-73.53439,6.05022],[-73.53371,6.05066],[-73.5325,6.04924],[-73.5319,6.04919],[-73.53091,6.04995],[-73.53067,6.0535],[-73.52956,6.05597],[-73.52932,6.05615],[-73.52807,6.0559],[-73.52751,6.05607],[-73.52729,6.05695],[-73.52755,6.05769],[-73.52744,6.0584],[-73.52689,6.05875],[-73.52496,6.05885],[-73.52437,6.0594],[-73.52433,6.05971],[-73.52564,6.06183],[-73.52563,6.06579],[-73.52615,6.06669],[-73.52764,6.0671],[-73.52787,6.06783],[-73.52762,6.06886],[-73.52667,6.07004],[-73.52679,6.07238],[-73.52633,6.07511],[-73.52665,6.07687],[-73.52517,6.07778],[-73.52365,6.07721],[-73.5226,6.07736],[-73.52127,6.0807],[-73.51967,6.0815],[-73.51899,6.08214],[-73.51869,6.08378],[-73.51783,6.08528],[-73.51451,6.0867],[-73.51389,6.08726],[-73.51385,6.08853],[-73.51443,6.08991],[-73.5138,6.09225],[-73.51314,6.09318],[-73.51301,6.09492],[-73.51352,6.09622],[-73.51458,6.09688],[-73.51487,6.09738],[-73.5152,6.09908],[-73.51487,6.09939],[-73.51319,6.09952],[-73.50883,6.1017],[-73.50694,6.1023],[-73.50559,6.10379],[-73.50449,6.10567],[-73.5026,6.10611],[-73.50041,6.10707],[-73.49883,6.10729],[-73.49742,6.10803],[-73.49635,6.10655],[-73.49567,6.1061],[-73.49405,6.10637],[-73.49323,6.10608],[-73.49194,6.10429],[-73.49075,6.10326],[-73.48981,6.10168],[-73.48775,6.10125],[-73.48543,6.1001],[-73.48468,6.1],[-73.48416,6.09971],[-73.48348,6.09869],[-73.48228,6.09832],[-73.48138,6.09857],[-73.48044,6.09843],[-73.47917,6.09748],[-73.47834,6.09724],[-73.47751,6.09517],[-73.47643,6.09435],[-73.47545,6.0942],[-73.47454,6.09492],[-73.47304,6.09539],[-73.47151,6.0951],[-73.46891,6.09294],[-73.46762,6.0923],[-73.46713,6.09117],[-73.4657,6.09028],[-73.46472,6.08911],[-73.46342,6.08853],[-73.46222,6.08833],[-73.46186,6.0871],[-73.45964,6.08621],[-73.45816,6.0846],[-73.45767,6.08342],[-73.45606,6.08125],[-73.45469,6.0806],[-73.45403,6.0791],[-73.45352,6.07857],[-73.45136,6.07775],[-73.44901,6.07826],[-73.44736,6.07781],[-73.44577,6.07601],[-73.44491,6.07589],[-73.44345,6.07456],[-73.44242,6.07441],[-73.44035,6.07266],[-73.43845,6.07239],[-73.43838,6.07152],[-73.43552,6.07118],[-73.43457,6.07056],[-73.42901,6.06839],[-73.42848,6.06846],[-73.42708,6.06948],[-73.4253,6.06982],[-73.42432,6.07101],[-73.42385,6.0712],[-73.42175,6.07188],[-73.41932,6.07136],[-73.4174,6.07207],[-73.41609,6.0736],[-73.41483,6.07309],[-73.41464,6.07277],[-73.41495,6.07049],[-73.41706,6.07002],[-73.41852,6.0705],[-73.41893,6.0704],[-73.41925,6.06965],[-73.41908,6.06837],[-73.41534,6.06332],[-73.41276,6.06179],[-73.41176,6.06014],[-73.40787,6.05903],[-73.40674,6.05914],[-73.40377,6.05603],[-73.4031,6.05399],[-73.40363,6.05348],[-73.40518,6.05299],[-73.40636,6.05051],[-73.40593,6.05017],[-73.40433,6.04976],[-73.40294,6.04785],[-73.40267,6.04657],[-73.4011,6.047],[-73.39918,6.04554],[-73.39845,6.04384],[-73.39567,6.03936],[-73.39493,6.03774],[-73.39055,6.03309],[-73.38912,6.03094],[-73.38876,6.02995],[-73.38764,6.02308],[-73.38678,6.02198],[-73.38617,6.02163],[-73.38496,6.02125],[-73.38298,6.02151],[-73.38235,6.02102],[-73.38292,6.01926],[-73.3826,6.01769],[-73.38214,6.0172],[-73.38101,6.01704],[-73.3802,6.01529],[-73.37853,6.01395],[-73.37808,6.01326],[-73.37774,6.01036],[-73.37698,6.00989],[-73.37541,6.00799],[-73.37563,6.00608],[-73.37409,6.00542],[-73.37344,6.00671],[-73.37302,6.00699],[-73.37137,6.0062],[-73.3709,6.0056],[-73.37076,6.00471],[-73.37109,6.00417],[-73.37063,6.00285],[-73.37099,6.00075],[-73.37233,5.99969],[-73.37273,5.99874],[-73.37231,5.99779],[-73.37047,5.99714],[-73.36947,5.9963],[-73.36962,5.99583],[-73.37072,5.99548],[-73.37165,5.99627],[-73.37201,5.99617],[-73.37216,5.99436],[-73.37138,5.99168],[-73.37162,5.99124],[-73.37345,5.98982],[-73.37434,5.98838],[-73.37334,5.98527],[-73.37434,5.98429],[-73.3753,5.98275],[-73.37542,5.98206],[-73.37442,5.98123],[-73.37414,5.98008],[-73.3749,5.9783],[-73.37588,5.97734],[-73.37611,5.9765],[-73.37564,5.97467],[-73.37516,5.97451],[-73.37416,5.97469],[-73.37424,5.97396],[-73.37552,5.97178],[-73.37585,5.97019],[-73.37456,5.96963],[-73.37395,5.96976],[-73.37388,5.96942],[-73.37413,5.96868],[-73.37463,5.96818],[-73.37547,5.96438],[-73.37634,5.96264],[-73.37756,5.96215],[-73.37954,5.962],[-73.37989,5.96174],[-73.38007,5.96103],[-73.3809,5.96024],[-73.38074,5.95919],[-73.37968,5.95847],[-73.37924,5.95786],[-73.37936,5.95738],[-73.37997,5.95727],[-73.38049,5.95677],[-73.38079,5.95318],[-73.38112,5.9523],[-73.3827,5.95148],[-73.38249,5.95062],[-73.38427,5.95083],[-73.38462,5.94983],[-73.38422,5.9487],[-73.38684,5.94712],[-73.38689,5.94622],[-73.38626,5.9456],[-73.38642,5.94523],[-73.38697,5.94504],[-73.38782,5.94532],[-73.38812,5.94516],[-73.38817,5.94414],[-73.38895,5.94317],[-73.38938,5.94161],[-73.38782,5.94024],[-73.3866,5.93715],[-73.38686,5.93611],[-73.38634,5.93613],[-73.38726,5.93276],[-73.3879,5.93165],[-73.38856,5.93108],[-73.39115,5.92957],[-73.39418,5.92733],[-73.39511,5.92589],[-73.39496,5.92476],[-73.39559,5.92427],[-73.39575,5.92309],[-73.39743,5.92086],[-73.39733,5.92008],[-73.39779,5.91947],[-73.3965,5.91909],[-73.39584,5.9168],[-73.39639,5.91504],[-73.3985,5.91278],[-73.39832,5.91242],[-73.39859,5.91209],[-73.3984,5.91078],[-73.39862,5.91032],[-73.39833,5.91003],[-73.39846,5.90837],[-73.40044,5.9045],[-73.4012,5.90358],[-73.40141,5.90281],[-73.40118,5.90225],[-73.40164,5.90134],[-73.40283,5.90125],[-73.40355,5.90053],[-73.40534,5.89982],[-73.40686,5.89844],[-73.40658,5.89681],[-73.40722,5.89615],[-73.4082,5.8936],[-73.40659,5.89163],[-73.40661,5.89087],[-73.40741,5.88954],[-73.40808,5.8891],[-73.40854,5.88928],[-73.40984,5.89068],[-73.41132,5.8912],[-73.4158,5.89049],[-73.41767,5.88968],[-73.4205,5.88936],[-73.42335,5.89065],[-73.4242,5.89182],[-73.4274,5.89343],[-73.42968,5.89531],[-73.43181,5.89629],[-73.43381,5.89834],[-73.43604,5.89793],[-73.43932,5.89847],[-73.44258,5.90039],[-73.44449,5.902],[-73.45361,5.89256],[-73.45595,5.89055],[-73.4569,5.89036],[-73.45322,5.88668],[-73.45248,5.88544],[-73.4519,5.88285],[-73.45084,5.88198],[-73.44996,5.88058],[-73.44888,5.87977],[-73.45023,5.87716],[-73.45103,5.87481],[-73.45099,5.87348],[-73.45039,5.87151],[-73.45089,5.86995],[-73.45123,5.86665],[-73.45357,5.86469],[-73.45421,5.86299],[-73.45575,5.86102],[-73.45818,5.85364],[-73.45879,5.85238],[-73.45999,5.85119],[-73.46031,5.85015],[-73.46065,5.84969],[-73.46374,5.84841],[-73.46288,5.84683],[-73.46218,5.84248],[-73.46294,5.84135],[-73.46497,5.83394],[-73.46695,5.82925],[-73.47156,5.8216],[-73.47348,5.81683],[-73.46951,5.81525],[-73.46752,5.81484],[-73.46538,5.81397],[-73.45966,5.81324],[-73.4566,5.81104],[-73.45243,5.80734],[-73.4498,5.80394],[-73.44803,5.80296],[-73.44555,5.80243],[-73.43929,5.80036],[-73.43819,5.79976],[-73.43589,5.7982],[-73.43339,5.79501],[-73.43146,5.793],[-73.4304,5.79075],[-73.42996,5.78788],[-73.43031,5.78577],[-73.43067,5.78488],[-73.43193,5.78348],[-73.43202,5.78249],[-73.43156,5.78139],[-73.42967,5.7802],[-73.42831,5.77891],[-73.42728,5.77717],[-73.42713,5.77637],[-73.42728,5.77523],[-73.42787,5.7741],[-73.42902,5.77292],[-73.43182,5.77141],[-73.43206,5.77081],[-73.43223,5.76953],[-73.43187,5.76873],[-73.43081,5.76707],[-73.43003,5.7665],[-73.42808,5.76586],[-73.42645,5.76582],[-73.42442,5.76621],[-73.41877,5.76853],[-73.41712,5.76864],[-73.4151,5.76732],[-73.41225,5.76398],[-73.40995,5.76234],[-73.40731,5.7614],[-73.40284,5.76037],[-73.39985,5.75877],[-73.39902,5.75867],[-73.3982,5.75891],[-73.39729,5.75838],[-73.39569,5.75713],[-73.39371,5.75393],[-73.39048,5.75107],[-73.38932,5.75118],[-73.38597,5.75418],[-73.38173,5.76053],[-73.38128,5.75996],[-73.38098,5.75819],[-73.37973,5.75643],[-73.37984,5.75189],[-73.37694,5.74946],[-73.37687,5.74914],[-73.37714,5.74869],[-73.37882,5.74812],[-73.3796,5.74677],[-73.37962,5.74565],[-73.37924,5.745],[-73.37782,5.744],[-73.37446,5.74317],[-73.37418,5.74283],[-73.37406,5.74166],[-73.37429,5.73853],[-73.37592,5.73714],[-73.37702,5.73463],[-73.37695,5.73043],[-73.37825,5.72547],[-73.37861,5.72481],[-73.37913,5.7245],[-73.37909,5.72363],[-73.37863,5.7237],[-73.37811,5.7228],[-73.37694,5.72282],[-73.37621,5.72227],[-73.37641,5.72213],[-73.37625,5.72162],[-73.37655,5.72155],[-73.3767,5.72108],[-73.37636,5.72095],[-73.37645,5.72062],[-73.3761,5.72082],[-73.37612,5.72036],[-73.37593,5.72074],[-73.37545,5.72034],[-73.3752,5.72068],[-73.37481,5.72043],[-73.37437,5.7208],[-73.37391,5.72067],[-73.3736,5.72087],[-73.37325,5.72055],[-73.37301,5.7208],[-73.37285,5.72026],[-73.3722,5.71993],[-73.37243,5.71867],[-73.37218,5.7181],[-73.3724,5.71765],[-73.37206,5.71719],[-73.37155,5.71732],[-73.3712,5.71699],[-73.37037,5.71713],[-73.36946,5.71613],[-73.36847,5.71585],[-73.36824,5.71527],[-73.36781,5.715],[-73.36789,5.71386],[-73.3674,5.71244],[-73.36671,5.71152],[-73.36658,5.70968],[-73.36603,5.70915],[-73.36612,5.70847],[-73.36581,5.70817],[-73.36569,5.70736],[-73.36611,5.70668],[-73.36593,5.70577],[-73.36505,5.70366],[-73.36259,5.70406],[-73.36235,5.7047],[-73.36057,5.7053],[-73.3598,5.70533],[-73.35947,5.70506],[-73.35889,5.70534],[-73.35773,5.70504],[-73.35723,5.70449],[-73.35575,5.70464],[-73.356,5.70406],[-73.35553,5.70295],[-73.3546,5.70185],[-73.35312,5.70117],[-73.35269,5.7002],[-73.35202,5.69967],[-73.35154,5.6984],[-73.35061,5.69755],[-73.34989,5.69634],[-73.34946,5.69491],[-73.34957,5.69327],[-73.34904,5.69278],[-73.34841,5.69111],[-73.34838,5.68956],[-73.34794,5.68823],[-73.3483,5.68779],[-73.34794,5.68673],[-73.34793,5.68501],[-73.34733,5.68449],[-73.34574,5.68191],[-73.34349,5.68045],[-73.34184,5.67973],[-73.34435,5.67881],[-73.34396,5.67575],[-73.34575,5.67401],[-73.34673,5.67129],[-73.3475,5.67023],[-73.34917,5.66967],[-73.35039,5.66873],[-73.35225,5.66887],[-73.35339,5.66845],[-73.35442,5.66861],[-73.35556,5.66835],[-73.35911,5.66608],[-73.35982,5.66549],[-73.36021,5.66476],[-73.36238,5.66384],[-73.36313,5.66453],[-73.36349,5.66505],[-73.36955,5.66854],[-73.38086,5.67195],[-73.3818,5.67256],[-73.3815,5.67547],[-73.38241,5.67585],[-73.38224,5.67664],[-73.38329,5.6776],[-73.38359,5.67855],[-73.38365,5.68015],[-73.38337,5.68113],[-73.38362,5.68299],[-73.38334,5.68328],[-73.38306,5.68554],[-73.38353,5.68767],[-73.38433,5.6893],[-73.38519,5.6903],[-73.38583,5.6933],[-73.38621,5.69348],[-73.38741,5.69317],[-73.38737,5.69422],[-73.38786,5.69514],[-73.39028,5.69706],[-73.39427,5.69862],[-73.39764,5.70256],[-73.3992,5.70665],[-73.39929,5.70911],[-73.39948,5.70999],[-73.39991,5.71045],[-73.40078,5.71445],[-73.4034,5.71384],[-73.40441,5.71298],[-73.40581,5.71234],[-73.40695,5.71254],[-73.40841,5.71192],[-73.41017,5.71233],[-73.4111,5.71228],[-73.41311,5.7108],[-73.41338,5.70911],[-73.41396,5.70826],[-73.41521,5.70731],[-73.41612,5.70697],[-73.41861,5.7071],[-73.42115,5.70567],[-73.42174,5.70565],[-73.42299,5.70651],[-73.42345,5.70773],[-73.42511,5.70424],[-73.42818,5.69973],[-73.43041,5.6978],[-73.43153,5.69632],[-73.43321,5.69298],[-73.43662,5.69157],[-73.43722,5.69095],[-73.43815,5.68977],[-73.43925,5.68738],[-73.44151,5.68415],[-73.44269,5.68299],[-73.44408,5.68257],[-73.44582,5.68246],[-73.44997,5.6797],[-73.45176,5.67927],[-73.45277,5.67806],[-73.4564,5.67904],[-73.46053,5.68233],[-73.46105,5.68248],[-73.46578,5.68048],[-73.46815,5.68014],[-73.46953,5.67946],[-73.47301,5.67918],[-73.47541,5.67742],[-73.4766,5.67758],[-73.47776,5.67736],[-73.47915,5.67777],[-73.47924,5.67709],[-73.47999,5.67594],[-73.47974,5.67488],[-73.4803,5.67462],[-73.48048,5.67401],[-73.48153,5.67283],[-73.4821,5.67291],[-73.48238,5.67229],[-73.4831,5.67214],[-73.48368,5.67101],[-73.48357,5.67048],[-73.48199,5.66927],[-73.48236,5.66808],[-73.48198,5.66575],[-73.48244,5.66409],[-73.48179,5.66247],[-73.48244,5.66214],[-73.48209,5.66112],[-73.48253,5.6604],[-73.48246,5.65958],[-73.4828,5.65879],[-73.48368,5.65828],[-73.48389,5.6575],[-73.48447,5.65705],[-73.48465,5.65647],[-73.48426,5.65574],[-73.4853,5.65491],[-73.4863,5.65268],[-73.48871,5.64989],[-73.48974,5.64692],[-73.48954,5.64284],[-73.48846,5.64189],[-73.48753,5.64007],[-73.48643,5.63929],[-73.48402,5.63661],[-73.48342,5.63565],[-73.48378,5.63446],[-73.488,5.62799],[-73.48829,5.62636],[-73.48908,5.62529],[-73.49056,5.62441],[-73.49606,5.62306],[-73.49983,5.62109],[-73.50724,5.61383],[-73.50944,5.61127],[-73.51208,5.60768],[-73.51407,5.60437],[-73.51526,5.60171],[-73.51625,5.60104],[-73.51268,5.60055]]]}},{"type":"Feature","properties":{"PROVINCIA":"Sugamuxi","N_MUNICIPIOS":13},"geometry":{"type":"Polygon","coordinates":[[[-73.04446,5.35946],[-73.04526,5.35952],[-73.04635,5.36017],[-73.04693,5.36121],[-73.04754,5.36336],[-73.04735,5.36477],[-73.04673,5.3664],[-73.04711,5.36923],[-73.04811,5.37192],[-73.04981,5.37331],[-73.05092,5.37402],[-73.05217,5.37368],[-73.05283,5.37432],[-73.05328,5.3744],[-73.0538,5.37349],[-73.05347,5.37228],[-73.05354,5.37168],[-73.05422,5.37067],[-73.05414,5.36998],[-73.05503,5.36979],[-73.05574,5.3687],[-73.05712,5.36882],[-73.05903,5.36743],[-73.06044,5.36719],[-73.06172,5.36646],[-73.0625,5.36745],[-73.06324,5.36776],[-73.06506,5.36775],[-73.06651,5.3693],[-73.07042,5.36877],[-73.07445,5.36905],[-73.07659,5.36765],[-73.07868,5.36748],[-73.08092,5.36592],[-73.08722,5.36235],[-73.09027,5.36152],[-73.0953,5.35663],[-73.09903,5.35359],[-73.10262,5.35138],[-73.10596,5.35064],[-73.10772,5.34911],[-73.10989,5.34821],[-73.11117,5.34806],[-73.11475,5.34872],[-73.11891,5.35039],[-73.12281,5.35343],[-73.12511,5.35477],[-73.12619,5.35623],[-73.12633,5.35734],[-73.12633,5.35841],[-73.13059,5.365],[-73.13073,5.36643],[-73.13121,5.36727],[-73.13212,5.36816],[-73.12932,5.37143],[-73.12786,5.37675],[-73.1236,5.38135],[-73.12127,5.38506],[-73.12682,5.38984],[-73.1273,5.39192],[-73.12963,5.39623],[-73.12971,5.39842],[-73.13064,5.40098],[-73.13205,5.40274],[-73.13364,5.40351],[-73.13412,5.40557],[-73.13639,5.40659],[-73.13948,5.41075],[-73.14146,5.41207],[-73.14173,5.41296],[-73.14133,5.41409],[-73.13923,5.41713],[-73.13888,5.41985],[-73.13783,5.42427],[-73.13504,5.42683],[-73.13249,5.43083],[-73.1304,5.43855],[-73.12954,5.44007],[-73.12906,5.44209],[-73.12796,5.44404],[-73.12727,5.44699],[-73.12616,5.4479],[-73.12569,5.44898],[-73.12483,5.45002],[-73.1249,5.45327],[-73.124,5.45494],[-73.12395,5.45572],[-73.12409,5.45633],[-73.12616,5.45853],[-73.12756,5.45898],[-73.12906,5.45857],[-73.12958,5.45906],[-73.13093,5.46471],[-73.13133,5.4652],[-73.13285,5.46537],[-73.13388,5.46857],[-73.13676,5.4703],[-73.13829,5.4721],[-73.13897,5.47373],[-73.14002,5.47506],[-73.14402,5.47701],[-73.14499,5.47722],[-73.14615,5.47796],[-73.14726,5.4813],[-73.14729,5.48205],[-73.14492,5.47976],[-73.14389,5.48214],[-73.14364,5.48236],[-73.14242,5.48247],[-73.1409,5.48414],[-73.14087,5.48701],[-73.14187,5.49258],[-73.14164,5.49489],[-73.141,5.49572],[-73.14052,5.49734],[-73.14048,5.49979],[-73.13834,5.50339],[-73.1358,5.50461],[-73.135,5.50562],[-73.13445,5.50731],[-73.13275,5.5091],[-73.13083,5.50971],[-73.13038,5.51015],[-73.12901,5.51498],[-73.12196,5.51866],[-73.11945,5.52166],[-73.11676,5.52358],[-73.11586,5.52472],[-73.1152,5.52813],[-73.11543,5.5318],[-73.11335,5.53719],[-73.11175,5.5392],[-73.11077,5.54209],[-73.10982,5.54359],[-73.10886,5.54497],[-73.10588,5.54755],[-73.10553,5.5485],[-73.10501,5.55397],[-73.10398,5.55929],[-73.10176,5.56292],[-73.09951,5.56849],[-73.09782,5.57074],[-73.09633,5.57371],[-73.09538,5.57662],[-73.09317,5.57916],[-73.09124,5.58256],[-73.08923,5.58476],[-73.08868,5.58652],[-73.08929,5.58807],[-73.08785,5.59396],[-73.0865,5.59748],[-73.08629,5.59982],[-73.0855,5.60339],[-73.08496,5.60423],[-73.08404,5.60774],[-73.08256,5.6107],[-73.08174,5.61318],[-73.0799,5.61637],[-73.07924,5.61669],[-73.07944,5.61809],[-73.07831,5.61741],[-73.07725,5.61815],[-73.07623,5.62011],[-73.07697,5.62342],[-73.07846,5.6251],[-73.07635,5.62665],[-73.07605,5.62846],[-73.07735,5.62915],[-73.07879,5.62945],[-73.08005,5.63005],[-73.08096,5.63237],[-73.08182,5.63378],[-73.08171,5.63466],[-73.0826,5.63624],[-73.0827,5.63705],[-73.0842,5.6393],[-73.08463,5.64066],[-73.08659,5.64305],[-73.08789,5.64405],[-73.0894,5.6445],[-73.09257,5.64715],[-73.09545,5.64751],[-73.09637,5.64787],[-73.09682,5.64927],[-73.09789,5.64936],[-73.09884,5.65065],[-73.10063,5.65174],[-73.10065,5.65269],[-73.10089,5.65303],[-73.10171,5.65366],[-73.10248,5.65367],[-73.10342,5.65455],[-73.10304,5.6552],[-73.10411,5.65616],[-73.10392,5.65669],[-73.10413,5.6576],[-73.10351,5.65836],[-73.10254,5.65874],[-73.10246,5.65913],[-73.10197,5.65888],[-73.09972,5.66031],[-73.09934,5.66126],[-73.09884,5.66173],[-73.09473,5.66438],[-73.09307,5.66629],[-73.08725,5.66937],[-73.08604,5.66972],[-73.08345,5.6715],[-73.08166,5.67315],[-73.07844,5.67307],[-73.07772,5.67458],[-73.07721,5.6766],[-73.07545,5.67838],[-73.07338,5.67919],[-73.06891,5.68245],[-73.06386,5.68446],[-73.06082,5.68594],[-73.05945,5.68697],[-73.05996,5.68714],[-73.06059,5.68803],[-73.06056,5.68933],[-73.05995,5.69013],[-73.05967,5.69158],[-73.05865,5.692],[-73.05917,5.69448],[-73.05803,5.69569],[-73.05753,5.697],[-73.05665,5.69799],[-73.05661,5.69836],[-73.05752,5.70014],[-73.05722,5.70049],[-73.05697,5.70192],[-73.06224,5.70282],[-73.06461,5.7126],[-73.06593,5.71655],[-73.06649,5.7207],[-73.06745,5.72449],[-73.0674,5.72551],[-73.06659,5.72748],[-73.06654,5.72834],[-73.06642,5.73098],[-73.06691,5.73554],[-73.06667,5.7365],[-73.06703,5.74088],[-73.06679,5.74398],[-73.06618,5.74515],[-73.06649,5.74568],[-73.0664,5.746],[-73.06783,5.74674],[-73.06613,5.75004],[-73.06483,5.75008],[-73.0643,5.74963],[-73.06375,5.74847],[-73.06208,5.75065],[-73.06236,5.7526],[-73.06127,5.75469],[-73.06,5.75641],[-73.05904,5.76174],[-73.05702,5.76423],[-73.05675,5.76584],[-73.05587,5.76706],[-73.05443,5.76809],[-73.05306,5.77184],[-73.05081,5.77388],[-73.04978,5.7728],[-73.04884,5.77235],[-73.04669,5.77265],[-73.04528,5.77247],[-73.04505,5.77225],[-73.04506,5.77058],[-73.04464,5.77006],[-73.04428,5.77011],[-73.04188,5.77085],[-73.04137,5.77262],[-73.04034,5.77388],[-73.04102,5.77534],[-73.03693,5.77688],[-73.03585,5.77757],[-73.03395,5.78067],[-73.03294,5.78079],[-73.03149,5.77988],[-73.03071,5.77983],[-73.02994,5.77914],[-73.02854,5.77863],[-73.02743,5.77966],[-73.0264,5.77998],[-73.02614,5.78084],[-73.02481,5.78054],[-73.02234,5.78226],[-73.02191,5.78331],[-73.02277,5.78427],[-73.02151,5.78497],[-73.02156,5.7857],[-73.02079,5.78614],[-73.02115,5.78693],[-73.02099,5.7876],[-73.01982,5.78934],[-73.01851,5.79012],[-73.01851,5.79111],[-73.01667,5.79142],[-73.01697,5.79329],[-73.01755,5.79427],[-73.01725,5.79472],[-73.01619,5.79509],[-73.01613,5.79597],[-73.01692,5.79673],[-73.01767,5.79867],[-73.0166,5.79873],[-73.01592,5.79911],[-73.01598,5.80124],[-73.01502,5.80335],[-73.01537,5.80427],[-73.01454,5.80519],[-73.01471,5.80733],[-73.01328,5.80899],[-73.00952,5.80742],[-73.00924,5.80806],[-73.01047,5.80854],[-73.01076,5.80926],[-73.01006,5.80914],[-73.00864,5.80835],[-73.00564,5.8075],[-73.00478,5.80799],[-73.00367,5.80763],[-73.00307,5.80904],[-73.00163,5.80758],[-73.00009,5.80809],[-72.99923,5.80748],[-72.99852,5.80798],[-72.99698,5.80805],[-72.99653,5.80788],[-72.99543,5.80671],[-72.99419,5.80746],[-72.99398,5.80734],[-72.99342,5.80552],[-72.99221,5.8052],[-72.99196,5.80497],[-72.99267,5.80413],[-72.99271,5.80355],[-72.99114,5.80236],[-72.99182,5.80101],[-72.99068,5.80057],[-72.99025,5.79977],[-72.99049,5.79832],[-72.99123,5.79779],[-72.99137,5.79709],[-72.98977,5.79607],[-72.98886,5.79511],[-72.9888,5.79448],[-72.9893,5.79302],[-72.98933,5.79102],[-72.98887,5.79069],[-72.9876,5.79069],[-72.98707,5.79029],[-72.98627,5.78652],[-72.98604,5.78664],[-72.98578,5.78619],[-72.97889,5.78836],[-72.9824,5.80056],[-72.98006,5.80145],[-72.97758,5.80151],[-72.97656,5.80177],[-72.9752,5.80319],[-72.97452,5.80331],[-72.97058,5.8027],[-72.969,5.80189],[-72.96719,5.80188],[-72.96525,5.80276],[-72.96431,5.80369],[-72.96038,5.80457],[-72.95703,5.80639],[-72.95563,5.80659],[-72.95419,5.8079],[-72.95321,5.80812],[-72.9501,5.80842],[-72.94835,5.80767],[-72.94557,5.8075],[-72.94325,5.80659],[-72.94357,5.8052],[-72.94298,5.80423],[-72.93977,5.80411],[-72.93869,5.80378],[-72.938,5.80314],[-72.93737,5.801],[-72.93694,5.80034],[-72.93605,5.79955],[-72.93502,5.79917],[-72.93292,5.79894],[-72.93139,5.79972],[-72.92684,5.80102],[-72.92042,5.80008],[-72.91742,5.80031],[-72.91482,5.79921],[-72.91284,5.79767],[-72.90754,5.80087],[-72.90552,5.80144],[-72.90297,5.80149],[-72.90181,5.80102],[-72.89992,5.79869],[-72.89722,5.7962],[-72.89668,5.79535],[-72.89623,5.79528],[-72.89374,5.79626],[-72.89226,5.79655],[-72.89042,5.7959],[-72.88812,5.79438],[-72.88635,5.79375],[-72.88575,5.79421],[-72.88487,5.79399],[-72.88398,5.79416],[-72.8825,5.79515],[-72.88083,5.79571],[-72.87883,5.79521],[-72.87676,5.79385],[-72.87808,5.78836],[-72.87776,5.78549],[-72.87641,5.78146],[-72.87442,5.77723],[-72.87396,5.77546],[-72.87565,5.77631],[-72.87689,5.77587],[-72.87267,5.77337],[-72.87319,5.77248],[-72.87371,5.77273],[-72.87515,5.77052],[-72.87055,5.76911],[-72.86704,5.76851],[-72.86348,5.77079],[-72.86423,5.77227],[-72.86412,5.77253],[-72.86247,5.77295],[-72.8605,5.77291],[-72.85949,5.77368],[-72.8587,5.77485],[-72.85808,5.7751],[-72.85773,5.77502],[-72.8573,5.77442],[-72.85612,5.77471],[-72.8553,5.77413],[-72.85469,5.77413],[-72.85361,5.77555],[-72.85123,5.77646],[-72.85095,5.77699],[-72.84841,5.77827],[-72.84685,5.77974],[-72.84366,5.78092],[-72.84264,5.78171],[-72.84144,5.78337],[-72.8398,5.78405],[-72.83845,5.78546],[-72.83775,5.78685],[-72.8368,5.78769],[-72.83521,5.79041],[-72.83456,5.79225],[-72.83213,5.79514],[-72.83179,5.79626],[-72.83212,5.7977],[-72.83289,5.80052],[-72.83469,5.80241],[-72.83491,5.80365],[-72.83451,5.80533],[-72.83575,5.80693],[-72.83297,5.80709],[-72.83252,5.80679],[-72.82965,5.80683],[-72.82548,5.80824],[-72.82482,5.80941],[-72.82496,5.81005],[-72.82472,5.81042],[-72.82417,5.8148],[-72.82311,5.81672],[-72.8225,5.81879],[-72.82204,5.81897],[-72.82166,5.82042],[-72.82039,5.82153],[-72.818,5.82437],[-72.81741,5.82456],[-72.81716,5.82515],[-72.81555,5.82634],[-72.81494,5.82703],[-72.81485,5.82802],[-72.81312,5.82903],[-72.81171,5.83036],[-72.8113,5.83144],[-72.81059,5.83228],[-72.81093,5.8334],[-72.80848,5.83224],[-72.80668,5.83261],[-72.80562,5.83248],[-72.80375,5.83295],[-72.80222,5.83722],[-72.80155,5.83803],[-72.80248,5.83895],[-72.80286,5.83973],[-72.80255,5.83991],[-72.80251,5.84096],[-72.80163,5.84147],[-72.80204,5.84202],[-72.80123,5.84552],[-72.8014,5.84684],[-72.801,5.84825],[-72.79989,5.84755],[-72.7986,5.84898],[-72.79796,5.85022],[-72.79755,5.85245],[-72.79826,5.8534],[-72.79812,5.85391],[-72.79644,5.85315],[-72.7934,5.8528],[-72.79248,5.85175],[-72.79104,5.85124],[-72.78985,5.85003],[-72.79005,5.84925],[-72.78929,5.84741],[-72.78843,5.84693],[-72.78703,5.84677],[-72.78585,5.84487],[-72.7798,5.8455],[-72.77744,5.84682],[-72.77637,5.84784],[-72.7753,5.84771],[-72.77406,5.84549],[-72.77178,5.84431],[-72.77101,5.8436],[-72.7701,5.84072],[-72.76939,5.83979],[-72.76484,5.83658],[-72.76188,5.83382],[-72.75997,5.83255],[-72.75873,5.83081],[-72.75815,5.82867],[-72.75744,5.82772],[-72.75606,5.82767],[-72.75564,5.82719],[-72.75405,5.82687],[-72.75291,5.82578],[-72.75193,5.82081],[-72.7494,5.81833],[-72.74917,5.8151],[-72.74767,5.81667],[-72.74436,5.81939],[-72.73728,5.8225],[-72.73226,5.82369],[-72.72921,5.82516],[-72.72735,5.82549],[-72.72504,5.82528],[-72.72445,5.82548],[-72.72391,5.82624],[-72.72287,5.82662],[-72.7217,5.82601],[-72.72081,5.82598],[-72.72045,5.82698],[-72.71997,5.82733],[-72.71513,5.8285],[-72.71205,5.83014],[-72.71022,5.83174],[-72.70804,5.83248],[-72.70699,5.83375],[-72.70538,5.8347],[-72.70262,5.83573],[-72.70164,5.83578],[-72.70108,5.8346],[-72.69934,5.83402],[-72.69819,5.83392],[-72.69609,5.83428],[-72.6918,5.83341],[-72.68868,5.83214],[-72.68675,5.83208],[-72.68673,5.8273],[-72.68622,5.82573],[-72.68624,5.8232],[-72.68584,5.82218],[-72.68846,5.81838],[-72.68852,5.81726],[-72.6879,5.8167],[-72.68376,5.81465],[-72.68117,5.81439],[-72.67671,5.81175],[-72.67027,5.809],[-72.66672,5.80903],[-72.66451,5.8085],[-72.66218,5.80947],[-72.65876,5.80996],[-72.65496,5.81141],[-72.65332,5.81295],[-72.65278,5.81426],[-72.65238,5.81451],[-72.64845,5.8147],[-72.64718,5.81521],[-72.64613,5.81609],[-72.63934,5.81663],[-72.63901,5.81861],[-72.63855,5.81922],[-72.6383,5.82014],[-72.63837,5.82236],[-72.63705,5.82492],[-72.63478,5.82709],[-72.63456,5.82774],[-72.63229,5.82862],[-72.63172,5.8291],[-72.63182,5.82882],[-72.63089,5.82791],[-72.63078,5.82727],[-72.62964,5.82751],[-72.62918,5.82726],[-72.62915,5.82653],[-72.62879,5.82608],[-72.62837,5.8243],[-72.62725,5.82302],[-72.62747,5.82185],[-72.62659,5.82106],[-72.62633,5.82009],[-72.62475,5.81896],[-72.6244,5.81792],[-72.62356,5.81673],[-72.62362,5.81542],[-72.62409,5.81476],[-72.62386,5.81393],[-72.62427,5.81303],[-72.62403,5.81233],[-72.62453,5.81147],[-72.62485,5.81009],[-72.62462,5.80889],[-72.62481,5.80704],[-72.62461,5.80579],[-72.62493,5.80478],[-72.62492,5.80221],[-72.6252,5.80137],[-72.62459,5.79885],[-72.62529,5.79556],[-72.62588,5.79476],[-72.62533,5.79384],[-72.62547,5.79246],[-72.62497,5.79122],[-72.62551,5.78758],[-72.62515,5.78586],[-72.62402,5.78509],[-72.62388,5.78426],[-72.62471,5.78304],[-72.62525,5.78011],[-72.62612,5.77852],[-72.62599,5.77694],[-72.62614,5.7758],[-72.62724,5.77459],[-72.62705,5.77233],[-72.62727,5.77109],[-72.6284,5.76956],[-72.62929,5.76641],[-72.62997,5.76534],[-72.62948,5.76451],[-72.62768,5.76548],[-72.62626,5.76586],[-72.62453,5.7671],[-72.62378,5.76871],[-72.62204,5.77101],[-72.62189,5.77298],[-72.62124,5.7737],[-72.61971,5.77313],[-72.61824,5.77164],[-72.61261,5.77227],[-72.61106,5.77162],[-72.60956,5.77191],[-72.60876,5.77345],[-72.60447,5.77582],[-72.60266,5.77461],[-72.60063,5.77414],[-72.59945,5.7743],[-72.5976,5.77503],[-72.59461,5.77444],[-72.59209,5.7733],[-72.58801,5.77347],[-72.58709,5.77306],[-72.58533,5.77161],[-72.58359,5.77113],[-72.58317,5.76767],[-72.58183,5.76621],[-72.5814,5.76413],[-72.5817,5.76116],[-72.58255,5.75884],[-72.58256,5.75802],[-72.58023,5.75426],[-72.58024,5.75186],[-72.58245,5.74979],[-72.58272,5.74883],[-72.58261,5.74794],[-72.58127,5.74416],[-72.581,5.74167],[-72.5795,5.73958],[-72.57894,5.73917],[-72.57717,5.73878],[-72.57671,5.73665],[-72.57717,5.7327],[-72.57698,5.73076],[-72.57774,5.72938],[-72.5779,5.7284],[-72.57796,5.72346],[-72.57858,5.7204],[-72.57965,5.7189],[-72.57948,5.71696],[-72.58042,5.71538],[-72.58061,5.71449],[-72.58059,5.71371],[-72.57984,5.71145],[-72.57988,5.71067],[-72.58125,5.70855],[-72.57804,5.70776],[-72.5745,5.70835],[-72.5708,5.70983],[-72.57037,5.70969],[-72.57026,5.70935],[-72.57043,5.70736],[-72.57113,5.7048],[-72.57122,5.70294],[-72.57193,5.7018],[-72.57266,5.6997],[-72.57271,5.69605],[-72.57432,5.69274],[-72.57419,5.69175],[-72.57307,5.69003],[-72.57295,5.68898],[-72.57394,5.68635],[-72.57509,5.68541],[-72.57559,5.68431],[-72.5779,5.68283],[-72.57901,5.68113],[-72.58041,5.68023],[-72.58021,5.67953],[-72.58063,5.67912],[-72.58102,5.67781],[-72.58093,5.67684],[-72.58164,5.6747],[-72.58306,5.67197],[-72.58352,5.67026],[-72.58354,5.66893],[-72.58471,5.66584],[-72.58313,5.6635],[-72.584,5.66077],[-72.58618,5.65875],[-72.58827,5.6586],[-72.58914,5.65806],[-72.58941,5.65729],[-72.58918,5.6551],[-72.59373,5.65064],[-72.59432,5.64972],[-72.59638,5.64915],[-72.59828,5.64814],[-72.59788,5.64696],[-72.59826,5.64356],[-72.5979,5.64333],[-72.59694,5.64343],[-72.59649,5.64221],[-72.59542,5.64131],[-72.59517,5.64067],[-72.59686,5.63856],[-72.59732,5.6355],[-72.59909,5.63401],[-72.59872,5.63282],[-72.59922,5.62778],[-72.60056,5.6273],[-72.60194,5.62642],[-72.6018,5.62572],[-72.59994,5.62253],[-72.60153,5.62065],[-72.60264,5.62011],[-72.60462,5.62064],[-72.60519,5.62041],[-72.60517,5.62115],[-72.6048,5.62165],[-72.60409,5.62162],[-72.60392,5.62186],[-72.60379,5.62274],[-72.60313,5.62378],[-72.60304,5.62493],[-72.60321,5.6255],[-72.60401,5.6262],[-72.60384,5.62702],[-72.60436,5.62778],[-72.60425,5.62854],[-72.60536,5.6294],[-72.60539,5.63004],[-72.60563,5.63024],[-72.60665,5.63035],[-72.60731,5.63081],[-72.60882,5.63027],[-72.60937,5.63069],[-72.61131,5.63113],[-72.61245,5.63055],[-72.61312,5.62981],[-72.61489,5.6297],[-72.61585,5.62935],[-72.6171,5.62963],[-72.61799,5.62914],[-72.6185,5.62942],[-72.61907,5.62929],[-72.61953,5.62969],[-72.62215,5.6291],[-72.6229,5.62956],[-72.6234,5.6294],[-72.62374,5.62964],[-72.62429,5.62907],[-72.62621,5.62947],[-72.62686,5.63018],[-72.62816,5.6301],[-72.62983,5.63062],[-72.63001,5.63261],[-72.62927,5.63365],[-72.62893,5.63589],[-72.6296,5.63636],[-72.62979,5.63691],[-72.63072,5.63723],[-72.63395,5.63995],[-72.63441,5.64219],[-72.63547,5.64308],[-72.63576,5.64387],[-72.63583,5.64449],[-72.63539,5.6453],[-72.63609,5.64575],[-72.63812,5.6463],[-72.63965,5.64836],[-72.64111,5.64886],[-72.64241,5.64986],[-72.64368,5.65127],[-72.64402,5.65263],[-72.64667,5.65409],[-72.64958,5.65736],[-72.65491,5.65975],[-72.65827,5.66218],[-72.65943,5.66372],[-72.66052,5.6668],[-72.67326,5.66824],[-72.67448,5.66961],[-72.67596,5.67209],[-72.67702,5.67271],[-72.67958,5.67343],[-72.68514,5.67304],[-72.6892,5.67367],[-72.69095,5.67371],[-72.69407,5.67324],[-72.6955,5.67342],[-72.697,5.67413],[-72.69817,5.67606],[-72.69896,5.6766],[-72.69917,5.67656],[-72.69915,5.67457],[-72.6985,5.67207],[-72.69814,5.66693],[-72.69794,5.66628],[-72.69568,5.66296],[-72.6971,5.65683],[-72.69821,5.65557],[-72.69944,5.65106],[-72.69825,5.64737],[-72.69865,5.64586],[-72.69822,5.64475],[-72.69854,5.64422],[-72.69923,5.64384],[-72.6994,5.64332],[-72.69876,5.64244],[-72.69871,5.64123],[-72.69951,5.6408],[-72.70065,5.63827],[-72.70257,5.63698],[-72.70557,5.63324],[-72.70814,5.63069],[-72.70971,5.62968],[-72.70987,5.6285],[-72.70967,5.62734],[-72.71009,5.62556],[-72.7133,5.62498],[-72.71236,5.62001],[-72.71203,5.61938],[-72.70981,5.61791],[-72.70866,5.61628],[-72.70811,5.61624],[-72.70906,5.61565],[-72.71019,5.61433],[-72.71291,5.60937],[-72.71479,5.60807],[-72.71984,5.60561],[-72.72171,5.60365],[-72.7237,5.60068],[-72.72405,5.60068],[-72.72613,5.59886],[-72.73036,5.59356],[-72.7306,5.59314],[-72.72966,5.59186],[-72.73162,5.58465],[-72.73382,5.58084],[-72.73593,5.57836],[-72.73648,5.57726],[-72.73862,5.5745],[-72.74002,5.57327],[-72.74111,5.5727],[-72.74206,5.57115],[-72.74462,5.57024],[-72.74489,5.56909],[-72.74385,5.56706],[-72.745,5.56474],[-72.73811,5.56222],[-72.73272,5.56094],[-72.72528,5.55852],[-72.72383,5.55869],[-72.72245,5.55833],[-72.72063,5.55831],[-72.71889,5.55765],[-72.71781,5.5577],[-72.71646,5.5582],[-72.71548,5.55765],[-72.71424,5.55769],[-72.71207,5.55923],[-72.70907,5.56007],[-72.70657,5.5603],[-72.70574,5.5601],[-72.70423,5.55903],[-72.70291,5.55883],[-72.69914,5.55646],[-72.69669,5.55673],[-72.69522,5.5574],[-72.69411,5.55732],[-72.69298,5.55762],[-72.69226,5.55916],[-72.69165,5.5596],[-72.69067,5.5599],[-72.68953,5.55967],[-72.68724,5.55513],[-72.68396,5.54622],[-72.68234,5.54414],[-72.68108,5.54355],[-72.67687,5.54251],[-72.6712,5.53886],[-72.66977,5.53773],[-72.66894,5.53653],[-72.66252,5.53877],[-72.65852,5.52952],[-72.65603,5.52068],[-72.65589,5.51811],[-72.65631,5.51422],[-72.65628,5.51175],[-72.65566,5.50971],[-72.65535,5.50738],[-72.65633,5.50075],[-72.65664,5.50028],[-72.65821,5.4996],[-72.65992,5.49961],[-72.66453,5.49756],[-72.67179,5.49543],[-72.67528,5.49455],[-72.68014,5.49402],[-72.6807,5.49374],[-72.68216,5.49224],[-72.6827,5.49069],[-72.68252,5.48949],[-72.68135,5.48723],[-72.6805,5.48379],[-72.67946,5.48114],[-72.67828,5.4789],[-72.67359,5.47283],[-72.67169,5.46883],[-72.66942,5.46606],[-72.66678,5.46002],[-72.66607,5.45906],[-72.66263,5.45619],[-72.65909,5.45271],[-72.65872,5.45274],[-72.65478,5.45031],[-72.65243,5.44931],[-72.66713,5.43607],[-72.66746,5.43754],[-72.66704,5.43891],[-72.66622,5.4403],[-72.66677,5.4416],[-72.66876,5.44403],[-72.67436,5.4484],[-72.67584,5.44917],[-72.67749,5.44955],[-72.67784,5.45089],[-72.6785,5.45121],[-72.67922,5.45112],[-72.68117,5.45008],[-72.68339,5.44799],[-72.68464,5.44791],[-72.68515,5.44764],[-72.68516,5.44652],[-72.68571,5.44519],[-72.68649,5.44427],[-72.68894,5.44332],[-72.69128,5.44185],[-72.69331,5.44114],[-72.69525,5.43928],[-72.6953,5.44005],[-72.69661,5.44198],[-72.69858,5.44192],[-72.70003,5.44221],[-72.70136,5.44305],[-72.70218,5.44478],[-72.70395,5.44523],[-72.70409,5.44694],[-72.70546,5.44936],[-72.70597,5.45205],[-72.70656,5.45245],[-72.70777,5.45258],[-72.70776,5.45396],[-72.70822,5.4561],[-72.70872,5.45719],[-72.70618,5.45967],[-72.70661,5.46121],[-72.70804,5.46267],[-72.70838,5.46335],[-72.70828,5.46505],[-72.70861,5.46722],[-72.70776,5.4685],[-72.70819,5.46977],[-72.70746,5.47132],[-72.70737,5.47215],[-72.70754,5.47293],[-72.7085,5.47468],[-72.70836,5.47552],[-72.70738,5.4775],[-72.70754,5.47901],[-72.70879,5.48],[-72.71016,5.48003],[-72.71093,5.48032],[-72.7113,5.48241],[-72.71311,5.48421],[-72.71392,5.48435],[-72.71535,5.48379],[-72.71618,5.48384],[-72.71985,5.48618],[-72.72298,5.48549],[-72.72657,5.48675],[-72.72674,5.48706],[-72.72741,5.48634],[-72.72797,5.48453],[-72.72807,5.4814],[-72.72845,5.48014],[-72.73088,5.4776],[-72.73248,5.47481],[-72.7337,5.47353],[-72.73537,5.47249],[-72.73658,5.47089],[-72.73778,5.47045],[-72.74268,5.4706],[-72.74411,5.47034],[-72.74669,5.46893],[-72.74933,5.46786],[-72.75077,5.46685],[-72.7521,5.4651],[-72.7539,5.46362],[-72.75516,5.46198],[-72.75673,5.45875],[-72.75852,5.45662],[-72.75954,5.45604],[-72.76256,5.45515],[-72.76435,5.45367],[-72.76905,5.4511],[-72.77151,5.44946],[-72.77588,5.44563],[-72.77916,5.44219],[-72.77965,5.44024],[-72.7801,5.43945],[-72.7822,5.43918],[-72.78495,5.43706],[-72.78962,5.42868],[-72.79164,5.42355],[-72.79494,5.41826],[-72.79654,5.4169],[-72.7971,5.41605],[-72.79784,5.41186],[-72.79834,5.41051],[-72.79815,5.40871],[-72.79748,5.40716],[-72.79833,5.40339],[-72.7983,5.4024],[-72.79677,5.39924],[-72.7976,5.39613],[-72.79842,5.39541],[-72.80156,5.39534],[-72.8051,5.39425],[-72.80643,5.39235],[-72.80842,5.39076],[-72.80913,5.38916],[-72.81096,5.38669],[-72.81393,5.38515],[-72.81498,5.38201],[-72.81498,5.3808],[-72.81443,5.38044],[-72.81338,5.38043],[-72.81207,5.37817],[-72.81713,5.3739],[-72.81889,5.3717],[-72.82127,5.3698],[-72.82536,5.36896],[-72.82804,5.36683],[-72.82907,5.3664],[-72.83323,5.36691],[-72.8342,5.36683],[-72.83614,5.36589],[-72.83821,5.36557],[-72.8403,5.36357],[-72.84177,5.36359],[-72.84336,5.36015],[-72.84452,5.35831],[-72.84511,5.35526],[-72.84564,5.35402],[-72.84969,5.35122],[-72.85073,5.35001],[-72.85293,5.34625],[-72.85345,5.34391],[-72.85468,5.34308],[-72.8552,5.34208],[-72.85954,5.34039],[-72.86687,5.34065],[-72.86719,5.34196],[-72.86706,5.34386],[-72.86565,5.34759],[-72.86581,5.34863],[-72.8665,5.35022],[-72.86643,5.35258],[-72.86861,5.35287],[-72.87347,5.35693],[-72.8757,5.35743],[-72.87912,5.36034],[-72.88162,5.36188],[-72.88271,5.36323],[-72.88569,5.3588],[-72.88651,5.35452],[-72.88581,5.35186],[-72.88461,5.34988],[-72.88214,5.35055],[-72.8807,5.35065],[-72.87857,5.35016],[-72.87841,5.34992],[-72.88089,5.34849],[-72.88194,5.34742],[-72.88297,5.34376],[-72.88359,5.3431],[-72.88434,5.34277],[-72.88464,5.34225],[-72.88497,5.34017],[-72.88621,5.33678],[-72.88867,5.33411],[-72.88953,5.33154],[-72.88943,5.32956],[-72.8883,5.32577],[-72.88839,5.32514],[-72.88931,5.3235],[-72.88909,5.32199],[-72.88929,5.32047],[-72.88886,5.31855],[-72.88778,5.31613],[-72.88914,5.31523],[-72.88968,5.31367],[-72.89165,5.31159],[-72.89292,5.31089],[-72.89569,5.30692],[-72.8997,5.29939],[-72.90068,5.29534],[-72.90072,5.29408],[-72.90013,5.29293],[-72.89906,5.29185],[-72.89372,5.2889],[-72.89207,5.2871],[-72.89169,5.28553],[-72.89156,5.28289],[-72.89192,5.28075],[-72.89536,5.27309],[-72.89481,5.26723],[-72.89541,5.26404],[-72.89721,5.26004],[-72.89805,5.2589],[-72.89978,5.25678],[-72.90308,5.25356],[-72.90786,5.24795],[-72.91036,5.2456],[-72.91127,5.24414],[-72.91467,5.23756],[-72.91755,5.23021],[-72.91808,5.22823],[-72.91841,5.22825],[-72.92276,5.22317],[-72.92325,5.22131],[-72.92333,5.21937],[-72.92304,5.21736],[-72.92326,5.21534],[-72.92522,5.21302],[-72.92537,5.21206],[-72.92622,5.21041],[-72.92806,5.2093],[-72.92889,5.20746],[-72.92924,5.2072],[-72.93142,5.20681],[-72.93318,5.20575],[-72.93521,5.20553],[-72.93733,5.20412],[-72.93751,5.20551],[-72.93706,5.20698],[-72.93621,5.20745],[-72.93491,5.20763],[-72.93491,5.20924],[-72.93672,5.21054],[-72.93645,5.21112],[-72.93484,5.21177],[-72.93481,5.21242],[-72.93526,5.21327],[-72.93705,5.21309],[-72.94057,5.2117],[-72.94119,5.21167],[-72.94232,5.21057],[-72.94287,5.21035],[-72.94496,5.21025],[-72.95014,5.21326],[-72.95082,5.21336],[-72.95546,5.21076],[-72.958,5.2099],[-72.965,5.20443],[-72.96787,5.20326],[-72.96881,5.20235],[-72.97021,5.20197],[-72.97126,5.20076],[-72.97211,5.20036],[-72.97354,5.19793],[-72.97504,5.19687],[-72.97661,5.19655],[-72.97765,5.19687],[-72.97916,5.19689],[-72.98235,5.19605],[-72.98566,5.19842],[-72.98683,5.20075],[-72.9877,5.20357],[-72.99068,5.20655],[-72.99331,5.20872],[-72.99629,5.20965],[-72.99747,5.21036],[-72.99846,5.21136],[-72.9993,5.21174],[-73.00362,5.21145],[-73.00668,5.21262],[-73.0084,5.21396],[-73.01006,5.21452],[-73.01009,5.21581],[-73.00739,5.22123],[-73.00566,5.22685],[-73.00428,5.22844],[-73.00023,5.23786],[-72.99604,5.24338],[-72.99541,5.24463],[-72.99505,5.24795],[-72.99504,5.25294],[-72.99549,5.25521],[-72.99724,5.25828],[-72.99844,5.25921],[-72.99978,5.25951],[-73.00541,5.25977],[-73.00782,5.26029],[-73.00962,5.26106],[-73.01147,5.26247],[-73.01498,5.26649],[-73.01584,5.26779],[-73.01709,5.27102],[-73.01953,5.27368],[-73.0231,5.27838],[-73.02743,5.28546],[-73.02847,5.28772],[-73.02882,5.28939],[-73.02885,5.29339],[-73.02805,5.29992],[-73.04096,5.30938],[-73.04202,5.31075],[-73.04161,5.31244],[-73.04165,5.31419],[-73.04212,5.31513],[-73.04406,5.31742],[-73.04492,5.31911],[-73.0461,5.32039],[-73.04653,5.32138],[-73.04441,5.32378],[-73.04168,5.32486],[-73.04079,5.32546],[-73.0401,5.32713],[-73.04029,5.32861],[-73.04073,5.32969],[-73.0424,5.33153],[-73.04272,5.33612],[-73.04307,5.33699],[-73.04402,5.33811],[-73.04487,5.34093],[-73.04471,5.34518],[-73.04659,5.35012],[-73.0467,5.35234],[-73.04642,5.35382],[-73.04311,5.36015],[-73.04446,5.35946]]]}},{"type":"Feature","properties":{"PROVINCIA":"Tundama","N_MUNICIPIOS":9},"geometry":{"type":"Polygon","coordinates":[[[-72.79796,5.85022],[-72.7986,5.84898],[-72.79989,5.84755],[-72.801,5.84825],[-72.8014,5.84684],[-72.80123,5.84552],[-72.80204,5.84202],[-72.80163,5.84147],[-72.80251,5.84096],[-72.80255,5.83991],[-72.80286,5.83973],[-72.80248,5.83895],[-72.80155,5.83803],[-72.80222,5.83722],[-72.80375,5.83295],[-72.80562,5.83248],[-72.80668,5.83261],[-72.80848,5.83224],[-72.81093,5.8334],[-72.81059,5.83228],[-72.8113,5.83144],[-72.81171,5.83036],[-72.81312,5.82903],[-72.81485,5.82802],[-72.81494,5.82703],[-72.81555,5.82634],[-72.81716,5.82515],[-72.81741,5.82456],[-72.818,5.82437],[-72.82039,5.82153],[-72.82166,5.82042],[-72.82204,5.81897],[-72.8225,5.81879],[-72.82311,5.81672],[-72.82417,5.8148],[-72.82472,5.81042],[-72.82496,5.81005],[-72.82482,5.80941],[-72.82548,5.80824],[-72.82965,5.80683],[-72.83252,5.80679],[-72.83297,5.80709],[-72.83575,5.80693],[-72.83451,5.80533],[-72.83491,5.80365],[-72.83469,5.80241],[-72.83289,5.80052],[-72.83212,5.7977],[-72.83179,5.79626],[-72.83213,5.79514],[-72.83456,5.79225],[-72.83521,5.79041],[-72.8368,5.78769],[-72.83775,5.78685],[-72.83845,5.78546],[-72.8398,5.78405],[-72.84144,5.78337],[-72.84264,5.78171],[-72.84366,5.78092],[-72.84685,5.77974],[-72.84841,5.77827],[-72.85095,5.77699],[-72.85123,5.77646],[-72.85361,5.77555],[-72.85469,5.77413],[-72.8553,5.77413],[-72.85612,5.77471],[-72.8573,5.77442],[-72.85773,5.77502],[-72.85808,5.7751],[-72.8587,5.77485],[-72.85949,5.77368],[-72.8605,5.77291],[-72.86247,5.77295],[-72.86412,5.77253],[-72.86423,5.77227],[-72.86348,5.77079],[-72.86704,5.76851],[-72.87055,5.76911],[-72.87515,5.77052],[-72.87371,5.77273],[-72.87319,5.77248],[-72.87267,5.77337],[-72.87689,5.77587],[-72.87565,5.77631],[-72.87396,5.77546],[-72.87442,5.77723],[-72.87641,5.78146],[-72.87776,5.78549],[-72.87808,5.78836],[-72.87676,5.79385],[-72.87883,5.79521],[-72.88083,5.79571],[-72.8825,5.79515],[-72.88398,5.79416],[-72.88487,5.79399],[-72.88575,5.79421],[-72.88635,5.79375],[-72.88812,5.79438],[-72.89042,5.7959],[-72.89226,5.79655],[-72.89374,5.79626],[-72.89623,5.79528],[-72.89668,5.79535],[-72.89722,5.7962],[-72.89992,5.79869],[-72.90181,5.80102],[-72.90297,5.80149],[-72.90552,5.80144],[-72.90754,5.80087],[-72.91284,5.79767],[-72.91482,5.79921],[-72.91742,5.80031],[-72.92042,5.80008],[-72.92684,5.80102],[-72.93139,5.79972],[-72.93292,5.79894],[-72.93502,5.79917],[-72.93605,5.79955],[-72.93694,5.80034],[-72.93737,5.801],[-72.938,5.80314],[-72.93869,5.80378],[-72.93977,5.80411],[-72.94298,5.80423],[-72.94357,5.8052],[-72.94325,5.80659],[-72.94557,5.8075],[-72.94835,5.80767],[-72.9501,5.80842],[-72.95321,5.80812],[-72.95419,5.8079],[-72.95563,5.80659],[-72.95703,5.80639],[-72.96038,5.80457],[-72.96431,5.80369],[-72.96525,5.80276],[-72.96719,5.80188],[-72.969,5.80189],[-72.97058,5.8027],[-72.97452,5.80331],[-72.9752,5.80319],[-72.97656,5.80177],[-72.97758,5.80151],[-72.98006,5.80145],[-72.9824,5.80056],[-72.97889,5.78836],[-72.98578,5.78619],[-72.98604,5.78664],[-72.98627,5.78652],[-72.98707,5.79029],[-72.9876,5.79069],[-72.98887,5.79069],[-72.98933,5.79102],[-72.9893,5.79302],[-72.9888,5.79448],[-72.98886,5.79511],[-72.98977,5.79607],[-72.99137,5.79709],[-72.99123,5.79779],[-72.99049,5.79832],[-72.99025,5.79977],[-72.99068,5.80057],[-72.99182,5.80101],[-72.99114,5.80236],[-72.99271,5.80355],[-72.99267,5.80413],[-72.99196,5.80497],[-72.99221,5.8052],[-72.99342,5.80552],[-72.99398,5.80734],[-72.99419,5.80746],[-72.99543,5.80671],[-72.99653,5.80788],[-72.99698,5.80805],[-72.99852,5.80798],[-72.99923,5.80748],[-73.00009,5.80809],[-73.00163,5.80758],[-73.00307,5.80904],[-73.00367,5.80763],[-73.00478,5.80799],[-73.00564,5.8075],[-73.00864,5.80835],[-73.01006,5.80914],[-73.01076,5.80926],[-73.01047,5.80854],[-73.00924,5.80806],[-73.00952,5.80742],[-73.01328,5.80899],[-73.01471,5.80733],[-73.01454,5.80519],[-73.01537,5.80427],[-73.01502,5.80335],[-73.01598,5.80124],[-73.01592,5.79911],[-73.0166,5.79873],[-73.01767,5.79867],[-73.01692,5.79673],[-73.01613,5.79597],[-73.01619,5.79509],[-73.01725,5.79472],[-73.01755,5.79427],[-73.01697,5.79329],[-73.01667,5.79142],[-73.01851,5.79111],[-73.01851,5.79012],[-73.01982,5.78934],[-73.02099,5.7876],[-73.02115,5.78693],[-73.02079,5.78614],[-73.02156,5.7857],[-73.02151,5.78497],[-73.02277,5.78427],[-73.02191,5.78331],[-73.02234,5.78226],[-73.02481,5.78054],[-73.02614,5.78084],[-73.0264,5.77998],[-73.02743,5.77966],[-73.02854,5.77863],[-73.02994,5.77914],[-73.03071,5.77983],[-73.03149,5.77988],[-73.03294,5.78079],[-73.03395,5.78067],[-73.03585,5.77757],[-73.03693,5.77688],[-73.04102,5.77534],[-73.04034,5.77388],[-73.04137,5.77262],[-73.04188,5.77085],[-73.04428,5.77011],[-73.04464,5.77006],[-73.04506,5.77058],[-73.04505,5.77225],[-73.04528,5.77247],[-73.04669,5.77265],[-73.04884,5.77235],[-73.04978,5.7728],[-73.05081,5.77388],[-73.05306,5.77184],[-73.05443,5.76809],[-73.05587,5.76706],[-73.05675,5.76584],[-73.05702,5.76423],[-73.05904,5.76174],[-73.06,5.75641],[-73.06127,5.75469],[-73.06236,5.7526],[-73.06208,5.75065],[-73.06375,5.74847],[-73.0643,5.74963],[-73.06483,5.75008],[-73.06613,5.75004],[-73.06783,5.74674],[-73.0664,5.746],[-73.06649,5.74568],[-73.06618,5.74515],[-73.06679,5.74398],[-73.06703,5.74088],[-73.06667,5.7365],[-73.06691,5.73554],[-73.06642,5.73098],[-73.06654,5.72834],[-73.06659,5.72748],[-73.0674,5.72551],[-73.06745,5.72449],[-73.06649,5.7207],[-73.06593,5.71655],[-73.06461,5.7126],[-73.06224,5.70282],[-73.05697,5.70192],[-73.05722,5.70049],[-73.05752,5.70014],[-73.05661,5.69836],[-73.05665,5.69799],[-73.05753,5.697],[-73.05803,5.69569],[-73.05917,5.69448],[-73.05865,5.692],[-73.05967,5.69158],[-73.05995,5.69013],[-73.06056,5.68933],[-73.06059,5.68803],[-73.05996,5.68714],[-73.05945,5.68697],[-73.06082,5.68594],[-73.06386,5.68446],[-73.06891,5.68245],[-73.07338,5.67919],[-73.07545,5.67838],[-73.07721,5.6766],[-73.07772,5.67458],[-73.07844,5.67307],[-73.08166,5.67315],[-73.08345,5.6715],[-73.08604,5.66972],[-73.08725,5.66937],[-73.09307,5.66629],[-73.09473,5.66438],[-73.09884,5.66173],[-73.09934,5.66126],[-73.09972,5.66031],[-73.10197,5.65888],[-73.10246,5.65913],[-73.10319,5.65969],[-73.10425,5.65937],[-73.10487,5.65947],[-73.10493,5.66088],[-73.10561,5.66142],[-73.1063,5.66111],[-73.10714,5.66155],[-73.10813,5.66089],[-73.1073,5.6625],[-73.10733,5.66396],[-73.10665,5.66506],[-73.10714,5.66691],[-73.10684,5.66773],[-73.10746,5.66911],[-73.10735,5.67022],[-73.10809,5.6704],[-73.109,5.67144],[-73.10941,5.6714],[-73.1096,5.6717],[-73.10942,5.67227],[-73.11028,5.67241],[-73.11049,5.67267],[-73.10971,5.67427],[-73.10972,5.67536],[-73.1105,5.6764],[-73.1111,5.67609],[-73.11201,5.67639],[-73.1127,5.67814],[-73.11343,5.67891],[-73.11461,5.6813],[-73.11566,5.68203],[-73.11646,5.68382],[-73.1176,5.68486],[-73.11781,5.68577],[-73.11894,5.68673],[-73.12209,5.69113],[-73.12428,5.69294],[-73.12804,5.69779],[-73.13055,5.69968],[-73.13319,5.70013],[-73.13559,5.7022],[-73.13705,5.70247],[-73.13766,5.70309],[-73.138,5.70406],[-73.1402,5.7063],[-73.14116,5.70682],[-73.14377,5.70918],[-73.14601,5.70995],[-73.14677,5.71082],[-73.14914,5.7124],[-73.14914,5.71289],[-73.15446,5.71563],[-73.15756,5.7196],[-73.15842,5.71978],[-73.15822,5.72198],[-73.15744,5.72396],[-73.15762,5.72605],[-73.1561,5.72643],[-73.15584,5.72737],[-73.15564,5.72953],[-73.15712,5.73058],[-73.15709,5.73079],[-73.15616,5.73245],[-73.15532,5.73323],[-73.15464,5.73625],[-73.16162,5.74101],[-73.16433,5.74209],[-73.16853,5.74488],[-73.16763,5.7461],[-73.169,5.74735],[-73.16894,5.74773],[-73.16716,5.748],[-73.16693,5.74848],[-73.16716,5.74931],[-73.1687,5.75226],[-73.169,5.75207],[-73.17024,5.7538],[-73.17145,5.75679],[-73.173,5.75848],[-73.17399,5.75918],[-73.17432,5.75988],[-73.17417,5.7628],[-73.17511,5.76622],[-73.17279,5.76778],[-73.1712,5.76947],[-73.17384,5.77204],[-73.17326,5.77326],[-73.17266,5.77389],[-73.17224,5.77517],[-73.17132,5.7763],[-73.17052,5.77785],[-73.16988,5.77992],[-73.16981,5.78161],[-73.16935,5.78318],[-73.1698,5.78553],[-73.1707,5.78721],[-73.17073,5.78841],[-73.17034,5.78956],[-73.16926,5.78942],[-73.16849,5.78962],[-73.1673,5.79043],[-73.16602,5.79056],[-73.1652,5.79114],[-73.16223,5.79518],[-73.16068,5.7967],[-73.15737,5.80099],[-73.1454,5.8108],[-73.14369,5.81349],[-73.1415,5.81614],[-73.14031,5.81815],[-73.13744,5.82111],[-73.13674,5.82287],[-73.13652,5.82428],[-73.13342,5.83139],[-73.13239,5.83435],[-73.13419,5.84062],[-73.13415,5.8415],[-73.13325,5.84309],[-73.13394,5.84561],[-73.1339,5.84659],[-73.13301,5.84845],[-73.13143,5.84987],[-73.13067,5.85199],[-73.13044,5.85383],[-73.12995,5.85481],[-73.13264,5.85454],[-73.14121,5.85189],[-73.14366,5.8519],[-73.14678,5.85307],[-73.14969,5.85317],[-73.1506,5.85276],[-73.15146,5.8518],[-73.15264,5.85123],[-73.15427,5.85087],[-73.15624,5.85113],[-73.15809,5.85201],[-73.15907,5.85216],[-73.16122,5.85103],[-73.16304,5.8481],[-73.16358,5.8478],[-73.16536,5.84814],[-73.17049,5.85086],[-73.17364,5.85156],[-73.1821,5.85006],[-73.18331,5.85013],[-73.18398,5.85045],[-73.18594,5.8546],[-73.18792,5.85648],[-73.18852,5.85863],[-73.19124,5.86295],[-73.19279,5.865],[-73.19569,5.86697],[-73.19603,5.86743],[-73.19608,5.86867],[-73.197,5.87163],[-73.19772,5.87301],[-73.2001,5.87476],[-73.20228,5.87565],[-73.20348,5.87655],[-73.2049,5.87896],[-73.20512,5.88092],[-73.20615,5.88201],[-73.2065,5.88285],[-73.20673,5.88432],[-73.20559,5.88566],[-73.20572,5.88682],[-73.20725,5.88884],[-73.2084,5.88992],[-73.20955,5.89056],[-73.21436,5.89076],[-73.21755,5.88999],[-73.22098,5.8907],[-73.22137,5.89224],[-73.22119,5.89482],[-73.22185,5.89727],[-73.22128,5.89938],[-73.22143,5.90273],[-73.22009,5.90715],[-73.22099,5.90849],[-73.22173,5.90907],[-73.22175,5.90954],[-73.22072,5.9114],[-73.2193,5.91273],[-73.21565,5.91531],[-73.21548,5.91666],[-73.21366,5.91742],[-73.20873,5.92096],[-73.2083,5.92151],[-73.21736,5.93607],[-73.21795,5.93607],[-73.22087,5.93754],[-73.22288,5.93887],[-73.22434,5.94024],[-73.22474,5.94114],[-73.22379,5.94256],[-73.22341,5.94511],[-73.22232,5.94772],[-73.22257,5.949],[-73.22235,5.9499],[-73.22091,5.95218],[-73.22048,5.95686],[-73.21972,5.95946],[-73.21935,5.96014],[-73.21658,5.96187],[-73.2163,5.96228],[-73.21638,5.96271],[-73.21732,5.96373],[-73.22005,5.96895],[-73.22056,5.97159],[-73.22049,5.97272],[-73.2191,5.97564],[-73.21884,5.97688],[-73.2191,5.97897],[-73.21876,5.98057],[-73.21844,5.9813],[-73.21524,5.98435],[-73.21406,5.98605],[-73.21034,5.98806],[-73.20364,5.99626],[-73.20233,5.99933],[-73.19932,6.00313],[-73.1987,6.00323],[-73.19713,6.00261],[-73.19541,6.00154],[-73.18791,5.99907],[-73.1846,5.99771],[-73.17721,5.99549],[-73.17551,5.99454],[-73.17191,5.99172],[-73.1712,5.99032],[-73.17022,5.98918],[-73.16638,5.9856],[-73.16182,5.98244],[-73.1552,5.97865],[-73.15514,5.97233],[-73.15474,5.96971],[-73.15418,5.96831],[-73.1511,5.96525],[-73.14881,5.96408],[-73.14702,5.96381],[-73.14546,5.96314],[-73.14463,5.96261],[-73.144,5.96175],[-73.14264,5.96108],[-73.13945,5.96081],[-73.13647,5.95937],[-73.13026,5.95926],[-73.12924,5.95955],[-73.12797,5.96081],[-73.12359,5.96224],[-73.12067,5.96216],[-73.11831,5.96103],[-73.11516,5.96089],[-73.11449,5.96142],[-73.11256,5.96404],[-73.11077,5.96477],[-73.10921,5.96364],[-73.10589,5.9635],[-73.10167,5.96216],[-73.10078,5.96226],[-73.09878,5.96349],[-73.09609,5.96614],[-73.09496,5.96601],[-73.0933,5.96464],[-73.09131,5.96434],[-73.08978,5.96457],[-73.08699,5.96559],[-73.08456,5.96705],[-73.08221,5.96871],[-73.08114,5.97017],[-73.08114,5.97163],[-73.08256,5.97333],[-73.08262,5.97499],[-73.08219,5.97719],[-73.08071,5.97709],[-73.07742,5.97742],[-73.07159,5.98038],[-73.06888,5.98122],[-73.06781,5.98204],[-73.06765,5.98268],[-73.06821,5.9844],[-73.06879,5.98814],[-73.06851,5.98915],[-73.06773,5.99005],[-73.06569,5.99101],[-73.06522,5.99176],[-73.06557,5.99391],[-73.06467,5.99629],[-73.06483,6.00033],[-73.06314,6.00481],[-73.06174,6.00724],[-73.0622,6.01105],[-73.06051,6.01178],[-73.05909,6.01329],[-73.05795,6.01312],[-73.05429,6.01369],[-73.05169,6.01627],[-73.04984,6.01683],[-73.04875,6.01832],[-73.04709,6.01953],[-73.04335,6.02038],[-73.04294,6.02108],[-73.04212,6.02128],[-73.04094,6.02219],[-73.0395,6.02283],[-73.0384,6.02301],[-73.03653,6.02271],[-73.03406,6.02343],[-73.03322,6.02297],[-73.03158,6.02291],[-73.03112,6.02185],[-73.03123,6.02117],[-73.03069,6.01991],[-73.02834,6.0169],[-73.02764,6.01465],[-73.02769,6.01334],[-73.02738,6.01162],[-73.02769,6.00669],[-73.02817,6.0059],[-73.02857,6.00351],[-73.02712,6.00042],[-73.02716,5.99863],[-73.02726,5.9979],[-73.02812,5.99665],[-73.0268,5.99517],[-73.02411,5.99389],[-73.02174,5.99196],[-73.02139,5.98872],[-73.02022,5.98431],[-73.02045,5.9839],[-73.02023,5.98121],[-73.02074,5.97885],[-73.02067,5.97812],[-73.01933,5.97469],[-73.01806,5.97297],[-73.01799,5.97041],[-73.01579,5.96897],[-73.014,5.96511],[-73.01124,5.96311],[-73.01068,5.96381],[-73.00913,5.96471],[-73.0087,5.96583],[-73.00709,5.96744],[-73.0054,5.97022],[-73.00436,5.97076],[-73.00396,5.97134],[-73.00325,5.97265],[-73.00235,5.9762],[-73.00036,5.97756],[-72.99943,5.97978],[-72.99795,5.98153],[-72.99654,5.98544],[-72.99592,5.98578],[-72.99467,5.98594],[-72.99194,5.98758],[-72.99024,5.98935],[-72.98951,5.99176],[-72.98952,5.99541],[-72.98916,5.99642],[-72.98772,5.99836],[-72.98459,6.00525],[-72.98447,6.0074],[-72.98297,6.01002],[-72.98239,6.01065],[-72.98024,6.01173],[-72.97847,6.01085],[-72.97772,6.01089],[-72.9774,6.01128],[-72.97719,6.01455],[-72.97606,6.01693],[-72.9719,6.01736],[-72.97019,6.0187],[-72.96996,6.01949],[-72.9704,6.02212],[-72.96984,6.02269],[-72.96671,6.02451],[-72.96518,6.02587],[-72.96345,6.02669],[-72.96266,6.02743],[-72.96219,6.02832],[-72.96149,6.03101],[-72.96131,6.03411],[-72.95888,6.03839],[-72.95891,6.03875],[-72.96087,6.04072],[-72.9611,6.04132],[-72.96066,6.04277],[-72.96012,6.0434],[-72.9582,6.04386],[-72.95497,6.04581],[-72.95364,6.04751],[-72.9532,6.04943],[-72.95327,6.0508],[-72.95376,6.05236],[-72.95495,6.05393],[-72.95486,6.05486],[-72.95245,6.05967],[-72.95242,6.06057],[-72.95301,6.06289],[-72.95394,6.06512],[-72.95274,6.06745],[-72.95191,6.06851],[-72.94905,6.0697],[-72.94738,6.07079],[-72.94538,6.07435],[-72.94455,6.07651],[-72.94345,6.077],[-72.94,6.07716],[-72.93847,6.07709],[-72.93711,6.07669],[-72.93515,6.07692],[-72.93521,6.07798],[-72.93574,6.07872],[-72.93574,6.07912],[-72.93261,6.08492],[-72.93144,6.08542],[-72.92975,6.08552],[-72.92772,6.08605],[-72.92487,6.08594],[-72.92277,6.08793],[-72.92279,6.09587],[-72.92368,6.09684],[-72.92337,6.09835],[-72.92062,6.09983],[-72.91842,6.10308],[-72.91597,6.10738],[-72.91513,6.10808],[-72.91356,6.10822],[-72.91012,6.10661],[-72.90862,6.10685],[-72.90739,6.10733],[-72.90492,6.10895],[-72.90014,6.11246],[-72.89934,6.11366],[-72.89866,6.11675],[-72.89752,6.11914],[-72.89805,6.12146],[-72.89788,6.12185],[-72.89602,6.12281],[-72.895,6.12387],[-72.89372,6.12403],[-72.89182,6.12326],[-72.88895,6.1226],[-72.88839,6.12267],[-72.88692,6.12373],[-72.88343,6.12387],[-72.87985,6.12519],[-72.87766,6.12518],[-72.87464,6.12457],[-72.87324,6.12467],[-72.87252,6.12512],[-72.87172,6.12582],[-72.87099,6.12722],[-72.87079,6.13098],[-72.8699,6.13214],[-72.86939,6.13373],[-72.86941,6.13505],[-72.87047,6.13658],[-72.87045,6.13728],[-72.86987,6.13868],[-72.87014,6.13923],[-72.87085,6.13951],[-72.87125,6.14007],[-72.87154,6.14213],[-72.87124,6.14257],[-72.86843,6.14452],[-72.86772,6.14471],[-72.86563,6.1445],[-72.86153,6.14317],[-72.85893,6.1428],[-72.85743,6.143],[-72.85489,6.14524],[-72.85383,6.14505],[-72.85085,6.14344],[-72.84874,6.14304],[-72.84344,6.1438],[-72.84032,6.1451],[-72.83445,6.14687],[-72.83159,6.14857],[-72.83127,6.14878],[-72.83044,6.1506],[-72.82977,6.15089],[-72.82853,6.15288],[-72.82862,6.14975],[-72.82945,6.14526],[-72.82934,6.14126],[-72.83108,6.13888],[-72.83161,6.13769],[-72.83449,6.13742],[-72.83552,6.13633],[-72.83568,6.13413],[-72.83614,6.13315],[-72.8367,6.13264],[-72.83749,6.13256],[-72.83754,6.13062],[-72.83608,6.12797],[-72.83532,6.12512],[-72.83434,6.12463],[-72.83052,6.12131],[-72.82929,6.12119],[-72.82901,6.12089],[-72.82634,6.12127],[-72.82549,6.12059],[-72.82425,6.11841],[-72.82324,6.11763],[-72.82313,6.11701],[-72.82349,6.11676],[-72.82476,6.11807],[-72.82514,6.11808],[-72.82533,6.11558],[-72.82641,6.11543],[-72.82709,6.11447],[-72.82564,6.11266],[-72.82345,6.11115],[-72.82171,6.10842],[-72.81939,6.10733],[-72.81855,6.10659],[-72.817,6.10625],[-72.81549,6.10688],[-72.81396,6.10836],[-72.81284,6.10858],[-72.81118,6.10819],[-72.80935,6.10713],[-72.80922,6.10548],[-72.80851,6.10461],[-72.80943,6.09731],[-72.81041,6.0952],[-72.81148,6.09099],[-72.81203,6.0897],[-72.81274,6.08882],[-72.81417,6.08166],[-72.81409,6.08103],[-72.8133,6.07972],[-72.81309,6.07868],[-72.81328,6.07741],[-72.81225,6.07563],[-72.8126,6.07412],[-72.81219,6.07356],[-72.81224,6.07194],[-72.8126,6.07049],[-72.8113,6.06948],[-72.81085,6.06797],[-72.81089,6.06595],[-72.81167,6.06504],[-72.81118,6.06459],[-72.81143,6.06405],[-72.81115,6.06372],[-72.81134,6.06349],[-72.81085,6.06293],[-72.811,6.0623],[-72.81063,6.06198],[-72.81091,6.06139],[-72.81068,6.06092],[-72.81105,6.06026],[-72.81037,6.05917],[-72.81018,6.058],[-72.8105,6.05734],[-72.81039,6.05663],[-72.81111,6.05617],[-72.8112,6.05557],[-72.81091,6.05518],[-72.81146,6.05378],[-72.81111,6.05279],[-72.8114,6.0516],[-72.81105,6.05072],[-72.81142,6.0494],[-72.81132,6.04789],[-72.81172,6.04732],[-72.81347,6.04619],[-72.81353,6.04412],[-72.81453,6.04258],[-72.81465,6.0412],[-72.81521,6.04054],[-72.81334,6.03744],[-72.81386,6.03564],[-72.81356,6.03511],[-72.81305,6.0351],[-72.8134,6.03383],[-72.81294,6.03309],[-72.81304,6.0314],[-72.81227,6.02999],[-72.81306,6.02942],[-72.81361,6.02771],[-72.81339,6.02745],[-72.81272,6.02774],[-72.81271,6.02699],[-72.81307,6.0267],[-72.81383,6.02665],[-72.81404,6.02621],[-72.81292,6.02504],[-72.81263,6.02437],[-72.81271,6.02353],[-72.81241,6.02323],[-72.81076,6.02385],[-72.81068,6.02346],[-72.81113,6.02243],[-72.8105,6.02175],[-72.8093,6.02248],[-72.80866,6.02255],[-72.80839,6.02229],[-72.80828,6.01985],[-72.80798,6.01922],[-72.80716,6.01864],[-72.80676,6.01786],[-72.8059,6.01811],[-72.80372,6.01669],[-72.8025,6.01679],[-72.80206,6.01658],[-72.79881,6.0171],[-72.79846,6.01673],[-72.79808,6.01702],[-72.79707,6.01916],[-72.79577,6.01903],[-72.79606,6.01828],[-72.79608,6.01549],[-72.79518,6.0125],[-72.79448,6.01152],[-72.79313,6.00824],[-72.79141,6.00655],[-72.79299,6.00337],[-72.79373,5.99999],[-72.79685,5.99432],[-72.79879,5.99274],[-72.80021,5.99223],[-72.8013,5.9909],[-72.80286,5.99097],[-72.80342,5.99033],[-72.80546,5.98933],[-72.80793,5.98739],[-72.80956,5.98669],[-72.81067,5.98475],[-72.81177,5.98376],[-72.81266,5.98232],[-72.81341,5.97966],[-72.81511,5.97932],[-72.81701,5.97774],[-72.81758,5.97769],[-72.81827,5.97801],[-72.81919,5.97685],[-72.82095,5.97536],[-72.82348,5.97392],[-72.825,5.97372],[-72.82622,5.97401],[-72.82722,5.97459],[-72.82859,5.97434],[-72.8293,5.97346],[-72.83111,5.97204],[-72.8326,5.96988],[-72.83392,5.96667],[-72.83364,5.96538],[-72.83398,5.96442],[-72.83376,5.96381],[-72.834,5.96323],[-72.83474,5.96262],[-72.83499,5.96168],[-72.83656,5.96186],[-72.83773,5.9608],[-72.83882,5.96023],[-72.84082,5.95784],[-72.84232,5.95711],[-72.84562,5.95608],[-72.85054,5.95579],[-72.85116,5.95503],[-72.85233,5.95454],[-72.85319,5.95315],[-72.85301,5.95129],[-72.85351,5.95129],[-72.85389,5.94848],[-72.85712,5.94727],[-72.85832,5.94708],[-72.86427,5.94322],[-72.86828,5.94025],[-72.8713,5.94114],[-72.87316,5.9422],[-72.87378,5.94295],[-72.87417,5.944],[-72.87558,5.94515],[-72.87743,5.94803],[-72.87848,5.94609],[-72.87967,5.94546],[-72.88037,5.94268],[-72.88095,5.94246],[-72.8822,5.94119],[-72.88269,5.93993],[-72.88451,5.93957],[-72.88486,5.94029],[-72.88545,5.94051],[-72.8869,5.93878],[-72.8886,5.93819],[-72.88943,5.9359],[-72.88969,5.93545],[-72.89014,5.9353],[-72.89086,5.93592],[-72.89183,5.93587],[-72.89324,5.93762],[-72.8939,5.938],[-72.89409,5.93906],[-72.8953,5.93963],[-72.8972,5.93961],[-72.89845,5.94024],[-72.89875,5.94124],[-72.89942,5.94163],[-72.90324,5.9427],[-72.90383,5.94275],[-72.90538,5.94211],[-72.90644,5.942],[-72.90851,5.94264],[-72.91093,5.94259],[-72.91411,5.94411],[-72.91413,5.94488],[-72.91682,5.94111],[-72.91912,5.93863],[-72.92124,5.93574],[-72.92209,5.93401],[-72.9244,5.93106],[-72.92527,5.92858],[-72.9249,5.92835],[-72.92298,5.92517],[-72.92009,5.92156],[-72.91949,5.91977],[-72.9185,5.91841],[-72.91718,5.91789],[-72.91369,5.91803],[-72.90917,5.91654],[-72.90681,5.91399],[-72.90609,5.91264],[-72.90729,5.91056],[-72.90697,5.90895],[-72.90724,5.90726],[-72.90712,5.90612],[-72.90603,5.90471],[-72.90574,5.9037],[-72.90498,5.90288],[-72.90376,5.89921],[-72.89929,5.895],[-72.89781,5.89409],[-72.89472,5.88814],[-72.89393,5.88712],[-72.89289,5.88677],[-72.8926,5.88586],[-72.88988,5.88495],[-72.88894,5.88504],[-72.88799,5.88583],[-72.88719,5.88605],[-72.88273,5.88625],[-72.8813,5.88603],[-72.88038,5.88641],[-72.8769,5.88599],[-72.87605,5.88484],[-72.87512,5.88438],[-72.87308,5.88442],[-72.87203,5.88361],[-72.87266,5.88103],[-72.87226,5.87838],[-72.87245,5.87473],[-72.87235,5.87338],[-72.87182,5.87247],[-72.86855,5.87109],[-72.86777,5.87053],[-72.86712,5.8695],[-72.86541,5.86818],[-72.86463,5.86798],[-72.86258,5.86843],[-72.8602,5.86788],[-72.8591,5.86657],[-72.85752,5.86622],[-72.85637,5.86733],[-72.8561,5.86923],[-72.85563,5.87022],[-72.85447,5.87037],[-72.85322,5.87141],[-72.85236,5.87175],[-72.85132,5.87599],[-72.85073,5.8768],[-72.85006,5.8769],[-72.85006,5.87766],[-72.84937,5.87804],[-72.84775,5.8785],[-72.84694,5.87757],[-72.8455,5.87729],[-72.84493,5.87739],[-72.84335,5.8786],[-72.84219,5.87867],[-72.84025,5.87768],[-72.83788,5.87554],[-72.83676,5.87514],[-72.83254,5.87546],[-72.83181,5.87523],[-72.82934,5.87659],[-72.82832,5.8782],[-72.8266,5.87896],[-72.82656,5.87859],[-72.82616,5.87828],[-72.82454,5.87826],[-72.82302,5.8777],[-72.82166,5.87448],[-72.82025,5.87354],[-72.81933,5.87232],[-72.81902,5.87133],[-72.81911,5.86994],[-72.81776,5.86991],[-72.81686,5.86908],[-72.81576,5.86713],[-72.81318,5.86622],[-72.81164,5.86453],[-72.81119,5.86261],[-72.8106,5.86165],[-72.81019,5.85962],[-72.80947,5.8591],[-72.80916,5.8581],[-72.80782,5.85745],[-72.80658,5.85581],[-72.80575,5.85526],[-72.8056,5.85444],[-72.80385,5.85398],[-72.80312,5.85314],[-72.80119,5.85192],[-72.80032,5.85209],[-72.79915,5.85349],[-72.79812,5.85391],[-72.79826,5.8534],[-72.79755,5.85245],[-72.79796,5.85022]]]}},{"type":"Feature","properties":{"PROVINCIA":"Valderrama","N_MUNICIPIOS":7},"geometry":{"type":"Polygon","coordinates":[[[-72.65627,6.06718],[-72.65592,6.06791],[-72.65505,6.06852],[-72.65459,6.06929],[-72.65334,6.07601],[-72.6544,6.08261],[-72.65316,6.08607],[-72.65402,6.08768],[-72.65411,6.08921],[-72.65326,6.08998],[-72.65312,6.09089],[-72.65419,6.09361],[-72.6535,6.09641],[-72.65454,6.09815],[-72.65483,6.09925],[-72.65432,6.10159],[-72.65442,6.10229],[-72.65529,6.10372],[-72.65496,6.10603],[-72.65558,6.10924],[-72.6551,6.11274],[-72.65578,6.11446],[-72.65618,6.11652],[-72.65439,6.1196],[-72.65422,6.12132],[-72.65442,6.12284],[-72.65378,6.12456],[-72.65322,6.13156],[-72.65145,6.13389],[-72.65108,6.13503],[-72.65092,6.13689],[-72.65003,6.13897],[-72.65008,6.14095],[-72.64851,6.14324],[-72.64844,6.14497],[-72.64876,6.1466],[-72.64865,6.14996],[-72.64745,6.1515],[-72.64532,6.15578],[-72.64506,6.1568],[-72.64529,6.15837],[-72.64512,6.15923],[-72.64301,6.16156],[-72.6422,6.16297],[-72.6431,6.16545],[-72.644,6.16698],[-72.64052,6.16913],[-72.63861,6.17065],[-72.63805,6.17344],[-72.63818,6.17656],[-72.63608,6.17893],[-72.63527,6.17945],[-72.63509,6.1799],[-72.63538,6.18057],[-72.63577,6.18138],[-72.63516,6.18312],[-72.63481,6.18615],[-72.63511,6.18927],[-72.63331,6.19196],[-72.63305,6.19285],[-72.63319,6.19396],[-72.6338,6.19443],[-72.63404,6.19522],[-72.63415,6.19741],[-72.63381,6.19808],[-72.63222,6.19944],[-72.63201,6.20004],[-72.63235,6.20246],[-72.63309,6.20449],[-72.63248,6.20451],[-72.63124,6.20371],[-72.63011,6.20366],[-72.62621,6.20515],[-72.62297,6.20475],[-72.62071,6.20571],[-72.61974,6.2066],[-72.61784,6.2068],[-72.61681,6.20631],[-72.61569,6.20633],[-72.6155,6.20486],[-72.6151,6.20442],[-72.61282,6.20382],[-72.61114,6.20379],[-72.60941,6.20235],[-72.60836,6.20195],[-72.60703,6.20219],[-72.606,6.20112],[-72.60516,6.20098],[-72.60225,6.20186],[-72.60156,6.20245],[-72.6001,6.20202],[-72.5977,6.20287],[-72.59769,6.20386],[-72.59655,6.20452],[-72.59524,6.20399],[-72.59451,6.20305],[-72.59354,6.20274],[-72.59182,6.20117],[-72.59132,6.20027],[-72.58876,6.19999],[-72.58753,6.20019],[-72.58621,6.19931],[-72.58563,6.19849],[-72.58175,6.19713],[-72.58118,6.19604],[-72.57996,6.19586],[-72.57878,6.19534],[-72.57824,6.1945],[-72.57729,6.19439],[-72.57591,6.19334],[-72.57317,6.19276],[-72.57204,6.19161],[-72.56706,6.18981],[-72.56623,6.189],[-72.56516,6.18865],[-72.5644,6.18799],[-72.56336,6.18805],[-72.56235,6.18872],[-72.56086,6.18813],[-72.55969,6.18851],[-72.55871,6.1865],[-72.55747,6.18577],[-72.55567,6.1834],[-72.55496,6.18084],[-72.55497,6.17837],[-72.55394,6.17748],[-72.55253,6.17699],[-72.55186,6.17846],[-72.55096,6.17943],[-72.55103,6.18075],[-72.54918,6.18285],[-72.54879,6.1839],[-72.54874,6.18516],[-72.54786,6.18606],[-72.54663,6.18834],[-72.54635,6.18964],[-72.54522,6.1922],[-72.54397,6.19311],[-72.54307,6.1952],[-72.54203,6.19614],[-72.54117,6.19941],[-72.54042,6.19978],[-72.53972,6.20083],[-72.53806,6.2021],[-72.53768,6.20327],[-72.53709,6.20403],[-72.53471,6.20548],[-72.53282,6.20782],[-72.53213,6.20941],[-72.53097,6.21037],[-72.53093,6.2122],[-72.53024,6.21429],[-72.5293,6.21593],[-72.52902,6.219],[-72.52636,6.22505],[-72.52561,6.22604],[-72.52549,6.227],[-72.52473,6.2281],[-72.52391,6.22866],[-72.5221,6.22861],[-72.52128,6.22883],[-72.51951,6.23069],[-72.51918,6.23156],[-72.51915,6.23401],[-72.51992,6.23561],[-72.51732,6.23683],[-72.51619,6.23774],[-72.51598,6.23832],[-72.51647,6.24059],[-72.51612,6.24147],[-72.5148,6.24289],[-72.51299,6.24426],[-72.51192,6.24603],[-72.51145,6.24739],[-72.51074,6.24821],[-72.50958,6.24825],[-72.50788,6.24952],[-72.50491,6.2507],[-72.50308,6.2524],[-72.50152,6.25265],[-72.49946,6.25219],[-72.49868,6.25272],[-72.49824,6.25433],[-72.49888,6.25803],[-72.49914,6.26149],[-72.49702,6.26369],[-72.49662,6.26508],[-72.49677,6.26641],[-72.49743,6.26843],[-72.49721,6.27153],[-72.49802,6.27265],[-72.4967,6.27557],[-72.49642,6.27878],[-72.49539,6.28094],[-72.49552,6.28264],[-72.49674,6.28457],[-72.49602,6.2871],[-72.49623,6.28845],[-72.49581,6.28956],[-72.49583,6.29083],[-72.49556,6.29124],[-72.49397,6.29253],[-72.49202,6.2936],[-72.49062,6.29379],[-72.48981,6.2951],[-72.48905,6.29481],[-72.48891,6.29547],[-72.48817,6.29545],[-72.48817,6.29729],[-72.48778,6.29838],[-72.48541,6.29982],[-72.48353,6.30265],[-72.4822,6.3034],[-72.47281,6.30586],[-72.46806,6.30547],[-72.46442,6.30405],[-72.463,6.30421],[-72.4554,6.3036],[-72.45242,6.30397],[-72.45364,6.29965],[-72.44932,6.29502],[-72.44818,6.29313],[-72.4472,6.29062],[-72.44551,6.28865],[-72.44434,6.28674],[-72.44017,6.28298],[-72.43971,6.28274],[-72.43786,6.28502],[-72.43702,6.28567],[-72.43574,6.28614],[-72.43476,6.28607],[-72.43282,6.28494],[-72.42902,6.28123],[-72.42478,6.27867],[-72.42297,6.27829],[-72.42035,6.27871],[-72.41879,6.27722],[-72.41493,6.27611],[-72.41242,6.27437],[-72.41017,6.27386],[-72.40851,6.27314],[-72.4043,6.27305],[-72.40188,6.27091],[-72.40087,6.27046],[-72.39943,6.27049],[-72.39651,6.27227],[-72.39629,6.27144],[-72.3938,6.2683],[-72.3918,6.26396],[-72.39009,6.26325],[-72.3885,6.26317],[-72.38803,6.26274],[-72.38724,6.26101],[-72.3891,6.25835],[-72.39054,6.25462],[-72.39095,6.25323],[-72.39077,6.25181],[-72.39097,6.25107],[-72.39167,6.24944],[-72.3934,6.2467],[-72.39369,6.24376],[-72.39545,6.24054],[-72.3979,6.2373],[-72.3986,6.23351],[-72.39784,6.22945],[-72.39843,6.22457],[-72.39835,6.2215],[-72.3987,6.21865],[-72.40037,6.21517],[-72.40254,6.2076],[-72.40639,6.20338],[-72.40654,6.20072],[-72.40678,6.20014],[-72.40818,6.19836],[-72.40879,6.19619],[-72.41172,6.19273],[-72.41229,6.19153],[-72.41394,6.19074],[-72.4169,6.19004],[-72.41755,6.18958],[-72.41884,6.18781],[-72.41885,6.18617],[-72.41826,6.18486],[-72.4177,6.18425],[-72.41716,6.18408],[-72.41601,6.18553],[-72.41326,6.18756],[-72.41256,6.18779],[-72.41011,6.18742],[-72.40939,6.18753],[-72.40801,6.18797],[-72.40772,6.18843],[-72.40562,6.18986],[-72.40307,6.19024],[-72.40172,6.19008],[-72.40023,6.1885],[-72.39926,6.18862],[-72.39711,6.18774],[-72.39578,6.18791],[-72.39427,6.18766],[-72.39253,6.18833],[-72.39234,6.18695],[-72.39329,6.18292],[-72.39223,6.17644],[-72.3925,6.17486],[-72.3919,6.17272],[-72.39244,6.17053],[-72.39232,6.16873],[-72.39255,6.16752],[-72.39353,6.16464],[-72.39356,6.16359],[-72.39315,6.16257],[-72.3931,6.16157],[-72.3928,6.16126],[-72.39196,6.16116],[-72.39111,6.16178],[-72.38922,6.16243],[-72.38844,6.16243],[-72.38665,6.16176],[-72.38491,6.16045],[-72.38426,6.15944],[-72.38278,6.15833],[-72.38225,6.15745],[-72.38191,6.15555],[-72.38098,6.1547],[-72.38012,6.15439],[-72.3783,6.15313],[-72.37751,6.15293],[-72.37451,6.15007],[-72.37438,6.14858],[-72.37391,6.1477],[-72.37423,6.14212],[-72.37538,6.14197],[-72.37608,6.14148],[-72.37769,6.13822],[-72.37753,6.13752],[-72.37657,6.13689],[-72.37629,6.13637],[-72.37639,6.13527],[-72.37686,6.13422],[-72.3776,6.13351],[-72.38017,6.13234],[-72.38093,6.13223],[-72.38274,6.13279],[-72.38468,6.13266],[-72.3852,6.13214],[-72.3858,6.13069],[-72.38686,6.13005],[-72.38835,6.12785],[-72.38902,6.12574],[-72.38918,6.12374],[-72.38862,6.12318],[-72.38686,6.11959],[-72.38567,6.11776],[-72.38457,6.11509],[-72.38399,6.11445],[-72.38391,6.1136],[-72.381,6.11294],[-72.37904,6.11201],[-72.37772,6.11085],[-72.37573,6.10985],[-72.37463,6.10832],[-72.37274,6.10744],[-72.37129,6.10585],[-72.37114,6.10498],[-72.37063,6.10491],[-72.37005,6.10406],[-72.36911,6.10393],[-72.3648,6.10023],[-72.36408,6.09932],[-72.36657,6.09947],[-72.3676,6.09861],[-72.36948,6.09856],[-72.37111,6.09707],[-72.37347,6.0957],[-72.37493,6.09382],[-72.37538,6.0925],[-72.37435,6.0911],[-72.37421,6.08944],[-72.37361,6.08844],[-72.37327,6.08685],[-72.37194,6.0848],[-72.37114,6.08284],[-72.36925,6.0807],[-72.36815,6.07988],[-72.36724,6.07852],[-72.36664,6.07683],[-72.36575,6.07616],[-72.36251,6.0752],[-72.35872,6.07557],[-72.35524,6.07671],[-72.35201,6.07817],[-72.34641,6.07915],[-72.34328,6.0807],[-72.32752,6.08558],[-72.3212,6.0882],[-72.32188,6.08283],[-72.32161,6.08159],[-72.32075,6.08036],[-72.31848,6.07869],[-72.31803,6.07756],[-72.3182,6.07679],[-72.32014,6.07509],[-72.32054,6.07419],[-72.32093,6.06922],[-72.32154,6.06784],[-72.32335,6.06669],[-72.32374,6.06553],[-72.32532,6.06393],[-72.33025,6.06201],[-72.33175,6.06046],[-72.33323,6.05947],[-72.33503,6.05735],[-72.33738,6.05652],[-72.34191,6.05264],[-72.34416,6.05126],[-72.34556,6.04987],[-72.34604,6.04855],[-72.34657,6.04788],[-72.34801,6.04696],[-72.34922,6.04687],[-72.35041,6.04621],[-72.35335,6.0434],[-72.35527,6.04267],[-72.35868,6.04422],[-72.36107,6.0442],[-72.36217,6.04371],[-72.36291,6.04313],[-72.36366,6.04201],[-72.36552,6.03613],[-72.36529,6.03479],[-72.36551,6.03287],[-72.3648,6.03032],[-72.36178,6.02564],[-72.36124,6.02521],[-72.35894,6.0246],[-72.35823,6.02408],[-72.35717,6.0238],[-72.35551,6.02244],[-72.35371,6.0187],[-72.35081,6.01486],[-72.35009,6.01424],[-72.34935,6.01294],[-72.34885,6.01135],[-72.34731,6.00833],[-72.34657,6.00582],[-72.34663,6.00462],[-72.34518,6.00402],[-72.34327,6.00137],[-72.34042,5.9999],[-72.33978,5.99849],[-72.33976,5.99697],[-72.34114,5.99128],[-72.34159,5.99088],[-72.34173,5.99005],[-72.34164,5.98959],[-72.34066,5.98867],[-72.33964,5.98688],[-72.33931,5.98524],[-72.33928,5.98115],[-72.33936,5.9805],[-72.3397,5.9802],[-72.34064,5.98051],[-72.34115,5.9803],[-72.34149,5.97911],[-72.34205,5.97849],[-72.34212,5.97798],[-72.34184,5.97741],[-72.34194,5.97557],[-72.34282,5.97167],[-72.34195,5.9684],[-72.34265,5.96683],[-72.34255,5.96558],[-72.34034,5.96219],[-72.33841,5.95993],[-72.34067,5.95408],[-72.34061,5.95322],[-72.33867,5.94867],[-72.33619,5.94594],[-72.33582,5.94392],[-72.33533,5.94348],[-72.33429,5.94368],[-72.33175,5.94301],[-72.33041,5.94116],[-72.33013,5.93969],[-72.3297,5.93896],[-72.32808,5.93844],[-72.3272,5.93713],[-72.32549,5.93596],[-72.32506,5.93504],[-72.32501,5.93335],[-72.32534,5.93223],[-72.3254,5.92959],[-72.32609,5.92896],[-72.32612,5.92733],[-72.32531,5.92509],[-72.32682,5.92343],[-72.32675,5.92192],[-72.32723,5.91927],[-72.32818,5.91857],[-72.32868,5.91774],[-72.32862,5.91652],[-72.32895,5.91539],[-72.32878,5.91388],[-72.32828,5.91263],[-72.32836,5.91095],[-72.3274,5.91018],[-72.32649,5.90895],[-72.32671,5.90658],[-72.32705,5.90454],[-72.32751,5.90346],[-72.32766,5.90172],[-72.32804,5.90084],[-72.32909,5.89976],[-72.33027,5.89623],[-72.3318,5.89443],[-72.33278,5.89211],[-72.33483,5.89042],[-72.33501,5.88964],[-72.33626,5.8896],[-72.33744,5.89032],[-72.33873,5.89049],[-72.33981,5.89142],[-72.3447,5.89153],[-72.34727,5.89284],[-72.35127,5.89287],[-72.35266,5.89326],[-72.35497,5.89339],[-72.35568,5.89411],[-72.35647,5.89446],[-72.35895,5.89427],[-72.35952,5.89529],[-72.36011,5.89562],[-72.36259,5.89567],[-72.36474,5.89648],[-72.36538,5.89708],[-72.36775,5.89702],[-72.36859,5.8973],[-72.36997,5.89626],[-72.37251,5.8952],[-72.37476,5.89499],[-72.37553,5.89551],[-72.37658,5.89558],[-72.37815,5.89677],[-72.37905,5.89688],[-72.38003,5.89778],[-72.3805,5.89872],[-72.38175,5.89936],[-72.38273,5.89948],[-72.38361,5.9003],[-72.38539,5.90037],[-72.38609,5.90079],[-72.38746,5.90046],[-72.38863,5.90092],[-72.38894,5.90145],[-72.38993,5.90123],[-72.39197,5.90221],[-72.39285,5.90218],[-72.39352,5.90182],[-72.39475,5.90186],[-72.39599,5.90119],[-72.39652,5.90146],[-72.39717,5.90139],[-72.39828,5.90069],[-72.40055,5.90047],[-72.40188,5.90122],[-72.40263,5.90123],[-72.40405,5.90086],[-72.40533,5.90104],[-72.4067,5.90022],[-72.40832,5.90003],[-72.40921,5.90033],[-72.40955,5.90111],[-72.41099,5.90149],[-72.41196,5.90217],[-72.41381,5.90261],[-72.41475,5.9037],[-72.41555,5.90401],[-72.41692,5.90261],[-72.4188,5.89953],[-72.42023,5.8987],[-72.42102,5.89867],[-72.4218,5.89766],[-72.42354,5.89677],[-72.42453,5.89697],[-72.4254,5.8964],[-72.4269,5.89604],[-72.42841,5.89502],[-72.42918,5.89358],[-72.43199,5.89209],[-72.43272,5.89103],[-72.43367,5.89067],[-72.43396,5.88948],[-72.43475,5.88928],[-72.43534,5.88715],[-72.43933,5.88602],[-72.44,5.88561],[-72.4419,5.88311],[-72.44311,5.88223],[-72.44443,5.88215],[-72.44607,5.8827],[-72.44645,5.88255],[-72.44761,5.88058],[-72.45089,5.87837],[-72.45161,5.87512],[-72.45224,5.87435],[-72.45268,5.87323],[-72.45247,5.87186],[-72.45265,5.87099],[-72.45384,5.86961],[-72.45506,5.86749],[-72.45582,5.86743],[-72.45679,5.86682],[-72.45865,5.86328],[-72.46127,5.85964],[-72.46113,5.85732],[-72.46157,5.85508],[-72.46235,5.85394],[-72.46235,5.85217],[-72.46307,5.8491],[-72.46298,5.84797],[-72.46183,5.84705],[-72.46292,5.84655],[-72.4662,5.84601],[-72.46796,5.84543],[-72.47237,5.84358],[-72.47407,5.84262],[-72.47743,5.83992],[-72.47777,5.83856],[-72.47774,5.83671],[-72.47913,5.83386],[-72.48124,5.8317],[-72.48356,5.83016],[-72.4843,5.8294],[-72.48479,5.82511],[-72.48606,5.82221],[-72.48645,5.81872],[-72.48749,5.8169],[-72.48928,5.81555],[-72.49199,5.81451],[-72.49262,5.8134],[-72.49335,5.81306],[-72.49506,5.81114],[-72.49653,5.81012],[-72.49696,5.80914],[-72.49824,5.80844],[-72.49901,5.80705],[-72.50084,5.80627],[-72.50189,5.80454],[-72.5032,5.80361],[-72.50452,5.8035],[-72.50552,5.80197],[-72.50531,5.80113],[-72.50549,5.80064],[-72.50499,5.79973],[-72.50536,5.79822],[-72.50576,5.79763],[-72.50742,5.79631],[-72.50781,5.79563],[-72.51022,5.79579],[-72.51073,5.79552],[-72.51105,5.79496],[-72.51391,5.79328],[-72.51362,5.79242],[-72.51222,5.79152],[-72.51398,5.79124],[-72.51906,5.79124],[-72.52259,5.78987],[-72.52541,5.78953],[-72.52601,5.78859],[-72.52702,5.7887],[-72.52823,5.78808],[-72.52981,5.78812],[-72.53189,5.78772],[-72.5327,5.78718],[-72.53356,5.78735],[-72.53416,5.7868],[-72.53521,5.78685],[-72.53626,5.78599],[-72.53799,5.78509],[-72.54069,5.78481],[-72.54156,5.78497],[-72.54233,5.78658],[-72.54401,5.78802],[-72.54537,5.78787],[-72.54597,5.78836],[-72.54658,5.78799],[-72.54743,5.78846],[-72.54931,5.78818],[-72.55035,5.78734],[-72.55177,5.78701],[-72.5522,5.78559],[-72.55398,5.78522],[-72.55592,5.78304],[-72.55707,5.78218],[-72.56083,5.78043],[-72.56419,5.77759],[-72.56567,5.77584],[-72.56625,5.77576],[-72.56925,5.77662],[-72.57263,5.77629],[-72.57511,5.77572],[-72.57764,5.7739],[-72.58074,5.77315],[-72.58359,5.77113],[-72.58533,5.77161],[-72.58709,5.77306],[-72.58801,5.77347],[-72.59209,5.7733],[-72.59461,5.77444],[-72.5976,5.77503],[-72.59945,5.7743],[-72.60063,5.77414],[-72.60266,5.77461],[-72.60447,5.77582],[-72.60876,5.77345],[-72.60956,5.77191],[-72.61106,5.77162],[-72.61261,5.77227],[-72.61824,5.77164],[-72.61971,5.77313],[-72.62124,5.7737],[-72.62189,5.77298],[-72.62204,5.77101],[-72.62378,5.76871],[-72.62453,5.7671],[-72.62626,5.76586],[-72.62768,5.76548],[-72.62948,5.76451],[-72.62997,5.76534],[-72.62929,5.76641],[-72.6284,5.76956],[-72.62727,5.77109],[-72.62705,5.77233],[-72.62724,5.77459],[-72.62614,5.7758],[-72.62599,5.77694],[-72.62612,5.77852],[-72.62525,5.78011],[-72.62471,5.78304],[-72.62388,5.78426],[-72.62402,5.78509],[-72.62515,5.78586],[-72.62551,5.78758],[-72.62497,5.79122],[-72.62547,5.79246],[-72.62533,5.79384],[-72.62588,5.79476],[-72.62529,5.79556],[-72.62459,5.79885],[-72.6252,5.80137],[-72.62492,5.80221],[-72.62493,5.80478],[-72.62461,5.80579],[-72.62481,5.80704],[-72.62462,5.80889],[-72.62485,5.81009],[-72.62453,5.81147],[-72.62403,5.81233],[-72.62427,5.81303],[-72.62386,5.81393],[-72.62409,5.81476],[-72.62362,5.81542],[-72.62356,5.81673],[-72.6244,5.81792],[-72.62475,5.81896],[-72.62633,5.82009],[-72.62659,5.82106],[-72.62747,5.82185],[-72.62725,5.82302],[-72.62837,5.8243],[-72.62879,5.82608],[-72.62915,5.82653],[-72.62918,5.82726],[-72.62964,5.82751],[-72.63078,5.82727],[-72.63089,5.82791],[-72.63182,5.82882],[-72.63172,5.8291],[-72.63229,5.82862],[-72.63456,5.82774],[-72.63478,5.82709],[-72.63705,5.82492],[-72.63837,5.82236],[-72.6383,5.82014],[-72.63855,5.81922],[-72.63901,5.81861],[-72.63934,5.81663],[-72.64613,5.81609],[-72.64718,5.81521],[-72.64845,5.8147],[-72.65238,5.81451],[-72.65278,5.81426],[-72.65332,5.81295],[-72.65496,5.81141],[-72.65876,5.80996],[-72.66218,5.80947],[-72.66451,5.8085],[-72.66672,5.80903],[-72.67027,5.809],[-72.67671,5.81175],[-72.68117,5.81439],[-72.68376,5.81465],[-72.6879,5.8167],[-72.68852,5.81726],[-72.68846,5.81838],[-72.68584,5.82218],[-72.68624,5.8232],[-72.68622,5.82573],[-72.68673,5.8273],[-72.68675,5.83208],[-72.68868,5.83214],[-72.6918,5.83341],[-72.69609,5.83428],[-72.69819,5.83392],[-72.69934,5.83402],[-72.70108,5.8346],[-72.70164,5.83578],[-72.70262,5.83573],[-72.70538,5.8347],[-72.70699,5.83375],[-72.70804,5.83248],[-72.71022,5.83174],[-72.71205,5.83014],[-72.71513,5.8285],[-72.71997,5.82733],[-72.72045,5.82698],[-72.72081,5.82598],[-72.7217,5.82601],[-72.72287,5.82662],[-72.72391,5.82624],[-72.72445,5.82548],[-72.72504,5.82528],[-72.72735,5.82549],[-72.72921,5.82516],[-72.73226,5.82369],[-72.73728,5.8225],[-72.74436,5.81939],[-72.74767,5.81667],[-72.74917,5.8151],[-72.7494,5.81833],[-72.75193,5.82081],[-72.75291,5.82578],[-72.75405,5.82687],[-72.75564,5.82719],[-72.75606,5.82767],[-72.75744,5.82772],[-72.75815,5.82867],[-72.75873,5.83081],[-72.75997,5.83255],[-72.76188,5.83382],[-72.76484,5.83658],[-72.76939,5.83979],[-72.7701,5.84072],[-72.77101,5.8436],[-72.77178,5.84431],[-72.77406,5.84549],[-72.7753,5.84771],[-72.77637,5.84784],[-72.77744,5.84682],[-72.7798,5.8455],[-72.78585,5.84487],[-72.78703,5.84677],[-72.78843,5.84693],[-72.78929,5.84741],[-72.79005,5.84925],[-72.78985,5.85003],[-72.79104,5.85124],[-72.79248,5.85175],[-72.7934,5.8528],[-72.79644,5.85315],[-72.79812,5.85391],[-72.79915,5.85349],[-72.80032,5.85209],[-72.80119,5.85192],[-72.80312,5.85314],[-72.80385,5.85398],[-72.8056,5.85444],[-72.80575,5.85526],[-72.80658,5.85581],[-72.80782,5.85745],[-72.80916,5.8581],[-72.80947,5.8591],[-72.81019,5.85962],[-72.8106,5.86165],[-72.81119,5.86261],[-72.81164,5.86453],[-72.81318,5.86622],[-72.81576,5.86713],[-72.81686,5.86908],[-72.81776,5.86991],[-72.81911,5.86994],[-72.81902,5.87133],[-72.81933,5.87232],[-72.82025,5.87354],[-72.82166,5.87448],[-72.82302,5.8777],[-72.82454,5.87826],[-72.82616,5.87828],[-72.82656,5.87859],[-72.8266,5.87896],[-72.82832,5.8782],[-72.82934,5.87659],[-72.83181,5.87523],[-72.83254,5.87546],[-72.83676,5.87514],[-72.83788,5.87554],[-72.84025,5.87768],[-72.84219,5.87867],[-72.84335,5.8786],[-72.84493,5.87739],[-72.8455,5.87729],[-72.84694,5.87757],[-72.84775,5.8785],[-72.84937,5.87804],[-72.85006,5.87766],[-72.85006,5.8769],[-72.85073,5.8768],[-72.85132,5.87599],[-72.85236,5.87175],[-72.85322,5.87141],[-72.85447,5.87037],[-72.85563,5.87022],[-72.8561,5.86923],[-72.85637,5.86733],[-72.85752,5.86622],[-72.8591,5.86657],[-72.8602,5.86788],[-72.86258,5.86843],[-72.86463,5.86798],[-72.86541,5.86818],[-72.86712,5.8695],[-72.86777,5.87053],[-72.86855,5.87109],[-72.87182,5.87247],[-72.87235,5.87338],[-72.87245,5.87473],[-72.87226,5.87838],[-72.87266,5.88103],[-72.87203,5.88361],[-72.87308,5.88442],[-72.87512,5.88438],[-72.87605,5.88484],[-72.8769,5.88599],[-72.88038,5.88641],[-72.8813,5.88603],[-72.88273,5.88625],[-72.88719,5.88605],[-72.88799,5.88583],[-72.88894,5.88504],[-72.88988,5.88495],[-72.8926,5.88586],[-72.89289,5.88677],[-72.89393,5.88712],[-72.89472,5.88814],[-72.89781,5.89409],[-72.89929,5.895],[-72.90376,5.89921],[-72.90498,5.90288],[-72.90574,5.9037],[-72.90603,5.90471],[-72.90712,5.90612],[-72.90724,5.90726],[-72.90697,5.90895],[-72.90729,5.91056],[-72.90609,5.91264],[-72.90681,5.91399],[-72.90917,5.91654],[-72.91369,5.91803],[-72.91718,5.91789],[-72.9185,5.91841],[-72.91949,5.91977],[-72.92009,5.92156],[-72.92298,5.92517],[-72.9249,5.92835],[-72.92527,5.92858],[-72.9244,5.93106],[-72.92209,5.93401],[-72.92124,5.93574],[-72.91912,5.93863],[-72.91682,5.94111],[-72.91413,5.94488],[-72.91411,5.94411],[-72.91093,5.94259],[-72.90851,5.94264],[-72.90644,5.942],[-72.90538,5.94211],[-72.90383,5.94275],[-72.90324,5.9427],[-72.89942,5.94163],[-72.89875,5.94124],[-72.89845,5.94024],[-72.8972,5.93961],[-72.8953,5.93963],[-72.89409,5.93906],[-72.8939,5.938],[-72.89324,5.93762],[-72.89183,5.93587],[-72.89086,5.93592],[-72.89014,5.9353],[-72.88969,5.93545],[-72.88943,5.9359],[-72.8886,5.93819],[-72.8869,5.93878],[-72.88545,5.94051],[-72.88486,5.94029],[-72.88451,5.93957],[-72.88269,5.93993],[-72.8822,5.94119],[-72.88095,5.94246],[-72.88037,5.94268],[-72.87967,5.94546],[-72.87848,5.94609],[-72.87743,5.94803],[-72.87558,5.94515],[-72.87417,5.944],[-72.87378,5.94295],[-72.87316,5.9422],[-72.8713,5.94114],[-72.86828,5.94025],[-72.86427,5.94322],[-72.85832,5.94708],[-72.85712,5.94727],[-72.85389,5.94848],[-72.85351,5.95129],[-72.85301,5.95129],[-72.85319,5.95315],[-72.85233,5.95454],[-72.85116,5.95503],[-72.85054,5.95579],[-72.84562,5.95608],[-72.84232,5.95711],[-72.84082,5.95784],[-72.83882,5.96023],[-72.83773,5.9608],[-72.83656,5.96186],[-72.83499,5.96168],[-72.83474,5.96262],[-72.834,5.96323],[-72.83376,5.96381],[-72.83398,5.96442],[-72.83364,5.96538],[-72.83392,5.96667],[-72.8326,5.96988],[-72.83111,5.97204],[-72.8293,5.97346],[-72.82859,5.97434],[-72.82722,5.97459],[-72.82622,5.97401],[-72.825,5.97372],[-72.82348,5.97392],[-72.82095,5.97536],[-72.81919,5.97685],[-72.81827,5.97801],[-72.81758,5.97769],[-72.81701,5.97774],[-72.81511,5.97932],[-72.81341,5.97966],[-72.81266,5.98232],[-72.81177,5.98376],[-72.81067,5.98475],[-72.80956,5.98669],[-72.80793,5.98739],[-72.80546,5.98933],[-72.80342,5.99033],[-72.80286,5.99097],[-72.8013,5.9909],[-72.80021,5.99223],[-72.79879,5.99274],[-72.79685,5.99432],[-72.79373,5.99999],[-72.79299,6.00337],[-72.79141,6.00655],[-72.79313,6.00824],[-72.79448,6.01152],[-72.79518,6.0125],[-72.79608,6.01549],[-72.79606,6.01828],[-72.79577,6.01903],[-72.79707,6.01916],[-72.79808,6.01702],[-72.79846,6.01673],[-72.79881,6.0171],[-72.80206,6.01658],[-72.8025,6.01679],[-72.80372,6.01669],[-72.8059,6.01811],[-72.80676,6.01786],[-72.80716,6.01864],[-72.80798,6.01922],[-72.80828,6.01985],[-72.80839,6.02229],[-72.80866,6.02255],[-72.8093,6.02248],[-72.8105,6.02175],[-72.81113,6.02243],[-72.81068,6.02346],[-72.81076,6.02385],[-72.81241,6.02323],[-72.81271,6.02353],[-72.81263,6.02437],[-72.81292,6.02504],[-72.81404,6.02621],[-72.81383,6.02665],[-72.81307,6.0267],[-72.81271,6.02699],[-72.81272,6.02774],[-72.81339,6.02745],[-72.81361,6.02771],[-72.81306,6.02942],[-72.81227,6.02999],[-72.81304,6.0314],[-72.81294,6.03309],[-72.8134,6.03383],[-72.81305,6.0351],[-72.81356,6.03511],[-72.81386,6.03564],[-72.81334,6.03744],[-72.81521,6.04054],[-72.81465,6.0412],[-72.81453,6.04258],[-72.81353,6.04412],[-72.81347,6.04619],[-72.81172,6.04732],[-72.81132,6.04789],[-72.81142,6.0494],[-72.81105,6.05072],[-72.8114,6.0516],[-72.81111,6.05279],[-72.81146,6.05378],[-72.81091,6.05518],[-72.8112,6.05557],[-72.81111,6.05617],[-72.81039,6.05663],[-72.8105,6.05734],[-72.81018,6.058],[-72.81037,6.05917],[-72.81105,6.06026],[-72.81068,6.06092],[-72.81091,6.06139],[-72.81063,6.06198],[-72.811,6.0623],[-72.81085,6.06293],[-72.81134,6.06349],[-72.81115,6.06372],[-72.81143,6.06405],[-72.81118,6.06459],[-72.81167,6.06504],[-72.81089,6.06595],[-72.81085,6.06797],[-72.8113,6.06948],[-72.8126,6.07049],[-72.81224,6.07194],[-72.81219,6.07356],[-72.8126,6.07412],[-72.81225,6.07563],[-72.81328,6.07741],[-72.81309,6.07868],[-72.8133,6.07972],[-72.81409,6.08103],[-72.81417,6.08166],[-72.81274,6.08882],[-72.81203,6.0897],[-72.81148,6.09099],[-72.81041,6.0952],[-72.80805,6.09483],[-72.80674,6.09423],[-72.80572,6.09222],[-72.80503,6.09153],[-72.80405,6.0908],[-72.80203,6.09032],[-72.80138,6.09099],[-72.79993,6.09172],[-72.79883,6.09372],[-72.79781,6.09682],[-72.79622,6.09906],[-72.79492,6.09996],[-72.7918,6.09747],[-72.79039,6.09682],[-72.78901,6.09497],[-72.78751,6.09355],[-72.78333,6.09253],[-72.78287,6.09179],[-72.78249,6.08972],[-72.7809,6.0884],[-72.77924,6.08614],[-72.77693,6.08448],[-72.77391,6.08373],[-72.77064,6.08178],[-72.76827,6.0822],[-72.76349,6.08152],[-72.76036,6.08195],[-72.757,6.08176],[-72.75602,6.08125],[-72.75349,6.07906],[-72.75175,6.07831],[-72.75007,6.07771],[-72.74699,6.07721],[-72.74584,6.07656],[-72.74415,6.0766],[-72.74303,6.07542],[-72.74059,6.07392],[-72.73946,6.07358],[-72.74072,6.07263],[-72.73897,6.07116],[-72.73472,6.07096],[-72.73209,6.06886],[-72.73173,6.06935],[-72.73134,6.06877],[-72.73048,6.06846],[-72.72701,6.06834],[-72.7257,6.0688],[-72.72488,6.06831],[-72.72481,6.06797],[-72.724,6.06875],[-72.72257,6.06781],[-72.72143,6.06644],[-72.71906,6.06563],[-72.71861,6.0649],[-72.71857,6.06285],[-72.71829,6.06238],[-72.71804,6.06217],[-72.71696,6.06288],[-72.71629,6.06255],[-72.7157,6.05981],[-72.71498,6.05795],[-72.71681,6.05295],[-72.71683,6.04971],[-72.71577,6.04802],[-72.71595,6.04769],[-72.71547,6.04709],[-72.71598,6.04599],[-72.71769,6.04509],[-72.71814,6.04437],[-72.71977,6.03954],[-72.72003,6.03789],[-72.71976,6.03542],[-72.7189,6.03418],[-72.71797,6.03339],[-72.71859,6.03263],[-72.71801,6.03111],[-72.71817,6.03026],[-72.71965,6.02774],[-72.71657,6.02768],[-72.71479,6.02726],[-72.71384,6.02665],[-72.71249,6.02524],[-72.71229,6.02435],[-72.71128,6.02311],[-72.70726,6.02118],[-72.70439,6.01834],[-72.7027,6.01777],[-72.70161,6.01834],[-72.70167,6.01915],[-72.70126,6.02051],[-72.69919,6.02194],[-72.69769,6.02541],[-72.69389,6.02869],[-72.69199,6.02928],[-72.68897,6.03245],[-72.68801,6.03462],[-72.68769,6.03704],[-72.68651,6.03769],[-72.68427,6.03752],[-72.6832,6.03768],[-72.68147,6.0392],[-72.68024,6.04164],[-72.68039,6.04471],[-72.67947,6.04608],[-72.67864,6.04858],[-72.67707,6.04985],[-72.67498,6.04968],[-72.67322,6.05084],[-72.67189,6.05082],[-72.67043,6.05322],[-72.66889,6.05356],[-72.66717,6.05526],[-72.66255,6.05612],[-72.661,6.05592],[-72.66022,6.05622],[-72.65903,6.05786],[-72.65792,6.06075],[-72.65705,6.06196],[-72.65701,6.06311],[-72.65627,6.06718]]]}}]}